time,open,high,low,close,EMA10,EMA130,VWAP,Bull_window,Bear_window,Plot,Plot,Bullish,Bullish+,Bearish,Bearish+,Bullish Exit,Bearish Exit,Trend Strength,Take Profit,Stop Loss,Bar Color Value,Trend Tracer,Trend Catcher,Smart Trail,Smart Trail Extremity,RZ R3 Band,RZ R2 Band,RZ R1 Band,RZ S1 Band,RZ S2 Band,RZ S3 Band,Neo Lead,Neo Lag,Custom Alert Condition Highlighter,Bullish,Bullish+,Bearish,Bearish+,Bullish Exit,Bearish Exit,Trend Strength,Take Profit,Stop Loss,Bar Color Value,Trend Tracer,Trend Catcher,Smart Trail,Smart Trail Extremity,RZ R3 Band,RZ R2 Band,RZ R1 Band,RZ S1 Band,RZ S2 Band,RZ S3 Band,Neo Lead,Neo Lag,Custom Alert Condition Highlighter
2024-08-08T13:04:00-04:00,10.069147095565478,10.069147095565478,10,10.004999999999999,10.086090569790223,11.539313909546598,11.529285412356108,0,1,6911,7350,0,0,0,0,NaN,NaN,65.47792326181504,NaN,NaN,NaN,9.937558467873158,10.1761126465,NaN,NaN,NaN,NaN,NaN,NaN,NaN,NaN,NaN,NaN,1,0,0,0,0,NaN,NaN,65.47792326181504,NaN,NaN,NaN,9.937558467873158,10.1761126465,NaN,NaN,NaN,NaN,NaN,NaN,NaN,NaN,NaN,NaN,1
2024-08-08T13:07:00-04:00,10.03707354778274,10.03707354778274,10,10,10.070437738919273,11.515812933828329,11.523191185001536,0,0,6911,7351,0,0,0,0,NaN,NaN,63.93775590170492,NaN,NaN,NaN,9.937558467873158,10.1761126465,NaN,NaN,NaN,NaN,NaN,NaN,NaN,NaN,NaN,NaN,1,0,0,0,0,NaN,NaN,63.93775590170492,NaN,NaN,NaN,9.937558467873158,10.1761126465,NaN,NaN,NaN,NaN,NaN,NaN,NaN,NaN,NaN,NaN,1
2024-08-08T13:09:00-04:00,10.01853677389137,10.149,10,10.077275,10.071680877297586,11.493850522624843,11.50267736171753,0,0,6911,7352,0,0,0,0,NaN,NaN,62.06117655313839,NaN,NaN,NaN,9.937558467873158,10.1761126465,NaN,NaN,NaN,NaN,NaN,NaN,NaN,NaN,NaN,NaN,1,0,0,0,0,NaN,NaN,62.06117655313839,NaN,NaN,NaN,9.937558467873158,10.1761126465,NaN,NaN,NaN,NaN,NaN,NaN,NaN,NaN,NaN,NaN,1
2024-08-08T13:10:00-04:00,10.047905886945685,10.0686,10,10.0343,10.064884354152571,11.471567308538967,11.501031069562634,0,0,6911,7353,0,0,0,0,NaN,NaN,60.21366464935974,NaN,NaN,NaN,9.937558467873158,10.1761126465,NaN,NaN,NaN,NaN,NaN,NaN,NaN,NaN,NaN,NaN,1,0,0,0,0,NaN,NaN,60.21366464935974,NaN,NaN,NaN,9.937558467873158,10.1761126465,NaN,NaN,NaN,NaN,NaN,NaN,NaN,NaN,NaN,NaN,1
2024-08-08T13:13:00-04:00,10.041102943472843,10.041102943472843,10,10,10.053087198852104,11.449100632072723,11.499350051935762,0,1,6911,7354,0,0,0,0,NaN,NaN,58.25049742475126,NaN,NaN,NaN,9.937558467873158,10.1761126465,NaN,NaN,NaN,NaN,NaN,NaN,NaN,NaN,NaN,NaN,1,0,0,0,0,NaN,NaN,58.25049742475126,NaN,NaN,NaN,9.937558467873158,10.1761126465,NaN,NaN,NaN,NaN,NaN,NaN,NaN,NaN,NaN,NaN,1
2024-08-08T13:17:00-04:00,10.020551471736422,10.1104,10,10.0552,10.053471344515359,11.427819706392222,11.491508447686302,0,0,6911,7355,0,0,0,0,NaN,NaN,56.09817044847964,NaN,NaN,NaN,9.937558467873158,10.1761126465,NaN,NaN,NaN,NaN,NaN,NaN,NaN,NaN,NaN,NaN,1,0,0,0,0,NaN,NaN,56.09817044847964,NaN,NaN,NaN,9.937558467873158,10.1761126465,NaN,NaN,NaN,NaN,NaN,NaN,NaN,NaN,NaN,NaN,1
2024-08-08T13:25:00-04:00,10.03787573586821,10.15,10.03787573586821,10.0975,10.061476554603475,11.40750948186715,11.477520789801577,0,0,6911,7356,0,0,0,0,NaN,NaN,53.66939197840092,NaN,NaN,NaN,9.937558467873158,10.1761126465,NaN,NaN,NaN,NaN,NaN,NaN,NaN,NaN,NaN,NaN,1,0,0,0,0,NaN,NaN,53.66939197840092,NaN,NaN,NaN,9.937558467873158,10.1761126465,NaN,NaN,NaN,NaN,NaN,NaN,NaN,NaN,NaN,NaN,1
2024-08-08T13:28:00-04:00,10.067687867934104,10.21,10.067687867934104,10.1875,10.084389908311934,11.388883382907347,11.452962387304556,0,0,6911,7357,0,0,0,0,NaN,NaN,50.81112968202303,NaN,NaN,NaN,9.937558467873158,10.1761126465,NaN,NaN,NaN,NaN,NaN,NaN,NaN,NaN,NaN,NaN,1,0,0,0,0,NaN,NaN,50.81112968202303,NaN,NaN,NaN,9.937558467873158,10.1761126465,NaN,NaN,NaN,NaN,NaN,NaN,NaN,NaN,NaN,NaN,1
2024-08-08T13:30:00-04:00,10.127593933967052,10.21,10.127593933967052,10.21,10.107228106800674,11.370885163320976,11.445824187767851,0,0,6911,7358,0,0,0,0,NaN,NaN,47.831020327979864,NaN,NaN,NaN,9.937558467873158,10.1761126465,NaN,NaN,NaN,NaN,NaN,NaN,NaN,NaN,NaN,NaN,1,0,0,0,0,NaN,NaN,47.831020327979864,NaN,NaN,NaN,9.937558467873158,10.1761126465,NaN,NaN,NaN,NaN,NaN,NaN,NaN,NaN,NaN,NaN,1
2024-08-08T13:32:00-04:00,10.168796966983527,10.329,10.168796966983527,10.2918,10.140786632836916,11.354410580674854,11.441706095721592,0,0,6911,7359,0,0,0,0,NaN,NaN,44.440252187348925,NaN,NaN,NaN,9.937558467873158,10.1761126465,NaN,NaN,NaN,NaN,NaN,NaN,NaN,NaN,NaN,NaN,1,0,0,0,0,NaN,NaN,44.440252187348925,NaN,NaN,NaN,9.937558467873158,10.1761126465,NaN,NaN,NaN,NaN,NaN,NaN,NaN,NaN,NaN,NaN,1
2024-08-08T13:35:00-04:00,10.230298483491763,10.230298483491763,10.1259,10.1259,10.138079972321112,11.335654693946994,11.428100443699124,0,0,6911,7360,0,0,0,0,NaN,NaN,41.48297111352301,NaN,NaN,NaN,9.937558467873158,10.1761126465,NaN,NaN,NaN,NaN,NaN,NaN,NaN,NaN,NaN,NaN,1,0,0,0,0,NaN,NaN,41.48297111352301,NaN,NaN,NaN,9.937558467873158,10.1761126465,NaN,NaN,NaN,NaN,NaN,NaN,NaN,NaN,NaN,NaN,1
2024-08-08T13:38:00-04:00,10.178099241745882,10.2368,10.15,10.1934,10.148138159171818,11.318215690985971,11.425884931374517,0,0,6911,7361,0,0,0,0,NaN,NaN,38.212304921685174,NaN,NaN,NaN,9.937558467873158,10.1761126465,NaN,NaN,NaN,NaN,NaN,NaN,NaN,NaN,NaN,NaN,1,0,0,0,0,NaN,NaN,38.212304921685174,NaN,NaN,NaN,9.937558467873158,10.1761126465,NaN,NaN,NaN,NaN,NaN,NaN,NaN,NaN,NaN,NaN,1
2024-08-08T13:39:00-04:00,10.18574962087294,10.2366,10.18574962087294,10.2366,10.164222130231488,11.301702474329696,11.424627253944497,0,0,6911,7362,0,0,0,0,NaN,NaN,34.656755314270384,NaN,NaN,NaN,9.937558467873158,10.1761126465,NaN,NaN,NaN,NaN,NaN,NaN,NaN,NaN,NaN,NaN,1,0,0,0,0,NaN,NaN,34.656755314270384,NaN,NaN,NaN,9.937558467873158,10.1761126465,NaN,NaN,NaN,NaN,NaN,NaN,NaN,NaN,NaN,NaN,1
2024-08-08T13:42:00-04:00,10.21117481043647,10.25,10.21117481043647,10.25,10.179818106553036,11.285645948004053,11.424006493758714,0,0,6911,7363,0,0,0,0,NaN,NaN,30.974501709823375,NaN,NaN,NaN,9.937558467873158,10.1761126465,NaN,NaN,NaN,NaN,NaN,NaN,NaN,NaN,NaN,NaN,1,0,0,0,0,NaN,NaN,30.974501709823375,NaN,NaN,NaN,9.937558467873158,10.1761126465,NaN,NaN,NaN,NaN,NaN,NaN,NaN,NaN,NaN,NaN,1
2024-08-08T13:43:00-04:00,10.230587405218234,10.2359,10.230587405218234,10.2359,10.190014814452484,11.269619292309335,11.423378941787618,0,0,6911,7364,0,0,0,0,NaN,NaN,27.208654923401536,NaN,NaN,NaN,9.937558467873158,10.1761126465,NaN,NaN,NaN,NaN,NaN,NaN,NaN,NaN,NaN,NaN,1,0,0,0,0,NaN,NaN,27.208654923401536,NaN,NaN,NaN,9.937558467873158,10.1761126465,NaN,NaN,NaN,NaN,NaN,NaN,NaN,NaN,NaN,NaN,1
2024-08-08T13:44:00-04:00,10.233243702609117,10.265,10.225,10.25125,10.201148484552032,11.254071669525986,11.420907712123922,0,0,6911,7365,0,0,0,0,NaN,NaN,23.31129833430318,NaN,NaN,NaN,9.937558467873158,10.1761126465,NaN,NaN,NaN,NaN,NaN,NaN,NaN,NaN,NaN,NaN,1,0,0,0,0,NaN,NaN,23.31129833430318,NaN,NaN,NaN,9.937558467873158,10.1761126465,NaN,NaN,NaN,NaN,NaN,NaN,NaN,NaN,NaN,NaN,1
2024-08-08T13:45:00-04:00,10.242246851304559,10.242246851304559,10.23,10.23,10.20639421463348,11.238436987548491,11.420280337444153,0,0,6911,7366,0,0,0,0,NaN,NaN,19.44963329138665,NaN,NaN,NaN,9.937558467873158,10.1761126465,NaN,NaN,NaN,NaN,NaN,NaN,NaN,NaN,NaN,NaN,1,0,0,0,0,NaN,NaN,19.44963329138665,NaN,NaN,NaN,9.937558467873158,10.1761126465,NaN,NaN,NaN,NaN,NaN,NaN,NaN,NaN,NaN,NaN,1
2024-08-08T13:46:00-04:00,10.23612342565228,10.25,10.23612342565228,10.25,10.214322539245575,11.223346346517216,11.419664153951048,0,0,6911,7367,0,0,0,0,NaN,NaN,15.66746398347432,NaN,NaN,NaN,9.937558467873158,10.1761126465,NaN,NaN,NaN,NaN,NaN,NaN,NaN,NaN,NaN,NaN,1,0,0,0,0,NaN,NaN,15.66746398347432,NaN,NaN,NaN,9.937558467873158,10.1761126465,NaN,NaN,NaN,NaN,NaN,NaN,NaN,NaN,NaN,NaN,1
2024-08-08T13:47:00-04:00,10.24306171282614,10.2689,10.24306171282614,10.2595,10.222536623019106,11.208631135120006,11.417225861031708,0,0,6911,7368,0,0,0,0,NaN,NaN,11.76544425059842,NaN,NaN,NaN,9.937558467873158,10.1761126465,NaN,NaN,NaN,NaN,NaN,NaN,NaN,NaN,NaN,NaN,1,0,0,0,0,NaN,NaN,11.76544425059842,NaN,NaN,NaN,9.937558467873158,10.1761126465,NaN,NaN,NaN,NaN,NaN,NaN,NaN,NaN,NaN,NaN,1
2024-08-08T13:51:00-04:00,10.25128085641307,10.33,10.25128085641307,10.32,10.240257237015632,11.195064247560921,11.41435089283842,0,0,6911,7369,0,0,0,0,NaN,NaN,8.320890752654513,NaN,NaN,NaN,9.937558467873158,10.1761126465,NaN,NaN,NaN,NaN,NaN,NaN,NaN,NaN,NaN,NaN,1,0,0,0,0,NaN,NaN,8.320890752654513,NaN,NaN,NaN,9.937558467873158,10.1761126465,NaN,NaN,NaN,NaN,NaN,NaN,NaN,NaN,NaN,NaN,1
2024-08-08T13:52:00-04:00,10.285640428206534,10.37,10.285640428206534,10.36,10.262028648467336,11.182315175079076,11.412145414670746,0,0,6911,7370,0,0,0,0,NaN,NaN,4.944342345829854,NaN,NaN,NaN,9.937558467873158,10.1761126465,NaN,NaN,NaN,NaN,NaN,NaN,NaN,NaN,NaN,NaN,1,0,0,0,0,NaN,NaN,4.944342345829854,NaN,NaN,NaN,9.937558467873158,10.1761126465,NaN,NaN,NaN,NaN,NaN,NaN,NaN,NaN,NaN,NaN,1
2024-08-08T13:54:00-04:00,10.322820214103267,10.36,10.322820214103267,10.355,10.278932530564184,11.169684409047335,11.411040908010483,0,0,6911,7371,0,0,0,0,NaN,NaN,2.1374250776645285,NaN,NaN,NaN,9.937558467873158,10.1761126465,NaN,NaN,NaN,NaN,NaN,NaN,NaN,NaN,NaN,NaN,1,0,0,0,0,NaN,NaN,2.1374250776645285,NaN,NaN,NaN,9.937558467873158,10.1761126465,NaN,NaN,NaN,NaN,NaN,NaN,NaN,NaN,NaN,NaN,1
2024-08-08T14:04:00-04:00,10.338910107051634,10.4311,10.338910107051634,10.4311,10.306599343188878,11.158408311199285,11.410018133297493,0,0,6911,7372,0,0,0,0,NaN,NaN,0.27634539515704903,NaN,NaN,NaN,9.937558467873158,10.1761126465,NaN,NaN,NaN,NaN,NaN,NaN,NaN,NaN,NaN,NaN,1,0,0,0,0,NaN,NaN,0.27634539515704903,NaN,NaN,NaN,9.937558467873158,10.1761126465,NaN,NaN,NaN,NaN,NaN,NaN,NaN,NaN,NaN,NaN,1
2024-08-08T14:06:00-04:00,10.385005053525816,10.4624,10.385005053525816,10.4312,10.329254008063629,11.14730589423441,11.408223409045917,0,0,6911,7373,0,0,0,0,NaN,NaN,0.38968194220193125,NaN,NaN,NaN,9.937558467873158,10.1761126465,NaN,NaN,NaN,NaN,NaN,NaN,NaN,NaN,NaN,NaN,1,0,0,0,0,NaN,NaN,0.38968194220193125,NaN,NaN,NaN,9.937558467873158,10.1761126465,NaN,NaN,NaN,NaN,NaN,NaN,NaN,NaN,NaN,NaN,1
2024-08-08T14:08:00-04:00,10.408102526762908,10.6,10.408102526762908,10.554974999999999,10.370294188415697,11.138262674475106,11.400341145634417,0,0,6911,7374,0,0,0,0,NaN,NaN,4.7213140405201175,NaN,NaN,NaN,9.937558467873158,10.257973883315,NaN,NaN,NaN,NaN,NaN,NaN,NaN,NaN,NaN,NaN,1,0,0,0,0,NaN,NaN,4.7213140405201175,NaN,NaN,NaN,9.937558467873158,10.257973883315,NaN,NaN,NaN,NaN,NaN,NaN,NaN,NaN,NaN,NaN,1
2024-08-08T14:09:00-04:00,10.481538763381455,10.64,10.481538763381455,10.64,10.419331608703752,11.13065561074266,11.399557151382194,0,0,6911,7375,0,0,0,0,NaN,NaN,10.469178642112496,NaN,NaN,NaN,9.937558467873158,10.3412280173172,NaN,NaN,NaN,NaN,NaN,NaN,NaN,NaN,NaN,NaN,1,0,0,0,0,NaN,NaN,10.469178642112496,NaN,NaN,NaN,9.937558467873158,10.3412280173172,NaN,NaN,NaN,NaN,NaN,NaN,NaN,NaN,NaN,NaN,1
2024-08-08T14:10:00-04:00,10.560769381690728,10.89,10.560769381690728,10.870000000000001,10.501271316212161,11.12667613576949,11.397122180953694,0,0,6911,7376,0,0,0,0,NaN,NaN,16.338727999299685,NaN,NaN,NaN,9.937558467873158,10.51829381471962,NaN,NaN,NaN,NaN,NaN,NaN,NaN,NaN,NaN,NaN,1,0,0,0,0,NaN,NaN,16.338727999299685,NaN,NaN,NaN,9.937558467873158,10.51829381471962,NaN,NaN,NaN,NaN,NaN,NaN,NaN,NaN,NaN,NaN,1
2024-08-08T14:11:00-04:00,10.715384690845365,10.8773,10.715384690845365,10.8773,10.56964016780995,11.1228688665211,11.39633375636663,0,0,6911,7377,0,0,0,0,NaN,NaN,19.700451898299473,NaN,NaN,NaN,10.461509686854223,10.585907928070089,NaN,NaN,NaN,NaN,NaN,NaN,NaN,NaN,NaN,NaN,1,0,0,0,0,NaN,NaN,19.700451898299473,NaN,NaN,NaN,10.461509686854223,10.585907928070089,NaN,NaN,NaN,NaN,NaN,NaN,NaN,NaN,NaN,NaN,1
2024-08-08T14:12:00-04:00,10.796342345422683,10.88,10.796342345422683,10.850825000000002,10.620764682753597,11.118715525047497,11.39410671279049,0,0,6911,7378,0,0,0,0,NaN,NaN,26.652409256078215,NaN,NaN,NaN,10.479850623175079,10.585907928070089,NaN,NaN,NaN,NaN,NaN,NaN,NaN,NaN,NaN,NaN,1,0,0,0,0,NaN,NaN,26.652409256078215,NaN,NaN,NaN,10.479850623175079,10.585907928070089,NaN,NaN,NaN,NaN,NaN,NaN,NaN,NaN,NaN,NaN,1
2024-08-08T14:14:00-04:00,10.823583672711344,10.823583672711344,10.52,10.52,10.602443831343852,11.109574830008604,11.392992962697745,0,0,6911,7379,0,0,0,0,NaN,NaN,34.94270760485597,NaN,NaN,NaN,10.479850623175079,10.585907928070089,NaN,NaN,NaN,NaN,NaN,NaN,NaN,NaN,NaN,NaN,1,0,0,0,0,NaN,NaN,34.94270760485597,NaN,NaN,NaN,10.479850623175079,10.585907928070089,NaN,NaN,NaN,NaN,NaN,NaN,NaN,NaN,NaN,NaN,1
2024-08-08T14:16:00-04:00,10.671791836355672,10.8899,10.671791836355672,10.86495,10.650172225644969,11.105840099779465,11.392455262642047,0,0,6911,7380,0,0,0,0,NaN,NaN,43.86897853594486,NaN,NaN,NaN,10.479850623175079,10.585907928070089,NaN,NaN,NaN,NaN,NaN,NaN,NaN,NaN,NaN,NaN,1,0,0,0,0,NaN,NaN,43.86897853594486,NaN,NaN,NaN,10.479850623175079,10.585907928070089,NaN,NaN,NaN,NaN,NaN,NaN,NaN,NaN,NaN,NaN,1
2024-08-08T14:18:00-04:00,10.768370918177837,10.768370918177837,10.63,10.665000000000001,10.652868184618612,11.099109716576725,11.390976755136982,0,0,6911,7381,0,0,0,0,NaN,NaN,50.364384278695994,NaN,NaN,NaN,10.479850623175079,10.585907928070089,NaN,NaN,NaN,NaN,NaN,NaN,NaN,NaN,NaN,NaN,1,0,0,0,0,NaN,NaN,50.364384278695994,NaN,NaN,NaN,10.479850623175079,10.585907928070089,NaN,NaN,NaN,NaN,NaN,NaN,NaN,NaN,NaN,NaN,1
2024-08-08T14:24:00-04:00,10.716685459088918,10.716685459088918,10.66,10.66,10.654164878324318,11.09240575143815,11.390605527581405,0,0,6911,7382,0,0,0,0,NaN,NaN,55.75025914455453,NaN,NaN,NaN,10.479850623175079,10.585907928070089,NaN,NaN,NaN,NaN,NaN,NaN,NaN,NaN,NaN,NaN,1,0,0,0,0,NaN,NaN,55.75025914455453,NaN,NaN,NaN,10.479850623175079,10.585907928070089,NaN,NaN,NaN,NaN,NaN,NaN,NaN,NaN,NaN,NaN,1
2024-08-08T14:27:00-04:00,10.688342729544459,10.8,10.688342729544459,10.8,10.680680354992624,11.08794154149253,11.390006256595365,0,0,6911,7383,0,0,0,0,NaN,NaN,62.56166086317821,NaN,NaN,NaN,10.479850623175079,10.585907928070089,NaN,NaN,NaN,NaN,NaN,NaN,NaN,NaN,NaN,NaN,1,0,0,0,0,NaN,NaN,62.56166086317821,NaN,NaN,NaN,10.479850623175079,10.585907928070089,NaN,NaN,NaN,NaN,NaN,NaN,NaN,NaN,NaN,NaN,1
2024-08-08T14:28:00-04:00,10.74417136477223,10.74417136477223,10,10.33625,10.618056654084874,11.076465334752186,11.345368280036142,0,0,6911,7384,0,0,0,0,NaN,NaN,61.81957845306485,NaN,NaN,NaN,10.479850623175079,10.585907928070089,NaN,NaN,NaN,NaN,NaN,NaN,NaN,NaN,NaN,NaN,1,0,0,0,0,NaN,NaN,61.81957845306485,NaN,NaN,NaN,10.479850623175079,10.585907928070089,NaN,NaN,NaN,NaN,NaN,NaN,NaN,NaN,NaN,NaN,1
2024-08-08T14:29:00-04:00,10.540210682386114,10.540210682386114,9.52,9.970075,10.500241807887624,11.059573879259785,11.272276168230745,0,0,6911,7385,0,0,0,0,NaN,NaN,56.37280953739796,NaN,NaN,NaN,10.479850623175079,10.328428875,NaN,NaN,NaN,NaN,NaN,NaN,NaN,NaN,NaN,NaN,1,0,0,0,0,NaN,NaN,56.37280953739796,NaN,NaN,NaN,10.479850623175079,10.328428875,NaN,NaN,NaN,NaN,NaN,NaN,NaN,NaN,NaN,NaN,1
2024-08-08T14:30:00-04:00,10.255142841193056,10.255142841193056,9.5882,9.7791,10.36912511554442,11.040024659729102,11.263929212221296,0,0,6911,7386,0,0,0,0,NaN,NaN,47.29065907496274,NaN,NaN,NaN,10.479850623175079,10.219326133749998,NaN,NaN,NaN,NaN,NaN,NaN,NaN,NaN,NaN,NaN,1,0,0,0,0,NaN,NaN,47.29065907496274,NaN,NaN,NaN,10.479850623175079,10.219326133749998,NaN,NaN,NaN,NaN,NaN,NaN,NaN,NaN,NaN,NaN,1
2024-08-08T14:31:00-04:00,10.017121420596528,10.017121420596528,9.6,9.6,10.229284185445435,11.01803955042026,11.2608900998621,0,0,6911,7387,0,0,0,0,NaN,NaN,36.90525059109302,NaN,NaN,NaN,10.479850623175079,10.097989565725,NaN,NaN,NaN,NaN,NaN,NaN,NaN,NaN,NaN,NaN,1,0,0,0,0,NaN,NaN,36.90525059109302,NaN,NaN,NaN,10.479850623175079,10.097989565725,NaN,NaN,NaN,NaN,NaN,NaN,NaN,NaN,NaN,NaN,1
2024-08-08T14:42:00-04:00,9.808560710298263,9.89,9.808560710298263,9.89,10.167596151728084,11.000817572551249,11.260201876894007,0,0,6911,7388,0,0,0,0,NaN,NaN,30.49989759656288,NaN,NaN,NaN,10.479850623175079,10.097989565725,NaN,NaN,NaN,NaN,NaN,NaN,NaN,NaN,NaN,NaN,1,0,0,0,0,NaN,NaN,30.49989759656288,NaN,NaN,NaN,10.479850623175079,10.097989565725,NaN,NaN,NaN,NaN,NaN,NaN,NaN,NaN,NaN,NaN,1
2024-08-08T14:43:00-04:00,9.849280355149132,9.87,9.849280355149132,9.864424999999999,10.11247412414116,10.983468067626802,11.254492192016796,0,0,6911,7389,0,0,0,0,NaN,NaN,24.304561760177688,NaN,NaN,NaN,10.479850623175079,10.097989565725,NaN,NaN,NaN,NaN,NaN,NaN,NaN,NaN,NaN,NaN,1,0,0,0,0,NaN,NaN,24.304561760177688,NaN,NaN,NaN,10.479850623175079,10.097989565725,NaN,NaN,NaN,NaN,NaN,NaN,NaN,NaN,NaN,NaN,1
2024-08-08T14:45:00-04:00,9.856852677574565,10,9.856852677574565,9.99,10.09020610157004,10.968300616212652,11.24764412164911,0,0,6911,7390,0,0,0,0,NaN,NaN,19.380275278322532,NaN,NaN,NaN,10.479850623175079,10.097989565725,NaN,NaN,NaN,NaN,NaN,NaN,NaN,NaN,NaN,NaN,1,0,0,0,0,NaN,NaN,19.380275278322532,NaN,NaN,NaN,10.479850623175079,10.097989565725,NaN,NaN,NaN,NaN,NaN,NaN,NaN,NaN,NaN,NaN,1
2024-08-08T14:46:00-04:00,9.923426338787284,10.12,9.923426338787284,10.0425,10.081532264920941,10.954166255659787,11.238732269651525,0,0,6911,7391,0,0,0,0,NaN,NaN,15.146623436909856,NaN,NaN,NaN,10.479850623175079,10.097989565725,NaN,NaN,NaN,NaN,NaN,NaN,NaN,NaN,NaN,NaN,1,0,0,0,0,NaN,NaN,15.146623436909856,NaN,NaN,NaN,10.479850623175079,10.097989565725,NaN,NaN,NaN,NaN,NaN,NaN,NaN,NaN,NaN,NaN,1
2024-08-08T14:47:00-04:00,9.982963169393642,10.01,9.982963169393642,10.01,10.068526398571679,10.939751503664981,11.237212420115263,0,0,6911,7392,0,0,0,0,NaN,NaN,11.182778355666079,NaN,NaN,NaN,10.479850623175079,10.097989565725,NaN,NaN,NaN,NaN,NaN,NaN,NaN,NaN,NaN,NaN,1,0,0,0,0,NaN,NaN,11.182778355666079,NaN,NaN,NaN,10.479850623175079,10.097989565725,NaN,NaN,NaN,NaN,NaN,NaN,NaN,NaN,NaN,NaN,1
2024-08-08T14:49:00-04:00,9.99648158469682,10.5,9.99648158469682,10.421,10.132612507922282,10.93183163338002,11.233788374153178,0,0,6911,7393,0,0,0,0,NaN,NaN,9.408079525702535,NaN,NaN,NaN,10.479850623175079,10.097989565725,NaN,NaN,NaN,NaN,NaN,NaN,NaN,NaN,NaN,NaN,1,0,0,0,0,NaN,NaN,9.408079525702535,NaN,NaN,NaN,10.479850623175079,10.097989565725,NaN,NaN,NaN,NaN,NaN,NaN,NaN,NaN,NaN,NaN,1
2024-08-08T14:51:00-04:00,10.20874079234841,10.6783,10.20874079234841,10.549150000000001,10.208346597390959,10.925989165694828,11.232440540763239,0,0,6911,7394,0,0,0,0,NaN,NaN,8.463648740455248,NaN,NaN,NaN,10.479850623175079,10.097989565725,NaN,NaN,NaN,NaN,NaN,NaN,NaN,NaN,NaN,NaN,1,0,0,0,0,NaN,NaN,8.463648740455248,NaN,NaN,NaN,10.479850623175079,10.097989565725,NaN,NaN,NaN,NaN,NaN,NaN,NaN,NaN,NaN,NaN,1
2024-08-08T15:00:00-04:00,10.378945396174206,10.378945396174206,10.02,10.02,10.174101761501694,10.912157270035365,11.231900757069841,0,0,6911,7395,0,0,0,0,NaN,NaN,5.132518531700718,NaN,NaN,NaN,10.479850623175079,10.097989565725,NaN,NaN,NaN,NaN,NaN,NaN,NaN,NaN,NaN,NaN,1,0,0,0,0,NaN,NaN,5.132518531700718,NaN,NaN,NaN,10.479850623175079,10.097989565725,NaN,NaN,NaN,NaN,NaN,NaN,NaN,NaN,NaN,NaN,1
2024-08-08T15:01:00-04:00,10.199472698087103,10.5,10.199472698087103,10.455,10.225174168501386,10.905177769729482,11.22590487601772,0,0,6911,7396,0,0,0,0,NaN,NaN,4.082974068861849,NaN,NaN,NaN,10.479850623175079,10.097989565725,NaN,NaN,NaN,NaN,NaN,NaN,NaN,NaN,NaN,NaN,1,0,0,0,0,NaN,NaN,4.082974068861849,NaN,NaN,NaN,10.479850623175079,10.097989565725,NaN,NaN,NaN,NaN,NaN,NaN,NaN,NaN,NaN,NaN,1
2024-08-08T15:02:00-04:00,10.327236349043552,10.327236349043552,10.235,10.235,10.226960683319316,10.894946048054223,11.224593363054398,0,0,6911,7397,0,0,0,0,NaN,NaN,2.784214305291859,NaN,NaN,NaN,10.479850623175079,10.097989565725,NaN,NaN,NaN,NaN,NaN,NaN,NaN,NaN,NaN,NaN,1,0,0,0,0,NaN,NaN,2.784214305291859,NaN,NaN,NaN,10.479850623175079,10.097989565725,NaN,NaN,NaN,NaN,NaN,NaN,NaN,NaN,NaN,NaN,1
2024-08-08T15:03:00-04:00,10.281118174521776,10.281118174521776,10.165,10.16875,10.216376922715805,10.88385908548851,11.221259331034691,0,0,6911,7398,0,0,0,0,NaN,NaN,2.447042539264872,NaN,NaN,NaN,10.479850623175079,10.097989565725,NaN,NaN,NaN,NaN,NaN,NaN,NaN,NaN,NaN,NaN,1,0,0,0,0,NaN,NaN,2.447042539264872,NaN,NaN,NaN,10.479850623175079,10.097989565725,NaN,NaN,NaN,NaN,NaN,NaN,NaN,NaN,NaN,NaN,1
2024-08-08T15:13:00-04:00,10.224934087260888,10.224934087260888,10.03,10.03,10.182490209494748,10.870823068916167,11.220735656824083,0,0,6911,7399,0,0,0,0,NaN,NaN,1.4582704908745237,NaN,NaN,NaN,10.479850623175079,10.097989565725,NaN,NaN,NaN,NaN,NaN,NaN,NaN,NaN,NaN,NaN,1,0,0,0,0,NaN,NaN,1.4582704908745237,NaN,NaN,NaN,10.479850623175079,10.097989565725,NaN,NaN,NaN,NaN,NaN,NaN,NaN,NaN,NaN,NaN,1
2024-08-08T15:17:00-04:00,10.127467043630443,10.16,10.127467043630443,10.16,10.178401080495703,10.859970808322027,11.213156923288432,0,0,6911,7400,0,0,0,0,NaN,NaN,1.5937875974683036,NaN,NaN,NaN,10.479850623175079,10.097989565725,NaN,NaN,NaN,NaN,NaN,NaN,NaN,NaN,NaN,NaN,1,0,0,0,0,NaN,NaN,1.5937875974683036,NaN,NaN,NaN,10.479850623175079,10.097989565725,NaN,NaN,NaN,NaN,NaN,NaN,NaN,NaN,NaN,NaN,1
2024-08-08T15:18:00-04:00,10.143733521815221,10.22,10.143733521815221,10.190000000000001,10.18050997495103,10.849742246362911,11.210440120272667,0,0,6911,7401,0,0,0,0,NaN,NaN,1.1225902886419128,NaN,NaN,NaN,10.479850623175079,10.097989565725,NaN,NaN,NaN,NaN,NaN,NaN,NaN,NaN,NaN,NaN,1,0,0,0,0,NaN,NaN,1.1225902886419128,NaN,NaN,NaN,10.479850623175079,10.097989565725,NaN,NaN,NaN,NaN,NaN,NaN,NaN,NaN,NaN,NaN,1
2024-08-08T15:19:00-04:00,10.166866760907611,10.166866760907611,10.03,10.09505,10.164971797687206,10.83822022733447,11.206328359383805,0,0,6911,7402,0,0,0,0,NaN,NaN,0.789763140996444,NaN,NaN,NaN,10.479850623175079,10.097989565725,NaN,NaN,NaN,NaN,NaN,NaN,NaN,NaN,NaN,NaN,1,0,0,0,0,NaN,NaN,0.789763140996444,NaN,NaN,NaN,10.479850623175079,10.097989565725,NaN,NaN,NaN,NaN,NaN,NaN,NaN,NaN,NaN,NaN,1
2024-08-08T15:22:00-04:00,10.130958380453805,10.130958380453805,10,10.015,10.137704198107715,10.825651979588905,11.194040825002892,0,1,6911,7403,0,0,0,0,NaN,NaN,0.7324169221327466,NaN,NaN,NaN,10.479850623175079,10.097989565725,NaN,NaN,NaN,NaN,NaN,NaN,NaN,NaN,NaN,NaN,1,0,0,0,0,NaN,NaN,0.7324169221327466,NaN,NaN,NaN,10.479850623175079,10.097989565725,NaN,NaN,NaN,NaN,NaN,NaN,NaN,NaN,NaN,NaN,1
2024-08-08T15:23:00-04:00,10.072979190226903,10.072979190226903,10,10.004999999999999,10.11357616208813,10.813122941732585,11.186938469628506,0,0,6911,7404,0,0,0,0,NaN,NaN,0.7074120298301715,NaN,NaN,NaN,10.479850623175079,10.097989565725,NaN,NaN,NaN,NaN,NaN,NaN,NaN,NaN,NaN,NaN,1,0,0,0,0,NaN,NaN,0.7074120298301715,NaN,NaN,NaN,10.479850623175079,10.097989565725,NaN,NaN,NaN,NaN,NaN,NaN,NaN,NaN,NaN,NaN,1
2024-08-08T15:24:00-04:00,10.038989595113451,10.07,10,10.02,10.096562314435742,10.80101419453056,11.170746197392276,0,0,6911,7405,0,0,0,0,NaN,NaN,0.6464114128070886,NaN,NaN,NaN,10.479850623175079,10.097989565725,NaN,NaN,NaN,NaN,NaN,NaN,NaN,NaN,NaN,NaN,1,0,0,0,0,NaN,NaN,0.6464114128070886,NaN,NaN,NaN,10.479850623175079,10.097989565725,NaN,NaN,NaN,NaN,NaN,NaN,NaN,NaN,NaN,NaN,1
2024-08-08T15:27:00-04:00,10.029494797556726,10.029494797556726,10.01,10.01,10.080823711811062,10.788937641942308,11.169770284262162,0,0,6911,7406,0,0,0,0,NaN,NaN,0.40632435589349974,NaN,NaN,NaN,10.479850623175079,10.097989565725,NaN,NaN,NaN,NaN,NaN,NaN,NaN,NaN,NaN,NaN,1,0,0,0,0,NaN,NaN,0.40632435589349974,NaN,NaN,NaN,10.479850623175079,10.097989565725,NaN,NaN,NaN,NaN,NaN,NaN,NaN,NaN,NaN,NaN,1
2024-08-08T15:28:00-04:00,10.019747398778364,10.0605,10.019747398778364,10.0605,10.077128491481778,10.777816456569143,11.16930416318246,0,0,6911,7407,0,0,0,0,NaN,NaN,0.4099299883915912,NaN,NaN,NaN,10.479850623175079,10.097989565725,NaN,NaN,NaN,NaN,NaN,NaN,NaN,NaN,NaN,NaN,1,0,0,0,0,NaN,NaN,0.4099299883915912,NaN,NaN,NaN,10.479850623175079,10.097989565725,NaN,NaN,NaN,NaN,NaN,NaN,NaN,NaN,NaN,NaN,1
2024-08-08T15:30:00-04:00,10.04012369938918,10.04012369938918,10,10.004999999999999,10.064014220303273,10.76601773204137,11.166677953563052,0,0,6911,7408,0,0,0,0,NaN,NaN,0.281664081215998,NaN,NaN,NaN,10.479850623175079,10.097989565725,NaN,NaN,NaN,NaN,NaN,NaN,NaN,NaN,NaN,NaN,1,0,0,0,0,NaN,NaN,0.281664081215998,NaN,NaN,NaN,10.479850623175079,10.097989565725,NaN,NaN,NaN,NaN,NaN,NaN,NaN,NaN,NaN,NaN,1
2024-08-08T15:32:00-04:00,10.02256184969459,10.02256184969459,10,10.00625,10.053511634793587,10.75441822468196,11.1354323667881,0,0,6911,7409,0,0,0,0,NaN,NaN,0.043717750428196034,NaN,NaN,NaN,10.479850623175079,10.097989565725,NaN,NaN,NaN,NaN,NaN,NaN,NaN,NaN,NaN,NaN,1,0,0,0,0,NaN,NaN,0.043717750428196034,NaN,NaN,NaN,10.479850623175079,10.097989565725,NaN,NaN,NaN,NaN,NaN,NaN,NaN,NaN,NaN,NaN,1
2024-08-08T15:33:00-04:00,10.014405924847296,10.014405924847296,10,10.00375,10.044464064831116,10.742957641099029,11.122651030183484,0,0,6911,7410,0,0,0,0,NaN,NaN,0.014214652410690927,NaN,NaN,NaN,10.479850623175079,10.097989565725,NaN,NaN,NaN,NaN,NaN,NaN,NaN,NaN,NaN,NaN,1,0,0,0,0,NaN,NaN,0.014214652410690927,NaN,NaN,NaN,10.479850623175079,10.097989565725,NaN,NaN,NaN,NaN,NaN,NaN,NaN,NaN,NaN,NaN,1
2024-08-08T15:34:00-04:00,10.009077962423648,10.01,10,10.00375,10.037061507589096,10.731672028257822,11.118155953390081,0,0,6911,7411,0,0,0,0,NaN,NaN,0.10009394341484511,NaN,NaN,NaN,10.479850623175079,10.097989565725,NaN,NaN,NaN,NaN,NaN,NaN,NaN,NaN,NaN,NaN,1,0,0,0,0,NaN,NaN,0.10009394341484511,NaN,NaN,NaN,10.479850623175079,10.097989565725,NaN,NaN,NaN,NaN,NaN,NaN,NaN,NaN,NaN,NaN,1
2024-08-08T15:35:00-04:00,10.006413981211825,10.01,10,10.004999999999999,10.031232142572897,10.720577798818772,11.115034334400296,0,0,6911,7412,0,0,0,0,NaN,NaN,0.21269782805392307,NaN,NaN,NaN,10.479850623175079,10.097989565725,NaN,NaN,NaN,NaN,NaN,NaN,NaN,NaN,NaN,NaN,1,0,0,0,0,NaN,NaN,0.21269782805392307,NaN,NaN,NaN,10.479850623175079,10.097989565725,NaN,NaN,NaN,NaN,NaN,NaN,NaN,NaN,NaN,NaN,1
2024-08-08T15:36:00-04:00,10.005706990605912,10.005706990605912,10,10,10.025553571196006,10.709576611050545,11.114587815206809,0,0,6911,7413,0,0,0,0,NaN,NaN,0.5553737802247731,NaN,NaN,NaN,10.479850623175079,10.097989565725,NaN,NaN,NaN,NaN,NaN,NaN,NaN,NaN,NaN,NaN,1,0,0,0,0,NaN,NaN,0.5553737802247731,NaN,NaN,NaN,10.479850623175079,10.097989565725,NaN,NaN,NaN,NaN,NaN,NaN,NaN,NaN,NaN,NaN,1
2024-08-08T15:38:00-04:00,10.002853495302956,10.04,10,10.02,10.024543830978551,10.699048723858935,11.111297103245892,0,0,6911,7414,0,0,0,0,NaN,NaN,1.1744332583097654,NaN,NaN,NaN,10.479850623175079,10.097989565725,NaN,NaN,NaN,NaN,NaN,NaN,NaN,NaN,NaN,NaN,1,0,0,0,0,NaN,NaN,1.1744332583097654,NaN,NaN,NaN,10.479850623175079,10.097989565725,NaN,NaN,NaN,NaN,NaN,NaN,NaN,NaN,NaN,NaN,1
2024-08-08T15:40:00-04:00,10.011426747651477,10.5,10.011426747651477,10.4625,10.104172225346087,10.695437292960325,11.109246889526549,0,0,6911,7415,0,0,0,0,NaN,NaN,1.0834442372057138,NaN,NaN,NaN,10.479850623175079,10.097989565725,NaN,NaN,NaN,NaN,NaN,NaN,NaN,NaN,NaN,NaN,1,0,0,0,0,NaN,NaN,1.0834442372057138,NaN,NaN,NaN,10.479850623175079,10.097989565725,NaN,NaN,NaN,NaN,NaN,NaN,NaN,NaN,NaN,NaN,1
2024-08-08T15:43:00-04:00,10.236963373825738,10.29,10.2,10.233749999999999,10.127731820737708,10.688388631999098,11.10785535654682,0,0,6911,7416,0,0,0,0,NaN,NaN,1.2756727929622238,NaN,NaN,NaN,10.479850623175079,10.097989565725,NaN,NaN,NaN,NaN,NaN,NaN,NaN,NaN,NaN,NaN,1,0,0,0,0,NaN,NaN,1.2756727929622238,NaN,NaN,NaN,10.479850623175079,10.097989565725,NaN,NaN,NaN,NaN,NaN,NaN,NaN,NaN,NaN,NaN,1
2024-08-08T15:48:00-04:00,10.23535668691287,10.3,10.23535668691287,10.3,10.159053307876306,10.682459034563998,11.107220265264306,0,0,6911,7417,0,0,0,0,NaN,NaN,1.0952620954786778,NaN,NaN,NaN,10.479850623175079,10.097989565725,NaN,NaN,NaN,NaN,NaN,NaN,NaN,NaN,NaN,NaN,1,0,0,0,0,NaN,NaN,1.0952620954786778,NaN,NaN,NaN,10.479850623175079,10.097989565725,NaN,NaN,NaN,NaN,NaN,NaN,NaN,NaN,NaN,NaN,1
2024-08-08T15:51:00-04:00,10.267678343456435,10.48,10.267678343456435,10.48,10.217407251898797,10.679368056937067,11.106846937645821,0,0,6911,7418,0,0,0,0,NaN,NaN,0.8306216310247645,NaN,NaN,NaN,10.479850623175079,10.097989565725,NaN,NaN,NaN,NaN,NaN,NaN,NaN,NaN,NaN,NaN,1,0,0,0,0,NaN,NaN,0.8306216310247645,NaN,NaN,NaN,10.479850623175079,10.097989565725,NaN,NaN,NaN,NaN,NaN,NaN,NaN,NaN,NaN,NaN,1
2024-08-08T15:55:00-04:00,10.373839171728218,10.373839171728218,10.05,10.175,10.209696842462652,10.671667781258638,11.10499441793326,0,0,6911,7419,0,0,0,0,NaN,NaN,1.1415889534887258,NaN,NaN,NaN,10.479850623175079,10.097989565725,NaN,NaN,NaN,NaN,NaN,NaN,NaN,NaN,NaN,NaN,1,0,0,0,0,NaN,NaN,1.1415889534887258,NaN,NaN,NaN,10.479850623175079,10.097989565725,NaN,NaN,NaN,NaN,NaN,NaN,NaN,NaN,NaN,NaN,1
2024-08-08T15:59:00-04:00,10.27441958586411,10.27441958586411,10.08,10.08,10.186115598378533,10.662634685361558,11.104406177694042,0,0,6911,7420,0,0,0,0,NaN,NaN,1.7128214033352236,NaN,NaN,NaN,10.479850623175079,10.097989565725,NaN,NaN,NaN,NaN,NaN,NaN,NaN,NaN,NaN,NaN,1,0,0,0,0,NaN,NaN,1.7128214033352236,NaN,NaN,NaN,10.479850623175079,10.097989565725,NaN,NaN,NaN,NaN,NaN,NaN,NaN,NaN,NaN,NaN,1
2024-08-08T16:00:00-04:00,10.177209792932054,10.2,10.177209792932054,10.2,10.188640035036983,10.655571560394206,11.103294305451236,0,0,6911,7421,0,0,0,0,NaN,NaN,2.245758788993192,NaN,NaN,NaN,10.479850623175079,10.097989565725,NaN,NaN,NaN,NaN,NaN,NaN,NaN,NaN,NaN,NaN,1,0,0,0,0,NaN,NaN,2.245758788993192,NaN,NaN,NaN,10.479850623175079,10.097989565725,NaN,NaN,NaN,NaN,NaN,NaN,NaN,NaN,NaN,NaN,1
2024-08-08T16:29:00-04:00,10.188604896466027,10.71,10.188604896466027,10.71,10.28343275593935,10.656402528937805,11.10313889615521,0,0,6911,7422,0,0,0,0,NaN,NaN,1.549301443889093,NaN,NaN,NaN,10.479850623175079,10.20495,NaN,NaN,NaN,NaN,NaN,NaN,NaN,NaN,NaN,NaN,1,0,0,0,0,NaN,NaN,1.549301443889093,NaN,NaN,NaN,10.479850623175079,10.20495,NaN,NaN,NaN,NaN,NaN,NaN,NaN,NaN,NaN,NaN,1
2024-08-09T09:17:00-04:00,10.449302448233013,10.71,10.449302448233013,10.655000000000001,10.35099043667765,10.656381116282267,10.655000000000001,0,0,6911,7423,0,0,0,0,NaN,NaN,1.1544733358500092,NaN,NaN,NaN,10.479850623175079,10.20495,NaN,NaN,NaN,NaN,NaN,NaN,NaN,NaN,NaN,NaN,1,0,0,0,0,NaN,NaN,1.1544733358500092,NaN,NaN,NaN,10.479850623175079,10.20495,NaN,NaN,NaN,NaN,NaN,NaN,NaN,NaN,NaN,NaN,1
2024-08-09T09:30:00-04:00,10.552151224116507,10.552151224116507,10.24,10.24,10.330810357281713,10.650024152674904,10.480719257540605,0,0,6911,7424,0,0,0,0,NaN,NaN,1.5020344207216285,NaN,NaN,NaN,10.479850623175079,10.20495,NaN,NaN,NaN,NaN,NaN,NaN,NaN,NaN,NaN,NaN,1,0,0,0,0,NaN,NaN,1.5020344207216285,NaN,NaN,NaN,10.479850623175079,10.20495,NaN,NaN,NaN,NaN,NaN,NaN,NaN,NaN,NaN,NaN,1
2024-08-09T09:43:00-04:00,10.396075612058254,10.87,10.396075612058254,10.87,10.428844837775946,10.65338256255773,10.592677685950415,0,0,6911,7425,0,0,0,0,NaN,NaN,0.7163918466347516,NaN,NaN,NaN,10.479850623175079,10.3025015,NaN,NaN,NaN,NaN,NaN,NaN,NaN,NaN,NaN,NaN,1,0,0,0,0,NaN,NaN,0.7163918466347516,NaN,NaN,NaN,10.479850623175079,10.3025015,NaN,NaN,NaN,NaN,NaN,NaN,NaN,NaN,NaN,NaN,1
2024-08-09T09:44:00-04:00,10.633037806029126,10.633037806029126,10.3001,10.35505,10.415427594543957,10.648827866946162,10.428511803781298,0,0,6911,7426,0,0,0,0,NaN,NaN,0.9782642135132616,NaN,NaN,NaN,10.479850623175079,10.3025015,NaN,NaN,NaN,NaN,NaN,NaN,NaN,NaN,NaN,NaN,1,0,0,0,0,NaN,NaN,0.9782642135132616,NaN,NaN,NaN,10.479850623175079,10.3025015,NaN,NaN,NaN,NaN,NaN,NaN,NaN,NaN,NaN,NaN,1
2024-08-09T09:48:00-04:00,10.494043903014564,11.29,10.494043903014564,11.06415,10.533377122808691,10.655168662870647,10.696010328499556,0,0,6911,7427,0,0,0,0,NaN,NaN,0.2187740987505244,NaN,NaN,NaN,10.479850623175079,10.439450910000001,NaN,NaN,NaN,NaN,NaN,NaN,NaN,NaN,NaN,NaN,1,0,0,0,0,NaN,NaN,0.2187740987505244,NaN,NaN,NaN,10.479850623175079,10.439450910000001,NaN,NaN,NaN,NaN,NaN,NaN,NaN,NaN,NaN,NaN,1
2024-08-09T09:49:00-04:00,10.779096951507281,11.0083,10.6,10.7446,10.57178128229802,10.656534026796287,10.705312012443168,0,0,6911,7428,0,0,0,0,NaN,NaN,0.05491977978222385,NaN,NaN,NaN,10.479850623175079,10.439450910000001,NaN,NaN,NaN,NaN,NaN,NaN,NaN,NaN,NaN,NaN,1,0,0,0,0,NaN,NaN,0.05491977978222385,NaN,NaN,NaN,10.479850623175079,10.439450910000001,NaN,NaN,NaN,NaN,NaN,NaN,NaN,NaN,NaN,NaN,1
2024-08-09T10:02:00-04:00,10.761848475753641,11.28,10.61,10.82,10.616911958243834,10.659029690509321,10.74115790426057,0,0,6911,7429,0,0,0,0,NaN,NaN,0.011758068504595766,NaN,NaN,NaN,10.479850623175079,10.439450910000001,NaN,NaN,NaN,NaN,NaN,NaN,NaN,NaN,NaN,NaN,1,0,0,0,0,NaN,NaN,0.011758068504595766,NaN,NaN,NaN,10.479850623175079,10.439450910000001,NaN,NaN,NaN,NaN,NaN,NaN,NaN,NaN,NaN,NaN,1
2024-08-09T10:03:00-04:00,10.79092423787682,10.95,10.79092423787682,10.93,10.673837056744956,10.663166641799256,10.747172941551204,1,0,7430,7429,0,0,0,0,NaN,NaN,0.271275927929404,NaN,NaN,NaN,10.479850623175079,10.439450910000001,NaN,NaN,NaN,NaN,NaN,NaN,NaN,NaN,NaN,NaN,1,0,0,0,0,NaN,NaN,0.271275927929404,NaN,NaN,NaN,10.479850623175079,10.439450910000001,NaN,NaN,NaN,NaN,NaN,NaN,NaN,NaN,NaN,NaN,1
2024-08-09T10:04:00-04:00,10.860462118938411,10.860462118938411,10.81,10.81,10.6985939555186,10.66540837245881,10.748157846057376,0,0,7430,7429,0,0,0,0,NaN,NaN,0.7718670414568553,NaN,NaN,NaN,10.479850623175079,10.439450910000001,NaN,NaN,NaN,NaN,NaN,NaN,NaN,NaN,NaN,NaN,1,0,0,0,0,NaN,NaN,0.7718670414568553,NaN,NaN,NaN,10.479850623175079,10.439450910000001,NaN,NaN,NaN,NaN,NaN,NaN,NaN,NaN,NaN,NaN,1
2024-08-09T10:05:00-04:00,10.835231059469205,10.93,10.835231059469205,10.93,10.740667781787945,10.6694479392915,10.750964485260072,0,0,7430,7429,0,0,0,0,NaN,NaN,1.369811312724232,NaN,NaN,NaN,10.479850623175079,10.439450910000001,NaN,NaN,NaN,NaN,NaN,NaN,NaN,NaN,NaN,NaN,1,0,0,0,0,NaN,NaN,1.369811312724232,NaN,NaN,NaN,10.479850623175079,10.439450910000001,NaN,NaN,NaN,NaN,NaN,NaN,NaN,NaN,NaN,NaN,1
2024-08-09T10:12:00-04:00,10.882615529734602,10.93,10.62,10.8225,10.75554636691741,10.671784611974072,10.76428135912574,0,0,7430,7429,0,0,0,0,NaN,NaN,2.0079898407972423,NaN,NaN,NaN,10.479850623175079,10.439450910000001,NaN,NaN,NaN,NaN,NaN,NaN,NaN,NaN,NaN,NaN,1,0,0,0,0,NaN,NaN,2.0079898407972423,NaN,NaN,NaN,10.479850623175079,10.439450910000001,NaN,NaN,NaN,NaN,NaN,NaN,NaN,NaN,NaN,NaN,1
2024-08-09T10:15:00-04:00,10.852557764867301,10.852557764867301,10.5,10.559999999999999,10.719992482023335,10.670077976676758,10.756862837428883,0,0,7430,7429,0,0,0,0,NaN,NaN,2.27570252653388,NaN,NaN,NaN,10.479850623175079,10.439450910000001,NaN,NaN,NaN,NaN,NaN,NaN,NaN,NaN,NaN,NaN,1,0,0,0,0,NaN,NaN,2.27570252653388,NaN,NaN,NaN,10.479850623175079,10.439450910000001,NaN,NaN,NaN,NaN,NaN,NaN,NaN,NaN,NaN,NaN,1
2024-08-09T10:16:00-04:00,10.70627888243365,10.78,10.51,10.645,10.70635748529182,10.66969510680383,10.745227646420824,0,0,7430,7429,0,0,0,0,NaN,NaN,2.750891554028724,NaN,NaN,NaN,10.479850623175079,10.439450910000001,NaN,NaN,NaN,NaN,NaN,NaN,NaN,NaN,NaN,NaN,1,0,0,0,0,NaN,NaN,2.750891554028724,NaN,NaN,NaN,10.479850623175079,10.439450910000001,NaN,NaN,NaN,NaN,NaN,NaN,NaN,NaN,NaN,NaN,1
2024-08-09T10:25:00-04:00,10.675639441216825,10.675639441216825,10.6,10.6,10.687019760693307,10.66863105937171,10.743669409871245,0,0,7430,7429,0,0,0,0,NaN,NaN,3.1006313351840102,NaN,NaN,NaN,10.479850623175079,10.439450910000001,NaN,NaN,NaN,NaN,NaN,NaN,NaN,NaN,NaN,NaN,1,0,0,0,0,NaN,NaN,3.1006313351840102,NaN,NaN,NaN,10.479850623175079,10.439450910000001,NaN,NaN,NaN,NaN,NaN,NaN,NaN,NaN,NaN,NaN,1
2024-08-09T10:28:00-04:00,10.637819720608412,10.637819720608412,10.37,10.454999999999998,10.64483434965816,10.66536951648054,10.678826863560733,0,0,7430,7429,0,0,0,0,NaN,NaN,3.1334965464804845,NaN,NaN,NaN,10.479850623175079,10.439450910000001,NaN,NaN,NaN,NaN,NaN,NaN,NaN,NaN,NaN,NaN,1,0,0,0,0,NaN,NaN,3.1334965464804845,NaN,NaN,NaN,10.479850623175079,10.439450910000001,NaN,NaN,NaN,NaN,NaN,NaN,NaN,NaN,NaN,NaN,1
2024-08-09T10:29:00-04:00,10.546409860304205,10.546409860304205,10.2501,10.2501,10.57306446790213,10.659029523862516,10.671810057283142,0,0,7430,7429,0,0,0,0,NaN,NaN,2.612827663244742,NaN,NaN,NaN,10.479850623175079,10.439450910000001,NaN,NaN,NaN,NaN,NaN,NaN,NaN,NaN,NaN,NaN,1,0,0,0,0,NaN,NaN,2.612827663244742,NaN,NaN,NaN,10.479850623175079,10.439450910000001,NaN,NaN,NaN,NaN,NaN,NaN,NaN,NaN,NaN,NaN,1
2024-08-09T10:33:00-04:00,10.398254930152103,10.398254930152103,10.2583,10.2741,10.518707291919924,10.653152737238662,10.664462803212851,0,0,7430,7429,0,0,0,0,NaN,NaN,2.2308176655285594,NaN,NaN,NaN,10.479850623175079,10.439450910000001,NaN,NaN,NaN,NaN,NaN,NaN,NaN,NaN,NaN,NaN,1,0,0,0,0,NaN,NaN,2.2308176655285594,NaN,NaN,NaN,10.479850623175079,10.439450910000001,NaN,NaN,NaN,NaN,NaN,NaN,NaN,NaN,NaN,NaN,1
2024-08-09T10:37:00-04:00,10.336177465076052,10.336177465076052,10.19,10.209999999999999,10.462578693389029,10.646387046593796,10.627569143911439,0,0,7430,7429,0,0,0,0,NaN,NaN,1.7706578730277713,NaN,NaN,NaN,10.479850623175079,10.439450910000001,NaN,NaN,NaN,NaN,NaN,NaN,NaN,NaN,NaN,NaN,1,0,0,0,0,NaN,NaN,1.7706578730277713,NaN,NaN,NaN,10.479850623175079,10.439450910000001,NaN,NaN,NaN,NaN,NaN,NaN,NaN,NaN,NaN,NaN,1
2024-08-09T10:39:00-04:00,10.273088732538024,10.273088732538024,10.19,10.2,10.414837112772842,10.63957197718015,10.608284841437632,0,0,7430,7429,0,0,0,0,NaN,NaN,1.4519506649618719,NaN,NaN,NaN,10.479850623175079,10.439450910000001,NaN,NaN,NaN,NaN,NaN,NaN,NaN,NaN,NaN,NaN,1,0,0,0,0,NaN,NaN,1.4519506649618719,NaN,NaN,NaN,10.479850623175079,10.439450910000001,NaN,NaN,NaN,NaN,NaN,NaN,NaN,NaN,NaN,NaN,1
2024-08-09T10:45:00-04:00,10.236544366269012,10.236544366269012,10.1,10.1,10.357594001359598,10.63133423707053,10.574823034891375,0,0,7430,7429,0,0,0,0,NaN,NaN,1.0778136234883922,NaN,NaN,NaN,10.479850623175079,10.439450910000001,NaN,NaN,NaN,NaN,NaN,NaN,NaN,NaN,NaN,NaN,1,0,0,0,0,NaN,NaN,1.0778136234883922,NaN,NaN,NaN,10.479850623175079,10.439450910000001,NaN,NaN,NaN,NaN,NaN,NaN,NaN,NaN,NaN,NaN,1
2024-08-09T10:49:00-04:00,10.168272183134505,10.168272183134505,10.07,10.07,10.30530418293058,10.622764248718308,10.571521379986919,0,0,7430,7429,0,0,0,0,NaN,NaN,0.7267164170967191,NaN,NaN,NaN,10.479850623175079,10.439450910000001,NaN,NaN,NaN,NaN,NaN,NaN,NaN,NaN,NaN,NaN,1,0,0,0,0,NaN,NaN,0.7267164170967191,NaN,NaN,NaN,10.479850623175079,10.439450910000001,NaN,NaN,NaN,NaN,NaN,NaN,NaN,NaN,NaN,NaN,1
2024-08-09T10:50:00-04:00,10.119136091567253,10.119136091567253,10.08,10.08,10.264339786034112,10.61447777163864,10.568327608836906,0,0,7430,7429,0,0,0,0,NaN,NaN,0.5417252713036309,NaN,NaN,NaN,10.479850623175079,10.439450910000001,NaN,NaN,NaN,NaN,NaN,NaN,NaN,NaN,NaN,NaN,1,0,0,0,0,NaN,NaN,0.5417252713036309,NaN,NaN,NaN,10.479850623175079,10.439450910000001,NaN,NaN,NaN,NaN,NaN,NaN,NaN,NaN,NaN,NaN,1
2024-08-09T10:51:00-04:00,10.099568045783627,10.15,10.09,10.120000000000001,10.238096188573365,10.606928492682325,10.562576132135984,0,0,7430,7429,0,0,0,0,NaN,NaN,0.4301430086038562,NaN,NaN,NaN,10.479850623175079,10.439450910000001,NaN,NaN,NaN,NaN,NaN,NaN,NaN,NaN,NaN,NaN,1,0,0,0,0,NaN,NaN,0.4301430086038562,NaN,NaN,NaN,10.479850623175079,10.439450910000001,NaN,NaN,NaN,NaN,NaN,NaN,NaN,NaN,NaN,NaN,1
2024-08-09T11:04:00-04:00,10.109784022891814,10.15,10.1,10.125,10.21753324519639,10.599570805771144,10.548978365444375,0,0,7430,7429,0,0,0,0,NaN,NaN,0.4563769013254271,NaN,NaN,NaN,10.479850623175079,10.439450910000001,NaN,NaN,NaN,NaN,NaN,NaN,NaN,NaN,NaN,NaN,1,0,0,0,0,NaN,NaN,0.4563769013254271,NaN,NaN,NaN,10.479850623175079,10.439450910000001,NaN,NaN,NaN,NaN,NaN,NaN,NaN,NaN,NaN,NaN,1
2024-08-09T11:06:00-04:00,10.117392011445908,10.117392011445908,9.89,9.89,10.157981746069774,10.588737663698302,10.5449080852378,0,1,7430,7429,0,0,0,0,NaN,NaN,0.3574721947644209,NaN,NaN,NaN,10.479850623175079,10.439450910000001,NaN,NaN,NaN,NaN,NaN,NaN,NaN,NaN,NaN,NaN,1,0,0,0,0,NaN,NaN,0.3574721947644209,NaN,NaN,NaN,10.479850623175079,10.439450910000001,NaN,NaN,NaN,NaN,NaN,NaN,NaN,NaN,NaN,NaN,1
2024-08-09T11:09:00-04:00,10.003696005722954,10.003696005722954,9.89,9.89,10.109257792238907,10.578069913107488,10.53260375151515,0,0,7430,7448,0,0,0,0,NaN,NaN,0.5006082662156012,NaN,NaN,NaN,10.479850623175079,10.439450910000001,NaN,NaN,NaN,NaN,NaN,NaN,NaN,NaN,NaN,NaN,1,0,0,0,0,NaN,NaN,0.5006082662156012,NaN,NaN,NaN,10.479850623175079,10.439450910000001,NaN,NaN,NaN,NaN,NaN,NaN,NaN,NaN,NaN,NaN,1
2024-08-09T11:10:00-04:00,9.946848002861477,9.946848002861477,9.85,9.85005,10.062129102740924,10.566955105273786,10.524429455089821,0,0,7430,7449,0,0,0,0,NaN,NaN,0.6656264382373545,NaN,NaN,NaN,10.479850623175079,10.439450910000001,NaN,NaN,NaN,NaN,NaN,NaN,NaN,NaN,NaN,NaN,1,0,0,0,0,NaN,NaN,0.6656264382373545,NaN,NaN,NaN,10.479850623175079,10.439450910000001,NaN,NaN,NaN,NaN,NaN,NaN,NaN,NaN,NaN,NaN,1
2024-08-09T11:17:00-04:00,9.898449001430738,10.06,9.898449001430738,10.06,10.061741993151665,10.559215332674187,10.521362911189103,0,0,7430,7450,0,0,0,0,NaN,NaN,1.1779823568139836,NaN,NaN,NaN,10.479850623175079,10.439450910000001,NaN,NaN,NaN,NaN,NaN,NaN,NaN,NaN,NaN,NaN,1,0,0,0,0,NaN,NaN,1.1779823568139836,NaN,NaN,NaN,10.479850623175079,10.439450910000001,NaN,NaN,NaN,NaN,NaN,NaN,NaN,NaN,NaN,NaN,1
2024-08-09T11:19:00-04:00,9.979224500715368,9.979224500715368,9.51,9.655,9.987788903487726,10.545410518434887,10.491507202343346,0,0,7430,7451,0,0,0,0,NaN,NaN,0.6520255388545643,NaN,NaN,NaN,10.479850623175079,10.29616325,NaN,NaN,NaN,NaN,NaN,NaN,NaN,NaN,NaN,NaN,1,0,0,0,0,NaN,NaN,0.6520255388545643,NaN,NaN,NaN,10.479850623175079,10.29616325,NaN,NaN,NaN,NaN,NaN,NaN,NaN,NaN,NaN,NaN,1
2024-08-09T11:20:00-04:00,9.817112250357685,9.817112250357685,9.51,9.530000000000001,9.904554557399049,10.529908067771759,10.460613258102173,0,0,7430,7452,0,0,0,0,NaN,NaN,0.5217082651411933,NaN,NaN,NaN,10.479850623175079,10.212553352499999,NaN,NaN,NaN,NaN,NaN,NaN,NaN,NaN,NaN,NaN,1,0,0,0,0,NaN,NaN,0.5217082651411933,NaN,NaN,NaN,10.479850623175079,10.212553352499999,NaN,NaN,NaN,NaN,NaN,NaN,NaN,NaN,NaN,NaN,1
2024-08-09T11:22:00-04:00,9.673556125178843,9.673556125178843,9.35,9.445,9.820999183326494,10.513344585821045,10.427832153424069,0,0,7430,7453,0,0,0,0,NaN,NaN,0.2083244875967541,NaN,NaN,NaN,9.95588493239053,10.12655015135,NaN,NaN,NaN,NaN,NaN,NaN,NaN,NaN,NaN,NaN,1,0,0,0,0,NaN,NaN,0.2083244875967541,NaN,NaN,NaN,9.95588493239053,10.12655015135,NaN,NaN,NaN,NaN,NaN,NaN,NaN,NaN,NaN,NaN,1
2024-08-09T11:23:00-04:00,9.55927806258942,9.55927806258942,9.55,9.55,9.77172660453986,10.498637034892479,10.418488046197243,0,0,7430,7454,0,0,0,0,NaN,NaN,0.0873875332928979,NaN,NaN,NaN,9.941005485730678,10.12655015135,NaN,NaN,NaN,NaN,NaN,NaN,NaN,NaN,NaN,NaN,1,0,0,0,0,NaN,NaN,0.0873875332928979,NaN,NaN,NaN,9.941005485730678,10.12655015135,NaN,NaN,NaN,NaN,NaN,NaN,NaN,NaN,NaN,NaN,1
2024-08-09T11:24:00-04:00,9.55463903129471,9.55463903129471,9.55,9.55,9.731412676441703,10.48415402672618,10.400384173224243,0,0,7430,7455,0,0,0,0,NaN,NaN,0.06625268289632434,NaN,NaN,NaN,9.939091049825853,10.12655015135,NaN,NaN,NaN,NaN,NaN,NaN,NaN,NaN,NaN,NaN,1,0,0,0,0,NaN,NaN,0.06625268289632434,NaN,NaN,NaN,9.939091049825853,10.12655015135,NaN,NaN,NaN,NaN,NaN,NaN,NaN,NaN,NaN,NaN,1
2024-08-09T11:30:00-04:00,9.552319515647355,9.552319515647355,9.3501,9.36005,9.66389218981594,10.466992133188377,10.379140941344632,0,1,7430,7456,0,0,0,0,NaN,NaN,0.03745359023216931,NaN,NaN,NaN,9.748965015338632,10.018912887728499,NaN,NaN,NaN,NaN,NaN,NaN,NaN,NaN,NaN,NaN,1,0,0,0,0,NaN,NaN,0.03745359023216931,NaN,NaN,NaN,9.748965015338632,10.018912887728499,NaN,NaN,NaN,NaN,NaN,NaN,NaN,NaN,NaN,NaN,1
2024-08-09T11:32:00-04:00,9.456184757823678,9.456184757823678,9.36,9.375,9.611366337122133,10.45032049756718,10.320860593383342,0,0,7430,7457,0,0,0,0,NaN,NaN,0.6816128629922713,NaN,NaN,NaN,9.748965015338632,10.018912887728499,NaN,NaN,NaN,NaN,NaN,NaN,NaN,NaN,NaN,NaN,1,0,0,0,0,NaN,NaN,0.6816128629922713,NaN,NaN,NaN,9.748965015338632,10.018912887728499,NaN,NaN,NaN,NaN,NaN,NaN,NaN,NaN,NaN,NaN,1
2024-08-09T11:38:00-04:00,9.415592378911839,9.415592378911839,9.37,9.385,9.570208821281746,10.434056062489818,10.298544728689446,0,0,7430,7458,0,0,0,0,NaN,NaN,2.3575015274755957,NaN,NaN,NaN,9.748965015338632,10.018912887728499,NaN,NaN,NaN,NaN,NaN,NaN,NaN,NaN,NaN,NaN,1,0,0,0,0,NaN,NaN,2.3575015274755957,NaN,NaN,NaN,9.748965015338632,10.018912887728499,NaN,NaN,NaN,NaN,NaN,NaN,NaN,NaN,NaN,NaN,1
2024-08-09T11:39:00-04:00,9.400296189455918,9.400296189455918,9.2501,9.332525,9.526993581048702,10.417238794360202,10.231061687914774,0,0,7430,7459,0,0,0,0,NaN,NaN,5.572135225949635,NaN,NaN,NaN,9.748965015338632,9.924435341201079,NaN,NaN,NaN,NaN,NaN,NaN,NaN,NaN,NaN,NaN,1,0,0,0,0,NaN,NaN,5.572135225949635,NaN,NaN,NaN,9.748965015338632,9.924435341201079,NaN,NaN,NaN,NaN,NaN,NaN,NaN,NaN,NaN,NaN,1
2024-08-09T11:40:00-04:00,9.36641059472796,9.36641059472796,9.25,9.25,9.47663111176712,10.39941835475165,10.222569117901662,0,0,7430,7460,0,0,0,0,NaN,NaN,8.87489802099661,NaN,NaN,NaN,9.748965015338632,9.788196915020917,NaN,NaN,NaN,NaN,NaN,NaN,NaN,NaN,NaN,NaN,1,0,0,0,0,NaN,NaN,8.87489802099661,NaN,NaN,NaN,9.748965015338632,9.788196915020917,NaN,NaN,NaN,NaN,NaN,NaN,NaN,NaN,NaN,NaN,1
2024-08-09T11:41:00-04:00,9.30820529736398,9.30820529736398,9.1,9.149999999999999,9.41724363690037,10.380343265366127,10.161867574520212,0,1,7430,7461,0,0,0,0,NaN,NaN,12.965281681303594,NaN,NaN,NaN,9.748965015338632,9.632321470317152,NaN,NaN,NaN,NaN,NaN,NaN,NaN,NaN,NaN,NaN,1,0,0,0,0,NaN,NaN,12.965281681303594,NaN,NaN,NaN,9.748965015338632,9.632321470317152,NaN,NaN,NaN,NaN,NaN,NaN,NaN,NaN,NaN,NaN,1
2024-08-09T11:44:00-04:00,9.22910264868199,9.22910264868199,9.17,9.1875,9.375472066554847,10.362131917803286,10.134490312723232,0,0,7430,7462,0,0,0,0,NaN,NaN,16.71238046617576,NaN,NaN,NaN,9.748965015338632,9.632321470317152,NaN,NaN,NaN,NaN,NaN,NaN,NaN,NaN,NaN,NaN,1,0,0,0,0,NaN,NaN,16.71238046617576,NaN,NaN,NaN,9.748965015338632,9.632321470317152,NaN,NaN,NaN,NaN,NaN,NaN,NaN,NaN,NaN,NaN,1
2024-08-09T11:47:00-04:00,9.208301324340994,9.208301324340994,9.15,9.15,9.334477145363056,10.343626086997128,10.130598739030752,0,0,7430,7463,0,0,0,0,NaN,NaN,20.419102841361873,NaN,NaN,NaN,9.748965015338632,9.632321470317152,NaN,NaN,NaN,NaN,NaN,NaN,NaN,NaN,NaN,NaN,1,0,0,0,0,NaN,NaN,20.419102841361873,NaN,NaN,NaN,9.748965015338632,9.632321470317152,NaN,NaN,NaN,NaN,NaN,NaN,NaN,NaN,NaN,NaN,1
2024-08-09T11:48:00-04:00,9.179150662170496,9.45,9.179150662170496,9.324974999999998,9.332749482569772,10.328074162004805,10.092955607054034,0,0,7430,7464,0,0,0,0,NaN,NaN,23.956751996116164,NaN,NaN,NaN,9.748965015338632,9.632321470317152,NaN,NaN,NaN,NaN,NaN,NaN,NaN,NaN,NaN,NaN,1,0,0,0,0,NaN,NaN,23.956751996116164,NaN,NaN,NaN,9.748965015338632,9.632321470317152,NaN,NaN,NaN,NaN,NaN,NaN,NaN,NaN,NaN,NaN,1
2024-08-09T11:53:00-04:00,9.252062831085247,9.3332,9.252062831085247,9.3332,9.332831394829814,10.312885243500915,10.090103457466777,0,0,7430,7465,0,0,0,0,NaN,NaN,25.50277807249715,NaN,NaN,NaN,9.748965015338632,9.632321470317152,NaN,NaN,NaN,NaN,NaN,NaN,NaN,NaN,NaN,NaN,1,0,0,0,0,NaN,NaN,25.50277807249715,NaN,NaN,NaN,9.748965015338632,9.632321470317152,NaN,NaN,NaN,NaN,NaN,NaN,NaN,NaN,NaN,NaN,1
2024-08-09T11:56:00-04:00,9.292631415542623,9.35,9.292631415542623,9.35,9.335952959406212,10.298184705432199,10.087335473857431,0,0,7430,7466,0,0,0,0,NaN,NaN,26.40040339895908,NaN,NaN,NaN,9.748965015338632,9.632321470317152,NaN,NaN,NaN,NaN,NaN,NaN,NaN,NaN,NaN,NaN,1,0,0,0,0,NaN,NaN,26.40040339895908,NaN,NaN,NaN,9.748965015338632,9.632321470317152,NaN,NaN,NaN,NaN,NaN,NaN,NaN,NaN,NaN,NaN,1
2024-08-09T11:58:00-04:00,9.321315707771312,9.35,9.321315707771312,9.35,9.3385069667869,10.283708603059187,10.079343194850356,0,0,7430,7467,0,0,0,0,NaN,NaN,29.663576939340725,NaN,NaN,NaN,9.748965015338632,9.632321470317152,NaN,NaN,NaN,NaN,NaN,NaN,NaN,NaN,NaN,NaN,1,0,0,0,0,NaN,NaN,29.663576939340725,NaN,NaN,NaN,9.748965015338632,9.632321470317152,NaN,NaN,NaN,NaN,NaN,NaN,NaN,NaN,NaN,NaN,1
2024-08-09T12:00:00-04:00,9.335657853885657,9.3413,9.2999,9.320625,9.335255700098372,10.269005036600268,10.041982374872497,0,0,7430,7468,0,0,0,0,NaN,NaN,30.859187682886784,NaN,NaN,NaN,9.748965015338632,9.632321470317152,NaN,NaN,NaN,NaN,NaN,NaN,NaN,NaN,NaN,NaN,1,0,0,0,0,NaN,NaN,30.859187682886784,NaN,NaN,NaN,9.748965015338632,9.632321470317152,NaN,NaN,NaN,NaN,NaN,NaN,NaN,NaN,NaN,NaN,1
2024-08-09T12:02:00-04:00,9.328141426942828,9.34,9.328141426942828,9.34,9.336118300080486,10.254821753598737,10.032531347374993,0,0,7430,7469,0,0,0,0,NaN,NaN,32.88569423222002,NaN,NaN,NaN,9.748965015338632,9.632321470317152,NaN,NaN,NaN,NaN,NaN,NaN,NaN,NaN,NaN,NaN,1,0,0,0,0,NaN,NaN,32.88569423222002,NaN,NaN,NaN,9.748965015338632,9.632321470317152,NaN,NaN,NaN,NaN,NaN,NaN,NaN,NaN,NaN,NaN,1
2024-08-09T12:04:00-04:00,9.334070713471414,9.35,9.334070713471414,9.35,9.338642245520397,10.24100768102471,10.030171198865796,0,0,7430,7470,0,0,0,0,NaN,NaN,35.143164061684836,NaN,NaN,NaN,9.748965015338632,9.632321470317152,NaN,NaN,NaN,NaN,NaN,NaN,NaN,NaN,NaN,NaN,1,0,0,0,0,NaN,NaN,35.143164061684836,NaN,NaN,NaN,9.748965015338632,9.632321470317152,NaN,NaN,NaN,NaN,NaN,NaN,NaN,NaN,NaN,NaN,1
2024-08-09T12:14:00-04:00,9.342035356735707,9.35,9.342035356735707,9.35,9.340707291789416,10.227404510322042,10.021074712565246,0,0,7430,7471,0,0,0,0,NaN,NaN,38.10980087935131,NaN,NaN,NaN,9.748965015338632,9.632321470317152,NaN,NaN,NaN,NaN,NaN,NaN,NaN,NaN,NaN,NaN,1,0,0,0,0,NaN,NaN,38.10980087935131,NaN,NaN,NaN,9.748965015338632,9.632321470317152,NaN,NaN,NaN,NaN,NaN,NaN,NaN,NaN,NaN,NaN,1
2024-08-09T12:16:00-04:00,9.346017678367854,9.35,9.346017678367854,9.35,9.34239687510043,10.214009021614835,10.00981922444735,0,0,7430,7472,0,0,0,0,NaN,NaN,40.303634215649645,NaN,NaN,NaN,9.748965015338632,9.632321470317152,NaN,NaN,NaN,NaN,NaN,NaN,NaN,NaN,NaN,NaN,1,0,0,0,0,NaN,NaN,40.303634215649645,NaN,NaN,NaN,9.748965015338632,9.632321470317152,NaN,NaN,NaN,NaN,NaN,NaN,NaN,NaN,NaN,NaN,1
2024-08-09T12:18:00-04:00,9.348008839183926,9.348008839183926,9.3,9.3,9.334688352354897,10.200054685406975,10.005088830762052,0,0,7430,7473,0,0,0,0,NaN,NaN,42.41229226862494,NaN,NaN,NaN,9.748965015338632,9.632321470317152,NaN,NaN,NaN,NaN,NaN,NaN,NaN,NaN,NaN,NaN,1,0,0,0,0,NaN,NaN,42.41229226862494,NaN,NaN,NaN,9.748965015338632,9.632321470317152,NaN,NaN,NaN,NaN,NaN,NaN,NaN,NaN,NaN,NaN,1
2024-08-09T12:24:00-04:00,9.324004419591963,9.36,9.324004419591963,9.355,9.338381379199461,10.187153087156487,9.909082982590666,0,0,7430,7474,0,0,0,0,NaN,NaN,44.78779957043722,NaN,NaN,NaN,9.748965015338632,9.632321470317152,NaN,NaN,NaN,NaN,NaN,NaN,NaN,NaN,NaN,NaN,1,0,0,0,0,NaN,NaN,44.78779957043722,NaN,NaN,NaN,9.748965015338632,9.632321470317152,NaN,NaN,NaN,NaN,NaN,NaN,NaN,NaN,NaN,NaN,1
2024-08-09T12:25:00-04:00,9.339502209795981,9.53,9.339502209795981,9.487499999999999,9.36549385570865,10.176471360635015,9.893094644662423,0,0,7430,7475,0,0,0,0,NaN,NaN,47.10334843867885,NaN,NaN,NaN,9.748965015338632,9.632321470317152,NaN,NaN,NaN,NaN,NaN,NaN,NaN,NaN,NaN,NaN,1,0,0,0,0,NaN,NaN,47.10334843867885,NaN,NaN,NaN,9.748965015338632,9.632321470317152,NaN,NaN,NaN,NaN,NaN,NaN,NaN,NaN,NaN,NaN,1
2024-08-09T12:26:00-04:00,9.413501104897989,10,9.413501104897989,9.875,9.458131336488895,10.171868744442113,9.892707583090456,0,0,7430,7476,0,0,0,0,NaN,NaN,47.56603857260851,NaN,NaN,NaN,9.748965015338632,9.632321470317152,NaN,NaN,NaN,NaN,NaN,NaN,NaN,NaN,NaN,NaN,1,0,0,0,0,NaN,NaN,47.56603857260851,NaN,NaN,NaN,9.748965015338632,9.632321470317152,NaN,NaN,NaN,NaN,NaN,NaN,NaN,NaN,NaN,NaN,1
2024-08-09T12:30:00-04:00,9.644250552448995,9.644250552448995,9.62,9.62,9.487562002581823,10.16344326742773,9.891980343475826,0,0,7430,7477,0,0,0,0,NaN,NaN,49.23346849554301,NaN,NaN,NaN,9.748965015338632,9.632321470317152,NaN,NaN,NaN,NaN,NaN,NaN,NaN,NaN,NaN,NaN,1,0,0,0,0,NaN,NaN,49.23346849554301,NaN,NaN,NaN,9.748965015338632,9.632321470317152,NaN,NaN,NaN,NaN,NaN,NaN,NaN,NaN,NaN,NaN,1
2024-08-09T12:31:00-04:00,9.632125276224496,9.632125276224496,9.5916,9.5916,9.5064780021124,10.154712835863949,9.890386771532402,0,0,7430,7478,0,0,0,0,NaN,NaN,51.052360494609076,NaN,NaN,NaN,9.748965015338632,9.632321470317152,NaN,NaN,NaN,NaN,NaN,NaN,NaN,NaN,NaN,NaN,1,0,0,0,0,NaN,NaN,51.052360494609076,NaN,NaN,NaN,9.748965015338632,9.632321470317152,NaN,NaN,NaN,NaN,NaN,NaN,NaN,NaN,NaN,NaN,1
2024-08-09T12:36:00-04:00,9.611862638112248,9.7,9.611862638112248,9.7,9.541663819910145,10.147770655163736,9.889883089499723,0,0,7430,7479,0,0,0,0,NaN,NaN,51.98823094159143,NaN,NaN,NaN,9.748965015338632,9.632321470317152,NaN,NaN,NaN,NaN,NaN,NaN,NaN,NaN,NaN,NaN,1,0,0,0,0,NaN,NaN,51.98823094159143,NaN,NaN,NaN,9.748965015338632,9.632321470317152,NaN,NaN,NaN,NaN,NaN,NaN,NaN,NaN,NaN,NaN,1
2024-08-09T12:47:00-04:00,9.655931319056123,9.655931319056123,9.51,9.51,9.535906761744664,10.13803369859635,9.887883652201374,0,0,7430,7480,0,0,0,0,NaN,NaN,54.11163113655104,NaN,NaN,NaN,9.748965015338632,9.632321470317152,NaN,NaN,NaN,NaN,NaN,NaN,NaN,NaN,NaN,NaN,1,0,0,0,0,NaN,NaN,54.11163113655104,NaN,NaN,NaN,9.748965015338632,9.632321470317152,NaN,NaN,NaN,NaN,NaN,NaN,NaN,NaN,NaN,NaN,1
2024-08-09T12:51:00-04:00,9.58296565952806,9.58296565952806,9.5,9.5,9.52937825960927,10.128292726098696,9.885751809783034,0,0,7430,7481,0,0,0,0,NaN,NaN,56.21919084158794,NaN,NaN,NaN,9.748965015338632,9.632321470317152,NaN,NaN,NaN,NaN,NaN,NaN,NaN,NaN,NaN,NaN,1,0,0,0,0,NaN,NaN,56.21919084158794,NaN,NaN,NaN,9.748965015338632,9.632321470317152,NaN,NaN,NaN,NaN,NaN,NaN,NaN,NaN,NaN,NaN,1
2024-08-09T12:53:00-04:00,9.54148282976403,9.55,9.5199,9.53495,9.530391303316676,10.11923405852467,9.878337466055234,0,0,7430,7482,0,0,0,0,NaN,NaN,58.136722261469465,NaN,NaN,NaN,9.748965015338632,9.632321470317152,NaN,NaN,NaN,NaN,NaN,NaN,NaN,NaN,NaN,NaN,1,0,0,0,0,NaN,NaN,58.136722261469465,NaN,NaN,NaN,9.748965015338632,9.632321470317152,NaN,NaN,NaN,NaN,NaN,NaN,NaN,NaN,NaN,NaN,1
2024-08-09T12:54:00-04:00,9.538216414882015,9.538216414882015,9.25,9.375,9.50213833907728,10.107871706486126,9.8732318468834,0,0,7430,7483,0,0,0,0,NaN,9.25,60.65171541627471,NaN,NaN,NaN,9.748965015338632,9.632321470317152,NaN,NaN,NaN,NaN,NaN,NaN,NaN,NaN,NaN,NaN,1,0,0,0,0,NaN,9.25,60.65171541627471,NaN,NaN,NaN,9.748965015338632,9.632321470317152,NaN,NaN,NaN,NaN,NaN,NaN,NaN,NaN,NaN,NaN,1
2024-08-09T13:02:00-04:00,9.456608207441008,9.456608207441008,9.35,9.35,9.474476822881412,10.096301146081757,9.864105861613593,0,0,7430,7484,0,0,0,0,NaN,NaN,63.180679627633374,NaN,NaN,NaN,9.748965015338632,9.632321470317152,NaN,NaN,NaN,NaN,NaN,NaN,NaN,NaN,NaN,NaN,1,0,0,0,0,NaN,NaN,63.180679627633374,NaN,NaN,NaN,9.748965015338632,9.632321470317152,NaN,NaN,NaN,NaN,NaN,NaN,NaN,NaN,NaN,NaN,1
2024-08-09T13:04:00-04:00,9.403304103720505,9.403304103720505,9.382,9.382,9.457662855084791,10.085395785072874,9.86290760675051,0,0,7430,7485,0,0,0,0,NaN,NaN,65.5516819546295,NaN,NaN,NaN,9.748965015338632,9.632321470317152,NaN,NaN,NaN,NaN,NaN,NaN,NaN,NaN,NaN,NaN,1,0,0,0,0,NaN,NaN,65.5516819546295,NaN,NaN,NaN,9.748965015338632,9.632321470317152,NaN,NaN,NaN,NaN,NaN,NaN,NaN,NaN,NaN,NaN,1
2024-08-09T13:15:00-04:00,9.392652051860253,9.392652051860253,9.16,9.205,9.411724154160284,10.07195462804886,9.843468237294676,0,1,7430,7486,0,0,0,0,NaN,NaN,68.30263765074231,NaN,NaN,NaN,9.748965015338632,9.632321470317152,NaN,NaN,NaN,NaN,NaN,NaN,NaN,NaN,NaN,NaN,1,0,0,0,0,NaN,NaN,68.30263765074231,NaN,NaN,NaN,9.748965015338632,9.632321470317152,NaN,NaN,NaN,NaN,NaN,NaN,NaN,NaN,NaN,NaN,1
2024-08-09T13:16:00-04:00,9.298826025930126,9.298826025930126,9.2384,9.2384,9.380210671585687,10.059228603193153,9.840635656839678,0,0,7430,7487,0,0,0,0,NaN,NaN,68.60378422045297,NaN,NaN,NaN,9.748965015338632,9.632321470317152,NaN,NaN,NaN,NaN,NaN,NaN,NaN,NaN,NaN,NaN,1,0,0,0,0,NaN,NaN,68.60378422045297,NaN,NaN,NaN,9.748965015338632,9.632321470317152,NaN,NaN,NaN,NaN,NaN,NaN,NaN,NaN,NaN,NaN,1
2024-08-09T13:25:00-04:00,9.268613012965062,9.268613012965062,9.1,9.15,9.338354185842835,10.045347250472647,9.81352379486115,0,0,7430,7488,0,0,0,0,NaN,NaN,70.03402596291444,NaN,NaN,NaN,9.748965015338632,9.632321470317152,NaN,NaN,NaN,NaN,NaN,NaN,NaN,NaN,NaN,NaN,1,0,0,0,0,NaN,NaN,70.03402596291444,NaN,NaN,NaN,9.748965015338632,9.632321470317152,NaN,NaN,NaN,NaN,NaN,NaN,NaN,NaN,NaN,NaN,1
2024-08-09T13:26:00-04:00,9.20930650648253,9.20930650648253,9.15,9.15,9.304107970235046,10.031677826801308,9.811996908367083,0,0,7430,7489,0,0,0,0,NaN,NaN,71.03586159655315,NaN,NaN,NaN,9.748965015338632,9.632321470317152,NaN,NaN,NaN,NaN,NaN,NaN,NaN,NaN,NaN,NaN,1,0,0,0,0,NaN,NaN,71.03586159655315,NaN,NaN,NaN,9.748965015338632,9.632321470317152,NaN,NaN,NaN,NaN,NaN,NaN,NaN,NaN,NaN,NaN,1
2024-08-09T13:28:00-04:00,9.179653253241266,9.179653253241266,9.03,9.03,9.254270157465038,10.016385035552434,9.806635379148002,0,0,7430,7490,0,0,0,0,NaN,NaN,71.52348549362443,NaN,NaN,NaN,9.748965015338632,9.45843396155055,NaN,NaN,NaN,NaN,NaN,NaN,NaN,NaN,NaN,NaN,1,0,0,0,0,NaN,NaN,71.52348549362443,NaN,NaN,NaN,9.748965015338632,9.45843396155055,NaN,NaN,NaN,NaN,NaN,NaN,NaN,NaN,NaN,NaN,1
2024-08-09T13:29:00-04:00,9.104826626620632,9.104826626620632,8.81,8.915000000000001,9.192584674289577,9.999569996841709,9.777616026576457,0,0,7430,7491,0,0,0,0,NaN,NaN,73.37331470768605,NaN,NaN,NaN,9.706431151343361,9.284309810778419,NaN,NaN,NaN,NaN,NaN,NaN,NaN,NaN,NaN,NaN,1,0,0,0,0,NaN,NaN,73.37331470768605,NaN,NaN,NaN,9.706431151343361,9.284309810778419,NaN,NaN,NaN,NaN,NaN,NaN,NaN,NaN,NaN,NaN,1
2024-08-09T13:30:00-04:00,9.009913313310317,9.009913313310317,8.81,8.815000000000001,9.123932915327837,9.981484958721989,9.757710470302925,0,0,7430,7492,0,0,0,0,NaN,NaN,75.7388632538414,NaN,NaN,NaN,9.17684996728423,9.121096161868246,NaN,NaN,NaN,NaN,NaN,NaN,NaN,NaN,NaN,NaN,1,0,0,0,0,NaN,NaN,75.7388632538414,NaN,NaN,NaN,9.17684996728423,9.121096161868246,NaN,NaN,NaN,NaN,NaN,NaN,NaN,NaN,NaN,NaN,1
2024-08-09T13:33:00-04:00,8.91245665665516,8.91245665665516,8.82,8.82,9.06867238526823,9.96375236393234,9.75568443380939,0,0,7430,7493,0,0,0,0,NaN,NaN,77.38157117512046,NaN,NaN,NaN,9.17684996728423,9.121096161868246,NaN,NaN,NaN,NaN,NaN,NaN,NaN,NaN,NaN,NaN,1,0,0,0,0,NaN,NaN,77.38157117512046,NaN,NaN,NaN,9.17684996728423,9.121096161868246,NaN,NaN,NaN,NaN,NaN,NaN,NaN,NaN,NaN,NaN,1
2024-08-09T13:34:00-04:00,8.86622832832758,8.86622832832758,8.81,8.81,9.021641042492188,9.946137824024976,9.729229500157514,0,0,7430,7494,0,0,0,0,NaN,NaN,77.40266196575587,NaN,NaN,NaN,9.17684996728423,9.026017313307772,NaN,NaN,NaN,NaN,NaN,NaN,NaN,NaN,NaN,NaN,1,0,0,0,0,NaN,NaN,77.40266196575587,NaN,NaN,NaN,9.17684996728423,9.026017313307772,NaN,NaN,NaN,NaN,NaN,NaN,NaN,NaN,NaN,NaN,1
2024-08-09T13:39:00-04:00,8.838114164163791,8.838114164163791,8.58,8.594999999999999,8.944069943857246,9.925509765642916,9.715114853261433,0,1,7430,7495,0,0,0,0,NaN,NaN,77.61281907349566,NaN,NaN,NaN,8.988951928981065,8.811756599916206,NaN,NaN,NaN,NaN,NaN,NaN,NaN,NaN,NaN,NaN,1,0,0,0,0,NaN,NaN,77.61281907349566,NaN,NaN,NaN,8.988951928981065,8.811756599916206,NaN,NaN,NaN,NaN,NaN,NaN,NaN,NaN,NaN,NaN,1
2024-08-09T13:58:00-04:00,8.716557082081895,8.716557082081895,8.58,8.625,8.886057226792293,9.90565465471707,9.6726984402097,0,0,7430,7496,0,0,0,0,NaN,NaN,78.88704553359422,NaN,NaN,NaN,8.984436254247743,8.811756599916206,NaN,NaN,NaN,NaN,NaN,NaN,NaN,NaN,NaN,NaN,1,0,0,0,0,NaN,NaN,78.88704553359422,NaN,NaN,NaN,8.984436254247743,8.811756599916206,NaN,NaN,NaN,NaN,NaN,NaN,NaN,NaN,NaN,NaN,1
2024-08-09T14:05:00-04:00,8.670778541040947,8.8,8.670778541040947,8.795,8.869501367375513,9.888698095103068,9.66921322790716,0,0,7430,7497,0,0,0,0,NaN,NaN,78.62599102388326,NaN,NaN,NaN,8.984436254247743,8.811756599916206,NaN,NaN,NaN,NaN,NaN,NaN,NaN,NaN,NaN,NaN,1,0,0,0,0,NaN,NaN,78.62599102388326,NaN,NaN,NaN,8.984436254247743,8.811756599916206,NaN,NaN,NaN,NaN,NaN,NaN,NaN,NaN,NaN,NaN,1
2024-08-09T14:24:00-04:00,8.732889270520474,8.89,8.732889270520474,8.89,8.873228391489056,9.873450795941189,9.66751515838897,0,0,7430,7498,0,0,0,0,NaN,NaN,78.85157736290488,NaN,NaN,NaN,8.984436254247743,8.811756599916206,NaN,NaN,NaN,NaN,NaN,NaN,NaN,NaN,NaN,NaN,1,0,0,0,0,NaN,NaN,78.85157736290488,NaN,NaN,NaN,8.984436254247743,8.811756599916206,NaN,NaN,NaN,NaN,NaN,NaN,NaN,NaN,NaN,NaN,1
2024-08-09T14:42:00-04:00,8.811444635260237,9.0899,8.811444635260237,9.0899,8.912623229400136,9.861488188369567,9.666236364624721,0,0,7430,7499,0,0,0,0,NaN,NaN,77.87083039821233,NaN,NaN,NaN,8.984436254247743,8.931532,NaN,NaN,NaN,NaN,NaN,NaN,NaN,NaN,NaN,NaN,1,0,0,0,0,NaN,NaN,77.87083039821233,NaN,NaN,NaN,8.984436254247743,8.931532,NaN,NaN,NaN,NaN,NaN,NaN,NaN,NaN,NaN,NaN,1
2024-08-09T14:43:00-04:00,8.950672317630119,9.09,8.950672317630119,9.09,8.944873551327385,9.849709742745604,9.663967226171021,0,0,7430,7500,0,0,0,0,NaN,NaN,76.64380885841427,NaN,NaN,NaN,8.984436254247743,8.93633454,NaN,NaN,NaN,NaN,NaN,NaN,NaN,NaN,NaN,NaN,1,0,0,0,0,NaN,NaN,76.64380885841427,NaN,NaN,NaN,8.984436254247743,8.93633454,NaN,NaN,NaN,NaN,NaN,NaN,NaN,NaN,NaN,NaN,1
2024-08-09T14:50:00-04:00,9.02033615881506,9.08,9.02033615881506,9.08,8.969441996540588,9.837958448963228,9.662819694825995,0,0,7430,7501,0,0,0,0,NaN,NaN,75.42380952361151,NaN,NaN,NaN,8.984436254247743,8.93633454,NaN,NaN,NaN,NaN,NaN,NaN,NaN,NaN,NaN,NaN,1,0,0,0,0,NaN,NaN,75.42380952361151,NaN,NaN,NaN,8.984436254247743,8.93633454,NaN,NaN,NaN,NaN,NaN,NaN,NaN,NaN,NaN,NaN,1
2024-08-09T14:56:00-04:00,9.05016807940753,9.05016807940753,8.99,8.995000000000001,8.974088906260482,9.825088854322567,9.656322003736209,0,0,7430,7502,0,0,0,0,NaN,NaN,74.68179731033807,NaN,NaN,NaN,8.984436254247743,8.93633454,NaN,NaN,NaN,NaN,NaN,NaN,NaN,NaN,NaN,NaN,1,0,0,0,0,NaN,NaN,74.68179731033807,NaN,NaN,NaN,8.984436254247743,8.93633454,NaN,NaN,NaN,NaN,NaN,NaN,NaN,NaN,NaN,NaN,1
2024-08-09T14:57:00-04:00,9.022584039703766,9.022584039703766,8.81,8.855,8.952436377849486,9.81027833746268,9.651671176652673,0,0,7430,7503,0,0,0,0,NaN,NaN,74.27091700444927,NaN,NaN,NaN,8.984436254247743,8.93633454,NaN,NaN,NaN,NaN,NaN,NaN,NaN,NaN,NaN,NaN,1,0,0,0,0,NaN,NaN,74.27091700444927,NaN,NaN,NaN,8.984436254247743,8.93633454,NaN,NaN,NaN,NaN,NaN,NaN,NaN,NaN,NaN,NaN,1
2024-08-09T14:58:00-04:00,8.938792019851883,8.938792019851883,8.8,8.81,8.926538854604125,9.79500691246325,9.629475624894047,0,0,7430,7504,0,0,0,0,NaN,NaN,74.38048858327734,NaN,NaN,NaN,8.984436254247743,8.93633454,NaN,NaN,NaN,NaN,NaN,NaN,NaN,NaN,NaN,NaN,1,0,0,0,0,NaN,NaN,74.38048858327734,NaN,NaN,NaN,8.984436254247743,8.93633454,NaN,NaN,NaN,NaN,NaN,NaN,NaN,NaN,NaN,NaN,1
2024-08-09T14:59:00-04:00,8.874396009925942,8.874396009925942,8.76,8.76,8.89625906285792,9.779205280211903,9.627840934215723,0,0,7430,7505,0,0,0,0,NaN,NaN,74.53654169188455,NaN,NaN,NaN,8.984436254247743,8.915099999999999,NaN,NaN,NaN,NaN,NaN,NaN,NaN,NaN,NaN,NaN,1,0,0,0,0,NaN,NaN,74.53654169188455,NaN,NaN,NaN,8.984436254247743,8.915099999999999,NaN,NaN,NaN,NaN,NaN,NaN,NaN,NaN,NaN,NaN,1
2024-08-09T15:21:00-04:00,8.817198004962972,8.9,8.817198004962972,8.8725,8.89193923324739,9.765362451506377,9.611855323984615,0,0,7430,7506,0,0,0,0,NaN,NaN,73.94792754778217,NaN,NaN,NaN,8.984436254247743,8.915099999999999,NaN,NaN,NaN,NaN,NaN,NaN,NaN,NaN,NaN,NaN,1,0,0,0,0,NaN,NaN,73.94792754778217,NaN,NaN,NaN,8.984436254247743,8.915099999999999,NaN,NaN,NaN,NaN,NaN,NaN,NaN,NaN,NaN,NaN,1
2024-08-09T15:22:00-04:00,8.844849002481485,8.844849002481485,8.76,8.76,8.867950281747865,9.75001340644521,9.610290535278018,0,0,7430,7507,0,0,0,0,NaN,NaN,73.93091856532294,NaN,NaN,NaN,8.984436254247743,8.915099999999999,NaN,NaN,NaN,NaN,NaN,NaN,NaN,NaN,NaN,NaN,1,0,0,0,0,NaN,NaN,73.93091856532294,NaN,NaN,NaN,8.984436254247743,8.915099999999999,NaN,NaN,NaN,NaN,NaN,NaN,NaN,NaN,NaN,NaN,1
2024-08-09T15:26:00-04:00,8.802424501240743,8.89,8.77,8.8275,8.860595685066436,9.73592923230101,9.606000410128063,0,0,7430,7508,0,0,0,0,NaN,NaN,73.75822029436736,NaN,NaN,NaN,8.984436254247743,8.915099999999999,NaN,NaN,NaN,NaN,NaN,NaN,NaN,NaN,NaN,NaN,1,0,0,0,0,NaN,NaN,73.75822029436736,NaN,NaN,NaN,8.984436254247743,8.915099999999999,NaN,NaN,NaN,NaN,NaN,NaN,NaN,NaN,NaN,NaN,1
2024-08-09T15:35:00-04:00,8.814962250620372,8.814962250620372,8.75,8.75,8.84048737869072,9.72087687760939,9.590643112542386,0,0,7430,7509,0,0,0,0,NaN,NaN,73.59883498051474,NaN,NaN,NaN,8.984436254247743,8.905297,NaN,NaN,NaN,NaN,NaN,NaN,NaN,NaN,NaN,NaN,1,0,0,0,0,NaN,NaN,73.59883498051474,NaN,NaN,NaN,8.984436254247743,8.905297,NaN,NaN,NaN,NaN,NaN,NaN,NaN,NaN,NaN,NaN,1
2024-08-09T15:36:00-04:00,8.782481125310186,8.782481125310186,8.63,8.63,8.802216946201497,9.704222268790927,9.587208503012212,0,1,7430,7510,0,0,0,0,NaN,NaN,73.48955920117226,NaN,NaN,NaN,8.984436254247743,8.83237918,NaN,NaN,NaN,NaN,NaN,NaN,NaN,NaN,NaN,NaN,1,0,0,0,0,NaN,NaN,73.48955920117226,NaN,NaN,NaN,8.984436254247743,8.83237918,NaN,NaN,NaN,NaN,NaN,NaN,NaN,NaN,NaN,NaN,1
2024-08-09T15:38:00-04:00,8.706240562655093,8.706240562655093,8.6,8.6,8.765450228710316,9.68736391354221,9.583779108027223,0,0,7430,7511,0,0,0,0,NaN,NaN,73.43366459160299,NaN,NaN,NaN,8.984436254247743,8.797815053799997,NaN,NaN,NaN,NaN,NaN,NaN,NaN,NaN,NaN,NaN,1,0,0,0,0,NaN,NaN,73.43366459160299,NaN,NaN,NaN,8.984436254247743,8.797815053799997,NaN,NaN,NaN,NaN,NaN,NaN,NaN,NaN,NaN,NaN,1
2024-08-09T15:46:00-04:00,8.653120281327546,8.653120281327546,8.59,8.59,8.733550187126623,9.670610266007214,9.58201188693673,0,0,7430,7512,0,0,0,0,NaN,NaN,73.35004176631972,NaN,NaN,NaN,8.984436254247743,8.768477247343998,NaN,NaN,NaN,NaN,NaN,NaN,NaN,NaN,NaN,NaN,1,0,0,0,0,NaN,NaN,73.35004176631972,NaN,NaN,NaN,8.984436254247743,8.768477247343998,NaN,NaN,NaN,NaN,NaN,NaN,NaN,NaN,NaN,NaN,1
2024-08-09T15:48:00-04:00,8.621560140663773,8.621560140663773,8.56,8.575000000000001,8.704722880376329,9.653883391717027,9.556358423159574,0,0,7430,7513,0,0,0,0,NaN,NaN,73.28240159215423,NaN,NaN,NaN,8.984436254247743,8.7330806602424,NaN,NaN,NaN,NaN,NaN,NaN,NaN,NaN,NaN,NaN,1,0,0,0,0,NaN,NaN,73.28240159215423,NaN,NaN,NaN,8.984436254247743,8.7330806602424,NaN,NaN,NaN,NaN,NaN,NaN,NaN,NaN,NaN,NaN,1
2024-08-09T15:49:00-04:00,8.598280070331887,8.598280070331887,8.49,8.51,8.669318720307905,9.636419523141194,9.512724677405963,0,0,7430,7514,0,0,0,0,NaN,NaN,73.24685093097162,NaN,NaN,NaN,8.984436254247743,8.666276141398768,NaN,NaN,NaN,NaN,NaN,NaN,NaN,NaN,NaN,NaN,1,0,0,0,0,NaN,NaN,73.24685093097162,NaN,NaN,NaN,8.984436254247743,8.666276141398768,NaN,NaN,NaN,NaN,NaN,NaN,NaN,NaN,NaN,NaN,1
2024-08-09T15:50:00-04:00,8.554140035165943,8.554140035165943,8.21,8.32,8.605806225706468,9.616321515154306,9.48751875883931,0,0,7430,7515,0,0,0,0,NaN,NaN,73.20090484448217,NaN,NaN,NaN,8.984436254247743,8.518508151705026,NaN,NaN,NaN,NaN,NaN,NaN,NaN,NaN,NaN,NaN,1,0,0,0,0,NaN,NaN,73.20090484448217,NaN,NaN,NaN,8.984436254247743,8.518508151705026,NaN,NaN,NaN,NaN,NaN,NaN,NaN,NaN,NaN,NaN,1
2024-08-09T15:51:00-04:00,8.437070017582972,8.437070017582972,8.25,8.3,8.550205093759837,9.596225003472561,9.45456080115693,0,0,7430,7516,0,0,0,0,NaN,NaN,73.16626108907488,NaN,NaN,NaN,8.984436254247743,8.45846619529582,NaN,NaN,NaN,NaN,NaN,NaN,NaN,NaN,NaN,NaN,1,0,0,0,0,NaN,NaN,73.16626108907488,NaN,NaN,NaN,8.984436254247743,8.45846619529582,NaN,NaN,NaN,NaN,NaN,NaN,NaN,NaN,NaN,NaN,1
2024-08-09T15:55:00-04:00,8.368535008791486,8.368535008791486,8.32,8.32,8.50834962216714,9.576740652274507,9.452770454150954,0,0,7430,7517,0,0,0,0,NaN,NaN,73.20035366240484,NaN,NaN,NaN,8.984436254247743,8.45846619529582,NaN,NaN,NaN,NaN,NaN,NaN,NaN,NaN,NaN,NaN,1,0,0,0,0,NaN,NaN,73.20035366240484,NaN,NaN,NaN,8.984436254247743,8.45846619529582,NaN,NaN,NaN,NaN,NaN,NaN,NaN,NaN,NaN,NaN,1
2024-08-09T15:58:00-04:00,8.344267504395743,8.46,8.32,8.39,8.486831509045842,9.558622474377186,9.431133231047491,0,0,7430,7518,0,0,0,0,NaN,NaN,73.2688170676801,NaN,NaN,NaN,8.950665988488756,8.45846619529582,NaN,NaN,NaN,NaN,NaN,NaN,NaN,NaN,NaN,NaN,1,0,0,0,0,NaN,NaN,73.2688170676801,NaN,NaN,NaN,8.950665988488756,8.45846619529582,NaN,NaN,NaN,NaN,NaN,NaN,NaN,NaN,NaN,NaN,1
2024-08-09T15:59:00-04:00,8.367133752197873,8.367133752197873,8.34,8.34,8.460134871037507,9.540017551104253,9.429449071587333,0,0,7430,7519,0,0,0,0,NaN,NaN,73.31316899023844,NaN,NaN,NaN,8.686032979866019,8.45846619529582,NaN,NaN,NaN,NaN,NaN,NaN,NaN,NaN,NaN,NaN,1,0,0,0,0,NaN,NaN,73.31316899023844,NaN,NaN,NaN,8.686032979866019,8.45846619529582,NaN,NaN,NaN,NaN,NaN,NaN,NaN,NaN,NaN,NaN,1
2024-08-09T16:00:00-04:00,8.353566876098936,8.46,8.353566876098936,8.46,8.460110349030687,9.523528733530142,9.426748240699412,0,0,7430,7520,0,0,0,0,NaN,NaN,73.17973802845759,NaN,NaN,NaN,8.686032979866019,8.45846619529582,NaN,NaN,NaN,NaN,NaN,NaN,NaN,NaN,NaN,NaN,1,0,0,0,0,NaN,NaN,73.17973802845759,NaN,NaN,NaN,8.686032979866019,8.45846619529582,NaN,NaN,NaN,NaN,NaN,NaN,NaN,NaN,NaN,NaN,1
2024-08-12T04:58:00-04:00,8.40678343804947,9.5,8.40678343804947,9.5,8.649181194661471,9.523169516224339,9.5,0,0,7430,7521,0,0,0,0,NaN,NaN,64.43938084231998,NaN,NaN,NaN,8.686032979866019,9.062000000000001,NaN,NaN,NaN,NaN,NaN,NaN,NaN,NaN,NaN,NaN,1,0,0,0,0,NaN,NaN,64.43938084231998,NaN,NaN,NaN,8.686032979866019,9.062000000000001,NaN,NaN,NaN,NaN,NaN,NaN,NaN,NaN,NaN,NaN,1
2024-08-12T05:15:00-04:00,8.953391719024735,9.5,8.953391719024735,9.5,8.80387552290484,9.522815783152211,9.5,0,0,7430,7522,0,0,0,0,NaN,NaN,55.79279985276884,NaN,NaN,NaN,9.097492802516125,9.062000000000001,NaN,NaN,NaN,NaN,NaN,NaN,NaN,NaN,NaN,NaN,1,0,0,0,0,NaN,NaN,55.79279985276884,NaN,NaN,NaN,9.097492802516125,9.062000000000001,NaN,NaN,NaN,NaN,NaN,NaN,NaN,NaN,NaN,NaN,1
2024-08-12T05:16:00-04:00,9.226695859512368,9.5,9.226695859512368,9.5,8.930443609649416,9.522467450585001,9.5,0,0,7430,7523,0,0,0,0,NaN,NaN,48.03084508128806,NaN,NaN,NaN,9.143181071781262,9.062000000000001,NaN,NaN,NaN,NaN,NaN,NaN,NaN,NaN,NaN,NaN,1,0,0,0,0,NaN,NaN,48.03084508128806,NaN,NaN,NaN,9.143181071781262,9.062000000000001,NaN,NaN,NaN,NaN,NaN,NaN,NaN,NaN,NaN,NaN,1
2024-08-12T07:06:00-04:00,9.363347929756184,9.363347929756184,8.52,8.6825,8.885362953349523,9.509643520041719,9.173,0,0,7430,7524,0,0,0,0,NaN,NaN,47.93728032243037,NaN,NaN,NaN,9.04610983357764,9.062000000000001,NaN,NaN,NaN,NaN,NaN,NaN,NaN,NaN,NaN,NaN,1,0,0,0,0,NaN,NaN,47.93728032243037,NaN,NaN,NaN,9.04610983357764,9.062000000000001,NaN,NaN,NaN,NaN,NaN,NaN,NaN,NaN,NaN,NaN,1
2024-08-12T07:08:00-04:00,9.022923964878093,9.022923964878093,8.52,8.52,8.81893332546779,9.494534458667037,9.113636363636363,0,0,7430,7525,0,0,0,0,NaN,NaN,48.852735243567025,NaN,NaN,NaN,8.886192369102435,8.9953,NaN,NaN,NaN,NaN,NaN,NaN,NaN,NaN,NaN,NaN,1,0,0,0,0,NaN,NaN,48.852735243567025,NaN,NaN,NaN,8.886192369102435,8.9953,NaN,NaN,NaN,NaN,NaN,NaN,NaN,NaN,NaN,NaN,1
2024-08-12T08:00:00-04:00,8.771461982439046,8.771461982439046,8.32,8.36,8.735490902655465,9.477213321893494,8.878125,0,0,7430,7526,0,0,0,0,NaN,NaN,49.61317475089096,NaN,NaN,NaN,8.72831169960327,8.898641,NaN,NaN,NaN,NaN,NaN,NaN,NaN,NaN,NaN,NaN,1,0,0,0,0,NaN,NaN,49.61317475089096,NaN,NaN,NaN,8.72831169960327,8.898641,NaN,NaN,NaN,NaN,NaN,NaN,NaN,NaN,NaN,NaN,1
2024-08-12T08:01:00-04:00,8.565730991219523,8.565730991219523,8.32,8.32,8.659947102172653,9.459545942933287,8.802702702702703,0,1,7430,7527,0,0,0,0,NaN,NaN,50.355595621740704,NaN,NaN,NaN,8.688620287278418,8.84512254,NaN,NaN,NaN,NaN,NaN,NaN,NaN,NaN,NaN,NaN,1,0,0,0,0,NaN,NaN,50.355595621740704,NaN,NaN,NaN,8.688620287278418,8.84512254,NaN,NaN,NaN,NaN,NaN,NaN,NaN,NaN,NaN,NaN,1
2024-08-12T08:07:00-04:00,8.442865495609762,8.442865495609762,8.41,8.41,8.614502174504898,9.4435223407511,8.782564102564102,0,0,7430,7528,0,0,0,0,NaN,NaN,51.69370078398005,NaN,NaN,NaN,8.688620287278418,8.84512254,NaN,NaN,NaN,NaN,NaN,NaN,NaN,NaN,NaN,NaN,1,0,0,0,0,NaN,NaN,51.69370078398005,NaN,NaN,NaN,8.688620287278418,8.84512254,NaN,NaN,NaN,NaN,NaN,NaN,NaN,NaN,NaN,NaN,1
2024-08-12T08:15:00-04:00,8.426432747804881,8.426432747804881,8.32,8.32,8.560956324594915,9.426369327915205,8.615737704918033,0,0,7430,7529,0,0,0,0,NaN,NaN,53.07681815521943,NaN,NaN,NaN,8.688620287278418,8.84512254,NaN,NaN,NaN,NaN,NaN,NaN,NaN,NaN,NaN,NaN,1,0,0,0,0,NaN,NaN,53.07681815521943,NaN,NaN,NaN,8.688620287278418,8.84512254,NaN,NaN,NaN,NaN,NaN,NaN,NaN,NaN,NaN,NaN,1
2024-08-12T08:18:00-04:00,8.37321637390244,8.37321637390244,8.06,8.1125,8.479418811032204,9.406310254206577,8.465344827586208,0,0,7430,7530,0,0,0,0,NaN,NaN,54.625053157074234,NaN,NaN,NaN,8.688620287278418,8.6847740114,NaN,NaN,NaN,NaN,NaN,NaN,NaN,NaN,NaN,NaN,1,0,0,0,0,NaN,NaN,54.625053157074234,NaN,NaN,NaN,8.688620287278418,8.6847740114,NaN,NaN,NaN,NaN,NaN,NaN,NaN,NaN,NaN,NaN,1
2024-08-12T08:21:00-04:00,8.24285818695122,8.24285818695122,8.03,8.03,8.39770629993544,9.385297883913347,8.446208791208791,0,0,7430,7531,0,0,0,0,NaN,NaN,56.411815888655205,NaN,NaN,NaN,8.688620287278418,8.569901130032,NaN,NaN,NaN,NaN,NaN,NaN,NaN,NaN,NaN,NaN,1,0,0,0,0,NaN,NaN,56.411815888655205,NaN,NaN,NaN,8.688620287278418,8.569901130032,NaN,NaN,NaN,NaN,NaN,NaN,NaN,NaN,NaN,NaN,1
2024-08-12T08:48:00-04:00,8.13642909347561,8.13642909347561,7.51,7.66,8.26357788176536,9.358957458204747,8.363075864779875,0,0,7430,7532,0,0,0,0,NaN,NaN,58.285115992932134,NaN,NaN,NaN,8.595037126714004,8.2761659605272,NaN,NaN,NaN,NaN,NaN,NaN,NaN,NaN,NaN,NaN,1,0,0,0,0,NaN,NaN,58.285115992932134,NaN,NaN,NaN,8.595037126714004,8.2761659605272,NaN,NaN,NaN,NaN,NaN,NaN,NaN,NaN,NaN,NaN,1
2024-08-12T08:59:00-04:00,7.898214546737805,7.898214546737805,7.51,7.51,8.126563721444384,9.330729100064216,8.346632613723978,0,0,7430,7533,0,0,0,0,NaN,NaN,60.52150139717747,NaN,NaN,NaN,7.883054651908001,8.076756087632305,NaN,NaN,NaN,NaN,NaN,NaN,NaN,NaN,NaN,NaN,1,0,0,0,0,NaN,NaN,60.52150139717747,NaN,NaN,NaN,7.883054651908001,8.076756087632305,NaN,NaN,NaN,NaN,NaN,NaN,NaN,NaN,NaN,NaN,1
2024-08-12T09:00:00-04:00,7.704107273368902,7.704107273368902,7.21,7.2675,7.970370317545405,9.299229419147206,8.18710249671485,0,0,7430,7534,0,0,0,0,NaN,NaN,62.0286998962313,NaN,NaN,NaN,7.6430128172904395,7.8110248092295205,NaN,NaN,NaN,NaN,NaN,NaN,NaN,NaN,NaN,NaN,1,0,0,0,0,NaN,NaN,62.0286998962313,NaN,NaN,NaN,7.6430128172904395,7.8110248092295205,NaN,NaN,NaN,NaN,NaN,NaN,NaN,NaN,NaN,NaN,1
2024-08-12T09:01:00-04:00,7.485803636684452,7.485803636684452,7.3,7.305,7.849393896173513,9.268783168473202,8.107966507177034,0,0,7430,7535,0,0,0,0,NaN,NaN,64.10261998996567,NaN,NaN,NaN,7.6430128172904395,7.8110248092295205,NaN,NaN,NaN,NaN,NaN,NaN,NaN,NaN,NaN,NaN,1,0,0,0,0,NaN,NaN,64.10261998996567,NaN,NaN,NaN,7.6430128172904395,7.8110248092295205,NaN,NaN,NaN,NaN,NaN,NaN,NaN,NaN,NaN,NaN,1
2024-08-12T09:02:00-04:00,7.395401818342226,7.51,7.3,7.404999999999999,7.768595005960147,9.240328463611016,8.011872337679101,0,0,7430,7536,0,0,0,0,NaN,NaN,65.59216345946585,NaN,NaN,NaN,7.6430128172904395,7.8110248092295205,NaN,NaN,NaN,NaN,NaN,NaN,NaN,NaN,NaN,NaN,1,0,0,0,0,NaN,NaN,65.59216345946585,NaN,NaN,NaN,7.6430128172904395,7.8110248092295205,NaN,NaN,NaN,NaN,NaN,NaN,NaN,NaN,NaN,NaN,1
2024-08-12T09:09:00-04:00,7.4002009091711125,7.51,7.4002009091711125,7.505,7.72066864124012,9.213834899281077,7.9958425,0,0,7430,7537,0,0,0,0,NaN,NaN,67.12822776052587,NaN,NaN,NaN,7.6430128172904395,7.8110248092295205,NaN,NaN,NaN,NaN,NaN,NaN,NaN,NaN,NaN,NaN,1,0,0,0,0,NaN,NaN,67.12822776052587,NaN,NaN,NaN,7.6430128172904395,7.8110248092295205,NaN,NaN,NaN,NaN,NaN,NaN,NaN,NaN,NaN,NaN,1
2024-08-12T09:12:00-04:00,7.452600454585556,7.452600454585556,7.23,7.235,7.632365251923735,9.183623679444723,7.959611904761903,0,0,7430,7538,0,0,0,0,NaN,NaN,68.34615450538229,NaN,NaN,NaN,7.6430128172904395,7.660428855014436,NaN,NaN,NaN,NaN,NaN,NaN,NaN,NaN,NaN,NaN,1,0,0,0,0,NaN,NaN,68.34615450538229,NaN,NaN,NaN,7.6430128172904395,7.660428855014436,NaN,NaN,NaN,NaN,NaN,NaN,NaN,NaN,NaN,NaN,1
2024-08-12T09:13:00-04:00,7.343800227292778,7.343800227292778,7.22,7.225,7.558298842483056,9.153721027850148,7.888520430107526,0,0,7430,7539,0,0,0,0,NaN,NaN,69.60008063680107,NaN,NaN,NaN,7.6430128172904395,7.539213064160538,NaN,NaN,NaN,NaN,NaN,NaN,NaN,NaN,NaN,NaN,1,0,0,0,0,NaN,NaN,69.60008063680107,NaN,NaN,NaN,7.6430128172904395,7.539213064160538,NaN,NaN,NaN,NaN,NaN,NaN,NaN,NaN,NaN,NaN,1
2024-08-12T09:14:00-04:00,7.284400113646389,7.284400113646389,7.24,7.24,7.500426325667955,9.124503912921138,7.874867368421052,0,0,7430,7540,0,0,0,0,NaN,NaN,70.97889270780337,NaN,NaN,NaN,7.6430128172904395,7.539213064160538,NaN,NaN,NaN,NaN,NaN,NaN,NaN,NaN,NaN,NaN,1,0,0,0,0,NaN,NaN,70.97889270780337,NaN,NaN,NaN,7.6430128172904395,7.539213064160538,NaN,NaN,NaN,NaN,NaN,NaN,NaN,NaN,NaN,NaN,1
2024-08-12T09:16:00-04:00,7.262200056823195,7.35,7.262200056823195,7.35,7.473076084637418,9.09741225012845,7.846390243902438,0,0,7430,7541,0,0,0,0,NaN,NaN,72.2841287354985,NaN,NaN,NaN,7.6430128172904395,7.539213064160538,NaN,NaN,NaN,NaN,NaN,NaN,NaN,NaN,NaN,NaN,1,0,0,0,0,NaN,NaN,72.2841287354985,NaN,NaN,NaN,7.6430128172904395,7.539213064160538,NaN,NaN,NaN,NaN,NaN,NaN,NaN,NaN,NaN,NaN,1
2024-08-12T09:17:00-04:00,7.306100028411597,7.35,7.306100028411597,7.35,7.450698614703342,9.070734200508168,7.82976907533917,0,0,7430,7542,0,0,0,0,NaN,NaN,73.48709846086217,NaN,NaN,NaN,7.6430128172904395,7.539213064160538,NaN,NaN,NaN,NaN,NaN,NaN,NaN,NaN,NaN,NaN,1,0,0,0,0,NaN,NaN,73.48709846086217,NaN,NaN,NaN,7.6430128172904395,7.539213064160538,NaN,NaN,NaN,NaN,NaN,NaN,NaN,NaN,NaN,NaN,1
2024-08-12T09:24:00-04:00,7.3280500142057985,7.6,7.3280500142057985,7.6,7.477844321120916,9.048280243248502,7.825430944963655,0,0,7430,7543,0,0,0,0,NaN,NaN,74.39114822478473,NaN,NaN,NaN,7.6430128172904395,7.539213064160538,NaN,NaN,NaN,NaN,NaN,NaN,NaN,NaN,NaN,NaN,1,0,0,0,0,NaN,NaN,74.39114822478473,NaN,NaN,NaN,7.6430128172904395,7.539213064160538,NaN,NaN,NaN,NaN,NaN,NaN,NaN,NaN,NaN,NaN,1
2024-08-12T09:25:00-04:00,7.464025007102899,7.8,7.464025007102899,7.8,7.536418080917113,9.02922252961112,7.824959696099323,0,0,7430,7544,0,0,0,0,NaN,NaN,74.80776923660194,NaN,NaN,NaN,7.6430128172904395,7.539213064160538,NaN,NaN,NaN,NaN,NaN,NaN,NaN,NaN,NaN,NaN,1,0,0,0,0,NaN,NaN,74.80776923660194,NaN,NaN,NaN,7.6430128172904395,7.539213064160538,NaN,NaN,NaN,NaN,NaN,NaN,NaN,NaN,NaN,NaN,1
2024-08-12T09:30:00-04:00,7.632012503551449,7.632012503551449,7.21,7.315,7.496160248023092,9.003051193281179,7.679093074022623,0,0,7430,7545,0,0,0,0,NaN,NaN,75.94853548423627,NaN,NaN,NaN,7.6430128172904395,7.539213064160538,NaN,NaN,NaN,NaN,NaN,NaN,NaN,NaN,NaN,NaN,1,0,0,0,0,NaN,NaN,75.94853548423627,NaN,NaN,NaN,7.6430128172904395,7.539213064160538,NaN,NaN,NaN,NaN,NaN,NaN,NaN,NaN,NaN,NaN,1
2024-08-12T09:31:00-04:00,7.473506251775724,7.473506251775724,7.21,7.21,7.444131112018894,8.97567636590284,7.676010383124137,0,0,7430,7546,0,0,0,0,NaN,NaN,76.88767784350816,NaN,NaN,NaN,7.6430128172904395,7.435199144912376,NaN,NaN,NaN,NaN,NaN,NaN,NaN,NaN,NaN,NaN,1,0,0,0,0,NaN,NaN,76.88767784350816,NaN,NaN,NaN,7.6430128172904395,7.435199144912376,NaN,NaN,NaN,NaN,NaN,NaN,NaN,NaN,NaN,NaN,1
2024-08-12T09:32:00-04:00,7.3417531258878626,7.3417531258878626,6.99,7.1,7.38156181892455,8.947040085507377,7.557256507903385,0,0,7430,7547,0,0,0,0,NaN,NaN,77.4582471465087,NaN,NaN,NaN,7.6430128172904395,7.287733427091292,NaN,NaN,NaN,NaN,NaN,NaN,NaN,NaN,NaN,NaN,1,0,0,0,0,NaN,NaN,77.4582471465087,NaN,NaN,NaN,7.6430128172904395,7.287733427091292,NaN,NaN,NaN,NaN,NaN,NaN,NaN,NaN,NaN,NaN,1
2024-08-12T09:33:00-04:00,7.220876562943931,7.220876562943931,6.99,7.0375,7.319005124574632,8.917886801759172,7.524460532746823,0,0,7430,7548,0,0,0,0,NaN,NaN,77.48944895840506,NaN,NaN,NaN,7.6430128172904395,7.177649393338427,NaN,NaN,NaN,NaN,NaN,NaN,NaN,NaN,NaN,NaN,1,0,0,0,0,NaN,NaN,77.48944895840506,NaN,NaN,NaN,7.6430128172904395,7.177649393338427,NaN,NaN,NaN,NaN,NaN,NaN,NaN,NaN,NaN,NaN,1
2024-08-12T09:35:00-04:00,7.129188281471965,7.129188281471965,6.94,6.94,7.250095101924699,8.887690056694147,7.510518249045801,0,1,7430,7549,0,0,0,0,NaN,NaN,77.72413165151097,NaN,NaN,NaN,7.6430128172904395,7.05522862993644,NaN,NaN,NaN,NaN,NaN,NaN,NaN,NaN,NaN,NaN,1,0,0,0,0,NaN,NaN,77.72413165151097,NaN,NaN,NaN,7.6430128172904395,7.05522862993644,NaN,NaN,NaN,NaN,NaN,NaN,NaN,NaN,NaN,NaN,1
2024-08-12T09:36:00-04:00,7.034594140735983,7.034594140735983,6.31,6.585,7.129168719756572,8.852534483309503,7.425723866689781,0,0,7430,7550,0,0,0,0,NaN,NaN,77.752106579417,NaN,NaN,NaN,7.597996120742697,6.754782605363136,NaN,NaN,NaN,NaN,NaN,NaN,NaN,NaN,NaN,NaN,1,0,0,0,0,NaN,NaN,77.752106579417,NaN,NaN,NaN,7.597996120742697,6.754782605363136,NaN,NaN,NaN,NaN,NaN,NaN,NaN,NaN,NaN,NaN,1
2024-08-12T09:37:00-04:00,6.809797070367992,6.86,6.25,6.5675,7.027047134346286,8.817648460663557,7.308978170517093,0,0,7430,7551,0,0,0,0,NaN,NaN,77.71760754376531,NaN,NaN,NaN,6.952425799099846,6.6656929329497245,NaN,NaN,NaN,NaN,NaN,NaN,NaN,NaN,NaN,NaN,1,0,0,0,0,NaN,NaN,77.71760754376531,NaN,NaN,NaN,6.952425799099846,6.6656929329497245,NaN,NaN,NaN,NaN,NaN,NaN,NaN,NaN,NaN,NaN,1
2024-08-12T09:38:00-04:00,6.6886485351839955,6.6886485351839955,6.3,6.475,6.926674928101506,8.781882835309915,7.163459909742829,0,0,7430,7552,0,0,0,0,NaN,NaN,77.87970595723532,NaN,NaN,NaN,6.8614018447872045,6.550110325133856,NaN,NaN,NaN,NaN,NaN,NaN,NaN,NaN,NaN,NaN,1,0,0,0,0,NaN,NaN,77.87970595723532,NaN,NaN,NaN,6.8614018447872045,6.550110325133856,NaN,NaN,NaN,NaN,NaN,NaN,NaN,NaN,NaN,NaN,1
2024-08-12T09:39:00-04:00,6.581824267591998,6.581824267591998,6.4799,6.48995,6.8472703957194145,8.746891494312816,7.124894563918757,0,0,7430,7553,0,0,0,0,NaN,NaN,78.11482598722401,NaN,NaN,NaN,6.8614018447872045,6.550110325133856,NaN,NaN,NaN,NaN,NaN,NaN,NaN,NaN,NaN,NaN,1,0,0,0,0,NaN,NaN,78.11482598722401,NaN,NaN,NaN,6.8614018447872045,6.550110325133856,NaN,NaN,NaN,NaN,NaN,NaN,NaN,NaN,NaN,NaN,1
2024-08-12T09:40:00-04:00,6.535887133795999,6.535887133795999,5.84,6.1136,6.7138757783158844,8.70668857073552,6.993355514855,0,0,7430,7554,0,0,0,0,NaN,NaN,77.96645533678246,NaN,NaN,NaN,6.559580051884032,6.238947059315589,NaN,NaN,NaN,NaN,NaN,NaN,NaN,NaN,NaN,NaN,1,0,0,0,0,NaN,NaN,77.96645533678246,NaN,NaN,NaN,6.559580051884032,6.238947059315589,NaN,NaN,NaN,NaN,NaN,NaN,NaN,NaN,NaN,NaN,1
2024-08-12T10:43:00-04:00,6.324743566897999,6.324743566897999,1.99,2.16,5.885898364076633,8.606739126907497,3.8165553558706495,0,0,7430,7555,0,0,0,0,NaN,NaN,62.491695317846116,NaN,NaN,NaN,2.58554771110832,3.1269876472851705,NaN,NaN,NaN,NaN,NaN,NaN,NaN,NaN,NaN,NaN,1,0,0,0,0,NaN,NaN,62.491695317846116,NaN,NaN,NaN,2.58554771110832,3.1269876472851705,NaN,NaN,NaN,NaN,NaN,NaN,NaN,NaN,NaN,NaN,1
2024-08-12T10:44:00-04:00,4.242371783449,4.242371783449,2.17,2.3475,5.242553206971791,8.511178224206619,3.658452429077602,0,0,7430,7556,0,0,0,0,NaN,NaN,58.13289771847656,NaN,NaN,NaN,2.58554771110832,3.1269876472851705,NaN,NaN,NaN,NaN,NaN,NaN,NaN,NaN,NaN,NaN,1,0,0,0,0,NaN,NaN,58.13289771847656,NaN,NaN,NaN,2.58554771110832,3.1269876472851705,NaN,NaN,NaN,NaN,NaN,NaN,NaN,NaN,NaN,NaN,1
2024-08-12T10:54:00-04:00,3.2949358917245,3.2949358917245,2.5,2.625,4.766634442067829,8.421312907806518,3.4793643934878062,0,0,7430,7557,0,0,0,0,NaN,NaN,57.171018974973045,NaN,NaN,NaN,2.58554771110832,3.1269876472851705,NaN,NaN,NaN,NaN,NaN,NaN,NaN,NaN,NaN,NaN,1,0,0,0,0,NaN,NaN,57.171018974973045,NaN,NaN,NaN,2.58554771110832,3.1269876472851705,NaN,NaN,NaN,NaN,NaN,NaN,NaN,NaN,NaN,NaN,1
2024-08-12T10:55:00-04:00,2.95996794586225,2.95996794586225,2.75,2.75,4.399973634419133,8.334727977916343,3.478570514774147,0,0,7430,7558,0,0,0,0,NaN,NaN,57.65795412018977,NaN,NaN,NaN,2.58554771110832,3.1269876472851705,NaN,NaN,NaN,NaN,NaN,NaN,NaN,NaN,NaN,NaN,1,0,0,0,0,NaN,NaN,57.65795412018977,NaN,NaN,NaN,2.58554771110832,3.1269876472851705,NaN,NaN,NaN,NaN,NaN,NaN,NaN,NaN,NaN,NaN,1
2024-08-12T11:06:00-04:00,2.854983972931125,3.52,2.854983972931125,3.3600000000000003,4.2108875190702,8.25877793245197,3.464044810663521,0,0,7430,7559,0,0,0,0,NaN,NaN,58.961985779977354,NaN,NaN,NaN,2.58554771110832,3.1269876472851705,NaN,NaN,NaN,NaN,NaN,NaN,NaN,NaN,NaN,NaN,1,0,0,0,0,NaN,NaN,58.961985779977354,NaN,NaN,NaN,2.58554771110832,3.1269876472851705,NaN,NaN,NaN,NaN,NaN,NaN,NaN,NaN,NaN,NaN,1
2024-08-12T11:11:00-04:00,3.1074919864655626,4.07,3.1074919864655626,3.8850000000000002,4.151635242875618,8.192002696842016,3.5156143584320576,0,0,7430,7560,0,0,0,0,NaN,NaN,60.57860102836924,NaN,NaN,NaN,2.58554771110832,3.1269876472851705,NaN,NaN,NaN,NaN,NaN,NaN,NaN,NaN,NaN,NaN,1,0,0,0,0,NaN,NaN,60.57860102836924,NaN,NaN,NaN,2.58554771110832,3.1269876472851705,NaN,NaN,NaN,NaN,NaN,NaN,NaN,NaN,NaN,NaN,1
2024-08-12T11:12:00-04:00,3.4962459932327814,4.07,3.4962459932327814,4.07,4.1367924714436874,8.129071357958932,3.5164276367673053,0,0,7430,7561,0,0,0,0,NaN,NaN,62.13113497372797,NaN,NaN,NaN,3.2361996640635393,3.1269876472851705,NaN,NaN,NaN,NaN,NaN,NaN,NaN,NaN,NaN,NaN,1,0,0,0,0,NaN,NaN,62.13113497372797,NaN,NaN,NaN,3.2361996640635393,3.1269876472851705,NaN,NaN,NaN,NaN,NaN,NaN,NaN,NaN,NaN,NaN,1
2024-08-12T11:17:00-04:00,3.783122996616391,4.28,3.66,4.022525,4.116016567544835,8.066375993715283,3.6055439288423092,0,0,7430,7562,0,0,0,0,NaN,NaN,63.769493109992695,NaN,NaN,NaN,3.557616193853633,3.1269876472851705,NaN,NaN,NaN,NaN,NaN,NaN,NaN,NaN,NaN,NaN,1,0,0,0,0,NaN,NaN,63.769493109992695,NaN,NaN,NaN,3.557616193853633,3.1269876472851705,NaN,NaN,NaN,NaN,NaN,NaN,NaN,NaN,NaN,NaN,1
2024-08-12T11:18:00-04:00,3.9028239983081954,4.27,3.73,4.079,4.109286282536683,8.005500024345585,3.6427885075597346,0,0,7430,7563,0,0,0,0,NaN,NaN,65.46496243916108,NaN,NaN,NaN,3.611690737884365,3.1269876472851705,NaN,NaN,NaN,NaN,NaN,NaN,NaN,NaN,NaN,NaN,1,0,0,0,0,NaN,NaN,65.46496243916108,NaN,NaN,NaN,3.611690737884365,3.1269876472851705,NaN,NaN,NaN,NaN,NaN,NaN,NaN,NaN,NaN,NaN,1
2024-08-12T11:19:00-04:00,3.9909119991540978,4,3.8,3.87125,4.066006958439104,7.94238170336321,3.65375114803088,0,0,7430,7564,0,0,0,0,NaN,NaN,67.24298457903001,NaN,NaN,NaN,3.611690737884365,3.1269876472851705,NaN,NaN,NaN,NaN,NaN,NaN,NaN,NaN,NaN,NaN,1,0,0,0,0,NaN,NaN,67.24298457903001,NaN,NaN,NaN,3.611690737884365,3.1269876472851705,NaN,NaN,NaN,NaN,NaN,NaN,NaN,NaN,NaN,NaN,1
2024-08-12T11:20:00-04:00,3.931080999577049,3.98,3.72,3.8925,4.034460238722903,7.8805514483500305,3.6685389961621895,0,0,7430,7565,0,0,0,0,NaN,NaN,68.91362093473433,NaN,NaN,NaN,3.611690737884365,3.1269876472851705,NaN,NaN,NaN,NaN,NaN,NaN,NaN,NaN,NaN,NaN,1,0,0,0,0,NaN,NaN,68.91362093473433,NaN,NaN,NaN,3.611690737884365,3.1269876472851705,NaN,NaN,NaN,NaN,NaN,NaN,NaN,NaN,NaN,NaN,1
2024-08-12T11:21:00-04:00,3.9117904997885242,4.26,3.85,4.047499999999999,4.036831104409647,7.822031578909572,3.690241566699072,0,0,7430,7566,0,0,0,0,NaN,NaN,70.45062825330328,NaN,NaN,NaN,3.611690737884365,3.1269876472851705,NaN,NaN,NaN,NaN,NaN,NaN,NaN,NaN,NaN,NaN,1,0,0,0,0,NaN,NaN,70.45062825330328,NaN,NaN,NaN,3.611690737884365,3.1269876472851705,NaN,NaN,NaN,NaN,NaN,NaN,NaN,NaN,NaN,NaN,1
2024-08-12T11:22:00-04:00,3.979645249894262,4.1,3.8,3.95,4.02104363088062,7.762916592972021,3.703459311603075,0,0,7430,7567,0,0,0,0,NaN,NaN,72.20709188146127,NaN,NaN,NaN,3.611690737884365,3.1269876472851705,NaN,NaN,NaN,NaN,NaN,NaN,NaN,NaN,NaN,NaN,1,0,0,0,0,NaN,NaN,72.20709188146127,NaN,NaN,NaN,3.611690737884365,3.1269876472851705,NaN,NaN,NaN,NaN,NaN,NaN,NaN,NaN,NaN,NaN,1
2024-08-12T11:23:00-04:00,3.9648226249471312,4.22,3.83,3.98,4.0135811525386895,7.705162141170922,3.70670560772209,0,0,7430,7568,0,0,0,0,NaN,NaN,73.80170552607966,NaN,NaN,NaN,3.611690737884365,3.1269876472851705,NaN,NaN,NaN,NaN,NaN,NaN,NaN,NaN,NaN,NaN,1,0,0,0,0,NaN,NaN,73.80170552607966,NaN,NaN,NaN,3.611690737884365,3.1269876472851705,NaN,NaN,NaN,NaN,NaN,NaN,NaN,NaN,NaN,NaN,1
2024-08-12T11:24:00-04:00,3.9724113124735654,4.1,3.94,4.0125,4.013384579349837,7.648785619931671,3.7088543314677533,0,0,7430,7569,0,0,0,0,NaN,NaN,75.05400309824455,NaN,NaN,NaN,3.611690737884365,3.1269876472851705,NaN,NaN,NaN,NaN,NaN,NaN,NaN,NaN,NaN,NaN,1,0,0,0,0,NaN,NaN,75.05400309824455,NaN,NaN,NaN,3.611690737884365,3.1269876472851705,NaN,NaN,NaN,NaN,NaN,NaN,NaN,NaN,NaN,NaN,1
2024-08-12T11:25:00-04:00,3.992455656236783,3.992455656236783,3.98,3.9850000000000003,4.008223746740776,7.592849961612103,3.70922846988731,0,0,7430,7570,0,0,0,0,NaN,NaN,76.09812619332594,NaN,NaN,NaN,3.611690737884365,3.1269876472851705,NaN,NaN,NaN,NaN,NaN,NaN,NaN,NaN,NaN,NaN,1,0,0,0,0,NaN,NaN,76.09812619332594,NaN,NaN,NaN,3.611690737884365,3.1269876472851705,NaN,NaN,NaN,NaN,NaN,NaN,NaN,NaN,NaN,NaN,1
2024-08-12T11:26:00-04:00,3.9887278281183915,3.99,3.8,3.9046000000000003,3.9893830655151805,7.536540801892834,3.713656020328494,0,0,7430,7571,0,0,0,0,NaN,NaN,76.8602407492989,NaN,NaN,NaN,3.611690737884365,3.1269876472851705,NaN,NaN,NaN,NaN,NaN,NaN,NaN,NaN,NaN,NaN,1,0,0,0,0,NaN,NaN,76.8602407492989,NaN,NaN,NaN,3.611690737884365,3.1269876472851705,NaN,NaN,NaN,NaN,NaN,NaN,NaN,NaN,NaN,NaN,1
2024-08-12T11:27:00-04:00,3.946663914059196,3.946663914059196,3.51,3.685,3.9340406899669658,7.477738652245615,3.711492211064577,0,0,7430,7572,0,0,0,0,NaN,NaN,77.6173918707091,NaN,NaN,NaN,3.611690737884365,3.1269876472851705,NaN,NaN,NaN,NaN,NaN,NaN,NaN,NaN,NaN,NaN,1,0,0,0,0,NaN,NaN,77.6173918707091,NaN,NaN,NaN,3.611690737884365,3.1269876472851705,NaN,NaN,NaN,NaN,NaN,NaN,NaN,NaN,NaN,NaN,1
2024-08-12T11:38:00-04:00,3.815831957029598,3.815831957029598,3.32,3.4375,3.8437605645184267,7.416055619386904,3.7067111045298797,0,0,7430,7573,0,0,0,0,NaN,NaN,78.37865518337546,NaN,NaN,NaN,3.611690737884365,3.1269876472851705,NaN,NaN,NaN,NaN,NaN,NaN,NaN,NaN,NaN,NaN,1,0,0,0,0,NaN,NaN,78.37865518337546,NaN,NaN,NaN,3.611690737884365,3.1269876472851705,NaN,NaN,NaN,NaN,NaN,NaN,NaN,NaN,NaN,NaN,1
2024-08-12T11:39:00-04:00,3.626665978514799,3.71,3.395,3.525,3.785804098242349,7.356650190083287,3.7034261022396824,0,0,7430,7574,0,0,0,0,NaN,NaN,79.09015055574,NaN,NaN,NaN,3.611690737884365,3.1269876472851705,NaN,NaN,NaN,NaN,NaN,NaN,NaN,NaN,NaN,NaN,1,0,0,0,0,NaN,NaN,79.09015055574,NaN,NaN,NaN,3.611690737884365,3.1269876472851705,NaN,NaN,NaN,NaN,NaN,NaN,NaN,NaN,NaN,NaN,1
2024-08-12T11:40:00-04:00,3.5758329892573997,3.85,3.5758329892573997,3.6850000000000005,3.7674760803801037,7.300594461990412,3.7032428454533064,0,0,7430,7575,0,0,0,0,NaN,NaN,79.75525446772042,NaN,NaN,NaN,3.611690737884365,3.1269876472851705,NaN,NaN,NaN,NaN,NaN,NaN,NaN,NaN,NaN,NaN,1,0,0,0,0,NaN,NaN,79.75525446772042,NaN,NaN,NaN,3.611690737884365,3.1269876472851705,NaN,NaN,NaN,NaN,NaN,NaN,NaN,NaN,NaN,NaN,1
2024-08-12T11:41:00-04:00,3.6304164946287,3.95,3.6304164946287,3.87,3.786116793038267,7.248218974021093,3.7046315034699706,0,0,7430,7576,0,0,0,0,NaN,NaN,80.24362191413171,NaN,NaN,NaN,3.611690737884365,3.1269876472851705,NaN,NaN,NaN,NaN,NaN,NaN,NaN,NaN,NaN,NaN,1,0,0,0,0,NaN,NaN,80.24362191413171,NaN,NaN,NaN,3.611690737884365,3.1269876472851705,NaN,NaN,NaN,NaN,NaN,NaN,NaN,NaN,NaN,NaN,1
2024-08-12T11:51:00-04:00,3.75020824731435,4.16,3.75020824731435,4.1075,3.8445501033949454,7.200269066020771,3.7128122568756923,0,0,7430,7577,0,0,0,0,NaN,NaN,80.49177843613776,NaN,NaN,NaN,3.611690737884365,3.6887875,NaN,NaN,NaN,NaN,NaN,NaN,NaN,NaN,NaN,NaN,1,0,0,0,0,NaN,NaN,80.49177843613776,NaN,NaN,NaN,3.611690737884365,3.6887875,NaN,NaN,NaN,NaN,NaN,NaN,NaN,NaN,NaN,NaN,1
2024-08-12T11:52:00-04:00,3.928854123657175,4.43,3.928854123657175,4.21025,3.9110409936867736,7.154619919974652,3.7469737892242447,0,0,7430,7578,0,0,0,0,NaN,NaN,80.43630126038343,NaN,NaN,NaN,3.611690737884365,3.7542651250000003,NaN,NaN,NaN,NaN,NaN,NaN,NaN,NaN,NaN,NaN,1,0,0,0,0,NaN,NaN,80.43630126038343,NaN,NaN,NaN,3.611690737884365,3.7542651250000003,NaN,NaN,NaN,NaN,NaN,NaN,NaN,NaN,NaN,NaN,1
2024-08-12T11:53:00-04:00,4.069552061828587,4.2166,4,4.10665,3.9466062675619056,7.1080860280666425,3.7482065192192517,0,0,7430,7579,0,0,0,0,NaN,NaN,80.4571126547314,NaN,NaN,NaN,3.611690737884365,3.7542651250000003,NaN,NaN,NaN,NaN,NaN,NaN,NaN,NaN,NaN,NaN,1,0,0,0,0,NaN,NaN,80.4571126547314,NaN,NaN,NaN,3.611690737884365,3.7542651250000003,NaN,NaN,NaN,NaN,NaN,NaN,NaN,NaN,NaN,NaN,1
2024-08-12T11:54:00-04:00,4.088101030914293,4.26,4.088101030914293,4.204599999999999,3.993514218914286,7.063757997103793,3.751184428315773,0,0,7430,7580,0,0,0,0,NaN,NaN,80.21656318102566,NaN,NaN,NaN,3.611690737884365,3.7542651250000003,NaN,NaN,NaN,NaN,NaN,NaN,NaN,NaN,NaN,NaN,1,0,0,0,0,NaN,NaN,80.21656318102566,NaN,NaN,NaN,3.611690737884365,3.7542651250000003,NaN,NaN,NaN,NaN,NaN,NaN,NaN,NaN,NaN,NaN,1
2024-08-12T11:55:00-04:00,4.146350515457146,4.18,3.95,4.07625,4.008557088202598,7.018147187987704,3.761467536258873,0,0,7430,7581,0,0,0,0,NaN,NaN,80.04663118595646,NaN,NaN,NaN,3.611690737884365,3.7542651250000003,NaN,NaN,NaN,NaN,NaN,NaN,NaN,NaN,NaN,NaN,1,0,0,0,0,NaN,NaN,80.04663118595646,NaN,NaN,NaN,3.611690737884365,3.7542651250000003,NaN,NaN,NaN,NaN,NaN,NaN,NaN,NaN,NaN,NaN,1
2024-08-12T11:56:00-04:00,4.111300257728573,4.111300257728573,3.78,3.8825,3.9856376176203074,6.97027471183522,3.7619713672798833,0,0,7430,7582,0,0,0,0,NaN,NaN,80.0371543117888,NaN,NaN,NaN,3.611690737884365,3.7542651250000003,NaN,NaN,NaN,NaN,NaN,NaN,NaN,NaN,NaN,NaN,1,0,0,0,0,NaN,NaN,80.0371543117888,NaN,NaN,NaN,3.611690737884365,3.7542651250000003,NaN,NaN,NaN,NaN,NaN,NaN,NaN,NaN,NaN,NaN,1
2024-08-12T11:57:00-04:00,3.9969001288642865,3.9969001288642865,3.72,3.85,3.9609762325984335,6.92263692997514,3.762681009818795,0,0,7430,7583,0,0,0,0,NaN,NaN,79.96816678498553,NaN,NaN,NaN,3.611690737884365,3.7542651250000003,NaN,NaN,NaN,NaN,NaN,NaN,NaN,NaN,NaN,NaN,1,0,0,0,0,NaN,NaN,79.96816678498553,NaN,NaN,NaN,3.611690737884365,3.7542651250000003,NaN,NaN,NaN,NaN,NaN,NaN,NaN,NaN,NaN,NaN,1
2024-08-12T11:58:00-04:00,3.923450064432143,3.923450064432143,3.7,3.7824999999999998,3.9285260084896274,6.874695908143459,3.7628625215506153,0,0,7430,7584,0,0,0,0,NaN,NaN,79.8537267704355,NaN,NaN,NaN,3.611690737884365,3.7542651250000003,NaN,NaN,NaN,NaN,NaN,NaN,NaN,NaN,NaN,NaN,1,0,0,0,0,NaN,NaN,79.8537267704355,NaN,NaN,NaN,3.611690737884365,3.7542651250000003,NaN,NaN,NaN,NaN,NaN,NaN,NaN,NaN,NaN,NaN,1
2024-08-12T11:59:00-04:00,3.8529750322160714,3.95,3.85,3.91,3.9251576433096953,6.829433375194704,3.7644236594214426,0,0,7430,7585,0,0,0,0,NaN,NaN,79.52026462609453,NaN,NaN,NaN,3.611690737884365,3.7542651250000003,NaN,NaN,NaN,NaN,NaN,NaN,NaN,NaN,NaN,NaN,1,0,0,0,0,NaN,NaN,79.52026462609453,NaN,NaN,NaN,3.611690737884365,3.7542651250000003,NaN,NaN,NaN,NaN,NaN,NaN,NaN,NaN,NaN,NaN,1
2024-08-12T12:00:00-04:00,3.8814875161080358,4.24,3.8814875161080358,4.11,3.9587653445261144,6.787915308397838,3.7666360438423045,0,0,7430,7586,0,0,0,0,NaN,NaN,78.91619181422341,NaN,NaN,NaN,3.611690737884365,3.7542651250000003,NaN,NaN,NaN,NaN,NaN,NaN,NaN,NaN,NaN,NaN,1,0,0,0,0,NaN,NaN,78.91619181422341,NaN,NaN,NaN,3.611690737884365,3.7542651250000003,NaN,NaN,NaN,NaN,NaN,NaN,NaN,NaN,NaN,NaN,1
2024-08-12T12:01:00-04:00,3.995743758054018,4.09,3.88,4.03,3.971717100066821,6.7458097311703895,3.7697385612984,0,0,7430,7587,0,0,0,0,NaN,NaN,78.43966547985457,NaN,NaN,NaN,3.611690737884365,3.7542651250000003,NaN,NaN,NaN,NaN,NaN,NaN,NaN,NaN,NaN,NaN,1,0,0,0,0,NaN,NaN,78.43966547985457,NaN,NaN,NaN,3.611690737884365,3.7542651250000003,NaN,NaN,NaN,NaN,NaN,NaN,NaN,NaN,NaN,NaN,1
2024-08-12T12:02:00-04:00,4.012871879027009,4.09,3.9016,4.0304,3.98238671823649,6.7043530940532845,3.7703172009228756,0,0,7430,7588,0,0,0,0,NaN,NaN,77.86390803287149,NaN,NaN,NaN,3.611690737884365,3.7542651250000003,NaN,NaN,NaN,NaN,NaN,NaN,NaN,NaN,NaN,NaN,1,0,0,0,0,NaN,NaN,77.86390803287149,NaN,NaN,NaN,3.611690737884365,3.7542651250000003,NaN,NaN,NaN,NaN,NaN,NaN,NaN,NaN,NaN,NaN,1
2024-08-12T12:03:00-04:00,4.021635939513505,4.0438,4.021635939513505,4.0438,3.993552769466219,6.663733962846364,3.7704166430144617,0,0,7430,7589,0,0,0,0,NaN,NaN,77.14111269290878,NaN,NaN,NaN,3.611690737884365,3.7542651250000003,NaN,NaN,NaN,NaN,NaN,NaN,NaN,NaN,NaN,NaN,1,0,0,0,0,NaN,NaN,77.14111269290878,NaN,NaN,NaN,3.611690737884365,3.7542651250000003,NaN,NaN,NaN,NaN,NaN,NaN,NaN,NaN,NaN,NaN,1
2024-08-12T12:04:00-04:00,4.032717969756753,4.13,4.032717969756753,4.115,4.015634084108725,6.624821993947946,3.771181747213129,0,0,7430,7590,0,0,0,0,NaN,NaN,76.16506680111209,NaN,NaN,NaN,3.611690737884365,3.7542651250000003,NaN,NaN,NaN,NaN,NaN,NaN,NaN,NaN,NaN,NaN,1,0,0,0,0,NaN,NaN,76.16506680111209,NaN,NaN,NaN,3.611690737884365,3.7542651250000003,NaN,NaN,NaN,NaN,NaN,NaN,NaN,NaN,NaN,NaN,1
2024-08-12T12:05:00-04:00,4.073858984878377,4.08,3.95,4.0375,4.019609705179866,6.5853208948037025,3.7719118584303164,0,0,7430,7591,0,0,0,0,NaN,NaN,75.20393885874056,NaN,NaN,NaN,3.611690737884365,3.7542651250000003,NaN,NaN,NaN,NaN,NaN,NaN,NaN,NaN,NaN,NaN,1,0,0,0,0,NaN,NaN,75.20393885874056,NaN,NaN,NaN,3.611690737884365,3.7542651250000003,NaN,NaN,NaN,NaN,NaN,NaN,NaN,NaN,NaN,NaN,1
2024-08-12T12:06:00-04:00,4.055679492439188,4.0794,4,4.0397,4.023262486056254,6.546456453661661,3.772932209640247,0,0,7430,7592,0,0,0,0,NaN,NaN,74.04364127562609,NaN,NaN,NaN,3.611690737884365,3.7542651250000003,NaN,NaN,NaN,NaN,NaN,NaN,NaN,NaN,NaN,NaN,1,0,0,0,0,NaN,NaN,74.04364127562609,NaN,NaN,NaN,3.611690737884365,3.7542651250000003,NaN,NaN,NaN,NaN,NaN,NaN,NaN,NaN,NaN,NaN,1
2024-08-12T12:07:00-04:00,4.047689746219594,4.08,3.95,4.0325,4.024942034046026,6.508075439101941,3.773518951784427,0,0,7430,7593,0,0,0,0,NaN,NaN,72.41828010024071,NaN,NaN,NaN,3.611690737884365,3.7542651250000003,NaN,NaN,NaN,NaN,NaN,NaN,NaN,NaN,NaN,NaN,1,0,0,0,0,NaN,NaN,72.41828010024071,NaN,NaN,NaN,3.611690737884365,3.7542651250000003,NaN,NaN,NaN,NaN,NaN,NaN,NaN,NaN,NaN,NaN,1
2024-08-12T12:08:00-04:00,4.040094873109797,4.040094873109797,3.96,4.005,4.021316209674021,6.469860546901912,3.774335664891984,0,0,7430,7594,0,0,0,0,NaN,NaN,70.74861110874828,NaN,NaN,NaN,3.611690737884365,3.7542651250000003,NaN,NaN,NaN,NaN,NaN,NaN,NaN,NaN,NaN,NaN,1,0,0,0,0,NaN,NaN,70.74861110874828,NaN,NaN,NaN,3.611690737884365,3.7542651250000003,NaN,NaN,NaN,NaN,NaN,NaN,NaN,NaN,NaN,NaN,1
2024-08-12T12:10:00-04:00,4.022547436554898,4.022547436554898,3.95,3.974975,4.012890535187835,6.4317706912240205,3.7748985910431188,0,0,7430,7595,0,0,0,0,NaN,NaN,69.04820807831348,NaN,NaN,NaN,3.611690737884365,3.7542651250000003,NaN,NaN,NaN,NaN,NaN,NaN,NaN,NaN,NaN,NaN,1,0,0,0,0,NaN,NaN,69.04820807831348,NaN,NaN,NaN,3.611690737884365,3.7542651250000003,NaN,NaN,NaN,NaN,NaN,NaN,NaN,NaN,NaN,NaN,1
2024-08-12T12:11:00-04:00,3.9987612182774495,3.9987612182774495,3.9001,3.925025,3.9969149833355013,6.393499764640447,3.775282026791425,0,0,7430,7596,0,0,0,0,NaN,NaN,67.43055722498357,NaN,NaN,NaN,3.611690737884365,3.7542651250000003,NaN,NaN,NaN,NaN,NaN,NaN,NaN,NaN,NaN,NaN,1,0,0,0,0,NaN,NaN,67.43055722498357,NaN,NaN,NaN,3.611690737884365,3.7542651250000003,NaN,NaN,NaN,NaN,NaN,NaN,NaN,NaN,NaN,NaN,1
2024-08-12T12:12:00-04:00,3.9618931091387246,3.9618931091387246,3.75,3.8325,3.9670213500017737,6.354400531592502,3.7757862359011845,0,0,7430,7597,0,0,0,0,NaN,NaN,65.88711112049491,NaN,NaN,NaN,3.611690737884365,3.7542651250000003,NaN,NaN,NaN,NaN,NaN,NaN,NaN,NaN,NaN,NaN,1,0,0,0,0,NaN,NaN,65.88711112049491,NaN,NaN,NaN,3.611690737884365,3.7542651250000003,NaN,NaN,NaN,NaN,NaN,NaN,NaN,NaN,NaN,NaN,1
2024-08-12T12:13:00-04:00,3.897196554569362,3.897196554569362,3.75,3.7861000000000002,3.9341265590923604,6.315189836453685,3.775898763096363,0,0,7430,7598,0,0,0,0,NaN,NaN,64.35999959535634,NaN,NaN,NaN,3.611690737884365,3.7542651250000003,NaN,NaN,NaN,NaN,NaN,NaN,NaN,NaN,NaN,NaN,1,0,0,0,0,NaN,NaN,64.35999959535634,NaN,NaN,NaN,3.611690737884365,3.7542651250000003,NaN,NaN,NaN,NaN,NaN,NaN,NaN,NaN,NaN,NaN,1
2024-08-12T12:14:00-04:00,3.841648277284681,3.96,3.841648277284681,3.96,3.938830821075568,6.279232739713934,3.7760273364434704,0,0,7430,7599,0,0,0,0,NaN,NaN,62.49047876790298,NaN,NaN,NaN,3.611690737884365,3.7542651250000003,NaN,NaN,NaN,NaN,NaN,NaN,NaN,NaN,NaN,NaN,1,0,0,0,0,NaN,NaN,62.49047876790298,NaN,NaN,NaN,3.611690737884365,3.7542651250000003,NaN,NaN,NaN,NaN,NaN,NaN,NaN,NaN,NaN,NaN,1
2024-08-12T12:15:00-04:00,3.9008241386423403,3.96,3.9008241386423403,3.95,3.9408615808800103,6.243671934527462,3.77625684131131,0,0,7430,7600,0,0,0,0,NaN,NaN,60.49506213379037,NaN,NaN,NaN,3.611690737884365,3.7542651250000003,NaN,NaN,NaN,NaN,NaN,NaN,NaN,NaN,NaN,NaN,1,0,0,0,0,NaN,NaN,60.49506213379037,NaN,NaN,NaN,3.611690737884365,3.7542651250000003,NaN,NaN,NaN,NaN,NaN,NaN,NaN,NaN,NaN,NaN,1
2024-08-12T12:16:00-04:00,3.9254120693211703,3.94,3.9254120693211703,3.94,3.9407049298109174,6.208501370641546,3.7762894647343503,0,0,7430,7601,0,0,0,0,NaN,NaN,58.43319736145549,NaN,NaN,NaN,3.611690737884365,3.7542651250000003,NaN,NaN,NaN,NaN,NaN,NaN,NaN,NaN,NaN,NaN,1,0,0,0,0,NaN,NaN,58.43319736145549,NaN,NaN,NaN,3.611690737884365,3.7542651250000003,NaN,NaN,NaN,NaN,NaN,NaN,NaN,NaN,NaN,NaN,1
2024-08-12T12:17:00-04:00,3.932706034660585,3.95,3.932706034660585,3.95,3.9423949425725686,6.174020433685186,3.776369721159572,0,0,7430,7602,0,0,0,0,NaN,NaN,56.314969318790396,NaN,NaN,NaN,3.611690737884365,3.7542651250000003,NaN,NaN,NaN,NaN,NaN,NaN,NaN,NaN,NaN,NaN,1,0,0,0,0,NaN,NaN,56.314969318790396,NaN,NaN,NaN,3.611690737884365,3.7542651250000003,NaN,NaN,NaN,NaN,NaN,NaN,NaN,NaN,NaN,NaN,1
2024-08-12T12:18:00-04:00,3.9413530173302926,4.08,3.94,4.01,3.954686771195738,6.140981953781595,3.7770817172802107,0,0,7430,7603,0,0,0,0,NaN,NaN,54.01619224549442,NaN,NaN,NaN,3.611690737884365,3.7542651250000003,NaN,NaN,NaN,NaN,NaN,NaN,NaN,NaN,NaN,NaN,1,0,0,0,0,NaN,NaN,54.01619224549442,NaN,NaN,NaN,3.611690737884365,3.7542651250000003,NaN,NaN,NaN,NaN,NaN,NaN,NaN,NaN,NaN,NaN,1
2024-08-12T12:19:00-04:00,3.9756765086651464,3.9756765086651464,3.7,3.7725,3.9215619037056038,6.104821923952868,3.7769996896862357,0,0,7430,7604,0,0,0,0,NaN,NaN,52.16571839314253,NaN,NaN,NaN,3.611690737884365,3.7542651250000003,NaN,NaN,NaN,NaN,NaN,NaN,NaN,NaN,NaN,NaN,1,0,0,0,0,NaN,NaN,52.16571839314253,NaN,NaN,NaN,3.611690737884365,3.7542651250000003,NaN,NaN,NaN,NaN,NaN,NaN,NaN,NaN,NaN,NaN,1
2024-08-12T12:20:00-04:00,3.874088254332573,3.874088254332573,3.73,3.8125,3.9017324666682214,6.069824642671145,3.777035923524325,0,0,7430,7605,0,0,0,0,NaN,NaN,50.225439162800846,NaN,NaN,NaN,3.611690737884365,3.7542651250000003,NaN,NaN,NaN,NaN,NaN,NaN,NaN,NaN,NaN,NaN,1,0,0,0,0,NaN,NaN,50.225439162800846,NaN,NaN,NaN,3.611690737884365,3.7542651250000003,NaN,NaN,NaN,NaN,NaN,NaN,NaN,NaN,NaN,NaN,1
2024-08-12T12:21:00-04:00,3.8432941271662866,3.88,3.8,3.84,3.890508381819454,6.035781518355555,3.7772756335450977,0,0,7430,7606,0,0,0,0,NaN,NaN,48.29100319287138,NaN,NaN,NaN,3.611690737884365,3.7542651250000003,NaN,NaN,NaN,NaN,NaN,NaN,NaN,NaN,NaN,NaN,1,0,0,0,0,NaN,NaN,48.29100319287138,NaN,NaN,NaN,3.611690737884365,3.7542651250000003,NaN,NaN,NaN,NaN,NaN,NaN,NaN,NaN,NaN,NaN,1
2024-08-12T12:22:00-04:00,3.8416470635831432,3.93,3.84,3.895,3.891325039670462,6.003097831052417,3.7775220537918623,0,0,7430,7607,0,0,0,0,NaN,NaN,46.12341785151736,NaN,NaN,NaN,3.611690737884365,3.7542651250000003,NaN,NaN,NaN,NaN,NaN,NaN,NaN,NaN,NaN,NaN,1,0,0,0,0,NaN,NaN,46.12341785151736,NaN,NaN,NaN,3.611690737884365,3.7542651250000003,NaN,NaN,NaN,NaN,NaN,NaN,NaN,NaN,NaN,NaN,1
2024-08-12T12:26:00-04:00,3.868323531791572,3.9,3.8001,3.8590999999999998,3.88546594154856,5.970365039738639,3.7776578341027194,0,0,7430,7608,0,0,0,0,NaN,NaN,43.83888088697259,NaN,NaN,NaN,3.611690737884365,3.7542651250000003,NaN,NaN,NaN,NaN,NaN,NaN,NaN,NaN,NaN,NaN,1,0,0,0,0,NaN,NaN,43.83888088697259,NaN,NaN,NaN,3.611690737884365,3.7542651250000003,NaN,NaN,NaN,NaN,NaN,NaN,NaN,NaN,NaN,NaN,1
2024-08-12T12:27:00-04:00,3.863711765895786,3.863711765895786,3.801,3.801,3.87010849763064,5.937244962796065,3.777662345572831,0,0,7430,7609,0,0,0,0,NaN,NaN,41.48222370671005,NaN,NaN,NaN,3.611690737884365,3.7542651250000003,NaN,NaN,NaN,NaN,NaN,NaN,NaN,NaN,NaN,NaN,1,0,0,0,0,NaN,NaN,41.48222370671005,NaN,NaN,NaN,3.611690737884365,3.7542651250000003,NaN,NaN,NaN,NaN,NaN,NaN,NaN,NaN,NaN,NaN,1
2024-08-12T12:28:00-04:00,3.832355882947893,3.832355882947893,3.8,3.8,3.8573614980614326,5.904615268707575,3.7777289354514862,0,0,7430,7610,0,0,0,0,NaN,NaN,39.17416729219252,NaN,NaN,NaN,3.611690737884365,3.7542651250000003,NaN,NaN,NaN,NaN,NaN,NaN,NaN,NaN,NaN,NaN,1,0,0,0,0,NaN,NaN,39.17416729219252,NaN,NaN,NaN,3.611690737884365,3.7542651250000003,NaN,NaN,NaN,NaN,NaN,NaN,NaN,NaN,NaN,NaN,1
2024-08-12T12:29:00-04:00,3.8161779414739465,3.8161779414739465,3.8,3.8,3.8469321347775356,5.872483737887612,3.77774180287457,0,0,7430,7611,0,0,0,0,NaN,NaN,36.76131382723824,NaN,NaN,NaN,3.611690737884365,3.7542651250000003,NaN,NaN,NaN,NaN,NaN,NaN,NaN,NaN,NaN,NaN,1,0,0,0,0,NaN,NaN,36.76131382723824,NaN,NaN,NaN,3.611690737884365,3.7542651250000003,NaN,NaN,NaN,NaN,NaN,NaN,NaN,NaN,NaN,NaN,1
2024-08-12T12:30:00-04:00,3.808088970736973,3.808088970736973,3.73,3.73,3.8256717466361656,5.839774062500015,3.777732610143971,0,1,7430,7612,0,0,0,0,NaN,NaN,34.349937597287436,NaN,NaN,NaN,3.611690737884365,3.7542651250000003,NaN,NaN,NaN,NaN,NaN,NaN,NaN,NaN,NaN,NaN,1,0,0,0,0,NaN,NaN,34.349937597287436,NaN,NaN,NaN,3.611690737884365,3.7542651250000003,NaN,NaN,NaN,NaN,NaN,NaN,NaN,NaN,NaN,NaN,1
2024-08-12T12:31:00-04:00,3.769044485368487,3.9022,3.769044485368487,3.9009750000000003,3.839363247247772,5.810174076812992,3.7778883221634625,0,0,7430,7613,0,0,0,0,NaN,NaN,31.459272752765138,NaN,NaN,NaN,3.611690737884365,3.7542651250000003,NaN,NaN,NaN,NaN,NaN,NaN,NaN,NaN,NaN,NaN,1,0,0,0,0,NaN,NaN,31.459272752765138,NaN,NaN,NaN,3.611690737884365,3.7542651250000003,NaN,NaN,NaN,NaN,NaN,NaN,NaN,NaN,NaN,NaN,1
2024-08-12T12:33:00-04:00,3.8350097426842433,3.9,3.8350097426842433,3.8850000000000002,3.847660838657268,5.780782106174626,3.7779295031237994,0,0,7430,7614,0,0,0,0,NaN,NaN,28.49104620904913,NaN,NaN,NaN,3.611690737884365,3.7542651250000003,NaN,NaN,NaN,NaN,NaN,NaN,NaN,NaN,NaN,NaN,1,0,0,0,0,NaN,NaN,28.49104620904913,NaN,NaN,NaN,3.611690737884365,3.7542651250000003,NaN,NaN,NaN,NaN,NaN,NaN,NaN,NaN,NaN,NaN,1
2024-08-12T12:34:00-04:00,3.860004871342122,3.9,3.85,3.875,3.8526315952650374,5.751686196156693,3.7779668092332828,0,0,7430,7615,0,0,0,0,NaN,NaN,25.319854234137246,NaN,NaN,NaN,3.611690737884365,3.7542651250000003,NaN,NaN,NaN,NaN,NaN,NaN,NaN,NaN,NaN,NaN,1,0,0,0,0,NaN,NaN,25.319854234137246,NaN,NaN,NaN,3.611690737884365,3.7542651250000003,NaN,NaN,NaN,NaN,NaN,NaN,NaN,NaN,NaN,NaN,1
2024-08-12T12:35:00-04:00,3.867502435671061,3.867502435671061,3.85,3.85,3.852153123398667,5.722652819116132,3.7781124078538095,0,0,7430,7616,0,0,0,0,NaN,NaN,22.01791082860284,NaN,NaN,NaN,3.611690737884365,3.7542651250000003,NaN,NaN,NaN,NaN,NaN,NaN,NaN,NaN,NaN,NaN,1,0,0,0,0,NaN,NaN,22.01791082860284,NaN,NaN,NaN,3.611690737884365,3.7542651250000003,NaN,NaN,NaN,NaN,NaN,NaN,NaN,NaN,NaN,NaN,1
2024-08-12T12:37:00-04:00,3.8587512178355308,3.8587512178355308,3.8,3.8225,3.846761646417091,5.6936428524120695,3.778179383360588,0,0,7430,7617,0,0,0,0,NaN,NaN,18.838122513794275,NaN,NaN,NaN,3.611690737884365,3.7542651250000003,NaN,NaN,NaN,NaN,NaN,NaN,NaN,NaN,NaN,NaN,1,0,0,0,0,NaN,NaN,18.838122513794275,NaN,NaN,NaN,3.611690737884365,3.7542651250000003,NaN,NaN,NaN,NaN,NaN,NaN,NaN,NaN,NaN,NaN,1
2024-08-12T12:38:00-04:00,3.8406256089177653,3.8406256089177653,3.775,3.775,3.8337140743412563,5.664350595123335,3.7781785191066346,0,0,7430,7618,0,0,0,0,NaN,NaN,15.707117562254721,NaN,NaN,NaN,3.611690737884365,3.7542651250000003,NaN,NaN,NaN,NaN,NaN,NaN,NaN,NaN,NaN,NaN,1,0,0,0,0,NaN,NaN,15.707117562254721,NaN,NaN,NaN,3.611690737884365,3.7542651250000003,NaN,NaN,NaN,NaN,NaN,NaN,NaN,NaN,NaN,NaN,1
2024-08-12T12:39:00-04:00,3.807812804458883,3.807812804458883,3.8,3.8,3.827584242642846,5.6358872272588565,3.7782118863057743,0,0,7430,7619,0,0,0,0,NaN,NaN,12.521382491965632,NaN,NaN,NaN,3.611690737884365,3.7542651250000003,NaN,NaN,NaN,NaN,NaN,NaN,NaN,NaN,NaN,NaN,1,0,0,0,0,NaN,NaN,12.521382491965632,NaN,NaN,NaN,3.611690737884365,3.7542651250000003,NaN,NaN,NaN,NaN,NaN,NaN,NaN,NaN,NaN,NaN,1
2024-08-12T12:40:00-04:00,3.8039064022294413,3.8039064022294413,3.71,3.71,3.8062052894350558,5.606484368827424,3.778185820592529,0,0,7430,7620,0,0,0,0,NaN,NaN,9.486048654470162,NaN,NaN,NaN,3.611690737884365,3.7542651250000003,NaN,NaN,NaN,NaN,NaN,NaN,NaN,NaN,NaN,NaN,1,0,0,0,0,NaN,NaN,9.486048654470162,NaN,NaN,NaN,3.611690737884365,3.7542651250000003,NaN,NaN,NaN,NaN,NaN,NaN,NaN,NaN,NaN,NaN,1
2024-08-12T12:41:00-04:00,3.7569532011147206,3.7569532011147206,3.7101,3.7101,3.7887316004468636,5.577531935715554,3.778172814307601,0,1,7430,7621,0,0,0,0,NaN,NaN,6.517446178496791,NaN,NaN,NaN,3.611690737884365,3.7542651250000003,NaN,NaN,NaN,NaN,NaN,NaN,NaN,NaN,NaN,NaN,1,0,0,0,0,NaN,NaN,6.517446178496791,NaN,NaN,NaN,3.611690737884365,3.7542651250000003,NaN,NaN,NaN,NaN,NaN,NaN,NaN,NaN,NaN,NaN,1
2024-08-12T12:42:00-04:00,3.7335266005573606,3.8,3.7335266005573606,3.7887500000000003,3.788734945820161,5.550222287842034,3.778191209553468,0,0,7430,7622,0,0,0,0,NaN,NaN,3.825120215946655,NaN,NaN,NaN,3.611690737884365,3.7542651250000003,NaN,NaN,NaN,NaN,NaN,NaN,NaN,NaN,NaN,NaN,1,0,0,0,0,NaN,NaN,3.825120215946655,NaN,NaN,NaN,3.611690737884365,3.7542651250000003,NaN,NaN,NaN,NaN,NaN,NaN,NaN,NaN,NaN,NaN,1
2024-08-12T12:43:00-04:00,3.7611383002786805,3.7999,3.719,3.774725,3.786187682943768,5.523115459020018,3.7781604319364805,0,0,7430,7623,0,0,0,0,NaN,NaN,1.5268482260197163,NaN,NaN,NaN,3.611690737884365,3.7542651250000003,NaN,NaN,NaN,NaN,NaN,NaN,NaN,NaN,NaN,NaN,1,0,0,0,0,NaN,NaN,1.5268482260197163,NaN,NaN,NaN,3.611690737884365,3.7542651250000003,NaN,NaN,NaN,NaN,NaN,NaN,NaN,NaN,NaN,NaN,1
2024-08-12T12:44:00-04:00,3.7679316501393405,3.79,3.7679316501393405,3.79,3.7868808314994467,5.496655681019712,3.778164905657348,0,0,7430,7624,0,0,0,0,NaN,NaN,0.11056907723225087,NaN,NaN,NaN,3.611690737884365,3.7542651250000003,NaN,NaN,NaN,NaN,NaN,NaN,NaN,NaN,NaN,NaN,1,0,0,0,0,NaN,NaN,0.11056907723225087,NaN,NaN,NaN,3.611690737884365,3.7542651250000003,NaN,NaN,NaN,NaN,NaN,NaN,NaN,NaN,NaN,NaN,1
2024-08-12T12:46:00-04:00,3.7789658250696703,3.85,3.7789658250696703,3.82,3.792902498499547,5.4710578843629225,3.7783203497575615,0,0,7430,7625,0,0,0,0,NaN,NaN,0.9356526376545483,NaN,NaN,NaN,3.611690737884365,3.7542651250000003,NaN,NaN,NaN,NaN,NaN,NaN,NaN,NaN,NaN,NaN,1,0,0,0,0,NaN,NaN,0.9356526376545483,NaN,NaN,NaN,3.611690737884365,3.7542651250000003,NaN,NaN,NaN,NaN,NaN,NaN,NaN,NaN,NaN,NaN,1
2024-08-12T12:47:00-04:00,3.799482912534835,3.799482912534835,3.724,3.7521000000000004,3.7854838624087206,5.444814252540588,3.7783089045625595,0,0,7430,7626,0,0,0,0,NaN,NaN,7.061611289279725,NaN,NaN,NaN,3.611690737884365,3.7542651250000003,NaN,NaN,NaN,NaN,NaN,NaN,NaN,NaN,NaN,NaN,1,0,0,0,0,NaN,NaN,7.061611289279725,NaN,NaN,NaN,3.611690737884365,3.7542651250000003,NaN,NaN,NaN,NaN,NaN,NaN,NaN,NaN,NaN,NaN,1
2024-08-12T12:48:00-04:00,3.7757914562674175,3.78,3.72,3.7624999999999997,3.7813049783344077,5.4191300654789,3.7782706869805636,0,0,7430,7627,0,0,0,0,NaN,NaN,3.2382772985891615,NaN,NaN,NaN,3.611690737884365,3.7542651250000003,NaN,NaN,NaN,NaN,NaN,NaN,NaN,NaN,NaN,NaN,1,0,0,0,0,NaN,NaN,3.2382772985891615,NaN,NaN,NaN,3.611690737884365,3.7542651250000003,NaN,NaN,NaN,NaN,NaN,NaN,NaN,NaN,NaN,NaN,1
2024-08-12T12:49:00-04:00,3.769145728133709,3.85,3.765,3.81125,3.7867495277281518,5.39458227821968,3.7783460318478386,0,0,7430,7628,0,0,0,0,NaN,NaN,0.5343326404330269,NaN,NaN,NaN,3.611690737884365,3.7542651250000003,NaN,NaN,NaN,NaN,NaN,NaN,NaN,NaN,NaN,NaN,1,0,0,0,0,NaN,NaN,0.5343326404330269,NaN,NaN,NaN,3.611690737884365,3.7542651250000003,NaN,NaN,NaN,NaN,NaN,NaN,NaN,NaN,NaN,NaN,1
2024-08-12T12:50:00-04:00,3.7901978640668545,3.8499,3.76,3.80495,3.7900587045048515,5.3703130831323564,3.778438720643808,0,0,7430,7629,0,0,0,0,NaN,NaN,0.3966408286256218,NaN,NaN,NaN,3.611690737884365,3.7542651250000003,NaN,NaN,NaN,NaN,NaN,NaN,NaN,NaN,NaN,NaN,1,0,0,0,0,NaN,NaN,0.3966408286256218,NaN,NaN,NaN,3.611690737884365,3.7542651250000003,NaN,NaN,NaN,NaN,NaN,NaN,NaN,NaN,NaN,NaN,1
2024-08-12T12:51:00-04:00,3.797573932033427,3.805,3.797573932033427,3.805,3.7927753036857874,5.346415173466213,3.778464569013251,0,0,7430,7630,0,0,0,0,NaN,NaN,7.243412406476632,NaN,NaN,NaN,3.611690737884365,3.7542651250000003,NaN,NaN,NaN,NaN,NaN,NaN,NaN,NaN,NaN,NaN,1,0,0,0,0,NaN,NaN,7.243412406476632,NaN,NaN,NaN,3.611690737884365,3.7542651250000003,NaN,NaN,NaN,NaN,NaN,NaN,NaN,NaN,NaN,NaN,1
2024-08-12T12:53:00-04:00,3.801286966016714,3.8498,3.769,3.7944500000000003,3.7930797939247354,5.32272104868047,3.7785494377016664,0,0,7430,7631,0,0,0,0,NaN,NaN,15.874995658363119,NaN,NaN,NaN,3.611690737884365,3.7542651250000003,NaN,NaN,NaN,NaN,NaN,NaN,NaN,NaN,NaN,NaN,1,0,0,0,0,NaN,NaN,15.874995658363119,NaN,NaN,NaN,3.611690737884365,3.7542651250000003,NaN,NaN,NaN,NaN,NaN,NaN,NaN,NaN,NaN,NaN,1
2024-08-12T12:54:00-04:00,3.797868483008357,3.82,3.797868483008357,3.82,3.797974376847511,5.2997787425937455,3.778557122840034,0,0,7430,7632,0,0,0,0,NaN,NaN,16.925785651986246,NaN,NaN,NaN,3.611690737884365,3.7542651250000003,NaN,NaN,NaN,NaN,NaN,NaN,NaN,NaN,NaN,NaN,1,0,0,0,0,NaN,NaN,16.925785651986246,NaN,NaN,NaN,3.611690737884365,3.7542651250000003,NaN,NaN,NaN,NaN,NaN,NaN,NaN,NaN,NaN,NaN,1
2024-08-12T12:55:00-04:00,3.8089342415041783,3.85,3.8089342415041783,3.84,3.8056153992388726,5.277492044233536,3.778682177728233,0,0,7430,7633,0,0,0,0,NaN,NaN,15.517138897966227,NaN,NaN,NaN,3.611690737884365,3.7542651250000003,NaN,NaN,NaN,NaN,NaN,NaN,NaN,NaN,NaN,NaN,1,0,0,0,0,NaN,NaN,15.517138897966227,NaN,NaN,NaN,3.611690737884365,3.7542651250000003,NaN,NaN,NaN,NaN,NaN,NaN,NaN,NaN,NaN,NaN,1
2024-08-12T12:57:00-04:00,3.824467120752089,3.8399,3.7901,3.8225000000000002,3.8086853266499867,5.255278425237604,3.778777395700443,0,0,7430,7634,0,0,0,0,NaN,NaN,14.754126507357176,NaN,NaN,NaN,3.611690737884365,3.7542651250000003,NaN,NaN,NaN,NaN,NaN,NaN,NaN,NaN,NaN,NaN,1,0,0,0,0,NaN,NaN,14.754126507357176,NaN,NaN,NaN,3.611690737884365,3.7542651250000003,NaN,NaN,NaN,NaN,NaN,NaN,NaN,NaN,NaN,NaN,1
2024-08-12T12:58:00-04:00,3.8234835603760446,3.865,3.8234835603760446,3.8525,3.8166516308954437,5.2338619607301595,3.7788231005511355,0,0,7430,7635,0,0,0,0,NaN,NaN,13.0536856162434,NaN,NaN,NaN,3.611690737884365,3.7542651250000003,NaN,NaN,NaN,NaN,NaN,NaN,NaN,NaN,NaN,NaN,1,0,0,0,0,NaN,NaN,13.0536856162434,NaN,NaN,NaN,3.611690737884365,3.7542651250000003,NaN,NaN,NaN,NaN,NaN,NaN,NaN,NaN,NaN,NaN,1
2024-08-12T12:59:00-04:00,3.8379917801880223,3.85,3.8379917801880223,3.84725,3.822214970732636,5.212692312474737,3.7788483422726706,0,0,7430,7636,0,0,0,0,NaN,NaN,13.655011861901276,NaN,NaN,NaN,3.611690737884365,3.7542651250000003,NaN,NaN,NaN,NaN,NaN,NaN,NaN,NaN,NaN,NaN,1,0,0,0,0,NaN,NaN,13.655011861901276,NaN,NaN,NaN,3.611690737884365,3.7542651250000003,NaN,NaN,NaN,NaN,NaN,NaN,NaN,NaN,NaN,NaN,1
2024-08-12T13:00:00-04:00,3.842620890094011,3.842620890094011,3.79,3.795,3.8172667942357927,5.191048155032375,3.7788606959147653,0,0,7430,7637,0,0,0,0,NaN,NaN,14.586969672461375,NaN,NaN,NaN,3.611690737884365,3.7542651250000003,NaN,NaN,NaN,NaN,NaN,NaN,NaN,NaN,NaN,NaN,1,0,0,0,0,NaN,NaN,14.586969672461375,NaN,NaN,NaN,3.611690737884365,3.7542651250000003,NaN,NaN,NaN,NaN,NaN,NaN,NaN,NaN,NaN,NaN,1
2024-08-12T13:01:00-04:00,3.8188104450470055,3.8188104450470055,3.75,3.7725,3.8091273771020124,5.169390931291423,3.7788560921560803,0,0,7430,7638,0,0,0,0,NaN,NaN,13.974735006659905,NaN,NaN,NaN,3.611690737884365,3.7542651250000003,NaN,NaN,NaN,NaN,NaN,NaN,NaN,NaN,NaN,NaN,1,0,0,0,0,NaN,NaN,13.974735006659905,NaN,NaN,NaN,3.611690737884365,3.7542651250000003,NaN,NaN,NaN,NaN,NaN,NaN,NaN,NaN,NaN,NaN,1
2024-08-12T13:03:00-04:00,3.7956552225235027,3.7956552225235027,3.75,3.7725,3.802467853992556,5.1480643521877365,3.778820507501311,0,0,7430,7639,0,0,0,0,NaN,NaN,14.326769120613166,NaN,NaN,NaN,3.611690737884365,3.7542651250000003,NaN,NaN,NaN,NaN,NaN,NaN,NaN,NaN,NaN,NaN,1,0,0,0,0,NaN,NaN,14.326769120613166,NaN,NaN,NaN,3.611690737884365,3.7542651250000003,NaN,NaN,NaN,NaN,NaN,NaN,NaN,NaN,NaN,NaN,1
2024-08-12T13:05:00-04:00,3.7840776112617514,3.831,3.7574,3.7942,3.8009646078120913,5.127394667421512,3.7788581570231186,0,0,7430,7640,0,0,0,0,NaN,NaN,14.044687989667,NaN,NaN,NaN,3.611690737884365,3.7542651250000003,NaN,NaN,NaN,NaN,NaN,NaN,NaN,NaN,NaN,NaN,1,0,0,0,0,NaN,NaN,14.044687989667,NaN,NaN,NaN,3.611690737884365,3.7542651250000003,NaN,NaN,NaN,NaN,NaN,NaN,NaN,NaN,NaN,NaN,1
2024-08-12T13:06:00-04:00,3.7891388056308757,3.8177,3.7501,3.7839,3.7978619518462566,5.106883298453244,3.778861130388662,0,0,7430,7641,0,0,0,0,NaN,NaN,13.479978214575624,NaN,NaN,NaN,3.611690737884365,3.7542651250000003,NaN,NaN,NaN,NaN,NaN,NaN,NaN,NaN,NaN,NaN,1,0,0,0,0,NaN,NaN,13.479978214575624,NaN,NaN,NaN,3.611690737884365,3.7542651250000003,NaN,NaN,NaN,NaN,NaN,NaN,NaN,NaN,NaN,NaN,1
2024-08-12T13:07:00-04:00,3.786519402815438,3.84,3.786519402815438,3.83315,3.8042779606014827,5.087436988553194,3.7788809474248093,0,0,7430,7642,0,0,0,0,NaN,NaN,12.58555623880368,NaN,NaN,NaN,3.611690737884365,3.7542651250000003,NaN,NaN,NaN,NaN,NaN,NaN,NaN,NaN,NaN,NaN,1,0,0,0,0,NaN,NaN,12.58555623880368,NaN,NaN,NaN,3.611690737884365,3.7542651250000003,NaN,NaN,NaN,NaN,NaN,NaN,NaN,NaN,NaN,NaN,1
2024-08-12T13:08:00-04:00,3.809834701407719,3.82,3.795,3.8075,3.804863785946668,5.067895965827192,3.7789291824275826,0,0,7430,7643,0,0,0,0,NaN,NaN,12.842580847992924,NaN,NaN,NaN,3.611690737884365,3.7542651250000003,NaN,NaN,NaN,NaN,NaN,NaN,NaN,NaN,NaN,NaN,1,0,0,0,0,NaN,NaN,12.842580847992924,NaN,NaN,NaN,3.611690737884365,3.7542651250000003,NaN,NaN,NaN,NaN,NaN,NaN,NaN,NaN,NaN,NaN,1
2024-08-12T13:10:00-04:00,3.8086673507038595,3.87,3.8086673507038595,3.854975,3.8139749157745464,5.049378088486319,3.7790260514971092,0,0,7430,7644,0,0,0,0,NaN,NaN,15.784775921959964,NaN,NaN,NaN,3.611690737884365,3.7542651250000003,NaN,NaN,NaN,NaN,NaN,NaN,NaN,NaN,NaN,NaN,1,0,0,0,0,NaN,NaN,15.784775921959964,NaN,NaN,NaN,3.611690737884365,3.7542651250000003,NaN,NaN,NaN,NaN,NaN,NaN,NaN,NaN,NaN,NaN,1
2024-08-12T13:11:00-04:00,3.83182117535193,3.87,3.815,3.84375,3.8193885674519015,5.030971552784237,3.7791931043855325,0,0,7430,7645,0,0,0,0,NaN,NaN,26.68511280464459,NaN,NaN,NaN,3.611690737884365,3.7542651250000003,NaN,NaN,NaN,NaN,NaN,NaN,NaN,NaN,NaN,NaN,1,0,0,0,0,NaN,NaN,26.68511280464459,NaN,NaN,NaN,3.611690737884365,3.7542651250000003,NaN,NaN,NaN,NaN,NaN,NaN,NaN,NaN,NaN,NaN,1
2024-08-12T13:12:00-04:00,3.837785587675965,3.837785587675965,3.8,3.8,3.8158633733697376,5.0121780939631035,3.7791970312692817,0,0,7430,7646,0,0,0,0,NaN,NaN,39.85216588144047,NaN,NaN,NaN,3.611690737884365,3.7542651250000003,NaN,NaN,NaN,NaN,NaN,NaN,NaN,NaN,NaN,NaN,1,0,0,0,0,NaN,NaN,39.85216588144047,NaN,NaN,NaN,3.611690737884365,3.7542651250000003,NaN,NaN,NaN,NaN,NaN,NaN,NaN,NaN,NaN,NaN,1
2024-08-12T13:14:00-04:00,3.8188927938379824,3.87,3.76,3.815,3.8157063963934217,4.993900565810995,3.7792230012312955,0,0,7430,7647,0,0,0,0,NaN,NaN,48.256751983332535,NaN,NaN,NaN,3.611690737884365,3.7542651250000003,NaN,NaN,NaN,NaN,NaN,NaN,NaN,NaN,NaN,NaN,1,0,0,0,0,NaN,NaN,48.256751983332535,NaN,NaN,NaN,3.611690737884365,3.7542651250000003,NaN,NaN,NaN,NaN,NaN,NaN,NaN,NaN,NaN,NaN,1
2024-08-12T13:16:00-04:00,3.816946396918991,3.87,3.816946396918991,3.8550000000000004,3.8228506879582542,4.976512770913118,3.779266536313204,0,0,7430,7648,0,0,0,0,NaN,NaN,49.231861486216935,NaN,NaN,NaN,3.611690737884365,3.7542651250000003,NaN,NaN,NaN,NaN,NaN,NaN,NaN,NaN,NaN,NaN,1,0,0,0,0,NaN,NaN,49.231861486216935,NaN,NaN,NaN,3.611690737884365,3.7542651250000003,NaN,NaN,NaN,NaN,NaN,NaN,NaN,NaN,NaN,NaN,1
2024-08-12T13:17:00-04:00,3.835973198459496,3.86,3.7857,3.8414249999999996,3.826227835602208,4.959183186624368,3.7794197040670223,0,0,7430,7649,0,0,0,0,NaN,NaN,46.235366288218124,NaN,NaN,NaN,3.611690737884365,3.7542651250000003,NaN,NaN,NaN,NaN,NaN,NaN,NaN,NaN,NaN,NaN,1,0,0,0,0,NaN,NaN,46.235366288218124,NaN,NaN,NaN,3.611690737884365,3.7542651250000003,NaN,NaN,NaN,NaN,NaN,NaN,NaN,NaN,NaN,NaN,1
2024-08-12T13:18:00-04:00,3.838699099229748,3.87,3.838699099229748,3.8649999999999998,3.8332773200381705,4.942478099805675,3.7796426911862557,0,0,7430,7650,0,0,0,0,NaN,NaN,42.43001772723248,NaN,NaN,NaN,3.611690737884365,3.7542651250000003,NaN,NaN,NaN,NaN,NaN,NaN,NaN,NaN,NaN,NaN,1,0,0,0,0,NaN,NaN,42.43001772723248,NaN,NaN,NaN,3.611690737884365,3.7542651250000003,NaN,NaN,NaN,NaN,NaN,NaN,NaN,NaN,NaN,NaN,1
2024-08-12T13:20:00-04:00,3.851849549614874,3.851849549614874,3.805,3.8275,3.8322268982130487,4.925455533396428,3.779697081544214,0,0,7430,7651,0,0,0,0,NaN,NaN,39.51842512387558,NaN,NaN,NaN,3.611690737884365,3.7542651250000003,NaN,NaN,NaN,NaN,NaN,NaN,NaN,NaN,NaN,NaN,1,0,0,0,0,NaN,NaN,39.51842512387558,NaN,NaN,NaN,3.611690737884365,3.7542651250000003,NaN,NaN,NaN,NaN,NaN,NaN,NaN,NaN,NaN,NaN,1
2024-08-12T13:21:00-04:00,3.8396747748074374,3.85,3.805,3.8275,3.831367462174313,4.908692853497246,3.77973149639674,0,0,7430,7652,0,0,0,0,NaN,NaN,36.5686300141771,NaN,NaN,NaN,3.611690737884365,3.7542651250000003,NaN,NaN,NaN,NaN,NaN,NaN,NaN,NaN,NaN,NaN,1,0,0,0,0,NaN,NaN,36.5686300141771,NaN,NaN,NaN,3.611690737884365,3.7542651250000003,NaN,NaN,NaN,NaN,NaN,NaN,NaN,NaN,NaN,NaN,1
2024-08-12T13:22:00-04:00,3.8335873874037185,3.87,3.7792,3.8374499999999996,3.8324733781426197,4.892338000772097,3.779811375988986,0,0,7430,7653,0,0,0,0,NaN,NaN,33.27477804446454,NaN,NaN,NaN,3.611690737884365,3.7542651250000003,NaN,NaN,NaN,NaN,NaN,NaN,NaN,NaN,NaN,NaN,1,0,0,0,0,NaN,NaN,33.27477804446454,NaN,NaN,NaN,3.611690737884365,3.7542651250000003,NaN,NaN,NaN,NaN,NaN,NaN,NaN,NaN,NaN,NaN,1
2024-08-12T13:23:00-04:00,3.835518693701859,3.9399,3.835518693701859,3.90495,3.8456509457530523,4.877263374806111,3.779991050884996,0,0,7430,7654,0,0,0,0,NaN,NaN,31.15959046878859,NaN,NaN,NaN,3.611690737884365,3.7542651250000003,NaN,NaN,NaN,NaN,NaN,NaN,NaN,NaN,NaN,NaN,1,0,0,0,0,NaN,NaN,31.15959046878859,NaN,NaN,NaN,3.611690737884365,3.7542651250000003,NaN,NaN,NaN,NaN,NaN,NaN,NaN,NaN,NaN,NaN,1
2024-08-12T13:25:00-04:00,3.8702343468509293,3.94,3.8702343468509293,3.9299999999999997,3.8609871374343157,4.862801338549529,3.7801096873492477,0,0,7430,7655,0,0,0,0,NaN,NaN,29.213874013310075,NaN,NaN,NaN,3.611690737884365,3.7542651250000003,NaN,NaN,NaN,NaN,NaN,NaN,NaN,NaN,NaN,NaN,1,0,0,0,0,NaN,NaN,29.213874013310075,NaN,NaN,NaN,3.611690737884365,3.7542651250000003,NaN,NaN,NaN,NaN,NaN,NaN,NaN,NaN,NaN,NaN,1
2024-08-12T13:26:00-04:00,3.9001171734254645,3.9394,3.9001171734254645,3.9296999999999995,3.873480385173531,4.8485555165869405,3.7802303097824828,0,0,7430,7656,0,0,0,0,NaN,NaN,29.58789343906853,NaN,NaN,NaN,3.611690737884365,3.7542651250000003,NaN,NaN,NaN,NaN,NaN,NaN,NaN,NaN,NaN,NaN,1,0,0,0,0,NaN,NaN,29.58789343906853,NaN,NaN,NaN,3.611690737884365,3.7542651250000003,NaN,NaN,NaN,NaN,NaN,NaN,NaN,NaN,NaN,NaN,1
2024-08-12T13:27:00-04:00,3.9149085867127322,3.92,3.9149085867127322,3.92,3.881938496960162,4.834379096486376,3.780260607947115,0,0,7430,7657,0,0,0,0,NaN,NaN,26.666520414058407,NaN,NaN,NaN,3.611690737884365,3.7542651250000003,NaN,NaN,NaN,NaN,NaN,NaN,NaN,NaN,NaN,NaN,1,0,0,0,0,NaN,NaN,26.666520414058407,NaN,NaN,NaN,3.611690737884365,3.7542651250000003,NaN,NaN,NaN,NaN,NaN,NaN,NaN,NaN,NaN,NaN,1
2024-08-12T13:28:00-04:00,3.917454293356366,3.917454293356366,3.88,3.88,3.881586042967405,4.819808423257577,3.7803443401967933,0,0,7430,7658,0,0,0,0,NaN,NaN,22.186468192095006,NaN,NaN,NaN,3.611690737884365,3.7542651250000003,NaN,NaN,NaN,NaN,NaN,NaN,NaN,NaN,NaN,NaN,1,0,0,0,0,NaN,NaN,22.186468192095006,NaN,NaN,NaN,3.611690737884365,3.7542651250000003,NaN,NaN,NaN,NaN,NaN,NaN,NaN,NaN,NaN,NaN,1
2024-08-12T13:29:00-04:00,3.898727146678183,3.94,3.898727146678183,3.94,3.892206762427877,4.806376233589522,3.780611101530753,0,0,7430,7659,0,0,0,0,NaN,NaN,16.87012012148864,NaN,NaN,NaN,3.611690737884365,3.7542651250000003,NaN,NaN,NaN,NaN,NaN,NaN,NaN,NaN,NaN,NaN,1,0,0,0,0,NaN,NaN,16.87012012148864,NaN,NaN,NaN,3.611690737884365,3.7542651250000003,NaN,NaN,NaN,NaN,NaN,NaN,NaN,NaN,NaN,NaN,1
2024-08-12T13:30:00-04:00,3.9193635733390915,3.9193635733390915,3.88,3.8925,3.8922600783500814,4.792423924679759,3.7807161746590023,0,0,7430,7660,0,0,0,0,NaN,NaN,13.149218172464705,NaN,NaN,NaN,3.611690737884365,3.7542651250000003,NaN,NaN,NaN,NaN,NaN,NaN,NaN,NaN,NaN,NaN,1,0,0,0,0,NaN,NaN,13.149218172464705,NaN,NaN,NaN,3.611690737884365,3.7542651250000003,NaN,NaN,NaN,NaN,NaN,NaN,NaN,NaN,NaN,NaN,1
2024-08-12T13:32:00-04:00,3.9059317866695458,3.92,3.88,3.9,3.893667336831885,4.778799131936556,3.7810967956783355,0,0,7430,7661,0,0,0,0,NaN,NaN,9.379053725031104,NaN,NaN,NaN,3.611690737884365,3.7542651250000003,NaN,NaN,NaN,NaN,NaN,NaN,NaN,NaN,NaN,NaN,1,0,0,0,0,NaN,NaN,9.379053725031104,NaN,NaN,NaN,3.611690737884365,3.7542651250000003,NaN,NaN,NaN,NaN,NaN,NaN,NaN,NaN,NaN,NaN,1
2024-08-12T13:37:00-04:00,3.902965893334773,3.92,3.902965893334773,3.9134,3.897255093771542,4.765586931448975,3.781261406597431,0,0,7430,7662,0,0,0,0,NaN,NaN,5.152707519006833,NaN,NaN,NaN,3.611690737884365,3.7542651250000003,NaN,NaN,NaN,NaN,NaN,NaN,NaN,NaN,NaN,NaN,1,0,0,0,0,NaN,NaN,5.152707519006833,NaN,NaN,NaN,3.611690737884365,3.7542651250000003,NaN,NaN,NaN,NaN,NaN,NaN,NaN,NaN,NaN,NaN,1
2024-08-12T13:39:00-04:00,3.9081829466673863,3.9081829466673863,3.875,3.875,3.8932087130858073,4.751990184403952,3.781402813938094,0,0,7430,7663,0,0,0,0,NaN,NaN,2.782689442675599,NaN,NaN,NaN,3.611690737884365,3.7542651250000003,NaN,NaN,NaN,NaN,NaN,NaN,NaN,NaN,NaN,NaN,1,0,0,0,0,NaN,NaN,2.782689442675599,NaN,NaN,NaN,3.611690737884365,3.7542651250000003,NaN,NaN,NaN,NaN,NaN,NaN,NaN,NaN,NaN,NaN,1
2024-08-12T13:42:00-04:00,3.891591473333693,3.9,3.891591473333693,3.8996,3.8943707652520243,4.738976593802365,3.7814766065996834,0,0,7430,7664,0,0,0,0,NaN,NaN,0.8174341370917245,NaN,NaN,NaN,3.611690737884365,3.7542651250000003,NaN,NaN,NaN,NaN,NaN,NaN,NaN,NaN,NaN,NaN,1,0,0,0,0,NaN,NaN,0.8174341370917245,NaN,NaN,NaN,3.611690737884365,3.7542651250000003,NaN,NaN,NaN,NaN,NaN,NaN,NaN,NaN,NaN,NaN,1
2024-08-12T13:43:00-04:00,3.8955957366668468,3.93,3.8955957366668468,3.925,3.8999397170243837,4.726549470232863,3.781620541708527,0,0,7430,7665,0,0,0,0,NaN,NaN,0.00026281970593822765,NaN,NaN,NaN,3.611690737884365,3.7542651250000003,NaN,NaN,NaN,NaN,NaN,NaN,NaN,NaN,NaN,NaN,1,0,0,0,0,NaN,NaN,0.00026281970593822765,NaN,NaN,NaN,3.611690737884365,3.7542651250000003,NaN,NaN,NaN,NaN,NaN,NaN,NaN,NaN,NaN,NaN,1
2024-08-12T13:44:00-04:00,3.9102978683334233,3.9102978683334233,3.85,3.8775,3.8958597684744958,4.713586882901064,3.781691331148482,0,0,7430,7666,0,0,0,0,NaN,NaN,0.5557006813194344,NaN,NaN,NaN,3.611690737884365,3.7542651250000003,NaN,NaN,NaN,NaN,NaN,NaN,NaN,NaN,NaN,NaN,1,0,0,0,0,NaN,NaN,0.5557006813194344,NaN,NaN,NaN,3.611690737884365,3.7542651250000003,NaN,NaN,NaN,NaN,NaN,NaN,NaN,NaN,NaN,NaN,1
2024-08-12T13:45:00-04:00,3.8938989341667116,3.8938989341667116,3.85,3.8625,3.8897943560245873,4.700593190032345,3.78172465395704,0,0,7430,7667,0,0,0,0,NaN,NaN,1.840188831917271,NaN,NaN,NaN,3.611690737884365,3.7542651250000003,NaN,NaN,NaN,NaN,NaN,NaN,NaN,NaN,NaN,NaN,1,0,0,0,0,NaN,NaN,1.840188831917271,NaN,NaN,NaN,3.611690737884365,3.7542651250000003,NaN,NaN,NaN,NaN,NaN,NaN,NaN,NaN,NaN,NaN,1
2024-08-12T13:46:00-04:00,3.8781994670833555,3.9,3.8781994670833555,3.9,3.8916499276564807,4.688370393237958,3.7817928546918145,0,0,7430,7668,0,0,0,0,NaN,NaN,3.671667825990916,NaN,NaN,NaN,3.611690737884365,3.7542651250000003,NaN,NaN,NaN,NaN,NaN,NaN,NaN,NaN,NaN,NaN,1,0,0,0,0,NaN,NaN,3.671667825990916,NaN,NaN,NaN,3.611690737884365,3.7542651250000003,NaN,NaN,NaN,NaN,NaN,NaN,NaN,NaN,NaN,NaN,1
2024-08-12T13:47:00-04:00,3.889099733541678,3.889099733541678,3.88,3.88,3.889531758991666,4.676028860516768,3.781810222439549,0,0,7430,7669,0,0,0,0,NaN,NaN,4.079520554899774,NaN,NaN,NaN,3.611690737884365,3.7542651250000003,NaN,NaN,NaN,NaN,NaN,NaN,NaN,NaN,NaN,NaN,1,0,0,0,0,NaN,NaN,4.079520554899774,NaN,NaN,NaN,3.611690737884365,3.7542651250000003,NaN,NaN,NaN,NaN,NaN,NaN,NaN,NaN,NaN,NaN,1
2024-08-12T13:48:00-04:00,3.884549866770839,3.9,3.85,3.875,3.886889620993181,4.663799412264603,3.7819927968801577,0,0,7430,7670,0,0,0,0,NaN,NaN,3.7159675957791327,NaN,NaN,NaN,3.611690737884365,3.7542651250000003,NaN,NaN,NaN,NaN,NaN,NaN,NaN,NaN,NaN,NaN,1,0,0,0,0,NaN,NaN,3.7159675957791327,NaN,NaN,NaN,3.611690737884365,3.7542651250000003,NaN,NaN,NaN,NaN,NaN,NaN,NaN,NaN,NaN,NaN,1
2024-08-12T13:49:00-04:00,3.8797749333854195,3.9,3.8797749333854195,3.9,3.889273326267148,4.652138352535372,3.782030900661668,0,0,7430,7671,0,0,0,0,NaN,NaN,7.065772730950089,NaN,NaN,NaN,3.611690737884365,3.7542651250000003,NaN,NaN,NaN,NaN,NaN,NaN,NaN,NaN,NaN,NaN,1,0,0,0,0,NaN,NaN,7.065772730950089,NaN,NaN,NaN,3.611690737884365,3.7542651250000003,NaN,NaN,NaN,NaN,NaN,NaN,NaN,NaN,NaN,NaN,1
2024-08-12T13:50:00-04:00,3.8898874666927097,3.9288,3.8898874666927097,3.9288,3.8964599942185756,4.641095018908878,3.782056792714122,0,0,7430,7672,0,0,0,0,NaN,NaN,11.955203659955323,NaN,NaN,NaN,3.611690737884365,3.7542651250000003,NaN,NaN,NaN,NaN,NaN,NaN,NaN,NaN,NaN,NaN,1,0,0,0,0,NaN,NaN,11.955203659955323,NaN,NaN,NaN,3.611690737884365,3.7542651250000003,NaN,NaN,NaN,NaN,NaN,NaN,NaN,NaN,NaN,NaN,1
2024-08-12T13:52:00-04:00,3.909343733346355,3.93,3.909343733346355,3.93,3.9025581770879256,4.6302386064064525,3.7821134062641635,0,0,7430,7673,0,0,0,0,NaN,NaN,17.78655775876685,NaN,NaN,NaN,3.611690737884365,3.7542651250000003,NaN,NaN,NaN,NaN,NaN,NaN,NaN,NaN,NaN,NaN,1,0,0,0,0,NaN,NaN,17.78655775876685,NaN,NaN,NaN,3.611690737884365,3.7542651250000003,NaN,NaN,NaN,NaN,NaN,NaN,NaN,NaN,NaN,NaN,1
2024-08-12T13:54:00-04:00,3.919671866673178,3.919671866673178,3.8501,3.8625499999999997,3.895283963071939,4.618518169667422,3.7821885148265415,0,0,7430,7674,0,0,0,0,NaN,NaN,23.480861666134466,NaN,NaN,NaN,3.611690737884365,3.7542651250000003,NaN,NaN,NaN,NaN,NaN,NaN,NaN,NaN,NaN,NaN,1,0,0,0,0,NaN,NaN,23.480861666134466,NaN,NaN,NaN,3.611690737884365,3.7542651250000003,NaN,NaN,NaN,NaN,NaN,NaN,NaN,NaN,NaN,NaN,1
2024-08-12T13:55:00-04:00,3.8911109333365888,3.93,3.8911109333365888,3.93,3.901595969786132,4.60800644188624,3.782782471700531,0,0,7430,7675,0,0,0,0,NaN,NaN,38.24572837860839,NaN,NaN,NaN,3.611690737884365,3.7542651250000003,NaN,NaN,NaN,NaN,NaN,NaN,NaN,NaN,NaN,NaN,1,0,0,0,0,NaN,NaN,38.24572837860839,NaN,NaN,NaN,3.611690737884365,3.7542651250000003,NaN,NaN,NaN,NaN,NaN,NaN,NaN,NaN,NaN,NaN,1
2024-08-12T13:56:00-04:00,3.9105554666682947,3.9105554666682947,3.8,3.8325000000000005,3.8890330661886536,4.596166648880343,3.782874253994722,0,0,7430,7676,0,0,0,0,NaN,NaN,34.97531210691381,NaN,NaN,NaN,3.611690737884365,3.7542651250000003,NaN,NaN,NaN,NaN,NaN,NaN,NaN,NaN,NaN,NaN,1,0,0,0,0,NaN,NaN,34.97531210691381,NaN,NaN,NaN,3.611690737884365,3.7542651250000003,NaN,NaN,NaN,NaN,NaN,NaN,NaN,NaN,NaN,NaN,1
2024-08-12T13:58:00-04:00,3.8715277333341476,3.8715277333341476,3.865,3.865,3.8846634177907164,4.585003799279117,3.782971950733092,0,0,7430,7677,0,0,0,0,NaN,NaN,34.730315784569946,NaN,NaN,NaN,3.611690737884365,3.7542651250000003,NaN,NaN,NaN,NaN,NaN,NaN,NaN,NaN,NaN,NaN,1,0,0,0,0,NaN,NaN,34.730315784569946,NaN,NaN,NaN,3.611690737884365,3.7542651250000003,NaN,NaN,NaN,NaN,NaN,NaN,NaN,NaN,NaN,NaN,1
2024-08-12T14:02:00-04:00,3.868263866667074,4.2,3.868263866667074,4.0475,3.9142700691014953,4.576797634404627,3.7862218102192573,0,0,7430,7678,0,0,0,0,NaN,NaN,38.486140407319816,NaN,NaN,NaN,3.611690737884365,3.7542651250000003,NaN,NaN,NaN,NaN,NaN,NaN,NaN,NaN,NaN,NaN,1,0,0,0,0,NaN,NaN,38.486140407319816,NaN,NaN,NaN,3.611690737884365,3.7542651250000003,NaN,NaN,NaN,NaN,NaN,NaN,NaN,NaN,NaN,NaN,1
2024-08-12T14:03:00-04:00,3.957881933333537,4.1884,3.957881933333537,4.1842,3.9633482383557688,4.5708037773908154,3.786660063016835,0,0,7430,7679,0,0,0,0,NaN,NaN,41.986374990271166,NaN,NaN,NaN,3.611690737884365,3.7542651250000003,NaN,NaN,NaN,NaN,NaN,NaN,NaN,NaN,NaN,NaN,1,0,0,0,0,NaN,NaN,41.986374990271166,NaN,NaN,NaN,3.611690737884365,3.7542651250000003,NaN,NaN,NaN,NaN,NaN,NaN,NaN,NaN,NaN,NaN,1
2024-08-12T14:04:00-04:00,4.071040966666768,4.0812,4.071040966666768,4.0812,3.9847758313819925,4.563328910560421,3.7871047320528413,0,0,7430,7680,0,0,0,0,NaN,NaN,46.382162342185,NaN,NaN,NaN,3.611690737884365,3.7542651250000003,NaN,NaN,NaN,NaN,NaN,NaN,NaN,NaN,NaN,NaN,1,0,0,0,0,NaN,NaN,46.382162342185,NaN,NaN,NaN,3.611690737884365,3.7542651250000003,NaN,NaN,NaN,NaN,NaN,NaN,NaN,NaN,NaN,NaN,1
2024-08-12T14:05:00-04:00,4.0761204833333835,4.0761204833333835,4,4,3.987543862039812,4.554728469177819,3.787141416312712,0,0,7430,7681,0,0,0,0,NaN,NaN,48.35791636824037,NaN,NaN,NaN,3.611690737884365,3.7542651250000003,NaN,NaN,NaN,NaN,NaN,NaN,NaN,NaN,NaN,NaN,1,0,0,0,0,NaN,NaN,48.35791636824037,NaN,NaN,NaN,3.611690737884365,3.7542651250000003,NaN,NaN,NaN,NaN,NaN,NaN,NaN,NaN,NaN,NaN,1
2024-08-12T14:06:00-04:00,4.038060241666692,4.0715,4.038060241666692,4.063750000000001,4.001399523487119,4.547232614686555,3.787384758873113,0,0,7430,7682,0,0,0,0,NaN,NaN,50.470027746751434,NaN,NaN,NaN,3.611690737884365,3.7542651250000003,NaN,NaN,NaN,NaN,NaN,NaN,NaN,NaN,NaN,NaN,1,0,0,0,0,NaN,NaN,50.470027746751434,NaN,NaN,NaN,3.611690737884365,3.7542651250000003,NaN,NaN,NaN,NaN,NaN,NaN,NaN,NaN,NaN,NaN,1
2024-08-12T14:07:00-04:00,4.050905120833346,4.07,4.02,4.045,4.009326882853097,4.53956494117989,3.7875177430844746,0,0,7430,7683,0,0,0,0,NaN,NaN,52.49049465126742,NaN,NaN,NaN,3.611690737884365,3.7542651250000003,NaN,NaN,NaN,NaN,NaN,NaN,NaN,NaN,NaN,NaN,1,0,0,0,0,NaN,NaN,52.49049465126742,NaN,NaN,NaN,3.611690737884365,3.7542651250000003,NaN,NaN,NaN,NaN,NaN,NaN,NaN,NaN,NaN,NaN,1
2024-08-12T14:10:00-04:00,4.0479525604166735,4.0497,4.025,4.03735,4.014421995061625,4.531897537497755,3.787646643082195,0,0,7430,7684,0,0,0,0,NaN,NaN,52.8833692293974,NaN,NaN,NaN,3.611690737884365,3.7542651250000003,NaN,NaN,NaN,NaN,NaN,NaN,NaN,NaN,NaN,NaN,1,0,0,0,0,NaN,NaN,52.8833692293974,NaN,NaN,NaN,3.611690737884365,3.7542651250000003,NaN,NaN,NaN,NaN,NaN,NaN,NaN,NaN,NaN,NaN,1
2024-08-12T14:12:00-04:00,4.042651280208337,4.1,4.042651280208337,4.09,4.028163450504966,4.525151010207712,3.7877646355489176,0,0,7430,7685,0,0,0,0,NaN,NaN,58.508292139388864,NaN,NaN,NaN,3.611690737884365,3.7542651250000003,NaN,NaN,NaN,NaN,NaN,NaN,NaN,NaN,NaN,NaN,1,0,0,0,0,NaN,NaN,58.508292139388864,NaN,NaN,NaN,3.611690737884365,3.7542651250000003,NaN,NaN,NaN,NaN,NaN,NaN,NaN,NaN,NaN,NaN,1
2024-08-12T14:14:00-04:00,4.066325640104168,4.066325640104168,4.05,4.05,4.032133732231336,4.517896796311411,3.787893957592318,0,0,7430,7686,0,0,0,0,NaN,NaN,63.286494194044096,NaN,NaN,NaN,3.611690737884365,3.7542651250000003,NaN,NaN,NaN,NaN,NaN,NaN,NaN,NaN,NaN,NaN,1,0,0,0,0,NaN,NaN,63.286494194044096,NaN,NaN,NaN,3.611690737884365,3.7542651250000003,NaN,NaN,NaN,NaN,NaN,NaN,NaN,NaN,NaN,NaN,1
2024-08-12T14:22:00-04:00,4.058162820052084,4.058162820052084,4,4.01,4.028109417280184,4.510142646749404,3.7886015561036626,0,0,7430,7687,0,0,0,0,NaN,NaN,67.20307251554173,NaN,NaN,NaN,3.611690737884365,3.7542651250000003,NaN,NaN,NaN,NaN,NaN,NaN,NaN,NaN,NaN,NaN,1,0,0,0,0,NaN,NaN,67.20307251554173,NaN,NaN,NaN,3.611690737884365,3.7542651250000003,NaN,NaN,NaN,NaN,NaN,NaN,NaN,NaN,NaN,NaN,1
2024-08-12T14:26:00-04:00,4.034081410026042,4.034081410026042,3.94,3.94,4.012089523229242,4.5014381788601,3.788632668036649,0,0,7430,7688,0,0,0,0,NaN,NaN,68.61514156915895,NaN,NaN,NaN,3.611690737884365,3.7542651250000003,NaN,NaN,NaN,NaN,NaN,NaN,NaN,NaN,NaN,NaN,1,0,0,0,0,NaN,NaN,68.61514156915895,NaN,NaN,NaN,3.611690737884365,3.7542651250000003,NaN,NaN,NaN,NaN,NaN,NaN,NaN,NaN,NaN,NaN,1
2024-08-12T14:29:00-04:00,3.9870407050130208,3.9870407050130208,3.91,3.91,3.993527791733016,4.492408588343152,3.788653448334905,0,0,7430,7689,0,0,0,0,NaN,NaN,68.05775724996728,NaN,NaN,NaN,3.611690737884365,3.7542651250000003,NaN,NaN,NaN,NaN,NaN,NaN,NaN,NaN,NaN,NaN,1,0,0,0,0,NaN,NaN,68.05775724996728,NaN,NaN,NaN,3.611690737884365,3.7542651250000003,NaN,NaN,NaN,NaN,NaN,NaN,NaN,NaN,NaN,NaN,1
2024-08-12T14:30:00-04:00,3.9485203525065105,4,3.9485203525065105,3.995,3.9937954659633768,4.4848145640936385,3.7888824873995013,0,0,7430,7690,0,0,0,0,NaN,NaN,68.36333568398786,NaN,NaN,NaN,3.611690737884365,3.7542651250000003,NaN,NaN,NaN,NaN,NaN,NaN,NaN,NaN,NaN,NaN,1,0,0,0,0,NaN,NaN,68.36333568398786,NaN,NaN,NaN,3.611690737884365,3.7542651250000003,NaN,NaN,NaN,NaN,NaN,NaN,NaN,NaN,NaN,NaN,1
2024-08-12T14:31:00-04:00,3.9717601762532553,3.9717601762532553,3.8595,3.8595,3.9693781085154902,4.475267776855568,3.7889849978396364,0,0,7430,7691,0,0,0,0,NaN,3.8595,64.86017870262505,NaN,NaN,NaN,3.611690737884365,3.7542651250000003,NaN,NaN,NaN,NaN,NaN,NaN,NaN,NaN,NaN,NaN,1,0,0,0,0,NaN,3.8595,64.86017870262505,NaN,NaN,NaN,3.611690737884365,3.7542651250000003,NaN,NaN,NaN,NaN,NaN,NaN,NaN,NaN,NaN,NaN,1
2024-08-12T14:32:00-04:00,3.915630088126628,3.915630088126628,3.908,3.908,3.9582184524217645,4.4666072001096815,3.7890053197392994,0,0,7430,7692,0,0,0,0,NaN,NaN,61.84906232344356,NaN,NaN,NaN,3.611690737884365,3.7542651250000003,NaN,NaN,NaN,NaN,NaN,NaN,NaN,NaN,NaN,NaN,1,0,0,0,0,NaN,NaN,61.84906232344356,NaN,NaN,NaN,3.611690737884365,3.7542651250000003,NaN,NaN,NaN,NaN,NaN,NaN,NaN,NaN,NaN,NaN,1
2024-08-12T14:33:00-04:00,3.9118150440633137,4.1135,3.9118150440633137,4.0311,3.9714696428905345,4.459958235222511,3.7892654683179865,0,0,7430,7693,0,0,0,0,NaN,NaN,61.62640723485465,NaN,NaN,NaN,3.611690737884365,3.7542651250000003,NaN,NaN,NaN,NaN,NaN,NaN,NaN,NaN,NaN,NaN,1,0,0,0,0,NaN,NaN,61.62640723485465,NaN,NaN,NaN,3.611690737884365,3.7542651250000003,NaN,NaN,NaN,NaN,NaN,NaN,NaN,NaN,NaN,NaN,1
2024-08-12T14:35:00-04:00,3.971457522031657,4.05,3.971457522031657,4.05,3.98574788963771,4.453699330867969,3.7894618898931536,0,0,7430,7694,0,0,0,0,NaN,NaN,62.52806597969067,NaN,NaN,NaN,3.611690737884365,3.7542651250000003,NaN,NaN,NaN,NaN,NaN,NaN,NaN,NaN,NaN,NaN,1,0,0,0,0,NaN,NaN,62.52806597969067,NaN,NaN,NaN,3.611690737884365,3.7542651250000003,NaN,NaN,NaN,NaN,NaN,NaN,NaN,NaN,NaN,NaN,1
2024-08-12T14:38:00-04:00,4.010728761015828,4.010728761015828,3.9633,3.9633,3.9816664551581264,4.446212318182962,3.789524088010347,0,0,7430,7695,0,0,0,0,NaN,NaN,61.546050164162224,NaN,NaN,NaN,3.611690737884365,3.7542651250000003,NaN,NaN,NaN,NaN,NaN,NaN,NaN,NaN,NaN,NaN,1,0,0,0,0,NaN,NaN,61.546050164162224,NaN,NaN,NaN,3.611690737884365,3.7542651250000003,NaN,NaN,NaN,NaN,NaN,NaN,NaN,NaN,NaN,NaN,1
2024-08-12T14:39:00-04:00,3.9870143805079143,3.9870143805079143,3.96,3.965,3.978636190583922,4.438865565233604,3.789736399882924,0,0,7430,7696,0,0,0,0,NaN,NaN,60.78094259895863,NaN,NaN,NaN,3.611690737884365,3.7542651250000003,NaN,NaN,NaN,NaN,NaN,NaN,NaN,NaN,NaN,NaN,1,0,0,0,0,NaN,NaN,60.78094259895863,NaN,NaN,NaN,3.611690737884365,3.7542651250000003,NaN,NaN,NaN,NaN,NaN,NaN,NaN,NaN,NaN,NaN,1
2024-08-12T14:44:00-04:00,3.976007190253957,3.99,3.976007190253957,3.99,3.9807023377504813,4.432012655840724,3.7897704732688853,0,0,7430,7697,0,0,0,0,NaN,NaN,61.20056603204247,NaN,NaN,NaN,3.611690737884365,3.7542651250000003,NaN,NaN,NaN,NaN,NaN,NaN,NaN,NaN,NaN,NaN,1,0,0,0,0,NaN,NaN,61.20056603204247,NaN,NaN,NaN,3.611690737884365,3.7542651250000003,NaN,NaN,NaN,NaN,NaN,NaN,NaN,NaN,NaN,NaN,1
2024-08-12T14:46:00-04:00,3.983003595126979,4.02,3.983003595126979,4.02,3.9878473672503936,4.425722386285904,3.789809638474286,0,0,7430,7698,0,0,0,0,NaN,NaN,60.83542460356248,NaN,NaN,NaN,3.611690737884365,3.7542651250000003,NaN,NaN,NaN,NaN,NaN,NaN,NaN,NaN,NaN,NaN,1,0,0,0,0,NaN,NaN,60.83542460356248,NaN,NaN,NaN,3.611690737884365,3.7542651250000003,NaN,NaN,NaN,NaN,NaN,NaN,NaN,NaN,NaN,NaN,1
2024-08-12T14:48:00-04:00,4.001501797563489,4.01,4.001501797563489,4.01,3.991875118659413,4.41937547962505,3.7898845278058393,0,0,7430,7699,0,0,0,0,NaN,NaN,60.30776542313634,NaN,NaN,NaN,3.611690737884365,3.7542651250000003,NaN,NaN,NaN,NaN,NaN,NaN,NaN,NaN,NaN,NaN,1,0,0,0,0,NaN,NaN,60.30776542313634,NaN,NaN,NaN,3.611690737884365,3.7542651250000003,NaN,NaN,NaN,NaN,NaN,NaN,NaN,NaN,NaN,NaN,1
2024-08-12T14:53:00-04:00,4.005750898781745,4.005750898781745,3.9601,3.9601,3.986097824357701,4.412363640241462,3.790605117840901,0,0,7430,7700,0,0,0,0,NaN,NaN,59.26502851575559,NaN,NaN,NaN,3.611690737884365,3.7542651250000003,NaN,NaN,NaN,NaN,NaN,NaN,NaN,NaN,NaN,NaN,1,0,0,0,0,NaN,NaN,59.26502851575559,NaN,NaN,NaN,3.611690737884365,3.7542651250000003,NaN,NaN,NaN,NaN,NaN,NaN,NaN,NaN,NaN,NaN,1
2024-08-12T14:54:00-04:00,3.982925449390873,4.03,3.982925449390873,4.03,3.9940800381108463,4.4065260274133475,3.790654158970515,0,0,7430,7701,0,0,0,0,NaN,NaN,59.60335391657736,NaN,NaN,NaN,3.611690737884365,3.7542651250000003,NaN,NaN,NaN,NaN,NaN,NaN,NaN,NaN,NaN,NaN,1,0,0,0,0,NaN,NaN,59.60335391657736,NaN,NaN,NaN,3.611690737884365,3.7542651250000003,NaN,NaN,NaN,NaN,NaN,NaN,NaN,NaN,NaN,NaN,1
2024-08-12T14:55:00-04:00,4.006462724695437,4.05,4.006462724695437,4.04,4.0024291220906925,4.40093021020093,3.7909724720924984,0,0,7430,7702,0,0,0,0,NaN,NaN,59.98572719335258,NaN,NaN,NaN,3.611690737884365,3.7542651250000003,NaN,NaN,NaN,NaN,NaN,NaN,NaN,NaN,NaN,NaN,1,0,0,0,0,NaN,NaN,59.98572719335258,NaN,NaN,NaN,3.611690737884365,3.7542651250000003,NaN,NaN,NaN,NaN,NaN,NaN,NaN,NaN,NaN,NaN,1
2024-08-12T14:56:00-04:00,4.023231362347719,4.1299,4.023231362347719,4.11245,4.022432918074203,4.396525932182596,3.791751149018141,0,0,7430,7703,0,0,0,0,NaN,NaN,60.66075982727514,NaN,NaN,NaN,3.611690737884365,3.7542651250000003,NaN,NaN,NaN,NaN,NaN,NaN,NaN,NaN,NaN,NaN,1,0,0,0,0,NaN,NaN,60.66075982727514,NaN,NaN,NaN,3.611690737884365,3.7542651250000003,NaN,NaN,NaN,NaN,NaN,NaN,NaN,NaN,NaN,NaN,1
2024-08-12T14:57:00-04:00,4.067840681173859,4.13,4.067840681173859,4.13,4.041990569333438,4.392456833981335,3.791834998086008,0,0,7430,7704,0,0,0,0,NaN,NaN,61.768923403546204,NaN,NaN,NaN,3.611690737884365,3.7542651250000003,NaN,NaN,NaN,NaN,NaN,NaN,NaN,NaN,NaN,NaN,1,0,0,0,0,NaN,NaN,61.768923403546204,NaN,NaN,NaN,3.611690737884365,3.7542651250000003,NaN,NaN,NaN,NaN,NaN,NaN,NaN,NaN,NaN,NaN,1
2024-08-12T14:58:00-04:00,4.098920340586929,4.11,4.098920340586929,4.11,4.054355920363722,4.388144515905284,3.7919422686408164,0,0,7430,7705,0,0,0,0,NaN,NaN,63.21832660274538,NaN,NaN,NaN,3.611690737884365,3.7542651250000003,NaN,NaN,NaN,NaN,NaN,NaN,NaN,NaN,NaN,NaN,1,0,0,0,0,NaN,NaN,63.21832660274538,NaN,NaN,NaN,3.611690737884365,3.7542651250000003,NaN,NaN,NaN,NaN,NaN,NaN,NaN,NaN,NaN,NaN,1
2024-08-12T14:59:00-04:00,4.104460170293464,4.104460170293464,4.0883,4.0883,4.0605275712066815,4.383566737036501,3.792194846110962,0,0,7430,7706,0,0,0,0,NaN,NaN,64.03658230127262,NaN,NaN,NaN,3.611690737884365,3.7542651250000003,NaN,NaN,NaN,NaN,NaN,NaN,NaN,NaN,NaN,NaN,1,0,0,0,0,NaN,NaN,64.03658230127262,NaN,NaN,NaN,3.611690737884365,3.7542651250000003,NaN,NaN,NaN,NaN,NaN,NaN,NaN,NaN,NaN,NaN,1
2024-08-12T15:00:00-04:00,4.096380085146732,4.096380085146732,4.0672,4.0672,4.061740740078194,4.37873671051686,3.792265697470786,0,0,7430,7707,0,0,0,0,NaN,NaN,65.16847498875988,NaN,NaN,NaN,3.611690737884365,3.7542651250000003,NaN,NaN,NaN,NaN,NaN,NaN,NaN,NaN,NaN,NaN,1,0,0,0,0,NaN,NaN,65.16847498875988,NaN,NaN,NaN,3.611690737884365,3.7542651250000003,NaN,NaN,NaN,NaN,NaN,NaN,NaN,NaN,NaN,NaN,1
2024-08-12T15:01:00-04:00,4.081790042573366,4.081790042573366,4.05,4.0600000000000005,4.0614242418821584,4.373870501195992,3.7946667697427063,0,0,7430,7708,0,0,0,0,NaN,NaN,65.95090408259041,NaN,NaN,NaN,3.611690737884365,3.7542651250000003,NaN,NaN,NaN,NaN,NaN,NaN,NaN,NaN,NaN,NaN,1,0,0,0,0,NaN,NaN,65.95090408259041,NaN,NaN,NaN,3.611690737884365,3.7542651250000003,NaN,NaN,NaN,NaN,NaN,NaN,NaN,NaN,NaN,NaN,1
2024-08-12T15:02:00-04:00,4.070895021286683,4.070895021286683,4.01,4.012499999999999,4.052528925176311,4.368353394307504,3.794848377947558,0,0,7430,7709,0,0,0,0,NaN,NaN,64.69181714699688,NaN,NaN,NaN,3.611690737884365,3.7542651250000003,NaN,NaN,NaN,NaN,NaN,NaN,NaN,NaN,NaN,NaN,1,0,0,0,0,NaN,NaN,64.69181714699688,NaN,NaN,NaN,3.611690737884365,3.7542651250000003,NaN,NaN,NaN,NaN,NaN,NaN,NaN,NaN,NaN,NaN,1
2024-08-12T15:03:00-04:00,4.041697510643341,4.06,3.961,4.008,4.044432756962436,4.362851815768458,3.795391125543647,0,0,7430,7710,0,0,0,0,NaN,NaN,62.96381618257397,NaN,NaN,NaN,3.611690737884365,3.7542651250000003,NaN,NaN,NaN,NaN,NaN,NaN,NaN,NaN,NaN,NaN,1,0,0,0,0,NaN,NaN,62.96381618257397,NaN,NaN,NaN,3.611690737884365,3.7542651250000003,NaN,NaN,NaN,NaN,NaN,NaN,NaN,NaN,NaN,NaN,1
2024-08-12T15:04:00-04:00,4.0248487553216705,4.03,4.0248487553216705,4.03,4.041808619332903,4.35777010865749,3.795470307813551,0,0,7430,7711,0,0,0,0,NaN,NaN,61.677824677438174,NaN,NaN,NaN,3.611690737884365,3.7542651250000003,NaN,NaN,NaN,NaN,NaN,NaN,NaN,NaN,NaN,NaN,1,0,0,0,0,NaN,NaN,61.677824677438174,NaN,NaN,NaN,3.611690737884365,3.7542651250000003,NaN,NaN,NaN,NaN,NaN,NaN,NaN,NaN,NaN,NaN,1
2024-08-12T15:10:00-04:00,4.027424377660836,4.1,4.027424377660836,4.08,4.04875250672692,4.353529343639818,3.7958765574570674,0,0,7430,7712,0,0,0,0,NaN,NaN,61.429436289821936,NaN,NaN,NaN,3.611690737884365,3.7542651250000003,NaN,NaN,NaN,NaN,NaN,NaN,NaN,NaN,NaN,NaN,1,0,0,0,0,NaN,NaN,61.429436289821936,NaN,NaN,NaN,3.611690737884365,3.7542651250000003,NaN,NaN,NaN,NaN,NaN,NaN,NaN,NaN,NaN,NaN,1
2024-08-12T15:13:00-04:00,4.053712188830418,4.053712188830418,4.04,4.04,4.04716114186748,4.348742636103332,3.795957590518616,0,0,7430,7713,0,0,0,0,NaN,NaN,60.236103877266025,NaN,NaN,NaN,3.611690737884365,3.7542651250000003,NaN,NaN,NaN,NaN,NaN,NaN,NaN,NaN,NaN,NaN,1,0,0,0,0,NaN,NaN,60.236103877266025,NaN,NaN,NaN,3.611690737884365,3.7542651250000003,NaN,NaN,NaN,NaN,NaN,NaN,NaN,NaN,NaN,NaN,1
2024-08-12T15:16:00-04:00,4.046856094415209,4.1,4.046856094415209,4.1,4.0567682069824835,4.344945038605571,3.796062009174846,0,0,7430,7714,0,0,0,0,NaN,NaN,60.58541467809706,NaN,NaN,NaN,3.611690737884365,3.7542651250000003,NaN,NaN,NaN,NaN,NaN,NaN,NaN,NaN,NaN,NaN,1,0,0,0,0,NaN,NaN,60.58541467809706,NaN,NaN,NaN,3.611690737884365,3.7542651250000003,NaN,NaN,NaN,NaN,NaN,NaN,NaN,NaN,NaN,NaN,1
2024-08-12T15:19:00-04:00,4.073428047207605,4.0924,4.073428047207605,4.0924,4.06324671480385,4.341089389161211,3.796270815538167,0,0,7430,7715,0,0,0,0,NaN,NaN,60.37785731174383,NaN,NaN,NaN,3.611690737884365,3.7542651250000003,NaN,NaN,NaN,NaN,NaN,NaN,NaN,NaN,NaN,NaN,1,0,0,0,0,NaN,NaN,60.37785731174383,NaN,NaN,NaN,3.611690737884365,3.7542651250000003,NaN,NaN,NaN,NaN,NaN,NaN,NaN,NaN,NaN,NaN,1
2024-08-12T15:22:00-04:00,4.082914023603802,4.09,4.0102,4.0501000000000005,4.060856403021332,4.336646803067147,3.7968322238158354,0,0,7430,7716,0,0,0,0,NaN,NaN,59.994487222861636,NaN,NaN,NaN,3.611690737884365,3.7542651250000003,NaN,NaN,NaN,NaN,NaN,NaN,NaN,NaN,NaN,NaN,1,0,0,0,0,NaN,NaN,59.994487222861636,NaN,NaN,NaN,3.611690737884365,3.7542651250000003,NaN,NaN,NaN,NaN,NaN,NaN,NaN,NaN,NaN,NaN,1
2024-08-12T15:23:00-04:00,4.066507011801901,4.0811,4.066507011801901,4.0811,4.0645370570174535,4.332745325157725,3.7969262437220643,0,0,7430,7717,0,0,0,0,NaN,NaN,59.921638225487705,NaN,NaN,NaN,3.611690737884365,3.7542651250000003,NaN,NaN,NaN,NaN,NaN,NaN,NaN,NaN,NaN,NaN,1,0,0,0,0,NaN,NaN,59.921638225487705,NaN,NaN,NaN,3.611690737884365,3.7542651250000003,NaN,NaN,NaN,NaN,NaN,NaN,NaN,NaN,NaN,NaN,1
2024-08-12T15:25:00-04:00,4.073803505900951,4.073803505900951,4.0101,4.02005,4.0564485011960985,4.327971350727836,3.797661413211891,0,0,7430,7718,0,0,0,0,NaN,NaN,57.745363330332864,NaN,NaN,NaN,3.611690737884365,3.7542651250000003,NaN,NaN,NaN,NaN,NaN,NaN,NaN,NaN,NaN,NaN,1,0,0,0,0,NaN,NaN,57.745363330332864,NaN,NaN,NaN,3.611690737884365,3.7542651250000003,NaN,NaN,NaN,NaN,NaN,NaN,NaN,NaN,NaN,NaN,1
2024-08-12T15:31:00-04:00,4.046926752950476,4.08,4.02,4.04,4.053457864614989,4.323574841556418,3.7981740063850595,0,0,7430,7719,0,0,0,0,NaN,NaN,56.15433098912078,NaN,NaN,NaN,3.611690737884365,3.7542651250000003,NaN,NaN,NaN,NaN,NaN,NaN,NaN,NaN,NaN,NaN,1,0,0,0,0,NaN,NaN,56.15433098912078,NaN,NaN,NaN,3.611690737884365,3.7542651250000003,NaN,NaN,NaN,NaN,NaN,NaN,NaN,NaN,NaN,NaN,1
2024-08-12T15:33:00-04:00,4.043463376475238,4.14,4.043463376475238,4.109999999999999,4.063738252866809,4.320314156952503,3.798938891459401,0,0,7430,7720,0,0,0,0,NaN,NaN,56.411952574211554,NaN,NaN,NaN,3.611690737884365,3.7542651250000003,NaN,NaN,NaN,NaN,NaN,NaN,NaN,NaN,NaN,NaN,1,0,0,0,0,NaN,NaN,56.411952574211554,NaN,NaN,NaN,3.611690737884365,3.7542651250000003,NaN,NaN,NaN,NaN,NaN,NaN,NaN,NaN,NaN,NaN,1
2024-08-12T15:34:00-04:00,4.076731688237619,4.29,4.076731688237619,4.204975,4.08941766143648,4.318553253792923,3.8017151705387096,0,0,7430,7721,0,0,0,0,NaN,NaN,56.87183158587845,NaN,NaN,NaN,3.611690737884365,3.7542651250000003,NaN,NaN,NaN,NaN,NaN,NaN,NaN,NaN,NaN,NaN,1,0,0,0,0,NaN,NaN,56.87183158587845,NaN,NaN,NaN,3.611690737884365,3.7542651250000003,NaN,NaN,NaN,NaN,NaN,NaN,NaN,NaN,NaN,NaN,1
2024-08-12T15:35:00-04:00,4.14085334411881,4.28,4.14085334411881,4.2625,4.120887177538938,4.317697478925855,3.802231186305774,0,0,7430,7722,0,0,0,0,NaN,NaN,57.36393436670318,NaN,NaN,NaN,3.611690737884365,3.8093167175000002,NaN,NaN,NaN,NaN,NaN,NaN,NaN,NaN,NaN,NaN,1,0,0,0,0,NaN,NaN,57.36393436670318,NaN,NaN,NaN,3.611690737884365,3.8093167175000002,NaN,NaN,NaN,NaN,NaN,NaN,NaN,NaN,NaN,NaN,1
2024-08-12T15:36:00-04:00,4.2016766720594045,4.28,4.2016766720594045,4.230074999999999,4.140739508895495,4.316359731155995,3.8040935865501355,0,0,7430,7723,0,0,0,0,NaN,NaN,57.653133623843964,NaN,NaN,NaN,3.8365982427406653,3.8093167175000002,NaN,NaN,NaN,NaN,NaN,NaN,NaN,NaN,NaN,NaN,1,0,0,0,0,NaN,NaN,57.653133623843964,NaN,NaN,NaN,3.8365982427406653,3.8093167175000002,NaN,NaN,NaN,NaN,NaN,NaN,NaN,NaN,NaN,NaN,1
2024-08-12T15:37:00-04:00,4.215875836029702,4.29,4.215875836029702,4.29,4.167877780005405,4.315957292512392,3.805952751216065,0,0,7430,7724,0,0,0,0,NaN,NaN,57.62993938384544,NaN,NaN,NaN,3.989979151244147,3.8650907129250003,NaN,NaN,NaN,NaN,NaN,NaN,NaN,NaN,NaN,NaN,1,0,0,0,0,NaN,NaN,57.62993938384544,NaN,NaN,NaN,3.989979151244147,3.8650907129250003,NaN,NaN,NaN,NaN,NaN,NaN,NaN,NaN,NaN,NaN,1
2024-08-12T15:38:00-04:00,4.252937918014851,4.29,4.252937918014851,4.29,4.190081820004422,4.315560997970218,3.8061613101193537,0,0,7430,7725,0,0,0,0,NaN,NaN,57.856276825097716,NaN,NaN,NaN,3.991154962270556,3.8650907129250003,NaN,NaN,NaN,NaN,NaN,NaN,NaN,NaN,NaN,NaN,1,0,0,0,0,NaN,NaN,57.856276825097716,NaN,NaN,NaN,3.991154962270556,3.8650907129250003,NaN,NaN,NaN,NaN,NaN,NaN,NaN,NaN,NaN,NaN,1
2024-08-12T15:39:00-04:00,4.271468959007425,4.271468959007425,4.215,4.217499999999999,4.195066943639981,4.31406388349739,3.8063603501058116,0,0,7430,7726,0,0,0,0,NaN,NaN,59.18857399094307,NaN,NaN,NaN,3.991154962270556,3.8650907129250003,NaN,NaN,NaN,NaN,NaN,NaN,NaN,NaN,NaN,NaN,1,0,0,0,0,NaN,NaN,59.18857399094307,NaN,NaN,NaN,3.991154962270556,3.8650907129250003,NaN,NaN,NaN,NaN,NaN,NaN,NaN,NaN,NaN,NaN,1
2024-08-12T15:41:00-04:00,4.244484479503712,4.244484479503712,4.21,4.21,4.197782044796348,4.312475121917277,3.8066420573581987,0,0,7430,7727,0,0,0,0,NaN,NaN,60.90808752916532,NaN,NaN,NaN,3.991154962270556,3.8650907129250003,NaN,NaN,NaN,NaN,NaN,NaN,NaN,NaN,NaN,NaN,1,0,0,0,0,NaN,NaN,60.90808752916532,NaN,NaN,NaN,3.991154962270556,3.8650907129250003,NaN,NaN,NaN,NaN,NaN,NaN,NaN,NaN,NaN,NaN,1
2024-08-12T15:42:00-04:00,4.227242239751856,4.25,4.227242239751856,4.24,4.2054580366515575,4.311368631506326,3.8068515044698334,0,0,7430,7728,0,0,0,0,NaN,NaN,62.65816736521357,NaN,NaN,NaN,3.991154962270556,3.8650907129250003,NaN,NaN,NaN,NaN,NaN,NaN,NaN,NaN,NaN,NaN,1,0,0,0,0,NaN,NaN,62.65816736521357,NaN,NaN,NaN,3.991154962270556,3.8650907129250003,NaN,NaN,NaN,NaN,NaN,NaN,NaN,NaN,NaN,NaN,1
2024-08-12T15:44:00-04:00,4.233621119875928,4.3,4.205,4.232525,4.210379302714911,4.310164911941344,3.807519088511677,0,0,7430,7729,0,0,0,0,NaN,NaN,64.07519142126512,NaN,NaN,NaN,3.991154962270556,3.8650907129250003,NaN,NaN,NaN,NaN,NaN,NaN,NaN,NaN,NaN,NaN,1,0,0,0,0,NaN,NaN,64.07519142126512,NaN,NaN,NaN,3.991154962270556,3.8650907129250003,NaN,NaN,NaN,NaN,NaN,NaN,NaN,NaN,NaN,NaN,1
2024-08-12T15:45:00-04:00,4.233073059937964,4.26,4.233073059937964,4.26,4.219401247675836,4.309399035423156,3.8082457413536734,0,0,7430,7730,0,0,0,0,NaN,NaN,64.81806793984234,NaN,NaN,NaN,3.991154962270556,3.8650907129250003,NaN,NaN,NaN,NaN,NaN,NaN,NaN,NaN,NaN,NaN,1,0,0,0,0,NaN,NaN,64.81806793984234,NaN,NaN,NaN,3.991154962270556,3.8650907129250003,NaN,NaN,NaN,NaN,NaN,NaN,NaN,NaN,NaN,NaN,1
2024-08-12T15:49:00-04:00,4.2465365299689815,4.25,4.17,4.21,4.217691929916593,4.307881492897612,3.809477490926297,0,0,7430,7731,0,0,0,0,NaN,NaN,66.23766468183835,NaN,NaN,NaN,3.991154962270556,3.8650907129250003,NaN,NaN,NaN,NaN,NaN,NaN,NaN,NaN,NaN,NaN,1,0,0,0,0,NaN,NaN,66.23766468183835,NaN,NaN,NaN,3.991154962270556,3.8650907129250003,NaN,NaN,NaN,NaN,NaN,NaN,NaN,NaN,NaN,NaN,1
2024-08-12T15:51:00-04:00,4.228268264984491,4.228268264984491,4.19,4.19,4.212657033568122,4.306081775448793,3.8103933743295975,0,0,7430,7732,0,0,0,0,NaN,NaN,66.46846843882405,NaN,NaN,NaN,3.991154962270556,3.8650907129250003,NaN,NaN,NaN,NaN,NaN,NaN,NaN,NaN,NaN,NaN,1,0,0,0,0,NaN,NaN,66.46846843882405,NaN,NaN,NaN,3.991154962270556,3.8650907129250003,NaN,NaN,NaN,NaN,NaN,NaN,NaN,NaN,NaN,NaN,1
2024-08-12T15:52:00-04:00,4.209134132492245,4.235,4.2,4.2175,4.213537572919372,4.304729381930491,3.810653292943177,0,0,7430,7733,0,0,0,0,NaN,NaN,67.00335873319976,NaN,NaN,NaN,3.991154962270556,3.8650907129250003,NaN,NaN,NaN,NaN,NaN,NaN,NaN,NaN,NaN,NaN,1,0,0,0,0,NaN,NaN,67.00335873319976,NaN,NaN,NaN,3.991154962270556,3.8650907129250003,NaN,NaN,NaN,NaN,NaN,NaN,NaN,NaN,NaN,NaN,1
2024-08-12T15:53:00-04:00,4.213317066246123,4.2619,4.17,4.215949999999999,4.213976196024941,4.303373971519338,3.8112991696998026,0,0,7430,7734,0,0,0,0,NaN,NaN,67.62379079586415,NaN,NaN,NaN,3.991154962270556,3.8650907129250003,NaN,NaN,NaN,NaN,NaN,NaN,NaN,NaN,NaN,NaN,1,0,0,0,0,NaN,NaN,67.62379079586415,NaN,NaN,NaN,3.991154962270556,3.8650907129250003,NaN,NaN,NaN,NaN,NaN,NaN,NaN,NaN,NaN,NaN,1
2024-08-12T15:54:00-04:00,4.214633533123061,4.214633533123061,4.11,4.147449999999999,4.201880524020406,4.3009934528701885,3.8118836570782726,0,0,7430,7735,0,0,0,0,NaN,NaN,66.58529899189374,NaN,NaN,NaN,3.991154962270556,3.8650907129250003,NaN,NaN,NaN,NaN,NaN,NaN,NaN,NaN,NaN,NaN,1,0,0,0,0,NaN,NaN,66.58529899189374,NaN,NaN,NaN,3.991154962270556,3.8650907129250003,NaN,NaN,NaN,NaN,NaN,NaN,NaN,NaN,NaN,NaN,1
2024-08-12T15:56:00-04:00,4.18104176656153,4.19,4.18104176656153,4.19,4.1997204287439684,4.299298896337819,3.812135523849573,0,0,7430,7736,0,0,0,0,NaN,NaN,66.46037012640508,NaN,NaN,NaN,3.991154962270556,3.8650907129250003,NaN,NaN,NaN,NaN,NaN,NaN,NaN,NaN,NaN,NaN,1,0,0,0,0,NaN,NaN,66.46037012640508,NaN,NaN,NaN,3.991154962270556,3.8650907129250003,NaN,NaN,NaN,NaN,NaN,NaN,NaN,NaN,NaN,NaN,1
2024-08-12T15:57:00-04:00,4.185520883280765,4.23,4.185520883280765,4.23,4.205225805335974,4.298240897920448,3.8122019436885486,0,0,7430,7737,0,0,0,0,NaN,NaN,67.09442156568234,NaN,NaN,NaN,3.991154962270556,3.8650907129250003,NaN,NaN,NaN,NaN,NaN,NaN,NaN,NaN,NaN,NaN,1,0,0,0,0,NaN,NaN,67.09442156568234,NaN,NaN,NaN,3.991154962270556,3.8650907129250003,NaN,NaN,NaN,NaN,NaN,NaN,NaN,NaN,NaN,NaN,1
2024-08-12T15:58:00-04:00,4.207760441640383,4.225,4.19,4.210025,4.206098386183979,4.2968940903186095,3.8126440914236657,0,0,7430,7738,0,0,0,0,NaN,NaN,66.77494310320098,NaN,NaN,NaN,3.991154962270556,3.8650907129250003,NaN,NaN,NaN,NaN,NaN,NaN,NaN,NaN,NaN,NaN,1,0,0,0,0,NaN,NaN,66.77494310320098,NaN,NaN,NaN,3.991154962270556,3.8650907129250003,NaN,NaN,NaN,NaN,NaN,NaN,NaN,NaN,NaN,NaN,1
2024-08-12T15:59:00-04:00,4.208892720820192,4.2783,4.208892720820192,4.259575,4.215821406877801,4.296324333214509,3.8136784324720794,0,0,7430,7739,0,0,0,0,NaN,NaN,66.74850770213713,NaN,NaN,NaN,3.991154962270556,3.8650907129250003,NaN,NaN,NaN,NaN,NaN,NaN,NaN,NaN,NaN,NaN,1,0,0,0,0,NaN,NaN,66.74850770213713,NaN,NaN,NaN,3.991154962270556,3.8650907129250003,NaN,NaN,NaN,NaN,NaN,NaN,NaN,NaN,NaN,NaN,1
2024-08-12T16:00:00-04:00,4.234233860410096,4.4,4.234233860410096,4.355,4.241126605627292,4.297220144921157,3.8146413913714503,0,0,7430,7740,0,0,0,0,NaN,NaN,67.19154819361903,NaN,NaN,NaN,3.991154962270556,3.9524798273740003,NaN,NaN,NaN,NaN,NaN,NaN,NaN,NaN,NaN,NaN,1,0,0,0,0,NaN,NaN,67.19154819361903,NaN,NaN,NaN,3.991154962270556,3.9524798273740003,NaN,NaN,NaN,NaN,NaN,NaN,NaN,NaN,NaN,NaN,1
2024-08-12T16:01:00-04:00,4.2946169302050485,4.37,4.2946169302050485,4.37,4.264558131876875,4.298331287746788,3.81472919343823,0,0,7430,7741,0,0,0,0,NaN,NaN,67.40664839973938,NaN,NaN,NaN,3.991154962270556,4.0214828532679,NaN,NaN,NaN,NaN,NaN,NaN,NaN,NaN,NaN,NaN,1,0,0,0,0,NaN,NaN,67.40664839973938,NaN,NaN,NaN,3.991154962270556,4.0214828532679,NaN,NaN,NaN,NaN,NaN,NaN,NaN,NaN,NaN,NaN,1
2024-08-12T16:02:00-04:00,4.332308465102525,4.332308465102525,4.26,4.26,4.2637293806265335,4.297746077246837,3.8147995795210994,0,0,7430,7742,0,0,0,0,NaN,NaN,67.16666758408401,NaN,NaN,NaN,3.991154962270556,4.0214828532679,NaN,NaN,NaN,NaN,NaN,NaN,NaN,NaN,NaN,NaN,1,0,0,0,0,NaN,NaN,67.16666758408401,NaN,NaN,NaN,3.991154962270556,4.0214828532679,NaN,NaN,NaN,NaN,NaN,NaN,NaN,NaN,NaN,NaN,1
2024-08-12T16:04:00-04:00,4.296154232551262,4.296154232551262,4.1,4.1,4.2339604023308,4.294727053166733,3.8151148116568163,0,0,7430,7743,0,0,0,0,NaN,NaN,63.82427589192549,NaN,NaN,NaN,3.991154962270556,4.0214828532679,NaN,NaN,NaN,NaN,NaN,NaN,NaN,NaN,NaN,NaN,1,0,0,0,0,NaN,NaN,63.82427589192549,NaN,NaN,NaN,3.991154962270556,4.0214828532679,NaN,NaN,NaN,NaN,NaN,NaN,NaN,NaN,NaN,NaN,1
2024-08-12T16:06:00-04:00,4.1980771162756305,4.25,4.1980771162756305,4.25,4.236876692816109,4.2940441973931955,3.8152102397817695,0,0,7430,7744,0,0,0,0,NaN,NaN,63.83160073050863,NaN,NaN,NaN,3.991154962270556,4.0214828532679,NaN,NaN,NaN,NaN,NaN,NaN,NaN,NaN,NaN,NaN,1,0,0,0,0,NaN,NaN,63.83160073050863,NaN,NaN,NaN,3.991154962270556,4.0214828532679,NaN,NaN,NaN,NaN,NaN,NaN,NaN,NaN,NaN,NaN,1
2024-08-12T16:12:00-04:00,4.224038558137815,4.224038558137815,4.1,4.105,4.212899112304089,4.291158026440628,3.8154611776025265,0,0,7430,7745,0,0,0,0,NaN,NaN,60.69529854794258,NaN,NaN,NaN,3.991154962270556,4.0214828532679,NaN,NaN,NaN,NaN,NaN,NaN,NaN,NaN,NaN,NaN,1,0,0,0,0,NaN,NaN,60.69529854794258,NaN,NaN,NaN,3.991154962270556,4.0214828532679,NaN,NaN,NaN,NaN,NaN,NaN,NaN,NaN,NaN,NaN,1
2024-08-12T16:17:00-04:00,4.164519279068908,4.164519279068908,4.05,4.075,4.187826546430618,4.28785790389955,3.815982073275356,0,0,7430,7746,0,0,0,0,NaN,NaN,55.97802063447177,NaN,NaN,NaN,3.991154962270556,4.0214828532679,NaN,NaN,NaN,NaN,NaN,NaN,NaN,NaN,NaN,NaN,1,0,0,0,0,NaN,NaN,55.97802063447177,NaN,NaN,NaN,3.991154962270556,4.0214828532679,NaN,NaN,NaN,NaN,NaN,NaN,NaN,NaN,NaN,NaN,1
2024-08-12T16:18:00-04:00,4.119759639534454,4.119759639534454,4.05,4.05,4.162767174352324,4.284226485519404,3.8160373161270043,0,0,7430,7747,0,0,0,0,NaN,NaN,50.94403411676661,NaN,NaN,NaN,3.991154962270556,4.0214828532679,NaN,NaN,NaN,NaN,NaN,NaN,NaN,NaN,NaN,NaN,1,0,0,0,0,NaN,NaN,50.94403411676661,NaN,NaN,NaN,3.991154962270556,4.0214828532679,NaN,NaN,NaN,NaN,NaN,NaN,NaN,NaN,NaN,NaN,1
2024-08-12T16:24:00-04:00,4.084879819767227,4.09,4.08,4.085,4.148627688106447,4.281184859786283,3.8161642401982014,0,0,7430,7748,0,0,0,0,NaN,NaN,46.34112679083153,NaN,NaN,NaN,3.991154962270556,4.0214828532679,NaN,NaN,NaN,NaN,NaN,NaN,NaN,NaN,NaN,NaN,1,0,0,0,0,NaN,NaN,46.34112679083153,NaN,NaN,NaN,3.991154962270556,4.0214828532679,NaN,NaN,NaN,NaN,NaN,NaN,NaN,NaN,NaN,NaN,1
2024-08-12T16:25:00-04:00,4.084939909883614,4.084939909883614,4,4,4.121604472087093,4.276891961163591,3.8162081842872153,0,0,7430,7749,0,0,0,0,NaN,NaN,38.94007285603167,NaN,NaN,NaN,3.991154962270556,4.0214828532679,NaN,NaN,NaN,NaN,NaN,NaN,NaN,NaN,NaN,NaN,1,0,0,0,0,NaN,NaN,38.94007285603167,NaN,NaN,NaN,3.991154962270556,4.0214828532679,NaN,NaN,NaN,NaN,NaN,NaN,NaN,NaN,NaN,NaN,1
2024-08-12T16:26:00-04:00,4.042469954941807,4.042469954941807,4,4,4.099494568071258,4.272664602977888,3.8164734257124757,0,0,7430,7750,0,0,0,0,NaN,NaN,34.417784813101775,NaN,NaN,NaN,3.991154962270556,4.0214828532679,NaN,NaN,NaN,NaN,NaN,NaN,NaN,NaN,NaN,NaN,1,0,0,0,0,NaN,NaN,34.417784813101775,NaN,NaN,NaN,3.991154962270556,4.0214828532679,NaN,NaN,NaN,NaN,NaN,NaN,NaN,NaN,NaN,NaN,1
2024-08-12T16:35:00-04:00,4.021234977470904,4.021234977470904,4,4.005,4.082313737512847,4.268578120489676,3.8167040660250726,0,0,7430,7751,0,0,0,0,NaN,NaN,33.94778874525631,NaN,NaN,NaN,3.991154962270556,4.0214828532679,NaN,NaN,NaN,NaN,NaN,NaN,NaN,NaN,NaN,NaN,1,0,0,0,0,NaN,NaN,33.94778874525631,NaN,NaN,NaN,3.991154962270556,4.0214828532679,NaN,NaN,NaN,NaN,NaN,NaN,NaN,NaN,NaN,NaN,1
2024-08-12T16:48:00-04:00,4.0131174887354515,4.1,4.0131174887354515,4.1,4.085529421601421,4.266004408726475,3.8167484923378043,0,0,7430,7752,0,0,0,0,NaN,NaN,33.45048694107484,NaN,NaN,NaN,3.991154962270556,4.0214828532679,NaN,NaN,NaN,NaN,NaN,NaN,NaN,NaN,NaN,NaN,1,0,0,0,0,NaN,NaN,33.45048694107484,NaN,NaN,NaN,3.991154962270556,4.0214828532679,NaN,NaN,NaN,NaN,NaN,NaN,NaN,NaN,NaN,NaN,1
2024-08-12T16:52:00-04:00,4.056558744367726,4.1,4.056558744367726,4.095,4.087251344946617,4.263393654394773,3.817184161609332,0,0,7430,7753,0,0,0,0,NaN,NaN,31.15196970703368,NaN,NaN,NaN,3.991154962270556,4.0214828532679,NaN,NaN,NaN,NaN,NaN,NaN,NaN,NaN,NaN,NaN,1,0,0,0,0,NaN,NaN,31.15196970703368,NaN,NaN,NaN,3.991154962270556,4.0214828532679,NaN,NaN,NaN,NaN,NaN,NaN,NaN,NaN,NaN,NaN,1
2024-08-12T17:04:00-04:00,4.075779372183863,4.075779372183863,4.03,4.03,4.076842009501778,4.259830392495616,3.817255445538358,0,0,7430,7754,0,0,0,0,NaN,NaN,28.4014438625316,NaN,NaN,NaN,3.991154962270556,4.0214828532679,NaN,NaN,NaN,NaN,NaN,NaN,NaN,NaN,NaN,NaN,1,0,0,0,0,NaN,NaN,28.4014438625316,NaN,NaN,NaN,3.991154962270556,4.0214828532679,NaN,NaN,NaN,NaN,NaN,NaN,NaN,NaN,NaN,NaN,1
2024-08-12T17:10:00-04:00,4.052889686091932,4.052889686091932,4.03,4.03,4.068325280501455,4.256321531541484,3.8176486457013525,0,0,7430,7755,0,0,0,0,NaN,NaN,25.44312077132022,NaN,NaN,NaN,3.991154962270556,4.0214828532679,NaN,NaN,NaN,NaN,NaN,NaN,NaN,NaN,NaN,NaN,1,0,0,0,0,NaN,NaN,25.44312077132022,NaN,NaN,NaN,3.991154962270556,4.0214828532679,NaN,NaN,NaN,NaN,NaN,NaN,NaN,NaN,NaN,NaN,1
2024-08-12T17:13:00-04:00,4.041444843045966,4.1,4.041444843045966,4.1,4.0740843204102815,4.253934943273675,3.8177461003851385,0,0,7430,7756,0,0,0,0,NaN,NaN,24.11602597801385,NaN,NaN,NaN,3.991154962270556,4.0214828532679,NaN,NaN,NaN,NaN,NaN,NaN,NaN,NaN,NaN,NaN,1,0,0,0,0,NaN,NaN,24.11602597801385,NaN,NaN,NaN,3.991154962270556,4.0214828532679,NaN,NaN,NaN,NaN,NaN,NaN,NaN,NaN,NaN,NaN,1
2024-08-12T17:14:00-04:00,4.070722421522983,4.070722421522983,4.03,4.03,4.066068989426594,4.250516089177894,3.8178180103073975,0,0,7430,7757,0,0,0,0,NaN,NaN,22.221425295883122,NaN,NaN,NaN,3.991154962270556,4.0214828532679,NaN,NaN,NaN,NaN,NaN,NaN,NaN,NaN,NaN,NaN,1,0,0,0,0,NaN,NaN,22.221425295883122,NaN,NaN,NaN,3.991154962270556,4.0214828532679,NaN,NaN,NaN,NaN,NaN,NaN,NaN,NaN,NaN,NaN,1
2024-08-12T17:25:00-04:00,4.0503612107614915,4.0503612107614915,4.03,4.035,4.060420082258122,4.2472257672057125,3.8178858043642165,0,0,7430,7758,0,0,0,0,NaN,NaN,19.827386953349436,NaN,NaN,NaN,3.991154962270556,4.0214828532679,NaN,NaN,NaN,NaN,NaN,NaN,NaN,NaN,NaN,NaN,1,0,0,0,0,NaN,NaN,19.827386953349436,NaN,NaN,NaN,3.991154962270556,4.0214828532679,NaN,NaN,NaN,NaN,NaN,NaN,NaN,NaN,NaN,NaN,1
2024-08-12T17:53:00-04:00,4.042680605380745,4.042680605380745,4.0301,4.0301,4.054907340029373,4.243910869996465,3.8179189208674655,0,0,7430,7759,0,0,0,0,NaN,NaN,16.860835434836364,NaN,NaN,NaN,3.991154962270556,4.0214828532679,NaN,NaN,NaN,NaN,NaN,NaN,NaN,NaN,NaN,NaN,1,0,0,0,0,NaN,NaN,16.860835434836364,NaN,NaN,NaN,3.991154962270556,4.0214828532679,NaN,NaN,NaN,NaN,NaN,NaN,NaN,NaN,NaN,NaN,1
2024-08-12T18:24:00-04:00,4.036390302690373,4.04,4.036390302690373,4.04,4.052196914569487,4.240797726943083,3.8179535717127675,0,0,7430,7760,0,0,0,0,NaN,NaN,13.42415299813846,NaN,NaN,NaN,3.991154962270556,4.0214828532679,NaN,NaN,NaN,NaN,NaN,NaN,NaN,NaN,NaN,NaN,1,0,0,0,0,NaN,NaN,13.42415299813846,NaN,NaN,NaN,3.991154962270556,4.0214828532679,NaN,NaN,NaN,NaN,NaN,NaN,NaN,NaN,NaN,NaN,1
2024-08-12T18:43:00-04:00,4.038195151345187,4.25,4.038195151345187,4.25,4.088161111920489,4.240938219661509,3.8180748779814433,0,0,7430,7761,0,0,0,0,NaN,NaN,12.8754876212041,NaN,NaN,NaN,3.991154962270556,4.0214828532679,NaN,NaN,NaN,NaN,NaN,NaN,NaN,NaN,NaN,NaN,1,0,0,0,0,NaN,NaN,12.8754876212041,NaN,NaN,NaN,3.991154962270556,4.0214828532679,NaN,NaN,NaN,NaN,NaN,NaN,NaN,NaN,NaN,NaN,1
2024-08-12T19:44:00-04:00,4.1440975756725935,4.38,4.1440975756725935,4.3149999999999995,4.129404546116763,4.24206893386515,3.818655541793063,0,0,7430,7762,0,0,0,0,NaN,NaN,13.879952962719797,NaN,NaN,NaN,3.991154962270556,4.0214828532679,NaN,NaN,NaN,NaN,NaN,NaN,NaN,NaN,NaN,NaN,1,0,0,0,0,NaN,NaN,13.879952962719797,NaN,NaN,NaN,3.991154962270556,4.0214828532679,NaN,NaN,NaN,NaN,NaN,NaN,NaN,NaN,NaN,NaN,1
2024-08-12T19:45:00-04:00,4.229548787836297,4.52,4.229548787836297,4.4575,4.189058265004625,4.245357957775606,3.819879440747787,0,0,7430,7763,0,0,0,0,NaN,NaN,14.451166450009683,NaN,NaN,NaN,3.991154962270556,4.135840939679678,NaN,NaN,NaN,NaN,NaN,NaN,NaN,NaN,NaN,NaN,1,0,0,0,0,NaN,NaN,14.451166450009683,NaN,NaN,NaN,3.991154962270556,4.135840939679678,NaN,NaN,NaN,NaN,NaN,NaN,NaN,NaN,NaN,NaN,1
2024-08-12T19:46:00-04:00,4.343524393918148,4.5,4.343524393918148,4.5,4.245593125912874,4.24924562254239,3.8203486956832555,0,0,7430,7764,0,0,0,0,NaN,NaN,15.545929197420028,NaN,NaN,NaN,3.991154962270556,4.229101842346946,NaN,NaN,NaN,NaN,NaN,NaN,NaN,NaN,NaN,NaN,1,0,0,0,0,NaN,NaN,15.545929197420028,NaN,NaN,NaN,3.991154962270556,4.229101842346946,NaN,NaN,NaN,NaN,NaN,NaN,NaN,NaN,NaN,NaN,1
2024-08-12T19:48:00-04:00,4.421762196959074,4.79,4.421762196959074,4.65,4.31912164847417,4.255364009984492,3.821563960581015,0,0,7430,7765,0,0,0,0,NaN,NaN,18.261641711334367,NaN,NaN,NaN,3.991154962270556,4.387117400183679,NaN,NaN,NaN,NaN,NaN,NaN,NaN,NaN,NaN,NaN,1,0,0,0,0,NaN,NaN,18.261641711334367,NaN,NaN,NaN,3.991154962270556,4.387117400183679,NaN,NaN,NaN,NaN,NaN,NaN,NaN,NaN,NaN,NaN,1
2024-08-12T19:50:00-04:00,4.535881098479537,4.8,4.51,4.654999999999999,4.3801904396606846,4.261465322809156,3.8220163452546587,0,0,7430,7766,0,0,0,0,NaN,NaN,21.130856573854583,NaN,NaN,NaN,4.258005508633314,4.461270702134085,NaN,NaN,NaN,NaN,NaN,NaN,NaN,NaN,NaN,NaN,1,0,0,0,0,NaN,NaN,21.130856573854583,NaN,NaN,NaN,4.258005508633314,4.461270702134085,NaN,NaN,NaN,NaN,NaN,NaN,NaN,NaN,NaN,NaN,1
2024-08-12T19:57:00-04:00,4.595440549239768,4.595440549239768,4.5001,4.5001,4.401992177904196,4.2651086003235195,3.822121489011664,0,0,7430,7767,0,0,0,0,NaN,NaN,22.407619472983285,NaN,NaN,NaN,4.258005508633314,4.461270702134085,NaN,NaN,NaN,NaN,NaN,NaN,NaN,NaN,NaN,NaN,1,0,0,0,0,NaN,NaN,22.407619472983285,NaN,NaN,NaN,4.258005508633314,4.461270702134085,NaN,NaN,NaN,NaN,NaN,NaN,NaN,NaN,NaN,NaN,1
2024-08-12T19:58:00-04:00,4.547770274619884,4.547770274619884,4.42,4.465,4.413448145557979,4.268160377417817,3.8234951950511555,0,0,7430,7768,0,0,0,0,NaN,NaN,23.37342566509227,NaN,NaN,NaN,4.258005508633314,4.461270702134085,NaN,NaN,NaN,NaN,NaN,NaN,NaN,NaN,NaN,NaN,1,0,0,0,0,NaN,NaN,23.37342566509227,NaN,NaN,NaN,4.258005508633314,4.461270702134085,NaN,NaN,NaN,NaN,NaN,NaN,NaN,NaN,NaN,NaN,1
2024-08-13T04:02:00-04:00,4.506385137309942,4.506385137309942,4.34,4.34,4.40009393727471,4.269257165548843,4.34,0,0,7430,7769,0,0,0,0,NaN,NaN,23.42445406193016,NaN,NaN,NaN,4.258005508633314,4.461270702134085,NaN,NaN,NaN,NaN,NaN,NaN,NaN,NaN,NaN,NaN,1,0,0,0,0,NaN,NaN,23.42445406193016,NaN,NaN,NaN,4.258005508633314,4.461270702134085,NaN,NaN,NaN,NaN,NaN,NaN,NaN,NaN,NaN,NaN,1
2024-08-13T04:10:00-04:00,4.4231925686549705,4.4231925686549705,4.17,4.17,4.358258675952036,4.267741788975578,4.286031746031746,0,0,7430,7770,0,0,0,0,NaN,NaN,21.57918327230793,NaN,NaN,NaN,4.258005508633314,4.3397499999999996,NaN,NaN,NaN,NaN,NaN,NaN,NaN,NaN,NaN,NaN,1,0,0,0,0,NaN,NaN,21.57918327230793,NaN,NaN,NaN,4.258005508633314,4.3397499999999996,NaN,NaN,NaN,NaN,NaN,NaN,NaN,NaN,NaN,NaN,1
2024-08-13T04:59:00-04:00,4.296596284327485,4.296596284327485,4.25,4.25,4.338575280324393,4.267470921968317,4.277349397590362,0,0,7430,7771,0,0,0,0,NaN,NaN,20.6839705867634,NaN,NaN,NaN,4.258005508633314,4.3397499999999996,NaN,NaN,NaN,NaN,NaN,NaN,NaN,NaN,NaN,NaN,1,0,0,0,0,NaN,NaN,20.6839705867634,NaN,NaN,NaN,4.258005508633314,4.3397499999999996,NaN,NaN,NaN,NaN,NaN,NaN,NaN,NaN,NaN,NaN,1
2024-08-13T05:03:00-04:00,4.273298142163743,4.273298142163743,4.11,4.11,4.297016138447231,4.26506678575506,4.244854368932039,0,0,7430,7772,0,0,0,0,NaN,NaN,17.343874157315607,NaN,NaN,NaN,4.258005508633314,4.3037575,NaN,NaN,NaN,NaN,NaN,NaN,NaN,NaN,NaN,NaN,1,0,0,0,0,NaN,NaN,17.343874157315607,NaN,NaN,NaN,4.258005508633314,4.3037575,NaN,NaN,NaN,NaN,NaN,NaN,NaN,NaN,NaN,NaN,1
2024-08-13T05:05:00-04:00,4.191649071081871,4.191649071081871,4.1,4.1,4.261195022365916,4.2625466821557465,4.219551282051282,0,0,7430,7773,0,0,0,0,NaN,NaN,14.695092758148839,NaN,NaN,NaN,4.258005508633314,4.286832049999999,NaN,NaN,NaN,NaN,NaN,NaN,NaN,NaN,NaN,NaN,1,0,0,0,0,NaN,NaN,14.695092758148839,NaN,NaN,NaN,4.258005508633314,4.286832049999999,NaN,NaN,NaN,NaN,NaN,NaN,NaN,NaN,NaN,NaN,1
2024-08-13T05:08:00-04:00,4.145824535540935,4.145824535540935,3.93,3.93,4.200977745572113,4.257469633573216,4.179558011049724,0,0,7430,7774,0,0,0,0,NaN,NaN,10.122793296406506,NaN,NaN,NaN,4.258005508633314,4.1773671655,NaN,NaN,NaN,NaN,NaN,NaN,NaN,NaN,NaN,NaN,1,0,0,0,0,NaN,NaN,10.122793296406506,NaN,NaN,NaN,4.258005508633314,4.1773671655,NaN,NaN,NaN,NaN,NaN,NaN,NaN,NaN,NaN,NaN,1
2024-08-13T06:23:00-04:00,4.0379122677704675,4.0379122677704675,3.76,3.76,4.120799973649911,4.249874677335456,4.128640776699029,0,0,7430,7775,0,0,0,0,NaN,NaN,5.372457600441212,NaN,NaN,NaN,4.258005508633314,4.0524831056399995,NaN,NaN,NaN,NaN,NaN,NaN,NaN,NaN,NaN,NaN,1,0,0,0,0,NaN,NaN,5.372457600441212,NaN,NaN,NaN,4.258005508633314,4.0524831056399995,NaN,NaN,NaN,NaN,NaN,NaN,NaN,NaN,NaN,NaN,1
2024-08-13T06:32:00-04:00,3.8989561338852337,3.91,3.8989561338852337,3.9050000000000002,4.081563614804472,4.24460941508606,4.057423490488007,0,0,7430,7776,0,0,0,0,NaN,NaN,3.3539803080784205,NaN,NaN,NaN,4.258005508633314,4.0524831056399995,NaN,NaN,NaN,NaN,NaN,NaN,NaN,NaN,NaN,NaN,1,0,0,0,0,NaN,NaN,3.3539803080784205,NaN,NaN,NaN,4.258005508633314,4.0524831056399995,NaN,NaN,NaN,NaN,NaN,NaN,NaN,NaN,NaN,NaN,1
2024-08-13T06:33:00-04:00,3.901978066942617,3.901978066942617,3.74,3.7550000000000003,4.02218841211275,4.237134462183983,4.005603152844414,0,0,7430,7777,0,0,0,0,NaN,NaN,1.2026906574742633,NaN,NaN,NaN,4.258005508633314,4.005735639794,NaN,NaN,NaN,NaN,NaN,NaN,NaN,NaN,NaN,NaN,1,0,0,0,0,NaN,NaN,1.2026906574742633,NaN,NaN,NaN,4.258005508633314,4.005735639794,NaN,NaN,NaN,NaN,NaN,NaN,NaN,NaN,NaN,NaN,1
2024-08-13T06:43:00-04:00,3.8284890334713086,3.8284890334713086,3.8,3.8,3.9817905190013407,4.230460653601021,3.9924150096215523,0,0,7430,7778,0,0,0,0,NaN,NaN,0.22072753812639204,NaN,NaN,NaN,4.258005508633314,4.005735639794,NaN,NaN,NaN,NaN,NaN,NaN,NaN,NaN,NaN,NaN,1,0,0,0,0,NaN,NaN,0.22072753812639204,NaN,NaN,NaN,4.258005508633314,4.005735639794,NaN,NaN,NaN,NaN,NaN,NaN,NaN,NaN,NaN,NaN,1
2024-08-13T07:12:00-04:00,3.8142445167356542,3.89,3.8142445167356542,3.88,3.9632831519101877,4.225110109271235,3.969007110208228,0,0,7430,7779,0,0,0,0,NaN,NaN,0.0010870694369102109,NaN,NaN,NaN,4.258005508633314,4.005735639794,NaN,NaN,NaN,NaN,NaN,NaN,NaN,NaN,NaN,NaN,1,0,0,0,0,NaN,NaN,0.0010870694369102109,NaN,NaN,NaN,4.258005508633314,4.005735639794,NaN,NaN,NaN,NaN,NaN,NaN,NaN,NaN,NaN,NaN,1
2024-08-13T07:16:00-04:00,3.8471222583678273,3.89,3.8471222583678273,3.89,3.9499589424719717,4.2199939243968645,3.9574317295188557,0,0,7430,7780,0,0,0,0,NaN,NaN,0.2610408548275366,NaN,NaN,NaN,4.258005508633314,4.005735639794,NaN,NaN,NaN,NaN,NaN,NaN,NaN,NaN,NaN,NaN,1,0,0,0,0,NaN,NaN,0.2610408548275366,NaN,NaN,NaN,4.258005508633314,4.005735639794,NaN,NaN,NaN,NaN,NaN,NaN,NaN,NaN,NaN,NaN,1
2024-08-13T07:17:00-04:00,3.868561129183914,3.89,3.868561129183914,3.885,3.938148225658886,4.214879513337371,3.9484155597722963,0,0,7430,7781,0,0,0,0,NaN,NaN,1.088387698856049,NaN,NaN,NaN,4.258005508633314,4.005735639794,NaN,NaN,NaN,NaN,NaN,NaN,NaN,NaN,NaN,NaN,1,0,0,0,0,NaN,NaN,1.088387698856049,NaN,NaN,NaN,4.258005508633314,4.005735639794,NaN,NaN,NaN,NaN,NaN,NaN,NaN,NaN,NaN,NaN,1
2024-08-13T08:00:00-04:00,3.876780564591957,3.94,3.8217,3.85335,3.9227303664481794,4.209359978782602,3.92194193592552,0,0,7430,7782,0,0,0,0,NaN,NaN,2.5648665759931184,NaN,NaN,NaN,4.258005508633314,4.005735639794,NaN,NaN,NaN,NaN,NaN,NaN,NaN,NaN,NaN,NaN,1,0,0,0,0,NaN,NaN,2.5648665759931184,NaN,NaN,NaN,4.258005508633314,4.005735639794,NaN,NaN,NaN,NaN,NaN,NaN,NaN,NaN,NaN,NaN,1
2024-08-13T08:01:00-04:00,3.865065282295978,3.95,3.865065282295978,3.95,3.9276884816394197,4.205400284450043,3.922689752132196,0,0,7430,7783,0,0,0,0,NaN,NaN,4.01107401686055,NaN,NaN,NaN,4.258005508633314,4.005735639794,NaN,NaN,NaN,NaN,NaN,NaN,NaN,NaN,NaN,NaN,1,0,0,0,0,NaN,NaN,4.01107401686055,NaN,NaN,NaN,4.258005508633314,4.005735639794,NaN,NaN,NaN,NaN,NaN,NaN,NaN,NaN,NaN,NaN,1
2024-08-13T08:06:00-04:00,3.907532641147989,3.907532641147989,3.9018,3.9018,3.922981484977707,4.200765165603477,3.922079003880983,0,0,7430,7784,0,0,0,0,NaN,NaN,5.656958050953323,NaN,NaN,NaN,4.258005508633314,4.005735639794,NaN,NaN,NaN,NaN,NaN,NaN,NaN,NaN,NaN,NaN,1,0,0,0,0,NaN,NaN,5.656958050953323,NaN,NaN,NaN,4.258005508633314,4.005735639794,NaN,NaN,NaN,NaN,NaN,NaN,NaN,NaN,NaN,NaN,1
2024-08-13T08:08:00-04:00,3.9046663205739947,3.9046663205739947,3.86,3.86,3.9115303058908513,4.19556264399121,3.9203610943396225,0,0,7430,7785,0,0,0,0,NaN,NaN,8.04853117183888,NaN,NaN,NaN,4.258005508633314,4.005735639794,NaN,NaN,NaN,NaN,NaN,NaN,NaN,NaN,NaN,NaN,1,0,0,0,0,NaN,NaN,8.04853117183888,NaN,NaN,NaN,4.258005508633314,4.005735639794,NaN,NaN,NaN,NaN,NaN,NaN,NaN,NaN,NaN,NaN,1
2024-08-13T08:09:00-04:00,3.882333160286997,4.05,3.882333160286997,4.05,3.9367066139106965,4.193340313548596,3.9259772202166063,0,0,7430,7786,0,0,0,0,NaN,NaN,8.995168550307692,NaN,NaN,NaN,4.258005508633314,4.005735639794,NaN,NaN,NaN,NaN,NaN,NaN,NaN,NaN,NaN,NaN,1,0,0,0,0,NaN,NaN,8.995168550307692,NaN,NaN,NaN,4.258005508633314,4.005735639794,NaN,NaN,NaN,NaN,NaN,NaN,NaN,NaN,NaN,NaN,1
2024-08-13T08:21:00-04:00,3.9661665801434984,3.9661665801434984,3.86,3.8625,3.92321450229057,4.188289316395182,3.9204283659125854,0,0,7430,7787,0,0,0,0,NaN,NaN,11.301157556959831,NaN,NaN,NaN,4.258005508633314,4.005735639794,NaN,NaN,NaN,NaN,NaN,NaN,NaN,NaN,NaN,NaN,1,0,0,0,0,NaN,NaN,11.301157556959831,NaN,NaN,NaN,4.258005508633314,4.005735639794,NaN,NaN,NaN,NaN,NaN,NaN,NaN,NaN,NaN,NaN,1
2024-08-13T08:26:00-04:00,3.914333290071749,3.914333290071749,3.86,3.86,3.911720956419557,4.183277265763195,3.918105670538543,0,0,7430,7788,0,0,0,0,NaN,NaN,14.191376673248806,NaN,NaN,NaN,4.258005508633314,4.005735639794,NaN,NaN,NaN,NaN,NaN,NaN,NaN,NaN,NaN,NaN,1,0,0,0,0,NaN,NaN,14.191376673248806,NaN,NaN,NaN,4.258005508633314,4.005735639794,NaN,NaN,NaN,NaN,NaN,NaN,NaN,NaN,NaN,NaN,1
2024-08-13T08:39:00-04:00,3.887166645035874,4,3.887166645035874,3.9888500000000002,3.9257444188887285,4.180308910560703,3.92254469517023,0,0,7430,7789,0,0,0,0,NaN,NaN,15.98336412102964,NaN,NaN,NaN,4.258005508633314,4.005735639794,NaN,NaN,NaN,NaN,NaN,NaN,NaN,NaN,NaN,NaN,1,0,0,0,0,NaN,NaN,15.98336412102964,NaN,NaN,NaN,4.258005508633314,4.005735639794,NaN,NaN,NaN,NaN,NaN,NaN,NaN,NaN,NaN,NaN,1
2024-08-13T08:43:00-04:00,3.938008322517937,4,3.938008322517937,4,3.9392454336362324,4.177556102765884,3.9275630877452796,0,0,7430,7790,0,0,0,0,NaN,NaN,18.46908068113852,NaN,NaN,NaN,4.258005508633314,4.005735639794,NaN,NaN,NaN,NaN,NaN,NaN,NaN,NaN,NaN,NaN,1,0,0,0,0,NaN,NaN,18.46908068113852,NaN,NaN,NaN,4.258005508633314,4.005735639794,NaN,NaN,NaN,NaN,NaN,NaN,NaN,NaN,NaN,NaN,1
2024-08-13T08:47:00-04:00,3.969004161258969,3.969004161258969,3.9571,3.9571,3.9424917184296446,4.1741903607389235,3.9282728274616083,0,0,7430,7791,0,0,0,0,NaN,NaN,21.241238295544573,NaN,NaN,NaN,4.258005508633314,4.005735639794,NaN,NaN,NaN,NaN,NaN,NaN,NaN,NaN,NaN,NaN,1,0,0,0,0,NaN,NaN,21.241238295544573,NaN,NaN,NaN,4.258005508633314,4.005735639794,NaN,NaN,NaN,NaN,NaN,NaN,NaN,NaN,NaN,NaN,1
2024-08-13T09:04:00-04:00,3.9630520806294847,3.9630520806294847,3.91,3.91,3.9365841332606184,4.1701569201169555,3.927635588491718,0,0,7430,7792,0,0,0,0,NaN,NaN,23.63726687272041,NaN,NaN,NaN,4.258005508633314,4.005735639794,NaN,NaN,NaN,NaN,NaN,NaN,NaN,NaN,NaN,NaN,1,0,0,0,0,NaN,NaN,23.63726687272041,NaN,NaN,NaN,4.258005508633314,4.005735639794,NaN,NaN,NaN,NaN,NaN,NaN,NaN,NaN,NaN,NaN,1
2024-08-13T09:12:00-04:00,3.9365260403147424,4.02,3.9365260403147424,4.02,3.9517506544859606,4.167864448054101,3.9389302265074995,0,0,7430,7793,0,0,0,0,NaN,NaN,23.932003147023213,NaN,NaN,NaN,4.258005508633314,4.005735639794,NaN,NaN,NaN,NaN,NaN,NaN,NaN,NaN,NaN,NaN,1,0,0,0,0,NaN,NaN,23.932003147023213,NaN,NaN,NaN,4.258005508633314,4.005735639794,NaN,NaN,NaN,NaN,NaN,NaN,NaN,NaN,NaN,NaN,1
2024-08-13T09:29:00-04:00,3.978263020157371,4.18,3.978263020157371,4.18,3.9932505354885133,4.1680497236563285,3.944234411016315,0,0,7430,7794,0,0,0,0,NaN,NaN,21.800272797550484,NaN,NaN,NaN,4.258005508633314,4.005735639794,NaN,NaN,NaN,NaN,NaN,NaN,NaN,NaN,NaN,NaN,1,0,0,0,0,NaN,NaN,21.800272797550484,NaN,NaN,NaN,4.258005508633314,4.005735639794,NaN,NaN,NaN,NaN,NaN,NaN,NaN,NaN,NaN,NaN,1
2024-08-13T09:30:00-04:00,4.079131510078685,4.31,4.079131510078685,4.285,4.04629589267242,4.169835224058522,4.0669087173100875,0,0,7430,7795,0,0,0,0,NaN,NaN,18.756614543350018,NaN,NaN,NaN,4.258005508633314,4.0677,NaN,NaN,NaN,NaN,NaN,NaN,NaN,NaN,NaN,NaN,1,0,0,0,0,NaN,NaN,18.756614543350018,NaN,NaN,NaN,4.258005508633314,4.0677,NaN,NaN,NaN,NaN,NaN,NaN,NaN,NaN,NaN,NaN,1
2024-08-13T09:31:00-04:00,4.182065755039343,4.31,4.0901,4.176399999999999,4.069951184913799,4.169935449645415,4.087257939479021,0,0,7430,7796,0,0,0,0,NaN,NaN,16.662413100587052,NaN,NaN,NaN,4.258005508633314,4.0677,NaN,NaN,NaN,NaN,NaN,NaN,NaN,NaN,NaN,NaN,1,0,0,0,0,NaN,NaN,16.662413100587052,NaN,NaN,NaN,4.258005508633314,4.0677,NaN,NaN,NaN,NaN,NaN,NaN,NaN,NaN,NaN,NaN,1
2024-08-13T09:32:00-04:00,4.179232877519671,4.4,4.1,4.252575,4.103155514929472,4.171197122169913,4.126530203068325,0,0,7430,7797,0,0,0,0,NaN,NaN,13.873292354139192,NaN,NaN,NaN,4.258005508633314,4.0677,NaN,NaN,NaN,NaN,NaN,NaN,NaN,NaN,NaN,NaN,1,0,0,0,0,NaN,NaN,13.873292354139192,NaN,NaN,NaN,4.258005508633314,4.0677,NaN,NaN,NaN,NaN,NaN,NaN,NaN,NaN,NaN,NaN,1
2024-08-13T09:33:00-04:00,4.215903938759835,4.255,4.16,4.2075,4.1221272394877495,4.171751364579532,4.1275757718495045,0,0,7430,7798,0,0,0,0,NaN,NaN,12.282114403993862,NaN,NaN,NaN,4.258005508633314,4.0677,NaN,NaN,NaN,NaN,NaN,NaN,NaN,NaN,NaN,NaN,1,0,0,0,0,NaN,NaN,12.282114403993862,NaN,NaN,NaN,4.258005508633314,4.0677,NaN,NaN,NaN,NaN,NaN,NaN,NaN,NaN,NaN,NaN,1
2024-08-13T09:34:00-04:00,4.211701969379917,4.3686,4.211701969379917,4.3343,4.160704105035431,4.17423302313557,4.131468816228979,0,0,7430,7799,0,0,0,0,NaN,NaN,9.715557526817916,NaN,NaN,NaN,4.258005508633314,4.0996085,NaN,NaN,NaN,NaN,NaN,NaN,NaN,NaN,NaN,NaN,1,0,0,0,0,NaN,NaN,9.715557526817916,NaN,NaN,NaN,4.258005508633314,4.0996085,NaN,NaN,NaN,NaN,NaN,NaN,NaN,NaN,NaN,NaN,1
2024-08-13T09:36:00-04:00,4.273000984689959,4.273000984689959,4.1673,4.193425,4.166653358665353,4.174526030415943,4.133297167728594,0,0,7430,7800,0,0,0,0,NaN,NaN,8.378583215622331,NaN,NaN,NaN,4.258005508633314,4.0996085,NaN,NaN,NaN,NaN,NaN,NaN,NaN,NaN,NaN,NaN,1,0,0,0,0,NaN,NaN,8.378583215622331,NaN,NaN,NaN,4.258005508633314,4.0996085,NaN,NaN,NaN,NaN,NaN,NaN,NaN,NaN,NaN,NaN,1
2024-08-13T09:37:00-04:00,4.2332129923449795,4.32,4.17,4.2575,4.1831709298171065,4.1757928085775315,4.142113060127733,0,0,7430,7801,0,0,0,0,NaN,NaN,6.731963547832864,NaN,NaN,NaN,4.258005508633314,4.0996085,NaN,NaN,NaN,NaN,NaN,NaN,NaN,NaN,NaN,NaN,1,0,0,0,0,NaN,NaN,6.731963547832864,NaN,NaN,NaN,4.258005508633314,4.0996085,NaN,NaN,NaN,NaN,NaN,NaN,NaN,NaN,NaN,NaN,1
2024-08-13T09:38:00-04:00,4.24535649617249,4.3452,4.24535649617249,4.3126,4.206703488032178,4.177881467988562,4.153889251015082,0,0,7430,7802,0,0,0,0,NaN,NaN,4.800851951574928,NaN,NaN,NaN,4.258005508633314,4.0996085,NaN,NaN,NaN,NaN,NaN,NaN,NaN,NaN,NaN,NaN,1,0,0,0,0,NaN,NaN,4.800851951574928,NaN,NaN,NaN,4.258005508633314,4.0996085,NaN,NaN,NaN,NaN,NaN,NaN,NaN,NaN,NaN,NaN,1
2024-08-13T09:39:00-04:00,4.278978248086245,4.4,4.278978248086245,4.3398,4.230902853844509,4.180353506645225,4.156973476493798,0,0,7430,7803,0,0,0,0,NaN,NaN,3.2903478170692035,NaN,NaN,NaN,4.258005508633314,4.11660499,NaN,NaN,NaN,NaN,NaN,NaN,NaN,NaN,NaN,NaN,1,0,0,0,0,NaN,NaN,3.2903478170692035,NaN,NaN,NaN,4.258005508633314,4.11660499,NaN,NaN,NaN,NaN,NaN,NaN,NaN,NaN,NaN,NaN,1
2024-08-13T09:40:00-04:00,4.309389124043123,4.398,4.25,4.324,4.247829607690962,4.182546582879649,4.162537957219007,0,0,7430,7804,0,0,0,0,NaN,NaN,2.2220534994597396,NaN,NaN,NaN,4.258005508633314,4.11660499,NaN,NaN,NaN,NaN,NaN,NaN,NaN,NaN,NaN,NaN,1,0,0,0,0,NaN,NaN,2.2220534994597396,NaN,NaN,NaN,4.258005508633314,4.11660499,NaN,NaN,NaN,NaN,NaN,NaN,NaN,NaN,NaN,NaN,1
2024-08-13T09:42:00-04:00,4.316694562021562,4.316694562021562,4.21,4.21,4.240951497201696,4.182965719018891,4.162927309497768,0,0,7430,7805,0,0,0,0,NaN,NaN,1.651849249860569,NaN,NaN,NaN,4.258005508633314,4.11660499,NaN,NaN,NaN,NaN,NaN,NaN,NaN,NaN,NaN,NaN,1,0,0,0,0,NaN,NaN,1.651849249860569,NaN,NaN,NaN,4.258005508633314,4.11660499,NaN,NaN,NaN,NaN,NaN,NaN,NaN,NaN,NaN,NaN,1
2024-08-13T09:43:00-04:00,4.26334728101078,4.36,4.23,4.295,4.2507784977104786,4.184676166056771,4.174947844774018,0,0,7430,7806,0,0,0,0,NaN,NaN,0.9535906841347327,NaN,NaN,NaN,4.258005508633314,4.11660499,NaN,NaN,NaN,NaN,NaN,NaN,NaN,NaN,NaN,NaN,1,0,0,0,0,NaN,NaN,0.9535906841347327,NaN,NaN,NaN,4.258005508633314,4.11660499,NaN,NaN,NaN,NaN,NaN,NaN,NaN,NaN,NaN,NaN,1
2024-08-13T09:44:00-04:00,4.27917364050539,4.3,4.2,4.251024999999999,4.250823316308574,4.185689125353614,4.183975219066049,0,0,7430,7807,0,0,0,0,NaN,NaN,0.6539332436344711,NaN,NaN,NaN,4.258005508633314,4.11660499,NaN,NaN,NaN,NaN,NaN,NaN,NaN,NaN,NaN,NaN,1,0,0,0,0,NaN,NaN,0.6539332436344711,NaN,NaN,NaN,4.258005508633314,4.11660499,NaN,NaN,NaN,NaN,NaN,NaN,NaN,NaN,NaN,NaN,1
2024-08-13T09:47:00-04:00,4.265099320252695,4.265099320252695,4.06,4.14,4.230673622434288,4.184991581455085,4.176947062026443,0,0,7430,7808,0,0,0,0,NaN,NaN,0.528143931935814,NaN,NaN,NaN,4.258005508633314,4.11660499,NaN,NaN,NaN,NaN,NaN,NaN,NaN,NaN,NaN,NaN,1,0,0,0,0,NaN,NaN,0.528143931935814,NaN,NaN,NaN,4.258005508633314,4.11660499,NaN,NaN,NaN,NaN,NaN,NaN,NaN,NaN,NaN,NaN,1
2024-08-13T09:48:00-04:00,4.202549660126348,4.21,4.202549660126348,4.21,4.22691478199169,4.185373389371802,4.177215580691293,0,0,7430,7809,0,0,0,0,NaN,NaN,0.2614899203848144,NaN,NaN,NaN,4.258005508633314,4.11660499,NaN,NaN,NaN,NaN,NaN,NaN,NaN,NaN,NaN,NaN,1,0,0,0,0,NaN,NaN,0.2614899203848144,NaN,NaN,NaN,4.258005508633314,4.11660499,NaN,NaN,NaN,NaN,NaN,NaN,NaN,NaN,NaN,NaN,1
2024-08-13T09:50:00-04:00,4.206274830063174,4.206274830063174,4.1201,4.12505,4.208393912538655,4.184452421595133,4.175765079423772,0,0,7430,7810,0,0,0,0,NaN,NaN,0.17669815615590956,NaN,NaN,NaN,4.258005508633314,4.11660499,NaN,NaN,NaN,NaN,NaN,NaN,NaN,NaN,NaN,NaN,1,0,0,0,0,NaN,NaN,0.17669815615590956,NaN,NaN,NaN,4.258005508633314,4.11660499,NaN,NaN,NaN,NaN,NaN,NaN,NaN,NaN,NaN,NaN,1
2024-08-13T09:52:00-04:00,4.165662415031587,4.165662415031587,4.12,4.12,4.1923222920770815,4.183468415158567,4.17543710742222,0,0,7430,7811,0,0,0,0,NaN,NaN,0.07414679071330084,NaN,NaN,NaN,4.258005508633314,4.11660499,NaN,NaN,NaN,NaN,NaN,NaN,NaN,NaN,NaN,NaN,1,0,0,0,0,NaN,NaN,0.07414679071330084,NaN,NaN,NaN,4.258005508633314,4.11660499,NaN,NaN,NaN,NaN,NaN,NaN,NaN,NaN,NaN,NaN,1
2024-08-13T09:55:00-04:00,4.142831207515794,4.17,4.142831207515794,4.17,4.188263693517612,4.183262790499657,4.175373896268093,0,0,7430,7812,0,0,0,0,NaN,NaN,0.003420089031332904,NaN,NaN,NaN,4.258005508633314,4.11660499,NaN,NaN,NaN,NaN,NaN,NaN,NaN,NaN,NaN,NaN,1,0,0,0,0,NaN,NaN,0.003420089031332904,NaN,NaN,NaN,4.258005508633314,4.11660499,NaN,NaN,NaN,NaN,NaN,NaN,NaN,NaN,NaN,NaN,1
2024-08-13T09:58:00-04:00,4.156415603757897,4.156415603757897,4.05,4.065,4.165852112878047,4.181457251713403,4.172332304768096,0,1,7430,7813,0,0,0,0,NaN,NaN,0.08611451217682005,NaN,NaN,NaN,4.258005508633314,4.11660499,NaN,NaN,NaN,NaN,NaN,NaN,NaN,NaN,NaN,NaN,1,0,0,0,0,NaN,NaN,0.08611451217682005,NaN,NaN,NaN,4.258005508633314,4.11660499,NaN,NaN,NaN,NaN,NaN,NaN,NaN,NaN,NaN,NaN,1
2024-08-13T09:59:00-04:00,4.110707801878949,4.110707801878949,3.88,3.9699999999999998,4.130242637809311,4.178228896725412,4.149853761651132,0,0,7430,7814,0,0,0,0,NaN,NaN,0.08159723886268756,NaN,NaN,NaN,4.258005508633314,4.11660499,NaN,NaN,NaN,NaN,NaN,NaN,NaN,NaN,NaN,NaN,1,0,0,0,0,NaN,NaN,0.08159723886268756,NaN,NaN,NaN,4.258005508633314,4.11660499,NaN,NaN,NaN,NaN,NaN,NaN,NaN,NaN,NaN,NaN,1
2024-08-13T10:00:00-04:00,4.040353900939474,4.040353900939474,3.9,3.93,4.093834885480345,4.174439142576932,4.145649455999409,0,0,7430,7815,0,0,0,0,NaN,NaN,0.0015654146705178092,NaN,NaN,NaN,4.258005508633314,4.11660499,NaN,NaN,NaN,NaN,NaN,NaN,NaN,NaN,NaN,NaN,1,0,0,0,0,NaN,NaN,0.0015654146705178092,NaN,NaN,NaN,4.258005508633314,4.11660499,NaN,NaN,NaN,NaN,NaN,NaN,NaN,NaN,NaN,NaN,1
2024-08-13T10:01:00-04:00,3.9851769504697367,3.9851769504697367,3.8101,3.892525,4.057233088120283,4.170135109865834,4.133420361054434,0,0,7430,7816,0,0,0,0,NaN,NaN,0.003359892447776514,NaN,NaN,NaN,4.258005508633314,4.096035125,NaN,NaN,NaN,NaN,NaN,NaN,NaN,NaN,NaN,NaN,1,0,0,0,0,NaN,NaN,0.003359892447776514,NaN,NaN,NaN,4.258005508633314,4.096035125,NaN,NaN,NaN,NaN,NaN,NaN,NaN,NaN,NaN,NaN,1
2024-08-13T10:04:00-04:00,3.9388509752348684,4.3,3.925,4.1125,4.0672816175529585,4.169255184524371,4.131742472010699,0,0,7430,7817,0,0,0,0,NaN,NaN,0.003386383486167702,NaN,NaN,NaN,4.258005508633314,4.096035125,NaN,NaN,NaN,NaN,NaN,NaN,NaN,NaN,NaN,NaN,1,0,0,0,0,NaN,NaN,0.003386383486167702,NaN,NaN,NaN,4.258005508633314,4.096035125,NaN,NaN,NaN,NaN,NaN,NaN,NaN,NaN,NaN,NaN,1
2024-08-13T10:09:00-04:00,4.025675487617434,4.025675487617434,3.8779,3.8779,4.032848596179694,4.164807013768273,4.117737263064568,0,0,7430,7818,0,0,0,0,NaN,NaN,0.13959765604718508,NaN,NaN,NaN,4.258005508633314,4.0823979462499995,NaN,NaN,NaN,NaN,NaN,NaN,NaN,NaN,NaN,NaN,1,0,0,0,0,NaN,NaN,0.13959765604718508,NaN,NaN,NaN,4.258005508633314,4.0823979462499995,NaN,NaN,NaN,NaN,NaN,NaN,NaN,NaN,NaN,NaN,1
2024-08-13T10:11:00-04:00,3.9517877438087172,4.24,3.9517877438087172,4.2364,4.069857942328841,4.165900036458834,4.118827582846988,0,0,7430,7819,0,0,0,0,NaN,NaN,0.08225059394126945,NaN,NaN,NaN,4.258005508633314,4.0823979462499995,NaN,NaN,NaN,NaN,NaN,NaN,NaN,NaN,NaN,NaN,1,0,0,0,0,NaN,NaN,0.08225059394126945,NaN,NaN,NaN,4.258005508633314,4.0823979462499995,NaN,NaN,NaN,NaN,NaN,NaN,NaN,NaN,NaN,NaN,1
2024-08-13T10:17:00-04:00,4.0940938719043585,4.23,4.0940938719043585,4.1875,4.09124740735996,4.1662298068945764,4.119784804058225,0,0,7430,7820,0,0,0,0,NaN,NaN,0.04935146037319667,NaN,NaN,NaN,4.258005508633314,4.0823979462499995,NaN,NaN,NaN,NaN,NaN,NaN,NaN,NaN,NaN,NaN,1,0,0,0,0,NaN,NaN,0.04935146037319667,NaN,NaN,NaN,4.258005508633314,4.0823979462499995,NaN,NaN,NaN,NaN,NaN,NaN,NaN,NaN,NaN,NaN,1
2024-08-13T10:26:00-04:00,4.14079693595218,4.1716,4.11,4.13915,4.099956969658149,4.165816374728247,4.120306007305069,0,0,7430,7821,0,0,0,0,NaN,NaN,0.10410778303750606,NaN,NaN,NaN,4.258005508633314,4.0823979462499995,NaN,NaN,NaN,NaN,NaN,NaN,NaN,NaN,NaN,NaN,1,0,0,0,0,NaN,NaN,0.10410778303750606,NaN,NaN,NaN,4.258005508633314,4.0823979462499995,NaN,NaN,NaN,NaN,NaN,NaN,NaN,NaN,NaN,NaN,1
2024-08-13T10:27:00-04:00,4.139973467976089,4.18,4.139973467976089,4.172499999999999,4.113146611538485,4.165918414808732,4.120984784749846,0,0,7430,7822,0,0,0,0,NaN,NaN,0.1508648207171614,NaN,NaN,NaN,4.258005508633314,4.0823979462499995,NaN,NaN,NaN,NaN,NaN,NaN,NaN,NaN,NaN,NaN,1,0,0,0,0,NaN,NaN,0.1508648207171614,NaN,NaN,NaN,4.258005508633314,4.0823979462499995,NaN,NaN,NaN,NaN,NaN,NaN,NaN,NaN,NaN,NaN,1
2024-08-13T10:28:00-04:00,4.156236733988044,4.23,4.14,4.1775,4.124847227622397,4.166095232903255,4.1219410849251705,0,0,7430,7823,0,0,0,0,NaN,NaN,0.2007256702547432,NaN,NaN,NaN,4.258005508633314,4.0823979462499995,NaN,NaN,NaN,NaN,NaN,NaN,NaN,NaN,NaN,NaN,1,0,0,0,0,NaN,NaN,0.2007256702547432,NaN,NaN,NaN,4.258005508633314,4.0823979462499995,NaN,NaN,NaN,NaN,NaN,NaN,NaN,NaN,NaN,NaN,1
2024-08-13T10:32:00-04:00,4.166868366994022,4.23,4.166868366994022,4.210000000000001,4.14032954987287,4.166765534690992,4.124676232397572,0,0,7430,7824,0,0,0,0,NaN,NaN,0.12768844299441098,NaN,NaN,NaN,4.258005508633314,4.0823979462499995,NaN,NaN,NaN,NaN,NaN,NaN,NaN,NaN,NaN,NaN,1,0,0,0,0,NaN,NaN,0.12768844299441098,NaN,NaN,NaN,4.258005508633314,4.0823979462499995,NaN,NaN,NaN,NaN,NaN,NaN,NaN,NaN,NaN,NaN,1
2024-08-13T10:33:00-04:00,4.188434183497011,4.29,4.188434183497011,4.28465,4.166569631714166,4.168565297520137,4.129016935612505,0,0,7430,7825,0,0,0,0,NaN,NaN,0.035141287772650874,NaN,NaN,NaN,4.258005508633314,4.0823979462499995,NaN,NaN,NaN,NaN,NaN,NaN,NaN,NaN,NaN,NaN,1,0,0,0,0,NaN,NaN,0.035141287772650874,NaN,NaN,NaN,4.258005508633314,4.0823979462499995,NaN,NaN,NaN,NaN,NaN,NaN,NaN,NaN,NaN,NaN,1
2024-08-13T10:37:00-04:00,4.236542091748506,4.236542091748506,4.215,4.215,4.175375153220681,4.169274224275554,4.1292449106480005,0,0,7430,7826,0,0,0,0,NaN,NaN,0.03499823227088051,NaN,NaN,NaN,4.258005508633314,4.0823979462499995,NaN,NaN,NaN,NaN,NaN,NaN,NaN,NaN,NaN,NaN,1,0,0,0,0,NaN,NaN,0.03499823227088051,NaN,NaN,NaN,4.258005508633314,4.0823979462499995,NaN,NaN,NaN,NaN,NaN,NaN,NaN,NaN,NaN,NaN,1
2024-08-13T10:44:00-04:00,4.225771045874253,4.3,4.21,4.2575,4.1903069435441935,4.170621182683561,4.1339784408940785,1,0,7827,7826,0,0,0,0,NaN,NaN,0.020266204344865778,NaN,NaN,NaN,4.258005508633314,4.0823979462499995,NaN,NaN,NaN,NaN,NaN,NaN,NaN,NaN,NaN,NaN,1,0,0,0,0,NaN,NaN,0.020266204344865778,NaN,NaN,NaN,4.258005508633314,4.0823979462499995,NaN,NaN,NaN,NaN,NaN,NaN,NaN,NaN,NaN,NaN,1
2024-08-13T10:46:00-04:00,4.241635522937127,4.3,4.241635522937127,4.3,4.210251135627067,4.172596431802896,4.134260588950069,0,0,7827,7826,0,0,0,0,NaN,NaN,0.0008789881020129917,NaN,NaN,NaN,4.258005508633314,4.1016129999999995,NaN,NaN,NaN,NaN,NaN,NaN,NaN,NaN,NaN,NaN,1,0,0,0,0,NaN,NaN,0.0008789881020129917,NaN,NaN,NaN,4.258005508633314,4.1016129999999995,NaN,NaN,NaN,NaN,NaN,NaN,NaN,NaN,NaN,NaN,1
2024-08-13T10:47:00-04:00,4.270817761468564,4.4,4.270817761468564,4.35,4.23566002005851,4.175304883225753,4.156382392663768,0,0,7827,7826,0,0,0,0,NaN,NaN,0.028033105516140452,NaN,NaN,NaN,4.258005508633314,4.133314609999999,NaN,NaN,NaN,NaN,NaN,NaN,NaN,NaN,NaN,NaN,1,0,0,0,0,NaN,NaN,0.028033105516140452,NaN,NaN,NaN,4.258005508633314,4.133314609999999,NaN,NaN,NaN,NaN,NaN,NaN,NaN,NaN,NaN,NaN,1
2024-08-13T10:48:00-04:00,4.310408880734282,4.59,4.310408880734282,4.48,4.280085470956963,4.179956717069635,4.163318332189072,0,0,7827,7826,0,0,0,0,NaN,NaN,0.1978724230412185,NaN,NaN,NaN,4.258005508633314,4.2152157334,NaN,NaN,NaN,NaN,NaN,NaN,NaN,NaN,NaN,NaN,1,0,0,0,0,NaN,NaN,0.1978724230412185,NaN,NaN,NaN,4.258005508633314,4.2152157334,NaN,NaN,NaN,NaN,NaN,NaN,NaN,NaN,NaN,NaN,1
2024-08-13T10:49:00-04:00,4.3952044403671415,4.8,4.3952044403671415,4.7855,4.37197902169206,4.189201652686892,4.173368108764922,0,0,7827,7826,0,1,0,0,NaN,NaN,0.9872670318278178,NaN,NaN,NaN,4.258005508633314,4.405543817393999,NaN,NaN,NaN,NaN,NaN,NaN,NaN,NaN,NaN,NaN,1,0,1,0,0,NaN,NaN,0.9872670318278178,NaN,NaN,NaN,4.258005508633314,4.405543817393999,NaN,NaN,NaN,NaN,NaN,NaN,NaN,NaN,NaN,NaN,1