time,open,high,low,close,EMA10,EMA130,VWAP,Bull_window,Bear_window,Plot,Plot,Bullish,Bullish+,Bearish,Bearish+,Bullish Exit,Bearish Exit,Trend Strength,Take Profit,Stop Loss,Bar Color Value,Trend Tracer,Trend Catcher,Smart Trail,Smart Trail Extremity,RZ R3 Band,RZ R2 Band,RZ R1 Band,RZ S1 Band,RZ S2 Band,RZ S3 Band,Neo Lead,Neo Lag,Custom Alert Condition Highlighter,Bullish,Bullish+,Bearish,Bearish+,Bullish Exit,Bearish Exit,Trend Strength,Take Profit,Stop Loss,Bar Color Value,Trend Tracer,Trend Catcher,Smart Trail,Smart Trail Extremity,RZ R3 Band,RZ R2 Band,RZ R1 Band,RZ S1 Band,RZ S2 Band,RZ S3 Band,Neo Lead,Neo Lag,Custom Alert Condition Highlighter
2024-08-09T10:08:00-04:00,5.888915935728612,6.08,5.888915935728612,6.030025,5.905029405386678,6.321186025020881,6.240172424343459,0,0,19343,19342,0,0,0,0,NaN,NaN,79.05750992271786,NaN,NaN,NaN,5.929441465185099,5.931352235,NaN,NaN,NaN,NaN,NaN,NaN,NaN,NaN,NaN,NaN,1,0,0,0,0,NaN,NaN,79.05750992271786,NaN,NaN,NaN,5.929441465185099,5.931352235,NaN,NaN,NaN,NaN,NaN,NaN,NaN,NaN,NaN,NaN,1
2024-08-09T10:09:00-04:00,5.959470467864306,6.19,5.959470467864306,6.127525000000001,5.945483149861827,6.318229368150334,6.238696935905708,0,0,19343,19342,0,0,0,0,NaN,NaN,78.16812799725412,NaN,NaN,NaN,5.929441465185099,5.9889476009000004,NaN,NaN,NaN,NaN,NaN,NaN,NaN,NaN,NaN,NaN,1,0,0,0,0,NaN,NaN,78.16812799725412,NaN,NaN,NaN,5.929441465185099,5.9889476009000004,NaN,NaN,NaN,NaN,NaN,NaN,NaN,NaN,NaN,NaN,1
2024-08-09T10:10:00-04:00,6.043497733932154,6.1649,6.043497733932154,6.128725,5.97879984988695,6.315336171690023,6.2373388207354665,0,0,19343,19342,0,0,0,0,NaN,NaN,77.10361726091118,NaN,NaN,NaN,5.929441465185099,6.002073566819,NaN,NaN,NaN,NaN,NaN,NaN,NaN,NaN,NaN,NaN,1,0,0,0,0,NaN,NaN,77.10361726091118,NaN,NaN,NaN,5.929441465185099,6.002073566819,NaN,NaN,NaN,NaN,NaN,NaN,NaN,NaN,NaN,NaN,1
2024-08-09T10:11:00-04:00,6.086111366966077,6.19,6.086111366966077,6.161250000000001,6.011972604452959,6.312983711053534,6.236830075971899,0,0,19343,19342,0,0,0,0,NaN,NaN,75.67249293054154,NaN,NaN,NaN,5.929441465185099,6.035485738800721,NaN,NaN,NaN,NaN,NaN,NaN,NaN,NaN,NaN,NaN,1,0,0,0,0,NaN,NaN,75.67249293054154,NaN,NaN,NaN,5.929441465185099,6.035485738800721,NaN,NaN,NaN,NaN,NaN,NaN,NaN,NaN,NaN,NaN,1
2024-08-09T10:12:00-04:00,6.123680683483039,6.123680683483039,6.04,6.0825000000000005,6.024795767279694,6.309464875770274,6.234664912197573,0,0,19343,19342,0,0,0,0,NaN,NaN,74.45909071657785,NaN,NaN,NaN,5.929441465185099,6.035485738800721,NaN,NaN,NaN,NaN,NaN,NaN,NaN,NaN,NaN,NaN,1,0,0,0,0,NaN,NaN,74.45909071657785,NaN,NaN,NaN,5.929441465185099,6.035485738800721,NaN,NaN,NaN,NaN,NaN,NaN,NaN,NaN,NaN,NaN,1
2024-08-09T10:13:00-04:00,6.10309034174152,6.10309034174152,6.055,6.0725,6.033469264137931,6.30584709140737,6.234598123795323,0,0,19343,19342,0,0,0,0,NaN,NaN,73.13708664368319,NaN,NaN,NaN,5.929441465185099,6.035485738800721,NaN,NaN,NaN,NaN,NaN,NaN,NaN,NaN,NaN,NaN,1,0,0,0,0,NaN,NaN,73.13708664368319,NaN,NaN,NaN,5.929441465185099,6.035485738800721,NaN,NaN,NaN,NaN,NaN,NaN,NaN,NaN,NaN,NaN,1
2024-08-09T10:16:00-04:00,6.08779517087076,6.08779517087076,6.01,6.022500000000001,6.03147485247649,6.30152118161489,6.23378276674831,0,0,19343,19342,0,0,0,0,NaN,NaN,72.23954373007774,NaN,NaN,NaN,5.929441465185099,6.035485738800721,NaN,NaN,NaN,NaN,NaN,NaN,NaN,NaN,NaN,NaN,1,0,0,0,0,NaN,NaN,72.23954373007774,NaN,NaN,NaN,5.929441465185099,6.035485738800721,NaN,NaN,NaN,NaN,NaN,NaN,NaN,NaN,NaN,NaN,1
2024-08-09T10:17:00-04:00,6.05514758543538,6.05514758543538,6,6.01375,6.0282521520262184,6.297127728460465,6.232851047277629,0,0,19343,19342,0,0,0,0,NaN,NaN,71.36372251906796,NaN,NaN,NaN,5.929441465185099,6.035485738800721,NaN,NaN,NaN,NaN,NaN,NaN,NaN,NaN,NaN,NaN,1,0,0,0,0,NaN,NaN,71.36372251906796,NaN,NaN,NaN,5.929441465185099,6.035485738800721,NaN,NaN,NaN,NaN,NaN,NaN,NaN,NaN,NaN,NaN,1
2024-08-09T10:18:00-04:00,6.03444879271769,6.045,6.0001,6.022550000000001,6.027215397112361,6.292935702071755,6.231612613233696,0,0,19343,19342,0,0,0,0,NaN,NaN,70.30348051917727,NaN,NaN,NaN,5.929441465185099,6.035485738800721,NaN,NaN,NaN,NaN,NaN,NaN,NaN,NaN,NaN,NaN,1,0,0,0,0,NaN,NaN,70.30348051917727,NaN,NaN,NaN,5.929441465185099,6.035485738800721,NaN,NaN,NaN,NaN,NaN,NaN,NaN,NaN,NaN,NaN,1
2024-08-09T10:19:00-04:00,6.028499396358845,6.0899,6.028499396358845,6.059950000000001,6.033167143091932,6.289378668452339,6.230918262430351,0,0,19343,19342,0,0,0,0,NaN,NaN,68.87864085011357,NaN,NaN,NaN,5.929441465185099,6.035485738800721,NaN,NaN,NaN,NaN,NaN,NaN,NaN,NaN,NaN,NaN,1,0,0,0,0,NaN,NaN,68.87864085011357,NaN,NaN,NaN,5.929441465185099,6.035485738800721,NaN,NaN,NaN,NaN,NaN,NaN,NaN,NaN,NaN,NaN,1
2024-08-09T10:20:00-04:00,6.044224698179423,6.08,6.044224698179423,6.08,6.041682207984308,6.286182047559937,6.230765805881342,0,0,19343,19342,0,0,0,0,NaN,NaN,67.1499879811604,NaN,NaN,NaN,5.929441465185099,6.035485738800721,NaN,NaN,NaN,NaN,NaN,NaN,NaN,NaN,NaN,NaN,1,0,0,0,0,NaN,NaN,67.1499879811604,NaN,NaN,NaN,5.929441465185099,6.035485738800721,NaN,NaN,NaN,NaN,NaN,NaN,NaN,NaN,NaN,NaN,1
2024-08-09T10:21:00-04:00,6.062112349089712,6.08,6.01,6.045,6.042285442896252,6.2824998788949,6.230335190030336,0,0,19343,19342,0,0,0,0,NaN,NaN,65.66776110950829,NaN,NaN,NaN,5.929441465185099,6.035485738800721,NaN,NaN,NaN,NaN,NaN,NaN,NaN,NaN,NaN,NaN,1,0,0,0,0,NaN,NaN,65.66776110950829,NaN,NaN,NaN,5.929441465185099,6.035485738800721,NaN,NaN,NaN,NaN,NaN,NaN,NaN,NaN,NaN,NaN,1
2024-08-09T10:22:00-04:00,6.053556174544855,6.09,6.005,6.045,6.042778998733297,6.2788739265453595,6.229962360970015,0,0,19343,19342,0,0,0,0,NaN,NaN,64.35719332779483,NaN,NaN,NaN,5.929441465185099,6.035485738800721,NaN,NaN,NaN,NaN,NaN,NaN,NaN,NaN,NaN,NaN,1,0,0,0,0,NaN,NaN,64.35719332779483,NaN,NaN,NaN,5.929441465185099,6.035485738800721,NaN,NaN,NaN,NaN,NaN,NaN,NaN,NaN,NaN,NaN,1
2024-08-09T10:23:00-04:00,6.049278087272428,6.09,6.049278087272428,6.088,6.051000998963607,6.275959820796575,6.22976273731682,0,0,19343,19342,0,0,0,0,NaN,NaN,62.56784741129472,NaN,NaN,NaN,5.929441465185099,6.035485738800721,NaN,NaN,NaN,NaN,NaN,NaN,NaN,NaN,NaN,NaN,1,0,0,0,0,NaN,NaN,62.56784741129472,NaN,NaN,NaN,5.929441465185099,6.035485738800721,NaN,NaN,NaN,NaN,NaN,NaN,NaN,NaN,NaN,NaN,1
2024-08-09T10:24:00-04:00,6.068639043636214,6.1,6.068639043636214,6.094374999999999,6.058887180970224,6.273187533456169,6.2294268744376735,0,0,19343,19342,0,0,0,0,NaN,NaN,60.60941063819043,NaN,NaN,NaN,5.929441465185099,6.035485738800721,NaN,NaN,NaN,NaN,NaN,NaN,NaN,NaN,NaN,NaN,1,0,0,0,0,NaN,NaN,60.60941063819043,NaN,NaN,NaN,5.929441465185099,6.035485738800721,NaN,NaN,NaN,NaN,NaN,NaN,NaN,NaN,NaN,NaN,1
2024-08-09T10:25:00-04:00,6.081507021818107,6.081507021818107,6.07,6.07005,6.060916784430184,6.270086197067525,6.229219238674068,0,0,19343,19342,0,0,0,0,NaN,NaN,58.757429070476974,NaN,NaN,NaN,5.929441465185099,6.035485738800721,NaN,NaN,NaN,NaN,NaN,NaN,NaN,NaN,NaN,NaN,1,0,0,0,0,NaN,NaN,58.757429070476974,NaN,NaN,NaN,5.929441465185099,6.035485738800721,NaN,NaN,NaN,NaN,NaN,NaN,NaN,NaN,NaN,NaN,1
2024-08-09T10:26:00-04:00,6.075778510909053,6.075778510909053,6.075,6.075,6.063477369079242,6.26710778184512,6.22918838211343,0,0,19343,19342,0,0,0,0,NaN,NaN,57.21916633096853,NaN,NaN,NaN,5.929441465185099,6.035485738800721,NaN,NaN,NaN,NaN,NaN,NaN,NaN,NaN,NaN,NaN,1,0,0,0,0,NaN,NaN,57.21916633096853,NaN,NaN,NaN,5.929441465185099,6.035485738800721,NaN,NaN,NaN,NaN,NaN,NaN,NaN,NaN,NaN,NaN,1
2024-08-09T10:27:00-04:00,6.075389255454526,6.075389255454526,6.07,6.07,6.064663301973925,6.264098502732981,6.229142530173741,0,0,19343,19342,0,0,0,0,NaN,NaN,55.97113712370847,NaN,NaN,NaN,5.929441465185099,6.035485738800721,NaN,NaN,NaN,NaN,NaN,NaN,NaN,NaN,NaN,NaN,1,0,0,0,0,NaN,NaN,55.97113712370847,NaN,NaN,NaN,5.929441465185099,6.035485738800721,NaN,NaN,NaN,NaN,NaN,NaN,NaN,NaN,NaN,NaN,1
2024-08-09T10:28:00-04:00,6.072694627727263,6.09,6.07,6.08,6.067451792524121,6.261287838569119,6.229082889622464,0,0,19343,19342,0,0,0,0,NaN,NaN,54.58290829841847,NaN,NaN,NaN,5.929441465185099,6.035485738800721,NaN,NaN,NaN,NaN,NaN,NaN,NaN,NaN,NaN,NaN,1,0,0,0,0,NaN,NaN,54.58290829841847,NaN,NaN,NaN,5.929441465185099,6.035485738800721,NaN,NaN,NaN,NaN,NaN,NaN,NaN,NaN,NaN,NaN,1
2024-08-09T10:29:00-04:00,6.076347313863632,6.08,6.07,6.075,6.068824193883372,6.2584437494306595,6.228886584520823,0,0,19343,19342,0,0,0,0,NaN,NaN,53.3459320715271,NaN,NaN,NaN,5.929441465185099,6.035485738800721,NaN,NaN,NaN,NaN,NaN,NaN,NaN,NaN,NaN,NaN,1,0,0,0,0,NaN,NaN,53.3459320715271,NaN,NaN,NaN,5.929441465185099,6.035485738800721,NaN,NaN,NaN,NaN,NaN,NaN,NaN,NaN,NaN,NaN,1
2024-08-09T10:30:00-04:00,6.075673656931816,6.0898,6.05,6.0699000000000005,6.069019794995486,6.255565218905001,6.228823113781897,0,0,19343,19342,0,0,0,0,NaN,NaN,52.03004652350543,NaN,NaN,NaN,5.929441465185099,6.035485738800721,NaN,NaN,NaN,NaN,NaN,NaN,NaN,NaN,NaN,NaN,1,0,0,0,0,NaN,NaN,52.03004652350543,NaN,NaN,NaN,5.929441465185099,6.035485738800721,NaN,NaN,NaN,NaN,NaN,NaN,NaN,NaN,NaN,NaN,1
2024-08-09T10:31:00-04:00,6.072786828465908,6.072786828465908,6.05,6.05,6.065561650450852,6.2524268186163745,6.228769587389199,0,0,19343,19342,0,0,0,0,NaN,NaN,50.833686841605974,NaN,NaN,NaN,5.929441465185099,6.035485738800721,NaN,NaN,NaN,NaN,NaN,NaN,NaN,NaN,NaN,NaN,1,0,0,0,0,NaN,NaN,50.833686841605974,NaN,NaN,NaN,5.929441465185099,6.035485738800721,NaN,NaN,NaN,NaN,NaN,NaN,NaN,NaN,NaN,NaN,1
2024-08-09T10:32:00-04:00,6.061393414232954,6.0699,6,6.03995,6.060904986732515,6.249182897721468,6.22850620185084,0,1,19343,19342,0,0,0,0,NaN,NaN,49.631230415077646,NaN,NaN,NaN,5.929441465185099,6.035485738800721,NaN,NaN,NaN,NaN,NaN,NaN,NaN,NaN,NaN,NaN,1,0,0,0,0,NaN,NaN,49.631230415077646,NaN,NaN,NaN,5.929441465185099,6.035485738800721,NaN,NaN,NaN,NaN,NaN,NaN,NaN,NaN,NaN,NaN,1
2024-08-09T10:33:00-04:00,6.050671707116477,6.050671707116477,5.99,6.0219499999999995,6.053822261872058,6.245713693176102,6.227727094194066,0,0,19343,19561,0,0,0,0,NaN,NaN,47.529857573851395,NaN,NaN,NaN,5.929441465185099,6.035485738800721,NaN,NaN,NaN,NaN,NaN,NaN,NaN,NaN,NaN,NaN,1,0,0,0,0,NaN,NaN,47.529857573851395,NaN,NaN,NaN,5.929441465185099,6.035485738800721,NaN,NaN,NaN,NaN,NaN,NaN,NaN,NaN,NaN,NaN,1
2024-08-09T10:34:00-04:00,6.036310853558238,6.0607,6.036310853558238,6.0607,6.055072759713502,6.242889056639062,6.227675714603249,0,0,19343,19562,0,0,0,0,NaN,NaN,47.37574479538706,NaN,NaN,NaN,5.929441465185099,6.035485738800721,NaN,NaN,NaN,NaN,NaN,NaN,NaN,NaN,NaN,NaN,1,0,0,0,0,NaN,NaN,47.37574479538706,NaN,NaN,NaN,5.929441465185099,6.035485738800721,NaN,NaN,NaN,NaN,NaN,NaN,NaN,NaN,NaN,NaN,1
2024-08-09T10:36:00-04:00,6.048505426779119,6.0743,6.0282,6.0567,6.055368621583774,6.240046475621672,6.226524075888333,0,0,19343,19563,0,0,0,0,NaN,NaN,44.6520186129404,NaN,NaN,NaN,5.929441465185099,6.035485738800721,NaN,NaN,NaN,NaN,NaN,NaN,NaN,NaN,NaN,NaN,1,0,0,0,0,NaN,NaN,44.6520186129404,NaN,NaN,NaN,5.929441465185099,6.035485738800721,NaN,NaN,NaN,NaN,NaN,NaN,NaN,NaN,NaN,NaN,1
2024-08-09T10:38:00-04:00,6.052602713389559,6.06,6.052602713389559,6.06,6.056210690386725,6.237297674467143,6.226425657015985,0,0,19343,19564,0,0,0,0,NaN,NaN,44.00253085481251,NaN,NaN,NaN,5.929441465185099,6.035485738800721,NaN,NaN,NaN,NaN,NaN,NaN,NaN,NaN,NaN,NaN,1,0,0,0,0,NaN,NaN,44.00253085481251,NaN,NaN,NaN,5.929441465185099,6.035485738800721,NaN,NaN,NaN,NaN,NaN,NaN,NaN,NaN,NaN,NaN,1
2024-08-09T10:39:00-04:00,6.05630135669478,6.07,6.0499,6.062475,6.057349655770957,6.234628626001996,6.225294002750789,0,0,19343,19565,0,0,0,0,NaN,NaN,42.531560986452774,NaN,NaN,NaN,5.929441465185099,6.035485738800721,NaN,NaN,NaN,NaN,NaN,NaN,NaN,NaN,NaN,NaN,1,0,0,0,0,NaN,NaN,42.531560986452774,NaN,NaN,NaN,5.929441465185099,6.035485738800721,NaN,NaN,NaN,NaN,NaN,NaN,NaN,NaN,NaN,NaN,1
2024-08-09T10:41:00-04:00,6.05938817834739,6.05938817834739,6.0201,6.0201,6.050576991085329,6.231353379803492,6.225213743189276,0,1,19343,19566,0,0,0,0,NaN,NaN,40.10371122588761,NaN,NaN,NaN,5.929441465185099,6.035485738800721,NaN,NaN,NaN,NaN,NaN,NaN,NaN,NaN,NaN,NaN,1,0,0,0,0,NaN,NaN,40.10371122588761,NaN,NaN,NaN,5.929441465185099,6.035485738800721,NaN,NaN,NaN,NaN,NaN,NaN,NaN,NaN,NaN,NaN,1
2024-08-09T10:43:00-04:00,6.039744089173695,6.13,6.039744089173695,6.1075,6.060926629069814,6.229462488508783,6.224755111663932,0,0,19343,19567,0,0,0,0,NaN,NaN,36.663083243214125,NaN,NaN,NaN,5.929441465185099,6.035485738800721,NaN,NaN,NaN,NaN,NaN,NaN,NaN,NaN,NaN,NaN,1,0,0,0,0,NaN,NaN,36.663083243214125,NaN,NaN,NaN,5.929441465185099,6.035485738800721,NaN,NaN,NaN,NaN,NaN,NaN,NaN,NaN,NaN,NaN,1
2024-08-09T10:44:00-04:00,6.073622044586847,6.13,6.073622044586847,6.13,6.073485423784393,6.227943977233839,6.224736656207515,0,0,19343,19568,0,0,0,0,NaN,NaN,32.83808977110632,NaN,NaN,NaN,5.929441465185099,6.035485738800721,NaN,NaN,NaN,NaN,NaN,NaN,NaN,NaN,NaN,NaN,1,0,0,0,0,NaN,NaN,32.83808977110632,NaN,NaN,NaN,5.929441465185099,6.035485738800721,NaN,NaN,NaN,NaN,NaN,NaN,NaN,NaN,NaN,NaN,1
2024-08-09T10:47:00-04:00,6.101811022293424,6.23,6.101811022293424,6.20495,6.097388074005413,6.2275929241462995,6.224723946678967,0,0,19343,19569,0,0,0,0,NaN,NaN,28.18687862538268,NaN,NaN,NaN,5.929441465185099,6.079477877980612,NaN,NaN,NaN,NaN,NaN,NaN,NaN,NaN,NaN,NaN,1,0,0,0,0,NaN,NaN,28.18687862538268,NaN,NaN,NaN,5.929441465185099,6.079477877980612,NaN,NaN,NaN,NaN,NaN,NaN,NaN,NaN,NaN,NaN,1
2024-08-09T10:48:00-04:00,6.153380511146712,6.191,6.153380511146712,6.185524999999999,6.113412969640792,6.226950665762386,6.224680123937697,0,0,19343,19570,0,0,0,0,NaN,NaN,23.85954619163751,NaN,NaN,NaN,5.929441465185099,6.079477877980612,NaN,NaN,NaN,NaN,NaN,NaN,NaN,NaN,NaN,NaN,1,0,0,0,0,NaN,NaN,23.85954619163751,NaN,NaN,NaN,5.929441465185099,6.079477877980612,NaN,NaN,NaN,NaN,NaN,NaN,NaN,NaN,NaN,NaN,1
2024-08-09T10:50:00-04:00,6.169452755573356,6.22,6.169452755573356,6.22,6.132792429706102,6.226844548727846,6.224663621353053,0,0,19343,19571,0,0,0,0,NaN,NaN,19.078038908004107,NaN,NaN,NaN,6.0025538170169295,6.110942359944102,NaN,NaN,NaN,NaN,NaN,NaN,NaN,NaN,NaN,NaN,1,0,0,0,0,NaN,NaN,19.078038908004107,NaN,NaN,NaN,6.0025538170169295,6.110942359944102,NaN,NaN,NaN,NaN,NaN,NaN,NaN,NaN,NaN,NaN,1
2024-08-09T10:52:00-04:00,6.194726377786678,6.3,6.194726377786678,6.26975,6.1576938061231745,6.227499593785436,6.224830713985147,0,0,19343,19572,0,0,0,0,NaN,NaN,14.543250037780364,NaN,NaN,NaN,6.141202195178494,6.163943214355841,NaN,NaN,NaN,NaN,NaN,NaN,NaN,NaN,NaN,NaN,1,0,0,0,0,NaN,NaN,14.543250037780364,NaN,NaN,NaN,6.141202195178494,6.163943214355841,NaN,NaN,NaN,NaN,NaN,NaN,NaN,NaN,NaN,NaN,1
2024-08-09T10:53:00-04:00,6.232238188893339,6.232238188893339,6.2001,6.2001,6.165404023191688,6.227081279376498,6.22482594129158,0,0,19343,19573,0,0,0,0,NaN,NaN,10.485560313041807,NaN,NaN,NaN,6.141202195178494,6.163943214355841,NaN,NaN,NaN,NaN,NaN,NaN,NaN,NaN,NaN,NaN,1,0,0,0,0,NaN,NaN,10.485560313041807,NaN,NaN,NaN,6.141202195178494,6.163943214355841,NaN,NaN,NaN,NaN,NaN,NaN,NaN,NaN,NaN,NaN,1
2024-08-09T10:57:00-04:00,6.21616909444667,6.21616909444667,6.2001,6.2001,6.171712382611381,6.226669351447086,6.224778315477943,0,0,19343,19574,0,0,0,0,NaN,NaN,6.425417546686242,NaN,NaN,NaN,6.141202195178494,6.163943214355841,NaN,NaN,NaN,NaN,NaN,NaN,NaN,NaN,NaN,NaN,1,0,0,0,0,NaN,NaN,6.425417546686242,NaN,NaN,NaN,6.141202195178494,6.163943214355841,NaN,NaN,NaN,NaN,NaN,NaN,NaN,NaN,NaN,NaN,1
2024-08-09T10:58:00-04:00,6.2081345472233345,6.2899,6.2081345472233345,6.28495,6.1923010403184024,6.227559132341024,6.224813065262544,0,0,19343,19575,0,0,0,0,NaN,NaN,2.8464060755692002,NaN,NaN,NaN,6.141202195178494,6.198760842910439,NaN,NaN,NaN,NaN,NaN,NaN,NaN,NaN,NaN,NaN,1,0,0,0,0,NaN,NaN,2.8464060755692002,NaN,NaN,NaN,6.141202195178494,6.198760842910439,NaN,NaN,NaN,NaN,NaN,NaN,NaN,NaN,NaN,NaN,1
2024-08-09T10:59:00-04:00,6.246542273611667,6.29,6.245,6.27875,6.208019032987783,6.228340672305283,6.224854565507595,0,0,19343,19576,0,0,0,0,NaN,NaN,0.5298060943873097,NaN,NaN,NaN,6.141202195178494,6.198760842910439,NaN,NaN,NaN,NaN,NaN,NaN,NaN,NaN,NaN,NaN,1,0,0,0,0,NaN,NaN,0.5298060943873097,NaN,NaN,NaN,6.141202195178494,6.198760842910439,NaN,NaN,NaN,NaN,NaN,NaN,NaN,NaN,NaN,NaN,1
2024-08-09T11:00:00-04:00,6.2626461368058335,6.29,6.2009,6.24545,6.214824663353641,6.228601883415126,6.22505853079869,0,0,19343,19577,0,0,0,0,NaN,NaN,0.054669015177981665,NaN,NaN,NaN,6.141202195178494,6.198760842910439,NaN,NaN,NaN,NaN,NaN,NaN,NaN,NaN,NaN,NaN,1,0,0,0,0,NaN,NaN,0.054669015177981665,NaN,NaN,NaN,6.141202195178494,6.198760842910439,NaN,NaN,NaN,NaN,NaN,NaN,NaN,NaN,NaN,NaN,1
2024-08-09T11:02:00-04:00,6.254048068402916,6.254048068402916,6.21,6.21,6.213947451834797,6.228317885195048,6.225029906276908,0,0,19343,19578,0,0,0,0,NaN,NaN,1.391546651016951,NaN,NaN,NaN,6.141202195178494,6.198760842910439,NaN,NaN,NaN,NaN,NaN,NaN,NaN,NaN,NaN,NaN,1,0,0,0,0,NaN,NaN,1.391546651016951,NaN,NaN,NaN,6.141202195178494,6.198760842910439,NaN,NaN,NaN,NaN,NaN,NaN,NaN,NaN,NaN,NaN,1
2024-08-09T11:03:00-04:00,6.232024034201459,6.27,6.232024034201459,6.27,6.22413882422847,6.228954253360008,6.2250384529459035,0,0,19343,19579,0,0,0,0,NaN,NaN,5.441494024048478,NaN,NaN,NaN,6.141202195178494,6.198760842910439,NaN,NaN,NaN,NaN,NaN,NaN,NaN,NaN,NaN,NaN,1,0,0,0,0,NaN,NaN,5.441494024048478,NaN,NaN,NaN,6.141202195178494,6.198760842910439,NaN,NaN,NaN,NaN,NaN,NaN,NaN,NaN,NaN,NaN,1
2024-08-09T11:04:00-04:00,6.251012017100729,6.251012017100729,6.16,6.194999999999999,6.21884085618693,6.228435867812528,6.224300607178806,0,0,19343,19580,0,0,0,0,NaN,NaN,11.825811021914928,NaN,NaN,NaN,6.141202195178494,6.198760842910439,NaN,NaN,NaN,NaN,NaN,NaN,NaN,NaN,NaN,NaN,1,0,0,0,0,NaN,NaN,11.825811021914928,NaN,NaN,NaN,6.141202195178494,6.198760842910439,NaN,NaN,NaN,NaN,NaN,NaN,NaN,NaN,NaN,NaN,1
2024-08-09T11:05:00-04:00,6.223006008550364,6.223006008550364,6.145,6.145,6.205415245971125,6.227162037769588,6.22415386860429,0,1,19343,19581,0,0,0,0,NaN,NaN,22.565905769602505,NaN,NaN,NaN,6.141202195178494,6.198760842910439,NaN,NaN,NaN,NaN,NaN,NaN,NaN,NaN,NaN,NaN,1,0,0,0,0,NaN,NaN,22.565905769602505,NaN,NaN,NaN,6.141202195178494,6.198760842910439,NaN,NaN,NaN,NaN,NaN,NaN,NaN,NaN,NaN,NaN,1
2024-08-09T11:10:00-04:00,6.184003004275182,6.25,6.1539,6.20195,6.204785201249102,6.226777121162419,6.224077261466145,0,0,19343,19582,0,0,0,0,NaN,NaN,39.641866000820556,NaN,NaN,NaN,6.141202195178494,6.198760842910439,NaN,NaN,NaN,NaN,NaN,NaN,NaN,NaN,NaN,NaN,1,0,0,0,0,NaN,NaN,39.641866000820556,NaN,NaN,NaN,6.141202195178494,6.198760842910439,NaN,NaN,NaN,NaN,NaN,NaN,NaN,NaN,NaN,NaN,1
2024-08-09T11:11:00-04:00,6.192976502137591,6.29,6.192976502137591,6.27,6.216642437385629,6.227437012442382,6.224394895654211,0,0,19343,19583,0,0,0,0,NaN,NaN,52.142483408100205,NaN,NaN,NaN,6.141202195178494,6.198760842910439,NaN,NaN,NaN,NaN,NaN,NaN,NaN,NaN,NaN,NaN,1,0,0,0,0,NaN,NaN,52.142483408100205,NaN,NaN,NaN,6.141202195178494,6.198760842910439,NaN,NaN,NaN,NaN,NaN,NaN,NaN,NaN,NaN,NaN,1
2024-08-09T11:12:00-04:00,6.231488251068795,6.231488251068795,6.2001,6.2001,6.213634721497333,6.227019653473796,6.224390447416456,0,1,19343,19584,0,0,0,0,NaN,NaN,60.44840902138886,NaN,NaN,NaN,6.141202195178494,6.198760842910439,NaN,NaN,NaN,NaN,NaN,NaN,NaN,NaN,NaN,NaN,1,0,0,0,0,NaN,NaN,60.44840902138886,NaN,NaN,NaN,6.141202195178494,6.198760842910439,NaN,NaN,NaN,NaN,NaN,NaN,NaN,NaN,NaN,NaN,1
2024-08-09T11:13:00-04:00,6.215794125534398,6.215794125534398,6.215,6.215,6.213882953952363,6.226836147313891,6.224388728401206,0,0,19343,19585,0,0,0,0,NaN,NaN,63.3275399116621,NaN,NaN,NaN,6.141202195178494,6.198760842910439,NaN,NaN,NaN,NaN,NaN,NaN,NaN,NaN,NaN,NaN,1,0,0,0,0,NaN,NaN,63.3275399116621,NaN,NaN,NaN,6.141202195178494,6.198760842910439,NaN,NaN,NaN,NaN,NaN,NaN,NaN,NaN,NaN,NaN,1
2024-08-09T11:14:00-04:00,6.215397062767199,6.215397062767199,6.2,6.2075,6.212722416870116,6.226540938957954,6.224327734797508,0,0,19343,19586,0,0,0,0,NaN,NaN,64.98554969243241,NaN,NaN,NaN,6.141202195178494,6.198760842910439,NaN,NaN,NaN,NaN,NaN,NaN,NaN,NaN,NaN,NaN,1,0,0,0,0,NaN,NaN,64.98554969243241,NaN,NaN,NaN,6.141202195178494,6.198760842910439,NaN,NaN,NaN,NaN,NaN,NaN,NaN,NaN,NaN,NaN,1
2024-08-09T11:17:00-04:00,6.211448531383599,6.22,6.21,6.215,6.2131365228937305,6.226364741416611,6.224314143682984,0,0,19343,19587,0,0,0,0,NaN,NaN,66.5753946601518,NaN,NaN,NaN,6.141202195178494,6.198760842910439,NaN,NaN,NaN,NaN,NaN,NaN,NaN,NaN,NaN,NaN,1,0,0,0,0,NaN,NaN,66.5753946601518,NaN,NaN,NaN,6.141202195178494,6.198760842910439,NaN,NaN,NaN,NaN,NaN,NaN,NaN,NaN,NaN,NaN,1
2024-08-09T11:18:00-04:00,6.2132242656917995,6.215,6.2132242656917995,6.215,6.213475336913052,6.226191233914068,6.224312447577978,0,0,19343,19588,0,0,0,0,NaN,NaN,67.23833147185542,NaN,NaN,NaN,6.141202195178494,6.198760842910439,NaN,NaN,NaN,NaN,NaN,NaN,NaN,NaN,NaN,NaN,1,0,0,0,0,NaN,NaN,67.23833147185542,NaN,NaN,NaN,6.141202195178494,6.198760842910439,NaN,NaN,NaN,NaN,NaN,NaN,NaN,NaN,NaN,NaN,1
2024-08-09T11:20:00-04:00,6.2141121328459,6.2141121328459,6.2,6.2005,6.211116184747042,6.225799001335227,6.224284295306101,0,1,19343,19589,0,0,0,0,NaN,NaN,67.61966575487268,NaN,NaN,NaN,6.141202195178494,6.198760842910439,NaN,NaN,NaN,NaN,NaN,NaN,NaN,NaN,NaN,NaN,1,0,0,0,0,NaN,NaN,67.61966575487268,NaN,NaN,NaN,6.141202195178494,6.198760842910439,NaN,NaN,NaN,NaN,NaN,NaN,NaN,NaN,NaN,NaN,1
2024-08-09T11:21:00-04:00,6.20730606642295,6.24,6.20730606642295,6.24,6.216367787520308,6.226015810475148,6.224287153231773,0,0,19343,19590,0,0,0,0,NaN,NaN,68.93416164652656,NaN,NaN,NaN,6.141202195178494,6.198760842910439,NaN,NaN,NaN,NaN,NaN,NaN,NaN,NaN,NaN,NaN,1,0,0,0,0,NaN,NaN,68.93416164652656,NaN,NaN,NaN,6.141202195178494,6.198760842910439,NaN,NaN,NaN,NaN,NaN,NaN,NaN,NaN,NaN,NaN,1
2024-08-09T11:22:00-04:00,6.223653033211475,6.2354,6.2,6.217700000000001,6.216610007971161,6.225888851536596,6.224275196133954,0,1,19343,19591,0,0,0,0,NaN,NaN,70.81739134049843,NaN,NaN,NaN,6.141202195178494,6.198760842910439,NaN,NaN,NaN,NaN,NaN,NaN,NaN,NaN,NaN,NaN,1,0,0,0,0,NaN,NaN,70.81739134049843,NaN,NaN,NaN,6.141202195178494,6.198760842910439,NaN,NaN,NaN,NaN,NaN,NaN,NaN,NaN,NaN,NaN,1
2024-08-09T11:23:00-04:00,6.220676516605738,6.2405,6.220676516605738,6.2405,6.220953642885495,6.2261119225055035,6.2242781407498,0,0,19343,19592,0,0,0,0,NaN,NaN,72.646003227694,NaN,NaN,NaN,6.141202195178494,6.198760842910439,NaN,NaN,NaN,NaN,NaN,NaN,NaN,NaN,NaN,NaN,1,0,0,0,0,NaN,NaN,72.646003227694,NaN,NaN,NaN,6.141202195178494,6.198760842910439,NaN,NaN,NaN,NaN,NaN,NaN,NaN,NaN,NaN,NaN,1
2024-08-09T11:24:00-04:00,6.230588258302869,6.24,6.230588258302869,6.24,6.224416616906314,6.226323954222977,6.224280993569212,0,0,19343,19593,0,0,0,0,NaN,NaN,73.73820746673239,NaN,NaN,NaN,6.141202195178494,6.198760842910439,NaN,NaN,NaN,NaN,NaN,NaN,NaN,NaN,NaN,NaN,1,0,0,0,0,NaN,NaN,73.73820746673239,NaN,NaN,NaN,6.141202195178494,6.198760842910439,NaN,NaN,NaN,NaN,NaN,NaN,NaN,NaN,NaN,NaN,1
2024-08-09T11:26:00-04:00,6.235294129151434,6.24,6.2,6.22,6.223613595650621,6.2262274053035425,6.224277500775088,0,1,19343,19594,0,0,0,0,NaN,NaN,73.80118023001734,NaN,NaN,NaN,6.141202195178494,6.198760842910439,NaN,NaN,NaN,NaN,NaN,NaN,NaN,NaN,NaN,NaN,1,0,0,0,0,NaN,NaN,73.80118023001734,NaN,NaN,NaN,6.141202195178494,6.198760842910439,NaN,NaN,NaN,NaN,NaN,NaN,NaN,NaN,NaN,NaN,1
2024-08-09T11:32:00-04:00,6.2276470645757165,6.2276470645757165,6.18,6.1899999999999995,6.217502032805053,6.225674315146237,6.224240252676359,0,0,19343,19595,0,0,0,0,NaN,NaN,72.93967273551847,NaN,NaN,NaN,6.141202195178494,6.198760842910439,NaN,NaN,NaN,NaN,NaN,NaN,NaN,NaN,NaN,NaN,1,0,0,0,0,NaN,NaN,72.93967273551847,NaN,NaN,NaN,6.141202195178494,6.198760842910439,NaN,NaN,NaN,NaN,NaN,NaN,NaN,NaN,NaN,NaN,1
2024-08-09T11:35:00-04:00,6.208823532287858,6.208823532287858,6.1693,6.1693,6.208738026840498,6.224813638579119,6.224210418110991,0,0,19343,19596,0,0,0,0,NaN,NaN,71.32576923563218,NaN,NaN,NaN,6.141202195178494,6.198760842910439,NaN,NaN,NaN,NaN,NaN,NaN,NaN,NaN,NaN,NaN,1,0,0,0,0,NaN,NaN,71.32576923563218,NaN,NaN,NaN,6.141202195178494,6.198760842910439,NaN,NaN,NaN,NaN,NaN,NaN,NaN,NaN,NaN,NaN,1
2024-08-09T11:37:00-04:00,6.189061766143929,6.189061766143929,6.16,6.16,6.199876567414953,6.223824117379437,6.224198797346478,0,0,19343,19597,0,0,0,0,NaN,NaN,69.62156915116722,NaN,NaN,NaN,6.141202195178494,6.198760842910439,NaN,NaN,NaN,NaN,NaN,NaN,NaN,NaN,NaN,NaN,1,0,0,0,0,NaN,NaN,69.62156915116722,NaN,NaN,NaN,6.141202195178494,6.198760842910439,NaN,NaN,NaN,NaN,NaN,NaN,NaN,NaN,NaN,NaN,1
2024-08-09T11:40:00-04:00,6.174530883071965,6.174530883071965,6.1,6.1,6.181717191521325,6.2219336728392935,6.224108952679178,0,0,19343,19598,0,0,0,0,NaN,NaN,66.08213082414532,NaN,NaN,NaN,6.141202195178494,6.167506749999999,NaN,NaN,NaN,NaN,NaN,NaN,NaN,NaN,NaN,NaN,1,0,0,0,0,NaN,NaN,66.08213082414532,NaN,NaN,NaN,6.141202195178494,6.167506749999999,NaN,NaN,NaN,NaN,NaN,NaN,NaN,NaN,NaN,NaN,1
2024-08-09T11:41:00-04:00,6.137265441535982,6.14,6.1,6.117499999999999,6.170041338517447,6.220339265620373,6.223806537477321,0,0,19343,19599,0,0,0,0,NaN,NaN,63.15579432439355,NaN,NaN,NaN,6.141202195178494,6.167506749999999,NaN,NaN,NaN,NaN,NaN,NaN,NaN,NaN,NaN,NaN,1,0,0,0,0,NaN,NaN,63.15579432439355,NaN,NaN,NaN,6.141202195178494,6.167506749999999,NaN,NaN,NaN,NaN,NaN,NaN,NaN,NaN,NaN,NaN,1
2024-08-09T11:42:00-04:00,6.12738272076799,6.1699,6.12738272076799,6.159925000000001,6.168202004241548,6.219416910420062,6.223657584991849,0,0,19343,19600,0,0,0,0,NaN,NaN,61.22297026010769,NaN,NaN,NaN,6.141202195178494,6.167506749999999,NaN,NaN,NaN,NaN,NaN,NaN,NaN,NaN,NaN,NaN,1,0,0,0,0,NaN,NaN,61.22297026010769,NaN,NaN,NaN,6.141202195178494,6.167506749999999,NaN,NaN,NaN,NaN,NaN,NaN,NaN,NaN,NaN,NaN,1
2024-08-09T11:43:00-04:00,6.143653860383996,6.2097,6.14,6.174849999999999,6.169410730743085,6.218736499573954,6.22352630859098,0,0,19343,19601,0,0,0,0,NaN,NaN,59.53738826608641,NaN,NaN,NaN,6.141202195178494,6.167506749999999,NaN,NaN,NaN,NaN,NaN,NaN,NaN,NaN,NaN,NaN,1,0,0,0,0,NaN,NaN,59.53738826608641,NaN,NaN,NaN,6.141202195178494,6.167506749999999,NaN,NaN,NaN,NaN,NaN,NaN,NaN,NaN,NaN,NaN,1
2024-08-09T11:44:00-04:00,6.1592519301919975,6.1592519301919975,6.15,6.15,6.165881506971615,6.217687087366718,6.223502569027276,0,0,19343,19602,0,0,0,0,NaN,NaN,56.65274234651808,NaN,NaN,NaN,6.141202195178494,6.167506749999999,NaN,NaN,NaN,NaN,NaN,NaN,NaN,NaN,NaN,NaN,1,0,0,0,0,NaN,NaN,56.65274234651808,NaN,NaN,NaN,6.141202195178494,6.167506749999999,NaN,NaN,NaN,NaN,NaN,NaN,NaN,NaN,NaN,NaN,1
2024-08-09T11:45:00-04:00,6.154625965095999,6.1791,6.154625965095999,6.1791,6.168284869340412,6.217097971529058,6.2234874413873715,0,0,19343,19603,0,0,0,0,NaN,NaN,54.30383917712115,NaN,NaN,NaN,6.141202195178494,6.167506749999999,NaN,NaN,NaN,NaN,NaN,NaN,NaN,NaN,NaN,NaN,1,0,0,0,0,NaN,NaN,54.30383917712115,NaN,NaN,NaN,6.141202195178494,6.167506749999999,NaN,NaN,NaN,NaN,NaN,NaN,NaN,NaN,NaN,NaN,1
2024-08-09T11:48:00-04:00,6.1668629825479995,6.2299,6.1668629825479995,6.2024,6.174487620369428,6.216873575017164,6.223430875047166,0,0,19343,19604,0,0,0,0,NaN,NaN,53.09238618487191,NaN,NaN,NaN,6.141202195178494,6.167506749999999,NaN,NaN,NaN,NaN,NaN,NaN,NaN,NaN,NaN,NaN,1,0,0,0,0,NaN,NaN,53.09238618487191,NaN,NaN,NaN,6.141202195178494,6.167506749999999,NaN,NaN,NaN,NaN,NaN,NaN,NaN,NaN,NaN,NaN,1
2024-08-09T11:49:00-04:00,6.184631491274,6.24,6.184631491274,6.225,6.183671689393168,6.216997642574154,6.223434514493644,0,0,19343,19605,0,0,0,0,NaN,NaN,51.63515637591534,NaN,NaN,NaN,6.141202195178494,6.167506749999999,NaN,NaN,NaN,NaN,NaN,NaN,NaN,NaN,NaN,NaN,1,0,0,0,0,NaN,NaN,51.63515637591534,NaN,NaN,NaN,6.141202195178494,6.167506749999999,NaN,NaN,NaN,NaN,NaN,NaN,NaN,NaN,NaN,NaN,1
2024-08-09T11:50:00-04:00,6.204815745636999,6.28,6.204815745636999,6.255000000000001,6.1966404731398645,6.217577831237144,6.22373368511973,0,0,19343,19606,0,0,0,0,NaN,NaN,51.37828023280927,NaN,NaN,NaN,6.141202195178494,6.179825,NaN,NaN,NaN,NaN,NaN,NaN,NaN,NaN,NaN,NaN,1,0,0,0,0,NaN,NaN,51.37828023280927,NaN,NaN,NaN,6.141202195178494,6.179825,NaN,NaN,NaN,NaN,NaN,NaN,NaN,NaN,NaN,NaN,1
2024-08-09T11:51:00-04:00,6.2299078728185,6.35,6.2299078728185,6.32,6.219069478023526,6.219141528470165,6.223937405387531,0,0,19343,19607,0,0,0,0,NaN,NaN,51.54679335079702,NaN,NaN,NaN,6.141202195178494,6.2155552499999995,NaN,NaN,NaN,NaN,NaN,NaN,NaN,NaN,NaN,NaN,1,0,0,0,0,NaN,NaN,51.54679335079702,NaN,NaN,NaN,6.141202195178494,6.2155552499999995,NaN,NaN,NaN,NaN,NaN,NaN,NaN,NaN,NaN,NaN,1
2024-08-09T11:52:00-04:00,6.274953936409251,6.338,6.274953936409251,6.338,6.240693209291976,6.220956161623293,6.224138202138895,0,0,19343,19608,0,0,0,0,NaN,NaN,52.22084323963499,NaN,NaN,NaN,6.141202195178494,6.231361934999999,NaN,NaN,NaN,NaN,NaN,NaN,NaN,NaN,NaN,NaN,1,0,0,0,0,NaN,NaN,52.22084323963499,NaN,NaN,NaN,6.141202195178494,6.231361934999999,NaN,NaN,NaN,NaN,NaN,NaN,NaN,NaN,NaN,NaN,1
2024-08-09T11:53:00-04:00,6.306476968204626,6.3471,6.306476968204626,6.3471,6.260039898511617,6.2228820217511815,6.224159844627298,0,0,19343,19609,0,0,0,0,NaN,NaN,52.21040143882683,NaN,NaN,NaN,6.141202195178494,6.24591886085,NaN,NaN,NaN,NaN,NaN,NaN,NaN,NaN,NaN,NaN,1,0,0,0,0,NaN,NaN,52.21040143882683,NaN,NaN,NaN,6.141202195178494,6.24591886085,NaN,NaN,NaN,NaN,NaN,NaN,NaN,NaN,NaN,NaN,1
2024-08-09T11:54:00-04:00,6.3267884841023125,6.38,6.3267884841023125,6.361,6.278396280600414,6.224990693174828,6.224347451751532,0,0,19343,19610,0,0,0,0,NaN,NaN,52.882017317578104,NaN,NaN,NaN,6.141202195178494,6.265844597548,NaN,NaN,NaN,NaN,NaN,NaN,NaN,NaN,NaN,NaN,1,0,0,0,0,NaN,NaN,52.882017317578104,NaN,NaN,NaN,6.141202195178494,6.265844597548,NaN,NaN,NaN,NaN,NaN,NaN,NaN,NaN,NaN,NaN,1
2024-08-09T11:56:00-04:00,6.343894242051157,6.42,6.343894242051157,6.3925,6.2991424114003385,6.227548087172159,6.2244655924068635,0,0,19343,19611,0,0,0,0,NaN,NaN,55.861290139585805,NaN,NaN,NaN,6.141202195178494,6.2982304079158,NaN,NaN,NaN,NaN,NaN,NaN,NaN,NaN,NaN,NaN,1,0,0,0,0,NaN,NaN,55.861290139585805,NaN,NaN,NaN,6.141202195178494,6.2982304079158,NaN,NaN,NaN,NaN,NaN,NaN,NaN,NaN,NaN,NaN,1
2024-08-09T11:57:00-04:00,6.368197121025578,6.4,6.368197121025578,6.395,6.316571063873004,6.2301046049252555,6.224824278697,0,0,19343,19612,0,0,0,0,NaN,NaN,58.79299992118268,NaN,NaN,NaN,6.1861773983297415,6.3166739344909555,NaN,NaN,NaN,NaN,NaN,NaN,NaN,NaN,NaN,NaN,1,0,0,0,0,NaN,NaN,58.79299992118268,NaN,NaN,NaN,6.1861773983297415,6.3166739344909555,NaN,NaN,NaN,NaN,NaN,NaN,NaN,NaN,NaN,NaN,1
2024-08-09T11:58:00-04:00,6.3815985605127885,6.42,6.3815985605127885,6.42,6.335376324987004,6.233003771262275,6.224892673812485,1,0,19613,19612,0,0,0,0,NaN,NaN,62.66108747613161,NaN,NaN,NaN,6.298640024882654,6.348247408247856,NaN,NaN,NaN,NaN,NaN,NaN,NaN,NaN,NaN,NaN,1,0,0,0,0,NaN,NaN,62.66108747613161,NaN,NaN,NaN,6.298640024882654,6.348247408247856,NaN,NaN,NaN,NaN,NaN,NaN,NaN,NaN,NaN,NaN,1
2024-08-09T11:59:00-04:00,6.400799280256394,6.400799280256394,6.35,6.365,6.3407624477166395,6.235018980861324,6.22518664124106,0,0,19613,19612,0,0,0,0,NaN,NaN,64.11954766471611,NaN,NaN,NaN,6.298640024882654,6.348247408247856,NaN,NaN,NaN,NaN,NaN,NaN,NaN,NaN,NaN,NaN,1,0,0,0,0,NaN,NaN,64.11954766471611,NaN,NaN,NaN,6.298640024882654,6.348247408247856,NaN,NaN,NaN,NaN,NaN,NaN,NaN,NaN,NaN,NaN,1
2024-08-09T12:00:00-04:00,6.382899640128198,6.382899640128198,6.3109,6.3109,6.33533291176816,6.236177469703136,6.225929481436221,0,0,19613,19612,0,0,0,0,NaN,NaN,64.73611507003339,NaN,NaN,NaN,6.298640024882654,6.348247408247856,NaN,NaN,NaN,NaN,NaN,NaN,NaN,NaN,NaN,NaN,1,0,0,0,0,NaN,NaN,64.73611507003339,NaN,NaN,NaN,6.298640024882654,6.348247408247856,NaN,NaN,NaN,NaN,NaN,NaN,NaN,NaN,NaN,NaN,1
2024-08-09T12:01:00-04:00,6.346899820064099,6.355,6.346899820064099,6.355,6.338908745992131,6.2379915541351485,6.225951849513889,0,0,19613,19612,0,0,0,0,NaN,NaN,64.94255300763977,NaN,NaN,NaN,6.298640024882654,6.348247408247856,NaN,NaN,NaN,NaN,NaN,NaN,NaN,NaN,NaN,NaN,1,0,0,0,0,NaN,NaN,64.94255300763977,NaN,NaN,NaN,6.298640024882654,6.348247408247856,NaN,NaN,NaN,NaN,NaN,NaN,NaN,NaN,NaN,NaN,1
2024-08-09T12:02:00-04:00,6.35094991003205,6.355,6.35094991003205,6.355,6.341834428539016,6.239777942621635,6.22597420984007,0,0,19613,19612,0,0,0,0,NaN,NaN,64.97356376020828,NaN,NaN,NaN,6.298640024882654,6.348247408247856,NaN,NaN,NaN,NaN,NaN,NaN,NaN,NaN,NaN,NaN,1,0,0,0,0,NaN,NaN,64.97356376020828,NaN,NaN,NaN,6.298640024882654,6.348247408247856,NaN,NaN,NaN,NaN,NaN,NaN,NaN,NaN,NaN,NaN,1
2024-08-09T12:03:00-04:00,6.352974955016025,6.352974955016025,6.32,6.32,6.337864532441014,6.24100270685642,6.226039332545494,0,0,19613,19612,0,0,0,0,NaN,NaN,64.57943642686355,NaN,NaN,NaN,6.298640024882654,6.348247408247856,NaN,NaN,NaN,NaN,NaN,NaN,NaN,NaN,NaN,NaN,1,0,0,0,0,NaN,NaN,64.57943642686355,NaN,NaN,NaN,6.298640024882654,6.348247408247856,NaN,NaN,NaN,NaN,NaN,NaN,NaN,NaN,NaN,NaN,1
2024-08-09T12:10:00-04:00,6.336487477508013,6.336487477508013,6.28,6.28,6.3273437083608295,6.241598085377696,6.226067348052194,0,0,19613,19612,0,0,0,0,NaN,NaN,63.79634237809797,NaN,NaN,NaN,6.298640024882654,6.348247408247856,NaN,NaN,NaN,NaN,NaN,NaN,NaN,NaN,NaN,NaN,1,0,0,0,0,NaN,NaN,63.79634237809797,NaN,NaN,NaN,6.298640024882654,6.348247408247856,NaN,NaN,NaN,NaN,NaN,NaN,NaN,NaN,NaN,NaN,1
2024-08-09T12:11:00-04:00,6.3082437387540065,6.3199,6.297,6.30845,6.32390848865886,6.242618725295594,6.226263061717246,0,0,19613,19612,0,0,0,0,NaN,NaN,63.81299248710077,NaN,NaN,NaN,6.298640024882654,6.348247408247856,NaN,NaN,NaN,NaN,NaN,NaN,NaN,NaN,NaN,NaN,1,0,0,0,0,NaN,NaN,63.81299248710077,NaN,NaN,NaN,6.298640024882654,6.348247408247856,NaN,NaN,NaN,NaN,NaN,NaN,NaN,NaN,NaN,NaN,1
2024-08-09T12:12:00-04:00,6.308346869377003,6.335,6.2901,6.3088,6.321161490720885,6.243629126436119,6.226617781018245,0,0,19613,19612,0,0,0,0,NaN,NaN,63.193353707049305,NaN,NaN,NaN,6.298640024882654,6.348247408247856,NaN,NaN,NaN,NaN,NaN,NaN,NaN,NaN,NaN,NaN,1,0,0,0,0,NaN,NaN,63.193353707049305,NaN,NaN,NaN,6.298640024882654,6.348247408247856,NaN,NaN,NaN,NaN,NaN,NaN,NaN,NaN,NaN,NaN,1
2024-08-09T12:13:00-04:00,6.308573434688501,6.315,6.308573434688501,6.315,6.320041219680724,6.244718758093582,6.226641476716127,0,0,19613,19612,0,0,0,0,NaN,NaN,62.57766865024747,NaN,NaN,NaN,6.298640024882654,6.348247408247856,NaN,NaN,NaN,NaN,NaN,NaN,NaN,NaN,NaN,NaN,1,0,0,0,0,NaN,NaN,62.57766865024747,NaN,NaN,NaN,6.298640024882654,6.348247408247856,NaN,NaN,NaN,NaN,NaN,NaN,NaN,NaN,NaN,NaN,1
2024-08-09T12:14:00-04:00,6.311786717344251,6.32,6.25,6.285,6.313670088829683,6.245333738886047,6.227635343141146,0,0,19613,19612,0,0,0,0,NaN,NaN,61.84119800424466,NaN,NaN,NaN,6.298640024882654,6.348247408247856,NaN,NaN,NaN,NaN,NaN,NaN,NaN,NaN,NaN,NaN,1,0,0,0,0,NaN,NaN,61.84119800424466,NaN,NaN,NaN,6.298640024882654,6.348247408247856,NaN,NaN,NaN,NaN,NaN,NaN,NaN,NaN,NaN,NaN,1
2024-08-09T12:15:00-04:00,6.298393358672126,6.298393358672126,6.28,6.28,6.307548254497013,6.245862994780916,6.227644187879933,0,0,19613,19612,0,0,0,0,NaN,NaN,60.985287802577005,NaN,NaN,NaN,6.298640024882654,6.348247408247856,NaN,NaN,NaN,NaN,NaN,NaN,NaN,NaN,NaN,NaN,1,0,0,0,0,NaN,NaN,60.985287802577005,NaN,NaN,NaN,6.298640024882654,6.348247408247856,NaN,NaN,NaN,NaN,NaN,NaN,NaN,NaN,NaN,NaN,1
2024-08-09T12:17:00-04:00,6.289196679336063,6.3,6.28,6.29,6.3043576627702835,6.246536842188841,6.227688918093466,0,0,19613,19612,0,0,0,0,NaN,NaN,59.86436726779289,NaN,NaN,NaN,6.298640024882654,6.348247408247856,NaN,NaN,NaN,NaN,NaN,NaN,NaN,NaN,NaN,NaN,1,0,0,0,0,NaN,NaN,59.86436726779289,NaN,NaN,NaN,6.298640024882654,6.348247408247856,NaN,NaN,NaN,NaN,NaN,NaN,NaN,NaN,NaN,NaN,1
2024-08-09T12:18:00-04:00,6.289598339668032,6.305,6.2801,6.297525,6.303115360448414,6.247315287346264,6.227741920763072,0,0,19613,19612,0,0,0,0,NaN,NaN,58.874754915881844,NaN,NaN,NaN,6.298640024882654,6.348247408247856,NaN,NaN,NaN,NaN,NaN,NaN,NaN,NaN,NaN,NaN,1,0,0,0,0,NaN,NaN,58.874754915881844,NaN,NaN,NaN,6.298640024882654,6.348247408247856,NaN,NaN,NaN,NaN,NaN,NaN,NaN,NaN,NaN,NaN,1
2024-08-09T12:20:00-04:00,6.293561669834016,6.37,6.293561669834016,6.339975,6.309817113094157,6.2487299394478475,6.22838183515339,0,0,19613,19612,0,0,0,0,NaN,NaN,58.546904181584736,NaN,NaN,NaN,6.298640024882654,6.348247408247856,NaN,NaN,NaN,NaN,NaN,NaN,NaN,NaN,NaN,NaN,1,0,0,0,0,NaN,NaN,58.546904181584736,NaN,NaN,NaN,6.298640024882654,6.348247408247856,NaN,NaN,NaN,NaN,NaN,NaN,NaN,NaN,NaN,NaN,1
2024-08-09T12:23:00-04:00,6.316768334917008,6.316768334917008,6.315,6.315,6.310759456167947,6.249741696097499,6.228396358216887,0,0,19613,19612,0,0,0,0,NaN,NaN,57.76513353146212,NaN,NaN,NaN,6.298640024882654,6.348247408247856,NaN,NaN,NaN,NaN,NaN,NaN,NaN,NaN,NaN,NaN,1,0,0,0,0,NaN,NaN,57.76513353146212,NaN,NaN,NaN,6.298640024882654,6.348247408247856,NaN,NaN,NaN,NaN,NaN,NaN,NaN,NaN,NaN,NaN,1
2024-08-09T12:27:00-04:00,6.3158841674585045,6.3158841674585045,6.315,6.315,6.3115304641374115,6.250738006080743,6.228410876411105,0,0,19613,19612,0,0,0,0,NaN,NaN,56.801987410636926,NaN,NaN,NaN,6.298640024882654,6.348247408247856,NaN,NaN,NaN,NaN,NaN,NaN,NaN,NaN,NaN,NaN,1,0,0,0,0,NaN,NaN,56.801987410636926,NaN,NaN,NaN,6.298640024882654,6.348247408247856,NaN,NaN,NaN,NaN,NaN,NaN,NaN,NaN,NaN,NaN,1
2024-08-09T12:30:00-04:00,6.315442083729252,6.34,6.28,6.3100000000000005,6.311252197930609,6.251642769346686,6.228547423132022,0,0,19613,19612,0,0,0,0,NaN,NaN,55.550490682857486,NaN,NaN,NaN,6.298640024882654,6.348247408247856,NaN,NaN,NaN,NaN,NaN,NaN,NaN,NaN,NaN,NaN,1,0,0,0,0,NaN,NaN,55.550490682857486,NaN,NaN,NaN,6.298640024882654,6.348247408247856,NaN,NaN,NaN,NaN,NaN,NaN,NaN,NaN,NaN,NaN,1
2024-08-09T12:31:00-04:00,6.312721041864626,6.312721041864626,6.3,6.3,6.309206343761407,6.252381047677272,6.2286071642910406,0,0,19613,19612,0,0,0,0,NaN,NaN,53.75940750007795,NaN,NaN,NaN,6.298640024882654,6.348247408247856,NaN,NaN,NaN,NaN,NaN,NaN,NaN,NaN,NaN,NaN,1,0,0,0,0,NaN,NaN,53.75940750007795,NaN,NaN,NaN,6.298640024882654,6.348247408247856,NaN,NaN,NaN,NaN,NaN,NaN,NaN,NaN,NaN,NaN,1
2024-08-09T12:33:00-04:00,6.306360520932313,6.36,6.306360520932313,6.335025,6.313900644895697,6.253642787407389,6.2289088232719365,0,0,19613,19612,0,0,0,0,NaN,NaN,52.61574826796156,NaN,NaN,NaN,6.298640024882654,6.348247408247856,NaN,NaN,NaN,NaN,NaN,NaN,NaN,NaN,NaN,NaN,1,0,0,0,0,NaN,NaN,52.61574826796156,NaN,NaN,NaN,6.298640024882654,6.348247408247856,NaN,NaN,NaN,NaN,NaN,NaN,NaN,NaN,NaN,NaN,1
2024-08-09T12:37:00-04:00,6.320692760466157,6.36,6.320692760466157,6.355,6.321373254914661,6.255190225767581,6.228992867527718,0,0,19613,19612,0,0,0,0,NaN,NaN,51.743172772033134,NaN,NaN,NaN,6.298640024882654,6.348247408247856,NaN,NaN,NaN,NaN,NaN,NaN,NaN,NaN,NaN,NaN,1,0,0,0,0,NaN,NaN,51.743172772033134,NaN,NaN,NaN,6.298640024882654,6.348247408247856,NaN,NaN,NaN,NaN,NaN,NaN,NaN,NaN,NaN,NaN,1
2024-08-09T12:38:00-04:00,6.337846380233079,6.39,6.337846380233079,6.385,6.332941754021086,6.257172054381817,6.229330086021701,1,0,19613,19612,0,0,0,0,NaN,NaN,51.378241348569986,NaN,NaN,NaN,6.298640024882654,6.348247408247856,NaN,NaN,NaN,NaN,NaN,NaN,NaN,NaN,NaN,NaN,1,0,0,0,0,NaN,NaN,51.378241348569986,NaN,NaN,NaN,6.298640024882654,6.348247408247856,NaN,NaN,NaN,NaN,NaN,NaN,NaN,NaN,NaN,NaN,1
2024-08-09T12:39:00-04:00,6.36142319011654,6.43,6.36142319011654,6.42,6.348770526017253,6.259657977215682,6.2295957069407235,0,0,19613,19612,0,0,0,0,NaN,NaN,51.279870775255546,NaN,NaN,NaN,6.298640024882654,6.348247408247856,NaN,NaN,NaN,NaN,NaN,NaN,NaN,NaN,NaN,NaN,1,0,0,0,0,NaN,NaN,51.279870775255546,NaN,NaN,NaN,6.298640024882654,6.348247408247856,NaN,NaN,NaN,NaN,NaN,NaN,NaN,NaN,NaN,NaN,1
2024-08-09T12:42:00-04:00,6.39071159505827,6.4,6.39,6.395,6.3571758849232065,6.26172426763987,6.229678058133918,0,0,19613,19612,0,0,0,0,NaN,NaN,50.88606786881914,NaN,NaN,NaN,6.298640024882654,6.348247408247856,NaN,NaN,NaN,NaN,NaN,NaN,NaN,NaN,NaN,NaN,1,0,0,0,0,NaN,NaN,50.88606786881914,NaN,NaN,NaN,6.298640024882654,6.348247408247856,NaN,NaN,NaN,NaN,NaN,NaN,NaN,NaN,NaN,NaN,1
2024-08-09T12:43:00-04:00,6.392855797529135,6.435,6.392855797529135,6.422499999999999,6.369052996755351,6.2641788589736125,6.229933723608078,0,0,19613,19612,0,0,0,0,NaN,NaN,50.731460141416584,NaN,NaN,NaN,6.298640024882654,6.36701803026837,NaN,NaN,NaN,NaN,NaN,NaN,NaN,NaN,NaN,NaN,1,0,0,0,0,NaN,NaN,50.731460141416584,NaN,NaN,NaN,6.298640024882654,6.36701803026837,NaN,NaN,NaN,NaN,NaN,NaN,NaN,NaN,NaN,NaN,1
2024-08-09T12:45:00-04:00,6.407677898764567,6.44,6.407677898764567,6.42685,6.3795615427998325,6.266662387844244,6.230810990839144,0,0,19613,19612,0,0,0,0,NaN,NaN,50.72137038586077,NaN,NaN,NaN,6.298640024882654,6.38476041209591,NaN,NaN,NaN,NaN,NaN,NaN,NaN,NaN,NaN,NaN,1,0,0,0,0,NaN,NaN,50.72137038586077,NaN,NaN,NaN,6.298640024882654,6.38476041209591,NaN,NaN,NaN,NaN,NaN,NaN,NaN,NaN,NaN,NaN,1
2024-08-09T12:46:00-04:00,6.417263949382283,6.43,6.417263949382283,6.43,6.388732171381681,6.269156091846622,6.230876701918492,0,0,19613,19612,0,0,0,0,NaN,NaN,50.74680066297127,NaN,NaN,NaN,6.298640024882654,6.399434788467137,NaN,NaN,NaN,NaN,NaN,NaN,NaN,NaN,NaN,NaN,1,0,0,0,0,NaN,NaN,50.74680066297127,NaN,NaN,NaN,6.298640024882654,6.399434788467137,NaN,NaN,NaN,NaN,NaN,NaN,NaN,NaN,NaN,NaN,1
2024-08-09T12:48:00-04:00,6.4236319746911414,6.4599,6.4236319746911414,6.4599,6.401671776585012,6.272068212581788,6.231310310343804,1,0,19613,19612,0,0,0,0,NaN,NaN,51.09964129630279,NaN,NaN,NaN,6.298640024882654,6.429404808272983,NaN,NaN,NaN,NaN,NaN,NaN,NaN,NaN,NaN,NaN,1,0,0,0,0,NaN,NaN,51.09964129630279,NaN,NaN,NaN,6.298640024882654,6.429404808272983,NaN,NaN,NaN,NaN,NaN,NaN,NaN,NaN,NaN,NaN,1
2024-08-09T12:50:00-04:00,6.441765987345571,6.441765987345571,6.44,6.44,6.408640544478646,6.274632056664508,6.231413331877038,0,0,19613,19612,0,0,0,0,NaN,NaN,52.72153423369846,NaN,NaN,NaN,6.298640024882654,6.429404808272983,NaN,NaN,NaN,NaN,NaN,NaN,NaN,NaN,NaN,NaN,1,0,0,0,0,NaN,NaN,52.72153423369846,NaN,NaN,NaN,6.298640024882654,6.429404808272983,NaN,NaN,NaN,NaN,NaN,NaN,NaN,NaN,NaN,NaN,1
2024-08-09T12:53:00-04:00,6.440882993672785,6.440882993672785,6.44,6.44,6.414342263664347,6.277156758089477,6.2315333951833445,0,0,19613,19612,0,0,0,0,NaN,NaN,53.76203389782498,NaN,NaN,NaN,6.298640024882654,6.429404808272983,NaN,NaN,NaN,NaN,NaN,NaN,NaN,NaN,NaN,NaN,1,0,0,0,0,NaN,NaN,53.76203389782498,NaN,NaN,NaN,6.298640024882654,6.429404808272983,NaN,NaN,NaN,NaN,NaN,NaN,NaN,NaN,NaN,NaN,1
2024-08-09T12:54:00-04:00,6.440441496836392,6.440441496836392,6.425,6.425,6.416280033907193,6.279413906820936,6.231565207134011,0,0,19613,19612,0,0,0,0,NaN,NaN,55.39881280909794,NaN,NaN,NaN,6.298640024882654,6.429404808272983,NaN,NaN,NaN,NaN,NaN,NaN,NaN,NaN,NaN,NaN,1,0,0,0,0,NaN,NaN,55.39881280909794,NaN,NaN,NaN,6.298640024882654,6.429404808272983,NaN,NaN,NaN,NaN,NaN,NaN,NaN,NaN,NaN,NaN,1
2024-08-09T12:56:00-04:00,6.4327207484181965,6.4327207484181965,6.41,6.41,6.415138209560431,6.28140758763283,6.231647322031696,0,0,19613,19612,0,0,0,0,NaN,NaN,58.35720831301566,NaN,NaN,NaN,6.298640024882654,6.429404808272983,NaN,NaN,NaN,NaN,NaN,NaN,NaN,NaN,NaN,NaN,1,0,0,0,0,NaN,NaN,58.35720831301566,NaN,NaN,NaN,6.298640024882654,6.429404808272983,NaN,NaN,NaN,NaN,NaN,NaN,NaN,NaN,NaN,NaN,1
2024-08-09T13:01:00-04:00,6.421360374209098,6.43,6.41,6.42,6.416022171458534,6.283523502325458,6.23208187942326,0,0,19613,19612,0,0,0,0,NaN,NaN,59.21982193320976,NaN,NaN,NaN,6.298640024882654,6.429404808272983,NaN,NaN,NaN,NaN,NaN,NaN,NaN,NaN,NaN,NaN,1,0,0,0,0,NaN,NaN,59.21982193320976,NaN,NaN,NaN,6.298640024882654,6.429404808272983,NaN,NaN,NaN,NaN,NaN,NaN,NaN,NaN,NaN,NaN,1
2024-08-09T13:02:00-04:00,6.42068018710455,6.45,6.42068018710455,6.43875,6.420154503920619,6.285893372518963,6.232670875811616,0,0,19613,19612,0,0,0,0,NaN,NaN,60.20657595928161,NaN,NaN,NaN,6.298640024882654,6.429404808272983,NaN,NaN,NaN,NaN,NaN,NaN,NaN,NaN,NaN,NaN,1,0,0,0,0,NaN,NaN,60.20657595928161,NaN,NaN,NaN,6.298640024882654,6.429404808272983,NaN,NaN,NaN,NaN,NaN,NaN,NaN,NaN,NaN,NaN,1
2024-08-09T13:05:00-04:00,6.429715093552275,6.445,6.4205,6.43275,6.42244459411687,6.288135458434704,6.234422010390817,0,0,19613,19612,0,0,0,0,NaN,NaN,63.64501917811178,NaN,NaN,NaN,6.298640024882654,6.429404808272983,NaN,NaN,NaN,NaN,NaN,NaN,NaN,NaN,NaN,NaN,1,0,0,0,0,NaN,NaN,63.64501917811178,NaN,NaN,NaN,6.298640024882654,6.429404808272983,NaN,NaN,NaN,NaN,NaN,NaN,NaN,NaN,NaN,NaN,1
2024-08-09T13:06:00-04:00,6.431232546776138,6.46,6.4201,6.440049999999999,6.425645577004712,6.2904547644128,6.234748104550888,0,0,19613,19612,0,0,0,0,NaN,NaN,66.8352919113503,NaN,NaN,NaN,6.298640024882654,6.429404808272983,NaN,NaN,NaN,NaN,NaN,NaN,NaN,NaN,NaN,NaN,1,0,0,0,0,NaN,NaN,66.8352919113503,NaN,NaN,NaN,6.298640024882654,6.429404808272983,NaN,NaN,NaN,NaN,NaN,NaN,NaN,NaN,NaN,NaN,1
2024-08-09T13:07:00-04:00,6.435641273388068,6.435641273388068,6.41,6.42,6.4246191084584,6.2924325542690935,6.23498761557258,0,0,19613,19612,0,0,0,0,NaN,NaN,68.49081651794644,NaN,NaN,NaN,6.298640024882654,6.429404808272983,NaN,NaN,NaN,NaN,NaN,NaN,NaN,NaN,NaN,NaN,1,0,0,0,0,NaN,NaN,68.49081651794644,NaN,NaN,NaN,6.298640024882654,6.429404808272983,NaN,NaN,NaN,NaN,NaN,NaN,NaN,NaN,NaN,NaN,1
2024-08-09T13:08:00-04:00,6.427820636694034,6.427820636694034,6.4,6.40495,6.421042906920509,6.294150377868038,6.235124844251347,0,0,19613,19612,0,0,0,0,NaN,NaN,68.80792916093145,NaN,NaN,NaN,6.298640024882654,6.429404808272983,NaN,NaN,NaN,NaN,NaN,NaN,NaN,NaN,NaN,NaN,1,0,0,0,0,NaN,NaN,68.80792916093145,NaN,NaN,NaN,6.298640024882654,6.429404808272983,NaN,NaN,NaN,NaN,NaN,NaN,NaN,NaN,NaN,NaN,1
2024-08-09T13:09:00-04:00,6.416385318347017,6.416385318347017,6.38,6.38,6.41358056020769,6.295461059121961,6.235148235093247,0,0,19613,19612,0,0,0,0,NaN,NaN,70.19168763948213,NaN,NaN,NaN,6.298640024882654,6.405568000000001,NaN,NaN,NaN,NaN,NaN,NaN,NaN,NaN,NaN,NaN,1,0,0,0,0,NaN,NaN,70.19168763948213,NaN,NaN,NaN,6.298640024882654,6.405568000000001,NaN,NaN,NaN,NaN,NaN,NaN,NaN,NaN,NaN,NaN,1
2024-08-09T13:13:00-04:00,6.3981926591735085,6.3981926591735085,6.38,6.38,6.407475003806291,6.296751729975061,6.235184709728289,0,0,19613,19612,0,0,0,0,NaN,NaN,69.44184913238146,NaN,NaN,NaN,6.298640024882654,6.405568000000001,NaN,NaN,NaN,NaN,NaN,NaN,NaN,NaN,NaN,NaN,1,0,0,0,0,NaN,NaN,69.44184913238146,NaN,NaN,NaN,6.298640024882654,6.405568000000001,NaN,NaN,NaN,NaN,NaN,NaN,NaN,NaN,NaN,NaN,1
2024-08-09T13:15:00-04:00,6.389096329586755,6.4099,6.389096329586755,6.4099,6.407915912205147,6.298479184479259,6.2352506765151485,0,0,19613,19612,0,0,0,0,NaN,NaN,68.60895692890463,NaN,NaN,NaN,6.298640024882654,6.405568000000001,NaN,NaN,NaN,NaN,NaN,NaN,NaN,NaN,NaN,NaN,1,0,0,0,0,NaN,NaN,68.60895692890463,NaN,NaN,NaN,6.298640024882654,6.405568000000001,NaN,NaN,NaN,NaN,NaN,NaN,NaN,NaN,NaN,NaN,1
2024-08-09T13:17:00-04:00,6.3994981647933775,6.41,6.3994981647933775,6.41,6.408294837258756,6.300181792349805,6.235278868392224,0,0,19613,19612,0,0,0,0,NaN,NaN,68.42306890211745,NaN,NaN,NaN,6.298640024882654,6.405568000000001,NaN,NaN,NaN,NaN,NaN,NaN,NaN,NaN,NaN,NaN,1,0,0,0,0,NaN,NaN,68.42306890211745,NaN,NaN,NaN,6.298640024882654,6.405568000000001,NaN,NaN,NaN,NaN,NaN,NaN,NaN,NaN,NaN,NaN,1
2024-08-09T13:18:00-04:00,6.404749082396689,6.404749082396689,6.38,6.38,6.403150321393528,6.301400390939884,6.235351675954456,0,0,19613,19612,0,0,0,0,NaN,NaN,69.16502242913238,NaN,NaN,NaN,6.298640024882654,6.405568000000001,NaN,NaN,NaN,NaN,NaN,NaN,NaN,NaN,NaN,NaN,1,0,0,0,0,NaN,NaN,69.16502242913238,NaN,NaN,NaN,6.298640024882654,6.405568000000001,NaN,NaN,NaN,NaN,NaN,NaN,NaN,NaN,NaN,NaN,1
2024-08-09T13:20:00-04:00,6.392374541198345,6.392374541198345,6.33,6.3616,6.395595717503795,6.3023194689408015,6.235554919071942,0,0,19613,19612,0,0,0,0,NaN,NaN,67.47361775477228,NaN,NaN,NaN,6.298640024882654,6.39532496,NaN,NaN,NaN,NaN,NaN,NaN,NaN,NaN,NaN,NaN,1,0,0,0,0,NaN,NaN,67.47361775477228,NaN,NaN,NaN,6.298640024882654,6.39532496,NaN,NaN,NaN,NaN,NaN,NaN,NaN,NaN,NaN,NaN,1
2024-08-09T13:21:00-04:00,6.376987270599173,6.39,6.35,6.365,6.3900328597758325,6.303276423613461,6.235721416220099,0,0,19613,19612,0,0,0,0,NaN,NaN,66.06683319056381,NaN,NaN,NaN,6.298640024882654,6.39532496,NaN,NaN,NaN,NaN,NaN,NaN,NaN,NaN,NaN,NaN,1,0,0,0,0,NaN,NaN,66.06683319056381,NaN,NaN,NaN,6.298640024882654,6.39532496,NaN,NaN,NaN,NaN,NaN,NaN,NaN,NaN,NaN,NaN,1
2024-08-09T13:25:00-04:00,6.370993635299587,6.370993635299587,6.33,6.333825000000001,6.3798132489074995,6.303742814092645,6.235913942252146,0,0,19613,19612,0,0,0,0,NaN,NaN,63.316298549661454,NaN,NaN,NaN,6.298640024882654,6.3785807124,NaN,NaN,NaN,NaN,NaN,NaN,NaN,NaN,NaN,NaN,1,0,0,0,0,NaN,NaN,63.316298549661454,NaN,NaN,NaN,6.298640024882654,6.3785807124,NaN,NaN,NaN,NaN,NaN,NaN,NaN,NaN,NaN,NaN,1
2024-08-09T13:26:00-04:00,6.352409317649794,6.36,6.352409317649794,6.36,6.376210840015227,6.304601702427108,6.235933850426444,0,0,19613,19612,0,0,0,0,NaN,NaN,61.5568487800434,NaN,NaN,NaN,6.298640024882654,6.3785807124,NaN,NaN,NaN,NaN,NaN,NaN,NaN,NaN,NaN,NaN,1,0,0,0,0,NaN,NaN,61.5568487800434,NaN,NaN,NaN,6.298640024882654,6.3785807124,NaN,NaN,NaN,NaN,NaN,NaN,NaN,NaN,NaN,NaN,1
2024-08-09T13:28:00-04:00,6.356204658824897,6.39,6.35,6.3725000000000005,6.37553614183064,6.305638317657229,6.236457684451773,0,0,19613,19612,0,0,0,0,NaN,NaN,60.09496153761765,NaN,NaN,NaN,6.298640024882654,6.3785807124,NaN,NaN,NaN,NaN,NaN,NaN,NaN,NaN,NaN,NaN,1,0,0,0,0,NaN,NaN,60.09496153761765,NaN,NaN,NaN,6.298640024882654,6.3785807124,NaN,NaN,NaN,NaN,NaN,NaN,NaN,NaN,NaN,NaN,1
2024-08-09T13:29:00-04:00,6.364352329412449,6.4,6.364352329412449,6.4,6.379984116043251,6.307078954028874,6.236483818105695,0,0,19613,19612,0,0,0,0,NaN,NaN,59.049928821772454,NaN,NaN,NaN,6.298640024882654,6.3785807124,NaN,NaN,NaN,NaN,NaN,NaN,NaN,NaN,NaN,NaN,1,0,0,0,0,NaN,NaN,59.049928821772454,NaN,NaN,NaN,6.298640024882654,6.3785807124,NaN,NaN,NaN,NaN,NaN,NaN,NaN,NaN,NaN,NaN,1
2024-08-09T13:40:00-04:00,6.382176164706225,6.4499,6.382176164706225,6.43,6.389077913126296,6.3089556112192735,6.237712898067932,0,0,19613,19612,0,0,0,0,NaN,NaN,59.35695740446582,NaN,NaN,NaN,6.298640024882654,6.386240375000001,NaN,NaN,NaN,NaN,NaN,NaN,NaN,NaN,NaN,NaN,1,0,0,0,0,NaN,NaN,59.35695740446582,NaN,NaN,NaN,6.298640024882654,6.386240375000001,NaN,NaN,NaN,NaN,NaN,NaN,NaN,NaN,NaN,NaN,1
2024-08-09T13:44:00-04:00,6.406088082353112,6.49,6.406088082353112,6.460000000000001,6.401972838012424,6.311261632422033,6.238882050378914,1,0,19613,19612,0,0,0,0,NaN,NaN,59.6174584645528,NaN,NaN,NaN,6.298640024882654,6.403003163750002,NaN,NaN,NaN,NaN,NaN,NaN,NaN,NaN,NaN,NaN,1,0,0,0,0,NaN,NaN,59.6174584645528,NaN,NaN,NaN,6.298640024882654,6.403003163750002,NaN,NaN,NaN,NaN,NaN,NaN,NaN,NaN,NaN,NaN,1
2024-08-09T13:45:00-04:00,6.433044041176556,6.49,6.433044041176556,6.4799999999999995,6.4161595947374375,6.313837790705666,6.239445136652146,0,0,19613,19612,0,0,0,0,NaN,NaN,60.490810760647385,NaN,NaN,NaN,6.298640024882654,6.417022973925,NaN,NaN,NaN,NaN,NaN,NaN,NaN,NaN,NaN,NaN,1,0,0,0,0,NaN,NaN,60.490810760647385,NaN,NaN,NaN,6.298640024882654,6.417022973925,NaN,NaN,NaN,NaN,NaN,NaN,NaN,NaN,NaN,NaN,1
2024-08-09T13:46:00-04:00,6.456522020588277,6.475,6.4501,6.4613,6.424366941148812,6.316089122145274,6.240927588425241,0,0,19613,19612,0,0,0,0,NaN,NaN,60.98147957010702,NaN,NaN,NaN,6.298640024882654,6.417022973925,NaN,NaN,NaN,NaN,NaN,NaN,NaN,NaN,NaN,NaN,1,0,0,0,0,NaN,NaN,60.98147957010702,NaN,NaN,NaN,6.298640024882654,6.417022973925,NaN,NaN,NaN,NaN,NaN,NaN,NaN,NaN,NaN,NaN,1
2024-08-09T13:47:00-04:00,6.4589110102941385,6.56,6.4589110102941385,6.504999999999999,6.439027497303574,6.318973257685041,6.24305960846053,0,0,19613,19612,0,0,0,0,NaN,NaN,61.510733152640725,NaN,NaN,NaN,6.298640024882654,6.43631590627175,NaN,NaN,NaN,NaN,NaN,NaN,NaN,NaN,NaN,NaN,1,0,0,0,0,NaN,NaN,61.510733152640725,NaN,NaN,NaN,6.298640024882654,6.43631590627175,NaN,NaN,NaN,NaN,NaN,NaN,NaN,NaN,NaN,NaN,1
2024-08-09T13:48:00-04:00,6.481955505147068,6.545,6.481955505147068,6.5275,6.455113406884742,6.322156872071529,6.243508475858443,0,0,19613,19612,0,0,0,0,NaN,NaN,61.70435022261865,NaN,NaN,NaN,6.298640024882654,6.45715799751914,NaN,NaN,NaN,NaN,NaN,NaN,NaN,NaN,NaN,NaN,1,0,0,0,0,NaN,NaN,61.70435022261865,NaN,NaN,NaN,6.298640024882654,6.45715799751914,NaN,NaN,NaN,NaN,NaN,NaN,NaN,NaN,NaN,NaN,1
2024-08-09T13:51:00-04:00,6.504727752573534,6.504727752573534,6.48,6.48,6.459638241996607,6.3245666908185285,6.243545130356745,0,0,19613,19612,0,0,0,0,NaN,NaN,61.207695975235666,NaN,NaN,NaN,6.305248048972843,6.45715799751914,NaN,NaN,NaN,NaN,NaN,NaN,NaN,NaN,NaN,NaN,1,0,0,0,0,NaN,NaN,61.207695975235666,NaN,NaN,NaN,6.305248048972843,6.45715799751914,NaN,NaN,NaN,NaN,NaN,NaN,NaN,NaN,NaN,NaN,1
2024-08-09T13:52:00-04:00,6.492363876286767,6.492363876286767,6.475,6.477500000000001,6.46288583436086,6.326901550500688,6.2437009502478995,0,0,19613,19612,0,0,0,0,NaN,NaN,60.57457388467331,NaN,NaN,NaN,6.369526153050376,6.45715799751914,NaN,NaN,NaN,NaN,NaN,NaN,NaN,NaN,NaN,NaN,1,0,0,0,0,NaN,NaN,60.57457388467331,NaN,NaN,NaN,6.369526153050376,6.45715799751914,NaN,NaN,NaN,NaN,NaN,NaN,NaN,NaN,NaN,NaN,1
2024-08-09T13:59:00-04:00,6.484931938143384,6.484931938143384,6.4106,6.4106,6.453379319022522,6.328179389424341,6.244983563702984,0,0,19613,19612,0,0,0,0,NaN,NaN,58.71745436915759,NaN,NaN,NaN,6.369526153050376,6.45715799751914,NaN,NaN,NaN,NaN,NaN,NaN,NaN,NaN,NaN,NaN,1,0,0,0,0,NaN,NaN,58.71745436915759,NaN,NaN,NaN,6.369526153050376,6.45715799751914,NaN,NaN,NaN,NaN,NaN,NaN,NaN,NaN,NaN,NaN,1
2024-08-09T14:00:00-04:00,6.447765969071692,6.447765969071692,6.35,6.380000000000001,6.440037624654791,6.328970543784275,6.246031637718445,0,0,19613,19612,0,0,0,0,NaN,NaN,55.63025511774102,NaN,NaN,NaN,6.369526153050376,6.4426875,NaN,NaN,NaN,NaN,NaN,NaN,NaN,NaN,NaN,NaN,1,0,0,0,0,NaN,NaN,55.63025511774102,NaN,NaN,NaN,6.369526153050376,6.4426875,NaN,NaN,NaN,NaN,NaN,NaN,NaN,NaN,NaN,NaN,1
2024-08-09T14:03:00-04:00,6.413882984535846,6.43,6.413882984535846,6.42575,6.4374398747175565,6.330448092734134,6.2462014078262325,0,0,19613,19612,0,0,0,0,NaN,NaN,53.77902002755762,NaN,NaN,NaN,6.369526153050376,6.4426875,NaN,NaN,NaN,NaN,NaN,NaN,NaN,NaN,NaN,NaN,1,0,0,0,0,NaN,NaN,53.77902002755762,NaN,NaN,NaN,6.369526153050376,6.4426875,NaN,NaN,NaN,NaN,NaN,NaN,NaN,NaN,NaN,NaN,1
2024-08-09T14:07:00-04:00,6.419816492267923,6.48,6.419816492267923,6.460000000000001,6.441541715678001,6.3324259844481166,6.247179047419714,0,0,19613,19612,0,0,0,0,NaN,NaN,52.77504802668862,NaN,NaN,NaN,6.369526153050376,6.4426875,NaN,NaN,NaN,NaN,NaN,NaN,NaN,NaN,NaN,NaN,1,0,0,0,0,NaN,NaN,52.77504802668862,NaN,NaN,NaN,6.369526153050376,6.4426875,NaN,NaN,NaN,NaN,NaN,NaN,NaN,NaN,NaN,NaN,1
2024-08-09T14:08:00-04:00,6.439908246133962,6.5599,6.439908246133962,6.53245,6.4580704946456375,6.335479786212267,6.24829953833092,1,0,19613,19612,1,0,0,0,NaN,NaN,53.09707347471843,NaN,NaN,NaN,6.369526153050376,6.45851175,NaN,NaN,NaN,NaN,NaN,NaN,NaN,NaN,NaN,NaN,1,1,0,0,0,NaN,NaN,53.09707347471843,NaN,NaN,NaN,6.369526153050376,6.45851175,NaN,NaN,NaN,NaN,NaN,NaN,NaN,NaN,NaN,NaN,1
2024-08-09T14:09:00-04:00,6.4861791230669805,6.52,6.4861791230669805,6.52,6.469330404710067,6.3382968887128435,6.248340577845043,0,0,19613,19612,0,0,0,0,NaN,NaN,53.13700623342438,NaN,NaN,NaN,6.369526153050376,6.45851175,NaN,NaN,NaN,NaN,NaN,NaN,NaN,NaN,NaN,NaN,1,0,0,0,0,NaN,NaN,53.13700623342438,NaN,NaN,NaN,6.369526153050376,6.45851175,NaN,NaN,NaN,NaN,NaN,NaN,NaN,NaN,NaN,NaN,1
2024-08-09T14:11:00-04:00,6.50308956153349,6.52,6.50308956153349,6.52,6.478543058399145,6.341070982014937,6.248381604963255,0,0,19613,19612,0,0,0,0,NaN,NaN,53.0615267512141,NaN,NaN,NaN,6.369526153050376,6.45851175,NaN,NaN,NaN,NaN,NaN,NaN,NaN,NaN,NaN,NaN,1,0,0,0,0,NaN,NaN,53.0615267512141,NaN,NaN,NaN,6.369526153050376,6.45851175,NaN,NaN,NaN,NaN,NaN,NaN,NaN,NaN,NaN,NaN,1
2024-08-09T14:15:00-04:00,6.511544780766744,6.6,6.511544780766744,6.5625,6.493807956872028,6.344451577709366,6.249023096724796,0,0,19613,19612,0,0,0,0,NaN,NaN,53.043148717034406,NaN,NaN,NaN,6.369526153050376,6.4762056475000005,NaN,NaN,NaN,NaN,NaN,NaN,NaN,NaN,NaN,NaN,1,0,0,0,0,NaN,NaN,53.043148717034406,NaN,NaN,NaN,6.369526153050376,6.4762056475000005,NaN,NaN,NaN,NaN,NaN,NaN,NaN,NaN,NaN,NaN,1
2024-08-09T14:16:00-04:00,6.537022390383372,6.57,6.537022390383372,6.5649999999999995,6.5067519647134775,6.347818729194719,6.249651416542447,0,0,19613,19612,0,0,0,0,NaN,NaN,53.13945412903025,NaN,NaN,NaN,6.369526153050376,6.48270830865,NaN,NaN,NaN,NaN,NaN,NaN,NaN,NaN,NaN,NaN,1,0,0,0,0,NaN,NaN,53.13945412903025,NaN,NaN,NaN,6.369526153050376,6.48270830865,NaN,NaN,NaN,NaN,NaN,NaN,NaN,NaN,NaN,NaN,1
2024-08-09T14:17:00-04:00,6.551011195191686,6.59,6.551011195191686,6.59,6.521887971129209,6.351516153176479,6.24970260270738,0,0,19613,19612,0,0,0,0,NaN,NaN,54.26782018672459,NaN,NaN,NaN,6.369526153050376,6.5037395608715,NaN,NaN,NaN,NaN,NaN,NaN,NaN,NaN,NaN,NaN,1,0,0,0,0,NaN,NaN,54.26782018672459,NaN,NaN,NaN,6.369526153050376,6.5037395608715,NaN,NaN,NaN,NaN,NaN,NaN,NaN,NaN,NaN,NaN,1
2024-08-09T14:18:00-04:00,6.570505597595843,6.6099,6.570505597595843,6.602399999999999,6.536526521832989,6.355346440914243,6.249808657496432,0,0,19613,19612,0,0,0,0,NaN,NaN,55.85247284147766,NaN,NaN,NaN,6.41372309113809,6.521034813566921,NaN,NaN,NaN,NaN,NaN,NaN,NaN,NaN,NaN,NaN,1,0,0,0,0,NaN,NaN,55.85247284147766,NaN,NaN,NaN,6.41372309113809,6.521034813566921,NaN,NaN,NaN,NaN,NaN,NaN,NaN,NaN,NaN,NaN,1
2024-08-09T14:19:00-04:00,6.586452798797922,6.595,6.586452798797922,6.595,6.5471580633179,6.359005273877385,6.250067956936583,0,0,19613,19612,0,0,0,0,NaN,NaN,57.745466097841316,NaN,NaN,NaN,6.487562075470406,6.521034813566921,NaN,NaN,NaN,NaN,NaN,NaN,NaN,NaN,NaN,NaN,1,0,0,0,0,NaN,NaN,57.745466097841316,NaN,NaN,NaN,6.487562075470406,6.521034813566921,NaN,NaN,NaN,NaN,NaN,NaN,NaN,NaN,NaN,NaN,1
2024-08-09T14:23:00-04:00,6.59072639939896,6.59072639939896,6.56,6.56,6.549492960896464,6.362073895650249,6.250161054364297,0,0,19613,19612,0,0,0,0,NaN,NaN,59.93232417611818,NaN,NaN,NaN,6.487562075470406,6.521034813566921,NaN,NaN,NaN,NaN,NaN,NaN,NaN,NaN,NaN,NaN,1,0,0,0,0,NaN,NaN,59.93232417611818,NaN,NaN,NaN,6.487562075470406,6.521034813566921,NaN,NaN,NaN,NaN,NaN,NaN,NaN,NaN,NaN,NaN,1
2024-08-09T14:33:00-04:00,6.5753631996994795,6.5753631996994795,6.46,6.505,6.541403331642561,6.364255973579253,6.250346549493626,0,0,19613,19612,0,0,0,0,NaN,NaN,62.40597733394965,NaN,NaN,NaN,6.487562075470406,6.521034813566921,NaN,NaN,NaN,NaN,NaN,NaN,NaN,NaN,NaN,NaN,1,0,0,0,0,NaN,NaN,62.40597733394965,NaN,NaN,NaN,6.487562075470406,6.521034813566921,NaN,NaN,NaN,NaN,NaN,NaN,NaN,NaN,NaN,NaN,1
2024-08-09T14:34:00-04:00,6.54018159984974,6.54018159984974,6.51,6.51,6.5356936349802774,6.366481073219264,6.250735655349552,0,0,19613,19612,0,0,0,0,NaN,NaN,65.0062457867362,NaN,NaN,NaN,6.487562075470406,6.521034813566921,NaN,NaN,NaN,NaN,NaN,NaN,NaN,NaN,NaN,NaN,1,0,0,0,0,NaN,NaN,65.0062457867362,NaN,NaN,NaN,6.487562075470406,6.521034813566921,NaN,NaN,NaN,NaN,NaN,NaN,NaN,NaN,NaN,NaN,1
2024-08-09T14:35:00-04:00,6.52509079992487,6.52509079992487,6.4601,6.4601,6.521949337711136,6.367910369811336,6.250845095011359,0,0,19613,19612,0,0,0,0,NaN,NaN,67.31641569697902,NaN,NaN,NaN,6.487562075470406,6.521034813566921,NaN,NaN,NaN,NaN,NaN,NaN,NaN,NaN,NaN,NaN,1,0,0,0,0,NaN,NaN,67.31641569697902,NaN,NaN,NaN,6.487562075470406,6.521034813566921,NaN,NaN,NaN,NaN,NaN,NaN,NaN,NaN,NaN,NaN,1
2024-08-09T14:37:00-04:00,6.492595399962434,6.56,6.492595399962434,6.557099999999999,6.528340367218202,6.370798761111927,6.251165849388873,0,0,19613,19612,0,0,0,0,NaN,NaN,69.3301876698598,NaN,NaN,NaN,6.487562075470406,6.521034813566921,NaN,NaN,NaN,NaN,NaN,NaN,NaN,NaN,NaN,NaN,1,0,0,0,0,NaN,NaN,69.3301876698598,NaN,NaN,NaN,6.487562075470406,6.521034813566921,NaN,NaN,NaN,NaN,NaN,NaN,NaN,NaN,NaN,NaN,1
2024-08-09T14:39:00-04:00,6.524847699981217,6.5898,6.524847699981217,6.5898,6.539514845905801,6.37414229147663,6.251216508466512,0,0,19613,19612,0,0,0,0,NaN,NaN,69.97879964357745,NaN,NaN,NaN,6.487562075470406,6.521034813566921,NaN,NaN,NaN,NaN,NaN,NaN,NaN,NaN,NaN,NaN,1,0,0,0,0,NaN,NaN,69.97879964357745,NaN,NaN,NaN,6.487562075470406,6.521034813566921,NaN,NaN,NaN,NaN,NaN,NaN,NaN,NaN,NaN,NaN,1
2024-08-09T14:40:00-04:00,6.557323849990609,6.557323849990609,6.5568,6.5568,6.542657601195655,6.376930958782331,6.251672973170792,0,0,19613,19612,0,0,0,0,NaN,NaN,71.40227689652362,NaN,NaN,NaN,6.487562075470406,6.521034813566921,NaN,NaN,NaN,NaN,NaN,NaN,NaN,NaN,NaN,NaN,1,0,0,0,0,NaN,NaN,71.40227689652362,NaN,NaN,NaN,6.487562075470406,6.521034813566921,NaN,NaN,NaN,NaN,NaN,NaN,NaN,NaN,NaN,NaN,1
2024-08-09T14:42:00-04:00,6.557061924995304,6.59,6.557061924995304,6.59,6.551265310069172,6.3801839212436695,6.251875002575175,0,0,19613,19612,0,0,0,0,NaN,NaN,72.95789922300528,NaN,NaN,NaN,6.487562075470406,6.521034813566921,NaN,NaN,NaN,NaN,NaN,NaN,NaN,NaN,NaN,NaN,1,0,0,0,0,NaN,NaN,72.95789922300528,NaN,NaN,NaN,6.487562075470406,6.521034813566921,NaN,NaN,NaN,NaN,NaN,NaN,NaN,NaN,NaN,NaN,1
2024-08-09T14:44:00-04:00,6.573530962497652,6.573530962497652,6.57,6.57,6.554671617329323,6.383081876644529,6.252349209444038,0,0,19613,19612,0,0,0,0,NaN,NaN,73.46211276717408,NaN,NaN,NaN,6.487562075470406,6.521034813566921,NaN,NaN,NaN,NaN,NaN,NaN,NaN,NaN,NaN,NaN,1,0,0,0,0,NaN,NaN,73.46211276717408,NaN,NaN,NaN,6.487562075470406,6.521034813566921,NaN,NaN,NaN,NaN,NaN,NaN,NaN,NaN,NaN,NaN,1
2024-08-09T14:47:00-04:00,6.571765481248827,6.6,6.571765481248827,6.6,6.562913141451264,6.386393603718658,6.252674346560234,1,0,19613,19612,0,0,0,0,NaN,NaN,73.55603798078474,NaN,NaN,NaN,6.487562075470406,6.521034813566921,NaN,NaN,NaN,NaN,NaN,NaN,NaN,NaN,NaN,NaN,1,0,0,0,0,NaN,NaN,73.55603798078474,NaN,NaN,NaN,6.487562075470406,6.521034813566921,NaN,NaN,NaN,NaN,NaN,NaN,NaN,NaN,NaN,NaN,1
2024-08-09T14:51:00-04:00,6.585882740624413,6.585882740624413,6.5803,6.5803,6.566074388460125,6.38935400671532,6.2527231305047,0,0,19613,19612,0,0,0,0,NaN,NaN,73.76630135201755,NaN,NaN,NaN,6.487562075470406,6.521034813566921,NaN,NaN,NaN,NaN,NaN,NaN,NaN,NaN,NaN,NaN,1,0,0,0,0,NaN,NaN,73.76630135201755,NaN,NaN,NaN,6.487562075470406,6.521034813566921,NaN,NaN,NaN,NaN,NaN,NaN,NaN,NaN,NaN,NaN,1
2024-08-09T14:52:00-04:00,6.583091370312207,6.583091370312207,6.55,6.565,6.565879045103738,6.392035624933406,6.254378489670656,0,0,19613,19612,0,0,0,0,NaN,NaN,73.71170963841156,NaN,NaN,NaN,6.487562075470406,6.521034813566921,NaN,NaN,NaN,NaN,NaN,NaN,NaN,NaN,NaN,NaN,1,0,0,0,0,NaN,NaN,73.71170963841156,NaN,NaN,NaN,6.487562075470406,6.521034813566921,NaN,NaN,NaN,NaN,NaN,NaN,NaN,NaN,NaN,NaN,1
2024-08-09T14:53:00-04:00,6.574045685156104,6.574045685156104,6.54,6.54005,6.561182855084877,6.394295386384805,6.2545679191607,0,0,19613,19612,0,0,0,0,NaN,NaN,73.19759174371647,NaN,NaN,NaN,6.487562075470406,6.521034813566921,NaN,NaN,NaN,NaN,NaN,NaN,NaN,NaN,NaN,NaN,1,0,0,0,0,NaN,NaN,73.19759174371647,NaN,NaN,NaN,6.487562075470406,6.521034813566921,NaN,NaN,NaN,NaN,NaN,NaN,NaN,NaN,NaN,NaN,1
2024-08-09T14:59:00-04:00,6.5570478425780525,6.5570478425780525,6.53,6.53,6.555513245069445,6.396367212546869,6.254649430610878,0,0,19613,19612,0,0,0,0,NaN,NaN,72.0697758782688,NaN,NaN,NaN,6.487562075470406,6.521034813566921,NaN,NaN,NaN,NaN,NaN,NaN,NaN,NaN,NaN,NaN,1,0,0,0,0,NaN,NaN,72.0697758782688,NaN,NaN,NaN,6.487562075470406,6.521034813566921,NaN,NaN,NaN,NaN,NaN,NaN,NaN,NaN,NaN,NaN,1
2024-08-09T15:02:00-04:00,6.543523921289026,6.543523921289026,6.53,6.53,6.550874473238637,6.398407407775161,6.254690168246753,0,0,19613,19612,0,0,0,0,NaN,NaN,70.83825390654174,NaN,NaN,NaN,6.487562075470406,6.521034813566921,NaN,NaN,NaN,NaN,NaN,NaN,NaN,NaN,NaN,NaN,1,0,0,0,0,NaN,NaN,70.83825390654174,NaN,NaN,NaN,6.487562075470406,6.521034813566921,NaN,NaN,NaN,NaN,NaN,NaN,NaN,NaN,NaN,NaN,1
2024-08-09T15:03:00-04:00,6.5367619606445135,6.5367619606445135,6.5,6.5,6.541624569013431,6.399958439717525,6.254762733097474,0,0,19613,19612,0,0,0,0,NaN,NaN,68.64886324419594,NaN,NaN,NaN,6.487562075470406,6.521034813566921,NaN,NaN,NaN,NaN,NaN,NaN,NaN,NaN,NaN,NaN,1,0,0,0,0,NaN,NaN,68.64886324419594,NaN,NaN,NaN,6.487562075470406,6.521034813566921,NaN,NaN,NaN,NaN,NaN,NaN,NaN,NaN,NaN,NaN,1
2024-08-09T15:05:00-04:00,6.518380980322257,6.518380980322257,6.49,6.49,6.532238283738262,6.401333120027181,6.255073021617269,0,0,19613,19612,0,0,0,0,NaN,NaN,66.02251098817898,NaN,NaN,NaN,6.487562075470406,6.521034813566921,NaN,NaN,NaN,NaN,NaN,NaN,NaN,NaN,NaN,NaN,1,0,0,0,0,NaN,NaN,66.02251098817898,NaN,NaN,NaN,6.487562075470406,6.521034813566921,NaN,NaN,NaN,NaN,NaN,NaN,NaN,NaN,NaN,NaN,1
2024-08-09T15:06:00-04:00,6.504190490161129,6.504190490161129,6.4901,6.4901,6.524576777604032,6.402688339568751,6.255130635541095,0,0,19613,19612,0,0,0,0,NaN,NaN,63.72512506868825,NaN,NaN,NaN,6.487562075470406,6.521034813566921,NaN,NaN,NaN,NaN,NaN,NaN,NaN,NaN,NaN,NaN,1,0,0,0,0,NaN,NaN,63.72512506868825,NaN,NaN,NaN,6.487562075470406,6.521034813566921,NaN,NaN,NaN,NaN,NaN,NaN,NaN,NaN,NaN,NaN,1
2024-08-09T15:08:00-04:00,6.4971452450805645,6.5181,6.4971452450805645,6.5181,6.523399181676027,6.404450349651671,6.255169463331515,0,0,19613,19612,0,0,0,0,NaN,NaN,61.993124341140685,NaN,NaN,NaN,6.487562075470406,6.521034813566921,NaN,NaN,NaN,NaN,NaN,NaN,NaN,NaN,NaN,NaN,1,0,0,0,0,NaN,NaN,61.993124341140685,NaN,NaN,NaN,6.487562075470406,6.521034813566921,NaN,NaN,NaN,NaN,NaN,NaN,NaN,NaN,NaN,NaN,1
2024-08-09T15:09:00-04:00,6.507622622540282,6.51,6.507622622540282,6.51,6.52096296682584,6.406061794695157,6.255263493825281,0,0,19613,19612,0,0,0,0,NaN,NaN,59.881473781590856,NaN,NaN,NaN,6.487562075470406,6.521034813566921,NaN,NaN,NaN,NaN,NaN,NaN,NaN,NaN,NaN,NaN,1,0,0,0,0,NaN,NaN,59.881473781590856,NaN,NaN,NaN,6.487562075470406,6.521034813566921,NaN,NaN,NaN,NaN,NaN,NaN,NaN,NaN,NaN,NaN,1
2024-08-09T15:10:00-04:00,6.508811311270141,6.52,6.5,6.51,6.518969700130232,6.407648637524239,6.255338668272045,0,0,19613,19612,0,0,0,0,NaN,NaN,57.627991524943866,NaN,NaN,NaN,6.487562075470406,6.521034813566921,NaN,NaN,NaN,NaN,NaN,NaN,NaN,NaN,NaN,NaN,1,0,0,0,0,NaN,NaN,57.627991524943866,NaN,NaN,NaN,6.487562075470406,6.521034813566921,NaN,NaN,NaN,NaN,NaN,NaN,NaN,NaN,NaN,NaN,1
2024-08-09T15:11:00-04:00,6.509405655635071,6.545,6.509405655635071,6.5425,6.52324793647019,6.40970743695135,6.255465726872764,0,0,19613,19612,0,0,0,0,NaN,NaN,56.27890353235985,NaN,NaN,NaN,6.487562075470406,6.521034813566921,NaN,NaN,NaN,NaN,NaN,NaN,NaN,NaN,NaN,NaN,1,0,0,0,0,NaN,NaN,56.27890353235985,NaN,NaN,NaN,6.487562075470406,6.521034813566921,NaN,NaN,NaN,NaN,NaN,NaN,NaN,NaN,NaN,NaN,1
2024-08-09T15:16:00-04:00,6.525952827817536,6.58,6.5201,6.550050000000001,6.528121038930156,6.411850071501711,6.25557517430297,0,0,19613,19612,0,0,0,0,NaN,NaN,55.23271218707993,NaN,NaN,NaN,6.487562075470406,6.521034813566921,NaN,NaN,NaN,NaN,NaN,NaN,NaN,NaN,NaN,NaN,1,0,0,0,0,NaN,NaN,55.23271218707993,NaN,NaN,NaN,6.487562075470406,6.521034813566921,NaN,NaN,NaN,NaN,NaN,NaN,NaN,NaN,NaN,NaN,1
2024-08-09T15:17:00-04:00,6.538001413908768,6.58,6.538001413908768,6.575,6.5366444863974005,6.4143409101047375,6.255986714530556,1,0,19613,19612,0,0,0,0,NaN,NaN,54.90277815681298,NaN,NaN,NaN,6.487562075470406,6.521034813566921,NaN,NaN,NaN,NaN,NaN,NaN,NaN,NaN,NaN,NaN,1,0,0,0,0,NaN,NaN,54.90277815681298,NaN,NaN,NaN,6.487562075470406,6.521034813566921,NaN,NaN,NaN,NaN,NaN,NaN,NaN,NaN,NaN,NaN,1
2024-08-09T15:18:00-04:00,6.556500706954385,6.5899,6.556500706954385,6.5899,6.546327307052419,6.41702120155352,6.2562814531267446,0,0,19613,19612,0,0,0,0,NaN,NaN,55.28916814161057,NaN,NaN,NaN,6.487562075470406,6.521034813566921,NaN,NaN,NaN,NaN,NaN,NaN,NaN,NaN,NaN,NaN,1,0,0,0,0,NaN,NaN,55.28916814161057,NaN,NaN,NaN,6.487562075470406,6.521034813566921,NaN,NaN,NaN,NaN,NaN,NaN,NaN,NaN,NaN,NaN,1
2024-08-09T15:22:00-04:00,6.573200353477192,6.5899,6.525,6.557449999999999,6.54834961486107,6.41916515267484,6.2575586696853245,0,0,19613,19612,0,0,0,0,NaN,NaN,55.80588079348694,NaN,NaN,NaN,6.487562075470406,6.521034813566921,NaN,NaN,NaN,NaN,NaN,NaN,NaN,NaN,NaN,NaN,1,0,0,0,0,NaN,NaN,55.80588079348694,NaN,NaN,NaN,6.487562075470406,6.521034813566921,NaN,NaN,NaN,NaN,NaN,NaN,NaN,NaN,NaN,NaN,1
2024-08-09T15:23:00-04:00,6.565325176738596,6.57,6.545,6.557500000000001,6.550013321249966,6.4212771350767515,6.258216298273897,0,0,19613,19612,0,0,0,0,NaN,NaN,55.5127913057874,NaN,NaN,NaN,6.487562075470406,6.521034813566921,NaN,NaN,NaN,NaN,NaN,NaN,NaN,NaN,NaN,NaN,1,0,0,0,0,NaN,NaN,55.5127913057874,NaN,NaN,NaN,6.487562075470406,6.521034813566921,NaN,NaN,NaN,NaN,NaN,NaN,NaN,NaN,NaN,NaN,1
2024-08-09T15:28:00-04:00,6.561412588369299,6.59,6.56,6.574999999999999,6.554556353749972,6.423624049045046,6.2585216083311535,1,0,19613,19612,0,0,0,0,NaN,NaN,56.30243130948481,NaN,NaN,NaN,6.487562075470406,6.521034813566921,NaN,NaN,NaN,NaN,NaN,NaN,NaN,NaN,NaN,NaN,1,0,0,0,0,NaN,NaN,56.30243130948481,NaN,NaN,NaN,6.487562075470406,6.521034813566921,NaN,NaN,NaN,NaN,NaN,NaN,NaN,NaN,NaN,NaN,1
2024-08-09T15:29:00-04:00,6.568206294184649,6.58,6.568206294184649,6.58,6.5591824712499776,6.426011468143595,6.258568546129888,0,0,19613,19612,0,0,0,0,NaN,NaN,57.2271875476246,NaN,NaN,NaN,6.487562075470406,6.521034813566921,NaN,NaN,NaN,NaN,NaN,NaN,NaN,NaN,NaN,NaN,1,0,0,0,0,NaN,NaN,57.2271875476246,NaN,NaN,NaN,6.487562075470406,6.521034813566921,NaN,NaN,NaN,NaN,NaN,NaN,NaN,NaN,NaN,NaN,1
2024-08-09T15:30:00-04:00,6.574103147092325,6.574103147092325,6.56,6.56,6.559331112840891,6.428057094584151,6.258744486672317,0,0,19613,19612,0,0,0,0,NaN,NaN,57.63719875034206,NaN,NaN,NaN,6.487562075470406,6.521034813566921,NaN,NaN,NaN,NaN,NaN,NaN,NaN,NaN,NaN,NaN,1,0,0,0,0,NaN,NaN,57.63719875034206,NaN,NaN,NaN,6.487562075470406,6.521034813566921,NaN,NaN,NaN,NaN,NaN,NaN,NaN,NaN,NaN,NaN,1
2024-08-09T15:32:00-04:00,6.567051573546163,6.567051573546163,6.55,6.55005,6.55764363777891,6.429919581689736,6.259373935659817,0,0,19613,19612,0,0,0,0,NaN,NaN,58.740125789903566,NaN,NaN,NaN,6.487562075470406,6.521034813566921,NaN,NaN,NaN,NaN,NaN,NaN,NaN,NaN,NaN,NaN,1,0,0,0,0,NaN,NaN,58.740125789903566,NaN,NaN,NaN,6.487562075470406,6.521034813566921,NaN,NaN,NaN,NaN,NaN,NaN,NaN,NaN,NaN,NaN,1
2024-08-09T15:33:00-04:00,6.558550786773081,6.558550786773081,6.52,6.525,6.5517084309100175,6.431371191129588,6.25948991488705,0,0,19613,19612,0,0,0,0,NaN,NaN,58.11018371182429,NaN,NaN,NaN,6.487562075470406,6.521034813566921,NaN,NaN,NaN,NaN,NaN,NaN,NaN,NaN,NaN,NaN,1,0,0,0,0,NaN,NaN,58.11018371182429,NaN,NaN,NaN,6.487562075470406,6.521034813566921,NaN,NaN,NaN,NaN,NaN,NaN,NaN,NaN,NaN,NaN,1
2024-08-09T15:34:00-04:00,6.541775393386541,6.57,6.54,6.55,6.551397807108196,6.433182317982571,6.259980395394687,0,0,19613,19612,0,0,0,0,NaN,NaN,58.28705024369064,NaN,NaN,NaN,6.487562075470406,6.521034813566921,NaN,NaN,NaN,NaN,NaN,NaN,NaN,NaN,NaN,NaN,1,0,0,0,0,NaN,NaN,58.28705024369064,NaN,NaN,NaN,6.487562075470406,6.521034813566921,NaN,NaN,NaN,NaN,NaN,NaN,NaN,NaN,NaN,NaN,1
2024-08-09T15:36:00-04:00,6.545887696693271,6.545887696693271,6.54,6.54,6.54932547854307,6.434813122288181,6.26002107528303,0,0,19613,19612,0,0,0,0,NaN,NaN,57.54296205721896,NaN,NaN,NaN,6.487562075470406,6.521034813566921,NaN,NaN,NaN,NaN,NaN,NaN,NaN,NaN,NaN,NaN,1,0,0,0,0,NaN,NaN,57.54296205721896,NaN,NaN,NaN,6.487562075470406,6.521034813566921,NaN,NaN,NaN,NaN,NaN,NaN,NaN,NaN,NaN,NaN,1
2024-08-09T15:40:00-04:00,6.542943848346635,6.542943848346635,6.48,6.505,6.541266300626148,6.435884677673094,6.260612916439617,0,0,19613,19612,0,0,0,0,NaN,NaN,54.865174819645155,NaN,NaN,NaN,6.487562075470406,6.521034813566921,NaN,NaN,NaN,NaN,NaN,NaN,NaN,NaN,NaN,NaN,1,0,0,0,0,NaN,NaN,54.865174819645155,NaN,NaN,NaN,6.487562075470406,6.521034813566921,NaN,NaN,NaN,NaN,NaN,NaN,NaN,NaN,NaN,NaN,1
2024-08-09T15:41:00-04:00,6.523971924173317,6.53,6.49,6.515,6.536490609603212,6.437092545189535,6.26116471947142,0,0,19613,19612,0,0,0,0,NaN,NaN,52.81787147934364,NaN,NaN,NaN,6.487562075470406,6.521034813566921,NaN,NaN,NaN,NaN,NaN,NaN,NaN,NaN,NaN,NaN,1,0,0,0,0,NaN,NaN,52.81787147934364,NaN,NaN,NaN,6.487562075470406,6.521034813566921,NaN,NaN,NaN,NaN,NaN,NaN,NaN,NaN,NaN,NaN,1
2024-08-09T15:42:00-04:00,6.519485962086659,6.52,6.5015,6.51075,6.531810498766264,6.438217086484351,6.2617178713141275,0,0,19613,19612,0,0,0,0,NaN,NaN,51.06390799503922,NaN,NaN,NaN,6.487562075470406,6.521034813566921,NaN,NaN,NaN,NaN,NaN,NaN,NaN,NaN,NaN,NaN,1,0,0,0,0,NaN,NaN,51.06390799503922,NaN,NaN,NaN,6.487562075470406,6.521034813566921,NaN,NaN,NaN,NaN,NaN,NaN,NaN,NaN,NaN,NaN,1
2024-08-09T15:43:00-04:00,6.515117981043329,6.515117981043329,6.45,6.475,6.521481317172397,6.438778657683064,6.262844994144104,0,0,19613,19612,0,0,0,0,NaN,NaN,47.3705822237637,NaN,NaN,NaN,6.487562075470406,6.521034813566921,NaN,NaN,NaN,NaN,NaN,NaN,NaN,NaN,NaN,NaN,1,0,0,0,0,NaN,NaN,47.3705822237637,NaN,NaN,NaN,6.487562075470406,6.521034813566921,NaN,NaN,NaN,NaN,NaN,NaN,NaN,NaN,NaN,NaN,1
2024-08-09T15:44:00-04:00,6.495058990521665,6.495058990521665,6.44,6.44,6.506666532231962,6.4387973041306505,6.262870416985966,0,0,19613,19612,0,0,0,0,NaN,NaN,42.100760165273265,NaN,NaN,NaN,6.487562075470406,6.521034813566921,NaN,NaN,NaN,NaN,NaN,NaN,NaN,NaN,NaN,NaN,1,0,0,0,0,NaN,NaN,42.100760165273265,NaN,NaN,NaN,6.487562075470406,6.521034813566921,NaN,NaN,NaN,NaN,NaN,NaN,NaN,NaN,NaN,NaN,1
2024-08-09T15:45:00-04:00,6.467529495260832,6.467529495260832,6.4276,6.4276,6.492290799098877,6.438626352922549,6.2632240156916525,0,0,19613,19612,0,0,0,0,NaN,NaN,35.937193721205034,NaN,NaN,NaN,6.487562075470406,6.5018899999999995,NaN,NaN,NaN,NaN,NaN,NaN,NaN,NaN,NaN,NaN,1,0,0,0,0,NaN,NaN,35.937193721205034,NaN,NaN,NaN,6.487562075470406,6.5018899999999995,NaN,NaN,NaN,NaN,NaN,NaN,NaN,NaN,NaN,NaN,1
2024-08-09T15:46:00-04:00,6.447564747630416,6.45,6.44,6.445,6.483692471989991,6.438723660511518,6.26335407250373,0,0,19613,19612,0,0,0,0,NaN,NaN,30.706011034654896,NaN,NaN,NaN,6.487562075470406,6.5018899999999995,NaN,NaN,NaN,NaN,NaN,NaN,NaN,NaN,NaN,NaN,1,0,0,0,0,NaN,NaN,30.706011034654896,NaN,NaN,NaN,6.487562075470406,6.5018899999999995,NaN,NaN,NaN,NaN,NaN,NaN,NaN,NaN,NaN,NaN,1
2024-08-09T15:47:00-04:00,6.446282373815208,6.446282373815208,6.4349,6.4349,6.474821113446356,6.438665284015159,6.263403153427663,0,0,19613,19612,0,0,0,0,NaN,NaN,24.861938894547077,NaN,NaN,NaN,6.487562075470406,6.5018899999999995,NaN,NaN,NaN,NaN,NaN,NaN,NaN,NaN,NaN,NaN,1,0,0,0,0,NaN,NaN,24.861938894547077,NaN,NaN,NaN,6.487562075470406,6.5018899999999995,NaN,NaN,NaN,NaN,NaN,NaN,NaN,NaN,NaN,NaN,1
2024-08-09T15:48:00-04:00,6.440591186907604,6.440591186907604,6.42,6.431449999999999,6.466935456456109,6.4385551270072945,6.263721079505052,0,0,19613,19612,0,0,0,0,NaN,NaN,19.328365186164575,NaN,NaN,NaN,6.487562075470406,6.5018899999999995,NaN,NaN,NaN,NaN,NaN,NaN,NaN,NaN,NaN,NaN,1,0,0,0,0,NaN,NaN,19.328365186164575,NaN,NaN,NaN,6.487562075470406,6.5018899999999995,NaN,NaN,NaN,NaN,NaN,NaN,NaN,NaN,NaN,NaN,1
2024-08-09T15:49:00-04:00,6.436020593453801,6.46,6.436020593453801,6.46,6.46567446437318,6.438882529648405,6.263749101016762,0,0,19613,19612,0,0,0,0,NaN,NaN,15.786112132302774,NaN,NaN,NaN,6.487562075470406,6.5018899999999995,NaN,NaN,NaN,NaN,NaN,NaN,NaN,NaN,NaN,NaN,1,0,0,0,0,NaN,NaN,15.786112132302774,NaN,NaN,NaN,6.487562075470406,6.5018899999999995,NaN,NaN,NaN,NaN,NaN,NaN,NaN,NaN,NaN,NaN,1
2024-08-09T15:50:00-04:00,6.448010296726901,6.4757,6.44,6.456425,6.463992743578056,6.439150353623238,6.264842866739913,0,0,19613,19612,0,0,0,0,NaN,NaN,12.41482704739066,NaN,NaN,NaN,6.487562075470406,6.5018899999999995,NaN,NaN,NaN,NaN,NaN,NaN,NaN,NaN,NaN,NaN,1,0,0,0,0,NaN,NaN,12.41482704739066,NaN,NaN,NaN,6.487562075470406,6.5018899999999995,NaN,NaN,NaN,NaN,NaN,NaN,NaN,NaN,NaN,NaN,1
2024-08-09T15:51:00-04:00,6.452217648363451,6.47,6.452217648363451,6.47,6.46508497201841,6.439621340590822,6.264871985339723,0,0,19613,19612,0,0,0,0,NaN,NaN,9.215420705207507,NaN,NaN,NaN,6.487562075470406,6.5018899999999995,NaN,NaN,NaN,NaN,NaN,NaN,NaN,NaN,NaN,NaN,1,0,0,0,0,NaN,NaN,9.215420705207507,NaN,NaN,NaN,6.487562075470406,6.5018899999999995,NaN,NaN,NaN,NaN,NaN,NaN,NaN,NaN,NaN,NaN,1
2024-08-09T15:52:00-04:00,6.461108824181725,6.465,6.45,6.4575,6.46370588619688,6.439894297223023,6.265298096177839,0,0,19613,19612,0,0,0,0,NaN,NaN,5.856394916455765,NaN,NaN,NaN,6.487562075470406,6.5018899999999995,NaN,NaN,NaN,NaN,NaN,NaN,NaN,NaN,NaN,NaN,1,0,0,0,0,NaN,NaN,5.856394916455765,NaN,NaN,NaN,6.487562075470406,6.5018899999999995,NaN,NaN,NaN,NaN,NaN,NaN,NaN,NaN,NaN,NaN,1
2024-08-09T15:53:00-04:00,6.459304412090862,6.48,6.42,6.452500000000001,6.461668452342902,6.440086750700534,6.266209341921126,0,0,19613,19612,0,0,0,0,NaN,NaN,3.056798059715544,NaN,NaN,NaN,6.487562075470406,6.5018899999999995,NaN,NaN,NaN,NaN,NaN,NaN,NaN,NaN,NaN,NaN,1,0,0,0,0,NaN,NaN,3.056798059715544,NaN,NaN,NaN,6.487562075470406,6.5018899999999995,NaN,NaN,NaN,NaN,NaN,NaN,NaN,NaN,NaN,NaN,1
2024-08-09T15:54:00-04:00,6.455902206045431,6.455902206045431,6.42,6.42,6.4540923700987385,6.439780082750907,6.2663176340672,0,0,19613,19612,0,0,0,0,NaN,NaN,0.6138950484060162,NaN,NaN,NaN,6.487562075470406,6.4957473,NaN,NaN,NaN,NaN,NaN,NaN,NaN,NaN,NaN,NaN,1,0,0,0,0,NaN,NaN,0.6138950484060162,NaN,NaN,NaN,6.487562075470406,6.4957473,NaN,NaN,NaN,NaN,NaN,NaN,NaN,NaN,NaN,NaN,1
2024-08-09T15:55:00-04:00,6.437951103022716,6.437951103022716,6.41,6.415000000000001,6.446984666444423,6.439401760876848,6.266549277012461,0,0,19613,19612,0,0,0,0,NaN,NaN,0.033383791804211665,NaN,NaN,NaN,6.487562075470406,6.4885524619999995,NaN,NaN,NaN,NaN,NaN,NaN,NaN,NaN,NaN,NaN,1,0,0,0,0,NaN,NaN,0.033383791804211665,NaN,NaN,NaN,6.487562075470406,6.4885524619999995,NaN,NaN,NaN,NaN,NaN,NaN,NaN,NaN,NaN,NaN,1
2024-08-09T15:56:00-04:00,6.426475551511358,6.44,6.42,6.43,6.443896545272709,6.4392582225428505,6.26706430685464,0,0,19613,19612,0,0,0,0,NaN,NaN,1.1896791663634907,NaN,NaN,NaN,6.487562075470406,6.4885524619999995,NaN,NaN,NaN,NaN,NaN,NaN,NaN,NaN,NaN,NaN,1,0,0,0,0,NaN,NaN,1.1896791663634907,NaN,NaN,NaN,6.487562075470406,6.4885524619999995,NaN,NaN,NaN,NaN,NaN,NaN,NaN,NaN,NaN,NaN,1
2024-08-09T15:57:00-04:00,6.4282377757556795,6.435,6.41,6.427499999999999,6.440915355223126,6.439078707694868,6.267291338495883,0,0,19613,19612,0,0,0,0,NaN,NaN,3.6681524743438505,NaN,NaN,NaN,6.487562075470406,6.4885524619999995,NaN,NaN,NaN,NaN,NaN,NaN,NaN,NaN,NaN,NaN,1,0,0,0,0,NaN,NaN,3.6681524743438505,NaN,NaN,NaN,6.487562075470406,6.4885524619999995,NaN,NaN,NaN,NaN,NaN,NaN,NaN,NaN,NaN,NaN,1
2024-08-09T15:58:00-04:00,6.427868887877839,6.435,6.41,6.4225,6.4375671088189215,6.438825597653725,6.267651129555926,0,0,19613,19612,0,0,0,0,NaN,NaN,6.838764242394124,NaN,NaN,NaN,6.487562075470406,6.4885524619999995,NaN,NaN,NaN,NaN,NaN,NaN,NaN,NaN,NaN,NaN,1,0,0,0,0,NaN,NaN,6.838764242394124,NaN,NaN,NaN,6.487562075470406,6.4885524619999995,NaN,NaN,NaN,NaN,NaN,NaN,NaN,NaN,NaN,NaN,1
2024-08-09T15:59:00-04:00,6.425184443938919,6.425184443938919,6.39,6.40005,6.43074581630639,6.438233603796417,6.268086217519111,0,0,19613,19612,0,0,0,0,NaN,NaN,10.362077371935774,NaN,NaN,NaN,6.487562075470406,6.473784990419999,NaN,NaN,NaN,NaN,NaN,NaN,NaN,NaN,NaN,NaN,1,0,0,0,0,NaN,NaN,10.362077371935774,NaN,NaN,NaN,6.487562075470406,6.473784990419999,NaN,NaN,NaN,NaN,NaN,NaN,NaN,NaN,NaN,NaN,1
2024-08-09T16:00:00-04:00,6.41261722196946,6.41261722196946,6.39,6.39,6.423337486068865,6.437497212898761,6.269270056932676,0,0,19613,19612,0,0,0,0,NaN,NaN,13.873362861124477,NaN,NaN,NaN,6.487562075470406,6.459308791569599,NaN,NaN,NaN,NaN,NaN,NaN,NaN,NaN,NaN,NaN,1,0,0,0,0,NaN,NaN,13.873362861124477,NaN,NaN,NaN,6.487562075470406,6.459308791569599,NaN,NaN,NaN,NaN,NaN,NaN,NaN,NaN,NaN,NaN,1
2024-08-12T04:07:00-04:00,6.40130861098473,6.40130861098473,5.98,5.98,6.34273067041998,6.430512522625498,5.98,0,0,19613,19612,0,0,0,0,NaN,NaN,17.47224297718227,NaN,NaN,NaN,6.380103156817208,6.21316247283416,NaN,NaN,NaN,NaN,NaN,NaN,NaN,NaN,NaN,NaN,1,0,0,0,0,NaN,NaN,17.47224297718227,NaN,NaN,NaN,6.380103156817208,6.21316247283416,NaN,NaN,NaN,NaN,NaN,NaN,NaN,NaN,NaN,NaN,1
2024-08-12T06:20:00-04:00,6.190654305492365,6.190654305492365,5.99,5.99,6.278597821252712,6.423787140600681,5.985,0,0,19613,19612,0,0,0,0,NaN,NaN,20.95120780744071,NaN,NaN,NaN,6.090690956227018,6.21316247283416,NaN,NaN,NaN,NaN,NaN,NaN,NaN,NaN,NaN,NaN,1,0,0,0,0,NaN,NaN,20.95120780744071,NaN,NaN,NaN,6.090690956227018,6.21316247283416,NaN,NaN,NaN,NaN,NaN,NaN,NaN,NaN,NaN,NaN,1
2024-08-12T06:51:00-04:00,6.090327152746182,6.090327152746182,6.05,6.05,6.237034581024946,6.418080466698381,6.006666666666667,0,0,19613,19612,0,0,0,0,NaN,NaN,24.340316292281983,NaN,NaN,NaN,6.090690956227018,6.21316247283416,NaN,NaN,NaN,NaN,NaN,NaN,NaN,NaN,NaN,NaN,1,0,0,0,0,NaN,NaN,24.340316292281983,NaN,NaN,NaN,6.090690956227018,6.21316247283416,NaN,NaN,NaN,NaN,NaN,NaN,NaN,NaN,NaN,NaN,1
2024-08-12T09:30:00-04:00,6.070163576373091,6.3,6.070163576373091,6.3,6.248482839020411,6.416277711481612,6.288424098921336,0,0,19613,19612,0,0,0,0,NaN,NaN,27.423194413084996,NaN,NaN,NaN,6.090690956227018,6.21316247283416,NaN,NaN,NaN,NaN,NaN,NaN,NaN,NaN,NaN,NaN,1,0,0,0,0,NaN,NaN,27.423194413084996,NaN,NaN,NaN,6.090690956227018,6.21316247283416,NaN,NaN,NaN,NaN,NaN,NaN,NaN,NaN,NaN,NaN,1
2024-08-12T09:31:00-04:00,6.185081788186546,6.3416,6.185081788186546,6.3408,6.265267777380336,6.415125380008611,6.309453629349708,0,0,19613,19612,0,0,0,0,NaN,NaN,30.06371566959613,NaN,NaN,NaN,6.090690956227018,6.21316247283416,NaN,NaN,NaN,NaN,NaN,NaN,NaN,NaN,NaN,NaN,1,0,0,0,0,NaN,NaN,30.06371566959613,NaN,NaN,NaN,6.090690956227018,6.21316247283416,NaN,NaN,NaN,NaN,NaN,NaN,NaN,NaN,NaN,NaN,1
2024-08-12T09:33:00-04:00,6.262940894093273,6.35,6.262940894093273,6.35,6.280673636038457,6.4141310993977925,6.309926859632742,0,0,19613,19612,0,0,0,0,NaN,NaN,34.30160647099877,NaN,NaN,NaN,6.217050586766501,6.21316247283416,NaN,NaN,NaN,NaN,NaN,NaN,NaN,NaN,NaN,NaN,1,0,0,0,0,NaN,NaN,34.30160647099877,NaN,NaN,NaN,6.217050586766501,6.21316247283416,NaN,NaN,NaN,NaN,NaN,NaN,NaN,NaN,NaN,NaN,1
2024-08-12T09:34:00-04:00,6.306470447046636,6.342,6.306470447046636,6.342,6.291823884031465,6.413029861239048,6.3111279209107245,0,0,19613,19612,0,0,0,0,NaN,NaN,39.81361335434941,NaN,NaN,NaN,6.23829126744675,6.21316247283416,NaN,NaN,NaN,NaN,NaN,NaN,NaN,NaN,NaN,NaN,1,0,0,0,0,NaN,NaN,39.81361335434941,NaN,NaN,NaN,6.23829126744675,6.21316247283416,NaN,NaN,NaN,NaN,NaN,NaN,NaN,NaN,NaN,NaN,1
2024-08-12T09:35:00-04:00,6.324235223523318,6.3511,6.324235223523318,6.3511,6.302601359662107,6.412084367174329,6.31229057591623,0,0,19613,19612,0,0,0,0,NaN,NaN,43.99490681343198,NaN,NaN,NaN,6.247674744315346,6.21316247283416,NaN,NaN,NaN,NaN,NaN,NaN,NaN,NaN,NaN,NaN,1,0,0,0,0,NaN,NaN,43.99490681343198,NaN,NaN,NaN,6.247674744315346,6.21316247283416,NaN,NaN,NaN,NaN,NaN,NaN,NaN,NaN,NaN,NaN,1
2024-08-12T09:37:00-04:00,6.337667611761659,6.35,6.22,6.290274999999999,6.300360203359906,6.410224682179301,6.30468245217474,0,0,19613,19612,0,0,0,0,NaN,NaN,48.01336064809533,NaN,NaN,NaN,6.247674744315346,6.21316247283416,NaN,NaN,NaN,NaN,NaN,NaN,NaN,NaN,NaN,NaN,1,0,0,0,0,NaN,NaN,48.01336064809533,NaN,NaN,NaN,6.247674744315346,6.21316247283416,NaN,NaN,NaN,NaN,NaN,NaN,NaN,NaN,NaN,NaN,1
2024-08-12T09:38:00-04:00,6.313971305880829,6.313971305880829,6.2584,6.2584,6.292731075476287,6.407906748100228,6.3038179251891275,0,0,19613,19612,0,0,0,0,NaN,NaN,50.42265001574443,NaN,NaN,NaN,6.247674744315346,6.21316247283416,NaN,NaN,NaN,NaN,NaN,NaN,NaN,NaN,NaN,NaN,1,0,0,0,0,NaN,NaN,50.42265001574443,NaN,NaN,NaN,6.247674744315346,6.21316247283416,NaN,NaN,NaN,NaN,NaN,NaN,NaN,NaN,NaN,NaN,1
2024-08-12T09:39:00-04:00,6.286185652940414,6.31,6.286185652940414,6.297675,6.293629970844235,6.406223820648316,6.303552774798926,0,0,19613,19612,0,0,0,0,NaN,NaN,52.61951922319368,NaN,NaN,NaN,6.247674744315346,6.21316247283416,NaN,NaN,NaN,NaN,NaN,NaN,NaN,NaN,NaN,NaN,1,0,0,0,0,NaN,NaN,52.61951922319368,NaN,NaN,NaN,6.247674744315346,6.21316247283416,NaN,NaN,NaN,NaN,NaN,NaN,NaN,NaN,NaN,NaN,1
2024-08-12T09:40:00-04:00,6.291930326470207,6.3098,6.291930326470207,6.3049,6.295679067054374,6.4046768920887995,6.303574336088638,0,0,19613,19612,0,0,0,0,NaN,NaN,54.63022504936739,NaN,NaN,NaN,6.247674744315346,6.21316247283416,NaN,NaN,NaN,NaN,NaN,NaN,NaN,NaN,NaN,NaN,1,0,0,0,0,NaN,NaN,54.63022504936739,NaN,NaN,NaN,6.247674744315346,6.21316247283416,NaN,NaN,NaN,NaN,NaN,NaN,NaN,NaN,NaN,NaN,1
2024-08-12T09:41:00-04:00,6.298415163235104,6.3,6.298415163235104,6.3,6.296464691226306,6.403078771598894,6.303285430811509,0,0,19613,19612,0,0,0,0,NaN,NaN,55.709568167890275,NaN,NaN,NaN,6.247674744315346,6.21316247283416,NaN,NaN,NaN,NaN,NaN,NaN,NaN,NaN,NaN,NaN,1,0,0,0,0,NaN,NaN,55.709568167890275,NaN,NaN,NaN,6.247674744315346,6.21316247283416,NaN,NaN,NaN,NaN,NaN,NaN,NaN,NaN,NaN,NaN,1
2024-08-12T09:44:00-04:00,6.2992075816175515,6.32,6.2992075816175515,6.3100000000000005,6.298925656457887,6.401657721650819,6.303392248647788,0,0,19613,19612,0,0,0,0,NaN,NaN,56.49906837755621,NaN,NaN,NaN,6.247674744315346,6.21316247283416,NaN,NaN,NaN,NaN,NaN,NaN,NaN,NaN,NaN,NaN,1,0,0,0,0,NaN,NaN,56.49906837755621,NaN,NaN,NaN,6.247674744315346,6.21316247283416,NaN,NaN,NaN,NaN,NaN,NaN,NaN,NaN,NaN,NaN,1
2024-08-12T09:45:00-04:00,6.304603790808776,6.315,6.3,6.3075,6.300484628010999,6.4002201991828676,6.303483617203297,0,0,19613,19612,0,0,0,0,NaN,NaN,56.785771616756286,NaN,NaN,NaN,6.247674744315346,6.21316247283416,NaN,NaN,NaN,NaN,NaN,NaN,NaN,NaN,NaN,NaN,1,0,0,0,0,NaN,NaN,56.785771616756286,NaN,NaN,NaN,6.247674744315346,6.21316247283416,NaN,NaN,NaN,NaN,NaN,NaN,NaN,NaN,NaN,NaN,1
2024-08-12T09:47:00-04:00,6.306051895404388,6.306051895404388,6.2212,6.2212,6.286069241099908,6.397487066370916,6.290089357338195,0,0,19613,19612,0,0,0,0,NaN,NaN,57.64219008775472,NaN,NaN,NaN,6.247674744315346,6.21316247283416,NaN,NaN,NaN,NaN,NaN,NaN,NaN,NaN,NaN,NaN,1,0,0,0,0,NaN,NaN,57.64219008775472,NaN,NaN,NaN,6.247674744315346,6.21316247283416,NaN,NaN,NaN,NaN,NaN,NaN,NaN,NaN,NaN,NaN,1
2024-08-12T09:48:00-04:00,6.263625947702193,6.29,6.1837,6.22185,6.27439301544538,6.394805584441589,6.284500648613104,0,0,19613,19612,0,0,0,0,NaN,NaN,58.492888570495396,NaN,NaN,NaN,6.247674744315346,6.21316247283416,NaN,NaN,NaN,NaN,NaN,NaN,NaN,NaN,NaN,NaN,1,0,0,0,0,NaN,NaN,58.492888570495396,NaN,NaN,NaN,6.247674744315346,6.21316247283416,NaN,NaN,NaN,NaN,NaN,NaN,NaN,NaN,NaN,NaN,1
2024-08-12T09:49:00-04:00,6.242737973851097,6.3,6.18,6.24,6.268139739909857,6.392442140404313,6.283461399462868,0,0,19613,19612,0,0,0,0,NaN,NaN,59.63166856751362,NaN,NaN,NaN,6.247674744315346,6.21316247283416,NaN,NaN,NaN,NaN,NaN,NaN,NaN,NaN,NaN,NaN,1,0,0,0,0,NaN,NaN,59.63166856751362,NaN,NaN,NaN,6.247674744315346,6.21316247283416,NaN,NaN,NaN,NaN,NaN,NaN,NaN,NaN,NaN,NaN,1
2024-08-12T10:03:00-04:00,6.241368986925549,6.285,6.214,6.2495,6.264750696289883,6.3902598176500485,6.282155411777915,0,0,19613,19612,0,0,0,0,NaN,NaN,61.622711465662796,NaN,NaN,NaN,6.247674744315346,6.21316247283416,NaN,NaN,NaN,NaN,NaN,NaN,NaN,NaN,NaN,NaN,1,0,0,0,0,NaN,NaN,61.622711465662796,NaN,NaN,NaN,6.247674744315346,6.21316247283416,NaN,NaN,NaN,NaN,NaN,NaN,NaN,NaN,NaN,NaN,1
2024-08-12T10:05:00-04:00,6.245434493462774,6.285,6.245434493462774,6.285,6.26843238787354,6.388652797533254,6.282172712308895,0,0,19613,19612,0,0,0,0,NaN,NaN,62.97366071562935,NaN,NaN,NaN,6.247674744315346,6.21316247283416,NaN,NaN,NaN,NaN,NaN,NaN,NaN,NaN,NaN,NaN,1,0,0,0,0,NaN,NaN,62.97366071562935,NaN,NaN,NaN,6.247674744315346,6.21316247283416,NaN,NaN,NaN,NaN,NaN,NaN,NaN,NaN,NaN,NaN,1
2024-08-12T10:06:00-04:00,6.265217246731387,6.265217246731387,6.2488,6.2488,6.264862862805624,6.386517640319006,6.281987534679836,0,0,19613,19612,0,0,0,0,NaN,NaN,65.8189367908352,NaN,NaN,NaN,6.247674744315346,6.21316247283416,NaN,NaN,NaN,NaN,NaN,NaN,NaN,NaN,NaN,NaN,1,0,0,0,0,NaN,NaN,65.8189367908352,NaN,NaN,NaN,6.247674744315346,6.21316247283416,NaN,NaN,NaN,NaN,NaN,NaN,NaN,NaN,NaN,NaN,1
2024-08-12T10:07:00-04:00,6.257008623365694,6.35,6.257008623365694,6.345,6.27943325138642,6.385883783214899,6.283201423051808,0,0,19613,19612,0,0,0,0,NaN,NaN,65.08077232232002,NaN,NaN,NaN,6.247674744315346,6.21316247283416,NaN,NaN,NaN,NaN,NaN,NaN,NaN,NaN,NaN,NaN,1,0,0,0,0,NaN,NaN,65.08077232232002,NaN,NaN,NaN,6.247674744315346,6.21316247283416,NaN,NaN,NaN,NaN,NaN,NaN,NaN,NaN,NaN,NaN,1
2024-08-12T10:10:00-04:00,6.301004311682847,6.33,6.26,6.295,6.282263569316162,6.3844962445398625,6.284639173755138,0,0,19613,19612,0,0,0,0,NaN,NaN,64.6459983409862,NaN,NaN,NaN,6.247674744315346,6.21316247283416,NaN,NaN,NaN,NaN,NaN,NaN,NaN,NaN,NaN,NaN,1,0,0,0,0,NaN,NaN,64.6459983409862,NaN,NaN,NaN,6.247674744315346,6.21316247283416,NaN,NaN,NaN,NaN,NaN,NaN,NaN,NaN,NaN,NaN,1
2024-08-12T10:12:00-04:00,6.298002155841424,6.298002155841424,6.2601,6.2601,6.278233829440496,6.38259706523391,6.284522465043281,0,0,19613,19612,0,0,0,0,NaN,NaN,65.05222361032155,NaN,NaN,NaN,6.247674744315346,6.21316247283416,NaN,NaN,NaN,NaN,NaN,NaN,NaN,NaN,NaN,NaN,1,0,0,0,0,NaN,NaN,65.05222361032155,NaN,NaN,NaN,6.247674744315346,6.21316247283416,NaN,NaN,NaN,NaN,NaN,NaN,NaN,NaN,NaN,NaN,1
2024-08-12T10:13:00-04:00,6.2790510779207125,6.3,6.2790510779207125,6.3,6.282191314996769,6.381336041337209,6.284595728012876,0,0,19613,19612,0,0,0,0,NaN,NaN,64.30098908972516,NaN,NaN,NaN,6.247674744315346,6.21316247283416,NaN,NaN,NaN,NaN,NaN,NaN,NaN,NaN,NaN,NaN,1,0,0,0,0,NaN,NaN,64.30098908972516,NaN,NaN,NaN,6.247674744315346,6.21316247283416,NaN,NaN,NaN,NaN,NaN,NaN,NaN,NaN,NaN,NaN,1
2024-08-12T10:14:00-04:00,6.289525538960357,6.289525538960357,6.26,6.262499999999999,6.278611075906447,6.379521750629771,6.283502175380186,0,0,19613,19612,0,0,0,0,NaN,NaN,64.258678051821,NaN,NaN,NaN,6.247674744315346,6.21316247283416,NaN,NaN,NaN,NaN,NaN,NaN,NaN,NaN,NaN,NaN,1,0,0,0,0,NaN,NaN,64.258678051821,NaN,NaN,NaN,6.247674744315346,6.21316247283416,NaN,NaN,NaN,NaN,NaN,NaN,NaN,NaN,NaN,NaN,1
2024-08-12T10:17:00-04:00,6.276012769480178,6.276012769480178,6.1951,6.1951,6.263427243923457,6.376706151383515,6.2833037506733715,0,0,19613,19612,0,0,0,0,NaN,NaN,64.47859404028252,NaN,NaN,NaN,6.247674744315346,6.21316247283416,NaN,NaN,NaN,NaN,NaN,NaN,NaN,NaN,NaN,NaN,1,0,0,0,0,NaN,NaN,64.47859404028252,NaN,NaN,NaN,6.247674744315346,6.21316247283416,NaN,NaN,NaN,NaN,NaN,NaN,NaN,NaN,NaN,NaN,1
2024-08-12T10:19:00-04:00,6.235556384740089,6.235556384740089,6.15,6.17,6.24644047230101,6.373550332278423,6.273969119706707,0,1,19613,19612,0,0,0,0,NaN,NaN,64.98785353747769,NaN,NaN,NaN,6.247674744315346,6.21316247283416,NaN,NaN,NaN,NaN,NaN,NaN,NaN,NaN,NaN,NaN,1,0,0,0,0,NaN,NaN,64.98785353747769,NaN,NaN,NaN,6.247674744315346,6.21316247283416,NaN,NaN,NaN,NaN,NaN,NaN,NaN,NaN,NaN,NaN,1
2024-08-12T10:20:00-04:00,6.202778192370045,6.202778192370045,6.15,6.168749999999999,6.2323149318826445,6.370423609648219,6.2662777047020874,0,0,19613,19765,0,0,0,0,NaN,NaN,65.5875680787254,NaN,NaN,NaN,6.247674744315346,6.21316247283416,NaN,NaN,NaN,NaN,NaN,NaN,NaN,NaN,NaN,NaN,1,0,0,0,0,NaN,NaN,65.5875680787254,NaN,NaN,NaN,6.247674744315346,6.21316247283416,NaN,NaN,NaN,NaN,NaN,NaN,NaN,NaN,NaN,NaN,1
2024-08-12T10:21:00-04:00,6.1857640961850215,6.1857640961850215,6.15,6.15,6.2173485806312545,6.367058363699391,6.265330943364073,0,0,19613,19766,0,0,0,0,NaN,NaN,66.52930341206802,NaN,NaN,NaN,6.247674744315346,6.21316247283416,NaN,NaN,NaN,NaN,NaN,NaN,NaN,NaN,NaN,NaN,1,0,0,0,0,NaN,NaN,66.52930341206802,NaN,NaN,NaN,6.247674744315346,6.21316247283416,NaN,NaN,NaN,NaN,NaN,NaN,NaN,NaN,NaN,NaN,1
2024-08-12T10:22:00-04:00,6.167882048092511,6.195,6.167882048092511,6.195,6.213285202334663,6.364431518452072,6.265065598649338,0,0,19613,19767,0,0,0,0,NaN,NaN,67.15690208366789,NaN,NaN,NaN,6.247674744315346,6.21316247283416,NaN,NaN,NaN,NaN,NaN,NaN,NaN,NaN,NaN,NaN,1,0,0,0,0,NaN,NaN,67.15690208366789,NaN,NaN,NaN,6.247674744315346,6.21316247283416,NaN,NaN,NaN,NaN,NaN,NaN,NaN,NaN,NaN,NaN,1
2024-08-12T10:30:00-04:00,6.181441024046256,6.205,6.181441024046256,6.205,6.211778801910179,6.361997449468071,6.26495250418934,0,0,19613,19768,0,0,0,0,NaN,NaN,67.56283109749491,NaN,NaN,NaN,6.247674744315346,6.21316247283416,NaN,NaN,NaN,NaN,NaN,NaN,NaN,NaN,NaN,NaN,1,0,0,0,0,NaN,NaN,67.56283109749491,NaN,NaN,NaN,6.247674744315346,6.21316247283416,NaN,NaN,NaN,NaN,NaN,NaN,NaN,NaN,NaN,NaN,1
2024-08-12T10:36:00-04:00,6.193220512023128,6.193220512023128,6.09,6.1325,6.197364474290146,6.358493671613597,6.2565050935147815,0,1,19613,19769,0,0,0,0,NaN,NaN,68.91831351690615,NaN,NaN,NaN,6.247674744315346,6.21316247283416,NaN,NaN,NaN,NaN,NaN,NaN,NaN,NaN,NaN,NaN,1,0,0,0,0,NaN,NaN,68.91831351690615,NaN,NaN,NaN,6.247674744315346,6.21316247283416,NaN,NaN,NaN,NaN,NaN,NaN,NaN,NaN,NaN,NaN,1
2024-08-12T10:37:00-04:00,6.162860256011564,6.162860256011564,6.1,6.1,6.179661842601028,6.354547203344687,6.256229696985695,0,0,19613,19770,0,0,0,0,NaN,NaN,70.47169941207686,NaN,NaN,NaN,6.247674744315346,6.21316247283416,NaN,NaN,NaN,NaN,NaN,NaN,NaN,NaN,NaN,NaN,1,0,0,0,0,NaN,NaN,70.47169941207686,NaN,NaN,NaN,6.247674744315346,6.21316247283416,NaN,NaN,NaN,NaN,NaN,NaN,NaN,NaN,NaN,NaN,1
2024-08-12T10:38:00-04:00,6.131430128005782,6.18,6.13,6.145,6.173359689400841,6.3513480094004935,6.248437611683849,0,0,19613,19771,0,0,0,0,NaN,NaN,71.67897501096134,NaN,NaN,NaN,6.247674744315346,6.21316247283416,NaN,NaN,NaN,NaN,NaN,NaN,NaN,NaN,NaN,NaN,1,0,0,0,0,NaN,NaN,71.67897501096134,NaN,NaN,NaN,6.247674744315346,6.21316247283416,NaN,NaN,NaN,NaN,NaN,NaN,NaN,NaN,NaN,NaN,1
2024-08-12T10:41:00-04:00,6.138215064002891,6.19,6.138215064002891,6.19,6.17638520041887,6.3488846810126995,6.248152132388863,0,0,19613,19772,0,0,0,0,NaN,NaN,71.91944037006574,NaN,NaN,NaN,6.247674744315346,6.21316247283416,NaN,NaN,NaN,NaN,NaN,NaN,NaN,NaN,NaN,NaN,1,0,0,0,0,NaN,NaN,71.91944037006574,NaN,NaN,NaN,6.247674744315346,6.21316247283416,NaN,NaN,NaN,NaN,NaN,NaN,NaN,NaN,NaN,NaN,1
2024-08-12T10:43:00-04:00,6.164107532001445,6.19,6.164107532001445,6.1786,6.176787891251802,6.346284914890369,6.247257714997589,0,0,19613,19773,0,0,0,0,NaN,NaN,72.28657079972577,NaN,NaN,NaN,6.247674744315346,6.21316247283416,NaN,NaN,NaN,NaN,NaN,NaN,NaN,NaN,NaN,NaN,1,0,0,0,0,NaN,NaN,72.28657079972577,NaN,NaN,NaN,6.247674744315346,6.21316247283416,NaN,NaN,NaN,NaN,NaN,NaN,NaN,NaN,NaN,NaN,1
2024-08-12T10:45:00-04:00,6.171353766000722,6.24,6.171353766000722,6.24,6.188281001933293,6.344662244434027,6.247189186026146,0,0,19613,19774,0,0,0,0,NaN,NaN,71.6730777916465,NaN,NaN,NaN,6.247674744315346,6.21316247283416,NaN,NaN,NaN,NaN,NaN,NaN,NaN,NaN,NaN,NaN,1,0,0,0,0,NaN,NaN,71.6730777916465,NaN,NaN,NaN,6.247674744315346,6.21316247283416,NaN,NaN,NaN,NaN,NaN,NaN,NaN,NaN,NaN,NaN,1
2024-08-12T10:46:00-04:00,6.205676883000361,6.24,6.205676883000361,6.24,6.19768445612724,6.343064347572439,6.247177757022718,0,0,19613,19775,0,0,0,0,NaN,NaN,70.55968734203275,NaN,NaN,NaN,6.247674744315346,6.21316247283416,NaN,NaN,NaN,NaN,NaN,NaN,NaN,NaN,NaN,NaN,1,0,0,0,0,NaN,NaN,70.55968734203275,NaN,NaN,NaN,6.247674744315346,6.21316247283416,NaN,NaN,NaN,NaN,NaN,NaN,NaN,NaN,NaN,NaN,1
2024-08-12T10:47:00-04:00,6.222838441500181,6.24,6.222838441500181,6.24,6.205378191376832,6.341490846082784,6.247143687008529,0,0,19613,19776,0,0,0,0,NaN,NaN,69.25694678279154,NaN,NaN,NaN,6.247674744315346,6.21316247283416,NaN,NaN,NaN,NaN,NaN,NaN,NaN,NaN,NaN,NaN,1,0,0,0,0,NaN,NaN,69.25694678279154,NaN,NaN,NaN,6.247674744315346,6.21316247283416,NaN,NaN,NaN,NaN,NaN,NaN,NaN,NaN,NaN,NaN,1
2024-08-12T10:52:00-04:00,6.231419220750091,6.24,6.231419220750091,6.24,6.211673065671953,6.3399413675166345,6.247132402097848,0,0,19613,19777,0,0,0,0,NaN,NaN,67.64027953744926,NaN,NaN,NaN,6.247674744315346,6.21316247283416,NaN,NaN,NaN,NaN,NaN,NaN,NaN,NaN,NaN,NaN,1,0,0,0,0,NaN,NaN,67.64027953744926,NaN,NaN,NaN,6.247674744315346,6.21316247283416,NaN,NaN,NaN,NaN,NaN,NaN,NaN,NaN,NaN,NaN,1
2024-08-12T10:54:00-04:00,6.235709610375046,6.235709610375046,6.21,6.21,6.211368871913416,6.3379575298446245,6.247073836411527,0,0,19613,19778,0,0,0,0,NaN,NaN,66.33578341701676,NaN,NaN,NaN,6.247674744315346,6.21316247283416,NaN,NaN,NaN,NaN,NaN,NaN,NaN,NaN,NaN,NaN,1,0,0,0,0,NaN,NaN,66.33578341701676,NaN,NaN,NaN,6.247674744315346,6.21316247283416,NaN,NaN,NaN,NaN,NaN,NaN,NaN,NaN,NaN,NaN,1
2024-08-12T10:56:00-04:00,6.222854805187523,6.222854805187523,6.1701,6.1701,6.203865440656432,6.335394819465317,6.246952623498103,0,0,19613,19779,0,0,0,0,NaN,NaN,65.69471231928041,NaN,NaN,NaN,6.247674744315346,6.21316247283416,NaN,NaN,NaN,NaN,NaN,NaN,NaN,NaN,NaN,NaN,1,0,0,0,0,NaN,NaN,65.69471231928041,NaN,NaN,NaN,6.247674744315346,6.21316247283416,NaN,NaN,NaN,NaN,NaN,NaN,NaN,NaN,NaN,NaN,1
2024-08-12T11:04:00-04:00,6.196477402593761,6.23,6.18,6.1975,6.202708087809808,6.333289555045999,6.246212383663214,0,0,19613,19780,0,0,0,0,NaN,NaN,64.55314691623798,NaN,NaN,NaN,6.247674744315346,6.21316247283416,NaN,NaN,NaN,NaN,NaN,NaN,NaN,NaN,NaN,NaN,1,0,0,0,0,NaN,NaN,64.55314691623798,NaN,NaN,NaN,6.247674744315346,6.21316247283416,NaN,NaN,NaN,NaN,NaN,NaN,NaN,NaN,NaN,NaN,1
2024-08-12T11:05:00-04:00,6.19698870129688,6.205,6.19698870129688,6.205,6.2031247991171155,6.331330935884991,6.245801006634112,0,0,19613,19781,0,0,0,0,NaN,NaN,63.08250955429394,NaN,NaN,NaN,6.247674744315346,6.21316247283416,NaN,NaN,NaN,NaN,NaN,NaN,NaN,NaN,NaN,NaN,1,0,0,0,0,NaN,NaN,63.08250955429394,NaN,NaN,NaN,6.247674744315346,6.21316247283416,NaN,NaN,NaN,NaN,NaN,NaN,NaN,NaN,NaN,NaN,1
2024-08-12T11:09:00-04:00,6.20099435064844,6.24,6.20099435064844,6.24,6.209829381095822,6.329936570451633,6.245792111840291,0,0,19613,19782,0,0,0,0,NaN,NaN,60.82782072948745,NaN,NaN,NaN,6.247674744315346,6.21316247283416,NaN,NaN,NaN,NaN,NaN,NaN,NaN,NaN,NaN,NaN,1,0,0,0,0,NaN,NaN,60.82782072948745,NaN,NaN,NaN,6.247674744315346,6.21316247283416,NaN,NaN,NaN,NaN,NaN,NaN,NaN,NaN,NaN,NaN,1
2024-08-12T11:15:00-04:00,6.22049717532422,6.22049717532422,6.2035,6.2035,6.208678584532945,6.32800624113176,6.245727363820081,0,0,19613,19783,0,0,0,0,NaN,NaN,59.247319790167374,NaN,NaN,NaN,6.247674744315346,6.21316247283416,NaN,NaN,NaN,NaN,NaN,NaN,NaN,NaN,NaN,NaN,1,0,0,0,0,NaN,NaN,59.247319790167374,NaN,NaN,NaN,6.247674744315346,6.21316247283416,NaN,NaN,NaN,NaN,NaN,NaN,NaN,NaN,NaN,NaN,1
2024-08-12T11:17:00-04:00,6.21199858766211,6.25,6.21199858766211,6.245,6.2152824782542275,6.3267389702747865,6.245646737044146,0,0,19613,19784,0,0,0,0,NaN,NaN,56.779288866643085,NaN,NaN,NaN,6.247674744315346,6.21316247283416,NaN,NaN,NaN,NaN,NaN,NaN,NaN,NaN,NaN,NaN,1,0,0,0,0,NaN,NaN,56.779288866643085,NaN,NaN,NaN,6.247674744315346,6.21316247283416,NaN,NaN,NaN,NaN,NaN,NaN,NaN,NaN,NaN,NaN,1
2024-08-12T11:18:00-04:00,6.228499293831055,6.3,6.228499293831055,6.3,6.230685664026186,6.326330741720973,6.245720625739183,0,0,19613,19785,0,0,0,0,NaN,NaN,53.00317103791343,NaN,NaN,NaN,6.247674744315346,6.21316247283416,NaN,NaN,NaN,NaN,NaN,NaN,NaN,NaN,NaN,NaN,1,0,0,0,0,NaN,NaN,53.00317103791343,NaN,NaN,NaN,6.247674744315346,6.21316247283416,NaN,NaN,NaN,NaN,NaN,NaN,NaN,NaN,NaN,NaN,1
2024-08-12T11:19:00-04:00,6.264249646915527,6.31,6.264249646915527,6.31,6.245106452385062,6.326081417419889,6.245807889520914,0,0,19613,19786,0,0,0,0,NaN,NaN,48.708636785174654,NaN,NaN,NaN,6.247674744315346,6.21316247283416,NaN,NaN,NaN,NaN,NaN,NaN,NaN,NaN,NaN,NaN,1,0,0,0,0,NaN,NaN,48.708636785174654,NaN,NaN,NaN,6.247674744315346,6.21316247283416,NaN,NaN,NaN,NaN,NaN,NaN,NaN,NaN,NaN,NaN,1
2024-08-12T11:22:00-04:00,6.287124823457763,6.315,6.287124823457763,6.3075,6.256450733769596,6.325797731657754,6.2471771328634205,0,0,19613,19787,0,0,0,0,NaN,NaN,44.45619763434797,NaN,NaN,NaN,6.247674744315346,6.21316247283416,NaN,NaN,NaN,NaN,NaN,NaN,NaN,NaN,NaN,NaN,1,0,0,0,0,NaN,NaN,44.45619763434797,NaN,NaN,NaN,6.247674744315346,6.21316247283416,NaN,NaN,NaN,NaN,NaN,NaN,NaN,NaN,NaN,NaN,1
2024-08-12T11:23:00-04:00,6.297312411728882,6.297312411728882,6.2,6.25375,6.255959691266034,6.324697766288933,6.247601007128133,0,0,19613,19788,0,0,0,0,NaN,NaN,41.73111322477674,NaN,NaN,NaN,6.247674744315346,6.21316247283416,NaN,NaN,NaN,NaN,NaN,NaN,NaN,NaN,NaN,NaN,1,0,0,0,0,NaN,NaN,41.73111322477674,NaN,NaN,NaN,6.247674744315346,6.21316247283416,NaN,NaN,NaN,NaN,NaN,NaN,NaN,NaN,NaN,NaN,1
2024-08-12T11:24:00-04:00,6.275531205864441,6.275531205864441,6.23,6.23,6.251239747399482,6.3232519988646745,6.2475791766923825,0,0,19613,19789,0,0,0,0,NaN,NaN,39.342373432710495,NaN,NaN,NaN,6.247674744315346,6.21316247283416,NaN,NaN,NaN,NaN,NaN,NaN,NaN,NaN,NaN,NaN,1,0,0,0,0,NaN,NaN,39.342373432710495,NaN,NaN,NaN,6.247674744315346,6.21316247283416,NaN,NaN,NaN,NaN,NaN,NaN,NaN,NaN,NaN,NaN,1
2024-08-12T11:25:00-04:00,6.252765602932221,6.26,6.252765602932221,6.26,6.252832520599576,6.322286319492695,6.247608378291429,0,0,19613,19790,0,0,0,0,NaN,NaN,36.20642578795841,NaN,NaN,NaN,6.247674744315346,6.21316247283416,NaN,NaN,NaN,NaN,NaN,NaN,NaN,NaN,NaN,NaN,1,0,0,0,0,NaN,NaN,36.20642578795841,NaN,NaN,NaN,6.247674744315346,6.21316247283416,NaN,NaN,NaN,NaN,NaN,NaN,NaN,NaN,NaN,NaN,1
2024-08-12T11:27:00-04:00,6.25638280146611,6.25638280146611,6.22,6.22,6.246862971399652,6.320724696294333,6.247493391576509,0,0,19613,19791,0,0,0,0,NaN,NaN,34.18798193910641,NaN,NaN,NaN,6.247674744315346,6.21316247283416,NaN,NaN,NaN,NaN,NaN,NaN,NaN,NaN,NaN,NaN,1,0,0,0,0,NaN,NaN,34.18798193910641,NaN,NaN,NaN,6.247674744315346,6.21316247283416,NaN,NaN,NaN,NaN,NaN,NaN,NaN,NaN,NaN,NaN,1
2024-08-12T11:33:00-04:00,6.238191400733054,6.238191400733054,6.195,6.195,6.2374333402360795,6.3188052352822055,6.2474287875058465,0,1,19613,19792,0,0,0,0,NaN,NaN,32.96972236982123,NaN,NaN,NaN,6.247674744315346,6.21316247283416,NaN,NaN,NaN,NaN,NaN,NaN,NaN,NaN,NaN,NaN,1,0,0,0,0,NaN,NaN,32.96972236982123,NaN,NaN,NaN,6.247674744315346,6.21316247283416,NaN,NaN,NaN,NaN,NaN,NaN,NaN,NaN,NaN,NaN,1
2024-08-12T11:40:00-04:00,6.216595700366527,6.2399,6.2,6.21995,6.2342545511022465,6.317295995048889,6.247143313602982,0,0,19613,19793,0,0,0,0,NaN,NaN,31.32421970587831,NaN,NaN,NaN,6.247674744315346,6.21316247283416,NaN,NaN,NaN,NaN,NaN,NaN,NaN,NaN,NaN,NaN,1,0,0,0,0,NaN,NaN,31.32421970587831,NaN,NaN,NaN,6.247674744315346,6.21316247283416,NaN,NaN,NaN,NaN,NaN,NaN,NaN,NaN,NaN,NaN,1
2024-08-12T11:43:00-04:00,6.218272850183263,6.218272850183263,6.2088,6.2088,6.229626450901838,6.315639567643562,6.247096671208049,0,0,19613,19794,0,0,0,0,NaN,NaN,29.59146810796686,NaN,NaN,NaN,6.247674744315346,6.21316247283416,NaN,NaN,NaN,NaN,NaN,NaN,NaN,NaN,NaN,NaN,1,0,0,0,0,NaN,NaN,29.59146810796686,NaN,NaN,NaN,6.247674744315346,6.21316247283416,NaN,NaN,NaN,NaN,NaN,NaN,NaN,NaN,NaN,NaN,1
2024-08-12T11:57:00-04:00,6.213536425091632,6.22,6.1701,6.19505,6.223339823465141,6.313798505542134,6.246409437982403,0,0,19613,19795,0,0,0,0,NaN,NaN,28.155759066517366,NaN,NaN,NaN,6.247674744315346,6.21316247283416,NaN,NaN,NaN,NaN,NaN,NaN,NaN,NaN,NaN,NaN,1,0,0,0,0,NaN,NaN,28.155759066517366,NaN,NaN,NaN,6.247674744315346,6.21316247283416,NaN,NaN,NaN,NaN,NaN,NaN,NaN,NaN,NaN,NaN,1
2024-08-12T11:58:00-04:00,6.2042932125458155,6.2198,6.2042932125458155,6.2198,6.222696219198752,6.3123634138544675,6.246125037704704,0,0,19613,19796,0,0,0,0,NaN,NaN,26.181399603267675,NaN,NaN,NaN,6.247674744315346,6.21316247283416,NaN,NaN,NaN,NaN,NaN,NaN,NaN,NaN,NaN,NaN,1,0,0,0,0,NaN,NaN,26.181399603267675,NaN,NaN,NaN,6.247674744315346,6.21316247283416,NaN,NaN,NaN,NaN,NaN,NaN,NaN,NaN,NaN,NaN,1
2024-08-12T12:00:00-04:00,6.212046606272908,6.22,6.212046606272908,6.22,6.222205997526252,6.310953285398674,6.246032293774481,0,0,19613,19797,0,0,0,0,NaN,NaN,23.797653130460258,NaN,NaN,NaN,6.247674744315346,6.21316247283416,NaN,NaN,NaN,NaN,NaN,NaN,NaN,NaN,NaN,NaN,1,0,0,0,0,NaN,NaN,23.797653130460258,NaN,NaN,NaN,6.247674744315346,6.21316247283416,NaN,NaN,NaN,NaN,NaN,NaN,NaN,NaN,NaN,NaN,1
2024-08-12T12:01:00-04:00,6.2160233031364545,6.2160233031364545,6.1801,6.1801,6.214550361612388,6.308955525316252,6.2457990619878085,0,1,19613,19798,0,0,0,0,NaN,NaN,22.131253921016903,NaN,NaN,NaN,6.247674744315346,6.21316247283416,NaN,NaN,NaN,NaN,NaN,NaN,NaN,NaN,NaN,NaN,1,0,0,0,0,NaN,NaN,22.131253921016903,NaN,NaN,NaN,6.247674744315346,6.21316247283416,NaN,NaN,NaN,NaN,NaN,NaN,NaN,NaN,NaN,NaN,1
2024-08-12T12:02:00-04:00,6.198061651568228,6.228,6.198061651568228,6.228,6.216995750410136,6.307719563097683,6.245721952780126,0,0,19613,19799,0,0,0,0,NaN,NaN,19.31664807944342,NaN,NaN,NaN,6.247674744315346,6.21316247283416,NaN,NaN,NaN,NaN,NaN,NaN,NaN,NaN,NaN,NaN,1,0,0,0,0,NaN,NaN,19.31664807944342,NaN,NaN,NaN,6.247674744315346,6.21316247283416,NaN,NaN,NaN,NaN,NaN,NaN,NaN,NaN,NaN,NaN,1
2024-08-12T12:06:00-04:00,6.213030825784114,6.22,6.213030825784114,6.22,6.217541977608293,6.306380333126726,6.245691789600826,0,0,19613,19800,0,0,0,0,NaN,NaN,16.740530898581,NaN,NaN,NaN,6.247674744315346,6.21316247283416,NaN,NaN,NaN,NaN,NaN,NaN,NaN,NaN,NaN,NaN,1,0,0,0,0,NaN,NaN,16.740530898581,NaN,NaN,NaN,6.247674744315346,6.21316247283416,NaN,NaN,NaN,NaN,NaN,NaN,NaN,NaN,NaN,NaN,1
2024-08-12T12:10:00-04:00,6.216515412892057,6.216515412892057,6.2154,6.2154,6.217152527134058,6.304991320407234,6.245585597013181,0,0,19613,19801,0,0,0,0,NaN,NaN,14.26824570608329,NaN,NaN,NaN,6.247674744315346,6.21316247283416,NaN,NaN,NaN,NaN,NaN,NaN,NaN,NaN,NaN,NaN,1,0,0,0,0,NaN,NaN,14.26824570608329,NaN,NaN,NaN,6.247674744315346,6.21316247283416,NaN,NaN,NaN,NaN,NaN,NaN,NaN,NaN,NaN,NaN,1
2024-08-12T12:12:00-04:00,6.215957706446028,6.22,6.215957706446028,6.22,6.21767024947332,6.303693742996437,6.245451759351824,0,0,19613,19802,0,0,0,0,NaN,NaN,12.053818685965142,NaN,NaN,NaN,6.247674744315346,6.21316247283416,NaN,NaN,NaN,NaN,NaN,NaN,NaN,NaN,NaN,NaN,1,0,0,0,0,NaN,NaN,12.053818685965142,NaN,NaN,NaN,6.247674744315346,6.21316247283416,NaN,NaN,NaN,NaN,NaN,NaN,NaN,NaN,NaN,NaN,1
2024-08-12T12:17:00-04:00,6.2179788532230145,6.2179788532230145,6.12,6.155825,6.206425658659989,6.301436204935422,6.2369878956703895,0,1,19613,19803,0,0,0,0,NaN,NaN,10.930931763607234,NaN,NaN,NaN,6.247674744315346,6.21316247283416,NaN,NaN,NaN,NaN,NaN,NaN,NaN,NaN,NaN,NaN,1,0,0,0,0,NaN,NaN,10.930931763607234,NaN,NaN,NaN,6.247674744315346,6.21316247283416,NaN,NaN,NaN,NaN,NaN,NaN,NaN,NaN,NaN,NaN,1
2024-08-12T12:21:00-04:00,6.186901926611507,6.186901926611507,6.12,6.12,6.1907119025399915,6.298666186539462,6.236864876126481,0,0,19613,19804,0,0,0,0,NaN,NaN,10.067922865741648,NaN,NaN,NaN,6.247674744315346,6.21316247283416,NaN,NaN,NaN,NaN,NaN,NaN,NaN,NaN,NaN,NaN,1,0,0,0,0,NaN,NaN,10.067922865741648,NaN,NaN,NaN,6.247674744315346,6.21316247283416,NaN,NaN,NaN,NaN,NaN,NaN,NaN,NaN,NaN,NaN,1
2024-08-12T12:22:00-04:00,6.153450963305754,6.18,6.15,6.1675,6.186491556623629,6.2966636493403865,6.236286214636537,0,0,19613,19805,0,0,0,0,NaN,NaN,8.471652180868492,NaN,NaN,NaN,6.247674744315346,6.21316247283416,NaN,NaN,NaN,NaN,NaN,NaN,NaN,NaN,NaN,NaN,1,0,0,0,0,NaN,NaN,8.471652180868492,NaN,NaN,NaN,6.247674744315346,6.21316247283416,NaN,NaN,NaN,NaN,NaN,NaN,NaN,NaN,NaN,NaN,1
2024-08-12T12:28:00-04:00,6.1604754816528775,6.1604754816528775,6.135,6.135,6.177129455419333,6.2941955020222125,6.236180704865777,0,1,19613,19806,0,0,0,0,NaN,NaN,7.340520317575437,NaN,NaN,NaN,6.247674744315346,6.21316247283416,NaN,NaN,NaN,NaN,NaN,NaN,NaN,NaN,NaN,NaN,1,0,0,0,0,NaN,NaN,7.340520317575437,NaN,NaN,NaN,6.247674744315346,6.21316247283416,NaN,NaN,NaN,NaN,NaN,NaN,NaN,NaN,NaN,NaN,1
2024-08-12T12:29:00-04:00,6.147737740826439,6.147737740826439,6.135,6.135,6.1694695544339995,6.291765036342484,6.236075414685161,0,0,19613,19807,0,0,0,0,NaN,NaN,6.38319165196711,NaN,NaN,NaN,6.247674744315346,6.21316247283416,NaN,NaN,NaN,NaN,NaN,NaN,NaN,NaN,NaN,NaN,1,0,0,0,0,NaN,NaN,6.38319165196711,NaN,NaN,NaN,6.247674744315346,6.21316247283416,NaN,NaN,NaN,NaN,NaN,NaN,NaN,NaN,NaN,NaN,1
2024-08-12T12:34:00-04:00,6.141368870413219,6.141368870413219,6.135,6.135,6.163202362718727,6.289371677009012,6.235970343409877,0,0,19613,19808,0,0,0,0,NaN,NaN,5.478392477330078,NaN,NaN,NaN,6.247674744315346,6.21316247283416,NaN,NaN,NaN,NaN,NaN,NaN,NaN,NaN,NaN,NaN,1,0,0,0,0,NaN,NaN,5.478392477330078,NaN,NaN,NaN,6.247674744315346,6.21316247283416,NaN,NaN,NaN,NaN,NaN,NaN,NaN,NaN,NaN,NaN,1
2024-08-12T12:51:00-04:00,6.138184435206609,6.14,6.138184435206609,6.14,6.158983751315322,6.287091193390554,6.235870682627704,0,0,19613,19809,0,0,0,0,NaN,NaN,13.2291857294113,NaN,NaN,NaN,6.247674744315346,6.21316247283416,NaN,NaN,NaN,NaN,NaN,NaN,NaN,NaN,NaN,NaN,1,0,0,0,0,NaN,NaN,13.2291857294113,NaN,NaN,NaN,6.247674744315346,6.21316247283416,NaN,NaN,NaN,NaN,NaN,NaN,NaN,NaN,NaN,NaN,1
2024-08-12T12:58:00-04:00,6.139092217603304,6.139092217603304,5.95,6.0525,6.139623069257991,6.283509648453293,6.199757149975398,0,1,19613,19810,0,0,0,0,NaN,NaN,27.42622693656303,NaN,NaN,NaN,6.247674744315346,6.21316247283416,NaN,NaN,NaN,NaN,NaN,NaN,NaN,NaN,NaN,NaN,1,0,0,0,0,NaN,NaN,27.42622693656303,NaN,NaN,NaN,6.247674744315346,6.21316247283416,NaN,NaN,NaN,NaN,NaN,NaN,NaN,NaN,NaN,NaN,1
2024-08-12T13:01:00-04:00,6.095796108801652,6.095796108801652,6.06,6.074999999999999,6.1278734203019924,6.280326295041792,6.198448674123646,0,0,19613,19811,0,0,0,0,NaN,NaN,42.091347655414815,NaN,NaN,NaN,6.247674744315346,6.21316247283416,NaN,NaN,NaN,NaN,NaN,NaN,NaN,NaN,NaN,NaN,1,0,0,0,0,NaN,NaN,42.091347655414815,NaN,NaN,NaN,6.247674744315346,6.21316247283416,NaN,NaN,NaN,NaN,NaN,NaN,NaN,NaN,NaN,NaN,1
2024-08-12T13:02:00-04:00,6.085398054400826,6.09,6.085398054400826,6.09,6.120987343883448,6.277420550079322,6.198201349610162,0,0,19613,19812,0,0,0,0,NaN,NaN,43.219496417359835,NaN,NaN,NaN,6.247674744315346,6.21316247283416,NaN,NaN,NaN,NaN,NaN,NaN,NaN,NaN,NaN,NaN,1,0,0,0,0,NaN,NaN,43.219496417359835,NaN,NaN,NaN,6.247674744315346,6.21316247283416,NaN,NaN,NaN,NaN,NaN,NaN,NaN,NaN,NaN,NaN,1
2024-08-12T13:03:00-04:00,6.087699027200413,6.087699027200413,6.0559,6.066725000000001,6.111121463177367,6.274203824123912,6.197555067753009,0,0,19613,19813,0,0,0,0,NaN,NaN,43.5968121406552,NaN,NaN,NaN,6.247674744315346,6.21316247283416,NaN,NaN,NaN,NaN,NaN,NaN,NaN,NaN,NaN,NaN,1,0,0,0,0,NaN,NaN,43.5968121406552,NaN,NaN,NaN,6.247674744315346,6.21316247283416,NaN,NaN,NaN,NaN,NaN,NaN,NaN,NaN,NaN,NaN,1
2024-08-12T13:06:00-04:00,6.077212013600207,6.1,6.077212013600207,6.1,6.1090993789633,6.271544223755608,6.197475209968812,0,0,19613,19814,0,0,0,0,NaN,NaN,43.382305135887115,NaN,NaN,NaN,6.247674744315346,6.21316247283416,NaN,NaN,NaN,NaN,NaN,NaN,NaN,NaN,NaN,NaN,1,0,0,0,0,NaN,NaN,43.382305135887115,NaN,NaN,NaN,6.247674744315346,6.21316247283416,NaN,NaN,NaN,NaN,NaN,NaN,NaN,NaN,NaN,NaN,1
2024-08-12T13:10:00-04:00,6.088606006800103,6.1,6.088606006800103,6.1,6.107444946424518,6.26892522797308,6.197395482819542,0,0,19613,19815,0,0,0,0,NaN,NaN,43.17042250561664,NaN,NaN,NaN,6.247674744315346,6.21316247283416,NaN,NaN,NaN,NaN,NaN,NaN,NaN,NaN,NaN,NaN,1,0,0,0,0,NaN,NaN,43.17042250561664,NaN,NaN,NaN,6.247674744315346,6.21316247283416,NaN,NaN,NaN,NaN,NaN,NaN,NaN,NaN,NaN,NaN,1
2024-08-12T13:11:00-04:00,6.094303003400052,6.094303003400052,6.01,6.0427,6.095673137983697,6.265471407698682,6.194905635114798,0,1,19613,19816,0,0,0,0,NaN,NaN,43.34536421139767,NaN,NaN,NaN,6.24081274483677,6.21316247283416,NaN,NaN,NaN,NaN,NaN,NaN,NaN,NaN,NaN,NaN,1,0,0,0,0,NaN,NaN,43.34536421139767,NaN,NaN,NaN,6.24081274483677,6.21316247283416,NaN,NaN,NaN,NaN,NaN,NaN,NaN,NaN,NaN,NaN,1
2024-08-12T13:19:00-04:00,6.068501501700026,6.068501501700026,6.06,6.06,6.089187112895752,6.262334439642213,6.194797156061788,0,0,19613,19817,0,0,0,0,NaN,NaN,44.39584976185385,NaN,NaN,NaN,6.1571084178461435,6.21316247283416,NaN,NaN,NaN,NaN,NaN,NaN,NaN,NaN,NaN,NaN,1,0,0,0,0,NaN,NaN,44.39584976185385,NaN,NaN,NaN,6.1571084178461435,6.21316247283416,NaN,NaN,NaN,NaN,NaN,NaN,NaN,NaN,NaN,NaN,1
2024-08-12T13:21:00-04:00,6.064250750850013,6.0699,6.064250750850013,6.0699,6.0856803650965245,6.259396509265996,6.194696805625859,0,0,19613,19818,0,0,0,0,NaN,NaN,46.13436401219606,NaN,NaN,NaN,6.1571084178461435,6.21316247283416,NaN,NaN,NaN,NaN,NaN,NaN,NaN,NaN,NaN,NaN,1,0,0,0,0,NaN,NaN,46.13436401219606,NaN,NaN,NaN,6.1571084178461435,6.21316247283416,NaN,NaN,NaN,NaN,NaN,NaN,NaN,NaN,NaN,NaN,1
2024-08-12T13:25:00-04:00,6.067075375425006,6.067075375425006,6.045,6.04575,6.078420298715338,6.256134730498577,6.194372003599689,0,0,19613,19819,0,0,0,0,NaN,NaN,46.95300144716473,NaN,NaN,NaN,6.1571084178461435,6.21316247283416,NaN,NaN,NaN,NaN,NaN,NaN,NaN,NaN,NaN,NaN,1,0,0,0,0,NaN,NaN,46.95300144716473,NaN,NaN,NaN,6.1571084178461435,6.21316247283416,NaN,NaN,NaN,NaN,NaN,NaN,NaN,NaN,NaN,NaN,1
2024-08-12T13:27:00-04:00,6.056412687712503,6.056412687712503,6.03,6.03,6.069616608039822,6.2526822918650105,6.19420744465713,0,1,19613,19820,0,0,0,0,NaN,NaN,47.637418037587125,NaN,NaN,NaN,6.1571084178461435,6.21316247283416,NaN,NaN,NaN,NaN,NaN,NaN,NaN,NaN,NaN,NaN,1,0,0,0,0,NaN,NaN,47.637418037587125,NaN,NaN,NaN,6.1571084178461435,6.21316247283416,NaN,NaN,NaN,NaN,NaN,NaN,NaN,NaN,NaN,NaN,1
2024-08-12T13:29:00-04:00,6.0432063438562516,6.0432063438562516,6.02,6.025,6.061504497487127,6.249206226340354,6.192989815168214,0,0,19613,19821,0,0,0,1,NaN,NaN,48.364360145300196,NaN,NaN,NaN,6.1571084178461435,6.21316247283416,NaN,NaN,NaN,NaN,NaN,NaN,NaN,NaN,NaN,NaN,1,0,0,0,1,NaN,NaN,48.364360145300196,NaN,NaN,NaN,6.1571084178461435,6.21316247283416,NaN,NaN,NaN,NaN,NaN,NaN,NaN,NaN,NaN,NaN,1
2024-08-12T13:32:00-04:00,6.034103171928126,6.05,6.034103171928126,6.05,6.059412770671286,6.246164909907677,6.1928762076623,0,0,19613,19822,0,0,0,0,NaN,NaN,48.62041285882436,NaN,NaN,NaN,6.1571084178461435,6.21316247283416,NaN,NaN,NaN,NaN,NaN,NaN,NaN,NaN,NaN,NaN,1,0,0,0,0,NaN,NaN,48.62041285882436,NaN,NaN,NaN,6.1571084178461435,6.21316247283416,NaN,NaN,NaN,NaN,NaN,NaN,NaN,NaN,NaN,NaN,1
2024-08-12T13:33:00-04:00,6.042051585964063,6.07,6.042051585964063,6.07,6.061337721458325,6.243475369298399,6.192778658217096,0,0,19613,19823,0,0,0,0,NaN,NaN,48.52357006206166,NaN,NaN,NaN,6.1571084178461435,6.21316247283416,NaN,NaN,NaN,NaN,NaN,NaN,NaN,NaN,NaN,NaN,1,0,0,0,0,NaN,NaN,48.52357006206166,NaN,NaN,NaN,6.1571084178461435,6.21316247283416,NaN,NaN,NaN,NaN,NaN,NaN,NaN,NaN,NaN,NaN,1
2024-08-12T13:34:00-04:00,6.056025792982032,6.056025792982032,6.055,6.055,6.060185408465903,6.2405978827442254,6.192669364722401,0,0,19613,19824,0,0,0,0,NaN,NaN,50.741691079961996,NaN,NaN,NaN,6.1571084178461435,6.21316247283416,NaN,NaN,NaN,NaN,NaN,NaN,NaN,NaN,NaN,NaN,1,0,0,0,0,NaN,NaN,50.741691079961996,NaN,NaN,NaN,6.1571084178461435,6.21316247283416,NaN,NaN,NaN,NaN,NaN,NaN,NaN,NaN,NaN,NaN,1
2024-08-12T13:37:00-04:00,6.055512896491016,6.08,6.055512896491016,6.074999999999999,6.062878970563011,6.238069670793932,6.192482977000388,0,0,19613,19825,0,0,0,0,NaN,NaN,52.491593496295586,NaN,NaN,NaN,6.1571084178461435,6.21316247283416,NaN,NaN,NaN,NaN,NaN,NaN,NaN,NaN,NaN,NaN,1,0,0,0,0,NaN,NaN,52.491593496295586,NaN,NaN,NaN,6.1571084178461435,6.21316247283416,NaN,NaN,NaN,NaN,NaN,NaN,NaN,NaN,NaN,NaN,1
2024-08-12T13:38:00-04:00,6.065256448245508,6.08,6.065256448245508,6.08,6.0659918850061,6.235656393377231,6.192393961246568,0,0,19613,19826,0,0,0,0,NaN,NaN,53.44458064428179,NaN,NaN,NaN,6.1571084178461435,6.21316247283416,NaN,NaN,NaN,NaN,NaN,NaN,NaN,NaN,NaN,NaN,1,0,0,0,0,NaN,NaN,53.44458064428179,NaN,NaN,NaN,6.1571084178461435,6.21316247283416,NaN,NaN,NaN,NaN,NaN,NaN,NaN,NaN,NaN,NaN,1
2024-08-12T13:39:00-04:00,6.072628224122754,6.072628224122754,6.0458,6.0458,6.062320633186809,6.232757822485976,6.192162307506933,0,0,19613,19827,0,0,0,0,NaN,NaN,54.6029326357805,NaN,NaN,NaN,6.1571084178461435,6.21316247283416,NaN,NaN,NaN,NaN,NaN,NaN,NaN,NaN,NaN,NaN,1,0,0,0,0,NaN,NaN,54.6029326357805,NaN,NaN,NaN,6.1571084178461435,6.21316247283416,NaN,NaN,NaN,NaN,NaN,NaN,NaN,NaN,NaN,NaN,1
2024-08-12T13:42:00-04:00,6.059214112061377,6.059214112061377,6.045,6.045,6.059171427152844,6.229891290844968,6.192046123374625,0,0,19613,19828,0,0,0,0,NaN,NaN,54.862280790412576,NaN,NaN,NaN,6.1571084178461435,6.21316247283416,NaN,NaN,NaN,NaN,NaN,NaN,NaN,NaN,NaN,NaN,1,0,0,0,0,NaN,NaN,54.862280790412576,NaN,NaN,NaN,6.1571084178461435,6.21316247283416,NaN,NaN,NaN,NaN,NaN,NaN,NaN,NaN,NaN,NaN,1
2024-08-12T13:45:00-04:00,6.052107056030689,6.06,6.0449,6.052449999999999,6.05794934948869,6.227182263503823,6.190520041893444,0,0,19613,19829,0,0,0,0,NaN,NaN,55.68570842117403,NaN,NaN,NaN,6.1571084178461435,6.21316247283416,NaN,NaN,NaN,NaN,NaN,NaN,NaN,NaN,NaN,NaN,1,0,0,0,0,NaN,NaN,55.68570842117403,NaN,NaN,NaN,6.1571084178461435,6.21316247283416,NaN,NaN,NaN,NaN,NaN,NaN,NaN,NaN,NaN,NaN,1
2024-08-12T13:49:00-04:00,6.052278528015345,6.09,6.052278528015345,6.09,6.063776740490747,6.225087877801474,6.190441610488207,0,0,19613,19830,0,0,0,0,NaN,NaN,54.25305702872131,NaN,NaN,NaN,6.1571084178461435,6.21316247283416,NaN,NaN,NaN,NaN,NaN,NaN,NaN,NaN,NaN,NaN,1,0,0,0,0,NaN,NaN,54.25305702872131,NaN,NaN,NaN,6.1571084178461435,6.21316247283416,NaN,NaN,NaN,NaN,NaN,NaN,NaN,NaN,NaN,NaN,1
2024-08-12T13:52:00-04:00,6.071139264007672,6.071139264007672,6.07,6.07,6.064908242219702,6.22272012394191,6.19034770841942,0,0,19613,19831,0,0,0,0,NaN,NaN,53.585248476884395,NaN,NaN,NaN,6.1571084178461435,6.21316247283416,NaN,NaN,NaN,NaN,NaN,NaN,NaN,NaN,NaN,NaN,1,0,0,0,0,NaN,NaN,53.585248476884395,NaN,NaN,NaN,6.1571084178461435,6.21316247283416,NaN,NaN,NaN,NaN,NaN,NaN,NaN,NaN,NaN,NaN,1
2024-08-12T13:56:00-04:00,6.070569632003837,6.070569632003837,6.04,6.05055,6.062297652725211,6.220091572431347,6.187403913655722,0,0,19613,19832,0,0,0,0,NaN,NaN,53.790312394335885,NaN,NaN,NaN,6.1571084178461435,6.21316247283416,NaN,NaN,NaN,NaN,NaN,NaN,NaN,NaN,NaN,NaN,1,0,0,0,0,NaN,NaN,53.790312394335885,NaN,NaN,NaN,6.1571084178461435,6.21316247283416,NaN,NaN,NaN,NaN,NaN,NaN,NaN,NaN,NaN,NaN,1
2024-08-12T13:58:00-04:00,6.060559816001918,6.060559816001918,6.0234,6.0234,6.0552253522297175,6.217088647661402,6.185572048535117,0,0,19613,19833,0,0,0,0,NaN,NaN,53.688264928600525,NaN,NaN,NaN,6.1571084178461435,6.21316247283416,NaN,NaN,NaN,NaN,NaN,NaN,NaN,NaN,NaN,NaN,1,0,0,0,0,NaN,NaN,53.688264928600525,NaN,NaN,NaN,6.1571084178461435,6.21316247283416,NaN,NaN,NaN,NaN,NaN,NaN,NaN,NaN,NaN,NaN,1
2024-08-12T14:00:00-04:00,6.041979908000959,6.05,6.041979908000959,6.05,6.0542752881879505,6.214537675941381,6.185469808713293,0,0,19613,19834,0,0,0,0,NaN,NaN,53.59446392469521,NaN,NaN,NaN,6.1571084178461435,6.21316247283416,NaN,NaN,NaN,NaN,NaN,NaN,NaN,NaN,NaN,NaN,1,0,0,0,0,NaN,NaN,53.59446392469521,NaN,NaN,NaN,6.1571084178461435,6.21316247283416,NaN,NaN,NaN,NaN,NaN,NaN,NaN,NaN,NaN,NaN,1
2024-08-12T14:04:00-04:00,6.045989954000479,6.0494,6.045989954000479,6.0494,6.053388872153778,6.212016490049146,6.184958660087752,0,0,19613,19835,0,0,0,0,NaN,NaN,55.18513306124666,NaN,NaN,NaN,6.1571084178461435,6.21316247283416,NaN,NaN,NaN,NaN,NaN,NaN,NaN,NaN,NaN,NaN,1,0,0,0,0,NaN,NaN,55.18513306124666,NaN,NaN,NaN,6.1571084178461435,6.21316247283416,NaN,NaN,NaN,NaN,NaN,NaN,NaN,NaN,NaN,NaN,1
2024-08-12T14:08:00-04:00,6.04769497700024,6.05,6.04769497700024,6.05,6.052772713580364,6.209542955849923,6.184857341293674,0,0,19613,19836,0,0,0,0,NaN,NaN,57.604945187974806,NaN,NaN,NaN,6.1571084178461435,6.21316247283416,NaN,NaN,NaN,NaN,NaN,NaN,NaN,NaN,NaN,NaN,1,0,0,0,0,NaN,NaN,57.604945187974806,NaN,NaN,NaN,6.1571084178461435,6.21316247283416,NaN,NaN,NaN,NaN,NaN,NaN,NaN,NaN,NaN,NaN,1
2024-08-12T14:10:00-04:00,6.04884748850012,6.05,6.04884748850012,6.05,6.0522685838384795,6.207107185531603,6.184756174513511,0,0,19613,19837,0,0,0,0,NaN,NaN,59.986432568880474,NaN,NaN,NaN,6.1571084178461435,6.21316247283416,NaN,NaN,NaN,NaN,NaN,NaN,NaN,NaN,NaN,NaN,1,0,0,0,0,NaN,NaN,59.986432568880474,NaN,NaN,NaN,6.1571084178461435,6.21316247283416,NaN,NaN,NaN,NaN,NaN,NaN,NaN,NaN,NaN,NaN,1
2024-08-12T14:14:00-04:00,6.04942374425006,6.05,6.04942374425006,6.05,6.051856114049665,6.204708602546388,6.184655159405406,0,0,19613,19838,0,0,0,0,NaN,NaN,63.10109728366938,NaN,NaN,NaN,6.1571084178461435,6.21316247283416,NaN,NaN,NaN,NaN,NaN,NaN,NaN,NaN,NaN,NaN,1,0,0,0,0,NaN,NaN,63.10109728366938,NaN,NaN,NaN,6.1571084178461435,6.21316247283416,NaN,NaN,NaN,NaN,NaN,NaN,NaN,NaN,NaN,NaN,1
2024-08-12T14:15:00-04:00,6.04971187212503,6.05,6.04971187212503,6.05,6.051518638767908,6.202346639148733,6.184453582843071,0,0,19613,19839,0,0,0,0,NaN,NaN,64.3301751274579,NaN,NaN,NaN,6.1571084178461435,6.21316247283416,NaN,NaN,NaN,NaN,NaN,NaN,NaN,NaN,NaN,NaN,1,0,0,0,0,NaN,NaN,64.3301751274579,NaN,NaN,NaN,6.1571084178461435,6.21316247283416,NaN,NaN,NaN,NaN,NaN,NaN,NaN,NaN,NaN,NaN,1
2024-08-12T14:18:00-04:00,6.0498559360625155,6.07,6.0498559360625155,6.0649999999999995,6.0539697953555605,6.200249743894554,6.179997496559278,0,0,19613,19840,0,0,0,0,NaN,NaN,64.76414187928926,NaN,NaN,NaN,6.1571084178461435,6.21316247283416,NaN,NaN,NaN,NaN,NaN,NaN,NaN,NaN,NaN,NaN,1,0,0,0,0,NaN,NaN,64.76414187928926,NaN,NaN,NaN,6.1571084178461435,6.21316247283416,NaN,NaN,NaN,NaN,NaN,NaN,NaN,NaN,NaN,NaN,1
2024-08-12T14:19:00-04:00,6.0574279680312575,6.08,6.0574279680312575,6.08,6.058702559836368,6.198413869941966,6.179925493235118,0,0,19613,19841,0,0,0,0,NaN,NaN,67.60498338328073,NaN,NaN,NaN,6.1571084178461435,6.21316247283416,NaN,NaN,NaN,NaN,NaN,NaN,NaN,NaN,NaN,NaN,1,0,0,0,0,NaN,NaN,67.60498338328073,NaN,NaN,NaN,6.1571084178461435,6.21316247283416,NaN,NaN,NaN,NaN,NaN,NaN,NaN,NaN,NaN,NaN,1
2024-08-12T14:22:00-04:00,6.068713984015629,6.08,6.068713984015629,6.08,6.062574821684301,6.19660602459934,6.179853593528519,0,0,19613,19842,0,0,0,0,NaN,NaN,72.28067769013828,NaN,NaN,NaN,6.1571084178461435,6.21316247283416,NaN,NaN,NaN,NaN,NaN,NaN,NaN,NaN,NaN,NaN,1,0,0,0,0,NaN,NaN,72.28067769013828,NaN,NaN,NaN,6.1571084178461435,6.21316247283416,NaN,NaN,NaN,NaN,NaN,NaN,NaN,NaN,NaN,NaN,1
2024-08-12T14:25:00-04:00,6.074356992007814,6.08,6.074356992007814,6.08,6.065743035923519,6.194825779948969,6.179781797215971,0,0,19613,19843,0,0,0,0,NaN,NaN,74.50815199459109,NaN,NaN,NaN,6.1571084178461435,6.21316247283416,NaN,NaN,NaN,NaN,NaN,NaN,NaN,NaN,NaN,NaN,1,0,0,0,0,NaN,NaN,74.50815199459109,NaN,NaN,NaN,6.1571084178461435,6.21316247283416,NaN,NaN,NaN,NaN,NaN,NaN,NaN,NaN,NaN,NaN,1
2024-08-12T14:27:00-04:00,6.077178496003907,6.077178496003907,6.06,6.06,6.064698847573788,6.192767371094787,6.1796957340906316,0,0,19613,19844,0,0,0,0,NaN,NaN,75.35356594377357,NaN,NaN,NaN,6.1571084178461435,6.21316247283416,NaN,NaN,NaN,NaN,NaN,NaN,NaN,NaN,NaN,NaN,1,0,0,0,0,NaN,NaN,75.35356594377357,NaN,NaN,NaN,6.1571084178461435,6.21316247283416,NaN,NaN,NaN,NaN,NaN,NaN,NaN,NaN,NaN,NaN,1
2024-08-12T14:28:00-04:00,6.068589248001953,6.0853,6.068589248001953,6.0853,6.068444511651281,6.1911266478719655,6.179425218514247,0,0,19613,19845,0,0,0,0,NaN,NaN,75.73900429479085,NaN,NaN,NaN,6.1571084178461435,6.21316247283416,NaN,NaN,NaN,NaN,NaN,NaN,NaN,NaN,NaN,NaN,1,0,0,0,0,NaN,NaN,75.73900429479085,NaN,NaN,NaN,6.1571084178461435,6.21316247283416,NaN,NaN,NaN,NaN,NaN,NaN,NaN,NaN,NaN,NaN,1
2024-08-12T14:29:00-04:00,6.076944624000976,6.08,6.076944624000976,6.08,6.070545509532866,6.189430057828119,6.17935403729265,0,0,19613,19846,0,0,0,0,NaN,NaN,74.46493128369218,NaN,NaN,NaN,6.1571084178461435,6.21316247283416,NaN,NaN,NaN,NaN,NaN,NaN,NaN,NaN,NaN,NaN,1,0,0,0,0,NaN,NaN,74.46493128369218,NaN,NaN,NaN,6.1571084178461435,6.21316247283416,NaN,NaN,NaN,NaN,NaN,NaN,NaN,NaN,NaN,NaN,1
2024-08-12T14:32:00-04:00,6.078472312000488,6.09,6.078472312000488,6.09,6.074082689617799,6.1879120416780715,6.179290112069768,0,0,19613,19847,0,0,0,0,NaN,NaN,72.72250450022776,NaN,NaN,NaN,6.1571084178461435,6.21316247283416,NaN,NaN,NaN,NaN,NaN,NaN,NaN,NaN,NaN,NaN,1,0,0,0,0,NaN,NaN,72.72250450022776,NaN,NaN,NaN,6.1571084178461435,6.21316247283416,NaN,NaN,NaN,NaN,NaN,NaN,NaN,NaN,NaN,NaN,1
2024-08-12T14:33:00-04:00,6.0842361560002445,6.0842361560002445,6.06,6.0649999999999995,6.072431291505472,6.186035521957796,6.178724657765851,0,0,19613,19848,0,0,0,0,NaN,NaN,71.70690086791308,NaN,NaN,NaN,6.1571084178461435,6.21316247283416,NaN,NaN,NaN,NaN,NaN,NaN,NaN,NaN,NaN,NaN,1,0,0,0,0,NaN,NaN,71.70690086791308,NaN,NaN,NaN,6.1571084178461435,6.21316247283416,NaN,NaN,NaN,NaN,NaN,NaN,NaN,NaN,NaN,NaN,1
2024-08-12T14:35:00-04:00,6.074618078000122,6.074618078000122,6.06,6.06,6.070171056686295,6.1841113155156915,6.178640200712793,0,0,19613,19849,0,0,0,0,NaN,NaN,70.72560379975064,NaN,NaN,NaN,6.1571084178461435,6.21316247283416,NaN,NaN,NaN,NaN,NaN,NaN,NaN,NaN,NaN,NaN,1,0,0,0,0,NaN,NaN,70.72560379975064,NaN,NaN,NaN,6.1571084178461435,6.21316247283416,NaN,NaN,NaN,NaN,NaN,NaN,NaN,NaN,NaN,NaN,1
2024-08-12T14:36:00-04:00,6.067309039000061,6.067309039000061,6.01,6.038349999999999,6.064385410016059,6.181885951920032,6.177452759850185,0,0,19613,19850,0,0,0,0,NaN,NaN,70.82380607506536,NaN,NaN,NaN,6.1571084178461435,6.21316247283416,NaN,NaN,NaN,NaN,NaN,NaN,NaN,NaN,NaN,NaN,1,0,0,0,0,NaN,NaN,70.82380607506536,NaN,NaN,NaN,6.1571084178461435,6.21316247283416,NaN,NaN,NaN,NaN,NaN,NaN,NaN,NaN,NaN,NaN,1
2024-08-12T14:37:00-04:00,6.05282951950003,6.05282951950003,6.03,6.03,6.058133517285866,6.17956708242507,6.1771414021918165,0,1,19613,19851,0,0,0,0,NaN,NaN,72.21801523720328,NaN,NaN,NaN,6.1571084178461435,6.21316247283416,NaN,NaN,NaN,NaN,NaN,NaN,NaN,NaN,NaN,NaN,1,0,0,0,0,NaN,NaN,72.21801523720328,NaN,NaN,NaN,6.1571084178461435,6.21316247283416,NaN,NaN,NaN,NaN,NaN,NaN,NaN,NaN,NaN,NaN,1
2024-08-12T14:42:00-04:00,6.041414759750015,6.041414759750015,5.98,6.017550000000001,6.050754695961164,6.177093539181939,6.1755808263693845,0,0,19613,19852,0,0,0,0,NaN,NaN,72.8743508700613,NaN,NaN,NaN,6.1571084178461435,6.21316247283416,NaN,NaN,NaN,NaN,NaN,NaN,NaN,NaN,NaN,NaN,1,0,0,0,0,NaN,NaN,72.8743508700613,NaN,NaN,NaN,6.1571084178461435,6.21316247283416,NaN,NaN,NaN,NaN,NaN,NaN,NaN,NaN,NaN,NaN,1
2024-08-12T14:46:00-04:00,6.029482379875008,6.04,6.029482379875008,6.035,6.047890205786406,6.174924172171528,6.174652257652444,0,0,19613,19853,0,0,0,0,NaN,NaN,72.84410944443349,NaN,NaN,NaN,6.1571084178461435,6.21316247283416,NaN,NaN,NaN,NaN,NaN,NaN,NaN,NaN,NaN,NaN,1,0,0,0,0,NaN,NaN,72.84410944443349,NaN,NaN,NaN,6.1571084178461435,6.21316247283416,NaN,NaN,NaN,NaN,NaN,NaN,NaN,NaN,NaN,NaN,1
2024-08-12T14:48:00-04:00,6.032241189937504,6.032241189937504,6.0203,6.02515,6.043755622916151,6.172637543588756,6.174033759851343,0,1,19613,19854,0,0,0,0,NaN,NaN,72.28548596650519,NaN,NaN,NaN,6.1571084178461435,6.21316247283416,NaN,NaN,NaN,NaN,NaN,NaN,NaN,NaN,NaN,NaN,1,0,0,0,0,NaN,NaN,72.28548596650519,NaN,NaN,NaN,6.1571084178461435,6.21316247283416,NaN,NaN,NaN,NaN,NaN,NaN,NaN,NaN,NaN,NaN,1
2024-08-12T14:51:00-04:00,6.028695594968752,6.0399,6.028695594968752,6.0399,6.04305460056776,6.170611016205721,6.173941337309053,0,0,19613,19855,0,0,0,0,NaN,NaN,71.8973799239772,NaN,NaN,NaN,6.1571084178461435,6.21316247283416,NaN,NaN,NaN,NaN,NaN,NaN,NaN,NaN,NaN,NaN,1,0,0,0,0,NaN,NaN,71.8973799239772,NaN,NaN,NaN,6.1571084178461435,6.21316247283416,NaN,NaN,NaN,NaN,NaN,NaN,NaN,NaN,NaN,NaN,1
2024-08-12T14:53:00-04:00,6.034297797484376,6.04,6.034297797484376,6.0394000000000005,6.042390127737258,6.1686077945842595,6.172843491030242,0,0,19613,19856,0,0,0,0,NaN,NaN,70.73334129920569,NaN,NaN,NaN,6.1571084178461435,6.21316247283416,NaN,NaN,NaN,NaN,NaN,NaN,NaN,NaN,NaN,NaN,1,0,0,0,0,NaN,NaN,70.73334129920569,NaN,NaN,NaN,6.1571084178461435,6.21316247283416,NaN,NaN,NaN,NaN,NaN,NaN,NaN,NaN,NaN,NaN,1
2024-08-12T14:54:00-04:00,6.036848898742188,6.05,6.036848898742188,6.05,6.043773740875938,6.166796988560073,6.172759595868192,0,0,19613,19857,0,0,0,0,NaN,NaN,69.18033196756606,NaN,NaN,NaN,6.1571084178461435,6.21316247283416,NaN,NaN,NaN,NaN,NaN,NaN,NaN,NaN,NaN,NaN,1,0,0,0,0,NaN,NaN,69.18033196756606,NaN,NaN,NaN,6.1571084178461435,6.21316247283416,NaN,NaN,NaN,NaN,NaN,NaN,NaN,NaN,NaN,NaN,1
2024-08-12T14:56:00-04:00,6.043424449371094,6.043424449371094,6.0359,6.0359,6.042342151625768,6.164798561253812,6.172596223226467,0,0,19613,19858,0,0,0,0,NaN,NaN,68.2903769676665,NaN,NaN,NaN,6.1571084178461435,6.21316247283416,NaN,NaN,NaN,NaN,NaN,NaN,NaN,NaN,NaN,NaN,1,0,0,0,0,NaN,NaN,68.2903769676665,NaN,NaN,NaN,6.1571084178461435,6.21316247283416,NaN,NaN,NaN,NaN,NaN,NaN,NaN,NaN,NaN,NaN,1
2024-08-12T14:58:00-04:00,6.0396622246855465,6.06,6.0396622246855465,6.06,6.045552669511991,6.163198583219402,6.172519470518065,0,0,19613,19859,0,0,0,0,NaN,NaN,66.69619441872497,NaN,NaN,NaN,6.1571084178461435,6.21316247283416,NaN,NaN,NaN,NaN,NaN,NaN,NaN,NaN,NaN,NaN,1,0,0,0,0,NaN,NaN,66.69619441872497,NaN,NaN,NaN,6.1571084178461435,6.21316247283416,NaN,NaN,NaN,NaN,NaN,NaN,NaN,NaN,NaN,NaN,1
2024-08-12T15:03:00-04:00,6.049831112342773,6.0681,6.049831112342773,6.0681,6.049652184146175,6.161746696452694,6.172341825961212,0,0,19613,19860,0,0,0,0,NaN,NaN,64.09378215334105,NaN,NaN,NaN,6.1571084178461435,6.21316247283416,NaN,NaN,NaN,NaN,NaN,NaN,NaN,NaN,NaN,NaN,1,0,0,0,0,NaN,NaN,64.09378215334105,NaN,NaN,NaN,6.1571084178461435,6.21316247283416,NaN,NaN,NaN,NaN,NaN,NaN,NaN,NaN,NaN,NaN,1
2024-08-12T15:06:00-04:00,6.058965556171387,6.06,6.058965556171387,6.06,6.051533605210507,6.160193311774027,6.171960877076976,0,0,19613,19861,0,0,0,0,NaN,NaN,61.755186230599136,NaN,NaN,NaN,6.1571084178461435,6.21316247283416,NaN,NaN,NaN,NaN,NaN,NaN,NaN,NaN,NaN,NaN,1,0,0,0,0,NaN,NaN,61.755186230599136,NaN,NaN,NaN,6.1571084178461435,6.21316247283416,NaN,NaN,NaN,NaN,NaN,NaN,NaN,NaN,NaN,NaN,1
2024-08-12T15:09:00-04:00,6.059482778085693,6.06,6.059482778085693,6.06,6.053072949717687,6.15866364289198,6.171884997119621,0,0,19613,19862,0,0,0,0,NaN,NaN,59.45439592022591,NaN,NaN,NaN,6.1571084178461435,6.21316247283416,NaN,NaN,NaN,NaN,NaN,NaN,NaN,NaN,NaN,NaN,1,0,0,0,0,NaN,NaN,59.45439592022591,NaN,NaN,NaN,6.1571084178461435,6.21316247283416,NaN,NaN,NaN,NaN,NaN,NaN,NaN,NaN,NaN,NaN,1
2024-08-12T15:10:00-04:00,6.059741389042847,6.059741389042847,6.03,6.03,6.048877867950835,6.156699312466149,6.171597100608726,0,0,19613,19863,0,0,0,0,NaN,NaN,58.14862994253439,NaN,NaN,NaN,6.1571084178461435,6.21316247283416,NaN,NaN,NaN,NaN,NaN,NaN,NaN,NaN,NaN,NaN,1,0,0,0,0,NaN,NaN,58.14862994253439,NaN,NaN,NaN,6.1571084178461435,6.21316247283416,NaN,NaN,NaN,NaN,NaN,NaN,NaN,NaN,NaN,NaN,1
2024-08-12T15:12:00-04:00,6.044870694521423,6.044870694521423,6.03,6.035,6.046354619232501,6.154841307695673,6.171118361697109,0,0,19613,19864,0,0,0,0,NaN,NaN,56.77767969072074,NaN,NaN,NaN,6.1571084178461435,6.21316247283416,NaN,NaN,NaN,NaN,NaN,NaN,NaN,NaN,NaN,NaN,1,0,0,0,0,NaN,NaN,56.77767969072074,NaN,NaN,NaN,6.1571084178461435,6.21316247283416,NaN,NaN,NaN,NaN,NaN,NaN,NaN,NaN,NaN,NaN,1
2024-08-12T15:20:00-04:00,6.039935347260712,6.039935347260712,6.0053,6.0053,6.03889014300841,6.152558234295739,6.171006676938102,0,1,19613,19865,0,0,0,0,NaN,NaN,56.081410124487704,NaN,NaN,NaN,6.1571084178461435,6.21316247283416,NaN,NaN,NaN,NaN,NaN,NaN,NaN,NaN,NaN,NaN,1,0,0,0,0,NaN,NaN,56.081410124487704,NaN,NaN,NaN,6.1571084178461435,6.21316247283416,NaN,NaN,NaN,NaN,NaN,NaN,NaN,NaN,NaN,NaN,1
2024-08-12T15:21:00-04:00,6.022617673630355,6.05,6.022617673630355,6.04945,6.040810117006881,6.150984062779774,6.16995156790412,0,0,19613,19866,0,0,0,0,NaN,NaN,53.74488392699279,NaN,NaN,NaN,6.1571084178461435,6.21316247283416,NaN,NaN,NaN,NaN,NaN,NaN,NaN,NaN,NaN,NaN,1,0,0,0,0,NaN,NaN,53.74488392699279,NaN,NaN,NaN,6.1571084178461435,6.21316247283416,NaN,NaN,NaN,NaN,NaN,NaN,NaN,NaN,NaN,NaN,1
2024-08-12T15:24:00-04:00,6.036033836815178,6.06,6.036033836815178,6.06,6.044299186641994,6.149594993119014,6.169731767341908,0,0,19613,19867,0,0,0,0,NaN,NaN,50.853577755002796,NaN,NaN,NaN,6.1571084178461435,6.21316247283416,NaN,NaN,NaN,NaN,NaN,NaN,NaN,NaN,NaN,NaN,1,0,0,0,0,NaN,NaN,50.853577755002796,NaN,NaN,NaN,6.1571084178461435,6.21316247283416,NaN,NaN,NaN,NaN,NaN,NaN,NaN,NaN,NaN,NaN,1
2024-08-12T15:28:00-04:00,6.048016918407589,6.08,6.048016918407589,6.08,6.050790243616177,6.148532474140098,6.169672013884266,0,0,19613,19868,0,0,0,0,NaN,NaN,46.62547664461808,NaN,NaN,NaN,6.1571084178461435,6.21316247283416,NaN,NaN,NaN,NaN,NaN,NaN,NaN,NaN,NaN,NaN,1,0,0,0,0,NaN,NaN,46.62547664461808,NaN,NaN,NaN,6.1571084178461435,6.21316247283416,NaN,NaN,NaN,NaN,NaN,NaN,NaN,NaN,NaN,NaN,1
2024-08-12T15:30:00-04:00,6.064008459203794,6.07,6.064008459203794,6.07,6.054282926595054,6.147333505069257,6.169605685266521,0,0,19613,19869,0,0,0,0,NaN,NaN,42.91199626853343,NaN,NaN,NaN,6.1571084178461435,6.21316247283416,NaN,NaN,NaN,NaN,NaN,NaN,NaN,NaN,NaN,NaN,1,0,0,0,0,NaN,NaN,42.91199626853343,NaN,NaN,NaN,6.1571084178461435,6.21316247283416,NaN,NaN,NaN,NaN,NaN,NaN,NaN,NaN,NaN,NaN,1
2024-08-12T15:33:00-04:00,6.067004229601897,6.07,6.067004229601897,6.07,6.057140576305044,6.146152840869727,6.169539444869323,0,0,19613,19870,0,0,0,0,NaN,NaN,39.21389639790283,NaN,NaN,NaN,6.1571084178461435,6.21316247283416,NaN,NaN,NaN,NaN,NaN,NaN,NaN,NaN,NaN,NaN,1,0,0,0,0,NaN,NaN,39.21389639790283,NaN,NaN,NaN,6.1571084178461435,6.21316247283416,NaN,NaN,NaN,NaN,NaN,NaN,NaN,NaN,NaN,NaN,1
2024-08-12T15:34:00-04:00,6.068502114800949,6.07,6.055,6.0625,6.0581150169768545,6.144875698261028,6.169326317946506,0,0,19613,19871,0,0,0,0,NaN,NaN,35.85657867930077,NaN,NaN,NaN,6.1571084178461435,6.21316247283416,NaN,NaN,NaN,NaN,NaN,NaN,NaN,NaN,NaN,NaN,1,0,0,0,0,NaN,NaN,35.85657867930077,NaN,NaN,NaN,6.1571084178461435,6.21316247283416,NaN,NaN,NaN,NaN,NaN,NaN,NaN,NaN,NaN,NaN,1
2024-08-12T15:35:00-04:00,6.065501057400475,6.065501057400475,6.05,6.05,6.056639559344699,6.143427214318112,6.168931642025535,0,0,19613,19872,0,0,0,0,NaN,NaN,33.125308476550536,NaN,NaN,NaN,6.1571084178461435,6.21316247283416,NaN,NaN,NaN,NaN,NaN,NaN,NaN,NaN,NaN,NaN,1,0,0,0,0,NaN,NaN,33.125308476550536,NaN,NaN,NaN,6.1571084178461435,6.21316247283416,NaN,NaN,NaN,NaN,NaN,NaN,NaN,NaN,NaN,NaN,1
2024-08-12T15:36:00-04:00,6.057750528700238,6.07,6.057750528700238,6.07,6.059068730372935,6.142306188145316,6.168866241323462,0,0,19613,19873,0,0,0,0,NaN,NaN,29.071997146062074,NaN,NaN,NaN,6.1571084178461435,6.21316247283416,NaN,NaN,NaN,NaN,NaN,NaN,NaN,NaN,NaN,NaN,1,0,0,0,0,NaN,NaN,29.071997146062074,NaN,NaN,NaN,6.1571084178461435,6.21316247283416,NaN,NaN,NaN,NaN,NaN,NaN,NaN,NaN,NaN,NaN,1
2024-08-12T15:39:00-04:00,6.063875264350119,6.07,6.063875264350119,6.07,6.061056233941493,6.141202276875922,6.168800927033098,0,0,19613,19874,0,0,0,0,NaN,NaN,25.1585653097188,NaN,NaN,NaN,6.1571084178461435,6.21316247283416,NaN,NaN,NaN,NaN,NaN,NaN,NaN,NaN,NaN,NaN,1,0,0,0,0,NaN,NaN,25.1585653097188,NaN,NaN,NaN,6.1571084178461435,6.21316247283416,NaN,NaN,NaN,NaN,NaN,NaN,NaN,NaN,NaN,NaN,1
2024-08-12T15:41:00-04:00,6.06693763217506,6.07,6.06693763217506,6.07,6.062682373224858,6.140115219213694,6.168735698983298,0,0,19613,19875,0,0,0,0,NaN,NaN,20.73330033671006,NaN,NaN,NaN,6.1571084178461435,6.21316247283416,NaN,NaN,NaN,NaN,NaN,NaN,NaN,NaN,NaN,NaN,1,0,0,0,0,NaN,NaN,20.73330033671006,NaN,NaN,NaN,6.1571084178461435,6.21316247283416,NaN,NaN,NaN,NaN,NaN,NaN,NaN,NaN,NaN,NaN,1
2024-08-12T15:45:00-04:00,6.06846881608753,6.06846881608753,6.06,6.06,6.062194669002157,6.138892086095928,6.168663959391701,0,0,19613,19876,0,0,0,0,NaN,NaN,17.944027798253543,NaN,NaN,NaN,6.1571084178461435,6.21316247283416,NaN,NaN,NaN,NaN,NaN,NaN,NaN,NaN,NaN,NaN,1,0,0,0,0,NaN,NaN,17.944027798253543,NaN,NaN,NaN,6.1571084178461435,6.21316247283416,NaN,NaN,NaN,NaN,NaN,NaN,NaN,NaN,NaN,NaN,1
2024-08-12T15:48:00-04:00,6.064234408043765,6.064234408043765,6.05,6.055,6.060886547365401,6.137611290888357,6.168514174902814,0,0,19613,19877,0,0,0,0,NaN,NaN,14.35275442705912,NaN,NaN,NaN,6.1571084178461435,6.21316247283416,NaN,NaN,NaN,NaN,NaN,NaN,NaN,NaN,NaN,NaN,1,0,0,0,0,NaN,NaN,14.35275442705912,NaN,NaN,NaN,6.1571084178461435,6.21316247283416,NaN,NaN,NaN,NaN,NaN,NaN,NaN,NaN,NaN,NaN,1
2024-08-12T15:49:00-04:00,6.059617204021882,6.059617204021882,6.03,6.04,6.057088993298964,6.136121042172504,6.168147724928386,0,1,19613,19878,0,0,0,0,NaN,NaN,12.156763229822573,NaN,NaN,NaN,6.1571084178461435,6.21316247283416,NaN,NaN,NaN,NaN,NaN,NaN,NaN,NaN,NaN,NaN,1,0,0,0,0,NaN,NaN,12.156763229822573,NaN,NaN,NaN,6.1571084178461435,6.21316247283416,NaN,NaN,NaN,NaN,NaN,NaN,NaN,NaN,NaN,NaN,1
2024-08-12T15:50:00-04:00,6.049808602010941,6.05,6.049808602010941,6.05,6.055800085426426,6.134806217101168,6.168070151309224,0,0,19613,19879,0,0,0,0,NaN,NaN,9.324090229914521,NaN,NaN,NaN,6.1571084178461435,6.21316247283416,NaN,NaN,NaN,NaN,NaN,NaN,NaN,NaN,NaN,NaN,1,0,0,0,0,NaN,NaN,9.324090229914521,NaN,NaN,NaN,6.1571084178461435,6.21316247283416,NaN,NaN,NaN,NaN,NaN,NaN,NaN,NaN,NaN,NaN,1
2024-08-12T15:53:00-04:00,6.049904301005471,6.06,6.049904301005471,6.055,6.055654615348893,6.133587801572906,6.1670402613139546,0,0,19613,19880,0,0,0,0,NaN,NaN,6.248341094225073,NaN,NaN,NaN,6.1571084178461435,6.21316247283416,NaN,NaN,NaN,NaN,NaN,NaN,NaN,NaN,NaN,NaN,1,0,0,0,0,NaN,NaN,6.248341094225073,NaN,NaN,NaN,6.1571084178461435,6.21316247283416,NaN,NaN,NaN,NaN,NaN,NaN,NaN,NaN,NaN,NaN,1
2024-08-12T15:54:00-04:00,6.052452150502735,6.052452150502735,6.05,6.05,6.054626503467277,6.132311651930571,6.166964164293517,0,1,19613,19881,0,0,0,0,NaN,NaN,3.4739392894534857,NaN,NaN,NaN,6.1571084178461435,6.21316247283416,NaN,NaN,NaN,NaN,NaN,NaN,NaN,NaN,NaN,NaN,1,0,0,0,0,NaN,NaN,3.4739392894534857,NaN,NaN,NaN,6.1571084178461435,6.21316247283416,NaN,NaN,NaN,NaN,NaN,NaN,NaN,NaN,NaN,NaN,1
2024-08-12T15:55:00-04:00,6.051226075251368,6.06,6.05,6.055,6.0546944119277715,6.1311313213667455,6.166800611086225,0,0,19613,19882,0,0,0,0,NaN,NaN,3.7819668786446394,NaN,NaN,NaN,6.1571084178461435,6.21316247283416,NaN,NaN,NaN,NaN,NaN,NaN,NaN,NaN,NaN,NaN,1,0,0,0,0,NaN,NaN,3.7819668786446394,NaN,NaN,NaN,6.1571084178461435,6.21316247283416,NaN,NaN,NaN,NaN,NaN,NaN,NaN,NaN,NaN,NaN,1
2024-08-12T15:57:00-04:00,6.053113037625684,6.07,6.053113037625684,6.07,6.057477246122722,6.130198018750459,6.166501762552911,0,0,19613,19883,0,0,0,0,NaN,NaN,2.4411444679525203,NaN,NaN,NaN,6.1571084178461435,6.21316247283416,NaN,NaN,NaN,NaN,NaN,NaN,NaN,NaN,NaN,NaN,1,0,0,0,0,NaN,NaN,2.4411444679525203,NaN,NaN,NaN,6.1571084178461435,6.21316247283416,NaN,NaN,NaN,NaN,NaN,NaN,NaN,NaN,NaN,NaN,1
2024-08-12T15:59:00-04:00,6.061556518812842,6.09,6.06,6.069999999999999,6.059754110464045,6.129278965029078,6.1657082511698675,0,0,19613,19884,0,0,0,0,NaN,NaN,1.0008375681920325,NaN,NaN,NaN,6.1571084178461435,6.21316247283416,NaN,NaN,NaN,NaN,NaN,NaN,NaN,NaN,NaN,NaN,1,0,0,0,0,NaN,NaN,1.0008375681920325,NaN,NaN,NaN,6.1571084178461435,6.21316247283416,NaN,NaN,NaN,NaN,NaN,NaN,NaN,NaN,NaN,NaN,1
2024-08-12T16:00:00-04:00,6.065778259406421,6.07,6.065778259406421,6.07,6.061616999470583,6.128373942662222,6.163170081577944,0,0,19613,19885,0,0,0,0,NaN,NaN,0.49319312747831107,NaN,NaN,NaN,6.1571084178461435,6.21316247283416,NaN,NaN,NaN,NaN,NaN,NaN,NaN,NaN,NaN,NaN,1,0,0,0,0,NaN,NaN,0.49319312747831107,NaN,NaN,NaN,6.1571084178461435,6.21316247283416,NaN,NaN,NaN,NaN,NaN,NaN,NaN,NaN,NaN,NaN,1
2024-08-13T09:30:00-04:00,6.067889129703211,6.3,6.067889129703211,6.207550000000001,6.088150272294113,6.129582737430738,6.207550000000001,0,0,19613,19886,0,0,0,0,NaN,NaN,1.6854659011634243,NaN,NaN,NaN,6.1571084178461435,6.21316247283416,NaN,NaN,NaN,NaN,NaN,NaN,NaN,NaN,NaN,NaN,1,0,0,0,0,NaN,NaN,1.6854659011634243,NaN,NaN,NaN,6.1571084178461435,6.21316247283416,NaN,NaN,NaN,NaN,NaN,NaN,NaN,NaN,NaN,NaN,1
2024-08-13T09:33:00-04:00,6.137719564851606,6.29,6.137719564851606,6.23045,6.11402295005882,6.131122695637902,6.221220358964489,0,0,19613,19887,0,0,0,0,NaN,NaN,6.8535542653426536,NaN,NaN,NaN,6.1571084178461435,6.21316247283416,NaN,NaN,NaN,NaN,NaN,NaN,NaN,NaN,NaN,NaN,1,0,0,0,0,NaN,NaN,6.8535542653426536,NaN,NaN,NaN,6.1571084178461435,6.21316247283416,NaN,NaN,NaN,NaN,NaN,NaN,NaN,NaN,NaN,NaN,1
2024-08-13T09:34:00-04:00,6.184084782425803,6.245,6.184084782425803,6.245,6.137836959139035,6.132861280437323,6.221334235226511,0,0,19613,19888,0,0,0,0,NaN,NaN,10.24498240123099,NaN,NaN,NaN,6.1571084178461435,6.21316247283416,NaN,NaN,NaN,NaN,NaN,NaN,NaN,NaN,NaN,NaN,1,0,0,0,0,NaN,NaN,10.24498240123099,NaN,NaN,NaN,6.1571084178461435,6.21316247283416,NaN,NaN,NaN,NaN,NaN,NaN,NaN,NaN,NaN,NaN,1
2024-08-13T09:35:00-04:00,6.214542391212902,6.24,6.2,6.22375,6.153457512022847,6.134248894476448,6.221616254969969,0,0,19613,19889,0,0,0,0,NaN,NaN,14.059905933230615,NaN,NaN,NaN,6.1571084178461435,6.21316247283416,NaN,NaN,NaN,NaN,NaN,NaN,NaN,NaN,NaN,NaN,1,0,0,0,0,NaN,NaN,14.059905933230615,NaN,NaN,NaN,6.1571084178461435,6.21316247283416,NaN,NaN,NaN,NaN,NaN,NaN,NaN,NaN,NaN,NaN,1
2024-08-13T09:37:00-04:00,6.21914619560645,6.21914619560645,6.04,6.13265,6.149674328018693,6.134224483873754,6.20056760147244,0,0,19613,19890,0,0,0,0,NaN,NaN,16.658626325366672,NaN,NaN,NaN,6.1571084178461435,6.21316247283416,NaN,NaN,NaN,NaN,NaN,NaN,NaN,NaN,NaN,NaN,1,0,0,0,0,NaN,NaN,16.658626325366672,NaN,NaN,NaN,6.1571084178461435,6.21316247283416,NaN,NaN,NaN,NaN,NaN,NaN,NaN,NaN,NaN,NaN,1
2024-08-13T09:38:00-04:00,6.175898097803225,6.175898097803225,6.0713,6.08565,6.1380335411062035,6.133482888700109,6.1969868747067105,0,0,19613,19891,0,0,0,0,NaN,NaN,16.616114360805057,NaN,NaN,NaN,6.1571084178461435,6.21316247283416,NaN,NaN,NaN,NaN,NaN,NaN,NaN,NaN,NaN,NaN,1,0,0,0,0,NaN,NaN,16.616114360805057,NaN,NaN,NaN,6.1571084178461435,6.21316247283416,NaN,NaN,NaN,NaN,NaN,NaN,NaN,NaN,NaN,NaN,1
2024-08-13T09:39:00-04:00,6.130774048901612,6.16,6.130774048901612,6.16,6.142027442723258,6.133887730094,6.196871525027288,0,0,19613,19892,0,0,0,0,NaN,NaN,18.233394208866475,NaN,NaN,NaN,6.1571084178461435,6.21316247283416,NaN,NaN,NaN,NaN,NaN,NaN,NaN,NaN,NaN,NaN,1,0,0,0,0,NaN,NaN,18.233394208866475,NaN,NaN,NaN,6.1571084178461435,6.21316247283416,NaN,NaN,NaN,NaN,NaN,NaN,NaN,NaN,NaN,NaN,1
2024-08-13T09:40:00-04:00,6.145387024450806,6.2,6.145387024450806,6.2,6.152567907682665,6.134897077726153,6.196881251360174,1,0,19893,19892,0,0,0,0,NaN,NaN,20.277363753679992,NaN,NaN,NaN,6.1571084178461435,6.21316247283416,NaN,NaN,NaN,NaN,NaN,NaN,NaN,NaN,NaN,NaN,1,0,0,0,0,NaN,NaN,20.277363753679992,NaN,NaN,NaN,6.1571084178461435,6.21316247283416,NaN,NaN,NaN,NaN,NaN,NaN,NaN,NaN,NaN,NaN,1
2024-08-13T09:41:00-04:00,6.172693512225403,6.2453,6.172693512225403,6.2453,6.169428288103999,6.136582618524227,6.197031317216798,0,0,19893,19892,0,0,0,0,NaN,NaN,23.485309954164645,NaN,NaN,NaN,6.1571084178461435,6.21316247283416,NaN,NaN,NaN,NaN,NaN,NaN,NaN,NaN,NaN,NaN,1,0,0,0,0,NaN,NaN,23.485309954164645,NaN,NaN,NaN,6.1571084178461435,6.21316247283416,NaN,NaN,NaN,NaN,NaN,NaN,NaN,NaN,NaN,NaN,1
2024-08-13T09:42:00-04:00,6.208996756112702,6.21,6.208996756112702,6.21,6.176804962994181,6.137703494577292,6.197229221730505,0,0,19893,19892,0,0,0,0,NaN,NaN,27.1904922580932,NaN,NaN,NaN,6.1571084178461435,6.21316247283416,NaN,NaN,NaN,NaN,NaN,NaN,NaN,NaN,NaN,NaN,1,0,0,0,0,NaN,NaN,27.1904922580932,NaN,NaN,NaN,6.1571084178461435,6.21316247283416,NaN,NaN,NaN,NaN,NaN,NaN,NaN,NaN,NaN,NaN,1
2024-08-13T09:46:00-04:00,6.209498378056351,6.23,6.209498378056351,6.23,6.18647678790433,6.139112601530311,6.197721793176011,0,0,19893,19892,0,0,0,0,NaN,NaN,30.327389307048712,NaN,NaN,NaN,6.1571084178461435,6.21316247283416,NaN,NaN,NaN,NaN,NaN,NaN,NaN,NaN,NaN,NaN,1,0,0,0,0,NaN,NaN,30.327389307048712,NaN,NaN,NaN,6.1571084178461435,6.21316247283416,NaN,NaN,NaN,NaN,NaN,NaN,NaN,NaN,NaN,NaN,1
2024-08-13T09:50:00-04:00,6.2197491890281755,6.23,6.1975,6.213749999999999,6.191435553739907,6.140252103797024,6.198189565153947,0,0,19893,19892,0,0,0,0,NaN,NaN,34.08878697672267,NaN,NaN,NaN,6.1571084178461435,6.21316247283416,NaN,NaN,NaN,NaN,NaN,NaN,NaN,NaN,NaN,NaN,1,0,0,0,0,NaN,NaN,34.08878697672267,NaN,NaN,NaN,6.1571084178461435,6.21316247283416,NaN,NaN,NaN,NaN,NaN,NaN,NaN,NaN,NaN,NaN,1
2024-08-13T09:51:00-04:00,6.216749594514088,6.24,6.216749594514088,6.24,6.200265453059924,6.141774972441344,6.199143460715813,0,0,19893,19892,0,0,0,0,NaN,NaN,38.185243608550614,NaN,NaN,NaN,6.1571084178461435,6.21316247283416,NaN,NaN,NaN,NaN,NaN,NaN,NaN,NaN,NaN,NaN,1,0,0,0,0,NaN,NaN,38.185243608550614,NaN,NaN,NaN,6.1571084178461435,6.21316247283416,NaN,NaN,NaN,NaN,NaN,NaN,NaN,NaN,NaN,NaN,1
2024-08-13T09:52:00-04:00,6.228374797257044,6.2539,6.227,6.24045,6.207571734321756,6.143281461411705,6.202398934716931,0,0,19893,19892,0,0,0,0,NaN,NaN,40.70869648338167,NaN,NaN,NaN,6.1571084178461435,6.21316247283416,NaN,NaN,NaN,NaN,NaN,NaN,NaN,NaN,NaN,NaN,1,0,0,0,0,NaN,NaN,40.70869648338167,NaN,NaN,NaN,6.1571084178461435,6.21316247283416,NaN,NaN,NaN,NaN,NaN,NaN,NaN,NaN,NaN,NaN,1
2024-08-13T09:53:00-04:00,6.234412398628522,6.31,6.234412398628522,6.3,6.224376873535983,6.1456741108558015,6.203275590991929,1,0,19893,19892,0,0,0,0,NaN,NaN,43.00028367674339,NaN,NaN,NaN,6.1571084178461435,6.21316247283416,NaN,NaN,NaN,NaN,NaN,NaN,NaN,NaN,NaN,NaN,1,0,0,0,0,NaN,NaN,43.00028367674339,NaN,NaN,NaN,6.1571084178461435,6.21316247283416,NaN,NaN,NaN,NaN,NaN,NaN,NaN,NaN,NaN,NaN,1
2024-08-13T09:54:00-04:00,6.267206199314261,6.31,6.267206199314261,6.31,6.2399447147112586,6.148182903056476,6.204647017476227,0,0,19893,19892,0,0,0,0,NaN,NaN,45.5035421412221,NaN,NaN,NaN,6.1571084178461435,6.21316247283416,NaN,NaN,NaN,NaN,NaN,NaN,NaN,NaN,NaN,NaN,1,0,0,0,0,NaN,NaN,45.5035421412221,NaN,NaN,NaN,6.1571084178461435,6.21316247283416,NaN,NaN,NaN,NaN,NaN,NaN,NaN,NaN,NaN,NaN,1
2024-08-13T09:56:00-04:00,6.288603099657131,6.288603099657131,6.15,6.1850000000000005,6.229954766581939,6.148744996139583,6.202469902191549,0,0,19893,19892,0,0,0,0,NaN,NaN,48.502544088862564,NaN,NaN,NaN,6.1571084178461435,6.21316247283416,NaN,NaN,NaN,NaN,NaN,NaN,NaN,NaN,NaN,NaN,1,0,0,0,0,NaN,NaN,48.502544088862564,NaN,NaN,NaN,6.1571084178461435,6.21316247283416,NaN,NaN,NaN,NaN,NaN,NaN,NaN,NaN,NaN,NaN,1
2024-08-13T09:58:00-04:00,6.236801549828566,6.2694,6.2,6.2447,6.232635718112495,6.150209958030581,6.204403725550056,0,0,19893,19892,0,0,0,0,NaN,NaN,51.50063426236366,NaN,NaN,NaN,6.1571084178461435,6.21316247283416,NaN,NaN,NaN,NaN,NaN,NaN,NaN,NaN,NaN,NaN,1,0,0,0,0,NaN,NaN,51.50063426236366,NaN,NaN,NaN,6.1571084178461435,6.21316247283416,NaN,NaN,NaN,NaN,NaN,NaN,NaN,NaN,NaN,NaN,1
2024-08-13T10:01:00-04:00,6.240750774914282,6.27,6.175,6.200525000000001,6.226797405728405,6.150978126610267,6.204242956502655,0,0,19893,19892,0,0,0,0,NaN,NaN,53.055148469072535,NaN,NaN,NaN,6.1571084178461435,6.21316247283416,NaN,NaN,NaN,NaN,NaN,NaN,NaN,NaN,NaN,NaN,1,0,0,0,0,NaN,NaN,53.055148469072535,NaN,NaN,NaN,6.1571084178461435,6.21316247283416,NaN,NaN,NaN,NaN,NaN,NaN,NaN,NaN,NaN,NaN,1
2024-08-13T10:02:00-04:00,6.2206378874571415,6.27,6.2206378874571415,6.26685,6.234079695595968,6.152747162845225,6.2046033578212345,0,0,19893,19892,0,0,0,0,NaN,NaN,54.462730246065185,NaN,NaN,NaN,6.1571084178461435,6.21316247283416,NaN,NaN,NaN,NaN,NaN,NaN,NaN,NaN,NaN,NaN,1,0,0,0,0,NaN,NaN,54.462730246065185,NaN,NaN,NaN,6.1571084178461435,6.21316247283416,NaN,NaN,NaN,NaN,NaN,NaN,NaN,NaN,NaN,NaN,1
2024-08-13T10:03:00-04:00,6.243743943728571,6.27,6.243743943728571,6.262899999999999,6.239319750942156,6.154428885549878,6.209176431580963,0,0,19893,19892,0,0,0,0,NaN,NaN,56.53157087392401,NaN,NaN,NaN,6.1571084178461435,6.21316247283416,NaN,NaN,NaN,NaN,NaN,NaN,NaN,NaN,NaN,NaN,1,0,0,0,0,NaN,NaN,56.53157087392401,NaN,NaN,NaN,6.1571084178461435,6.21316247283416,NaN,NaN,NaN,NaN,NaN,NaN,NaN,NaN,NaN,NaN,1
2024-08-13T10:04:00-04:00,6.253321971864285,6.27,6.253321971864285,6.27,6.244897978043582,6.1561933300453,6.209523895553652,0,0,19893,19892,0,0,0,0,NaN,NaN,58.5152076931984,NaN,NaN,NaN,6.1571084178461435,6.21316247283416,NaN,NaN,NaN,NaN,NaN,NaN,NaN,NaN,NaN,NaN,1,0,0,0,0,NaN,NaN,58.5152076931984,NaN,NaN,NaN,6.1571084178461435,6.21316247283416,NaN,NaN,NaN,NaN,NaN,NaN,NaN,NaN,NaN,NaN,1
2024-08-13T10:05:00-04:00,6.261660985932142,6.27,6.261660985932142,6.27,6.249461982035658,6.1579308364568215,6.209638836358453,0,0,19893,19892,0,0,0,0,NaN,NaN,60.41047680797951,NaN,NaN,NaN,6.1571084178461435,6.21316247283416,NaN,NaN,NaN,NaN,NaN,NaN,NaN,NaN,NaN,NaN,1,0,0,0,0,NaN,NaN,60.41047680797951,NaN,NaN,NaN,6.1571084178461435,6.21316247283416,NaN,NaN,NaN,NaN,NaN,NaN,NaN,NaN,NaN,NaN,1
2024-08-13T10:06:00-04:00,6.265830492966071,6.286,6.254,6.27,6.253196167120084,6.1596418160529005,6.210759137754151,0,0,19893,19892,0,0,0,0,NaN,NaN,62.19725268296974,NaN,NaN,NaN,6.1571084178461435,6.21316247283416,NaN,NaN,NaN,NaN,NaN,NaN,NaN,NaN,NaN,NaN,1,0,0,0,0,NaN,NaN,62.19725268296974,NaN,NaN,NaN,6.1571084178461435,6.21316247283416,NaN,NaN,NaN,NaN,NaN,NaN,NaN,NaN,NaN,NaN,1
2024-08-13T10:07:00-04:00,6.267915246483035,6.37,6.267915246483035,6.329375,6.267046864007342,6.162233162372703,6.215766717881836,1,0,19893,19892,0,0,0,0,NaN,NaN,63.97109052199927,NaN,NaN,NaN,6.1571084178461435,6.21316247283416,NaN,NaN,NaN,NaN,NaN,NaN,NaN,NaN,NaN,NaN,1,0,0,0,0,NaN,NaN,63.97109052199927,NaN,NaN,NaN,6.1571084178461435,6.21316247283416,NaN,NaN,NaN,NaN,NaN,NaN,NaN,NaN,NaN,NaN,1
2024-08-13T10:08:00-04:00,6.298645123241517,6.39,6.298645123241517,6.369999999999999,6.285765616006007,6.165405175160906,6.222108003700341,0,0,19893,19892,0,0,0,0,NaN,NaN,65.44700709990353,NaN,NaN,NaN,6.1571084178461435,6.21316247283416,NaN,NaN,NaN,NaN,NaN,NaN,NaN,NaN,NaN,NaN,1,0,0,0,0,NaN,NaN,65.44700709990353,NaN,NaN,NaN,6.1571084178461435,6.21316247283416,NaN,NaN,NaN,NaN,NaN,NaN,NaN,NaN,NaN,NaN,1
2024-08-13T10:09:00-04:00,6.334322561620758,6.335,6.334322561620758,6.335,6.294717322186733,6.167994409127915,6.222301070579584,0,0,19893,19892,0,0,0,0,NaN,NaN,67.56114404890225,NaN,NaN,NaN,6.237582442939628,6.21316247283416,NaN,NaN,NaN,NaN,NaN,NaN,NaN,NaN,NaN,NaN,1,0,0,0,0,NaN,NaN,67.56114404890225,NaN,NaN,NaN,6.237582442939628,6.21316247283416,NaN,NaN,NaN,NaN,NaN,NaN,NaN,NaN,NaN,NaN,1
2024-08-13T10:10:00-04:00,6.334661280810379,6.335,6.334661280810379,6.335,6.302041445425509,6.170544112805351,6.224661702163285,0,0,19893,19892,0,0,0,0,NaN,NaN,70.0457802112613,NaN,NaN,NaN,6.251078685460516,6.21316247283416,NaN,NaN,NaN,NaN,NaN,NaN,NaN,NaN,NaN,NaN,1,0,0,0,0,NaN,NaN,70.0457802112613,NaN,NaN,NaN,6.251078685460516,6.21316247283416,NaN,NaN,NaN,NaN,NaN,NaN,NaN,NaN,NaN,NaN,1
2024-08-13T10:11:00-04:00,6.3348306404051895,6.3348306404051895,6.33,6.33,6.307124818984508,6.172978553831224,6.225390347522449,0,0,19893,19892,0,0,0,0,NaN,NaN,72.43006408796792,NaN,NaN,NaN,6.251078685460516,6.21316247283416,NaN,NaN,NaN,NaN,NaN,NaN,NaN,NaN,NaN,NaN,1,0,0,0,0,NaN,NaN,72.43006408796792,NaN,NaN,NaN,6.251078685460516,6.21316247283416,NaN,NaN,NaN,NaN,NaN,NaN,NaN,NaN,NaN,NaN,1
2024-08-13T10:13:00-04:00,6.332415320202594,6.39,6.332415320202594,6.39,6.322193033714597,6.176291858352885,6.225851622477574,1,0,19893,19892,0,0,0,0,NaN,NaN,74.55402411217395,NaN,NaN,NaN,6.287826945937453,6.21316247283416,NaN,NaN,NaN,NaN,NaN,NaN,NaN,NaN,NaN,NaN,1,0,0,0,0,NaN,NaN,74.55402411217395,NaN,NaN,NaN,6.287826945937453,6.21316247283416,NaN,NaN,NaN,NaN,NaN,NaN,NaN,NaN,NaN,NaN,1
2024-08-13T10:18:00-04:00,6.361207660101297,6.37,6.361207660101297,6.37,6.330885209402852,6.1792492345612375,6.226328075162373,0,0,19893,19892,0,0,0,0,NaN,NaN,76.22047585924781,NaN,NaN,NaN,6.287826945937453,6.21316247283416,NaN,NaN,NaN,NaN,NaN,NaN,NaN,NaN,NaN,NaN,1,0,0,0,0,NaN,NaN,76.22047585924781,NaN,NaN,NaN,6.287826945937453,6.21316247283416,NaN,NaN,NaN,NaN,NaN,NaN,NaN,NaN,NaN,NaN,1
2024-08-13T10:20:00-04:00,6.365603830050649,6.365603830050649,6.36,6.36,6.336178807693242,6.182008788232058,6.2297065868745785,0,0,19893,19892,0,0,0,0,NaN,NaN,78.4893016342786,NaN,NaN,NaN,6.287826945937453,6.21316247283416,NaN,NaN,NaN,NaN,NaN,NaN,NaN,NaN,NaN,NaN,1,0,0,0,0,NaN,NaN,78.4893016342786,NaN,NaN,NaN,6.287826945937453,6.21316247283416,NaN,NaN,NaN,NaN,NaN,NaN,NaN,NaN,NaN,NaN,1
2024-08-13T10:21:00-04:00,6.362801915025324,6.362801915025324,6.3306,6.35265,6.339173569930835,6.1846139975720265,6.247347960760507,0,0,19893,19892,0,0,0,0,NaN,NaN,80.50649048578698,NaN,NaN,NaN,6.287826945937453,6.21316247283416,NaN,NaN,NaN,NaN,NaN,NaN,NaN,NaN,NaN,NaN,1,0,0,0,0,NaN,NaN,80.50649048578698,NaN,NaN,NaN,6.287826945937453,6.21316247283416,NaN,NaN,NaN,NaN,NaN,NaN,NaN,NaN,NaN,NaN,1
2024-08-13T10:22:00-04:00,6.3577259575126615,6.36,6.32,6.34,6.33932382994341,6.186986302952606,6.249206964387119,0,0,19893,19892,0,0,0,0,NaN,NaN,82.63419571482582,NaN,NaN,NaN,6.287826945937453,6.21316247283416,NaN,NaN,NaN,NaN,NaN,NaN,NaN,NaN,NaN,NaN,1,0,0,0,0,NaN,NaN,82.63419571482582,NaN,NaN,NaN,6.287826945937453,6.21316247283416,NaN,NaN,NaN,NaN,NaN,NaN,NaN,NaN,NaN,NaN,1
2024-08-13T10:24:00-04:00,6.348862978756331,6.348862978756331,6.295,6.295,6.331264951771881,6.188635367029666,6.249875034973421,0,0,19893,19892,0,0,0,0,NaN,NaN,83.5929584894558,NaN,NaN,NaN,6.287826945937453,6.21316247283416,NaN,NaN,NaN,NaN,NaN,NaN,NaN,NaN,NaN,NaN,1,0,0,0,0,NaN,NaN,83.5929584894558,NaN,NaN,NaN,6.287826945937453,6.21316247283416,NaN,NaN,NaN,NaN,NaN,NaN,NaN,NaN,NaN,NaN,1
2024-08-13T10:27:00-04:00,6.321931489378166,6.35,6.295,6.3225,6.329671324176993,6.190679101884175,6.250754445424274,0,0,19893,19892,0,0,0,0,NaN,NaN,84.64870119154962,NaN,NaN,NaN,6.287826945937453,6.21316247283416,NaN,NaN,NaN,NaN,NaN,NaN,NaN,NaN,NaN,NaN,1,0,0,0,0,NaN,NaN,84.64870119154962,NaN,NaN,NaN,6.287826945937453,6.21316247283416,NaN,NaN,NaN,NaN,NaN,NaN,NaN,NaN,NaN,NaN,1
2024-08-13T10:28:00-04:00,6.322215744689083,6.322215744689083,6.2303,6.26265,6.3174856288720855,6.191777894221821,6.251480671552332,0,0,19893,19892,0,0,0,0,NaN,NaN,84.28392073058475,NaN,NaN,NaN,6.287826945937453,6.21316247283416,NaN,NaN,NaN,NaN,NaN,NaN,NaN,NaN,NaN,NaN,1,0,0,0,0,NaN,NaN,84.28392073058475,NaN,NaN,NaN,6.287826945937453,6.21316247283416,NaN,NaN,NaN,NaN,NaN,NaN,NaN,NaN,NaN,NaN,1
2024-08-13T10:29:00-04:00,6.292432872344541,6.36,6.292432872344541,6.36,6.325215514531706,6.1943461706459155,6.251881521110113,0,0,19893,19892,0,0,0,0,NaN,NaN,84.88929837073877,NaN,NaN,NaN,6.287826945937453,6.21316247283416,NaN,NaN,NaN,NaN,NaN,NaN,NaN,NaN,NaN,NaN,1,0,0,0,0,NaN,NaN,84.88929837073877,NaN,NaN,NaN,6.287826945937453,6.21316247283416,NaN,NaN,NaN,NaN,NaN,NaN,NaN,NaN,NaN,NaN,1
2024-08-13T10:30:00-04:00,6.32621643617227,6.32621643617227,6.295,6.295,6.31972178461685,6.195882870330711,6.251934546281836,0,0,19893,19892,0,0,0,0,NaN,NaN,84.54549119745967,NaN,NaN,NaN,6.287826945937453,6.21316247283416,NaN,NaN,NaN,NaN,NaN,NaN,NaN,NaN,NaN,NaN,1,0,0,0,0,NaN,NaN,84.54549119745967,NaN,NaN,NaN,6.287826945937453,6.21316247283416,NaN,NaN,NaN,NaN,NaN,NaN,NaN,NaN,NaN,NaN,1
2024-08-13T10:31:00-04:00,6.310608218086135,6.36,6.297,6.33275,6.32209055105015,6.197972444829478,6.2527082201624795,0,0,19893,19892,0,0,0,0,NaN,NaN,84.83344481750179,NaN,NaN,NaN,6.287826945937453,6.21316247283416,NaN,NaN,NaN,NaN,NaN,NaN,NaN,NaN,NaN,NaN,1,0,0,0,0,NaN,NaN,84.83344481750179,NaN,NaN,NaN,6.287826945937453,6.21316247283416,NaN,NaN,NaN,NaN,NaN,NaN,NaN,NaN,NaN,NaN,1
2024-08-13T10:32:00-04:00,6.3216791090430675,6.33,6.24,6.29875,6.317846814495577,6.199511033458036,6.253642208512822,0,0,19893,19892,0,0,0,0,NaN,NaN,84.41548185101121,NaN,NaN,NaN,6.287826945937453,6.21316247283416,NaN,NaN,NaN,NaN,NaN,NaN,NaN,NaN,NaN,NaN,1,0,0,0,0,NaN,NaN,84.41548185101121,NaN,NaN,NaN,6.287826945937453,6.21316247283416,NaN,NaN,NaN,NaN,NaN,NaN,NaN,NaN,NaN,NaN,1
2024-08-13T10:33:00-04:00,6.310214554521534,6.34,6.29,6.303749999999999,6.315283757314563,6.2011024680617295,6.255177013568381,0,0,19893,19892,0,0,0,0,NaN,NaN,84.16269528482745,NaN,NaN,NaN,6.287826945937453,6.21316247283416,NaN,NaN,NaN,NaN,NaN,NaN,NaN,NaN,NaN,NaN,1,0,0,0,0,NaN,NaN,84.16269528482745,NaN,NaN,NaN,6.287826945937453,6.21316247283416,NaN,NaN,NaN,NaN,NaN,NaN,NaN,NaN,NaN,NaN,1
2024-08-13T10:34:00-04:00,6.306982277260767,6.34,6.306982277260767,6.34,6.319777619621006,6.203223041068421,6.2555589231017255,0,0,19893,19892,0,0,0,0,NaN,NaN,84.30271417265264,NaN,NaN,NaN,6.287826945937453,6.21316247283416,NaN,NaN,NaN,NaN,NaN,NaN,NaN,NaN,NaN,NaN,1,0,0,0,0,NaN,NaN,84.30271417265264,NaN,NaN,NaN,6.287826945937453,6.21316247283416,NaN,NaN,NaN,NaN,NaN,NaN,NaN,NaN,NaN,NaN,1
2024-08-13T10:36:00-04:00,6.323491138630383,6.34,6.286,6.30175,6.316499870599005,6.204727269449056,6.256032720931823,0,0,19893,19892,0,0,0,0,NaN,NaN,83.91251229690981,NaN,NaN,NaN,6.287826945937453,6.21316247283416,NaN,NaN,NaN,NaN,NaN,NaN,NaN,NaN,NaN,NaN,1,0,0,0,0,NaN,NaN,83.91251229690981,NaN,NaN,NaN,6.287826945937453,6.21316247283416,NaN,NaN,NaN,NaN,NaN,NaN,NaN,NaN,NaN,NaN,1
2024-08-13T10:40:00-04:00,6.312620569315191,6.36,6.312620569315191,6.3475,6.322136257762822,6.2069070057933455,6.257469240088847,0,0,19893,19892,0,0,0,0,NaN,NaN,83.91145444592777,NaN,NaN,NaN,6.287826945937453,6.21316247283416,NaN,NaN,NaN,NaN,NaN,NaN,NaN,NaN,NaN,NaN,1,0,0,0,0,NaN,NaN,83.91145444592777,NaN,NaN,NaN,6.287826945937453,6.21316247283416,NaN,NaN,NaN,NaN,NaN,NaN,NaN,NaN,NaN,NaN,1
2024-08-13T10:41:00-04:00,6.330060284657596,6.36,6.330060284657596,6.35995,6.329011483624127,6.209243540056042,6.26088541359417,0,0,19893,19892,0,0,0,0,NaN,NaN,84.25660740888917,NaN,NaN,NaN,6.287826945937453,6.21316247283416,NaN,NaN,NaN,NaN,NaN,NaN,NaN,NaN,NaN,NaN,1,0,0,0,0,NaN,NaN,84.25660740888917,NaN,NaN,NaN,6.287826945937453,6.21316247283416,NaN,NaN,NaN,NaN,NaN,NaN,NaN,NaN,NaN,NaN,1
2024-08-13T10:42:00-04:00,6.345005142328798,6.386,6.345005142328798,6.386,6.339373032056104,6.211942111963584,6.2610209421985346,1,0,19893,19892,0,0,0,0,NaN,NaN,84.8409350053661,NaN,NaN,NaN,6.287826945937453,6.21316247283416,NaN,NaN,NaN,NaN,NaN,NaN,NaN,NaN,NaN,NaN,1,0,0,0,0,NaN,NaN,84.8409350053661,NaN,NaN,NaN,6.287826945937453,6.21316247283416,NaN,NaN,NaN,NaN,NaN,NaN,NaN,NaN,NaN,NaN,1
2024-08-13T10:45:00-04:00,6.365502571164399,6.39,6.3,6.364949999999999,6.344023389864085,6.214278110254216,6.267264135171458,0,0,19893,19892,0,0,0,0,NaN,NaN,85.0299339842034,NaN,NaN,NaN,6.287826945937453,6.21316247283416,NaN,NaN,NaN,NaN,NaN,NaN,NaN,NaN,NaN,NaN,1,0,0,0,0,NaN,NaN,85.0299339842034,NaN,NaN,NaN,6.287826945937453,6.21316247283416,NaN,NaN,NaN,NaN,NaN,NaN,NaN,NaN,NaN,NaN,1
2024-08-13T10:46:00-04:00,6.3652262855821995,6.3652262855821995,6.3393,6.339650000000001,6.343228228070615,6.216192184906824,6.267472841624365,0,0,19893,19892,0,0,0,0,NaN,NaN,84.78097850429069,NaN,NaN,NaN,6.287826945937453,6.21316247283416,NaN,NaN,NaN,NaN,NaN,NaN,NaN,NaN,NaN,NaN,1,0,0,0,0,NaN,NaN,84.78097850429069,NaN,NaN,NaN,6.287826945937453,6.21316247283416,NaN,NaN,NaN,NaN,NaN,NaN,NaN,NaN,NaN,NaN,1
2024-08-13T10:48:00-04:00,6.3524381427911,6.38,6.3524381427911,6.38,6.349914004785048,6.218693067580002,6.267586966531439,1,0,19893,19892,0,0,0,0,NaN,NaN,84.64713498168386,NaN,NaN,NaN,6.287826945937453,6.21316247283416,NaN,NaN,NaN,NaN,NaN,NaN,NaN,NaN,NaN,NaN,1,0,0,0,0,NaN,NaN,84.64713498168386,NaN,NaN,NaN,6.287826945937453,6.21316247283416,NaN,NaN,NaN,NaN,NaN,NaN,NaN,NaN,NaN,NaN,1
2024-08-13T10:50:00-04:00,6.36621907139555,6.38,6.3363,6.358149999999999,6.351411458460493,6.220822181052063,6.2685861574724155,0,0,19893,19892,0,0,0,0,NaN,NaN,84.20462814769904,NaN,NaN,NaN,6.287826945937453,6.21316247283416,NaN,NaN,NaN,NaN,NaN,NaN,NaN,NaN,NaN,NaN,1,0,0,0,0,NaN,NaN,84.20462814769904,NaN,NaN,NaN,6.287826945937453,6.21316247283416,NaN,NaN,NaN,NaN,NaN,NaN,NaN,NaN,NaN,NaN,1
2024-08-13T10:51:00-04:00,6.362184535697775,6.3786,6.34,6.3683,6.3544821023767675,6.223073750806994,6.2693798995024865,0,0,19893,19892,0,0,0,0,NaN,NaN,83.70252416159701,NaN,NaN,NaN,6.287826945937453,6.21316247283416,NaN,NaN,NaN,NaN,NaN,NaN,NaN,NaN,NaN,NaN,1,0,0,0,0,NaN,NaN,83.70252416159701,NaN,NaN,NaN,6.287826945937453,6.21316247283416,NaN,NaN,NaN,NaN,NaN,NaN,NaN,NaN,NaN,NaN,1
2024-08-13T10:52:00-04:00,6.365242267848887,6.365242267848887,6.34,6.350250000000001,6.353712629217355,6.225015372932078,6.270097681459564,0,0,19893,19892,0,0,0,0,NaN,NaN,83.04219910125333,NaN,NaN,NaN,6.287826945937453,6.21316247283416,NaN,NaN,NaN,NaN,NaN,NaN,NaN,NaN,NaN,NaN,1,0,0,0,0,NaN,NaN,83.04219910125333,NaN,NaN,NaN,6.287826945937453,6.21316247283416,NaN,NaN,NaN,NaN,NaN,NaN,NaN,NaN,NaN,NaN,1
2024-08-13T10:55:00-04:00,6.357746133924444,6.357746133924444,6.3187,6.3187,6.347346696632382,6.22644567258197,6.270383577450978,0,0,19893,19892,0,0,0,0,NaN,NaN,81.73924799864909,NaN,NaN,NaN,6.287826945937453,6.21316247283416,NaN,NaN,NaN,NaN,NaN,NaN,NaN,NaN,NaN,NaN,1,0,0,0,0,NaN,NaN,81.73924799864909,NaN,NaN,NaN,6.287826945937453,6.21316247283416,NaN,NaN,NaN,NaN,NaN,NaN,NaN,NaN,NaN,NaN,1
2024-08-13T10:57:00-04:00,6.338223066962222,6.34,6.325,6.3325,6.344647297244676,6.228064822618887,6.2706262197265605,0,0,19893,19892,0,0,0,0,NaN,NaN,80.82511629642485,NaN,NaN,NaN,6.287826945937453,6.21316247283416,NaN,NaN,NaN,NaN,NaN,NaN,NaN,NaN,NaN,NaN,1,0,0,0,0,NaN,NaN,80.82511629642485,NaN,NaN,NaN,6.287826945937453,6.21316247283416,NaN,NaN,NaN,NaN,NaN,NaN,NaN,NaN,NaN,NaN,1
2024-08-13T10:58:00-04:00,6.335361533481111,6.38,6.335361533481111,6.36975,6.349211425018371,6.2302279550979875,6.272541902737074,0,0,19893,19892,0,0,0,0,NaN,NaN,80.37809574519046,NaN,NaN,NaN,6.287826945937453,6.21316247283416,NaN,NaN,NaN,NaN,NaN,NaN,NaN,NaN,NaN,NaN,1,0,0,0,0,NaN,NaN,80.37809574519046,NaN,NaN,NaN,6.287826945937453,6.21316247283416,NaN,NaN,NaN,NaN,NaN,NaN,NaN,NaN,NaN,NaN,1
2024-08-13T10:59:00-04:00,6.352555766740555,6.4,6.34,6.3824749999999995,6.355259347742304,6.232552337462904,6.274715301246665,0,0,19893,19892,0,0,0,0,NaN,NaN,80.0196073313158,NaN,NaN,NaN,6.287826945937453,6.21316247283416,NaN,NaN,NaN,NaN,NaN,NaN,NaN,NaN,NaN,NaN,1,0,0,0,0,NaN,NaN,80.0196073313158,NaN,NaN,NaN,6.287826945937453,6.21316247283416,NaN,NaN,NaN,NaN,NaN,NaN,NaN,NaN,NaN,NaN,1
2024-08-13T11:00:00-04:00,6.367515383370277,6.41,6.367515383370277,6.4025,6.363848557243703,6.235146958264997,6.275549529489664,1,0,19893,19892,0,0,0,0,NaN,NaN,79.77093596338169,NaN,NaN,NaN,6.287826945937453,6.21316247283416,NaN,NaN,NaN,NaN,NaN,NaN,NaN,NaN,NaN,NaN,1,0,0,0,0,NaN,NaN,79.77093596338169,NaN,NaN,NaN,6.287826945937453,6.21316247283416,NaN,NaN,NaN,NaN,NaN,NaN,NaN,NaN,NaN,NaN,1
2024-08-13T11:01:00-04:00,6.385007691685138,6.405,6.35,6.375,6.365876092290303,6.237282119207516,6.280233752355051,0,0,19893,19892,0,0,0,0,NaN,NaN,79.01138361530194,NaN,NaN,NaN,6.287826945937453,6.21316247283416,NaN,NaN,NaN,NaN,NaN,NaN,NaN,NaN,NaN,NaN,1,0,0,0,0,NaN,NaN,79.01138361530194,NaN,NaN,NaN,6.287826945937453,6.21316247283416,NaN,NaN,NaN,NaN,NaN,NaN,NaN,NaN,NaN,NaN,1
2024-08-13T11:03:00-04:00,6.38000384584257,6.39,6.321,6.355499999999999,6.363989530055702,6.239086972349386,6.2836803598080095,0,0,19893,19892,0,0,0,0,NaN,NaN,77.88176184489053,NaN,NaN,NaN,6.287826945937453,6.21316247283416,NaN,NaN,NaN,NaN,NaN,NaN,NaN,NaN,NaN,NaN,1,0,0,0,0,NaN,NaN,77.88176184489053,NaN,NaN,NaN,6.287826945937453,6.21316247283416,NaN,NaN,NaN,NaN,NaN,NaN,NaN,NaN,NaN,NaN,1
2024-08-13T11:04:00-04:00,6.3677519229212844,6.3677519229212844,6.36,6.36,6.363264160954665,6.2409329727715335,6.284002590268862,0,0,19893,19892,0,0,0,0,NaN,NaN,76.75202967441376,NaN,NaN,NaN,6.287826945937453,6.21316247283416,NaN,NaN,NaN,NaN,NaN,NaN,NaN,NaN,NaN,NaN,1,0,0,0,0,NaN,NaN,76.75202967441376,NaN,NaN,NaN,6.287826945937453,6.21316247283416,NaN,NaN,NaN,NaN,NaN,NaN,NaN,NaN,NaN,NaN,1
2024-08-13T11:05:00-04:00,6.363875961460643,6.47,6.363875961460643,6.4288,6.375179768053816,6.243801171660517,6.289119248220131,1,0,19893,19892,0,0,0,0,NaN,NaN,76.56750637570823,NaN,NaN,NaN,6.287826945937453,6.21316247283416,NaN,NaN,NaN,NaN,NaN,NaN,NaN,NaN,NaN,NaN,1,0,0,0,0,NaN,NaN,76.56750637570823,NaN,NaN,NaN,6.287826945937453,6.21316247283416,NaN,NaN,NaN,NaN,NaN,NaN,NaN,NaN,NaN,NaN,1
2024-08-13T11:06:00-04:00,6.396337980730321,6.47,6.396337980730321,6.43375,6.385828901134941,6.2467011537725705,6.290865124897392,0,0,19893,19892,0,0,0,0,NaN,NaN,76.3625016791958,NaN,NaN,NaN,6.287826945937453,6.21316247283416,NaN,NaN,NaN,NaN,NaN,NaN,NaN,NaN,NaN,NaN,1,0,0,0,0,NaN,NaN,76.3625016791958,NaN,NaN,NaN,6.287826945937453,6.21316247283416,NaN,NaN,NaN,NaN,NaN,NaN,NaN,NaN,NaN,NaN,1
2024-08-13T11:09:00-04:00,6.41504399036516,6.5,6.39,6.445,6.39658728274677,6.249728617073752,6.299237034908939,0,0,19893,19892,0,0,0,0,NaN,NaN,76.23084532368163,NaN,NaN,NaN,6.287826945937453,6.21316247283416,NaN,NaN,NaN,NaN,NaN,NaN,NaN,NaN,NaN,NaN,1,0,0,0,0,NaN,NaN,76.23084532368163,NaN,NaN,NaN,6.287826945937453,6.21316247283416,NaN,NaN,NaN,NaN,NaN,NaN,NaN,NaN,NaN,NaN,1
2024-08-13T11:10:00-04:00,6.43002199518258,6.4567,6.43002199518258,6.4567,6.4075168677019025,6.252888485515374,6.299356779519234,0,0,19893,19892,0,0,0,0,NaN,NaN,76.26238288039987,NaN,NaN,NaN,6.287826945937453,6.261253,NaN,NaN,NaN,NaN,NaN,NaN,NaN,NaN,NaN,NaN,1,0,0,0,0,NaN,NaN,76.26238288039987,NaN,NaN,NaN,6.287826945937453,6.261253,NaN,NaN,NaN,NaN,NaN,NaN,NaN,NaN,NaN,NaN,1
2024-08-13T11:11:00-04:00,6.44336099759129,6.46,6.44336099759129,6.46,6.4170592553924655,6.256050493370101,6.3002955814533665,0,0,19893,19892,0,0,0,0,NaN,NaN,76.296681730364,NaN,NaN,NaN,6.3039323295330325,6.268815910000001,NaN,NaN,NaN,NaN,NaN,NaN,NaN,NaN,NaN,NaN,1,0,0,0,0,NaN,NaN,76.296681730364,NaN,NaN,NaN,6.3039323295330325,6.268815910000001,NaN,NaN,NaN,NaN,NaN,NaN,NaN,NaN,NaN,NaN,1
2024-08-13T11:12:00-04:00,6.451680498795644,6.49,6.451680498795644,6.4675,6.426230299866563,6.259278730112542,6.30154894650749,0,0,19893,19892,0,1,0,0,NaN,NaN,76.39385487069185,NaN,NaN,NaN,6.382870311309644,6.2842619554,NaN,NaN,NaN,NaN,NaN,NaN,NaN,NaN,NaN,NaN,1,0,1,0,0,NaN,NaN,76.39385487069185,NaN,NaN,NaN,6.382870311309644,6.2842619554,NaN,NaN,NaN,NaN,NaN,NaN,NaN,NaN,NaN,NaN,1
2024-08-13T11:13:00-04:00,6.459590249397822,6.46,6.459590249397822,6.46,6.4323702453453695,6.2623431769810525,6.302787573424853,0,0,19893,19892,0,0,0,0,NaN,NaN,76.5940045529917,NaN,NaN,NaN,6.382870311309644,6.2842619554,NaN,NaN,NaN,NaN,NaN,NaN,NaN,NaN,NaN,NaN,1,0,0,0,0,NaN,NaN,76.5940045529917,NaN,NaN,NaN,6.382870311309644,6.2842619554,NaN,NaN,NaN,NaN,NaN,NaN,NaN,NaN,NaN,NaN,1
2024-08-13T11:17:00-04:00,6.4597951246989105,6.5,6.43,6.4575,6.436939291646211,6.2653226704622575,6.3107996756249225,0,0,19893,19892,0,0,0,0,NaN,NaN,76.86552360131721,NaN,NaN,NaN,6.382870311309644,6.2842619554,NaN,NaN,NaN,NaN,NaN,NaN,NaN,NaN,NaN,NaN,1,0,0,0,0,NaN,NaN,76.86552360131721,NaN,NaN,NaN,6.382870311309644,6.2842619554,NaN,NaN,NaN,NaN,NaN,NaN,NaN,NaN,NaN,NaN,1
2024-08-13T11:20:00-04:00,6.458647562349455,6.472,6.458647562349455,6.4685,6.442677602255991,6.268424614424666,6.313443119759562,0,0,19893,19892,0,0,0,0,NaN,NaN,77.17449666770581,NaN,NaN,NaN,6.382870311309644,6.301298379414,NaN,NaN,NaN,NaN,NaN,NaN,NaN,NaN,NaN,NaN,1,0,0,0,0,NaN,NaN,77.17449666770581,NaN,NaN,NaN,6.382870311309644,6.301298379414,NaN,NaN,NaN,NaN,NaN,NaN,NaN,NaN,NaN,NaN,1
2024-08-13T11:21:00-04:00,6.463573781174727,6.463573781174727,6.4,6.422499999999999,6.439008947300356,6.2707769103876485,6.317059955104887,0,0,19893,19892,0,0,0,0,NaN,NaN,77.13422545697124,NaN,NaN,NaN,6.382870311309644,6.301298379414,NaN,NaN,NaN,NaN,NaN,NaN,NaN,NaN,NaN,NaN,1,0,0,0,0,NaN,NaN,77.13422545697124,NaN,NaN,NaN,6.382870311309644,6.301298379414,NaN,NaN,NaN,NaN,NaN,NaN,NaN,NaN,NaN,NaN,1
2024-08-13T11:22:00-04:00,6.443036890587363,6.443036890587363,6.36,6.397475,6.431457320518473,6.272711232366463,6.319366303922717,0,0,19893,19892,0,0,0,0,NaN,NaN,76.85150922658353,NaN,NaN,NaN,6.382870311309644,6.301298379414,NaN,NaN,NaN,NaN,NaN,NaN,NaN,NaN,NaN,NaN,1,0,0,0,0,NaN,NaN,76.85150922658353,NaN,NaN,NaN,6.382870311309644,6.301298379414,NaN,NaN,NaN,NaN,NaN,NaN,NaN,NaN,NaN,NaN,1
2024-08-13T11:23:00-04:00,6.420255945293682,6.420255945293682,6.385,6.3925,6.424374171333296,6.27454006851354,6.319745692025365,0,0,19893,19892,0,0,0,0,NaN,NaN,75.85954985744317,NaN,NaN,NaN,6.382870311309644,6.301298379414,NaN,NaN,NaN,NaN,NaN,NaN,NaN,NaN,NaN,NaN,1,0,0,0,0,NaN,NaN,75.85954985744317,NaN,NaN,NaN,6.382870311309644,6.301298379414,NaN,NaN,NaN,NaN,NaN,NaN,NaN,NaN,NaN,NaN,1
2024-08-13T11:26:00-04:00,6.40637797264684,6.43,6.40637797264684,6.425,6.424487958363606,6.276837166704173,6.3204911479325725,0,0,19893,19892,0,0,0,0,NaN,NaN,75.97262054430828,NaN,NaN,NaN,6.382870311309644,6.301298379414,NaN,NaN,NaN,NaN,NaN,NaN,NaN,NaN,NaN,NaN,1,0,0,0,0,NaN,NaN,75.97262054430828,NaN,NaN,NaN,6.382870311309644,6.301298379414,NaN,NaN,NaN,NaN,NaN,NaN,NaN,NaN,NaN,NaN,1
2024-08-13T11:27:00-04:00,6.4156889863234206,6.4527,6.4156889863234206,6.44385,6.428008329570224,6.279386980952964,6.322337532820882,0,0,19893,19892,0,0,0,0,NaN,NaN,76.64320491285318,NaN,NaN,NaN,6.382870311309644,6.301298379414,NaN,NaN,NaN,NaN,NaN,NaN,NaN,NaN,NaN,NaN,1,0,0,0,0,NaN,NaN,76.64320491285318,NaN,NaN,NaN,6.382870311309644,6.301298379414,NaN,NaN,NaN,NaN,NaN,NaN,NaN,NaN,NaN,NaN,1
2024-08-13T11:29:00-04:00,6.429769493161711,6.429769493161711,6.4,6.41,6.424734087830183,6.281381072846812,6.322448586531029,0,0,19893,19892,0,0,0,0,NaN,NaN,76.04759778042165,NaN,NaN,NaN,6.382870311309644,6.301298379414,NaN,NaN,NaN,NaN,NaN,NaN,NaN,NaN,NaN,NaN,1,0,0,0,0,NaN,NaN,76.04759778042165,NaN,NaN,NaN,6.382870311309644,6.301298379414,NaN,NaN,NaN,NaN,NaN,NaN,NaN,NaN,NaN,NaN,1
2024-08-13T11:30:00-04:00,6.4198847465808555,6.4398,6.4198847465808555,6.4398,6.427473344588331,6.2837996824216695,6.322819074785,0,0,19893,19892,0,0,0,0,NaN,NaN,75.77154203246629,NaN,NaN,NaN,6.382870311309644,6.301298379414,NaN,NaN,NaN,NaN,NaN,NaN,NaN,NaN,NaN,NaN,1,0,0,0,0,NaN,NaN,75.77154203246629,NaN,NaN,NaN,6.382870311309644,6.301298379414,NaN,NaN,NaN,NaN,NaN,NaN,NaN,NaN,NaN,NaN,1
2024-08-13T11:31:00-04:00,6.429842373290428,6.44,6.42,6.43,6.427932736481361,6.286031748338896,6.322991370745574,0,0,19893,19892,0,0,0,0,NaN,NaN,76.72534161090621,NaN,NaN,NaN,6.382870311309644,6.301298379414,NaN,NaN,NaN,NaN,NaN,NaN,NaN,NaN,NaN,NaN,1,0,0,0,0,NaN,NaN,76.72534161090621,NaN,NaN,NaN,6.382870311309644,6.301298379414,NaN,NaN,NaN,NaN,NaN,NaN,NaN,NaN,NaN,NaN,1
2024-08-13T11:32:00-04:00,6.429921186645213,6.432,6.429921186645213,6.432,6.428672238939296,6.2882602712650195,6.323606354643982,0,0,19893,19892,0,0,0,0,NaN,NaN,76.31161260523432,NaN,NaN,NaN,6.382870311309644,6.301298379414,NaN,NaN,NaN,NaN,NaN,NaN,NaN,NaN,NaN,NaN,1,0,0,0,0,NaN,NaN,76.31161260523432,NaN,NaN,NaN,6.382870311309644,6.301298379414,NaN,NaN,NaN,NaN,NaN,NaN,NaN,NaN,NaN,NaN,1
2024-08-13T11:33:00-04:00,6.430960593322607,6.44,6.430960593322607,6.44,6.430731831859424,6.290576908344943,6.324114849059781,0,0,19893,19892,0,0,0,0,NaN,NaN,75.79930040791078,NaN,NaN,NaN,6.382870311309644,6.301298379414,NaN,NaN,NaN,NaN,NaN,NaN,NaN,NaN,NaN,NaN,1,0,0,0,0,NaN,NaN,75.79930040791078,NaN,NaN,NaN,6.382870311309644,6.301298379414,NaN,NaN,NaN,NaN,NaN,NaN,NaN,NaN,NaN,NaN,1
2024-08-13T11:34:00-04:00,6.435480296661304,6.49,6.435480296661304,6.465,6.436962407884983,6.2932398563091425,6.3246369541427,0,0,19893,19892,0,0,0,0,NaN,NaN,75.95694971051839,NaN,NaN,NaN,6.382870311309644,6.301298379414,NaN,NaN,NaN,NaN,NaN,NaN,NaN,NaN,NaN,NaN,1,0,0,0,0,NaN,NaN,75.95694971051839,NaN,NaN,NaN,6.382870311309644,6.301298379414,NaN,NaN,NaN,NaN,NaN,NaN,NaN,NaN,NaN,NaN,1
2024-08-13T11:37:00-04:00,6.450240148330652,6.4594,6.450240148330652,6.4594,6.4410419700877135,6.295776652396026,6.324887870597361,0,0,19893,19892,0,0,0,0,NaN,NaN,75.68761764910802,NaN,NaN,NaN,6.382870311309644,6.301298379414,NaN,NaN,NaN,NaN,NaN,NaN,NaN,NaN,NaN,NaN,1,0,0,0,0,NaN,NaN,75.68761764910802,NaN,NaN,NaN,6.382870311309644,6.301298379414,NaN,NaN,NaN,NaN,NaN,NaN,NaN,NaN,NaN,NaN,1
2024-08-13T11:38:00-04:00,6.454820074165326,6.48,6.44,6.4575000000000005,6.444034339162675,6.298245711138072,6.325451713706561,0,0,19893,19892,0,0,0,0,NaN,NaN,75.40252494973421,NaN,NaN,NaN,6.382870311309644,6.301298379414,NaN,NaN,NaN,NaN,NaN,NaN,NaN,NaN,NaN,NaN,1,0,0,0,0,NaN,NaN,75.40252494973421,NaN,NaN,NaN,6.382870311309644,6.301298379414,NaN,NaN,NaN,NaN,NaN,NaN,NaN,NaN,NaN,NaN,1
2024-08-13T11:39:00-04:00,6.456160037082663,6.48,6.456160037082663,6.475,6.449664459314916,6.300944249899322,6.325820483869972,1,0,19893,19892,0,0,0,0,NaN,NaN,75.27328714885194,NaN,NaN,NaN,6.382870311309644,6.32500257388432,NaN,NaN,NaN,NaN,NaN,NaN,NaN,NaN,NaN,NaN,1,0,0,0,0,NaN,NaN,75.27328714885194,NaN,NaN,NaN,6.382870311309644,6.32500257388432,NaN,NaN,NaN,NaN,NaN,NaN,NaN,NaN,NaN,NaN,1
2024-08-13T11:41:00-04:00,6.465580018541331,6.4796,6.465580018541331,6.4796,6.455107284894022,6.303671818603149,6.3261043618049,0,0,19893,19892,0,0,0,0,NaN,NaN,75.2211826352022,NaN,NaN,NaN,6.382870311309644,6.350147187801672,NaN,NaN,NaN,NaN,NaN,NaN,NaN,NaN,NaN,NaN,1,0,0,0,0,NaN,NaN,75.2211826352022,NaN,NaN,NaN,6.382870311309644,6.350147187801672,NaN,NaN,NaN,NaN,NaN,NaN,NaN,NaN,NaN,NaN,1
2024-08-13T11:44:00-04:00,6.472590009270665,6.536,6.47,6.507999999999999,6.464724142186018,6.306791332822948,6.348500259804026,0,0,19893,19892,0,0,0,0,NaN,NaN,75.2650618653543,NaN,NaN,NaN,6.382870311309644,6.3902046939973705,NaN,NaN,NaN,NaN,NaN,NaN,NaN,NaN,NaN,NaN,1,0,0,0,0,NaN,NaN,75.2650618653543,NaN,NaN,NaN,6.382870311309644,6.3902046939973705,NaN,NaN,NaN,NaN,NaN,NaN,NaN,NaN,NaN,NaN,1
2024-08-13T11:45:00-04:00,6.490295004635332,6.55,6.490295004635332,6.55,6.480228843606742,6.310504442245499,6.348825903669624,0,0,19893,19892,0,0,0,0,NaN,NaN,76.07385591814382,NaN,NaN,NaN,6.382870311309644,6.440351708257923,NaN,NaN,NaN,NaN,NaN,NaN,NaN,NaN,NaN,NaN,1,0,0,0,0,NaN,NaN,76.07385591814382,NaN,NaN,NaN,6.382870311309644,6.440351708257923,NaN,NaN,NaN,NaN,NaN,NaN,NaN,NaN,NaN,NaN,1
2024-08-13T11:46:00-04:00,6.520147502317666,6.57,6.5,6.52625,6.488596326587334,6.313798267554728,6.3495360646106285,0,0,19893,19892,0,0,0,0,NaN,NaN,77.41282312376461,NaN,NaN,NaN,6.382870311309644,6.440351708257923,NaN,NaN,NaN,NaN,NaN,NaN,NaN,NaN,NaN,NaN,1,0,0,0,0,NaN,NaN,77.41282312376461,NaN,NaN,NaN,6.382870311309644,6.440351708257923,NaN,NaN,NaN,NaN,NaN,NaN,NaN,NaN,NaN,NaN,1
2024-08-13T11:48:00-04:00,6.523198751158834,6.523198751158834,6.5001,6.5001,6.490687903571455,6.316642568813434,6.349749838729552,0,0,19893,19892,0,0,0,0,NaN,NaN,77.73963683524686,NaN,NaN,NaN,6.382870311309644,6.440351708257923,NaN,NaN,NaN,NaN,NaN,NaN,NaN,NaN,NaN,NaN,1,0,0,0,0,NaN,NaN,77.73963683524686,NaN,NaN,NaN,6.382870311309644,6.440351708257923,NaN,NaN,NaN,NaN,NaN,NaN,NaN,NaN,NaN,NaN,1
2024-08-13T11:50:00-04:00,6.511649375579417,6.57,6.5,6.535,6.498744648376645,6.319976270052924,6.350047122117435,1,0,19893,19892,0,0,0,0,NaN,NaN,77.73004038681441,NaN,NaN,NaN,6.382870311309644,6.440351708257923,NaN,NaN,NaN,NaN,NaN,NaN,NaN,NaN,NaN,NaN,1,0,0,0,0,NaN,NaN,77.73004038681441,NaN,NaN,NaN,6.382870311309644,6.440351708257923,NaN,NaN,NaN,NaN,NaN,NaN,NaN,NaN,NaN,NaN,1
2024-08-13T11:51:00-04:00,6.523324687789708,6.57,6.523324687789708,6.5535,6.508700166853619,6.323541517838375,6.351129646488562,0,0,19893,19892,0,0,0,0,NaN,NaN,77.95666318005202,NaN,NaN,NaN,6.382870311309644,6.468837298276021,NaN,NaN,NaN,NaN,NaN,NaN,NaN,NaN,NaN,NaN,1,0,0,0,0,NaN,NaN,77.95666318005202,NaN,NaN,NaN,6.382870311309644,6.468837298276021,NaN,NaN,NaN,NaN,NaN,NaN,NaN,NaN,NaN,NaN,1
2024-08-13T11:52:00-04:00,6.538412343894854,6.54,6.538412343894854,6.54,6.514391045607507,6.326846227489698,6.351370523107825,0,0,19893,19892,0,0,0,0,NaN,NaN,78.03349416389732,NaN,NaN,NaN,6.439970415773626,6.468837298276021,NaN,NaN,NaN,NaN,NaN,NaN,NaN,NaN,NaN,NaN,1,0,0,0,0,NaN,NaN,78.03349416389732,NaN,NaN,NaN,6.439970415773626,6.468837298276021,NaN,NaN,NaN,NaN,NaN,NaN,NaN,NaN,NaN,NaN,1
2024-08-13T11:53:00-04:00,6.539206171947427,6.548,6.53,6.54025,6.51909267367887,6.330104300352451,6.3527267515721935,0,0,19893,19892,0,0,0,0,NaN,NaN,78.07083383350594,NaN,NaN,NaN,6.457929398528446,6.468837298276021,NaN,NaN,NaN,NaN,NaN,NaN,NaN,NaN,NaN,NaN,1,0,0,0,0,NaN,NaN,78.07083383350594,NaN,NaN,NaN,6.457929398528446,6.468837298276021,NaN,NaN,NaN,NaN,NaN,NaN,NaN,NaN,NaN,NaN,1
2024-08-13T11:55:00-04:00,6.539728085973714,6.5589,6.535,6.546950000000001,6.524157642100893,6.333414921721116,6.353847403537483,0,0,19893,19892,0,0,0,0,NaN,NaN,78.13155594553588,NaN,NaN,NaN,6.464831876535806,6.468837298276021,NaN,NaN,NaN,NaN,NaN,NaN,NaN,NaN,NaN,NaN,1,0,0,0,0,NaN,NaN,78.13155594553588,NaN,NaN,NaN,6.464831876535806,6.468837298276021,NaN,NaN,NaN,NaN,NaN,NaN,NaN,NaN,NaN,NaN,1
2024-08-13T11:56:00-04:00,6.543339042986857,6.543339042986857,6.52,6.52,6.523401707173458,6.336263548870412,6.354021527530338,0,0,19893,19892,0,0,0,0,NaN,NaN,78.03000151882419,NaN,NaN,NaN,6.464831876535806,6.468837298276021,NaN,NaN,NaN,NaN,NaN,NaN,NaN,NaN,NaN,NaN,1,0,0,0,0,NaN,NaN,78.03000151882419,NaN,NaN,NaN,6.464831876535806,6.468837298276021,NaN,NaN,NaN,NaN,NaN,NaN,NaN,NaN,NaN,NaN,1
2024-08-13T11:58:00-04:00,6.531669521493429,6.54,6.5243,6.53215,6.524992305869193,6.339254181712085,6.354301099694471,0,0,19893,19892,0,0,0,0,NaN,NaN,77.98811411170419,NaN,NaN,NaN,6.464831876535806,6.468837298276021,NaN,NaN,NaN,NaN,NaN,NaN,NaN,NaN,NaN,NaN,1,0,0,0,0,NaN,NaN,77.98811411170419,NaN,NaN,NaN,6.464831876535806,6.468837298276021,NaN,NaN,NaN,NaN,NaN,NaN,NaN,NaN,NaN,NaN,1
2024-08-13T11:59:00-04:00,6.531909760746714,6.56,6.531909760746714,6.553699999999999,6.530211886620249,6.342528163670679,6.35461148546296,1,0,19893,19892,0,0,0,0,NaN,NaN,78.87470130905251,NaN,NaN,NaN,6.464831876535806,6.491823227741495,NaN,NaN,NaN,NaN,NaN,NaN,NaN,NaN,NaN,NaN,1,0,0,0,0,NaN,NaN,78.87470130905251,NaN,NaN,NaN,6.464831876535806,6.491823227741495,NaN,NaN,NaN,NaN,NaN,NaN,NaN,NaN,NaN,NaN,1
2024-08-13T12:00:00-04:00,6.542804880373357,6.575,6.5414,6.555700000000001,6.534846089052931,6.345782695523035,6.356904299509424,0,0,19893,19892,0,0,0,0,NaN,NaN,81.04954802778332,NaN,NaN,NaN,6.464831876535806,6.511686259419047,NaN,NaN,NaN,NaN,NaN,NaN,NaN,NaN,NaN,NaN,1,0,0,0,0,NaN,NaN,81.04954802778332,NaN,NaN,NaN,6.464831876535806,6.511686259419047,NaN,NaN,NaN,NaN,NaN,NaN,NaN,NaN,NaN,NaN,1
2024-08-13T12:01:00-04:00,6.549252440186679,6.5746,6.5207,6.5367,6.53518316377058,6.348697463530318,6.358614800265971,0,0,19893,19892,0,0,0,0,NaN,NaN,81.85041531883655,NaN,NaN,NaN,6.464831876535806,6.511686259419047,NaN,NaN,NaN,NaN,NaN,NaN,NaN,NaN,NaN,NaN,1,0,0,0,0,NaN,NaN,81.85041531883655,NaN,NaN,NaN,6.464831876535806,6.511686259419047,NaN,NaN,NaN,NaN,NaN,NaN,NaN,NaN,NaN,NaN,1
2024-08-13T12:02:00-04:00,6.5429762200933395,6.565,6.5401,6.55255,6.538340770357747,6.351809715995504,6.35891192788928,0,0,19893,19892,0,0,0,0,NaN,NaN,82.68014769857508,NaN,NaN,NaN,6.464831876535806,6.511686259419047,NaN,NaN,NaN,NaN,NaN,NaN,NaN,NaN,NaN,NaN,1,0,0,0,0,NaN,NaN,82.68014769857508,NaN,NaN,NaN,6.464831876535806,6.511686259419047,NaN,NaN,NaN,NaN,NaN,NaN,NaN,NaN,NaN,NaN,1
2024-08-13T12:03:00-04:00,6.54776311004667,6.59,6.54776311004667,6.59,6.54773335756543,6.355446208881069,6.359147720014285,1,0,19893,19892,0,0,0,0,NaN,NaN,83.31699887712229,NaN,NaN,NaN,6.464831876535806,6.549020293810761,NaN,NaN,NaN,NaN,NaN,NaN,NaN,NaN,NaN,NaN,1,0,0,0,0,NaN,NaN,83.31699887712229,NaN,NaN,NaN,6.464831876535806,6.549020293810761,NaN,NaN,NaN,NaN,NaN,NaN,NaN,NaN,NaN,NaN,1
2024-08-13T12:04:00-04:00,6.568881555023335,6.575,6.568881555023335,6.575,6.55269092891717,6.358798175157694,6.359285286154944,0,0,19893,19892,0,0,0,0,NaN,NaN,85.88907880290901,NaN,NaN,NaN,6.464831876535806,6.549020293810761,NaN,NaN,NaN,NaN,NaN,NaN,NaN,NaN,NaN,NaN,1,0,0,0,0,NaN,NaN,85.88907880290901,NaN,NaN,NaN,6.464831876535806,6.549020293810761,NaN,NaN,NaN,NaN,NaN,NaN,NaN,NaN,NaN,NaN,1
2024-08-13T12:06:00-04:00,6.571940777511667,6.571940777511667,6.56,6.56,6.55401985093223,6.361869958743073,6.359591822231272,0,0,19893,19892,0,0,0,0,NaN,NaN,87.52916822102615,NaN,NaN,NaN,6.464831876535806,6.549020293810761,NaN,NaN,NaN,NaN,NaN,NaN,NaN,NaN,NaN,NaN,1,0,0,0,0,NaN,NaN,87.52916822102615,NaN,NaN,NaN,6.464831876535806,6.549020293810761,NaN,NaN,NaN,NaN,NaN,NaN,NaN,NaN,NaN,NaN,1
2024-08-13T12:07:00-04:00,6.565970388755833,6.6,6.565970388755833,6.6,6.56237987803546,6.365505531892033,6.359836344496148,1,0,19893,19892,0,0,0,0,NaN,NaN,88.81132689031634,NaN,NaN,NaN,6.464831876535806,6.570572988038887,NaN,NaN,NaN,NaN,NaN,NaN,NaN,NaN,NaN,NaN,1,0,0,0,0,NaN,NaN,88.81132689031634,NaN,NaN,NaN,6.464831876535806,6.570572988038887,NaN,NaN,NaN,NaN,NaN,NaN,NaN,NaN,NaN,NaN,1
2024-08-13T12:08:00-04:00,6.582985194377916,6.6099,6.582985194377916,6.6099,6.571019900210831,6.36923674514559,6.360026956322891,0,0,19893,19892,0,0,0,0,NaN,NaN,89.80672996887692,NaN,NaN,NaN,6.464831876535806,6.588930022703721,NaN,NaN,NaN,NaN,NaN,NaN,NaN,NaN,NaN,NaN,1,0,0,0,0,NaN,NaN,89.80672996887692,NaN,NaN,NaN,6.464831876535806,6.588930022703721,NaN,NaN,NaN,NaN,NaN,NaN,NaN,NaN,NaN,NaN,1
2024-08-13T12:09:00-04:00,6.5964425971889575,6.5964425971889575,6.59,6.59,6.574470827445225,6.372607176517413,6.360143762094624,0,0,19893,19892,0,0,0,0,NaN,NaN,90.49446933575241,NaN,NaN,NaN,6.464831876535806,6.588930022703721,NaN,NaN,NaN,NaN,NaN,NaN,NaN,NaN,NaN,NaN,1,0,0,0,0,NaN,NaN,90.49446933575241,NaN,NaN,NaN,6.464831876535806,6.588930022703721,NaN,NaN,NaN,NaN,NaN,NaN,NaN,NaN,NaN,NaN,1
2024-08-13T12:10:00-04:00,6.593221298594479,6.6551,6.593221298594479,6.6263749999999995,6.583907949727911,6.376481494433177,6.362027499016582,1,0,19893,19892,0,0,0,0,NaN,NaN,90.46395449389279,NaN,NaN,NaN,6.464831876535806,6.609434663168158,NaN,NaN,NaN,NaN,NaN,NaN,NaN,NaN,NaN,NaN,1,0,0,0,0,NaN,NaN,90.46395449389279,NaN,NaN,NaN,6.464831876535806,6.609434663168158,NaN,NaN,NaN,NaN,NaN,NaN,NaN,NaN,NaN,NaN,1
2024-08-13T12:12:00-04:00,6.609798149297239,6.609798149297239,6.595,6.595,6.585924686141018,6.37981765482351,6.362910032681544,0,0,19893,19892,0,0,0,0,NaN,NaN,90.72591917577107,NaN,NaN,NaN,6.464831876535806,6.609434663168158,NaN,NaN,NaN,NaN,NaN,NaN,NaN,NaN,NaN,NaN,1,0,0,0,0,NaN,NaN,90.72591917577107,NaN,NaN,NaN,6.464831876535806,6.609434663168158,NaN,NaN,NaN,NaN,NaN,NaN,NaN,NaN,NaN,NaN,1
2024-08-13T12:13:00-04:00,6.60239907464862,6.60239907464862,6.5949,6.59495,6.587565652297196,6.383102118108647,6.3641276823911,0,0,19893,19892,0,0,0,0,NaN,NaN,90.74708045380233,NaN,NaN,NaN,6.464831876535806,6.609434663168158,NaN,NaN,NaN,NaN,NaN,NaN,NaN,NaN,NaN,NaN,1,0,0,0,0,NaN,NaN,90.74708045380233,NaN,NaN,NaN,6.464831876535806,6.609434663168158,NaN,NaN,NaN,NaN,NaN,NaN,NaN,NaN,NaN,NaN,1
2024-08-13T12:15:00-04:00,6.59867453732431,6.62,6.59867453732431,6.62,6.593462806424979,6.38671887966424,6.364638171223789,1,0,19893,19892,0,0,0,0,NaN,NaN,91.5517595064486,NaN,NaN,NaN,6.506787099555681,6.609434663168158,NaN,NaN,NaN,NaN,NaN,NaN,NaN,NaN,NaN,NaN,1,0,0,0,0,NaN,NaN,91.5517595064486,NaN,NaN,NaN,6.506787099555681,6.609434663168158,NaN,NaN,NaN,NaN,NaN,NaN,NaN,NaN,NaN,NaN,1
2024-08-13T12:17:00-04:00,6.609337268662156,6.609337268662156,6.57,6.593500000000001,6.593469568893164,6.389875843333488,6.371929833526486,0,0,19893,19892,0,0,0,0,NaN,NaN,91.43821507907094,NaN,NaN,NaN,6.513586781555793,6.609434663168158,NaN,NaN,NaN,NaN,NaN,NaN,NaN,NaN,NaN,NaN,1,0,0,0,0,NaN,NaN,91.43821507907094,NaN,NaN,NaN,6.513586781555793,6.609434663168158,NaN,NaN,NaN,NaN,NaN,NaN,NaN,NaN,NaN,NaN,1
2024-08-13T12:18:00-04:00,6.601418634331078,6.601418634331078,6.57,6.57,6.589202374548953,6.392625830458168,6.373061500024006,0,0,19893,19892,0,0,0,0,NaN,NaN,91.20255200125274,NaN,NaN,NaN,6.513586781555793,6.585503125000001,NaN,NaN,NaN,NaN,NaN,NaN,NaN,NaN,NaN,NaN,1,0,0,0,0,NaN,NaN,91.20255200125274,NaN,NaN,NaN,6.513586781555793,6.585503125000001,NaN,NaN,NaN,NaN,NaN,NaN,NaN,NaN,NaN,NaN,1
2024-08-13T12:19:00-04:00,6.58570931716554,6.58570931716554,6.5,6.5230749999999995,6.577179215540053,6.394617420832852,6.380513988470032,0,0,19893,19892,0,0,0,0,NaN,NaN,89.53891114728309,NaN,NaN,NaN,6.513586781555793,6.560871656249999,NaN,NaN,NaN,NaN,NaN,NaN,NaN,NaN,NaN,NaN,1,0,0,0,0,NaN,NaN,89.53891114728309,NaN,NaN,NaN,6.513586781555793,6.560871656249999,NaN,NaN,NaN,NaN,NaN,NaN,NaN,NaN,NaN,NaN,1
2024-08-13T12:20:00-04:00,6.55439215858277,6.55439215858277,6.535,6.535,6.569510267260043,6.39676066631632,6.381215661790087,0,0,19893,19892,0,0,0,0,NaN,NaN,88.16876053646646,NaN,NaN,NaN,6.513586781555793,6.560871656249999,NaN,NaN,NaN,NaN,NaN,NaN,NaN,NaN,NaN,NaN,1,0,0,0,0,NaN,NaN,88.16876053646646,NaN,NaN,NaN,6.513586781555793,6.560871656249999,NaN,NaN,NaN,NaN,NaN,NaN,NaN,NaN,NaN,NaN,1
2024-08-13T12:23:00-04:00,6.544696079291385,6.544696079291385,6.44,6.478775000000001,6.5530129459400355,6.398012793548132,6.38416606752733,0,0,19893,19892,0,0,0,0,NaN,NaN,84.67670089833429,NaN,NaN,NaN,6.513586781555793,6.535124856874999,NaN,NaN,NaN,NaN,NaN,NaN,NaN,NaN,NaN,NaN,1,0,0,0,0,NaN,NaN,84.67670089833429,NaN,NaN,NaN,6.513586781555793,6.535124856874999,NaN,NaN,NaN,NaN,NaN,NaN,NaN,NaN,NaN,NaN,1
2024-08-13T12:26:00-04:00,6.511735539645693,6.55,6.47,6.51,6.545192410314574,6.399722521890908,6.386076496200126,0,0,19893,19892,0,0,0,0,NaN,NaN,82.29944553272614,NaN,NaN,NaN,6.513586781555793,6.535124856874999,NaN,NaN,NaN,NaN,NaN,NaN,NaN,NaN,NaN,NaN,1,0,0,0,0,NaN,NaN,82.29944553272614,NaN,NaN,NaN,6.513586781555793,6.535124856874999,NaN,NaN,NaN,NaN,NaN,NaN,NaN,NaN,NaN,NaN,1
2024-08-13T12:27:00-04:00,6.5108677698228465,6.515,6.48,6.4975000000000005,6.536521062984652,6.401215307816238,6.390575476306434,0,0,19893,19892,0,0,0,0,NaN,NaN,79.47275562711155,NaN,NaN,NaN,6.513586781555793,6.535124856874999,NaN,NaN,NaN,NaN,NaN,NaN,NaN,NaN,NaN,NaN,1,0,0,0,0,NaN,NaN,79.47275562711155,NaN,NaN,NaN,6.513586781555793,6.535124856874999,NaN,NaN,NaN,NaN,NaN,NaN,NaN,NaN,NaN,NaN,1
2024-08-13T12:28:00-04:00,6.5041838849114235,6.515,6.5041838849114235,6.515,6.532608142441988,6.402952478689272,6.390627247809299,0,0,19893,19892,0,0,0,0,NaN,NaN,77.42115957735238,NaN,NaN,NaN,6.513586781555793,6.535124856874999,NaN,NaN,NaN,NaN,NaN,NaN,NaN,NaN,NaN,NaN,1,0,0,0,0,NaN,NaN,77.42115957735238,NaN,NaN,NaN,6.513586781555793,6.535124856874999,NaN,NaN,NaN,NaN,NaN,NaN,NaN,NaN,NaN,NaN,1
2024-08-13T12:29:00-04:00,6.509591942455712,6.5247,6.509591942455712,6.5247,6.531170298361626,6.404811219472642,6.390905598773429,0,0,19893,19892,0,0,0,0,NaN,NaN,76.10115233823292,NaN,NaN,NaN,6.513586781555793,6.535124856874999,NaN,NaN,NaN,NaN,NaN,NaN,NaN,NaN,NaN,NaN,1,0,0,0,0,NaN,NaN,76.10115233823292,NaN,NaN,NaN,6.513586781555793,6.535124856874999,NaN,NaN,NaN,NaN,NaN,NaN,NaN,NaN,NaN,NaN,1
2024-08-13T12:31:00-04:00,6.5171459712278565,6.5171459712278565,6.515,6.515,6.528230244114058,6.406493490931076,6.390957104331477,0,0,19893,19892,0,0,0,0,NaN,NaN,73.90257179775013,NaN,NaN,NaN,6.513586781555793,6.535124856874999,NaN,NaN,NaN,NaN,NaN,NaN,NaN,NaN,NaN,NaN,1,0,0,0,0,NaN,NaN,73.90257179775013,NaN,NaN,NaN,6.513586781555793,6.535124856874999,NaN,NaN,NaN,NaN,NaN,NaN,NaN,NaN,NaN,NaN,1
2024-08-13T12:32:00-04:00,6.516072985613928,6.52,6.49,6.50375,6.523779290638775,6.407978323130601,6.39115245150237,0,0,19893,19892,0,0,0,0,NaN,NaN,70.84650716502016,NaN,NaN,NaN,6.513586781555793,6.535124856874999,NaN,NaN,NaN,NaN,NaN,NaN,NaN,NaN,NaN,NaN,1,0,0,0,0,NaN,NaN,70.84650716502016,NaN,NaN,NaN,6.513586781555793,6.535124856874999,NaN,NaN,NaN,NaN,NaN,NaN,NaN,NaN,NaN,NaN,1
2024-08-13T12:34:00-04:00,6.509911492806964,6.55,6.509911492806964,6.55,6.528546692340815,6.41014659300647,6.39161182917307,0,0,19893,19892,0,0,0,0,NaN,NaN,69.90762852933076,NaN,NaN,NaN,6.513586781555793,6.535124856874999,NaN,NaN,NaN,NaN,NaN,NaN,NaN,NaN,NaN,NaN,1,0,0,0,0,NaN,NaN,69.90762852933076,NaN,NaN,NaN,6.513586781555793,6.535124856874999,NaN,NaN,NaN,NaN,NaN,NaN,NaN,NaN,NaN,NaN,1
2024-08-13T12:35:00-04:00,6.529955746403482,6.55,6.52,6.5355,6.529810930097031,6.412060385479654,6.392498014695013,0,0,19893,19892,0,0,0,0,NaN,NaN,68.05899001566257,NaN,NaN,NaN,6.513586781555793,6.535124856874999,NaN,NaN,NaN,NaN,NaN,NaN,NaN,NaN,NaN,NaN,1,0,0,0,0,NaN,NaN,68.05899001566257,NaN,NaN,NaN,6.513586781555793,6.535124856874999,NaN,NaN,NaN,NaN,NaN,NaN,NaN,NaN,NaN,NaN,1
2024-08-13T12:36:00-04:00,6.5327278732017415,6.55,6.52,6.535,6.5307543973521165,6.4139373261593535,6.39261493844153,0,0,19893,19892,0,0,0,0,NaN,NaN,66.19415169774283,NaN,NaN,NaN,6.513586781555793,6.535124856874999,NaN,NaN,NaN,NaN,NaN,NaN,NaN,NaN,NaN,NaN,1,0,0,0,0,NaN,NaN,66.19415169774283,NaN,NaN,NaN,6.513586781555793,6.535124856874999,NaN,NaN,NaN,NaN,NaN,NaN,NaN,NaN,NaN,NaN,1
2024-08-13T12:37:00-04:00,6.533863936600871,6.57,6.52,6.545,6.533344506924459,6.415938283011882,6.393113433850469,0,0,19893,19892,0,0,0,0,NaN,NaN,64.41115529266595,NaN,NaN,NaN,6.513586781555793,6.535124856874999,NaN,NaN,NaN,NaN,NaN,NaN,NaN,NaN,NaN,NaN,1,0,0,0,0,NaN,NaN,64.41115529266595,NaN,NaN,NaN,6.513586781555793,6.535124856874999,NaN,NaN,NaN,NaN,NaN,NaN,NaN,NaN,NaN,NaN,1
2024-08-13T12:38:00-04:00,6.539431968300436,6.59,6.539431968300436,6.565,6.539100051120013,6.418214034416281,6.393882424557604,1,0,19893,19892,0,0,0,0,NaN,NaN,63.21992428346053,NaN,NaN,NaN,6.513586781555793,6.535124856874999,NaN,NaN,NaN,NaN,NaN,NaN,NaN,NaN,NaN,NaN,1,0,0,0,0,NaN,NaN,63.21992428346053,NaN,NaN,NaN,6.513586781555793,6.535124856874999,NaN,NaN,NaN,NaN,NaN,NaN,NaN,NaN,NaN,NaN,1
2024-08-13T12:39:00-04:00,6.552215984150218,6.59,6.552215984150218,6.59,6.54835458728001,6.4208367209137425,6.393962227925827,0,0,19893,19892,0,0,0,0,NaN,NaN,62.59200867901855,NaN,NaN,NaN,6.513586781555793,6.535124856874999,NaN,NaN,NaN,NaN,NaN,NaN,NaN,NaN,NaN,NaN,1,0,0,0,0,NaN,NaN,62.59200867901855,NaN,NaN,NaN,6.513586781555793,6.535124856874999,NaN,NaN,NaN,NaN,NaN,NaN,NaN,NaN,NaN,NaN,1
2024-08-13T12:41:00-04:00,6.571107992075109,6.68,6.571107992075109,6.6325,6.563653753229099,6.424068221357808,6.4041801388710375,0,0,19893,19892,0,0,0,0,NaN,NaN,62.583723790840175,NaN,NaN,NaN,6.513586781555793,6.562555125,NaN,NaN,NaN,NaN,NaN,NaN,NaN,NaN,NaN,NaN,1,0,0,0,0,NaN,NaN,62.583723790840175,NaN,NaN,NaN,6.513586781555793,6.562555125,NaN,NaN,NaN,NaN,NaN,NaN,NaN,NaN,NaN,NaN,1
2024-08-13T12:42:00-04:00,6.601803996037555,6.65,6.601803996037555,6.65,6.579353070823808,6.42751756148975,6.404657924714965,0,0,19893,19892,0,0,0,0,NaN,NaN,62.72258563055381,NaN,NaN,NaN,6.513586781555793,6.5736659712500005,NaN,NaN,NaN,NaN,NaN,NaN,NaN,NaN,NaN,NaN,1,0,0,0,0,NaN,NaN,62.72258563055381,NaN,NaN,NaN,6.513586781555793,6.5736659712500005,NaN,NaN,NaN,NaN,NaN,NaN,NaN,NaN,NaN,NaN,1
2024-08-13T12:43:00-04:00,6.625901998018778,6.625901998018778,6.6,6.609999999999999,6.584925239764934,6.430303552917387,6.4048971126853536,0,0,19893,19892,0,0,0,0,NaN,NaN,62.63782801254584,NaN,NaN,NaN,6.513586781555793,6.5736659712500005,NaN,NaN,NaN,NaN,NaN,NaN,NaN,NaN,NaN,NaN,1,0,0,0,0,NaN,NaN,62.63782801254584,NaN,NaN,NaN,6.513586781555793,6.5736659712500005,NaN,NaN,NaN,NaN,NaN,NaN,NaN,NaN,NaN,NaN,1
2024-08-13T12:47:00-04:00,6.6179509990093885,6.64,6.6179509990093885,6.635,6.594029741625855,6.433428689514068,6.406044782394529,1,0,19893,19892,0,0,0,0,NaN,NaN,62.52971246786822,NaN,NaN,NaN,6.513586781555793,6.5736659712500005,NaN,NaN,NaN,NaN,NaN,NaN,NaN,NaN,NaN,NaN,1,0,0,0,0,NaN,NaN,62.52971246786822,NaN,NaN,NaN,6.513586781555793,6.5736659712500005,NaN,NaN,NaN,NaN,NaN,NaN,NaN,NaN,NaN,NaN,1
2024-08-13T12:48:00-04:00,6.626475499504695,6.67,6.626475499504695,6.67,6.607842515875699,6.437040465246678,6.406553680400247,0,0,19893,19892,0,0,0,0,NaN,NaN,62.54447752856698,NaN,NaN,NaN,6.513586781555793,6.588846012975,NaN,NaN,NaN,NaN,NaN,NaN,NaN,NaN,NaN,NaN,1,0,0,0,0,NaN,NaN,62.54447752856698,NaN,NaN,NaN,6.513586781555793,6.588846012975,NaN,NaN,NaN,NaN,NaN,NaN,NaN,NaN,NaN,NaN,1
2024-08-13T12:50:00-04:00,6.648237749752347,6.6754,6.648237749752347,6.6754,6.62012569480739,6.440679542113141,6.406895342068779,0,0,19893,19892,0,0,0,0,NaN,NaN,62.55829365331418,NaN,NaN,NaN,6.513586781555793,6.59909287180725,NaN,NaN,NaN,NaN,NaN,NaN,NaN,NaN,NaN,NaN,1,0,0,0,0,NaN,NaN,62.55829365331418,NaN,NaN,NaN,6.513586781555793,6.59909287180725,NaN,NaN,NaN,NaN,NaN,NaN,NaN,NaN,NaN,NaN,1
2024-08-13T12:51:00-04:00,6.6618188748761735,6.68,6.6618188748761735,6.672499999999999,6.629648295751501,6.444218785745002,6.4094280942708926,0,0,19893,19892,0,0,0,0,NaN,NaN,63.12665297972482,NaN,NaN,NaN,6.524649043283274,6.59909287180725,NaN,NaN,NaN,NaN,NaN,NaN,NaN,NaN,NaN,NaN,1,0,0,0,0,NaN,NaN,63.12665297972482,NaN,NaN,NaN,6.524649043283274,6.59909287180725,NaN,NaN,NaN,NaN,NaN,NaN,NaN,NaN,NaN,NaN,1