time,open,high,low,close,EMA10,EMA130,VWAP,Bull_window,Bear_window,Plot,Plot,Bullish,Bullish+,Bearish,Bearish+,Bullish Exit,Bearish Exit,Trend Strength,Take Profit,Stop Loss,Bar Color Value,Trend Tracer,Trend Catcher,Smart Trail,Smart Trail Extremity,RZ R3 Band,RZ R2 Band,RZ R1 Band,RZ S1 Band,RZ S2 Band,RZ S3 Band,Neo Lead,Neo Lag,Custom Alert Condition Highlighter,Bullish,Bullish+,Bearish,Bearish+,Bullish Exit,Bearish Exit,Trend Strength,Take Profit,Stop Loss,Bar Color Value,Trend Tracer,Trend Catcher,Smart Trail,Smart Trail Extremity,RZ R3 Band,RZ R2 Band,RZ R1 Band,RZ S1 Band,RZ S2 Band,RZ S3 Band,Neo Lead,Neo Lag,Custom Alert Condition Highlighter
2024-08-09T13:02:00-04:00,0.6299677226752136,0.6299677226752136,0.6236,0.6265000000000001,0.6286472771175518,0.6384309236881307,0.6405197303945616,0,0,10875,10937,0,0,0,0,NaN,NaN,67.30554400124338,NaN,NaN,NaN,0.635097493789729,0.634358839392984,NaN,NaN,NaN,NaN,NaN,NaN,NaN,NaN,NaN,NaN,1,0,0,0,0,NaN,NaN,67.30554400124338,NaN,NaN,NaN,0.635097493789729,0.634358839392984,NaN,NaN,NaN,NaN,NaN,NaN,NaN,NaN,NaN,NaN,1
2024-08-09T13:04:00-04:00,0.6282338613376068,0.6294,0.6236,0.6265000000000001,0.6282568630961787,0.6382487721814417,0.6401164444891411,0,0,10875,10938,0,0,0,0,NaN,NaN,67.71773214157626,NaN,NaN,NaN,0.635097493789729,0.634358839392984,NaN,NaN,NaN,NaN,NaN,NaN,NaN,NaN,NaN,NaN,1,0,0,0,0,NaN,NaN,67.71773214157626,NaN,NaN,NaN,0.635097493789729,0.634358839392984,NaN,NaN,NaN,NaN,NaN,NaN,NaN,NaN,NaN,NaN,1
2024-08-09T13:05:00-04:00,0.6273669306688034,0.629,0.6236,0.6269750000000001,0.6280237970786916,0.638076653522183,0.6398865199889602,0,0,10875,10939,0,0,0,0,NaN,NaN,70.44401034352926,NaN,NaN,NaN,0.635097493789729,0.634358839392984,NaN,NaN,NaN,NaN,NaN,NaN,NaN,NaN,NaN,NaN,1,0,0,0,0,NaN,NaN,70.44401034352926,NaN,NaN,NaN,0.635097493789729,0.634358839392984,NaN,NaN,NaN,NaN,NaN,NaN,NaN,NaN,NaN,NaN,1
2024-08-09T13:09:00-04:00,0.6271709653344018,0.6271709653344018,0.6216,0.62205,0.6269376521552932,0.63783197178902,0.6395314107400997,0,1,10875,10940,0,0,0,0,NaN,NaN,70.0746777954451,NaN,NaN,NaN,0.635097493789729,0.634358839392984,NaN,NaN,NaN,NaN,NaN,NaN,NaN,NaN,NaN,NaN,1,0,0,0,0,NaN,NaN,70.0746777954451,NaN,NaN,NaN,0.635097493789729,0.634358839392984,NaN,NaN,NaN,NaN,NaN,NaN,NaN,NaN,NaN,NaN,1
2024-08-09T13:11:00-04:00,0.6246104826672009,0.6246104826672009,0.6203,0.6203,0.6257308063088762,0.6375643080975846,0.6394981743421906,0,0,10875,10941,0,0,0,1,NaN,NaN,69.98385573114436,NaN,NaN,NaN,0.635097493789729,0.631114848302247,NaN,NaN,NaN,NaN,NaN,NaN,NaN,NaN,NaN,NaN,1,0,0,0,1,NaN,NaN,69.98385573114436,NaN,NaN,NaN,0.635097493789729,0.631114848302247,NaN,NaN,NaN,NaN,NaN,NaN,NaN,NaN,NaN,NaN,1
2024-08-09T13:13:00-04:00,0.6224552413336004,0.6224552413336004,0.6216,0.6216,0.6249797506163532,0.637320578202965,0.6394270049639805,0,0,10875,10942,0,0,0,0,NaN,NaN,73.17919740429413,NaN,NaN,NaN,0.635097493789729,0.631114848302247,NaN,NaN,NaN,NaN,NaN,NaN,NaN,NaN,NaN,NaN,1,0,0,0,0,NaN,NaN,73.17919740429413,NaN,NaN,NaN,0.635097493789729,0.631114848302247,NaN,NaN,NaN,NaN,NaN,NaN,NaN,NaN,NaN,NaN,1
2024-08-09T13:16:00-04:00,0.6220276206668003,0.6245,0.6220276206668003,0.6245,0.6248925232315617,0.637124844184599,0.6393879229968582,0,0,10875,10943,0,0,0,0,NaN,NaN,72.33702518529205,NaN,NaN,NaN,0.635097493789729,0.631114848302247,NaN,NaN,NaN,NaN,NaN,NaN,NaN,NaN,NaN,NaN,1,0,0,0,0,NaN,NaN,72.33702518529205,NaN,NaN,NaN,0.635097493789729,0.631114848302247,NaN,NaN,NaN,NaN,NaN,NaN,NaN,NaN,NaN,NaN,1
2024-08-09T13:18:00-04:00,0.6232638103334002,0.6289,0.6232638103334002,0.6289,0.6256211553712778,0.6369992740443762,0.6393789275915158,0,0,10875,10944,0,0,0,0,NaN,NaN,70.18139232154927,NaN,NaN,NaN,0.635097493789729,0.631114848302247,NaN,NaN,NaN,NaN,NaN,NaN,NaN,NaN,NaN,NaN,1,0,0,0,0,NaN,NaN,70.18139232154927,NaN,NaN,NaN,0.635097493789729,0.631114848302247,NaN,NaN,NaN,NaN,NaN,NaN,NaN,NaN,NaN,NaN,1
2024-08-09T13:19:00-04:00,0.6260819051667001,0.6289,0.6260819051667001,0.6289,0.6262173089401364,0.6368756210055307,0.6393699476035205,0,0,10875,10945,0,0,0,0,NaN,NaN,68.38536801621734,NaN,NaN,NaN,0.635097493789729,0.631114848302247,NaN,NaN,NaN,NaN,NaN,NaN,NaN,NaN,NaN,NaN,1,0,0,0,0,NaN,NaN,68.38536801621734,NaN,NaN,NaN,0.635097493789729,0.631114848302247,NaN,NaN,NaN,NaN,NaN,NaN,NaN,NaN,NaN,NaN,1
2024-08-09T13:20:00-04:00,0.6274909525833501,0.6289,0.6274909525833501,0.6289,0.6267050709510207,0.6367538557993394,0.6393609829932702,0,0,10875,10946,0,0,0,0,NaN,NaN,65.9230879095462,NaN,NaN,NaN,0.635097493789729,0.631114848302247,NaN,NaN,NaN,NaN,NaN,NaN,NaN,NaN,NaN,NaN,1,0,0,0,0,NaN,NaN,65.9230879095462,NaN,NaN,NaN,0.635097493789729,0.631114848302247,NaN,NaN,NaN,NaN,NaN,NaN,NaN,NaN,NaN,NaN,1
2024-08-09T13:21:00-04:00,0.628195476291675,0.6289,0.620089,0.6244945000000001,0.626303148959926,0.6365666900619449,0.6392962210280215,0,0,10875,10947,0,0,0,0,NaN,NaN,65.30520700841892,NaN,NaN,NaN,0.635097493789729,0.631114848302247,NaN,NaN,NaN,NaN,NaN,NaN,NaN,NaN,NaN,NaN,1,0,0,0,0,NaN,NaN,65.30520700841892,NaN,NaN,NaN,0.635097493789729,0.631114848302247,NaN,NaN,NaN,NaN,NaN,NaN,NaN,NaN,NaN,NaN,1
2024-08-09T13:22:00-04:00,0.6263449881458376,0.6289,0.623783,0.6263415,0.6263101218763031,0.6364105802900067,0.6391867164421021,0,0,10875,10948,0,0,0,0,NaN,NaN,63.502893318204286,NaN,NaN,NaN,0.635097493789729,0.631114848302247,NaN,NaN,NaN,NaN,NaN,NaN,NaN,NaN,NaN,NaN,1,0,0,0,0,NaN,NaN,63.502893318204286,NaN,NaN,NaN,0.635097493789729,0.631114848302247,NaN,NaN,NaN,NaN,NaN,NaN,NaN,NaN,NaN,NaN,1
2024-08-09T13:23:00-04:00,0.6263432440729189,0.6289,0.6263432440729189,0.6289,0.6267810088078843,0.6362959149420677,0.6391780285571312,0,0,10875,10949,0,0,0,0,NaN,NaN,61.70922463456612,NaN,NaN,NaN,0.635097493789729,0.631114848302247,NaN,NaN,NaN,NaN,NaN,NaN,NaN,NaN,NaN,NaN,1,0,0,0,0,NaN,NaN,61.70922463456612,NaN,NaN,NaN,0.635097493789729,0.631114848302247,NaN,NaN,NaN,NaN,NaN,NaN,NaN,NaN,NaN,NaN,1
2024-08-09T13:24:00-04:00,0.6276216220364594,0.6289,0.6276216220364594,0.6289,0.6271662799337235,0.6361830002101277,0.6391693553348861,0,0,10875,10950,0,0,0,0,NaN,NaN,60.33123134769968,NaN,NaN,NaN,0.635097493789729,0.631114848302247,NaN,NaN,NaN,NaN,NaN,NaN,NaN,NaN,NaN,NaN,1,0,0,0,0,NaN,NaN,60.33123134769968,NaN,NaN,NaN,0.635097493789729,0.631114848302247,NaN,NaN,NaN,NaN,NaN,NaN,NaN,NaN,NaN,NaN,1
2024-08-09T13:25:00-04:00,0.6282608110182297,0.6282608110182297,0.6203,0.6241,0.6266087744912283,0.6359985269244769,0.6388901591456849,0,0,10875,10951,0,0,0,0,NaN,NaN,59.86968147578404,NaN,NaN,NaN,0.635097493789729,0.631114848302247,NaN,NaN,NaN,NaN,NaN,NaN,NaN,NaN,NaN,NaN,1,0,0,0,0,NaN,NaN,59.86968147578404,NaN,NaN,NaN,0.635097493789729,0.631114848302247,NaN,NaN,NaN,NaN,NaN,NaN,NaN,NaN,NaN,NaN,1
2024-08-09T13:26:00-04:00,0.6261804055091149,0.6279,0.6261804055091149,0.6279,0.6268435427655504,0.6358748852920422,0.6388810643433466,0,0,10875,10952,0,0,0,0,NaN,NaN,57.72184812532903,NaN,NaN,NaN,0.635097493789729,0.631114848302247,NaN,NaN,NaN,NaN,NaN,NaN,NaN,NaN,NaN,NaN,1,0,0,0,0,NaN,NaN,57.72184812532903,NaN,NaN,NaN,0.635097493789729,0.631114848302247,NaN,NaN,NaN,NaN,NaN,NaN,NaN,NaN,NaN,NaN,1
2024-08-09T13:27:00-04:00,0.6270402027545574,0.6279,0.6270402027545574,0.6279,0.6270356258990867,0.6357531313181178,0.6388719845811972,0,0,10875,10953,0,0,0,0,NaN,NaN,55.17269963261049,NaN,NaN,NaN,0.635097493789729,0.631114848302247,NaN,NaN,NaN,NaN,NaN,NaN,NaN,NaN,NaN,NaN,1,0,0,0,0,NaN,NaN,55.17269963261049,NaN,NaN,NaN,0.635097493789729,0.631114848302247,NaN,NaN,NaN,NaN,NaN,NaN,NaN,NaN,NaN,NaN,1
2024-08-09T13:28:00-04:00,0.6274701013772788,0.6274701013772788,0.6269,0.6269,0.6270109666447072,0.6356179690079176,0.6388620936487938,0,0,10875,10954,0,0,0,0,NaN,NaN,53.11707257445669,NaN,NaN,NaN,0.635097493789729,0.631114848302247,NaN,NaN,NaN,NaN,NaN,NaN,NaN,NaN,NaN,NaN,1,0,0,0,0,NaN,NaN,53.11707257445669,NaN,NaN,NaN,0.635097493789729,0.631114848302247,NaN,NaN,NaN,NaN,NaN,NaN,NaN,NaN,NaN,NaN,1
2024-08-09T13:29:00-04:00,0.6271850506886394,0.6271850506886394,0.6269,0.6269,0.6269907908911241,0.6354848702444379,0.6388522190461449,0,0,10875,10955,0,0,0,0,NaN,NaN,50.79067044498655,NaN,NaN,NaN,0.635097493789729,0.631114848302247,NaN,NaN,NaN,NaN,NaN,NaN,NaN,NaN,NaN,NaN,1,0,0,0,0,NaN,NaN,50.79067044498655,NaN,NaN,NaN,0.635097493789729,0.631114848302247,NaN,NaN,NaN,NaN,NaN,NaN,NaN,NaN,NaN,NaN,1
2024-08-09T13:30:00-04:00,0.6270425253443197,0.6270425253443197,0.6269,0.6269,0.6269742834563743,0.6353538035231487,0.638842360732844,0,0,10875,10956,0,0,0,0,NaN,NaN,48.56128360021668,NaN,NaN,NaN,0.635097493789729,0.631114848302247,NaN,NaN,NaN,NaN,NaN,NaN,NaN,NaN,NaN,NaN,1,0,0,0,0,NaN,NaN,48.56128360021668,NaN,NaN,NaN,0.635097493789729,0.631114848302247,NaN,NaN,NaN,NaN,NaN,NaN,NaN,NaN,NaN,NaN,1
2024-08-09T13:31:00-04:00,0.6269712626721599,0.6269712626721599,0.626,0.62645,0.626878959191579,0.6352178675914976,0.6386313670767796,0,0,10875,10957,0,0,0,0,NaN,NaN,46.47772573906453,NaN,NaN,NaN,0.635097493789729,0.631114848302247,NaN,NaN,NaN,NaN,NaN,NaN,NaN,NaN,NaN,NaN,1,0,0,0,0,NaN,NaN,46.47772573906453,NaN,NaN,NaN,0.635097493789729,0.631114848302247,NaN,NaN,NaN,NaN,NaN,NaN,NaN,NaN,NaN,NaN,1
2024-08-09T13:32:00-04:00,0.62671063133608,0.62671063133608,0.626,0.626,0.6267191484294737,0.6350771367885739,0.6386211342777868,0,0,10875,10958,0,0,0,0,NaN,NaN,44.56436083221424,NaN,NaN,NaN,0.635097493789729,0.631114848302247,NaN,NaN,NaN,NaN,NaN,NaN,NaN,NaN,NaN,NaN,1,0,0,0,0,NaN,NaN,44.56436083221424,NaN,NaN,NaN,0.635097493789729,0.631114848302247,NaN,NaN,NaN,NaN,NaN,NaN,NaN,NaN,NaN,NaN,1
2024-08-09T13:33:00-04:00,0.6263553156680399,0.629,0.626,0.6275,0.6268611214422967,0.6349614553108858,0.6380578331660591,0,0,10875,10959,0,0,0,0,NaN,NaN,41.80779363549262,NaN,NaN,NaN,0.635097493789729,0.631114848302247,NaN,NaN,NaN,NaN,NaN,NaN,NaN,NaN,NaN,NaN,1,0,0,0,0,NaN,NaN,41.80779363549262,NaN,NaN,NaN,0.635097493789729,0.631114848302247,NaN,NaN,NaN,NaN,NaN,NaN,NaN,NaN,NaN,NaN,1
2024-08-09T13:34:00-04:00,0.6269276578340199,0.6289,0.6269276578340199,0.6289,0.6272318266346064,0.6348689140084295,0.6380507955001307,0,0,10875,10960,0,0,0,0,NaN,NaN,38.371067164917356,NaN,NaN,NaN,0.635097493789729,0.631114848302247,NaN,NaN,NaN,NaN,NaN,NaN,NaN,NaN,NaN,NaN,1,0,0,0,0,NaN,NaN,38.371067164917356,NaN,NaN,NaN,0.635097493789729,0.631114848302247,NaN,NaN,NaN,NaN,NaN,NaN,NaN,NaN,NaN,NaN,1
2024-08-09T13:35:00-04:00,0.62791382891701,0.6309,0.62791382891701,0.6299,0.627716949064678,0.6347930527258581,0.6376909620912176,0,0,10875,10961,0,0,0,0,NaN,NaN,34.03691809940282,NaN,NaN,NaN,0.635097493789729,0.631114848302247,NaN,NaN,NaN,NaN,NaN,NaN,NaN,NaN,NaN,NaN,1,0,0,0,0,NaN,NaN,34.03691809940282,NaN,NaN,NaN,0.635097493789729,0.631114848302247,NaN,NaN,NaN,NaN,NaN,NaN,NaN,NaN,NaN,NaN,1
2024-08-09T13:41:00-04:00,0.628906914458505,0.6379,0.628906914458505,0.6379,0.6295684128711002,0.634840487035387,0.6376921560003066,0,0,10875,10962,0,0,0,0,NaN,NaN,24.076764889522373,NaN,NaN,NaN,0.635097493789729,0.631114848302247,NaN,NaN,NaN,NaN,NaN,NaN,NaN,NaN,NaN,NaN,1,0,0,0,0,NaN,NaN,24.076764889522373,NaN,NaN,NaN,0.635097493789729,0.631114848302247,NaN,NaN,NaN,NaN,NaN,NaN,NaN,NaN,NaN,NaN,1
2024-08-09T13:46:00-04:00,0.6334034572292525,0.6334034572292525,0.6223,0.62615,0.6289468832581729,0.634707807844007,0.6376167816631354,0,0,10875,10963,0,0,0,0,NaN,NaN,21.85606570355678,NaN,NaN,NaN,0.635097493789729,0.631114848302247,NaN,NaN,NaN,NaN,NaN,NaN,NaN,NaN,NaN,NaN,1,0,0,0,0,NaN,NaN,21.85606570355678,NaN,NaN,NaN,0.635097493789729,0.631114848302247,NaN,NaN,NaN,NaN,NaN,NaN,NaN,NaN,NaN,NaN,1
2024-08-09T13:49:00-04:00,0.6297767286146263,0.6297767286146263,0.622,0.622,0.6276838135748688,0.6345137955105108,0.6375998029633683,0,1,10875,10964,0,0,0,0,NaN,NaN,21.175603209129665,NaN,NaN,NaN,0.635097493789729,0.631114848302247,NaN,NaN,NaN,NaN,NaN,NaN,NaN,NaN,NaN,NaN,1,0,0,0,0,NaN,NaN,21.175603209129665,NaN,NaN,NaN,0.635097493789729,0.631114848302247,NaN,NaN,NaN,NaN,NaN,NaN,NaN,NaN,NaN,NaN,1
2024-08-09T13:52:00-04:00,0.6258883643073132,0.63,0.6258883643073132,0.63,0.6281049383794381,0.6344448826019534,0.6375942985720804,0,0,10875,10965,0,0,0,0,NaN,NaN,16.991337711237346,NaN,NaN,NaN,0.635097493789729,0.631114848302247,NaN,NaN,NaN,NaN,NaN,NaN,NaN,NaN,NaN,NaN,1,0,0,0,0,NaN,NaN,16.991337711237346,NaN,NaN,NaN,0.635097493789729,0.631114848302247,NaN,NaN,NaN,NaN,NaN,NaN,NaN,NaN,NaN,NaN,1
2024-08-09T13:54:00-04:00,0.6279441821536567,0.6355,0.6279441821536567,0.6355,0.6294494950377221,0.634460991264519,0.6375927828096954,0,0,10875,10966,0,0,0,0,NaN,NaN,10.068545255683668,NaN,NaN,NaN,0.635097493789729,0.631114848302247,NaN,NaN,NaN,NaN,NaN,NaN,NaN,NaN,NaN,NaN,1,0,0,0,0,NaN,NaN,10.068545255683668,NaN,NaN,NaN,0.635097493789729,0.631114848302247,NaN,NaN,NaN,NaN,NaN,NaN,NaN,NaN,NaN,NaN,1
2024-08-09T13:55:00-04:00,0.6317220910768283,0.64,0.6317220910768283,0.64,0.6313677686672271,0.6345455562833814,0.6375945237889461,0,0,10875,10967,0,0,0,0,NaN,NaN,4.180100893887557,NaN,NaN,NaN,0.635097493789729,0.631114848302247,NaN,NaN,NaN,NaN,NaN,NaN,NaN,NaN,NaN,NaN,1,0,0,0,0,NaN,NaN,4.180100893887557,NaN,NaN,NaN,0.635097493789729,0.631114848302247,NaN,NaN,NaN,NaN,NaN,NaN,NaN,NaN,NaN,NaN,1
2024-08-09T13:56:00-04:00,0.6358610455384142,0.64,0.6358610455384142,0.64,0.6329372652731858,0.6346288302332534,0.6375962622517489,0,0,10875,10968,0,0,0,0,NaN,NaN,1.2483283902299798,NaN,NaN,NaN,0.635097493789729,0.631114848302247,NaN,NaN,NaN,NaN,NaN,NaN,NaN,NaN,NaN,NaN,1,0,0,0,0,NaN,NaN,1.2483283902299798,NaN,NaN,NaN,0.635097493789729,0.631114848302247,NaN,NaN,NaN,NaN,NaN,NaN,NaN,NaN,NaN,NaN,1
2024-08-09T13:57:00-04:00,0.6379305227692071,0.64,0.6379305227692071,0.64,0.6342213988598793,0.6347108328251122,0.637597998203556,0,0,10875,10969,0,0,0,0,NaN,NaN,0.010032312604329139,NaN,NaN,NaN,0.635097493789729,0.631114848302247,NaN,NaN,NaN,NaN,NaN,NaN,NaN,NaN,NaN,NaN,1,0,0,0,0,NaN,NaN,0.010032312604329139,NaN,NaN,NaN,0.635097493789729,0.631114848302247,NaN,NaN,NaN,NaN,NaN,NaN,NaN,NaN,NaN,NaN,1
2024-08-09T13:59:00-04:00,0.6389652613846035,0.64,0.6389652613846035,0.64,0.6352720536126285,0.6347915834690037,0.6375997316498037,0,0,10875,10970,0,0,0,0,NaN,NaN,0.6730330531343264,NaN,NaN,NaN,0.635097493789729,0.631114848302247,NaN,NaN,NaN,NaN,NaN,NaN,NaN,NaN,NaN,NaN,1,0,0,0,0,NaN,NaN,0.6730330531343264,NaN,NaN,NaN,0.635097493789729,0.631114848302247,NaN,NaN,NaN,NaN,NaN,NaN,NaN,NaN,NaN,NaN,1
2024-08-09T14:00:00-04:00,0.6394826306923018,0.64,0.6394826306923018,0.64,0.6361316802285142,0.6348711012786372,0.6376014625959124,0,0,10875,10971,0,0,0,0,NaN,NaN,2.1287987780969337,NaN,NaN,NaN,0.635097493789729,0.631114848302247,NaN,NaN,NaN,NaN,NaN,NaN,NaN,NaN,NaN,NaN,1,0,0,0,0,NaN,NaN,2.1287987780969337,NaN,NaN,NaN,0.635097493789729,0.631114848302247,NaN,NaN,NaN,NaN,NaN,NaN,NaN,NaN,NaN,NaN,1
2024-08-09T14:01:00-04:00,0.6397413153461509,0.64,0.6397413153461509,0.64,0.6368350110960571,0.6349494050759099,0.6376031910472875,0,0,10875,10972,0,0,0,0,NaN,NaN,6.553852593526516,NaN,NaN,NaN,0.635097493789729,0.631114848302247,NaN,NaN,NaN,NaN,NaN,NaN,NaN,NaN,NaN,NaN,1,0,0,0,0,NaN,NaN,6.553852593526516,NaN,NaN,NaN,0.635097493789729,0.631114848302247,NaN,NaN,NaN,NaN,NaN,NaN,NaN,NaN,NaN,NaN,1
2024-08-09T14:03:00-04:00,0.6398706576730755,0.64,0.6398706576730755,0.64,0.6374104636240467,0.6350265133953616,0.6376049170093182,0,0,10875,10973,0,0,0,0,NaN,NaN,9.697067300844045,NaN,NaN,NaN,0.635097493789729,0.631114848302247,NaN,NaN,NaN,NaN,NaN,NaN,NaN,NaN,NaN,NaN,1,0,0,0,0,NaN,NaN,9.697067300844045,NaN,NaN,NaN,0.635097493789729,0.631114848302247,NaN,NaN,NaN,NaN,NaN,NaN,NaN,NaN,NaN,NaN,1
2024-08-09T14:04:00-04:00,0.6399353288365377,0.64,0.63,0.635,0.6369721975105836,0.6350261086106996,0.6374799107086544,0,0,10875,10974,0,0,0,0,NaN,NaN,12.109672138651355,NaN,NaN,NaN,0.635097493789729,0.631114848302247,NaN,NaN,NaN,NaN,NaN,NaN,NaN,NaN,NaN,NaN,1,0,0,0,0,NaN,NaN,12.109672138651355,NaN,NaN,NaN,0.635097493789729,0.631114848302247,NaN,NaN,NaN,NaN,NaN,NaN,NaN,NaN,NaN,NaN,1
2024-08-09T14:06:00-04:00,0.6374676644182689,0.639,0.6374676644182689,0.639,0.6373408888722957,0.6350867787082463,0.6374809520939521,0,0,10875,10975,0,0,0,0,NaN,NaN,15.6386911939227,NaN,NaN,NaN,0.635097493789729,0.631114848302247,NaN,NaN,NaN,NaN,NaN,NaN,NaN,NaN,NaN,NaN,1,0,0,0,0,NaN,NaN,15.6386911939227,NaN,NaN,NaN,0.635097493789729,0.631114848302247,NaN,NaN,NaN,NaN,NaN,NaN,NaN,NaN,NaN,NaN,1
2024-08-09T14:07:00-04:00,0.6382338322091344,0.64,0.6382338322091344,0.64,0.6378243636227874,0.6351617897203341,0.6374826766660048,0,0,10875,10976,0,0,0,0,NaN,NaN,20.189150144566586,NaN,NaN,NaN,0.635097493789729,0.631114848302247,NaN,NaN,NaN,NaN,NaN,NaN,NaN,NaN,NaN,NaN,1,0,0,0,0,NaN,NaN,20.189150144566586,NaN,NaN,NaN,0.635097493789729,0.631114848302247,NaN,NaN,NaN,NaN,NaN,NaN,NaN,NaN,NaN,NaN,1
2024-08-09T14:08:00-04:00,0.6391169161045672,0.64,0.6391169161045672,0.64,0.6382199338731896,0.6352356555261305,0.6374843988783454,0,0,10875,10977,0,0,0,0,NaN,NaN,24.281080610828752,NaN,NaN,NaN,0.635097493789729,0.631114848302247,NaN,NaN,NaN,NaN,NaN,NaN,NaN,NaN,NaN,NaN,1,0,0,0,0,NaN,NaN,24.281080610828752,NaN,NaN,NaN,0.635097493789729,0.631114848302247,NaN,NaN,NaN,NaN,NaN,NaN,NaN,NaN,NaN,NaN,1
2024-08-09T14:09:00-04:00,0.6395584580522836,0.64,0.6395584580522836,0.64,0.6385435822598824,0.635308393609701,0.6374861187358136,0,0,10875,10978,0,0,0,0,NaN,NaN,31.503234744861953,NaN,NaN,NaN,0.635097493789729,0.631114848302247,NaN,NaN,NaN,NaN,NaN,NaN,NaN,NaN,NaN,NaN,1,0,0,0,0,NaN,NaN,31.503234744861953,NaN,NaN,NaN,0.635097493789729,0.631114848302247,NaN,NaN,NaN,NaN,NaN,NaN,NaN,NaN,NaN,NaN,1
2024-08-09T14:10:00-04:00,0.6397792290261418,0.64,0.6397792290261418,0.64,0.6388083854853583,0.6353800211881789,0.6374878362432361,0,0,10875,10979,0,0,0,0,NaN,NaN,36.484360235972986,NaN,NaN,NaN,0.635097493789729,0.631114848302247,NaN,NaN,NaN,NaN,NaN,NaN,NaN,NaN,NaN,NaN,1,0,0,0,0,NaN,NaN,36.484360235972986,NaN,NaN,NaN,0.635097493789729,0.631114848302247,NaN,NaN,NaN,NaN,NaN,NaN,NaN,NaN,NaN,NaN,1
2024-08-09T14:12:00-04:00,0.6398896145130709,0.64,0.6398896145130709,0.64,0.6390250426698386,0.6354505552158404,0.6374895514054264,0,0,10875,10980,0,0,0,0,NaN,NaN,41.53867680757722,NaN,NaN,NaN,0.635097493789729,0.631114848302247,NaN,NaN,NaN,NaN,NaN,NaN,NaN,NaN,NaN,NaN,1,0,0,0,0,NaN,NaN,41.53867680757722,NaN,NaN,NaN,0.635097493789729,0.631114848302247,NaN,NaN,NaN,NaN,NaN,NaN,NaN,NaN,NaN,NaN,1
2024-08-09T14:13:00-04:00,0.6399448072565355,0.64,0.6399448072565355,0.64,0.6392023076389589,0.6355200123881176,0.6374912642271846,0,0,10875,10981,0,0,0,0,NaN,NaN,46.38537709998823,NaN,NaN,NaN,0.635097493789729,0.631114848302247,NaN,NaN,NaN,NaN,NaN,NaN,NaN,NaN,NaN,NaN,1,0,0,0,0,NaN,NaN,46.38537709998823,NaN,NaN,NaN,0.635097493789729,0.631114848302247,NaN,NaN,NaN,NaN,NaN,NaN,NaN,NaN,NaN,NaN,1
2024-08-09T14:14:00-04:00,0.6399724036282677,0.64,0.6399724036282677,0.64,0.6393473426136936,0.6355884091455509,0.637492974713298,0,0,10875,10982,0,0,0,0,NaN,NaN,51.867890373212646,NaN,NaN,NaN,0.635097493789729,0.631114848302247,NaN,NaN,NaN,NaN,NaN,NaN,NaN,NaN,NaN,NaN,1,0,0,0,0,NaN,NaN,51.867890373212646,NaN,NaN,NaN,0.635097493789729,0.631114848302247,NaN,NaN,NaN,NaN,NaN,NaN,NaN,NaN,NaN,NaN,1
2024-08-09T14:15:00-04:00,0.6399862018141338,0.6399862018141338,0.6399,0.6399,0.6394478257748403,0.6356542349601226,0.6374962525209711,0,0,10875,10983,0,0,0,0,NaN,NaN,55.77531608439406,NaN,NaN,NaN,0.635097493789729,0.631114848302247,NaN,NaN,NaN,NaN,NaN,NaN,NaN,NaN,NaN,NaN,1,0,0,0,0,NaN,NaN,55.77531608439406,NaN,NaN,NaN,0.635097493789729,0.631114848302247,NaN,NaN,NaN,NaN,NaN,NaN,NaN,NaN,NaN,NaN,1
2024-08-09T14:18:00-04:00,0.6399431009070669,0.6399431009070669,0.6399,0.6399,0.6395300392703238,0.6357190558004261,0.6374978880793778,0,0,10875,10984,0,0,0,0,NaN,NaN,58.73363081604608,NaN,NaN,NaN,0.635097493789729,0.631114848302247,NaN,NaN,NaN,NaN,NaN,NaN,NaN,NaN,NaN,NaN,1,0,0,0,0,NaN,NaN,58.73363081604608,NaN,NaN,NaN,0.635097493789729,0.631114848302247,NaN,NaN,NaN,NaN,NaN,NaN,NaN,NaN,NaN,NaN,1
2024-08-09T14:19:00-04:00,0.6399215504535334,0.6399215504535334,0.6325,0.6325,0.6382518503120831,0.6356699099103432,0.637494489727541,0,0,10875,10985,0,0,0,0,NaN,NaN,56.821334300913385,NaN,NaN,NaN,0.635097493789729,0.631114848302247,NaN,NaN,NaN,NaN,NaN,NaN,NaN,NaN,NaN,NaN,1,0,0,0,0,NaN,NaN,56.821334300913385,NaN,NaN,NaN,0.635097493789729,0.631114848302247,NaN,NaN,NaN,NaN,NaN,NaN,NaN,NaN,NaN,NaN,1
2024-08-09T14:20:00-04:00,0.6362107752267667,0.6399,0.6362107752267667,0.6399,0.6385515138917044,0.6357344914384296,0.6374961242610485,0,0,10875,10986,0,0,0,0,NaN,NaN,57.09014116907048,NaN,NaN,NaN,0.635097493789729,0.631114848302247,NaN,NaN,NaN,NaN,NaN,NaN,NaN,NaN,NaN,NaN,1,0,0,0,0,NaN,NaN,57.09014116907048,NaN,NaN,NaN,0.635097493789729,0.631114848302247,NaN,NaN,NaN,NaN,NaN,NaN,NaN,NaN,NaN,NaN,1
2024-08-09T14:21:00-04:00,0.6380553876133834,0.6399,0.6380553876133834,0.6399,0.6387966931841218,0.635798086988988,0.637497756574748,0,0,10875,10987,0,0,0,0,NaN,NaN,57.36380628430064,NaN,NaN,NaN,0.635097493789729,0.631114848302247,NaN,NaN,NaN,NaN,NaN,NaN,NaN,NaN,NaN,NaN,1,0,0,0,0,NaN,NaN,57.36380628430064,NaN,NaN,NaN,0.635097493789729,0.631114848302247,NaN,NaN,NaN,NaN,NaN,NaN,NaN,NaN,NaN,NaN,1
2024-08-09T14:22:00-04:00,0.6389776938066918,0.6399,0.6389776938066918,0.6399,0.6389972944233724,0.6358607116151103,0.6374993866731584,0,0,10875,10988,0,0,0,0,NaN,NaN,57.4317089980235,NaN,NaN,NaN,0.635097493789729,0.631114848302247,NaN,NaN,NaN,NaN,NaN,NaN,NaN,NaN,NaN,NaN,1,0,0,0,0,NaN,NaN,57.4317089980235,NaN,NaN,NaN,0.635097493789729,0.631114848302247,NaN,NaN,NaN,NaN,NaN,NaN,NaN,NaN,NaN,NaN,1
2024-08-09T14:24:00-04:00,0.6394388469033458,0.6399,0.6394388469033458,0.6399,0.639161422710032,0.6359223801400704,0.6375010145607861,0,0,10875,10989,0,0,0,0,NaN,NaN,59.40272048007934,NaN,NaN,NaN,0.635097493789729,0.631114848302247,NaN,NaN,NaN,NaN,NaN,NaN,NaN,NaN,NaN,NaN,1,0,0,0,0,NaN,NaN,59.40272048007934,NaN,NaN,NaN,0.635097493789729,0.631114848302247,NaN,NaN,NaN,NaN,NaN,NaN,NaN,NaN,NaN,NaN,1
2024-08-09T14:25:00-04:00,0.6396694234516729,0.6396694234516729,0.6394,0.6394,0.6392048003991171,0.6359754735730464,0.6375023014152799,0,0,10875,10990,0,0,0,0,NaN,NaN,61.568644669584984,NaN,NaN,NaN,0.635097493789729,0.631114848302247,NaN,NaN,NaN,NaN,NaN,NaN,NaN,NaN,NaN,NaN,1,0,0,0,0,NaN,NaN,61.568644669584984,NaN,NaN,NaN,0.635097493789729,0.631114848302247,NaN,NaN,NaN,NaN,NaN,NaN,NaN,NaN,NaN,NaN,1
2024-08-09T14:26:00-04:00,0.6395347117258364,0.6395347117258364,0.6388,0.6388,0.6391312003265504,0.6360185961139159,0.6375031802099982,0,0,10875,10991,0,0,0,0,NaN,NaN,61.884299178863685,NaN,NaN,NaN,0.635097493789729,0.631114848302247,NaN,NaN,NaN,NaN,NaN,NaN,NaN,NaN,NaN,NaN,1,0,0,0,0,NaN,NaN,61.884299178863685,NaN,NaN,NaN,0.635097493789729,0.631114848302247,NaN,NaN,NaN,NaN,NaN,NaN,NaN,NaN,NaN,NaN,1
2024-08-09T14:27:00-04:00,0.6391673558629183,0.6391673558629183,0.6388,0.6388,0.6390709820853594,0.6360610602953828,0.6375040578152917,0,0,10875,10992,0,0,0,0,NaN,NaN,61.340382826051766,NaN,NaN,NaN,0.635097493789729,0.631114848302247,NaN,NaN,NaN,NaN,NaN,NaN,NaN,NaN,NaN,NaN,1,0,0,0,0,NaN,NaN,61.340382826051766,NaN,NaN,NaN,0.635097493789729,0.631114848302247,NaN,NaN,NaN,NaN,NaN,NaN,NaN,NaN,NaN,NaN,1
2024-08-09T14:29:00-04:00,0.6389836779314592,0.6389836779314592,0.6388,0.6388,0.6390217126152941,0.6361028761687357,0.6375049342335734,0,0,10875,10993,0,0,0,0,NaN,NaN,62.79171741906618,NaN,NaN,NaN,0.635097493789729,0.631114848302247,NaN,NaN,NaN,NaN,NaN,NaN,NaN,NaN,NaN,NaN,1,0,0,0,0,NaN,NaN,62.79171741906618,NaN,NaN,NaN,0.635097493789729,0.631114848302247,NaN,NaN,NaN,NaN,NaN,NaN,NaN,NaN,NaN,NaN,1
2024-08-09T14:31:00-04:00,0.6388918389657297,0.64,0.6388918389657297,0.64,0.6391995830488769,0.6361623742424954,0.637506620453409,0,0,10875,10994,0,0,0,0,NaN,NaN,62.39484200654402,NaN,NaN,NaN,0.635097493789729,0.631114848302247,NaN,NaN,NaN,NaN,NaN,NaN,NaN,NaN,NaN,NaN,1,0,0,0,0,NaN,NaN,62.39484200654402,NaN,NaN,NaN,0.635097493789729,0.631114848302247,NaN,NaN,NaN,NaN,NaN,NaN,NaN,NaN,NaN,NaN,1
2024-08-09T14:32:00-04:00,0.6394459194828648,0.64,0.6394459194828648,0.64,0.6393451134036265,0.6362209639487169,0.6375083043956157,0,0,10875,10995,0,0,0,0,NaN,NaN,63.8947205748681,NaN,NaN,NaN,0.635097493789729,0.631114848302247,NaN,NaN,NaN,NaN,NaN,NaN,NaN,NaN,NaN,NaN,1,0,0,0,0,NaN,NaN,63.8947205748681,NaN,NaN,NaN,0.635097493789729,0.631114848302247,NaN,NaN,NaN,NaN,NaN,NaN,NaN,NaN,NaN,NaN,1
2024-08-09T14:33:00-04:00,0.6397229597414325,0.64,0.6397229597414325,0.64,0.6394641836938763,0.6362786591556067,0.637509986064805,0,0,10875,10996,0,0,0,0,NaN,NaN,64.12229176789297,NaN,NaN,NaN,0.635097493789729,0.631114848302247,NaN,NaN,NaN,NaN,NaN,NaN,NaN,NaN,NaN,NaN,1,0,0,0,0,NaN,NaN,64.12229176789297,NaN,NaN,NaN,0.635097493789729,0.631114848302247,NaN,NaN,NaN,NaN,NaN,NaN,NaN,NaN,NaN,NaN,1
2024-08-09T14:35:00-04:00,0.6398614798707163,0.64,0.6398614798707163,0.64,0.6395616048404442,0.6363354735196433,0.637511665465576,0,0,10875,10997,0,0,0,0,NaN,NaN,63.76530258891325,NaN,NaN,NaN,0.635097493789729,0.631114848302247,NaN,NaN,NaN,NaN,NaN,NaN,NaN,NaN,NaN,NaN,1,0,0,0,0,NaN,NaN,63.76530258891325,NaN,NaN,NaN,0.635097493789729,0.631114848302247,NaN,NaN,NaN,NaN,NaN,NaN,NaN,NaN,NaN,NaN,1
2024-08-09T14:36:00-04:00,0.6399307399353582,0.64,0.6399307399353582,0.64,0.6396413130512726,0.636391420488809,0.6375133426025156,0,0,10875,10998,0,0,0,0,NaN,NaN,63.27495777599641,NaN,NaN,NaN,0.635097493789729,0.631114848302247,NaN,NaN,NaN,NaN,NaN,NaN,NaN,NaN,NaN,NaN,1,0,0,0,0,NaN,NaN,63.27495777599641,NaN,NaN,NaN,0.635097493789729,0.631114848302247,NaN,NaN,NaN,NaN,NaN,NaN,NaN,NaN,NaN,NaN,1
2024-08-09T14:37:00-04:00,0.639965369967679,0.64,0.639965369967679,0.64,0.6397065288601321,0.6364465133057737,0.6375150174801979,0,0,10875,10999,0,0,0,0,NaN,NaN,62.92845928905708,NaN,NaN,NaN,0.635097493789729,0.631114848302247,NaN,NaN,NaN,NaN,NaN,NaN,NaN,NaN,NaN,NaN,1,0,0,0,0,NaN,NaN,62.92845928905708,NaN,NaN,NaN,0.635097493789729,0.631114848302247,NaN,NaN,NaN,NaN,NaN,NaN,NaN,NaN,NaN,NaN,1
2024-08-09T14:39:00-04:00,0.6399826849838395,0.64,0.6399826849838395,0.64,0.639759887249199,0.6365007650110291,0.6375166901031852,0,0,10875,11000,0,0,0,0,NaN,NaN,63.706248721063695,NaN,NaN,NaN,0.635097493789729,0.631114848302247,NaN,NaN,NaN,NaN,NaN,NaN,NaN,NaN,NaN,NaN,1,0,0,0,0,NaN,NaN,63.706248721063695,NaN,NaN,NaN,0.635097493789729,0.631114848302247,NaN,NaN,NaN,NaN,NaN,NaN,NaN,NaN,NaN,NaN,1
2024-08-09T14:40:00-04:00,0.6399913424919197,0.64,0.6399913424919197,0.64,0.639803544112981,0.6365541884459752,0.6375183604760273,0,0,10875,11001,0,0,0,0,NaN,NaN,64.97452838131997,NaN,NaN,NaN,0.635097493789729,0.631114848302247,NaN,NaN,NaN,NaN,NaN,NaN,NaN,NaN,NaN,NaN,1,0,0,0,0,NaN,NaN,64.97452838131997,NaN,NaN,NaN,0.635097493789729,0.631114848302247,NaN,NaN,NaN,NaN,NaN,NaN,NaN,NaN,NaN,NaN,1
2024-08-09T14:41:00-04:00,0.6399956712459598,0.64,0.6399956712459598,0.64,0.6398392633651663,0.6366067962559603,0.6375200286032616,0,0,10875,11002,0,0,0,0,NaN,NaN,66.13825296392677,NaN,NaN,NaN,0.635097493789729,0.631114848302247,NaN,NaN,NaN,NaN,NaN,NaN,NaN,NaN,NaN,NaN,1,0,0,0,0,NaN,NaN,66.13825296392677,NaN,NaN,NaN,0.635097493789729,0.631114848302247,NaN,NaN,NaN,NaN,NaN,NaN,NaN,NaN,NaN,NaN,1
2024-08-09T14:42:00-04:00,0.6399978356229798,0.64,0.6399978356229798,0.64,0.6398684882078634,0.6366586008932739,0.6375216944894136,0,0,10875,11003,0,0,0,0,NaN,NaN,67.19637345210974,NaN,NaN,NaN,0.635097493789729,0.631114848302247,NaN,NaN,NaN,NaN,NaN,NaN,NaN,NaN,NaN,NaN,1,0,0,0,0,NaN,NaN,67.19637345210974,NaN,NaN,NaN,0.635097493789729,0.631114848302247,NaN,NaN,NaN,NaN,NaN,NaN,NaN,NaN,NaN,NaN,1
2024-08-09T14:44:00-04:00,0.63999891781149,0.64,0.625101,0.6362752500000001,0.6392151721700701,0.6366527482078803,0.6374780483292282,0,0,10875,11004,0,0,0,0,NaN,NaN,66.63508175701425,NaN,NaN,NaN,0.635097493789729,0.631114848302247,NaN,NaN,NaN,NaN,NaN,NaN,NaN,NaN,NaN,NaN,1,0,0,0,0,NaN,NaN,66.63508175701425,NaN,NaN,NaN,0.635097493789729,0.631114848302247,NaN,NaN,NaN,NaN,NaN,NaN,NaN,NaN,NaN,NaN,1
2024-08-09T14:46:00-04:00,0.638137083905745,0.64,0.638137083905745,0.64,0.6393578681391482,0.636703851288676,0.6374796820350458,0,0,10875,11005,0,0,0,0,NaN,NaN,67.38924093399544,NaN,NaN,NaN,0.635097493789729,0.631114848302247,NaN,NaN,NaN,NaN,NaN,NaN,NaN,NaN,NaN,NaN,1,0,0,0,0,NaN,NaN,67.38924093399544,NaN,NaN,NaN,0.635097493789729,0.631114848302247,NaN,NaN,NaN,NaN,NaN,NaN,NaN,NaN,NaN,NaN,1
2024-08-09T14:47:00-04:00,0.6390685419528725,0.64,0.6390685419528725,0.64,0.6394746193865758,0.636754174169765,0.6374813136256232,0,0,10875,11006,0,0,0,0,NaN,NaN,68.16422214799618,NaN,NaN,NaN,0.635097493789729,0.631114848302247,NaN,NaN,NaN,NaN,NaN,NaN,NaN,NaN,NaN,NaN,1,0,0,0,0,NaN,NaN,68.16422214799618,NaN,NaN,NaN,0.635097493789729,0.631114848302247,NaN,NaN,NaN,NaN,NaN,NaN,NaN,NaN,NaN,NaN,1
2024-08-09T14:48:00-04:00,0.6395342709764362,0.64,0.6395342709764362,0.64,0.6395701431344711,0.636803728762593,0.6374829431050658,0,0,10875,11007,0,0,0,0,NaN,NaN,68.83275865971117,NaN,NaN,NaN,0.635097493789729,0.631114848302247,NaN,NaN,NaN,NaN,NaN,NaN,NaN,NaN,NaN,NaN,1,0,0,0,0,NaN,NaN,68.83275865971117,NaN,NaN,NaN,0.635097493789729,0.631114848302247,NaN,NaN,NaN,NaN,NaN,NaN,NaN,NaN,NaN,NaN,1
2024-08-09T14:49:00-04:00,0.6397671354882182,0.64,0.625,0.6338,0.638521026200931,0.6367578703082022,0.6373130303478644,0,0,10875,11008,0,0,0,0,NaN,NaN,66.40972551441419,NaN,NaN,NaN,0.635097493789729,0.631114848302247,NaN,NaN,NaN,NaN,NaN,NaN,NaN,NaN,NaN,NaN,1,0,0,0,0,NaN,NaN,66.40972551441419,NaN,NaN,NaN,0.635097493789729,0.631114848302247,NaN,NaN,NaN,NaN,NaN,NaN,NaN,NaN,NaN,NaN,1
2024-08-09T14:52:00-04:00,0.6367835677441092,0.639,0.635,0.636,0.6380626578007618,0.6367462997691457,0.6373064194844229,0,0,10875,11009,0,0,0,0,NaN,NaN,63.992267234076614,NaN,NaN,NaN,0.635097493789729,0.631114848302247,NaN,NaN,NaN,NaN,NaN,NaN,NaN,NaN,NaN,NaN,1,0,0,0,0,NaN,NaN,63.992267234076614,NaN,NaN,NaN,0.635097493789729,0.631114848302247,NaN,NaN,NaN,NaN,NaN,NaN,NaN,NaN,NaN,NaN,1
2024-08-09T14:53:00-04:00,0.6363917838720545,0.639,0.6363917838720545,0.6388,0.6381967200188051,0.6367776539711434,0.6373082513568127,0,0,10875,11010,0,0,0,0,NaN,NaN,62.77622344834464,NaN,NaN,NaN,0.635097493789729,0.631114848302247,NaN,NaN,NaN,NaN,NaN,NaN,NaN,NaN,NaN,NaN,1,0,0,0,0,NaN,NaN,62.77622344834464,NaN,NaN,NaN,0.635097493789729,0.631114848302247,NaN,NaN,NaN,NaN,NaN,NaN,NaN,NaN,NaN,NaN,1
2024-08-09T14:56:00-04:00,0.6375958919360273,0.64,0.6375958919360273,0.6395,0.638433680015386,0.6368192165059351,0.6373149512475088,0,0,10875,11011,0,0,0,0,NaN,NaN,61.85068875674863,NaN,NaN,NaN,0.635097493789729,0.631114848302247,NaN,NaN,NaN,NaN,NaN,NaN,NaN,NaN,NaN,NaN,1,0,0,0,0,NaN,NaN,61.85068875674863,NaN,NaN,NaN,0.635097493789729,0.631114848302247,NaN,NaN,NaN,NaN,NaN,NaN,NaN,NaN,NaN,NaN,1
2024-08-09T14:57:00-04:00,0.6385479459680137,0.64,0.6385479459680137,0.64,0.6387184654671341,0.6368677780859971,0.6373165918135105,0,0,10875,11012,0,0,0,0,NaN,NaN,60.20962131509342,NaN,NaN,NaN,0.635097493789729,0.631114848302247,NaN,NaN,NaN,NaN,NaN,NaN,NaN,NaN,NaN,NaN,1,0,0,0,0,NaN,NaN,60.20962131509342,NaN,NaN,NaN,0.635097493789729,0.631114848302247,NaN,NaN,NaN,NaN,NaN,NaN,NaN,NaN,NaN,NaN,1
2024-08-09T14:58:00-04:00,0.6392739729840069,0.6392739729840069,0.6388,0.6388,0.6387332899276551,0.6368972776572033,0.6373174976231332,0,0,10875,11013,0,0,0,0,NaN,NaN,57.990033441010915,NaN,NaN,NaN,0.635097493789729,0.631114848302247,NaN,NaN,NaN,NaN,NaN,NaN,NaN,NaN,NaN,NaN,1,0,0,0,0,NaN,NaN,57.990033441010915,NaN,NaN,NaN,0.635097493789729,0.631114848302247,NaN,NaN,NaN,NaN,NaN,NaN,NaN,NaN,NaN,NaN,1
2024-08-09T14:59:00-04:00,0.6390369864920035,0.64,0.6390369864920035,0.64,0.6389636008498997,0.6369446474639635,0.6373207696458414,0,0,10875,11014,0,0,0,0,NaN,NaN,56.18210629458292,NaN,NaN,NaN,0.635097493789729,0.631114848302247,NaN,NaN,NaN,NaN,NaN,NaN,NaN,NaN,NaN,NaN,1,0,0,0,0,NaN,NaN,56.18210629458292,NaN,NaN,NaN,0.635097493789729,0.631114848302247,NaN,NaN,NaN,NaN,NaN,NaN,NaN,NaN,NaN,NaN,1
2024-08-09T15:02:00-04:00,0.6395184932460017,0.64,0.6395184932460017,0.64,0.6391520370590088,0.6369912940675672,0.6373751975655152,1,0,11015,11014,0,0,0,0,NaN,NaN,54.42274957541433,NaN,NaN,NaN,0.635097493789729,0.631114848302247,NaN,NaN,NaN,NaN,NaN,NaN,NaN,NaN,NaN,NaN,1,0,0,0,0,NaN,NaN,54.42274957541433,NaN,NaN,NaN,0.635097493789729,0.631114848302247,NaN,NaN,NaN,NaN,NaN,NaN,NaN,NaN,NaN,NaN,1
2024-08-09T15:04:00-04:00,0.6397592466230009,0.6397592466230009,0.63,0.63,0.6374880303210072,0.6368845567535585,0.6373663948280082,0,0,11015,11014,0,0,0,0,NaN,NaN,47.17310986283741,NaN,NaN,NaN,0.635097493789729,0.631114848302247,NaN,NaN,NaN,NaN,NaN,NaN,NaN,NaN,NaN,NaN,1,0,0,0,0,NaN,NaN,47.17310986283741,NaN,NaN,NaN,0.635097493789729,0.631114848302247,NaN,NaN,NaN,NaN,NaN,NaN,NaN,NaN,NaN,NaN,1
2024-08-09T15:05:00-04:00,0.6348796233115004,0.6348796233115004,0.63,0.63,0.6361265702626423,0.6367794490168629,0.6373620013344985,0,0,11015,11014,0,0,0,0,NaN,NaN,40.38781051065663,NaN,NaN,NaN,0.635097493789729,0.631114848302247,NaN,NaN,NaN,NaN,NaN,NaN,NaN,NaN,NaN,NaN,1,0,0,0,0,NaN,NaN,40.38781051065663,NaN,NaN,NaN,0.635097493789729,0.631114848302247,NaN,NaN,NaN,NaN,NaN,NaN,NaN,NaN,NaN,NaN,1
2024-08-09T15:06:00-04:00,0.6324398116557501,0.6324398116557501,0.63,0.63,0.6350126483967073,0.6366759459784375,0.6373576130786335,0,0,11015,11014,0,0,0,0,NaN,NaN,34.079116615206,NaN,NaN,NaN,0.635097493789729,0.631114848302247,NaN,NaN,NaN,NaN,NaN,NaN,NaN,NaN,NaN,NaN,1,0,0,0,0,NaN,NaN,34.079116615206,NaN,NaN,NaN,0.635097493789729,0.631114848302247,NaN,NaN,NaN,NaN,NaN,NaN,NaN,NaN,NaN,NaN,1
2024-08-09T15:07:00-04:00,0.6312199058278751,0.6312199058278751,0.63,0.63,0.6341012577791242,0.636574023139072,0.6373532300510527,0,0,11015,11014,0,0,0,0,NaN,NaN,27.22362409690879,NaN,NaN,NaN,0.635097493789729,0.631114848302247,NaN,NaN,NaN,NaN,NaN,NaN,NaN,NaN,NaN,NaN,1,0,0,0,0,NaN,NaN,27.22362409690879,NaN,NaN,NaN,0.635097493789729,0.631114848302247,NaN,NaN,NaN,NaN,NaN,NaN,NaN,NaN,NaN,NaN,1
2024-08-09T15:08:00-04:00,0.6306099529139375,0.6306099529139375,0.63,0.63,0.6333555745465561,0.63647365637359,0.6373357500371437,0,0,11015,11014,0,0,0,0,NaN,NaN,21.234917890669816,NaN,NaN,NaN,0.635097493789729,0.631114848302247,NaN,NaN,NaN,NaN,NaN,NaN,NaN,NaN,NaN,NaN,1,0,0,0,0,NaN,NaN,21.234917890669816,NaN,NaN,NaN,0.635097493789729,0.631114848302247,NaN,NaN,NaN,NaN,NaN,NaN,NaN,NaN,NaN,NaN,1
2024-08-09T15:09:00-04:00,0.6303049764569688,0.6303049764569688,0.629902,0.6299509999999999,0.6327365609926368,0.6363740738335352,0.637287787488339,0,0,11015,11014,0,0,0,0,NaN,NaN,16.412761389706674,NaN,NaN,NaN,0.635097493789729,0.631114848302247,NaN,NaN,NaN,NaN,NaN,NaN,NaN,NaN,NaN,NaN,1,0,0,0,0,NaN,NaN,16.412761389706674,NaN,NaN,NaN,0.635097493789729,0.631114848302247,NaN,NaN,NaN,NaN,NaN,NaN,NaN,NaN,NaN,NaN,1
2024-08-09T15:10:00-04:00,0.6301279882284844,0.6301279882284844,0.63,0.63,0.632239004448521,0.6362767597292064,0.6372834870460743,0,0,11015,11014,0,0,0,0,NaN,NaN,12.19568420014356,NaN,NaN,NaN,0.635097493789729,0.631114848302247,NaN,NaN,NaN,NaN,NaN,NaN,NaN,NaN,NaN,NaN,1,0,0,0,0,NaN,NaN,12.19568420014356,NaN,NaN,NaN,0.635097493789729,0.631114848302247,NaN,NaN,NaN,NaN,NaN,NaN,NaN,NaN,NaN,NaN,1
2024-08-09T15:11:00-04:00,0.6300639941142422,0.6300639941142422,0.63,0.63,0.6318319127306081,0.6361809313363941,0.6372577905974741,0,0,11015,11014,0,0,0,0,NaN,NaN,7.684276071439446,NaN,NaN,NaN,0.635097493789729,0.631114848302247,NaN,NaN,NaN,NaN,NaN,NaN,NaN,NaN,NaN,NaN,1,0,0,0,0,NaN,NaN,7.684276071439446,NaN,NaN,NaN,0.635097493789729,0.631114848302247,NaN,NaN,NaN,NaN,NaN,NaN,NaN,NaN,NaN,NaN,1
2024-08-09T15:12:00-04:00,0.6300319970571211,0.6300319970571211,0.63,0.63,0.6314988376886794,0.6360865659724797,0.6372535254736553,0,0,11015,11014,0,0,0,0,NaN,NaN,4.603594323795742,NaN,NaN,NaN,0.635097493789729,0.631114848302247,NaN,NaN,NaN,NaN,NaN,NaN,NaN,NaN,NaN,NaN,1,0,0,0,0,NaN,NaN,4.603594323795742,NaN,NaN,NaN,0.635097493789729,0.631114848302247,NaN,NaN,NaN,NaN,NaN,NaN,NaN,NaN,NaN,NaN,1
2024-08-09T15:13:00-04:00,0.6300159985285605,0.6300159985285605,0.63,0.63,0.6312263217452831,0.6359936413011441,0.6372280396317184,0,0,11015,11014,0,0,0,0,NaN,NaN,2.2716101829577244,NaN,NaN,NaN,0.635097493789729,0.631114848302247,NaN,NaN,NaN,NaN,NaN,NaN,NaN,NaN,NaN,NaN,1,0,0,0,0,NaN,NaN,2.2716101829577244,NaN,NaN,NaN,0.635097493789729,0.631114848302247,NaN,NaN,NaN,NaN,NaN,NaN,NaN,NaN,NaN,NaN,1
2024-08-09T15:14:00-04:00,0.6300079992642802,0.6300079992642802,0.63,0.63,0.6310033541552317,0.6359021353270808,0.6372238093930332,0,0,11015,11014,0,0,0,0,NaN,NaN,0.6607552551520796,NaN,NaN,NaN,0.635097493789729,0.631114848302247,NaN,NaN,NaN,NaN,NaN,NaN,NaN,NaN,NaN,NaN,1,0,0,0,0,NaN,NaN,0.6607552551520796,NaN,NaN,NaN,0.635097493789729,0.631114848302247,NaN,NaN,NaN,NaN,NaN,NaN,NaN,NaN,NaN,NaN,1
2024-08-09T15:15:00-04:00,0.63000399963214,0.63000399963214,0.63,0.63,0.6308209261270077,0.6358120263907895,0.6372195841029796,0,0,11015,11014,0,0,0,0,NaN,NaN,0.009443379650772335,NaN,NaN,NaN,0.635097493789729,0.631114848302247,NaN,NaN,NaN,NaN,NaN,NaN,NaN,NaN,NaN,NaN,1,0,0,0,0,NaN,NaN,0.009443379650772335,NaN,NaN,NaN,0.635097493789729,0.631114848302247,NaN,NaN,NaN,NaN,NaN,NaN,NaN,NaN,NaN,NaN,1
2024-08-09T15:16:00-04:00,0.63000199981607,0.63000199981607,0.6252,0.6252,0.6297989395584608,0.635650010720701,0.6371113158807676,0,1,11015,11014,0,0,0,0,NaN,NaN,0.7211676094428487,NaN,NaN,NaN,0.635097493789729,0.631114848302247,NaN,NaN,NaN,NaN,NaN,NaN,NaN,NaN,NaN,NaN,1,0,0,0,0,NaN,NaN,0.7211676094428487,NaN,NaN,NaN,0.635097493789729,0.631114848302247,NaN,NaN,NaN,NaN,NaN,NaN,NaN,NaN,NaN,NaN,1
2024-08-09T15:18:00-04:00,0.627600999908035,0.627600999908035,0.622321,0.622321,0.6284393141841952,0.6354465143738202,0.6370956437279609,0,0,11015,11029,0,0,0,0,NaN,NaN,3.607125292791263,NaN,NaN,NaN,0.635097493789729,0.631114848302247,NaN,NaN,NaN,NaN,NaN,NaN,NaN,NaN,NaN,NaN,1,0,0,0,0,NaN,NaN,3.607125292791263,NaN,NaN,NaN,0.635097493789729,0.631114848302247,NaN,NaN,NaN,NaN,NaN,NaN,NaN,NaN,NaN,NaN,1
2024-08-09T15:19:00-04:00,0.6249609999540175,0.6249609999540175,0.6221,0.6221,0.6272867116052506,0.6352427507955939,0.6370487295953708,0,0,11015,11030,0,0,0,0,NaN,NaN,8.57198755405164,NaN,NaN,NaN,0.635097493789729,0.631114848302247,NaN,NaN,NaN,NaN,NaN,NaN,NaN,NaN,NaN,NaN,1,0,0,0,0,NaN,NaN,8.57198755405164,NaN,NaN,NaN,0.635097493789729,0.631114848302247,NaN,NaN,NaN,NaN,NaN,NaN,NaN,NaN,NaN,NaN,1
2024-08-09T15:22:00-04:00,0.6235304999770088,0.6235304999770088,0.6221,0.6221,0.6263436731315687,0.6350420981116917,0.6370401059087372,0,0,11015,11031,0,0,0,0,NaN,NaN,14.574417561101438,NaN,NaN,NaN,0.635097493789729,0.631114848302247,NaN,NaN,NaN,NaN,NaN,NaN,NaN,NaN,NaN,NaN,1,0,0,0,0,NaN,NaN,14.574417561101438,NaN,NaN,NaN,0.635097493789729,0.631114848302247,NaN,NaN,NaN,NaN,NaN,NaN,NaN,NaN,NaN,NaN,1
2024-08-09T15:26:00-04:00,0.6228152499885045,0.63,0.6228152499885045,0.63,0.6270084598349198,0.6349651195145666,0.6370360469240972,0,0,11015,11032,0,0,0,0,NaN,NaN,19.324791154425192,NaN,NaN,NaN,0.635097493789729,0.631114848302247,NaN,NaN,NaN,NaN,NaN,NaN,NaN,NaN,NaN,NaN,1,0,0,0,0,NaN,NaN,19.324791154425192,NaN,NaN,NaN,0.635097493789729,0.631114848302247,NaN,NaN,NaN,NaN,NaN,NaN,NaN,NaN,NaN,NaN,1
2024-08-09T15:27:00-04:00,0.6264076249942523,0.63,0.6264076249942523,0.63,0.6275523762285707,0.6348893161631991,0.6370319926171888,0,0,11015,11033,0,0,0,0,NaN,NaN,24.210166263001117,NaN,NaN,NaN,0.635097493789729,0.631114848302247,NaN,NaN,NaN,NaN,NaN,NaN,NaN,NaN,NaN,NaN,1,0,0,0,0,NaN,NaN,24.210166263001117,NaN,NaN,NaN,0.635097493789729,0.631114848302247,NaN,NaN,NaN,NaN,NaN,NaN,NaN,NaN,NaN,NaN,1
2024-08-09T15:28:00-04:00,0.6282038124971261,0.63,0.6282038124971261,0.63,0.627997398732467,0.634814670114906,0.6370279429799305,0,0,11015,11034,0,0,0,0,NaN,NaN,25.54777145078123,NaN,NaN,NaN,0.635097493789729,0.631114848302247,NaN,NaN,NaN,NaN,NaN,NaN,NaN,NaN,NaN,NaN,1,0,0,0,0,NaN,NaN,25.54777145078123,NaN,NaN,NaN,0.635097493789729,0.631114848302247,NaN,NaN,NaN,NaN,NaN,NaN,NaN,NaN,NaN,NaN,1
2024-08-09T15:29:00-04:00,0.629101906248563,0.63,0.629101906248563,0.63,0.6283615080538366,0.6347411637009379,0.6370238980042593,0,0,11015,11035,0,0,0,0,NaN,NaN,33.73748905727134,NaN,NaN,NaN,0.635097493789729,0.631114848302247,NaN,NaN,NaN,NaN,NaN,NaN,NaN,NaN,NaN,NaN,1,0,0,0,0,NaN,NaN,33.73748905727134,NaN,NaN,NaN,0.635097493789729,0.631114848302247,NaN,NaN,NaN,NaN,NaN,NaN,NaN,NaN,NaN,NaN,1
2024-08-09T15:30:00-04:00,0.6295509531242816,0.63,0.6242,0.6285499999999999,0.6283957793167754,0.6346466421177175,0.6369557789975052,0,0,11015,11036,0,0,0,0,NaN,NaN,48.639855157291265,NaN,NaN,NaN,0.635097493789729,0.631114848302247,NaN,NaN,NaN,NaN,NaN,NaN,NaN,NaN,NaN,NaN,1,0,0,0,0,NaN,NaN,48.639855157291265,NaN,NaN,NaN,0.635097493789729,0.631114848302247,NaN,NaN,NaN,NaN,NaN,NaN,NaN,NaN,NaN,NaN,1
2024-08-09T15:32:00-04:00,0.6290504765621407,0.639,0.6290504765621407,0.639,0.630323819440998,0.6347131055968364,0.6369581105470111,0,0,11015,11037,0,0,0,0,NaN,NaN,51.32038679214291,NaN,NaN,NaN,0.635097493789729,0.631114848302247,NaN,NaN,NaN,NaN,NaN,NaN,NaN,NaN,NaN,NaN,1,0,0,0,0,NaN,NaN,51.32038679214291,NaN,NaN,NaN,0.635097493789729,0.631114848302247,NaN,NaN,NaN,NaN,NaN,NaN,NaN,NaN,NaN,NaN,1
2024-08-09T15:34:00-04:00,0.6340252382810704,0.635,0.6340252382810704,0.635,0.6311740340880893,0.6347174856640603,0.6369558797556865,0,0,11015,11038,0,0,0,0,NaN,NaN,52.420756836580075,NaN,NaN,NaN,0.635097493789729,0.631114848302247,NaN,NaN,NaN,NaN,NaN,NaN,NaN,NaN,NaN,NaN,1,0,0,0,0,NaN,NaN,52.420756836580075,NaN,NaN,NaN,0.635097493789729,0.631114848302247,NaN,NaN,NaN,NaN,NaN,NaN,NaN,NaN,NaN,NaN,1
2024-08-09T15:35:00-04:00,0.6345126191405353,0.635,0.6345126191405353,0.635,0.6318696642538912,0.6347217988600288,0.6369536540414675,0,0,11015,11039,0,0,0,0,NaN,NaN,50.90288692599418,NaN,NaN,NaN,0.635097493789729,0.631114848302247,NaN,NaN,NaN,NaN,NaN,NaN,NaN,NaN,NaN,NaN,1,0,0,0,0,NaN,NaN,50.90288692599418,NaN,NaN,NaN,0.635097493789729,0.631114848302247,NaN,NaN,NaN,NaN,NaN,NaN,NaN,NaN,NaN,NaN,1
2024-08-09T15:36:00-04:00,0.6347563095702676,0.635,0.6347563095702676,0.635,0.6324388162077292,0.6347260462056772,0.6369525430828592,0,0,11015,11040,0,0,0,0,NaN,NaN,49.32538211213575,NaN,NaN,NaN,0.635097493789729,0.631114848302247,NaN,NaN,NaN,NaN,NaN,NaN,NaN,NaN,NaN,NaN,1,0,0,0,0,NaN,NaN,49.32538211213575,NaN,NaN,NaN,0.635097493789729,0.631114848302247,NaN,NaN,NaN,NaN,NaN,NaN,NaN,NaN,NaN,NaN,1
2024-08-09T15:37:00-04:00,0.6348781547851339,0.635,0.6348781547851339,0.635,0.6329044859881421,0.6347302287063539,0.6369514333870411,0,0,11015,11041,0,0,0,0,NaN,NaN,47.69054108164986,NaN,NaN,NaN,0.635097493789729,0.631114848302247,NaN,NaN,NaN,NaN,NaN,NaN,NaN,NaN,NaN,NaN,1,0,0,0,0,NaN,NaN,47.69054108164986,NaN,NaN,NaN,0.635097493789729,0.631114848302247,NaN,NaN,NaN,NaN,NaN,NaN,NaN,NaN,NaN,NaN,1
2024-08-09T15:38:00-04:00,0.6349390773925669,0.6349390773925669,0.6343,0.6343,0.6331582158084799,0.6347236603291576,0.6369499273443227,0,0,11015,11042,0,0,0,0,NaN,NaN,46.397625932847,NaN,NaN,NaN,0.635097493789729,0.631114848302247,NaN,NaN,NaN,NaN,NaN,NaN,NaN,NaN,NaN,NaN,1,0,0,0,0,NaN,NaN,46.397625932847,NaN,NaN,NaN,0.635097493789729,0.631114848302247,NaN,NaN,NaN,NaN,NaN,NaN,NaN,NaN,NaN,NaN,1
2024-08-09T15:39:00-04:00,0.6346195386962834,0.635,0.6346195386962834,0.635,0.6334930856614835,0.6347278792554301,0.6369477146984733,0,0,11015,11043,0,0,0,0,NaN,NaN,44.64070930939681,NaN,NaN,NaN,0.635097493789729,0.631114848302247,NaN,NaN,NaN,NaN,NaN,NaN,NaN,NaN,NaN,NaN,1,0,0,0,0,NaN,NaN,44.64070930939681,NaN,NaN,NaN,0.635097493789729,0.631114848302247,NaN,NaN,NaN,NaN,NaN,NaN,NaN,NaN,NaN,NaN,1
2024-08-09T15:40:00-04:00,0.6348097693481417,0.635,0.6348097693481417,0.635,0.6337670700866683,0.6347320337706144,0.6369466102575517,0,0,11015,11044,0,0,0,0,NaN,NaN,42.83452810618288,NaN,NaN,NaN,0.635097493789729,0.631114848302247,NaN,NaN,NaN,NaN,NaN,NaN,NaN,NaN,NaN,NaN,1,0,0,0,0,NaN,NaN,42.83452810618288,NaN,NaN,NaN,0.635097493789729,0.631114848302247,NaN,NaN,NaN,NaN,NaN,NaN,NaN,NaN,NaN,NaN,1
2024-08-09T15:41:00-04:00,0.6349048846740708,0.635,0.6349048846740708,0.635,0.6339912391618195,0.634736124858086,0.6369455070684547,0,0,11015,11045,0,0,0,0,NaN,NaN,40.98229720250709,NaN,NaN,NaN,0.635097493789729,0.631114848302247,NaN,NaN,NaN,NaN,NaN,NaN,NaN,NaN,NaN,NaN,1,0,0,0,0,NaN,NaN,40.98229720250709,NaN,NaN,NaN,0.635097493789729,0.631114848302247,NaN,NaN,NaN,NaN,NaN,NaN,NaN,NaN,NaN,NaN,1
2024-08-09T15:42:00-04:00,0.6349524423370354,0.635,0.6349524423370354,0.635,0.6341746502233069,0.6347401534862068,0.6369433044372302,0,0,11015,11046,0,0,0,0,NaN,NaN,41.71235185185279,NaN,NaN,NaN,0.635097493789729,0.631114848302247,NaN,NaN,NaN,NaN,NaN,NaN,NaN,NaN,NaN,NaN,1,0,0,0,0,NaN,NaN,41.71235185185279,NaN,NaN,NaN,0.635097493789729,0.631114848302247,NaN,NaN,NaN,NaN,NaN,NaN,NaN,NaN,NaN,NaN,1
2024-08-09T15:43:00-04:00,0.6349762211685177,0.635,0.625,0.6299375,0.6334042592736148,0.634666830532219,0.6369077926520533,0,0,11015,11047,0,0,0,0,NaN,NaN,42.58562696644554,NaN,NaN,NaN,0.635097493789729,0.631114848302247,NaN,NaN,NaN,NaN,NaN,NaN,NaN,NaN,NaN,NaN,1,0,0,0,0,NaN,NaN,42.58562696644554,NaN,NaN,NaN,0.635097493789729,0.631114848302247,NaN,NaN,NaN,NaN,NaN,NaN,NaN,NaN,NaN,NaN,1
2024-08-09T15:44:00-04:00,0.6324568605842589,0.635,0.6259,0.6303,0.6328398484965939,0.6346001613637882,0.636667513195172,0,1,11015,11048,0,0,0,0,NaN,NaN,42.7901209745631,NaN,NaN,NaN,0.635097493789729,0.631114848302247,NaN,NaN,NaN,NaN,NaN,NaN,NaN,NaN,NaN,NaN,1,0,0,0,0,NaN,NaN,42.7901209745631,NaN,NaN,NaN,0.635097493789729,0.631114848302247,NaN,NaN,NaN,NaN,NaN,NaN,NaN,NaN,NaN,NaN,1
2024-08-09T15:45:00-04:00,0.6313784302921295,0.6313784302921295,0.6241,0.62435,0.6312962396790314,0.6344436703506006,0.6366208945448304,0,0,11015,11049,0,0,0,0,NaN,NaN,44.38441836798475,NaN,NaN,NaN,0.635097493789729,0.631114848302247,NaN,NaN,NaN,NaN,NaN,NaN,NaN,NaN,NaN,NaN,1,0,0,0,0,NaN,NaN,44.38441836798475,NaN,NaN,NaN,0.635097493789729,0.631114848302247,NaN,NaN,NaN,NaN,NaN,NaN,NaN,NaN,NaN,NaN,1
2024-08-09T15:49:00-04:00,0.6278642151460647,0.6278642151460647,0.6221,0.6221,0.6296241961010257,0.6342552173681486,0.6364348812602415,0,0,11015,11050,0,0,0,0,NaN,NaN,46.06261617310262,NaN,NaN,NaN,0.635097493789729,0.631114848302247,NaN,NaN,NaN,NaN,NaN,NaN,NaN,NaN,NaN,NaN,1,0,0,0,0,NaN,NaN,46.06261617310262,NaN,NaN,NaN,0.635097493789729,0.631114848302247,NaN,NaN,NaN,NaN,NaN,NaN,NaN,NaN,NaN,NaN,1
2024-08-09T15:51:00-04:00,0.6249821075730324,0.6249821075730324,0.622,0.622,0.6282379786281119,0.6340681148129097,0.6363278162929862,0,0,11015,11051,0,0,0,0,NaN,NaN,47.65899322318871,NaN,NaN,NaN,0.635097493789729,0.631114848302247,NaN,NaN,NaN,NaN,NaN,NaN,NaN,NaN,NaN,NaN,1,0,0,0,0,NaN,NaN,47.65899322318871,NaN,NaN,NaN,0.635097493789729,0.631114848302247,NaN,NaN,NaN,NaN,NaN,NaN,NaN,NaN,NaN,NaN,1
2024-08-09T15:52:00-04:00,0.6234910537865161,0.6234910537865161,0.622,0.622,0.6271038006957279,0.6338838687852317,0.6363202295369945,0,0,11015,11052,0,0,0,0,NaN,NaN,49.16324439849756,NaN,NaN,NaN,0.635097493789729,0.631114848302247,NaN,NaN,NaN,NaN,NaN,NaN,NaN,NaN,NaN,NaN,1,0,0,0,0,NaN,NaN,49.16324439849756,NaN,NaN,NaN,0.635097493789729,0.631114848302247,NaN,NaN,NaN,NaN,NaN,NaN,NaN,NaN,NaN,NaN,1
2024-08-09T15:53:00-04:00,0.622745526893258,0.626,0.622,0.624,0.6265394732965046,0.6337329700251518,0.636307195911993,0,0,11015,11053,0,0,0,0,NaN,NaN,50.32633898285005,NaN,NaN,NaN,0.635097493789729,0.631114848302247,NaN,NaN,NaN,NaN,NaN,NaN,NaN,NaN,NaN,NaN,1,0,0,0,0,NaN,NaN,50.32633898285005,NaN,NaN,NaN,0.635097493789729,0.631114848302247,NaN,NaN,NaN,NaN,NaN,NaN,NaN,NaN,NaN,NaN,1
2024-08-09T15:54:00-04:00,0.6233727634466291,0.63,0.6233727634466291,0.6278,0.6267686599698674,0.6336423903301114,0.6362982056228964,0,0,11015,11054,0,0,0,0,NaN,NaN,50.439438872349044,NaN,NaN,NaN,0.635097493789729,0.631114848302247,NaN,NaN,NaN,NaN,NaN,NaN,NaN,NaN,NaN,NaN,1,0,0,0,0,NaN,NaN,50.439438872349044,NaN,NaN,NaN,0.635097493789729,0.631114848302247,NaN,NaN,NaN,NaN,NaN,NaN,NaN,NaN,NaN,NaN,1
2024-08-09T15:55:00-04:00,0.6255863817233145,0.63,0.6255863817233145,0.6287,0.6271198127026189,0.6335669339891936,0.6354876461921711,0,0,11015,11055,0,0,0,0,NaN,NaN,50.16064746496851,NaN,NaN,NaN,0.635097493789729,0.631114848302247,NaN,NaN,NaN,NaN,NaN,NaN,NaN,NaN,NaN,NaN,1,0,0,0,0,NaN,NaN,50.16064746496851,NaN,NaN,NaN,0.635097493789729,0.631114848302247,NaN,NaN,NaN,NaN,NaN,NaN,NaN,NaN,NaN,NaN,1
2024-08-09T15:56:00-04:00,0.6271431908616573,0.63,0.6218,0.6259,0.62689802857487,0.6334498815618776,0.6352377326018399,0,0,11015,11056,0,0,0,0,NaN,NaN,50.65557023024175,NaN,NaN,NaN,0.635097493789729,0.631114848302247,NaN,NaN,NaN,NaN,NaN,NaN,NaN,NaN,NaN,NaN,1,0,0,0,0,NaN,NaN,50.65557023024175,NaN,NaN,NaN,0.635097493789729,0.631114848302247,NaN,NaN,NaN,NaN,NaN,NaN,NaN,NaN,NaN,NaN,1
2024-08-09T15:57:00-04:00,0.6265215954308286,0.63,0.6256,0.62755,0.6270165688339845,0.6333598070342153,0.6352130724476799,0,0,11015,11057,0,0,0,0,NaN,NaN,54.13389271268238,NaN,NaN,NaN,0.635097493789729,0.631114848302247,NaN,NaN,NaN,NaN,NaN,NaN,NaN,NaN,NaN,NaN,1,0,0,0,0,NaN,NaN,54.13389271268238,NaN,NaN,NaN,0.635097493789729,0.631114848302247,NaN,NaN,NaN,NaN,NaN,NaN,NaN,NaN,NaN,NaN,1
2024-08-09T15:58:00-04:00,0.6270357977154144,0.63,0.6270357977154144,0.6295999999999999,0.6274862835914419,0.6333024054001052,0.6352028025813845,0,0,11015,11058,0,0,0,0,NaN,NaN,53.1880375418184,NaN,NaN,NaN,0.635097493789729,0.631114848302247,NaN,NaN,NaN,NaN,NaN,NaN,NaN,NaN,NaN,NaN,1,0,0,0,0,NaN,NaN,53.1880375418184,NaN,NaN,NaN,0.635097493789729,0.631114848302247,NaN,NaN,NaN,NaN,NaN,NaN,NaN,NaN,NaN,NaN,1
2024-08-09T15:59:00-04:00,0.6283178988577072,0.63,0.6283178988577072,0.63,0.6279433229384525,0.6332519869970501,0.6351781933550184,0,0,11015,11059,0,0,0,0,NaN,NaN,51.96114415440808,NaN,NaN,NaN,0.635097493789729,0.631114848302247,NaN,NaN,NaN,NaN,NaN,NaN,NaN,NaN,NaN,NaN,1,0,0,0,0,NaN,NaN,51.96114415440808,NaN,NaN,NaN,0.635097493789729,0.631114848302247,NaN,NaN,NaN,NaN,NaN,NaN,NaN,NaN,NaN,NaN,1
2024-08-09T16:00:00-04:00,0.6291589494288536,0.63,0.6291589494288536,0.63,0.6283172642223702,0.6332023383406066,0.6351453995202705,0,0,11015,11060,0,0,0,0,NaN,NaN,50.63198691185827,NaN,NaN,NaN,0.635097493789729,0.631114848302247,NaN,NaN,NaN,NaN,NaN,NaN,NaN,NaN,NaN,NaN,1,0,0,0,0,NaN,NaN,50.63198691185827,NaN,NaN,NaN,0.635097493789729,0.631114848302247,NaN,NaN,NaN,NaN,NaN,NaN,NaN,NaN,NaN,NaN,1
2024-08-09T16:02:00-04:00,0.6295794747144268,0.63,0.6295794747144268,0.63,0.6286232161819393,0.6331534476789179,0.6351407485639199,0,0,11015,11061,0,0,0,0,NaN,NaN,49.20158874283672,NaN,NaN,NaN,0.635097493789729,0.631114848302247,NaN,NaN,NaN,NaN,NaN,NaN,NaN,NaN,NaN,NaN,1,0,0,0,0,NaN,NaN,49.20158874283672,NaN,NaN,NaN,0.635097493789729,0.631114848302247,NaN,NaN,NaN,NaN,NaN,NaN,NaN,NaN,NaN,NaN,1
2024-08-09T16:05:00-04:00,0.6297897373572134,0.7,0.6297897373572134,0.665,0.6352371768761321,0.6336396545845833,0.6370447603741771,0,0,11015,11062,0,1,0,0,NaN,NaN,20.973878511549994,NaN,NaN,NaN,0.635097493789729,0.6473435000000001,NaN,NaN,NaN,NaN,NaN,NaN,NaN,NaN,NaN,NaN,1,0,1,0,0,NaN,NaN,20.973878511549994,NaN,NaN,NaN,0.635097493789729,0.6473435000000001,NaN,NaN,NaN,NaN,NaN,NaN,NaN,NaN,NaN,NaN,1
2024-08-09T16:06:00-04:00,0.6473948686786067,0.7207,0.6473948686786067,0.697675,0.6465895083531991,0.6346172934458874,0.6406623878308426,0,0,11015,11063,0,0,0,0,NaN,NaN,2.111795396252222,NaN,NaN,NaN,0.6750736763191443,0.66470082,NaN,NaN,NaN,NaN,NaN,NaN,NaN,NaN,NaN,NaN,1,0,0,0,0,NaN,NaN,2.111795396252222,NaN,NaN,NaN,0.6750736763191443,0.66470082,NaN,NaN,NaN,NaN,NaN,NaN,NaN,NaN,NaN,NaN,1
2024-08-09T16:07:00-04:00,0.6725349343393034,0.69,0.6626,0.6762999999999999,0.6519914159253447,0.6352536706451868,0.6444516981013829,0,0,11015,11064,0,0,0,0,NaN,NaN,0.1044022887866655,NaN,NaN,NaN,0.6750736763191443,0.66470082,NaN,NaN,NaN,NaN,NaN,NaN,NaN,NaN,NaN,NaN,1,0,0,0,0,NaN,NaN,0.1044022887866655,NaN,NaN,NaN,0.6750736763191443,0.66470082,NaN,NaN,NaN,NaN,NaN,NaN,NaN,NaN,NaN,NaN,1
2024-08-09T16:08:00-04:00,0.6744174671696517,0.68,0.6506,0.6606749999999999,0.6535702493934639,0.6356417825437336,0.6445934539979205,0,0,11015,11065,0,0,0,0,NaN,NaN,0.09064374590523801,NaN,NaN,NaN,0.6750736763191443,0.66470082,NaN,NaN,NaN,NaN,NaN,NaN,NaN,NaN,NaN,NaN,1,0,0,0,0,NaN,NaN,0.09064374590523801,NaN,NaN,NaN,0.6750736763191443,0.66470082,NaN,NaN,NaN,NaN,NaN,NaN,NaN,NaN,NaN,NaN,1
2024-08-09T16:09:00-04:00,0.6675462335848258,0.6675462335848258,0.624,0.637375,0.6506256585946523,0.6356682438789438,0.6443633419452862,0,0,11015,11066,0,0,0,0,NaN,NaN,0.20602975589565528,NaN,NaN,NaN,0.6750736763191443,0.66470082,NaN,NaN,NaN,NaN,NaN,NaN,NaN,NaN,NaN,NaN,1,0,0,0,0,NaN,NaN,0.20602975589565528,NaN,NaN,NaN,0.6750736763191443,0.66470082,NaN,NaN,NaN,NaN,NaN,NaN,NaN,NaN,NaN,NaN,1
2024-08-09T16:11:00-04:00,0.652460616792413,0.66,0.652460616792413,0.66,0.6523300843047155,0.6360397210716318,0.6443686759215357,0,0,11015,11067,0,0,0,0,NaN,NaN,1.0755161613528983,NaN,NaN,NaN,0.6750736763191443,0.66470082,NaN,NaN,NaN,NaN,NaN,NaN,NaN,NaN,NaN,NaN,1,0,0,0,0,NaN,NaN,1.0755161613528983,NaN,NaN,NaN,0.6750736763191443,0.66470082,NaN,NaN,NaN,NaN,NaN,NaN,NaN,NaN,NaN,NaN,1
2024-08-09T16:12:00-04:00,0.6562303083962064,0.66,0.6562303083962064,0.66,0.6537246144311308,0.6364055268567976,0.644523362054262,0,0,11015,11068,0,0,0,0,NaN,NaN,2.4917411629630117,NaN,NaN,NaN,0.6718786790398689,0.66470082,NaN,NaN,NaN,NaN,NaN,NaN,NaN,NaN,NaN,NaN,1,0,0,0,0,NaN,NaN,2.4917411629630117,NaN,NaN,NaN,0.6718786790398689,0.66470082,NaN,NaN,NaN,NaN,NaN,NaN,NaN,NaN,NaN,NaN,1
2024-08-09T16:13:00-04:00,0.6581151541981032,0.66,0.6581151541981032,0.66,0.6548655936254707,0.636765747820816,0.6445338092889544,0,0,11015,11069,0,0,0,0,NaN,NaN,4.340633953708694,NaN,NaN,NaN,0.67104061640901,0.66470082,NaN,NaN,NaN,NaN,NaN,NaN,NaN,NaN,NaN,NaN,1,0,0,0,0,NaN,NaN,4.340633953708694,NaN,NaN,NaN,0.67104061640901,0.66470082,NaN,NaN,NaN,NaN,NaN,NaN,NaN,NaN,NaN,NaN,1
2024-08-09T16:17:00-04:00,0.6590575770990517,0.66,0.6590575770990517,0.66,0.6557991220572033,0.6371204692281317,0.6445416354636139,0,0,11015,11070,0,0,0,0,NaN,NaN,6.532952710000048,NaN,NaN,NaN,0.6709936595273482,0.66470082,NaN,NaN,NaN,NaN,NaN,NaN,NaN,NaN,NaN,NaN,1,0,0,0,0,NaN,NaN,6.532952710000048,NaN,NaN,NaN,0.6709936595273482,0.66470082,NaN,NaN,NaN,NaN,NaN,NaN,NaN,NaN,NaN,NaN,1
2024-08-09T16:18:00-04:00,0.6595287885495258,0.6595287885495258,0.65,0.65,0.6547447362286208,0.6373171032857174,0.644545775369366,0,0,11015,11071,0,0,0,0,NaN,NaN,8.198905768238964,NaN,NaN,NaN,0.6610261912297117,0.66470082,NaN,NaN,NaN,NaN,NaN,NaN,NaN,NaN,NaN,NaN,1,0,0,0,0,NaN,NaN,8.198905768238964,NaN,NaN,NaN,0.6610261912297117,0.66470082,NaN,NaN,NaN,NaN,NaN,NaN,NaN,NaN,NaN,NaN,1
2024-08-09T16:23:00-04:00,0.654764394274763,0.654764394274763,0.625,0.625,0.6493366023688716,0.6371290559073095,0.6444539671396746,0,0,11015,11072,0,0,0,0,NaN,NaN,7.388382354090997,NaN,NaN,NaN,0.6362314987234674,0.65915725,NaN,NaN,NaN,NaN,NaN,NaN,NaN,NaN,NaN,NaN,1,0,0,0,0,NaN,NaN,7.388382354090997,NaN,NaN,NaN,0.6362314987234674,0.65915725,NaN,NaN,NaN,NaN,NaN,NaN,NaN,NaN,NaN,NaN,1
2024-08-09T16:26:00-04:00,0.6398821971373815,0.6398821971373815,0.6294,0.6294,0.6457117655745312,0.6370110550537628,0.6444454362924426,0,0,11015,11073,0,0,0,0,NaN,NaN,7.128197910782308,NaN,NaN,NaN,0.6362314987234674,0.65915725,NaN,NaN,NaN,NaN,NaN,NaN,NaN,NaN,NaN,NaN,1,0,0,0,0,NaN,NaN,7.128197910782308,NaN,NaN,NaN,0.6362314987234674,0.65915725,NaN,NaN,NaN,NaN,NaN,NaN,NaN,NaN,NaN,NaN,1
2024-08-09T16:27:00-04:00,0.6346410985686908,0.6346410985686908,0.6202,0.6226,0.641509626379162,0.6367910389460717,0.6443942804699156,0,0,11015,11074,0,0,0,0,NaN,NaN,6.20790659363382,NaN,NaN,NaN,0.6362314987234674,0.6568965325,NaN,NaN,NaN,NaN,NaN,NaN,NaN,NaN,NaN,NaN,1,0,0,0,0,NaN,NaN,6.20790659363382,NaN,NaN,NaN,0.6362314987234674,0.6568965325,NaN,NaN,NaN,NaN,NaN,NaN,NaN,NaN,NaN,NaN,1
2024-08-09T16:29:00-04:00,0.6286205492843454,0.6286205492843454,0.62,0.62,0.6375987852193143,0.636534687206437,0.644345414701061,0,0,11015,11075,0,0,0,1,NaN,NaN,5.162574803203373,NaN,NaN,NaN,0.6362314987234674,0.6534607405499999,NaN,NaN,NaN,NaN,NaN,NaN,NaN,NaN,NaN,NaN,1,0,0,0,1,NaN,NaN,5.162574803203373,NaN,NaN,NaN,0.6362314987234674,0.6534607405499999,NaN,NaN,NaN,NaN,NaN,NaN,NaN,NaN,NaN,NaN,1
2024-08-09T16:30:00-04:00,0.6243102746421727,0.65,0.6201,0.63505,0.6371353697248936,0.636512020226186,0.6442806975650309,0,0,11015,11076,0,0,0,0,NaN,NaN,5.216252832727643,NaN,NaN,NaN,0.6362314987234674,0.6534607405499999,NaN,NaN,NaN,NaN,NaN,NaN,NaN,NaN,NaN,NaN,1,0,0,0,0,NaN,NaN,5.216252832727643,NaN,NaN,NaN,0.6362314987234674,0.6534607405499999,NaN,NaN,NaN,NaN,NaN,NaN,NaN,NaN,NaN,NaN,1
2024-08-09T16:31:00-04:00,0.6296801373210863,0.6296801373210863,0.62,0.62,0.6340198479567312,0.6362599283143359,0.644192470034784,0,1,11015,11077,0,0,0,0,NaN,NaN,4.325386915610302,NaN,NaN,NaN,0.6362314987234674,0.6534607405499999,NaN,NaN,NaN,NaN,NaN,NaN,NaN,NaN,NaN,NaN,1,0,0,0,0,NaN,NaN,4.325386915610302,NaN,NaN,NaN,0.6362314987234674,0.6534607405499999,NaN,NaN,NaN,NaN,NaN,NaN,NaN,NaN,NaN,NaN,1
2024-08-09T16:36:00-04:00,0.6248400686605431,0.6248400686605431,0.6201,0.6201,0.6314889665100528,0.6360132118515216,0.6440903987439723,0,0,11015,11078,0,0,0,0,NaN,NaN,3.5781192026088355,NaN,NaN,NaN,0.6362314987234674,0.6534607405499999,NaN,NaN,NaN,NaN,NaN,NaN,NaN,NaN,NaN,NaN,1,0,0,0,0,NaN,NaN,3.5781192026088355,NaN,NaN,NaN,0.6362314987234674,0.6534607405499999,NaN,NaN,NaN,NaN,NaN,NaN,NaN,NaN,NaN,NaN,1
2024-08-09T16:37:00-04:00,0.6224700343302716,0.6224700343302716,0.6201,0.6201,0.6294182453264069,0.6357702620522617,0.6440672209858105,0,0,11015,11079,0,0,0,0,NaN,NaN,2.947144206612845,NaN,NaN,NaN,0.6362314987234674,0.6534607405499999,NaN,NaN,NaN,NaN,NaN,NaN,NaN,NaN,NaN,NaN,1,0,0,0,0,NaN,NaN,2.947144206612845,NaN,NaN,NaN,0.6362314987234674,0.6534607405499999,NaN,NaN,NaN,NaN,NaN,NaN,NaN,NaN,NaN,NaN,1
2024-08-09T16:51:00-04:00,0.6212850171651358,0.6212850171651358,0.62,0.6205,0.6277967461761511,0.6355371282804715,0.6434488329378768,0,0,11015,11080,0,0,0,0,NaN,NaN,2.1029691339968295,NaN,NaN,NaN,0.6362314987234674,0.6534607405499999,NaN,NaN,NaN,NaN,NaN,NaN,NaN,NaN,NaN,NaN,1,0,0,0,0,NaN,NaN,2.1029691339968295,NaN,NaN,NaN,0.6362314987234674,0.6534607405499999,NaN,NaN,NaN,NaN,NaN,NaN,NaN,NaN,NaN,NaN,1
2024-08-09T17:05:00-04:00,0.620892508582568,0.620892508582568,0.62,0.62,0.6263791559623054,0.6352999202151208,0.6433464845696417,0,0,11015,11081,0,0,0,0,NaN,NaN,1.4978128905340977,NaN,NaN,NaN,0.6362314987234674,0.6534607405499999,NaN,NaN,NaN,NaN,NaN,NaN,NaN,NaN,NaN,NaN,1,0,0,0,0,NaN,NaN,1.4978128905340977,NaN,NaN,NaN,0.6362314987234674,0.6534607405499999,NaN,NaN,NaN,NaN,NaN,NaN,NaN,NaN,NaN,NaN,1
2024-08-09T17:07:00-04:00,0.620446254291284,0.620446254291284,0.6199,0.6199,0.6252011276055226,0.6350648069293938,0.6433054717892491,0,0,11015,11082,0,0,0,0,NaN,NaN,1.1167530887718018,NaN,NaN,NaN,0.6362314987234674,0.6503947739004999,NaN,NaN,NaN,NaN,NaN,NaN,NaN,NaN,NaN,NaN,1,0,0,0,0,NaN,NaN,1.1167530887718018,NaN,NaN,NaN,0.6362314987234674,0.6503947739004999,NaN,NaN,NaN,NaN,NaN,NaN,NaN,NaN,NaN,NaN,1
2024-08-09T17:09:00-04:00,0.620173127145642,0.620173127145642,0.6199,0.6199,0.6242372862227004,0.6348332831594794,0.643085509272678,0,0,11015,11083,0,0,0,0,NaN,NaN,0.834631778607602,NaN,NaN,NaN,0.6362314987234674,0.6503947739004999,NaN,NaN,NaN,NaN,NaN,NaN,NaN,NaN,NaN,NaN,1,0,0,0,0,NaN,NaN,0.834631778607602,NaN,NaN,NaN,0.6362314987234674,0.6503947739004999,NaN,NaN,NaN,NaN,NaN,NaN,NaN,NaN,NaN,NaN,1
2024-08-09T17:10:00-04:00,0.620036563572821,0.620036563572821,0.6199,0.6199,0.6234486887276639,0.6346052941036094,0.6430126929777866,0,0,11015,11084,0,0,0,0,NaN,NaN,0.6248216630521777,NaN,NaN,NaN,0.6362314987234674,0.6503947739004999,NaN,NaN,NaN,NaN,NaN,NaN,NaN,NaN,NaN,NaN,1,0,0,0,0,NaN,NaN,0.6248216630521777,NaN,NaN,NaN,0.6362314987234674,0.6503947739004999,NaN,NaN,NaN,NaN,NaN,NaN,NaN,NaN,NaN,NaN,1
2024-08-09T17:16:00-04:00,0.6199682817864105,0.6315,0.6199682817864105,0.6315,0.6249125635044522,0.6345578850333253,0.6429574228973861,0,0,11015,11085,0,0,0,0,NaN,NaN,0.7345735409555565,NaN,NaN,NaN,0.6362314987234674,0.6503947739004999,NaN,NaN,NaN,NaN,NaN,NaN,NaN,NaN,NaN,NaN,1,0,0,0,0,NaN,NaN,0.7345735409555565,NaN,NaN,NaN,0.6362314987234674,0.6503947739004999,NaN,NaN,NaN,NaN,NaN,NaN,NaN,NaN,NaN,NaN,1
2024-08-09T17:28:00-04:00,0.6257341408932052,0.6315,0.6257341408932052,0.6315,0.6261102792309154,0.634511199765641,0.6429502652960983,0,0,11015,11086,0,0,0,0,NaN,NaN,0.9000475392705469,NaN,NaN,NaN,0.6362314987234674,0.6503947739004999,NaN,NaN,NaN,NaN,NaN,NaN,NaN,NaN,NaN,NaN,1,0,0,0,0,NaN,NaN,0.9000475392705469,NaN,NaN,NaN,0.6362314987234674,0.6503947739004999,NaN,NaN,NaN,NaN,NaN,NaN,NaN,NaN,NaN,NaN,1
2024-08-09T18:29:00-04:00,0.6286170704466025,0.6314,0.6286170704466025,0.6314,0.6270720466434763,0.6344637005325777,0.6429399201824713,0,0,11015,11087,0,0,0,0,NaN,NaN,1.0879767425148783,NaN,NaN,NaN,0.6362314987234674,0.6503947739004999,NaN,NaN,NaN,NaN,NaN,NaN,NaN,NaN,NaN,NaN,1,0,0,0,0,NaN,NaN,1.0879767425148783,NaN,NaN,NaN,0.6362314987234674,0.6503947739004999,NaN,NaN,NaN,NaN,NaN,NaN,NaN,NaN,NaN,NaN,1
2024-08-09T18:46:00-04:00,0.6300085352233012,0.6315,0.6300085352233012,0.6315,0.6278771290719352,0.6344184531962025,0.6429292198012995,0,0,11015,11088,0,0,0,0,NaN,NaN,0.9364635443017256,NaN,NaN,NaN,0.6362314987234674,0.6503947739004999,NaN,NaN,NaN,NaN,NaN,NaN,NaN,NaN,NaN,NaN,1,0,0,0,0,NaN,NaN,0.9364635443017256,NaN,NaN,NaN,0.6362314987234674,0.6503947739004999,NaN,NaN,NaN,NaN,NaN,NaN,NaN,NaN,NaN,NaN,1
2024-08-09T19:03:00-04:00,0.6307542676116507,0.6315,0.6307542676116507,0.6315,0.6285358328770378,0.6343738966588559,0.6429256574544779,0,0,11015,11089,0,0,0,0,NaN,NaN,0.7949690897658538,NaN,NaN,NaN,0.6362314987234674,0.6503947739004999,NaN,NaN,NaN,NaN,NaN,NaN,NaN,NaN,NaN,NaN,1,0,0,0,0,NaN,NaN,0.7949690897658538,NaN,NaN,NaN,0.6362314987234674,0.6503947739004999,NaN,NaN,NaN,NaN,NaN,NaN,NaN,NaN,NaN,NaN,1
2024-08-09T19:29:00-04:00,0.6311271338058253,0.6315,0.63,0.6307499999999999,0.6289384087175764,0.6343185699923085,0.6428278926069239,0,0,11015,11090,0,0,0,0,NaN,NaN,0.6431501054476443,NaN,NaN,NaN,0.6362314987234674,0.6503947739004999,NaN,NaN,NaN,NaN,NaN,NaN,NaN,NaN,NaN,NaN,1,0,0,0,0,NaN,NaN,0.6431501054476443,NaN,NaN,NaN,0.6362314987234674,0.6503947739004999,NaN,NaN,NaN,NaN,NaN,NaN,NaN,NaN,NaN,NaN,1
2024-08-09T19:34:00-04:00,0.6309385669029126,0.6315,0.6309385669029126,0.6315,0.629404152587108,0.6342755383893725,0.6428243912754883,0,0,11015,11091,0,0,0,0,NaN,NaN,0.5252286077213673,NaN,NaN,NaN,0.6362314987234674,0.6503947739004999,NaN,NaN,NaN,NaN,NaN,NaN,NaN,NaN,NaN,NaN,1,0,0,0,0,NaN,NaN,0.5252286077213673,NaN,NaN,NaN,0.6362314987234674,0.6503947739004999,NaN,NaN,NaN,NaN,NaN,NaN,NaN,NaN,NaN,NaN,1
2024-08-09T19:44:00-04:00,0.6312192834514563,0.6312192834514563,0.63,0.63,0.6295124884803611,0.6342102629941149,0.6426295979062221,0,0,11015,11092,0,0,0,0,NaN,NaN,0.3858238642636203,NaN,NaN,NaN,0.6362314987234674,0.6503947739004999,NaN,NaN,NaN,NaN,NaN,NaN,NaN,NaN,NaN,NaN,1,0,0,0,0,NaN,NaN,0.3858238642636203,NaN,NaN,NaN,0.6362314987234674,0.6503947739004999,NaN,NaN,NaN,NaN,NaN,NaN,NaN,NaN,NaN,NaN,1
2024-08-09T19:45:00-04:00,0.6306096417257281,0.6306096417257281,0.62,0.625,0.6286920360293864,0.6340696482919146,0.6423654589369989,0,0,11015,11093,0,0,0,0,NaN,NaN,0.1858569698583865,NaN,NaN,NaN,0.6362314987234674,0.6503947739004999,NaN,NaN,NaN,NaN,NaN,NaN,NaN,NaN,NaN,NaN,1,0,0,0,0,NaN,NaN,0.1858569698583865,NaN,NaN,NaN,0.6362314987234674,0.6503947739004999,NaN,NaN,NaN,NaN,NaN,NaN,NaN,NaN,NaN,NaN,1
2024-08-12T05:15:00-04:00,0.627804820862864,0.65,0.627804820862864,0.63975,0.6307025749331343,0.6341563712187556,0.63975,0,0,11015,11094,0,0,0,0,NaN,NaN,0.24447129534939235,NaN,NaN,NaN,0.6362314987234674,0.6503947739004999,NaN,NaN,NaN,NaN,NaN,NaN,NaN,NaN,NaN,NaN,1,0,0,0,0,NaN,NaN,0.24447129534939235,NaN,NaN,NaN,0.6362314987234674,0.6503947739004999,NaN,NaN,NaN,NaN,NaN,NaN,NaN,NaN,NaN,NaN,1
2024-08-12T07:42:00-04:00,0.633777410431432,0.633777410431432,0.63,0.63,0.6305748340362008,0.6340929151696143,0.6392619495671811,0,0,11015,11095,0,0,0,0,NaN,NaN,0.15124983613647217,NaN,NaN,NaN,0.6362314987234674,0.6503947739004999,NaN,NaN,NaN,NaN,NaN,NaN,NaN,NaN,NaN,NaN,1,0,0,0,0,NaN,NaN,0.15124983613647217,NaN,NaN,NaN,0.6362314987234674,0.6503947739004999,NaN,NaN,NaN,NaN,NaN,NaN,NaN,NaN,NaN,NaN,1
2024-08-12T08:00:00-04:00,0.631888705215716,0.651,0.63,0.6405,0.6323794096659825,0.6341907332586278,0.6398590218238503,0,0,11015,11096,0,0,0,0,NaN,NaN,0.2117007822876874,NaN,NaN,NaN,0.6362314987234674,0.6503947739004999,NaN,NaN,NaN,NaN,NaN,NaN,NaN,NaN,NaN,NaN,1,0,0,0,0,NaN,NaN,0.2117007822876874,NaN,NaN,NaN,0.6362314987234674,0.6503947739004999,NaN,NaN,NaN,NaN,NaN,NaN,NaN,NaN,NaN,NaN,1
2024-08-12T08:21:00-04:00,0.636194352607858,0.636194352607858,0.6354,0.6354,0.6329286079085311,0.6342091953462824,0.6391318493150685,0,0,11015,11097,0,0,0,0,NaN,NaN,0.1944469496097726,NaN,NaN,NaN,0.6362314987234674,0.6503947739004999,NaN,NaN,NaN,NaN,NaN,NaN,NaN,NaN,NaN,NaN,1,0,0,0,0,NaN,NaN,0.1944469496097726,NaN,NaN,NaN,0.6362314987234674,0.6503947739004999,NaN,NaN,NaN,NaN,NaN,NaN,NaN,NaN,NaN,NaN,1
2024-08-12T08:30:00-04:00,0.635797176303929,0.6475,0.635797176303929,0.6475,0.6355779519251619,0.6344121083944307,0.6392924664107485,1,0,11098,11097,0,0,0,0,NaN,NaN,0.3835508844049959,NaN,NaN,NaN,0.6362314987234674,0.6503947739004999,NaN,NaN,NaN,NaN,NaN,NaN,NaN,NaN,NaN,NaN,1,0,0,0,0,NaN,NaN,0.3835508844049959,NaN,NaN,NaN,0.6362314987234674,0.6503947739004999,NaN,NaN,NaN,NaN,NaN,NaN,NaN,NaN,NaN,NaN,1
2024-08-12T09:18:00-04:00,0.6416485881519645,0.6416485881519645,0.6401,0.6401,0.6364001424842234,0.6344989464342105,0.6394038196359625,0,0,11098,11097,0,0,0,0,NaN,NaN,0.4455735206062807,NaN,NaN,NaN,0.6362314987234674,0.6503947739004999,NaN,NaN,NaN,NaN,NaN,NaN,NaN,NaN,NaN,NaN,1,0,0,0,0,NaN,NaN,0.4455735206062807,NaN,NaN,NaN,0.6362314987234674,0.6503947739004999,NaN,NaN,NaN,NaN,NaN,NaN,NaN,NaN,NaN,NaN,1
2024-08-12T09:26:00-04:00,0.6408742940759822,0.6408742940759822,0.6401,0.6401,0.6370728438507283,0.6345844587023904,0.6394188478143552,0,0,11098,11097,0,0,0,0,NaN,NaN,0.3964445595450439,NaN,NaN,NaN,0.6362314987234674,0.6503947739004999,NaN,NaN,NaN,NaN,NaN,NaN,NaN,NaN,NaN,NaN,1,0,0,0,0,NaN,NaN,0.3964445595450439,NaN,NaN,NaN,0.6362314987234674,0.6503947739004999,NaN,NaN,NaN,NaN,NaN,NaN,NaN,NaN,NaN,NaN,1
2024-08-12T09:28:00-04:00,0.6404871470379911,0.6404871470379911,0.64,0.64,0.6376050540596868,0.6346671387222013,0.6394313531353135,0,0,11098,11097,0,0,0,0,NaN,NaN,0.28568577621122376,NaN,NaN,NaN,0.6362314987234674,0.6503947739004999,NaN,NaN,NaN,NaN,NaN,NaN,NaN,NaN,NaN,NaN,1,0,0,0,0,NaN,NaN,0.28568577621122376,NaN,NaN,NaN,0.6362314987234674,0.6503947739004999,NaN,NaN,NaN,NaN,NaN,NaN,NaN,NaN,NaN,NaN,1
2024-08-12T09:30:00-04:00,0.6402435735189955,0.646,0.6295,0.63775,0.6376314078670164,0.6347142053065952,0.6380982894880771,0,0,11098,11097,0,0,0,0,NaN,NaN,0.15124986675363522,NaN,NaN,NaN,0.6362314987234674,0.6503947739004999,NaN,NaN,NaN,NaN,NaN,NaN,NaN,NaN,NaN,NaN,1,0,0,0,0,NaN,NaN,0.15124986675363522,NaN,NaN,NaN,0.6362314987234674,0.6503947739004999,NaN,NaN,NaN,NaN,NaN,NaN,NaN,NaN,NaN,NaN,1
2024-08-12T09:31:00-04:00,0.6389967867594978,0.6389967867594978,0.622,0.627525,0.6357938791639225,0.6346044464469525,0.6359405504527251,0,0,11098,11097,0,0,0,0,NaN,NaN,0.0036780908227540955,NaN,NaN,NaN,0.6362314987234674,0.6503947739004999,NaN,NaN,NaN,NaN,NaN,NaN,NaN,NaN,NaN,NaN,1,0,0,0,0,NaN,NaN,0.0036780908227540955,NaN,NaN,NaN,0.6362314987234674,0.6503947739004999,NaN,NaN,NaN,NaN,NaN,NaN,NaN,NaN,NaN,NaN,1
2024-08-12T09:32:00-04:00,0.6332608933797489,0.6332608933797489,0.6273,0.6273,0.6342495374977548,0.6344929281805868,0.6358585859348052,0,1,11098,11097,0,0,0,0,NaN,NaN,0.018893638757954172,NaN,NaN,NaN,0.6362314987234674,0.6503947739004999,NaN,NaN,NaN,NaN,NaN,NaN,NaN,NaN,NaN,NaN,1,0,0,0,0,NaN,NaN,0.018893638757954172,NaN,NaN,NaN,0.6362314987234674,0.6503947739004999,NaN,NaN,NaN,NaN,NaN,NaN,NaN,NaN,NaN,NaN,1
2024-08-12T09:33:00-04:00,0.6302804466898744,0.6302804466898744,0.625,0.625,0.6325678034072539,0.6343479979793565,0.6356858032418212,0,0,11098,11105,0,0,0,0,NaN,NaN,0.13859780987919068,NaN,NaN,NaN,0.6362314987234674,0.6503947739004999,NaN,NaN,NaN,NaN,NaN,NaN,NaN,NaN,NaN,NaN,1,0,0,0,0,NaN,NaN,0.13859780987919068,NaN,NaN,NaN,0.6362314987234674,0.6503947739004999,NaN,NaN,NaN,NaN,NaN,NaN,NaN,NaN,NaN,NaN,1
2024-08-12T09:34:00-04:00,0.6276402233449372,0.63,0.6276402233449372,0.63,0.6321009300604805,0.6342816163308167,0.6356118657732175,0,0,11098,11106,0,0,0,0,NaN,NaN,0.2709321208834904,NaN,NaN,NaN,0.6362314987234674,0.6503947739004999,NaN,NaN,NaN,NaN,NaN,NaN,NaN,NaN,NaN,NaN,1,0,0,0,0,NaN,NaN,0.2709321208834904,NaN,NaN,NaN,0.6362314987234674,0.6503947739004999,NaN,NaN,NaN,NaN,NaN,NaN,NaN,NaN,NaN,NaN,1
2024-08-12T09:35:00-04:00,0.6288201116724685,0.6288201116724685,0.625,0.62615,0.6310189427767567,0.6341574695166058,0.6353311724067866,0,1,11098,11107,0,0,0,0,NaN,NaN,0.5367169076823143,NaN,NaN,NaN,0.6362314987234674,0.6503947739004999,NaN,NaN,NaN,NaN,NaN,NaN,NaN,NaN,NaN,NaN,1,0,0,0,0,NaN,NaN,0.5367169076823143,NaN,NaN,NaN,0.6362314987234674,0.6503947739004999,NaN,NaN,NaN,NaN,NaN,NaN,NaN,NaN,NaN,NaN,1
2024-08-12T09:37:00-04:00,0.6274850558362343,0.6274850558362343,0.625,0.625,0.6299245895446192,0.6340176608216957,0.6353102230558654,0,0,11098,11108,0,0,0,0,NaN,NaN,0.973188228409785,NaN,NaN,NaN,0.6362314987234674,0.6503947739004999,NaN,NaN,NaN,NaN,NaN,NaN,NaN,NaN,NaN,NaN,1,0,0,0,0,NaN,NaN,0.973188228409785,NaN,NaN,NaN,0.6362314987234674,0.6503947739004999,NaN,NaN,NaN,NaN,NaN,NaN,NaN,NaN,NaN,NaN,1
2024-08-12T09:44:00-04:00,0.6262425279181172,0.6388,0.6262425279181172,0.6388,0.6315383005365066,0.6340906736335783,0.6353172852372762,0,0,11098,11109,0,0,0,0,NaN,NaN,0.683108774435251,NaN,NaN,NaN,0.6362314987234674,0.6503947739004999,NaN,NaN,NaN,NaN,NaN,NaN,NaN,NaN,NaN,NaN,1,0,0,0,0,NaN,NaN,0.683108774435251,NaN,NaN,NaN,0.6362314987234674,0.6503947739004999,NaN,NaN,NaN,NaN,NaN,NaN,NaN,NaN,NaN,NaN,1
2024-08-12T09:46:00-04:00,0.6325212639590586,0.6325212639590586,0.625101,0.625101,0.6303678822571418,0.6339534267078748,0.6351146414757513,0,1,11098,11110,0,0,0,0,NaN,NaN,0.9288978538293408,NaN,NaN,NaN,0.6362314987234674,0.6503947739004999,NaN,NaN,NaN,NaN,NaN,NaN,NaN,NaN,NaN,NaN,1,0,0,0,0,NaN,NaN,0.9288978538293408,NaN,NaN,NaN,0.6362314987234674,0.6503947739004999,NaN,NaN,NaN,NaN,NaN,NaN,NaN,NaN,NaN,NaN,1
2024-08-12T09:49:00-04:00,0.6288111319795293,0.6288111319795293,0.625,0.62505,0.6294009945740251,0.6338174965291287,0.634273100972462,0,0,11098,11111,0,0,0,0,NaN,NaN,1.2024606194495098,NaN,NaN,NaN,0.6362314987234674,0.6503947739004999,NaN,NaN,NaN,NaN,NaN,NaN,NaN,NaN,NaN,NaN,1,0,0,0,0,NaN,NaN,1.2024606194495098,NaN,NaN,NaN,0.6362314987234674,0.6503947739004999,NaN,NaN,NaN,NaN,NaN,NaN,NaN,NaN,NaN,NaN,1
2024-08-12T09:51:00-04:00,0.6269305659897646,0.6269305659897646,0.6252,0.6252,0.6286371773787478,0.6336859316966229,0.6336696131331128,0,0,11098,11112,0,0,0,0,NaN,NaN,1.49244441086681,NaN,NaN,NaN,0.6362314987234674,0.6503947739004999,NaN,NaN,NaN,NaN,NaN,NaN,NaN,NaN,NaN,NaN,1,0,0,0,0,NaN,NaN,1.49244441086681,NaN,NaN,NaN,0.6362314987234674,0.6503947739004999,NaN,NaN,NaN,NaN,NaN,NaN,NaN,NaN,NaN,NaN,1
2024-08-12T09:52:00-04:00,0.6260652829948823,0.6260652829948823,0.6251,0.6251,0.6279940542189755,0.6335548487699569,0.6336075406384233,0,0,11098,11113,0,0,0,0,NaN,NaN,1.8042557703354851,NaN,NaN,NaN,0.6362314987234674,0.6503947739004999,NaN,NaN,NaN,NaN,NaN,NaN,NaN,NaN,NaN,NaN,1,0,0,0,0,NaN,NaN,1.8042557703354851,NaN,NaN,NaN,0.6362314987234674,0.6503947739004999,NaN,NaN,NaN,NaN,NaN,NaN,NaN,NaN,NaN,NaN,1
2024-08-12T09:56:00-04:00,0.6255826414974411,0.6255826414974411,0.6252,0.6252,0.6274860443609799,0.6334272938269041,0.6335793108369009,0,0,11098,11114,0,0,0,0,NaN,NaN,2.160924453094596,NaN,NaN,NaN,0.6362314987234674,0.6503947739004999,NaN,NaN,NaN,NaN,NaN,NaN,NaN,NaN,NaN,NaN,1,0,0,0,0,NaN,NaN,2.160924453094596,NaN,NaN,NaN,0.6362314987234674,0.6503947739004999,NaN,NaN,NaN,NaN,NaN,NaN,NaN,NaN,NaN,NaN,1
2024-08-12T09:58:00-04:00,0.6253913207487205,0.632,0.6253913207487205,0.632,0.6283067635680745,0.6334055030814552,0.6335700851205874,0,0,11098,11115,0,0,0,0,NaN,NaN,2.1628206354656503,NaN,NaN,NaN,0.6362314987234674,0.6503947739004999,NaN,NaN,NaN,NaN,NaN,NaN,NaN,NaN,NaN,NaN,1,0,0,0,0,NaN,NaN,2.1628206354656503,NaN,NaN,NaN,0.6362314987234674,0.6503947739004999,NaN,NaN,NaN,NaN,NaN,NaN,NaN,NaN,NaN,NaN,1
2024-08-12T09:59:00-04:00,0.6286956603743603,0.6286956603743603,0.6244,0.6244,0.6275964429193337,0.6332680144847918,0.6335548054653003,0,1,11098,11116,0,0,0,0,NaN,NaN,2.5345734027769025,NaN,NaN,NaN,0.6362314987234674,0.6503947739004999,NaN,NaN,NaN,NaN,NaN,NaN,NaN,NaN,NaN,NaN,1,0,0,0,0,NaN,NaN,2.5345734027769025,NaN,NaN,NaN,0.6362314987234674,0.6503947739004999,NaN,NaN,NaN,NaN,NaN,NaN,NaN,NaN,NaN,NaN,1
2024-08-12T10:00:00-04:00,0.6265478301871801,0.6313,0.6265478301871801,0.6313,0.6282698169340003,0.6332379684621232,0.6335510546452632,0,0,11098,11117,0,0,0,0,NaN,NaN,2.5531889047638274,NaN,NaN,NaN,0.6362314987234674,0.6503947739004999,NaN,NaN,NaN,NaN,NaN,NaN,NaN,NaN,NaN,NaN,1,0,0,0,0,NaN,NaN,2.5531889047638274,NaN,NaN,NaN,0.6362314987234674,0.6503947739004999,NaN,NaN,NaN,NaN,NaN,NaN,NaN,NaN,NaN,NaN,1
2024-08-12T10:03:00-04:00,0.62892391509359,0.62892391509359,0.6215,0.6215,0.6270389411278184,0.6330587628367473,0.6335210594872644,0,1,11098,11118,0,0,0,0,NaN,NaN,3.0858451299918563,NaN,NaN,NaN,0.6362314987234674,0.6503947739004999,NaN,NaN,NaN,NaN,NaN,NaN,NaN,NaN,NaN,NaN,1,0,0,0,0,NaN,NaN,3.0858451299918563,NaN,NaN,NaN,0.6362314987234674,0.6503947739004999,NaN,NaN,NaN,NaN,NaN,NaN,NaN,NaN,NaN,NaN,1
2024-08-12T10:10:00-04:00,0.625211957546795,0.6384,0.6208,0.62625,0.6268954972863969,0.6329548122590871,0.6331411947410633,0,0,11098,11119,0,0,0,0,NaN,NaN,3.6922078153397706,NaN,NaN,NaN,0.6362314987234674,0.6503947739004999,NaN,NaN,NaN,NaN,NaN,NaN,NaN,NaN,NaN,NaN,1,0,0,0,0,NaN,NaN,3.6922078153397706,NaN,NaN,NaN,0.6362314987234674,0.6503947739004999,NaN,NaN,NaN,NaN,NaN,NaN,NaN,NaN,NaN,NaN,1
2024-08-12T10:15:00-04:00,0.6257309787733976,0.6257309787733976,0.605,0.61325025,0.6244145432343248,0.632653979247498,0.6312366763829634,0,1,11098,11120,0,0,0,0,NaN,NaN,5.136157341017307,NaN,NaN,NaN,0.6362314987234674,0.64301154103244,NaN,NaN,NaN,NaN,NaN,NaN,NaN,NaN,NaN,NaN,1,0,0,0,0,NaN,NaN,5.136157341017307,NaN,NaN,NaN,0.6362314987234674,0.64301154103244,NaN,NaN,NaN,NaN,NaN,NaN,NaN,NaN,NaN,NaN,1
2024-08-12T10:16:00-04:00,0.6194906143866987,0.631,0.6076,0.614425,0.6225982626462657,0.6323756742208186,0.6286850036578893,0,0,11098,11121,0,0,0,0,NaN,NaN,7.207470255507811,NaN,NaN,NaN,0.6362314987234674,0.64301154103244,NaN,NaN,NaN,NaN,NaN,NaN,NaN,NaN,NaN,NaN,1,0,0,0,0,NaN,NaN,7.207470255507811,NaN,NaN,NaN,0.6362314987234674,0.64301154103244,NaN,NaN,NaN,NaN,NaN,NaN,NaN,NaN,NaN,NaN,1
2024-08-12T10:17:00-04:00,0.6169578071933494,0.631,0.6169578071933494,0.631,0.6241258512560356,0.6323546715609588,0.6287147739215079,0,0,11098,11122,0,0,0,0,NaN,NaN,8.398221293401493,NaN,NaN,NaN,0.6362314987234674,0.64301154103244,NaN,NaN,NaN,NaN,NaN,NaN,NaN,NaN,NaN,NaN,1,0,0,0,0,NaN,NaN,8.398221293401493,NaN,NaN,NaN,0.6362314987234674,0.64301154103244,NaN,NaN,NaN,NaN,NaN,NaN,NaN,NaN,NaN,NaN,1
2024-08-12T10:24:00-04:00,0.6239789035966747,0.6239789035966747,0.62,0.62,0.6233756964822109,0.6321660506210969,0.6286122266600378,0,1,11098,11123,0,0,0,0,NaN,NaN,10.762704908344984,NaN,NaN,NaN,0.6362314987234674,0.64301154103244,NaN,NaN,NaN,NaN,NaN,NaN,NaN,NaN,NaN,NaN,1,0,0,0,0,NaN,NaN,10.762704908344984,NaN,NaN,NaN,0.6362314987234674,0.64301154103244,NaN,NaN,NaN,NaN,NaN,NaN,NaN,NaN,NaN,NaN,1
2024-08-12T10:26:00-04:00,0.6219894517983373,0.6219894517983373,0.62,0.62,0.6227619334854453,0.6319803093902404,0.6286021045126523,0,0,11098,11124,0,0,0,0,NaN,NaN,13.405041846671981,NaN,NaN,NaN,0.6362314987234674,0.64301154103244,NaN,NaN,NaN,NaN,NaN,NaN,NaN,NaN,NaN,NaN,1,0,0,0,0,NaN,NaN,13.405041846671981,NaN,NaN,NaN,0.6362314987234674,0.64301154103244,NaN,NaN,NaN,NaN,NaN,NaN,NaN,NaN,NaN,NaN,1
2024-08-12T10:27:00-04:00,0.6209947258991686,0.6209947258991686,0.61,0.61,0.6204415819426371,0.6316447321476413,0.6283115576024203,0,0,11098,11125,0,0,0,0,NaN,NaN,16.94649192970231,NaN,NaN,NaN,0.6362314987234674,0.6366784536275739,NaN,NaN,NaN,NaN,NaN,NaN,NaN,NaN,NaN,NaN,1,0,0,0,0,NaN,NaN,16.94649192970231,NaN,NaN,NaN,0.6362314987234674,0.6366784536275739,NaN,NaN,NaN,NaN,NaN,NaN,NaN,NaN,NaN,NaN,1
2024-08-12T10:28:00-04:00,0.6154973629495843,0.6154973629495843,0.61,0.6125499999999999,0.6190067488621576,0.631353209519433,0.6275645890497392,0,0,11098,11126,0,0,0,0,NaN,NaN,19.903818289142965,NaN,NaN,NaN,0.6362314987234674,0.6366784536275739,NaN,NaN,NaN,NaN,NaN,NaN,NaN,NaN,NaN,NaN,1,0,0,0,0,NaN,NaN,19.903818289142965,NaN,NaN,NaN,0.6362314987234674,0.6366784536275739,NaN,NaN,NaN,NaN,NaN,NaN,NaN,NaN,NaN,NaN,1
2024-08-12T10:30:00-04:00,0.6140236814747921,0.631,0.6101,0.6155999999999999,0.6183873399781289,0.6311127025038691,0.6267795915539008,0,0,11098,11127,0,0,0,0,NaN,NaN,22.523601762949617,NaN,NaN,NaN,0.6362314987234674,0.6366784536275739,NaN,NaN,NaN,NaN,NaN,NaN,NaN,NaN,NaN,NaN,1,0,0,0,0,NaN,NaN,22.523601762949617,NaN,NaN,NaN,0.6362314987234674,0.6366784536275739,NaN,NaN,NaN,NaN,NaN,NaN,NaN,NaN,NaN,NaN,1
2024-08-12T10:32:00-04:00,0.614811840737396,0.631,0.614811840737396,0.631,0.6206805508911963,0.6311109818549551,0.6268012116127412,0,0,11098,11128,0,0,0,0,NaN,NaN,23.720745887106293,NaN,NaN,NaN,0.6362314987234674,0.6366784536275739,NaN,NaN,NaN,NaN,NaN,NaN,NaN,NaN,NaN,NaN,1,0,0,0,0,NaN,NaN,23.720745887106293,NaN,NaN,NaN,0.6362314987234674,0.6366784536275739,NaN,NaN,NaN,NaN,NaN,NaN,NaN,NaN,NaN,NaN,1
2024-08-12T10:34:00-04:00,0.622905920368698,0.6285,0.620549,0.62651225,0.6217408598200698,0.6310407722083146,0.6267684060819769,0,0,11098,11129,0,0,0,0,NaN,NaN,25.337861171389342,NaN,NaN,NaN,0.6362314987234674,0.6366784536275739,NaN,NaN,NaN,NaN,NaN,NaN,NaN,NaN,NaN,NaN,1,0,0,0,0,NaN,NaN,25.337861171389342,NaN,NaN,NaN,0.6362314987234674,0.6366784536275739,NaN,NaN,NaN,NaN,NaN,NaN,NaN,NaN,NaN,NaN,1
2024-08-12T10:38:00-04:00,0.624709085184349,0.6311,0.624709085184349,0.631025,0.6234288853073298,0.6310405314112411,0.6268086153737156,0,0,11098,11130,0,0,0,0,NaN,NaN,25.963151224495384,NaN,NaN,NaN,0.6362314987234674,0.6366784536275739,NaN,NaN,NaN,NaN,NaN,NaN,NaN,NaN,NaN,NaN,1,0,0,0,0,NaN,NaN,25.963151224495384,NaN,NaN,NaN,0.6362314987234674,0.6366784536275739,NaN,NaN,NaN,NaN,NaN,NaN,NaN,NaN,NaN,NaN,1
2024-08-12T10:39:00-04:00,0.6278670425921744,0.6402,0.6278670425921744,0.6371994999999999,0.6259326334332698,0.6311345614660313,0.6276163632563908,0,0,11098,11131,0,0,0,0,NaN,NaN,25.513376194368902,NaN,NaN,NaN,0.6362314987234674,0.6366784536275739,NaN,NaN,NaN,NaN,NaN,NaN,NaN,NaN,NaN,NaN,1,0,0,0,0,NaN,NaN,25.513376194368902,NaN,NaN,NaN,0.6362314987234674,0.6366784536275739,NaN,NaN,NaN,NaN,NaN,NaN,NaN,NaN,NaN,NaN,1
2024-08-12T10:40:00-04:00,0.6325332712960872,0.6499,0.6325332712960872,0.644225,0.6292585182635844,0.6313344154894507,0.6289239999751571,0,0,11098,11132,0,0,0,0,NaN,NaN,23.848430610508817,NaN,NaN,NaN,0.6362314987234674,0.6366784536275739,NaN,NaN,NaN,NaN,NaN,NaN,NaN,NaN,NaN,NaN,1,0,0,0,0,NaN,NaN,23.848430610508817,NaN,NaN,NaN,0.6362314987234674,0.6366784536275739,NaN,NaN,NaN,NaN,NaN,NaN,NaN,NaN,NaN,NaN,1
2024-08-12T10:41:00-04:00,0.6383791356480436,0.6499,0.6383791356480436,0.6499,0.6330115149429326,0.6316178595277797,0.6296961814180955,0,0,11098,11133,0,0,0,0,NaN,NaN,21.29031934414519,NaN,NaN,NaN,0.6362314987234674,0.6366784536275739,NaN,NaN,NaN,NaN,NaN,NaN,NaN,NaN,NaN,NaN,1,0,0,0,0,NaN,NaN,21.29031934414519,NaN,NaN,NaN,0.6362314987234674,0.6366784536275739,NaN,NaN,NaN,NaN,NaN,NaN,NaN,NaN,NaN,NaN,1
2024-08-12T10:42:00-04:00,0.6441395678240218,0.64999,0.6441395678240218,0.64999,0.6360985122260358,0.6318983502220121,0.6304167248869147,0,0,11098,11134,0,0,0,0,NaN,NaN,15.406869676637388,NaN,NaN,NaN,0.6362314987234674,0.6366784536275739,NaN,NaN,NaN,NaN,NaN,NaN,NaN,NaN,NaN,NaN,1,0,0,0,0,NaN,NaN,15.406869676637388,NaN,NaN,NaN,0.6362314987234674,0.6366784536275739,NaN,NaN,NaN,NaN,NaN,NaN,NaN,NaN,NaN,NaN,1
2024-08-12T10:43:00-04:00,0.6470647839120109,0.6704,0.6470647839120109,0.660175,0.6404760554576656,0.6323300547987754,0.6338566184473304,0,0,11098,11135,0,0,0,0,NaN,NaN,7.545509403813258,NaN,NaN,NaN,0.6362314987234674,0.6366784536275739,NaN,NaN,NaN,NaN,NaN,NaN,NaN,NaN,NaN,NaN,1,0,0,0,0,NaN,NaN,7.545509403813258,NaN,NaN,NaN,0.6362314987234674,0.6366784536275739,NaN,NaN,NaN,NaN,NaN,NaN,NaN,NaN,NaN,NaN,1
2024-08-12T10:44:00-04:00,0.6536198919560054,0.6882,0.6536198919560054,0.681625,0.6479576817380901,0.6330826493820002,0.634121539241617,0,0,11098,11136,0,0,0,0,NaN,NaN,1.0711237156620868,NaN,NaN,NaN,0.64281615281797,0.65225875,NaN,NaN,NaN,NaN,NaN,NaN,NaN,NaN,NaN,NaN,1,0,0,0,0,NaN,NaN,1.0711237156620868,NaN,NaN,NaN,0.64281615281797,0.65225875,NaN,NaN,NaN,NaN,NaN,NaN,NaN,NaN,NaN,NaN,1
2024-08-12T10:45:00-04:00,0.6676224459780027,0.69,0.6676224459780027,0.6775,0.6533290123311646,0.6337607768723513,0.6413750851615201,0,0,11098,11137,0,0,0,0,NaN,NaN,0.06643070551393562,NaN,NaN,NaN,0.6645930895545866,0.65225875,NaN,NaN,NaN,NaN,NaN,NaN,NaN,NaN,NaN,NaN,1,0,0,0,0,NaN,NaN,0.06643070551393562,NaN,NaN,NaN,0.6645930895545866,0.65225875,NaN,NaN,NaN,NaN,NaN,NaN,NaN,NaN,NaN,NaN,1
2024-08-12T10:46:00-04:00,0.6725612229890013,0.69,0.6725612229890013,0.68435,0.6589691919073165,0.6345331314239184,0.6423064131399915,0,0,11098,11138,0,0,0,0,NaN,NaN,1.2415608341925934,NaN,NaN,NaN,0.6713550348079674,0.6545431125,NaN,NaN,NaN,NaN,NaN,NaN,NaN,NaN,NaN,NaN,1,0,0,0,0,NaN,NaN,1.2415608341925934,NaN,NaN,NaN,0.6713550348079674,0.6545431125,NaN,NaN,NaN,NaN,NaN,NaN,NaN,NaN,NaN,NaN,1
2024-08-12T10:47:00-04:00,0.6784556114945006,0.69,0.67,0.6772032499999999,0.6622844751968953,0.6351845836159197,0.643127080682106,0,0,11098,11139,0,0,0,0,NaN,NaN,4.596438348328637,NaN,NaN,NaN,0.6713550348079674,0.6545431125,NaN,NaN,NaN,NaN,NaN,NaN,NaN,NaN,NaN,NaN,1,0,0,0,0,NaN,NaN,4.596438348328637,NaN,NaN,NaN,0.6713550348079674,0.6545431125,NaN,NaN,NaN,NaN,NaN,NaN,NaN,NaN,NaN,NaN,1
2024-08-12T10:48:00-04:00,0.6778294307472503,0.6788,0.6701,0.6722750000000001,0.6641009342520052,0.6357508495149132,0.6443215593851108,0,0,11098,11140,0,0,0,0,NaN,NaN,9.390955343043512,NaN,NaN,NaN,0.6713550348079674,0.6545431125,NaN,NaN,NaN,NaN,NaN,NaN,NaN,NaN,NaN,NaN,1,0,0,0,0,NaN,NaN,9.390955343043512,NaN,NaN,NaN,0.6713550348079674,0.6545431125,NaN,NaN,NaN,NaN,NaN,NaN,NaN,NaN,NaN,NaN,1
2024-08-12T10:49:00-04:00,0.6750522153736251,0.6750522153736251,0.6701,0.67232525,0.6655962643880042,0.6363092373085787,0.6445026603029942,0,0,11098,11141,0,0,0,0,NaN,NaN,15.557613715338759,NaN,NaN,NaN,0.6713550348079674,0.6545431125,NaN,NaN,NaN,NaN,NaN,NaN,NaN,NaN,NaN,NaN,1,0,0,0,0,NaN,NaN,15.557613715338759,NaN,NaN,NaN,0.6713550348079674,0.6545431125,NaN,NaN,NaN,NaN,NaN,NaN,NaN,NaN,NaN,NaN,1
2024-08-12T10:52:00-04:00,0.6736887326868126,0.6736887326868126,0.6701,0.670175,0.6664287617720035,0.6368262718534858,0.6448621749212274,0,0,11098,11142,0,0,0,0,NaN,NaN,22.802225905734804,NaN,NaN,NaN,0.6713550348079674,0.6545431125,NaN,NaN,NaN,NaN,NaN,NaN,NaN,NaN,NaN,NaN,1,0,0,0,0,NaN,NaN,22.802225905734804,NaN,NaN,NaN,0.6713550348079674,0.6545431125,NaN,NaN,NaN,NaN,NaN,NaN,NaN,NaN,NaN,NaN,1
2024-08-12T10:53:00-04:00,0.6719318663434063,0.6719318663434063,0.6701,0.6701,0.6670962596316392,0.6373342677030509,0.6450473000189981,0,0,11098,11143,0,0,0,0,NaN,NaN,28.976076779972587,NaN,NaN,NaN,0.6713550348079674,0.6545431125,NaN,NaN,NaN,NaN,NaN,NaN,NaN,NaN,NaN,NaN,1,0,0,0,0,NaN,NaN,28.976076779972587,NaN,NaN,NaN,0.6713550348079674,0.6545431125,NaN,NaN,NaN,NaN,NaN,NaN,NaN,NaN,NaN,NaN,1
2024-08-12T10:56:00-04:00,0.6710159331717032,0.6710159331717032,0.67,0.67,0.6676242124258867,0.6378329811732333,0.6451801354263167,0,0,11098,11144,0,0,0,0,NaN,NaN,31.322857427764774,NaN,NaN,NaN,0.6713550348079674,0.6545431125,NaN,NaN,NaN,NaN,NaN,NaN,NaN,NaN,NaN,NaN,1,0,0,0,0,NaN,NaN,31.322857427764774,NaN,NaN,NaN,0.6713550348079674,0.6545431125,NaN,NaN,NaN,NaN,NaN,NaN,NaN,NaN,NaN,NaN,1
2024-08-12T10:57:00-04:00,0.6705079665858515,0.6705079665858515,0.67,0.67,0.6680561738029982,0.6383240806973061,0.6452940073429891,0,0,11098,11145,0,0,0,0,NaN,NaN,34.14974909325419,NaN,NaN,NaN,0.6713550348079674,0.6545431125,NaN,NaN,NaN,NaN,NaN,NaN,NaN,NaN,NaN,NaN,1,0,0,0,0,NaN,NaN,34.14974909325419,NaN,NaN,NaN,0.6713550348079674,0.6545431125,NaN,NaN,NaN,NaN,NaN,NaN,NaN,NaN,NaN,NaN,1
2024-08-12T11:01:00-04:00,0.6702539832929257,0.6702539832929257,0.67,0.67,0.6684095967479077,0.6388076825187212,0.6454152600119611,0,0,11098,11146,0,0,0,0,NaN,NaN,36.00882153238676,NaN,NaN,NaN,0.6713550348079674,0.6545431125,NaN,NaN,NaN,NaN,NaN,NaN,NaN,NaN,NaN,NaN,1,0,0,0,0,NaN,NaN,36.00882153238676,NaN,NaN,NaN,0.6713550348079674,0.6545431125,NaN,NaN,NaN,NaN,NaN,NaN,NaN,NaN,NaN,NaN,1
2024-08-12T11:02:00-04:00,0.6701269916464629,0.6744,0.6701269916464629,0.6744,0.6694987609755608,0.6393510766787407,0.6455469860774046,0,0,11098,11147,0,0,0,0,NaN,NaN,37.68279983457601,NaN,NaN,NaN,0.6713550348079674,0.6545431125,NaN,NaN,NaN,NaN,NaN,NaN,NaN,NaN,NaN,NaN,1,0,0,0,0,NaN,NaN,37.68279983457601,NaN,NaN,NaN,0.6713550348079674,0.6545431125,NaN,NaN,NaN,NaN,NaN,NaN,NaN,NaN,NaN,NaN,1
2024-08-12T11:03:00-04:00,0.6722634958232314,0.6722634958232314,0.67,0.67005,0.6695989862527316,0.6398197625309736,0.6456818735876086,0,0,11098,11148,0,0,0,0,NaN,NaN,40.97133646492251,NaN,NaN,NaN,0.6713550348079674,0.6545431125,NaN,NaN,NaN,NaN,NaN,NaN,NaN,NaN,NaN,NaN,1,0,0,0,0,NaN,NaN,40.97133646492251,NaN,NaN,NaN,0.6713550348079674,0.6545431125,NaN,NaN,NaN,NaN,NaN,NaN,NaN,NaN,NaN,NaN,1
2024-08-12T11:04:00-04:00,0.6711567479116157,0.67184,0.6701,0.6709700000000001,0.6698482614795077,0.6402953386755389,0.6457984842271717,0,0,11098,11149,0,0,0,0,NaN,NaN,42.27708853086404,NaN,NaN,NaN,0.6713550348079674,0.6545431125,NaN,NaN,NaN,NaN,NaN,NaN,NaN,NaN,NaN,NaN,1,0,0,0,0,NaN,NaN,42.27708853086404,NaN,NaN,NaN,0.6713550348079674,0.6545431125,NaN,NaN,NaN,NaN,NaN,NaN,NaN,NaN,NaN,NaN,1
2024-08-12T11:06:00-04:00,0.6710633739558078,0.673,0.6710633739558078,0.673,0.6704213048468699,0.6407946464820192,0.6458168280163284,0,0,11098,11150,0,0,0,0,NaN,NaN,43.59072547484831,NaN,NaN,NaN,0.6713550348079674,0.6545431125,NaN,NaN,NaN,NaN,NaN,NaN,NaN,NaN,NaN,NaN,1,0,0,0,0,NaN,NaN,43.59072547484831,NaN,NaN,NaN,0.6713550348079674,0.6545431125,NaN,NaN,NaN,NaN,NaN,NaN,NaN,NaN,NaN,NaN,1
2024-08-12T11:07:00-04:00,0.6720316869779039,0.6720316869779039,0.67,0.67,0.6703447039656208,0.6412405297418358,0.6459465944904774,0,0,11098,11151,0,0,0,0,NaN,NaN,44.61073329748782,NaN,NaN,NaN,0.6713550348079674,0.6545431125,NaN,NaN,NaN,NaN,NaN,NaN,NaN,NaN,NaN,NaN,1,0,0,0,0,NaN,NaN,44.61073329748782,NaN,NaN,NaN,0.6713550348079674,0.6545431125,NaN,NaN,NaN,NaN,NaN,NaN,NaN,NaN,NaN,NaN,1
2024-08-12T11:08:00-04:00,0.6710158434889519,0.6788,0.6710158434889519,0.6788,0.6718820305173261,0.6418139567686779,0.646092849484265,0,0,11098,11152,0,0,0,0,NaN,NaN,46.020573526022794,NaN,NaN,NaN,0.6713550348079674,0.6545431125,NaN,NaN,NaN,NaN,NaN,NaN,NaN,NaN,NaN,NaN,1,0,0,0,0,NaN,NaN,46.020573526022794,NaN,NaN,NaN,0.6713550348079674,0.6545431125,NaN,NaN,NaN,NaN,NaN,NaN,NaN,NaN,NaN,NaN,1
2024-08-12T11:10:00-04:00,0.674907921744476,0.674907921744476,0.67,0.67,0.6715398431505395,0.6422442780393851,0.6465695301176694,0,0,11098,11153,0,0,0,0,NaN,NaN,46.780245081518736,NaN,NaN,NaN,0.6713550348079674,0.6545431125,NaN,NaN,NaN,NaN,NaN,NaN,NaN,NaN,NaN,NaN,1,0,0,0,0,NaN,NaN,46.780245081518736,NaN,NaN,NaN,0.6713550348079674,0.6545431125,NaN,NaN,NaN,NaN,NaN,NaN,NaN,NaN,NaN,NaN,1
2024-08-12T11:11:00-04:00,0.672453960872238,0.672453960872238,0.67,0.67,0.6712598716686232,0.6426680295196998,0.6466304009282062,0,0,11098,11154,0,0,0,0,NaN,NaN,47.414957835031366,NaN,NaN,NaN,0.6713550348079674,0.6545431125,NaN,NaN,NaN,NaN,NaN,NaN,NaN,NaN,NaN,NaN,1,0,0,0,0,NaN,NaN,47.414957835031366,NaN,NaN,NaN,0.6713550348079674,0.6545431125,NaN,NaN,NaN,NaN,NaN,NaN,NaN,NaN,NaN,NaN,1
2024-08-12T11:14:00-04:00,0.6712269804361191,0.6712269804361191,0.67,0.67,0.6710308040925099,0.6430853115117655,0.6466460516651298,0,0,11098,11155,0,0,0,0,NaN,NaN,47.934233912683574,NaN,NaN,NaN,0.6713550348079674,0.6545431125,NaN,NaN,NaN,NaN,NaN,NaN,NaN,NaN,NaN,NaN,1,0,0,0,0,NaN,NaN,47.934233912683574,NaN,NaN,NaN,0.6713550348079674,0.6545431125,NaN,NaN,NaN,NaN,NaN,NaN,NaN,NaN,NaN,NaN,1
2024-08-12T11:20:00-04:00,0.6706134902180596,0.6706134902180596,0.67,0.67,0.670843385166599,0.6434962227863951,0.6467169279802469,0,0,11098,11156,0,0,0,0,NaN,NaN,48.33805529862483,NaN,NaN,NaN,0.6713550348079674,0.6545431125,NaN,NaN,NaN,NaN,NaN,NaN,NaN,NaN,NaN,NaN,1,0,0,0,0,NaN,NaN,48.33805529862483,NaN,NaN,NaN,0.6713550348079674,0.6545431125,NaN,NaN,NaN,NaN,NaN,NaN,NaN,NaN,NaN,NaN,1
2024-08-12T11:21:00-04:00,0.6703067451090299,0.678699,0.6703067451090299,0.678699,0.6722716787726719,0.6440336697667555,0.6467307879129971,0,0,11098,11157,0,0,0,0,NaN,NaN,50.418549645942036,NaN,NaN,NaN,0.6713550348079674,0.6545431125,NaN,NaN,NaN,NaN,NaN,NaN,NaN,NaN,NaN,NaN,1,0,0,0,0,NaN,NaN,50.418549645942036,NaN,NaN,NaN,0.6713550348079674,0.6545431125,NaN,NaN,NaN,NaN,NaN,NaN,NaN,NaN,NaN,NaN,1
2024-08-12T11:23:00-04:00,0.674502872554515,0.674502872554515,0.67,0.67,0.6718586462685497,0.6444301022894005,0.646790834507605,0,0,11098,11158,0,0,0,0,NaN,NaN,51.82035667127912,NaN,NaN,NaN,0.6713550348079674,0.6545431125,NaN,NaN,NaN,NaN,NaN,NaN,NaN,NaN,NaN,NaN,1,0,0,0,0,NaN,NaN,51.82035667127912,NaN,NaN,NaN,0.6713550348079674,0.6545431125,NaN,NaN,NaN,NaN,NaN,NaN,NaN,NaN,NaN,NaN,1
2024-08-12T11:25:00-04:00,0.6722514362772576,0.6722514362772576,0.6573,0.6573,0.669211619674268,0.6446265892773485,0.6468021786471441,0,0,11098,11159,0,0,0,0,NaN,NaN,51.848036668900875,NaN,NaN,NaN,0.6713550348079674,0.6545431125,NaN,NaN,NaN,NaN,NaN,NaN,NaN,NaN,NaN,NaN,1,0,0,0,0,NaN,NaN,51.848036668900875,NaN,NaN,NaN,0.6713550348079674,0.6545431125,NaN,NaN,NaN,NaN,NaN,NaN,NaN,NaN,NaN,NaN,1
2024-08-12T11:34:00-04:00,0.6647757181386288,0.6647757181386288,0.65,0.65,0.6657185979153102,0.6447086260822745,0.6468048688598493,0,0,11098,11160,0,0,0,0,NaN,NaN,50.85423195341535,NaN,NaN,NaN,0.6713550348079674,0.6545431125,NaN,NaN,NaN,NaN,NaN,NaN,NaN,NaN,NaN,NaN,1,0,0,0,0,NaN,NaN,50.85423195341535,NaN,NaN,NaN,0.6713550348079674,0.6545431125,NaN,NaN,NaN,NaN,NaN,NaN,NaN,NaN,NaN,NaN,1
2024-08-12T11:36:00-04:00,0.6573878590693144,0.660001,0.6573878590693144,0.660001,0.6646790346579811,0.644942097439797,0.6468375228515849,0,0,11098,11161,0,0,0,0,NaN,NaN,51.057906150985275,NaN,NaN,NaN,0.6713550348079674,0.6545431125,NaN,NaN,NaN,NaN,NaN,NaN,NaN,NaN,NaN,NaN,1,0,0,0,0,NaN,NaN,51.057906150985275,NaN,NaN,NaN,0.6713550348079674,0.6545431125,NaN,NaN,NaN,NaN,NaN,NaN,NaN,NaN,NaN,NaN,1
2024-08-12T11:37:00-04:00,0.6586944295346572,0.6586944295346572,0.65,0.65,0.6620101192656209,0.6450193173262123,0.6468443131009276,0,0,11098,11162,0,0,0,0,NaN,NaN,49.8115586254577,NaN,NaN,NaN,0.6713550348079674,0.6545431125,NaN,NaN,NaN,NaN,NaN,NaN,NaN,NaN,NaN,NaN,1,0,0,0,0,NaN,NaN,49.8115586254577,NaN,NaN,NaN,0.6713550348079674,0.6545431125,NaN,NaN,NaN,NaN,NaN,NaN,NaN,NaN,NaN,NaN,1
2024-08-12T11:43:00-04:00,0.6543472147673286,0.663199,0.6543472147673286,0.663199,0.6622262793991444,0.6452968697334457,0.6468702574505117,0,0,11098,11163,0,0,0,0,NaN,NaN,50.20733835119976,NaN,NaN,NaN,0.6713550348079674,0.6545431125,NaN,NaN,NaN,NaN,NaN,NaN,NaN,NaN,NaN,NaN,1,0,0,0,0,NaN,NaN,50.20733835119976,NaN,NaN,NaN,0.6713550348079674,0.6545431125,NaN,NaN,NaN,NaN,NaN,NaN,NaN,NaN,NaN,NaN,1
2024-08-12T11:48:00-04:00,0.6587731073836642,0.6587731073836642,0.6507,0.6507,0.6601305922356635,0.6453793602718664,0.6468718987288877,0,0,11098,11164,0,0,0,0,NaN,NaN,48.801795244510835,NaN,NaN,NaN,0.6713550348079674,0.6545431125,NaN,NaN,NaN,NaN,NaN,NaN,NaN,NaN,NaN,NaN,1,0,0,0,0,NaN,NaN,48.801795244510835,NaN,NaN,NaN,0.6713550348079674,0.6545431125,NaN,NaN,NaN,NaN,NaN,NaN,NaN,NaN,NaN,NaN,1
2024-08-12T11:49:00-04:00,0.6547365536918321,0.6547365536918321,0.653868,0.653868,0.6589919391019065,0.6455089578249676,0.6468875445412248,0,0,11098,11165,0,0,0,0,NaN,NaN,47.25273694514354,NaN,NaN,NaN,0.6713550348079674,0.6545431125,NaN,NaN,NaN,NaN,NaN,NaN,NaN,NaN,NaN,NaN,1,0,0,0,0,NaN,NaN,47.25273694514354,NaN,NaN,NaN,0.6713550348079674,0.6545431125,NaN,NaN,NaN,NaN,NaN,NaN,NaN,NaN,NaN,NaN,1
2024-08-12T11:51:00-04:00,0.6543022768459161,0.665847,0.65,0.6579235,0.6587976774470143,0.6456984928200064,0.6470481666238261,0,0,11098,11166,0,0,0,0,NaN,NaN,47.830525968239385,NaN,NaN,NaN,0.6713550348079674,0.6545431125,NaN,NaN,NaN,NaN,NaN,NaN,NaN,NaN,NaN,NaN,1,0,0,0,0,NaN,NaN,47.830525968239385,NaN,NaN,NaN,0.6713550348079674,0.6545431125,NaN,NaN,NaN,NaN,NaN,NaN,NaN,NaN,NaN,NaN,1
2024-08-12T11:54:00-04:00,0.6561128884229581,0.6561128884229581,0.65,0.65,0.6571980997293754,0.6457641646853498,0.6470496087743013,0,0,11098,11167,0,0,0,0,NaN,NaN,46.11006283133773,NaN,NaN,NaN,0.6713550348079674,0.6545431125,NaN,NaN,NaN,NaN,NaN,NaN,NaN,NaN,NaN,NaN,1,0,0,0,0,NaN,NaN,46.11006283133773,NaN,NaN,NaN,0.6713550348079674,0.6545431125,NaN,NaN,NaN,NaN,NaN,NaN,NaN,NaN,NaN,NaN,1
2024-08-12T11:56:00-04:00,0.653056444211479,0.6659,0.653056444211479,0.6659,0.6587802634149434,0.6460715820183979,0.6470654739702562,0,0,11098,11168,0,0,0,0,NaN,NaN,47.52915583698463,NaN,NaN,NaN,0.6713550348079674,0.6545431125,NaN,NaN,NaN,NaN,NaN,NaN,NaN,NaN,NaN,NaN,1,0,0,0,0,NaN,NaN,47.52915583698463,NaN,NaN,NaN,0.6713550348079674,0.6545431125,NaN,NaN,NaN,NaN,NaN,NaN,NaN,NaN,NaN,NaN,1
2024-08-12T12:01:00-04:00,0.6594782221057396,0.66,0.6594782221057396,0.66,0.6590020337031356,0.6462842296211704,0.6471250720912987,0,0,11098,11169,0,0,0,0,NaN,NaN,47.57274395350357,NaN,NaN,NaN,0.6713550348079674,0.6545431125,NaN,NaN,NaN,NaN,NaN,NaN,NaN,NaN,NaN,NaN,1,0,0,0,0,NaN,NaN,47.57274395350357,NaN,NaN,NaN,0.6713550348079674,0.6545431125,NaN,NaN,NaN,NaN,NaN,NaN,NaN,NaN,NaN,NaN,1
2024-08-12T12:02:00-04:00,0.6597391110528699,0.6644,0.6597391110528699,0.6622,0.6595834821207474,0.6465272184819159,0.6471426062110369,0,0,11098,11170,0,0,0,0,NaN,NaN,49.470086976673514,NaN,NaN,NaN,0.6713550348079674,0.6545431125,NaN,NaN,NaN,NaN,NaN,NaN,NaN,NaN,NaN,NaN,1,0,0,0,0,NaN,NaN,49.470086976673514,NaN,NaN,NaN,0.6713550348079674,0.6545431125,NaN,NaN,NaN,NaN,NaN,NaN,NaN,NaN,NaN,NaN,1
2024-08-12T12:03:00-04:00,0.660969555526435,0.666,0.660969555526435,0.666,0.6607501217351569,0.6468245128562378,0.6472990926123394,0,0,11098,11171,0,0,0,0,NaN,NaN,50.655347048031715,NaN,NaN,NaN,0.6713550348079674,0.6545431125,NaN,NaN,NaN,NaN,NaN,NaN,NaN,NaN,NaN,NaN,1,0,0,0,0,NaN,NaN,50.655347048031715,NaN,NaN,NaN,0.6713550348079674,0.6545431125,NaN,NaN,NaN,NaN,NaN,NaN,NaN,NaN,NaN,NaN,1
2024-08-12T12:18:00-04:00,0.6634847777632176,0.6634847777632176,0.658,0.658,0.6602500996014921,0.64699513098057,0.6473079653020187,0,0,11098,11172,0,0,0,0,NaN,NaN,50.83250007063814,NaN,NaN,NaN,0.6713550348079674,0.6545431125,NaN,NaN,NaN,NaN,NaN,NaN,NaN,NaN,NaN,NaN,1,0,0,0,0,NaN,NaN,50.83250007063814,NaN,NaN,NaN,0.6713550348079674,0.6545431125,NaN,NaN,NaN,NaN,NaN,NaN,NaN,NaN,NaN,NaN,1
2024-08-12T12:22:00-04:00,0.6607423888816089,0.678,0.650001,0.6620005,0.6605683542194026,0.6472242205839202,0.6474954645783534,0,0,11098,11173,0,0,0,0,NaN,NaN,51.42184630086998,NaN,NaN,NaN,0.6713550348079674,0.6545431125,NaN,NaN,NaN,NaN,NaN,NaN,NaN,NaN,NaN,NaN,1,0,0,0,0,NaN,NaN,51.42184630086998,NaN,NaN,NaN,0.6713550348079674,0.6545431125,NaN,NaN,NaN,NaN,NaN,NaN,NaN,NaN,NaN,NaN,1
2024-08-12T12:23:00-04:00,0.6613714444408044,0.678,0.6613714444408044,0.678,0.6637377443613295,0.6476940798116466,0.6509607999880277,1,0,11174,11173,0,0,0,0,NaN,NaN,53.14665391193005,NaN,NaN,NaN,0.6713550348079674,0.6545431125,NaN,NaN,NaN,NaN,NaN,NaN,NaN,NaN,NaN,NaN,1,0,0,0,0,NaN,NaN,53.14665391193005,NaN,NaN,NaN,0.6713550348079674,0.6545431125,NaN,NaN,NaN,NaN,NaN,NaN,NaN,NaN,NaN,NaN,1
2024-08-12T12:27:00-04:00,0.6696857222204022,0.675399,0.6696857222204022,0.675399,0.6658579726592696,0.6481170556923849,0.6510050494837779,0,0,11174,11173,0,0,0,0,NaN,NaN,53.45188068397378,NaN,NaN,NaN,0.6713550348079674,0.6545431125,NaN,NaN,NaN,NaN,NaN,NaN,NaN,NaN,NaN,NaN,1,0,0,0,0,NaN,NaN,53.45188068397378,NaN,NaN,NaN,0.6713550348079674,0.6545431125,NaN,NaN,NaN,NaN,NaN,NaN,NaN,NaN,NaN,NaN,1
2024-08-12T12:30:00-04:00,0.672542361110201,0.6738,0.672542361110201,0.6738,0.6673019776303115,0.6485091617123484,0.6510162705165465,0,0,11174,11173,0,0,0,0,NaN,NaN,53.48679474227518,NaN,NaN,NaN,0.6713550348079674,0.6545431125,NaN,NaN,NaN,NaN,NaN,NaN,NaN,NaN,NaN,NaN,1,0,0,0,0,NaN,NaN,53.48679474227518,NaN,NaN,NaN,0.6713550348079674,0.6545431125,NaN,NaN,NaN,NaN,NaN,NaN,NaN,NaN,NaN,NaN,1
2024-08-12T12:32:00-04:00,0.6731711805551005,0.6731711805551005,0.659,0.65925,0.6658379816975276,0.6486731439762821,0.6510362195051055,0,0,11174,11173,0,0,0,0,NaN,NaN,51.601737726218644,NaN,NaN,NaN,0.6713550348079674,0.6545431125,NaN,NaN,NaN,NaN,NaN,NaN,NaN,NaN,NaN,NaN,1,0,0,0,0,NaN,NaN,51.601737726218644,NaN,NaN,NaN,0.6713550348079674,0.6545431125,NaN,NaN,NaN,NaN,NaN,NaN,NaN,NaN,NaN,NaN,1
2024-08-12T12:34:00-04:00,0.6662105902775503,0.675335,0.6662105902775503,0.675335,0.6675647122979771,0.6490801952132854,0.6510800092972375,1,0,11174,11173,0,0,0,0,NaN,NaN,51.818466957435916,NaN,NaN,NaN,0.6713550348079674,0.6545431125,NaN,NaN,NaN,NaN,NaN,NaN,NaN,NaN,NaN,NaN,1,0,0,0,0,NaN,NaN,51.818466957435916,NaN,NaN,NaN,0.6713550348079674,0.6545431125,NaN,NaN,NaN,NaN,NaN,NaN,NaN,NaN,NaN,NaN,1
2024-08-12T12:35:00-04:00,0.6707727951387752,0.6707727951387752,0.659,0.659,0.6660074918801631,0.6492316426146093,0.6510941143309957,0,0,11174,11173,0,0,0,0,NaN,NaN,49.76538810864525,NaN,NaN,NaN,0.6713550348079674,0.6545431125,NaN,NaN,NaN,NaN,NaN,NaN,NaN,NaN,NaN,NaN,1,0,0,0,0,NaN,NaN,49.76538810864525,NaN,NaN,NaN,0.6713550348079674,0.6545431125,NaN,NaN,NaN,NaN,NaN,NaN,NaN,NaN,NaN,NaN,1
2024-08-12T12:37:00-04:00,0.6648863975693876,0.6648863975693876,0.6591,0.6591,0.664751584265588,0.6493823045594245,0.6511027462308124,0,0,11174,11173,0,0,0,0,NaN,NaN,47.54945178648204,NaN,NaN,NaN,0.6713550348079674,0.6545431125,NaN,NaN,NaN,NaN,NaN,NaN,NaN,NaN,NaN,NaN,1,0,0,0,0,NaN,NaN,47.54945178648204,NaN,NaN,NaN,0.6713550348079674,0.6545431125,NaN,NaN,NaN,NaN,NaN,NaN,NaN,NaN,NaN,NaN,1
2024-08-12T12:45:00-04:00,0.6619931987846939,0.6755,0.6619931987846939,0.6732690000000001,0.6663002053082084,0.649746986932563,0.6512609393258706,1,0,11174,11173,0,0,0,0,NaN,NaN,48.20022871696905,NaN,NaN,NaN,0.6713550348079674,0.6545431125,NaN,NaN,NaN,NaN,NaN,NaN,NaN,NaN,NaN,NaN,1,0,0,0,0,NaN,NaN,48.20022871696905,NaN,NaN,NaN,0.6713550348079674,0.6545431125,NaN,NaN,NaN,NaN,NaN,NaN,NaN,NaN,NaN,NaN,1
2024-08-12T12:47:00-04:00,0.667631099392347,0.6755,0.667631099392347,0.6737415,0.6676531679794433,0.6501133153763408,0.651356790609466,0,0,11174,11173,0,0,0,0,NaN,NaN,47.50243749777273,NaN,NaN,NaN,0.6713550348079674,0.6545431125,NaN,NaN,NaN,NaN,NaN,NaN,NaN,NaN,NaN,NaN,1,0,0,0,0,NaN,NaN,47.50243749777273,NaN,NaN,NaN,0.6713550348079674,0.6545431125,NaN,NaN,NaN,NaN,NaN,NaN,NaN,NaN,NaN,NaN,1
2024-08-12T12:51:00-04:00,0.6706862996961735,0.6706862996961735,0.67,0.67,0.6680798647104537,0.6504169288820455,0.6514096336118166,0,0,11174,11173,0,0,0,0,NaN,NaN,46.301365913153866,NaN,NaN,NaN,0.6713550348079674,0.6545431125,NaN,NaN,NaN,NaN,NaN,NaN,NaN,NaN,NaN,NaN,1,0,0,0,0,NaN,NaN,46.301365913153866,NaN,NaN,NaN,0.6713550348079674,0.6545431125,NaN,NaN,NaN,NaN,NaN,NaN,NaN,NaN,NaN,NaN,1
2024-08-12T12:54:00-04:00,0.6703431498480867,0.6703431498480867,0.6699,0.6699,0.668410798399462,0.6507143803494951,0.6514227267785003,0,0,11174,11173,0,0,0,0,NaN,NaN,44.98863010327912,NaN,NaN,NaN,0.6713550348079674,0.6545431125,NaN,NaN,NaN,NaN,NaN,NaN,NaN,NaN,NaN,NaN,1,0,0,0,0,NaN,NaN,44.98863010327912,NaN,NaN,NaN,0.6713550348079674,0.6545431125,NaN,NaN,NaN,NaN,NaN,NaN,NaN,NaN,NaN,NaN,1
2024-08-12T12:55:00-04:00,0.6701215749240435,0.6701215749240435,0.6651,0.667475,0.6682406532359235,0.6509702676724036,0.6516740269381566,0,0,11174,11173,0,0,0,0,NaN,NaN,43.28028460422786,NaN,NaN,NaN,0.6713550348079674,0.6545431125,NaN,NaN,NaN,NaN,NaN,NaN,NaN,NaN,NaN,NaN,1,0,0,0,0,NaN,NaN,43.28028460422786,NaN,NaN,NaN,0.6713550348079674,0.6545431125,NaN,NaN,NaN,NaN,NaN,NaN,NaN,NaN,NaN,NaN,1
2024-08-12T12:59:00-04:00,0.6687982874620217,0.6687982874620217,0.661,0.663,0.6672878071930284,0.6511539277079395,0.6518343506192986,0,0,11174,11173,0,0,0,0,NaN,NaN,40.914737426336465,NaN,NaN,NaN,0.6713550348079674,0.6545431125,NaN,NaN,NaN,NaN,NaN,NaN,NaN,NaN,NaN,NaN,1,0,0,0,0,NaN,NaN,40.914737426336465,NaN,NaN,NaN,0.6713550348079674,0.6545431125,NaN,NaN,NaN,NaN,NaN,NaN,NaN,NaN,NaN,NaN,1
2024-08-12T13:15:00-04:00,0.6658991437310109,0.6755,0.6658991437310109,0.6755,0.6687809331579323,0.6515256234681236,0.6518441037846655,1,0,11174,11173,0,0,0,0,NaN,NaN,40.406508857398165,NaN,NaN,NaN,0.6713550348079674,0.6545431125,NaN,NaN,NaN,NaN,NaN,NaN,NaN,NaN,NaN,NaN,1,0,0,0,0,NaN,NaN,40.406508857398165,NaN,NaN,NaN,0.6713550348079674,0.6545431125,NaN,NaN,NaN,NaN,NaN,NaN,NaN,NaN,NaN,NaN,1
2024-08-12T13:17:00-04:00,0.6706995718655054,0.6706995718655054,0.66,0.66,0.66718439985649,0.6516550032625034,0.651852498222832,0,0,11174,11173,0,0,0,0,NaN,NaN,37.37924045808452,NaN,NaN,NaN,0.6713550348079674,0.6545431125,NaN,NaN,NaN,NaN,NaN,NaN,NaN,NaN,NaN,NaN,1,0,0,0,0,NaN,NaN,37.37924045808452,NaN,NaN,NaN,0.6713550348079674,0.6545431125,NaN,NaN,NaN,NaN,NaN,NaN,NaN,NaN,NaN,NaN,1
2024-08-12T13:22:00-04:00,0.6653497859327527,0.6653497859327527,0.66,0.66,0.6658781453371282,0.6517824077928468,0.6518552925302237,0,0,11174,11173,0,0,0,0,NaN,NaN,34.78208847740887,NaN,NaN,NaN,0.6713550348079674,0.6545431125,NaN,NaN,NaN,NaN,NaN,NaN,NaN,NaN,NaN,NaN,1,0,0,0,0,NaN,NaN,34.78208847740887,NaN,NaN,NaN,0.6713550348079674,0.6545431125,NaN,NaN,NaN,NaN,NaN,NaN,NaN,NaN,NaN,NaN,1
2024-08-12T13:23:00-04:00,0.6626748929663764,0.675,0.6626748929663764,0.675,0.6675366643667413,0.6521368748494446,0.6518632276317818,0,0,11174,11173,0,0,0,0,NaN,NaN,33.25715409938423,NaN,NaN,NaN,0.6713550348079674,0.6545431125,NaN,NaN,NaN,NaN,NaN,NaN,NaN,NaN,NaN,NaN,1,0,0,0,0,NaN,NaN,33.25715409938423,NaN,NaN,NaN,0.6713550348079674,0.6545431125,NaN,NaN,NaN,NaN,NaN,NaN,NaN,NaN,NaN,NaN,1
2024-08-12T13:24:00-04:00,0.6688374464831882,0.6688374464831882,0.66,0.6604500000000001,0.6662481799364247,0.6522637927906745,0.6519158937541527,0,0,11174,11173,0,0,0,0,NaN,NaN,30.16817466325276,NaN,NaN,NaN,0.6713550348079674,0.6545431125,NaN,NaN,NaN,NaN,NaN,NaN,NaN,NaN,NaN,NaN,1,0,0,0,0,NaN,NaN,30.16817466325276,NaN,NaN,NaN,0.6713550348079674,0.6545431125,NaN,NaN,NaN,NaN,NaN,NaN,NaN,NaN,NaN,NaN,1
2024-08-12T13:26:00-04:00,0.6646437232415942,0.6646437232415942,0.659,0.659,0.6649303290388929,0.6523666356488321,0.6519309243469034,0,0,11174,11173,0,0,0,0,NaN,NaN,26.201496496178077,NaN,NaN,NaN,0.6713550348079674,0.6545431125,NaN,NaN,NaN,NaN,NaN,NaN,NaN,NaN,NaN,NaN,1,0,0,0,0,NaN,NaN,26.201496496178077,NaN,NaN,NaN,0.6713550348079674,0.6545431125,NaN,NaN,NaN,NaN,NaN,NaN,NaN,NaN,NaN,NaN,1
2024-08-12T13:34:00-04:00,0.6618218616207971,0.6618218616207971,0.659,0.65995,0.6640248146681851,0.6524824122038118,0.651993848762756,0,0,11174,11173,0,0,0,0,NaN,NaN,22.34509093642163,NaN,NaN,NaN,0.6713550348079674,0.6545431125,NaN,NaN,NaN,NaN,NaN,NaN,NaN,NaN,NaN,NaN,1,0,0,0,0,NaN,NaN,22.34509093642163,NaN,NaN,NaN,0.6713550348079674,0.6545431125,NaN,NaN,NaN,NaN,NaN,NaN,NaN,NaN,NaN,NaN,1
2024-08-12T13:36:00-04:00,0.6608859308103986,0.6608859308103986,0.659,0.659,0.6631112120012423,0.6525819173610055,0.6520566475413397,0,0,11174,11173,0,0,0,0,NaN,NaN,19.247597565396386,NaN,NaN,NaN,0.6713550348079674,0.6545431125,NaN,NaN,NaN,NaN,NaN,NaN,NaN,NaN,NaN,NaN,1,0,0,0,0,NaN,NaN,19.247597565396386,NaN,NaN,NaN,0.6713550348079674,0.6545431125,NaN,NaN,NaN,NaN,NaN,NaN,NaN,NaN,NaN,NaN,1
2024-08-12T13:44:00-04:00,0.6599429654051994,0.6599429654051994,0.65,0.65,0.6607273552737437,0.6525424987753412,0.6520559601729242,0,0,11174,11173,0,0,0,0,NaN,NaN,14.434788493534576,NaN,NaN,NaN,0.6713550348079674,0.6545431125,NaN,NaN,NaN,NaN,NaN,NaN,NaN,NaN,NaN,NaN,1,0,0,0,0,NaN,NaN,14.434788493534576,NaN,NaN,NaN,0.6713550348079674,0.6545431125,NaN,NaN,NaN,NaN,NaN,NaN,NaN,NaN,NaN,NaN,1
2024-08-12T13:48:00-04:00,0.6549714827025996,0.6549714827025996,0.650241,0.650241,0.6588207452239722,0.6525073613894581,0.6520497096106448,0,0,11174,11173,0,0,0,0,NaN,NaN,9.996800776994782,NaN,NaN,NaN,0.6713550348079674,0.6545431125,NaN,NaN,NaN,NaN,NaN,NaN,NaN,NaN,NaN,NaN,1,0,0,0,0,NaN,NaN,9.996800776994782,NaN,NaN,NaN,0.6713550348079674,0.6545431125,NaN,NaN,NaN,NaN,NaN,NaN,NaN,NaN,NaN,NaN,1
2024-08-12T13:51:00-04:00,0.6526062413512999,0.6526062413512999,0.65,0.6505000000000001,0.6573078824559773,0.6524767146506877,0.6520486779839568,0,0,11174,11173,0,0,0,0,NaN,NaN,5.619644529508103,NaN,NaN,NaN,0.6713550348079674,0.6545431125,NaN,NaN,NaN,NaN,NaN,NaN,NaN,NaN,NaN,NaN,1,0,0,0,0,NaN,NaN,5.619644529508103,NaN,NaN,NaN,0.6713550348079674,0.6545431125,NaN,NaN,NaN,NaN,NaN,NaN,NaN,NaN,NaN,NaN,1
2024-08-12T13:52:00-04:00,0.65155312067565,0.65155312067565,0.65,0.65,0.6559791765548905,0.6524389022132726,0.6520471108308111,0,0,11174,11173,0,0,0,0,NaN,NaN,2.115608590137312,NaN,NaN,NaN,0.6713550348079674,0.6545431125,NaN,NaN,NaN,NaN,NaN,NaN,NaN,NaN,NaN,NaN,1,0,0,0,0,NaN,NaN,2.115608590137312,NaN,NaN,NaN,0.6713550348079674,0.6545431125,NaN,NaN,NaN,NaN,NaN,NaN,NaN,NaN,NaN,NaN,1
2024-08-12T14:00:00-04:00,0.650776560337825,0.650776560337825,0.65,0.65,0.6548920535449104,0.6524016670649784,0.6520464302074674,0,0,11174,11173,0,0,0,0,NaN,NaN,0.16137225369747754,NaN,NaN,NaN,0.6713550348079674,0.6545431125,NaN,NaN,NaN,NaN,NaN,NaN,NaN,NaN,NaN,NaN,1,0,0,0,0,NaN,NaN,0.16137225369747754,NaN,NaN,NaN,0.6713550348079674,0.6545431125,NaN,NaN,NaN,NaN,NaN,NaN,NaN,NaN,NaN,NaN,1
2024-08-12T14:05:00-04:00,0.6503882801689125,0.651,0.65,0.6505,0.6540934983549267,0.6523726339800169,0.6518973016898488,0,0,11174,11173,0,0,0,0,NaN,NaN,0.2571577528748108,NaN,NaN,NaN,0.6713550348079674,0.6545431125,NaN,NaN,NaN,NaN,NaN,NaN,NaN,NaN,NaN,NaN,1,0,0,0,0,NaN,NaN,0.2571577528748108,NaN,NaN,NaN,0.6713550348079674,0.6545431125,NaN,NaN,NaN,NaN,NaN,NaN,NaN,NaN,NaN,NaN,1
2024-08-12T14:08:00-04:00,0.6504441400844563,0.6504441400844563,0.6501,0.6501,0.6533674077449401,0.6523379372780319,0.6518812481421382,0,0,11174,11173,0,0,0,0,NaN,NaN,2.7257176484551895,NaN,NaN,NaN,0.6713550348079674,0.6545431125,NaN,NaN,NaN,NaN,NaN,NaN,NaN,NaN,NaN,NaN,1,0,0,0,0,NaN,NaN,2.7257176484551895,NaN,NaN,NaN,0.6713550348079674,0.6545431125,NaN,NaN,NaN,NaN,NaN,NaN,NaN,NaN,NaN,NaN,1
2024-08-12T14:13:00-04:00,0.6502720700422282,0.668,0.6502720700422282,0.668,0.6560278790640419,0.652577052739436,0.6529142999233705,1,0,11174,11173,0,0,0,0,NaN,NaN,5.9574989444862,NaN,NaN,NaN,0.6713550348079674,0.6545431125,NaN,NaN,NaN,NaN,NaN,NaN,NaN,NaN,NaN,NaN,1,0,0,0,0,NaN,NaN,5.9574989444862,NaN,NaN,NaN,0.6713550348079674,0.6545431125,NaN,NaN,NaN,NaN,NaN,NaN,NaN,NaN,NaN,NaN,1
2024-08-12T14:15:00-04:00,0.6591360350211142,0.6591360350211142,0.65,0.65,0.654931901052398,0.6525377084228033,0.6529059675450611,0,0,11174,11173,0,0,0,0,NaN,NaN,12.531354449945583,NaN,NaN,NaN,0.6713550348079674,0.6545431125,NaN,NaN,NaN,NaN,NaN,NaN,NaN,NaN,NaN,NaN,1,0,0,0,0,NaN,NaN,12.531354449945583,NaN,NaN,NaN,0.6713550348079674,0.6545431125,NaN,NaN,NaN,NaN,NaN,NaN,NaN,NaN,NaN,NaN,1
2024-08-12T14:19:00-04:00,0.654568017510557,0.6741,0.654568017510557,0.674025,0.6584033735883256,0.6528657586758904,0.6541217347027753,1,0,11174,11173,0,0,0,0,NaN,NaN,15.156962095683157,NaN,NaN,NaN,0.6713550348079674,0.6545431125,NaN,NaN,NaN,NaN,NaN,NaN,NaN,NaN,NaN,NaN,1,0,0,0,0,NaN,NaN,15.156962095683157,NaN,NaN,NaN,0.6713550348079674,0.6545431125,NaN,NaN,NaN,NaN,NaN,NaN,NaN,NaN,NaN,NaN,1
2024-08-12T14:20:00-04:00,0.6642965087552786,0.674,0.6642965087552786,0.674,0.6612391238449936,0.6531884188487775,0.6542083368013368,0,0,11174,11173,0,0,0,0,NaN,NaN,16.668630673161807,NaN,NaN,NaN,0.6713550348079674,0.6545431125,NaN,NaN,NaN,NaN,NaN,NaN,NaN,NaN,NaN,NaN,1,0,0,0,0,NaN,NaN,16.668630673161807,NaN,NaN,NaN,0.6713550348079674,0.6545431125,NaN,NaN,NaN,NaN,NaN,NaN,NaN,NaN,NaN,NaN,1
2024-08-12T14:22:00-04:00,0.6691482543776393,0.6691482543776393,0.6689,0.6689,0.6626320104186312,0.6534282903167351,0.6542289918965148,0,0,11174,11173,0,0,0,0,NaN,NaN,19.776703235449332,NaN,NaN,NaN,0.6713550348079674,0.6545431125,NaN,NaN,NaN,NaN,NaN,NaN,NaN,NaN,NaN,NaN,1,0,0,0,0,NaN,NaN,19.776703235449332,NaN,NaN,NaN,0.6713550348079674,0.6545431125,NaN,NaN,NaN,NaN,NaN,NaN,NaN,NaN,NaN,NaN,1
2024-08-12T14:26:00-04:00,0.6690241271888197,0.6690241271888197,0.651,0.651,0.6605170994334255,0.6533912171821284,0.6542281514378152,0,0,11174,11173,0,0,0,0,NaN,NaN,23.773207753553553,NaN,NaN,NaN,0.6713550348079674,0.6545431125,NaN,NaN,NaN,NaN,NaN,NaN,NaN,NaN,NaN,NaN,1,0,0,0,0,NaN,NaN,23.773207753553553,NaN,NaN,NaN,0.6713550348079674,0.6545431125,NaN,NaN,NaN,NaN,NaN,NaN,NaN,NaN,NaN,NaN,1
2024-08-12T14:35:00-04:00,0.6600120635944098,0.6682,0.653,0.6606000000000001,0.6605321722637117,0.653501274935073,0.654233123048734,0,0,11174,11173,0,0,0,0,NaN,NaN,21.711753776121526,NaN,NaN,NaN,0.6713550348079674,0.6545431125,NaN,NaN,NaN,NaN,NaN,NaN,NaN,NaN,NaN,NaN,1,0,0,0,0,NaN,NaN,21.711753776121526,NaN,NaN,NaN,0.6713550348079674,0.6545431125,NaN,NaN,NaN,NaN,NaN,NaN,NaN,NaN,NaN,NaN,1
2024-08-12T14:37:00-04:00,0.6603060317972049,0.6682,0.658,0.663075,0.6609945045794006,0.6536474386765223,0.65467429269483,1,0,11174,11173,0,0,0,0,NaN,NaN,19.632872334492284,NaN,NaN,NaN,0.6713550348079674,0.6545431125,NaN,NaN,NaN,NaN,NaN,NaN,NaN,NaN,NaN,NaN,1,0,0,0,0,NaN,NaN,19.632872334492284,NaN,NaN,NaN,0.6713550348079674,0.6545431125,NaN,NaN,NaN,NaN,NaN,NaN,NaN,NaN,NaN,NaN,1
2024-08-12T14:45:00-04:00,0.6616905158986024,0.6616905158986024,0.6581,0.6581,0.6604682310195096,0.6537154167119953,0.654707821685842,0,0,11174,11173,0,0,0,0,NaN,NaN,17.65668836342821,NaN,NaN,NaN,0.6713550348079674,0.6545431125,NaN,NaN,NaN,NaN,NaN,NaN,NaN,NaN,NaN,NaN,1,0,0,0,0,NaN,NaN,17.65668836342821,NaN,NaN,NaN,0.6713550348079674,0.6545431125,NaN,NaN,NaN,NaN,NaN,NaN,NaN,NaN,NaN,NaN,1
2024-08-12T14:53:00-04:00,0.6598952579493012,0.6598952579493012,0.658,0.658,0.6600194617432351,0.6537808301973084,0.6547086270407988,0,0,11174,11173,0,0,0,0,NaN,NaN,16.514517784264548,NaN,NaN,NaN,0.6713550348079674,0.6545431125,NaN,NaN,NaN,NaN,NaN,NaN,NaN,NaN,NaN,NaN,1,0,0,0,0,NaN,NaN,16.514517784264548,NaN,NaN,NaN,0.6713550348079674,0.6545431125,NaN,NaN,NaN,NaN,NaN,NaN,NaN,NaN,NaN,NaN,1
2024-08-12T15:02:00-04:00,0.6589476289746505,0.6675,0.658,0.662775,0.6605204686990106,0.6539181457668151,0.6547960317460509,1,0,11174,11173,0,0,0,0,NaN,NaN,15.156450825129092,NaN,NaN,NaN,0.6713550348079674,0.6545431125,NaN,NaN,NaN,NaN,NaN,NaN,NaN,NaN,NaN,NaN,1,0,0,0,0,NaN,NaN,15.156450825129092,NaN,NaN,NaN,0.6713550348079674,0.6545431125,NaN,NaN,NaN,NaN,NaN,NaN,NaN,NaN,NaN,NaN,1
2024-08-12T15:12:00-04:00,0.6608613144873252,0.6608613144873252,0.658,0.658,0.6600622016628268,0.6539804641520546,0.6547968068421536,0,0,11174,11173,0,0,0,0,NaN,NaN,14.685760464037642,NaN,NaN,NaN,0.6713550348079674,0.6545431125,NaN,NaN,NaN,NaN,NaN,NaN,NaN,NaN,NaN,NaN,1,0,0,0,0,NaN,NaN,14.685760464037642,NaN,NaN,NaN,0.6713550348079674,0.6545431125,NaN,NaN,NaN,NaN,NaN,NaN,NaN,NaN,NaN,NaN,1
2024-08-12T15:13:00-04:00,0.6594306572436626,0.6594306572436626,0.658,0.658,0.6596872559059492,0.6540418311115652,0.6547975815633283,0,0,11174,11173,0,0,0,0,NaN,NaN,14.521259893413177,NaN,NaN,NaN,0.6713550348079674,0.6545431125,NaN,NaN,NaN,NaN,NaN,NaN,NaN,NaN,NaN,NaN,1,0,0,0,0,NaN,NaN,14.521259893413177,NaN,NaN,NaN,0.6713550348079674,0.6545431125,NaN,NaN,NaN,NaN,NaN,NaN,NaN,NaN,NaN,NaN,1
2024-08-12T15:14:00-04:00,0.6587153286218312,0.6675,0.6587153286218312,0.6675,0.6611077548321402,0.6542472993388696,0.6548006530150109,1,0,11174,11173,0,0,0,0,NaN,NaN,12.443196447299727,NaN,NaN,NaN,0.6713550348079674,0.6545431125,NaN,NaN,NaN,NaN,NaN,NaN,NaN,NaN,NaN,NaN,1,0,0,0,0,NaN,NaN,12.443196447299727,NaN,NaN,NaN,0.6713550348079674,0.6545431125,NaN,NaN,NaN,NaN,NaN,NaN,NaN,NaN,NaN,NaN,1
2024-08-12T15:24:00-04:00,0.6631076643109156,0.6674,0.6631076643109156,0.6674,0.6622517994081147,0.6544481039291159,0.6548158672656884,0,0,11174,11173,0,0,0,0,NaN,NaN,10.538752721597588,NaN,NaN,NaN,0.6713550348079674,0.6545431125,NaN,NaN,NaN,NaN,NaN,NaN,NaN,NaN,NaN,NaN,1,0,0,0,0,NaN,NaN,10.538752721597588,NaN,NaN,NaN,0.6713550348079674,0.6545431125,NaN,NaN,NaN,NaN,NaN,NaN,NaN,NaN,NaN,NaN,1
2024-08-12T15:35:00-04:00,0.6652538321554577,0.6668,0.6652538321554577,0.6668,0.6630787449702756,0.6546366824950836,0.6550066955906398,0,0,11174,11173,0,0,0,0,NaN,NaN,8.87782182631318,NaN,NaN,NaN,0.6713550348079674,0.6545431125,NaN,NaN,NaN,NaN,NaN,NaN,NaN,NaN,NaN,NaN,1,0,0,0,0,NaN,NaN,8.87782182631318,NaN,NaN,NaN,0.6713550348079674,0.6545431125,NaN,NaN,NaN,NaN,NaN,NaN,NaN,NaN,NaN,NaN,1
2024-08-12T15:36:00-04:00,0.6660269160777288,0.6660269160777288,0.65,0.658,0.6621553367938618,0.6546880308539372,0.6550286156621872,0,0,11174,11173,0,0,0,0,NaN,NaN,8.686233552635745,NaN,NaN,NaN,0.6713550348079674,0.6545431125,NaN,NaN,NaN,NaN,NaN,NaN,NaN,NaN,NaN,NaN,1,0,0,0,0,NaN,NaN,8.686233552635745,NaN,NaN,NaN,0.6713550348079674,0.6545431125,NaN,NaN,NaN,NaN,NaN,NaN,NaN,NaN,NaN,NaN,1
2024-08-12T15:42:00-04:00,0.6620134580388644,0.6620134580388644,0.659035,0.659035,0.6615880028313416,0.6547543967950985,0.6550323928825648,0,0,11174,11173,0,0,0,0,NaN,NaN,7.709726367489539,NaN,NaN,NaN,0.6713550348079674,0.6545431125,NaN,NaN,NaN,NaN,NaN,NaN,NaN,NaN,NaN,NaN,1,0,0,0,0,NaN,NaN,7.709726367489539,NaN,NaN,NaN,0.6713550348079674,0.6545431125,NaN,NaN,NaN,NaN,NaN,NaN,NaN,NaN,NaN,NaN,1
2024-08-12T15:48:00-04:00,0.6605242290194322,0.6605242290194322,0.655,0.655,0.660390184134734,0.6547581464623489,0.6550323852493589,0,0,11174,11173,0,0,0,0,NaN,NaN,7.822223031358338,NaN,NaN,NaN,0.6713550348079674,0.6545431125,NaN,NaN,NaN,NaN,NaN,NaN,NaN,NaN,NaN,NaN,1,0,0,0,0,NaN,NaN,7.822223031358338,NaN,NaN,NaN,0.6713550348079674,0.6545431125,NaN,NaN,NaN,NaN,NaN,NaN,NaN,NaN,NaN,NaN,1
2024-08-12T15:49:00-04:00,0.6577621145097161,0.6577621145097161,0.655101,0.6555505,0.6595102415647824,0.6547702434629237,0.6550338462090664,0,0,11174,11173,0,0,0,0,NaN,NaN,7.679809281562726,NaN,NaN,NaN,0.6713550348079674,0.6545431125,NaN,NaN,NaN,NaN,NaN,NaN,NaN,NaN,NaN,NaN,1,0,0,0,0,NaN,NaN,7.679809281562726,NaN,NaN,NaN,0.6713550348079674,0.6545431125,NaN,NaN,NaN,NaN,NaN,NaN,NaN,NaN,NaN,NaN,1
2024-08-12T15:50:00-04:00,0.6566563072548581,0.6566563072548581,0.655,0.655,0.6586901976439129,0.6547737511963142,0.6550338382577501,0,0,11174,11173,0,0,0,0,NaN,NaN,7.292169747854412,NaN,NaN,NaN,0.6713550348079674,0.6545431125,NaN,NaN,NaN,NaN,NaN,NaN,NaN,NaN,NaN,NaN,1,0,0,0,0,NaN,NaN,7.292169747854412,NaN,NaN,NaN,0.6713550348079674,0.6545431125,NaN,NaN,NaN,NaN,NaN,NaN,NaN,NaN,NaN,NaN,1
2024-08-12T15:54:00-04:00,0.6558281536274291,0.666622,0.6558281536274291,0.666622,0.6601323435268378,0.6549546404910269,0.6550676055756222,0,0,11174,11173,0,0,0,0,NaN,NaN,5.621949545093155,NaN,NaN,NaN,0.6713550348079674,0.6545431125,NaN,NaN,NaN,NaN,NaN,NaN,NaN,NaN,NaN,NaN,1,0,0,0,0,NaN,NaN,5.621949545093155,NaN,NaN,NaN,0.6713550348079674,0.6545431125,NaN,NaN,NaN,NaN,NaN,NaN,NaN,NaN,NaN,NaN,1
2024-08-12T15:55:00-04:00,0.6612250768137146,0.6612250768137146,0.6552,0.6552,0.6592355537946855,0.6549583864377287,0.6550677681892302,0,0,11174,11173,0,0,0,0,NaN,NaN,4.59454838542733,NaN,NaN,NaN,0.6713550348079674,0.6545431125,NaN,NaN,NaN,NaN,NaN,NaN,NaN,NaN,NaN,NaN,1,0,0,0,0,NaN,NaN,4.59454838542733,NaN,NaN,NaN,0.6713550348079674,0.6545431125,NaN,NaN,NaN,NaN,NaN,NaN,NaN,NaN,NaN,NaN,1
2024-08-12T15:56:00-04:00,0.6582125384068573,0.666,0.656,0.661,0.6595563621956517,0.6550506248127252,0.6551599924260745,0,0,11174,11173,0,0,0,0,NaN,NaN,3.7961804385064024,NaN,NaN,NaN,0.6713550348079674,0.6545431125,NaN,NaN,NaN,NaN,NaN,NaN,NaN,NaN,NaN,NaN,1,0,0,0,0,NaN,NaN,3.7961804385064024,NaN,NaN,NaN,0.6713550348079674,0.6545431125,NaN,NaN,NaN,NaN,NaN,NaN,NaN,NaN,NaN,NaN,1
2024-08-12T15:57:00-04:00,0.6596062692034287,0.6596062692034287,0.656,0.6561,0.6589279327055332,0.6550666458079508,0.6551626629021368,0,0,11174,11173,0,0,0,0,NaN,NaN,3.5363401464591107,NaN,NaN,NaN,0.6713550348079674,0.6545431125,NaN,NaN,NaN,NaN,NaN,NaN,NaN,NaN,NaN,NaN,1,0,0,0,0,NaN,NaN,3.5363401464591107,NaN,NaN,NaN,0.6713550348079674,0.6545431125,NaN,NaN,NaN,NaN,NaN,NaN,NaN,NaN,NaN,NaN,1
2024-08-12T15:58:00-04:00,0.6578531346017144,0.66,0.6578531346017144,0.66,0.6591228540317999,0.6551419641925622,0.6551648837793601,0,0,11174,11173,0,0,0,0,NaN,NaN,2.8654710836392137,NaN,NaN,NaN,0.6713550348079674,0.6545431125,NaN,NaN,NaN,NaN,NaN,NaN,NaN,NaN,NaN,NaN,1,0,0,0,0,NaN,NaN,2.8654710836392137,NaN,NaN,NaN,0.6713550348079674,0.6545431125,NaN,NaN,NaN,NaN,NaN,NaN,NaN,NaN,NaN,NaN,1
2024-08-12T15:59:00-04:00,0.6589265673008572,0.666,0.6562,0.661575,0.6595686987532908,0.6552401784796986,0.655229039132737,1,0,11174,11173,0,0,0,0,NaN,NaN,2.0978872053872384,NaN,NaN,NaN,0.6713550348079674,0.6545431125,NaN,NaN,NaN,NaN,NaN,NaN,NaN,NaN,NaN,NaN,1,0,0,0,0,NaN,NaN,2.0978872053872384,NaN,NaN,NaN,0.6713550348079674,0.6545431125,NaN,NaN,NaN,NaN,NaN,NaN,NaN,NaN,NaN,NaN,1
2024-08-12T16:00:00-04:00,0.6602507836504286,0.665,0.6562,0.6606000000000001,0.6597562080708743,0.6553220078158865,0.6552339170795226,0,0,11174,11173,0,0,0,0,NaN,NaN,0.9628612582047426,NaN,NaN,NaN,0.6713550348079674,0.6545431125,NaN,NaN,NaN,NaN,NaN,NaN,NaN,NaN,NaN,NaN,1,0,0,0,0,NaN,NaN,0.9628612582047426,NaN,NaN,NaN,0.6713550348079674,0.6545431125,NaN,NaN,NaN,NaN,NaN,NaN,NaN,NaN,NaN,NaN,1
2024-08-12T16:10:00-04:00,0.6604253918252143,0.6604253918252143,0.66,0.66,0.6598005338761699,0.6553934275438882,0.6553399156202964,0,0,11174,11173,0,0,0,0,NaN,NaN,0.5579241673628915,NaN,NaN,NaN,0.6713550348079674,0.6545431125,NaN,NaN,NaN,NaN,NaN,NaN,NaN,NaN,NaN,NaN,1,0,0,0,0,NaN,NaN,0.5579241673628915,NaN,NaN,NaN,0.6713550348079674,0.6545431125,NaN,NaN,NaN,NaN,NaN,NaN,NaN,NaN,NaN,NaN,1
2024-08-12T16:33:00-04:00,0.6602126959126071,0.6668,0.6602126959126071,0.6664,0.6610004368077753,0.6555614668180273,0.655364268189571,0,0,11174,11173,0,0,0,0,NaN,NaN,0.4883867422067279,NaN,NaN,NaN,0.6713550348079674,0.6545431125,NaN,NaN,NaN,NaN,NaN,NaN,NaN,NaN,NaN,NaN,1,0,0,0,0,NaN,NaN,0.4883867422067279,NaN,NaN,NaN,0.6713550348079674,0.6545431125,NaN,NaN,NaN,NaN,NaN,NaN,NaN,NaN,NaN,NaN,1
2024-08-12T16:34:00-04:00,0.6633063479563035,0.6689,0.6633063479563035,0.66785,0.6622458119336344,0.6557490780116452,0.6554947070654484,0,0,11174,11173,0,0,0,0,NaN,NaN,0.7298515368729941,NaN,NaN,NaN,0.6713550348079674,0.6545431125,NaN,NaN,NaN,NaN,NaN,NaN,NaN,NaN,NaN,NaN,1,0,0,0,0,NaN,NaN,0.7298515368729941,NaN,NaN,NaN,0.6713550348079674,0.6545431125,NaN,NaN,NaN,NaN,NaN,NaN,NaN,NaN,NaN,NaN,1
2024-08-12T16:35:00-04:00,0.6655781739781518,0.6655781739781518,0.6562,0.6562,0.6611465734002463,0.6557559623168109,0.6554971720150019,0,0,11174,11173,0,0,0,0,NaN,NaN,1.1187801735974248,NaN,NaN,NaN,0.6713550348079674,0.6545431125,NaN,NaN,NaN,NaN,NaN,NaN,NaN,NaN,NaN,NaN,1,0,0,0,0,NaN,NaN,1.1187801735974248,NaN,NaN,NaN,0.6713550348079674,0.6545431125,NaN,NaN,NaN,NaN,NaN,NaN,NaN,NaN,NaN,NaN,1
2024-08-12T16:46:00-04:00,0.6608890869890759,0.6608890869890759,0.6558,0.656,0.6602108327820198,0.6557596880829665,0.6554977972919611,0,0,11174,11173,0,0,0,0,NaN,NaN,2.572481397983621,NaN,NaN,NaN,0.6713550348079674,0.6545431125,NaN,NaN,NaN,NaN,NaN,NaN,NaN,NaN,NaN,NaN,1,0,0,0,0,NaN,NaN,2.572481397983621,NaN,NaN,NaN,0.6713550348079674,0.6545431125,NaN,NaN,NaN,NaN,NaN,NaN,NaN,NaN,NaN,NaN,1
2024-08-12T17:18:00-04:00,0.658444543494538,0.658444543494538,0.6558,0.6558,0.6594088631852889,0.6557603035320815,0.6554999001956289,0,0,11174,11173,0,0,0,0,NaN,NaN,2.951595561871064,NaN,NaN,NaN,0.6713550348079674,0.6545431125,NaN,NaN,NaN,NaN,NaN,NaN,NaN,NaN,NaN,NaN,1,0,0,0,0,NaN,NaN,2.951595561871064,NaN,NaN,NaN,0.6713550348079674,0.6545431125,NaN,NaN,NaN,NaN,NaN,NaN,NaN,NaN,NaN,NaN,1
2024-08-12T17:30:00-04:00,0.657122271747269,0.6688,0.657122271747269,0.6688,0.6611163426061455,0.6559593828674696,0.6555035009443093,1,0,11174,11173,0,0,0,0,NaN,NaN,3.3861355005675073,NaN,NaN,NaN,0.6713550348079674,0.6545431125,NaN,NaN,NaN,NaN,NaN,NaN,NaN,NaN,NaN,NaN,1,0,0,0,0,NaN,NaN,3.3861355005675073,NaN,NaN,NaN,0.6713550348079674,0.6545431125,NaN,NaN,NaN,NaN,NaN,NaN,NaN,NaN,NaN,NaN,1
2024-08-12T17:35:00-04:00,0.6629611358736345,0.6629611358736345,0.6501,0.6501,0.6591133712232099,0.6558699266404853,0.6555016290874329,0,0,11174,11173,0,0,0,0,NaN,NaN,5.9033056722406325,NaN,NaN,NaN,0.6713550348079674,0.6545431125,NaN,NaN,NaN,NaN,NaN,NaN,NaN,NaN,NaN,NaN,1,0,0,0,0,NaN,NaN,5.9033056722406325,NaN,NaN,NaN,0.6713550348079674,0.6545431125,NaN,NaN,NaN,NaN,NaN,NaN,NaN,NaN,NaN,NaN,1
2024-08-12T17:44:00-04:00,0.6565305679368172,0.668,0.6565305679368172,0.668,0.660729121909899,0.6560551186001725,0.655504334520632,1,0,11174,11173,0,0,0,0,NaN,NaN,5.458143161918902,NaN,NaN,NaN,0.6713550348079674,0.6545431125,NaN,NaN,NaN,NaN,NaN,NaN,NaN,NaN,NaN,NaN,1,0,0,0,0,NaN,NaN,5.458143161918902,NaN,NaN,NaN,0.6713550348079674,0.6545431125,NaN,NaN,NaN,NaN,NaN,NaN,NaN,NaN,NaN,NaN,1
2024-08-12T17:46:00-04:00,0.6622652839684087,0.6688,0.6622652839684087,0.6688,0.6621965542899173,0.6562496969421546,0.6555127330243473,0,0,11174,11173,0,0,0,0,NaN,NaN,6.325835713666875,NaN,NaN,NaN,0.6713550348079674,0.6545431125,NaN,NaN,NaN,NaN,NaN,NaN,NaN,NaN,NaN,NaN,1,0,0,0,0,NaN,NaN,6.325835713666875,NaN,NaN,NaN,0.6713550348079674,0.6545431125,NaN,NaN,NaN,NaN,NaN,NaN,NaN,NaN,NaN,NaN,1
2024-08-12T18:43:00-04:00,0.6655326419842043,0.6655326419842043,0.65,0.65,0.6599789989644778,0.6561542817216637,0.6554949026586739,0,0,11174,11173,0,0,0,0,NaN,NaN,7.4066416187726265,NaN,NaN,NaN,0.6713550348079674,0.6545431125,NaN,NaN,NaN,NaN,NaN,NaN,NaN,NaN,NaN,NaN,1,0,0,0,0,NaN,NaN,7.4066416187726265,NaN,NaN,NaN,0.6713550348079674,0.6545431125,NaN,NaN,NaN,NaN,NaN,NaN,NaN,NaN,NaN,NaN,1
2024-08-12T19:50:00-04:00,0.6577663209921021,0.6577663209921021,0.6512,0.6516,0.6584555446072999,0.6560847507030123,0.6554781779040931,0,0,11174,11173,0,0,0,0,NaN,NaN,9.326140164190255,NaN,NaN,NaN,0.6713550348079674,0.6545431125,NaN,NaN,NaN,NaN,NaN,NaN,NaN,NaN,NaN,NaN,1,0,0,0,0,NaN,NaN,9.326140164190255,NaN,NaN,NaN,0.6713550348079674,0.6545431125,NaN,NaN,NaN,NaN,NaN,NaN,NaN,NaN,NaN,NaN,1
2024-08-13T05:52:00-04:00,0.654683160496051,0.68,0.654683160496051,0.68,0.6623727183150636,0.6564498690128899,0.68,1,0,11174,11173,0,0,0,0,NaN,NaN,5.673054882540562,NaN,NaN,NaN,0.6713550348079674,0.6545431125,NaN,NaN,NaN,NaN,NaN,NaN,NaN,NaN,NaN,NaN,1,0,0,0,0,NaN,NaN,5.673054882540562,NaN,NaN,NaN,0.6713550348079674,0.6545431125,NaN,NaN,NaN,NaN,NaN,NaN,NaN,NaN,NaN,NaN,1
2024-08-13T06:34:00-04:00,0.6673415802480256,0.6673415802480256,0.66,0.66,0.661941314985052,0.6565040694859756,0.6627692307692308,0,0,11174,11173,0,0,0,0,NaN,NaN,5.354105878608728,NaN,NaN,NaN,0.6713550348079674,0.6545431125,NaN,NaN,NaN,NaN,NaN,NaN,NaN,NaN,NaN,NaN,1,0,0,0,0,NaN,NaN,5.354105878608728,NaN,NaN,NaN,0.6713550348079674,0.6545431125,NaN,NaN,NaN,NaN,NaN,NaN,NaN,NaN,NaN,NaN,1
2024-08-13T06:39:00-04:00,0.6636707901240129,0.67,0.66,0.665,0.6624974395332244,0.6566337783487851,0.6636181702668361,1,0,11174,11173,0,0,0,0,NaN,NaN,5.44585050172403,NaN,NaN,NaN,0.6713550348079674,0.6545431125,NaN,NaN,NaN,NaN,NaN,NaN,NaN,NaN,NaN,NaN,1,0,0,0,0,NaN,NaN,5.44585050172403,NaN,NaN,NaN,0.6713550348079674,0.6545431125,NaN,NaN,NaN,NaN,NaN,NaN,NaN,NaN,NaN,NaN,1
2024-08-13T07:58:00-04:00,0.6643353950620065,0.6643353950620065,0.6468,0.6468,0.6596433596180927,0.656483644328193,0.6617220969560316,0,0,11174,11173,0,0,0,0,NaN,NaN,7.34290975934246,NaN,NaN,NaN,0.6713550348079674,0.6545431125,NaN,NaN,NaN,NaN,NaN,NaN,NaN,NaN,NaN,NaN,1,0,0,0,0,NaN,NaN,7.34290975934246,NaN,NaN,NaN,0.6713550348079674,0.6545431125,NaN,NaN,NaN,NaN,NaN,NaN,NaN,NaN,NaN,NaN,1
2024-08-13T08:00:00-04:00,0.6555676975310032,0.6555676975310032,0.6467,0.6467,0.6572900215057123,0.6563342757124954,0.6563033153153154,0,0,11174,11173,0,0,0,0,NaN,NaN,7.138818423704323,NaN,NaN,NaN,0.6713550348079674,0.6545431125,NaN,NaN,NaN,NaN,NaN,NaN,NaN,NaN,NaN,NaN,1,0,0,0,0,NaN,NaN,7.138818423704323,NaN,NaN,NaN,0.6713550348079674,0.6545431125,NaN,NaN,NaN,NaN,NaN,NaN,NaN,NaN,NaN,NaN,1
2024-08-13T08:17:00-04:00,0.6511338487655016,0.6571,0.6511338487655016,0.6571,0.6572554721410373,0.6563459661596328,0.6563366022099447,0,0,11174,11173,0,0,0,0,NaN,NaN,5.836427900727529,NaN,NaN,NaN,0.6713550348079674,0.6545431125,NaN,NaN,NaN,NaN,NaN,NaN,NaN,NaN,NaN,NaN,1,0,0,0,0,NaN,NaN,5.836427900727529,NaN,NaN,NaN,0.6713550348079674,0.6545431125,NaN,NaN,NaN,NaN,NaN,NaN,NaN,NaN,NaN,NaN,1
2024-08-13T09:02:00-04:00,0.6541169243827508,0.672,0.6541169243827508,0.672,0.6599362953881215,0.6565849590426919,0.6589426597582038,1,0,11174,11173,0,0,0,0,NaN,NaN,2.9102933140025216,NaN,NaN,NaN,0.6713550348079674,0.6545431125,NaN,NaN,NaN,NaN,NaN,NaN,NaN,NaN,NaN,NaN,1,0,0,0,0,NaN,NaN,2.9102933140025216,NaN,NaN,NaN,0.6713550348079674,0.6545431125,NaN,NaN,NaN,NaN,NaN,NaN,NaN,NaN,NaN,NaN,1
2024-08-13T09:03:00-04:00,0.6630584621913754,0.672,0.6630584621913754,0.672,0.6621296962266449,0.6568203031794446,0.6606227238525206,0,0,11174,11173,0,0,0,0,NaN,NaN,1.9890513981100448,NaN,NaN,NaN,0.6713550348079674,0.6545431125,NaN,NaN,NaN,NaN,NaN,NaN,NaN,NaN,NaN,NaN,1,0,0,0,0,NaN,NaN,1.9890513981100448,NaN,NaN,NaN,0.6713550348079674,0.6545431125,NaN,NaN,NaN,NaN,NaN,NaN,NaN,NaN,NaN,NaN,1
2024-08-13T09:30:00-04:00,0.6675292310956877,0.67,0.6675292310956877,0.67,0.663560660549073,0.6570215199247966,0.6633201357870288,0,0,11174,11173,0,0,0,0,NaN,NaN,0.5318630711113917,NaN,NaN,NaN,0.6713550348079674,0.6545431125,NaN,NaN,NaN,NaN,NaN,NaN,NaN,NaN,NaN,NaN,1,0,0,0,0,NaN,NaN,0.5318630711113917,NaN,NaN,NaN,0.6713550348079674,0.6545431125,NaN,NaN,NaN,NaN,NaN,NaN,NaN,NaN,NaN,NaN,1
2024-08-13T09:31:00-04:00,0.6687646155478439,0.67,0.6613,0.6656500000000001,0.6639405404492416,0.6571532524450288,0.663545715668872,0,0,11174,11173,0,0,0,0,NaN,NaN,0.42664983344337104,NaN,NaN,NaN,0.6713550348079674,0.6545431125,NaN,NaN,NaN,NaN,NaN,NaN,NaN,NaN,NaN,NaN,1,0,0,0,0,NaN,NaN,0.42664983344337104,NaN,NaN,NaN,0.6713550348079674,0.6545431125,NaN,NaN,NaN,NaN,NaN,NaN,NaN,NaN,NaN,NaN,1
2024-08-13T09:32:00-04:00,0.667207307773922,0.6727,0.661,0.666875,0.6644740785493795,0.6573016760718222,0.6648517014808277,0,0,11174,11173,0,0,0,0,NaN,NaN,0.29467699765525956,NaN,NaN,NaN,0.6713550348079674,0.6545431125,NaN,NaN,NaN,NaN,NaN,NaN,NaN,NaN,NaN,NaN,1,0,0,0,0,NaN,NaN,0.29467699765525956,NaN,NaN,NaN,0.6713550348079674,0.6545431125,NaN,NaN,NaN,NaN,NaN,NaN,NaN,NaN,NaN,NaN,1
2024-08-13T09:33:00-04:00,0.667041153886961,0.67,0.667041153886961,0.669215,0.6653360642676741,0.657483558879886,0.6652055780841669,1,0,11174,11173,0,0,0,0,NaN,NaN,0.0036633523736427217,NaN,NaN,NaN,0.6713550348079674,0.6545431125,NaN,NaN,NaN,NaN,NaN,NaN,NaN,NaN,NaN,NaN,1,0,0,0,0,NaN,NaN,0.0036633523736427217,NaN,NaN,NaN,0.6713550348079674,0.6545431125,NaN,NaN,NaN,NaN,NaN,NaN,NaN,NaN,NaN,NaN,1
2024-08-13T09:37:00-04:00,0.6681280769434805,0.6739,0.6681280769434805,0.6733,0.6667840525826425,0.6577250312633992,0.6654797144349643,0,0,11174,11173,0,0,0,0,NaN,NaN,0.6557152250072524,NaN,NaN,NaN,0.6713550348079674,0.6545431125,NaN,NaN,NaN,NaN,NaN,NaN,NaN,NaN,NaN,NaN,1,0,0,0,0,NaN,NaN,0.6557152250072524,NaN,NaN,NaN,0.6713550348079674,0.6545431125,NaN,NaN,NaN,NaN,NaN,NaN,NaN,NaN,NaN,NaN,1
2024-08-13T09:39:00-04:00,0.6707140384717403,0.6798,0.668,0.6739,0.6680778612039803,0.6579719773509809,0.6667284591428148,0,0,11174,11173,0,0,0,0,NaN,NaN,2.0989101354933957,NaN,NaN,NaN,0.6713550348079674,0.6545431125,NaN,NaN,NaN,NaN,NaN,NaN,NaN,NaN,NaN,NaN,1,0,0,0,0,NaN,NaN,2.0989101354933957,NaN,NaN,NaN,0.6713550348079674,0.6545431125,NaN,NaN,NaN,NaN,NaN,NaN,NaN,NaN,NaN,NaN,1
2024-08-13T09:40:00-04:00,0.6723070192358702,0.6723070192358702,0.6705,0.6705,0.6685182500759839,0.65816324487234,0.6667835744556482,0,0,11174,11173,0,0,0,0,NaN,NaN,3.9430320160471917,NaN,NaN,NaN,0.6713550348079674,0.6545431125,NaN,NaN,NaN,NaN,NaN,NaN,NaN,NaN,NaN,NaN,1,0,0,0,0,NaN,NaN,3.9430320160471917,NaN,NaN,NaN,0.6713550348079674,0.6545431125,NaN,NaN,NaN,NaN,NaN,NaN,NaN,NaN,NaN,NaN,1
2024-08-13T09:46:00-04:00,0.6714035096179352,0.6714035096179352,0.6705,0.6705,0.6688785682439868,0.6583515922788692,0.6672049105986007,0,0,11174,11173,0,0,0,0,NaN,NaN,5.942275375748962,NaN,NaN,NaN,0.6713550348079674,0.6545431125,NaN,NaN,NaN,NaN,NaN,NaN,NaN,NaN,NaN,NaN,1,0,0,0,0,NaN,NaN,5.942275375748962,NaN,NaN,NaN,0.6713550348079674,0.6545431125,NaN,NaN,NaN,NaN,NaN,NaN,NaN,NaN,NaN,NaN,1
2024-08-13T09:51:00-04:00,0.6709517548089676,0.6709517548089676,0.6705,0.6705,0.6691733740178074,0.6585370641524743,0.667288140944683,0,0,11174,11173,0,0,0,0,NaN,NaN,7.495380907876616,NaN,NaN,NaN,0.6713550348079674,0.6545431125,NaN,NaN,NaN,NaN,NaN,NaN,NaN,NaN,NaN,NaN,1,0,0,0,0,NaN,NaN,7.495380907876616,NaN,NaN,NaN,0.6713550348079674,0.6545431125,NaN,NaN,NaN,NaN,NaN,NaN,NaN,NaN,NaN,NaN,1
2024-08-13T09:54:00-04:00,0.6707258774044838,0.6712,0.6707258774044838,0.6712,0.6695418514691152,0.658730391417322,0.6673187770189838,0,0,11174,11173,0,0,0,0,NaN,NaN,12.157201351233363,NaN,NaN,NaN,0.6713550348079674,0.6545431125,NaN,NaN,NaN,NaN,NaN,NaN,NaN,NaN,NaN,NaN,1,0,0,0,0,NaN,NaN,12.157201351233363,NaN,NaN,NaN,0.6713550348079674,0.6545431125,NaN,NaN,NaN,NaN,NaN,NaN,NaN,NaN,NaN,NaN,1
2024-08-13T09:58:00-04:00,0.6709629387022419,0.6799,0.6699,0.6749,0.6705160602929124,0.6589772556704927,0.6686206071613908,1,0,11174,11173,0,0,0,0,NaN,NaN,14.25256322254519,NaN,NaN,NaN,0.6713550348079674,0.6545431125,NaN,NaN,NaN,NaN,NaN,NaN,NaN,NaN,NaN,NaN,1,0,0,0,0,NaN,NaN,14.25256322254519,NaN,NaN,NaN,0.6713550348079674,0.6545431125,NaN,NaN,NaN,NaN,NaN,NaN,NaN,NaN,NaN,NaN,1
2024-08-13T10:00:00-04:00,0.672931469351121,0.68,0.672931469351121,0.68,0.6722404129669284,0.6592982135991875,0.66905510856002,0,0,11174,11173,0,0,0,0,NaN,NaN,17.01437530245653,NaN,NaN,NaN,0.6713550348079674,0.6545431125,NaN,NaN,NaN,NaN,NaN,NaN,NaN,NaN,NaN,NaN,1,0,0,0,0,NaN,NaN,17.01437530245653,NaN,NaN,NaN,0.6713550348079674,0.6545431125,NaN,NaN,NaN,NaN,NaN,NaN,NaN,NaN,NaN,NaN,1
2024-08-13T10:01:00-04:00,0.6764657346755605,0.6939,0.6764657346755605,0.686825,0.6748921560638504,0.659718469880116,0.6706848343004806,0,0,11174,11173,0,1,0,0,NaN,NaN,24.931104820628335,NaN,NaN,NaN,0.6713550348079674,0.6576432757499999,NaN,NaN,NaN,NaN,NaN,NaN,NaN,NaN,NaN,NaN,1,0,1,0,0,NaN,NaN,24.931104820628335,NaN,NaN,NaN,0.6713550348079674,0.6576432757499999,NaN,NaN,NaN,NaN,NaN,NaN,NaN,NaN,NaN,NaN,1
2024-08-13T10:02:00-04:00,0.6816453673377803,0.7,0.6816453673377803,0.694115,0.6783872185976958,0.6602436077445417,0.6817847460336396,0,0,11174,11173,0,0,0,0,NaN,NaN,28.631995327205118,NaN,NaN,NaN,0.6713550348079674,0.6642426809324999,NaN,NaN,NaN,NaN,NaN,NaN,NaN,NaN,NaN,NaN,1,0,0,0,0,NaN,NaN,28.631995327205118,NaN,NaN,NaN,0.6713550348079674,0.6642426809324999,NaN,NaN,NaN,NaN,NaN,NaN,NaN,NaN,NaN,NaN,1
2024-08-13T10:03:00-04:00,0.6878801836688901,0.7238,0.6878801836688901,0.7083250000000001,0.6838304515799329,0.660977674801877,0.683256612921399,0,0,11174,11173,0,0,0,0,NaN,NaN,31.22686248393991,NaN,NaN,NaN,0.6713550348079674,0.6757849592206,NaN,NaN,NaN,NaN,NaN,NaN,NaN,NaN,NaN,NaN,1,0,0,0,0,NaN,NaN,31.22686248393991,NaN,NaN,NaN,0.6713550348079674,0.6757849592206,NaN,NaN,NaN,NaN,NaN,NaN,NaN,NaN,NaN,NaN,1
2024-08-13T10:04:00-04:00,0.6981025918344451,0.716899,0.6981025918344451,0.71112725,0.6887935058381269,0.661743317171314,0.6861239670524615,0,0,11174,11173,0,0,0,0,NaN,NaN,34.096165494172915,NaN,NaN,NaN,0.6829834089630564,0.68227725908751,NaN,NaN,NaN,NaN,NaN,NaN,NaN,NaN,NaN,NaN,1,0,0,0,0,NaN,NaN,34.096165494172915,NaN,NaN,NaN,0.6829834089630564,0.68227725908751,NaN,NaN,NaN,NaN,NaN,NaN,NaN,NaN,NaN,NaN,1
2024-08-13T10:05:00-04:00,0.7046149209172226,0.7166,0.7046149209172226,0.7131585,0.6932235047766493,0.6625282817946527,0.6931359933783017,0,0,11174,11173,0,0,0,0,NaN,NaN,36.82084312069851,NaN,NaN,NaN,0.698711625277669,0.6886686949517582,NaN,NaN,NaN,NaN,NaN,NaN,NaN,NaN,NaN,NaN,1,0,0,0,0,NaN,NaN,36.82084312069851,NaN,NaN,NaN,0.698711625277669,0.6886686949517582,NaN,NaN,NaN,NaN,NaN,NaN,NaN,NaN,NaN,NaN,1
2024-08-13T10:06:00-04:00,0.7088867104586113,0.7298,0.7088867104586113,0.7199,0.6980737766354403,0.6634041858893909,0.6971076291759112,0,0,11174,11173,0,0,0,0,NaN,NaN,37.9323904375261,NaN,NaN,NaN,0.7053423683677936,0.697890161511889,NaN,NaN,NaN,NaN,NaN,NaN,NaN,NaN,NaN,NaN,1,0,0,0,0,NaN,NaN,37.9323904375261,NaN,NaN,NaN,0.7053423683677936,0.697890161511889,NaN,NaN,NaN,NaN,NaN,NaN,NaN,NaN,NaN,NaN,1
2024-08-13T10:07:00-04:00,0.7143933552293056,0.7297,0.7143933552293056,0.7278497500000001,0.7034875899744512,0.6643880876315376,0.7031619939534504,0,0,11174,11173,0,0,0,0,NaN,NaN,38.95222695590227,NaN,NaN,NaN,0.7132309733842112,0.7081013677490356,NaN,NaN,NaN,NaN,NaN,NaN,NaN,NaN,NaN,NaN,1,0,0,0,0,NaN,NaN,38.95222695590227,NaN,NaN,NaN,0.7132309733842112,0.7081013677490356,NaN,NaN,NaN,NaN,NaN,NaN,NaN,NaN,NaN,NaN,1
2024-08-13T10:08:00-04:00,0.7211215526146528,0.7297,0.72,0.7272500000000001,0.7078080281609146,0.6653478114844912,0.7039378020543262,0,0,11174,11173,0,0,0,0,NaN,NaN,40.39368939946266,NaN,NaN,NaN,0.7132309733842112,0.7081013677490356,NaN,NaN,NaN,NaN,NaN,NaN,NaN,NaN,NaN,NaN,1,0,0,0,0,NaN,NaN,40.39368939946266,NaN,NaN,NaN,0.7132309733842112,0.7081013677490356,NaN,NaN,NaN,NaN,NaN,NaN,NaN,NaN,NaN,NaN,1
2024-08-13T10:09:00-04:00,0.7241857763073265,0.7295,0.7101,0.7201,0.7100429321316574,0.6661837227595371,0.7046601511644419,0,0,11174,11173,0,0,0,0,NaN,NaN,42.046807767567415,NaN,NaN,NaN,0.7132309733842112,0.7081013677490356,NaN,NaN,NaN,NaN,NaN,NaN,NaN,NaN,NaN,NaN,1,0,0,0,0,NaN,NaN,42.046807767567415,NaN,NaN,NaN,0.7132309733842112,0.7081013677490356,NaN,NaN,NaN,NaN,NaN,NaN,NaN,NaN,NaN,NaN,1
2024-08-13T10:10:00-04:00,0.7221428881536632,0.7294,0.72,0.7269249999999999,0.7131123990168106,0.6671110705036662,0.7056664265343939,0,0,11174,11173,0,0,0,0,NaN,NaN,43.59831808683233,NaN,NaN,NaN,0.7132309733842112,0.7081013677490356,NaN,NaN,NaN,NaN,NaN,NaN,NaN,NaN,NaN,NaN,1,0,0,0,0,NaN,NaN,43.59831808683233,NaN,NaN,NaN,0.7132309733842112,0.7081013677490356,NaN,NaN,NaN,NaN,NaN,NaN,NaN,NaN,NaN,NaN,1
2024-08-13T10:11:00-04:00,0.7245339440768316,0.74,0.7245339440768316,0.734,0.7169101446501177,0.6681322755341447,0.7112762033586824,0,0,11174,11173,0,0,0,0,NaN,NaN,45.07673019049347,NaN,NaN,NaN,0.7132309733842112,0.717338839706796,NaN,NaN,NaN,NaN,NaN,NaN,NaN,NaN,NaN,NaN,1,0,0,0,0,NaN,NaN,45.07673019049347,NaN,NaN,NaN,0.7132309733842112,0.717338839706796,NaN,NaN,NaN,NaN,NaN,NaN,NaN,NaN,NaN,NaN,1
2024-08-13T10:12:00-04:00,0.7292669720384157,0.74,0.7292669720384157,0.737325,0.7206219365319145,0.6691886530069058,0.7115645450586084,0,0,11174,11173,0,0,0,0,NaN,NaN,46.50670954242025,NaN,NaN,NaN,0.7132309733842112,0.7244984377947572,NaN,NaN,NaN,NaN,NaN,NaN,NaN,NaN,NaN,NaN,1,0,0,0,0,NaN,NaN,46.50670954242025,NaN,NaN,NaN,0.7132309733842112,0.7244984377947572,NaN,NaN,NaN,NaN,NaN,NaN,NaN,NaN,NaN,NaN,1
2024-08-13T10:13:00-04:00,0.7332959860192079,0.7498,0.7308,0.7398499999999999,0.7241179480715664,0.6702674521976401,0.7129619121505582,0,0,11174,11173,0,0,0,0,NaN,NaN,49.90712126214082,NaN,NaN,NaN,0.7132309733842112,0.7304103283224872,NaN,NaN,NaN,NaN,NaN,NaN,NaN,NaN,NaN,NaN,1,0,0,0,0,NaN,NaN,49.90712126214082,NaN,NaN,NaN,0.7132309733842112,0.7304103283224872,NaN,NaN,NaN,NaN,NaN,NaN,NaN,NaN,NaN,NaN,1
2024-08-13T10:14:00-04:00,0.7365729930096039,0.7392,0.7365729930096039,0.7392,0.7268601393312816,0.6713198575075997,0.7131395157343603,0,0,11174,11173,0,0,0,0,NaN,NaN,51.34218383631911,NaN,NaN,NaN,0.7132309733842112,0.7304103283224872,NaN,NaN,NaN,NaN,NaN,NaN,NaN,NaN,NaN,NaN,1,0,0,0,0,NaN,NaN,51.34218383631911,NaN,NaN,NaN,0.7132309733842112,0.7304103283224872,NaN,NaN,NaN,NaN,NaN,NaN,NaN,NaN,NaN,NaN,1
2024-08-13T10:15:00-04:00,0.737886496504802,0.743,0.7357,0.73855,0.7289855685437758,0.6723462718967966,0.7135965801482318,0,0,11174,11173,0,0,0,0,NaN,NaN,55.38603548297232,NaN,NaN,NaN,0.7132309733842112,0.7304103283224872,NaN,NaN,NaN,NaN,NaN,NaN,NaN,NaN,NaN,NaN,1,0,0,0,0,NaN,NaN,55.38603548297232,NaN,NaN,NaN,0.7132309733842112,0.7304103283224872,NaN,NaN,NaN,NaN,NaN,NaN,NaN,NaN,NaN,NaN,1
2024-08-13T10:16:00-04:00,0.738218248252401,0.7392,0.7322,0.7357,0.7302063742630893,0.6733135043869218,0.7137765552497115,0,0,11174,11173,0,0,0,0,NaN,NaN,59.32436417555873,NaN,NaN,NaN,0.7132309733842112,0.7304103283224872,NaN,NaN,NaN,NaN,NaN,NaN,NaN,NaN,NaN,NaN,1,0,0,0,0,NaN,NaN,59.32436417555873,NaN,NaN,NaN,0.7132309733842112,0.7304103283224872,NaN,NaN,NaN,NaN,NaN,NaN,NaN,NaN,NaN,NaN,1
2024-08-13T10:17:00-04:00,0.7369591241262006,0.7369591241262006,0.73,0.7311,0.7303688516698004,0.6741957409611673,0.7138787417171882,0,0,11174,11173,0,0,0,0,NaN,NaN,62.46513810289177,NaN,NaN,NaN,0.7132309733842112,0.7304103283224872,NaN,NaN,NaN,NaN,NaN,NaN,NaN,NaN,NaN,NaN,1,0,0,0,0,NaN,NaN,62.46513810289177,NaN,NaN,NaN,0.7132309733842112,0.7304103283224872,NaN,NaN,NaN,NaN,NaN,NaN,NaN,NaN,NaN,NaN,1
2024-08-13T10:18:00-04:00,0.7340295620631003,0.7340295620631003,0.726799,0.7281500000000001,0.7299654240934731,0.6750194701067983,0.7145133177861281,0,0,11174,11173,0,0,0,0,NaN,NaN,63.67162644729707,NaN,NaN,NaN,0.7132309733842112,0.7304103283224872,NaN,NaN,NaN,NaN,NaN,NaN,NaN,NaN,NaN,NaN,1,0,0,0,0,NaN,NaN,63.67162644729707,NaN,NaN,NaN,0.7132309733842112,0.7304103283224872,NaN,NaN,NaN,NaN,NaN,NaN,NaN,NaN,NaN,NaN,1
2024-08-13T10:20:00-04:00,0.7310897810315502,0.7333,0.7310897810315502,0.7333,0.7305717106219325,0.6759092491891373,0.7146418536308506,0,0,11174,11173,0,0,0,0,NaN,NaN,65.70447915284612,NaN,NaN,NaN,0.7132309733842112,0.7304103283224872,NaN,NaN,NaN,NaN,NaN,NaN,NaN,NaN,NaN,NaN,1,0,0,0,0,NaN,NaN,65.70447915284612,NaN,NaN,NaN,0.7132309733842112,0.7304103283224872,NaN,NaN,NaN,NaN,NaN,NaN,NaN,NaN,NaN,NaN,1
2024-08-13T10:24:00-04:00,0.7321948905157751,0.7392,0.7321948905157751,0.7392,0.7321404905088539,0.6768755201938833,0.7149435970972201,0,0,11174,11173,0,0,0,0,NaN,NaN,67.93316811417371,NaN,NaN,NaN,0.7132309733842112,0.7304103283224872,NaN,NaN,NaN,NaN,NaN,NaN,NaN,NaN,NaN,NaN,1,0,0,0,0,NaN,NaN,67.93316811417371,NaN,NaN,NaN,0.7132309733842112,0.7304103283224872,NaN,NaN,NaN,NaN,NaN,NaN,NaN,NaN,NaN,NaN,1
2024-08-13T10:25:00-04:00,0.7356974452578875,0.7392,0.7356974452578875,0.7392,0.7334240376890623,0.6778270389695492,0.715017877920686,0,0,11174,11173,0,0,0,0,NaN,NaN,69.61094107211525,NaN,NaN,NaN,0.7132309733842112,0.7304103283224872,NaN,NaN,NaN,NaN,NaN,NaN,NaN,NaN,NaN,NaN,1,0,0,0,0,NaN,NaN,69.61094107211525,NaN,NaN,NaN,0.7132309733842112,0.7304103283224872,NaN,NaN,NaN,NaN,NaN,NaN,NaN,NaN,NaN,NaN,1
2024-08-13T10:26:00-04:00,0.7374487226289437,0.739,0.7374487226289437,0.7387250000000001,0.7343878490183237,0.6787567788326095,0.7153285410534143,0,0,11174,11173,0,0,0,0,NaN,NaN,71.18287530803744,NaN,NaN,NaN,0.7132309733842112,0.7304103283224872,NaN,NaN,NaN,NaN,NaN,NaN,NaN,NaN,NaN,NaN,1,0,0,0,0,NaN,NaN,71.18287530803744,NaN,NaN,NaN,0.7132309733842112,0.7304103283224872,NaN,NaN,NaN,NaN,NaN,NaN,NaN,NaN,NaN,NaN,1
2024-08-13T10:27:00-04:00,0.7380868613144719,0.7380868613144719,0.7327,0.7327,0.7340809673786285,0.6795803394611193,0.7153808826976734,0,0,11174,11173,0,0,0,0,NaN,NaN,72.93826820344947,NaN,NaN,NaN,0.7132309733842112,0.7304103283224872,NaN,NaN,NaN,NaN,NaN,NaN,NaN,NaN,NaN,NaN,1,0,0,0,0,NaN,NaN,72.93826820344947,NaN,NaN,NaN,0.7132309733842112,0.7304103283224872,NaN,NaN,NaN,NaN,NaN,NaN,NaN,NaN,NaN,NaN,1
2024-08-13T10:28:00-04:00,0.735393430657236,0.735393430657236,0.734,0.734,0.7340662460370597,0.6804111739731633,0.7153920961287137,0,0,11174,11173,0,0,0,0,NaN,NaN,74.21787326824034,NaN,NaN,NaN,0.7132309733842112,0.7304103283224872,NaN,NaN,NaN,NaN,NaN,NaN,NaN,NaN,NaN,NaN,1,0,0,0,0,NaN,NaN,74.21787326824034,NaN,NaN,NaN,0.7132309733842112,0.7304103283224872,NaN,NaN,NaN,NaN,NaN,NaN,NaN,NaN,NaN,NaN,1
2024-08-13T10:29:00-04:00,0.7346967153286179,0.739,0.7333,0.734725,0.7341860194848671,0.6812403926911302,0.7157351964736783,0,0,11174,11173,0,0,0,0,NaN,NaN,75.4093363397836,NaN,NaN,NaN,0.7132309733842112,0.7304103283224872,NaN,NaN,NaN,NaN,NaN,NaN,NaN,NaN,NaN,NaN,1,0,0,0,0,NaN,NaN,75.4093363397836,NaN,NaN,NaN,0.7132309733842112,0.7304103283224872,NaN,NaN,NaN,NaN,NaN,NaN,NaN,NaN,NaN,NaN,1
2024-08-13T10:30:00-04:00,0.7347108576643089,0.7347108576643089,0.733,0.733,0.7339703795785276,0.6820306157034794,0.715745403696872,0,0,11174,11173,0,0,0,0,NaN,NaN,77.23360770275455,NaN,NaN,NaN,0.7132309733842112,0.7304103283224872,NaN,NaN,NaN,NaN,NaN,NaN,NaN,NaN,NaN,NaN,1,0,0,0,0,NaN,NaN,77.23360770275455,NaN,NaN,NaN,0.7132309733842112,0.7304103283224872,NaN,NaN,NaN,NaN,NaN,NaN,NaN,NaN,NaN,NaN,1
2024-08-13T10:31:00-04:00,0.7338554288321544,0.7399,0.7338554288321544,0.7399,0.7350484923824316,0.6829141177538081,0.7158873701386481,0,0,11174,11173,0,0,0,0,NaN,NaN,79.12946069779167,NaN,NaN,NaN,0.7132309733842112,0.733842610126392,NaN,NaN,NaN,NaN,NaN,NaN,NaN,NaN,NaN,NaN,1,0,0,0,0,NaN,NaN,79.12946069779167,NaN,NaN,NaN,0.7132309733842112,0.733842610126392,NaN,NaN,NaN,NaN,NaN,NaN,NaN,NaN,NaN,NaN,1
2024-08-13T10:32:00-04:00,0.7368777144160772,0.74,0.7368777144160772,0.7399249999999999,0.7359351301310805,0.6837845129026049,0.7161811280392226,0,0,11174,11173,0,0,0,0,NaN,NaN,80.86097184956745,NaN,NaN,NaN,0.7132309733842112,0.736222367177099,NaN,NaN,NaN,NaN,NaN,NaN,NaN,NaN,NaN,NaN,1,0,0,0,0,NaN,NaN,80.86097184956745,NaN,NaN,NaN,0.7132309733842112,0.736222367177099,NaN,NaN,NaN,NaN,NaN,NaN,NaN,NaN,NaN,NaN,1
2024-08-13T10:33:00-04:00,0.7384013572080386,0.7488,0.7384013572080386,0.74875,0.7382651064708841,0.684776352400275,0.716338623754225,0,0,11174,11173,0,0,0,0,NaN,NaN,81.96479880340063,NaN,NaN,NaN,0.7161206236487485,0.7440432229627174,NaN,NaN,NaN,NaN,NaN,NaN,NaN,NaN,NaN,NaN,1,0,0,0,0,NaN,NaN,81.96479880340063,NaN,NaN,NaN,0.7161206236487485,0.7440432229627174,NaN,NaN,NaN,NaN,NaN,NaN,NaN,NaN,NaN,NaN,1
2024-08-13T10:34:00-04:00,0.7435756786040193,0.7435756786040193,0.7327,0.7327,0.7372532689307233,0.6855080111422556,0.7163500536499892,0,0,11174,11173,0,0,0,0,NaN,NaN,82.59969624210746,NaN,NaN,NaN,0.718149259340195,0.73711375,NaN,NaN,NaN,NaN,NaN,NaN,NaN,NaN,NaN,NaN,1,0,0,0,0,NaN,NaN,82.59969624210746,NaN,NaN,NaN,0.718149259340195,0.73711375,NaN,NaN,NaN,NaN,NaN,NaN,NaN,NaN,NaN,NaN,1
2024-08-13T10:36:00-04:00,0.7381378393020097,0.7488,0.7381378393020097,0.7488,0.7393526745796827,0.6864743010484807,0.7164881020115439,0,0,11174,11173,0,0,0,0,NaN,NaN,83.35992395571708,NaN,NaN,NaN,0.734181138043494,0.7409915,NaN,NaN,NaN,NaN,NaN,NaN,NaN,NaN,NaN,NaN,1,0,0,0,0,NaN,NaN,83.35992395571708,NaN,NaN,NaN,0.734181138043494,0.7409915,NaN,NaN,NaN,NaN,NaN,NaN,NaN,NaN,NaN,NaN,1
2024-08-13T10:37:00-04:00,0.7434689196510049,0.748799,0.7434689196510049,0.748799,0.7410701882924676,0.687425823169878,0.7167643485317421,0,0,11174,11173,0,0,0,0,NaN,NaN,84.06372873276048,NaN,NaN,NaN,0.7342065854002228,0.7409915,NaN,NaN,NaN,NaN,NaN,NaN,NaN,NaN,NaN,NaN,1,0,0,0,0,NaN,NaN,84.06372873276048,NaN,NaN,NaN,0.7342065854002228,0.7409915,NaN,NaN,NaN,NaN,NaN,NaN,NaN,NaN,NaN,NaN,1
2024-08-13T10:38:00-04:00,0.7461339598255025,0.75,0.7461339598255025,0.7494000000000001,0.742584699512019,0.6883719938085058,0.7197234450735981,0,0,11174,11173,0,0,0,0,NaN,NaN,84.6601948749181,NaN,NaN,NaN,0.7348467196216948,0.741534755,NaN,NaN,NaN,NaN,NaN,NaN,NaN,NaN,NaN,NaN,1,0,0,0,0,NaN,NaN,84.6601948749181,NaN,NaN,NaN,0.7348467196216948,0.741534755,NaN,NaN,NaN,NaN,NaN,NaN,NaN,NaN,NaN,NaN,1
2024-08-13T10:39:00-04:00,0.7477669799127513,0.782,0.7477669799127513,0.76495,0.746651117782561,0.6895411236740248,0.7242632238492456,1,0,11174,11173,0,0,0,0,NaN,NaN,86.00916521292321,NaN,NaN,NaN,0.7501699470978228,0.7502481697,NaN,NaN,NaN,NaN,NaN,NaN,NaN,NaN,NaN,NaN,1,0,0,0,0,NaN,NaN,86.00916521292321,NaN,NaN,NaN,0.7501699470978228,0.7502481697,NaN,NaN,NaN,NaN,NaN,NaN,NaN,NaN,NaN,NaN,1
2024-08-13T10:40:00-04:00,0.7563584899563757,0.7789,0.75,0.7597499999999999,0.7490327327311862,0.6906130149156428,0.7256454207407242,0,0,11174,11173,0,0,0,0,NaN,NaN,86.61045884146179,NaN,NaN,NaN,0.7501699470978228,0.7502481697,NaN,NaN,NaN,NaN,NaN,NaN,NaN,NaN,NaN,NaN,1,0,0,0,0,NaN,NaN,86.61045884146179,NaN,NaN,NaN,0.7501699470978228,0.7502481697,NaN,NaN,NaN,NaN,NaN,NaN,NaN,NaN,NaN,NaN,1
2024-08-13T10:41:00-04:00,0.7580542449781877,0.7879,0.7580542449781877,0.7703250000000001,0.7529040540527887,0.6918299917871596,0.7298179253352672,0,0,11174,11173,0,0,0,0,NaN,NaN,87.46215862734637,NaN,NaN,NaN,0.7501699470978228,0.754500709427,NaN,NaN,NaN,NaN,NaN,NaN,NaN,NaN,NaN,NaN,1,0,0,0,0,NaN,NaN,87.46215862734637,NaN,NaN,NaN,0.7501699470978228,0.754500709427,NaN,NaN,NaN,NaN,NaN,NaN,NaN,NaN,NaN,NaN,1
2024-08-13T10:42:00-04:00,0.764189622489094,0.777,0.752646,0.7670615000000001,0.7554781351340999,0.6929785644316305,0.7306907454275672,0,0,11174,11173,0,0,0,0,NaN,NaN,88.0279997210198,NaN,NaN,NaN,0.7501699470978228,0.754500709427,NaN,NaN,NaN,NaN,NaN,NaN,NaN,NaN,NaN,NaN,1,0,0,0,0,NaN,NaN,88.0279997210198,NaN,NaN,NaN,0.7501699470978228,0.754500709427,NaN,NaN,NaN,NaN,NaN,NaN,NaN,NaN,NaN,NaN,1
2024-08-13T10:43:00-04:00,0.7656255612445471,0.7656255612445471,0.7617,0.761725,0.7566139287460817,0.6940281283334377,0.7310149593584988,0,0,11174,11173,0,0,0,0,NaN,NaN,88.65457730386004,NaN,NaN,NaN,0.7501699470978228,0.754500709427,NaN,NaN,NaN,NaN,NaN,NaN,NaN,NaN,NaN,NaN,1,0,0,0,0,NaN,NaN,88.65457730386004,NaN,NaN,NaN,0.7501699470978228,0.754500709427,NaN,NaN,NaN,NaN,NaN,NaN,NaN,NaN,NaN,NaN,1
2024-08-13T10:44:00-04:00,0.7636752806222735,0.7765,0.7618,0.7706875,0.7591727598831577,0.6951985004199501,0.7319664351065623,1,0,11174,11173,0,0,0,0,NaN,NaN,89.36984551608106,NaN,NaN,NaN,0.7501699470978228,0.75660262429576,NaN,NaN,NaN,NaN,NaN,NaN,NaN,NaN,NaN,NaN,1,0,0,0,0,NaN,NaN,89.36984551608106,NaN,NaN,NaN,0.7501699470978228,0.75660262429576,NaN,NaN,NaN,NaN,NaN,NaN,NaN,NaN,NaN,NaN,1
2024-08-13T10:45:00-04:00,0.7671813903111367,0.7671813903111367,0.761947,0.761947,0.7596771671771291,0.696217561482241,0.7320237650225262,0,0,11174,11173,0,0,0,0,NaN,NaN,89.8501417403309,NaN,NaN,NaN,0.7501699470978228,0.75660262429576,NaN,NaN,NaN,NaN,NaN,NaN,NaN,NaN,NaN,NaN,1,0,0,0,0,NaN,NaN,89.8501417403309,NaN,NaN,NaN,0.7501699470978228,0.75660262429576,NaN,NaN,NaN,NaN,NaN,NaN,NaN,NaN,NaN,NaN,1
2024-08-13T10:46:00-04:00,0.7645641951555684,0.777,0.7645641951555684,0.7765000000000001,0.7627358640540147,0.6974432475664816,0.7330878422128317,1,0,11174,11173,0,0,0,0,NaN,NaN,90.3897076993831,NaN,NaN,NaN,0.7501699470978228,0.7620575431513961,NaN,NaN,NaN,NaN,NaN,NaN,NaN,NaN,NaN,NaN,1,0,0,0,0,NaN,NaN,90.3897076993831,NaN,NaN,NaN,0.7501699470978228,0.7620575431513961,NaN,NaN,NaN,NaN,NaN,NaN,NaN,NaN,NaN,NaN,1
2024-08-13T10:47:00-04:00,0.7705320975777843,0.777,0.7705320975777843,0.776875,0.7653066160441938,0.698655946076917,0.7332714477679352,0,0,11174,11173,0,0,0,0,NaN,NaN,91.16827754096947,NaN,NaN,NaN,0.7501699470978228,0.7648784353841447,NaN,NaN,NaN,NaN,NaN,NaN,NaN,NaN,NaN,NaN,1,0,0,0,0,NaN,NaN,91.16827754096947,NaN,NaN,NaN,0.7501699470978228,0.7648784353841447,NaN,NaN,NaN,NaN,NaN,NaN,NaN,NaN,NaN,NaN,1
2024-08-13T10:48:00-04:00,0.7737035487888921,0.775,0.7618,0.7684,0.765869049490704,0.6997207407932999,0.7334706279380511,0,0,11174,11173,0,0,0,0,NaN,NaN,91.83669100771029,NaN,NaN,NaN,0.7501699470978228,0.7648784353841447,NaN,NaN,NaN,NaN,NaN,NaN,NaN,NaN,NaN,NaN,1,0,0,0,0,NaN,NaN,91.83669100771029,NaN,NaN,NaN,0.7501699470978228,0.7648784353841447,NaN,NaN,NaN,NaN,NaN,NaN,NaN,NaN,NaN,NaN,1
2024-08-13T10:49:00-04:00,0.771051774394446,0.771051774394446,0.7618,0.7653854999999999,0.7657811314014851,0.7007232562010358,0.7341901351428005,0,0,11174,11173,0,0,0,0,NaN,NaN,91.87650602844808,NaN,NaN,NaN,0.7501699470978228,0.7648784353841447,NaN,NaN,NaN,NaN,NaN,NaN,NaN,NaN,NaN,NaN,1,0,0,0,0,NaN,NaN,91.87650602844808,NaN,NaN,NaN,0.7501699470978228,0.7648784353841447,NaN,NaN,NaN,NaN,NaN,NaN,NaN,NaN,NaN,NaN,1
2024-08-13T10:50:00-04:00,0.768218637197223,0.7699,0.7618,0.7655000000000001,0.7657300166012151,0.7017122141216307,0.7342713700852238,0,0,11174,11173,0,0,0,0,NaN,NaN,91.82767947397426,NaN,NaN,NaN,0.7501699470978228,0.7648784353841447,NaN,NaN,NaN,NaN,NaN,NaN,NaN,NaN,NaN,NaN,1,0,0,0,0,NaN,NaN,91.82767947397426,NaN,NaN,NaN,0.7501699470978228,0.7648784353841447,NaN,NaN,NaN,NaN,NaN,NaN,NaN,NaN,NaN,NaN,1
2024-08-13T10:51:00-04:00,0.7668593185986116,0.7668593185986116,0.7531,0.75905,0.7645154681282669,0.7025876001655752,0.7346500677951969,0,0,11174,11173,0,0,0,0,NaN,NaN,91.45236008214009,NaN,NaN,NaN,0.7501699470978228,0.7648784353841447,NaN,NaN,NaN,NaN,NaN,NaN,NaN,NaN,NaN,NaN,1,0,0,0,0,NaN,NaN,91.45236008214009,NaN,NaN,NaN,0.7501699470978228,0.7648784353841447,NaN,NaN,NaN,NaN,NaN,NaN,NaN,NaN,NaN,NaN,1
2024-08-13T10:52:00-04:00,0.7629546592993057,0.776,0.76,0.768,0.7651490193776729,0.7035862627584671,0.7348617297769489,0,0,11174,11173,0,0,0,0,NaN,NaN,91.73576110432975,NaN,NaN,NaN,0.7501699470978228,0.7648784353841447,NaN,NaN,NaN,NaN,NaN,NaN,NaN,NaN,NaN,NaN,1,0,0,0,0,NaN,NaN,91.73576110432975,NaN,NaN,NaN,0.7501699470978228,0.7648784353841447,NaN,NaN,NaN,NaN,NaN,NaN,NaN,NaN,NaN,NaN,1
2024-08-13T10:56:00-04:00,0.7654773296496529,0.776,0.753,0.7645,0.7650310158544597,0.7045162434797119,0.73509192429644,0,0,11174,11173,0,0,0,0,NaN,NaN,91.31745323853609,NaN,NaN,NaN,0.7501699470978228,0.7648784353841447,NaN,NaN,NaN,NaN,NaN,NaN,NaN,NaN,NaN,NaN,1,0,0,0,0,NaN,NaN,91.31745323853609,NaN,NaN,NaN,0.7501699470978228,0.7648784353841447,NaN,NaN,NaN,NaN,NaN,NaN,NaN,NaN,NaN,NaN,1
2024-08-13T10:57:00-04:00,0.7649886648248264,0.776,0.7649886648248264,0.776,0.7670253766081943,0.7056075985410903,0.7351102353668346,0,0,11174,11173,0,0,0,0,NaN,NaN,91.57786226600606,NaN,NaN,NaN,0.7501699470978228,0.7648784353841447,NaN,NaN,NaN,NaN,NaN,NaN,NaN,NaN,NaN,NaN,1,0,0,0,0,NaN,NaN,91.57786226600606,NaN,NaN,NaN,0.7501699470978228,0.7648784353841447,NaN,NaN,NaN,NaN,NaN,NaN,NaN,NaN,NaN,NaN,1
2024-08-13T10:58:00-04:00,0.7704943324124132,0.776,0.765,0.773225,0.7681525808612498,0.706639925280921,0.7352388219535912,0,0,11174,11173,0,0,0,0,NaN,NaN,91.70688960442772,NaN,NaN,NaN,0.7501699470978228,0.7648784353841447,NaN,NaN,NaN,NaN,NaN,NaN,NaN,NaN,NaN,NaN,1,0,0,0,0,NaN,NaN,91.70688960442772,NaN,NaN,NaN,0.7501699470978228,0.7648784353841447,NaN,NaN,NaN,NaN,NaN,NaN,NaN,NaN,NaN,NaN,1
2024-08-13T10:59:00-04:00,0.7718596662062066,0.776,0.765101,0.77055525,0.768589429795568,0.7076157317651818,0.73543223065045,0,0,11174,11173,0,0,0,0,NaN,NaN,91.31791296139752,NaN,NaN,NaN,0.7501699470978228,0.7648784353841447,NaN,NaN,NaN,NaN,NaN,NaN,NaN,NaN,NaN,NaN,1,0,0,0,0,NaN,NaN,91.31791296139752,NaN,NaN,NaN,0.7501699470978228,0.7648784353841447,NaN,NaN,NaN,NaN,NaN,NaN,NaN,NaN,NaN,NaN,1
2024-08-13T11:00:00-04:00,0.7712074581031033,0.7712074581031033,0.77,0.77,0.7688458971054647,0.7085681633412859,0.7354442080624932,0,0,11174,11173,0,0,0,0,NaN,NaN,90.8622884900455,NaN,NaN,NaN,0.7501699470978228,0.7648784353841447,NaN,NaN,NaN,NaN,NaN,NaN,NaN,NaN,NaN,NaN,1,0,0,0,0,NaN,NaN,90.8622884900455,NaN,NaN,NaN,0.7501699470978228,0.7648784353841447,NaN,NaN,NaN,NaN,NaN,NaN,NaN,NaN,NaN,NaN,1
2024-08-13T11:01:00-04:00,0.7706037290515517,0.7751,0.77001,0.772555,0.7695202794499256,0.7095450616108846,0.735693266922611,0,0,11174,11173,0,0,0,0,NaN,NaN,91.07434725983758,NaN,NaN,NaN,0.7501699470978228,0.7648784353841447,NaN,NaN,NaN,NaN,NaN,NaN,NaN,NaN,NaN,NaN,1,0,0,0,0,NaN,NaN,91.07434725983758,NaN,NaN,NaN,0.7501699470978228,0.7648784353841447,NaN,NaN,NaN,NaN,NaN,NaN,NaN,NaN,NaN,NaN,1
2024-08-13T11:02:00-04:00,0.7715793645257758,0.7715793645257758,0.7701,0.7701,0.7696256831863028,0.7104695644870543,0.7357051044543761,0,0,11174,11173,0,0,0,0,NaN,NaN,90.54694383970757,NaN,NaN,NaN,0.7501699470978228,0.7648784353841447,NaN,NaN,NaN,NaN,NaN,NaN,NaN,NaN,NaN,NaN,1,0,0,0,0,NaN,NaN,90.54694383970757,NaN,NaN,NaN,0.7501699470978228,0.7648784353841447,NaN,NaN,NaN,NaN,NaN,NaN,NaN,NaN,NaN,NaN,1
2024-08-13T11:03:00-04:00,0.7708396822628879,0.776,0.7708396822628879,0.776,0.7707846498797023,0.7114700291513741,0.7357328120612122,0,0,11174,11173,0,0,0,0,NaN,NaN,90.23913220360926,NaN,NaN,NaN,0.7501699470978228,0.7648784353841447,NaN,NaN,NaN,NaN,NaN,NaN,NaN,NaN,NaN,NaN,1,0,0,0,0,NaN,NaN,90.23913220360926,NaN,NaN,NaN,0.7501699470978228,0.7648784353841447,NaN,NaN,NaN,NaN,NaN,NaN,NaN,NaN,NaN,NaN,1
2024-08-13T11:04:00-04:00,0.7734198411314439,0.7769,0.765,0.77242475,0.7710828499015746,0.712400635576544,0.736995959565512,0,0,11174,11173,0,0,0,0,NaN,NaN,89.80345075168414,NaN,NaN,NaN,0.7501699470978228,0.7648784353841447,NaN,NaN,NaN,NaN,NaN,NaN,NaN,NaN,NaN,NaN,1,0,0,0,0,NaN,NaN,89.80345075168414,NaN,NaN,NaN,0.7501699470978228,0.7648784353841447,NaN,NaN,NaN,NaN,NaN,NaN,NaN,NaN,NaN,NaN,1
2024-08-13T11:05:00-04:00,0.772922295565722,0.7768,0.7709,0.77385,0.7715859681012883,0.7133387938120166,0.7370703179464415,0,0,11174,11173,0,0,0,0,NaN,NaN,89.4818700818866,NaN,NaN,NaN,0.7501699470978228,0.7648784353841447,NaN,NaN,NaN,NaN,NaN,NaN,NaN,NaN,NaN,NaN,1,0,0,0,0,NaN,NaN,89.4818700818866,NaN,NaN,NaN,0.7501699470978228,0.7648784353841447,NaN,NaN,NaN,NaN,NaN,NaN,NaN,NaN,NaN,NaN,1
2024-08-13T11:07:00-04:00,0.773386147782861,0.7767,0.773386147782861,0.7767,0.7725157920828722,0.7143061404713751,0.7373311794086963,0,0,11174,11173,0,0,0,0,0.7767,NaN,89.0955038459193,NaN,NaN,NaN,0.7501699470978228,0.7648784353841447,NaN,NaN,NaN,NaN,NaN,NaN,NaN,NaN,NaN,NaN,1,0,0,0,0,0.7767,NaN,89.0955038459193,NaN,NaN,NaN,0.7501699470978228,0.7648784353841447,NaN,NaN,NaN,NaN,NaN,NaN,NaN,NaN,NaN,NaN,1
2024-08-13T11:11:00-04:00,0.7750430738914305,0.7767,0.7728,0.77475,0.7729220117041682,0.7152289474870793,0.7373749710151122,0,0,11174,11173,0,0,0,0,NaN,NaN,88.54183905363271,NaN,NaN,NaN,0.7501699470978228,0.7648784353841447,NaN,NaN,NaN,NaN,NaN,NaN,NaN,NaN,NaN,NaN,1,0,0,0,0,NaN,NaN,88.54183905363271,NaN,NaN,NaN,0.7501699470978228,0.7648784353841447,NaN,NaN,NaN,NaN,NaN,NaN,NaN,NaN,NaN,NaN,1
2024-08-13T11:12:00-04:00,0.7748965369457153,0.776583,0.7748965369457153,0.776583,0.773587645939774,0.7161656505788796,0.7373886288025923,0,0,11174,11173,0,0,0,0,NaN,NaN,88.00883536505023,NaN,NaN,NaN,0.7501699470978228,0.7648784353841447,NaN,NaN,NaN,NaN,NaN,NaN,NaN,NaN,NaN,NaN,1,0,0,0,0,NaN,NaN,88.00883536505023,NaN,NaN,NaN,0.7501699470978228,0.7648784353841447,NaN,NaN,NaN,NaN,NaN,NaN,NaN,NaN,NaN,NaN,1
2024-08-13T11:15:00-04:00,0.7757397684728576,0.7757397684728576,0.7656,0.7656,0.7721353466779969,0.7169203734708051,0.7374024357394368,0,0,11174,11173,0,0,0,0,NaN,NaN,86.7766936572111,NaN,NaN,NaN,0.7501699470978228,0.7648784353841447,NaN,NaN,NaN,NaN,NaN,NaN,NaN,NaN,NaN,NaN,1,0,0,0,0,NaN,NaN,86.7766936572111,NaN,NaN,NaN,0.7501699470978228,0.7648784353841447,NaN,NaN,NaN,NaN,NaN,NaN,NaN,NaN,NaN,NaN,1
2024-08-13T11:16:00-04:00,0.7706698842364288,0.7706698842364288,0.766,0.766,0.7710198291001793,0.71766968074606,0.7375305467827272,0,0,11174,11173,0,0,0,0,NaN,NaN,85.57540265762701,NaN,NaN,NaN,0.7501699470978228,0.7648784353841447,NaN,NaN,NaN,NaN,NaN,NaN,NaN,NaN,NaN,NaN,1,0,0,0,0,NaN,NaN,85.57540265762701,NaN,NaN,NaN,0.7501699470978228,0.7648784353841447,NaN,NaN,NaN,NaN,NaN,NaN,NaN,NaN,NaN,NaN,1
2024-08-13T11:18:00-04:00,0.7683349421182144,0.776,0.7683349421182144,0.7729999999999999,0.771379860172874,0.7185144184445934,0.737720431517186,0,0,11174,11173,0,0,0,0,NaN,NaN,84.81626802428278,NaN,NaN,NaN,0.7501699470978228,0.7648784353841447,NaN,NaN,NaN,NaN,NaN,NaN,NaN,NaN,NaN,NaN,1,0,0,0,0,NaN,NaN,84.81626802428278,NaN,NaN,NaN,0.7501699470978228,0.7648784353841447,NaN,NaN,NaN,NaN,NaN,NaN,NaN,NaN,NaN,NaN,1
2024-08-13T11:19:00-04:00,0.7706674710591072,0.7706674710591072,0.7651,0.76755,0.7706835219596242,0.7192630532775004,0.7377547364221718,0,0,11174,11173,0,0,0,0,NaN,NaN,83.64678123865478,NaN,NaN,NaN,0.7501699470978228,0.7648784353841447,NaN,NaN,NaN,NaN,NaN,NaN,NaN,NaN,NaN,NaN,1,0,0,0,0,NaN,NaN,83.64678123865478,NaN,NaN,NaN,0.7501699470978228,0.7648784353841447,NaN,NaN,NaN,NaN,NaN,NaN,NaN,NaN,NaN,NaN,1
2024-08-13T11:24:00-04:00,0.7691087355295536,0.7767,0.7691087355295536,0.7767,0.7717774270578743,0.7201399532274623,0.7378808471526922,0,0,11174,11173,0,0,0,0,NaN,NaN,83.01339378151442,NaN,NaN,NaN,0.7501699470978228,0.7648784353841447,NaN,NaN,NaN,NaN,NaN,NaN,NaN,NaN,NaN,NaN,1,0,0,0,0,NaN,NaN,83.01339378151442,NaN,NaN,NaN,0.7501699470978228,0.7648784353841447,NaN,NaN,NaN,NaN,NaN,NaN,NaN,NaN,NaN,NaN,1
2024-08-13T11:25:00-04:00,0.7729043677647768,0.7729043677647768,0.766,0.766,0.7707269857746245,0.7208401066133026,0.7378908595400873,0,0,11174,11173,0,0,0,0,NaN,NaN,81.60693486688479,NaN,NaN,NaN,0.7501699470978228,0.7648784353841447,NaN,NaN,NaN,NaN,NaN,NaN,NaN,NaN,NaN,NaN,1,0,0,0,0,NaN,NaN,81.60693486688479,NaN,NaN,NaN,0.7501699470978228,0.7648784353841447,NaN,NaN,NaN,NaN,NaN,NaN,NaN,NaN,NaN,NaN,1
2024-08-13T11:28:00-04:00,0.7694521838823885,0.7767,0.7694521838823885,0.7767,0.7718129883610564,0.7216929294130995,0.7379465570769174,0,0,11174,11173,0,0,0,0,NaN,NaN,81.19372733468548,NaN,NaN,NaN,0.7501699470978228,0.7648784353841447,NaN,NaN,NaN,NaN,NaN,NaN,NaN,NaN,NaN,NaN,1,0,0,0,0,NaN,NaN,81.19372733468548,NaN,NaN,NaN,0.7501699470978228,0.7648784353841447,NaN,NaN,NaN,NaN,NaN,NaN,NaN,NaN,NaN,NaN,1
2024-08-13T11:29:00-04:00,0.7730760919411942,0.7765,0.7651,0.7707999999999999,0.7716288086590462,0.7224426556816018,0.7382311132131703,0,0,11174,11173,0,0,0,0,NaN,NaN,80.52381610839019,NaN,NaN,NaN,0.7501699470978228,0.7648784353841447,NaN,NaN,NaN,NaN,NaN,NaN,NaN,NaN,NaN,NaN,1,0,0,0,0,NaN,NaN,80.52381610839019,NaN,NaN,NaN,0.7501699470978228,0.7648784353841447,NaN,NaN,NaN,NaN,NaN,NaN,NaN,NaN,NaN,NaN,1
2024-08-13T11:30:00-04:00,0.7719380459705971,0.776,0.7719380459705971,0.776,0.7724235707210377,0.7232603250605086,0.7383517516761162,0,0,11174,11173,0,0,0,0,NaN,NaN,80.54131638962615,NaN,NaN,NaN,0.7501699470978228,0.7648784353841447,NaN,NaN,NaN,NaN,NaN,NaN,NaN,NaN,NaN,NaN,1,0,0,0,0,NaN,NaN,80.54131638962615,NaN,NaN,NaN,0.7501699470978228,0.7648784353841447,NaN,NaN,NaN,NaN,NaN,NaN,NaN,NaN,NaN,NaN,1
2024-08-13T11:31:00-04:00,0.7739690229852986,0.776,0.7739690229852986,0.776,0.77307383058994,0.7240655109374474,0.7383967926495457,0,0,11174,11173,0,0,0,0,NaN,NaN,80.95400886317925,NaN,NaN,NaN,0.7501699470978228,0.7648784353841447,NaN,NaN,NaN,NaN,NaN,NaN,NaN,NaN,NaN,NaN,1,0,0,0,0,NaN,NaN,80.95400886317925,NaN,NaN,NaN,0.7501699470978228,0.7648784353841447,NaN,NaN,NaN,NaN,NaN,NaN,NaN,NaN,NaN,NaN,1
2024-08-13T11:33:00-04:00,0.7749845114926492,0.7749845114926492,0.7701,0.7701,0.7725331341190418,0.7247683275643566,0.73847236800881,0,0,11174,11173,0,0,0,0,NaN,NaN,81.06535066525242,NaN,NaN,NaN,0.7501699470978228,0.7648784353841447,NaN,NaN,NaN,NaN,NaN,NaN,NaN,NaN,NaN,NaN,1,0,0,0,0,NaN,NaN,81.06535066525242,NaN,NaN,NaN,0.7501699470978228,0.7648784353841447,NaN,NaN,NaN,NaN,NaN,NaN,NaN,NaN,NaN,NaN,1
2024-08-13T11:35:00-04:00,0.7725422557463246,0.7725422557463246,0.7651,0.76755,0.7716271097337615,0.7254214828687175,0.7387516451145171,0,0,11174,11173,0,0,0,0,NaN,NaN,80.96152948117793,NaN,NaN,NaN,0.7501699470978228,0.7648784353841447,NaN,NaN,NaN,NaN,NaN,NaN,NaN,NaN,NaN,NaN,1,0,0,0,0,NaN,NaN,80.96152948117793,NaN,NaN,NaN,0.7501699470978228,0.7648784353841447,NaN,NaN,NaN,NaN,NaN,NaN,NaN,NaN,NaN,NaN,1
2024-08-13T11:36:00-04:00,0.7700461278731623,0.7789,0.7699,0.7739000000000001,0.7720403625094412,0.7261616129012562,0.7397326822202818,0,0,11174,11173,0,0,0,0,NaN,NaN,81.38606973152163,NaN,NaN,NaN,0.7501699470978228,0.7648784353841447,NaN,NaN,NaN,NaN,NaN,NaN,NaN,NaN,NaN,NaN,1,0,0,0,0,NaN,NaN,81.38606973152163,NaN,NaN,NaN,0.7501699470978228,0.7648784353841447,NaN,NaN,NaN,NaN,NaN,NaN,NaN,NaN,NaN,NaN,1
2024-08-13T11:37:00-04:00,0.7719730639365812,0.7799,0.7701,0.776225,0.7728012056895428,0.7269259394218478,0.7400002980265602,0,0,11174,11173,0,0,0,0,NaN,NaN,81.74597916246769,NaN,NaN,NaN,0.7501699470978228,0.7648784353841447,NaN,NaN,NaN,NaN,NaN,NaN,NaN,NaN,NaN,NaN,1,0,0,0,0,NaN,NaN,81.74597916246769,NaN,NaN,NaN,0.7501699470978228,0.7648784353841447,NaN,NaN,NaN,NaN,NaN,NaN,NaN,NaN,NaN,NaN,1
2024-08-13T11:38:00-04:00,0.7740990319682906,0.7740990319682906,0.7701,0.7701,0.7723100773823532,0.727585085384873,0.7400094505999407,0,0,11174,11173,0,0,0,0,NaN,NaN,80.49520794342145,NaN,NaN,NaN,0.7501699470978228,0.7648784353841447,NaN,NaN,NaN,NaN,NaN,NaN,NaN,NaN,NaN,NaN,1,0,0,0,0,NaN,NaN,80.49520794342145,NaN,NaN,NaN,0.7501699470978228,0.7648784353841447,NaN,NaN,NaN,NaN,NaN,NaN,NaN,NaN,NaN,NaN,1
2024-08-13T11:39:00-04:00,0.7720995159841453,0.7848,0.7720995159841453,0.779875,0.773685517858289,0.7283834046919742,0.7407561051730159,0,0,11174,11173,0,0,0,0,NaN,NaN,80.19531042522249,NaN,NaN,NaN,0.7501699470978228,0.7692127139534743,NaN,NaN,NaN,NaN,NaN,NaN,NaN,NaN,NaN,NaN,1,0,0,0,0,NaN,NaN,80.19531042522249,NaN,NaN,NaN,0.7501699470978228,0.7692127139534743,NaN,NaN,NaN,NaN,NaN,NaN,NaN,NaN,NaN,NaN,1
2024-08-13T11:40:00-04:00,0.7759872579920726,0.788699,0.7759872579920726,0.78624975,0.7759699237022364,0.7292668603455318,0.740982076824587,1,0,11174,11173,0,0,0,0,NaN,NaN,80.25341890978848,NaN,NaN,NaN,0.7501699470978228,0.7757240076046404,NaN,NaN,NaN,NaN,NaN,NaN,NaN,NaN,NaN,NaN,1,0,0,0,0,NaN,NaN,80.25341890978848,NaN,NaN,NaN,0.7501699470978228,0.7757240076046404,NaN,NaN,NaN,NaN,NaN,NaN,NaN,NaN,NaN,NaN,1
2024-08-13T11:42:00-04:00,0.7811185039960362,0.7811185039960362,0.7801,0.7801,0.7767208466654661,0.730042938813539,0.7410135255520092,0,0,11174,11173,0,0,0,0,NaN,NaN,79.72508284233518,NaN,NaN,NaN,0.7591929321463287,0.7757240076046404,NaN,NaN,NaN,NaN,NaN,NaN,NaN,NaN,NaN,NaN,1,0,0,0,0,NaN,NaN,79.72508284233518,NaN,NaN,NaN,0.7591929321463287,0.7757240076046404,NaN,NaN,NaN,NaN,NaN,NaN,NaN,NaN,NaN,NaN,1
2024-08-13T11:43:00-04:00,0.7806092519980181,0.7806092519980181,0.7802,0.7802,0.7773534199990177,0.7308086954728743,0.7410309553452027,0,0,11174,11173,0,0,0,0,NaN,NaN,79.20034287280106,NaN,NaN,NaN,0.7649208548851,0.7757240076046404,NaN,NaN,NaN,NaN,NaN,NaN,NaN,NaN,NaN,NaN,1,0,0,0,0,NaN,NaN,79.20034287280106,NaN,NaN,NaN,0.7649208548851,0.7757240076046404,NaN,NaN,NaN,NaN,NaN,NaN,NaN,NaN,NaN,NaN,1
2024-08-13T11:44:00-04:00,0.7804046259990091,0.8,0.7804046259990091,0.791825,0.7799846163628327,0.7317402421068763,0.7436307580072253,1,0,11174,11173,0,0,0,0,NaN,NaN,79.21028067733302,NaN,NaN,NaN,0.7764490006106743,0.7821062418013875,NaN,NaN,NaN,NaN,NaN,NaN,NaN,NaN,NaN,NaN,1,0,0,0,0,NaN,NaN,79.21028067733302,NaN,NaN,NaN,0.7764490006106743,0.7821062418013875,NaN,NaN,NaN,NaN,NaN,NaN,NaN,NaN,NaN,NaN,1
2024-08-13T11:45:00-04:00,0.7861148129995046,0.808,0.7861148129995046,0.8039499999999999,0.7843419588423176,0.7328426811586797,0.7458940056805723,0,0,11174,11173,0,0,0,0,NaN,NaN,79.04161963260603,NaN,NaN,NaN,0.7884593852213667,0.7929031192609712,NaN,NaN,NaN,NaN,NaN,NaN,NaN,NaN,NaN,NaN,1,0,0,0,0,NaN,NaN,79.04161963260603,NaN,NaN,NaN,0.7884593852213667,0.7929031192609712,NaN,NaN,NaN,NaN,NaN,NaN,NaN,NaN,NaN,NaN,1
2024-08-13T11:46:00-04:00,0.7950324064997523,0.8235,0.7950324064997523,0.815875,0.7900752390528053,0.7341103501486235,0.7469265014413781,0,0,11174,11173,0,0,0,0,NaN,NaN,77.92105460693601,NaN,NaN,NaN,0.8002127468521325,0.8044787149048507,NaN,NaN,NaN,NaN,NaN,NaN,NaN,NaN,NaN,NaN,1,0,0,0,0,NaN,NaN,77.92105460693601,NaN,NaN,NaN,0.8002127468521325,0.8044787149048507,NaN,NaN,NaN,NaN,NaN,NaN,NaN,NaN,NaN,NaN,1
2024-08-13T11:47:00-04:00,0.8054537032498761,0.83,0.8054537032498761,0.8213322499999999,0.7957583319522952,0.7354419822074231,0.7485010155163773,0,0,11174,11173,0,0,0,0,NaN,NaN,76.86028911742598,NaN,NaN,NaN,0.8055335280213082,0.8122923075391044,NaN,NaN,NaN,NaN,NaN,NaN,NaN,NaN,NaN,NaN,1,0,0,0,0,NaN,NaN,76.86028911742598,NaN,NaN,NaN,0.8055335280213082,0.8122923075391044,NaN,NaN,NaN,NaN,NaN,NaN,NaN,NaN,NaN,NaN,1
2024-08-13T11:48:00-04:00,0.8133929766249379,0.8299,0.8008,0.81535,0.7993204534155143,0.7366619519447143,0.7510343841083317,0,0,11174,11173,0,0,0,0,NaN,NaN,76.9088508694749,NaN,NaN,NaN,0.8055335280213082,0.8122923075391044,NaN,NaN,NaN,NaN,NaN,NaN,NaN,NaN,NaN,NaN,1,0,0,0,0,NaN,NaN,76.9088508694749,NaN,NaN,NaN,0.8055335280213082,0.8122923075391044,NaN,NaN,NaN,NaN,NaN,NaN,NaN,NaN,NaN,NaN,1
2024-08-13T11:49:00-04:00,0.814371488312469,0.825,0.8014,0.8131999999999999,0.8018440073399662,0.7378304717623523,0.7545309337441107,0,0,11174,11173,0,0,0,0,NaN,NaN,77.36532930200079,NaN,NaN,NaN,0.8055335280213082,0.8122923075391044,NaN,NaN,NaN,NaN,NaN,NaN,NaN,NaN,NaN,NaN,1,0,0,0,0,NaN,NaN,77.36532930200079,NaN,NaN,NaN,0.8055335280213082,0.8122923075391044,NaN,NaN,NaN,NaN,NaN,NaN,NaN,NaN,NaN,NaN,1
2024-08-13T11:50:00-04:00,0.8137857441562344,0.85,0.8137857441562344,0.8374999999999999,0.8083269150963359,0.7393521439491866,0.7568450810576254,1,0,11174,11173,0,0,0,0,NaN,NaN,76.0334547194833,NaN,NaN,NaN,0.8055335280213082,0.8270544713488537,NaN,NaN,NaN,NaN,NaN,NaN,NaN,NaN,NaN,NaN,1,0,0,0,0,NaN,NaN,76.0334547194833,NaN,NaN,NaN,0.8055335280213082,0.8270544713488537,NaN,NaN,NaN,NaN,NaN,NaN,NaN,NaN,NaN,NaN,1
2024-08-13T11:51:00-04:00,0.8256428720781172,0.835,0.82,0.8287749999999999,0.812044748715184,0.7407173783927105,0.7574103120350277,0,0,11174,11173,0,0,0,0,NaN,NaN,76.03254710718575,NaN,NaN,NaN,0.8055335280213082,0.8270544713488537,NaN,NaN,NaN,NaN,NaN,NaN,NaN,NaN,NaN,NaN,1,0,0,0,0,NaN,NaN,76.03254710718575,NaN,NaN,NaN,0.8055335280213082,0.8270544713488537,NaN,NaN,NaN,NaN,NaN,NaN,NaN,NaN,NaN,NaN,1
2024-08-13T11:52:00-04:00,0.8272089360390585,0.84,0.82,0.83,0.8153093398578778,0.7420804718523637,0.7641215910467373,0,0,11174,11173,0,0,0,0,NaN,NaN,75.9932813845613,NaN,NaN,NaN,0.8055335280213082,0.8270544713488537,NaN,NaN,NaN,NaN,NaN,NaN,NaN,NaN,NaN,NaN,1,0,0,0,0,NaN,NaN,75.9932813845613,NaN,NaN,NaN,0.8055335280213082,0.8270544713488537,NaN,NaN,NaN,NaN,NaN,NaN,NaN,NaN,NaN,NaN,1
2024-08-13T11:53:00-04:00,0.8286044680195293,0.846334,0.8286044680195293,0.8454345000000001,0.8207866417019001,0.7436583959462207,0.7643385529434416,1,0,11174,11173,0,0,0,0,NaN,NaN,74.94970604869658,NaN,NaN,NaN,0.8055335280213082,0.8370750883823352,NaN,NaN,NaN,NaN,NaN,NaN,NaN,NaN,NaN,NaN,1,0,0,0,0,NaN,NaN,74.94970604869658,NaN,NaN,NaN,0.8055335280213082,0.8370750883823352,NaN,NaN,NaN,NaN,NaN,NaN,NaN,NaN,NaN,NaN,1
2024-08-13T11:54:00-04:00,0.8370194840097647,0.846,0.82,0.8379749999999999,0.8239117977561,0.7450983440997135,0.7696097518732982,0,0,11174,11173,0,0,0,0,NaN,NaN,74.66321018784046,NaN,NaN,NaN,0.8055335280213082,0.8370750883823352,NaN,NaN,NaN,NaN,NaN,NaN,NaN,NaN,NaN,NaN,1,0,0,0,0,NaN,NaN,74.66321018784046,NaN,NaN,NaN,0.8055335280213082,0.8370750883823352,NaN,NaN,NaN,NaN,NaN,NaN,NaN,NaN,NaN,NaN,1
2024-08-13T11:55:00-04:00,0.8374972420048823,0.845,0.8374972420048823,0.8425125,0.8272937436186273,0.7465855831210919,0.7702941302901367,0,0,11174,11173,0,0,0,0,NaN,NaN,74.48560232229399,NaN,NaN,NaN,0.8256170105903339,0.8370750883823352,NaN,NaN,NaN,NaN,NaN,NaN,NaN,NaN,NaN,NaN,1,0,0,0,0,NaN,NaN,74.48560232229399,NaN,NaN,NaN,0.8256170105903339,0.8370750883823352,NaN,NaN,NaN,NaN,NaN,NaN,NaN,NaN,NaN,NaN,1
2024-08-13T11:56:00-04:00,0.8400048710024411,0.85,0.84,0.845,0.830513062960695,0.7480880933024493,0.7755509059136789,0,0,11174,11173,0,0,0,0,NaN,NaN,74.63300856341743,NaN,NaN,NaN,0.8282899791598044,0.8370750883823352,NaN,NaN,NaN,NaN,NaN,NaN,NaN,NaN,NaN,NaN,1,0,0,0,0,NaN,NaN,74.63300856341743,NaN,NaN,NaN,0.8282899791598044,0.8370750883823352,NaN,NaN,NaN,NaN,NaN,NaN,NaN,NaN,NaN,NaN,1
2024-08-13T11:57:00-04:00,0.8425024355012205,0.876,0.8425024355012205,0.863065,0.8364315969678414,0.7498434659237859,0.7789163800974089,1,0,11174,11173,0,0,0,0,NaN,NaN,73.99776951253546,NaN,NaN,NaN,0.846145425574641,0.8536189361102843,NaN,NaN,NaN,NaN,NaN,NaN,NaN,NaN,NaN,NaN,1,0,0,0,0,NaN,NaN,73.99776951253546,NaN,NaN,NaN,0.846145425574641,0.8536189361102843,NaN,NaN,NaN,NaN,NaN,NaN,NaN,NaN,NaN,NaN,1
2024-08-13T11:58:00-04:00,0.8527837177506102,0.876,0.8404,0.8606,0.8408258520645975,0.7515344053753312,0.7808287124572473,0,0,11174,11173,0,0,0,0,NaN,NaN,73.88911474487527,NaN,NaN,NaN,0.846145425574641,0.8536189361102843,NaN,NaN,NaN,NaN,NaN,NaN,NaN,NaN,NaN,NaN,1,0,0,0,0,NaN,NaN,73.88911474487527,NaN,NaN,NaN,0.846145425574641,0.8536189361102843,NaN,NaN,NaN,NaN,NaN,NaN,NaN,NaN,NaN,NaN,1
2024-08-13T11:59:00-04:00,0.8566918588753052,0.8696,0.8498,0.85725025,0.8438121062346706,0.7531483877360132,0.7817852656300005,0,0,11174,11173,0,0,0,0,NaN,NaN,73.87044277653794,NaN,NaN,NaN,0.846145425574641,0.8536189361102843,NaN,NaN,NaN,NaN,NaN,NaN,NaN,NaN,NaN,NaN,1,0,0,0,0,NaN,NaN,73.87044277653794,NaN,NaN,NaN,0.846145425574641,0.8536189361102843,NaN,NaN,NaN,NaN,NaN,NaN,NaN,NaN,NaN,NaN,1
2024-08-13T12:00:00-04:00,0.8569710544376525,0.8696,0.851,0.8603000000000001,0.8468099051010941,0.754784290213326,0.7824719152784942,0,0,11174,11173,0,0,0,0,NaN,NaN,73.90786105031523,NaN,NaN,NaN,0.846145425574641,0.8536189361102843,NaN,NaN,NaN,NaN,NaN,NaN,NaN,NaN,NaN,NaN,1,0,0,0,0,NaN,NaN,73.90786105031523,NaN,NaN,NaN,0.846145425574641,0.8536189361102843,NaN,NaN,NaN,NaN,NaN,NaN,NaN,NaN,NaN,NaN,1
2024-08-13T12:01:00-04:00,0.8586355272188263,0.87,0.851,0.8596247499999999,0.8491398769008952,0.7563849079199928,0.7832924615817006,0,0,11174,11173,0,0,0,0,NaN,NaN,74.06447332697672,NaN,NaN,NaN,0.846145425574641,0.8536189361102843,NaN,NaN,NaN,NaN,NaN,NaN,NaN,NaN,NaN,NaN,1,0,0,0,0,NaN,NaN,74.06447332697672,NaN,NaN,NaN,0.846145425574641,0.8536189361102843,NaN,NaN,NaN,NaN,NaN,NaN,NaN,NaN,NaN,NaN,1
2024-08-13T12:02:00-04:00,0.8591301386094131,0.86289,0.85,0.8547560000000001,0.8501609901916416,0.7578867566540387,0.7877957429574387,0,0,11174,11173,0,0,0,0,NaN,NaN,74.253197182754,NaN,NaN,NaN,0.846145425574641,0.8536189361102843,NaN,NaN,NaN,NaN,NaN,NaN,NaN,NaN,NaN,NaN,1,0,0,0,0,NaN,NaN,74.253197182754,NaN,NaN,NaN,0.846145425574641,0.8536189361102843,NaN,NaN,NaN,NaN,NaN,NaN,NaN,NaN,NaN,NaN,1
2024-08-13T12:03:00-04:00,0.8569430693047067,0.858,0.824,0.847415,0.8496617192477067,0.7592536000639007,0.789801621417215,0,0,11174,11173,0,0,0,0,NaN,NaN,74.60674622592474,NaN,NaN,NaN,0.846145425574641,0.8536189361102843,NaN,NaN,NaN,NaN,NaN,NaN,NaN,NaN,NaN,NaN,1,0,0,0,0,NaN,NaN,74.60674622592474,NaN,NaN,NaN,0.846145425574641,0.8536189361102843,NaN,NaN,NaN,NaN,NaN,NaN,NaN,NaN,NaN,NaN,1
2024-08-13T12:04:00-04:00,0.8521790346523533,0.858,0.8409,0.84745,0.8492595884753964,0.7606001099865893,0.7901227618221066,0,0,11174,11173,0,0,0,0,NaN,NaN,74.89320397523765,NaN,NaN,NaN,0.846145425574641,0.8536189361102843,NaN,NaN,NaN,NaN,NaN,NaN,NaN,NaN,NaN,NaN,1,0,0,0,0,NaN,NaN,74.89320397523765,NaN,NaN,NaN,0.846145425574641,0.8536189361102843,NaN,NaN,NaN,NaN,NaN,NaN,NaN,NaN,NaN,NaN,1
2024-08-13T12:05:00-04:00,0.8498145173261766,0.86,0.841,0.850475,0.8494805723889607,0.761972245711985,0.790654696662707,0,0,11174,11173,0,0,0,0,NaN,NaN,75.52114314745263,NaN,NaN,NaN,0.846145425574641,0.8536189361102843,NaN,NaN,NaN,NaN,NaN,NaN,NaN,NaN,NaN,NaN,1,0,0,0,0,NaN,NaN,75.52114314745263,NaN,NaN,NaN,0.846145425574641,0.8536189361102843,NaN,NaN,NaN,NaN,NaN,NaN,NaN,NaN,NaN,NaN,1
2024-08-13T12:06:00-04:00,0.8501447586630884,0.8595,0.8409,0.854661,0.8504224683182405,0.7633873411972981,0.7907427454176871,0,0,11174,11173,0,0,0,0,NaN,NaN,75.59190151199108,NaN,NaN,NaN,0.846145425574641,0.8536189361102843,NaN,NaN,NaN,NaN,NaN,NaN,NaN,NaN,NaN,NaN,1,0,0,0,0,NaN,NaN,75.59190151199108,NaN,NaN,NaN,0.846145425574641,0.8536189361102843,NaN,NaN,NaN,NaN,NaN,NaN,NaN,NaN,NaN,NaN,1
2024-08-13T12:07:00-04:00,0.8524028793315441,0.8599,0.841,0.8457475,0.8495724740785604,0.7646447482019195,0.7912144380172138,0,0,11174,11173,0,0,0,0,NaN,NaN,75.93060747107091,NaN,NaN,NaN,0.846145425574641,0.8536189361102843,NaN,NaN,NaN,NaN,NaN,NaN,NaN,NaN,NaN,NaN,1,0,0,0,0,NaN,NaN,75.93060747107091,NaN,NaN,NaN,0.846145425574641,0.8536189361102843,NaN,NaN,NaN,NaN,NaN,NaN,NaN,NaN,NaN,NaN,1
2024-08-13T12:08:00-04:00,0.849075189665772,0.8592,0.8409,0.845525,0.8488365697006404,0.7658795612064704,0.7925142131434552,0,0,11174,11173,0,0,0,0,NaN,NaN,76.16754553843083,NaN,NaN,NaN,0.846145425574641,0.8536189361102843,NaN,NaN,NaN,NaN,NaN,NaN,NaN,NaN,NaN,NaN,1,0,0,0,0,NaN,NaN,76.16754553843083,NaN,NaN,NaN,0.846145425574641,0.8536189361102843,NaN,NaN,NaN,NaN,NaN,NaN,NaN,NaN,NaN,NaN,1
2024-08-13T12:09:00-04:00,0.8473000948328859,0.8592,0.8411,0.8461,0.8483390115732512,0.7671043007300358,0.7929958602780556,0,0,11174,11173,0,0,0,0,NaN,NaN,76.35069642879989,NaN,NaN,NaN,0.846145425574641,0.8536189361102843,NaN,NaN,NaN,NaN,NaN,NaN,NaN,NaN,NaN,NaN,1,0,0,0,0,NaN,NaN,76.35069642879989,NaN,NaN,NaN,0.846145425574641,0.8536189361102843,NaN,NaN,NaN,NaN,NaN,NaN,NaN,NaN,NaN,NaN,1
2024-08-13T12:10:00-04:00,0.846700047416443,0.846700047416443,0.8412,0.8416315,0.8471194640144782,0.7682421205662184,0.7932919718233653,0,0,11174,11173,0,0,0,0,NaN,NaN,77.08858263619041,NaN,NaN,NaN,0.846145425574641,0.8472042099999999,NaN,NaN,NaN,NaN,NaN,NaN,NaN,NaN,NaN,NaN,1,0,0,0,0,NaN,NaN,77.08858263619041,NaN,NaN,NaN,0.846145425574641,0.8472042099999999,NaN,NaN,NaN,NaN,NaN,NaN,NaN,NaN,NaN,NaN,1
2024-08-13T12:11:00-04:00,0.8441657737082215,0.849188,0.8,0.823922,0.8429017432845731,0.7690921950613907,0.7935006469282824,0,0,11174,11173,0,0,0,0,NaN,NaN,76.37009035920282,NaN,NaN,NaN,0.846145425574641,0.8379166361999999,NaN,NaN,NaN,NaN,NaN,NaN,NaN,NaN,NaN,NaN,1,0,0,0,0,NaN,NaN,76.37009035920282,NaN,NaN,NaN,0.846145425574641,0.8379166361999999,NaN,NaN,NaN,NaN,NaN,NaN,NaN,NaN,NaN,NaN,1
2024-08-13T12:12:00-04:00,0.8340438868541108,0.84225,0.8004,0.826225,0.8398696081419235,0.7699644516253389,0.793562741464967,0,0,11174,11173,0,0,0,0,NaN,NaN,76.37657157691865,NaN,NaN,NaN,0.846145425574641,0.8379166361999999,NaN,NaN,NaN,NaN,NaN,NaN,NaN,NaN,NaN,NaN,1,0,0,0,0,NaN,NaN,76.37657157691865,NaN,NaN,NaN,0.846145425574641,0.8379166361999999,NaN,NaN,NaN,NaN,NaN,NaN,NaN,NaN,NaN,NaN,1
2024-08-13T12:13:00-04:00,0.8301344434270554,0.8423,0.8301344434270554,0.8423,0.8403114975706647,0.7710688111425092,0.7938883892238568,0,0,11174,11173,0,0,0,0,NaN,NaN,76.98554979248533,NaN,NaN,NaN,0.846145425574641,0.8379166361999999,NaN,NaN,NaN,NaN,NaN,NaN,NaN,NaN,NaN,NaN,1,0,0,0,0,NaN,NaN,76.98554979248533,NaN,NaN,NaN,0.846145425574641,0.8379166361999999,NaN,NaN,NaN,NaN,NaN,NaN,NaN,NaN,NaN,NaN,1
2024-08-13T12:14:00-04:00,0.8362172217135277,0.8362172217135277,0.817,0.817,0.8360730434669075,0.7717700506670511,0.7939074781921044,0,0,11174,11173,0,0,0,0,NaN,NaN,75.44035591817087,NaN,NaN,NaN,0.846145425574641,0.8334082980279999,NaN,NaN,NaN,NaN,NaN,NaN,NaN,NaN,NaN,NaN,1,0,0,0,0,NaN,NaN,75.44035591817087,NaN,NaN,NaN,0.846145425574641,0.8334082980279999,NaN,NaN,NaN,NaN,NaN,NaN,NaN,NaN,NaN,NaN,1
2024-08-13T12:15:00-04:00,0.8266086108567638,0.8266086108567638,0.8005,0.80075,0.8296506719274698,0.7722124926415999,0.7939290497435437,0,0,11174,11173,0,0,0,0,NaN,NaN,72.64670617033337,NaN,NaN,NaN,0.846145425574641,0.8230753012054799,NaN,NaN,NaN,NaN,NaN,NaN,NaN,NaN,NaN,NaN,1,0,0,0,0,NaN,NaN,72.64670617033337,NaN,NaN,NaN,0.846145425574641,0.8230753012054799,NaN,NaN,NaN,NaN,NaN,NaN,NaN,NaN,NaN,NaN,1
2024-08-13T12:16:00-04:00,0.813679305428382,0.813679305428382,0.8008,0.80095,0.8244323679406571,0.7726512332119572,0.7939477071253951,0,0,11174,11173,0,0,0,0,NaN,NaN,69.29329235967843,NaN,NaN,NaN,0.846145425574641,0.8230753012054799,NaN,NaN,NaN,NaN,NaN,NaN,NaN,NaN,NaN,NaN,1,0,0,0,0,NaN,NaN,69.29329235967843,NaN,NaN,NaN,0.846145425574641,0.8230753012054799,NaN,NaN,NaN,NaN,NaN,NaN,NaN,NaN,NaN,NaN,1
2024-08-13T12:18:00-04:00,0.807314652714191,0.84,0.8031,0.82155,0.8239083010423558,0.7733977792697899,0.793973633948065,0,0,11174,11173,0,0,0,0,NaN,NaN,68.86553552358056,NaN,NaN,NaN,0.841652546487003,0.8230753012054799,NaN,NaN,NaN,NaN,NaN,NaN,NaN,NaN,NaN,NaN,1,0,0,0,0,NaN,NaN,68.86553552358056,NaN,NaN,NaN,0.841652546487003,0.8230753012054799,NaN,NaN,NaN,NaN,NaN,NaN,NaN,NaN,NaN,NaN,1
2024-08-13T12:19:00-04:00,0.8144323263570955,0.8144323263570955,0.8068,0.80685,0.8208067917619275,0.7739085001969687,0.7939833643380608,0,0,11174,11173,0,0,0,0,NaN,NaN,66.96388369918722,NaN,NaN,NaN,0.8260858723495648,0.8230753012054799,NaN,NaN,NaN,NaN,NaN,NaN,NaN,NaN,NaN,NaN,1,0,0,0,0,NaN,NaN,66.96388369918722,NaN,NaN,NaN,0.8260858723495648,0.8230753012054799,NaN,NaN,NaN,NaN,NaN,NaN,NaN,NaN,NaN,NaN,1
2024-08-13T12:20:00-04:00,0.8106411631785477,0.8246,0.8106411631785477,0.8244285,0.8214652841688498,0.7746797979038852,0.7940077335734852,0,0,11174,11173,0,0,0,0,NaN,NaN,66.0593176990401,NaN,NaN,NaN,0.8260858723495648,0.8230753012054799,NaN,NaN,NaN,NaN,NaN,NaN,NaN,NaN,NaN,NaN,1,0,0,0,0,NaN,NaN,66.0593176990401,NaN,NaN,NaN,0.8260858723495648,0.8230753012054799,NaN,NaN,NaN,NaN,NaN,NaN,NaN,NaN,NaN,NaN,1
2024-08-13T12:22:00-04:00,0.8175348315892739,0.8423,0.8175348315892739,0.8421500000000001,0.8252261415926953,0.7757098773251999,0.7942123776637365,0,0,11174,11173,0,0,0,0,NaN,NaN,66.06196503485569,NaN,NaN,NaN,0.8260858723495648,0.8230753012054799,NaN,NaN,NaN,NaN,NaN,NaN,NaN,NaN,NaN,NaN,1,0,0,0,0,NaN,NaN,66.06196503485569,NaN,NaN,NaN,0.8260858723495648,0.8230753012054799,NaN,NaN,NaN,NaN,NaN,NaN,NaN,NaN,NaN,NaN,1
2024-08-13T12:24:00-04:00,0.8298424157946369,0.837,0.8242,0.8306,0.8262032067576598,0.7765478944652732,0.7950532183961783,0,0,11174,11173,0,0,0,0,NaN,NaN,65.2157915161799,NaN,NaN,NaN,0.8260858723495648,0.8230753012054799,NaN,NaN,NaN,NaN,NaN,NaN,NaN,NaN,NaN,NaN,1,0,0,0,0,NaN,NaN,65.2157915161799,NaN,NaN,NaN,0.8260858723495648,0.8230753012054799,NaN,NaN,NaN,NaN,NaN,NaN,NaN,NaN,NaN,NaN,1
2024-08-13T12:25:00-04:00,0.8302212078973185,0.84,0.8302212078973185,0.84,0.8287117146199035,0.7775166289009179,0.7950823628694872,0,0,11174,11173,0,0,0,0,NaN,NaN,64.58431845747174,NaN,NaN,NaN,0.8260858723495648,0.8230753012054799,NaN,NaN,NaN,NaN,NaN,NaN,NaN,NaN,NaN,NaN,1,0,0,0,0,NaN,NaN,64.58431845747174,NaN,NaN,NaN,0.8260858723495648,0.8230753012054799,NaN,NaN,NaN,NaN,NaN,NaN,NaN,NaN,NaN,NaN,1
2024-08-13T12:27:00-04:00,0.8351106039486592,0.8351106039486592,0.8314,0.8317,0.8292550392344664,0.7783438559405985,0.795104099164875,1,0,11174,11173,0,0,0,0,NaN,NaN,63.695124561196145,NaN,NaN,NaN,0.8260858723495648,0.8230753012054799,NaN,NaN,NaN,NaN,NaN,NaN,NaN,NaN,NaN,NaN,1,0,0,0,0,NaN,NaN,63.695124561196145,NaN,NaN,NaN,0.8260858723495648,0.8230753012054799,NaN,NaN,NaN,NaN,NaN,NaN,NaN,NaN,NaN,NaN,1
2024-08-13T12:29:00-04:00,0.8334053019743296,0.8334053019743296,0.811,0.82175,0.8278904866463817,0.7790065451628795,0.7958002966897905,0,0,11174,11173,0,0,0,0,NaN,NaN,61.685209465951985,NaN,NaN,NaN,0.8260858723495648,0.8230753012054799,NaN,NaN,NaN,NaN,NaN,NaN,NaN,NaN,NaN,NaN,1,0,0,0,0,NaN,NaN,61.685209465951985,NaN,NaN,NaN,0.8260858723495648,0.8230753012054799,NaN,NaN,NaN,NaN,NaN,NaN,NaN,NaN,NaN,NaN,1
2024-08-13T12:30:00-04:00,0.8275776509871648,0.8275776509871648,0.8125,0.8125,0.8250922163470396,0.779517895618408,0.795809060759616,0,0,11174,11173,0,0,0,0,NaN,NaN,59.299095887438426,NaN,NaN,NaN,0.8260858723495648,0.8230753012054799,NaN,NaN,NaN,NaN,NaN,NaN,NaN,NaN,NaN,NaN,1,0,0,0,0,NaN,NaN,59.299095887438426,NaN,NaN,NaN,0.8260858723495648,0.8230753012054799,NaN,NaN,NaN,NaN,NaN,NaN,NaN,NaN,NaN,NaN,1
2024-08-13T12:31:00-04:00,0.8200388254935824,0.84,0.8200388254935824,0.82925,0.8258481770112142,0.7802771643875926,0.7958524994150873,0,0,11174,11173,0,0,0,0,NaN,NaN,58.22943523983813,NaN,NaN,NaN,0.8260858723495648,0.8230753012054799,NaN,NaN,NaN,NaN,NaN,NaN,NaN,NaN,NaN,NaN,1,0,0,0,0,NaN,NaN,58.22943523983813,NaN,NaN,NaN,0.8260858723495648,0.8230753012054799,NaN,NaN,NaN,NaN,NaN,NaN,NaN,NaN,NaN,NaN,1
2024-08-13T12:32:00-04:00,0.8246444127467912,0.8386,0.8246444127467912,0.83205,0.8269757811909934,0.7810675893587744,0.7958745590559336,0,0,11174,11173,0,0,0,0,NaN,NaN,57.12547522276249,NaN,NaN,NaN,0.8260858723495648,0.8230753012054799,NaN,NaN,NaN,NaN,NaN,NaN,NaN,NaN,NaN,NaN,1,0,0,0,0,NaN,NaN,57.12547522276249,NaN,NaN,NaN,0.8260858723495648,0.8230753012054799,NaN,NaN,NaN,NaN,NaN,NaN,NaN,NaN,NaN,NaN,1
2024-08-13T12:33:00-04:00,0.8283472063733957,0.8423,0.8283472063733957,0.8404499999999999,0.8294256391562673,0.7819741910479534,0.7960375145912213,1,0,11174,11173,0,0,0,0,NaN,NaN,56.489825634772174,NaN,NaN,NaN,0.8260858723495648,0.8230753012054799,NaN,NaN,NaN,NaN,NaN,NaN,NaN,NaN,NaN,NaN,1,0,0,0,0,NaN,NaN,56.489825634772174,NaN,NaN,NaN,0.8260858723495648,0.8230753012054799,NaN,NaN,NaN,NaN,NaN,NaN,NaN,NaN,NaN,NaN,1
2024-08-13T12:34:00-04:00,0.8343986031866978,0.8443,0.8343986031866978,0.8431500000000001,0.8319209774914914,0.7829081728640152,0.7960605540413368,0,0,11174,11173,0,0,0,0,NaN,NaN,56.04943448425739,NaN,NaN,NaN,0.8260858723495648,0.8230753012054799,NaN,NaN,NaN,NaN,NaN,NaN,NaN,NaN,NaN,NaN,1,0,0,0,0,NaN,NaN,56.04943448425739,NaN,NaN,NaN,0.8260858723495648,0.8230753012054799,NaN,NaN,NaN,NaN,NaN,NaN,NaN,NaN,NaN,NaN,1
2024-08-13T12:36:00-04:00,0.8387743015933489,0.85,0.8387743015933489,0.84715,0.8346898906748565,0.7838889641179997,0.7960733632934728,0,0,11174,11173,0,0,0,0,NaN,NaN,55.618021885194615,NaN,NaN,NaN,0.8260858723495648,0.826734,NaN,NaN,NaN,NaN,NaN,NaN,NaN,NaN,NaN,NaN,1,0,0,0,0,NaN,NaN,55.618021885194615,NaN,NaN,NaN,0.8260858723495648,0.826734,NaN,NaN,NaN,NaN,NaN,NaN,NaN,NaN,NaN,NaN,1
2024-08-13T12:37:00-04:00,0.8429621507966745,0.858853,0.8429621507966745,0.8524265,0.8379147287339735,0.784935338711618,0.7961821578967618,0,0,11174,11173,0,0,0,0,NaN,NaN,55.67573297230168,NaN,NaN,NaN,0.8260858723495648,0.8300638775,NaN,NaN,NaN,NaN,NaN,NaN,NaN,NaN,NaN,NaN,1,0,0,0,0,NaN,NaN,55.67573297230168,NaN,NaN,NaN,0.8260858723495648,0.8300638775,NaN,NaN,NaN,NaN,NaN,NaN,NaN,NaN,NaN,NaN,1
2024-08-13T12:38:00-04:00,0.8476943253983372,0.858853,0.8476943253983372,0.8571765,0.8414168689641601,0.7860382572045704,0.796324079040086,0,0,11174,11173,0,0,0,0,NaN,NaN,55.67550437220766,NaN,NaN,NaN,0.8260858723495648,0.8339231348499999,NaN,NaN,NaN,NaN,NaN,NaN,NaN,NaN,NaN,NaN,1,0,0,0,0,NaN,NaN,55.67550437220766,NaN,NaN,NaN,0.8260858723495648,0.8339231348499999,NaN,NaN,NaN,NaN,NaN,NaN,NaN,NaN,NaN,NaN,1
2024-08-13T12:39:00-04:00,0.8524354126991687,0.859,0.85,0.8545,0.8437956200615856,0.7870834746518289,0.7975802730286902,0,0,11174,11173,0,0,0,0,NaN,NaN,55.493172473779616,NaN,NaN,NaN,0.8260858723495648,0.8339231348499999,NaN,NaN,NaN,NaN,NaN,NaN,NaN,NaN,NaN,NaN,1,0,0,0,0,NaN,NaN,55.493172473779616,NaN,NaN,NaN,0.8260858723495648,0.8339231348499999,NaN,NaN,NaN,NaN,NaN,NaN,NaN,NaN,NaN,NaN,1
2024-08-13T12:40:00-04:00,0.8534677063495844,0.8554,0.8534677063495844,0.8554,0.8459055073231155,0.7881264750388239,0.7977219352130377,0,0,11174,11173,0,0,0,0,NaN,NaN,55.38674647171502,NaN,NaN,NaN,0.8260858723495648,0.8339231348499999,NaN,NaN,NaN,NaN,NaN,NaN,NaN,NaN,NaN,NaN,1,0,0,0,0,NaN,NaN,55.38674647171502,NaN,NaN,NaN,0.8260858723495648,0.8339231348499999,NaN,NaN,NaN,NaN,NaN,NaN,NaN,NaN,NaN,NaN,1
2024-08-13T12:41:00-04:00,0.8544338531747921,0.8554,0.85,0.85135,0.8468954150825491,0.7890917196947198,0.7978312816394135,0,0,11174,11173,0,0,0,0,NaN,NaN,54.833736176860896,NaN,NaN,NaN,0.8260858723495648,0.8339231348499999,NaN,NaN,NaN,NaN,NaN,NaN,NaN,NaN,NaN,NaN,1,0,0,0,0,NaN,NaN,54.833736176860896,NaN,NaN,NaN,0.8260858723495648,0.8339231348499999,NaN,NaN,NaN,NaN,NaN,NaN,NaN,NaN,NaN,NaN,1
2024-08-13T12:42:00-04:00,0.8528919265873961,0.8554,0.8528919265873961,0.8554,0.8484417032493583,0.7901040598520523,0.7978382802715511,0,0,11174,11173,0,0,0,0,NaN,NaN,54.49395631495061,NaN,NaN,NaN,0.8260858723495648,0.8339231348499999,NaN,NaN,NaN,NaN,NaN,NaN,NaN,NaN,NaN,NaN,1,0,0,0,0,NaN,NaN,54.49395631495061,NaN,NaN,NaN,0.8260858723495648,0.8339231348499999,NaN,NaN,NaN,NaN,NaN,NaN,NaN,NaN,NaN,NaN,1
2024-08-13T12:44:00-04:00,0.8541459632936981,0.8547,0.8342,0.84445,0.8477159390222022,0.7909337688619447,0.7981663174492186,0,0,11174,11173,0,0,0,0,NaN,NaN,52.88420375093935,NaN,NaN,NaN,0.8260858723495648,0.8339231348499999,NaN,NaN,NaN,NaN,NaN,NaN,NaN,NaN,NaN,NaN,1,0,0,0,0,NaN,NaN,52.88420375093935,NaN,NaN,NaN,0.8260858723495648,0.8339231348499999,NaN,NaN,NaN,NaN,NaN,NaN,NaN,NaN,NaN,NaN,1
2024-08-13T12:45:00-04:00,0.8492979816468491,0.8492979816468491,0.834208,0.839254,0.8461774046545291,0.7916714823144341,0.7982680894389002,0,0,11174,11173,0,0,0,0,NaN,NaN,50.752303220995046,NaN,NaN,NaN,0.8260858723495648,0.8339231348499999,NaN,NaN,NaN,NaN,NaN,NaN,NaN,NaN,NaN,NaN,1,0,0,0,0,NaN,NaN,50.752303220995046,NaN,NaN,NaN,0.8260858723495648,0.8339231348499999,NaN,NaN,NaN,NaN,NaN,NaN,NaN,NaN,NaN,NaN,1
2024-08-13T12:46:00-04:00,0.8442759908234245,0.8548,0.8442759908234245,0.8548,0.8477451492627965,0.7926352764775725,0.798606418299005,1,0,11174,11173,0,0,0,0,NaN,NaN,49.890876113288904,NaN,NaN,NaN,0.8260858723495648,0.8339231348499999,NaN,NaN,NaN,NaN,NaN,NaN,NaN,NaN,NaN,NaN,1,0,0,0,0,NaN,NaN,49.890876113288904,NaN,NaN,NaN,0.8260858723495648,0.8339231348499999,NaN,NaN,NaN,NaN,NaN,NaN,NaN,NaN,NaN,NaN,1
2024-08-13T12:47:00-04:00,0.8495379954117123,0.855999,0.8495379954117123,0.8553994999999999,0.8491368493968335,0.7935935088977623,0.7987701804940243,0,0,11174,11173,0,0,0,0,NaN,NaN,48.77923201553551,NaN,NaN,NaN,0.8260858723495648,0.8339231348499999,NaN,NaN,NaN,NaN,NaN,NaN,NaN,NaN,NaN,NaN,1,0,0,0,0,NaN,NaN,48.77923201553551,NaN,NaN,NaN,0.8260858723495648,0.8339231348499999,NaN,NaN,NaN,NaN,NaN,NaN,NaN,NaN,NaN,NaN,1
2024-08-13T12:48:00-04:00,0.8524687477058561,0.8592,0.8524687477058561,0.8575999999999999,0.8506756040519547,0.794570707235201,0.7989454705040471,0,0,11174,11173,0,0,0,0,NaN,NaN,47.999280760356875,NaN,NaN,NaN,0.8260858723495648,0.8362467452134998,NaN,NaN,NaN,NaN,NaN,NaN,NaN,NaN,NaN,NaN,1,0,0,0,0,NaN,NaN,47.999280760356875,NaN,NaN,NaN,0.8260858723495648,0.8362467452134998,NaN,NaN,NaN,NaN,NaN,NaN,NaN,NaN,NaN,NaN,1
2024-08-13T12:49:00-04:00,0.855034373852928,0.8633,0.855034373852928,0.8603159999999999,0.8524284033152357,0.7955744521629078,0.7994973684407739,0,0,11174,11173,0,0,0,0,NaN,NaN,46.95701218169299,NaN,NaN,NaN,0.8260858723495648,0.8403300957878799,NaN,NaN,NaN,NaN,NaN,NaN,NaN,NaN,NaN,NaN,1,0,0,0,0,NaN,NaN,46.95701218169299,NaN,NaN,NaN,0.8260858723495648,0.8403300957878799,NaN,NaN,NaN,NaN,NaN,NaN,NaN,NaN,NaN,NaN,1
2024-08-13T12:50:00-04:00,0.8576751869264639,0.8699,0.8576751869264639,0.8699,0.8556050572579201,0.7967091933512603,0.7998278956756659,0,0,11174,11173,0,0,0,0,NaN,NaN,46.62611051072106,NaN,NaN,NaN,0.8260858723495648,0.8488387814196979,NaN,NaN,NaN,NaN,NaN,NaN,NaN,NaN,NaN,NaN,1,0,0,0,0,NaN,NaN,46.62611051072106,NaN,NaN,NaN,0.8260858723495648,0.8488387814196979,NaN,NaN,NaN,NaN,NaN,NaN,NaN,NaN,NaN,NaN,1
2024-08-13T12:51:00-04:00,0.863787593463232,0.87,0.863787593463232,0.869518,0.8581346832110256,0.7978207781855923,0.799901433956518,0,0,11174,11173,0,0,0,0,NaN,NaN,46.00343786580986,NaN,NaN,NaN,0.8352469266274513,0.8488387814196979,NaN,NaN,NaN,NaN,NaN,NaN,NaN,NaN,NaN,NaN,1,0,0,0,0,NaN,NaN,46.00343786580986,NaN,NaN,NaN,0.8352469266274513,0.8488387814196979,NaN,NaN,NaN,NaN,NaN,NaN,NaN,NaN,NaN,NaN,1
2024-08-13T12:52:00-04:00,0.866652796731616,0.869399,0.863,0.8661995,0.8596010135362937,0.7988647281369573,0.8001030778583085,0,0,11174,11173,0,0,0,0,NaN,NaN,45.23720723401742,NaN,NaN,NaN,0.8466498771202332,0.8488387814196979,NaN,NaN,NaN,NaN,NaN,NaN,NaN,NaN,NaN,NaN,1,0,0,0,0,NaN,NaN,45.23720723401742,NaN,NaN,NaN,0.8466498771202332,0.8488387814196979,NaN,NaN,NaN,NaN,NaN,NaN,NaN,NaN,NaN,NaN,1
2024-08-13T12:53:00-04:00,0.866426148365808,0.866426148365808,0.8628,0.8629,0.8602008292569676,0.7998423658753243,0.8001250911143998,0,0,11174,11173,0,0,0,0,NaN,NaN,44.163124485559955,NaN,NaN,NaN,0.8466498771202332,0.8488387814196979,NaN,NaN,NaN,NaN,NaN,NaN,NaN,NaN,NaN,NaN,1,0,0,0,0,NaN,NaN,44.163124485559955,NaN,NaN,NaN,0.8466498771202332,0.8488387814196979,NaN,NaN,NaN,NaN,NaN,NaN,NaN,NaN,NaN,NaN,1
2024-08-13T12:54:00-04:00,0.864663074182904,0.869,0.8447,0.8614249999999999,0.8604234057557008,0.800782558762724,0.8006301015178204,0,0,11174,11173,0,0,0,0,NaN,NaN,42.769065372856204,NaN,NaN,NaN,0.8466498771202332,0.8488387814196979,NaN,NaN,NaN,NaN,NaN,NaN,NaN,NaN,NaN,NaN,1,0,0,0,0,NaN,NaN,42.769065372856204,NaN,NaN,NaN,0.8466498771202332,0.8488387814196979,NaN,NaN,NaN,NaN,NaN,NaN,NaN,NaN,NaN,NaN,1
2024-08-13T12:55:00-04:00,0.8630440370914519,0.8630440370914519,0.843,0.84906275,0.8583578319819369,0.8015196609190183,0.8010309256627852,0,0,11174,11173,0,0,0,0,NaN,NaN,40.250244712505186,NaN,NaN,NaN,0.8466498771202332,0.8488387814196979,NaN,NaN,NaN,NaN,NaN,NaN,NaN,NaN,NaN,NaN,1,0,0,0,0,NaN,NaN,40.250244712505186,NaN,NaN,NaN,0.8466498771202332,0.8488387814196979,NaN,NaN,NaN,NaN,NaN,NaN,NaN,NaN,NaN,NaN,1
2024-08-13T12:56:00-04:00,0.856053393545726,0.86,0.8504,0.8576,0.8582200443488575,0.8023758493019341,0.8014766277328151,0,0,11174,11173,0,0,0,0,NaN,NaN,38.43982600141665,NaN,NaN,NaN,0.8466498771202332,0.8488387814196979,NaN,NaN,NaN,NaN,NaN,NaN,NaN,NaN,NaN,NaN,1,0,0,0,0,NaN,NaN,38.43982600141665,NaN,NaN,NaN,0.8466498771202332,0.8488387814196979,NaN,NaN,NaN,NaN,NaN,NaN,NaN,NaN,NaN,NaN,1
2024-08-13T12:57:00-04:00,0.856826696772863,0.856826696772863,0.8504,0.8504500000000002,0.8568073090127016,0.8031098058011412,0.8016840298720644,0,0,11174,11173,0,0,0,0,NaN,NaN,35.92724268498383,NaN,NaN,NaN,0.8466498771202332,0.8488387814196979,NaN,NaN,NaN,NaN,NaN,NaN,NaN,NaN,NaN,NaN,1,0,0,0,0,NaN,NaN,35.92724268498383,NaN,NaN,NaN,0.8466498771202332,0.8488387814196979,NaN,NaN,NaN,NaN,NaN,NaN,NaN,NaN,NaN,NaN,1
2024-08-13T12:58:00-04:00,0.8536383483864316,0.8536383483864316,0.8504,0.8504,0.855642343737665,0.8038317934988337,0.8019771763233448,0,0,11174,11173,0,0,0,0,NaN,NaN,33.25238661758351,NaN,NaN,NaN,0.8466498771202332,0.8488387814196979,NaN,NaN,NaN,NaN,NaN,NaN,NaN,NaN,NaN,NaN,1,0,0,0,0,NaN,NaN,33.25238661758351,NaN,NaN,NaN,0.8466498771202332,0.8488387814196979,NaN,NaN,NaN,NaN,NaN,NaN,NaN,NaN,NaN,NaN,1
2024-08-13T12:59:00-04:00,0.8520191741932158,0.8595,0.8504,0.8527,0.8551073721489987,0.8045778729874011,0.8021530462801868,0,0,11174,11173,0,0,0,0,NaN,NaN,30.78651350516336,NaN,NaN,NaN,0.8466498771202332,0.8488387814196979,NaN,NaN,NaN,NaN,NaN,NaN,NaN,NaN,NaN,NaN,1,0,0,0,0,NaN,NaN,30.78651350516336,NaN,NaN,NaN,0.8466498771202332,0.8488387814196979,NaN,NaN,NaN,NaN,NaN,NaN,NaN,NaN,NaN,NaN,1
2024-08-13T13:00:00-04:00,0.8523595870966079,0.862445,0.8523595870966079,0.862445,0.8564414863037262,0.8054613405753798,0.8021598262104578,0,0,11174,11173,0,0,0,0,NaN,NaN,29.215059262953254,NaN,NaN,NaN,0.8466498771202332,0.8488387814196979,NaN,NaN,NaN,NaN,NaN,NaN,NaN,NaN,NaN,NaN,1,0,0,0,0,NaN,NaN,29.215059262953254,NaN,NaN,NaN,0.8466498771202332,0.8488387814196979,NaN,NaN,NaN,NaN,NaN,NaN,NaN,NaN,NaN,NaN,1
2024-08-13T13:02:00-04:00,0.8574022935483039,0.8574022935483039,0.8504,0.8504,0.8553430342485032,0.806147426978809,0.8021760947850144,0,0,11174,11173,0,0,0,0,NaN,NaN,26.287944890546605,NaN,NaN,NaN,0.8466498771202332,0.8488387814196979,NaN,NaN,NaN,NaN,NaN,NaN,NaN,NaN,NaN,NaN,1,0,0,0,0,NaN,NaN,26.287944890546605,NaN,NaN,NaN,0.8466498771202332,0.8488387814196979,NaN,NaN,NaN,NaN,NaN,NaN,NaN,NaN,NaN,NaN,1
2024-08-13T13:03:00-04:00,0.853901146774152,0.85613,0.853901146774152,0.85613,0.8554861189305936,0.8069105196966898,0.8021828262727582,0,0,11174,11173,0,0,0,0,NaN,NaN,23.84693483109224,NaN,NaN,NaN,0.8466498771202332,0.8488387814196979,NaN,NaN,NaN,NaN,NaN,NaN,NaN,NaN,NaN,NaN,1,0,0,0,0,NaN,NaN,23.84693483109224,NaN,NaN,NaN,0.8466498771202332,0.8488387814196979,NaN,NaN,NaN,NaN,NaN,NaN,NaN,NaN,NaN,NaN,1
2024-08-13T13:04:00-04:00,0.8550155733870759,0.8621,0.805,0.8355000000000001,0.8518522791250311,0.8073470003120076,0.8034935453485309,0,0,11174,11173,0,0,0,0,NaN,NaN,19.071115672046147,NaN,NaN,NaN,0.8466498771202332,0.8488387814196979,NaN,NaN,NaN,NaN,NaN,NaN,NaN,NaN,NaN,NaN,1,0,0,0,0,NaN,NaN,19.071115672046147,NaN,NaN,NaN,0.8466498771202332,0.8488387814196979,NaN,NaN,NaN,NaN,NaN,NaN,NaN,NaN,NaN,NaN,1
2024-08-13T13:05:00-04:00,0.845257786693538,0.8599,0.8448,0.8523499999999999,0.851942773829571,0.8080340690095341,0.803505253961297,0,0,11174,11173,0,0,0,0,NaN,NaN,16.811120952840522,NaN,NaN,NaN,0.8466498771202332,0.8488387814196979,NaN,NaN,NaN,NaN,NaN,NaN,NaN,NaN,NaN,NaN,1,0,0,0,0,NaN,NaN,16.811120952840522,NaN,NaN,NaN,0.8466498771202332,0.8488387814196979,NaN,NaN,NaN,NaN,NaN,NaN,NaN,NaN,NaN,NaN,1