time,open,high,low,close,EMA10,EMA130,VWAP,Bull_window,Bear_window,Plot,Plot,Bullish,Bullish+,Bearish,Bearish+,Bullish Exit,Bearish Exit,Trend Strength,Take Profit,Stop Loss,Bar Color Value,Trend Tracer,Trend Catcher,Smart Trail,Smart Trail Extremity,RZ R3 Band,RZ R2 Band,RZ R1 Band,RZ S1 Band,RZ S2 Band,RZ S3 Band,Neo Lead,Neo Lag,Custom Alert Condition Highlighter,Bullish,Bullish+,Bearish,Bearish+,Bullish Exit,Bearish Exit,Trend Strength,Take Profit,Stop Loss,Bar Color Value,Trend Tracer,Trend Catcher,Smart Trail,Smart Trail Extremity,RZ R3 Band,RZ R2 Band,RZ R1 Band,RZ S1 Band,RZ S2 Band,RZ S3 Band,Neo Lead,Neo Lag,Custom Alert Condition Highlighter
2024-08-09T09:41:00-04:00,2.535886028727168,2.72,2.52,2.625,2.536431169854042,2.634130668270314,2.592685621989898,0,0,19001,19544,0,0,0,0,NaN,NaN,14.019423195299865,NaN,NaN,NaN,2.524866840798097,2.5722921184,NaN,NaN,NaN,NaN,NaN,NaN,NaN,NaN,NaN,NaN,1,0,0,0,0,NaN,NaN,14.019423195299865,NaN,NaN,NaN,2.524866840798097,2.5722921184,NaN,NaN,NaN,NaN,NaN,NaN,NaN,NaN,NaN,NaN,1
2024-08-09T09:42:00-04:00,2.580443014363584,2.580443014363584,2.515,2.53375,2.535943684426034,2.6325981389837443,2.5891090367428005,0,0,19001,19545,0,0,0,0,NaN,NaN,11.60233631572218,NaN,NaN,NaN,2.524866840798097,2.5722921184,NaN,NaN,NaN,NaN,NaN,NaN,NaN,NaN,NaN,NaN,1,0,0,0,0,NaN,NaN,11.60233631572218,NaN,NaN,NaN,2.524866840798097,2.5722921184,NaN,NaN,NaN,NaN,NaN,NaN,NaN,NaN,NaN,NaN,1
2024-08-09T09:43:00-04:00,2.557096507181792,2.575,2.54,2.5575,2.5398630145303915,2.63145160251071,2.588970141711524,0,0,19001,19546,0,0,0,0,NaN,NaN,8.750541866308097,NaN,NaN,NaN,2.524866840798097,2.5722921184,NaN,NaN,NaN,NaN,NaN,NaN,NaN,NaN,NaN,NaN,1,0,0,0,0,NaN,NaN,8.750541866308097,NaN,NaN,NaN,2.524866840798097,2.5722921184,NaN,NaN,NaN,NaN,NaN,NaN,NaN,NaN,NaN,NaN,1
2024-08-09T09:44:00-04:00,2.557298253590896,2.64,2.545,2.59,2.5489788300703204,2.6308187536174166,2.589090231547076,0,0,19001,19547,0,0,0,0,NaN,NaN,6.060287803306559,NaN,NaN,NaN,2.524866840798097,2.5722921184,NaN,NaN,NaN,NaN,NaN,NaN,NaN,NaN,NaN,NaN,1,0,0,0,0,NaN,NaN,6.060287803306559,NaN,NaN,NaN,2.524866840798097,2.5722921184,NaN,NaN,NaN,NaN,NaN,NaN,NaN,NaN,NaN,NaN,1
2024-08-09T09:45:00-04:00,2.573649126795448,2.73,2.573649126795448,2.6825,2.5732554064211715,2.631607780279746,2.590060857790412,0,0,19001,19548,0,0,0,0,NaN,NaN,3.011730088282284,NaN,NaN,NaN,2.524866840798097,2.5722921184,NaN,NaN,NaN,NaN,NaN,NaN,NaN,NaN,NaN,NaN,1,0,0,0,0,NaN,NaN,3.011730088282284,NaN,NaN,NaN,2.524866840798097,2.5722921184,NaN,NaN,NaN,NaN,NaN,NaN,NaN,NaN,NaN,NaN,1
2024-08-09T09:46:00-04:00,2.628074563397724,2.75,2.628074563397724,2.74,2.6035726052536856,2.63326262332891,2.5945394469599568,0,0,19001,19549,0,0,0,0,NaN,NaN,0.7777268743211438,NaN,NaN,NaN,2.524866840798097,2.5722921184,NaN,NaN,NaN,NaN,NaN,NaN,NaN,NaN,NaN,NaN,1,0,0,0,0,NaN,NaN,0.7777268743211438,NaN,NaN,NaN,2.524866840798097,2.5722921184,NaN,NaN,NaN,NaN,NaN,NaN,NaN,NaN,NaN,NaN,1
2024-08-09T09:47:00-04:00,2.684037281698862,2.73,2.684037281698862,2.725,2.625650313389379,2.63466319396511,2.5959818766469493,0,0,19001,19550,0,0,0,0,NaN,NaN,0.02109645482651425,NaN,NaN,NaN,2.629624006365777,2.5722921184,NaN,NaN,NaN,NaN,NaN,NaN,NaN,NaN,NaN,NaN,1,0,0,0,0,NaN,NaN,0.02109645482651425,NaN,NaN,NaN,2.629624006365777,2.5722921184,NaN,NaN,NaN,NaN,NaN,NaN,NaN,NaN,NaN,NaN,1
2024-08-09T09:48:00-04:00,2.704518640849431,2.715,2.43,2.594275,2.6199457109549464,2.6340465803167876,2.5957266075066605,0,0,19001,19551,0,0,0,0,NaN,NaN,0.05981601815860484,NaN,NaN,NaN,2.629624006365777,2.5722921184,NaN,NaN,NaN,NaN,NaN,NaN,NaN,NaN,NaN,NaN,1,0,0,0,0,NaN,NaN,0.05981601815860484,NaN,NaN,NaN,2.629624006365777,2.5722921184,NaN,NaN,NaN,NaN,NaN,NaN,NaN,NaN,NaN,NaN,1
2024-08-09T09:49:00-04:00,2.6493968204247156,2.74,2.45,2.6175,2.6195010362358655,2.6337939607699665,2.5966224353098517,0,0,19001,19552,0,0,0,0,NaN,NaN,0.4432540411333543,NaN,NaN,NaN,2.629624006365777,2.5722921184,NaN,NaN,NaN,NaN,NaN,NaN,NaN,NaN,NaN,NaN,1,0,0,0,0,NaN,NaN,0.4432540411333543,NaN,NaN,NaN,2.629624006365777,2.5722921184,NaN,NaN,NaN,NaN,NaN,NaN,NaN,NaN,NaN,NaN,1
2024-08-09T09:50:00-04:00,2.633448410212358,2.68,2.5587,2.61935,2.619473575102072,2.633573442284929,2.5969077354809036,0,0,19001,19553,0,0,0,0,NaN,NaN,1.1125893471498485,NaN,NaN,NaN,2.629624006365777,2.5722921184,NaN,NaN,NaN,NaN,NaN,NaN,NaN,NaN,NaN,NaN,1,0,0,0,0,NaN,NaN,1.1125893471498485,NaN,NaN,NaN,2.629624006365777,2.5722921184,NaN,NaN,NaN,NaN,NaN,NaN,NaN,NaN,NaN,NaN,1
2024-08-09T09:51:00-04:00,2.626399205106179,2.67,2.4504,2.5602,2.60869656144715,2.6324532370592046,2.5952934990921213,0,0,19001,19554,0,0,0,0,NaN,NaN,1.571426721313908,NaN,NaN,NaN,2.629624006365777,2.5722921184,NaN,NaN,NaN,NaN,NaN,NaN,NaN,NaN,NaN,NaN,1,0,0,0,0,NaN,NaN,1.571426721313908,NaN,NaN,NaN,2.629624006365777,2.5722921184,NaN,NaN,NaN,NaN,NaN,NaN,NaN,NaN,NaN,NaN,1
2024-08-09T09:52:00-04:00,2.5932996025530892,2.67,2.5932996025530892,2.67,2.6198426411840314,2.6330264700812016,2.5953993246593194,0,0,19001,19555,0,0,0,0,NaN,NaN,2.5968086327559528,NaN,NaN,NaN,2.629624006365777,2.5722921184,NaN,NaN,NaN,NaN,NaN,NaN,NaN,NaN,NaN,NaN,1,0,0,0,0,NaN,NaN,2.5968086327559528,NaN,NaN,NaN,2.629624006365777,2.5722921184,NaN,NaN,NaN,NaN,NaN,NaN,NaN,NaN,NaN,NaN,1
2024-08-09T09:53:00-04:00,2.6316498012765446,2.67,2.504,2.626,2.620962160968753,2.632919195728817,2.5959827130172584,0,0,19001,19556,0,0,0,0,NaN,NaN,3.661240887912697,NaN,NaN,NaN,2.629624006365777,2.5722921184,NaN,NaN,NaN,NaN,NaN,NaN,NaN,NaN,NaN,NaN,1,0,0,0,0,NaN,NaN,3.661240887912697,NaN,NaN,NaN,2.629624006365777,2.5722921184,NaN,NaN,NaN,NaN,NaN,NaN,NaN,NaN,NaN,NaN,1
2024-08-09T09:54:00-04:00,2.6288249006382722,2.635,2.38,2.53,2.6044235862471616,2.6313479102978428,2.58567685491341,0,0,19001,19557,0,0,0,0,NaN,NaN,4.555276399202306,NaN,NaN,NaN,2.629624006365777,2.5722921184,NaN,NaN,NaN,NaN,NaN,NaN,NaN,NaN,NaN,NaN,1,0,0,0,0,NaN,NaN,4.555276399202306,NaN,NaN,NaN,2.629624006365777,2.5722921184,NaN,NaN,NaN,NaN,NaN,NaN,NaN,NaN,NaN,NaN,1
2024-08-09T09:55:00-04:00,2.5794124503191362,2.66,2.455,2.52375,2.5897556614749506,2.6297051941100893,2.583168763992485,0,0,19001,19558,0,0,0,0,NaN,NaN,5.392300532906349,NaN,NaN,NaN,2.629624006365777,2.5722921184,NaN,NaN,NaN,NaN,NaN,NaN,NaN,NaN,NaN,NaN,1,0,0,0,0,NaN,NaN,5.392300532906349,NaN,NaN,NaN,2.629624006365777,2.5722921184,NaN,NaN,NaN,NaN,NaN,NaN,NaN,NaN,NaN,NaN,1
2024-08-09T09:56:00-04:00,2.551581225159568,2.67,2.48,2.5650000000000004,2.585254632115869,2.6287173285511565,2.5828925860579,0,0,19001,19559,0,0,0,0,NaN,NaN,6.37358067604725,NaN,NaN,NaN,2.629624006365777,2.5722921184,NaN,NaN,NaN,NaN,NaN,NaN,NaN,NaN,NaN,NaN,1,0,0,0,0,NaN,NaN,6.37358067604725,NaN,NaN,NaN,2.629624006365777,2.5722921184,NaN,NaN,NaN,NaN,NaN,NaN,NaN,NaN,NaN,NaN,1
2024-08-09T09:57:00-04:00,2.558290612579784,2.65,2.558290612579784,2.6275,2.592935608094802,2.6286987433824365,2.5832358746798008,0,0,19001,19560,0,0,0,0,NaN,NaN,7.9106467740761035,NaN,NaN,NaN,2.629624006365777,2.5722921184,NaN,NaN,NaN,NaN,NaN,NaN,NaN,NaN,NaN,NaN,1,0,0,0,0,NaN,NaN,7.9106467740761035,NaN,NaN,NaN,2.629624006365777,2.5722921184,NaN,NaN,NaN,NaN,NaN,NaN,NaN,NaN,NaN,NaN,1
2024-08-09T09:58:00-04:00,2.592895306289892,2.6,2.592895306289892,2.6,2.594220042986656,2.628260594628506,2.583254284859267,0,0,19001,19561,0,0,0,0,NaN,NaN,9.067892697372116,NaN,NaN,NaN,2.629624006365777,2.5722921184,NaN,NaN,NaN,NaN,NaN,NaN,NaN,NaN,NaN,NaN,1,0,0,0,0,NaN,NaN,9.067892697372116,NaN,NaN,NaN,2.629624006365777,2.5722921184,NaN,NaN,NaN,NaN,NaN,NaN,NaN,NaN,NaN,NaN,1
2024-08-09T10:00:00-04:00,2.596447653144946,2.596447653144946,2.4347,2.44235,2.566607307898173,2.6254222649395214,2.582945484007057,0,0,19001,19562,0,0,0,0,NaN,NaN,8.453181262718031,NaN,NaN,NaN,2.629624006365777,2.5722921184,NaN,NaN,NaN,NaN,NaN,NaN,NaN,NaN,NaN,NaN,1,0,0,0,0,NaN,NaN,8.453181262718031,NaN,NaN,NaN,2.629624006365777,2.5722921184,NaN,NaN,NaN,NaN,NaN,NaN,NaN,NaN,NaN,NaN,1
2024-08-09T10:02:00-04:00,2.519398826572473,2.66,2.4519,2.5497,2.563533251916687,2.6242661998259407,2.5782822589686103,0,0,19001,19563,0,0,0,0,NaN,NaN,9.006174819527761,NaN,NaN,NaN,2.629624006365777,2.5722921184,NaN,NaN,NaN,NaN,NaN,NaN,NaN,NaN,NaN,NaN,1,0,0,0,0,NaN,NaN,9.006174819527761,NaN,NaN,NaN,2.629624006365777,2.5722921184,NaN,NaN,NaN,NaN,NaN,NaN,NaN,NaN,NaN,NaN,1
2024-08-09T10:04:00-04:00,2.5345494132862365,2.66,2.5345494132862365,2.62,2.5737999333863804,2.6242010670041704,2.578912422292533,0,0,19001,19564,0,0,0,0,NaN,NaN,10.961804441219622,NaN,NaN,NaN,2.629624006365777,2.5722921184,NaN,NaN,NaN,NaN,NaN,NaN,NaN,NaN,NaN,NaN,1,0,0,0,0,NaN,NaN,10.961804441219622,NaN,NaN,NaN,2.629624006365777,2.5722921184,NaN,NaN,NaN,NaN,NaN,NaN,NaN,NaN,NaN,NaN,1
2024-08-09T10:05:00-04:00,2.5772747066431183,2.5772747066431183,2.545,2.545,2.568563581861584,2.622991890408687,2.5788809858077792,0,1,19001,19565,0,0,0,0,NaN,NaN,12.207416561141425,NaN,NaN,NaN,2.629624006365777,2.5722921184,NaN,NaN,NaN,NaN,NaN,NaN,NaN,NaN,NaN,NaN,1,0,0,0,0,NaN,NaN,12.207416561141425,NaN,NaN,NaN,2.629624006365777,2.5722921184,NaN,NaN,NaN,NaN,NaN,NaN,NaN,NaN,NaN,NaN,1
2024-08-09T10:11:00-04:00,2.561137353321559,2.561137353321559,2.51,2.53125,2.5617792942503868,2.6215912508604626,2.578443506603843,0,0,19001,19566,0,0,0,0,NaN,NaN,13.410184012140103,NaN,NaN,NaN,2.629624006365777,2.5722921184,NaN,NaN,NaN,NaN,NaN,NaN,NaN,NaN,NaN,NaN,1,0,0,0,0,NaN,NaN,13.410184012140103,NaN,NaN,NaN,2.629624006365777,2.5722921184,NaN,NaN,NaN,NaN,NaN,NaN,NaN,NaN,NaN,NaN,1
2024-08-09T10:13:00-04:00,2.5461936766607796,2.5461936766607796,2.51,2.51,2.552364877113953,2.6198875676412188,2.5783807005670973,0,0,19001,19567,0,0,0,0,NaN,NaN,14.276116986992035,NaN,NaN,NaN,2.629624006365777,2.5722921184,NaN,NaN,NaN,NaN,NaN,NaN,NaN,NaN,NaN,NaN,1,0,0,0,0,NaN,NaN,14.276116986992035,NaN,NaN,NaN,2.629624006365777,2.5722921184,NaN,NaN,NaN,NaN,NaN,NaN,NaN,NaN,NaN,NaN,1
2024-08-09T10:14:00-04:00,2.5280968383303897,2.5356,2.51,2.5228,2.546989444911416,2.6184053147001314,2.578126851775732,0,0,19001,19568,0,0,0,0,NaN,NaN,15.248510445759504,NaN,NaN,NaN,2.629624006365777,2.5722921184,NaN,NaN,NaN,NaN,NaN,NaN,NaN,NaN,NaN,NaN,1,0,0,0,0,NaN,NaN,15.248510445759504,NaN,NaN,NaN,2.629624006365777,2.5722921184,NaN,NaN,NaN,NaN,NaN,NaN,NaN,NaN,NaN,NaN,1
2024-08-09T10:19:00-04:00,2.525448419165195,2.53,2.5001,2.515025,2.541177727654795,2.616826989284862,2.57761515796722,0,0,19001,19569,0,0,0,0,NaN,NaN,16.091350599479075,NaN,NaN,NaN,2.629624006365777,2.5722921184,NaN,NaN,NaN,NaN,NaN,NaN,NaN,NaN,NaN,NaN,1,0,0,0,0,NaN,NaN,16.091350599479075,NaN,NaN,NaN,2.629624006365777,2.5722921184,NaN,NaN,NaN,NaN,NaN,NaN,NaN,NaN,NaN,NaN,1
2024-08-09T10:20:00-04:00,2.5202367095825977,2.55,2.515,2.53625,2.5402817771721047,2.6155968062423454,2.5721308391163227,0,0,19001,19570,0,0,0,0,NaN,NaN,17.07898593797179,NaN,NaN,NaN,2.629624006365777,2.5722921184,NaN,NaN,NaN,NaN,NaN,NaN,NaN,NaN,NaN,NaN,1,0,0,0,0,NaN,NaN,17.07898593797179,NaN,NaN,NaN,2.629624006365777,2.5722921184,NaN,NaN,NaN,NaN,NaN,NaN,NaN,NaN,NaN,NaN,1
2024-08-09T10:21:00-04:00,2.528243354791299,2.55,2.528243354791299,2.55,2.5420487267771765,2.6145953282844467,2.571400236349128,0,0,19001,19571,0,0,0,0,NaN,NaN,17.976231323818517,NaN,NaN,NaN,2.629624006365777,2.5722921184,NaN,NaN,NaN,NaN,NaN,NaN,NaN,NaN,NaN,NaN,1,0,0,0,0,NaN,NaN,17.976231323818517,NaN,NaN,NaN,2.629624006365777,2.5722921184,NaN,NaN,NaN,NaN,NaN,NaN,NaN,NaN,NaN,NaN,1
2024-08-09T10:22:00-04:00,2.5391216773956495,2.605,2.5391216773956495,2.5854999999999997,2.5499489582722354,2.614151124799188,2.5715044702598724,0,0,19001,19572,0,0,0,0,NaN,NaN,19.223968781105533,NaN,NaN,NaN,2.629624006365777,2.5722921184,NaN,NaN,NaN,NaN,NaN,NaN,NaN,NaN,NaN,NaN,1,0,0,0,0,NaN,NaN,19.223968781105533,NaN,NaN,NaN,2.629624006365777,2.5722921184,NaN,NaN,NaN,NaN,NaN,NaN,NaN,NaN,NaN,NaN,1
2024-08-09T10:25:00-04:00,2.5623108386978246,2.585,2.5623108386978246,2.585,2.5563218749500107,2.6137060694587424,2.5715146428975237,0,0,19001,19573,0,0,0,0,NaN,NaN,20.825346042291525,NaN,NaN,NaN,2.629624006365777,2.5722921184,NaN,NaN,NaN,NaN,NaN,NaN,NaN,NaN,NaN,NaN,1,0,0,0,0,NaN,NaN,20.825346042291525,NaN,NaN,NaN,2.629624006365777,2.5722921184,NaN,NaN,NaN,NaN,NaN,NaN,NaN,NaN,NaN,NaN,1
2024-08-09T10:27:00-04:00,2.5736554193489125,2.64,2.5416,2.5907999999999998,2.5625906249590997,2.6133563584746393,2.5715581551536117,0,0,19001,19574,0,0,0,0,NaN,NaN,22.534899703823285,NaN,NaN,NaN,2.629624006365777,2.5722921184,NaN,NaN,NaN,NaN,NaN,NaN,NaN,NaN,NaN,NaN,1,0,0,0,0,NaN,NaN,22.534899703823285,NaN,NaN,NaN,2.629624006365777,2.5722921184,NaN,NaN,NaN,NaN,NaN,NaN,NaN,NaN,NaN,NaN,1
2024-08-09T10:33:00-04:00,2.582227709674456,2.61,2.582227709674456,2.61,2.5712105113301726,2.6133051163605225,2.5715870446774134,0,0,19001,19575,0,0,0,0,NaN,NaN,24.651063682009394,NaN,NaN,NaN,2.629624006365777,2.5722921184,NaN,NaN,NaN,NaN,NaN,NaN,NaN,NaN,NaN,NaN,1,0,0,0,0,NaN,NaN,24.651063682009394,NaN,NaN,NaN,2.629624006365777,2.5722921184,NaN,NaN,NaN,NaN,NaN,NaN,NaN,NaN,NaN,NaN,1
2024-08-09T10:37:00-04:00,2.596113854837228,2.596113854837228,2.575,2.575,2.5718995092701413,2.6127203054237205,2.5715896076296323,0,0,19001,19576,0,0,0,0,NaN,NaN,26.233191943245682,NaN,NaN,NaN,2.629624006365777,2.5722921184,NaN,NaN,NaN,NaN,NaN,NaN,NaN,NaN,NaN,NaN,1,0,0,0,0,NaN,NaN,26.233191943245682,NaN,NaN,NaN,2.629624006365777,2.5722921184,NaN,NaN,NaN,NaN,NaN,NaN,NaN,NaN,NaN,NaN,1
2024-08-09T10:38:00-04:00,2.5855569274186143,2.65,2.5855569274186143,2.61875,2.580417780311934,2.6128123618294654,2.572218575927092,0,0,19001,19577,0,0,0,0,NaN,NaN,28.414387784639782,NaN,NaN,NaN,2.629624006365777,2.5722921184,NaN,NaN,NaN,NaN,NaN,NaN,NaN,NaN,NaN,NaN,1,0,0,0,0,NaN,NaN,28.414387784639782,NaN,NaN,NaN,2.629624006365777,2.5722921184,NaN,NaN,NaN,NaN,NaN,NaN,NaN,NaN,NaN,NaN,1
2024-08-09T10:40:00-04:00,2.602153463709307,2.61,2.602153463709307,2.61,2.585796365709764,2.6127694250076416,2.5722465486987747,0,0,19001,19578,0,0,0,0,NaN,NaN,30.704301633006516,NaN,NaN,NaN,2.629624006365777,2.5722921184,NaN,NaN,NaN,NaN,NaN,NaN,NaN,NaN,NaN,NaN,1,0,0,0,0,NaN,NaN,30.704301633006516,NaN,NaN,NaN,2.629624006365777,2.5722921184,NaN,NaN,NaN,NaN,NaN,NaN,NaN,NaN,NaN,NaN,1
2024-08-09T10:41:00-04:00,2.606076731854653,2.606076731854653,2.5339,2.5339,2.5763606628534435,2.6115653116487465,2.5721051163648436,0,0,19001,19579,0,0,0,0,NaN,NaN,31.60170616828944,NaN,NaN,NaN,2.629624006365777,2.5722921184,NaN,NaN,NaN,NaN,NaN,NaN,NaN,NaN,NaN,NaN,1,0,0,0,0,NaN,NaN,31.60170616828944,NaN,NaN,NaN,2.629624006365777,2.5722921184,NaN,NaN,NaN,NaN,NaN,NaN,NaN,NaN,NaN,NaN,1
2024-08-09T10:42:00-04:00,2.5699883659273266,2.5699883659273266,2.53,2.53,2.5679314514255447,2.610320039715178,2.5713214520472576,0,1,19001,19580,0,0,0,0,NaN,NaN,32.42146962784302,NaN,NaN,NaN,2.629624006365777,2.5722921184,NaN,NaN,NaN,NaN,NaN,NaN,NaN,NaN,NaN,NaN,1,0,0,0,0,NaN,NaN,32.42146962784302,NaN,NaN,NaN,2.629624006365777,2.5722921184,NaN,NaN,NaN,NaN,NaN,NaN,NaN,NaN,NaN,NaN,1
2024-08-09T10:46:00-04:00,2.549994182963663,2.605,2.549994182963663,2.5749999999999997,2.5692166420754456,2.609780802467618,2.571376537408369,0,0,19001,19581,0,0,0,0,NaN,NaN,33.78359828266872,NaN,NaN,NaN,2.629624006365777,2.5722921184,NaN,NaN,NaN,NaN,NaN,NaN,NaN,NaN,NaN,NaN,1,0,0,0,0,NaN,NaN,33.78359828266872,NaN,NaN,NaN,2.629624006365777,2.5722921184,NaN,NaN,NaN,NaN,NaN,NaN,NaN,NaN,NaN,NaN,1
2024-08-09T10:47:00-04:00,2.5624970914818315,2.605,2.5624970914818315,2.5749999999999997,2.570268161698092,2.6092497978497917,2.571399643606167,0,0,19001,19582,0,0,0,0,NaN,NaN,35.49020408354113,NaN,NaN,NaN,2.629624006365777,2.5722921184,NaN,NaN,NaN,NaN,NaN,NaN,NaN,NaN,NaN,NaN,1,0,0,0,0,NaN,NaN,35.49020408354113,NaN,NaN,NaN,2.629624006365777,2.5722921184,NaN,NaN,NaN,NaN,NaN,NaN,NaN,NaN,NaN,NaN,1
2024-08-09T10:48:00-04:00,2.568748545740916,2.568748545740916,2.565,2.565,2.5693103141166205,2.6085742284169706,2.5713951124359227,0,1,19001,19583,0,0,0,0,NaN,NaN,36.27924178456027,NaN,NaN,NaN,2.629624006365777,2.5722921184,NaN,NaN,NaN,NaN,NaN,NaN,NaN,NaN,NaN,NaN,1,0,0,0,0,NaN,NaN,36.27924178456027,NaN,NaN,NaN,2.629624006365777,2.5722921184,NaN,NaN,NaN,NaN,NaN,NaN,NaN,NaN,NaN,NaN,1
2024-08-09T10:56:00-04:00,2.566874272870458,2.6099,2.535,2.564975,2.568522075186326,2.6079085913419022,2.571039088331282,0,0,19001,19584,0,0,0,0,NaN,NaN,36.583853335090225,NaN,NaN,NaN,2.629624006365777,2.5722921184,NaN,NaN,NaN,NaN,NaN,NaN,NaN,NaN,NaN,NaN,1,0,0,0,0,NaN,NaN,36.583853335090225,NaN,NaN,NaN,2.629624006365777,2.5722921184,NaN,NaN,NaN,NaN,NaN,NaN,NaN,NaN,NaN,NaN,1
2024-08-09T10:57:00-04:00,2.565924636435229,2.575,2.55,2.5625,2.5674271524251755,2.6072153304053844,2.5710219905491627,0,0,19001,19585,0,0,0,0,NaN,NaN,37.705397330003024,NaN,NaN,NaN,2.629624006365777,2.5722921184,NaN,NaN,NaN,NaN,NaN,NaN,NaN,NaN,NaN,NaN,1,0,0,0,0,NaN,NaN,37.705397330003024,NaN,NaN,NaN,2.629624006365777,2.5722921184,NaN,NaN,NaN,NaN,NaN,NaN,NaN,NaN,NaN,NaN,1
2024-08-09T10:59:00-04:00,2.5642123182176144,2.5642123182176144,2.52,2.5225,2.5592585792569618,2.6059219665824016,2.5709250293083232,0,0,19001,19586,0,0,0,0,NaN,NaN,36.50348628376814,NaN,NaN,NaN,2.629624006365777,2.5722921184,NaN,NaN,NaN,NaN,NaN,NaN,NaN,NaN,NaN,NaN,1,0,0,0,0,NaN,NaN,36.50348628376814,NaN,NaN,NaN,2.629624006365777,2.5722921184,NaN,NaN,NaN,NaN,NaN,NaN,NaN,NaN,NaN,NaN,1
2024-08-09T11:01:00-04:00,2.543356159108807,2.543356159108807,2.5,2.5075000000000003,2.549847928482969,2.6044193411383953,2.5703352996297935,0,0,19001,19587,0,0,0,0,NaN,NaN,34.0918812811635,NaN,NaN,NaN,2.629624006365777,2.5722921184,NaN,NaN,NaN,NaN,NaN,NaN,NaN,NaN,NaN,NaN,1,0,0,0,0,NaN,NaN,34.0918812811635,NaN,NaN,NaN,2.629624006365777,2.5722921184,NaN,NaN,NaN,NaN,NaN,NaN,NaN,NaN,NaN,NaN,1
2024-08-09T11:03:00-04:00,2.5254280795544037,2.54,2.5254280795544037,2.54,2.54805739603152,2.6034358397469695,2.570315294420227,0,0,19001,19588,0,0,0,0,NaN,NaN,31.250970954394898,NaN,NaN,NaN,2.629624006365777,2.5722921184,NaN,NaN,NaN,NaN,NaN,NaN,NaN,NaN,NaN,NaN,1,0,0,0,0,NaN,NaN,31.250970954394898,NaN,NaN,NaN,2.629624006365777,2.5722921184,NaN,NaN,NaN,NaN,NaN,NaN,NaN,NaN,NaN,NaN,1
2024-08-09T11:07:00-04:00,2.532714039777202,2.532714039777202,2.5,2.5,2.539319687662153,2.6018566666210616,2.5702647865512103,0,1,19001,19589,0,0,0,0,NaN,NaN,27.929127658375098,NaN,NaN,NaN,2.629624006365777,2.5722921184,NaN,NaN,NaN,NaN,NaN,NaN,NaN,NaN,NaN,NaN,1,0,0,0,0,NaN,NaN,27.929127658375098,NaN,NaN,NaN,2.629624006365777,2.5722921184,NaN,NaN,NaN,NaN,NaN,NaN,NaN,NaN,NaN,NaN,1
2024-08-09T11:08:00-04:00,2.516357019888601,2.516357019888601,2.5,2.505,2.5330797444508524,2.600377938886389,2.5701462965886517,0,0,19001,19590,0,0,0,0,NaN,NaN,25.066435841097807,NaN,NaN,NaN,2.629624006365777,2.5722921184,NaN,NaN,NaN,NaN,NaN,NaN,NaN,NaN,NaN,NaN,1,0,0,0,0,NaN,NaN,25.066435841097807,NaN,NaN,NaN,2.629624006365777,2.5722921184,NaN,NaN,NaN,NaN,NaN,NaN,NaN,NaN,NaN,NaN,1
2024-08-09T11:09:00-04:00,2.5106785099443005,2.5106785099443005,2.5,2.5,2.5270652454597884,2.5988454512698027,2.570098341506383,0,0,19001,19591,0,0,0,0,NaN,NaN,22.20834306169387,NaN,NaN,NaN,2.629624006365777,2.5722921184,NaN,NaN,NaN,NaN,NaN,NaN,NaN,NaN,NaN,NaN,1,0,0,0,0,NaN,NaN,22.20834306169387,NaN,NaN,NaN,2.629624006365777,2.5722921184,NaN,NaN,NaN,NaN,NaN,NaN,NaN,NaN,NaN,NaN,1
2024-08-09T11:10:00-04:00,2.5053392549721503,2.51,2.5053392549721503,2.51,2.523962473558009,2.5974890321664468,2.570058861823867,0,0,19001,19592,0,0,0,0,NaN,NaN,19.91020275973808,NaN,NaN,NaN,2.629624006365777,2.5722921184,NaN,NaN,NaN,NaN,NaN,NaN,NaN,NaN,NaN,NaN,1,0,0,0,0,NaN,NaN,19.91020275973808,NaN,NaN,NaN,2.629624006365777,2.5722921184,NaN,NaN,NaN,NaN,NaN,NaN,NaN,NaN,NaN,NaN,1
2024-08-09T11:12:00-04:00,2.507669627486075,2.51,2.505,2.5075,2.5209692965474617,2.5961151538127605,2.569894908469068,0,0,19001,19593,0,0,0,0,NaN,NaN,17.325263613318324,NaN,NaN,NaN,2.629624006365777,2.5722921184,NaN,NaN,NaN,NaN,NaN,NaN,NaN,NaN,NaN,NaN,1,0,0,0,0,NaN,NaN,17.325263613318324,NaN,NaN,NaN,2.629624006365777,2.5722921184,NaN,NaN,NaN,NaN,NaN,NaN,NaN,NaN,NaN,NaN,1
2024-08-09T11:17:00-04:00,2.5075848137430374,2.51,2.5075848137430374,2.51,2.5189748789933777,2.5948004186400464,2.569855691237903,0,0,19001,19594,0,0,0,0,NaN,NaN,14.760954843043114,NaN,NaN,NaN,2.629624006365777,2.5722921184,NaN,NaN,NaN,NaN,NaN,NaN,NaN,NaN,NaN,NaN,1,0,0,0,0,NaN,NaN,14.760954843043114,NaN,NaN,NaN,2.629624006365777,2.5722921184,NaN,NaN,NaN,NaN,NaN,NaN,NaN,NaN,NaN,NaN,1
2024-08-09T11:19:00-04:00,2.5087924068715184,2.5087924068715184,2.44,2.4725,2.510524900994582,2.5929332366760764,2.5675024937863,0,1,19001,19595,0,0,0,0,NaN,NaN,11.658157817069352,NaN,NaN,NaN,2.629624006365777,2.5722921184,NaN,NaN,NaN,NaN,NaN,NaN,NaN,NaN,NaN,NaN,1,0,0,0,0,NaN,NaN,11.658157817069352,NaN,NaN,NaN,2.629624006365777,2.5722921184,NaN,NaN,NaN,NaN,NaN,NaN,NaN,NaN,NaN,NaN,1
2024-08-09T11:23:00-04:00,2.4906462034357593,2.4906462034357593,2.4,2.4125,2.49270219172284,2.590178530772625,2.567189179727851,0,0,19001,19596,0,0,0,0,NaN,NaN,7.722464736156439,NaN,NaN,NaN,2.629624006365777,2.5722921184,NaN,NaN,NaN,NaN,NaN,NaN,NaN,NaN,NaN,NaN,1,0,0,0,0,NaN,NaN,7.722464736156439,NaN,NaN,NaN,2.629624006365777,2.5722921184,NaN,NaN,NaN,NaN,NaN,NaN,NaN,NaN,NaN,NaN,1
2024-08-09T11:26:00-04:00,2.4515731017178797,2.4515731017178797,2.4101,2.4101,2.477683611409596,2.587429240226478,2.566689932369729,0,0,19001,19597,0,0,0,0,NaN,NaN,4.76331501957823,NaN,NaN,NaN,2.5564152778787057,2.5722921184,NaN,NaN,NaN,NaN,NaN,NaN,NaN,NaN,NaN,NaN,1,0,0,0,0,NaN,NaN,4.76331501957823,NaN,NaN,NaN,2.5564152778787057,2.5722921184,NaN,NaN,NaN,NaN,NaN,NaN,NaN,NaN,NaN,NaN,1
2024-08-09T11:29:00-04:00,2.43083655085894,2.445,2.4,2.4250000000000003,2.468104772971488,2.5849494044978294,2.561324504335914,0,0,19001,19598,0,0,0,0,NaN,NaN,2.0733223229428677,NaN,NaN,NaN,2.513818209269445,2.5722921184,NaN,NaN,NaN,NaN,NaN,NaN,NaN,NaN,NaN,NaN,1,0,0,0,0,NaN,NaN,2.0733223229428677,NaN,NaN,NaN,2.513818209269445,2.5722921184,NaN,NaN,NaN,NaN,NaN,NaN,NaN,NaN,NaN,NaN,1
2024-08-09T11:30:00-04:00,2.4279182754294704,2.44,2.4279182754294704,2.44,2.462994814249399,2.582736436490229,2.561250353261866,0,0,19001,19599,0,0,0,0,NaN,NaN,0.5856814643433104,NaN,NaN,NaN,2.513818209269445,2.5722921184,NaN,NaN,NaN,NaN,NaN,NaN,NaN,NaN,NaN,NaN,1,0,0,0,0,NaN,NaN,0.5856814643433104,NaN,NaN,NaN,2.513818209269445,2.5722921184,NaN,NaN,NaN,NaN,NaN,NaN,NaN,NaN,NaN,NaN,1
2024-08-09T11:31:00-04:00,2.4339591377147354,2.4375,2.415,2.4231249999999998,2.455745757113145,2.5802996206659508,2.5595329361774044,0,0,19001,19600,0,0,0,0,NaN,NaN,0.00014833848566471981,NaN,NaN,NaN,2.513818209269445,2.5722921184,NaN,NaN,NaN,NaN,NaN,NaN,NaN,NaN,NaN,NaN,1,0,0,0,0,NaN,NaN,0.00014833848566471981,NaN,NaN,NaN,2.513818209269445,2.5722921184,NaN,NaN,NaN,NaN,NaN,NaN,NaN,NaN,NaN,NaN,1
2024-08-09T11:32:00-04:00,2.4285420688573676,2.4285420688573676,2.42,2.42,2.4492465285471186,2.5778522982130356,2.559448767628998,0,0,19001,19601,0,0,0,0,NaN,NaN,0.6966618353489903,NaN,NaN,NaN,2.513818209269445,2.5722921184,NaN,NaN,NaN,NaN,NaN,NaN,NaN,NaN,NaN,NaN,1,0,0,0,0,NaN,NaN,0.6966618353489903,NaN,NaN,NaN,2.513818209269445,2.5722921184,NaN,NaN,NaN,NaN,NaN,NaN,NaN,NaN,NaN,NaN,1
2024-08-09T11:33:00-04:00,2.424271034428684,2.424271034428684,2.405,2.405,2.4412017051749153,2.575213331828104,2.55935565777258,0,0,19001,19602,0,0,0,0,NaN,NaN,2.917799920832183,NaN,NaN,NaN,2.513818209269445,2.5722921184,NaN,NaN,NaN,NaN,NaN,NaN,NaN,NaN,NaN,NaN,1,0,0,0,0,NaN,NaN,2.917799920832183,NaN,NaN,NaN,2.513818209269445,2.5722921184,NaN,NaN,NaN,NaN,NaN,NaN,NaN,NaN,NaN,NaN,1
2024-08-09T11:36:00-04:00,2.414635517214342,2.414635517214342,2.38,2.3964,2.433055940597658,2.572483357296377,2.551558360407315,0,0,19001,19603,0,0,0,0,NaN,NaN,7.080469940479323,NaN,NaN,NaN,2.513818209269445,2.552738,NaN,NaN,NaN,NaN,NaN,NaN,NaN,NaN,NaN,NaN,1,0,0,0,0,NaN,NaN,7.080469940479323,NaN,NaN,NaN,2.513818209269445,2.552738,NaN,NaN,NaN,NaN,NaN,NaN,NaN,NaN,NaN,NaN,1
2024-08-09T11:41:00-04:00,2.405517758607171,2.405517758607171,2.3201,2.352525,2.4184139513980836,2.56912521443689,2.547501342928154,0,0,19001,19604,0,0,0,0,NaN,NaN,14.305759926434988,NaN,NaN,NaN,2.513818209269445,2.5254522350000004,NaN,NaN,NaN,NaN,NaN,NaN,NaN,NaN,NaN,NaN,1,0,0,0,0,NaN,NaN,14.305759926434988,NaN,NaN,NaN,2.513818209269445,2.5254522350000004,NaN,NaN,NaN,NaN,NaN,NaN,NaN,NaN,NaN,NaN,1
2024-08-09T11:42:00-04:00,2.3790213793035857,2.38,2.335,2.3575,2.407338687507523,2.56589429513251,2.5469176639833617,0,0,19001,19605,0,0,0,0,NaN,NaN,25.25086724250328,NaN,NaN,NaN,2.513818209269445,2.5254522350000004,NaN,NaN,NaN,NaN,NaN,NaN,NaN,NaN,NaN,NaN,1,0,0,0,0,NaN,NaN,25.25086724250328,NaN,NaN,NaN,2.513818209269445,2.5254522350000004,NaN,NaN,NaN,NaN,NaN,NaN,NaN,NaN,NaN,NaN,1
2024-08-09T11:46:00-04:00,2.368260689651793,2.368260689651793,2.36,2.36,2.398731653415246,2.562750870779342,2.546694744260918,0,0,19001,19606,0,0,0,0,NaN,NaN,39.61910187773157,NaN,NaN,NaN,2.513818209269445,2.5254522350000004,NaN,NaN,NaN,NaN,NaN,NaN,NaN,NaN,NaN,NaN,1,0,0,0,0,NaN,NaN,39.61910187773157,NaN,NaN,NaN,2.513818209269445,2.5254522350000004,NaN,NaN,NaN,NaN,NaN,NaN,NaN,NaN,NaN,NaN,1
2024-08-09T11:49:00-04:00,2.364130344825896,2.4,2.364130344825896,2.4,2.398962261885201,2.5602661246605734,2.5462451999452966,0,0,19001,19607,0,0,0,0,NaN,NaN,51.32063849691735,NaN,NaN,NaN,2.513818209269445,2.5254522350000004,NaN,NaN,NaN,NaN,NaN,NaN,NaN,NaN,NaN,NaN,1,0,0,0,0,NaN,NaN,51.32063849691735,NaN,NaN,NaN,2.513818209269445,2.5254522350000004,NaN,NaN,NaN,NaN,NaN,NaN,NaN,NaN,NaN,NaN,1
2024-08-09T11:50:00-04:00,2.382065172412948,2.45,2.35,2.4074,2.400496396087892,2.55793229069629,2.5413564898188885,0,0,19001,19608,0,0,0,0,NaN,NaN,51.95476070299924,NaN,NaN,NaN,2.513818209269445,2.5254522350000004,NaN,NaN,NaN,NaN,NaN,NaN,NaN,NaN,NaN,NaN,1,0,0,0,0,NaN,NaN,51.95476070299924,NaN,NaN,NaN,2.513818209269445,2.5254522350000004,NaN,NaN,NaN,NaN,NaN,NaN,NaN,NaN,NaN,NaN,1
2024-08-09T11:51:00-04:00,2.394732586206474,2.394732586206474,2.375,2.375,2.395860687708275,2.5551394312963462,2.5412669483063937,0,0,19001,19609,0,0,0,0,NaN,NaN,51.93075632653188,NaN,NaN,NaN,2.513818209269445,2.5254522350000004,NaN,NaN,NaN,NaN,NaN,NaN,NaN,NaN,NaN,NaN,1,0,0,0,0,NaN,NaN,51.93075632653188,NaN,NaN,NaN,2.513818209269445,2.5254522350000004,NaN,NaN,NaN,NaN,NaN,NaN,NaN,NaN,NaN,NaN,1
2024-08-09T11:54:00-04:00,2.384866293103237,2.44,2.384866293103237,2.415,2.3993405626704067,2.5529998979941118,2.540860481283566,0,0,19001,19610,0,0,0,0,NaN,NaN,51.115221598333896,NaN,NaN,NaN,2.513818209269445,2.5254522350000004,NaN,NaN,NaN,NaN,NaN,NaN,NaN,NaN,NaN,NaN,1,0,0,0,0,NaN,NaN,51.115221598333896,NaN,NaN,NaN,2.513818209269445,2.5254522350000004,NaN,NaN,NaN,NaN,NaN,NaN,NaN,NaN,NaN,NaN,1
2024-08-09T11:56:00-04:00,2.3999331465516187,2.3999331465516187,2.33,2.3475,2.389915005821242,2.549862494971301,2.5384023398062365,0,0,19001,19611,0,0,0,0,NaN,NaN,52.81372876712192,NaN,NaN,NaN,2.513818209269445,2.5124133509,NaN,NaN,NaN,NaN,NaN,NaN,NaN,NaN,NaN,NaN,1,0,0,0,0,NaN,NaN,52.81372876712192,NaN,NaN,NaN,2.513818209269445,2.5124133509,NaN,NaN,NaN,NaN,NaN,NaN,NaN,NaN,NaN,NaN,1
2024-08-09T11:58:00-04:00,2.3737165732758094,2.39,2.34,2.3675,2.38583955021738,2.5470783347427313,2.5343294071490616,0,0,19001,19612,0,0,0,0,NaN,NaN,56.831999455426704,NaN,NaN,NaN,2.513818209269445,2.5124133509,NaN,NaN,NaN,NaN,NaN,NaN,NaN,NaN,NaN,NaN,1,0,0,0,0,NaN,NaN,56.831999455426704,NaN,NaN,NaN,2.513818209269445,2.5124133509,NaN,NaN,NaN,NaN,NaN,NaN,NaN,NaN,NaN,NaN,1
2024-08-09T11:59:00-04:00,2.370608286637905,2.370608286637905,2.32,2.345,2.378414177450584,2.5439931693268116,2.5341172081678396,0,0,19001,19613,0,0,0,0,NaN,NaN,61.906001054868184,NaN,NaN,NaN,2.513818209269445,2.4962086493190005,NaN,NaN,NaN,NaN,NaN,NaN,NaN,NaN,NaN,NaN,1,0,0,0,0,NaN,NaN,61.906001054868184,NaN,NaN,NaN,2.513818209269445,2.4962086493190005,NaN,NaN,NaN,NaN,NaN,NaN,NaN,NaN,NaN,NaN,1
2024-08-09T12:00:00-04:00,2.3578041433189525,2.37,2.3578041433189525,2.36695,2.376329781550478,2.541290220176784,2.533600763208436,0,0,19001,19614,0,0,0,0,NaN,NaN,69.12351296056063,NaN,NaN,NaN,2.513818209269445,2.4962086493190005,NaN,NaN,NaN,NaN,NaN,NaN,NaN,NaN,NaN,NaN,1,0,0,0,0,NaN,NaN,69.12351296056063,NaN,NaN,NaN,2.513818209269445,2.4962086493190005,NaN,NaN,NaN,NaN,NaN,NaN,NaN,NaN,NaN,NaN,1
2024-08-09T12:05:00-04:00,2.362377071659476,2.362377071659476,2.33,2.335,2.3688152758140273,2.5381407511664515,2.533192566914851,0,0,19001,19615,0,0,0,0,NaN,NaN,71.22210376073859,NaN,NaN,NaN,2.4965135800160154,2.47246361140072,NaN,NaN,NaN,NaN,NaN,NaN,NaN,NaN,NaN,NaN,1,0,0,0,0,NaN,NaN,71.22210376073859,NaN,NaN,NaN,2.4965135800160154,2.47246361140072,NaN,NaN,NaN,NaN,NaN,NaN,NaN,NaN,NaN,NaN,1
2024-08-09T12:09:00-04:00,2.348688535829738,2.37,2.348688535829738,2.37,2.369030680211477,2.535573716797498,2.5331087550651468,0,0,19001,19616,0,0,0,0,NaN,NaN,71.75225546317935,NaN,NaN,NaN,2.4575899238918133,2.47246361140072,NaN,NaN,NaN,NaN,NaN,NaN,NaN,NaN,NaN,NaN,1,0,0,0,0,NaN,NaN,71.75225546317935,NaN,NaN,NaN,2.4575899238918133,2.47246361140072,NaN,NaN,NaN,NaN,NaN,NaN,NaN,NaN,NaN,NaN,1
2024-08-09T12:17:00-04:00,2.359344267914869,2.359344267914869,2.345,2.345,2.364661465627572,2.532664194403643,2.533012196439662,0,0,19001,19617,0,0,0,0,NaN,NaN,74.9625563649338,NaN,NaN,NaN,2.4323707242723533,2.47246361140072,NaN,NaN,NaN,NaN,NaN,NaN,NaN,NaN,NaN,NaN,1,0,0,0,0,NaN,NaN,74.9625563649338,NaN,NaN,NaN,2.4323707242723533,2.47246361140072,NaN,NaN,NaN,NaN,NaN,NaN,NaN,NaN,NaN,NaN,1
2024-08-09T12:19:00-04:00,2.352172133957435,2.352172133957435,2.345,2.345,2.361086653695286,2.5297990921990072,2.53291573689287,0,0,19001,19618,0,0,0,0,NaN,NaN,77.22960912737416,NaN,NaN,NaN,2.4319966268231203,2.47246361140072,NaN,NaN,NaN,NaN,NaN,NaN,NaN,NaN,NaN,NaN,1,0,0,0,0,NaN,NaN,77.22960912737416,NaN,NaN,NaN,2.4319966268231203,2.47246361140072,NaN,NaN,NaN,NaN,NaN,NaN,NaN,NaN,NaN,NaN,1
2024-08-09T12:20:00-04:00,2.3485860669787177,2.3851,2.3485860669787177,2.3851,2.3654527166597794,2.527589945753221,2.5325375232200513,0,0,19001,19619,0,0,0,0,NaN,NaN,77.99981671650511,NaN,NaN,NaN,2.4319966268231203,2.47246361140072,NaN,NaN,NaN,NaN,NaN,NaN,NaN,NaN,NaN,NaN,1,0,0,0,0,NaN,NaN,77.99981671650511,NaN,NaN,NaN,2.4319966268231203,2.47246361140072,NaN,NaN,NaN,NaN,NaN,NaN,NaN,NaN,NaN,NaN,1
2024-08-09T12:21:00-04:00,2.366843033489359,2.366843033489359,2.345,2.345,2.361734040903456,2.52480231299363,2.532441602476561,0,0,19001,19620,0,0,0,0,NaN,NaN,77.86678275105659,NaN,NaN,NaN,2.4319966268231203,2.47246361140072,NaN,NaN,NaN,NaN,NaN,NaN,NaN,NaN,NaN,NaN,1,0,0,0,0,NaN,NaN,77.86678275105659,NaN,NaN,NaN,2.4319966268231203,2.47246361140072,NaN,NaN,NaN,NaN,NaN,NaN,NaN,NaN,NaN,NaN,1
2024-08-09T12:26:00-04:00,2.3559215167446794,2.3559215167446794,2.34,2.34,2.3577823971028278,2.5219809036349483,2.5323432237376857,0,0,19001,19621,0,0,0,0,NaN,NaN,77.97885265413026,NaN,NaN,NaN,2.4319966268231203,2.47246361140072,NaN,NaN,NaN,NaN,NaN,NaN,NaN,NaN,NaN,NaN,1,0,0,0,0,NaN,NaN,77.97885265413026,NaN,NaN,NaN,2.4319966268231203,2.47246361140072,NaN,NaN,NaN,NaN,NaN,NaN,NaN,NaN,NaN,NaN,1
2024-08-09T12:29:00-04:00,2.3479607583723396,2.3479607583723396,2.325,2.325,2.35182196126595,2.51897356159472,2.5322372812485625,0,0,19001,19622,0,0,0,0,NaN,NaN,78.13645383071476,NaN,NaN,NaN,2.4319966268231203,2.446094069690612,NaN,NaN,NaN,NaN,NaN,NaN,NaN,NaN,NaN,NaN,1,0,0,0,0,NaN,NaN,78.13645383071476,NaN,NaN,NaN,2.4319966268231203,2.446094069690612,NaN,NaN,NaN,NaN,NaN,NaN,NaN,NaN,NaN,NaN,1
2024-08-09T12:30:00-04:00,2.33648037918617,2.35,2.315,2.3324749999999996,2.348304331944868,2.516126255310831,2.526487670894681,0,0,19001,19623,0,0,0,0,NaN,NaN,78.78644286157125,NaN,NaN,NaN,2.4319966268231203,2.446094069690612,NaN,NaN,NaN,NaN,NaN,NaN,NaN,NaN,NaN,NaN,1,0,0,0,0,NaN,NaN,78.78644286157125,NaN,NaN,NaN,2.4319966268231203,2.446094069690612,NaN,NaN,NaN,NaN,NaN,NaN,NaN,NaN,NaN,NaN,1
2024-08-09T12:31:00-04:00,2.3344776895930845,2.3344776895930845,2.315,2.315,2.342248998863983,2.5130556254587573,2.526382773060268,0,0,19001,19624,0,0,0,0,NaN,NaN,79.09260101530936,NaN,NaN,NaN,2.4319966268231203,2.418397137146302,NaN,NaN,NaN,NaN,NaN,NaN,NaN,NaN,NaN,NaN,1,0,0,0,0,NaN,NaN,79.09260101530936,NaN,NaN,NaN,2.4319966268231203,2.418397137146302,NaN,NaN,NaN,NaN,NaN,NaN,NaN,NaN,NaN,NaN,1
2024-08-09T12:32:00-04:00,2.324738844796542,2.324738844796542,2.3067,2.3108500000000003,2.3365400899796227,2.5099685166731276,2.5260465501317295,0,0,19001,19625,0,0,0,0,NaN,NaN,79.3283563820079,NaN,NaN,NaN,2.4319966268231203,2.394172988345579,NaN,NaN,NaN,NaN,NaN,NaN,NaN,NaN,NaN,NaN,1,0,0,0,0,NaN,NaN,79.3283563820079,NaN,NaN,NaN,2.4319966268231203,2.394172988345579,NaN,NaN,NaN,NaN,NaN,NaN,NaN,NaN,NaN,NaN,1
2024-08-09T12:33:00-04:00,2.317794422398271,2.32,2.3,2.30625,2.3310328008924186,2.506858310311706,2.519516371191335,0,1,19001,19626,0,0,0,0,NaN,NaN,80.56533178745306,NaN,NaN,NaN,2.4319966268231203,2.37132347114264,NaN,NaN,NaN,NaN,NaN,NaN,NaN,NaN,NaN,NaN,1,0,0,0,0,NaN,NaN,80.56533178745306,NaN,NaN,NaN,2.4319966268231203,2.37132347114264,NaN,NaN,NaN,NaN,NaN,NaN,NaN,NaN,NaN,NaN,1
2024-08-09T12:34:00-04:00,2.3120222111991353,2.3120222111991353,2.27,2.2875,2.3231177461847063,2.503509328474886,2.5174238543129923,0,0,19001,19627,0,0,0,1,NaN,NaN,80.56346106067753,NaN,NaN,NaN,2.4319966268231203,2.341847383934127,NaN,NaN,NaN,NaN,NaN,NaN,NaN,NaN,NaN,NaN,1,0,0,0,1,NaN,NaN,80.56346106067753,NaN,NaN,NaN,2.4319966268231203,2.341847383934127,NaN,NaN,NaN,NaN,NaN,NaN,NaN,NaN,NaN,NaN,1
2024-08-09T12:41:00-04:00,2.2997611055995675,2.2997611055995675,2.26,2.26,2.3116417923329413,2.499791628803514,2.517301332785988,0,0,19001,19628,0,0,0,0,NaN,NaN,80.66033863114612,NaN,NaN,NaN,2.4319966268231203,2.3076681687538887,NaN,NaN,NaN,NaN,NaN,NaN,NaN,NaN,NaN,NaN,1,0,0,0,0,NaN,NaN,80.66033863114612,NaN,NaN,NaN,2.4319966268231203,2.3076681687538887,NaN,NaN,NaN,NaN,NaN,NaN,NaN,NaN,NaN,NaN,1
2024-08-09T12:42:00-04:00,2.2798805527997836,2.2798805527997836,2.26,2.26,2.302252375545134,2.49613068790575,2.5166904704304263,0,0,19001,19629,0,0,0,0,NaN,NaN,82.40415403930194,NaN,NaN,NaN,2.4319966268231203,2.3076681687538887,NaN,NaN,NaN,NaN,NaN,NaN,NaN,NaN,NaN,NaN,1,0,0,0,0,NaN,NaN,82.40415403930194,NaN,NaN,NaN,2.4319966268231203,2.3076681687538887,NaN,NaN,NaN,NaN,NaN,NaN,NaN,NaN,NaN,NaN,1
2024-08-09T12:43:00-04:00,2.2699402763998915,2.2699402763998915,2.255,2.255,2.2936610345369277,2.4924493033575708,2.5165662728696514,0,0,19001,19630,0,0,0,0,NaN,NaN,84.2440886284678,NaN,NaN,NaN,2.3730930611299224,2.2886126730651055,NaN,NaN,NaN,NaN,NaN,NaN,NaN,NaN,NaN,NaN,1,0,0,0,0,NaN,NaN,84.2440886284678,NaN,NaN,NaN,2.3730930611299224,2.2886126730651055,NaN,NaN,NaN,NaN,NaN,NaN,NaN,NaN,NaN,NaN,1
2024-08-09T12:48:00-04:00,2.2624701381999457,2.2624701381999457,2.255,2.2575,2.287086300984759,2.4888622910925697,2.5161979409255704,0,0,19001,19631,0,0,0,0,NaN,NaN,85.05827419691327,NaN,NaN,NaN,2.34184877617233,2.2886126730651055,NaN,NaN,NaN,NaN,NaN,NaN,NaN,NaN,NaN,NaN,1,0,0,0,0,NaN,NaN,85.05827419691327,NaN,NaN,NaN,2.34184877617233,2.2886126730651055,NaN,NaN,NaN,NaN,NaN,NaN,NaN,NaN,NaN,NaN,1
2024-08-09T12:49:00-04:00,2.2599850690999728,2.3,2.2599850690999728,2.3,2.289434246260257,2.485978897335431,2.515993212873748,0,0,19001,19632,0,0,0,0,NaN,NaN,84.83722706484791,NaN,NaN,NaN,2.34184877617233,2.2886126730651055,NaN,NaN,NaN,NaN,NaN,NaN,NaN,NaN,NaN,NaN,1,0,0,0,0,NaN,NaN,84.83722706484791,NaN,NaN,NaN,2.34184877617233,2.2886126730651055,NaN,NaN,NaN,NaN,NaN,NaN,NaN,NaN,NaN,NaN,1
2024-08-09T12:50:00-04:00,2.2799925345499865,2.31,2.2799925345499865,2.3075,2.2927189287583922,2.4832540286738216,2.5148153128457427,0,0,19001,19633,0,0,0,0,NaN,NaN,84.63971689395633,NaN,NaN,NaN,2.34184877617233,2.2886126730651055,NaN,NaN,NaN,NaN,NaN,NaN,NaN,NaN,NaN,NaN,1,0,0,0,0,NaN,NaN,84.63971689395633,NaN,NaN,NaN,2.34184877617233,2.2886126730651055,NaN,NaN,NaN,NaN,NaN,NaN,NaN,NaN,NaN,NaN,1
2024-08-09T12:52:00-04:00,2.2937462672749933,2.3394,2.2937462672749933,2.3173500000000002,2.2971973053477757,2.48072114273987,2.5097429257356483,0,0,19001,19634,0,0,0,0,NaN,NaN,88.21724778637659,NaN,NaN,NaN,2.34184877617233,2.2886126730651055,NaN,NaN,NaN,NaN,NaN,NaN,NaN,NaN,NaN,NaN,1,0,0,0,0,NaN,NaN,88.21724778637659,NaN,NaN,NaN,2.34184877617233,2.2886126730651055,NaN,NaN,NaN,NaN,NaN,NaN,NaN,NaN,NaN,NaN,1
2024-08-09T12:59:00-04:00,2.3055481336374966,2.34,2.28,2.3162499999999997,2.30066143164818,2.478210132927048,2.4991096304653158,0,0,19001,19635,0,0,0,0,NaN,NaN,88.44326903601109,NaN,NaN,NaN,2.34184877617233,2.2886126730651055,NaN,NaN,NaN,NaN,NaN,NaN,NaN,NaN,NaN,NaN,1,0,0,0,0,NaN,NaN,88.44326903601109,NaN,NaN,NaN,2.34184877617233,2.2886126730651055,NaN,NaN,NaN,NaN,NaN,NaN,NaN,NaN,NaN,NaN,1
2024-08-09T13:04:00-04:00,2.310899066818748,2.315,2.310899066818748,2.315,2.303268444075784,2.4757183751724363,2.4990298540397426,0,0,19001,19636,0,0,0,0,NaN,NaN,87.84000296272492,NaN,NaN,NaN,2.34184877617233,2.2886126730651055,NaN,NaN,NaN,NaN,NaN,NaN,NaN,NaN,NaN,NaN,1,0,0,0,0,NaN,NaN,87.84000296272492,NaN,NaN,NaN,2.34184877617233,2.2886126730651055,NaN,NaN,NaN,NaN,NaN,NaN,NaN,NaN,NaN,NaN,1
2024-08-09T13:05:00-04:00,2.312949533409374,2.34,2.312949533409374,2.34,2.3099469087892777,2.4736463389102616,2.498686053281275,0,0,19001,19637,0,0,0,0,NaN,NaN,87.42391749622956,NaN,NaN,NaN,2.34184877617233,2.3128,NaN,NaN,NaN,NaN,NaN,NaN,NaN,NaN,NaN,NaN,1,0,0,0,0,NaN,NaN,87.42391749622956,NaN,NaN,NaN,2.34184877617233,2.3128,NaN,NaN,NaN,NaN,NaN,NaN,NaN,NaN,NaN,NaN,1
2024-08-09T13:06:00-04:00,2.326474766704687,2.345,2.326474766704687,2.3425000000000002,2.3158656526457726,2.4716441047284254,2.4982577366784806,0,0,19001,19638,0,0,0,0,NaN,NaN,87.0990617450553,NaN,NaN,NaN,2.34184877617233,2.3149035000000002,NaN,NaN,NaN,NaN,NaN,NaN,NaN,NaN,NaN,NaN,1,0,0,0,0,NaN,NaN,87.0990617450553,NaN,NaN,NaN,2.34184877617233,2.3149035000000002,NaN,NaN,NaN,NaN,NaN,NaN,NaN,NaN,NaN,NaN,1
2024-08-09T13:07:00-04:00,2.334487383352344,2.345,2.334487383352344,2.345,2.3211628067101775,2.469710606946312,2.498191682434121,0,0,19001,19639,0,0,0,0,NaN,NaN,87.07701114167816,NaN,NaN,NaN,2.34184877617233,2.3178842900000003,NaN,NaN,NaN,NaN,NaN,NaN,NaN,NaN,NaN,NaN,1,0,0,0,0,NaN,NaN,87.07701114167816,NaN,NaN,NaN,2.34184877617233,2.3178842900000003,NaN,NaN,NaN,NaN,NaN,NaN,NaN,NaN,NaN,NaN,1
2024-08-09T13:10:00-04:00,2.339743691676172,2.36,2.339743691676172,2.36,2.3282241145810545,2.4680356358478948,2.498132147334545,0,0,19001,19640,0,0,0,0,NaN,NaN,86.25020518684609,NaN,NaN,NaN,2.34184877617233,2.3284997039,NaN,NaN,NaN,NaN,NaN,NaN,NaN,NaN,NaN,NaN,1,0,0,0,0,NaN,NaN,86.25020518684609,NaN,NaN,NaN,2.34184877617233,2.3284997039,NaN,NaN,NaN,NaN,NaN,NaN,NaN,NaN,NaN,NaN,1
2024-08-09T13:12:00-04:00,2.349871845838086,2.36,2.349871845838086,2.36,2.33400154829359,2.4663862368273164,2.4980726635101496,0,0,19001,19641,0,0,0,0,NaN,NaN,85.4821297584323,NaN,NaN,NaN,2.34184877617233,2.3284997039,NaN,NaN,NaN,NaN,NaN,NaN,NaN,NaN,NaN,NaN,1,0,0,0,0,NaN,NaN,85.4821297584323,NaN,NaN,NaN,2.34184877617233,2.3284997039,NaN,NaN,NaN,NaN,NaN,NaN,NaN,NaN,NaN,NaN,1
2024-08-09T13:22:00-04:00,2.3549359229190427,2.36,2.34,2.34875,2.3366830849674827,2.464590263745983,2.4911477162222644,0,0,19001,19642,0,0,0,0,NaN,NaN,84.49242702398516,NaN,NaN,NaN,2.34184877617233,2.3284997039,NaN,NaN,NaN,NaN,NaN,NaN,NaN,NaN,NaN,NaN,1,0,0,0,0,NaN,NaN,84.49242702398516,NaN,NaN,NaN,2.34184877617233,2.3284997039,NaN,NaN,NaN,NaN,NaN,NaN,NaN,NaN,NaN,NaN,1
2024-08-09T13:23:00-04:00,2.3518429614595213,2.36,2.315,2.3337499999999998,2.3361497967915765,2.4625927024674183,2.490503991742702,0,0,19001,19643,0,0,0,0,NaN,NaN,83.55829508862854,NaN,NaN,NaN,2.34184877617233,2.3284997039,NaN,NaN,NaN,NaN,NaN,NaN,NaN,NaN,NaN,NaN,1,0,0,0,0,NaN,NaN,83.55829508862854,NaN,NaN,NaN,2.34184877617233,2.3284997039,NaN,NaN,NaN,NaN,NaN,NaN,NaN,NaN,NaN,NaN,1
2024-08-09T13:25:00-04:00,2.3427964807297608,2.3427964807297608,2.29,2.3049999999999997,2.3304861973749262,2.4601867070099006,2.4865174684149647,0,0,19001,19644,0,0,0,0,NaN,NaN,82.80365726176426,NaN,NaN,NaN,2.34184877617233,2.3284997039,NaN,NaN,NaN,NaN,NaN,NaN,NaN,NaN,NaN,NaN,1,0,0,0,0,NaN,NaN,82.80365726176426,NaN,NaN,NaN,2.34184877617233,2.3284997039,NaN,NaN,NaN,NaN,NaN,NaN,NaN,NaN,NaN,NaN,1
2024-08-09T13:26:00-04:00,2.3238982403648802,2.3238982403648802,2.305,2.305,2.325852343306758,2.457817444307459,2.486444855909048,0,0,19001,19645,0,0,0,0,NaN,NaN,81.96727249719785,NaN,NaN,NaN,2.34184877617233,2.3284997039,NaN,NaN,NaN,NaN,NaN,NaN,NaN,NaN,NaN,NaN,1,0,0,0,0,NaN,NaN,81.96727249719785,NaN,NaN,NaN,2.34184877617233,2.3284997039,NaN,NaN,NaN,NaN,NaN,NaN,NaN,NaN,NaN,NaN,1
2024-08-09T13:27:00-04:00,2.31444912018244,2.31444912018244,2.295,2.295,2.320242826341893,2.4553316817989486,2.486291810828959,0,0,19001,19646,0,0,0,0,NaN,NaN,81.2300802870464,NaN,NaN,NaN,2.34184877617233,2.3236,NaN,NaN,NaN,NaN,NaN,NaN,NaN,NaN,NaN,NaN,1,0,0,0,0,NaN,NaN,81.2300802870464,NaN,NaN,NaN,2.34184877617233,2.3236,NaN,NaN,NaN,NaN,NaN,NaN,NaN,NaN,NaN,NaN,1
2024-08-09T13:28:00-04:00,2.30472456009122,2.30472456009122,2.3,2.3,2.316562312461549,2.452960205740949,2.486217377767389,0,1,19001,19647,0,0,0,0,NaN,NaN,80.37877106195737,NaN,NaN,NaN,2.34184877617233,2.3236,NaN,NaN,NaN,NaN,NaN,NaN,NaN,NaN,NaN,NaN,1,0,0,0,0,NaN,NaN,80.37877106195737,NaN,NaN,NaN,2.34184877617233,2.3236,NaN,NaN,NaN,NaN,NaN,NaN,NaN,NaN,NaN,NaN,1
2024-08-09T13:31:00-04:00,2.30236228004561,2.3154,2.29,2.3051999999999997,2.3144964374685397,2.4507043247372704,2.4835648631118525,0,0,19001,19648,0,0,0,0,NaN,NaN,79.33057503337929,NaN,NaN,NaN,2.34184877617233,2.3236,NaN,NaN,NaN,NaN,NaN,NaN,NaN,NaN,NaN,NaN,1,0,0,0,0,NaN,NaN,79.33057503337929,NaN,NaN,NaN,2.34184877617233,2.3236,NaN,NaN,NaN,NaN,NaN,NaN,NaN,NaN,NaN,NaN,1
2024-08-09T13:36:00-04:00,2.3037811400228048,2.319,2.3,2.3095,2.3135879942924418,2.4485485335199075,2.482814298244238,0,0,19001,19649,0,0,0,0,NaN,NaN,78.331490914801,NaN,NaN,NaN,2.34184877617233,2.3236,NaN,NaN,NaN,NaN,NaN,NaN,NaN,NaN,NaN,NaN,1,0,0,0,0,NaN,NaN,78.331490914801,NaN,NaN,NaN,2.34184877617233,2.3236,NaN,NaN,NaN,NaN,NaN,NaN,NaN,NaN,NaN,NaN,1
2024-08-09T13:37:00-04:00,2.3066405700114023,2.34,2.29,2.3049999999999997,2.312026540784725,2.4463569528554814,2.478738872195857,0,1,19001,19650,0,0,0,0,NaN,NaN,77.41735125135354,NaN,NaN,NaN,2.34184877617233,2.3236,NaN,NaN,NaN,NaN,NaN,NaN,NaN,NaN,NaN,NaN,1,0,0,0,0,NaN,NaN,77.41735125135354,NaN,NaN,NaN,2.34184877617233,2.3236,NaN,NaN,NaN,NaN,NaN,NaN,NaN,NaN,NaN,NaN,1
2024-08-09T13:39:00-04:00,2.305820285005701,2.385,2.305820285005701,2.3649999999999998,2.321658078823866,2.4451148619721916,2.4771470013368924,0,0,19001,19651,0,0,0,0,NaN,NaN,74.30234315778577,NaN,NaN,NaN,2.34184877617233,2.33105,NaN,NaN,NaN,NaN,NaN,NaN,NaN,NaN,NaN,NaN,1,0,0,0,0,NaN,NaN,74.30234315778577,NaN,NaN,NaN,2.34184877617233,2.33105,NaN,NaN,NaN,NaN,NaN,NaN,NaN,NaN,NaN,NaN,1
2024-08-09T13:40:00-04:00,2.3354101425028504,2.41,2.3354101425028504,2.41,2.3377202463104356,2.4445787572092574,2.476631399573529,0,0,19001,19652,0,0,0,0,NaN,NaN,68.96759521764196,NaN,NaN,NaN,2.34184877617233,2.3552435,NaN,NaN,NaN,NaN,NaN,NaN,NaN,NaN,NaN,NaN,1,0,0,0,0,NaN,NaN,68.96759521764196,NaN,NaN,NaN,2.34184877617233,2.3552435,NaN,NaN,NaN,NaN,NaN,NaN,NaN,NaN,NaN,NaN,1
2024-08-09T13:42:00-04:00,2.372705071251425,2.408,2.372705071251425,2.3964999999999996,2.348407474253993,2.443844730381635,2.476213180355797,0,0,19001,19653,0,0,0,0,NaN,NaN,64.13035753632639,NaN,NaN,NaN,2.34184877617233,2.3552435,NaN,NaN,NaN,NaN,NaN,NaN,NaN,NaN,NaN,NaN,1,0,0,0,0,NaN,NaN,64.13035753632639,NaN,NaN,NaN,2.34184877617233,2.3552435,NaN,NaN,NaN,NaN,NaN,NaN,NaN,NaN,NaN,NaN,1
2024-08-09T13:45:00-04:00,2.3846025356257123,2.385,2.3846025356257123,2.385,2.3550606607532667,2.442946337551381,2.476179188964082,0,0,19001,19654,0,0,0,0,NaN,NaN,59.74381941315937,NaN,NaN,NaN,2.34184877617233,2.3552435,NaN,NaN,NaN,NaN,NaN,NaN,NaN,NaN,NaN,NaN,1,0,0,0,0,NaN,NaN,59.74381941315937,NaN,NaN,NaN,2.34184877617233,2.3552435,NaN,NaN,NaN,NaN,NaN,NaN,NaN,NaN,NaN,NaN,1
2024-08-09T13:46:00-04:00,2.384801267812856,2.385,2.384801267812856,2.385,2.3605041769799455,2.4420616606422,2.47614522289731,0,0,19001,19655,0,0,0,0,NaN,NaN,55.207690100611906,NaN,NaN,NaN,2.34184877617233,2.3552435,NaN,NaN,NaN,NaN,NaN,NaN,NaN,NaN,NaN,NaN,1,0,0,0,0,NaN,NaN,55.207690100611906,NaN,NaN,NaN,2.34184877617233,2.3552435,NaN,NaN,NaN,NaN,NaN,NaN,NaN,NaN,NaN,NaN,1
2024-08-09T13:47:00-04:00,2.384900633906428,2.385,2.384900633906428,2.385,2.364957962983592,2.4411904902507158,2.4761112821271896,0,0,19001,19656,0,0,0,0,NaN,NaN,50.55583694974182,NaN,NaN,NaN,2.34184877617233,2.3552435,NaN,NaN,NaN,NaN,NaN,NaN,NaN,NaN,NaN,NaN,1,0,0,0,0,NaN,NaN,50.55583694974182,NaN,NaN,NaN,2.34184877617233,2.3552435,NaN,NaN,NaN,NaN,NaN,NaN,NaN,NaN,NaN,NaN,1
2024-08-09T13:50:00-04:00,2.384950316953214,2.41,2.36,2.3899999999999997,2.369511060622939,2.440408956048415,2.4757281992607743,0,0,19001,19657,0,0,0,0,NaN,NaN,45.52743681815616,NaN,NaN,NaN,2.34184877617233,2.3552435,NaN,NaN,NaN,NaN,NaN,NaN,NaN,NaN,NaN,NaN,1,0,0,0,0,NaN,NaN,45.52743681815616,NaN,NaN,NaN,2.34184877617233,2.3552435,NaN,NaN,NaN,NaN,NaN,NaN,NaN,NaN,NaN,NaN,1
2024-08-09T13:52:00-04:00,2.3874751584766067,2.3975,2.3874751584766067,2.3975,2.3745999586914954,2.43975385748279,2.475583461952619,0,0,19001,19658,0,0,0,0,NaN,NaN,40.101727049787144,NaN,NaN,NaN,2.34184877617233,2.3552435,NaN,NaN,NaN,NaN,NaN,NaN,NaN,NaN,NaN,NaN,1,0,0,0,0,NaN,NaN,40.101727049787144,NaN,NaN,NaN,2.34184877617233,2.3552435,NaN,NaN,NaN,NaN,NaN,NaN,NaN,NaN,NaN,NaN,1
2024-08-09T13:54:00-04:00,2.3924875792383036,2.3975,2.3924875792383036,2.3975,2.378763602565769,2.439108760421984,2.4754392592394225,0,0,19001,19659,0,0,0,0,NaN,NaN,34.817767110156375,NaN,NaN,NaN,2.34184877617233,2.3552435,NaN,NaN,NaN,NaN,NaN,NaN,NaN,NaN,NaN,NaN,1,0,0,0,0,NaN,NaN,34.817767110156375,NaN,NaN,NaN,2.34184877617233,2.3552435,NaN,NaN,NaN,NaN,NaN,NaN,NaN,NaN,NaN,NaN,1
2024-08-09T13:55:00-04:00,2.3949937896191518,2.3949937896191518,2.385,2.385,2.3798974930083565,2.4382826724766105,2.4754058673507053,0,0,19001,19660,0,0,0,0,NaN,NaN,29.86597836489612,NaN,NaN,NaN,2.34184877617233,2.3552435,NaN,NaN,NaN,NaN,NaN,NaN,NaN,NaN,NaN,NaN,1,0,0,0,0,NaN,NaN,29.86597836489612,NaN,NaN,NaN,2.34184877617233,2.3552435,NaN,NaN,NaN,NaN,NaN,NaN,NaN,NaN,NaN,NaN,1
2024-08-09T13:58:00-04:00,2.389996894809576,2.395,2.36,2.38375,2.380597948825019,2.4374501125914714,2.4745675780706944,0,0,19001,19661,0,0,0,0,NaN,NaN,25.31786466583352,NaN,NaN,NaN,2.34184877617233,2.3552435,NaN,NaN,NaN,NaN,NaN,NaN,NaN,NaN,NaN,NaN,1,0,0,0,0,NaN,NaN,25.31786466583352,NaN,NaN,NaN,2.34184877617233,2.3552435,NaN,NaN,NaN,NaN,NaN,NaN,NaN,NaN,NaN,NaN,1
2024-08-09T14:06:00-04:00,2.386873447404788,2.386873447404788,2.385,2.385,2.3813983217659245,2.436649347513739,2.4745348224669206,0,0,19001,19662,0,0,0,0,NaN,NaN,20.704044828363585,NaN,NaN,NaN,2.34184877617233,2.3552435,NaN,NaN,NaN,NaN,NaN,NaN,NaN,NaN,NaN,NaN,1,0,0,0,0,NaN,NaN,20.704044828363585,NaN,NaN,NaN,2.34184877617233,2.3552435,NaN,NaN,NaN,NaN,NaN,NaN,NaN,NaN,NaN,NaN,1
2024-08-09T14:13:00-04:00,2.385936723702394,2.385936723702394,2.385,2.385,2.382053172353938,2.4358608078570407,2.4745020908123787,0,0,19001,19663,0,0,0,0,NaN,NaN,16.269443841010155,NaN,NaN,NaN,2.34184877617233,2.3552435,NaN,NaN,NaN,NaN,NaN,NaN,NaN,NaN,NaN,NaN,1,0,0,0,0,NaN,NaN,16.269443841010155,NaN,NaN,NaN,2.34184877617233,2.3552435,NaN,NaN,NaN,NaN,NaN,NaN,NaN,NaN,NaN,NaN,1
2024-08-09T14:14:00-04:00,2.385468361851197,2.385468361851197,2.385,2.385,2.3825889591986766,2.435084306973727,2.4744693830808124,0,0,19001,19664,0,0,0,0,NaN,NaN,11.877436981723633,NaN,NaN,NaN,2.34184877617233,2.3552435,NaN,NaN,NaN,NaN,NaN,NaN,NaN,NaN,NaN,NaN,1,0,0,0,0,NaN,NaN,11.877436981723633,NaN,NaN,NaN,2.34184877617233,2.3552435,NaN,NaN,NaN,NaN,NaN,NaN,NaN,NaN,NaN,NaN,1
2024-08-09T14:19:00-04:00,2.3852341809255986,2.3852341809255986,2.385,2.385,2.3830273302534626,2.4343196610657314,2.4744366992460045,0,1,19001,19665,0,0,0,0,NaN,NaN,7.8085849715686395,NaN,NaN,NaN,2.34184877617233,2.3552435,NaN,NaN,NaN,NaN,NaN,NaN,NaN,NaN,NaN,NaN,1,0,0,0,0,NaN,NaN,7.8085849715686395,NaN,NaN,NaN,2.34184877617233,2.3552435,NaN,NaN,NaN,NaN,NaN,NaN,NaN,NaN,NaN,NaN,1
2024-08-09T14:24:00-04:00,2.385117090462799,2.385117090462799,2.385,2.385,2.3833859974801057,2.4335666891410637,2.4744040392817745,0,0,19001,19666,0,0,0,0,NaN,NaN,4.183996659983252,NaN,NaN,NaN,2.34184877617233,2.3552435,NaN,NaN,NaN,NaN,NaN,NaN,NaN,NaN,NaN,NaN,1,0,0,0,0,NaN,NaN,4.183996659983252,NaN,NaN,NaN,2.34184877617233,2.3552435,NaN,NaN,NaN,NaN,NaN,NaN,NaN,NaN,NaN,NaN,1
2024-08-09T14:32:00-04:00,2.3850585452313995,2.3850585452313995,2.385,2.385,2.383679452483723,2.432825212970971,2.474371403161982,0,0,19001,19667,0,0,0,0,NaN,NaN,1.7792272464154701,NaN,NaN,NaN,2.34184877617233,2.3552435,NaN,NaN,NaN,NaN,NaN,NaN,NaN,NaN,NaN,NaN,1,0,0,0,0,NaN,NaN,1.7792272464154701,NaN,NaN,NaN,2.34184877617233,2.3552435,NaN,NaN,NaN,NaN,NaN,NaN,NaN,NaN,NaN,NaN,1
2024-08-09T14:38:00-04:00,2.3850292726156996,2.3850292726156996,2.385,2.385,2.383919552032137,2.43209505704775,2.474338790860524,0,0,19001,19668,0,0,0,0,NaN,NaN,0.7315880710761,NaN,NaN,NaN,2.34184877617233,2.3552435,NaN,NaN,NaN,NaN,NaN,NaN,NaN,NaN,NaN,NaN,1,0,0,0,0,NaN,NaN,0.7315880710761,NaN,NaN,NaN,2.34184877617233,2.3552435,NaN,NaN,NaN,NaN,NaN,NaN,NaN,NaN,NaN,NaN,1
2024-08-09T14:45:00-04:00,2.38501463630785,2.38501463630785,2.385,2.385,2.384115997117203,2.4313760485432043,2.474306202351335,0,0,19001,19669,0,0,0,0,NaN,NaN,0.14225259646423852,NaN,NaN,NaN,2.34184877617233,2.3552435,NaN,NaN,NaN,NaN,NaN,NaN,NaN,NaN,NaN,NaN,1,0,0,0,0,NaN,NaN,0.14225259646423852,NaN,NaN,NaN,2.34184877617233,2.3552435,NaN,NaN,NaN,NaN,NaN,NaN,NaN,NaN,NaN,NaN,1
2024-08-09T14:48:00-04:00,2.385007318153925,2.385007318153925,2.385,2.385,2.3842767249140753,2.4306680172677355,2.4742736376083885,0,0,19001,19670,0,0,0,0,NaN,NaN,0.03928111870810878,NaN,NaN,NaN,2.34184877617233,2.3552435,NaN,NaN,NaN,NaN,NaN,NaN,NaN,NaN,NaN,NaN,1,0,0,0,0,NaN,NaN,0.03928111870810878,NaN,NaN,NaN,2.34184877617233,2.3552435,NaN,NaN,NaN,NaN,NaN,NaN,NaN,NaN,NaN,NaN,1
2024-08-09T14:49:00-04:00,2.385003659076962,2.385003659076962,2.385,2.385,2.3844082294751523,2.42997079563006,2.4742410966056956,0,0,19001,19671,0,0,0,0,NaN,NaN,0.7982994710825377,NaN,NaN,NaN,2.34184877617233,2.3552435,NaN,NaN,NaN,NaN,NaN,NaN,NaN,NaN,NaN,NaN,1,0,0,0,0,NaN,NaN,0.7982994710825377,NaN,NaN,NaN,2.34184877617233,2.3552435,NaN,NaN,NaN,NaN,NaN,NaN,NaN,NaN,NaN,NaN,1
2024-08-09T14:51:00-04:00,2.385001829538481,2.385001829538481,2.385,2.385,2.3845158241160336,2.42928421859754,2.4742085793173048,0,0,19001,19672,0,0,0,0,NaN,NaN,2.3048069260314246,NaN,NaN,NaN,2.34184877617233,2.3552435,NaN,NaN,NaN,NaN,NaN,NaN,NaN,NaN,NaN,NaN,1,0,0,0,0,NaN,NaN,2.3048069260314246,NaN,NaN,NaN,2.34184877617233,2.3552435,NaN,NaN,NaN,NaN,NaN,NaN,NaN,NaN,NaN,NaN,1
2024-08-09T14:52:00-04:00,2.3850009147692406,2.3850009147692406,2.385,2.385,2.3846038560949365,2.4286081236571198,2.4739492916233705,0,0,19001,19673,0,0,0,0,NaN,NaN,4.61307959396177,NaN,NaN,NaN,2.34184877617233,2.3552435,NaN,NaN,NaN,NaN,NaN,NaN,NaN,NaN,NaN,NaN,1,0,0,0,0,NaN,NaN,4.61307959396177,NaN,NaN,NaN,2.34184877617233,2.3552435,NaN,NaN,NaN,NaN,NaN,NaN,NaN,NaN,NaN,NaN,1
2024-08-09T14:53:00-04:00,2.38500045738462,2.38500045738462,2.375,2.375,2.3828577004413116,2.4277896790211333,2.473877443980946,0,0,19001,19674,0,0,0,0,NaN,NaN,6.958609195747996,NaN,NaN,NaN,2.34184877617233,2.3552435,NaN,NaN,NaN,NaN,NaN,NaN,NaN,NaN,NaN,NaN,1,0,0,0,0,NaN,NaN,6.958609195747996,NaN,NaN,NaN,2.34184877617233,2.3552435,NaN,NaN,NaN,NaN,NaN,NaN,NaN,NaN,NaN,NaN,1
2024-08-09T14:59:00-04:00,2.3800002286923103,2.3800002286923103,2.375,2.375,2.3814290276338004,2.426983729723101,2.4738057006007783,0,0,19001,19675,0,0,0,0,NaN,NaN,9.481331724138267,NaN,NaN,NaN,2.34184877617233,2.3552435,NaN,NaN,NaN,NaN,NaN,NaN,NaN,NaN,NaN,NaN,1,0,0,0,0,NaN,NaN,9.481331724138267,NaN,NaN,NaN,2.34184877617233,2.3552435,NaN,NaN,NaN,NaN,NaN,NaN,NaN,NaN,NaN,NaN,1
2024-08-09T15:03:00-04:00,2.377500114346155,2.377500114346155,2.35,2.3649999999999998,2.378441931700382,2.4260374132387788,2.4725686158594313,0,0,19001,19676,0,0,0,0,NaN,NaN,10.086818631834202,NaN,NaN,NaN,2.34184877617233,2.3552435,NaN,NaN,NaN,NaN,NaN,NaN,NaN,NaN,NaN,NaN,1,0,0,0,0,NaN,NaN,10.086818631834202,NaN,NaN,NaN,2.34184877617233,2.3552435,NaN,NaN,NaN,NaN,NaN,NaN,NaN,NaN,NaN,NaN,1
2024-08-09T15:04:00-04:00,2.3712500571730777,2.3712500571730777,2.32,2.335,2.370543398663949,2.4246475290671943,2.4717592790645426,0,0,19001,19677,0,0,0,0,NaN,NaN,9.752827747228206,NaN,NaN,NaN,2.34184877617233,2.3552435,NaN,NaN,NaN,NaN,NaN,NaN,NaN,NaN,NaN,NaN,1,0,0,0,0,NaN,NaN,9.752827747228206,NaN,NaN,NaN,2.34184877617233,2.3552435,NaN,NaN,NaN,NaN,NaN,NaN,NaN,NaN,NaN,NaN,1
2024-08-09T15:05:00-04:00,2.353125028586539,2.353125028586539,2.34,2.34,2.364990053452322,2.4233552003791456,2.4703648140667878,0,0,19001,19678,0,0,0,0,NaN,NaN,9.741826634729996,NaN,NaN,NaN,2.34184877617233,2.3552435,NaN,NaN,NaN,NaN,NaN,NaN,NaN,NaN,NaN,NaN,1,0,0,0,0,NaN,NaN,9.741826634729996,NaN,NaN,NaN,2.34184877617233,2.3552435,NaN,NaN,NaN,NaN,NaN,NaN,NaN,NaN,NaN,NaN,1
2024-08-09T15:06:00-04:00,2.3465625142932693,2.3465625142932693,2.29,2.3175,2.3563554982791723,2.421739090449693,2.470147793581455,0,0,19001,19679,0,0,0,0,NaN,NaN,10.597367195257275,NaN,NaN,NaN,2.34184877617233,2.3552435,NaN,NaN,NaN,NaN,NaN,NaN,NaN,NaN,NaN,NaN,1,0,0,0,0,NaN,NaN,10.597367195257275,NaN,NaN,NaN,2.34184877617233,2.3552435,NaN,NaN,NaN,NaN,NaN,NaN,NaN,NaN,NaN,NaN,1
2024-08-09T15:13:00-04:00,2.3320312571466344,2.3320312571466344,2.305,2.30875,2.3476999531375045,2.4200140661680183,2.4698028404277372,0,0,19001,19680,0,0,0,0,NaN,NaN,11.59386611679368,NaN,NaN,NaN,2.34184877617233,2.3552435,NaN,NaN,NaN,NaN,NaN,NaN,NaN,NaN,NaN,NaN,1,0,0,0,0,NaN,NaN,11.59386611679368,NaN,NaN,NaN,2.34184877617233,2.3552435,NaN,NaN,NaN,NaN,NaN,NaN,NaN,NaN,NaN,NaN,1
2024-08-09T15:14:00-04:00,2.320390628573317,2.33,2.28,2.3074999999999997,2.3403908707488674,2.418296294165453,2.465681393100021,0,0,19001,19681,0,0,0,0,NaN,NaN,11.041242612363252,NaN,NaN,NaN,2.34184877617233,2.3552435,NaN,NaN,NaN,NaN,NaN,NaN,NaN,NaN,NaN,NaN,1,0,0,0,0,NaN,NaN,11.041242612363252,NaN,NaN,NaN,2.34184877617233,2.3552435,NaN,NaN,NaN,NaN,NaN,NaN,NaN,NaN,NaN,NaN,1
2024-08-09T15:21:00-04:00,2.3139453142866584,2.33,2.3139453142866584,2.33,2.3385016215218006,2.4169482591400264,2.4653091463435457,0,0,19001,19682,0,0,0,0,NaN,NaN,13.853943926305758,NaN,NaN,NaN,2.34184877617233,2.3552435,NaN,NaN,NaN,NaN,NaN,NaN,NaN,NaN,NaN,NaN,1,0,0,0,0,NaN,NaN,13.853943926305758,NaN,NaN,NaN,2.34184877617233,2.3552435,NaN,NaN,NaN,NaN,NaN,NaN,NaN,NaN,NaN,NaN,1
2024-08-09T15:35:00-04:00,2.3219726571433292,2.35,2.3219726571433292,2.35,2.340592235790564,2.4159261483134613,2.46526976319043,0,0,19001,19683,0,0,0,0,NaN,NaN,14.165278937369127,NaN,NaN,NaN,2.34184877617233,2.3552435,NaN,NaN,NaN,NaN,NaN,NaN,NaN,NaN,NaN,NaN,1,0,0,0,0,NaN,NaN,14.165278937369127,NaN,NaN,NaN,2.34184877617233,2.3552435,NaN,NaN,NaN,NaN,NaN,NaN,NaN,NaN,NaN,NaN,1
2024-08-09T15:42:00-04:00,2.3359863285716647,2.3359863285716647,2.3047,2.3047,2.334066374737734,2.4142280391789046,2.46503428993104,0,1,19001,19684,0,0,0,0,NaN,NaN,13.210372634045214,NaN,NaN,NaN,2.34184877617233,2.3552435,NaN,NaN,NaN,NaN,NaN,NaN,NaN,NaN,NaN,NaN,1,0,0,0,0,NaN,NaN,13.210372634045214,NaN,NaN,NaN,2.34184877617233,2.3552435,NaN,NaN,NaN,NaN,NaN,NaN,NaN,NaN,NaN,NaN,1
2024-08-09T15:44:00-04:00,2.3203431642858323,2.35,2.3203431642858323,2.34,2.3351452156945096,2.4130947866723567,2.464949063878152,0,0,19001,19685,0,0,0,0,NaN,NaN,13.029076698549794,NaN,NaN,NaN,2.34184877617233,2.3552435,NaN,NaN,NaN,NaN,NaN,NaN,NaN,NaN,NaN,NaN,1,0,0,0,0,NaN,NaN,13.029076698549794,NaN,NaN,NaN,2.34184877617233,2.3552435,NaN,NaN,NaN,NaN,NaN,NaN,NaN,NaN,NaN,NaN,1
2024-08-09T15:45:00-04:00,2.330171582142916,2.35,2.3244,2.3372,2.3355188128409625,2.411936087639191,2.464827272998112,0,0,19001,19686,0,0,0,0,NaN,NaN,13.796439227561555,NaN,NaN,NaN,2.34184877617233,2.3552435,NaN,NaN,NaN,NaN,NaN,NaN,NaN,NaN,NaN,NaN,1,0,0,0,0,NaN,NaN,13.796439227561555,NaN,NaN,NaN,2.34184877617233,2.3552435,NaN,NaN,NaN,NaN,NaN,NaN,NaN,NaN,NaN,NaN,1
2024-08-09T15:47:00-04:00,2.333685791071458,2.335,2.333685791071458,2.335,2.3354244832335147,2.410761490881341,2.464738924473796,0,0,19001,19687,0,0,0,0,NaN,NaN,12.975311556418609,NaN,NaN,NaN,2.34184877617233,2.3552435,NaN,NaN,NaN,NaN,NaN,NaN,NaN,NaN,NaN,NaN,1,0,0,0,0,NaN,NaN,12.975311556418609,NaN,NaN,NaN,2.34184877617233,2.3552435,NaN,NaN,NaN,NaN,NaN,NaN,NaN,NaN,NaN,NaN,1
2024-08-09T15:49:00-04:00,2.334342895535729,2.335,2.334342895535729,2.335,2.335347304463785,2.40960482689842,2.4646947952877216,0,0,19001,19688,0,0,0,0,NaN,NaN,13.841927153504427,NaN,NaN,NaN,2.34184877617233,2.3552435,NaN,NaN,NaN,NaN,NaN,NaN,NaN,NaN,NaN,NaN,1,0,0,0,0,NaN,NaN,13.841927153504427,NaN,NaN,NaN,2.34184877617233,2.3552435,NaN,NaN,NaN,NaN,NaN,NaN,NaN,NaN,NaN,NaN,1
2024-08-09T15:50:00-04:00,2.3346714477678647,2.35,2.32,2.335,2.3352841581976422,2.4084658219076043,2.459564727333014,0,0,19001,19689,0,0,0,0,NaN,NaN,13.511869144300146,NaN,NaN,NaN,2.34184877617233,2.3552435,NaN,NaN,NaN,NaN,NaN,NaN,NaN,NaN,NaN,NaN,1,0,0,0,0,NaN,NaN,13.511869144300146,NaN,NaN,NaN,2.34184877617233,2.3552435,NaN,NaN,NaN,NaN,NaN,NaN,NaN,NaN,NaN,NaN,1
2024-08-09T15:51:00-04:00,2.3348357238839323,2.35,2.3348357238839323,2.35,2.337959765798071,2.4075732139395494,2.4595289459546827,0,0,19001,19690,0,0,0,0,NaN,NaN,13.878872488299656,NaN,NaN,NaN,2.34184877617233,2.3552435,NaN,NaN,NaN,NaN,NaN,NaN,NaN,NaN,NaN,NaN,1,0,0,0,0,NaN,NaN,13.878872488299656,NaN,NaN,NaN,2.34184877617233,2.3552435,NaN,NaN,NaN,NaN,NaN,NaN,NaN,NaN,NaN,NaN,1
2024-08-09T15:52:00-04:00,2.342417861941966,2.342417861941966,2.28,2.3024999999999998,2.331512535652967,2.4059690427343656,2.458181629707694,0,1,19001,19691,0,0,0,0,NaN,NaN,13.979629750584907,NaN,NaN,NaN,2.34184877617233,2.3552435,NaN,NaN,NaN,NaN,NaN,NaN,NaN,NaN,NaN,NaN,1,0,0,0,0,NaN,NaN,13.979629750584907,NaN,NaN,NaN,2.34184877617233,2.3552435,NaN,NaN,NaN,NaN,NaN,NaN,NaN,NaN,NaN,NaN,1
2024-08-09T15:53:00-04:00,2.322458930970983,2.322458930970983,2.255,2.2725,2.3207829837160636,2.403931347425444,2.4554164673471,0,0,19001,19692,0,0,0,0,NaN,NaN,10.598048794505496,NaN,NaN,NaN,2.34184877617233,2.3371250000000003,NaN,NaN,NaN,NaN,NaN,NaN,NaN,NaN,NaN,NaN,1,0,0,0,0,NaN,NaN,10.598048794505496,NaN,NaN,NaN,2.34184877617233,2.3371250000000003,NaN,NaN,NaN,NaN,NaN,NaN,NaN,NaN,NaN,NaN,1
2024-08-09T15:54:00-04:00,2.2974794654854915,2.2974794654854915,2.24,2.25,2.307913350313143,2.4015812505181855,2.4542406302127917,0,0,19001,19693,0,0,0,0,NaN,NaN,6.787808854650488,NaN,NaN,NaN,2.34184877617233,2.3235987500000004,NaN,NaN,NaN,NaN,NaN,NaN,NaN,NaN,NaN,NaN,1,0,0,0,0,NaN,NaN,6.787808854650488,NaN,NaN,NaN,2.34184877617233,2.3235987500000004,NaN,NaN,NaN,NaN,NaN,NaN,NaN,NaN,NaN,NaN,1
2024-08-09T15:55:00-04:00,2.2737397327427455,2.2737397327427455,2.24,2.24585,2.2966291048016623,2.3992036741743963,2.451949114983878,0,0,19001,19694,0,0,0,0,NaN,NaN,3.621596794282764,NaN,NaN,NaN,2.34184877617233,2.316983325,NaN,NaN,NaN,NaN,NaN,NaN,NaN,NaN,NaN,NaN,1,0,0,0,0,NaN,NaN,3.621596794282764,NaN,NaN,NaN,2.34184877617233,2.316983325,NaN,NaN,NaN,NaN,NaN,NaN,NaN,NaN,NaN,NaN,1
2024-08-09T15:56:00-04:00,2.2597948663713727,2.26,2.24,2.2475,2.287696540292269,2.3968875875457796,2.4508736780158604,0,0,19001,19695,0,0,0,0,NaN,NaN,1.7218628797626472,NaN,NaN,NaN,2.34184877617233,2.316983325,NaN,NaN,NaN,NaN,NaN,NaN,NaN,NaN,NaN,NaN,1,0,0,0,0,NaN,NaN,1.7218628797626472,NaN,NaN,NaN,2.34184877617233,2.316983325,NaN,NaN,NaN,NaN,NaN,NaN,NaN,NaN,NaN,NaN,1
2024-08-09T15:57:00-04:00,2.2536474331856864,2.2536474331856864,2.21,2.225,2.2762971693300385,2.3942633495679813,2.4503814590065427,0,0,19001,19696,0,0,0,0,NaN,NaN,0.3012186567973148,NaN,NaN,NaN,2.34184877617233,2.2992180757500003,NaN,NaN,NaN,NaN,NaN,NaN,NaN,NaN,NaN,NaN,1,0,0,0,0,NaN,NaN,0.3012186567973148,NaN,NaN,NaN,2.34184877617233,2.2992180757500003,NaN,NaN,NaN,NaN,NaN,NaN,NaN,NaN,NaN,NaN,1
2024-08-09T15:58:00-04:00,2.2393237165928435,2.28,2.22,2.25125,2.271743138542759,2.392079939650913,2.44941353468653,0,0,19001,19697,0,0,0,0,NaN,NaN,0.0010279473426136928,NaN,NaN,NaN,2.34184877617233,2.2992180757500003,NaN,NaN,NaN,NaN,NaN,NaN,NaN,NaN,NaN,NaN,1,0,0,0,0,NaN,NaN,0.0010279473426136928,NaN,NaN,NaN,2.34184877617233,2.2992180757500003,NaN,NaN,NaN,NaN,NaN,NaN,NaN,NaN,NaN,NaN,1
2024-08-09T15:59:00-04:00,2.2452868582964216,2.3,2.24,2.27,2.2714262042622573,2.39021612377838,2.431981473600742,0,0,19001,19698,0,0,0,0,NaN,NaN,0.26592413248039337,NaN,NaN,NaN,2.34184877617233,2.2992180757500003,NaN,NaN,NaN,NaN,NaN,NaN,NaN,NaN,NaN,NaN,1,0,0,0,0,NaN,NaN,0.26592413248039337,NaN,NaN,NaN,2.34184877617233,2.2992180757500003,NaN,NaN,NaN,NaN,NaN,NaN,NaN,NaN,NaN,NaN,1
2024-08-09T16:00:00-04:00,2.257643429148211,2.3,2.257643429148211,2.3,2.276621439850938,2.3888387783771834,2.4305887615472317,0,0,19001,19699,0,0,0,0,NaN,NaN,0.8902745114668563,NaN,NaN,NaN,2.34184877617233,2.2992180757500003,NaN,NaN,NaN,NaN,NaN,NaN,NaN,NaN,NaN,NaN,1,0,0,0,0,NaN,NaN,0.8902745114668563,NaN,NaN,NaN,2.34184877617233,2.2992180757500003,NaN,NaN,NaN,NaN,NaN,NaN,NaN,NaN,NaN,NaN,1
2024-08-12T09:30:00-04:00,2.2788217145741054,2.33,2.2788217145741054,2.33,2.286326632605313,2.3879404764172265,2.33,0,0,19001,19700,0,0,0,0,NaN,NaN,1.9267266117372042,NaN,NaN,NaN,2.34184877617233,2.2992180757500003,NaN,NaN,NaN,NaN,NaN,NaN,NaN,NaN,NaN,NaN,1,0,0,0,0,NaN,NaN,1.9267266117372042,NaN,NaN,NaN,2.34184877617233,2.2992180757500003,NaN,NaN,NaN,NaN,NaN,NaN,NaN,NaN,NaN,NaN,1
2024-08-12T09:31:00-04:00,2.3044108572870527,2.31,2.3044108572870527,2.31,2.290630881222529,2.386750545479559,2.3287541528239206,0,0,19001,19701,0,0,0,0,NaN,NaN,3.8482799411846798,NaN,NaN,NaN,2.34184877617233,2.2992180757500003,NaN,NaN,NaN,NaN,NaN,NaN,NaN,NaN,NaN,NaN,1,0,0,0,0,NaN,NaN,3.8482799411846798,NaN,NaN,NaN,2.34184877617233,2.2992180757500003,NaN,NaN,NaN,NaN,NaN,NaN,NaN,NaN,NaN,NaN,1
2024-08-12T09:35:00-04:00,2.3072054286435266,2.32,2.3072054286435266,2.315,2.29506163009116,2.3856551173042986,2.3274604966139956,0,0,19001,19702,0,0,0,0,NaN,NaN,6.629948741757046,NaN,NaN,NaN,2.34184877617233,2.2992180757500003,NaN,NaN,NaN,NaN,NaN,NaN,NaN,NaN,NaN,NaN,1,0,0,0,0,NaN,NaN,6.629948741757046,NaN,NaN,NaN,2.34184877617233,2.2992180757500003,NaN,NaN,NaN,NaN,NaN,NaN,NaN,NaN,NaN,NaN,1
2024-08-12T09:36:00-04:00,2.3111027143217635,2.35,2.31,2.34,2.303232242801858,2.3849580926126297,2.336193032552827,0,0,19001,19703,0,0,0,0,NaN,NaN,9.476882480041958,NaN,NaN,NaN,2.34184877617233,2.2992180757500003,NaN,NaN,NaN,NaN,NaN,NaN,NaN,NaN,NaN,NaN,1,0,0,0,0,NaN,NaN,9.476882480041958,NaN,NaN,NaN,2.34184877617233,2.2992180757500003,NaN,NaN,NaN,NaN,NaN,NaN,NaN,NaN,NaN,NaN,1
2024-08-12T09:37:00-04:00,2.3255513571608817,2.35,2.31,2.33,2.308099107746975,2.384119037763582,2.33501804720037,0,0,19001,19704,0,0,0,0,NaN,NaN,11.332574925033212,NaN,NaN,NaN,2.34184877617233,2.2992180757500003,NaN,NaN,NaN,NaN,NaN,NaN,NaN,NaN,NaN,NaN,1,0,0,0,0,NaN,NaN,11.332574925033212,NaN,NaN,NaN,2.34184877617233,2.2992180757500003,NaN,NaN,NaN,NaN,NaN,NaN,NaN,NaN,NaN,NaN,1
2024-08-12T09:40:00-04:00,2.3277756785804407,2.345,2.3277756785804407,2.3375000000000004,2.3134447245202523,2.3834072967290236,2.33504080696928,0,0,19001,19705,0,0,0,0,NaN,NaN,12.76061082574233,NaN,NaN,NaN,2.34184877617233,2.2992180757500003,NaN,NaN,NaN,NaN,NaN,NaN,NaN,NaN,NaN,NaN,1,0,0,0,0,NaN,NaN,12.76061082574233,NaN,NaN,NaN,2.34184877617233,2.2992180757500003,NaN,NaN,NaN,NaN,NaN,NaN,NaN,NaN,NaN,NaN,1
2024-08-12T09:43:00-04:00,2.3326378392902205,2.3326378392902205,2.315,2.31875,2.314409320062025,2.382420162427817,2.3332568797974846,0,0,19001,19706,0,0,0,0,NaN,NaN,14.578712834591826,NaN,NaN,NaN,2.34184877617233,2.2992180757500003,NaN,NaN,NaN,NaN,NaN,NaN,NaN,NaN,NaN,NaN,1,0,0,0,0,NaN,NaN,14.578712834591826,NaN,NaN,NaN,2.34184877617233,2.2992180757500003,NaN,NaN,NaN,NaN,NaN,NaN,NaN,NaN,NaN,NaN,1
2024-08-12T09:45:00-04:00,2.3256939196451105,2.3256939196451105,2.31,2.3112500000000002,2.3138348982325656,2.381333595062507,2.3328166013124196,0,0,19001,19707,0,0,0,0,NaN,NaN,16.8701815324244,NaN,NaN,NaN,2.34184877617233,2.2992180757500003,NaN,NaN,NaN,NaN,NaN,NaN,NaN,NaN,NaN,NaN,1,0,0,0,0,NaN,NaN,16.8701815324244,NaN,NaN,NaN,2.34184877617233,2.2992180757500003,NaN,NaN,NaN,NaN,NaN,NaN,NaN,NaN,NaN,NaN,1
2024-08-12T09:47:00-04:00,2.3184719598225554,2.3184719598225554,2.3,2.305025,2.3122330985539175,2.380168578343995,2.326410790381181,0,0,19001,19708,0,0,0,0,NaN,NaN,19.634319568856295,NaN,NaN,NaN,2.34184877617233,2.2992180757500003,NaN,NaN,NaN,NaN,NaN,NaN,NaN,NaN,NaN,NaN,1,0,0,0,0,NaN,NaN,19.634319568856295,NaN,NaN,NaN,2.34184877617233,2.2992180757500003,NaN,NaN,NaN,NaN,NaN,NaN,NaN,NaN,NaN,NaN,1
2024-08-12T09:48:00-04:00,2.3117484799112775,2.3117484799112775,2.29,2.29,2.3081907169986597,2.3787919588272928,2.3260775413387025,0,0,19001,19709,0,0,0,0,NaN,NaN,21.72545096264292,NaN,NaN,NaN,2.34184877617233,2.2992180757500003,NaN,NaN,NaN,NaN,NaN,NaN,NaN,NaN,NaN,NaN,1,0,0,0,0,NaN,NaN,21.72545096264292,NaN,NaN,NaN,2.34184877617233,2.2992180757500003,NaN,NaN,NaN,NaN,NaN,NaN,NaN,NaN,NaN,NaN,1
2024-08-12T09:50:00-04:00,2.300874239955639,2.300874239955639,2.26,2.2824999999999998,2.303519677544358,2.3773218525856548,2.323478416100066,0,0,19001,19710,0,0,0,0,NaN,NaN,23.95219303753195,NaN,NaN,NaN,2.34184877617233,2.2992180757500003,NaN,NaN,NaN,NaN,NaN,NaN,NaN,NaN,NaN,NaN,1,0,0,0,0,NaN,NaN,23.95219303753195,NaN,NaN,NaN,2.34184877617233,2.2992180757500003,NaN,NaN,NaN,NaN,NaN,NaN,NaN,NaN,NaN,NaN,1
2024-08-12T09:51:00-04:00,2.2916871199778193,2.2916871199778193,2.29,2.29,2.3010615543544746,2.375988694530912,2.3233826458220097,0,0,19001,19711,0,0,0,0,NaN,NaN,25.76366668256485,NaN,NaN,NaN,2.34184877617233,2.2992180757500003,NaN,NaN,NaN,NaN,NaN,NaN,NaN,NaN,NaN,NaN,1,0,0,0,0,NaN,NaN,25.76366668256485,NaN,NaN,NaN,2.34184877617233,2.2992180757500003,NaN,NaN,NaN,NaN,NaN,NaN,NaN,NaN,NaN,NaN,1
2024-08-12T09:52:00-04:00,2.2908435599889097,2.2908435599889097,2.275,2.275,2.2963230899263882,2.374446882400669,2.323107408197514,0,1,19001,19712,0,0,0,0,NaN,NaN,27.303726782737687,NaN,NaN,NaN,2.34184877617233,2.2992180757500003,NaN,NaN,NaN,NaN,NaN,NaN,NaN,NaN,NaN,NaN,1,0,0,0,0,NaN,NaN,27.303726782737687,NaN,NaN,NaN,2.34184877617233,2.2992180757500003,NaN,NaN,NaN,NaN,NaN,NaN,NaN,NaN,NaN,NaN,1
2024-08-12T09:55:00-04:00,2.282921779994455,2.282921779994455,2.25,2.25375,2.2885825281215904,2.372604181906002,2.317991072792897,0,0,19001,19713,0,0,0,0,NaN,NaN,29.374317384935367,NaN,NaN,NaN,2.34184877617233,2.2992180757500003,NaN,NaN,NaN,NaN,NaN,NaN,NaN,NaN,NaN,NaN,1,0,0,0,0,NaN,NaN,29.374317384935367,NaN,NaN,NaN,2.34184877617233,2.2992180757500003,NaN,NaN,NaN,NaN,NaN,NaN,NaN,NaN,NaN,NaN,1
2024-08-12T09:56:00-04:00,2.2683358899972275,2.2683358899972275,2.22,2.2225,2.276567523008574,2.370312515006674,2.316995259014,0,0,19001,19714,0,0,0,0,NaN,NaN,32.5051970063685,NaN,NaN,NaN,2.34184877617233,2.28891190666,NaN,NaN,NaN,NaN,NaN,NaN,NaN,NaN,NaN,NaN,1,0,0,0,0,NaN,NaN,32.5051970063685,NaN,NaN,NaN,2.34184877617233,2.28891190666,NaN,NaN,NaN,NaN,NaN,NaN,NaN,NaN,NaN,NaN,1
2024-08-12T09:59:00-04:00,2.245417944998614,2.245417944998614,2.19,2.205,2.263555246097924,2.3677886598157323,2.313323931462289,0,0,19001,19715,0,0,0,0,NaN,NaN,36.52256819946905,NaN,NaN,NaN,2.34184877617233,2.2688876206610002,NaN,NaN,NaN,NaN,NaN,NaN,NaN,NaN,NaN,NaN,1,0,0,0,0,NaN,NaN,36.52256819946905,NaN,NaN,NaN,2.34184877617233,2.2688876206610002,NaN,NaN,NaN,NaN,NaN,NaN,NaN,NaN,NaN,NaN,1
2024-08-12T10:03:00-04:00,2.225208972499307,2.225208972499307,2.195,2.1975000000000002,2.251545201352847,2.3651888329483164,2.3104140256643477,0,0,19001,19716,0,0,0,0,NaN,NaN,42.32168787803882,NaN,NaN,NaN,2.34184877617233,2.2529628489420204,NaN,NaN,NaN,NaN,NaN,NaN,NaN,NaN,NaN,NaN,1,0,0,0,0,NaN,NaN,42.32168787803882,NaN,NaN,NaN,2.34184877617233,2.2529628489420204,NaN,NaN,NaN,NaN,NaN,NaN,NaN,NaN,NaN,NaN,1
2024-08-12T10:04:00-04:00,2.211354486249654,2.211354486249654,2.195,2.1987500000000004,2.2419460738341477,2.3626477820636094,2.307669549683484,0,0,19001,19717,0,0,0,0,NaN,NaN,48.06272880699477,NaN,NaN,NaN,2.3374629088833405,2.2529628489420204,NaN,NaN,NaN,NaN,NaN,NaN,NaN,NaN,NaN,NaN,1,0,0,0,0,NaN,NaN,48.06272880699477,NaN,NaN,NaN,2.3374629088833405,2.2529628489420204,NaN,NaN,NaN,NaN,NaN,NaN,NaN,NaN,NaN,NaN,1
2024-08-12T10:08:00-04:00,2.205052243124827,2.205052243124827,2.19,2.19,2.23250133313703,2.3600119380626383,2.30682913293972,0,0,19001,19718,0,0,0,0,NaN,NaN,54.49363235392571,NaN,NaN,NaN,2.2610642392093445,2.236778150664196,NaN,NaN,NaN,NaN,NaN,NaN,NaN,NaN,NaN,NaN,1,0,0,0,0,NaN,NaN,54.49363235392571,NaN,NaN,NaN,2.2610642392093445,2.236778150664196,NaN,NaN,NaN,NaN,NaN,NaN,NaN,NaN,NaN,NaN,1
2024-08-12T10:14:00-04:00,2.1975261215624133,2.1975261215624133,2.1301,2.1775249999999997,2.2225056362030244,2.3572258779395447,2.2933208980044344,0,1,19001,19719,0,0,0,0,NaN,NaN,60.39374293026816,NaN,NaN,NaN,2.248823896576969,2.217816894504789,NaN,NaN,NaN,NaN,NaN,NaN,NaN,NaN,NaN,NaN,1,0,0,0,0,NaN,NaN,60.39374293026816,NaN,NaN,NaN,2.248823896576969,2.217816894504789,NaN,NaN,NaN,NaN,NaN,NaN,NaN,NaN,NaN,NaN,1
2024-08-12T10:16:00-04:00,2.1875255607812063,2.1875255607812063,2.15,2.15,2.20932279325702,2.3540621240778723,2.287459582038279,0,0,19001,19720,0,0,0,0,NaN,NaN,65.4227423952768,NaN,NaN,NaN,2.2212707507509197,2.1894597079884957,NaN,NaN,NaN,NaN,NaN,NaN,NaN,NaN,NaN,NaN,1,0,0,0,0,NaN,NaN,65.4227423952768,NaN,NaN,NaN,2.2212707507509197,2.1894597079884957,NaN,NaN,NaN,NaN,NaN,NaN,NaN,NaN,NaN,NaN,1
2024-08-12T10:17:00-04:00,2.168762780390603,2.168762780390603,2.14,2.1425,2.197173194483016,2.3508321679850805,2.2859983077608192,0,0,19001,19721,0,0,0,0,NaN,NaN,69.93822034100505,NaN,NaN,NaN,2.2136660713255836,2.172746795591947,NaN,NaN,NaN,NaN,NaN,NaN,NaN,NaN,NaN,NaN,1,0,0,0,0,NaN,NaN,69.93822034100505,NaN,NaN,NaN,2.2136660713255836,2.172746795591947,NaN,NaN,NaN,NaN,NaN,NaN,NaN,NaN,NaN,NaN,1
2024-08-12T10:19:00-04:00,2.1556313901953015,2.1556313901953015,2.135,2.135,2.185868977304286,2.347537020382255,2.2856932729990707,0,0,19001,19722,0,0,0,0,NaN,NaN,74.54941620981054,NaN,NaN,NaN,2.205990765633163,2.1577778530466043,NaN,NaN,NaN,NaN,NaN,NaN,NaN,NaN,NaN,NaN,1,0,0,0,0,NaN,NaN,74.54941620981054,NaN,NaN,NaN,2.205990765633163,2.1577778530466043,NaN,NaN,NaN,NaN,NaN,NaN,NaN,NaN,NaN,NaN,1
2024-08-12T10:21:00-04:00,2.1453156950976506,2.15,2.1,2.12875,2.175483708703507,2.344196760529091,2.263987800059185,0,0,19001,19723,0,0,0,0,NaN,NaN,75.91951170080836,NaN,NaN,NaN,2.1998233118049977,2.1453278259498267,NaN,NaN,NaN,NaN,NaN,NaN,NaN,NaN,NaN,NaN,1,0,0,0,0,NaN,NaN,75.91951170080836,NaN,NaN,NaN,2.1998233118049977,2.1453278259498267,NaN,NaN,NaN,NaN,NaN,NaN,NaN,NaN,NaN,NaN,1
2024-08-12T10:22:00-04:00,2.1370328475488254,2.1599,2.13,2.1449499999999997,2.169932125302869,2.3411548252538377,2.2618031723654757,0,0,19001,19724,0,0,0,0,NaN,NaN,76.29496131962765,NaN,NaN,NaN,2.1998233118049977,2.1453278259498267,NaN,NaN,NaN,NaN,NaN,NaN,NaN,NaN,NaN,NaN,1,0,0,0,0,NaN,NaN,76.29496131962765,NaN,NaN,NaN,2.1998233118049977,2.1453278259498267,NaN,NaN,NaN,NaN,NaN,NaN,NaN,NaN,NaN,NaN,1
2024-08-12T10:28:00-04:00,2.1409914237744125,2.155,2.13,2.1425,2.164944466156893,2.338121927158359,2.259625617775839,0,0,19001,19725,0,0,0,0,NaN,NaN,76.958385210188,NaN,NaN,NaN,2.1998233118049977,2.1453278259498267,NaN,NaN,NaN,NaN,NaN,NaN,NaN,NaN,NaN,NaN,1,0,0,0,0,NaN,NaN,76.958385210188,NaN,NaN,NaN,2.1998233118049977,2.1453278259498267,NaN,NaN,NaN,NaN,NaN,NaN,NaN,NaN,NaN,NaN,1
2024-08-12T10:30:00-04:00,2.1417457118872063,2.1899,2.1417457118872063,2.1899,2.1694818359465486,2.3358589969727355,2.2594960205961154,0,0,19001,19726,0,0,0,0,NaN,NaN,77.69835287988533,NaN,NaN,NaN,2.1998233118049977,2.1712492500000002,NaN,NaN,NaN,NaN,NaN,NaN,NaN,NaN,NaN,NaN,1,0,0,0,0,NaN,NaN,77.69835287988533,NaN,NaN,NaN,2.1998233118049977,2.1712492500000002,NaN,NaN,NaN,NaN,NaN,NaN,NaN,NaN,NaN,NaN,1
2024-08-12T10:31:00-04:00,2.1658228559436035,2.2,2.16,2.18,2.1713942294108124,2.333479470301396,2.259229357821131,0,0,19001,19727,0,0,0,0,NaN,NaN,78.45048476873919,NaN,NaN,NaN,2.1998233118049977,2.1712492500000002,NaN,NaN,NaN,NaN,NaN,NaN,NaN,NaN,NaN,NaN,1,0,0,0,0,NaN,NaN,78.45048476873919,NaN,NaN,NaN,2.1998233118049977,2.1712492500000002,NaN,NaN,NaN,NaN,NaN,NaN,NaN,NaN,NaN,NaN,1
2024-08-12T10:35:00-04:00,2.172911427971802,2.2,2.172911427971802,2.1999000000000004,2.176577096790665,2.3314400890754206,2.258818352143721,0,0,19001,19728,0,0,0,0,NaN,NaN,78.81329417300165,NaN,NaN,NaN,2.1998233118049977,2.1769587725000004,NaN,NaN,NaN,NaN,NaN,NaN,NaN,NaN,NaN,NaN,1,0,0,0,0,NaN,NaN,78.81329417300165,NaN,NaN,NaN,2.1998233118049977,2.1769587725000004,NaN,NaN,NaN,NaN,NaN,NaN,NaN,NaN,NaN,NaN,1
2024-08-12T10:39:00-04:00,2.1864057139859012,2.2,2.1864057139859012,2.2,2.1808358064650895,2.3294333701582386,2.2575769070408827,0,0,19001,19729,0,0,0,0,NaN,NaN,78.94914402870053,NaN,NaN,NaN,2.1998233118049977,2.17838824615,NaN,NaN,NaN,NaN,NaN,NaN,NaN,NaN,NaN,NaN,1,0,0,0,0,NaN,NaN,78.94914402870053,NaN,NaN,NaN,2.1998233118049977,2.17838824615,NaN,NaN,NaN,NaN,NaN,NaN,NaN,NaN,NaN,NaN,1
2024-08-12T10:41:00-04:00,2.1932028569929507,2.2,2.1932028569929507,2.2,2.1843202052896187,2.32745728817109,2.2562982320748732,0,0,19001,19730,0,0,0,0,NaN,NaN,78.82825900067718,NaN,NaN,NaN,2.1998233118049977,2.17838824615,NaN,NaN,NaN,NaN,NaN,NaN,NaN,NaN,NaN,NaN,1,0,0,0,0,NaN,NaN,78.82825900067718,NaN,NaN,NaN,2.1998233118049977,2.17838824615,NaN,NaN,NaN,NaN,NaN,NaN,NaN,NaN,NaN,NaN,1
2024-08-12T10:42:00-04:00,2.1966014284964754,2.2,2.18,2.19,2.1853528952369605,2.3253587036188597,2.254524424528739,0,0,19001,19731,0,0,0,0,NaN,NaN,78.79499161004118,NaN,NaN,NaN,2.1998233118049977,2.17838824615,NaN,NaN,NaN,NaN,NaN,NaN,NaN,NaN,NaN,NaN,1,0,0,0,0,NaN,NaN,78.79499161004118,NaN,NaN,NaN,2.1998233118049977,2.17838824615,NaN,NaN,NaN,NaN,NaN,NaN,NaN,NaN,NaN,NaN,1
2024-08-12T10:43:00-04:00,2.1933007142482377,2.2,2.19,2.1925,2.1866523688302406,2.323330326464373,2.2537368998262353,0,0,19001,19732,0,0,0,0,NaN,NaN,78.84604667310076,NaN,NaN,NaN,2.1998233118049977,2.17838824615,NaN,NaN,NaN,NaN,NaN,NaN,NaN,NaN,NaN,NaN,1,0,0,0,0,NaN,NaN,78.84604667310076,NaN,NaN,NaN,2.1998233118049977,2.17838824615,NaN,NaN,NaN,NaN,NaN,NaN,NaN,NaN,NaN,NaN,1
2024-08-12T10:44:00-04:00,2.1929003571241186,2.2,2.19,2.1925,2.1877155744974695,2.321332916900032,2.2507196917659336,0,0,19001,19733,0,0,0,0,NaN,NaN,78.81462086654454,NaN,NaN,NaN,2.1998233118049977,2.17838824615,NaN,NaN,NaN,NaN,NaN,NaN,NaN,NaN,NaN,NaN,1,0,0,0,0,NaN,NaN,78.81462086654454,NaN,NaN,NaN,2.1998233118049977,2.17838824615,NaN,NaN,NaN,NaN,NaN,NaN,NaN,NaN,NaN,NaN,1
2024-08-12T10:45:00-04:00,2.1927001785620592,2.1927001785620592,2.19,2.19,2.1881309245888385,2.319327834199268,2.2505442165419183,0,0,19001,19734,0,0,0,0,NaN,NaN,78.70328252432674,NaN,NaN,NaN,2.1998233118049977,2.17838824615,NaN,NaN,NaN,NaN,NaN,NaN,NaN,NaN,NaN,NaN,1,0,0,0,0,NaN,NaN,78.70328252432674,NaN,NaN,NaN,2.1998233118049977,2.17838824615,NaN,NaN,NaN,NaN,NaN,NaN,NaN,NaN,NaN,NaN,1
2024-08-12T10:49:00-04:00,2.1913500892810296,2.2,2.19,2.195,2.189379847390868,2.3174296993259964,2.2503841605913033,0,0,19001,19735,0,0,0,0,NaN,NaN,78.37415006541744,NaN,NaN,NaN,2.1998233118049977,2.17838824615,NaN,NaN,NaN,NaN,NaN,NaN,NaN,NaN,NaN,NaN,1,0,0,0,0,NaN,NaN,78.37415006541744,NaN,NaN,NaN,2.1998233118049977,2.17838824615,NaN,NaN,NaN,NaN,NaN,NaN,NaN,NaN,NaN,NaN,1
2024-08-12T10:50:00-04:00,2.1931750446405145,2.2,2.1931750446405145,2.2,2.191310784228892,2.315636879488958,2.250275505348209,0,0,19001,19736,0,0,0,0,NaN,NaN,77.81199220610101,NaN,NaN,NaN,2.1998233118049977,2.17838824615,NaN,NaN,NaN,NaN,NaN,NaN,NaN,NaN,NaN,NaN,1,0,0,0,0,NaN,NaN,77.81199220610101,NaN,NaN,NaN,2.1998233118049977,2.17838824615,NaN,NaN,NaN,NaN,NaN,NaN,NaN,NaN,NaN,NaN,1
2024-08-12T10:51:00-04:00,2.1965875223202573,2.1965875223202573,2.19,2.19,2.191072459823639,2.313718759191417,2.2501889722349833,0,0,19001,19737,0,0,0,0,NaN,NaN,77.3907120477079,NaN,NaN,NaN,2.1998233118049977,2.17838824615,NaN,NaN,NaN,NaN,NaN,NaN,NaN,NaN,NaN,NaN,1,0,0,0,0,NaN,NaN,77.3907120477079,NaN,NaN,NaN,2.1998233118049977,2.17838824615,NaN,NaN,NaN,NaN,NaN,NaN,NaN,NaN,NaN,NaN,1
2024-08-12T10:52:00-04:00,2.1932937611601284,2.1932937611601284,2.14,2.165,2.186332012582977,2.3114482437839143,2.2461654249134853,0,0,19001,19738,0,0,0,0,NaN,NaN,77.35681938085179,NaN,NaN,NaN,2.1998233118049977,2.17838824615,NaN,NaN,NaN,NaN,NaN,NaN,NaN,NaN,NaN,NaN,1,0,0,0,0,NaN,NaN,77.35681938085179,NaN,NaN,NaN,2.1998233118049977,2.17838824615,NaN,NaN,NaN,NaN,NaN,NaN,NaN,NaN,NaN,NaN,1
2024-08-12T10:53:00-04:00,2.1791468805800642,2.1791468805800642,2.17,2.17,2.1833625557497083,2.309288728611641,2.246061386578153,0,0,19001,19739,0,0,0,0,NaN,NaN,77.14526420736223,NaN,NaN,NaN,2.1998233118049977,2.17838824615,NaN,NaN,NaN,NaN,NaN,NaN,NaN,NaN,NaN,NaN,1,0,0,0,0,NaN,NaN,77.14526420736223,NaN,NaN,NaN,2.1998233118049977,2.17838824615,NaN,NaN,NaN,NaN,NaN,NaN,NaN,NaN,NaN,NaN,1
2024-08-12T10:54:00-04:00,2.174573440290032,2.19,2.17,2.1799999999999997,2.182751181977034,2.307314854892379,2.2457247234453144,0,0,19001,19740,0,0,0,0,NaN,NaN,76.63027183922583,NaN,NaN,NaN,2.1998233118049977,2.17838824615,NaN,NaN,NaN,NaN,NaN,NaN,NaN,NaN,NaN,NaN,1,0,0,0,0,NaN,NaN,76.63027183922583,NaN,NaN,NaN,2.1998233118049977,2.17838824615,NaN,NaN,NaN,NaN,NaN,NaN,NaN,NaN,NaN,NaN,1
2024-08-12T10:55:00-04:00,2.177286720145016,2.177286720145016,2.17,2.17,2.1804327852539367,2.305218444894022,2.2456219538841538,0,0,19001,19741,0,0,0,0,NaN,NaN,76.23709836786108,NaN,NaN,NaN,2.1998233118049977,2.17838824615,NaN,NaN,NaN,NaN,NaN,NaN,NaN,NaN,NaN,NaN,1,0,0,0,0,NaN,NaN,76.23709836786108,NaN,NaN,NaN,2.1998233118049977,2.17838824615,NaN,NaN,NaN,NaN,NaN,NaN,NaN,NaN,NaN,NaN,1
2024-08-12T10:56:00-04:00,2.173643360072508,2.173643360072508,2.1401,2.1401,2.173099551571403,2.3026975526055637,2.244209041427883,0,0,19001,19742,0,0,0,0,NaN,NaN,76.22238279604896,NaN,NaN,NaN,2.1998233118049977,2.1673545,NaN,NaN,NaN,NaN,NaN,NaN,NaN,NaN,NaN,NaN,1,0,0,0,0,NaN,NaN,76.22238279604896,NaN,NaN,NaN,2.1998233118049977,2.1673545,NaN,NaN,NaN,NaN,NaN,NaN,NaN,NaN,NaN,NaN,1
2024-08-12T10:57:00-04:00,2.1568716800362537,2.17,2.1568716800362537,2.17,2.1725359967402387,2.300671635771891,2.2421794651229425,0,0,19001,19743,0,0,0,0,NaN,NaN,75.63292260855114,NaN,NaN,NaN,2.1998233118049977,2.1673545,NaN,NaN,NaN,NaN,NaN,NaN,NaN,NaN,NaN,NaN,1,0,0,0,0,NaN,NaN,75.63292260855114,NaN,NaN,NaN,2.1998233118049977,2.1673545,NaN,NaN,NaN,NaN,NaN,NaN,NaN,NaN,NaN,NaN,1
2024-08-12T10:58:00-04:00,2.163435840018127,2.17,2.14,2.1550000000000002,2.169347633696559,2.2984476413326256,2.2406808536101477,0,0,19001,19744,0,0,0,0,NaN,NaN,75.26771720254821,NaN,NaN,NaN,2.1998233118049977,2.1673545,NaN,NaN,NaN,NaN,NaN,NaN,NaN,NaN,NaN,NaN,1,0,0,0,0,NaN,NaN,75.26771720254821,NaN,NaN,NaN,2.1998233118049977,2.1673545,NaN,NaN,NaN,NaN,NaN,NaN,NaN,NaN,NaN,NaN,1
2024-08-12T11:04:00-04:00,2.1592179200090635,2.1592179200090635,2.1253,2.1253,2.161338973024457,2.2958041658924326,2.2405333586868985,0,1,19001,19745,0,0,0,0,NaN,NaN,75.22652848376381,NaN,NaN,NaN,2.1998233118049977,2.1589148650000003,NaN,NaN,NaN,NaN,NaN,NaN,NaN,NaN,NaN,NaN,1,0,0,0,0,NaN,NaN,75.22652848376381,NaN,NaN,NaN,2.1998233118049977,2.1589148650000003,NaN,NaN,NaN,NaN,NaN,NaN,NaN,NaN,NaN,NaN,1
2024-08-12T11:05:00-04:00,2.142258960004532,2.142258960004532,2.125,2.125,2.1547318870200103,2.2931964687032353,2.2402005410882952,0,0,19001,19746,0,0,0,0,NaN,NaN,75.20232374700788,NaN,NaN,NaN,2.1998233118049977,2.1567389731000004,NaN,NaN,NaN,NaN,NaN,NaN,NaN,NaN,NaN,NaN,1,0,0,0,0,NaN,NaN,75.20232374700788,NaN,NaN,NaN,2.1998233118049977,2.1567389731000004,NaN,NaN,NaN,NaN,NaN,NaN,NaN,NaN,NaN,NaN,1
2024-08-12T11:11:00-04:00,2.133629480002266,2.133629480002266,2.1,2.1102499999999997,2.1466442711981903,2.2904033928451706,2.231170032735554,0,0,19001,19747,0,0,0,0,NaN,NaN,75.23035201496008,NaN,NaN,NaN,2.1998233118049977,2.145843715521,NaN,NaN,NaN,NaN,NaN,NaN,NaN,NaN,NaN,NaN,1,0,0,0,0,NaN,NaN,75.23035201496008,NaN,NaN,NaN,2.1998233118049977,2.145843715521,NaN,NaN,NaN,NaN,NaN,NaN,NaN,NaN,NaN,NaN,1
2024-08-12T11:12:00-04:00,2.1219397400011326,2.13,1.96,2.0525,2.1295271309803376,2.2867712799773052,2.187841297707181,0,0,19001,19748,0,0,0,0,NaN,NaN,75.0730088945542,NaN,NaN,NaN,2.1998233118049977,2.1092324696584805,NaN,NaN,NaN,NaN,NaN,NaN,NaN,NaN,NaN,NaN,1,0,0,0,0,NaN,NaN,75.0730088945542,NaN,NaN,NaN,2.1998233118049977,2.1092324696584805,NaN,NaN,NaN,NaN,NaN,NaN,NaN,NaN,NaN,NaN,1
2024-08-12T11:13:00-04:00,2.0872198700005664,2.0872198700005664,1.985,1.99625,2.105294925347549,2.2823358405883387,2.1840863924636,0,0,19001,19749,0,0,0,0,NaN,NaN,74.43772763606826,NaN,NaN,NaN,2.178650799154953,2.068378849209708,NaN,NaN,NaN,NaN,NaN,NaN,NaN,NaN,NaN,NaN,1,0,0,0,0,NaN,NaN,74.43772763606826,NaN,NaN,NaN,2.178650799154953,2.068378849209708,NaN,NaN,NaN,NaN,NaN,NaN,NaN,NaN,NaN,NaN,1
2024-08-12T11:14:00-04:00,2.0417349350002834,2.0417349350002834,1.996,1.996,2.085423120738904,2.277964301037372,2.1835906847112776,0,0,19001,19750,0,0,0,0,NaN,NaN,74.15421008910815,NaN,NaN,NaN,2.065213487812914,2.0552481563519605,NaN,NaN,NaN,NaN,NaN,NaN,NaN,NaN,NaN,NaN,1,0,0,0,0,NaN,NaN,74.15421008910815,NaN,NaN,NaN,2.065213487812914,2.0552481563519605,NaN,NaN,NaN,NaN,NaN,NaN,NaN,NaN,NaN,NaN,1
2024-08-12T11:15:00-04:00,2.018867467500142,2.018867467500142,1.97,1.98875,2.0678461896954667,2.2735488155253507,2.175105328034148,0,0,19001,19751,0,0,0,0,NaN,NaN,74.48771293089254,NaN,NaN,NaN,2.0580450107144745,2.038419793518049,NaN,NaN,NaN,NaN,NaN,NaN,NaN,NaN,NaN,NaN,1,0,0,0,0,NaN,NaN,74.48771293089254,NaN,NaN,NaN,2.0580450107144745,2.038419793518049,NaN,NaN,NaN,NaN,NaN,NaN,NaN,NaN,NaN,NaN,1
2024-08-12T11:16:00-04:00,2.0038087337500707,2.0038087337500707,1.98,1.98,2.051874155205382,2.2690671542196204,2.174778003053384,0,0,19001,19752,0,0,0,0,NaN,NaN,75.10880952237333,NaN,NaN,NaN,2.0491568620812157,2.0210740430737175,NaN,NaN,NaN,NaN,NaN,NaN,NaN,NaN,NaN,NaN,1,0,0,0,0,NaN,NaN,75.10880952237333,NaN,NaN,NaN,2.0491568620812157,2.0210740430737175,NaN,NaN,NaN,NaN,NaN,NaN,NaN,NaN,NaN,NaN,1
2024-08-12T11:18:00-04:00,1.9919043668750354,1.9919043668750354,1.88,1.93,2.0297152178953124,2.263890556445275,2.155064211671063,0,0,19001,19753,0,0,0,0,NaN,NaN,75.1141576181689,NaN,NaN,NaN,1.9997902409809662,1.9782340514438137,NaN,NaN,NaN,NaN,NaN,NaN,NaN,NaN,NaN,NaN,1,0,0,0,0,NaN,NaN,75.1141576181689,NaN,NaN,NaN,1.9997902409809662,1.9782340514438137,NaN,NaN,NaN,NaN,NaN,NaN,NaN,NaN,NaN,NaN,1
2024-08-12T11:19:00-04:00,1.9609521834375176,1.975,1.92,1.9387499999999998,2.0131760873688918,2.2589265784842785,2.15291682804649,0,0,19001,19754,0,0,0,0,NaN,NaN,75.21011452490897,NaN,NaN,NaN,1.9997902409809662,1.9782340514438137,NaN,NaN,NaN,NaN,NaN,NaN,NaN,NaN,NaN,NaN,1,0,0,0,0,NaN,NaN,75.21011452490897,NaN,NaN,NaN,1.9997902409809662,1.9782340514438137,NaN,NaN,NaN,NaN,NaN,NaN,NaN,NaN,NaN,NaN,1
2024-08-12T11:21:00-04:00,1.9498510917187586,1.9686,1.93,1.9493,2.0015622533018207,2.254199455148641,2.149252293144563,0,0,19001,19755,0,0,0,0,NaN,NaN,75.33109700689165,NaN,NaN,NaN,1.9997902409809662,1.9782340514438137,NaN,NaN,NaN,NaN,NaN,NaN,NaN,NaN,NaN,NaN,1,0,0,0,0,NaN,NaN,75.33109700689165,NaN,NaN,NaN,1.9997902409809662,1.9782340514438137,NaN,NaN,NaN,NaN,NaN,NaN,NaN,NaN,NaN,NaN,1
2024-08-12T11:23:00-04:00,1.9495755458593793,1.995,1.94,1.9675,1.9953691163378533,2.249822364230341,2.1436873958681653,0,0,19001,19756,0,0,0,0,NaN,NaN,76.37007127218108,NaN,NaN,NaN,1.9997902409809662,1.9782340514438137,NaN,NaN,NaN,NaN,NaN,NaN,NaN,NaN,NaN,NaN,1,0,0,0,0,NaN,NaN,76.37007127218108,NaN,NaN,NaN,1.9997902409809662,1.9782340514438137,NaN,NaN,NaN,NaN,NaN,NaN,NaN,NaN,NaN,NaN,1
2024-08-12T11:25:00-04:00,1.9585377729296898,2.01,1.9585377729296898,2.01,1.998029277003698,2.2461609540894196,2.143590285909375,0,0,19001,19757,0,0,0,0,NaN,NaN,76.76137867857182,NaN,NaN,NaN,1.9997902409809662,1.9782340514438137,NaN,NaN,NaN,NaN,NaN,NaN,NaN,NaN,NaN,NaN,1,0,0,0,0,NaN,NaN,76.76137867857182,NaN,NaN,NaN,1.9997902409809662,1.9782340514438137,NaN,NaN,NaN,NaN,NaN,NaN,NaN,NaN,NaN,NaN,1
2024-08-12T11:26:00-04:00,1.9842688864648448,2.03,1.9842688864648448,2.01,2.000205772093935,2.242555443339963,2.1418661200579354,0,0,19001,19758,0,0,0,0,NaN,NaN,77.11035857994733,NaN,NaN,NaN,1.9997902409809662,1.9782340514438137,NaN,NaN,NaN,NaN,NaN,NaN,NaN,NaN,NaN,NaN,1,0,0,0,0,NaN,NaN,77.11035857994733,NaN,NaN,NaN,1.9997902409809662,1.9782340514438137,NaN,NaN,NaN,NaN,NaN,NaN,NaN,NaN,NaN,NaN,1
2024-08-12T11:28:00-04:00,1.9971344432324223,2.01,1.9971344432324223,2.01,2.0019865408041286,2.2390049785561468,2.1417716370749322,0,0,19001,19759,0,0,0,0,NaN,NaN,77.4046728643665,NaN,NaN,NaN,1.9997902409809662,1.9782340514438137,NaN,NaN,NaN,NaN,NaN,NaN,NaN,NaN,NaN,NaN,1,0,0,0,0,NaN,NaN,77.4046728643665,NaN,NaN,NaN,1.9997902409809662,1.9782340514438137,NaN,NaN,NaN,NaN,NaN,NaN,NaN,NaN,NaN,NaN,1
2024-08-12T11:30:00-04:00,2.003567221616211,2.01,2.003567221616211,2.01,2.0034435333851963,2.2355087193415493,2.140834201015893,0,0,19001,19760,0,0,0,0,NaN,NaN,77.61423993093798,NaN,NaN,NaN,1.9997902409809662,1.9782340514438137,NaN,NaN,NaN,NaN,NaN,NaN,NaN,NaN,NaN,NaN,1,0,0,0,0,NaN,NaN,77.61423993093798,NaN,NaN,NaN,1.9997902409809662,1.9782340514438137,NaN,NaN,NaN,NaN,NaN,NaN,NaN,NaN,NaN,NaN,1
2024-08-12T11:33:00-04:00,2.0067836108081054,2.03,2.0067836108081054,2.01875,2.0062265273151607,2.2321994259164875,2.1399718173855304,0,0,19001,19761,0,0,0,0,NaN,NaN,77.65754446833093,NaN,NaN,NaN,1.9997902409809662,1.9782340514438137,NaN,NaN,NaN,NaN,NaN,NaN,NaN,NaN,NaN,NaN,1,0,0,0,0,NaN,NaN,77.65754446833093,NaN,NaN,NaN,1.9997902409809662,1.9782340514438137,NaN,NaN,NaN,NaN,NaN,NaN,NaN,NaN,NaN,NaN,1
2024-08-12T11:34:00-04:00,2.012766805404053,2.07,2.012766805404053,2.0599999999999996,2.016003522348768,2.2295704270475336,2.1379885806593832,0,0,19001,19762,0,0,0,0,NaN,NaN,76.88860010297218,NaN,NaN,NaN,1.9997902409809662,2.0145,NaN,NaN,NaN,NaN,NaN,NaN,NaN,NaN,NaN,NaN,1,0,0,0,0,NaN,NaN,76.88860010297218,NaN,NaN,NaN,1.9997902409809662,2.0145,NaN,NaN,NaN,NaN,NaN,NaN,NaN,NaN,NaN,NaN,1
2024-08-12T11:35:00-04:00,2.0363834027020262,2.07,2.0363834027020262,2.07,2.025821063739901,2.227134237321617,2.1379417778420278,0,0,19001,19763,0,0,0,0,NaN,NaN,76.34932013165252,NaN,NaN,NaN,1.9997902409809662,2.021015,NaN,NaN,NaN,NaN,NaN,NaN,NaN,NaN,NaN,NaN,1,0,0,0,0,NaN,NaN,76.34932013165252,NaN,NaN,NaN,1.9997902409809662,2.021015,NaN,NaN,NaN,NaN,NaN,NaN,NaN,NaN,NaN,NaN,1
2024-08-12T11:38:00-04:00,2.053191701351013,2.13,2.053191701351013,2.102475,2.039758143059919,2.2252310428586917,2.1372553457028483,0,0,19001,19764,0,0,0,0,NaN,NaN,75.4521856841876,NaN,NaN,NaN,1.9997902409809662,2.04116585,NaN,NaN,NaN,NaN,NaN,NaN,NaN,NaN,NaN,NaN,1,0,0,0,0,NaN,NaN,75.4521856841876,NaN,NaN,NaN,1.9997902409809662,2.04116585,NaN,NaN,NaN,NaN,NaN,NaN,NaN,NaN,NaN,NaN,1
2024-08-12T11:39:00-04:00,2.0778333506755065,2.1266,2.0778333506755065,2.1129,2.05305666250357,2.223516065105124,2.136930895439377,0,0,19001,19765,0,0,0,0,NaN,NaN,74.64904772727013,NaN,NaN,NaN,1.9997902409809662,2.0523652985,NaN,NaN,NaN,NaN,NaN,NaN,NaN,NaN,NaN,NaN,1,0,0,0,0,NaN,NaN,74.64904772727013,NaN,NaN,NaN,1.9997902409809662,2.0523652985,NaN,NaN,NaN,NaN,NaN,NaN,NaN,NaN,NaN,NaN,1
2024-08-12T11:40:00-04:00,2.095366675337753,2.135,2.095366675337753,2.116325,2.06455999659383,2.221879560294359,2.136255324953937,0,0,19001,19766,0,0,0,0,NaN,NaN,73.74662916115106,NaN,NaN,NaN,1.9997902409809662,2.06154746268,NaN,NaN,NaN,NaN,NaN,NaN,NaN,NaN,NaN,NaN,1,0,0,0,0,NaN,NaN,73.74662916115106,NaN,NaN,NaN,1.9997902409809662,2.06154746268,NaN,NaN,NaN,NaN,NaN,NaN,NaN,NaN,NaN,NaN,1
2024-08-12T11:56:00-04:00,2.1058458376688765,2.1058458376688765,2.09,2.09,2.0691854517585884,2.219866131892918,2.135783398056395,0,0,19001,19767,0,0,0,0,NaN,NaN,73.43345605533081,NaN,NaN,NaN,1.9997902409809662,2.06154746268,NaN,NaN,NaN,NaN,NaN,NaN,NaN,NaN,NaN,NaN,1,0,0,0,0,NaN,NaN,73.43345605533081,NaN,NaN,NaN,1.9997902409809662,2.06154746268,NaN,NaN,NaN,NaN,NaN,NaN,NaN,NaN,NaN,NaN,1
2024-08-12T11:59:00-04:00,2.0979229188344384,2.0979229188344384,2.09,2.09,2.0729699150752086,2.217883442856385,2.1357210069665555,0,0,19001,19768,0,0,0,0,NaN,NaN,73.58201627648313,NaN,NaN,NaN,1.9997902409809662,2.06154746268,NaN,NaN,NaN,NaN,NaN,NaN,NaN,NaN,NaN,NaN,1,0,0,0,0,NaN,NaN,73.58201627648313,NaN,NaN,NaN,1.9997902409809662,2.06154746268,NaN,NaN,NaN,NaN,NaN,NaN,NaN,NaN,NaN,NaN,1
2024-08-12T12:00:00-04:00,2.093961459417219,2.11,2.075,2.0925000000000002,2.0765208396069887,2.2159691918204096,2.133770189226494,0,0,19001,19769,0,0,0,0,NaN,NaN,72.92032879064595,NaN,NaN,NaN,1.9997902409809662,2.06154746268,NaN,NaN,NaN,NaN,NaN,NaN,NaN,NaN,NaN,NaN,1,0,0,0,0,NaN,NaN,72.92032879064595,NaN,NaN,NaN,1.9997902409809662,2.06154746268,NaN,NaN,NaN,NaN,NaN,NaN,NaN,NaN,NaN,NaN,1
2024-08-12T12:05:00-04:00,2.0932307297086097,2.1,2.0932307297086097,2.0975,2.080335232405718,2.214160501868953,2.133704146966175,0,0,19001,19770,0,0,0,0,NaN,NaN,71.63732864503332,NaN,NaN,NaN,1.9997902409809662,2.06154746268,NaN,NaN,NaN,NaN,NaN,NaN,NaN,NaN,NaN,NaN,1,0,0,0,0,NaN,NaN,71.63732864503332,NaN,NaN,NaN,1.9997902409809662,2.06154746268,NaN,NaN,NaN,NaN,NaN,NaN,NaN,NaN,NaN,NaN,1
2024-08-12T12:06:00-04:00,2.095365364854305,2.13,2.095365364854305,2.115,2.0866379174228604,2.212646601077061,2.133239197379246,0,0,19001,19771,0,0,0,0,NaN,NaN,69.26315525135772,NaN,NaN,NaN,1.9997902409809662,2.06154746268,NaN,NaN,NaN,NaN,NaN,NaN,NaN,NaN,NaN,NaN,1,0,0,0,0,NaN,NaN,69.26315525135772,NaN,NaN,NaN,1.9997902409809662,2.06154746268,NaN,NaN,NaN,NaN,NaN,NaN,NaN,NaN,NaN,NaN,1
2024-08-12T12:07:00-04:00,2.1051826824271527,2.1051826824271527,2.1,2.1,2.0890673869823404,2.21092680564077,2.1331802831754887,0,0,19001,19772,0,0,0,0,NaN,NaN,66.93494859078267,NaN,NaN,NaN,1.9997902409809662,2.06154746268,NaN,NaN,NaN,NaN,NaN,NaN,NaN,NaN,NaN,NaN,1,0,0,0,0,NaN,NaN,66.93494859078267,NaN,NaN,NaN,1.9997902409809662,2.06154746268,NaN,NaN,NaN,NaN,NaN,NaN,NaN,NaN,NaN,NaN,1
2024-08-12T12:10:00-04:00,2.1025913412135764,2.1025913412135764,2.1,2.1,2.091055134803733,2.2092332666233534,2.133160691489676,0,0,19001,19773,0,0,0,0,NaN,NaN,64.6590555576972,NaN,NaN,NaN,1.9997902409809662,2.06154746268,NaN,NaN,NaN,NaN,NaN,NaN,NaN,NaN,NaN,NaN,1,0,0,0,0,NaN,NaN,64.6590555576972,NaN,NaN,NaN,1.9997902409809662,2.06154746268,NaN,NaN,NaN,NaN,NaN,NaN,NaN,NaN,NaN,NaN,1
2024-08-12T12:14:00-04:00,2.1012956706067882,2.1299,2.1,2.11495,2.095399655748509,2.2077938274382642,2.1329166926872465,0,0,19001,19774,0,0,0,0,NaN,NaN,61.755452617136285,NaN,NaN,NaN,1.9997902409809662,2.06154746268,NaN,NaN,NaN,NaN,NaN,NaN,NaN,NaN,NaN,NaN,1,0,0,0,0,NaN,NaN,61.755452617136285,NaN,NaN,NaN,1.9997902409809662,2.06154746268,NaN,NaN,NaN,NaN,NaN,NaN,NaN,NaN,NaN,NaN,1
2024-08-12T12:17:00-04:00,2.1081228353033943,2.1081228353033943,2.1,2.1,2.096236081976053,2.2061481201491304,2.132878386060666,0,0,19001,19775,0,0,0,0,NaN,NaN,59.05687083557369,NaN,NaN,NaN,1.9997902409809662,2.06154746268,NaN,NaN,NaN,NaN,NaN,NaN,NaN,NaN,NaN,NaN,1,0,0,0,0,NaN,NaN,59.05687083557369,NaN,NaN,NaN,1.9997902409809662,2.06154746268,NaN,NaN,NaN,NaN,NaN,NaN,NaN,NaN,NaN,NaN,1
2024-08-12T12:20:00-04:00,2.104061417651697,2.105,2.104061417651697,2.105,2.0978295216167706,2.2046038740399836,2.1328621738321347,0,0,19001,19776,0,0,0,0,NaN,NaN,56.129312847180834,NaN,NaN,NaN,1.9997902409809662,2.06154746268,NaN,NaN,NaN,NaN,NaN,NaN,NaN,NaN,NaN,NaN,1,0,0,0,0,NaN,NaN,56.129312847180834,NaN,NaN,NaN,1.9997902409809662,2.06154746268,NaN,NaN,NaN,NaN,NaN,NaN,NaN,NaN,NaN,NaN,1
2024-08-12T12:23:00-04:00,2.1045307088258483,2.125,2.1045307088258483,2.125,2.1027696085955396,2.2033885477187622,2.1328530402128267,0,0,19001,19777,0,0,0,0,NaN,NaN,52.372753432495266,NaN,NaN,NaN,1.9997902409809662,2.0747522182780003,NaN,NaN,NaN,NaN,NaN,NaN,NaN,NaN,NaN,NaN,1,0,0,0,0,NaN,NaN,52.372753432495266,NaN,NaN,NaN,1.9997902409809662,2.0747522182780003,NaN,NaN,NaN,NaN,NaN,NaN,NaN,NaN,NaN,NaN,1
2024-08-12T12:28:00-04:00,2.114765354412924,2.125,2.114765354412924,2.12415,2.10665695248726,2.2021787988986286,2.132812635145292,0,0,19001,19778,0,0,0,0,NaN,NaN,48.61779904594275,NaN,NaN,NaN,1.9997902409809662,2.0747522182780003,NaN,NaN,NaN,NaN,NaN,NaN,NaN,NaN,NaN,NaN,1,0,0,0,0,NaN,NaN,48.61779904594275,NaN,NaN,NaN,1.9997902409809662,2.0747522182780003,NaN,NaN,NaN,NaN,NaN,NaN,NaN,NaN,NaN,NaN,1
2024-08-12T12:29:00-04:00,2.119457677206462,2.125,2.119457677206462,2.125,2.1099920520350306,2.201000496625367,2.132803611646897,0,0,19001,19779,0,0,0,0,NaN,NaN,44.775540620545144,NaN,NaN,NaN,1.9997902409809662,2.0747522182780003,NaN,NaN,NaN,NaN,NaN,NaN,NaN,NaN,NaN,NaN,1,0,0,0,0,NaN,NaN,44.775540620545144,NaN,NaN,NaN,1.9997902409809662,2.0747522182780003,NaN,NaN,NaN,NaN,NaN,NaN,NaN,NaN,NaN,NaN,1
2024-08-12T12:30:00-04:00,2.122228838603231,2.125,2.122228838603231,2.125,2.112720769846843,2.199840183699789,2.1327991077097113,0,0,19001,19780,0,0,0,0,NaN,NaN,40.8835151825895,NaN,NaN,NaN,2.038071734299401,2.0747522182780003,NaN,NaN,NaN,NaN,NaN,NaN,NaN,NaN,NaN,NaN,1,0,0,0,0,NaN,NaN,40.8835151825895,NaN,NaN,NaN,2.038071734299401,2.0747522182780003,NaN,NaN,NaN,NaN,NaN,NaN,NaN,NaN,NaN,NaN,1
2024-08-12T12:31:00-04:00,2.1236144193016155,2.1236144193016155,2.122,2.122,2.1144079026019624,2.1986517839486472,2.1327906377236183,0,0,19001,19781,0,0,0,0,NaN,NaN,37.152423202558424,NaN,NaN,NaN,2.0552093803900684,2.0747522182780003,NaN,NaN,NaN,NaN,NaN,NaN,NaN,NaN,NaN,NaN,1,0,0,0,0,NaN,NaN,37.152423202558424,NaN,NaN,NaN,2.0552093803900684,2.0747522182780003,NaN,NaN,NaN,NaN,NaN,NaN,NaN,NaN,NaN,NaN,1
2024-08-12T12:33:00-04:00,2.1228072096508077,2.125,2.1228072096508077,2.125,2.1163337384925147,2.197527329231874,2.132773109920651,0,0,19001,19782,0,0,0,0,NaN,NaN,33.33047368887717,NaN,NaN,NaN,2.0585170834881183,2.0747522182780003,NaN,NaN,NaN,NaN,NaN,NaN,NaN,NaN,NaN,NaN,1,0,0,0,0,NaN,NaN,33.33047368887717,NaN,NaN,NaN,2.0585170834881183,2.0747522182780003,NaN,NaN,NaN,NaN,NaN,NaN,NaN,NaN,NaN,NaN,1
2024-08-12T12:35:00-04:00,2.123903604825404,2.125,2.123903604825404,2.125,2.1179094224029664,2.196420041762685,2.1327242193619953,0,0,19001,19783,0,0,0,0,NaN,NaN,29.37820444623852,NaN,NaN,NaN,2.0588399046128996,2.0747522182780003,NaN,NaN,NaN,NaN,NaN,NaN,NaN,NaN,NaN,NaN,1,0,0,0,0,NaN,NaN,29.37820444623852,NaN,NaN,NaN,2.0588399046128996,2.0747522182780003,NaN,NaN,NaN,NaN,NaN,NaN,NaN,NaN,NaN,NaN,1
2024-08-12T12:36:00-04:00,2.124451802412702,2.1394,2.124451802412702,2.1322,2.1205077092387907,2.19543958310982,2.1327182922623793,0,0,19001,19784,0,0,0,0,NaN,NaN,25.32718419655533,NaN,NaN,NaN,2.0662399083609464,2.08804481898796,NaN,NaN,NaN,NaN,NaN,NaN,NaN,NaN,NaN,NaN,1,0,0,0,0,NaN,NaN,25.32718419655533,NaN,NaN,NaN,2.0662399083609464,2.08804481898796,NaN,NaN,NaN,NaN,NaN,NaN,NaN,NaN,NaN,NaN,1
2024-08-12T12:40:00-04:00,2.128325901206351,2.14,2.128325901206351,2.14,2.124051762104465,2.194593177260815,2.1327224064772388,0,0,19001,19785,0,0,0,0,NaN,NaN,21.35676377507997,NaN,NaN,NaN,2.074267560454697,2.1020364070004884,NaN,NaN,NaN,NaN,NaN,NaN,NaN,NaN,NaN,NaN,1,0,0,0,0,NaN,NaN,21.35676377507997,NaN,NaN,NaN,2.074267560454697,2.1020364070004884,NaN,NaN,NaN,NaN,NaN,NaN,NaN,NaN,NaN,NaN,1
2024-08-12T12:41:00-04:00,2.1341629506031756,2.1341629506031756,2.12,2.12,2.1233150780854713,2.1934543501270625,2.1327119202867872,0,0,19001,19786,0,0,0,0,NaN,NaN,18.627319130603492,NaN,NaN,NaN,2.074267560454697,2.1020364070004884,NaN,NaN,NaN,NaN,NaN,NaN,NaN,NaN,NaN,NaN,1,0,0,0,0,NaN,NaN,18.627319130603492,NaN,NaN,NaN,2.074267560454697,2.1020364070004884,NaN,NaN,NaN,NaN,NaN,NaN,NaN,NaN,NaN,NaN,1
2024-08-12T12:45:00-04:00,2.127081475301588,2.14,2.125,2.1325000000000003,2.1249850638881127,2.1925237493617638,2.1327114428140934,0,0,19001,19787,0,0,0,0,NaN,NaN,15.928397759027902,NaN,NaN,NaN,2.074267560454697,2.1020364070004884,NaN,NaN,NaN,NaN,NaN,NaN,NaN,NaN,NaN,NaN,1,0,0,0,0,NaN,NaN,15.928397759027902,NaN,NaN,NaN,2.074267560454697,2.1020364070004884,NaN,NaN,NaN,NaN,NaN,NaN,NaN,NaN,NaN,NaN,1
2024-08-12T12:48:00-04:00,2.129790737650794,2.135,2.129790737650794,2.135,2.1268059613630013,2.191645524180668,2.1327138894359265,0,0,19001,19788,0,0,0,0,NaN,NaN,13.421012631879533,NaN,NaN,NaN,2.074267560454697,2.1020364070004884,NaN,NaN,NaN,NaN,NaN,NaN,NaN,NaN,NaN,NaN,1,0,0,0,0,NaN,NaN,13.421012631879533,NaN,NaN,NaN,2.074267560454697,2.1020364070004884,NaN,NaN,NaN,NaN,NaN,NaN,NaN,NaN,NaN,NaN,1
2024-08-12T12:49:00-04:00,2.1323953688253967,2.17,2.1323953688253967,2.15255,2.1314866956606373,2.1910486459489023,2.1330561088224727,0,0,19001,19789,0,0,0,0,NaN,NaN,10.603376196381802,NaN,NaN,NaN,2.074267560454697,2.1189286693203715,NaN,NaN,NaN,NaN,NaN,NaN,NaN,NaN,NaN,NaN,1,0,0,0,0,NaN,NaN,10.603376196381802,NaN,NaN,NaN,2.074267560454697,2.1189286693203715,NaN,NaN,NaN,NaN,NaN,NaN,NaN,NaN,NaN,NaN,1
2024-08-12T12:50:00-04:00,2.1424726844126987,2.19,2.1424726844126987,2.19,2.1421254782677943,2.191032636087087,2.1330875790986217,0,0,19001,19790,0,0,0,0,NaN,NaN,7.385005732648085,NaN,NaN,NaN,2.074267560454697,2.151787178603871,NaN,NaN,NaN,NaN,NaN,NaN,NaN,NaN,NaN,NaN,1,0,0,0,0,NaN,NaN,7.385005732648085,NaN,NaN,NaN,2.074267560454697,2.151787178603871,NaN,NaN,NaN,NaN,NaN,NaN,NaN,NaN,NaN,NaN,1
2024-08-12T12:57:00-04:00,2.166236342206349,2.2,2.166236342206349,2.2,2.1526481185827406,2.191169542406368,2.1331245380982633,0,0,19001,19791,0,0,0,0,NaN,NaN,4.742440327775835,NaN,NaN,NaN,2.074267560454697,2.16975102502271,NaN,NaN,NaN,NaN,NaN,NaN,NaN,NaN,NaN,NaN,1,0,0,0,0,NaN,NaN,4.742440327775835,NaN,NaN,NaN,2.074267560454697,2.16975102502271,NaN,NaN,NaN,NaN,NaN,NaN,NaN,NaN,NaN,NaN,1
2024-08-12T12:59:00-04:00,2.1831181711031746,2.2,2.1831181711031746,2.195,2.160348460658606,2.191228022674973,2.133328921798013,0,0,19001,19792,0,0,0,0,NaN,NaN,3.071415199229822,NaN,NaN,NaN,2.074267560454697,2.16975102502271,NaN,NaN,NaN,NaN,NaN,NaN,NaN,NaN,NaN,NaN,1,0,0,0,0,NaN,NaN,3.071415199229822,NaN,NaN,NaN,2.074267560454697,2.16975102502271,NaN,NaN,NaN,NaN,NaN,NaN,NaN,NaN,NaN,NaN,1
2024-08-12T13:01:00-04:00,2.1890590855515875,2.2,2.1890590855515875,2.2,2.1675578314479504,2.1913619459929126,2.133365605656277,0,0,19001,19793,0,0,0,0,NaN,NaN,1.8082565572554807,NaN,NaN,NaN,2.074267560454697,2.16975102502271,NaN,NaN,NaN,NaN,NaN,NaN,NaN,NaN,NaN,NaN,1,0,0,0,0,NaN,NaN,1.8082565572554807,NaN,NaN,NaN,2.074267560454697,2.16975102502271,NaN,NaN,NaN,NaN,NaN,NaN,NaN,NaN,NaN,NaN,1
2024-08-12T13:02:00-04:00,2.194529542775794,2.194529542775794,2.16,2.1675,2.167547316639232,2.190997641473937,2.1335338060171374,0,0,19001,19794,0,0,0,0,NaN,NaN,1.1845310048405373,NaN,NaN,NaN,2.087723922559503,2.16975102502271,NaN,NaN,NaN,NaN,NaN,NaN,NaN,NaN,NaN,NaN,1,0,0,0,0,NaN,NaN,1.1845310048405373,NaN,NaN,NaN,2.087723922559503,2.16975102502271,NaN,NaN,NaN,NaN,NaN,NaN,NaN,NaN,NaN,NaN,1
2024-08-12T13:07:00-04:00,2.181014771387897,2.181014771387897,2.16,2.16,2.166175077250281,2.1905243950392204,2.1335482885988677,0,0,19001,19795,0,0,0,0,NaN,NaN,0.7803452363184973,NaN,NaN,NaN,2.0953149505421966,2.16975102502271,NaN,NaN,NaN,NaN,NaN,NaN,NaN,NaN,NaN,NaN,1,0,0,0,0,NaN,NaN,0.7803452363184973,NaN,NaN,NaN,2.0953149505421966,2.16975102502271,NaN,NaN,NaN,NaN,NaN,NaN,NaN,NaN,NaN,NaN,1
2024-08-12T13:08:00-04:00,2.1705073856939485,2.1705073856939485,2.16,2.16,2.165052335932048,2.1900583737409116,2.1338725494965223,0,0,19001,19796,0,0,0,0,NaN,NaN,0.39444756639801654,NaN,NaN,NaN,2.0955464361646636,2.16975102502271,NaN,NaN,NaN,NaN,NaN,NaN,NaN,NaN,NaN,NaN,1,0,0,0,0,NaN,NaN,0.39444756639801654,NaN,NaN,NaN,2.0955464361646636,2.16975102502271,NaN,NaN,NaN,NaN,NaN,NaN,NaN,NaN,NaN,NaN,1
2024-08-12T13:09:00-04:00,2.1652536928469743,2.195,2.1652536928469743,2.1925,2.1700428203080393,2.1900956504776916,2.1339674604587917,0,0,19001,19797,0,0,0,0,NaN,NaN,0.07542209912868905,NaN,NaN,NaN,2.1280624539838398,2.16975102502271,NaN,NaN,NaN,NaN,NaN,NaN,NaN,NaN,NaN,NaN,1,0,0,0,0,NaN,NaN,0.07542209912868905,NaN,NaN,NaN,2.1280624539838398,2.16975102502271,NaN,NaN,NaN,NaN,NaN,NaN,NaN,NaN,NaN,NaN,1
2024-08-12T13:10:00-04:00,2.178876846423487,2.178876846423487,2.1712,2.1712,2.1702532166156683,2.189807167264292,2.1341672991149307,0,0,19001,19798,0,0,0,0,NaN,NaN,0.025664205912176094,NaN,NaN,NaN,2.1280624539838398,2.16975102502271,NaN,NaN,NaN,NaN,NaN,NaN,NaN,NaN,NaN,NaN,1,0,0,0,0,NaN,NaN,0.025664205912176094,NaN,NaN,NaN,2.1280624539838398,2.16975102502271,NaN,NaN,NaN,NaN,NaN,NaN,NaN,NaN,NaN,NaN,1
2024-08-12T13:13:00-04:00,2.1750384232117437,2.2,2.1750384232117437,2.1975,2.1752071772310013,2.189924615092318,2.1347118965141094,0,0,19001,19799,0,0,0,0,NaN,NaN,0.42045844436854096,NaN,NaN,NaN,2.1280624539838398,2.16975102502271,NaN,NaN,NaN,NaN,NaN,NaN,NaN,NaN,NaN,NaN,1,0,0,0,0,NaN,NaN,0.42045844436854096,NaN,NaN,NaN,2.1280624539838398,2.16975102502271,NaN,NaN,NaN,NaN,NaN,NaN,NaN,NaN,NaN,NaN,1
2024-08-12T13:17:00-04:00,2.1862692116058717,2.1862692116058717,2.18,2.18,2.1760785995526373,2.1897730942512137,2.135655747698368,0,0,19001,19800,0,0,0,0,NaN,NaN,1.322099631379283,NaN,NaN,NaN,2.1280624539838398,2.16975102502271,NaN,NaN,NaN,NaN,NaN,NaN,NaN,NaN,NaN,NaN,1,0,0,0,0,NaN,NaN,1.322099631379283,NaN,NaN,NaN,2.1280624539838398,2.16975102502271,NaN,NaN,NaN,NaN,NaN,NaN,NaN,NaN,NaN,NaN,1
2024-08-12T13:19:00-04:00,2.1831346058029357,2.1831346058029357,2.17,2.17,2.1749733996339757,2.1894712149496685,2.1358337626795354,0,0,19001,19801,0,0,0,0,NaN,NaN,2.647505519665567,NaN,NaN,NaN,2.1280624539838398,2.16975102502271,NaN,NaN,NaN,NaN,NaN,NaN,NaN,NaN,NaN,NaN,1,0,0,0,0,NaN,NaN,2.647505519665567,NaN,NaN,NaN,2.1280624539838398,2.16975102502271,NaN,NaN,NaN,NaN,NaN,NaN,NaN,NaN,NaN,NaN,1
2024-08-12T13:20:00-04:00,2.176567302901468,2.2,2.17,2.186175,2.1770100542459803,2.189420891057307,2.136093348596652,0,0,19001,19802,0,0,0,0,NaN,NaN,4.667883835384534,NaN,NaN,NaN,2.1280624539838398,2.16975102502271,NaN,NaN,NaN,NaN,NaN,NaN,NaN,NaN,NaN,NaN,1,0,0,0,0,NaN,NaN,4.667883835384534,NaN,NaN,NaN,2.1280624539838398,2.16975102502271,NaN,NaN,NaN,NaN,NaN,NaN,NaN,NaN,NaN,NaN,1
2024-08-12T13:22:00-04:00,2.181371151450734,2.2,2.18,2.185,2.178462771655802,2.1893533965373484,2.136468727773258,0,0,19001,19803,0,0,0,0,NaN,NaN,7.049410971482597,NaN,NaN,NaN,2.1280624539838398,2.16975102502271,NaN,NaN,NaN,NaN,NaN,NaN,NaN,NaN,NaN,NaN,1,0,0,0,0,NaN,NaN,7.049410971482597,NaN,NaN,NaN,2.1280624539838398,2.16975102502271,NaN,NaN,NaN,NaN,NaN,NaN,NaN,NaN,NaN,NaN,1
2024-08-12T13:24:00-04:00,2.183185575725367,2.183185575725367,2.1619,2.1619,2.1754513586274746,2.1889342607123505,2.136598195785755,0,0,19001,19804,0,0,0,0,NaN,NaN,9.585613519314514,NaN,NaN,NaN,2.1280624539838398,2.16975102502271,NaN,NaN,NaN,NaN,NaN,NaN,NaN,NaN,NaN,NaN,1,0,0,0,0,NaN,NaN,9.585613519314514,NaN,NaN,NaN,2.1280624539838398,2.16975102502271,NaN,NaN,NaN,NaN,NaN,NaN,NaN,NaN,NaN,NaN,1
2024-08-12T13:29:00-04:00,2.1725427878626835,2.18,2.1725427878626835,2.18,2.17627838433157,2.1887978597854443,2.1366643809504446,0,0,19001,19805,0,0,0,0,NaN,NaN,12.925913146876752,NaN,NaN,NaN,2.1280624539838398,2.16975102502271,NaN,NaN,NaN,NaN,NaN,NaN,NaN,NaN,NaN,NaN,1,0,0,0,0,NaN,NaN,12.925913146876752,NaN,NaN,NaN,2.1280624539838398,2.16975102502271,NaN,NaN,NaN,NaN,NaN,NaN,NaN,NaN,NaN,NaN,1
2024-08-12T13:30:00-04:00,2.1762713939313416,2.19,2.1762713939313416,2.19,2.178773223544012,2.1888162130711626,2.1367185483092896,0,0,19001,19806,0,0,0,0,NaN,NaN,16.91486068066541,NaN,NaN,NaN,2.1280624539838398,2.16975102502271,NaN,NaN,NaN,NaN,NaN,NaN,NaN,NaN,NaN,NaN,1,0,0,0,0,NaN,NaN,16.91486068066541,NaN,NaN,NaN,2.1280624539838398,2.16975102502271,NaN,NaN,NaN,NaN,NaN,NaN,NaN,NaN,NaN,NaN,1
2024-08-12T13:31:00-04:00,2.183135696965671,2.2,2.13,2.165,2.1762690010814643,2.1884526067647325,2.1368044540295354,0,0,19001,19807,0,0,0,0,NaN,NaN,21.060464949386972,NaN,NaN,NaN,2.1280624539838398,2.16975102502271,NaN,NaN,NaN,NaN,NaN,NaN,NaN,NaN,NaN,NaN,1,0,0,0,0,NaN,NaN,21.060464949386972,NaN,NaN,NaN,2.1280624539838398,2.16975102502271,NaN,NaN,NaN,NaN,NaN,NaN,NaN,NaN,NaN,NaN,1
2024-08-12T13:49:00-04:00,2.1740678484828355,2.1740678484828355,2.145,2.1525,2.171947364521198,2.1879037120049656,2.1368835132398796,0,0,19001,19808,0,0,0,0,NaN,NaN,25.638864421249323,NaN,NaN,NaN,2.1280624539838398,2.16975102502271,NaN,NaN,NaN,NaN,NaN,NaN,NaN,NaN,NaN,NaN,1,0,0,0,0,NaN,NaN,25.638864421249323,NaN,NaN,NaN,2.1280624539838398,2.16975102502271,NaN,NaN,NaN,NaN,NaN,NaN,NaN,NaN,NaN,NaN,1
2024-08-12T13:51:00-04:00,2.1632839242414175,2.1632839242414175,2.16,2.16,2.1697751164264347,2.187477701134661,2.1368951512619008,0,0,19001,19809,0,0,0,0,NaN,NaN,30.508075859170763,NaN,NaN,NaN,2.1280624539838398,2.16975102502271,NaN,NaN,NaN,NaN,NaN,NaN,NaN,NaN,NaN,NaN,1,0,0,0,0,NaN,NaN,30.508075859170763,NaN,NaN,NaN,2.1280624539838398,2.16975102502271,NaN,NaN,NaN,NaN,NaN,NaN,NaN,NaN,NaN,NaN,1
2024-08-12T13:54:00-04:00,2.161641962120709,2.161641962120709,2.16,2.16,2.1679978225307193,2.187058194247109,2.136941122974501,0,0,19001,19810,0,0,0,0,NaN,NaN,34.52211680210616,NaN,NaN,NaN,2.1280624539838398,2.16975102502271,NaN,NaN,NaN,NaN,NaN,NaN,NaN,NaN,NaN,NaN,1,0,0,0,0,NaN,NaN,34.52211680210616,NaN,NaN,NaN,2.1280624539838398,2.16975102502271,NaN,NaN,NaN,NaN,NaN,NaN,NaN,NaN,NaN,NaN,1
2024-08-12T13:58:00-04:00,2.1608209810603545,2.1608209810603545,2.16,2.16,2.1665436729796794,2.1866450920448632,2.1369527030759574,0,0,19001,19811,0,0,0,0,NaN,NaN,39.07814023731358,NaN,NaN,NaN,2.1280624539838398,2.16975102502271,NaN,NaN,NaN,NaN,NaN,NaN,NaN,NaN,NaN,NaN,1,0,0,0,0,NaN,NaN,39.07814023731358,NaN,NaN,NaN,2.1280624539838398,2.16975102502271,NaN,NaN,NaN,NaN,NaN,NaN,NaN,NaN,NaN,NaN,1
2024-08-12T14:04:00-04:00,2.160410490530177,2.160410490530177,2.16,2.16,2.1653539142561016,2.186238296746468,2.1370560588335286,0,0,19001,19812,0,0,0,0,NaN,NaN,44.5760970104151,NaN,NaN,NaN,2.1280624539838398,2.16975102502271,NaN,NaN,NaN,NaN,NaN,NaN,NaN,NaN,NaN,NaN,1,0,0,0,0,NaN,NaN,44.5760970104151,NaN,NaN,NaN,2.1280624539838398,2.16975102502271,NaN,NaN,NaN,NaN,NaN,NaN,NaN,NaN,NaN,NaN,1
2024-08-12T14:06:00-04:00,2.1602052452650886,2.2,2.1602052452650886,2.2,2.171653202573174,2.186448399086217,2.1370875116179135,0,0,19001,19813,0,0,0,0,NaN,NaN,50.97055498828216,NaN,NaN,NaN,2.1280624539838398,2.16975102502271,NaN,NaN,NaN,NaN,NaN,NaN,NaN,NaN,NaN,NaN,1,0,0,0,0,NaN,NaN,50.97055498828216,NaN,NaN,NaN,2.1280624539838398,2.16975102502271,NaN,NaN,NaN,NaN,NaN,NaN,NaN,NaN,NaN,NaN,1
2024-08-12T14:07:00-04:00,2.1801026226325444,2.1801026226325444,2.17,2.17,2.1713526202871423,2.1861972784894808,2.1372511560147576,0,0,19001,19814,0,0,0,0,NaN,NaN,54.86741716426585,NaN,NaN,NaN,2.1280624539838398,2.16975102502271,NaN,NaN,NaN,NaN,NaN,NaN,NaN,NaN,NaN,NaN,1,0,0,0,0,NaN,NaN,54.86741716426585,NaN,NaN,NaN,2.1280624539838398,2.16975102502271,NaN,NaN,NaN,NaN,NaN,NaN,NaN,NaN,NaN,NaN,1
2024-08-12T14:08:00-04:00,2.175051311316272,2.1779,2.175051311316272,2.1779,2.172543052962207,2.186070602482008,2.137452266452935,0,0,19001,19815,0,0,0,0,NaN,NaN,61.13292107169441,NaN,NaN,NaN,2.1280624539838398,2.16975102502271,NaN,NaN,NaN,NaN,NaN,NaN,NaN,NaN,NaN,NaN,1,0,0,0,0,NaN,NaN,61.13292107169441,NaN,NaN,NaN,2.1280624539838398,2.16975102502271,NaN,NaN,NaN,NaN,NaN,NaN,NaN,NaN,NaN,NaN,1
2024-08-12T14:16:00-04:00,2.176475655658136,2.2,2.176475655658136,2.2,2.177535225150897,2.1862832650395343,2.137483196684832,0,0,19001,19816,0,0,0,0,NaN,NaN,67.1596714311959,NaN,NaN,NaN,2.1280624539838398,2.16975102502271,NaN,NaN,NaN,NaN,NaN,NaN,NaN,NaN,NaN,NaN,1,0,0,0,0,NaN,NaN,67.1596714311959,NaN,NaN,NaN,2.1280624539838398,2.16975102502271,NaN,NaN,NaN,NaN,NaN,NaN,NaN,NaN,NaN,NaN,1
2024-08-12T14:20:00-04:00,2.1882378278290684,2.2,2.15,2.17375,2.176847002396188,2.186091917481679,2.137809152879602,0,0,19001,19817,0,0,0,0,NaN,NaN,70.54456145439237,NaN,NaN,NaN,2.1280624539838398,2.16975102502271,NaN,NaN,NaN,NaN,NaN,NaN,NaN,NaN,NaN,NaN,1,0,0,0,0,NaN,NaN,70.54456145439237,NaN,NaN,NaN,2.1280624539838398,2.16975102502271,NaN,NaN,NaN,NaN,NaN,NaN,NaN,NaN,NaN,NaN,1
2024-08-12T14:23:00-04:00,2.1809939139145342,2.2,2.165,2.17625,2.176738456505972,2.185941659199516,2.1396929373028044,0,0,19001,19818,0,0,0,0,NaN,NaN,73.98065195796195,NaN,NaN,NaN,2.1280624539838398,2.16975102502271,NaN,NaN,NaN,NaN,NaN,NaN,NaN,NaN,NaN,NaN,1,0,0,0,0,NaN,NaN,73.98065195796195,NaN,NaN,NaN,2.1280624539838398,2.16975102502271,NaN,NaN,NaN,NaN,NaN,NaN,NaN,NaN,NaN,NaN,1
2024-08-12T14:24:00-04:00,2.178621956957267,2.26,2.178621956957267,2.2272499999999997,2.1859223735048863,2.1865723208911265,2.14289046222789,0,0,19001,19819,0,0,0,0,NaN,NaN,77.64701540574131,NaN,NaN,NaN,2.1280624539838398,2.1978544367652155,NaN,NaN,NaN,NaN,NaN,NaN,NaN,NaN,NaN,NaN,1,0,0,0,0,NaN,NaN,77.64701540574131,NaN,NaN,NaN,2.1280624539838398,2.1978544367652155,NaN,NaN,NaN,NaN,NaN,NaN,NaN,NaN,NaN,NaN,1
2024-08-12T14:25:00-04:00,2.2029359784786333,2.33,2.2029359784786333,2.2975,2.206209214685816,2.188265873243934,2.144130071179133,0,0,19001,19820,1,0,0,0,NaN,NaN,78.64644532233477,NaN,NaN,NaN,2.1280624539838398,2.256206839529738,NaN,NaN,NaN,NaN,NaN,NaN,NaN,NaN,NaN,NaN,1,1,0,0,0,NaN,NaN,78.64644532233477,NaN,NaN,NaN,2.1280624539838398,2.256206839529738,NaN,NaN,NaN,NaN,NaN,NaN,NaN,NaN,NaN,NaN,1
2024-08-12T14:26:00-04:00,2.2502179892393164,2.34,2.2502179892393164,2.34,2.2305348120156676,2.1905824247974617,2.1467129259265776,0,0,19001,19821,0,0,0,0,NaN,NaN,77.88997467051738,NaN,NaN,NaN,2.215728801668937,2.30184867211314,NaN,NaN,NaN,NaN,NaN,NaN,NaN,NaN,NaN,NaN,1,0,0,0,0,NaN,NaN,77.88997467051738,NaN,NaN,NaN,2.215728801668937,2.30184867211314,NaN,NaN,NaN,NaN,NaN,NaN,NaN,NaN,NaN,NaN,1
2024-08-12T14:27:00-04:00,2.295108994619658,2.31,2.285,2.2975000000000003,2.2427103007400917,2.192214754189867,2.153056883063294,0,0,19001,19822,0,0,0,0,NaN,NaN,77.93538203495143,NaN,NaN,NaN,2.2336009775639316,2.30184867211314,NaN,NaN,NaN,NaN,NaN,NaN,NaN,NaN,NaN,NaN,1,0,0,0,0,NaN,NaN,77.93538203495143,NaN,NaN,NaN,2.2336009775639316,2.30184867211314,NaN,NaN,NaN,NaN,NaN,NaN,NaN,NaN,NaN,NaN,1
2024-08-12T14:28:00-04:00,2.296304497309829,2.3,2.296304497309829,2.3,2.2531266096964386,2.1938603304617774,2.153669325757894,0,0,19001,19823,0,0,0,0,NaN,NaN,77.93617367689937,NaN,NaN,NaN,2.236388137027573,2.30184867211314,NaN,NaN,NaN,NaN,NaN,NaN,NaN,NaN,NaN,NaN,1,0,0,0,0,NaN,NaN,77.93617367689937,NaN,NaN,NaN,2.236388137027573,2.30184867211314,NaN,NaN,NaN,NaN,NaN,NaN,NaN,NaN,NaN,NaN,1
2024-08-12T14:30:00-04:00,2.2981522486549144,2.3,2.2981522486549144,2.3,2.2616490442970862,2.1954807834318264,2.1562609559701804,0,0,19001,19824,0,0,0,0,NaN,NaN,77.9255409013062,NaN,NaN,NaN,2.2366900285181655,2.30184867211314,NaN,NaN,NaN,NaN,NaN,NaN,NaN,NaN,NaN,NaN,1,0,0,0,0,NaN,NaN,77.9255409013062,NaN,NaN,NaN,2.2366900285181655,2.30184867211314,NaN,NaN,NaN,NaN,NaN,NaN,NaN,NaN,NaN,NaN,1
2024-08-12T14:41:00-04:00,2.299076124327457,2.31,2.28,2.2974999999999994,2.268167399879434,2.1970383287229436,2.157292917976752,0,0,19001,19825,0,0,0,0,NaN,NaN,78.44897652549784,NaN,NaN,NaN,2.2366900285181655,2.30184867211314,NaN,NaN,NaN,NaN,NaN,NaN,NaN,NaN,NaN,NaN,1,0,0,0,0,NaN,NaN,78.44897652549784,NaN,NaN,NaN,2.2366900285181655,2.30184867211314,NaN,NaN,NaN,NaN,NaN,NaN,NaN,NaN,NaN,NaN,1
2024-08-12T14:44:00-04:00,2.2982880621637283,2.3,2.2982880621637283,2.3,2.2739551453559006,2.1986102626355706,2.1573512426586894,0,0,19001,19826,0,0,0,0,NaN,NaN,79.0001813790691,NaN,NaN,NaN,2.2366900285181655,2.30184867211314,NaN,NaN,NaN,NaN,NaN,NaN,NaN,NaN,NaN,NaN,1,0,0,0,0,NaN,NaN,79.0001813790691,NaN,NaN,NaN,2.2366900285181655,2.30184867211314,NaN,NaN,NaN,NaN,NaN,NaN,NaN,NaN,NaN,NaN,1
2024-08-12T14:46:00-04:00,2.2991440310818643,2.3,2.28,2.29,2.2768723916548277,2.2000055258014397,2.15901084442866,0,0,19001,19827,0,0,0,0,NaN,NaN,79.53898370345144,NaN,NaN,NaN,2.2366900285181655,2.30184867211314,NaN,NaN,NaN,NaN,NaN,NaN,NaN,NaN,NaN,NaN,1,0,0,0,0,NaN,NaN,79.53898370345144,NaN,NaN,NaN,2.2366900285181655,2.30184867211314,NaN,NaN,NaN,NaN,NaN,NaN,NaN,NaN,NaN,NaN,1
2024-08-12T14:47:00-04:00,2.294572015540932,2.31,2.27,2.2925,2.2797137749903134,2.201417655178517,2.1593333118605993,0,0,19001,19828,0,0,0,0,NaN,NaN,79.91672053349726,NaN,NaN,NaN,2.2366900285181655,2.30184867211314,NaN,NaN,NaN,NaN,NaN,NaN,NaN,NaN,NaN,NaN,1,0,0,0,0,NaN,NaN,79.91672053349726,NaN,NaN,NaN,2.2366900285181655,2.30184867211314,NaN,NaN,NaN,NaN,NaN,NaN,NaN,NaN,NaN,NaN,1
2024-08-12T14:50:00-04:00,2.293536007770466,2.293536007770466,2.26,2.2649999999999997,2.2770385431738926,2.202388378000219,2.1595015134279043,0,0,19001,19829,0,0,0,0,NaN,NaN,79.67754629999234,NaN,NaN,NaN,2.2366900285181655,2.30184867211314,NaN,NaN,NaN,NaN,NaN,NaN,NaN,NaN,NaN,NaN,1,0,0,0,0,NaN,NaN,79.67754629999234,NaN,NaN,NaN,2.2366900285181655,2.30184867211314,NaN,NaN,NaN,NaN,NaN,NaN,NaN,NaN,NaN,NaN,1
2024-08-12T15:02:00-04:00,2.2792680038852327,2.2792680038852327,2.235,2.2474999999999996,2.2716678989604575,2.203077105053651,2.1617092779465072,0,0,19001,19830,0,0,0,0,NaN,NaN,79.09844548525628,NaN,NaN,NaN,2.2366900285181655,2.2743249999999997,NaN,NaN,NaN,NaN,NaN,NaN,NaN,NaN,NaN,NaN,1,0,0,0,0,NaN,NaN,79.09844548525628,NaN,NaN,NaN,2.2366900285181655,2.2743249999999997,NaN,NaN,NaN,NaN,NaN,NaN,NaN,NaN,NaN,NaN,1
2024-08-12T15:03:00-04:00,2.263384001942616,2.263384001942616,2.235,2.235,2.2650010082403744,2.20356447749558,2.1619097801660967,0,0,19001,19831,0,0,0,0,NaN,NaN,78.1889730123614,NaN,NaN,NaN,2.2366900285181655,2.26708275,NaN,NaN,NaN,NaN,NaN,NaN,NaN,NaN,NaN,NaN,1,0,0,0,0,NaN,NaN,78.1889730123614,NaN,NaN,NaN,2.2366900285181655,2.26708275,NaN,NaN,NaN,NaN,NaN,NaN,NaN,NaN,NaN,NaN,1
2024-08-12T15:04:00-04:00,2.2491920009713082,2.25,2.235,2.2387499999999996,2.2602280976512152,2.2041016610452657,2.1622387002626717,0,0,19001,19832,0,0,0,0,NaN,NaN,77.41674383059443,NaN,NaN,NaN,2.2366900285181655,2.26708275,NaN,NaN,NaN,NaN,NaN,NaN,NaN,NaN,NaN,NaN,1,0,0,0,0,NaN,NaN,77.41674383059443,NaN,NaN,NaN,2.2366900285181655,2.26708275,NaN,NaN,NaN,NaN,NaN,NaN,NaN,NaN,NaN,NaN,1
2024-08-12T15:07:00-04:00,2.243971000485654,2.295,2.235,2.2649999999999997,2.261095716260085,2.205031406678162,2.163260940756751,0,0,19001,19833,0,0,0,0,NaN,NaN,77.21875103243035,NaN,NaN,NaN,2.2366900285181655,2.26708275,NaN,NaN,NaN,NaN,NaN,NaN,NaN,NaN,NaN,NaN,1,0,0,0,0,NaN,NaN,77.21875103243035,NaN,NaN,NaN,2.2366900285181655,2.26708275,NaN,NaN,NaN,NaN,NaN,NaN,NaN,NaN,NaN,NaN,1
2024-08-12T15:08:00-04:00,2.2544855002428266,2.27,2.2544855002428266,2.27,2.2627146769400697,2.2060232935991064,2.163792882690516,0,0,19001,19834,0,0,0,0,NaN,NaN,76.98740449895908,NaN,NaN,NaN,2.2366900285181655,2.26708275,NaN,NaN,NaN,NaN,NaN,NaN,NaN,NaN,NaN,NaN,1,0,0,0,0,NaN,NaN,76.98740449895908,NaN,NaN,NaN,2.2366900285181655,2.26708275,NaN,NaN,NaN,NaN,NaN,NaN,NaN,NaN,NaN,NaN,1
2024-08-12T15:09:00-04:00,2.2622427501214135,2.3,2.2622427501214135,2.295,2.268584735678239,2.2073817165975935,2.1640438939840907,0,0,19001,19835,0,0,0,0,NaN,NaN,77.05972488087023,NaN,NaN,NaN,2.2366900285181655,2.26708275,NaN,NaN,NaN,NaN,NaN,NaN,NaN,NaN,NaN,NaN,1,0,0,0,0,NaN,NaN,77.05972488087023,NaN,NaN,NaN,2.2366900285181655,2.26708275,NaN,NaN,NaN,NaN,NaN,NaN,NaN,NaN,NaN,NaN,1
2024-08-12T15:10:00-04:00,2.2786213750607067,2.295,2.2786213750607067,2.295,2.273387511009468,2.2087194003136608,2.164093981037035,0,0,19001,19836,0,0,0,0,NaN,NaN,77.64443853320402,NaN,NaN,NaN,2.2366900285181655,2.26708275,NaN,NaN,NaN,NaN,NaN,NaN,NaN,NaN,NaN,NaN,1,0,0,0,0,NaN,NaN,77.64443853320402,NaN,NaN,NaN,2.2366900285181655,2.26708275,NaN,NaN,NaN,NaN,NaN,NaN,NaN,NaN,NaN,NaN,1
2024-08-12T15:13:00-04:00,2.2868106875303535,2.29,2.2868106875303535,2.29,2.276407963553201,2.2099603254997118,2.1641421181616245,0,0,19001,19837,0,0,0,0,NaN,NaN,78.38026118774414,NaN,NaN,NaN,2.2366900285181655,2.26708275,NaN,NaN,NaN,NaN,NaN,NaN,NaN,NaN,NaN,NaN,1,0,0,0,0,NaN,NaN,78.38026118774414,NaN,NaN,NaN,2.2366900285181655,2.26708275,NaN,NaN,NaN,NaN,NaN,NaN,NaN,NaN,NaN,NaN,1
2024-08-12T15:14:00-04:00,2.288405343765177,2.29,2.288405343765177,2.29,2.2788792429071645,2.211182305263075,2.1649073366849447,0,0,19001,19838,0,0,0,0,NaN,NaN,79.12013483646551,NaN,NaN,NaN,2.2366900285181655,2.26708275,NaN,NaN,NaN,NaN,NaN,NaN,NaN,NaN,NaN,NaN,1,0,0,0,0,NaN,NaN,79.12013483646551,NaN,NaN,NaN,2.2366900285181655,2.26708275,NaN,NaN,NaN,NaN,NaN,NaN,NaN,NaN,NaN,NaN,1
2024-08-12T15:18:00-04:00,2.289202671882588,2.289202671882588,2.285,2.285,2.2799921078331344,2.2123092929689823,2.1649529547172537,0,0,19001,19839,0,0,0,0,NaN,NaN,79.09259101428401,NaN,NaN,NaN,2.2366900285181655,2.26708275,NaN,NaN,NaN,NaN,NaN,NaN,NaN,NaN,NaN,NaN,1,0,0,0,0,NaN,NaN,79.09259101428401,NaN,NaN,NaN,2.2366900285181655,2.26708275,NaN,NaN,NaN,NaN,NaN,NaN,NaN,NaN,NaN,NaN,1
2024-08-12T15:25:00-04:00,2.287101335941294,2.287101335941294,2.285,2.285,2.2809026336816554,2.2134190747557154,2.1649985381060692,0,0,19001,19840,0,0,0,0,NaN,NaN,78.97794956796912,NaN,NaN,NaN,2.2366900285181655,2.26708275,NaN,NaN,NaN,NaN,NaN,NaN,NaN,NaN,NaN,NaN,1,0,0,0,0,NaN,NaN,78.97794956796912,NaN,NaN,NaN,2.2366900285181655,2.26708275,NaN,NaN,NaN,NaN,NaN,NaN,NaN,NaN,NaN,NaN,1
2024-08-12T15:26:00-04:00,2.286050667970647,2.286050667970647,2.27,2.27,2.278920336648627,2.2142829056754754,2.1650383933621047,0,0,19001,19841,0,0,0,0,NaN,NaN,78.47383229701953,NaN,NaN,NaN,2.2366900285181655,2.26708275,NaN,NaN,NaN,NaN,NaN,NaN,NaN,NaN,NaN,NaN,1,0,0,0,0,NaN,NaN,78.47383229701953,NaN,NaN,NaN,2.2366900285181655,2.26708275,NaN,NaN,NaN,NaN,NaN,NaN,NaN,NaN,NaN,NaN,1
2024-08-12T15:28:00-04:00,2.2780253339853234,2.32,2.2780253339853234,2.2937499999999997,2.2816166390761494,2.215496143756766,2.1674332888188577,0,0,19001,19842,0,0,0,0,NaN,NaN,78.45444370978886,NaN,NaN,NaN,2.2366900285181655,2.26708275,NaN,NaN,NaN,NaN,NaN,NaN,NaN,NaN,NaN,NaN,1,0,0,0,0,NaN,NaN,78.45444370978886,NaN,NaN,NaN,2.2366900285181655,2.26708275,NaN,NaN,NaN,NaN,NaN,NaN,NaN,NaN,NaN,NaN,1
2024-08-12T15:30:00-04:00,2.2858876669926618,2.2858876669926618,2.27,2.275,2.2804136137895767,2.2164045995772734,2.1678734441950622,0,0,19001,19843,0,0,0,0,NaN,NaN,78.27137309903816,NaN,NaN,NaN,2.2366900285181655,2.26708275,NaN,NaN,NaN,NaN,NaN,NaN,NaN,NaN,NaN,NaN,1,0,0,0,0,NaN,NaN,78.27137309903816,NaN,NaN,NaN,2.2366900285181655,2.26708275,NaN,NaN,NaN,NaN,NaN,NaN,NaN,NaN,NaN,NaN,1
2024-08-12T15:32:00-04:00,2.2804438334963306,2.2804438334963306,2.27,2.27,2.278520229464199,2.2172228499654065,2.1679113172386937,0,0,19001,19844,0,0,0,0,NaN,NaN,77.56429352278063,NaN,NaN,NaN,2.2366900285181655,2.26708275,NaN,NaN,NaN,NaN,NaN,NaN,NaN,NaN,NaN,NaN,1,0,0,0,0,NaN,NaN,77.56429352278063,NaN,NaN,NaN,2.2366900285181655,2.26708275,NaN,NaN,NaN,NaN,NaN,NaN,NaN,NaN,NaN,NaN,1
2024-08-12T15:36:00-04:00,2.2752219167481655,2.2752219167481655,2.2701,2.2701,2.2769892786525263,2.218030134698759,2.1679870532322916,0,0,19001,19845,0,0,0,0,NaN,NaN,76.75947441858986,NaN,NaN,NaN,2.2366900285181655,2.26708275,NaN,NaN,NaN,NaN,NaN,NaN,NaN,NaN,NaN,NaN,1,0,0,0,0,NaN,NaN,76.75947441858986,NaN,NaN,NaN,2.2366900285181655,2.26708275,NaN,NaN,NaN,NaN,NaN,NaN,NaN,NaN,NaN,NaN,1
2024-08-12T15:37:00-04:00,2.2726609583740824,2.28,2.2701,2.27505,2.2766366825338853,2.2189006669934344,2.168105943810035,0,0,19001,19846,0,0,0,0,NaN,NaN,76.23853477220464,NaN,NaN,NaN,2.2366900285181655,2.26708275,NaN,NaN,NaN,NaN,NaN,NaN,NaN,NaN,NaN,NaN,1,0,0,0,0,NaN,NaN,76.23853477220464,NaN,NaN,NaN,2.2366900285181655,2.26708275,NaN,NaN,NaN,NaN,NaN,NaN,NaN,NaN,NaN,NaN,1
2024-08-12T15:38:00-04:00,2.2738554791870413,2.31,2.2701,2.2800749999999996,2.277261831164088,2.2198346262759774,2.1682714836170094,0,0,19001,19847,0,0,0,0,NaN,NaN,75.54611295798139,NaN,NaN,NaN,2.2366900285181655,2.26708275,NaN,NaN,NaN,NaN,NaN,NaN,NaN,NaN,NaN,NaN,1,0,0,0,0,NaN,NaN,75.54611295798139,NaN,NaN,NaN,2.2366900285181655,2.26708275,NaN,NaN,NaN,NaN,NaN,NaN,NaN,NaN,NaN,NaN,1
2024-08-12T15:39:00-04:00,2.2769652395935207,2.295,2.2769652395935207,2.295,2.2804869527706173,2.220982189233596,2.1683183065156753,0,0,19001,19848,0,0,0,0,NaN,NaN,75.195740895163,NaN,NaN,NaN,2.2366900285181655,2.26708275,NaN,NaN,NaN,NaN,NaN,NaN,NaN,NaN,NaN,NaN,1,0,0,0,0,NaN,NaN,75.195740895163,NaN,NaN,NaN,2.2366900285181655,2.26708275,NaN,NaN,NaN,NaN,NaN,NaN,NaN,NaN,NaN,NaN,1
2024-08-12T15:40:00-04:00,2.2859826197967603,2.2859826197967603,2.2701,2.2701,2.2785984159032324,2.2217320794743047,2.168355898321361,0,0,19001,19849,0,0,0,0,NaN,NaN,74.33151421293307,NaN,NaN,NaN,2.2366900285181655,2.26708275,NaN,NaN,NaN,NaN,NaN,NaN,NaN,NaN,NaN,NaN,1,0,0,0,0,NaN,NaN,74.33151421293307,NaN,NaN,NaN,2.2366900285181655,2.26708275,NaN,NaN,NaN,NaN,NaN,NaN,NaN,NaN,NaN,NaN,1
2024-08-12T15:41:00-04:00,2.27804130989838,2.32,2.275,2.2924999999999995,2.281125976648099,2.2228125057418726,2.169130503202364,0,0,19001,19850,0,0,0,0,NaN,NaN,74.03317633529231,NaN,NaN,NaN,2.2366900285181655,2.26708275,NaN,NaN,NaN,NaN,NaN,NaN,NaN,NaN,NaN,NaN,1,0,0,0,0,NaN,NaN,74.03317633529231,NaN,NaN,NaN,2.2366900285181655,2.26708275,NaN,NaN,NaN,NaN,NaN,NaN,NaN,NaN,NaN,NaN,1
2024-08-12T15:42:00-04:00,2.2852706549491897,2.3,2.2852706549491897,2.3,2.2845576172575357,2.223990940768714,2.169178519014511,0,0,19001,19851,0,0,0,0,NaN,NaN,73.83146833987145,NaN,NaN,NaN,2.2366900285181655,2.26945,NaN,NaN,NaN,NaN,NaN,NaN,NaN,NaN,NaN,NaN,1,0,0,0,0,NaN,NaN,73.83146833987145,NaN,NaN,NaN,2.2366900285181655,2.26945,NaN,NaN,NaN,NaN,NaN,NaN,NaN,NaN,NaN,NaN,1
2024-08-12T15:44:00-04:00,2.2926353274745948,2.31,2.2926353274745948,2.3049999999999997,2.288274414119802,2.225227720298963,2.169626032158739,0,0,19001,19852,0,0,0,0,NaN,NaN,73.6446602635765,NaN,NaN,NaN,2.2366900285181655,2.2729415,NaN,NaN,NaN,NaN,NaN,NaN,NaN,NaN,NaN,NaN,1,0,0,0,0,NaN,NaN,73.6446602635765,NaN,NaN,NaN,2.2366900285181655,2.2729415,NaN,NaN,NaN,NaN,NaN,NaN,NaN,NaN,NaN,NaN,1
2024-08-12T15:45:00-04:00,2.2988176637372972,2.35,2.2701,2.2975499999999998,2.289960884279838,2.2263318772409635,2.174557757690185,0,0,19001,19853,0,0,0,0,NaN,NaN,73.14010707560163,NaN,NaN,NaN,2.2366900285181655,2.2729415,NaN,NaN,NaN,NaN,NaN,NaN,NaN,NaN,NaN,NaN,1,0,0,0,0,NaN,NaN,73.14010707560163,NaN,NaN,NaN,2.2366900285181655,2.2729415,NaN,NaN,NaN,NaN,NaN,NaN,NaN,NaN,NaN,NaN,1
2024-08-12T15:46:00-04:00,2.2981838318686485,2.2981838318686485,2.2701,2.2750749999999997,2.287254359865322,2.2270760470540787,2.1747693573455997,0,0,19001,19854,0,0,0,0,NaN,NaN,71.82720980241096,NaN,NaN,NaN,2.2366900285181655,2.2729415,NaN,NaN,NaN,NaN,NaN,NaN,NaN,NaN,NaN,NaN,1,0,0,0,0,NaN,NaN,71.82720980241096,NaN,NaN,NaN,2.2366900285181655,2.2729415,NaN,NaN,NaN,NaN,NaN,NaN,NaN,NaN,NaN,NaN,1
2024-08-12T15:47:00-04:00,2.286629415934324,2.35,2.2701,2.302525,2.290030839889809,2.2282279394654667,2.179300652872062,0,0,19001,19855,0,0,0,0,NaN,NaN,71.32164405844489,NaN,NaN,NaN,2.2366900285181655,2.2729415,NaN,NaN,NaN,NaN,NaN,NaN,NaN,NaN,NaN,NaN,1,0,0,0,0,NaN,NaN,71.32164405844489,NaN,NaN,NaN,2.2366900285181655,2.2729415,NaN,NaN,NaN,NaN,NaN,NaN,NaN,NaN,NaN,NaN,1
2024-08-12T15:48:00-04:00,2.294577207967162,2.31,2.2701,2.29005,2.2900343235462075,2.2291717877179025,2.179487728207918,0,0,19001,19856,0,0,0,0,NaN,NaN,70.43622178087581,NaN,NaN,NaN,2.2366900285181655,2.2729415,NaN,NaN,NaN,NaN,NaN,NaN,NaN,NaN,NaN,NaN,1,0,0,0,0,NaN,NaN,70.43622178087581,NaN,NaN,NaN,2.2366900285181655,2.2729415,NaN,NaN,NaN,NaN,NaN,NaN,NaN,NaN,NaN,NaN,1
2024-08-12T15:49:00-04:00,2.292313603983581,2.31,2.2701,2.295025,2.2909417192650787,2.2301771802718275,2.179760311777474,0,0,19001,19857,0,0,0,0,NaN,NaN,69.73680447520701,NaN,NaN,NaN,2.2366900285181655,2.2729415,NaN,NaN,NaN,NaN,NaN,NaN,NaN,NaN,NaN,NaN,1,0,0,0,0,NaN,NaN,69.73680447520701,NaN,NaN,NaN,2.2366900285181655,2.2729415,NaN,NaN,NaN,NaN,NaN,NaN,NaN,NaN,NaN,NaN,1
2024-08-12T15:50:00-04:00,2.29366930199179,2.3499,2.2701,2.314975,2.295311406671428,2.2314718034737844,2.180146118816607,1,0,19858,19857,0,0,0,0,NaN,NaN,69.28312365073353,NaN,NaN,NaN,2.2366900285181655,2.28015176,NaN,NaN,NaN,NaN,NaN,NaN,NaN,NaN,NaN,NaN,1,0,0,0,0,NaN,NaN,69.28312365073353,NaN,NaN,NaN,2.2366900285181655,2.28015176,NaN,NaN,NaN,NaN,NaN,NaN,NaN,NaN,NaN,NaN,1
2024-08-12T15:51:00-04:00,2.304322150995895,2.31,2.2701,2.292525,2.294804787276623,2.2324039133444136,2.1804474521620514,0,0,19858,19857,0,0,0,0,NaN,NaN,68.16817749853384,NaN,NaN,NaN,2.2366900285181655,2.28015176,NaN,NaN,NaN,NaN,NaN,NaN,NaN,NaN,NaN,NaN,1,0,0,0,0,NaN,NaN,68.16817749853384,NaN,NaN,NaN,2.2366900285181655,2.28015176,NaN,NaN,NaN,NaN,NaN,NaN,NaN,NaN,NaN,NaN,1
2024-08-12T15:52:00-04:00,2.2984235754979476,2.315,2.2701,2.283825,2.292808462317237,2.2331889681025143,2.18068943190292,0,0,19858,19857,0,0,0,0,NaN,NaN,66.63014275709355,NaN,NaN,NaN,2.2366900285181655,2.28015176,NaN,NaN,NaN,NaN,NaN,NaN,NaN,NaN,NaN,NaN,1,0,0,0,0,NaN,NaN,66.63014275709355,NaN,NaN,NaN,2.2366900285181655,2.28015176,NaN,NaN,NaN,NaN,NaN,NaN,NaN,NaN,NaN,NaN,1
2024-08-12T15:53:00-04:00,2.291124287748974,2.315,2.2801,2.288825,2.2920841964413756,2.2340383731696516,2.1808338769949014,0,0,19858,19857,0,0,0,0,NaN,NaN,65.4425973821493,NaN,NaN,NaN,2.2366900285181655,2.28015176,NaN,NaN,NaN,NaN,NaN,NaN,NaN,NaN,NaN,NaN,1,0,0,0,0,NaN,NaN,65.4425973821493,NaN,NaN,NaN,2.2366900285181655,2.28015176,NaN,NaN,NaN,NaN,NaN,NaN,NaN,NaN,NaN,NaN,1
2024-08-12T15:54:00-04:00,2.289974643874487,2.3434,2.2801,2.30465,2.2943688879974893,2.2351164132739316,2.181282932445158,0,0,19858,19857,0,0,0,0,NaN,NaN,65.81298062776546,NaN,NaN,NaN,2.2366900285181655,2.28015176,NaN,NaN,NaN,NaN,NaN,NaN,NaN,NaN,NaN,NaN,1,0,0,0,0,NaN,NaN,65.81298062776546,NaN,NaN,NaN,2.2366900285181655,2.28015176,NaN,NaN,NaN,NaN,NaN,NaN,NaN,NaN,NaN,NaN,1
2024-08-12T15:55:00-04:00,2.2973123219372438,2.35,2.2801,2.3150500000000003,2.298129090179764,2.2363367733766197,2.181774719874027,0,0,19858,19857,0,0,0,0,NaN,NaN,66.8046919012951,NaN,NaN,NaN,2.2366900285181655,2.2833267266,NaN,NaN,NaN,NaN,NaN,NaN,NaN,NaN,NaN,NaN,1,0,0,0,0,NaN,NaN,66.8046919012951,NaN,NaN,NaN,2.2366900285181655,2.2833267266,NaN,NaN,NaN,NaN,NaN,NaN,NaN,NaN,NaN,NaN,1
2024-08-12T15:56:00-04:00,2.306181160968622,2.3399,2.28,2.30375,2.299151073783443,2.237365982943389,2.182125099580523,0,0,19858,19857,0,0,0,0,NaN,NaN,67.10910298567434,NaN,NaN,NaN,2.2366900285181655,2.2833267266,NaN,NaN,NaN,NaN,NaN,NaN,NaN,NaN,NaN,NaN,1,0,0,0,0,NaN,NaN,67.10910298567434,NaN,NaN,NaN,2.2366900285181655,2.2833267266,NaN,NaN,NaN,NaN,NaN,NaN,NaN,NaN,NaN,NaN,1
2024-08-12T15:57:00-04:00,2.304965580484311,2.3499,2.2801,2.30875,2.3008963330955443,2.238455815264864,2.182750683340954,1,0,19858,19857,0,0,0,0,NaN,NaN,67.67885484766781,NaN,NaN,NaN,2.2366900285181655,2.2833267266,NaN,NaN,NaN,NaN,NaN,NaN,NaN,NaN,NaN,NaN,1,0,0,0,0,NaN,NaN,67.67885484766781,NaN,NaN,NaN,2.2366900285181655,2.2833267266,NaN,NaN,NaN,NaN,NaN,NaN,NaN,NaN,NaN,NaN,1
2024-08-12T15:58:00-04:00,2.306857790242155,2.35,2.2801,2.3200250000000002,2.3043742725327183,2.239701146329523,2.1838214204124533,0,0,19858,19857,0,0,0,0,NaN,NaN,67.43017871642552,NaN,NaN,NaN,2.2366900285181655,2.289919519408,NaN,NaN,NaN,NaN,NaN,NaN,NaN,NaN,NaN,NaN,1,0,0,0,0,NaN,NaN,67.43017871642552,NaN,NaN,NaN,2.2366900285181655,2.289919519408,NaN,NaN,NaN,NaN,NaN,NaN,NaN,NaN,NaN,NaN,1
2024-08-12T15:59:00-04:00,2.3134413951210777,2.35,2.2801,2.317525,2.306765313890406,2.2408892967672402,2.1849172130457726,0,0,19858,19857,0,0,0,0,NaN,NaN,66.8578052566152,NaN,NaN,NaN,2.2366900285181655,2.289919519408,NaN,NaN,NaN,NaN,NaN,NaN,NaN,NaN,NaN,NaN,1,0,0,0,0,NaN,NaN,66.8578052566152,NaN,NaN,NaN,2.2366900285181655,2.289919519408,NaN,NaN,NaN,NaN,NaN,NaN,NaN,NaN,NaN,NaN,1
2024-08-12T16:00:00-04:00,2.315483197560539,2.315483197560539,2.3,2.3,2.305535256819423,2.2417917502517097,2.1877380869007856,0,0,19858,19857,0,0,0,0,NaN,NaN,65.53860615995094,NaN,NaN,NaN,2.2366900285181655,2.289919519408,NaN,NaN,NaN,NaN,NaN,NaN,NaN,NaN,NaN,NaN,1,0,0,0,0,NaN,NaN,65.53860615995094,NaN,NaN,NaN,2.2366900285181655,2.289919519408,NaN,NaN,NaN,NaN,NaN,NaN,NaN,NaN,NaN,NaN,1
2024-08-13T09:30:00-04:00,2.3077415987802694,2.4,2.3077415987802694,2.4,2.3227106646704367,2.244207143377638,2.4,1,0,19858,19857,0,0,0,0,NaN,NaN,66.3117395300304,NaN,NaN,NaN,2.2366900285181655,2.3404209664968,NaN,NaN,NaN,NaN,NaN,NaN,NaN,NaN,NaN,NaN,1,0,0,0,0,NaN,NaN,66.3117395300304,NaN,NaN,NaN,2.2366900285181655,2.3404209664968,NaN,NaN,NaN,NaN,NaN,NaN,NaN,NaN,NaN,NaN,1
2024-08-13T09:38:00-04:00,2.3538707993901347,2.3538707993901347,2.3,2.3,2.3185814529121753,2.245058942715384,2.3964838255977496,0,0,19858,19857,0,0,0,0,NaN,NaN,64.88853938013807,NaN,NaN,NaN,2.2366900285181655,2.3404209664968,NaN,NaN,NaN,NaN,NaN,NaN,NaN,NaN,NaN,NaN,1,0,0,0,0,NaN,NaN,64.88853938013807,NaN,NaN,NaN,2.2366900285181655,2.3404209664968,NaN,NaN,NaN,NaN,NaN,NaN,NaN,NaN,NaN,NaN,1
2024-08-13T09:46:00-04:00,2.326935399695067,2.47,2.326935399695067,2.47,2.3461120978372345,2.2484931573304165,2.39775397373877,0,0,19858,19857,0,0,0,0,NaN,NaN,64.20562687456678,NaN,NaN,NaN,2.2523901197651925,2.392445192527376,NaN,NaN,NaN,NaN,NaN,NaN,NaN,NaN,NaN,NaN,1,0,0,0,0,NaN,NaN,64.20562687456678,NaN,NaN,NaN,2.2523901197651925,2.392445192527376,NaN,NaN,NaN,NaN,NaN,NaN,NaN,NaN,NaN,NaN,1
2024-08-13T09:49:00-04:00,2.398467699847534,2.398467699847534,2.33,2.3449999999999998,2.3459098982304645,2.2499665442414027,2.384231658743415,0,0,19858,19857,0,0,0,0,NaN,NaN,64.15866987237621,NaN,NaN,NaN,2.278698258775962,2.392445192527376,NaN,NaN,NaN,NaN,NaN,NaN,NaN,NaN,NaN,NaN,1,0,0,0,0,NaN,NaN,64.15866987237621,NaN,NaN,NaN,2.278698258775962,2.392445192527376,NaN,NaN,NaN,NaN,NaN,NaN,NaN,NaN,NaN,NaN,1
2024-08-13T09:54:00-04:00,2.371733849923767,2.4001,2.371733849923767,2.4001,2.355762644006744,2.252258658069778,2.385710707211931,1,0,19858,19857,0,0,0,0,NaN,NaN,64.4831336709027,NaN,NaN,NaN,2.3336476424820822,2.392445192527376,NaN,NaN,NaN,NaN,NaN,NaN,NaN,NaN,NaN,NaN,1,0,0,0,0,NaN,NaN,64.4831336709027,NaN,NaN,NaN,2.3336476424820822,2.392445192527376,NaN,NaN,NaN,NaN,NaN,NaN,NaN,NaN,NaN,NaN,1
2024-08-13T10:00:00-04:00,2.3859169249618835,2.46,2.3859169249618835,2.43,2.3692603450964267,2.254972266343522,2.386743855257169,0,0,19858,19857,0,0,0,0,NaN,NaN,64.98158578280791,NaN,NaN,NaN,2.3632316773630877,2.392445192527376,NaN,NaN,NaN,NaN,NaN,NaN,NaN,NaN,NaN,NaN,1,0,0,0,0,NaN,NaN,64.98158578280791,NaN,NaN,NaN,2.3632316773630877,2.392445192527376,NaN,NaN,NaN,NaN,NaN,NaN,NaN,NaN,NaN,NaN,1
2024-08-13T10:06:00-04:00,2.407958462480942,2.49,2.4,2.4450000000000003,2.383031191442531,2.257873453116903,2.397544030404153,0,0,19858,19857,0,0,0,0,NaN,NaN,65.35560785699278,NaN,NaN,NaN,2.3777780189762723,2.392445192527376,NaN,NaN,NaN,NaN,NaN,NaN,NaN,NaN,NaN,NaN,1,0,0,0,0,NaN,NaN,65.35560785699278,NaN,NaN,NaN,2.3777780189762723,2.392445192527376,NaN,NaN,NaN,NaN,NaN,NaN,NaN,NaN,NaN,NaN,1
2024-08-13T10:15:00-04:00,2.426479231240471,2.455,2.426479231240471,2.4546,2.3960437020893437,2.2608769118479426,2.399087752525253,0,0,19858,19857,0,0,0,0,NaN,NaN,65.31897367468238,NaN,NaN,NaN,2.387464572154746,2.392445192527376,NaN,NaN,NaN,NaN,NaN,NaN,NaN,NaN,NaN,NaN,1,0,0,0,0,NaN,NaN,65.31897367468238,NaN,NaN,NaN,2.387464572154746,2.392445192527376,NaN,NaN,NaN,NaN,NaN,NaN,NaN,NaN,NaN,NaN,1
2024-08-13T10:18:00-04:00,2.4405396156202355,2.5,2.4405396156202355,2.49,2.4131266653458265,2.264374974262478,2.4140136439017037,0,0,19858,19857,0,0,0,0,NaN,NaN,65.1432635134708,NaN,NaN,NaN,2.4226799709306497,2.4208317020966272,NaN,NaN,NaN,NaN,NaN,NaN,NaN,NaN,NaN,NaN,1,0,0,0,0,NaN,NaN,65.1432635134708,NaN,NaN,NaN,2.4226799709306497,2.4208317020966272,NaN,NaN,NaN,NaN,NaN,NaN,NaN,NaN,NaN,NaN,1
2024-08-13T10:20:00-04:00,2.4652698078101176,2.4652698078101176,2.4,2.43,2.416194544373858,2.2669036006096155,2.4162672408210843,0,0,19858,19857,0,0,0,0,NaN,NaN,65.7546254289608,NaN,NaN,NaN,2.4226799709306497,2.4208317020966272,NaN,NaN,NaN,NaN,NaN,NaN,NaN,NaN,NaN,NaN,1,0,0,0,0,NaN,NaN,65.7546254289608,NaN,NaN,NaN,2.4226799709306497,2.4208317020966272,NaN,NaN,NaN,NaN,NaN,NaN,NaN,NaN,NaN,NaN,1
2024-08-13T10:22:00-04:00,2.447634903905059,2.447634903905059,2.39,2.39,2.4114318999422473,2.2687829349514534,2.4160982435823204,0,0,19858,19857,0,0,0,0,NaN,NaN,65.43998887095385,NaN,NaN,NaN,2.4226799709306497,2.4208317020966272,NaN,NaN,NaN,NaN,NaN,NaN,NaN,NaN,NaN,NaN,1,0,0,0,0,NaN,NaN,65.43998887095385,NaN,NaN,NaN,2.4226799709306497,2.4208317020966272,NaN,NaN,NaN,NaN,NaN,NaN,NaN,NaN,NaN,NaN,1
2024-08-13T10:30:00-04:00,2.4188174519525294,2.4188174519525294,2.38,2.38,2.405717009043657,2.27048090541021,2.4156396493679737,0,0,19858,19857,0,0,0,0,NaN,NaN,64.72789817185122,NaN,NaN,NaN,2.4226799709306497,2.4208317020966272,NaN,NaN,NaN,NaN,NaN,NaN,NaN,NaN,NaN,NaN,1,0,0,0,0,NaN,NaN,64.72789817185122,NaN,NaN,NaN,2.4226799709306497,2.4208317020966272,NaN,NaN,NaN,NaN,NaN,NaN,NaN,NaN,NaN,NaN,1
2024-08-13T10:50:00-04:00,2.3994087259762646,2.3994087259762646,2.29,2.295,2.3855866437629922,2.2708552427321913,2.392837935297754,0,0,19858,19857,0,0,0,0,NaN,NaN,60.70199728942861,NaN,NaN,NaN,2.4226799709306497,2.3691,NaN,NaN,NaN,NaN,NaN,NaN,NaN,NaN,NaN,NaN,1,0,0,0,0,NaN,NaN,60.70199728942861,NaN,NaN,NaN,2.4226799709306497,2.3691,NaN,NaN,NaN,NaN,NaN,NaN,NaN,NaN,NaN,NaN,1
2024-08-13T11:00:00-04:00,2.3472043629881325,2.3472043629881325,2.32,2.3275,2.3750254358060845,2.2717200481866615,2.3918435470779222,0,0,19858,19857,0,0,0,0,NaN,NaN,58.12703994843622,NaN,NaN,NaN,2.4226799709306497,2.3691,NaN,NaN,NaN,NaN,NaN,NaN,NaN,NaN,NaN,NaN,1,0,0,0,0,NaN,NaN,58.12703994843622,NaN,NaN,NaN,2.4226799709306497,2.3691,NaN,NaN,NaN,NaN,NaN,NaN,NaN,NaN,NaN,NaN,1
2024-08-13T11:07:00-04:00,2.337352181494066,2.337352181494066,2.3,2.315,2.364111720204978,2.272380810809766,2.3904164799601695,0,0,19858,19857,0,0,0,0,NaN,NaN,54.86870328318945,NaN,NaN,NaN,2.4226799709306497,2.3691,NaN,NaN,NaN,NaN,NaN,NaN,NaN,NaN,NaN,NaN,1,0,0,0,0,NaN,NaN,54.86870328318945,NaN,NaN,NaN,2.4226799709306497,2.3691,NaN,NaN,NaN,NaN,NaN,NaN,NaN,NaN,NaN,NaN,1
2024-08-13T11:08:00-04:00,2.3261760907470332,2.33,2.27,2.3,2.352455043804073,2.272802477820304,2.3750760676340485,0,0,19858,19857,0,0,0,0,NaN,NaN,50.73113181245913,NaN,NaN,NaN,2.4226799709306497,2.3691,NaN,NaN,NaN,NaN,NaN,NaN,NaN,NaN,NaN,NaN,1,0,0,0,0,NaN,NaN,50.73113181245913,NaN,NaN,NaN,2.4226799709306497,2.3691,NaN,NaN,NaN,NaN,NaN,NaN,NaN,NaN,NaN,NaN,1
2024-08-13T11:09:00-04:00,2.3130880453735165,2.375,2.3130880453735165,2.3525,2.352463217657878,2.2740192338841165,2.37470881288381,0,0,19858,19857,0,0,0,0,NaN,NaN,49.31473484156683,NaN,NaN,NaN,2.4226799709306497,2.3691,NaN,NaN,NaN,NaN,NaN,NaN,NaN,NaN,NaN,NaN,1,0,0,0,0,NaN,NaN,49.31473484156683,NaN,NaN,NaN,2.4226799709306497,2.3691,NaN,NaN,NaN,NaN,NaN,NaN,NaN,NaN,NaN,NaN,1
2024-08-13T11:10:00-04:00,2.332794022686758,2.34,2.332794022686758,2.34,2.3501971780837185,2.275026573824817,2.3744287788938645,0,0,19858,19857,0,0,0,0,NaN,NaN,46.91448044495239,NaN,NaN,NaN,2.4226799709306497,2.3691,NaN,NaN,NaN,NaN,NaN,NaN,NaN,NaN,NaN,NaN,1,0,0,0,0,NaN,NaN,46.91448044495239,NaN,NaN,NaN,2.4226799709306497,2.3691,NaN,NaN,NaN,NaN,NaN,NaN,NaN,NaN,NaN,NaN,1
2024-08-13T11:11:00-04:00,2.336397011343379,2.336397011343379,2.29,2.295,2.3401613275230426,2.2753315116290183,2.3737363538209304,0,0,19858,19857,0,0,0,0,NaN,NaN,42.247636744247146,NaN,NaN,NaN,2.4226799709306497,2.3691,NaN,NaN,NaN,NaN,NaN,NaN,NaN,NaN,NaN,NaN,1,0,0,0,0,NaN,NaN,42.247636744247146,NaN,NaN,NaN,2.4226799709306497,2.3691,NaN,NaN,NaN,NaN,NaN,NaN,NaN,NaN,NaN,NaN,1
2024-08-13T11:12:00-04:00,2.3156985056716897,2.38,2.3,2.34,2.340131995246126,2.2763188167949875,2.3734686793351054,0,0,19858,19857,0,0,0,0,NaN,NaN,40.004413020188665,NaN,NaN,NaN,2.4226799709306497,2.3691,NaN,NaN,NaN,NaN,NaN,NaN,NaN,NaN,NaN,NaN,1,0,0,0,0,NaN,NaN,40.004413020188665,NaN,NaN,NaN,2.4226799709306497,2.3691,NaN,NaN,NaN,NaN,NaN,NaN,NaN,NaN,NaN,NaN,1
2024-08-13T11:15:00-04:00,2.3278492528358448,2.385,2.3278492528358448,2.3575,2.3432898142922847,2.2775582241721635,2.3729181828628336,0,0,19858,19857,0,0,0,0,NaN,NaN,38.025223228979016,NaN,NaN,NaN,2.4226799709306497,2.3691,NaN,NaN,NaN,NaN,NaN,NaN,NaN,NaN,NaN,NaN,1,0,0,0,0,NaN,NaN,38.025223228979016,NaN,NaN,NaN,2.4226799709306497,2.3691,NaN,NaN,NaN,NaN,NaN,NaN,NaN,NaN,NaN,NaN,1
2024-08-13T11:17:00-04:00,2.3426746264179226,2.345,2.32,2.3325,2.3413280298755055,2.278397029909993,2.372610902041282,0,0,19858,19857,0,0,0,0,NaN,NaN,34.908636362173986,NaN,NaN,NaN,2.4226799709306497,2.3691,NaN,NaN,NaN,NaN,NaN,NaN,NaN,NaN,NaN,NaN,1,0,0,0,0,NaN,NaN,34.908636362173986,NaN,NaN,NaN,2.4226799709306497,2.3691,NaN,NaN,NaN,NaN,NaN,NaN,NaN,NaN,NaN,NaN,1
2024-08-13T11:19:00-04:00,2.337587313208961,2.4,2.337587313208961,2.3674999999999997,2.346086569898141,2.27975738059839,2.3724871105341245,0,0,19858,19857,0,0,0,0,NaN,NaN,33.882021694314126,NaN,NaN,NaN,2.4226799709306497,2.3691,NaN,NaN,NaN,NaN,NaN,NaN,NaN,NaN,NaN,NaN,1,0,0,0,0,NaN,NaN,33.882021694314126,NaN,NaN,NaN,2.4226799709306497,2.3691,NaN,NaN,NaN,NaN,NaN,NaN,NaN,NaN,NaN,NaN,1
2024-08-13T11:21:00-04:00,2.3525436566044804,2.36,2.35,2.355,2.3477071935530245,2.2809061228793306,2.372294662509171,0,0,19858,19857,0,0,0,0,NaN,NaN,34.750448002256235,NaN,NaN,NaN,2.4226799709306497,2.3691,NaN,NaN,NaN,NaN,NaN,NaN,NaN,NaN,NaN,NaN,1,0,0,0,0,NaN,NaN,34.750448002256235,NaN,NaN,NaN,2.4226799709306497,2.3691,NaN,NaN,NaN,NaN,NaN,NaN,NaN,NaN,NaN,NaN,1
2024-08-13T11:26:00-04:00,2.35377182830224,2.35377182830224,2.35,2.35,2.3481240674524746,2.2819609912323178,2.372213176169591,0,0,19858,19857,0,0,0,0,NaN,NaN,37.729253172919606,NaN,NaN,NaN,2.4226799709306497,2.3691,NaN,NaN,NaN,NaN,NaN,NaN,NaN,NaN,NaN,NaN,1,0,0,0,0,NaN,NaN,37.729253172919606,NaN,NaN,NaN,2.4226799709306497,2.3691,NaN,NaN,NaN,NaN,NaN,NaN,NaN,NaN,NaN,NaN,1
2024-08-13T11:27:00-04:00,2.3518859141511204,2.3518859141511204,2.31,2.31,2.341192418824752,2.2823890677020535,2.3719866168973054,0,0,19858,19857,0,0,0,0,NaN,NaN,36.3466432953855,NaN,NaN,NaN,2.4226799709306497,2.3691,NaN,NaN,NaN,NaN,NaN,NaN,NaN,NaN,NaN,NaN,1,0,0,0,0,NaN,NaN,36.3466432953855,NaN,NaN,NaN,2.4226799709306497,2.3691,NaN,NaN,NaN,NaN,NaN,NaN,NaN,NaN,NaN,NaN,1
2024-08-13T11:28:00-04:00,2.3309429570755604,2.3309429570755604,2.3005,2.3005,2.3337937972202516,2.282665570485228,2.3694747891777936,0,0,19858,19857,0,0,0,0,NaN,NaN,34.55166591872831,NaN,NaN,NaN,2.4226799709306497,2.3691,NaN,NaN,NaN,NaN,NaN,NaN,NaN,NaN,NaN,NaN,1,0,0,0,0,NaN,NaN,34.55166591872831,NaN,NaN,NaN,2.4226799709306497,2.3691,NaN,NaN,NaN,NaN,NaN,NaN,NaN,NaN,NaN,NaN,1
2024-08-13T11:29:00-04:00,2.31572147853778,2.395,2.31572147853778,2.395,2.3449221977256602,2.2843805999434688,2.369564163165266,0,0,19858,19857,0,0,0,0,NaN,NaN,36.777342759635815,NaN,NaN,NaN,2.4226799709306497,2.3691,NaN,NaN,NaN,NaN,NaN,NaN,NaN,NaN,NaN,NaN,1,0,0,0,0,NaN,NaN,36.777342759635815,NaN,NaN,NaN,2.4226799709306497,2.3691,NaN,NaN,NaN,NaN,NaN,NaN,NaN,NaN,NaN,NaN,1
2024-08-13T11:32:00-04:00,2.35536073926889,2.37,2.32,2.3449999999999998,2.344936343593722,2.285306086967233,2.3693933414464534,0,0,19858,19857,0,0,0,0,NaN,NaN,37.01983076733636,NaN,NaN,NaN,2.4226799709306497,2.3691,NaN,NaN,NaN,NaN,NaN,NaN,NaN,NaN,NaN,NaN,1,0,0,0,0,NaN,NaN,37.01983076733636,NaN,NaN,NaN,2.4226799709306497,2.3691,NaN,NaN,NaN,NaN,NaN,NaN,NaN,NaN,NaN,NaN,1
2024-08-13T11:33:00-04:00,2.3501803696344448,2.3501803696344448,2.31,2.31,2.3385842811221362,2.2856830932730765,2.3691875433125436,0,0,19858,19857,0,0,0,0,NaN,NaN,35.564177839234524,NaN,NaN,NaN,2.4226799709306497,2.3691,NaN,NaN,NaN,NaN,NaN,NaN,NaN,NaN,NaN,NaN,1,0,0,0,0,NaN,NaN,35.564177839234524,NaN,NaN,NaN,2.4226799709306497,2.3691,NaN,NaN,NaN,NaN,NaN,NaN,NaN,NaN,NaN,NaN,1
2024-08-13T11:38:00-04:00,2.330090184817222,2.330090184817222,2.31,2.31,2.3333871390999295,2.286054343757457,2.3689831664364642,0,0,19858,19857,0,0,0,0,NaN,NaN,33.673426590909,NaN,NaN,NaN,2.4226799709306497,2.3691,NaN,NaN,NaN,NaN,NaN,NaN,NaN,NaN,NaN,NaN,1,0,0,0,0,NaN,NaN,33.673426590909,NaN,NaN,NaN,2.4226799709306497,2.3691,NaN,NaN,NaN,NaN,NaN,NaN,NaN,NaN,NaN,NaN,1
2024-08-13T11:39:00-04:00,2.320045092408611,2.320045092408611,2.31,2.31,2.3291349319908514,2.2864199262955114,2.368780196145905,0,0,19858,19857,0,0,0,0,NaN,NaN,31.907841452302975,NaN,NaN,NaN,2.4226799709306497,2.3691,NaN,NaN,NaN,NaN,NaN,NaN,NaN,NaN,NaN,NaN,1,0,0,0,0,NaN,NaN,31.907841452302975,NaN,NaN,NaN,2.4226799709306497,2.3691,NaN,NaN,NaN,NaN,NaN,NaN,NaN,NaN,NaN,NaN,1
2024-08-13T11:45:00-04:00,2.3150225462043057,2.33,2.3150225462043057,2.3225000000000002,2.3279285807197874,2.2869707671154273,2.368307305858311,0,0,19858,19857,0,0,0,0,NaN,NaN,29.741099914468883,NaN,NaN,NaN,2.4226799709306497,2.3691,NaN,NaN,NaN,NaN,NaN,NaN,NaN,NaN,NaN,NaN,1,0,0,0,0,NaN,NaN,29.741099914468883,NaN,NaN,NaN,2.4226799709306497,2.3691,NaN,NaN,NaN,NaN,NaN,NaN,NaN,NaN,NaN,NaN,1
2024-08-13T11:46:00-04:00,2.3187612731021527,2.32,2.3187612731021527,2.32,2.326487020588917,2.2874750302129017,2.3681433299389,0,0,19858,19857,0,0,0,0,NaN,NaN,26.90750892080248,NaN,NaN,NaN,2.4226799709306497,2.3691,NaN,NaN,NaN,NaN,NaN,NaN,NaN,NaN,NaN,NaN,1,0,0,0,0,NaN,NaN,26.90750892080248,NaN,NaN,NaN,2.4226799709306497,2.3691,NaN,NaN,NaN,NaN,NaN,NaN,NaN,NaN,NaN,NaN,1
2024-08-13T11:49:00-04:00,2.3193806365510765,2.32,2.3193806365510765,2.32,2.325307562300023,2.287971594637132,2.3679804634641406,0,0,19858,19857,0,0,0,0,NaN,NaN,23.755760953252807,NaN,NaN,NaN,2.4226799709306497,2.3691,NaN,NaN,NaN,NaN,NaN,NaN,NaN,NaN,NaN,NaN,1,0,0,0,0,NaN,NaN,23.755760953252807,NaN,NaN,NaN,2.4226799709306497,2.3691,NaN,NaN,NaN,NaN,NaN,NaN,NaN,NaN,NaN,NaN,1
2024-08-13T12:03:00-04:00,2.319690318275538,2.38,2.319690318275538,2.3525,2.330251641881837,2.288956761131222,2.3678249330207635,0,0,19858,19857,0,0,0,0,NaN,NaN,22.027188969952306,NaN,NaN,NaN,2.4226799709306497,2.3691,NaN,NaN,NaN,NaN,NaN,NaN,NaN,NaN,NaN,NaN,1,0,0,0,0,NaN,NaN,22.027188969952306,NaN,NaN,NaN,2.4226799709306497,2.3691,NaN,NaN,NaN,NaN,NaN,NaN,NaN,NaN,NaN,NaN,1
2024-08-13T12:05:00-04:00,2.336095159137769,2.336095159137769,2.33,2.33,2.330205888812412,2.2895833754650963,2.367698681575434,0,0,19858,19857,0,0,0,0,NaN,NaN,20.06363403220818,NaN,NaN,NaN,2.4226799709306497,2.3691,NaN,NaN,NaN,NaN,NaN,NaN,NaN,NaN,NaN,NaN,1,0,0,0,0,NaN,NaN,20.06363403220818,NaN,NaN,NaN,2.4226799709306497,2.3691,NaN,NaN,NaN,NaN,NaN,NaN,NaN,NaN,NaN,NaN,1
2024-08-13T12:06:00-04:00,2.3330475795688845,2.395,2.33,2.34625,2.333122999937428,2.2904485147709726,2.367408424154621,0,0,19858,19857,0,0,0,0,NaN,NaN,18.871145318627672,NaN,NaN,NaN,2.4226799709306497,2.3691,NaN,NaN,NaN,NaN,NaN,NaN,NaN,NaN,NaN,NaN,1,0,0,0,0,NaN,NaN,18.871145318627672,NaN,NaN,NaN,2.4226799709306497,2.3691,NaN,NaN,NaN,NaN,NaN,NaN,NaN,NaN,NaN,NaN,1
2024-08-13T12:07:00-04:00,2.3396487897844422,2.3396487897844422,2.32,2.325,2.3316460908578955,2.2909760183622554,2.367130981976383,0,0,19858,19857,0,0,0,0,NaN,NaN,17.62554340813307,NaN,NaN,NaN,2.4226799709306497,2.3691,NaN,NaN,NaN,NaN,NaN,NaN,NaN,NaN,NaN,NaN,1,0,0,0,0,NaN,NaN,17.62554340813307,NaN,NaN,NaN,2.4226799709306497,2.3691,NaN,NaN,NaN,NaN,NaN,NaN,NaN,NaN,NaN,NaN,1
2024-08-13T12:13:00-04:00,2.332324394892221,2.38,2.332324394892221,2.38,2.3404377107019143,2.2923351631200837,2.3673368498133125,1,0,19858,19857,0,0,0,0,NaN,NaN,18.296247495603275,NaN,NaN,NaN,2.4226799709306497,2.3691,NaN,NaN,NaN,NaN,NaN,NaN,NaN,NaN,NaN,NaN,1,0,0,0,0,NaN,NaN,18.296247495603275,NaN,NaN,NaN,2.4226799709306497,2.3691,NaN,NaN,NaN,NaN,NaN,NaN,NaN,NaN,NaN,NaN,1
2024-08-13T12:21:00-04:00,2.3561621974461104,2.3561621974461104,2.32,2.32,2.3367217633015662,2.2927575270419145,2.367184973370123,0,0,19858,19857,0,0,0,0,NaN,NaN,16.58625084170349,NaN,NaN,NaN,2.4226799709306497,2.3691,NaN,NaN,NaN,NaN,NaN,NaN,NaN,NaN,NaN,NaN,1,0,0,0,0,NaN,NaN,16.58625084170349,NaN,NaN,NaN,2.4226799709306497,2.3691,NaN,NaN,NaN,NaN,NaN,NaN,NaN,NaN,NaN,NaN,1
2024-08-13T12:23:00-04:00,2.3380810987230554,2.3380810987230554,2.32,2.32,2.3336814427012813,2.293173442659595,2.367034068376615,0,0,19858,19857,0,0,0,0,NaN,NaN,14.919295481439605,NaN,NaN,NaN,2.4226799709306497,2.3691,NaN,NaN,NaN,NaN,NaN,NaN,NaN,NaN,NaN,NaN,1,0,0,0,0,NaN,NaN,14.919295481439605,NaN,NaN,NaN,2.4226799709306497,2.3691,NaN,NaN,NaN,NaN,NaN,NaN,NaN,NaN,NaN,NaN,1
2024-08-13T12:26:00-04:00,2.329040549361528,2.375,2.32,2.3475,2.336193907664685,2.2940028557487615,2.3667873326386255,0,0,19858,19857,0,0,0,0,NaN,NaN,14.108034093601942,NaN,NaN,NaN,2.4226799709306497,2.3691,NaN,NaN,NaN,NaN,NaN,NaN,NaN,NaN,NaN,NaN,1,0,0,0,0,NaN,NaN,14.108034093601942,NaN,NaN,NaN,2.4226799709306497,2.3691,NaN,NaN,NaN,NaN,NaN,NaN,NaN,NaN,NaN,NaN,1
2024-08-13T12:29:00-04:00,2.338270274680764,2.38,2.32,2.3525,2.3391586517256515,2.294895941920536,2.3665884711194147,0,0,19858,19857,0,0,0,0,NaN,NaN,13.420329440977044,NaN,NaN,NaN,2.4226799709306497,2.3691,NaN,NaN,NaN,NaN,NaN,NaN,NaN,NaN,NaN,NaN,1,0,0,0,0,NaN,NaN,13.420329440977044,NaN,NaN,NaN,2.4226799709306497,2.3691,NaN,NaN,NaN,NaN,NaN,NaN,NaN,NaN,NaN,NaN,1
2024-08-13T12:31:00-04:00,2.345385137340382,2.345385137340382,2.33,2.33,2.3374934423209877,2.2954318817385433,2.366474895235139,0,0,19858,19857,0,0,0,0,NaN,NaN,11.551979206661,NaN,NaN,NaN,2.4226799709306497,2.3691,NaN,NaN,NaN,NaN,NaN,NaN,NaN,NaN,NaN,NaN,1,0,0,0,0,NaN,NaN,11.551979206661,NaN,NaN,NaN,2.4226799709306497,2.3691,NaN,NaN,NaN,NaN,NaN,NaN,NaN,NaN,NaN,NaN,1
2024-08-13T12:35:00-04:00,2.337692568670191,2.38,2.337692568670191,2.38,2.3452219073535354,2.2967229980478785,2.3665583449020517,1,0,19858,19857,0,0,0,0,NaN,NaN,11.835222986498275,NaN,NaN,NaN,2.4226799709306497,2.3691,NaN,NaN,NaN,NaN,NaN,NaN,NaN,NaN,NaN,NaN,1,0,0,0,0,NaN,NaN,11.835222986498275,NaN,NaN,NaN,2.4226799709306497,2.3691,NaN,NaN,NaN,NaN,NaN,NaN,NaN,NaN,NaN,NaN,1
2024-08-13T12:42:00-04:00,2.3588462843350957,2.3765,2.3588462843350957,2.3765,2.3509088332892563,2.297940967543331,2.3665889204982316,0,0,19858,19857,0,0,0,0,NaN,NaN,11.44207113396431,NaN,NaN,NaN,2.4226799709306497,2.3691,NaN,NaN,NaN,NaN,NaN,NaN,NaN,NaN,NaN,NaN,1,0,0,0,0,NaN,NaN,11.44207113396431,NaN,NaN,NaN,2.4226799709306497,2.3691,NaN,NaN,NaN,NaN,NaN,NaN,NaN,NaN,NaN,NaN,1
2024-08-13T12:44:00-04:00,2.367673142167548,2.385,2.367673142167548,2.385,2.357107227236664,2.2992701130770206,2.3667014748586275,0,0,19858,19857,0,0,0,0,NaN,NaN,11.078209430427018,NaN,NaN,NaN,2.4226799709306497,2.3691,NaN,NaN,NaN,NaN,NaN,NaN,NaN,NaN,NaN,NaN,1,0,0,0,0,NaN,NaN,11.078209430427018,NaN,NaN,NaN,2.4226799709306497,2.3691,NaN,NaN,NaN,NaN,NaN,NaN,NaN,NaN,NaN,NaN,1
2024-08-13T12:47:00-04:00,2.376336571083774,2.42,2.376336571083774,2.4,2.3649059131936343,2.300807973946074,2.3670040511888537,0,0,19858,19857,0,0,0,0,NaN,NaN,11.017021511908256,NaN,NaN,NaN,2.4226799709306497,2.3691,NaN,NaN,NaN,NaN,NaN,NaN,NaN,NaN,NaN,NaN,1,0,0,0,0,NaN,NaN,11.017021511908256,NaN,NaN,NaN,2.4226799709306497,2.3691,NaN,NaN,NaN,NaN,NaN,NaN,NaN,NaN,NaN,NaN,1
2024-08-13T12:51:00-04:00,2.388168285541887,2.42,2.388168285541887,2.4154,2.3740866562493372,2.30255747052705,2.3683812179977637,0,0,19858,19857,0,0,0,0,NaN,NaN,11.354276070935372,NaN,NaN,NaN,2.4226799709306497,2.3691,NaN,NaN,NaN,NaN,NaN,NaN,NaN,NaN,NaN,NaN,1,0,0,0,0,NaN,NaN,11.354276070935372,NaN,NaN,NaN,2.4226799709306497,2.3691,NaN,NaN,NaN,NaN,NaN,NaN,NaN,NaN,NaN,NaN,1
2024-08-13T12:53:00-04:00,2.4017841427709437,2.413,2.4017841427709437,2.413,2.3811618096585487,2.3042436160151865,2.3686422839506176,0,0,19858,19857,0,0,0,0,NaN,NaN,11.671700608823777,NaN,NaN,NaN,2.4226799709306497,2.3691,NaN,NaN,NaN,NaN,NaN,NaN,NaN,NaN,NaN,NaN,1,0,0,0,0,NaN,NaN,11.671700608823777,NaN,NaN,NaN,2.4226799709306497,2.3691,NaN,NaN,NaN,NaN,NaN,NaN,NaN,NaN,NaN,NaN,1
2024-08-13T12:57:00-04:00,2.4073920713854715,2.4073920713854715,2.36,2.36,2.3773142079024487,2.3050948585187716,2.3686170745580775,0,0,19858,19857,0,0,0,0,NaN,NaN,10.867082256955888,NaN,NaN,NaN,2.4226799709306497,2.3691,NaN,NaN,NaN,NaN,NaN,NaN,NaN,NaN,NaN,NaN,1,0,0,0,0,NaN,NaN,10.867082256955888,NaN,NaN,NaN,2.4226799709306497,2.3691,NaN,NaN,NaN,NaN,NaN,NaN,NaN,NaN,NaN,NaN,1
2024-08-13T12:59:00-04:00,2.3836960356927355,2.41,2.3836960356927355,2.41,2.3832570791929126,2.3066964637322256,2.368976072812446,1,0,19858,19857,0,0,0,0,NaN,NaN,10.733699165804504,NaN,NaN,NaN,2.4226799709306497,2.3691,NaN,NaN,NaN,NaN,NaN,NaN,NaN,NaN,NaN,NaN,1,0,0,0,0,NaN,NaN,10.733699165804504,NaN,NaN,NaN,2.4226799709306497,2.3691,NaN,NaN,NaN,NaN,NaN,NaN,NaN,NaN,NaN,NaN,1
2024-08-13T13:02:00-04:00,2.396848017846368,2.41,2.396848017846368,2.41,2.388119428430565,2.308273616957688,2.369211964521879,0,0,19858,19857,0,0,0,0,NaN,NaN,11.06535406153151,NaN,NaN,NaN,2.4226799709306497,2.3691,NaN,NaN,NaN,NaN,NaN,NaN,NaN,NaN,NaN,NaN,1,0,0,0,0,NaN,NaN,11.06535406153151,NaN,NaN,NaN,2.4226799709306497,2.3691,NaN,NaN,NaN,NaN,NaN,NaN,NaN,NaN,NaN,NaN,1
2024-08-13T13:03:00-04:00,2.403424008923184,2.403424008923184,2.4,2.4,2.3902795323522805,2.3096740197522267,2.3693002279112436,0,0,19858,19857,0,0,0,0,NaN,NaN,11.268096521574046,NaN,NaN,NaN,2.4226799709306497,2.3691,NaN,NaN,NaN,NaN,NaN,NaN,NaN,NaN,NaN,NaN,1,0,0,0,0,NaN,NaN,11.268096521574046,NaN,NaN,NaN,2.4226799709306497,2.3691,NaN,NaN,NaN,NaN,NaN,NaN,NaN,NaN,NaN,NaN,1
2024-08-13T13:04:00-04:00,2.401712004461592,2.425,2.401712004461592,2.425,2.3965923446518658,2.3114347217407425,2.3696177683712447,1,0,19858,19857,0,0,0,0,NaN,NaN,12.14803694155416,NaN,NaN,NaN,2.4226799709306497,2.3691,NaN,NaN,NaN,NaN,NaN,NaN,NaN,NaN,NaN,NaN,1,0,0,0,0,NaN,NaN,12.14803694155416,NaN,NaN,NaN,2.4226799709306497,2.3691,NaN,NaN,NaN,NaN,NaN,NaN,NaN,NaN,NaN,NaN,1
2024-08-13T13:06:00-04:00,2.413356002230796,2.44,2.413356002230796,2.44,2.4044846456242537,2.3133975504164566,2.3702145314001473,0,0,19858,19857,0,0,0,0,NaN,NaN,13.08201142782044,NaN,NaN,NaN,2.4226799709306497,2.3691,NaN,NaN,NaN,NaN,NaN,NaN,NaN,NaN,NaN,NaN,1,0,0,0,0,NaN,NaN,13.08201142782044,NaN,NaN,NaN,2.4226799709306497,2.3691,NaN,NaN,NaN,NaN,NaN,NaN,NaN,NaN,NaN,NaN,1
2024-08-13T13:09:00-04:00,2.426678001115398,2.46,2.426678001115398,2.456625,2.4139647100562076,2.3155842290360527,2.3709410360966316,0,0,19858,19857,0,0,0,0,NaN,NaN,13.690910563610561,NaN,NaN,NaN,2.4226799709306497,2.378236875,NaN,NaN,NaN,NaN,NaN,NaN,NaN,NaN,NaN,NaN,1,0,0,0,0,NaN,NaN,13.690910563610561,NaN,NaN,NaN,2.4226799709306497,2.378236875,NaN,NaN,NaN,NaN,NaN,NaN,NaN,NaN,NaN,NaN,1
2024-08-13T13:10:00-04:00,2.4416515005576986,2.4416515005576986,2.43,2.43,2.4168802173187154,2.3173310346996243,2.3711060882566657,0,0,19858,19857,0,0,0,0,NaN,NaN,14.326714613456257,NaN,NaN,NaN,2.4226799709306497,2.378236875,NaN,NaN,NaN,NaN,NaN,NaN,NaN,NaN,NaN,NaN,1,0,0,0,0,NaN,NaN,14.326714613456257,NaN,NaN,NaN,2.4226799709306497,2.378236875,NaN,NaN,NaN,NaN,NaN,NaN,NaN,NaN,NaN,NaN,1
2024-08-13T13:12:00-04:00,2.435825750278849,2.46,2.435825750278849,2.46,2.4247201778062215,2.3195091868416147,2.371845187351034,1,0,19858,19857,0,0,0,0,NaN,NaN,15.19182079340834,NaN,NaN,NaN,2.4226799709306497,2.38232664375,NaN,NaN,NaN,NaN,NaN,NaN,NaN,NaN,NaN,NaN,1,0,0,0,0,NaN,NaN,15.19182079340834,NaN,NaN,NaN,2.4226799709306497,2.38232664375,NaN,NaN,NaN,NaN,NaN,NaN,NaN,NaN,NaN,NaN,1
2024-08-13T13:16:00-04:00,2.4479128751394246,2.46,2.4479128751394246,2.46,2.431134690932363,2.3216540847524296,2.372088830081256,0,0,19858,19857,0,0,0,0,NaN,NaN,16.083903670257282,NaN,NaN,NaN,2.4226799709306497,2.38232664375,NaN,NaN,NaN,NaN,NaN,NaN,NaN,NaN,NaN,NaN,1,0,0,0,0,NaN,NaN,16.083903670257282,NaN,NaN,NaN,2.4226799709306497,2.38232664375,NaN,NaN,NaN,NaN,NaN,NaN,NaN,NaN,NaN,NaN,1
2024-08-13T13:17:00-04:00,2.4539564375697123,2.46,2.4539564375697123,2.46,2.436382928944661,2.3237662361302553,2.3723311297613145,0,0,19858,19857,0,0,0,0,NaN,NaN,17.43619370414106,NaN,NaN,NaN,2.4226799709306497,2.38232664375,NaN,NaN,NaN,NaN,NaN,NaN,NaN,NaN,NaN,NaN,1,0,0,0,0,NaN,NaN,17.43619370414106,NaN,NaN,NaN,2.4226799709306497,2.38232664375,NaN,NaN,NaN,NaN,NaN,NaN,NaN,NaN,NaN,NaN,1
2024-08-13T13:18:00-04:00,2.4569782187848563,2.49,2.4569782187848563,2.49,2.446131487318359,2.3263041561893356,2.3751793354311226,1,0,19858,19857,0,0,0,0,NaN,NaN,18.619858651553386,NaN,NaN,NaN,2.4226799709306497,2.402887045125,NaN,NaN,NaN,NaN,NaN,NaN,NaN,NaN,NaN,NaN,1,0,0,0,0,NaN,NaN,18.619858651553386,NaN,NaN,NaN,2.4226799709306497,2.402887045125,NaN,NaN,NaN,NaN,NaN,NaN,NaN,NaN,NaN,NaN,1
2024-08-13T13:25:00-04:00,2.4734891093924283,2.5,2.4734891093924283,2.5,2.4559257623513844,2.32895600113301,2.376178380289206,0,0,19858,19857,0,0,0,0,NaN,NaN,19.629400819056954,NaN,NaN,NaN,2.4226799709306497,2.41617721106375,NaN,NaN,NaN,NaN,NaN,NaN,NaN,NaN,NaN,NaN,1,0,0,0,0,NaN,NaN,19.629400819056954,NaN,NaN,NaN,2.4226799709306497,2.41617721106375,NaN,NaN,NaN,NaN,NaN,NaN,NaN,NaN,NaN,NaN,1
2024-08-13T13:27:00-04:00,2.486744554696214,2.5,2.486744554696214,2.5,2.463939260105678,2.331567359894338,2.376835572687225,0,0,19858,19857,0,0,0,0,NaN,NaN,20.642773730836474,NaN,NaN,NaN,2.4226799709306497,2.41617721106375,NaN,NaN,NaN,NaN,NaN,NaN,NaN,NaN,NaN,NaN,1,0,0,0,0,NaN,NaN,20.642773730836474,NaN,NaN,NaN,2.4226799709306497,2.41617721106375,NaN,NaN,NaN,NaN,NaN,NaN,NaN,NaN,NaN,NaN,1
2024-08-13T13:29:00-04:00,2.493372277348107,2.53,2.493372277348107,2.53,2.4759503037228274,2.3345968658501497,2.379236143618411,1,0,19858,19857,0,0,0,0,NaN,NaN,22.329638873649753,NaN,NaN,NaN,2.4226799709306497,2.4430359457361,NaN,NaN,NaN,NaN,NaN,NaN,NaN,NaN,NaN,NaN,1,0,0,0,0,NaN,NaN,22.329638873649753,NaN,NaN,NaN,2.4226799709306497,2.4430359457361,NaN,NaN,NaN,NaN,NaN,NaN,NaN,NaN,NaN,NaN,1
2024-08-13T13:32:00-04:00,2.5116861386740537,2.5116861386740537,2.51,2.51,2.4821411575914043,2.3372747762951858,2.3795768341931116,0,0,19858,19857,0,0,0,0,NaN,NaN,23.927076650405464,NaN,NaN,NaN,2.4226799709306497,2.4430359457361,NaN,NaN,NaN,NaN,NaN,NaN,NaN,NaN,NaN,NaN,1,0,0,0,0,NaN,NaN,23.927076650405464,NaN,NaN,NaN,2.4226799709306497,2.4430359457361,NaN,NaN,NaN,NaN,NaN,NaN,NaN,NaN,NaN,NaN,1
2024-08-13T13:36:00-04:00,2.5108430693370267,2.53,2.5108430693370267,2.53,2.490842765302058,2.34021714612274,2.3811283082357795,0,0,19858,19857,0,0,0,0,NaN,NaN,25.374827885799363,NaN,NaN,NaN,2.4226799709306497,2.4430359457361,NaN,NaN,NaN,NaN,NaN,NaN,NaN,NaN,NaN,NaN,1,0,0,0,0,NaN,NaN,25.374827885799363,NaN,NaN,NaN,2.4226799709306497,2.4430359457361,NaN,NaN,NaN,NaN,NaN,NaN,NaN,NaN,NaN,NaN,1
2024-08-13T13:37:00-04:00,2.5204215346685133,2.5204215346685133,2.5,2.5,2.4925077170653203,2.3426565790063623,2.3814340324571783,0,0,19858,19857,0,0,0,0,NaN,NaN,26.3993908756165,NaN,NaN,NaN,2.4226799709306497,2.4430359457361,NaN,NaN,NaN,NaN,NaN,NaN,NaN,NaN,NaN,NaN,1,0,0,0,0,NaN,NaN,26.3993908756165,NaN,NaN,NaN,2.4226799709306497,2.4430359457361,NaN,NaN,NaN,NaN,NaN,NaN,NaN,NaN,NaN,NaN,1
2024-08-13T13:40:00-04:00,2.5102107673342564,2.53,2.4904,2.5102,2.4957244957807165,2.3452144938306927,2.3873548152419275,0,0,19858,19857,0,0,0,0,NaN,NaN,27.777982478913632,NaN,NaN,NaN,2.4226799709306497,2.4430359457361,NaN,NaN,NaN,NaN,NaN,NaN,NaN,NaN,NaN,NaN,1,0,0,0,0,NaN,NaN,27.777982478913632,NaN,NaN,NaN,2.4226799709306497,2.4430359457361,NaN,NaN,NaN,NaN,NaN,NaN,NaN,NaN,NaN,NaN,1
2024-08-13T13:42:00-04:00,2.5102053836671283,2.53,2.5102053836671283,2.53,2.501956405638768,2.348035646596636,2.3897634323137784,0,0,19858,19857,0,0,0,0,NaN,NaN,29.262374565259027,NaN,NaN,NaN,2.4226799709306497,2.4430359457361,NaN,NaN,NaN,NaN,NaN,NaN,NaN,NaN,NaN,NaN,1,0,0,0,0,NaN,NaN,29.262374565259027,NaN,NaN,NaN,2.4226799709306497,2.4430359457361,NaN,NaN,NaN,NaN,NaN,NaN,NaN,NaN,NaN,NaN,1
2024-08-13T13:43:00-04:00,2.5201026918335643,2.5201026918335643,2.5,2.5,2.5016006955226286,2.3503557130608095,2.3900287046395228,0,0,19858,19857,0,0,0,0,NaN,NaN,29.727611806785553,NaN,NaN,NaN,2.4226799709306497,2.4430359457361,NaN,NaN,NaN,NaN,NaN,NaN,NaN,NaN,NaN,NaN,1,0,0,0,0,NaN,NaN,29.727611806785553,NaN,NaN,NaN,2.4226799709306497,2.4430359457361,NaN,NaN,NaN,NaN,NaN,NaN,NaN,NaN,NaN,NaN,1
2024-08-13T13:46:00-04:00,2.510051345916782,2.52,2.49,2.505,2.5022187508821507,2.352716694540797,2.390994388899494,0,0,19858,19857,0,0,0,0,NaN,NaN,33.354077855355655,NaN,NaN,NaN,2.4226799709306497,2.4430359457361,NaN,NaN,NaN,NaN,NaN,NaN,NaN,NaN,NaN,NaN,1,0,0,0,0,NaN,NaN,33.354077855355655,NaN,NaN,NaN,2.4226799709306497,2.4430359457361,NaN,NaN,NaN,NaN,NaN,NaN,NaN,NaN,NaN,NaN,1
2024-08-13T13:49:00-04:00,2.507525672958391,2.52,2.507525672958391,2.52,2.5054517052672143,2.355270638135594,2.3928153018255385,0,0,19858,19857,0,0,0,0,NaN,NaN,33.991519636284686,NaN,NaN,NaN,2.4226799709306497,2.4430359457361,NaN,NaN,NaN,NaN,NaN,NaN,NaN,NaN,NaN,NaN,1,0,0,0,0,NaN,NaN,33.991519636284686,NaN,NaN,NaN,2.4226799709306497,2.4430359457361,NaN,NaN,NaN,NaN,NaN,NaN,NaN,NaN,NaN,NaN,1
2024-08-13T13:51:00-04:00,2.5137628364791955,2.5137628364791955,2.49,2.49,2.502642304309539,2.3573275749579516,2.393043392085993,0,0,19858,19857,0,0,0,0,NaN,NaN,40.71055888213824,NaN,NaN,NaN,2.4226799709306497,2.4430359457361,NaN,NaN,NaN,NaN,NaN,NaN,NaN,NaN,NaN,NaN,1,0,0,0,0,NaN,NaN,40.71055888213824,NaN,NaN,NaN,2.4226799709306497,2.4430359457361,NaN,NaN,NaN,NaN,NaN,NaN,NaN,NaN,NaN,NaN,1
2024-08-13T13:52:00-04:00,2.5018814182395976,2.5295,2.5018814182395976,2.52475,2.5066618853441685,2.3598836425158454,2.3951722049044055,0,0,19858,19857,0,0,0,0,NaN,NaN,42.496709085450505,NaN,NaN,NaN,2.4226799709306497,2.4430359457361,NaN,NaN,NaN,NaN,NaN,NaN,NaN,NaN,NaN,NaN,1,0,0,0,0,NaN,NaN,42.496709085450505,NaN,NaN,NaN,2.4226799709306497,2.4430359457361,NaN,NaN,NaN,NaN,NaN,NaN,NaN,NaN,NaN,NaN,1
2024-08-13T13:55:00-04:00,2.513315709119799,2.52,2.495,2.51125,2.5074960880088653,2.362194579271329,2.3995565866068254,0,0,19858,19857,0,0,0,0,NaN,NaN,46.065527597907966,NaN,NaN,NaN,2.4226799709306497,2.4430359457361,NaN,NaN,NaN,NaN,NaN,NaN,NaN,NaN,NaN,NaN,1,0,0,0,0,NaN,NaN,46.065527597907966,NaN,NaN,NaN,2.4226799709306497,2.4430359457361,NaN,NaN,NaN,NaN,NaN,NaN,NaN,NaN,NaN,NaN,1
2024-08-13T13:57:00-04:00,2.512282854559899,2.54,2.512282854559899,2.535,2.5124967992799805,2.3648328299694765,2.400749710403453,0,0,19858,19857,0,0,0,0,NaN,NaN,51.417073744731766,NaN,NaN,NaN,2.4226799709306497,2.4589555538756853,NaN,NaN,NaN,NaN,NaN,NaN,NaN,NaN,NaN,NaN,1,0,0,0,0,NaN,NaN,51.417073744731766,NaN,NaN,NaN,2.4226799709306497,2.4589555538756853,NaN,NaN,NaN,NaN,NaN,NaN,NaN,NaN,NaN,NaN,1
2024-08-13T14:00:00-04:00,2.5236414272799497,2.59,2.5236414272799497,2.59,2.526588290319984,2.3682704966875,2.4011655719873426,1,0,19858,19857,0,0,0,0,NaN,NaN,57.838557088485665,NaN,NaN,NaN,2.4226799709306497,2.5050935541780617,NaN,NaN,NaN,NaN,NaN,NaN,NaN,NaN,NaN,NaN,1,0,0,0,0,NaN,NaN,57.838557088485665,NaN,NaN,NaN,2.4226799709306497,2.5050935541780617,NaN,NaN,NaN,NaN,NaN,NaN,NaN,NaN,NaN,NaN,1
2024-08-13T14:01:00-04:00,2.5568207136399748,2.61,2.5568207136399748,2.605,2.5408449648072597,2.3718846875777673,2.4020574702459085,0,0,19858,19857,0,0,0,0,NaN,NaN,64.68213514399962,NaN,NaN,NaN,2.4964441991217843,2.531998907800669,NaN,NaN,NaN,NaN,NaN,NaN,NaN,NaN,NaN,NaN,1,0,0,0,0,NaN,NaN,64.68213514399962,NaN,NaN,NaN,2.4964441991217843,2.531998907800669,NaN,NaN,NaN,NaN,NaN,NaN,NaN,NaN,NaN,NaN,1
2024-08-13T14:02:00-04:00,2.580910356819987,2.59,2.55,2.57,2.546145880296849,2.374909348836122,2.406049696717285,0,0,19858,19857,0,0,0,0,NaN,NaN,73.99519226648454,NaN,NaN,NaN,2.503475387157813,2.531998907800669,NaN,NaN,NaN,NaN,NaN,NaN,NaN,NaN,NaN,NaN,1,0,0,0,0,NaN,NaN,73.99519226648454,NaN,NaN,NaN,2.503475387157813,2.531998907800669,NaN,NaN,NaN,NaN,NaN,NaN,NaN,NaN,NaN,NaN,1
2024-08-13T14:04:00-04:00,2.5754551784099933,2.5754551784099933,2.54,2.5575,2.548210265697422,2.3776969923653413,2.4073326030791384,0,0,19858,19857,0,0,0,0,NaN,NaN,79.38500849582442,NaN,NaN,NaN,2.503475387157813,2.531998907800669,NaN,NaN,NaN,NaN,NaN,NaN,NaN,NaN,NaN,NaN,1,0,0,0,0,NaN,NaN,79.38500849582442,NaN,NaN,NaN,2.503475387157813,2.531998907800669,NaN,NaN,NaN,NaN,NaN,NaN,NaN,NaN,NaN,NaN,1
2024-08-13T14:07:00-04:00,2.5664775892049967,2.618,2.5664775892049967,2.6117999999999997,2.5597720355706177,2.3812710840849545,2.409050058797589,1,0,19858,19857,0,0,0,0,NaN,NaN,82.46553742340821,NaN,NaN,NaN,2.503475387157813,2.5537351699285082,NaN,NaN,NaN,NaN,NaN,NaN,NaN,NaN,NaN,NaN,1,0,0,0,0,NaN,NaN,82.46553742340821,NaN,NaN,NaN,2.503475387157813,2.5537351699285082,NaN,NaN,NaN,NaN,NaN,NaN,NaN,NaN,NaN,NaN,1
2024-08-13T14:09:00-04:00,2.589138794602498,2.5995,2.589138794602498,2.5923749999999997,2.565699847285051,2.384494044633276,2.4101977285532437,0,0,19858,19857,0,0,0,0,NaN,NaN,85.19009768860103,NaN,NaN,NaN,2.5065811240281555,2.5537351699285082,NaN,NaN,NaN,NaN,NaN,NaN,NaN,NaN,NaN,NaN,1,0,0,0,0,NaN,NaN,85.19009768860103,NaN,NaN,NaN,2.5065811240281555,2.5537351699285082,NaN,NaN,NaN,NaN,NaN,NaN,NaN,NaN,NaN,NaN,1
2024-08-13T14:11:00-04:00,2.590756897301249,2.6,2.59,2.5949999999999998,2.571027147778678,2.3877078760129207,2.411347449244105,0,0,19858,19857,0,0,0,0,NaN,NaN,85.54750719277396,NaN,NaN,NaN,2.5286814427919895,2.5537351699285082,NaN,NaN,NaN,NaN,NaN,NaN,NaN,NaN,NaN,NaN,1,0,0,0,0,NaN,NaN,85.54750719277396,NaN,NaN,NaN,2.5286814427919895,2.5537351699285082,NaN,NaN,NaN,NaN,NaN,NaN,NaN,NaN,NaN,NaN,1
2024-08-13T14:13:00-04:00,2.5928784486506244,2.6,2.59,2.5949999999999998,2.5753858481825547,2.390872641264632,2.4121060149521902,0,0,19858,19857,0,0,0,0,NaN,NaN,86.46762683804714,NaN,NaN,NaN,2.5289255355780282,2.5537351699285082,NaN,NaN,NaN,NaN,NaN,NaN,NaN,NaN,NaN,NaN,1,0,0,0,0,NaN,NaN,86.46762683804714,NaN,NaN,NaN,2.5289255355780282,2.5537351699285082,NaN,NaN,NaN,NaN,NaN,NaN,NaN,NaN,NaN,NaN,1
2024-08-13T14:14:00-04:00,2.593939224325312,2.6,2.58,2.5875,2.577588421240272,2.3938745856728056,2.4160020062195833,0,0,19858,19857,0,0,0,0,NaN,NaN,87.06196322968958,NaN,NaN,NaN,2.5289255355780282,2.5537351699285082,NaN,NaN,NaN,NaN,NaN,NaN,NaN,NaN,NaN,NaN,1,0,0,0,0,NaN,NaN,87.06196322968958,NaN,NaN,NaN,2.5289255355780282,2.5537351699285082,NaN,NaN,NaN,NaN,NaN,NaN,NaN,NaN,NaN,NaN,1
2024-08-13T14:15:00-04:00,2.5907196121626557,2.5907196121626557,2.59,2.59,2.579845071923859,2.396868866807572,2.4163526601640433,0,0,19858,19857,0,0,0,0,NaN,NaN,87.36421403202714,NaN,NaN,NaN,2.5289255355780282,2.5537351699285082,NaN,NaN,NaN,NaN,NaN,NaN,NaN,NaN,NaN,NaN,1,0,0,0,0,NaN,NaN,87.36421403202714,NaN,NaN,NaN,2.5289255355780282,2.5537351699285082,NaN,NaN,NaN,NaN,NaN,NaN,NaN,NaN,NaN,NaN,1
2024-08-13T14:16:00-04:00,2.5903598060813278,2.5903598060813278,2.59,2.59,2.5816914224831575,2.39981743372654,2.417741255672617,0,0,19858,19857,0,0,0,0,NaN,NaN,88.62433846384222,NaN,NaN,NaN,2.5289255355780282,2.5537351699285082,NaN,NaN,NaN,NaN,NaN,NaN,NaN,NaN,NaN,NaN,1,0,0,0,0,NaN,NaN,88.62433846384222,NaN,NaN,NaN,2.5289255355780282,2.5537351699285082,NaN,NaN,NaN,NaN,NaN,NaN,NaN,NaN,NaN,NaN,1
2024-08-13T14:19:00-04:00,2.5901799030406636,2.5901799030406636,2.585,2.585,2.5822929820316745,2.4026446484788067,2.4180749655832883,0,0,19858,19857,0,0,0,0,NaN,NaN,89.4577606981322,NaN,NaN,NaN,2.5289255355780282,2.5537351699285082,NaN,NaN,NaN,NaN,NaN,NaN,NaN,NaN,NaN,NaN,1,0,0,0,0,NaN,NaN,89.4577606981322,NaN,NaN,NaN,2.5289255355780282,2.5537351699285082,NaN,NaN,NaN,NaN,NaN,NaN,NaN,NaN,NaN,NaN,1
2024-08-13T14:22:00-04:00,2.5875899515203318,2.6,2.58,2.5925000000000002,2.584148803480461,2.405543203463863,2.42444561523231,0,0,19858,19857,0,0,0,0,NaN,NaN,89.55091957073374,NaN,NaN,NaN,2.5289255355780282,2.5537351699285082,NaN,NaN,NaN,NaN,NaN,NaN,NaN,NaN,NaN,NaN,1,0,0,0,0,NaN,NaN,89.55091957073374,NaN,NaN,NaN,2.5289255355780282,2.5537351699285082,NaN,NaN,NaN,NaN,NaN,NaN,NaN,NaN,NaN,NaN,1
2024-08-13T14:25:00-04:00,2.590044975760166,2.590044975760166,2.59,2.59,2.5852126573931047,2.4083593377621244,2.4257088828904445,0,0,19858,19857,0,0,0,0,NaN,NaN,90.21099129056175,NaN,NaN,NaN,2.5289255355780282,2.5537351699285082,NaN,NaN,NaN,NaN,NaN,NaN,NaN,NaN,NaN,NaN,1,0,0,0,0,NaN,NaN,90.21099129056175,NaN,NaN,NaN,2.5289255355780282,2.5537351699285082,NaN,NaN,NaN,NaN,NaN,NaN,NaN,NaN,NaN,NaN,1
2024-08-13T14:27:00-04:00,2.590022487880083,2.590022487880083,2.57,2.57,2.5824467196852674,2.4108271341321683,2.425983613221378,0,0,19858,19857,0,0,0,0,NaN,NaN,90.92656826874381,NaN,NaN,NaN,2.5289255355780282,2.5537351699285082,NaN,NaN,NaN,NaN,NaN,NaN,NaN,NaN,NaN,NaN,1,0,0,0,0,NaN,NaN,90.92656826874381,NaN,NaN,NaN,2.5289255355780282,2.5537351699285082,NaN,NaN,NaN,NaN,NaN,NaN,NaN,NaN,NaN,NaN,1
2024-08-13T14:30:00-04:00,2.5800112439400413,2.61,2.55,2.58,2.5820018615606735,2.413409925977479,2.426858358418053,0,0,19858,19857,0,0,0,0,NaN,NaN,91.16347951101761,NaN,NaN,NaN,2.5289255355780282,2.5537351699285082,NaN,NaN,NaN,NaN,NaN,NaN,NaN,NaN,NaN,NaN,1,0,0,0,0,NaN,NaN,91.16347951101761,NaN,NaN,NaN,2.5289255355780282,2.5537351699285082,NaN,NaN,NaN,NaN,NaN,NaN,NaN,NaN,NaN,NaN,1
2024-08-13T14:32:00-04:00,2.5800056219700207,2.59,2.5800056219700207,2.59,2.583456068549642,2.416105957641945,2.4277796982361024,0,0,19858,19857,0,0,0,0,NaN,NaN,92.1363068594829,NaN,NaN,NaN,2.5289255355780282,2.5537351699285082,NaN,NaN,NaN,NaN,NaN,NaN,NaN,NaN,NaN,NaN,1,0,0,0,0,NaN,NaN,92.1363068594829,NaN,NaN,NaN,2.5289255355780282,2.5537351699285082,NaN,NaN,NaN,NaN,NaN,NaN,NaN,NaN,NaN,NaN,1
2024-08-13T14:33:00-04:00,2.58500281098501,2.59,2.58500281098501,2.59,2.584645874267889,2.4187608285176405,2.4286906899908276,0,0,19858,19857,0,0,0,0,NaN,NaN,92.718634972009,NaN,NaN,NaN,2.5289255355780282,2.5537351699285082,NaN,NaN,NaN,NaN,NaN,NaN,NaN,NaN,NaN,NaN,1,0,0,0,0,NaN,NaN,92.718634972009,NaN,NaN,NaN,2.5289255355780282,2.5537351699285082,NaN,NaN,NaN,NaN,NaN,NaN,NaN,NaN,NaN,NaN,1
2024-08-13T14:35:00-04:00,2.587501405492505,2.63,2.587501405492505,2.629,2.5927102607646364,2.4219705868608825,2.4297944663700504,0,0,19858,19857,0,0,0,0,2.63,NaN,93.39802795483806,NaN,NaN,NaN,2.5289255355780282,2.580334674047811,NaN,NaN,NaN,NaN,NaN,NaN,NaN,NaN,NaN,NaN,1,0,0,0,0,2.63,NaN,93.39802795483806,NaN,NaN,NaN,2.5289255355780282,2.580334674047811,NaN,NaN,NaN,NaN,NaN,NaN,NaN,NaN,NaN,NaN,1
2024-08-13T14:36:00-04:00,2.6082507027462523,2.6082507027462523,2.58,2.58,2.5903993042619753,2.4243832496568998,2.430073570618949,0,0,19858,19857,0,0,0,0,NaN,NaN,92.99150841187043,NaN,NaN,NaN,2.5289255355780282,2.580334674047811,NaN,NaN,NaN,NaN,NaN,NaN,NaN,NaN,NaN,NaN,1,0,0,0,0,NaN,NaN,92.99150841187043,NaN,NaN,NaN,2.5289255355780282,2.580334674047811,NaN,NaN,NaN,NaN,NaN,NaN,NaN,NaN,NaN,NaN,1
2024-08-13T14:37:00-04:00,2.594125351373126,2.623,2.59,2.6065,2.5933267034870706,2.4271636580590843,2.4307267961937904,0,0,19858,19857,0,0,0,0,NaN,NaN,92.80702186114186,NaN,NaN,NaN,2.5289255355780282,2.580334674047811,NaN,NaN,NaN,NaN,NaN,NaN,NaN,NaN,NaN,NaN,1,0,0,0,0,NaN,NaN,92.80702186114186,NaN,NaN,NaN,2.5289255355780282,2.580334674047811,NaN,NaN,NaN,NaN,NaN,NaN,NaN,NaN,NaN,NaN,1
2024-08-13T14:38:00-04:00,2.6003126756865633,2.63,2.6,2.6149999999999998,2.5972673028530577,2.430031388470396,2.4320813229321714,0,0,19858,19857,0,0,0,0,NaN,NaN,94.09201403399862,NaN,NaN,NaN,2.5289255355780282,2.580334674047811,NaN,NaN,NaN,NaN,NaN,NaN,NaN,NaN,NaN,NaN,1,0,0,0,0,NaN,NaN,94.09201403399862,NaN,NaN,NaN,2.5289255355780282,2.580334674047811,NaN,NaN,NaN,NaN,NaN,NaN,NaN,NaN,NaN,NaN,1
2024-08-13T14:39:00-04:00,2.6076563378432818,2.63,2.595,2.6125000000000003,2.6000368841525017,2.432817168799092,2.437537545888726,0,0,19858,19857,0,0,0,0,NaN,NaN,94.2334268715866,NaN,NaN,NaN,2.5289255355780282,2.580334674047811,NaN,NaN,NaN,NaN,NaN,NaN,NaN,NaN,NaN,NaN,1,0,0,0,0,NaN,NaN,94.2334268715866,NaN,NaN,NaN,2.5289255355780282,2.580334674047811,NaN,NaN,NaN,NaN,NaN,NaN,NaN,NaN,NaN,NaN,1
2024-08-13T14:40:00-04:00,2.610078168921641,2.64,2.610078168921641,2.6397500000000003,2.607257450670229,2.435976448664755,2.4389687838411716,0,0,19858,19857,0,0,0,0,NaN,NaN,94.21297605879748,NaN,NaN,NaN,2.5289255355780282,2.601921771833468,NaN,NaN,NaN,NaN,NaN,NaN,NaN,NaN,NaN,NaN,1,0,0,0,0,NaN,NaN,94.21297605879748,NaN,NaN,NaN,2.5289255355780282,2.601921771833468,NaN,NaN,NaN,NaN,NaN,NaN,NaN,NaN,NaN,NaN,1
2024-08-13T14:43:00-04:00,2.6249140844608205,2.63,2.59,2.6025,2.6063924596392782,2.4385187929599494,2.440686729173232,0,0,19858,19857,0,0,0,0,NaN,NaN,93.75691934091213,NaN,NaN,NaN,2.5289255355780282,2.601921771833468,NaN,NaN,NaN,NaN,NaN,NaN,NaN,NaN,NaN,NaN,1,0,0,0,0,NaN,NaN,93.75691934091213,NaN,NaN,NaN,2.5289255355780282,2.601921771833468,NaN,NaN,NaN,NaN,NaN,NaN,NaN,NaN,NaN,NaN,1
2024-08-13T14:45:00-04:00,2.61370704223041,2.61370704223041,2.6,2.6,2.6052301942503187,2.440984154899492,2.4415191738948683,0,0,19858,19857,0,0,0,0,NaN,NaN,93.19969796730719,NaN,NaN,NaN,2.5289255355780282,2.601921771833468,NaN,NaN,NaN,NaN,NaN,NaN,NaN,NaN,NaN,NaN,1,0,0,0,0,NaN,NaN,93.19969796730719,NaN,NaN,NaN,2.5289255355780282,2.601921771833468,NaN,NaN,NaN,NaN,NaN,NaN,NaN,NaN,NaN,NaN,1
2024-08-13T14:48:00-04:00,2.6068535211152053,2.63,2.6,2.6149999999999998,2.6070065225684425,2.443640885359042,2.4436088008053134,0,0,19858,19857,0,0,0,0,NaN,NaN,92.84242018966331,NaN,NaN,NaN,2.5289255355780282,2.601921771833468,NaN,NaN,NaN,NaN,NaN,NaN,NaN,NaN,NaN,NaN,1,0,0,0,0,NaN,NaN,92.84242018966331,NaN,NaN,NaN,2.5289255355780282,2.601921771833468,NaN,NaN,NaN,NaN,NaN,NaN,NaN,NaN,NaN,NaN,1
2024-08-13T14:51:00-04:00,2.6109267605576028,2.6109267605576028,2.59,2.59,2.6039144275559982,2.445875375658904,2.4438602715841546,0,0,19858,19857,0,0,0,0,NaN,NaN,91.97302332285938,NaN,NaN,NaN,2.5289255355780282,2.601921771833468,NaN,NaN,NaN,NaN,NaN,NaN,NaN,NaN,NaN,NaN,1,0,0,0,0,NaN,NaN,91.97302332285938,NaN,NaN,NaN,2.5289255355780282,2.601921771833468,NaN,NaN,NaN,NaN,NaN,NaN,NaN,NaN,NaN,NaN,1
2024-08-13T14:52:00-04:00,2.6004633802788013,2.64,2.595,2.62625,2.607975440727635,2.4486291867175467,2.4466340838732594,0,0,19858,19857,0,0,0,0,NaN,NaN,91.67122263932359,NaN,NaN,NaN,2.5289255355780282,2.601921771833468,NaN,NaN,NaN,NaN,NaN,NaN,NaN,NaN,NaN,NaN,1,0,0,0,0,NaN,NaN,91.67122263932359,NaN,NaN,NaN,2.5289255355780282,2.601921771833468,NaN,NaN,NaN,NaN,NaN,NaN,NaN,NaN,NaN,NaN,1
2024-08-13T14:54:00-04:00,2.6133566901394008,2.64,2.6133566901394008,2.63965,2.6137344515044285,2.4515455350119355,2.4476086984330023,0,0,19858,19857,0,0,0,0,NaN,NaN,91.57667526011495,NaN,NaN,NaN,2.5289255355780282,2.601921771833468,NaN,NaN,NaN,NaN,NaN,NaN,NaN,NaN,NaN,NaN,1,0,0,0,0,NaN,NaN,91.57667526011495,NaN,NaN,NaN,2.5289255355780282,2.601921771833468,NaN,NaN,NaN,NaN,NaN,NaN,NaN,NaN,NaN,NaN,1
2024-08-13T14:55:00-04:00,2.6265033450697004,2.6265033450697004,2.6,2.6,2.6112372785036233,2.453812015393433,2.4478647623208367,0,0,19858,19857,0,0,0,0,NaN,NaN,90.70714733884522,NaN,NaN,NaN,2.5289255355780282,2.601921771833468,NaN,NaN,NaN,NaN,NaN,NaN,NaN,NaN,NaN,NaN,1,0,0,0,0,NaN,NaN,90.70714733884522,NaN,NaN,NaN,2.5289255355780282,2.601921771833468,NaN,NaN,NaN,NaN,NaN,NaN,NaN,NaN,NaN,NaN,1
2024-08-13T14:56:00-04:00,2.61325167253485,2.64,2.6,2.619875,2.6128077733211463,2.456347328135518,2.4492978704613995,0,0,19858,19857,0,0,0,0,NaN,NaN,90.1854361942003,NaN,NaN,NaN,2.5289255355780282,2.601921771833468,NaN,NaN,NaN,NaN,NaN,NaN,NaN,NaN,NaN,NaN,1,0,0,0,0,NaN,NaN,90.1854361942003,NaN,NaN,NaN,2.5289255355780282,2.601921771833468,NaN,NaN,NaN,NaN,NaN,NaN,NaN,NaN,NaN,NaN,1
2024-08-13T14:57:00-04:00,2.6165633362674248,2.64,2.6,2.61,2.612297269080938,2.4586931704540596,2.451095747380214,0,0,19858,19857,0,0,0,0,NaN,NaN,89.45809381659127,NaN,NaN,NaN,2.5289255355780282,2.601921771833468,NaN,NaN,NaN,NaN,NaN,NaN,NaN,NaN,NaN,NaN,1,0,0,0,0,NaN,NaN,89.45809381659127,NaN,NaN,NaN,2.5289255355780282,2.601921771833468,NaN,NaN,NaN,NaN,NaN,NaN,NaN,NaN,NaN,NaN,1
2024-08-13T14:59:00-04:00,2.6132816681337125,2.64,2.59,2.618575,2.6134386747025853,2.461134114416593,2.452735236246165,0,0,19858,19857,0,0,0,0,NaN,NaN,88.9542099364577,NaN,NaN,NaN,2.5289255355780282,2.601921771833468,NaN,NaN,NaN,NaN,NaN,NaN,NaN,NaN,NaN,NaN,1,0,0,0,0,NaN,NaN,88.9542099364577,NaN,NaN,NaN,2.5289255355780282,2.601921771833468,NaN,NaN,NaN,NaN,NaN,NaN,NaN,NaN,NaN,NaN,1
2024-08-13T15:00:00-04:00,2.615928334066856,2.64,2.58,2.6100000000000003,2.612813461120297,2.4634068760285532,2.4540077696141886,0,0,19858,19857,0,0,0,0,NaN,NaN,88.24576681895272,NaN,NaN,NaN,2.5289255355780282,2.601921771833468,NaN,NaN,NaN,NaN,NaN,NaN,NaN,NaN,NaN,NaN,1,0,0,0,0,NaN,NaN,88.24576681895272,NaN,NaN,NaN,2.5289255355780282,2.601921771833468,NaN,NaN,NaN,NaN,NaN,NaN,NaN,NaN,NaN,NaN,1
2024-08-13T15:01:00-04:00,2.6129641670334283,2.63,2.6129641670334283,2.625,2.6150291954620615,2.465873946623537,2.455107539554926,0,0,19858,19857,0,0,0,0,NaN,NaN,87.92972891733278,NaN,NaN,NaN,2.5289255355780282,2.601921771833468,NaN,NaN,NaN,NaN,NaN,NaN,NaN,NaN,NaN,NaN,1,0,0,0,0,NaN,NaN,87.92972891733278,NaN,NaN,NaN,2.5289255355780282,2.601921771833468,NaN,NaN,NaN,NaN,NaN,NaN,NaN,NaN,NaN,NaN,1
2024-08-13T15:02:00-04:00,2.6189820835167144,2.6189820835167144,2.605,2.6075,2.613660250832596,2.4680361764460783,2.4571574888959384,0,0,19858,19857,0,0,0,0,NaN,NaN,86.96946813123067,NaN,NaN,NaN,2.5289255355780282,2.601921771833468,NaN,NaN,NaN,NaN,NaN,NaN,NaN,NaN,NaN,NaN,1,0,0,0,0,NaN,NaN,86.96946813123067,NaN,NaN,NaN,2.5289255355780282,2.601921771833468,NaN,NaN,NaN,NaN,NaN,NaN,NaN,NaN,NaN,NaN,1
2024-08-13T15:04:00-04:00,2.613241041758357,2.63,2.61,2.625,2.6157220234084875,2.4704325706988097,2.457952448689611,0,0,19858,19857,0,0,0,0,NaN,NaN,86.40010823475363,NaN,NaN,NaN,2.5289255355780282,2.601921771833468,NaN,NaN,NaN,NaN,NaN,NaN,NaN,NaN,NaN,NaN,1,0,0,0,0,NaN,NaN,86.40010823475363,NaN,NaN,NaN,2.5289255355780282,2.601921771833468,NaN,NaN,NaN,NaN,NaN,NaN,NaN,NaN,NaN,NaN,1
2024-08-13T15:05:00-04:00,2.6191205208791786,2.63,2.6191205208791786,2.63,2.6183180191523987,2.4728687146576065,2.459198271214068,0,0,19858,19857,0,0,0,0,NaN,NaN,86.36105472308508,NaN,NaN,NaN,2.5289255355780282,2.601921771833468,NaN,NaN,NaN,NaN,NaN,NaN,NaN,NaN,NaN,NaN,1,0,0,0,0,NaN,NaN,86.36105472308508,NaN,NaN,NaN,2.5289255355780282,2.601921771833468,NaN,NaN,NaN,NaN,NaN,NaN,NaN,NaN,NaN,NaN,1
2024-08-13T15:06:00-04:00,2.6245602604395892,2.64,2.6245602604395892,2.64,2.6222601974883264,2.4754203373345898,2.4614372325934175,0,0,19858,19857,0,0,0,0,NaN,NaN,85.96442605640972,NaN,NaN,NaN,2.5289255355780282,2.6145713371284236,NaN,NaN,NaN,NaN,NaN,NaN,NaN,NaN,NaN,NaN,1,0,0,0,0,NaN,NaN,85.96442605640972,NaN,NaN,NaN,2.5289255355780282,2.6145713371284236,NaN,NaN,NaN,NaN,NaN,NaN,NaN,NaN,NaN,NaN,1
2024-08-13T15:08:00-04:00,2.6322801302197947,2.64,2.6322801302197947,2.64,2.6254856161268125,2.4779330039401684,2.4626370039514747,0,0,19858,19857,0,0,0,0,NaN,NaN,85.60081745003278,NaN,NaN,NaN,2.5289255355780282,2.6145713371284236,NaN,NaN,NaN,NaN,NaN,NaN,NaN,NaN,NaN,NaN,1,0,0,0,0,NaN,NaN,85.60081745003278,NaN,NaN,NaN,2.5289255355780282,2.6145713371284236,NaN,NaN,NaN,NaN,NaN,NaN,NaN,NaN,NaN,NaN,1
2024-08-13T15:10:00-04:00,2.636140065109897,2.636140065109897,2.62,2.625,2.6253973222855738,2.4801783015899366,2.4633824836621305,0,0,19858,19857,0,0,0,0,NaN,NaN,84.83901401861948,NaN,NaN,NaN,2.5289255355780282,2.6145713371284236,NaN,NaN,NaN,NaN,NaN,NaN,NaN,NaN,NaN,NaN,1,0,0,0,0,NaN,NaN,84.83901401861948,NaN,NaN,NaN,2.5289255355780282,2.6145713371284236,NaN,NaN,NaN,NaN,NaN,NaN,NaN,NaN,NaN,NaN,1
2024-08-13T15:11:00-04:00,2.6305700325549486,2.6305700325549486,2.61,2.62,2.624415990960924,2.4823129840084106,2.464098296744313,0,0,19858,19857,0,0,0,0,NaN,NaN,83.8251655769478,NaN,NaN,NaN,2.5289255355780282,2.6145713371284236,NaN,NaN,NaN,NaN,NaN,NaN,NaN,NaN,NaN,NaN,1,0,0,0,0,NaN,NaN,83.8251655769478,NaN,NaN,NaN,2.5289255355780282,2.6145713371284236,NaN,NaN,NaN,NaN,NaN,NaN,NaN,NaN,NaN,NaN,1
2024-08-13T15:12:00-04:00,2.6252850162774743,2.64,2.6252850162774743,2.64,2.627249447149847,2.484720419367061,2.4648932784324424,0,0,19858,19857,0,0,0,0,NaN,NaN,83.25714649256562,NaN,NaN,NaN,2.5289255355780282,2.6145713371284236,NaN,NaN,NaN,NaN,NaN,NaN,NaN,NaN,NaN,NaN,1,0,0,0,0,NaN,NaN,83.25714649256562,NaN,NaN,NaN,2.5289255355780282,2.6145713371284236,NaN,NaN,NaN,NaN,NaN,NaN,NaN,NaN,NaN,NaN,1
2024-08-13T15:13:00-04:00,2.632642508138737,2.632642508138737,2.62,2.62,2.625931365849875,2.486785756475961,2.4655911240280814,0,0,19858,19857,0,0,0,0,NaN,NaN,82.0997010665337,NaN,NaN,NaN,2.5289255355780282,2.6145713371284236,NaN,NaN,NaN,NaN,NaN,NaN,NaN,NaN,NaN,NaN,1,0,0,0,0,NaN,NaN,82.0997010665337,NaN,NaN,NaN,2.5289255355780282,2.6145713371284236,NaN,NaN,NaN,NaN,NaN,NaN,NaN,NaN,NaN,NaN,1
2024-08-13T15:14:00-04:00,2.6263212540693686,2.6263212540693686,2.62,2.62,2.624852935695352,2.488819561720603,2.466282718350292,0,0,19858,19857,0,0,0,0,NaN,NaN,82.04578867531652,NaN,NaN,NaN,2.5289255355780282,2.6145713371284236,NaN,NaN,NaN,NaN,NaN,NaN,NaN,NaN,NaN,NaN,1,0,0,0,0,NaN,NaN,82.04578867531652,NaN,NaN,NaN,2.5289255355780282,2.6145713371284236,NaN,NaN,NaN,NaN,NaN,NaN,NaN,NaN,NaN,NaN,1
2024-08-13T15:15:00-04:00,2.623160627034684,2.64,2.61,2.625,2.6248796746598333,2.490898652381357,2.468884910262854,0,0,19858,19857,0,0,0,0,NaN,NaN,81.17427952064513,NaN,NaN,NaN,2.5289255355780282,2.6145713371284236,NaN,NaN,NaN,NaN,NaN,NaN,NaN,NaN,NaN,NaN,1,0,0,0,0,NaN,NaN,81.17427952064513,NaN,NaN,NaN,2.5289255355780282,2.6145713371284236,NaN,NaN,NaN,NaN,NaN,NaN,NaN,NaN,NaN,NaN,1
2024-08-13T15:17:00-04:00,2.624080313517342,2.64,2.62,2.63,2.6258106429034997,2.4930223370778246,2.469984922254687,0,0,19858,19857,0,0,0,0,NaN,NaN,80.55203205817585,NaN,NaN,NaN,2.5289255355780282,2.6145713371284236,NaN,NaN,NaN,NaN,NaN,NaN,NaN,NaN,NaN,NaN,1,0,0,0,0,NaN,NaN,80.55203205817585,NaN,NaN,NaN,2.5289255355780282,2.6145713371284236,NaN,NaN,NaN,NaN,NaN,NaN,NaN,NaN,NaN,NaN,1
2024-08-13T15:19:00-04:00,2.627040156758671,2.627040156758671,2.615,2.6175,2.624299616921045,2.4949227594125145,2.4720500564611863,0,0,19858,19857,0,0,0,0,NaN,NaN,79.91286818801137,NaN,NaN,NaN,2.5289255355780282,2.6145713371284236,NaN,NaN,NaN,NaN,NaN,NaN,NaN,NaN,NaN,NaN,1,0,0,0,0,NaN,NaN,79.91286818801137,NaN,NaN,NaN,2.5289255355780282,2.6145713371284236,NaN,NaN,NaN,NaN,NaN,NaN,NaN,NaN,NaN,NaN,1
2024-08-13T15:20:00-04:00,2.6222700783793353,2.6222700783793353,2.59,2.59,2.6180633229354004,2.496374320337514,2.472390588099431,0,0,19858,19857,0,0,0,0,NaN,NaN,77.34439371862176,NaN,NaN,NaN,2.5289255355780282,2.6145713371284236,NaN,NaN,NaN,NaN,NaN,NaN,NaN,NaN,NaN,NaN,1,0,0,0,0,NaN,NaN,77.34439371862176,NaN,NaN,NaN,2.5289255355780282,2.6145713371284236,NaN,NaN,NaN,NaN,NaN,NaN,NaN,NaN,NaN,NaN,1
2024-08-13T15:21:00-04:00,2.6061350391896676,2.63,2.6061350391896676,2.63,2.6202336278562366,2.4984144070499186,2.474185489211097,0,0,19858,19857,0,0,0,0,NaN,NaN,76.52608148399383,NaN,NaN,NaN,2.5289255355780282,2.6145713371284236,NaN,NaN,NaN,NaN,NaN,NaN,NaN,NaN,NaN,NaN,1,0,0,0,0,NaN,NaN,76.52608148399383,NaN,NaN,NaN,2.5289255355780282,2.6145713371284236,NaN,NaN,NaN,NaN,NaN,NaN,NaN,NaN,NaN,NaN,1
2024-08-13T15:23:00-04:00,2.6180675195948337,2.63,2.6180675195948337,2.6275,2.62155478642783,2.5003851794613703,2.4759160966249008,0,0,19858,19857,0,0,0,0,NaN,NaN,75.42253580701372,NaN,NaN,NaN,2.5289255355780282,2.6145713371284236,NaN,NaN,NaN,NaN,NaN,NaN,NaN,NaN,NaN,NaN,1,0,0,0,0,NaN,NaN,75.42253580701372,NaN,NaN,NaN,2.5289255355780282,2.6145713371284236,NaN,NaN,NaN,NaN,NaN,NaN,NaN,NaN,NaN,NaN,1
2024-08-13T15:25:00-04:00,2.622783759797417,2.622783759797417,2.61,2.61,2.6194539161682244,2.502058688171884,2.4761050216986975,0,0,19858,19857,0,0,0,0,NaN,NaN,74.14268393326543,NaN,NaN,NaN,2.5289255355780282,2.6145713371284236,NaN,NaN,NaN,NaN,NaN,NaN,NaN,NaN,NaN,NaN,1,0,0,0,0,NaN,NaN,74.14268393326543,NaN,NaN,NaN,2.5289255355780282,2.6145713371284236,NaN,NaN,NaN,NaN,NaN,NaN,NaN,NaN,NaN,NaN,1
2024-08-13T15:26:00-04:00,2.6163918798987087,2.62,2.6163918798987087,2.62,2.619553204137638,2.503859318886817,2.476710708272533,0,0,19858,19857,0,0,0,0,NaN,NaN,72.74965700893593,NaN,NaN,NaN,2.5289255355780282,2.6145713371284236,NaN,NaN,NaN,NaN,NaN,NaN,NaN,NaN,NaN,NaN,1,0,0,0,0,NaN,NaN,72.74965700893593,NaN,NaN,NaN,2.5289255355780282,2.6145713371284236,NaN,NaN,NaN,NaN,NaN,NaN,NaN,NaN,NaN,NaN,1
2024-08-13T15:27:00-04:00,2.6181959399493544,2.6181959399493544,2.61,2.61,2.617816257930795,2.5054797873007586,2.477454593146556,0,0,19858,19857,0,0,0,0,NaN,NaN,70.839176264488,NaN,NaN,NaN,2.5289255355780282,2.6145713371284236,NaN,NaN,NaN,NaN,NaN,NaN,NaN,NaN,NaN,NaN,1,0,0,0,0,NaN,NaN,70.839176264488,NaN,NaN,NaN,2.5289255355780282,2.6145713371284236,NaN,NaN,NaN,NaN,NaN,NaN,NaN,NaN,NaN,NaN,1
2024-08-13T15:28:00-04:00,2.614097969974677,2.63,2.614097969974677,2.63,2.6200314837615593,2.5073808592503655,2.478721020588886,0,0,19858,19857,0,0,0,0,NaN,NaN,70.15543035455765,NaN,NaN,NaN,2.5289255355780282,2.6145713371284236,NaN,NaN,NaN,NaN,NaN,NaN,NaN,NaN,NaN,NaN,1,0,0,0,0,NaN,NaN,70.15543035455765,NaN,NaN,NaN,2.5289255355780282,2.6145713371284236,NaN,NaN,NaN,NaN,NaN,NaN,NaN,NaN,NaN,NaN,1
2024-08-13T15:29:00-04:00,2.6220489849873383,2.6220489849873383,2.6,2.60135,2.6166348503503665,2.508815502620589,2.4801100328317367,0,0,19858,19857,0,0,0,0,NaN,NaN,67.15469831506968,NaN,NaN,NaN,2.5289255355780282,2.6145713371284236,NaN,NaN,NaN,NaN,NaN,NaN,NaN,NaN,NaN,NaN,1,0,0,0,0,NaN,NaN,67.15469831506968,NaN,NaN,NaN,2.5289255355780282,2.6145713371284236,NaN,NaN,NaN,NaN,NaN,NaN,NaN,NaN,NaN,NaN,1
2024-08-13T15:31:00-04:00,2.611699492493669,2.62,2.58,2.59375,2.6124739684684815,2.510112212504244,2.481340235453315,0,0,19858,19857,0,0,0,0,NaN,NaN,63.395100172528714,NaN,NaN,NaN,2.5289255355780282,2.6145713371284236,NaN,NaN,NaN,NaN,NaN,NaN,NaN,NaN,NaN,NaN,1,0,0,0,0,NaN,NaN,63.395100172528714,NaN,NaN,NaN,2.5289255355780282,2.6145713371284236,NaN,NaN,NaN,NaN,NaN,NaN,NaN,NaN,NaN,NaN,1
2024-08-13T15:33:00-04:00,2.6027247462468344,2.62,2.595,2.6137500000000005,2.612705974201485,2.511694468801889,2.482933401069518,0,0,19858,19857,0,0,0,0,NaN,NaN,61.092701848605394,NaN,NaN,NaN,2.5289255355780282,2.6145713371284236,NaN,NaN,NaN,NaN,NaN,NaN,NaN,NaN,NaN,NaN,1,0,0,0,0,NaN,NaN,61.092701848605394,NaN,NaN,NaN,2.5289255355780282,2.6145713371284236,NaN,NaN,NaN,NaN,NaN,NaN,NaN,NaN,NaN,NaN,1
2024-08-13T15:34:00-04:00,2.6082373731234174,2.6082373731234174,2.58,2.58,2.6067594334375785,2.512737301339265,2.483062995994659,0,0,19858,19857,0,0,0,0,NaN,NaN,56.18921677186625,NaN,NaN,NaN,2.5289255355780282,2.5992,NaN,NaN,NaN,NaN,NaN,NaN,NaN,NaN,NaN,NaN,1,0,0,0,0,NaN,NaN,56.18921677186625,NaN,NaN,NaN,2.5289255355780282,2.5992,NaN,NaN,NaN,NaN,NaN,NaN,NaN,NaN,NaN,NaN,1
2024-08-13T15:35:00-04:00,2.5941186865617087,2.61,2.5941186865617087,2.61,2.607348627358019,2.5142222280363757,2.484071766887417,0,0,19858,19857,0,0,0,0,NaN,NaN,53.47640585293715,NaN,NaN,NaN,2.5289255355780282,2.5992,NaN,NaN,NaN,NaN,NaN,NaN,NaN,NaN,NaN,NaN,1,0,0,0,0,NaN,NaN,53.47640585293715,NaN,NaN,NaN,2.5289255355780282,2.5992,NaN,NaN,NaN,NaN,NaN,NaN,NaN,NaN,NaN,NaN,1
2024-08-13T15:37:00-04:00,2.602059343280854,2.62,2.58,2.6,2.6060125132929244,2.515531812341164,2.4852872660550456,0,0,19858,19857,0,0,0,0,NaN,NaN,50.21692181372322,NaN,NaN,NaN,2.5289255355780282,2.5992,NaN,NaN,NaN,NaN,NaN,NaN,NaN,NaN,NaN,NaN,1,0,0,0,0,NaN,NaN,50.21692181372322,NaN,NaN,NaN,2.5289255355780282,2.5992,NaN,NaN,NaN,NaN,NaN,NaN,NaN,NaN,NaN,NaN,1
2024-08-13T15:39:00-04:00,2.6010296716404273,2.6010296716404273,2.58,2.58,2.6012829654214835,2.516516059480993,2.485411235602094,0,0,19858,19857,0,0,0,0,NaN,NaN,44.593648878813205,NaN,NaN,NaN,2.5289255355780282,2.5992,NaN,NaN,NaN,NaN,NaN,NaN,NaN,NaN,NaN,NaN,1,0,0,0,0,NaN,NaN,44.593648878813205,NaN,NaN,NaN,2.5289255355780282,2.5992,NaN,NaN,NaN,NaN,NaN,NaN,NaN,NaN,NaN,NaN,1
2024-08-13T15:40:00-04:00,2.5905148358202137,2.62,2.5905148358202137,2.6182499999999997,2.6043678807993955,2.518069249412581,2.4864583239186047,0,0,19858,19857,0,0,0,0,NaN,NaN,42.17731387070275,NaN,NaN,NaN,2.5289255355780282,2.5992,NaN,NaN,NaN,NaN,NaN,NaN,NaN,NaN,NaN,NaN,1,0,0,0,0,NaN,NaN,42.17731387070275,NaN,NaN,NaN,2.5289255355780282,2.5992,NaN,NaN,NaN,NaN,NaN,NaN,NaN,NaN,NaN,NaN,1
2024-08-13T15:42:00-04:00,2.6043824179101067,2.62,2.595,2.606625,2.6047782661085965,2.519421245604755,2.48754080906482,0,0,19858,19857,0,0,0,0,NaN,NaN,39.08870382236297,NaN,NaN,NaN,2.5289255355780282,2.5992,NaN,NaN,NaN,NaN,NaN,NaN,NaN,NaN,NaN,NaN,1,0,0,0,0,NaN,NaN,39.08870382236297,NaN,NaN,NaN,2.5289255355780282,2.5992,NaN,NaN,NaN,NaN,NaN,NaN,NaN,NaN,NaN,NaN,1
2024-08-13T15:44:00-04:00,2.6055037089550535,2.62,2.6055037089550535,2.62,2.6075458540888516,2.5209567991069726,2.4888905912848536,1,0,19858,19857,0,0,0,0,NaN,NaN,36.61720667468716,NaN,NaN,NaN,2.5289255355780282,2.6006,NaN,NaN,NaN,NaN,NaN,NaN,NaN,NaN,NaN,NaN,1,0,0,0,0,NaN,NaN,36.61720667468716,NaN,NaN,NaN,2.5289255355780282,2.6006,NaN,NaN,NaN,NaN,NaN,NaN,NaN,NaN,NaN,NaN,1
2024-08-13T15:45:00-04:00,2.612751854477527,2.612751854477527,2.6,2.6,2.6061738806181514,2.5221635655328205,2.4894103865561132,0,0,19858,19857,0,0,0,0,NaN,NaN,32.41386562271769,NaN,NaN,NaN,2.5289255355780282,2.6006,NaN,NaN,NaN,NaN,NaN,NaN,NaN,NaN,NaN,NaN,1,0,0,0,0,NaN,NaN,32.41386562271769,NaN,NaN,NaN,2.5289255355780282,2.6006,NaN,NaN,NaN,NaN,NaN,NaN,NaN,NaN,NaN,NaN,1
2024-08-13T15:46:00-04:00,2.6063759272387634,2.61,2.5601,2.587875,2.6028468114148513,2.523166793539953,2.490843542996714,0,0,19858,19857,0,0,0,0,NaN,NaN,26.97170912799306,NaN,NaN,NaN,2.5289255355780282,2.6006,NaN,NaN,NaN,NaN,NaN,NaN,NaN,NaN,NaN,NaN,1,0,0,0,0,NaN,NaN,26.97170912799306,NaN,NaN,NaN,2.5289255355780282,2.6006,NaN,NaN,NaN,NaN,NaN,NaN,NaN,NaN,NaN,NaN,1
2024-08-13T15:47:00-04:00,2.5971254636193817,2.5971254636193817,2.5601,2.56505,2.595974663884878,2.523806231806519,2.491165698158975,0,0,19858,19857,0,0,0,0,NaN,NaN,19.065219660475655,NaN,NaN,NaN,2.5289255355780282,2.5917007499999998,NaN,NaN,NaN,NaN,NaN,NaN,NaN,NaN,NaN,NaN,1,0,0,0,0,NaN,NaN,19.065219660475655,NaN,NaN,NaN,2.5289255355780282,2.5917007499999998,NaN,NaN,NaN,NaN,NaN,NaN,NaN,NaN,NaN,NaN,1
2024-08-13T15:49:00-04:00,2.5810877318096908,2.62,2.5524,2.5841000000000003,2.5938156340876275,2.5247267473514574,2.4929247821603346,0,0,19858,19857,0,0,0,0,NaN,NaN,13.494096058100228,NaN,NaN,NaN,2.5289255355780282,2.5917007499999998,NaN,NaN,NaN,NaN,NaN,NaN,NaN,NaN,NaN,NaN,1,0,0,0,0,NaN,NaN,13.494096058100228,NaN,NaN,NaN,2.5289255355780282,2.5917007499999998,NaN,NaN,NaN,NaN,NaN,NaN,NaN,NaN,NaN,NaN,1
2024-08-13T15:50:00-04:00,2.5825938659048457,2.61,2.559,2.57225,2.589894609708059,2.52545229319342,2.4937306639728445,0,0,19858,19857,0,0,0,0,NaN,NaN,7.115136639914646,NaN,NaN,NaN,2.5289255355780282,2.5917007499999998,NaN,NaN,NaN,NaN,NaN,NaN,NaN,NaN,NaN,NaN,1,0,0,0,0,NaN,NaN,7.115136639914646,NaN,NaN,NaN,2.5289255355780282,2.5917007499999998,NaN,NaN,NaN,NaN,NaN,NaN,NaN,NaN,NaN,NaN,1
2024-08-13T15:51:00-04:00,2.577421932952423,2.61,2.577421932952423,2.61,2.5935501352156844,2.52674309787749,2.494010891819913,0,0,19858,19857,0,0,0,0,NaN,NaN,4.3719413936993154,NaN,NaN,NaN,2.5289255355780282,2.5917007499999998,NaN,NaN,NaN,NaN,NaN,NaN,NaN,NaN,NaN,NaN,1,0,0,0,0,NaN,NaN,4.3719413936993154,NaN,NaN,NaN,2.5289255355780282,2.5917007499999998,NaN,NaN,NaN,NaN,NaN,NaN,NaN,NaN,NaN,NaN,1
2024-08-13T15:52:00-04:00,2.5937109664762117,2.61,2.555,2.59375,2.593586474267378,2.5277661040167647,2.4952466059888363,0,0,19858,19857,0,0,0,0,NaN,NaN,3.069601508634102,NaN,NaN,NaN,2.5289255355780282,2.5917007499999998,NaN,NaN,NaN,NaN,NaN,NaN,NaN,NaN,NaN,NaN,1,0,0,0,0,NaN,NaN,3.069601508634102,NaN,NaN,NaN,2.5289255355780282,2.5917007499999998,NaN,NaN,NaN,NaN,NaN,NaN,NaN,NaN,NaN,NaN,1
2024-08-13T15:53:00-04:00,2.593730483238106,2.61,2.5551,2.596275,2.594075297127855,2.52881204136002,2.4964407248200593,0,0,19858,19857,0,0,0,0,NaN,NaN,2.6303358905103362,NaN,NaN,NaN,2.5289255355780282,2.5917007499999998,NaN,NaN,NaN,NaN,NaN,NaN,NaN,NaN,NaN,NaN,1,0,0,0,0,NaN,NaN,2.6303358905103362,NaN,NaN,NaN,2.5289255355780282,2.5917007499999998,NaN,NaN,NaN,NaN,NaN,NaN,NaN,NaN,NaN,NaN,1
2024-08-13T15:54:00-04:00,2.595002741619053,2.61,2.55,2.58,2.5915161521955175,2.5295935369117757,2.497177118693463,0,0,19858,19857,0,0,0,0,NaN,NaN,0.7702497552700477,NaN,NaN,NaN,2.5289255355780282,2.5917007499999998,NaN,NaN,NaN,NaN,NaN,NaN,NaN,NaN,NaN,NaN,1,0,0,0,0,NaN,NaN,0.7702497552700477,NaN,NaN,NaN,2.5289255355780282,2.5917007499999998,NaN,NaN,NaN,NaN,NaN,NaN,NaN,NaN,NaN,NaN,1
2024-08-13T15:55:00-04:00,2.5875013708095267,2.6,2.55,2.57665,2.588813215432696,2.530311956195565,2.4983527098263503,0,0,19858,19857,0,0,0,0,NaN,NaN,0.007747969671157427,NaN,NaN,NaN,2.5289255355780282,2.5917007499999998,NaN,NaN,NaN,NaN,NaN,NaN,NaN,NaN,NaN,NaN,1,0,0,0,0,NaN,NaN,0.007747969671157427,NaN,NaN,NaN,2.5289255355780282,2.5917007499999998,NaN,NaN,NaN,NaN,NaN,NaN,NaN,NaN,NaN,NaN,1
2024-08-13T15:56:00-04:00,2.5820756854047633,2.6,2.5549,2.58785,2.5886380853540243,2.5311903996124268,2.4989844602068625,0,0,19858,19857,0,0,0,0,NaN,NaN,0.05965030783813851,NaN,NaN,NaN,2.5289255355780282,2.5917007499999998,NaN,NaN,NaN,NaN,NaN,NaN,NaN,NaN,NaN,NaN,1,0,0,0,0,NaN,NaN,0.05965030783813851,NaN,NaN,NaN,2.5289255355780282,2.5917007499999998,NaN,NaN,NaN,NaN,NaN,NaN,NaN,NaN,NaN,NaN,1
2024-08-13T15:57:00-04:00,2.5849628427023816,2.5901,2.55,2.57255,2.58571297892602,2.531821843893153,2.4998549013421076,0,0,19858,19857,0,0,0,0,NaN,NaN,0.6685388436581716,NaN,NaN,NaN,2.5289255355780282,2.5917007499999998,NaN,NaN,NaN,NaN,NaN,NaN,NaN,NaN,NaN,NaN,1,0,0,0,0,NaN,NaN,0.6685388436581716,NaN,NaN,NaN,2.5289255355780282,2.5917007499999998,NaN,NaN,NaN,NaN,NaN,NaN,NaN,NaN,NaN,NaN,1
2024-08-13T15:58:00-04:00,2.5787564213511907,2.59,2.57,2.58,2.5846742554849254,2.5325573882611967,2.5000351221596335,0,0,19858,19857,0,0,0,0,NaN,NaN,1.5668288141666469,NaN,NaN,NaN,2.5289255355780282,2.5917007499999998,NaN,NaN,NaN,NaN,NaN,NaN,NaN,NaN,NaN,NaN,1,0,0,0,0,NaN,NaN,1.5668288141666469,NaN,NaN,NaN,2.5289255355780282,2.5917007499999998,NaN,NaN,NaN,NaN,NaN,NaN,NaN,NaN,NaN,NaN,1