time,open,high,low,close,EMA10,EMA130,VWAP,Bull_window,Bear_window,Plot,Plot,Bullish,Bullish+,Bearish,Bearish+,Bullish Exit,Bearish Exit,Trend Strength,Take Profit,Stop Loss,Bar Color Value,Trend Tracer,Trend Catcher,Smart Trail,Smart Trail Extremity,RZ R3 Band,RZ R2 Band,RZ R1 Band,RZ S1 Band,RZ S2 Band,RZ S3 Band,Neo Lead,Neo Lag,Custom Alert Condition Highlighter,Bullish,Bullish+,Bearish,Bearish+,Bullish Exit,Bearish Exit,Trend Strength,Take Profit,Stop Loss,Bar Color Value,Trend Tracer,Trend Catcher,Smart Trail,Smart Trail Extremity,RZ R3 Band,RZ R2 Band,RZ R1 Band,RZ S1 Band,RZ S2 Band,RZ S3 Band,Neo Lead,Neo Lag,Custom Alert Condition Highlighter
2024-06-18T07:02:00-04:00,1.0385915865695288,1.09,1.0385915865695288,1.07,1.039216664563802,1.0475669156174534,1.07,0,0,18494,18569,0,0,0,0,NaN,NaN,12.736799508096647,NaN,NaN,NaN,1.0496994984296133,1.0374322500000002,NaN,NaN,NaN,NaN,NaN,NaN,NaN,NaN,NaN,NaN,1,0,0,0,0,NaN,NaN,12.736799508096647,NaN,NaN,NaN,1.0496994984296133,1.0374322500000002,NaN,NaN,NaN,NaN,NaN,NaN,NaN,NaN,NaN,NaN,1
2024-06-18T07:08:00-04:00,1.0542957932847643,1.13,1.0542957932847643,1.13,1.0557227255522015,1.048825435989706,1.092314049586777,0,0,18494,18570,0,1,0,0,NaN,NaN,2.980582045051956,NaN,NaN,NaN,1.0496994984296133,1.0693092825,NaN,NaN,NaN,NaN,NaN,NaN,NaN,NaN,NaN,NaN,1,0,1,0,0,NaN,NaN,2.980582045051956,NaN,NaN,NaN,1.0496994984296133,1.0693092825,NaN,NaN,NaN,NaN,NaN,NaN,NaN,NaN,NaN,NaN,1
2024-06-18T07:12:00-04:00,1.092147896642382,1.13,1.092147896642382,1.13,1.0692276845427102,1.0500647423104739,1.1057015985790408,0,0,18494,18571,0,0,0,0,NaN,NaN,0.1649632751607052,NaN,NaN,NaN,1.0496994984296133,1.0693092825,NaN,NaN,NaN,NaN,NaN,NaN,NaN,NaN,NaN,NaN,1,0,0,0,0,NaN,NaN,0.1649632751607052,NaN,NaN,NaN,1.0496994984296133,1.0693092825,NaN,NaN,NaN,NaN,NaN,NaN,NaN,NaN,NaN,NaN,1
2024-06-18T07:13:00-04:00,1.111073948321191,1.15,1.111073948321191,1.1425,1.0825499237167628,1.0514759676187109,1.137320625,0,0,18494,18572,0,0,0,0,NaN,NaN,0.4471241796417097,NaN,NaN,NaN,1.0849166836460942,1.07957572555,NaN,NaN,NaN,NaN,NaN,NaN,NaN,NaN,NaN,NaN,1,0,0,0,0,NaN,NaN,0.4471241796417097,NaN,NaN,NaN,1.0849166836460942,1.07957572555,NaN,NaN,NaN,NaN,NaN,NaN,NaN,NaN,NaN,NaN,1
2024-06-18T07:53:00-04:00,1.1267869741605956,1.14,1.11,1.1225,1.0898135739500787,1.0525603039909444,1.1324600974462367,0,0,18494,18573,0,0,0,0,NaN,NaN,2.552539203433994,NaN,NaN,NaN,1.0883897941720335,1.07957572555,NaN,NaN,NaN,NaN,NaN,NaN,NaN,NaN,NaN,NaN,1,0,0,0,0,NaN,NaN,2.552539203433994,NaN,NaN,NaN,1.0883897941720335,1.07957572555,NaN,NaN,NaN,NaN,NaN,NaN,NaN,NaN,NaN,NaN,1
2024-06-18T07:55:00-04:00,1.1246434870802977,1.1246434870802977,1.1,1.1025,1.0921201968682461,1.0533227420979527,1.1281505322209435,0,0,18494,18574,0,0,0,0,NaN,NaN,5.875013465508851,NaN,NaN,NaN,1.0883897941720335,1.07957572555,NaN,NaN,NaN,NaN,NaN,NaN,NaN,NaN,NaN,NaN,1,0,0,0,0,NaN,NaN,5.875013465508851,NaN,NaN,NaN,1.0883897941720335,1.07957572555,NaN,NaN,NaN,NaN,NaN,NaN,NaN,NaN,NaN,NaN,1
2024-06-18T08:00:00-04:00,1.1135717435401489,1.14,1.06,1.08505,1.090834706528565,1.0538071277147778,1.094966431691819,0,0,18494,18575,0,0,0,0,NaN,NaN,9.052471818270043,NaN,NaN,NaN,1.0883897941720335,1.07957572555,NaN,NaN,NaN,NaN,NaN,NaN,NaN,NaN,NaN,NaN,1,0,0,0,0,NaN,NaN,9.052471818270043,NaN,NaN,NaN,1.0883897941720335,1.07957572555,NaN,NaN,NaN,NaN,NaN,NaN,NaN,NaN,NaN,NaN,1
2024-06-18T08:02:00-04:00,1.0993108717700744,1.0993108717700744,1.06,1.06,1.0852283962506442,1.0539016753832544,1.0948464940633245,0,0,18494,18576,0,0,0,0,NaN,NaN,10.647835771453975,NaN,NaN,NaN,1.0883897941720335,1.07957572555,NaN,NaN,NaN,NaN,NaN,NaN,NaN,NaN,NaN,NaN,1,0,0,0,0,NaN,NaN,10.647835771453975,NaN,NaN,NaN,1.0883897941720335,1.07957572555,NaN,NaN,NaN,NaN,NaN,NaN,NaN,NaN,NaN,NaN,1
2024-06-18T08:05:00-04:00,1.0796554358850372,1.0796554358850372,1.05,1.0550000000000002,1.0797323242050725,1.0539184436980138,1.0944560973220117,0,0,18494,18577,0,0,0,0,NaN,NaN,12.109966600181025,NaN,NaN,NaN,1.0883897941720335,1.07957572555,NaN,NaN,NaN,NaN,NaN,NaN,NaN,NaN,NaN,NaN,1,0,0,0,0,NaN,NaN,12.109966600181025,NaN,NaN,NaN,1.0883897941720335,1.07957572555,NaN,NaN,NaN,NaN,NaN,NaN,NaN,NaN,NaN,NaN,1
2024-06-18T08:08:00-04:00,1.0673277179425187,1.0673277179425187,1.04,1.04,1.0725082652586957,1.05370594837438,1.0941501542558374,0,0,18494,18578,0,0,0,0,NaN,NaN,14.601613515893197,NaN,NaN,NaN,1.0883897941720335,1.07957572555,NaN,NaN,NaN,NaN,NaN,NaN,NaN,NaN,NaN,NaN,1,0,0,0,0,NaN,NaN,14.601613515893197,NaN,NaN,NaN,1.0883897941720335,1.07957572555,NaN,NaN,NaN,NaN,NaN,NaN,NaN,NaN,NaN,NaN,1
2024-06-18T08:27:00-04:00,1.0536638589712592,1.0536638589712592,1.04,1.045,1.0675067624843875,1.053573033132023,1.091867144582417,0,0,18494,18579,0,0,0,0,NaN,NaN,18.08397123171196,NaN,NaN,NaN,1.0883897941720335,1.07957572555,NaN,NaN,NaN,NaN,NaN,NaN,NaN,NaN,NaN,NaN,1,0,0,0,0,NaN,NaN,18.08397123171196,NaN,NaN,NaN,1.0883897941720335,1.07957572555,NaN,NaN,NaN,NaN,NaN,NaN,NaN,NaN,NaN,NaN,1
2024-06-18T08:28:00-04:00,1.0493319294856296,1.0493319294856296,1.03,1.03,1.0606873511235897,1.0532131394964195,1.0910859077845043,0,0,18494,18580,0,0,0,0,NaN,NaN,19.270358208192604,NaN,NaN,NaN,1.0883897941720335,1.07957572555,NaN,NaN,NaN,NaN,NaN,NaN,NaN,NaN,NaN,NaN,1,0,0,0,0,NaN,NaN,19.270358208192604,NaN,NaN,NaN,1.0883897941720335,1.07957572555,NaN,NaN,NaN,NaN,NaN,NaN,NaN,NaN,NaN,NaN,1
2024-06-18T08:34:00-04:00,1.0396659647428148,1.07,1.0396659647428148,1.07,1.0623805600102099,1.053469427443039,1.0910216332378222,0,0,18494,18581,0,0,0,0,NaN,NaN,21.494974569454907,NaN,NaN,NaN,1.0883897941720335,1.07957572555,NaN,NaN,NaN,NaN,NaN,NaN,NaN,NaN,NaN,NaN,1,0,0,0,0,NaN,NaN,21.494974569454907,NaN,NaN,NaN,1.0883897941720335,1.07957572555,NaN,NaN,NaN,NaN,NaN,NaN,NaN,NaN,NaN,NaN,1
2024-06-18T08:41:00-04:00,1.0548329823714075,1.0548329823714075,1.05,1.05,1.0601295490992626,1.05341645908513,1.089125354692406,0,0,18494,18582,0,0,0,0,NaN,NaN,24.29677511359629,NaN,NaN,NaN,1.0883897941720335,1.07957572555,NaN,NaN,NaN,NaN,NaN,NaN,NaN,NaN,NaN,NaN,1,0,0,0,0,NaN,NaN,24.29677511359629,NaN,NaN,NaN,1.0883897941720335,1.07957572555,NaN,NaN,NaN,NaN,NaN,NaN,NaN,NaN,NaN,NaN,1
2024-06-18T08:51:00-04:00,1.0524164911857037,1.07,1.0524164911857037,1.07,1.0619241765357603,1.0536696429158914,1.0880387106504332,0,0,18494,18583,0,0,0,0,NaN,NaN,25.879348134629243,NaN,NaN,NaN,1.0883897941720335,1.07957572555,NaN,NaN,NaN,NaN,NaN,NaN,NaN,NaN,NaN,NaN,1,0,0,0,0,NaN,NaN,25.879348134629243,NaN,NaN,NaN,1.0883897941720335,1.07957572555,NaN,NaN,NaN,NaN,NaN,NaN,NaN,NaN,NaN,NaN,1
2024-06-18T09:15:00-04:00,1.061208245592852,1.08,1.061208245592852,1.0750000000000002,1.0643015989838038,1.053995297222519,1.086466569402913,0,0,18494,18584,0,0,0,0,NaN,NaN,29.06322553297928,NaN,NaN,NaN,1.0883897941720335,1.07957572555,NaN,NaN,NaN,NaN,NaN,NaN,NaN,NaN,NaN,NaN,1,0,0,0,0,NaN,NaN,29.06322553297928,NaN,NaN,NaN,1.0883897941720335,1.07957572555,NaN,NaN,NaN,NaN,NaN,NaN,NaN,NaN,NaN,NaN,1
2024-06-18T09:20:00-04:00,1.068104122796426,1.068104122796426,1.06,1.06,1.0635194900776577,1.0540869720740838,1.0864028988645111,0,0,18494,18585,0,0,0,0,NaN,NaN,29.975894163202117,NaN,NaN,NaN,1.0883897941720335,1.07957572555,NaN,NaN,NaN,NaN,NaN,NaN,NaN,NaN,NaN,NaN,1,0,0,0,0,NaN,NaN,29.975894163202117,NaN,NaN,NaN,1.0883897941720335,1.07957572555,NaN,NaN,NaN,NaN,NaN,NaN,NaN,NaN,NaN,NaN,1
2024-06-18T09:30:00-04:00,1.064052061398213,1.064052061398213,1.04,1.04,1.0592432191544472,1.0538719037981434,1.0862782077735125,0,0,18494,18586,0,0,0,0,NaN,NaN,30.599328152780775,NaN,NaN,NaN,1.0883897941720335,1.07957572555,NaN,NaN,NaN,NaN,NaN,NaN,NaN,NaN,NaN,NaN,1,0,0,0,0,NaN,NaN,30.599328152780775,NaN,NaN,NaN,1.0883897941720335,1.07957572555,NaN,NaN,NaN,NaN,NaN,NaN,NaN,NaN,NaN,NaN,1
2024-06-18T09:31:00-04:00,1.0520260306991065,1.0520260306991065,1.05,1.05,1.0575626338536386,1.0538127907630572,1.086191376256582,0,0,18494,18587,0,0,0,0,NaN,NaN,30.75239633134958,NaN,NaN,NaN,1.0883897941720335,1.07957572555,NaN,NaN,NaN,NaN,NaN,NaN,NaN,NaN,NaN,NaN,1,0,0,0,0,NaN,NaN,30.75239633134958,NaN,NaN,NaN,1.0883897941720335,1.07957572555,NaN,NaN,NaN,NaN,NaN,NaN,NaN,NaN,NaN,NaN,1
2024-06-18T09:40:00-04:00,1.0510130153495534,1.0627,1.0510130153495534,1.0627,1.0584967004257042,1.0539484733468274,1.0861352841451766,0,0,18494,18588,0,0,0,0,NaN,NaN,30.667100302075053,NaN,NaN,NaN,1.0883897941720335,1.07957572555,NaN,NaN,NaN,NaN,NaN,NaN,NaN,NaN,NaN,NaN,1,0,0,0,0,NaN,NaN,30.667100302075053,NaN,NaN,NaN,1.0883897941720335,1.07957572555,NaN,NaN,NaN,NaN,NaN,NaN,NaN,NaN,NaN,NaN,1
2024-06-18T09:42:00-04:00,1.0568565076747767,1.07,1.0568565076747767,1.07,1.0605882094392125,1.0541935348224483,1.0860968484992852,0,0,18494,18589,0,0,0,0,NaN,NaN,32.90943723596781,NaN,NaN,NaN,1.0883897941720335,1.07957572555,NaN,NaN,NaN,NaN,NaN,NaN,NaN,NaN,NaN,NaN,1,0,0,0,0,NaN,NaN,32.90943723596781,NaN,NaN,NaN,1.0883897941720335,1.07957572555,NaN,NaN,NaN,NaN,NaN,NaN,NaN,NaN,NaN,NaN,1
2024-06-18T09:44:00-04:00,1.0634282538373885,1.0634282538373885,1.05,1.05,1.0586630804502648,1.0541295113900444,1.0859469979836318,0,1,18494,18590,0,0,0,0,NaN,NaN,32.086146537532564,NaN,NaN,NaN,1.0883897941720335,1.07957572555,NaN,NaN,NaN,NaN,NaN,NaN,NaN,NaN,NaN,NaN,1,0,0,0,0,NaN,NaN,32.086146537532564,NaN,NaN,NaN,1.0883897941720335,1.07957572555,NaN,NaN,NaN,NaN,NaN,NaN,NaN,NaN,NaN,NaN,1
2024-06-18T09:45:00-04:00,1.0567141269186942,1.0567141269186942,1.05,1.05,1.057087974913853,1.054066465414624,1.0858619263992426,0,0,18494,18591,0,0,0,0,NaN,NaN,32.1577619312445,NaN,NaN,NaN,1.0883897941720335,1.07957572555,NaN,NaN,NaN,NaN,NaN,NaN,NaN,NaN,NaN,NaN,1,0,0,0,0,NaN,NaN,32.1577619312445,NaN,NaN,NaN,1.0883897941720335,1.07957572555,NaN,NaN,NaN,NaN,NaN,NaN,NaN,NaN,NaN,NaN,1
2024-06-18T09:59:00-04:00,1.0533570634593472,1.0533570634593472,1.0481,1.0481,1.0554537976567888,1.0539753743395914,1.0854203180914512,0,0,18494,18592,0,0,0,0,NaN,NaN,31.451062069756595,NaN,NaN,NaN,1.0883897941720335,1.07957572555,NaN,NaN,NaN,NaN,NaN,NaN,NaN,NaN,NaN,NaN,1,0,0,0,0,NaN,NaN,31.451062069756595,NaN,NaN,NaN,1.0883897941720335,1.07957572555,NaN,NaN,NaN,NaN,NaN,NaN,NaN,NaN,NaN,NaN,1
2024-06-18T10:05:00-04:00,1.0507285317296735,1.0507285317296735,1.0454,1.0454,1.0536258344464635,1.0538444525939488,1.084505672494572,0,0,18494,18593,0,0,0,0,NaN,NaN,30.127393506894983,NaN,NaN,NaN,1.0883897941720335,1.07957572555,NaN,NaN,NaN,NaN,NaN,NaN,NaN,NaN,NaN,NaN,1,0,0,0,0,NaN,NaN,30.127393506894983,NaN,NaN,NaN,1.0883897941720335,1.07957572555,NaN,NaN,NaN,NaN,NaN,NaN,NaN,NaN,NaN,NaN,1
2024-06-18T10:07:00-04:00,1.048064265864837,1.048064265864837,1.04,1.04,1.051148410001652,1.0536330869054915,1.0844041888040132,0,0,18494,18594,0,0,0,0,NaN,NaN,27.722505034840673,NaN,NaN,NaN,1.0883897941720335,1.07957572555,NaN,NaN,NaN,NaN,NaN,NaN,NaN,NaN,NaN,NaN,1,0,0,0,0,NaN,NaN,27.722505034840673,NaN,NaN,NaN,1.0883897941720335,1.07957572555,NaN,NaN,NaN,NaN,NaN,NaN,NaN,NaN,NaN,NaN,1
2024-06-18T10:10:00-04:00,1.0440321329324185,1.0440321329324185,1.0362,1.0362,1.0484305172740789,1.0533669329069344,1.0834211110614727,0,0,18494,18595,0,0,0,0,NaN,NaN,26.15772125847895,NaN,NaN,NaN,1.0883897941720335,1.07957572555,NaN,NaN,NaN,NaN,NaN,NaN,NaN,NaN,NaN,NaN,1,0,0,0,0,NaN,NaN,26.15772125847895,NaN,NaN,NaN,1.0883897941720335,1.07957572555,NaN,NaN,NaN,NaN,NaN,NaN,NaN,NaN,NaN,NaN,1
2024-06-18T10:11:00-04:00,1.0401160664662092,1.0401160664662092,1.04,1.04,1.046897695951519,1.0531628575953782,1.0832279910158336,0,0,18494,18596,0,0,0,0,NaN,NaN,24.17368541776198,NaN,NaN,NaN,1.0883897941720335,1.07957572555,NaN,NaN,NaN,NaN,NaN,NaN,NaN,NaN,NaN,NaN,1,0,0,0,0,NaN,NaN,24.17368541776198,NaN,NaN,NaN,1.0883897941720335,1.07957572555,NaN,NaN,NaN,NaN,NaN,NaN,NaN,NaN,NaN,NaN,1
2024-06-18T10:15:00-04:00,1.0400580332331046,1.0400580332331046,1.02,1.02,1.0420072057785157,1.0526565544259832,1.0818525126174732,0,0,18494,18597,0,0,0,0,NaN,NaN,19.688918085747286,NaN,NaN,NaN,1.0883897941720335,1.07957572555,NaN,NaN,NaN,NaN,NaN,NaN,NaN,NaN,NaN,NaN,1,0,0,0,0,NaN,NaN,19.688918085747286,NaN,NaN,NaN,1.0883897941720335,1.07957572555,NaN,NaN,NaN,NaN,NaN,NaN,NaN,NaN,NaN,NaN,1
2024-06-18T10:17:00-04:00,1.0300290166165524,1.0300290166165524,1,1.0100500000000001,1.0361968047278765,1.0520060726790217,1.0782981679831274,0,0,18494,18598,0,0,0,0,NaN,NaN,15.251798935401833,NaN,NaN,NaN,1.0883897941720335,1.07031475,NaN,NaN,NaN,NaN,NaN,NaN,NaN,NaN,NaN,NaN,1,0,0,0,0,NaN,NaN,15.251798935401833,NaN,NaN,NaN,1.0883897941720335,1.07031475,NaN,NaN,NaN,NaN,NaN,NaN,NaN,NaN,NaN,NaN,1
2024-06-18T10:18:00-04:00,1.0200395083082763,1.0200395083082763,0.99,0.9974750000000001,1.0291564765955352,1.0511735372182733,1.0747295270377106,0,0,18494,18599,0,0,0,0,NaN,NaN,10.545387359868574,NaN,NaN,NaN,1.0459137483923069,1.0620306825,NaN,NaN,NaN,NaN,NaN,NaN,NaN,NaN,NaN,NaN,1,0,0,0,0,NaN,NaN,10.545387359868574,NaN,NaN,NaN,1.0459137483923069,1.0620306825,NaN,NaN,NaN,NaN,NaN,NaN,NaN,NaN,NaN,NaN,1
2024-06-18T10:19:00-04:00,1.0087572541541383,1.0087572541541383,0.9862,0.9876357499999999,1.021607253578165,1.0502034946653227,1.0677018281474282,0,0,18494,18600,0,0,0,1,NaN,NaN,6.280567367050526,NaN,NaN,NaN,1.02203931811192,1.05294253905,NaN,NaN,NaN,NaN,NaN,NaN,NaN,NaN,NaN,NaN,1,0,0,0,1,NaN,NaN,6.280567367050526,NaN,NaN,NaN,1.02203931811192,1.05294253905,NaN,NaN,NaN,NaN,NaN,NaN,NaN,NaN,NaN,NaN,1
2024-06-18T10:21:00-04:00,0.9981965020770691,0.9981965020770691,0.9898,0.98985,1.015833207473044,1.049282067265852,1.0659053644274634,0,0,18494,18601,0,0,0,0,NaN,NaN,3.2834948959679067,NaN,NaN,NaN,1.02203931811192,1.05294253905,NaN,NaN,NaN,NaN,NaN,NaN,NaN,NaN,NaN,NaN,1,0,0,0,0,NaN,NaN,3.2834948959679067,NaN,NaN,NaN,1.02203931811192,1.05294253905,NaN,NaN,NaN,NaN,NaN,NaN,NaN,NaN,NaN,NaN,1
2024-06-18T10:22:00-04:00,0.9940232510385345,0.9940232510385345,0.9899,0.98995,1.0111271697506725,1.0483762341778238,1.065636671838796,0,0,18494,18602,0,0,0,0,NaN,NaN,1.473997916528152,NaN,NaN,NaN,1.02203931811192,1.05294253905,NaN,NaN,NaN,NaN,NaN,NaN,NaN,NaN,NaN,NaN,1,0,0,0,0,NaN,NaN,1.473997916528152,NaN,NaN,NaN,1.02203931811192,1.05294253905,NaN,NaN,NaN,NaN,NaN,NaN,NaN,NaN,NaN,NaN,1
2024-06-18T10:23:00-04:00,0.9919866255192673,0.9919866255192673,0.9899,0.989975,1.0072813207050957,1.0474846122819792,1.06242286079685,0,0,18494,18603,0,0,0,0,NaN,NaN,0.5058104226513375,NaN,NaN,NaN,1.02203931811192,1.05294253905,NaN,NaN,NaN,NaN,NaN,NaN,NaN,NaN,NaN,NaN,1,0,0,0,0,NaN,NaN,0.5058104226513375,NaN,NaN,NaN,1.02203931811192,1.05294253905,NaN,NaN,NaN,NaN,NaN,NaN,NaN,NaN,NaN,NaN,1
2024-06-18T10:26:00-04:00,0.9909808127596337,1.0211,0.9909808127596337,1.020275,1.0096438078496237,1.0470691983540101,1.061304106269063,0,0,18494,18604,0,0,0,0,NaN,NaN,0.06846403746827813,NaN,NaN,NaN,1.02203931811192,1.05294253905,NaN,NaN,NaN,NaN,NaN,NaN,NaN,NaN,NaN,NaN,1,0,0,0,0,NaN,NaN,0.06846403746827813,NaN,NaN,NaN,1.02203931811192,1.05294253905,NaN,NaN,NaN,NaN,NaN,NaN,NaN,NaN,NaN,NaN,1
2024-06-18T10:37:00-04:00,1.0056279063798168,1.0217,1.0056279063798168,1.0217,1.0118358427860559,1.0466818823486055,1.060980305220342,0,0,18494,18605,0,0,0,0,NaN,NaN,0.0025393738904972425,NaN,NaN,NaN,1.02203931811192,1.05294253905,NaN,NaN,NaN,NaN,NaN,NaN,NaN,NaN,NaN,NaN,1,0,0,0,0,NaN,NaN,0.0025393738904972425,NaN,NaN,NaN,1.02203931811192,1.05294253905,NaN,NaN,NaN,NaN,NaN,NaN,NaN,NaN,NaN,NaN,1
2024-06-18T10:40:00-04:00,1.0136639531899085,1.03,1.0136639531899085,1.03,1.0151384168249549,1.0464271971219092,1.0599992172551658,0,0,18494,18606,0,0,0,0,NaN,NaN,0.11589306858954822,NaN,NaN,NaN,1.02203931811192,1.05294253905,NaN,NaN,NaN,NaN,NaN,NaN,NaN,NaN,NaN,NaN,1,0,0,0,0,NaN,NaN,0.11589306858954822,NaN,NaN,NaN,1.02203931811192,1.05294253905,NaN,NaN,NaN,NaN,NaN,NaN,NaN,NaN,NaN,NaN,1
2024-06-18T10:49:00-04:00,1.0218319765949544,1.035,1.0218319765949544,1.035,1.0187496137658723,1.0462527360971472,1.0599589067731636,0,0,18494,18607,0,0,0,0,NaN,NaN,0.34659464536153173,NaN,NaN,NaN,1.02203931811192,1.05294253905,NaN,NaN,NaN,NaN,NaN,NaN,NaN,NaN,NaN,NaN,1,0,0,0,0,NaN,NaN,0.34659464536153173,NaN,NaN,NaN,1.02203931811192,1.05294253905,NaN,NaN,NaN,NaN,NaN,NaN,NaN,NaN,NaN,NaN,1
2024-06-18T10:50:00-04:00,1.028415988297477,1.028415988297477,1.0201,1.0201,1.0189951385357137,1.0458534576834504,1.05989599516628,0,1,18494,18608,0,0,0,0,NaN,NaN,0.5554485258722666,NaN,NaN,NaN,1.02203931811192,1.05294253905,NaN,NaN,NaN,NaN,NaN,NaN,NaN,NaN,NaN,NaN,1,0,0,0,0,NaN,NaN,0.5554485258722666,NaN,NaN,NaN,1.02203931811192,1.05294253905,NaN,NaN,NaN,NaN,NaN,NaN,NaN,NaN,NaN,NaN,1
2024-06-18T10:51:00-04:00,1.0242579941487384,1.035,1.0242579941487384,1.035,1.021905113347402,1.0456877560394282,1.0598567623075468,0,0,18494,18609,0,0,0,0,NaN,NaN,0.5871583799636507,NaN,NaN,NaN,1.02203931811192,1.05294253905,NaN,NaN,NaN,NaN,NaN,NaN,NaN,NaN,NaN,NaN,1,0,0,0,0,NaN,NaN,0.5871583799636507,NaN,NaN,NaN,1.02203931811192,1.05294253905,NaN,NaN,NaN,NaN,NaN,NaN,NaN,NaN,NaN,NaN,1
2024-06-18T10:55:00-04:00,1.029628997074369,1.05,1.029628997074369,1.04995,1.0270041836478743,1.0457528284663071,1.0592693206894763,0,0,18494,18610,0,0,0,0,NaN,NaN,0.4175102100494073,NaN,NaN,NaN,1.02203931811192,1.05294253905,NaN,NaN,NaN,NaN,NaN,NaN,NaN,NaN,NaN,NaN,1,0,0,0,0,NaN,NaN,0.4175102100494073,NaN,NaN,NaN,1.02203931811192,1.05294253905,NaN,NaN,NaN,NaN,NaN,NaN,NaN,NaN,NaN,NaN,1
2024-06-18T10:58:00-04:00,1.0397894985371845,1.0397894985371845,1.03,1.03065,1.0276670593482609,1.0455222509324704,1.0588101224637894,0,0,18494,18611,0,0,0,0,NaN,NaN,0.801227979790368,NaN,NaN,NaN,1.02203931811192,1.05294253905,NaN,NaN,NaN,NaN,NaN,NaN,NaN,NaN,NaN,NaN,1,0,0,0,0,NaN,NaN,0.801227979790368,NaN,NaN,NaN,1.02203931811192,1.05294253905,NaN,NaN,NaN,NaN,NaN,NaN,NaN,NaN,NaN,NaN,1
2024-06-18T11:01:00-04:00,1.0352197492685922,1.0352197492685922,1,1.0150000000000001,1.0253639576485771,1.045056262368616,1.0576287035461345,0,0,18494,18612,0,0,0,0,NaN,NaN,1.302377670183191,NaN,NaN,NaN,1.02203931811192,1.05294253905,NaN,NaN,NaN,NaN,NaN,NaN,NaN,NaN,NaN,NaN,1,0,0,0,0,NaN,NaN,1.302377670183191,NaN,NaN,NaN,1.02203931811192,1.05294253905,NaN,NaN,NaN,NaN,NaN,NaN,NaN,NaN,NaN,NaN,1
2024-06-18T11:03:00-04:00,1.0251098746342961,1.0251098746342961,0.9997,0.99985,1.0207250562579266,1.0443660904240568,1.0567039602495705,0,0,18494,18613,0,0,0,0,NaN,NaN,2.204156043259352,NaN,NaN,NaN,1.02203931811192,1.05294253905,NaN,NaN,NaN,NaN,NaN,NaN,NaN,NaN,NaN,NaN,1,0,0,0,0,NaN,NaN,2.204156043259352,NaN,NaN,NaN,1.02203931811192,1.05294253905,NaN,NaN,NaN,NaN,NaN,NaN,NaN,NaN,NaN,NaN,1
2024-06-18T11:57:00-04:00,1.012479937317148,1.02,1.012479937317148,1.02,1.0205932278473946,1.0439940890435369,1.0565000578552282,0,0,18494,18614,0,0,0,0,NaN,NaN,2.6887313195896185,NaN,NaN,NaN,1.02203931811192,1.05294253905,NaN,NaN,NaN,NaN,NaN,NaN,NaN,NaN,NaN,NaN,1,0,0,0,0,NaN,NaN,2.6887313195896185,NaN,NaN,NaN,1.02203931811192,1.05294253905,NaN,NaN,NaN,NaN,NaN,NaN,NaN,NaN,NaN,NaN,1
2024-06-18T12:03:00-04:00,1.016239968658574,1.0201,1.016239968658574,1.0201,1.0205035500569593,1.0436292937909637,1.0560014474165447,0,0,18494,18615,0,0,0,0,NaN,NaN,3.2012306378019875,NaN,NaN,NaN,1.02203931811192,1.05294253905,NaN,NaN,NaN,NaN,NaN,NaN,NaN,NaN,NaN,NaN,1,0,0,0,0,NaN,NaN,3.2012306378019875,NaN,NaN,NaN,1.02203931811192,1.05294253905,NaN,NaN,NaN,NaN,NaN,NaN,NaN,NaN,NaN,NaN,1
2024-06-18T12:04:00-04:00,1.0181699843292868,1.0363,1.0181699843292868,1.0363,1.0233756318647849,1.0435173961758344,1.0557352224335501,0,0,18494,18616,0,0,0,0,NaN,NaN,3.3063354268257927,NaN,NaN,NaN,1.02203931811192,1.05294253905,NaN,NaN,NaN,NaN,NaN,NaN,NaN,NaN,NaN,NaN,1,0,0,0,0,NaN,NaN,3.3063354268257927,NaN,NaN,NaN,1.02203931811192,1.05294253905,NaN,NaN,NaN,NaN,NaN,NaN,NaN,NaN,NaN,NaN,1
2024-06-18T12:08:00-04:00,1.0272349921646433,1.0499,1.0272349921646433,1.04245,1.0268436987984604,1.0435011000510126,1.0553856251167717,0,0,18494,18617,0,0,0,0,NaN,NaN,3.530123055070436,NaN,NaN,NaN,1.02203931811192,1.05294253905,NaN,NaN,NaN,NaN,NaN,NaN,NaN,NaN,NaN,NaN,1,0,0,0,0,NaN,NaN,3.530123055070436,NaN,NaN,NaN,1.02203931811192,1.05294253905,NaN,NaN,NaN,NaN,NaN,NaN,NaN,NaN,NaN,NaN,1
2024-06-18T12:15:00-04:00,1.0348424960823217,1.0348424960823217,1.0234,1.0234,1.0262175717441948,1.043194213027333,1.0551973587138503,0,1,18494,18618,0,0,0,0,NaN,NaN,4.326713034028155,NaN,NaN,NaN,1.02203931811192,1.05294253905,NaN,NaN,NaN,NaN,NaN,NaN,NaN,NaN,NaN,NaN,1,0,0,0,0,NaN,NaN,4.326713034028155,NaN,NaN,NaN,1.02203931811192,1.05294253905,NaN,NaN,NaN,NaN,NaN,NaN,NaN,NaN,NaN,NaN,1
2024-06-18T12:29:00-04:00,1.029121248041161,1.03,1.029121248041161,1.03,1.026905285972523,1.0429927746605034,1.0551316147541518,0,0,18494,18619,0,0,0,0,NaN,NaN,4.644764763141717,NaN,NaN,NaN,1.02203931811192,1.05294253905,NaN,NaN,NaN,NaN,NaN,NaN,NaN,NaN,NaN,NaN,1,0,0,0,0,NaN,NaN,4.644764763141717,NaN,NaN,NaN,1.02203931811192,1.05294253905,NaN,NaN,NaN,NaN,NaN,NaN,NaN,NaN,NaN,NaN,1
2024-06-18T12:46:00-04:00,1.0295606240205806,1.0295606240205806,1.0295,1.0295,1.027377052159337,1.0427867781008011,1.0550383277104753,0,0,18494,18620,0,0,0,0,NaN,NaN,4.980372455318646,NaN,NaN,NaN,1.02203931811192,1.05294253905,NaN,NaN,NaN,NaN,NaN,NaN,NaN,NaN,NaN,NaN,1,0,0,0,0,NaN,NaN,4.980372455318646,NaN,NaN,NaN,1.02203931811192,1.05294253905,NaN,NaN,NaN,NaN,NaN,NaN,NaN,NaN,NaN,NaN,1
2024-06-18T13:41:00-04:00,1.0295303120102903,1.0295303120102903,1.0028,1.0028,1.0229084972212759,1.0421762929389569,1.0549082822139384,0,0,18494,18621,0,0,0,0,NaN,NaN,6.165556278538877,NaN,NaN,NaN,1.02203931811192,1.05294253905,NaN,NaN,NaN,NaN,NaN,NaN,NaN,NaN,NaN,NaN,1,0,0,0,0,NaN,NaN,6.165556278538877,NaN,NaN,NaN,1.02203931811192,1.05294253905,NaN,NaN,NaN,NaN,NaN,NaN,NaN,NaN,NaN,NaN,1
2024-06-18T13:46:00-04:00,1.0161651560051452,1.0186,1.0161651560051452,1.0186,1.0221251340901347,1.0418163495353088,1.0545106460168763,0,0,18494,18622,0,0,0,0,NaN,NaN,6.730481212753259,NaN,NaN,NaN,1.02203931811192,1.05294253905,NaN,NaN,NaN,NaN,NaN,NaN,NaN,NaN,NaN,NaN,1,0,0,0,0,NaN,NaN,6.730481212753259,NaN,NaN,NaN,1.02203931811192,1.05294253905,NaN,NaN,NaN,NaN,NaN,NaN,NaN,NaN,NaN,NaN,1
2024-06-18T13:53:00-04:00,1.0173825780025725,1.02,1.0024,1.0112,1.0201387460737465,1.0413489243515637,1.0532022990964829,0,0,18494,18623,0,0,0,0,NaN,NaN,8.140485426443107,NaN,NaN,NaN,1.02203931811192,1.05294253905,NaN,NaN,NaN,NaN,NaN,NaN,NaN,NaN,NaN,NaN,1,0,0,0,0,NaN,NaN,8.140485426443107,NaN,NaN,NaN,1.02203931811192,1.05294253905,NaN,NaN,NaN,NaN,NaN,NaN,NaN,NaN,NaN,NaN,1
2024-06-18T14:08:00-04:00,1.0142912890012863,1.02,1.0105,1.017625,1.0196817013330655,1.0409867270332192,1.0526362530688549,0,0,18494,18624,0,0,0,0,NaN,NaN,8.71786726610692,NaN,NaN,NaN,1.02203931811192,1.05294253905,NaN,NaN,NaN,NaN,NaN,NaN,NaN,NaN,NaN,NaN,1,0,0,0,0,NaN,NaN,8.71786726610692,NaN,NaN,NaN,1.02203931811192,1.05294253905,NaN,NaN,NaN,NaN,NaN,NaN,NaN,NaN,NaN,NaN,1
2024-06-18T14:15:00-04:00,1.0159581445006431,1.02,1.0006,1.0103,1.0179759374543262,1.0405182273838571,1.0508387322983441,0,0,18494,18625,0,0,0,0,NaN,NaN,9.965447156228437,NaN,NaN,NaN,1.02203931811192,1.05294253905,NaN,NaN,NaN,NaN,NaN,NaN,NaN,NaN,NaN,NaN,1,0,0,0,0,NaN,NaN,9.965447156228437,NaN,NaN,NaN,1.02203931811192,1.05294253905,NaN,NaN,NaN,NaN,NaN,NaN,NaN,NaN,NaN,NaN,1
2024-06-18T14:20:00-04:00,1.0131290722503214,1.0384,1.0131290722503214,1.0384,1.0216894033717214,1.0404858880344852,1.0507734797420176,0,0,18494,18626,0,0,0,0,NaN,NaN,10.334876168975054,NaN,NaN,NaN,1.02203931811192,1.05294253905,NaN,NaN,NaN,NaN,NaN,NaN,NaN,NaN,NaN,NaN,1,0,0,0,0,NaN,NaN,10.334876168975054,NaN,NaN,NaN,1.02203931811192,1.05294253905,NaN,NaN,NaN,NaN,NaN,NaN,NaN,NaN,NaN,NaN,1
2024-06-18T14:23:00-04:00,1.0257645361251608,1.0257645361251608,1.0048,1.0048,1.0186186027586812,1.0399410653164014,1.0494715722040984,0,1,18494,18627,0,0,0,0,NaN,NaN,13.38384500751115,NaN,NaN,NaN,1.02203931811192,1.05294253905,NaN,NaN,NaN,NaN,NaN,NaN,NaN,NaN,NaN,NaN,1,0,0,0,0,NaN,NaN,13.38384500751115,NaN,NaN,NaN,1.02203931811192,1.05294253905,NaN,NaN,NaN,NaN,NaN,NaN,NaN,NaN,NaN,NaN,1
2024-06-18T14:40:00-04:00,1.0152822680625804,1.0152822680625804,1,1,1.0152334022571028,1.0393312780596624,1.0494155968562249,0,0,18494,18628,0,0,0,0,NaN,NaN,15.984500984790765,NaN,NaN,NaN,1.02203931811192,1.05294253905,NaN,NaN,NaN,NaN,NaN,NaN,NaN,NaN,NaN,NaN,1,0,0,0,0,NaN,NaN,15.984500984790765,NaN,NaN,NaN,1.02203931811192,1.05294253905,NaN,NaN,NaN,NaN,NaN,NaN,NaN,NaN,NaN,NaN,1
2024-06-18T14:53:00-04:00,1.00764113403129,1.00764113403129,1,1,1.0124636927558113,1.038730800532034,1.0493597480334762,0,0,18494,18629,0,0,0,0,NaN,NaN,20.673501316724728,NaN,NaN,NaN,1.02203931811192,1.05294253905,NaN,NaN,NaN,NaN,NaN,NaN,NaN,NaN,NaN,NaN,1,0,0,0,0,NaN,NaN,20.673501316724728,NaN,NaN,NaN,1.02203931811192,1.05294253905,NaN,NaN,NaN,NaN,NaN,NaN,NaN,NaN,NaN,NaN,1
2024-06-18T14:55:00-04:00,1.003820567015645,1.02,1.003820567015645,1.02,1.0138339304365729,1.0384448341116976,1.0493266035126043,0,0,18494,18630,0,0,0,0,NaN,NaN,23.935227194751864,NaN,NaN,NaN,1.02203931811192,1.05294253905,NaN,NaN,NaN,NaN,NaN,NaN,NaN,NaN,NaN,NaN,1,0,0,0,0,NaN,NaN,23.935227194751864,NaN,NaN,NaN,1.02203931811192,1.05294253905,NaN,NaN,NaN,NaN,NaN,NaN,NaN,NaN,NaN,NaN,1
2024-06-18T15:08:00-04:00,1.0119102835078224,1.0199,1.0119102835078224,1.0199,1.0149368521753779,1.038161706873351,1.049161435836486,0,0,18494,18631,0,0,0,0,NaN,NaN,25.723241178664992,NaN,NaN,NaN,1.02203931811192,1.05294253905,NaN,NaN,NaN,NaN,NaN,NaN,NaN,NaN,NaN,NaN,1,0,0,0,0,NaN,NaN,25.723241178664992,NaN,NaN,NaN,1.02203931811192,1.05294253905,NaN,NaN,NaN,NaN,NaN,NaN,NaN,NaN,NaN,NaN,1
2024-06-18T15:40:00-04:00,1.0159051417539113,1.0159051417539113,1.011,1.01165,1.0143392426889455,1.0377569479897886,1.0486628400854001,0,0,18494,18632,0,0,0,0,NaN,NaN,30.580841795498564,NaN,NaN,NaN,1.02203931811192,1.05294253905,NaN,NaN,NaN,NaN,NaN,NaN,NaN,NaN,NaN,NaN,1,0,0,0,0,NaN,NaN,30.580841795498564,NaN,NaN,NaN,1.02203931811192,1.05294253905,NaN,NaN,NaN,NaN,NaN,NaN,NaN,NaN,NaN,NaN,1
2024-06-18T15:41:00-04:00,1.0137775708769556,1.02,1.0137775708769556,1.017475,1.0149093803818645,1.0374472999288757,1.048020008090062,0,0,18494,18633,0,0,0,0,NaN,NaN,37.61780384638949,NaN,NaN,NaN,1.02203931811192,1.05294253905,NaN,NaN,NaN,NaN,NaN,NaN,NaN,NaN,NaN,NaN,1,0,0,0,0,NaN,NaN,37.61780384638949,NaN,NaN,NaN,1.02203931811192,1.05294253905,NaN,NaN,NaN,NaN,NaN,NaN,NaN,NaN,NaN,NaN,1
2024-06-18T15:46:00-04:00,1.0156262854384779,1.0156262854384779,1.0122,1.0122,1.01441676576698,1.0370618449681295,1.0476374964127029,0,1,18494,18634,0,0,0,0,NaN,NaN,41.54986818658968,NaN,NaN,NaN,1.02203931811192,1.05294253905,NaN,NaN,NaN,NaN,NaN,NaN,NaN,NaN,NaN,NaN,1,0,0,0,0,NaN,NaN,41.54986818658968,NaN,NaN,NaN,1.02203931811192,1.05294253905,NaN,NaN,NaN,NaN,NaN,NaN,NaN,NaN,NaN,NaN,1
2024-06-18T15:48:00-04:00,1.013913142719239,1.021,1.013913142719239,1.021,1.015613717445711,1.0368166259609826,1.0473546483790985,0,0,18494,18635,0,0,0,0,NaN,NaN,41.93402587137816,NaN,NaN,NaN,1.02203931811192,1.05294253905,NaN,NaN,NaN,NaN,NaN,NaN,NaN,NaN,NaN,NaN,1,0,0,0,0,NaN,NaN,41.93402587137816,NaN,NaN,NaN,1.02203931811192,1.05294253905,NaN,NaN,NaN,NaN,NaN,NaN,NaN,NaN,NaN,NaN,1
2024-06-18T16:00:00-04:00,1.0174565713596193,1.02,1.0174565713596193,1.02,1.0164112233646725,1.0365598835798988,1.0462896731919258,0,0,18494,18636,0,0,0,0,NaN,NaN,42.76252510839985,NaN,NaN,NaN,1.02203931811192,1.05294253905,NaN,NaN,NaN,NaN,NaN,NaN,NaN,NaN,NaN,NaN,1,0,0,0,0,NaN,NaN,42.76252510839985,NaN,NaN,NaN,1.02203931811192,1.05294253905,NaN,NaN,NaN,NaN,NaN,NaN,NaN,NaN,NaN,NaN,1
2024-06-18T17:30:00-04:00,1.0187282856798097,1.02,1.0187282856798097,1.02,1.0170637282074593,1.036307060929824,1.0461562108796743,0,0,18494,18637,0,0,0,0,NaN,NaN,44.0019308648369,NaN,NaN,NaN,1.02203931811192,1.05294253905,NaN,NaN,NaN,NaN,NaN,NaN,NaN,NaN,NaN,NaN,1,0,0,0,0,NaN,NaN,44.0019308648369,NaN,NaN,NaN,1.02203931811192,1.05294253905,NaN,NaN,NaN,NaN,NaN,NaN,NaN,NaN,NaN,NaN,1
2024-06-18T19:34:00-04:00,1.0193641428399047,1.0193641428399047,0.99,0.99,1.0121430503515576,1.0356000829003609,1.0454930505854436,0,1,18494,18638,0,0,0,0,NaN,NaN,48.05481874138,NaN,NaN,NaN,1.02203931811192,1.05294253905,NaN,NaN,NaN,NaN,NaN,NaN,NaN,NaN,NaN,NaN,1,0,0,0,0,NaN,NaN,48.05481874138,NaN,NaN,NaN,1.02203931811192,1.05294253905,NaN,NaN,NaN,NaN,NaN,NaN,NaN,NaN,NaN,NaN,1
2024-06-20T08:00:00-04:00,1.0046820714199525,1.02,0.98,1,1.0099352230149108,1.0350565701843248,1,0,0,18494,18639,0,0,0,0,NaN,NaN,50.55171508797329,NaN,NaN,NaN,1.02203931811192,1.05294253905,NaN,NaN,NaN,NaN,NaN,NaN,NaN,NaN,NaN,NaN,1,0,0,0,0,NaN,NaN,50.55171508797329,NaN,NaN,NaN,1.02203931811192,1.05294253905,NaN,NaN,NaN,NaN,NaN,NaN,NaN,NaN,NaN,NaN,1
2024-06-20T08:21:00-04:00,1.0023410357099762,1.0023410357099762,0.98,0.98,1.004492455194018,1.0342160118609,0.9995145631067961,0,0,18494,18640,0,0,0,0,NaN,NaN,53.866330717042544,NaN,NaN,NaN,1.02203931811192,1.0429034442855,NaN,NaN,NaN,NaN,NaN,NaN,NaN,NaN,NaN,NaN,1,0,0,0,0,NaN,NaN,53.866330717042544,NaN,NaN,NaN,1.02203931811192,1.0429034442855,NaN,NaN,NaN,NaN,NaN,NaN,NaN,NaN,NaN,NaN,1
2024-06-20T09:01:00-04:00,0.9911705178549881,1.02,0.9911705178549881,1.02,1.0073120087951055,1.0339989735118786,0.9998385170321532,0,0,18494,18641,0,0,0,0,NaN,NaN,52.41019071050841,NaN,NaN,NaN,1.02203931811192,1.0429034442855,NaN,NaN,NaN,NaN,NaN,NaN,NaN,NaN,NaN,NaN,1,0,0,0,0,NaN,NaN,52.41019071050841,NaN,NaN,NaN,1.02203931811192,1.0429034442855,NaN,NaN,NaN,NaN,NaN,NaN,NaN,NaN,NaN,NaN,1
2024-06-20T09:06:00-04:00,1.005585258927494,1.02,1.005585258927494,1.02,1.0096189162869045,1.0337852487254378,1.0009661269225565,0,0,18494,18642,0,0,0,0,NaN,NaN,49.73419423970032,NaN,NaN,NaN,1.02203931811192,1.0429034442855,NaN,NaN,NaN,NaN,NaN,NaN,NaN,NaN,NaN,NaN,1,0,0,0,0,NaN,NaN,49.73419423970032,NaN,NaN,NaN,1.02203931811192,1.0429034442855,NaN,NaN,NaN,NaN,NaN,NaN,NaN,NaN,NaN,NaN,1
2024-06-20T09:15:00-04:00,1.012792629463747,1.021,1.012792629463747,1.021,1.01168820423474,1.0335900540884082,1.0011043225083986,0,0,18494,18643,0,0,0,0,NaN,NaN,47.00280750626049,NaN,NaN,NaN,1.02203931811192,1.0429034442855,NaN,NaN,NaN,NaN,NaN,NaN,NaN,NaN,NaN,NaN,1,0,0,0,0,NaN,NaN,47.00280750626049,NaN,NaN,NaN,1.02203931811192,1.0429034442855,NaN,NaN,NaN,NaN,NaN,NaN,NaN,NaN,NaN,NaN,1
2024-06-20T09:30:00-04:00,1.0168963147318735,1.0168963147318735,1.01,1.01,1.0113812580102417,1.0332299005908752,1.0013503484320556,0,0,18494,18644,0,0,0,0,NaN,NaN,46.18635963310041,NaN,NaN,NaN,1.02203931811192,1.0429034442855,NaN,NaN,NaN,NaN,NaN,NaN,NaN,NaN,NaN,NaN,1,0,0,0,0,NaN,NaN,46.18635963310041,NaN,NaN,NaN,1.02203931811192,1.0429034442855,NaN,NaN,NaN,NaN,NaN,NaN,NaN,NaN,NaN,NaN,1
2024-06-20T09:31:00-04:00,1.0134481573659366,1.035,1.0134481573659366,1.035,1.0156755747356523,1.033256925009335,1.0035437889336751,0,0,18494,18645,0,0,0,0,NaN,NaN,41.89519685350684,NaN,NaN,NaN,1.02203931811192,1.0429034442855,NaN,NaN,NaN,NaN,NaN,NaN,NaN,NaN,NaN,NaN,1,0,0,0,0,NaN,NaN,41.89519685350684,NaN,NaN,NaN,1.02203931811192,1.0429034442855,NaN,NaN,NaN,NaN,NaN,NaN,NaN,NaN,NaN,NaN,1
2024-06-20T09:43:00-04:00,1.0242240786829684,1.05,1.02,1.0375,1.0196436520564427,1.033321704780185,1.0144167312482701,0,0,18494,18646,0,0,0,0,NaN,NaN,36.496579188868104,NaN,NaN,NaN,1.02203931811192,1.0429034442855,NaN,NaN,NaN,NaN,NaN,NaN,NaN,NaN,NaN,NaN,1,0,0,0,0,NaN,NaN,36.496579188868104,NaN,NaN,NaN,1.02203931811192,1.0429034442855,NaN,NaN,NaN,NaN,NaN,NaN,NaN,NaN,NaN,NaN,1
2024-06-20T09:45:00-04:00,1.0308620393414842,1.0308620393414842,1.01,1.01,1.017890260773453,1.0329656482186556,1.0143681293112885,0,1,18494,18647,0,0,0,0,NaN,NaN,34.262748499202615,NaN,NaN,NaN,1.02203931811192,1.0429034442855,NaN,NaN,NaN,NaN,NaN,NaN,NaN,NaN,NaN,NaN,1,0,0,0,0,NaN,NaN,34.262748499202615,NaN,NaN,NaN,1.02203931811192,1.0429034442855,NaN,NaN,NaN,NaN,NaN,NaN,NaN,NaN,NaN,NaN,1
2024-06-20T09:49:00-04:00,1.0204310196707422,1.0204310196707422,1.0045,1.0045,1.0154556679055524,1.0325310581695157,1.0143411907621749,0,0,18494,18648,0,0,0,0,NaN,NaN,33.34609072795043,NaN,NaN,NaN,1.02203931811192,1.0429034442855,NaN,NaN,NaN,NaN,NaN,NaN,NaN,NaN,NaN,NaN,1,0,0,0,0,NaN,NaN,33.34609072795043,NaN,NaN,NaN,1.02203931811192,1.0429034442855,NaN,NaN,NaN,NaN,NaN,NaN,NaN,NaN,NaN,NaN,1
2024-06-20T09:53:00-04:00,1.012465509835371,1.0499,1.012465509835371,1.0499,1.0217182737409065,1.0327962328539506,1.0144379968419903,0,0,18494,18649,0,0,0,0,NaN,NaN,27.02487722493106,NaN,NaN,NaN,1.02203931811192,1.0429034442855,NaN,NaN,NaN,NaN,NaN,NaN,NaN,NaN,NaN,NaN,1,0,0,0,0,NaN,NaN,27.02487722493106,NaN,NaN,NaN,1.02203931811192,1.0429034442855,NaN,NaN,NaN,NaN,NaN,NaN,NaN,NaN,NaN,NaN,1
2024-06-20T10:23:00-04:00,1.0311827549176855,1.0311827549176855,1.015,1.015,1.020496769424378,1.0325245346424399,1.0144455441555649,0,0,18494,18650,0,0,0,0,NaN,NaN,26.62088908247835,NaN,NaN,NaN,1.02203931811192,1.0429034442855,NaN,NaN,NaN,NaN,NaN,NaN,NaN,NaN,NaN,NaN,1,0,0,0,0,NaN,NaN,26.62088908247835,NaN,NaN,NaN,1.02203931811192,1.0429034442855,NaN,NaN,NaN,NaN,NaN,NaN,NaN,NaN,NaN,NaN,1
2024-06-20T10:30:00-04:00,1.0230913774588428,1.0230913774588428,1,1.005,1.017679174983582,1.0321043127395018,1.0139841738197422,0,0,18494,18651,0,0,0,0,NaN,NaN,26.610367577712708,NaN,NaN,NaN,1.02203931811192,1.0429034442855,NaN,NaN,NaN,NaN,NaN,NaN,NaN,NaN,NaN,NaN,1,0,0,0,0,NaN,NaN,26.610367577712708,NaN,NaN,NaN,1.02203931811192,1.0429034442855,NaN,NaN,NaN,NaN,NaN,NaN,NaN,NaN,NaN,NaN,1
2024-06-20T10:31:00-04:00,1.0140456887294214,1.0140456887294214,0.99,0.99,1.01264659771384,1.0314614988045476,1.013533275680553,0,0,18494,18652,0,0,0,0,NaN,NaN,29.030285293844422,NaN,NaN,NaN,1.02203931811192,1.0429034442855,NaN,NaN,NaN,NaN,NaN,NaN,NaN,NaN,NaN,NaN,1,0,0,0,0,NaN,NaN,29.030285293844422,NaN,NaN,NaN,1.02203931811192,1.0429034442855,NaN,NaN,NaN,NaN,NaN,NaN,NaN,NaN,NaN,NaN,1
2024-06-20T10:51:00-04:00,1.0020228443647108,1.0020228443647108,0.98,0.9825,1.0071653981295055,1.030713995006005,1.0132358862959283,0,0,18494,18653,0,0,0,0,NaN,NaN,28.78378205295252,NaN,NaN,NaN,1.02203931811192,1.0429034442855,NaN,NaN,NaN,NaN,NaN,NaN,NaN,NaN,NaN,NaN,1,0,0,0,0,NaN,NaN,28.78378205295252,NaN,NaN,NaN,1.02203931811192,1.0429034442855,NaN,NaN,NaN,NaN,NaN,NaN,NaN,NaN,NaN,NaN,1
2024-06-20T10:57:00-04:00,0.9922614221823554,0.9922614221823554,0.9849,0.9849,1.0031171439241409,1.0300145447005697,1.013093100978164,0,0,18494,18654,0,0,0,0,NaN,NaN,29.418947107899513,NaN,NaN,NaN,1.02203931811192,1.0429034442855,NaN,NaN,NaN,NaN,NaN,NaN,NaN,NaN,NaN,NaN,1,0,0,0,0,NaN,NaN,29.418947107899513,NaN,NaN,NaN,1.02203931811192,1.0429034442855,NaN,NaN,NaN,NaN,NaN,NaN,NaN,NaN,NaN,NaN,1
2024-06-20T11:00:00-04:00,0.9885807110911777,0.989899,0.9885807110911777,0.989899,1.0007138450288424,1.029402093636439,1.0129224892114552,0,0,18494,18655,0,0,0,0,NaN,NaN,28.55126496805867,NaN,NaN,NaN,1.02203931811192,1.0429034442855,NaN,NaN,NaN,NaN,NaN,NaN,NaN,NaN,NaN,NaN,1,0,0,0,0,NaN,NaN,28.55126496805867,NaN,NaN,NaN,1.02203931811192,1.0429034442855,NaN,NaN,NaN,NaN,NaN,NaN,NaN,NaN,NaN,NaN,1
2024-06-20T11:03:00-04:00,0.9892398555455888,0.9899,0.9892398555455888,0.9899,0.9987476913872347,1.0287990082374094,1.0128274827240982,0,0,18494,18656,0,0,0,0,NaN,NaN,27.421573364632696,NaN,NaN,NaN,1.02203931811192,1.0429034442855,NaN,NaN,NaN,NaN,NaN,NaN,NaN,NaN,NaN,NaN,1,0,0,0,0,NaN,NaN,27.421573364632696,NaN,NaN,NaN,1.02203931811192,1.0429034442855,NaN,NaN,NaN,NaN,NaN,NaN,NaN,NaN,NaN,NaN,1
2024-06-20T11:04:00-04:00,0.9895699277727944,0.9898,0.98,0.984925,0.9962344747713738,1.0281291760505789,1.0119370411081956,0,0,18494,18657,0,0,0,0,NaN,NaN,27.058884964563422,NaN,NaN,NaN,1.02203931811192,1.0429034442855,NaN,NaN,NaN,NaN,NaN,NaN,NaN,NaN,NaN,NaN,1,0,0,0,0,NaN,NaN,27.058884964563422,NaN,NaN,NaN,1.02203931811192,1.0429034442855,NaN,NaN,NaN,NaN,NaN,NaN,NaN,NaN,NaN,NaN,1
2024-06-20T11:06:00-04:00,0.9872474638863973,0.9899,0.9872474638863973,0.9899,0.9950827520856695,1.027545524507822,1.0117597981053321,0,0,18494,18658,0,0,0,0,NaN,NaN,27.575457231857612,NaN,NaN,NaN,1.02203931811192,1.0429034442855,NaN,NaN,NaN,NaN,NaN,NaN,NaN,NaN,NaN,NaN,1,0,0,0,0,NaN,NaN,27.575457231857612,NaN,NaN,NaN,1.02203931811192,1.0429034442855,NaN,NaN,NaN,NaN,NaN,NaN,NaN,NaN,NaN,NaN,1
2024-06-20T11:07:00-04:00,0.9885737319431986,0.9885737319431986,0.981,0.981,0.9925222517064569,1.0268349058130462,1.0110412758210048,0,1,18494,18659,0,0,0,0,NaN,NaN,27.813655508387814,NaN,NaN,NaN,1.02203931811192,1.0429034442855,NaN,NaN,NaN,NaN,NaN,NaN,NaN,NaN,NaN,NaN,1,0,0,0,0,NaN,NaN,27.813655508387814,NaN,NaN,NaN,1.02203931811192,1.0429034442855,NaN,NaN,NaN,NaN,NaN,NaN,NaN,NaN,NaN,NaN,1
2024-06-20T11:11:00-04:00,0.9847868659715993,0.99,0.981,0.9854999999999999,0.9912454786689193,1.0262038385487249,1.01038032280373,0,0,18494,18660,0,0,0,0,NaN,NaN,27.002304892791717,NaN,NaN,NaN,1.02203931811192,1.0429034442855,NaN,NaN,NaN,NaN,NaN,NaN,NaN,NaN,NaN,NaN,1,0,0,0,0,NaN,NaN,27.002304892791717,NaN,NaN,NaN,1.02203931811192,1.0429034442855,NaN,NaN,NaN,NaN,NaN,NaN,NaN,NaN,NaN,NaN,1
2024-06-20T11:19:00-04:00,0.9851434329857995,0.985501,0.9851434329857995,0.985501,0.9902010280018431,1.0255824211663016,1.0094913741691225,0,0,18494,18661,0,0,0,0,NaN,NaN,25.85281825845093,NaN,NaN,NaN,1.02203931811192,1.0429034442855,NaN,NaN,NaN,NaN,NaN,NaN,NaN,NaN,NaN,NaN,1,0,0,0,0,NaN,NaN,25.85281825845093,NaN,NaN,NaN,1.02203931811192,1.0429034442855,NaN,NaN,NaN,NaN,NaN,NaN,NaN,NaN,NaN,NaN,1
2024-06-20T11:29:00-04:00,0.9853222164928997,0.988,0.9853222164928997,0.988,0.9898008410924171,1.0250086437439154,1.0090388003242992,0,0,18494,18662,0,0,0,0,NaN,NaN,25.22706748252967,NaN,NaN,NaN,1.02203931811192,1.0429034442855,NaN,NaN,NaN,NaN,NaN,NaN,NaN,NaN,NaN,NaN,1,0,0,0,0,NaN,NaN,25.22706748252967,NaN,NaN,NaN,1.02203931811192,1.0429034442855,NaN,NaN,NaN,NaN,NaN,NaN,NaN,NaN,NaN,NaN,1
2024-06-20T11:31:00-04:00,0.9866611082464498,0.9899,0.9866611082464498,0.9899,0.9898188699847049,1.0244726339157642,1.0089985817765355,0,0,18494,18663,0,0,0,0,NaN,NaN,24.338885258064487,NaN,NaN,NaN,1.02203931811192,1.0429034442855,NaN,NaN,NaN,NaN,NaN,NaN,NaN,NaN,NaN,NaN,1,0,0,0,0,NaN,NaN,24.338885258064487,NaN,NaN,NaN,1.02203931811192,1.0429034442855,NaN,NaN,NaN,NaN,NaN,NaN,NaN,NaN,NaN,NaN,1
2024-06-20T12:11:00-04:00,0.9882805541232249,0.9899,0.9882805541232249,0.9899,0.9898336208965768,1.0239448074437678,1.00895853190597,0,0,18494,18664,0,0,0,0,NaN,NaN,23.447083613476114,NaN,NaN,NaN,1.02203931811192,1.0429034442855,NaN,NaN,NaN,NaN,NaN,NaN,NaN,NaN,NaN,NaN,1,0,0,0,0,NaN,NaN,23.447083613476114,NaN,NaN,NaN,1.02203931811192,1.0429034442855,NaN,NaN,NaN,NaN,NaN,NaN,NaN,NaN,NaN,NaN,1
2024-06-20T12:12:00-04:00,0.9890902770616125,0.9890902770616125,0.987642,0.987642,0.9894351443699264,1.0233905661087486,1.0088076246902782,0,1,18494,18665,0,0,0,0,NaN,NaN,22.7871919150557,NaN,NaN,NaN,1.02203931811192,1.0429034442855,NaN,NaN,NaN,NaN,NaN,NaN,NaN,NaN,NaN,NaN,1,0,0,0,0,NaN,NaN,22.7871919150557,NaN,NaN,NaN,1.02203931811192,1.0429034442855,NaN,NaN,NaN,NaN,NaN,NaN,NaN,NaN,NaN,NaN,1
2024-06-20T12:28:00-04:00,0.9883661385308062,0.9898,0.9883661385308062,0.9898,0.9895014817572125,1.022877733038386,1.0086117788241598,0,0,18494,18666,0,0,0,0,NaN,NaN,22.199452594609685,NaN,NaN,NaN,1.02203931811192,1.0429034442855,NaN,NaN,NaN,NaN,NaN,NaN,NaN,NaN,NaN,NaN,1,0,0,0,0,NaN,NaN,22.199452594609685,NaN,NaN,NaN,1.02203931811192,1.0429034442855,NaN,NaN,NaN,NaN,NaN,NaN,NaN,NaN,NaN,NaN,1
2024-06-20T12:29:00-04:00,0.9890830692654031,0.9899,0.9890830692654031,0.9899,0.9895739396195375,1.0223742561981053,1.008427371781269,0,0,18494,18667,0,0,0,0,NaN,NaN,21.776581503306858,NaN,NaN,NaN,1.02203931811192,1.0429034442855,NaN,NaN,NaN,NaN,NaN,NaN,NaN,NaN,NaN,NaN,1,0,0,0,0,NaN,NaN,21.776581503306858,NaN,NaN,NaN,1.02203931811192,1.0429034442855,NaN,NaN,NaN,NaN,NaN,NaN,NaN,NaN,NaN,NaN,1
2024-06-20T12:32:00-04:00,0.9894915346327016,0.9894915346327016,0.9856,0.9856,0.988851405143258,1.02181281717218,1.0083808896558746,0,1,18494,18668,0,0,0,0,NaN,NaN,21.326114956591354,NaN,NaN,NaN,1.02203931811192,1.0429034442855,NaN,NaN,NaN,NaN,NaN,NaN,NaN,NaN,NaN,NaN,1,0,0,0,0,NaN,NaN,21.326114956591354,NaN,NaN,NaN,1.02203931811192,1.0429034442855,NaN,NaN,NaN,NaN,NaN,NaN,NaN,NaN,NaN,NaN,1
2024-06-20T12:46:00-04:00,0.9875457673163508,0.9875457673163508,0.985101,0.985101,0.9881695132990292,1.0212523314138262,1.0080307108102686,0,0,18494,18669,0,0,0,0,NaN,NaN,22.51468647264292,NaN,NaN,NaN,1.02203931811192,1.0429034442855,NaN,NaN,NaN,NaN,NaN,NaN,NaN,NaN,NaN,NaN,1,0,0,0,0,NaN,NaN,22.51468647264292,NaN,NaN,NaN,1.02203931811192,1.0429034442855,NaN,NaN,NaN,NaN,NaN,NaN,NaN,NaN,NaN,NaN,1
2024-06-20T12:48:00-04:00,0.9863233836581754,0.9863233836581754,0.985,0.98505,0.9876023290628421,1.0206996240639967,1.0077574562227505,0,0,18494,18670,0,0,0,0,NaN,NaN,24.778550642197096,NaN,NaN,NaN,1.02203931811192,1.0429034442855,NaN,NaN,NaN,NaN,NaN,NaN,NaN,NaN,NaN,NaN,1,0,0,0,0,NaN,NaN,24.778550642197096,NaN,NaN,NaN,1.02203931811192,1.0429034442855,NaN,NaN,NaN,NaN,NaN,NaN,NaN,NaN,NaN,NaN,1
2024-06-20T13:05:00-04:00,0.9856866918290876,0.9856866918290876,0.985,0.985,0.9871291783241435,1.0201545916355388,1.0068598424008222,0,0,18494,18671,0,0,0,0,NaN,NaN,28.865664975317394,NaN,NaN,NaN,1.02203931811192,1.0429034442855,NaN,NaN,NaN,NaN,NaN,NaN,NaN,NaN,NaN,NaN,1,0,0,0,0,NaN,NaN,28.865664975317394,NaN,NaN,NaN,1.02203931811192,1.0429034442855,NaN,NaN,NaN,NaN,NaN,NaN,NaN,NaN,NaN,NaN,1
2024-06-20T13:27:00-04:00,0.9853433459145438,1.0169,0.9853433459145438,1.0169,0.992542054992481,1.0201049032136222,1.0068791089430584,0,0,18494,18672,0,0,0,0,NaN,NaN,31.043163633055983,NaN,NaN,NaN,1.02203931811192,1.0429034442855,NaN,NaN,NaN,NaN,NaN,NaN,NaN,NaN,NaN,NaN,1,0,0,0,0,NaN,NaN,31.043163633055983,NaN,NaN,NaN,1.02203931811192,1.0429034442855,NaN,NaN,NaN,NaN,NaN,NaN,NaN,NaN,NaN,NaN,1
2024-06-20T13:33:00-04:00,1.0011216729572718,1.0025,1.0011216729572718,1.0025,0.9943525904483935,1.0198361260653226,1.006732511403702,0,0,18494,18673,0,0,0,0,NaN,NaN,35.19606800959099,NaN,NaN,NaN,1.02203931811192,1.0429034442855,NaN,NaN,NaN,NaN,NaN,NaN,NaN,NaN,NaN,NaN,1,0,0,0,0,NaN,NaN,35.19606800959099,NaN,NaN,NaN,1.02203931811192,1.0429034442855,NaN,NaN,NaN,NaN,NaN,NaN,NaN,NaN,NaN,NaN,1
2024-06-20T13:45:00-04:00,1.001810836478636,1.001810836478636,0.985,0.985,0.9926521194577765,1.019304276812417,1.0060121201107894,0,1,18494,18674,0,0,0,0,NaN,NaN,41.68494649248085,NaN,NaN,NaN,1.02203931811192,1.0429034442855,NaN,NaN,NaN,NaN,NaN,NaN,NaN,NaN,NaN,NaN,1,0,0,0,0,NaN,NaN,41.68494649248085,NaN,NaN,NaN,1.02203931811192,1.0429034442855,NaN,NaN,NaN,NaN,NaN,NaN,NaN,NaN,NaN,NaN,1
2024-06-20T13:46:00-04:00,0.9934054182393179,0.9934054182393179,0.981,0.981,0.9905335522836354,1.0187194786931435,1.0058488815374031,0,0,18494,18675,0,0,0,0,NaN,NaN,48.944355457784056,NaN,NaN,NaN,1.02203931811192,1.0429034442855,NaN,NaN,NaN,NaN,NaN,NaN,NaN,NaN,NaN,NaN,1,0,0,0,0,NaN,NaN,48.944355457784056,NaN,NaN,NaN,1.02203931811192,1.0429034442855,NaN,NaN,NaN,NaN,NaN,NaN,NaN,NaN,NaN,NaN,1
2024-06-20T14:23:00-04:00,0.9872027091196589,0.9872027091196589,0.9851,0.9851,0.9895456336866107,1.0182062042092788,1.0056674879967828,0,0,18494,18676,0,0,0,0,NaN,NaN,50.233551749222435,NaN,NaN,NaN,1.02203931811192,1.0429034442855,NaN,NaN,NaN,NaN,NaN,NaN,NaN,NaN,NaN,NaN,1,0,0,0,0,NaN,NaN,50.233551749222435,NaN,NaN,NaN,1.02203931811192,1.0429034442855,NaN,NaN,NaN,NaN,NaN,NaN,NaN,NaN,NaN,NaN,1
2024-06-20T15:17:00-04:00,0.9861513545598295,0.9861513545598295,0.9852,0.9852,0.9887555184708633,1.0177022926946333,1.0046473948964165,0,0,18494,18677,0,0,0,0,NaN,NaN,51.22107290369392,NaN,NaN,NaN,1.02203931811192,1.0429034442855,NaN,NaN,NaN,NaN,NaN,NaN,NaN,NaN,NaN,NaN,1,0,0,0,0,NaN,NaN,51.22107290369392,NaN,NaN,NaN,1.02203931811192,1.0429034442855,NaN,NaN,NaN,NaN,NaN,NaN,NaN,NaN,NaN,NaN,1
2024-06-20T15:18:00-04:00,0.9856756772799147,0.9856756772799147,0.9851,0.98515,0.9880999696579791,1.0172053111267763,1.0045828265030714,0,0,18494,18678,0,0,0,0,NaN,NaN,51.192568705384936,NaN,NaN,NaN,1.02203931811192,1.0429034442855,NaN,NaN,NaN,NaN,NaN,NaN,NaN,NaN,NaN,NaN,1,0,0,0,0,NaN,NaN,51.192568705384936,NaN,NaN,NaN,1.02203931811192,1.0429034442855,NaN,NaN,NaN,NaN,NaN,NaN,NaN,NaN,NaN,NaN,1
2024-06-20T15:30:00-04:00,0.9854128386399573,1.03,0.9854128386399573,1.03,0.995718156992892,1.0174006498881996,1.004874054981749,0,0,18494,18679,0,0,0,0,NaN,NaN,42.891538795075185,NaN,NaN,NaN,1.02203931811192,1.0429034442855,NaN,NaN,NaN,NaN,NaN,NaN,NaN,NaN,NaN,NaN,1,0,0,0,0,NaN,NaN,42.891538795075185,NaN,NaN,NaN,1.02203931811192,1.0429034442855,NaN,NaN,NaN,NaN,NaN,NaN,NaN,NaN,NaN,NaN,1
2024-06-20T15:37:00-04:00,1.0077064193199787,1.01,1.0077064193199787,1.01,0.9983148557214571,1.0172876628670058,1.0048889464999755,0,0,18494,18680,0,0,0,0,NaN,NaN,40.51948519894226,NaN,NaN,NaN,1.02203931811192,1.0429034442855,NaN,NaN,NaN,NaN,NaN,NaN,NaN,NaN,NaN,NaN,1,0,0,0,0,NaN,NaN,40.51948519894226,NaN,NaN,NaN,1.02203931811192,1.0429034442855,NaN,NaN,NaN,NaN,NaN,NaN,NaN,NaN,NaN,NaN,1
2024-06-20T15:57:00-04:00,1.0088532096599894,1.02,1,1.00875,1.0002121546811922,1.0171573168690362,1.0050652717318505,0,0,18494,18681,0,0,0,0,NaN,NaN,36.91613522677459,NaN,NaN,NaN,1.02203931811192,1.0429034442855,NaN,NaN,NaN,NaN,NaN,NaN,NaN,NaN,NaN,NaN,1,0,0,0,0,NaN,NaN,36.91613522677459,NaN,NaN,NaN,1.02203931811192,1.0429034442855,NaN,NaN,NaN,NaN,NaN,NaN,NaN,NaN,NaN,NaN,1
2024-06-20T15:59:00-04:00,1.0088016048299946,1.02,1.0088016048299946,1.0174999999999998,1.0033553992846118,1.0171625486725624,1.0051724130417998,0,0,18494,18682,0,0,0,0,NaN,NaN,31.045143902080174,NaN,NaN,NaN,1.02203931811192,1.0429034442855,NaN,NaN,NaN,NaN,NaN,NaN,NaN,NaN,NaN,NaN,1,0,0,0,0,NaN,NaN,31.045143902080174,NaN,NaN,NaN,1.02203931811192,1.0429034442855,NaN,NaN,NaN,NaN,NaN,NaN,NaN,NaN,NaN,NaN,1
2024-06-20T16:00:00-04:00,1.013150802414997,1.03,1.013150802414997,1.03,1.0081998721419552,1.017358540295882,1.0062999416438192,0,0,18494,18683,0,0,0,0,NaN,NaN,24.305548953662967,NaN,NaN,NaN,1.02203931811192,1.0429034442855,NaN,NaN,NaN,NaN,NaN,NaN,NaN,NaN,NaN,NaN,1,0,0,0,0,NaN,NaN,24.305548953662967,NaN,NaN,NaN,1.02203931811192,1.0429034442855,NaN,NaN,NaN,NaN,NaN,NaN,NaN,NaN,NaN,NaN,1
2024-06-20T16:57:00-04:00,1.0215754012074987,1.0215754012074987,0.9801,0.9801,1.0030908044797815,1.016789707619609,1.0062213949534138,0,1,18494,18684,0,0,0,0,NaN,NaN,25.89217249574697,NaN,NaN,NaN,1.02203931811192,1.0429034442855,NaN,NaN,NaN,NaN,NaN,NaN,NaN,NaN,NaN,NaN,1,0,0,0,0,NaN,NaN,25.89217249574697,NaN,NaN,NaN,1.02203931811192,1.0429034442855,NaN,NaN,NaN,NaN,NaN,NaN,NaN,NaN,NaN,NaN,1
2024-06-21T08:47:00-04:00,1.0008377006037494,1.0008377006037494,0.9801,0.9801,0.9989106582107303,1.0162295594116761,0.9800999999999999,0,0,18494,18685,0,0,0,0,NaN,NaN,29.453937673545276,NaN,NaN,NaN,1.02203931811192,1.0429034442855,NaN,NaN,NaN,NaN,NaN,NaN,NaN,NaN,NaN,NaN,1,0,0,0,0,NaN,NaN,29.453937673545276,NaN,NaN,NaN,1.02203931811192,1.0429034442855,NaN,NaN,NaN,NaN,NaN,NaN,NaN,NaN,NaN,NaN,1
2024-06-21T09:30:00-04:00,0.9904688503018747,0.9991,0.9904688503018747,0.9991,0.9989450839905976,1.0159680394206583,0.9898317073170733,0,0,18494,18686,0,0,0,0,NaN,NaN,28.4431566112577,NaN,NaN,NaN,1.02203931811192,1.0429034442855,NaN,NaN,NaN,NaN,NaN,NaN,NaN,NaN,NaN,NaN,1,0,0,0,0,NaN,NaN,28.4431566112577,NaN,NaN,NaN,1.02203931811192,1.0429034442855,NaN,NaN,NaN,NaN,NaN,NaN,NaN,NaN,NaN,NaN,1
2024-06-21T09:31:00-04:00,0.9947844251509373,1.0205,0.9947844251509373,1.0205,1.0028641596286707,1.0160372296585107,1.0139167539267016,0,0,18494,18687,0,0,0,0,NaN,NaN,24.34290631685228,NaN,NaN,NaN,1.02203931811192,1.0429034442855,NaN,NaN,NaN,NaN,NaN,NaN,NaN,NaN,NaN,NaN,1,0,0,0,0,NaN,NaN,24.34290631685228,NaN,NaN,NaN,1.02203931811192,1.0429034442855,NaN,NaN,NaN,NaN,NaN,NaN,NaN,NaN,NaN,NaN,1
2024-06-21T09:42:00-04:00,1.0076422125754687,1.0076422125754687,0.9901,0.9901,1.0005434033325487,1.0156412414194496,0.9969819969742815,0,1,18494,18688,0,0,0,0,NaN,NaN,22.941931410424534,NaN,NaN,NaN,1.02203931811192,1.0429034442855,NaN,NaN,NaN,NaN,NaN,NaN,NaN,NaN,NaN,NaN,1,0,0,0,0,NaN,NaN,22.941931410424534,NaN,NaN,NaN,1.02203931811192,1.0429034442855,NaN,NaN,NaN,NaN,NaN,NaN,NaN,NaN,NaN,NaN,1
2024-06-21T09:46:00-04:00,0.9988711062877343,1.01,0.9988711062877343,1.01,1.0022627845448124,1.015555115596252,0.9973643171806168,0,0,18494,18689,0,0,0,0,NaN,NaN,18.819439158457467,NaN,NaN,NaN,1.02203931811192,1.0429034442855,NaN,NaN,NaN,NaN,NaN,NaN,NaN,NaN,NaN,NaN,1,0,0,0,0,NaN,NaN,18.819439158457467,NaN,NaN,NaN,1.02203931811192,1.0429034442855,NaN,NaN,NaN,NaN,NaN,NaN,NaN,NaN,NaN,NaN,1
2024-06-21T09:55:00-04:00,1.0044355531438671,1.02,0.9696,0.9923,1.0004513691730283,1.0152000756634847,0.9938107762397056,0,0,18494,18690,0,0,0,0,NaN,NaN,18.061481986896176,NaN,NaN,NaN,1.02203931811192,1.0429034442855,NaN,NaN,NaN,NaN,NaN,NaN,NaN,NaN,NaN,NaN,1,0,0,0,0,NaN,NaN,18.061481986896176,NaN,NaN,NaN,1.02203931811192,1.0429034442855,NaN,NaN,NaN,NaN,NaN,NaN,NaN,NaN,NaN,NaN,1
2024-06-21T09:56:00-04:00,0.9983677765719335,0.9983677765719335,0.97,0.9749999999999999,0.995823847505205,1.0145863340503016,0.9910061279260475,0,0,18494,18691,0,0,0,0,NaN,NaN,18.151374487994172,NaN,NaN,NaN,1.02203931811192,1.0325550309712401,NaN,NaN,NaN,NaN,NaN,NaN,NaN,NaN,NaN,NaN,1,0,0,0,0,NaN,NaN,18.151374487994172,NaN,NaN,NaN,1.02203931811192,1.0325550309712401,NaN,NaN,NaN,NaN,NaN,NaN,NaN,NaN,NaN,NaN,1
2024-06-21T10:02:00-04:00,0.9866838882859668,0.9866838882859668,0.98,0.98,0.9929467843224404,1.0140582984159459,0.9909246855113216,0,0,18494,18692,0,0,0,0,NaN,NaN,17.793061105344503,NaN,NaN,NaN,1.02203931811192,1.0325550309712401,NaN,NaN,NaN,NaN,NaN,NaN,NaN,NaN,NaN,NaN,1,0,0,0,0,NaN,NaN,17.793061105344503,NaN,NaN,NaN,1.02203931811192,1.0325550309712401,NaN,NaN,NaN,NaN,NaN,NaN,NaN,NaN,NaN,NaN,1
2024-06-21T10:08:00-04:00,0.9833419441429834,0.9833419441429834,0.9807,0.9807,0.9907200962638149,1.0135490114172292,0.9896065618151347,0,0,18494,18693,0,0,0,0,NaN,NaN,19.82839106753551,NaN,NaN,NaN,1.02203931811192,1.0325550309712401,NaN,NaN,NaN,NaN,NaN,NaN,NaN,NaN,NaN,NaN,1,0,0,0,0,NaN,NaN,19.82839106753551,NaN,NaN,NaN,1.02203931811192,1.0325550309712401,NaN,NaN,NaN,NaN,NaN,NaN,NaN,NaN,NaN,NaN,1
2024-06-21T10:21:00-04:00,0.9820209720714916,1.02,0.9820209720714916,1.02,0.9960437151249394,1.0136474997925387,0.9930773210003425,0,0,18494,18694,0,0,0,0,NaN,NaN,15.75685183470609,NaN,NaN,NaN,1.02203931811192,1.0325550309712401,NaN,NaN,NaN,NaN,NaN,NaN,NaN,NaN,NaN,NaN,1,0,0,0,0,NaN,NaN,15.75685183470609,NaN,NaN,NaN,1.02203931811192,1.0325550309712401,NaN,NaN,NaN,NaN,NaN,NaN,NaN,NaN,NaN,NaN,1
2024-06-21T10:30:00-04:00,1.0010104860357458,1.02,1.0010104860357458,1.0174999999999998,0.9999448578294958,1.0137063165895992,0.9948838735261459,0,0,18494,18695,0,0,0,0,NaN,NaN,13.066296183604068,NaN,NaN,NaN,1.02203931811192,1.0325550309712401,NaN,NaN,NaN,NaN,NaN,NaN,NaN,NaN,NaN,NaN,1,0,0,0,0,NaN,NaN,13.066296183604068,NaN,NaN,NaN,1.02203931811192,1.0325550309712401,NaN,NaN,NaN,NaN,NaN,NaN,NaN,NaN,NaN,NaN,1
2024-06-21T11:17:00-04:00,1.009255243017873,1.016,1.009255243017873,1.016,1.0028639745877692,1.0137413346569335,0.9955268724047777,0,0,18494,18696,0,0,0,0,NaN,NaN,10.312471449329195,NaN,NaN,NaN,1.02203931811192,1.0325550309712401,NaN,NaN,NaN,NaN,NaN,NaN,NaN,NaN,NaN,NaN,1,0,0,0,0,NaN,NaN,10.312471449329195,NaN,NaN,NaN,1.02203931811192,1.0325550309712401,NaN,NaN,NaN,NaN,NaN,NaN,NaN,NaN,NaN,NaN,1
2024-06-21T11:28:00-04:00,1.0126276215089365,1.0126276215089365,0.98,0.98,0.9987068882990839,1.013226199776675,0.9936225015741657,0,1,18494,18697,0,0,0,0,NaN,NaN,11.278438323318992,NaN,NaN,NaN,1.02203931811192,1.0325550309712401,NaN,NaN,NaN,NaN,NaN,NaN,NaN,NaN,NaN,NaN,1,0,0,0,0,NaN,NaN,11.278438323318992,NaN,NaN,NaN,1.02203931811192,1.0325550309712401,NaN,NaN,NaN,NaN,NaN,NaN,NaN,NaN,NaN,NaN,1
2024-06-21T11:41:00-04:00,0.9963138107544682,1,0.9963138107544682,1,0.9989419995174323,1.0130242730625272,0.9936793572256396,0,0,18494,18698,0,0,0,0,NaN,NaN,8.775343571312751,NaN,NaN,NaN,1.02203931811192,1.0325550309712401,NaN,NaN,NaN,NaN,NaN,NaN,NaN,NaN,NaN,NaN,1,0,0,0,0,NaN,NaN,8.775343571312751,NaN,NaN,NaN,1.02203931811192,1.0325550309712401,NaN,NaN,NaN,NaN,NaN,NaN,NaN,NaN,NaN,NaN,1
2024-06-21T11:46:00-04:00,0.9981569053772341,0.9981569053772341,0.987,0.987,0.9967707268778991,1.0126269559165344,0.9936497159847342,0,1,18494,18699,0,0,0,0,NaN,NaN,9.518017920058124,NaN,NaN,NaN,1.02203931811192,1.0325550309712401,NaN,NaN,NaN,NaN,NaN,NaN,NaN,NaN,NaN,NaN,1,0,0,0,0,NaN,NaN,9.518017920058124,NaN,NaN,NaN,1.02203931811192,1.0325550309712401,NaN,NaN,NaN,NaN,NaN,NaN,NaN,NaN,NaN,NaN,1
2024-06-21T11:48:00-04:00,0.992578452688617,0.992578452688617,0.98,0.98,0.9937215038091902,1.0121288344521597,0.9935894097375629,0,0,18494,18700,0,0,0,0,NaN,NaN,11.18142529003884,NaN,NaN,NaN,1.02203931811192,1.0325550309712401,NaN,NaN,NaN,NaN,NaN,NaN,NaN,NaN,NaN,NaN,1,0,0,0,0,NaN,NaN,11.18142529003884,NaN,NaN,NaN,1.02203931811192,1.0325550309712401,NaN,NaN,NaN,NaN,NaN,NaN,NaN,NaN,NaN,NaN,1
2024-06-21T12:14:00-04:00,0.9862892263443085,0.9862892263443085,0.98,0.98,0.991226684934792,1.0116383178956383,0.9930144156723364,0,0,18494,18701,0,0,0,0,NaN,NaN,12.897865191471048,NaN,NaN,NaN,1.02203931811192,1.0325550309712401,NaN,NaN,NaN,NaN,NaN,NaN,NaN,NaN,NaN,NaN,1,0,0,0,0,NaN,NaN,12.897865191471048,NaN,NaN,NaN,1.02203931811192,1.0325550309712401,NaN,NaN,NaN,NaN,NaN,NaN,NaN,NaN,NaN,NaN,1
2024-06-21T12:30:00-04:00,0.9831446131721542,0.9866,0.9831446131721542,0.9866,0.9903854694921026,1.011256053500285,0.9929873893991741,0,0,18494,18702,0,0,0,0,NaN,NaN,12.358126289379099,NaN,NaN,NaN,1.02203931811192,1.0325550309712401,NaN,NaN,NaN,NaN,NaN,NaN,NaN,NaN,NaN,NaN,1,0,0,0,0,NaN,NaN,12.358126289379099,NaN,NaN,NaN,1.02203931811192,1.0325550309712401,NaN,NaN,NaN,NaN,NaN,NaN,NaN,NaN,NaN,NaN,1
2024-06-21T12:39:00-04:00,0.9848723065860772,0.9848723065860772,0.98,0.98,0.9884972023117203,1.010778861843792,0.9923129623711752,0,1,18494,18703,0,0,0,0,NaN,NaN,12.26731090330286,NaN,NaN,NaN,1.02203931811192,1.0325550309712401,NaN,NaN,NaN,NaN,NaN,NaN,NaN,NaN,NaN,NaN,1,0,0,0,0,NaN,NaN,12.26731090330286,NaN,NaN,NaN,1.02203931811192,1.0325550309712401,NaN,NaN,NaN,NaN,NaN,NaN,NaN,NaN,NaN,NaN,1
2024-06-21T12:44:00-04:00,0.9824361532930386,0.9824361532930386,0.9801,0.9801,0.9869704382550439,1.010310482273658,0.9921754887633792,0,0,18494,18704,0,0,0,0,NaN,NaN,12.735413702077853,NaN,NaN,NaN,1.02203931811192,1.0325550309712401,NaN,NaN,NaN,NaN,NaN,NaN,NaN,NaN,NaN,NaN,1,0,0,0,0,NaN,NaN,12.735413702077853,NaN,NaN,NaN,1.02203931811192,1.0325550309712401,NaN,NaN,NaN,NaN,NaN,NaN,NaN,NaN,NaN,NaN,1
2024-06-21T13:04:00-04:00,0.9812680766465193,1,0.9812680766465193,1,0.9893394494813996,1.0101530703305486,0.9922971810723589,0,0,18494,18705,0,0,0,0,NaN,NaN,10.996364941099456,NaN,NaN,NaN,1.02203931811192,1.0325550309712401,NaN,NaN,NaN,NaN,NaN,NaN,NaN,NaN,NaN,NaN,1,0,0,0,0,NaN,NaN,10.996364941099456,NaN,NaN,NaN,1.02203931811192,1.0325550309712401,NaN,NaN,NaN,NaN,NaN,NaN,NaN,NaN,NaN,NaN,1
2024-06-21T13:05:00-04:00,0.9906340383232597,0.9906340383232597,0.9826,0.9826,0.9881140950302361,1.00973241276825,0.9922596227584336,0,0,18494,18706,0,0,0,0,NaN,NaN,11.114599504564165,NaN,NaN,NaN,1.02203931811192,1.0325550309712401,NaN,NaN,NaN,NaN,NaN,NaN,NaN,NaN,NaN,NaN,1,0,0,0,0,NaN,NaN,11.114599504564165,NaN,NaN,NaN,1.02203931811192,1.0325550309712401,NaN,NaN,NaN,NaN,NaN,NaN,NaN,NaN,NaN,NaN,1
2024-06-21T13:22:00-04:00,0.9866170191616299,0.9866170191616299,0.9801,0.9801,0.9866569868429204,1.00928000951988,0.9922080373327162,0,0,18494,18707,0,0,0,0,NaN,NaN,10.709471955982758,NaN,NaN,NaN,1.02203931811192,1.0325550309712401,NaN,NaN,NaN,NaN,NaN,NaN,NaN,NaN,NaN,NaN,1,0,0,0,0,NaN,NaN,10.709471955982758,NaN,NaN,NaN,1.02203931811192,1.0325550309712401,NaN,NaN,NaN,NaN,NaN,NaN,NaN,NaN,NaN,NaN,1
2024-06-21T13:51:00-04:00,0.9833585095808149,0.9833585095808149,0.9801,0.9801,0.9854648074169349,1.008834513191332,0.991934192770176,0,0,18494,18708,0,0,0,0,NaN,NaN,10.29693126244282,NaN,NaN,NaN,1.02203931811192,1.0325550309712401,NaN,NaN,NaN,NaN,NaN,NaN,NaN,NaN,NaN,NaN,1,0,0,0,0,NaN,NaN,10.29693126244282,NaN,NaN,NaN,1.02203931811192,1.0325550309712401,NaN,NaN,NaN,NaN,NaN,NaN,NaN,NaN,NaN,NaN,1
2024-06-21T13:57:00-04:00,0.9817292547904075,0.9817292547904075,0.98,0.980075,0.9844848424320376,1.00839543665406,0.9910642949456845,0,0,18494,18709,0,0,0,0,NaN,NaN,9.813773722072726,NaN,NaN,NaN,1.02203931811192,1.0325550309712401,NaN,NaN,NaN,NaN,NaN,NaN,NaN,NaN,NaN,NaN,1,0,0,0,0,NaN,NaN,9.813773722072726,NaN,NaN,NaN,1.02203931811192,1.0325550309712401,NaN,NaN,NaN,NaN,NaN,NaN,NaN,NaN,NaN,NaN,1
2024-06-21T14:17:00-04:00,0.9809021273952038,1.0099,0.9809021273952038,1.0098500000000001,0.9890966892625762,1.0084176437280439,0.9937838028379387,0,0,18494,18710,0,0,0,0,NaN,NaN,9.151824563931802,NaN,NaN,NaN,1.02203931811192,1.0325550309712401,NaN,NaN,NaN,NaN,NaN,NaN,NaN,NaN,NaN,NaN,1,0,0,0,0,NaN,NaN,9.151824563931802,NaN,NaN,NaN,1.02203931811192,1.0325550309712401,NaN,NaN,NaN,NaN,NaN,NaN,NaN,NaN,NaN,NaN,1
2024-06-21T14:43:00-04:00,0.9953760636976019,0.9953760636976019,0.98,0.98,0.9874427457602897,1.0079837865718906,0.9937427490692479,0,1,18494,18711,0,0,0,0,NaN,NaN,10.145258229851207,NaN,NaN,NaN,1.02203931811192,1.0325550309712401,NaN,NaN,NaN,NaN,NaN,NaN,NaN,NaN,NaN,NaN,1,0,0,0,0,NaN,NaN,10.145258229851207,NaN,NaN,NaN,1.02203931811192,1.0325550309712401,NaN,NaN,NaN,NaN,NaN,NaN,NaN,NaN,NaN,NaN,1
2024-06-21T14:51:00-04:00,0.9876880318488009,0.9876880318488009,0.98,0.9800500000000001,0.9860986101675098,1.0075573165478922,0.9930221797404063,0,0,18494,18712,0,0,0,0,NaN,NaN,13.216431238337986,NaN,NaN,NaN,1.02203931811192,1.0325550309712401,NaN,NaN,NaN,NaN,NaN,NaN,NaN,NaN,NaN,NaN,1,0,0,0,0,NaN,NaN,13.216431238337986,NaN,NaN,NaN,1.02203931811192,1.0325550309712401,NaN,NaN,NaN,NaN,NaN,NaN,NaN,NaN,NaN,NaN,1
2024-06-21T15:02:00-04:00,0.9838690159244006,0.9838690159244006,0.9701,0.9701,0.9831897719552353,1.0069854491196801,0.9927663518415178,0,0,18494,18713,0,0,0,0,NaN,NaN,13.342007967683198,NaN,NaN,NaN,1.02203931811192,1.021104276325554,NaN,NaN,NaN,NaN,NaN,NaN,NaN,NaN,NaN,NaN,1,0,0,0,0,NaN,NaN,13.342007967683198,NaN,NaN,NaN,1.02203931811192,1.021104276325554,NaN,NaN,NaN,NaN,NaN,NaN,NaN,NaN,NaN,NaN,1
2024-06-21T15:09:00-04:00,0.9769845079622003,0.985,0.9701,0.97755,0.9821643588724652,1.006536052949914,0.9922797442199653,0,0,18494,18714,0,0,0,0,NaN,NaN,12.82329345841052,NaN,NaN,NaN,1.02203931811192,1.021104276325554,NaN,NaN,NaN,NaN,NaN,NaN,NaN,NaN,NaN,NaN,1,0,0,0,0,NaN,NaN,12.82329345841052,NaN,NaN,NaN,1.02203931811192,1.021104276325554,NaN,NaN,NaN,NaN,NaN,NaN,NaN,NaN,NaN,NaN,1
2024-06-21T15:28:00-04:00,0.9772672539811001,1,0.9772672539811001,0.9975,0.9849526572592897,1.0063980979430451,0.9924540571234628,0,0,18494,18715,0,0,0,0,NaN,NaN,10.44229696631981,NaN,NaN,NaN,1.02203931811192,1.021104276325554,NaN,NaN,NaN,NaN,NaN,NaN,NaN,NaN,NaN,NaN,1,0,0,0,0,NaN,NaN,10.44229696631981,NaN,NaN,NaN,1.02203931811192,1.021104276325554,NaN,NaN,NaN,NaN,NaN,NaN,NaN,NaN,NaN,NaN,1
2024-06-21T15:30:00-04:00,0.98738362699055,0.9989,0.98738362699055,0.9989,0.9874885377576007,1.0062836231652887,0.9924875399319533,0,0,18494,18716,0,0,0,0,NaN,NaN,8.81358715841993,NaN,NaN,NaN,1.02203931811192,1.021104276325554,NaN,NaN,NaN,NaN,NaN,NaN,NaN,NaN,NaN,NaN,1,0,0,0,0,NaN,NaN,8.81358715841993,NaN,NaN,NaN,1.02203931811192,1.021104276325554,NaN,NaN,NaN,NaN,NaN,NaN,NaN,NaN,NaN,NaN,1
2024-06-21T15:35:00-04:00,0.993141813495275,1,0.9922,0.995525,0.9889497127107643,1.0061193693765058,0.992907643846653,0,0,18494,18717,0,0,0,0,NaN,NaN,6.117106739149759,NaN,NaN,NaN,1.02203931811192,1.021104276325554,NaN,NaN,NaN,NaN,NaN,NaN,NaN,NaN,NaN,NaN,1,0,0,0,0,NaN,NaN,6.117106739149759,NaN,NaN,NaN,1.02203931811192,1.021104276325554,NaN,NaN,NaN,NaN,NaN,NaN,NaN,NaN,NaN,NaN,1
2024-06-21T15:43:00-04:00,0.9943334067476375,0.9983,0.9943334067476375,0.9983,0.9906497649451708,1.0059999896913683,0.9931933588368691,0,0,18494,18718,0,0,0,0,NaN,NaN,3.4278222691079345,NaN,NaN,NaN,1.02203931811192,1.021104276325554,NaN,NaN,NaN,NaN,NaN,NaN,NaN,NaN,NaN,NaN,1,0,0,0,0,NaN,NaN,3.4278222691079345,NaN,NaN,NaN,1.02203931811192,1.021104276325554,NaN,NaN,NaN,NaN,NaN,NaN,NaN,NaN,NaN,NaN,1
2024-06-21T15:44:00-04:00,0.9963167033738187,0.9988,0.9963167033738187,0.9988,0.9921316258642306,1.0058900661846297,0.9934213498566576,0,0,18494,18719,0,0,0,0,NaN,NaN,2.3031573679352833,NaN,NaN,NaN,1.02203931811192,1.021104276325554,NaN,NaN,NaN,NaN,NaN,NaN,NaN,NaN,NaN,NaN,1,0,0,0,0,NaN,NaN,2.3031573679352833,NaN,NaN,NaN,1.02203931811192,1.021104276325554,NaN,NaN,NaN,NaN,NaN,NaN,NaN,NaN,NaN,NaN,1
2024-06-21T15:47:00-04:00,0.9975583516869093,0.9975583516869093,0.9851,0.9851,0.9908531484343706,1.0055726605940247,0.9934044650285088,0,1,18494,18720,0,0,0,0,NaN,NaN,2.155889243593477,NaN,NaN,NaN,1.02203931811192,1.021104276325554,NaN,NaN,NaN,NaN,NaN,NaN,NaN,NaN,NaN,NaN,1,0,0,0,0,NaN,NaN,2.155889243593477,NaN,NaN,NaN,1.02203931811192,1.021104276325554,NaN,NaN,NaN,NaN,NaN,NaN,NaN,NaN,NaN,NaN,1
2024-06-21T15:49:00-04:00,0.9913291758434546,1,0.9913291758434546,1,0.9925162123553941,1.0054875818063298,0.9934707078721651,0,0,18494,18721,0,0,0,0,NaN,NaN,0.2515716627280894,NaN,NaN,NaN,1.02203931811192,1.021104276325554,NaN,NaN,NaN,NaN,NaN,NaN,NaN,NaN,NaN,NaN,1,0,0,0,0,NaN,NaN,0.2515716627280894,NaN,NaN,NaN,1.02203931811192,1.021104276325554,NaN,NaN,NaN,NaN,NaN,NaN,NaN,NaN,NaN,NaN,1
2024-06-21T15:55:00-04:00,0.9956645879217273,1,0.9956645879217273,1,0.9938769010180497,1.005403801931424,0.9934837970851792,0,0,18494,18722,0,0,0,0,NaN,NaN,0.0012226771171800477,NaN,NaN,NaN,1.02203931811192,1.021104276325554,NaN,NaN,NaN,NaN,NaN,NaN,NaN,NaN,NaN,NaN,1,0,0,0,0,NaN,NaN,0.0012226771171800477,NaN,NaN,NaN,1.02203931811192,1.021104276325554,NaN,NaN,NaN,NaN,NaN,NaN,NaN,NaN,NaN,NaN,1
2024-06-21T15:58:00-04:00,0.9978322939608637,1.0047,0.9978322939608637,1.0006,0.9950992826511316,1.0053304614439214,0.9951293806250769,0,0,18494,18723,0,0,0,0,NaN,NaN,0.17548576262014975,NaN,NaN,NaN,1.02203931811192,1.021104276325554,NaN,NaN,NaN,NaN,NaN,NaN,NaN,NaN,NaN,NaN,1,0,0,0,0,NaN,NaN,0.17548576262014975,NaN,NaN,NaN,1.02203931811192,1.021104276325554,NaN,NaN,NaN,NaN,NaN,NaN,NaN,NaN,NaN,NaN,1
2024-06-21T15:59:00-04:00,0.9992161469804318,1,0.9992161469804318,1,0.9959903221691077,1.0052490803531744,0.9952733904135198,0,0,18494,18724,0,0,0,0,NaN,NaN,0.2714590061599675,NaN,NaN,NaN,1.02203931811192,1.021104276325554,NaN,NaN,NaN,NaN,NaN,NaN,NaN,NaN,NaN,NaN,1,0,0,0,0,NaN,NaN,0.2714590061599675,NaN,NaN,NaN,1.02203931811192,1.021104276325554,NaN,NaN,NaN,NaN,NaN,NaN,NaN,NaN,NaN,NaN,1
2024-06-21T16:00:00-04:00,0.999608073490216,1.005,0.999608073490216,1.005,0.9976284454110881,1.0052452775996907,0.9957575922294224,0,0,18494,18725,0,0,0,0,NaN,NaN,0.3248658623327551,NaN,NaN,NaN,1.02203931811192,1.021104276325554,NaN,NaN,NaN,NaN,NaN,NaN,NaN,NaN,NaN,NaN,1,0,0,0,0,NaN,NaN,0.3248658623327551,NaN,NaN,NaN,1.02203931811192,1.021104276325554,NaN,NaN,NaN,NaN,NaN,NaN,NaN,NaN,NaN,NaN,1
2024-06-21T16:07:00-04:00,1.002304036745108,1.002304036745108,0.9899,0.9899,0.996223273518163,1.0050109985523672,0.9957144597263364,0,1,18494,18726,0,0,0,0,NaN,NaN,0.15048160263487512,NaN,NaN,NaN,1.02203931811192,1.021104276325554,NaN,NaN,NaN,NaN,NaN,NaN,NaN,NaN,NaN,NaN,1,0,0,0,0,NaN,NaN,0.15048160263487512,NaN,NaN,NaN,1.02203931811192,1.021104276325554,NaN,NaN,NaN,NaN,NaN,NaN,NaN,NaN,NaN,NaN,1
2024-06-24T08:00:00-04:00,0.996102018372554,1,0.996102018372554,1,0.9969099510603152,1.0049344947576746,1,0,0,18494,18727,0,0,0,0,NaN,NaN,0.22056930525700658,NaN,NaN,NaN,1.02203931811192,1.021104276325554,NaN,NaN,NaN,NaN,NaN,NaN,NaN,NaN,NaN,NaN,1,0,0,0,0,NaN,NaN,0.22056930525700658,NaN,NaN,NaN,1.02203931811192,1.021104276325554,NaN,NaN,NaN,NaN,NaN,NaN,NaN,NaN,NaN,NaN,1
2024-06-24T09:30:00-04:00,0.998051009186277,1.03,0.998051009186277,1.03,1.0029263235948034,1.005317174227023,1.021891891891892,0,0,18494,18728,0,0,0,0,NaN,NaN,1.0454253121674983,NaN,NaN,NaN,1.02203931811192,1.021104276325554,NaN,NaN,NaN,NaN,NaN,NaN,NaN,NaN,NaN,NaN,1,0,0,0,0,NaN,NaN,1.0454253121674983,NaN,NaN,NaN,1.02203931811192,1.021104276325554,NaN,NaN,NaN,NaN,NaN,NaN,NaN,NaN,NaN,NaN,1
2024-06-24T09:40:00-04:00,1.0140255045931386,1.0140255045931386,1,1,1.0023942647593846,1.0052359959945494,1.0071428571428571,0,0,18494,18729,0,0,0,0,NaN,NaN,0.985412064833755,NaN,NaN,NaN,1.02203931811192,1.021104276325554,NaN,NaN,NaN,NaN,NaN,NaN,NaN,NaN,NaN,NaN,1,0,0,0,0,NaN,NaN,0.985412064833755,NaN,NaN,NaN,1.02203931811192,1.021104276325554,NaN,NaN,NaN,NaN,NaN,NaN,NaN,NaN,NaN,NaN,1
2024-06-24T10:09:00-04:00,1.0070127522965693,1.0070127522965693,0.9701,0.9701,0.9965225802576784,1.0046995685747853,1.0041410048622366,0,0,18494,18730,0,0,0,0,NaN,NaN,0.28128328445145817,NaN,NaN,NaN,1.02203931811192,1.021104276325554,NaN,NaN,NaN,NaN,NaN,NaN,NaN,NaN,NaN,NaN,1,0,0,0,0,NaN,NaN,0.28128328445145817,NaN,NaN,NaN,1.02203931811192,1.021104276325554,NaN,NaN,NaN,NaN,NaN,NaN,NaN,NaN,NaN,NaN,1
2024-06-24T10:37:00-04:00,0.9885563761482846,0.9885563761482846,0.9841,0.9841,0.9942639293017368,1.0043850713446358,0.992251153592617,0,0,18494,18731,0,0,0,0,NaN,NaN,0.03061428552081777,NaN,NaN,NaN,1.02203931811192,1.021104276325554,NaN,NaN,NaN,NaN,NaN,NaN,NaN,NaN,NaN,NaN,1,0,0,0,0,NaN,NaN,0.03061428552081777,NaN,NaN,NaN,1.02203931811192,1.021104276325554,NaN,NaN,NaN,NaN,NaN,NaN,NaN,NaN,NaN,NaN,1
2024-06-24T10:44:00-04:00,0.9863281880741424,0.9863281880741424,0.9844,0.9844,0.9924704876105119,1.004079955751588,0.9903049082796231,0,0,18494,18732,0,0,0,0,NaN,NaN,0.010361533294564339,NaN,NaN,NaN,1.02203931811192,1.021104276325554,NaN,NaN,NaN,NaN,NaN,NaN,NaN,NaN,NaN,NaN,1,0,0,0,0,NaN,NaN,0.010361533294564339,NaN,NaN,NaN,1.02203931811192,1.021104276325554,NaN,NaN,NaN,NaN,NaN,NaN,NaN,NaN,NaN,NaN,1
2024-06-24T10:45:00-04:00,0.9853640940370711,0.9853640940370711,0.984,0.984,0.9909303989540552,1.00377339154164,0.9901523947750362,0,0,18494,18733,0,0,0,0,NaN,NaN,0.14759371836925733,NaN,NaN,NaN,1.02203931811192,1.021104276325554,NaN,NaN,NaN,NaN,NaN,NaN,NaN,NaN,NaN,NaN,1,0,0,0,0,NaN,NaN,0.14759371836925733,NaN,NaN,NaN,1.02203931811192,1.021104276325554,NaN,NaN,NaN,NaN,NaN,NaN,NaN,NaN,NaN,NaN,1
2024-06-24T10:53:00-04:00,0.9846820470185356,0.9846820470185356,0.984,0.984,0.9896703264169543,1.0034715077013097,0.9890898539123474,0,0,18494,18734,0,0,0,0,NaN,NaN,0.3874925205292224,NaN,NaN,NaN,1.02203931811192,1.021104276325554,NaN,NaN,NaN,NaN,NaN,NaN,NaN,NaN,NaN,NaN,1,0,0,0,0,NaN,NaN,0.3874925205292224,NaN,NaN,NaN,1.02203931811192,1.021104276325554,NaN,NaN,NaN,NaN,NaN,NaN,NaN,NaN,NaN,NaN,1
2024-06-24T10:58:00-04:00,0.9843410235092678,0.9843410235092678,0.9818,0.9818,0.9882393579775081,1.0031406449883125,0.9870413525179856,0,0,18494,18735,0,0,0,0,NaN,NaN,0.7402503867230485,NaN,NaN,NaN,1.02203931811192,1.021104276325554,NaN,NaN,NaN,NaN,NaN,NaN,NaN,NaN,NaN,NaN,1,0,0,0,0,NaN,NaN,0.7402503867230485,NaN,NaN,NaN,1.02203931811192,1.021104276325554,NaN,NaN,NaN,NaN,NaN,NaN,NaN,NaN,NaN,NaN,1
2024-06-24T11:06:00-04:00,0.9830705117546339,0.9830705117546339,0.975,0.978375,0.9864458383452339,1.0027625435381091,0.9857148915427736,0,0,18494,18736,0,0,0,0,NaN,NaN,1.3117517449985652,NaN,NaN,NaN,1.02203931811192,1.021104276325554,NaN,NaN,NaN,NaN,NaN,NaN,NaN,NaN,NaN,NaN,1,0,0,0,0,NaN,NaN,1.3117517449985652,NaN,NaN,NaN,1.02203931811192,1.021104276325554,NaN,NaN,NaN,NaN,NaN,NaN,NaN,NaN,NaN,NaN,1
2024-06-24T11:08:00-04:00,0.9807227558773169,0.9807227558773169,0.975,0.975,0.9843647768279187,1.0023386879115732,0.9853650123776965,0,0,18494,18737,0,0,0,0,NaN,NaN,2.27731675042291,NaN,NaN,NaN,1.02203931811192,1.021104276325554,NaN,NaN,NaN,NaN,NaN,NaN,NaN,NaN,NaN,NaN,1,0,0,0,0,NaN,NaN,2.27731675042291,NaN,NaN,NaN,1.02203931811192,1.021104276325554,NaN,NaN,NaN,NaN,NaN,NaN,NaN,NaN,NaN,NaN,1
2024-06-24T11:09:00-04:00,0.9778613779386585,0.9778613779386585,0.9702,0.9702,0.9817893628592061,1.001848020920557,0.9830017514180516,0,0,18494,18738,0,0,0,0,NaN,NaN,3.5713277328280975,NaN,NaN,NaN,1.02203931811192,1.021104276325554,NaN,NaN,NaN,NaN,NaN,NaN,NaN,NaN,NaN,NaN,1,0,0,0,0,NaN,NaN,3.5713277328280975,NaN,NaN,NaN,1.02203931811192,1.021104276325554,NaN,NaN,NaN,NaN,NaN,NaN,NaN,NaN,NaN,NaN,1
2024-06-24T11:10:00-04:00,0.9740306889693292,0.9740306889693292,0.9701,0.9701,0.9796640241575323,1.0013633183110828,0.982700806686753,0,0,18494,18739,0,0,0,0,NaN,NaN,5.068002343113703,NaN,NaN,NaN,1.02203931811192,1.021104276325554,NaN,NaN,NaN,NaN,NaN,NaN,NaN,NaN,NaN,NaN,1,0,0,0,0,NaN,NaN,5.068002343113703,NaN,NaN,NaN,1.02203931811192,1.021104276325554,NaN,NaN,NaN,NaN,NaN,NaN,NaN,NaN,NaN,NaN,1
2024-06-24T11:12:00-04:00,0.9720653444846645,0.983,0.9720653444846645,0.983,0.9802705652197992,1.0010829623063335,0.9827065115835638,0,0,18494,18740,0,0,0,0,NaN,NaN,6.231767932860283,NaN,NaN,NaN,1.02203931811192,1.021104276325554,NaN,NaN,NaN,NaN,NaN,NaN,NaN,NaN,NaN,NaN,1,0,0,0,0,NaN,NaN,6.231767932860283,NaN,NaN,NaN,1.02203931811192,1.021104276325554,NaN,NaN,NaN,NaN,NaN,NaN,NaN,NaN,NaN,NaN,1
2024-06-24T11:16:00-04:00,0.9775326722423323,0.9775326722423323,0.97,0.9701312499999999,0.9784270533616538,1.0006104170802825,0.9800921259062076,0,1,18494,18741,0,0,0,0,NaN,NaN,8.49343470906119,NaN,NaN,NaN,1.02203931811192,1.021104276325554,NaN,NaN,NaN,NaN,NaN,NaN,NaN,NaN,NaN,NaN,1,0,0,0,0,NaN,NaN,8.49343470906119,NaN,NaN,NaN,1.02203931811192,1.021104276325554,NaN,NaN,NaN,NaN,NaN,NaN,NaN,NaN,NaN,NaN,1
2024-06-24T11:19:00-04:00,0.9738319611211661,0.9738319611211661,0.97,0.97,0.9768948618413531,1.00014308246837,0.9799434472656251,0,0,18494,18742,0,0,0,0,NaN,NaN,11.015018112114827,NaN,NaN,NaN,1.02203931811192,1.0118645065869543,NaN,NaN,NaN,NaN,NaN,NaN,NaN,NaN,NaN,NaN,1,0,0,0,0,NaN,NaN,11.015018112114827,NaN,NaN,NaN,1.02203931811192,1.0118645065869543,NaN,NaN,NaN,NaN,NaN,NaN,NaN,NaN,NaN,NaN,1
2024-06-24T11:25:00-04:00,0.971915980560583,0.971915980560583,0.97,0.97,0.9756412505974708,0.9996828827360283,0.9798700096935008,0,0,18494,18743,0,0,0,0,NaN,NaN,13.758401549471754,NaN,NaN,NaN,1.02203931811192,1.0118645065869543,NaN,NaN,NaN,NaN,NaN,NaN,NaN,NaN,NaN,NaN,1,0,0,0,0,NaN,NaN,13.758401549471754,NaN,NaN,NaN,1.02203931811192,1.0118645065869543,NaN,NaN,NaN,NaN,NaN,NaN,NaN,NaN,NaN,NaN,1
2024-06-24T11:27:00-04:00,0.9709579902802915,0.9709579902802915,0.9146,0.9423,0.9695792050342943,0.9988068081904401,0.9681091289320143,0,0,18494,18744,0,0,0,0,NaN,NaN,15.029078493587269,NaN,NaN,NaN,1.0035800233219772,0.986314460203694,NaN,NaN,NaN,NaN,NaN,NaN,NaN,NaN,NaN,NaN,1,0,0,0,0,NaN,NaN,15.029078493587269,NaN,NaN,NaN,1.0035800233219772,0.986314460203694,NaN,NaN,NaN,NaN,NaN,NaN,NaN,NaN,NaN,NaN,1
2024-06-24T11:28:00-04:00,0.9566289951401458,0.9566289951401458,0.949899,0.949899,0.9660009859371499,0.9980601240959296,0.967658606197427,0,0,18494,18745,0,0,0,0,NaN,NaN,17.061304122687133,NaN,NaN,NaN,0.9799140876243975,0.986314460203694,NaN,NaN,NaN,NaN,NaN,NaN,NaN,NaN,NaN,NaN,1,0,0,0,0,NaN,NaN,17.061304122687133,NaN,NaN,NaN,0.9799140876243975,0.986314460203694,NaN,NaN,NaN,NaN,NaN,NaN,NaN,NaN,NaN,NaN,1
2024-06-24T11:30:00-04:00,0.953263997570073,0.953263997570073,0.94,0.94,0.9612735339485772,0.9971737099875948,0.9669908465113471,0,0,18494,18746,0,0,0,0,NaN,NaN,21.423498307779443,NaN,NaN,NaN,0.9699810721650135,0.9743249897548074,NaN,NaN,NaN,NaN,NaN,NaN,NaN,NaN,NaN,NaN,1,0,0,0,0,NaN,NaN,21.423498307779443,NaN,NaN,NaN,0.9699810721650135,0.9743249897548074,NaN,NaN,NaN,NaN,NaN,NaN,NaN,NaN,NaN,NaN,1
2024-06-24T11:34:00-04:00,0.9466319987850365,0.9466319987850365,0.9201,0.9201,0.9537874368670177,0.9959970121251888,0.9618501905094583,0,0,18494,18747,0,0,0,0,NaN,NaN,26.59847226969837,NaN,NaN,NaN,0.9501633217935578,0.9524207425210094,NaN,NaN,NaN,NaN,NaN,NaN,NaN,NaN,NaN,NaN,1,0,0,0,0,NaN,NaN,26.59847226969837,NaN,NaN,NaN,0.9501633217935578,0.9524207425210094,NaN,NaN,NaN,NaN,NaN,NaN,NaN,NaN,NaN,NaN,1
2024-06-24T11:39:00-04:00,0.9333659993925183,0.94,0.9333659993925183,0.93995,0.9512715392548327,0.9951413325507584,0.9608612656506569,0,0,18494,18748,0,0,0,0,NaN,NaN,30.84526841302877,NaN,NaN,NaN,0.9501633217935578,0.9524207425210094,NaN,NaN,NaN,NaN,NaN,NaN,NaN,NaN,NaN,NaN,1,0,0,0,0,NaN,NaN,30.84526841302877,NaN,NaN,NaN,0.9501633217935578,0.9524207425210094,NaN,NaN,NaN,NaN,NaN,NaN,NaN,NaN,NaN,NaN,1
2024-06-24T11:43:00-04:00,0.9366579996962592,0.9498,0.9366579996962592,0.9498,0.9510039866630449,0.994449098466014,0.9607711901974756,0,0,18494,18749,0,0,0,0,NaN,NaN,34.627701751744056,NaN,NaN,NaN,0.9501633217935578,0.9524207425210094,NaN,NaN,NaN,NaN,NaN,NaN,NaN,NaN,NaN,NaN,1,0,0,0,0,NaN,NaN,34.627701751744056,NaN,NaN,NaN,0.9501633217935578,0.9524207425210094,NaN,NaN,NaN,NaN,NaN,NaN,NaN,NaN,NaN,NaN,1
2024-06-24T11:47:00-04:00,0.9432289998481296,0.9499,0.9432289998481296,0.94985,0.9507941709061276,0.9937681961993573,0.9606194704589255,0,0,18494,18750,0,0,0,0,NaN,NaN,38.394534983300105,NaN,NaN,NaN,0.9501633217935578,0.9524207425210094,NaN,NaN,NaN,NaN,NaN,NaN,NaN,NaN,NaN,NaN,1,0,0,0,0,NaN,NaN,38.394534983300105,NaN,NaN,NaN,0.9501633217935578,0.9524207425210094,NaN,NaN,NaN,NaN,NaN,NaN,NaN,NaN,NaN,NaN,1
2024-06-24T11:51:00-04:00,0.9465394999240648,0.9465394999240648,0.895,0.91975,0.9451497761959226,0.9926381474024205,0.9437275518526805,0,0,18494,18751,0,0,0,0,NaN,NaN,38.685216647499,NaN,NaN,NaN,0.9501633217935578,0.9424970197647067,NaN,NaN,NaN,NaN,NaN,NaN,NaN,NaN,NaN,NaN,1,0,0,0,0,NaN,NaN,38.685216647499,NaN,NaN,NaN,0.9501633217935578,0.9424970197647067,NaN,NaN,NaN,NaN,NaN,NaN,NaN,NaN,NaN,NaN,1
2024-06-24T11:52:00-04:00,0.9331447499620324,0.9331447499620324,0.896651,0.8983005,0.9366317259784821,0.9911978779764293,0.9262145376523463,0,0,18494,18752,0,0,0,0,NaN,NaN,39.719156849854606,NaN,NaN,NaN,0.9501633217935578,0.9207265857423534,NaN,NaN,NaN,NaN,NaN,NaN,NaN,NaN,NaN,NaN,1,0,0,0,0,NaN,NaN,39.719156849854606,NaN,NaN,NaN,0.9501633217935578,0.9207265857423534,NaN,NaN,NaN,NaN,NaN,NaN,NaN,NaN,NaN,NaN,1
2024-06-24T11:53:00-04:00,0.9157226249810162,0.92,0.9157226249810162,0.92,0.9336077758005763,0.9901108874729724,0.9261965988547469,0,0,18494,18753,0,0,0,0,NaN,NaN,41.28658718297273,NaN,NaN,NaN,0.9501633217935578,0.9207265857423534,NaN,NaN,NaN,NaN,NaN,NaN,NaN,NaN,NaN,NaN,1,0,0,0,0,NaN,NaN,41.28658718297273,NaN,NaN,NaN,0.9501633217935578,0.9207265857423534,NaN,NaN,NaN,NaN,NaN,NaN,NaN,NaN,NaN,NaN,1
2024-06-24T11:56:00-04:00,0.9178613124905082,0.95,0.9178613124905082,0.9450000000000001,0.9356790892913807,0.9894221716336904,0.9263313207269366,0,0,18494,18754,0,0,0,0,NaN,NaN,41.35263973030344,NaN,NaN,NaN,0.9501633217935578,0.93005616,NaN,NaN,NaN,NaN,NaN,NaN,NaN,NaN,NaN,NaN,1,0,0,0,0,NaN,NaN,41.35263973030344,NaN,NaN,NaN,0.9501633217935578,0.93005616,NaN,NaN,NaN,NaN,NaN,NaN,NaN,NaN,NaN,NaN,1
2024-06-24T12:00:00-04:00,0.9314306562452541,0.9498,0.92,0.9349,0.9355374366929478,0.9885897720667638,0.9264195448753403,0,0,18494,18755,0,0,0,0,NaN,NaN,41.22128271162482,NaN,NaN,NaN,0.9501633217935578,0.93005616,NaN,NaN,NaN,NaN,NaN,NaN,NaN,NaN,NaN,NaN,1,0,0,0,0,NaN,NaN,41.22128271162482,NaN,NaN,NaN,0.9501633217935578,0.93005616,NaN,NaN,NaN,NaN,NaN,NaN,NaN,NaN,NaN,NaN,1
2024-06-24T12:03:00-04:00,0.9331653281226271,0.935,0.9331653281226271,0.935,0.9354397209305936,0.9877716076077292,0.9264316964290771,0,0,18494,18756,0,0,0,0,NaN,NaN,44.87394445466857,NaN,NaN,NaN,0.9501633217935578,0.93005616,NaN,NaN,NaN,NaN,NaN,NaN,NaN,NaN,NaN,NaN,1,0,0,0,0,NaN,NaN,44.87394445466857,NaN,NaN,NaN,0.9501633217935578,0.93005616,NaN,NaN,NaN,NaN,NaN,NaN,NaN,NaN,NaN,NaN,1
2024-06-24T12:07:00-04:00,0.9340826640613136,0.9351,0.9340826640613136,0.9351,0.9353779534886675,0.9869674609266952,0.9264561790127379,0,0,18494,18757,0,0,0,0,NaN,NaN,48.453235919593524,NaN,NaN,NaN,0.9501633217935578,0.93005616,NaN,NaN,NaN,NaN,NaN,NaN,NaN,NaN,NaN,NaN,1,0,0,0,0,NaN,NaN,48.453235919593524,NaN,NaN,NaN,0.9501633217935578,0.93005616,NaN,NaN,NaN,NaN,NaN,NaN,NaN,NaN,NaN,NaN,1
2024-06-24T12:09:00-04:00,0.9345913320306568,0.9408,0.9345913320306568,0.9408,0.9363637801270915,0.98626261419499,0.9264965773143975,0,0,18494,18758,0,0,0,0,NaN,NaN,49.64059277902929,NaN,NaN,NaN,0.9501633217935578,0.93005616,NaN,NaN,NaN,NaN,NaN,NaN,NaN,NaN,NaN,NaN,1,0,0,0,0,NaN,NaN,49.64059277902929,NaN,NaN,NaN,0.9501633217935578,0.93005616,NaN,NaN,NaN,NaN,NaN,NaN,NaN,NaN,NaN,NaN,1
2024-06-24T12:13:00-04:00,0.9376956660153284,0.9376956660153284,0.935,0.935,0.936115820103984,0.9854799788637687,0.9266262889428943,0,0,18494,18759,0,0,0,0,NaN,NaN,49.60529712385781,NaN,NaN,NaN,0.9501633217935578,0.93005616,NaN,NaN,NaN,NaN,NaN,NaN,NaN,NaN,NaN,NaN,1,0,0,0,0,NaN,NaN,49.60529712385781,NaN,NaN,NaN,0.9501633217935578,0.93005616,NaN,NaN,NaN,NaN,NaN,NaN,NaN,NaN,NaN,NaN,1
2024-06-24T12:18:00-04:00,0.9363478330076642,0.9398,0.9363478330076642,0.9398,0.9367856709941687,0.9847825746063066,0.9268039857212236,0,0,18494,18760,0,0,0,0,NaN,NaN,51.408543109057725,NaN,NaN,NaN,0.9501633217935578,0.93005616,NaN,NaN,NaN,NaN,NaN,NaN,NaN,NaN,NaN,NaN,1,0,0,0,0,NaN,NaN,51.408543109057725,NaN,NaN,NaN,0.9501633217935578,0.93005616,NaN,NaN,NaN,NaN,NaN,NaN,NaN,NaN,NaN,NaN,1
2024-06-24T12:22:00-04:00,0.9380739165038321,0.9380739165038321,0.93,0.93,0.9355519126315925,0.9839461994214774,0.9268127063255478,0,0,18494,18761,0,0,0,0,NaN,NaN,51.94943539078436,NaN,NaN,NaN,0.9501633217935578,0.93005616,NaN,NaN,NaN,NaN,NaN,NaN,NaN,NaN,NaN,NaN,1,0,0,0,0,NaN,NaN,51.94943539078436,NaN,NaN,NaN,0.9501633217935578,0.93005616,NaN,NaN,NaN,NaN,NaN,NaN,NaN,NaN,NaN,NaN,1
2024-06-24T12:28:00-04:00,0.9340369582519161,0.9489,0.9340369582519161,0.9489,0.9379788376076666,0.9834111429417602,0.9278220595283043,0,0,18494,18762,0,0,0,0,NaN,NaN,52.64187066708258,NaN,NaN,NaN,0.9501633217935578,0.9325129752,NaN,NaN,NaN,NaN,NaN,NaN,NaN,NaN,NaN,NaN,1,0,0,0,0,NaN,NaN,52.64187066708258,NaN,NaN,NaN,0.9501633217935578,0.9325129752,NaN,NaN,NaN,NaN,NaN,NaN,NaN,NaN,NaN,NaN,1
2024-06-24T12:29:00-04:00,0.941468479125958,0.941468479125958,0.9303,0.9303,0.9365826853153636,0.9826002857976113,0.9278252814824205,0,0,18494,18763,0,0,0,0,NaN,NaN,56.26430468674059,NaN,NaN,NaN,0.9501633217935578,0.9325129752,NaN,NaN,NaN,NaN,NaN,NaN,NaN,NaN,NaN,NaN,1,0,0,0,0,NaN,NaN,56.26430468674059,NaN,NaN,NaN,0.9501633217935578,0.9325129752,NaN,NaN,NaN,NaN,NaN,NaN,NaN,NaN,NaN,NaN,1
2024-06-24T12:30:00-04:00,0.935884239562979,0.935884239562979,0.9301,0.9302,0.9354221970762066,0.981800281434289,0.9278527496947613,0,0,18494,18764,0,0,0,0,NaN,NaN,59.18387331548121,NaN,NaN,NaN,0.9501633217935578,0.9325129752,NaN,NaN,NaN,NaN,NaN,NaN,NaN,NaN,NaN,NaN,1,0,0,0,0,NaN,NaN,59.18387331548121,NaN,NaN,NaN,0.9501633217935578,0.9325129752,NaN,NaN,NaN,NaN,NaN,NaN,NaN,NaN,NaN,NaN,1
2024-06-24T12:32:00-04:00,0.9330421197814895,0.9330421197814895,0.93,0.93,0.9344363430623508,0.9810094374429258,0.927855505830595,0,0,18494,18765,0,0,0,0,NaN,NaN,61.92682418385323,NaN,NaN,NaN,0.9501633217935578,0.9325129752,NaN,NaN,NaN,NaN,NaN,NaN,NaN,NaN,NaN,NaN,1,0,0,0,0,NaN,NaN,61.92682418385323,NaN,NaN,NaN,0.9501633217935578,0.9325129752,NaN,NaN,NaN,NaN,NaN,NaN,NaN,NaN,NaN,NaN,1
2024-06-24T12:42:00-04:00,0.9315210598907449,0.9315210598907449,0.93,0.93,0.9336297352328324,0.9802306674056293,0.9278609969305319,0,0,18494,18766,0,0,0,0,NaN,NaN,61.68060881981964,NaN,NaN,NaN,0.9501633217935578,0.9325129752,NaN,NaN,NaN,NaN,NaN,NaN,NaN,NaN,NaN,NaN,1,0,0,0,0,NaN,NaN,61.68060881981964,NaN,NaN,NaN,0.9501633217935578,0.9325129752,NaN,NaN,NaN,NaN,NaN,NaN,NaN,NaN,NaN,NaN,1
2024-06-24T12:51:00-04:00,0.9307605299453725,0.9307605299453725,0.93,0.93,0.9329697833723175,0.9794637869872227,0.9278664599817387,0,0,18494,18767,0,0,0,0,NaN,NaN,61.41922429693979,NaN,NaN,NaN,0.9501633217935578,0.9325129752,NaN,NaN,NaN,NaN,NaN,NaN,NaN,NaN,NaN,NaN,1,0,0,0,0,NaN,NaN,61.41922429693979,NaN,NaN,NaN,0.9501633217935578,0.9325129752,NaN,NaN,NaN,NaN,NaN,NaN,NaN,NaN,NaN,NaN,1
2024-06-24T12:55:00-04:00,0.9303802649726862,0.9303802649726862,0.9301,0.9301,0.9324480045773507,0.9787101413843643,0.9278693085941483,0,0,18494,18768,0,0,0,0,NaN,NaN,61.105848347660405,NaN,NaN,NaN,0.9501633217935578,0.9325129752,NaN,NaN,NaN,NaN,NaN,NaN,NaN,NaN,NaN,NaN,1,0,0,0,0,NaN,NaN,61.105848347660405,NaN,NaN,NaN,0.9501633217935578,0.9325129752,NaN,NaN,NaN,NaN,NaN,NaN,NaN,NaN,NaN,NaN,1
2024-06-24T12:58:00-04:00,0.9302401324863432,0.9302401324863432,0.93,0.93,0.9320029128360142,0.977966475103687,0.9278720225741324,0,0,18494,18769,0,0,0,0,NaN,NaN,63.24507618556827,NaN,NaN,NaN,0.9501633217935578,0.9325129752,NaN,NaN,NaN,NaN,NaN,NaN,NaN,NaN,NaN,NaN,1,0,0,0,0,NaN,NaN,63.24507618556827,NaN,NaN,NaN,0.9501633217935578,0.9325129752,NaN,NaN,NaN,NaN,NaN,NaN,NaN,NaN,NaN,NaN,1
2024-06-24T13:01:00-04:00,0.9301200662431717,0.9301200662431717,0.93,0.93,0.9316387468658298,0.977234162506684,0.9278774298451236,0,0,18494,18770,0,0,0,0,NaN,NaN,63.53570505892291,NaN,NaN,NaN,0.9501633217935578,0.9325129752,NaN,NaN,NaN,NaN,NaN,NaN,NaN,NaN,NaN,NaN,1,0,0,0,0,NaN,NaN,63.53570505892291,NaN,NaN,NaN,0.9501633217935578,0.9325129752,NaN,NaN,NaN,NaN,NaN,NaN,NaN,NaN,NaN,NaN,1
2024-06-24T13:11:00-04:00,0.9300600331215858,0.9300600331215858,0.93,0.93,0.9313407928902244,0.9765130302546736,0.9278828097056063,0,0,18494,18771,0,0,0,0,NaN,NaN,64.71402153280926,NaN,NaN,NaN,0.9501633217935578,0.9325129752,NaN,NaN,NaN,NaN,NaN,NaN,NaN,NaN,NaN,NaN,1,0,0,0,0,NaN,NaN,64.71402153280926,NaN,NaN,NaN,0.9501633217935578,0.9325129752,NaN,NaN,NaN,NaN,NaN,NaN,NaN,NaN,NaN,NaN,1
2024-06-24T13:12:00-04:00,0.9300300165607929,0.9300300165607929,0.925,0.9275,0.9306424669101836,0.9757647397164343,0.9278731808194552,0,0,18494,18772,0,0,0,0,NaN,NaN,66.59294472920033,NaN,NaN,NaN,0.9501633217935578,0.9325129752,NaN,NaN,NaN,NaN,NaN,NaN,NaN,NaN,NaN,NaN,1,0,0,0,0,NaN,NaN,66.59294472920033,NaN,NaN,NaN,0.9501633217935578,0.9325129752,NaN,NaN,NaN,NaN,NaN,NaN,NaN,NaN,NaN,NaN,1
2024-06-24T13:20:00-04:00,0.9287650082803964,0.9287650082803964,0.915,0.915,0.9277983820174229,0.974837033766565,0.9278572966320762,0,0,18494,18773,0,0,0,0,NaN,NaN,68.83303497522296,NaN,NaN,NaN,0.9501633217935578,0.930933,NaN,NaN,NaN,NaN,NaN,NaN,NaN,NaN,NaN,NaN,1,0,0,0,0,NaN,NaN,68.83303497522296,NaN,NaN,NaN,0.9501633217935578,0.930933,NaN,NaN,NaN,NaN,NaN,NaN,NaN,NaN,NaN,NaN,1
2024-06-24T13:28:00-04:00,0.9218825041401982,0.940789,0.9195,0.9301445,0.9282249489233461,0.9741547050067701,0.9279123807650159,0,0,18494,18774,0,0,0,0,NaN,NaN,69.68539162834497,NaN,NaN,NaN,0.9501633217935578,0.930933,NaN,NaN,NaN,NaN,NaN,NaN,NaN,NaN,NaN,NaN,1,0,0,0,0,NaN,NaN,69.68539162834497,NaN,NaN,NaN,0.9501633217935578,0.930933,NaN,NaN,NaN,NaN,NaN,NaN,NaN,NaN,NaN,NaN,1
2024-06-24T13:30:00-04:00,0.9260135020700991,0.9497,0.9260135020700991,0.9497,0.9321295036645558,0.9737813507318577,0.9282989419503452,0,0,18494,18775,0,0,0,0,NaN,NaN,69.4263286837293,NaN,NaN,NaN,0.9501633217935578,0.9328705,NaN,NaN,NaN,NaN,NaN,NaN,NaN,NaN,NaN,NaN,1,0,0,0,0,NaN,NaN,69.4263286837293,NaN,NaN,NaN,0.9501633217935578,0.9328705,NaN,NaN,NaN,NaN,NaN,NaN,NaN,NaN,NaN,NaN,1
2024-06-24T13:37:00-04:00,0.9378567510350495,0.9497,0.9378567510350495,0.947275,0.9348832302710002,0.9733766736214476,0.9288015090075306,0,0,18494,18776,0,0,0,0,NaN,NaN,69.31829328403033,NaN,NaN,NaN,0.9501633217935578,0.9328705,NaN,NaN,NaN,NaN,NaN,NaN,NaN,NaN,NaN,NaN,1,0,0,0,0,NaN,NaN,69.31829328403033,NaN,NaN,NaN,0.9501633217935578,0.9328705,NaN,NaN,NaN,NaN,NaN,NaN,NaN,NaN,NaN,NaN,1
2024-06-24T13:38:00-04:00,0.9425658755175248,0.949599,0.9425658755175248,0.949599,0.937558824767182,0.9730136557035629,0.9289442117040618,0,0,18494,18777,0,0,0,0,NaN,NaN,67.36296528016884,NaN,NaN,NaN,0.9501633217935578,0.9328705,NaN,NaN,NaN,NaN,NaN,NaN,NaN,NaN,NaN,NaN,1,0,0,0,0,NaN,NaN,67.36296528016884,NaN,NaN,NaN,0.9501633217935578,0.9328705,NaN,NaN,NaN,NaN,NaN,NaN,NaN,NaN,NaN,NaN,1
2024-06-24T13:39:00-04:00,0.9460824377587624,0.9497,0.9460824377587624,0.9496994999999999,0.939766220264058,0.9726577143951116,0.9292251821696899,0,0,18494,18778,0,0,0,0,NaN,NaN,66.54034627769245,NaN,NaN,NaN,0.9501633217935578,0.9328705,NaN,NaN,NaN,NaN,NaN,NaN,NaN,NaN,NaN,NaN,1,0,0,0,0,NaN,NaN,66.54034627769245,NaN,NaN,NaN,0.9501633217935578,0.9328705,NaN,NaN,NaN,NaN,NaN,NaN,NaN,NaN,NaN,NaN,1
2024-06-24T13:41:00-04:00,0.9478909688793812,0.9478909688793812,0.93,0.93,0.9379905438524111,0.972006451579919,0.9292260639838862,0,0,18494,18779,0,0,0,0,NaN,NaN,67.55956701936661,NaN,NaN,NaN,0.9501633217935578,0.9328705,NaN,NaN,NaN,NaN,NaN,NaN,NaN,NaN,NaN,NaN,1,0,0,0,0,NaN,NaN,67.55956701936661,NaN,NaN,NaN,0.9501633217935578,0.9328705,NaN,NaN,NaN,NaN,NaN,NaN,NaN,NaN,NaN,NaN,1
2024-06-24T13:45:00-04:00,0.9389454844396906,0.93985,0.9389454844396906,0.93985,0.9383286267883364,0.9715155133878592,0.9292499527601324,0,0,18494,18780,0,0,0,0,NaN,NaN,67.7064657359875,NaN,NaN,NaN,0.9501633217935578,0.9328705,NaN,NaN,NaN,NaN,NaN,NaN,NaN,NaN,NaN,NaN,1,0,0,0,0,NaN,NaN,67.7064657359875,NaN,NaN,NaN,0.9501633217935578,0.9328705,NaN,NaN,NaN,NaN,NaN,NaN,NaN,NaN,NaN,NaN,1
2024-06-24T13:48:00-04:00,0.9393977422198453,0.9497,0.9393977422198453,0.9496500000000001,0.9403870582813662,0.9711816887559835,0.9295882807037424,0,0,18494,18781,0,0,0,0,NaN,NaN,66.77957486608639,NaN,NaN,NaN,0.9501633217935578,0.9328705,NaN,NaN,NaN,NaN,NaN,NaN,NaN,NaN,NaN,NaN,1,0,0,0,0,NaN,NaN,66.77957486608639,NaN,NaN,NaN,0.9501633217935578,0.9328705,NaN,NaN,NaN,NaN,NaN,NaN,NaN,NaN,NaN,NaN,1
2024-06-24T13:52:00-04:00,0.9445238711099226,0.9497,0.9445238711099226,0.9497,0.9420803204120268,0.9708537240421518,0.9296104925534263,0,0,18494,18782,0,0,0,0,NaN,NaN,63.99583268743238,NaN,NaN,NaN,0.9501633217935578,0.9328705,NaN,NaN,NaN,NaN,NaN,NaN,NaN,NaN,NaN,NaN,1,0,0,0,0,NaN,NaN,63.99583268743238,NaN,NaN,NaN,0.9501633217935578,0.9328705,NaN,NaN,NaN,NaN,NaN,NaN,NaN,NaN,NaN,NaN,1
2024-06-24T13:53:00-04:00,0.9471119355549613,0.9498,0.9471119355549613,0.9497499999999999,0.9434748076098401,0.9705315297819662,0.9297868744676774,0,0,18494,18783,0,0,0,0,NaN,NaN,62.81480992198819,NaN,NaN,NaN,0.9501633217935578,0.933401135,NaN,NaN,NaN,NaN,NaN,NaN,NaN,NaN,NaN,NaN,1,0,0,0,0,NaN,NaN,62.81480992198819,NaN,NaN,NaN,0.9501633217935578,0.933401135,NaN,NaN,NaN,NaN,NaN,NaN,NaN,NaN,NaN,NaN,1
2024-06-24T13:54:00-04:00,0.9484309677774806,0.9516,0.9484309677774806,0.9507,0.9447884789535056,0.9702287583349133,0.9300357190572772,0,0,18494,18784,0,0,0,0,NaN,NaN,61.44265466777388,NaN,NaN,NaN,0.9501633217935578,0.9348855669,NaN,NaN,NaN,NaN,NaN,NaN,NaN,NaN,NaN,NaN,1,0,0,0,0,NaN,NaN,61.44265466777388,NaN,NaN,NaN,0.9501633217935578,0.9348855669,NaN,NaN,NaN,NaN,NaN,NaN,NaN,NaN,NaN,NaN,1
2024-06-24T13:58:00-04:00,0.9495654838887403,0.95435,0.9495654838887403,0.95435,0.9465269373255955,0.9699863345435406,0.9300619919849802,0,0,18494,18785,0,0,0,0,NaN,NaN,60.54015183608874,NaN,NaN,NaN,0.9501633217935578,0.938298115879,NaN,NaN,NaN,NaN,NaN,NaN,NaN,NaN,NaN,NaN,1,0,0,0,0,NaN,NaN,60.54015183608874,NaN,NaN,NaN,0.9501633217935578,0.938298115879,NaN,NaN,NaN,NaN,NaN,NaN,NaN,NaN,NaN,NaN,1
2024-06-24T14:00:00-04:00,0.9519577419443701,0.9519577419443701,0.9497,0.9497,0.9471038578118508,0.9696766195123414,0.9301043403768396,0,0,18494,18786,0,0,0,0,NaN,NaN,59.39196573629175,NaN,NaN,NaN,0.9501633217935578,0.938298115879,NaN,NaN,NaN,NaN,NaN,NaN,NaN,NaN,NaN,NaN,1,0,0,0,0,NaN,NaN,59.39196573629175,NaN,NaN,NaN,0.9501633217935578,0.938298115879,NaN,NaN,NaN,NaN,NaN,NaN,NaN,NaN,NaN,NaN,1
2024-06-24T14:04:00-04:00,0.950828870972185,0.950828870972185,0.9497,0.9497,0.9475758836642416,0.969371632954901,0.9301465065172951,0,0,18494,18787,0,0,0,0,NaN,NaN,56.76594083846482,NaN,NaN,NaN,0.9501633217935578,0.938298115879,NaN,NaN,NaN,NaN,NaN,NaN,NaN,NaN,NaN,NaN,1,0,0,0,0,NaN,NaN,56.76594083846482,NaN,NaN,NaN,0.9501633217935578,0.938298115879,NaN,NaN,NaN,NaN,NaN,NaN,NaN,NaN,NaN,NaN,1
2024-06-24T14:13:00-04:00,0.9502644354860925,0.9502644354860925,0.95,0.95,0.948016632088925,0.9690758828334521,0.9301891357372912,0,0,18494,18788,0,0,0,0,NaN,NaN,53.94186191869779,NaN,NaN,NaN,0.9501633217935578,0.938298115879,NaN,NaN,NaN,NaN,NaN,NaN,NaN,NaN,NaN,NaN,1,0,0,0,0,NaN,NaN,53.94186191869779,NaN,NaN,NaN,0.9501633217935578,0.938298115879,NaN,NaN,NaN,NaN,NaN,NaN,NaN,NaN,NaN,NaN,1
2024-06-24T14:17:00-04:00,0.9501322177430462,0.9501322177430462,0.9501,0.9501,0.948395426254575,0.9687861746985903,0.9302317965423964,0,0,18494,18789,0,0,0,0,NaN,NaN,51.1750523626433,NaN,NaN,NaN,0.9501633217935578,0.938298115879,NaN,NaN,NaN,NaN,NaN,NaN,NaN,NaN,NaN,NaN,1,0,0,0,0,NaN,NaN,51.1750523626433,NaN,NaN,NaN,0.9501633217935578,0.938298115879,NaN,NaN,NaN,NaN,NaN,NaN,NaN,NaN,NaN,NaN,1
2024-06-24T14:18:00-04:00,0.9501161088715231,0.9579,0.95,0.95395,0.9494053487537432,0.9685596682146423,0.9304582953817178,0,0,18494,18790,0,0,0,0,NaN,NaN,47.73709507953354,NaN,NaN,NaN,0.9501633217935578,0.938298115879,NaN,NaN,NaN,NaN,NaN,NaN,NaN,NaN,NaN,NaN,1,0,0,0,0,NaN,NaN,47.73709507953354,NaN,NaN,NaN,0.9501633217935578,0.938298115879,NaN,NaN,NaN,NaN,NaN,NaN,NaN,NaN,NaN,NaN,1
2024-06-24T14:19:00-04:00,0.9520330544357616,0.9520330544357616,0.95,0.95005,0.9495225580712444,0.9682770778602203,0.9305307843781383,0,0,18494,18791,0,0,0,0,NaN,NaN,44.657773261731734,NaN,NaN,NaN,0.9501633217935578,0.938298115879,NaN,NaN,NaN,NaN,NaN,NaN,NaN,NaN,NaN,NaN,1,0,0,0,0,NaN,NaN,44.657773261731734,NaN,NaN,NaN,0.9501633217935578,0.938298115879,NaN,NaN,NaN,NaN,NaN,NaN,NaN,NaN,NaN,NaN,1
2024-06-24T14:20:00-04:00,0.9510415272178807,0.9510415272178807,0.95,0.9500249999999999,0.9496139111491999,0.967998420182965,0.9306583327023251,0,0,18494,18792,0,0,0,0,NaN,NaN,42.26406861117621,NaN,NaN,NaN,0.9501633217935578,0.938298115879,NaN,NaN,NaN,NaN,NaN,NaN,NaN,NaN,NaN,NaN,1,0,0,0,0,NaN,NaN,42.26406861117621,NaN,NaN,NaN,0.9501633217935578,0.938298115879,NaN,NaN,NaN,NaN,NaN,NaN,NaN,NaN,NaN,NaN,1
2024-06-24T14:21:00-04:00,0.9505332636089403,0.9505332636089403,0.9497,0.9497,0.9496295636675272,0.967719054989332,0.9308480049414615,0,0,18494,18793,0,0,0,0,NaN,NaN,39.03923981576132,NaN,NaN,NaN,0.9501633217935578,0.938298115879,NaN,NaN,NaN,NaN,NaN,NaN,NaN,NaN,NaN,NaN,1,0,0,0,0,NaN,NaN,39.03923981576132,NaN,NaN,NaN,0.9501633217935578,0.938298115879,NaN,NaN,NaN,NaN,NaN,NaN,NaN,NaN,NaN,NaN,1
2024-06-24T14:22:00-04:00,0.9501166318044701,0.9501166318044701,0.9324,0.9324,0.9464969157279768,0.9671798327757544,0.9308496169684034,0,0,18494,18794,0,0,0,0,NaN,NaN,37.40139033784658,NaN,NaN,NaN,0.9501633217935578,0.938298115879,NaN,NaN,NaN,NaN,NaN,NaN,NaN,NaN,NaN,NaN,1,0,0,0,0,NaN,NaN,37.40139033784658,NaN,NaN,NaN,0.9501633217935578,0.938298115879,NaN,NaN,NaN,NaN,NaN,NaN,NaN,NaN,NaN,NaN,1
2024-06-24T14:28:00-04:00,0.9412583159022351,0.9412583159022351,0.93245,0.93245,0.9439429310501628,0.9666496063211627,0.9308529346495502,0,0,18494,18795,0,0,0,0,NaN,NaN,35.621130381204125,NaN,NaN,NaN,0.9501633217935578,0.938298115879,NaN,NaN,NaN,NaN,NaN,NaN,NaN,NaN,NaN,NaN,1,0,0,0,0,NaN,NaN,35.621130381204125,NaN,NaN,NaN,0.9501633217935578,0.938298115879,NaN,NaN,NaN,NaN,NaN,NaN,NaN,NaN,NaN,NaN,1
2024-06-24T14:30:00-04:00,0.9368541579511176,0.9368541579511176,0.9349,0.9349,0.9422987617683151,0.9661648795070992,0.9308654803179508,0,0,18494,18796,0,0,0,0,NaN,NaN,33.532749595493996,NaN,NaN,NaN,0.9501633217935578,0.938298115879,NaN,NaN,NaN,NaN,NaN,NaN,NaN,NaN,NaN,NaN,1,0,0,0,0,NaN,NaN,33.532749595493996,NaN,NaN,NaN,0.9501633217935578,0.938298115879,NaN,NaN,NaN,NaN,NaN,NaN,NaN,NaN,NaN,NaN,1
2024-06-24T14:37:00-04:00,0.9358770789755588,0.945,0.9358770789755588,0.945,0.9427898959922578,0.9658417515756931,0.9308800706392709,0,0,18494,18797,0,0,0,0,NaN,NaN,30.174082571437687,NaN,NaN,NaN,0.9501633217935578,0.938298115879,NaN,NaN,NaN,NaN,NaN,NaN,NaN,NaN,NaN,NaN,1,0,0,0,0,NaN,NaN,30.174082571437687,NaN,NaN,NaN,0.9501633217935578,0.938298115879,NaN,NaN,NaN,NaN,NaN,NaN,NaN,NaN,NaN,NaN,1
2024-06-24T14:44:00-04:00,0.9404385394877794,0.9497,0.9404385394877794,0.9497,0.94404627853912,0.9655953126203389,0.9308994774299828,0,0,18494,18798,0,0,0,0,NaN,NaN,26.82601192014889,NaN,NaN,NaN,0.9501633217935578,0.938298115879,NaN,NaN,NaN,NaN,NaN,NaN,NaN,NaN,NaN,NaN,1,0,0,0,0,NaN,NaN,26.82601192014889,NaN,NaN,NaN,0.9501633217935578,0.938298115879,NaN,NaN,NaN,NaN,NaN,NaN,NaN,NaN,NaN,NaN,1
2024-06-24T14:46:00-04:00,0.9450692697438897,0.9498,0.9450692697438897,0.9498,0.9450924097138255,0.9653541628093414,0.9309189472500928,0,0,18494,18799,0,0,0,0,NaN,NaN,23.00842696377476,NaN,NaN,NaN,0.9501633217935578,0.938298115879,NaN,NaN,NaN,NaN,NaN,NaN,NaN,NaN,NaN,NaN,1,0,0,0,0,NaN,NaN,23.00842696377476,NaN,NaN,NaN,0.9501633217935578,0.938298115879,NaN,NaN,NaN,NaN,NaN,NaN,NaN,NaN,NaN,NaN,1
2024-06-24T14:47:00-04:00,0.9474346348719449,0.9474346348719449,0.94505,0.94505,0.9450846988567663,0.9650441755908782,0.9309334889607518,0,0,18494,18800,0,0,0,0,NaN,NaN,19.157913645488524,NaN,NaN,NaN,0.9501633217935578,0.938298115879,NaN,NaN,NaN,NaN,NaN,NaN,NaN,NaN,NaN,NaN,1,0,0,0,0,NaN,NaN,19.157913645488524,NaN,NaN,NaN,0.9501633217935578,0.938298115879,NaN,NaN,NaN,NaN,NaN,NaN,NaN,NaN,NaN,NaN,1
2024-06-24T14:52:00-04:00,0.9462423174359724,0.9462423174359724,0.941288,0.941288,0.9443943899737178,0.9646814858872007,0.9309441334270532,0,0,18494,18801,0,0,0,0,NaN,NaN,15.989214533493259,NaN,NaN,NaN,0.9501633217935578,0.938298115879,NaN,NaN,NaN,NaN,NaN,NaN,NaN,NaN,NaN,NaN,1,0,0,0,0,NaN,NaN,15.989214533493259,NaN,NaN,NaN,0.9501633217935578,0.938298115879,NaN,NaN,NaN,NaN,NaN,NaN,NaN,NaN,NaN,NaN,1
2024-06-24T14:57:00-04:00,0.9437651587179863,0.9437651587179863,0.9401,0.9401,0.9436135917966783,0.9643061960263274,0.930962919316037,0,0,18494,18802,0,0,0,0,NaN,NaN,14.505989019457108,NaN,NaN,NaN,0.9501633217935578,0.938298115879,NaN,NaN,NaN,NaN,NaN,NaN,NaN,NaN,NaN,NaN,1,0,0,0,0,NaN,NaN,14.505989019457108,NaN,NaN,NaN,0.9501633217935578,0.938298115879,NaN,NaN,NaN,NaN,NaN,NaN,NaN,NaN,NaN,NaN,1
2024-06-24T15:02:00-04:00,0.9419325793589932,0.94495,0.940049,0.9424995,0.9434110296518277,0.963973269369437,0.9310591592053595,0,0,18494,18803,0,0,0,0,NaN,NaN,11.910546859507935,NaN,NaN,NaN,0.9501633217935578,0.938298115879,NaN,NaN,NaN,NaN,NaN,NaN,NaN,NaN,NaN,NaN,1,0,0,0,0,NaN,NaN,11.910546859507935,NaN,NaN,NaN,0.9501633217935578,0.938298115879,NaN,NaN,NaN,NaN,NaN,NaN,NaN,NaN,NaN,NaN,1
2024-06-24T15:03:00-04:00,0.9422160396794966,0.9422160396794966,0.94,0.94,0.9427908424424044,0.9636072652569264,0.9310953950844008,0,0,18494,18804,0,0,0,0,NaN,NaN,9.556914172224381,NaN,NaN,NaN,0.9501633217935578,0.938298115879,NaN,NaN,NaN,NaN,NaN,NaN,NaN,NaN,NaN,NaN,1,0,0,0,0,NaN,NaN,9.556914172224381,NaN,NaN,NaN,0.9501633217935578,0.938298115879,NaN,NaN,NaN,NaN,NaN,NaN,NaN,NaN,NaN,NaN,1
2024-06-24T15:04:00-04:00,0.9411080198397483,0.9411080198397483,0.94,0.94015,0.9423106892710582,0.9632491390697978,0.9311601573656787,0,0,18494,18805,0,0,0,0,NaN,NaN,7.267682960573457,NaN,NaN,NaN,0.9501633217935578,0.938298115879,NaN,NaN,NaN,NaN,NaN,NaN,NaN,NaN,NaN,NaN,1,0,0,0,0,NaN,NaN,7.267682960573457,NaN,NaN,NaN,0.9501633217935578,0.938298115879,NaN,NaN,NaN,NaN,NaN,NaN,NaN,NaN,NaN,NaN,1
2024-06-24T15:12:00-04:00,0.9406290099198742,0.9406290099198742,0.94005,0.94005,0.9418996548581385,0.962894953740488,0.9311780072007992,0,0,18494,18806,0,0,0,0,NaN,NaN,5.0974756973954864,NaN,NaN,NaN,0.9501633217935578,0.938298115879,NaN,NaN,NaN,NaN,NaN,NaN,NaN,NaN,NaN,NaN,1,0,0,0,0,NaN,NaN,5.0974756973954864,NaN,NaN,NaN,0.9501633217935578,0.938298115879,NaN,NaN,NaN,NaN,NaN,NaN,NaN,NaN,NaN,NaN,1
2024-06-24T15:15:00-04:00,0.9403395049599371,0.9403395049599371,0.9382,0.9391,0.9413906267021134,0.9625316720039919,0.9314049038778477,0,0,18494,18807,0,0,0,0,NaN,NaN,3.2652783603340794,NaN,NaN,NaN,0.9501633217935578,0.938298115879,NaN,NaN,NaN,NaN,NaN,NaN,NaN,NaN,NaN,NaN,1,0,0,0,0,NaN,NaN,3.2652783603340794,NaN,NaN,NaN,0.9501633217935578,0.938298115879,NaN,NaN,NaN,NaN,NaN,NaN,NaN,NaN,NaN,NaN,1
2024-06-24T15:16:00-04:00,0.9397197524799685,0.9397197524799685,0.9302,0.9302,0.9393559673017291,0.9620380586909538,0.9314037300110092,0,0,18494,18808,0,0,0,0,NaN,NaN,2.2102755851928726,NaN,NaN,NaN,0.9501633217935578,0.938298115879,NaN,NaN,NaN,NaN,NaN,NaN,NaN,NaN,NaN,NaN,1,0,0,0,0,NaN,NaN,2.2102755851928726,NaN,NaN,NaN,0.9501633217935578,0.938298115879,NaN,NaN,NaN,NaN,NaN,NaN,NaN,NaN,NaN,NaN,1
2024-06-24T15:18:00-04:00,0.9349598762399842,0.9349598762399842,0.9302,0.9302,0.937691245974142,0.9615519814590309,0.9314002220940513,0,0,18494,18809,0,0,0,0,NaN,NaN,1.3750114148861963,NaN,NaN,NaN,0.9501633217935578,0.938298115879,NaN,NaN,NaN,NaN,NaN,NaN,NaN,NaN,NaN,NaN,1,0,0,0,0,NaN,NaN,1.3750114148861963,NaN,NaN,NaN,0.9501633217935578,0.938298115879,NaN,NaN,NaN,NaN,NaN,NaN,NaN,NaN,NaN,NaN,1
2024-06-24T15:20:00-04:00,0.9325799381199922,0.9325799381199922,0.9302,0.9302,0.9363292012515707,0.9610733252535495,0.9313967345632678,0,0,18494,18810,0,0,0,0,NaN,NaN,0.7998400327414619,NaN,NaN,NaN,0.9501633217935578,0.938298115879,NaN,NaN,NaN,NaN,NaN,NaN,NaN,NaN,NaN,NaN,1,0,0,0,0,NaN,NaN,0.7998400327414619,NaN,NaN,NaN,0.9501633217935578,0.938298115879,NaN,NaN,NaN,NaN,NaN,NaN,NaN,NaN,NaN,NaN,1
2024-06-24T15:23:00-04:00,0.931389969059996,0.931389969059996,0.9304,0.9304,0.935251164660376,0.9606050302115106,0.9313832774038049,0,0,18494,18811,0,0,0,0,NaN,NaN,0.33720227949039067,NaN,NaN,NaN,0.9501633217935578,0.938298115879,NaN,NaN,NaN,NaN,NaN,NaN,NaN,NaN,NaN,NaN,1,0,0,0,0,NaN,NaN,0.33720227949039067,NaN,NaN,NaN,0.9501633217935578,0.938298115879,NaN,NaN,NaN,NaN,NaN,NaN,NaN,NaN,NaN,NaN,1
2024-06-24T15:24:00-04:00,0.9308949845299981,0.9312,0.9308949845299981,0.9312,0.9345145892675805,0.9601560984525562,0.931383102449001,0,0,18494,18812,0,0,0,0,NaN,NaN,0.0011934196451547502,NaN,NaN,NaN,0.9501633217935578,0.938298115879,NaN,NaN,NaN,NaN,NaN,NaN,NaN,NaN,NaN,NaN,1,0,0,0,0,NaN,NaN,0.0011934196451547502,NaN,NaN,NaN,0.9501633217935578,0.938298115879,NaN,NaN,NaN,NaN,NaN,NaN,NaN,NaN,NaN,NaN,1
2024-06-24T15:25:00-04:00,0.931047492264999,0.99,0.9304,0.9527,0.9378210275825658,0.9600422648883951,0.9329242785952127,0,0,18494,18813,0,0,0,0,NaN,NaN,0.839050437000258,NaN,NaN,NaN,0.9501633217935578,0.938298115879,NaN,NaN,NaN,NaN,NaN,NaN,NaN,NaN,NaN,NaN,1,0,0,0,0,NaN,NaN,0.839050437000258,NaN,NaN,NaN,0.9501633217935578,0.938298115879,NaN,NaN,NaN,NaN,NaN,NaN,NaN,NaN,NaN,NaN,1
2024-06-24T15:26:00-04:00,0.9418737461324995,0.9418737461324995,0.9376,0.9376,0.9377808407493721,0.9596996348900989,0.9329284156329355,0,0,18494,18814,0,0,0,0,NaN,NaN,2.478847785124776,NaN,NaN,NaN,0.9501633217935578,0.938298115879,NaN,NaN,NaN,NaN,NaN,NaN,NaN,NaN,NaN,NaN,1,0,0,0,0,NaN,NaN,2.478847785124776,NaN,NaN,NaN,0.9501633217935578,0.938298115879,NaN,NaN,NaN,NaN,NaN,NaN,NaN,NaN,NaN,NaN,1
2024-06-24T15:27:00-04:00,0.9397368730662498,0.9729,0.9321,0.945275,0.9391434151585771,0.9594794114566623,0.9331851436328744,0,0,18494,18815,0,0,0,0,NaN,NaN,6.238645076711082,NaN,NaN,NaN,0.9501633217935578,0.938298115879,NaN,NaN,NaN,NaN,NaN,NaN,NaN,NaN,NaN,NaN,1,0,0,0,0,NaN,NaN,6.238645076711082,NaN,NaN,NaN,0.9501633217935578,0.938298115879,NaN,NaN,NaN,NaN,NaN,NaN,NaN,NaN,NaN,NaN,1
2024-06-24T15:28:00-04:00,0.9425059365331249,0.98,0.9425059365331249,0.97095,0.9449264305842904,0.9596545349458735,0.9352734202284392,0,0,18494,18816,0,0,0,0,NaN,NaN,9.631330336823977,NaN,NaN,NaN,0.9501633217935578,0.9495203419735201,NaN,NaN,NaN,NaN,NaN,NaN,NaN,NaN,NaN,NaN,1,0,0,0,0,NaN,NaN,9.631330336823977,NaN,NaN,NaN,0.9501633217935578,0.9495203419735201,NaN,NaN,NaN,NaN,NaN,NaN,NaN,NaN,NaN,NaN,1
2024-06-24T15:35:00-04:00,0.9567279682665624,1,0.9567279682665624,0.994625,0.9539625341144194,0.9601884351757075,0.9391012790065085,0,0,18494,18817,0,0,0,0,NaN,NaN,15.324595734519939,NaN,NaN,NaN,0.9501633217935578,0.966347915677492,NaN,NaN,NaN,NaN,NaN,NaN,NaN,NaN,NaN,NaN,1,0,0,0,0,NaN,NaN,15.324595734519939,NaN,NaN,NaN,0.9501633217935578,0.966347915677492,NaN,NaN,NaN,NaN,NaN,NaN,NaN,NaN,NaN,NaN,1
2024-06-24T15:39:00-04:00,0.9756764841332812,1.001,0.9756764841332812,1.000325,0.9623920733663431,0.9608012071577577,0.9402340802652147,0,0,18494,18818,0,0,0,0,NaN,NaN,19.43577854185438,NaN,NaN,NaN,0.9501633217935578,0.9748007908555434,NaN,NaN,NaN,NaN,NaN,NaN,NaN,NaN,NaN,NaN,1,0,0,0,0,NaN,NaN,19.43577854185438,NaN,NaN,NaN,0.9501633217935578,0.9748007908555434,NaN,NaN,NaN,NaN,NaN,NaN,NaN,NaN,NaN,NaN,1
2024-06-24T15:40:00-04:00,0.9880007420666406,1.012,0.9880007420666406,1.00325,0.9698207872997353,0.9614492803309217,0.9404229457692077,0,0,18494,18819,0,0,0,0,NaN,NaN,21.159706624707894,NaN,NaN,NaN,0.9501633217935578,0.9819304997758793,NaN,NaN,NaN,NaN,NaN,NaN,NaN,NaN,NaN,NaN,1,0,0,0,0,NaN,NaN,21.159706624707894,NaN,NaN,NaN,0.9501633217935578,0.9819304997758793,NaN,NaN,NaN,NaN,NaN,NaN,NaN,NaN,NaN,NaN,1
2024-06-24T15:41:00-04:00,0.9956253710333203,1.0117,0.9956253710333203,1.0117,0.9774351896088743,0.9622164668907549,0.940476312036732,0,0,18494,18820,1,0,0,0,NaN,NaN,24.950499975259945,NaN,NaN,NaN,0.9518028929544902,0.9922861798296684,NaN,NaN,NaN,NaN,NaN,NaN,NaN,NaN,NaN,NaN,1,1,0,0,0,NaN,NaN,24.950499975259945,NaN,NaN,NaN,0.9518028929544902,0.9922861798296684,NaN,NaN,NaN,NaN,NaN,NaN,NaN,NaN,NaN,NaN,1
2024-06-24T15:42:00-04:00,1.0036626855166602,1.0036626855166602,1.001,1.001,0.981719700589079,0.9628085819000564,0.9405215931846749,0,0,18494,18821,0,0,0,0,NaN,NaN,30.01571648174427,NaN,NaN,NaN,0.9741325863673667,0.9922861798296684,NaN,NaN,NaN,NaN,NaN,NaN,NaN,NaN,NaN,NaN,1,0,0,0,0,NaN,NaN,30.01571648174427,NaN,NaN,NaN,0.9741325863673667,0.9922861798296684,NaN,NaN,NaN,NaN,NaN,NaN,NaN,NaN,NaN,NaN,1
2024-06-24T15:45:00-04:00,1.00233134275833,1.00233134275833,1.002,1.002,0.985407027754701,0.9634069241611242,0.9406134465961214,0,0,18494,18822,0,0,0,0,NaN,NaN,35.01605669373651,NaN,NaN,NaN,0.9752552741863941,0.9922861798296684,NaN,NaN,NaN,NaN,NaN,NaN,NaN,NaN,NaN,NaN,1,0,0,0,0,NaN,NaN,35.01605669373651,NaN,NaN,NaN,0.9752552741863941,0.9922861798296684,NaN,NaN,NaN,NaN,NaN,NaN,NaN,NaN,NaN,NaN,1
2024-06-24T15:50:00-04:00,1.002165671379165,1.002165671379165,1,1,0.9880602954356644,0.9639655970746948,0.9407020422509734,0,0,18494,18823,0,0,0,0,NaN,NaN,36.41161290538053,NaN,NaN,NaN,0.9752552741863941,0.9922861798296684,NaN,NaN,NaN,NaN,NaN,NaN,NaN,NaN,NaN,NaN,1,0,0,0,0,NaN,NaN,36.41161290538053,NaN,NaN,NaN,0.9752552741863941,0.9922861798296684,NaN,NaN,NaN,NaN,NaN,NaN,NaN,NaN,NaN,NaN,1
2024-06-24T15:52:00-04:00,1.0010828356895825,1.015,1.0010828356895825,1.0125,0.9925038780837254,0.9647065803254627,0.9408623508748754,0,0,18494,18824,0,0,0,0,NaN,NaN,36.61379025237439,NaN,NaN,NaN,0.9783315819298839,0.9980359112756578,NaN,NaN,NaN,NaN,NaN,NaN,NaN,NaN,NaN,NaN,1,0,0,0,0,NaN,NaN,36.61379025237439,NaN,NaN,NaN,0.9783315819298839,0.9980359112756578,NaN,NaN,NaN,NaN,NaN,NaN,NaN,NaN,NaN,NaN,1
2024-06-24T15:53:00-04:00,1.0067914178447912,1.0103,1.0067914178447912,1.0103,0.9957395366139572,0.9654026630685855,0.9410360751620279,0,0,18494,18825,0,0,0,0,NaN,NaN,37.95170951278655,NaN,NaN,NaN,0.9837551381163324,0.9980359112756578,NaN,NaN,NaN,NaN,NaN,NaN,NaN,NaN,NaN,NaN,1,0,0,0,0,NaN,NaN,37.95170951278655,NaN,NaN,NaN,0.9837551381163324,0.9980359112756578,NaN,NaN,NaN,NaN,NaN,NaN,NaN,NaN,NaN,NaN,1
2024-06-24T15:54:00-04:00,1.0085457089223957,1.02,1.0085457089223957,1.02,1.000150529956874,0.9662362101973093,0.941094654175847,0,0,18494,18826,0,0,0,0,NaN,NaN,41.61036617548218,NaN,NaN,NaN,0.9934876373788217,1.0072501378929606,NaN,NaN,NaN,NaN,NaN,NaN,NaN,NaN,NaN,NaN,1,0,0,0,0,NaN,NaN,41.61036617548218,NaN,NaN,NaN,0.9934876373788217,1.0072501378929606,NaN,NaN,NaN,NaN,NaN,NaN,NaN,NaN,NaN,NaN,1
2024-06-24T15:58:00-04:00,1.0142728544611979,1.0142728544611979,1,1,1.000123160873806,0.9667516879042206,0.9411383204341767,0,0,18494,18827,0,0,0,0,NaN,NaN,43.86973268061744,NaN,NaN,NaN,0.9934876373788217,1.0072501378929606,NaN,NaN,NaN,NaN,NaN,NaN,NaN,NaN,NaN,NaN,1,0,0,0,0,NaN,NaN,43.86973268061744,NaN,NaN,NaN,0.9934876373788217,1.0072501378929606,NaN,NaN,NaN,NaN,NaN,NaN,NaN,NaN,NaN,NaN,1
2024-06-24T15:59:00-04:00,1.007136427230599,1.007136427230599,1,1,1.0001007679876595,0.9672592957224768,0.9422278201745451,0,0,18494,18828,0,0,0,0,NaN,NaN,46.02310001971457,NaN,NaN,NaN,0.9934876373788217,1.0072501378929606,NaN,NaN,NaN,NaN,NaN,NaN,NaN,NaN,NaN,NaN,1,0,0,0,0,NaN,NaN,46.02310001971457,NaN,NaN,NaN,0.9934876373788217,1.0072501378929606,NaN,NaN,NaN,NaN,NaN,NaN,NaN,NaN,NaN,NaN,1
2024-06-24T16:59:00-04:00,1.0035682136152995,1.0035682136152995,0.9738,0.9738,0.9953188101717214,0.9673591538030497,0.9423166971744383,0,0,18494,18829,0,0,0,0,NaN,NaN,46.5650641076863,NaN,NaN,NaN,0.9934876373788217,0.989277,NaN,NaN,NaN,NaN,NaN,NaN,NaN,NaN,NaN,NaN,1,0,0,0,0,NaN,NaN,46.5650641076863,NaN,NaN,NaN,0.9934876373788217,0.989277,NaN,NaN,NaN,NaN,NaN,NaN,NaN,NaN,NaN,NaN,1
2024-06-24T19:42:00-04:00,0.9886841068076497,0.9886841068076497,0.9601,0.9601,0.9889153901404993,0.9672483270274306,0.9423295900722101,0,0,18494,18830,0,0,0,0,NaN,NaN,46.266327545088906,NaN,NaN,NaN,0.9934876373788217,0.98175719,NaN,NaN,NaN,NaN,NaN,NaN,NaN,NaN,NaN,NaN,1,0,0,0,0,NaN,NaN,46.266327545088906,NaN,NaN,NaN,0.9934876373788217,0.98175719,NaN,NaN,NaN,NaN,NaN,NaN,NaN,NaN,NaN,NaN,1
2024-06-25T08:00:00-04:00,0.9743920534038248,0.9799,0.9692,0.97455,0.986303501024045,0.9673598029506759,0.97455,0,0,18494,18831,0,0,0,0,NaN,NaN,46.71706134994737,NaN,NaN,NaN,0.9934876373788217,0.98175719,NaN,NaN,NaN,NaN,NaN,NaN,NaN,NaN,NaN,NaN,1,0,0,0,0,NaN,NaN,46.71706134994737,NaN,NaN,NaN,0.9934876373788217,0.98175719,NaN,NaN,NaN,NaN,NaN,NaN,NaN,NaN,NaN,NaN,1
2024-06-25T08:14:00-04:00,0.9744710267019124,0.98,0.9744710267019124,0.98,0.9851574099287641,0.9675527830582992,0.9750690476190476,0,0,18494,18832,0,0,0,0,NaN,NaN,47.97404469935367,NaN,NaN,NaN,0.9934876373788217,0.98175719,NaN,NaN,NaN,NaN,NaN,NaN,NaN,NaN,NaN,NaN,1,0,0,0,0,NaN,NaN,47.97404469935367,NaN,NaN,NaN,0.9934876373788217,0.98175719,NaN,NaN,NaN,NaN,NaN,NaN,NaN,NaN,NaN,NaN,1
2024-06-25T09:35:00-04:00,0.9772355133509563,0.979999,0.9772355133509563,0.979999,0.9842195172144433,0.9677428016375618,0.9766593548387096,0,0,18494,18833,0,0,0,0,NaN,NaN,48.2238913390018,NaN,NaN,NaN,0.9934876373788217,0.98175719,NaN,NaN,NaN,NaN,NaN,NaN,NaN,NaN,NaN,NaN,1,0,0,0,0,NaN,NaN,48.2238913390018,NaN,NaN,NaN,0.9934876373788217,0.98175719,NaN,NaN,NaN,NaN,NaN,NaN,NaN,NaN,NaN,NaN,1
2024-06-25T09:36:00-04:00,0.978617256675478,0.978617256675478,0.968,0.96901225,0.98145455953909,0.9677621825285914,0.9737553522408964,0,0,18494,18834,0,0,0,0,NaN,NaN,49.3242353189921,NaN,NaN,NaN,0.9934876373788217,0.98175719,NaN,NaN,NaN,NaN,NaN,NaN,NaN,NaN,NaN,NaN,1,0,0,0,0,NaN,NaN,49.3242353189921,NaN,NaN,NaN,0.9934876373788217,0.98175719,NaN,NaN,NaN,NaN,NaN,NaN,NaN,NaN,NaN,NaN,1
2024-06-25T09:37:00-04:00,0.973814753337739,0.98,0.973814753337739,0.98,0.9811900941683463,0.9679490194365518,0.9745682649669335,0,0,18494,18835,0,0,0,0,NaN,NaN,49.44535297649955,NaN,NaN,NaN,0.9934876373788217,0.98175719,NaN,NaN,NaN,NaN,NaN,NaN,NaN,NaN,NaN,NaN,1,0,0,0,0,NaN,NaN,49.44535297649955,NaN,NaN,NaN,0.9934876373788217,0.98175719,NaN,NaN,NaN,NaN,NaN,NaN,NaN,NaN,NaN,NaN,1
2024-06-25T09:38:00-04:00,0.9769073766688695,0.98,0.9769073766688695,0.98,0.9809737134104652,0.9681330038726349,0.9749660081451613,0,0,18494,18836,0,0,0,0,NaN,NaN,49.448625364804926,NaN,NaN,NaN,0.9934876373788217,0.98175719,NaN,NaN,NaN,NaN,NaN,NaN,NaN,NaN,NaN,NaN,1,0,0,0,0,NaN,NaN,49.448625364804926,NaN,NaN,NaN,0.9934876373788217,0.98175719,NaN,NaN,NaN,NaN,NaN,NaN,NaN,NaN,NaN,NaN,1
2024-06-25T09:50:00-04:00,0.9784536883344348,0.98,0.9784536883344348,0.98,0.9807966746085625,0.9683141793860298,0.9769401225980392,0,0,18494,18837,0,0,0,0,NaN,NaN,49.32624328740004,NaN,NaN,NaN,0.9934876373788217,0.98175719,NaN,NaN,NaN,NaN,NaN,NaN,NaN,NaN,NaN,NaN,1,0,0,0,0,NaN,NaN,49.32624328740004,NaN,NaN,NaN,0.9934876373788217,0.98175719,NaN,NaN,NaN,NaN,NaN,NaN,NaN,NaN,NaN,NaN,1
2024-06-25T09:52:00-04:00,0.9792268441672174,0.9835,0.9792268441672174,0.9835,0.9812881883160965,0.9685460239755561,0.9771876651415093,0,0,18494,18838,0,0,0,0,NaN,NaN,49.36541831798118,NaN,NaN,NaN,0.9934876373788217,0.98175719,NaN,NaN,NaN,NaN,NaN,NaN,NaN,NaN,NaN,NaN,1,0,0,0,0,NaN,NaN,49.36541831798118,NaN,NaN,NaN,0.9934876373788217,0.98175719,NaN,NaN,NaN,NaN,NaN,NaN,NaN,NaN,NaN,NaN,1
2024-06-25T10:08:00-04:00,0.9813634220836087,0.9813634220836087,0.98,0.98,0.9810539722586245,0.9687208938385248,0.9775668666748285,0,0,18494,18839,0,0,0,0,NaN,NaN,49.01538628363874,NaN,NaN,NaN,0.9934876373788217,0.98175719,NaN,NaN,NaN,NaN,NaN,NaN,NaN,NaN,NaN,NaN,1,0,0,0,0,NaN,NaN,49.01538628363874,NaN,NaN,NaN,0.9934876373788217,0.98175719,NaN,NaN,NaN,NaN,NaN,NaN,NaN,NaN,NaN,NaN,1
2024-06-25T10:14:00-04:00,0.9806817110418043,0.99,0.9806817110418043,0.99,0.9826805227570564,0.9690457656883182,0.9785050747434348,0,0,18494,18840,0,0,0,0,NaN,NaN,49.30296275833096,NaN,NaN,NaN,0.9934876373788217,0.98175719,NaN,NaN,NaN,NaN,NaN,NaN,NaN,NaN,NaN,NaN,1,0,0,0,0,NaN,NaN,49.30296275833096,NaN,NaN,NaN,0.9934876373788217,0.98175719,NaN,NaN,NaN,NaN,NaN,NaN,NaN,NaN,NaN,NaN,1
2024-06-25T10:35:00-04:00,0.9853408555209022,0.9853408555209022,0.980101,0.980101,0.9822115186194098,0.96921454789155,0.9786170537819253,0,0,18494,18841,0,0,0,0,NaN,NaN,48.720090285037664,NaN,NaN,NaN,0.9934876373788217,0.98175719,NaN,NaN,NaN,NaN,NaN,NaN,NaN,NaN,NaN,NaN,1,0,0,0,0,NaN,NaN,48.720090285037664,NaN,NaN,NaN,0.9934876373788217,0.98175719,NaN,NaN,NaN,NaN,NaN,NaN,NaN,NaN,NaN,NaN,1
2024-06-25T10:37:00-04:00,0.9827209277604512,0.9894,0.9827209277604512,0.9894,0.9835185152340625,0.9695227227329004,0.9788364483434149,0,0,18494,18842,0,0,0,0,NaN,NaN,48.74832975190773,NaN,NaN,NaN,0.9934876373788217,0.98175719,NaN,NaN,NaN,NaN,NaN,NaN,NaN,NaN,NaN,NaN,1,0,0,0,0,NaN,NaN,48.74832975190773,NaN,NaN,NaN,0.9934876373788217,0.98175719,NaN,NaN,NaN,NaN,NaN,NaN,NaN,NaN,NaN,NaN,1
2024-06-25T11:08:00-04:00,0.9860604638802255,0.9860604638802255,0.98,0.9800500000000001,0.9828878761005966,0.9696834445232378,0.9789246335096888,0,0,18494,18843,0,0,0,0,NaN,NaN,47.92128080842665,NaN,NaN,NaN,0.9934876373788217,0.98175719,NaN,NaN,NaN,NaN,NaN,NaN,NaN,NaN,NaN,NaN,1,0,0,0,0,NaN,NaN,47.92128080842665,NaN,NaN,NaN,0.9934876373788217,0.98175719,NaN,NaN,NaN,NaN,NaN,NaN,NaN,NaN,NaN,NaN,1
2024-06-25T11:44:00-04:00,0.9830552319401128,0.9921,0.9830552319401128,0.9921,0.9845628077186699,0.9700256820114327,0.9790904865621852,0,0,18494,18844,0,0,0,0,NaN,NaN,47.75952183710597,NaN,NaN,NaN,0.9934876373788217,0.98175719,NaN,NaN,NaN,NaN,NaN,NaN,NaN,NaN,NaN,NaN,1,0,0,0,0,NaN,NaN,47.75952183710597,NaN,NaN,NaN,0.9934876373788217,0.98175719,NaN,NaN,NaN,NaN,NaN,NaN,NaN,NaN,NaN,NaN,1
2024-06-25T11:49:00-04:00,0.9875776159700564,0.9989,0.9875776159700564,0.9989,0.987169569951639,0.9704665112937009,0.9795769677369842,0,0,18494,18845,0,0,0,0,NaN,NaN,47.2949489201522,NaN,NaN,NaN,0.9934876373788217,0.98175719,NaN,NaN,NaN,NaN,NaN,NaN,NaN,NaN,NaN,NaN,1,0,0,0,0,NaN,NaN,47.2949489201522,NaN,NaN,NaN,0.9934876373788217,0.98175719,NaN,NaN,NaN,NaN,NaN,NaN,NaN,NaN,NaN,NaN,1
2024-06-25T11:56:00-04:00,0.9932388079850283,0.9932388079850283,0.98,0.9800500000000001,0.9858751026877046,0.9706128240983772,0.9796151947234764,0,0,18494,18846,0,0,0,0,NaN,NaN,46.041279239773715,NaN,NaN,NaN,0.9934876373788217,0.98175719,NaN,NaN,NaN,NaN,NaN,NaN,NaN,NaN,NaN,NaN,1,0,0,0,0,NaN,NaN,46.041279239773715,NaN,NaN,NaN,0.9934876373788217,0.98175719,NaN,NaN,NaN,NaN,NaN,NaN,NaN,NaN,NaN,NaN,1
2024-06-25T12:16:00-04:00,0.9866444039925142,0.9866444039925142,0.98,0.98,0.984806902199031,0.9707561397609974,0.9796212226697034,0,0,18494,18847,0,0,0,0,NaN,NaN,46.2935584611767,NaN,NaN,NaN,0.9934876373788217,0.98175719,NaN,NaN,NaN,NaN,NaN,NaN,NaN,NaN,NaN,NaN,1,0,0,0,0,NaN,NaN,46.2935584611767,NaN,NaN,NaN,0.9934876373788217,0.98175719,NaN,NaN,NaN,NaN,NaN,NaN,NaN,NaN,NaN,NaN,1
2024-06-25T12:21:00-04:00,0.9833222019962571,0.9833222019962571,0.98,0.98,0.9839329199810254,0.9708972673982341,0.9796331638960619,0,0,18494,18848,0,0,0,0,NaN,NaN,46.222064696639606,NaN,NaN,NaN,0.9934876373788217,0.98175719,NaN,NaN,NaN,NaN,NaN,NaN,NaN,NaN,NaN,NaN,1,0,0,0,0,NaN,NaN,46.222064696639606,NaN,NaN,NaN,0.9934876373788217,0.98175719,NaN,NaN,NaN,NaN,NaN,NaN,NaN,NaN,NaN,NaN,1
2024-06-25T12:23:00-04:00,0.9816611009981285,0.9816611009981285,0.98,0.98,0.983217843620839,0.971036240415055,0.9797827593507072,0,0,18494,18849,0,0,0,0,NaN,NaN,46.291525162183824,NaN,NaN,NaN,0.9934876373788217,0.98175719,NaN,NaN,NaN,NaN,NaN,NaN,NaN,NaN,NaN,NaN,1,0,0,0,0,NaN,NaN,46.291525162183824,NaN,NaN,NaN,0.9934876373788217,0.98175719,NaN,NaN,NaN,NaN,NaN,NaN,NaN,NaN,NaN,NaN,1
2024-06-25T12:29:00-04:00,0.9808305504990642,0.9989,0.9808305504990642,0.9989,0.9860691447806864,0.9714616413247488,0.9802578989219585,0,0,18494,18850,0,0,0,0,NaN,NaN,47.77865407456025,NaN,NaN,NaN,0.9934876373788217,0.98175719,NaN,NaN,NaN,NaN,NaN,NaN,NaN,NaN,NaN,NaN,1,0,0,0,0,NaN,NaN,47.77865407456025,NaN,NaN,NaN,0.9934876373788217,0.98175719,NaN,NaN,NaN,NaN,NaN,NaN,NaN,NaN,NaN,NaN,1
2024-06-25T12:35:00-04:00,0.989865275249532,0.9999,0.989865275249532,0.9999,0.9885838457296525,0.9718958147396382,0.9824145210050335,0,0,18494,18851,0,0,0,0,NaN,NaN,47.67487484435376,NaN,NaN,NaN,0.9934876373788217,0.98175719,NaN,NaN,NaN,NaN,NaN,NaN,NaN,NaN,NaN,NaN,1,0,0,0,0,NaN,NaN,47.67487484435376,NaN,NaN,NaN,0.9934876373788217,0.98175719,NaN,NaN,NaN,NaN,NaN,NaN,NaN,NaN,NaN,NaN,1
2024-06-25T12:48:00-04:00,0.994882637624766,1,0.994882637624766,0.999925,0.9906458737788066,0.9723237412321628,0.9833774097145993,0,0,18494,18852,0,0,0,0,NaN,NaN,48.111156665218346,NaN,NaN,NaN,0.9934876373788217,0.98175719,NaN,NaN,NaN,NaN,NaN,NaN,NaN,NaN,NaN,NaN,1,0,0,0,0,NaN,NaN,48.111156665218346,NaN,NaN,NaN,0.9934876373788217,0.98175719,NaN,NaN,NaN,NaN,NaN,NaN,NaN,NaN,NaN,NaN,1
2024-06-25T12:49:00-04:00,0.997403818812383,1,0.997403818812383,1,0.9923466240008418,0.9727462795339619,0.9845244647063117,0,0,18494,18853,0,0,0,0,NaN,NaN,49.26858138503405,NaN,NaN,NaN,0.9934876373788217,0.98175719,NaN,NaN,NaN,NaN,NaN,NaN,NaN,NaN,NaN,NaN,1,0,0,0,0,NaN,NaN,49.26858138503405,NaN,NaN,NaN,0.9934876373788217,0.98175719,NaN,NaN,NaN,NaN,NaN,NaN,NaN,NaN,NaN,NaN,1
2024-06-25T12:51:00-04:00,0.9987019094061915,0.9987019094061915,0.98,0.9825,0.9905563287279615,0.9728951912968021,0.9842966971257665,0,0,18494,18854,0,0,0,0,NaN,NaN,48.88631446791833,NaN,NaN,NaN,0.9934876373788217,0.98175719,NaN,NaN,NaN,NaN,NaN,NaN,NaN,NaN,NaN,NaN,1,0,0,0,0,NaN,NaN,48.88631446791833,NaN,NaN,NaN,0.9934876373788217,0.98175719,NaN,NaN,NaN,NaN,NaN,NaN,NaN,NaN,NaN,NaN,1
2024-06-25T12:55:00-04:00,0.9906009547030958,0.9991,0.985,0.99205,0.9908279053228776,0.9731876311243318,0.9844925370569166,0,0,18494,18855,0,0,0,0,NaN,NaN,49.28804486822225,NaN,NaN,NaN,0.9934876373788217,0.98175719,NaN,NaN,NaN,NaN,NaN,NaN,NaN,NaN,NaN,NaN,1,0,0,0,0,NaN,NaN,49.28804486822225,NaN,NaN,NaN,0.9934876373788217,0.98175719,NaN,NaN,NaN,NaN,NaN,NaN,NaN,NaN,NaN,NaN,1
2024-06-25T12:58:00-04:00,0.9913254773515479,0.9913254773515479,0.984,0.984,0.9895864679914452,0.9733527054583115,0.9844884246994238,0,0,18494,18856,0,0,0,0,NaN,NaN,48.94705360748254,NaN,NaN,NaN,0.9934876373788217,0.98175719,NaN,NaN,NaN,NaN,NaN,NaN,NaN,NaN,NaN,NaN,1,0,0,0,0,NaN,NaN,48.94705360748254,NaN,NaN,NaN,0.9934876373788217,0.98175719,NaN,NaN,NaN,NaN,NaN,NaN,NaN,NaN,NaN,NaN,1
2024-06-25T13:32:00-04:00,0.9876627386757739,1.02,0.9876627386757739,1.02,0.9951162010839097,0.9740648778940625,0.9853702868120012,1,0,18857,18856,0,0,0,0,NaN,NaN,51.15083115850948,NaN,NaN,NaN,0.9934876373788217,0.9918469999999999,NaN,NaN,NaN,NaN,NaN,NaN,NaN,NaN,NaN,NaN,1,0,0,0,0,NaN,NaN,51.15083115850948,NaN,NaN,NaN,0.9934876373788217,0.9918469999999999,NaN,NaN,NaN,NaN,NaN,NaN,NaN,NaN,NaN,NaN,1
2024-06-25T13:46:00-04:00,1.0038313693378869,1.0038313693378869,0.984,0.9840499999999999,0.9931041645231988,0.9742173225063668,0.9853188390160406,0,0,18857,18856,0,0,0,0,NaN,NaN,50.461893141131284,NaN,NaN,NaN,0.9934876373788217,0.9918469999999999,NaN,NaN,NaN,NaN,NaN,NaN,NaN,NaN,NaN,NaN,1,0,0,0,0,NaN,NaN,50.461893141131284,NaN,NaN,NaN,0.9934876373788217,0.9918469999999999,NaN,NaN,NaN,NaN,NaN,NaN,NaN,NaN,NaN,NaN,1
2024-06-25T14:18:00-04:00,0.9939406846689434,0.9939406846689434,0.984,0.984,0.9914488618826173,0.9743666763612314,0.9853085995826862,0,0,18857,18856,0,0,0,0,NaN,NaN,49.679560872543725,NaN,NaN,NaN,0.9934876373788217,0.9918469999999999,NaN,NaN,NaN,NaN,NaN,NaN,NaN,NaN,NaN,NaN,1,0,0,0,0,NaN,NaN,49.679560872543725,NaN,NaN,NaN,0.9934876373788217,0.9918469999999999,NaN,NaN,NaN,NaN,NaN,NaN,NaN,NaN,NaN,NaN,1
2024-06-25T15:18:00-04:00,0.9889703423344717,0.9889703423344717,0.97,0.9769999999999999,0.9888217960857777,0.9744068797755637,0.9846215912417206,0,0,18857,18856,0,0,0,0,NaN,NaN,48.07678291624217,NaN,NaN,NaN,0.9934876373788217,0.9918469999999999,NaN,NaN,NaN,NaN,NaN,NaN,NaN,NaN,NaN,NaN,1,0,0,0,0,NaN,NaN,48.07678291624217,NaN,NaN,NaN,0.9934876373788217,0.9918469999999999,NaN,NaN,NaN,NaN,NaN,NaN,NaN,NaN,NaN,NaN,1
2024-06-25T15:28:00-04:00,0.9829851711672357,0.9829851711672357,0.96,0.96,0.9835814695247272,0.9741869274125781,0.9844457476046526,0,0,18857,18856,0,0,0,0,NaN,NaN,44.24064369945015,NaN,NaN,NaN,0.9934876373788217,0.9891,NaN,NaN,NaN,NaN,NaN,NaN,NaN,NaN,NaN,NaN,1,0,0,0,0,NaN,NaN,44.24064369945015,NaN,NaN,NaN,0.9934876373788217,0.9891,NaN,NaN,NaN,NaN,NaN,NaN,NaN,NaN,NaN,NaN,1
2024-06-25T15:33:00-04:00,0.9714925855836178,0.9714925855836178,0.9601,0.9601,0.9793121114293223,0.9739718598184929,0.9842748042848616,0,0,18857,18856,0,0,0,0,NaN,NaN,40.85682252198104,NaN,NaN,NaN,0.9934876373788217,0.9891,NaN,NaN,NaN,NaN,NaN,NaN,NaN,NaN,NaN,NaN,1,0,0,0,0,NaN,NaN,40.85682252198104,NaN,NaN,NaN,0.9934876373788217,0.9891,NaN,NaN,NaN,NaN,NaN,NaN,NaN,NaN,NaN,NaN,1
2024-06-25T15:37:00-04:00,0.9657962927918089,0.97,0.96,0.965025,0.9767144548058091,0.9738352665388212,0.9822555771243164,0,0,18857,18856,0,0,0,0,NaN,NaN,37.87194018625713,NaN,NaN,NaN,0.9934876373788217,0.9891,NaN,NaN,NaN,NaN,NaN,NaN,NaN,NaN,NaN,NaN,1,0,0,0,0,NaN,NaN,37.87194018625713,NaN,NaN,NaN,0.9934876373788217,0.9891,NaN,NaN,NaN,NaN,NaN,NaN,NaN,NaN,NaN,NaN,1
2024-06-25T15:48:00-04:00,0.9654106463959045,1,0.9654106463959045,1,0.9809481902956619,0.9742347281183812,0.9847713523894928,0,0,18857,18856,0,0,0,0,NaN,NaN,38.26856867447681,NaN,NaN,NaN,0.9934876373788217,0.9891,NaN,NaN,NaN,NaN,NaN,NaN,NaN,NaN,NaN,NaN,1,0,0,0,0,NaN,NaN,38.26856867447681,NaN,NaN,NaN,0.9934876373788217,0.9891,NaN,NaN,NaN,NaN,NaN,NaN,NaN,NaN,NaN,NaN,1
2024-06-25T15:54:00-04:00,0.9827053231979522,1,0.9827053231979522,1,0.9844121556964507,0.9746280910478715,0.9848530533343169,0,0,18857,18856,0,0,0,0,NaN,NaN,38.53564705781802,NaN,NaN,NaN,0.9934876373788217,0.9891,NaN,NaN,NaN,NaN,NaN,NaN,NaN,NaN,NaN,NaN,1,0,0,0,0,NaN,NaN,38.53564705781802,NaN,NaN,NaN,0.9934876373788217,0.9891,NaN,NaN,NaN,NaN,NaN,NaN,NaN,NaN,NaN,NaN,1
2024-06-26T09:30:00-04:00,0.9913526615989761,0.9913526615989761,0.98,0.98,0.9836099455698233,0.9747101049250032,0.9800000000000001,0,0,18857,18856,0,0,0,0,NaN,NaN,35.84604986889792,NaN,NaN,NaN,0.9934876373788217,0.9891,NaN,NaN,NaN,NaN,NaN,NaN,NaN,NaN,NaN,NaN,1,0,0,0,0,NaN,NaN,35.84604986889792,NaN,NaN,NaN,0.9934876373788217,0.9891,NaN,NaN,NaN,NaN,NaN,NaN,NaN,NaN,NaN,NaN,1
2024-06-26T09:45:00-04:00,0.985676330799488,0.985676330799488,0.98,0.98,0.9829535918298554,0.9747908666818734,0.98,0,0,18857,18856,0,0,0,0,NaN,NaN,33.08719246908402,NaN,NaN,NaN,0.9934876373788217,0.9891,NaN,NaN,NaN,NaN,NaN,NaN,NaN,NaN,NaN,NaN,1,0,0,0,0,NaN,NaN,33.08719246908402,NaN,NaN,NaN,0.9934876373788217,0.9891,NaN,NaN,NaN,NaN,NaN,NaN,NaN,NaN,NaN,NaN,1
2024-06-26T10:10:00-04:00,0.982838165399744,0.982838165399744,0.9801,0.9801,0.9824347569516999,0.9748719221523792,0.9800271276595743,0,0,18857,18856,0,0,0,0,NaN,NaN,30.399029743388112,NaN,NaN,NaN,0.9934876373788217,0.9891,NaN,NaN,NaN,NaN,NaN,NaN,NaN,NaN,NaN,NaN,1,0,0,0,0,NaN,NaN,30.399029743388112,NaN,NaN,NaN,0.9934876373788217,0.9891,NaN,NaN,NaN,NaN,NaN,NaN,NaN,NaN,NaN,NaN,1
2024-06-26T10:16:00-04:00,0.981469082699872,0.981469082699872,0.98,0.98,0.9819920738695727,0.9749502134172283,0.9800239436619718,0,0,18857,18856,0,0,0,0,NaN,NaN,28.241973339415672,NaN,NaN,NaN,0.9934876373788217,0.9891,NaN,NaN,NaN,NaN,NaN,NaN,NaN,NaN,NaN,NaN,1,0,0,0,0,NaN,NaN,28.241973339415672,NaN,NaN,NaN,0.9934876373788217,0.9891,NaN,NaN,NaN,NaN,NaN,NaN,NaN,NaN,NaN,NaN,1
2024-06-26T10:48:00-04:00,0.980734541349936,0.980734541349936,0.98,0.98,0.9816298786205594,0.9750273093955912,0.9800177083333332,0,0,18857,18856,0,0,0,0,NaN,NaN,26.36462723860533,NaN,NaN,NaN,0.9934876373788217,0.9891,NaN,NaN,NaN,NaN,NaN,NaN,NaN,NaN,NaN,NaN,1,0,0,0,0,NaN,NaN,26.36462723860533,NaN,NaN,NaN,0.9934876373788217,0.9891,NaN,NaN,NaN,NaN,NaN,NaN,NaN,NaN,NaN,NaN,1
2024-06-26T11:02:00-04:00,0.980367270674968,0.980367270674968,0.98,0.98,0.9813335370531849,0.9751032283361165,0.9800162939297123,0,0,18857,18856,0,0,0,0,NaN,NaN,24.465101808869065,NaN,NaN,NaN,0.9934876373788217,0.9891,NaN,NaN,NaN,NaN,NaN,NaN,NaN,NaN,NaN,NaN,1,0,0,0,0,NaN,NaN,24.465101808869065,NaN,NaN,NaN,0.9934876373788217,0.9891,NaN,NaN,NaN,NaN,NaN,NaN,NaN,NaN,NaN,NaN,1
2024-06-26T11:14:00-04:00,0.980183635337484,0.9895,0.980183635337484,0.9895,0.9828183484980604,0.9753230263767865,0.9810309557774607,1,0,18857,18856,0,0,0,0,NaN,NaN,23.058980158384575,NaN,NaN,NaN,0.9934876373788217,0.9891,NaN,NaN,NaN,NaN,NaN,NaN,NaN,NaN,NaN,NaN,1,0,0,0,0,NaN,NaN,23.058980158384575,NaN,NaN,NaN,0.9934876373788217,0.9891,NaN,NaN,NaN,NaN,NaN,NaN,NaN,NaN,NaN,NaN,1
2024-06-26T11:21:00-04:00,0.984841817668742,0.9942,0.98,0.9835750000000001,0.982955921498413,0.9754490107069119,0.981347173641474,0,0,18857,18856,0,0,0,0,NaN,NaN,20.867264081584548,NaN,NaN,NaN,0.9934876373788217,0.9891,NaN,NaN,NaN,NaN,NaN,NaN,NaN,NaN,NaN,NaN,1,0,0,0,0,NaN,NaN,20.867264081584548,NaN,NaN,NaN,0.9934876373788217,0.9891,NaN,NaN,NaN,NaN,NaN,NaN,NaN,NaN,NaN,NaN,1
2024-06-26T11:28:00-04:00,0.984208408834371,1.0099,0.984208408834371,1.00245,0.9865002994077925,0.9758612395510812,0.9903491314469912,0,0,18857,18856,0,0,0,0,NaN,NaN,20.01090967786912,NaN,NaN,NaN,0.9934876373788217,0.9891,NaN,NaN,NaN,NaN,NaN,NaN,NaN,NaN,NaN,NaN,1,0,0,0,0,NaN,NaN,20.01090967786912,NaN,NaN,NaN,0.9934876373788217,0.9891,NaN,NaN,NaN,NaN,NaN,NaN,NaN,NaN,NaN,NaN,1
2024-06-26T12:01:00-04:00,0.9933292044171855,1,0.9933292044171855,1,0.9889547904245575,0.9762297702449578,0.9905189215341308,0,0,18857,18856,0,0,0,0,NaN,NaN,19.016665047968935,NaN,NaN,NaN,0.9934876373788217,0.9891,NaN,NaN,NaN,NaN,NaN,NaN,NaN,NaN,NaN,NaN,1,0,0,0,0,NaN,NaN,19.016665047968935,NaN,NaN,NaN,0.9934876373788217,0.9891,NaN,NaN,NaN,NaN,NaN,NaN,NaN,NaN,NaN,NaN,1
2024-06-26T12:22:00-04:00,0.9966646022085928,0.9966646022085928,0.98,0.98,0.9873266467110016,0.9762873310045768,0.9903370591286306,0,0,18857,18856,0,0,0,0,NaN,NaN,16.241254281800444,NaN,NaN,NaN,0.9934876373788217,0.9891,NaN,NaN,NaN,NaN,NaN,NaN,NaN,NaN,NaN,NaN,1,0,0,0,0,NaN,NaN,16.241254281800444,NaN,NaN,NaN,0.9934876373788217,0.9891,NaN,NaN,NaN,NaN,NaN,NaN,NaN,NaN,NaN,NaN,1
2024-06-26T12:24:00-04:00,0.9883323011042964,0.9883323011042964,0.9801,0.9801,0.9860127109453649,0.9763455396915298,0.9896748948900387,0,0,18857,18856,0,0,0,0,NaN,NaN,13.533214870379354,NaN,NaN,NaN,0.9934876373788217,0.9891,NaN,NaN,NaN,NaN,NaN,NaN,NaN,NaN,NaN,NaN,1,0,0,0,0,NaN,NaN,13.533214870379354,NaN,NaN,NaN,0.9934876373788217,0.9891,NaN,NaN,NaN,NaN,NaN,NaN,NaN,NaN,NaN,NaN,1
2024-06-26T13:02:00-04:00,0.9842161505521482,1.01,0.9842161505521482,1.01,0.9903740362280259,0.9768593482458576,0.9956909779143897,1,0,18857,18856,0,0,0,0,NaN,NaN,12.88087277745281,NaN,NaN,NaN,0.9934876373788217,0.9891,NaN,NaN,NaN,NaN,NaN,NaN,NaN,NaN,NaN,NaN,1,0,0,0,0,NaN,NaN,12.88087277745281,NaN,NaN,NaN,0.9934876373788217,0.9891,NaN,NaN,NaN,NaN,NaN,NaN,NaN,NaN,NaN,NaN,1
2024-06-26T13:26:00-04:00,0.9971080752760741,0.9971080752760741,0.98,0.98,0.9884878478229303,0.9769072971276003,0.9953673263463036,0,0,18857,18856,0,0,0,0,NaN,NaN,10.10939855743182,NaN,NaN,NaN,0.9934876373788217,0.9891,NaN,NaN,NaN,NaN,NaN,NaN,NaN,NaN,NaN,NaN,1,0,0,0,0,NaN,NaN,10.10939855743182,NaN,NaN,NaN,0.9934876373788217,0.9891,NaN,NaN,NaN,NaN,NaN,NaN,NaN,NaN,NaN,NaN,1
2024-06-26T13:29:00-04:00,0.9885540376380371,0.9885540376380371,0.9852,0.9852,0.9878900573096703,0.977033903278324,0.9952552155695223,0,0,18857,18856,0,0,0,0,NaN,NaN,7.457661796548572,NaN,NaN,NaN,0.9934876373788217,0.9891,NaN,NaN,NaN,NaN,NaN,NaN,NaN,NaN,NaN,NaN,1,0,0,0,0,NaN,NaN,7.457661796548572,NaN,NaN,NaN,0.9934876373788217,0.9891,NaN,NaN,NaN,NaN,NaN,NaN,NaN,NaN,NaN,NaN,1
2024-06-26T14:03:00-04:00,0.9868770188190186,0.995,0.9868770188190186,0.995,0.9891827741624575,0.9773081948313267,0.9952294132223211,0,0,18857,18856,0,0,0,0,NaN,NaN,5.4971904688771245,NaN,NaN,NaN,0.9934876373788217,0.9891,NaN,NaN,NaN,NaN,NaN,NaN,NaN,NaN,NaN,NaN,1,0,0,0,0,NaN,NaN,5.4971904688771245,NaN,NaN,NaN,0.9934876373788217,0.9891,NaN,NaN,NaN,NaN,NaN,NaN,NaN,NaN,NaN,NaN,1
2024-06-26T14:09:00-04:00,0.9909385094095093,0.9909385094095093,0.98,0.98,0.9875131788601925,0.9773492910934438,0.994467942561205,0,0,18857,18856,0,0,0,0,NaN,NaN,2.9286135519931085,NaN,NaN,NaN,0.9934876373788217,0.9891,NaN,NaN,NaN,NaN,NaN,NaN,NaN,NaN,NaN,NaN,1,0,0,0,0,NaN,NaN,2.9286135519931085,NaN,NaN,NaN,0.9934876373788217,0.9891,NaN,NaN,NaN,NaN,NaN,NaN,NaN,NaN,NaN,NaN,1
2024-06-26T14:12:00-04:00,0.9854692547047547,0.9854692547047547,0.98,0.98,0.9861471463401575,0.9773897599317118,0.992151973267953,0,0,18857,18856,0,0,0,0,NaN,NaN,0.9728191420751372,NaN,NaN,NaN,0.9934876373788217,0.9891,NaN,NaN,NaN,NaN,NaN,NaN,NaN,NaN,NaN,NaN,1,0,0,0,0,NaN,NaN,0.9728191420751372,NaN,NaN,NaN,0.9934876373788217,0.9891,NaN,NaN,NaN,NaN,NaN,NaN,NaN,NaN,NaN,NaN,1
2024-06-26T14:14:00-04:00,0.9827346273523774,0.995,0.9827346273523774,0.995,0.9877567560964925,0.9776586185587086,0.9923645747950818,0,0,18857,18856,0,0,0,0,NaN,NaN,0.13857510809847848,NaN,NaN,NaN,0.9934876373788217,0.9891,NaN,NaN,NaN,NaN,NaN,NaN,NaN,NaN,NaN,NaN,1,0,0,0,0,NaN,NaN,0.13857510809847848,NaN,NaN,NaN,0.9934876373788217,0.9891,NaN,NaN,NaN,NaN,NaN,NaN,NaN,NaN,NaN,NaN,1
2024-06-26T14:42:00-04:00,0.9888673136761887,0.9888673136761887,0.98,0.98,0.9863464368062211,0.9776943648402551,0.9921862052798612,0,0,18857,18856,0,0,0,0,NaN,NaN,0.0605979489541109,NaN,NaN,NaN,0.9934876373788217,0.9891,NaN,NaN,NaN,NaN,NaN,NaN,NaN,NaN,NaN,NaN,1,0,0,0,0,NaN,NaN,0.0605979489541109,NaN,NaN,NaN,0.9934876373788217,0.9891,NaN,NaN,NaN,NaN,NaN,NaN,NaN,NaN,NaN,NaN,1
2024-06-26T15:23:00-04:00,0.9844336568380944,1.01,0.9844336568380944,1.01,0.9906470846596355,0.9781875806442206,0.9923137747063876,1,0,18857,18856,0,0,0,0,NaN,NaN,0.4968016957581743,NaN,NaN,NaN,0.9934876373788217,0.9891,NaN,NaN,NaN,NaN,NaN,NaN,NaN,NaN,NaN,NaN,1,0,0,0,0,NaN,NaN,0.4968016957581743,NaN,NaN,NaN,0.9934876373788217,0.9891,NaN,NaN,NaN,NaN,NaN,NaN,NaN,NaN,NaN,NaN,1
2024-06-26T15:45:00-04:00,0.9972168284190472,0.998,0.9961,0.99715,0.9918294329033381,0.9784770832298051,0.9943870080189836,0,0,18857,18856,0,0,0,0,NaN,NaN,1.8079832400857476,NaN,NaN,NaN,0.9934876373788217,0.9891,NaN,NaN,NaN,NaN,NaN,NaN,NaN,NaN,NaN,NaN,1,0,0,0,0,NaN,NaN,1.8079832400857476,NaN,NaN,NaN,0.9934876373788217,0.9891,NaN,NaN,NaN,NaN,NaN,NaN,NaN,NaN,NaN,NaN,1
2024-06-26T15:46:00-04:00,0.9971834142095236,0.9971834142095236,0.9807,0.9807,0.9898058996481858,0.9785110208904187,0.9941126313046266,0,0,18857,18856,0,0,0,0,NaN,NaN,3.264971697811682,NaN,NaN,NaN,0.9934876373788217,0.9891,NaN,NaN,NaN,NaN,NaN,NaN,NaN,NaN,NaN,NaN,1,0,0,0,0,NaN,NaN,3.264971697811682,NaN,NaN,NaN,0.9934876373788217,0.9891,NaN,NaN,NaN,NaN,NaN,NaN,NaN,NaN,NaN,NaN,1
2024-06-26T15:55:00-04:00,0.9889417071047618,1.005,0.9889417071047618,1.005,0.9925684633485156,0.9789154327852215,0.9942844783363585,1,0,18857,18856,0,0,0,0,NaN,NaN,1.9191777423511858,NaN,NaN,NaN,0.9934876373788217,0.9891,NaN,NaN,NaN,NaN,NaN,NaN,NaN,NaN,NaN,NaN,1,0,0,0,0,NaN,NaN,1.9191777423511858,NaN,NaN,NaN,0.9934876373788217,0.9891,NaN,NaN,NaN,NaN,NaN,NaN,NaN,NaN,NaN,NaN,1
2024-06-26T15:56:00-04:00,0.9969708535523809,1.0002,0.9969708535523809,1.0002,0.9939560154669673,0.9792403880098747,0.9944078993122633,0,0,18857,18856,0,0,0,0,NaN,NaN,0.934491238018131,NaN,NaN,NaN,0.9934876373788217,0.9891,NaN,NaN,NaN,NaN,NaN,NaN,NaN,NaN,NaN,NaN,1,0,0,0,0,NaN,NaN,0.934491238018131,NaN,NaN,NaN,0.9934876373788217,0.9891,NaN,NaN,NaN,NaN,NaN,NaN,NaN,NaN,NaN,NaN,1
2024-06-26T15:57:00-04:00,0.9985854267761904,1.005,0.9985854267761904,1.005,0.9959640126547914,0.9796336645288078,0.9944486663844199,0,0,18857,18856,0,0,0,0,NaN,NaN,0.1677836770578287,NaN,NaN,NaN,0.9934876373788217,0.9891,NaN,NaN,NaN,NaN,NaN,NaN,NaN,NaN,NaN,NaN,1,0,0,0,0,NaN,NaN,0.1677836770578287,NaN,NaN,NaN,0.9934876373788217,0.9891,NaN,NaN,NaN,NaN,NaN,NaN,NaN,NaN,NaN,NaN,1
2024-06-26T15:58:00-04:00,1.0017927133880953,1.01,1.0017927133880953,1.0062499999999999,0.997834192172102,0.9800400207955436,0.9952792228702279,0,0,18857,18856,0,0,0,0,NaN,NaN,0.10355890998040725,NaN,NaN,NaN,0.9934876373788217,0.9891,NaN,NaN,NaN,NaN,NaN,NaN,NaN,NaN,NaN,NaN,1,0,0,0,0,NaN,NaN,0.10355890998040725,NaN,NaN,NaN,0.9934876373788217,0.9891,NaN,NaN,NaN,NaN,NaN,NaN,NaN,NaN,NaN,NaN,1
2024-06-26T16:00:00-04:00,1.0040213566940475,1.0040213566940475,1,1,0.998227975413538,0.9803447533024819,0.9953260476814623,0,0,18857,18856,0,0,0,0,NaN,NaN,0.5695623924079315,NaN,NaN,NaN,0.9934876373788217,0.9891,NaN,NaN,NaN,NaN,NaN,NaN,NaN,NaN,NaN,NaN,1,0,0,0,0,NaN,NaN,0.5695623924079315,NaN,NaN,NaN,0.9934876373788217,0.9891,NaN,NaN,NaN,NaN,NaN,NaN,NaN,NaN,NaN,NaN,1
2024-06-27T09:00:00-04:00,1.0020106783470237,1.0020106783470237,0.9516,0.9516,0.9897501617019857,0.9799059021070242,0.9516,0,0,18857,18856,0,0,0,0,NaN,NaN,0.11138686410737857,NaN,NaN,NaN,0.9934876373788217,0.9839009999999999,NaN,NaN,NaN,NaN,NaN,NaN,NaN,NaN,NaN,NaN,1,0,0,0,0,NaN,NaN,0.11138686410737857,NaN,NaN,NaN,0.9934876373788217,0.9839009999999999,NaN,NaN,NaN,NaN,NaN,NaN,NaN,NaN,NaN,NaN,1
2024-06-27T09:15:00-04:00,0.9768053391735119,0.9991,0.9591,0.9791,0.987813768665261,0.979893598258062,0.9737078431372549,0,0,18857,18856,0,0,0,0,NaN,NaN,0.1613014686215812,NaN,NaN,NaN,0.9934876373788217,0.9839009999999999,NaN,NaN,NaN,NaN,NaN,NaN,NaN,NaN,NaN,NaN,1,0,0,0,0,NaN,NaN,0.1613014686215812,NaN,NaN,NaN,0.9934876373788217,0.9839009999999999,NaN,NaN,NaN,NaN,NaN,NaN,NaN,NaN,NaN,NaN,1
2024-06-27T09:28:00-04:00,0.977952669586756,0.977952669586756,0.95,0.95,0.9809385379988499,0.9794372074449618,0.9698213114754098,0,1,18857,18856,0,0,0,0,NaN,NaN,0.03869161440883387,NaN,NaN,NaN,0.9934876373788217,0.9811149399999999,NaN,NaN,NaN,NaN,NaN,NaN,NaN,NaN,NaN,NaN,1,0,0,0,0,NaN,NaN,0.03869161440883387,NaN,NaN,NaN,0.9934876373788217,0.9811149399999999,NaN,NaN,NaN,NaN,NaN,NaN,NaN,NaN,NaN,NaN,1
2024-06-27T09:30:00-04:00,0.963976334793378,1,0.963976334793378,1,0.9844042583626954,0.9797511432091608,0.9721413438256659,0,0,18857,18897,0,0,0,0,NaN,NaN,0.6974082038911977,NaN,NaN,NaN,0.9934876373788217,0.9811149399999999,NaN,NaN,NaN,NaN,NaN,NaN,NaN,NaN,NaN,NaN,1,0,0,0,0,NaN,NaN,0.6974082038911977,NaN,NaN,NaN,0.9934876373788217,0.9811149399999999,NaN,NaN,NaN,NaN,NaN,NaN,NaN,NaN,NaN,NaN,1
2024-06-27T09:59:00-04:00,0.981988167396689,0.9861,0.981988167396689,0.9861,0.9847125750240235,0.9798480723204713,0.9736688948787062,0,0,18857,18898,0,0,0,0,NaN,NaN,2.159489143008977,NaN,NaN,NaN,0.9934876373788217,0.9811149399999999,NaN,NaN,NaN,NaN,NaN,NaN,NaN,NaN,NaN,NaN,1,0,0,0,0,NaN,NaN,2.159489143008977,NaN,NaN,NaN,0.9934876373788217,0.9811149399999999,NaN,NaN,NaN,NaN,NaN,NaN,NaN,NaN,NaN,NaN,1
2024-06-27T10:17:00-04:00,0.9840440836983445,0.9861,0.9840440836983445,0.9861,0.9849648341105647,0.9799435215980213,0.9738342021276595,0,0,18857,18899,0,0,0,0,NaN,NaN,3.019095216416118,NaN,NaN,NaN,0.9934876373788217,0.9811149399999999,NaN,NaN,NaN,NaN,NaN,NaN,NaN,NaN,NaN,NaN,1,0,0,0,0,NaN,NaN,3.019095216416118,NaN,NaN,NaN,0.9934876373788217,0.9811149399999999,NaN,NaN,NaN,NaN,NaN,NaN,NaN,NaN,NaN,NaN,1
2024-06-27T10:20:00-04:00,0.9850720418491723,0.9862,0.9850720418491723,0.9862,0.9851894097268257,0.98003904035225,0.97528558685446,0,0,18857,18900,0,0,0,0,NaN,NaN,4.076428590491118,NaN,NaN,NaN,0.9934876373788217,0.9811149399999999,NaN,NaN,NaN,NaN,NaN,NaN,NaN,NaN,NaN,NaN,1,0,0,0,0,NaN,NaN,4.076428590491118,NaN,NaN,NaN,0.9934876373788217,0.9811149399999999,NaN,NaN,NaN,NaN,NaN,NaN,NaN,NaN,NaN,NaN,1
2024-06-27T10:33:00-04:00,0.9856360209245861,0.9901,0.98,0.98685,0.9854913352310392,0.9801430244690095,0.9800266759002769,0,0,18857,18901,0,0,0,0,NaN,NaN,3.3675126494897225,NaN,NaN,NaN,0.9934876373788217,0.9811149399999999,NaN,NaN,NaN,NaN,NaN,NaN,NaN,NaN,NaN,NaN,1,0,0,0,0,NaN,NaN,3.3675126494897225,NaN,NaN,NaN,0.9934876373788217,0.9811149399999999,NaN,NaN,NaN,NaN,NaN,NaN,NaN,NaN,NaN,NaN,1
2024-06-27T10:37:00-04:00,0.986243010462293,0.986243010462293,0.9557,0.9578500000000001,0.9804656379163048,0.9798026729503987,0.9725462459843965,0,1,18857,18902,0,0,0,0,NaN,NaN,0.7345202229326282,NaN,NaN,NaN,0.9934876373788217,0.9811149399999999,NaN,NaN,NaN,NaN,NaN,NaN,NaN,NaN,NaN,NaN,1,0,0,0,0,NaN,NaN,0.7345202229326282,NaN,NaN,NaN,0.9934876373788217,0.9811149399999999,NaN,NaN,NaN,NaN,NaN,NaN,NaN,NaN,NaN,NaN,1
2024-06-27T10:38:00-04:00,0.9720465052311466,0.9720465052311466,0.9557,0.9557,0.9759627946587949,0.979434693210698,0.9711423330949476,0,0,18857,18903,0,0,0,0,NaN,NaN,0.012580301513165238,NaN,NaN,NaN,0.9934876373788217,0.9811149399999999,NaN,NaN,NaN,NaN,NaN,NaN,NaN,NaN,NaN,NaN,1,0,0,0,0,NaN,NaN,0.012580301513165238,NaN,NaN,NaN,0.9934876373788217,0.9811149399999999,NaN,NaN,NaN,NaN,NaN,NaN,NaN,NaN,NaN,NaN,1
2024-06-27T10:55:00-04:00,0.9638732526155733,0.9828,0.9638732526155733,0.9828,0.9772059229026504,0.9794860719403057,0.9715862415021042,0,0,18857,18904,0,0,0,0,NaN,NaN,0.0010387849588874524,NaN,NaN,NaN,0.9934876373788217,0.9811149399999999,NaN,NaN,NaN,NaN,NaN,NaN,NaN,NaN,NaN,NaN,1,0,0,0,0,NaN,NaN,0.0010387849588874524,NaN,NaN,NaN,0.9934876373788217,0.9811149399999999,NaN,NaN,NaN,NaN,NaN,NaN,NaN,NaN,NaN,NaN,1
2024-06-27T10:58:00-04:00,0.9733366263077867,0.983,0.9733366263077867,0.983,0.9782593914658049,0.9795397196969422,0.9716505391920166,0,0,18857,18905,0,0,0,0,NaN,NaN,0.03055282064612222,NaN,NaN,NaN,0.9934876373788217,0.9811149399999999,NaN,NaN,NaN,NaN,NaN,NaN,NaN,NaN,NaN,NaN,1,0,0,0,0,NaN,NaN,0.03055282064612222,NaN,NaN,NaN,0.9934876373788217,0.9811149399999999,NaN,NaN,NaN,NaN,NaN,NaN,NaN,NaN,NaN,NaN,1
2024-06-27T11:47:00-04:00,0.9781683131538934,0.988,0.9781683131538934,0.988,0.9800304111992949,0.9796688842817217,0.9717810633881525,0,0,18857,18906,0,0,0,0,NaN,NaN,0.18701588814680864,NaN,NaN,NaN,0.9934876373788217,0.9811149399999999,NaN,NaN,NaN,NaN,NaN,NaN,NaN,NaN,NaN,NaN,1,0,0,0,0,NaN,NaN,0.18701588814680864,NaN,NaN,NaN,0.9934876373788217,0.9811149399999999,NaN,NaN,NaN,NaN,NaN,NaN,NaN,NaN,NaN,NaN,1
2024-06-27T12:51:00-04:00,0.9830841565769467,0.986,0.9830841565769467,0.986,0.9811157909812412,0.9797655425369626,0.9719215556082521,0,0,18857,18907,0,0,0,0,NaN,NaN,0.28666218011774947,NaN,NaN,NaN,0.9934876373788217,0.9811149399999999,NaN,NaN,NaN,NaN,NaN,NaN,NaN,NaN,NaN,NaN,1,0,0,0,0,NaN,NaN,0.28666218011774947,NaN,NaN,NaN,0.9934876373788217,0.9811149399999999,NaN,NaN,NaN,NaN,NaN,NaN,NaN,NaN,NaN,NaN,1
2024-06-27T13:29:00-04:00,0.9845420782884733,0.9845420782884733,0.96,0.96,0.9772765562573792,0.9794637785287647,0.9718280605442708,0,1,18857,18908,0,0,0,0,NaN,NaN,1.148595702322348,NaN,NaN,NaN,0.9934876373788217,0.9811149399999999,NaN,NaN,NaN,NaN,NaN,NaN,NaN,NaN,NaN,NaN,1,0,0,0,0,NaN,NaN,1.148595702322348,NaN,NaN,NaN,0.9934876373788217,0.9811149399999999,NaN,NaN,NaN,NaN,NaN,NaN,NaN,NaN,NaN,NaN,1
2024-06-27T13:36:00-04:00,0.9722710391442366,0.9722710391442366,0.965251,0.965251,0.9750900914833103,0.9792467895435927,0.9718023709085226,0,0,18857,18909,0,0,0,0,NaN,NaN,2.2504927189162025,NaN,NaN,NaN,0.9934876373788217,0.9811149399999999,NaN,NaN,NaN,NaN,NaN,NaN,NaN,NaN,NaN,NaN,1,0,0,0,0,NaN,NaN,2.2504927189162025,NaN,NaN,NaN,0.9934876373788217,0.9811149399999999,NaN,NaN,NaN,NaN,NaN,NaN,NaN,NaN,NaN,NaN,1
2024-06-27T14:07:00-04:00,0.9687610195721184,0.9687610195721184,0.9601,0.9601,0.9723646203045265,0.9789544721459805,0.9712813435342413,0,0,18857,18910,0,0,0,0,NaN,NaN,3.686677528458087,NaN,NaN,NaN,0.9934876373788217,0.9811149399999999,NaN,NaN,NaN,NaN,NaN,NaN,NaN,NaN,NaN,NaN,1,0,0,0,0,NaN,NaN,3.686677528458087,NaN,NaN,NaN,0.9934876373788217,0.9811149399999999,NaN,NaN,NaN,NaN,NaN,NaN,NaN,NaN,NaN,NaN,1
2024-06-27T14:21:00-04:00,0.9644305097860592,0.985,0.9644305097860592,0.985,0.9746619620673399,0.9790467702811564,0.9734368858131487,0,0,18857,18911,0,0,0,0,NaN,NaN,4.0426977200371095,NaN,NaN,NaN,0.9934876373788217,0.9811149399999999,NaN,NaN,NaN,NaN,NaN,NaN,NaN,NaN,NaN,NaN,1,0,0,0,0,NaN,NaN,4.0426977200371095,NaN,NaN,NaN,0.9934876373788217,0.9811149399999999,NaN,NaN,NaN,NaN,NaN,NaN,NaN,NaN,NaN,NaN,1
2024-06-27T14:55:00-04:00,0.9747152548930296,0.9747152548930296,0.97,0.97,0.9738143326005508,0.9789086516509097,0.9734153985620505,0,0,18857,18912,0,0,0,0,NaN,NaN,4.688360315288527,NaN,NaN,NaN,0.9934876373788217,0.9811149399999999,NaN,NaN,NaN,NaN,NaN,NaN,NaN,NaN,NaN,NaN,1,0,0,0,0,NaN,NaN,4.688360315288527,NaN,NaN,NaN,0.9934876373788217,0.9811149399999999,NaN,NaN,NaN,NaN,NaN,NaN,NaN,NaN,NaN,NaN,1
2024-06-27T14:56:00-04:00,0.9723576274465148,0.9723576274465148,0.97,0.97,0.9731208175822689,0.9787726417020408,0.9733223438545276,0,0,18857,18913,0,0,0,0,NaN,NaN,6.12743663344829,NaN,NaN,NaN,0.9934876373788217,0.9811149399999999,NaN,NaN,NaN,NaN,NaN,NaN,NaN,NaN,NaN,NaN,1,0,0,0,0,NaN,NaN,6.12743663344829,NaN,NaN,NaN,0.9934876373788217,0.9811149399999999,NaN,NaN,NaN,NaN,NaN,NaN,NaN,NaN,NaN,NaN,1
2024-06-27T15:05:00-04:00,0.9711788137232573,0.9711788137232573,0.97,0.97,0.9725533962036745,0.9786387082409409,0.9733047578718126,0,0,18857,18914,0,0,0,0,NaN,NaN,6.876043312911909,NaN,NaN,NaN,0.9934876373788217,0.9811149399999999,NaN,NaN,NaN,NaN,NaN,NaN,NaN,NaN,NaN,NaN,1,0,0,0,0,NaN,NaN,6.876043312911909,NaN,NaN,NaN,0.9934876373788217,0.9811149399999999,NaN,NaN,NaN,NaN,NaN,NaN,NaN,NaN,NaN,NaN,1
2024-06-27T15:15:00-04:00,0.9705894068616286,0.9705894068616286,0.97,0.97,0.972089142348461,0.9785068195655067,0.9732947920750278,0,0,18857,18915,0,0,0,0,NaN,NaN,8.491054584193929,NaN,NaN,NaN,0.9934876373788217,0.9811149399999999,NaN,NaN,NaN,NaN,NaN,NaN,NaN,NaN,NaN,NaN,1,0,0,0,0,NaN,NaN,8.491054584193929,NaN,NaN,NaN,0.9934876373788217,0.9811149399999999,NaN,NaN,NaN,NaN,NaN,NaN,NaN,NaN,NaN,NaN,1
2024-06-27T15:29:00-04:00,0.9702947034308143,0.9702947034308143,0.97,0.97,0.9717092982851044,0.9783769444576363,0.9732652520845162,0,0,18857,18916,0,0,0,0,NaN,NaN,9.021825356343527,NaN,NaN,NaN,0.9934876373788217,0.9811149399999999,NaN,NaN,NaN,NaN,NaN,NaN,NaN,NaN,NaN,NaN,1,0,0,0,0,NaN,NaN,9.021825356343527,NaN,NaN,NaN,0.9934876373788217,0.9811149399999999,NaN,NaN,NaN,NaN,NaN,NaN,NaN,NaN,NaN,NaN,1
2024-06-27T15:30:00-04:00,0.9701473517154071,0.985,0.97,0.9768749999999999,0.9726485167787218,0.9783540140079015,0.9741310536359298,0,0,18857,18917,0,0,0,0,NaN,NaN,8.350147980061061,NaN,NaN,NaN,0.9934876373788217,0.9811149399999999,NaN,NaN,NaN,NaN,NaN,NaN,NaN,NaN,NaN,NaN,1,0,0,0,0,NaN,NaN,8.350147980061061,NaN,NaN,NaN,0.9934876373788217,0.9811149399999999,NaN,NaN,NaN,NaN,NaN,NaN,NaN,NaN,NaN,NaN,1
2024-06-27T15:34:00-04:00,0.9735111758577035,0.976,0.9735111758577035,0.976,0.9732578773644087,0.9783180748627427,0.9741395067731063,0,0,18857,18918,0,0,0,0,NaN,NaN,9.43423457522101,NaN,NaN,NaN,0.9934876373788217,0.9811149399999999,NaN,NaN,NaN,NaN,NaN,NaN,NaN,NaN,NaN,NaN,1,0,0,0,0,NaN,NaN,9.43423457522101,NaN,NaN,NaN,0.9934876373788217,0.9811149399999999,NaN,NaN,NaN,NaN,NaN,NaN,NaN,NaN,NaN,NaN,1
2024-06-27T15:36:00-04:00,0.9747555879288518,1.01,0.9747555879288518,0.995125,0.9772337178436071,0.9785746691396474,0.9758731686064602,0,0,18857,18919,0,0,0,0,NaN,NaN,8.627274578159906,NaN,NaN,NaN,0.9934876373788217,0.9811149399999999,NaN,NaN,NaN,NaN,NaN,NaN,NaN,NaN,NaN,NaN,1,0,0,0,0,NaN,NaN,8.627274578159906,NaN,NaN,NaN,0.9934876373788217,0.9811149399999999,NaN,NaN,NaN,NaN,NaN,NaN,NaN,NaN,NaN,NaN,1
2024-06-27T15:41:00-04:00,0.9849402939644258,1,0.9849402939644258,1,0.9813730418720422,0.9789017734275918,0.9759728641970206,0,0,18857,18920,0,0,0,0,NaN,NaN,7.408956784548979,NaN,NaN,NaN,0.9934876373788217,0.9811149399999999,NaN,NaN,NaN,NaN,NaN,NaN,NaN,NaN,NaN,NaN,1,0,0,0,0,NaN,NaN,7.408956784548979,NaN,NaN,NaN,0.9934876373788217,0.9811149399999999,NaN,NaN,NaN,NaN,NaN,NaN,NaN,NaN,NaN,NaN,1
2024-06-27T15:42:00-04:00,0.9924701469822129,1.0064,0.9924701469822129,1.0032,0.9853415797134891,0.9792727387187736,0.9761960328681787,0,0,18857,18921,0,0,0,0,NaN,NaN,6.055313207356951,NaN,NaN,NaN,0.9934876373788217,0.9811149399999999,NaN,NaN,NaN,NaN,NaN,NaN,NaN,NaN,NaN,NaN,1,0,0,0,0,NaN,NaN,6.055313207356951,NaN,NaN,NaN,0.9934876373788217,0.9811149399999999,NaN,NaN,NaN,NaN,NaN,NaN,NaN,NaN,NaN,NaN,1
2024-06-27T15:45:00-04:00,0.9978350734911066,1,0.9978350734911066,1,0.9880067470383093,0.9795891854558916,0.9762447107421114,0,0,18857,18922,0,0,0,0,NaN,NaN,3.9201002247868417,NaN,NaN,NaN,0.9934876373788217,0.9811149399999999,NaN,NaN,NaN,NaN,NaN,NaN,NaN,NaN,NaN,NaN,1,0,0,0,0,NaN,NaN,3.9201002247868417,NaN,NaN,NaN,0.9934876373788217,0.9811149399999999,NaN,NaN,NaN,NaN,NaN,NaN,NaN,NaN,NaN,NaN,1
2024-06-27T15:49:00-04:00,0.9989175367455533,1,0.9918,0.9959,0.9894418839404349,0.9798382055252672,0.9784017149411056,0,0,18857,18923,0,0,0,0,NaN,NaN,2.4201132585361993,NaN,NaN,NaN,0.9934876373788217,0.9811149399999999,NaN,NaN,NaN,NaN,NaN,NaN,NaN,NaN,NaN,NaN,1,0,0,0,0,NaN,NaN,2.4201132585361993,NaN,NaN,NaN,0.9934876373788217,0.9811149399999999,NaN,NaN,NaN,NaN,NaN,NaN,NaN,NaN,NaN,NaN,1
2024-06-27T15:51:00-04:00,0.9974087683727766,1.0035,0.9974087683727766,1.00175,0.9916797232239921,0.9801727367386219,0.9786631437777895,0,0,18857,18924,0,0,0,0,NaN,NaN,1.0571307571570072,NaN,NaN,NaN,0.9934876373788217,0.9811149399999999,NaN,NaN,NaN,NaN,NaN,NaN,NaN,NaN,NaN,NaN,1,0,0,0,0,NaN,NaN,1.0571307571570072,NaN,NaN,NaN,0.9934876373788217,0.9811149399999999,NaN,NaN,NaN,NaN,NaN,NaN,NaN,NaN,NaN,NaN,1
2024-06-27T15:52:00-04:00,0.9995793841863883,1.01,0.9995793841863883,1.01,0.9950106826378118,0.9806281148036812,0.9787194533790945,0,0,18857,18925,0,0,0,0,NaN,NaN,0.13554544192733498,NaN,NaN,NaN,0.9934876373788217,0.9811149399999999,NaN,NaN,NaN,NaN,NaN,NaN,NaN,NaN,NaN,NaN,1,0,0,0,0,NaN,NaN,0.13554544192733498,NaN,NaN,NaN,0.9934876373788217,0.9811149399999999,NaN,NaN,NaN,NaN,NaN,NaN,NaN,NaN,NaN,NaN,1
2024-06-27T15:56:00-04:00,1.004789692093194,1.004789692093194,1,1,0.9959178312491187,0.980923868776144,0.9787873022980885,0,0,18857,18926,0,0,0,0,NaN,NaN,0.025919729312071992,NaN,NaN,NaN,0.9934876373788217,0.9811149399999999,NaN,NaN,NaN,NaN,NaN,NaN,NaN,NaN,NaN,NaN,1,0,0,0,0,NaN,NaN,0.025919729312071992,NaN,NaN,NaN,0.9934876373788217,0.9811149399999999,NaN,NaN,NaN,NaN,NaN,NaN,NaN,NaN,NaN,NaN,1
2024-06-27T15:57:00-04:00,1.002394846046597,1.002394846046597,1,1,0.996660043749279,0.981215107420783,0.9788252302025781,0,0,18857,18927,0,0,0,0,NaN,NaN,0.03506055094904355,NaN,NaN,NaN,0.9934876373788217,0.9811149399999999,NaN,NaN,NaN,NaN,NaN,NaN,NaN,NaN,NaN,NaN,1,0,0,0,0,NaN,NaN,0.03506055094904355,NaN,NaN,NaN,0.9934876373788217,0.9811149399999999,NaN,NaN,NaN,NaN,NaN,NaN,NaN,NaN,NaN,NaN,1
2024-06-27T15:58:00-04:00,1.0011974230232985,1.0011974230232985,1,1,0.9972673085221373,0.9815018996739008,0.9789382044852298,0,0,18857,18928,0,0,0,0,NaN,NaN,0.1607894643507463,NaN,NaN,NaN,0.9934876373788217,0.9811149399999999,NaN,NaN,NaN,NaN,NaN,NaN,NaN,NaN,NaN,NaN,1,0,0,0,0,NaN,NaN,0.1607894643507463,NaN,NaN,NaN,0.9934876373788217,0.9811149399999999,NaN,NaN,NaN,NaN,NaN,NaN,NaN,NaN,NaN,NaN,1
2024-06-27T15:59:00-04:00,1.0005987115116493,1.01,0.985,1.0007249999999999,0.9978959796999305,0.9817953821216275,0.9810052548975418,0,0,18857,18929,0,0,0,0,NaN,NaN,1.4937376493260457,NaN,NaN,NaN,0.9934876373788217,0.9811149399999999,NaN,NaN,NaN,NaN,NaN,NaN,NaN,NaN,NaN,NaN,1,0,0,0,0,NaN,NaN,1.4937376493260457,NaN,NaN,NaN,0.9934876373788217,0.9811149399999999,NaN,NaN,NaN,NaN,NaN,NaN,NaN,NaN,NaN,NaN,1
2024-06-27T16:00:00-04:00,1.0006618557558244,1.0006618557558244,0.9988,0.9988,0.9980603470272159,0.9820549946083202,0.9810521079840093,0,0,18857,18930,0,0,0,0,NaN,NaN,2.0124812772466467,NaN,NaN,NaN,0.9934876373788217,0.9811149399999999,NaN,NaN,NaN,NaN,NaN,NaN,NaN,NaN,NaN,NaN,1,0,0,0,0,NaN,NaN,2.0124812772466467,NaN,NaN,NaN,0.9934876373788217,0.9811149399999999,NaN,NaN,NaN,NaN,NaN,NaN,NaN,NaN,NaN,NaN,1
2024-06-27T18:00:00-04:00,0.9997309278779123,1.03,0.9997309278779123,1.03,1.0038675566586313,0.9827869794234604,0.9825749008353164,1,0,18931,18930,0,0,0,0,NaN,NaN,3.951425622561789,NaN,NaN,NaN,0.9934876373788217,0.9936,NaN,NaN,NaN,NaN,NaN,NaN,NaN,NaN,NaN,NaN,1,0,0,0,0,NaN,NaN,3.951425622561789,NaN,NaN,NaN,0.9934876373788217,0.9936,NaN,NaN,NaN,NaN,NaN,NaN,NaN,NaN,NaN,NaN,1
2024-06-27T19:34:00-04:00,1.014865463938956,1.014865463938956,0.9531,0.9531,0.9946370918116074,0.9823337430963847,0.9824834873695472,0,1,18931,18930,0,0,0,1,NaN,NaN,1.7827431932138988,NaN,NaN,NaN,0.9934876373788217,0.9903964999999999,NaN,NaN,NaN,NaN,NaN,NaN,NaN,NaN,NaN,NaN,1,0,0,0,1,NaN,NaN,1.7827431932138988,NaN,NaN,NaN,0.9934876373788217,0.9903964999999999,NaN,NaN,NaN,NaN,NaN,NaN,NaN,NaN,NaN,NaN,1
2024-06-27T19:37:00-04:00,0.983982731969478,0.983982731969478,0.9531,0.9532,0.9871030751185879,0.9818889531254474,0.9823029674665186,0,0,18931,18933,0,0,0,0,NaN,NaN,0.23754901620185756,NaN,NaN,NaN,0.9934876373788217,0.9903964999999999,NaN,NaN,NaN,NaN,NaN,NaN,NaN,NaN,NaN,NaN,1,0,0,0,0,NaN,NaN,0.23754901620185756,NaN,NaN,NaN,0.9934876373788217,0.9903964999999999,NaN,NaN,NaN,NaN,NaN,NaN,NaN,NaN,NaN,NaN,1
2024-06-28T08:13:00-04:00,0.968591365984739,0.9699,0.968591365984739,0.9699,0.9839752432788446,0.9817059156731506,0.9699,0,0,18931,18934,0,0,0,0,NaN,NaN,0.011097476908167248,NaN,NaN,NaN,0.9934876373788217,0.9903964999999999,NaN,NaN,NaN,NaN,NaN,NaN,NaN,NaN,NaN,NaN,1,0,0,0,0,NaN,NaN,0.011097476908167248,NaN,NaN,NaN,0.9934876373788217,0.9903964999999999,NaN,NaN,NaN,NaN,NaN,NaN,NaN,NaN,NaN,NaN,1
2024-06-28T09:30:00-04:00,0.9692456829923695,0.995,0.9692456829923695,0.995,0.9859797445008728,0.9819088787926444,0.975313725490196,0,0,18931,18935,0,0,0,0,NaN,NaN,0.07503670208669201,NaN,NaN,NaN,0.9934876373788217,0.9903964999999999,NaN,NaN,NaN,NaN,NaN,NaN,NaN,NaN,NaN,NaN,1,0,0,0,0,NaN,NaN,0.07503670208669201,NaN,NaN,NaN,0.9934876373788217,0.9903964999999999,NaN,NaN,NaN,NaN,NaN,NaN,NaN,NaN,NaN,NaN,1
2024-06-28T09:34:00-04:00,0.9821228414961847,1.01,0.9821228414961847,1.01,0.9903470636825322,0.982337750872146,0.981,0,0,18931,18936,0,0,0,0,NaN,NaN,0.08158378617489025,NaN,NaN,NaN,0.9934876373788217,0.9903964999999999,NaN,NaN,NaN,NaN,NaN,NaN,NaN,NaN,NaN,NaN,1,0,0,0,0,NaN,NaN,0.08158378617489025,NaN,NaN,NaN,0.9934876373788217,0.9903964999999999,NaN,NaN,NaN,NaN,NaN,NaN,NaN,NaN,NaN,NaN,1
2024-06-28T09:54:00-04:00,0.9960614207480923,0.9960614207480923,0.9706,0.9706,0.9867566884675264,0.9821585485687545,0.9763153153153153,0,1,18931,18937,0,0,0,0,NaN,NaN,0.07285241590221131,NaN,NaN,NaN,0.9934876373788217,0.9903964999999999,NaN,NaN,NaN,NaN,NaN,NaN,NaN,NaN,NaN,NaN,1,0,0,0,0,NaN,NaN,0.07285241590221131,NaN,NaN,NaN,0.9934876373788217,0.9903964999999999,NaN,NaN,NaN,NaN,NaN,NaN,NaN,NaN,NaN,NaN,1
2024-06-28T10:00:00-04:00,0.9833307103740462,0.9833307103740462,0.97,0.97005,0.983719108746158,0.9819736852318269,0.9730606060606061,0,0,18931,18938,0,0,0,0,NaN,NaN,0.001423892405764173,NaN,NaN,NaN,0.9934876373788217,0.9903964999999999,NaN,NaN,NaN,NaN,NaN,NaN,NaN,NaN,NaN,NaN,1,0,0,0,0,NaN,NaN,0.001423892405764173,NaN,NaN,NaN,0.9934876373788217,0.9903964999999999,NaN,NaN,NaN,NaN,NaN,NaN,NaN,NaN,NaN,NaN,1
2024-06-28T10:04:00-04:00,0.9766903551870231,0.9766903551870231,0.97,0.97,0.9812247253377656,0.9817908808771425,0.9721359516616314,0,0,18931,18939,0,0,0,0,NaN,NaN,0.1148233265237887,NaN,NaN,NaN,0.9934876373788217,0.9903964999999999,NaN,NaN,NaN,NaN,NaN,NaN,NaN,NaN,NaN,NaN,1,0,0,0,0,NaN,NaN,0.1148233265237887,NaN,NaN,NaN,0.9934876373788217,0.9903964999999999,NaN,NaN,NaN,NaN,NaN,NaN,NaN,NaN,NaN,NaN,1
2024-06-28T10:14:00-04:00,0.9733451775935116,0.9733451775935116,0.97,0.97,0.9791838661854446,0.9816108674286365,0.9716403712296985,0,0,18931,18940,0,0,0,0,NaN,NaN,0.39869987503706505,NaN,NaN,NaN,0.9934876373788217,0.9903964999999999,NaN,NaN,NaN,NaN,NaN,NaN,NaN,NaN,NaN,NaN,1,0,0,0,0,NaN,NaN,0.39869987503706505,NaN,NaN,NaN,0.9934876373788217,0.9903964999999999,NaN,NaN,NaN,NaN,NaN,NaN,NaN,NaN,NaN,NaN,1
2024-06-28T10:35:00-04:00,0.9716725887967558,0.9716725887967558,0.97,0.97,0.9775140723335456,0.9814336022770542,0.9715010615711254,0,0,18931,18941,0,0,0,0,NaN,NaN,0.8437329109338565,NaN,NaN,NaN,0.9934876373788217,0.9903964999999999,NaN,NaN,NaN,NaN,NaN,NaN,NaN,NaN,NaN,NaN,1,0,0,0,0,NaN,NaN,0.8437329109338565,NaN,NaN,NaN,0.9934876373788217,0.9903964999999999,NaN,NaN,NaN,NaN,NaN,NaN,NaN,NaN,NaN,NaN,1
2024-06-28T10:51:00-04:00,0.9708362943983779,0.9708362943983779,0.970101,0.970101,0.9761662410001737,0.9812605854483969,0.9714440325865581,0,0,18931,18942,0,0,0,0,NaN,NaN,1.4343392428692607,NaN,NaN,NaN,0.9934876373788217,0.9903964999999999,NaN,NaN,NaN,NaN,NaN,NaN,NaN,NaN,NaN,NaN,1,0,0,0,0,NaN,NaN,1.4343392428692607,NaN,NaN,NaN,0.9934876373788217,0.9903964999999999,NaN,NaN,NaN,NaN,NaN,NaN,NaN,NaN,NaN,NaN,1
2024-06-28T11:04:00-04:00,0.970468647199189,0.970468647199189,0.9699,0.96995,0.9750360153637785,0.9810879047545282,0.9712050384944398,0,0,18931,18943,0,0,0,0,NaN,NaN,2.167497102107518,NaN,NaN,NaN,0.9934876373788217,0.9903964999999999,NaN,NaN,NaN,NaN,NaN,NaN,NaN,NaN,NaN,NaN,1,0,0,0,0,NaN,NaN,2.167497102107518,NaN,NaN,NaN,0.9934876373788217,0.9903964999999999,NaN,NaN,NaN,NaN,NaN,NaN,NaN,NaN,NaN,NaN,1
2024-06-28T11:17:00-04:00,0.9702093235995946,0.9702093235995946,0.960549,0.960549,0.9724020125703642,0.9807743336895736,0.9707679573420838,0,0,18931,18944,0,0,0,0,NaN,NaN,2.9607413851776907,NaN,NaN,NaN,0.9934876373788217,0.9903964999999999,NaN,NaN,NaN,NaN,NaN,NaN,NaN,NaN,NaN,NaN,1,0,0,0,0,NaN,NaN,2.9607413851776907,NaN,NaN,NaN,0.9934876373788217,0.9903964999999999,NaN,NaN,NaN,NaN,NaN,NaN,NaN,NaN,NaN,NaN,1
2024-06-28T12:04:00-04:00,0.9653791617997973,0.9653791617997973,0.9605,0.960619,0.9702596466484797,0.9804666186714122,0.9699985140257772,0,0,18931,18945,0,0,0,0,NaN,NaN,4.136327161882534,NaN,NaN,NaN,0.9934876373788217,0.9903964999999999,NaN,NaN,NaN,NaN,NaN,NaN,NaN,NaN,NaN,NaN,1,0,0,0,0,NaN,NaN,4.136327161882534,NaN,NaN,NaN,0.9934876373788217,0.9903964999999999,NaN,NaN,NaN,NaN,NaN,NaN,NaN,NaN,NaN,NaN,1
2024-06-28T12:08:00-04:00,0.9629990808998987,0.9629990808998987,0.951,0.951,0.9667578927123925,0.9800167466306272,0.9668701963267893,0,0,18931,18946,0,0,0,0,NaN,NaN,4.80089541069865,NaN,NaN,NaN,0.9934876373788217,0.9881961049999999,NaN,NaN,NaN,NaN,NaN,NaN,NaN,NaN,NaN,NaN,1,0,0,0,0,NaN,NaN,4.80089541069865,NaN,NaN,NaN,0.9934876373788217,0.9881961049999999,NaN,NaN,NaN,NaN,NaN,NaN,NaN,NaN,NaN,NaN,1
2024-06-28T12:12:00-04:00,0.9569995404499494,0.9569995404499494,0.951,0.951,0.9638928213101393,0.9795737428652741,0.9644798493813879,0,0,18931,18947,0,0,0,0,NaN,NaN,5.556555903857845,NaN,NaN,NaN,0.9934876373788217,0.9881961049999999,NaN,NaN,NaN,NaN,NaN,NaN,NaN,NaN,NaN,NaN,1,0,0,0,0,NaN,NaN,5.556555903857845,NaN,NaN,NaN,0.9934876373788217,0.9881961049999999,NaN,NaN,NaN,NaN,NaN,NaN,NaN,NaN,NaN,NaN,1
2024-06-28T12:18:00-04:00,0.9539997702249747,0.9539997702249747,0.95,0.9504999999999999,0.961457762890114,0.9791298689283997,0.9632145499021526,0,0,18931,18948,0,0,0,0,NaN,NaN,7.608622478700644,NaN,NaN,NaN,0.9934876373788217,0.9856993386999998,NaN,NaN,NaN,NaN,NaN,NaN,NaN,NaN,NaN,NaN,1,0,0,0,0,NaN,NaN,7.608622478700644,NaN,NaN,NaN,0.9934876373788217,0.9856993386999998,NaN,NaN,NaN,NaN,NaN,NaN,NaN,NaN,NaN,NaN,1
2024-06-28T12:47:00-04:00,0.9522498851124873,0.9522498851124873,0.939,0.939,0.9573745332737296,0.9785171991737677,0.9629799127906976,0,0,18931,18949,0,0,0,0,NaN,NaN,10.40469104921338,NaN,NaN,NaN,0.9934876373788217,0.976263898217,NaN,NaN,NaN,NaN,NaN,NaN,NaN,NaN,NaN,NaN,1,0,0,0,0,NaN,NaN,10.40469104921338,NaN,NaN,NaN,0.9934876373788217,0.976263898217,NaN,NaN,NaN,NaN,NaN,NaN,NaN,NaN,NaN,NaN,1
2024-06-28T12:55:00-04:00,0.9456249425562436,0.9456249425562436,0.9357,0.9357,0.9534337090421424,0.9778635014764583,0.9617192883548984,0,0,18931,18950,0,0,0,0,NaN,NaN,11.27207134977288,NaN,NaN,NaN,0.9863598091396115,0.96994423043096,NaN,NaN,NaN,NaN,NaN,NaN,NaN,NaN,NaN,NaN,1,0,0,0,0,NaN,NaN,11.27207134977288,NaN,NaN,NaN,0.9863598091396115,0.96994423043096,NaN,NaN,NaN,NaN,NaN,NaN,NaN,NaN,NaN,NaN,1
2024-06-28T12:57:00-04:00,0.9406624712781217,0.9406624712781217,0.872,0.9094625000000001,0.9454389437617529,0.9768192113775811,0.930854745847679,0,0,18931,18951,0,0,0,0,NaN,NaN,15.143178983831318,NaN,NaN,NaN,0.9357884995855311,0.949721033366316,NaN,NaN,NaN,NaN,NaN,NaN,NaN,NaN,NaN,NaN,1,0,0,0,0,NaN,NaN,15.143178983831318,NaN,NaN,NaN,0.9357884995855311,0.949721033366316,NaN,NaN,NaN,NaN,NaN,NaN,NaN,NaN,NaN,NaN,1
2024-06-28T12:58:00-04:00,0.9250624856390609,0.9250624856390609,0.925,0.925,0.9417227721687069,0.97602807837945,0.9307460468419295,0,0,18931,18952,0,0,0,0,NaN,NaN,18.08574630115737,NaN,NaN,NaN,0.9357884995855311,0.949721033366316,NaN,NaN,NaN,NaN,NaN,NaN,NaN,NaN,NaN,NaN,1,0,0,0,0,NaN,NaN,18.08574630115737,NaN,NaN,NaN,0.9357884995855311,0.949721033366316,NaN,NaN,NaN,NaN,NaN,NaN,NaN,NaN,NaN,NaN,1
2024-06-28T13:00:00-04:00,0.9250312428195304,0.928,0.9250312428195304,0.928,0.9392277226834875,0.9752948252744202,0.9306959931282127,0,0,18931,18953,0,0,0,0,NaN,NaN,20.055434962438095,NaN,NaN,NaN,0.9357884995855311,0.949721033366316,NaN,NaN,NaN,NaN,NaN,NaN,NaN,NaN,NaN,NaN,1,0,0,0,0,NaN,NaN,20.055434962438095,NaN,NaN,NaN,0.9357884995855311,0.949721033366316,NaN,NaN,NaN,NaN,NaN,NaN,NaN,NaN,NaN,NaN,1
2024-06-28T13:05:00-04:00,0.9265156214097652,0.928,0.926,0.927,0.9370045003773989,0.9745574996977115,0.9306298302065806,0,0,18931,18954,0,0,0,0,NaN,NaN,23.270400667287046,NaN,NaN,NaN,0.9357884995855311,0.949721033366316,NaN,NaN,NaN,NaN,NaN,NaN,NaN,NaN,NaN,NaN,1,0,0,0,0,NaN,NaN,23.270400667287046,NaN,NaN,NaN,0.9357884995855311,0.949721033366316,NaN,NaN,NaN,NaN,NaN,NaN,NaN,NaN,NaN,NaN,1
2024-06-28T13:10:00-04:00,0.9267578107048826,0.9267578107048826,0.926,0.926,0.9350036821269627,0.973816163824464,0.9305969139916819,0,1,18931,18955,0,0,0,0,NaN,NaN,26.490079140755917,NaN,NaN,NaN,0.9357884995855311,0.949721033366316,NaN,NaN,NaN,NaN,NaN,NaN,NaN,NaN,NaN,NaN,1,0,0,0,0,NaN,NaN,26.490079140755917,NaN,NaN,NaN,0.9357884995855311,0.949721033366316,NaN,NaN,NaN,NaN,NaN,NaN,NaN,NaN,NaN,NaN,1
2024-06-28T13:13:00-04:00,0.9263789053524414,0.9263789053524414,0.926,0.926,0.9333666490129695,0.9730861460561516,0.9305806307782226,0,0,18931,18956,0,0,0,0,NaN,NaN,28.31224554479786,NaN,NaN,NaN,0.9357884995855311,0.949721033366316,NaN,NaN,NaN,NaN,NaN,NaN,NaN,NaN,NaN,NaN,1,0,0,0,0,NaN,NaN,28.31224554479786,NaN,NaN,NaN,0.9357884995855311,0.949721033366316,NaN,NaN,NaN,NaN,NaN,NaN,NaN,NaN,NaN,NaN,1
2024-06-28T13:16:00-04:00,0.9261894526762207,0.9261894526762207,0.925,0.9255,0.9319363491924296,0.9723596400094928,0.9304078284858854,0,0,18931,18957,0,0,0,0,NaN,NaN,31.378611643838777,NaN,NaN,NaN,0.9357884995855311,0.949721033366316,NaN,NaN,NaN,NaN,NaN,NaN,NaN,NaN,NaN,NaN,1,0,0,0,0,NaN,NaN,31.378611643838777,NaN,NaN,NaN,0.9357884995855311,0.949721033366316,NaN,NaN,NaN,NaN,NaN,NaN,NaN,NaN,NaN,NaN,1
2024-06-28T13:17:00-04:00,0.9258447263381103,0.9258447263381103,0.88595,0.88595,0.923575194793806,0.9710404088643098,0.9301056512319457,0,0,18931,18958,0,0,0,0,NaN,NaN,32.62735634582243,NaN,NaN,NaN,0.9357884995855311,0.9286021223603791,NaN,NaN,NaN,NaN,NaN,NaN,NaN,NaN,NaN,NaN,1,0,0,0,0,NaN,NaN,32.62735634582243,NaN,NaN,NaN,0.9357884995855311,0.9286021223603791,NaN,NaN,NaN,NaN,NaN,NaN,NaN,NaN,NaN,NaN,1
2024-06-28T13:19:00-04:00,0.9058973631690552,0.9058973631690552,0.872101,0.872101,0.9142162502858413,0.9695298835381371,0.9286508264694189,0,0,18931,18959,0,0,0,0,NaN,NaN,34.57294766026988,NaN,NaN,NaN,0.9357884995855311,0.9112665316646995,NaN,NaN,NaN,NaN,NaN,NaN,NaN,NaN,NaN,NaN,1,0,0,0,0,NaN,NaN,34.57294766026988,NaN,NaN,NaN,0.9357884995855311,0.9112665316646995,NaN,NaN,NaN,NaN,NaN,NaN,NaN,NaN,NaN,NaN,1
2024-06-28T13:24:00-04:00,0.8889991815845276,0.8889991815845276,0.886,0.886,0.9090860229611429,0.9682546181406083,0.9283700626851425,0,0,18931,18960,0,0,0,0,NaN,NaN,37.829446123891316,NaN,NaN,NaN,0.9357884995855311,0.9112665316646995,NaN,NaN,NaN,NaN,NaN,NaN,NaN,NaN,NaN,NaN,1,0,0,0,0,NaN,NaN,37.829446123891316,NaN,NaN,NaN,0.9357884995855311,0.9112665316646995,NaN,NaN,NaN,NaN,NaN,NaN,NaN,NaN,NaN,NaN,1
2024-06-28T13:26:00-04:00,0.8874995907922638,0.8874995907922638,0.88595,0.88595,0.9048794733318443,0.9669980590850266,0.9277427992898373,0,0,18931,18961,0,0,0,0,NaN,NaN,39.29183819758845,NaN,NaN,NaN,0.9213031708260346,0.9112665316646995,NaN,NaN,NaN,NaN,NaN,NaN,NaN,NaN,NaN,NaN,1,0,0,0,0,NaN,NaN,39.29183819758845,NaN,NaN,NaN,0.9213031708260346,0.9112665316646995,NaN,NaN,NaN,NaN,NaN,NaN,NaN,NaN,NaN,NaN,1
2024-06-28T13:28:00-04:00,0.8867247953961319,0.895542,0.8867247953961319,0.895542,0.9031817509078726,0.9659071268852552,0.927483850505018,0,0,18931,18962,0,0,0,0,NaN,NaN,40.81811703453135,NaN,NaN,NaN,0.9213031708260346,0.9112665316646995,NaN,NaN,NaN,NaN,NaN,NaN,NaN,NaN,NaN,NaN,1,0,0,0,0,NaN,NaN,40.81811703453135,NaN,NaN,NaN,0.9213031708260346,0.9112665316646995,NaN,NaN,NaN,NaN,NaN,NaN,NaN,NaN,NaN,NaN,1
2024-06-28T13:31:00-04:00,0.891133397698066,0.891133397698066,0.8877,0.8877,0.9003668871064412,0.9647131249480757,0.9273562891015776,0,0,18931,18963,0,0,0,0,NaN,NaN,42.09761187444494,NaN,NaN,NaN,0.9145145828707114,0.9112665316646995,NaN,NaN,NaN,NaN,NaN,NaN,NaN,NaN,NaN,NaN,1,0,0,0,0,NaN,NaN,42.09761187444494,NaN,NaN,NaN,0.9145145828707114,0.9112665316646995,NaN,NaN,NaN,NaN,NaN,NaN,NaN,NaN,NaN,NaN,1
2024-06-28T13:36:00-04:00,0.8894166988490331,0.8894166988490331,0.8834,0.8852,0.8976092712689064,0.9634991841091738,0.9239494943854997,0,0,18931,18964,0,0,0,0,NaN,NaN,43.253362241977825,NaN,NaN,NaN,0.9110462606402332,0.9112665316646995,NaN,NaN,NaN,NaN,NaN,NaN,NaN,NaN,NaN,NaN,1,0,0,0,0,NaN,NaN,43.253362241977825,NaN,NaN,NaN,0.9110462606402332,0.9112665316646995,NaN,NaN,NaN,NaN,NaN,NaN,NaN,NaN,NaN,NaN,1
2024-06-28T13:38:00-04:00,0.8873083494245165,0.8873083494245165,0.88,0.88,0.8944075855836507,0.962224387405217,0.9238203451219513,0,0,18931,18965,0,0,0,0,NaN,NaN,44.699303723449795,NaN,NaN,NaN,0.9057809773944963,0.9112665316646995,NaN,NaN,NaN,NaN,NaN,NaN,NaN,NaN,NaN,NaN,1,0,0,0,0,NaN,NaN,44.699303723449795,NaN,NaN,NaN,0.9057809773944963,0.9112665316646995,NaN,NaN,NaN,NaN,NaN,NaN,NaN,NaN,NaN,NaN,1
2024-06-28T13:40:00-04:00,0.8836541747122583,0.8836541747122583,0.88,0.88,0.8917880245684415,0.9609690532463587,0.9231858194178976,0,0,18931,18966,0,0,0,0,NaN,NaN,49.72441211998363,NaN,NaN,NaN,0.9056840465362564,0.9112665316646995,NaN,NaN,NaN,NaN,NaN,NaN,NaN,NaN,NaN,NaN,1,0,0,0,0,NaN,NaN,49.72441211998363,NaN,NaN,NaN,0.9056840465362564,0.9112665316646995,NaN,NaN,NaN,NaN,NaN,NaN,NaN,NaN,NaN,NaN,1
2024-06-28T13:46:00-04:00,0.8818270873561291,0.8818270873561291,0.875,0.875,0.8887356564650886,0.9596565486166433,0.9230466746895756,0,0,18931,18967,0,0,0,0,NaN,NaN,52.33077340152108,NaN,NaN,NaN,0.900615363317941,0.9112665316646995,NaN,NaN,NaN,NaN,NaN,NaN,NaN,NaN,NaN,NaN,1,0,0,0,0,NaN,NaN,52.33077340152108,NaN,NaN,NaN,0.900615363317941,0.9112665316646995,NaN,NaN,NaN,NaN,NaN,NaN,NaN,NaN,NaN,NaN,1
2024-06-28T13:49:00-04:00,0.8784135436780646,0.8797,0.872,0.8769750000000001,0.8865973552896179,0.9583942348973052,0.9187147994584555,0,0,18931,18968,0,0,0,0,NaN,NaN,57.29559327943369,NaN,NaN,NaN,0.900615363317941,0.9112665316646995,NaN,NaN,NaN,NaN,NaN,NaN,NaN,NaN,NaN,NaN,1,0,0,0,0,NaN,NaN,57.29559327943369,NaN,NaN,NaN,0.900615363317941,0.9112665316646995,NaN,NaN,NaN,NaN,NaN,NaN,NaN,NaN,NaN,NaN,1
2024-06-28T13:50:00-04:00,0.8776942718390324,0.8776942718390324,0.872,0.8739250000000001,0.8842932906915055,0.9571046282576517,0.918481664962003,0,0,18931,18969,0,0,0,0,NaN,NaN,58.46572143421987,NaN,NaN,NaN,0.900615363317941,0.9112665316646995,NaN,NaN,NaN,NaN,NaN,NaN,NaN,NaN,NaN,NaN,1,0,0,0,0,NaN,NaN,58.46572143421987,NaN,NaN,NaN,0.900615363317941,0.9112665316646995,NaN,NaN,NaN,NaN,NaN,NaN,NaN,NaN,NaN,NaN,1
2024-06-28T13:57:00-04:00,0.8758096359195162,0.8758096359195162,0.872,0.872,0.8820581469294136,0.9558053209560082,0.9183610085790677,0,0,18931,18970,0,0,0,0,NaN,NaN,60.32085033000939,NaN,NaN,NaN,0.900615363317941,0.9018041840651716,NaN,NaN,NaN,NaN,NaN,NaN,NaN,NaN,NaN,NaN,1,0,0,0,0,NaN,NaN,60.32085033000939,NaN,NaN,NaN,0.900615363317941,0.9018041840651716,NaN,NaN,NaN,NaN,NaN,NaN,NaN,NaN,NaN,NaN,1
2024-06-28T14:03:00-04:00,0.8739048179597582,0.8759,0.87,0.8729375,0.8803998474877021,0.9545401633841608,0.9156741591242125,0,0,18931,18971,0,0,0,0,NaN,NaN,62.06479733327982,NaN,NaN,NaN,0.900615363317941,0.9018041840651716,NaN,NaN,NaN,NaN,NaN,NaN,NaN,NaN,NaN,NaN,1,0,0,0,0,NaN,NaN,62.06479733327982,NaN,NaN,NaN,0.900615363317941,0.9018041840651716,NaN,NaN,NaN,NaN,NaN,NaN,NaN,NaN,NaN,NaN,1
2024-06-28T14:04:00-04:00,0.873421158979879,0.873421158979879,0.8616,0.8632500000000001,0.877281693399029,0.9531464204317309,0.9151669839766847,0,0,18931,18972,0,0,0,0,NaN,NaN,63.78556015571186,NaN,NaN,NaN,0.900615363317941,0.8882008043675753,NaN,NaN,NaN,NaN,NaN,NaN,NaN,NaN,NaN,NaN,1,0,0,0,0,NaN,NaN,63.78556015571186,NaN,NaN,NaN,0.900615363317941,0.8882008043675753,NaN,NaN,NaN,NaN,NaN,NaN,NaN,NaN,NaN,NaN,1
2024-06-28T14:11:00-04:00,0.8683355794899396,0.8683355794899396,0.8616,0.8616,0.8744304764173874,0.951748765157964,0.9149091156669718,0,0,18931,18973,0,0,0,0,NaN,NaN,65.3906805257787,NaN,NaN,NaN,0.900615363317941,0.8796430630573028,NaN,NaN,NaN,NaN,NaN,NaN,NaN,NaN,NaN,NaN,1,0,0,0,0,NaN,NaN,65.3906805257787,NaN,NaN,NaN,0.900615363317941,0.8796430630573028,NaN,NaN,NaN,NaN,NaN,NaN,NaN,NaN,NaN,NaN,1
2024-06-28T14:15:00-04:00,0.8649677897449698,0.8649677897449698,0.8617,0.8617,0.8721158443414988,0.9503739748502088,0.9145276518544188,0,0,18931,18974,0,0,0,0,NaN,NaN,68.82391650757306,NaN,NaN,NaN,0.900615363317941,0.8796430630573028,NaN,NaN,NaN,NaN,NaN,NaN,NaN,NaN,NaN,NaN,1,0,0,0,0,NaN,NaN,68.82391650757306,NaN,NaN,NaN,0.900615363317941,0.8796430630573028,NaN,NaN,NaN,NaN,NaN,NaN,NaN,NaN,NaN,NaN,1
2024-06-28T14:18:00-04:00,0.8633338948724849,0.8633338948724849,0.8616,0.8616,0.8702038726430444,0.9490186469899002,0.9142758911549258,0,0,18931,18975,0,0,0,0,NaN,NaN,72.31311054720325,NaN,NaN,NaN,0.900615363317941,0.8796430630573028,NaN,NaN,NaN,NaN,NaN,NaN,NaN,NaN,NaN,NaN,1,0,0,0,0,NaN,NaN,72.31311054720325,NaN,NaN,NaN,0.900615363317941,0.8796430630573028,NaN,NaN,NaN,NaN,NaN,NaN,NaN,NaN,NaN,NaN,1
2024-06-28T14:25:00-04:00,0.8624669474362425,0.8624669474362425,0.8601,0.8601,0.8683668048897636,0.9476611103946346,0.9140935412795109,0,0,18931,18976,0,0,0,0,NaN,NaN,73.89156141280587,NaN,NaN,NaN,0.900615363317941,0.8726913522483928,NaN,NaN,NaN,NaN,NaN,NaN,NaN,NaN,NaN,NaN,1,0,0,0,0,NaN,NaN,73.89156141280587,NaN,NaN,NaN,0.900615363317941,0.8726913522483928,NaN,NaN,NaN,NaN,NaN,NaN,NaN,NaN,NaN,NaN,1
2024-06-28T14:26:00-04:00,0.8612834737181212,0.8612834737181212,0.8601,0.86055,0.8669455676370793,0.9463311697779226,0.9136430033258123,0,0,18931,18977,0,0,0,0,NaN,NaN,75.35561388792478,NaN,NaN,NaN,0.900615363317941,0.8726913522483928,NaN,NaN,NaN,NaN,NaN,NaN,NaN,NaN,NaN,NaN,1,0,0,0,0,NaN,NaN,75.35561388792478,NaN,NaN,NaN,0.900615363317941,0.8726913522483928,NaN,NaN,NaN,NaN,NaN,NaN,NaN,NaN,NaN,NaN,1
2024-06-28T14:27:00-04:00,0.8609167368590607,0.8609167368590607,0.8166,0.84025,0.8620918280667013,0.9447116099339848,0.9080142951280384,0,0,18931,18978,0,0,0,0,NaN,NaN,76.57048291407406,NaN,NaN,NaN,0.900615363317941,0.8546604654389716,NaN,NaN,NaN,NaN,NaN,NaN,NaN,NaN,NaN,NaN,1,0,0,0,0,NaN,NaN,76.57048291407406,NaN,NaN,NaN,0.900615363317941,0.8546604654389716,NaN,NaN,NaN,NaN,NaN,NaN,NaN,NaN,NaN,NaN,1
2024-06-28T14:28:00-04:00,0.8505833684295303,0.8505833684295303,0.8215,0.82395,0.8551569502363919,0.9428679212327026,0.907651009496543,0,0,18931,18979,0,0,0,0,NaN,NaN,77.71404320095434,NaN,NaN,NaN,0.8583348656706931,0.8377118839177726,NaN,NaN,NaN,NaN,NaN,NaN,NaN,NaN,NaN,NaN,1,0,0,0,0,NaN,NaN,77.71404320095434,NaN,NaN,NaN,0.8583348656706931,0.8377118839177726,NaN,NaN,NaN,NaN,NaN,NaN,NaN,NaN,NaN,NaN,1
2024-06-28T14:31:00-04:00,0.8372666842147651,0.8647,0.8372666842147651,0.8647,0.8568920501934116,0.941674517855104,0.9074110597228193,0,0,18931,18980,0,0,0,0,NaN,NaN,80.03963913399215,NaN,NaN,NaN,0.8583348656706931,0.8528825,NaN,NaN,NaN,NaN,NaN,NaN,NaN,NaN,NaN,NaN,1,0,0,0,0,NaN,NaN,80.03963913399215,NaN,NaN,NaN,0.8583348656706931,0.8528825,NaN,NaN,NaN,NaN,NaN,NaN,NaN,NaN,NaN,NaN,1
2024-06-28T14:32:00-04:00,0.8509833421073826,0.8509833421073826,0.835,0.835,0.8529116774309732,0.9400458992618963,0.907255804448971,0,1,18931,18981,0,0,0,0,NaN,NaN,82.24304074249325,NaN,NaN,NaN,0.8583348656706931,0.8494045,NaN,NaN,NaN,NaN,NaN,NaN,NaN,NaN,NaN,NaN,1,0,0,0,0,NaN,NaN,82.24304074249325,NaN,NaN,NaN,0.8583348656706931,0.8494045,NaN,NaN,NaN,NaN,NaN,NaN,NaN,NaN,NaN,NaN,1
2024-06-28T14:33:00-04:00,0.8429916710536913,0.864749,0.8429916710536913,0.864749,0.855063917898069,0.9388963282807986,0.9068585445943078,0,0,18931,18982,0,0,0,0,NaN,NaN,84.28596563502951,NaN,NaN,NaN,0.8583348656706931,0.8503207349999999,NaN,NaN,NaN,NaN,NaN,NaN,NaN,NaN,NaN,NaN,1,0,0,0,0,NaN,NaN,84.28596563502951,NaN,NaN,NaN,0.8583348656706931,0.8503207349999999,NaN,NaN,NaN,NaN,NaN,NaN,NaN,NaN,NaN,NaN,1
2024-06-28T14:35:00-04:00,0.8538703355268457,0.8538703355268457,0.845,0.8475,0.8536886600984201,0.9375009644902521,0.9064826990185735,0,0,18931,18983,0,0,0,0,NaN,NaN,85.2517653025112,NaN,NaN,NaN,0.8583348656706931,0.8503207349999999,NaN,NaN,NaN,NaN,NaN,NaN,NaN,NaN,NaN,NaN,1,0,0,0,0,NaN,NaN,85.2517653025112,NaN,NaN,NaN,0.8583348656706931,0.8503207349999999,NaN,NaN,NaN,NaN,NaN,NaN,NaN,NaN,NaN,NaN,1
2024-06-28T14:36:00-04:00,0.8506851677634228,0.8506851677634228,0.849,0.8495,0.852927085535071,0.9361574383148284,0.9061241669358224,0,0,18931,18984,0,0,0,0,NaN,NaN,86.7794896414973,NaN,NaN,NaN,0.8583348656706931,0.8503207349999999,NaN,NaN,NaN,NaN,NaN,NaN,NaN,NaN,NaN,NaN,1,0,0,0,0,NaN,NaN,86.7794896414973,NaN,NaN,NaN,0.8583348656706931,0.8503207349999999,NaN,NaN,NaN,NaN,NaN,NaN,NaN,NaN,NaN,NaN,1
2024-06-28T14:37:00-04:00,0.8500925838817115,0.8500925838817115,0.8495,0.8495,0.852303979074149,0.9348344239894112,0.9060056567496863,0,0,18931,18985,0,0,0,0,NaN,NaN,88.19676052173722,NaN,NaN,NaN,0.8583348656706931,0.8503207349999999,NaN,NaN,NaN,NaN,NaN,NaN,NaN,NaN,NaN,NaN,1,0,0,0,0,NaN,NaN,88.19676052173722,NaN,NaN,NaN,0.8583348656706931,0.8503207349999999,NaN,NaN,NaN,NaN,NaN,NaN,NaN,NaN,NaN,NaN,1
2024-06-28T14:40:00-04:00,0.8497962919408557,0.8525,0.8497962919408557,0.8525,0.8523396192424856,0.9335774098827027,0.9058939072577278,0,0,18931,18986,0,0,0,0,NaN,NaN,89.444973325069,NaN,NaN,NaN,0.8583348656706931,0.8503207349999999,NaN,NaN,NaN,NaN,NaN,NaN,NaN,NaN,NaN,NaN,1,0,0,0,0,NaN,NaN,89.444973325069,NaN,NaN,NaN,0.8583348656706931,0.8503207349999999,NaN,NaN,NaN,NaN,NaN,NaN,NaN,NaN,NaN,NaN,1
2024-06-28T14:41:00-04:00,0.8511481459704279,0.8511481459704279,0.85,0.85,0.85191423392567,0.932301418892127,0.9057774130783661,0,0,18931,18987,0,0,0,0,NaN,NaN,90.63238678151217,NaN,NaN,NaN,0.8583348656706931,0.8503207349999999,NaN,NaN,NaN,NaN,NaN,NaN,NaN,NaN,NaN,NaN,1,0,0,0,0,NaN,NaN,90.63238678151217,NaN,NaN,NaN,0.8583348656706931,0.8503207349999999,NaN,NaN,NaN,NaN,NaN,NaN,NaN,NaN,NaN,NaN,1
2024-06-28T14:45:00-04:00,0.8505740729852139,0.8505740729852139,0.85,0.85,0.85156619139373,0.9310449086800335,0.9050194338007033,0,0,18931,18988,0,0,0,0,NaN,NaN,91.70772427061804,NaN,NaN,NaN,0.8583348656706931,0.8503207349999999,NaN,NaN,NaN,NaN,NaN,NaN,NaN,NaN,NaN,NaN,1,0,0,0,0,NaN,NaN,91.70772427061804,NaN,NaN,NaN,0.8583348656706931,0.8503207349999999,NaN,NaN,NaN,NaN,NaN,NaN,NaN,NaN,NaN,NaN,1
2024-06-28T14:47:00-04:00,0.850287036492607,0.86,0.850287036492607,0.86,0.8530996111403245,0.9299602535856819,0.9041125335811125,0,0,18931,18989,0,0,0,0,NaN,NaN,92.11312383964143,NaN,NaN,NaN,0.8583348656706931,0.8503207349999999,NaN,NaN,NaN,NaN,NaN,NaN,NaN,NaN,NaN,NaN,1,0,0,0,0,NaN,NaN,92.11312383964143,NaN,NaN,NaN,0.8583348656706931,0.8503207349999999,NaN,NaN,NaN,NaN,NaN,NaN,NaN,NaN,NaN,NaN,1
2024-06-28T14:49:00-04:00,0.8551435182463034,0.86,0.8551435182463034,0.86,0.8543542272966291,0.9288921581110914,0.9032414501984559,0,0,18931,18990,0,0,0,0,NaN,NaN,92.43875461552685,NaN,NaN,NaN,0.8583348656706931,0.8503207349999999,NaN,NaN,NaN,NaN,NaN,NaN,NaN,NaN,NaN,NaN,1,0,0,0,0,NaN,NaN,92.43875461552685,NaN,NaN,NaN,0.8583348656706931,0.8503207349999999,NaN,NaN,NaN,NaN,NaN,NaN,NaN,NaN,NaN,NaN,1
2024-06-28T14:50:00-04:00,0.8575717591231518,0.8575717591231518,0.8405,0.84825,0.853244367788151,0.9276609801246625,0.9024863967884549,0,0,18931,18991,0,0,0,0,NaN,NaN,92.39509022420427,NaN,NaN,NaN,0.8583348656706931,0.8503207349999999,NaN,NaN,NaN,NaN,NaN,NaN,NaN,NaN,NaN,NaN,1,0,0,0,0,NaN,NaN,92.39509022420427,NaN,NaN,NaN,0.8583348656706931,0.8503207349999999,NaN,NaN,NaN,NaN,NaN,NaN,NaN,NaN,NaN,NaN,1
2024-06-28T14:54:00-04:00,0.8529108795615759,0.865,0.8529108795615759,0.8625,0.8549272100084873,0.9266661560006219,0.9014250659670877,0,0,18931,18992,0,0,0,0,NaN,NaN,91.7175003841251,NaN,NaN,NaN,0.8583348656706931,0.8503207349999999,NaN,NaN,NaN,NaN,NaN,NaN,NaN,NaN,NaN,NaN,1,0,0,0,0,NaN,NaN,91.7175003841251,NaN,NaN,NaN,0.8583348656706931,0.8503207349999999,NaN,NaN,NaN,NaN,NaN,NaN,NaN,NaN,NaN,NaN,1
2024-06-28T15:00:00-04:00,0.857705439780788,0.9082,0.857705439780788,0.9082,0.864613171825126,0.9263842299548108,0.9014886851500583,0,0,18931,18993,0,0,0,0,NaN,NaN,88.36314239355497,NaN,NaN,NaN,0.8583348656706931,0.87313084795,NaN,NaN,NaN,NaN,NaN,NaN,NaN,NaN,NaN,NaN,1,0,0,0,0,NaN,NaN,88.36314239355497,NaN,NaN,NaN,0.8583348656706931,0.87313084795,NaN,NaN,NaN,NaN,NaN,NaN,NaN,NaN,NaN,NaN,1
2024-06-28T15:04:00-04:00,0.8829527198903939,0.8829527198903939,0.87,0.87,0.8655925951296485,0.9255234020165695,0.9014296578843776,0,0,18931,18994,0,0,0,0,NaN,NaN,87.19777566267643,NaN,NaN,NaN,0.8583348656706931,0.87313084795,NaN,NaN,NaN,NaN,NaN,NaN,NaN,NaN,NaN,NaN,1,0,0,0,0,NaN,NaN,87.19777566267643,NaN,NaN,NaN,0.8583348656706931,0.87313084795,NaN,NaN,NaN,NaN,NaN,NaN,NaN,NaN,NaN,NaN,1
2024-06-28T15:08:00-04:00,0.876476359945197,0.876476359945197,0.87,0.87,0.8663939414697124,0.9246757164895989,0.9013708515043223,0,0,18931,18995,0,0,0,0,NaN,NaN,85.99112310798358,NaN,NaN,NaN,0.8583348656706931,0.87313084795,NaN,NaN,NaN,NaN,NaN,NaN,NaN,NaN,NaN,NaN,1,0,0,0,0,NaN,NaN,85.99112310798358,NaN,NaN,NaN,0.8583348656706931,0.87313084795,NaN,NaN,NaN,NaN,NaN,NaN,NaN,NaN,NaN,NaN,1
2024-06-28T15:09:00-04:00,0.8732381799725986,0.88,0.8732381799725986,0.88,0.868867770293401,0.9239936444821241,0.9013309403036642,0,0,18931,18996,0,0,0,0,NaN,NaN,84.08650815742227,NaN,NaN,NaN,0.8583348656706931,0.87313084795,NaN,NaN,NaN,NaN,NaN,NaN,NaN,NaN,NaN,NaN,1,0,0,0,0,NaN,NaN,84.08650815742227,NaN,NaN,NaN,0.8583348656706931,0.87313084795,NaN,NaN,NaN,NaN,NaN,NaN,NaN,NaN,NaN,NaN,1
2024-06-28T15:11:00-04:00,0.8766190899862993,0.8802,0.8766190899862993,0.8801,0.870909993876419,0.9233235125052978,0.9011065399589787,0,0,18931,18997,0,0,0,0,NaN,NaN,82.02163510977752,NaN,NaN,NaN,0.8583348656706931,0.87313084795,NaN,NaN,NaN,NaN,NaN,NaN,NaN,NaN,NaN,NaN,1,0,0,0,0,NaN,NaN,82.02163510977752,NaN,NaN,NaN,0.8583348656706931,0.87313084795,NaN,NaN,NaN,NaN,NaN,NaN,NaN,NaN,NaN,NaN,1
2024-06-28T15:14:00-04:00,0.8783595449931496,0.8901,0.8783595449931496,0.8901,0.8743990858988883,0.9228162833067436,0.9010862394315543,0,0,18931,18998,0,0,0,0,NaN,NaN,79.282541089594,NaN,NaN,NaN,0.8583348656706931,0.87313084795,NaN,NaN,NaN,NaN,NaN,NaN,NaN,NaN,NaN,NaN,1,0,0,0,0,NaN,NaN,79.282541089594,NaN,NaN,NaN,0.8583348656706931,0.87313084795,NaN,NaN,NaN,NaN,NaN,NaN,NaN,NaN,NaN,NaN,1
2024-06-28T15:15:00-04:00,0.8842297724965749,0.9,0.8842297724965749,0.9,0.8790537975536359,0.9224679431035872,0.9010782842561063,0,0,18931,18999,0,0,0,0,NaN,NaN,75.71989199260801,NaN,NaN,NaN,0.8583348656706931,0.87313084795,NaN,NaN,NaN,NaN,NaN,NaN,NaN,NaN,NaN,NaN,1,0,0,0,0,NaN,NaN,75.71989199260801,NaN,NaN,NaN,0.8583348656706931,0.87313084795,NaN,NaN,NaN,NaN,NaN,NaN,NaN,NaN,NaN,NaN,1
2024-06-28T15:17:00-04:00,0.8921148862482875,0.9,0.8921148862482875,0.9,0.8828621979984294,0.9221249210714714,0.9010678245879646,0,0,18931,19000,0,0,0,0,NaN,NaN,72.0416071339722,NaN,NaN,NaN,0.8583348656706931,0.87313084795,NaN,NaN,NaN,NaN,NaN,NaN,NaN,NaN,NaN,NaN,1,0,0,0,0,NaN,NaN,72.0416071339722,NaN,NaN,NaN,0.8583348656706931,0.87313084795,NaN,NaN,NaN,NaN,NaN,NaN,NaN,NaN,NaN,NaN,1
2024-06-28T15:19:00-04:00,0.8960574431241437,0.9,0.8960574431241437,0.9,0.8859781619987149,0.9217871360169451,0.9010596399629359,0,0,18931,19001,0,0,0,0,NaN,NaN,68.24381582797713,NaN,NaN,NaN,0.8583348656706931,0.87313084795,NaN,NaN,NaN,NaN,NaN,NaN,NaN,NaN,NaN,NaN,1,0,0,0,0,NaN,NaN,68.24381582797713,NaN,NaN,NaN,0.8583348656706931,0.87313084795,NaN,NaN,NaN,NaN,NaN,NaN,NaN,NaN,NaN,NaN,1
2024-06-28T15:20:00-04:00,0.8980287215620719,0.9,0.8811,0.89055,0.8868094052716758,0.9213102331769917,0.90085022182546,0,0,18931,19002,0,0,0,0,NaN,NaN,65.04917365147116,NaN,NaN,NaN,0.8583348656706931,0.87313084795,NaN,NaN,NaN,NaN,NaN,NaN,NaN,NaN,NaN,NaN,1,0,0,0,0,NaN,NaN,65.04917365147116,NaN,NaN,NaN,0.8583348656706931,0.87313084795,NaN,NaN,NaN,NaN,NaN,NaN,NaN,NaN,NaN,NaN,1
2024-06-28T15:21:00-04:00,0.8942893607810359,0.8942893607810359,0.881,0.881,0.8857531497677348,0.9206948097697094,0.9007846323971388,0,0,18931,19003,0,0,0,0,NaN,NaN,62.751651412714494,NaN,NaN,NaN,0.8583348656706931,0.87313084795,NaN,NaN,NaN,NaN,NaN,NaN,NaN,NaN,NaN,NaN,1,0,0,0,0,NaN,NaN,62.751651412714494,NaN,NaN,NaN,0.8583348656706931,0.87313084795,NaN,NaN,NaN,NaN,NaN,NaN,NaN,NaN,NaN,NaN,1
2024-06-28T15:23:00-04:00,0.887644680390518,0.89,0.887644680390518,0.89,0.8865253043554193,0.9202261867197902,0.9007657109935612,0,0,18931,19004,0,0,0,0,NaN,NaN,60.244824178426846,NaN,NaN,NaN,0.8583348656706931,0.87313084795,NaN,NaN,NaN,NaN,NaN,NaN,NaN,NaN,NaN,NaN,1,0,0,0,0,NaN,NaN,60.244824178426846,NaN,NaN,NaN,0.8583348656706931,0.87313084795,NaN,NaN,NaN,NaN,NaN,NaN,NaN,NaN,NaN,NaN,1
2024-06-28T15:25:00-04:00,0.8888223401952591,0.8888223401952591,0.881,0.881,0.8855207035635249,0.9196273136400988,0.900731093218558,0,1,18931,19005,0,0,0,0,NaN,NaN,58.291985760671395,NaN,NaN,NaN,0.8583348656706931,0.87313084795,NaN,NaN,NaN,NaN,NaN,NaN,NaN,NaN,NaN,NaN,1,0,0,0,0,NaN,NaN,58.291985760671395,NaN,NaN,NaN,0.8583348656706931,0.87313084795,NaN,NaN,NaN,NaN,NaN,NaN,NaN,NaN,NaN,NaN,1
2024-06-28T15:26:00-04:00,0.8849111700976295,0.8849111700976295,0.88,0.88,0.8845169392792476,0.9190223164852881,0.9005600505367194,0,0,18931,19006,0,0,0,0,NaN,NaN,55.79000143316668,NaN,NaN,NaN,0.8583348656706931,0.87313084795,NaN,NaN,NaN,NaN,NaN,NaN,NaN,NaN,NaN,NaN,1,0,0,0,0,NaN,NaN,55.79000143316668,NaN,NaN,NaN,0.8583348656706931,0.87313084795,NaN,NaN,NaN,NaN,NaN,NaN,NaN,NaN,NaN,NaN,1
2024-06-28T15:29:00-04:00,0.8824555850488147,0.8824555850488147,0.87,0.87,0.8818774957739298,0.9182738841725356,0.9005070611301846,0,0,18931,19007,0,0,0,0,NaN,NaN,53.52830599389533,NaN,NaN,NaN,0.8583348656706931,0.87313084795,NaN,NaN,NaN,NaN,NaN,NaN,NaN,NaN,NaN,NaN,1,0,0,0,0,NaN,NaN,53.52830599389533,NaN,NaN,NaN,0.8583348656706931,0.87313084795,NaN,NaN,NaN,NaN,NaN,NaN,NaN,NaN,NaN,NaN,1
2024-06-28T15:33:00-04:00,0.8762277925244073,0.8998,0.8762277925244073,0.8998,0.8851361329059426,0.9179918401393672,0.9005009837980473,0,0,18931,19008,0,0,0,0,NaN,NaN,49.03290605479192,NaN,NaN,NaN,0.8583348656706931,0.87313084795,NaN,NaN,NaN,NaN,NaN,NaN,NaN,NaN,NaN,NaN,1,0,0,0,0,NaN,NaN,49.03290605479192,NaN,NaN,NaN,0.8583348656706931,0.87313084795,NaN,NaN,NaN,NaN,NaN,NaN,NaN,NaN,NaN,NaN,1
2024-06-28T15:39:00-04:00,0.8880138962622037,0.8880138962622037,0.88,0.88,0.8842022905594076,0.9174118120456364,0.9004658022635229,0,0,18931,19009,0,0,0,0,NaN,NaN,46.09259508372393,NaN,NaN,NaN,0.8583348656706931,0.87313084795,NaN,NaN,NaN,NaN,NaN,NaN,NaN,NaN,NaN,NaN,1,0,0,0,0,NaN,NaN,46.09259508372393,NaN,NaN,NaN,0.8583348656706931,0.87313084795,NaN,NaN,NaN,NaN,NaN,NaN,NaN,NaN,NaN,NaN,1
2024-06-28T15:46:00-04:00,0.8840069481311019,0.8840069481311019,0.86,0.86,0.8798018740940607,0.9165352958311992,0.9003964782686906,0,0,18931,19010,0,0,0,0,NaN,NaN,44.35957950481753,NaN,NaN,NaN,0.8583348656706931,0.87313084795,NaN,NaN,NaN,NaN,NaN,NaN,NaN,NaN,NaN,NaN,1,0,0,0,0,NaN,NaN,44.35957950481753,NaN,NaN,NaN,0.8583348656706931,0.87313084795,NaN,NaN,NaN,NaN,NaN,NaN,NaN,NaN,NaN,NaN,1
2024-06-28T15:50:00-04:00,0.8720034740655509,0.8720034740655509,0.8601,0.8601,0.8762197151678679,0.9156736882612572,0.9001904354632535,0,0,18931,19011,0,0,0,0,NaN,NaN,42.51086259770552,NaN,NaN,NaN,0.8583348656706931,0.87313084795,NaN,NaN,NaN,NaN,NaN,NaN,NaN,NaN,NaN,NaN,1,0,0,0,0,NaN,NaN,42.51086259770552,NaN,NaN,NaN,0.8583348656706931,0.87313084795,NaN,NaN,NaN,NaN,NaN,NaN,NaN,NaN,NaN,NaN,1
2024-06-28T15:51:00-04:00,0.8660517370327754,0.8688,0.8660517370327754,0.8687500000000001,0.8748615851373465,0.9149572960740624,0.8992288795912299,0,0,18931,19012,0,0,0,0,NaN,NaN,39.99783218079244,NaN,NaN,NaN,0.8583348656706931,0.87313084795,NaN,NaN,NaN,NaN,NaN,NaN,NaN,NaN,NaN,NaN,1,0,0,0,0,NaN,NaN,39.99783218079244,NaN,NaN,NaN,0.8583348656706931,0.87313084795,NaN,NaN,NaN,NaN,NaN,NaN,NaN,NaN,NaN,NaN,1
2024-06-28T15:52:00-04:00,0.8674008685163878,0.8901,0.8674008685163878,0.8901,0.8776322060214653,0.9145777953706415,0.8991988123034107,0,0,18931,19013,0,0,0,0,NaN,NaN,35.70374430911637,NaN,NaN,NaN,0.8583348656706931,0.87313084795,NaN,NaN,NaN,NaN,NaN,NaN,NaN,NaN,NaN,NaN,1,0,0,0,0,NaN,NaN,35.70374430911637,NaN,NaN,NaN,0.8583348656706931,0.87313084795,NaN,NaN,NaN,NaN,NaN,NaN,NaN,NaN,NaN,NaN,1
2024-06-28T15:53:00-04:00,0.8787504342581939,0.886,0.8787504342581939,0.883,0.878608168563017,0.9140956916245249,0.8987324581274092,0,0,18931,19014,0,0,0,0,NaN,NaN,31.91163744743778,NaN,NaN,NaN,0.8583348656706931,0.87313084795,NaN,NaN,NaN,NaN,NaN,NaN,NaN,NaN,NaN,NaN,1,0,0,0,0,NaN,NaN,31.91163744743778,NaN,NaN,NaN,0.8583348656706931,0.87313084795,NaN,NaN,NaN,NaN,NaN,NaN,NaN,NaN,NaN,NaN,1
2024-06-28T15:54:00-04:00,0.880875217129097,0.880875217129097,0.8621,0.8621,0.8756066833697412,0.9133018642714786,0.89867396131613,0,1,18931,19015,0,0,0,0,NaN,NaN,29.533630816484262,NaN,NaN,NaN,0.8583348656706931,0.87313084795,NaN,NaN,NaN,NaN,NaN,NaN,NaN,NaN,NaN,NaN,1,0,0,0,0,NaN,NaN,29.533630816484262,NaN,NaN,NaN,0.8583348656706931,0.87313084795,NaN,NaN,NaN,NaN,NaN,NaN,NaN,NaN,NaN,NaN,1
2024-06-28T15:57:00-04:00,0.8714876085645484,0.9052,0.8714876085645484,0.9052,0.8809872863934246,0.9131781716871813,0.8986862351492646,0,0,18931,19016,0,0,0,0,NaN,NaN,23.696810903953025,NaN,NaN,NaN,0.8583348656706931,0.87313084795,NaN,NaN,NaN,NaN,NaN,NaN,NaN,NaN,NaN,NaN,1,0,0,0,0,NaN,NaN,23.696810903953025,NaN,NaN,NaN,0.8583348656706931,0.87313084795,NaN,NaN,NaN,NaN,NaN,NaN,NaN,NaN,NaN,NaN,1
2024-06-28T15:59:00-04:00,0.8883438042822742,0.8883438042822742,0.866,0.868925,0.8787941434128019,0.9125025507453922,0.8984546704964181,0,0,18931,19017,0,0,0,0,NaN,NaN,20.85138372618311,NaN,NaN,NaN,0.8583348656706931,0.87313084795,NaN,NaN,NaN,NaN,NaN,NaN,NaN,NaN,NaN,NaN,1,0,0,0,0,NaN,NaN,20.85138372618311,NaN,NaN,NaN,0.8583348656706931,0.87313084795,NaN,NaN,NaN,NaN,NaN,NaN,NaN,NaN,NaN,NaN,1
2024-06-28T16:00:00-04:00,0.8786344021411371,0.8786344021411371,0.8767,0.8767,0.8784133900650197,0.9119559469172183,0.898337301489556,0,0,18931,19018,0,0,0,0,NaN,NaN,17.617501563989286,NaN,NaN,NaN,0.8583348656706931,0.87313084795,NaN,NaN,NaN,NaN,NaN,NaN,NaN,NaN,NaN,NaN,1,0,0,0,0,NaN,NaN,17.617501563989286,NaN,NaN,NaN,0.8583348656706931,0.87313084795,NaN,NaN,NaN,NaN,NaN,NaN,NaN,NaN,NaN,NaN,1
2024-06-28T16:16:00-04:00,0.8776672010705686,0.9131,0.8776672010705686,0.9131,0.8847200464168343,0.9119734133764974,0.8983951254896126,0,0,18931,19019,0,0,0,0,NaN,NaN,11.676638239854467,NaN,NaN,NaN,0.8583348656706931,0.877831997073,NaN,NaN,NaN,NaN,NaN,NaN,NaN,NaN,NaN,NaN,1,0,0,0,0,NaN,NaN,11.676638239854467,NaN,NaN,NaN,0.8583348656706931,0.877831997073,NaN,NaN,NaN,NaN,NaN,NaN,NaN,NaN,NaN,NaN,1
2024-06-28T16:33:00-04:00,0.8953836005352843,0.9101,0.8953836005352843,0.9101,0.8893345834319554,0.9119448116455585,0.8984134355270159,0,0,18931,19020,0,0,0,0,NaN,NaN,6.7906095887959,NaN,NaN,NaN,0.8583348656706931,0.877831997073,NaN,NaN,NaN,NaN,NaN,NaN,NaN,NaN,NaN,NaN,1,0,0,0,0,NaN,NaN,6.7906095887959,NaN,NaN,NaN,0.8583348656706931,0.877831997073,NaN,NaN,NaN,NaN,NaN,NaN,NaN,NaN,NaN,NaN,1
2024-06-28T17:20:00-04:00,0.9027418002676422,0.9101,0.9027418002676422,0.9101,0.8931101137170544,0.9119166465822676,0.898431688368788,0,0,18931,19021,0,0,0,0,NaN,NaN,3.234593772829574,NaN,NaN,NaN,0.8583348656706931,0.877831997073,NaN,NaN,NaN,NaN,NaN,NaN,NaN,NaN,NaN,NaN,1,0,0,0,0,NaN,NaN,3.234593772829574,NaN,NaN,NaN,0.8583348656706931,0.877831997073,NaN,NaN,NaN,NaN,NaN,NaN,NaN,NaN,NaN,NaN,1
2024-06-28T19:27:00-04:00,0.906420900133821,0.9102,0.906420900133821,0.91015,0.8962082748594081,0.9118896748787215,0.8984972087022026,0,0,18931,19022,0,0,0,0,NaN,NaN,0.9277886298248312,NaN,NaN,NaN,0.86632610320798,0.877831997073,NaN,NaN,NaN,NaN,NaN,NaN,NaN,NaN,NaN,NaN,1,0,0,0,0,NaN,NaN,0.9277886298248312,NaN,NaN,NaN,0.86632610320798,0.877831997073,NaN,NaN,NaN,NaN,NaN,NaN,NaN,NaN,NaN,NaN,1
2024-06-28T19:58:00-04:00,0.9082854500669105,0.9101,0.9082854500669105,0.91005,0.8987249521576975,0.9118615882393517,0.89886597948398,0,0,18931,19023,0,0,0,0,NaN,NaN,0.11801450365406299,NaN,NaN,NaN,0.8842932418325609,0.877831997073,NaN,NaN,NaN,NaN,NaN,NaN,NaN,NaN,NaN,NaN,1,0,0,0,0,NaN,NaN,0.11801450365406299,NaN,NaN,NaN,0.8842932418325609,0.877831997073,NaN,NaN,NaN,NaN,NaN,NaN,NaN,NaN,NaN,NaN,1
2024-07-01T08:58:00-04:00,0.9091677250334553,0.9091677250334553,0.8711,0.8711,0.8937022335835707,0.9112392739150867,0.8711,0,1,18931,19024,0,0,0,0,NaN,NaN,0.0021242228274164885,NaN,NaN,NaN,0.8842932418325609,0.877831997073,NaN,NaN,NaN,NaN,NaN,NaN,NaN,NaN,NaN,NaN,1,0,0,0,0,NaN,NaN,0.0021242228274164885,NaN,NaN,NaN,0.8842932418325609,0.877831997073,NaN,NaN,NaN,NaN,NaN,NaN,NaN,NaN,NaN,NaN,1
2024-07-01T09:30:00-04:00,0.8901338625167277,0.899,0.8901338625167277,0.899,0.8946654638411033,0.9110524147713449,0.8817137546468402,0,0,18931,19025,0,0,0,0,NaN,NaN,0.6424549766832952,NaN,NaN,NaN,0.8842932418325609,0.877831997073,NaN,NaN,NaN,NaN,NaN,NaN,NaN,NaN,NaN,NaN,1,0,0,0,0,NaN,NaN,0.6424549766832952,NaN,NaN,NaN,0.8842932418325609,0.877831997073,NaN,NaN,NaN,NaN,NaN,NaN,NaN,NaN,NaN,NaN,1
2024-07-01T09:31:00-04:00,0.8945669312583638,0.8945669312583638,0.8711,0.8711,0.8903808340518118,0.9104424542404846,0.8805435501653804,0,1,18931,19026,0,0,0,0,NaN,NaN,1.6936903423463465,NaN,NaN,NaN,0.8842932418325609,0.877831997073,NaN,NaN,NaN,NaN,NaN,NaN,NaN,NaN,NaN,NaN,1,0,0,0,0,NaN,NaN,1.6936903423463465,NaN,NaN,NaN,0.8842932418325609,0.877831997073,NaN,NaN,NaN,NaN,NaN,NaN,NaN,NaN,NaN,NaN,1
2024-07-01T09:34:00-04:00,0.8828334656291819,0.8828334656291819,0.8701,0.8701,0.8866934096787551,0.9098265389085688,0.8768322672352523,0,0,18931,19027,0,0,0,0,NaN,NaN,3.3621254188274117,NaN,NaN,NaN,0.8842932418325609,0.877831997073,NaN,NaN,NaN,NaN,NaN,NaN,NaN,NaN,NaN,NaN,1,0,0,0,0,NaN,NaN,3.3621254188274117,NaN,NaN,NaN,0.8842932418325609,0.877831997073,NaN,NaN,NaN,NaN,NaN,NaN,NaN,NaN,NaN,NaN,1
2024-07-01T09:36:00-04:00,0.876466732814591,0.876466732814591,0.8701,0.8701,0.8836764261007997,0.9092200268641631,0.874471158283341,0,0,18931,19028,0,0,0,0,NaN,NaN,5.91544040829146,NaN,NaN,NaN,0.8842932418325609,0.877831997073,NaN,NaN,NaN,NaN,NaN,NaN,NaN,NaN,NaN,NaN,1,0,0,0,0,NaN,NaN,5.91544040829146,NaN,NaN,NaN,0.8842932418325609,0.877831997073,NaN,NaN,NaN,NaN,NaN,NaN,NaN,NaN,NaN,NaN,1
2024-07-01T09:37:00-04:00,0.8732833664072954,0.8732833664072954,0.8701,0.8701,0.8812079849915634,0.9086227745456263,0.8741018166455428,0,0,18931,19029,0,0,0,0,NaN,NaN,9.629536121364639,NaN,NaN,NaN,0.8842932418325609,0.877831997073,NaN,NaN,NaN,NaN,NaN,NaN,NaN,NaN,NaN,NaN,1,0,0,0,0,NaN,NaN,9.629536121364639,NaN,NaN,NaN,0.8842932418325609,0.877831997073,NaN,NaN,NaN,NaN,NaN,NaN,NaN,NaN,NaN,NaN,1
2024-07-01T09:38:00-04:00,0.8716916832036476,0.91,0.8716916832036476,0.91,0.8864428968112792,0.9086438008884412,0.8792912902059992,0,0,18931,19030,0,0,0,0,NaN,NaN,12.95610755896516,NaN,NaN,NaN,0.8842932418325609,0.877831997073,NaN,NaN,NaN,NaN,NaN,NaN,NaN,NaN,NaN,NaN,1,0,0,0,0,NaN,NaN,12.95610755896516,NaN,NaN,NaN,0.8842932418325609,0.877831997073,NaN,NaN,NaN,NaN,NaN,NaN,NaN,NaN,NaN,NaN,1
2024-07-01T09:54:00-04:00,0.8908458416018239,0.8908458416018239,0.89,0.89,0.8870896428455921,0.9083591627069383,0.8796648064178583,0,0,18931,19031,0,0,0,0,NaN,NaN,13.848012801804154,NaN,NaN,NaN,0.8842932418325609,0.877831997073,NaN,NaN,NaN,NaN,NaN,NaN,NaN,NaN,NaN,NaN,1,0,0,0,0,NaN,NaN,13.848012801804154,NaN,NaN,NaN,0.8842932418325609,0.877831997073,NaN,NaN,NaN,NaN,NaN,NaN,NaN,NaN,NaN,NaN,1
2024-07-01T09:55:00-04:00,0.890422920800912,0.91,0.890422920800912,0.91,0.8912551623282118,0.9083842136579774,0.8806872261543646,0,0,18931,19032,0,0,0,0,NaN,NaN,17.51162600495708,NaN,NaN,NaN,0.8842932418325609,0.877831997073,NaN,NaN,NaN,NaN,NaN,NaN,NaN,NaN,NaN,NaN,1,0,0,0,0,NaN,NaN,17.51162600495708,NaN,NaN,NaN,0.8842932418325609,0.877831997073,NaN,NaN,NaN,NaN,NaN,NaN,NaN,NaN,NaN,NaN,1
2024-07-01T10:03:00-04:00,0.9002114604004561,0.9002114604004561,0.89,0.89,0.8910269509958096,0.9081035386402984,0.8812753394379539,0,0,18931,19033,0,0,0,0,NaN,NaN,19.92849318814745,NaN,NaN,NaN,0.8842932418325609,0.877831997073,NaN,NaN,NaN,NaN,NaN,NaN,NaN,NaN,NaN,NaN,1,0,0,0,0,NaN,NaN,19.92849318814745,NaN,NaN,NaN,0.8842932418325609,0.877831997073,NaN,NaN,NaN,NaN,NaN,NaN,NaN,NaN,NaN,NaN,1
2024-07-01T10:14:00-04:00,0.8951057302002281,0.8951057302002281,0.887,0.8885,0.8905675053602079,0.9078042479740343,0.8843147978781781,0,0,18931,19034,0,0,0,0,NaN,NaN,23.689586773790243,NaN,NaN,NaN,0.8842932418325609,0.877831997073,NaN,NaN,NaN,NaN,NaN,NaN,NaN,NaN,NaN,NaN,1,0,0,0,0,NaN,NaN,23.689586773790243,NaN,NaN,NaN,0.8842932418325609,0.877831997073,NaN,NaN,NaN,NaN,NaN,NaN,NaN,NaN,NaN,NaN,1
2024-07-01T10:18:00-04:00,0.891802865100114,0.891802865100114,0.87504,0.87504,0.8877443225674428,0.9073040304477131,0.8841481947188791,0,0,18931,19035,0,0,0,0,NaN,NaN,25.11530318535044,NaN,NaN,NaN,0.8842932418325609,0.877831997073,NaN,NaN,NaN,NaN,NaN,NaN,NaN,NaN,NaN,NaN,1,0,0,0,0,NaN,NaN,25.11530318535044,NaN,NaN,NaN,0.8842932418325609,0.877831997073,NaN,NaN,NaN,NaN,NaN,NaN,NaN,NaN,NaN,NaN,1
2024-07-01T10:28:00-04:00,0.883421432550057,0.883421432550057,0.8754,0.8754,0.8854999002824532,0.9068169460133969,0.8839938238927122,0,0,18931,19036,0,0,0,0,NaN,NaN,26.316810074815077,NaN,NaN,NaN,0.8842932418325609,0.877831997073,NaN,NaN,NaN,NaN,NaN,NaN,NaN,NaN,NaN,NaN,1,0,0,0,0,NaN,NaN,26.316810074815077,NaN,NaN,NaN,0.8842932418325609,0.877831997073,NaN,NaN,NaN,NaN,NaN,NaN,NaN,NaN,NaN,NaN,1
2024-07-01T10:38:00-04:00,0.8794107162750284,0.8794107162750284,0.87,0.87,0.8826817365947344,0.9062548552345664,0.8828592508513053,0,0,18931,19037,0,0,0,0,NaN,NaN,26.159255071000715,NaN,NaN,NaN,0.8842932418325609,0.877831997073,NaN,NaN,NaN,NaN,NaN,NaN,NaN,NaN,NaN,NaN,1,0,0,0,0,NaN,NaN,26.159255071000715,NaN,NaN,NaN,0.8842932418325609,0.877831997073,NaN,NaN,NaN,NaN,NaN,NaN,NaN,NaN,NaN,NaN,1
2024-07-01T10:39:00-04:00,0.8747053581375142,0.8747053581375142,0.859028,0.8610639999999999,0.8787512390320554,0.905564918513428,0.8798181945025813,0,0,18931,19038,0,0,0,0,NaN,NaN,24.810468373339784,NaN,NaN,NaN,0.8842932418325609,0.877831997073,NaN,NaN,NaN,NaN,NaN,NaN,NaN,NaN,NaN,NaN,1,0,0,0,0,NaN,NaN,24.810468373339784,NaN,NaN,NaN,0.8842932418325609,0.877831997073,NaN,NaN,NaN,NaN,NaN,NaN,NaN,NaN,NaN,NaN,1
2024-07-01T10:41:00-04:00,0.8678846790687571,0.8678846790687571,0.8469,0.85295,0.8740601046625908,0.9047616373147497,0.8739562561361405,0,0,18931,19039,0,0,0,0,NaN,NaN,21.83475153914177,NaN,NaN,NaN,0.8842932418325609,0.877831997073,NaN,NaN,NaN,NaN,NaN,NaN,NaN,NaN,NaN,NaN,1,0,0,0,0,NaN,NaN,21.83475153914177,NaN,NaN,NaN,0.8842932418325609,0.877831997073,NaN,NaN,NaN,NaN,NaN,NaN,NaN,NaN,NaN,NaN,1
2024-07-01T10:44:00-04:00,0.8604173395343786,0.8604173395343786,0.8472,0.8472,0.8691764492693924,0.9038828336916237,0.8733849685064587,0,0,18931,19040,0,0,0,0,NaN,NaN,18.616530095864086,NaN,NaN,NaN,0.8842932418325609,0.877831997073,NaN,NaN,NaN,NaN,NaN,NaN,NaN,NaN,NaN,NaN,1,0,0,0,0,NaN,NaN,18.616530095864086,NaN,NaN,NaN,0.8842932418325609,0.877831997073,NaN,NaN,NaN,NaN,NaN,NaN,NaN,NaN,NaN,NaN,1
2024-07-01T10:52:00-04:00,0.8538086697671893,0.8699,0.8469,0.8584,0.8672170948567757,0.903188439284118,0.8718101652813603,0,0,18931,19041,0,0,0,0,NaN,NaN,16.825722005136708,NaN,NaN,NaN,0.8842932418325609,0.877831997073,NaN,NaN,NaN,NaN,NaN,NaN,NaN,NaN,NaN,NaN,1,0,0,0,0,NaN,NaN,16.825722005136708,NaN,NaN,NaN,0.8842932418325609,0.877831997073,NaN,NaN,NaN,NaN,NaN,NaN,NaN,NaN,NaN,NaN,1
2024-07-01T11:02:00-04:00,0.8561043348835946,0.8561043348835946,0.83,0.83325,0.861041259428271,0.9021206768522994,0.8643758772268064,0,1,18931,19042,0,0,0,0,NaN,NaN,12.271498116238018,NaN,NaN,NaN,0.8842932418325609,0.86958175,NaN,NaN,NaN,NaN,NaN,NaN,NaN,NaN,NaN,NaN,1,0,0,0,0,NaN,NaN,12.271498116238018,NaN,NaN,NaN,0.8842932418325609,0.86958175,NaN,NaN,NaN,NaN,NaN,NaN,NaN,NaN,NaN,NaN,1
2024-07-01T11:03:00-04:00,0.8446771674417973,0.8446771674417973,0.8351,0.8351,0.856324666804949,0.9010974604118063,0.8639311916154021,0,0,18931,19043,0,0,0,0,NaN,NaN,8.929555435148925,NaN,NaN,NaN,0.8842932418325609,0.86958175,NaN,NaN,NaN,NaN,NaN,NaN,NaN,NaN,NaN,NaN,1,0,0,0,0,NaN,NaN,8.929555435148925,NaN,NaN,NaN,0.8842932418325609,0.86958175,NaN,NaN,NaN,NaN,NaN,NaN,NaN,NaN,NaN,NaN,1
2024-07-01T11:04:00-04:00,0.8398885837208987,0.84,0.8398885837208987,0.84,0.8533565455676856,0.9001646747566642,0.8607754994395728,0,0,18931,19044,0,0,0,0,NaN,NaN,6.10619128405335,NaN,NaN,NaN,0.8842932418325609,0.86958175,NaN,NaN,NaN,NaN,NaN,NaN,NaN,NaN,NaN,NaN,1,0,0,0,0,NaN,NaN,6.10619128405335,NaN,NaN,NaN,0.8842932418325609,0.86958175,NaN,NaN,NaN,NaN,NaN,NaN,NaN,NaN,NaN,NaN,1
2024-07-01T11:07:00-04:00,0.8399442918604494,0.84,0.831438,0.8378595,0.8505389009190155,0.8992134507145777,0.8583443802675782,0,0,18931,19045,0,0,0,0,NaN,0.831438,3.7347720359236685,NaN,NaN,NaN,0.8842932418325609,0.86958175,NaN,NaN,NaN,NaN,NaN,NaN,NaN,NaN,NaN,NaN,1,0,0,0,0,NaN,0.831438,3.7347720359236685,NaN,NaN,NaN,0.8842932418325609,0.86958175,NaN,NaN,NaN,NaN,NaN,NaN,NaN,NaN,NaN,NaN,1
2024-07-01T11:08:00-04:00,0.8389018959302247,0.84,0.835,0.8374747499999999,0.8481636007519218,0.898270875131149,0.8561250721716002,0,0,18931,19046,0,0,0,0,NaN,NaN,2.001409573421508,NaN,NaN,NaN,0.8842932418325609,0.86958175,NaN,NaN,NaN,NaN,NaN,NaN,NaN,NaN,NaN,NaN,1,0,0,0,0,NaN,NaN,2.001409573421508,NaN,NaN,NaN,0.8842932418325609,0.86958175,NaN,NaN,NaN,NaN,NaN,NaN,NaN,NaN,NaN,NaN,1
2024-07-01T11:10:00-04:00,0.8381883229651124,0.85,0.8381883229651124,0.85,0.8484974915242997,0.8975339152054826,0.8550591934329592,0,0,18931,19047,0,0,0,0,NaN,NaN,1.121416101888621,NaN,NaN,NaN,0.8842932418325609,0.86958175,NaN,NaN,NaN,NaN,NaN,NaN,NaN,NaN,NaN,NaN,1,0,0,0,0,NaN,NaN,1.121416101888621,NaN,NaN,NaN,0.8842932418325609,0.86958175,NaN,NaN,NaN,NaN,NaN,NaN,NaN,NaN,NaN,NaN,1
2024-07-01T11:11:00-04:00,0.8440941614825561,0.852,0.8440941614825561,0.85105,0.848961583974427,0.8968242371107424,0.8550160578520399,0,0,18931,19048,0,0,0,0,NaN,NaN,0.4983735953944081,NaN,NaN,NaN,0.8808934531402018,0.86958175,NaN,NaN,NaN,NaN,NaN,NaN,NaN,NaN,NaN,NaN,1,0,0,0,0,NaN,NaN,0.4983735953944081,NaN,NaN,NaN,0.8808934531402018,0.86958175,NaN,NaN,NaN,NaN,NaN,NaN,NaN,NaN,NaN,NaN,1
2024-07-01T11:12:00-04:00,0.8475720807412781,0.86,0.8475720807412781,0.86,0.8509685687063494,0.8962620350174486,0.8550795853267336,0,0,18931,19049,0,0,0,0,NaN,NaN,0.20980115911970876,NaN,NaN,NaN,0.8808934531402018,0.86958175,NaN,NaN,NaN,NaN,NaN,NaN,NaN,NaN,NaN,NaN,1,0,0,0,0,NaN,NaN,0.20980115911970876,NaN,NaN,NaN,0.8808934531402018,0.86958175,NaN,NaN,NaN,NaN,NaN,NaN,NaN,NaN,NaN,NaN,1
2024-07-01T11:19:00-04:00,0.853786040370639,0.854279,0.8501,0.8521894999999999,0.8511905562142859,0.8955891718874113,0.8549505427118851,0,0,18931,19050,0,0,0,0,NaN,NaN,0.008048214695304272,NaN,NaN,NaN,0.8808934531402018,0.86958175,NaN,NaN,NaN,NaN,NaN,NaN,NaN,NaN,NaN,NaN,1,0,0,0,0,NaN,NaN,0.008048214695304272,NaN,NaN,NaN,0.8808934531402018,0.86958175,NaN,NaN,NaN,NaN,NaN,NaN,NaN,NaN,NaN,NaN,1
2024-07-01T11:20:00-04:00,0.8529877701853195,0.8551,0.8529877701853195,0.8551,0.8519013641753248,0.8949710165914203,0.8549535156846754,0,0,18931,19051,0,0,0,0,NaN,NaN,0.6620883352945924,NaN,NaN,NaN,0.8808934531402018,0.86958175,NaN,NaN,NaN,NaN,NaN,NaN,NaN,NaN,NaN,NaN,1,0,0,0,0,NaN,NaN,0.6620883352945924,NaN,NaN,NaN,0.8808934531402018,0.86958175,NaN,NaN,NaN,NaN,NaN,NaN,NaN,NaN,NaN,NaN,1
2024-07-01T11:24:00-04:00,0.8540438850926597,0.857551,0.85011,0.85321775,0.8521407070525385,0.8943335621396429,0.8548315318556738,0,0,18931,19052,0,0,0,0,NaN,NaN,1.2234940388655149,NaN,NaN,NaN,0.8808934531402018,0.86958175,NaN,NaN,NaN,NaN,NaN,NaN,NaN,NaN,NaN,NaN,1,0,0,0,0,NaN,NaN,1.2234940388655149,NaN,NaN,NaN,0.8808934531402018,0.86958175,NaN,NaN,NaN,NaN,NaN,NaN,NaN,NaN,NaN,NaN,1
2024-07-01T11:34:00-04:00,0.8536308175463299,0.8551,0.8536308175463299,0.8551,0.8526787603157133,0.8937345764581216,0.8548325211987764,0,0,18931,19053,0,0,0,0,NaN,NaN,3.011819661277828,NaN,NaN,NaN,0.8808934531402018,0.86958175,NaN,NaN,NaN,NaN,NaN,NaN,NaN,NaN,NaN,NaN,1,0,0,0,0,NaN,NaN,3.011819661277828,NaN,NaN,NaN,0.8808934531402018,0.86958175,NaN,NaN,NaN,NaN,NaN,NaN,NaN,NaN,NaN,NaN,1
2024-07-01T11:35:00-04:00,0.8543654087731649,0.8543654087731649,0.85,0.85,0.8521917129855836,0.8930668730007457,0.8547971647369768,0,1,18931,19054,0,0,0,0,NaN,NaN,4.243813209437215,NaN,NaN,NaN,0.8808934531402018,0.86958175,NaN,NaN,NaN,NaN,NaN,NaN,NaN,NaN,NaN,NaN,1,0,0,0,0,NaN,NaN,4.243813209437215,NaN,NaN,NaN,0.8808934531402018,0.86958175,NaN,NaN,NaN,NaN,NaN,NaN,NaN,NaN,NaN,NaN,1
2024-07-01T11:53:00-04:00,0.8521827043865824,0.8521827043865824,0.85,0.85,0.8517932197154775,0.8924093634892839,0.8547796798093744,0,0,18931,19055,0,0,0,0,NaN,NaN,6.7036180406144465,NaN,NaN,NaN,0.8808934531402018,0.86958175,NaN,NaN,NaN,NaN,NaN,NaN,NaN,NaN,NaN,NaN,1,0,0,0,0,NaN,NaN,6.7036180406144465,NaN,NaN,NaN,0.8808934531402018,0.86958175,NaN,NaN,NaN,NaN,NaN,NaN,NaN,NaN,NaN,NaN,1
2024-07-01T11:54:00-04:00,0.8510913521932912,0.8697,0.8510913521932912,0.8697,0.855048997949027,0.8920626556497528,0.8550467244863257,0,0,18931,19056,0,0,0,0,NaN,NaN,8.413927958355917,NaN,NaN,NaN,0.8808934531402018,0.86958175,NaN,NaN,NaN,NaN,NaN,NaN,NaN,NaN,NaN,NaN,1,0,0,0,0,NaN,NaN,8.413927958355917,NaN,NaN,NaN,0.8808934531402018,0.86958175,NaN,NaN,NaN,NaN,NaN,NaN,NaN,NaN,NaN,NaN,1
2024-07-01T12:03:00-04:00,0.8603956760966456,0.8603956760966456,0.85,0.85,0.8541309983219312,0.8914204777009016,0.8550287236142815,0,1,18931,19057,0,0,0,0,NaN,NaN,11.668309387259821,NaN,NaN,NaN,0.8808934531402018,0.86958175,NaN,NaN,NaN,NaN,NaN,NaN,NaN,NaN,NaN,NaN,1,0,0,0,0,NaN,NaN,11.668309387259821,NaN,NaN,NaN,0.8808934531402018,0.86958175,NaN,NaN,NaN,NaN,NaN,NaN,NaN,NaN,NaN,NaN,1
2024-07-01T12:30:00-04:00,0.8551978380483227,0.8551978380483227,0.85,0.85,0.8533799077179437,0.8907881039955443,0.8550094263519754,0,0,18931,19058,0,0,0,0,NaN,NaN,15.132883405835154,NaN,NaN,NaN,0.8808934531402018,0.86958175,NaN,NaN,NaN,NaN,NaN,NaN,NaN,NaN,NaN,NaN,1,0,0,0,0,NaN,NaN,15.132883405835154,NaN,NaN,NaN,0.8808934531402018,0.86958175,NaN,NaN,NaN,NaN,NaN,NaN,NaN,NaN,NaN,NaN,1
2024-07-01T12:36:00-04:00,0.8525989190241614,0.8525989190241614,0.85,0.85,0.8527653790419539,0.8901653848505742,0.8549916901023225,0,0,18931,19059,0,0,0,0,NaN,NaN,19.335636345417914,NaN,NaN,NaN,0.8808934531402018,0.86958175,NaN,NaN,NaN,NaN,NaN,NaN,NaN,NaN,NaN,NaN,1,0,0,0,0,NaN,NaN,19.335636345417914,NaN,NaN,NaN,0.8808934531402018,0.86958175,NaN,NaN,NaN,NaN,NaN,NaN,NaN,NaN,NaN,NaN,1
2024-07-01T12:47:00-04:00,0.8512994595120806,0.87,0.8512994595120806,0.87,0.8558989464888714,0.889857516379573,0.8559915827908127,0,0,18931,19060,0,0,0,0,NaN,NaN,22.28986458435628,NaN,NaN,NaN,0.8808934531402018,0.86958175,NaN,NaN,NaN,NaN,NaN,NaN,NaN,NaN,NaN,NaN,1,0,0,0,0,NaN,NaN,22.28986458435628,NaN,NaN,NaN,0.8808934531402018,0.86958175,NaN,NaN,NaN,NaN,NaN,NaN,NaN,NaN,NaN,NaN,1
2024-07-01T12:49:00-04:00,0.8606497297560403,0.8606497297560403,0.8501,0.8501,0.8548445925818039,0.8892505313966788,0.8559528987278395,0,1,18931,19061,0,0,0,0,NaN,NaN,25.973364019069884,NaN,NaN,NaN,0.8808934531402018,0.86958175,NaN,NaN,NaN,NaN,NaN,NaN,NaN,NaN,NaN,NaN,1,0,0,0,0,NaN,NaN,25.973364019069884,NaN,NaN,NaN,0.8808934531402018,0.86958175,NaN,NaN,NaN,NaN,NaN,NaN,NaN,NaN,NaN,NaN,1
2024-07-01T12:52:00-04:00,0.8553748648780202,0.8553748648780202,0.8501,0.8501,0.8539819393851122,0.8886528133600883,0.8559337465723165,0,0,18931,19062,0,0,0,0,NaN,NaN,29.865668976869685,NaN,NaN,NaN,0.8808934531402018,0.86958175,NaN,NaN,NaN,NaN,NaN,NaN,NaN,NaN,NaN,NaN,1,0,0,0,0,NaN,NaN,29.865668976869685,NaN,NaN,NaN,0.8808934531402018,0.86958175,NaN,NaN,NaN,NaN,NaN,NaN,NaN,NaN,NaN,NaN,1
2024-07-01T12:53:00-04:00,0.85273743243901,0.85273743243901,0.8502,0.8502,0.8532943140423646,0.8880657475072625,0.8559150455071752,0,0,18931,19063,0,0,0,0,NaN,NaN,35.9564368529713,NaN,NaN,NaN,0.8808934531402018,0.86958175,NaN,NaN,NaN,NaN,NaN,NaN,NaN,NaN,NaN,NaN,1,0,0,0,0,NaN,NaN,35.9564368529713,NaN,NaN,NaN,0.8808934531402018,0.86958175,NaN,NaN,NaN,NaN,NaN,NaN,NaN,NaN,NaN,NaN,1
2024-07-01T13:11:00-04:00,0.8514687162195049,0.8514687162195049,0.85015,0.8501749999999999,0.8527271660346619,0.8874872628124951,0.8558594249111755,0,0,18931,19064,0,0,0,0,NaN,NaN,39.97875305357276,NaN,NaN,NaN,0.8808934531402018,0.86958175,NaN,NaN,NaN,NaN,NaN,NaN,NaN,NaN,NaN,NaN,1,0,0,0,0,NaN,NaN,39.97875305357276,NaN,NaN,NaN,0.8808934531402018,0.86958175,NaN,NaN,NaN,NaN,NaN,NaN,NaN,NaN,NaN,NaN,1
2024-07-01T13:13:00-04:00,0.8508218581097524,0.8508218581097524,0.8501,0.8501,0.8522494994829052,0.8869164649069609,0.8558224581274068,0,0,18931,19065,0,0,0,0,NaN,NaN,38.98707400191456,NaN,NaN,NaN,0.8808934531402018,0.86958175,NaN,NaN,NaN,NaN,NaN,NaN,NaN,NaN,NaN,NaN,1,0,0,0,0,NaN,NaN,38.98707400191456,NaN,NaN,NaN,0.8808934531402018,0.86958175,NaN,NaN,NaN,NaN,NaN,NaN,NaN,NaN,NaN,NaN,1
2024-07-01T13:49:00-04:00,0.8504609290548761,0.8504609290548761,0.8501,0.8501249999999999,0.8518632268496497,0.8863547631526562,0.8556281864615621,0,0,18931,19066,0,0,0,0,NaN,NaN,41.72378230651673,NaN,NaN,NaN,0.8808934531402018,0.86958175,NaN,NaN,NaN,NaN,NaN,NaN,NaN,NaN,NaN,NaN,1,0,0,0,0,NaN,NaN,41.72378230651673,NaN,NaN,NaN,0.8808934531402018,0.86958175,NaN,NaN,NaN,NaN,NaN,NaN,NaN,NaN,NaN,NaN,1
2024-07-01T13:51:00-04:00,0.850292964527438,0.850292964527438,0.85,0.85005,0.8515335492406224,0.8858004919594858,0.8551891448266505,0,0,18931,19067,0,0,0,0,NaN,NaN,44.45801602835853,NaN,NaN,NaN,0.8808934531402018,0.86958175,NaN,NaN,NaN,NaN,NaN,NaN,NaN,NaN,NaN,NaN,1,0,0,0,0,NaN,NaN,44.45801602835853,NaN,NaN,NaN,0.8808934531402018,0.86958175,NaN,NaN,NaN,NaN,NaN,NaN,NaN,NaN,NaN,NaN,1
2024-07-01T13:52:00-04:00,0.850171482263719,0.850171482263719,0.8116,0.8208249999999999,0.8459501766514184,0.8848084997158295,0.8519243201501601,0,0,18931,19068,0,0,0,0,NaN,NaN,47.3334903869685,NaN,NaN,NaN,0.8808934531402018,0.8620929225,NaN,NaN,NaN,NaN,NaN,NaN,NaN,NaN,NaN,NaN,1,0,0,0,0,NaN,NaN,47.3334903869685,NaN,NaN,NaN,0.8808934531402018,0.8620929225,NaN,NaN,NaN,NaN,NaN,NaN,NaN,NaN,NaN,NaN,1
2024-07-01T13:53:00-04:00,0.8354982411318594,0.8354982411318594,0.8121,0.8124,0.8398501445329787,0.8837030264377252,0.8514200805075013,0,0,18931,19069,0,0,0,0,NaN,NaN,50.15693617958609,NaN,NaN,NaN,0.8720617804307823,0.85515159715,NaN,NaN,NaN,NaN,NaN,NaN,NaN,NaN,NaN,NaN,1,0,0,0,0,NaN,NaN,50.15693617958609,NaN,NaN,NaN,0.8720617804307823,0.85515159715,NaN,NaN,NaN,NaN,NaN,NaN,NaN,NaN,NaN,NaN,1
2024-07-01T13:56:00-04:00,0.8239491205659297,0.845,0.8239491205659297,0.845,0.8407864818906189,0.8831121405379126,0.8511320350754268,0,0,18931,19070,0,0,0,0,NaN,NaN,50.447744638737056,NaN,NaN,NaN,0.8703210338618605,0.85515159715,NaN,NaN,NaN,NaN,NaN,NaN,NaN,NaN,NaN,NaN,1,0,0,0,0,NaN,NaN,50.447744638737056,NaN,NaN,NaN,0.8703210338618605,0.85515159715,NaN,NaN,NaN,NaN,NaN,NaN,NaN,NaN,NaN,NaN,1
2024-07-01T14:06:00-04:00,0.8344745602829649,0.8599,0.8344745602829649,0.8599,0.8442616670014155,0.8827577567129063,0.8515480742681707,0,0,18931,19071,0,0,0,0,NaN,NaN,48.31139990610246,NaN,NaN,NaN,0.8703210338618605,0.85515159715,NaN,NaN,NaN,NaN,NaN,NaN,NaN,NaN,NaN,NaN,1,0,0,0,0,NaN,NaN,48.31139990610246,NaN,NaN,NaN,0.8703210338618605,0.85515159715,NaN,NaN,NaN,NaN,NaN,NaN,NaN,NaN,NaN,NaN,1
2024-07-01T14:24:00-04:00,0.8471872801414824,0.8471872801414824,0.83,0.83,0.8416686366375218,0.8819522947783581,0.8514981678961018,0,1,18931,19072,0,0,0,0,NaN,NaN,48.635986530385026,NaN,NaN,NaN,0.8703210338618605,0.85515159715,NaN,NaN,NaN,NaN,NaN,NaN,NaN,NaN,NaN,NaN,1,0,0,0,0,NaN,NaN,48.635986530385026,NaN,NaN,NaN,0.8703210338618605,0.85515159715,NaN,NaN,NaN,NaN,NaN,NaN,NaN,NaN,NaN,NaN,1
2024-07-01T14:37:00-04:00,0.8385936400707412,0.8385936400707412,0.83,0.83,0.8395470663397906,0.8811591299725816,0.8514484921609629,0,0,18931,19073,0,0,0,0,NaN,NaN,48.849782036468824,NaN,NaN,NaN,0.8703210338618605,0.85515159715,NaN,NaN,NaN,NaN,NaN,NaN,NaN,NaN,NaN,NaN,1,0,0,0,0,NaN,NaN,48.849782036468824,NaN,NaN,NaN,0.8703210338618605,0.85515159715,NaN,NaN,NaN,NaN,NaN,NaN,NaN,NaN,NaN,NaN,1
2024-07-01T14:42:00-04:00,0.8342968200353706,0.8342968200353706,0.8315,0.8315,0.8380839633689195,0.8804009753165116,0.8508225205409697,0,0,18931,19074,0,0,0,0,NaN,NaN,49.54848689639277,NaN,NaN,NaN,0.8703210338618605,0.85515159715,NaN,NaN,NaN,NaN,NaN,NaN,NaN,NaN,NaN,NaN,1,0,0,0,0,NaN,NaN,49.54848689639277,NaN,NaN,NaN,0.8703210338618605,0.85515159715,NaN,NaN,NaN,NaN,NaN,NaN,NaN,NaN,NaN,NaN,1
2024-07-01T14:44:00-04:00,0.8328984100176853,0.8328984100176853,0.83,0.83,0.8366141518472978,0.8796314947773283,0.8507760199033026,0,0,18931,19075,0,0,0,0,NaN,NaN,51.111592919025796,NaN,NaN,NaN,0.8703210338618605,0.85515159715,NaN,NaN,NaN,NaN,NaN,NaN,NaN,NaN,NaN,NaN,1,0,0,0,0,NaN,NaN,51.111592919025796,NaN,NaN,NaN,0.8703210338618605,0.85515159715,NaN,NaN,NaN,NaN,NaN,NaN,NaN,NaN,NaN,NaN,1
2024-07-01T15:17:00-04:00,0.8314492050088427,0.85255,0.8314492050088427,0.85255,0.8395115787841527,0.8792180368417966,0.8507799727099531,0,0,18931,19076,0,0,0,0,NaN,NaN,49.81508237146215,NaN,NaN,NaN,0.8703210338618605,0.85515159715,NaN,NaN,NaN,NaN,NaN,NaN,NaN,NaN,NaN,NaN,1,0,0,0,0,NaN,NaN,49.81508237146215,NaN,NaN,NaN,0.8703210338618605,0.85515159715,NaN,NaN,NaN,NaN,NaN,NaN,NaN,NaN,NaN,NaN,1
2024-07-01T15:22:00-04:00,0.8419996025044214,0.8451,0.8419996025044214,0.8451,0.8405276553688522,0.8786971507831431,0.8507673446552833,0,0,18931,19077,0,0,0,0,NaN,NaN,50.0202760368852,NaN,NaN,NaN,0.8703210338618605,0.85515159715,NaN,NaN,NaN,NaN,NaN,NaN,NaN,NaN,NaN,NaN,1,0,0,0,0,NaN,NaN,50.0202760368852,NaN,NaN,NaN,0.8703210338618605,0.85515159715,NaN,NaN,NaN,NaN,NaN,NaN,NaN,NaN,NaN,NaN,1
2024-07-01T15:29:00-04:00,0.8435498012522107,0.8435498012522107,0.84,0.84,0.8404317180290609,0.8781063545879807,0.8505331650372994,0,1,18931,19078,0,0,0,0,NaN,NaN,50.68918546787917,NaN,NaN,NaN,0.8703210338618605,0.85515159715,NaN,NaN,NaN,NaN,NaN,NaN,NaN,NaN,NaN,NaN,1,0,0,0,0,NaN,NaN,50.68918546787917,NaN,NaN,NaN,0.8703210338618605,0.85515159715,NaN,NaN,NaN,NaN,NaN,NaN,NaN,NaN,NaN,NaN,1
2024-07-01T15:35:00-04:00,0.8417749006261053,0.845,0.8417749006261053,0.845,0.8412623147510498,0.8776009140599199,0.850521157040083,0,0,18931,19079,0,0,0,0,NaN,NaN,51.95480776552882,NaN,NaN,NaN,0.8703210338618605,0.85515159715,NaN,NaN,NaN,NaN,NaN,NaN,NaN,NaN,NaN,NaN,1,0,0,0,0,NaN,NaN,51.95480776552882,NaN,NaN,NaN,0.8703210338618605,0.85515159715,NaN,NaN,NaN,NaN,NaN,NaN,NaN,NaN,NaN,NaN,1
2024-07-01T15:50:00-04:00,0.8433874503130526,0.8597,0.8433874503130526,0.8597,0.8446146211599499,0.8773276176620586,0.850541033700383,0,0,18931,19080,0,0,0,0,NaN,NaN,48.74368291526031,NaN,NaN,NaN,0.8703210338618605,0.85515159715,NaN,NaN,NaN,NaN,NaN,NaN,NaN,NaN,NaN,NaN,1,0,0,0,0,NaN,NaN,48.74368291526031,NaN,NaN,NaN,0.8703210338618605,0.85515159715,NaN,NaN,NaN,NaN,NaN,NaN,NaN,NaN,NaN,NaN,1
2024-07-01T15:53:00-04:00,0.8515437251565263,0.8598,0.81,0.83405,0.8426937809490499,0.8766668906748516,0.8482076398075848,0,0,18931,19081,0,0,0,0,NaN,NaN,49.615077674216465,NaN,NaN,NaN,0.8703210338618605,0.85515159715,NaN,NaN,NaN,NaN,NaN,NaN,NaN,NaN,NaN,NaN,1,0,0,0,0,NaN,NaN,49.615077674216465,NaN,NaN,NaN,0.8703210338618605,0.85515159715,NaN,NaN,NaN,NaN,NaN,NaN,NaN,NaN,NaN,NaN,1
2024-07-01T15:55:00-04:00,0.8427968625782631,0.8427968625782631,0.8251,0.8251,0.8394949116855863,0.8758796099011897,0.8481647605353496,0,0,18931,19082,0,0,0,0,NaN,NaN,53.43130198380079,NaN,NaN,NaN,0.8703210338618605,0.85515159715,NaN,NaN,NaN,NaN,NaN,NaN,NaN,NaN,NaN,NaN,1,0,0,0,0,NaN,NaN,53.43130198380079,NaN,NaN,NaN,0.8703210338618605,0.85515159715,NaN,NaN,NaN,NaN,NaN,NaN,NaN,NaN,NaN,NaN,1
2024-07-01T15:56:00-04:00,0.8339484312891315,0.8339484312891315,0.8251,0.82555,0.8369594731972979,0.8751112189103318,0.8479568660645338,0,0,18931,19083,0,0,0,0,NaN,NaN,57.1527391425987,NaN,NaN,NaN,0.8703210338618605,0.85515159715,NaN,NaN,NaN,NaN,NaN,NaN,NaN,NaN,NaN,NaN,1,0,0,0,0,NaN,NaN,57.1527391425987,NaN,NaN,NaN,0.8703210338618605,0.85515159715,NaN,NaN,NaN,NaN,NaN,NaN,NaN,NaN,NaN,NaN,1
2024-07-01T15:57:00-04:00,0.8297492156445658,0.856893,0.8297492156445658,0.856893,0.8405837507977892,0.8748330781636092,0.8479896051520425,0,0,18931,19084,0,0,0,0,NaN,NaN,56.58847190800134,NaN,NaN,NaN,0.8703210338618605,0.85515159715,NaN,NaN,NaN,NaN,NaN,NaN,NaN,NaN,NaN,NaN,1,0,0,0,0,NaN,NaN,56.58847190800134,NaN,NaN,NaN,0.8703210338618605,0.85515159715,NaN,NaN,NaN,NaN,NaN,NaN,NaN,NaN,NaN,NaN,1
2024-07-01T15:58:00-04:00,0.8433211078222829,0.8433211078222829,0.813,0.8181874999999998,0.8365117051981912,0.8739682601763785,0.8471621374868652,0,1,18931,19085,0,0,0,0,NaN,NaN,57.228495870613784,NaN,NaN,NaN,0.8703210338618605,0.85515159715,NaN,NaN,NaN,NaN,NaN,NaN,NaN,NaN,NaN,NaN,1,0,0,0,0,NaN,NaN,57.228495870613784,NaN,NaN,NaN,0.8703210338618605,0.85515159715,NaN,NaN,NaN,NaN,NaN,NaN,NaN,NaN,NaN,NaN,1
2024-07-01T15:59:00-04:00,0.8307543039111414,0.83085,0.812,0.824425,0.8343141224348837,0.8732118745248307,0.8466093944663584,0,0,18931,19086,0,0,0,0,NaN,NaN,58.00925674740986,NaN,NaN,NaN,0.8703210338618605,0.85515159715,NaN,NaN,NaN,NaN,NaN,NaN,NaN,NaN,NaN,NaN,1,0,0,0,0,NaN,NaN,58.00925674740986,NaN,NaN,NaN,0.8703210338618605,0.85515159715,NaN,NaN,NaN,NaN,NaN,NaN,NaN,NaN,NaN,NaN,1
2024-07-01T17:34:00-04:00,0.8275896519555707,0.857,0.8275896519555707,0.857,0.838438827446723,0.8729643649901004,0.8466274186918886,0,0,18931,19087,0,0,0,0,NaN,NaN,57.7884124097252,NaN,NaN,NaN,0.8703210338618605,0.85515159715,NaN,NaN,NaN,NaN,NaN,NaN,NaN,NaN,NaN,NaN,1,0,0,0,0,NaN,NaN,57.7884124097252,NaN,NaN,NaN,0.8703210338618605,0.85515159715,NaN,NaN,NaN,NaN,NaN,NaN,NaN,NaN,NaN,NaN,1
2024-07-02T08:37:00-04:00,0.8422948259777854,0.89,0.8422948259777854,0.89,0.8478135860927734,0.8732244510207859,0.89,0,0,18931,19088,0,0,0,0,NaN,NaN,48.18025705957745,NaN,NaN,NaN,0.8703210338618605,0.85515159715,NaN,NaN,NaN,NaN,NaN,NaN,NaN,NaN,NaN,NaN,1,0,0,0,0,NaN,NaN,48.18025705957745,NaN,NaN,NaN,0.8703210338618605,0.85515159715,NaN,NaN,NaN,NaN,NaN,NaN,NaN,NaN,NaN,NaN,1
2024-07-02T09:30:00-04:00,0.8661474129888926,0.8661474129888926,0.8586,0.8586,0.8497747522577237,0.8730011769593999,0.8765428571428571,0,0,18931,19089,0,0,0,0,NaN,NaN,46.8634138841107,NaN,NaN,NaN,0.8703210338618605,0.85515159715,NaN,NaN,NaN,NaN,NaN,NaN,NaN,NaN,NaN,NaN,1,0,0,0,0,NaN,NaN,46.8634138841107,NaN,NaN,NaN,0.8703210338618605,0.85515159715,NaN,NaN,NaN,NaN,NaN,NaN,NaN,NaN,NaN,NaN,1
2024-07-02T09:38:00-04:00,0.8623737064944463,0.8623737064944463,0.859,0.859,0.8514520700290467,0.8727874185325388,0.8616127659574468,0,0,18931,19090,0,0,0,0,NaN,NaN,44.67106701005943,NaN,NaN,NaN,0.8703210338618605,0.85515159715,NaN,NaN,NaN,NaN,NaN,NaN,NaN,NaN,NaN,NaN,1,0,0,0,0,NaN,NaN,44.67106701005943,NaN,NaN,NaN,0.8703210338618605,0.85515159715,NaN,NaN,NaN,NaN,NaN,NaN,NaN,NaN,NaN,NaN,1
2024-07-02T09:39:00-04:00,0.8606868532472232,0.8606868532472232,0.858,0.858,0.8526426027510382,0.8725616564175382,0.860534328358209,0,0,18931,19091,0,0,0,0,NaN,NaN,40.54137593152661,NaN,NaN,NaN,0.8703210338618605,0.85515159715,NaN,NaN,NaN,NaN,NaN,NaN,NaN,NaN,NaN,NaN,1,0,0,0,0,NaN,NaN,40.54137593152661,NaN,NaN,NaN,0.8703210338618605,0.85515159715,NaN,NaN,NaN,NaN,NaN,NaN,NaN,NaN,NaN,NaN,1
2024-07-02T09:44:00-04:00,0.8593434266236115,0.8593434266236115,0.83,0.83,0.8485257658872131,0.8719118601363545,0.8580246575342466,0,0,18931,19092,0,0,0,0,NaN,NaN,39.254695701231746,NaN,NaN,NaN,0.8703210338618605,0.85515159715,NaN,NaN,NaN,NaN,NaN,NaN,NaN,NaN,NaN,NaN,1,0,0,0,0,NaN,NaN,39.254695701231746,NaN,NaN,NaN,0.8703210338618605,0.85515159715,NaN,NaN,NaN,NaN,NaN,NaN,NaN,NaN,NaN,NaN,1
2024-07-02T09:45:00-04:00,0.8446717133118058,0.8446717133118058,0.831,0.831,0.8453392629986288,0.8712872515846544,0.857304,0,0,18931,19093,0,0,0,0,NaN,NaN,37.79335025622984,NaN,NaN,NaN,0.8703210338618605,0.85515159715,NaN,NaN,NaN,NaN,NaN,NaN,NaN,NaN,NaN,NaN,1,0,0,0,0,NaN,NaN,37.79335025622984,NaN,NaN,NaN,0.8703210338618605,0.85515159715,NaN,NaN,NaN,NaN,NaN,NaN,NaN,NaN,NaN,NaN,1
2024-07-02T09:59:00-04:00,0.8378358566559029,0.8378358566559029,0.8351,0.8351,0.84347757881706,0.8707347744612245,0.8553739225712199,0,0,18931,19094,0,0,0,0,NaN,NaN,35.88193604527166,NaN,NaN,NaN,0.8703210338618605,0.85515159715,NaN,NaN,NaN,NaN,NaN,NaN,NaN,NaN,NaN,NaN,1,0,0,0,0,NaN,NaN,35.88193604527166,NaN,NaN,NaN,0.8703210338618605,0.85515159715,NaN,NaN,NaN,NaN,NaN,NaN,NaN,NaN,NaN,NaN,1
2024-07-02T10:13:00-04:00,0.8364679283279515,0.8364679283279515,0.8351,0.8351,0.8419543826685036,0.8701907321030379,0.8548920133111482,0,0,18931,19095,0,0,0,0,NaN,NaN,33.87793251397767,NaN,NaN,NaN,0.8703210338618605,0.85515159715,NaN,NaN,NaN,NaN,NaN,NaN,NaN,NaN,NaN,NaN,1,0,0,0,0,NaN,NaN,33.87793251397767,NaN,NaN,NaN,0.8703210338618605,0.85515159715,NaN,NaN,NaN,NaN,NaN,NaN,NaN,NaN,NaN,NaN,1
2024-07-02T10:15:00-04:00,0.8357839641639757,0.8357839641639757,0.835,0.835075,0.8407035858196849,0.8696546140556632,0.8476402110022608,0,0,18931,19096,0,0,0,0,NaN,NaN,33.82590657941292,NaN,NaN,NaN,0.8703210338618605,0.85515159715,NaN,NaN,NaN,NaN,NaN,NaN,NaN,NaN,NaN,NaN,1,0,0,0,0,NaN,NaN,33.82590657941292,NaN,NaN,NaN,0.8703210338618605,0.85515159715,NaN,NaN,NaN,NaN,NaN,NaN,NaN,NaN,NaN,NaN,1
2024-07-02T10:20:00-04:00,0.8354294820819879,0.8354294820819879,0.83,0.83,0.8387574793070148,0.8690492001006149,0.847378292501856,0,0,18931,19097,0,0,0,0,NaN,NaN,32.35670812362265,NaN,NaN,NaN,0.8703210338618605,0.85515159715,NaN,NaN,NaN,NaN,NaN,NaN,NaN,NaN,NaN,NaN,1,0,0,0,0,NaN,NaN,32.35670812362265,NaN,NaN,NaN,0.8703210338618605,0.85515159715,NaN,NaN,NaN,NaN,NaN,NaN,NaN,NaN,NaN,NaN,1
2024-07-02T10:36:00-04:00,0.8327147410409939,0.8327147410409939,0.830539,0.830539,0.837263210342103,0.868461258114346,0.8402034767788666,0,0,18931,19098,0,0,0,0,NaN,NaN,32.45008983376664,NaN,NaN,NaN,0.8703210338618605,0.85515159715,NaN,NaN,NaN,NaN,NaN,NaN,NaN,NaN,NaN,NaN,1,0,0,0,0,NaN,NaN,32.45008983376664,NaN,NaN,NaN,0.8703210338618605,0.85515159715,NaN,NaN,NaN,NaN,NaN,NaN,NaN,NaN,NaN,NaN,1
2024-07-02T10:37:00-04:00,0.831626870520497,0.842996,0.831626870520497,0.842996,0.838305535734448,0.8680724755477148,0.8403682828963195,0,0,18931,19099,0,0,0,0,NaN,NaN,31.234779321733473,NaN,NaN,NaN,0.8703210338618605,0.85515159715,NaN,NaN,NaN,NaN,NaN,NaN,NaN,NaN,NaN,NaN,1,0,0,0,0,NaN,NaN,31.234779321733473,NaN,NaN,NaN,0.8703210338618605,0.85515159715,NaN,NaN,NaN,NaN,NaN,NaN,NaN,NaN,NaN,NaN,1
2024-07-02T10:39:00-04:00,0.8373114352602484,0.8399,0.8373114352602484,0.8399,0.8385954383281847,0.8676423614172154,0.8403638198713368,0,0,18931,19100,0,0,0,0,NaN,NaN,30.3044790348138,NaN,NaN,NaN,0.8703210338618605,0.85515159715,NaN,NaN,NaN,NaN,NaN,NaN,NaN,NaN,NaN,NaN,1,0,0,0,0,NaN,NaN,30.3044790348138,NaN,NaN,NaN,0.8703210338618605,0.85515159715,NaN,NaN,NaN,NaN,NaN,NaN,NaN,NaN,NaN,NaN,1
2024-07-02T11:10:00-04:00,0.8386057176301243,0.8386057176301243,0.83,0.83,0.8370326313594239,0.8670676688764946,0.8399679822779009,0,1,18931,19101,0,0,0,0,NaN,NaN,30.290250307278583,NaN,NaN,NaN,0.8703210338618605,0.85515159715,NaN,NaN,NaN,NaN,NaN,NaN,NaN,NaN,NaN,NaN,1,0,0,0,0,NaN,NaN,30.290250307278583,NaN,NaN,NaN,0.8703210338618605,0.85515159715,NaN,NaN,NaN,NaN,NaN,NaN,NaN,NaN,NaN,NaN,1
2024-07-02T11:21:00-04:00,0.834302858815062,0.834302858815062,0.7611,0.775825,0.8259039711122559,0.8656746510310519,0.8142093381331139,0,0,18931,19102,0,0,0,0,NaN,NaN,30.17738737154111,NaN,NaN,NaN,0.8627890105388974,0.8313705784065,NaN,NaN,NaN,NaN,NaN,NaN,NaN,NaN,NaN,NaN,1,0,0,0,0,NaN,NaN,30.17738737154111,NaN,NaN,NaN,0.8627890105388974,0.8313705784065,NaN,NaN,NaN,NaN,NaN,NaN,NaN,NaN,NaN,NaN,1
2024-07-02T11:23:00-04:00,0.805063929407531,0.805063929407531,0.7611,0.7611,0.8141214309100275,0.8640780914733259,0.8130225903199856,0,0,18931,19103,0,0,0,0,NaN,NaN,30.325065585696876,NaN,NaN,NaN,0.7876362068762278,0.81645910899772,NaN,NaN,NaN,NaN,NaN,NaN,NaN,NaN,NaN,NaN,1,0,0,0,0,NaN,NaN,30.325065585696876,NaN,NaN,NaN,0.7876362068762278,0.81645910899772,NaN,NaN,NaN,NaN,NaN,NaN,NaN,NaN,NaN,NaN,1
2024-07-02T11:27:00-04:00,0.7830819647037655,0.7830819647037655,0.7532,0.7532,0.8030448071082044,0.8623852961836568,0.8112078991592997,0,0,18931,19104,0,0,0,0,NaN,NaN,30.012051269508284,NaN,NaN,NaN,0.7798649930330044,0.8036127426480619,NaN,NaN,NaN,NaN,NaN,NaN,NaN,NaN,NaN,NaN,1,0,0,0,0,NaN,NaN,30.012051269508284,NaN,NaN,NaN,0.7798649930330044,0.8036127426480619,NaN,NaN,NaN,NaN,NaN,NaN,NaN,NaN,NaN,NaN,1
2024-07-02T11:31:00-04:00,0.7681409823518828,0.7681409823518828,0.753286,0.753286,0.793997751270349,0.8607196580739827,0.8085724719142952,0,0,18931,19105,0,0,0,0,NaN,NaN,30.473325415976362,NaN,NaN,NaN,0.7798649930330044,0.8036127426480619,NaN,NaN,NaN,NaN,NaN,NaN,NaN,NaN,NaN,NaN,1,0,0,0,0,NaN,NaN,30.473325415976362,NaN,NaN,NaN,0.7798649930330044,0.8036127426480619,NaN,NaN,NaN,NaN,NaN,NaN,NaN,NaN,NaN,NaN,1
2024-07-02T11:32:00-04:00,0.7607134911759414,0.78,0.7531,0.7665500000000001,0.7890072510393764,0.8592819533705631,0.8012875805580251,0,0,18931,19106,0,0,0,0,NaN,NaN,31.131253863246428,NaN,NaN,NaN,0.7798649930330044,0.8036127426480619,NaN,NaN,NaN,NaN,NaN,NaN,NaN,NaN,NaN,NaN,1,0,0,0,0,NaN,NaN,31.131253863246428,NaN,NaN,NaN,0.7798649930330044,0.8036127426480619,NaN,NaN,NaN,NaN,NaN,NaN,NaN,NaN,NaN,NaN,1
2024-07-02T11:33:00-04:00,0.7636317455879708,0.77,0.7636317455879708,0.77,0.7855513872140353,0.8579188701129973,0.8009280261272224,0,0,18931,19107,0,0,0,0,NaN,NaN,32.360831075753154,NaN,NaN,NaN,0.7798649930330044,0.8036127426480619,NaN,NaN,NaN,NaN,NaN,NaN,NaN,NaN,NaN,NaN,1,0,0,0,0,NaN,NaN,32.360831075753154,NaN,NaN,NaN,0.7798649930330044,0.8036127426480619,NaN,NaN,NaN,NaN,NaN,NaN,NaN,NaN,NaN,NaN,1
2024-07-02T11:34:00-04:00,0.7668158727939853,0.77,0.7668158727939853,0.77,0.7827238622660289,0.8565765972868447,0.8004140324735758,0,0,18931,19108,0,0,0,0,NaN,NaN,33.478636834243964,NaN,NaN,NaN,0.7798649930330044,0.8036127426480619,NaN,NaN,NaN,NaN,NaN,NaN,NaN,NaN,NaN,NaN,1,0,0,0,0,NaN,NaN,33.478636834243964,NaN,NaN,NaN,0.7798649930330044,0.8036127426480619,NaN,NaN,NaN,NaN,NaN,NaN,NaN,NaN,NaN,NaN,1
2024-07-02T11:35:00-04:00,0.7684079363969927,0.7701,0.7684079363969927,0.7700500000000001,0.7804195236722055,0.8552555805343738,0.8001142493582571,0,0,18931,19109,0,0,0,0,NaN,NaN,34.80766404355075,NaN,NaN,NaN,0.7798649930330044,0.8036127426480619,NaN,NaN,NaN,NaN,NaN,NaN,NaN,NaN,NaN,NaN,1,0,0,0,0,NaN,NaN,34.80766404355075,NaN,NaN,NaN,0.7798649930330044,0.8036127426480619,NaN,NaN,NaN,NaN,NaN,NaN,NaN,NaN,NaN,NaN,1
2024-07-02T11:37:00-04:00,0.7692289681984964,0.8138,0.7692289681984964,0.8138,0.78648870118635,0.8546226709078948,0.8001783543843559,0,0,18931,19110,0,0,0,0,NaN,NaN,34.54982658373203,NaN,NaN,NaN,0.7798649930330044,0.8036127426480619,NaN,NaN,NaN,NaN,NaN,NaN,NaN,NaN,NaN,NaN,1,0,0,0,0,NaN,NaN,34.54982658373203,NaN,NaN,NaN,0.7798649930330044,0.8036127426480619,NaN,NaN,NaN,NaN,NaN,NaN,NaN,NaN,NaN,NaN,1
2024-07-02T11:38:00-04:00,0.7915144840992482,0.8075,0.7915144840992482,0.8075,0.7903089373342863,0.853903240817698,0.8002496020305557,0,0,18931,19111,0,0,0,0,NaN,NaN,35.24235666982261,NaN,NaN,NaN,0.7798649930330044,0.8036127426480619,NaN,NaN,NaN,NaN,NaN,NaN,NaN,NaN,NaN,NaN,1,0,0,0,0,NaN,NaN,35.24235666982261,NaN,NaN,NaN,0.7798649930330044,0.8036127426480619,NaN,NaN,NaN,NaN,NaN,NaN,NaN,NaN,NaN,NaN,1
2024-07-02T11:43:00-04:00,0.7995072420496241,0.7995072420496241,0.795101,0.795101,0.7911802214553252,0.8530054966830767,0.8000031357052411,0,0,18931,19112,0,0,0,0,NaN,NaN,37.06107815565482,NaN,NaN,NaN,0.7798649930330044,0.8036127426480619,NaN,NaN,NaN,NaN,NaN,NaN,NaN,NaN,NaN,NaN,1,0,0,0,0,NaN,NaN,37.06107815565482,NaN,NaN,NaN,0.7798649930330044,0.8036127426480619,NaN,NaN,NaN,NaN,NaN,NaN,NaN,NaN,NaN,NaN,1
2024-07-02T11:47:00-04:00,0.797304121024812,0.805,0.797304121024812,0.805,0.7936929084634479,0.8522725883367702,0.8001411913570978,0,0,18931,19113,0,0,0,0,NaN,NaN,37.31844486747319,NaN,NaN,NaN,0.7798649930330044,0.8036127426480619,NaN,NaN,NaN,NaN,NaN,NaN,NaN,NaN,NaN,NaN,1,0,0,0,0,NaN,NaN,37.31844486747319,NaN,NaN,NaN,0.7798649930330044,0.8036127426480619,NaN,NaN,NaN,NaN,NaN,NaN,NaN,NaN,NaN,NaN,1
2024-07-02T11:48:00-04:00,0.8011520605124061,0.818548,0.8011520605124061,0.818548,0.7982120160155483,0.8517577091255218,0.8002510860324188,0,0,18931,19114,0,0,0,0,NaN,NaN,38.663655682782625,NaN,NaN,NaN,0.7798649930330044,0.8036127426480619,NaN,NaN,NaN,NaN,NaN,NaN,NaN,NaN,NaN,NaN,1,0,0,0,0,NaN,NaN,38.663655682782625,NaN,NaN,NaN,0.7798649930330044,0.8036127426480619,NaN,NaN,NaN,NaN,NaN,NaN,NaN,NaN,NaN,NaN,1
2024-07-02T11:49:00-04:00,0.8098500302562031,0.818549,0.8098500302562031,0.818549,0.8019096494672667,0.8512507059327657,0.8003055457305276,0,0,18931,19115,0,0,0,0,NaN,NaN,39.79564587187811,NaN,NaN,NaN,0.7798649930330044,0.8036127426480619,NaN,NaN,NaN,NaN,NaN,NaN,NaN,NaN,NaN,NaN,1,0,0,0,0,NaN,NaN,39.79564587187811,NaN,NaN,NaN,0.7798649930330044,0.8036127426480619,NaN,NaN,NaN,NaN,NaN,NaN,NaN,NaN,NaN,NaN,1
2024-07-02T12:40:00-04:00,0.8141995151281015,0.82,0.8141995151281015,0.82,0.8051988041095819,0.8507735959185251,0.8006555977139181,0,0,18931,19116,0,0,0,0,NaN,NaN,40.279118770696584,NaN,NaN,NaN,0.7798649930330044,0.8036127426480619,NaN,NaN,NaN,NaN,NaN,NaN,NaN,NaN,NaN,NaN,1,0,0,0,0,NaN,NaN,40.279118770696584,NaN,NaN,NaN,0.7798649930330044,0.8036127426480619,NaN,NaN,NaN,NaN,NaN,NaN,NaN,NaN,NaN,NaN,1
2024-07-02T13:16:00-04:00,0.8170997575640507,0.8170997575640507,0.8,0.8,0.8042535669987488,0.8499984265151889,0.8006461529662603,0,1,18931,19117,0,0,0,0,NaN,NaN,42.42405351929662,NaN,NaN,NaN,0.7798649930330044,0.8036127426480619,NaN,NaN,NaN,NaN,NaN,NaN,NaN,NaN,NaN,NaN,1,0,0,0,0,NaN,NaN,42.42405351929662,NaN,NaN,NaN,0.7798649930330044,0.8036127426480619,NaN,NaN,NaN,NaN,NaN,NaN,NaN,NaN,NaN,NaN,1
2024-07-02T13:25:00-04:00,0.8085498787820253,0.8085498787820253,0.798503,0.798503,0.8032080093626127,0.8492122367973998,0.8006277867569342,0,0,18931,19118,0,0,0,0,NaN,NaN,44.639307658776296,NaN,NaN,NaN,0.7798649930330044,0.8036127426480619,NaN,NaN,NaN,NaN,NaN,NaN,NaN,NaN,NaN,NaN,1,0,0,0,0,NaN,NaN,44.639307658776296,NaN,NaN,NaN,0.7798649930330044,0.8036127426480619,NaN,NaN,NaN,NaN,NaN,NaN,NaN,NaN,NaN,NaN,1
2024-07-02T13:52:00-04:00,0.8035264393910126,0.8035264393910126,0.777,0.777,0.7984429167512286,0.8481097598997296,0.7996569680061357,0,0,18931,19119,0,0,0,0,NaN,NaN,46.62436625280465,NaN,NaN,NaN,0.7798649930330044,0.8036127426480619,NaN,NaN,NaN,NaN,NaN,NaN,NaN,NaN,NaN,NaN,1,0,0,0,0,NaN,NaN,46.62436625280465,NaN,NaN,NaN,0.7798649930330044,0.8036127426480619,NaN,NaN,NaN,NaN,NaN,NaN,NaN,NaN,NaN,NaN,1
2024-07-02T13:53:00-04:00,0.7902632196955064,0.7902632196955064,0.77,0.7700250000000001,0.7932760227964598,0.8469176261608025,0.7991778352062952,0,0,18931,19120,0,0,0,0,NaN,NaN,48.603731271624675,NaN,NaN,NaN,0.7798649930330044,0.8036127426480619,NaN,NaN,NaN,NaN,NaN,NaN,NaN,NaN,NaN,NaN,1,0,0,0,0,NaN,NaN,48.603731271624675,NaN,NaN,NaN,0.7798649930330044,0.8036127426480619,NaN,NaN,NaN,NaN,NaN,NaN,NaN,NaN,NaN,NaN,1
2024-07-02T14:13:00-04:00,0.7801441098477533,0.7801441098477533,0.7766,0.7766,0.790244018651649,0.8458440746163627,0.7991171535194989,0,0,18931,19121,0,0,0,0,NaN,NaN,49.63566046077047,NaN,NaN,NaN,0.7798649930330044,0.8036127426480619,NaN,NaN,NaN,NaN,NaN,NaN,NaN,NaN,NaN,NaN,1,0,0,0,0,NaN,NaN,49.63566046077047,NaN,NaN,NaN,0.7798649930330044,0.8036127426480619,NaN,NaN,NaN,NaN,NaN,NaN,NaN,NaN,NaN,NaN,1
2024-07-02T14:15:00-04:00,0.7783720549238766,0.7783720549238766,0.7759,0.7759,0.78763601526044,0.8447762261489373,0.7989314509558214,0,0,18931,19122,0,0,0,0,NaN,NaN,51.11650298174341,NaN,NaN,NaN,0.7798649930330044,0.8036127426480619,NaN,NaN,NaN,NaN,NaN,NaN,NaN,NaN,NaN,NaN,1,0,0,0,0,NaN,NaN,51.11650298174341,NaN,NaN,NaN,0.7798649930330044,0.8036127426480619,NaN,NaN,NaN,NaN,NaN,NaN,NaN,NaN,NaN,NaN,1
2024-07-02T14:16:00-04:00,0.7771360274619383,0.7771360274619383,0.7759,0.7762500000000001,0.7855658306676327,0.8437300242229994,0.7985450751107266,0,0,18931,19123,0,0,0,0,NaN,NaN,52.262153676327515,NaN,NaN,NaN,0.7798649930330044,0.8036127426480619,NaN,NaN,NaN,NaN,NaN,NaN,NaN,NaN,NaN,NaN,1,0,0,0,0,NaN,NaN,52.262153676327515,NaN,NaN,NaN,0.7798649930330044,0.8036127426480619,NaN,NaN,NaN,NaN,NaN,NaN,NaN,NaN,NaN,NaN,1
2024-07-02T14:29:00-04:00,0.7766930137309692,0.7822,0.7766930137309692,0.78215,0.784944770546245,0.8427898711814269,0.7977285263092361,0,0,18931,19124,0,0,0,0,NaN,NaN,53.17172705238217,NaN,NaN,NaN,0.7798649930330044,0.8036127426480619,NaN,NaN,NaN,NaN,NaN,NaN,NaN,NaN,NaN,NaN,1,0,0,0,0,NaN,NaN,53.17172705238217,NaN,NaN,NaN,0.7798649930330044,0.8036127426480619,NaN,NaN,NaN,NaN,NaN,NaN,NaN,NaN,NaN,NaN,1
2024-07-02T14:54:00-04:00,0.7794215068654846,0.7821,0.7794215068654846,0.7821,0.7844275395378368,0.8418633082626265,0.7976126364040832,0,0,18931,19125,0,0,0,0,NaN,NaN,53.841645744390235,NaN,NaN,NaN,0.7798649930330044,0.8036127426480619,NaN,NaN,NaN,NaN,NaN,NaN,NaN,NaN,NaN,NaN,1,0,0,0,0,NaN,NaN,53.841645744390235,NaN,NaN,NaN,0.7798649930330044,0.8036127426480619,NaN,NaN,NaN,NaN,NaN,NaN,NaN,NaN,NaN,NaN,1
2024-07-02T14:55:00-04:00,0.7807607534327423,0.7821,0.7786,0.78035,0.7836861687127756,0.8409241737853345,0.7975070402643344,0,0,18931,19126,0,0,0,0,NaN,NaN,54.82865554617944,NaN,NaN,NaN,0.7798649930330044,0.8036127426480619,NaN,NaN,NaN,NaN,NaN,NaN,NaN,NaN,NaN,NaN,1,0,0,0,0,NaN,NaN,54.82865554617944,NaN,NaN,NaN,0.7798649930330044,0.8036127426480619,NaN,NaN,NaN,NaN,NaN,NaN,NaN,NaN,NaN,NaN,1
2024-07-02T15:17:00-04:00,0.7805553767163711,0.7992,0.7805553767163711,0.7992,0.7865068653104528,0.8402871634985355,0.7975149056386932,0,0,18931,19127,0,0,0,0,NaN,NaN,54.545279899393165,NaN,NaN,NaN,0.7798649930330044,0.8036127426480619,NaN,NaN,NaN,NaN,NaN,NaN,NaN,NaN,NaN,NaN,1,0,0,0,0,NaN,NaN,54.545279899393165,NaN,NaN,NaN,0.7798649930330044,0.8036127426480619,NaN,NaN,NaN,NaN,NaN,NaN,NaN,NaN,NaN,NaN,1
2024-07-02T15:26:00-04:00,0.7898776883581855,0.79,0.7822,0.7861,0.7864328897994614,0.8394598785596266,0.7974538277312968,0,0,18931,19128,0,0,0,0,NaN,NaN,53.93441368340748,NaN,NaN,NaN,0.7798649930330044,0.8036127426480619,NaN,NaN,NaN,NaN,NaN,NaN,NaN,NaN,NaN,NaN,1,0,0,0,0,NaN,NaN,53.93441368340748,NaN,NaN,NaN,0.7798649930330044,0.8036127426480619,NaN,NaN,NaN,NaN,NaN,NaN,NaN,NaN,NaN,NaN,1
2024-07-02T15:27:00-04:00,0.7879888441790928,0.7901,0.7879888441790928,0.7901,0.7870996371086502,0.8387062926274185,0.7973134741148964,0,0,18931,19129,0,0,0,0,NaN,NaN,54.02371096113331,NaN,NaN,NaN,0.7798649930330044,0.8036127426480619,NaN,NaN,NaN,NaN,NaN,NaN,NaN,NaN,NaN,NaN,1,0,0,0,0,NaN,NaN,54.02371096113331,NaN,NaN,NaN,0.7798649930330044,0.8036127426480619,NaN,NaN,NaN,NaN,NaN,NaN,NaN,NaN,NaN,NaN,1
2024-07-02T15:33:00-04:00,0.7890444220895464,0.7991,0.7890444220895464,0.7991,0.7892815212707138,0.8381016164040991,0.7973331590732133,0,0,18931,19130,0,0,0,0,NaN,NaN,53.35562214999322,NaN,NaN,NaN,0.7798649930330044,0.8036127426480619,NaN,NaN,NaN,NaN,NaN,NaN,NaN,NaN,NaN,NaN,1,0,0,0,0,NaN,NaN,53.35562214999322,NaN,NaN,NaN,0.7798649930330044,0.8036127426480619,NaN,NaN,NaN,NaN,NaN,NaN,NaN,NaN,NaN,NaN,1
2024-07-02T15:36:00-04:00,0.7940722110447732,0.7940722110447732,0.79,0.7900750000000001,0.789425790130584,0.8373683856193037,0.7972652988570226,0,0,18931,19131,0,0,0,0,NaN,NaN,53.24261499261107,NaN,NaN,NaN,0.7798649930330044,0.8036127426480619,NaN,NaN,NaN,NaN,NaN,NaN,NaN,NaN,NaN,NaN,1,0,0,0,0,NaN,NaN,53.24261499261107,NaN,NaN,NaN,0.7798649930330044,0.8036127426480619,NaN,NaN,NaN,NaN,NaN,NaN,NaN,NaN,NaN,NaN,1
2024-07-02T15:39:00-04:00,0.7920736055223867,0.7920736055223867,0.7906,0.7909,0.7896938282886596,0.8366589446174822,0.7971210526784694,0,0,18931,19132,0,0,0,0,NaN,NaN,51.95507230617462,NaN,NaN,NaN,0.7798649930330044,0.8036127426480619,NaN,NaN,NaN,NaN,NaN,NaN,NaN,NaN,NaN,NaN,1,0,0,0,0,NaN,NaN,51.95507230617462,NaN,NaN,NaN,0.7798649930330044,0.8036127426480619,NaN,NaN,NaN,NaN,NaN,NaN,NaN,NaN,NaN,NaN,1
2024-07-02T15:40:00-04:00,0.7914868027611934,0.7923,0.7914868027611934,0.7923,0.7901676776907215,0.8359817088217955,0.797099126344514,0,0,18931,19133,0,0,0,0,NaN,NaN,51.422571884461036,NaN,NaN,NaN,0.7798649930330044,0.8036127426480619,NaN,NaN,NaN,NaN,NaN,NaN,NaN,NaN,NaN,NaN,1,0,0,0,0,NaN,NaN,51.422571884461036,NaN,NaN,NaN,0.7798649930330044,0.8036127426480619,NaN,NaN,NaN,NaN,NaN,NaN,NaN,NaN,NaN,NaN,1
2024-07-02T15:56:00-04:00,0.7918934013805967,0.7974,0.7918934013805967,0.7974,0.7914826453833176,0.8353926750993252,0.7971000811742037,0,0,18931,19134,0,0,0,0,NaN,NaN,50.390152758334885,NaN,NaN,NaN,0.7798649930330044,0.8036127426480619,NaN,NaN,NaN,NaN,NaN,NaN,NaN,NaN,NaN,NaN,1,0,0,0,0,NaN,NaN,50.390152758334885,NaN,NaN,NaN,0.7798649930330044,0.8036127426480619,NaN,NaN,NaN,NaN,NaN,NaN,NaN,NaN,NaN,NaN,1
2024-07-02T16:00:00-04:00,0.7946467006902984,0.7946467006902984,0.79,0.79,0.7912130734954417,0.8346996571588775,0.7970113957200098,0,1,18931,19135,0,0,0,0,NaN,NaN,49.81284921469299,NaN,NaN,NaN,0.7798649930330044,0.8036127426480619,NaN,NaN,NaN,NaN,NaN,NaN,NaN,NaN,NaN,NaN,1,0,0,0,0,NaN,NaN,49.81284921469299,NaN,NaN,NaN,0.7798649930330044,0.8036127426480619,NaN,NaN,NaN,NaN,NaN,NaN,NaN,NaN,NaN,NaN,1
2024-07-02T16:02:00-04:00,0.7923233503451492,0.7923233503451492,0.79,0.79,0.7909925146780886,0.8340172196450015,0.7969824798475188,0,0,18931,19136,0,0,0,0,NaN,NaN,49.12748668435697,NaN,NaN,NaN,0.7798649930330044,0.8036127426480619,NaN,NaN,NaN,NaN,NaN,NaN,NaN,NaN,NaN,NaN,1,0,0,0,0,NaN,NaN,49.12748668435697,NaN,NaN,NaN,0.7798649930330044,0.8036127426480619,NaN,NaN,NaN,NaN,NaN,NaN,NaN,NaN,NaN,NaN,1
2024-07-02T16:48:00-04:00,0.7911616751725746,0.7911616751725746,0.79,0.79,0.7908120574638907,0.8333452010244672,0.796966793767655,0,0,18931,19137,0,0,0,0,NaN,NaN,48.33729143984295,NaN,NaN,NaN,0.7798649930330044,0.8036127426480619,NaN,NaN,NaN,NaN,NaN,NaN,NaN,NaN,NaN,NaN,1,0,0,0,0,NaN,NaN,48.33729143984295,NaN,NaN,NaN,0.7798649930330044,0.8036127426480619,NaN,NaN,NaN,NaN,NaN,NaN,NaN,NaN,NaN,NaN,1
2024-07-03T09:27:00-04:00,0.7905808375862873,0.7905808375862873,0.7505,0.7637499999999999,0.785891683379547,0.8322826788714219,0.7637499999999999,0,0,18931,19138,0,0,0,0,NaN,NaN,48.917941613709644,NaN,NaN,NaN,0.7798649930330044,0.8036127426480619,NaN,NaN,NaN,NaN,NaN,NaN,NaN,NaN,NaN,NaN,1,0,0,0,0,NaN,NaN,48.917941613709644,NaN,NaN,NaN,0.7798649930330044,0.8036127426480619,NaN,NaN,NaN,NaN,NaN,NaN,NaN,NaN,NaN,NaN,1
2024-07-03T09:28:00-04:00,0.7771654187931436,0.7771654187931436,0.7699,0.7699,0.7829841045832657,0.8313302715604078,0.7647749999999999,0,0,18931,19139,0,0,0,0,NaN,NaN,49.11503776136492,NaN,NaN,NaN,0.7798649930330044,0.8036127426480619,NaN,NaN,NaN,NaN,NaN,NaN,NaN,NaN,NaN,NaN,1,0,0,0,0,NaN,NaN,49.11503776136492,NaN,NaN,NaN,0.7798649930330044,0.8036127426480619,NaN,NaN,NaN,NaN,NaN,NaN,NaN,NaN,NaN,NaN,1
2024-07-03T09:30:00-04:00,0.7735327093965718,0.82,0.7735327093965718,0.82,0.7897142673863083,0.8311572903152108,0.8095308056872036,0,0,18931,19140,0,0,0,0,NaN,NaN,47.19606682812882,NaN,NaN,NaN,0.7798649930330044,0.8036127426480619,NaN,NaN,NaN,NaN,NaN,NaN,NaN,NaN,NaN,NaN,1,0,0,0,0,NaN,NaN,47.19606682812882,NaN,NaN,NaN,0.7798649930330044,0.8036127426480619,NaN,NaN,NaN,NaN,NaN,NaN,NaN,NaN,NaN,NaN,1
2024-07-03T09:34:00-04:00,0.7967663546982859,0.7967663546982859,0.75,0.75,0.7824934914978886,0.8299182477149786,0.7999377153458784,0,1,18931,19141,0,0,0,0,NaN,NaN,50.98573177484271,NaN,NaN,NaN,0.7798649930330044,0.7926504489714108,NaN,NaN,NaN,NaN,NaN,NaN,NaN,NaN,NaN,NaN,1,0,0,0,0,NaN,NaN,50.98573177484271,NaN,NaN,NaN,0.7798649930330044,0.7926504489714108,NaN,NaN,NaN,NaN,NaN,NaN,NaN,NaN,NaN,NaN,1
2024-07-03T09:53:00-04:00,0.773383177349143,0.785,0.773383177349143,0.785,0.7829492203164543,0.8292324729407041,0.7991857538384092,0,0,18931,19142,0,0,0,0,NaN,NaN,50.33239103654028,NaN,NaN,NaN,0.7798649930330044,0.7926504489714108,NaN,NaN,NaN,NaN,NaN,NaN,NaN,NaN,NaN,NaN,1,0,0,0,0,NaN,NaN,50.33239103654028,NaN,NaN,NaN,0.7798649930330044,0.7926504489714108,NaN,NaN,NaN,NaN,NaN,NaN,NaN,NaN,NaN,NaN,1
2024-07-03T10:28:00-04:00,0.7791915886745715,0.800101,0.7791915886745715,0.800101,0.7860677257134626,0.8287877176286323,0.7992082248956541,0,0,18931,19143,0,0,0,0,NaN,NaN,47.603092755238876,NaN,NaN,NaN,0.7798649930330044,0.7926504489714108,NaN,NaN,NaN,NaN,NaN,NaN,NaN,NaN,NaN,NaN,1,0,0,0,0,NaN,NaN,47.603092755238876,NaN,NaN,NaN,0.7798649930330044,0.7926504489714108,NaN,NaN,NaN,NaN,NaN,NaN,NaN,NaN,NaN,NaN,1
2024-07-03T11:20:00-04:00,0.7896462943372857,0.819999,0.7896462943372857,0.819999,0.7922370483110148,0.8286535387335388,0.8001813479990638,0,0,18931,19144,0,0,0,0,NaN,NaN,44.446274740088825,NaN,NaN,NaN,0.7798649930330044,0.7926504489714108,NaN,NaN,NaN,NaN,NaN,NaN,NaN,NaN,NaN,NaN,1,0,0,0,0,NaN,NaN,44.446274740088825,NaN,NaN,NaN,0.7798649930330044,0.7926504489714108,NaN,NaN,NaN,NaN,NaN,NaN,NaN,NaN,NaN,NaN,1
2024-07-03T12:47:00-04:00,0.8048226471686428,0.8048226471686428,0.79,0.79,0.7918303122544667,0.8280634083711946,0.7996828177164478,0,0,18931,19145,0,0,0,0,NaN,NaN,44.19391524350369,NaN,NaN,NaN,0.7798649930330044,0.7926504489714108,NaN,NaN,NaN,NaN,NaN,NaN,NaN,NaN,NaN,NaN,1,0,0,0,0,NaN,NaN,44.19391524350369,NaN,NaN,NaN,0.7798649930330044,0.7926504489714108,NaN,NaN,NaN,NaN,NaN,NaN,NaN,NaN,NaN,NaN,1
2024-07-03T12:56:00-04:00,0.7974113235843214,0.7974113235843214,0.781,0.783,0.7902248009354728,0.8273754174036955,0.7980302586725486,0,0,18931,19146,0,0,0,0,NaN,NaN,44.26427538901149,NaN,NaN,NaN,0.7798649930330044,0.7926504489714108,NaN,NaN,NaN,NaN,NaN,NaN,NaN,NaN,NaN,NaN,1,0,0,0,0,NaN,NaN,44.26427538901149,NaN,NaN,NaN,0.7798649930330044,0.7926504489714108,NaN,NaN,NaN,NaN,NaN,NaN,NaN,NaN,NaN,NaN,1
2024-07-03T12:58:00-04:00,0.7902056617921607,0.7902056617921607,0.781,0.781,0.7885475644017504,0.8266673957639444,0.7973736070946597,0,0,18931,19147,0,0,0,0,NaN,NaN,44.48721285524403,NaN,NaN,NaN,0.7798649930330044,0.7926504489714108,NaN,NaN,NaN,NaN,NaN,NaN,NaN,NaN,NaN,NaN,1,0,0,0,0,NaN,NaN,44.48721285524403,NaN,NaN,NaN,0.7798649930330044,0.7926504489714108,NaN,NaN,NaN,NaN,NaN,NaN,NaN,NaN,NaN,NaN,1
2024-07-03T13:01:00-04:00,0.7856028308960803,0.79,0.7856028308960803,0.79,0.7888116436014322,0.8261075881950293,0.7970998514943382,0,0,18931,19148,0,0,0,0,NaN,NaN,42.60615693063997,NaN,NaN,NaN,0.7798649930330044,0.7926504489714108,NaN,NaN,NaN,NaN,NaN,NaN,NaN,NaN,NaN,NaN,1,0,0,0,0,NaN,NaN,42.60615693063997,NaN,NaN,NaN,0.7798649930330044,0.7926504489714108,NaN,NaN,NaN,NaN,NaN,NaN,NaN,NaN,NaN,NaN,1
2024-07-03T13:34:00-04:00,0.7878014154480402,0.7878014154480402,0.751,0.751,0.7819367993102627,0.8249609074592273,0.7954336911791018,0,1,18931,19149,0,0,0,0,NaN,NaN,43.22794429335933,NaN,NaN,NaN,0.7798649930330044,0.7926504489714108,NaN,NaN,NaN,NaN,NaN,NaN,NaN,NaN,NaN,NaN,1,0,0,0,0,NaN,NaN,43.22794429335933,NaN,NaN,NaN,0.7798649930330044,0.7926504489714108,NaN,NaN,NaN,NaN,NaN,NaN,NaN,NaN,NaN,NaN,1
2024-07-03T14:07:00-04:00,0.7694007077240201,0.7694007077240201,0.7505,0.7505,0.7762210176174876,0.8238240997117582,0.7931446595347257,0,0,18931,19150,0,0,0,0,NaN,NaN,44.031073242723124,NaN,NaN,NaN,0.7798649930330044,0.7926504489714108,NaN,NaN,NaN,NaN,NaN,NaN,NaN,NaN,NaN,NaN,1,0,0,0,0,NaN,NaN,44.031073242723124,NaN,NaN,NaN,0.7798649930330044,0.7926504489714108,NaN,NaN,NaN,NaN,NaN,NaN,NaN,NaN,NaN,NaN,1
2024-07-03T14:08:00-04:00,0.75995035386201,0.75995035386201,0.7505,0.7505,0.7715444689597626,0.8227046478077619,0.7910775407981901,0,0,18931,19151,0,0,0,0,NaN,NaN,44.455112589103976,NaN,NaN,NaN,0.7798649930330044,0.7926504489714108,NaN,NaN,NaN,NaN,NaN,NaN,NaN,NaN,NaN,NaN,1,0,0,0,0,NaN,NaN,44.455112589103976,NaN,NaN,NaN,0.7798649930330044,0.7926504489714108,NaN,NaN,NaN,NaN,NaN,NaN,NaN,NaN,NaN,NaN,1
2024-07-03T14:09:00-04:00,0.755225176931005,0.755225176931005,0.7505,0.7505,0.7677182018761693,0.8216022867725289,0.7892015564801971,0,0,18931,19152,0,0,0,0,NaN,NaN,44.18933370851532,NaN,NaN,NaN,0.7798649930330044,0.7926504489714108,NaN,NaN,NaN,NaN,NaN,NaN,NaN,NaN,NaN,NaN,1,0,0,0,0,NaN,NaN,44.18933370851532,NaN,NaN,NaN,0.7798649930330044,0.7926504489714108,NaN,NaN,NaN,NaN,NaN,NaN,NaN,NaN,NaN,NaN,1
2024-07-03T14:22:00-04:00,0.7528625884655025,0.7528625884655025,0.7505,0.7505,0.7645876197168658,0.8205167556767651,0.7874587049300955,0,0,18931,19153,0,0,0,0,NaN,NaN,44.94962043708085,NaN,NaN,NaN,0.7798649930330044,0.7926504489714108,NaN,NaN,NaN,NaN,NaN,NaN,NaN,NaN,NaN,NaN,1,0,0,0,0,NaN,NaN,44.94962043708085,NaN,NaN,NaN,0.7798649930330044,0.7926504489714108,NaN,NaN,NaN,NaN,NaN,NaN,NaN,NaN,NaN,NaN,1
2024-07-03T15:09:00-04:00,0.7516812942327512,0.7758,0.7516812942327512,0.7758,0.7666262343137993,0.8198340571168145,0.7871253609721228,0,0,18931,19154,0,0,0,0,NaN,NaN,44.741232909221154,NaN,NaN,NaN,0.7798649930330044,0.7926504489714108,NaN,NaN,NaN,NaN,NaN,NaN,NaN,NaN,NaN,NaN,1,0,0,0,0,NaN,NaN,44.741232909221154,NaN,NaN,NaN,0.7798649930330044,0.7926504489714108,NaN,NaN,NaN,NaN,NaN,NaN,NaN,NaN,NaN,NaN,1
2024-07-03T15:19:00-04:00,0.7637406471163757,0.79,0.7637406471163757,0.79,0.7708760098931086,0.8193785753287715,0.7874849155722325,0,0,18931,19155,0,0,0,0,NaN,NaN,43.26658938524891,NaN,NaN,NaN,0.7798649930330044,0.7926504489714108,NaN,NaN,NaN,NaN,NaN,NaN,NaN,NaN,NaN,NaN,1,0,0,0,0,NaN,NaN,43.26658938524891,NaN,NaN,NaN,0.7798649930330044,0.7926504489714108,NaN,NaN,NaN,NaN,NaN,NaN,NaN,NaN,NaN,NaN,1
2024-07-03T16:09:00-04:00,0.7768703235581879,0.79,0.7768703235581879,0.79,0.7743530990034525,0.8189300474611566,0.7875462965222696,0,0,18931,19156,0,0,0,0,NaN,NaN,40.19614427732703,NaN,NaN,NaN,0.7798649930330044,0.7926504489714108,NaN,NaN,NaN,NaN,NaN,NaN,NaN,NaN,NaN,NaN,1,0,0,0,0,NaN,NaN,40.19614427732703,NaN,NaN,NaN,0.7798649930330044,0.7926504489714108,NaN,NaN,NaN,NaN,NaN,NaN,NaN,NaN,NaN,NaN,1
2024-07-03T16:40:00-04:00,0.783435161779094,0.79,0.783435161779094,0.79,0.7771979900937339,0.8184883673472458,0.7876942896456827,0,0,18931,19157,0,0,0,0,NaN,NaN,39.04496725188453,NaN,NaN,NaN,0.7798649930330044,0.7926504489714108,NaN,NaN,NaN,NaN,NaN,NaN,NaN,NaN,NaN,NaN,1,0,0,0,0,NaN,NaN,39.04496725188453,NaN,NaN,NaN,0.7798649930330044,0.7926504489714108,NaN,NaN,NaN,NaN,NaN,NaN,NaN,NaN,NaN,NaN,1
2024-07-05T09:30:00-04:00,0.786717580889547,0.786717580889547,0.756,0.756,0.7733438100766914,0.8175343464717154,0.756,0,1,18931,19158,0,0,0,0,NaN,NaN,39.76034740552189,NaN,NaN,NaN,0.7798649930330044,0.7926504489714108,NaN,NaN,NaN,NaN,NaN,NaN,NaN,NaN,NaN,NaN,1,0,0,0,0,NaN,NaN,39.76034740552189,NaN,NaN,NaN,0.7798649930330044,0.7926504489714108,NaN,NaN,NaN,NaN,NaN,NaN,NaN,NaN,NaN,NaN,1
2024-07-05T09:34:00-04:00,0.7713587904447735,0.78,0.7713587904447735,0.78,0.7745540264263838,0.816961303014132,0.7590848329048843,0,0,18931,19159,0,0,0,0,NaN,NaN,37.280902850277386,NaN,NaN,NaN,0.7798649930330044,0.7926504489714108,NaN,NaN,NaN,NaN,NaN,NaN,NaN,NaN,NaN,NaN,1,0,0,0,0,NaN,NaN,37.280902850277386,NaN,NaN,NaN,0.7798649930330044,0.7926504489714108,NaN,NaN,NaN,NaN,NaN,NaN,NaN,NaN,NaN,NaN,1
2024-07-05T09:40:00-04:00,0.7756793952223868,0.7756793952223868,0.7412,0.7412,0.7684896579852232,0.8158046418994124,0.7569580973952434,0,1,18931,19160,0,0,0,0,NaN,NaN,36.76308457430215,NaN,NaN,NaN,0.7798649930330044,0.7783698546874146,NaN,NaN,NaN,NaN,NaN,NaN,NaN,NaN,NaN,NaN,1,0,0,0,0,NaN,NaN,36.76308457430215,NaN,NaN,NaN,0.7798649930330044,0.7783698546874146,NaN,NaN,NaN,NaN,NaN,NaN,NaN,NaN,NaN,NaN,1
2024-07-05T09:56:00-04:00,0.7584396976111933,0.78,0.7584396976111933,0.78,0.7705824474424553,0.8152580061452229,0.7593021363173957,0,0,18931,19161,0,0,0,0,NaN,NaN,33.89535873422946,NaN,NaN,NaN,0.7798649930330044,0.7783698546874146,NaN,NaN,NaN,NaN,NaN,NaN,NaN,NaN,NaN,NaN,1,0,0,0,0,NaN,NaN,33.89535873422946,NaN,NaN,NaN,0.7798649930330044,0.7783698546874146,NaN,NaN,NaN,NaN,NaN,NaN,NaN,NaN,NaN,NaN,1
2024-07-05T10:00:00-04:00,0.7692198488055967,0.7921,0.7692198488055967,0.7921,0.7744947297256453,0.8149044487994943,0.7758416540595059,0,0,18931,19162,0,0,0,0,NaN,NaN,29.788705729421892,NaN,NaN,NaN,0.7798649930330044,0.7783698546874146,NaN,NaN,NaN,NaN,NaN,NaN,NaN,NaN,NaN,NaN,1,0,0,0,0,NaN,NaN,29.788705729421892,NaN,NaN,NaN,0.7798649930330044,0.7783698546874146,NaN,NaN,NaN,NaN,NaN,NaN,NaN,NaN,NaN,NaN,1
2024-07-05T10:03:00-04:00,0.7806599244027983,0.7996,0.7806599244027983,0.7996,0.7790593243209825,0.8146707930926318,0.7838062353335569,0,0,18931,19163,0,0,0,0,NaN,NaN,24.879867854605724,NaN,NaN,NaN,0.7798649930330044,0.7783698546874146,NaN,NaN,NaN,NaN,NaN,NaN,NaN,NaN,NaN,NaN,1,0,0,0,0,NaN,NaN,24.879867854605724,NaN,NaN,NaN,0.7798649930330044,0.7783698546874146,NaN,NaN,NaN,NaN,NaN,NaN,NaN,NaN,NaN,NaN,1
2024-07-05T10:04:00-04:00,0.7901299622013991,0.8,0.7901299622013991,0.7995000000000001,0.7827758108080766,0.8144391779309123,0.7860591444157335,0,0,18931,19164,0,0,0,0,NaN,NaN,21.07893322749638,NaN,NaN,NaN,0.7798649930330044,0.7783698546874146,NaN,NaN,NaN,NaN,NaN,NaN,NaN,NaN,NaN,NaN,1,0,0,0,0,NaN,NaN,21.07893322749638,NaN,NaN,NaN,0.7798649930330044,0.7783698546874146,NaN,NaN,NaN,NaN,NaN,NaN,NaN,NaN,NaN,NaN,1
2024-07-05T10:06:00-04:00,0.7948149811006996,0.8001,0.7948149811006996,0.8000499999999999,0.7859165724793353,0.8142194958250968,0.7883247473532242,0,0,18931,19165,0,0,0,0,NaN,NaN,17.333188961229567,NaN,NaN,NaN,0.7798649930330044,0.7783698546874146,NaN,NaN,NaN,NaN,NaN,NaN,NaN,NaN,NaN,NaN,1,0,0,0,0,NaN,NaN,17.333188961229567,NaN,NaN,NaN,0.7798649930330044,0.7783698546874146,NaN,NaN,NaN,NaN,NaN,NaN,NaN,NaN,NaN,NaN,1
2024-07-05T10:08:00-04:00,0.7974324905503498,0.8,0.7927,0.7981750000000001,0.7881453774830925,0.8139745416903624,0.7908424458176608,0,0,18931,19166,0,0,0,0,NaN,NaN,13.750966585790103,NaN,NaN,NaN,0.7798649930330044,0.7783698546874146,NaN,NaN,NaN,NaN,NaN,NaN,NaN,NaN,NaN,NaN,1,0,0,0,0,NaN,NaN,13.750966585790103,NaN,NaN,NaN,0.7798649930330044,0.7783698546874146,NaN,NaN,NaN,NaN,NaN,NaN,NaN,NaN,NaN,NaN,1
2024-07-05T12:03:00-04:00,0.797803745275175,0.81,0.797803745275175,0.81,0.7921189452134394,0.8139138616645554,0.7919998948165602,0,0,18931,19167,0,0,0,0,NaN,NaN,9.54373774776555,NaN,NaN,NaN,0.7798649930330044,0.7783698546874146,NaN,NaN,NaN,NaN,NaN,NaN,NaN,NaN,NaN,NaN,1,0,0,0,0,NaN,NaN,9.54373774776555,NaN,NaN,NaN,0.7798649930330044,0.7783698546874146,NaN,NaN,NaN,NaN,NaN,NaN,NaN,NaN,NaN,NaN,1
2024-07-05T12:07:00-04:00,0.8039018726375875,0.81,0.8039018726375875,0.8085,0.7950973188109959,0.8138312072879973,0.7954065671741454,0,0,18931,19168,0,0,0,0,NaN,NaN,6.030229028752719,NaN,NaN,NaN,0.7798649930330044,0.7783698546874146,NaN,NaN,NaN,NaN,NaN,NaN,NaN,NaN,NaN,NaN,1,0,0,0,0,NaN,NaN,6.030229028752719,NaN,NaN,NaN,0.7798649930330044,0.7783698546874146,NaN,NaN,NaN,NaN,NaN,NaN,NaN,NaN,NaN,NaN,1
2024-07-05T12:16:00-04:00,0.8062009363187937,0.824,0.8062009363187937,0.824,0.8003523517544512,0.813986456031692,0.795993770438195,0,0,18931,19169,0,0,0,0,NaN,NaN,2.7124830640735698,NaN,NaN,NaN,0.7798649930330044,0.7925359999999999,NaN,NaN,NaN,NaN,NaN,NaN,NaN,NaN,NaN,NaN,1,0,0,0,0,NaN,NaN,2.7124830640735698,NaN,NaN,NaN,0.7798649930330044,0.7925359999999999,NaN,NaN,NaN,NaN,NaN,NaN,NaN,NaN,NaN,NaN,1
2024-07-05T12:42:00-04:00,0.8151004681593969,0.849899,0.8151004681593969,0.849899,0.8093608332536418,0.814534739145712,0.8013874661565628,0,0,18931,19170,1,0,0,0,NaN,NaN,0.28429757625199165,NaN,NaN,NaN,0.7798649930330044,0.806817905,NaN,NaN,NaN,NaN,NaN,NaN,NaN,NaN,NaN,NaN,1,1,0,0,0,NaN,NaN,0.28429757625199165,NaN,NaN,NaN,0.7798649930330044,0.806817905,NaN,NaN,NaN,NaN,NaN,NaN,NaN,NaN,NaN,NaN,1
2024-07-05T14:01:00-04:00,0.8324997340796985,0.84,0.8324997340796985,0.84,0.8149315908438888,0.8149235217541744,0.8018854897745759,0,0,18931,19171,0,0,0,0,NaN,NaN,0.3183397201031373,NaN,NaN,NaN,0.785944270613288,0.806817905,NaN,NaN,NaN,NaN,NaN,NaN,NaN,NaN,NaN,NaN,1,0,0,0,0,NaN,NaN,0.3183397201031373,NaN,NaN,NaN,0.785944270613288,0.806817905,NaN,NaN,NaN,NaN,NaN,NaN,NaN,NaN,NaN,NaN,1
2024-07-05T14:29:00-04:00,0.8362498670398493,0.8399,0.8362498670398493,0.8399,0.8194713015995454,0.8153048420327366,0.802322137031932,0,0,18931,19172,0,0,0,0,NaN,NaN,2.66141259405511,NaN,NaN,NaN,0.8125217274881369,0.806817905,NaN,NaN,NaN,NaN,NaN,NaN,NaN,NaN,NaN,NaN,1,0,0,0,0,NaN,NaN,2.66141259405511,NaN,NaN,NaN,0.8125217274881369,0.806817905,NaN,NaN,NaN,NaN,NaN,NaN,NaN,NaN,NaN,NaN,1
2024-07-05T15:44:00-04:00,0.8380749335199247,0.8380749335199247,0.8016,0.8016,0.8162219740359917,0.8150956078032291,0.8022904156600045,0,1,18931,19173,0,0,0,0,NaN,NaN,5.07761620433426,NaN,NaN,NaN,0.8125217274881369,0.806817905,NaN,NaN,NaN,NaN,NaN,NaN,NaN,NaN,NaN,NaN,1,0,0,0,0,NaN,NaN,5.07761620433426,NaN,NaN,NaN,0.8125217274881369,0.806817905,NaN,NaN,NaN,NaN,NaN,NaN,NaN,NaN,NaN,NaN,1
2024-07-05T15:58:00-04:00,0.8198374667599624,0.8198374667599624,0.8085,0.8085,0.8148179787567205,0.8149949115008898,0.802469875759838,0,0,18931,19174,0,0,0,0,NaN,NaN,5.458042326260366,NaN,NaN,NaN,0.8125217274881369,0.806817905,NaN,NaN,NaN,NaN,NaN,NaN,NaN,NaN,NaN,NaN,1,0,0,0,0,NaN,NaN,5.458042326260366,NaN,NaN,NaN,0.8125217274881369,0.806817905,NaN,NaN,NaN,NaN,NaN,NaN,NaN,NaN,NaN,NaN,1
2024-07-05T17:18:00-04:00,0.8141687333799812,0.84,0.8141687333799812,0.84,0.8193965280736804,0.815376668577212,0.8028658884668144,1,0,19175,19174,0,0,0,0,NaN,NaN,6.374985148697503,NaN,NaN,NaN,0.8125217274881369,0.806817905,NaN,NaN,NaN,NaN,NaN,NaN,NaN,NaN,NaN,NaN,1,0,0,0,0,NaN,NaN,6.374985148697503,NaN,NaN,NaN,0.8125217274881369,0.806817905,NaN,NaN,NaN,NaN,NaN,NaN,NaN,NaN,NaN,NaN,1
2024-07-05T17:20:00-04:00,0.8270843666899905,0.8270843666899905,0.8017,0.8017,0.8161789775148294,0.8151678644767966,0.8028537146287982,0,1,19175,19174,0,0,0,0,NaN,NaN,5.3544423074494185,NaN,NaN,NaN,0.8125217274881369,0.806817905,NaN,NaN,NaN,NaN,NaN,NaN,NaN,NaN,NaN,NaN,1,0,0,0,0,NaN,NaN,5.3544423074494185,NaN,NaN,NaN,0.8125217274881369,0.806817905,NaN,NaN,NaN,NaN,NaN,NaN,NaN,NaN,NaN,NaN,1
2024-07-08T08:17:00-04:00,0.8143921833449952,0.8143921833449952,0.8016,0.8016,0.813528254330315,0.8149607215076852,0.8016,0,0,19175,19177,0,0,0,0,NaN,NaN,4.345529003404212,NaN,NaN,NaN,0.8125217274881369,0.806817905,NaN,NaN,NaN,NaN,NaN,NaN,NaN,NaN,NaN,NaN,1,0,0,0,0,NaN,NaN,4.345529003404212,NaN,NaN,NaN,0.8125217274881369,0.806817905,NaN,NaN,NaN,NaN,NaN,NaN,NaN,NaN,NaN,NaN,1
2024-07-08T09:30:00-04:00,0.8079960916724975,0.8079960916724975,0.8,0.8,0.8110685717248032,0.8147323135457358,0.8010757575757576,0,0,19175,19178,0,0,0,0,NaN,NaN,3.7691979060632668,NaN,NaN,NaN,0.8125217274881369,0.806817905,NaN,NaN,NaN,NaN,NaN,NaN,NaN,NaN,NaN,NaN,1,0,0,0,0,NaN,NaN,3.7691979060632668,NaN,NaN,NaN,0.8125217274881369,0.806817905,NaN,NaN,NaN,NaN,NaN,NaN,NaN,NaN,NaN,NaN,1
2024-07-08T10:04:00-04:00,0.8039980458362488,0.8039980458362488,0.8017,0.8017,0.8093651950475662,0.814533346926717,0.8013448275862068,0,0,19175,19179,0,0,0,0,NaN,NaN,3.377073781357212,NaN,NaN,NaN,0.8125217274881369,0.806817905,NaN,NaN,NaN,NaN,NaN,NaN,NaN,NaN,NaN,NaN,1,0,0,0,0,NaN,NaN,3.377073781357212,NaN,NaN,NaN,0.8125217274881369,0.806817905,NaN,NaN,NaN,NaN,NaN,NaN,NaN,NaN,NaN,NaN,1
2024-07-08T10:11:00-04:00,0.8028490229181244,0.8028490229181244,0.8017,0.8017,0.807971523220736,0.8143374179660038,0.8014315960912052,0,0,19175,19180,0,0,0,0,NaN,NaN,2.9730809480241516,NaN,NaN,NaN,0.8125217274881369,0.806817905,NaN,NaN,NaN,NaN,NaN,NaN,NaN,NaN,NaN,NaN,1,0,0,0,0,NaN,NaN,2.9730809480241516,NaN,NaN,NaN,0.8125217274881369,0.806817905,NaN,NaN,NaN,NaN,NaN,NaN,NaN,NaN,NaN,NaN,1
2024-07-08T10:14:00-04:00,0.8022745114590621,0.8022745114590621,0.8016,0.80165,0.8068221553624203,0.8141437169283549,0.8014947916666666,0,0,19175,19181,0,0,0,0,NaN,NaN,2.562875151889155,NaN,NaN,NaN,0.8125217274881369,0.806817905,NaN,NaN,NaN,NaN,NaN,NaN,NaN,NaN,NaN,NaN,1,0,0,0,0,NaN,NaN,2.562875151889155,NaN,NaN,NaN,0.8125217274881369,0.806817905,NaN,NaN,NaN,NaN,NaN,NaN,NaN,NaN,NaN,NaN,1
2024-07-08T10:15:00-04:00,0.8019622557295311,0.8019622557295311,0.8,0.8008,0.8057272180237984,0.8139399960592196,0.801228326792722,0,0,19175,19182,0,0,0,0,NaN,NaN,3.7519611862919495,NaN,NaN,NaN,0.8125217274881369,0.806817905,NaN,NaN,NaN,NaN,NaN,NaN,NaN,NaN,NaN,NaN,1,0,0,0,0,NaN,NaN,3.7519611862919495,NaN,NaN,NaN,0.8125217274881369,0.806817905,NaN,NaN,NaN,NaN,NaN,NaN,NaN,NaN,NaN,NaN,1
2024-07-08T10:21:00-04:00,0.8013811278647656,0.8013811278647656,0.76,0.76,0.7974131783831078,0.8131164846690025,0.7734861710818065,0,0,19175,19183,0,0,0,0,NaN,NaN,3.048794408604239,NaN,NaN,NaN,0.8125217274881369,0.80225253,NaN,NaN,NaN,NaN,NaN,NaN,NaN,NaN,NaN,NaN,1,0,0,0,0,NaN,NaN,3.048794408604239,NaN,NaN,NaN,0.8125217274881369,0.80225253,NaN,NaN,NaN,NaN,NaN,NaN,NaN,NaN,NaN,NaN,1
2024-07-08T10:33:00-04:00,0.7806905639323828,0.7806905639323828,0.7771,0.7771,0.7937198732225427,0.812566614674056,0.773539358399448,0,0,19175,19184,0,0,0,0,NaN,NaN,2.6609019513640484,NaN,NaN,NaN,0.8125217274881369,0.80225253,NaN,NaN,NaN,NaN,NaN,NaN,NaN,NaN,NaN,NaN,1,0,0,0,0,NaN,NaN,2.6609019513640484,NaN,NaN,NaN,0.8125217274881369,0.80225253,NaN,NaN,NaN,NaN,NaN,NaN,NaN,NaN,NaN,NaN,1
2024-07-08T10:49:00-04:00,0.7788952819661914,0.801001,0.7788952819661914,0.8002502499999999,0.7949072144548076,0.812378578572162,0.7772429583044468,0,0,19175,19185,0,0,0,0,NaN,NaN,3.5321867897399115,NaN,NaN,NaN,0.8125217274881369,0.80225253,NaN,NaN,NaN,NaN,NaN,NaN,NaN,NaN,NaN,NaN,1,0,0,0,0,NaN,NaN,3.5321867897399115,NaN,NaN,NaN,0.8125217274881369,0.80225253,NaN,NaN,NaN,NaN,NaN,NaN,NaN,NaN,NaN,NaN,1
2024-07-08T11:23:00-04:00,0.7895727659830957,0.7895727659830957,0.76001,0.76001,0.7885622663721154,0.8115790582886175,0.7762763531831354,0,1,19175,19186,0,0,0,0,NaN,NaN,3.405325429260242,NaN,NaN,NaN,0.8125217274881369,0.80225253,NaN,NaN,NaN,NaN,NaN,NaN,NaN,NaN,NaN,NaN,1,0,0,0,0,NaN,NaN,3.405325429260242,NaN,NaN,NaN,0.8125217274881369,0.80225253,NaN,NaN,NaN,NaN,NaN,NaN,NaN,NaN,NaN,NaN,1
2024-07-08T11:39:00-04:00,0.7747913829915478,0.7747913829915478,0.77,0.77015,0.7852145815771853,0.8109465535819211,0.77329732494477,0,0,19175,19187,0,0,0,0,NaN,NaN,3.8054741138204418,NaN,NaN,NaN,0.8125217274881369,0.80225253,NaN,NaN,NaN,NaN,NaN,NaN,NaN,NaN,NaN,NaN,1,0,0,0,0,NaN,NaN,3.8054741138204418,NaN,NaN,NaN,0.8125217274881369,0.80225253,NaN,NaN,NaN,NaN,NaN,NaN,NaN,NaN,NaN,NaN,1
2024-07-08T12:09:00-04:00,0.772470691495774,0.8,0.772470691495774,0.8,0.7879028394722425,0.810779430626472,0.7734566715997517,0,0,19175,19188,0,0,0,0,NaN,NaN,5.849374940047632,NaN,NaN,NaN,0.8125217274881369,0.80225253,NaN,NaN,NaN,NaN,NaN,NaN,NaN,NaN,NaN,NaN,1,0,0,0,0,NaN,NaN,5.849374940047632,NaN,NaN,NaN,0.8125217274881369,0.80225253,NaN,NaN,NaN,NaN,NaN,NaN,NaN,NaN,NaN,NaN,1
2024-07-08T12:29:00-04:00,0.786235345747887,0.786235345747887,0.785,0.785,0.7873750504772893,0.8103858515329381,0.7735387448452387,0,0,19175,19189,0,0,0,0,NaN,NaN,6.215779735629029,NaN,NaN,NaN,0.8125217274881369,0.80225253,NaN,NaN,NaN,NaN,NaN,NaN,NaN,NaN,NaN,NaN,1,0,0,0,0,NaN,NaN,6.215779735629029,NaN,NaN,NaN,0.8125217274881369,0.80225253,NaN,NaN,NaN,NaN,NaN,NaN,NaN,NaN,NaN,NaN,1
2024-07-08T12:53:00-04:00,0.7856176728739435,0.7901,0.7856176728739435,0.7901,0.7878704958450549,0.8100761438759466,0.7736168750294853,0,0,19175,19190,0,0,0,0,NaN,NaN,6.813570500784204,NaN,NaN,NaN,0.8125217274881369,0.80225253,NaN,NaN,NaN,NaN,NaN,NaN,NaN,NaN,NaN,NaN,1,0,0,0,0,NaN,NaN,6.813570500784204,NaN,NaN,NaN,0.8125217274881369,0.80225253,NaN,NaN,NaN,NaN,NaN,NaN,NaN,NaN,NaN,NaN,1
2024-07-08T14:34:00-04:00,0.7878588364369717,0.7903,0.7878588364369717,0.7902,0.7882940420550449,0.8097726912976879,0.7787950326076376,0,0,19175,19191,0,0,0,0,NaN,NaN,6.230319575264339,NaN,NaN,NaN,0.8125217274881369,0.80225253,NaN,NaN,NaN,NaN,NaN,NaN,NaN,NaN,NaN,NaN,1,0,0,0,0,NaN,NaN,6.230319575264339,NaN,NaN,NaN,0.8125217274881369,0.80225253,NaN,NaN,NaN,NaN,NaN,NaN,NaN,NaN,NaN,NaN,1
2024-07-08T14:58:00-04:00,0.7890294182184858,0.790348,0.7890294182184858,0.7901622500000001,0.788633716226855,0.8094732952473416,0.7791671141962716,0,0,19175,19192,0,0,0,0,NaN,NaN,5.323490976933029,NaN,NaN,NaN,0.8125217274881369,0.80225253,NaN,NaN,NaN,NaN,NaN,NaN,NaN,NaN,NaN,NaN,1,0,0,0,0,NaN,NaN,5.323490976933029,NaN,NaN,NaN,0.8125217274881369,0.80225253,NaN,NaN,NaN,NaN,NaN,NaN,NaN,NaN,NaN,NaN,1
2024-07-09T08:00:00-04:00,0.7895958341092429,0.84,0.7895958341092429,0.84,0.797973040549245,0.8099393518084509,0.84,0,0,19175,19193,0,0,0,0,NaN,NaN,6.883205571647241,NaN,NaN,NaN,0.8125217274881369,0.80225253,NaN,NaN,NaN,NaN,NaN,NaN,NaN,NaN,NaN,NaN,1,0,0,0,0,NaN,NaN,6.883205571647241,NaN,NaN,NaN,0.8125217274881369,0.80225253,NaN,NaN,NaN,NaN,NaN,NaN,NaN,NaN,NaN,NaN,1
2024-07-09T09:30:00-04:00,0.8147979170546215,0.8147979170546215,0.771,0.771,0.7930688513584732,0.8093448578877112,0.7824617940199337,0,1,19175,19194,0,0,0,0,NaN,NaN,5.1127931496718,NaN,NaN,NaN,0.8125217274881369,0.80225253,NaN,NaN,NaN,NaN,NaN,NaN,NaN,NaN,NaN,NaN,1,0,0,0,0,NaN,NaN,5.1127931496718,NaN,NaN,NaN,0.8125217274881369,0.80225253,NaN,NaN,NaN,NaN,NaN,NaN,NaN,NaN,NaN,NaN,1
2024-07-09T09:48:00-04:00,0.7928989585273107,0.7928989585273107,0.7751,0.7751,0.7898017874751144,0.8088220356298835,0.7814131054131055,0,0,19175,19195,0,0,0,0,NaN,NaN,3.8087919848169345,NaN,NaN,NaN,0.8125217274881369,0.80225253,NaN,NaN,NaN,NaN,NaN,NaN,NaN,NaN,NaN,NaN,1,0,0,0,0,NaN,NaN,3.8087919848169345,NaN,NaN,NaN,0.8125217274881369,0.80225253,NaN,NaN,NaN,NaN,NaN,NaN,NaN,NaN,NaN,NaN,1
2024-07-09T10:03:00-04:00,0.7839994792636553,0.7839994792636553,0.7751,0.7751,0.7871287352069118,0.8083071953912594,0.7765213598460552,0,0,19175,19196,0,0,0,0,NaN,NaN,2.900035203500877,NaN,NaN,NaN,0.8125217274881369,0.80225253,NaN,NaN,NaN,NaN,NaN,NaN,NaN,NaN,NaN,NaN,1,0,0,0,0,NaN,NaN,2.900035203500877,NaN,NaN,NaN,0.8125217274881369,0.80225253,NaN,NaN,NaN,NaN,NaN,NaN,NaN,NaN,NaN,NaN,1
2024-07-09T10:06:00-04:00,0.7795497396318276,0.7801,0.7795497396318276,0.78005,0.7858416924420187,0.807875787828034,0.7769225696418419,0,0,19175,19197,0,0,0,0,NaN,NaN,2.282577822612141,NaN,NaN,NaN,0.8125217274881369,0.80225253,NaN,NaN,NaN,NaN,NaN,NaN,NaN,NaN,NaN,NaN,1,0,0,0,0,NaN,NaN,2.282577822612141,NaN,NaN,NaN,0.8125217274881369,0.80225253,NaN,NaN,NaN,NaN,NaN,NaN,NaN,NaN,NaN,NaN,1
2024-07-09T10:08:00-04:00,0.7797998698159139,0.838837,0.7797998698159139,0.838837,0.7954772029071062,0.8083484780902015,0.7817875065479308,0,0,19175,19198,0,0,0,0,NaN,NaN,3.4529686948145337,NaN,NaN,NaN,0.8125217274881369,0.80225253,NaN,NaN,NaN,NaN,NaN,NaN,NaN,NaN,NaN,NaN,1,0,0,0,0,NaN,NaN,3.4529686948145337,NaN,NaN,NaN,0.8125217274881369,0.80225253,NaN,NaN,NaN,NaN,NaN,NaN,NaN,NaN,NaN,NaN,1
2024-07-09T10:17:00-04:00,0.809318434907957,0.809318434907957,0.80505,0.80505,0.7972177114694505,0.8082981196460762,0.7866157534246576,0,0,19175,19199,0,0,0,0,NaN,NaN,4.339067563832245,NaN,NaN,NaN,0.8125217274881369,0.80225253,NaN,NaN,NaN,NaN,NaN,NaN,NaN,NaN,NaN,NaN,1,0,0,0,0,NaN,NaN,4.339067563832245,NaN,NaN,NaN,0.8125217274881369,0.80225253,NaN,NaN,NaN,NaN,NaN,NaN,NaN,NaN,NaN,NaN,1
2024-07-09T10:32:00-04:00,0.8071842174539785,0.8071842174539785,0.805,0.805,0.7986326730204595,0.8082477666743804,0.7889479340340704,0,0,19175,19200,0,0,0,0,NaN,NaN,4.701940938007788,NaN,NaN,NaN,0.8125217274881369,0.80225253,NaN,NaN,NaN,NaN,NaN,NaN,NaN,NaN,NaN,NaN,1,0,0,0,0,NaN,NaN,4.701940938007788,NaN,NaN,NaN,0.8125217274881369,0.80225253,NaN,NaN,NaN,NaN,NaN,NaN,NaN,NaN,NaN,NaN,1
2024-07-09T10:35:00-04:00,0.8060921087269892,0.8060921087269892,0.789997,0.7912485,0.7972900961076487,0.8079882358854585,0.789375046192444,0,0,19175,19201,0,0,0,0,NaN,NaN,4.647265868530409,NaN,NaN,NaN,0.8125217274881369,0.80225253,NaN,NaN,NaN,NaN,NaN,NaN,NaN,NaN,NaN,NaN,1,0,0,0,0,NaN,NaN,4.647265868530409,NaN,NaN,NaN,0.8125217274881369,0.80225253,NaN,NaN,NaN,NaN,NaN,NaN,NaN,NaN,NaN,NaN,1
2024-07-09T10:41:00-04:00,0.7986703043634946,0.7986703043634946,0.78,0.78,0.7941464422698944,0.8075609345742302,0.7851329438429219,0,0,19175,19202,0,0,0,0,NaN,NaN,4.498746736725123,NaN,NaN,NaN,0.8125217274881369,0.80225253,NaN,NaN,NaN,NaN,NaN,NaN,NaN,NaN,NaN,NaN,1,0,0,0,0,NaN,NaN,4.498746736725123,NaN,NaN,NaN,0.8125217274881369,0.80225253,NaN,NaN,NaN,NaN,NaN,NaN,NaN,NaN,NaN,NaN,1
2024-07-09T10:44:00-04:00,0.7893351521817473,0.7893351521817473,0.7752,0.7752,0.7907016345844591,0.8070668745043946,0.7843187681180922,0,0,19175,19203,0,0,0,0,NaN,NaN,3.786154040120905,NaN,NaN,NaN,0.8125217274881369,0.80225253,NaN,NaN,NaN,NaN,NaN,NaN,NaN,NaN,NaN,NaN,1,0,0,0,0,NaN,NaN,3.786154040120905,NaN,NaN,NaN,0.8125217274881369,0.80225253,NaN,NaN,NaN,NaN,NaN,NaN,NaN,NaN,NaN,NaN,1
2024-07-09T11:00:00-04:00,0.7822675760908737,0.7822675760908737,0.7751,0.77515,0.787874064660012,0.8065795939776099,0.7839908671053574,0,0,19175,19204,0,0,0,0,NaN,NaN,3.1824209332529114,NaN,NaN,NaN,0.8125217274881369,0.80225253,NaN,NaN,NaN,NaN,NaN,NaN,NaN,NaN,NaN,NaN,1,0,0,0,0,NaN,NaN,3.1824209332529114,NaN,NaN,NaN,0.8125217274881369,0.80225253,NaN,NaN,NaN,NaN,NaN,NaN,NaN,NaN,NaN,NaN,1
2024-07-09T11:12:00-04:00,0.7787087880454369,0.7787087880454369,0.771,0.771,0.7848060529036461,0.8060363940695549,0.7838986089766353,0,0,19175,19205,0,0,0,0,NaN,NaN,2.5531247342825183,NaN,NaN,NaN,0.8125217274881369,0.80225253,NaN,NaN,NaN,NaN,NaN,NaN,NaN,NaN,NaN,NaN,1,0,0,0,0,NaN,NaN,2.5531247342825183,NaN,NaN,NaN,0.8125217274881369,0.80225253,NaN,NaN,NaN,NaN,NaN,NaN,NaN,NaN,NaN,NaN,1
2024-07-09T11:16:00-04:00,0.7748543940227184,0.7748543940227184,0.771,0.77105,0.7823049523757105,0.8055022506486457,0.7833734972413324,0,0,19175,19206,0,0,0,0,NaN,NaN,2.1697720804282334,NaN,NaN,NaN,0.8125217274881369,0.80225253,NaN,NaN,NaN,NaN,NaN,NaN,NaN,NaN,NaN,NaN,1,0,0,0,0,NaN,NaN,2.1697720804282334,NaN,NaN,NaN,0.8125217274881369,0.80225253,NaN,NaN,NaN,NaN,NaN,NaN,NaN,NaN,NaN,NaN,1
2024-07-09T11:24:00-04:00,0.7729521970113592,0.7875,0.7729521970113592,0.7875,0.7832495064892177,0.8052274071272923,0.7834152324860091,0,0,19175,19207,0,0,0,0,NaN,NaN,2.0999283033760268,NaN,NaN,NaN,0.8125217274881369,0.80225253,NaN,NaN,NaN,NaN,NaN,NaN,NaN,NaN,NaN,NaN,1,0,0,0,0,NaN,NaN,2.0999283033760268,NaN,NaN,NaN,0.8125217274881369,0.80225253,NaN,NaN,NaN,NaN,NaN,NaN,NaN,NaN,NaN,NaN,1
2024-07-09T12:19:00-04:00,0.7802260985056796,0.8049,0.7802260985056796,0.8049,0.7871859598548144,0.8052224085451963,0.7839105666952112,0,0,19175,19208,0,0,0,0,NaN,NaN,2.5414696894029656,NaN,NaN,NaN,0.8125217274881369,0.80225253,NaN,NaN,NaN,NaN,NaN,NaN,NaN,NaN,NaN,NaN,1,0,0,0,0,NaN,NaN,2.5414696894029656,NaN,NaN,NaN,0.8125217274881369,0.80225253,NaN,NaN,NaN,NaN,NaN,NaN,NaN,NaN,NaN,NaN,1
2024-07-09T12:20:00-04:00,0.7925630492528397,0.7925630492528397,0.7875,0.7875,0.78724305806303,0.8049518374223689,0.7840250183661757,0,0,19175,19209,0,0,0,0,NaN,NaN,2.455130391474797,NaN,NaN,NaN,0.8125217274881369,0.80225253,NaN,NaN,NaN,NaN,NaN,NaN,NaN,NaN,NaN,NaN,1,0,0,0,0,NaN,NaN,2.455130391474797,NaN,NaN,NaN,0.8125217274881369,0.80225253,NaN,NaN,NaN,NaN,NaN,NaN,NaN,NaN,NaN,NaN,1
2024-07-09T13:51:00-04:00,0.7900315246264198,0.796,0.7900315246264198,0.796,0.7888352293242973,0.8048151681487449,0.7841384822815994,0,0,19175,19210,0,0,0,0,NaN,NaN,1.8736195373088054,NaN,NaN,NaN,0.8125217274881369,0.80225253,NaN,NaN,NaN,NaN,NaN,NaN,NaN,NaN,NaN,NaN,1,0,0,0,0,NaN,NaN,1.8736195373088054,NaN,NaN,NaN,0.8125217274881369,0.80225253,NaN,NaN,NaN,NaN,NaN,NaN,NaN,NaN,NaN,NaN,1
2024-07-09T14:23:00-04:00,0.7930157623132099,0.7930157623132099,0.79,0.79,0.7890470058107887,0.8045889823754816,0.7855877662973706,0,0,19175,19211,0,0,0,0,NaN,NaN,1.3413122360048313,NaN,NaN,NaN,0.8125217274881369,0.80225253,NaN,NaN,NaN,NaN,NaN,NaN,NaN,NaN,NaN,NaN,1,0,0,0,0,NaN,NaN,1.3413122360048313,NaN,NaN,NaN,0.8125217274881369,0.80225253,NaN,NaN,NaN,NaN,NaN,NaN,NaN,NaN,NaN,NaN,1
2024-07-09T14:36:00-04:00,0.791507881156605,0.805,0.791507881156605,0.805,0.7919475502088271,0.8045952574537185,0.7859287295277246,0,0,19175,19212,0,0,0,0,NaN,NaN,2.604932700245992,NaN,NaN,NaN,0.8125217274881369,0.80225253,NaN,NaN,NaN,NaN,NaN,NaN,NaN,NaN,NaN,NaN,1,0,0,0,0,NaN,NaN,2.604932700245992,NaN,NaN,NaN,0.8125217274881369,0.80225253,NaN,NaN,NaN,NaN,NaN,NaN,NaN,NaN,NaN,NaN,1
2024-07-09T14:48:00-04:00,0.7982539405783025,0.7982539405783025,0.796283,0.796283,0.7927358138072221,0.8044683527597686,0.7877953925713193,0,0,19175,19213,0,0,0,0,NaN,NaN,1.629031805248649,NaN,NaN,NaN,0.8125217274881369,0.80225253,NaN,NaN,NaN,NaN,NaN,NaN,NaN,NaN,NaN,NaN,1,0,0,0,0,NaN,NaN,1.629031805248649,NaN,NaN,NaN,0.8125217274881369,0.80225253,NaN,NaN,NaN,NaN,NaN,NaN,NaN,NaN,NaN,NaN,1
2024-07-09T14:51:00-04:00,0.7972684702891513,0.805,0.7972684702891513,0.805,0.7949656658422727,0.8044764695115278,0.787861021438108,0,0,19175,19214,0,0,0,0,NaN,NaN,1.8206939271429565,NaN,NaN,NaN,0.8125217274881369,0.80225253,NaN,NaN,NaN,NaN,NaN,NaN,NaN,NaN,NaN,NaN,1,0,0,0,0,NaN,NaN,1.8206939271429565,NaN,NaN,NaN,0.8125217274881369,0.80225253,NaN,NaN,NaN,NaN,NaN,NaN,NaN,NaN,NaN,NaN,1
2024-07-09T16:00:00-04:00,0.8011342351445756,0.8011342351445756,0.79,0.79,0.794062817507314,0.8042554547098252,0.7878706063494476,0,0,19175,19215,0,0,0,0,NaN,NaN,2.0326594572445758,NaN,NaN,NaN,0.8125217274881369,0.80225253,NaN,NaN,NaN,NaN,NaN,NaN,NaN,NaN,NaN,NaN,1,0,0,0,0,NaN,NaN,2.0326594572445758,NaN,NaN,NaN,0.8125217274881369,0.80225253,NaN,NaN,NaN,NaN,NaN,NaN,NaN,NaN,NaN,NaN,1
2024-07-09T18:40:00-04:00,0.7955671175722878,0.7955671175722878,0.79,0.79,0.7933241234150751,0.8040378141799042,0.7879102849849068,0,0,19175,19216,0,0,0,0,NaN,NaN,3.0051894219037916,NaN,NaN,NaN,0.8125217274881369,0.80225253,NaN,NaN,NaN,NaN,NaN,NaN,NaN,NaN,NaN,NaN,1,0,0,0,0,NaN,NaN,3.0051894219037916,NaN,NaN,NaN,0.8125217274881369,0.80225253,NaN,NaN,NaN,NaN,NaN,NaN,NaN,NaN,NaN,NaN,1
2024-07-10T08:46:00-04:00,0.7927835587861439,0.7927835587861439,0.76,0.7643,0.7880470100668796,0.8034311299939514,0.7643,0,0,19175,19217,0,0,0,0,NaN,NaN,2.050133014310661,NaN,NaN,NaN,0.8125217274881369,0.80225253,NaN,NaN,NaN,NaN,NaN,NaN,NaN,NaN,NaN,NaN,1,0,0,0,0,NaN,NaN,2.050133014310661,NaN,NaN,NaN,0.8125217274881369,0.80225253,NaN,NaN,NaN,NaN,NaN,NaN,NaN,NaN,NaN,NaN,1
2024-07-10T09:30:00-04:00,0.778541779393072,0.778541779393072,0.771,0.771,0.7849475536910833,0.8029359982383185,0.7665333333333333,0,0,19175,19218,0,0,0,0,NaN,NaN,1.3079051093248262,NaN,NaN,NaN,0.8125217274881369,0.80225253,NaN,NaN,NaN,NaN,NaN,NaN,NaN,NaN,NaN,NaN,1,0,0,0,0,NaN,NaN,1.3079051093248262,NaN,NaN,NaN,0.8125217274881369,0.80225253,NaN,NaN,NaN,NaN,NaN,NaN,NaN,NaN,NaN,NaN,1
2024-07-10T09:43:00-04:00,0.774770889696536,0.7752,0.774770889696536,0.7752,0.7831752712017954,0.802512547883535,0.7693573033707864,0,0,19175,19219,0,0,0,0,NaN,NaN,0.7839089964543211,NaN,NaN,NaN,0.8125217274881369,0.80225253,NaN,NaN,NaN,NaN,NaN,NaN,NaN,NaN,NaN,NaN,1,0,0,0,0,NaN,NaN,0.7839089964543211,NaN,NaN,NaN,0.8125217274881369,0.80225253,NaN,NaN,NaN,NaN,NaN,NaN,NaN,NaN,NaN,NaN,1
2024-07-10T09:46:00-04:00,0.774985444848268,0.78,0.774985444848268,0.78,0.7825979491651054,0.8021688448624124,0.7736429530201343,0,0,19175,19220,0,0,0,0,NaN,NaN,0.5991927690452955,NaN,NaN,NaN,0.8125217274881369,0.80225253,NaN,NaN,NaN,NaN,NaN,NaN,NaN,NaN,NaN,NaN,1,0,0,0,0,NaN,NaN,0.5991927690452955,NaN,NaN,NaN,0.8125217274881369,0.80225253,NaN,NaN,NaN,NaN,NaN,NaN,NaN,NaN,NaN,NaN,1
2024-07-10T09:50:00-04:00,0.777492722424134,0.777492722424134,0.76055,0.767825,0.7799119584078135,0.8016445113530626,0.7689522756827049,0,0,19175,19221,0,0,0,0,NaN,NaN,0.017695563707827735,NaN,NaN,NaN,0.8125217274881369,0.80225253,NaN,NaN,NaN,NaN,NaN,NaN,NaN,NaN,NaN,NaN,1,0,0,0,0,NaN,NaN,0.017695563707827735,NaN,NaN,NaN,0.8125217274881369,0.80225253,NaN,NaN,NaN,NaN,NaN,NaN,NaN,NaN,NaN,NaN,1
2024-07-10T09:52:00-04:00,0.7726588612120671,0.7726588612120671,0.7699,0.76995,0.7781006932427564,0.8011606256835502,0.769067088607595,0,0,19175,19222,0,0,0,0,NaN,NaN,0.2652616624238648,NaN,NaN,NaN,0.8125217274881369,0.80225253,NaN,NaN,NaN,NaN,NaN,NaN,NaN,NaN,NaN,NaN,1,0,0,0,0,NaN,NaN,0.2652616624238648,NaN,NaN,NaN,0.8125217274881369,0.80225253,NaN,NaN,NaN,NaN,NaN,NaN,NaN,NaN,NaN,NaN,1
2024-07-10T09:53:00-04:00,0.7713044306060335,0.7713044306060335,0.76495,0.7686872499999999,0.7763891581077098,0.800664848955557,0.7689602462368703,0,0,19175,19223,0,0,0,0,NaN,NaN,1.4479597276728762,NaN,NaN,NaN,0.8125217274881369,0.80225253,NaN,NaN,NaN,NaN,NaN,NaN,NaN,NaN,NaN,NaN,1,0,0,0,0,NaN,NaN,1.4479597276728762,NaN,NaN,NaN,0.8125217274881369,0.80225253,NaN,NaN,NaN,NaN,NaN,NaN,NaN,NaN,NaN,NaN,1
2024-07-10T09:56:00-04:00,0.7699958403030167,0.7699958403030167,0.762001,0.762001,0.7737731293608535,0.8000745611852431,0.7685752828541292,0,0,19175,19224,0,0,0,0,NaN,NaN,3.933117229450426,NaN,NaN,NaN,0.8125217274881369,0.80225253,NaN,NaN,NaN,NaN,NaN,NaN,NaN,NaN,NaN,NaN,1,0,0,0,0,NaN,NaN,3.933117229450426,NaN,NaN,NaN,0.8125217274881369,0.80225253,NaN,NaN,NaN,NaN,NaN,NaN,NaN,NaN,NaN,NaN,1
2024-07-10T10:15:00-04:00,0.7659984201515084,0.7892,0.760101,0.78192525,0.7752553331134256,0.7997974724648578,0.7698915694943306,0,0,19175,19225,0,0,0,0,NaN,NaN,6.743713368839864,NaN,NaN,NaN,0.8125217274881369,0.80225253,NaN,NaN,NaN,NaN,NaN,NaN,NaN,NaN,NaN,NaN,1,0,0,0,0,NaN,NaN,6.743713368839864,NaN,NaN,NaN,0.8125217274881369,0.80225253,NaN,NaN,NaN,NaN,NaN,NaN,NaN,NaN,NaN,NaN,1
2024-07-10T10:17:00-04:00,0.7739618350757542,0.7891,0.7739618350757542,0.7891,0.777772545274621,0.7996341522745546,0.7705449619191781,0,0,19175,19226,0,0,0,0,NaN,NaN,7.925058273426718,NaN,NaN,NaN,0.8125217274881369,0.80225253,NaN,NaN,NaN,NaN,NaN,NaN,NaN,NaN,NaN,NaN,1,0,0,0,0,NaN,NaN,7.925058273426718,NaN,NaN,NaN,0.8125217274881369,0.80225253,NaN,NaN,NaN,NaN,NaN,NaN,NaN,NaN,NaN,NaN,1
2024-07-10T10:36:00-04:00,0.7815309175378771,0.796,0.7815309175378771,0.796,0.7810866279519627,0.7995786690337217,0.771382353789723,0,0,19175,19227,0,0,0,0,NaN,NaN,7.7705032743756535,NaN,NaN,NaN,0.8125217274881369,0.80225253,NaN,NaN,NaN,NaN,NaN,NaN,NaN,NaN,NaN,NaN,1,0,0,0,0,NaN,NaN,7.7705032743756535,NaN,NaN,NaN,0.8125217274881369,0.80225253,NaN,NaN,NaN,NaN,NaN,NaN,NaN,NaN,NaN,NaN,1
2024-07-10T10:43:00-04:00,0.7887654587689386,0.7887654587689386,0.762,0.762,0.7776163319606968,0.7990049488958022,0.7713210272076606,0,1,19175,19228,0,0,0,0,NaN,NaN,9.61031456138699,NaN,NaN,NaN,0.8125217274881369,0.80225253,NaN,NaN,NaN,NaN,NaN,NaN,NaN,NaN,NaN,NaN,1,0,0,0,0,NaN,NaN,9.61031456138699,NaN,NaN,NaN,0.8125217274881369,0.80225253,NaN,NaN,NaN,NaN,NaN,NaN,NaN,NaN,NaN,NaN,1
2024-07-10T11:07:00-04:00,0.7753827293844693,0.78,0.7753827293844693,0.78,0.7780497261496611,0.7987147970042633,0.7713773878336255,0,0,19175,19229,0,0,0,0,NaN,NaN,10.474504482366525,NaN,NaN,NaN,0.8125217274881369,0.80225253,NaN,NaN,NaN,NaN,NaN,NaN,NaN,NaN,NaN,NaN,1,0,0,0,0,NaN,NaN,10.474504482366525,NaN,NaN,NaN,0.8125217274881369,0.80225253,NaN,NaN,NaN,NaN,NaN,NaN,NaN,NaN,NaN,NaN,1
2024-07-10T11:19:00-04:00,0.7776913646922347,0.8,0.7776913646922347,0.7995,0.7819497759406318,0.7987267848362593,0.7717379572568754,0,0,19175,19230,0,0,0,0,NaN,NaN,13.037181696063843,NaN,NaN,NaN,0.8125217274881369,0.80225253,NaN,NaN,NaN,NaN,NaN,NaN,NaN,NaN,NaN,NaN,1,0,0,0,0,NaN,NaN,13.037181696063843,NaN,NaN,NaN,0.8125217274881369,0.80225253,NaN,NaN,NaN,NaN,NaN,NaN,NaN,NaN,NaN,NaN,1
2024-07-10T11:22:00-04:00,0.7885956823461173,0.7885956823461173,0.78,0.78,0.7815952712241533,0.7984408797242553,0.7717905850850372,0,0,19175,19231,0,0,0,0,NaN,NaN,15.063020909145006,NaN,NaN,NaN,0.8125217274881369,0.80225253,NaN,NaN,NaN,NaN,NaN,NaN,NaN,NaN,NaN,NaN,1,0,0,0,0,NaN,NaN,15.063020909145006,NaN,NaN,NaN,0.8125217274881369,0.80225253,NaN,NaN,NaN,NaN,NaN,NaN,NaN,NaN,NaN,NaN,1
2024-07-10T11:32:00-04:00,0.7842978411730587,0.7842978411730587,0.78,0.78,0.7813052219106709,0.7981593395757933,0.7718425466959934,0,0,19175,19232,0,0,0,0,NaN,NaN,22.866558657691222,NaN,NaN,NaN,0.8125217274881369,0.80225253,NaN,NaN,NaN,NaN,NaN,NaN,NaN,NaN,NaN,NaN,1,0,0,0,0,NaN,NaN,22.866558657691222,NaN,NaN,NaN,0.8125217274881369,0.80225253,NaN,NaN,NaN,NaN,NaN,NaN,NaN,NaN,NaN,NaN,1
2024-07-10T11:34:00-04:00,0.7821489205865293,0.785,0.75,0.7675000000000001,0.7787951815632762,0.7976912580555522,0.7705861362624263,0,0,19175,19233,0,0,0,0,NaN,NaN,26.843985130623498,NaN,NaN,NaN,0.8125217274881369,0.80225253,NaN,NaN,NaN,NaN,NaN,NaN,NaN,NaN,NaN,NaN,1,0,0,0,0,NaN,NaN,26.843985130623498,NaN,NaN,NaN,0.8125217274881369,0.80225253,NaN,NaN,NaN,NaN,NaN,NaN,NaN,NaN,NaN,NaN,1
2024-07-10T12:02:00-04:00,0.7748244602932647,0.7748244602932647,0.75,0.75,0.7735596940063169,0.7969631472455437,0.7688869792930543,0,0,19175,19234,0,0,0,0,NaN,NaN,30.402553112764775,NaN,NaN,NaN,0.8125217274881369,0.7958349540999999,NaN,NaN,NaN,NaN,NaN,NaN,NaN,NaN,NaN,NaN,1,0,0,0,0,NaN,NaN,30.402553112764775,NaN,NaN,NaN,0.8125217274881369,0.7958349540999999,NaN,NaN,NaN,NaN,NaN,NaN,NaN,NaN,NaN,NaN,1
2024-07-10T12:13:00-04:00,0.7624122301466323,0.7624122301466323,0.7449,0.7449,0.7683488405506229,0.7961682900356881,0.7679362845408426,0,0,19175,19235,0,0,0,1,NaN,NaN,33.22405934406962,NaN,NaN,NaN,0.8116650377806345,0.790381856854,NaN,NaN,NaN,NaN,NaN,NaN,NaN,NaN,NaN,NaN,1,0,0,0,1,NaN,NaN,33.22405934406962,NaN,NaN,NaN,0.8116650377806345,0.790381856854,NaN,NaN,NaN,NaN,NaN,NaN,NaN,NaN,NaN,NaN,1
2024-07-10T12:17:00-04:00,0.7536561150733161,0.7536561150733161,0.7449,0.7449,0.7640854149959642,0.7953855680504104,0.7676870190633944,0,0,19175,19236,0,0,0,0,NaN,NaN,35.953586750616964,NaN,NaN,NaN,0.7731791469145156,0.790381856854,NaN,NaN,NaN,NaN,NaN,NaN,NaN,NaN,NaN,NaN,1,0,0,0,0,NaN,NaN,35.953586750616964,NaN,NaN,NaN,0.7731791469145156,0.790381856854,NaN,NaN,NaN,NaN,NaN,NaN,NaN,NaN,NaN,NaN,1
2024-07-10T12:24:00-04:00,0.749278057536658,0.749278057536658,0.7332,0.7366,0.7590880668148797,0.7944880784618545,0.7669156673516594,0,0,19175,19237,0,0,0,0,NaN,NaN,38.76638757037476,NaN,NaN,NaN,0.764878434183389,0.7817649897371399,NaN,NaN,NaN,NaN,NaN,NaN,NaN,NaN,NaN,NaN,1,0,0,0,0,NaN,NaN,38.76638757037476,NaN,NaN,NaN,0.764878434183389,0.7817649897371399,NaN,NaN,NaN,NaN,NaN,NaN,NaN,NaN,NaN,NaN,1
2024-07-10T12:25:00-04:00,0.7429390287683291,0.7429390287683291,0.7331,0.7331,0.7543629637576289,0.7935508558899178,0.7652875830725282,0,0,19175,19238,0,0,0,0,NaN,NaN,41.73998864526609,NaN,NaN,NaN,0.7613231335141947,0.7743851909686832,NaN,NaN,NaN,NaN,NaN,NaN,NaN,NaN,NaN,NaN,1,0,0,0,0,NaN,NaN,41.73998864526609,NaN,NaN,NaN,0.7613231335141947,0.7743851909686832,NaN,NaN,NaN,NaN,NaN,NaN,NaN,NaN,NaN,NaN,1
2024-07-10T12:28:00-04:00,0.7380195143841646,0.738171,0.738,0.7380855,0.7514034248926055,0.7927040565633542,0.7647063212810286,0,0,19175,19239,0,0,0,0,NaN,NaN,43.32780914881717,NaN,NaN,NaN,0.7613231335141947,0.7743851909686832,NaN,NaN,NaN,NaN,NaN,NaN,NaN,NaN,NaN,NaN,1,0,0,0,0,NaN,NaN,43.32780914881717,NaN,NaN,NaN,0.7613231335141947,0.7743851909686832,NaN,NaN,NaN,NaN,NaN,NaN,NaN,NaN,NaN,NaN,1
2024-07-10T12:29:00-04:00,0.7380525071920823,0.7380525071920823,0.7351,0.7351,0.7484391658212226,0.7918246053181122,0.7642904875610099,0,1,19175,19240,0,0,0,0,NaN,NaN,45.015079278229415,NaN,NaN,NaN,0.7613231335141947,0.7743851909686832,NaN,NaN,NaN,NaN,NaN,NaN,NaN,NaN,NaN,NaN,1,0,0,0,0,NaN,NaN,45.015079278229415,NaN,NaN,NaN,0.7613231335141947,0.7743851909686832,NaN,NaN,NaN,NaN,NaN,NaN,NaN,NaN,NaN,NaN,1
2024-07-10T12:30:00-04:00,0.7365762535960412,0.75,0.7365762535960412,0.74745,0.7482593174900912,0.7911471304277593,0.7622101097236328,0,0,19175,19241,0,0,0,0,NaN,NaN,45.02857404342795,NaN,NaN,NaN,0.7613231335141947,0.7743851909686832,NaN,NaN,NaN,NaN,NaN,NaN,NaN,NaN,NaN,NaN,1,0,0,0,0,NaN,NaN,45.02857404342795,NaN,NaN,NaN,0.7613231335141947,0.7743851909686832,NaN,NaN,NaN,NaN,NaN,NaN,NaN,NaN,NaN,NaN,1
2024-07-10T12:36:00-04:00,0.7420131267980206,0.749,0.7420131267980206,0.749,0.7483939870373474,0.7905036627876408,0.762169579211794,0,0,19175,19242,0,0,0,0,NaN,NaN,44.18837992307471,NaN,NaN,NaN,0.7613231335141947,0.7743851909686832,NaN,NaN,NaN,NaN,NaN,NaN,NaN,NaN,NaN,NaN,1,0,0,0,0,NaN,NaN,44.18837992307471,NaN,NaN,NaN,0.7613231335141947,0.7743851909686832,NaN,NaN,NaN,NaN,NaN,NaN,NaN,NaN,NaN,NaN,1
2024-07-10T12:38:00-04:00,0.7455065633990103,0.749915,0.7455065633990103,0.749915,0.7486705348487388,0.7898839885466081,0.7621320954103326,0,0,19175,19243,0,0,0,0,NaN,NaN,43.30012474426938,NaN,NaN,NaN,0.7613231335141947,0.7743851909686832,NaN,NaN,NaN,NaN,NaN,NaN,NaN,NaN,NaN,NaN,1,0,0,0,0,NaN,NaN,43.30012474426938,NaN,NaN,NaN,0.7613231335141947,0.7743851909686832,NaN,NaN,NaN,NaN,NaN,NaN,NaN,NaN,NaN,NaN,1
2024-07-10T12:39:00-04:00,0.7477107816995052,0.749905,0.7477107816995052,0.7490025,0.7487308921489682,0.7892598436833012,0.7620048282570503,0,0,19175,19244,0,0,0,0,NaN,NaN,42.39931870399223,NaN,NaN,NaN,0.7613231335141947,0.7743851909686832,NaN,NaN,NaN,NaN,NaN,NaN,NaN,NaN,NaN,NaN,1,0,0,0,0,NaN,NaN,42.39931870399223,NaN,NaN,NaN,0.7613231335141947,0.7743851909686832,NaN,NaN,NaN,NaN,NaN,NaN,NaN,NaN,NaN,NaN,1
2024-07-10T13:02:00-04:00,0.7483566408497526,0.7489,0.7483566408497526,0.7489,0.7487616390309739,0.7886436628637088,0.7619652521743726,0,0,19175,19245,0,0,0,0,NaN,NaN,43.295359030905686,NaN,NaN,NaN,0.7613231335141947,0.7743851909686832,NaN,NaN,NaN,NaN,NaN,NaN,NaN,NaN,NaN,NaN,1,0,0,0,0,NaN,NaN,43.295359030905686,NaN,NaN,NaN,0.7613231335141947,0.7743851909686832,NaN,NaN,NaN,NaN,NaN,NaN,NaN,NaN,NaN,NaN,1
2024-07-10T13:04:00-04:00,0.7486283204248763,0.76,0.7486283204248763,0.7549999999999999,0.7498958864798877,0.7881300191558659,0.7618810906154903,0,0,19175,19246,0,0,0,0,NaN,NaN,43.07383244665093,NaN,NaN,NaN,0.7613231335141947,0.7743851909686832,NaN,NaN,NaN,NaN,NaN,NaN,NaN,NaN,NaN,NaN,1,0,0,0,0,NaN,NaN,43.07383244665093,NaN,NaN,NaN,0.7613231335141947,0.7743851909686832,NaN,NaN,NaN,NaN,NaN,NaN,NaN,NaN,NaN,NaN,1
2024-07-10T13:26:00-04:00,0.7518141602124381,0.76,0.7518141602124381,0.76,0.7517329980289991,0.787700553214555,0.7618699328326117,0,0,19175,19247,0,0,0,0,NaN,NaN,41.1309573448034,NaN,NaN,NaN,0.7613231335141947,0.7743851909686832,NaN,NaN,NaN,NaN,NaN,NaN,NaN,NaN,NaN,NaN,1,0,0,0,0,NaN,NaN,41.1309573448034,NaN,NaN,NaN,0.7613231335141947,0.7743851909686832,NaN,NaN,NaN,NaN,NaN,NaN,NaN,NaN,NaN,NaN,1
2024-07-10T13:28:00-04:00,0.7559070801062191,0.76,0.7559070801062191,0.76,0.7532360892964538,0.7872776440051725,0.7618534421556236,0,0,19175,19248,0,0,0,0,NaN,NaN,40.712146570764226,NaN,NaN,NaN,0.7613231335141947,0.7743851909686832,NaN,NaN,NaN,NaN,NaN,NaN,NaN,NaN,NaN,NaN,1,0,0,0,0,NaN,NaN,40.712146570764226,NaN,NaN,NaN,0.7613231335141947,0.7743851909686832,NaN,NaN,NaN,NaN,NaN,NaN,NaN,NaN,NaN,NaN,1
2024-07-10T13:56:00-04:00,0.7579535400531096,0.76,0.7579535400531096,0.76,0.7544658912425531,0.7868611914249409,0.7617297301925874,0,0,19175,19249,0,0,0,0,NaN,NaN,40.19794553646103,NaN,NaN,NaN,0.7613231335141947,0.7743851909686832,NaN,NaN,NaN,NaN,NaN,NaN,NaN,NaN,NaN,NaN,1,0,0,0,0,NaN,NaN,40.19794553646103,NaN,NaN,NaN,0.7613231335141947,0.7743851909686832,NaN,NaN,NaN,NaN,NaN,NaN,NaN,NaN,NaN,NaN,1
2024-07-10T14:29:00-04:00,0.7589767700265548,0.76,0.7589767700265548,0.76,0.7554720928348162,0.7864510968993693,0.7617249978181172,0,0,19175,19250,0,0,0,0,NaN,NaN,39.71715163380372,NaN,NaN,NaN,0.7613231335141947,0.7743851909686832,NaN,NaN,NaN,NaN,NaN,NaN,NaN,NaN,NaN,NaN,1,0,0,0,0,NaN,NaN,39.71715163380372,NaN,NaN,NaN,0.7613231335141947,0.7743851909686832,NaN,NaN,NaN,NaN,NaN,NaN,NaN,NaN,NaN,NaN,1
2024-07-10T14:32:00-04:00,0.7594883850132774,0.7601,0.7594883850132774,0.760025,0.7562998941375769,0.7860476450383103,0.7617111583199914,0,0,19175,19251,0,0,0,0,NaN,NaN,38.990032204275074,NaN,NaN,NaN,0.7613231335141947,0.7743851909686832,NaN,NaN,NaN,NaN,NaN,NaN,NaN,NaN,NaN,NaN,1,0,0,0,0,NaN,NaN,38.990032204275074,NaN,NaN,NaN,0.7613231335141947,0.7743851909686832,NaN,NaN,NaN,NaN,NaN,NaN,NaN,NaN,NaN,NaN,1
2024-07-10T15:12:00-04:00,0.7597566925066387,0.76,0.7597566925066387,0.76,0.7569726406580175,0.7856499710682597,0.7617065274349815,0,0,19175,19252,0,0,0,0,NaN,NaN,38.16326082105386,NaN,NaN,NaN,0.7613231335141947,0.7743851909686832,NaN,NaN,NaN,NaN,NaN,NaN,NaN,NaN,NaN,NaN,1,0,0,0,0,NaN,NaN,38.16326082105386,NaN,NaN,NaN,0.7613231335141947,0.7743851909686832,NaN,NaN,NaN,NaN,NaN,NaN,NaN,NaN,NaN,NaN,1
2024-07-10T15:35:00-04:00,0.7598783462533194,0.76,0.7598783462533194,0.76,0.7575230696292871,0.7852583684565306,0.7613981794955654,0,0,19175,19253,0,0,0,0,NaN,NaN,37.23915422564975,NaN,NaN,NaN,0.7613231335141947,0.7743851909686832,NaN,NaN,NaN,NaN,NaN,NaN,NaN,NaN,NaN,NaN,1,0,0,0,0,NaN,NaN,37.23915422564975,NaN,NaN,NaN,0.7613231335141947,0.7743851909686832,NaN,NaN,NaN,NaN,NaN,NaN,NaN,NaN,NaN,NaN,1
2024-07-10T15:44:00-04:00,0.7599391731266597,0.7635,0.7599391731266597,0.7635,0.758609784242144,0.7849261796251332,0.7614249117849873,0,0,19175,19254,0,0,0,0,NaN,NaN,35.91908948741725,NaN,NaN,NaN,0.7613231335141947,0.7743851909686832,NaN,NaN,NaN,NaN,NaN,NaN,NaN,NaN,NaN,NaN,1,0,0,0,0,NaN,NaN,35.91908948741725,NaN,NaN,NaN,0.7613231335141947,0.7743851909686832,NaN,NaN,NaN,NaN,NaN,NaN,NaN,NaN,NaN,NaN,1
2024-07-10T15:54:00-04:00,0.7617195865633298,0.7811,0.7617195865633298,0.7811,0.762698914379936,0.7848677646690243,0.7614678883215745,0,0,19175,19255,0,0,0,0,NaN,NaN,37.32184771207797,NaN,NaN,NaN,0.7613231335141947,0.7743851909686832,NaN,NaN,NaN,NaN,NaN,NaN,NaN,NaN,NaN,NaN,1,0,0,0,0,NaN,NaN,37.32184771207797,NaN,NaN,NaN,0.7613231335141947,0.7743851909686832,NaN,NaN,NaN,NaN,NaN,NaN,NaN,NaN,NaN,NaN,1
2024-07-10T16:00:00-04:00,0.7714097932816649,0.7714097932816649,0.761,0.761,0.7623900208563112,0.7845033713152988,0.7614662892431103,0,1,19175,19256,0,0,0,0,NaN,NaN,38.74671712958349,NaN,NaN,NaN,0.7613231335141947,0.7743851909686832,NaN,NaN,NaN,NaN,NaN,NaN,NaN,NaN,NaN,NaN,1,0,0,0,0,NaN,NaN,38.74671712958349,NaN,NaN,NaN,0.7613231335141947,0.7743851909686832,NaN,NaN,NaN,NaN,NaN,NaN,NaN,NaN,NaN,NaN,1
2024-07-11T09:00:00-04:00,0.7662048966408325,0.7662048966408325,0.762,0.762,0.7623191079733456,0.7841598083944545,0.762,0,0,19175,19257,0,0,0,0,NaN,NaN,37.527958505365554,NaN,NaN,NaN,0.7613231335141947,0.7743851909686832,NaN,NaN,NaN,NaN,NaN,NaN,NaN,NaN,NaN,NaN,1,0,0,0,0,NaN,NaN,37.527958505365554,NaN,NaN,NaN,0.7613231335141947,0.7743851909686832,NaN,NaN,NaN,NaN,NaN,NaN,NaN,NaN,NaN,NaN,1
2024-07-11T09:07:00-04:00,0.7641024483204162,0.799,0.7641024483204162,0.799,0.768988361069101,0.7843863762052262,0.7755531135531135,0,0,19175,19258,0,0,0,0,NaN,NaN,35.80464249759883,NaN,NaN,NaN,0.7613231335141947,0.7743851909686832,NaN,NaN,NaN,NaN,NaN,NaN,NaN,NaN,NaN,NaN,1,0,0,0,0,NaN,NaN,35.80464249759883,NaN,NaN,NaN,0.7613231335141947,0.7743851909686832,NaN,NaN,NaN,NaN,NaN,NaN,NaN,NaN,NaN,NaN,1
2024-07-11T09:30:00-04:00,0.7815512241602081,0.7815512241602081,0.752,0.757,0.7668086590565372,0.7839682635914059,0.7671911468812876,0,1,19175,19259,0,0,0,0,NaN,NaN,38.529694795654244,NaN,NaN,NaN,0.7613231335141947,0.7743851909686832,NaN,NaN,NaN,NaN,NaN,NaN,NaN,NaN,NaN,NaN,1,0,0,0,0,NaN,NaN,38.529694795654244,NaN,NaN,NaN,0.7613231335141947,0.7743851909686832,NaN,NaN,NaN,NaN,NaN,NaN,NaN,NaN,NaN,NaN,1
2024-07-11T09:48:00-04:00,0.7692756120801041,0.801,0.7692756120801041,0.8005,0.772934357409894,0.7842206565136746,0.7854092980856883,0,0,19175,19260,0,0,0,0,NaN,NaN,31.80944070829468,NaN,NaN,NaN,0.7613231335141947,0.7743851909686832,NaN,NaN,NaN,NaN,NaN,NaN,NaN,NaN,NaN,NaN,1,0,0,0,0,NaN,NaN,31.80944070829468,NaN,NaN,NaN,0.7613231335141947,0.7743851909686832,NaN,NaN,NaN,NaN,NaN,NaN,NaN,NaN,NaN,NaN,1
2024-07-11T09:50:00-04:00,0.784887806040052,0.809899,0.784887806040052,0.7999245,0.7778416560626406,0.7844604098493436,0.7949438379730998,0,0,19175,19261,0,0,0,0,NaN,NaN,27.14249654642445,NaN,NaN,NaN,0.7613231335141947,0.7743851909686832,NaN,NaN,NaN,NaN,NaN,NaN,NaN,NaN,NaN,NaN,1,0,0,0,0,NaN,NaN,27.14249654642445,NaN,NaN,NaN,0.7613231335141947,0.7743851909686832,NaN,NaN,NaN,NaN,NaN,NaN,NaN,NaN,NaN,NaN,1
2024-07-11T09:58:00-04:00,0.792406153020026,0.792406153020026,0.77,0.77,0.7764159004148877,0.7842396402333232,0.793134740353931,0,1,19175,19262,0,0,0,0,NaN,NaN,26.117674678236835,NaN,NaN,NaN,0.7613231335141947,0.7743851909686832,NaN,NaN,NaN,NaN,NaN,NaN,NaN,NaN,NaN,NaN,1,0,0,0,0,NaN,NaN,26.117674678236835,NaN,NaN,NaN,0.7613231335141947,0.7743851909686832,NaN,NaN,NaN,NaN,NaN,NaN,NaN,NaN,NaN,NaN,1
2024-07-11T10:04:00-04:00,0.7812030765100131,0.7812030765100131,0.78,0.78,0.7770675548849082,0.7841749129015166,0.7920831198291967,0,0,19175,19263,0,0,0,0,NaN,NaN,23.956984360718092,NaN,NaN,NaN,0.7613231335141947,0.7743851909686832,NaN,NaN,NaN,NaN,NaN,NaN,NaN,NaN,NaN,NaN,1,0,0,0,0,NaN,NaN,23.956984360718092,NaN,NaN,NaN,0.7613231335141947,0.7743851909686832,NaN,NaN,NaN,NaN,NaN,NaN,NaN,NaN,NaN,NaN,1
2024-07-11T10:06:00-04:00,0.7806015382550066,0.7899,0.7806015382550066,0.7898995,0.7794006358149249,0.7842623111778294,0.7915323125124726,0,0,19175,19264,0,0,0,0,NaN,NaN,20.724840045051547,NaN,NaN,NaN,0.7613231335141947,0.7743851909686832,NaN,NaN,NaN,NaN,NaN,NaN,NaN,NaN,NaN,NaN,1,0,0,0,0,NaN,NaN,20.724840045051547,NaN,NaN,NaN,0.7613231335141947,0.7743851909686832,NaN,NaN,NaN,NaN,NaN,NaN,NaN,NaN,NaN,NaN,1
2024-07-11T10:07:00-04:00,0.7852505191275032,0.7852505191275032,0.7805,0.7805,0.7796005202122113,0.784204871312519,0.7911088885050854,0,1,19175,19265,0,0,0,0,NaN,NaN,16.121659994299247,NaN,NaN,NaN,0.7613231335141947,0.7743851909686832,NaN,NaN,NaN,NaN,NaN,NaN,NaN,NaN,NaN,NaN,1,0,0,0,0,NaN,NaN,16.121659994299247,NaN,NaN,NaN,0.7613231335141947,0.7743851909686832,NaN,NaN,NaN,NaN,NaN,NaN,NaN,NaN,NaN,NaN,1
2024-07-11T10:16:00-04:00,0.7828752595637516,0.7828752595637516,0.77,0.771,0.7780367892645365,0.7840032702237782,0.7825646637236509,0,0,19175,19266,0,0,0,0,NaN,NaN,16.641541402668743,NaN,NaN,NaN,0.7613231335141947,0.7743851909686832,NaN,NaN,NaN,NaN,NaN,NaN,NaN,NaN,NaN,NaN,1,0,0,0,0,NaN,NaN,16.641541402668743,NaN,NaN,NaN,0.7613231335141947,0.7743851909686832,NaN,NaN,NaN,NaN,NaN,NaN,NaN,NaN,NaN,NaN,1
2024-07-11T10:23:00-04:00,0.7769376297818757,0.78,0.7769376297818757,0.78,0.7783937366709843,0.7839421515944076,0.7824824717444718,0,0,19175,19267,0,0,0,0,NaN,NaN,15.895351045404007,NaN,NaN,NaN,0.7613231335141947,0.7743851909686832,NaN,NaN,NaN,NaN,NaN,NaN,NaN,NaN,NaN,NaN,1,0,0,0,0,NaN,NaN,15.895351045404007,NaN,NaN,NaN,0.7613231335141947,0.7743851909686832,NaN,NaN,NaN,NaN,NaN,NaN,NaN,NaN,NaN,NaN,1
2024-07-11T10:54:00-04:00,0.7784688148909379,0.779,0.7784688148909379,0.779,0.778503966367169,0.7838666988983097,0.7820722286306664,0,0,19175,19268,0,0,0,0,NaN,NaN,15.276824790154006,NaN,NaN,NaN,0.7613231335141947,0.7743851909686832,NaN,NaN,NaN,NaN,NaN,NaN,NaN,NaN,NaN,NaN,1,0,0,0,0,NaN,NaN,15.276824790154006,NaN,NaN,NaN,0.7613231335141947,0.7743851909686832,NaN,NaN,NaN,NaN,NaN,NaN,NaN,NaN,NaN,NaN,1
2024-07-11T11:00:00-04:00,0.778734407445469,0.7899,0.7782,0.78405,0.7795123361185928,0.7838694973884118,0.7824392753089262,0,0,19175,19269,0,0,0,0,NaN,NaN,13.770809795970079,NaN,NaN,NaN,0.7613231335141947,0.7743851909686832,NaN,NaN,NaN,NaN,NaN,NaN,NaN,NaN,NaN,NaN,1,0,0,0,0,NaN,NaN,13.770809795970079,NaN,NaN,NaN,0.7613231335141947,0.7743851909686832,NaN,NaN,NaN,NaN,NaN,NaN,NaN,NaN,NaN,NaN,1
2024-07-11T11:02:00-04:00,0.7813922037227345,0.7813922037227345,0.765,0.77,0.7777828204606668,0.7836577493366803,0.780116811360799,0,1,19175,19270,0,0,0,0,NaN,NaN,10.350500056829908,NaN,NaN,NaN,0.7613231335141947,0.7743851909686832,NaN,NaN,NaN,NaN,NaN,NaN,NaN,NaN,NaN,NaN,1,0,0,0,0,NaN,NaN,10.350500056829908,NaN,NaN,NaN,0.7613231335141947,0.7743851909686832,NaN,NaN,NaN,NaN,NaN,NaN,NaN,NaN,NaN,NaN,1
2024-07-11T11:03:00-04:00,0.7756961018613673,0.7756961018613673,0.775,0.775,0.7772768531041819,0.7835255699574943,0.7799770077717061,0,0,19175,19271,0,0,0,0,NaN,NaN,8.031595253843088,NaN,NaN,NaN,0.7613231335141947,0.7743851909686832,NaN,NaN,NaN,NaN,NaN,NaN,NaN,NaN,NaN,NaN,1,0,0,0,0,NaN,NaN,8.031595253843088,NaN,NaN,NaN,0.7613231335141947,0.7743851909686832,NaN,NaN,NaN,NaN,NaN,NaN,NaN,NaN,NaN,NaN,1
2024-07-11T11:04:00-04:00,0.7753480509306836,0.7753480509306836,0.7752,0.7752,0.7768992434488762,0.7833984620192119,0.7799481785153892,0,0,19175,19272,0,0,0,0,NaN,NaN,5.8734568801123945,NaN,NaN,NaN,0.7613231335141947,0.7743851909686832,NaN,NaN,NaN,NaN,NaN,NaN,NaN,NaN,NaN,NaN,1,0,0,0,0,NaN,NaN,5.8734568801123945,NaN,NaN,NaN,0.7613231335141947,0.7743851909686832,NaN,NaN,NaN,NaN,NaN,NaN,NaN,NaN,NaN,NaN,1
2024-07-11T11:19:00-04:00,0.7752740254653419,0.7839,0.7752740254653419,0.7839,0.7781721082763532,0.7834061190876209,0.7802762212506917,0,0,19175,19273,0,0,0,0,NaN,NaN,4.080601064861656,NaN,NaN,NaN,0.7613231335141947,0.7743851909686832,NaN,NaN,NaN,NaN,NaN,NaN,NaN,NaN,NaN,NaN,1,0,0,0,0,NaN,NaN,4.080601064861656,NaN,NaN,NaN,0.7613231335141947,0.7743851909686832,NaN,NaN,NaN,NaN,NaN,NaN,NaN,NaN,NaN,NaN,1
2024-07-11T11:28:00-04:00,0.779587012732671,0.779587012732671,0.768875,0.768875,0.7764817249533799,0.783184269941245,0.7795308429709321,0,1,19175,19274,0,0,0,0,NaN,NaN,3.822636428210107,NaN,NaN,NaN,0.7613231335141947,0.7743851909686832,NaN,NaN,NaN,NaN,NaN,NaN,NaN,NaN,NaN,NaN,1,0,0,0,0,NaN,NaN,3.822636428210107,NaN,NaN,NaN,0.7613231335141947,0.7743851909686832,NaN,NaN,NaN,NaN,NaN,NaN,NaN,NaN,NaN,NaN,1
2024-07-11T11:36:00-04:00,0.7742310063663355,0.7819,0.7742310063663355,0.7819,0.7774668658709472,0.7831646627665695,0.7795905676111728,0,0,19175,19275,0,0,0,0,NaN,NaN,3.145074570550552,NaN,NaN,NaN,0.7613231335141947,0.7743851909686832,NaN,NaN,NaN,NaN,NaN,NaN,NaN,NaN,NaN,NaN,1,0,0,0,0,NaN,NaN,3.145074570550552,NaN,NaN,NaN,0.7613231335141947,0.7743851909686832,NaN,NaN,NaN,NaN,NaN,NaN,NaN,NaN,NaN,NaN,1
2024-07-11T11:56:00-04:00,0.7780655031831678,0.7780655031831678,0.7747,0.7747,0.7769637993489568,0.7830354312739501,0.7795660338115783,0,0,19175,19276,0,0,0,0,NaN,NaN,2.8684264362338747,NaN,NaN,NaN,0.7613231335141947,0.7743851909686832,NaN,NaN,NaN,NaN,NaN,NaN,NaN,NaN,NaN,NaN,1,0,0,0,0,NaN,NaN,2.8684264362338747,NaN,NaN,NaN,0.7613231335141947,0.7743851909686832,NaN,NaN,NaN,NaN,NaN,NaN,NaN,NaN,NaN,NaN,1
2024-07-11T12:06:00-04:00,0.776382751591584,0.776382751591584,0.7747,0.7747,0.7765521994673282,0.782908172781218,0.7795417449336128,0,0,19175,19277,0,0,0,0,NaN,NaN,2.7875662047658225,NaN,NaN,NaN,0.7613231335141947,0.7743851909686832,NaN,NaN,NaN,NaN,NaN,NaN,NaN,NaN,NaN,NaN,1,0,0,0,0,NaN,NaN,2.7875662047658225,NaN,NaN,NaN,0.7613231335141947,0.7743851909686832,NaN,NaN,NaN,NaN,NaN,NaN,NaN,NaN,NaN,NaN,1
2024-07-11T12:39:00-04:00,0.7755413757957921,0.7755413757957921,0.765,0.765005,0.7744527086550868,0.7826348418990621,0.7760222182794886,0,0,19175,19278,0,0,0,0,NaN,NaN,3.1417511097089514,NaN,NaN,NaN,0.7613231335141947,0.7743851909686832,NaN,NaN,NaN,NaN,NaN,NaN,NaN,NaN,NaN,NaN,1,0,0,0,0,NaN,NaN,3.1417511097089514,NaN,NaN,NaN,0.7613231335141947,0.7743851909686832,NaN,NaN,NaN,NaN,NaN,NaN,NaN,NaN,NaN,NaN,1
2024-07-11T13:21:00-04:00,0.7702731878978961,0.7818,0.7702731878978961,0.7818,0.7757885798087073,0.7826220962212138,0.7762433572727935,0,0,19175,19279,0,0,0,0,NaN,NaN,2.0604446999519412,NaN,NaN,NaN,0.7613231335141947,0.7743851909686832,NaN,NaN,NaN,NaN,NaN,NaN,NaN,NaN,NaN,NaN,1,0,0,0,0,NaN,NaN,2.0604446999519412,NaN,NaN,NaN,0.7613231335141947,0.7743851909686832,NaN,NaN,NaN,NaN,NaN,NaN,NaN,NaN,NaN,NaN,1
2024-07-11T13:28:00-04:00,0.7760365939489481,0.7760365939489481,0.760101,0.760101,0.7729362925707606,0.782278262691119,0.776184840788806,0,1,19175,19280,0,0,0,0,NaN,NaN,1.3595044775854306,NaN,NaN,NaN,0.7613231335141947,0.7743851909686832,NaN,NaN,NaN,NaN,NaN,NaN,NaN,NaN,NaN,NaN,1,0,0,0,0,NaN,NaN,1.3595044775854306,NaN,NaN,NaN,0.7613231335141947,0.7743851909686832,NaN,NaN,NaN,NaN,NaN,NaN,NaN,NaN,NaN,NaN,1
2024-07-11T13:37:00-04:00,0.768068796974474,0.7819,0.768068796974474,0.7819,0.774566057557895,0.7822724876882011,0.7762118525814482,0,0,19175,19281,0,0,0,0,NaN,NaN,0.6368331074449719,NaN,NaN,NaN,0.7613231335141947,0.7743851909686832,NaN,NaN,NaN,NaN,NaN,NaN,NaN,NaN,NaN,NaN,1,0,0,0,0,NaN,NaN,0.6368331074449719,NaN,NaN,NaN,0.7613231335141947,0.7743851909686832,NaN,NaN,NaN,NaN,NaN,NaN,NaN,NaN,NaN,NaN,1
2024-07-11T13:41:00-04:00,0.7749843984872371,0.7749843984872371,0.76,0.76,0.7719176834564595,0.7819324497082286,0.7761535722040479,0,1,19175,19282,0,0,0,0,NaN,NaN,0.37126792477602555,NaN,NaN,NaN,0.7613231335141947,0.7743851909686832,NaN,NaN,NaN,NaN,NaN,NaN,NaN,NaN,NaN,NaN,1,0,0,0,0,NaN,NaN,0.37126792477602555,NaN,NaN,NaN,0.7613231335141947,0.7743851909686832,NaN,NaN,NaN,NaN,NaN,NaN,NaN,NaN,NaN,NaN,1
2024-07-11T14:13:00-04:00,0.7674921992436186,0.7674921992436186,0.7601,0.7601,0.7697690137371033,0.7815991298653548,0.7756906231190867,0,0,19175,19283,0,0,0,0,NaN,NaN,0.2338500239818797,NaN,NaN,NaN,0.7613231335141947,0.7743851909686832,NaN,NaN,NaN,NaN,NaN,NaN,NaN,NaN,NaN,NaN,1,0,0,0,0,NaN,NaN,0.2338500239818797,NaN,NaN,NaN,0.7613231335141947,0.7743851909686832,NaN,NaN,NaN,NaN,NaN,NaN,NaN,NaN,NaN,NaN,1
2024-07-11T14:49:00-04:00,0.7637960996218093,0.78,0.7637960996218093,0.78,0.77162919305763,0.7815747156689372,0.775779041753582,0,0,19175,19284,0,0,0,0,NaN,NaN,0.02219586215930891,NaN,NaN,NaN,0.7613231335141947,0.7743851909686832,NaN,NaN,NaN,NaN,NaN,NaN,NaN,NaN,NaN,NaN,1,0,0,0,0,NaN,NaN,0.02219586215930891,NaN,NaN,NaN,0.7613231335141947,0.7743851909686832,NaN,NaN,NaN,NaN,NaN,NaN,NaN,NaN,NaN,NaN,1
2024-07-11T15:41:00-04:00,0.7718980498109047,0.781304,0.7718980498109047,0.778627,0.7729015215926064,0.7815297123762817,0.7758357393839863,0,0,19175,19285,0,0,0,0,NaN,NaN,0.4472511608236614,NaN,NaN,NaN,0.7613231335141947,0.7743851909686832,NaN,NaN,NaN,NaN,NaN,NaN,NaN,NaN,NaN,NaN,1,0,0,0,0,NaN,NaN,0.4472511608236614,NaN,NaN,NaN,0.7613231335141947,0.7743851909686832,NaN,NaN,NaN,NaN,NaN,NaN,NaN,NaN,NaN,NaN,1
2024-07-11T15:58:00-04:00,0.7752625249054523,0.7881,0.7752625249054523,0.7825500000000001,0.7746557903939507,0.7815452892865674,0.7760547370878319,0,0,19175,19286,0,0,0,0,NaN,NaN,2.0138156721709217,NaN,NaN,NaN,0.7613231335141947,0.7743851909686832,NaN,NaN,NaN,NaN,NaN,NaN,NaN,NaN,NaN,NaN,1,0,0,0,0,NaN,NaN,2.0138156721709217,NaN,NaN,NaN,0.7613231335141947,0.7743851909686832,NaN,NaN,NaN,NaN,NaN,NaN,NaN,NaN,NaN,NaN,1
2024-07-11T17:46:00-04:00,0.7789062624527262,0.7789062624527262,0.7604,0.7604,0.7720638285041415,0.7812224604424977,0.7750857794269724,0,1,19175,19287,0,0,0,0,NaN,NaN,2.619310642384573,NaN,NaN,NaN,0.7613231335141947,0.7743851909686832,NaN,NaN,NaN,NaN,NaN,NaN,NaN,NaN,NaN,NaN,1,0,0,0,0,NaN,NaN,2.619310642384573,NaN,NaN,NaN,0.7613231335141947,0.7743851909686832,NaN,NaN,NaN,NaN,NaN,NaN,NaN,NaN,NaN,NaN,1
2024-07-12T09:56:00-04:00,0.769653131226363,0.775,0.769653131226363,0.775,0.7725976778670248,0.7811274610464289,0.775,0,0,19175,19288,0,0,0,0,NaN,NaN,4.236113990440797,NaN,NaN,NaN,0.7613231335141947,0.7743851909686832,NaN,NaN,NaN,NaN,NaN,NaN,NaN,NaN,NaN,NaN,1,0,0,0,0,NaN,NaN,4.236113990440797,NaN,NaN,NaN,0.7613231335141947,0.7743851909686832,NaN,NaN,NaN,NaN,NaN,NaN,NaN,NaN,NaN,NaN,1
2024-07-12T10:33:00-04:00,0.7723265656131815,0.7925,0.7723265656131815,0.7925,0.7762162818912022,0.7813010875953385,0.775343137254902,0,0,19175,19289,0,0,0,0,NaN,NaN,5.3620807430149755,NaN,NaN,NaN,0.7613231335141947,0.7743851909686832,NaN,NaN,NaN,NaN,NaN,NaN,NaN,NaN,NaN,NaN,1,0,0,0,0,NaN,NaN,5.3620807430149755,NaN,NaN,NaN,0.7613231335141947,0.7743851909686832,NaN,NaN,NaN,NaN,NaN,NaN,NaN,NaN,NaN,NaN,1
2024-07-12T10:52:00-04:00,0.7824132828065907,0.7865,0.7824132828065907,0.7865,0.7780860488200745,0.7813804603038066,0.776328387558098,0,0,19175,19290,0,0,0,0,NaN,NaN,6.677407927196286,NaN,NaN,NaN,0.7613231335141947,0.7743851909686832,NaN,NaN,NaN,NaN,NaN,NaN,NaN,NaN,NaN,NaN,1,0,0,0,0,NaN,NaN,6.677407927196286,NaN,NaN,NaN,0.7613231335141947,0.7743851909686832,NaN,NaN,NaN,NaN,NaN,NaN,NaN,NaN,NaN,NaN,1
2024-07-12T11:51:00-04:00,0.7844566414032954,0.7844566414032954,0.775,0.775,0.7775249490346064,0.7812830486961149,0.7762193961273384,0,1,19175,19291,0,0,0,0,NaN,NaN,7.609908284819449,NaN,NaN,NaN,0.7613231335141947,0.7743851909686832,NaN,NaN,NaN,NaN,NaN,NaN,NaN,NaN,NaN,NaN,1,0,0,0,0,NaN,NaN,7.609908284819449,NaN,NaN,NaN,0.7613231335141947,0.7743851909686832,NaN,NaN,NaN,NaN,NaN,NaN,NaN,NaN,NaN,NaN,1
2024-07-12T12:00:00-04:00,0.7797283207016477,0.7797283207016477,0.7784,0.77855,0.7777113219374052,0.781241322761823,0.7772015997341688,0,0,19175,19292,0,0,0,0,NaN,NaN,9.369744980203809,NaN,NaN,NaN,0.7613231335141947,0.7743851909686832,NaN,NaN,NaN,NaN,NaN,NaN,NaN,NaN,NaN,NaN,1,0,0,0,0,NaN,NaN,9.369744980203809,NaN,NaN,NaN,0.7613231335141947,0.7743851909686832,NaN,NaN,NaN,NaN,NaN,NaN,NaN,NaN,NaN,NaN,1
2024-07-12T12:01:00-04:00,0.7791391603508238,0.7791391603508238,0.775,0.775,0.7772183543124225,0.7811460353914135,0.7771808943854038,0,0,19175,19293,0,0,0,0,NaN,NaN,9.743079271600767,NaN,NaN,NaN,0.7613231335141947,0.7743851909686832,NaN,NaN,NaN,NaN,NaN,NaN,NaN,NaN,NaN,NaN,1,0,0,0,0,NaN,NaN,9.743079271600767,NaN,NaN,NaN,0.7613231335141947,0.7743851909686832,NaN,NaN,NaN,NaN,NaN,NaN,NaN,NaN,NaN,NaN,1
2024-07-12T12:26:00-04:00,0.777069580175412,0.777069580175412,0.7753,0.7753,0.7768695626192548,0.7810567829426897,0.777119298644592,0,0,19175,19294,0,0,0,0,NaN,NaN,10.336519207964766,NaN,NaN,NaN,0.7613231335141947,0.7743851909686832,NaN,NaN,NaN,NaN,NaN,NaN,NaN,NaN,NaN,NaN,1,0,0,0,0,NaN,NaN,10.336519207964766,NaN,NaN,NaN,0.7613231335141947,0.7743851909686832,NaN,NaN,NaN,NaN,NaN,NaN,NaN,NaN,NaN,NaN,1
2024-07-12T12:28:00-04:00,0.7761847900877059,0.79,0.7761847900877059,0.79,0.7792569148702994,0.7811933206076868,0.7776030861495359,0,0,19175,19295,0,0,0,0,NaN,NaN,12.032593437218974,NaN,NaN,NaN,0.7613231335141947,0.7743851909686832,NaN,NaN,NaN,NaN,NaN,NaN,NaN,NaN,NaN,NaN,1,0,0,0,0,NaN,NaN,12.032593437218974,NaN,NaN,NaN,0.7613231335141947,0.7743851909686832,NaN,NaN,NaN,NaN,NaN,NaN,NaN,NaN,NaN,NaN,1
2024-07-12T12:41:00-04:00,0.783092395043853,0.79,0.783092395043853,0.79,0.7812102030756994,0.7813277737281801,0.7777372867411447,0,0,19175,19296,0,0,0,0,NaN,NaN,13.07885673047893,NaN,NaN,NaN,0.7613231335141947,0.7743851909686832,NaN,NaN,NaN,NaN,NaN,NaN,NaN,NaN,NaN,NaN,1,0,0,0,0,NaN,NaN,13.07885673047893,NaN,NaN,NaN,0.7613231335141947,0.7743851909686832,NaN,NaN,NaN,NaN,NaN,NaN,NaN,NaN,NaN,NaN,1
2024-07-12T12:43:00-04:00,0.7865461975219266,0.7865461975219266,0.7801,0.7801,0.7810083479710268,0.7813090290911087,0.7777575727655189,0,0,19175,19297,0,0,0,0,NaN,NaN,15.530011780023559,NaN,NaN,NaN,0.7613231335141947,0.7743851909686832,NaN,NaN,NaN,NaN,NaN,NaN,NaN,NaN,NaN,NaN,1,0,0,0,0,NaN,NaN,15.530011780023559,NaN,NaN,NaN,0.7613231335141947,0.7743851909686832,NaN,NaN,NaN,NaN,NaN,NaN,NaN,NaN,NaN,NaN,1
2024-07-12T13:11:00-04:00,0.7833230987609633,0.7833230987609633,0.7801,0.7801,0.7808431937944765,0.7812905706317024,0.7777971174136912,0,0,19175,19298,0,0,0,0,NaN,NaN,19.35289483463248,NaN,NaN,NaN,0.7613231335141947,0.7743851909686832,NaN,NaN,NaN,NaN,NaN,NaN,NaN,NaN,NaN,NaN,1,0,0,0,0,NaN,NaN,19.35289483463248,NaN,NaN,NaN,0.7613231335141947,0.7743851909686832,NaN,NaN,NaN,NaN,NaN,NaN,NaN,NaN,NaN,NaN,1
2024-07-12T13:16:00-04:00,0.7817115493804816,0.7817115493804816,0.7801,0.7801,0.7807080676500262,0.7812723939808367,0.7778163932367959,0,0,19175,19299,0,0,0,0,NaN,NaN,25.147035180266204,NaN,NaN,NaN,0.7613231335141947,0.7743851909686832,NaN,NaN,NaN,NaN,NaN,NaN,NaN,NaN,NaN,NaN,1,0,0,0,0,NaN,NaN,25.147035180266204,NaN,NaN,NaN,0.7613231335141947,0.7743851909686832,NaN,NaN,NaN,NaN,NaN,NaN,NaN,NaN,NaN,NaN,1
2024-07-12T13:17:00-04:00,0.7809057746902408,0.7809057746902408,0.7801,0.7801,0.7805975098954759,0.7812544948360911,0.7779074218436067,0,0,19175,19300,0,0,0,0,NaN,NaN,25.442574284495823,NaN,NaN,NaN,0.7613231335141947,0.7743851909686832,NaN,NaN,NaN,NaN,NaN,NaN,NaN,NaN,NaN,NaN,1,0,0,0,0,NaN,NaN,25.442574284495823,NaN,NaN,NaN,0.7613231335141947,0.7743851909686832,NaN,NaN,NaN,NaN,NaN,NaN,NaN,NaN,NaN,NaN,1
2024-07-12T13:23:00-04:00,0.7805028873451204,0.7805028873451204,0.7801,0.7801,0.7805070535508439,0.781236868960731,0.7779249023359642,0,0,19175,19301,0,0,0,0,NaN,NaN,28.57451143486883,NaN,NaN,NaN,0.7613231335141947,0.7743851909686832,NaN,NaN,NaN,NaN,NaN,NaN,NaN,NaN,NaN,NaN,1,0,0,0,0,NaN,NaN,28.57451143486883,NaN,NaN,NaN,0.7613231335141947,0.7743851909686832,NaN,NaN,NaN,NaN,NaN,NaN,NaN,NaN,NaN,NaN,1
2024-07-12T13:33:00-04:00,0.7803014436725602,0.7803014436725602,0.78,0.7800505,0.7804240438143268,0.7812187564575137,0.7781710856830677,0,0,19175,19302,0,0,0,0,NaN,NaN,36.87023344006507,NaN,NaN,NaN,0.7613231335141947,0.7743851909686832,NaN,NaN,NaN,NaN,NaN,NaN,NaN,NaN,NaN,NaN,1,0,0,0,0,NaN,NaN,36.87023344006507,NaN,NaN,NaN,0.7613231335141947,0.7743851909686832,NaN,NaN,NaN,NaN,NaN,NaN,NaN,NaN,NaN,NaN,1
2024-07-12T13:56:00-04:00,0.7801759718362801,0.7801759718362801,0.78,0.78,0.7803469449389947,0.7812001494886968,0.7782089618597265,0,0,19175,19303,0,0,0,0,NaN,NaN,40.79474086805007,NaN,NaN,NaN,0.7613231335141947,0.7743851909686832,NaN,NaN,NaN,NaN,NaN,NaN,NaN,NaN,NaN,NaN,1,0,0,0,0,NaN,NaN,40.79474086805007,NaN,NaN,NaN,0.7613231335141947,0.7743851909686832,NaN,NaN,NaN,NaN,NaN,NaN,NaN,NaN,NaN,NaN,1
2024-07-12T14:07:00-04:00,0.78008798591814,0.78008798591814,0.78,0.78,0.7802838640409957,0.7811818265957395,0.7782333529551954,0,0,19175,19304,0,0,0,0,NaN,NaN,44.917685274075005,NaN,NaN,NaN,0.7613231335141947,0.7743851909686832,NaN,NaN,NaN,NaN,NaN,NaN,NaN,NaN,NaN,NaN,1,0,0,0,0,NaN,NaN,44.917685274075005,NaN,NaN,NaN,0.7613231335141947,0.7743851909686832,NaN,NaN,NaN,NaN,NaN,NaN,NaN,NaN,NaN,NaN,1
2024-07-12T14:08:00-04:00,0.78004399295907,0.78004399295907,0.7751,0.7775247500000001,0.7797822069426329,0.7811259933652702,0.7781267714624551,0,0,19175,19305,0,0,0,0,NaN,NaN,45.896841632064366,NaN,NaN,NaN,0.7613231335141947,0.7743851909686832,NaN,NaN,NaN,NaN,NaN,NaN,NaN,NaN,NaN,NaN,1,0,0,0,0,NaN,NaN,45.896841632064366,NaN,NaN,NaN,0.7613231335141947,0.7743851909686832,NaN,NaN,NaN,NaN,NaN,NaN,NaN,NaN,NaN,NaN,1
2024-07-12T14:09:00-04:00,0.778784371479535,0.7831,0.778784371479535,0.7817000000000001,0.7801308965894269,0.7811347568253424,0.7783221793448539,0,0,19175,19306,0,0,0,0,NaN,NaN,44.83033769606096,NaN,NaN,NaN,0.7613231335141947,0.7743851909686832,NaN,NaN,NaN,NaN,NaN,NaN,NaN,NaN,NaN,NaN,1,0,0,0,0,NaN,NaN,44.83033769606096,NaN,NaN,NaN,0.7613231335141947,0.7743851909686832,NaN,NaN,NaN,NaN,NaN,NaN,NaN,NaN,NaN,NaN,1
2024-07-12T14:36:00-04:00,0.7802421857397676,0.7802421857397676,0.775,0.77625,0.779425279027713,0.7810601803852608,0.7782887319218766,0,1,19175,19307,0,0,0,0,NaN,NaN,42.31801159481315,NaN,NaN,NaN,0.7613231335141947,0.7743851909686832,NaN,NaN,NaN,NaN,NaN,NaN,NaN,NaN,NaN,NaN,1,0,0,0,0,NaN,NaN,42.31801159481315,NaN,NaN,NaN,0.7613231335141947,0.7743851909686832,NaN,NaN,NaN,NaN,NaN,NaN,NaN,NaN,NaN,NaN,1
2024-07-12T14:37:00-04:00,0.7782460928698838,0.7782460928698838,0.775,0.77565,0.7787388646590379,0.7809775822114401,0.7781859879776617,0,0,19175,19308,0,0,0,0,NaN,NaN,39.601491032980775,NaN,NaN,NaN,0.7613231335141947,0.7743851909686832,NaN,NaN,NaN,NaN,NaN,NaN,NaN,NaN,NaN,NaN,1,0,0,0,0,NaN,NaN,39.601491032980775,NaN,NaN,NaN,0.7613231335141947,0.7743851909686832,NaN,NaN,NaN,NaN,NaN,NaN,NaN,NaN,NaN,NaN,1
2024-07-12T14:51:00-04:00,0.7769480464349419,0.7799,0.7769480464349419,0.7799,0.7789499801755765,0.7809611305746242,0.778229186022481,0,0,19175,19309,0,0,0,0,NaN,NaN,37.06126514506797,NaN,NaN,NaN,0.7613231335141947,0.7743851909686832,NaN,NaN,NaN,NaN,NaN,NaN,NaN,NaN,NaN,NaN,1,0,0,0,0,NaN,NaN,37.06126514506797,NaN,NaN,NaN,0.7613231335141947,0.7743851909686832,NaN,NaN,NaN,NaN,NaN,NaN,NaN,NaN,NaN,NaN,1
2024-07-12T14:52:00-04:00,0.778424023217471,0.7788,0.7776,0.7782,0.7788136201436535,0.7809189759093628,0.778227785474351,0,0,19175,19310,0,0,0,0,NaN,NaN,34.0534333811082,NaN,NaN,NaN,0.7613231335141947,0.7743851909686832,NaN,NaN,NaN,NaN,NaN,NaN,NaN,NaN,NaN,NaN,1,0,0,0,0,NaN,NaN,34.0534333811082,NaN,NaN,NaN,0.7613231335141947,0.7743851909686832,NaN,NaN,NaN,NaN,NaN,NaN,NaN,NaN,NaN,NaN,1
2024-07-12T14:53:00-04:00,0.7783120116087354,0.78,0.7783120116087354,0.779675,0.7789702346629892,0.7808999839107466,0.7784683219901573,0,0,19175,19311,0,0,0,0,NaN,NaN,31.285858899633805,NaN,NaN,NaN,0.7613231335141947,0.7743851909686832,NaN,NaN,NaN,NaN,NaN,NaN,NaN,NaN,NaN,NaN,1,0,0,0,0,NaN,NaN,31.285858899633805,NaN,NaN,NaN,0.7613231335141947,0.7743851909686832,NaN,NaN,NaN,NaN,NaN,NaN,NaN,NaN,NaN,NaN,1
2024-07-12T15:12:00-04:00,0.7789935058043678,0.78,0.7789935058043678,0.78,0.779157464724264,0.7808862436983688,0.7784744259952975,0,0,19175,19312,0,0,0,0,NaN,NaN,28.398340307226555,NaN,NaN,NaN,0.7613231335141947,0.7743851909686832,NaN,NaN,NaN,NaN,NaN,NaN,NaN,NaN,NaN,NaN,1,0,0,0,0,NaN,NaN,28.398340307226555,NaN,NaN,NaN,0.7613231335141947,0.7743851909686832,NaN,NaN,NaN,NaN,NaN,NaN,NaN,NaN,NaN,NaN,1
2024-07-12T15:22:00-04:00,0.7794967529021839,0.78,0.7794967529021839,0.78,0.7793106529562159,0.7808727132602258,0.7784804815424919,0,0,19175,19313,0,0,0,0,NaN,NaN,25.909023258985286,NaN,NaN,NaN,0.7613231335141947,0.7743851909686832,NaN,NaN,NaN,NaN,NaN,NaN,NaN,NaN,NaN,NaN,1,0,0,0,0,NaN,NaN,25.909023258985286,NaN,NaN,NaN,0.7613231335141947,0.7743851909686832,NaN,NaN,NaN,NaN,NaN,NaN,NaN,NaN,NaN,NaN,1
2024-07-12T15:32:00-04:00,0.779748376451092,0.78,0.779748376451092,0.78,0.7794359887823585,0.7808593893936574,0.7784864892064999,0,0,19175,19314,0,0,0,0,NaN,NaN,23.441527796530014,NaN,NaN,NaN,0.7613231335141947,0.7743851909686832,NaN,NaN,NaN,NaN,NaN,NaN,NaN,NaN,NaN,NaN,1,0,0,0,0,NaN,NaN,23.441527796530014,NaN,NaN,NaN,0.7613231335141947,0.7743851909686832,NaN,NaN,NaN,NaN,NaN,NaN,NaN,NaN,NaN,NaN,1
2024-07-12T15:36:00-04:00,0.779874188225546,0.78,0.779874188225546,0.78,0.7795385362764752,0.7808462689448993,0.7784924495530264,0,0,19175,19315,0,0,0,0,NaN,NaN,20.962779740609825,NaN,NaN,NaN,0.7613231335141947,0.7743851909686832,NaN,NaN,NaN,NaN,NaN,NaN,NaN,NaN,NaN,NaN,1,0,0,0,0,NaN,NaN,20.962779740609825,NaN,NaN,NaN,0.7613231335141947,0.7743851909686832,NaN,NaN,NaN,NaN,NaN,NaN,NaN,NaN,NaN,NaN,1
2024-07-12T15:42:00-04:00,0.779937094112773,0.78,0.779937094112773,0.78,0.7796224387716615,0.7808333488083359,0.7784983631389009,0,0,19175,19316,0,0,0,0,NaN,NaN,18.336368942400938,NaN,NaN,NaN,0.7613231335141947,0.7743851909686832,NaN,NaN,NaN,NaN,NaN,NaN,NaN,NaN,NaN,NaN,1,0,0,0,0,NaN,NaN,18.336368942400938,NaN,NaN,NaN,0.7613231335141947,0.7743851909686832,NaN,NaN,NaN,NaN,NaN,NaN,NaN,NaN,NaN,NaN,1
2024-07-12T15:46:00-04:00,0.7799685470563865,0.78,0.7787,0.77935,0.7795729044495412,0.7808107022616437,0.7785335904749371,0,0,19175,19317,0,0,0,0,NaN,NaN,15.529921312448492,NaN,NaN,NaN,0.7613231335141947,0.7743851909686832,NaN,NaN,NaN,NaN,NaN,NaN,NaN,NaN,NaN,NaN,1,0,0,0,0,NaN,NaN,15.529921312448492,NaN,NaN,NaN,0.7613231335141947,0.7743851909686832,NaN,NaN,NaN,NaN,NaN,NaN,NaN,NaN,NaN,NaN,1
2024-07-12T15:49:00-04:00,0.7796592735281933,0.78,0.7775,0.77875,0.7794232854587155,0.7807792411584126,0.778535558054179,0,0,19175,19318,0,0,0,0,NaN,NaN,13.1305204258881,NaN,NaN,NaN,0.7613231335141947,0.7743851909686832,NaN,NaN,NaN,NaN,NaN,NaN,NaN,NaN,NaN,NaN,1,0,0,0,0,NaN,NaN,13.1305204258881,NaN,NaN,NaN,0.7613231335141947,0.7743851909686832,NaN,NaN,NaN,NaN,NaN,NaN,NaN,NaN,NaN,NaN,1
2024-07-12T15:51:00-04:00,0.7792046367640967,0.78,0.7792046367640967,0.78,0.7795281426480399,0.7807673443468337,0.7785409945985077,0,0,19175,19319,0,0,0,0,NaN,NaN,11.458111476786966,NaN,NaN,NaN,0.7613231335141947,0.7743851909686832,NaN,NaN,NaN,NaN,NaN,NaN,NaN,NaN,NaN,NaN,1,0,0,0,0,NaN,NaN,11.458111476786966,NaN,NaN,NaN,0.7613231335141947,0.7743851909686832,NaN,NaN,NaN,NaN,NaN,NaN,NaN,NaN,NaN,NaN,1
2024-07-12T15:56:00-04:00,0.7796023183820484,0.78,0.7787,0.77935,0.779495753075669,0.7807457055018439,0.778549346810934,0,0,19175,19320,0,0,0,0,NaN,NaN,9.689878087038432,NaN,NaN,NaN,0.7613231335141947,0.7743851909686832,NaN,NaN,NaN,NaN,NaN,NaN,NaN,NaN,NaN,NaN,1,0,0,0,0,NaN,NaN,9.689878087038432,NaN,NaN,NaN,0.7613231335141947,0.7743851909686832,NaN,NaN,NaN,NaN,NaN,NaN,NaN,NaN,NaN,NaN,1
2024-07-12T15:57:00-04:00,0.7794761591910242,0.7794761591910242,0.7775,0.7775,0.7791328888800928,0.7806961527460905,0.7785416923736233,0,0,19175,19321,0,0,0,0,NaN,NaN,7.70179099981438,NaN,NaN,NaN,0.7613231335141947,0.7743851909686832,NaN,NaN,NaN,NaN,NaN,NaN,NaN,NaN,NaN,NaN,1,0,0,0,0,NaN,NaN,7.70179099981438,NaN,NaN,NaN,0.7613231335141947,0.7743851909686832,NaN,NaN,NaN,NaN,NaN,NaN,NaN,NaN,NaN,NaN,1
2024-07-12T15:58:00-04:00,0.778488079595512,0.78,0.778488079595512,0.78,0.7792905454473487,0.7806855244598906,0.7785483106960027,0,0,19175,19322,0,0,0,0,NaN,NaN,6.12636766591003,NaN,NaN,NaN,0.7613231335141947,0.7743851909686832,NaN,NaN,NaN,NaN,NaN,NaN,NaN,NaN,NaN,NaN,1,0,0,0,0,NaN,NaN,6.12636766591003,NaN,NaN,NaN,0.7613231335141947,0.7743851909686832,NaN,NaN,NaN,NaN,NaN,NaN,NaN,NaN,NaN,NaN,1
2024-07-12T15:59:00-04:00,0.779244039797756,0.78,0.779244039797756,0.78,0.7794195371841943,0.7806750584376022,0.7785587759615039,0,0,19175,19323,0,0,0,0,NaN,NaN,4.624767391645031,NaN,NaN,NaN,0.7613231335141947,0.7743851909686832,NaN,NaN,NaN,NaN,NaN,NaN,NaN,NaN,NaN,NaN,1,0,0,0,0,NaN,NaN,4.624767391645031,NaN,NaN,NaN,0.7613231335141947,0.7743851909686832,NaN,NaN,NaN,NaN,NaN,NaN,NaN,NaN,NaN,NaN,1
2024-07-12T16:00:00-04:00,0.779622019898878,0.78,0.779622019898878,0.78,0.7795250758779771,0.7806647522019137,0.7785887876857376,0,0,19175,19324,0,0,0,0,NaN,NaN,3.2302008781640157,NaN,NaN,NaN,0.7613231335141947,0.7743851909686832,NaN,NaN,NaN,NaN,NaN,NaN,NaN,NaN,NaN,NaN,1,0,0,0,0,NaN,NaN,3.2302008781640157,NaN,NaN,NaN,0.7613231335141947,0.7743851909686832,NaN,NaN,NaN,NaN,NaN,NaN,NaN,NaN,NaN,NaN,1
2024-07-12T17:50:00-04:00,0.7798110099494391,0.7971,0.7798110099494391,0.7971,0.7827205166274358,0.780915672015625,0.7791586946772484,0,0,19175,19325,0,0,0,0,NaN,NaN,3.3184562414953356,NaN,NaN,NaN,0.7613231335141947,0.7743851909686832,NaN,NaN,NaN,NaN,NaN,NaN,NaN,NaN,NaN,NaN,1,0,0,0,0,NaN,NaN,3.3184562414953356,NaN,NaN,NaN,0.7613231335141947,0.7743851909686832,NaN,NaN,NaN,NaN,NaN,NaN,NaN,NaN,NaN,NaN,1
2024-07-15T08:31:00-04:00,0.7884555049747195,0.7884555049747195,0.7856,0.7856,0.7832440590588111,0.7809871884734017,0.7856,0,0,19175,19326,0,0,0,0,NaN,NaN,2.687949419449464,NaN,NaN,NaN,0.7613231335141947,0.7743851909686832,NaN,NaN,NaN,NaN,NaN,NaN,NaN,NaN,NaN,NaN,1,0,0,0,0,NaN,NaN,2.687949419449464,NaN,NaN,NaN,0.7613231335141947,0.7743851909686832,NaN,NaN,NaN,NaN,NaN,NaN,NaN,NaN,NaN,NaN,1
2024-07-15T09:30:00-04:00,0.7870277524873597,0.7870277524873597,0.7777,0.7777,0.7822360483208455,0.7809370023898383,0.7827967741935483,0,0,19175,19327,0,0,0,0,NaN,NaN,2.8523136082279974,NaN,NaN,NaN,0.7613231335141947,0.7743851909686832,NaN,NaN,NaN,NaN,NaN,NaN,NaN,NaN,NaN,NaN,1,0,0,0,0,NaN,NaN,2.8523136082279974,NaN,NaN,NaN,0.7613231335141947,0.7743851909686832,NaN,NaN,NaN,NaN,NaN,NaN,NaN,NaN,NaN,NaN,1
2024-07-15T09:46:00-04:00,0.7823638762436798,0.8,0.7823638762436798,0.8,0.7854658577170553,0.7812280405212911,0.7857869061413673,1,0,19328,19327,0,0,0,0,NaN,NaN,3.1070857298710512,NaN,NaN,NaN,0.7613231335141947,0.7743851909686832,NaN,NaN,NaN,NaN,NaN,NaN,NaN,NaN,NaN,NaN,1,0,0,0,0,NaN,NaN,3.1070857298710512,NaN,NaN,NaN,0.7613231335141947,0.7743851909686832,NaN,NaN,NaN,NaN,NaN,NaN,NaN,NaN,NaN,NaN,1
2024-07-15T09:47:00-04:00,0.7911819381218399,0.7911819381218399,0.79,0.79,0.7862902472230453,0.7813619635667676,0.7860176341730558,0,0,19328,19327,0,0,0,0,NaN,NaN,2.605178915830662,NaN,NaN,NaN,0.7613231335141947,0.7743851909686832,NaN,NaN,NaN,NaN,NaN,NaN,NaN,NaN,NaN,NaN,1,0,0,0,0,NaN,NaN,2.605178915830662,NaN,NaN,NaN,0.7613231335141947,0.7743851909686832,NaN,NaN,NaN,NaN,NaN,NaN,NaN,NaN,NaN,NaN,1
2024-07-15T09:49:00-04:00,0.79059096906092,0.811,0.79059096906092,0.806,0.7898738386370371,0.7817381167947558,0.7879902270483712,1,0,19328,19327,0,0,0,0,NaN,NaN,7.832982996831575,NaN,NaN,NaN,0.7613231335141947,0.7743851909686832,NaN,NaN,NaN,NaN,NaN,NaN,NaN,NaN,NaN,NaN,1,0,0,0,0,NaN,NaN,7.832982996831575,NaN,NaN,NaN,0.7613231335141947,0.7743851909686832,NaN,NaN,NaN,NaN,NaN,NaN,NaN,NaN,NaN,NaN,1
2024-07-15T10:11:00-04:00,0.79829548453046,0.79829548453046,0.79,0.79,0.7898967770666667,0.7818642524162099,0.7887999410551135,0,0,19328,19327,0,0,0,0,NaN,NaN,6.538136214429155,NaN,NaN,NaN,0.7613231335141947,0.7743851909686832,NaN,NaN,NaN,NaN,NaN,NaN,NaN,NaN,NaN,NaN,1,0,0,0,0,NaN,NaN,6.538136214429155,NaN,NaN,NaN,0.7613231335141947,0.7743851909686832,NaN,NaN,NaN,NaN,NaN,NaN,NaN,NaN,NaN,NaN,1
2024-07-15T10:19:00-04:00,0.79414774226523,0.79414774226523,0.79,0.79,0.7899155448727273,0.7819884623029854,0.7896891992977636,0,0,19328,19327,0,0,0,0,NaN,NaN,12.33960327705757,NaN,NaN,NaN,0.7613231335141947,0.7743851909686832,NaN,NaN,NaN,NaN,NaN,NaN,NaN,NaN,NaN,NaN,1,0,0,0,0,NaN,NaN,12.33960327705757,NaN,NaN,NaN,0.7613231335141947,0.7743851909686832,NaN,NaN,NaN,NaN,NaN,NaN,NaN,NaN,NaN,NaN,1
2024-07-15T10:48:00-04:00,0.792073871132615,0.8,0.792073871132615,0.8,0.7917490821685951,0.7822634476113367,0.7898442372753929,1,0,19328,19327,0,0,0,0,NaN,NaN,21.725411032962207,NaN,NaN,NaN,0.7613231335141947,0.7743851909686832,NaN,NaN,NaN,NaN,NaN,NaN,NaN,NaN,NaN,NaN,1,0,0,0,0,NaN,NaN,21.725411032962207,NaN,NaN,NaN,0.7613231335141947,0.7743851909686832,NaN,NaN,NaN,NaN,NaN,NaN,NaN,NaN,NaN,NaN,1
2024-07-15T10:53:00-04:00,0.7960369355663075,0.7960369355663075,0.79,0.7900499999999999,0.7914401581379414,0.782382326273759,0.7898615246883823,0,0,19328,19327,0,0,0,0,NaN,NaN,21.74510018214853,NaN,NaN,NaN,0.7613231335141947,0.7743851909686832,NaN,NaN,NaN,NaN,NaN,NaN,NaN,NaN,NaN,NaN,1,0,0,0,0,NaN,NaN,21.74510018214853,NaN,NaN,NaN,0.7613231335141947,0.7743851909686832,NaN,NaN,NaN,NaN,NaN,NaN,NaN,NaN,NaN,NaN,1
2024-07-15T11:02:00-04:00,0.7930434677831537,0.8,0.7930434677831537,0.8,0.7929964930219521,0.7826512983917169,0.7899992663541879,1,0,19328,19327,0,0,0,0,NaN,NaN,25.31595187411866,NaN,NaN,NaN,0.7613231335141947,0.7743851909686832,NaN,NaN,NaN,NaN,NaN,NaN,NaN,NaN,NaN,NaN,1,0,0,0,0,NaN,NaN,25.31595187411866,NaN,NaN,NaN,0.7613231335141947,0.7743851909686832,NaN,NaN,NaN,NaN,NaN,NaN,NaN,NaN,NaN,NaN,1
2024-07-15T11:06:00-04:00,0.7965217338915769,0.7965217338915769,0.79,0.7900499999999999,0.7924607670179608,0.7827642556681792,0.790001961793272,0,0,19328,19327,0,0,0,0,NaN,NaN,30.88544631215922,NaN,NaN,NaN,0.7613231335141947,0.7743851909686832,NaN,NaN,NaN,NaN,NaN,NaN,NaN,NaN,NaN,NaN,1,0,0,0,0,NaN,NaN,30.88544631215922,NaN,NaN,NaN,0.7613231335141947,0.7743851909686832,NaN,NaN,NaN,NaN,NaN,NaN,NaN,NaN,NaN,NaN,1
2024-07-15T11:07:00-04:00,0.7932858669457884,0.798,0.7932858669457884,0.798,0.7934679002874224,0.7829968624518712,0.7900530772672077,1,0,19328,19327,0,0,0,0,NaN,NaN,34.54170948770612,NaN,NaN,NaN,0.7613231335141947,0.7743851909686832,NaN,NaN,NaN,NaN,NaN,NaN,NaN,NaN,NaN,NaN,1,0,0,0,0,NaN,NaN,34.54170948770612,NaN,NaN,NaN,0.7613231335141947,0.7743851909686832,NaN,NaN,NaN,NaN,NaN,NaN,NaN,NaN,NaN,NaN,1
2024-07-15T11:08:00-04:00,0.7956429334728943,0.798,0.7956429334728943,0.798,0.794291918416982,0.7832259179869571,0.7901035435321012,0,0,19328,19327,0,0,0,0,NaN,NaN,35.677243072413496,NaN,NaN,NaN,0.7613231335141947,0.7743851909686832,NaN,NaN,NaN,NaN,NaN,NaN,NaN,NaN,NaN,NaN,1,0,0,0,0,NaN,NaN,35.677243072413496,NaN,NaN,NaN,0.7613231335141947,0.7743851909686832,NaN,NaN,NaN,NaN,NaN,NaN,NaN,NaN,NaN,NaN,1
2024-07-15T11:38:00-04:00,0.7968214667364472,0.7968214667364472,0.79,0.79,0.7935115696138944,0.7833293390863928,0.7901022449363516,0,0,19328,19327,0,0,0,0,NaN,NaN,37.69533466613377,NaN,NaN,NaN,0.7613231335141947,0.7743851909686832,NaN,NaN,NaN,NaN,NaN,NaN,NaN,NaN,NaN,NaN,1,0,0,0,0,NaN,NaN,37.69533466613377,NaN,NaN,NaN,0.7613231335141947,0.7743851909686832,NaN,NaN,NaN,NaN,NaN,NaN,NaN,NaN,NaN,NaN,1
2024-07-15T11:43:00-04:00,0.7934107333682237,0.7934107333682237,0.78,0.7805,0.7911458296840954,0.7832861430698066,0.7899833095931132,0,0,19328,19327,0,0,0,0,NaN,NaN,36.82250764032917,NaN,NaN,NaN,0.7613231335141947,0.7743851909686832,NaN,NaN,NaN,NaN,NaN,NaN,NaN,NaN,NaN,NaN,1,0,0,0,0,NaN,NaN,36.82250764032917,NaN,NaN,NaN,0.7613231335141947,0.7743851909686832,NaN,NaN,NaN,NaN,NaN,NaN,NaN,NaN,NaN,NaN,1
2024-07-15T11:44:00-04:00,0.7869553666841118,0.7869553666841118,0.7749,0.7749,0.7881920424688054,0.7831581103511835,0.7890213080535744,0,0,19328,19327,0,0,0,0,NaN,NaN,35.62092686189302,NaN,NaN,NaN,0.7613231335141947,0.7743851909686832,NaN,NaN,NaN,NaN,NaN,NaN,NaN,NaN,NaN,NaN,1,0,0,0,0,NaN,NaN,35.62092686189302,NaN,NaN,NaN,0.7613231335141947,0.7743851909686832,NaN,NaN,NaN,NaN,NaN,NaN,NaN,NaN,NaN,NaN,1
2024-07-15T11:59:00-04:00,0.780927683342056,0.780927683342056,0.7751,0.7751049999999999,0.7858125802017498,0.7830351621015471,0.7885534543620776,0,0,19328,19327,0,0,0,0,NaN,NaN,30.948417958541548,NaN,NaN,NaN,0.7613231335141947,0.7743851909686832,NaN,NaN,NaN,NaN,NaN,NaN,NaN,NaN,NaN,NaN,1,0,0,0,0,NaN,NaN,30.948417958541548,NaN,NaN,NaN,0.7613231335141947,0.7743851909686832,NaN,NaN,NaN,NaN,NaN,NaN,NaN,NaN,NaN,NaN,1
2024-07-15T12:00:00-04:00,0.778016341671028,0.778016341671028,0.770101,0.770101,0.7829559292559771,0.7828376939778594,0.788450637989636,0,0,19328,19327,0,0,0,0,NaN,NaN,25.80423271349511,NaN,NaN,NaN,0.7613231335141947,0.7743851909686832,NaN,NaN,NaN,NaN,NaN,NaN,NaN,NaN,NaN,NaN,1,0,0,0,0,NaN,NaN,25.80423271349511,NaN,NaN,NaN,0.7613231335141947,0.7743851909686832,NaN,NaN,NaN,NaN,NaN,NaN,NaN,NaN,NaN,NaN,1
2024-07-15T12:03:00-04:00,0.7740586708355139,0.775,0.7740586708355139,0.775,0.7815093966639813,0.7827180345278157,0.788302397090428,0,0,19328,19327,0,0,0,0,NaN,NaN,22.739713483530657,NaN,NaN,NaN,0.7613231335141947,0.7743851909686832,NaN,NaN,NaN,NaN,NaN,NaN,NaN,NaN,NaN,NaN,1,0,0,0,0,NaN,NaN,22.739713483530657,NaN,NaN,NaN,0.7613231335141947,0.7743851909686832,NaN,NaN,NaN,NaN,NaN,NaN,NaN,NaN,NaN,NaN,1
2024-07-15T12:40:00-04:00,0.7745293354177569,0.7799,0.7745293354177569,0.7799,0.781216779088712,0.7826750110999101,0.7878635608711546,0,0,19328,19327,0,0,0,0,NaN,NaN,23.210554807037447,NaN,NaN,NaN,0.7613231335141947,0.7743851909686832,NaN,NaN,NaN,NaN,NaN,NaN,NaN,NaN,NaN,NaN,1,0,0,0,0,NaN,NaN,23.210554807037447,NaN,NaN,NaN,0.7613231335141947,0.7743851909686832,NaN,NaN,NaN,NaN,NaN,NaN,NaN,NaN,NaN,NaN,1
2024-07-15T12:45:00-04:00,0.7772146677088785,0.779657,0.7772146677088785,0.779657,0.7809331828907644,0.782628934594568,0.7875147297094564,0,0,19328,19327,0,0,0,0,NaN,NaN,20.406521871299212,NaN,NaN,NaN,0.7613231335141947,0.7743851909686832,NaN,NaN,NaN,NaN,NaN,NaN,NaN,NaN,NaN,NaN,1,0,0,0,0,NaN,NaN,20.406521871299212,NaN,NaN,NaN,0.7613231335141947,0.7743851909686832,NaN,NaN,NaN,NaN,NaN,NaN,NaN,NaN,NaN,NaN,1
2024-07-15T13:07:00-04:00,0.7784358338544393,0.7784358338544393,0.77,0.77,0.77894533145608,0.7824361264328188,0.7874275787430959,0,1,19328,19327,0,0,0,0,NaN,NaN,17.682139947982776,NaN,NaN,NaN,0.7613231335141947,0.7743851909686832,NaN,NaN,NaN,NaN,NaN,NaN,NaN,NaN,NaN,NaN,1,0,0,0,0,NaN,NaN,17.682139947982776,NaN,NaN,NaN,0.7613231335141947,0.7743851909686832,NaN,NaN,NaN,NaN,NaN,NaN,NaN,NaN,NaN,NaN,1
2024-07-15T13:25:00-04:00,0.7742179169272196,0.775399,0.7742179169272196,0.775399,0.7783005439186109,0.7823286893880429,0.7873090530620287,0,0,19328,19348,0,0,0,0,NaN,NaN,15.190990825539691,NaN,NaN,NaN,0.7613231335141947,0.7743851909686832,NaN,NaN,NaN,NaN,NaN,NaN,NaN,NaN,NaN,NaN,1,0,0,0,0,NaN,NaN,15.190990825539691,NaN,NaN,NaN,0.7613231335141947,0.7743851909686832,NaN,NaN,NaN,NaN,NaN,NaN,NaN,NaN,NaN,NaN,1
2024-07-15T14:02:00-04:00,0.7748084584636098,0.7794,0.7748084584636098,0.7773375,0.778125445024318,0.7822524880233399,0.7866733832280085,0,0,19328,19349,0,0,0,0,NaN,NaN,13.283710099366097,NaN,NaN,NaN,0.7613231335141947,0.7743851909686832,NaN,NaN,NaN,NaN,NaN,NaN,NaN,NaN,NaN,NaN,1,0,0,0,0,NaN,NaN,13.283710099366097,NaN,NaN,NaN,0.7613231335141947,0.7743851909686832,NaN,NaN,NaN,NaN,NaN,NaN,NaN,NaN,NaN,NaN,1
2024-07-15T15:05:00-04:00,0.7760729792318048,0.7760729792318048,0.775,0.775,0.7775571822926238,0.78214176301535,0.7866197839662058,0,0,19328,19350,0,0,0,0,NaN,NaN,9.738279714036741,NaN,NaN,NaN,0.7613231335141947,0.7743851909686832,NaN,NaN,NaN,NaN,NaN,NaN,NaN,NaN,NaN,NaN,1,0,0,0,0,NaN,NaN,9.738279714036741,NaN,NaN,NaN,0.7613231335141947,0.7743851909686832,NaN,NaN,NaN,NaN,NaN,NaN,NaN,NaN,NaN,NaN,1
2024-07-15T15:14:00-04:00,0.7755364896159025,0.7755364896159025,0.771,0.77405,0.776919512784874,0.7820182246487034,0.7861209610212089,0,0,19328,19351,0,0,0,0,NaN,NaN,8.634244001385412,NaN,NaN,NaN,0.7613231335141947,0.7743851909686832,NaN,NaN,NaN,NaN,NaN,NaN,NaN,NaN,NaN,NaN,1,0,0,0,0,NaN,NaN,8.634244001385412,NaN,NaN,NaN,0.7613231335141947,0.7743851909686832,NaN,NaN,NaN,NaN,NaN,NaN,NaN,NaN,NaN,NaN,1
2024-07-15T15:52:00-04:00,0.7747932448079513,0.7747932448079513,0.772852,0.772852,0.776179965005806,0.7818782822876545,0.7858667377821987,0,0,19328,19352,0,0,0,0,NaN,NaN,4.972168831997347,NaN,NaN,NaN,0.7613231335141947,0.7743851909686832,NaN,NaN,NaN,NaN,NaN,NaN,NaN,NaN,NaN,NaN,1,0,0,0,0,NaN,NaN,4.972168831997347,NaN,NaN,NaN,0.7613231335141947,0.7743851909686832,NaN,NaN,NaN,NaN,NaN,NaN,NaN,NaN,NaN,NaN,1
2024-07-15T16:42:00-04:00,0.7738226224039757,0.7738226224039757,0.772,0.772,0.7754199713683867,0.781727468817614,0.7847627860441047,0,0,19328,19353,0,0,0,0,NaN,NaN,3.9341312921460827,NaN,NaN,NaN,0.7613231335141947,0.7743851909686832,NaN,NaN,NaN,NaN,NaN,NaN,NaN,NaN,NaN,NaN,1,0,0,0,0,NaN,NaN,3.9341312921460827,NaN,NaN,NaN,0.7613231335141947,0.7743851909686832,NaN,NaN,NaN,NaN,NaN,NaN,NaN,NaN,NaN,NaN,1
2024-07-15T16:51:00-04:00,0.7729113112019879,0.7729113112019879,0.772,0.772,0.7747981583923164,0.7815789578432993,0.7842742022433198,0,0,19328,19354,0,0,0,0,NaN,NaN,1.426699029521671,NaN,NaN,NaN,0.7613231335141947,0.7743851909686832,NaN,NaN,NaN,NaN,NaN,NaN,NaN,NaN,NaN,NaN,1,0,0,0,0,NaN,NaN,1.426699029521671,NaN,NaN,NaN,0.7613231335141947,0.7743851909686832,NaN,NaN,NaN,NaN,NaN,NaN,NaN,NaN,NaN,NaN,1
2024-07-16T10:16:00-04:00,0.7724556556009939,0.792501,0.7724556556009939,0.792501,0.7780168568664406,0.7817457065785162,0.792501,0,0,19328,19355,0,0,0,0,NaN,NaN,0.8693483588090668,NaN,NaN,NaN,0.7613231335141947,0.7743851909686832,NaN,NaN,NaN,NaN,NaN,NaN,NaN,NaN,NaN,NaN,1,0,0,0,0,NaN,NaN,0.8693483588090668,NaN,NaN,NaN,0.7613231335141947,0.7743851909686832,NaN,NaN,NaN,NaN,NaN,NaN,NaN,NaN,NaN,NaN,1
2024-07-16T10:17:00-04:00,0.782478327800497,0.791876,0.78,0.7843755,0.7791729737998151,0.7817858560964014,0.7849773888888889,0,0,19328,19356,0,0,0,0,NaN,NaN,0.9187648552318595,NaN,NaN,NaN,0.7613231335141947,0.7743851909686832,NaN,NaN,NaN,NaN,NaN,NaN,NaN,NaN,NaN,NaN,1,0,0,0,0,NaN,NaN,0.9187648552318595,NaN,NaN,NaN,0.7613231335141947,0.7743851909686832,NaN,NaN,NaN,NaN,NaN,NaN,NaN,NaN,NaN,NaN,1
2024-07-16T10:31:00-04:00,0.7834269139002485,0.7915,0.7834269139002485,0.7915,0.7814142512907578,0.7819341636369144,0.7850726094890511,0,0,19328,19357,0,0,0,0,NaN,NaN,1.291305438506599,NaN,NaN,NaN,0.7613231335141947,0.7743851909686832,NaN,NaN,NaN,NaN,NaN,NaN,NaN,NaN,NaN,NaN,1,0,0,0,0,NaN,NaN,1.291305438506599,NaN,NaN,NaN,0.7613231335141947,0.7743851909686832,NaN,NaN,NaN,NaN,NaN,NaN,NaN,NaN,NaN,NaN,1
2024-07-16T10:32:00-04:00,0.7874634569501242,0.7874634569501242,0.7801,0.7801,0.78117529651062,0.7819061611386409,0.7850276491862568,0,1,19328,19358,0,0,0,0,NaN,NaN,1.2127616566720376,NaN,NaN,NaN,0.7613231335141947,0.7743851909686832,NaN,NaN,NaN,NaN,NaN,NaN,NaN,NaN,NaN,NaN,1,0,0,0,0,NaN,NaN,1.2127616566720376,NaN,NaN,NaN,0.7613231335141947,0.7743851909686832,NaN,NaN,NaN,NaN,NaN,NaN,NaN,NaN,NaN,NaN,1
2024-07-16T10:42:00-04:00,0.7837817284750621,0.7837817284750621,0.78,0.78,0.7809616062359618,0.7818770594418677,0.784818526863085,0,0,19328,19359,0,0,0,0,NaN,NaN,0.19065739285291328,NaN,NaN,NaN,0.7613231335141947,0.7743851909686832,NaN,NaN,NaN,NaN,NaN,NaN,NaN,NaN,NaN,NaN,1,0,0,0,0,NaN,NaN,0.19065739285291328,NaN,NaN,NaN,0.7613231335141947,0.7743851909686832,NaN,NaN,NaN,NaN,NaN,NaN,NaN,NaN,NaN,NaN,1
2024-07-16T11:21:00-04:00,0.7818908642375311,0.8029,0.78,0.7923250000000001,0.7830276778294233,0.7820365699847399,0.7889048839229312,0,0,19328,19360,0,0,0,0,NaN,NaN,0.26695845211988145,NaN,NaN,NaN,0.7613231335141947,0.7743851909686832,NaN,NaN,NaN,NaN,NaN,NaN,NaN,NaN,NaN,NaN,1,0,0,0,0,NaN,NaN,0.26695845211988145,NaN,NaN,NaN,0.7613231335141947,0.7743851909686832,NaN,NaN,NaN,NaN,NaN,NaN,NaN,NaN,NaN,NaN,1
2024-07-16T11:22:00-04:00,0.7871079321187655,0.7871079321187655,0.771,0.7770999999999999,0.7819499182240736,0.7819612025040569,0.7833470560950742,0,0,19328,19361,0,0,0,0,NaN,NaN,0.4524116603649461,NaN,NaN,NaN,0.7613231335141947,0.7743851909686832,NaN,NaN,NaN,NaN,NaN,NaN,NaN,NaN,NaN,NaN,1,0,0,0,0,NaN,NaN,0.4524116603649461,NaN,NaN,NaN,0.7613231335141947,0.7743851909686832,NaN,NaN,NaN,NaN,NaN,NaN,NaN,NaN,NaN,NaN,1
2024-07-16T11:24:00-04:00,0.7821039660593827,0.81,0.7821039660593827,0.801725,0.7855453876378784,0.7822629398704072,0.785251403517972,1,0,19362,19361,0,0,0,0,NaN,NaN,1.7940589857508085,NaN,NaN,NaN,0.7613231335141947,0.7743851909686832,NaN,NaN,NaN,NaN,NaN,NaN,NaN,NaN,NaN,NaN,1,0,0,0,0,NaN,NaN,1.7940589857508085,NaN,NaN,NaN,0.7613231335141947,0.7743851909686832,NaN,NaN,NaN,NaN,NaN,NaN,NaN,NaN,NaN,NaN,1
2024-07-16T11:25:00-04:00,0.7919144830296914,0.8,0.7902,0.7969250000000001,0.787614408067355,0.7824867881166605,0.7862578196878424,0,0,19362,19361,0,0,0,0,NaN,NaN,2.2961043107144445,NaN,NaN,NaN,0.7613231335141947,0.7743851909686832,NaN,NaN,NaN,NaN,NaN,NaN,NaN,NaN,NaN,NaN,1,0,0,0,0,NaN,NaN,2.2961043107144445,NaN,NaN,NaN,0.7613231335141947,0.7743851909686832,NaN,NaN,NaN,NaN,NaN,NaN,NaN,NaN,NaN,NaN,1
2024-07-16T11:26:00-04:00,0.7944197415148457,0.803,0.7901,0.7965500000000001,0.7892390611460178,0.782701493641597,0.7865041520225576,0,0,19362,19361,0,0,0,0,NaN,NaN,3.088554152157101,NaN,NaN,NaN,0.7613231335141947,0.7743851909686832,NaN,NaN,NaN,NaN,NaN,NaN,NaN,NaN,NaN,NaN,1,0,0,0,0,NaN,NaN,3.088554152157101,NaN,NaN,NaN,0.7613231335141947,0.7743851909686832,NaN,NaN,NaN,NaN,NaN,NaN,NaN,NaN,NaN,NaN,1
2024-07-16T11:27:00-04:00,0.7954848707574229,0.8,0.7954848707574229,0.79895,0.7910046863921965,0.7829495624409619,0.7871057730949232,0,0,19362,19361,0,0,0,0,NaN,NaN,3.7680248084522203,NaN,NaN,NaN,0.7613231335141947,0.7743851909686832,NaN,NaN,NaN,NaN,NaN,NaN,NaN,NaN,NaN,NaN,1,0,0,0,0,NaN,NaN,3.7680248084522203,NaN,NaN,NaN,0.7613231335141947,0.7743851909686832,NaN,NaN,NaN,NaN,NaN,NaN,NaN,NaN,NaN,NaN,1
2024-07-16T11:33:00-04:00,0.7972174353787115,0.81,0.7972174353787115,0.8048500000000001,0.7935220161390698,0.7832839202662908,0.7880160628106753,0,0,19362,19361,0,0,0,0,NaN,NaN,4.965108738205255,NaN,NaN,NaN,0.7613231335141947,0.7743851909686832,NaN,NaN,NaN,NaN,NaN,NaN,NaN,NaN,NaN,NaN,1,0,0,0,0,NaN,NaN,4.965108738205255,NaN,NaN,NaN,0.7613231335141947,0.7743851909686832,NaN,NaN,NaN,NaN,NaN,NaN,NaN,NaN,NaN,NaN,1
2024-07-16T11:39:00-04:00,0.8010337176893558,0.814,0.8010337176893558,0.814,0.7972452859319662,0.7837528680484849,0.7880786114053249,0,0,19362,19361,0,0,0,0,NaN,NaN,8.920136162907717,NaN,NaN,NaN,0.7662790222361231,0.7743851909686832,NaN,NaN,NaN,NaN,NaN,NaN,NaN,NaN,NaN,NaN,1,0,0,0,0,NaN,NaN,8.920136162907717,NaN,NaN,NaN,0.7662790222361231,0.7743851909686832,NaN,NaN,NaN,NaN,NaN,NaN,NaN,NaN,NaN,NaN,1
2024-07-16T11:40:00-04:00,0.8075168588446779,0.82,0.8075168588446779,0.8197499999999999,0.8013370521261541,0.7843024425820958,0.7888230848338115,0,0,19362,19361,0,0,0,0,NaN,NaN,13.64639504369248,NaN,NaN,NaN,0.7974046142653699,0.7829237499999999,NaN,NaN,NaN,NaN,NaN,NaN,NaN,NaN,NaN,NaN,1,0,0,0,0,NaN,NaN,13.64639504369248,NaN,NaN,NaN,0.7974046142653699,0.7829237499999999,NaN,NaN,NaN,NaN,NaN,NaN,NaN,NaN,NaN,NaN,1
2024-07-16T11:42:00-04:00,0.8136334294223388,0.82,0.8081,0.81110025,0.8031121790123079,0.7847115694129035,0.7899421155005361,0,0,19362,19361,0,0,0,0,NaN,NaN,16.220800708249914,NaN,NaN,NaN,0.7974046142653699,0.7829237499999999,NaN,NaN,NaN,NaN,NaN,NaN,NaN,NaN,NaN,NaN,1,0,0,0,0,NaN,NaN,16.220800708249914,NaN,NaN,NaN,0.7974046142653699,0.7829237499999999,NaN,NaN,NaN,NaN,NaN,NaN,NaN,NaN,NaN,NaN,1
2024-07-16T11:43:00-04:00,0.8123668397111694,0.81405,0.802,0.8080250000000001,0.8040054191918883,0.7850674996508745,0.7905847553426283,0,0,19362,19361,0,0,0,0,NaN,NaN,18.489421570044453,NaN,NaN,NaN,0.7974046142653699,0.7829237499999999,NaN,NaN,NaN,NaN,NaN,NaN,NaN,NaN,NaN,NaN,1,0,0,0,0,NaN,NaN,18.489421570044453,NaN,NaN,NaN,0.7974046142653699,0.7829237499999999,NaN,NaN,NaN,NaN,NaN,NaN,NaN,NaN,NaN,NaN,1
2024-07-16T11:44:00-04:00,0.8101959198555848,0.8101959198555848,0.802551,0.802551,0.8037409793388177,0.7853344233203268,0.7907686855355915,0,0,19362,19361,0,0,0,0,NaN,NaN,20.1407445111852,NaN,NaN,NaN,0.7974046142653699,0.7829237499999999,NaN,NaN,NaN,NaN,NaN,NaN,NaN,NaN,NaN,NaN,1,0,0,0,0,NaN,NaN,20.1407445111852,NaN,NaN,NaN,0.7974046142653699,0.7829237499999999,NaN,NaN,NaN,NaN,NaN,NaN,NaN,NaN,NaN,NaN,1
2024-07-16T11:52:00-04:00,0.8063734599277924,0.808801,0.79,0.79775025,0.802651755822669,0.7855239779261233,0.7911529097106054,0,0,19362,19361,0,0,0,0,NaN,NaN,21.1225204299898,NaN,NaN,NaN,0.7974046142653699,0.7829237499999999,NaN,NaN,NaN,NaN,NaN,NaN,NaN,NaN,NaN,NaN,1,0,0,0,0,NaN,NaN,21.1225204299898,NaN,NaN,NaN,0.7974046142653699,0.7829237499999999,NaN,NaN,NaN,NaN,NaN,NaN,NaN,NaN,NaN,NaN,1
2024-07-16T11:53:00-04:00,0.8020618549638963,0.8020618549638963,0.796,0.796,0.8014423456730928,0.7856839171944268,0.7911674322474012,0,0,19362,19361,0,0,0,0,NaN,NaN,21.789149011304552,NaN,NaN,NaN,0.7974046142653699,0.7829237499999999,NaN,NaN,NaN,NaN,NaN,NaN,NaN,NaN,NaN,NaN,1,0,0,0,0,NaN,NaN,21.789149011304552,NaN,NaN,NaN,0.7974046142653699,0.7829237499999999,NaN,NaN,NaN,NaN,NaN,NaN,NaN,NaN,NaN,NaN,1
2024-07-16T11:55:00-04:00,0.7990309274819481,0.7990309274819481,0.79,0.79,0.7993619191870759,0.785749811588405,0.7911651050394206,0,0,19362,19361,0,0,0,0,NaN,NaN,21.408462620176255,NaN,NaN,NaN,0.7974046142653699,0.7829237499999999,NaN,NaN,NaN,NaN,NaN,NaN,NaN,NaN,NaN,NaN,1,0,0,0,0,NaN,NaN,21.408462620176255,NaN,NaN,NaN,0.7974046142653699,0.7829237499999999,NaN,NaN,NaN,NaN,NaN,NaN,NaN,NaN,NaN,NaN,1
2024-07-16T11:56:00-04:00,0.7945154637409741,0.7945154637409741,0.79,0.79,0.797659752062153,0.7858146999611011,0.7911639449113307,0,0,19362,19361,0,0,0,0,NaN,NaN,20.97467769776197,NaN,NaN,NaN,0.7974046142653699,0.7829237499999999,NaN,NaN,NaN,NaN,NaN,NaN,NaN,NaN,NaN,NaN,1,0,0,0,0,NaN,NaN,20.97467769776197,NaN,NaN,NaN,0.7974046142653699,0.7829237499999999,NaN,NaN,NaN,NaN,NaN,NaN,NaN,NaN,NaN,NaN,1
2024-07-16T11:59:00-04:00,0.7922577318704871,0.795,0.79,0.7925,0.7967216153235798,0.7859167656105499,0.7911694431349413,0,0,19362,19361,0,0,0,0,NaN,NaN,20.917529339133942,NaN,NaN,NaN,0.7974046142653699,0.7829237499999999,NaN,NaN,NaN,NaN,NaN,NaN,NaN,NaN,NaN,NaN,1,0,0,0,0,NaN,NaN,20.917529339133942,NaN,NaN,NaN,0.7974046142653699,0.7829237499999999,NaN,NaN,NaN,NaN,NaN,NaN,NaN,NaN,NaN,NaN,1
2024-07-16T12:16:00-04:00,0.7923788659352435,0.802,0.7923788659352435,0.802,0.7976813216283835,0.7861623111737476,0.7912441042651464,0,0,19362,19361,0,0,0,0,NaN,NaN,21.772204338435905,NaN,NaN,NaN,0.7974046142653699,0.7829237499999999,NaN,NaN,NaN,NaN,NaN,NaN,NaN,NaN,NaN,NaN,1,0,0,0,0,NaN,NaN,21.772204338435905,NaN,NaN,NaN,0.7974046142653699,0.7829237499999999,NaN,NaN,NaN,NaN,NaN,NaN,NaN,NaN,NaN,NaN,1
2024-07-16T12:17:00-04:00,0.7971894329676218,0.801899,0.7971894329676218,0.801899,0.7984481722414046,0.786402565964988,0.7912754901957899,0,0,19362,19361,0,0,0,0,NaN,NaN,23.215299006753888,NaN,NaN,NaN,0.7974046142653699,0.7829237499999999,NaN,NaN,NaN,NaN,NaN,NaN,NaN,NaN,NaN,NaN,1,0,0,0,0,NaN,NaN,23.215299006753888,NaN,NaN,NaN,0.7974046142653699,0.7829237499999999,NaN,NaN,NaN,NaN,NaN,NaN,NaN,NaN,NaN,NaN,1
2024-07-16T12:26:00-04:00,0.7995442164838109,0.8019,0.7995442164838109,0.8019,0.7990757772884219,0.786639168011324,0.7913273960710938,0,0,19362,19361,0,0,0,0,NaN,NaN,23.704190276727452,NaN,NaN,NaN,0.7974046142653699,0.7829237499999999,NaN,NaN,NaN,NaN,NaN,NaN,NaN,NaN,NaN,NaN,1,0,0,0,0,NaN,NaN,23.704190276727452,NaN,NaN,NaN,0.7974046142653699,0.7829237499999999,NaN,NaN,NaN,NaN,NaN,NaN,NaN,NaN,NaN,NaN,1
2024-07-16T12:36:00-04:00,0.8007221082419054,0.8007221082419054,0.7837,0.78685,0.796852908690527,0.7866423868203115,0.7912840709039715,0,0,19362,19361,0,0,0,0,NaN,NaN,21.550350167987016,NaN,NaN,NaN,0.7974046142653699,0.7829237499999999,NaN,NaN,NaN,NaN,NaN,NaN,NaN,NaN,NaN,NaN,1,0,0,0,0,NaN,NaN,21.550350167987016,NaN,NaN,NaN,0.7974046142653699,0.7829237499999999,NaN,NaN,NaN,NaN,NaN,NaN,NaN,NaN,NaN,NaN,1
2024-07-16T12:40:00-04:00,0.7937860541209527,0.7937860541209527,0.7887,0.7887,0.7953705616558857,0.7866738007619861,0.7912765912498556,0,0,19362,19361,0,0,0,0,NaN,NaN,20.38587814402686,NaN,NaN,NaN,0.7974046142653699,0.7829237499999999,NaN,NaN,NaN,NaN,NaN,NaN,NaN,NaN,NaN,NaN,1,0,0,0,0,NaN,NaN,20.38587814402686,NaN,NaN,NaN,0.7974046142653699,0.7829237499999999,NaN,NaN,NaN,NaN,NaN,NaN,NaN,NaN,NaN,NaN,1
2024-07-16T12:48:00-04:00,0.7912430270604763,0.798266,0.7912430270604763,0.798266,0.7958970049911792,0.7868507809030245,0.791376303198471,0,0,19362,19361,0,0,0,0,NaN,NaN,20.48158078646492,NaN,NaN,NaN,0.7974046142653699,0.7829237499999999,NaN,NaN,NaN,NaN,NaN,NaN,NaN,NaN,NaN,NaN,1,0,0,0,0,NaN,NaN,20.48158078646492,NaN,NaN,NaN,0.7974046142653699,0.7829237499999999,NaN,NaN,NaN,NaN,NaN,NaN,NaN,NaN,NaN,NaN,1
2024-07-16T12:56:00-04:00,0.7947545135302382,0.7947545135302382,0.7857,0.7857,0.7940430040836921,0.7868332117289325,0.7911759496059311,0,1,19362,19361,0,0,0,0,NaN,NaN,18.626684335222073,NaN,NaN,NaN,0.7974046142653699,0.7829237499999999,NaN,NaN,NaN,NaN,NaN,NaN,NaN,NaN,NaN,NaN,1,0,0,0,0,NaN,NaN,18.626684335222073,NaN,NaN,NaN,0.7974046142653699,0.7829237499999999,NaN,NaN,NaN,NaN,NaN,NaN,NaN,NaN,NaN,NaN,1
2024-07-16T12:59:00-04:00,0.7902272567651191,0.7928,0.7902272567651191,0.7928,0.7938170033412026,0.786924307733071,0.7911863282965033,0,0,19362,19384,0,0,0,0,NaN,NaN,18.06631559381508,NaN,NaN,NaN,0.7974046142653699,0.7829237499999999,NaN,NaN,NaN,NaN,NaN,NaN,NaN,NaN,NaN,NaN,1,0,0,0,0,NaN,NaN,18.06631559381508,NaN,NaN,NaN,0.7974046142653699,0.7829237499999999,NaN,NaN,NaN,NaN,NaN,NaN,NaN,NaN,NaN,NaN,1
2024-07-16T14:22:00-04:00,0.7915136283825595,0.793,0.7915136283825595,0.793,0.7936684572791658,0.7870170663936348,0.7912188046010461,0,0,19362,19385,0,0,0,0,NaN,NaN,17.489414500099446,NaN,NaN,NaN,0.7974046142653699,0.7829237499999999,NaN,NaN,NaN,NaN,NaN,NaN,NaN,NaN,NaN,NaN,1,0,0,0,0,NaN,NaN,17.489414500099446,NaN,NaN,NaN,0.7974046142653699,0.7829237499999999,NaN,NaN,NaN,NaN,NaN,NaN,NaN,NaN,NaN,NaN,1
2024-07-16T14:23:00-04:00,0.7922568141912798,0.8,0.7916,0.7958000000000001,0.7940560105011356,0.7871511569830449,0.7912795137774757,0,0,19362,19386,0,0,0,0,NaN,NaN,17.286591752542456,NaN,NaN,NaN,0.7974046142653699,0.7829237499999999,NaN,NaN,NaN,NaN,NaN,NaN,NaN,NaN,NaN,NaN,1,0,0,0,0,NaN,NaN,17.286591752542456,NaN,NaN,NaN,0.7974046142653699,0.7829237499999999,NaN,NaN,NaN,NaN,NaN,NaN,NaN,NaN,NaN,NaN,1
2024-07-16T14:24:00-04:00,0.7940284070956399,0.8,0.7940284070956399,0.7996000000000001,0.7950640085918382,0.7873412156550595,0.7914873610886196,0,0,19362,19387,0,0,0,0,NaN,NaN,17.553187011978416,NaN,NaN,NaN,0.7974046142653699,0.7829237499999999,NaN,NaN,NaN,NaN,NaN,NaN,NaN,NaN,NaN,NaN,1,0,0,0,0,NaN,NaN,17.553187011978416,NaN,NaN,NaN,0.7974046142653699,0.7829237499999999,NaN,NaN,NaN,NaN,NaN,NaN,NaN,NaN,NaN,NaN,1
2024-07-16T14:25:00-04:00,0.7968142035478201,0.81,0.7968142035478201,0.81,0.7977796433933222,0.7876871512939136,0.7916611263866137,0,0,19362,19388,0,0,0,0,NaN,NaN,18.95719112067958,NaN,NaN,NaN,0.7974046142653699,0.7829237499999999,NaN,NaN,NaN,NaN,NaN,NaN,NaN,NaN,NaN,NaN,1,0,0,0,0,NaN,NaN,18.95719112067958,NaN,NaN,NaN,0.7974046142653699,0.7829237499999999,NaN,NaN,NaN,NaN,NaN,NaN,NaN,NaN,NaN,NaN,1
2024-07-16T14:26:00-04:00,0.8034071017739101,0.8075,0.8034071017739101,0.8075,0.7995469809581727,0.7879896375337012,0.7919919520394014,0,0,19362,19389,0,0,0,0,NaN,NaN,19.91944556133507,NaN,NaN,NaN,0.7974046142653699,0.7829237499999999,NaN,NaN,NaN,NaN,NaN,NaN,NaN,NaN,NaN,NaN,1,0,0,0,0,NaN,NaN,19.91944556133507,NaN,NaN,NaN,0.7974046142653699,0.7829237499999999,NaN,NaN,NaN,NaN,NaN,NaN,NaN,NaN,NaN,NaN,1
2024-07-16T14:34:00-04:00,0.805453550886955,0.8179,0.805453550886955,0.8179,0.8028838935112321,0.7884462842889118,0.7922703213724878,0,0,19362,19390,0,0,0,0,NaN,NaN,21.644067550933425,NaN,NaN,NaN,0.7974046142653699,0.7829237499999999,NaN,NaN,NaN,NaN,NaN,NaN,NaN,NaN,NaN,NaN,1,0,0,0,0,NaN,NaN,21.644067550933425,NaN,NaN,NaN,0.7974046142653699,0.7829237499999999,NaN,NaN,NaN,NaN,NaN,NaN,NaN,NaN,NaN,NaN,1
2024-07-16T14:37:00-04:00,0.8116767754434775,0.812,0.8116767754434775,0.812,0.8045413674182809,0.7888058830020582,0.7924320506549613,0,0,19362,19391,0,0,0,0,NaN,NaN,22.943427582527125,NaN,NaN,NaN,0.7974046142653699,0.7829237499999999,NaN,NaN,NaN,NaN,NaN,NaN,NaN,NaN,NaN,NaN,1,0,0,0,0,NaN,NaN,22.943427582527125,NaN,NaN,NaN,0.7974046142653699,0.7829237499999999,NaN,NaN,NaN,NaN,NaN,NaN,NaN,NaN,NaN,NaN,1
2024-07-16T14:38:00-04:00,0.8118383877217388,0.8118383877217388,0.8062,0.8062,0.8048429369785934,0.7890714420401947,0.7924882500367374,0,0,19362,19392,0,0,0,0,NaN,NaN,23.417202109650855,NaN,NaN,NaN,0.7974046142653699,0.7829237499999999,NaN,NaN,NaN,NaN,NaN,NaN,NaN,NaN,NaN,NaN,1,0,0,0,0,NaN,NaN,23.417202109650855,NaN,NaN,NaN,0.7974046142653699,0.7829237499999999,NaN,NaN,NaN,NaN,NaN,NaN,NaN,NaN,NaN,NaN,1
2024-07-16T14:52:00-04:00,0.8090191938608694,0.8174,0.8062,0.8118000000000001,0.8061078575279401,0.7894184429250772,0.7928233454213632,0,0,19362,19393,0,0,0,0,NaN,NaN,24.169557849061928,NaN,NaN,NaN,0.7974046142653699,0.7829237499999999,NaN,NaN,NaN,NaN,NaN,NaN,NaN,NaN,NaN,NaN,1,0,0,0,0,NaN,NaN,24.169557849061928,NaN,NaN,NaN,0.7974046142653699,0.7829237499999999,NaN,NaN,NaN,NaN,NaN,NaN,NaN,NaN,NaN,NaN,1
2024-07-16T14:53:00-04:00,0.8104095969304348,0.8104095969304348,0.8062,0.8062,0.8061246107046783,0.7896746499033204,0.7929298008316424,0,0,19362,19394,0,0,0,0,NaN,NaN,24.51337720254489,NaN,NaN,NaN,0.7974046142653699,0.7829237499999999,NaN,NaN,NaN,NaN,NaN,NaN,NaN,NaN,NaN,NaN,1,0,0,0,0,NaN,NaN,24.51337720254489,NaN,NaN,NaN,0.7974046142653699,0.7829237499999999,NaN,NaN,NaN,NaN,NaN,NaN,NaN,NaN,NaN,NaN,1
2024-07-16T14:54:00-04:00,0.8083047984652174,0.817399,0.795,0.8061995,0.8061382269401913,0.7899269376910559,0.7930449573862967,0,0,19362,19395,0,0,0,0,NaN,NaN,24.76108880996306,NaN,NaN,NaN,0.7974046142653699,0.7829237499999999,NaN,NaN,NaN,NaN,NaN,NaN,NaN,NaN,NaN,NaN,1,0,0,0,0,NaN,NaN,24.76108880996306,NaN,NaN,NaN,0.7974046142653699,0.7829237499999999,NaN,NaN,NaN,NaN,NaN,NaN,NaN,NaN,NaN,NaN,1
2024-07-16T15:06:00-04:00,0.8072521492326087,0.8174,0.8072521492326087,0.8174,0.8081858220419748,0.7903463737568414,0.7930833253790716,1,0,19396,19395,0,0,0,0,NaN,NaN,26.089019127729706,NaN,NaN,NaN,0.7974046142653699,0.7829237499999999,NaN,NaN,NaN,NaN,NaN,NaN,NaN,NaN,NaN,NaN,1,0,0,0,0,NaN,NaN,26.089019127729706,NaN,NaN,NaN,0.7974046142653699,0.7829237499999999,NaN,NaN,NaN,NaN,NaN,NaN,NaN,NaN,NaN,NaN,1
2024-07-16T15:34:00-04:00,0.8123260746163043,0.8123260746163043,0.795501,0.795501,0.8058794907616157,0.7904250703407064,0.7930909188763694,0,0,19396,19395,0,0,0,0,NaN,NaN,27.44374685772416,NaN,NaN,NaN,0.7974046142653699,0.7829237499999999,NaN,NaN,NaN,NaN,NaN,NaN,NaN,NaN,NaN,NaN,1,0,0,0,0,NaN,NaN,27.44374685772416,NaN,NaN,NaN,0.7974046142653699,0.7829237499999999,NaN,NaN,NaN,NaN,NaN,NaN,NaN,NaN,NaN,NaN,1
2024-07-16T15:54:00-04:00,0.8039135373081522,0.8039135373081522,0.8,0.8,0.804810492441322,0.7905712524729094,0.7931179380822028,0,0,19396,19395,0,0,0,0,NaN,NaN,27.39590321523403,NaN,NaN,NaN,0.7974046142653699,0.7829237499999999,NaN,NaN,NaN,NaN,NaN,NaN,NaN,NaN,NaN,NaN,1,0,0,0,0,NaN,NaN,27.39590321523403,NaN,NaN,NaN,0.7974046142653699,0.7829237499999999,NaN,NaN,NaN,NaN,NaN,NaN,NaN,NaN,NaN,NaN,1
2024-07-16T15:55:00-04:00,0.8019567686540761,0.8019567686540761,0.8,0.8,0.8039358574519907,0.7907152028168344,0.7931491234885588,0,0,19396,19395,0,0,0,0,NaN,NaN,26.145180048160725,NaN,NaN,NaN,0.7974046142653699,0.7829237499999999,NaN,NaN,NaN,NaN,NaN,NaN,NaN,NaN,NaN,NaN,1,0,0,0,0,NaN,NaN,26.145180048160725,NaN,NaN,NaN,0.7974046142653699,0.7829237499999999,NaN,NaN,NaN,NaN,NaN,NaN,NaN,NaN,NaN,NaN,1
2024-07-17T08:22:00-04:00,0.800978384327038,0.82,0.800978384327038,0.8194999999999999,0.8067657015516287,0.7911546653692492,0.8194999999999999,1,0,19396,19395,0,0,0,0,NaN,NaN,31.10428708890454,NaN,NaN,NaN,0.7974046142653699,0.7829237499999999,NaN,NaN,NaN,NaN,NaN,NaN,NaN,NaN,NaN,NaN,1,0,0,0,0,NaN,NaN,31.10428708890454,NaN,NaN,NaN,0.7974046142653699,0.7829237499999999,NaN,NaN,NaN,NaN,NaN,NaN,NaN,NaN,NaN,NaN,1
2024-07-17T09:13:00-04:00,0.810239192163519,0.810239192163519,0.78,0.78,0.8018992103604236,0.7909843651346041,0.8103986175115206,0,1,19396,19395,0,0,0,0,NaN,NaN,27.32258257587658,NaN,NaN,NaN,0.7974046142653699,0.7829237499999999,NaN,NaN,NaN,NaN,NaN,NaN,NaN,NaN,NaN,NaN,1,0,0,0,0,NaN,NaN,27.32258257587658,NaN,NaN,NaN,0.7974046142653699,0.7829237499999999,NaN,NaN,NaN,NaN,NaN,NaN,NaN,NaN,NaN,NaN,1
2024-07-17T09:30:00-04:00,0.7951195960817595,0.82,0.7951195960817595,0.82,0.8051902630221647,0.7914273519264422,0.8138175074183975,0,0,19396,19402,0,0,0,0,NaN,NaN,33.75720773502039,NaN,NaN,NaN,0.7974046142653699,0.7841572874999999,NaN,NaN,NaN,NaN,NaN,NaN,NaN,NaN,NaN,NaN,1,0,0,0,0,NaN,NaN,33.75720773502039,NaN,NaN,NaN,0.7974046142653699,0.7841572874999999,NaN,NaN,NaN,NaN,NaN,NaN,NaN,NaN,NaN,NaN,1
2024-07-17T10:38:00-04:00,0.8075597980408797,0.8075597980408797,0.807,0.807,0.8055193061090439,0.7916651022787102,0.8136210374639767,0,0,19396,19403,0,0,0,0,NaN,NaN,35.30260636921535,NaN,NaN,NaN,0.7974046142653699,0.7841572874999999,NaN,NaN,NaN,NaN,NaN,NaN,NaN,NaN,NaN,NaN,1,0,0,0,0,NaN,NaN,35.30260636921535,NaN,NaN,NaN,0.7974046142653699,0.7841572874999999,NaN,NaN,NaN,NaN,NaN,NaN,NaN,NaN,NaN,NaN,1
2024-07-17T11:03:00-04:00,0.80727989902044,0.80727989902044,0.780101,0.780101,0.8008977959073995,0.7914885510988826,0.812682100840336,0,0,19396,19404,0,0,0,0,NaN,NaN,31.280622132070246,NaN,NaN,NaN,0.7974046142653699,0.7841572874999999,NaN,NaN,NaN,NaN,NaN,NaN,NaN,NaN,NaN,NaN,1,0,0,0,0,NaN,NaN,31.280622132070246,NaN,NaN,NaN,0.7974046142653699,0.7841572874999999,NaN,NaN,NaN,NaN,NaN,NaN,NaN,NaN,NaN,NaN,1
2024-07-17T11:07:00-04:00,0.7936904495102199,0.7936904495102199,0.7801,0.7801,0.7971163784696905,0.7913146800897394,0.8073407728337235,0,0,19396,19405,0,0,0,0,NaN,NaN,29.56561060892968,NaN,NaN,NaN,0.7974046142653699,0.7841572874999999,NaN,NaN,NaN,NaN,NaN,NaN,NaN,NaN,NaN,NaN,1,0,0,0,0,NaN,NaN,29.56561060892968,NaN,NaN,NaN,0.7974046142653699,0.7841572874999999,NaN,NaN,NaN,NaN,NaN,NaN,NaN,NaN,NaN,NaN,1
2024-07-17T11:26:00-04:00,0.78689522475511,0.78689522475511,0.780601,0.780601,0.7941135823842922,0.7911511124547815,0.8040463449691991,0,0,19396,19406,0,0,0,0,NaN,NaN,26.257470070628454,NaN,NaN,NaN,0.7974046142653699,0.7841572874999999,NaN,NaN,NaN,NaN,NaN,NaN,NaN,NaN,NaN,NaN,1,0,0,0,0,NaN,NaN,26.257470070628454,NaN,NaN,NaN,0.7974046142653699,0.7841572874999999,NaN,NaN,NaN,NaN,NaN,NaN,NaN,NaN,NaN,NaN,1
2024-07-17T11:31:00-04:00,0.7837481123775549,0.8069,0.7837481123775549,0.8069,0.7964383855871482,0.7913915534860062,0.8045324872231685,0,0,19396,19407,0,0,0,0,NaN,NaN,29.661826690957888,NaN,NaN,NaN,0.7974046142653699,0.7841572874999999,NaN,NaN,NaN,NaN,NaN,NaN,NaN,NaN,NaN,NaN,1,0,0,0,0,NaN,NaN,29.661826690957888,NaN,NaN,NaN,0.7974046142653699,0.7841572874999999,NaN,NaN,NaN,NaN,NaN,NaN,NaN,NaN,NaN,NaN,1
2024-07-17T12:05:00-04:00,0.7953240561887774,0.806,0.7953240561887774,0.806,0.7981768609349394,0.7916145832037771,0.8047460989810771,0,0,19396,19408,0,0,0,0,NaN,NaN,31.046602420617695,NaN,NaN,NaN,0.7974046142653699,0.7841572874999999,NaN,NaN,NaN,NaN,NaN,NaN,NaN,NaN,NaN,NaN,1,0,0,0,0,NaN,NaN,31.046602420617695,NaN,NaN,NaN,0.7974046142653699,0.7841572874999999,NaN,NaN,NaN,NaN,NaN,NaN,NaN,NaN,NaN,NaN,1
2024-07-17T12:06:00-04:00,0.8006620280943888,0.8006620280943888,0.7933,0.7933,0.7972901589467687,0.7916403147579179,0.8032917026683608,0,0,19396,19409,0,0,0,0,NaN,NaN,31.85930350610337,NaN,NaN,NaN,0.7974046142653699,0.7841572874999999,NaN,NaN,NaN,NaN,NaN,NaN,NaN,NaN,NaN,NaN,1,0,0,0,0,NaN,NaN,31.85930350610337,NaN,NaN,NaN,0.7974046142653699,0.7841572874999999,NaN,NaN,NaN,NaN,NaN,NaN,NaN,NaN,NaN,NaN,1
2024-07-17T12:43:00-04:00,0.7969810140471945,0.7969810140471945,0.796,0.796,0.7970555845928108,0.7917068748379497,0.8031109913258982,0,0,19396,19410,0,0,0,0,NaN,NaN,33.22526938817656,NaN,NaN,NaN,0.7974046142653699,0.7841572874999999,NaN,NaN,NaN,NaN,NaN,NaN,NaN,NaN,NaN,NaN,1,0,0,0,0,NaN,NaN,33.22526938817656,NaN,NaN,NaN,0.7974046142653699,0.7841572874999999,NaN,NaN,NaN,NaN,NaN,NaN,NaN,NaN,NaN,NaN,1
2024-07-17T13:01:00-04:00,0.7964905070235972,0.7964905070235972,0.790101,0.790101,0.7957911146668452,0.7916823576648512,0.7995852484191509,0,0,19396,19411,0,0,0,0,NaN,NaN,31.828966383510476,NaN,NaN,NaN,0.7974046142653699,0.7841572874999999,NaN,NaN,NaN,NaN,NaN,NaN,NaN,NaN,NaN,NaN,1,0,0,0,0,NaN,NaN,31.828966383510476,NaN,NaN,NaN,0.7974046142653699,0.7841572874999999,NaN,NaN,NaN,NaN,NaN,NaN,NaN,NaN,NaN,NaN,1
2024-07-17T13:03:00-04:00,0.7932957535117986,0.7932957535117986,0.7901,0.7901,0.7947563665456006,0.7916581995325633,0.7981337949502678,0,0,19396,19412,0,0,0,0,NaN,NaN,28.985111395686204,NaN,NaN,NaN,0.7974046142653699,0.7841572874999999,NaN,NaN,NaN,NaN,NaN,NaN,NaN,NaN,NaN,NaN,1,0,0,0,0,NaN,NaN,28.985111395686204,NaN,NaN,NaN,0.7974046142653699,0.7841572874999999,NaN,NaN,NaN,NaN,NaN,NaN,NaN,NaN,NaN,NaN,1
2024-07-17T13:04:00-04:00,0.7916978767558993,0.795,0.7916978767558993,0.795,0.7948006635373096,0.791709219387028,0.7980634779356769,0,0,19396,19413,0,0,0,0,NaN,NaN,26.42990738509988,NaN,NaN,NaN,0.7974046142653699,0.7841572874999999,NaN,NaN,NaN,NaN,NaN,NaN,NaN,NaN,NaN,NaN,1,0,0,0,0,NaN,NaN,26.42990738509988,NaN,NaN,NaN,0.7974046142653699,0.7841572874999999,NaN,NaN,NaN,NaN,NaN,NaN,NaN,NaN,NaN,NaN,1
2024-07-17T13:17:00-04:00,0.7933489383779497,0.7933489383779497,0.79,0.790025,0.7939323610759805,0.7916835061139436,0.7955467041718043,0,1,19396,19414,0,0,0,0,NaN,NaN,23.004071462058455,NaN,NaN,NaN,0.7974046142653699,0.7841572874999999,NaN,NaN,NaN,NaN,NaN,NaN,NaN,NaN,NaN,NaN,1,0,0,0,0,NaN,NaN,23.004071462058455,NaN,NaN,NaN,0.7974046142653699,0.7841572874999999,NaN,NaN,NaN,NaN,NaN,NaN,NaN,NaN,NaN,NaN,1
2024-07-17T13:23:00-04:00,0.7916869691889749,0.795,0.7916869691889749,0.795,0.7941264772439841,0.7917341396083871,0.7955384056871079,0,0,19396,19415,0,0,0,0,NaN,NaN,20.03287487035329,NaN,NaN,NaN,0.7974046142653699,0.7841572874999999,NaN,NaN,NaN,NaN,NaN,NaN,NaN,NaN,NaN,NaN,1,0,0,0,0,NaN,NaN,20.03287487035329,NaN,NaN,NaN,0.7974046142653699,0.7841572874999999,NaN,NaN,NaN,NaN,NaN,NaN,NaN,NaN,NaN,NaN,1
2024-07-17T13:33:00-04:00,0.7933434845944874,0.7933434845944874,0.79,0.7907,0.7935034813814416,0.7917183512174194,0.7950937810145194,0,1,19396,19416,0,0,0,0,NaN,NaN,16.856677637550973,NaN,NaN,NaN,0.7974046142653699,0.7841572874999999,NaN,NaN,NaN,NaN,NaN,NaN,NaN,NaN,NaN,NaN,1,0,0,0,0,NaN,NaN,16.856677637550973,NaN,NaN,NaN,0.7974046142653699,0.7841572874999999,NaN,NaN,NaN,NaN,NaN,NaN,NaN,NaN,NaN,NaN,1
2024-07-17T14:08:00-04:00,0.7920217422972438,0.8035,0.7920217422972438,0.8035,0.7953210302211795,0.7918982237179168,0.7951322287778997,1,0,19417,19416,0,0,0,0,NaN,NaN,16.08634562358666,NaN,NaN,NaN,0.7974046142653699,0.7841572874999999,NaN,NaN,NaN,NaN,NaN,NaN,NaN,NaN,NaN,NaN,1,0,0,0,0,NaN,NaN,16.08634562358666,NaN,NaN,NaN,0.7974046142653699,0.7841572874999999,NaN,NaN,NaN,NaN,NaN,NaN,NaN,NaN,NaN,NaN,1
2024-07-17T14:11:00-04:00,0.7977608711486219,0.8037,0.7977608711486219,0.8037,0.7968444792718742,0.792078403508483,0.7952098916787528,0,0,19417,19416,0,0,0,0,NaN,NaN,15.247951835903756,NaN,NaN,NaN,0.7974046142653699,0.7841572874999999,NaN,NaN,NaN,NaN,NaN,NaN,NaN,NaN,NaN,NaN,1,0,0,0,0,NaN,NaN,15.247951835903756,NaN,NaN,NaN,0.7974046142653699,0.7841572874999999,NaN,NaN,NaN,NaN,NaN,NaN,NaN,NaN,NaN,NaN,1
2024-07-17T14:13:00-04:00,0.800730435574311,0.8037,0.800730435574311,0.8037,0.7980909375860789,0.7922558324625519,0.7952634232570709,0,0,19417,19416,0,0,0,0,NaN,NaN,13.445434646145568,NaN,NaN,NaN,0.7974046142653699,0.7841572874999999,NaN,NaN,NaN,NaN,NaN,NaN,NaN,NaN,NaN,NaN,1,0,0,0,0,NaN,NaN,13.445434646145568,NaN,NaN,NaN,0.7974046142653699,0.7841572874999999,NaN,NaN,NaN,NaN,NaN,NaN,NaN,NaN,NaN,NaN,1
2024-07-17T14:16:00-04:00,0.8022152177871555,0.8037,0.8022152177871555,0.8037,0.7991107671158827,0.7924305525776275,0.7953027546171778,0,0,19417,19416,0,0,0,0,NaN,NaN,12.054195519677261,NaN,NaN,NaN,0.7974046142653699,0.7841572874999999,NaN,NaN,NaN,NaN,NaN,NaN,NaN,NaN,NaN,NaN,1,0,0,0,0,NaN,NaN,12.054195519677261,NaN,NaN,NaN,0.7974046142653699,0.7841572874999999,NaN,NaN,NaN,NaN,NaN,NaN,NaN,NaN,NaN,NaN,1
2024-07-17T14:29:00-04:00,0.8029576088935777,0.8029576088935777,0.7969,0.7973,0.7987815367311768,0.792504895286366,0.7955395072704284,0,0,19417,19416,0,0,0,0,NaN,NaN,10.035699834604149,NaN,NaN,NaN,0.7974046142653699,0.7841572874999999,NaN,NaN,NaN,NaN,NaN,NaN,NaN,NaN,NaN,NaN,1,0,0,0,0,NaN,NaN,10.035699834604149,NaN,NaN,NaN,0.7974046142653699,0.7841572874999999,NaN,NaN,NaN,NaN,NaN,NaN,NaN,NaN,NaN,NaN,1
2024-07-17T14:37:00-04:00,0.8001288044467889,0.8001288044467889,0.7901,0.7919749999999999,0.7975439845982355,0.7924968052819941,0.7949384555369403,0,0,19417,19416,0,0,0,0,NaN,NaN,7.287602099796094,NaN,NaN,NaN,0.7974046142653699,0.7841572874999999,NaN,NaN,NaN,NaN,NaN,NaN,NaN,NaN,NaN,NaN,1,0,0,0,0,NaN,NaN,7.287602099796094,NaN,NaN,NaN,0.7974046142653699,0.7841572874999999,NaN,NaN,NaN,NaN,NaN,NaN,NaN,NaN,NaN,NaN,1
2024-07-17T14:39:00-04:00,0.7960519022233944,0.7960519022233944,0.79,0.79043275,0.7962510328531017,0.7924652929876125,0.7940507447836983,0,0,19417,19416,0,0,0,0,NaN,NaN,4.636477998297875,NaN,NaN,NaN,0.7974046142653699,0.7841572874999999,NaN,NaN,NaN,NaN,NaN,NaN,NaN,NaN,NaN,NaN,1,0,0,0,0,NaN,NaN,4.636477998297875,NaN,NaN,NaN,0.7974046142653699,0.7841572874999999,NaN,NaN,NaN,NaN,NaN,NaN,NaN,NaN,NaN,NaN,1
2024-07-17T14:42:00-04:00,0.7932423261116972,0.7932423261116972,0.78,0.7823454999999999,0.7937227541525378,0.7923107923313131,0.7929360925954655,0,0,19417,19416,0,0,0,0,NaN,NaN,1.8637420872076265,NaN,NaN,NaN,0.7974046142653699,0.7841572874999999,NaN,NaN,NaN,NaN,NaN,NaN,NaN,NaN,NaN,NaN,1,0,0,0,0,NaN,NaN,1.8637420872076265,NaN,NaN,NaN,0.7974046142653699,0.7841572874999999,NaN,NaN,NaN,NaN,NaN,NaN,NaN,NaN,NaN,NaN,1
2024-07-17T14:43:00-04:00,0.7877939130558486,0.7877939130558486,0.78,0.78,0.7912277079429855,0.7921228413033541,0.7925091686995155,0,0,19417,19416,0,0,0,0,NaN,NaN,0.22058540831380882,NaN,NaN,NaN,0.7974046142653699,0.7841572874999999,NaN,NaN,NaN,NaN,NaN,NaN,NaN,NaN,NaN,NaN,1,0,0,0,0,NaN,NaN,0.22058540831380882,NaN,NaN,NaN,0.7974046142653699,0.7841572874999999,NaN,NaN,NaN,NaN,NaN,NaN,NaN,NaN,NaN,NaN,1
2024-07-17T14:46:00-04:00,0.7838969565279243,0.7969,0.7666,0.7866377499999999,0.79039317013517,0.7920390994513945,0.7916104552295695,0,0,19417,19416,0,0,0,0,NaN,NaN,0.1052707382634143,NaN,NaN,NaN,0.7974046142653699,0.7841572874999999,NaN,NaN,NaN,NaN,NaN,NaN,NaN,NaN,NaN,NaN,1,0,0,0,0,NaN,NaN,0.1052707382634143,NaN,NaN,NaN,0.7974046142653699,0.7841572874999999,NaN,NaN,NaN,NaN,NaN,NaN,NaN,NaN,NaN,NaN,1
2024-07-17T15:17:00-04:00,0.7852673532639621,0.7852673532639621,0.7666,0.76665,0.7860762301105936,0.7916514796124419,0.7909984250767442,0,1,19417,19416,0,0,0,0,NaN,NaN,1.1264752049945426,NaN,NaN,NaN,0.7974046142653699,0.7841572874999999,NaN,NaN,NaN,NaN,NaN,NaN,NaN,NaN,NaN,NaN,1,0,0,0,0,NaN,NaN,1.1264752049945426,NaN,NaN,NaN,0.7974046142653699,0.7841572874999999,NaN,NaN,NaN,NaN,NaN,NaN,NaN,NaN,NaN,NaN,1
2024-07-17T15:20:00-04:00,0.775958676631981,0.775958676631981,0.74885,0.76207375,0.7817121428177584,0.7911999112214122,0.7873796441022903,0,0,19417,19428,0,0,0,0,NaN,NaN,3.845313210446772,NaN,NaN,NaN,0.7974046142653699,0.7841572874999999,NaN,NaN,NaN,NaN,NaN,NaN,NaN,NaN,NaN,NaN,1,0,0,0,0,NaN,NaN,3.845313210446772,NaN,NaN,NaN,0.7974046142653699,0.7841572874999999,NaN,NaN,NaN,NaN,NaN,NaN,NaN,NaN,NaN,NaN,1
2024-07-17T15:21:00-04:00,0.7690162133159906,0.7690162133159906,0.7666,0.7666,0.7789644804872569,0.7908243400577265,0.7872077609310637,0,0,19417,19429,0,0,0,0,NaN,NaN,6.5651805614787175,NaN,NaN,NaN,0.7974046142653699,0.7841572874999999,NaN,NaN,NaN,NaN,NaN,NaN,NaN,NaN,NaN,NaN,1,0,0,0,0,NaN,NaN,6.5651805614787175,NaN,NaN,NaN,0.7974046142653699,0.7841572874999999,NaN,NaN,NaN,NaN,NaN,NaN,NaN,NaN,NaN,NaN,1
2024-07-17T15:43:00-04:00,0.7678081066579953,0.7678081066579953,0.7629,0.7629,0.7760436658532102,0.7903980142553184,0.7870083437248757,0,0,19417,19430,0,0,0,0,NaN,NaN,11.52502409844884,NaN,NaN,NaN,0.7974046142653699,0.7841572874999999,NaN,NaN,NaN,NaN,NaN,NaN,NaN,NaN,NaN,NaN,1,0,0,0,0,NaN,NaN,11.52502409844884,NaN,NaN,NaN,0.7974046142653699,0.7841572874999999,NaN,NaN,NaN,NaN,NaN,NaN,NaN,NaN,NaN,NaN,1
2024-07-17T15:47:00-04:00,0.7653540533289976,0.7653540533289976,0.7629,0.7629,0.7736539084253538,0.7899781972437868,0.7866575181496274,0,0,19417,19431,0,0,0,0,NaN,NaN,17.38434396064733,NaN,NaN,NaN,0.7974046142653699,0.7841572874999999,NaN,NaN,NaN,NaN,NaN,NaN,NaN,NaN,NaN,NaN,1,0,0,0,0,NaN,NaN,17.38434396064733,NaN,NaN,NaN,0.7974046142653699,0.7841572874999999,NaN,NaN,NaN,NaN,NaN,NaN,NaN,NaN,NaN,NaN,1
2024-07-17T18:03:00-04:00,0.7641270266644988,0.7711,0.7641270266644988,0.7711,0.7731895614389258,0.7896899804919733,0.7865315150275853,0,0,19417,19432,0,0,0,0,NaN,NaN,20.91169827753033,NaN,NaN,NaN,0.7974046142653699,0.7841572874999999,NaN,NaN,NaN,NaN,NaN,NaN,NaN,NaN,NaN,NaN,1,0,0,0,0,NaN,NaN,20.91169827753033,NaN,NaN,NaN,0.7974046142653699,0.7841572874999999,NaN,NaN,NaN,NaN,NaN,NaN,NaN,NaN,NaN,NaN,1
2024-07-18T09:04:00-04:00,0.7676135133322495,0.7676135133322495,0.7325,0.7325,0.7657914593591211,0.7888168510188134,0.7325,0,1,19417,19433,0,0,0,0,NaN,NaN,28.382547552419275,NaN,NaN,NaN,0.7974046142653699,0.773625,NaN,NaN,NaN,NaN,NaN,NaN,NaN,NaN,NaN,NaN,1,0,0,0,0,NaN,NaN,28.382547552419275,NaN,NaN,NaN,0.7974046142653699,0.773625,NaN,NaN,NaN,NaN,NaN,NaN,NaN,NaN,NaN,NaN,1
2024-07-18T09:53:00-04:00,0.7500567566661247,0.79,0.7500567566661247,0.79,0.7701930122029172,0.7888349143620376,0.7516666666666667,0,0,19417,19434,0,0,0,0,NaN,NaN,28.131508714963864,NaN,NaN,NaN,0.7974046142653699,0.773625,NaN,NaN,NaN,NaN,NaN,NaN,NaN,NaN,NaN,NaN,1,0,0,0,0,NaN,NaN,28.131508714963864,NaN,NaN,NaN,0.7974046142653699,0.773625,NaN,NaN,NaN,NaN,NaN,NaN,NaN,NaN,NaN,NaN,1
2024-07-18T10:17:00-04:00,0.7700283783330624,0.7801,0.7700283783330624,0.7801,0.7719942827114777,0.7887015568908614,0.7611444444444444,0,0,19417,19435,0,0,0,0,NaN,NaN,29.886048461106274,NaN,NaN,NaN,0.7974046142653699,0.773625,NaN,NaN,NaN,NaN,NaN,NaN,NaN,NaN,NaN,NaN,1,0,0,0,0,NaN,NaN,29.886048461106274,NaN,NaN,NaN,0.7974046142653699,0.773625,NaN,NaN,NaN,NaN,NaN,NaN,NaN,NaN,NaN,NaN,1
2024-07-18T10:25:00-04:00,0.7750641891665312,0.78,0.7750641891665312,0.78,0.7734498676730273,0.7885687086940544,0.7776232492997198,0,0,19417,19436,0,0,0,0,NaN,NaN,31.681536270438336,NaN,NaN,NaN,0.7974046142653699,0.773625,NaN,NaN,NaN,NaN,NaN,NaN,NaN,NaN,NaN,NaN,1,0,0,0,0,NaN,NaN,31.681536270438336,NaN,NaN,NaN,0.7974046142653699,0.773625,NaN,NaN,NaN,NaN,NaN,NaN,NaN,NaN,NaN,NaN,1
2024-07-18T10:42:00-04:00,0.7775320945832656,0.7775320945832656,0.770001,0.770001,0.772822800823386,0.7882852322254429,0.7756092914262159,0,1,19417,19437,0,0,0,0,NaN,NaN,34.069630821586074,NaN,NaN,NaN,0.7974046142653699,0.773625,NaN,NaN,NaN,NaN,NaN,NaN,NaN,NaN,NaN,NaN,1,0,0,0,0,NaN,NaN,34.069630821586074,NaN,NaN,NaN,0.7974046142653699,0.773625,NaN,NaN,NaN,NaN,NaN,NaN,NaN,NaN,NaN,NaN,1
2024-07-18T11:02:00-04:00,0.7737665472916329,0.7737665472916329,0.770001,0.770001,0.7723097461282249,0.7880060836418483,0.7746509367737525,0,0,19417,19438,0,0,0,0,NaN,NaN,35.49863064083777,NaN,NaN,NaN,0.7974046142653699,0.773625,NaN,NaN,NaN,NaN,NaN,NaN,NaN,NaN,NaN,NaN,1,0,0,0,0,NaN,NaN,35.49863064083777,NaN,NaN,NaN,0.7974046142653699,0.773625,NaN,NaN,NaN,NaN,NaN,NaN,NaN,NaN,NaN,NaN,1
2024-07-18T11:04:00-04:00,0.7718837736458164,0.7718837736458164,0.732,0.73275,0.7651170650140022,0.7871624793114385,0.7551389957998539,0,0,19417,19439,0,0,0,0,NaN,NaN,36.5644591279897,NaN,NaN,NaN,0.7974046142653699,0.773625,NaN,NaN,NaN,NaN,NaN,NaN,NaN,NaN,NaN,NaN,1,0,0,0,0,NaN,NaN,36.5644591279897,NaN,NaN,NaN,0.7974046142653699,0.773625,NaN,NaN,NaN,NaN,NaN,NaN,NaN,NaN,NaN,NaN,1
2024-07-18T11:13:00-04:00,0.7523168868229082,0.764,0.7523168868229082,0.764,0.7649139622841836,0.7868088536730958,0.7552979090746054,0,0,19417,19440,0,0,0,0,NaN,NaN,36.59169618750068,NaN,NaN,NaN,0.7974046142653699,0.773625,NaN,NaN,NaN,NaN,NaN,NaN,NaN,NaN,NaN,NaN,1,0,0,0,0,NaN,NaN,36.59169618750068,NaN,NaN,NaN,0.7974046142653699,0.773625,NaN,NaN,NaN,NaN,NaN,NaN,NaN,NaN,NaN,NaN,1
2024-07-18T11:17:00-04:00,0.7581584434114541,0.7581584434114541,0.752,0.7520005000000001,0.7625660600506957,0.7862774284261783,0.7548179000919399,0,1,19417,19441,0,0,0,0,NaN,NaN,37.915290229202206,NaN,NaN,NaN,0.7920964832375406,0.773625,NaN,NaN,NaN,NaN,NaN,NaN,NaN,NaN,NaN,NaN,1,0,0,0,0,NaN,NaN,37.915290229202206,NaN,NaN,NaN,0.7920964832375406,0.773625,NaN,NaN,NaN,NaN,NaN,NaN,NaN,NaN,NaN,NaN,1
2024-07-18T11:18:00-04:00,0.7550794717057271,0.7550794717057271,0.74,0.74005,0.7584722309505693,0.7855716661601297,0.7528556492160511,0,0,19417,19442,0,0,0,0,NaN,NaN,39.68791927009968,NaN,NaN,NaN,0.7624681304186807,0.773625,NaN,NaN,NaN,NaN,NaN,NaN,NaN,NaN,NaN,NaN,1,0,0,0,0,NaN,NaN,39.68791927009968,NaN,NaN,NaN,0.7624681304186807,0.773625,NaN,NaN,NaN,NaN,NaN,NaN,NaN,NaN,NaN,NaN,1
2024-07-18T11:19:00-04:00,0.7475647358528635,0.764,0.7475647358528635,0.75905,0.7585772798686475,0.7851667552263873,0.7541561637623346,0,0,19417,19443,0,0,0,0,NaN,NaN,41.33695482616223,NaN,NaN,NaN,0.7624681304186807,0.773625,NaN,NaN,NaN,NaN,NaN,NaN,NaN,NaN,NaN,NaN,1,0,0,0,0,NaN,NaN,41.33695482616223,NaN,NaN,NaN,0.7624681304186807,0.773625,NaN,NaN,NaN,NaN,NaN,NaN,NaN,NaN,NaN,NaN,1
2024-07-18T11:22:00-04:00,0.7533073679264317,0.7533073679264317,0.74,0.74,0.7551995926198025,0.7844771864443051,0.7525140697847067,0,1,19417,19444,0,0,0,0,NaN,NaN,44.18186099179497,NaN,NaN,NaN,0.7624681304186807,0.773625,NaN,NaN,NaN,NaN,NaN,NaN,NaN,NaN,NaN,NaN,1,0,0,0,0,NaN,NaN,44.18186099179497,NaN,NaN,NaN,0.7624681304186807,0.773625,NaN,NaN,NaN,NaN,NaN,NaN,NaN,NaN,NaN,NaN,1
2024-07-18T11:37:00-04:00,0.7466536839632159,0.764,0.7466536839632159,0.764,0.7567996666889293,0.7841645576436287,0.75256711767966,0,0,19417,19445,0,0,0,0,NaN,NaN,46.03397294302171,NaN,NaN,NaN,0.7624681304186807,0.773625,NaN,NaN,NaN,NaN,NaN,NaN,NaN,NaN,NaN,NaN,1,0,0,0,0,NaN,NaN,46.03397294302171,NaN,NaN,NaN,0.7624681304186807,0.773625,NaN,NaN,NaN,NaN,NaN,NaN,NaN,NaN,NaN,NaN,1
2024-07-18T16:00:00-04:00,0.7553268419816079,0.7553268419816079,0.7459,0.7459,0.7548179091091239,0.7835803659238786,0.7524207530942271,0,1,19417,19446,0,0,0,0,NaN,NaN,49.712226614765505,NaN,NaN,NaN,0.7624681304186807,0.773625,NaN,NaN,NaN,NaN,NaN,NaN,NaN,NaN,NaN,NaN,1,0,0,0,0,NaN,NaN,49.712226614765505,NaN,NaN,NaN,0.7624681304186807,0.773625,NaN,NaN,NaN,NaN,NaN,NaN,NaN,NaN,NaN,NaN,1
2024-07-19T08:00:00-04:00,0.750613420990804,0.750613420990804,0.73,0.73,0.7503055619983742,0.7827623450700789,0.73,0,0,19417,19447,0,0,0,0,NaN,NaN,53.34737005314949,NaN,NaN,NaN,0.7624681304186807,0.77110375,NaN,NaN,NaN,NaN,NaN,NaN,NaN,NaN,NaN,NaN,1,0,0,0,0,NaN,NaN,53.34737005314949,NaN,NaN,NaN,0.7624681304186807,0.77110375,NaN,NaN,NaN,NaN,NaN,NaN,NaN,NaN,NaN,NaN,1
2024-07-19T09:40:00-04:00,0.740306710495402,0.746,0.740306710495402,0.746,0.7495227325441243,0.7822010878934365,0.7443501611170784,0,0,19417,19448,0,0,0,0,NaN,NaN,56.37588014279251,NaN,NaN,NaN,0.7624681304186807,0.77110375,NaN,NaN,NaN,NaN,NaN,NaN,NaN,NaN,NaN,NaN,1,0,0,0,0,NaN,NaN,56.37588014279251,NaN,NaN,NaN,0.7624681304186807,0.77110375,NaN,NaN,NaN,NaN,NaN,NaN,NaN,NaN,NaN,NaN,1
2024-07-19T09:52:00-04:00,0.743153355247701,0.76,0.743153355247701,0.76,0.7514276902633744,0.7818621399866664,0.7458680892337537,0,0,19417,19449,0,0,0,0,NaN,NaN,57.274490285046,NaN,NaN,NaN,0.7624681304186807,0.77110375,NaN,NaN,NaN,NaN,NaN,NaN,NaN,NaN,NaN,NaN,1,0,0,0,0,NaN,NaN,57.274490285046,NaN,NaN,NaN,0.7624681304186807,0.77110375,NaN,NaN,NaN,NaN,NaN,NaN,NaN,NaN,NaN,NaN,1
2024-07-19T10:00:00-04:00,0.7515766776238505,0.775951,0.746,0.7609755,0.7531636556700336,0.78154325998687,0.7488164519906323,0,0,19417,19450,0,0,0,0,NaN,NaN,57.991458884354564,NaN,NaN,NaN,0.7624681304186807,0.77110375,NaN,NaN,NaN,NaN,NaN,NaN,NaN,NaN,NaN,NaN,1,0,0,0,0,NaN,NaN,57.991458884354564,NaN,NaN,NaN,0.7624681304186807,0.77110375,NaN,NaN,NaN,NaN,NaN,NaN,NaN,NaN,NaN,NaN,1
2024-07-19T10:01:00-04:00,0.7562760888119253,0.7562760888119253,0.7459,0.7459,0.7518429910027548,0.7809990880786736,0.7476952787121577,0,1,19417,19451,0,0,0,0,NaN,NaN,59.54232617953237,NaN,NaN,NaN,0.7624681304186807,0.77110375,NaN,NaN,NaN,NaN,NaN,NaN,NaN,NaN,NaN,NaN,1,0,0,0,0,NaN,NaN,59.54232617953237,NaN,NaN,NaN,0.7624681304186807,0.77110375,NaN,NaN,NaN,NaN,NaN,NaN,NaN,NaN,NaN,NaN,1
2024-07-19T10:33:00-04:00,0.7510880444059627,0.7510880444059627,0.7459,0.7459,0.750762447184072,0.7804632241385412,0.7473474912824487,0,0,19417,19452,0,0,0,0,NaN,NaN,62.94711022711337,NaN,NaN,NaN,0.7624681304186807,0.77110375,NaN,NaN,NaN,NaN,NaN,NaN,NaN,NaN,NaN,NaN,1,0,0,0,0,NaN,NaN,62.94711022711337,NaN,NaN,NaN,0.7624681304186807,0.77110375,NaN,NaN,NaN,NaN,NaN,NaN,NaN,NaN,NaN,NaN,1
2024-07-19T11:01:00-04:00,0.7484940222029813,0.7579,0.744,0.74935,0.7505056386051498,0.7799882130829909,0.7480835273217349,0,0,19417,19453,0,0,0,0,NaN,NaN,65.8054882310762,NaN,NaN,NaN,0.7624681304186807,0.77110375,NaN,NaN,NaN,NaN,NaN,NaN,NaN,NaN,NaN,NaN,1,0,0,0,0,NaN,NaN,65.8054882310762,NaN,NaN,NaN,0.7624681304186807,0.77110375,NaN,NaN,NaN,NaN,NaN,NaN,NaN,NaN,NaN,NaN,1
2024-07-19T11:12:00-04:00,0.7489220111014907,0.758,0.7489220111014907,0.75475,0.7512773406769407,0.7796028968527162,0.7482816512125535,0,0,19417,19454,0,0,0,0,NaN,NaN,66.9557603035185,NaN,NaN,NaN,0.7624681304186807,0.77110375,NaN,NaN,NaN,NaN,NaN,NaN,NaN,NaN,NaN,NaN,1,0,0,0,0,NaN,NaN,66.9557603035185,NaN,NaN,NaN,0.7624681304186807,0.77110375,NaN,NaN,NaN,NaN,NaN,NaN,NaN,NaN,NaN,NaN,1
2024-07-19T11:25:00-04:00,0.7518360055507454,0.7518360055507454,0.74287,0.74287,0.7497487332811333,0.7790420892671786,0.7469345366071429,0,1,19417,19455,0,0,0,0,NaN,NaN,70.33797366420316,NaN,NaN,NaN,0.7624681304186807,0.77110375,NaN,NaN,NaN,NaN,NaN,NaN,NaN,NaN,NaN,NaN,1,0,0,0,0,NaN,NaN,70.33797366420316,NaN,NaN,NaN,0.7624681304186807,0.77110375,NaN,NaN,NaN,NaN,NaN,NaN,NaN,NaN,NaN,NaN,1
2024-07-19T11:32:00-04:00,0.7473530027753728,0.7473530027753728,0.743,0.743,0.7485216908663819,0.7784918283623361,0.7462361614158772,0,0,19417,19456,0,0,0,0,NaN,NaN,72.59335253968324,NaN,NaN,NaN,0.7624681304186807,0.77110375,NaN,NaN,NaN,NaN,NaN,NaN,NaN,NaN,NaN,NaN,1,0,0,0,0,NaN,NaN,72.59335253968324,NaN,NaN,NaN,0.7624681304186807,0.77110375,NaN,NaN,NaN,NaN,NaN,NaN,NaN,NaN,NaN,NaN,1
2024-07-19T11:33:00-04:00,0.7451765013876863,0.7451765013876863,0.737,0.7375,0.7465177470724943,0.7778659989216897,0.7459868595277164,0,0,19417,19457,0,0,0,0,NaN,NaN,74.87530599682081,NaN,NaN,NaN,0.7624681304186807,0.77110375,NaN,NaN,NaN,NaN,NaN,NaN,NaN,NaN,NaN,NaN,1,0,0,0,0,NaN,NaN,74.87530599682081,NaN,NaN,NaN,0.7624681304186807,0.77110375,NaN,NaN,NaN,NaN,NaN,NaN,NaN,NaN,NaN,NaN,1
2024-07-19T11:34:00-04:00,0.7413382506938432,0.7413382506938432,0.737,0.737,0.7447872476047681,0.777242090541206,0.7459231996883191,0,0,19417,19458,0,0,0,0,NaN,NaN,76.72376384357665,NaN,NaN,NaN,0.7624681304186807,0.77110375,NaN,NaN,NaN,NaN,NaN,NaN,NaN,NaN,NaN,NaN,1,0,0,0,0,NaN,NaN,76.72376384357665,NaN,NaN,NaN,0.7624681304186807,0.77110375,NaN,NaN,NaN,NaN,NaN,NaN,NaN,NaN,NaN,NaN,1
2024-07-19T11:37:00-04:00,0.7391691253469216,0.742,0.7391691253469216,0.742,0.7442804753129921,0.7767040433573708,0.745817993244175,0,0,19417,19459,0,0,0,0,NaN,NaN,77.89093266783445,NaN,NaN,NaN,0.7624681304186807,0.77110375,NaN,NaN,NaN,NaN,NaN,NaN,NaN,NaN,NaN,NaN,1,0,0,0,0,NaN,NaN,77.89093266783445,NaN,NaN,NaN,0.7624681304186807,0.77110375,NaN,NaN,NaN,NaN,NaN,NaN,NaN,NaN,NaN,NaN,1
2024-07-19T11:38:00-04:00,0.7405845626734608,0.743,0.7405845626734608,0.7425499999999999,0.7439658434379026,0.7761826075809224,0.7457435805712748,0,0,19417,19460,0,0,0,0,NaN,NaN,78.09850920173315,NaN,NaN,NaN,0.7624681304186807,0.77110375,NaN,NaN,NaN,NaN,NaN,NaN,NaN,NaN,NaN,NaN,1,0,0,0,0,NaN,NaN,78.09850920173315,NaN,NaN,NaN,0.7624681304186807,0.77110375,NaN,NaN,NaN,NaN,NaN,NaN,NaN,NaN,NaN,NaN,1
2024-07-19T11:39:00-04:00,0.7415672813367304,0.744,0.7415672813367304,0.7428,0.7437538719037385,0.7756729494499159,0.7453793689492327,0,0,19417,19461,0,0,0,0,NaN,NaN,78.34804956499445,NaN,NaN,NaN,0.7624681304186807,0.77110375,NaN,NaN,NaN,NaN,NaN,NaN,NaN,NaN,NaN,NaN,1,0,0,0,0,NaN,NaN,78.34804956499445,NaN,NaN,NaN,0.7624681304186807,0.77110375,NaN,NaN,NaN,NaN,NaN,NaN,NaN,NaN,NaN,NaN,1
2024-07-19T11:41:00-04:00,0.7421836406683653,0.7423,0.742,0.74215,0.7434622588303316,0.7751611486949553,0.7453231734338749,0,0,19417,19462,0,0,0,0,NaN,NaN,78.04094866282308,NaN,NaN,NaN,0.7624681304186807,0.77110375,NaN,NaN,NaN,NaN,NaN,NaN,NaN,NaN,NaN,NaN,1,0,0,0,0,NaN,NaN,78.04094866282308,NaN,NaN,NaN,0.7624681304186807,0.77110375,NaN,NaN,NaN,NaN,NaN,NaN,NaN,NaN,NaN,NaN,1
2024-07-19T11:45:00-04:00,0.7421668203341827,0.7421668203341827,0.742,0.742,0.7431963935884531,0.7746548716156431,0.745073578862661,0,0,19417,19463,0,0,0,0,NaN,NaN,77.8668209959688,NaN,NaN,NaN,0.7624681304186807,0.77110375,NaN,NaN,NaN,NaN,NaN,NaN,NaN,NaN,NaN,NaN,1,0,0,0,0,NaN,NaN,77.8668209959688,NaN,NaN,NaN,0.7624681304186807,0.77110375,NaN,NaN,NaN,NaN,NaN,NaN,NaN,NaN,NaN,NaN,1
2024-07-19T11:46:00-04:00,0.7420834101670913,0.7420834101670913,0.74,0.74,0.7426152311178252,0.7741257896062439,0.7449932159450898,0,0,19417,19464,0,0,0,0,NaN,NaN,78.00512236482867,NaN,NaN,NaN,0.7624681304186807,0.77110375,NaN,NaN,NaN,NaN,NaN,NaN,NaN,NaN,NaN,NaN,1,0,0,0,0,NaN,NaN,78.00512236482867,NaN,NaN,NaN,0.7624681304186807,0.77110375,NaN,NaN,NaN,NaN,NaN,NaN,NaN,NaN,NaN,NaN,1
2024-07-19T11:51:00-04:00,0.7410417050835456,0.752,0.7410417050835456,0.751,0.744139734550948,0.7737727241160722,0.74529445887663,0,0,19417,19465,0,0,0,0,NaN,NaN,76.96351827525136,NaN,NaN,NaN,0.7624681304186807,0.77110375,NaN,NaN,NaN,NaN,NaN,NaN,NaN,NaN,NaN,NaN,1,0,0,0,0,NaN,NaN,76.96351827525136,NaN,NaN,NaN,0.7624681304186807,0.77110375,NaN,NaN,NaN,NaN,NaN,NaN,NaN,NaN,NaN,NaN,1
2024-07-19T11:52:00-04:00,0.7460208525417729,0.7460208525417729,0.743,0.743,0.7439325100871392,0.7733029115341474,0.7452716737835156,0,0,19417,19466,0,0,0,0,NaN,NaN,76.71563902351494,NaN,NaN,NaN,0.7624681304186807,0.77110375,NaN,NaN,NaN,NaN,NaN,NaN,NaN,NaN,NaN,NaN,1,0,0,0,0,NaN,NaN,76.71563902351494,NaN,NaN,NaN,0.7624681304186807,0.77110375,NaN,NaN,NaN,NaN,NaN,NaN,NaN,NaN,NaN,NaN,1
2024-07-19T11:55:00-04:00,0.7445104262708864,0.7445104262708864,0.741576,0.7425940000000001,0.7436891446167503,0.7728340731901147,0.7451571345057035,0,0,19417,19467,0,0,0,0,NaN,NaN,76.38863801157456,NaN,NaN,NaN,0.7624681304186807,0.77110375,NaN,NaN,NaN,NaN,NaN,NaN,NaN,NaN,NaN,NaN,1,0,0,0,0,NaN,NaN,76.38863801157456,NaN,NaN,NaN,0.7624681304186807,0.77110375,NaN,NaN,NaN,NaN,NaN,NaN,NaN,NaN,NaN,NaN,1
2024-07-19T11:56:00-04:00,0.7435522131354433,0.7515,0.743,0.7451249999999999,0.7439502092318866,0.7724110339047694,0.7451486899088998,0,0,19417,19468,0,0,0,0,NaN,NaN,75.42914468859348,NaN,NaN,NaN,0.7624681304186807,0.77110375,NaN,NaN,NaN,NaN,NaN,NaN,NaN,NaN,NaN,NaN,1,0,0,0,0,NaN,NaN,75.42914468859348,NaN,NaN,NaN,0.7624681304186807,0.77110375,NaN,NaN,NaN,NaN,NaN,NaN,NaN,NaN,NaN,NaN,1
2024-07-19T11:57:00-04:00,0.7443386065677216,0.7443386065677216,0.743,0.743,0.7437774439169981,0.7719620104863759,0.7451300316081974,0,1,19417,19469,0,0,0,0,NaN,NaN,75.53010880346922,NaN,NaN,NaN,0.7624681304186807,0.77110375,NaN,NaN,NaN,NaN,NaN,NaN,NaN,NaN,NaN,NaN,1,0,0,0,0,NaN,NaN,75.53010880346922,NaN,NaN,NaN,0.7624681304186807,0.77110375,NaN,NaN,NaN,NaN,NaN,NaN,NaN,NaN,NaN,NaN,1
2024-07-19T11:58:00-04:00,0.7436693032838608,0.7436693032838608,0.743,0.743,0.7436360904775439,0.7715198423873473,0.7451116945592287,0,0,19417,19470,0,0,0,0,NaN,NaN,75.19167446942049,NaN,NaN,NaN,0.7624681304186807,0.77110375,NaN,NaN,NaN,NaN,NaN,NaN,NaN,NaN,NaN,NaN,1,0,0,0,0,NaN,NaN,75.19167446942049,NaN,NaN,NaN,0.7624681304186807,0.77110375,NaN,NaN,NaN,NaN,NaN,NaN,NaN,NaN,NaN,NaN,1
2024-07-19T12:01:00-04:00,0.7433346516419304,0.7433346516419304,0.741576,0.742644,0.7434557103907177,0.7710789898318152,0.7450461805443819,0,0,19417,19471,0,0,0,0,NaN,NaN,74.76910514844052,NaN,NaN,NaN,0.7624681304186807,0.77110375,NaN,NaN,NaN,NaN,NaN,NaN,NaN,NaN,NaN,NaN,1,0,0,0,0,NaN,NaN,74.76910514844052,NaN,NaN,NaN,0.7624681304186807,0.77110375,NaN,NaN,NaN,NaN,NaN,NaN,NaN,NaN,NaN,NaN,1
2024-07-19T12:16:00-04:00,0.7429893258209652,0.7429893258209652,0.7415,0.7417500000000001,0.7431455812287691,0.7706312189946882,0.7450134714413728,0,0,19417,19472,0,0,0,0,NaN,NaN,73.84787136961737,NaN,NaN,NaN,0.7624681304186807,0.77110375,NaN,NaN,NaN,NaN,NaN,NaN,NaN,NaN,NaN,NaN,1,0,0,0,0,NaN,NaN,73.84787136961737,NaN,NaN,NaN,0.7624681304186807,0.77110375,NaN,NaN,NaN,NaN,NaN,NaN,NaN,NaN,NaN,NaN,1
2024-07-19T12:17:00-04:00,0.7423696629104827,0.7423696629104827,0.7415,0.7415,0.7428463846417201,0.7701864675596548,0.7449629030126591,0,0,19417,19473,0,0,0,0,NaN,NaN,75.05964132093716,NaN,NaN,NaN,0.7624681304186807,0.77110375,NaN,NaN,NaN,NaN,NaN,NaN,NaN,NaN,NaN,NaN,1,0,0,0,0,NaN,NaN,75.05964132093716,NaN,NaN,NaN,0.7624681304186807,0.77110375,NaN,NaN,NaN,NaN,NaN,NaN,NaN,NaN,NaN,NaN,1
2024-07-19T12:39:00-04:00,0.7419348314552414,0.7423,0.7419348314552414,0.7422475,0.7427374965250437,0.7697599184366066,0.7448541879827921,0,0,19417,19474,0,0,0,0,NaN,NaN,74.06580005611562,NaN,NaN,NaN,0.7624681304186807,0.77110375,NaN,NaN,NaN,NaN,NaN,NaN,NaN,NaN,NaN,NaN,1,0,0,0,0,NaN,NaN,74.06580005611562,NaN,NaN,NaN,0.7624681304186807,0.77110375,NaN,NaN,NaN,NaN,NaN,NaN,NaN,NaN,NaN,NaN,1
2024-07-19T12:40:00-04:00,0.7420911657276207,0.7423,0.7420911657276207,0.742275,0.7426534062477631,0.7693403013612385,0.744779476780705,0,0,19417,19475,0,0,0,0,NaN,NaN,72.97893042406507,NaN,NaN,NaN,0.7624681304186807,0.77110375,NaN,NaN,NaN,NaN,NaN,NaN,NaN,NaN,NaN,NaN,1,0,0,0,0,NaN,NaN,72.97893042406507,NaN,NaN,NaN,0.7624681304186807,0.77110375,NaN,NaN,NaN,NaN,NaN,NaN,NaN,NaN,NaN,NaN,1
2024-07-19T13:09:00-04:00,0.7421830828638103,0.751,0.7421830828638103,0.751,0.7441709687481698,0.7690602967603036,0.744817181491696,0,0,19417,19476,0,0,0,0,NaN,NaN,72.63286275456913,NaN,NaN,NaN,0.7624681304186807,0.77110375,NaN,NaN,NaN,NaN,NaN,NaN,NaN,NaN,NaN,NaN,1,0,0,0,0,NaN,NaN,72.63286275456913,NaN,NaN,NaN,0.7624681304186807,0.77110375,NaN,NaN,NaN,NaN,NaN,NaN,NaN,NaN,NaN,NaN,1
2024-07-19T13:15:00-04:00,0.7465915414319051,0.7513,0.7465915414319051,0.7513,0.7454671562485026,0.768789147191444,0.7448562393210025,0,0,19417,19477,0,0,0,0,NaN,NaN,72.14957855639547,NaN,NaN,NaN,0.7624681304186807,0.77110375,NaN,NaN,NaN,NaN,NaN,NaN,NaN,NaN,NaN,NaN,1,0,0,0,0,NaN,NaN,72.14957855639547,NaN,NaN,NaN,0.7624681304186807,0.77110375,NaN,NaN,NaN,NaN,NaN,NaN,NaN,NaN,NaN,NaN,1
2024-07-19T13:48:00-04:00,0.7489457707159526,0.7579,0.7489457707159526,0.7579,0.7477276732942294,0.7686229006694372,0.7448954144792167,0,0,19417,19478,0,0,0,0,NaN,NaN,70.57258356884978,NaN,NaN,NaN,0.7624681304186807,0.77110375,NaN,NaN,NaN,NaN,NaN,NaN,NaN,NaN,NaN,NaN,1,0,0,0,0,NaN,NaN,70.57258356884978,NaN,NaN,NaN,0.7624681304186807,0.77110375,NaN,NaN,NaN,NaN,NaN,NaN,NaN,NaN,NaN,NaN,1
2024-07-19T14:50:00-04:00,0.7534228853579763,0.7534228853579763,0.7438,0.7438,0.7470135508770968,0.7682439250866977,0.7448921344023237,0,1,19417,19479,0,0,0,0,NaN,NaN,69.10718187951845,NaN,NaN,NaN,0.7624681304186807,0.77110375,NaN,NaN,NaN,NaN,NaN,NaN,NaN,NaN,NaN,NaN,1,0,0,0,0,NaN,NaN,69.10718187951845,NaN,NaN,NaN,0.7624681304186807,0.77110375,NaN,NaN,NaN,NaN,NaN,NaN,NaN,NaN,NaN,NaN,1
2024-07-19T15:51:00-04:00,0.7486114426789882,0.7486114426789882,0.742,0.742,0.7461019961721701,0.767843254474687,0.7448835001343445,0,0,19417,19480,0,0,0,0,NaN,NaN,67.75554527739027,NaN,NaN,NaN,0.7624681304186807,0.77110375,NaN,NaN,NaN,NaN,NaN,NaN,NaN,NaN,NaN,NaN,1,0,0,0,0,NaN,NaN,67.75554527739027,NaN,NaN,NaN,0.7624681304186807,0.77110375,NaN,NaN,NaN,NaN,NaN,NaN,NaN,NaN,NaN,NaN,1
2024-07-19T15:54:00-04:00,0.745305721339494,0.745305721339494,0.742,0.742,0.745356178686321,0.7674487009712567,0.7448410907312626,0,0,19417,19481,0,0,0,0,NaN,NaN,66.70483722942497,NaN,NaN,NaN,0.7624681304186807,0.77110375,NaN,NaN,NaN,NaN,NaN,NaN,NaN,NaN,NaN,NaN,1,0,0,0,0,NaN,NaN,66.70483722942497,NaN,NaN,NaN,0.7624681304186807,0.77110375,NaN,NaN,NaN,NaN,NaN,NaN,NaN,NaN,NaN,NaN,1
2024-07-19T15:57:00-04:00,0.743652860669747,0.743652860669747,0.742159,0.742159,0.7447748734706262,0.7670625986663521,0.7446378048200305,0,0,19417,19482,0,0,0,0,NaN,NaN,65.3957659167941,NaN,NaN,NaN,0.7624681304186807,0.77110375,NaN,NaN,NaN,NaN,NaN,NaN,NaN,NaN,NaN,NaN,1,0,0,0,0,NaN,NaN,65.3957659167941,NaN,NaN,NaN,0.7624681304186807,0.77110375,NaN,NaN,NaN,NaN,NaN,NaN,NaN,NaN,NaN,NaN,1
2024-07-19T15:59:00-04:00,0.7429059303348735,0.7429059303348735,0.7421,0.7421,0.7442885328396033,0.7666814902897665,0.7446105048542384,0,0,19417,19483,0,0,0,0,NaN,NaN,64.28051743667048,NaN,NaN,NaN,0.7624681304186807,0.77110375,NaN,NaN,NaN,NaN,NaN,NaN,NaN,NaN,NaN,NaN,1,0,0,0,0,NaN,NaN,64.28051743667048,NaN,NaN,NaN,0.7624681304186807,0.77110375,NaN,NaN,NaN,NaN,NaN,NaN,NaN,NaN,NaN,NaN,1
2024-07-19T16:00:00-04:00,0.7425029651674367,0.7425029651674367,0.742,0.742,0.7438724359596754,0.7663046736441212,0.7445766201921801,0,0,19417,19484,0,0,0,0,NaN,NaN,63.06125248285414,NaN,NaN,NaN,0.7624681304186807,0.77110375,NaN,NaN,NaN,NaN,NaN,NaN,NaN,NaN,NaN,NaN,1,0,0,0,0,NaN,NaN,63.06125248285414,NaN,NaN,NaN,0.7624681304186807,0.77110375,NaN,NaN,NaN,NaN,NaN,NaN,NaN,NaN,NaN,NaN,1
2024-07-19T16:21:00-04:00,0.7422514825837183,0.7422514825837183,0.74,0.74,0.7431683566942799,0.7659030755732187,0.7444931335183593,0,0,19417,19485,0,0,0,0,NaN,NaN,61.721788256227384,NaN,NaN,NaN,0.7624681304186807,0.77110375,NaN,NaN,NaN,NaN,NaN,NaN,NaN,NaN,NaN,NaN,1,0,0,0,0,NaN,NaN,61.721788256227384,NaN,NaN,NaN,0.7624681304186807,0.77110375,NaN,NaN,NaN,NaN,NaN,NaN,NaN,NaN,NaN,NaN,1
2024-07-22T09:35:00-04:00,0.7411257412918592,0.7411257412918592,0.7301,0.7301,0.7407922918407744,0.7653564637324062,0.7300999999999999,0,0,19417,19486,0,0,0,0,NaN,NaN,61.398828320334964,NaN,NaN,NaN,0.7624681304186807,0.77110375,NaN,NaN,NaN,NaN,NaN,NaN,NaN,NaN,NaN,NaN,1,0,0,0,0,NaN,NaN,61.398828320334964,NaN,NaN,NaN,0.7624681304186807,0.77110375,NaN,NaN,NaN,NaN,NaN,NaN,NaN,NaN,NaN,NaN,1
2024-07-22T10:09:00-04:00,0.7356128706459295,0.7356128706459295,0.7301,0.7301,0.7388482387788154,0.7648181971105373,0.7301,0,0,19417,19487,0,0,0,0,NaN,NaN,60.779311461655524,NaN,NaN,NaN,0.7624681304186807,0.77110375,NaN,NaN,NaN,NaN,NaN,NaN,NaN,NaN,NaN,NaN,1,0,0,0,0,NaN,NaN,60.779311461655524,NaN,NaN,NaN,0.7624681304186807,0.77110375,NaN,NaN,NaN,NaN,NaN,NaN,NaN,NaN,NaN,NaN,1
2024-07-22T10:10:00-04:00,0.7328564353229647,0.7328564353229647,0.7301,0.7301,0.7372576499099399,0.7642881482996894,0.7301,0,0,19417,19488,0,0,0,0,NaN,NaN,60.21570301099908,NaN,NaN,NaN,0.7624681304186807,0.77110375,NaN,NaN,NaN,NaN,NaN,NaN,NaN,NaN,NaN,NaN,1,0,0,0,0,NaN,NaN,60.21570301099908,NaN,NaN,NaN,0.7624681304186807,0.77110375,NaN,NaN,NaN,NaN,NaN,NaN,NaN,NaN,NaN,NaN,1
2024-07-22T10:32:00-04:00,0.7314782176614824,0.7314782176614824,0.717,0.7235,0.7347562590172235,0.7636654284783201,0.7266258281864121,0,0,19417,19489,0,0,0,0,NaN,NaN,59.8894773151147,NaN,NaN,NaN,0.7624681304186807,0.765192525,NaN,NaN,NaN,NaN,NaN,NaN,NaN,NaN,NaN,NaN,1,0,0,0,0,NaN,NaN,59.8894773151147,NaN,NaN,NaN,0.7624681304186807,0.765192525,NaN,NaN,NaN,NaN,NaN,NaN,NaN,NaN,NaN,NaN,1
2024-07-22T10:33:00-04:00,0.7274891088307411,0.73,0.7274891088307411,0.73,0.7338914846504556,0.7631514524710175,0.7273654537483559,0,0,19417,19490,0,0,0,0,NaN,NaN,59.13605363597375,NaN,NaN,NaN,0.7624681304186807,0.765192525,NaN,NaN,NaN,NaN,NaN,NaN,NaN,NaN,NaN,NaN,1,0,0,0,0,NaN,NaN,59.13605363597375,NaN,NaN,NaN,0.7624681304186807,0.765192525,NaN,NaN,NaN,NaN,NaN,NaN,NaN,NaN,NaN,NaN,1
2024-07-22T10:46:00-04:00,0.7287445544153706,0.73,0.7287445544153706,0.73,0.7331839419867364,0.7626453234256584,0.7278391226177634,0,0,19417,19491,0,0,0,0,NaN,NaN,58.458269798716366,NaN,NaN,NaN,0.7624681304186807,0.765192525,NaN,NaN,NaN,NaN,NaN,NaN,NaN,NaN,NaN,NaN,1,0,0,0,0,NaN,NaN,58.458269798716366,NaN,NaN,NaN,0.7624681304186807,0.765192525,NaN,NaN,NaN,NaN,NaN,NaN,NaN,NaN,NaN,NaN,1
2024-07-22T11:02:00-04:00,0.7293722772076853,0.7293722772076853,0.72,0.72,0.7307868616255117,0.761994249785572,0.7277006711409396,0,1,19417,19492,0,0,0,0,NaN,NaN,58.61814614619841,NaN,NaN,NaN,0.7624681304186807,0.7595326977499999,NaN,NaN,NaN,NaN,NaN,NaN,NaN,NaN,NaN,NaN,1,0,0,0,0,NaN,NaN,58.61814614619841,NaN,NaN,NaN,0.7624681304186807,0.7595326977499999,NaN,NaN,NaN,NaN,NaN,NaN,NaN,NaN,NaN,NaN,1
2024-07-22T11:04:00-04:00,0.7246861386038426,0.7246861386038426,0.703185,0.703185,0.725768341329964,0.7610963986438075,0.7222992564031947,0,0,19417,19493,0,0,0,0,NaN,NaN,58.609609748990664,NaN,NaN,NaN,0.7345698223432378,0.7453723740199999,NaN,NaN,NaN,NaN,NaN,NaN,NaN,NaN,NaN,NaN,1,0,0,0,0,NaN,NaN,58.609609748990664,NaN,NaN,NaN,0.7345698223432378,0.7453723740199999,NaN,NaN,NaN,NaN,NaN,NaN,NaN,NaN,NaN,NaN,1
2024-07-22T11:10:00-04:00,0.7139355693019213,0.721,0.7,0.7104999999999999,0.7229922792699706,0.7603239345423753,0.718396617823242,0,0,19417,19494,0,0,0,0,NaN,NaN,58.63973460277132,NaN,NaN,NaN,0.7310822878156044,0.7453723740199999,NaN,NaN,NaN,NaN,NaN,NaN,NaN,NaN,NaN,NaN,1,0,0,0,0,NaN,NaN,58.63973460277132,NaN,NaN,NaN,0.7310822878156044,0.7453723740199999,NaN,NaN,NaN,NaN,NaN,NaN,NaN,NaN,NaN,NaN,1
2024-07-22T11:11:00-04:00,0.7122177846509605,0.7122177846509605,0.7,0.7,0.7188118648572487,0.7594029584424917,0.7182286275226006,0,0,19417,19495,0,0,0,0,NaN,NaN,58.47346109699008,NaN,NaN,NaN,0.7205862819922225,0.7372128929169999,NaN,NaN,NaN,NaN,NaN,NaN,NaN,NaN,NaN,NaN,1,0,0,0,0,NaN,NaN,58.47346109699008,NaN,NaN,NaN,0.7205862819922225,0.7372128929169999,NaN,NaN,NaN,NaN,NaN,NaN,NaN,NaN,NaN,NaN,1
2024-07-22T11:19:00-04:00,0.7061088923254802,0.7201,0.7061088923254802,0.7200499999999999,0.7190369803377489,0.7588021499166522,0.7182612949511255,0,0,19417,19496,0,0,0,0,NaN,NaN,58.085951706010405,NaN,NaN,NaN,0.7205862819922225,0.7372128929169999,NaN,NaN,NaN,NaN,NaN,NaN,NaN,NaN,NaN,NaN,1,0,0,0,0,NaN,NaN,58.085951706010405,NaN,NaN,NaN,0.7205862819922225,0.7372128929169999,NaN,NaN,NaN,NaN,NaN,NaN,NaN,NaN,NaN,NaN,1
2024-07-22T11:26:00-04:00,0.7130794461627401,0.7130794461627401,0.6925,0.69255,0.7142211657308855,0.7577906667118178,0.7142111249622243,0,1,19417,19497,0,0,0,0,NaN,NaN,57.73806510161994,NaN,NaN,NaN,0.7205862819922225,0.7261190721919399,NaN,NaN,NaN,NaN,NaN,NaN,NaN,NaN,NaN,NaN,1,0,0,0,0,NaN,NaN,57.73806510161994,NaN,NaN,NaN,0.7205862819922225,0.7261190721919399,NaN,NaN,NaN,NaN,NaN,NaN,NaN,NaN,NaN,NaN,1
2024-07-22T11:27:00-04:00,0.70281472308137,0.70281472308137,0.6926,0.6926,0.7102900446889063,0.756795389357439,0.7134244649097262,0,0,19417,19498,0,0,0,0,NaN,NaN,57.4709904003607,NaN,NaN,NaN,0.7205862819922225,0.7261190721919399,NaN,NaN,NaN,NaN,NaN,NaN,NaN,NaN,NaN,NaN,1,0,0,0,0,NaN,NaN,57.4709904003607,NaN,NaN,NaN,0.7205862819922225,0.7261190721919399,NaN,NaN,NaN,NaN,NaN,NaN,NaN,NaN,NaN,NaN,1
2024-07-22T11:39:00-04:00,0.697707361540685,0.7201,0.697707361540685,0.7200499999999999,0.7120645820181961,0.7562343910466384,0.7135660765175262,0,0,19417,19499,0,0,0,0,NaN,NaN,57.514905961973305,NaN,NaN,NaN,0.7205862819922225,0.7261190721919399,NaN,NaN,NaN,NaN,NaN,NaN,NaN,NaN,NaN,NaN,1,0,0,0,0,NaN,NaN,57.514905961973305,NaN,NaN,NaN,0.7205862819922225,0.7261190721919399,NaN,NaN,NaN,NaN,NaN,NaN,NaN,NaN,NaN,NaN,1
2024-07-22T12:24:00-04:00,0.7088786807703424,0.7088786807703424,0.6926,0.6926,0.7085255671057968,0.755262873626079,0.7134177596208262,0,1,19417,19500,0,0,0,0,NaN,NaN,58.63333059497915,NaN,NaN,NaN,0.7205862819922225,0.7261190721919399,NaN,NaN,NaN,NaN,NaN,NaN,NaN,NaN,NaN,NaN,1,0,0,0,0,NaN,NaN,58.63333059497915,NaN,NaN,NaN,0.7205862819922225,0.7261190721919399,NaN,NaN,NaN,NaN,NaN,NaN,NaN,NaN,NaN,NaN,1
2024-07-22T12:35:00-04:00,0.7007393403851712,0.7007393403851712,0.693,0.693,0.7057027367229247,0.7543122954027801,0.7132743361899408,0,0,19417,19501,0,0,0,0,NaN,NaN,59.369808055155595,NaN,NaN,NaN,0.7205862819922225,0.7261190721919399,NaN,NaN,NaN,NaN,NaN,NaN,NaN,NaN,NaN,NaN,1,0,0,0,0,NaN,NaN,59.369808055155595,NaN,NaN,NaN,0.7205862819922225,0.7261190721919399,NaN,NaN,NaN,NaN,NaN,NaN,NaN,NaN,NaN,NaN,1
2024-07-22T12:40:00-04:00,0.6968696701925856,0.6968696701925856,0.692501,0.692501,0.7033024209551202,0.753368611503501,0.7112346382870898,0,0,19417,19502,0,0,0,0,NaN,NaN,60.425537255025255,NaN,NaN,NaN,0.7205862819922225,0.7190399220316326,NaN,NaN,NaN,NaN,NaN,NaN,NaN,NaN,NaN,NaN,1,0,0,0,0,NaN,NaN,60.425537255025255,NaN,NaN,NaN,0.7205862819922225,0.7190399220316326,NaN,NaN,NaN,NaN,NaN,NaN,NaN,NaN,NaN,NaN,1
2024-07-22T12:51:00-04:00,0.6946853350962928,0.7168,0.6946853350962928,0.70715,0.7040019807814619,0.752662983846959,0.7109349319088988,0,0,19417,19503,0,0,0,0,NaN,NaN,61.12127564667412,NaN,NaN,NaN,0.7205862819922225,0.7190399220316326,NaN,NaN,NaN,NaN,NaN,NaN,NaN,NaN,NaN,NaN,1,0,0,0,0,NaN,NaN,61.12127564667412,NaN,NaN,NaN,0.7205862819922225,0.7190399220316326,NaN,NaN,NaN,NaN,NaN,NaN,NaN,NaN,NaN,NaN,1
2024-07-22T12:56:00-04:00,0.7009176675481463,0.722747,0.7009176675481463,0.720687,0.707035620639378,0.7521748008874634,0.7120574429669644,0,0,19417,19504,0,0,0,0,NaN,NaN,60.02462809297128,NaN,NaN,NaN,0.7205862819922225,0.7190399220316326,NaN,NaN,NaN,NaN,NaN,NaN,NaN,NaN,NaN,NaN,1,0,0,0,0,NaN,NaN,60.02462809297128,NaN,NaN,NaN,0.7205862819922225,0.7190399220316326,NaN,NaN,NaN,NaN,NaN,NaN,NaN,NaN,NaN,NaN,1
2024-07-22T13:16:00-04:00,0.7108023337740732,0.72089,0.7108023337740732,0.72089,0.7095545987049456,0.7516971703395632,0.712320941947188,0,0,19417,19505,0,0,0,0,NaN,NaN,63.9204902106032,NaN,NaN,NaN,0.7205862819922225,0.7190399220316326,NaN,NaN,NaN,NaN,NaN,NaN,NaN,NaN,NaN,NaN,1,0,0,0,0,NaN,NaN,63.9204902106032,NaN,NaN,NaN,0.7205862819922225,0.7190399220316326,NaN,NaN,NaN,NaN,NaN,NaN,NaN,NaN,NaN,NaN,1
2024-07-22T13:48:00-04:00,0.7158461668870366,0.728,0.7158461668870366,0.728,0.7129083080313191,0.7513353814794171,0.7123995573606096,0,0,19417,19506,0,0,0,0,NaN,NaN,61.613713196727545,NaN,NaN,NaN,0.7205862819922225,0.7190399220316326,NaN,NaN,NaN,NaN,NaN,NaN,NaN,NaN,NaN,NaN,1,0,0,0,0,NaN,NaN,61.613713196727545,NaN,NaN,NaN,0.7205862819922225,0.7190399220316326,NaN,NaN,NaN,NaN,NaN,NaN,NaN,NaN,NaN,NaN,1
2024-07-22T14:43:00-04:00,0.7219230834435183,0.7254,0.7219230834435183,0.7254,0.7151795247528975,0.7509394214568306,0.7125922135941513,0,0,19417,19507,0,0,0,0,NaN,NaN,59.45603426011296,NaN,NaN,NaN,0.7205862819922225,0.7190399220316326,NaN,NaN,NaN,NaN,NaN,NaN,NaN,NaN,NaN,NaN,1,0,0,0,0,NaN,NaN,59.45603426011296,NaN,NaN,NaN,0.7205862819922225,0.7190399220316326,NaN,NaN,NaN,NaN,NaN,NaN,NaN,NaN,NaN,NaN,1
2024-07-22T15:36:00-04:00,0.7236615417217591,0.7236615417217591,0.7201,0.7201,0.716074156616007,0.7504685905948942,0.7126736524968239,0,0,19417,19508,0,0,0,0,NaN,NaN,57.91692909021834,NaN,NaN,NaN,0.7205862819922225,0.7190399220316326,NaN,NaN,NaN,NaN,NaN,NaN,NaN,NaN,NaN,NaN,1,0,0,0,0,NaN,NaN,57.91692909021834,NaN,NaN,NaN,0.7205862819922225,0.7190399220316326,NaN,NaN,NaN,NaN,NaN,NaN,NaN,NaN,NaN,NaN,1
2024-07-22T15:46:00-04:00,0.7218807708608795,0.7218807708608795,0.7201,0.7201,0.7168061281403694,0.7500049479903921,0.7127097623261693,0,0,19417,19509,0,0,0,0,NaN,NaN,56.44382734792471,NaN,NaN,NaN,0.7205862819922225,0.7190399220316326,NaN,NaN,NaN,NaN,NaN,NaN,NaN,NaN,NaN,NaN,1,0,0,0,0,NaN,NaN,56.44382734792471,NaN,NaN,NaN,0.7205862819922225,0.7190399220316326,NaN,NaN,NaN,NaN,NaN,NaN,NaN,NaN,NaN,NaN,1
2024-07-22T15:59:00-04:00,0.7209903854304398,0.7209903854304398,0.7202,0.7202,0.7174231957512113,0.749549910616493,0.7128174528898685,0,0,19417,19510,0,0,0,0,NaN,NaN,54.85214917554245,NaN,NaN,NaN,0.7205862819922225,0.7190399220316326,NaN,NaN,NaN,NaN,NaN,NaN,NaN,NaN,NaN,NaN,1,0,0,0,0,NaN,NaN,54.85214917554245,NaN,NaN,NaN,0.7205862819922225,0.7190399220316326,NaN,NaN,NaN,NaN,NaN,NaN,NaN,NaN,NaN,NaN,1
2024-07-22T16:00:00-04:00,0.7205951927152199,0.7299,0.7205951927152199,0.7299,0.7196917056146274,0.7492499119811267,0.71320549257646,0,0,19417,19511,0,0,0,0,NaN,NaN,56.222293875249406,NaN,NaN,NaN,0.7205862819922225,0.7190399220316326,NaN,NaN,NaN,NaN,NaN,NaN,NaN,NaN,NaN,NaN,1,0,0,0,0,NaN,NaN,56.222293875249406,NaN,NaN,NaN,0.7205862819922225,0.7190399220316326,NaN,NaN,NaN,NaN,NaN,NaN,NaN,NaN,NaN,NaN,1
2024-07-22T18:06:00-04:00,0.7252475963576099,0.7252475963576099,0.72,0.72,0.7197477591392406,0.7488033484394301,0.7132371671250757,0,0,19417,19512,0,0,0,0,NaN,NaN,54.80920902439161,NaN,NaN,NaN,0.7205862819922225,0.7190399220316326,NaN,NaN,NaN,NaN,NaN,NaN,NaN,NaN,NaN,NaN,1,0,0,0,0,NaN,NaN,54.80920902439161,NaN,NaN,NaN,0.7205862819922225,0.7190399220316326,NaN,NaN,NaN,NaN,NaN,NaN,NaN,NaN,NaN,NaN,1
2024-07-22T19:47:00-04:00,0.722623798178805,0.722623798178805,0.72,0.72,0.7197936211139241,0.7483636026617289,0.713305822158645,0,0,19417,19513,0,0,0,0,NaN,NaN,54.303100471599976,NaN,NaN,NaN,0.7205862819922225,0.7190399220316326,NaN,NaN,NaN,NaN,NaN,NaN,NaN,NaN,NaN,NaN,1,0,0,0,0,NaN,NaN,54.303100471599976,NaN,NaN,NaN,0.7205862819922225,0.7190399220316326,NaN,NaN,NaN,NaN,NaN,NaN,NaN,NaN,NaN,NaN,1
2024-07-23T09:30:00-04:00,0.7213118990894025,0.735,0.7,0.7174999999999999,0.7193765990932106,0.7478924026210918,0.7174999999999999,0,0,19417,19514,0,0,0,0,NaN,NaN,55.730029383505844,NaN,NaN,NaN,0.7205862819922225,0.7190399220316326,NaN,NaN,NaN,NaN,NaN,NaN,NaN,NaN,NaN,NaN,1,0,0,0,0,NaN,NaN,55.730029383505844,NaN,NaN,NaN,0.7205862819922225,0.7190399220316326,NaN,NaN,NaN,NaN,NaN,NaN,NaN,NaN,NaN,NaN,1
2024-07-23T10:20:00-04:00,0.7194059495447012,0.7194059495447012,0.69,0.69515,0.7149717628944451,0.7470871751001591,0.6972062511929757,0,0,19417,19515,0,0,0,0,NaN,NaN,56.24720729271624,NaN,NaN,NaN,0.7205862819922225,0.7190399220316326,NaN,NaN,NaN,NaN,NaN,NaN,NaN,NaN,NaN,NaN,1,0,0,0,0,NaN,NaN,56.24720729271624,NaN,NaN,NaN,0.7205862819922225,0.7190399220316326,NaN,NaN,NaN,NaN,NaN,NaN,NaN,NaN,NaN,NaN,1
2024-07-23T10:22:00-04:00,0.7072779747723505,0.72505,0.695793,0.71059825,0.7141765787318187,0.7465300922742024,0.7013641513227165,0,0,19417,19516,0,0,0,0,NaN,NaN,58.087057582436174,NaN,NaN,NaN,0.7205862819922225,0.7190399220316326,NaN,NaN,NaN,NaN,NaN,NaN,NaN,NaN,NaN,NaN,1,0,0,0,0,NaN,NaN,58.087057582436174,NaN,NaN,NaN,0.7205862819922225,0.7190399220316326,NaN,NaN,NaN,NaN,NaN,NaN,NaN,NaN,NaN,NaN,1
2024-07-23T10:37:00-04:00,0.7089381123861753,0.7089381123861753,0.69,0.69,0.7097808371442154,0.7456670374303215,0.7011729841809006,0,1,19417,19517,0,0,0,0,NaN,NaN,58.26662462339254,NaN,NaN,NaN,0.7205862819922225,0.7111199607440407,NaN,NaN,NaN,NaN,NaN,NaN,NaN,NaN,NaN,NaN,1,0,0,0,0,NaN,NaN,58.26662462339254,NaN,NaN,NaN,0.7205862819922225,0.7111199607440407,NaN,NaN,NaN,NaN,NaN,NaN,NaN,NaN,NaN,NaN,1
2024-07-23T10:43:00-04:00,0.6994690561930876,0.7239,0.6994690561930876,0.7239,0.7123479576634489,0.7453347162481792,0.7015717037566742,0,0,19417,19518,0,0,0,0,NaN,NaN,57.097585962441656,NaN,NaN,NaN,0.7205862819922225,0.7111199607440407,NaN,NaN,NaN,NaN,NaN,NaN,NaN,NaN,NaN,NaN,1,0,0,0,0,NaN,NaN,57.097585962441656,NaN,NaN,NaN,0.7205862819922225,0.7111199607440407,NaN,NaN,NaN,NaN,NaN,NaN,NaN,NaN,NaN,NaN,1
2024-07-23T10:50:00-04:00,0.7116845280965438,0.7194,0.7116845280965438,0.7194,0.7136301471791855,0.7449387663817948,0.7019053170845807,0,0,19417,19519,0,0,0,0,NaN,NaN,59.22586612409098,NaN,NaN,NaN,0.7205862819922225,0.7111199607440407,NaN,NaN,NaN,NaN,NaN,NaN,NaN,NaN,NaN,NaN,1,0,0,0,0,NaN,NaN,59.22586612409098,NaN,NaN,NaN,0.7205862819922225,0.7111199607440407,NaN,NaN,NaN,NaN,NaN,NaN,NaN,NaN,NaN,NaN,1
2024-07-23T10:51:00-04:00,0.7155422640482719,0.7208,0.7155422640482719,0.7208,0.71493375678297,0.7445702355973399,0.7024767749516089,0,0,19417,19520,0,0,0,0,NaN,NaN,58.40127330736969,NaN,NaN,NaN,0.7205862819922225,0.7111199607440407,NaN,NaN,NaN,NaN,NaN,NaN,NaN,NaN,NaN,NaN,1,0,0,0,0,NaN,NaN,58.40127330736969,NaN,NaN,NaN,0.7205862819922225,0.7111199607440407,NaN,NaN,NaN,NaN,NaN,NaN,NaN,NaN,NaN,NaN,1
2024-07-23T10:59:00-04:00,0.718171132024136,0.718171132024136,0.7064,0.7064,0.7133821646406118,0.743987483908831,0.7025421153640256,0,0,19417,19521,0,0,0,0,NaN,NaN,57.941984157514824,NaN,NaN,NaN,0.7205862819922225,0.7111199607440407,NaN,NaN,NaN,NaN,NaN,NaN,NaN,NaN,NaN,NaN,1,0,0,0,0,NaN,NaN,57.941984157514824,NaN,NaN,NaN,0.7205862819922225,0.7111199607440407,NaN,NaN,NaN,NaN,NaN,NaN,NaN,NaN,NaN,NaN,1
2024-07-23T11:06:00-04:00,0.7122855660120679,0.7122855660120679,0.7071,0.708525,0.7124990437968641,0.7434460719407572,0.7028525289589441,0,0,19417,19522,0,0,0,0,NaN,NaN,57.13267815185779,NaN,NaN,NaN,0.7205862819922225,0.7111199607440407,NaN,NaN,NaN,NaN,NaN,NaN,NaN,NaN,NaN,NaN,1,0,0,0,0,NaN,NaN,57.13267815185779,NaN,NaN,NaN,0.7205862819922225,0.7111199607440407,NaN,NaN,NaN,NaN,NaN,NaN,NaN,NaN,NaN,NaN,1
2024-07-23T11:50:00-04:00,0.7104052830060339,0.7279,0.7104052830060339,0.7279,0.7152992176519798,0.7432087273309747,0.7032446343677139,0,0,19417,19523,0,0,0,0,NaN,NaN,54.52794982576824,NaN,NaN,NaN,0.7205862819922225,0.7111199607440407,NaN,NaN,NaN,NaN,NaN,NaN,NaN,NaN,NaN,NaN,1,0,0,0,0,NaN,NaN,54.52794982576824,NaN,NaN,NaN,0.7205862819922225,0.7111199607440407,NaN,NaN,NaN,NaN,NaN,NaN,NaN,NaN,NaN,NaN,1
2024-07-23T12:18:00-04:00,0.7191526415030169,0.7191526415030169,0.719,0.719,0.7159720871698017,0.7428391284404254,0.7038759908078439,0,0,19417,19524,0,0,0,0,NaN,NaN,53.42450514610574,NaN,NaN,NaN,0.7205862819922225,0.7111199607440407,NaN,NaN,NaN,NaN,NaN,NaN,NaN,NaN,NaN,NaN,1,0,0,0,0,NaN,NaN,53.42450514610574,NaN,NaN,NaN,0.7205862819922225,0.7111199607440407,NaN,NaN,NaN,NaN,NaN,NaN,NaN,NaN,NaN,NaN,1
2024-07-23T12:25:00-04:00,0.7190763207515085,0.7190763207515085,0.719,0.719,0.7165226167752923,0.7424751722810297,0.7041916332828967,0,0,19417,19525,0,0,0,0,NaN,NaN,51.85156257819757,NaN,NaN,NaN,0.7205862819922225,0.7111199607440407,NaN,NaN,NaN,NaN,NaN,NaN,NaN,NaN,NaN,NaN,1,0,0,0,0,NaN,NaN,51.85156257819757,NaN,NaN,NaN,0.7205862819922225,0.7111199607440407,NaN,NaN,NaN,NaN,NaN,NaN,NaN,NaN,NaN,NaN,1
2024-07-23T12:33:00-04:00,0.7190381603757543,0.7193,0.719,0.71915,0.7170003228161482,0.742119062780556,0.7052571885782127,0,0,19417,19526,0,0,0,0,NaN,NaN,49.69695232088274,NaN,NaN,NaN,0.7205862819922225,0.7111199607440407,NaN,NaN,NaN,NaN,NaN,NaN,NaN,NaN,NaN,NaN,1,0,0,0,0,NaN,NaN,49.69695232088274,NaN,NaN,NaN,0.7205862819922225,0.7111199607440407,NaN,NaN,NaN,NaN,NaN,NaN,NaN,NaN,NaN,NaN,1
2024-07-23T12:46:00-04:00,0.7190940801878771,0.728,0.7190940801878771,0.728,0.7190002641223031,0.7419035045701657,0.7067983078921214,0,0,19417,19527,0,0,0,0,NaN,NaN,47.02415960349272,NaN,NaN,NaN,0.7205862819922225,0.7111199607440407,NaN,NaN,NaN,NaN,NaN,NaN,NaN,NaN,NaN,NaN,1,0,0,0,0,NaN,NaN,47.02415960349272,NaN,NaN,NaN,0.7205862819922225,0.7111199607440407,NaN,NaN,NaN,NaN,NaN,NaN,NaN,NaN,NaN,NaN,1
2024-07-23T13:02:00-04:00,0.7235470400939386,0.7259,0.7231,0.7244999999999999,0.7200002161000661,0.7416378022103158,0.7071801336412659,0,0,19417,19528,0,0,0,0,NaN,NaN,44.9651031350469,NaN,NaN,NaN,0.7205862819922225,0.7111199607440407,NaN,NaN,NaN,NaN,NaN,NaN,NaN,NaN,NaN,NaN,1,0,0,0,0,NaN,NaN,44.9651031350469,NaN,NaN,NaN,0.7205862819922225,0.7111199607440407,NaN,NaN,NaN,NaN,NaN,NaN,NaN,NaN,NaN,NaN,1
2024-07-23T13:04:00-04:00,0.7240235200469692,0.726,0.7240235200469692,0.726,0.7210910859000541,0.7413990571384026,0.7073450465956888,0,0,19417,19529,0,0,0,0,NaN,NaN,43.31552895477754,NaN,NaN,NaN,0.7205862819922225,0.7111199607440407,NaN,NaN,NaN,NaN,NaN,NaN,NaN,NaN,NaN,NaN,1,0,0,0,0,NaN,NaN,43.31552895477754,NaN,NaN,NaN,0.7205862819922225,0.7111199607440407,NaN,NaN,NaN,NaN,NaN,NaN,NaN,NaN,NaN,NaN,1
2024-07-23T13:06:00-04:00,0.7250117600234847,0.73,0.7250117600234847,0.728,0.7223472521000442,0.7411944913805644,0.7089029953617435,0,0,19417,19530,0,0,0,0,NaN,NaN,41.340449425345405,NaN,NaN,NaN,0.7205862819922225,0.7111199607440407,NaN,NaN,NaN,NaN,NaN,NaN,NaN,NaN,NaN,NaN,1,0,0,0,0,NaN,NaN,41.340449425345405,NaN,NaN,NaN,0.7205862819922225,0.7111199607440407,NaN,NaN,NaN,NaN,NaN,NaN,NaN,NaN,NaN,NaN,1
2024-07-23T14:01:00-04:00,0.7265058800117423,0.73,0.7265058800117423,0.73,0.7237386608091271,0.7410235831152122,0.709134589082532,0,0,19417,19531,0,0,0,0,NaN,NaN,38.33104377681687,NaN,NaN,NaN,0.7205862819922225,0.7111199607440407,NaN,NaN,NaN,NaN,NaN,NaN,NaN,NaN,NaN,NaN,1,0,0,0,0,NaN,NaN,38.33104377681687,NaN,NaN,NaN,0.7205862819922225,0.7111199607440407,NaN,NaN,NaN,NaN,NaN,NaN,NaN,NaN,NaN,NaN,1
2024-07-23T14:47:00-04:00,0.7282529400058712,0.740451,0.7282529400058712,0.740451,0.7267772679347403,0.7410148413882625,0.7096285387815457,0,0,19417,19532,0,0,0,0,NaN,NaN,33.2230104624368,NaN,NaN,NaN,0.7205862819922225,0.722036385,NaN,NaN,NaN,NaN,NaN,NaN,NaN,NaN,NaN,NaN,1,0,0,0,0,NaN,NaN,33.2230104624368,NaN,NaN,NaN,0.7205862819922225,0.722036385,NaN,NaN,NaN,NaN,NaN,NaN,NaN,NaN,NaN,NaN,1
2024-07-23T15:27:00-04:00,0.7343519700029355,0.745,0.730732,0.737866,0.7287934010375148,0.7409667674739379,0.7116926806834796,0,0,19417,19533,0,0,0,0,NaN,NaN,28.920451704839778,NaN,NaN,NaN,0.7205862819922225,0.722036385,NaN,NaN,NaN,NaN,NaN,NaN,NaN,NaN,NaN,NaN,1,0,0,0,0,NaN,NaN,28.920451704839778,NaN,NaN,NaN,0.7205862819922225,0.722036385,NaN,NaN,NaN,NaN,NaN,NaN,NaN,NaN,NaN,NaN,1
2024-07-23T15:53:00-04:00,0.7361089850014677,0.75,0.7361089850014677,0.745,0.7317400553943303,0.741028343543038,0.7169361832809805,0,0,19417,19534,0,0,0,0,NaN,NaN,23.669967495405604,NaN,NaN,NaN,0.7205862819922225,0.72493155845,NaN,NaN,NaN,NaN,NaN,NaN,NaN,NaN,NaN,NaN,1,0,0,0,0,NaN,NaN,23.669967495405604,NaN,NaN,NaN,0.7205862819922225,0.72493155845,NaN,NaN,NaN,NaN,NaN,NaN,NaN,NaN,NaN,NaN,1
2024-07-23T16:25:00-04:00,0.7405544925007339,0.75,0.7405544925007339,0.75,0.7350600453226339,0.7411653153973428,0.717196814650168,0,0,19417,19535,0,0,0,0,NaN,NaN,18.186388060688948,NaN,NaN,NaN,0.7205862819922225,0.728785664943,NaN,NaN,NaN,NaN,NaN,NaN,NaN,NaN,NaN,NaN,1,0,0,0,0,NaN,NaN,18.186388060688948,NaN,NaN,NaN,0.7205862819922225,0.728785664943,NaN,NaN,NaN,NaN,NaN,NaN,NaN,NaN,NaN,NaN,1
2024-07-23T16:31:00-04:00,0.745277246250367,0.75,0.745277246250367,0.75,0.7377764007185187,0.7413001960782993,0.7174652043484848,0,0,19417,19536,0,0,0,0,NaN,NaN,13.692875119779908,NaN,NaN,NaN,0.7205862819922225,0.728785664943,NaN,NaN,NaN,NaN,NaN,NaN,NaN,NaN,NaN,NaN,1,0,0,0,0,NaN,NaN,13.692875119779908,NaN,NaN,NaN,0.7205862819922225,0.728785664943,NaN,NaN,NaN,NaN,NaN,NaN,NaN,NaN,NaN,NaN,1
2024-07-24T08:03:00-04:00,0.7476386231251835,0.759,0.7476386231251835,0.759,0.7416352369515153,0.7415704220923711,0.759,0,0,19417,19537,0,0,0,0,NaN,NaN,8.195093593023124,NaN,NaN,NaN,0.7205862819922225,0.73559995509813,NaN,NaN,NaN,NaN,NaN,NaN,NaN,NaN,NaN,NaN,1,0,0,0,0,NaN,NaN,8.195093593023124,NaN,NaN,NaN,0.7205862819922225,0.73559995509813,NaN,NaN,NaN,NaN,NaN,NaN,NaN,NaN,NaN,NaN,1
2024-07-24T08:30:00-04:00,0.7533193115625918,0.77,0.7533193115625918,0.765,0.7458833756876034,0.7419281255718769,0.7642105263157896,0,0,19417,19538,0,0,0,0,NaN,NaN,4.16964677018423,NaN,NaN,NaN,0.7205862819922225,0.7417679604863544,NaN,NaN,NaN,NaN,NaN,NaN,NaN,NaN,NaN,NaN,1,0,0,0,0,NaN,NaN,4.16964677018423,NaN,NaN,NaN,0.7205862819922225,0.7417679604863544,NaN,NaN,NaN,NaN,NaN,NaN,NaN,NaN,NaN,NaN,1
2024-07-24T08:31:00-04:00,0.7591596557812959,0.77,0.7591596557812959,0.77,0.7502682164716755,0.7423567038074208,0.7669014084507042,0,0,19417,19539,0,0,0,0,NaN,NaN,1.447886937996184,NaN,NaN,NaN,0.7281078350634174,0.7481277664134013,NaN,NaN,NaN,NaN,NaN,NaN,NaN,NaN,NaN,NaN,1,0,0,0,0,NaN,NaN,1.447886937996184,NaN,NaN,NaN,0.7281078350634174,0.7481277664134013,NaN,NaN,NaN,NaN,NaN,NaN,NaN,NaN,NaN,NaN,1
2024-07-24T08:38:00-04:00,0.7645798278906479,0.78,0.7645798278906479,0.775,0.7547649043859164,0.7428550747416587,0.7695054945054945,0,0,19417,19540,0,0,0,0,NaN,NaN,0.11010059536031121,NaN,NaN,NaN,0.7540883562403977,0.7550147684589891,NaN,NaN,NaN,NaN,NaN,NaN,NaN,NaN,NaN,NaN,1,0,0,0,0,NaN,NaN,0.11010059536031121,NaN,NaN,NaN,0.7540883562403977,0.7550147684589891,NaN,NaN,NaN,NaN,NaN,NaN,NaN,NaN,NaN,NaN,1
2024-07-24T08:41:00-04:00,0.7697899139453239,0.8,0.7697899139453239,0.8,0.7629894672248406,0.7437275163486563,0.7721652856519843,0,0,19417,19541,0,1,0,0,NaN,NaN,0.4961546148725745,NaN,NaN,NaN,0.7789285762062171,0.7743366670826014,NaN,NaN,NaN,NaN,NaN,NaN,NaN,NaN,NaN,NaN,1,0,1,0,0,NaN,NaN,0.4961546148725745,NaN,NaN,NaN,0.7789285762062171,0.7743366670826014,NaN,NaN,NaN,NaN,NaN,NaN,NaN,NaN,NaN,NaN,1
2024-07-24T08:44:00-04:00,0.784894956972662,0.84,0.78,0.7999,0.7697004731839605,0.7445851115189058,0.7955857947222035,0,0,19417,19542,0,0,0,0,NaN,NaN,2.477679657430063,NaN,NaN,NaN,0.7789285762062171,0.7743366670826014,NaN,NaN,NaN,NaN,NaN,NaN,NaN,NaN,NaN,NaN,1,0,0,0,0,NaN,NaN,2.477679657430063,NaN,NaN,NaN,0.7789285762062171,0.7743366670826014,NaN,NaN,NaN,NaN,NaN,NaN,NaN,NaN,NaN,NaN,1
2024-07-24T08:45:00-04:00,0.792397478486331,0.8,0.792397478486331,0.8,0.775209478059604,0.7454311403506783,0.7958662219681089,0,0,19417,19543,0,0,0,0,NaN,NaN,5.395156716900325,NaN,NaN,NaN,0.7789285762062171,0.7743366670826014,NaN,NaN,NaN,NaN,NaN,NaN,NaN,NaN,NaN,NaN,1,0,0,0,0,NaN,NaN,5.395156716900325,NaN,NaN,NaN,0.7789285762062171,0.7743366670826014,NaN,NaN,NaN,NaN,NaN,NaN,NaN,NaN,NaN,NaN,1
2024-07-24T08:47:00-04:00,0.7961987392431655,0.8,0.7961987392431655,0.8,0.7797168456851306,0.7462642527117366,0.7960180037941376,0,0,19417,19544,0,0,0,0,NaN,NaN,8.842859834212975,NaN,NaN,NaN,0.7789285762062171,0.7743366670826014,NaN,NaN,NaN,NaN,NaN,NaN,NaN,NaN,NaN,NaN,1,0,0,0,0,NaN,NaN,8.842859834212975,NaN,NaN,NaN,0.7789285762062171,0.7743366670826014,NaN,NaN,NaN,NaN,NaN,NaN,NaN,NaN,NaN,NaN,1
2024-07-24T08:51:00-04:00,0.7980993696215828,0.84,0.7980993696215828,0.8399,0.7906592373787432,0.7476938061054506,0.7968090980109369,0,0,19417,19545,0,0,0,0,NaN,NaN,13.425095798709435,NaN,NaN,NaN,0.7919188419172899,0.805233866982777,NaN,NaN,NaN,NaN,NaN,NaN,NaN,NaN,NaN,NaN,1,0,0,0,0,NaN,NaN,13.425095798709435,NaN,NaN,NaN,0.7919188419172899,0.805233866982777,NaN,NaN,NaN,NaN,NaN,NaN,NaN,NaN,NaN,NaN,1
2024-07-24T08:55:00-04:00,0.8189996848107914,0.8189996848107914,0.8,0.8,0.7923575578553353,0.7484923739511689,0.796828158413476,0,0,19417,19546,0,0,0,0,NaN,NaN,17.327204939487252,NaN,NaN,NaN,0.7919188419172899,0.805233866982777,NaN,NaN,NaN,NaN,NaN,NaN,NaN,NaN,NaN,NaN,1,0,0,0,0,NaN,NaN,17.327204939487252,NaN,NaN,NaN,0.7919188419172899,0.805233866982777,NaN,NaN,NaN,NaN,NaN,NaN,NaN,NaN,NaN,NaN,1
2024-07-24T09:15:00-04:00,0.8094998424053957,0.8094998424053957,0.8,0.8,0.793747092790729,0.74927874992138,0.7968501720251514,0,0,19417,19547,0,0,0,0,NaN,NaN,21.365015743479475,NaN,NaN,NaN,0.7919188419172899,0.805233866982777,NaN,NaN,NaN,NaN,NaN,NaN,NaN,NaN,NaN,NaN,1,0,0,0,0,NaN,NaN,21.365015743479475,NaN,NaN,NaN,0.7919188419172899,0.805233866982777,NaN,NaN,NaN,NaN,NaN,NaN,NaN,NaN,NaN,NaN,1
2024-07-24T09:19:00-04:00,0.8047499212026978,0.8047499212026978,0.77,0.78,0.7912476213742328,0.7497477766401376,0.7956334727572923,0,0,19417,19548,0,0,0,0,NaN,NaN,25.532375853313887,NaN,NaN,NaN,0.7919188419172899,0.805233866982777,NaN,NaN,NaN,NaN,NaN,NaN,NaN,NaN,NaN,NaN,1,0,0,0,0,NaN,NaN,25.532375853313887,NaN,NaN,NaN,0.7919188419172899,0.805233866982777,NaN,NaN,NaN,NaN,NaN,NaN,NaN,NaN,NaN,NaN,1
2024-07-24T09:21:00-04:00,0.7923749606013489,0.7923749606013489,0.79,0.79,0.7910207811243722,0.7503623144013568,0.7956026382047073,0,0,19417,19549,0,0,0,0,NaN,NaN,30.32976797526531,NaN,NaN,NaN,0.7919188419172899,0.805233866982777,NaN,NaN,NaN,NaN,NaN,NaN,NaN,NaN,NaN,NaN,1,0,0,0,0,NaN,NaN,30.32976797526531,NaN,NaN,NaN,0.7919188419172899,0.805233866982777,NaN,NaN,NaN,NaN,NaN,NaN,NaN,NaN,NaN,NaN,1
2024-07-24T09:30:00-04:00,0.7911874803006744,0.7911874803006744,0.762,0.762,0.7857442754653955,0.7505399889906491,0.7952261839043137,0,0,19417,19550,0,0,0,0,NaN,NaN,34.6320614550936,NaN,NaN,NaN,0.7919188419172899,0.7904335,NaN,NaN,NaN,NaN,NaN,NaN,NaN,NaN,NaN,NaN,1,0,0,0,0,NaN,NaN,34.6320614550936,NaN,NaN,NaN,0.7919188419172899,0.7904335,NaN,NaN,NaN,NaN,NaN,NaN,NaN,NaN,NaN,NaN,1
2024-07-24T09:31:00-04:00,0.7765937401503372,0.8,0.7765937401503372,0.8,0.7883362253807782,0.7512951036625476,0.7971058240640484,0,0,19417,19551,0,0,0,0,NaN,NaN,39.28150048560636,NaN,NaN,NaN,0.7919188419172899,0.7904335,NaN,NaN,NaN,NaN,NaN,NaN,NaN,NaN,NaN,NaN,1,0,0,0,0,NaN,NaN,39.28150048560636,NaN,NaN,NaN,0.7919188419172899,0.7904335,NaN,NaN,NaN,NaN,NaN,NaN,NaN,NaN,NaN,NaN,1
2024-07-24T09:32:00-04:00,0.7882968700751687,0.819461,0.7882968700751687,0.8094805,0.7921806389479095,0.7521834303241881,0.7973704592685354,0,0,19417,19552,0,0,0,0,NaN,NaN,43.9039157755649,NaN,NaN,NaN,0.7919188419172899,0.7904335,NaN,NaN,NaN,NaN,NaN,NaN,NaN,NaN,NaN,NaN,1,0,0,0,0,NaN,NaN,43.9039157755649,NaN,NaN,NaN,0.7919188419172899,0.7904335,NaN,NaN,NaN,NaN,NaN,NaN,NaN,NaN,NaN,NaN,1
2024-07-24T09:35:00-04:00,0.7988886850375844,0.804803,0.7988886850375844,0.8024767500000001,0.7940526591391986,0.7529512672658035,0.7978327289665041,0,0,19417,19553,0,0,0,0,NaN,NaN,48.323026952243495,NaN,NaN,NaN,0.7919188419172899,0.7904335,NaN,NaN,NaN,NaN,NaN,NaN,NaN,NaN,NaN,NaN,1,0,0,0,0,NaN,NaN,48.323026952243495,NaN,NaN,NaN,0.7919188419172899,0.7904335,NaN,NaN,NaN,NaN,NaN,NaN,NaN,NaN,NaN,NaN,1
2024-07-24T09:36:00-04:00,0.8006827175187923,0.8099,0.76,0.7825,0.7919521756593444,0.753402392956402,0.7922444115365341,0,0,19417,19554,0,0,0,0,NaN,NaN,52.02549109650981,NaN,NaN,NaN,0.7919188419172899,0.7904335,NaN,NaN,NaN,NaN,NaN,NaN,NaN,NaN,NaN,NaN,1,0,0,0,0,NaN,NaN,52.02549109650981,NaN,NaN,NaN,0.7919188419172899,0.7904335,NaN,NaN,NaN,NaN,NaN,NaN,NaN,NaN,NaN,NaN,1
2024-07-24T09:38:00-04:00,0.7915913587593961,0.7915913587593961,0.78,0.78,0.7897790528121909,0.7538084632929455,0.7918061798822498,0,0,19417,19555,0,0,0,0,NaN,NaN,55.578563204371555,NaN,NaN,NaN,0.7919188419172899,0.7904335,NaN,NaN,NaN,NaN,NaN,NaN,NaN,NaN,NaN,NaN,1,0,0,0,0,NaN,NaN,55.578563204371555,NaN,NaN,NaN,0.7919188419172899,0.7904335,NaN,NaN,NaN,NaN,NaN,NaN,NaN,NaN,NaN,NaN,1
2024-07-24T09:45:00-04:00,0.7857956793796981,0.7857956793796981,0.774951,0.774951,0.7870830432099744,0.7541312501129005,0.7917610570577002,0,0,19417,19556,0,0,0,0,NaN,NaN,58.8259062201109,NaN,NaN,NaN,0.7919188419172899,0.7904335,NaN,NaN,NaN,NaN,NaN,NaN,NaN,NaN,NaN,NaN,1,0,0,0,0,NaN,NaN,58.8259062201109,NaN,NaN,NaN,0.7919188419172899,0.7904335,NaN,NaN,NaN,NaN,NaN,NaN,NaN,NaN,NaN,NaN,1
2024-07-24T09:46:00-04:00,0.780373339689849,0.780373339689849,0.7799,0.7799,0.7857770353536154,0.7545246661417112,0.7917293887257257,0,0,19417,19557,0,0,0,0,NaN,NaN,62.08935777535945,NaN,NaN,NaN,0.7919188419172899,0.7904335,NaN,NaN,NaN,NaN,NaN,NaN,NaN,NaN,NaN,NaN,1,0,0,0,0,NaN,NaN,62.08935777535945,NaN,NaN,NaN,0.7919188419172899,0.7904335,NaN,NaN,NaN,NaN,NaN,NaN,NaN,NaN,NaN,NaN,1
2024-07-24T09:49:00-04:00,0.7801366698449246,0.7801366698449246,0.7799,0.7799500000000001,0.7847175743802308,0.7549128391777156,0.791597942233565,0,0,19417,19558,0,0,0,0,NaN,NaN,64.28899376607632,NaN,NaN,NaN,0.7919188419172899,0.7904335,NaN,NaN,NaN,NaN,NaN,NaN,NaN,NaN,NaN,NaN,1,0,0,0,0,NaN,NaN,64.28899376607632,NaN,NaN,NaN,0.7919188419172899,0.7904335,NaN,NaN,NaN,NaN,NaN,NaN,NaN,NaN,NaN,NaN,1
2024-07-24T09:51:00-04:00,0.7800433349224624,0.7800433349224624,0.78,0.78,0.7838598335838253,0.7552958492666054,0.7912750605386536,0,0,19417,19559,0,0,0,0,NaN,NaN,66.39997615669971,NaN,NaN,NaN,0.7919188419172899,0.7904335,NaN,NaN,NaN,NaN,NaN,NaN,NaN,NaN,NaN,NaN,1,0,0,0,0,NaN,NaN,66.39997615669971,NaN,NaN,NaN,0.7919188419172899,0.7904335,NaN,NaN,NaN,NaN,NaN,NaN,NaN,NaN,NaN,NaN,1
2024-07-24T09:57:00-04:00,0.7800216674612312,0.79001,0.7800216674612312,0.7900050000000001,0.7849771365685844,0.7558257599648252,0.7912130478825558,0,0,19417,19560,0,0,0,0,NaN,NaN,68.87548186115484,NaN,NaN,NaN,0.7919188419172899,0.7904335,NaN,NaN,NaN,NaN,NaN,NaN,NaN,NaN,NaN,NaN,1,0,0,0,0,NaN,NaN,68.87548186115484,NaN,NaN,NaN,0.7919188419172899,0.7904335,NaN,NaN,NaN,NaN,NaN,NaN,NaN,NaN,NaN,NaN,1
2024-07-24T10:09:00-04:00,0.7850133337306157,0.79,0.78,0.7850000000000001,0.7849812935561145,0.756271168209637,0.790426943902647,0,0,19417,19561,0,0,0,0,NaN,NaN,70.4445662506667,NaN,NaN,NaN,0.7919188419172899,0.7904335,NaN,NaN,NaN,NaN,NaN,NaN,NaN,NaN,NaN,NaN,1,0,0,0,0,NaN,NaN,70.4445662506667,NaN,NaN,NaN,0.7919188419172899,0.7904335,NaN,NaN,NaN,NaN,NaN,NaN,NaN,NaN,NaN,NaN,1
2024-07-24T10:10:00-04:00,0.785006666865308,0.785006666865308,0.76,0.772525,0.7827165129095482,0.7565193183133067,0.7898539279737986,0,0,19417,19562,0,0,0,0,NaN,NaN,71.76026734889145,NaN,NaN,NaN,0.7919188419172899,0.7904335,NaN,NaN,NaN,NaN,NaN,NaN,NaN,NaN,NaN,NaN,1,0,0,0,0,NaN,NaN,71.76026734889145,NaN,NaN,NaN,0.7919188419172899,0.7904335,NaN,NaN,NaN,NaN,NaN,NaN,NaN,NaN,NaN,NaN,1
2024-07-24T10:16:00-04:00,0.7787658334326539,0.7787658334326539,0.7698,0.7698,0.7803680560169031,0.7567220768123402,0.789757802706182,0,0,19417,19563,0,0,0,0,NaN,NaN,72.79823759050049,NaN,NaN,NaN,0.7919188419172899,0.7904335,NaN,NaN,NaN,NaN,NaN,NaN,NaN,NaN,NaN,NaN,1,0,0,0,0,NaN,NaN,72.79823759050049,NaN,NaN,NaN,0.7919188419172899,0.7904335,NaN,NaN,NaN,NaN,NaN,NaN,NaN,NaN,NaN,NaN,1
2024-07-24T10:20:00-04:00,0.774282916716327,0.774282916716327,0.77,0.77,0.7784829549229207,0.7569247931968845,0.7897307809021034,0,0,19417,19564,0,0,0,0,NaN,NaN,72.92372956240527,NaN,NaN,NaN,0.7919188419172899,0.7904335,NaN,NaN,NaN,NaN,NaN,NaN,NaN,NaN,NaN,NaN,1,0,0,0,0,NaN,NaN,72.92372956240527,NaN,NaN,NaN,0.7919188419172899,0.7904335,NaN,NaN,NaN,NaN,NaN,NaN,NaN,NaN,NaN,NaN,1
2024-07-24T10:21:00-04:00,0.7721414583581635,0.7721414583581635,0.75,0.75,0.773304235846026,0.7568190711633443,0.7896608084699714,0,0,19417,19565,0,0,0,0,NaN,NaN,70.14537931829588,NaN,NaN,NaN,0.7919188419172899,0.783400495,NaN,NaN,NaN,NaN,NaN,NaN,NaN,NaN,NaN,NaN,1,0,0,0,0,NaN,NaN,70.14537931829588,NaN,NaN,NaN,0.7919188419172899,0.783400495,NaN,NaN,NaN,NaN,NaN,NaN,NaN,NaN,NaN,NaN,1
2024-07-24T10:51:00-04:00,0.7610707291790817,0.7610707291790817,0.755,0.755,0.7699761929649304,0.7567912990845147,0.7896135525379361,0,0,19417,19566,0,0,0,0,NaN,NaN,68.17665251646723,NaN,NaN,NaN,0.7919188419172899,0.783400495,NaN,NaN,NaN,NaN,NaN,NaN,NaN,NaN,NaN,NaN,1,0,0,0,0,NaN,NaN,68.17665251646723,NaN,NaN,NaN,0.7919188419172899,0.783400495,NaN,NaN,NaN,NaN,NaN,NaN,NaN,NaN,NaN,NaN,1
2024-07-24T10:53:00-04:00,0.7580353645895408,0.76,0.7580353645895408,0.76,0.7681623396985794,0.7568402868847511,0.7895599515242243,0,0,19417,19567,0,0,0,0,NaN,NaN,66.03512831565098,NaN,NaN,NaN,0.7919188419172899,0.783400495,NaN,NaN,NaN,NaN,NaN,NaN,NaN,NaN,NaN,NaN,1,0,0,0,0,NaN,NaN,66.03512831565098,NaN,NaN,NaN,0.7919188419172899,0.783400495,NaN,NaN,NaN,NaN,NaN,NaN,NaN,NaN,NaN,NaN,1
2024-07-24T10:54:00-04:00,0.7590176822947704,0.77,0.7590176822947704,0.77,0.7684964597533831,0.7570411985353657,0.7883137772426095,0,0,19417,19568,0,0,0,0,NaN,NaN,65.75376554532369,NaN,NaN,NaN,0.7919188419172899,0.783400495,NaN,NaN,NaN,NaN,NaN,NaN,NaN,NaN,NaN,NaN,1,0,0,0,0,NaN,NaN,65.75376554532369,NaN,NaN,NaN,0.7919188419172899,0.783400495,NaN,NaN,NaN,NaN,NaN,NaN,NaN,NaN,NaN,NaN,1
2024-07-24T11:20:00-04:00,0.7645088411473853,0.77,0.760001,0.7650005,0.7678608307073135,0.7571627145882609,0.788180862321044,0,0,19417,19569,0,0,0,0,NaN,NaN,63.57324745764045,NaN,NaN,NaN,0.7919188419172899,0.783400495,NaN,NaN,NaN,NaN,NaN,NaN,NaN,NaN,NaN,NaN,1,0,0,0,0,NaN,NaN,63.57324745764045,NaN,NaN,NaN,0.7919188419172899,0.783400495,NaN,NaN,NaN,NaN,NaN,NaN,NaN,NaN,NaN,NaN,1
2024-07-24T12:30:00-04:00,0.7647546705736926,0.7647546705736926,0.7592,0.7592,0.7662861342150746,0.7571938181823332,0.7881441916107808,0,0,19417,19570,0,0,0,0,NaN,NaN,60.76743164105519,NaN,NaN,NaN,0.7919188419172899,0.783400495,NaN,NaN,NaN,NaN,NaN,NaN,NaN,NaN,NaN,NaN,1,0,0,0,0,NaN,NaN,60.76743164105519,NaN,NaN,NaN,0.7919188419172899,0.783400495,NaN,NaN,NaN,NaN,NaN,NaN,NaN,NaN,NaN,NaN,1
2024-07-24T13:03:00-04:00,0.7619773352868463,0.7697,0.7619773352868463,0.7697,0.766906837085061,0.7573847522558854,0.7876889480809577,0,0,19417,19571,0,0,0,0,NaN,NaN,60.08188593517221,NaN,NaN,NaN,0.7919188419172899,0.783400495,NaN,NaN,NaN,NaN,NaN,NaN,NaN,NaN,NaN,NaN,1,0,0,0,0,NaN,NaN,60.08188593517221,NaN,NaN,NaN,0.7919188419172899,0.783400495,NaN,NaN,NaN,NaN,NaN,NaN,NaN,NaN,NaN,NaN,1
2024-07-24T14:36:00-04:00,0.7658386676434232,0.769,0.7658386676434232,0.769,0.7672874121605044,0.7575620842825131,0.7876544156565657,0,0,19417,19572,0,0,0,0,NaN,NaN,57.93927248346281,NaN,NaN,NaN,0.7919188419172899,0.783400495,NaN,NaN,NaN,NaN,NaN,NaN,NaN,NaN,NaN,NaN,1,0,0,0,0,NaN,NaN,57.93927248346281,NaN,NaN,NaN,0.7919188419172899,0.783400495,NaN,NaN,NaN,NaN,NaN,NaN,NaN,NaN,NaN,NaN,1
2024-07-24T14:54:00-04:00,0.7674193338217117,0.7674193338217117,0.754,0.754,0.7648715190404127,0.7575077013163679,0.7869323223601736,0,1,19417,19573,0,0,0,0,NaN,NaN,54.31373732684995,NaN,NaN,NaN,0.7919188419172899,0.783400495,NaN,NaN,NaN,NaN,NaN,NaN,NaN,NaN,NaN,NaN,1,0,0,0,0,NaN,NaN,54.31373732684995,NaN,NaN,NaN,0.7919188419172899,0.783400495,NaN,NaN,NaN,NaN,NaN,NaN,NaN,NaN,NaN,NaN,1
2024-07-24T15:07:00-04:00,0.7607096669108558,0.7607096669108558,0.75,0.7500499999999999,0.7621766973967014,0.7573938432810036,0.7864310739569337,0,0,19417,19574,0,0,0,0,NaN,NaN,50.17255431946461,NaN,NaN,NaN,0.7919188419172899,0.783400495,NaN,NaN,NaN,NaN,NaN,NaN,NaN,NaN,NaN,NaN,1,0,0,0,0,NaN,NaN,50.17255431946461,NaN,NaN,NaN,0.7919188419172899,0.783400495,NaN,NaN,NaN,NaN,NaN,NaN,NaN,NaN,NaN,NaN,1
2024-07-24T15:09:00-04:00,0.7553798334554278,0.7553798334554278,0.75,0.7524255,0.760403752415483,0.7573179907118279,0.7850996778418827,0,0,19417,19575,0,0,0,0,NaN,NaN,46.740594669618424,NaN,NaN,NaN,0.7919188419172899,0.783400495,NaN,NaN,NaN,NaN,NaN,NaN,NaN,NaN,NaN,NaN,1,0,0,0,0,NaN,NaN,46.740594669618424,NaN,NaN,NaN,0.7919188419172899,0.783400495,NaN,NaN,NaN,NaN,NaN,NaN,NaN,NaN,NaN,NaN,1
2024-07-24T15:15:00-04:00,0.7539026667277139,0.7539026667277139,0.731,0.7415499999999999,0.7569757974308496,0.7570772580292046,0.7830324283017018,0,0,19417,19576,0,0,0,0,NaN,NaN,42.84651754135099,NaN,NaN,NaN,0.7919188419172899,0.7769179652999999,NaN,NaN,NaN,NaN,NaN,NaN,NaN,NaN,NaN,NaN,1,0,0,0,0,NaN,NaN,42.84651754135099,NaN,NaN,NaN,0.7919188419172899,0.7769179652999999,NaN,NaN,NaN,NaN,NaN,NaN,NaN,NaN,NaN,NaN,1
2024-07-24T15:16:00-04:00,0.7477263333638569,0.7477263333638569,0.732499,0.7324995000000001,0.7525255615343316,0.7567020250821938,0.7824346755796197,0,0,19417,19577,0,0,0,0,NaN,NaN,38.05052332096665,NaN,NaN,NaN,0.7591586435478548,0.768802325923,NaN,NaN,NaN,NaN,NaN,NaN,NaN,NaN,NaN,NaN,1,0,0,0,0,NaN,NaN,38.05052332096665,NaN,NaN,NaN,0.7591586435478548,0.768802325923,NaN,NaN,NaN,NaN,NaN,NaN,NaN,NaN,NaN,NaN,1
2024-07-24T15:24:00-04:00,0.7401129166819285,0.7401129166819285,0.728,0.7289999999999999,0.7482481867099077,0.7562790934015495,0.7822628451689319,0,0,19417,19578,0,0,0,0,NaN,NaN,33.54040692390526,NaN,NaN,NaN,0.7513367435687294,0.7624862668122399,NaN,NaN,NaN,NaN,NaN,NaN,NaN,NaN,NaN,NaN,1,0,0,0,0,NaN,NaN,33.54040692390526,NaN,NaN,NaN,0.7513367435687294,0.7624862668122399,NaN,NaN,NaN,NaN,NaN,NaN,NaN,NaN,NaN,NaN,1
2024-07-24T15:25:00-04:00,0.7345564583409642,0.7345564583409642,0.7235,0.7235,0.7437485163990154,0.7557786492274801,0.7821999245277967,0,0,19417,19579,0,0,0,0,NaN,NaN,28.594011041528606,NaN,NaN,NaN,0.7458218038613693,0.754300826790404,NaN,NaN,NaN,NaN,NaN,NaN,NaN,NaN,NaN,NaN,1,0,0,0,0,NaN,NaN,28.594011041528606,NaN,NaN,NaN,0.7458218038613693,0.754300826790404,NaN,NaN,NaN,NaN,NaN,NaN,NaN,NaN,NaN,NaN,1
2024-07-24T15:26:00-04:00,0.7290282291704822,0.7290282291704822,0.72,0.7217,0.739739695235558,0.7552583645064498,0.781369337974697,0,0,19417,19580,0,0,0,0,NaN,NaN,23.59782394501168,NaN,NaN,NaN,0.7439891918473044,0.7476946779681313,NaN,NaN,NaN,NaN,NaN,NaN,NaN,NaN,NaN,NaN,1,0,0,0,0,NaN,NaN,23.59782394501168,NaN,NaN,NaN,0.7439891918473044,0.7476946779681313,NaN,NaN,NaN,NaN,NaN,NaN,NaN,NaN,NaN,NaN,1
2024-07-24T15:27:00-04:00,0.7253641145852411,0.7253641145852411,0.709799,0.7165995,0.7355323870109112,0.7546681528345955,0.7793161383497629,0,0,19417,19581,0,0,0,0,NaN,NaN,18.653489314424608,NaN,NaN,NaN,0.7389134406406885,0.7391499930948237,NaN,NaN,NaN,NaN,NaN,NaN,NaN,NaN,NaN,NaN,1,0,0,0,0,NaN,NaN,18.653489314424608,NaN,NaN,NaN,0.7389134406406885,0.7391499930948237,NaN,NaN,NaN,NaN,NaN,NaN,NaN,NaN,NaN,NaN,1
2024-07-24T15:30:00-04:00,0.7209818072926205,0.7209818072926205,0.7143,0.7143,0.7316719530089273,0.7540518451577315,0.7750165808942197,0,0,19417,19582,0,0,0,0,NaN,NaN,14.151705434473966,NaN,NaN,NaN,0.7365608367512955,0.732312184752066,NaN,NaN,NaN,NaN,NaN,NaN,NaN,NaN,NaN,NaN,1,0,0,0,0,NaN,NaN,14.151705434473966,NaN,NaN,NaN,0.7365608367512955,0.732312184752066,NaN,NaN,NaN,NaN,NaN,NaN,NaN,NaN,NaN,NaN,1
2024-07-24T15:31:00-04:00,0.7176409036463103,0.7176409036463103,0.711,0.71265,0.7282134160982132,0.7534197559186822,0.774426641897708,0,0,19417,19583,0,0,0,0,NaN,NaN,10.599689307342416,NaN,NaN,NaN,0.7348576404744446,0.7264011448690082,NaN,NaN,NaN,NaN,NaN,NaN,NaN,NaN,NaN,NaN,1,0,0,0,0,NaN,NaN,10.599689307342416,NaN,NaN,NaN,0.7348576404744446,0.7264011448690082,NaN,NaN,NaN,NaN,NaN,NaN,NaN,NaN,NaN,NaN,1
2024-07-24T15:53:00-04:00,0.7151454518231551,0.72329,0.7151,0.7180974999999999,0.7263741586258108,0.7528804848359542,0.7732272285982761,0,0,19417,19584,0,0,0,0,NaN,NaN,7.528748875024341,NaN,NaN,NaN,0.7348576404744446,0.7264011448690082,NaN,NaN,NaN,NaN,NaN,NaN,NaN,NaN,NaN,NaN,1,0,0,0,0,NaN,NaN,7.528748875024341,NaN,NaN,NaN,0.7348576404744446,0.7264011448690082,NaN,NaN,NaN,NaN,NaN,NaN,NaN,NaN,NaN,NaN,1
2024-07-24T15:54:00-04:00,0.7166214759115775,0.720951,0.7166214759115775,0.7209504999999999,0.7253880388756634,0.7523930041514357,0.7730824404433283,0,0,19417,19585,0,0,0,0,NaN,NaN,5.094137526240468,NaN,NaN,NaN,0.7348576404744446,0.7264011448690082,NaN,NaN,NaN,NaN,NaN,NaN,NaN,NaN,NaN,NaN,1,0,0,0,0,NaN,NaN,5.094137526240468,NaN,NaN,NaN,0.7348576404744446,0.7264011448690082,NaN,NaN,NaN,NaN,NaN,NaN,NaN,NaN,NaN,NaN,1
2024-07-24T16:36:00-04:00,0.7187859879557887,0.7187859879557887,0.7126,0.7126,0.7230629408982701,0.7517854773704978,0.7730104946378841,0,1,19417,19586,0,0,0,0,NaN,NaN,2.8381718758341137,NaN,NaN,NaN,0.7348576404744446,0.7222433014083058,NaN,NaN,NaN,NaN,NaN,NaN,NaN,NaN,NaN,NaN,1,0,0,0,0,NaN,NaN,2.8381718758341137,NaN,NaN,NaN,0.7348576404744446,0.7222433014083058,NaN,NaN,NaN,NaN,NaN,NaN,NaN,NaN,NaN,NaN,1
2024-07-25T05:36:00-04:00,0.7156929939778944,0.7156929939778944,0.7,0.7,0.7188696789167665,0.7509948593953757,0.7,0,0,19417,19587,0,0,0,0,NaN,NaN,0.7431423813034056,NaN,NaN,NaN,0.7348576404744446,0.7106820119435648,NaN,NaN,NaN,NaN,NaN,NaN,NaN,NaN,NaN,NaN,1,0,0,0,0,NaN,NaN,0.7431423813034056,NaN,NaN,NaN,0.7348576404744446,0.7106820119435648,NaN,NaN,NaN,NaN,NaN,NaN,NaN,NaN,NaN,NaN,1
2024-07-25T08:26:00-04:00,0.7078464969889472,0.77,0.7078464969889472,0.77,0.7281661009318998,0.7512850142137669,0.7405882352941177,0,0,19417,19588,0,0,0,0,NaN,NaN,0.4479239565782913,NaN,NaN,NaN,0.7348576404744446,0.7476,NaN,NaN,NaN,NaN,NaN,NaN,NaN,NaN,NaN,NaN,1,0,0,0,0,NaN,NaN,0.4479239565782913,NaN,NaN,NaN,0.7348576404744446,0.7476,NaN,NaN,NaN,NaN,NaN,NaN,NaN,NaN,NaN,NaN,1
2024-07-25T08:34:00-04:00,0.7389232484944737,0.77,0.7389232484944737,0.77,0.7357722643988271,0.7515707391876025,0.7497687861271675,0,0,19417,19589,0,0,0,0,NaN,NaN,0.09373058362726418,NaN,NaN,NaN,0.7348576404744446,0.7476,NaN,NaN,NaN,NaN,NaN,NaN,NaN,NaN,NaN,NaN,1,0,0,0,0,NaN,NaN,0.09373058362726418,NaN,NaN,NaN,0.7348576404744446,0.7476,NaN,NaN,NaN,NaN,NaN,NaN,NaN,NaN,NaN,NaN,1
2024-07-25T08:38:00-04:00,0.7544616242472368,0.795,0.7544616242472368,0.795,0.7465409435990404,0.7522337813374101,0.7887723836052527,0,0,19417,19590,0,0,0,0,NaN,NaN,0.13091925762591308,NaN,NaN,NaN,0.7348576404744446,0.761147,NaN,NaN,NaN,NaN,NaN,NaN,NaN,NaN,NaN,NaN,1,0,0,0,0,NaN,NaN,0.13091925762591308,NaN,NaN,NaN,0.7348576404744446,0.761147,NaN,NaN,NaN,NaN,NaN,NaN,NaN,NaN,NaN,NaN,1
2024-07-25T08:39:00-04:00,0.7747308121236185,0.795,0.7747308121236185,0.7925,0.7548971356719422,0.7528485327673734,0.7902854609929079,0,0,19417,19591,0,0,0,0,NaN,NaN,0.12225244264409796,NaN,NaN,NaN,0.7562417109009365,0.761147,NaN,NaN,NaN,NaN,NaN,NaN,NaN,NaN,NaN,NaN,1,0,0,0,0,NaN,NaN,0.12225244264409796,NaN,NaN,NaN,0.7562417109009365,0.761147,NaN,NaN,NaN,NaN,NaN,NaN,NaN,NaN,NaN,NaN,1
2024-07-25T08:40:00-04:00,0.7836154060618092,0.795,0.7836154060618092,0.795,0.7621885655497709,0.7534920666182532,0.7913000927643785,0,0,19417,19592,0,0,0,0,NaN,NaN,0.12348170279031585,NaN,NaN,NaN,0.7719456521034866,0.761147,NaN,NaN,NaN,NaN,NaN,NaN,NaN,NaN,NaN,NaN,1,0,0,0,0,NaN,NaN,0.12348170279031585,NaN,NaN,NaN,0.7719456521034866,0.761147,NaN,NaN,NaN,NaN,NaN,NaN,NaN,NaN,NaN,NaN,1
2024-07-25T08:41:00-04:00,0.7893077030309046,0.795,0.7893077030309046,0.795,0.768154280904358,0.7541257755248447,0.7922006597417182,0,0,19417,19593,0,0,0,0,NaN,NaN,0.05163412445520875,NaN,NaN,NaN,0.7720111162444893,0.761147,NaN,NaN,NaN,NaN,NaN,NaN,NaN,NaN,NaN,NaN,1,0,0,0,0,NaN,NaN,0.05163412445520875,NaN,NaN,NaN,0.7720111162444893,0.761147,NaN,NaN,NaN,NaN,NaN,NaN,NaN,NaN,NaN,NaN,1
2024-07-25T08:42:00-04:00,0.7921538515154523,0.8,0.7921538515154523,0.7975000000000001,0.7734898661944748,0.7547879774252287,0.7928655168180702,0,0,19417,19594,0,0,0,0,NaN,NaN,0.013748561015721434,NaN,NaN,NaN,0.7745574068640273,0.7645031800000001,NaN,NaN,NaN,NaN,NaN,NaN,NaN,NaN,NaN,NaN,1,0,0,0,0,NaN,NaN,0.013748561015721434,NaN,NaN,NaN,0.7745574068640273,0.7645031800000001,NaN,NaN,NaN,NaN,NaN,NaN,NaN,NaN,NaN,NaN,1
2024-07-25T08:43:00-04:00,0.7948269257577262,0.8,0.7948269257577262,0.8,0.7783098905227521,0.7554782373118665,0.7929520373514432,0,0,19417,19595,0,0,0,0,NaN,NaN,0.025273759101564767,NaN,NaN,NaN,0.7771268554300872,0.7688353938000001,NaN,NaN,NaN,NaN,NaN,NaN,NaN,NaN,NaN,NaN,1,0,0,0,0,NaN,NaN,0.025273759101564767,NaN,NaN,NaN,0.7771268554300872,0.7688353938000001,NaN,NaN,NaN,NaN,NaN,NaN,NaN,NaN,NaN,NaN,1
2024-07-25T08:48:00-04:00,0.7974134628788632,0.7974134628788632,0.7701,0.77515,0.7777353649731609,0.7557785695666471,0.7919843577981652,0,0,19417,19596,0,0,0,0,NaN,NaN,0.006130345201030316,NaN,NaN,NaN,0.7771268554300872,0.7688353938000001,NaN,NaN,NaN,NaN,NaN,NaN,NaN,NaN,NaN,NaN,1,0,0,0,0,NaN,NaN,0.006130345201030316,NaN,NaN,NaN,0.7771268554300872,0.7688353938000001,NaN,NaN,NaN,NaN,NaN,NaN,NaN,NaN,NaN,NaN,1
2024-07-25T08:50:00-04:00,0.7862817314394316,0.7862817314394316,0.77,0.77,0.7763289349780407,0.7559956906419655,0.7897225925925926,0,0,19417,19597,0,0,0,0,NaN,NaN,0.14108761145835566,NaN,NaN,NaN,0.7771268554300872,0.7688353938000001,NaN,NaN,NaN,NaN,NaN,NaN,NaN,NaN,NaN,NaN,1,0,0,0,0,NaN,NaN,0.14108761145835566,NaN,NaN,NaN,0.7771268554300872,0.7688353938000001,NaN,NaN,NaN,NaN,NaN,NaN,NaN,NaN,NaN,NaN,1
2024-07-25T08:57:00-04:00,0.7781408657197157,0.7899,0.7781408657197157,0.78495,0.7778964013456696,0.7564377411665156,0.7896263709677419,0,0,19417,19598,0,0,0,0,NaN,NaN,0.32509335248165583,NaN,NaN,NaN,0.7771268554300872,0.7688353938000001,NaN,NaN,NaN,NaN,NaN,NaN,NaN,NaN,NaN,NaN,1,0,0,0,0,NaN,NaN,0.32509335248165583,NaN,NaN,NaN,0.7771268554300872,0.7688353938000001,NaN,NaN,NaN,NaN,NaN,NaN,NaN,NaN,NaN,NaN,1
2024-07-25T09:28:00-04:00,0.7815454328598579,0.7815454328598579,0.7501,0.7501,0.7728425101919115,0.7563409817593932,0.7889642680146695,0,1,19417,19599,0,0,0,0,NaN,NaN,0.981596289808966,NaN,NaN,NaN,0.7771268554300872,0.7688353938000001,NaN,NaN,NaN,NaN,NaN,NaN,NaN,NaN,NaN,NaN,1,0,0,0,0,NaN,NaN,0.981596289808966,NaN,NaN,NaN,0.7771268554300872,0.7688353938000001,NaN,NaN,NaN,NaN,NaN,NaN,NaN,NaN,NaN,NaN,1
2024-07-25T09:30:00-04:00,0.7658227164299289,0.7658227164299289,0.71,0.71,0.7614165992479276,0.7556334858546697,0.7728636076698493,0,0,19417,19600,0,0,0,0,NaN,NaN,3.049226988992403,NaN,NaN,NaN,0.7771268554300872,0.7496,NaN,NaN,NaN,NaN,NaN,NaN,NaN,NaN,NaN,NaN,1,0,0,0,0,NaN,NaN,3.049226988992403,NaN,NaN,NaN,0.7771268554300872,0.7496,NaN,NaN,NaN,NaN,NaN,NaN,NaN,NaN,NaN,NaN,1
2024-07-25T09:33:00-04:00,0.7379113582149645,0.7379113582149645,0.7099,0.70995,0.7520590357483043,0.7549360280553618,0.7692776397053352,0,0,19417,19601,0,0,0,0,NaN,NaN,6.092787700811923,NaN,NaN,NaN,0.7616991063715522,0.74838625,NaN,NaN,NaN,NaN,NaN,NaN,NaN,NaN,NaN,NaN,1,0,0,0,0,NaN,NaN,6.092787700811923,NaN,NaN,NaN,0.7616991063715522,0.74838625,NaN,NaN,NaN,NaN,NaN,NaN,NaN,NaN,NaN,NaN,1
2024-07-25T09:34:00-04:00,0.7239306791074822,0.7239306791074822,0.72,0.72,0.7462301201577035,0.754402653581234,0.7625141041278809,0,0,19417,19602,0,0,0,0,NaN,NaN,9.584326476836402,NaN,NaN,NaN,0.7437981421308976,0.74838625,NaN,NaN,NaN,NaN,NaN,NaN,NaN,NaN,NaN,NaN,1,0,0,0,0,NaN,NaN,9.584326476836402,NaN,NaN,NaN,0.7437981421308976,0.74838625,NaN,NaN,NaN,NaN,NaN,NaN,NaN,NaN,NaN,NaN,1
2024-07-25T09:40:00-04:00,0.7219653395537411,0.7898,0.7219653395537411,0.77615,0.7516700983108483,0.7547346741372457,0.7678190323972388,0,0,19417,19603,0,0,0,0,NaN,NaN,10.896566789126823,NaN,NaN,NaN,0.7518600985797569,0.74838625,NaN,NaN,NaN,NaN,NaN,NaN,NaN,NaN,NaN,NaN,1,0,0,0,0,NaN,NaN,10.896566789126823,NaN,NaN,NaN,0.7518600985797569,0.74838625,NaN,NaN,NaN,NaN,NaN,NaN,NaN,NaN,NaN,NaN,1
2024-07-25T09:41:00-04:00,0.7490576697768705,0.7490576697768705,0.7201,0.7209274999999999,0.7460805349816031,0.7542185340740817,0.7663924570276848,0,1,19417,19604,0,0,0,0,NaN,NaN,14.487714621470499,NaN,NaN,NaN,0.7455863894131419,0.74838625,NaN,NaN,NaN,NaN,NaN,NaN,NaN,NaN,NaN,NaN,1,0,0,0,0,NaN,NaN,14.487714621470499,NaN,NaN,NaN,0.7455863894131419,0.74838625,NaN,NaN,NaN,NaN,NaN,NaN,NaN,NaN,NaN,NaN,1
2024-07-25T10:35:00-04:00,0.7349925848884352,0.7349925848884352,0.7202,0.7202,0.7413749831667662,0.753699167141653,0.7616622081512834,0,0,19417,19605,0,0,0,0,NaN,NaN,18.717827733449948,NaN,NaN,NaN,0.7448650300838497,0.74838625,NaN,NaN,NaN,NaN,NaN,NaN,NaN,NaN,NaN,NaN,1,0,0,0,0,NaN,NaN,18.717827733449948,NaN,NaN,NaN,0.7448650300838497,0.74838625,NaN,NaN,NaN,NaN,NaN,NaN,NaN,NaN,NaN,NaN,1
2024-07-25T10:40:00-04:00,0.7275962924442176,0.75,0.7275962924442176,0.74255,0.7415886225909906,0.753528950849414,0.7613775076498872,0,0,19417,19606,0,0,0,0,NaN,NaN,21.561495563525252,NaN,NaN,NaN,0.7448650300838497,0.74838625,NaN,NaN,NaN,NaN,NaN,NaN,NaN,NaN,NaN,NaN,1,0,0,0,0,NaN,NaN,21.561495563525252,NaN,NaN,NaN,0.7448650300838497,0.74838625,NaN,NaN,NaN,NaN,NaN,NaN,NaN,NaN,NaN,NaN,1
2024-07-25T10:49:00-04:00,0.7350731462221088,0.77,0.7350731462221088,0.76325,0.7455270548471741,0.753677363813545,0.7616116931450425,0,0,19417,19607,0,0,0,0,NaN,NaN,22.743071200409855,NaN,NaN,NaN,0.7448650300838497,0.74838625,NaN,NaN,NaN,NaN,NaN,NaN,NaN,NaN,NaN,NaN,1,0,0,0,0,NaN,NaN,22.743071200409855,NaN,NaN,NaN,0.7448650300838497,0.74838625,NaN,NaN,NaN,NaN,NaN,NaN,NaN,NaN,NaN,NaN,1
2024-07-25T11:59:00-04:00,0.7491615731110544,0.75,0.7491615731110544,0.75,0.7463403176022333,0.7536212208545596,0.7615434310198589,0,0,19417,19608,0,0,0,0,NaN,NaN,24.938532919290072,NaN,NaN,NaN,0.7448650300838497,0.74838625,NaN,NaN,NaN,NaN,NaN,NaN,NaN,NaN,NaN,NaN,1,0,0,0,0,NaN,NaN,24.938532919290072,NaN,NaN,NaN,0.7448650300838497,0.74838625,NaN,NaN,NaN,NaN,NaN,NaN,NaN,NaN,NaN,NaN,1
2024-07-25T12:08:00-04:00,0.7495807865555272,0.7495807865555272,0.74,0.74,0.7451875325836455,0.7534132632842611,0.7613560479545387,0,1,19417,19609,0,0,0,0,NaN,NaN,27.070716834231412,NaN,NaN,NaN,0.7448650300838497,0.74838625,NaN,NaN,NaN,NaN,NaN,NaN,NaN,NaN,NaN,NaN,1,0,0,0,0,NaN,NaN,27.070716834231412,NaN,NaN,NaN,0.7448650300838497,0.74838625,NaN,NaN,NaN,NaN,NaN,NaN,NaN,NaN,NaN,NaN,1
2024-07-25T12:12:00-04:00,0.7447903932777635,0.7447903932777635,0.73,0.73,0.7424261630229826,0.7530558088829746,0.7612193709947461,0,0,19417,19610,0,0,0,0,NaN,NaN,29.29812553480286,NaN,NaN,NaN,0.7448650300838497,0.74838625,NaN,NaN,NaN,NaN,NaN,NaN,NaN,NaN,NaN,NaN,1,0,0,0,0,NaN,NaN,29.29812553480286,NaN,NaN,NaN,0.7448650300838497,0.74838625,NaN,NaN,NaN,NaN,NaN,NaN,NaN,NaN,NaN,NaN,1
2024-07-25T12:24:00-04:00,0.7373951966388818,0.74,0.7373951966388818,0.74,0.7419850424733494,0.752856483556517,0.7610975675908386,0,0,19417,19611,0,0,0,0,NaN,NaN,30.48999442616231,NaN,NaN,NaN,0.7448650300838497,0.74838625,NaN,NaN,NaN,NaN,NaN,NaN,NaN,NaN,NaN,NaN,1,0,0,0,0,NaN,NaN,30.48999442616231,NaN,NaN,NaN,0.7448650300838497,0.74838625,NaN,NaN,NaN,NaN,NaN,NaN,NaN,NaN,NaN,NaN,1
2024-07-25T12:51:00-04:00,0.7386975983194408,0.7386975983194408,0.7349,0.7349,0.7406968529327405,0.7525823387693946,0.7609480466297585,0,1,19417,19612,0,0,0,0,NaN,NaN,31.561358481934082,NaN,NaN,NaN,0.7448650300838497,0.74838625,NaN,NaN,NaN,NaN,NaN,NaN,NaN,NaN,NaN,NaN,1,0,0,0,0,NaN,NaN,31.561358481934082,NaN,NaN,NaN,0.7448650300838497,0.74838625,NaN,NaN,NaN,NaN,NaN,NaN,NaN,NaN,NaN,NaN,1
2024-07-25T14:47:00-04:00,0.7367987991597205,0.7392,0.7337,0.737825,0.7401746978540603,0.7523570358874191,0.7587542987214256,0,0,19417,19613,0,0,0,0,NaN,NaN,30.756924896468778,NaN,NaN,NaN,0.7448650300838497,0.74838625,NaN,NaN,NaN,NaN,NaN,NaN,NaN,NaN,NaN,NaN,1,0,0,0,0,NaN,NaN,30.756924896468778,NaN,NaN,NaN,0.7448650300838497,0.74838625,NaN,NaN,NaN,NaN,NaN,NaN,NaN,NaN,NaN,NaN,1
2024-07-25T14:52:00-04:00,0.7373118995798602,0.7373118995798602,0.7301,0.7301,0.7383429346078675,0.752017233812802,0.75846127252972,0,1,19417,19614,0,0,0,0,NaN,NaN,30.331618523995985,NaN,NaN,NaN,0.7448650300838497,0.74838625,NaN,NaN,NaN,NaN,NaN,NaN,NaN,NaN,NaN,NaN,1,0,0,0,0,NaN,NaN,30.331618523995985,NaN,NaN,NaN,0.7448650300838497,0.74838625,NaN,NaN,NaN,NaN,NaN,NaN,NaN,NaN,NaN,NaN,1
2024-07-25T14:53:00-04:00,0.7337059497899301,0.7346,0.73,0.73115,0.737035128315528,0.7516986500904692,0.7561010784771691,0,0,19417,19615,0,0,0,0,NaN,NaN,29.73317299402105,NaN,NaN,NaN,0.7448650300838497,0.74838625,NaN,NaN,NaN,NaN,NaN,NaN,NaN,NaN,NaN,NaN,1,0,0,0,0,NaN,NaN,29.73317299402105,NaN,NaN,NaN,0.7448650300838497,0.74838625,NaN,NaN,NaN,NaN,NaN,NaN,NaN,NaN,NaN,NaN,1
2024-07-25T14:57:00-04:00,0.732427974894965,0.732427974894965,0.7323,0.7323,0.7361741958945229,0.7514024874936681,0.7559904143903289,0,0,19417,19616,0,0,0,0,NaN,NaN,28.960612578417123,NaN,NaN,NaN,0.7448650300838497,0.74838625,NaN,NaN,NaN,NaN,NaN,NaN,NaN,NaN,NaN,NaN,1,0,0,0,0,NaN,NaN,28.960612578417123,NaN,NaN,NaN,0.7448650300838497,0.74838625,NaN,NaN,NaN,NaN,NaN,NaN,NaN,NaN,NaN,NaN,1
2024-07-25T14:59:00-04:00,0.7323639874474825,0.7323639874474825,0.732249,0.732249,0.7354605239137005,0.7511100678372762,0.7554510206747699,0,0,19417,19617,0,0,0,0,NaN,NaN,26.812743470991197,NaN,NaN,NaN,0.7448650300838497,0.74838625,NaN,NaN,NaN,NaN,NaN,NaN,NaN,NaN,NaN,NaN,1,0,0,0,0,NaN,NaN,26.812743470991197,NaN,NaN,NaN,0.7448650300838497,0.74838625,NaN,NaN,NaN,NaN,NaN,NaN,NaN,NaN,NaN,NaN,1
2024-07-25T15:05:00-04:00,0.7323064937237413,0.7323064937237413,0.73,0.73,0.7344677013839368,0.7507877767252567,0.755221809636384,0,0,19417,19618,0,0,0,0,NaN,NaN,25.910520413005177,NaN,NaN,NaN,0.7448650300838497,0.74838625,NaN,NaN,NaN,NaN,NaN,NaN,NaN,NaN,NaN,NaN,1,0,0,0,0,NaN,NaN,25.910520413005177,NaN,NaN,NaN,0.7448650300838497,0.74838625,NaN,NaN,NaN,NaN,NaN,NaN,NaN,NaN,NaN,NaN,1
2024-07-25T15:07:00-04:00,0.7311532468618707,0.7311532468618707,0.73,0.73,0.7336553920414028,0.7504704060882298,0.7548856309008107,0,0,19417,19619,0,0,0,0,NaN,NaN,24.90519176157154,NaN,NaN,NaN,0.7448650300838497,0.74838625,NaN,NaN,NaN,NaN,NaN,NaN,NaN,NaN,NaN,NaN,1,0,0,0,0,NaN,NaN,24.90519176157154,NaN,NaN,NaN,0.7448650300838497,0.74838625,NaN,NaN,NaN,NaN,NaN,NaN,NaN,NaN,NaN,NaN,1
2024-07-25T15:09:00-04:00,0.7305766234309353,0.7346,0.7305766234309353,0.73345,0.7336180480338751,0.7502105525601652,0.7545458663095758,0,0,19417,19620,0,0,0,0,NaN,NaN,24.682120829394734,NaN,NaN,NaN,0.7448650300838497,0.74838625,NaN,NaN,NaN,NaN,NaN,NaN,NaN,NaN,NaN,NaN,1,0,0,0,0,NaN,NaN,24.682120829394734,NaN,NaN,NaN,0.7448650300838497,0.74838625,NaN,NaN,NaN,NaN,NaN,NaN,NaN,NaN,NaN,NaN,1
2024-07-25T15:11:00-04:00,0.7320133117154677,0.7324,0.7320133117154677,0.7324,0.7333965847549887,0.7499386357271856,0.7544254821700368,0,0,19417,19621,0,0,0,0,NaN,NaN,23.856294854973235,NaN,NaN,NaN,0.7448650300838497,0.74838625,NaN,NaN,NaN,NaN,NaN,NaN,NaN,NaN,NaN,NaN,1,0,0,0,0,NaN,NaN,23.856294854973235,NaN,NaN,NaN,0.7448650300838497,0.74838625,NaN,NaN,NaN,NaN,NaN,NaN,NaN,NaN,NaN,NaN,1
2024-07-25T15:15:00-04:00,0.7322066558577338,0.732399,0.7322066558577338,0.732399,0.7332152057086271,0.7496708550290606,0.7543776920156215,0,0,19417,19622,0,0,0,0,NaN,NaN,24.783499627739346,NaN,NaN,NaN,0.7448650300838497,0.74838625,NaN,NaN,NaN,NaN,NaN,NaN,NaN,NaN,NaN,NaN,1,0,0,0,0,NaN,NaN,24.783499627739346,NaN,NaN,NaN,0.7448650300838497,0.74838625,NaN,NaN,NaN,NaN,NaN,NaN,NaN,NaN,NaN,NaN,1
2024-07-25T15:17:00-04:00,0.7323028279288669,0.7323028279288669,0.7302,0.7302,0.7326669864888767,0.7493735900667848,0.7542732301793043,0,1,19417,19623,0,0,0,0,NaN,NaN,23.46057483383358,NaN,NaN,NaN,0.7448650300838497,0.74838625,NaN,NaN,NaN,NaN,NaN,NaN,NaN,NaN,NaN,NaN,1,0,0,0,0,NaN,NaN,23.46057483383358,NaN,NaN,NaN,0.7448650300838497,0.74838625,NaN,NaN,NaN,NaN,NaN,NaN,NaN,NaN,NaN,NaN,1
2024-07-25T15:20:00-04:00,0.7312514139644335,0.7345,0.7312514139644335,0.7345,0.7330002616727174,0.7491465123558415,0.7541336863725091,0,0,19417,19624,0,0,0,0,NaN,NaN,21.377289336920093,NaN,NaN,NaN,0.7448650300838497,0.74838625,NaN,NaN,NaN,NaN,NaN,NaN,NaN,NaN,NaN,NaN,1,0,0,0,0,NaN,NaN,21.377289336920093,NaN,NaN,NaN,0.7448650300838497,0.74838625,NaN,NaN,NaN,NaN,NaN,NaN,NaN,NaN,NaN,NaN,1
2024-07-25T15:21:00-04:00,0.7328757069822167,0.7346,0.7328757069822167,0.7346,0.7332911231867688,0.7489244281977371,0.754091875361202,0,0,19417,19625,0,0,0,0,NaN,NaN,19.46685337303971,NaN,NaN,NaN,0.7448650300838497,0.74838625,NaN,NaN,NaN,NaN,NaN,NaN,NaN,NaN,NaN,NaN,1,0,0,0,0,NaN,NaN,19.46685337303971,NaN,NaN,NaN,0.7448650300838497,0.74838625,NaN,NaN,NaN,NaN,NaN,NaN,NaN,NaN,NaN,NaN,1
2024-07-25T15:22:00-04:00,0.7337378534911083,0.736,0.7333,0.73465,0.7335381916982654,0.7487064979962449,0.7540090011509196,0,0,19417,19626,0,0,0,0,NaN,NaN,18.43522150361596,NaN,NaN,NaN,0.7448650300838497,0.74838625,NaN,NaN,NaN,NaN,NaN,NaN,NaN,NaN,NaN,NaN,1,0,0,0,0,NaN,NaN,18.43522150361596,NaN,NaN,NaN,0.7448650300838497,0.74838625,NaN,NaN,NaN,NaN,NaN,NaN,NaN,NaN,NaN,NaN,1
2024-07-25T15:35:00-04:00,0.7341939267455542,0.7341939267455542,0.7329,0.7329,0.7334221568440353,0.7484651774161496,0.7539641065314022,0,1,19417,19627,0,0,0,0,NaN,NaN,17.59061068242574,NaN,NaN,NaN,0.7448650300838497,0.74838625,NaN,NaN,NaN,NaN,NaN,NaN,NaN,NaN,NaN,NaN,1,0,0,0,0,NaN,NaN,17.59061068242574,NaN,NaN,NaN,0.7448650300838497,0.74838625,NaN,NaN,NaN,NaN,NaN,NaN,NaN,NaN,NaN,NaN,1
2024-07-25T15:38:00-04:00,0.7335469633727771,0.7339,0.7335469633727771,0.7339,0.7335090374178471,0.7482428082952923,0.7539215247564677,0,0,19417,19628,0,0,0,0,NaN,NaN,16.902101355971396,NaN,NaN,NaN,0.7448650300838497,0.74838625,NaN,NaN,NaN,NaN,NaN,NaN,NaN,NaN,NaN,NaN,1,0,0,0,0,NaN,NaN,16.902101355971396,NaN,NaN,NaN,0.7448650300838497,0.74838625,NaN,NaN,NaN,NaN,NaN,NaN,NaN,NaN,NaN,NaN,1
2024-07-25T15:40:00-04:00,0.7337234816863886,0.7399,0.732,0.73595,0.7339528487964204,0.7480551318327687,0.7524507165961923,0,0,19417,19629,0,0,0,0,NaN,NaN,15.741486774422974,NaN,NaN,NaN,0.7448650300838497,0.74838625,NaN,NaN,NaN,NaN,NaN,NaN,NaN,NaN,NaN,NaN,1,0,0,0,0,NaN,NaN,15.741486774422974,NaN,NaN,NaN,0.7448650300838497,0.74838625,NaN,NaN,NaN,NaN,NaN,NaN,NaN,NaN,NaN,NaN,1
2024-07-25T15:41:00-04:00,0.7348367408431943,0.7348367408431943,0.732,0.732,0.7335977853788894,0.7478100153162379,0.7524109439117834,0,1,19417,19630,0,0,0,0,NaN,NaN,14.779559598916773,NaN,NaN,NaN,0.7448650300838497,0.74838625,NaN,NaN,NaN,NaN,NaN,NaN,NaN,NaN,NaN,NaN,1,0,0,0,0,NaN,NaN,14.779559598916773,NaN,NaN,NaN,0.7448650300838497,0.74838625,NaN,NaN,NaN,NaN,NaN,NaN,NaN,NaN,NaN,NaN,1
2024-07-25T16:00:00-04:00,0.7334183704215971,0.7334183704215971,0.731,0.731,0.7331254607645459,0.7475533738610282,0.7523673108648395,0,0,19417,19631,0,0,0,0,NaN,NaN,13.81729488235858,NaN,NaN,NaN,0.7448650300838497,0.74838625,NaN,NaN,NaN,NaN,NaN,NaN,NaN,NaN,NaN,NaN,1,0,0,0,0,NaN,NaN,13.81729488235858,NaN,NaN,NaN,0.7448650300838497,0.74838625,NaN,NaN,NaN,NaN,NaN,NaN,NaN,NaN,NaN,NaN,1
2024-07-25T17:11:00-04:00,0.7322091852107986,0.74,0.7322091852107986,0.74,0.7343753769891739,0.7474380551761269,0.7523433543506894,0,0,19417,19632,0,0,0,0,NaN,NaN,11.77510955519007,NaN,NaN,NaN,0.7448650300838497,0.74838625,NaN,NaN,NaN,NaN,NaN,NaN,NaN,NaN,NaN,NaN,1,0,0,0,0,NaN,NaN,11.77510955519007,NaN,NaN,NaN,0.7448650300838497,0.74838625,NaN,NaN,NaN,NaN,NaN,NaN,NaN,NaN,NaN,NaN,1
2024-07-26T08:20:00-04:00,0.7361045926053993,0.7361045926053993,0.71,0.71,0.7299434902638695,0.7468664818146593,0.71,0,1,19417,19633,0,0,0,0,NaN,NaN,11.583694721105678,NaN,NaN,NaN,0.7448650300838497,0.74838625,NaN,NaN,NaN,NaN,NaN,NaN,NaN,NaN,NaN,NaN,1,0,0,0,0,NaN,NaN,11.583694721105678,NaN,NaN,NaN,0.7448650300838497,0.74838625,NaN,NaN,NaN,NaN,NaN,NaN,NaN,NaN,NaN,NaN,1
2024-07-26T09:55:00-04:00,0.7230522963026996,0.731,0.7230522963026996,0.731,0.7301355829431659,0.7466242454510768,0.723125,0,0,19417,19634,0,0,0,0,NaN,NaN,10.802021570957079,NaN,NaN,NaN,0.7448650300838497,0.74838625,NaN,NaN,NaN,NaN,NaN,NaN,NaN,NaN,NaN,NaN,1,0,0,0,0,NaN,NaN,10.802021570957079,NaN,NaN,NaN,0.7448650300838497,0.74838625,NaN,NaN,NaN,NaN,NaN,NaN,NaN,NaN,NaN,NaN,1
2024-07-26T10:14:00-04:00,0.7270261481513498,0.762628,0.7270261481513498,0.762628,0.7360432951353176,0.7468685775815946,0.7487062378854625,0,0,19417,19635,0,0,0,0,NaN,NaN,8.213913661673871,NaN,NaN,NaN,0.7448650300838497,0.74838625,NaN,NaN,NaN,NaN,NaN,NaN,NaN,NaN,NaN,NaN,1,0,0,0,0,NaN,NaN,8.213913661673871,NaN,NaN,NaN,0.7448650300838497,0.74838625,NaN,NaN,NaN,NaN,NaN,NaN,NaN,NaN,NaN,NaN,1
2024-07-26T10:15:00-04:00,0.7448270740756748,0.7699,0.7448270740756748,0.7657855,0.741450968747078,0.7471573855574482,0.7533592419871794,0,0,19417,19636,0,0,0,0,NaN,NaN,5.780109691156375,NaN,NaN,NaN,0.7448650300838497,0.74838625,NaN,NaN,NaN,NaN,NaN,NaN,NaN,NaN,NaN,NaN,1,0,0,0,0,NaN,NaN,5.780109691156375,NaN,NaN,NaN,0.7448650300838497,0.74838625,NaN,NaN,NaN,NaN,NaN,NaN,NaN,NaN,NaN,NaN,1
2024-07-26T10:16:00-04:00,0.7553062870378374,0.7553062870378374,0.75,0.75,0.7430053380657912,0.7472007842512276,0.7525726153657338,0,0,19417,19637,0,0,0,0,NaN,NaN,5.240685253648414,NaN,NaN,NaN,0.7448650300838497,0.74838625,NaN,NaN,NaN,NaN,NaN,NaN,NaN,NaN,NaN,NaN,1,0,0,0,0,NaN,NaN,5.240685253648414,NaN,NaN,NaN,0.7448650300838497,0.74838625,NaN,NaN,NaN,NaN,NaN,NaN,NaN,NaN,NaN,NaN,1
2024-07-26T10:24:00-04:00,0.7526531435189188,0.7526531435189188,0.75,0.75,0.7442770947811018,0.7472435203695295,0.7524060686409549,0,0,19417,19638,0,0,0,0,NaN,NaN,4.520879717614699,NaN,NaN,NaN,0.7448650300838497,0.74838625,NaN,NaN,NaN,NaN,NaN,NaN,NaN,NaN,NaN,NaN,1,0,0,0,0,NaN,NaN,4.520879717614699,NaN,NaN,NaN,0.7448650300838497,0.74838625,NaN,NaN,NaN,NaN,NaN,NaN,NaN,NaN,NaN,NaN,1
2024-07-26T10:51:00-04:00,0.7513265717594594,0.7513265717594594,0.731,0.731,0.7418630775481743,0.7469955276921321,0.7514663816944688,0,0,19417,19639,0,0,0,0,NaN,NaN,4.398439034468734,NaN,NaN,NaN,0.7448650300838497,0.74838625,NaN,NaN,NaN,NaN,NaN,NaN,NaN,NaN,NaN,NaN,1,0,0,0,0,NaN,NaN,4.398439034468734,NaN,NaN,NaN,0.7448650300838497,0.74838625,NaN,NaN,NaN,NaN,NaN,NaN,NaN,NaN,NaN,NaN,1
2024-07-26T10:57:00-04:00,0.7411632858797297,0.7411632858797297,0.74,0.74,0.741524336175779,0.7468887257426339,0.7506941320368474,0,0,19417,19640,0,0,0,0,NaN,NaN,3.552459338693053,NaN,NaN,NaN,0.7448650300838497,0.74838625,NaN,NaN,NaN,NaN,NaN,NaN,NaN,NaN,NaN,NaN,1,0,0,0,0,NaN,NaN,3.552459338693053,NaN,NaN,NaN,0.7448650300838497,0.74838625,NaN,NaN,NaN,NaN,NaN,NaN,NaN,NaN,NaN,NaN,1
2024-07-26T11:06:00-04:00,0.7405816429398648,0.755,0.7405816429398648,0.755,0.7439744568710919,0.747012561990838,0.7508099272908366,0,0,19417,19641,0,0,0,0,NaN,NaN,2.4205173424694517,NaN,NaN,NaN,0.7448650300838497,0.74838625,NaN,NaN,NaN,NaN,NaN,NaN,NaN,NaN,NaN,NaN,1,0,0,0,0,NaN,NaN,2.4205173424694517,NaN,NaN,NaN,0.7448650300838497,0.74838625,NaN,NaN,NaN,NaN,NaN,NaN,NaN,NaN,NaN,NaN,1
2024-07-26T11:09:00-04:00,0.7477908214699325,0.7477908214699325,0.740747,0.740747,0.7433876465308934,0.7469169045558633,0.7491383446843853,0,0,19417,19642,0,0,0,0,NaN,NaN,2.0190762790865966,NaN,NaN,NaN,0.7448650300838497,0.74838625,NaN,NaN,NaN,NaN,NaN,NaN,NaN,NaN,NaN,NaN,1,0,0,0,0,NaN,NaN,2.0190762790865966,NaN,NaN,NaN,0.7448650300838497,0.74838625,NaN,NaN,NaN,NaN,NaN,NaN,NaN,NaN,NaN,NaN,1
2024-07-26T11:43:00-04:00,0.7442689107349663,0.7442689107349663,0.740101,0.740101,0.7427900744343673,0.7468128449443234,0.7461325759423503,0,0,19417,19643,0,0,0,0,NaN,NaN,1.4060045743240956,NaN,NaN,NaN,0.7448650300838497,0.74838625,NaN,NaN,NaN,NaN,NaN,NaN,NaN,NaN,NaN,NaN,1,0,0,0,0,NaN,NaN,1.4060045743240956,NaN,NaN,NaN,0.7448650300838497,0.74838625,NaN,NaN,NaN,NaN,NaN,NaN,NaN,NaN,NaN,NaN,1
2024-07-26T12:14:00-04:00,0.7421849553674831,0.76,0.7421849553674831,0.76,0.7459191518099368,0.7470141755558605,0.7464333877440347,0,0,19417,19644,0,0,0,0,NaN,NaN,0.5491523501901135,NaN,NaN,NaN,0.7448650300838497,0.74838625,NaN,NaN,NaN,NaN,NaN,NaN,NaN,NaN,NaN,NaN,1,0,0,0,0,NaN,NaN,0.5491523501901135,NaN,NaN,NaN,0.7448650300838497,0.74838625,NaN,NaN,NaN,NaN,NaN,NaN,NaN,NaN,NaN,NaN,1
2024-07-26T13:01:00-04:00,0.7510924776837415,0.7510924776837415,0.7401,0.740175,0.7448747605717665,0.7469097606618779,0.7456589702528036,0,1,19417,19645,0,0,0,0,NaN,NaN,0.414596043679019,NaN,NaN,NaN,0.7448650300838497,0.74838625,NaN,NaN,NaN,NaN,NaN,NaN,NaN,NaN,NaN,NaN,1,0,0,0,0,NaN,NaN,0.414596043679019,NaN,NaN,NaN,0.7448650300838497,0.74838625,NaN,NaN,NaN,NaN,NaN,NaN,NaN,NaN,NaN,NaN,1
2024-07-26T13:06:00-04:00,0.7456337388418708,0.7456337388418708,0.74,0.74,0.743988440467809,0.7468042681326889,0.7456056943136885,0,0,19417,19646,0,0,0,0,NaN,NaN,0.3419048174812175,NaN,NaN,NaN,0.7448650300838497,0.74838625,NaN,NaN,NaN,NaN,NaN,NaN,NaN,NaN,NaN,NaN,1,0,0,0,0,NaN,NaN,0.3419048174812175,NaN,NaN,NaN,0.7448650300838497,0.74838625,NaN,NaN,NaN,NaN,NaN,NaN,NaN,NaN,NaN,NaN,1
2024-07-26T14:16:00-04:00,0.7428168694209354,0.7599,0.7428168694209354,0.75495,0.7459814512918437,0.7469286304512738,0.7458690105215003,0,0,19417,19647,0,0,0,0,NaN,NaN,0.12001497847779072,NaN,NaN,NaN,0.7448650300838497,0.74838625,NaN,NaN,NaN,NaN,NaN,NaN,NaN,NaN,NaN,NaN,1,0,0,0,0,NaN,NaN,0.12001497847779072,NaN,NaN,NaN,0.7448650300838497,0.74838625,NaN,NaN,NaN,NaN,NaN,NaN,NaN,NaN,NaN,NaN,1
2024-07-26T14:24:00-04:00,0.7488834347104677,0.7488834347104677,0.74,0.74,0.7448939146933267,0.7468228498336971,0.7451318628,0,1,19417,19648,0,0,0,0,NaN,NaN,0.13899692062350116,NaN,NaN,NaN,0.7448650300838497,0.74838625,NaN,NaN,NaN,NaN,NaN,NaN,NaN,NaN,NaN,NaN,1,0,0,0,0,NaN,NaN,0.13899692062350116,NaN,NaN,NaN,0.7448650300838497,0.74838625,NaN,NaN,NaN,NaN,NaN,NaN,NaN,NaN,NaN,NaN,1
2024-07-26T15:06:00-04:00,0.7444417173552338,0.745,0.7444417173552338,0.745,0.7449132029309037,0.7467950200652437,0.7451200411477678,0,0,19417,19649,0,0,0,0,NaN,NaN,0.1959686151053542,NaN,NaN,NaN,0.7448650300838497,0.74838625,NaN,NaN,NaN,NaN,NaN,NaN,NaN,NaN,NaN,NaN,1,0,0,0,0,NaN,NaN,0.1959686151053542,NaN,NaN,NaN,0.7448650300838497,0.74838625,NaN,NaN,NaN,NaN,NaN,NaN,NaN,NaN,NaN,NaN,1
2024-07-26T15:26:00-04:00,0.7447208586776168,0.76,0.7447208586776168,0.76,0.7476562569434666,0.7469966228123391,0.745772807255762,0,0,19417,19650,0,0,0,0,NaN,NaN,0.15995890764218498,NaN,NaN,NaN,0.7448650300838497,0.74838625,NaN,NaN,NaN,NaN,NaN,NaN,NaN,NaN,NaN,NaN,1,0,0,0,0,NaN,NaN,0.15995890764218498,NaN,NaN,NaN,0.7448650300838497,0.74838625,NaN,NaN,NaN,NaN,NaN,NaN,NaN,NaN,NaN,NaN,1
2024-07-26T15:30:00-04:00,0.7523604293388084,0.7523604293388084,0.745,0.745,0.7471733011355636,0.746966140021311,0.745746806069578,0,0,19417,19651,0,0,0,0,NaN,NaN,0.33361095748845754,NaN,NaN,NaN,0.7448650300838497,0.74838625,NaN,NaN,NaN,NaN,NaN,NaN,NaN,NaN,NaN,NaN,1,0,0,0,0,NaN,NaN,0.33361095748845754,NaN,NaN,NaN,0.7448650300838497,0.74838625,NaN,NaN,NaN,NaN,NaN,NaN,NaN,NaN,NaN,NaN,1
2024-07-26T15:49:00-04:00,0.7486802146694043,0.759899,0.7486802146694043,0.759899,0.7494870645654611,0.7471635882652604,0.7493096160817683,1,0,19652,19651,0,0,0,0,NaN,NaN,0.39545037952079826,NaN,NaN,NaN,0.7448650300838497,0.74838625,NaN,NaN,NaN,NaN,NaN,NaN,NaN,NaN,NaN,NaN,1,0,0,0,0,NaN,NaN,0.39545037952079826,NaN,NaN,NaN,0.7448650300838497,0.74838625,NaN,NaN,NaN,NaN,NaN,NaN,NaN,NaN,NaN,NaN,1
2024-07-26T18:14:00-04:00,0.7542896073347021,0.7542896073347021,0.73,0.73,0.7459439619171955,0.7469015487497602,0.7491888464425097,0,1,19652,19651,0,0,0,0,NaN,NaN,1.1102679927752344,NaN,NaN,NaN,0.7448650300838497,0.74838625,NaN,NaN,NaN,NaN,NaN,NaN,NaN,NaN,NaN,NaN,1,0,0,0,0,NaN,NaN,1.1102679927752344,NaN,NaN,NaN,0.7448650300838497,0.74838625,NaN,NaN,NaN,NaN,NaN,NaN,NaN,NaN,NaN,NaN,1
2024-07-29T09:30:00-04:00,0.742144803667351,0.75,0.742144803667351,0.75,0.7466814233867963,0.7469488533490005,0.75,0,0,19652,19654,0,0,0,0,NaN,NaN,1.7214461192424566,NaN,NaN,NaN,0.7448650300838497,0.74838625,NaN,NaN,NaN,NaN,NaN,NaN,NaN,NaN,NaN,NaN,1,0,0,0,0,NaN,NaN,1.7214461192424566,NaN,NaN,NaN,0.7448650300838497,0.74838625,NaN,NaN,NaN,NaN,NaN,NaN,NaN,NaN,NaN,NaN,1
2024-07-29T09:32:00-04:00,0.7460724018336755,0.765276,0.7460724018336755,0.765276,0.7500622554982879,0.7472286571146647,0.7603007417397167,0,0,19652,19655,0,0,0,0,NaN,NaN,2.0736454624896914,NaN,NaN,NaN,0.7448650300838497,0.74838625,NaN,NaN,NaN,NaN,NaN,NaN,NaN,NaN,NaN,NaN,1,0,0,0,0,NaN,NaN,2.0736454624896914,NaN,NaN,NaN,0.7448650300838497,0.74838625,NaN,NaN,NaN,NaN,NaN,NaN,NaN,NaN,NaN,NaN,1
2024-07-29T09:33:00-04:00,0.7556742009168378,0.769,0.7556742009168378,0.769,0.7535054817713265,0.7475610440289446,0.7613345216874627,0,0,19652,19656,0,0,0,0,NaN,NaN,2.188919832753441,NaN,NaN,NaN,0.7448650300838497,0.74838625,NaN,NaN,NaN,NaN,NaN,NaN,NaN,NaN,NaN,NaN,1,0,0,0,0,NaN,NaN,2.188919832753441,NaN,NaN,NaN,0.7448650300838497,0.74838625,NaN,NaN,NaN,NaN,NaN,NaN,NaN,NaN,NaN,NaN,1
2024-07-29T09:34:00-04:00,0.762337100458419,0.77,0.762337100458419,0.77,0.7565044850856307,0.7479036235094187,0.7619291643608189,0,0,19652,19657,0,0,0,0,NaN,NaN,2.2214847440168133,NaN,NaN,NaN,0.7448650300838497,0.74838625,NaN,NaN,NaN,NaN,NaN,NaN,NaN,NaN,NaN,NaN,1,0,0,0,0,NaN,NaN,2.2214847440168133,NaN,NaN,NaN,0.7448650300838497,0.74838625,NaN,NaN,NaN,NaN,NaN,NaN,NaN,NaN,NaN,NaN,1
2024-07-29T09:58:00-04:00,0.7661685502292095,0.77,0.7661685502292095,0.77,0.7589582150700616,0.748240972768817,0.7633919347530583,0,0,19652,19658,0,0,0,0,NaN,NaN,2.618405931455617,NaN,NaN,NaN,0.7448650300838497,0.74838625,NaN,NaN,NaN,NaN,NaN,NaN,NaN,NaN,NaN,NaN,1,0,0,0,0,NaN,NaN,2.618405931455617,NaN,NaN,NaN,0.7448650300838497,0.74838625,NaN,NaN,NaN,NaN,NaN,NaN,NaN,NaN,NaN,NaN,1
2024-07-29T10:01:00-04:00,0.7680842751146048,0.77,0.7680842751146048,0.77,0.7609658123300503,0.7485731716578427,0.7648720112517581,0,0,19652,19659,0,0,0,0,NaN,NaN,3.740104312056252,NaN,NaN,NaN,0.7448650300838497,0.74838625,NaN,NaN,NaN,NaN,NaN,NaN,NaN,NaN,NaN,NaN,1,0,0,0,0,NaN,NaN,3.740104312056252,NaN,NaN,NaN,0.7448650300838497,0.74838625,NaN,NaN,NaN,NaN,NaN,NaN,NaN,NaN,NaN,NaN,1
2024-07-29T10:36:00-04:00,0.7690421375573024,0.7899,0.7690421375573024,0.782475,0.7648765737245866,0.7490907568233718,0.7784193535320805,0,0,19652,19660,0,0,0,0,NaN,NaN,1.7048206184119699,NaN,NaN,NaN,0.7448650300838497,0.74838625,NaN,NaN,NaN,NaN,NaN,NaN,NaN,NaN,NaN,NaN,1,0,0,0,0,NaN,NaN,1.7048206184119699,NaN,NaN,NaN,0.7448650300838497,0.74838625,NaN,NaN,NaN,NaN,NaN,NaN,NaN,NaN,NaN,NaN,1
2024-07-29T10:37:00-04:00,0.7757585687786512,0.7827,0.7757585687786512,0.7797,0.7675717421382982,0.7495580735130913,0.7785979155047407,0,0,19652,19661,0,0,0,0,NaN,NaN,0.5253670061921295,NaN,NaN,NaN,0.7448650300838497,0.74838625,NaN,NaN,NaN,NaN,NaN,NaN,NaN,NaN,NaN,NaN,1,0,0,0,0,NaN,NaN,0.5253670061921295,NaN,NaN,NaN,0.7448650300838497,0.74838625,NaN,NaN,NaN,NaN,NaN,NaN,NaN,NaN,NaN,NaN,1
2024-07-29T10:39:00-04:00,0.7777292843893255,0.799799,0.7777292843893255,0.799799,0.7734312435676985,0.750325110558693,0.7793120452708165,0,0,19652,19662,0,0,0,0,NaN,NaN,0.1074097644887336,NaN,NaN,NaN,0.7448650300838497,0.75756997,NaN,NaN,NaN,NaN,NaN,NaN,NaN,NaN,NaN,NaN,1,0,0,0,0,NaN,NaN,0.1074097644887336,NaN,NaN,NaN,0.7448650300838497,0.75756997,NaN,NaN,NaN,NaN,NaN,NaN,NaN,NaN,NaN,NaN,1
2024-07-29T10:47:00-04:00,0.7887641421946627,0.7998,0.7887641421946627,0.7998,0.7782255629190261,0.7510804523822244,0.77958441903749,0,0,19652,19663,0,0,0,0,NaN,NaN,1.7806320895949972,NaN,NaN,NaN,0.7496074058451496,0.7588373558999999,NaN,NaN,NaN,NaN,NaN,NaN,NaN,NaN,NaN,NaN,1,0,0,0,0,NaN,NaN,1.7806320895949972,NaN,NaN,NaN,0.7496074058451496,0.7588373558999999,NaN,NaN,NaN,NaN,NaN,NaN,NaN,NaN,NaN,NaN,1
2024-07-29T10:59:00-04:00,0.7942820710973313,0.7942820710973313,0.7501,0.7688499999999999,0.7765209151155668,0.7513517431855492,0.7792692915671978,0,0,19652,19664,0,0,0,0,NaN,NaN,4.392017024830956,NaN,NaN,NaN,0.7496074058451496,0.7588373558999999,NaN,NaN,NaN,NaN,NaN,NaN,NaN,NaN,NaN,NaN,1,0,0,0,0,NaN,NaN,4.392017024830956,NaN,NaN,NaN,0.7496074058451496,0.7588373558999999,NaN,NaN,NaN,NaN,NaN,NaN,NaN,NaN,NaN,NaN,1
2024-07-29T11:16:00-04:00,0.7815660355486655,0.7876,0.7501,0.76445,0.7743262032763728,0.7515517165720293,0.7786192905613819,0,0,19652,19665,0,0,0,0,NaN,NaN,8.206991670889026,NaN,NaN,NaN,0.7496074058451496,0.7588373558999999,NaN,NaN,NaN,NaN,NaN,NaN,NaN,NaN,NaN,NaN,1,0,0,0,0,NaN,NaN,8.206991670889026,NaN,NaN,NaN,0.7496074058451496,0.7588373558999999,NaN,NaN,NaN,NaN,NaN,NaN,NaN,NaN,NaN,NaN,1
2024-07-29T11:24:00-04:00,0.7730080177743328,0.7896,0.7730080177743328,0.7896,0.7771032572261232,0.7521326063953572,0.7786999816289039,1,0,19666,19665,0,0,0,0,NaN,NaN,15.455235045497057,NaN,NaN,NaN,0.7496074058451496,0.7588373558999999,NaN,NaN,NaN,NaN,NaN,NaN,NaN,NaN,NaN,NaN,1,0,0,0,0,NaN,NaN,15.455235045497057,NaN,NaN,NaN,0.7496074058451496,0.7588373558999999,NaN,NaN,NaN,NaN,NaN,NaN,NaN,NaN,NaN,NaN,1
2024-07-29T11:34:00-04:00,0.7813040088871663,0.7813040088871663,0.75,0.7500499999999999,0.7721844831850099,0.7521008108778708,0.775136016085791,0,1,19666,19665,0,0,0,0,NaN,NaN,22.689670259156983,NaN,NaN,NaN,0.7496074058451496,0.7588373558999999,NaN,NaN,NaN,NaN,NaN,NaN,NaN,NaN,NaN,NaN,1,0,0,0,0,NaN,NaN,22.689670259156983,NaN,NaN,NaN,0.7496074058451496,0.7588373558999999,NaN,NaN,NaN,NaN,NaN,NaN,NaN,NaN,NaN,NaN,1
2024-07-29T12:17:00-04:00,0.7656770044435831,0.77,0.7656770044435831,0.77,0.771787304424099,0.7523740809408042,0.7750815225464192,0,0,19666,19668,0,0,0,0,NaN,NaN,29.08127529531159,NaN,NaN,NaN,0.7496074058451496,0.7588373558999999,NaN,NaN,NaN,NaN,NaN,NaN,NaN,NaN,NaN,NaN,1,0,0,0,0,NaN,NaN,29.08127529531159,NaN,NaN,NaN,0.7496074058451496,0.7588373558999999,NaN,NaN,NaN,NaN,NaN,NaN,NaN,NaN,NaN,NaN,1
2024-07-29T13:39:00-04:00,0.7678385022217915,0.7678385022217915,0.751,0.751,0.7680077945288083,0.75235310260583,0.7748286981627297,0,1,19666,19669,0,0,0,0,NaN,NaN,33.290198155835355,NaN,NaN,NaN,0.7496074058451496,0.7588373558999999,NaN,NaN,NaN,NaN,NaN,NaN,NaN,NaN,NaN,NaN,1,0,0,0,0,NaN,NaN,33.290198155835355,NaN,NaN,NaN,0.7496074058451496,0.7588373558999999,NaN,NaN,NaN,NaN,NaN,NaN,NaN,NaN,NaN,NaN,1
2024-07-29T13:48:00-04:00,0.7594192511108957,0.7599,0.7594192511108957,0.7599,0.766533650069025,0.7524683224133746,0.7746735948051948,0,0,19666,19670,0,0,0,0,NaN,NaN,42.75498213347392,NaN,NaN,NaN,0.7496074058451496,0.7588373558999999,NaN,NaN,NaN,NaN,NaN,NaN,NaN,NaN,NaN,NaN,1,0,0,0,0,NaN,NaN,42.75498213347392,NaN,NaN,NaN,0.7496074058451496,0.7588373558999999,NaN,NaN,NaN,NaN,NaN,NaN,NaN,NaN,NaN,NaN,1
2024-07-29T14:46:00-04:00,0.7596596255554479,0.77,0.7596596255554479,0.77,0.7671638955110204,0.7527359816131703,0.7746494418604651,0,0,19666,19671,0,0,0,0,NaN,NaN,46.32953017374402,NaN,NaN,NaN,0.7496074058451496,0.7588373558999999,NaN,NaN,NaN,NaN,NaN,NaN,NaN,NaN,NaN,NaN,1,0,0,0,0,NaN,NaN,46.32953017374402,NaN,NaN,NaN,0.7496074058451496,0.7588373558999999,NaN,NaN,NaN,NaN,NaN,NaN,NaN,NaN,NaN,NaN,1
2024-07-29T14:51:00-04:00,0.764829812777724,0.7794,0.764829812777724,0.7764,0.7688431872362894,0.7530972643366334,0.7748978580931264,0,0,19666,19672,0,0,0,0,NaN,NaN,45.90044710909557,NaN,NaN,NaN,0.7496074058451496,0.7588373558999999,NaN,NaN,NaN,NaN,NaN,NaN,NaN,NaN,NaN,NaN,1,0,0,0,0,NaN,NaN,45.90044710909557,NaN,NaN,NaN,0.7496074058451496,0.7588373558999999,NaN,NaN,NaN,NaN,NaN,NaN,NaN,NaN,NaN,NaN,1
2024-07-29T14:52:00-04:00,0.770614906388862,0.78128,0.77,0.775665,0.7700835168296913,0.7534418099192802,0.7750134350282486,0,0,19666,19673,0,0,0,0,NaN,NaN,45.31452515930084,NaN,NaN,NaN,0.7496074058451496,0.7588373558999999,NaN,NaN,NaN,NaN,NaN,NaN,NaN,NaN,NaN,NaN,1,0,0,0,0,NaN,NaN,45.31452515930084,NaN,NaN,NaN,0.7496074058451496,0.7588373558999999,NaN,NaN,NaN,NaN,NaN,NaN,NaN,NaN,NaN,NaN,1
2024-07-29T15:29:00-04:00,0.773139953194431,0.773139953194431,0.75,0.7505,0.7665228774061111,0.7533968967907416,0.7745603216266174,0,1,19666,19674,0,0,0,0,NaN,NaN,42.24353937417777,NaN,NaN,NaN,0.7496074058451496,0.7588373558999999,NaN,NaN,NaN,NaN,NaN,NaN,NaN,NaN,NaN,NaN,1,0,0,0,0,NaN,NaN,42.24353937417777,NaN,NaN,NaN,0.7496074058451496,0.7588373558999999,NaN,NaN,NaN,NaN,NaN,NaN,NaN,NaN,NaN,NaN,1
2024-07-29T15:46:00-04:00,0.7618199765972155,0.7618199765972155,0.751,0.751,0.7637005360595455,0.7533603029466082,0.7744735432780847,0,0,19666,19675,0,0,0,0,NaN,NaN,48.65267298537277,NaN,NaN,NaN,0.7496074058451496,0.7588373558999999,NaN,NaN,NaN,NaN,NaN,NaN,NaN,NaN,NaN,NaN,1,0,0,0,0,NaN,NaN,48.65267298537277,NaN,NaN,NaN,0.7496074058451496,0.7588373558999999,NaN,NaN,NaN,NaN,NaN,NaN,NaN,NaN,NaN,NaN,1
2024-07-30T08:00:00-04:00,0.7564099882986077,0.7986,0.7564099882986077,0.7986,0.7700458931396281,0.7540509853443699,0.7986,0,0,19666,19676,0,0,0,0,NaN,NaN,49.34123877178237,NaN,NaN,NaN,0.7496074058451496,0.7588373558999999,NaN,NaN,NaN,NaN,NaN,NaN,NaN,NaN,NaN,NaN,1,0,0,0,0,NaN,NaN,49.34123877178237,NaN,NaN,NaN,0.7496074058451496,0.7588373558999999,NaN,NaN,NaN,NaN,NaN,NaN,NaN,NaN,NaN,NaN,1
2024-07-30T08:28:00-04:00,0.7775049941493039,0.7986,0.7775049941493039,0.7986,0.775237548932423,0.7547311229727001,0.7986,0,0,19666,19677,0,0,0,0,NaN,NaN,49.95772151591067,NaN,NaN,NaN,0.7496074058451496,0.7588373558999999,NaN,NaN,NaN,NaN,NaN,NaN,NaN,NaN,NaN,NaN,1,0,0,0,0,NaN,NaN,49.95772151591067,NaN,NaN,NaN,0.7496074058451496,0.7588373558999999,NaN,NaN,NaN,NaN,NaN,NaN,NaN,NaN,NaN,NaN,1
2024-07-30T09:30:00-04:00,0.7880524970746519,0.7880524970746519,0.74,0.74,0.7688307218538006,0.7545062203318955,0.7489208389715832,0,1,19666,19678,0,0,0,0,NaN,NaN,46.76083838770768,NaN,NaN,NaN,0.7496074058451496,0.7588373558999999,NaN,NaN,NaN,NaN,NaN,NaN,NaN,NaN,NaN,NaN,1,0,0,0,0,NaN,NaN,46.76083838770768,NaN,NaN,NaN,0.7496074058451496,0.7588373558999999,NaN,NaN,NaN,NaN,NaN,NaN,NaN,NaN,NaN,NaN,1
2024-07-30T09:41:00-04:00,0.7640262485373259,0.7640262485373259,0.75,0.75,0.7654069542440187,0.75443742307492,0.7489699709396189,0,0,19666,19679,0,0,0,0,NaN,NaN,49.077185699039525,NaN,NaN,NaN,0.7496074058451496,0.7588373558999999,NaN,NaN,NaN,NaN,NaN,NaN,NaN,NaN,NaN,NaN,1,0,0,0,0,NaN,NaN,49.077185699039525,NaN,NaN,NaN,0.7496074058451496,0.7588373558999999,NaN,NaN,NaN,NaN,NaN,NaN,NaN,NaN,NaN,NaN,1
2024-07-30T09:52:00-04:00,0.757013124268663,0.757013124268663,0.74,0.74,0.7607875080178335,0.7542170044020204,0.7486893963090397,0,0,19666,19680,0,0,0,0,NaN,NaN,47.12016446366908,NaN,NaN,NaN,0.7496074058451496,0.7588373558999999,NaN,NaN,NaN,NaN,NaN,NaN,NaN,NaN,NaN,NaN,1,0,0,0,0,NaN,NaN,47.12016446366908,NaN,NaN,NaN,0.7496074058451496,0.7588373558999999,NaN,NaN,NaN,NaN,NaN,NaN,NaN,NaN,NaN,NaN,1
2024-07-30T09:53:00-04:00,0.7485065621343314,0.7485065621343314,0.74,0.74,0.7570079611055001,0.7539999508996995,0.7484258416742493,0,0,19666,19681,0,0,0,0,NaN,NaN,43.793299220330226,NaN,NaN,NaN,0.7496074058451496,0.7588373558999999,NaN,NaN,NaN,NaN,NaN,NaN,NaN,NaN,NaN,NaN,1,0,0,0,0,NaN,NaN,43.793299220330226,NaN,NaN,NaN,0.7496074058451496,0.7588373558999999,NaN,NaN,NaN,NaN,NaN,NaN,NaN,NaN,NaN,NaN,1
2024-07-30T10:16:00-04:00,0.7442532810671657,0.7442532810671657,0.73,0.73,0.7520974227226819,0.753633539435582,0.7473720331712896,0,0,19666,19682,0,0,0,1,NaN,NaN,37.58036486207886,NaN,NaN,NaN,0.7496074058451496,0.7588373558999999,NaN,NaN,NaN,NaN,NaN,NaN,NaN,NaN,NaN,NaN,1,0,0,0,1,NaN,NaN,37.58036486207886,NaN,NaN,NaN,0.7496074058451496,0.7588373558999999,NaN,NaN,NaN,NaN,NaN,NaN,NaN,NaN,NaN,NaN,1
2024-07-30T11:31:00-04:00,0.7371266405335828,0.7371266405335828,0.73,0.7305250000000001,0.7481751640458306,0.7532807373067945,0.7382312230215828,0,0,19666,19683,0,0,0,0,NaN,NaN,32.98178063674308,NaN,NaN,NaN,0.7496074058451496,0.7588373558999999,NaN,NaN,NaN,NaN,NaN,NaN,NaN,NaN,NaN,NaN,1,0,0,0,0,NaN,NaN,32.98178063674308,NaN,NaN,NaN,0.7496074058451496,0.7588373558999999,NaN,NaN,NaN,NaN,NaN,NaN,NaN,NaN,NaN,NaN,1
2024-07-30T11:48:00-04:00,0.7338258202667914,0.7338258202667914,0.7301,0.7301,0.7448887705829523,0.7529268329204312,0.7380239260675591,0,0,19666,19684,0,0,0,0,NaN,NaN,28.157942604931385,NaN,NaN,NaN,0.7496074058451496,0.7588373558999999,NaN,NaN,NaN,NaN,NaN,NaN,NaN,NaN,NaN,NaN,1,0,0,0,0,NaN,NaN,28.157942604931385,NaN,NaN,NaN,0.7496074058451496,0.7588373558999999,NaN,NaN,NaN,NaN,NaN,NaN,NaN,NaN,NaN,NaN,1
2024-07-30T11:59:00-04:00,0.7319629101333958,0.735,0.7319629101333958,0.735,0.7430908122951428,0.7526531408147757,0.7379542590286428,0,0,19666,19685,0,0,0,0,NaN,NaN,24.746322686146343,NaN,NaN,NaN,0.7496074058451496,0.7588373558999999,NaN,NaN,NaN,NaN,NaN,NaN,NaN,NaN,NaN,NaN,1,0,0,0,0,NaN,NaN,24.746322686146343,NaN,NaN,NaN,0.7496074058451496,0.7588373558999999,NaN,NaN,NaN,NaN,NaN,NaN,NaN,NaN,NaN,NaN,1
2024-07-30T12:20:00-04:00,0.7334814550666979,0.735,0.7334814550666979,0.735,0.7416197555142078,0.7523836272145502,0.7378824665856624,0,0,19666,19686,0,0,0,0,NaN,NaN,20.890846865153367,NaN,NaN,NaN,0.7496074058451496,0.7588373558999999,NaN,NaN,NaN,NaN,NaN,NaN,NaN,NaN,NaN,NaN,1,0,0,0,0,NaN,NaN,20.890846865153367,NaN,NaN,NaN,0.7496074058451496,0.7588373558999999,NaN,NaN,NaN,NaN,NaN,NaN,NaN,NaN,NaN,NaN,1
2024-07-30T13:24:00-04:00,0.7342407275333489,0.7342407275333489,0.73,0.73,0.7395070726934427,0.7520418924479159,0.7374310080183277,0,1,19666,19687,0,0,0,0,NaN,NaN,16.81915515291457,NaN,NaN,NaN,0.7496074058451496,0.7588373558999999,NaN,NaN,NaN,NaN,NaN,NaN,NaN,NaN,NaN,NaN,1,0,0,0,0,NaN,NaN,16.81915515291457,NaN,NaN,NaN,0.7496074058451496,0.7588373558999999,NaN,NaN,NaN,NaN,NaN,NaN,NaN,NaN,NaN,NaN,1
2024-07-30T15:05:00-04:00,0.7321203637666744,0.7338,0.73,0.73095,0.737951241294635,0.7517198788227568,0.7357825247693885,0,0,19666,19688,0,0,0,0,NaN,NaN,13.377174367579217,NaN,NaN,NaN,0.7496074058451496,0.7588373558999999,NaN,NaN,NaN,NaN,NaN,NaN,NaN,NaN,NaN,NaN,1,0,0,0,0,NaN,NaN,13.377174367579217,NaN,NaN,NaN,0.7496074058451496,0.7588373558999999,NaN,NaN,NaN,NaN,NaN,NaN,NaN,NaN,NaN,NaN,1
2024-07-30T16:00:00-04:00,0.7315351818833372,0.7315351818833372,0.73,0.73,0.7365055610592468,0.7513882776193559,0.7357291867648303,0,0,19666,19689,0,0,0,0,NaN,NaN,10.248543920197086,NaN,NaN,NaN,0.7496074058451496,0.7588373558999999,NaN,NaN,NaN,NaN,NaN,NaN,NaN,NaN,NaN,NaN,1,0,0,0,0,NaN,NaN,10.248543920197086,NaN,NaN,NaN,0.7496074058451496,0.7588373558999999,NaN,NaN,NaN,NaN,NaN,NaN,NaN,NaN,NaN,NaN,1
2024-07-31T08:32:00-04:00,0.7307675909416687,0.7665,0.7307675909416687,0.7665,0.741959095412111,0.7516189909381443,0.7665,0,0,19666,19690,0,0,0,0,NaN,NaN,9.992277195413564,NaN,NaN,NaN,0.7496074058451496,0.7588373558999999,NaN,NaN,NaN,NaN,NaN,NaN,NaN,NaN,NaN,NaN,1,0,0,0,0,NaN,NaN,9.992277195413564,NaN,NaN,NaN,0.7496074058451496,0.7588373558999999,NaN,NaN,NaN,NaN,NaN,NaN,NaN,NaN,NaN,NaN,1
2024-07-31T08:39:00-04:00,0.7486337954708343,0.7666,0.7486337954708343,0.7665499999999998,0.7464301689735453,0.7518469452749665,0.7665416666666665,0,0,19666,19691,0,0,0,0,NaN,NaN,9.677935294336372,NaN,NaN,NaN,0.7496074058451496,0.7588373558999999,NaN,NaN,NaN,NaN,NaN,NaN,NaN,NaN,NaN,NaN,1,0,0,0,0,NaN,NaN,9.677935294336372,NaN,NaN,NaN,0.7496074058451496,0.7588373558999999,NaN,NaN,NaN,NaN,NaN,NaN,NaN,NaN,NaN,NaN,1
2024-07-31T09:30:00-04:00,0.757591897735417,0.766,0.757591897735417,0.766,0.7499883200692643,0.752063022446341,0.7664317343173431,0,0,19666,19692,0,0,0,0,NaN,NaN,9.482850197312048,NaN,NaN,NaN,0.7496074058451496,0.7588373558999999,NaN,NaN,NaN,NaN,NaN,NaN,NaN,NaN,NaN,NaN,1,0,0,0,0,NaN,NaN,9.482850197312048,NaN,NaN,NaN,0.7496074058451496,0.7588373558999999,NaN,NaN,NaN,NaN,NaN,NaN,NaN,NaN,NaN,NaN,1
2024-07-31T09:42:00-04:00,0.7617959488677085,0.7617959488677085,0.731871,0.731871,0.7466942618748527,0.7517547472944885,0.7532707539984768,0,1,19666,19693,0,0,0,0,NaN,NaN,6.832102823414199,NaN,NaN,NaN,0.7496074058451496,0.7588373558999999,NaN,NaN,NaN,NaN,NaN,NaN,NaN,NaN,NaN,NaN,1,0,0,0,0,NaN,NaN,6.832102823414199,NaN,NaN,NaN,0.7496074058451496,0.7588373558999999,NaN,NaN,NaN,NaN,NaN,NaN,NaN,NaN,NaN,NaN,1
2024-07-31T10:06:00-04:00,0.7468334744338543,0.7468334744338543,0.745,0.74505,0.746395305170334,0.7516523847403742,0.7487554067971164,0,0,19666,19694,0,0,0,0,NaN,NaN,5.375692372385389,NaN,NaN,NaN,0.7496074058451496,0.7588373558999999,NaN,NaN,NaN,NaN,NaN,NaN,NaN,NaN,NaN,NaN,1,0,0,0,0,NaN,NaN,5.375692372385389,NaN,NaN,NaN,0.7496074058451496,0.7588373558999999,NaN,NaN,NaN,NaN,NaN,NaN,NaN,NaN,NaN,NaN,1
2024-07-31T10:14:00-04:00,0.7459417372169271,0.7459417372169271,0.74,0.74,0.7452325224120915,0.7514744857367044,0.7484648191171589,0,0,19666,19695,0,0,0,0,NaN,NaN,3.7180008001674176,NaN,NaN,NaN,0.7496074058451496,0.7588373558999999,NaN,NaN,NaN,NaN,NaN,NaN,NaN,NaN,NaN,NaN,1,0,0,0,0,NaN,NaN,3.7180008001674176,NaN,NaN,NaN,0.7496074058451496,0.7588373558999999,NaN,NaN,NaN,NaN,NaN,NaN,NaN,NaN,NaN,NaN,1
2024-07-31T11:37:00-04:00,0.7429708686084635,0.7533,0.7429708686084635,0.7533,0.7466993365189839,0.7515023561834723,0.7487657952069716,0,0,19666,19696,0,0,0,0,NaN,NaN,3.0371214759073206,NaN,NaN,NaN,0.7496074058451496,0.7588373558999999,NaN,NaN,NaN,NaN,NaN,NaN,NaN,NaN,NaN,NaN,1,0,0,0,0,NaN,NaN,3.0371214759073206,NaN,NaN,NaN,0.7496074058451496,0.7588373558999999,NaN,NaN,NaN,NaN,NaN,NaN,NaN,NaN,NaN,NaN,1
2024-07-31T11:41:00-04:00,0.7481354343042317,0.7533,0.7481354343042317,0.7533,0.7478994571518959,0.7515298011272361,0.749031497216525,0,0,19666,19697,0,0,0,0,NaN,NaN,2.403450007850287,NaN,NaN,NaN,0.7496074058451496,0.7588373558999999,NaN,NaN,NaN,NaN,NaN,NaN,NaN,NaN,NaN,NaN,1,0,0,0,0,NaN,NaN,2.403450007850287,NaN,NaN,NaN,0.7496074058451496,0.7588373558999999,NaN,NaN,NaN,NaN,NaN,NaN,NaN,NaN,NaN,NaN,1
2024-07-31T12:10:00-04:00,0.7507177171521158,0.7507177171521158,0.74,0.74,0.7464631922151875,0.7513537736291104,0.7487744093367491,0,1,19666,19698,0,0,0,0,NaN,NaN,1.4040339917965095,NaN,NaN,NaN,0.7496074058451496,0.7588373558999999,NaN,NaN,NaN,NaN,NaN,NaN,NaN,NaN,NaN,NaN,1,0,0,0,0,NaN,NaN,1.4040339917965095,NaN,NaN,NaN,0.7496074058451496,0.7588373558999999,NaN,NaN,NaN,NaN,NaN,NaN,NaN,NaN,NaN,NaN,1
2024-07-31T12:13:00-04:00,0.7453588585760579,0.748,0.7453588585760579,0.748,0.7467426118124262,0.7513025709782842,0.74874739010989,0,0,19666,19699,0,0,0,0,NaN,NaN,0.7999210748111144,NaN,NaN,NaN,0.7496074058451496,0.7588373558999999,NaN,NaN,NaN,NaN,NaN,NaN,NaN,NaN,NaN,NaN,1,0,0,0,0,NaN,NaN,0.7999210748111144,NaN,NaN,NaN,0.7496074058451496,0.7588373558999999,NaN,NaN,NaN,NaN,NaN,NaN,NaN,NaN,NaN,NaN,1
2024-07-31T12:45:00-04:00,0.746679429288029,0.746679429288029,0.74,0.74,0.7455166823919851,0.7511300126427379,0.7485135026737967,0,1,19666,19700,0,0,0,0,NaN,NaN,0.25738403676159183,NaN,NaN,NaN,0.7496074058451496,0.7588373558999999,NaN,NaN,NaN,NaN,NaN,NaN,NaN,NaN,NaN,NaN,1,0,0,0,0,NaN,NaN,0.25738403676159183,NaN,NaN,NaN,0.7496074058451496,0.7588373558999999,NaN,NaN,NaN,NaN,NaN,NaN,NaN,NaN,NaN,NaN,1
2024-07-31T12:58:00-04:00,0.7433397146440145,0.755489,0.7433397146440145,0.755489,0.7473298310479878,0.7511965620680396,0.751885635359116,0,0,19666,19701,0,0,0,0,NaN,NaN,0.11056612618981525,NaN,NaN,NaN,0.7496074058451496,0.7588373558999999,NaN,NaN,NaN,NaN,NaN,NaN,NaN,NaN,NaN,NaN,1,0,0,0,0,NaN,NaN,0.11056612618981525,NaN,NaN,NaN,0.7496074058451496,0.7588373558999999,NaN,NaN,NaN,NaN,NaN,NaN,NaN,NaN,NaN,NaN,1
2024-07-31T13:17:00-04:00,0.7494143573220072,0.7554,0.7494143573220072,0.7554,0.7487971344938081,0.751260736692955,0.7520065617498,0,0,19666,19702,0,0,0,0,NaN,NaN,0.009591144615556034,NaN,NaN,NaN,0.7496074058451496,0.7588373558999999,NaN,NaN,NaN,NaN,NaN,NaN,NaN,NaN,NaN,NaN,1,0,0,0,0,NaN,NaN,0.009591144615556034,NaN,NaN,NaN,0.7496074058451496,0.7588373558999999,NaN,NaN,NaN,NaN,NaN,NaN,NaN,NaN,NaN,NaN,1
2024-07-31T13:58:00-04:00,0.7524071786610036,0.7539,0.7524071786610036,0.7539,0.7497249282222067,0.7513010307892458,0.7520424833180689,0,0,19666,19703,0,0,0,0,NaN,NaN,0.03268494217448183,NaN,NaN,NaN,0.7496074058451496,0.7588373558999999,NaN,NaN,NaN,NaN,NaN,NaN,NaN,NaN,NaN,NaN,1,0,0,0,0,NaN,NaN,0.03268494217448183,NaN,NaN,NaN,0.7496074058451496,0.7588373558999999,NaN,NaN,NaN,NaN,NaN,NaN,NaN,NaN,NaN,NaN,1
2024-07-31T14:02:00-04:00,0.7531535893305018,0.7531535893305018,0.752,0.752,0.750138577636351,0.7513117020749062,0.7520403705085168,0,0,19666,19704,0,0,0,0,NaN,NaN,0.14259858619156515,NaN,NaN,NaN,0.7496074058451496,0.7588373558999999,NaN,NaN,NaN,NaN,NaN,NaN,NaN,NaN,NaN,NaN,1,0,0,0,0,NaN,NaN,0.14259858619156515,NaN,NaN,NaN,0.7496074058451496,0.7588373558999999,NaN,NaN,NaN,NaN,NaN,NaN,NaN,NaN,NaN,NaN,1
2024-07-31T14:14:00-04:00,0.7525767946652508,0.7525767946652508,0.75,0.75,0.750113381702469,0.7512916760890297,0.7520153137664252,0,0,19666,19705,0,0,0,0,NaN,NaN,1.0637613619660977,NaN,NaN,NaN,0.7496074058451496,0.7588373558999999,NaN,NaN,NaN,NaN,NaN,NaN,NaN,NaN,NaN,NaN,1,0,0,0,0,NaN,NaN,1.0637613619660977,NaN,NaN,NaN,0.7496074058451496,0.7588373558999999,NaN,NaN,NaN,NaN,NaN,NaN,NaN,NaN,NaN,NaN,1
2024-07-31T14:31:00-04:00,0.7512883973326254,0.7539,0.7512883973326254,0.7539,0.7508018577565655,0.7513314978281285,0.7522396083522667,0,0,19666,19706,0,0,0,0,NaN,NaN,1.8685540370928373,NaN,NaN,NaN,0.7496074058451496,0.7588373558999999,NaN,NaN,NaN,NaN,NaN,NaN,NaN,NaN,NaN,NaN,1,0,0,0,0,NaN,NaN,1.8685540370928373,NaN,NaN,NaN,0.7496074058451496,0.7588373558999999,NaN,NaN,NaN,NaN,NaN,NaN,NaN,NaN,NaN,NaN,1
2024-07-31T15:12:00-04:00,0.7525941986663127,0.755,0.7525941986663127,0.755,0.7515651563462808,0.7513875054948747,0.7522836899819014,0,0,19666,19707,0,0,0,0,NaN,NaN,1.574933816287909,NaN,NaN,NaN,0.7496074058451496,0.7588373558999999,NaN,NaN,NaN,NaN,NaN,NaN,NaN,NaN,NaN,NaN,1,0,0,0,0,NaN,NaN,1.574933816287909,NaN,NaN,NaN,0.7496074058451496,0.7588373558999999,NaN,NaN,NaN,NaN,NaN,NaN,NaN,NaN,NaN,NaN,1
2024-07-31T15:23:00-04:00,0.7537970993331564,0.7537970993331564,0.7501,0.7501,0.7512987642833207,0.7513678489224338,0.7521944960686204,0,1,19666,19708,0,0,0,0,NaN,NaN,1.352458736616439,NaN,NaN,NaN,0.7496074058451496,0.7588373558999999,NaN,NaN,NaN,NaN,NaN,NaN,NaN,NaN,NaN,NaN,1,0,0,0,0,NaN,NaN,1.352458736616439,NaN,NaN,NaN,0.7496074058451496,0.7588373558999999,NaN,NaN,NaN,NaN,NaN,NaN,NaN,NaN,NaN,NaN,1
2024-07-31T15:34:00-04:00,0.7519485496665782,0.7519485496665782,0.75,0.7500499999999999,0.7510717162318078,0.7513477290915569,0.7512867381190742,0,0,19666,19709,0,0,0,0,NaN,NaN,1.6349832709842385,NaN,NaN,NaN,0.7496074058451496,0.7588373558999999,NaN,NaN,NaN,NaN,NaN,NaN,NaN,NaN,NaN,NaN,1,0,0,0,0,NaN,NaN,1.6349832709842385,NaN,NaN,NaN,0.7496074058451496,0.7588373558999999,NaN,NaN,NaN,NaN,NaN,NaN,NaN,NaN,NaN,NaN,1
2024-07-31T15:42:00-04:00,0.750999274833289,0.750999274833289,0.75,0.7500499999999999,0.7508859496442064,0.7513279164336705,0.751265268213645,0,0,19666,19710,0,0,0,0,NaN,NaN,1.94434467491497,NaN,NaN,NaN,0.7496074058451496,0.7588373558999999,NaN,NaN,NaN,NaN,NaN,NaN,NaN,NaN,NaN,NaN,1,0,0,0,0,NaN,NaN,1.94434467491497,NaN,NaN,NaN,0.7496074058451496,0.7588373558999999,NaN,NaN,NaN,NaN,NaN,NaN,NaN,NaN,NaN,NaN,1
2024-07-31T15:49:00-04:00,0.7505246374166444,0.7592,0.7505246374166444,0.759075,0.7523748678907144,0.7514461925186526,0.7514324395492383,1,0,19711,19710,0,0,0,0,NaN,NaN,2.787197489056928,NaN,NaN,NaN,0.7496074058451496,0.7588373558999999,NaN,NaN,NaN,NaN,NaN,NaN,NaN,NaN,NaN,NaN,1,0,0,0,0,NaN,NaN,2.787197489056928,NaN,NaN,NaN,0.7496074058451496,0.7588373558999999,NaN,NaN,NaN,NaN,NaN,NaN,NaN,NaN,NaN,NaN,1
2024-07-31T16:17:00-04:00,0.7547998187083222,0.7547998187083222,0.74,0.74,0.7501248919105845,0.7512714414878335,0.7511176524037667,0,1,19711,19710,0,0,0,0,NaN,NaN,4.288921395164862,NaN,NaN,NaN,0.7496074058451496,0.7588373558999999,NaN,NaN,NaN,NaN,NaN,NaN,NaN,NaN,NaN,NaN,1,0,0,0,0,NaN,NaN,4.288921395164862,NaN,NaN,NaN,0.7496074058451496,0.7588373558999999,NaN,NaN,NaN,NaN,NaN,NaN,NaN,NaN,NaN,NaN,1
2024-07-31T18:36:00-04:00,0.7473999093541611,0.7665,0.7473999093541611,0.7665,0.7531021842904783,0.7515039385643552,0.7512311659560512,1,0,19713,19710,0,0,0,0,NaN,NaN,3.6184397912221478,NaN,NaN,NaN,0.7496074058451496,0.7588373558999999,NaN,NaN,NaN,NaN,NaN,NaN,NaN,NaN,NaN,NaN,1,0,0,0,0,NaN,NaN,3.6184397912221478,NaN,NaN,NaN,0.7496074058451496,0.7588373558999999,NaN,NaN,NaN,NaN,NaN,NaN,NaN,NaN,NaN,NaN,1
2024-07-31T19:44:00-04:00,0.7569499546770806,0.7665,0.7569499546770806,0.7665,0.7555381507831186,0.7517328860671895,0.7513141758182016,0,0,19713,19710,0,0,0,0,NaN,NaN,3.779109164286916,NaN,NaN,NaN,0.7496074058451496,0.7588373558999999,NaN,NaN,NaN,NaN,NaN,NaN,NaN,NaN,NaN,NaN,1,0,0,0,0,NaN,NaN,3.779109164286916,NaN,NaN,NaN,0.7496074058451496,0.7588373558999999,NaN,NaN,NaN,NaN,NaN,NaN,NaN,NaN,NaN,NaN,1
2024-08-01T07:25:00-04:00,0.7617249773385403,0.769,0.7617249773385403,0.769,0.7579857597316425,0.7519965061272323,0.769,0,0,19713,19710,0,0,0,0,NaN,NaN,3.88072352318886,NaN,NaN,NaN,0.7496074058451496,0.7588373558999999,NaN,NaN,NaN,NaN,NaN,NaN,NaN,NaN,NaN,NaN,1,0,0,0,0,NaN,NaN,3.88072352318886,NaN,NaN,NaN,0.7496074058451496,0.7588373558999999,NaN,NaN,NaN,NaN,NaN,NaN,NaN,NaN,NaN,NaN,1
2024-08-01T08:00:00-04:00,0.7653624886692701,0.77,0.7653624886692701,0.77,0.7601701670531621,0.7522713686291067,0.7695555555555555,0,0,19713,19710,0,0,0,0,NaN,NaN,2.919901948273414,NaN,NaN,NaN,0.7496074058451496,0.7588373558999999,NaN,NaN,NaN,NaN,NaN,NaN,NaN,NaN,NaN,NaN,1,0,0,0,0,NaN,NaN,2.919901948273414,NaN,NaN,NaN,0.7496074058451496,0.7588373558999999,NaN,NaN,NaN,NaN,NaN,NaN,NaN,NaN,NaN,NaN,1
2024-08-01T09:17:00-04:00,0.767681244334635,0.767681244334635,0.7591,0.7591,0.7599755912253144,0.7523756225431661,0.7612042039355993,0,0,19713,19710,0,0,0,0,NaN,NaN,3.567360114365302,NaN,NaN,NaN,0.7496074058451496,0.7588373558999999,NaN,NaN,NaN,NaN,NaN,NaN,NaN,NaN,NaN,NaN,1,0,0,0,0,NaN,NaN,3.567360114365302,NaN,NaN,NaN,0.7496074058451496,0.7588373558999999,NaN,NaN,NaN,NaN,NaN,NaN,NaN,NaN,NaN,NaN,1
2024-08-01T09:30:00-04:00,0.7633906221673175,0.7633906221673175,0.759101,0.7596005000000001,0.7599073928207118,0.7524859260157896,0.7605786456628478,0,0,19713,19710,0,0,0,0,NaN,NaN,4.302141726672925,NaN,NaN,NaN,0.7496074058451496,0.7588373558999999,NaN,NaN,NaN,NaN,NaN,NaN,NaN,NaN,NaN,NaN,1,0,0,0,0,NaN,NaN,4.302141726672925,NaN,NaN,NaN,0.7496074058451496,0.7588373558999999,NaN,NaN,NaN,NaN,NaN,NaN,NaN,NaN,NaN,NaN,1
2024-08-01T09:36:00-04:00,0.7614955610836588,0.7614955610836588,0.759209,0.759209,0.7597804123078552,0.7525885683666935,0.7604944892473119,0,0,19713,19710,0,0,0,0,NaN,NaN,4.215415140485078,NaN,NaN,NaN,0.7496074058451496,0.7588373558999999,NaN,NaN,NaN,NaN,NaN,NaN,NaN,NaN,NaN,NaN,1,0,0,0,0,NaN,NaN,4.215415140485078,NaN,NaN,NaN,0.7496074058451496,0.7588373558999999,NaN,NaN,NaN,NaN,NaN,NaN,NaN,NaN,NaN,NaN,1
2024-08-01T09:49:00-04:00,0.7603522805418295,0.77,0.7603522805418295,0.77,0.7616385191609725,0.7528543917504081,0.766881528221065,1,0,19713,19710,0,0,0,0,NaN,NaN,4.412440795757994,NaN,NaN,NaN,0.7496074058451496,0.7588373558999999,NaN,NaN,NaN,NaN,NaN,NaN,NaN,NaN,NaN,NaN,1,0,0,0,0,NaN,NaN,4.412440795757994,NaN,NaN,NaN,0.7496074058451496,0.7588373558999999,NaN,NaN,NaN,NaN,NaN,NaN,NaN,NaN,NaN,NaN,1
2024-08-01T09:50:00-04:00,0.7651761402709147,0.77,0.7651761402709147,0.77,0.7631587884044321,0.7531161567618523,0.7681348073445192,0,0,19713,19710,0,0,0,0,NaN,NaN,4.34306311437367,NaN,NaN,NaN,0.7496074058451496,0.7588373558999999,NaN,NaN,NaN,NaN,NaN,NaN,NaN,NaN,NaN,NaN,1,0,0,0,0,NaN,NaN,4.34306311437367,NaN,NaN,NaN,0.7496074058451496,0.7588373558999999,NaN,NaN,NaN,NaN,NaN,NaN,NaN,NaN,NaN,NaN,1
2024-08-01T09:55:00-04:00,0.7675880701354574,0.77,0.7675880701354574,0.77,0.7644026450581717,0.753373925360908,0.7681763985756386,0,0,19713,19710,0,0,0,0,NaN,NaN,3.468702127620781,NaN,NaN,NaN,0.7496074058451496,0.7588373558999999,NaN,NaN,NaN,NaN,NaN,NaN,NaN,NaN,NaN,NaN,1,0,0,0,0,NaN,NaN,3.468702127620781,NaN,NaN,NaN,0.7496074058451496,0.7588373558999999,NaN,NaN,NaN,NaN,NaN,NaN,NaN,NaN,NaN,NaN,1
2024-08-01T09:59:00-04:00,0.7687940350677287,0.779549,0.7687940350677287,0.779549,0.7671565277748678,0.7537735448210467,0.7682925019445795,0,0,19713,19710,0,0,0,0,NaN,NaN,2.9539964560485563,NaN,NaN,NaN,0.7496074058451496,0.7588373558999999,NaN,NaN,NaN,NaN,NaN,NaN,NaN,NaN,NaN,NaN,1,0,0,0,0,NaN,NaN,2.9539964560485563,NaN,NaN,NaN,0.7496074058451496,0.7588373558999999,NaN,NaN,NaN,NaN,NaN,NaN,NaN,NaN,NaN,NaN,1
2024-08-01T10:22:00-04:00,0.7741715175338644,0.7795,0.7741715175338644,0.77925,0.76935534090671,0.7541624983352292,0.7700010982765696,0,0,19713,19710,0,0,0,0,NaN,NaN,1.9218408239011584,NaN,NaN,NaN,0.7496074058451496,0.7588373558999999,NaN,NaN,NaN,NaN,NaN,NaN,NaN,NaN,NaN,NaN,1,0,0,0,0,NaN,NaN,1.9218408239011584,NaN,NaN,NaN,0.7496074058451496,0.7588373558999999,NaN,NaN,NaN,NaN,NaN,NaN,NaN,NaN,NaN,NaN,1
2024-08-01T10:40:00-04:00,0.7767107587669322,0.7795,0.7767107587669322,0.7795,0.7711998243782172,0.7545493304217142,0.77073150625,0,0,19713,19710,0,0,0,0,NaN,NaN,2.2349989738786777,NaN,NaN,NaN,0.7496074058451496,0.7588373558999999,NaN,NaN,NaN,NaN,NaN,NaN,NaN,NaN,NaN,NaN,1,0,0,0,0,NaN,NaN,2.2349989738786777,NaN,NaN,NaN,0.7496074058451496,0.7588373558999999,NaN,NaN,NaN,NaN,NaN,NaN,NaN,NaN,NaN,NaN,1
2024-08-01T11:10:00-04:00,0.778105379383466,0.7795,0.778105379383466,0.7795,0.7727089472185413,0.7549302566748178,0.7713490058098591,0,0,19713,19710,0,0,0,0,NaN,NaN,1.758222315322007,NaN,NaN,NaN,0.7496074058451496,0.7588373558999999,NaN,NaN,NaN,NaN,NaN,NaN,NaN,NaN,NaN,NaN,1,0,0,0,0,NaN,NaN,1.758222315322007,NaN,NaN,NaN,0.7496074058451496,0.7588373558999999,NaN,NaN,NaN,NaN,NaN,NaN,NaN,NaN,NaN,NaN,1
2024-08-01T11:14:00-04:00,0.778802689691733,0.778802689691733,0.77,0.77,0.7722164113606247,0.7551603290919962,0.7712813299331103,0,0,19713,19710,0,0,0,0,NaN,NaN,1.1988061994221488,NaN,NaN,NaN,0.7496074058451496,0.7588373558999999,NaN,NaN,NaN,NaN,NaN,NaN,NaN,NaN,NaN,NaN,1,0,0,0,0,NaN,NaN,1.1988061994221488,NaN,NaN,NaN,0.7496074058451496,0.7588373558999999,NaN,NaN,NaN,NaN,NaN,NaN,NaN,NaN,NaN,NaN,1
2024-08-01T11:56:00-04:00,0.7744013448458665,0.7744013448458665,0.7708,0.7708,0.7719588820223293,0.7553991026936451,0.7712747563831892,0,0,19713,19710,0,0,0,0,NaN,NaN,0.6493305334415692,NaN,NaN,NaN,0.7496074058451496,0.7588373558999999,NaN,NaN,NaN,NaN,NaN,NaN,NaN,NaN,NaN,NaN,1,0,0,0,0,NaN,NaN,0.6493305334415692,NaN,NaN,NaN,0.7496074058451496,0.7588373558999999,NaN,NaN,NaN,NaN,NaN,NaN,NaN,NaN,NaN,NaN,1
2024-08-01T12:51:00-04:00,0.7726006724229333,0.7726006724229333,0.752101,0.752101,0.7683483580182694,0.755348749980765,0.7711490845185816,0,0,19713,19710,0,0,0,0,NaN,NaN,0.568104402705033,NaN,NaN,NaN,0.7496074058451496,0.7588373558999999,NaN,NaN,NaN,NaN,NaN,NaN,NaN,NaN,NaN,NaN,1,0,0,0,0,NaN,NaN,0.568104402705033,NaN,NaN,NaN,0.7496074058451496,0.7588373558999999,NaN,NaN,NaN,NaN,NaN,NaN,NaN,NaN,NaN,NaN,1
2024-08-01T12:53:00-04:00,0.7623508362114666,0.76575,0.7623508362114666,0.76575,0.767875929287675,0.7555075476909823,0.7702619040641945,0,0,19713,19710,0,0,0,0,NaN,NaN,0.2635161636501129,NaN,NaN,NaN,0.7496074058451496,0.7588373558999999,NaN,NaN,NaN,NaN,NaN,NaN,NaN,NaN,NaN,NaN,1,0,0,0,0,NaN,NaN,0.2635161636501129,NaN,NaN,NaN,0.7496074058451496,0.7588373558999999,NaN,NaN,NaN,NaN,NaN,NaN,NaN,NaN,NaN,NaN,1
2024-08-01T13:14:00-04:00,0.7640504181057333,0.7795,0.7640504181057333,0.7795,0.769989396689916,0.7558738446727994,0.7703287157422513,0,0,19713,19710,0,0,0,0,NaN,NaN,0.007512648517503929,NaN,NaN,NaN,0.7496074058451496,0.7588373558999999,NaN,NaN,NaN,NaN,NaN,NaN,NaN,NaN,NaN,NaN,1,0,0,0,0,NaN,NaN,0.007512648517503929,NaN,NaN,NaN,0.7496074058451496,0.7588373558999999,NaN,NaN,NaN,NaN,NaN,NaN,NaN,NaN,NaN,NaN,1
2024-08-01T13:19:00-04:00,0.7717752090528667,0.7794,0.752,0.7657,0.7692095063826585,0.7560238623113826,0.7702789178321678,0,0,19713,19710,0,0,0,0,NaN,NaN,0.10486655025625582,NaN,NaN,NaN,0.7496074058451496,0.7588373558999999,NaN,NaN,NaN,NaN,NaN,NaN,NaN,NaN,NaN,NaN,1,0,0,0,0,NaN,NaN,0.10486655025625582,NaN,NaN,NaN,0.7496074058451496,0.7588373558999999,NaN,NaN,NaN,NaN,NaN,NaN,NaN,NaN,NaN,NaN,1
2024-08-01T13:59:00-04:00,0.7687376045264334,0.7687376045264334,0.752,0.752,0.7660805052221752,0.7559624292989952,0.7701074860119365,0,0,19713,19710,0,0,0,0,NaN,NaN,0.275762643509546,NaN,NaN,NaN,0.7496074058451496,0.7588373558999999,NaN,NaN,NaN,NaN,NaN,NaN,NaN,NaN,NaN,NaN,1,0,0,0,0,NaN,NaN,0.275762643509546,NaN,NaN,NaN,0.7496074058451496,0.7588373558999999,NaN,NaN,NaN,NaN,NaN,NaN,NaN,NaN,NaN,NaN,1
2024-08-01T14:03:00-04:00,0.7603688022632167,0.7603688022632167,0.7585,0.7585,0.7647022315454161,0.756001170836415,0.7698652343994573,0,0,19713,19710,0,0,0,0,NaN,NaN,1.3128031864898586,NaN,NaN,NaN,0.7496074058451496,0.7588373558999999,NaN,NaN,NaN,NaN,NaN,NaN,NaN,NaN,NaN,NaN,1,0,0,0,0,NaN,NaN,1.3128031864898586,NaN,NaN,NaN,0.7496074058451496,0.7588373558999999,NaN,NaN,NaN,NaN,NaN,NaN,NaN,NaN,NaN,NaN,1
2024-08-01T14:19:00-04:00,0.7594344011316083,0.7594344011316083,0.7521,0.7536499999999999,0.7626927349007949,0.7559652750984545,0.7665905888782478,0,0,19713,19710,0,0,0,0,NaN,NaN,3.1366349205368427,NaN,NaN,NaN,0.7496074058451496,0.7588373558999999,NaN,NaN,NaN,NaN,NaN,NaN,NaN,NaN,NaN,NaN,1,0,0,0,0,NaN,NaN,3.1366349205368427,NaN,NaN,NaN,0.7496074058451496,0.7588373558999999,NaN,NaN,NaN,NaN,NaN,NaN,NaN,NaN,NaN,NaN,1
2024-08-01T14:47:00-04:00,0.7565422005658041,0.7565422005658041,0.752,0.7535499999999999,0.7610304194642867,0.7559284006694704,0.7658538729669206,0,0,19713,19710,0,0,0,0,NaN,NaN,3.6105537297632364,NaN,NaN,NaN,0.7496074058451496,0.7588373558999999,NaN,NaN,NaN,NaN,NaN,NaN,NaN,NaN,NaN,NaN,1,0,0,0,0,NaN,NaN,3.6105537297632364,NaN,NaN,NaN,0.7496074058451496,0.7588373558999999,NaN,NaN,NaN,NaN,NaN,NaN,NaN,NaN,NaN,NaN,1
2024-08-01T15:01:00-04:00,0.7550461002829021,0.7550461002829021,0.7301,0.7301,0.7554067068344165,0.7555340739416923,0.7649782846932126,0,0,19713,19710,0,0,0,0,NaN,NaN,2.527976636495765,NaN,NaN,NaN,0.7496074058451496,0.7588373558999999,NaN,NaN,NaN,NaN,NaN,NaN,NaN,NaN,NaN,NaN,1,0,0,0,0,NaN,NaN,2.527976636495765,NaN,NaN,NaN,0.7496074058451496,0.7588373558999999,NaN,NaN,NaN,NaN,NaN,NaN,NaN,NaN,NaN,NaN,1
2024-08-01T15:07:00-04:00,0.742573050141451,0.742573050141451,0.74,0.74,0.7526054874099771,0.7552969125074679,0.7624025842126971,0,0,19713,19710,0,0,0,0,NaN,NaN,3.5584305130488723,NaN,NaN,NaN,0.7496074058451496,0.7588373558999999,NaN,NaN,NaN,NaN,NaN,NaN,NaN,NaN,NaN,NaN,1,0,0,0,0,NaN,NaN,3.5584305130488723,NaN,NaN,NaN,0.7496074058451496,0.7588373558999999,NaN,NaN,NaN,NaN,NaN,NaN,NaN,NaN,NaN,NaN,1
2024-08-01T15:17:00-04:00,0.7412865250707255,0.7412865250707255,0.74,0.74,0.7503135806081631,0.7550633718584989,0.7623258446374129,0,0,19713,19710,0,0,0,0,NaN,NaN,2.419135186442561,NaN,NaN,NaN,0.7496074058451496,0.7588373558999999,NaN,NaN,NaN,NaN,NaN,NaN,NaN,NaN,NaN,NaN,1,0,0,0,0,NaN,NaN,2.419135186442561,NaN,NaN,NaN,0.7496074058451496,0.7588373558999999,NaN,NaN,NaN,NaN,NaN,NaN,NaN,NaN,NaN,NaN,1
2024-08-01T15:33:00-04:00,0.7406432625353627,0.749999,0.7406432625353627,0.749999,0.7502563841339517,0.7549860532041707,0.7622732879971348,0,0,19713,19710,0,0,0,0,NaN,NaN,2.8800183176668535,NaN,NaN,NaN,0.7496074058451496,0.7588373558999999,NaN,NaN,NaN,NaN,NaN,NaN,NaN,NaN,NaN,NaN,1,0,0,0,0,NaN,NaN,2.8800183176668535,NaN,NaN,NaN,0.7496074058451496,0.7588373558999999,NaN,NaN,NaN,NaN,NaN,NaN,NaN,NaN,NaN,NaN,1
2024-08-01T15:45:00-04:00,0.7453211312676813,0.75,0.74,0.7450000000000001,0.7493006779277787,0.7548335943766261,0.7616623320336919,0,0,19713,19710,0,0,0,0,NaN,NaN,2.1694478111982045,NaN,NaN,NaN,0.7496074058451496,0.7588373558999999,NaN,NaN,NaN,NaN,NaN,NaN,NaN,NaN,NaN,NaN,1,0,0,0,0,NaN,NaN,2.1694478111982045,NaN,NaN,NaN,0.7496074058451496,0.7588373558999999,NaN,NaN,NaN,NaN,NaN,NaN,NaN,NaN,NaN,NaN,1
2024-08-01T16:00:00-04:00,0.7451605656338407,0.7451605656338407,0.7301,0.7301,0.7458096455772735,0.7544559822487387,0.761444724790877,0,0,19713,19710,0,0,0,0,NaN,NaN,1.326775318059859,NaN,NaN,NaN,0.7496074058451496,0.7588373558999999,NaN,NaN,NaN,NaN,NaN,NaN,NaN,NaN,NaN,NaN,1,0,0,0,0,NaN,NaN,1.326775318059859,NaN,NaN,NaN,0.7496074058451496,0.7588373558999999,NaN,NaN,NaN,NaN,NaN,NaN,NaN,NaN,NaN,NaN,1
2024-08-01T16:05:00-04:00,0.7376302828169203,0.77,0.7376302828169203,0.76,0.7483897100177692,0.7545406237411243,0.7613106763947352,0,0,19713,19710,0,0,0,0,NaN,NaN,2.1304230896577665,NaN,NaN,NaN,0.7496074058451496,0.7588373558999999,NaN,NaN,NaN,NaN,NaN,NaN,NaN,NaN,NaN,NaN,1,0,0,0,0,NaN,NaN,2.1304230896577665,NaN,NaN,NaN,0.7496074058451496,0.7588373558999999,NaN,NaN,NaN,NaN,NaN,NaN,NaN,NaN,NaN,NaN,1
2024-08-01T16:11:00-04:00,0.7488151414084602,0.81,0.7488151414084602,0.8045,0.7585915809236293,0.7553033623099621,0.7618867024714828,0,0,19713,19710,0,1,0,0,NaN,NaN,5.708564058639523,NaN,NaN,NaN,0.7496074058451496,0.7637861145459999,NaN,NaN,NaN,NaN,NaN,NaN,NaN,NaN,NaN,NaN,1,0,1,0,0,NaN,NaN,5.708564058639523,NaN,NaN,NaN,0.7496074058451496,0.7637861145459999,NaN,NaN,NaN,NaN,NaN,NaN,NaN,NaN,NaN,NaN,1
2024-08-01T16:12:00-04:00,0.77665757070423,0.77665757070423,0.7612,0.7612,0.7590658389375149,0.7553933873128634,0.7618270928819444,0,0,19713,19710,0,0,0,0,NaN,NaN,7.798607686575648,NaN,NaN,NaN,0.7496074058451496,0.7637861145459999,NaN,NaN,NaN,NaN,NaN,NaN,NaN,NaN,NaN,NaN,1,0,0,0,0,NaN,NaN,7.798607686575648,NaN,NaN,NaN,0.7496074058451496,0.7637861145459999,NaN,NaN,NaN,NaN,NaN,NaN,NaN,NaN,NaN,NaN,1
2024-08-01T16:14:00-04:00,0.768928785352115,0.768928785352115,0.69,0.71,0.7501447773125122,0.7547003584989266,0.7593453286244691,0,0,19713,19710,0,0,0,1,NaN,NaN,4.015535879297443,NaN,NaN,NaN,0.7496074058451496,0.7529975,NaN,NaN,NaN,NaN,NaN,NaN,NaN,NaN,NaN,NaN,1,0,0,0,1,NaN,NaN,4.015535879297443,NaN,NaN,NaN,0.7496074058451496,0.7529975,NaN,NaN,NaN,NaN,NaN,NaN,NaN,NaN,NaN,NaN,1
2024-08-01T16:15:00-04:00,0.7394643926760575,0.7394643926760575,0.65,0.6699999999999999,0.7355729996193281,0.7534072232546681,0.7525266926031194,0,0,19713,19710,0,0,0,0,NaN,NaN,0.5209922838060943,NaN,NaN,NaN,0.7496074058451496,0.731107575,NaN,NaN,NaN,NaN,NaN,NaN,NaN,NaN,NaN,NaN,1,0,0,0,0,NaN,NaN,0.5209922838060943,NaN,NaN,NaN,0.7496074058451496,0.731107575,NaN,NaN,NaN,NaN,NaN,NaN,NaN,NaN,NaN,NaN,1
2024-08-01T16:45:00-04:00,0.7047321963380286,0.7047321963380286,0.7013,0.7013,0.7293415451430866,0.7526116931286426,0.7522871588305433,0,0,19713,19710,0,0,0,0,NaN,NaN,0.4273420555999957,NaN,NaN,NaN,0.7371687193193275,0.731107575,NaN,NaN,NaN,NaN,NaN,NaN,NaN,NaN,NaN,NaN,1,0,0,0,0,NaN,NaN,0.4273420555999957,NaN,NaN,NaN,0.7371687193193275,0.731107575,NaN,NaN,NaN,NaN,NaN,NaN,NaN,NaN,NaN,NaN,1
2024-08-01T17:07:00-04:00,0.7030160981690143,0.71,0.7030160981690143,0.71,0.7258249005716163,0.7519611329282053,0.751321080999269,0,0,19713,19710,0,0,0,0,NaN,NaN,0.5344605688876766,NaN,NaN,NaN,0.7353526339752706,0.731107575,NaN,NaN,NaN,NaN,NaN,NaN,NaN,NaN,NaN,NaN,1,0,0,0,0,NaN,NaN,0.5344605688876766,NaN,NaN,NaN,0.7353526339752706,0.731107575,NaN,NaN,NaN,NaN,NaN,NaN,NaN,NaN,NaN,NaN,1
2024-08-01T19:54:00-04:00,0.7065080490845072,0.73,0.7065080490845072,0.73,0.7265840095585951,0.751625848456019,0.7512724826198943,0,0,19713,19710,0,0,0,0,NaN,NaN,0.12859683637909758,NaN,NaN,NaN,0.7353526339752706,0.731107575,NaN,NaN,NaN,NaN,NaN,NaN,NaN,NaN,NaN,NaN,1,0,0,0,0,NaN,NaN,0.12859683637909758,NaN,NaN,NaN,0.7353526339752706,0.731107575,NaN,NaN,NaN,NaN,NaN,NaN,NaN,NaN,NaN,NaN,1
2024-08-02T07:23:00-04:00,0.7182540245422535,0.73,0.7182540245422535,0.73,0.7272050987297597,0.7512956828307362,0.73,0,0,19713,19710,0,0,0,0,NaN,NaN,0.012594539342591304,NaN,NaN,NaN,0.7353526339752706,0.731107575,NaN,NaN,NaN,NaN,NaN,NaN,NaN,NaN,NaN,NaN,1,0,0,0,0,NaN,NaN,0.012594539342591304,NaN,NaN,NaN,0.7353526339752706,0.731107575,NaN,NaN,NaN,NaN,NaN,NaN,NaN,NaN,NaN,NaN,1
2024-08-02T07:38:00-04:00,0.7241270122711267,0.7665,0.7241270122711267,0.7665,0.7343496262334397,0.7515278098104197,0.762339,0,0,19713,19710,0,0,0,0,NaN,NaN,0.0315654957460223,NaN,NaN,NaN,0.7353526339752706,0.731107575,NaN,NaN,NaN,NaN,NaN,NaN,NaN,NaN,NaN,NaN,1,0,0,0,0,NaN,NaN,0.0315654957460223,NaN,NaN,NaN,0.7353526339752706,0.731107575,NaN,NaN,NaN,NaN,NaN,NaN,NaN,NaN,NaN,NaN,1
2024-08-02T08:36:00-04:00,0.7453135061355634,0.7696,0.7453135061355634,0.7696,0.740758785100087,0.7518037211110239,0.7661603979156797,0,0,19713,19710,0,0,0,0,NaN,NaN,0.07263108021643296,NaN,NaN,NaN,0.7353526339752706,0.731107575,NaN,NaN,NaN,NaN,NaN,NaN,NaN,NaN,NaN,NaN,1,0,0,0,0,NaN,NaN,0.07263108021643296,NaN,NaN,NaN,0.7353526339752706,0.731107575,NaN,NaN,NaN,NaN,NaN,NaN,NaN,NaN,NaN,NaN,1
2024-08-02T08:46:00-04:00,0.7574567530677816,0.77,0.7574567530677816,0.77,0.7460753696273439,0.7520815268955884,0.7663340569877882,0,0,19713,19710,0,0,0,0,NaN,NaN,0.057245164274076096,NaN,NaN,NaN,0.7353526339752706,0.731107575,NaN,NaN,NaN,NaN,NaN,NaN,NaN,NaN,NaN,NaN,1,0,0,0,0,NaN,NaN,0.057245164274076096,NaN,NaN,NaN,0.7353526339752706,0.731107575,NaN,NaN,NaN,NaN,NaN,NaN,NaN,NaN,NaN,NaN,1
2024-08-02T09:08:00-04:00,0.7637283765338908,0.765,0.7637283765338908,0.765,0.7495162115132814,0.7522787554926023,0.7662637532133676,0,0,19713,19710,0,0,0,0,NaN,NaN,0.020993466147705746,NaN,NaN,NaN,0.7353526339752706,0.731107575,NaN,NaN,NaN,NaN,NaN,NaN,NaN,NaN,NaN,NaN,1,0,0,0,0,NaN,NaN,0.020993466147705746,NaN,NaN,NaN,0.7353526339752706,0.731107575,NaN,NaN,NaN,NaN,NaN,NaN,NaN,NaN,NaN,NaN,1
2024-08-02T09:30:00-04:00,0.7643641882669454,0.7643641882669454,0.7,0.725025,0.7450632639654121,0.7518626676224862,0.7284669700328995,0,1,19713,19710,0,0,0,0,NaN,NaN,0.1827821306817816,NaN,NaN,NaN,0.7353526339752706,0.731107575,NaN,NaN,NaN,NaN,NaN,NaN,NaN,NaN,NaN,NaN,1,0,0,0,0,NaN,NaN,0.1827821306817816,NaN,NaN,NaN,0.7353526339752706,0.731107575,NaN,NaN,NaN,NaN,NaN,NaN,NaN,NaN,NaN,NaN,1
2024-08-02T09:31:00-04:00,0.7446945941334727,0.7446945941334727,0.734999,0.734999,0.7432333977898826,0.7516052070480971,0.7289185870310576,0,0,19713,19757,0,0,0,0,NaN,NaN,0.680246677051402,NaN,NaN,NaN,0.7353526339752706,0.731107575,NaN,NaN,NaN,NaN,NaN,NaN,NaN,NaN,NaN,NaN,1,0,0,0,0,NaN,NaN,0.680246677051402,NaN,NaN,NaN,0.7353526339752706,0.731107575,NaN,NaN,NaN,NaN,NaN,NaN,NaN,NaN,NaN,NaN,1
2024-08-02T09:33:00-04:00,0.7398467970667364,0.7398467970667364,0.7019,0.7019,0.7357182345553585,0.7508463489252254,0.7280481709029993,0,0,19713,19758,0,0,0,0,NaN,NaN,2.3974468324547233,NaN,NaN,NaN,0.7353526339752706,0.731107575,NaN,NaN,NaN,NaN,NaN,NaN,NaN,NaN,NaN,NaN,1,0,0,0,0,NaN,NaN,2.3974468324547233,NaN,NaN,NaN,0.7353526339752706,0.731107575,NaN,NaN,NaN,NaN,NaN,NaN,NaN,NaN,NaN,NaN,1
2024-08-02T09:34:00-04:00,0.7208733985333682,0.7208733985333682,0.69,0.6951999999999999,0.7283512828180205,0.7499967863462144,0.7225230096200225,0,0,19713,19759,0,0,0,0,NaN,NaN,5.418378446233022,NaN,NaN,NaN,0.7353526339752706,0.731107575,NaN,NaN,NaN,NaN,NaN,NaN,NaN,NaN,NaN,NaN,1,0,0,0,0,NaN,NaN,5.418378446233022,NaN,NaN,NaN,0.7353526339752706,0.731107575,NaN,NaN,NaN,NaN,NaN,NaN,NaN,NaN,NaN,NaN,1
2024-08-02T09:41:00-04:00,0.708036699266684,0.71,0.69,0.7,0.723196504123835,0.749233476631005,0.7206931329213649,0,0,19713,19760,0,0,0,0,NaN,NaN,9.02083300730156,NaN,NaN,NaN,0.7353526339752706,0.731107575,NaN,NaN,NaN,NaN,NaN,NaN,NaN,NaN,NaN,NaN,1,0,0,0,0,NaN,NaN,9.02083300730156,NaN,NaN,NaN,0.7353526339752706,0.731107575,NaN,NaN,NaN,NaN,NaN,NaN,NaN,NaN,NaN,NaN,1
2024-08-02T09:44:00-04:00,0.704018349633342,0.714999,0.704018349633342,0.714999,0.7217060488285922,0.7487108128656462,0.7206791486074954,0,0,19713,19761,0,0,0,0,NaN,NaN,12.629999038787206,NaN,NaN,NaN,0.7353526339752706,0.731107575,NaN,NaN,NaN,NaN,NaN,NaN,NaN,NaN,NaN,NaN,1,0,0,0,0,NaN,NaN,12.629999038787206,NaN,NaN,NaN,0.7353526339752706,0.731107575,NaN,NaN,NaN,NaN,NaN,NaN,NaN,NaN,NaN,NaN,1
2024-08-02T09:46:00-04:00,0.709508674816671,0.709508674816671,0.7,0.7,0.7177594944961209,0.7479671363333463,0.7205780725597536,0,1,19713,19762,0,0,0,0,NaN,NaN,14.391779231846893,NaN,NaN,NaN,0.7353526339752706,0.731107575,NaN,NaN,NaN,NaN,NaN,NaN,NaN,NaN,NaN,NaN,1,0,0,0,0,NaN,NaN,14.391779231846893,NaN,NaN,NaN,0.7353526339752706,0.731107575,NaN,NaN,NaN,NaN,NaN,NaN,NaN,NaN,NaN,NaN,1
2024-08-02T09:47:00-04:00,0.7047543374083355,0.7047543374083355,0.7,0.7000249999999999,0.7145350409513715,0.7472351953206234,0.7181818855088734,0,0,19713,19763,0,0,0,0,NaN,NaN,16.08350258900741,NaN,NaN,NaN,0.7353526339752706,0.731107575,NaN,NaN,NaN,NaN,NaN,NaN,NaN,NaN,NaN,NaN,1,0,0,0,0,NaN,NaN,16.08350258900741,NaN,NaN,NaN,0.7353526339752706,0.731107575,NaN,NaN,NaN,NaN,NaN,NaN,NaN,NaN,NaN,NaN,1
2024-08-02T09:48:00-04:00,0.7023896687041677,0.712,0.7023896687041677,0.7085,0.7134377607783949,0.7466438182928277,0.7180989891048418,0,0,19713,19764,0,0,0,0,NaN,NaN,17.349960706691615,NaN,NaN,NaN,0.7353526339752706,0.731107575,NaN,NaN,NaN,NaN,NaN,NaN,NaN,NaN,NaN,NaN,1,0,0,0,0,NaN,NaN,17.349960706691615,NaN,NaN,NaN,0.7353526339752706,0.731107575,NaN,NaN,NaN,NaN,NaN,NaN,NaN,NaN,NaN,NaN,1
2024-08-02T09:50:00-04:00,0.7054448343520838,0.7054448343520838,0.69,0.69,0.7091763497277777,0.7457790271738532,0.7178604476633134,0,1,19713,19765,0,0,0,0,NaN,NaN,22.233978206931614,NaN,NaN,NaN,0.7353526339752706,0.731107575,NaN,NaN,NaN,NaN,NaN,NaN,NaN,NaN,NaN,NaN,1,0,0,0,0,NaN,NaN,22.233978206931614,NaN,NaN,NaN,0.7353526339752706,0.731107575,NaN,NaN,NaN,NaN,NaN,NaN,NaN,NaN,NaN,NaN,1
2024-08-02T09:53:00-04:00,0.6977224171760419,0.71,0.6977224171760419,0.71,0.7093261043227271,0.7452327824841761,0.7178024895297884,0,0,19713,19766,0,0,0,0,NaN,NaN,25.088342484859766,NaN,NaN,NaN,0.7353526339752706,0.731107575,NaN,NaN,NaN,NaN,NaN,NaN,NaN,NaN,NaN,NaN,1,0,0,0,0,NaN,NaN,25.088342484859766,NaN,NaN,NaN,0.7353526339752706,0.731107575,NaN,NaN,NaN,NaN,NaN,NaN,NaN,NaN,NaN,NaN,1
2024-08-02T09:57:00-04:00,0.7038612085880209,0.71,0.7038612085880209,0.71,0.709448630809504,0.7446948774080818,0.7177860867179616,0,0,19713,19767,0,0,0,0,NaN,NaN,28.483262741368176,NaN,NaN,NaN,0.7353526339752706,0.731107575,NaN,NaN,NaN,NaN,NaN,NaN,NaN,NaN,NaN,NaN,1,0,0,0,0,NaN,NaN,28.483262741368176,NaN,NaN,NaN,0.7353526339752706,0.731107575,NaN,NaN,NaN,NaN,NaN,NaN,NaN,NaN,NaN,NaN,1
2024-08-02T10:08:00-04:00,0.7069306042940104,0.715,0.7069306042940104,0.715,0.7104579706623215,0.7442415205010882,0.7177428406184031,0,0,19713,19768,0,0,0,0,NaN,NaN,30.296405490908786,NaN,NaN,NaN,0.7353526339752706,0.731107575,NaN,NaN,NaN,NaN,NaN,NaN,NaN,NaN,NaN,NaN,1,0,0,0,0,NaN,NaN,30.296405490908786,NaN,NaN,NaN,0.7353526339752706,0.731107575,NaN,NaN,NaN,NaN,NaN,NaN,NaN,NaN,NaN,NaN,1
2024-08-02T10:10:00-04:00,0.7109653021470053,0.7109653021470053,0.7,0.70005,0.7085656123600812,0.7435668407987814,0.7167410592565113,0,1,19713,19769,0,0,0,0,NaN,NaN,32.85576339533813,NaN,NaN,NaN,0.7353526339752706,0.731107575,NaN,NaN,NaN,NaN,NaN,NaN,NaN,NaN,NaN,NaN,1,0,0,0,0,NaN,NaN,32.85576339533813,NaN,NaN,NaN,0.7353526339752706,0.731107575,NaN,NaN,NaN,NaN,NaN,NaN,NaN,NaN,NaN,NaN,1
2024-08-02T10:13:00-04:00,0.7055076510735026,0.7055076510735026,0.69,0.6912499999999999,0.7054173192037028,0.7427681104049069,0.7164575737151021,0,0,19713,19770,0,0,0,0,NaN,NaN,37.05580054458775,NaN,NaN,NaN,0.7353526339752706,0.731107575,NaN,NaN,NaN,NaN,NaN,NaN,NaN,NaN,NaN,NaN,1,0,0,0,0,NaN,NaN,37.05580054458775,NaN,NaN,NaN,0.7353526339752706,0.731107575,NaN,NaN,NaN,NaN,NaN,NaN,NaN,NaN,NaN,NaN,1
2024-08-02T10:14:00-04:00,0.6983788255367512,0.6983788255367512,0.6793,0.67965,0.7007323520757568,0.7418044751315495,0.7157132478860451,0,0,19713,19771,0,0,0,0,NaN,NaN,40.65712759137388,NaN,NaN,NaN,0.7353526339752706,0.731107575,NaN,NaN,NaN,NaN,NaN,NaN,NaN,NaN,NaN,NaN,1,0,0,0,0,NaN,NaN,40.65712759137388,NaN,NaN,NaN,0.7353526339752706,0.731107575,NaN,NaN,NaN,NaN,NaN,NaN,NaN,NaN,NaN,NaN,1
2024-08-02T10:18:00-04:00,0.6890144127683756,0.6890144127683756,0.67,0.67535,0.6961173789710737,0.7407899029921365,0.7153125863502706,0,0,19713,19772,0,0,0,0,NaN,NaN,45.077726676094095,NaN,NaN,NaN,0.7353526339752706,0.731107575,NaN,NaN,NaN,NaN,NaN,NaN,NaN,NaN,NaN,NaN,1,0,0,0,0,NaN,NaN,45.077726676094095,NaN,NaN,NaN,0.7353526339752706,0.731107575,NaN,NaN,NaN,NaN,NaN,NaN,NaN,NaN,NaN,NaN,1
2024-08-02T10:19:00-04:00,0.6821822063841878,0.6821822063841878,0.661,0.66195,0.6899051282490604,0.7395862403510353,0.7150827124608385,0,0,19713,19773,0,0,0,0,NaN,NaN,47.90529344551683,NaN,NaN,NaN,0.692327203473034,0.7231746205,NaN,NaN,NaN,NaN,NaN,NaN,NaN,NaN,NaN,NaN,1,0,0,0,0,NaN,NaN,47.90529344551683,NaN,NaN,NaN,0.692327203473034,0.7231746205,NaN,NaN,NaN,NaN,NaN,NaN,NaN,NaN,NaN,NaN,1
2024-08-02T10:22:00-04:00,0.6720661031920939,0.6720661031920939,0.6501,0.6501,0.6826678322037767,0.7382200382082713,0.7147655589103125,0,0,19713,19774,0,0,0,0,NaN,NaN,50.56918864817376,NaN,NaN,NaN,0.6766064299500191,0.7112061546549999,NaN,NaN,NaN,NaN,NaN,NaN,NaN,NaN,NaN,NaN,1,0,0,0,0,NaN,NaN,50.56918864817376,NaN,NaN,NaN,0.6766064299500191,0.7112061546549999,NaN,NaN,NaN,NaN,NaN,NaN,NaN,NaN,NaN,NaN,1
2024-08-02T10:24:00-04:00,0.661083051596047,0.661083051596047,0.640101,0.6453255,0.6758783172576355,0.7368018009837175,0.7072921223048391,0,0,19713,19775,0,0,0,0,NaN,NaN,53.25406623752388,NaN,NaN,NaN,0.6718829907517344,0.7011996960964,NaN,NaN,NaN,NaN,NaN,NaN,NaN,NaN,NaN,NaN,1,0,0,0,0,NaN,NaN,53.25406623752388,NaN,NaN,NaN,0.6718829907517344,0.7011996960964,NaN,NaN,NaN,NaN,NaN,NaN,NaN,NaN,NaN,NaN,1
2024-08-02T10:25:00-04:00,0.6532042757980234,0.6532042757980234,0.64,0.640375,0.6694231686653381,0.7353296360832028,0.7066337700045914,0,0,19713,19776,0,0,0,0,NaN,NaN,55.985708402559474,NaN,NaN,NaN,0.6669152407112082,0.68997202918194,NaN,NaN,NaN,NaN,NaN,NaN,NaN,NaN,NaN,NaN,1,0,0,0,0,NaN,NaN,55.985708402559474,NaN,NaN,NaN,0.6669152407112082,0.68997202918194,NaN,NaN,NaN,NaN,NaN,NaN,NaN,NaN,NaN,NaN,1
2024-08-02T10:27:00-04:00,0.6467896378990117,0.6467896378990117,0.64,0.64,0.6640735016352767,0.7338742217918561,0.7064528894803115,0,0,19713,19777,0,0,0,0,NaN,NaN,58.82882553042595,NaN,NaN,NaN,0.6664669488392684,0.6808233139291908,NaN,NaN,NaN,NaN,NaN,NaN,NaN,NaN,NaN,NaN,1,0,0,0,0,NaN,NaN,58.82882553042595,NaN,NaN,NaN,0.6664669488392684,0.6808233139291908,NaN,NaN,NaN,NaN,NaN,NaN,NaN,NaN,NaN,NaN,1
2024-08-02T10:28:00-04:00,0.6433948189495058,0.6479,0.6433948189495058,0.6459,0.6607692286106809,0.7325311039019041,0.7045574942576988,0,0,19713,19778,0,0,0,0,NaN,NaN,61.33318580176268,NaN,NaN,NaN,0.6664669488392684,0.6808233139291908,NaN,NaN,NaN,NaN,NaN,NaN,NaN,NaN,NaN,NaN,1,0,0,0,0,NaN,NaN,61.33318580176268,NaN,NaN,NaN,0.6664669488392684,0.6808233139291908,NaN,NaN,NaN,NaN,NaN,NaN,NaN,NaN,NaN,NaN,1
2024-08-02T10:29:00-04:00,0.644647409474753,0.644647409474753,0.6,0.62395,0.6540748234087389,0.7308733771247758,0.6983282781188337,0,0,19713,19779,0,0,0,0,NaN,NaN,63.46244701219783,NaN,NaN,NaN,0.6664669488392684,0.6625401680040608,NaN,NaN,NaN,NaN,NaN,NaN,NaN,NaN,NaN,NaN,1,0,0,0,0,NaN,NaN,63.46244701219783,NaN,NaN,NaN,0.6664669488392684,0.6625401680040608,NaN,NaN,NaN,NaN,NaN,NaN,NaN,NaN,NaN,NaN,1
2024-08-02T10:44:00-04:00,0.6342987047373765,0.6342987047373765,0.6157,0.6157,0.6470975827889682,0.729115004954932,0.6970910250881867,0,0,19713,19780,0,0,0,0,NaN,NaN,65.79052758878828,NaN,NaN,NaN,0.6588560169394795,0.6481635276830862,NaN,NaN,NaN,NaN,NaN,NaN,NaN,NaN,NaN,NaN,1,0,0,0,0,NaN,NaN,65.79052758878828,NaN,NaN,NaN,0.6588560169394795,0.6481635276830862,NaN,NaN,NaN,NaN,NaN,NaN,NaN,NaN,NaN,NaN,1
2024-08-02T10:45:00-04:00,0.6249993523686883,0.6249993523686883,0.615599,0.615599,0.6413705677364285,0.7273819361769941,0.6965085647559146,0,0,19713,19781,0,0,0,0,NaN,NaN,68.1354615220854,NaN,NaN,NaN,0.6422504568355818,0.6393342402086529,NaN,NaN,NaN,NaN,NaN,NaN,NaN,NaN,NaN,NaN,1,0,0,0,0,NaN,NaN,68.1354615220854,NaN,NaN,NaN,0.6422504568355818,0.6393342402086529,NaN,NaN,NaN,NaN,NaN,NaN,NaN,NaN,NaN,NaN,1
2024-08-02T10:50:00-04:00,0.6202991761843442,0.6202991761843442,0.6157,0.6157,0.6367031917843506,0.7256768684491011,0.6953696941371292,0,0,19713,19782,0,0,0,0,NaN,NaN,70.46216194966276,NaN,NaN,NaN,0.6422504568355818,0.6393342402086529,NaN,NaN,NaN,NaN,NaN,NaN,NaN,NaN,NaN,NaN,1,0,0,0,0,NaN,NaN,70.46216194966276,NaN,NaN,NaN,0.6422504568355818,0.6393342402086529,NaN,NaN,NaN,NaN,NaN,NaN,NaN,NaN,NaN,NaN,1
2024-08-02T10:58:00-04:00,0.617999588092172,0.617999588092172,0.6001,0.6001,0.6300480660053778,0.7237596643506415,0.6951687173546165,0,0,19713,19783,0,0,0,0,NaN,NaN,71.98329548430098,NaN,NaN,NaN,0.6267186597123967,0.622139318146057,NaN,NaN,NaN,NaN,NaN,NaN,NaN,NaN,NaN,NaN,1,0,0,0,0,NaN,NaN,71.98329548430098,NaN,NaN,NaN,0.6267186597123967,0.622139318146057,NaN,NaN,NaN,NaN,NaN,NaN,NaN,NaN,NaN,NaN,1
2024-08-02T11:06:00-04:00,0.609049794046086,0.6129,0.609049794046086,0.6129,0.6269302358225818,0.7220671503910897,0.6949126620704643,0,0,19713,19784,0,0,0,0,NaN,NaN,74.84972236910602,NaN,NaN,NaN,0.6267186597123967,0.622139318146057,NaN,NaN,NaN,NaN,NaN,NaN,NaN,NaN,NaN,NaN,1,0,0,0,0,NaN,NaN,74.84972236910602,NaN,NaN,NaN,0.6267186597123967,0.622139318146057,NaN,NaN,NaN,NaN,NaN,NaN,NaN,NaN,NaN,NaN,1
2024-08-02T11:07:00-04:00,0.610974897023043,0.6146,0.610974897023043,0.6137,0.6245247384002942,0.7204126900797754,0.6943159007375966,0,0,19713,19785,0,0,0,0,NaN,NaN,76.14876984537656,NaN,NaN,NaN,0.6267186597123967,0.622139318146057,NaN,NaN,NaN,NaN,NaN,NaN,NaN,NaN,NaN,NaN,1,0,0,0,0,NaN,NaN,76.14876984537656,NaN,NaN,NaN,0.6267186597123967,0.622139318146057,NaN,NaN,NaN,NaN,NaN,NaN,NaN,NaN,NaN,NaN,1
2024-08-02T11:10:00-04:00,0.6123374485115215,0.6129,0.6123374485115215,0.6129,0.6224111496002407,0.7187712749640536,0.6942027523799599,0,0,19713,19786,0,0,0,0,NaN,NaN,77.39159924624953,NaN,NaN,NaN,0.6267186597123967,0.622139318146057,NaN,NaN,NaN,NaN,NaN,NaN,NaN,NaN,NaN,NaN,1,0,0,0,0,NaN,NaN,77.39159924624953,NaN,NaN,NaN,0.6267186597123967,0.622139318146057,NaN,NaN,NaN,NaN,NaN,NaN,NaN,NaN,NaN,NaN,1
2024-08-02T11:16:00-04:00,0.6126187242557608,0.624,0.6126187242557608,0.61985,0.6219454860365605,0.71726102649132,0.689371828308752,0,0,19713,19787,0,0,0,0,NaN,NaN,78.43950483483562,NaN,NaN,NaN,0.6267186597123967,0.622139318146057,NaN,NaN,NaN,NaN,NaN,NaN,NaN,NaN,NaN,NaN,1,0,0,0,0,NaN,NaN,78.43950483483562,NaN,NaN,NaN,0.6267186597123967,0.622139318146057,NaN,NaN,NaN,NaN,NaN,NaN,NaN,NaN,NaN,NaN,1
2024-08-02T11:59:00-04:00,0.6162343621278804,0.624,0.615,0.6194999999999999,0.6215008522117313,0.7157684917357273,0.6882110925499969,0,0,19713,19788,0,0,0,0,NaN,NaN,79.36679834764547,NaN,NaN,NaN,0.6267186597123967,0.622139318146057,NaN,NaN,NaN,NaN,NaN,NaN,NaN,NaN,NaN,NaN,1,0,0,0,0,NaN,NaN,79.36679834764547,NaN,NaN,NaN,0.6267186597123967,0.622139318146057,NaN,NaN,NaN,NaN,NaN,NaN,NaN,NaN,NaN,NaN,1
2024-08-02T12:01:00-04:00,0.6178671810639402,0.623911,0.6178671810639402,0.623911,0.6219390609005074,0.7143660872817468,0.6879655317611866,0,0,19713,19789,0,0,0,0,NaN,NaN,80.59769711372364,NaN,NaN,NaN,0.6267186597123967,0.622139318146057,NaN,NaN,NaN,NaN,NaN,NaN,NaN,NaN,NaN,NaN,1,0,0,0,0,NaN,NaN,80.59769711372364,NaN,NaN,NaN,0.6267186597123967,0.622139318146057,NaN,NaN,NaN,NaN,NaN,NaN,NaN,NaN,NaN,NaN,1
2024-08-02T12:03:00-04:00,0.6208890905319702,0.624,0.6208890905319702,0.624,0.6223137771004151,0.7129864523614148,0.6878030899307982,0,0,19713,19790,0,0,0,0,NaN,NaN,81.70156753796263,NaN,NaN,NaN,0.6267186597123967,0.622139318146057,NaN,NaN,NaN,NaN,NaN,NaN,NaN,NaN,NaN,NaN,1,0,0,0,0,NaN,NaN,81.70156753796263,NaN,NaN,NaN,0.6267186597123967,0.622139318146057,NaN,NaN,NaN,NaN,NaN,NaN,NaN,NaN,NaN,NaN,1
2024-08-02T12:26:00-04:00,0.622444545265985,0.6241,0.622444545265985,0.6241,0.6226385449003397,0.7116294072871947,0.6874811742467313,0,0,19713,19791,0,0,0,0,NaN,NaN,82.71485340385469,NaN,NaN,NaN,0.6267186597123967,0.622139318146057,NaN,NaN,NaN,NaN,NaN,NaN,NaN,NaN,NaN,NaN,1,0,0,0,0,NaN,NaN,82.71485340385469,NaN,NaN,NaN,0.6267186597123967,0.622139318146057,NaN,NaN,NaN,NaN,NaN,NaN,NaN,NaN,NaN,NaN,1
2024-08-02T12:29:00-04:00,0.6232722726329925,0.63,0.6232722726329925,0.63,0.623976991282096,0.7103831567942605,0.6871921607378545,0,0,19713,19792,0,0,0,0,NaN,NaN,83.10954347945525,NaN,NaN,NaN,0.6267186597123967,0.622139318146057,NaN,NaN,NaN,NaN,NaN,NaN,NaN,NaN,NaN,NaN,1,0,0,0,0,NaN,NaN,83.10954347945525,NaN,NaN,NaN,0.6267186597123967,0.622139318146057,NaN,NaN,NaN,NaN,NaN,NaN,NaN,NaN,NaN,NaN,1
2024-08-02T12:31:00-04:00,0.6266361363164963,0.6301,0.6266361363164963,0.6301,0.6250902655944423,0.7091574597439664,0.6870525623510974,0,0,19713,19793,0,0,0,0,NaN,NaN,83.39605190354433,NaN,NaN,NaN,0.6267186597123967,0.622139318146057,NaN,NaN,NaN,NaN,NaN,NaN,NaN,NaN,NaN,NaN,1,0,0,0,0,NaN,NaN,83.39605190354433,NaN,NaN,NaN,0.6267186597123967,0.622139318146057,NaN,NaN,NaN,NaN,NaN,NaN,NaN,NaN,NaN,NaN,1
2024-08-02T12:33:00-04:00,0.6283680681582482,0.6301,0.6283680681582482,0.6301,0.6260011263954528,0.7079504756257379,0.6869812379148406,0,0,19713,19794,0,0,0,0,NaN,NaN,83.5762873977192,NaN,NaN,NaN,0.6267186597123967,0.622139318146057,NaN,NaN,NaN,NaN,NaN,NaN,NaN,NaN,NaN,NaN,1,0,0,0,0,NaN,NaN,83.5762873977192,NaN,NaN,NaN,0.6267186597123967,0.622139318146057,NaN,NaN,NaN,NaN,NaN,NaN,NaN,NaN,NaN,NaN,1
2024-08-02T12:58:00-04:00,0.629234034079124,0.644,0.629234034079124,0.644,0.6292736488690068,0.7069741324864136,0.68687385193629,0,0,19713,19795,0,0,0,0,NaN,NaN,82.97762366711761,NaN,NaN,NaN,0.6267186597123967,0.622139318146057,NaN,NaN,NaN,NaN,NaN,NaN,NaN,NaN,NaN,NaN,1,0,0,0,0,NaN,NaN,82.97762366711761,NaN,NaN,NaN,0.6267186597123967,0.622139318146057,NaN,NaN,NaN,NaN,NaN,NaN,NaN,NaN,NaN,NaN,1
2024-08-02T12:59:00-04:00,0.636617017039562,0.648,0.636617017039562,0.6441749999999999,0.6319829854382784,0.7060153671049416,0.6846237781203036,0,0,19713,19796,0,0,0,0,NaN,NaN,82.27092557220506,NaN,NaN,NaN,0.6267186597123967,0.622139318146057,NaN,NaN,NaN,NaN,NaN,NaN,NaN,NaN,NaN,NaN,1,0,0,0,0,NaN,NaN,82.27092557220506,NaN,NaN,NaN,0.6267186597123967,0.622139318146057,NaN,NaN,NaN,NaN,NaN,NaN,NaN,NaN,NaN,NaN,1
2024-08-02T13:02:00-04:00,0.640396008519781,0.6439,0.640396008519781,0.6439,0.6341497153585914,0.705067040889599,0.6845756429736536,0,0,19713,19797,0,0,0,0,NaN,NaN,81.4625912230458,NaN,NaN,NaN,0.6267186597123967,0.622139318146057,NaN,NaN,NaN,NaN,NaN,NaN,NaN,NaN,NaN,NaN,1,0,0,0,0,NaN,NaN,81.4625912230458,NaN,NaN,NaN,0.6267186597123967,0.622139318146057,NaN,NaN,NaN,NaN,NaN,NaN,NaN,NaN,NaN,NaN,1
2024-08-02T13:21:00-04:00,0.6421480042598905,0.646,0.6421480042598905,0.646,0.6363043125661203,0.7041652540057883,0.6845301007343307,0,0,19713,19798,0,0,0,0,NaN,NaN,80.46306410771814,NaN,NaN,NaN,0.6267186597123967,0.6306235,NaN,NaN,NaN,NaN,NaN,NaN,NaN,NaN,NaN,NaN,1,0,0,0,0,NaN,NaN,80.46306410771814,NaN,NaN,NaN,0.6267186597123967,0.6306235,NaN,NaN,NaN,NaN,NaN,NaN,NaN,NaN,NaN,NaN,1
2024-08-02T13:43:00-04:00,0.6440740021299453,0.6479,0.6440740021299453,0.6479,0.6384126193722802,0.7033062424942496,0.6844869063889251,0,0,19713,19799,0,0,0,0,NaN,NaN,79.46223159790603,NaN,NaN,NaN,0.6267186597123967,0.632063295,NaN,NaN,NaN,NaN,NaN,NaN,NaN,NaN,NaN,NaN,1,0,0,0,0,NaN,NaN,79.46223159790603,NaN,NaN,NaN,0.6267186597123967,0.632063295,NaN,NaN,NaN,NaN,NaN,NaN,NaN,NaN,NaN,NaN,1
2024-08-02T13:53:00-04:00,0.6459870010649726,0.6461,0.6459870010649726,0.6461,0.6398103249409566,0.7024328647462458,0.6834304223765238,0,0,19713,19800,0,0,0,0,NaN,NaN,78.41105944625826,NaN,NaN,NaN,0.6267186597123967,0.632063295,NaN,NaN,NaN,NaN,NaN,NaN,NaN,NaN,NaN,NaN,1,0,0,0,0,NaN,NaN,78.41105944625826,NaN,NaN,NaN,0.6267186597123967,0.632063295,NaN,NaN,NaN,NaN,NaN,NaN,NaN,NaN,NaN,NaN,1
2024-08-02T14:09:00-04:00,0.6460435005324863,0.6461,0.6460435005324863,0.6461,0.6409539022244191,0.7015728210096619,0.6833663196741957,0,0,19713,19801,0,0,0,0,NaN,NaN,77.75109617594168,NaN,NaN,NaN,0.6267186597123967,0.632063295,NaN,NaN,NaN,NaN,NaN,NaN,NaN,NaN,NaN,NaN,1,0,0,0,0,NaN,NaN,77.75109617594168,NaN,NaN,NaN,0.6267186597123967,0.632063295,NaN,NaN,NaN,NaN,NaN,NaN,NaN,NaN,NaN,NaN,1
2024-08-02T14:26:00-04:00,0.6460717502662432,0.648,0.6460717502662432,0.64705,0.6420622836381611,0.7007404115285983,0.6824654560145131,0,0,19713,19802,0,0,0,0,NaN,NaN,76.55335334451311,NaN,NaN,NaN,0.6267186597123967,0.632063295,NaN,NaN,NaN,NaN,NaN,NaN,NaN,NaN,NaN,NaN,1,0,0,0,0,NaN,NaN,76.55335334451311,NaN,NaN,NaN,0.6267186597123967,0.632063295,NaN,NaN,NaN,NaN,NaN,NaN,NaN,NaN,NaN,NaN,1
2024-08-02T14:40:00-04:00,0.6465608751331215,0.65,0.6465608751331215,0.6496500000000001,0.6434418684312228,0.699960405245719,0.6822793150156519,0,0,19713,19803,0,0,0,0,NaN,NaN,74.89130024616702,NaN,NaN,NaN,0.6267186597123967,0.6339409973000001,NaN,NaN,NaN,NaN,NaN,NaN,NaN,NaN,NaN,NaN,1,0,0,0,0,NaN,NaN,74.89130024616702,NaN,NaN,NaN,0.6267186597123967,0.6339409973000001,NaN,NaN,NaN,NaN,NaN,NaN,NaN,NaN,NaN,NaN,1
2024-08-02T14:57:00-04:00,0.6481054375665608,0.66976,0.6481054375665608,0.66976,0.6482269832619095,0.6994993303564714,0.6810284592500452,0,0,19713,19804,0,0,0,0,NaN,NaN,72.149858327116,NaN,NaN,NaN,0.6267186597123967,0.6463147575429999,NaN,NaN,NaN,NaN,NaN,NaN,NaN,NaN,NaN,NaN,1,0,0,0,0,NaN,NaN,72.149858327116,NaN,NaN,NaN,0.6267186597123967,0.6463147575429999,NaN,NaN,NaN,NaN,NaN,NaN,NaN,NaN,NaN,NaN,1
2024-08-02T15:00:00-04:00,0.6589327187832804,0.6589327187832804,0.658,0.658,0.6500038953961078,0.6988657527937772,0.6809603256776549,0,0,19713,19805,0,0,0,0,NaN,NaN,70.3618185878602,NaN,NaN,NaN,0.6267186597123967,0.6463147575429999,NaN,NaN,NaN,NaN,NaN,NaN,NaN,NaN,NaN,NaN,1,0,0,0,0,NaN,NaN,70.3618185878602,NaN,NaN,NaN,0.6267186597123967,0.6463147575429999,NaN,NaN,NaN,NaN,NaN,NaN,NaN,NaN,NaN,NaN,1
2024-08-02T15:01:00-04:00,0.6584663593916402,0.6799,0.6584663593916402,0.6749,0.6545304598695427,0.698499863438147,0.6808535702856643,0,0,19713,19806,0,0,0,0,NaN,NaN,67.1973827808519,NaN,NaN,NaN,0.6267186597123967,0.6520065866378401,NaN,NaN,NaN,NaN,NaN,NaN,NaN,NaN,NaN,NaN,1,0,0,0,0,NaN,NaN,67.1973827808519,NaN,NaN,NaN,0.6267186597123967,0.6520065866378401,NaN,NaN,NaN,NaN,NaN,NaN,NaN,NaN,NaN,NaN,1
2024-08-02T15:24:00-04:00,0.6666831796958201,0.6701,0.6666831796958201,0.6701,0.6573612853478077,0.6980662777368012,0.6808430567396344,0,0,19713,19807,0,0,0,0,NaN,NaN,64.38755014500038,NaN,NaN,NaN,0.6267186597123967,0.6520065866378401,NaN,NaN,NaN,NaN,NaN,NaN,NaN,NaN,NaN,NaN,1,0,0,0,0,NaN,NaN,64.38755014500038,NaN,NaN,NaN,0.6267186597123967,0.6520065866378401,NaN,NaN,NaN,NaN,NaN,NaN,NaN,NaN,NaN,NaN,1
2024-08-02T15:33:00-04:00,0.66839158984791,0.6701,0.66839158984791,0.6701,0.6596774152845699,0.6976393116644836,0.6808325637312838,0,0,19713,19808,0,0,0,0,NaN,NaN,61.47996641067838,NaN,NaN,NaN,0.6267186597123967,0.6520065866378401,NaN,NaN,NaN,NaN,NaN,NaN,NaN,NaN,NaN,NaN,1,0,0,0,0,NaN,NaN,61.47996641067838,NaN,NaN,NaN,0.6267186597123967,0.6520065866378401,NaN,NaN,NaN,NaN,NaN,NaN,NaN,NaN,NaN,NaN,1
2024-08-02T15:36:00-04:00,0.669245794923955,0.67001,0.669245794923955,0.67001,0.6615560670510118,0.697217490112354,0.680789606604664,0,0,19713,19809,0,0,0,0,NaN,NaN,59.2753183030102,NaN,NaN,NaN,0.6267186597123967,0.6520065866378401,NaN,NaN,NaN,NaN,NaN,NaN,NaN,NaN,NaN,NaN,1,0,0,0,0,NaN,NaN,59.2753183030102,NaN,NaN,NaN,0.6267186597123967,0.6520065866378401,NaN,NaN,NaN,NaN,NaN,NaN,NaN,NaN,NaN,NaN,1
2024-08-02T15:38:00-04:00,0.6696278974619775,0.6789,0.6696278974619775,0.677276,0.6644142366781005,0.696913039881631,0.6807810818266518,0,0,19713,19810,0,0,0,0,NaN,NaN,56.11447066257978,NaN,NaN,NaN,0.6313074476165833,0.656806798642164,NaN,NaN,NaN,NaN,NaN,NaN,NaN,NaN,NaN,NaN,1,0,0,0,0,NaN,NaN,56.11447066257978,NaN,NaN,NaN,0.6313074476165833,0.656806798642164,NaN,NaN,NaN,NaN,NaN,NaN,NaN,NaN,NaN,NaN,1
2024-08-02T15:41:00-04:00,0.6734519487309887,0.6734519487309887,0.67,0.670025,0.6654343754639004,0.6965025354559572,0.680101803872276,0,0,19713,19811,0,0,0,0,NaN,NaN,53.39525193361961,NaN,NaN,NaN,0.6453745082412417,0.656806798642164,NaN,NaN,NaN,NaN,NaN,NaN,NaN,NaN,NaN,NaN,1,0,0,0,0,NaN,NaN,53.39525193361961,NaN,NaN,NaN,0.6453745082412417,0.656806798642164,NaN,NaN,NaN,NaN,NaN,NaN,NaN,NaN,NaN,NaN,1
2024-08-02T15:42:00-04:00,0.6717384743654944,0.6717384743654944,0.67,0.67,0.6662644890159185,0.6960979165940342,0.68007103779357,0,0,19713,19812,0,0,0,0,NaN,NaN,50.296326995961074,NaN,NaN,NaN,0.6454575490493376,0.656806798642164,NaN,NaN,NaN,NaN,NaN,NaN,NaN,NaN,NaN,NaN,1,0,0,0,0,NaN,NaN,50.296326995961074,NaN,NaN,NaN,0.6454575490493376,0.656806798642164,NaN,NaN,NaN,NaN,NaN,NaN,NaN,NaN,NaN,NaN,1
2024-08-02T15:55:00-04:00,0.6708692371827472,0.6708692371827472,0.6701,0.6701,0.6669618546493878,0.6957010018368733,0.6800439972022095,0,0,19713,19813,0,0,0,0,NaN,NaN,47.25119817624897,NaN,NaN,NaN,0.6456726554787415,0.656806798642164,NaN,NaN,NaN,NaN,NaN,NaN,NaN,NaN,NaN,NaN,1,0,0,0,0,NaN,NaN,47.25119817624897,NaN,NaN,NaN,0.6456726554787415,0.656806798642164,NaN,NaN,NaN,NaN,NaN,NaN,NaN,NaN,NaN,NaN,1
2024-08-02T16:00:00-04:00,0.6704846185913735,0.6704846185913735,0.67,0.67,0.6675142447131355,0.6953086201294402,0.680020265162105,0,0,19713,19814,0,0,0,0,NaN,NaN,44.648122513977526,NaN,NaN,NaN,0.6456905517886734,0.656806798642164,NaN,NaN,NaN,NaN,NaN,NaN,NaN,NaN,NaN,NaN,1,0,0,0,0,NaN,NaN,44.648122513977526,NaN,NaN,NaN,0.6456905517886734,0.656806798642164,NaN,NaN,NaN,NaN,NaN,NaN,NaN,NaN,NaN,NaN,1
2024-08-02T16:17:00-04:00,0.6702423092956868,0.68,0.6702423092956868,0.68,0.6697843820380199,0.695074900738151,0.6800202469027348,0,0,19713,19815,0,0,0,0,NaN,NaN,40.43848995814255,NaN,NaN,NaN,0.6557245990297301,0.6620984148865745,NaN,NaN,NaN,NaN,NaN,NaN,NaN,NaN,NaN,NaN,1,0,0,0,0,NaN,NaN,40.43848995814255,NaN,NaN,NaN,0.6557245990297301,0.6620984148865745,NaN,NaN,NaN,NaN,NaN,NaN,NaN,NaN,NaN,NaN,1
2024-08-02T16:48:00-04:00,0.6751211546478435,0.6751211546478435,0.6457,0.6457,0.6654054034856527,0.6943210854597059,0.6797746307867784,0,1,19713,19816,0,0,0,0,NaN,NaN,37.93304703590428,NaN,NaN,NaN,0.6557245990297301,0.6620984148865745,NaN,NaN,NaN,NaN,NaN,NaN,NaN,NaN,NaN,NaN,1,0,0,0,0,NaN,NaN,37.93304703590428,NaN,NaN,NaN,0.6557245990297301,0.6620984148865745,NaN,NaN,NaN,NaN,NaN,NaN,NaN,NaN,NaN,NaN,1
2024-08-02T18:02:00-04:00,0.6604105773239217,0.6604105773239217,0.6554,0.6554,0.6635862392155341,0.6937268704145196,0.6797528453546052,0,0,19713,19817,0,0,0,0,NaN,NaN,35.01437374041071,NaN,NaN,NaN,0.6557245990297301,0.6620984148865745,NaN,NaN,NaN,NaN,NaN,NaN,NaN,NaN,NaN,NaN,1,0,0,0,0,NaN,NaN,35.01437374041071,NaN,NaN,NaN,0.6557245990297301,0.6620984148865745,NaN,NaN,NaN,NaN,NaN,NaN,NaN,NaN,NaN,NaN,1
2024-08-02T19:29:00-04:00,0.6579052886619609,0.6579052886619609,0.6547,0.6547,0.6619705593581642,0.6931310403318552,0.6796756092568007,0,0,19713,19818,0,0,0,0,NaN,NaN,33.663370940057995,NaN,NaN,NaN,0.6557245990297301,0.6620984148865745,NaN,NaN,NaN,NaN,NaN,NaN,NaN,NaN,NaN,NaN,1,0,0,0,0,NaN,NaN,33.663370940057995,NaN,NaN,NaN,0.6557245990297301,0.6620984148865745,NaN,NaN,NaN,NaN,NaN,NaN,NaN,NaN,NaN,NaN,1
2024-08-05T08:00:00-04:00,0.6563026443309804,0.67,0.62,0.645,0.6588850031112252,0.6923962152886208,0.645,0,0,19713,19819,0,0,0,0,NaN,NaN,35.07741575319439,NaN,NaN,NaN,0.6557245990297301,0.6620984148865745,NaN,NaN,NaN,NaN,NaN,NaN,NaN,NaN,NaN,NaN,1,0,0,0,0,NaN,NaN,35.07741575319439,NaN,NaN,NaN,0.6557245990297301,0.6620984148865745,NaN,NaN,NaN,NaN,NaN,NaN,NaN,NaN,NaN,NaN,1
2024-08-05T08:05:00-04:00,0.6506513221654902,0.6506513221654902,0.62,0.62,0.6518150025455479,0.6912909295590236,0.6425859405175743,0,0,19713,19820,0,0,0,0,NaN,NaN,35.77635645253517,NaN,NaN,NaN,0.6557245990297301,0.6436999999999999,NaN,NaN,NaN,NaN,NaN,NaN,NaN,NaN,NaN,NaN,1,0,0,0,0,NaN,NaN,35.77635645253517,NaN,NaN,NaN,0.6557245990297301,0.6436999999999999,NaN,NaN,NaN,NaN,NaN,NaN,NaN,NaN,NaN,NaN,1
2024-08-05T08:53:00-04:00,0.6353256610827451,0.6367,0.6353256610827451,0.6367,0.6490668202645392,0.690457480252779,0.6423670509483079,0,0,19713,19821,0,0,0,0,NaN,NaN,35.183480477399904,NaN,NaN,NaN,0.6557245990297301,0.6436999999999999,NaN,NaN,NaN,NaN,NaN,NaN,NaN,NaN,NaN,NaN,1,0,0,0,0,NaN,NaN,35.183480477399904,NaN,NaN,NaN,0.6557245990297301,0.6436999999999999,NaN,NaN,NaN,NaN,NaN,NaN,NaN,NaN,NaN,NaN,1
2024-08-05T09:15:00-04:00,0.6360128305413726,0.6360128305413726,0.6331,0.6331,0.646163762034623,0.6895817935313625,0.6403271171693736,0,1,19713,19822,0,0,0,0,NaN,NaN,33.90010090442956,NaN,NaN,NaN,0.6557245990297301,0.6436999999999999,NaN,NaN,NaN,NaN,NaN,NaN,NaN,NaN,NaN,NaN,1,0,0,0,0,NaN,NaN,33.90010090442956,NaN,NaN,NaN,0.6557245990297301,0.6436999999999999,NaN,NaN,NaN,NaN,NaN,NaN,NaN,NaN,NaN,NaN,1
2024-08-05T09:25:00-04:00,0.6345564152706863,0.6345564152706863,0.6267,0.6267,0.6426248962101461,0.6886217661492043,0.6395906172839506,0,0,19713,19823,0,0,0,0,NaN,NaN,32.81769874189949,NaN,NaN,NaN,0.6557245990297301,0.6436999999999999,NaN,NaN,NaN,NaN,NaN,NaN,NaN,NaN,NaN,NaN,1,0,0,0,0,NaN,NaN,32.81769874189949,NaN,NaN,NaN,0.6557245990297301,0.6436999999999999,NaN,NaN,NaN,NaN,NaN,NaN,NaN,NaN,NaN,NaN,1
2024-08-05T09:30:00-04:00,0.6306282076353431,0.669,0.6306282076353431,0.669,0.6474203696264832,0.6883221972003615,0.6469111477436638,0,0,19713,19824,0,0,0,0,NaN,NaN,28.362048579016058,NaN,NaN,NaN,0.6557245990297301,0.645235,NaN,NaN,NaN,NaN,NaN,NaN,NaN,NaN,NaN,NaN,1,0,0,0,0,NaN,NaN,28.362048579016058,NaN,NaN,NaN,0.6557245990297301,0.645235,NaN,NaN,NaN,NaN,NaN,NaN,NaN,NaN,NaN,NaN,1
2024-08-05T09:33:00-04:00,0.6498141038176716,0.669,0.6498141038176716,0.669,0.6513439387853044,0.6880272018232567,0.6553495224754872,0,0,19713,19825,0,0,0,0,NaN,NaN,23.806018186782694,NaN,NaN,NaN,0.6557245990297301,0.645235,NaN,NaN,NaN,NaN,NaN,NaN,NaN,NaN,NaN,NaN,1,0,0,0,0,NaN,NaN,23.806018186782694,NaN,NaN,NaN,0.6557245990297301,0.645235,NaN,NaN,NaN,NaN,NaN,NaN,NaN,NaN,NaN,NaN,1
2024-08-05T09:35:00-04:00,0.6594070519088358,0.669,0.6594070519088358,0.66895,0.65454504082434,0.6877359468335886,0.6566097862507222,0,0,19713,19826,0,0,0,0,NaN,NaN,19.19645055084104,NaN,NaN,NaN,0.6557245990297301,0.645235,NaN,NaN,NaN,NaN,NaN,NaN,NaN,NaN,NaN,NaN,1,0,0,0,0,NaN,NaN,19.19645055084104,NaN,NaN,NaN,0.6557245990297301,0.645235,NaN,NaN,NaN,NaN,NaN,NaN,NaN,NaN,NaN,NaN,1
2024-08-05T09:36:00-04:00,0.664178525954418,0.67,0.664178525954418,0.67,0.6573550334017327,0.6874651690193354,0.6567627298686466,0,0,19713,19827,0,0,0,0,NaN,NaN,14.575353129260815,NaN,NaN,NaN,0.6557245990297301,0.64646295,NaN,NaN,NaN,NaN,NaN,NaN,NaN,NaN,NaN,NaN,1,0,0,0,0,NaN,NaN,14.575353129260815,NaN,NaN,NaN,0.6557245990297301,0.64646295,NaN,NaN,NaN,NaN,NaN,NaN,NaN,NaN,NaN,NaN,1
2024-08-05T09:40:00-04:00,0.6670892629772089,0.6697,0.6670892629772089,0.6697,0.6595995727832359,0.6871939450648418,0.6581079623375294,0,0,19713,19828,0,0,0,0,NaN,NaN,11.027658118728041,NaN,NaN,NaN,0.6557245990297301,0.64646295,NaN,NaN,NaN,NaN,NaN,NaN,NaN,NaN,NaN,NaN,1,0,0,0,0,NaN,NaN,11.027658118728041,NaN,NaN,NaN,0.6557245990297301,0.64646295,NaN,NaN,NaN,NaN,NaN,NaN,NaN,NaN,NaN,NaN,1
2024-08-05T09:42:00-04:00,0.6683946314886045,0.669,0.6649,0.6659250000000001,0.6607496504590112,0.6868692283462946,0.658962984231155,0,0,19713,19829,0,0,0,0,NaN,NaN,7.64924616614701,NaN,NaN,NaN,0.6557245990297301,0.64646295,NaN,NaN,NaN,NaN,NaN,NaN,NaN,NaN,NaN,NaN,1,0,0,0,0,NaN,NaN,7.64924616614701,NaN,NaN,NaN,0.6557245990297301,0.64646295,NaN,NaN,NaN,NaN,NaN,NaN,NaN,NaN,NaN,NaN,1
2024-08-05T09:43:00-04:00,0.6671598157443023,0.6671598157443023,0.66,0.66,0.6606133503755547,0.6864590111196336,0.6590454652235926,0,0,19713,19830,0,0,0,0,NaN,NaN,5.7700008537897,NaN,NaN,NaN,0.6557245990297301,0.64646295,NaN,NaN,NaN,NaN,NaN,NaN,NaN,NaN,NaN,NaN,1,0,0,0,0,NaN,NaN,5.7700008537897,NaN,NaN,NaN,0.6557245990297301,0.64646295,NaN,NaN,NaN,NaN,NaN,NaN,NaN,NaN,NaN,NaN,1
2024-08-05T09:44:00-04:00,0.6635799078721512,0.6635799078721512,0.66,0.66,0.6605018321254539,0.6860550567513949,0.6590638443182754,0,0,19713,19831,0,0,0,0,NaN,NaN,4.263736234184851,NaN,NaN,NaN,0.6557245990297301,0.64646295,NaN,NaN,NaN,NaN,NaN,NaN,NaN,NaN,NaN,NaN,1,0,0,0,0,NaN,NaN,4.263736234184851,NaN,NaN,NaN,0.6557245990297301,0.64646295,NaN,NaN,NaN,NaN,NaN,NaN,NaN,NaN,NaN,NaN,1
2024-08-05T09:47:00-04:00,0.6617899539360756,0.6639,0.6617899539360756,0.6639,0.6611196808299168,0.6857168116101522,0.6596508820127241,0,0,19713,19832,0,0,0,0,NaN,NaN,2.693966218448175,NaN,NaN,NaN,0.6557245990297301,0.64646295,NaN,NaN,NaN,NaN,NaN,NaN,NaN,NaN,NaN,NaN,1,0,0,0,0,NaN,NaN,2.693966218448175,NaN,NaN,NaN,0.6557245990297301,0.64646295,NaN,NaN,NaN,NaN,NaN,NaN,NaN,NaN,NaN,NaN,1
2024-08-05T09:51:00-04:00,0.6628449769680378,0.664,0.6628449769680378,0.66395,0.6616342843153865,0.685384493875646,0.6598831555190809,0,0,19713,19833,0,0,0,0,NaN,NaN,1.1598912205576213,NaN,NaN,NaN,0.6557245990297301,0.64646295,NaN,NaN,NaN,NaN,NaN,NaN,NaN,NaN,NaN,NaN,1,0,0,0,0,NaN,NaN,1.1598912205576213,NaN,NaN,NaN,0.6557245990297301,0.64646295,NaN,NaN,NaN,NaN,NaN,NaN,NaN,NaN,NaN,NaN,1
2024-08-05T09:56:00-04:00,0.6633974884840189,0.6633974884840189,0.66,0.66,0.661337141712589,0.684996944350827,0.6598882383724735,0,0,19713,19834,0,0,0,0,NaN,NaN,0.3947685246010942,NaN,NaN,NaN,0.6557245990297301,0.64646295,NaN,NaN,NaN,NaN,NaN,NaN,NaN,NaN,NaN,NaN,1,0,0,0,0,NaN,NaN,0.3947685246010942,NaN,NaN,NaN,0.6557245990297301,0.64646295,NaN,NaN,NaN,NaN,NaN,NaN,NaN,NaN,NaN,NaN,1
2024-08-05T10:01:00-04:00,0.6616987442420095,0.6616987442420095,0.63,0.63,0.6556394795830274,0.6841572963454708,0.6441556371409983,0,0,19713,19835,0,0,0,0,NaN,NaN,0.17936340916331225,NaN,NaN,NaN,0.6557245990297301,0.64646295,NaN,NaN,NaN,NaN,NaN,NaN,NaN,NaN,NaN,NaN,1,0,0,0,0,NaN,NaN,0.17936340916331225,NaN,NaN,NaN,0.6557245990297301,0.64646295,NaN,NaN,NaN,NaN,NaN,NaN,NaN,NaN,NaN,NaN,1
2024-08-05T10:08:00-04:00,0.6458493721210048,0.657,0.6458493721210048,0.657,0.6558868469315678,0.6837426811340896,0.6442347353511717,0,0,19713,19836,0,0,0,0,NaN,NaN,0.019619344038563368,NaN,NaN,NaN,0.6557245990297301,0.64646295,NaN,NaN,NaN,NaN,NaN,NaN,NaN,NaN,NaN,NaN,1,0,0,0,0,NaN,NaN,0.019619344038563368,NaN,NaN,NaN,0.6557245990297301,0.64646295,NaN,NaN,NaN,NaN,NaN,NaN,NaN,NaN,NaN,NaN,1
2024-08-05T10:10:00-04:00,0.6514246860605024,0.657,0.6514246860605024,0.657,0.6560892383985555,0.6833343959259356,0.6459378151933186,0,0,19713,19837,0,0,0,0,NaN,NaN,0.31473746886465453,NaN,NaN,NaN,0.6557245990297301,0.64646295,NaN,NaN,NaN,NaN,NaN,NaN,NaN,NaN,NaN,NaN,1,0,0,0,0,NaN,NaN,0.31473746886465453,NaN,NaN,NaN,0.6557245990297301,0.64646295,NaN,NaN,NaN,NaN,NaN,NaN,NaN,NaN,NaN,NaN,1
2024-08-05T10:15:00-04:00,0.6542123430302512,0.6542123430302512,0.65,0.65,0.6549821041442727,0.6828254738507304,0.6459738046122925,0,0,19713,19838,0,0,0,0,NaN,NaN,1.3570148826117048,NaN,NaN,NaN,0.6557245990297301,0.64646295,NaN,NaN,NaN,NaN,NaN,NaN,NaN,NaN,NaN,NaN,1,0,0,0,0,NaN,NaN,1.3570148826117048,NaN,NaN,NaN,0.6557245990297301,0.64646295,NaN,NaN,NaN,NaN,NaN,NaN,NaN,NaN,NaN,NaN,1
2024-08-05T10:16:00-04:00,0.6521061715151256,0.6567,0.6521061715151256,0.6567,0.6552944488453141,0.6824266116545361,0.6461960400911635,0,0,19713,19839,0,0,0,0,NaN,NaN,3.6609468370254445,NaN,NaN,NaN,0.6557245990297301,0.64646295,NaN,NaN,NaN,NaN,NaN,NaN,NaN,NaN,NaN,NaN,1,0,0,0,0,NaN,NaN,3.6609468370254445,NaN,NaN,NaN,0.6557245990297301,0.64646295,NaN,NaN,NaN,NaN,NaN,NaN,NaN,NaN,NaN,NaN,1
2024-08-05T10:29:00-04:00,0.6544030857575628,0.6544030857575628,0.65,0.65005,0.6543409126916206,0.6819323122399631,0.646637886361552,0,0,19713,19840,0,0,0,0,NaN,NaN,7.683047437979447,NaN,NaN,NaN,0.6557245990297301,0.64646295,NaN,NaN,NaN,NaN,NaN,NaN,NaN,NaN,NaN,NaN,1,0,0,0,0,NaN,NaN,7.683047437979447,NaN,NaN,NaN,0.6557245990297301,0.64646295,NaN,NaN,NaN,NaN,NaN,NaN,NaN,NaN,NaN,NaN,1
2024-08-05T10:30:00-04:00,0.6522265428787815,0.6522265428787815,0.65,0.65,0.6535516558385988,0.681444796022559,0.646653234273715,0,0,19713,19841,0,0,0,0,NaN,NaN,12.259431318134514,NaN,NaN,NaN,0.6557245990297301,0.64646295,NaN,NaN,NaN,NaN,NaN,NaN,NaN,NaN,NaN,NaN,1,0,0,0,0,NaN,NaN,12.259431318134514,NaN,NaN,NaN,0.6557245990297301,0.64646295,NaN,NaN,NaN,NaN,NaN,NaN,NaN,NaN,NaN,NaN,1
2024-08-05T10:34:00-04:00,0.6511132714393908,0.6511132714393908,0.6501,0.6501,0.6529240820497626,0.6809662495183978,0.6466688971189677,0,0,19713,19842,0,0,0,0,NaN,NaN,17.26412699468999,NaN,NaN,NaN,0.6557245990297301,0.64646295,NaN,NaN,NaN,NaN,NaN,NaN,NaN,NaN,NaN,NaN,1,0,0,0,0,NaN,NaN,17.26412699468999,NaN,NaN,NaN,0.6557245990297301,0.64646295,NaN,NaN,NaN,NaN,NaN,NaN,NaN,NaN,NaN,NaN,1
2024-08-05T10:38:00-04:00,0.6506066357196953,0.6506066357196953,0.65,0.65,0.6523924307679876,0.6804934823501779,0.6468039653819324,0,0,19713,19843,0,0,0,0,NaN,NaN,21.62976931929512,NaN,NaN,NaN,0.6557245990297301,0.64646295,NaN,NaN,NaN,NaN,NaN,NaN,NaN,NaN,NaN,NaN,1,0,0,0,0,NaN,NaN,21.62976931929512,NaN,NaN,NaN,0.6557245990297301,0.64646295,NaN,NaN,NaN,NaN,NaN,NaN,NaN,NaN,NaN,NaN,1
2024-08-05T10:40:00-04:00,0.6503033178598476,0.6503033178598476,0.631,0.631,0.6485028979010807,0.6797378566654424,0.6467695880100932,0,0,19713,19844,0,0,0,0,NaN,NaN,23.454278042264583,NaN,NaN,NaN,0.6557245990297301,0.64646295,NaN,NaN,NaN,NaN,NaN,NaN,NaN,NaN,NaN,NaN,1,0,0,0,0,NaN,NaN,23.454278042264583,NaN,NaN,NaN,0.6557245990297301,0.64646295,NaN,NaN,NaN,NaN,NaN,NaN,NaN,NaN,NaN,NaN,1
2024-08-05T10:55:00-04:00,0.6406516589299238,0.6406516589299238,0.639999,0.639999,0.6469567346463387,0.67913115656368,0.6467184307672381,0,0,19713,19845,0,0,0,0,NaN,NaN,24.638536315379287,NaN,NaN,NaN,0.6557245990297301,0.64646295,NaN,NaN,NaN,NaN,NaN,NaN,NaN,NaN,NaN,NaN,1,0,0,0,0,NaN,NaN,24.638536315379287,NaN,NaN,NaN,0.6557245990297301,0.64646295,NaN,NaN,NaN,NaN,NaN,NaN,NaN,NaN,NaN,NaN,1
2024-08-05T10:57:00-04:00,0.6403253294649619,0.6403253294649619,0.63,0.6305,0.6439646010742771,0.6783886961581276,0.645731948217834,0,0,19713,19846,0,0,0,0,NaN,NaN,22.915688685873654,NaN,NaN,NaN,0.6557245990297301,0.64646295,NaN,NaN,NaN,NaN,NaN,NaN,NaN,NaN,NaN,NaN,1,0,0,0,0,NaN,NaN,22.915688685873654,NaN,NaN,NaN,0.6557245990297301,0.64646295,NaN,NaN,NaN,NaN,NaN,NaN,NaN,NaN,NaN,NaN,1
2024-08-05T11:19:00-04:00,0.6354126647324809,0.6354126647324809,0.63,0.63,0.6414255826971358,0.6776499374381562,0.6452574160374391,0,0,19713,19847,0,0,0,0,NaN,NaN,20.712589967098644,NaN,NaN,NaN,0.6557245990297301,0.64646295,NaN,NaN,NaN,NaN,NaN,NaN,NaN,NaN,NaN,NaN,1,0,0,0,0,NaN,NaN,20.712589967098644,NaN,NaN,NaN,0.6557245990297301,0.64646295,NaN,NaN,NaN,NaN,NaN,NaN,NaN,NaN,NaN,NaN,1
2024-08-05T11:20:00-04:00,0.6327063323662405,0.6327063323662405,0.62,0.625,0.6384391131158383,0.6768461215994057,0.641557024042943,0,0,19713,19848,0,0,0,0,NaN,NaN,17.549508454923377,NaN,NaN,NaN,0.6557245990297301,0.64646295,NaN,NaN,NaN,NaN,NaN,NaN,NaN,NaN,NaN,NaN,1,0,0,0,0,NaN,NaN,17.549508454923377,NaN,NaN,NaN,0.6557245990297301,0.64646295,NaN,NaN,NaN,NaN,NaN,NaN,NaN,NaN,NaN,NaN,1
2024-08-05T11:29:00-04:00,0.6288531661831203,0.6288531661831203,0.61,0.611575,0.6335547289129586,0.6758496159261324,0.6392446256414821,0,0,19713,19849,0,0,0,0,NaN,NaN,13.146563366450062,NaN,NaN,NaN,0.6557245990297301,0.63903475,NaN,NaN,NaN,NaN,NaN,NaN,NaN,NaN,NaN,NaN,1,0,0,0,0,NaN,NaN,13.146563366450062,NaN,NaN,NaN,0.6557245990297301,0.63903475,NaN,NaN,NaN,NaN,NaN,NaN,NaN,NaN,NaN,NaN,1
2024-08-05T11:30:00-04:00,0.6202140830915601,0.6202140830915601,0.60865,0.6143375,0.6300606872924207,0.674910499652451,0.6335583614710192,0,0,19713,19850,0,0,0,0,NaN,NaN,10.284313792311544,NaN,NaN,NaN,0.6557245990297301,0.63903475,NaN,NaN,NaN,NaN,NaN,NaN,NaN,NaN,NaN,NaN,1,0,0,0,0,NaN,NaN,10.284313792311544,NaN,NaN,NaN,0.6557245990297301,0.63903475,NaN,NaN,NaN,NaN,NaN,NaN,NaN,NaN,NaN,NaN,1
2024-08-05T11:31:00-04:00,0.61727579154578,0.61727579154578,0.61,0.61,0.6264132896028897,0.6739194996577571,0.6335314277793022,0,0,19713,19851,0,0,0,0,NaN,NaN,6.303664971135115,NaN,NaN,NaN,0.6557245990297301,0.6373998325,NaN,NaN,NaN,NaN,NaN,NaN,NaN,NaN,NaN,NaN,1,0,0,0,0,NaN,NaN,6.303664971135115,NaN,NaN,NaN,0.6557245990297301,0.6373998325,NaN,NaN,NaN,NaN,NaN,NaN,NaN,NaN,NaN,NaN,1
2024-08-05T11:32:00-04:00,0.6136378957728901,0.63,0.613,0.6214999999999999,0.6255199642205461,0.6731192019530585,0.6327077716303144,0,0,19713,19852,0,0,0,0,NaN,NaN,3.627641913367215,NaN,NaN,NaN,0.6557245990297301,0.6373998325,NaN,NaN,NaN,NaN,NaN,NaN,NaN,NaN,NaN,NaN,1,0,0,0,0,NaN,NaN,3.627641913367215,NaN,NaN,NaN,0.6557245990297301,0.6373998325,NaN,NaN,NaN,NaN,NaN,NaN,NaN,NaN,NaN,NaN,1
2024-08-05T11:34:00-04:00,0.617568947886445,0.635,0.617568947886445,0.6275,0.6258799707259014,0.6724227255873629,0.6326967025697161,0,0,19713,19853,0,0,0,0,NaN,NaN,1.863078132488577,NaN,NaN,NaN,0.6557245990297301,0.6373998325,NaN,NaN,NaN,NaN,NaN,NaN,NaN,NaN,NaN,NaN,1,0,0,0,0,NaN,NaN,1.863078132488577,NaN,NaN,NaN,0.6557245990297301,0.6373998325,NaN,NaN,NaN,NaN,NaN,NaN,NaN,NaN,NaN,NaN,1
2024-08-05T11:35:00-04:00,0.6225344739432225,0.64,0.6225344739432225,0.6375,0.6279927033211921,0.6718895542043498,0.6327145027317197,0,0,19713,19854,0,0,0,0,NaN,NaN,0.8731314716057564,NaN,NaN,NaN,0.6557245990297301,0.6373998325,NaN,NaN,NaN,NaN,NaN,NaN,NaN,NaN,NaN,NaN,1,0,0,0,0,NaN,NaN,0.8731314716057564,NaN,NaN,NaN,0.6557245990297301,0.6373998325,NaN,NaN,NaN,NaN,NaN,NaN,NaN,NaN,NaN,NaN,1
2024-08-05T11:44:00-04:00,0.6300172369716113,0.635,0.620101,0.6275505,0.627912302717339,0.6712126220790926,0.6326550507085592,0,0,19713,19855,0,0,0,0,NaN,NaN,0.03062308726879159,NaN,NaN,NaN,0.6557245990297301,0.6373998325,NaN,NaN,NaN,NaN,NaN,NaN,NaN,NaN,NaN,NaN,1,0,0,0,0,NaN,NaN,0.03062308726879159,NaN,NaN,NaN,0.6557245990297301,0.6373998325,NaN,NaN,NaN,NaN,NaN,NaN,NaN,NaN,NaN,NaN,1
2024-08-05T12:02:00-04:00,0.6287838684858056,0.645,0.6287838684858056,0.645,0.6310191567687319,0.670812429375595,0.6326679576249922,0,0,19713,19856,0,0,0,0,NaN,NaN,0.06483845952223823,NaN,NaN,NaN,0.6557245990297301,0.6373998325,NaN,NaN,NaN,NaN,NaN,NaN,NaN,NaN,NaN,NaN,1,0,0,0,0,NaN,NaN,0.06483845952223823,NaN,NaN,NaN,0.6557245990297301,0.6373998325,NaN,NaN,NaN,NaN,NaN,NaN,NaN,NaN,NaN,NaN,1
2024-08-05T12:46:00-04:00,0.6368919342429028,0.6446,0.6368919342429028,0.6446,0.6334884009925988,0.6704122396141355,0.6327914189412909,0,0,19713,19857,0,0,0,0,NaN,NaN,0.5022330089921987,NaN,NaN,NaN,0.6557245990297301,0.6373998325,NaN,NaN,NaN,NaN,NaN,NaN,NaN,NaN,NaN,NaN,1,0,0,0,0,NaN,NaN,0.5022330089921987,NaN,NaN,NaN,0.6557245990297301,0.6373998325,NaN,NaN,NaN,NaN,NaN,NaN,NaN,NaN,NaN,NaN,1
2024-08-05T13:08:00-04:00,0.6407459671214514,0.6445,0.64,0.6411250000000001,0.634876873539399,0.6699651061849121,0.6342355242335591,0,0,19713,19858,0,0,0,0,NaN,NaN,1.5666689189136118,NaN,NaN,NaN,0.6557245990297301,0.6373998325,NaN,NaN,NaN,NaN,NaN,NaN,NaN,NaN,NaN,NaN,1,0,0,0,0,NaN,NaN,1.5666689189136118,NaN,NaN,NaN,0.6557245990297301,0.6373998325,NaN,NaN,NaN,NaN,NaN,NaN,NaN,NaN,NaN,NaN,1
2024-08-05T13:09:00-04:00,0.6409354835607257,0.641,0.6409354835607257,0.641,0.6359901692595084,0.6695228908233104,0.63424707717072,0,0,19713,19859,0,0,0,0,NaN,NaN,2.9683829494504845,NaN,NaN,NaN,0.6557245990297301,0.6373998325,NaN,NaN,NaN,NaN,NaN,NaN,NaN,NaN,NaN,NaN,1,0,0,0,0,NaN,NaN,2.9683829494504845,NaN,NaN,NaN,0.6557245990297301,0.6373998325,NaN,NaN,NaN,NaN,NaN,NaN,NaN,NaN,NaN,NaN,1
2024-08-05T13:14:00-04:00,0.6409677417803629,0.654,0.6401,0.64705,0.6380010475759614,0.6691797932534889,0.6349573294913777,0,0,19713,19860,0,0,0,0,NaN,NaN,4.598822430478093,NaN,NaN,NaN,0.6557245990297301,0.6373998325,NaN,NaN,NaN,NaN,NaN,NaN,NaN,NaN,NaN,NaN,1,0,0,0,0,NaN,NaN,4.598822430478093,NaN,NaN,NaN,0.6557245990297301,0.6373998325,NaN,NaN,NaN,NaN,NaN,NaN,NaN,NaN,NaN,NaN,1
2024-08-05T13:30:00-04:00,0.6440088708901814,0.65,0.6440088708901814,0.65,0.640182675289423,0.6688869719824432,0.6349694526603374,0,0,19713,19861,0,0,0,0,NaN,NaN,6.138599230471319,NaN,NaN,NaN,0.6557245990297301,0.6373998325,NaN,NaN,NaN,NaN,NaN,NaN,NaN,NaN,NaN,NaN,1,0,0,0,0,NaN,NaN,6.138599230471319,NaN,NaN,NaN,0.6557245990297301,0.6373998325,NaN,NaN,NaN,NaN,NaN,NaN,NaN,NaN,NaN,NaN,1
2024-08-05T13:44:00-04:00,0.6470044354450908,0.654,0.6470044354450908,0.654,0.6426949161458915,0.6686596899674441,0.6350316704688768,0,0,19713,19862,0,0,0,0,NaN,NaN,7.688602614065547,NaN,NaN,NaN,0.6557245990297301,0.6373998325,NaN,NaN,NaN,NaN,NaN,NaN,NaN,NaN,NaN,NaN,1,0,0,0,0,NaN,NaN,7.688602614065547,NaN,NaN,NaN,0.6557245990297301,0.6373998325,NaN,NaN,NaN,NaN,NaN,NaN,NaN,NaN,NaN,NaN,1
2024-08-05T13:56:00-04:00,0.6505022177225455,0.66,0.6505022177225455,0.66,0.6458412950284567,0.6685274809603076,0.635051711025853,0,0,19713,19863,0,0,0,0,NaN,NaN,8.983858366263158,NaN,NaN,NaN,0.6557245990297301,0.6373998325,NaN,NaN,NaN,NaN,NaN,NaN,NaN,NaN,NaN,NaN,1,0,0,0,0,NaN,NaN,8.983858366263158,NaN,NaN,NaN,0.6557245990297301,0.6373998325,NaN,NaN,NaN,NaN,NaN,NaN,NaN,NaN,NaN,NaN,1
2024-08-05T14:15:00-04:00,0.6552511088612727,0.6699,0.6552511088612727,0.6699,0.6502156050232827,0.6685484354494632,0.635085243446744,0,0,19713,19864,0,0,0,0,NaN,NaN,8.861371741966426,NaN,NaN,NaN,0.6557245990297301,0.641747,NaN,NaN,NaN,NaN,NaN,NaN,NaN,NaN,NaN,NaN,1,0,0,0,0,NaN,NaN,8.861371741966426,NaN,NaN,NaN,0.6557245990297301,0.641747,NaN,NaN,NaN,NaN,NaN,NaN,NaN,NaN,NaN,NaN,1
2024-08-05T14:40:00-04:00,0.6625755544306364,0.664951,0.6625755544306364,0.664951,0.6528947677463222,0.6684935127708455,0.6351831099593188,0,0,19713,19865,0,0,0,0,NaN,NaN,9.33432389397417,NaN,NaN,NaN,0.6557245990297301,0.641747,NaN,NaN,NaN,NaN,NaN,NaN,NaN,NaN,NaN,NaN,1,0,0,0,0,NaN,NaN,9.33432389397417,NaN,NaN,NaN,0.6557245990297301,0.641747,NaN,NaN,NaN,NaN,NaN,NaN,NaN,NaN,NaN,NaN,1
2024-08-05T15:14:00-04:00,0.6637632772153181,0.6637632772153181,0.66,0.66,0.6541866281560818,0.6683638408201455,0.635350566687042,0,0,19713,19866,0,0,0,0,NaN,NaN,10.431928960983395,NaN,NaN,NaN,0.6557245990297301,0.641747,NaN,NaN,NaN,NaN,NaN,NaN,NaN,NaN,NaN,NaN,1,0,0,0,0,NaN,NaN,10.431928960983395,NaN,NaN,NaN,0.6557245990297301,0.641747,NaN,NaN,NaN,NaN,NaN,NaN,NaN,NaN,NaN,NaN,1
2024-08-05T15:15:00-04:00,0.6618816386076591,0.6618816386076591,0.6606,0.6606,0.6553526957640669,0.6682453088992273,0.6353705949519708,0,0,19713,19867,0,0,0,0,NaN,NaN,10.099428514440499,NaN,NaN,NaN,0.6557245990297301,0.641747,NaN,NaN,NaN,NaN,NaN,NaN,NaN,NaN,NaN,NaN,1,0,0,0,0,NaN,NaN,10.099428514440499,NaN,NaN,NaN,0.6557245990297301,0.641747,NaN,NaN,NaN,NaN,NaN,NaN,NaN,NaN,NaN,NaN,1
2024-08-05T15:23:00-04:00,0.6612408193038295,0.6612408193038295,0.6601,0.6601,0.656215841988782,0.6681209530381704,0.635390195174726,0,0,19713,19868,0,0,0,0,NaN,NaN,9.849830268615891,NaN,NaN,NaN,0.6557245990297301,0.641747,NaN,NaN,NaN,NaN,NaN,NaN,NaN,NaN,NaN,NaN,1,0,0,0,0,NaN,NaN,9.849830268615891,NaN,NaN,NaN,0.6557245990297301,0.641747,NaN,NaN,NaN,NaN,NaN,NaN,NaN,NaN,NaN,NaN,1
2024-08-06T09:57:00-04:00,0.6606704096519147,0.6606704096519147,0.639,0.646,0.6543584161726398,0.6677832285643053,0.646,0,0,19713,19869,0,0,0,0,NaN,NaN,10.977916123423435,NaN,NaN,NaN,0.6557245990297301,0.641747,NaN,NaN,NaN,NaN,NaN,NaN,NaN,NaN,NaN,NaN,1,0,0,0,0,NaN,NaN,10.977916123423435,NaN,NaN,NaN,0.6557245990297301,0.641747,NaN,NaN,NaN,NaN,NaN,NaN,NaN,NaN,NaN,NaN,1
2024-08-06T10:00:00-04:00,0.6533352048259573,0.6533352048259573,0.652999,0.652999,0.6541112495957961,0.6675575151511097,0.6464109001956947,0,0,19713,19870,0,0,0,0,NaN,NaN,11.286883255008865,NaN,NaN,NaN,0.6557245990297301,0.641747,NaN,NaN,NaN,NaN,NaN,NaN,NaN,NaN,NaN,NaN,1,0,0,0,0,NaN,NaN,11.286883255008865,NaN,NaN,NaN,0.6557245990297301,0.641747,NaN,NaN,NaN,NaN,NaN,NaN,NaN,NaN,NaN,NaN,1
2024-08-06T10:09:00-04:00,0.6531671024129786,0.6531671024129786,0.6521,0.6521,0.6537455678511059,0.6673215225533828,0.6478622011661808,0,0,19713,19871,0,0,0,0,NaN,NaN,11.511186290954289,NaN,NaN,NaN,0.6557245990297301,0.641747,NaN,NaN,NaN,NaN,NaN,NaN,NaN,NaN,NaN,NaN,1,0,0,0,0,NaN,NaN,11.511186290954289,NaN,NaN,NaN,0.6557245990297301,0.641747,NaN,NaN,NaN,NaN,NaN,NaN,NaN,NaN,NaN,NaN,1
2024-08-06T10:11:00-04:00,0.6526335512064894,0.6526335512064894,0.6522,0.6522,0.6534645555145412,0.6670906596136366,0.6480147257383966,0,0,19713,19872,0,0,0,0,NaN,NaN,11.9285168356767,NaN,NaN,NaN,0.6557245990297301,0.641747,NaN,NaN,NaN,NaN,NaN,NaN,NaN,NaN,NaN,NaN,1,0,0,0,0,NaN,NaN,11.9285168356767,NaN,NaN,NaN,0.6557245990297301,0.641747,NaN,NaN,NaN,NaN,NaN,NaN,NaN,NaN,NaN,NaN,1
2024-08-06T10:56:00-04:00,0.6524167756032446,0.6524167756032446,0.65,0.65,0.6528346363300792,0.6668297335126651,0.648082160326087,0,0,19713,19873,0,0,0,0,NaN,NaN,12.590726684186466,NaN,NaN,NaN,0.6557245990297301,0.641747,NaN,NaN,NaN,NaN,NaN,NaN,NaN,NaN,NaN,NaN,1,0,0,0,0,NaN,NaN,12.590726684186466,NaN,NaN,NaN,0.6557245990297301,0.641747,NaN,NaN,NaN,NaN,NaN,NaN,NaN,NaN,NaN,NaN,1
2024-08-06T11:46:00-04:00,0.6512083878016224,0.6512083878016224,0.65,0.65,0.6523192479064285,0.6665727910162885,0.6481926632522407,0,0,19713,19874,0,0,0,0,NaN,NaN,13.176854027682255,NaN,NaN,NaN,0.6557245990297301,0.641747,NaN,NaN,NaN,NaN,NaN,NaN,NaN,NaN,NaN,NaN,1,0,0,0,0,NaN,NaN,13.176854027682255,NaN,NaN,NaN,0.6557245990297301,0.641747,NaN,NaN,NaN,NaN,NaN,NaN,NaN,NaN,NaN,NaN,1
2024-08-06T12:07:00-04:00,0.6506041939008111,0.6506041939008111,0.6455,0.6455,0.6510793846507142,0.6662510690160398,0.647535788964182,0,0,19713,19875,0,0,0,0,NaN,NaN,13.945419712634447,NaN,NaN,NaN,0.6557245990297301,0.641747,NaN,NaN,NaN,NaN,NaN,NaN,NaN,NaN,NaN,NaN,1,0,0,0,0,NaN,NaN,13.945419712634447,NaN,NaN,NaN,0.6557245990297301,0.641747,NaN,NaN,NaN,NaN,NaN,NaN,NaN,NaN,NaN,NaN,1
2024-08-06T12:59:00-04:00,0.6480520969504056,0.6480520969504056,0.645601,0.645601,0.6500833147142208,0.6659358007867873,0.6471587840997661,0,0,19713,19876,0,0,0,0,NaN,NaN,12.77515852598623,NaN,NaN,NaN,0.6557245990297301,0.641747,NaN,NaN,NaN,NaN,NaN,NaN,NaN,NaN,NaN,NaN,1,0,0,0,0,NaN,NaN,12.77515852598623,NaN,NaN,NaN,0.6557245990297301,0.641747,NaN,NaN,NaN,NaN,NaN,NaN,NaN,NaN,NaN,NaN,1
2024-08-06T13:00:00-04:00,0.6468265484752027,0.6468265484752027,0.6455,0.64555,0.6492590756752715,0.665624567186989,0.6468538976626658,0,0,19713,19877,0,0,0,0,NaN,NaN,12.601595453208835,NaN,NaN,NaN,0.6557245990297301,0.641747,NaN,NaN,NaN,NaN,NaN,NaN,NaN,NaN,NaN,NaN,1,0,0,0,0,NaN,NaN,12.601595453208835,NaN,NaN,NaN,0.6557245990297301,0.641747,NaN,NaN,NaN,NaN,NaN,NaN,NaN,NaN,NaN,NaN,1
2024-08-06T13:01:00-04:00,0.6461882742376013,0.6492,0.6461882742376013,0.6492,0.6492483346434039,0.6653738104360426,0.6471738788870703,0,0,19713,19878,0,0,0,0,NaN,NaN,10.675609086144673,NaN,NaN,NaN,0.6557245990297301,0.641747,NaN,NaN,NaN,NaN,NaN,NaN,NaN,NaN,NaN,NaN,1,0,0,0,0,NaN,NaN,10.675609086144673,NaN,NaN,NaN,0.6557245990297301,0.641747,NaN,NaN,NaN,NaN,NaN,NaN,NaN,NaN,NaN,NaN,1
2024-08-06T14:25:00-04:00,0.6476941371188006,0.6489,0.6476941371188006,0.64885,0.6491759101627851,0.6651215385209885,0.6472218441971384,0,0,19713,19879,0,0,0,0,NaN,NaN,9.168849110117042,NaN,NaN,NaN,0.6557245990297301,0.641747,NaN,NaN,NaN,NaN,NaN,NaN,NaN,NaN,NaN,NaN,1,0,0,0,0,NaN,NaN,9.168849110117042,NaN,NaN,NaN,0.6557245990297301,0.641747,NaN,NaN,NaN,NaN,NaN,NaN,NaN,NaN,NaN,NaN,1
2024-08-06T14:27:00-04:00,0.6482720685594003,0.667,0.6482720685594003,0.667,0.6524166537695515,0.6651502173221948,0.649739562955255,0,0,19713,19880,0,0,0,0,NaN,NaN,6.193192951658563,NaN,NaN,NaN,0.6557245990297301,0.641747,NaN,NaN,NaN,NaN,NaN,NaN,NaN,NaN,NaN,NaN,1,0,0,0,0,NaN,NaN,6.193192951658563,NaN,NaN,NaN,0.6557245990297301,0.641747,NaN,NaN,NaN,NaN,NaN,NaN,NaN,NaN,NaN,NaN,1
2024-08-06T14:43:00-04:00,0.6576360342797002,0.6576360342797002,0.651,0.651,0.6521590803569057,0.6649341834699476,0.6497680506271896,0,0,19713,19881,0,0,0,0,NaN,NaN,4.832194476965005,NaN,NaN,NaN,0.6557245990297301,0.641747,NaN,NaN,NaN,NaN,NaN,NaN,NaN,NaN,NaN,NaN,1,0,0,0,0,NaN,NaN,4.832194476965005,NaN,NaN,NaN,0.6557245990297301,0.641747,NaN,NaN,NaN,NaN,NaN,NaN,NaN,NaN,NaN,NaN,1
2024-08-06T14:48:00-04:00,0.6543180171398502,0.6543180171398502,0.65,0.6505000000000001,0.6518574293829229,0.664713814256666,0.6497932103884767,0,0,19713,19882,0,0,0,0,NaN,NaN,3.266940589492609,NaN,NaN,NaN,0.6557245990297301,0.641747,NaN,NaN,NaN,NaN,NaN,NaN,NaN,NaN,NaN,NaN,1,0,0,0,0,NaN,NaN,3.266940589492609,NaN,NaN,NaN,0.6557245990297301,0.641747,NaN,NaN,NaN,NaN,NaN,NaN,NaN,NaN,NaN,NaN,1
2024-08-06T14:59:00-04:00,0.6524090085699251,0.66,0.6524090085699251,0.66,0.653337896767846,0.6646418476267932,0.6499033873056995,0,0,19713,19883,0,0,0,0,NaN,NaN,1.7937887905515042,NaN,NaN,NaN,0.6557245990297301,0.641747,NaN,NaN,NaN,NaN,NaN,NaN,NaN,NaN,NaN,NaN,1,0,0,0,0,NaN,NaN,1.7937887905515042,NaN,NaN,NaN,0.6557245990297301,0.641747,NaN,NaN,NaN,NaN,NaN,NaN,NaN,NaN,NaN,NaN,1
2024-08-06T15:34:00-04:00,0.6562045042849626,0.675,0.6562045042849626,0.675,0.6572764609918741,0.6647999873576819,0.6501713989747971,0,0,19713,19884,0,0,0,0,NaN,NaN,0.38172009015663827,NaN,NaN,NaN,0.6557245990297301,0.64521809,NaN,NaN,NaN,NaN,NaN,NaN,NaN,NaN,NaN,NaN,1,0,0,0,0,NaN,NaN,0.38172009015663827,NaN,NaN,NaN,0.6557245990297301,0.64521809,NaN,NaN,NaN,NaN,NaN,NaN,NaN,NaN,NaN,NaN,1
2024-08-06T15:48:00-04:00,0.6656022521424814,0.67,0.6656022521424814,0.67,0.6595898317206242,0.6648793768636715,0.650380915046492,0,0,19713,19885,0,0,0,0,NaN,NaN,0.00033794290084084293,NaN,NaN,NaN,0.6557245990297301,0.64521809,NaN,NaN,NaN,NaN,NaN,NaN,NaN,NaN,NaN,NaN,1,0,0,0,0,NaN,NaN,0.00033794290084084293,NaN,NaN,NaN,0.6557245990297301,0.64521809,NaN,NaN,NaN,NaN,NaN,NaN,NaN,NaN,NaN,NaN,1
2024-08-06T15:58:00-04:00,0.6678011260712406,0.6828,0.6678011260712406,0.68145,0.6635644077714198,0.6651323634764399,0.6512364960953556,0,0,19713,19886,0,0,0,0,NaN,NaN,0.6611509104118001,NaN,NaN,NaN,0.6557245990297301,0.6504235046,NaN,NaN,NaN,NaN,NaN,NaN,NaN,NaN,NaN,NaN,1,0,0,0,0,NaN,NaN,0.6611509104118001,NaN,NaN,NaN,0.6557245990297301,0.6504235046,NaN,NaN,NaN,NaN,NaN,NaN,NaN,NaN,NaN,NaN,1
2024-08-07T09:33:00-04:00,0.6746255630356204,0.6801,0.6746255630356204,0.6801,0.6665708790857071,0.6653608770111508,0.6801,0,0,19713,19887,0,0,0,0,NaN,NaN,3.014767006380043,NaN,NaN,NaN,0.6557245990297301,0.6504235046,NaN,NaN,NaN,NaN,NaN,NaN,NaN,NaN,NaN,NaN,1,0,0,0,0,NaN,NaN,3.014767006380043,NaN,NaN,NaN,0.6557245990297301,0.6504235046,NaN,NaN,NaN,NaN,NaN,NaN,NaN,NaN,NaN,NaN,1
2024-08-07T09:55:00-04:00,0.6773627815178103,0.7,0.6773627815178103,0.6944999999999999,0.671648901070124,0.6658057491178507,0.6932094777562862,0,0,19713,19888,0,0,0,0,NaN,NaN,4.975209909632012,NaN,NaN,NaN,0.6557245990297301,0.6603281391859999,NaN,NaN,NaN,NaN,NaN,NaN,NaN,NaN,NaN,NaN,1,0,0,0,0,NaN,NaN,4.975209909632012,NaN,NaN,NaN,0.6557245990297301,0.6603281391859999,NaN,NaN,NaN,NaN,NaN,NaN,NaN,NaN,NaN,NaN,1
2024-08-07T10:37:00-04:00,0.6859313907589051,0.7,0.6859313907589051,0.7,0.6768036463301015,0.6663277987496393,0.6967997265268915,0,0,19713,19889,0,0,0,0,NaN,NaN,8.097151014359321,NaN,NaN,NaN,0.6557245990297301,0.66750876248368,NaN,NaN,NaN,NaN,NaN,NaN,NaN,NaN,NaN,NaN,1,0,0,0,0,NaN,NaN,8.097151014359321,NaN,NaN,NaN,0.6557245990297301,0.66750876248368,NaN,NaN,NaN,NaN,NaN,NaN,NaN,NaN,NaN,NaN,1
2024-08-07T10:55:00-04:00,0.6929656953794525,0.6929656953794525,0.691,0.691,0.6793848015428103,0.6667044735778891,0.6966286936007077,0,0,19713,19890,0,0,0,0,NaN,NaN,11.038712743416355,NaN,NaN,NaN,0.6557245990297301,0.66750876248368,NaN,NaN,NaN,NaN,NaN,NaN,NaN,NaN,NaN,NaN,1,0,0,0,0,NaN,NaN,11.038712743416355,NaN,NaN,NaN,0.6557245990297301,0.66750876248368,NaN,NaN,NaN,NaN,NaN,NaN,NaN,NaN,NaN,NaN,1
2024-08-07T11:06:00-04:00,0.6919828476897263,0.7,0.6919828476897263,0.7,0.6831330194441175,0.6672128022255549,0.697879410127991,1,0,19891,19890,0,0,0,0,NaN,NaN,13.669850152059412,NaN,NaN,NaN,0.6557245990297301,0.66750876248368,NaN,NaN,NaN,NaN,NaN,NaN,NaN,NaN,NaN,NaN,1,0,0,0,0,NaN,NaN,13.669850152059412,NaN,NaN,NaN,0.6557245990297301,0.66750876248368,NaN,NaN,NaN,NaN,NaN,NaN,NaN,NaN,NaN,NaN,1
2024-08-07T11:23:00-04:00,0.6959914238448631,0.701,0.671,0.686,0.6836542886360961,0.667499629672493,0.6972531892461782,0,0,19891,19890,0,0,0,0,NaN,NaN,13.721849790062436,NaN,NaN,NaN,0.6557245990297301,0.66750876248368,NaN,NaN,NaN,NaN,NaN,NaN,NaN,NaN,NaN,NaN,1,0,0,0,0,NaN,NaN,13.721849790062436,NaN,NaN,NaN,0.6557245990297301,0.66750876248368,NaN,NaN,NaN,NaN,NaN,NaN,NaN,NaN,NaN,NaN,1
2024-08-07T11:26:00-04:00,0.6909957119224316,0.7299,0.6909957119224316,0.7299,0.6920625997931695,0.6684523070820733,0.6978169400794336,1,0,19891,19890,1,0,0,0,NaN,NaN,16.369130953974537,NaN,NaN,NaN,0.6801120368823917,0.689574948111128,NaN,NaN,NaN,NaN,NaN,NaN,NaN,NaN,NaN,NaN,1,1,0,0,0,NaN,NaN,16.369130953974537,NaN,NaN,NaN,0.6801120368823917,0.689574948111128,NaN,NaN,NaN,NaN,NaN,NaN,NaN,NaN,NaN,NaN,1
2024-08-07T11:47:00-04:00,0.7104478559612157,0.7104478559612157,0.6874,0.6874,0.6912148543762296,0.6687415848365454,0.6961401477832512,0,0,19891,19890,0,0,0,0,NaN,NaN,17.089646707722753,NaN,NaN,NaN,0.6801120368823917,0.689574948111128,NaN,NaN,NaN,NaN,NaN,NaN,NaN,NaN,NaN,NaN,1,0,0,0,0,NaN,NaN,17.089646707722753,NaN,NaN,NaN,0.6801120368823917,0.689574948111128,NaN,NaN,NaN,NaN,NaN,NaN,NaN,NaN,NaN,NaN,1
2024-08-07T11:59:00-04:00,0.6989239279806079,0.6989239279806079,0.688,0.688,0.6906303353987333,0.6690356064420944,0.6959109124190369,0,0,19891,19890,0,0,0,0,NaN,NaN,17.31795296539673,NaN,NaN,NaN,0.6801120368823917,0.689574948111128,NaN,NaN,NaN,NaN,NaN,NaN,NaN,NaN,NaN,NaN,1,0,0,0,0,NaN,NaN,17.31795296539673,NaN,NaN,NaN,0.6801120368823917,0.689574948111128,NaN,NaN,NaN,NaN,NaN,NaN,NaN,NaN,NaN,NaN,1
2024-08-07T12:01:00-04:00,0.6934619639903039,0.705,0.685,0.69475,0.6913793653262363,0.6694281926032838,0.6957431100939533,0,0,19891,19890,0,0,0,0,NaN,NaN,21.61302415445614,NaN,NaN,NaN,0.6801120368823917,0.689574948111128,NaN,NaN,NaN,NaN,NaN,NaN,NaN,NaN,NaN,NaN,1,0,0,0,0,NaN,NaN,21.61302415445614,NaN,NaN,NaN,0.6801120368823917,0.689574948111128,NaN,NaN,NaN,NaN,NaN,NaN,NaN,NaN,NaN,NaN,1
2024-08-07T12:21:00-04:00,0.6941059819951519,0.6941059819951519,0.6846,0.6846,0.6901467534487388,0.669659823250562,0.6955895580898075,0,0,19891,19890,0,0,0,0,NaN,NaN,25.53119085308785,NaN,NaN,NaN,0.6801120368823917,0.689574948111128,NaN,NaN,NaN,NaN,NaN,NaN,NaN,NaN,NaN,NaN,1,0,0,0,0,NaN,NaN,25.53119085308785,NaN,NaN,NaN,0.6801120368823917,0.689574948111128,NaN,NaN,NaN,NaN,NaN,NaN,NaN,NaN,NaN,NaN,1
2024-08-07T13:01:00-04:00,0.689352990997576,0.689352990997576,0.67,0.67,0.6864837073671499,0.6696650167887213,0.6952891406433435,0,0,19891,19890,0,0,0,0,NaN,NaN,28.457679258084468,NaN,NaN,NaN,0.6801120368823917,0.689574948111128,NaN,NaN,NaN,NaN,NaN,NaN,NaN,NaN,NaN,NaN,1,0,0,0,0,NaN,NaN,28.457679258084468,NaN,NaN,NaN,0.6801120368823917,0.689574948111128,NaN,NaN,NaN,NaN,NaN,NaN,NaN,NaN,NaN,NaN,1
2024-08-07T13:34:00-04:00,0.679676495498788,0.72,0.679676495498788,0.71,0.690759396936759,0.6702808180591224,0.7026934635568512,0,0,19891,19890,0,0,0,0,NaN,NaN,34.13229053204111,NaN,NaN,NaN,0.6801120368823917,0.689574948111128,NaN,NaN,NaN,NaN,NaN,NaN,NaN,NaN,NaN,NaN,1,0,0,0,0,NaN,NaN,34.13229053204111,NaN,NaN,NaN,0.6801120368823917,0.689574948111128,NaN,NaN,NaN,NaN,NaN,NaN,NaN,NaN,NaN,NaN,1
2024-08-07T13:41:00-04:00,0.694838247749394,0.7139,0.694838247749394,0.7139,0.6949667793118938,0.6709467597681434,0.702774552821997,0,0,19891,19890,0,0,0,0,NaN,NaN,39.90171929180849,NaN,NaN,NaN,0.6801120368823917,0.689574948111128,NaN,NaN,NaN,NaN,NaN,NaN,NaN,NaN,NaN,NaN,1,0,0,0,0,NaN,NaN,39.90171929180849,NaN,NaN,NaN,0.6801120368823917,0.689574948111128,NaN,NaN,NaN,NaN,NaN,NaN,NaN,NaN,NaN,NaN,1
2024-08-07T13:47:00-04:00,0.704369123874697,0.704369123874697,0.700101,0.700101,0.6959002739824586,0.6713918626724465,0.7027553462643676,0,0,19891,19890,0,0,0,0,NaN,NaN,44.69805772091712,NaN,NaN,NaN,0.6801120368823917,0.689574948111128,NaN,NaN,NaN,NaN,NaN,NaN,NaN,NaN,NaN,NaN,1,0,0,0,0,NaN,NaN,44.69805772091712,NaN,NaN,NaN,0.6801120368823917,0.689574948111128,NaN,NaN,NaN,NaN,NaN,NaN,NaN,NaN,NaN,NaN,1
2024-08-07T13:58:00-04:00,0.7022350619373485,0.7279,0.7022350619373485,0.7279,0.7017184059856479,0.6722545823263023,0.7030410809659089,1,0,19891,19890,0,0,0,0,NaN,NaN,49.00923667167173,NaN,NaN,NaN,0.6801120368823917,0.689574948111128,NaN,NaN,NaN,NaN,NaN,NaN,NaN,NaN,NaN,NaN,1,0,0,0,0,NaN,NaN,49.00923667167173,NaN,NaN,NaN,0.6801120368823917,0.689574948111128,NaN,NaN,NaN,NaN,NaN,NaN,NaN,NaN,NaN,NaN,1
2024-08-07T14:09:00-04:00,0.7150675309686743,0.7150675309686743,0.7001,0.7001,0.7014241503518938,0.6726797032068168,0.7028829583333331,0,0,19891,19890,0,0,0,0,NaN,NaN,52.7503905016071,NaN,NaN,NaN,0.6801120368823917,0.689574948111128,NaN,NaN,NaN,NaN,NaN,NaN,NaN,NaN,NaN,NaN,1,0,0,0,0,NaN,NaN,52.7503905016071,NaN,NaN,NaN,0.6801120368823917,0.689574948111128,NaN,NaN,NaN,NaN,NaN,NaN,NaN,NaN,NaN,NaN,1
2024-08-07T14:45:00-04:00,0.7075837654843371,0.7279,0.7075837654843371,0.7240749999999999,0.7055424866515494,0.6734643642265601,0.7065601377471672,1,0,19891,19890,0,0,0,0,NaN,NaN,57.44485465736573,NaN,NaN,NaN,0.6801120368823917,0.689574948111128,NaN,NaN,NaN,NaN,NaN,NaN,NaN,NaN,NaN,NaN,1,0,0,0,0,NaN,NaN,57.44485465736573,NaN,NaN,NaN,0.6801120368823917,0.689574948111128,NaN,NaN,NaN,NaN,NaN,NaN,NaN,NaN,NaN,NaN,1
2024-08-07T14:47:00-04:00,0.7158293827421685,0.719,0.7158293827421685,0.719,0.7079893072603586,0.6741595647727194,0.7066151692103516,0,0,19891,19890,0,0,0,0,NaN,NaN,62.025653624184095,NaN,NaN,NaN,0.6801120368823917,0.689574948111128,NaN,NaN,NaN,NaN,NaN,NaN,NaN,NaN,NaN,NaN,1,0,0,0,0,NaN,NaN,62.025653624184095,NaN,NaN,NaN,0.6801120368823917,0.689574948111128,NaN,NaN,NaN,NaN,NaN,NaN,NaN,NaN,NaN,NaN,1
2024-08-07T14:48:00-04:00,0.7174146913710842,0.719,0.7174146913710842,0.719,0.7099912513948389,0.6748441515700825,0.706669715921603,0,0,19891,19890,0,0,0,0,NaN,NaN,65.95289921444082,NaN,NaN,NaN,0.6801120368823917,0.689574948111128,NaN,NaN,NaN,NaN,NaN,NaN,NaN,NaN,NaN,NaN,1,0,0,0,0,NaN,NaN,65.95289921444082,NaN,NaN,NaN,0.6801120368823917,0.689574948111128,NaN,NaN,NaN,NaN,NaN,NaN,NaN,NaN,NaN,NaN,1
2024-08-07T14:59:00-04:00,0.718207345685542,0.718207345685542,0.7,0.7,0.7081746602321409,0.6752282103247377,0.7066404691953517,0,0,19891,19890,0,0,0,0,NaN,NaN,66.23829065027287,NaN,NaN,NaN,0.6801120368823917,0.689574948111128,NaN,NaN,NaN,NaN,NaN,NaN,NaN,NaN,NaN,NaN,1,0,0,0,0,NaN,NaN,66.23829065027287,NaN,NaN,NaN,0.6801120368823917,0.689574948111128,NaN,NaN,NaN,NaN,NaN,NaN,NaN,NaN,NaN,NaN,1
2024-08-07T15:00:00-04:00,0.709103672842771,0.7195,0.709103672842771,0.71925,0.7101883583717516,0.6759002987167264,0.7070678203770386,0,0,19891,19890,0,0,0,0,NaN,NaN,69.53842708865236,NaN,NaN,NaN,0.6801120368823917,0.689574948111128,NaN,NaN,NaN,NaN,NaN,NaN,NaN,NaN,NaN,NaN,1,0,0,0,0,NaN,NaN,69.53842708865236,NaN,NaN,NaN,0.6801120368823917,0.689574948111128,NaN,NaN,NaN,NaN,NaN,NaN,NaN,NaN,NaN,NaN,1
2024-08-07T15:10:00-04:00,0.7141768364213854,0.7141768364213854,0.68,0.68,0.7046995659405241,0.675962889576013,0.7069536342543766,0,0,19891,19890,0,0,0,0,NaN,NaN,70.5190797506567,NaN,NaN,NaN,0.6801120368823917,0.689574948111128,NaN,NaN,NaN,NaN,NaN,NaN,NaN,NaN,NaN,NaN,1,0,0,0,0,NaN,NaN,70.5190797506567,NaN,NaN,NaN,0.6801120368823917,0.689574948111128,NaN,NaN,NaN,NaN,NaN,NaN,NaN,NaN,NaN,NaN,1
2024-08-07T15:13:00-04:00,0.6970884182106927,0.72,0.6970884182106927,0.715725,0.7067041903149742,0.6765699446969899,0.7081736934810241,0,0,19891,19890,0,0,0,0,NaN,NaN,72.81187533863934,NaN,NaN,NaN,0.6801120368823917,0.689574948111128,NaN,NaN,NaN,NaN,NaN,NaN,NaN,NaN,NaN,NaN,1,0,0,0,0,NaN,NaN,72.81187533863934,NaN,NaN,NaN,0.6801120368823917,0.689574948111128,NaN,NaN,NaN,NaN,NaN,NaN,NaN,NaN,NaN,NaN,1
2024-08-07T15:27:00-04:00,0.7064067091053463,0.72,0.7064067091053463,0.72,0.7091216102577061,0.6772329989764252,0.7083191997273836,0,0,19891,19890,0,0,0,0,NaN,NaN,75.80719950033729,NaN,NaN,NaN,0.6801120368823917,0.689574948111128,NaN,NaN,NaN,NaN,NaN,NaN,NaN,NaN,NaN,NaN,1,0,0,0,0,NaN,NaN,75.80719950033729,NaN,NaN,NaN,0.6801120368823917,0.689574948111128,NaN,NaN,NaN,NaN,NaN,NaN,NaN,NaN,NaN,NaN,1
2024-08-07T15:28:00-04:00,0.7132033545526731,0.72,0.7132033545526731,0.72,0.7110994993017595,0.6778859302897622,0.7084435605791752,0,0,19891,19890,0,0,0,0,NaN,NaN,77.9720873175166,NaN,NaN,NaN,0.6801120368823917,0.689574948111128,NaN,NaN,NaN,NaN,NaN,NaN,NaN,NaN,NaN,NaN,1,0,0,0,0,NaN,NaN,77.9720873175166,NaN,NaN,NaN,0.6801120368823917,0.689574948111128,NaN,NaN,NaN,NaN,NaN,NaN,NaN,NaN,NaN,NaN,1
2024-08-07T15:29:00-04:00,0.7166016772763366,0.73,0.7166016772763366,0.7224999999999999,0.7131723176105305,0.678567061125033,0.7086116325958133,0,0,19891,19890,0,0,0,0,NaN,NaN,80.06348570696713,NaN,NaN,NaN,0.6801120368823917,0.689574948111128,NaN,NaN,NaN,NaN,NaN,NaN,NaN,NaN,NaN,NaN,1,0,0,0,0,NaN,NaN,80.06348570696713,NaN,NaN,NaN,0.6801120368823917,0.689574948111128,NaN,NaN,NaN,NaN,NaN,NaN,NaN,NaN,NaN,NaN,1
2024-08-07T15:30:00-04:00,0.7195508386381683,0.73,0.7195508386381683,0.7224999999999999,0.7148682598631613,0.6792377930162539,0.708865495697074,0,0,19891,19890,0,0,0,0,NaN,NaN,82.05639970191801,NaN,NaN,NaN,0.6801120368823917,0.689574948111128,NaN,NaN,NaN,NaN,NaN,NaN,NaN,NaN,NaN,NaN,1,0,0,0,0,NaN,NaN,82.05639970191801,NaN,NaN,NaN,0.6801120368823917,0.689574948111128,NaN,NaN,NaN,NaN,NaN,NaN,NaN,NaN,NaN,NaN,1
2024-08-07T15:31:00-04:00,0.7210254193190841,0.73,0.72,0.7249999999999999,0.7167103944334956,0.6799364526648607,0.7090846400679117,0,0,19891,19890,0,0,0,0,NaN,NaN,83.97327795688003,NaN,NaN,NaN,0.6801120368823917,0.689574948111128,NaN,NaN,NaN,NaN,NaN,NaN,NaN,NaN,NaN,NaN,1,0,0,0,0,NaN,NaN,83.97327795688003,NaN,NaN,NaN,0.6801120368823917,0.689574948111128,NaN,NaN,NaN,NaN,NaN,NaN,NaN,NaN,NaN,NaN,1
2024-08-07T15:32:00-04:00,0.723012709659542,0.73,0.72,0.725,0.7182175954455873,0.6806244457539468,0.7092979112227805,0,0,19891,19890,0,0,0,0,NaN,NaN,84.46086148125181,NaN,NaN,NaN,0.6801120368823917,0.689574948111128,NaN,NaN,NaN,NaN,NaN,NaN,NaN,NaN,NaN,NaN,1,0,0,0,0,NaN,NaN,84.46086148125181,NaN,NaN,NaN,0.6801120368823917,0.689574948111128,NaN,NaN,NaN,NaN,NaN,NaN,NaN,NaN,NaN,NaN,1
2024-08-07T15:33:00-04:00,0.724006354829771,0.73,0.72,0.7249999999999999,0.7194507599100259,0.6813019351317491,0.7095565947281713,0,0,19891,19890,0,0,0,0,NaN,NaN,85.37236512565822,NaN,NaN,NaN,0.6998406888035485,0.689574948111128,NaN,NaN,NaN,NaN,NaN,NaN,NaN,NaN,NaN,NaN,1,0,0,0,0,NaN,NaN,85.37236512565822,NaN,NaN,NaN,0.6998406888035485,0.689574948111128,NaN,NaN,NaN,NaN,NaN,NaN,NaN,NaN,NaN,NaN,1
2024-08-07T15:34:00-04:00,0.7245031774148855,0.7245031774148855,0.72,0.72,0.7195506217445666,0.6818927452824094,0.709692443902439,0,0,19891,19890,0,0,0,0,NaN,NaN,85.53466741255453,NaN,NaN,NaN,0.6998406888035485,0.689574948111128,NaN,NaN,NaN,NaN,NaN,NaN,NaN,NaN,NaN,NaN,1,0,0,0,0,NaN,NaN,85.53466741255453,NaN,NaN,NaN,0.6998406888035485,0.689574948111128,NaN,NaN,NaN,NaN,NaN,NaN,NaN,NaN,NaN,NaN,1
2024-08-07T15:35:00-04:00,0.7222515887074428,0.7222515887074428,0.72,0.72,0.7196323268819181,0.6824745354307695,0.7098248041733547,0,0,19891,19890,0,0,0,0,NaN,NaN,85.58074628961087,NaN,NaN,NaN,0.6998406888035485,0.689574948111128,NaN,NaN,NaN,NaN,NaN,NaN,NaN,NaN,NaN,NaN,1,0,0,0,0,NaN,NaN,85.58074628961087,NaN,NaN,NaN,0.6998406888035485,0.689574948111128,NaN,NaN,NaN,NaN,NaN,NaN,NaN,NaN,NaN,NaN,1
2024-08-07T15:36:00-04:00,0.7211257943537214,0.74,0.7211257943537214,0.74,0.7233355401761148,0.6833527867982387,0.7101126438791733,1,0,19891,19890,0,0,0,0,NaN,NaN,85.75070898620072,NaN,NaN,NaN,0.6998406888035485,0.702792457451125,NaN,NaN,NaN,NaN,NaN,NaN,NaN,NaN,NaN,NaN,1,0,0,0,0,NaN,NaN,85.75070898620072,NaN,NaN,NaN,0.6998406888035485,0.702792457451125,NaN,NaN,NaN,NaN,NaN,NaN,NaN,NaN,NaN,NaN,1
2024-08-07T15:37:00-04:00,0.7305628971768607,0.74,0.7305628971768607,0.74,0.7263654419622757,0.6842176297478839,0.7104879952904238,0,0,19891,19890,0,0,0,0,NaN,NaN,85.75312946031,NaN,NaN,NaN,0.6998406888035485,0.702792457451125,NaN,NaN,NaN,NaN,NaN,NaN,NaN,NaN,NaN,NaN,1,0,0,0,0,NaN,NaN,85.75312946031,NaN,NaN,NaN,0.6998406888035485,0.702792457451125,NaN,NaN,NaN,NaN,NaN,NaN,NaN,NaN,NaN,NaN,1
2024-08-07T15:40:00-04:00,0.7352814485884304,0.74,0.7352814485884304,0.74,0.7288444525145892,0.6850692689883743,0.7106721575663026,0,0,19891,19890,0,0,0,0,NaN,NaN,85.74574313804129,NaN,NaN,NaN,0.6998406888035485,0.702792457451125,NaN,NaN,NaN,NaN,NaN,NaN,NaN,NaN,NaN,NaN,1,0,0,0,0,NaN,NaN,85.74574313804129,NaN,NaN,NaN,0.6998406888035485,0.702792457451125,NaN,NaN,NaN,NaN,NaN,NaN,NaN,NaN,NaN,NaN,1
2024-08-07T15:45:00-04:00,0.7376407242942151,0.74,0.7376407242942151,0.74,0.7308727338755729,0.6859079061030556,0.7107633794712286,0,0,19891,19890,0,0,0,0,NaN,NaN,85.7892036843276,NaN,NaN,NaN,0.6998406888035485,0.702792457451125,NaN,NaN,NaN,NaN,NaN,NaN,NaN,NaN,NaN,NaN,1,0,0,0,0,NaN,NaN,85.7892036843276,NaN,NaN,NaN,0.6998406888035485,0.702792457451125,NaN,NaN,NaN,NaN,NaN,NaN,NaN,NaN,NaN,NaN,1
2024-08-07T15:55:00-04:00,0.7388203621471076,0.7388203621471076,0.735,0.735,0.731623145898196,0.6866574037198029,0.71106121812596,0,0,19891,19890,0,0,0,0,NaN,NaN,85.67452550170103,NaN,NaN,NaN,0.6998406888035485,0.702792457451125,NaN,NaN,NaN,NaN,NaN,NaN,NaN,NaN,NaN,NaN,1,0,0,0,0,NaN,NaN,85.67452550170103,NaN,NaN,NaN,0.6998406888035485,0.702792457451125,NaN,NaN,NaN,NaN,NaN,NaN,NaN,NaN,NaN,NaN,1
2024-08-07T15:57:00-04:00,0.7369101810735538,0.7369101810735538,0.734999,0.734999,0.7322369375530694,0.6873954433576684,0.7120022819786317,0,0,19891,19890,0,0,0,0,NaN,NaN,85.5614482591669,NaN,NaN,NaN,0.6998406888035485,0.702792457451125,NaN,NaN,NaN,NaN,NaN,NaN,NaN,NaN,NaN,NaN,1,0,0,0,0,NaN,NaN,85.5614482591669,NaN,NaN,NaN,0.6998406888035485,0.702792457451125,NaN,NaN,NaN,NaN,NaN,NaN,NaN,NaN,NaN,NaN,1
2024-08-07T15:58:00-04:00,0.7359545905367768,0.749,0.7359545905367768,0.7464,0.7348120398161477,0.6882962762835055,0.7124995525757003,1,0,19891,19890,0,0,0,0,NaN,NaN,85.77582409168775,NaN,NaN,NaN,0.6998406888035485,0.7144780413863887,NaN,NaN,NaN,NaN,NaN,NaN,NaN,NaN,NaN,NaN,1,0,0,0,0,NaN,NaN,85.77582409168775,NaN,NaN,NaN,0.6998406888035485,0.7144780413863887,NaN,NaN,NaN,NaN,NaN,NaN,NaN,NaN,NaN,NaN,1
2024-08-07T15:59:00-04:00,0.7411772952683884,0.745,0.74,0.7424999999999999,0.7362098507586663,0.6891238140501695,0.716039973267657,0,0,19891,19890,0,0,0,0,NaN,NaN,85.72427335819744,NaN,NaN,NaN,0.7044552180960727,0.7144780413863887,NaN,NaN,NaN,NaN,NaN,NaN,NaN,NaN,NaN,NaN,1,0,0,0,0,NaN,NaN,85.72427335819744,NaN,NaN,NaN,0.7044552180960727,0.7144780413863887,NaN,NaN,NaN,NaN,NaN,NaN,NaN,NaN,NaN,NaN,1
2024-08-08T09:30:00-04:00,0.7418386476341942,0.7418386476341942,0.73,0.73,0.7350807869843633,0.6897478779578006,0.73,0,0,19891,19890,0,0,0,0,NaN,NaN,85.61973183087088,NaN,NaN,NaN,0.7064548397988719,0.7144780413863887,NaN,NaN,NaN,NaN,NaN,NaN,NaN,NaN,NaN,NaN,1,0,0,0,0,NaN,NaN,85.61973183087088,NaN,NaN,NaN,0.7064548397988719,0.7144780413863887,NaN,NaN,NaN,NaN,NaN,NaN,NaN,NaN,NaN,NaN,1
2024-08-08T10:31:00-04:00,0.7359193238170971,0.7359193238170971,0.72,0.7249999999999999,0.7332479166235699,0.6902860782943226,0.7263006230529595,0,0,19891,19890,0,0,0,0,NaN,NaN,85.13692468089015,NaN,NaN,NaN,0.7064548397988719,0.7144780413863887,NaN,NaN,NaN,NaN,NaN,NaN,NaN,NaN,NaN,NaN,1,0,0,0,0,NaN,NaN,85.13692468089015,NaN,NaN,NaN,0.7064548397988719,0.7144780413863887,NaN,NaN,NaN,NaN,NaN,NaN,NaN,NaN,NaN,NaN,1
2024-08-08T12:30:00-04:00,0.7304596619085485,0.7304596619085485,0.6903,0.6903,0.7254392045101936,0.6902862908394475,0.7204335071707952,0,0,19891,19890,0,0,0,0,NaN,NaN,81.08831988347539,NaN,NaN,NaN,0.7064548397988719,0.7144780413863887,NaN,NaN,NaN,NaN,NaN,NaN,NaN,NaN,NaN,NaN,1,0,0,0,0,NaN,NaN,81.08831988347539,NaN,NaN,NaN,0.7064548397988719,0.7144780413863887,NaN,NaN,NaN,NaN,NaN,NaN,NaN,NaN,NaN,NaN,1
2024-08-08T12:33:00-04:00,0.7103798309542743,0.7451,0.7103798309542743,0.7451,0.7290138945992494,0.6911231413609826,0.724468375136314,0,0,19891,19890,0,0,0,0,NaN,NaN,81.1444014099678,NaN,NaN,NaN,0.7064548397988719,0.7144780413863887,NaN,NaN,NaN,NaN,NaN,NaN,NaN,NaN,NaN,NaN,1,0,0,0,0,NaN,NaN,81.1444014099678,NaN,NaN,NaN,0.7064548397988719,0.7144780413863887,NaN,NaN,NaN,NaN,NaN,NaN,NaN,NaN,NaN,NaN,1
2024-08-08T12:59:00-04:00,0.7277399154771371,0.7277399154771371,0.69,0.69,0.7219204592175676,0.6911059941646317,0.7210791543756145,0,1,19891,19890,0,0,0,0,NaN,NaN,76.9174800835815,NaN,NaN,NaN,0.7064548397988719,0.7144780413863887,NaN,NaN,NaN,NaN,NaN,NaN,NaN,NaN,NaN,NaN,1,0,0,0,0,NaN,NaN,76.9174800835815,NaN,NaN,NaN,0.7064548397988719,0.7144780413863887,NaN,NaN,NaN,NaN,NaN,NaN,NaN,NaN,NaN,NaN,1
2024-08-08T14:17:00-04:00,0.7088699577385685,0.716,0.7088699577385685,0.716,0.7208440120871008,0.6914860553224236,0.7206244404655326,0,0,19891,19933,0,0,0,0,NaN,NaN,75.57869060381205,NaN,NaN,NaN,0.7064548397988719,0.7144780413863887,NaN,NaN,NaN,NaN,NaN,NaN,NaN,NaN,NaN,NaN,1,0,0,0,0,NaN,NaN,75.57869060381205,NaN,NaN,NaN,0.7064548397988719,0.7144780413863887,NaN,NaN,NaN,NaN,NaN,NaN,NaN,NaN,NaN,NaN,1
2024-08-08T14:35:00-04:00,0.7124349788692843,0.716,0.7124349788692843,0.716,0.7199632826167188,0.6918603140197912,0.7202444535743632,0,0,19891,19934,0,0,0,0,NaN,NaN,74.30251120093224,NaN,NaN,NaN,0.7064548397988719,0.7144780413863887,NaN,NaN,NaN,NaN,NaN,NaN,NaN,NaN,NaN,NaN,1,0,0,0,0,NaN,NaN,74.30251120093224,NaN,NaN,NaN,0.7064548397988719,0.7144780413863887,NaN,NaN,NaN,NaN,NaN,NaN,NaN,NaN,NaN,NaN,1
2024-08-08T14:46:00-04:00,0.7142174894346421,0.7142174894346421,0.6901,0.6901,0.7145335948682245,0.6918334389965883,0.7161737739872068,0,1,19891,19935,0,0,0,0,NaN,NaN,70.32300170787855,NaN,NaN,NaN,0.7064548397988719,0.7144780413863887,NaN,NaN,NaN,NaN,NaN,NaN,NaN,NaN,NaN,NaN,1,0,0,0,0,NaN,NaN,70.32300170787855,NaN,NaN,NaN,0.7064548397988719,0.7144780413863887,NaN,NaN,NaN,NaN,NaN,NaN,NaN,NaN,NaN,NaN,1
2024-08-09T09:33:00-04:00,0.7021587447173211,0.7021587447173211,0.6565,0.6565,0.703982032164911,0.6912939971798465,0.6565,0,0,19891,19936,0,0,0,0,NaN,NaN,61.62187407522421,NaN,NaN,NaN,0.7064548397988719,0.6906619999999999,NaN,NaN,NaN,NaN,NaN,NaN,NaN,NaN,NaN,NaN,1,0,0,0,0,NaN,NaN,61.62187407522421,NaN,NaN,NaN,0.7064548397988719,0.6906619999999999,NaN,NaN,NaN,NaN,NaN,NaN,NaN,NaN,NaN,NaN,1
2024-08-09T09:34:00-04:00,0.6793293723586605,0.6793293723586605,0.656499,0.6564995,0.6953488444985635,0.6907627834824442,0.6564999187604691,0,0,19891,19937,0,0,0,0,NaN,NaN,53.28201243193266,NaN,NaN,NaN,0.7064548397988719,0.6896368824999999,NaN,NaN,NaN,NaN,NaN,NaN,NaN,NaN,NaN,NaN,1,0,0,0,0,NaN,NaN,53.28201243193266,NaN,NaN,NaN,0.7064548397988719,0.6896368824999999,NaN,NaN,NaN,NaN,NaN,NaN,NaN,NaN,NaN,NaN,1
2024-08-09T09:36:00-04:00,0.6679144361793303,0.73,0.6679144361793303,0.73,0.7016490545897338,0.6913618249559947,0.666252471912833,0,0,19891,19938,0,0,0,0,NaN,NaN,53.21894061290209,NaN,NaN,NaN,0.7064548397988719,0.695454765,NaN,NaN,NaN,NaN,NaN,NaN,NaN,NaN,NaN,NaN,1,0,0,0,0,NaN,NaN,53.21894061290209,NaN,NaN,NaN,0.7064548397988719,0.695454765,NaN,NaN,NaN,NaN,NaN,NaN,NaN,NaN,NaN,NaN,1
2024-08-09T10:20:00-04:00,0.6989572180896652,0.7445,0.6989572180896652,0.7445,0.7094401355734186,0.6921730948039948,0.6681022952718676,0,0,19891,19939,0,0,0,0,NaN,NaN,53.802893637149175,NaN,NaN,NaN,0.7064548397988719,0.70395862205,NaN,NaN,NaN,NaN,NaN,NaN,NaN,NaN,NaN,NaN,1,0,0,0,0,NaN,NaN,53.802893637149175,NaN,NaN,NaN,0.7064548397988719,0.70395862205,NaN,NaN,NaN,NaN,NaN,NaN,NaN,NaN,NaN,NaN,1
2024-08-09T10:38:00-04:00,0.7217286090448326,0.739899,0.7217286090448326,0.739899,0.7149781109237061,0.6929017345779797,0.66976041778291,0,0,19891,19940,0,0,0,0,NaN,NaN,54.03840192739126,NaN,NaN,NaN,0.7064548397988719,0.70395862205,NaN,NaN,NaN,NaN,NaN,NaN,NaN,NaN,NaN,NaN,1,0,0,0,0,NaN,NaN,54.03840192739126,NaN,NaN,NaN,0.7064548397988719,0.70395862205,NaN,NaN,NaN,NaN,NaN,NaN,NaN,NaN,NaN,NaN,1
2024-08-09T14:12:00-04:00,0.7308138045224163,0.7308138045224163,0.73,0.73,0.7177093634830323,0.6934681203096136,0.6810624031894934,0,0,19891,19941,0,0,0,0,NaN,NaN,52.972446313229085,NaN,NaN,NaN,0.7064548397988719,0.70395862205,NaN,NaN,NaN,NaN,NaN,NaN,NaN,NaN,NaN,NaN,1,0,0,0,0,NaN,NaN,52.972446313229085,NaN,NaN,NaN,0.7064548397988719,0.70395862205,NaN,NaN,NaN,NaN,NaN,NaN,NaN,NaN,NaN,NaN,1
2024-08-09T14:24:00-04:00,0.7304069022612081,0.7304069022612081,0.7001,0.7001,0.7145076610315718,0.6935693703812226,0.6815360792169777,0,0,19891,19942,0,0,0,0,NaN,NaN,49.46156558474422,NaN,NaN,NaN,0.7064548397988719,0.70395862205,NaN,NaN,NaN,NaN,NaN,NaN,NaN,NaN,NaN,NaN,1,0,0,0,0,NaN,NaN,49.46156558474422,NaN,NaN,NaN,0.7064548397988719,0.70395862205,NaN,NaN,NaN,NaN,NaN,NaN,NaN,NaN,NaN,NaN,1
2024-08-09T14:29:00-04:00,0.715253451130604,0.715253451130604,0.715001,0.715001,0.7145973590258314,0.6938965708334176,0.6829661038528897,0,0,19891,19943,0,0,0,0,NaN,NaN,47.286787214453696,NaN,NaN,NaN,0.7064548397988719,0.70395862205,NaN,NaN,NaN,NaN,NaN,NaN,NaN,NaN,NaN,NaN,1,0,0,0,0,NaN,NaN,47.286787214453696,NaN,NaN,NaN,0.7064548397988719,0.70395862205,NaN,NaN,NaN,NaN,NaN,NaN,NaN,NaN,NaN,NaN,1
2024-08-09T16:48:00-04:00,0.7151272255653021,0.7281,0.7151272255653021,0.7281,0.7170523846574984,0.6944187605916861,0.6837429351118761,1,0,19944,19943,0,0,0,0,NaN,NaN,46.03943304910271,NaN,NaN,NaN,0.7064548397988719,0.70395862205,NaN,NaN,NaN,NaN,NaN,NaN,NaN,NaN,NaN,NaN,1,0,0,0,0,NaN,NaN,46.03943304910271,NaN,NaN,NaN,0.7064548397988719,0.70395862205,NaN,NaN,NaN,NaN,NaN,NaN,NaN,NaN,NaN,NaN,1
2024-08-12T09:30:00-04:00,0.721613612782651,0.721613612782651,0.7,0.7,0.7139519510834078,0.6945039703536451,0.7,0,0,19944,19943,0,0,0,0,NaN,NaN,42.075614252452475,NaN,NaN,NaN,0.7064548397988719,0.70395862205,NaN,NaN,NaN,NaN,NaN,NaN,NaN,NaN,NaN,NaN,1,0,0,0,0,NaN,NaN,42.075614252452475,NaN,NaN,NaN,0.7064548397988719,0.70395862205,NaN,NaN,NaN,NaN,NaN,NaN,NaN,NaN,NaN,NaN,1
2024-08-12T09:43:00-04:00,0.7108068063913255,0.7108068063913255,0.7001,0.7001,0.7114334145227882,0.694589405920765,0.7000378787878788,0,0,19944,19943,0,0,0,0,NaN,NaN,38.07794023256771,NaN,NaN,NaN,0.7064548397988719,0.70395862205,NaN,NaN,NaN,NaN,NaN,NaN,NaN,NaN,NaN,NaN,1,0,0,0,0,NaN,NaN,38.07794023256771,NaN,NaN,NaN,0.7064548397988719,0.70395862205,NaN,NaN,NaN,NaN,NaN,NaN,NaN,NaN,NaN,NaN,1
2024-08-12T10:00:00-04:00,0.7054534031956627,0.72,0.7054534031956627,0.72,0.7129909755186449,0.6949773539219747,0.7032165605095542,0,0,19944,19943,0,0,0,0,NaN,NaN,35.725540310760366,NaN,NaN,NaN,0.7064548397988719,0.70395862205,NaN,NaN,NaN,NaN,NaN,NaN,NaN,NaN,NaN,NaN,1,0,0,0,0,NaN,NaN,35.725540310760366,NaN,NaN,NaN,0.7064548397988719,0.70395862205,NaN,NaN,NaN,NaN,NaN,NaN,NaN,NaN,NaN,NaN,1
2024-08-12T10:34:00-04:00,0.7127267015978314,0.7127267015978314,0.7,0.7,0.7106289799698003,0.6950540355414865,0.7027747252747253,0,0,19944,19943,0,0,0,0,NaN,NaN,31.410714820678905,NaN,NaN,NaN,0.7064548397988719,0.70395862205,NaN,NaN,NaN,NaN,NaN,NaN,NaN,NaN,NaN,NaN,1,0,0,0,0,NaN,NaN,31.410714820678905,NaN,NaN,NaN,0.7064548397988719,0.70395862205,NaN,NaN,NaN,NaN,NaN,NaN,NaN,NaN,NaN,NaN,1
2024-08-12T11:02:00-04:00,0.7063633507989157,0.7099,0.7063633507989157,0.70983825,0.7104852108843821,0.6952797487393264,0.7048360651750972,0,0,19944,19943,0,0,0,0,NaN,NaN,28.01242248859654,NaN,NaN,NaN,0.7064548397988719,0.70395862205,NaN,NaN,NaN,NaN,NaN,NaN,NaN,NaN,NaN,NaN,1,0,0,0,0,NaN,NaN,28.01242248859654,NaN,NaN,NaN,0.7064548397988719,0.70395862205,NaN,NaN,NaN,NaN,NaN,NaN,NaN,NaN,NaN,NaN,1
2024-08-12T11:04:00-04:00,0.7081008003994578,0.71,0.7081008003994578,0.70995,0.7103878998144945,0.6955037220410161,0.7059913215361445,0,0,19944,19943,0,0,0,0,NaN,NaN,24.670415669740233,NaN,NaN,NaN,0.7064548397988719,0.70395862205,NaN,NaN,NaN,NaN,NaN,NaN,NaN,NaN,NaN,NaN,1,0,0,0,0,NaN,NaN,24.670415669740233,NaN,NaN,NaN,0.7064548397988719,0.70395862205,NaN,NaN,NaN,NaN,NaN,NaN,NaN,NaN,NaN,NaN,1
2024-08-12T11:40:00-04:00,0.7090254001997289,0.7090254001997289,0.7,0.7000500000000001,0.7085082816664046,0.6955731308648173,0.7008922368701964,0,0,19944,19943,0,0,0,0,NaN,NaN,20.375133926143338,NaN,NaN,NaN,0.7064548397988719,0.70395862205,NaN,NaN,NaN,NaN,NaN,NaN,NaN,NaN,NaN,NaN,1,0,0,0,0,NaN,NaN,20.375133926143338,NaN,NaN,NaN,0.7064548397988719,0.70395862205,NaN,NaN,NaN,NaN,NaN,NaN,NaN,NaN,NaN,NaN,1
2024-08-12T12:43:00-04:00,0.7045377000998645,0.709,0.7045377000998645,0.709,0.7085976849997856,0.6957781212332934,0.7009778701943388,0,0,19944,19943,0,0,0,0,NaN,NaN,17.69403699171799,NaN,NaN,NaN,0.7064548397988719,0.70395862205,NaN,NaN,NaN,NaN,NaN,NaN,NaN,NaN,NaN,NaN,1,0,0,0,0,NaN,NaN,17.69403699171799,NaN,NaN,NaN,0.7064548397988719,0.70395862205,NaN,NaN,NaN,NaN,NaN,NaN,NaN,NaN,NaN,NaN,1
2024-08-12T13:38:00-04:00,0.7067688500499323,0.7067688500499323,0.7,0.7,0.7070344695452792,0.6958425773976706,0.700862939230124,0,0,19944,19943,0,0,0,0,NaN,NaN,13.64760607581558,NaN,NaN,NaN,0.7064548397988719,0.70395862205,NaN,NaN,NaN,NaN,NaN,NaN,NaN,NaN,NaN,NaN,1,0,0,0,0,NaN,NaN,13.64760607581558,NaN,NaN,NaN,0.7064548397988719,0.70395862205,NaN,NaN,NaN,NaN,NaN,NaN,NaN,NaN,NaN,NaN,1
2024-08-12T13:52:00-04:00,0.7033844250249661,0.7033844250249661,0.6969,0.6983999999999999,0.705464565991592,0.6958816220175535,0.7004438452316497,0,0,19944,19943,0,0,0,0,NaN,NaN,9.679931399244984,NaN,NaN,NaN,0.7064548397988719,0.70395862205,NaN,NaN,NaN,NaN,NaN,NaN,NaN,NaN,NaN,NaN,1,0,0,0,0,NaN,NaN,9.679931399244984,NaN,NaN,NaN,0.7064548397988719,0.70395862205,NaN,NaN,NaN,NaN,NaN,NaN,NaN,NaN,NaN,NaN,1
2024-08-12T15:47:00-04:00,0.700892212512483,0.72,0.700892212512483,0.72,0.7081073721749389,0.6962498415287359,0.7005939423593521,1,0,19944,19943,0,0,0,0,NaN,NaN,7.695277590615655,NaN,NaN,NaN,0.7064548397988719,0.70395862205,NaN,NaN,NaN,NaN,NaN,NaN,NaN,NaN,NaN,NaN,1,0,0,0,0,NaN,NaN,7.695277590615655,NaN,NaN,NaN,0.7064548397988719,0.70395862205,NaN,NaN,NaN,NaN,NaN,NaN,NaN,NaN,NaN,NaN,1
2024-08-12T15:52:00-04:00,0.7104461062562415,0.7104461062562415,0.7,0.7,0.7066333045067682,0.6963070958565415,0.7005719916475719,0,0,19944,19943,0,0,0,0,NaN,NaN,5.2805435591783105,NaN,NaN,NaN,0.7064548397988719,0.70395862205,NaN,NaN,NaN,NaN,NaN,NaN,NaN,NaN,NaN,NaN,1,0,0,0,0,NaN,NaN,5.2805435591783105,NaN,NaN,NaN,0.7064548397988719,0.70395862205,NaN,NaN,NaN,NaN,NaN,NaN,NaN,NaN,NaN,NaN,1
2024-08-12T15:58:00-04:00,0.7052230531281207,0.7329,0.7052230531281207,0.7329,0.7114090673237194,0.696865766148808,0.7016372676912079,1,0,19944,19943,0,0,0,0,NaN,NaN,4.480039459258277,NaN,NaN,NaN,0.7064548397988719,0.70395862205,NaN,NaN,NaN,NaN,NaN,NaN,NaN,NaN,NaN,NaN,1,0,0,0,0,NaN,NaN,4.480039459258277,NaN,NaN,NaN,0.7064548397988719,0.70395862205,NaN,NaN,NaN,NaN,NaN,NaN,NaN,NaN,NaN,NaN,1
2024-08-12T19:12:00-04:00,0.7190615265640603,0.7190615265640603,0.7001,0.7001,0.7093528732648614,0.6969151437648567,0.7016207449441378,0,0,19944,19943,0,0,0,0,NaN,NaN,2.7244282449289403,NaN,NaN,NaN,0.7064548397988719,0.70395862205,NaN,NaN,NaN,NaN,NaN,NaN,NaN,NaN,NaN,NaN,1,0,0,0,0,NaN,NaN,2.7244282449289403,NaN,NaN,NaN,0.7064548397988719,0.70395862205,NaN,NaN,NaN,NaN,NaN,NaN,NaN,NaN,NaN,NaN,1
2024-08-13T08:07:00-04:00,0.7095807632820301,0.77,0.7095807632820301,0.77,0.7203796235803411,0.698030943096691,0.77,1,0,19944,19943,0,0,0,0,NaN,NaN,3.5189316554838777,NaN,NaN,NaN,0.7064548397988719,0.7199061047269999,NaN,NaN,NaN,NaN,NaN,NaN,NaN,NaN,NaN,NaN,1,0,0,0,0,NaN,NaN,3.5189316554838777,NaN,NaN,NaN,0.7064548397988719,0.7199061047269999,NaN,NaN,NaN,NaN,NaN,NaN,NaN,NaN,NaN,NaN,1
2024-08-13T09:30:00-04:00,0.7397903816410151,0.7397903816410151,0.72,0.72,0.7203106011111882,0.6983663485455965,0.7233512720156555,0,0,19944,19943,0,0,0,0,NaN,NaN,3.0497259949705695,NaN,NaN,NaN,0.7064548397988719,0.7199061047269999,NaN,NaN,NaN,NaN,NaN,NaN,NaN,NaN,NaN,NaN,1,0,0,0,0,NaN,NaN,3.0497259949705695,NaN,NaN,NaN,0.7064548397988719,0.7199061047269999,NaN,NaN,NaN,NaN,NaN,NaN,NaN,NaN,NaN,NaN,1
2024-08-13T09:46:00-04:00,0.7298951908205076,0.7298951908205076,0.7001,0.7001,0.7166359463636994,0.6983928165067325,0.7218707741639945,0,0,19944,19943,0,0,0,0,NaN,NaN,2.0733242218028085,NaN,NaN,NaN,0.7064548397988719,0.7199061047269999,NaN,NaN,NaN,NaN,NaN,NaN,NaN,NaN,NaN,NaN,1,0,0,0,0,NaN,NaN,2.0733242218028085,NaN,NaN,NaN,0.7064548397988719,0.7199061047269999,NaN,NaN,NaN,NaN,NaN,NaN,NaN,NaN,NaN,NaN,1
2024-08-13T09:54:00-04:00,0.7149975954102538,0.7149975954102538,0.71,0.7104999999999999,0.7155203197521177,0.6985776590028129,0.7176267298306056,0,0,19944,19943,0,0,0,0,NaN,NaN,1.3347073192482046,NaN,NaN,NaN,0.7064548397988719,0.7199061047269999,NaN,NaN,NaN,NaN,NaN,NaN,NaN,NaN,NaN,NaN,1,0,0,0,0,NaN,NaN,1.3347073192482046,NaN,NaN,NaN,0.7064548397988719,0.7199061047269999,NaN,NaN,NaN,NaN,NaN,NaN,NaN,NaN,NaN,NaN,1
2024-08-13T12:23:00-04:00,0.7127487977051268,0.72,0.7127487977051268,0.72,0.7163348070699145,0.6989047176439913,0.717755606842248,1,0,19944,19943,0,0,0,0,NaN,NaN,1.1403671282619539,NaN,NaN,NaN,0.7064548397988719,0.7199061047269999,NaN,NaN,NaN,NaN,NaN,NaN,NaN,NaN,NaN,NaN,1,0,0,0,0,NaN,NaN,1.1403671282619539,NaN,NaN,NaN,0.7064548397988719,0.7199061047269999,NaN,NaN,NaN,NaN,NaN,NaN,NaN,NaN,NaN,NaN,1
2024-08-13T13:16:00-04:00,0.7163743988525634,0.7163743988525634,0.71,0.71,0.7151830239662936,0.6990741112677472,0.7174813776846515,0,0,19944,19943,0,0,0,0,NaN,NaN,0.49463003539088674,NaN,NaN,NaN,0.7064548397988719,0.7199061047269999,NaN,NaN,NaN,NaN,NaN,NaN,NaN,NaN,NaN,NaN,1,0,0,0,0,NaN,NaN,0.49463003539088674,NaN,NaN,NaN,0.7064548397988719,0.7199061047269999,NaN,NaN,NaN,NaN,NaN,NaN,NaN,NaN,NaN,NaN,1
2024-08-13T13:50:00-04:00,0.7131871994262817,0.73,0.7131871994262817,0.73,0.7178770196087857,0.6995462622407587,0.7178008933129146,1,0,19944,19943,0,0,0,0,NaN,NaN,1.1351864112636885,NaN,NaN,NaN,0.7064548397988719,0.7199061047269999,NaN,NaN,NaN,NaN,NaN,NaN,NaN,NaN,NaN,NaN,1,0,0,0,0,NaN,NaN,1.1351864112636885,NaN,NaN,NaN,0.7064548397988719,0.7199061047269999,NaN,NaN,NaN,NaN,NaN,NaN,NaN,NaN,NaN,NaN,1
2024-08-13T15:25:00-04:00,0.7215935997131409,0.7215935997131409,0.71,0.71,0.7164448342253701,0.699705861290518,0.717606744649079,0,0,19944,19943,0,0,0,0,NaN,NaN,0.4962268036279447,NaN,NaN,NaN,0.7064548397988719,0.7199061047269999,NaN,NaN,NaN,NaN,NaN,NaN,NaN,NaN,NaN,NaN,1,0,0,0,0,NaN,NaN,0.4962268036279447,NaN,NaN,NaN,0.7064548397988719,0.7199061047269999,NaN,NaN,NaN,NaN,NaN,NaN,NaN,NaN,NaN,NaN,1
2024-08-13T15:59:00-04:00,0.7157967998565704,0.72,0.7157967998565704,0.72,0.7170912280025755,0.7000156954692888,0.7184021103356597,0,0,19944,19943,0,0,0,0,NaN,NaN,0.20433653740489743,NaN,NaN,NaN,0.7064548397988719,0.7199061047269999,NaN,NaN,NaN,NaN,NaN,NaN,NaN,NaN,NaN,NaN,1,0,0,0,0,NaN,NaN,0.20433653740489743,NaN,NaN,NaN,0.7064548397988719,0.7199061047269999,NaN,NaN,NaN,NaN,NaN,NaN,NaN,NaN,NaN,NaN,1
2024-08-13T18:45:00-04:00,0.7178983999282852,0.7178983999282852,0.71,0.71,0.715801913820289,0.7001681275995286,0.7182137589343729,0,0,19944,19943,0,0,0,0,NaN,NaN,0.021224583790831867,NaN,NaN,NaN,0.7064548397988719,0.7199061047269999,NaN,NaN,NaN,NaN,NaN,NaN,NaN,NaN,NaN,NaN,1,0,0,0,0,NaN,NaN,0.021224583790831867,NaN,NaN,NaN,0.7064548397988719,0.7199061047269999,NaN,NaN,NaN,NaN,NaN,NaN,NaN,NaN,NaN,NaN,1
2024-08-14T09:30:00-04:00,0.7139491999641425,0.721,0.7139491999641425,0.721,0.7167470203984183,0.700486171452971,0.721,1,0,19944,19943,0,0,0,0,NaN,NaN,0.027163426269488415,NaN,NaN,NaN,0.7064548397988719,0.7199061047269999,NaN,NaN,NaN,NaN,NaN,NaN,NaN,NaN,NaN,NaN,1,0,0,0,0,NaN,NaN,0.027163426269488415,NaN,NaN,NaN,0.7064548397988719,0.7199061047269999,NaN,NaN,NaN,NaN,NaN,NaN,NaN,NaN,NaN,NaN,1
2024-08-14T09:45:00-04:00,0.7174745999820713,0.735,0.7174745999820713,0.735,0.7200657439623422,0.7010131001330783,0.7294592145015105,0,0,19944,19943,0,0,0,0,NaN,NaN,0.26954174457793006,NaN,NaN,NaN,0.7064548397988719,0.7199061047269999,NaN,NaN,NaN,NaN,NaN,NaN,NaN,NaN,NaN,NaN,1,0,0,0,0,NaN,NaN,0.26954174457793006,NaN,NaN,NaN,0.7064548397988719,0.7199061047269999,NaN,NaN,NaN,NaN,NaN,NaN,NaN,NaN,NaN,NaN,1
2024-08-14T10:03:00-04:00,0.7262372999910356,0.7262372999910356,0.72,0.72,0.7200537905146437,0.7013029764669244,0.7249619651347069,0,0,19944,19943,0,0,0,0,NaN,NaN,0.3205482785467322,NaN,NaN,NaN,0.7064548397988719,0.7199061047269999,NaN,NaN,NaN,NaN,NaN,NaN,NaN,NaN,NaN,NaN,1,0,0,0,0,NaN,NaN,0.3205482785467322,NaN,NaN,NaN,0.7064548397988719,0.7199061047269999,NaN,NaN,NaN,NaN,NaN,NaN,NaN,NaN,NaN,NaN,1
2024-08-14T12:39:00-04:00,0.7231186499955178,0.735,0.7231186499955178,0.7304999999999999,0.721953101330163,0.7017487325513988,0.7295375929496006,0,0,19944,19943,0,0,0,0,NaN,NaN,0.18859453729356052,NaN,NaN,NaN,0.7064548397988719,0.7199061047269999,NaN,NaN,NaN,NaN,NaN,NaN,NaN,NaN,NaN,NaN,1,0,0,0,0,NaN,NaN,0.18859453729356052,NaN,NaN,NaN,0.7064548397988719,0.7199061047269999,NaN,NaN,NaN,NaN,NaN,NaN,NaN,NaN,NaN,NaN,1
2024-08-14T13:26:00-04:00,0.7268093249977589,0.75,0.7268093249977589,0.7424999999999999,0.7256889010883152,0.7023708893063393,0.7355457299054373,0,0,19944,19943,0,0,0,0,NaN,NaN,0.11228869662435398,NaN,NaN,NaN,0.7064548397988719,0.7199061047269999,NaN,NaN,NaN,NaN,NaN,NaN,NaN,NaN,NaN,NaN,1,0,0,0,0,NaN,NaN,0.11228869662435398,NaN,NaN,NaN,0.7064548397988719,0.7199061047269999,NaN,NaN,NaN,NaN,NaN,NaN,NaN,NaN,NaN,NaN,1
2024-08-14T13:40:00-04:00,0.7346546624988795,0.77,0.7346546624988795,0.769925,0.733731828163167,0.7034022497749448,0.7433877166970803,0,0,19944,19943,0,0,0,0,NaN,NaN,0.1742340937545716,NaN,NaN,NaN,0.7064548397988719,0.7199061047269999,NaN,NaN,NaN,NaN,NaN,NaN,NaN,NaN,NaN,NaN,1,0,0,0,0,NaN,NaN,0.1742340937545716,NaN,NaN,NaN,0.7064548397988719,0.7199061047269999,NaN,NaN,NaN,NaN,NaN,NaN,NaN,NaN,NaN,NaN,1
2024-08-14T13:53:00-04:00,0.7522898312494397,0.7698,0.7522898312494397,0.7698,0.7402896775880456,0.704415955885251,0.7450793659265584,0,0,19944,19943,0,0,0,0,NaN,NaN,0.5985386837440457,NaN,NaN,NaN,0.7064548397988719,0.7199061047269999,NaN,NaN,NaN,NaN,NaN,NaN,NaN,NaN,NaN,NaN,1,0,0,0,0,NaN,NaN,0.5985386837440457,NaN,NaN,NaN,0.7064548397988719,0.7199061047269999,NaN,NaN,NaN,NaN,NaN,NaN,NaN,NaN,NaN,NaN,1
2024-08-14T13:55:00-04:00,0.7610449156247199,0.7699,0.75745,0.76345,0.74450064529931,0.7053172390015067,0.7460101844345358,0,0,19944,19943,0,0,0,0,NaN,NaN,1.6689319594270664,NaN,NaN,NaN,0.7292228910441767,0.7199061047269999,NaN,NaN,NaN,NaN,NaN,NaN,NaN,NaN,NaN,NaN,1,0,0,0,0,NaN,NaN,1.6689319594270664,NaN,NaN,NaN,0.7292228910441767,0.7199061047269999,NaN,NaN,NaN,NaN,NaN,NaN,NaN,NaN,NaN,NaN,1
2024-08-14T14:09:00-04:00,0.7622474578123599,0.7698,0.7619,0.767625,0.7487050734267082,0.7062685025282012,0.7580892793276108,0,0,19944,19943,0,0,0,0,NaN,NaN,3.0652040240193705,NaN,NaN,NaN,0.7405431889213452,0.7199061047269999,NaN,NaN,NaN,NaN,NaN,NaN,NaN,NaN,NaN,NaN,1,0,0,0,0,NaN,NaN,3.0652040240193705,NaN,NaN,NaN,0.7405431889213452,0.7199061047269999,NaN,NaN,NaN,NaN,NaN,NaN,NaN,NaN,NaN,NaN,1
2024-08-14T14:10:00-04:00,0.76493622890618,0.8,0.75745,0.7787249999999999,0.7541632418945794,0.7073747085964729,0.7675446730047232,0,0,19944,19943,0,0,0,0,NaN,NaN,5.070685707784158,NaN,NaN,NaN,0.7514062854767384,0.7291696803015699,NaN,NaN,NaN,NaN,NaN,NaN,NaN,NaN,NaN,NaN,1,0,0,0,0,NaN,NaN,5.070685707784158,NaN,NaN,NaN,0.7514062854767384,0.7291696803015699,NaN,NaN,NaN,NaN,NaN,NaN,NaN,NaN,NaN,NaN,1
2024-08-14T14:11:00-04:00,0.77183061445309,0.81,0.77183061445309,0.81,0.7643153797319286,0.7089415069385114,0.7678509516652638,0,0,19944,19943,0,0,0,0,NaN,NaN,7.250810720617699,NaN,NaN,NaN,0.7824838969258193,0.7526303186653817,NaN,NaN,NaN,NaN,NaN,NaN,NaN,NaN,NaN,NaN,1,0,0,0,0,NaN,NaN,7.250810720617699,NaN,NaN,NaN,0.7824838969258193,0.7526303186653817,NaN,NaN,NaN,NaN,NaN,NaN,NaN,NaN,NaN,NaN,1
2024-08-14T14:17:00-04:00,0.790915307226545,0.82,0.790915307226545,0.8194999999999999,0.7743489470533962,0.7106294228631143,0.7683503328094115,0,0,19944,19943,0,0,0,0,NaN,NaN,10.58864622712406,NaN,NaN,NaN,0.7918669863794224,0.7666982708655743,NaN,NaN,NaN,NaN,NaN,NaN,NaN,NaN,NaN,NaN,1,0,0,0,0,NaN,NaN,10.58864622712406,NaN,NaN,NaN,0.7918669863794224,0.7666982708655743,NaN,NaN,NaN,NaN,NaN,NaN,NaN,NaN,NaN,NaN,1
2024-08-14T14:19:00-04:00,0.8052076536132724,0.8474,0.8052076536132724,0.8387,0.7860491384982332,0.7125846988499369,0.775638500661771,0,0,19944,19943,0,0,0,0,NaN,NaN,12.365409464127824,NaN,NaN,NaN,0.8108359684166415,0.787530582109771,NaN,NaN,NaN,NaN,NaN,NaN,NaN,NaN,NaN,NaN,1,0,0,0,0,NaN,NaN,12.365409464127824,NaN,NaN,NaN,0.8108359684166415,0.787530582109771,NaN,NaN,NaN,NaN,NaN,NaN,NaN,NaN,NaN,NaN,1
2024-08-14T14:20:00-04:00,0.8219538268066362,0.8474,0.8001,0.81955,0.7921402042258272,0.7142177568827623,0.7776082685955469,0,0,19944,19943,0,0,0,0,NaN,NaN,15.34493117837053,NaN,NaN,NaN,0.8108359684166415,0.787530582109771,NaN,NaN,NaN,NaN,NaN,NaN,NaN,NaN,NaN,NaN,1,0,0,0,0,NaN,NaN,15.34493117837053,NaN,NaN,NaN,0.8108359684166415,0.787530582109771,NaN,NaN,NaN,NaN,NaN,NaN,NaN,NaN,NaN,NaN,1
2024-08-14T14:22:00-04:00,0.8207519134033181,0.8207519134033181,0.8142,0.8142,0.7961510761847678,0.7157442033425675,0.7776827267825167,0,0,19944,19943,0,0,0,0,NaN,NaN,18.39951462915006,NaN,NaN,NaN,0.8108359684166415,0.787530582109771,NaN,NaN,NaN,NaN,NaN,NaN,NaN,NaN,NaN,NaN,1,0,0,0,0,NaN,NaN,18.39951462915006,NaN,NaN,NaN,0.8108359684166415,0.787530582109771,NaN,NaN,NaN,NaN,NaN,NaN,NaN,NaN,NaN,NaN,1
2024-08-14T14:26:00-04:00,0.8174759567016591,0.8493,0.8174759567016591,0.8493,0.8058145168784464,0.7177832231388642,0.7802131737790514,1,0,19944,19943,0,0,0,0,NaN,NaN,21.907510477036986,NaN,NaN,NaN,0.8108359684166415,0.8046891598667192,NaN,NaN,NaN,NaN,NaN,NaN,NaN,NaN,NaN,NaN,1,0,0,0,0,NaN,NaN,21.907510477036986,NaN,NaN,NaN,0.8108359684166415,0.8046891598667192,NaN,NaN,NaN,NaN,NaN,NaN,NaN,NaN,NaN,NaN,1
2024-08-14T14:28:00-04:00,0.8333879783508296,0.8493,0.8333879783508296,0.8493,0.8137209683550926,0.719791112861935,0.7805505513341406,0,0,19944,19943,0,0,0,0,NaN,NaN,25.44595006987724,NaN,NaN,NaN,0.8108359684166415,0.8046891598667192,NaN,NaN,NaN,NaN,NaN,NaN,NaN,NaN,NaN,NaN,1,0,0,0,0,NaN,NaN,25.44595006987724,NaN,NaN,NaN,0.8108359684166415,0.8046891598667192,NaN,NaN,NaN,NaN,NaN,NaN,NaN,NaN,NaN,NaN,1
2024-08-14T14:29:00-04:00,0.8413439891754149,0.85,0.83,0.8387215,0.8182665195632576,0.7216068439632795,0.7888261570160006,0,0,19944,19943,0,0,0,0,NaN,NaN,28.764855367483882,NaN,NaN,NaN,0.8108359684166415,0.8046891598667192,NaN,NaN,NaN,NaN,NaN,NaN,NaN,NaN,NaN,NaN,1,0,0,0,0,NaN,NaN,28.764855367483882,NaN,NaN,NaN,0.8108359684166415,0.8046891598667192,NaN,NaN,NaN,NaN,NaN,NaN,NaN,NaN,NaN,NaN,1
2024-08-14T14:30:00-04:00,0.8400327445877074,0.8400327445877074,0.800101,0.82552525,0.8195862887335744,0.7231933845134584,0.7929229523926471,0,0,19944,19943,0,0,0,0,NaN,NaN,31.917182912295434,NaN,NaN,NaN,0.8108359684166415,0.8046891598667192,NaN,NaN,NaN,NaN,NaN,NaN,NaN,NaN,NaN,NaN,1,0,0,0,0,NaN,NaN,31.917182912295434,NaN,NaN,NaN,0.8108359684166415,0.8046891598667192,NaN,NaN,NaN,NaN,NaN,NaN,NaN,NaN,NaN,NaN,1
2024-08-14T14:32:00-04:00,0.8327789972938537,0.85,0.8327789972938537,0.85,0.8251160544183791,0.7251293633758483,0.7930077811770825,0,0,19944,19943,0,0,0,0,NaN,NaN,35.30395370526853,NaN,NaN,NaN,0.8108359684166415,0.8158297614987065,NaN,NaN,NaN,NaN,NaN,NaN,NaN,NaN,NaN,NaN,1,0,0,0,0,NaN,NaN,35.30395370526853,NaN,NaN,NaN,0.8108359684166415,0.8158297614987065,NaN,NaN,NaN,NaN,NaN,NaN,NaN,NaN,NaN,NaN,1
2024-08-14T14:33:00-04:00,0.8413894986469268,0.8413894986469268,0.8053,0.8053,0.8215131354332192,0.7263533425609499,0.7930532843192417,0,0,19944,19943,0,0,0,0,NaN,NaN,37.72378053592367,NaN,NaN,NaN,0.8108359684166415,0.8158297614987065,NaN,NaN,NaN,NaN,NaN,NaN,NaN,NaN,NaN,NaN,1,0,0,0,0,NaN,NaN,37.72378053592367,NaN,NaN,NaN,0.8108359684166415,0.8158297614987065,NaN,NaN,NaN,NaN,NaN,NaN,NaN,NaN,NaN,NaN,1
2024-08-14T14:34:00-04:00,0.8233447493234634,0.83,0.8233447493234634,0.83,0.8230562017180885,0.7279357342775766,0.7935626039588777,0,0,19944,19943,0,0,0,0,NaN,NaN,40.37618144321611,NaN,NaN,NaN,0.8108359684166415,0.8158297614987065,NaN,NaN,NaN,NaN,NaN,NaN,NaN,NaN,NaN,NaN,1,0,0,0,0,NaN,NaN,40.37618144321611,NaN,NaN,NaN,0.8108359684166415,0.8158297614987065,NaN,NaN,NaN,NaN,NaN,NaN,NaN,NaN,NaN,NaN,1
2024-08-14T14:41:00-04:00,0.8266723746617317,0.8266723746617317,0.8,0.8,0.8188641650420724,0.7290359520748655,0.7935766739497878,0,0,19944,19943,0,0,0,0,NaN,NaN,42.123520794869755,NaN,NaN,NaN,0.8108359684166415,0.8158297614987065,NaN,NaN,NaN,NaN,NaN,NaN,NaN,NaN,NaN,NaN,1,0,0,0,0,NaN,NaN,42.123520794869755,NaN,NaN,NaN,0.8108359684166415,0.8158297614987065,NaN,NaN,NaN,NaN,NaN,NaN,NaN,NaN,NaN,NaN,1
2024-08-14T14:46:00-04:00,0.8133361873308659,0.8169,0.80001,0.80425525,0.8162079986707865,0.7301843383027301,0.7941415352840108,0,0,19944,19943,0,0,0,0,NaN,NaN,45.167083857307176,NaN,NaN,NaN,0.8108359684166415,0.8158297614987065,NaN,NaN,NaN,NaN,NaN,NaN,NaN,NaN,NaN,NaN,1,0,0,0,0,NaN,NaN,45.167083857307176,NaN,NaN,NaN,0.8108359684166415,0.8158297614987065,NaN,NaN,NaN,NaN,NaN,NaN,NaN,NaN,NaN,NaN,1
2024-08-14T14:47:00-04:00,0.8087957186654329,0.815,0.8087957186654329,0.815,0.8159883625488253,0.7314792339011618,0.7941765944250798,0,0,19944,19943,0,0,0,0,NaN,NaN,48.4841577659686,NaN,NaN,NaN,0.8108359684166415,0.8158297614987065,NaN,NaN,NaN,NaN,NaN,NaN,NaN,NaN,NaN,NaN,1,0,0,0,0,NaN,NaN,48.4841577659686,NaN,NaN,NaN,0.8108359684166415,0.8158297614987065,NaN,NaN,NaN,NaN,NaN,NaN,NaN,NaN,NaN,NaN,1
2024-08-14T14:56:00-04:00,0.8118978593327164,0.82,0.8118978593327164,0.81995,0.8167086602672208,0.732829932620228,0.7946882063055337,0,0,19944,19943,0,0,0,0,NaN,NaN,51.86165606755346,NaN,NaN,NaN,0.8108359684166415,0.8158297614987065,NaN,NaN,NaN,NaN,NaN,NaN,NaN,NaN,NaN,NaN,1,0,0,0,0,NaN,NaN,51.86165606755346,NaN,NaN,NaN,0.8108359684166415,0.8158297614987065,NaN,NaN,NaN,NaN,NaN,NaN,NaN,NaN,NaN,NaN,1
2024-08-14T15:03:00-04:00,0.8159239296663582,0.8299,0.8159239296663582,0.8299,0.8191070856731806,0.7343119183817512,0.7947356909910456,0,0,19944,19943,0,0,0,0,NaN,NaN,55.37551541018819,NaN,NaN,NaN,0.8108359684166415,0.8158297614987065,NaN,NaN,NaN,NaN,NaN,NaN,NaN,NaN,NaN,NaN,1,0,0,0,0,NaN,NaN,55.37551541018819,NaN,NaN,NaN,0.8108359684166415,0.8158297614987065,NaN,NaN,NaN,NaN,NaN,NaN,NaN,NaN,NaN,NaN,1
2024-08-14T15:10:00-04:00,0.8229119648331791,0.83,0.8,0.82169975,0.8195784791871478,0.7356460837499688,0.7958260607474216,0,0,19944,19943,0,0,0,0,NaN,NaN,58.2781157857562,NaN,NaN,NaN,0.8108359684166415,0.8158297614987065,NaN,NaN,NaN,NaN,NaN,NaN,NaN,NaN,NaN,NaN,1,0,0,0,0,NaN,NaN,58.2781157857562,NaN,NaN,NaN,0.8108359684166415,0.8158297614987065,NaN,NaN,NaN,NaN,NaN,NaN,NaN,NaN,NaN,NaN,1
2024-08-14T15:22:00-04:00,0.8223058574165896,0.829,0.8201,0.82455,0.8204823920622119,0.7370033954484425,0.7991752551869591,0,0,19944,19943,0,0,0,0,NaN,NaN,61.15071577790734,NaN,NaN,NaN,0.8108359684166415,0.8158297614987065,NaN,NaN,NaN,NaN,NaN,NaN,NaN,NaN,NaN,NaN,1,0,0,0,0,NaN,NaN,61.15071577790734,NaN,NaN,NaN,0.8108359684166415,0.8158297614987065,NaN,NaN,NaN,NaN,NaN,NaN,NaN,NaN,NaN,NaN,1
2024-08-14T15:32:00-04:00,0.8234279287082948,0.8234279287082948,0.82,0.82,0.820394684414537,0.7382705191820541,0.7999307291730928,0,0,19944,19943,0,0,0,0,NaN,NaN,64.59987556509685,NaN,NaN,NaN,0.8108359684166415,0.8158297614987065,NaN,NaN,NaN,NaN,NaN,NaN,NaN,NaN,NaN,NaN,1,0,0,0,0,NaN,NaN,64.59987556509685,NaN,NaN,NaN,0.8108359684166415,0.8158297614987065,NaN,NaN,NaN,NaN,NaN,NaN,NaN,NaN,NaN,NaN,1
2024-08-14T15:36:00-04:00,0.8217139643541473,0.8249,0.8217139643541473,0.82365,0.8209865599755303,0.7395740227059923,0.7999828754836651,0,0,19944,19943,0,0,0,0,NaN,NaN,67.78166516196538,NaN,NaN,NaN,0.8108359684166415,0.8158297614987065,NaN,NaN,NaN,NaN,NaN,NaN,NaN,NaN,NaN,NaN,1,0,0,0,0,NaN,NaN,67.78166516196538,NaN,NaN,NaN,0.8108359684166415,0.8158297614987065,NaN,NaN,NaN,NaN,NaN,NaN,NaN,NaN,NaN,NaN,1
2024-08-14T15:38:00-04:00,0.8226819821770737,0.8226819821770737,0.82,0.82,0.8208071854345248,0.7408019002219313,0.8000048549334591,0,0,19944,19943,0,0,0,0,NaN,NaN,69.94499196354086,NaN,NaN,NaN,0.8108359684166415,0.8158297614987065,NaN,NaN,NaN,NaN,NaN,NaN,NaN,NaN,NaN,NaN,1,0,0,0,0,NaN,NaN,69.94499196354086,NaN,NaN,NaN,0.8108359684166415,0.8158297614987065,NaN,NaN,NaN,NaN,NaN,NaN,NaN,NaN,NaN,NaN,1
2024-08-14T15:41:00-04:00,0.8213409910885368,0.8213409910885368,0.82,0.82,0.8206604244464294,0.7420110315162529,0.8000523847177643,0,0,19944,19943,0,0,0,0,NaN,NaN,71.70256095641335,NaN,NaN,NaN,0.8108359684166415,0.8158297614987065,NaN,NaN,NaN,NaN,NaN,NaN,NaN,NaN,NaN,NaN,1,0,0,0,0,NaN,NaN,71.70256095641335,NaN,NaN,NaN,0.8108359684166415,0.8158297614987065,NaN,NaN,NaN,NaN,NaN,NaN,NaN,NaN,NaN,NaN,1
2024-08-14T15:45:00-04:00,0.8206704955442683,0.8206704955442683,0.82005,0.82005,0.8205494381834422,0.7432024661495925,0.8001437508014565,0,0,19944,19943,0,0,0,0,NaN,NaN,71.79853536164276,NaN,NaN,NaN,0.8108359684166415,0.8158297614987065,NaN,NaN,NaN,NaN,NaN,NaN,NaN,NaN,NaN,NaN,1,0,0,0,0,NaN,NaN,71.79853536164276,NaN,NaN,NaN,0.8108359684166415,0.8158297614987065,NaN,NaN,NaN,NaN,NaN,NaN,NaN,NaN,NaN,NaN,1
2024-08-14T15:48:00-04:00,0.8203602477721341,0.83,0.82005,0.8250249999999999,0.8213631766955436,0.7444516651396751,0.8005667325712262,0,0,19944,19943,0,0,0,0,NaN,NaN,74.69339670898331,NaN,NaN,NaN,0.8108359684166415,0.8158297614987065,NaN,NaN,NaN,NaN,NaN,NaN,NaN,NaN,NaN,NaN,1,0,0,0,0,NaN,NaN,74.69339670898331,NaN,NaN,NaN,0.8108359684166415,0.8158297614987065,NaN,NaN,NaN,NaN,NaN,NaN,NaN,NaN,NaN,NaN,1
2024-08-14T15:51:00-04:00,0.822692623886067,0.822692623886067,0.820001,0.820001,0.8211155082054448,0.7456050900993747,0.801172199186865,0,0,19944,19943,0,0,0,0,NaN,NaN,74.59784448915401,NaN,NaN,NaN,0.8108359684166415,0.8158297614987065,NaN,NaN,NaN,NaN,NaN,NaN,NaN,NaN,NaN,NaN,1,0,0,0,0,NaN,NaN,74.59784448915401,NaN,NaN,NaN,0.8108359684166415,0.8158297614987065,NaN,NaN,NaN,NaN,NaN,NaN,NaN,NaN,NaN,NaN,1
2024-08-14T15:53:00-04:00,0.8213468119430335,0.85,0.8213468119430335,0.85,0.826367233986273,0.7471989055177048,0.8012228535852851,0,0,19944,19943,0,0,0,0,NaN,NaN,76.05314758609877,NaN,NaN,NaN,0.8108359684166415,0.8158297614987065,NaN,NaN,NaN,NaN,NaN,NaN,NaN,NaN,NaN,NaN,1,0,0,0,0,NaN,NaN,76.05314758609877,NaN,NaN,NaN,0.8108359684166415,0.8158297614987065,NaN,NaN,NaN,NaN,NaN,NaN,NaN,NaN,NaN,NaN,1
2024-08-14T15:54:00-04:00,0.8356734059715167,0.86,0.83,0.845,0.8297550096251325,0.7486920519983505,0.8026085765081117,0,0,19944,19943,0,0,0,0,NaN,NaN,77.32557318991135,NaN,NaN,NaN,0.8108359684166415,0.8158297614987065,NaN,NaN,NaN,NaN,NaN,NaN,NaN,NaN,NaN,NaN,1,0,0,0,0,NaN,NaN,77.32557318991135,NaN,NaN,NaN,0.8108359684166415,0.8158297614987065,NaN,NaN,NaN,NaN,NaN,NaN,NaN,NaN,NaN,NaN,1
2024-08-14T15:55:00-04:00,0.8403367029857584,0.8599,0.8403367029857584,0.8599,0.8352359169660175,0.7503898832655513,0.8028949047778497,0,0,19944,19943,0,0,0,0,NaN,NaN,77.77122562360032,NaN,NaN,NaN,0.8108359684166415,0.8313422258940557,NaN,NaN,NaN,NaN,NaN,NaN,NaN,NaN,NaN,NaN,1,0,0,0,0,NaN,NaN,77.77122562360032,NaN,NaN,NaN,0.8108359684166415,0.8313422258940557,NaN,NaN,NaN,NaN,NaN,NaN,NaN,NaN,NaN,NaN,1
2024-08-14T15:59:00-04:00,0.8501183514928792,0.8501183514928792,0.8297,0.83735,0.8356202956994688,0.7517175186355429,0.8030396294156287,0,0,19944,19943,0,0,0,0,NaN,NaN,77.285531607576,NaN,NaN,NaN,0.8108359684166415,0.8313422258940557,NaN,NaN,NaN,NaN,NaN,NaN,NaN,NaN,NaN,NaN,1,0,0,0,0,NaN,NaN,77.285531607576,NaN,NaN,NaN,0.8108359684166415,0.8313422258940557,NaN,NaN,NaN,NaN,NaN,NaN,NaN,NaN,NaN,NaN,1
2024-08-14T16:24:00-04:00,0.8437341757464396,0.86,0.8437341757464396,0.86,0.8400529692086564,0.7533706862899621,0.8030962686418007,1,0,19944,19943,0,0,0,0,NaN,NaN,77.18884307085193,NaN,NaN,NaN,0.8108359684166415,0.839974558125839,NaN,NaN,NaN,NaN,NaN,NaN,NaN,NaN,NaN,NaN,1,0,0,0,0,NaN,NaN,77.18884307085193,NaN,NaN,NaN,0.8108359684166415,0.839974558125839,NaN,NaN,NaN,NaN,NaN,NaN,NaN,NaN,NaN,NaN,1
2024-08-14T17:47:00-04:00,0.8518670878732197,0.8518670878732197,0.83,0.83,0.8382251566252643,0.7545405994763749,0.8031496665426178,0,0,19944,19943,0,0,0,0,NaN,NaN,78.05878782964741,NaN,NaN,NaN,0.8108359684166415,0.839974558125839,NaN,NaN,NaN,NaN,NaN,NaN,NaN,NaN,NaN,NaN,1,0,0,0,0,NaN,NaN,78.05878782964741,NaN,NaN,NaN,0.8108359684166415,0.839974558125839,NaN,NaN,NaN,NaN,NaN,NaN,NaN,NaN,NaN,NaN,1
2024-08-15T08:00:00-04:00,0.8409335439366099,0.8599,0.8409335439366099,0.8599,0.8421660372388526,0.7561491399423844,0.8599,1,0,19944,19943,0,0,0,0,NaN,NaN,80.30509500126554,NaN,NaN,NaN,0.8108359684166415,0.839974558125839,NaN,NaN,NaN,NaN,NaN,NaN,NaN,NaN,NaN,NaN,1,0,0,0,0,NaN,NaN,80.30509500126554,NaN,NaN,NaN,0.8108359684166415,0.839974558125839,NaN,NaN,NaN,NaN,NaN,NaN,NaN,NaN,NaN,NaN,1
2024-08-15T08:26:00-04:00,0.8504167719683049,0.8504167719683049,0.85,0.85,0.8435903941045158,0.7575819775005159,0.8570714285714286,0,0,19944,19943,0,0,0,0,NaN,NaN,82.00027491774954,NaN,NaN,NaN,0.8108359684166415,0.839974558125839,NaN,NaN,NaN,NaN,NaN,NaN,NaN,NaN,NaN,NaN,1,0,0,0,0,NaN,NaN,82.00027491774954,NaN,NaN,NaN,0.8108359684166415,0.839974558125839,NaN,NaN,NaN,NaN,NaN,NaN,NaN,NaN,NaN,NaN,1
2024-08-15T08:27:00-04:00,0.8502083859841525,0.8502083859841525,0.85,0.85,0.8447557769946038,0.7589929396760806,0.85198,0,0,19944,19943,0,0,0,0,NaN,NaN,83.09005871064497,NaN,NaN,NaN,0.8108359684166415,0.839974558125839,NaN,NaN,NaN,NaN,NaN,NaN,NaN,NaN,NaN,NaN,1,0,0,0,0,NaN,NaN,83.09005871064497,NaN,NaN,NaN,0.8108359684166415,0.839974558125839,NaN,NaN,NaN,NaN,NaN,NaN,NaN,NaN,NaN,NaN,1
2024-08-15T08:29:00-04:00,0.8501041929920763,0.8501041929920763,0.85,0.85,0.845709272086494,0.7603823604443847,0.8509,0,0,19944,19943,0,0,0,0,NaN,NaN,83.04329038329242,NaN,NaN,NaN,0.8108359684166415,0.839974558125839,NaN,NaN,NaN,NaN,NaN,NaN,NaN,NaN,NaN,NaN,1,0,0,0,0,NaN,NaN,83.04329038329242,NaN,NaN,NaN,0.8108359684166415,0.839974558125839,NaN,NaN,NaN,NaN,NaN,NaN,NaN,NaN,NaN,NaN,1
2024-08-15T08:39:00-04:00,0.8500520964960381,0.86,0.8500520964960381,0.85995,0.8482984953434951,0.7619024770788215,0.8522923076923077,0,0,19944,19943,0,0,0,0,NaN,NaN,83.52644405228799,NaN,NaN,NaN,0.8108359684166415,0.839974558125839,NaN,NaN,NaN,NaN,NaN,NaN,NaN,NaN,NaN,NaN,1,0,0,0,0,NaN,NaN,83.52644405228799,NaN,NaN,NaN,0.8108359684166415,0.839974558125839,NaN,NaN,NaN,NaN,NaN,NaN,NaN,NaN,NaN,NaN,1
2024-08-15T08:40:00-04:00,0.855001048248019,0.86,0.855001048248019,0.86,0.8504260416446778,0.7634001491844884,0.85332,0,0,19944,19943,0,0,0,0,NaN,NaN,84.37775863337058,NaN,NaN,NaN,0.8108359684166415,0.839974558125839,NaN,NaN,NaN,NaN,NaN,NaN,NaN,NaN,NaN,NaN,1,0,0,0,0,NaN,NaN,84.37775863337058,NaN,NaN,NaN,0.8108359684166415,0.839974558125839,NaN,NaN,NaN,NaN,NaN,NaN,NaN,NaN,NaN,NaN,1
2024-08-15T08:42:00-04:00,0.8575005241240095,0.86,0.8575005241240095,0.86,0.8521667613456455,0.7648749560671679,0.8541058823529412,0,0,19944,19943,0,0,0,0,NaN,NaN,84.29446924832345,NaN,NaN,NaN,0.8108359684166415,0.839974558125839,NaN,NaN,NaN,NaN,NaN,NaN,NaN,NaN,NaN,NaN,1,0,0,0,0,NaN,NaN,84.29446924832345,NaN,NaN,NaN,0.8108359684166415,0.839974558125839,NaN,NaN,NaN,NaN,NaN,NaN,NaN,NaN,NaN,NaN,1
2024-08-15T08:45:00-04:00,0.8587502620620047,0.86,0.8587502620620047,0.86,0.8535909865555281,0.766327246814234,0.8552285714285714,0,0,19944,19943,0,0,0,0,NaN,NaN,84.12191362224168,NaN,NaN,NaN,0.8108359684166415,0.839974558125839,NaN,NaN,NaN,NaN,NaN,NaN,NaN,NaN,NaN,NaN,1,0,0,0,0,NaN,NaN,84.12191362224168,NaN,NaN,NaN,0.8108359684166415,0.839974558125839,NaN,NaN,NaN,NaN,NaN,NaN,NaN,NaN,NaN,NaN,1
2024-08-15T09:30:00-04:00,0.8593751310310023,0.8593751310310023,0.82,0.832525,0.8497608071817957,0.7673378995346274,0.8513208290625246,0,0,19944,19943,0,0,0,0,NaN,NaN,83.39102374313244,NaN,NaN,NaN,0.8108359684166415,0.839974558125839,NaN,NaN,NaN,NaN,NaN,NaN,NaN,NaN,NaN,NaN,1,0,0,0,0,NaN,NaN,83.39102374313244,NaN,NaN,NaN,0.8108359684166415,0.839974558125839,NaN,NaN,NaN,NaN,NaN,NaN,NaN,NaN,NaN,NaN,1
2024-08-15T09:38:00-04:00,0.8459500655155011,0.8459500655155011,0.8,0.8,0.8407133876941965,0.7678365575569995,0.8501349514750057,0,0,19944,19943,0,0,0,0,NaN,NaN,80.28007486520785,NaN,NaN,NaN,0.8108359684166415,0.8201,NaN,NaN,NaN,NaN,NaN,NaN,NaN,NaN,NaN,NaN,1,0,0,0,0,NaN,NaN,80.28007486520785,NaN,NaN,NaN,0.8108359684166415,0.8201,NaN,NaN,NaN,NaN,NaN,NaN,NaN,NaN,NaN,NaN,1
2024-08-15T09:40:00-04:00,0.8229750327577505,0.83,0.8229750327577505,0.83,0.8387654990225244,0.768785617746969,0.8445366220875271,0,0,19944,19943,0,0,0,0,NaN,NaN,78.95883392098983,NaN,NaN,NaN,0.8108359684166415,0.8201,NaN,NaN,NaN,NaN,NaN,NaN,NaN,NaN,NaN,NaN,1,0,0,0,0,NaN,NaN,78.95883392098983,NaN,NaN,NaN,0.8108359684166415,0.8201,NaN,NaN,NaN,NaN,NaN,NaN,NaN,NaN,NaN,NaN,1
2024-08-15T09:43:00-04:00,0.8264875163788752,0.84,0.8264875163788752,0.84,0.8389899537457017,0.7698728602241145,0.8445115343139965,0,0,19944,19943,0,0,0,0,NaN,NaN,77.97567514345276,NaN,NaN,NaN,0.8108359684166415,0.8201,NaN,NaN,NaN,NaN,NaN,NaN,NaN,NaN,NaN,NaN,1,0,0,0,0,NaN,NaN,77.97567514345276,NaN,NaN,NaN,0.8108359684166415,0.8201,NaN,NaN,NaN,NaN,NaN,NaN,NaN,NaN,NaN,NaN,1
2024-08-15T09:45:00-04:00,0.8332437581894376,0.840001,0.8332437581894376,0.840001,0.8391737803373923,0.7709435188466471,0.8444867279876808,0,0,19944,19943,0,0,0,0,NaN,NaN,76.73184049796758,NaN,NaN,NaN,0.8108359684166415,0.8201,NaN,NaN,NaN,NaN,NaN,NaN,NaN,NaN,NaN,NaN,1,0,0,0,0,NaN,NaN,76.73184049796758,NaN,NaN,NaN,0.8108359684166415,0.8201,NaN,NaN,NaN,NaN,NaN,NaN,NaN,NaN,NaN,NaN,1
2024-08-15T09:53:00-04:00,0.8366223790947188,0.8366223790947188,0.83,0.83,0.8375058202760483,0.7718451445131106,0.8427356851037082,0,0,19944,19943,0,0,0,0,NaN,NaN,75.02839560438336,NaN,NaN,NaN,0.8108359684166415,0.8201,NaN,NaN,NaN,NaN,NaN,NaN,NaN,NaN,NaN,NaN,1,0,0,0,0,NaN,NaN,75.02839560438336,NaN,NaN,NaN,0.8108359684166415,0.8201,NaN,NaN,NaN,NaN,NaN,NaN,NaN,NaN,NaN,NaN,1
2024-08-15T09:54:00-04:00,0.8333111895473594,0.835,0.8201,0.82755,0.8356956711349486,0.7726956003220707,0.8397083062362094,0,0,19944,19943,0,0,0,0,NaN,NaN,72.97373289790183,NaN,NaN,NaN,0.8108359684166415,0.8201,NaN,NaN,NaN,NaN,NaN,NaN,NaN,NaN,NaN,NaN,1,0,0,0,0,NaN,NaN,72.97373289790183,NaN,NaN,NaN,0.8108359684166415,0.8201,NaN,NaN,NaN,NaN,NaN,NaN,NaN,NaN,NaN,NaN,1
2024-08-15T09:55:00-04:00,0.8304305947736796,0.8568,0.82,0.838425,0.8361919127467761,0.77369910260723,0.8393491393248403,0,0,19944,19943,0,0,0,0,NaN,NaN,71.37135162409669,NaN,NaN,NaN,0.8108359684166415,0.8201,NaN,NaN,NaN,NaN,NaN,NaN,NaN,NaN,NaN,NaN,1,0,0,0,0,NaN,NaN,71.37135162409669,NaN,NaN,NaN,0.8108359684166415,0.8201,NaN,NaN,NaN,NaN,NaN,NaN,NaN,NaN,NaN,NaN,1
2024-08-15T09:56:00-04:00,0.8344277973868398,0.8568,0.8344277973868398,0.8568,0.8399388377019077,0.7749678185979593,0.839397650321074,0,0,19944,19943,0,0,0,0,NaN,NaN,70.71848458567327,NaN,NaN,NaN,0.8108359684166415,0.829252,NaN,NaN,NaN,NaN,NaN,NaN,NaN,NaN,NaN,NaN,1,0,0,0,0,NaN,NaN,70.71848458567327,NaN,NaN,NaN,0.8108359684166415,0.829252,NaN,NaN,NaN,NaN,NaN,NaN,NaN,NaN,NaN,NaN,1
2024-08-15T09:57:00-04:00,0.8456138986934199,0.86,0.8456138986934199,0.858325,0.8432817763015609,0.7762404473216545,0.8427193719917488,0,0,19944,19943,0,0,0,0,0.86,NaN,69.81352093958981,NaN,NaN,NaN,0.8108359684166415,0.8308638150000001,NaN,NaN,NaN,NaN,NaN,NaN,NaN,NaN,NaN,NaN,1,0,0,0,0,0.86,NaN,69.81352093958981,NaN,NaN,NaN,0.8108359684166415,0.8308638150000001,NaN,NaN,NaN,NaN,NaN,NaN,NaN,NaN,NaN,NaN,1
2024-08-15T09:58:00-04:00,0.8519694493467099,0.859968,0.8519694493467099,0.859968,0.8463156351558225,0.7775187305686522,0.8444928274727533,0,0,19944,19943,0,0,0,0,NaN,NaN,69.33337489962163,NaN,NaN,NaN,0.8108359684166415,0.8333822760999999,NaN,NaN,NaN,NaN,NaN,NaN,NaN,NaN,NaN,NaN,1,0,0,0,0,NaN,NaN,69.33337489962163,NaN,NaN,NaN,0.8108359684166415,0.8333822760999999,NaN,NaN,NaN,NaN,NaN,NaN,NaN,NaN,NaN,NaN,1
2024-08-15T10:00:00-04:00,0.8559687246733549,0.86,0.8559687246733549,0.8599995,0.8488036105820366,0.778777978956917,0.845251025816546,0,0,19944,19943,0,0,0,0,NaN,NaN,68.37383393227189,NaN,NaN,NaN,0.8108359684166415,0.835792158751,NaN,NaN,NaN,NaN,NaN,NaN,NaN,NaN,NaN,NaN,1,0,0,0,0,NaN,NaN,68.37383393227189,NaN,NaN,NaN,0.8108359684166415,0.835792158751,NaN,NaN,NaN,NaN,NaN,NaN,NaN,NaN,NaN,NaN,1
2024-08-15T10:01:00-04:00,0.8579841123366775,0.86,0.8579841123366775,0.86,0.8508393177489391,0.7800180098125367,0.8452835499482856,0,0,19944,19943,0,0,0,0,NaN,NaN,69.02723807967696,NaN,NaN,NaN,0.8108359684166415,0.83869731970088,NaN,NaN,NaN,NaN,NaN,NaN,NaN,NaN,NaN,NaN,1,0,0,0,0,NaN,NaN,69.02723807967696,NaN,NaN,NaN,0.8108359684166415,0.83869731970088,NaN,NaN,NaN,NaN,NaN,NaN,NaN,NaN,NaN,NaN,1
2024-08-15T10:02:00-04:00,0.8589920561683387,0.8589920561683387,0.8568,0.8568,0.8519230781582229,0.781190253937536,0.8453144810338451,0,0,19944,19943,0,0,0,0,NaN,NaN,67.89248136606155,NaN,NaN,NaN,0.8108359684166415,0.83869731970088,NaN,NaN,NaN,NaN,NaN,NaN,NaN,NaN,NaN,NaN,1,0,0,0,0,NaN,NaN,67.89248136606155,NaN,NaN,NaN,0.8108359684166415,0.83869731970088,NaN,NaN,NaN,NaN,NaN,NaN,NaN,NaN,NaN,NaN,1
2024-08-15T10:05:00-04:00,0.8578960280841694,0.8599,0.8578960280841694,0.8599,0.8533734275840006,0.7823919294499401,0.8466079592415884,0,0,19944,19943,0,0,0,0,NaN,NaN,66.81463127044339,NaN,NaN,NaN,0.8108359684166415,0.83869731970088,NaN,NaN,NaN,NaN,NaN,NaN,NaN,NaN,NaN,NaN,1,0,0,0,0,NaN,NaN,66.81463127044339,NaN,NaN,NaN,0.8108359684166415,0.83869731970088,NaN,NaN,NaN,NaN,NaN,NaN,NaN,NaN,NaN,NaN,1
2024-08-15T10:06:00-04:00,0.8588980140420848,0.8651,0.8584,0.862025,0.8549464407505459,0.7836077015194066,0.8479059015820933,0,0,19944,19943,0,0,0,0,NaN,NaN,65.74047722011916,NaN,NaN,NaN,0.8142488212320333,0.843057096745748,NaN,NaN,NaN,NaN,NaN,NaN,NaN,NaN,NaN,NaN,1,0,0,0,0,NaN,NaN,65.74047722011916,NaN,NaN,NaN,0.8142488212320333,0.843057096745748,NaN,NaN,NaN,NaN,NaN,NaN,NaN,NaN,NaN,NaN,1
2024-08-15T10:07:00-04:00,0.8604615070210424,0.8652,0.8604615070210424,0.8651499999999999,0.8568016333413557,0.7848526221068965,0.8480172184655606,0,0,19944,19943,0,0,0,0,NaN,NaN,64.73928714531982,NaN,NaN,NaN,0.8371520468327707,0.8483150693315133,NaN,NaN,NaN,NaN,NaN,NaN,NaN,NaN,NaN,NaN,1,0,0,0,0,NaN,NaN,64.73928714531982,NaN,NaN,NaN,0.8371520468327707,0.8483150693315133,NaN,NaN,NaN,NaN,NaN,NaN,NaN,NaN,NaN,NaN,1
2024-08-15T10:08:00-04:00,0.8628057535105211,0.96,0.8628057535105211,0.9013752500000001,0.864905927279291,0.7866315935251119,0.8557519204935903,0,0,19944,19943,0,0,0,0,NaN,NaN,64.74322930209738,NaN,NaN,NaN,0.8726668369418241,0.8737666810218956,NaN,NaN,NaN,NaN,NaN,NaN,NaN,NaN,NaN,NaN,1,0,0,0,0,NaN,NaN,64.74322930209738,NaN,NaN,NaN,0.8726668369418241,0.8737666810218956,NaN,NaN,NaN,NaN,NaN,NaN,NaN,NaN,NaN,NaN,1
2024-08-15T10:09:00-04:00,0.8820905017552606,0.94,0.87,0.915,0.8740139405012382,0.7885914165247285,0.8579180250501868,0,0,19944,19943,0,0,0,0,NaN,NaN,64.75125683406739,NaN,NaN,NaN,0.8858226290071151,0.8888400825766407,NaN,NaN,NaN,NaN,NaN,NaN,NaN,NaN,NaN,NaN,1,0,0,0,0,NaN,NaN,64.75125683406739,NaN,NaN,NaN,0.8858226290071151,0.8888400825766407,NaN,NaN,NaN,NaN,NaN,NaN,NaN,NaN,NaN,NaN,1
2024-08-15T10:10:00-04:00,0.8985452508776304,0.94,0.8985452508776304,0.93125,0.8844204967737403,0.7907694101655723,0.8752606597398445,0,0,19944,19943,0,0,0,0,NaN,NaN,64.83524462293258,NaN,NaN,NaN,0.9018557868072589,0.9062220102809477,NaN,NaN,NaN,NaN,NaN,NaN,NaN,NaN,NaN,NaN,1,0,0,0,0,NaN,NaN,64.83524462293258,NaN,NaN,NaN,0.9018557868072589,0.9062220102809477,NaN,NaN,NaN,NaN,NaN,NaN,NaN,NaN,NaN,NaN,1
2024-08-15T10:11:00-04:00,0.9148976254388153,1.04,0.9,0.9575,0.8977076791785148,0.7933149153538842,0.9298224291198373,0,0,19944,19943,0,0,0,0,NaN,NaN,64.324631032786,NaN,NaN,NaN,0.9270277578732223,0.9307929071966634,NaN,NaN,NaN,NaN,NaN,NaN,NaN,NaN,NaN,NaN,1,0,0,0,0,NaN,NaN,64.324631032786,NaN,NaN,NaN,0.9270277578732223,0.9307929071966634,NaN,NaN,NaN,NaN,NaN,NaN,NaN,NaN,NaN,NaN,1
2024-08-15T10:12:00-04:00,0.9361988127194076,0.99,0.8725,0.930625,0.903692646600603,0.7954112525240539,0.930018536780308,0,0,19944,19943,0,0,0,0,NaN,NaN,64.57160222757341,NaN,NaN,NaN,0.9270277578732223,0.9307929071966634,NaN,NaN,NaN,NaN,NaN,NaN,NaN,NaN,NaN,NaN,1,0,0,0,0,NaN,NaN,64.57160222757341,NaN,NaN,NaN,0.9270277578732223,0.9307929071966634,NaN,NaN,NaN,NaN,NaN,NaN,NaN,NaN,NaN,NaN,1
2024-08-15T10:13:00-04:00,0.9334119063597038,0.9334119063597038,0.8801,0.90520025,0.9039667563095842,0.79708742042445,0.9282037348169637,0,0,19944,19943,0,0,0,0,NaN,NaN,64.50286130818576,NaN,NaN,NaN,0.9270277578732223,0.9307929071966634,NaN,NaN,NaN,NaN,NaN,NaN,NaN,NaN,NaN,NaN,1,0,0,0,0,NaN,NaN,64.50286130818576,NaN,NaN,NaN,0.9270277578732223,0.9307929071966634,NaN,NaN,NaN,NaN,NaN,NaN,NaN,NaN,NaN,NaN,1
2024-08-15T10:14:00-04:00,0.9193060781798519,0.9193060781798519,0.8803,0.90027,0.9032946187987507,0.7986627269828553,0.9265301711856648,0,0,19944,19943,0,0,0,0,NaN,NaN,64.1854503468949,NaN,NaN,NaN,0.9270277578732223,0.91944205,NaN,NaN,NaN,NaN,NaN,NaN,NaN,NaN,NaN,NaN,1,0,0,0,0,NaN,NaN,64.1854503468949,NaN,NaN,NaN,0.9270277578732223,0.91944205,NaN,NaN,NaN,NaN,NaN,NaN,NaN,NaN,NaN,NaN,1
2024-08-15T10:15:00-04:00,0.909788039089926,0.9298,0.9075,0.9137,0.905186506289887,0.800419021227392,0.9258763886263841,0,0,19944,19943,0,0,0,0,NaN,NaN,64.50833660494911,NaN,NaN,NaN,0.9270277578732223,0.91944205,NaN,NaN,NaN,NaN,NaN,NaN,NaN,NaN,NaN,NaN,1,0,0,0,0,NaN,NaN,64.50833660494911,NaN,NaN,NaN,0.9270277578732223,0.91944205,NaN,NaN,NaN,NaN,NaN,NaN,NaN,NaN,NaN,NaN,1
2024-08-15T10:16:00-04:00,0.911744019544963,0.9289,0.8806,0.909675,0.906002596055362,0.8020870514376608,0.9251955107314195,0,0,19944,19943,0,0,0,0,NaN,NaN,64.64994269664463,NaN,NaN,NaN,0.9270277578732223,0.91944205,NaN,NaN,NaN,NaN,NaN,NaN,NaN,NaN,NaN,NaN,1,0,0,0,0,NaN,NaN,64.64994269664463,NaN,NaN,NaN,0.9270277578732223,0.91944205,NaN,NaN,NaN,NaN,NaN,NaN,NaN,NaN,NaN,NaN,1
2024-08-15T10:17:00-04:00,0.9107095097724816,0.9107095097724816,0.87,0.87730025,0.9007839876816599,0.8032353445454827,0.9239734376873211,0,0,19944,19943,0,0,0,0,NaN,NaN,63.389510902010215,NaN,NaN,NaN,0.9270277578732223,0.9070374672499999,NaN,NaN,NaN,NaN,NaN,NaN,NaN,NaN,NaN,NaN,1,0,0,0,0,NaN,NaN,63.389510902010215,NaN,NaN,NaN,0.9270277578732223,0.9070374672499999,NaN,NaN,NaN,NaN,NaN,NaN,NaN,NaN,NaN,NaN,1
2024-08-15T10:18:00-04:00,0.8940048798862408,0.9,0.8940048798862408,0.8975000000000001,0.9001868990122672,0.8046744995905899,0.9238474267029543,0,0,19944,19943,0,0,0,0,NaN,NaN,62.91696885734839,NaN,NaN,NaN,0.9270277578732223,0.9070374672499999,NaN,NaN,NaN,NaN,NaN,NaN,NaN,NaN,NaN,NaN,1,0,0,0,0,NaN,NaN,62.91696885734839,NaN,NaN,NaN,0.9270277578732223,0.9070374672499999,NaN,NaN,NaN,NaN,NaN,NaN,NaN,NaN,NaN,NaN,1
2024-08-15T10:19:00-04:00,0.8957524399431205,0.8987,0.8706,0.88947475,0.8982392355554913,0.805969159902184,0.9234232488908194,0,0,19944,19943,0,0,0,0,NaN,NaN,62.04052562969594,NaN,NaN,NaN,0.9270277578732223,0.9070374672499999,NaN,NaN,NaN,NaN,NaN,NaN,NaN,NaN,NaN,NaN,1,0,0,0,0,NaN,NaN,62.04052562969594,NaN,NaN,NaN,0.9270277578732223,0.9070374672499999,NaN,NaN,NaN,NaN,NaN,NaN,NaN,NaN,NaN,NaN,1
2024-08-15T10:20:00-04:00,0.8926135949715602,0.8926135949715602,0.829,0.85373725,0.8901479654544929,0.8066984437204713,0.9200631202694011,0,0,19944,19943,0,0,0,0,NaN,NaN,58.51954169984657,NaN,NaN,NaN,0.9270277578732223,0.8927648442149999,NaN,NaN,NaN,NaN,NaN,NaN,NaN,NaN,NaN,NaN,1,0,0,0,0,NaN,NaN,58.51954169984657,NaN,NaN,NaN,0.9270277578732223,0.8927648442149999,NaN,NaN,NaN,NaN,NaN,NaN,NaN,NaN,NaN,NaN,1
2024-08-15T10:21:00-04:00,0.8731754224857802,0.8731754224857802,0.84,0.8613999999999999,0.8849210626445851,0.8075335819842808,0.9193607296974441,0,0,19944,19943,0,0,0,0,NaN,NaN,55.585843333132026,NaN,NaN,NaN,0.9270277578732223,0.8927648442149999,NaN,NaN,NaN,NaN,NaN,NaN,NaN,NaN,NaN,NaN,1,0,0,0,0,NaN,NaN,55.585843333132026,NaN,NaN,NaN,0.9270277578732223,0.8927648442149999,NaN,NaN,NaN,NaN,NaN,NaN,NaN,NaN,NaN,NaN,1
2024-08-15T10:22:00-04:00,0.8672877112428901,0.8672877112428901,0.8108,0.84070475,0.8768817330728423,0.8080400120303224,0.9133134282413035,0,0,19944,19943,0,0,0,0,NaN,NaN,50.47864354739004,NaN,NaN,NaN,0.9087491619585664,0.8821496482356499,NaN,NaN,NaN,NaN,NaN,NaN,NaN,NaN,NaN,NaN,1,0,0,0,0,NaN,NaN,50.47864354739004,NaN,NaN,NaN,0.9087491619585664,0.8821496482356499,NaN,NaN,NaN,NaN,NaN,NaN,NaN,NaN,NaN,NaN,1
2024-08-15T10:23:00-04:00,0.853996230621445,0.859001,0.8052,0.83010025,0.8683760088777801,0.808376809556577,0.9120042763147104,0,0,19944,19943,0,0,0,0,NaN,NaN,45.11658920444243,NaN,NaN,NaN,0.8637713955877018,0.8712377404473719,NaN,NaN,NaN,NaN,NaN,NaN,NaN,NaN,NaN,NaN,1,0,0,0,0,NaN,NaN,45.11658920444243,NaN,NaN,NaN,0.8637713955877018,0.8712377404473719,NaN,NaN,NaN,NaN,NaN,NaN,NaN,NaN,NaN,NaN,1
2024-08-15T10:24:00-04:00,0.8420482403107226,0.859001,0.81,0.84675075,0.8644441436272746,0.8089626712427361,0.9117190628886773,0,0,19944,19943,0,0,0,0,NaN,NaN,42.25842658511249,NaN,NaN,NaN,0.8637713955877018,0.8712377404473719,NaN,NaN,NaN,NaN,NaN,NaN,NaN,NaN,NaN,NaN,1,0,0,0,0,NaN,NaN,42.25842658511249,NaN,NaN,NaN,0.8637713955877018,0.8712377404473719,NaN,NaN,NaN,NaN,NaN,NaN,NaN,NaN,NaN,NaN,1
2024-08-15T10:25:00-04:00,0.8443994951553613,0.8635,0.8443994951553613,0.854125,0.8625679356950429,0.8096521724451371,0.9115628610642565,0,0,19944,19943,0,0,0,0,NaN,NaN,41.47913850890886,NaN,NaN,NaN,0.8637713955877018,0.8712377404473719,NaN,NaN,NaN,NaN,NaN,NaN,NaN,NaN,NaN,NaN,1,0,0,0,0,NaN,NaN,41.47913850890886,NaN,NaN,NaN,0.8637713955877018,0.8712377404473719,NaN,NaN,NaN,NaN,NaN,NaN,NaN,NaN,NaN,NaN,1
2024-08-15T10:28:00-04:00,0.8492622475776807,0.8492622475776807,0.816,0.816,0.8541010382959442,0.8097490858429213,0.9113283991821446,0,0,19944,19943,0,0,1,0,NaN,NaN,35.28928686808919,NaN,NaN,NaN,0.8637713955877018,0.8569594731302661,NaN,NaN,NaN,NaN,NaN,NaN,NaN,NaN,NaN,NaN,1,0,0,1,0,NaN,NaN,35.28928686808919,NaN,NaN,NaN,0.8637713955877018,0.8569594731302661,NaN,NaN,NaN,NaN,NaN,NaN,NaN,NaN,NaN,NaN,1
2024-08-15T10:29:00-04:00,0.8326311237888403,0.8415,0.816,0.82875,0.8494917586057725,0.8100391761353958,0.9111769975249532,0,0,19944,19943,0,0,0,0,NaN,NaN,30.638249729810248,NaN,NaN,NaN,0.8637713955877018,0.8569594731302661,NaN,NaN,NaN,NaN,NaN,NaN,NaN,NaN,NaN,NaN,1,0,0,0,0,NaN,NaN,30.638249729810248,NaN,NaN,NaN,0.8637713955877018,0.8569594731302661,NaN,NaN,NaN,NaN,NaN,NaN,NaN,NaN,NaN,NaN,1
2024-08-15T10:38:00-04:00,0.8306905618944201,0.8306905618944201,0.821,0.821,0.8443114388592684,0.8102065169577561,0.9111620782292301,0,0,19944,19943,0,0,0,0,NaN,NaN,27.768556579687804,NaN,NaN,NaN,0.8637713955877018,0.8569594731302661,NaN,NaN,NaN,NaN,NaN,NaN,NaN,NaN,NaN,NaN,1,0,0,0,0,NaN,NaN,27.768556579687804,NaN,NaN,NaN,0.8637713955877018,0.8569594731302661,NaN,NaN,NaN,NaN,NaN,NaN,NaN,NaN,NaN,NaN,1
2024-08-15T10:40:00-04:00,0.8258452809472101,0.8258452809472101,0.8101,0.8101,0.8380911772484924,0.8102048907446606,0.911145360821677,0,0,19944,19943,0,0,0,0,NaN,NaN,24.11691257865753,NaN,NaN,NaN,0.8637713955877018,0.8461057679668182,NaN,NaN,NaN,NaN,NaN,NaN,NaN,NaN,NaN,NaN,1,0,0,0,0,NaN,NaN,24.11691257865753,NaN,NaN,NaN,0.8637713955877018,0.8461057679668182,NaN,NaN,NaN,NaN,NaN,NaN,NaN,NaN,NaN,NaN,1
2024-08-15T10:42:00-04:00,0.8179726404736051,0.8205,0.81,0.81527525,0.8339428268396756,0.8102823008096276,0.9103589368864144,0,0,19944,19943,0,0,0,0,NaN,NaN,20.6389575062591,NaN,NaN,NaN,0.8637713955877018,0.8461057679668182,NaN,NaN,NaN,NaN,NaN,NaN,NaN,NaN,NaN,NaN,1,0,0,0,0,NaN,NaN,20.6389575062591,NaN,NaN,NaN,0.8637713955877018,0.8461057679668182,NaN,NaN,NaN,NaN,NaN,NaN,NaN,NaN,NaN,NaN,1
2024-08-15T10:48:00-04:00,0.8166239452368025,0.82,0.81,0.8150000000000001,0.8304986765051892,0.8103543267514653,0.9100781629593249,0,0,19944,19943,0,0,0,0,NaN,NaN,16.796804567062114,NaN,NaN,NaN,0.8637713955877018,0.8461057679668182,NaN,NaN,NaN,NaN,NaN,NaN,NaN,NaN,NaN,NaN,1,0,0,0,0,NaN,NaN,16.796804567062114,NaN,NaN,NaN,0.8637713955877018,0.8461057679668182,NaN,NaN,NaN,NaN,NaN,NaN,NaN,NaN,NaN,NaN,1
2024-08-15T10:51:00-04:00,0.8158119726184012,0.8158119726184012,0.8099,0.80995,0.8267625535042457,0.8103481538239621,0.9100454162958765,0,0,19944,19943,0,0,0,0,NaN,NaN,14.289562968732758,NaN,NaN,NaN,0.8637713955877018,0.8384538066937864,NaN,NaN,NaN,NaN,NaN,NaN,NaN,NaN,NaN,NaN,1,0,0,0,0,NaN,NaN,14.289562968732758,NaN,NaN,NaN,0.8637713955877018,0.8384538066937864,NaN,NaN,NaN,NaN,NaN,NaN,NaN,NaN,NaN,NaN,1
2024-08-15T10:52:00-04:00,0.8128809863092006,0.8128809863092006,0.8051,0.80755,0.8232693619580191,0.8103054339182527,0.9099449522623388,0,0,19944,19943,0,0,0,0,NaN,NaN,10.060836912247813,NaN,NaN,NaN,0.8637713955877018,0.8301248930872778,NaN,NaN,NaN,NaN,NaN,NaN,NaN,NaN,NaN,NaN,1,0,0,0,0,NaN,NaN,10.060836912247813,NaN,NaN,NaN,0.8637713955877018,0.8301248930872778,NaN,NaN,NaN,NaN,NaN,NaN,NaN,NaN,NaN,NaN,1
2024-08-15T10:53:00-04:00,0.8102154931546003,0.8102154931546003,0.805,0.805,0.8199476597838339,0.8102244349271344,0.9096469778346569,0,0,19944,19943,0,0,0,0,NaN,NaN,7.2578875697570835,NaN,NaN,NaN,0.8637713955877018,0.8224104219537127,NaN,NaN,NaN,NaN,NaN,NaN,NaN,NaN,NaN,NaN,1,0,0,0,0,NaN,NaN,7.2578875697570835,NaN,NaN,NaN,0.8637713955877018,0.8224104219537127,NaN,NaN,NaN,NaN,NaN,NaN,NaN,NaN,NaN,NaN,1
2024-08-15T10:54:00-04:00,0.8076077465773002,0.83345,0.8001,0.816775,0.8193708125504096,0.810324443554201,0.9095562936136539,0,0,19944,19943,0,0,0,0,NaN,NaN,4.561222561732094,NaN,NaN,NaN,0.8637713955877018,0.8224104219537127,NaN,NaN,NaN,NaN,NaN,NaN,NaN,NaN,NaN,NaN,1,0,0,0,0,NaN,NaN,4.561222561732094,NaN,NaN,NaN,0.8637713955877018,0.8224104219537127,NaN,NaN,NaN,NaN,NaN,NaN,NaN,NaN,NaN,NaN,1
2024-08-15T11:08:00-04:00,0.8121913732886501,0.8121913732886501,0.77,0.7960500000000001,0.8151306648139715,0.810106513118259,0.9087642352422376,0,0,19944,19943,0,0,0,0,NaN,NaN,2.0426605757678074,NaN,NaN,NaN,0.8637713955877018,0.811369795367599,NaN,NaN,NaN,NaN,NaN,NaN,NaN,NaN,NaN,NaN,1,0,0,0,0,NaN,NaN,2.0426605757678074,NaN,NaN,NaN,0.8637713955877018,0.811369795367599,NaN,NaN,NaN,NaN,NaN,NaN,NaN,NaN,NaN,NaN,1
2024-08-15T11:11:00-04:00,0.8041206866443251,0.8041206866443251,0.7751,0.7755500000000001,0.8079341803023403,0.8095789327653085,0.9084420949748746,0,0,19944,19943,0,0,0,0,NaN,NaN,0.42501703297154625,NaN,NaN,NaN,0.8469295607342074,0.7926817628962913,NaN,NaN,NaN,NaN,NaN,NaN,NaN,NaN,NaN,NaN,1,0,0,0,0,NaN,NaN,0.42501703297154625,NaN,NaN,NaN,0.8469295607342074,0.7926817628962913,NaN,NaN,NaN,NaN,NaN,NaN,NaN,NaN,NaN,NaN,1
2024-08-15T11:16:00-04:00,0.7898353433221625,0.7898353433221625,0.78,0.7801500000000001,0.8028825111564603,0.8091296360818686,0.9077018213351487,0,0,19944,19943,0,0,0,0,NaN,NaN,0.00024849832728728955,NaN,NaN,NaN,0.8140805994145156,0.7926817628962913,NaN,NaN,NaN,NaN,NaN,NaN,NaN,NaN,NaN,NaN,1,0,0,0,0,NaN,NaN,0.00024849832728728955,NaN,NaN,NaN,0.8140805994145156,0.7926817628962913,NaN,NaN,NaN,NaN,NaN,NaN,NaN,NaN,NaN,NaN,1
2024-08-15T11:17:00-04:00,0.7849926716610813,0.79,0.7849926716610813,0.79,0.8005402364007402,0.8088375805691683,0.9076641020140426,0,0,19944,19943,0,0,0,0,NaN,NaN,0.2692190010428341,NaN,NaN,NaN,0.8140805994145156,0.7926817628962913,NaN,NaN,NaN,NaN,NaN,NaN,NaN,NaN,NaN,NaN,1,0,0,0,0,NaN,NaN,0.2692190010428341,NaN,NaN,NaN,0.8140805994145156,0.7926817628962913,NaN,NaN,NaN,NaN,NaN,NaN,NaN,NaN,NaN,NaN,1
2024-08-15T11:18:00-04:00,0.7874963358305407,0.79,0.7874963358305407,0.78995,0.7986147388733329,0.8085492205604787,0.9076075443162398,0,0,19944,19943,0,0,0,0,NaN,NaN,1.115091708425792,NaN,NaN,NaN,0.8140805994145156,0.7926817628962913,NaN,NaN,NaN,NaN,NaN,NaN,NaN,NaN,NaN,NaN,1,0,0,0,0,NaN,NaN,1.115091708425792,NaN,NaN,NaN,0.8140805994145156,0.7926817628962913,NaN,NaN,NaN,NaN,NaN,NaN,NaN,NaN,NaN,NaN,1
2024-08-15T11:20:00-04:00,0.7887231679152704,0.7887231679152704,0.7826,0.7826,0.7957029681690906,0.8081530492542118,0.907507521156822,0,1,19944,19943,0,0,0,0,NaN,NaN,2.5390579880390294,NaN,NaN,NaN,0.8140805994145156,0.7926817628962913,NaN,NaN,NaN,NaN,NaN,NaN,NaN,NaN,NaN,NaN,1,0,0,0,0,NaN,NaN,2.5390579880390294,NaN,NaN,NaN,0.8140805994145156,0.7926817628962913,NaN,NaN,NaN,NaN,NaN,NaN,NaN,NaN,NaN,NaN,1
2024-08-15T11:21:00-04:00,0.7856615839576352,0.7856615839576352,0.7825,0.7825,0.7933024285019832,0.8077613996472773,0.906878951579171,0,0,19944,20070,0,0,0,0,NaN,NaN,4.5684987964011565,NaN,NaN,NaN,0.8140805994145156,0.7926817628962913,NaN,NaN,NaN,NaN,NaN,NaN,NaN,NaN,NaN,NaN,1,0,0,0,0,NaN,NaN,4.5684987964011565,NaN,NaN,NaN,0.8140805994145156,0.7926817628962913,NaN,NaN,NaN,NaN,NaN,NaN,NaN,NaN,NaN,NaN,1
2024-08-15T11:24:00-04:00,0.7840807919788175,0.7840807919788175,0.732,0.7556,0.7864474415016226,0.8069650424007541,0.9064566832456347,0,0,19944,20071,0,0,0,0,NaN,NaN,7.545299536706988,NaN,NaN,NaN,0.8140805994145156,0.7729483282536265,NaN,NaN,NaN,NaN,NaN,NaN,NaN,NaN,NaN,NaN,1,0,0,0,0,NaN,NaN,7.545299536706988,NaN,NaN,NaN,0.8140805994145156,0.7729483282536265,NaN,NaN,NaN,NaN,NaN,NaN,NaN,NaN,NaN,NaN,1
2024-08-15T11:29:00-04:00,0.7698403959894088,0.771,0.732,0.7565,0.7810024521376913,0.8061945837381471,0.9060006865563609,0,0,19944,20072,0,0,0,0,NaN,NaN,11.094249544932419,NaN,NaN,NaN,0.8140805994145156,0.7729483282536265,NaN,NaN,NaN,NaN,NaN,NaN,NaN,NaN,NaN,NaN,1,0,0,0,0,NaN,NaN,11.094249544932419,NaN,NaN,NaN,0.8140805994145156,0.7729483282536265,NaN,NaN,NaN,NaN,NaN,NaN,NaN,NaN,NaN,NaN,1
2024-08-15T11:30:00-04:00,0.7631701979947043,0.7631701979947043,0.7301,0.74105,0.7737383699308383,0.8052000099406181,0.903506226272937,0,0,19944,20073,0,0,0,0,NaN,NaN,15.346624638173386,NaN,NaN,NaN,0.8140805994145156,0.7560702302347121,NaN,NaN,NaN,NaN,NaN,NaN,NaN,NaN,NaN,NaN,1,0,0,0,0,NaN,NaN,15.346624638173386,NaN,NaN,NaN,0.8140805994145156,0.7560702302347121,NaN,NaN,NaN,NaN,NaN,NaN,NaN,NaN,NaN,NaN,1
2024-08-15T11:32:00-04:00,0.7521100989973522,0.7521100989973522,0.7315,0.73155,0.7660677572161405,0.804075582307937,0.9034491436332197,0,0,19944,20074,0,0,0,0,NaN,NaN,20.028785788787662,NaN,NaN,NaN,0.8022242148976861,0.7430167335361331,NaN,NaN,NaN,NaN,NaN,NaN,NaN,NaN,NaN,NaN,1,0,0,0,0,NaN,NaN,20.028785788787662,NaN,NaN,NaN,0.8022242148976861,0.7430167335361331,NaN,NaN,NaN,NaN,NaN,NaN,NaN,NaN,NaN,NaN,1
2024-08-15T11:33:00-04:00,0.741830049498676,0.756,0.7312,0.74362525,0.7619873013586604,0.8031526764711746,0.9033744529393576,0,0,19944,20075,0,0,0,0,NaN,NaN,24.3549158354907,NaN,NaN,NaN,0.7777182262656579,0.7430167335361331,NaN,NaN,NaN,NaN,NaN,NaN,NaN,NaN,NaN,NaN,1,0,0,0,0,NaN,NaN,24.3549158354907,NaN,NaN,NaN,0.7777182262656579,0.7430167335361331,NaN,NaN,NaN,NaN,NaN,NaN,NaN,NaN,NaN,NaN,1
2024-08-15T11:42:00-04:00,0.742727649749338,0.789,0.742727649749338,0.774505,0.7642632465661767,0.8027153073647445,0.9032789671900271,0,0,19944,20076,0,0,0,0,NaN,NaN,28.306433164440413,NaN,NaN,NaN,0.7777182262656579,0.762692375,NaN,NaN,NaN,NaN,NaN,NaN,NaN,NaN,NaN,NaN,1,0,0,0,0,NaN,NaN,28.306433164440413,NaN,NaN,NaN,0.7777182262656579,0.762692375,NaN,NaN,NaN,NaN,NaN,NaN,NaN,NaN,NaN,NaN,1
2024-08-15T11:46:00-04:00,0.758616324874669,0.7889,0.75,0.76945,0.7652062926450537,0.8022074400767332,0.9031657367892865,0,0,19944,20077,0,0,0,0,NaN,NaN,30.733088238948582,NaN,NaN,NaN,0.7777182262656579,0.762692375,NaN,NaN,NaN,NaN,NaN,NaN,NaN,NaN,NaN,NaN,1,0,0,0,0,NaN,NaN,30.733088238948582,NaN,NaN,NaN,0.7777182262656579,0.762692375,NaN,NaN,NaN,NaN,NaN,NaN,NaN,NaN,NaN,NaN,1
2024-08-15T11:49:00-04:00,0.7640331624373344,0.7695,0.7640331624373344,0.7695,0.7659869667095893,0.8017080898465541,0.9031449509974139,0,0,19944,20078,0,0,0,0,NaN,NaN,33.37821749351434,NaN,NaN,NaN,0.7777182262656579,0.762692375,NaN,NaN,NaN,NaN,NaN,NaN,NaN,NaN,NaN,NaN,1,0,0,0,0,NaN,NaN,33.37821749351434,NaN,NaN,NaN,0.7777182262656579,0.762692375,NaN,NaN,NaN,NaN,NaN,NaN,NaN,NaN,NaN,NaN,1
2024-08-15T12:09:00-04:00,0.7667665812186673,0.772051,0.7553,0.7636755000000001,0.7655667000351185,0.8011274396198891,0.9031015878781307,0,0,19944,20079,0,0,0,0,NaN,NaN,35.34306722526382,NaN,NaN,NaN,0.7777182262656579,0.762692375,NaN,NaN,NaN,NaN,NaN,NaN,NaN,NaN,NaN,NaN,1,0,0,0,0,NaN,NaN,35.34306722526382,NaN,NaN,NaN,0.7777182262656579,0.762692375,NaN,NaN,NaN,NaN,NaN,NaN,NaN,NaN,NaN,NaN,1
2024-08-15T12:11:00-04:00,0.7652210406093336,0.7652210406093336,0.7551,0.7551,0.763663663665097,0.8004247306180587,0.9030785835107863,0,0,19944,20080,0,0,0,0,NaN,NaN,38.693168568103715,NaN,NaN,NaN,0.7777182262656579,0.762692375,NaN,NaN,NaN,NaN,NaN,NaN,NaN,NaN,NaN,NaN,1,0,0,0,0,NaN,NaN,38.693168568103715,NaN,NaN,NaN,0.7777182262656579,0.762692375,NaN,NaN,NaN,NaN,NaN,NaN,NaN,NaN,NaN,NaN,1
2024-08-15T12:25:00-04:00,0.7601605203046669,0.7601605203046669,0.76,0.76,0.7629975429987157,0.7998075591582411,0.903056347798164,0,0,19944,20081,0,0,0,0,NaN,NaN,40.59464314501904,NaN,NaN,NaN,0.7777182262656579,0.762692375,NaN,NaN,NaN,NaN,NaN,NaN,NaN,NaN,NaN,NaN,1,0,0,0,0,NaN,NaN,40.59464314501904,NaN,NaN,NaN,0.7777182262656579,0.762692375,NaN,NaN,NaN,NaN,NaN,NaN,NaN,NaN,NaN,NaN,1
2024-08-15T12:31:00-04:00,0.7600802601523334,0.789,0.7600802601523334,0.7802749999999999,0.766138898817131,0.7995093521481916,0.9002229163065939,0,0,19944,20082,0,0,0,0,NaN,NaN,43.476262130594215,NaN,NaN,NaN,0.7777182262656579,0.7660183037499999,NaN,NaN,NaN,NaN,NaN,NaN,NaN,NaN,NaN,NaN,1,0,0,0,0,NaN,NaN,43.476262130594215,NaN,NaN,NaN,0.7777182262656579,0.7660183037499999,NaN,NaN,NaN,NaN,NaN,NaN,NaN,NaN,NaN,NaN,1
2024-08-15T12:32:00-04:00,0.7701776300761667,0.7803,0.7672,0.7740345,0.7675744626685618,0.7991204231077612,0.8986338869390897,0,0,19944,20083,0,0,0,0,NaN,NaN,44.80777122455126,NaN,NaN,NaN,0.7777182262656579,0.7660183037499999,NaN,NaN,NaN,NaN,NaN,NaN,NaN,NaN,NaN,NaN,1,0,0,0,0,NaN,NaN,44.80777122455126,NaN,NaN,NaN,0.7777182262656579,0.7660183037499999,NaN,NaN,NaN,NaN,NaN,NaN,NaN,NaN,NaN,NaN,1
2024-08-15T12:33:00-04:00,0.7721060650380833,0.7889,0.7721060650380833,0.7889,0.7714518330924597,0.7989643861137496,0.898224164900465,0,0,19944,20084,0,0,0,0,NaN,NaN,45.99148008630846,NaN,NaN,NaN,0.7777182262656579,0.771444955525,NaN,NaN,NaN,NaN,NaN,NaN,NaN,NaN,NaN,NaN,1,0,0,0,0,NaN,NaN,45.99148008630846,NaN,NaN,NaN,0.7777182262656579,0.771444955525,NaN,NaN,NaN,NaN,NaN,NaN,NaN,NaN,NaN,NaN,1
2024-08-15T12:41:00-04:00,0.7805030325190416,0.7805030325190416,0.78,0.78,0.773006045257467,0.7986748535013259,0.8982065106228806,0,0,19944,20085,0,0,0,0,NaN,NaN,47.462545250198204,NaN,NaN,NaN,0.7777182262656579,0.771444955525,NaN,NaN,NaN,NaN,NaN,NaN,NaN,NaN,NaN,NaN,1,0,0,0,0,NaN,NaN,47.462545250198204,NaN,NaN,NaN,0.7777182262656579,0.771444955525,NaN,NaN,NaN,NaN,NaN,NaN,NaN,NaN,NaN,NaN,1
2024-08-15T12:52:00-04:00,0.7802515162595208,0.7901,0.779,0.7845500000000001,0.7751049461197457,0.7984592068829851,0.8978820823628607,0,0,19944,20086,0,0,0,0,NaN,NaN,48.66605114352359,NaN,NaN,NaN,0.7777182262656579,0.771444955525,NaN,NaN,NaN,NaN,NaN,NaN,NaN,NaN,NaN,NaN,1,0,0,0,0,NaN,NaN,48.66605114352359,NaN,NaN,NaN,0.7777182262656579,0.771444955525,NaN,NaN,NaN,NaN,NaN,NaN,NaN,NaN,NaN,NaN,1
2024-08-15T12:54:00-04:00,0.7824007581297605,0.81,0.7824007581297605,0.81,0.781449501370701,0.7986354021977486,0.8978559184156272,0,0,19944,20087,0,0,0,0,NaN,NaN,48.024232596410265,NaN,NaN,NaN,0.7777182262656579,0.78451540952775,NaN,NaN,NaN,NaN,NaN,NaN,NaN,NaN,NaN,NaN,1,0,0,0,0,NaN,NaN,48.024232596410265,NaN,NaN,NaN,0.7777182262656579,0.78451540952775,NaN,NaN,NaN,NaN,NaN,NaN,NaN,NaN,NaN,NaN,1
2024-08-15T12:55:00-04:00,0.7962003790648803,0.8,0.7962003790648803,0.8,0.7848223193033008,0.7986562357519815,0.8978267937635793,0,0,19944,20088,0,0,0,0,NaN,NaN,47.83534742074292,NaN,NaN,NaN,0.7777182262656579,0.78451540952775,NaN,NaN,NaN,NaN,NaN,NaN,NaN,NaN,NaN,NaN,1,0,0,0,0,NaN,NaN,47.83534742074292,NaN,NaN,NaN,0.7777182262656579,0.78451540952775,NaN,NaN,NaN,NaN,NaN,NaN,NaN,NaN,NaN,NaN,1
2024-08-15T13:01:00-04:00,0.7981001895324402,0.8184,0.7981001895324402,0.8184,0.7909273521572461,0.7989576672672184,0.8976616603897503,0,0,19944,20089,0,0,0,0,NaN,NaN,46.55406960649363,NaN,NaN,NaN,0.7777182262656579,0.7922775603844199,NaN,NaN,NaN,NaN,NaN,NaN,NaN,NaN,NaN,NaN,1,0,0,0,0,NaN,NaN,46.55406960649363,NaN,NaN,NaN,0.7777182262656579,0.7922775603844199,NaN,NaN,NaN,NaN,NaN,NaN,NaN,NaN,NaN,NaN,1
2024-08-15T13:10:00-04:00,0.8082500947662201,0.810101,0.8082500947662201,0.810101,0.7944134699468377,0.7991277944845128,0.8976486591632268,0,0,19944,20090,0,0,0,0,NaN,NaN,45.69492337568079,NaN,NaN,NaN,0.7777182262656579,0.7922775603844199,NaN,NaN,NaN,NaN,NaN,NaN,NaN,NaN,NaN,NaN,1,0,0,0,0,NaN,NaN,45.69492337568079,NaN,NaN,NaN,0.7777182262656579,0.7922775603844199,NaN,NaN,NaN,NaN,NaN,NaN,NaN,NaN,NaN,NaN,1
2024-08-15T13:14:00-04:00,0.80917554738311,0.815,0.80917554738311,0.815,0.7981564754110491,0.7993701182328408,0.8975935951313121,0,0,19944,20091,0,0,0,0,NaN,NaN,45.99777615351094,NaN,NaN,NaN,0.7777182262656579,0.7922775603844199,NaN,NaN,NaN,NaN,NaN,NaN,NaN,NaN,NaN,NaN,1,0,0,0,0,NaN,NaN,45.99777615351094,NaN,NaN,NaN,0.7777182262656579,0.7922775603844199,NaN,NaN,NaN,NaN,NaN,NaN,NaN,NaN,NaN,NaN,1
2024-08-15T13:18:00-04:00,0.812087773691555,0.8199,0.812087773691555,0.8182750000000001,0.8018143889726765,0.7996587423819577,0.8972420726150748,0,0,19944,20092,0,0,0,0,NaN,NaN,48.389276234532716,NaN,NaN,NaN,0.7777182262656579,0.7922775603844199,NaN,NaN,NaN,NaN,NaN,NaN,NaN,NaN,NaN,NaN,1,0,0,0,0,NaN,NaN,48.389276234532716,NaN,NaN,NaN,0.7777182262656579,0.7922775603844199,NaN,NaN,NaN,NaN,NaN,NaN,NaN,NaN,NaN,NaN,1
2024-08-15T13:19:00-04:00,0.8151813868457776,0.8151813868457776,0.8151,0.8151,0.804229954614008,0.7998944867730728,0.8972178107469182,0,0,19944,20093,0,0,0,0,NaN,NaN,48.85867428943365,NaN,NaN,NaN,0.7777182262656579,0.7922775603844199,NaN,NaN,NaN,NaN,NaN,NaN,NaN,NaN,NaN,NaN,1,0,0,0,0,NaN,NaN,48.85867428943365,NaN,NaN,NaN,0.7777182262656579,0.7922775603844199,NaN,NaN,NaN,NaN,NaN,NaN,NaN,NaN,NaN,NaN,1
2024-08-15T13:21:00-04:00,0.8151406934228889,0.8175,0.8151406934228889,0.8175,0.8066426901387338,0.8001632732345526,0.8972035680668143,0,0,19944,20094,0,0,0,0,NaN,NaN,48.535517327407426,NaN,NaN,NaN,0.7777182262656579,0.7922775603844199,NaN,NaN,NaN,NaN,NaN,NaN,NaN,NaN,NaN,NaN,1,0,0,0,0,NaN,NaN,48.535517327407426,NaN,NaN,NaN,0.7777182262656579,0.7922775603844199,NaN,NaN,NaN,NaN,NaN,NaN,NaN,NaN,NaN,NaN,1
2024-08-15T13:25:00-04:00,0.8163203467114444,0.82,0.815,0.8162499999999999,0.8083894737498731,0.8004088721164678,0.8971319118879545,0,0,19944,20095,0,0,0,0,NaN,NaN,48.25116278672025,NaN,NaN,NaN,0.7777182262656579,0.7922775603844199,NaN,NaN,NaN,NaN,NaN,NaN,NaN,NaN,NaN,NaN,1,0,0,0,0,NaN,NaN,48.25116278672025,NaN,NaN,NaN,0.7777182262656579,0.7922775603844199,NaN,NaN,NaN,NaN,NaN,NaN,NaN,NaN,NaN,NaN,1
2024-08-15T13:43:00-04:00,0.8162851733557221,0.8162851733557221,0.815,0.8150499999999999,0.8096004785226235,0.8006324007864454,0.8970855600114561,0,0,19944,20096,0,0,0,0,NaN,NaN,48.617421628958255,NaN,NaN,NaN,0.7777182262656579,0.7922775603844199,NaN,NaN,NaN,NaN,NaN,NaN,NaN,NaN,NaN,NaN,1,0,0,0,0,NaN,NaN,48.617421628958255,NaN,NaN,NaN,0.7777182262656579,0.7922775603844199,NaN,NaN,NaN,NaN,NaN,NaN,NaN,NaN,NaN,NaN,1
2024-08-15T13:44:00-04:00,0.8156675866778611,0.8156675866778611,0.815,0.815,0.8105822097003283,0.8008517534461943,0.8969886097524428,0,0,19944,20097,0,0,0,0,NaN,NaN,49.122141061113126,NaN,NaN,NaN,0.7777182262656579,0.7922775603844199,NaN,NaN,NaN,NaN,NaN,NaN,NaN,NaN,NaN,NaN,1,0,0,0,0,NaN,NaN,49.122141061113126,NaN,NaN,NaN,0.7777182262656579,0.7922775603844199,NaN,NaN,NaN,NaN,NaN,NaN,NaN,NaN,NaN,NaN,1
2024-08-15T14:08:00-04:00,0.8153337933389305,0.8153337933389305,0.8,0.8,0.8086581715729959,0.8008387495767868,0.896951487385083,0,0,19944,20098,0,0,0,0,NaN,NaN,49.766705557324535,NaN,NaN,NaN,0.7777182262656579,0.7922775603844199,NaN,NaN,NaN,NaN,NaN,NaN,NaN,NaN,NaN,NaN,1,0,0,0,0,NaN,NaN,49.766705557324535,NaN,NaN,NaN,0.7777182262656579,0.7922775603844199,NaN,NaN,NaN,NaN,NaN,NaN,NaN,NaN,NaN,NaN,1
2024-08-15T15:11:00-04:00,0.8076668966694653,0.8076668966694653,0.8,0.8,0.8070839585597239,0.8008259442397366,0.8969229510493086,0,0,19944,20099,0,0,0,0,NaN,NaN,49.341234099612535,NaN,NaN,NaN,0.7777182262656579,0.7922775603844199,NaN,NaN,NaN,NaN,NaN,NaN,NaN,NaN,NaN,NaN,1,0,0,0,0,NaN,NaN,49.341234099612535,NaN,NaN,NaN,0.7777182262656579,0.7922775603844199,NaN,NaN,NaN,NaN,NaN,NaN,NaN,NaN,NaN,NaN,1
2024-08-15T15:19:00-04:00,0.8038334483347327,0.8038334483347327,0.8004,0.8004,0.8058686933670468,0.8008194412742444,0.8969087480385376,0,0,19944,20100,0,0,0,0,NaN,NaN,48.73959839542504,NaN,NaN,NaN,0.7777182262656579,0.7922775603844199,NaN,NaN,NaN,NaN,NaN,NaN,NaN,NaN,NaN,NaN,1,0,0,0,0,NaN,NaN,48.73959839542504,NaN,NaN,NaN,0.7777182262656579,0.7922775603844199,NaN,NaN,NaN,NaN,NaN,NaN,NaN,NaN,NaN,NaN,1
2024-08-15T15:26:00-04:00,0.8021167241673663,0.8021167241673663,0.80045,0.80045,0.8048834763912202,0.8008138009494468,0.8963303017036105,0,0,19944,20101,0,0,0,0,NaN,NaN,47.977093760298516,NaN,NaN,NaN,0.7777182262656579,0.7922775603844199,NaN,NaN,NaN,NaN,NaN,NaN,NaN,NaN,NaN,NaN,1,0,0,0,0,NaN,NaN,47.977093760298516,NaN,NaN,NaN,0.7777182262656579,0.7922775603844199,NaN,NaN,NaN,NaN,NaN,NaN,NaN,NaN,NaN,NaN,1
2024-08-15T15:27:00-04:00,0.8012833620836832,0.8012833620836832,0.8,0.800075,0.8040092079564528,0.8008025215456385,0.8962459036281867,0,0,19944,20102,0,0,0,0,NaN,NaN,47.15317616316562,NaN,NaN,NaN,0.7777182262656579,0.7922775603844199,NaN,NaN,NaN,NaN,NaN,NaN,NaN,NaN,NaN,NaN,1,0,0,0,0,NaN,NaN,47.15317616316562,NaN,NaN,NaN,0.7777182262656579,0.7922775603844199,NaN,NaN,NaN,NaN,NaN,NaN,NaN,NaN,NaN,NaN,1