time,open,high,low,close,EMA10,EMA130,VWAP,Bull_window,Bear_window,Plot,Plot,Bullish,Bullish+,Bearish,Bearish+,Bullish Exit,Bearish Exit,Trend Strength,Take Profit,Stop Loss,Bar Color Value,Trend Tracer,Trend Catcher,Smart Trail,Smart Trail Extremity,RZ R3 Band,RZ R2 Band,RZ R1 Band,RZ S1 Band,RZ S2 Band,RZ S3 Band,Neo Lead,Neo Lag,Custom Alert Condition Highlighter,Bullish,Bullish+,Bearish,Bearish+,Bullish Exit,Bearish Exit,Trend Strength,Take Profit,Stop Loss,Bar Color Value,Trend Tracer,Trend Catcher,Smart Trail,Smart Trail Extremity,RZ R3 Band,RZ R2 Band,RZ R1 Band,RZ S1 Band,RZ S2 Band,RZ S3 Band,Neo Lead,Neo Lag,Custom Alert Condition Highlighter
2024-08-09T16:00:00-04:00,3.2691537464126466,3.2691537464126466,3.2,3.2199999999999998,3.252256166239961,3.291334215397585,3.3808061752303207,0,0,19365,19595,0,0,0,0,NaN,NaN,23.962649345900367,NaN,NaN,NaN,3.2911061443185514,3.252428,NaN,NaN,NaN,NaN,NaN,NaN,NaN,NaN,NaN,NaN,1,0,0,0,0,NaN,NaN,23.962649345900367,NaN,NaN,NaN,3.2911061443185514,3.252428,NaN,NaN,NaN,NaN,NaN,NaN,NaN,NaN,NaN,NaN,1
2024-08-09T16:01:00-04:00,3.244576873206323,3.244576873206323,3.19,3.19,3.240936863287241,3.2897871281396065,3.380767672553537,0,1,19365,19596,0,0,0,0,NaN,NaN,23.207768909285353,NaN,NaN,NaN,3.2911061443185514,3.23600516,NaN,NaN,NaN,NaN,NaN,NaN,NaN,NaN,NaN,NaN,1,0,0,0,0,NaN,NaN,23.207768909285353,NaN,NaN,NaN,3.2911061443185514,3.23600516,NaN,NaN,NaN,NaN,NaN,NaN,NaN,NaN,NaN,NaN,1
2024-08-09T18:52:00-04:00,3.2172884366031615,3.37,3.2172884366031615,3.37,3.2644028881441063,3.291011752137475,3.380764776262222,0,0,19365,19597,0,0,0,0,NaN,NaN,9.650441409647863,NaN,NaN,NaN,3.2911061443185514,3.2854,NaN,NaN,NaN,NaN,NaN,NaN,NaN,NaN,NaN,NaN,1,0,0,0,0,NaN,NaN,9.650441409647863,NaN,NaN,NaN,3.2911061443185514,3.2854,NaN,NaN,NaN,NaN,NaN,NaN,NaN,NaN,NaN,NaN,1
2024-08-09T19:13:00-04:00,3.293644218301581,3.293644218301581,3.27,3.27,3.265420544845178,3.290690962028506,3.3807201039794355,0,0,19365,19598,0,0,0,0,NaN,NaN,6.371614768059095,NaN,NaN,NaN,3.2911061443185514,3.2854,NaN,NaN,NaN,NaN,NaN,NaN,NaN,NaN,NaN,NaN,1,0,0,0,0,NaN,NaN,6.371614768059095,NaN,NaN,NaN,3.2911061443185514,3.2854,NaN,NaN,NaN,NaN,NaN,NaN,NaN,NaN,NaN,NaN,1
2024-08-09T19:57:00-04:00,3.2818221091507906,3.2818221091507906,3.26,3.26,3.2644349912369637,3.290222397722727,3.3805878195228716,0,0,19365,19599,0,0,0,0,NaN,NaN,3.619929492326758,NaN,NaN,NaN,3.2911061443185514,3.2854,NaN,NaN,NaN,NaN,NaN,NaN,NaN,NaN,NaN,NaN,1,0,0,0,0,NaN,NaN,3.619929492326758,NaN,NaN,NaN,3.2911061443185514,3.2854,NaN,NaN,NaN,NaN,NaN,NaN,NaN,NaN,NaN,NaN,1
2024-08-12T04:23:00-04:00,3.270911054575395,3.270911054575395,3.25,3.255,3.2627195382847884,3.289684651192609,3.255,0,0,19365,19600,0,0,0,0,NaN,NaN,1.3080458034696203,NaN,NaN,NaN,3.2911061443185514,3.2854,NaN,NaN,NaN,NaN,NaN,NaN,NaN,NaN,NaN,NaN,1,0,0,0,0,NaN,NaN,1.3080458034696203,NaN,NaN,NaN,3.2911061443185514,3.2854,NaN,NaN,NaN,NaN,NaN,NaN,NaN,NaN,NaN,NaN,1
2024-08-12T04:57:00-04:00,3.2629555272876978,3.2629555272876978,3.04,3.04,3.2222250767784635,3.2858726717850884,3.2119999999999997,0,0,19365,19601,0,0,0,0,NaN,NaN,4.160741452113313,NaN,NaN,NaN,3.2911061443185514,3.20005,NaN,NaN,NaN,NaN,NaN,NaN,NaN,NaN,NaN,NaN,1,0,0,0,0,NaN,NaN,4.160741452113313,NaN,NaN,NaN,3.2911061443185514,3.20005,NaN,NaN,NaN,NaN,NaN,NaN,NaN,NaN,NaN,NaN,1
2024-08-12T05:28:00-04:00,3.151477763643849,3.151477763643849,3.05,3.05,3.1909114264551066,3.2822715622921863,3.1719573400250938,0,0,19365,19602,0,0,0,0,NaN,NaN,7.646911961657693,NaN,NaN,NaN,3.1807127123496057,3.20005,NaN,NaN,NaN,NaN,NaN,NaN,NaN,NaN,NaN,NaN,1,0,0,0,0,NaN,NaN,7.646911961657693,NaN,NaN,NaN,3.1807127123496057,3.20005,NaN,NaN,NaN,NaN,NaN,NaN,NaN,NaN,NaN,NaN,1
2024-08-12T06:54:00-04:00,3.1007388818219246,3.1007388818219246,3.07,3.07,3.168927530735996,3.2790307750816186,3.1515045135406217,0,0,19365,19603,0,0,0,0,NaN,NaN,11.407447284253887,NaN,NaN,NaN,3.140845400941105,3.20005,NaN,NaN,NaN,NaN,NaN,NaN,NaN,NaN,NaN,NaN,1,0,0,0,0,NaN,NaN,11.407447284253887,NaN,NaN,NaN,3.140845400941105,3.20005,NaN,NaN,NaN,NaN,NaN,NaN,NaN,NaN,NaN,NaN,1
2024-08-12T07:26:00-04:00,3.085369440910962,3.2,3.085369440910962,3.1950000000000003,3.1736679796930876,3.2777478624849525,3.1622469788519636,0,0,19365,19604,0,0,0,0,NaN,NaN,11.765772527217413,NaN,NaN,NaN,3.140845400941105,3.20005,NaN,NaN,NaN,NaN,NaN,NaN,NaN,NaN,NaN,NaN,1,0,0,0,0,NaN,NaN,11.765772527217413,NaN,NaN,NaN,3.140845400941105,3.20005,NaN,NaN,NaN,NaN,NaN,NaN,NaN,NaN,NaN,NaN,1
2024-08-12T08:00:00-04:00,3.140184720455481,3.2598,3.12,3.1898999999999997,3.176619256112526,3.276406673744724,3.1752373648378054,0,0,19365,19605,0,0,0,0,NaN,NaN,12.874211168547104,NaN,NaN,NaN,3.140845400941105,3.20005,NaN,NaN,NaN,NaN,NaN,NaN,NaN,NaN,NaN,NaN,1,0,0,0,0,NaN,NaN,12.874211168547104,NaN,NaN,NaN,3.140845400941105,3.20005,NaN,NaN,NaN,NaN,NaN,NaN,NaN,NaN,NaN,NaN,1
2024-08-12T09:14:00-04:00,3.1650423602277407,3.5,3.1650423602277407,3.5,3.2354157550011577,3.279820312313507,3.187742664613015,0,0,19365,19606,0,1,0,0,NaN,NaN,3.2624000085723144,NaN,NaN,NaN,3.2275176723915333,3.2769,NaN,NaN,NaN,NaN,NaN,NaN,NaN,NaN,NaN,NaN,1,0,1,0,0,NaN,NaN,3.2624000085723144,NaN,NaN,NaN,3.2275176723915333,3.2769,NaN,NaN,NaN,NaN,NaN,NaN,NaN,NaN,NaN,NaN,1
2024-08-12T09:23:00-04:00,3.3325211801138703,3.5,3.3325211801138703,3.455,3.2753401631827654,3.282494811362156,3.227436950819672,0,0,19365,19607,0,0,0,0,NaN,NaN,0.5409351408553869,NaN,NaN,NaN,3.378847680269165,3.2769,NaN,NaN,NaN,NaN,NaN,NaN,NaN,NaN,NaN,NaN,1,0,0,0,0,NaN,NaN,0.5409351408553869,NaN,NaN,NaN,3.378847680269165,3.2769,NaN,NaN,NaN,NaN,NaN,NaN,NaN,NaN,NaN,NaN,1
2024-08-12T09:30:00-04:00,3.393760590056935,3.4899,3.393760590056935,3.474475,3.311546497149535,3.285425806608535,3.413257413877153,0,0,19365,19608,0,0,0,0,NaN,NaN,0.05328381040096942,NaN,NaN,NaN,3.3978622220308177,3.2769,NaN,NaN,NaN,NaN,NaN,NaN,NaN,NaN,NaN,NaN,1,0,0,0,0,NaN,NaN,0.05328381040096942,NaN,NaN,NaN,3.3978622220308177,3.2769,NaN,NaN,NaN,NaN,NaN,NaN,NaN,NaN,NaN,NaN,1
2024-08-12T09:31:00-04:00,3.4341177950284676,3.47,3.41,3.4400000000000004,3.3349016794859834,3.287785717958023,3.4246943617763312,0,0,19365,19609,0,0,0,0,NaN,NaN,0.80200923455227,NaN,NaN,NaN,3.3978622220308177,3.2769,NaN,NaN,NaN,NaN,NaN,NaN,NaN,NaN,NaN,NaN,1,0,0,0,0,NaN,NaN,0.80200923455227,NaN,NaN,NaN,3.3978622220308177,3.2769,NaN,NaN,NaN,NaN,NaN,NaN,NaN,NaN,NaN,NaN,1
2024-08-12T09:32:00-04:00,3.437058897514234,3.4899,3.4,3.44495,3.3549104650339863,3.2901851726456868,3.426879164073844,0,0,19365,19610,0,0,0,0,NaN,NaN,2.2586273675186614,NaN,NaN,NaN,3.3978622220308177,3.2769,NaN,NaN,NaN,NaN,NaN,NaN,NaN,NaN,NaN,NaN,1,0,0,0,0,NaN,NaN,2.2586273675186614,NaN,NaN,NaN,3.3978622220308177,3.2769,NaN,NaN,NaN,NaN,NaN,NaN,NaN,NaN,NaN,NaN,1
2024-08-12T09:33:00-04:00,3.441004448757117,3.4499,3.441004448757117,3.4499,3.3721812895732617,3.2926235669564394,3.4269742718446605,0,0,19365,19611,0,0,0,0,NaN,NaN,4.286260007386652,NaN,NaN,NaN,3.3978622220308177,3.2769,NaN,NaN,NaN,NaN,NaN,NaN,NaN,NaN,NaN,NaN,1,0,0,0,0,NaN,NaN,4.286260007386652,NaN,NaN,NaN,3.3978622220308177,3.2769,NaN,NaN,NaN,NaN,NaN,NaN,NaN,NaN,NaN,NaN,1
2024-08-12T09:34:00-04:00,3.445452224378559,3.445452224378559,3.37,3.4050000000000002,3.3781483278326685,3.294339237689929,3.4262925240192157,0,0,19365,19612,0,0,0,0,NaN,NaN,6.29679289347465,NaN,NaN,NaN,3.3978622220308177,3.2769,NaN,NaN,NaN,NaN,NaN,NaN,NaN,NaN,NaN,NaN,1,0,0,0,0,NaN,NaN,6.29679289347465,NaN,NaN,NaN,3.3978622220308177,3.2769,NaN,NaN,NaN,NaN,NaN,NaN,NaN,NaN,NaN,NaN,1
2024-08-12T09:35:00-04:00,3.4252261121892795,3.4252261121892795,3.25,3.325,3.3684849954994562,3.294807340931304,3.4011217584235864,0,0,19365,19613,0,0,0,0,NaN,NaN,7.229165454046862,NaN,NaN,NaN,3.3978622220308177,3.2769,NaN,NaN,NaN,NaN,NaN,NaN,NaN,NaN,NaN,NaN,1,0,0,0,0,NaN,NaN,7.229165454046862,NaN,NaN,NaN,3.3978622220308177,3.2769,NaN,NaN,NaN,NaN,NaN,NaN,NaN,NaN,NaN,NaN,1
2024-08-12T09:36:00-04:00,3.37511305609464,3.37511305609464,3.3065,3.3257499999999998,3.360714996317737,3.2952797479399867,3.399350389247944,0,0,19365,19614,0,0,0,0,NaN,NaN,8.621603918706416,NaN,NaN,NaN,3.3978622220308177,3.2769,NaN,NaN,NaN,NaN,NaN,NaN,NaN,NaN,NaN,NaN,1,0,0,0,0,NaN,NaN,8.621603918706416,NaN,NaN,NaN,3.3978622220308177,3.2769,NaN,NaN,NaN,NaN,NaN,NaN,NaN,NaN,NaN,NaN,1
2024-08-12T09:37:00-04:00,3.35043152804732,3.35043152804732,3.345,3.345,3.3578577242599668,3.2960388357576966,3.397492190381615,0,0,19365,19615,0,0,0,0,NaN,NaN,9.823836727061627,NaN,NaN,NaN,3.3978622220308177,3.2769,NaN,NaN,NaN,NaN,NaN,NaN,NaN,NaN,NaN,NaN,1,0,0,0,0,NaN,NaN,9.823836727061627,NaN,NaN,NaN,3.3978622220308177,3.2769,NaN,NaN,NaN,NaN,NaN,NaN,NaN,NaN,NaN,NaN,1
2024-08-12T09:38:00-04:00,3.3477157640236603,3.3477157640236603,3.33,3.335,3.3537017743945183,3.2966336626926935,3.3971395753985054,0,0,19365,19616,0,0,0,0,NaN,NaN,11.211591271160822,NaN,NaN,NaN,3.3978622220308177,3.2769,NaN,NaN,NaN,NaN,NaN,NaN,NaN,NaN,NaN,NaN,1,0,0,0,0,NaN,NaN,11.211591271160822,NaN,NaN,NaN,3.3978622220308177,3.2769,NaN,NaN,NaN,NaN,NaN,NaN,NaN,NaN,NaN,NaN,1
2024-08-12T09:39:00-04:00,3.34135788201183,3.362,3.33,3.346,3.352301451777333,3.2973873472317363,3.39667493010903,0,0,19365,19617,0,0,0,0,NaN,NaN,12.770952458182864,NaN,NaN,NaN,3.3978622220308177,3.2769,NaN,NaN,NaN,NaN,NaN,NaN,NaN,NaN,NaN,NaN,1,0,0,0,0,NaN,NaN,12.770952458182864,NaN,NaN,NaN,3.3978622220308177,3.2769,NaN,NaN,NaN,NaN,NaN,NaN,NaN,NaN,NaN,NaN,1
2024-08-12T09:40:00-04:00,3.343678941005915,3.39,3.2702,3.3301,3.348264824181454,3.2978867770449924,3.394428729841433,0,0,19365,19618,0,0,0,0,NaN,NaN,14.193968607820334,NaN,NaN,NaN,3.3978622220308177,3.2769,NaN,NaN,NaN,NaN,NaN,NaN,NaN,NaN,NaN,NaN,1,0,0,0,0,NaN,NaN,14.193968607820334,NaN,NaN,NaN,3.3978622220308177,3.2769,NaN,NaN,NaN,NaN,NaN,NaN,NaN,NaN,NaN,NaN,1
2024-08-12T09:41:00-04:00,3.3368894705029577,3.3368894705029577,3.25,3.27,3.3340348561484623,3.297461024723695,3.3892735997824905,0,0,19365,19619,0,0,0,0,NaN,NaN,14.011979777867007,NaN,NaN,NaN,3.3978622220308177,3.2769,NaN,NaN,NaN,NaN,NaN,NaN,NaN,NaN,NaN,NaN,1,0,0,0,0,NaN,NaN,14.011979777867007,NaN,NaN,NaN,3.3978622220308177,3.2769,NaN,NaN,NaN,NaN,NaN,NaN,NaN,NaN,NaN,NaN,1
2024-08-12T09:42:00-04:00,3.303444735251479,3.3099,3.22,3.26995,3.3223830641214693,3.2970410090790585,3.3709020472320197,0,0,19365,19620,0,0,0,0,NaN,NaN,14.78946366774535,NaN,NaN,NaN,3.3978622220308177,3.2769,NaN,NaN,NaN,NaN,NaN,NaN,NaN,NaN,NaN,NaN,1,0,0,0,0,NaN,NaN,14.78946366774535,NaN,NaN,NaN,3.3978622220308177,3.2769,NaN,NaN,NaN,NaN,NaN,NaN,NaN,NaN,NaN,NaN,1
2024-08-12T09:43:00-04:00,3.28669736762574,3.28669736762574,3.2,3.2364499999999996,3.3067588706448383,3.2961159555053325,3.3654478897366373,0,0,19365,19621,0,0,0,0,NaN,NaN,14.358235277526935,NaN,NaN,NaN,3.3978622220308177,3.2769,NaN,NaN,NaN,NaN,NaN,NaN,NaN,NaN,NaN,NaN,1,0,0,0,0,NaN,NaN,14.358235277526935,NaN,NaN,NaN,3.3978622220308177,3.2769,NaN,NaN,NaN,NaN,NaN,NaN,NaN,NaN,NaN,NaN,1
2024-08-12T09:44:00-04:00,3.2615736838128697,3.2615736838128697,3.21,3.2252,3.2919299850730495,3.2950332691617397,3.3648607959897023,0,0,19365,19622,0,0,0,0,NaN,NaN,13.87242255705553,NaN,NaN,NaN,3.3978622220308177,3.2769,NaN,NaN,NaN,NaN,NaN,NaN,NaN,NaN,NaN,NaN,1,0,0,0,0,NaN,NaN,13.87242255705553,NaN,NaN,NaN,3.3978622220308177,3.2769,NaN,NaN,NaN,NaN,NaN,NaN,NaN,NaN,NaN,NaN,1
2024-08-12T09:46:00-04:00,3.243386841906435,3.243386841906435,3.21,3.2225,3.279306351423404,3.2939258910065985,3.364267341642871,0,0,19365,19623,0,0,0,0,NaN,NaN,13.184433032522247,NaN,NaN,NaN,3.3368209574995533,3.2769,NaN,NaN,NaN,NaN,NaN,NaN,NaN,NaN,NaN,NaN,1,0,0,0,0,NaN,NaN,13.184433032522247,NaN,NaN,NaN,3.3368209574995533,3.2769,NaN,NaN,NaN,NaN,NaN,NaN,NaN,NaN,NaN,NaN,1
2024-08-12T09:47:00-04:00,3.2329434209532177,3.235,3.2329434209532177,3.235,3.2712506511646033,3.2930262590828336,3.3639984660024544,0,0,19365,19624,0,0,0,0,NaN,NaN,12.072737334860308,NaN,NaN,NaN,3.3144676227574417,3.2769,NaN,NaN,NaN,NaN,NaN,NaN,NaN,NaN,NaN,NaN,1,0,0,0,0,NaN,NaN,12.072737334860308,NaN,NaN,NaN,3.3144676227574417,3.2769,NaN,NaN,NaN,NaN,NaN,NaN,NaN,NaN,NaN,NaN,1
2024-08-12T09:48:00-04:00,3.2339717104766086,3.235,3.18,3.2075,3.25965962368013,3.2917205146693553,3.3627071446252863,0,0,19365,19625,0,0,0,0,NaN,NaN,10.590896084329179,NaN,NaN,NaN,3.2870515346436546,3.2769,NaN,NaN,NaN,NaN,NaN,NaN,NaN,NaN,NaN,NaN,1,0,0,0,0,NaN,NaN,10.590896084329179,NaN,NaN,NaN,3.2870515346436546,3.2769,NaN,NaN,NaN,NaN,NaN,NaN,NaN,NaN,NaN,NaN,1
2024-08-12T09:49:00-04:00,3.2207358552383045,3.2599,3.2,3.2387,3.2558487830110154,3.290911041162953,3.355267341141339,0,0,19365,19626,0,0,0,0,NaN,NaN,10.510318237514108,NaN,NaN,NaN,3.2870515346436546,3.2769,NaN,NaN,NaN,NaN,NaN,NaN,NaN,NaN,NaN,NaN,1,0,0,0,0,NaN,NaN,10.510318237514108,NaN,NaN,NaN,3.2870515346436546,3.2769,NaN,NaN,NaN,NaN,NaN,NaN,NaN,NaN,NaN,NaN,1
2024-08-12T09:50:00-04:00,3.229717927619152,3.229717927619152,3.18,3.2,3.2456944588271943,3.289523086336038,3.3446273286372254,0,0,19365,19627,0,0,0,0,NaN,NaN,9.710031846176182,NaN,NaN,NaN,3.2870515346436546,3.2769,NaN,NaN,NaN,NaN,NaN,NaN,NaN,NaN,NaN,NaN,1,0,0,0,0,NaN,NaN,9.710031846176182,NaN,NaN,NaN,3.2870515346436546,3.2769,NaN,NaN,NaN,NaN,NaN,NaN,NaN,NaN,NaN,NaN,1
2024-08-12T09:51:00-04:00,3.214858963809576,3.214858963809576,3.1699,3.17245,3.232377284494977,3.287735710972129,3.3395185583090887,0,1,19365,19628,0,0,0,0,NaN,NaN,8.14274225619397,NaN,NaN,NaN,3.2870515346436546,3.2769,NaN,NaN,NaN,NaN,NaN,NaN,NaN,NaN,NaN,NaN,1,0,0,0,0,NaN,NaN,8.14274225619397,NaN,NaN,NaN,3.2870515346436546,3.2769,NaN,NaN,NaN,NaN,NaN,NaN,NaN,NaN,NaN,NaN,1
2024-08-12T09:52:00-04:00,3.193654481904788,3.193654481904788,3.17,3.175,3.2219450509504357,3.2860145550794244,3.336113207126184,0,0,19365,19629,0,0,0,0,NaN,NaN,6.521588563846478,NaN,NaN,NaN,3.2870515346436546,3.2769,NaN,NaN,NaN,NaN,NaN,NaN,NaN,NaN,NaN,NaN,1,0,0,0,0,NaN,NaN,6.521588563846478,NaN,NaN,NaN,3.2870515346436546,3.2769,NaN,NaN,NaN,NaN,NaN,NaN,NaN,NaN,NaN,NaN,1
2024-08-12T09:55:00-04:00,3.1843272409523937,3.3,3.1843272409523937,3.2249999999999996,3.2225004962321746,3.285083035154548,3.3343970715468583,0,0,19365,19630,0,0,0,0,NaN,NaN,5.870604183869137,NaN,NaN,NaN,3.2870515346436546,3.2769,NaN,NaN,NaN,NaN,NaN,NaN,NaN,NaN,NaN,NaN,1,0,0,0,0,NaN,NaN,5.870604183869137,NaN,NaN,NaN,3.2870515346436546,3.2769,NaN,NaN,NaN,NaN,NaN,NaN,NaN,NaN,NaN,NaN,1
2024-08-12T09:56:00-04:00,3.2046636204761967,3.34,3.2046636204761967,3.2800000000000002,3.2329549514626885,3.285005431564402,3.3265478534349375,0,0,19365,19631,0,0,0,0,NaN,NaN,5.931602423221248,NaN,NaN,NaN,3.2870515346436546,3.2769,NaN,NaN,NaN,NaN,NaN,NaN,NaN,NaN,NaN,NaN,1,0,0,0,0,NaN,NaN,5.931602423221248,NaN,NaN,NaN,3.2870515346436546,3.2769,NaN,NaN,NaN,NaN,NaN,NaN,NaN,NaN,NaN,NaN,1
2024-08-12T09:57:00-04:00,3.2423318102380985,3.3399,3.2423318102380985,3.3348750000000003,3.2514858693785635,3.285766799021434,3.3266549469725084,0,0,19365,19632,0,0,0,0,NaN,NaN,6.820008915275233,NaN,NaN,NaN,3.2870515346436546,3.2769,NaN,NaN,NaN,NaN,NaN,NaN,NaN,NaN,NaN,NaN,1,0,0,0,0,NaN,NaN,6.820008915275233,NaN,NaN,NaN,3.2870515346436546,3.2769,NaN,NaN,NaN,NaN,NaN,NaN,NaN,NaN,NaN,NaN,1
2024-08-12T09:58:00-04:00,3.2886034051190496,3.34,3.2886034051190496,3.3149999999999995,3.2630338931279157,3.2862131074333205,3.3263947120349435,0,0,19365,19633,0,0,0,0,NaN,NaN,7.199488825949962,NaN,NaN,NaN,3.2870515346436546,3.2769,NaN,NaN,NaN,NaN,NaN,NaN,NaN,NaN,NaN,NaN,1,0,0,0,0,NaN,NaN,7.199488825949962,NaN,NaN,NaN,3.2870515346436546,3.2769,NaN,NaN,NaN,NaN,NaN,NaN,NaN,NaN,NaN,NaN,1
2024-08-12T10:00:00-04:00,3.3018017025595245,3.3299,3.299,3.313625,3.2722322761955676,3.286631609609911,3.3261071239547664,0,0,19365,19634,0,0,0,0,NaN,NaN,7.818258063121814,NaN,NaN,NaN,3.2870515346436546,3.2769,NaN,NaN,NaN,NaN,NaN,NaN,NaN,NaN,NaN,NaN,1,0,0,0,0,NaN,NaN,7.818258063121814,NaN,NaN,NaN,3.2870515346436546,3.2769,NaN,NaN,NaN,NaN,NaN,NaN,NaN,NaN,NaN,NaN,1
2024-08-12T10:01:00-04:00,3.3077133512797623,3.3299,3.3077133512797623,3.317475,3.2804582259781916,3.287102501066248,3.3259567163478936,0,0,19365,19635,0,0,0,0,NaN,NaN,8.26536922281529,NaN,NaN,NaN,3.2870515346436546,3.2769,NaN,NaN,NaN,NaN,NaN,NaN,NaN,NaN,NaN,NaN,1,0,0,0,0,NaN,NaN,8.26536922281529,NaN,NaN,NaN,3.2870515346436546,3.2769,NaN,NaN,NaN,NaN,NaN,NaN,NaN,NaN,NaN,NaN,1
2024-08-12T10:02:00-04:00,3.312594175639881,3.335,3.25,3.299625,3.2839430939821566,3.2872936842560763,3.322523305573686,0,0,19365,19636,0,0,0,0,NaN,NaN,8.35669496866213,NaN,NaN,NaN,3.2870515346436546,3.2769,NaN,NaN,NaN,NaN,NaN,NaN,NaN,NaN,NaN,NaN,1,0,0,0,0,NaN,NaN,8.35669496866213,NaN,NaN,NaN,3.2870515346436546,3.2769,NaN,NaN,NaN,NaN,NaN,NaN,NaN,NaN,NaN,NaN,1
2024-08-12T10:03:00-04:00,3.3061095878199405,3.3061095878199405,3.2754,3.2826999999999997,3.283717076894492,3.287223551672014,3.3220644905871235,0,0,19365,19637,0,0,0,0,NaN,NaN,8.096684060050249,NaN,NaN,NaN,3.2870515346436546,3.2769,NaN,NaN,NaN,NaN,NaN,NaN,NaN,NaN,NaN,NaN,1,0,0,0,0,NaN,NaN,8.096684060050249,NaN,NaN,NaN,3.2870515346436546,3.2769,NaN,NaN,NaN,NaN,NaN,NaN,NaN,NaN,NaN,NaN,1
2024-08-12T10:05:00-04:00,3.29440479390997,3.31,3.29440479390997,3.3040000000000003,3.2874048810954934,3.2874796806541204,3.321258968650588,0,0,19365,19638,0,0,0,0,NaN,NaN,8.42084537106722,NaN,NaN,NaN,3.2870515346436546,3.2769,NaN,NaN,NaN,NaN,NaN,NaN,NaN,NaN,NaN,NaN,1,0,0,0,0,NaN,NaN,8.42084537106722,NaN,NaN,NaN,3.2870515346436546,3.2769,NaN,NaN,NaN,NaN,NaN,NaN,NaN,NaN,NaN,NaN,1
2024-08-12T10:06:00-04:00,3.299202396954985,3.34,3.299202396954985,3.3293,3.2950221754417672,3.2881181588120727,3.321735345300721,1,0,19639,19638,0,0,0,0,NaN,NaN,9.073554435229035,NaN,NaN,NaN,3.2870515346436546,3.2769,NaN,NaN,NaN,NaN,NaN,NaN,NaN,NaN,NaN,NaN,1,0,0,0,0,NaN,NaN,9.073554435229035,NaN,NaN,NaN,3.2870515346436546,3.2769,NaN,NaN,NaN,NaN,NaN,NaN,NaN,NaN,NaN,NaN,1
2024-08-12T10:07:00-04:00,3.3142511984774927,3.43,3.3142511984774927,3.40485,3.314990870815991,3.2899003243263922,3.3228812508936048,0,0,19639,19638,0,0,0,0,NaN,NaN,10.5624650467078,NaN,NaN,NaN,3.2870515346436546,3.2769,NaN,NaN,NaN,NaN,NaN,NaN,NaN,NaN,NaN,NaN,1,0,0,0,0,NaN,NaN,10.5624650467078,NaN,NaN,NaN,3.2870515346436546,3.2769,NaN,NaN,NaN,NaN,NaN,NaN,NaN,NaN,NaN,NaN,1
2024-08-12T10:08:00-04:00,3.359550599238746,3.45,3.359550599238746,3.41375,3.3329470761221747,3.2917911590695006,3.326103610443468,0,0,19639,19638,0,0,0,0,NaN,NaN,12.155787529874756,NaN,NaN,NaN,3.2870515346436546,3.2769,NaN,NaN,NaN,NaN,NaN,NaN,NaN,NaN,NaN,NaN,1,0,0,0,0,NaN,NaN,12.155787529874756,NaN,NaN,NaN,3.2870515346436546,3.2769,NaN,NaN,NaN,NaN,NaN,NaN,NaN,NaN,NaN,NaN,1
2024-08-12T10:09:00-04:00,3.3866502996193732,3.41,3.3866502996193732,3.41,3.346956698645416,3.2935958741982105,3.3261861710031684,0,0,19639,19638,0,0,0,0,NaN,NaN,13.512226279698943,NaN,NaN,NaN,3.2870515346436546,3.2769,NaN,NaN,NaN,NaN,NaN,NaN,NaN,NaN,NaN,NaN,1,0,0,0,0,NaN,NaN,13.512226279698943,NaN,NaN,NaN,3.2870515346436546,3.2769,NaN,NaN,NaN,NaN,NaN,NaN,NaN,NaN,NaN,NaN,1
2024-08-12T10:10:00-04:00,3.3983251498096867,3.43,3.3983251498096867,3.4193,3.360110026164431,3.2955150211570166,3.328949551448542,0,0,19639,19638,0,0,0,0,NaN,NaN,15.211824918990486,NaN,NaN,NaN,3.2870515346436546,3.2769,NaN,NaN,NaN,NaN,NaN,NaN,NaN,NaN,NaN,NaN,1,0,0,0,0,NaN,NaN,15.211824918990486,NaN,NaN,NaN,3.2870515346436546,3.2769,NaN,NaN,NaN,NaN,NaN,NaN,NaN,NaN,NaN,NaN,1
2024-08-12T10:12:00-04:00,3.408812574904843,3.5,3.408812574904843,3.464575,3.3791036577708984,3.298096089536299,3.3328817626769767,0,0,19639,19638,0,0,0,0,NaN,NaN,17.708662304584713,NaN,NaN,NaN,3.2870515346436546,3.2769,NaN,NaN,NaN,NaN,NaN,NaN,NaN,NaN,NaN,NaN,1,0,0,0,0,NaN,NaN,17.708662304584713,NaN,NaN,NaN,3.2870515346436546,3.2769,NaN,NaN,NaN,NaN,NaN,NaN,NaN,NaN,NaN,NaN,1
2024-08-12T10:13:00-04:00,3.4366937874524215,3.4856,3.4366937874524215,3.4856,3.3984666290852803,3.300958744657882,3.3333757543691025,0,0,19639,19638,0,0,0,0,NaN,NaN,20.10236930466485,NaN,NaN,NaN,3.3119160929717224,3.2769,NaN,NaN,NaN,NaN,NaN,NaN,NaN,NaN,NaN,NaN,1,0,0,0,0,NaN,NaN,20.10236930466485,NaN,NaN,NaN,3.3119160929717224,3.2769,NaN,NaN,NaN,NaN,NaN,NaN,NaN,NaN,NaN,NaN,1
2024-08-12T10:14:00-04:00,3.4611468937262106,3.52,3.44,3.4612499999999997,3.4098817874334113,3.3034059393959296,3.34088448539838,0,0,19639,19638,0,0,0,0,NaN,NaN,21.838098674951343,NaN,NaN,NaN,3.3786784533461867,3.2769,NaN,NaN,NaN,NaN,NaN,NaN,NaN,NaN,NaN,NaN,1,0,0,0,0,NaN,NaN,21.838098674951343,NaN,NaN,NaN,3.3786784533461867,3.2769,NaN,NaN,NaN,NaN,NaN,NaN,NaN,NaN,NaN,NaN,1
2024-08-12T10:15:00-04:00,3.461198446863105,3.5199,3.461198446863105,3.51145,3.4283487351727913,3.306582184595992,3.348130319525543,1,0,19639,19638,0,0,0,0,NaN,NaN,23.515553399617712,NaN,NaN,NaN,3.4287776724895083,3.28948975,NaN,NaN,NaN,NaN,NaN,NaN,NaN,NaN,NaN,NaN,1,0,0,0,0,NaN,NaN,23.515553399617712,NaN,NaN,NaN,3.4287776724895083,3.28948975,NaN,NaN,NaN,NaN,NaN,NaN,NaN,NaN,NaN,NaN,1
2024-08-12T10:16:00-04:00,3.4863242234315526,3.52,3.41,3.45,3.432285328777738,3.308771769563992,3.3549089055368513,0,0,19639,19638,0,0,0,0,NaN,NaN,24.175885590476913,NaN,NaN,NaN,3.4287776724895083,3.28948975,NaN,NaN,NaN,NaN,NaN,NaN,NaN,NaN,NaN,NaN,1,0,0,0,0,NaN,NaN,24.175885590476913,NaN,NaN,NaN,3.4287776724895083,3.28948975,NaN,NaN,NaN,NaN,NaN,NaN,NaN,NaN,NaN,NaN,1
2024-08-12T10:17:00-04:00,3.4681621117157766,3.5078,3.461,3.4903999999999997,3.442851632636331,3.3115447196469847,3.3572893740785723,0,0,19639,19638,0,0,0,0,NaN,NaN,25.379190779077543,NaN,NaN,NaN,3.4287776724895083,3.28948975,NaN,NaN,NaN,NaN,NaN,NaN,NaN,NaN,NaN,NaN,1,0,0,0,0,NaN,NaN,25.379190779077543,NaN,NaN,NaN,3.4287776724895083,3.28948975,NaN,NaN,NaN,NaN,NaN,NaN,NaN,NaN,NaN,NaN,1
2024-08-12T10:18:00-04:00,3.4792810558578884,3.51,3.43,3.4575,3.445514972156998,3.3137730445378706,3.3591303623248177,0,0,19639,19638,0,0,0,0,NaN,NaN,26.148117584743858,NaN,NaN,NaN,3.4287776724895083,3.28948975,NaN,NaN,NaN,NaN,NaN,NaN,NaN,NaN,NaN,NaN,1,0,0,0,0,NaN,NaN,26.148117584743858,NaN,NaN,NaN,3.4287776724895083,3.28948975,NaN,NaN,NaN,NaN,NaN,NaN,NaN,NaN,NaN,NaN,1
2024-08-12T10:19:00-04:00,3.4683905279289444,3.48,3.42,3.455775,3.4473804317648167,3.315941013323552,3.359921706690366,0,0,19639,19638,0,0,0,0,NaN,NaN,26.789216404464018,NaN,NaN,NaN,3.4287776724895083,3.28948975,NaN,NaN,NaN,NaN,NaN,NaN,NaN,NaN,NaN,NaN,1,0,0,0,0,NaN,NaN,26.789216404464018,NaN,NaN,NaN,3.4287776724895083,3.28948975,NaN,NaN,NaN,NaN,NaN,NaN,NaN,NaN,NaN,NaN,1
2024-08-12T10:20:00-04:00,3.4620827639644722,3.4799,3.42,3.4499500000000003,3.4478476259893953,3.3179869520514367,3.363149406469146,0,0,19639,19638,0,0,0,0,NaN,NaN,27.306476083754504,NaN,NaN,NaN,3.4287776724895083,3.28948975,NaN,NaN,NaN,NaN,NaN,NaN,NaN,NaN,NaN,NaN,1,0,0,0,0,NaN,NaN,27.306476083754504,NaN,NaN,NaN,3.4287776724895083,3.28948975,NaN,NaN,NaN,NaN,NaN,NaN,NaN,NaN,NaN,NaN,1
2024-08-12T10:21:00-04:00,3.456016381982236,3.48,3.445,3.4587499999999998,3.449829875809505,3.3201360062185903,3.364697812645494,0,0,19639,19638,0,0,0,0,NaN,NaN,27.778308677135865,NaN,NaN,NaN,3.4287776724895083,3.28948975,NaN,NaN,NaN,NaN,NaN,NaN,NaN,NaN,NaN,NaN,1,0,0,0,0,NaN,NaN,27.778308677135865,NaN,NaN,NaN,3.4287776724895083,3.28948975,NaN,NaN,NaN,NaN,NaN,NaN,NaN,NaN,NaN,NaN,1
2024-08-12T10:23:00-04:00,3.457383190991118,3.4925,3.457383190991118,3.4925,3.457588080207777,3.3227675175740314,3.364967707028115,1,0,19639,19638,0,0,0,0,NaN,NaN,28.640313657361332,NaN,NaN,NaN,3.4287776724895083,3.28948975,NaN,NaN,NaN,NaN,NaN,NaN,NaN,NaN,NaN,NaN,1,0,0,0,0,NaN,NaN,28.640313657361332,NaN,NaN,NaN,3.4287776724895083,3.28948975,NaN,NaN,NaN,NaN,NaN,NaN,NaN,NaN,NaN,NaN,1
2024-08-12T10:24:00-04:00,3.474941595495559,3.5,3.47,3.4847750000000004,3.462531156533636,3.3252409142522903,3.3707180074721883,0,0,19639,19638,0,0,0,0,NaN,NaN,29.71011924580595,NaN,NaN,NaN,3.4287776724895083,3.28948975,NaN,NaN,NaN,NaN,NaN,NaN,NaN,NaN,NaN,NaN,1,0,0,0,0,NaN,NaN,29.71011924580595,NaN,NaN,NaN,3.4287776724895083,3.28948975,NaN,NaN,NaN,NaN,NaN,NaN,NaN,NaN,NaN,NaN,1
2024-08-12T10:25:00-04:00,3.4798582977477794,3.5099,3.4798582977477794,3.50045,3.469425491709339,3.327915862126301,3.3711080615687843,0,0,19639,19638,0,0,0,0,NaN,NaN,30.8604152119073,NaN,NaN,NaN,3.4287776724895083,3.28948975,NaN,NaN,NaN,NaN,NaN,NaN,NaN,NaN,NaN,NaN,1,0,0,0,0,NaN,NaN,30.8604152119073,NaN,NaN,NaN,3.4287776724895083,3.28948975,NaN,NaN,NaN,NaN,NaN,NaN,NaN,NaN,NaN,NaN,1
2024-08-12T10:26:00-04:00,3.4901541488738896,3.4901541488738896,3.47,3.4800000000000004,3.471348129580368,3.330237757361014,3.371434476252331,0,0,19639,19638,0,0,0,0,NaN,NaN,31.651630879396958,NaN,NaN,NaN,3.4287776724895083,3.28948975,NaN,NaN,NaN,NaN,NaN,NaN,NaN,NaN,NaN,NaN,1,0,0,0,0,NaN,NaN,31.651630879396958,NaN,NaN,NaN,3.4287776724895083,3.28948975,NaN,NaN,NaN,NaN,NaN,NaN,NaN,NaN,NaN,NaN,1
2024-08-12T10:27:00-04:00,3.485077074436945,3.485077074436945,3.47,3.47,3.4711030151112103,3.3323715320577922,3.3718314142456225,0,0,19639,19638,0,0,0,0,NaN,NaN,32.37805720621237,NaN,NaN,NaN,3.4287776724895083,3.28948975,NaN,NaN,NaN,NaN,NaN,NaN,NaN,NaN,NaN,NaN,1,0,0,0,0,NaN,NaN,32.37805720621237,NaN,NaN,NaN,3.4287776724895083,3.28948975,NaN,NaN,NaN,NaN,NaN,NaN,NaN,NaN,NaN,NaN,1
2024-08-12T10:28:00-04:00,3.4775385372184724,3.5,3.4301,3.46495,3.46998428509099,3.3343956308050013,3.3735594592614775,0,0,19639,19638,0,0,0,0,NaN,NaN,33.317954184590256,NaN,NaN,NaN,3.4287776724895083,3.28948975,NaN,NaN,NaN,NaN,NaN,NaN,NaN,NaN,NaN,NaN,1,0,0,0,0,NaN,NaN,33.317954184590256,NaN,NaN,NaN,3.4287776724895083,3.28948975,NaN,NaN,NaN,NaN,NaN,NaN,NaN,NaN,NaN,NaN,1
2024-08-12T10:29:00-04:00,3.471244268609236,3.55,3.471244268609236,3.5162500000000003,3.4783962332562646,3.337172033388131,3.3760372866959707,0,0,19639,19638,0,0,0,0,NaN,NaN,35.152177548576844,NaN,NaN,NaN,3.4287776724895083,3.305351365,NaN,NaN,NaN,NaN,NaN,NaN,NaN,NaN,NaN,NaN,1,0,0,0,0,NaN,NaN,35.152177548576844,NaN,NaN,NaN,3.4287776724895083,3.305351365,NaN,NaN,NaN,NaN,NaN,NaN,NaN,NaN,NaN,NaN,1
2024-08-12T10:30:00-04:00,3.493747134304618,3.53,3.493747134304618,3.53,3.48777873630058,3.3401159718096864,3.37652826740693,0,0,19639,19638,0,0,0,0,NaN,NaN,37.06171034605419,NaN,NaN,NaN,3.4287776724895083,3.3318259921499997,NaN,NaN,NaN,NaN,NaN,NaN,NaN,NaN,NaN,NaN,1,0,0,0,0,NaN,NaN,37.06171034605419,NaN,NaN,NaN,3.4287776724895083,3.3318259921499997,NaN,NaN,NaN,NaN,NaN,NaN,NaN,NaN,NaN,NaN,1
2024-08-12T10:31:00-04:00,3.5118735671523087,3.5729,3.5118735671523087,3.54645,3.498446238791384,3.343266109644653,3.378425086086742,1,0,19639,19638,0,0,0,0,NaN,NaN,38.68158003059561,NaN,NaN,NaN,3.4287776724895083,3.364818873092,NaN,NaN,NaN,NaN,NaN,NaN,NaN,NaN,NaN,NaN,1,0,0,0,0,NaN,NaN,38.68158003059561,NaN,NaN,NaN,3.4287776724895083,3.364818873092,NaN,NaN,NaN,NaN,NaN,NaN,NaN,NaN,NaN,NaN,1
2024-08-12T10:33:00-04:00,3.5291617835761544,3.5723,3.5291617835761544,3.5723,3.5118741953747685,3.346762810260765,3.379398347619555,0,0,19639,19638,0,0,0,0,NaN,NaN,41.11958681255298,NaN,NaN,NaN,3.4287776724895083,3.4069272921281994,NaN,NaN,NaN,NaN,NaN,NaN,NaN,NaN,NaN,NaN,1,0,0,0,0,NaN,NaN,41.11958681255298,NaN,NaN,NaN,3.4287776724895083,3.4069272921281994,NaN,NaN,NaN,NaN,NaN,NaN,NaN,NaN,NaN,NaN,1
2024-08-12T10:34:00-04:00,3.550730891788077,3.5628,3.550730891788077,3.5614000000000003,3.5208788871248107,3.350039713920906,3.3803413554756507,0,0,19639,19638,0,0,0,0,NaN,NaN,43.48286139628771,NaN,NaN,NaN,3.4287776724895083,3.4069272921281994,NaN,NaN,NaN,NaN,NaN,NaN,NaN,NaN,NaN,NaN,1,0,0,0,0,NaN,NaN,43.48286139628771,NaN,NaN,NaN,3.4287776724895083,3.4069272921281994,NaN,NaN,NaN,NaN,NaN,NaN,NaN,NaN,NaN,NaN,1
2024-08-12T10:35:00-04:00,3.5560654458940384,3.62,3.5560654458940384,3.5999499999999998,3.535255453102118,3.353855138135854,3.3921436547856034,0,0,19639,19638,0,0,0,0,NaN,NaN,45.63301374066954,NaN,NaN,NaN,3.4287776724895083,3.453007879545124,NaN,NaN,NaN,NaN,NaN,NaN,NaN,NaN,NaN,NaN,1,0,0,0,0,NaN,NaN,45.63301374066954,NaN,NaN,NaN,3.4287776724895083,3.453007879545124,NaN,NaN,NaN,NaN,NaN,NaN,NaN,NaN,NaN,NaN,1
2024-08-12T10:36:00-04:00,3.578007722947019,3.634,3.578007722947019,3.619525,3.5505771889017326,3.357911166561261,3.396057559185854,0,0,19639,19638,0,0,0,0,NaN,NaN,47.530556144453854,NaN,NaN,NaN,3.438975710191246,3.495708599840648,NaN,NaN,NaN,NaN,NaN,NaN,NaN,NaN,NaN,NaN,1,0,0,0,0,NaN,NaN,47.530556144453854,NaN,NaN,NaN,3.438975710191246,3.495708599840648,NaN,NaN,NaN,NaN,NaN,NaN,NaN,NaN,NaN,NaN,1
2024-08-12T10:37:00-04:00,3.5987663614735093,3.6399,3.5987663614735093,3.6299,3.5649995181923266,3.3620636678351348,3.3985449875363285,0,0,19639,19638,0,0,0,0,NaN,NaN,48.732122585915924,NaN,NaN,NaN,3.546622385335029,3.5318570358788923,NaN,NaN,NaN,NaN,NaN,NaN,NaN,NaN,NaN,NaN,1,0,0,0,0,NaN,NaN,48.732122585915924,NaN,NaN,NaN,3.546622385335029,3.5318570358788923,NaN,NaN,NaN,NaN,NaN,NaN,NaN,NaN,NaN,NaN,1
2024-08-12T10:38:00-04:00,3.6143331807367547,3.6143331807367547,3.565,3.5725,3.566363242157358,3.3652764362651326,3.400951121508032,0,0,19639,19638,0,0,0,0,NaN,NaN,49.01025426671441,NaN,NaN,NaN,3.546622385335029,3.5318570358788923,NaN,NaN,NaN,NaN,NaN,NaN,NaN,NaN,NaN,NaN,1,0,0,0,0,NaN,NaN,49.01025426671441,NaN,NaN,NaN,3.546622385335029,3.5318570358788923,NaN,NaN,NaN,NaN,NaN,NaN,NaN,NaN,NaN,NaN,1
2024-08-12T10:39:00-04:00,3.5934165903683772,3.5934165903683772,3.5539,3.5644500000000003,3.5660153799469296,3.3683172540320774,3.4022966741193064,0,0,19639,19638,0,0,0,0,NaN,NaN,52.37616287059398,NaN,NaN,NaN,3.546622385335029,3.5318570358788923,NaN,NaN,NaN,NaN,NaN,NaN,NaN,NaN,NaN,NaN,1,0,0,0,0,NaN,NaN,52.37616287059398,NaN,NaN,NaN,3.546622385335029,3.5318570358788923,NaN,NaN,NaN,NaN,NaN,NaN,NaN,NaN,NaN,NaN,1
2024-08-12T10:40:00-04:00,3.578933295184189,3.6,3.578933295184189,3.593,3.570921674502033,3.371747524962885,3.4031498708147625,0,0,19639,19638,0,0,0,0,NaN,NaN,53.81184832067055,NaN,NaN,NaN,3.546622385335029,3.5318570358788923,NaN,NaN,NaN,NaN,NaN,NaN,NaN,NaN,NaN,NaN,1,0,0,0,0,NaN,NaN,53.81184832067055,NaN,NaN,NaN,3.546622385335029,3.5318570358788923,NaN,NaN,NaN,NaN,NaN,NaN,NaN,NaN,NaN,NaN,1
2024-08-12T10:41:00-04:00,3.5859666475920946,3.6,3.5859666475920946,3.6,3.576208642774391,3.375232295574139,3.403369799120735,0,0,19639,19638,0,0,0,0,NaN,NaN,55.02553181698517,NaN,NaN,NaN,3.546622385335029,3.5318570358788923,NaN,NaN,NaN,NaN,NaN,NaN,NaN,NaN,NaN,NaN,1,0,0,0,0,NaN,NaN,55.02553181698517,NaN,NaN,NaN,3.546622385335029,3.5318570358788923,NaN,NaN,NaN,NaN,NaN,NaN,NaN,NaN,NaN,NaN,1
2024-08-12T10:42:00-04:00,3.592983323796047,3.65,3.592983323796047,3.63,3.5859888895426835,3.3791218788478163,3.4057499342225275,1,0,19639,19638,0,0,0,0,NaN,NaN,56.2714754779944,NaN,NaN,NaN,3.546622385335029,3.5583921361915913,NaN,NaN,NaN,NaN,NaN,NaN,NaN,NaN,NaN,NaN,1,0,0,0,0,NaN,NaN,56.2714754779944,NaN,NaN,NaN,3.546622385335029,3.5583921361915913,NaN,NaN,NaN,NaN,NaN,NaN,NaN,NaN,NaN,NaN,1
2024-08-12T10:43:00-04:00,3.6114916618980235,3.65,3.6114916618980235,3.639975,3.5958045459894685,3.383104369247086,3.4096958386092293,0,0,19639,19638,0,0,0,0,NaN,NaN,56.04573572711588,NaN,NaN,NaN,3.546622385335029,3.5863582453341136,NaN,NaN,NaN,NaN,NaN,NaN,NaN,NaN,NaN,NaN,1,0,0,0,0,NaN,NaN,56.04573572711588,NaN,NaN,NaN,3.546622385335029,3.5863582453341136,NaN,NaN,NaN,NaN,NaN,NaN,NaN,NaN,NaN,NaN,1
2024-08-12T10:44:00-04:00,3.6257333309490116,3.63,3.6,3.615,3.599294628536838,3.386644760556291,3.4112921751907472,0,0,19639,19638,0,0,0,0,NaN,NaN,55.62512593949206,NaN,NaN,NaN,3.546622385335029,3.5863582453341136,NaN,NaN,NaN,NaN,NaN,NaN,NaN,NaN,NaN,NaN,1,0,0,0,0,NaN,NaN,55.62512593949206,NaN,NaN,NaN,3.546622385335029,3.5863582453341136,NaN,NaN,NaN,NaN,NaN,NaN,NaN,NaN,NaN,NaN,1
2024-08-12T10:45:00-04:00,3.620366665474506,3.6299,3.620366665474506,3.6299,3.60485924153014,3.390358581005813,3.4114099881436775,0,0,19639,19638,0,0,0,0,NaN,NaN,55.294045948971416,NaN,NaN,NaN,3.546622385335029,3.5863582453341136,NaN,NaN,NaN,NaN,NaN,NaN,NaN,NaN,NaN,NaN,1,0,0,0,0,NaN,NaN,55.294045948971416,NaN,NaN,NaN,3.546622385335029,3.5863582453341136,NaN,NaN,NaN,NaN,NaN,NaN,NaN,NaN,NaN,NaN,1
2024-08-12T10:47:00-04:00,3.625133332737253,3.63,3.615,3.62,3.6076121067064784,3.3938645568683197,3.415021185601407,0,0,19639,19638,0,0,0,0,NaN,NaN,55.1685798616683,NaN,NaN,NaN,3.546622385335029,3.5863582453341136,NaN,NaN,NaN,NaN,NaN,NaN,NaN,NaN,NaN,NaN,1,0,0,0,0,NaN,NaN,55.1685798616683,NaN,NaN,NaN,3.546622385335029,3.5863582453341136,NaN,NaN,NaN,NaN,NaN,NaN,NaN,NaN,NaN,NaN,1
2024-08-12T10:48:00-04:00,3.6225666663686265,3.65,3.5946,3.6224,3.6103008145780278,3.3973536476031545,3.419109095841056,0,0,19639,19638,0,0,0,0,NaN,NaN,54.92986944727415,NaN,NaN,NaN,3.546622385335029,3.5863582453341136,NaN,NaN,NaN,NaN,NaN,NaN,NaN,NaN,NaN,NaN,1,0,0,0,0,NaN,NaN,54.92986944727415,NaN,NaN,NaN,3.546622385335029,3.5863582453341136,NaN,NaN,NaN,NaN,NaN,NaN,NaN,NaN,NaN,NaN,1
2024-08-12T10:49:00-04:00,3.622483333184313,3.622483333184313,3.6083,3.6083,3.6099370301092955,3.4005742026015797,3.4192072641279365,0,0,19639,19638,0,0,0,0,NaN,NaN,60.787406307458646,NaN,NaN,NaN,3.546622385335029,3.5863582453341136,NaN,NaN,NaN,NaN,NaN,NaN,NaN,NaN,NaN,NaN,1,0,0,0,0,NaN,NaN,60.787406307458646,NaN,NaN,NaN,3.546622385335029,3.5863582453341136,NaN,NaN,NaN,NaN,NaN,NaN,NaN,NaN,NaN,NaN,1
2024-08-12T10:51:00-04:00,3.6153916665921564,3.6225,3.6153916665921564,3.62245,3.612212115543969,3.403961619355754,3.4218099904723367,0,0,19639,19638,0,0,0,0,NaN,NaN,65.34075587969664,NaN,NaN,NaN,3.546622385335029,3.5863582453341136,NaN,NaN,NaN,NaN,NaN,NaN,NaN,NaN,NaN,NaN,1,0,0,0,0,NaN,NaN,65.34075587969664,NaN,NaN,NaN,3.546622385335029,3.5863582453341136,NaN,NaN,NaN,NaN,NaN,NaN,NaN,NaN,NaN,NaN,1
2024-08-12T10:53:00-04:00,3.6189208332960785,3.6189208332960785,3.5701,3.57505,3.6054553672632474,3.4065736557014676,3.422668604734084,0,0,19639,19638,0,0,0,0,NaN,NaN,69.96299697565735,NaN,NaN,NaN,3.546622385335029,3.5863582453341136,NaN,NaN,NaN,NaN,NaN,NaN,NaN,NaN,NaN,NaN,1,0,0,0,0,NaN,NaN,69.96299697565735,NaN,NaN,NaN,3.546622385335029,3.5863582453341136,NaN,NaN,NaN,NaN,NaN,NaN,NaN,NaN,NaN,NaN,1
2024-08-12T10:54:00-04:00,3.5969854166480393,3.63,3.56,3.584375,3.6016225732153844,3.4092881800419033,3.425739168553026,0,0,19639,19638,0,0,0,0,NaN,NaN,73.58657698907282,NaN,NaN,NaN,3.546622385335029,3.5863582453341136,NaN,NaN,NaN,NaN,NaN,NaN,NaN,NaN,NaN,NaN,1,0,0,0,0,NaN,NaN,73.58657698907282,NaN,NaN,NaN,3.546622385335029,3.5863582453341136,NaN,NaN,NaN,NaN,NaN,NaN,NaN,NaN,NaN,NaN,1
2024-08-12T10:55:00-04:00,3.5906802083240197,3.62,3.5897,3.60485,3.6022093780853144,3.412273856682485,3.4267183005252932,0,0,19639,19638,0,0,0,0,NaN,NaN,77.5634148207973,NaN,NaN,NaN,3.546622385335029,3.5863582453341136,NaN,NaN,NaN,NaN,NaN,NaN,NaN,NaN,NaN,NaN,1,0,0,0,0,NaN,NaN,77.5634148207973,NaN,NaN,NaN,3.546622385335029,3.5863582453341136,NaN,NaN,NaN,NaN,NaN,NaN,NaN,NaN,NaN,NaN,1
2024-08-12T10:58:00-04:00,3.5977651041620096,3.5977651041620096,3.55,3.5599999999999996,3.594534945706166,3.4145292176491644,3.426982720797933,0,0,19639,19638,0,0,0,0,NaN,NaN,81.03113516082662,NaN,NaN,NaN,3.546622385335029,3.5863582453341136,NaN,NaN,NaN,NaN,NaN,NaN,NaN,NaN,NaN,NaN,1,0,0,0,0,NaN,NaN,81.03113516082662,NaN,NaN,NaN,3.546622385335029,3.5863582453341136,NaN,NaN,NaN,NaN,NaN,NaN,NaN,NaN,NaN,NaN,1
2024-08-12T10:59:00-04:00,3.5788825520810046,3.5788825520810046,3.57,3.57,3.5900740464868632,3.4169028173797114,3.4273809656055874,0,0,19639,19638,0,0,0,0,NaN,NaN,83.24644730947213,NaN,NaN,NaN,3.546622385335029,3.5863582453341136,NaN,NaN,NaN,NaN,NaN,NaN,NaN,NaN,NaN,NaN,1,0,0,0,0,NaN,NaN,83.24644730947213,NaN,NaN,NaN,3.546622385335029,3.5863582453341136,NaN,NaN,NaN,NaN,NaN,NaN,NaN,NaN,NaN,NaN,1
2024-08-12T11:01:00-04:00,3.574441276040502,3.61,3.574441276040502,3.61,3.5936969471256153,3.4198508659693343,3.4276812472533176,0,0,19639,19638,0,0,0,0,NaN,NaN,84.07248714261424,NaN,NaN,NaN,3.546622385335029,3.5863582453341136,NaN,NaN,NaN,NaN,NaN,NaN,NaN,NaN,NaN,NaN,1,0,0,0,0,NaN,NaN,84.07248714261424,NaN,NaN,NaN,3.546622385335029,3.5863582453341136,NaN,NaN,NaN,NaN,NaN,NaN,NaN,NaN,NaN,NaN,1
2024-08-12T11:02:00-04:00,3.592220638020251,3.592220638020251,3.575,3.575,3.5902975021936854,3.4222195550385046,3.4277539552456116,0,0,19639,19638,0,0,0,0,NaN,NaN,84.32319398735002,NaN,NaN,NaN,3.546622385335029,3.5863582453341136,NaN,NaN,NaN,NaN,NaN,NaN,NaN,NaN,NaN,NaN,1,0,0,0,0,NaN,NaN,84.32319398735002,NaN,NaN,NaN,3.546622385335029,3.5863582453341136,NaN,NaN,NaN,NaN,NaN,NaN,NaN,NaN,NaN,NaN,1
2024-08-12T11:03:00-04:00,3.5836103190101256,3.5836103190101256,3.575,3.575,3.58751613815847,3.4245520809157792,3.4281164213236712,0,0,19639,19638,0,0,0,0,NaN,NaN,84.81454844568603,NaN,NaN,NaN,3.546622385335029,3.5863582453341136,NaN,NaN,NaN,NaN,NaN,NaN,NaN,NaN,NaN,NaN,1,0,0,0,0,NaN,NaN,84.81454844568603,NaN,NaN,NaN,3.546622385335029,3.5863582453341136,NaN,NaN,NaN,NaN,NaN,NaN,NaN,NaN,NaN,NaN,1
2024-08-12T11:04:00-04:00,3.579305159505063,3.6188,3.575,3.5968999999999998,3.58922229485693,3.4271833468559962,3.429582693499661,0,0,19639,19638,0,0,0,0,NaN,NaN,85.33509461172834,NaN,NaN,NaN,3.546622385335029,3.5863582453341136,NaN,NaN,NaN,NaN,NaN,NaN,NaN,NaN,NaN,NaN,1,0,0,0,0,NaN,NaN,85.33509461172834,NaN,NaN,NaN,3.546622385335029,3.5863582453341136,NaN,NaN,NaN,NaN,NaN,NaN,NaN,NaN,NaN,NaN,1
2024-08-12T11:05:00-04:00,3.5881025797525314,3.5881025797525314,3.575,3.575,3.586636423064761,3.429440089652088,3.4298660241016674,0,0,19639,19638,0,0,0,0,NaN,NaN,85.60263982882293,NaN,NaN,NaN,3.546622385335029,3.5863582453341136,NaN,NaN,NaN,NaN,NaN,NaN,NaN,NaN,NaN,NaN,1,0,0,0,0,NaN,NaN,85.60263982882293,NaN,NaN,NaN,3.546622385335029,3.5863582453341136,NaN,NaN,NaN,NaN,NaN,NaN,NaN,NaN,NaN,NaN,1
2024-08-12T11:07:00-04:00,3.581551289876266,3.619,3.581551289876266,3.619,3.592520709780259,3.4323341340848805,3.4300960614847216,0,0,19639,19638,0,0,0,0,NaN,NaN,86.11732121214469,NaN,NaN,NaN,3.546622385335029,3.5863582453341136,NaN,NaN,NaN,NaN,NaN,NaN,NaN,NaN,NaN,NaN,1,0,0,0,0,NaN,NaN,86.11732121214469,NaN,NaN,NaN,3.546622385335029,3.5863582453341136,NaN,NaN,NaN,NaN,NaN,NaN,NaN,NaN,NaN,NaN,1
2024-08-12T11:08:00-04:00,3.600275644938133,3.600275644938133,3.53,3.562375,3.5870396716383937,3.434319490816409,3.430863834299893,0,0,19639,19638,0,0,0,0,NaN,NaN,84.86174602889594,NaN,NaN,NaN,3.546622385335029,3.5863582453341136,NaN,NaN,NaN,NaN,NaN,NaN,NaN,NaN,NaN,NaN,1,0,0,0,0,NaN,NaN,84.86174602889594,NaN,NaN,NaN,3.546622385335029,3.5863582453341136,NaN,NaN,NaN,NaN,NaN,NaN,NaN,NaN,NaN,NaN,1
2024-08-12T11:09:00-04:00,3.581325322469066,3.5948,3.57,3.5824000000000003,3.5861960949768674,3.436580261948983,3.431302334492421,0,0,19639,19638,0,0,0,0,NaN,NaN,83.86116375769541,NaN,NaN,NaN,3.546622385335029,3.5863582453341136,NaN,NaN,NaN,NaN,NaN,NaN,NaN,NaN,NaN,NaN,1,0,0,0,0,NaN,NaN,83.86116375769541,NaN,NaN,NaN,3.546622385335029,3.5863582453341136,NaN,NaN,NaN,NaN,NaN,NaN,NaN,NaN,NaN,NaN,1
2024-08-12T11:10:00-04:00,3.581862661234533,3.5898,3.581862661234533,3.58965,3.586824077708346,3.4389172045146474,3.43213795425216,0,0,19639,19638,0,0,0,0,NaN,NaN,82.6762878472931,NaN,NaN,NaN,3.546622385335029,3.5863582453341136,NaN,NaN,NaN,NaN,NaN,NaN,NaN,NaN,NaN,NaN,1,0,0,0,0,NaN,NaN,82.6762878472931,NaN,NaN,NaN,3.546622385335029,3.5863582453341136,NaN,NaN,NaN,NaN,NaN,NaN,NaN,NaN,NaN,NaN,1
2024-08-12T11:11:00-04:00,3.5857563306172664,3.61,3.5857563306172664,3.5974999999999997,3.5887651544886467,3.441338315896103,3.4337569481919927,0,0,19639,19638,0,0,0,0,NaN,NaN,81.50665841210947,NaN,NaN,NaN,3.546622385335029,3.5863582453341136,NaN,NaN,NaN,NaN,NaN,NaN,NaN,NaN,NaN,NaN,1,0,0,0,0,NaN,NaN,81.50665841210947,NaN,NaN,NaN,3.546622385335029,3.5863582453341136,NaN,NaN,NaN,NaN,NaN,NaN,NaN,NaN,NaN,NaN,1
2024-08-12T11:14:00-04:00,3.591628165308633,3.591628165308633,3.56,3.5675,3.584898762763438,3.443264448477842,3.435548412821162,0,0,19639,19638,0,0,0,0,NaN,NaN,79.68208592219978,NaN,NaN,NaN,3.546622385335029,3.5863582453341136,NaN,NaN,NaN,NaN,NaN,NaN,NaN,NaN,NaN,NaN,1,0,0,0,0,NaN,NaN,79.68208592219978,NaN,NaN,NaN,3.546622385335029,3.5863582453341136,NaN,NaN,NaN,NaN,NaN,NaN,NaN,NaN,NaN,NaN,1
2024-08-12T11:15:00-04:00,3.5795640826543167,3.5795640826543167,3.5525,3.56125,3.58059898771554,3.4450657546079513,3.4361931385394424,0,0,19639,19638,0,0,0,0,NaN,NaN,77.64056388661899,NaN,NaN,NaN,3.546622385335029,3.5863582453341136,NaN,NaN,NaN,NaN,NaN,NaN,NaN,NaN,NaN,NaN,1,0,0,0,0,NaN,NaN,77.64056388661899,NaN,NaN,NaN,3.546622385335029,3.5863582453341136,NaN,NaN,NaN,NaN,NaN,NaN,NaN,NaN,NaN,NaN,1
2024-08-12T11:17:00-04:00,3.570407041327158,3.61,3.570407041327158,3.5999999999999996,3.5841264444945327,3.4474311629345475,3.4372630475365487,0,0,19639,19638,0,0,0,0,NaN,NaN,76.36765673779598,NaN,NaN,NaN,3.546622385335029,3.5863582453341136,NaN,NaN,NaN,NaN,NaN,NaN,NaN,NaN,NaN,NaN,1,0,0,0,0,NaN,NaN,76.36765673779598,NaN,NaN,NaN,3.546622385335029,3.5863582453341136,NaN,NaN,NaN,NaN,NaN,NaN,NaN,NaN,NaN,NaN,1
2024-08-12T11:18:00-04:00,3.585203520663579,3.63,3.585203520663579,3.63,3.592467090950072,3.4502184734240964,3.4376657559354316,0,0,19639,19638,0,0,0,0,NaN,NaN,75.49920515374839,NaN,NaN,NaN,3.546622385335029,3.5863582453341136,NaN,NaN,NaN,NaN,NaN,NaN,NaN,NaN,NaN,NaN,1,0,0,0,0,NaN,NaN,75.49920515374839,NaN,NaN,NaN,3.546622385335029,3.5863582453341136,NaN,NaN,NaN,NaN,NaN,NaN,NaN,NaN,NaN,NaN,1
2024-08-12T11:20:00-04:00,3.6076017603317894,3.65,3.6076017603317894,3.6350000000000002,3.600200347140968,3.453039565432889,3.4459235598557862,1,0,19639,19638,0,0,0,0,NaN,NaN,74.88400891751901,NaN,NaN,NaN,3.546622385335029,3.5863582453341136,NaN,NaN,NaN,NaN,NaN,NaN,NaN,NaN,NaN,NaN,1,0,0,0,0,NaN,NaN,74.88400891751901,NaN,NaN,NaN,3.546622385335029,3.5863582453341136,NaN,NaN,NaN,NaN,NaN,NaN,NaN,NaN,NaN,NaN,1
2024-08-12T11:21:00-04:00,3.6213008801658946,3.65,3.6213008801658946,3.6488,3.6090366476607922,3.4560282743575774,3.4477570033138014,0,0,19639,19638,0,0,0,0,NaN,NaN,74.97729597049988,NaN,NaN,NaN,3.546622385335029,3.6099203993738564,NaN,NaN,NaN,NaN,NaN,NaN,NaN,NaN,NaN,NaN,1,0,0,0,0,NaN,NaN,74.97729597049988,NaN,NaN,NaN,3.546622385335029,3.6099203993738564,NaN,NaN,NaN,NaN,NaN,NaN,NaN,NaN,NaN,NaN,1
2024-08-12T11:22:00-04:00,3.6350504400829475,3.65,3.6350504400829475,3.65,3.6164845299042847,3.458989674749065,3.4510713887605715,0,0,19639,19638,0,0,0,0,NaN,NaN,75.46070177819226,NaN,NaN,NaN,3.546622385335029,3.6247330555992683,NaN,NaN,NaN,NaN,NaN,NaN,NaN,NaN,NaN,NaN,1,0,0,0,0,NaN,NaN,75.46070177819226,NaN,NaN,NaN,3.546622385335029,3.6247330555992683,NaN,NaN,NaN,NaN,NaN,NaN,NaN,NaN,NaN,NaN,1
2024-08-12T11:23:00-04:00,3.642525220041474,3.6665,3.642525220041474,3.6665,3.6255782517398694,3.4621577713177816,3.451229381452194,0,0,19639,19638,0,0,0,0,NaN,NaN,75.68614045859961,NaN,NaN,NaN,3.546622385335029,3.6460546639155536,NaN,NaN,NaN,NaN,NaN,NaN,NaN,NaN,NaN,NaN,1,0,0,0,0,NaN,NaN,75.68614045859961,NaN,NaN,NaN,3.546622385335029,3.6460546639155536,NaN,NaN,NaN,NaN,NaN,NaN,NaN,NaN,NaN,NaN,1
2024-08-12T11:24:00-04:00,3.654512610020737,3.67,3.654512610020737,3.66225,3.6322458423326203,3.46521261450377,3.452684939227372,0,0,19639,19638,0,0,0,0,NaN,NaN,75.37807878803203,NaN,NaN,NaN,3.546622385335029,3.6460546639155536,NaN,NaN,NaN,NaN,NaN,NaN,NaN,NaN,NaN,NaN,1,0,0,0,0,NaN,NaN,75.37807878803203,NaN,NaN,NaN,3.546622385335029,3.6460546639155536,NaN,NaN,NaN,NaN,NaN,NaN,NaN,NaN,NaN,NaN,1
2024-08-12T11:26:00-04:00,3.6583813050103684,3.6583813050103684,3.625,3.6362499999999995,3.6329738709994164,3.4678238722976054,3.4538927839987745,0,0,19639,19638,0,0,0,0,NaN,NaN,74.44738888771867,NaN,NaN,NaN,3.546622385335029,3.6460546639155536,NaN,NaN,NaN,NaN,NaN,NaN,NaN,NaN,NaN,NaN,1,0,0,0,0,NaN,NaN,74.44738888771867,NaN,NaN,NaN,3.546622385335029,3.6460546639155536,NaN,NaN,NaN,NaN,NaN,NaN,NaN,NaN,NaN,NaN,1
2024-08-12T11:27:00-04:00,3.647315652505184,3.647315652505184,3.6,3.6125,3.6292513489995226,3.47003266814039,3.455417763385293,0,0,19639,19638,0,0,0,0,NaN,NaN,72.96344975812129,NaN,NaN,NaN,3.546622385335029,3.62816,NaN,NaN,NaN,NaN,NaN,NaN,NaN,NaN,NaN,NaN,1,0,0,0,0,NaN,NaN,72.96344975812129,NaN,NaN,NaN,3.546622385335029,3.62816,NaN,NaN,NaN,NaN,NaN,NaN,NaN,NaN,NaN,NaN,1
2024-08-12T11:28:00-04:00,3.629907826252592,3.65,3.6,3.6149999999999998,3.626660194635973,3.47224590984817,3.459325409654061,0,0,19639,19638,0,0,0,0,NaN,NaN,71.53893494750771,NaN,NaN,NaN,3.546622385335029,3.62816,NaN,NaN,NaN,NaN,NaN,NaN,NaN,NaN,NaN,NaN,1,0,0,0,0,NaN,NaN,71.53893494750771,NaN,NaN,NaN,3.546622385335029,3.62816,NaN,NaN,NaN,NaN,NaN,NaN,NaN,NaN,NaN,NaN,1
2024-08-12T11:29:00-04:00,3.6224539131262956,3.6224539131262956,3.61,3.61,3.6236310683385233,3.4743490257283507,3.4595419468020023,0,0,19639,19638,0,0,0,0,NaN,NaN,69.96175119200038,NaN,NaN,NaN,3.546622385335029,3.6264027,NaN,NaN,NaN,NaN,NaN,NaN,NaN,NaN,NaN,NaN,1,0,0,0,0,NaN,NaN,69.96175119200038,NaN,NaN,NaN,3.546622385335029,3.6264027,NaN,NaN,NaN,NaN,NaN,NaN,NaN,NaN,NaN,NaN,1
2024-08-12T11:30:00-04:00,3.616226956563148,3.6499,3.616226956563148,3.64495,3.627507237731519,3.4769536207553986,3.460965965985951,0,0,19639,19638,0,0,0,0,NaN,NaN,69.58432111092011,NaN,NaN,NaN,3.546622385335029,3.6285235,NaN,NaN,NaN,NaN,NaN,NaN,NaN,NaN,NaN,NaN,1,0,0,0,0,NaN,NaN,69.58432111092011,NaN,NaN,NaN,3.546622385335029,3.6285235,NaN,NaN,NaN,NaN,NaN,NaN,NaN,NaN,NaN,NaN,1
2024-08-12T11:31:00-04:00,3.630588478281574,3.630588478281574,3.62,3.625,3.627051376325788,3.479213870820202,3.4615321104605368,0,0,19639,19638,0,0,0,0,NaN,NaN,69.47846671441202,NaN,NaN,NaN,3.546622385335029,3.6285235,NaN,NaN,NaN,NaN,NaN,NaN,NaN,NaN,NaN,NaN,1,0,0,0,0,NaN,NaN,69.47846671441202,NaN,NaN,NaN,3.546622385335029,3.6285235,NaN,NaN,NaN,NaN,NaN,NaN,NaN,NaN,NaN,NaN,1
2024-08-12T11:32:00-04:00,3.627794239140787,3.6285,3.627794239140787,3.6285,3.627314762448372,3.4814930483649316,3.4615998794535225,0,0,19639,19638,0,0,0,0,NaN,NaN,69.49666342689517,NaN,NaN,NaN,3.546622385335029,3.6285235,NaN,NaN,NaN,NaN,NaN,NaN,NaN,NaN,NaN,NaN,1,0,0,0,0,NaN,NaN,69.49666342689517,NaN,NaN,NaN,3.546622385335029,3.6285235,NaN,NaN,NaN,NaN,NaN,NaN,NaN,NaN,NaN,NaN,1
2024-08-12T11:33:00-04:00,3.6281471195703934,3.63,3.6281471195703934,3.63,3.627802987457759,3.4837603300692837,3.4618046810011434,0,0,19639,19638,0,0,0,0,NaN,NaN,69.41537833409329,NaN,NaN,NaN,3.546622385335029,3.6285235,NaN,NaN,NaN,NaN,NaN,NaN,NaN,NaN,NaN,NaN,1,0,0,0,0,NaN,NaN,69.41537833409329,NaN,NaN,NaN,3.546622385335029,3.6285235,NaN,NaN,NaN,NaN,NaN,NaN,NaN,NaN,NaN,NaN,1
2024-08-12T11:34:00-04:00,3.629073559785197,3.64,3.629073559785197,3.635,3.629111535192712,3.4860693326636456,3.4624342837408815,0,0,19639,19638,0,0,0,0,NaN,NaN,68.35246769457014,NaN,NaN,NaN,3.546622385335029,3.6285235,NaN,NaN,NaN,NaN,NaN,NaN,NaN,NaN,NaN,NaN,1,0,0,0,0,NaN,NaN,68.35246769457014,NaN,NaN,NaN,3.546622385335029,3.6285235,NaN,NaN,NaN,NaN,NaN,NaN,NaN,NaN,NaN,NaN,1
2024-08-12T11:36:00-04:00,3.6320367798925983,3.64,3.6301,3.63505,3.630191256066764,3.488343846668781,3.4632572414014886,0,0,19639,19638,0,0,0,0,NaN,NaN,67.2279293831005,NaN,NaN,NaN,3.546622385335029,3.6285235,NaN,NaN,NaN,NaN,NaN,NaN,NaN,NaN,NaN,NaN,1,0,0,0,0,NaN,NaN,67.2279293831005,NaN,NaN,NaN,3.546622385335029,3.6285235,NaN,NaN,NaN,NaN,NaN,NaN,NaN,NaN,NaN,NaN,1
2024-08-12T11:37:00-04:00,3.633543389946299,3.633543389946299,3.63,3.63,3.6301564822364436,3.4905065360326164,3.4633911906942365,0,0,19639,19638,0,0,0,0,NaN,NaN,65.96112208708236,NaN,NaN,NaN,3.546622385335029,3.6285235,NaN,NaN,NaN,NaN,NaN,NaN,NaN,NaN,NaN,NaN,1,0,0,0,0,NaN,NaN,65.96112208708236,NaN,NaN,NaN,3.546622385335029,3.6285235,NaN,NaN,NaN,NaN,NaN,NaN,NaN,NaN,NaN,NaN,1
2024-08-12T11:39:00-04:00,3.6317716949731498,3.6317716949731498,3.61,3.61,3.626491667284363,3.492330863726775,3.4634677045613302,0,0,19639,19638,0,0,0,0,NaN,NaN,63.81444597131855,NaN,NaN,NaN,3.546622385335029,3.62695075,NaN,NaN,NaN,NaN,NaN,NaN,NaN,NaN,NaN,NaN,1,0,0,0,0,NaN,NaN,63.81444597131855,NaN,NaN,NaN,3.546622385335029,3.62695075,NaN,NaN,NaN,NaN,NaN,NaN,NaN,NaN,NaN,NaN,1
2024-08-12T11:40:00-04:00,3.6208858474865746,3.6263,3.59,3.61065,3.623611364141752,3.494137262753847,3.4648641454588835,0,0,19639,19638,0,0,0,0,NaN,NaN,61.65523575023491,NaN,NaN,NaN,3.546622385335029,3.62695075,NaN,NaN,NaN,NaN,NaN,NaN,NaN,NaN,NaN,NaN,1,0,0,0,0,NaN,NaN,61.65523575023491,NaN,NaN,NaN,3.546622385335029,3.62695075,NaN,NaN,NaN,NaN,NaN,NaN,NaN,NaN,NaN,NaN,1
2024-08-12T11:41:00-04:00,3.615767923743287,3.6299,3.61,3.6199500000000002,3.6229456615705242,3.496058067902643,3.4651718799111038,0,0,19639,19638,0,0,0,0,NaN,NaN,60.10794117931771,NaN,NaN,NaN,3.546622385335029,3.62695075,NaN,NaN,NaN,NaN,NaN,NaN,NaN,NaN,NaN,NaN,1,0,0,0,0,NaN,NaN,60.10794117931771,NaN,NaN,NaN,3.546622385335029,3.62695075,NaN,NaN,NaN,NaN,NaN,NaN,NaN,NaN,NaN,NaN,1
2024-08-12T11:42:00-04:00,3.6178589618716437,3.6294,3.6178589618716437,3.6294,3.624119177648611,3.4980938225911524,3.4653671725860153,0,0,19639,19638,0,0,0,0,NaN,NaN,58.51743678642779,NaN,NaN,NaN,3.546622385335029,3.62695075,NaN,NaN,NaN,NaN,NaN,NaN,NaN,NaN,NaN,NaN,1,0,0,0,0,NaN,NaN,58.51743678642779,NaN,NaN,NaN,3.546622385335029,3.62695075,NaN,NaN,NaN,NaN,NaN,NaN,NaN,NaN,NaN,NaN,1
2024-08-12T11:43:00-04:00,3.623629480935822,3.6283,3.6116,3.6199500000000002,3.623361145348863,3.499954222246249,3.4654896241286437,0,0,19639,19638,0,0,0,0,NaN,NaN,57.32605275961682,NaN,NaN,NaN,3.546622385335029,3.62695075,NaN,NaN,NaN,NaN,NaN,NaN,NaN,NaN,NaN,NaN,1,0,0,0,0,NaN,NaN,57.32605275961682,NaN,NaN,NaN,3.546622385335029,3.62695075,NaN,NaN,NaN,NaN,NaN,NaN,NaN,NaN,NaN,NaN,1
2024-08-12T11:46:00-04:00,3.621789740467911,3.621789740467911,3.59,3.590025,3.617300028012706,3.5013293486241692,3.4660146836508914,0,0,19639,19638,0,0,0,0,NaN,NaN,53.56118630698027,NaN,NaN,NaN,3.546622385335029,3.6161551024999996,NaN,NaN,NaN,NaN,NaN,NaN,NaN,NaN,NaN,NaN,1,0,0,0,0,NaN,NaN,53.56118630698027,NaN,NaN,NaN,3.546622385335029,3.6161551024999996,NaN,NaN,NaN,NaN,NaN,NaN,NaN,NaN,NaN,NaN,1
2024-08-12T11:48:00-04:00,3.6059073702339557,3.6059073702339557,3.585,3.585,3.6114272956467595,3.502606763148991,3.4661084655506027,0,0,19639,19638,0,0,0,0,NaN,NaN,49.738102234327734,NaN,NaN,NaN,3.546622385335029,3.6119240463499995,NaN,NaN,NaN,NaN,NaN,NaN,NaN,NaN,NaN,NaN,1,0,0,0,0,NaN,NaN,49.738102234327734,NaN,NaN,NaN,3.546622385335029,3.6119240463499995,NaN,NaN,NaN,NaN,NaN,NaN,NaN,NaN,NaN,NaN,1
2024-08-12T11:49:00-04:00,3.595453685116978,3.61,3.595453685116978,3.6098999999999997,3.611149605529167,3.5042448278337393,3.4662782653149584,0,0,19639,19638,0,0,0,0,NaN,NaN,46.889255876805244,NaN,NaN,NaN,3.546622385335029,3.6119240463499995,NaN,NaN,NaN,NaN,NaN,NaN,NaN,NaN,NaN,NaN,1,0,0,0,0,NaN,NaN,46.889255876805244,NaN,NaN,NaN,3.546622385335029,3.6119240463499995,NaN,NaN,NaN,NaN,NaN,NaN,NaN,NaN,NaN,NaN,1
2024-08-12T11:50:00-04:00,3.6026768425584885,3.63,3.6026768425584885,3.6199999999999997,3.6127587681602273,3.5060120823706287,3.4666013065432226,0,0,19639,19638,0,0,0,0,NaN,NaN,44.44826583757663,NaN,NaN,NaN,3.546622385335029,3.6119240463499995,NaN,NaN,NaN,NaN,NaN,NaN,NaN,NaN,NaN,NaN,1,0,0,0,0,NaN,NaN,44.44826583757663,NaN,NaN,NaN,3.546622385335029,3.6119240463499995,NaN,NaN,NaN,NaN,NaN,NaN,NaN,NaN,NaN,NaN,1
2024-08-12T11:57:00-04:00,3.6113384212792443,3.6113384212792443,3.61,3.61,3.612257173949277,3.507599684166497,3.4667981792346247,0,0,19639,19638,0,0,0,0,NaN,NaN,41.433391067927985,NaN,NaN,NaN,3.546622385335029,3.6119240463499995,NaN,NaN,NaN,NaN,NaN,NaN,NaN,NaN,NaN,NaN,1,0,0,0,0,NaN,NaN,41.433391067927985,NaN,NaN,NaN,3.546622385335029,3.6119240463499995,NaN,NaN,NaN,NaN,NaN,NaN,NaN,NaN,NaN,NaN,1
2024-08-12T11:58:00-04:00,3.610669210639622,3.63,3.610669210639622,3.63,3.6154831423221356,3.509468391278459,3.466862171416359,0,0,19639,19638,0,0,0,0,NaN,NaN,39.34155882427441,NaN,NaN,NaN,3.546622385335029,3.6119240463499995,NaN,NaN,NaN,NaN,NaN,NaN,NaN,NaN,NaN,NaN,1,0,0,0,0,NaN,NaN,39.34155882427441,NaN,NaN,NaN,3.546622385335029,3.6119240463499995,NaN,NaN,NaN,NaN,NaN,NaN,NaN,NaN,NaN,NaN,1
2024-08-12T11:59:00-04:00,3.620334605319811,3.63,3.620334605319811,3.63,3.6181225709908382,3.5113085685108487,3.467340517878365,0,0,19639,19638,0,0,0,0,NaN,NaN,37.27722083937245,NaN,NaN,NaN,3.546622385335029,3.6119240463499995,NaN,NaN,NaN,NaN,NaN,NaN,NaN,NaN,NaN,NaN,1,0,0,0,0,NaN,NaN,37.27722083937245,NaN,NaN,NaN,3.546622385335029,3.6119240463499995,NaN,NaN,NaN,NaN,NaN,NaN,NaN,NaN,NaN,NaN,1
2024-08-12T12:00:00-04:00,3.6251673026599054,3.64,3.6251673026599054,3.64,3.6221002853561406,3.5132733231900724,3.4674754165299384,1,0,19639,19638,0,0,0,0,NaN,NaN,35.512807954855624,NaN,NaN,NaN,3.546622385335029,3.6149750000000003,NaN,NaN,NaN,NaN,NaN,NaN,NaN,NaN,NaN,NaN,1,0,0,0,0,NaN,NaN,35.512807954855624,NaN,NaN,NaN,3.546622385335029,3.6149750000000003,NaN,NaN,NaN,NaN,NaN,NaN,NaN,NaN,NaN,NaN,1
2024-08-12T12:02:00-04:00,3.632583651329953,3.67,3.632583651329953,3.6599500000000003,3.628982051655024,3.5155126617673234,3.470641357750753,0,0,19639,19638,0,0,0,0,NaN,NaN,34.58769961377769,NaN,NaN,NaN,3.546622385335029,3.6260000000000003,NaN,NaN,NaN,NaN,NaN,NaN,NaN,NaN,NaN,NaN,1,0,0,0,0,NaN,NaN,34.58769961377769,NaN,NaN,NaN,3.546622385335029,3.6260000000000003,NaN,NaN,NaN,NaN,NaN,NaN,NaN,NaN,NaN,NaN,1
2024-08-12T12:05:00-04:00,3.6462668256649766,3.6601,3.6462668256649766,3.66005,3.634630769535929,3.517719338686906,3.471813743479987,0,0,19639,19638,0,0,0,0,NaN,NaN,33.50698918493807,NaN,NaN,NaN,3.546622385335029,3.62809,NaN,NaN,NaN,NaN,NaN,NaN,NaN,NaN,NaN,NaN,1,0,0,0,0,NaN,NaN,33.50698918493807,NaN,NaN,NaN,3.546622385335029,3.62809,NaN,NaN,NaN,NaN,NaN,NaN,NaN,NaN,NaN,NaN,1
2024-08-12T12:07:00-04:00,3.6531584128324885,3.74,3.6531584128324885,3.715,3.6492433568930327,3.520731257180236,3.4777405636707046,0,0,19639,19638,0,0,0,0,NaN,NaN,33.64367152927781,NaN,NaN,NaN,3.546622385335029,3.66091415,NaN,NaN,NaN,NaN,NaN,NaN,NaN,NaN,NaN,NaN,1,0,0,0,0,NaN,NaN,33.64367152927781,NaN,NaN,NaN,3.546622385335029,3.66091415,NaN,NaN,NaN,NaN,NaN,NaN,NaN,NaN,NaN,NaN,1
2024-08-12T12:08:00-04:00,3.684079206416244,3.7042,3.66,3.6851000000000003,3.655762746548845,3.5232407036354996,3.4795249891969946,0,0,19639,19638,0,0,0,0,NaN,NaN,33.742545039242685,NaN,NaN,NaN,3.546622385335029,3.66091415,NaN,NaN,NaN,NaN,NaN,NaN,NaN,NaN,NaN,NaN,1,0,0,0,0,NaN,NaN,33.742545039242685,NaN,NaN,NaN,3.546622385335029,3.66091415,NaN,NaN,NaN,NaN,NaN,NaN,NaN,NaN,NaN,NaN,1
2024-08-12T12:12:00-04:00,3.6845896032081225,3.72,3.6845896032081225,3.7100000000000004,3.665624065358146,3.5260919906028967,3.480305460968499,0,0,19639,19638,0,0,0,0,NaN,NaN,33.76195650372723,NaN,NaN,NaN,3.5891365157418096,3.66091415,NaN,NaN,NaN,NaN,NaN,NaN,NaN,NaN,NaN,NaN,1,0,0,0,0,NaN,NaN,33.76195650372723,NaN,NaN,NaN,3.5891365157418096,3.66091415,NaN,NaN,NaN,NaN,NaN,NaN,NaN,NaN,NaN,NaN,1
2024-08-12T12:13:00-04:00,3.6972948016040617,3.7397,3.6972948016040617,3.7174249999999995,3.6750424171112104,3.5290131052501805,3.4825532198171194,0,0,19639,19638,0,0,0,0,NaN,NaN,33.928422316163655,NaN,NaN,NaN,3.642503017130127,3.6687624519999997,NaN,NaN,NaN,NaN,NaN,NaN,NaN,NaN,NaN,NaN,1,0,0,0,0,NaN,NaN,33.928422316163655,NaN,NaN,NaN,3.642503017130127,3.6687624519999997,NaN,NaN,NaN,NaN,NaN,NaN,NaN,NaN,NaN,NaN,1
2024-08-12T12:14:00-04:00,3.7073599008020306,3.7073599008020306,3.7,3.7,3.679580159454627,3.531623592192926,3.48290939410981,0,0,19639,19638,0,0,0,0,NaN,NaN,34.22802259342537,NaN,NaN,NaN,3.642503017130127,3.6687624519999997,NaN,NaN,NaN,NaN,NaN,NaN,NaN,NaN,NaN,NaN,1,0,0,0,0,NaN,NaN,34.22802259342537,NaN,NaN,NaN,3.642503017130127,3.6687624519999997,NaN,NaN,NaN,NaN,NaN,NaN,NaN,NaN,NaN,NaN,1
2024-08-12T12:15:00-04:00,3.7036799504010154,3.715,3.7036799504010154,3.715,3.6860201304628766,3.5344232320067746,3.482993843513033,0,0,19639,19638,0,0,0,0,NaN,NaN,35.54674374523135,NaN,NaN,NaN,3.642503017130127,3.6687624519999997,NaN,NaN,NaN,NaN,NaN,NaN,NaN,NaN,NaN,NaN,1,0,0,0,0,NaN,NaN,35.54674374523135,NaN,NaN,NaN,3.642503017130127,3.6687624519999997,NaN,NaN,NaN,NaN,NaN,NaN,NaN,NaN,NaN,NaN,1
2024-08-12T12:16:00-04:00,3.709339975200508,3.7171,3.709339975200508,3.7171,3.6916710158332626,3.5372121902967475,3.4831640852022336,0,0,19639,19638,0,0,0,0,NaN,NaN,36.37372857528768,NaN,NaN,NaN,3.642503017130127,3.6687624519999997,NaN,NaN,NaN,NaN,NaN,NaN,NaN,NaN,NaN,NaN,1,0,0,0,0,NaN,NaN,36.37372857528768,NaN,NaN,NaN,3.642503017130127,3.6687624519999997,NaN,NaN,NaN,NaN,NaN,NaN,NaN,NaN,NaN,NaN,1
2024-08-12T12:17:00-04:00,3.7132199876002536,3.73,3.7132199876002536,3.725,3.697730831136306,3.540079179757866,3.4837780422191433,0,0,19639,19638,0,0,0,0,NaN,NaN,39.0005523571776,NaN,NaN,NaN,3.642503017130127,3.6804174592,NaN,NaN,NaN,NaN,NaN,NaN,NaN,NaN,NaN,NaN,1,0,0,0,0,NaN,NaN,39.0005523571776,NaN,NaN,NaN,3.642503017130127,3.6804174592,NaN,NaN,NaN,NaN,NaN,NaN,NaN,NaN,NaN,NaN,1
2024-08-12T12:18:00-04:00,3.719109993800127,3.75,3.719109993800127,3.7425,3.705870680020614,3.5431695739600357,3.4858804891056057,1,0,19639,19638,0,0,0,0,NaN,NaN,42.81875552051937,NaN,NaN,NaN,3.642503017130127,3.698767316544,NaN,NaN,NaN,NaN,NaN,NaN,NaN,NaN,NaN,NaN,1,0,0,0,0,NaN,NaN,42.81875552051937,NaN,NaN,NaN,3.642503017130127,3.698767316544,NaN,NaN,NaN,NaN,NaN,NaN,NaN,NaN,NaN,NaN,1
2024-08-12T12:19:00-04:00,3.730804996900064,3.74,3.72,3.7300000000000004,3.7102578291077752,3.5460219468766763,3.492627146032712,0,0,19639,19638,0,0,0,0,NaN,NaN,47.283323710664355,NaN,NaN,NaN,3.642503017130127,3.698767316544,NaN,NaN,NaN,NaN,NaN,NaN,NaN,NaN,NaN,NaN,1,0,0,0,0,NaN,NaN,47.283323710664355,NaN,NaN,NaN,3.642503017130127,3.698767316544,NaN,NaN,NaN,NaN,NaN,NaN,NaN,NaN,NaN,NaN,1
2024-08-12T12:22:00-04:00,3.730402498450032,3.74,3.72,3.7300000000000004,3.7138473147245437,3.5488307721152004,3.493874312016785,0,0,19639,19638,0,0,0,0,NaN,NaN,48.33934997742399,NaN,NaN,NaN,3.642503017130127,3.698767316544,NaN,NaN,NaN,NaN,NaN,NaN,NaN,NaN,NaN,NaN,1,0,0,0,0,NaN,NaN,48.33934997742399,NaN,NaN,NaN,3.642503017130127,3.698767316544,NaN,NaN,NaN,NaN,NaN,NaN,NaN,NaN,NaN,NaN,1
2024-08-12T12:23:00-04:00,3.7302012492250163,3.74,3.725,3.733775,3.717470530229172,3.5516543481134417,3.494705322004043,0,0,19639,19638,0,0,0,0,NaN,NaN,49.06899459974675,NaN,NaN,NaN,3.642503017130127,3.698767316544,NaN,NaN,NaN,NaN,NaN,NaN,NaN,NaN,NaN,NaN,1,0,0,0,0,NaN,NaN,49.06899459974675,NaN,NaN,NaN,3.642503017130127,3.698767316544,NaN,NaN,NaN,NaN,NaN,NaN,NaN,NaN,NaN,NaN,1
2024-08-12T12:24:00-04:00,3.731988124612508,3.7799,3.7201,3.75,3.7233849792784137,3.5546825260048394,3.499208997840423,0,0,19639,19638,0,0,0,0,NaN,NaN,50.90428087856493,NaN,NaN,NaN,3.642503017130127,3.71248868006976,NaN,NaN,NaN,NaN,NaN,NaN,NaN,NaN,NaN,NaN,1,0,0,0,0,NaN,NaN,50.90428087856493,NaN,NaN,NaN,3.642503017130127,3.71248868006976,NaN,NaN,NaN,NaN,NaN,NaN,NaN,NaN,NaN,NaN,1
2024-08-12T12:25:00-04:00,3.740994062306254,3.76,3.74,3.75475,3.7290877103187023,3.557736991256674,3.5007662462420783,0,0,19639,19638,0,0,0,0,NaN,NaN,53.0095694096518,NaN,NaN,NaN,3.642503017130127,3.724436396853018,NaN,NaN,NaN,NaN,NaN,NaN,NaN,NaN,NaN,NaN,1,0,0,0,0,NaN,NaN,53.0095694096518,NaN,NaN,NaN,3.642503017130127,3.724436396853018,NaN,NaN,NaN,NaN,NaN,NaN,NaN,NaN,NaN,NaN,1
2024-08-12T12:26:00-04:00,3.7478720311531273,3.76,3.7478720311531273,3.75495,3.733789944806211,3.5607478768863428,3.5014014566926477,0,0,19639,19638,0,0,0,0,NaN,NaN,56.760220208279435,NaN,NaN,NaN,3.642503017130127,3.732748069702703,NaN,NaN,NaN,NaN,NaN,NaN,NaN,NaN,NaN,NaN,1,0,0,0,0,NaN,NaN,56.760220208279435,NaN,NaN,NaN,3.642503017130127,3.732748069702703,NaN,NaN,NaN,NaN,NaN,NaN,NaN,NaN,NaN,NaN,1
2024-08-12T12:27:00-04:00,3.7514110155765636,3.7514110155765636,3.72,3.7350000000000003,3.7340099548414454,3.563408214643803,3.502755164651057,0,0,19639,19638,0,0,0,0,NaN,NaN,60.952808574023095,NaN,NaN,NaN,3.642503017130127,3.732748069702703,NaN,NaN,NaN,NaN,NaN,NaN,NaN,NaN,NaN,NaN,1,0,0,0,0,NaN,NaN,60.952808574023095,NaN,NaN,NaN,3.642503017130127,3.732748069702703,NaN,NaN,NaN,NaN,NaN,NaN,NaN,NaN,NaN,NaN,1
2024-08-12T12:28:00-04:00,3.743205507788282,3.7494,3.743205507788282,3.7492,3.73677178123391,3.566244730450768,3.5029618498651427,0,0,19639,19638,0,0,0,0,NaN,NaN,63.5686063888283,NaN,NaN,NaN,3.642503017130127,3.732748069702703,NaN,NaN,NaN,NaN,NaN,NaN,NaN,NaN,NaN,NaN,1,0,0,0,0,NaN,NaN,63.5686063888283,NaN,NaN,NaN,3.642503017130127,3.732748069702703,NaN,NaN,NaN,NaN,NaN,NaN,NaN,NaN,NaN,NaN,1
2024-08-12T12:30:00-04:00,3.746202753894141,3.746202753894141,3.69,3.6999999999999997,3.7300860028277447,3.5682867956347257,3.5047279271447,0,0,19639,19638,0,0,0,0,NaN,NaN,65.9744014292247,NaN,NaN,NaN,3.642503017130127,3.7192324999999995,NaN,NaN,NaN,NaN,NaN,NaN,NaN,NaN,NaN,NaN,1,0,0,0,0,NaN,NaN,65.9744014292247,NaN,NaN,NaN,3.642503017130127,3.7192324999999995,NaN,NaN,NaN,NaN,NaN,NaN,NaN,NaN,NaN,NaN,1
2024-08-12T12:31:00-04:00,3.7231013769470707,3.7231013769470707,3.69,3.70185,3.724952184131791,3.5703259285257984,3.5064571707035754,0,0,19639,19638,0,0,0,0,NaN,NaN,67.74975494323422,NaN,NaN,NaN,3.642503017130127,3.7192324999999995,NaN,NaN,NaN,NaN,NaN,NaN,NaN,NaN,NaN,NaN,1,0,0,0,0,NaN,NaN,67.74975494323422,NaN,NaN,NaN,3.642503017130127,3.7192324999999995,NaN,NaN,NaN,NaN,NaN,NaN,NaN,NaN,NaN,NaN,1
2024-08-12T12:32:00-04:00,3.7124756884735355,3.7397,3.7124756884735355,3.7397,3.727633605198738,3.5729117922124276,3.506649171715509,0,0,19639,19638,0,0,0,0,NaN,NaN,70.44557956055996,NaN,NaN,NaN,3.642503017130127,3.7204455,NaN,NaN,NaN,NaN,NaN,NaN,NaN,NaN,NaN,NaN,1,0,0,0,0,NaN,NaN,70.44557956055996,NaN,NaN,NaN,3.642503017130127,3.7204455,NaN,NaN,NaN,NaN,NaN,NaN,NaN,NaN,NaN,NaN,1
2024-08-12T12:34:00-04:00,3.7260878442367678,3.7260878442367678,3.71,3.71,3.724427495162604,3.5750047419496425,3.523192436213494,0,0,19639,19638,0,0,0,0,NaN,NaN,71.6151580955104,NaN,NaN,NaN,3.642503017130127,3.7204455,NaN,NaN,NaN,NaN,NaN,NaN,NaN,NaN,NaN,NaN,1,0,0,0,0,NaN,NaN,71.6151580955104,NaN,NaN,NaN,3.642503017130127,3.7204455,NaN,NaN,NaN,NaN,NaN,NaN,NaN,NaN,NaN,NaN,1
2024-08-12T12:35:00-04:00,3.718043922118384,3.718043922118384,3.665,3.6825,3.716804314223949,3.5766458909275105,3.523741328849875,0,0,19639,19638,0,0,0,0,NaN,NaN,72.32820743517307,NaN,NaN,NaN,3.642503017130127,3.710242,NaN,NaN,NaN,NaN,NaN,NaN,NaN,NaN,NaN,NaN,1,0,0,0,0,NaN,NaN,72.32820743517307,NaN,NaN,NaN,3.642503017130127,3.710242,NaN,NaN,NaN,NaN,NaN,NaN,NaN,NaN,NaN,NaN,1
2024-08-12T12:36:00-04:00,3.700271961059192,3.700271961059192,3.6181,3.62305,3.69975807527414,3.5773543506080063,3.523831055331016,0,0,19639,19638,0,0,0,0,NaN,NaN,66.99253722744271,NaN,NaN,NaN,3.642503017130127,3.67879299,NaN,NaN,NaN,NaN,NaN,NaN,NaN,NaN,NaN,NaN,1,0,0,0,0,NaN,NaN,66.99253722744271,NaN,NaN,NaN,3.642503017130127,3.67879299,NaN,NaN,NaN,NaN,NaN,NaN,NaN,NaN,NaN,NaN,1
2024-08-12T12:37:00-04:00,3.661660980529596,3.69,3.635,3.6611249999999997,3.692733879769751,3.578633291820098,3.526919055546724,0,0,19639,19638,0,0,0,0,NaN,NaN,64.6703459343534,NaN,NaN,NaN,3.642503017130127,3.67879299,NaN,NaN,NaN,NaN,NaN,NaN,NaN,NaN,NaN,NaN,1,0,0,0,0,NaN,NaN,64.6703459343534,NaN,NaN,NaN,3.642503017130127,3.67879299,NaN,NaN,NaN,NaN,NaN,NaN,NaN,NaN,NaN,NaN,1
2024-08-12T12:39:00-04:00,3.661392990264798,3.67,3.66,3.665,3.6876913561752507,3.579951867517501,3.5274124100898807,0,0,19639,19638,0,0,0,0,NaN,NaN,63.28669676999008,NaN,NaN,NaN,3.642503017130127,3.67879299,NaN,NaN,NaN,NaN,NaN,NaN,NaN,NaN,NaN,NaN,1,0,0,0,0,NaN,NaN,63.28669676999008,NaN,NaN,NaN,3.642503017130127,3.67879299,NaN,NaN,NaN,NaN,NaN,NaN,NaN,NaN,NaN,NaN,1
2024-08-12T12:40:00-04:00,3.663196495132399,3.6879,3.663196495132399,3.6874499999999997,3.687647473234296,3.581593060379829,3.528043683344729,0,0,19639,19638,0,0,0,0,NaN,NaN,61.59654863613127,NaN,NaN,NaN,3.642503017130127,3.67879299,NaN,NaN,NaN,NaN,NaN,NaN,NaN,NaN,NaN,NaN,1,0,0,0,0,NaN,NaN,61.59654863613127,NaN,NaN,NaN,3.642503017130127,3.67879299,NaN,NaN,NaN,NaN,NaN,NaN,NaN,NaN,NaN,NaN,1
2024-08-12T12:42:00-04:00,3.675323247566199,3.71,3.675323247566199,3.69625,3.6892115690098786,3.5833435480076177,3.529959988590081,0,0,19639,19638,0,0,0,0,NaN,NaN,60.392627706679114,NaN,NaN,NaN,3.642503017130127,3.67879299,NaN,NaN,NaN,NaN,NaN,NaN,NaN,NaN,NaN,NaN,1,0,0,0,0,NaN,NaN,60.392627706679114,NaN,NaN,NaN,3.642503017130127,3.67879299,NaN,NaN,NaN,NaN,NaN,NaN,NaN,NaN,NaN,NaN,1
2024-08-12T12:43:00-04:00,3.6857866237830996,3.7009,3.6857866237830996,3.7005500000000002,3.6912731019171736,3.5851329594884174,3.5303091350533298,0,0,19639,19638,0,0,0,0,NaN,NaN,60.59766076148653,NaN,NaN,NaN,3.642503017130127,3.67879299,NaN,NaN,NaN,NaN,NaN,NaN,NaN,NaN,NaN,NaN,1,0,0,0,0,NaN,NaN,60.59766076148653,NaN,NaN,NaN,3.642503017130127,3.67879299,NaN,NaN,NaN,NaN,NaN,NaN,NaN,NaN,NaN,NaN,1
2024-08-12T12:44:00-04:00,3.69316831189155,3.72,3.69316831189155,3.71485,3.6955598106595056,3.587113372320655,3.5315734211679026,0,0,19639,19638,0,0,0,0,NaN,NaN,60.04056656276805,NaN,NaN,NaN,3.642503017130127,3.67879299,NaN,NaN,NaN,NaN,NaN,NaN,NaN,NaN,NaN,NaN,1,0,0,0,0,NaN,NaN,60.04056656276805,NaN,NaN,NaN,3.642503017130127,3.67879299,NaN,NaN,NaN,NaN,NaN,NaN,NaN,NaN,NaN,NaN,1
2024-08-12T12:45:00-04:00,3.704009155945775,3.72,3.704009155945775,3.7199500000000003,3.6999943905395956,3.5891414124378973,3.532239797679534,0,0,19639,19638,0,0,0,0,NaN,NaN,59.54316383895457,NaN,NaN,NaN,3.642503017130127,3.67879299,NaN,NaN,NaN,NaN,NaN,NaN,NaN,NaN,NaN,NaN,1,0,0,0,0,NaN,NaN,59.54316383895457,NaN,NaN,NaN,3.642503017130127,3.67879299,NaN,NaN,NaN,NaN,NaN,NaN,NaN,NaN,NaN,NaN,1
2024-08-12T12:46:00-04:00,3.7119795779728877,3.75,3.7001,3.7250499999999995,3.7045499558960326,3.591216352706021,3.532404671168334,1,0,19639,19638,0,0,0,0,NaN,NaN,59.712236151533396,NaN,NaN,NaN,3.642503017130127,3.67879299,NaN,NaN,NaN,NaN,NaN,NaN,NaN,NaN,NaN,NaN,1,0,0,0,0,NaN,NaN,59.712236151533396,NaN,NaN,NaN,3.642503017130127,3.67879299,NaN,NaN,NaN,NaN,NaN,NaN,NaN,NaN,NaN,NaN,1
2024-08-12T12:47:00-04:00,3.7185147889864436,3.75,3.7185147889864436,3.7399750000000003,3.7109908730058447,3.5934874770921885,3.5332566853261196,0,0,19639,19638,0,0,0,0,NaN,NaN,59.584381972308506,NaN,NaN,NaN,3.642503017130127,3.68502025,NaN,NaN,NaN,NaN,NaN,NaN,NaN,NaN,NaN,NaN,1,0,0,0,0,NaN,NaN,59.584381972308506,NaN,NaN,NaN,3.642503017130127,3.68502025,NaN,NaN,NaN,NaN,NaN,NaN,NaN,NaN,NaN,NaN,1
2024-08-12T12:48:00-04:00,3.729244894493222,3.76,3.729244894493222,3.745,3.717174350641146,3.5958006453808573,3.533492641462889,0,0,19639,19638,0,0,0,0,NaN,NaN,60.877218132925435,NaN,NaN,NaN,3.642503017130127,3.6892567675,NaN,NaN,NaN,NaN,NaN,NaN,NaN,NaN,NaN,NaN,1,0,0,0,0,NaN,NaN,60.877218132925435,NaN,NaN,NaN,3.642503017130127,3.6892567675,NaN,NaN,NaN,NaN,NaN,NaN,NaN,NaN,NaN,NaN,1
2024-08-12T12:49:00-04:00,3.737122447246611,3.77,3.737122447246611,3.765,3.725869923251847,3.598383841634585,3.535057444264825,0,0,19639,19638,0,0,0,0,NaN,NaN,60.854388283634634,NaN,NaN,NaN,3.642503017130127,3.7032013614499997,NaN,NaN,NaN,NaN,NaN,NaN,NaN,NaN,NaN,NaN,1,0,0,0,0,NaN,NaN,60.854388283634634,NaN,NaN,NaN,3.642503017130127,3.7032013614499997,NaN,NaN,NaN,NaN,NaN,NaN,NaN,NaN,NaN,NaN,1
2024-08-12T12:50:00-04:00,3.7510612236233056,3.76,3.7510612236233056,3.76,3.732075391751511,3.6008512638997057,3.5353737551044513,0,0,19639,19638,0,0,0,0,NaN,NaN,60.99591414845581,NaN,NaN,NaN,3.642503017130127,3.7032013614499997,NaN,NaN,NaN,NaN,NaN,NaN,NaN,NaN,NaN,NaN,1,0,0,0,0,NaN,NaN,60.99591414845581,NaN,NaN,NaN,3.642503017130127,3.7032013614499997,NaN,NaN,NaN,NaN,NaN,NaN,NaN,NaN,NaN,NaN,1
2024-08-12T12:52:00-04:00,3.7555306118116527,3.76,3.755,3.7575,3.7366980477966907,3.6032428476569622,3.5360432846764445,0,0,19639,19638,0,0,0,0,NaN,NaN,61.158159093474026,NaN,NaN,NaN,3.642503017130127,3.7032013614499997,NaN,NaN,NaN,NaN,NaN,NaN,NaN,NaN,NaN,NaN,1,0,0,0,0,NaN,NaN,61.158159093474026,NaN,NaN,NaN,3.642503017130127,3.7032013614499997,NaN,NaN,NaN,NaN,NaN,NaN,NaN,NaN,NaN,NaN,1
2024-08-12T12:53:00-04:00,3.7565153059058263,3.76,3.73,3.74125,3.7375256754700197,3.6053498270820468,3.5366456577773926,0,0,19639,19638,0,0,0,0,NaN,NaN,61.01625223893385,NaN,NaN,NaN,3.642503017130127,3.7032013614499997,NaN,NaN,NaN,NaN,NaN,NaN,NaN,NaN,NaN,NaN,1,0,0,0,0,NaN,NaN,61.01625223893385,NaN,NaN,NaN,3.642503017130127,3.7032013614499997,NaN,NaN,NaN,NaN,NaN,NaN,NaN,NaN,NaN,NaN,1
2024-08-12T12:54:00-04:00,3.748882652952913,3.7578,3.748882652952913,3.7578,3.7412119162936524,3.607677310638046,3.5368309841981915,0,0,19639,19638,0,0,0,0,NaN,NaN,60.67617616423418,NaN,NaN,NaN,3.642503017130127,3.7032013614499997,NaN,NaN,NaN,NaN,NaN,NaN,NaN,NaN,NaN,NaN,1,0,0,0,0,NaN,NaN,60.67617616423418,NaN,NaN,NaN,3.642503017130127,3.7032013614499997,NaN,NaN,NaN,NaN,NaN,NaN,NaN,NaN,NaN,NaN,1
2024-08-12T12:55:00-04:00,3.7533413264764564,3.8,3.75,3.7750000000000004,3.747355204240261,3.6102318555138013,3.5401937267985595,1,0,19639,19638,0,0,0,0,NaN,NaN,60.54102267603211,NaN,NaN,NaN,3.642503017130127,3.7142132389195,NaN,NaN,NaN,NaN,NaN,NaN,NaN,NaN,NaN,NaN,1,0,0,0,0,NaN,NaN,60.54102267603211,NaN,NaN,NaN,3.642503017130127,3.7142132389195,NaN,NaN,NaN,NaN,NaN,NaN,NaN,NaN,NaN,NaN,1
2024-08-12T12:56:00-04:00,3.7641706632382284,3.8052,3.76,3.7813,3.753526985287486,3.612843582910537,3.5465857290496574,0,0,19639,19638,0,0,0,0,NaN,NaN,60.90964662925328,NaN,NaN,NaN,3.642503017130127,3.72503565024916,NaN,NaN,NaN,NaN,NaN,NaN,NaN,NaN,NaN,NaN,1,0,0,0,0,NaN,NaN,60.90964662925328,NaN,NaN,NaN,3.642503017130127,3.72503565024916,NaN,NaN,NaN,NaN,NaN,NaN,NaN,NaN,NaN,NaN,1
2024-08-12T12:57:00-04:00,3.7727353316191143,3.79,3.7727353316191143,3.79,3.7601584425079433,3.61554826103404,3.5466835740681684,0,0,19639,19638,0,0,0,0,NaN,NaN,62.208542020077175,NaN,NaN,NaN,3.6695760994670823,3.738477802711786,NaN,NaN,NaN,NaN,NaN,NaN,NaN,NaN,NaN,NaN,1,0,0,0,0,NaN,NaN,62.208542020077175,NaN,NaN,NaN,3.6695760994670823,3.738477802711786,NaN,NaN,NaN,NaN,NaN,NaN,NaN,NaN,NaN,NaN,1
2024-08-12T12:58:00-04:00,3.781367665809557,3.79,3.781367665809557,3.78775,3.7651750893246807,3.6181772952167264,3.5474627177974907,0,0,19639,19638,0,0,0,0,NaN,NaN,63.590573871618126,NaN,NaN,NaN,3.716960346699489,3.738477802711786,NaN,NaN,NaN,NaN,NaN,NaN,NaN,NaN,NaN,NaN,1,0,0,0,0,NaN,NaN,63.590573871618126,NaN,NaN,NaN,3.716960346699489,3.738477802711786,NaN,NaN,NaN,NaN,NaN,NaN,NaN,NaN,NaN,NaN,1
2024-08-12T12:59:00-04:00,3.7845588329047786,3.85,3.77,3.8075,3.7728705276292844,3.621067718190517,3.555134664967829,1,0,19639,19638,0,0,0,0,3.85,NaN,65.59684269732843,NaN,NaN,NaN,3.7363642949659903,3.758076798223665,NaN,NaN,NaN,NaN,NaN,NaN,NaN,NaN,NaN,NaN,1,0,0,0,0,3.85,NaN,65.59684269732843,NaN,NaN,NaN,3.7363642949659903,3.758076798223665,NaN,NaN,NaN,NaN,NaN,NaN,NaN,NaN,NaN,NaN,1
2024-08-12T13:00:00-04:00,3.7960294164523893,3.84,3.7960294164523893,3.8225000000000002,3.7818940680603235,3.6241430202028755,3.556101493333402,0,0,19639,19638,0,0,0,0,NaN,NaN,67.56061831180308,NaN,NaN,NaN,3.7513352308851204,3.777530670596695,NaN,NaN,NaN,NaN,NaN,NaN,NaN,NaN,NaN,NaN,1,0,0,0,0,NaN,NaN,67.56061831180308,NaN,NaN,NaN,3.7513352308851204,3.777530670596695,NaN,NaN,NaN,NaN,NaN,NaN,NaN,NaN,NaN,NaN,1
2024-08-12T13:01:00-04:00,3.809264708226195,3.83,3.79,3.8099999999999996,3.787004237503901,3.6269805313448162,3.5563661633871573,0,0,19639,19638,0,0,0,0,NaN,NaN,70.25732277163456,NaN,NaN,NaN,3.7513352308851204,3.777530670596695,NaN,NaN,NaN,NaN,NaN,NaN,NaN,NaN,NaN,NaN,1,0,0,0,0,NaN,NaN,70.25732277163456,NaN,NaN,NaN,3.7513352308851204,3.777530670596695,NaN,NaN,NaN,NaN,NaN,NaN,NaN,NaN,NaN,NaN,1
2024-08-12T13:02:00-04:00,3.809632354113097,3.809632354113097,3.77,3.775,3.7848216488668283,3.6292403705609257,3.5566478659117964,0,0,19639,19638,0,0,0,0,NaN,NaN,72.14620603229994,NaN,NaN,NaN,3.7513352308851204,3.777530670596695,NaN,NaN,NaN,NaN,NaN,NaN,NaN,NaN,NaN,NaN,1,0,0,0,0,NaN,NaN,72.14620603229994,NaN,NaN,NaN,3.7513352308851204,3.777530670596695,NaN,NaN,NaN,NaN,NaN,NaN,NaN,NaN,NaN,NaN,1
2024-08-12T13:04:00-04:00,3.7923161770565486,3.8,3.761,3.7852500000000004,3.7848995308910416,3.631622196964576,3.559371966934699,0,0,19639,19638,0,0,0,0,NaN,NaN,73.02329662194124,NaN,NaN,NaN,3.7513352308851204,3.777530670596695,NaN,NaN,NaN,NaN,NaN,NaN,NaN,NaN,NaN,NaN,1,0,0,0,0,NaN,NaN,73.02329662194124,NaN,NaN,NaN,3.7513352308851204,3.777530670596695,NaN,NaN,NaN,NaN,NaN,NaN,NaN,NaN,NaN,NaN,1
2024-08-12T13:05:00-04:00,3.7887830885282745,3.83,3.7887830885282745,3.8125,3.789917798001761,3.634383690140689,3.5609412546686636,1,0,19639,19638,0,0,0,0,NaN,NaN,73.45999919227627,NaN,NaN,NaN,3.7513352308851204,3.777530670596695,NaN,NaN,NaN,NaN,NaN,NaN,NaN,NaN,NaN,NaN,1,0,0,0,0,NaN,NaN,73.45999919227627,NaN,NaN,NaN,3.7513352308851204,3.777530670596695,NaN,NaN,NaN,NaN,NaN,NaN,NaN,NaN,NaN,NaN,1
2024-08-12T13:06:00-04:00,3.8006415442641375,3.81,3.8006415442641375,3.81,3.7935691074559865,3.637064855176709,3.561004261576369,0,0,19639,19638,0,0,0,0,NaN,NaN,73.85815164998087,NaN,NaN,NaN,3.7513352308851204,3.777530670596695,NaN,NaN,NaN,NaN,NaN,NaN,NaN,NaN,NaN,NaN,1,0,0,0,0,NaN,NaN,73.85815164998087,NaN,NaN,NaN,3.7513352308851204,3.777530670596695,NaN,NaN,NaN,NaN,NaN,NaN,NaN,NaN,NaN,NaN,1
2024-08-12T13:07:00-04:00,3.8053207721320685,3.81,3.8053207721320685,3.81,3.796556542463989,3.6397050863953853,3.5612314514885663,0,0,19639,19638,0,0,0,0,NaN,NaN,74.07622981896962,NaN,NaN,NaN,3.7513352308851204,3.777530670596695,NaN,NaN,NaN,NaN,NaN,NaN,NaN,NaN,NaN,NaN,1,0,0,0,0,NaN,NaN,74.07622981896962,NaN,NaN,NaN,3.7513352308851204,3.777530670596695,NaN,NaN,NaN,NaN,NaN,NaN,NaN,NaN,NaN,NaN,1
2024-08-12T13:08:00-04:00,3.8076603860660345,3.8076603860660345,3.8,3.8,3.7971826256523546,3.642152336984769,3.561833415815998,0,0,19639,19638,0,0,0,0,NaN,NaN,74.98120170091475,NaN,NaN,NaN,3.7513352308851204,3.777530670596695,NaN,NaN,NaN,NaN,NaN,NaN,NaN,NaN,NaN,NaN,1,0,0,0,0,NaN,NaN,74.98120170091475,NaN,NaN,NaN,3.7513352308851204,3.777530670596695,NaN,NaN,NaN,NaN,NaN,NaN,NaN,NaN,NaN,NaN,1
2024-08-12T13:09:00-04:00,3.803830193033017,3.81,3.8,3.805,3.7986039664428355,3.644638560847597,3.5622617964308447,0,0,19639,19638,0,0,0,0,NaN,NaN,75.28513588416791,NaN,NaN,NaN,3.7513352308851204,3.777530670596695,NaN,NaN,NaN,NaN,NaN,NaN,NaN,NaN,NaN,NaN,1,0,0,0,0,NaN,NaN,75.28513588416791,NaN,NaN,NaN,3.7513352308851204,3.777530670596695,NaN,NaN,NaN,NaN,NaN,NaN,NaN,NaN,NaN,NaN,1
2024-08-12T13:10:00-04:00,3.8044150965165087,3.8044150965165087,3.7996,3.7998,3.798821427089593,3.6470074377812214,3.563080947096237,0,0,19639,19638,0,0,0,0,NaN,NaN,75.47907619167842,NaN,NaN,NaN,3.7513352308851204,3.777530670596695,NaN,NaN,NaN,NaN,NaN,NaN,NaN,NaN,NaN,NaN,1,0,0,0,0,NaN,NaN,75.47907619167842,NaN,NaN,NaN,3.7513352308851204,3.777530670596695,NaN,NaN,NaN,NaN,NaN,NaN,NaN,NaN,NaN,NaN,1
2024-08-12T13:11:00-04:00,3.8021075482582543,3.8021075482582543,3.7996,3.7996999999999996,3.7989811676187575,3.6493386219372335,3.5662138186322303,0,0,19639,19638,0,0,0,0,NaN,NaN,75.6023505471441,NaN,NaN,NaN,3.7513352308851204,3.777530670596695,NaN,NaN,NaN,NaN,NaN,NaN,NaN,NaN,NaN,NaN,1,0,0,0,0,NaN,NaN,75.6023505471441,NaN,NaN,NaN,3.7513352308851204,3.777530670596695,NaN,NaN,NaN,NaN,NaN,NaN,NaN,NaN,NaN,NaN,1
2024-08-12T13:12:00-04:00,3.800903774129127,3.800903774129127,3.78,3.7857499999999997,3.7965755007789834,3.651421238396207,3.5666151307761096,0,0,19639,19638,0,0,0,0,NaN,NaN,75.39031679333745,NaN,NaN,NaN,3.7513352308851204,3.777530670596695,NaN,NaN,NaN,NaN,NaN,NaN,NaN,NaN,NaN,NaN,1,0,0,0,0,NaN,NaN,75.39031679333745,NaN,NaN,NaN,3.7513352308851204,3.777530670596695,NaN,NaN,NaN,NaN,NaN,NaN,NaN,NaN,NaN,NaN,1
2024-08-12T13:13:00-04:00,3.7933268870645636,3.81,3.75,3.775,3.792652682455532,3.6533079370466464,3.5679597208689313,0,0,19639,19638,0,0,0,0,NaN,NaN,74.72108791463054,NaN,NaN,NaN,3.7513352308851204,3.777530670596695,NaN,NaN,NaN,NaN,NaN,NaN,NaN,NaN,NaN,NaN,1,0,0,0,0,NaN,NaN,74.72108791463054,NaN,NaN,NaN,3.7513352308851204,3.777530670596695,NaN,NaN,NaN,NaN,NaN,NaN,NaN,NaN,NaN,NaN,1
2024-08-12T13:14:00-04:00,3.7841634435322815,3.79,3.7841634435322815,3.79,3.7921703765545263,3.6553948387711253,3.5685028046821827,0,0,19639,19638,0,0,0,0,NaN,NaN,74.30653786034206,NaN,NaN,NaN,3.7513352308851204,3.777530670596695,NaN,NaN,NaN,NaN,NaN,NaN,NaN,NaN,NaN,NaN,1,0,0,0,0,NaN,NaN,74.30653786034206,NaN,NaN,NaN,3.7513352308851204,3.777530670596695,NaN,NaN,NaN,NaN,NaN,NaN,NaN,NaN,NaN,NaN,1
2024-08-12T13:16:00-04:00,3.7870817217661408,3.7870817217661408,3.7799,3.7799,3.7899393989991577,3.6572956809272914,3.5685545489815,0,0,19639,19638,0,0,0,0,NaN,NaN,73.16777580339595,NaN,NaN,NaN,3.7513352308851204,3.777530670596695,NaN,NaN,NaN,NaN,NaN,NaN,NaN,NaN,NaN,NaN,1,0,0,0,0,NaN,NaN,73.16777580339595,NaN,NaN,NaN,3.7513352308851204,3.777530670596695,NaN,NaN,NaN,NaN,NaN,NaN,NaN,NaN,NaN,NaN,1
2024-08-12T13:18:00-04:00,3.78349086088307,3.78349086088307,3.77,3.77,3.7863140537265836,3.6590163575543557,3.568702365583771,0,0,19639,19638,0,0,0,0,NaN,NaN,71.55865068012956,NaN,NaN,NaN,3.7513352308851204,3.777530670596695,NaN,NaN,NaN,NaN,NaN,NaN,NaN,NaN,NaN,NaN,1,0,0,0,0,NaN,NaN,71.55865068012956,NaN,NaN,NaN,3.7513352308851204,3.777530670596695,NaN,NaN,NaN,NaN,NaN,NaN,NaN,NaN,NaN,NaN,1
2024-08-12T13:19:00-04:00,3.776745430441535,3.78,3.74,3.7649999999999997,3.782438771230841,3.6606344284313885,3.5732035827376643,0,0,19639,19638,0,0,0,0,NaN,NaN,69.71854765626733,NaN,NaN,NaN,3.7513352308851204,3.777530670596695,NaN,NaN,NaN,NaN,NaN,NaN,NaN,NaN,NaN,NaN,1,0,0,0,0,NaN,NaN,69.71854765626733,NaN,NaN,NaN,3.7513352308851204,3.777530670596695,NaN,NaN,NaN,NaN,NaN,NaN,NaN,NaN,NaN,NaN,1
2024-08-12T13:20:00-04:00,3.7708727152207673,3.7856,3.76,3.7752999999999997,3.7811408128252335,3.6623850478446496,3.5741525073083245,0,0,19639,19638,0,0,0,0,NaN,NaN,68.33396961632191,NaN,NaN,NaN,3.7513352308851204,3.777530670596695,NaN,NaN,NaN,NaN,NaN,NaN,NaN,NaN,NaN,NaN,1,0,0,0,0,NaN,NaN,68.33396961632191,NaN,NaN,NaN,3.7513352308851204,3.777530670596695,NaN,NaN,NaN,NaN,NaN,NaN,NaN,NaN,NaN,NaN,1
2024-08-12T13:21:00-04:00,3.7730863576103832,3.7730863576103832,3.77,3.77,3.779115210493373,3.6640280242134335,3.5743079769218884,0,0,19639,19638,0,0,0,0,NaN,NaN,66.49940154557531,NaN,NaN,NaN,3.7513352308851204,3.777530670596695,NaN,NaN,NaN,NaN,NaN,NaN,NaN,NaN,NaN,NaN,1,0,0,0,0,NaN,NaN,66.49940154557531,NaN,NaN,NaN,3.7513352308851204,3.777530670596695,NaN,NaN,NaN,NaN,NaN,NaN,NaN,NaN,NaN,NaN,1
2024-08-12T13:22:00-04:00,3.7715431788051914,3.7715431788051914,3.76,3.7624999999999997,3.7760942631309415,3.66553141315674,3.575507940228365,0,0,19639,19638,0,0,0,0,NaN,NaN,64.22173574186318,NaN,NaN,NaN,3.7513352308851204,3.777530670596695,NaN,NaN,NaN,NaN,NaN,NaN,NaN,NaN,NaN,NaN,1,0,0,0,0,NaN,NaN,64.22173574186318,NaN,NaN,NaN,3.7513352308851204,3.777530670596695,NaN,NaN,NaN,NaN,NaN,NaN,NaN,NaN,NaN,NaN,1
2024-08-12T13:23:00-04:00,3.767021589402596,3.7695,3.767021589402596,3.7695,3.7748953061980433,3.6671187198261026,3.577950680898693,0,0,19639,19638,0,0,0,0,NaN,NaN,62.347876928028434,NaN,NaN,NaN,3.7513352308851204,3.777530670596695,NaN,NaN,NaN,NaN,NaN,NaN,NaN,NaN,NaN,NaN,1,0,0,0,0,NaN,NaN,62.347876928028434,NaN,NaN,NaN,3.7513352308851204,3.777530670596695,NaN,NaN,NaN,NaN,NaN,NaN,NaN,NaN,NaN,NaN,1
2024-08-12T13:26:00-04:00,3.768260794701298,3.7699,3.75,3.75995,3.772177977798399,3.668535991279139,3.5806680557948294,0,0,19639,19638,0,0,0,0,NaN,NaN,59.69689491197821,NaN,NaN,NaN,3.7513352308851204,3.777530670596695,NaN,NaN,NaN,NaN,NaN,NaN,NaN,NaN,NaN,NaN,1,0,0,0,0,NaN,NaN,59.69689491197821,NaN,NaN,NaN,3.7513352308851204,3.777530670596695,NaN,NaN,NaN,NaN,NaN,NaN,NaN,NaN,NaN,NaN,1
2024-08-12T13:27:00-04:00,3.764105397350649,3.764105397350649,3.75,3.755,3.7690547091077806,3.6698560524809842,3.5825731497995026,0,0,19639,19638,0,0,0,0,NaN,NaN,56.63844933190412,NaN,NaN,NaN,3.7513352308851204,3.777530670596695,NaN,NaN,NaN,NaN,NaN,NaN,NaN,NaN,NaN,NaN,1,0,0,0,0,NaN,NaN,56.63844933190412,NaN,NaN,NaN,3.7513352308851204,3.777530670596695,NaN,NaN,NaN,NaN,NaN,NaN,NaN,NaN,NaN,NaN,1
2024-08-12T13:28:00-04:00,3.7595526986753245,3.76,3.7595526986753245,3.76,3.7674083983609115,3.671232295954557,3.5828548723503193,0,0,19639,19638,0,0,0,0,NaN,NaN,53.84673345296191,NaN,NaN,NaN,3.7513352308851204,3.777530670596695,NaN,NaN,NaN,NaN,NaN,NaN,NaN,NaN,NaN,NaN,1,0,0,0,0,NaN,NaN,53.84673345296191,NaN,NaN,NaN,3.7513352308851204,3.777530670596695,NaN,NaN,NaN,NaN,NaN,NaN,NaN,NaN,NaN,NaN,1
2024-08-12T13:30:00-04:00,3.7597763493376624,3.7597763493376624,3.7301,3.73605,3.7617068713862003,3.6722218792224264,3.583166981132076,0,0,19639,19638,0,0,0,0,NaN,NaN,49.240520580515174,NaN,NaN,NaN,3.7513352308851204,3.777530670596695,NaN,NaN,NaN,NaN,NaN,NaN,NaN,NaN,NaN,NaN,1,0,0,0,0,NaN,NaN,49.240520580515174,NaN,NaN,NaN,3.7513352308851204,3.777530670596695,NaN,NaN,NaN,NaN,NaN,NaN,NaN,NaN,NaN,NaN,1
2024-08-12T13:31:00-04:00,3.747913174668831,3.77,3.747913174668831,3.7641999999999998,3.7621601674978002,3.673626125341168,3.585295185230756,0,0,19639,19638,0,0,0,0,NaN,NaN,46.43946362871411,NaN,NaN,NaN,3.7513352308851204,3.777530670596695,NaN,NaN,NaN,NaN,NaN,NaN,NaN,NaN,NaN,NaN,1,0,0,0,0,NaN,NaN,46.43946362871411,NaN,NaN,NaN,3.7513352308851204,3.777530670596695,NaN,NaN,NaN,NaN,NaN,NaN,NaN,NaN,NaN,NaN,1
2024-08-12T13:33:00-04:00,3.7560565873344154,3.7698,3.7560565873344154,3.7698,3.763549227952746,3.675094428771074,3.5855013312551676,0,0,19639,19638,0,0,0,0,NaN,NaN,43.89312058039634,NaN,NaN,NaN,3.7513352308851204,3.777530670596695,NaN,NaN,NaN,NaN,NaN,NaN,NaN,NaN,NaN,NaN,1,0,0,0,0,NaN,NaN,43.89312058039634,NaN,NaN,NaN,3.7513352308851204,3.777530670596695,NaN,NaN,NaN,NaN,NaN,NaN,NaN,NaN,NaN,NaN,1
2024-08-12T13:34:00-04:00,3.7629282936672075,3.79,3.7629282936672075,3.7800000000000002,3.766540277415883,3.6766960405455613,3.587011566765408,0,0,19639,19638,0,0,0,0,NaN,NaN,42.0126577371892,NaN,NaN,NaN,3.7513352308851204,3.777530670596695,NaN,NaN,NaN,NaN,NaN,NaN,NaN,NaN,NaN,NaN,1,0,0,0,0,NaN,NaN,42.0126577371892,NaN,NaN,NaN,3.7513352308851204,3.777530670596695,NaN,NaN,NaN,NaN,NaN,NaN,NaN,NaN,NaN,NaN,1
2024-08-12T13:35:00-04:00,3.771464146833604,3.7863,3.771464146833604,3.78065,3.769105681522086,3.6782831238960108,3.5875894488263826,0,0,19639,19638,0,0,0,0,NaN,NaN,40.05423573215806,NaN,NaN,NaN,3.7513352308851204,3.777530670596695,NaN,NaN,NaN,NaN,NaN,NaN,NaN,NaN,NaN,NaN,1,0,0,0,0,NaN,NaN,40.05423573215806,NaN,NaN,NaN,3.7513352308851204,3.777530670596695,NaN,NaN,NaN,NaN,NaN,NaN,NaN,NaN,NaN,NaN,1
2024-08-12T13:37:00-04:00,3.776057073416802,3.85,3.776057073416802,3.8112500000000002,3.776768284881707,3.6803131525388197,3.59067406548678,1,0,19639,19638,0,0,0,0,NaN,NaN,41.138391271253795,NaN,NaN,NaN,3.7513352308851204,3.777530670596695,NaN,NaN,NaN,NaN,NaN,NaN,NaN,NaN,NaN,NaN,1,0,0,0,0,NaN,NaN,41.138391271253795,NaN,NaN,NaN,3.7513352308851204,3.777530670596695,NaN,NaN,NaN,NaN,NaN,NaN,NaN,NaN,NaN,NaN,1
2024-08-12T13:38:00-04:00,3.793653536708401,3.9,3.793653536708401,3.8699500000000002,3.793710414903215,3.6832083715840285,3.597308108988207,0,0,19639,19638,0,0,0,0,NaN,NaN,41.81138309226592,NaN,NaN,NaN,3.7513352308851204,3.8177423096534886,NaN,NaN,NaN,NaN,NaN,NaN,NaN,NaN,NaN,NaN,1,0,0,0,0,NaN,NaN,41.81138309226592,NaN,NaN,NaN,3.7513352308851204,3.8177423096534886,NaN,NaN,NaN,NaN,NaN,NaN,NaN,NaN,NaN,NaN,1
2024-08-12T13:39:00-04:00,3.8318017683542007,3.889,3.8318017683542007,3.88225,3.8098085212844484,3.686247175071295,3.597913275168897,0,0,19639,19638,0,0,0,0,NaN,NaN,43.3501388792729,NaN,NaN,NaN,3.7513352308851204,3.8396488860470464,NaN,NaN,NaN,NaN,NaN,NaN,NaN,NaN,NaN,NaN,1,0,0,0,0,NaN,NaN,43.3501388792729,NaN,NaN,NaN,3.7513352308851204,3.8396488860470464,NaN,NaN,NaN,NaN,NaN,NaN,NaN,NaN,NaN,NaN,1
2024-08-12T13:40:00-04:00,3.8570258841771006,3.9,3.8570258841771006,3.8905,3.8244796992327306,3.6893655388106645,3.6003938314293236,0,0,19639,19638,0,0,0,0,NaN,NaN,45.167749182540064,NaN,NaN,NaN,3.7513352308851204,3.8577917202329326,NaN,NaN,NaN,NaN,NaN,NaN,NaN,NaN,NaN,NaN,1,0,0,0,0,NaN,NaN,45.167749182540064,NaN,NaN,NaN,3.7513352308851204,3.8577917202329326,NaN,NaN,NaN,NaN,NaN,NaN,NaN,NaN,NaN,NaN,1
2024-08-12T13:41:00-04:00,3.8737629420885504,3.96,3.8737629420885504,3.92755,3.8432197539176887,3.693001942798288,3.6079452199672906,0,0,19639,19638,0,0,0,0,NaN,NaN,45.864977874150206,NaN,NaN,NaN,3.7964839985044905,3.8932237025560648,NaN,NaN,NaN,NaN,NaN,NaN,NaN,NaN,NaN,NaN,1,0,0,0,0,NaN,NaN,45.864977874150206,NaN,NaN,NaN,3.7964839985044905,3.8932237025560648,NaN,NaN,NaN,NaN,NaN,NaN,NaN,NaN,NaN,NaN,1
2024-08-12T13:42:00-04:00,3.9006564710442753,3.96,3.9006564710442753,3.950325,3.8626934350235635,3.696930539091444,3.612755684279809,0,0,19639,19638,0,0,0,0,NaN,NaN,46.95584640837406,NaN,NaN,NaN,3.8820880837650895,3.9210681696358813,NaN,NaN,NaN,NaN,NaN,NaN,NaN,NaN,NaN,NaN,1,0,0,0,0,NaN,NaN,46.95584640837406,NaN,NaN,NaN,3.8820880837650895,3.9210681696358813,NaN,NaN,NaN,NaN,NaN,NaN,NaN,NaN,NaN,NaN,1
2024-08-12T13:43:00-04:00,3.9254907355221373,3.97,3.9254907355221373,3.9574999999999996,3.8799309922920067,3.7009086987999718,3.616512602918223,0,0,19639,19638,0,0,0,0,NaN,NaN,48.295351688163414,NaN,NaN,NaN,3.8892148122820833,3.937464958477887,NaN,NaN,NaN,NaN,NaN,NaN,NaN,NaN,NaN,NaN,1,0,0,0,0,NaN,NaN,48.295351688163414,NaN,NaN,NaN,3.8892148122820833,3.937464958477887,NaN,NaN,NaN,NaN,NaN,NaN,NaN,NaN,NaN,NaN,1
2024-08-12T13:44:00-04:00,3.9414953677610685,3.9699,3.91,3.943725,3.8915299027843693,3.7046158179022624,3.6182144260667384,0,0,19639,19638,0,0,0,0,NaN,NaN,50.24841703996287,NaN,NaN,NaN,3.8892148122820833,3.937464958477887,NaN,NaN,NaN,NaN,NaN,NaN,NaN,NaN,NaN,NaN,1,0,0,0,0,NaN,NaN,50.24841703996287,NaN,NaN,NaN,3.8892148122820833,3.937464958477887,NaN,NaN,NaN,NaN,NaN,NaN,NaN,NaN,NaN,NaN,1
2024-08-12T13:45:00-04:00,3.942610183880534,3.942610183880534,3.9,3.9,3.8930699204599386,3.7075987825144416,3.618270652735653,0,0,19639,19638,0,0,0,0,NaN,NaN,52.83638454705224,NaN,NaN,NaN,3.8892148122820833,3.9166749999999997,NaN,NaN,NaN,NaN,NaN,NaN,NaN,NaN,NaN,NaN,1,0,0,0,0,NaN,NaN,52.83638454705224,NaN,NaN,NaN,3.8892148122820833,3.9166749999999997,NaN,NaN,NaN,NaN,NaN,NaN,NaN,NaN,NaN,NaN,1
2024-08-12T13:46:00-04:00,3.921305091940267,3.921305091940267,3.9,3.9081,3.8958026621944954,3.7106598698042976,3.62115181497337,0,0,19639,19638,0,0,0,0,NaN,NaN,54.86187800215182,NaN,NaN,NaN,3.8892148122820833,3.9166749999999997,NaN,NaN,NaN,NaN,NaN,NaN,NaN,NaN,NaN,NaN,1,0,0,0,0,NaN,NaN,54.86187800215182,NaN,NaN,NaN,3.8892148122820833,3.9166749999999997,NaN,NaN,NaN,NaN,NaN,NaN,NaN,NaN,NaN,NaN,1
2024-08-12T13:48:00-04:00,3.9147025459701337,3.97,3.9147025459701337,3.9431249999999998,3.904406723613678,3.714208955761484,3.627408244886415,0,0,19639,19638,0,0,0,0,NaN,NaN,56.8629303520534,NaN,NaN,NaN,3.8892148122820833,3.9222093749999996,NaN,NaN,NaN,NaN,NaN,NaN,NaN,NaN,NaN,NaN,1,0,0,0,0,NaN,NaN,56.8629303520534,NaN,NaN,NaN,3.8892148122820833,3.9222093749999996,NaN,NaN,NaN,NaN,NaN,NaN,NaN,NaN,NaN,NaN,1
2024-08-12T13:49:00-04:00,3.9289137729850667,3.99,3.9289137729850667,3.9725,3.916787319320282,3.7181523304826825,3.6339944484453706,1,0,19639,19638,0,0,0,0,NaN,NaN,58.7839232536313,NaN,NaN,NaN,3.8892148122820833,3.93796496875,NaN,NaN,NaN,NaN,NaN,NaN,NaN,NaN,NaN,NaN,1,0,0,0,0,NaN,NaN,58.7839232536313,NaN,NaN,NaN,3.8892148122820833,3.93796496875,NaN,NaN,NaN,NaN,NaN,NaN,NaN,NaN,NaN,NaN,1
2024-08-12T13:51:00-04:00,3.9507068864925334,3.99,3.9507068864925334,3.9818000000000002,3.9286078067165944,3.7221774857424887,3.6359005312122634,0,0,19639,19638,0,0,0,0,NaN,NaN,61.25020714337781,NaN,NaN,NaN,3.8892148122820833,3.9449660706249996,NaN,NaN,NaN,NaN,NaN,NaN,NaN,NaN,NaN,NaN,1,0,0,0,0,NaN,NaN,61.25020714337781,NaN,NaN,NaN,3.8892148122820833,3.9449660706249996,NaN,NaN,NaN,NaN,NaN,NaN,NaN,NaN,NaN,NaN,1
2024-08-12T13:52:00-04:00,3.966253443246267,3.99,3.9447,3.95735,3.93383366004085,3.725767905807489,3.6373494524637717,0,0,19639,19638,0,0,0,0,NaN,NaN,63.98017693328876,NaN,NaN,NaN,3.8892148122820833,3.9449660706249996,NaN,NaN,NaN,NaN,NaN,NaN,NaN,NaN,NaN,NaN,1,0,0,0,0,NaN,NaN,63.98017693328876,NaN,NaN,NaN,3.8892148122820833,3.9449660706249996,NaN,NaN,NaN,NaN,NaN,NaN,NaN,NaN,NaN,NaN,1
2024-08-12T13:54:00-04:00,3.961801721623133,3.9899,3.961801721623133,3.98475,3.943091176397059,3.7297218309096647,3.6381644676462472,0,0,19639,19638,0,0,0,0,NaN,NaN,66.5381345409361,NaN,NaN,NaN,3.8892148122820833,3.9498888742687495,NaN,NaN,NaN,NaN,NaN,NaN,NaN,NaN,NaN,NaN,1,0,0,0,0,NaN,NaN,66.5381345409361,NaN,NaN,NaN,3.8892148122820833,3.9498888742687495,NaN,NaN,NaN,NaN,NaN,NaN,NaN,NaN,NaN,NaN,1
2024-08-12T13:55:00-04:00,3.9732758608115666,3.9732758608115666,3.95,3.9600000000000004,3.94616550796123,3.733237528147685,3.639900699641405,0,0,19639,19638,0,0,0,0,NaN,NaN,68.38201507067286,NaN,NaN,NaN,3.8892148122820833,3.9498888742687495,NaN,NaN,NaN,NaN,NaN,NaN,NaN,NaN,NaN,NaN,1,0,0,0,0,NaN,NaN,68.38201507067286,NaN,NaN,NaN,3.8892148122820833,3.9498888742687495,NaN,NaN,NaN,NaN,NaN,NaN,NaN,NaN,NaN,NaN,1
2024-08-12T13:57:00-04:00,3.9666379304057835,3.99,3.95,3.9698,3.9504626883319154,3.7368491689393233,3.6424155020766253,0,0,19639,19638,0,0,0,0,NaN,NaN,70.62221152457757,NaN,NaN,NaN,3.8892148122820833,3.9498888742687495,NaN,NaN,NaN,NaN,NaN,NaN,NaN,NaN,NaN,NaN,1,0,0,0,0,NaN,NaN,70.62221152457757,NaN,NaN,NaN,3.8892148122820833,3.9498888742687495,NaN,NaN,NaN,NaN,NaN,NaN,NaN,NaN,NaN,NaN,1
2024-08-12T13:58:00-04:00,3.968218965202892,3.99,3.968218965202892,3.9800000000000004,3.9558331086352037,3.7405613953677306,3.6468467005363814,0,0,19639,19638,0,0,0,0,NaN,NaN,71.43036847068319,NaN,NaN,NaN,3.8892148122820833,3.9498888742687495,NaN,NaN,NaN,NaN,NaN,NaN,NaN,NaN,NaN,NaN,1,0,0,0,0,NaN,NaN,71.43036847068319,NaN,NaN,NaN,3.8892148122820833,3.9498888742687495,NaN,NaN,NaN,NaN,NaN,NaN,NaN,NaN,NaN,NaN,1
2024-08-12T13:59:00-04:00,3.9741094826014463,4.01,3.9741094826014463,3.9918,3.962372543428803,3.744397099255246,3.65536583518915,0,0,19639,19638,0,0,0,0,NaN,NaN,72.22209132964595,NaN,NaN,NaN,3.8892148122820833,3.9580202093564996,NaN,NaN,NaN,NaN,NaN,NaN,NaN,NaN,NaN,NaN,1,0,0,0,0,NaN,NaN,72.22209132964595,NaN,NaN,NaN,3.8892148122820833,3.9580202093564996,NaN,NaN,NaN,NaN,NaN,NaN,NaN,NaN,NaN,NaN,1
2024-08-12T14:00:00-04:00,3.9829547413007234,4.06,3.9829547413007234,4.0249999999999995,3.9737593537144753,3.7486811130070743,3.6611143115169313,1,0,19639,19638,0,0,0,0,NaN,NaN,73.7594435974067,NaN,NaN,NaN,3.8892148122820833,3.982177177953024,NaN,NaN,NaN,NaN,NaN,NaN,NaN,NaN,NaN,NaN,1,0,0,0,0,NaN,NaN,73.7594435974067,NaN,NaN,NaN,3.8892148122820833,3.982177177953024,NaN,NaN,NaN,NaN,NaN,NaN,NaN,NaN,NaN,NaN,1
2024-08-12T14:01:00-04:00,4.003977370650361,4.08,4.003977370650361,4.0625,3.9898940166754797,3.753472241052768,3.667013540652395,0,0,19639,19638,0,0,0,0,NaN,NaN,74.2464669596375,NaN,NaN,NaN,3.8892148122820833,4.01201028592148,NaN,NaN,NaN,NaN,NaN,NaN,NaN,NaN,NaN,NaN,1,0,0,0,0,NaN,NaN,74.2464669596375,NaN,NaN,NaN,3.8892148122820833,4.01201028592148,NaN,NaN,NaN,NaN,NaN,NaN,NaN,NaN,NaN,NaN,1
2024-08-12T14:02:00-04:00,4.0332386853251805,4.09,4.01,4.05,4.000822377279938,3.7579993824107407,3.6742490312060414,0,0,19639,19638,0,0,0,0,NaN,NaN,74.51770576881576,NaN,NaN,NaN,3.966713515880011,4.01201028592148,NaN,NaN,NaN,NaN,NaN,NaN,NaN,NaN,NaN,NaN,1,0,0,0,0,NaN,NaN,74.51770576881576,NaN,NaN,NaN,3.966713515880011,4.01201028592148,NaN,NaN,NaN,NaN,NaN,NaN,NaN,NaN,NaN,NaN,1
2024-08-12T14:03:00-04:00,4.041619342662591,4.041619342662591,4.0189,4.02195,4.004663763229041,3.7620291628319507,3.6745372935422065,0,0,19639,19638,0,0,0,0,NaN,NaN,74.51763736630252,NaN,NaN,NaN,3.966713515880011,4.01201028592148,NaN,NaN,NaN,NaN,NaN,NaN,NaN,NaN,NaN,NaN,1,0,0,0,0,NaN,NaN,74.51763736630252,NaN,NaN,NaN,3.966713515880011,4.01201028592148,NaN,NaN,NaN,NaN,NaN,NaN,NaN,NaN,NaN,NaN,1
2024-08-12T14:04:00-04:00,4.0317846713312955,4.0317846713312955,4.01,4.016525,4.006820351732851,3.7659145954604707,3.6765626697160494,0,0,19639,19638,0,0,0,0,NaN,NaN,74.62120289863816,NaN,NaN,NaN,3.966713515880011,4.01201028592148,NaN,NaN,NaN,NaN,NaN,NaN,NaN,NaN,NaN,NaN,1,0,0,0,0,NaN,NaN,74.62120289863816,NaN,NaN,NaN,3.966713515880011,4.01201028592148,NaN,NaN,NaN,NaN,NaN,NaN,NaN,NaN,NaN,NaN,1
2024-08-12T14:05:00-04:00,4.024154835665648,4.024154835665648,3.95,3.9799999999999995,4.00194392414506,3.7691830749190895,3.6803413312672877,0,0,19639,19638,0,0,0,0,NaN,NaN,74.45208401768238,NaN,NaN,NaN,3.966713515880011,4.01201028592148,NaN,NaN,NaN,NaN,NaN,NaN,NaN,NaN,NaN,NaN,1,0,0,0,0,NaN,NaN,74.45208401768238,NaN,NaN,NaN,3.966713515880011,4.01201028592148,NaN,NaN,NaN,NaN,NaN,NaN,NaN,NaN,NaN,NaN,1
2024-08-12T14:06:00-04:00,4.002077417832824,4.002077417832824,3.953,3.964,3.9950450288459582,3.772157379118798,3.6829848546855772,0,0,19639,19638,0,0,0,0,NaN,NaN,74.18399312260192,NaN,NaN,NaN,3.966713515880011,4.01201028592148,NaN,NaN,NaN,NaN,NaN,NaN,NaN,NaN,NaN,NaN,1,0,0,0,0,NaN,NaN,74.18399312260192,NaN,NaN,NaN,3.966713515880011,4.01201028592148,NaN,NaN,NaN,NaN,NaN,NaN,NaN,NaN,NaN,NaN,1
2024-08-12T14:07:00-04:00,3.9830387089164123,3.9830387089164123,3.98,3.98,3.992309569055784,3.775330548903244,3.683256899448794,0,0,19639,19638,0,0,0,0,NaN,NaN,74.13657899031959,NaN,NaN,NaN,3.966713515880011,4.01201028592148,NaN,NaN,NaN,NaN,NaN,NaN,NaN,NaN,NaN,NaN,1,0,0,0,0,NaN,NaN,74.13657899031959,NaN,NaN,NaN,3.966713515880011,4.01201028592148,NaN,NaN,NaN,NaN,NaN,NaN,NaN,NaN,NaN,NaN,1
2024-08-12T14:08:00-04:00,3.9815193544582064,3.9815193544582064,3.94,3.9645,3.987253283772914,3.7782186321260953,3.6846239275802084,0,0,19639,19638,0,0,0,0,NaN,NaN,73.81629981147681,NaN,NaN,NaN,3.966713515880011,4.01201028592148,NaN,NaN,NaN,NaN,NaN,NaN,NaN,NaN,NaN,NaN,1,0,0,0,0,NaN,NaN,73.81629981147681,NaN,NaN,NaN,3.966713515880011,4.01201028592148,NaN,NaN,NaN,NaN,NaN,NaN,NaN,NaN,NaN,NaN,1
2024-08-12T14:09:00-04:00,3.9730096772291033,3.9730096772291033,3.9567,3.9646,3.9831345049051112,3.7810641491928725,3.6849443859321624,0,0,19639,19638,0,0,0,0,NaN,NaN,73.57528648386233,NaN,NaN,NaN,3.966713515880011,4.01201028592148,NaN,NaN,NaN,NaN,NaN,NaN,NaN,NaN,NaN,NaN,1,0,0,0,0,NaN,NaN,73.57528648386233,NaN,NaN,NaN,3.966713515880011,4.01201028592148,NaN,NaN,NaN,NaN,NaN,NaN,NaN,NaN,NaN,NaN,1
2024-08-12T14:10:00-04:00,3.9688048386145516,3.9688048386145516,3.92,3.928,3.9731100494678184,3.7833074446250423,3.685460682224451,0,0,19639,19638,0,0,0,0,NaN,NaN,72.50937689627582,NaN,NaN,NaN,3.966713515880011,3.9811275,NaN,NaN,NaN,NaN,NaN,NaN,NaN,NaN,NaN,NaN,1,0,0,0,0,NaN,NaN,72.50937689627582,NaN,NaN,NaN,3.966713515880011,3.9811275,NaN,NaN,NaN,NaN,NaN,NaN,NaN,NaN,NaN,NaN,1
2024-08-12T14:11:00-04:00,3.9484024193072758,3.9484024193072758,3.92,3.92,3.963453676837306,3.785394353867408,3.6854989995066143,0,0,19639,19638,0,0,0,0,NaN,NaN,71.18756590875304,NaN,NaN,NaN,3.966713515880011,3.975413675,NaN,NaN,NaN,NaN,NaN,NaN,NaN,NaN,NaN,NaN,1,0,0,0,0,NaN,NaN,71.18756590875304,NaN,NaN,NaN,3.966713515880011,3.975413675,NaN,NaN,NaN,NaN,NaN,NaN,NaN,NaN,NaN,NaN,1
2024-08-12T14:12:00-04:00,3.934201209653638,4,3.9201,3.960025,3.962830281048705,3.7880604706022565,3.6948204018389794,0,0,19639,19638,0,0,0,0,NaN,NaN,70.9507716437927,NaN,NaN,NaN,3.966713515880011,3.975413675,NaN,NaN,NaN,NaN,NaN,NaN,NaN,NaN,NaN,NaN,1,0,0,0,0,NaN,NaN,70.9507716437927,NaN,NaN,NaN,3.966713515880011,3.975413675,NaN,NaN,NaN,NaN,NaN,NaN,NaN,NaN,NaN,NaN,1
2024-08-12T14:13:00-04:00,3.947113104826819,3.9918,3.947113104826819,3.9918,3.9680975026762133,3.791170997768634,3.6948672653350414,0,0,19639,19638,0,0,0,0,NaN,NaN,71.23080851467593,NaN,NaN,NaN,3.966713515880011,3.975413675,NaN,NaN,NaN,NaN,NaN,NaN,NaN,NaN,NaN,NaN,1,0,0,0,0,NaN,NaN,71.23080851467593,NaN,NaN,NaN,3.966713515880011,3.975413675,NaN,NaN,NaN,NaN,NaN,NaN,NaN,NaN,NaN,NaN,1
2024-08-12T14:14:00-04:00,3.9694565524134093,4,3.9694565524134093,3.9975,3.973443411280538,3.794321058871403,3.6949627463275654,0,0,19639,19638,0,0,0,0,NaN,NaN,71.86909149783793,NaN,NaN,NaN,3.966713515880011,3.975413675,NaN,NaN,NaN,NaN,NaN,NaN,NaN,NaN,NaN,NaN,1,0,0,0,0,NaN,NaN,71.86909149783793,NaN,NaN,NaN,3.966713515880011,3.975413675,NaN,NaN,NaN,NaN,NaN,NaN,NaN,NaN,NaN,NaN,1
2024-08-12T14:15:00-04:00,3.9834782762067045,4.03,3.9834782762067045,4.01295,3.9806264274113494,3.797658905300847,3.699032357232958,0,0,19639,19638,0,0,0,0,NaN,NaN,72.48549768850002,NaN,NaN,NaN,3.966713515880011,3.975413675,NaN,NaN,NaN,NaN,NaN,NaN,NaN,NaN,NaN,NaN,1,0,0,0,0,NaN,NaN,72.48549768850002,NaN,NaN,NaN,3.966713515880011,3.975413675,NaN,NaN,NaN,NaN,NaN,NaN,NaN,NaN,NaN,NaN,1
2024-08-12T14:16:00-04:00,3.9982141381033522,4.06,3.9982141381033522,4.04705,3.9927034406092856,3.8014664029298415,3.699896281426316,0,0,19639,19638,0,0,0,0,NaN,NaN,73.22730739591208,NaN,NaN,NaN,3.966713515880011,3.9873364999999996,NaN,NaN,NaN,NaN,NaN,NaN,NaN,NaN,NaN,NaN,1,0,0,0,0,NaN,NaN,73.22730739591208,NaN,NaN,NaN,3.966713515880011,3.9873364999999996,NaN,NaN,NaN,NaN,NaN,NaN,NaN,NaN,NaN,NaN,1
2024-08-12T14:17:00-04:00,4.022632069051676,4.0599,4.015,4.040925,4.0014709968621425,3.8051222593736607,3.7014026255675976,1,0,19639,19638,0,0,0,0,NaN,NaN,73.58621490914958,NaN,NaN,NaN,3.966713515880011,3.9873364999999996,NaN,NaN,NaN,NaN,NaN,NaN,NaN,NaN,NaN,NaN,1,0,0,0,0,NaN,NaN,73.58621490914958,NaN,NaN,NaN,3.966713515880011,3.9873364999999996,NaN,NaN,NaN,NaN,NaN,NaN,NaN,NaN,NaN,NaN,1
2024-08-12T14:18:00-04:00,4.031778534525838,4.031778534525838,4.0157,4.0157,4.004058088341753,3.8083371867114675,3.701548384640831,0,0,19639,19638,0,0,0,0,NaN,NaN,73.84713134853563,NaN,NaN,NaN,3.966713515880011,3.9873364999999996,NaN,NaN,NaN,NaN,NaN,NaN,NaN,NaN,NaN,NaN,1,0,0,0,0,NaN,NaN,73.84713134853563,NaN,NaN,NaN,3.966713515880011,3.9873364999999996,NaN,NaN,NaN,NaN,NaN,NaN,NaN,NaN,NaN,NaN,1
2024-08-12T14:19:00-04:00,4.023739267262918,4.1,4.023739267262918,4.074949999999999,4.016947526825071,3.812407611341827,3.7030969961267153,1,0,19639,19638,0,0,0,0,NaN,NaN,74.77305703363297,NaN,NaN,NaN,3.966713515880011,4.003496405,NaN,NaN,NaN,NaN,NaN,NaN,NaN,NaN,NaN,NaN,1,0,0,0,0,NaN,NaN,74.77305703363297,NaN,NaN,NaN,3.966713515880011,4.003496405,NaN,NaN,NaN,NaN,NaN,NaN,NaN,NaN,NaN,NaN,1
2024-08-12T14:20:00-04:00,4.049344633631459,4.052,4.049344633631459,4.052,4.023320703765967,3.8160655104053105,3.7032043875754477,0,0,19639,19638,0,0,0,0,NaN,NaN,75.62378164780671,NaN,NaN,NaN,3.966713515880011,4.003496405,NaN,NaN,NaN,NaN,NaN,NaN,NaN,NaN,NaN,NaN,1,0,0,0,0,NaN,NaN,75.62378164780671,NaN,NaN,NaN,3.966713515880011,4.003496405,NaN,NaN,NaN,NaN,NaN,NaN,NaN,NaN,NaN,NaN,1
2024-08-12T14:21:00-04:00,4.05067231681573,4.0788,4.04,4.0594,4.0298805758085186,3.819780540780802,3.706517188486272,0,0,19639,19638,0,0,0,0,NaN,NaN,76.60720478499617,NaN,NaN,NaN,3.966713515880011,4.003496405,NaN,NaN,NaN,NaN,NaN,NaN,NaN,NaN,NaN,NaN,1,0,0,0,0,NaN,NaN,76.60720478499617,NaN,NaN,NaN,3.966713515880011,4.003496405,NaN,NaN,NaN,NaN,NaN,NaN,NaN,NaN,NaN,NaN,1
2024-08-12T14:22:00-04:00,4.055036158407865,4.07,4.055036158407865,4.07,4.037175016570606,3.823600685196362,3.7067387304617845,0,0,19639,19638,0,0,0,0,NaN,NaN,77.51730493302738,NaN,NaN,NaN,3.966713515880011,4.003496405,NaN,NaN,NaN,NaN,NaN,NaN,NaN,NaN,NaN,NaN,1,0,0,0,0,NaN,NaN,77.51730493302738,NaN,NaN,NaN,3.966713515880011,4.003496405,NaN,NaN,NaN,NaN,NaN,NaN,NaN,NaN,NaN,NaN,1
2024-08-12T14:23:00-04:00,4.062518079203933,4.0883,4.062518079203933,4.0883,4.046470468103223,3.827641896109395,3.706796861793051,0,0,19639,19638,0,0,0,0,NaN,NaN,78.84066386953796,NaN,NaN,NaN,3.966713515880011,4.0148591207,NaN,NaN,NaN,NaN,NaN,NaN,NaN,NaN,NaN,NaN,1,0,0,0,0,NaN,NaN,78.84066386953796,NaN,NaN,NaN,3.966713515880011,4.0148591207,NaN,NaN,NaN,NaN,NaN,NaN,NaN,NaN,NaN,NaN,1
2024-08-12T14:24:00-04:00,4.075409039601967,4.09,4.0658,4.0779,4.052184928448091,3.8314626305199386,3.7075422289679616,0,0,19639,19638,0,0,0,0,NaN,NaN,80.37112698395163,NaN,NaN,NaN,3.966713515880011,4.0148591207,NaN,NaN,NaN,NaN,NaN,NaN,NaN,NaN,NaN,NaN,1,0,0,0,0,NaN,NaN,80.37112698395163,NaN,NaN,NaN,3.966713515880011,4.0148591207,NaN,NaN,NaN,NaN,NaN,NaN,NaN,NaN,NaN,NaN,1
2024-08-12T14:25:00-04:00,4.076654519800983,4.15,4.07,4.1075,4.062242214184802,3.835676941504367,3.7129538246190292,1,0,19639,19638,0,0,0,0,NaN,NaN,81.63510466792832,NaN,NaN,NaN,3.966713515880011,4.031932799837,NaN,NaN,NaN,NaN,NaN,NaN,NaN,NaN,NaN,NaN,1,0,0,0,0,NaN,NaN,81.63510466792832,NaN,NaN,NaN,3.966713515880011,4.031932799837,NaN,NaN,NaN,NaN,NaN,NaN,NaN,NaN,NaN,NaN,1
2024-08-12T14:26:00-04:00,4.092077259900492,4.16,4.092077259900492,4.15,4.078198175242111,3.840475766824911,3.7168634356168364,0,0,19639,19638,0,0,0,0,NaN,NaN,82.16269696700199,NaN,NaN,NaN,4.0013008714972935,4.06480086385656,NaN,NaN,NaN,NaN,NaN,NaN,NaN,NaN,NaN,NaN,1,0,0,0,0,NaN,NaN,82.16269696700199,NaN,NaN,NaN,4.0013008714972935,4.06480086385656,NaN,NaN,NaN,NaN,NaN,NaN,NaN,NaN,NaN,NaN,1
2024-08-12T14:27:00-04:00,4.121038629950246,4.15,4.121038629950246,4.15,4.091253052470818,3.8452013276367447,3.7171497556385105,0,0,19639,19638,0,0,0,0,NaN,NaN,82.83597781264255,NaN,NaN,NaN,4.079955037691458,4.06480086385656,NaN,NaN,NaN,NaN,NaN,NaN,NaN,NaN,NaN,NaN,1,0,0,0,0,NaN,NaN,82.83597781264255,NaN,NaN,NaN,4.079955037691458,4.06480086385656,NaN,NaN,NaN,NaN,NaN,NaN,NaN,NaN,NaN,NaN,1
2024-08-12T14:28:00-04:00,4.135519314975124,4.16,4.135519314975124,4.159800000000001,4.10371613383976,3.850004360802596,3.7173797779024924,0,0,19639,19638,0,0,0,0,NaN,NaN,83.93126092503593,NaN,NaN,NaN,4.089891056509033,4.083215734278076,NaN,NaN,NaN,NaN,NaN,NaN,NaN,NaN,NaN,NaN,1,0,0,0,0,NaN,NaN,83.93126092503593,NaN,NaN,NaN,4.089891056509033,4.083215734278076,NaN,NaN,NaN,NaN,NaN,NaN,NaN,NaN,NaN,NaN,1
2024-08-12T14:29:00-04:00,4.147659657487562,4.1799,4.147659657487562,4.1719,4.1161132004143495,3.854918798042251,3.71965532668461,0,0,19639,19638,0,0,0,0,NaN,NaN,84.91282823861457,NaN,NaN,NaN,4.102058498229504,4.104139902108022,NaN,NaN,NaN,NaN,NaN,NaN,NaN,NaN,NaN,NaN,1,0,0,0,0,NaN,NaN,84.91282823861457,NaN,NaN,NaN,4.102058498229504,4.104139902108022,NaN,NaN,NaN,NaN,NaN,NaN,NaN,NaN,NaN,NaN,1
2024-08-12T14:30:00-04:00,4.1597798287437815,4.16,4.13,4.1525,4.122728982157195,3.8594620224996214,3.721018760538448,0,0,19639,19638,0,0,0,0,NaN,NaN,85.8686176344425,NaN,NaN,NaN,4.102058498229504,4.104139902108022,NaN,NaN,NaN,NaN,NaN,NaN,NaN,NaN,NaN,NaN,1,0,0,0,0,NaN,NaN,85.8686176344425,NaN,NaN,NaN,4.102058498229504,4.104139902108022,NaN,NaN,NaN,NaN,NaN,NaN,NaN,NaN,NaN,NaN,1
2024-08-12T14:31:00-04:00,4.156139914371891,4.156139914371891,4.13,4.1339500000000005,4.124769167219523,3.8636526786446654,3.721686579427517,0,0,19639,19638,0,0,0,0,NaN,NaN,86.52753680566273,NaN,NaN,NaN,4.102058498229504,4.104139902108022,NaN,NaN,NaN,NaN,NaN,NaN,NaN,NaN,NaN,NaN,1,0,0,0,0,NaN,NaN,86.52753680566273,NaN,NaN,NaN,4.102058498229504,4.104139902108022,NaN,NaN,NaN,NaN,NaN,NaN,NaN,NaN,NaN,NaN,1
2024-08-12T14:32:00-04:00,4.145044957185945,4.17,4.145044957185945,4.17,4.132992954997792,3.8683297369859684,3.721917155710928,0,0,19639,19638,0,0,0,0,NaN,NaN,87.28426711013897,NaN,NaN,NaN,4.102058498229504,4.104139902108022,NaN,NaN,NaN,NaN,NaN,NaN,NaN,NaN,NaN,NaN,1,0,0,0,0,NaN,NaN,87.28426711013897,NaN,NaN,NaN,4.102058498229504,4.104139902108022,NaN,NaN,NaN,NaN,NaN,NaN,NaN,NaN,NaN,NaN,1
2024-08-12T14:33:00-04:00,4.1575224785929725,4.1575224785929725,4.138,4.144,4.134994235907284,3.872538443291526,3.722041168058103,0,0,19639,19638,0,0,0,0,NaN,NaN,87.81709885329445,NaN,NaN,NaN,4.102058498229504,4.104139902108022,NaN,NaN,NaN,NaN,NaN,NaN,NaN,NaN,NaN,NaN,1,0,0,0,0,NaN,NaN,87.81709885329445,NaN,NaN,NaN,4.102058498229504,4.104139902108022,NaN,NaN,NaN,NaN,NaN,NaN,NaN,NaN,NaN,NaN,1
2024-08-12T14:34:00-04:00,4.150761239296486,4.150761239296486,4.14,4.145025,4.136818011196868,3.8766985433939456,3.7260291659148117,0,0,19639,19638,0,0,0,0,NaN,NaN,88.26718655634393,NaN,NaN,NaN,4.102058498229504,4.104139902108022,NaN,NaN,NaN,NaN,NaN,NaN,NaN,NaN,NaN,NaN,1,0,0,0,0,NaN,NaN,88.26718655634393,NaN,NaN,NaN,4.102058498229504,4.104139902108022,NaN,NaN,NaN,NaN,NaN,NaN,NaN,NaN,NaN,NaN,1
2024-08-12T14:35:00-04:00,4.147893119648243,4.1699,4.147893119648243,4.16245,4.141478372797438,3.8810611610520533,3.7298066655967332,0,0,19639,19638,0,0,0,0,NaN,NaN,88.5636168860506,NaN,NaN,NaN,4.102058498229504,4.104139902108022,NaN,NaN,NaN,NaN,NaN,NaN,NaN,NaN,NaN,NaN,1,0,0,0,0,NaN,NaN,88.5636168860506,NaN,NaN,NaN,4.102058498229504,4.104139902108022,NaN,NaN,NaN,NaN,NaN,NaN,NaN,NaN,NaN,NaN,1
2024-08-12T14:36:00-04:00,4.1551715598241215,4.17,4.13,4.144399999999999,4.142009577743358,3.885081601341335,3.733654057230202,0,0,19639,19638,0,0,0,0,NaN,NaN,88.5758259943434,NaN,NaN,NaN,4.102058498229504,4.104139902108022,NaN,NaN,NaN,NaN,NaN,NaN,NaN,NaN,NaN,NaN,1,0,0,0,0,NaN,NaN,88.5758259943434,NaN,NaN,NaN,4.102058498229504,4.104139902108022,NaN,NaN,NaN,NaN,NaN,NaN,NaN,NaN,NaN,NaN,1
2024-08-12T14:37:00-04:00,4.14978577991206,4.14978577991206,4.095,4.104749999999999,4.135235109062747,3.888435317351391,3.7343940460873983,0,0,19639,19638,0,0,0,0,NaN,NaN,88.18897594907496,NaN,NaN,NaN,4.102058498229504,4.104139902108022,NaN,NaN,NaN,NaN,NaN,NaN,NaN,NaN,NaN,NaN,1,0,0,0,0,NaN,NaN,88.18897594907496,NaN,NaN,NaN,4.102058498229504,4.104139902108022,NaN,NaN,NaN,NaN,NaN,NaN,NaN,NaN,NaN,NaN,1
2024-08-12T14:38:00-04:00,4.12726788995603,4.12726788995603,4.075,4.0775,4.124737816505884,3.8913218010559496,3.734735792876684,0,0,19639,19638,0,0,0,0,NaN,NaN,87.1611442061474,NaN,NaN,NaN,4.102058498229504,4.104139902108022,NaN,NaN,NaN,NaN,NaN,NaN,NaN,NaN,NaN,NaN,1,0,0,0,0,NaN,NaN,87.1611442061474,NaN,NaN,NaN,4.102058498229504,4.104139902108022,NaN,NaN,NaN,NaN,NaN,NaN,NaN,NaN,NaN,NaN,1
2024-08-12T14:39:00-04:00,4.102383944978015,4.102383944978015,4.002,4.035775,4.108562758959359,3.8935271934062405,3.736461437202652,0,0,19639,19638,0,0,0,0,NaN,NaN,85.0319868629874,NaN,NaN,NaN,4.102058498229504,4.089544375,NaN,NaN,NaN,NaN,NaN,NaN,NaN,NaN,NaN,NaN,1,0,0,0,0,NaN,NaN,85.0319868629874,NaN,NaN,NaN,4.102058498229504,4.089544375,NaN,NaN,NaN,NaN,NaN,NaN,NaN,NaN,NaN,NaN,1
2024-08-12T14:40:00-04:00,4.069079472489007,4.069079472489007,4.02,4.035,4.095187711875839,3.8956870835832444,3.7371240159330834,0,0,19639,19638,0,0,0,0,NaN,NaN,82.74950942887776,NaN,NaN,NaN,4.102058498229504,4.08753216875,NaN,NaN,NaN,NaN,NaN,NaN,NaN,NaN,NaN,NaN,1,0,0,0,0,NaN,NaN,82.74950942887776,NaN,NaN,NaN,4.102058498229504,4.08753216875,NaN,NaN,NaN,NaN,NaN,NaN,NaN,NaN,NaN,NaN,1
2024-08-12T14:41:00-04:00,4.052039736244504,4.052039736244504,4.0455,4.0455,4.086153582443869,3.89797430368121,3.73716760289104,0,0,19639,19638,0,0,0,0,NaN,NaN,80.67333471659792,NaN,NaN,NaN,4.102058498229504,4.08753216875,NaN,NaN,NaN,NaN,NaN,NaN,NaN,NaN,NaN,NaN,1,0,0,0,0,NaN,NaN,80.67333471659792,NaN,NaN,NaN,4.102058498229504,4.08753216875,NaN,NaN,NaN,NaN,NaN,NaN,NaN,NaN,NaN,NaN,1
2024-08-12T14:42:00-04:00,4.0487698681222515,4.0487698681222515,4.03,4.036,4.077034749272256,3.900081566220428,3.737399731620543,0,0,19639,19638,0,0,0,0,NaN,NaN,78.21480947932086,NaN,NaN,NaN,4.102058498229504,4.08753216875,NaN,NaN,NaN,NaN,NaN,NaN,NaN,NaN,NaN,NaN,1,0,0,0,0,NaN,NaN,78.21480947932086,NaN,NaN,NaN,4.102058498229504,4.08753216875,NaN,NaN,NaN,NaN,NaN,NaN,NaN,NaN,NaN,NaN,1
2024-08-12T14:43:00-04:00,4.0423849340611255,4.069,4.04,4.055425,4.073105703950028,3.9024532216979786,3.73804968121737,0,0,19639,19638,0,0,0,0,NaN,NaN,76.15233088683313,NaN,NaN,NaN,4.102058498229504,4.08753216875,NaN,NaN,NaN,NaN,NaN,NaN,NaN,NaN,NaN,NaN,1,0,0,0,0,NaN,NaN,76.15233088683313,NaN,NaN,NaN,4.102058498229504,4.08753216875,NaN,NaN,NaN,NaN,NaN,NaN,NaN,NaN,NaN,NaN,1
2024-08-12T14:44:00-04:00,4.048904967030563,4.08,4.048904967030563,4.0649999999999995,4.071631939595477,3.904934851901063,3.7385328277479557,0,0,19639,19638,0,0,0,0,NaN,NaN,74.24553257128215,NaN,NaN,NaN,4.102058498229504,4.08753216875,NaN,NaN,NaN,NaN,NaN,NaN,NaN,NaN,NaN,NaN,1,0,0,0,0,NaN,NaN,74.24553257128215,NaN,NaN,NaN,4.102058498229504,4.08753216875,NaN,NaN,NaN,NaN,NaN,NaN,NaN,NaN,NaN,NaN,1
2024-08-12T14:45:00-04:00,4.056952483515281,4.1,4.056952483515281,4.0859000000000005,4.0742261323963,3.9076976785895963,3.7389722573814446,0,0,19639,19638,0,0,0,0,NaN,NaN,72.75331092485658,NaN,NaN,NaN,4.102058498229504,4.08753216875,NaN,NaN,NaN,NaN,NaN,NaN,NaN,NaN,NaN,NaN,1,0,0,0,0,NaN,NaN,72.75331092485658,NaN,NaN,NaN,4.102058498229504,4.08753216875,NaN,NaN,NaN,NaN,NaN,NaN,NaN,NaN,NaN,NaN,1
2024-08-12T14:46:00-04:00,4.07142624175764,4.1,4.0553,4.083824999999999,4.0759713810515175,3.9103866453286864,3.740038246337149,0,0,19639,19638,0,0,0,0,NaN,NaN,71.18281770851874,NaN,NaN,NaN,4.102058498229504,4.08753216875,NaN,NaN,NaN,NaN,NaN,NaN,NaN,NaN,NaN,NaN,1,0,0,0,0,NaN,NaN,71.18281770851874,NaN,NaN,NaN,4.102058498229504,4.08753216875,NaN,NaN,NaN,NaN,NaN,NaN,NaN,NaN,NaN,NaN,1
2024-08-12T14:47:00-04:00,4.07762562087882,4.0975,4.075,4.0868,4.077940220860333,3.9130799789877906,3.7434255501309845,0,0,19639,19638,0,0,0,0,NaN,NaN,69.63655934104739,NaN,NaN,NaN,4.102058498229504,4.08753216875,NaN,NaN,NaN,NaN,NaN,NaN,NaN,NaN,NaN,NaN,1,0,0,0,0,NaN,NaN,69.63655934104739,NaN,NaN,NaN,4.102058498229504,4.08753216875,NaN,NaN,NaN,NaN,NaN,NaN,NaN,NaN,NaN,NaN,1
2024-08-12T14:48:00-04:00,4.08221281043941,4.09,4.08,4.0825,4.078769271612999,3.915666544194084,3.7439657453777966,0,0,19639,19638,0,0,0,0,NaN,NaN,68.21602642861198,NaN,NaN,NaN,4.102058498229504,4.08753216875,NaN,NaN,NaN,NaN,NaN,NaN,NaN,NaN,NaN,NaN,1,0,0,0,0,NaN,NaN,68.21602642861198,NaN,NaN,NaN,4.102058498229504,4.08753216875,NaN,NaN,NaN,NaN,NaN,NaN,NaN,NaN,NaN,NaN,1
2024-08-12T14:49:00-04:00,4.082356405219705,4.1102,4.082356405219705,4.100099999999999,4.082647585865181,3.9184823221453193,3.7444584315452056,0,0,19639,19638,0,0,0,0,NaN,NaN,67.03109969895273,NaN,NaN,NaN,4.102058498229504,4.08753216875,NaN,NaN,NaN,NaN,NaN,NaN,NaN,NaN,NaN,NaN,1,0,0,0,0,NaN,NaN,67.03109969895273,NaN,NaN,NaN,4.102058498229504,4.08753216875,NaN,NaN,NaN,NaN,NaN,NaN,NaN,NaN,NaN,NaN,1
2024-08-12T14:51:00-04:00,4.091228202609852,4.12,4.08,4.1,4.08580257025333,3.921253584402643,3.7452299673598244,0,0,19639,19638,0,0,0,0,NaN,NaN,65.87431014258722,NaN,NaN,NaN,4.102058498229504,4.08753216875,NaN,NaN,NaN,NaN,NaN,NaN,NaN,NaN,NaN,NaN,1,0,0,0,0,NaN,NaN,65.87431014258722,NaN,NaN,NaN,4.102058498229504,4.08753216875,NaN,NaN,NaN,NaN,NaN,NaN,NaN,NaN,NaN,NaN,1
2024-08-12T14:52:00-04:00,4.095614101304926,4.13,4.095614101304926,4.125,4.092929375661815,3.9243642167018393,3.7457958312255766,1,0,19639,19638,0,0,0,0,NaN,NaN,65.29509101730056,NaN,NaN,NaN,4.102058498229504,4.08753216875,NaN,NaN,NaN,NaN,NaN,NaN,NaN,NaN,NaN,NaN,1,0,0,0,0,NaN,NaN,65.29509101730056,NaN,NaN,NaN,4.102058498229504,4.08753216875,NaN,NaN,NaN,NaN,NaN,NaN,NaN,NaN,NaN,NaN,1
2024-08-12T14:54:00-04:00,4.110307050652462,4.13,4.110307050652462,4.13,4.099669489177849,3.927503694309445,3.745901717078111,0,0,19639,19638,0,0,0,0,NaN,NaN,65.01361421634049,NaN,NaN,NaN,4.102058498229504,4.08753216875,NaN,NaN,NaN,NaN,NaN,NaN,NaN,NaN,NaN,NaN,1,0,0,0,0,NaN,NaN,65.01361421634049,NaN,NaN,NaN,4.102058498229504,4.08753216875,NaN,NaN,NaN,NaN,NaN,NaN,NaN,NaN,NaN,NaN,1
2024-08-12T14:55:00-04:00,4.120153525326231,4.120153525326231,4.12,4.12005,4.103375036600058,3.9304433325642623,3.7460609611310676,0,0,19639,19638,0,0,0,0,NaN,NaN,64.26753953319616,NaN,NaN,NaN,4.102058498229504,4.08753216875,NaN,NaN,NaN,NaN,NaN,NaN,NaN,NaN,NaN,NaN,1,0,0,0,0,NaN,NaN,64.26753953319616,NaN,NaN,NaN,4.102058498229504,4.08753216875,NaN,NaN,NaN,NaN,NaN,NaN,NaN,NaN,NaN,NaN,1
2024-08-12T14:56:00-04:00,4.120101762663115,4.1499,4.120101762663115,4.1499,4.111834120854593,3.9337938160365638,3.746116578375825,0,0,19639,19638,0,0,0,0,NaN,NaN,63.80081216777362,NaN,NaN,NaN,4.102058498229504,4.095897,NaN,NaN,NaN,NaN,NaN,NaN,NaN,NaN,NaN,NaN,1,0,0,0,0,NaN,NaN,63.80081216777362,NaN,NaN,NaN,4.102058498229504,4.095897,NaN,NaN,NaN,NaN,NaN,NaN,NaN,NaN,NaN,NaN,1
2024-08-12T14:58:00-04:00,4.135000881331557,4.135000881331557,4.07,4.10215,4.110073371608303,3.936364139455853,3.7463826307340424,0,0,19639,19638,0,0,0,0,NaN,NaN,62.155525526683476,NaN,NaN,NaN,4.102058498229504,4.095897,NaN,NaN,NaN,NaN,NaN,NaN,NaN,NaN,NaN,NaN,1,0,0,0,0,NaN,NaN,62.155525526683476,NaN,NaN,NaN,4.102058498229504,4.095897,NaN,NaN,NaN,NaN,NaN,NaN,NaN,NaN,NaN,NaN,1
2024-08-12T14:59:00-04:00,4.118575440665778,4.13,4.118575440665778,4.13,4.113696394952248,3.939320412135916,3.7464354162796676,1,0,19639,19638,0,0,0,0,NaN,NaN,61.227663509796294,NaN,NaN,NaN,4.102058498229504,4.095897,NaN,NaN,NaN,NaN,NaN,NaN,NaN,NaN,NaN,NaN,1,0,0,0,0,NaN,NaN,61.227663509796294,NaN,NaN,NaN,4.102058498229504,4.095897,NaN,NaN,NaN,NaN,NaN,NaN,NaN,NaN,NaN,NaN,1
2024-08-12T15:00:00-04:00,4.124287720332889,4.124287720332889,4.09,4.09,4.1093879595063845,3.9416208638590318,3.746529938874498,0,0,19639,19638,0,0,0,0,NaN,NaN,59.31421365366808,NaN,NaN,NaN,4.102058498229504,4.095897,NaN,NaN,NaN,NaN,NaN,NaN,NaN,NaN,NaN,NaN,1,0,0,0,0,NaN,NaN,59.31421365366808,NaN,NaN,NaN,4.102058498229504,4.095897,NaN,NaN,NaN,NaN,NaN,NaN,NaN,NaN,NaN,NaN,1
2024-08-12T15:01:00-04:00,4.1071438601664445,4.12,4.0999,4.1099749999999995,4.1094946941415875,3.9441911560138556,3.7467697617424154,0,0,19639,19638,0,0,0,0,NaN,NaN,58.36692537353609,NaN,NaN,NaN,4.102058498229504,4.095897,NaN,NaN,NaN,NaN,NaN,NaN,NaN,NaN,NaN,NaN,1,0,0,0,0,NaN,NaN,58.36692537353609,NaN,NaN,NaN,4.102058498229504,4.095897,NaN,NaN,NaN,NaN,NaN,NaN,NaN,NaN,NaN,NaN,1
2024-08-12T15:03:00-04:00,4.108559430083222,4.19,4.108559430083222,4.1655,4.119677477024935,3.9475699169907434,3.749602153080159,1,0,19639,19638,0,0,0,0,NaN,NaN,58.76524145041252,NaN,NaN,NaN,4.102058498229504,4.10555109,NaN,NaN,NaN,NaN,NaN,NaN,NaN,NaN,NaN,NaN,1,0,0,0,0,NaN,NaN,58.76524145041252,NaN,NaN,NaN,4.102058498229504,4.10555109,NaN,NaN,NaN,NaN,NaN,NaN,NaN,NaN,NaN,NaN,1
2024-08-12T15:04:00-04:00,4.137029715041611,4.18,4.137029715041611,4.175,4.129736117565856,3.9510421319985185,3.7503732729576087,0,0,19639,19638,0,0,0,0,NaN,NaN,58.931182965576966,NaN,NaN,NaN,4.102058498229504,4.114183024599999,NaN,NaN,NaN,NaN,NaN,NaN,NaN,NaN,NaN,NaN,1,0,0,0,0,NaN,NaN,58.931182965576966,NaN,NaN,NaN,4.102058498229504,4.114183024599999,NaN,NaN,NaN,NaN,NaN,NaN,NaN,NaN,NaN,NaN,1
2024-08-12T15:05:00-04:00,4.156014857520805,4.1799,4.156014857520805,4.17495,4.137956823462973,3.9544605727313655,3.750604614935616,0,0,19639,19638,0,0,0,0,NaN,NaN,58.5919642462956,NaN,NaN,NaN,4.102058498229504,4.114183024599999,NaN,NaN,NaN,NaN,NaN,NaN,NaN,NaN,NaN,NaN,1,0,0,0,0,NaN,NaN,58.5919642462956,NaN,NaN,NaN,4.102058498229504,4.114183024599999,NaN,NaN,NaN,NaN,NaN,NaN,NaN,NaN,NaN,NaN,1
2024-08-12T15:06:00-04:00,4.165482428760402,4.22,4.165482428760402,4.1975,4.148782855560614,3.95817109833852,3.7590995782309014,0,0,19639,19638,0,0,0,0,NaN,NaN,58.48986839940139,NaN,NaN,NaN,4.102058498229504,4.131919052385999,NaN,NaN,NaN,NaN,NaN,NaN,NaN,NaN,NaN,NaN,1,0,0,0,0,NaN,NaN,58.48986839940139,NaN,NaN,NaN,4.102058498229504,4.131919052385999,NaN,NaN,NaN,NaN,NaN,NaN,NaN,NaN,NaN,NaN,1
2024-08-12T15:07:00-04:00,4.181491214380201,4.2,4.181491214380201,4.2,4.158095063640502,3.961863142638695,3.7597055937619266,0,0,19639,19638,0,0,0,0,NaN,NaN,58.63061401733665,NaN,NaN,NaN,4.102058498229504,4.141188766099679,NaN,NaN,NaN,NaN,NaN,NaN,NaN,NaN,NaN,NaN,1,0,0,0,0,NaN,NaN,58.63061401733665,NaN,NaN,NaN,4.102058498229504,4.141188766099679,NaN,NaN,NaN,NaN,NaN,NaN,NaN,NaN,NaN,NaN,1
2024-08-12T15:08:00-04:00,4.190745607190101,4.21,4.18,4.2,4.165714142978593,3.965498819850318,3.7601751372029657,0,0,19639,19638,0,0,0,0,NaN,NaN,59.18501632172677,NaN,NaN,NaN,4.102058498229504,4.141188766099679,NaN,NaN,NaN,NaN,NaN,NaN,NaN,NaN,NaN,NaN,1,0,0,0,0,NaN,NaN,59.18501632172677,NaN,NaN,NaN,4.102058498229504,4.141188766099679,NaN,NaN,NaN,NaN,NaN,NaN,NaN,NaN,NaN,NaN,1
2024-08-12T15:09:00-04:00,4.195372803595051,4.235,4.195,4.215,4.174675207891576,3.969307998173214,3.761485805473367,1,0,19639,19638,0,0,0,0,NaN,NaN,59.98068810045515,NaN,NaN,NaN,4.102058498229504,4.158635451184727,NaN,NaN,NaN,NaN,NaN,NaN,NaN,NaN,NaN,NaN,1,0,0,0,0,NaN,NaN,59.98068810045515,NaN,NaN,NaN,4.102058498229504,4.158635451184727,NaN,NaN,NaN,NaN,NaN,NaN,NaN,NaN,NaN,NaN,1
2024-08-12T15:10:00-04:00,4.205186401797525,4.24,4.205186401797525,4.233725,4.185411533729471,3.973344898964463,3.7636414811970087,0,0,19639,19638,0,0,0,0,NaN,NaN,60.33313552922978,NaN,NaN,NaN,4.102058498229504,4.179828819971476,NaN,NaN,NaN,NaN,NaN,NaN,NaN,NaN,NaN,NaN,1,0,0,0,0,NaN,NaN,60.33313552922978,NaN,NaN,NaN,4.102058498229504,4.179828819971476,NaN,NaN,NaN,NaN,NaN,NaN,NaN,NaN,NaN,NaN,1
2024-08-12T15:11:00-04:00,4.219455700898763,4.24,4.18,4.220000000000001,4.191700345778658,3.9771106256978297,3.765965169873837,0,0,19639,19638,0,0,0,0,NaN,NaN,61.039598016684906,NaN,NaN,NaN,4.102058498229504,4.179828819971476,NaN,NaN,NaN,NaN,NaN,NaN,NaN,NaN,NaN,NaN,1,0,0,0,0,NaN,NaN,61.039598016684906,NaN,NaN,NaN,4.102058498229504,4.179828819971476,NaN,NaN,NaN,NaN,NaN,NaN,NaN,NaN,NaN,NaN,1
2024-08-12T15:13:00-04:00,4.219727850449382,4.2486,4.219727850449382,4.24635,4.2016366465461745,3.981221150496336,3.766416892730747,1,0,19639,19638,0,0,0,0,NaN,NaN,61.3649924438214,NaN,NaN,NaN,4.102058498229504,4.198785142777466,NaN,NaN,NaN,NaN,NaN,NaN,NaN,NaN,NaN,NaN,1,0,0,0,0,NaN,NaN,61.3649924438214,NaN,NaN,NaN,4.102058498229504,4.198785142777466,NaN,NaN,NaN,NaN,NaN,NaN,NaN,NaN,NaN,NaN,1
2024-08-12T15:14:00-04:00,4.23303892522469,4.2499,4.23,4.239975,4.208607256265052,3.9851715909467735,3.7675352888212164,0,0,19639,19638,0,0,0,0,NaN,NaN,61.7530392183444,NaN,NaN,NaN,4.152374309738559,4.198785142777466,NaN,NaN,NaN,NaN,NaN,NaN,NaN,NaN,NaN,NaN,1,0,0,0,0,NaN,NaN,61.7530392183444,NaN,NaN,NaN,4.152374309738559,4.198785142777466,NaN,NaN,NaN,NaN,NaN,NaN,NaN,NaN,NaN,NaN,1
2024-08-12T15:15:00-04:00,4.236506962612346,4.24,4.236506962612346,4.24,4.214315027853224,3.989062101008655,3.767845033907328,0,0,19639,19638,0,0,0,0,NaN,NaN,62.23601129995716,NaN,NaN,NaN,4.171531121021606,4.198785142777466,NaN,NaN,NaN,NaN,NaN,NaN,NaN,NaN,NaN,NaN,1,0,0,0,0,NaN,NaN,62.23601129995716,NaN,NaN,NaN,4.171531121021606,4.198785142777466,NaN,NaN,NaN,NaN,NaN,NaN,NaN,NaN,NaN,NaN,1
2024-08-12T15:16:00-04:00,4.238253481306173,4.249,4.23,4.239750000000001,4.218939568243547,3.992889397176462,3.7693007939262277,0,0,19639,19638,0,0,0,0,NaN,NaN,62.854098300370644,NaN,NaN,NaN,4.171531121021606,4.198785142777466,NaN,NaN,NaN,NaN,NaN,NaN,NaN,NaN,NaN,NaN,1,0,0,0,0,NaN,NaN,62.854098300370644,NaN,NaN,NaN,4.171531121021606,4.198785142777466,NaN,NaN,NaN,NaN,NaN,NaN,NaN,NaN,NaN,NaN,1
2024-08-12T15:17:00-04:00,4.239001740653087,4.25,4.23,4.237500000000001,4.222314192199266,3.9966239101966687,3.771670049309549,0,0,19639,19638,0,0,0,0,NaN,NaN,64.15097384270678,NaN,NaN,NaN,4.171531121021606,4.198785142777466,NaN,NaN,NaN,NaN,NaN,NaN,NaN,NaN,NaN,NaN,1,0,0,0,0,NaN,NaN,64.15097384270678,NaN,NaN,NaN,4.171531121021606,4.198785142777466,NaN,NaN,NaN,NaN,NaN,NaN,NaN,NaN,NaN,NaN,1
2024-08-12T15:18:00-04:00,4.238250870326544,4.24,4.23,4.235025,4.224625248163036,4.000263621491376,3.772001245958246,0,0,19639,19638,0,0,0,0,NaN,NaN,66.53597884458937,NaN,NaN,NaN,4.171531121021606,4.198785142777466,NaN,NaN,NaN,NaN,NaN,NaN,NaN,NaN,NaN,NaN,1,0,0,0,0,NaN,NaN,66.53597884458937,NaN,NaN,NaN,4.171531121021606,4.198785142777466,NaN,NaN,NaN,NaN,NaN,NaN,NaN,NaN,NaN,NaN,1
2024-08-12T15:19:00-04:00,4.236637935163272,4.2499,4.236637935163272,4.24495,4.228320657587939,4.0039992913922715,3.772492450322485,0,0,19639,19638,0,0,0,0,NaN,NaN,68.46247693056252,NaN,NaN,NaN,4.171531121021606,4.198785142777466,NaN,NaN,NaN,NaN,NaN,NaN,NaN,NaN,NaN,NaN,1,0,0,0,0,NaN,NaN,68.46247693056252,NaN,NaN,NaN,4.171531121021606,4.198785142777466,NaN,NaN,NaN,NaN,NaN,NaN,NaN,NaN,NaN,NaN,1
2024-08-12T15:20:00-04:00,4.240793967581636,4.240793967581636,4.2,4.212549999999999,4.2254532652992225,4.007183271676359,3.7767667322449965,0,0,19639,19638,0,0,0,0,NaN,NaN,69.01232613775495,NaN,NaN,NaN,4.171531121021606,4.198785142777466,NaN,NaN,NaN,NaN,NaN,NaN,NaN,NaN,NaN,NaN,1,0,0,0,0,NaN,NaN,69.01232613775495,NaN,NaN,NaN,4.171531121021606,4.198785142777466,NaN,NaN,NaN,NaN,NaN,NaN,NaN,NaN,NaN,NaN,1
2024-08-12T15:21:00-04:00,4.226671983790817,4.226671983790817,4.18,4.195,4.219916307972091,4.010050702643133,3.777746803020586,0,0,19639,19638,0,0,0,0,NaN,NaN,68.94687639623626,NaN,NaN,NaN,4.171531121021606,4.198785142777466,NaN,NaN,NaN,NaN,NaN,NaN,NaN,NaN,NaN,NaN,1,0,0,0,0,NaN,NaN,68.94687639623626,NaN,NaN,NaN,4.171531121021606,4.198785142777466,NaN,NaN,NaN,NaN,NaN,NaN,NaN,NaN,NaN,NaN,1
2024-08-12T15:22:00-04:00,4.210835991895409,4.210835991895409,4.205,4.205,4.217204251977165,4.013027027793619,3.7778563761941397,0,0,19639,19638,0,0,0,0,NaN,NaN,68.34815163373908,NaN,NaN,NaN,4.171531121021606,4.198785142777466,NaN,NaN,NaN,NaN,NaN,NaN,NaN,NaN,NaN,NaN,1,0,0,0,0,NaN,NaN,68.34815163373908,NaN,NaN,NaN,4.171531121021606,4.198785142777466,NaN,NaN,NaN,NaN,NaN,NaN,NaN,NaN,NaN,NaN,1
2024-08-12T15:24:00-04:00,4.207917995947705,4.25,4.1982,4.2216000000000005,4.218003478890408,4.016211347979976,3.780867497274503,0,0,19639,19638,0,0,0,0,NaN,NaN,67.82776873968363,NaN,NaN,NaN,4.171531121021606,4.198785142777466,NaN,NaN,NaN,NaN,NaN,NaN,NaN,NaN,NaN,NaN,1,0,0,0,0,NaN,NaN,67.82776873968363,NaN,NaN,NaN,4.171531121021606,4.198785142777466,NaN,NaN,NaN,NaN,NaN,NaN,NaN,NaN,NaN,NaN,1
2024-08-12T15:25:00-04:00,4.214758997973853,4.2491,4.214758997973853,4.234775,4.221052846364879,4.0195481976291365,3.7813871871175633,0,0,19639,19638,0,0,0,0,NaN,NaN,67.58187729932527,NaN,NaN,NaN,4.171531121021606,4.198785142777466,NaN,NaN,NaN,NaN,NaN,NaN,NaN,NaN,NaN,NaN,1,0,0,0,0,NaN,NaN,67.58187729932527,NaN,NaN,NaN,4.171531121021606,4.198785142777466,NaN,NaN,NaN,NaN,NaN,NaN,NaN,NaN,NaN,NaN,1
2024-08-12T15:26:00-04:00,4.224766998986926,4.24,4.22,4.234999999999999,4.223588692480355,4.0228375381233485,3.7828252592324407,0,0,19639,19638,0,0,0,0,NaN,NaN,67.13854065109747,NaN,NaN,NaN,4.171531121021606,4.198785142777466,NaN,NaN,NaN,NaN,NaN,NaN,NaN,NaN,NaN,NaN,1,0,0,0,0,NaN,NaN,67.13854065109747,NaN,NaN,NaN,4.171531121021606,4.198785142777466,NaN,NaN,NaN,NaN,NaN,NaN,NaN,NaN,NaN,NaN,1
2024-08-12T15:27:00-04:00,4.229883499493463,4.27,4.229883499493463,4.2475000000000005,4.227936202938473,4.026267499373374,3.790528395184512,0,0,19639,19638,0,0,0,0,NaN,NaN,66.81941994100508,NaN,NaN,NaN,4.171531121021606,4.2109137085108745,NaN,NaN,NaN,NaN,NaN,NaN,NaN,NaN,NaN,NaN,1,0,0,0,0,NaN,NaN,66.81941994100508,NaN,NaN,NaN,4.171531121021606,4.2109137085108745,NaN,NaN,NaN,NaN,NaN,NaN,NaN,NaN,NaN,NaN,1
2024-08-12T15:28:00-04:00,4.238691749746732,4.26,4.238691749746732,4.2509,4.232111438767841,4.029697003199734,3.790729250138054,0,0,19639,19638,0,0,0,0,NaN,NaN,66.63374891634216,NaN,NaN,NaN,4.171531121021606,4.222951007212938,NaN,NaN,NaN,NaN,NaN,NaN,NaN,NaN,NaN,NaN,1,0,0,0,0,NaN,NaN,66.63374891634216,NaN,NaN,NaN,4.171531121021606,4.222951007212938,NaN,NaN,NaN,NaN,NaN,NaN,NaN,NaN,NaN,NaN,1
2024-08-12T15:29:00-04:00,4.244795874873366,4.27,4.238,4.252574999999999,4.2358320862645975,4.033099720708135,3.7938303559489075,0,0,19639,19638,0,0,0,0,NaN,NaN,66.68710881841487,NaN,NaN,NaN,4.171531121021606,4.232424455049056,NaN,NaN,NaN,NaN,NaN,NaN,NaN,NaN,NaN,NaN,1,0,0,0,0,NaN,NaN,66.68710881841487,NaN,NaN,NaN,4.171531121021606,4.232424455049056,NaN,NaN,NaN,NaN,NaN,NaN,NaN,NaN,NaN,NaN,1
2024-08-12T15:30:00-04:00,4.2486854374366825,4.256,4.2486854374366825,4.253,4.23895352512558,4.03645697688053,3.7946815696587994,0,0,19639,19638,0,0,0,0,NaN,NaN,66.41752811039123,NaN,NaN,NaN,4.171531121021606,4.2393567598828685,NaN,NaN,NaN,NaN,NaN,NaN,NaN,NaN,NaN,NaN,1,0,0,0,0,NaN,NaN,66.41752811039123,NaN,NaN,NaN,4.171531121021606,4.2393567598828685,NaN,NaN,NaN,NaN,NaN,NaN,NaN,NaN,NaN,NaN,1
2024-08-12T15:32:00-04:00,4.250842718718341,4.250842718718341,4.2495,4.249750000000001,4.240916520557293,4.039713358912888,3.795859567528388,0,0,19639,19638,0,0,0,0,NaN,NaN,66.02512494255295,NaN,NaN,NaN,4.171531121021606,4.2393567598828685,NaN,NaN,NaN,NaN,NaN,NaN,NaN,NaN,NaN,NaN,1,0,0,0,0,NaN,NaN,66.02512494255295,NaN,NaN,NaN,4.171531121021606,4.2393567598828685,NaN,NaN,NaN,NaN,NaN,NaN,NaN,NaN,NaN,NaN,1
2024-08-12T15:33:00-04:00,4.2502963593591705,4.2502963593591705,4.24,4.245,4.241658971365058,4.0428475061050575,3.7979382478380788,0,0,19639,19638,0,0,0,0,NaN,NaN,65.50773726887769,NaN,NaN,NaN,4.171531121021606,4.2393567598828685,NaN,NaN,NaN,NaN,NaN,NaN,NaN,NaN,NaN,NaN,1,0,0,0,0,NaN,NaN,65.50773726887769,NaN,NaN,NaN,4.171531121021606,4.2393567598828685,NaN,NaN,NaN,NaN,NaN,NaN,NaN,NaN,NaN,NaN,1
2024-08-12T15:34:00-04:00,4.247648179679585,4.2596,4.24,4.247400000000001,4.242702794753229,4.045970444943149,3.798615541148134,0,0,19639,19638,0,0,0,0,NaN,NaN,65.041667524489,NaN,NaN,NaN,4.171531121021606,4.2393567598828685,NaN,NaN,NaN,NaN,NaN,NaN,NaN,NaN,NaN,NaN,1,0,0,0,0,NaN,NaN,65.041667524489,NaN,NaN,NaN,4.171531121021606,4.2393567598828685,NaN,NaN,NaN,NaN,NaN,NaN,NaN,NaN,NaN,NaN,1
2024-08-12T15:35:00-04:00,4.247524089839793,4.255,4.23,4.2425,4.242665922979914,4.0489708961653905,3.800899701146175,0,0,19639,19638,0,0,0,0,NaN,NaN,64.79060430899918,NaN,NaN,NaN,4.171531121021606,4.2393567598828685,NaN,NaN,NaN,NaN,NaN,NaN,NaN,NaN,NaN,NaN,1,0,0,0,0,NaN,NaN,64.79060430899918,NaN,NaN,NaN,4.171531121021606,4.2393567598828685,NaN,NaN,NaN,NaN,NaN,NaN,NaN,NaN,NaN,NaN,1
2024-08-12T15:36:00-04:00,4.245012044919896,4.245012044919896,4.22,4.223749999999999,4.239226664256293,4.051639279430041,3.8020817545164616,0,0,19639,19638,0,0,0,0,NaN,NaN,63.8505216833952,NaN,NaN,NaN,4.171531121021606,4.233109999999999,NaN,NaN,NaN,NaN,NaN,NaN,NaN,NaN,NaN,NaN,1,0,0,0,0,NaN,NaN,63.8505216833952,NaN,NaN,NaN,4.171531121021606,4.233109999999999,NaN,NaN,NaN,NaN,NaN,NaN,NaN,NaN,NaN,NaN,1
2024-08-12T15:38:00-04:00,4.234381022459948,4.24,4.2201,4.230025,4.237553634391513,4.054362725545612,3.803518703273009,0,0,19639,19638,0,0,0,0,NaN,NaN,62.76215384728098,NaN,NaN,NaN,4.171531121021606,4.233109999999999,NaN,NaN,NaN,NaN,NaN,NaN,NaN,NaN,NaN,NaN,1,0,0,0,0,NaN,NaN,62.76215384728098,NaN,NaN,NaN,4.171531121021606,4.233109999999999,NaN,NaN,NaN,NaN,NaN,NaN,NaN,NaN,NaN,NaN,1
2024-08-12T15:40:00-04:00,4.2322030112299736,4.33,4.2322030112299736,4.285,4.246180246320328,4.057883905308275,3.825427901504921,0,0,19639,19638,0,0,0,0,NaN,NaN,63.45461195606629,NaN,NaN,NaN,4.171531121021606,4.25529375,NaN,NaN,NaN,NaN,NaN,NaN,NaN,NaN,NaN,NaN,1,0,0,0,0,NaN,NaN,63.45461195606629,NaN,NaN,NaN,4.171531121021606,4.25529375,NaN,NaN,NaN,NaN,NaN,NaN,NaN,NaN,NaN,NaN,1
2024-08-12T15:41:00-04:00,4.258601505614987,4.38,4.258601505614987,4.3444,4.264038383352996,4.062258196830286,3.8289506615128266,1,0,19639,19638,0,0,0,0,NaN,NaN,63.65114864074688,NaN,NaN,NaN,4.171531121021606,4.2867759375,NaN,NaN,NaN,NaN,NaN,NaN,NaN,NaN,NaN,NaN,1,0,0,0,0,NaN,NaN,63.65114864074688,NaN,NaN,NaN,4.171531121021606,4.2867759375,NaN,NaN,NaN,NaN,NaN,NaN,NaN,NaN,NaN,NaN,1
2024-08-12T15:42:00-04:00,4.3015007528074936,4.39,4.3015007528074936,4.383749999999999,4.2858041318342694,4.067166468634404,3.834581048497559,0,0,19639,19638,0,0,0,0,NaN,NaN,63.5698732733747,NaN,NaN,NaN,4.252851056278193,4.311088881249999,NaN,NaN,NaN,NaN,NaN,NaN,NaN,NaN,NaN,NaN,1,0,0,0,0,NaN,NaN,63.5698732733747,NaN,NaN,NaN,4.252851056278193,4.311088881249999,NaN,NaN,NaN,NaN,NaN,NaN,NaN,NaN,NaN,NaN,1
2024-08-12T15:43:00-04:00,4.342625376403746,4.3889,4.342625376403746,4.3857,4.303967016955311,4.072029575983497,3.836625096205026,0,0,19639,19638,0,0,0,0,NaN,NaN,63.87182884749393,NaN,NaN,NaN,4.317975456012816,4.318691131937499,NaN,NaN,NaN,NaN,NaN,NaN,NaN,NaN,NaN,NaN,1,0,0,0,0,NaN,NaN,63.87182884749393,NaN,NaN,NaN,4.317975456012816,4.318691131937499,NaN,NaN,NaN,NaN,NaN,NaN,NaN,NaN,NaN,NaN,1
2024-08-12T15:44:00-04:00,4.364162688201873,4.385,4.364162688201873,4.3799,4.317773013872527,4.076729887800543,3.837613238354591,0,0,19639,19638,0,0,0,0,NaN,NaN,64.74691913212799,NaN,NaN,NaN,4.317975456012816,4.318691131937499,NaN,NaN,NaN,NaN,NaN,NaN,NaN,NaN,NaN,NaN,1,0,0,0,0,NaN,NaN,64.74691913212799,NaN,NaN,NaN,4.317975456012816,4.318691131937499,NaN,NaN,NaN,NaN,NaN,NaN,NaN,NaN,NaN,NaN,1
2024-08-12T15:45:00-04:00,4.372031344100936,4.39,4.37,4.380000000000001,4.329087011350249,4.08135996584939,3.846687080040459,0,0,19639,19638,0,0,0,0,NaN,NaN,65.43153664593379,NaN,NaN,NaN,4.317975456012816,4.318691131937499,NaN,NaN,NaN,NaN,NaN,NaN,NaN,NaN,NaN,NaN,1,0,0,0,0,NaN,NaN,65.43153664593379,NaN,NaN,NaN,4.317975456012816,4.318691131937499,NaN,NaN,NaN,NaN,NaN,NaN,NaN,NaN,NaN,NaN,1
2024-08-12T15:46:00-04:00,4.376015672050468,4.385,4.376015672050468,4.383749999999999,4.339025736559295,4.085976607592147,3.8472577593720816,0,0,19639,19638,0,0,0,0,NaN,NaN,66.7867886394074,NaN,NaN,NaN,4.317975456012816,4.318691131937499,NaN,NaN,NaN,NaN,NaN,NaN,NaN,NaN,NaN,NaN,1,0,0,0,0,NaN,NaN,66.7867886394074,NaN,NaN,NaN,4.317975456012816,4.318691131937499,NaN,NaN,NaN,NaN,NaN,NaN,NaN,NaN,NaN,NaN,1
2024-08-12T15:47:00-04:00,4.379882836025233,4.38,4.3701,4.3763,4.3458028753666955,4.090409025796847,3.8499949776927482,0,0,19639,19638,0,0,0,0,NaN,NaN,69.43124659138581,NaN,NaN,NaN,4.317975456012816,4.318691131937499,NaN,NaN,NaN,NaN,NaN,NaN,NaN,NaN,NaN,NaN,1,0,0,0,0,NaN,NaN,69.43124659138581,NaN,NaN,NaN,4.317975456012816,4.318691131937499,NaN,NaN,NaN,NaN,NaN,NaN,NaN,NaN,NaN,NaN,1
2024-08-12T15:48:00-04:00,4.378091418012616,4.4,4.378091418012616,4.38875,4.353611443481841,4.094963849830482,3.854984121603505,0,0,19639,19638,0,0,0,0,NaN,NaN,71.96652822154081,NaN,NaN,NaN,4.317975456012816,4.328440196104999,NaN,NaN,NaN,NaN,NaN,NaN,NaN,NaN,NaN,NaN,1,0,0,0,0,NaN,NaN,71.96652822154081,NaN,NaN,NaN,4.317975456012816,4.328440196104999,NaN,NaN,NaN,NaN,NaN,NaN,NaN,NaN,NaN,NaN,1
2024-08-12T15:49:00-04:00,4.383420709006308,4.4,4.38,4.392275,4.360641181030598,4.099502951359788,3.8564307912501086,0,0,19639,19638,0,0,0,0,NaN,NaN,74.75482206662122,NaN,NaN,NaN,4.317975456012816,4.339513541689249,NaN,NaN,NaN,NaN,NaN,NaN,NaN,NaN,NaN,NaN,1,0,0,0,0,NaN,NaN,74.75482206662122,NaN,NaN,NaN,4.317975456012816,4.339513541689249,NaN,NaN,NaN,NaN,NaN,NaN,NaN,NaN,NaN,NaN,1
2024-08-12T15:50:00-04:00,4.387847854503153,4.3885,4.37,4.3792,4.364015511752307,4.103773135308493,3.8611866719317094,0,0,19639,19638,0,0,0,0,NaN,NaN,77.8861078963768,NaN,NaN,NaN,4.317975456012816,4.339513541689249,NaN,NaN,NaN,NaN,NaN,NaN,NaN,NaN,NaN,NaN,1,0,0,0,0,NaN,NaN,77.8861078963768,NaN,NaN,NaN,4.317975456012816,4.339513541689249,NaN,NaN,NaN,NaN,NaN,NaN,NaN,NaN,NaN,NaN,1
2024-08-12T15:51:00-04:00,4.383523927251577,4.39,4.37,4.38485,4.367803600524615,4.108064385151112,3.8616958783245017,0,0,19639,19638,0,0,0,0,NaN,NaN,80.23589621198198,NaN,NaN,NaN,4.317975456012816,4.339513541689249,NaN,NaN,NaN,NaN,NaN,NaN,NaN,NaN,NaN,NaN,1,0,0,0,0,NaN,NaN,80.23589621198198,NaN,NaN,NaN,4.317975456012816,4.339513541689249,NaN,NaN,NaN,NaN,NaN,NaN,NaN,NaN,NaN,NaN,1
2024-08-12T15:52:00-04:00,4.384186963625789,4.3849,4.37,4.37655,4.369393854974685,4.1121634021717055,3.862812660015912,0,0,19639,19638,0,0,0,0,NaN,NaN,81.90084919003695,NaN,NaN,NaN,4.317975456012816,4.339513541689249,NaN,NaN,NaN,NaN,NaN,NaN,NaN,NaN,NaN,NaN,1,0,0,0,0,NaN,NaN,81.90084919003695,NaN,NaN,NaN,4.317975456012816,4.339513541689249,NaN,NaN,NaN,NaN,NaN,NaN,NaN,NaN,NaN,NaN,1
2024-08-12T15:53:00-04:00,4.380368481812894,4.39,4.26,4.3275,4.361776790433834,4.115450983817939,3.8727123725804664,0,0,19639,19638,0,0,0,0,NaN,NaN,84.07301864859974,NaN,NaN,NaN,4.317975456012816,4.339513541689249,NaN,NaN,NaN,NaN,NaN,NaN,NaN,NaN,NaN,NaN,1,0,0,0,0,NaN,NaN,84.07301864859974,NaN,NaN,NaN,4.317975456012816,4.339513541689249,NaN,NaN,NaN,NaN,NaN,NaN,NaN,NaN,NaN,NaN,1
2024-08-12T15:54:00-04:00,4.353934240906447,4.353934240906447,4.28,4.317475,4.353721919445864,4.118535319942856,3.8752516149599714,0,0,19639,19638,0,0,0,0,NaN,NaN,85.12952137701144,NaN,NaN,NaN,4.317975456012816,4.339513541689249,NaN,NaN,NaN,NaN,NaN,NaN,NaN,NaN,NaN,NaN,1,0,0,0,0,NaN,NaN,85.12952137701144,NaN,NaN,NaN,4.317975456012816,4.339513541689249,NaN,NaN,NaN,NaN,NaN,NaN,NaN,NaN,NaN,NaN,1
2024-08-12T15:55:00-04:00,4.335704620453224,4.335704620453224,4.28,4.308750000000001,4.345545206819343,4.121439360859759,3.876638799637545,0,0,19639,19638,0,0,0,0,NaN,NaN,85.92678316525702,NaN,NaN,NaN,4.317975456012816,4.339513541689249,NaN,NaN,NaN,NaN,NaN,NaN,NaN,NaN,NaN,NaN,1,0,0,0,0,NaN,NaN,85.92678316525702,NaN,NaN,NaN,4.317975456012816,4.339513541689249,NaN,NaN,NaN,NaN,NaN,NaN,NaN,NaN,NaN,NaN,1
2024-08-12T15:56:00-04:00,4.322227310226612,4.34,4.29,4.32125,4.341127896488554,4.12448990496877,3.877910508211679,0,0,19639,19638,0,0,0,0,NaN,NaN,87.38939304758914,NaN,NaN,NaN,4.317975456012816,4.339513541689249,NaN,NaN,NaN,NaN,NaN,NaN,NaN,NaN,NaN,NaN,1,0,0,0,0,NaN,NaN,87.38939304758914,NaN,NaN,NaN,4.317975456012816,4.339513541689249,NaN,NaN,NaN,NaN,NaN,NaN,NaN,NaN,NaN,NaN,1
2024-08-12T15:57:00-04:00,4.321738655113306,4.36,4.321738655113306,4.348675,4.342500097126998,4.127912578175353,3.880650816647056,0,0,19639,19638,0,0,0,0,NaN,NaN,88.64613931651856,NaN,NaN,NaN,4.317975456012816,4.339513541689249,NaN,NaN,NaN,NaN,NaN,NaN,NaN,NaN,NaN,NaN,1,0,0,0,0,NaN,NaN,88.64613931651856,NaN,NaN,NaN,4.317975456012816,4.339513541689249,NaN,NaN,NaN,NaN,NaN,NaN,NaN,NaN,NaN,NaN,1
2024-08-12T15:58:00-04:00,4.335206827556653,4.36,4.33,4.345000000000001,4.34295462492209,4.131226889958936,3.8833995124484857,0,0,19639,19638,0,0,0,0,NaN,NaN,88.84703203565654,NaN,NaN,NaN,4.317975456012816,4.339513541689249,NaN,NaN,NaN,NaN,NaN,NaN,NaN,NaN,NaN,NaN,1,0,0,0,0,NaN,NaN,88.84703203565654,NaN,NaN,NaN,4.317975456012816,4.339513541689249,NaN,NaN,NaN,NaN,NaN,NaN,NaN,NaN,NaN,NaN,1
2024-08-12T15:59:00-04:00,4.340103413778326,4.37,4.3357,4.346425,4.343585602208982,4.134512357287807,3.886982782866206,0,0,19639,19638,0,0,0,0,NaN,NaN,88.57865523329056,NaN,NaN,NaN,4.317975456012816,4.339513541689249,NaN,NaN,NaN,NaN,NaN,NaN,NaN,NaN,NaN,NaN,1,0,0,0,0,NaN,NaN,88.57865523329056,NaN,NaN,NaN,4.317975456012816,4.339513541689249,NaN,NaN,NaN,NaN,NaN,NaN,NaN,NaN,NaN,NaN,1
2024-08-12T16:00:00-04:00,4.343264206889163,4.343264206889163,4.34,4.34,4.342933674534621,4.137649573207077,3.8879821035640645,0,0,19639,19638,0,0,0,0,NaN,NaN,87.89511603149998,NaN,NaN,NaN,4.317975456012816,4.339513541689249,NaN,NaN,NaN,NaN,NaN,NaN,NaN,NaN,NaN,NaN,1,0,0,0,0,NaN,NaN,87.89511603149998,NaN,NaN,NaN,4.317975456012816,4.339513541689249,NaN,NaN,NaN,NaN,NaN,NaN,NaN,NaN,NaN,NaN,1
2024-08-12T16:01:00-04:00,4.3416321034445815,4.35,4.31,4.329999999999999,4.340582097346508,4.140586220944374,3.888234518058959,0,0,19639,19638,0,0,0,0,NaN,NaN,86.96932872437567,NaN,NaN,NaN,4.317975456012816,4.339513541689249,NaN,NaN,NaN,NaN,NaN,NaN,NaN,NaN,NaN,NaN,1,0,0,0,0,NaN,NaN,86.96932872437567,NaN,NaN,NaN,4.317975456012816,4.339513541689249,NaN,NaN,NaN,NaN,NaN,NaN,NaN,NaN,NaN,NaN,1
2024-08-12T16:05:00-04:00,4.33581605172229,4.37,4.21,4.325,4.337748988738052,4.1434016984872075,3.88870389333241,0,0,19639,19638,0,0,0,0,NaN,NaN,85.86974528485575,NaN,NaN,NaN,4.317975456012816,4.339513541689249,NaN,NaN,NaN,NaN,NaN,NaN,NaN,NaN,NaN,NaN,1,0,0,0,0,NaN,NaN,85.86974528485575,NaN,NaN,NaN,4.317975456012816,4.339513541689249,NaN,NaN,NaN,NaN,NaN,NaN,NaN,NaN,NaN,NaN,1
2024-08-12T16:07:00-04:00,4.330408025861145,4.4,4.330408025861145,4.3775,4.344976445331134,4.1469757183576315,3.890786189020432,0,0,19639,19638,0,0,0,0,NaN,NaN,85.66283271790418,NaN,NaN,NaN,4.317975456012816,4.339513541689249,NaN,NaN,NaN,NaN,NaN,NaN,NaN,NaN,NaN,NaN,1,0,0,0,0,NaN,NaN,85.66283271790418,NaN,NaN,NaN,4.317975456012816,4.339513541689249,NaN,NaN,NaN,NaN,NaN,NaN,NaN,NaN,NaN,NaN,1
2024-08-12T16:11:00-04:00,4.353954012930572,4.43,4.353954012930572,4.415,4.357708000725473,4.1510676921231635,3.894069532958781,0,0,19639,19638,0,0,0,0,NaN,NaN,85.65286065185201,NaN,NaN,NaN,4.317975456012816,4.362418354185184,NaN,NaN,NaN,NaN,NaN,NaN,NaN,NaN,NaN,NaN,1,0,0,0,0,NaN,NaN,85.65286065185201,NaN,NaN,NaN,4.317975456012816,4.362418354185184,NaN,NaN,NaN,NaN,NaN,NaN,NaN,NaN,NaN,NaN,1
2024-08-12T16:12:00-04:00,4.384477006465286,4.39,4.384477006465286,4.39,4.363579273320841,4.154715513617466,3.8941195149654613,1,0,19639,19638,0,0,0,0,NaN,NaN,85.45726788792548,NaN,NaN,NaN,4.317975456012816,4.362418354185184,NaN,NaN,NaN,NaN,NaN,NaN,NaN,NaN,NaN,NaN,1,0,0,0,0,NaN,NaN,85.45726788792548,NaN,NaN,NaN,4.317975456012816,4.362418354185184,NaN,NaN,NaN,NaN,NaN,NaN,NaN,NaN,NaN,NaN,1
2024-08-12T16:13:00-04:00,4.387238503232643,4.4,4.387238503232643,4.395,4.369292132717052,4.158383979058421,3.8942456854024514,0,0,19639,19638,0,0,0,0,NaN,NaN,85.29793854080204,NaN,NaN,NaN,4.317975456012816,4.362418354185184,NaN,NaN,NaN,NaN,NaN,NaN,NaN,NaN,NaN,NaN,1,0,0,0,0,NaN,NaN,85.29793854080204,NaN,NaN,NaN,4.317975456012816,4.362418354185184,NaN,NaN,NaN,NaN,NaN,NaN,NaN,NaN,NaN,NaN,1
2024-08-12T16:17:00-04:00,4.391119251616321,4.43,4.391119251616321,4.43,4.380329926768497,4.162530788538445,3.89469713421356,0,0,19639,19638,0,0,0,0,4.43,NaN,85.29681267871774,NaN,NaN,NaN,4.317975456012816,4.382535499806296,NaN,NaN,NaN,NaN,NaN,NaN,NaN,NaN,NaN,NaN,1,0,0,0,0,4.43,NaN,85.29681267871774,NaN,NaN,NaN,4.317975456012816,4.382535499806296,NaN,NaN,NaN,NaN,NaN,NaN,NaN,NaN,NaN,NaN,1
2024-08-12T16:18:00-04:00,4.41055962580816,4.45,4.37,4.4225,4.387997212810589,4.166499784133277,3.89621510324543,0,0,19639,19638,0,0,0,0,NaN,NaN,85.2543526972815,NaN,NaN,NaN,4.317975456012816,4.382535499806296,NaN,NaN,NaN,NaN,NaN,NaN,NaN,NaN,NaN,NaN,1,0,0,0,0,NaN,NaN,85.2543526972815,NaN,NaN,NaN,4.317975456012816,4.382535499806296,NaN,NaN,NaN,NaN,NaN,NaN,NaN,NaN,NaN,NaN,1
2024-08-12T16:19:00-04:00,4.416529812904081,4.45,4.416529812904081,4.45,4.399270446845027,4.170828031703762,3.8965628868895945,0,0,19639,19638,0,0,0,0,NaN,NaN,85.2560515853942,NaN,NaN,NaN,4.317975456012816,4.4063269798527855,NaN,NaN,NaN,NaN,NaN,NaN,NaN,NaN,NaN,NaN,1,0,0,0,0,NaN,NaN,85.2560515853942,NaN,NaN,NaN,4.317975456012816,4.4063269798527855,NaN,NaN,NaN,NaN,NaN,NaN,NaN,NaN,NaN,NaN,1
2024-08-12T16:20:00-04:00,4.43326490645204,4.43326490645204,4.4,4.4,4.399403092873204,4.17432684038004,3.8966133873543485,0,0,19639,19638,0,0,0,0,NaN,NaN,84.94042012521828,NaN,NaN,NaN,4.317975456012816,4.4063269798527855,NaN,NaN,NaN,NaN,NaN,NaN,NaN,NaN,NaN,NaN,1,0,0,0,0,NaN,NaN,84.94042012521828,NaN,NaN,NaN,4.317975456012816,4.4063269798527855,NaN,NaN,NaN,NaN,NaN,NaN,NaN,NaN,NaN,NaN,1
2024-08-12T16:21:00-04:00,4.41663245322602,4.41663245322602,4.4,4.4,4.399511621441712,4.177772232129963,3.8971178353255254,0,0,19639,19638,0,0,0,0,NaN,NaN,84.57872805065283,NaN,NaN,NaN,4.317975456012816,4.4063269798527855,NaN,NaN,NaN,NaN,NaN,NaN,NaN,NaN,NaN,NaN,1,0,0,0,0,NaN,NaN,84.57872805065283,NaN,NaN,NaN,4.317975456012816,4.4063269798527855,NaN,NaN,NaN,NaN,NaN,NaN,NaN,NaN,NaN,NaN,1
2024-08-12T16:22:00-04:00,4.40831622661301,4.41,4.4,4.405,4.40050950845231,4.181241358356987,3.899008655335081,0,0,19639,19638,0,0,0,0,NaN,NaN,84.29887619207877,NaN,NaN,NaN,4.317975456012816,4.4063269798527855,NaN,NaN,NaN,NaN,NaN,NaN,NaN,NaN,NaN,NaN,1,0,0,0,0,NaN,NaN,84.29887619207877,NaN,NaN,NaN,4.317975456012816,4.4063269798527855,NaN,NaN,NaN,NaN,NaN,NaN,NaN,NaN,NaN,NaN,1
2024-08-12T16:25:00-04:00,4.406658113306506,4.406658113306506,4.4,4.4,4.40041687055189,4.184581184946956,3.8990586681973602,0,0,19639,19638,0,0,0,0,NaN,NaN,83.90112524161573,NaN,NaN,NaN,4.317975456012816,4.4063269798527855,NaN,NaN,NaN,NaN,NaN,NaN,NaN,NaN,NaN,NaN,1,0,0,0,0,NaN,NaN,83.90112524161573,NaN,NaN,NaN,4.317975456012816,4.4063269798527855,NaN,NaN,NaN,NaN,NaN,NaN,NaN,NaN,NaN,NaN,1
2024-08-12T16:27:00-04:00,4.403329056653253,4.403329056653253,4.36,4.36,4.393068348633364,4.187259334795094,3.899105598471593,0,0,19639,19638,0,0,0,0,NaN,NaN,82.51625980145059,NaN,NaN,NaN,4.317975456012816,4.39285,NaN,NaN,NaN,NaN,NaN,NaN,NaN,NaN,NaN,NaN,1,0,0,0,0,NaN,NaN,82.51625980145059,NaN,NaN,NaN,4.317975456012816,4.39285,NaN,NaN,NaN,NaN,NaN,NaN,NaN,NaN,NaN,NaN,1
2024-08-12T16:29:00-04:00,4.381664528326627,4.4,4.381664528326627,4.4,4.394328648881844,4.190507283882192,3.8992055747000838,0,0,19639,19638,0,0,0,0,NaN,NaN,82.10851882544937,NaN,NaN,NaN,4.317975456012816,4.39285,NaN,NaN,NaN,NaN,NaN,NaN,NaN,NaN,NaN,NaN,1,0,0,0,0,NaN,NaN,82.10851882544937,NaN,NaN,NaN,4.317975456012816,4.39285,NaN,NaN,NaN,NaN,NaN,NaN,NaN,NaN,NaN,NaN,1
2024-08-12T16:30:00-04:00,4.390832264163313,4.390832264163313,4.27,4.32,4.380814349085145,4.192484271914525,3.8992895465797677,0,0,19639,19638,0,0,0,0,NaN,NaN,79.20091722476195,NaN,NaN,NaN,4.317975456012816,4.3712645000000006,NaN,NaN,NaN,NaN,NaN,NaN,NaN,NaN,NaN,NaN,1,0,0,0,0,NaN,NaN,79.20091722476195,NaN,NaN,NaN,4.317975456012816,4.3712645000000006,NaN,NaN,NaN,NaN,NaN,NaN,NaN,NaN,NaN,NaN,1
2024-08-12T16:33:00-04:00,4.355416132081657,4.4,4.355416132081657,4.385,4.381575376524209,4.195423443335677,3.8994920379595976,0,0,19639,19638,0,0,0,0,NaN,NaN,78.26333925765928,NaN,NaN,NaN,4.317975456012816,4.3712645000000006,NaN,NaN,NaN,NaN,NaN,NaN,NaN,NaN,NaN,NaN,1,0,0,0,0,NaN,NaN,78.26333925765928,NaN,NaN,NaN,4.317975456012816,4.3712645000000006,NaN,NaN,NaN,NaN,NaN,NaN,NaN,NaN,NaN,NaN,1
2024-08-12T16:38:00-04:00,4.370208066040828,4.370208066040828,4.28,4.29,4.364925308065262,4.196867360231316,3.899678897844238,0,0,19639,19638,0,0,0,0,NaN,NaN,73.87831606971035,NaN,NaN,NaN,4.317975456012816,4.35228863,NaN,NaN,NaN,NaN,NaN,NaN,NaN,NaN,NaN,NaN,1,0,0,0,0,NaN,NaN,73.87831606971035,NaN,NaN,NaN,4.317975456012816,4.35228863,NaN,NaN,NaN,NaN,NaN,NaN,NaN,NaN,NaN,NaN,1
2024-08-12T16:39:00-04:00,4.3301040330204135,4.3301040330204135,4.28,4.285,4.350393433871578,4.198212896716334,3.8998451503550378,0,0,19639,19638,0,0,0,0,NaN,NaN,68.89040487056592,NaN,NaN,NaN,4.317975456012816,4.3439576533,NaN,NaN,NaN,NaN,NaN,NaN,NaN,NaN,NaN,NaN,1,0,0,0,0,NaN,NaN,68.89040487056592,NaN,NaN,NaN,4.317975456012816,4.3439576533,NaN,NaN,NaN,NaN,NaN,NaN,NaN,NaN,NaN,NaN,1
2024-08-12T16:40:00-04:00,4.307552016510207,4.307552016510207,4.28,4.285,4.3385037186222,4.199537890659596,3.9000062744402775,0,0,19639,19638,0,0,0,0,NaN,NaN,63.751815339292236,NaN,NaN,NaN,4.317975456012816,4.3439576533,NaN,NaN,NaN,NaN,NaN,NaN,NaN,NaN,NaN,NaN,1,0,0,0,0,NaN,NaN,63.751815339292236,NaN,NaN,NaN,4.317975456012816,4.3439576533,NaN,NaN,NaN,NaN,NaN,NaN,NaN,NaN,NaN,NaN,1
2024-08-12T16:43:00-04:00,4.296276008255104,4.296276008255104,4.29,4.29,4.329684860690891,4.2009189915655565,3.9008829696692646,0,0,19639,19638,0,0,0,0,NaN,NaN,58.913563883795526,NaN,NaN,NaN,4.317975456012816,4.3439576533,NaN,NaN,NaN,NaN,NaN,NaN,NaN,NaN,NaN,NaN,1,0,0,0,0,NaN,NaN,58.913563883795526,NaN,NaN,NaN,4.317975456012816,4.3439576533,NaN,NaN,NaN,NaN,NaN,NaN,NaN,NaN,NaN,NaN,1
2024-08-12T16:47:00-04:00,4.293138004127552,4.3,4.293138004127552,4.3,4.324287613292547,4.202431678717227,3.9009226299262685,0,0,19639,19638,0,0,0,0,NaN,NaN,54.53516426040065,NaN,NaN,NaN,4.317975456012816,4.3439576533,NaN,NaN,NaN,NaN,NaN,NaN,NaN,NaN,NaN,NaN,1,0,0,0,0,NaN,NaN,54.53516426040065,NaN,NaN,NaN,4.317975456012816,4.3439576533,NaN,NaN,NaN,NaN,NaN,NaN,NaN,NaN,NaN,NaN,1
2024-08-12T17:00:00-04:00,4.296569002063777,4.296569002063777,4.29,4.29,4.318053501784812,4.203768599652842,3.9009713387238127,0,0,19639,19638,0,0,0,0,NaN,NaN,49.8994508561462,NaN,NaN,NaN,4.317975456012816,4.3439576533,NaN,NaN,NaN,NaN,NaN,NaN,NaN,NaN,NaN,NaN,1,0,0,0,0,NaN,NaN,49.8994508561462,NaN,NaN,NaN,4.317975456012816,4.3439576533,NaN,NaN,NaN,NaN,NaN,NaN,NaN,NaN,NaN,NaN,1
2024-08-12T17:05:00-04:00,4.293284501031888,4.3,4.293284501031888,4.3,4.314771046914846,4.205237781337532,3.9012352098831147,0,0,19639,19638,0,0,0,0,NaN,NaN,45.80358140374836,NaN,NaN,NaN,4.317975456012816,4.3439576533,NaN,NaN,NaN,NaN,NaN,NaN,NaN,NaN,NaN,NaN,1,0,0,0,0,NaN,NaN,45.80358140374836,NaN,NaN,NaN,4.317975456012816,4.3439576533,NaN,NaN,NaN,NaN,NaN,NaN,NaN,NaN,NaN,NaN,1
2024-08-12T17:22:00-04:00,4.296642250515944,4.35,4.296642250515944,4.35,4.321176311112146,4.207447891546119,3.9012797641456993,0,0,19639,19638,0,0,0,0,NaN,NaN,43.77260921811979,NaN,NaN,NaN,4.317975456012816,4.3439576533,NaN,NaN,NaN,NaN,NaN,NaN,NaN,NaN,NaN,NaN,1,0,0,0,0,NaN,NaN,43.77260921811979,NaN,NaN,NaN,4.317975456012816,4.3439576533,NaN,NaN,NaN,NaN,NaN,NaN,NaN,NaN,NaN,NaN,1
2024-08-12T17:44:00-04:00,4.323321125257972,4.35,4.323321125257972,4.35,4.326416981819029,4.209624259614117,3.9016358800117463,0,0,19639,19638,0,0,0,0,NaN,NaN,41.92319807233051,NaN,NaN,NaN,4.317975456012816,4.3439576533,NaN,NaN,NaN,NaN,NaN,NaN,NaN,NaN,NaN,NaN,1,0,0,0,0,NaN,NaN,41.92319807233051,NaN,NaN,NaN,4.317975456012816,4.3439576533,NaN,NaN,NaN,NaN,NaN,NaN,NaN,NaN,NaN,NaN,1
2024-08-12T18:05:00-04:00,4.336660562628985,4.336660562628985,4.27,4.275,4.317068439670114,4.2106223625207715,3.9034321031093744,0,0,19639,19638,0,0,0,0,NaN,NaN,37.08507256760402,NaN,NaN,NaN,4.317975456012816,4.331282734904001,NaN,NaN,NaN,NaN,NaN,NaN,NaN,NaN,NaN,NaN,1,0,0,0,0,NaN,NaN,37.08507256760402,NaN,NaN,NaN,4.317975456012816,4.331282734904001,NaN,NaN,NaN,NaN,NaN,NaN,NaN,NaN,NaN,NaN,1
2024-08-12T18:14:00-04:00,4.305830281314493,4.35,4.16,4.255,4.305783268821003,4.211299883703661,3.9044426888489663,0,0,19639,19638,0,0,0,0,NaN,NaN,31.129064167180655,NaN,NaN,NaN,4.317975456012816,4.3113403246684,NaN,NaN,NaN,NaN,NaN,NaN,NaN,NaN,NaN,NaN,1,0,0,0,0,NaN,NaN,31.129064167180655,NaN,NaN,NaN,4.317975456012816,4.3113403246684,NaN,NaN,NaN,NaN,NaN,NaN,NaN,NaN,NaN,NaN,1
2024-08-12T18:39:00-04:00,4.280415140657246,4.280415140657246,4.18,4.18,4.282913583580821,4.210822022883757,3.9044874402307124,0,0,19639,19638,0,0,0,0,NaN,NaN,22.55524746403632,NaN,NaN,NaN,4.317975456012816,4.2569490662280876,NaN,NaN,NaN,NaN,NaN,NaN,NaN,NaN,NaN,NaN,1,0,0,0,0,NaN,NaN,22.55524746403632,NaN,NaN,NaN,4.317975456012816,4.2569490662280876,NaN,NaN,NaN,NaN,NaN,NaN,NaN,NaN,NaN,NaN,1
2024-08-12T18:50:00-04:00,4.2302075703286235,4.2302075703286235,4.18,4.18,4.264202022929762,4.2103514576488905,3.9045145552067253,0,0,19639,19638,0,0,0,0,NaN,NaN,15.549934704914536,NaN,NaN,NaN,4.317975456012816,4.2569490662280876,NaN,NaN,NaN,NaN,NaN,NaN,NaN,NaN,NaN,NaN,1,0,0,0,0,NaN,NaN,15.549934704914536,NaN,NaN,NaN,4.317975456012816,4.2569490662280876,NaN,NaN,NaN,NaN,NaN,NaN,NaN,NaN,NaN,NaN,1
2024-08-12T19:47:00-04:00,4.205103785164312,4.3,4.205103785164312,4.3,4.2707107460334415,4.211720137684785,3.9045729300165326,0,0,19639,19638,0,0,0,0,NaN,NaN,13.404483483043386,NaN,NaN,NaN,4.317975456012816,4.2569490662280876,NaN,NaN,NaN,NaN,NaN,NaN,NaN,NaN,NaN,NaN,1,0,0,0,0,NaN,NaN,13.404483483043386,NaN,NaN,NaN,4.317975456012816,4.2569490662280876,NaN,NaN,NaN,NaN,NaN,NaN,NaN,NaN,NaN,NaN,1
2024-08-12T19:50:00-04:00,4.252551892582156,4.38,4.252551892582156,4.355,4.286036064936452,4.213907616498758,3.9047479374603484,0,0,19639,19638,0,0,0,0,NaN,NaN,12.612743415984903,NaN,NaN,NaN,4.317975456012816,4.285875000000001,NaN,NaN,NaN,NaN,NaN,NaN,NaN,NaN,NaN,NaN,1,0,0,0,0,NaN,NaN,12.612743415984903,NaN,NaN,NaN,4.317975456012816,4.285875000000001,NaN,NaN,NaN,NaN,NaN,NaN,NaN,NaN,NaN,NaN,1
2024-08-12T19:59:00-04:00,4.303775946291078,4.4,4.303775946291078,4.4,4.3067567804025515,4.216748721590379,3.9048453479669774,1,0,19639,19638,0,0,0,0,NaN,NaN,12.622860674743212,NaN,NaN,NaN,4.317975456012816,4.31112375,NaN,NaN,NaN,NaN,NaN,NaN,NaN,NaN,NaN,NaN,1,0,0,0,0,NaN,NaN,12.622860674743212,NaN,NaN,NaN,4.317975456012816,4.31112375,NaN,NaN,NaN,NaN,NaN,NaN,NaN,NaN,NaN,NaN,1
2024-08-13T07:09:00-04:00,4.351887973145539,4.44,4.351887973145539,4.41,4.325528274874815,4.219699122787473,4.41,0,0,19639,19638,0,0,0,0,NaN,NaN,12.684621068496407,NaN,NaN,NaN,4.317975456012816,4.321756325,NaN,NaN,NaN,NaN,NaN,NaN,NaN,NaN,NaN,NaN,1,0,0,0,0,NaN,NaN,12.684621068496407,NaN,NaN,NaN,4.317975456012816,4.321756325,NaN,NaN,NaN,NaN,NaN,NaN,NaN,NaN,NaN,NaN,1
2024-08-13T07:15:00-04:00,4.3809439865727695,4.4,4.3809439865727695,4.4,4.339068588533939,4.222451807935756,4.408031496062993,0,0,19639,19638,0,0,0,0,NaN,NaN,12.660269933346443,NaN,NaN,NaN,4.317975456012816,4.321756325,NaN,NaN,NaN,NaN,NaN,NaN,NaN,NaN,NaN,NaN,1,0,0,0,0,NaN,NaN,12.660269933346443,NaN,NaN,NaN,4.317975456012816,4.321756325,NaN,NaN,NaN,NaN,NaN,NaN,NaN,NaN,NaN,NaN,1
2024-08-13T07:16:00-04:00,4.3904719932863845,4.4,4.3904719932863845,4.4,4.350147026982314,4.225162467356585,4.405991189427313,0,0,19639,19638,0,0,0,0,NaN,NaN,11.97859024992626,NaN,NaN,NaN,4.317975456012816,4.321756325,NaN,NaN,NaN,NaN,NaN,NaN,NaN,NaN,NaN,NaN,1,0,0,0,0,NaN,NaN,11.97859024992626,NaN,NaN,NaN,4.317975456012816,4.321756325,NaN,NaN,NaN,NaN,NaN,NaN,NaN,NaN,NaN,NaN,1
2024-08-13T07:26:00-04:00,4.395235996643192,4.41,4.395235996643192,4.41,4.361029385712802,4.227984414419843,4.407688399661304,0,0,19639,19638,0,0,0,0,NaN,NaN,11.123683617398902,NaN,NaN,NaN,4.317975456012816,4.321756325,NaN,NaN,NaN,NaN,NaN,NaN,NaN,NaN,NaN,NaN,1,0,0,0,0,NaN,NaN,11.123683617398902,NaN,NaN,NaN,4.317975456012816,4.321756325,NaN,NaN,NaN,NaN,NaN,NaN,NaN,NaN,NaN,NaN,1
2024-08-13T07:31:00-04:00,4.402617998321596,4.402617998321596,4.4,4.4,4.368114951946838,4.230610606566104,4.406574945691529,0,0,19639,19638,0,0,0,0,NaN,NaN,10.149513914845171,NaN,NaN,NaN,4.317975456012816,4.321756325,NaN,NaN,NaN,NaN,NaN,NaN,NaN,NaN,NaN,NaN,1,0,0,0,0,NaN,NaN,10.149513914845171,NaN,NaN,NaN,4.317975456012816,4.321756325,NaN,NaN,NaN,NaN,NaN,NaN,NaN,NaN,NaN,NaN,1
2024-08-13T07:37:00-04:00,4.401308999160799,4.41,4.4,4.405,4.37482132432014,4.2332730400536445,4.405719960278054,0,0,19639,19638,0,0,0,0,NaN,NaN,9.449904071407563,NaN,NaN,NaN,4.317975456012816,4.321756325,NaN,NaN,NaN,NaN,NaN,NaN,NaN,NaN,NaN,NaN,1,0,0,0,0,NaN,NaN,9.449904071407563,NaN,NaN,NaN,4.317975456012816,4.321756325,NaN,NaN,NaN,NaN,NaN,NaN,NaN,NaN,NaN,NaN,1
2024-08-13T07:38:00-04:00,4.403154499580399,4.46,4.403154499580399,4.45,4.388490174443751,4.236581848602444,4.422372986369269,1,0,19639,19638,0,0,0,0,NaN,NaN,9.63744806213455,NaN,NaN,NaN,4.317975456012816,4.35149825575,NaN,NaN,NaN,NaN,NaN,NaN,NaN,NaN,NaN,NaN,1,0,0,0,0,NaN,NaN,9.63744806213455,NaN,NaN,NaN,4.317975456012816,4.35149825575,NaN,NaN,NaN,NaN,NaN,NaN,NaN,NaN,NaN,NaN,1
2024-08-13T07:40:00-04:00,4.426577249790199,4.49,4.426577249790199,4.49,4.406946506363069,4.240450828013094,4.428205321758822,0,0,19639,19638,0,0,0,0,NaN,NaN,10.312521127668244,NaN,NaN,NaN,4.317975456012816,4.38571846506,NaN,NaN,NaN,NaN,NaN,NaN,NaN,NaN,NaN,NaN,1,0,0,0,0,NaN,NaN,10.312521127668244,NaN,NaN,NaN,4.317975456012816,4.38571846506,NaN,NaN,NaN,NaN,NaN,NaN,NaN,NaN,NaN,NaN,1
2024-08-13T07:43:00-04:00,4.4582886248951,4.4582886248951,4.45,4.45,4.414774414297057,4.243650052012894,4.429047532656023,0,0,19639,19638,0,0,0,0,NaN,NaN,10.50451870676732,NaN,NaN,NaN,4.317975456012816,4.38571846506,NaN,NaN,NaN,NaN,NaN,NaN,NaN,NaN,NaN,NaN,1,0,0,0,0,NaN,NaN,10.50451870676732,NaN,NaN,NaN,4.317975456012816,4.38571846506,NaN,NaN,NaN,NaN,NaN,NaN,NaN,NaN,NaN,NaN,1
2024-08-13T07:52:00-04:00,4.45414431244755,4.48,4.45414431244755,4.475,4.425724520788501,4.247182112287507,4.4328692614770455,0,0,19639,19638,0,0,0,0,NaN,NaN,11.049423523100328,NaN,NaN,NaN,4.391207256014393,4.38571846506,NaN,NaN,NaN,NaN,NaN,NaN,NaN,NaN,NaN,NaN,1,0,0,0,0,NaN,NaN,11.049423523100328,NaN,NaN,NaN,4.391207256014393,4.38571846506,NaN,NaN,NaN,NaN,NaN,NaN,NaN,NaN,NaN,NaN,1
2024-08-13T07:53:00-04:00,4.464572156223775,4.5,4.464572156223775,4.495,4.438320062463319,4.250965591489225,4.453306730661905,0,0,19639,19638,0,0,0,0,NaN,NaN,11.813642466665106,NaN,NaN,NaN,4.422485235939751,4.404235695301,NaN,NaN,NaN,NaN,NaN,NaN,NaN,NaN,NaN,NaN,1,0,0,0,0,NaN,NaN,11.813642466665106,NaN,NaN,NaN,4.422485235939751,4.404235695301,NaN,NaN,NaN,NaN,NaN,NaN,NaN,NaN,NaN,NaN,1
2024-08-13T07:54:00-04:00,4.4797860781118874,4.5,4.4797860781118874,4.5,4.4495345965608974,4.254767643527557,4.453822165801966,0,0,19639,19638,0,0,0,0,NaN,NaN,12.55410545727354,NaN,NaN,NaN,4.427670937943532,4.42352327014682,NaN,NaN,NaN,NaN,NaN,NaN,NaN,NaN,NaN,NaN,1,0,0,0,0,NaN,NaN,12.55410545727354,NaN,NaN,NaN,4.427670937943532,4.42352327014682,NaN,NaN,NaN,NaN,NaN,NaN,NaN,NaN,NaN,NaN,1
2024-08-13T07:56:00-04:00,4.489893039055944,4.5,4.489893039055944,4.5,4.458710124458916,4.258511648969884,4.456049064929608,0,0,19639,19638,0,0,0,0,NaN,NaN,13.136048645881932,NaN,NaN,NaN,4.427944147345552,4.42352327014682,NaN,NaN,NaN,NaN,NaN,NaN,NaN,NaN,NaN,NaN,1,0,0,0,0,NaN,NaN,13.136048645881932,NaN,NaN,NaN,4.427944147345552,4.42352327014682,NaN,NaN,NaN,NaN,NaN,NaN,NaN,NaN,NaN,NaN,1
2024-08-13T07:57:00-04:00,4.494946519527971,4.62,4.494946519527971,4.615,4.487126465466386,4.263954219214619,4.460117219492219,1,0,19639,19638,0,0,0,0,NaN,NaN,14.695551934183774,NaN,NaN,NaN,4.542210208654696,4.509158383415988,NaN,NaN,NaN,NaN,NaN,NaN,NaN,NaN,NaN,NaN,1,0,0,0,0,NaN,NaN,14.695551934183774,NaN,NaN,NaN,4.542210208654696,4.509158383415988,NaN,NaN,NaN,NaN,NaN,NaN,NaN,NaN,NaN,NaN,1
2024-08-13T07:58:00-04:00,4.554973259763986,4.62,4.554973259763986,4.62,4.511285289927043,4.269390032661724,4.464386707851735,0,0,19639,19638,0,0,0,0,NaN,NaN,16.212268739635793,NaN,NaN,NaN,4.547005173634354,4.537660371396151,NaN,NaN,NaN,NaN,NaN,NaN,NaN,NaN,NaN,NaN,1,0,0,0,0,NaN,NaN,16.212268739635793,NaN,NaN,NaN,4.547005173634354,4.537660371396151,NaN,NaN,NaN,NaN,NaN,NaN,NaN,NaN,NaN,NaN,1
2024-08-13T07:59:00-04:00,4.587486629881993,4.62,4.587486629881993,4.62,4.531051600849399,4.274742856590552,4.465921961325967,0,0,19639,19638,0,0,0,0,NaN,NaN,17.539940681112537,NaN,NaN,NaN,4.547085655777653,4.537660371396151,NaN,NaN,NaN,NaN,NaN,NaN,NaN,NaN,NaN,NaN,1,0,0,0,0,NaN,NaN,17.539940681112537,NaN,NaN,NaN,4.547085655777653,4.537660371396151,NaN,NaN,NaN,NaN,NaN,NaN,NaN,NaN,NaN,NaN,1
2024-08-13T08:00:00-04:00,4.6037433149409965,4.65,4.6037433149409965,4.635000000000001,4.549951309785873,4.280242965650238,4.483646560098914,0,0,19639,19638,0,0,0,0,NaN,NaN,18.58742407783793,NaN,NaN,NaN,4.562045481504497,4.56941707111919,NaN,NaN,NaN,NaN,NaN,NaN,NaN,NaN,NaN,NaN,1,0,0,0,0,NaN,NaN,18.58742407783793,NaN,NaN,NaN,4.562045481504497,4.56941707111919,NaN,NaN,NaN,NaN,NaN,NaN,NaN,NaN,NaN,NaN,1
2024-08-13T08:01:00-04:00,4.619371657470499,4.7,4.619371657470499,4.6725,4.572232889824805,4.286231622663212,4.504162796189878,1,0,19639,19638,0,0,0,0,NaN,NaN,19.816657024404947,NaN,NaN,NaN,4.599204756099841,4.613466949783433,NaN,NaN,NaN,NaN,NaN,NaN,NaN,NaN,NaN,NaN,1,0,0,0,0,NaN,NaN,19.816657024404947,NaN,NaN,NaN,4.599204756099841,4.613466949783433,NaN,NaN,NaN,NaN,NaN,NaN,NaN,NaN,NaN,NaN,1
2024-08-13T08:02:00-04:00,4.645935828735249,4.65,4.645935828735249,4.65,4.586372364402113,4.291785338347743,4.508614821033352,0,0,19639,19638,0,0,0,0,NaN,NaN,21.63838139730997,NaN,NaN,NaN,4.599204756099841,4.613466949783433,NaN,NaN,NaN,NaN,NaN,NaN,NaN,NaN,NaN,NaN,1,0,0,0,0,NaN,NaN,21.63838139730997,NaN,NaN,NaN,4.599204756099841,4.613466949783433,NaN,NaN,NaN,NaN,NaN,NaN,NaN,NaN,NaN,NaN,1
2024-08-13T08:03:00-04:00,4.647967914367625,4.69,4.647967914367625,4.6850000000000005,4.604304661783547,4.297788615624876,4.512562859061405,0,0,19639,19638,0,0,0,0,NaN,NaN,24.61713167469415,NaN,NaN,NaN,4.599204756099841,4.6412603563549,NaN,NaN,NaN,NaN,NaN,NaN,NaN,NaN,NaN,NaN,1,0,0,0,0,NaN,NaN,24.61713167469415,NaN,NaN,NaN,4.599204756099841,4.6412603563549,NaN,NaN,NaN,NaN,NaN,NaN,NaN,NaN,NaN,NaN,1
2024-08-13T08:05:00-04:00,4.666483957183813,4.7,4.666483957183813,4.7,4.621703814186539,4.303929247447397,4.53255215623542,0,0,19639,19638,0,0,0,0,NaN,NaN,28.38242130740473,NaN,NaN,NaN,4.599204756099841,4.667206628067136,NaN,NaN,NaN,NaN,NaN,NaN,NaN,NaN,NaN,NaN,1,0,0,0,0,NaN,NaN,28.38242130740473,NaN,NaN,NaN,4.599204756099841,4.667206628067136,NaN,NaN,NaN,NaN,NaN,NaN,NaN,NaN,NaN,NaN,1
2024-08-13T08:06:00-04:00,4.683241978591907,4.77,4.683241978591907,4.77,4.648666757061713,4.311044831455834,4.540210281880927,1,0,19639,19638,0,0,0,0,NaN,NaN,32.17114655272842,NaN,NaN,NaN,4.599204756099841,4.728646043120953,NaN,NaN,NaN,NaN,NaN,NaN,NaN,NaN,NaN,NaN,1,0,0,0,0,NaN,NaN,32.17114655272842,NaN,NaN,NaN,4.599204756099841,4.728646043120953,NaN,NaN,NaN,NaN,NaN,NaN,NaN,NaN,NaN,NaN,1
2024-08-13T08:07:00-04:00,4.726620989295953,4.8,4.72,4.775,4.671636437595947,4.318128116471775,4.554877539912917,0,0,19639,19638,0,0,0,0,NaN,NaN,35.72294168464268,NaN,NaN,NaN,4.627927450766917,4.749564705010154,NaN,NaN,NaN,NaN,NaN,NaN,NaN,NaN,NaN,NaN,1,0,0,0,0,NaN,NaN,35.72294168464268,NaN,NaN,NaN,4.627927450766917,4.749564705010154,NaN,NaN,NaN,NaN,NaN,NaN,NaN,NaN,NaN,NaN,1
2024-08-13T08:08:00-04:00,4.750810494647977,4.78,4.72,4.75,4.685884358033048,4.324721580342435,4.56736882322975,0,0,19639,19638,0,0,0,0,NaN,NaN,39.15068495221299,NaN,NaN,NaN,4.676027198038536,4.749564705010154,NaN,NaN,NaN,NaN,NaN,NaN,NaN,NaN,NaN,NaN,1,0,0,0,0,NaN,NaN,39.15068495221299,NaN,NaN,NaN,4.676027198038536,4.749564705010154,NaN,NaN,NaN,NaN,NaN,NaN,NaN,NaN,NaN,NaN,1
2024-08-13T08:09:00-04:00,4.750405247323989,4.78,4.74,4.7700000000000005,4.701178111117948,4.331519724154001,4.580908250581027,0,0,19639,19638,0,0,0,0,NaN,NaN,42.565366628513324,NaN,NaN,NaN,4.6960470620483425,4.749564705010154,NaN,NaN,NaN,NaN,NaN,NaN,NaN,NaN,NaN,NaN,1,0,0,0,0,NaN,NaN,42.565366628513324,NaN,NaN,NaN,4.6960470620483425,4.749564705010154,NaN,NaN,NaN,NaN,NaN,NaN,NaN,NaN,NaN,NaN,1
2024-08-13T08:10:00-04:00,4.7602026236619945,4.7602026236619945,4.74,4.74,4.7082366363692305,4.337756064243253,4.581744167717528,0,0,19639,19638,0,0,0,0,NaN,NaN,45.657388120227196,NaN,NaN,NaN,4.6960470620483425,4.749564705010154,NaN,NaN,NaN,NaN,NaN,NaN,NaN,NaN,NaN,NaN,1,0,0,0,0,NaN,NaN,45.657388120227196,NaN,NaN,NaN,4.6960470620483425,4.749564705010154,NaN,NaN,NaN,NaN,NaN,NaN,NaN,NaN,NaN,NaN,1
2024-08-13T08:11:00-04:00,4.750101311830997,4.8,4.75,4.775,4.720375429756643,4.34443154417847,4.587650519559903,0,0,19639,19638,0,0,0,0,NaN,NaN,48.9576263367678,NaN,NaN,NaN,4.6960470620483425,4.749564705010154,NaN,NaN,NaN,NaN,NaN,NaN,NaN,NaN,NaN,NaN,1,0,0,0,0,NaN,NaN,48.9576263367678,NaN,NaN,NaN,4.6960470620483425,4.749564705010154,NaN,NaN,NaN,NaN,NaN,NaN,NaN,NaN,NaN,NaN,1
2024-08-13T08:12:00-04:00,4.762550655915499,4.79,4.74,4.775,4.7303071698008905,4.3510051083894865,4.592981640025734,0,0,19639,19638,0,0,0,0,NaN,NaN,52.21502679946553,NaN,NaN,NaN,4.6960470620483425,4.749564705010154,NaN,NaN,NaN,NaN,NaN,NaN,NaN,NaN,NaN,NaN,1,0,0,0,0,NaN,NaN,52.21502679946553,NaN,NaN,NaN,4.6960470620483425,4.749564705010154,NaN,NaN,NaN,NaN,NaN,NaN,NaN,NaN,NaN,NaN,1
2024-08-13T08:13:00-04:00,4.76877532795775,4.78,4.76877532795775,4.78,4.739342229837092,4.357554648719418,4.597497464625489,0,0,19639,19638,0,0,0,0,NaN,NaN,55.11145118674076,NaN,NaN,NaN,4.6960470620483425,4.764635587755585,NaN,NaN,NaN,NaN,NaN,NaN,NaN,NaN,NaN,NaN,1,0,0,0,0,NaN,NaN,55.11145118674076,NaN,NaN,NaN,4.6960470620483425,4.764635587755585,NaN,NaN,NaN,NaN,NaN,NaN,NaN,NaN,NaN,NaN,1
2024-08-13T08:14:00-04:00,4.7743876639788745,4.81,4.75,4.7675,4.744461824412166,4.363813356372557,4.616397175602009,0,0,19639,19638,0,0,0,0,NaN,NaN,57.97254379671436,NaN,NaN,NaN,4.6960470620483425,4.764635587755585,NaN,NaN,NaN,NaN,NaN,NaN,NaN,NaN,NaN,NaN,1,0,0,0,0,NaN,NaN,57.97254379671436,NaN,NaN,NaN,4.6960470620483425,4.764635587755585,NaN,NaN,NaN,NaN,NaN,NaN,NaN,NaN,NaN,NaN,1
2024-08-13T08:15:00-04:00,4.770943831989437,4.770943831989437,4.7504,4.7504,4.7455414927008635,4.369715442534808,4.616969910672308,0,0,19639,19638,0,0,0,0,NaN,NaN,60.50416153155573,NaN,NaN,NaN,4.6960470620483425,4.764635587755585,NaN,NaN,NaN,NaN,NaN,NaN,NaN,NaN,NaN,NaN,1,0,0,0,0,NaN,NaN,60.50416153155573,NaN,NaN,NaN,4.6960470620483425,4.764635587755585,NaN,NaN,NaN,NaN,NaN,NaN,NaN,NaN,NaN,NaN,1
2024-08-13T08:18:00-04:00,4.760671915994719,4.760671915994719,4.7488,4.7497,4.74629758493707,4.3755167334884755,4.6200183739090495,0,0,19639,19638,0,0,0,0,NaN,NaN,62.11430408854823,NaN,NaN,NaN,4.6960470620483425,4.764635587755585,NaN,NaN,NaN,NaN,NaN,NaN,NaN,NaN,NaN,NaN,1,0,0,0,0,NaN,NaN,62.11430408854823,NaN,NaN,NaN,4.6960470620483425,4.764635587755585,NaN,NaN,NaN,NaN,NaN,NaN,NaN,NaN,NaN,NaN,1
2024-08-13T08:19:00-04:00,4.755185957997359,4.755185957997359,4.75,4.75,4.746970751312148,4.381234035267277,4.620720189392366,0,0,19639,19638,0,0,0,0,NaN,NaN,63.472312486162295,NaN,NaN,NaN,4.6960470620483425,4.764635587755585,NaN,NaN,NaN,NaN,NaN,NaN,NaN,NaN,NaN,NaN,1,0,0,0,0,NaN,NaN,63.472312486162295,NaN,NaN,NaN,4.6960470620483425,4.764635587755585,NaN,NaN,NaN,NaN,NaN,NaN,NaN,NaN,NaN,NaN,1
2024-08-13T08:20:00-04:00,4.752592978998679,4.752592978998679,4.75,4.75,4.747521523800848,4.386864049996021,4.622572563147337,0,0,19639,19638,0,0,0,0,NaN,NaN,64.6041252760564,NaN,NaN,NaN,4.6960470620483425,4.764635587755585,NaN,NaN,NaN,NaN,NaN,NaN,NaN,NaN,NaN,NaN,1,0,0,0,0,NaN,NaN,64.6041252760564,NaN,NaN,NaN,4.6960470620483425,4.764635587755585,NaN,NaN,NaN,NaN,NaN,NaN,NaN,NaN,NaN,NaN,1
2024-08-13T08:23:00-04:00,4.75129648949934,4.77,4.75129648949934,4.7675,4.751153974018876,4.392675285873944,4.630693472968273,0,0,19639,19638,0,0,0,0,NaN,NaN,65.87886554513692,NaN,NaN,NaN,4.6960470620483425,4.764635587755585,NaN,NaN,NaN,NaN,NaN,NaN,NaN,NaN,NaN,NaN,1,0,0,0,0,NaN,NaN,65.87886554513692,NaN,NaN,NaN,4.6960470620483425,4.764635587755585,NaN,NaN,NaN,NaN,NaN,NaN,NaN,NaN,NaN,NaN,1
2024-08-13T08:25:00-04:00,4.75939824474967,4.75939824474967,4.75,4.75,4.750944160560898,4.398130625020906,4.631152750510067,0,0,19639,19638,0,0,0,0,NaN,NaN,67.3231887859178,NaN,NaN,NaN,4.6960470620483425,4.764635587755585,NaN,NaN,NaN,NaN,NaN,NaN,NaN,NaN,NaN,NaN,1,0,0,0,0,NaN,NaN,67.3231887859178,NaN,NaN,NaN,4.6960470620483425,4.764635587755585,NaN,NaN,NaN,NaN,NaN,NaN,NaN,NaN,NaN,NaN,1
2024-08-13T08:26:00-04:00,4.754699122374835,4.76,4.754699122374835,4.76,4.752590676822553,4.40365534830303,4.631646853549104,0,0,19639,19638,0,0,0,0,NaN,NaN,68.66210801709256,NaN,NaN,NaN,4.6960470620483425,4.764635587755585,NaN,NaN,NaN,NaN,NaN,NaN,NaN,NaN,NaN,NaN,1,0,0,0,0,NaN,NaN,68.66210801709256,NaN,NaN,NaN,4.6960470620483425,4.764635587755585,NaN,NaN,NaN,NaN,NaN,NaN,NaN,NaN,NaN,NaN,1
2024-08-13T08:33:00-04:00,4.757349561187418,4.77,4.757349561187418,4.77,4.755756008309362,4.409248396420541,4.632175382969782,0,0,19639,19638,0,0,0,0,NaN,NaN,69.96591559565864,NaN,NaN,NaN,4.6960470620483425,4.764635587755585,NaN,NaN,NaN,NaN,NaN,NaN,NaN,NaN,NaN,NaN,1,0,0,0,0,NaN,NaN,69.96591559565864,NaN,NaN,NaN,4.6960470620483425,4.764635587755585,NaN,NaN,NaN,NaN,NaN,NaN,NaN,NaN,NaN,NaN,1
2024-08-13T08:34:00-04:00,4.763674780593709,4.77,4.763674780593709,4.77,4.758345824980387,4.414756054490456,4.636262556992994,0,0,19639,19638,0,0,0,0,NaN,NaN,71.07157672681804,NaN,NaN,NaN,4.6960470620483425,4.764635587755585,NaN,NaN,NaN,NaN,NaN,NaN,NaN,NaN,NaN,NaN,1,0,0,0,0,NaN,NaN,71.07157672681804,NaN,NaN,NaN,4.6960470620483425,4.764635587755585,NaN,NaN,NaN,NaN,NaN,NaN,NaN,NaN,NaN,NaN,1
2024-08-13T08:37:00-04:00,4.766837390296854,4.86,4.766837390296854,4.83,4.7713738568021355,4.421095656711976,4.648311374539388,0,0,19639,19638,0,0,0,0,NaN,NaN,72.22423064028276,NaN,NaN,NaN,4.6960470620483425,4.809010505632904,NaN,NaN,NaN,NaN,NaN,NaN,NaN,NaN,NaN,NaN,1,0,0,0,0,NaN,NaN,72.22423064028276,NaN,NaN,NaN,4.6960470620483425,4.809010505632904,NaN,NaN,NaN,NaN,NaN,NaN,NaN,NaN,NaN,NaN,1
2024-08-13T08:39:00-04:00,4.798418695148428,4.95,4.798418695148428,4.95,4.803851337383565,4.429170532182022,4.663263232670324,1,0,19639,19638,0,0,0,0,NaN,NaN,73.26998872683875,NaN,NaN,NaN,4.721599252816233,4.910315147760123,NaN,NaN,NaN,NaN,NaN,NaN,NaN,NaN,NaN,NaN,1,0,0,0,0,NaN,NaN,73.26998872683875,NaN,NaN,NaN,4.721599252816233,4.910315147760123,NaN,NaN,NaN,NaN,NaN,NaN,NaN,NaN,NaN,NaN,1
2024-08-13T08:40:00-04:00,4.874209347574213,4.9,4.874209347574213,4.9,4.821332912404736,4.436358768331915,4.670834932514553,0,0,19639,19638,0,0,0,0,NaN,NaN,74.97264818836639,NaN,NaN,NaN,4.8266719193101,4.910315147760123,NaN,NaN,NaN,NaN,NaN,NaN,NaN,NaN,NaN,NaN,1,0,0,0,0,NaN,NaN,74.97264818836639,NaN,NaN,NaN,4.8266719193101,4.910315147760123,NaN,NaN,NaN,NaN,NaN,NaN,NaN,NaN,NaN,NaN,1
2024-08-13T08:41:00-04:00,4.887104673787107,4.89,4.887104673787107,4.89,4.833817837422057,4.443284588662725,4.671533667027992,0,0,19639,19638,0,0,0,0,NaN,NaN,77.10544644763755,NaN,NaN,NaN,4.8266719193101,4.910315147760123,NaN,NaN,NaN,NaN,NaN,NaN,NaN,NaN,NaN,NaN,1,0,0,0,0,NaN,NaN,77.10544644763755,NaN,NaN,NaN,4.8266719193101,4.910315147760123,NaN,NaN,NaN,NaN,NaN,NaN,NaN,NaN,NaN,NaN,1
2024-08-13T08:43:00-04:00,4.888552336893554,4.9996,4.888552336893554,4.972300000000001,4.858996412436229,4.4513611598281795,4.683476658604538,0,0,19639,19638,0,0,0,0,NaN,NaN,78.79425798188848,NaN,NaN,NaN,4.859311199288687,4.948915967969658,NaN,NaN,NaN,NaN,NaN,NaN,NaN,NaN,NaN,NaN,1,0,0,0,0,NaN,NaN,78.79425798188848,NaN,NaN,NaN,4.859311199288687,4.948915967969658,NaN,NaN,NaN,NaN,NaN,NaN,NaN,NaN,NaN,NaN,1
2024-08-13T08:44:00-04:00,4.930426168446777,4.99,4.930426168446777,4.99,4.8828152465387324,4.459584653571261,4.684877886813154,0,0,19639,19638,0,0,0,0,NaN,NaN,80.4714949932902,NaN,NaN,NaN,4.916166561753223,4.976139366226953,NaN,NaN,NaN,NaN,NaN,NaN,NaN,NaN,NaN,NaN,1,0,0,0,0,NaN,NaN,80.4714949932902,NaN,NaN,NaN,4.916166561753223,4.976139366226953,NaN,NaN,NaN,NaN,NaN,NaN,NaN,NaN,NaN,NaN,1
2024-08-13T08:45:00-04:00,4.960213084223389,5.05,4.960213084223389,5.0249500000000005,4.908657928986235,4.468216185577806,4.708352762015548,0,0,19639,19638,0,0,0,0,NaN,NaN,82.5034577503697,NaN,NaN,NaN,4.950700093431411,5.012415746490781,NaN,NaN,NaN,NaN,NaN,NaN,NaN,NaN,NaN,NaN,1,0,0,0,0,NaN,NaN,82.5034577503697,NaN,NaN,NaN,4.950700093431411,5.012415746490781,NaN,NaN,NaN,NaN,NaN,NaN,NaN,NaN,NaN,NaN,1
2024-08-13T08:46:00-04:00,4.992581542111695,5.01,4.93,4.97,4.91981103280692,4.475877007172039,4.730709448869976,0,0,19639,19638,0,0,0,0,NaN,NaN,84.4267124869956,NaN,NaN,NaN,4.950700093431411,4.980165749999999,NaN,NaN,NaN,NaN,NaN,NaN,NaN,NaN,NaN,NaN,1,0,0,0,0,NaN,NaN,84.4267124869956,NaN,NaN,NaN,4.950700093431411,4.980165749999999,NaN,NaN,NaN,NaN,NaN,NaN,NaN,NaN,NaN,NaN,1
2024-08-13T08:47:00-04:00,4.981290771055847,5.5,4.981290771055847,5.1775,4.966663572296571,4.48658880858926,4.795054115674211,0,0,19639,19638,0,0,0,0,NaN,NaN,85.94496191825044,NaN,NaN,NaN,4.950700093431411,5.076862500000001,NaN,NaN,NaN,NaN,NaN,NaN,NaN,NaN,NaN,NaN,1,0,0,0,0,NaN,NaN,85.94496191825044,NaN,NaN,NaN,4.950700093431411,5.076862500000001,NaN,NaN,NaN,NaN,NaN,NaN,NaN,NaN,NaN,NaN,1
2024-08-13T08:48:00-04:00,5.079395385527924,6.22,4.6,5.1850000000000005,5.0063611046062855,4.49725157487034,5.083711527300211,0,0,19639,19638,0,0,0,0,NaN,NaN,86.94814530027574,NaN,NaN,NaN,4.989844916749056,5.083744125000001,NaN,NaN,NaN,NaN,NaN,NaN,NaN,NaN,NaN,NaN,1,0,0,0,0,NaN,NaN,86.94814530027574,NaN,NaN,NaN,4.989844916749056,5.083744125000001,NaN,NaN,NaN,NaN,NaN,NaN,NaN,NaN,NaN,NaN,1
2024-08-13T08:49:00-04:00,5.132197692763962,5.132197692763962,4.46,4.6657,4.944422721950597,4.499823306551709,4.983890207896922,0,0,19639,19638,0,0,0,0,NaN,NaN,85.61417062330067,NaN,NaN,NaN,4.764333537301741,4.909771,NaN,NaN,NaN,NaN,NaN,NaN,NaN,NaN,NaN,NaN,1,0,0,0,0,NaN,NaN,85.61417062330067,NaN,NaN,NaN,4.764333537301741,4.909771,NaN,NaN,NaN,NaN,NaN,NaN,NaN,NaN,NaN,NaN,1
2024-08-13T08:50:00-04:00,4.898948846381981,4.95,4.66,4.7875000000000005,4.91589131795958,4.504215317138706,4.959124366192318,0,0,19639,19638,0,0,0,0,NaN,NaN,85.76889484811056,NaN,NaN,NaN,4.764333537301741,4.909771,NaN,NaN,NaN,NaN,NaN,NaN,NaN,NaN,NaN,NaN,1,0,0,0,0,NaN,NaN,85.76889484811056,NaN,NaN,NaN,4.764333537301741,4.909771,NaN,NaN,NaN,NaN,NaN,NaN,NaN,NaN,NaN,NaN,1
2024-08-13T08:51:00-04:00,4.843224423190991,5,4.8334,4.89585,4.912247441966929,4.510194472602237,4.953742339145763,0,0,19639,19638,0,0,0,0,NaN,NaN,86.6518970946217,NaN,NaN,NaN,4.764333537301741,4.909771,NaN,NaN,NaN,NaN,NaN,NaN,NaN,NaN,NaN,NaN,1,0,0,0,0,NaN,NaN,86.6518970946217,NaN,NaN,NaN,4.764333537301741,4.909771,NaN,NaN,NaN,NaN,NaN,NaN,NaN,NaN,NaN,NaN,1
2024-08-13T08:52:00-04:00,4.869537211595496,4.97,4.85,4.91,4.91183881615476,4.516298373783882,4.952059328028145,0,0,19639,19638,0,0,0,0,NaN,NaN,87.12792757701793,NaN,NaN,NaN,4.764333537301741,4.909771,NaN,NaN,NaN,NaN,NaN,NaN,NaN,NaN,NaN,NaN,1,0,0,0,0,NaN,NaN,87.12792757701793,NaN,NaN,NaN,4.764333537301741,4.909771,NaN,NaN,NaN,NaN,NaN,NaN,NaN,NaN,NaN,NaN,1
2024-08-13T08:53:00-04:00,4.889768605797748,4.9398,4.848,4.90545,4.910677213217531,4.522239619985655,4.950930260162549,0,0,19639,19638,0,0,0,0,NaN,NaN,87.83137455691286,NaN,NaN,NaN,4.764333537301741,4.909771,NaN,NaN,NaN,NaN,NaN,NaN,NaN,NaN,NaN,NaN,1,0,0,0,0,NaN,NaN,87.83137455691286,NaN,NaN,NaN,4.764333537301741,4.909771,NaN,NaN,NaN,NaN,NaN,NaN,NaN,NaN,NaN,NaN,1
2024-08-13T08:54:00-04:00,4.897609302898874,4.897609302898874,4.69,4.8,4.890554083541616,4.526480236474423,4.943445630739655,0,0,19639,19638,0,0,0,0,NaN,NaN,86.85244615166603,NaN,NaN,NaN,4.764333537301741,4.909771,NaN,NaN,NaN,NaN,NaN,NaN,NaN,NaN,NaN,NaN,1,0,0,0,0,NaN,NaN,86.85244615166603,NaN,NaN,NaN,4.764333537301741,4.909771,NaN,NaN,NaN,NaN,NaN,NaN,NaN,NaN,NaN,NaN,1
2024-08-13T08:55:00-04:00,4.848804651449437,4.848804651449437,4.7209,4.785225,4.871403341079504,4.530430538207638,4.936708125164877,0,0,19639,19638,0,0,0,0,NaN,NaN,86.08497619123489,NaN,NaN,NaN,4.764333537301741,4.909771,NaN,NaN,NaN,NaN,NaN,NaN,NaN,NaN,NaN,NaN,1,0,0,0,0,NaN,NaN,86.08497619123489,NaN,NaN,NaN,4.764333537301741,4.909771,NaN,NaN,NaN,NaN,NaN,NaN,NaN,NaN,NaN,NaN,1
2024-08-13T08:56:00-04:00,4.817014825724718,4.817014825724718,4.75,4.775,4.853875460883231,4.534164423120499,4.935632375944709,0,0,19639,19638,0,0,0,0,NaN,NaN,84.4358928184164,NaN,NaN,NaN,4.764333537301741,4.909771,NaN,NaN,NaN,NaN,NaN,NaN,NaN,NaN,NaN,NaN,1,0,0,0,0,NaN,NaN,84.4358928184164,NaN,NaN,NaN,4.764333537301741,4.909771,NaN,NaN,NaN,NaN,NaN,NaN,NaN,NaN,NaN,NaN,1
2024-08-13T08:57:00-04:00,4.796007412862359,4.796007412862359,4.5,4.6575,4.818170831631734,4.536047409027057,4.929335488159094,0,0,19639,19638,0,0,0,0,NaN,NaN,80.91398968182466,NaN,NaN,NaN,4.764333537301741,4.89822587,NaN,NaN,NaN,NaN,NaN,NaN,NaN,NaN,NaN,NaN,1,0,0,0,0,NaN,NaN,80.91398968182466,NaN,NaN,NaN,4.764333537301741,4.89822587,NaN,NaN,NaN,NaN,NaN,NaN,NaN,NaN,NaN,NaN,1
2024-08-13T08:58:00-04:00,4.726753706431179,4.726753706431179,4.524,4.5889,4.77648522588051,4.536854318812903,4.921912425197008,0,0,19639,19638,0,0,0,0,NaN,NaN,76.03632599427374,NaN,NaN,NaN,4.764333537301741,4.8474243178,NaN,NaN,NaN,NaN,NaN,NaN,NaN,NaN,NaN,NaN,1,0,0,0,0,NaN,NaN,76.03632599427374,NaN,NaN,NaN,4.764333537301741,4.8474243178,NaN,NaN,NaN,NaN,NaN,NaN,NaN,NaN,NaN,NaN,1
2024-08-13T08:59:00-04:00,4.657826853215589,4.75,4.601,4.679824999999999,4.758910639356781,4.539037077304309,4.914149334239019,0,0,19639,19638,0,0,0,0,NaN,NaN,72.73325472591236,NaN,NaN,NaN,4.764333537301741,4.8474243178,NaN,NaN,NaN,NaN,NaN,NaN,NaN,NaN,NaN,NaN,1,0,0,0,0,NaN,NaN,72.73325472591236,NaN,NaN,NaN,4.764333537301741,4.8474243178,NaN,NaN,NaN,NaN,NaN,NaN,NaN,NaN,NaN,NaN,1
2024-08-13T09:00:00-04:00,4.668825926607794,4.668825926607794,4.66,4.66,4.740926886746458,4.540883839482869,4.914079319298168,0,0,19639,19638,0,0,0,0,NaN,NaN,69.04319039097588,NaN,NaN,NaN,4.764333537301741,4.8474243178,NaN,NaN,NaN,NaN,NaN,NaN,NaN,NaN,NaN,NaN,1,0,0,0,0,NaN,NaN,69.04319039097588,NaN,NaN,NaN,4.764333537301741,4.8474243178,NaN,NaN,NaN,NaN,NaN,NaN,NaN,NaN,NaN,NaN,1
2024-08-13T09:01:00-04:00,4.6644129633038975,4.6644129633038975,4.6,4.615,4.7180310891561925,4.542015383918245,4.913487267020976,0,0,19639,19638,0,0,0,0,NaN,NaN,64.4213207597304,NaN,NaN,NaN,4.764333537301741,4.8474243178,NaN,NaN,NaN,NaN,NaN,NaN,NaN,NaN,NaN,NaN,1,0,0,0,0,NaN,NaN,64.4213207597304,NaN,NaN,NaN,4.764333537301741,4.8474243178,NaN,NaN,NaN,NaN,NaN,NaN,NaN,NaN,NaN,NaN,1
2024-08-13T09:02:00-04:00,4.639706481651949,4.66,4.46,4.567500000000001,4.690661800218703,4.542404462026363,4.907426382233292,0,0,19639,19638,0,0,0,0,NaN,NaN,58.89090689321262,NaN,NaN,NaN,4.764333537301741,4.812494129198001,NaN,NaN,NaN,NaN,NaN,NaN,NaN,NaN,NaN,NaN,1,0,0,0,0,NaN,NaN,58.89090689321262,NaN,NaN,NaN,4.764333537301741,4.812494129198001,NaN,NaN,NaN,NaN,NaN,NaN,NaN,NaN,NaN,NaN,1
2024-08-13T09:03:00-04:00,4.603603240825975,4.68,4.53,4.605449999999999,4.675168745633484,4.543366989323671,4.903737651156959,0,0,19639,19638,0,0,0,0,NaN,NaN,54.360438152734446,NaN,NaN,NaN,4.764333537301741,4.812494129198001,NaN,NaN,NaN,NaN,NaN,NaN,NaN,NaN,NaN,NaN,1,0,0,0,0,NaN,NaN,54.360438152734446,NaN,NaN,NaN,4.764333537301741,4.812494129198001,NaN,NaN,NaN,NaN,NaN,NaN,NaN,NaN,NaN,NaN,1
2024-08-13T09:04:00-04:00,4.604526620412987,4.64,4.6,4.6175,4.664683519154669,4.544498791013385,4.901874831204223,0,0,19639,19638,0,0,0,0,NaN,NaN,50.03571701529218,NaN,NaN,NaN,4.764333537301741,4.812494129198001,NaN,NaN,NaN,NaN,NaN,NaN,NaN,NaN,NaN,NaN,1,0,0,0,0,NaN,NaN,50.03571701529218,NaN,NaN,NaN,4.764333537301741,4.812494129198001,NaN,NaN,NaN,NaN,NaN,NaN,NaN,NaN,NaN,NaN,1
2024-08-13T09:05:00-04:00,4.611013310206493,4.65,4.6,4.625,4.65746833385382,4.545727817104784,4.900836507628397,0,0,19639,19638,0,0,0,0,NaN,NaN,45.4241238410631,NaN,NaN,NaN,4.764333537301741,4.812494129198001,NaN,NaN,NaN,NaN,NaN,NaN,NaN,NaN,NaN,NaN,1,0,0,0,0,NaN,NaN,45.4241238410631,NaN,NaN,NaN,4.764333537301741,4.812494129198001,NaN,NaN,NaN,NaN,NaN,NaN,NaN,NaN,NaN,NaN,1
2024-08-13T09:06:00-04:00,4.618006655103247,4.67,4.618006655103247,4.665,4.65883772769858,4.547548766461963,4.900463398778118,0,0,19639,19638,0,0,0,0,NaN,NaN,41.32321913963098,NaN,NaN,NaN,4.764333537301741,4.812494129198001,NaN,NaN,NaN,NaN,NaN,NaN,NaN,NaN,NaN,NaN,1,0,0,0,0,NaN,NaN,41.32321913963098,NaN,NaN,NaN,4.764333537301741,4.812494129198001,NaN,NaN,NaN,NaN,NaN,NaN,NaN,NaN,NaN,NaN,1
2024-08-13T09:07:00-04:00,4.641503327551623,4.67,4.6002,4.6326,4.654067231753383,4.548847258577048,4.899338073025935,0,0,19639,19638,0,0,0,0,NaN,NaN,36.440097096666655,NaN,NaN,NaN,4.764333537301741,4.812494129198001,NaN,NaN,NaN,NaN,NaN,NaN,NaN,NaN,NaN,NaN,1,0,0,0,0,NaN,NaN,36.440097096666655,NaN,NaN,NaN,4.764333537301741,4.812494129198001,NaN,NaN,NaN,NaN,NaN,NaN,NaN,NaN,NaN,NaN,1
2024-08-13T09:08:00-04:00,4.637051663775812,4.64,4.637051663775812,4.64,4.651509553252768,4.550238903484269,4.899269996534988,0,0,19639,19638,0,0,0,0,NaN,NaN,31.59728563174064,NaN,NaN,NaN,4.764333537301741,4.812494129198001,NaN,NaN,NaN,NaN,NaN,NaN,NaN,NaN,NaN,NaN,1,0,0,0,0,NaN,NaN,31.59728563174064,NaN,NaN,NaN,4.764333537301741,4.812494129198001,NaN,NaN,NaN,NaN,NaN,NaN,NaN,NaN,NaN,NaN,1
2024-08-13T09:09:00-04:00,4.638525831887906,4.638525831887906,4.53,4.556425,4.634221452661356,4.550333347705883,4.896620417445913,0,0,19639,19638,0,0,0,0,NaN,NaN,25.80141304514447,NaN,NaN,NaN,4.764333537301741,4.77689283369424,NaN,NaN,NaN,NaN,NaN,NaN,NaN,NaN,NaN,NaN,1,0,0,0,0,NaN,NaN,25.80141304514447,NaN,NaN,NaN,4.764333537301741,4.77689283369424,NaN,NaN,NaN,NaN,NaN,NaN,NaN,NaN,NaN,NaN,1
2024-08-13T09:10:00-04:00,4.597475415943952,4.597475415943952,4.39,4.4625,4.602999370359291,4.548992380565335,4.886120333842525,0,0,19639,19638,0,0,1,0,NaN,NaN,19.173233395225605,NaN,NaN,NaN,4.764333537301741,4.689815783640104,NaN,NaN,NaN,NaN,NaN,NaN,NaN,NaN,NaN,NaN,1,0,0,1,0,NaN,NaN,19.173233395225605,NaN,NaN,NaN,4.764333537301741,4.689815783640104,NaN,NaN,NaN,NaN,NaN,NaN,NaN,NaN,NaN,NaN,1
2024-08-13T09:11:00-04:00,4.529987707971976,4.529987707971976,4.32,4.375,4.561544939384874,4.546336008342964,4.875161961888204,0,0,19639,19638,0,0,0,0,NaN,NaN,12.535922295845541,NaN,NaN,NaN,4.534439208232214,4.597273942584885,NaN,NaN,NaN,NaN,NaN,NaN,NaN,NaN,NaN,NaN,1,0,0,0,0,NaN,NaN,12.535922295845541,NaN,NaN,NaN,4.534439208232214,4.597273942584885,NaN,NaN,NaN,NaN,NaN,NaN,NaN,NaN,NaN,NaN,1
2024-08-13T09:12:00-04:00,4.452493853985988,4.452493853985988,4.3,4.3925,4.5308094958603515,4.543987366994216,4.869797244098846,0,0,19639,19638,0,0,0,0,NaN,NaN,7.554138273681753,NaN,NaN,NaN,4.506070966355805,4.597273942584885,NaN,NaN,NaN,NaN,NaN,NaN,NaN,NaN,NaN,NaN,1,0,0,0,0,NaN,NaN,7.554138273681753,NaN,NaN,NaN,4.506070966355805,4.597273942584885,NaN,NaN,NaN,NaN,NaN,NaN,NaN,NaN,NaN,NaN,1
2024-08-13T09:13:00-04:00,4.422496926992994,4.422496926992994,4.38,4.39,4.505207769340288,4.541636414826366,4.86909022682005,0,0,19639,19638,0,0,0,0,NaN,NaN,3.7848856143275134,NaN,NaN,NaN,4.503374959635215,4.597273942584885,NaN,NaN,NaN,NaN,NaN,NaN,NaN,NaN,NaN,NaN,1,0,0,0,0,NaN,NaN,3.7848856143275134,NaN,NaN,NaN,4.503374959635215,4.597273942584885,NaN,NaN,NaN,NaN,NaN,NaN,NaN,NaN,NaN,NaN,1
2024-08-13T09:14:00-04:00,4.406248463496497,4.45,4.406248463496497,4.4498999999999995,4.495151811278418,4.540235858874818,4.868326691340865,0,0,19639,19638,0,0,0,0,NaN,NaN,1.5182170545140226,NaN,NaN,NaN,4.503374959635215,4.597273942584885,NaN,NaN,NaN,NaN,NaN,NaN,NaN,NaN,NaN,NaN,1,0,0,0,0,NaN,NaN,1.5182170545140226,NaN,NaN,NaN,4.503374959635215,4.597273942584885,NaN,NaN,NaN,NaN,NaN,NaN,NaN,NaN,NaN,NaN,1
2024-08-13T09:15:00-04:00,4.428074231748248,4.45,4.428074231748248,4.445,4.486033300136887,4.538781876296577,4.866847851511925,0,0,19639,19638,0,0,0,0,NaN,NaN,0.2651288866888347,NaN,NaN,NaN,4.503374959635215,4.597273942584885,NaN,NaN,NaN,NaN,NaN,NaN,NaN,NaN,NaN,NaN,1,0,0,0,0,NaN,NaN,0.2651288866888347,NaN,NaN,NaN,4.503374959635215,4.597273942584885,NaN,NaN,NaN,NaN,NaN,NaN,NaN,NaN,NaN,NaN,1
2024-08-13T09:16:00-04:00,4.436537115874124,4.47,4.436537115874124,4.4575,4.480845427384725,4.537540931620293,4.862240283051454,0,0,19639,19638,0,0,0,0,NaN,NaN,0.04289830778026773,NaN,NaN,NaN,4.503374959635215,4.597273942584885,NaN,NaN,NaN,NaN,NaN,NaN,NaN,NaN,NaN,NaN,1,0,0,0,0,NaN,NaN,0.04289830778026773,NaN,NaN,NaN,4.503374959635215,4.597273942584885,NaN,NaN,NaN,NaN,NaN,NaN,NaN,NaN,NaN,NaN,1
2024-08-13T09:17:00-04:00,4.447018557937062,4.47,4.447018557937062,4.47,4.4788735314965935,4.536509772358914,4.862050889231446,0,0,19639,19638,0,0,0,0,NaN,NaN,0.8428666651236632,NaN,NaN,NaN,4.503374959635215,4.597273942584885,NaN,NaN,NaN,NaN,NaN,NaN,NaN,NaN,NaN,NaN,1,0,0,0,0,NaN,NaN,0.8428666651236632,NaN,NaN,NaN,4.503374959635215,4.597273942584885,NaN,NaN,NaN,NaN,NaN,NaN,NaN,NaN,NaN,NaN,1
2024-08-13T09:18:00-04:00,4.458509278968531,4.53,4.458509278968531,4.4925,4.481351071224486,4.5358378674374045,4.859780028469145,0,0,19639,19638,0,0,0,0,NaN,NaN,2.384131674670524,NaN,NaN,NaN,4.503374959635215,4.597273942584885,NaN,NaN,NaN,NaN,NaN,NaN,NaN,NaN,NaN,NaN,1,0,0,0,0,NaN,NaN,2.384131674670524,NaN,NaN,NaN,4.503374959635215,4.597273942584885,NaN,NaN,NaN,NaN,NaN,NaN,NaN,NaN,NaN,NaN,1
2024-08-13T09:20:00-04:00,4.4755046394842655,4.4755046394842655,4.47,4.47,4.479287240092761,4.534832709155918,4.859686526218195,0,0,19639,19638,0,0,0,0,NaN,NaN,4.572340532454908,NaN,NaN,NaN,4.503374959635215,4.597273942584885,NaN,NaN,NaN,NaN,NaN,NaN,NaN,NaN,NaN,NaN,1,0,0,0,0,NaN,NaN,4.572340532454908,NaN,NaN,NaN,4.503374959635215,4.597273942584885,NaN,NaN,NaN,NaN,NaN,NaN,NaN,NaN,NaN,NaN,1
2024-08-13T09:21:00-04:00,4.472752319742133,4.472752319742133,4.46,4.465,4.476689560075895,4.53376656092453,4.8589305430522405,0,0,19639,19638,0,0,0,0,NaN,NaN,7.848879849608304,NaN,NaN,NaN,4.503374959635215,4.597273942584885,NaN,NaN,NaN,NaN,NaN,NaN,NaN,NaN,NaN,NaN,1,0,0,0,0,NaN,NaN,7.848879849608304,NaN,NaN,NaN,4.503374959635215,4.597273942584885,NaN,NaN,NaN,NaN,NaN,NaN,NaN,NaN,NaN,NaN,1
2024-08-13T09:22:00-04:00,4.4688761598710665,4.47,4.46,4.4625,4.474109640062096,4.532678521826446,4.8582672465204,0,0,19639,19638,0,0,0,0,NaN,NaN,11.738728729371028,NaN,NaN,NaN,4.503374959635215,4.597273942584885,NaN,NaN,NaN,NaN,NaN,NaN,NaN,NaN,NaN,NaN,1,0,0,0,0,NaN,NaN,11.738728729371028,NaN,NaN,NaN,4.503374959635215,4.597273942584885,NaN,NaN,NaN,NaN,NaN,NaN,NaN,NaN,NaN,NaN,1
2024-08-13T09:23:00-04:00,4.465688079935534,4.465688079935534,4.35,4.4056,4.461653341868987,4.530738391722226,4.855723803392192,0,0,19639,19638,0,0,0,0,NaN,NaN,16.506296851110143,NaN,NaN,NaN,4.503374959635215,4.597273942584885,NaN,NaN,NaN,NaN,NaN,NaN,NaN,NaN,NaN,NaN,1,0,0,0,0,NaN,NaN,16.506296851110143,NaN,NaN,NaN,4.503374959635215,4.597273942584885,NaN,NaN,NaN,NaN,NaN,NaN,NaN,NaN,NaN,NaN,1
2024-08-13T09:24:00-04:00,4.435644039967767,4.4697,4.35,4.407425,4.4517936433473535,4.528855744520359,4.855297998781852,0,0,19639,19638,0,0,0,0,NaN,NaN,21.848535505199767,NaN,NaN,NaN,4.503374959635215,4.597273942584885,NaN,NaN,NaN,NaN,NaN,NaN,NaN,NaN,NaN,NaN,1,0,0,0,0,NaN,NaN,21.848535505199767,NaN,NaN,NaN,4.503374959635215,4.597273942584885,NaN,NaN,NaN,NaN,NaN,NaN,NaN,NaN,NaN,NaN,1
2024-08-13T09:25:00-04:00,4.421534519983883,4.7,4.3612,4.5553,4.470612980920562,4.529259473611652,4.85245089453296,0,0,19639,19638,0,0,0,0,NaN,NaN,26.490942573014447,NaN,NaN,NaN,4.503374959635215,4.597273942584885,NaN,NaN,NaN,NaN,NaN,NaN,NaN,NaN,NaN,NaN,1,0,0,0,0,NaN,NaN,26.490942573014447,NaN,NaN,NaN,4.503374959635215,4.597273942584885,NaN,NaN,NaN,NaN,NaN,NaN,NaN,NaN,NaN,NaN,1
2024-08-13T09:26:00-04:00,4.488417259991941,4.78,4.488417259991941,4.755000000000001,4.522319711662278,4.532705893861856,4.850819444791342,0,0,19639,19638,0,0,0,0,NaN,NaN,26.87695033669584,NaN,NaN,NaN,4.503374959635215,4.597273942584885,NaN,NaN,NaN,NaN,NaN,NaN,NaN,NaN,NaN,NaN,1,0,0,0,0,NaN,NaN,26.87695033669584,NaN,NaN,NaN,4.503374959635215,4.597273942584885,NaN,NaN,NaN,NaN,NaN,NaN,NaN,NaN,NaN,NaN,1
2024-08-13T09:27:00-04:00,4.621708629995971,4.78,4.621708629995971,4.722500000000001,4.558716127723682,4.535603513802896,4.849920673835414,0,0,19639,19638,0,0,0,0,NaN,NaN,27.730141710649487,NaN,NaN,NaN,4.503374959635215,4.597273942584885,NaN,NaN,NaN,NaN,NaN,NaN,NaN,NaN,NaN,NaN,1,0,0,0,0,NaN,NaN,27.730141710649487,NaN,NaN,NaN,4.503374959635215,4.597273942584885,NaN,NaN,NaN,NaN,NaN,NaN,NaN,NaN,NaN,NaN,1
2024-08-13T09:28:00-04:00,4.672104314997986,4.8,4.672104314997986,4.729925,4.589845013592103,4.53857025405018,4.847595661218443,0,0,19639,19638,0,0,0,0,NaN,NaN,28.533300877699368,NaN,NaN,NaN,4.503374959635215,4.597273942584885,NaN,NaN,NaN,NaN,NaN,NaN,NaN,NaN,NaN,NaN,1,0,0,0,0,NaN,NaN,28.533300877699368,NaN,NaN,NaN,4.503374959635215,4.597273942584885,NaN,NaN,NaN,NaN,NaN,NaN,NaN,NaN,NaN,NaN,1
2024-08-13T09:29:00-04:00,4.701014657498993,4.74,4.701014657498993,4.74,4.617145920211721,4.541645517347124,4.84757143663643,0,0,19639,19638,0,0,0,0,NaN,NaN,28.994254124748263,NaN,NaN,NaN,4.503374959635215,4.597273942584885,NaN,NaN,NaN,NaN,NaN,NaN,NaN,NaN,NaN,NaN,1,0,0,0,0,NaN,NaN,28.994254124748263,NaN,NaN,NaN,4.503374959635215,4.597273942584885,NaN,NaN,NaN,NaN,NaN,NaN,NaN,NaN,NaN,NaN,1
2024-08-13T09:30:00-04:00,4.7205073287494965,4.83,4.5,4.7021250000000006,4.632596661991408,4.544095585784572,4.818141277589211,0,0,19639,19638,0,0,0,0,NaN,NaN,29.464974851653874,NaN,NaN,NaN,4.577550130457402,4.597273942584885,NaN,NaN,NaN,NaN,NaN,NaN,NaN,NaN,NaN,NaN,1,0,0,0,0,NaN,NaN,29.464974851653874,NaN,NaN,NaN,4.577550130457402,4.597273942584885,NaN,NaN,NaN,NaN,NaN,NaN,NaN,NaN,NaN,NaN,1
2024-08-13T09:31:00-04:00,4.7113161643747485,4.76,4.51,4.6875,4.642579087083879,4.546284966154274,4.816053776472418,0,0,19639,19638,0,0,0,0,NaN,NaN,30.528325468675817,NaN,NaN,NaN,4.577550130457402,4.597273942584885,NaN,NaN,NaN,NaN,NaN,NaN,NaN,NaN,NaN,NaN,1,0,0,0,0,NaN,NaN,30.528325468675817,NaN,NaN,NaN,4.577550130457402,4.597273942584885,NaN,NaN,NaN,NaN,NaN,NaN,NaN,NaN,NaN,NaN,1
2024-08-13T09:32:00-04:00,4.699408082187374,4.7499,4.5335,4.6556,4.644946525795901,4.547953897968712,4.814424197187928,0,0,19639,19638,0,0,0,0,NaN,NaN,31.503128385345963,NaN,NaN,NaN,4.577550130457402,4.597273942584885,NaN,NaN,NaN,NaN,NaN,NaN,NaN,NaN,NaN,NaN,1,0,0,0,0,NaN,NaN,31.503128385345963,NaN,NaN,NaN,4.577550130457402,4.597273942584885,NaN,NaN,NaN,NaN,NaN,NaN,NaN,NaN,NaN,NaN,1
2024-08-13T09:33:00-04:00,4.6775040410936874,4.6775040410936874,4.51,4.574675,4.632169884742101,4.5483618537249155,4.808381604468514,0,0,19639,19638,0,0,0,0,NaN,NaN,33.27337847415699,NaN,NaN,NaN,4.577550130457402,4.597273942584885,NaN,NaN,NaN,NaN,NaN,NaN,NaN,NaN,NaN,NaN,1,0,0,0,0,NaN,NaN,33.27337847415699,NaN,NaN,NaN,4.577550130457402,4.597273942584885,NaN,NaN,NaN,NaN,NaN,NaN,NaN,NaN,NaN,NaN,1
2024-08-13T09:34:00-04:00,4.626089520546843,4.626089520546843,4.5301,4.549375,4.6171162693344465,4.548377321606978,4.806419775229086,0,0,19639,19638,0,0,0,0,NaN,NaN,34.274349370352894,NaN,NaN,NaN,4.577550130457402,4.597273942584885,NaN,NaN,NaN,NaN,NaN,NaN,NaN,NaN,NaN,NaN,1,0,0,0,0,NaN,NaN,34.274349370352894,NaN,NaN,NaN,4.577550130457402,4.597273942584885,NaN,NaN,NaN,NaN,NaN,NaN,NaN,NaN,NaN,NaN,1
2024-08-13T09:35:00-04:00,4.587732260273421,4.587732260273421,4.24,4.42,4.581276947637274,4.546417362498475,4.7584291390878155,0,0,19639,19638,0,0,0,0,NaN,NaN,36.34312099474856,NaN,NaN,NaN,4.577550130457402,4.597273942584885,NaN,NaN,NaN,NaN,NaN,NaN,NaN,NaN,NaN,NaN,1,0,0,0,0,NaN,NaN,36.34312099474856,NaN,NaN,NaN,4.577550130457402,4.597273942584885,NaN,NaN,NaN,NaN,NaN,NaN,NaN,NaN,NaN,NaN,1
2024-08-13T09:36:00-04:00,4.503866130136711,4.503866130136711,4.31,4.402425,4.548758411703225,4.544219005819109,4.752010276501519,0,0,19639,19638,0,0,0,0,NaN,NaN,38.80085131125794,NaN,NaN,NaN,4.577550130457402,4.597273942584885,NaN,NaN,NaN,NaN,NaN,NaN,NaN,NaN,NaN,NaN,1,0,0,0,0,NaN,NaN,38.80085131125794,NaN,NaN,NaN,4.577550130457402,4.597273942584885,NaN,NaN,NaN,NaN,NaN,NaN,NaN,NaN,NaN,NaN,1
2024-08-13T09:37:00-04:00,4.453145565068356,4.4615,4.43,4.440775,4.52912506412082,4.542639708020344,4.749486654947469,0,0,19639,19638,0,0,0,0,NaN,NaN,40.59372915125677,NaN,NaN,NaN,4.577550130457402,4.597273942584885,NaN,NaN,NaN,NaN,NaN,NaN,NaN,NaN,NaN,NaN,1,0,0,0,0,NaN,NaN,40.59372915125677,NaN,NaN,NaN,4.577550130457402,4.597273942584885,NaN,NaN,NaN,NaN,NaN,NaN,NaN,NaN,NaN,NaN,1
2024-08-13T09:38:00-04:00,4.446960282534178,4.455,4.34,4.39995,4.505638688826125,4.540461239195606,4.740989444160406,0,0,19639,19638,0,0,0,0,NaN,NaN,43.04421896387826,NaN,NaN,NaN,4.577550130457402,4.597273942584885,NaN,NaN,NaN,NaN,NaN,NaN,NaN,NaN,NaN,NaN,1,0,0,0,0,NaN,NaN,43.04421896387826,NaN,NaN,NaN,4.577550130457402,4.597273942584885,NaN,NaN,NaN,NaN,NaN,NaN,NaN,NaN,NaN,NaN,1
2024-08-13T09:39:00-04:00,4.423455141267089,4.423455141267089,4.21,4.303,4.468795290857739,4.536835876765139,4.728833366711582,0,0,19639,19638,0,0,0,0,NaN,NaN,45.4590164929835,NaN,NaN,NaN,4.577550130457402,4.507036414642059,NaN,NaN,NaN,NaN,NaN,NaN,NaN,NaN,NaN,NaN,1,0,0,0,0,NaN,NaN,45.4590164929835,NaN,NaN,NaN,4.577550130457402,4.507036414642059,NaN,NaN,NaN,NaN,NaN,NaN,NaN,NaN,NaN,NaN,1
2024-08-13T09:40:00-04:00,4.363227570633544,4.363227570633544,4.06,4.186249999999999,4.417423419792695,4.53148342063132,4.701261379396175,0,0,19639,19638,0,0,0,0,NaN,NaN,48.0441287814945,NaN,NaN,NaN,4.524676100708877,4.385682675127964,NaN,NaN,NaN,NaN,NaN,NaN,NaN,NaN,NaN,NaN,1,0,0,0,0,NaN,NaN,48.0441287814945,NaN,NaN,NaN,4.524676100708877,4.385682675127964,NaN,NaN,NaN,NaN,NaN,NaN,NaN,NaN,NaN,NaN,1
2024-08-13T09:41:00-04:00,4.274738785316772,4.274738785316772,4.05,4.112575,4.3619964343758415,4.525087872224734,4.69320580450774,0,0,19639,19638,0,0,0,0,NaN,NaN,50.462698974884,NaN,NaN,NaN,4.244638420972843,4.285052227843414,NaN,NaN,NaN,NaN,NaN,NaN,NaN,NaN,NaN,NaN,1,0,0,0,0,NaN,NaN,50.462698974884,NaN,NaN,NaN,4.244638420972843,4.285052227843414,NaN,NaN,NaN,NaN,NaN,NaN,NaN,NaN,NaN,NaN,1
2024-08-13T09:42:00-04:00,4.193656892658385,4.193656892658385,3.74,3.92,4.281633446307507,4.515849889442677,4.6520629499924135,0,0,19639,19638,0,0,0,0,NaN,NaN,52.40285327261249,NaN,NaN,NaN,4.055372601678738,4.10813530949039,NaN,NaN,NaN,NaN,NaN,NaN,NaN,NaN,NaN,NaN,1,0,0,0,0,NaN,NaN,52.40285327261249,NaN,NaN,NaN,4.055372601678738,4.10813530949039,NaN,NaN,NaN,NaN,NaN,NaN,NaN,NaN,NaN,NaN,1
2024-08-13T09:52:00-04:00,4.056828446329193,4.056828446329193,3.5,3.5025,4.139972819706142,4.500378898764163,4.628964195783859,0,0,19639,19638,0,0,0,0,NaN,NaN,51.59957230674138,NaN,NaN,NaN,3.642067987575728,3.7684131573585606,NaN,NaN,NaN,NaN,NaN,NaN,NaN,NaN,NaN,NaN,1,0,0,0,0,NaN,NaN,51.59957230674138,NaN,NaN,NaN,3.642067987575728,3.7684131573585606,NaN,NaN,NaN,NaN,NaN,NaN,NaN,NaN,NaN,NaN,1
2024-08-13T09:53:00-04:00,3.7796642231645965,3.85,3.5021,3.676775,4.055755034305026,4.487804793439519,4.602763953835369,0,0,19639,19638,0,0,0,0,NaN,NaN,53.487238680435546,NaN,NaN,NaN,3.642067987575728,3.7684131573585606,NaN,NaN,NaN,NaN,NaN,NaN,NaN,NaN,NaN,NaN,1,0,0,0,0,NaN,NaN,53.487238680435546,NaN,NaN,NaN,3.642067987575728,3.7684131573585606,NaN,NaN,NaN,NaN,NaN,NaN,NaN,NaN,NaN,NaN,1
2024-08-13T09:58:00-04:00,3.7282196115822983,4.1,3.7282196115822983,3.955025,4.037440482613203,4.479670750791588,4.592067950252196,0,0,19639,19638,0,0,0,0,NaN,NaN,56.06886021689023,NaN,NaN,NaN,3.642067987575728,3.7684131573585606,NaN,NaN,NaN,NaN,NaN,NaN,NaN,NaN,NaN,NaN,1,0,0,0,0,NaN,NaN,56.06886021689023,NaN,NaN,NaN,3.642067987575728,3.7684131573585606,NaN,NaN,NaN,NaN,NaN,NaN,NaN,NaN,NaN,NaN,1
2024-08-13T09:59:00-04:00,3.841622305791149,3.9592,3.841622305791149,3.9023,4.012869485774439,4.470855930168815,4.5863501150693455,0,0,19639,19638,0,0,0,0,NaN,NaN,58.5658388376748,NaN,NaN,NaN,3.642067987575728,3.7684131573585606,NaN,NaN,NaN,NaN,NaN,NaN,NaN,NaN,NaN,NaN,1,0,0,0,0,NaN,NaN,58.5658388376748,NaN,NaN,NaN,3.642067987575728,3.7684131573585606,NaN,NaN,NaN,NaN,NaN,NaN,NaN,NaN,NaN,NaN,1
2024-08-13T10:00:00-04:00,3.871961152895574,3.9,3.6601,3.7837750000000003,3.971215942906359,4.460366144975398,4.566393141450298,0,0,19639,19638,0,0,0,0,NaN,NaN,60.73945400895314,NaN,NaN,NaN,3.642067987575728,3.7684131573585606,NaN,NaN,NaN,NaN,NaN,NaN,NaN,NaN,NaN,NaN,1,0,0,0,0,NaN,NaN,60.73945400895314,NaN,NaN,NaN,3.642067987575728,3.7684131573585606,NaN,NaN,NaN,NaN,NaN,NaN,NaN,NaN,NaN,NaN,1
2024-08-13T10:01:00-04:00,3.8278680764477873,3.8278680764477873,3.5401,3.6735249999999997,3.917090316923385,4.448353303067377,4.555458066336192,0,0,19639,19638,0,0,0,0,NaN,NaN,62.82869502445983,NaN,NaN,NaN,3.642067987575728,3.7684131573585606,NaN,NaN,NaN,NaN,NaN,NaN,NaN,NaN,NaN,NaN,1,0,0,0,0,NaN,NaN,62.82869502445983,NaN,NaN,NaN,3.642067987575728,3.7684131573585606,NaN,NaN,NaN,NaN,NaN,NaN,NaN,NaN,NaN,NaN,1
2024-08-13T10:02:00-04:00,3.7506965382238935,3.7506965382238935,3.4,3.5025,3.8417102593009513,4.433912794623601,4.534316027589723,0,0,19639,19638,0,0,0,0,NaN,NaN,64.355488083334,NaN,NaN,NaN,3.642067987575728,3.7684131573585606,NaN,NaN,NaN,NaN,NaN,NaN,NaN,NaN,NaN,NaN,1,0,0,0,0,NaN,NaN,64.355488083334,NaN,NaN,NaN,3.642067987575728,3.7684131573585606,NaN,NaN,NaN,NaN,NaN,NaN,NaN,NaN,NaN,NaN,1
2024-08-13T10:03:00-04:00,3.6265982691119465,3.6265982691119465,3.4,3.41,3.7632174848825968,4.418280538217134,4.531450171285979,0,0,19639,20075,0,0,0,0,NaN,NaN,65.66603105519734,NaN,NaN,NaN,3.642067987575728,3.609784420709479,NaN,NaN,NaN,NaN,NaN,NaN,NaN,NaN,NaN,NaN,1,0,0,0,0,NaN,NaN,65.66603105519734,NaN,NaN,NaN,3.642067987575728,3.609784420709479,NaN,NaN,NaN,NaN,NaN,NaN,NaN,NaN,NaN,NaN,1
2024-08-13T10:13:00-04:00,3.5182991345559733,3.5182991345559733,3.16,3.2025,3.6612688512675793,4.399719003282521,4.469260698836175,0,0,19639,20076,0,0,0,0,NaN,NaN,66.36782172011422,NaN,NaN,NaN,3.642067987575728,3.387655996632782,NaN,NaN,NaN,NaN,NaN,NaN,NaN,NaN,NaN,NaN,1,0,0,0,0,NaN,NaN,66.36782172011422,NaN,NaN,NaN,3.642067987575728,3.387655996632782,NaN,NaN,NaN,NaN,NaN,NaN,NaN,NaN,NaN,NaN,1