time,open,high,low,close,EMA10,EMA130,VWAP,Bull_window,Bear_window,Plot,Plot,Bullish,Bullish+,Bearish,Bearish+,Bullish Exit,Bearish Exit,Trend Strength,Take Profit,Stop Loss,Bar Color Value,Trend Tracer,Trend Catcher,Smart Trail,Smart Trail Extremity,RZ R3 Band,RZ R2 Band,RZ R1 Band,RZ S1 Band,RZ S2 Band,RZ S3 Band,Neo Lead,Neo Lag,Custom Alert Condition Highlighter,Bullish,Bullish+,Bearish,Bearish+,Bullish Exit,Bearish Exit,Trend Strength,Take Profit,Stop Loss,Bar Color Value,Trend Tracer,Trend Catcher,Smart Trail,Smart Trail Extremity,RZ R3 Band,RZ R2 Band,RZ R1 Band,RZ S1 Band,RZ S2 Band,RZ S3 Band,Neo Lead,Neo Lag,Custom Alert Condition Highlighter
2024-07-25T09:52:00-04:00,1.9450432406948395,1.9450432406948395,1.9,1.9,1.9266132185675515,1.9847847532161498,1.9929577464788732,0,0,19900,20012,0,0,0,0,NaN,NaN,58.31195697378082,NaN,NaN,NaN,1.9728593327182067,1.970582728424,NaN,NaN,NaN,NaN,NaN,NaN,NaN,NaN,NaN,NaN,1,0,0,0,0,NaN,NaN,58.31195697378082,NaN,NaN,NaN,1.9728593327182067,1.970582728424,NaN,NaN,NaN,NaN,NaN,NaN,NaN,NaN,NaN,NaN,1
2024-07-25T10:09:00-04:00,1.9225216203474198,1.9599,1.9225216203474198,1.9558,1.931919906100724,1.9843422378998727,1.9907220216606498,0,0,19900,20013,0,0,0,0,NaN,NaN,55.5550387010941,NaN,NaN,NaN,1.9728593327182067,1.970582728424,NaN,NaN,NaN,NaN,NaN,NaN,NaN,NaN,NaN,NaN,1,0,0,0,0,NaN,NaN,55.5550387010941,NaN,NaN,NaN,1.9728593327182067,1.970582728424,NaN,NaN,NaN,NaN,NaN,NaN,NaN,NaN,NaN,NaN,1
2024-07-25T10:10:00-04:00,1.93916081017371,1.9517,1.9,1.9258499999999998,1.9308162868096832,1.9834492266342258,1.9870402951191828,0,0,19900,20014,0,0,0,0,NaN,NaN,54.165876303851356,NaN,NaN,NaN,1.9728593327182067,1.970582728424,NaN,NaN,NaN,NaN,NaN,NaN,NaN,NaN,NaN,NaN,1,0,0,0,0,NaN,NaN,54.165876303851356,NaN,NaN,NaN,1.9728593327182067,1.970582728424,NaN,NaN,NaN,NaN,NaN,NaN,NaN,NaN,NaN,NaN,1
2024-07-25T10:16:00-04:00,1.9325054050868549,1.9325054050868549,1.9,1.906475,1.9263905982988316,1.9822740476016423,1.9436703491418839,0,0,19900,20015,0,0,0,0,NaN,NaN,53.48237684844369,NaN,NaN,NaN,1.9728593327182067,1.970582728424,NaN,NaN,NaN,NaN,NaN,NaN,NaN,NaN,NaN,NaN,1,0,0,0,0,NaN,NaN,53.48237684844369,NaN,NaN,NaN,1.9728593327182067,1.970582728424,NaN,NaN,NaN,NaN,NaN,NaN,NaN,NaN,NaN,NaN,1
2024-07-25T10:18:00-04:00,1.9194902025434275,1.9194902025434275,1.9016,1.9016,1.921883216789953,1.9810423827527623,1.9425961668581642,0,1,19900,20016,0,0,0,0,NaN,NaN,52.84386667641894,NaN,NaN,NaN,1.9728593327182067,1.970582728424,NaN,NaN,NaN,NaN,NaN,NaN,NaN,NaN,NaN,NaN,1,0,0,0,0,NaN,NaN,52.84386667641894,NaN,NaN,NaN,1.9728593327182067,1.970582728424,NaN,NaN,NaN,NaN,NaN,NaN,NaN,NaN,NaN,NaN,1
2024-07-25T10:20:00-04:00,1.9105451012717136,1.9385,1.9105451012717136,1.9385,1.9249044501008707,1.9803928807260025,1.9424450725439566,0,0,19900,20017,0,0,0,0,NaN,NaN,50.64755840487349,NaN,NaN,NaN,1.9728593327182067,1.970582728424,NaN,NaN,NaN,NaN,NaN,NaN,NaN,NaN,NaN,NaN,1,0,0,0,0,NaN,NaN,50.64755840487349,NaN,NaN,NaN,1.9728593327182067,1.970582728424,NaN,NaN,NaN,NaN,NaN,NaN,NaN,NaN,NaN,NaN,1
2024-07-25T10:23:00-04:00,1.9245225506358568,1.96,1.9245225506358568,1.96,1.9312854591734396,1.980081539035529,1.943461806440403,0,0,19900,20018,0,0,0,0,NaN,NaN,47.18967910797829,NaN,NaN,NaN,1.9728593327182067,1.970582728424,NaN,NaN,NaN,NaN,NaN,NaN,NaN,NaN,NaN,NaN,1,0,0,0,0,NaN,NaN,47.18967910797829,NaN,NaN,NaN,1.9728593327182067,1.970582728424,NaN,NaN,NaN,NaN,NaN,NaN,NaN,NaN,NaN,NaN,1
2024-07-25T10:34:00-04:00,1.9422612753179282,1.9422612753179282,1.907,1.907,1.9268699211419051,1.9789657903479638,1.9405723949445393,0,0,19900,20019,0,0,0,0,NaN,NaN,46.38599390337073,NaN,NaN,NaN,1.9728593327182067,1.970582728424,NaN,NaN,NaN,NaN,NaN,NaN,NaN,NaN,NaN,NaN,1,0,0,0,0,NaN,NaN,46.38599390337073,NaN,NaN,NaN,1.9728593327182067,1.970582728424,NaN,NaN,NaN,NaN,NaN,NaN,NaN,NaN,NaN,NaN,1
2024-07-25T10:35:00-04:00,1.9246306376589641,1.9246306376589641,1.9006,1.9006,1.922093571843377,1.9777693660678421,1.9367200053006939,0,0,19900,20020,0,0,0,0,NaN,NaN,45.75538402304263,NaN,NaN,NaN,1.9728593327182067,1.970582728424,NaN,NaN,NaN,NaN,NaN,NaN,NaN,NaN,NaN,NaN,1,0,0,0,0,NaN,NaN,45.75538402304263,NaN,NaN,NaN,1.9728593327182067,1.970582728424,NaN,NaN,NaN,NaN,NaN,NaN,NaN,NaN,NaN,NaN,1
2024-07-25T10:36:00-04:00,1.912615318829482,1.912615318829482,1.9006,1.9006,1.9181856496900356,1.9765912078072645,1.9335448993495075,0,1,19900,20021,0,0,0,0,NaN,NaN,45.1293173199412,NaN,NaN,NaN,1.9728593327182067,1.970582728424,NaN,NaN,NaN,NaN,NaN,NaN,NaN,NaN,NaN,NaN,1,0,0,0,0,NaN,NaN,45.1293173199412,NaN,NaN,NaN,1.9728593327182067,1.970582728424,NaN,NaN,NaN,NaN,NaN,NaN,NaN,NaN,NaN,NaN,1
2024-07-25T10:47:00-04:00,1.9066076594147412,1.93,1.9066076594147412,1.93,1.9203337133827563,1.9758798916575353,1.9334538176601574,0,0,19900,20022,0,0,0,0,NaN,NaN,42.99555868927655,NaN,NaN,NaN,1.9728593327182067,1.970582728424,NaN,NaN,NaN,NaN,NaN,NaN,NaN,NaN,NaN,NaN,1,0,0,0,0,NaN,NaN,42.99555868927655,NaN,NaN,NaN,1.9728593327182067,1.970582728424,NaN,NaN,NaN,NaN,NaN,NaN,NaN,NaN,NaN,NaN,1
2024-07-25T11:21:00-04:00,1.9183038297073707,1.9183038297073707,1.9,1.9049999999999998,1.9175457654949823,1.9747977559070387,1.931417523457379,0,1,19900,20023,0,0,0,0,NaN,NaN,42.07461698060531,NaN,NaN,NaN,1.9728593327182067,1.970582728424,NaN,NaN,NaN,NaN,NaN,NaN,NaN,NaN,NaN,NaN,1,0,0,0,0,NaN,NaN,42.07461698060531,NaN,NaN,NaN,1.9728593327182067,1.970582728424,NaN,NaN,NaN,NaN,NaN,NaN,NaN,NaN,NaN,NaN,1
2024-07-25T11:42:00-04:00,1.9116519148536852,1.9116519148536852,1.9004,1.9004,1.9144283535868039,1.9736619123054044,1.9297864980412838,0,0,19900,20024,0,0,0,0,NaN,NaN,42.34755815581961,NaN,NaN,NaN,1.9728593327182067,1.970582728424,NaN,NaN,NaN,NaN,NaN,NaN,NaN,NaN,NaN,NaN,1,0,0,0,0,NaN,NaN,42.34755815581961,NaN,NaN,NaN,1.9728593327182067,1.970582728424,NaN,NaN,NaN,NaN,NaN,NaN,NaN,NaN,NaN,NaN,1
2024-07-25T12:02:00-04:00,1.9060259574268428,1.9060259574268428,1.84,1.8699999999999999,1.9063504711164758,1.9720792876900548,1.9230946661537431,0,0,19900,20025,0,0,0,1,NaN,NaN,45.770032642711875,NaN,NaN,NaN,1.9728593327182067,1.9469953191604001,NaN,NaN,NaN,NaN,NaN,NaN,NaN,NaN,NaN,NaN,1,0,0,0,1,NaN,NaN,45.770032642711875,NaN,NaN,NaN,1.9728593327182067,1.9469953191604001,NaN,NaN,NaN,NaN,NaN,NaN,NaN,NaN,NaN,NaN,1
2024-07-25T12:05:00-04:00,1.8880129787134212,1.8880129787134212,1.8601,1.8601,1.897941294549844,1.970369680244405,1.9211544206328621,0,0,19900,20026,0,0,0,0,NaN,NaN,45.88351384464261,NaN,NaN,NaN,1.9728593327182067,1.9272951617115281,NaN,NaN,NaN,NaN,NaN,NaN,NaN,NaN,NaN,NaN,1,0,0,0,0,NaN,NaN,45.88351384464261,NaN,NaN,NaN,1.9728593327182067,1.9272951617115281,NaN,NaN,NaN,NaN,NaN,NaN,NaN,NaN,NaN,NaN,1
2024-07-25T14:00:00-04:00,1.8740564893567107,1.97,1.8740564893567107,1.9324749999999997,1.904220150086236,1.9697911355078492,1.9238628268054456,0,0,19900,20027,0,0,0,0,NaN,NaN,43.084326304650986,NaN,NaN,NaN,1.9728593327182067,1.9272951617115281,NaN,NaN,NaN,NaN,NaN,NaN,NaN,NaN,NaN,NaN,1,0,0,0,0,NaN,NaN,43.084326304650986,NaN,NaN,NaN,1.9728593327182067,1.9272951617115281,NaN,NaN,NaN,NaN,NaN,NaN,NaN,NaN,NaN,NaN,1
2024-07-25T14:10:00-04:00,1.9032657446783552,1.9697,1.9032657446783552,1.9548,1.913416486434193,1.9695622632100194,1.929030251263508,0,0,19900,20028,0,0,0,0,NaN,NaN,39.19918654719877,NaN,NaN,NaN,1.9728593327182067,1.9272951617115281,NaN,NaN,NaN,NaN,NaN,NaN,NaN,NaN,NaN,NaN,1,0,0,0,0,NaN,NaN,39.19918654719877,NaN,NaN,NaN,1.9728593327182067,1.9272951617115281,NaN,NaN,NaN,NaN,NaN,NaN,NaN,NaN,NaN,NaN,1
2024-07-25T15:07:00-04:00,1.9290328723391776,1.9644,1.9290328723391776,1.9622,1.9222862161734307,1.969449862244981,1.9294341529001096,0,0,19900,20029,0,0,0,0,NaN,NaN,34.7880819780878,NaN,NaN,NaN,1.9728593327182067,1.9272951617115281,NaN,NaN,NaN,NaN,NaN,NaN,NaN,NaN,NaN,NaN,1,0,0,0,0,NaN,NaN,34.7880819780878,NaN,NaN,NaN,1.9728593327182067,1.9272951617115281,NaN,NaN,NaN,NaN,NaN,NaN,NaN,NaN,NaN,NaN,1
2024-07-25T15:37:00-04:00,1.9456164361695887,1.955,1.9456164361695887,1.955,1.9282341768691706,1.969229253661088,1.930238205173566,0,0,19900,20030,0,0,0,0,NaN,NaN,37.64253423836486,NaN,NaN,NaN,1.9728593327182067,1.9272951617115281,NaN,NaN,NaN,NaN,NaN,NaN,NaN,NaN,NaN,NaN,1,0,0,0,0,NaN,NaN,37.64253423836486,NaN,NaN,NaN,1.9728593327182067,1.9272951617115281,NaN,NaN,NaN,NaN,NaN,NaN,NaN,NaN,NaN,NaN,1
2024-07-25T15:38:00-04:00,1.9503082180847944,1.9503082180847944,1.95,1.95,1.9321915992565941,1.9689356772693156,1.9306191627790414,0,0,19900,20031,0,0,0,0,NaN,NaN,43.22946814357186,NaN,NaN,NaN,1.9728593327182067,1.9272951617115281,NaN,NaN,NaN,NaN,NaN,NaN,NaN,NaN,NaN,NaN,1,0,0,0,0,NaN,NaN,43.22946814357186,NaN,NaN,NaN,1.9728593327182067,1.9272951617115281,NaN,NaN,NaN,NaN,NaN,NaN,NaN,NaN,NaN,NaN,1
2024-07-25T15:39:00-04:00,1.9501541090423973,1.9501541090423973,1.9272,1.9272,1.931284035755395,1.968298491356807,1.9305637848960704,0,0,19900,20032,0,0,0,0,NaN,NaN,41.48094461432954,NaN,NaN,NaN,1.9728593327182067,1.9272951617115281,NaN,NaN,NaN,NaN,NaN,NaN,NaN,NaN,NaN,NaN,1,0,0,0,0,NaN,NaN,41.48094461432954,NaN,NaN,NaN,1.9728593327182067,1.9272951617115281,NaN,NaN,NaN,NaN,NaN,NaN,NaN,NaN,NaN,NaN,1
2024-07-25T15:46:00-04:00,1.9386770545211987,1.98,1.88,1.9175,1.9287778474362323,1.9675229418704434,1.9281399019153538,0,0,19900,20033,0,0,0,0,NaN,NaN,39.50559101257957,NaN,NaN,NaN,1.9728593327182067,1.9272951617115281,NaN,NaN,NaN,NaN,NaN,NaN,NaN,NaN,NaN,NaN,1,0,0,0,0,NaN,NaN,39.50559101257957,NaN,NaN,NaN,1.9728593327182067,1.9272951617115281,NaN,NaN,NaN,NaN,NaN,NaN,NaN,NaN,NaN,NaN,1
2024-07-25T15:51:00-04:00,1.9280885272605994,1.9280885272605994,1.89,1.89,1.9217273297205537,1.9663393855060092,1.9269969620916991,0,0,19900,20034,0,0,0,0,NaN,NaN,38.85333663853327,NaN,NaN,NaN,1.9728593327182067,1.9272951617115281,NaN,NaN,NaN,NaN,NaN,NaN,NaN,NaN,NaN,NaN,1,0,0,0,0,NaN,NaN,38.85333663853327,NaN,NaN,NaN,1.9728593327182067,1.9272951617115281,NaN,NaN,NaN,NaN,NaN,NaN,NaN,NaN,NaN,NaN,1
2024-07-25T15:52:00-04:00,1.9090442636302996,1.948,1.8949,1.9227249999999998,1.9219087243168167,1.9656735170250015,1.9267293644662924,0,0,19900,20035,0,0,0,0,NaN,NaN,40.39746449747865,NaN,NaN,NaN,1.9728593327182067,1.9272951617115281,NaN,NaN,NaN,NaN,NaN,NaN,NaN,NaN,NaN,NaN,1,0,0,0,0,NaN,NaN,40.39746449747865,NaN,NaN,NaN,1.9728593327182067,1.9272951617115281,NaN,NaN,NaN,NaN,NaN,NaN,NaN,NaN,NaN,NaN,1
2024-07-25T15:58:00-04:00,1.9158846318151497,1.95,1.9158846318151497,1.95,1.9270162289864863,1.965434226688742,1.9268877741044528,0,0,19900,20036,0,0,0,0,NaN,NaN,36.94079966888501,NaN,NaN,NaN,1.9728593327182067,1.9272951617115281,NaN,NaN,NaN,NaN,NaN,NaN,NaN,NaN,NaN,NaN,1,0,0,0,0,NaN,NaN,36.94079966888501,NaN,NaN,NaN,1.9728593327182067,1.9272951617115281,NaN,NaN,NaN,NaN,NaN,NaN,NaN,NaN,NaN,NaN,1
2024-07-25T15:59:00-04:00,1.932942315907575,1.932942315907575,1.93,1.93,1.927558732807125,1.9648932461286084,1.9268964326452263,0,0,19900,20037,0,0,0,0,NaN,NaN,35.84677936998214,NaN,NaN,NaN,1.9728593327182067,1.9272951617115281,NaN,NaN,NaN,NaN,NaN,NaN,NaN,NaN,NaN,NaN,1,0,0,0,0,NaN,NaN,35.84677936998214,NaN,NaN,NaN,1.9728593327182067,1.9272951617115281,NaN,NaN,NaN,NaN,NaN,NaN,NaN,NaN,NaN,NaN,1
2024-07-26T10:01:00-04:00,1.9314711579537875,1.99,1.9314711579537875,1.99,1.9389116904785568,1.965276555348019,1.99,0,0,19900,20038,0,0,0,0,NaN,NaN,30.059040779957556,NaN,NaN,NaN,1.9728593327182067,1.9272951617115281,NaN,NaN,NaN,NaN,NaN,NaN,NaN,NaN,NaN,NaN,1,0,0,0,0,NaN,NaN,30.059040779957556,NaN,NaN,NaN,1.9728593327182067,1.9272951617115281,NaN,NaN,NaN,NaN,NaN,NaN,NaN,NaN,NaN,NaN,1
2024-07-26T10:41:00-04:00,1.9607355789768937,1.9607355789768937,1.9591,1.9591500000000002,1.9425913831188193,1.965183020151866,1.9679642857142858,0,0,19900,20039,0,0,0,0,NaN,NaN,25.286526504610094,NaN,NaN,NaN,1.9728593327182067,1.9272951617115281,NaN,NaN,NaN,NaN,NaN,NaN,NaN,NaN,NaN,NaN,1,0,0,0,0,NaN,NaN,25.286526504610094,NaN,NaN,NaN,1.9728593327182067,1.9272951617115281,NaN,NaN,NaN,NaN,NaN,NaN,NaN,NaN,NaN,NaN,1
2024-07-26T10:54:00-04:00,1.959942789488447,1.959942789488447,1.9562,1.9562,1.9450656770972157,1.965045874806036,1.9658882352941178,0,0,19900,20040,0,0,0,0,NaN,NaN,22.91212911680169,NaN,NaN,NaN,1.9728593327182067,1.9272951617115281,NaN,NaN,NaN,NaN,NaN,NaN,NaN,NaN,NaN,NaN,1,0,0,0,0,NaN,NaN,22.91212911680169,NaN,NaN,NaN,1.9728593327182067,1.9272951617115281,NaN,NaN,NaN,NaN,NaN,NaN,NaN,NaN,NaN,NaN,1
2024-07-26T10:55:00-04:00,1.9580713947442234,1.9580713947442234,1.94,1.9475,1.9455082812613582,1.9647779988547989,1.957583870967742,0,0,19900,20041,0,0,0,0,NaN,NaN,20.45762179726644,NaN,NaN,NaN,1.9728593327182067,1.9272951617115281,NaN,NaN,NaN,NaN,NaN,NaN,NaN,NaN,NaN,NaN,1,0,0,0,0,NaN,NaN,20.45762179726644,NaN,NaN,NaN,1.9728593327182067,1.9272951617115281,NaN,NaN,NaN,NaN,NaN,NaN,NaN,NaN,NaN,NaN,1
2024-07-26T11:00:00-04:00,1.9527856973721116,1.9527856973721116,1.95,1.95,1.9463249573956567,1.9645523805516723,1.957346875,0,0,19900,20042,0,0,0,0,NaN,NaN,17.215382507306092,NaN,NaN,NaN,1.9728593327182067,1.9272951617115281,NaN,NaN,NaN,NaN,NaN,NaN,NaN,NaN,NaN,NaN,1,0,0,0,0,NaN,NaN,17.215382507306092,NaN,NaN,NaN,1.9728593327182067,1.9272951617115281,NaN,NaN,NaN,NaN,NaN,NaN,NaN,NaN,NaN,NaN,1
2024-07-26T11:13:00-04:00,1.951392848686056,1.951392848686056,1.94,1.94,1.945174965141901,1.9641775350470665,1.9568212121212123,0,0,19900,20043,0,0,0,0,NaN,NaN,14.72611474964597,NaN,NaN,NaN,1.9728593327182067,1.9272951617115281,NaN,NaN,NaN,NaN,NaN,NaN,NaN,NaN,NaN,NaN,1,0,0,0,0,NaN,NaN,14.72611474964597,NaN,NaN,NaN,1.9728593327182067,1.9272951617115281,NaN,NaN,NaN,NaN,NaN,NaN,NaN,NaN,NaN,NaN,1
2024-07-26T11:24:00-04:00,1.945696424343028,1.945696424343028,1.9,1.915775,1.9398295169342827,1.963438565046348,1.9407570177056437,0,1,19900,20044,0,0,0,0,NaN,NaN,14.690416021087401,NaN,NaN,NaN,1.9728593327182067,1.9272951617115281,NaN,NaN,NaN,NaN,NaN,NaN,NaN,NaN,NaN,NaN,1,0,0,0,0,NaN,NaN,14.690416021087401,NaN,NaN,NaN,1.9728593327182067,1.9272951617115281,NaN,NaN,NaN,NaN,NaN,NaN,NaN,NaN,NaN,NaN,1
2024-07-26T11:49:00-04:00,1.930735712171514,1.930735712171514,1.9,1.9,1.932587786582595,1.9624700373357167,1.9386471755858692,0,0,19900,20045,0,0,0,0,NaN,NaN,14.615569358375675,NaN,NaN,NaN,1.9728593327182067,1.9272951617115281,NaN,NaN,NaN,NaN,NaN,NaN,NaN,NaN,NaN,NaN,1,0,0,0,0,NaN,NaN,14.615569358375675,NaN,NaN,NaN,1.9728593327182067,1.9272951617115281,NaN,NaN,NaN,NaN,NaN,NaN,NaN,NaN,NaN,NaN,1
2024-07-26T12:47:00-04:00,1.915367856085757,1.92,1.915367856085757,1.92,1.9302990981130321,1.9618216398191408,1.9383266672396011,0,0,19900,20046,0,0,0,0,NaN,NaN,15.278135740870646,NaN,NaN,NaN,1.9728593327182067,1.9272951617115281,NaN,NaN,NaN,NaN,NaN,NaN,NaN,NaN,NaN,NaN,1,0,0,0,0,NaN,NaN,15.278135740870646,NaN,NaN,NaN,1.9728593327182067,1.9272951617115281,NaN,NaN,NaN,NaN,NaN,NaN,NaN,NaN,NaN,NaN,1
2024-07-26T13:29:00-04:00,1.9176839280428783,1.9176839280428783,1.9028,1.9028,1.925299262092481,1.960920546081444,1.9375794295810198,0,0,19900,20047,0,0,0,0,NaN,NaN,16.474736883237444,NaN,NaN,NaN,1.9728593327182067,1.9272951617115281,NaN,NaN,NaN,NaN,NaN,NaN,NaN,NaN,NaN,NaN,1,0,0,0,0,NaN,NaN,16.474736883237444,NaN,NaN,NaN,1.9728593327182067,1.9272951617115281,NaN,NaN,NaN,NaN,NaN,NaN,NaN,NaN,NaN,NaN,1
2024-07-26T13:42:00-04:00,1.9102419640214392,1.9102419640214392,1.89,1.8949999999999998,1.9197903053483933,1.9599141255305823,1.9274672247882987,0,0,19900,20048,0,0,0,0,NaN,NaN,17.69867462672072,NaN,NaN,NaN,1.9728593327182067,1.9272951617115281,NaN,NaN,NaN,NaN,NaN,NaN,NaN,NaN,NaN,NaN,1,0,0,0,0,NaN,NaN,17.69867462672072,NaN,NaN,NaN,1.9728593327182067,1.9272951617115281,NaN,NaN,NaN,NaN,NaN,NaN,NaN,NaN,NaN,NaN,1
2024-07-26T15:37:00-04:00,1.9026209820107196,1.9026209820107196,1.8,1.83,1.9034647952850492,1.9579307037667566,1.8962359011247711,0,0,19900,20049,0,0,0,0,NaN,NaN,20.585125804243543,NaN,NaN,NaN,1.9728593327182067,1.8949736777521073,NaN,NaN,NaN,NaN,NaN,NaN,NaN,NaN,NaN,NaN,1,0,0,0,0,NaN,NaN,20.585125804243543,NaN,NaN,NaN,1.9728593327182067,1.8949736777521073,NaN,NaN,NaN,NaN,NaN,NaN,NaN,NaN,NaN,NaN,1
2024-07-26T15:38:00-04:00,1.8663104910053598,1.8663104910053598,1.83,1.83,1.8901075597786767,1.9559775632512335,1.8956633719422595,0,0,19900,20050,0,0,0,0,NaN,NaN,23.361446547040646,NaN,NaN,NaN,1.9176221714969175,1.8949736777521073,NaN,NaN,NaN,NaN,NaN,NaN,NaN,NaN,NaN,NaN,1,0,0,0,0,NaN,NaN,23.361446547040646,NaN,NaN,NaN,1.9176221714969175,1.8949736777521073,NaN,NaN,NaN,NaN,NaN,NaN,NaN,NaN,NaN,NaN,1
2024-07-26T15:53:00-04:00,1.84815524550268,1.84815524550268,1.84,1.84,1.880997094364372,1.954206913430604,1.8951863527294541,0,0,19900,20051,0,0,0,0,NaN,NaN,26.77162215531046,NaN,NaN,NaN,1.8919787245620527,1.8949736777521073,NaN,NaN,NaN,NaN,NaN,NaN,NaN,NaN,NaN,NaN,1,0,0,0,0,NaN,NaN,26.77162215531046,NaN,NaN,NaN,1.8919787245620527,1.8949736777521073,NaN,NaN,NaN,NaN,NaN,NaN,NaN,NaN,NaN,NaN,1
2024-07-26T15:56:00-04:00,1.84407762275134,1.8699,1.84407762275134,1.8699,1.878979440843577,1.9529197849812818,1.8949714971535392,0,0,19900,20052,0,0,0,0,NaN,NaN,27.855385085425883,NaN,NaN,NaN,1.8919787245620527,1.8949736777521073,NaN,NaN,NaN,NaN,NaN,NaN,NaN,NaN,NaN,NaN,1,0,0,0,0,NaN,NaN,27.855385085425883,NaN,NaN,NaN,1.8919787245620527,1.8949736777521073,NaN,NaN,NaN,NaN,NaN,NaN,NaN,NaN,NaN,NaN,1
2024-07-26T15:58:00-04:00,1.85698881137567,1.86,1.85698881137567,1.86,1.8755286334174721,1.951501162309812,1.8946768514617913,0,0,19900,20053,0,0,0,0,NaN,NaN,28.529689283753047,NaN,NaN,NaN,1.8919787245620527,1.8949736777521073,NaN,NaN,NaN,NaN,NaN,NaN,NaN,NaN,NaN,NaN,1,0,0,0,0,NaN,NaN,28.529689283753047,NaN,NaN,NaN,1.8919787245620527,1.8949736777521073,NaN,NaN,NaN,NaN,NaN,NaN,NaN,NaN,NaN,NaN,1
2024-07-26T16:34:00-04:00,1.8584944056878352,1.95,1.8584944056878352,1.95,1.8890688818870227,1.9514782438012652,1.8951482374070674,0,0,19900,20054,0,0,0,0,NaN,NaN,25.71924039628603,NaN,NaN,NaN,1.8919787245620527,1.8949736777521073,NaN,NaN,NaN,NaN,NaN,NaN,NaN,NaN,NaN,NaN,1,0,0,0,0,NaN,NaN,25.71924039628603,NaN,NaN,NaN,1.8919787245620527,1.8949736777521073,NaN,NaN,NaN,NaN,NaN,NaN,NaN,NaN,NaN,NaN,1
2024-07-29T09:30:00-04:00,1.9042472028439175,1.9042472028439175,1.9,1.9,1.891056357907564,1.9506923164149863,1.9,0,0,19900,20055,0,0,0,0,NaN,NaN,24.6807233962363,NaN,NaN,NaN,1.8919787245620527,1.8949736777521073,NaN,NaN,NaN,NaN,NaN,NaN,NaN,NaN,NaN,NaN,1,0,0,0,0,NaN,NaN,24.6807233962363,NaN,NaN,NaN,1.8919787245620527,1.8949736777521073,NaN,NaN,NaN,NaN,NaN,NaN,NaN,NaN,NaN,NaN,1
2024-07-29T09:32:00-04:00,1.9021236014219587,1.9021236014219587,1.8872,1.8872,1.8903552019243706,1.9497229680727728,1.889333333333333,0,0,19900,20056,0,0,0,0,NaN,NaN,24.557803096968627,NaN,NaN,NaN,1.8919787245620527,1.8949736777521073,NaN,NaN,NaN,NaN,NaN,NaN,NaN,NaN,NaN,NaN,1,0,0,0,0,NaN,NaN,24.557803096968627,NaN,NaN,NaN,1.8919787245620527,1.8949736777521073,NaN,NaN,NaN,NaN,NaN,NaN,NaN,NaN,NaN,NaN,1
2024-07-29T09:47:00-04:00,1.8946618007109794,1.8946618007109794,1.87,1.87,1.8866542561199395,1.9485058235220434,1.8805454545454545,0,0,19900,20057,0,0,0,0,NaN,NaN,25.02468312637236,NaN,NaN,NaN,1.8919787245620527,1.8949736777521073,NaN,NaN,NaN,NaN,NaN,NaN,NaN,NaN,NaN,NaN,1,0,0,0,0,NaN,NaN,25.02468312637236,NaN,NaN,NaN,1.8919787245620527,1.8949736777521073,NaN,NaN,NaN,NaN,NaN,NaN,NaN,NaN,NaN,NaN,1
2024-07-29T09:51:00-04:00,1.8823309003554898,1.8823309003554898,1.78,1.82,1.8745353004617686,1.9465439025522413,1.8388508349844324,0,0,19900,20058,0,0,0,0,NaN,NaN,25.580974921694622,NaN,NaN,NaN,1.8919787245620527,1.8731799950916015,NaN,NaN,NaN,NaN,NaN,NaN,NaN,NaN,NaN,NaN,1,0,0,0,0,NaN,NaN,25.580974921694622,NaN,NaN,NaN,1.8919787245620527,1.8731799950916015,NaN,NaN,NaN,NaN,NaN,NaN,NaN,NaN,NaN,NaN,1
2024-07-29T09:52:00-04:00,1.8511654501777448,1.8511654501777448,1.8,1.8,1.860983427650538,1.944306591062894,1.8377814478392513,0,0,19900,20059,0,0,0,0,NaN,NaN,26.532827031469775,NaN,NaN,NaN,1.8919787245620527,1.8461213964168692,NaN,NaN,NaN,NaN,NaN,NaN,NaN,NaN,NaN,NaN,1,0,0,0,0,NaN,NaN,26.532827031469775,NaN,NaN,NaN,1.8919787245620527,1.8461213964168692,NaN,NaN,NaN,NaN,NaN,NaN,NaN,NaN,NaN,NaN,1
2024-07-29T09:59:00-04:00,1.8255827250888723,1.8486,1.8255827250888723,1.8486,1.8587318953504401,1.9428454217336895,1.838071256362175,0,0,19900,20060,0,0,0,0,NaN,NaN,28.332352741366236,NaN,NaN,NaN,1.8919787245620527,1.8461213964168692,NaN,NaN,NaN,NaN,NaN,NaN,NaN,NaN,NaN,NaN,1,0,0,0,0,NaN,NaN,28.332352741366236,NaN,NaN,NaN,1.8919787245620527,1.8461213964168692,NaN,NaN,NaN,NaN,NaN,NaN,NaN,NaN,NaN,NaN,1
2024-07-29T10:07:00-04:00,1.8370913625444363,1.85,1.8370913625444363,1.8475000000000001,1.8566897325594511,1.9413897664400452,1.8400633847454047,0,0,19900,20061,0,0,0,0,NaN,NaN,29.676404917545018,NaN,NaN,NaN,1.8919787245620527,1.8461213964168692,NaN,NaN,NaN,NaN,NaN,NaN,NaN,NaN,NaN,NaN,1,0,0,0,0,NaN,NaN,29.676404917545018,NaN,NaN,NaN,1.8919787245620527,1.8461213964168692,NaN,NaN,NaN,NaN,NaN,NaN,NaN,NaN,NaN,NaN,1
2024-07-29T10:14:00-04:00,1.8422956812722182,1.8422956812722182,1.8394,1.8394,1.853546144821369,1.9398326707692048,1.8400496585971449,0,0,19900,20062,0,0,0,0,NaN,NaN,30.06661744423565,NaN,NaN,NaN,1.8919787245620527,1.8461213964168692,NaN,NaN,NaN,NaN,NaN,NaN,NaN,NaN,NaN,NaN,1,0,0,0,0,NaN,NaN,30.06661744423565,NaN,NaN,NaN,1.8919787245620527,1.8461213964168692,NaN,NaN,NaN,NaN,NaN,NaN,NaN,NaN,NaN,NaN,1
2024-07-29T10:17:00-04:00,1.840847840636109,1.85,1.84,1.8450000000000002,1.851992300308393,1.9383848437345605,1.8405313784086668,0,0,19900,20063,0,0,0,0,NaN,NaN,31.372099688334654,NaN,NaN,NaN,1.8919787245620527,1.8461213964168692,NaN,NaN,NaN,NaN,NaN,NaN,NaN,NaN,NaN,NaN,1,0,0,0,0,NaN,NaN,31.372099688334654,NaN,NaN,NaN,1.8919787245620527,1.8461213964168692,NaN,NaN,NaN,NaN,NaN,NaN,NaN,NaN,NaN,NaN,1
2024-07-29T10:19:00-04:00,1.8429239203180545,1.8429239203180545,1.8301,1.8301,1.8480118820705034,1.9367316400134222,1.837080327459068,0,0,19900,20064,0,0,0,0,NaN,NaN,31.509672643336067,NaN,NaN,NaN,1.8919787245620527,1.8461213964168692,NaN,NaN,NaN,NaN,NaN,NaN,NaN,NaN,NaN,NaN,1,0,0,0,0,NaN,NaN,31.509672643336067,NaN,NaN,NaN,1.8919787245620527,1.8461213964168692,NaN,NaN,NaN,NaN,NaN,NaN,NaN,NaN,NaN,NaN,1
2024-07-29T10:46:00-04:00,1.8365119601590272,1.88,1.8365119601590272,1.8653999999999997,1.8511733580576846,1.9356426073414617,1.838745994588872,0,0,19900,20065,0,0,0,0,NaN,NaN,31.473886622817666,NaN,NaN,NaN,1.8919787245620527,1.8461213964168692,NaN,NaN,NaN,NaN,NaN,NaN,NaN,NaN,NaN,NaN,1,0,0,0,0,NaN,NaN,31.473886622817666,NaN,NaN,NaN,1.8919787245620527,1.8461213964168692,NaN,NaN,NaN,NaN,NaN,NaN,NaN,NaN,NaN,NaN,1
2024-07-29T10:53:00-04:00,1.8509559800795135,1.8509559800795135,1.82,1.82,1.8455054747744692,1.9338770713515157,1.838528043250785,0,1,19900,20066,0,0,0,0,NaN,NaN,33.4956851260587,NaN,NaN,NaN,1.8919787245620527,1.8461213964168692,NaN,NaN,NaN,NaN,NaN,NaN,NaN,NaN,NaN,NaN,1,0,0,0,0,NaN,NaN,33.4956851260587,NaN,NaN,NaN,1.8919787245620527,1.8461213964168692,NaN,NaN,NaN,NaN,NaN,NaN,NaN,NaN,NaN,NaN,1
2024-07-29T11:11:00-04:00,1.8354779900397569,1.855,1.8354779900397569,1.855,1.847231752088202,1.932672841254546,1.838717354327089,0,0,19900,20067,0,0,0,0,NaN,NaN,32.85275532337628,NaN,NaN,NaN,1.8919787245620527,1.8461213964168692,NaN,NaN,NaN,NaN,NaN,NaN,NaN,NaN,NaN,NaN,1,0,0,0,0,NaN,NaN,32.85275532337628,NaN,NaN,NaN,1.8919787245620527,1.8461213964168692,NaN,NaN,NaN,NaN,NaN,NaN,NaN,NaN,NaN,NaN,1
2024-07-29T11:14:00-04:00,1.8452389950198784,1.8797,1.8452389950198784,1.8797,1.853135069890347,1.9318640955865376,1.8398085132565167,0,0,19900,20068,0,0,0,0,NaN,NaN,32.53018721765864,NaN,NaN,NaN,1.8919787245620527,1.8461213964168692,NaN,NaN,NaN,NaN,NaN,NaN,NaN,NaN,NaN,NaN,1,0,0,0,0,NaN,NaN,32.53018721765864,NaN,NaN,NaN,1.8919787245620527,1.8461213964168692,NaN,NaN,NaN,NaN,NaN,NaN,NaN,NaN,NaN,NaN,1
2024-07-29T11:41:00-04:00,1.8624694975099392,1.8624694975099392,1.84,1.84,1.8507468753648295,1.9304615903104072,1.8398147310314972,0,0,19900,20069,0,0,0,0,NaN,NaN,33.74416269926834,NaN,NaN,NaN,1.8919787245620527,1.8461213964168692,NaN,NaN,NaN,NaN,NaN,NaN,NaN,NaN,NaN,NaN,1,0,0,0,0,NaN,NaN,33.74416269926834,NaN,NaN,NaN,1.8919787245620527,1.8461213964168692,NaN,NaN,NaN,NaN,NaN,NaN,NaN,NaN,NaN,NaN,1
2024-07-29T12:17:00-04:00,1.8512347487549696,1.88,1.8512347487549696,1.88,1.8560656252984968,1.9296911843514697,1.8402450262340724,0,0,19900,20070,0,0,0,0,NaN,NaN,32.34927602195584,NaN,NaN,NaN,1.8919787245620527,1.8461213964168692,NaN,NaN,NaN,NaN,NaN,NaN,NaN,NaN,NaN,NaN,1,0,0,0,0,NaN,NaN,32.34927602195584,NaN,NaN,NaN,1.8919787245620527,1.8461213964168692,NaN,NaN,NaN,NaN,NaN,NaN,NaN,NaN,NaN,NaN,1
2024-07-29T12:19:00-04:00,1.8656173743774849,1.8656173743774849,1.855,1.855,1.8558718752442247,1.9285508609262565,1.8406297111273335,0,0,19900,20071,0,0,0,0,NaN,NaN,33.70816039578733,NaN,NaN,NaN,1.8919787245620527,1.8461213964168692,NaN,NaN,NaN,NaN,NaN,NaN,NaN,NaN,NaN,NaN,1,0,0,0,0,NaN,NaN,33.70816039578733,NaN,NaN,NaN,1.8919787245620527,1.8461213964168692,NaN,NaN,NaN,NaN,NaN,NaN,NaN,NaN,NaN,NaN,1
2024-07-29T12:34:00-04:00,1.8603086871887424,1.8603086871887424,1.8305,1.8305,1.851258807018002,1.9270539012174588,1.840499361745934,0,0,19900,20072,0,0,0,0,NaN,NaN,36.55908369233851,NaN,NaN,NaN,1.8919787245620527,1.8461213964168692,NaN,NaN,NaN,NaN,NaN,NaN,NaN,NaN,NaN,NaN,1,0,0,0,0,NaN,NaN,36.55908369233851,NaN,NaN,NaN,1.8919787245620527,1.8461213964168692,NaN,NaN,NaN,NaN,NaN,NaN,NaN,NaN,NaN,NaN,1
2024-07-29T13:03:00-04:00,1.8454043435943712,1.8765,1.8454043435943712,1.8765,1.8558481148329107,1.926282085931696,1.8408661911554924,0,0,19900,20073,0,0,0,0,NaN,NaN,36.61229430770696,NaN,NaN,NaN,1.8919787245620527,1.8461213964168692,NaN,NaN,NaN,NaN,NaN,NaN,NaN,NaN,NaN,NaN,1,0,0,0,0,NaN,NaN,36.61229430770696,NaN,NaN,NaN,1.8919787245620527,1.8461213964168692,NaN,NaN,NaN,NaN,NaN,NaN,NaN,NaN,NaN,NaN,1
2024-07-29T13:17:00-04:00,1.8609521717971855,1.88,1.8609521717971855,1.88,1.8602393666814723,1.9255754891999144,1.8420269725133482,0,0,19900,20074,0,0,0,0,NaN,NaN,36.04687922990728,NaN,NaN,NaN,1.8919787245620527,1.8461213964168692,NaN,NaN,NaN,NaN,NaN,NaN,NaN,NaN,NaN,NaN,1,0,0,0,0,NaN,NaN,36.04687922990728,NaN,NaN,NaN,1.8919787245620527,1.8461213964168692,NaN,NaN,NaN,NaN,NaN,NaN,NaN,NaN,NaN,NaN,1
2024-07-29T13:55:00-04:00,1.8704760858985927,1.8704760858985927,1.87,1.87,1.862014027284841,1.9247270084487706,1.8423008419815943,0,0,19900,20075,0,0,0,0,NaN,NaN,35.832333072336745,NaN,NaN,NaN,1.8919787245620527,1.8461213964168692,NaN,NaN,NaN,NaN,NaN,NaN,NaN,NaN,NaN,NaN,1,0,0,0,0,NaN,NaN,35.832333072336745,NaN,NaN,NaN,1.8919787245620527,1.8461213964168692,NaN,NaN,NaN,NaN,NaN,NaN,NaN,NaN,NaN,NaN,1
2024-07-29T13:57:00-04:00,1.8702380429492964,1.8702380429492964,1.83,1.83,1.8561932950512334,1.9232807945793238,1.8402866219092848,0,0,19900,20076,0,0,0,0,NaN,NaN,37.83411254961824,NaN,NaN,NaN,1.8919787245620527,1.8461213964168692,NaN,NaN,NaN,NaN,NaN,NaN,NaN,NaN,NaN,NaN,1,0,0,0,0,NaN,NaN,37.83411254961824,NaN,NaN,NaN,1.8919787245620527,1.8461213964168692,NaN,NaN,NaN,NaN,NaN,NaN,NaN,NaN,NaN,NaN,1
2024-07-29T14:13:00-04:00,1.8501190214746481,1.87,1.8501190214746481,1.87,1.8587036050419183,1.9224673473338378,1.8405279194412867,0,0,19900,20077,0,0,0,0,NaN,NaN,37.128737608420806,NaN,NaN,NaN,1.8919787245620527,1.8461213964168692,NaN,NaN,NaN,NaN,NaN,NaN,NaN,NaN,NaN,NaN,1,0,0,0,0,NaN,NaN,37.128737608420806,NaN,NaN,NaN,1.8919787245620527,1.8461213964168692,NaN,NaN,NaN,NaN,NaN,NaN,NaN,NaN,NaN,NaN,1
2024-07-29T15:07:00-04:00,1.8600595107373241,1.8600595107373241,1.8599,1.8599,1.8589211313979332,1.9215121206569854,1.8406839697116164,0,0,19900,20078,0,0,0,0,NaN,NaN,38.371382289663416,NaN,NaN,NaN,1.8919787245620527,1.8461213964168692,NaN,NaN,NaN,NaN,NaN,NaN,NaN,NaN,NaN,NaN,1,0,0,0,0,NaN,NaN,38.371382289663416,NaN,NaN,NaN,1.8919787245620527,1.8461213964168692,NaN,NaN,NaN,NaN,NaN,NaN,NaN,NaN,NaN,NaN,1
2024-07-29T15:27:00-04:00,1.8599797553686621,1.8599797553686621,1.8,1.815,1.8509354711437636,1.919885981410314,1.837291882821786,0,0,19900,20079,0,0,0,0,NaN,NaN,41.74463376514434,NaN,NaN,NaN,1.8919787245620527,1.8461213964168692,NaN,NaN,NaN,NaN,NaN,NaN,NaN,NaN,NaN,NaN,1,0,0,0,0,NaN,NaN,41.74463376514434,NaN,NaN,NaN,1.8919787245620527,1.8461213964168692,NaN,NaN,NaN,NaN,NaN,NaN,NaN,NaN,NaN,NaN,1
2024-07-29T15:54:00-04:00,1.8374898776843311,1.8374898776843311,1.8,1.81,1.8434926582085338,1.9182083328391641,1.8368230467944757,0,1,19900,20080,0,0,0,0,NaN,NaN,45.84419531385237,NaN,NaN,NaN,1.8919787245620527,1.8461213964168692,NaN,NaN,NaN,NaN,NaN,NaN,NaN,NaN,NaN,NaN,1,0,0,0,0,NaN,NaN,45.84419531385237,NaN,NaN,NaN,1.8919787245620527,1.8461213964168692,NaN,NaN,NaN,NaN,NaN,NaN,NaN,NaN,NaN,NaN,1
2024-07-29T15:58:00-04:00,1.8237449388421656,1.8237449388421656,1.8,1.8,1.8355849021706185,1.9164036254675738,1.836571746400055,0,0,19900,20081,0,0,0,0,NaN,NaN,49.36128935667976,NaN,NaN,NaN,1.8919787245620527,1.8461213964168692,NaN,NaN,NaN,NaN,NaN,NaN,NaN,NaN,NaN,NaN,1,0,0,0,0,NaN,NaN,49.36128935667976,NaN,NaN,NaN,1.8919787245620527,1.8461213964168692,NaN,NaN,NaN,NaN,NaN,NaN,NaN,NaN,NaN,NaN,1
2024-07-29T15:59:00-04:00,1.8118724694210828,1.8118724694210828,1.8,1.8,1.8291149199577788,1.9146264708802827,1.8361060369222482,0,0,19900,20082,0,0,0,0,NaN,NaN,49.16801340212027,NaN,NaN,NaN,1.8919787245620527,1.8461213964168692,NaN,NaN,NaN,NaN,NaN,NaN,NaN,NaN,NaN,NaN,1,0,0,0,0,NaN,NaN,49.16801340212027,NaN,NaN,NaN,1.8919787245620527,1.8461213964168692,NaN,NaN,NaN,NaN,NaN,NaN,NaN,NaN,NaN,NaN,1
2024-07-30T09:30:00-04:00,1.8059362347105414,1.86,1.8059362347105414,1.86,1.8347303890563644,1.9137924789584464,1.8599999999999999,0,0,19900,20083,0,0,0,0,NaN,NaN,48.17849206927461,NaN,NaN,NaN,1.8919787245620527,1.8461213964168692,NaN,NaN,NaN,NaN,NaN,NaN,NaN,NaN,NaN,NaN,1,0,0,0,0,NaN,NaN,48.17849206927461,NaN,NaN,NaN,1.8919787245620527,1.8461213964168692,NaN,NaN,NaN,NaN,NaN,NaN,NaN,NaN,NaN,NaN,1
2024-07-30T09:36:00-04:00,1.8329681173552708,1.8329681173552708,1.8,1.8148,1.8311066819552073,1.912281143401829,1.8211375661375662,0,1,19900,20084,0,0,0,0,NaN,NaN,50.95887937046999,NaN,NaN,NaN,1.8919787245620527,1.8461213964168692,NaN,NaN,NaN,NaN,NaN,NaN,NaN,NaN,NaN,NaN,1,0,0,0,0,NaN,NaN,50.95887937046999,NaN,NaN,NaN,1.8919787245620527,1.8461213964168692,NaN,NaN,NaN,NaN,NaN,NaN,NaN,NaN,NaN,NaN,1
2024-07-30T10:36:00-04:00,1.8238840586776353,1.8238840586776353,1.815,1.815,1.8281781943269877,1.9107959351056178,1.8192335766423358,0,0,19900,20085,0,0,0,0,NaN,NaN,51.030410963889985,NaN,NaN,NaN,1.8919787245620527,1.8461213964168692,NaN,NaN,NaN,NaN,NaN,NaN,NaN,NaN,NaN,NaN,1,0,0,0,0,NaN,NaN,51.030410963889985,NaN,NaN,NaN,1.8919787245620527,1.8461213964168692,NaN,NaN,NaN,NaN,NaN,NaN,NaN,NaN,NaN,NaN,1
2024-07-30T10:37:00-04:00,1.8194420293388176,1.8194420293388176,1.7832,1.7832,1.82000034081299,1.9088479055620207,1.8146683665338648,0,0,19900,20086,0,0,0,0,NaN,NaN,52.71645889529509,NaN,NaN,NaN,1.8919787245620527,1.8213649774918084,NaN,NaN,NaN,NaN,NaN,NaN,NaN,NaN,NaN,NaN,1,0,0,0,0,NaN,NaN,52.71645889529509,NaN,NaN,NaN,1.8919787245620527,1.8213649774918084,NaN,NaN,NaN,NaN,NaN,NaN,NaN,NaN,NaN,NaN,1
2024-07-30T10:40:00-04:00,1.8013210146694087,1.8013210146694087,1.78,1.7850000000000001,1.8136366424833554,1.9069570978435166,1.8062158404558406,0,0,19900,20087,0,0,0,0,NaN,NaN,55.261798203886606,NaN,NaN,NaN,1.8919787245620527,1.8213649774918084,NaN,NaN,NaN,NaN,NaN,NaN,NaN,NaN,NaN,NaN,1,0,0,0,0,NaN,NaN,55.261798203886606,NaN,NaN,NaN,1.8919787245620527,1.8213649774918084,NaN,NaN,NaN,NaN,NaN,NaN,NaN,NaN,NaN,NaN,1
2024-07-30T11:00:00-04:00,1.7931605073347043,1.7931605073347043,1.78,1.78375,1.8082027074863818,1.9050760734489591,1.8029361557177617,0,0,19900,20088,0,0,0,0,NaN,NaN,57.98585375395322,NaN,NaN,NaN,1.8865253043831878,1.8213649774918084,NaN,NaN,NaN,NaN,NaN,NaN,NaN,NaN,NaN,NaN,1,0,0,0,0,NaN,NaN,57.98585375395322,NaN,NaN,NaN,1.8865253043831878,1.8213649774918084,NaN,NaN,NaN,NaN,NaN,NaN,NaN,NaN,NaN,NaN,1
2024-07-30T11:11:00-04:00,1.7884552536673521,1.8379,1.7884552536673521,1.8379,1.8136022152161306,1.9040504845413415,1.8078871762740185,0,0,19900,20089,0,0,0,0,NaN,NaN,57.296132033380246,NaN,NaN,NaN,1.8865253043831878,1.8213649774918084,NaN,NaN,NaN,NaN,NaN,NaN,NaN,NaN,NaN,NaN,1,0,0,0,0,NaN,NaN,57.296132033380246,NaN,NaN,NaN,1.8865253043831878,1.8213649774918084,NaN,NaN,NaN,NaN,NaN,NaN,NaN,NaN,NaN,NaN,1
2024-07-30T11:18:00-04:00,1.8131776268336761,1.84,1.78,1.81,1.812947266995016,1.9026145992811683,1.8087414530977854,0,0,19900,20090,0,0,0,0,NaN,NaN,56.9308589622264,NaN,NaN,NaN,1.8833175765442929,1.8213649774918084,NaN,NaN,NaN,NaN,NaN,NaN,NaN,NaN,NaN,NaN,1,0,0,0,0,NaN,NaN,56.9308589622264,NaN,NaN,NaN,1.8833175765442929,1.8213649774918084,NaN,NaN,NaN,NaN,NaN,NaN,NaN,NaN,NaN,NaN,1
2024-07-30T11:31:00-04:00,1.811588813416838,1.811588813416838,1.78,1.79,1.808775036632286,1.9008952924219138,1.799408181363977,0,1,19900,20091,0,0,0,0,NaN,NaN,58.89540206134579,NaN,NaN,NaN,1.84375868226413,1.8213649774918084,NaN,NaN,NaN,NaN,NaN,NaN,NaN,NaN,NaN,NaN,1,0,0,0,0,NaN,NaN,58.89540206134579,NaN,NaN,NaN,1.84375868226413,1.8213649774918084,NaN,NaN,NaN,NaN,NaN,NaN,NaN,NaN,NaN,NaN,1
2024-07-30T11:48:00-04:00,1.8007944067084192,1.8007944067084192,1.78,1.78,1.803543211790052,1.8990495627666173,1.7961418969457719,0,0,19900,20092,0,0,0,0,NaN,NaN,61.25362190014886,NaN,NaN,NaN,1.8336718399115088,1.8066425349195117,NaN,NaN,NaN,NaN,NaN,NaN,NaN,NaN,NaN,NaN,1,0,0,0,0,NaN,NaN,61.25362190014886,NaN,NaN,NaN,1.8336718399115088,1.8066425349195117,NaN,NaN,NaN,NaN,NaN,NaN,NaN,NaN,NaN,NaN,1
2024-07-30T12:10:00-04:00,1.7903972033542095,1.7903972033542095,1.7801,1.7801,1.7992808096464061,1.897233538907585,1.794632213438735,0,0,19900,20093,0,0,0,0,NaN,NaN,63.49467304367615,NaN,NaN,NaN,1.8335944562413002,1.8066425349195117,NaN,NaN,NaN,NaN,NaN,NaN,NaN,NaN,NaN,NaN,1,0,0,0,0,NaN,NaN,63.49467304367615,NaN,NaN,NaN,1.8335944562413002,1.8066425349195117,NaN,NaN,NaN,NaN,NaN,NaN,NaN,NaN,NaN,NaN,1
2024-07-30T12:14:00-04:00,1.7852486016771048,1.7852486016771048,1.78,1.78,1.7957752078925142,1.8954437138860951,1.7943618972843154,0,0,19900,20094,0,0,0,0,NaN,NaN,64.31686629933198,NaN,NaN,NaN,1.8332729092247684,1.8066425349195117,NaN,NaN,NaN,NaN,NaN,NaN,NaN,NaN,NaN,NaN,1,0,0,0,0,NaN,NaN,64.31686629933198,NaN,NaN,NaN,1.8332729092247684,1.8066425349195117,NaN,NaN,NaN,NaN,NaN,NaN,NaN,NaN,NaN,NaN,1
2024-07-30T12:25:00-04:00,1.7826243008385525,1.81,1.7826243008385525,1.8051,1.7974706246393297,1.8940644205443227,1.7945566751315072,0,0,19900,20095,0,0,0,0,NaN,NaN,65.46223937197365,NaN,NaN,NaN,1.8332729092247684,1.8066425349195117,NaN,NaN,NaN,NaN,NaN,NaN,NaN,NaN,NaN,NaN,1,0,0,0,0,NaN,NaN,65.46223937197365,NaN,NaN,NaN,1.8332729092247684,1.8066425349195117,NaN,NaN,NaN,NaN,NaN,NaN,NaN,NaN,NaN,NaN,1
2024-07-30T12:49:00-04:00,1.7938621504192762,1.7938621504192762,1.78,1.78,1.794294147432179,1.8923229790092948,1.7944258403738989,0,1,19900,20096,0,0,0,0,NaN,NaN,67.35971560991362,NaN,NaN,NaN,1.8332729092247684,1.8066425349195117,NaN,NaN,NaN,NaN,NaN,NaN,NaN,NaN,NaN,NaN,1,0,0,0,0,NaN,NaN,67.35971560991362,NaN,NaN,NaN,1.8332729092247684,1.8066425349195117,NaN,NaN,NaN,NaN,NaN,NaN,NaN,NaN,NaN,NaN,1
2024-07-30T12:58:00-04:00,1.7869310752096381,1.8,1.78,1.79,1.793513393353601,1.8907607961236568,1.7943476867384778,0,0,19900,20097,0,0,0,0,NaN,NaN,70.73867571118993,NaN,NaN,NaN,1.8332729092247684,1.8066425349195117,NaN,NaN,NaN,NaN,NaN,NaN,NaN,NaN,NaN,NaN,1,0,0,0,0,NaN,NaN,70.73867571118993,NaN,NaN,NaN,1.8332729092247684,1.8066425349195117,NaN,NaN,NaN,NaN,NaN,NaN,NaN,NaN,NaN,NaN,1
2024-07-30T13:00:00-04:00,1.788465537604819,1.79,1.785,1.7875,1.7924200491074918,1.8891842954194789,1.7941140968787308,0,0,19900,20098,0,0,0,0,NaN,NaN,74.81024202641069,NaN,NaN,NaN,1.8332729092247684,1.8066425349195117,NaN,NaN,NaN,NaN,NaN,NaN,NaN,NaN,NaN,NaN,1,0,0,0,0,NaN,NaN,74.81024202641069,NaN,NaN,NaN,1.8332729092247684,1.8066425349195117,NaN,NaN,NaN,NaN,NaN,NaN,NaN,NaN,NaN,NaN,1
2024-07-30T13:01:00-04:00,1.7879827688024097,1.79,1.7879827688024097,1.79,1.7919800401788568,1.887670031367273,1.7939458449206607,0,0,19900,20099,0,0,0,0,NaN,NaN,74.94491201998164,NaN,NaN,NaN,1.8332729092247684,1.8066425349195117,NaN,NaN,NaN,NaN,NaN,NaN,NaN,NaN,NaN,NaN,1,0,0,0,0,NaN,NaN,74.94491201998164,NaN,NaN,NaN,1.8332729092247684,1.8066425349195117,NaN,NaN,NaN,NaN,NaN,NaN,NaN,NaN,NaN,NaN,1
2024-07-30T13:23:00-04:00,1.7889913844012049,1.7911,1.7889913844012049,1.7911,1.79182003287361,1.8861956797433452,1.7938556866782827,0,0,19900,20100,0,0,0,0,NaN,NaN,74.46487316588866,NaN,NaN,NaN,1.8332729092247684,1.8066425349195117,NaN,NaN,NaN,NaN,NaN,NaN,NaN,NaN,NaN,NaN,1,0,0,0,0,NaN,NaN,74.46487316588866,NaN,NaN,NaN,1.8332729092247684,1.8066425349195117,NaN,NaN,NaN,NaN,NaN,NaN,NaN,NaN,NaN,NaN,1
2024-07-30T13:40:00-04:00,1.7900456922006023,1.82,1.7900456922006023,1.82,1.7969436632602265,1.8851850586785612,1.7940611268269682,0,0,19900,20101,0,0,0,0,NaN,NaN,72.71297080751957,NaN,NaN,NaN,1.8332729092247684,1.8066425349195117,NaN,NaN,NaN,NaN,NaN,NaN,NaN,NaN,NaN,NaN,1,0,0,0,0,NaN,NaN,72.71297080751957,NaN,NaN,NaN,1.8332729092247684,1.8066425349195117,NaN,NaN,NaN,NaN,NaN,NaN,NaN,NaN,NaN,NaN,1
2024-07-30T14:09:00-04:00,1.805022846100301,1.805022846100301,1.8,1.8,1.7974993608492762,1.8838845234315602,1.7941074302198656,0,0,19900,20102,0,0,0,0,NaN,NaN,71.76954258255283,NaN,NaN,NaN,1.8332729092247684,1.8066425349195117,NaN,NaN,NaN,NaN,NaN,NaN,NaN,NaN,NaN,NaN,1,0,0,0,0,NaN,NaN,71.76954258255283,NaN,NaN,NaN,1.8332729092247684,1.8066425349195117,NaN,NaN,NaN,NaN,NaN,NaN,NaN,NaN,NaN,NaN,1
2024-07-30T14:14:00-04:00,1.8025114230501504,1.8047,1.8025114230501504,1.8047,1.7988085679675896,1.8826755994097044,1.794270067557193,0,0,19900,20103,0,0,0,0,NaN,NaN,70.60439514132462,NaN,NaN,NaN,1.8332729092247684,1.8066425349195117,NaN,NaN,NaN,NaN,NaN,NaN,NaN,NaN,NaN,NaN,1,0,0,0,0,NaN,NaN,70.60439514132462,NaN,NaN,NaN,1.8332729092247684,1.8066425349195117,NaN,NaN,NaN,NaN,NaN,NaN,NaN,NaN,NaN,NaN,1
2024-07-30T14:42:00-04:00,1.8036057115250752,1.8036057115250752,1.7905,1.7905,1.7972979192462097,1.8812683383500142,1.7942413454213009,0,0,19900,20104,0,0,0,0,NaN,NaN,70.28178837094926,NaN,NaN,NaN,1.8332729092247684,1.8066425349195117,NaN,NaN,NaN,NaN,NaN,NaN,NaN,NaN,NaN,NaN,1,0,0,0,0,NaN,NaN,70.28178837094926,NaN,NaN,NaN,1.8332729092247684,1.8066425349195117,NaN,NaN,NaN,NaN,NaN,NaN,NaN,NaN,NaN,NaN,1
2024-07-30T15:04:00-04:00,1.7970528557625376,1.8095,1.7970528557625376,1.8095,1.7995164793832625,1.8801726385278765,1.7945822955459552,0,0,19900,20105,0,0,0,0,NaN,NaN,69.36589738861427,NaN,NaN,NaN,1.8332729092247684,1.8066425349195117,NaN,NaN,NaN,NaN,NaN,NaN,NaN,NaN,NaN,NaN,1,0,0,0,0,NaN,NaN,69.36589738861427,NaN,NaN,NaN,1.8332729092247684,1.8066425349195117,NaN,NaN,NaN,NaN,NaN,NaN,NaN,NaN,NaN,NaN,1
2024-07-30T15:08:00-04:00,1.803276427881269,1.8199,1.803276427881269,1.8199,1.8032225740408512,1.8792524455732524,1.7947731889414542,0,0,19900,20106,0,0,0,0,NaN,NaN,68.90003179138054,NaN,NaN,NaN,1.8332729092247684,1.8066425349195117,NaN,NaN,NaN,NaN,NaN,NaN,NaN,NaN,NaN,NaN,1,0,0,0,0,NaN,NaN,68.90003179138054,NaN,NaN,NaN,1.8332729092247684,1.8066425349195117,NaN,NaN,NaN,NaN,NaN,NaN,NaN,NaN,NaN,NaN,1
2024-07-30T15:20:00-04:00,1.8115882139406345,1.82,1.795,1.8075,1.8040002878516055,1.878156988388928,1.7949586028554774,0,0,19900,20107,0,0,0,0,NaN,NaN,67.74128679288025,NaN,NaN,NaN,1.8332729092247684,1.8066425349195117,NaN,NaN,NaN,NaN,NaN,NaN,NaN,NaN,NaN,NaN,1,0,0,0,0,NaN,NaN,67.74128679288025,NaN,NaN,NaN,1.8332729092247684,1.8066425349195117,NaN,NaN,NaN,NaN,NaN,NaN,NaN,NaN,NaN,NaN,1
2024-07-30T15:42:00-04:00,1.8095441069703173,1.82,1.8095441069703173,1.82,1.8069093264240408,1.8772690954364253,1.7951396948220995,0,0,19900,20108,0,0,0,0,NaN,NaN,65.38711426531614,NaN,NaN,NaN,1.8332729092247684,1.8066425349195117,NaN,NaN,NaN,NaN,NaN,NaN,NaN,NaN,NaN,NaN,1,0,0,0,0,NaN,NaN,65.38711426531614,NaN,NaN,NaN,1.8332729092247684,1.8066425349195117,NaN,NaN,NaN,NaN,NaN,NaN,NaN,NaN,NaN,NaN,1
2024-07-30T15:59:00-04:00,1.8147720534851586,1.8147720534851586,1.8,1.8,1.8056530852560333,1.8760894145900677,1.7951928831986264,0,0,19900,20109,0,0,0,0,NaN,NaN,64.17392822452895,NaN,NaN,NaN,1.8332729092247684,1.8066425349195117,NaN,NaN,NaN,NaN,NaN,NaN,NaN,NaN,NaN,NaN,1,0,0,0,0,NaN,NaN,64.17392822452895,NaN,NaN,NaN,1.8332729092247684,1.8066425349195117,NaN,NaN,NaN,NaN,NaN,NaN,NaN,NaN,NaN,NaN,1
2024-07-31T09:30:00-04:00,1.8073860267425794,1.8073860267425794,1.8,1.8,1.8046252515731183,1.874927744138311,1.8,0,0,19900,20110,0,0,0,0,NaN,NaN,63.140560990192554,NaN,NaN,NaN,1.8332729092247684,1.8066425349195117,NaN,NaN,NaN,NaN,NaN,NaN,NaN,NaN,NaN,NaN,1,0,0,0,0,NaN,NaN,63.140560990192554,NaN,NaN,NaN,1.8332729092247684,1.8066425349195117,NaN,NaN,NaN,NaN,NaN,NaN,NaN,NaN,NaN,NaN,1
2024-07-31T09:40:00-04:00,1.8036930133712898,1.8036930133712898,1.78,1.78,1.8001479331052785,1.8734784656018482,1.7887640449438202,0,0,19900,20111,0,0,0,0,NaN,NaN,62.45343716098074,NaN,NaN,NaN,1.8332729092247684,1.8066425349195117,NaN,NaN,NaN,NaN,NaN,NaN,NaN,NaN,NaN,NaN,1,0,0,0,0,NaN,NaN,62.45343716098074,NaN,NaN,NaN,1.8332729092247684,1.8066425349195117,NaN,NaN,NaN,NaN,NaN,NaN,NaN,NaN,NaN,NaN,1
2024-07-31T09:51:00-04:00,1.791846506685645,1.791846506685645,1.77,1.77,1.7946664907225007,1.8718986416995298,1.7868008048289739,0,1,19900,20112,0,0,0,0,NaN,NaN,62.072056815494214,NaN,NaN,NaN,1.8332729092247684,1.7902512223484874,NaN,NaN,NaN,NaN,NaN,NaN,NaN,NaN,NaN,NaN,1,0,0,0,0,NaN,NaN,62.072056815494214,NaN,NaN,NaN,1.8332729092247684,1.7902512223484874,NaN,NaN,NaN,NaN,NaN,NaN,NaN,NaN,NaN,NaN,1
2024-07-31T09:55:00-04:00,1.7809232533428225,1.7809232533428225,1.7653,1.7653,1.789327128772955,1.870271181520911,1.7843990169794457,0,0,19900,20113,0,0,0,0,NaN,NaN,61.754942695666415,NaN,NaN,NaN,1.8332729092247684,1.7790867456325774,NaN,NaN,NaN,NaN,NaN,NaN,NaN,NaN,NaN,NaN,1,0,0,0,0,NaN,NaN,61.754942695666415,NaN,NaN,NaN,1.8332729092247684,1.7790867456325774,NaN,NaN,NaN,NaN,NaN,NaN,NaN,NaN,NaN,NaN,1
2024-07-31T09:56:00-04:00,1.7731116266714113,1.7731116266714113,1.75,1.75,1.782176741723327,1.868434980276317,1.7679955586722766,0,0,19900,20114,0,0,0,0,NaN,NaN,61.81301141161607,NaN,NaN,NaN,1.8332729092247684,1.7624333124668947,NaN,NaN,NaN,NaN,NaN,NaN,NaN,NaN,NaN,NaN,1,0,0,0,0,NaN,NaN,61.81301141161607,NaN,NaN,NaN,1.8332729092247684,1.7624333124668947,NaN,NaN,NaN,NaN,NaN,NaN,NaN,NaN,NaN,NaN,1
2024-07-31T09:59:00-04:00,1.7615558133357057,1.7615558133357057,1.7201,1.7201,1.7708900614099947,1.8661703240888923,1.761443260694108,0,0,19900,20115,0,0,0,0,NaN,NaN,61.81120752660439,NaN,NaN,NaN,1.8332729092247684,1.7351608218567922,NaN,NaN,NaN,NaN,NaN,NaN,NaN,NaN,NaN,NaN,1,0,0,0,0,NaN,NaN,61.81120752660439,NaN,NaN,NaN,1.8332729092247684,1.7351608218567922,NaN,NaN,NaN,NaN,NaN,NaN,NaN,NaN,NaN,NaN,1
2024-07-31T10:00:00-04:00,1.7408279066678527,1.7408279066678527,1.7399,1.7399499999999999,1.7652645956990867,1.864243296240207,1.7591221742260617,0,0,19900,20116,0,0,0,0,NaN,NaN,61.80355204174486,NaN,NaN,NaN,1.8332729092247684,1.7351608218567922,NaN,NaN,NaN,NaN,NaN,NaN,NaN,NaN,NaN,NaN,1,0,0,0,0,NaN,NaN,61.80355204174486,NaN,NaN,NaN,1.8332729092247684,1.7351608218567922,NaN,NaN,NaN,NaN,NaN,NaN,NaN,NaN,NaN,NaN,1
2024-07-31T10:01:00-04:00,1.7403889533339263,1.7403889533339263,1.7214,1.7214,1.7572892146628891,1.8620624825571503,1.7524219656601538,0,1,19900,20117,0,0,0,0,NaN,NaN,62.00989516918109,NaN,NaN,NaN,1.808191932631327,1.7351608218567922,NaN,NaN,NaN,NaN,NaN,NaN,NaN,NaN,NaN,NaN,1,0,0,0,0,NaN,NaN,62.00989516918109,NaN,NaN,NaN,1.808191932631327,1.7351608218567922,NaN,NaN,NaN,NaN,NaN,NaN,NaN,NaN,NaN,NaN,1
2024-07-31T10:05:00-04:00,1.7308944766669632,1.7308944766669632,1.71,1.715,1.7496002665423638,1.8598172538158197,1.7479625554106908,0,0,19900,20118,0,0,0,0,NaN,NaN,61.979239248172746,NaN,NaN,NaN,1.7658906026278463,1.724157627365532,NaN,NaN,NaN,NaN,NaN,NaN,NaN,NaN,NaN,NaN,1,0,0,0,0,NaN,NaN,61.979239248172746,NaN,NaN,NaN,1.7658906026278463,1.724157627365532,NaN,NaN,NaN,NaN,NaN,NaN,NaN,NaN,NaN,NaN,1
2024-07-31T10:07:00-04:00,1.7229472383334816,1.7229472383334816,1.7,1.7,1.740582036261934,1.8573772957422958,1.7467436848792883,0,0,19900,20119,0,0,0,0,NaN,NaN,61.94674921236603,NaN,NaN,NaN,1.750836937950125,1.7081622374091108,NaN,NaN,NaN,NaN,NaN,NaN,NaN,NaN,NaN,NaN,1,0,0,0,0,NaN,NaN,61.94674921236603,NaN,NaN,NaN,1.750836937950125,1.7081622374091108,NaN,NaN,NaN,NaN,NaN,NaN,NaN,NaN,NaN,NaN,1
2024-07-31T10:10:00-04:00,1.7114736191667408,1.72,1.71,1.71625,1.736158029668855,1.8552226805401233,1.7364678011794437,0,0,19900,20120,0,0,0,0,NaN,NaN,62.17375901869815,NaN,NaN,NaN,1.750836937950125,1.7081622374091108,NaN,NaN,NaN,NaN,NaN,NaN,NaN,NaN,NaN,NaN,1,0,0,0,0,NaN,NaN,62.17375901869815,NaN,NaN,NaN,1.750836937950125,1.7081622374091108,NaN,NaN,NaN,NaN,NaN,NaN,NaN,NaN,NaN,NaN,1
2024-07-31T10:12:00-04:00,1.7138618095833704,1.7138618095833704,1.7,1.7,1.729583842456336,1.8528528686234802,1.7337548970679972,0,0,19900,20121,0,0,0,0,NaN,NaN,65.14739190075215,NaN,NaN,NaN,1.750836937950125,1.7081622374091108,NaN,NaN,NaN,NaN,NaN,NaN,NaN,NaN,NaN,NaN,1,0,0,0,0,NaN,NaN,65.14739190075215,NaN,NaN,NaN,1.750836937950125,1.7081622374091108,NaN,NaN,NaN,NaN,NaN,NaN,NaN,NaN,NaN,NaN,1
2024-07-31T10:16:00-04:00,1.7069309047916852,1.71,1.7069309047916852,1.71,1.7260231438279112,1.8506719087971675,1.7333901105651104,0,0,19900,20122,0,0,0,0,NaN,NaN,68.06329307399199,NaN,NaN,NaN,1.750836937950125,1.7081622374091108,NaN,NaN,NaN,NaN,NaN,NaN,NaN,NaN,NaN,NaN,1,0,0,0,0,NaN,NaN,68.06329307399199,NaN,NaN,NaN,1.750836937950125,1.7081622374091108,NaN,NaN,NaN,NaN,NaN,NaN,NaN,NaN,NaN,NaN,1
2024-07-31T10:18:00-04:00,1.7084654523958425,1.72,1.7084654523958425,1.72,1.724928026768291,1.848676917823165,1.7316076144834929,0,0,19900,20123,0,0,0,0,NaN,NaN,70.19043464551636,NaN,NaN,NaN,1.750836937950125,1.7153999999999998,NaN,NaN,NaN,NaN,NaN,NaN,NaN,NaN,NaN,NaN,1,0,0,0,0,NaN,NaN,70.19043464551636,NaN,NaN,NaN,1.750836937950125,1.7153999999999998,NaN,NaN,NaN,NaN,NaN,NaN,NaN,NaN,NaN,NaN,1
2024-07-31T10:20:00-04:00,1.7142327261979213,1.72,1.7142327261979213,1.72,1.724032021901329,1.8467123847266282,1.7314551234892273,0,0,19900,20124,0,0,0,0,NaN,NaN,70.85380978375284,NaN,NaN,NaN,1.750836937950125,1.7153999999999998,NaN,NaN,NaN,NaN,NaN,NaN,NaN,NaN,NaN,NaN,1,0,0,0,0,NaN,NaN,70.85380978375284,NaN,NaN,NaN,1.750836937950125,1.7153999999999998,NaN,NaN,NaN,NaN,NaN,NaN,NaN,NaN,NaN,NaN,1
2024-07-31T10:24:00-04:00,1.7171163630989605,1.7269,1.7171163630989605,1.7269,1.7245534724647238,1.8448831880132446,1.7313960580912862,0,0,19900,20125,0,0,0,0,NaN,NaN,71.67232884593083,NaN,NaN,NaN,1.750836937950125,1.7190914999999998,NaN,NaN,NaN,NaN,NaN,NaN,NaN,NaN,NaN,NaN,1,0,0,0,0,NaN,NaN,71.67232884593083,NaN,NaN,NaN,1.750836937950125,1.7190914999999998,NaN,NaN,NaN,NaN,NaN,NaN,NaN,NaN,NaN,NaN,1
2024-07-31T10:39:00-04:00,1.7220081815494803,1.7220081815494803,1.71,1.71,1.7219073865620467,1.8428239027000652,1.730594907638542,0,0,19900,20126,0,0,0,0,NaN,NaN,72.2504431377402,NaN,NaN,NaN,1.750836937950125,1.717943,NaN,NaN,NaN,NaN,NaN,NaN,NaN,NaN,NaN,NaN,1,0,0,0,0,NaN,NaN,72.2504431377402,NaN,NaN,NaN,1.750836937950125,1.717943,NaN,NaN,NaN,NaN,NaN,NaN,NaN,NaN,NaN,NaN,1
2024-07-31T10:52:00-04:00,1.71600409077474,1.72,1.71600409077474,1.72,1.721560589005311,1.8409487286130413,1.730336872868972,0,0,19900,20127,0,0,0,0,NaN,NaN,72.08802665279993,NaN,NaN,NaN,1.750836937950125,1.717943,NaN,NaN,NaN,NaN,NaN,NaN,NaN,NaN,NaN,NaN,1,0,0,0,0,NaN,NaN,72.08802665279993,NaN,NaN,NaN,1.750836937950125,1.717943,NaN,NaN,NaN,NaN,NaN,NaN,NaN,NaN,NaN,NaN,1
2024-07-31T10:58:00-04:00,1.7180020453873701,1.73,1.7180020453873701,1.729975,1.7230904819134363,1.839254473214369,1.7302975900998696,0,0,19900,20128,0,0,0,0,NaN,NaN,71.74886065408072,NaN,NaN,NaN,1.750836937950125,1.720287125,NaN,NaN,NaN,NaN,NaN,NaN,NaN,NaN,NaN,NaN,1,0,0,0,0,NaN,NaN,71.74886065408072,NaN,NaN,NaN,1.750836937950125,1.720287125,NaN,NaN,NaN,NaN,NaN,NaN,NaN,NaN,NaN,NaN,1
2024-07-31T11:16:00-04:00,1.723988522693685,1.74,1.723988522693685,1.74,1.7261649397473569,1.8377391377454473,1.730503761155971,0,0,19900,20129,0,0,0,0,NaN,NaN,71.30807117343657,NaN,NaN,NaN,1.750836937950125,1.7257406362499998,NaN,NaN,NaN,NaN,NaN,NaN,NaN,NaN,NaN,NaN,1,0,0,0,0,NaN,NaN,71.30807117343657,NaN,NaN,NaN,1.750836937950125,1.7257406362499998,NaN,NaN,NaN,NaN,NaN,NaN,NaN,NaN,NaN,NaN,1
2024-07-31T11:39:00-04:00,1.7319942613468426,1.75,1.7319942613468426,1.75,1.7304985870660192,1.8363996089249062,1.7313555578134527,0,0,19900,20130,0,0,0,0,NaN,NaN,72.50944620057695,NaN,NaN,NaN,1.750836937950125,1.7318961980749998,NaN,NaN,NaN,NaN,NaN,NaN,NaN,NaN,NaN,NaN,1,0,0,0,0,NaN,NaN,72.50944620057695,NaN,NaN,NaN,1.750836937950125,1.7318961980749998,NaN,NaN,NaN,NaN,NaN,NaN,NaN,NaN,NaN,NaN,1
2024-07-31T11:40:00-04:00,1.7409971306734213,1.77,1.7409971306734213,1.77,1.7376806621449248,1.8353858744375031,1.731744256688795,0,0,19900,20131,0,0,0,0,NaN,NaN,73.98343426308513,NaN,NaN,NaN,1.750836937950125,1.7444255402482498,NaN,NaN,NaN,NaN,NaN,NaN,NaN,NaN,NaN,NaN,1,0,0,0,0,NaN,NaN,73.98343426308513,NaN,NaN,NaN,1.750836937950125,1.7444255402482498,NaN,NaN,NaN,NaN,NaN,NaN,NaN,NaN,NaN,NaN,1
2024-07-31T12:04:00-04:00,1.7554985653367106,1.76,1.7554985653367106,1.76,1.7417387235731203,1.8342349450567779,1.7328371108102882,0,0,19900,20132,0,0,0,0,NaN,NaN,73.08659362490081,NaN,NaN,NaN,1.750836937950125,1.7444255402482498,NaN,NaN,NaN,NaN,NaN,NaN,NaN,NaN,NaN,NaN,1,0,0,0,0,NaN,NaN,73.08659362490081,NaN,NaN,NaN,1.750836937950125,1.7444255402482498,NaN,NaN,NaN,NaN,NaN,NaN,NaN,NaN,NaN,NaN,1
2024-07-31T13:52:00-04:00,1.7577492826683554,1.7577492826683554,1.75,1.75,1.743240773832553,1.8329489153612546,1.7333209359143018,0,0,19900,20133,0,0,0,0,NaN,NaN,72.62472208862957,NaN,NaN,NaN,1.750836937950125,1.7444255402482498,NaN,NaN,NaN,NaN,NaN,NaN,NaN,NaN,NaN,NaN,1,0,0,0,0,NaN,NaN,72.62472208862957,NaN,NaN,NaN,1.750836937950125,1.7444255402482498,NaN,NaN,NaN,NaN,NaN,NaN,NaN,NaN,NaN,NaN,1
2024-07-31T14:25:00-04:00,1.7538746413341777,1.7538746413341777,1.74,1.74,1.7426515422266342,1.831529847951159,1.7334441431470209,0,0,19900,20134,0,0,0,0,NaN,NaN,72.81549740812423,NaN,NaN,NaN,1.750836937950125,1.7444255402482498,NaN,NaN,NaN,NaN,NaN,NaN,NaN,NaN,NaN,NaN,1,0,0,0,0,NaN,NaN,72.81549740812423,NaN,NaN,NaN,1.750836937950125,1.7444255402482498,NaN,NaN,NaN,NaN,NaN,NaN,NaN,NaN,NaN,NaN,1
2024-07-31T14:45:00-04:00,1.7469373206670888,1.7469373206670888,1.7301,1.7301,1.7403694436399735,1.8299813006541947,1.733161746326634,0,0,19900,20135,0,0,0,0,NaN,NaN,73.02412100250008,NaN,NaN,NaN,1.750836937950125,1.7444255402482498,NaN,NaN,NaN,NaN,NaN,NaN,NaN,NaN,NaN,NaN,1,0,0,0,0,NaN,NaN,73.02412100250008,NaN,NaN,NaN,1.750836937950125,1.7444255402482498,NaN,NaN,NaN,NaN,NaN,NaN,NaN,NaN,NaN,NaN,1
2024-07-31T14:55:00-04:00,1.7385186603335443,1.7414,1.7385186603335443,1.7414,1.7405568175236146,1.828628914384665,1.7334954950575272,0,0,19900,20136,0,0,0,0,NaN,NaN,73.33215475840987,NaN,NaN,NaN,1.750836937950125,1.7444255402482498,NaN,NaN,NaN,NaN,NaN,NaN,NaN,NaN,NaN,NaN,1,0,0,0,0,NaN,NaN,73.33215475840987,NaN,NaN,NaN,1.750836937950125,1.7444255402482498,NaN,NaN,NaN,NaN,NaN,NaN,NaN,NaN,NaN,NaN,1
2024-07-31T15:10:00-04:00,1.7399593301667722,1.7399593301667722,1.73,1.73,1.7386373961556847,1.8271231294322274,1.733467400739431,0,0,19900,20137,0,0,0,0,NaN,NaN,72.78277608734768,NaN,NaN,NaN,1.750836937950125,1.7444255402482498,NaN,NaN,NaN,NaN,NaN,NaN,NaN,NaN,NaN,NaN,1,0,0,0,0,NaN,NaN,72.78277608734768,NaN,NaN,NaN,1.750836937950125,1.7444255402482498,NaN,NaN,NaN,NaN,NaN,NaN,NaN,NaN,NaN,NaN,1
2024-07-31T15:16:00-04:00,1.7349796650833862,1.7349796650833862,1.71,1.72,1.735248778672833,1.825487661807308,1.7282033388818172,0,0,19900,20138,0,0,0,0,NaN,NaN,74.10655568689035,NaN,NaN,NaN,1.750836937950125,1.7444255402482498,NaN,NaN,NaN,NaN,NaN,NaN,NaN,NaN,NaN,NaN,1,0,0,0,0,NaN,NaN,74.10655568689035,NaN,NaN,NaN,1.750836937950125,1.7444255402482498,NaN,NaN,NaN,NaN,NaN,NaN,NaN,NaN,NaN,NaN,1
2024-07-31T15:31:00-04:00,1.7274898325416932,1.7274898325416932,1.72,1.72,1.7324762734595907,1.8238771631537611,1.7281301018922854,0,0,19900,20139,0,0,0,0,NaN,NaN,73.93066278862051,NaN,NaN,NaN,1.750836937950125,1.7444255402482498,NaN,NaN,NaN,NaN,NaN,NaN,NaN,NaN,NaN,NaN,1,0,0,0,0,NaN,NaN,73.93066278862051,NaN,NaN,NaN,1.750836937950125,1.7444255402482498,NaN,NaN,NaN,NaN,NaN,NaN,NaN,NaN,NaN,NaN,1
2024-07-31T15:46:00-04:00,1.7237449162708467,1.7237449162708467,1.72,1.72,1.7302078601033015,1.8222912522659174,1.7280807002314817,0,0,19900,20140,0,0,0,0,NaN,NaN,73.35147550271085,NaN,NaN,NaN,1.750836937950125,1.7444255402482498,NaN,NaN,NaN,NaN,NaN,NaN,NaN,NaN,NaN,NaN,1,0,0,0,0,NaN,NaN,73.35147550271085,NaN,NaN,NaN,1.750836937950125,1.7444255402482498,NaN,NaN,NaN,NaN,NaN,NaN,NaN,NaN,NaN,NaN,1
2024-07-31T15:50:00-04:00,1.7218724581354232,1.7218724581354232,1.71,1.71,1.726533703720883,1.8205768820023156,1.727993923977731,0,1,19900,20141,0,0,0,0,NaN,NaN,73.6509573690362,NaN,NaN,NaN,1.750836937950125,1.7364000000000002,NaN,NaN,NaN,NaN,NaN,NaN,NaN,NaN,NaN,NaN,1,0,0,0,0,NaN,NaN,73.6509573690362,NaN,NaN,NaN,1.750836937950125,1.7364000000000002,NaN,NaN,NaN,NaN,NaN,NaN,NaN,NaN,NaN,NaN,1
2024-07-31T15:51:00-04:00,1.7159362290677116,1.72,1.7159362290677116,1.72,1.7253457575898135,1.8190413570862498,1.72795574130684,0,0,19900,20142,0,0,0,0,NaN,NaN,72.96828995587997,NaN,NaN,NaN,1.750836937950125,1.7364000000000002,NaN,NaN,NaN,NaN,NaN,NaN,NaN,NaN,NaN,NaN,1,0,0,0,0,NaN,NaN,72.96828995587997,NaN,NaN,NaN,1.750836937950125,1.7364000000000002,NaN,NaN,NaN,NaN,NaN,NaN,NaN,NaN,NaN,NaN,1
2024-07-31T15:53:00-04:00,1.7179681145338557,1.7179681145338557,1.71,1.71,1.722555619846211,1.8173766035429484,1.7254053520203263,0,1,19900,20143,0,0,0,0,NaN,NaN,72.68836405731342,NaN,NaN,NaN,1.750836937950125,1.7364000000000002,NaN,NaN,NaN,NaN,NaN,NaN,NaN,NaN,NaN,NaN,1,0,0,0,0,NaN,NaN,72.68836405731342,NaN,NaN,NaN,1.750836937950125,1.7364000000000002,NaN,NaN,NaN,NaN,NaN,NaN,NaN,NaN,NaN,NaN,1
2024-07-31T15:55:00-04:00,1.7139840572669278,1.7139840572669278,1.7,1.7,1.7184545980559909,1.8155845943285522,1.7248274489387265,0,0,19900,20144,0,0,0,0,NaN,NaN,73.18916537028251,NaN,NaN,NaN,1.750836937950125,1.730458,NaN,NaN,NaN,NaN,NaN,NaN,NaN,NaN,NaN,NaN,1,0,0,0,0,NaN,NaN,73.18916537028251,NaN,NaN,NaN,1.750836937950125,1.730458,NaN,NaN,NaN,NaN,NaN,NaN,NaN,NaN,NaN,NaN,1
2024-07-31T15:56:00-04:00,1.7069920286334639,1.7069920286334639,1.7,1.7,1.7150992165912653,1.81381994403346,1.724728416433985,0,0,19900,20145,0,0,0,0,NaN,NaN,72.95012566454318,NaN,NaN,NaN,1.750836937950125,1.730458,NaN,NaN,NaN,NaN,NaN,NaN,NaN,NaN,NaN,NaN,1,0,0,0,0,NaN,NaN,72.95012566454318,NaN,NaN,NaN,1.750836937950125,1.730458,NaN,NaN,NaN,NaN,NaN,NaN,NaN,NaN,NaN,NaN,1
2024-07-31T15:58:00-04:00,1.703496014316732,1.703496014316732,1.7,1.7,1.7123539044837626,1.8120822349642467,1.7246243009215125,0,0,19900,20146,0,0,0,0,NaN,NaN,72.77321239726442,NaN,NaN,NaN,1.750836937950125,1.730458,NaN,NaN,NaN,NaN,NaN,NaN,NaN,NaN,NaN,NaN,1,0,0,0,0,NaN,NaN,72.77321239726442,NaN,NaN,NaN,1.750836937950125,1.730458,NaN,NaN,NaN,NaN,NaN,NaN,NaN,NaN,NaN,NaN,1
2024-07-31T15:59:00-04:00,1.701748007158366,1.701748007158366,1.68,1.6849999999999998,1.7073804673048967,1.8101420481708994,1.7241055037240298,0,1,19900,20147,0,0,0,0,NaN,NaN,72.76318435058367,NaN,NaN,NaN,1.750836937950125,1.7206805199999997,NaN,NaN,NaN,NaN,NaN,NaN,NaN,NaN,NaN,NaN,1,0,0,0,0,NaN,NaN,72.76318435058367,NaN,NaN,NaN,1.750836937950125,1.7206805199999997,NaN,NaN,NaN,NaN,NaN,NaN,NaN,NaN,NaN,NaN,1
2024-08-01T09:31:00-04:00,1.6933740035791829,1.6933740035791829,1.68,1.68,1.7024022005221882,1.808155146672107,1.68,0,0,19900,20148,0,0,0,0,NaN,NaN,73.09598624660765,NaN,NaN,NaN,1.750836937950125,1.7147442732,NaN,NaN,NaN,NaN,NaN,NaN,NaN,NaN,NaN,NaN,1,0,0,0,0,NaN,NaN,73.09598624660765,NaN,NaN,NaN,1.750836937950125,1.7147442732,NaN,NaN,NaN,NaN,NaN,NaN,NaN,NaN,NaN,NaN,1
2024-08-01T09:43:00-04:00,1.6866870017895914,1.6866870017895914,1.68,1.68,1.6983290731545175,1.806198579547342,1.68,0,0,19900,20149,0,0,0,0,NaN,NaN,73.16249510719402,NaN,NaN,NaN,1.750836937950125,1.7147442732,NaN,NaN,NaN,NaN,NaN,NaN,NaN,NaN,NaN,NaN,1,0,0,0,0,NaN,NaN,73.16249510719402,NaN,NaN,NaN,1.750836937950125,1.7147442732,NaN,NaN,NaN,NaN,NaN,NaN,NaN,NaN,NaN,NaN,1
2024-08-01T10:24:00-04:00,1.6833435008947957,1.7,1.6833435008947957,1.7,1.6986328780355144,1.8045772271878406,1.681854427445526,0,0,19900,20150,0,0,0,0,NaN,NaN,72.72605610417551,NaN,NaN,NaN,1.750836937950125,1.7147442732,NaN,NaN,NaN,NaN,NaN,NaN,NaN,NaN,NaN,NaN,1,0,0,0,0,NaN,NaN,72.72605610417551,NaN,NaN,NaN,1.750836937950125,1.7147442732,NaN,NaN,NaN,NaN,NaN,NaN,NaN,NaN,NaN,NaN,1
2024-08-01T10:36:00-04:00,1.691671750447398,1.691671750447398,1.65,1.6724999999999999,1.693881445665421,1.8025607809712323,1.6760624117231637,0,1,19900,20151,0,0,0,0,NaN,NaN,73.2722185904557,NaN,NaN,NaN,1.750836937950125,1.706374960416,NaN,NaN,NaN,NaN,NaN,NaN,NaN,NaN,NaN,NaN,1,0,0,0,0,NaN,NaN,73.2722185904557,NaN,NaN,NaN,1.750836937950125,1.706374960416,NaN,NaN,NaN,NaN,NaN,NaN,NaN,NaN,NaN,NaN,1
2024-08-01T10:40:00-04:00,1.682085875223699,1.682085875223699,1.6495,1.6497499999999998,1.6858575464535261,1.8002277919487708,1.6738927992872186,0,0,19900,20152,0,0,0,0,NaN,NaN,73.86916980793782,NaN,NaN,NaN,1.750836937950125,1.6882124663535998,NaN,NaN,NaN,NaN,NaN,NaN,NaN,NaN,NaN,NaN,1,0,0,0,0,NaN,NaN,73.86916980793782,NaN,NaN,NaN,1.750836937950125,1.6882124663535998,NaN,NaN,NaN,NaN,NaN,NaN,NaN,NaN,NaN,NaN,1
2024-08-01T10:47:00-04:00,1.6659179376118494,1.6659179376118494,1.65,1.65,1.679337992552885,1.797934237873217,1.6733259924086668,0,0,19900,20153,0,0,0,0,NaN,NaN,74.88765633897792,NaN,NaN,NaN,1.750836937950125,1.6882124663535998,NaN,NaN,NaN,NaN,NaN,NaN,NaN,NaN,NaN,NaN,1,0,0,0,0,NaN,NaN,74.88765633897792,NaN,NaN,NaN,1.750836937950125,1.6882124663535998,NaN,NaN,NaN,NaN,NaN,NaN,NaN,NaN,NaN,NaN,1
2024-08-01T10:52:00-04:00,1.6579589688059246,1.6579589688059246,1.63,1.6349999999999998,1.6712765393614515,1.795446692256832,1.6703877409462615,0,0,19900,20154,0,0,0,0,NaN,NaN,75.72136845182882,NaN,NaN,NaN,1.693542061234471,1.6725867224099518,NaN,NaN,NaN,NaN,NaN,NaN,NaN,NaN,NaN,NaN,1,0,0,0,0,NaN,NaN,75.72136845182882,NaN,NaN,NaN,1.693542061234471,1.6725867224099518,NaN,NaN,NaN,NaN,NaN,NaN,NaN,NaN,NaN,NaN,1
2024-08-01T10:53:00-04:00,1.6464794844029622,1.6464794844029622,1.64,1.64,1.6655898958411877,1.7930734603139795,1.6699503814047207,0,0,19900,20155,0,0,0,0,NaN,NaN,75.7508010360908,NaN,NaN,NaN,1.6868576514351998,1.6725867224099518,NaN,NaN,NaN,NaN,NaN,NaN,NaN,NaN,NaN,NaN,1,0,0,0,0,NaN,NaN,75.7508010360908,NaN,NaN,NaN,1.6868576514351998,1.6725867224099518,NaN,NaN,NaN,NaN,NaN,NaN,NaN,NaN,NaN,NaN,1
2024-08-01T10:58:00-04:00,1.643239742201481,1.643239742201481,1.62,1.62,1.6573008238700626,1.7904311174084226,1.6692416643019297,0,1,19900,20156,0,0,0,0,NaN,NaN,75.82034544656821,NaN,NaN,NaN,1.6668267109222872,1.6556185107038623,NaN,NaN,NaN,NaN,NaN,NaN,NaN,NaN,NaN,NaN,1,0,0,0,0,NaN,NaN,75.82034544656821,NaN,NaN,NaN,1.6668267109222872,1.6556185107038623,NaN,NaN,NaN,NaN,NaN,NaN,NaN,NaN,NaN,NaN,1
2024-08-01T11:24:00-04:00,1.6316198711007406,1.6316198711007406,1.62,1.62,1.6505188558936876,1.7878291156159276,1.668417306082589,0,0,19900,20157,0,0,0,0,NaN,NaN,75.99130586134997,NaN,NaN,NaN,1.666694251239807,1.6556185107038623,NaN,NaN,NaN,NaN,NaN,NaN,NaN,NaN,NaN,NaN,1,0,0,0,0,NaN,NaN,75.99130586134997,NaN,NaN,NaN,1.666694251239807,1.6556185107038623,NaN,NaN,NaN,NaN,NaN,NaN,NaN,NaN,NaN,NaN,1
2024-08-01T11:36:00-04:00,1.6258099355503703,1.6258099355503703,1.61,1.61,1.6431517911857445,1.7851141672859134,1.664608144235785,0,1,19900,20158,0,0,0,0,NaN,NaN,77.19188659659663,NaN,NaN,NaN,1.6565991169196739,1.6408700681349353,NaN,NaN,NaN,NaN,NaN,NaN,NaN,NaN,NaN,NaN,1,0,0,0,0,NaN,NaN,77.19188659659663,NaN,NaN,NaN,1.6565991169196739,1.6408700681349353,NaN,NaN,NaN,NaN,NaN,NaN,NaN,NaN,NaN,NaN,1
2024-08-01T11:37:00-04:00,1.617904967775185,1.617904967775185,1.61,1.61,1.6371241927883364,1.782440668548724,1.6637391234599588,0,0,19900,20159,0,0,0,0,NaN,1.61,78.36140276402261,NaN,NaN,NaN,1.6564352898031078,1.6408700681349353,NaN,NaN,NaN,NaN,NaN,NaN,NaN,NaN,NaN,NaN,1,0,0,0,0,NaN,1.61,78.36140276402261,NaN,NaN,NaN,1.6564352898031078,1.6408700681349353,NaN,NaN,NaN,NaN,NaN,NaN,NaN,NaN,NaN,NaN,1
2024-08-01T11:40:00-04:00,1.6139524838875925,1.6139524838875925,1.61,1.61,1.6321925213722752,1.779807986586148,1.6625521147088353,0,0,19900,20160,0,0,0,0,NaN,NaN,79.5978478071552,NaN,NaN,NaN,1.656237697588109,1.6408700681349353,NaN,NaN,NaN,NaN,NaN,NaN,NaN,NaN,NaN,NaN,1,0,0,0,0,NaN,NaN,79.5978478071552,NaN,NaN,NaN,1.656237697588109,1.6408700681349353,NaN,NaN,NaN,NaN,NaN,NaN,NaN,NaN,NaN,NaN,1
2024-08-01T11:45:00-04:00,1.6119762419437964,1.6119762419437964,1.61,1.61,1.628157517486407,1.7772154982413213,1.6594491320264524,0,0,19900,20161,0,0,0,0,NaN,NaN,79.57058590630062,NaN,NaN,NaN,1.6560238012171768,1.6408700681349353,NaN,NaN,NaN,NaN,NaN,NaN,NaN,NaN,NaN,NaN,1,0,0,0,0,NaN,NaN,79.57058590630062,NaN,NaN,NaN,1.6560238012171768,1.6408700681349353,NaN,NaN,NaN,NaN,NaN,NaN,NaN,NaN,NaN,NaN,1
2024-08-01T11:46:00-04:00,1.6109881209718981,1.62,1.6109881209718981,1.62,1.6266743324888784,1.77481526162695,1.6585389074757728,0,0,19900,20162,0,0,0,0,NaN,NaN,79.91883417490946,NaN,NaN,NaN,1.6560238012171768,1.6408700681349353,NaN,NaN,NaN,NaN,NaN,NaN,NaN,NaN,NaN,NaN,1,0,0,0,0,NaN,NaN,79.91883417490946,NaN,NaN,NaN,1.6560238012171768,1.6408700681349353,NaN,NaN,NaN,NaN,NaN,NaN,NaN,NaN,NaN,NaN,1
2024-08-01T11:55:00-04:00,1.6154940604859491,1.625,1.6154940604859491,1.625,1.6263699083999914,1.7725280057242483,1.6581261679580674,0,0,19900,20163,0,0,0,0,NaN,NaN,80.72462807550436,NaN,NaN,NaN,1.6560238012171768,1.6408700681349353,NaN,NaN,NaN,NaN,NaN,NaN,NaN,NaN,NaN,NaN,1,0,0,0,0,NaN,NaN,80.72462807550436,NaN,NaN,NaN,1.6560238012171768,1.6408700681349353,NaN,NaN,NaN,NaN,NaN,NaN,NaN,NaN,NaN,NaN,1
2024-08-01T11:59:00-04:00,1.6202470302429746,1.64,1.6202470302429746,1.6324999999999998,1.6274844705090838,1.7703901735757865,1.6544495656841693,0,0,19900,20164,0,0,0,0,NaN,NaN,81.71437406939474,NaN,NaN,NaN,1.6560238012171768,1.6408700681349353,NaN,NaN,NaN,NaN,NaN,NaN,NaN,NaN,NaN,NaN,1,0,0,0,0,NaN,NaN,81.71437406939474,NaN,NaN,NaN,1.6560238012171768,1.6408700681349353,NaN,NaN,NaN,NaN,NaN,NaN,NaN,NaN,NaN,NaN,1
2024-08-01T12:52:00-04:00,1.6263735151214873,1.6263735151214873,1.62,1.62,1.6261236576892504,1.7680941403914234,1.6536290253429877,0,0,19900,20165,0,0,0,0,NaN,NaN,82.73741735208912,NaN,NaN,NaN,1.6560238012171768,1.6408700681349353,NaN,NaN,NaN,NaN,NaN,NaN,NaN,NaN,NaN,NaN,1,0,0,0,0,NaN,NaN,82.73741735208912,NaN,NaN,NaN,1.6560238012171768,1.6408700681349353,NaN,NaN,NaN,NaN,NaN,NaN,NaN,NaN,NaN,NaN,1
2024-08-01T13:03:00-04:00,1.6231867575607437,1.64,1.6231867575607437,1.635,1.6277375381093866,1.766062168782394,1.652621687995674,0,0,19900,20166,0,0,0,0,NaN,NaN,83.46974214728202,NaN,NaN,NaN,1.6560238012171768,1.6408700681349353,NaN,NaN,NaN,NaN,NaN,NaN,NaN,NaN,NaN,NaN,1,0,0,0,0,NaN,NaN,83.46974214728202,NaN,NaN,NaN,1.6560238012171768,1.6408700681349353,NaN,NaN,NaN,NaN,NaN,NaN,NaN,NaN,NaN,NaN,1
2024-08-01T13:18:00-04:00,1.6290933787803719,1.64,1.6290933787803719,1.64,1.6299670766349525,1.7641375555185408,1.6522894217269217,0,0,19900,20167,0,0,0,0,NaN,NaN,83.32069827778128,NaN,NaN,NaN,1.6560238012171768,1.6408700681349353,NaN,NaN,NaN,NaN,NaN,NaN,NaN,NaN,NaN,NaN,1,0,0,0,0,NaN,NaN,83.32069827778128,NaN,NaN,NaN,1.6560238012171768,1.6408700681349353,NaN,NaN,NaN,NaN,NaN,NaN,NaN,NaN,NaN,NaN,1
2024-08-01T13:49:00-04:00,1.6345466893901859,1.6345466893901859,1.62,1.62,1.628154880883143,1.7619369821518456,1.6464803000863557,0,0,19900,20168,0,0,0,0,NaN,NaN,84.06636676296449,NaN,NaN,NaN,1.6560238012171768,1.6408700681349353,NaN,NaN,NaN,NaN,NaN,NaN,NaN,NaN,NaN,NaN,1,0,0,0,0,NaN,NaN,84.06636676296449,NaN,NaN,NaN,1.6560238012171768,1.6408700681349353,NaN,NaN,NaN,NaN,NaN,NaN,NaN,NaN,NaN,NaN,1
2024-08-01T13:55:00-04:00,1.627273344695093,1.627273344695093,1.62,1.62,1.626672175268026,1.7597700053250998,1.6460676005950694,0,0,19900,20169,0,0,0,0,NaN,NaN,84.43102820032809,NaN,NaN,NaN,1.6560238012171768,1.6408700681349353,NaN,NaN,NaN,NaN,NaN,NaN,NaN,NaN,NaN,NaN,1,0,0,0,0,NaN,NaN,84.43102820032809,NaN,NaN,NaN,1.6560238012171768,1.6408700681349353,NaN,NaN,NaN,NaN,NaN,NaN,NaN,NaN,NaN,NaN,1
2024-08-01T14:09:00-04:00,1.6236366723475466,1.6236366723475466,1.62,1.62,1.6254590524920214,1.7576361121140296,1.6443447072444592,0,0,19900,20170,0,0,0,0,NaN,NaN,84.76767997697358,NaN,NaN,NaN,1.6560238012171768,1.6408700681349353,NaN,NaN,NaN,NaN,NaN,NaN,NaN,NaN,NaN,NaN,1,0,0,0,0,NaN,NaN,84.76767997697358,NaN,NaN,NaN,1.6560238012171768,1.6408700681349353,NaN,NaN,NaN,NaN,NaN,NaN,NaN,NaN,NaN,NaN,1
2024-08-01T14:17:00-04:00,1.6218183361737735,1.64,1.6218183361737735,1.64,1.6281028611298356,1.7558401409367161,1.6442055875760488,0,0,19900,20171,0,0,0,0,NaN,NaN,84.50405608732386,NaN,NaN,NaN,1.6560238012171768,1.6408700681349353,NaN,NaN,NaN,NaN,NaN,NaN,NaN,NaN,NaN,NaN,1,0,0,0,0,NaN,NaN,84.50405608732386,NaN,NaN,NaN,1.6560238012171768,1.6408700681349353,NaN,NaN,NaN,NaN,NaN,NaN,NaN,NaN,NaN,NaN,1
2024-08-01T14:25:00-04:00,1.6309091680868866,1.6399,1.6309091680868866,1.6399,1.6302477954698655,1.7540700624491328,1.6441565210509657,0,0,19900,20172,0,0,0,0,NaN,NaN,84.11386174062801,NaN,NaN,NaN,1.6560238012171768,1.6408700681349353,NaN,NaN,NaN,NaN,NaN,NaN,NaN,NaN,NaN,NaN,1,0,0,0,0,NaN,NaN,84.11386174062801,NaN,NaN,NaN,1.6560238012171768,1.6408700681349353,NaN,NaN,NaN,NaN,NaN,NaN,NaN,NaN,NaN,NaN,1
2024-08-01T15:36:00-04:00,1.6354045840434432,1.65,1.6354045840434432,1.645,1.6329300144753445,1.7524048706560162,1.6441824025774778,0,0,19900,20173,0,0,0,0,NaN,NaN,83.15694051197778,NaN,NaN,NaN,1.6560238012171768,1.6408700681349353,NaN,NaN,NaN,NaN,NaN,NaN,NaN,NaN,NaN,NaN,1,0,0,0,0,NaN,NaN,83.15694051197778,NaN,NaN,NaN,1.6560238012171768,1.6408700681349353,NaN,NaN,NaN,NaN,NaN,NaN,NaN,NaN,NaN,NaN,1
2024-08-01T15:37:00-04:00,1.6402022920217216,1.675,1.6402022920217216,1.675,1.6405791027525545,1.7512231169055428,1.6443983698964049,0,0,19900,20174,0,0,0,0,NaN,NaN,80.89974387995599,NaN,NaN,NaN,1.6560238012171768,1.651275,NaN,NaN,NaN,NaN,NaN,NaN,NaN,NaN,NaN,NaN,1,0,0,0,0,NaN,NaN,80.89974387995599,NaN,NaN,NaN,1.6560238012171768,1.651275,NaN,NaN,NaN,NaN,NaN,NaN,NaN,NaN,NaN,NaN,1
2024-08-01T15:39:00-04:00,1.6576011460108608,1.6576011460108608,1.6,1.62,1.6368374477066354,1.7492197105405727,1.6415790260860192,0,0,19900,20175,0,0,0,0,NaN,NaN,80.5841300708354,NaN,NaN,NaN,1.6560238012171768,1.646675,NaN,NaN,NaN,NaN,NaN,NaN,NaN,NaN,NaN,NaN,1,0,0,0,0,NaN,NaN,80.5841300708354,NaN,NaN,NaN,1.6560238012171768,1.646675,NaN,NaN,NaN,NaN,NaN,NaN,NaN,NaN,NaN,NaN,1
2024-08-01T15:59:00-04:00,1.6388005730054305,1.69,1.6388005730054305,1.6849999999999998,1.645594275396338,1.7482392569445333,1.6422268250597294,0,0,19900,20176,0,0,0,0,NaN,NaN,77.56167259366175,NaN,NaN,NaN,1.6560238012171768,1.653475,NaN,NaN,NaN,NaN,NaN,NaN,NaN,NaN,NaN,NaN,1,0,0,0,0,NaN,NaN,77.56167259366175,NaN,NaN,NaN,1.6560238012171768,1.653475,NaN,NaN,NaN,NaN,NaN,NaN,NaN,NaN,NaN,NaN,1
2024-08-01T16:52:00-04:00,1.661900286502715,1.7,1.661900286502715,1.7,1.6554862253242766,1.7475027797392733,1.6425319382096648,0,0,19900,20177,0,0,0,0,NaN,NaN,73.23308062378294,NaN,NaN,NaN,1.6560238012171768,1.66214575,NaN,NaN,NaN,NaN,NaN,NaN,NaN,NaN,NaN,NaN,1,0,0,0,0,NaN,NaN,73.23308062378294,NaN,NaN,NaN,1.6560238012171768,1.66214575,NaN,NaN,NaN,NaN,NaN,NaN,NaN,NaN,NaN,NaN,1
2024-08-01T18:47:00-04:00,1.6809501432513576,1.6809501432513576,1.62,1.62,1.6490341843562264,1.7455561724150095,1.642296433237523,0,0,19900,20178,0,0,0,0,NaN,NaN,72.79148590323103,NaN,NaN,NaN,1.6560238012171768,1.6576,NaN,NaN,NaN,NaN,NaN,NaN,NaN,NaN,NaN,NaN,1,0,0,0,0,NaN,NaN,72.79148590323103,NaN,NaN,NaN,1.6560238012171768,1.6576,NaN,NaN,NaN,NaN,NaN,NaN,NaN,NaN,NaN,NaN,1
2024-08-02T09:06:00-04:00,1.6504750716256789,1.6504750716256789,1.59,1.59,1.638300696291458,1.7431812690193604,1.59,0,0,19900,20179,0,0,0,0,NaN,NaN,72.75975823925556,NaN,NaN,NaN,1.6560238012171768,1.641022,NaN,NaN,NaN,NaN,NaN,NaN,NaN,NaN,NaN,NaN,1,0,0,0,0,NaN,NaN,72.75975823925556,NaN,NaN,NaN,1.6560238012171768,1.641022,NaN,NaN,NaN,NaN,NaN,NaN,NaN,NaN,NaN,NaN,1
2024-08-02T09:07:00-04:00,1.6202375358128394,1.6202375358128394,1.58,1.58,1.6277005696930111,1.7406899519350953,1.5825773195876287,0,1,19900,20180,0,0,0,0,NaN,NaN,72.8751907551412,NaN,NaN,NaN,1.6560238012171768,1.6326606799999999,NaN,NaN,NaN,NaN,NaN,NaN,NaN,NaN,NaN,NaN,1,0,0,0,0,NaN,NaN,72.8751907551412,NaN,NaN,NaN,1.6560238012171768,1.6326606799999999,NaN,NaN,NaN,NaN,NaN,NaN,NaN,NaN,NaN,NaN,1
2024-08-02T09:15:00-04:00,1.6001187679064197,1.6001187679064197,1.58,1.58,1.6190277388397365,1.7382366702261627,1.5818587360594796,0,0,19900,20181,0,0,0,0,NaN,NaN,72.87096741102351,NaN,NaN,NaN,1.6560238012171768,1.6326606799999999,NaN,NaN,NaN,NaN,NaN,NaN,NaN,NaN,NaN,NaN,1,0,0,0,0,NaN,NaN,72.87096741102351,NaN,NaN,NaN,1.6560238012171768,1.6326606799999999,NaN,NaN,NaN,NaN,NaN,NaN,NaN,NaN,NaN,NaN,1
2024-08-02T09:18:00-04:00,1.5900593839532098,1.5900593839532098,1.55,1.55,1.6064772408688752,1.7353628279326334,1.5768652037617554,0,0,19900,20182,0,0,0,0,NaN,NaN,72.72109389317288,NaN,NaN,NaN,1.6560238012171768,1.6115712188,NaN,NaN,NaN,NaN,NaN,NaN,NaN,NaN,NaN,NaN,1,0,0,0,0,NaN,NaN,72.72109389317288,NaN,NaN,NaN,1.6560238012171768,1.6115712188,NaN,NaN,NaN,NaN,NaN,NaN,NaN,NaN,NaN,NaN,1
2024-08-02T09:22:00-04:00,1.5700296919766048,1.5700296919766048,1.55,1.55,1.596208651619989,1.7325328610939672,1.5732249322493224,0,0,19900,20183,0,0,0,0,NaN,NaN,72.67610790383992,NaN,NaN,NaN,1.640116495138835,1.6115712188,NaN,NaN,NaN,NaN,NaN,NaN,NaN,NaN,NaN,NaN,1,0,0,0,0,NaN,NaN,72.67610790383992,NaN,NaN,NaN,1.640116495138835,1.6115712188,NaN,NaN,NaN,NaN,NaN,NaN,NaN,NaN,NaN,NaN,1
2024-08-02T09:32:00-04:00,1.5600148459883023,1.5857,1.5600148459883023,1.5857,1.594297987689082,1.7302911380238304,1.5747136038186156,0,0,19900,20184,0,0,0,0,NaN,NaN,72.64872406192319,NaN,NaN,NaN,1.6323535183149938,1.6115712188,NaN,NaN,NaN,NaN,NaN,NaN,NaN,NaN,NaN,NaN,1,0,0,0,0,NaN,NaN,72.64872406192319,NaN,NaN,NaN,1.6323535183149938,1.6115712188,NaN,NaN,NaN,NaN,NaN,NaN,NaN,NaN,NaN,NaN,1
2024-08-02T09:38:00-04:00,1.5728574229941512,1.6007,1.5728574229941512,1.5930499999999999,1.5940710808365215,1.7281958534738482,1.5834762305295949,0,0,19900,20185,0,0,0,0,NaN,NaN,72.47949700624315,NaN,NaN,NaN,1.6323535183149938,1.6115712188,NaN,NaN,NaN,NaN,NaN,NaN,NaN,NaN,NaN,NaN,1,0,0,0,0,NaN,NaN,72.47949700624315,NaN,NaN,NaN,1.6323535183149938,1.6115712188,NaN,NaN,NaN,NaN,NaN,NaN,NaN,NaN,NaN,NaN,1
2024-08-02T09:44:00-04:00,1.5829537114970755,1.61,1.5829537114970755,1.61,1.596967247957154,1.7263913366269192,1.5867246309458718,0,0,19900,20186,0,0,0,0,NaN,NaN,72.04225069361496,NaN,NaN,NaN,1.6323535183149938,1.6115712188,NaN,NaN,NaN,NaN,NaN,NaN,NaN,NaN,NaN,NaN,1,0,0,0,0,NaN,NaN,72.04225069361496,NaN,NaN,NaN,1.6323535183149938,1.6115712188,NaN,NaN,NaN,NaN,NaN,NaN,NaN,NaN,NaN,NaN,1
2024-08-02T10:06:00-04:00,1.5964768557485378,1.5964768557485378,1.5814,1.5814,1.5941368392376714,1.7241777284341417,1.5857515415549597,0,0,19900,20187,0,0,0,0,NaN,NaN,73.15650391649062,NaN,NaN,NaN,1.6323535183149938,1.6115712188,NaN,NaN,NaN,NaN,NaN,NaN,NaN,NaN,NaN,NaN,1,0,0,0,0,NaN,NaN,73.15650391649062,NaN,NaN,NaN,1.6323535183149938,1.6115712188,NaN,NaN,NaN,NaN,NaN,NaN,NaN,NaN,NaN,NaN,1
2024-08-02T10:18:00-04:00,1.5889384278742689,1.61,1.5889384278742689,1.61,1.5970210502853674,1.7224345570076662,1.5867886869118903,0,0,19900,20188,0,0,0,0,NaN,NaN,72.74459818752476,NaN,NaN,NaN,1.6323535183149938,1.6115712188,NaN,NaN,NaN,NaN,NaN,NaN,NaN,NaN,NaN,NaN,1,0,0,0,0,NaN,NaN,72.74459818752476,NaN,NaN,NaN,1.6323535183149938,1.6115712188,NaN,NaN,NaN,NaN,NaN,NaN,NaN,NaN,NaN,NaN,1
2024-08-02T10:23:00-04:00,1.5994692139371345,1.64,1.5994692139371345,1.64,1.604835404778937,1.7211760141525874,1.5889712674323215,0,0,19900,20189,0,0,0,0,NaN,NaN,71.44944687587495,NaN,NaN,NaN,1.6323535183149938,1.6115712188,NaN,NaN,NaN,NaN,NaN,NaN,NaN,NaN,NaN,NaN,1,0,0,0,0,NaN,NaN,71.44944687587495,NaN,NaN,NaN,1.6323535183149938,1.6115712188,NaN,NaN,NaN,NaN,NaN,NaN,NaN,NaN,NaN,NaN,1
2024-08-02T10:56:00-04:00,1.6197346069685672,1.6197346069685672,1.59,1.59005,1.602147149364585,1.719174090272395,1.58910668938307,0,0,19900,20190,0,0,0,0,NaN,NaN,72.30769109162839,NaN,NaN,NaN,1.6323535183149938,1.6115712188,NaN,NaN,NaN,NaN,NaN,NaN,NaN,NaN,NaN,NaN,1,0,0,0,0,NaN,NaN,72.30769109162839,NaN,NaN,NaN,1.6323535183149938,1.6115712188,NaN,NaN,NaN,NaN,NaN,NaN,NaN,NaN,NaN,NaN,1
2024-08-02T11:04:00-04:00,1.6048923034842835,1.6048923034842835,1.598,1.598,1.6013931222073876,1.7173241041613663,1.5900223455598452,0,0,19900,20191,0,0,0,0,NaN,NaN,73.5149854740033,NaN,NaN,NaN,1.6323535183149938,1.6115712188,NaN,NaN,NaN,NaN,NaN,NaN,NaN,NaN,NaN,NaN,1,0,0,0,0,NaN,NaN,73.5149854740033,NaN,NaN,NaN,1.6323535183149938,1.6115712188,NaN,NaN,NaN,NaN,NaN,NaN,NaN,NaN,NaN,NaN,1
2024-08-02T11:11:00-04:00,1.6014461517421417,1.6014461517421417,1.5902,1.5902,1.5993580090787718,1.7153832781436356,1.5900305248618782,0,0,19900,20192,0,0,0,0,NaN,NaN,74.11167017934942,NaN,NaN,NaN,1.6323535183149938,1.6115712188,NaN,NaN,NaN,NaN,NaN,NaN,NaN,NaN,NaN,NaN,1,0,0,0,0,NaN,NaN,74.11167017934942,NaN,NaN,NaN,1.6323535183149938,1.6115712188,NaN,NaN,NaN,NaN,NaN,NaN,NaN,NaN,NaN,NaN,1
2024-08-02T11:13:00-04:00,1.595823075871071,1.61,1.595823075871071,1.61,1.601292916518995,1.713774373133809,1.5906252084574148,0,0,19900,20193,0,0,0,0,NaN,NaN,74.62995924630772,NaN,NaN,NaN,1.6323535183149938,1.6115712188,NaN,NaN,NaN,NaN,NaN,NaN,NaN,NaN,NaN,NaN,1,0,0,0,0,NaN,NaN,74.62995924630772,NaN,NaN,NaN,1.6323535183149938,1.6115712188,NaN,NaN,NaN,NaN,NaN,NaN,NaN,NaN,NaN,NaN,1
2024-08-02T11:16:00-04:00,1.6029115379355354,1.61,1.6029115379355354,1.61,1.6028760226064505,1.712190031559247,1.5947953844356157,0,0,19900,20194,0,0,0,0,NaN,NaN,74.59166146949805,NaN,NaN,NaN,1.6323535183149938,1.6115712188,NaN,NaN,NaN,NaN,NaN,NaN,NaN,NaN,NaN,NaN,1,0,0,0,0,NaN,NaN,74.59166146949805,NaN,NaN,NaN,1.6323535183149938,1.6115712188,NaN,NaN,NaN,NaN,NaN,NaN,NaN,NaN,NaN,NaN,1
2024-08-02T11:28:00-04:00,1.6064557689677676,1.6064557689677676,1.5813,1.5813,1.5989531094052776,1.7101917104667395,1.5944212792547148,0,0,19900,20195,0,0,0,0,NaN,NaN,75.00524124698667,NaN,NaN,NaN,1.6323535183149938,1.6115712188,NaN,NaN,NaN,NaN,NaN,NaN,NaN,NaN,NaN,NaN,1,0,0,0,0,NaN,NaN,75.00524124698667,NaN,NaN,NaN,1.6323535183149938,1.6115712188,NaN,NaN,NaN,NaN,NaN,NaN,NaN,NaN,NaN,NaN,1
2024-08-02T11:36:00-04:00,1.593877884483884,1.593877884483884,1.5877,1.5877,1.596907089513409,1.7083216080168655,1.5939524519129147,0,0,19900,20196,0,0,0,0,NaN,NaN,75.13682687547806,NaN,NaN,NaN,1.6323535183149938,1.6115712188,NaN,NaN,NaN,NaN,NaN,NaN,NaN,NaN,NaN,NaN,1,0,0,0,0,NaN,NaN,75.13682687547806,NaN,NaN,NaN,1.6323535183149938,1.6115712188,NaN,NaN,NaN,NaN,NaN,NaN,NaN,NaN,NaN,NaN,1
2024-08-02T11:40:00-04:00,1.590788942241942,1.6223,1.587,1.60465,1.5983148914200618,1.7067388353753867,1.59515645282311,0,0,19900,20197,0,0,0,0,NaN,NaN,74.35363214396841,NaN,NaN,NaN,1.6323535183149938,1.6115712188,NaN,NaN,NaN,NaN,NaN,NaN,NaN,NaN,NaN,NaN,1,0,0,0,0,NaN,NaN,74.35363214396841,NaN,NaN,NaN,1.6323535183149938,1.6115712188,NaN,NaN,NaN,NaN,NaN,NaN,NaN,NaN,NaN,NaN,1
2024-08-02T12:05:00-04:00,1.5977194711209708,1.6171,1.5977194711209708,1.6171,1.6017303657073232,1.7053703035375947,1.5960450953923684,0,0,19900,20198,0,0,0,0,NaN,NaN,73.4163471938744,NaN,NaN,NaN,1.6323535183149938,1.6115712188,NaN,NaN,NaN,NaN,NaN,NaN,NaN,NaN,NaN,NaN,1,0,0,0,0,NaN,NaN,73.4163471938744,NaN,NaN,NaN,1.6323535183149938,1.6115712188,NaN,NaN,NaN,NaN,NaN,NaN,NaN,NaN,NaN,NaN,1
2024-08-02T13:22:00-04:00,1.6074097355604855,1.62,1.6074097355604855,1.62,1.6050521173969008,1.704066940124807,1.5964686262376235,0,0,19900,20199,0,0,0,0,NaN,NaN,71.8895843824271,NaN,NaN,NaN,1.6323535183149938,1.6115712188,NaN,NaN,NaN,NaN,NaN,NaN,NaN,NaN,NaN,NaN,1,0,0,0,0,NaN,NaN,71.8895843824271,NaN,NaN,NaN,1.6323535183149938,1.6115712188,NaN,NaN,NaN,NaN,NaN,NaN,NaN,NaN,NaN,NaN,1
2024-08-02T14:38:00-04:00,1.6137048677802428,1.6137048677802428,1.595,1.595,1.6032244596883733,1.702401796000764,1.5963341712174748,0,0,19900,20200,0,0,0,0,NaN,NaN,71.1295413630545,NaN,NaN,NaN,1.6323535183149938,1.6115712188,NaN,NaN,NaN,NaN,NaN,NaN,NaN,NaN,NaN,NaN,1,0,0,0,0,NaN,NaN,71.1295413630545,NaN,NaN,NaN,1.6323535183149938,1.6115712188,NaN,NaN,NaN,NaN,NaN,NaN,NaN,NaN,NaN,NaN,1
2024-08-02T14:58:00-04:00,1.6043524338901214,1.62,1.6043524338901214,1.62,1.606274557926851,1.7011437533137295,1.5967082753714825,0,0,19900,20201,0,0,0,0,NaN,NaN,68.91232753295354,NaN,NaN,NaN,1.6323535183149938,1.6115712188,NaN,NaN,NaN,NaN,NaN,NaN,NaN,NaN,NaN,NaN,1,0,0,0,0,NaN,NaN,68.91232753295354,NaN,NaN,NaN,1.6323535183149938,1.6115712188,NaN,NaN,NaN,NaN,NaN,NaN,NaN,NaN,NaN,NaN,1
2024-08-02T15:04:00-04:00,1.6121762169450609,1.6121762169450609,1.595,1.595,1.604224638303787,1.6995232379959626,1.59665592246399,0,0,19900,20202,0,0,0,0,NaN,NaN,67.6837107321546,NaN,NaN,NaN,1.6323535183149938,1.6115712188,NaN,NaN,NaN,NaN,NaN,NaN,NaN,NaN,NaN,NaN,1,0,0,0,0,NaN,NaN,67.6837107321546,NaN,NaN,NaN,1.6323535183149938,1.6115712188,NaN,NaN,NaN,NaN,NaN,NaN,NaN,NaN,NaN,NaN,1
2024-08-02T15:28:00-04:00,1.6035881084725303,1.6035881084725303,1.58,1.58,1.5998201586121894,1.6976984557364823,1.596046139651609,0,0,19900,20203,0,0,0,0,NaN,NaN,66.99472476086041,NaN,NaN,NaN,1.6323535183149938,1.6115712188,NaN,NaN,NaN,NaN,NaN,NaN,NaN,NaN,NaN,NaN,1,0,0,0,0,NaN,NaN,66.99472476086041,NaN,NaN,NaN,1.6323535183149938,1.6115712188,NaN,NaN,NaN,NaN,NaN,NaN,NaN,NaN,NaN,NaN,1
2024-08-02T15:34:00-04:00,1.5917940542362652,1.5917940542362652,1.58,1.585,1.5971255843190642,1.6959778686260016,1.5925704724807768,0,1,19900,20204,0,0,0,0,NaN,NaN,66.0541506373974,NaN,NaN,NaN,1.6323535183149938,1.6115712188,NaN,NaN,NaN,NaN,NaN,NaN,NaN,NaN,NaN,NaN,1,0,0,0,0,NaN,NaN,66.0541506373974,NaN,NaN,NaN,1.6323535183149938,1.6115712188,NaN,NaN,NaN,NaN,NaN,NaN,NaN,NaN,NaN,NaN,1
2024-08-02T15:42:00-04:00,1.5883970271181327,1.5883970271181327,1.58,1.58,1.594011841715598,1.6942072141431619,1.5922603660943357,0,0,19900,20205,0,0,0,0,NaN,NaN,65.22201890299371,NaN,NaN,NaN,1.6323535183149938,1.6115712188,NaN,NaN,NaN,NaN,NaN,NaN,NaN,NaN,NaN,NaN,1,0,0,0,0,NaN,NaN,65.22201890299371,NaN,NaN,NaN,1.6323535183149938,1.6115712188,NaN,NaN,NaN,NaN,NaN,NaN,NaN,NaN,NaN,NaN,1
2024-08-02T15:45:00-04:00,1.5841985135590664,1.5841985135590664,1.55,1.55,1.5860096886763984,1.6920055772860143,1.5902657531026698,0,0,19900,20206,0,0,0,0,NaN,NaN,65.0878918044703,NaN,NaN,NaN,1.6323535183149938,1.6115712188,NaN,NaN,NaN,NaN,NaN,NaN,NaN,NaN,NaN,NaN,1,0,0,0,0,NaN,NaN,65.0878918044703,NaN,NaN,NaN,1.6323535183149938,1.6115712188,NaN,NaN,NaN,NaN,NaN,NaN,NaN,NaN,NaN,NaN,1
2024-08-02T15:48:00-04:00,1.5670992567795332,1.58,1.562,1.5710000000000002,1.5832806543715987,1.6901581638923346,1.5898319593787333,0,0,19900,20207,0,0,0,0,NaN,NaN,64.45565577452076,NaN,NaN,NaN,1.6323535183149938,1.6115712188,NaN,NaN,NaN,NaN,NaN,NaN,NaN,NaN,NaN,NaN,1,0,0,0,0,NaN,NaN,64.45565577452076,NaN,NaN,NaN,1.6323535183149938,1.6115712188,NaN,NaN,NaN,NaN,NaN,NaN,NaN,NaN,NaN,NaN,1
2024-08-02T15:57:00-04:00,1.5690496283897666,1.58,1.5690496283897666,1.58,1.5826841717585807,1.688476359863444,1.5897424232765682,0,0,19900,20208,0,0,0,0,NaN,NaN,63.44909961815388,NaN,NaN,NaN,1.6323535183149938,1.6115712188,NaN,NaN,NaN,NaN,NaN,NaN,NaN,NaN,NaN,NaN,1,0,0,0,0,NaN,NaN,63.44909961815388,NaN,NaN,NaN,1.6323535183149938,1.6115712188,NaN,NaN,NaN,NaN,NaN,NaN,NaN,NaN,NaN,NaN,1
2024-08-02T15:58:00-04:00,1.5745248141948833,1.58,1.5745248141948833,1.58,1.5821961405297478,1.686820232231941,1.5896545032036817,0,0,19900,20209,0,0,0,0,NaN,NaN,62.37170688382776,NaN,NaN,NaN,1.6323535183149938,1.6115712188,NaN,NaN,NaN,NaN,NaN,NaN,NaN,NaN,NaN,NaN,1,0,0,0,0,NaN,NaN,62.37170688382776,NaN,NaN,NaN,1.6323535183149938,1.6115712188,NaN,NaN,NaN,NaN,NaN,NaN,NaN,NaN,NaN,NaN,1
2024-08-02T15:59:00-04:00,1.5772624070974417,1.585,1.57,1.5775000000000001,1.5813422967970663,1.6851512210528274,1.5887687458165993,0,0,19900,20210,0,0,0,0,NaN,NaN,61.36258036354687,NaN,NaN,NaN,1.6323535183149938,1.6115712188,NaN,NaN,NaN,NaN,NaN,NaN,NaN,NaN,NaN,NaN,1,0,0,0,0,NaN,NaN,61.36258036354687,NaN,NaN,NaN,1.6323535183149938,1.6115712188,NaN,NaN,NaN,NaN,NaN,NaN,NaN,NaN,NaN,NaN,1
2024-08-02T16:54:00-04:00,1.577381203548721,1.69,1.577381203548721,1.685,1.6001891519248723,1.6851489123344636,1.59165833874371,0,0,19900,20211,0,0,0,0,NaN,NaN,51.03349788795396,NaN,NaN,NaN,1.6323535183149938,1.6256,NaN,NaN,NaN,NaN,NaN,NaN,NaN,NaN,NaN,NaN,1,0,0,0,0,NaN,NaN,51.03349788795396,NaN,NaN,NaN,1.6323535183149938,1.6256,NaN,NaN,NaN,NaN,NaN,NaN,NaN,NaN,NaN,NaN,1
2024-08-02T18:47:00-04:00,1.6311906017743605,1.64,1.6311906017743605,1.64,1.607427487938532,1.684459615962945,1.5920475004025114,0,0,19900,20212,0,0,0,0,NaN,NaN,45.70748427369592,NaN,NaN,NaN,1.6323535183149938,1.6256,NaN,NaN,NaN,NaN,NaN,NaN,NaN,NaN,NaN,NaN,1,0,0,0,0,NaN,NaN,45.70748427369592,NaN,NaN,NaN,1.6323535183149938,1.6256,NaN,NaN,NaN,NaN,NaN,NaN,NaN,NaN,NaN,NaN,1
2024-08-05T08:00:00-04:00,1.6355953008871802,1.6355953008871802,1.52,1.52,1.591531581040617,1.6819487821314496,1.52,0,0,19900,20213,0,0,0,0,NaN,NaN,45.873842205422406,NaN,NaN,NaN,1.6323535183149938,1.600025,NaN,NaN,NaN,NaN,NaN,NaN,NaN,NaN,NaN,NaN,1,0,0,0,0,NaN,NaN,45.873842205422406,NaN,NaN,NaN,1.6323535183149938,1.600025,NaN,NaN,NaN,NaN,NaN,NaN,NaN,NaN,NaN,NaN,1
2024-08-05T08:11:00-04:00,1.57779765044359,1.57779765044359,1.5312,1.5312,1.5805622026695958,1.6796472740073054,1.5207353906762968,0,0,19900,20214,0,0,0,0,NaN,NaN,45.7761294470582,NaN,NaN,NaN,1.6323535183149938,1.600025,NaN,NaN,NaN,NaN,NaN,NaN,NaN,NaN,NaN,NaN,1,0,0,0,0,NaN,NaN,45.7761294470582,NaN,NaN,NaN,1.6323535183149938,1.600025,NaN,NaN,NaN,NaN,NaN,NaN,NaN,NaN,NaN,NaN,1
2024-08-05T08:36:00-04:00,1.554498825221795,1.554498825221795,1.54,1.54,1.5731872567296692,1.6775152545568122,1.5220330679730558,0,0,19900,20215,0,0,0,0,NaN,NaN,45.55574570863521,NaN,NaN,NaN,1.6323535183149938,1.600025,NaN,NaN,NaN,NaN,NaN,NaN,NaN,NaN,NaN,NaN,1,0,0,0,0,NaN,NaN,45.55574570863521,NaN,NaN,NaN,1.6323535183149938,1.600025,NaN,NaN,NaN,NaN,NaN,NaN,NaN,NaN,NaN,NaN,1
2024-08-05T09:03:00-04:00,1.5472494126108975,1.5472494126108975,1.54,1.54,1.5671532100515475,1.6754157850215936,1.5236180904522614,0,0,19900,20216,0,0,0,0,NaN,NaN,45.39925142266418,NaN,NaN,NaN,1.6113787513863311,1.600025,NaN,NaN,NaN,NaN,NaN,NaN,NaN,NaN,NaN,NaN,1,0,0,0,0,NaN,NaN,45.39925142266418,NaN,NaN,NaN,1.6113787513863311,1.600025,NaN,NaN,NaN,NaN,NaN,NaN,NaN,NaN,NaN,NaN,1
2024-08-05T09:30:00-04:00,1.5436247063054487,1.5436247063054487,1.53,1.53,1.560398080951266,1.6731956967006532,1.5256589441701482,0,0,19900,20217,0,0,0,0,NaN,NaN,45.359980057832814,NaN,NaN,NaN,1.577428957000422,1.600025,NaN,NaN,NaN,NaN,NaN,NaN,NaN,NaN,NaN,NaN,1,0,0,0,0,NaN,NaN,45.359980057832814,NaN,NaN,NaN,1.577428957000422,1.600025,NaN,NaN,NaN,NaN,NaN,NaN,NaN,NaN,NaN,NaN,1
2024-08-05T09:31:00-04:00,1.5368123531527242,1.5368123531527242,1.53,1.53,1.554871157141945,1.671009502857895,1.526118845500849,0,0,19900,20218,0,0,0,0,NaN,NaN,45.244281853999304,NaN,NaN,NaN,1.5772514203055068,1.600025,NaN,NaN,NaN,NaN,NaN,NaN,NaN,NaN,NaN,NaN,1,0,0,0,0,NaN,NaN,45.244281853999304,NaN,NaN,NaN,1.5772514203055068,1.600025,NaN,NaN,NaN,NaN,NaN,NaN,NaN,NaN,NaN,NaN,1
2024-08-05T09:32:00-04:00,1.5334061765763622,1.5367,1.5334061765763622,1.5367,1.551567310388864,1.6689589760967058,1.526549674267101,0,0,19900,20219,0,0,0,0,NaN,NaN,45.16640722656257,NaN,NaN,NaN,1.5772514203055068,1.600025,NaN,NaN,NaN,NaN,NaN,NaN,NaN,NaN,NaN,NaN,1,0,0,0,0,NaN,NaN,45.16640722656257,NaN,NaN,NaN,1.5772514203055068,1.600025,NaN,NaN,NaN,NaN,NaN,NaN,NaN,NaN,NaN,NaN,1
2024-08-05T09:34:00-04:00,1.5350530882881812,1.5350530882881812,1.53,1.53,1.5476459812272525,1.66683746501126,1.5272579601346103,0,0,19900,20220,0,0,0,0,NaN,NaN,45.26721337677591,NaN,NaN,NaN,1.5772514203055068,1.600025,NaN,NaN,NaN,NaN,NaN,NaN,NaN,NaN,NaN,NaN,1,0,0,0,0,NaN,NaN,45.26721337677591,NaN,NaN,NaN,1.5772514203055068,1.600025,NaN,NaN,NaN,NaN,NaN,NaN,NaN,NaN,NaN,NaN,1
2024-08-05T09:51:00-04:00,1.5325265441440905,1.5325265441440905,1.53,1.53,1.5444376210041157,1.6647483434080348,1.5277923092955399,0,0,19900,20221,0,0,0,0,NaN,NaN,45.27059429296473,NaN,NaN,NaN,1.5772514203055068,1.600025,NaN,NaN,NaN,NaN,NaN,NaN,NaN,NaN,NaN,NaN,1,0,0,0,0,NaN,NaN,45.27059429296473,NaN,NaN,NaN,1.5772514203055068,1.600025,NaN,NaN,NaN,NaN,NaN,NaN,NaN,NaN,NaN,NaN,1
2024-08-05T09:58:00-04:00,1.5312632720720454,1.5385,1.5312632720720454,1.5385,1.543358053548822,1.6628208877834847,1.528010922825643,0,0,19900,20222,0,0,0,0,NaN,NaN,44.650861224496516,NaN,NaN,NaN,1.5772514203055068,1.600025,NaN,NaN,NaN,NaN,NaN,NaN,NaN,NaN,NaN,NaN,1,0,0,0,0,NaN,NaN,44.650861224496516,NaN,NaN,NaN,1.5772514203055068,1.600025,NaN,NaN,NaN,NaN,NaN,NaN,NaN,NaN,NaN,NaN,1
2024-08-05T10:00:00-04:00,1.5348816360360227,1.5348816360360227,1.525,1.525,1.5400202256308544,1.6607167520921338,1.5277320303816229,0,0,19900,20223,0,0,0,0,NaN,NaN,44.74706447013788,NaN,NaN,NaN,1.5772514203055068,1.600025,NaN,NaN,NaN,NaN,NaN,NaN,NaN,NaN,NaN,NaN,1,0,0,0,0,NaN,NaN,44.74706447013788,NaN,NaN,NaN,1.5772514203055068,1.600025,NaN,NaN,NaN,NaN,NaN,NaN,NaN,NaN,NaN,NaN,1
2024-08-05T10:22:00-04:00,1.5299408180180114,1.5299408180180114,1.52,1.52,1.5363801846070626,1.6585684047319484,1.5275913968715897,0,0,19900,20224,0,0,0,0,NaN,NaN,45.60016823967026,NaN,NaN,NaN,1.5772514203055068,1.600025,NaN,NaN,NaN,NaN,NaN,NaN,NaN,NaN,NaN,NaN,1,0,0,0,0,NaN,NaN,45.60016823967026,NaN,NaN,NaN,1.5772514203055068,1.600025,NaN,NaN,NaN,NaN,NaN,NaN,NaN,NaN,NaN,NaN,1
2024-08-05T10:23:00-04:00,1.5249704090090057,1.5249704090090057,1.51,1.51,1.5315837874057785,1.6563001848123766,1.5272771525544837,0,1,19900,20225,0,0,0,0,NaN,NaN,46.51421011973436,NaN,NaN,NaN,1.5772514203055068,1.59247425,NaN,NaN,NaN,NaN,NaN,NaN,NaN,NaN,NaN,NaN,1,0,0,0,0,NaN,NaN,46.51421011973436,NaN,NaN,NaN,1.5772514203055068,1.59247425,NaN,NaN,NaN,NaN,NaN,NaN,NaN,NaN,NaN,NaN,1
2024-08-05T10:44:00-04:00,1.5174852045045029,1.52,1.5174852045045029,1.52,1.5294776442410916,1.6542192659602792,1.5271494383994384,0,0,19900,20226,0,0,0,0,NaN,NaN,47.79053856237977,NaN,NaN,NaN,1.5772514203055068,1.59247425,NaN,NaN,NaN,NaN,NaN,NaN,NaN,NaN,NaN,NaN,1,0,0,0,0,NaN,NaN,47.79053856237977,NaN,NaN,NaN,1.5772514203055068,1.59247425,NaN,NaN,NaN,NaN,NaN,NaN,NaN,NaN,NaN,NaN,1
2024-08-05T10:45:00-04:00,1.5187426022522514,1.5281,1.5187426022522514,1.5281,1.529227163469984,1.6522937809837863,1.5272261213294611,0,0,19900,20227,0,0,0,0,NaN,NaN,48.502155326751165,NaN,NaN,NaN,1.5772514203055068,1.59247425,NaN,NaN,NaN,NaN,NaN,NaN,NaN,NaN,NaN,NaN,1,0,0,0,0,NaN,NaN,48.502155326751165,NaN,NaN,NaN,1.5772514203055068,1.59247425,NaN,NaN,NaN,NaN,NaN,NaN,NaN,NaN,NaN,NaN,1
2024-08-05T10:46:00-04:00,1.5234213011261257,1.5234213011261257,1.5001,1.5001,1.5239313155663505,1.6499702118084614,1.5261743951612903,0,1,19900,20228,0,0,0,0,NaN,NaN,50.69710812583341,NaN,NaN,NaN,1.5772514203055068,1.582278795,NaN,NaN,NaN,NaN,NaN,NaN,NaN,NaN,NaN,NaN,1,0,0,0,0,NaN,NaN,50.69710812583341,NaN,NaN,NaN,1.5772514203055068,1.582278795,NaN,NaN,NaN,NaN,NaN,NaN,NaN,NaN,NaN,NaN,1
2024-08-05T10:48:00-04:00,1.5117606505630627,1.5117606505630627,1.5,1.5,1.5195801672815594,1.6476805902541338,1.5253869584837543,0,0,19900,20229,0,0,0,0,NaN,NaN,52.78145817739044,NaN,NaN,NaN,1.5772514203055068,1.57482820345,NaN,NaN,NaN,NaN,NaN,NaN,NaN,NaN,NaN,NaN,1,0,0,0,0,NaN,NaN,52.78145817739044,NaN,NaN,NaN,1.5772514203055068,1.57482820345,NaN,NaN,NaN,NaN,NaN,NaN,NaN,NaN,NaN,NaN,1
2024-08-05T10:49:00-04:00,1.5058803252815314,1.52,1.5,1.5099999999999998,1.5178383186849123,1.645578596509796,1.5218435220562694,0,0,19900,20230,0,0,0,0,NaN,NaN,55.16779472718333,NaN,NaN,NaN,1.5772514203055068,1.57482820345,NaN,NaN,NaN,NaN,NaN,NaN,NaN,NaN,NaN,NaN,1,0,0,0,0,NaN,NaN,55.16779472718333,NaN,NaN,NaN,1.5772514203055068,1.57482820345,NaN,NaN,NaN,NaN,NaN,NaN,NaN,NaN,NaN,NaN,1
2024-08-05T10:51:00-04:00,1.5079401626407656,1.51,1.5079401626407656,1.51,1.51641316983311,1.6435086942730053,1.5216812264474133,0,0,19900,20231,0,0,0,0,NaN,NaN,57.44012564983141,NaN,NaN,NaN,1.5772514203055068,1.57482820345,NaN,NaN,NaN,NaN,NaN,NaN,NaN,NaN,NaN,NaN,1,0,0,0,0,NaN,NaN,57.44012564983141,NaN,NaN,NaN,1.5772514203055068,1.57482820345,NaN,NaN,NaN,NaN,NaN,NaN,NaN,NaN,NaN,NaN,1
2024-08-05T10:57:00-04:00,1.5089700813203828,1.52,1.5089700813203828,1.52,1.5170653207725446,1.6416230653528068,1.5216622445523313,0,0,19900,20232,0,0,0,0,NaN,NaN,59.34076343963659,NaN,NaN,NaN,1.5772514203055068,1.57482820345,NaN,NaN,NaN,NaN,NaN,NaN,NaN,NaN,NaN,NaN,1,0,0,0,0,NaN,NaN,59.34076343963659,NaN,NaN,NaN,1.5772514203055068,1.57482820345,NaN,NaN,NaN,NaN,NaN,NaN,NaN,NaN,NaN,NaN,1
2024-08-05T11:02:00-04:00,1.5144850406601913,1.5227,1.5144850406601913,1.5227,1.5180898079048093,1.6398074460344434,1.5216738305236128,0,0,19900,20233,0,0,0,0,NaN,NaN,61.0472098218207,NaN,NaN,NaN,1.5772514203055068,1.57482820345,NaN,NaN,NaN,NaN,NaN,NaN,NaN,NaN,NaN,NaN,1,0,0,0,0,NaN,NaN,61.0472098218207,NaN,NaN,NaN,1.5772514203055068,1.57482820345,NaN,NaN,NaN,NaN,NaN,NaN,NaN,NaN,NaN,NaN,1
2024-08-05T11:32:00-04:00,1.5185925203300956,1.5399,1.5185925203300956,1.5399,1.5220552973766621,1.6382821415148336,1.5219345768680532,0,0,19900,20234,0,0,0,0,NaN,NaN,61.41377021269561,NaN,NaN,NaN,1.5772514203055068,1.57482820345,NaN,NaN,NaN,NaN,NaN,NaN,NaN,NaN,NaN,NaN,1,0,0,0,0,NaN,NaN,61.41377021269561,NaN,NaN,NaN,1.5772514203055068,1.57482820345,NaN,NaN,NaN,NaN,NaN,NaN,NaN,NaN,NaN,NaN,1
2024-08-05T11:33:00-04:00,1.5292462601650478,1.5292462601650478,1.48,1.4925000000000002,1.5166816069445417,1.636056459964989,1.5208099068585943,0,0,19900,20235,0,0,0,0,NaN,NaN,62.81091798415163,NaN,NaN,NaN,1.5772514203055068,1.561648819036,NaN,NaN,NaN,NaN,NaN,NaN,NaN,NaN,NaN,NaN,1,0,0,0,0,NaN,NaN,62.81091798415163,NaN,NaN,NaN,1.5772514203055068,1.561648819036,NaN,NaN,NaN,NaN,NaN,NaN,NaN,NaN,NaN,NaN,1
2024-08-05T11:41:00-04:00,1.510873130082524,1.53,1.510873130082524,1.53,1.519103132954625,1.6344372773701037,1.5212849543310247,0,0,19900,20236,0,0,0,0,NaN,NaN,62.758529080700434,NaN,NaN,NaN,1.5772514203055068,1.561648819036,NaN,NaN,NaN,NaN,NaN,NaN,NaN,NaN,NaN,NaN,1,0,0,0,0,NaN,NaN,62.758529080700434,NaN,NaN,NaN,1.5772514203055068,1.561648819036,NaN,NaN,NaN,NaN,NaN,NaN,NaN,NaN,NaN,NaN,1
2024-08-05T11:44:00-04:00,1.520436565041262,1.520436565041262,1.5,1.5,1.515629836053784,1.6323847998530028,1.521073437344728,0,0,19900,20237,0,0,0,0,NaN,NaN,64.06588062418584,NaN,NaN,NaN,1.5772514203055068,1.561648819036,NaN,NaN,NaN,NaN,NaN,NaN,NaN,NaN,NaN,NaN,1,0,0,0,0,NaN,NaN,64.06588062418584,NaN,NaN,NaN,1.5772514203055068,1.561648819036,NaN,NaN,NaN,NaN,NaN,NaN,NaN,NaN,NaN,NaN,1
2024-08-05T11:46:00-04:00,1.510218282520631,1.53,1.510218282520631,1.53,1.5182425931349142,1.6308216731376897,1.521161271278166,0,0,19900,20238,0,0,0,0,NaN,NaN,63.669032524559,NaN,NaN,NaN,1.5772514203055068,1.561648819036,NaN,NaN,NaN,NaN,NaN,NaN,NaN,NaN,NaN,NaN,1,0,0,0,0,NaN,NaN,63.669032524559,NaN,NaN,NaN,1.5772514203055068,1.561648819036,NaN,NaN,NaN,NaN,NaN,NaN,NaN,NaN,NaN,NaN,1
2024-08-05T11:49:00-04:00,1.5201091412603156,1.5201091412603156,1.5,1.5,1.5149257580194753,1.6288243956852058,1.520402428612086,0,0,19900,20239,0,0,0,0,NaN,NaN,63.98432998395388,NaN,NaN,NaN,1.5772514203055068,1.561648819036,NaN,NaN,NaN,NaN,NaN,NaN,NaN,NaN,NaN,NaN,1,0,0,0,0,NaN,NaN,63.98432998395388,NaN,NaN,NaN,1.5772514203055068,1.561648819036,NaN,NaN,NaN,NaN,NaN,NaN,NaN,NaN,NaN,NaN,1
2024-08-05T12:04:00-04:00,1.5100545706301578,1.52,1.5100545706301578,1.52,1.5158483474704798,1.6271629545297064,1.5203986467437272,0,0,19900,20240,0,0,0,0,NaN,NaN,64.32640343043586,NaN,NaN,NaN,1.5772514203055068,1.561648819036,NaN,NaN,NaN,NaN,NaN,NaN,NaN,NaN,NaN,NaN,1,0,0,0,0,NaN,NaN,64.32640343043586,NaN,NaN,NaN,1.5772514203055068,1.561648819036,NaN,NaN,NaN,NaN,NaN,NaN,NaN,NaN,NaN,NaN,1
2024-08-05T12:27:00-04:00,1.515027285315079,1.515027285315079,1.47,1.47,1.507512284294029,1.6247635201094055,1.5042875775206188,0,1,19900,20241,0,0,0,0,NaN,NaN,65.6326924098962,NaN,NaN,NaN,1.5772514203055068,1.5383389961805998,NaN,NaN,NaN,NaN,NaN,NaN,NaN,NaN,NaN,NaN,1,0,0,0,0,NaN,NaN,65.6326924098962,NaN,NaN,NaN,1.5772514203055068,1.5383389961805998,NaN,NaN,NaN,NaN,NaN,NaN,NaN,NaN,NaN,NaN,1
2024-08-05T12:28:00-04:00,1.4925136426575394,1.5135,1.4925136426575394,1.5135,1.5086009598769328,1.6230648404130787,1.5048411754101314,0,0,19900,20242,0,0,0,0,NaN,NaN,65.93462723143406,NaN,NaN,NaN,1.5772514203055068,1.5383389961805998,NaN,NaN,NaN,NaN,NaN,NaN,NaN,NaN,NaN,NaN,1,0,0,0,0,NaN,NaN,65.93462723143406,NaN,NaN,NaN,1.5772514203055068,1.5383389961805998,NaN,NaN,NaN,NaN,NaN,NaN,NaN,NaN,NaN,NaN,1
2024-08-05T12:29:00-04:00,1.5030068213287697,1.5261,1.5030068213287697,1.5261,1.5117826035356723,1.6215844611701309,1.5054612916399275,0,0,19900,20243,0,0,0,0,NaN,NaN,64.91396526414088,NaN,NaN,NaN,1.5772514203055068,1.5383389961805998,NaN,NaN,NaN,NaN,NaN,NaN,NaN,NaN,NaN,NaN,1,0,0,0,0,NaN,NaN,64.91396526414088,NaN,NaN,NaN,1.5772514203055068,1.5383389961805998,NaN,NaN,NaN,NaN,NaN,NaN,NaN,NaN,NaN,NaN,1
2024-08-05T12:31:00-04:00,1.514553410664385,1.514553410664385,1.44,1.475,1.5050948574382774,1.6193465304652435,1.5021889710476983,0,0,19900,20244,0,0,0,0,NaN,NaN,65.28094535301268,NaN,NaN,NaN,1.5772514203055068,1.5383389961805998,NaN,NaN,NaN,NaN,NaN,NaN,NaN,NaN,NaN,NaN,1,0,0,0,0,NaN,NaN,65.28094535301268,NaN,NaN,NaN,1.5772514203055068,1.5383389961805998,NaN,NaN,NaN,NaN,NaN,NaN,NaN,NaN,NaN,NaN,1
2024-08-05T12:35:00-04:00,1.4947767053321925,1.4947767053321925,1.4899,1.4899,1.5023321560858633,1.6173702475573772,1.502125310816411,0,1,19900,20245,0,0,0,0,NaN,NaN,65.16779830226655,NaN,NaN,NaN,1.5772514203055068,1.5383389961805998,NaN,NaN,NaN,NaN,NaN,NaN,NaN,NaN,NaN,NaN,1,0,0,0,0,NaN,NaN,65.16779830226655,NaN,NaN,NaN,1.5772514203055068,1.5383389961805998,NaN,NaN,NaN,NaN,NaN,NaN,NaN,NaN,NaN,NaN,1
2024-08-05T12:45:00-04:00,1.4923383526660963,1.4923383526660963,1.4838,1.4838,1.498962673161161,1.615331007136654,1.502030869923727,0,0,19900,20246,0,0,0,0,NaN,NaN,64.84644097180814,NaN,NaN,NaN,1.5632480967615,1.5383389961805998,NaN,NaN,NaN,NaN,NaN,NaN,NaN,NaN,NaN,NaN,1,0,0,0,0,NaN,NaN,64.84644097180814,NaN,NaN,NaN,1.5632480967615,1.5383389961805998,NaN,NaN,NaN,NaN,NaN,NaN,NaN,NaN,NaN,NaN,1
2024-08-05T12:49:00-04:00,1.488069176333048,1.488069176333048,1.485,1.485,1.4964240053136773,1.6133412207681554,1.501920993343574,0,0,19900,20247,0,0,0,0,NaN,NaN,65.29658570460903,NaN,NaN,NaN,1.531068272930412,1.5383389961805998,NaN,NaN,NaN,NaN,NaN,NaN,NaN,NaN,NaN,NaN,1,0,0,0,0,NaN,NaN,65.29658570460903,NaN,NaN,NaN,1.531068272930412,1.5383389961805998,NaN,NaN,NaN,NaN,NaN,NaN,NaN,NaN,NaN,NaN,1
2024-08-05T13:01:00-04:00,1.4865345881665242,1.4865345881665242,1.485,1.485,1.4943469134384633,1.6113818128174966,1.501694468300076,0,0,19900,20248,0,0,0,0,NaN,NaN,65.015460582253,NaN,NaN,NaN,1.5308513592122166,1.5383389961805998,NaN,NaN,NaN,NaN,NaN,NaN,NaN,NaN,NaN,NaN,1,0,0,0,0,NaN,NaN,65.015460582253,NaN,NaN,NaN,1.5308513592122166,1.5383389961805998,NaN,NaN,NaN,NaN,NaN,NaN,NaN,NaN,NaN,NaN,1
2024-08-05T13:24:00-04:00,1.4857672940832622,1.51,1.4857672940832622,1.5074999999999998,1.496738383722379,1.6097958309424203,1.5018374969204238,0,0,19900,20249,0,0,0,0,NaN,NaN,64.50474710360544,NaN,NaN,NaN,1.5308513592122166,1.5383389961805998,NaN,NaN,NaN,NaN,NaN,NaN,NaN,NaN,NaN,NaN,1,0,0,0,0,NaN,NaN,64.50474710360544,NaN,NaN,NaN,1.5308513592122166,1.5383389961805998,NaN,NaN,NaN,NaN,NaN,NaN,NaN,NaN,NaN,NaN,1
2024-08-05T13:52:00-04:00,1.496633647041631,1.5156,1.496633647041631,1.5156,1.5001677685001285,1.608357726653223,1.5019049767099781,0,0,19900,20250,0,0,0,0,NaN,NaN,63.33628320118242,NaN,NaN,NaN,1.5308513592122166,1.5383389961805998,NaN,NaN,NaN,NaN,NaN,NaN,NaN,NaN,NaN,NaN,1,0,0,0,0,NaN,NaN,63.33628320118242,NaN,NaN,NaN,1.5308513592122166,1.5383389961805998,NaN,NaN,NaN,NaN,NaN,NaN,NaN,NaN,NaN,NaN,1
2024-08-05T13:54:00-04:00,1.5061168235208156,1.51,1.5061168235208156,1.51,1.5019554469546506,1.6068560819714943,1.5019444742620152,0,0,19900,20251,0,0,0,0,NaN,NaN,63.52201634416609,NaN,NaN,NaN,1.5308513592122166,1.5383389961805998,NaN,NaN,NaN,NaN,NaN,NaN,NaN,NaN,NaN,NaN,1,0,0,0,0,NaN,NaN,63.52201634416609,NaN,NaN,NaN,1.5308513592122166,1.5383389961805998,NaN,NaN,NaN,NaN,NaN,NaN,NaN,NaN,NaN,NaN,1
2024-08-05T14:35:00-04:00,1.5080584117604077,1.52,1.5080584117604077,1.52,1.5052362747810777,1.6055300349184944,1.502032143724205,0,0,19900,20252,0,0,0,0,NaN,NaN,63.625299671470025,NaN,NaN,NaN,1.5308513592122166,1.5383389961805998,NaN,NaN,NaN,NaN,NaN,NaN,NaN,NaN,NaN,NaN,1,0,0,0,0,NaN,NaN,63.625299671470025,NaN,NaN,NaN,1.5308513592122166,1.5383389961805998,NaN,NaN,NaN,NaN,NaN,NaN,NaN,NaN,NaN,NaN,1
2024-08-05T15:12:00-04:00,1.5140292058802038,1.52,1.5140292058802038,1.52,1.5079205884572453,1.60422423285867,1.5021189659338006,0,0,19900,20253,0,0,0,0,NaN,NaN,63.63137601541007,NaN,NaN,NaN,1.5308513592122166,1.5383389961805998,NaN,NaN,NaN,NaN,NaN,NaN,NaN,NaN,NaN,NaN,1,0,0,0,0,NaN,NaN,63.63137601541007,NaN,NaN,NaN,1.5308513592122166,1.5383389961805998,NaN,NaN,NaN,NaN,NaN,NaN,NaN,NaN,NaN,NaN,1
2024-08-05T15:30:00-04:00,1.517014602940102,1.517014602940102,1.45,1.4725,1.501480481465019,1.6022131758684612,1.4998254502496435,0,0,19900,20254,0,0,0,0,NaN,NaN,67.5028505392033,NaN,NaN,NaN,1.5308513592122166,1.5383389961805998,NaN,NaN,NaN,NaN,NaN,NaN,NaN,NaN,NaN,NaN,1,0,0,0,0,NaN,NaN,67.5028505392033,NaN,NaN,NaN,1.5308513592122166,1.5383389961805998,NaN,NaN,NaN,NaN,NaN,NaN,NaN,NaN,NaN,NaN,1
2024-08-05T15:35:00-04:00,1.494757301470051,1.52,1.494757301470051,1.52,1.5048476666531974,1.6009580128781031,1.4999149875732294,0,0,19900,20255,0,0,0,0,NaN,NaN,69.4197950122633,NaN,NaN,NaN,1.5308513592122166,1.5383389961805998,NaN,NaN,NaN,NaN,NaN,NaN,NaN,NaN,NaN,NaN,1,0,0,0,0,NaN,NaN,69.4197950122633,NaN,NaN,NaN,1.5308513592122166,1.5383389961805998,NaN,NaN,NaN,NaN,NaN,NaN,NaN,NaN,NaN,NaN,1
2024-08-05T15:52:00-04:00,1.5073786507350255,1.5073786507350255,1.5,1.5,1.5039662727162524,1.5994166691700404,1.4999153632025453,0,0,19900,20256,0,0,0,0,NaN,NaN,69.8696358284768,NaN,NaN,NaN,1.5308513592122166,1.5383389961805998,NaN,NaN,NaN,NaN,NaN,NaN,NaN,NaN,NaN,NaN,1,0,0,0,0,NaN,NaN,69.8696358284768,NaN,NaN,NaN,1.5308513592122166,1.5383389961805998,NaN,NaN,NaN,NaN,NaN,NaN,NaN,NaN,NaN,NaN,1
2024-08-05T15:57:00-04:00,1.5036893253675128,1.51,1.495,1.5025000000000002,1.5036996776769338,1.5979370253659178,1.5000006195522135,0,0,19900,20257,0,0,0,0,NaN,NaN,69.73673645904455,NaN,NaN,NaN,1.5308513592122166,1.5383389961805998,NaN,NaN,NaN,NaN,NaN,NaN,NaN,NaN,NaN,NaN,1,0,0,0,0,NaN,NaN,69.73673645904455,NaN,NaN,NaN,1.5308513592122166,1.5383389961805998,NaN,NaN,NaN,NaN,NaN,NaN,NaN,NaN,NaN,NaN,1
2024-08-05T15:59:00-04:00,1.5030946626837565,1.5030946626837565,1.47,1.47,1.497572463553855,1.5959837883374304,1.4996847968545217,0,1,19900,20258,0,0,0,0,NaN,NaN,69.96590016959057,NaN,NaN,NaN,1.5308513592122166,1.5383389961805998,NaN,NaN,NaN,NaN,NaN,NaN,NaN,NaN,NaN,NaN,1,0,0,0,0,NaN,NaN,69.96590016959057,NaN,NaN,NaN,1.5308513592122166,1.5383389961805998,NaN,NaN,NaN,NaN,NaN,NaN,NaN,NaN,NaN,NaN,1
2024-08-06T09:30:00-04:00,1.4865473313418782,1.5,1.47,1.4774999999999998,1.4939229247258814,1.5941748755383855,1.4775,0,0,19900,20259,0,0,0,0,NaN,NaN,71.05133093224882,NaN,NaN,NaN,1.5308513592122166,1.5383389961805998,NaN,NaN,NaN,NaN,NaN,NaN,NaN,NaN,NaN,NaN,1,0,0,0,0,NaN,NaN,71.05133093224882,NaN,NaN,NaN,1.5308513592122166,1.5383389961805998,NaN,NaN,NaN,NaN,NaN,NaN,NaN,NaN,NaN,NaN,1
2024-08-06T09:35:00-04:00,1.4820236656709391,1.4820236656709391,1.455,1.455,1.4868460293211756,1.5920500682782575,1.475989932885906,0,0,19900,20260,0,0,0,0,NaN,NaN,71.36560332976376,NaN,NaN,NaN,1.5308513592122166,1.517187976868092,NaN,NaN,NaN,NaN,NaN,NaN,NaN,NaN,NaN,NaN,1,0,0,0,0,NaN,NaN,71.36560332976376,NaN,NaN,NaN,1.5308513592122166,1.517187976868092,NaN,NaN,NaN,NaN,NaN,NaN,NaN,NaN,NaN,NaN,1
2024-08-06T09:39:00-04:00,1.4685118328354696,1.4685118328354696,1.45,1.45,1.48014675126278,1.589881364945765,1.469459798994975,0,0,19900,20261,0,0,0,0,NaN,NaN,71.32978343937951,NaN,NaN,NaN,1.5308513592122166,1.5011035017257925,NaN,NaN,NaN,NaN,NaN,NaN,NaN,NaN,NaN,NaN,1,0,0,0,0,NaN,NaN,71.32978343937951,NaN,NaN,NaN,1.5308513592122166,1.5011035017257925,NaN,NaN,NaN,NaN,NaN,NaN,NaN,NaN,NaN,NaN,1
2024-08-06T09:46:00-04:00,1.4592559164177348,1.4592559164177348,1.4398,1.4398,1.472810978305911,1.5875900463969748,1.4673808411214952,0,0,19900,20262,0,0,0,0,NaN,NaN,72.19887705266098,NaN,NaN,NaN,1.5308513592122166,1.4825146613116025,NaN,NaN,NaN,NaN,NaN,NaN,NaN,NaN,NaN,NaN,1,0,0,0,0,NaN,NaN,72.19887705266098,NaN,NaN,NaN,1.5308513592122166,1.4825146613116025,NaN,NaN,NaN,NaN,NaN,NaN,NaN,NaN,NaN,NaN,1
2024-08-06T09:53:00-04:00,1.4495279582088674,1.4495279582088674,1.4365,1.4365,1.4662089822502908,1.585283328131372,1.466002232142857,0,0,19900,20263,0,0,0,0,NaN,NaN,72.74534777586989,NaN,NaN,NaN,1.5308513592122166,1.4688862027574698,NaN,NaN,NaN,NaN,NaN,NaN,NaN,NaN,NaN,NaN,1,0,0,0,0,NaN,NaN,72.74534777586989,NaN,NaN,NaN,1.5308513592122166,1.4688862027574698,NaN,NaN,NaN,NaN,NaN,NaN,NaN,NaN,NaN,NaN,1
2024-08-06T09:58:00-04:00,1.4430139791044336,1.4430139791044336,1.44,1.44,1.461443712750238,1.5830652620530306,1.4648910256410255,0,0,19900,20264,0,0,0,0,NaN,NaN,73.46701599780181,NaN,NaN,NaN,1.4948163783190425,1.4688862027574698,NaN,NaN,NaN,NaN,NaN,NaN,NaN,NaN,NaN,NaN,1,0,0,0,0,NaN,NaN,73.46701599780181,NaN,NaN,NaN,1.4948163783190425,1.4688862027574698,NaN,NaN,NaN,NaN,NaN,NaN,NaN,NaN,NaN,NaN,1
2024-08-06T10:04:00-04:00,1.4415069895522168,1.45,1.43,1.4425,1.4579994013411037,1.5809192275178698,1.4576913598144388,0,0,19900,20265,0,0,0,0,NaN,NaN,73.57340243084579,NaN,NaN,NaN,1.4878906023649956,1.4688862027574698,NaN,NaN,NaN,NaN,NaN,NaN,NaN,NaN,NaN,NaN,1,0,0,0,0,NaN,NaN,73.57340243084579,NaN,NaN,NaN,1.4878906023649956,1.4688862027574698,NaN,NaN,NaN,NaN,NaN,NaN,NaN,NaN,NaN,NaN,1
2024-08-06T10:08:00-04:00,1.4420034947761082,1.45,1.4420034947761082,1.45,1.4565449647336304,1.578920460685536,1.4570758869031741,0,0,19900,20266,0,0,0,0,NaN,NaN,73.49163990057838,NaN,NaN,NaN,1.4878906023649956,1.4688862027574698,NaN,NaN,NaN,NaN,NaN,NaN,NaN,NaN,NaN,NaN,1,0,0,0,0,NaN,NaN,73.49163990057838,NaN,NaN,NaN,1.4878906023649956,1.4688862027574698,NaN,NaN,NaN,NaN,NaN,NaN,NaN,NaN,NaN,NaN,1
2024-08-06T10:09:00-04:00,1.446001747388054,1.46,1.446001747388054,1.45825,1.4568549711456975,1.5770781635758333,1.4574072372199884,0,0,19900,20267,0,0,0,0,NaN,NaN,73.8750177671696,NaN,NaN,NaN,1.4878906023649956,1.4688862027574698,NaN,NaN,NaN,NaN,NaN,NaN,NaN,NaN,NaN,NaN,1,0,0,0,0,NaN,NaN,73.8750177671696,NaN,NaN,NaN,1.4878906023649956,1.4688862027574698,NaN,NaN,NaN,NaN,NaN,NaN,NaN,NaN,NaN,NaN,1
2024-08-06T10:18:00-04:00,1.452125873694027,1.46,1.452125873694027,1.46,1.4574267945737525,1.575290710696813,1.457455945895172,0,0,19900,20268,0,0,0,0,NaN,NaN,73.88141725517087,NaN,NaN,NaN,1.4878906023649956,1.4688862027574698,NaN,NaN,NaN,NaN,NaN,NaN,NaN,NaN,NaN,NaN,1,0,0,0,0,NaN,NaN,73.88141725517087,NaN,NaN,NaN,1.4878906023649956,1.4688862027574698,NaN,NaN,NaN,NaN,NaN,NaN,NaN,NaN,NaN,NaN,1
2024-08-06T10:31:00-04:00,1.4560629368470135,1.4899,1.4560629368470135,1.4899,1.4633310137421611,1.5739870357243426,1.4589113583348285,0,0,19900,20269,0,0,0,0,NaN,NaN,72.09579305019729,NaN,NaN,NaN,1.4878906023649956,1.4688862027574698,NaN,NaN,NaN,NaN,NaN,NaN,NaN,NaN,NaN,NaN,1,0,0,0,0,NaN,NaN,72.09579305019729,NaN,NaN,NaN,1.4878906023649956,1.4688862027574698,NaN,NaN,NaN,NaN,NaN,NaN,NaN,NaN,NaN,NaN,1
2024-08-06T11:09:00-04:00,1.4729814684235067,1.4729814684235067,1.46,1.46,1.46272537487995,1.572246775636948,1.4589842625146492,0,0,19900,20270,0,0,0,0,NaN,NaN,71.43258733128879,NaN,NaN,NaN,1.4878906023649956,1.4688862027574698,NaN,NaN,NaN,NaN,NaN,NaN,NaN,NaN,NaN,NaN,1,0,0,0,0,NaN,NaN,71.43258733128879,NaN,NaN,NaN,1.4878906023649956,1.4688862027574698,NaN,NaN,NaN,NaN,NaN,NaN,NaN,NaN,NaN,NaN,1
2024-08-06T11:10:00-04:00,1.4664907342117535,1.4996,1.4664907342117535,1.4996,1.4694298521745046,1.5711376645585213,1.4609266698549335,0,0,19900,20271,0,0,0,0,NaN,NaN,68.69375901731055,NaN,NaN,NaN,1.4878906023649956,1.4688862027574698,NaN,NaN,NaN,NaN,NaN,NaN,NaN,NaN,NaN,NaN,1,0,0,0,0,NaN,NaN,68.69375901731055,NaN,NaN,NaN,1.4878906023649956,1.4688862027574698,NaN,NaN,NaN,NaN,NaN,NaN,NaN,NaN,NaN,NaN,1
2024-08-06T11:55:00-04:00,1.4830453671058768,1.4830453671058768,1.42,1.435,1.4631698790518675,1.5690592269316737,1.4547232597623088,0,0,19900,20272,0,0,0,0,NaN,NaN,68.74291356830368,NaN,NaN,NaN,1.4878906023649956,1.458195341930229,NaN,NaN,NaN,NaN,NaN,NaN,NaN,NaN,NaN,NaN,1,0,0,0,0,NaN,NaN,68.74291356830368,NaN,NaN,NaN,1.4878906023649956,1.458195341930229,NaN,NaN,NaN,NaN,NaN,NaN,NaN,NaN,NaN,NaN,1
2024-08-06T12:21:00-04:00,1.4590226835529383,1.4590226835529383,1.4201,1.4201,1.4553389919515278,1.566785040260961,1.4388264462809917,0,1,19900,20273,0,0,0,0,NaN,NaN,68.75341057281418,NaN,NaN,NaN,1.4878906023649956,1.4406323790932531,NaN,NaN,NaN,NaN,NaN,NaN,NaN,NaN,NaN,NaN,1,0,0,0,0,NaN,NaN,68.75341057281418,NaN,NaN,NaN,1.4878906023649956,1.4406323790932531,NaN,NaN,NaN,NaN,NaN,NaN,NaN,NaN,NaN,NaN,1
2024-08-06T12:44:00-04:00,1.4395613417764692,1.455,1.42,1.4337499999999999,1.4514137206876137,1.564753970944,1.4382377362866752,0,0,19900,20274,0,0,0,0,NaN,NaN,68.6653409460011,NaN,NaN,NaN,1.4878906023649956,1.4406323790932531,NaN,NaN,NaN,NaN,NaN,NaN,NaN,NaN,NaN,NaN,1,0,0,0,0,NaN,NaN,68.6653409460011,NaN,NaN,NaN,1.4878906023649956,1.4406323790932531,NaN,NaN,NaN,NaN,NaN,NaN,NaN,NaN,NaN,NaN,1
2024-08-06T12:46:00-04:00,1.4366556708882345,1.49,1.4366556708882345,1.49,1.4584294078353202,1.563612688944855,1.4385361466620545,0,0,19900,20275,0,0,0,0,NaN,NaN,66.34485357432158,NaN,NaN,NaN,1.4878906023649956,1.467632,NaN,NaN,NaN,NaN,NaN,NaN,NaN,NaN,NaN,NaN,1,0,0,0,0,NaN,NaN,66.34485357432158,NaN,NaN,NaN,1.4878906023649956,1.467632,NaN,NaN,NaN,NaN,NaN,NaN,NaN,NaN,NaN,NaN,1
2024-08-06T13:44:00-04:00,1.4633278354441173,1.49,1.4633278354441173,1.49,1.4641695155016257,1.5624888310983687,1.4391256625064113,0,0,19900,20276,0,0,0,0,NaN,NaN,63.80158962680256,NaN,NaN,NaN,1.4878906023649956,1.467632,NaN,NaN,NaN,NaN,NaN,NaN,NaN,NaN,NaN,NaN,1,0,0,0,0,NaN,NaN,63.80158962680256,NaN,NaN,NaN,1.4878906023649956,1.467632,NaN,NaN,NaN,NaN,NaN,NaN,NaN,NaN,NaN,NaN,1
2024-08-06T13:46:00-04:00,1.4766639177220586,1.49,1.4766639177220586,1.49,1.4688659672286029,1.5613821313869432,1.4463262230919764,0,0,19900,20277,0,0,0,0,NaN,NaN,61.246742331542755,NaN,NaN,NaN,1.4878906023649956,1.467632,NaN,NaN,NaN,NaN,NaN,NaN,NaN,NaN,NaN,NaN,1,0,0,0,0,NaN,NaN,61.246742331542755,NaN,NaN,NaN,1.4878906023649956,1.467632,NaN,NaN,NaN,NaN,NaN,NaN,NaN,NaN,NaN,NaN,1
2024-08-06T14:41:00-04:00,1.4833319588610294,1.4833319588610294,1.46,1.46,1.4672539731870387,1.5598343125871426,1.4463927945472248,0,0,19900,20278,0,0,0,0,NaN,NaN,61.33283720339902,NaN,NaN,NaN,1.4878906023649956,1.467632,NaN,NaN,NaN,NaN,NaN,NaN,NaN,NaN,NaN,NaN,1,0,0,0,0,NaN,NaN,61.33283720339902,NaN,NaN,NaN,1.4878906023649956,1.467632,NaN,NaN,NaN,NaN,NaN,NaN,NaN,NaN,NaN,NaN,1
2024-08-06T15:16:00-04:00,1.4716659794305147,1.4716659794305147,1.4,1.4275,1.4600259780621225,1.557813941402606,1.4450258784211,0,0,19900,20279,0,0,0,0,NaN,NaN,61.568464340964844,NaN,NaN,NaN,1.4878906023649956,1.4578125,NaN,NaN,NaN,NaN,NaN,NaN,NaN,NaN,NaN,NaN,1,0,0,0,0,NaN,NaN,61.568464340964844,NaN,NaN,NaN,1.4878906023649956,1.4578125,NaN,NaN,NaN,NaN,NaN,NaN,NaN,NaN,NaN,NaN,1
2024-08-06T16:25:00-04:00,1.4495829897152572,1.4495829897152572,1.4,1.4,1.4491121638690094,1.5554045682514213,1.4438379649986808,0,0,19900,20280,0,0,0,0,NaN,NaN,61.77000858776675,NaN,NaN,NaN,1.4878906023649956,1.4427406249999999,NaN,NaN,NaN,NaN,NaN,NaN,NaN,NaN,NaN,NaN,1,0,0,0,0,NaN,NaN,61.77000858776675,NaN,NaN,NaN,1.4878906023649956,1.4427406249999999,NaN,NaN,NaN,NaN,NaN,NaN,NaN,NaN,NaN,NaN,1
2024-08-06T16:30:00-04:00,1.4247914948576286,1.48,1.4247914948576286,1.48,1.454728134074644,1.5542533534689569,1.4439962787846947,0,0,19900,20281,0,0,0,0,NaN,NaN,59.28006090352523,NaN,NaN,NaN,1.4878906023649956,1.4427406249999999,NaN,NaN,NaN,NaN,NaN,NaN,NaN,NaN,NaN,NaN,1,0,0,0,0,NaN,NaN,59.28006090352523,NaN,NaN,NaN,1.4878906023649956,1.4427406249999999,NaN,NaN,NaN,NaN,NaN,NaN,NaN,NaN,NaN,NaN,1
2024-08-06T16:35:00-04:00,1.4523957474288143,1.47,1.4523957474288143,1.47,1.4575048369701633,1.5529670427289728,1.4441096242698979,0,0,19900,20282,0,0,0,0,NaN,NaN,57.345789491929764,NaN,NaN,NaN,1.4878906023649956,1.4427406249999999,NaN,NaN,NaN,NaN,NaN,NaN,NaN,NaN,NaN,NaN,1,0,0,0,0,NaN,NaN,57.345789491929764,NaN,NaN,NaN,1.4878906023649956,1.4427406249999999,NaN,NaN,NaN,NaN,NaN,NaN,NaN,NaN,NaN,NaN,1
2024-08-07T09:15:00-04:00,1.4611978737144071,1.48,1.4611978737144071,1.48,1.4615948666119518,1.5518530420766221,1.48,0,0,19900,20283,0,0,0,0,NaN,NaN,58.92478652812054,NaN,NaN,NaN,1.4878906023649956,1.4427406249999999,NaN,NaN,NaN,NaN,NaN,NaN,NaN,NaN,NaN,NaN,1,0,0,0,0,NaN,NaN,58.92478652812054,NaN,NaN,NaN,1.4878906023649956,1.4427406249999999,NaN,NaN,NaN,NaN,NaN,NaN,NaN,NaN,NaN,NaN,1
2024-08-07T09:16:00-04:00,1.4705989368572037,1.4705989368572037,1.47,1.47,1.463123072682506,1.5506033773120935,1.475,0,0,19900,20284,0,0,0,0,NaN,NaN,59.57152072606128,NaN,NaN,NaN,1.4878906023649956,1.4427406249999999,NaN,NaN,NaN,NaN,NaN,NaN,NaN,NaN,NaN,NaN,1,0,0,0,0,NaN,NaN,59.57152072606128,NaN,NaN,NaN,1.4878906023649956,1.4427406249999999,NaN,NaN,NaN,NaN,NaN,NaN,NaN,NaN,NaN,NaN,1
2024-08-07T09:25:00-04:00,1.470299468428602,1.49,1.470299468428602,1.49,1.4680097867402322,1.549678134910382,1.4838144329896907,0,0,19900,20285,0,0,0,0,NaN,NaN,57.38886529674758,NaN,NaN,NaN,1.4878906023649956,1.4476999999999998,NaN,NaN,NaN,NaN,NaN,NaN,NaN,NaN,NaN,NaN,1,0,0,0,0,NaN,NaN,57.38886529674758,NaN,NaN,NaN,1.4878906023649956,1.4476999999999998,NaN,NaN,NaN,NaN,NaN,NaN,NaN,NaN,NaN,NaN,1
2024-08-07T09:30:00-04:00,1.4801497342143008,1.5,1.4801497342143008,1.5,1.473826189151099,1.54891969010259,1.498514101836078,0,0,19900,20286,0,0,0,0,NaN,NaN,53.37996254548156,NaN,NaN,NaN,1.4878906023649956,1.454119,NaN,NaN,NaN,NaN,NaN,NaN,NaN,NaN,NaN,NaN,1,0,0,0,0,NaN,NaN,53.37996254548156,NaN,NaN,NaN,1.4878906023649956,1.454119,NaN,NaN,NaN,NaN,NaN,NaN,NaN,NaN,NaN,NaN,1
2024-08-07T09:32:00-04:00,1.4900748671071504,1.4900748671071504,1.4348,1.4348,1.4667305183963537,1.5471774047575122,1.4973304848597435,0,0,19900,20287,0,0,0,0,NaN,NaN,53.64569861626587,NaN,NaN,NaN,1.4878906023649956,1.454119,NaN,NaN,NaN,NaN,NaN,NaN,NaN,NaN,NaN,NaN,1,0,0,0,0,NaN,NaN,53.64569861626587,NaN,NaN,NaN,1.4878906023649956,1.454119,NaN,NaN,NaN,NaN,NaN,NaN,NaN,NaN,NaN,NaN,1
2024-08-07T09:37:00-04:00,1.4624374335535753,1.47,1.45,1.46,1.4655067877788348,1.5458464520131228,1.4841468397019946,0,0,19900,20288,0,0,0,0,NaN,NaN,52.589543927724456,NaN,NaN,NaN,1.4878906023649956,1.454119,NaN,NaN,NaN,NaN,NaN,NaN,NaN,NaN,NaN,NaN,1,0,0,0,0,NaN,NaN,52.589543927724456,NaN,NaN,NaN,1.4878906023649956,1.454119,NaN,NaN,NaN,NaN,NaN,NaN,NaN,NaN,NaN,NaN,1
2024-08-07T09:52:00-04:00,1.4612187167767876,1.4799,1.4612187167767876,1.4799,1.4681237354554102,1.5448396359518537,1.4840854808147796,0,0,19900,20289,0,0,0,0,NaN,NaN,50.300702653804095,NaN,NaN,NaN,1.4878906023649956,1.454119,NaN,NaN,NaN,NaN,NaN,NaN,NaN,NaN,NaN,NaN,1,0,0,0,0,NaN,NaN,50.300702653804095,NaN,NaN,NaN,1.4878906023649956,1.454119,NaN,NaN,NaN,NaN,NaN,NaN,NaN,NaN,NaN,NaN,1
2024-08-07T10:03:00-04:00,1.4705593583883938,1.48,1.4705593583883938,1.48,1.4702830562816993,1.5438497178457184,1.4838570885509839,0,0,19900,20290,0,0,0,0,NaN,NaN,47.91977696202014,NaN,NaN,NaN,1.4878906023649956,1.454119,NaN,NaN,NaN,NaN,NaN,NaN,NaN,NaN,NaN,NaN,1,0,0,0,0,NaN,NaN,47.91977696202014,NaN,NaN,NaN,1.4878906023649956,1.454119,NaN,NaN,NaN,NaN,NaN,NaN,NaN,NaN,NaN,NaN,1
2024-08-07T10:46:00-04:00,1.475279679194197,1.475279679194197,1.4301,1.4301,1.462977046048663,1.5421130809320434,1.483262693498452,0,1,19900,20291,0,0,0,0,NaN,NaN,48.18753724408188,NaN,NaN,NaN,1.4878906023649956,1.454119,NaN,NaN,NaN,NaN,NaN,NaN,NaN,NaN,NaN,NaN,1,0,0,0,0,NaN,NaN,48.18753724408188,NaN,NaN,NaN,1.4878906023649956,1.454119,NaN,NaN,NaN,NaN,NaN,NaN,NaN,NaN,NaN,NaN,1
2024-08-07T10:52:00-04:00,1.4526898395970984,1.4526898395970984,1.43,1.4324999999999999,1.457435764948906,1.5404395987804091,1.465178325859492,0,0,19900,20292,0,0,0,0,NaN,NaN,48.55889556309635,NaN,NaN,NaN,1.4878906023649956,1.454119,NaN,NaN,NaN,NaN,NaN,NaN,NaN,NaN,NaN,NaN,1,0,0,0,0,NaN,NaN,48.55889556309635,NaN,NaN,NaN,1.4878906023649956,1.454119,NaN,NaN,NaN,NaN,NaN,NaN,NaN,NaN,NaN,NaN,1
2024-08-07T11:21:00-04:00,1.442594919798549,1.455,1.442594919798549,1.455,1.4569928985945595,1.539135177424983,1.464879459720879,0,0,19900,20293,0,0,0,0,NaN,NaN,47.68301784885365,NaN,NaN,NaN,1.4878906023649956,1.454119,NaN,NaN,NaN,NaN,NaN,NaN,NaN,NaN,NaN,NaN,1,0,0,0,0,NaN,NaN,47.68301784885365,NaN,NaN,NaN,1.4878906023649956,1.454119,NaN,NaN,NaN,NaN,NaN,NaN,NaN,NaN,NaN,NaN,1
2024-08-07T12:03:00-04:00,1.4487974598992746,1.4504,1.4487974598992746,1.4504,1.455794189759185,1.5377804418917773,1.4643959730199012,0,0,19900,20294,0,0,0,0,NaN,NaN,46.64614080987164,NaN,NaN,NaN,1.4878906023649956,1.454119,NaN,NaN,NaN,NaN,NaN,NaN,NaN,NaN,NaN,NaN,1,0,0,0,0,NaN,NaN,46.64614080987164,NaN,NaN,NaN,1.4878906023649956,1.454119,NaN,NaN,NaN,NaN,NaN,NaN,NaN,NaN,NaN,NaN,1
2024-08-07T12:06:00-04:00,1.4495987299496371,1.48,1.4495987299496371,1.479,1.4600134279847878,1.5368830305651853,1.4649586040837295,0,0,19900,20295,0,0,0,0,NaN,NaN,43.80775100501189,NaN,NaN,NaN,1.4878906023649956,1.454119,NaN,NaN,NaN,NaN,NaN,NaN,NaN,NaN,NaN,NaN,1,0,0,0,0,NaN,NaN,43.80775100501189,NaN,NaN,NaN,1.4878906023649956,1.454119,NaN,NaN,NaN,NaN,NaN,NaN,NaN,NaN,NaN,NaN,1
2024-08-07T12:34:00-04:00,1.4642993649748186,1.5,1.4642993649748186,1.5,1.4672837138057355,1.5363199308619,1.4670211082910323,0,0,19900,20296,0,0,0,0,NaN,NaN,38.9978519932819,NaN,NaN,NaN,1.4878906023649956,1.454119,NaN,NaN,NaN,NaN,NaN,NaN,NaN,NaN,NaN,NaN,1,0,0,0,0,NaN,NaN,38.9978519932819,NaN,NaN,NaN,1.4878906023649956,1.454119,NaN,NaN,NaN,NaN,NaN,NaN,NaN,NaN,NaN,NaN,1
2024-08-07T12:41:00-04:00,1.4821496824874094,1.485,1.4821496824874094,1.485,1.4705048567501473,1.5355364204670618,1.4672358072605687,0,0,19900,20297,0,0,0,0,NaN,NaN,36.459300355882874,NaN,NaN,NaN,1.4878906023649956,1.454119,NaN,NaN,NaN,NaN,NaN,NaN,NaN,NaN,NaN,NaN,1,0,0,0,0,NaN,NaN,36.459300355882874,NaN,NaN,NaN,1.4878906023649956,1.454119,NaN,NaN,NaN,NaN,NaN,NaN,NaN,NaN,NaN,NaN,1
2024-08-07T13:10:00-04:00,1.4835748412437049,1.51,1.4835748412437049,1.51,1.477685791886484,1.5351465514522975,1.4674896308167142,0,0,19900,20298,0,0,0,0,NaN,NaN,30.824883621448134,NaN,NaN,NaN,1.4878906023649956,1.4621718599999998,NaN,NaN,NaN,NaN,NaN,NaN,NaN,NaN,NaN,NaN,1,0,0,0,0,NaN,NaN,30.824883621448134,NaN,NaN,NaN,1.4878906023649956,1.4621718599999998,NaN,NaN,NaN,NaN,NaN,NaN,NaN,NaN,NaN,NaN,1
2024-08-07T13:31:00-04:00,1.4967874206218523,1.51,1.4967874206218523,1.51,1.4835611024525779,1.534762634636232,1.4677404590512158,0,0,19900,20299,0,0,0,0,NaN,NaN,25.209540459770036,NaN,NaN,NaN,1.4878906023649956,1.4621718599999998,NaN,NaN,NaN,NaN,NaN,NaN,NaN,NaN,NaN,NaN,1,0,0,0,0,NaN,NaN,25.209540459770036,NaN,NaN,NaN,1.4878906023649956,1.4621718599999998,NaN,NaN,NaN,NaN,NaN,NaN,NaN,NaN,NaN,NaN,1
2024-08-07T13:37:00-04:00,1.503393710310926,1.503393710310926,1.477,1.477,1.4823681747339275,1.5338807623517094,1.467848454630278,0,0,19900,20300,0,0,0,0,NaN,NaN,24.16945684927814,NaN,NaN,NaN,1.4878906023649956,1.4621718599999998,NaN,NaN,NaN,NaN,NaN,NaN,NaN,NaN,NaN,NaN,1,0,0,0,0,NaN,NaN,24.16945684927814,NaN,NaN,NaN,1.4878906023649956,1.4621718599999998,NaN,NaN,NaN,NaN,NaN,NaN,NaN,NaN,NaN,NaN,1
2024-08-07T14:15:00-04:00,1.490196855155463,1.490196855155463,1.49,1.49,1.483755779327759,1.53321082704863,1.4683398129668703,0,0,19900,20301,0,0,0,0,NaN,NaN,22.134853137781143,NaN,NaN,NaN,1.4878906023649956,1.4621718599999998,NaN,NaN,NaN,NaN,NaN,NaN,NaN,NaN,NaN,NaN,1,0,0,0,0,NaN,NaN,22.134853137781143,NaN,NaN,NaN,1.4878906023649956,1.4621718599999998,NaN,NaN,NaN,NaN,NaN,NaN,NaN,NaN,NaN,NaN,1
2024-08-07T14:24:00-04:00,1.4900984275777316,1.515,1.4900984275777316,1.515,1.4894365467227118,1.5329327991547577,1.4698834040910849,0,0,19900,20302,0,0,0,0,NaN,NaN,17.642150964613705,NaN,NaN,NaN,1.4878906023649956,1.4692013925999996,NaN,NaN,NaN,NaN,NaN,NaN,NaN,NaN,NaN,NaN,1,0,0,0,0,NaN,NaN,17.642150964613705,NaN,NaN,NaN,1.4878906023649956,1.4692013925999996,NaN,NaN,NaN,NaN,NaN,NaN,NaN,NaN,NaN,NaN,1
2024-08-07T14:54:00-04:00,1.5025492137888659,1.5299,1.5025492137888659,1.5299,1.4967935382276734,1.5328864968775857,1.4702124965729015,0,0,19900,20303,0,0,0,0,NaN,NaN,12.628728010429132,NaN,NaN,NaN,1.4878906023649956,1.4830412254879999,NaN,NaN,NaN,NaN,NaN,NaN,NaN,NaN,NaN,NaN,1,0,0,0,0,NaN,NaN,12.628728010429132,NaN,NaN,NaN,1.4878906023649956,1.4830412254879999,NaN,NaN,NaN,NaN,NaN,NaN,NaN,NaN,NaN,NaN,1
2024-08-07T14:57:00-04:00,1.516224606894433,1.516224606894433,1.4901,1.4901,1.4955765312771874,1.5322332679176225,1.470320952173202,0,0,19900,20304,0,0,0,0,NaN,NaN,10.334529144593224,NaN,NaN,NaN,1.4878906023649956,1.4830412254879999,NaN,NaN,NaN,NaN,NaN,NaN,NaN,NaN,NaN,NaN,1,0,0,0,0,NaN,NaN,10.334529144593224,NaN,NaN,NaN,1.4878906023649956,1.4830412254879999,NaN,NaN,NaN,NaN,NaN,NaN,NaN,NaN,NaN,NaN,1
2024-08-07T15:38:00-04:00,1.5031623034472164,1.52,1.5001,1.5100500000000001,1.4982080710449714,1.5318945920715519,1.4709814340108331,0,0,19900,20305,0,0,0,0,NaN,NaN,7.160363676354252,NaN,NaN,NaN,1.4878906023649956,1.4830412254879999,NaN,NaN,NaN,NaN,NaN,NaN,NaN,NaN,NaN,NaN,1,0,0,0,0,NaN,NaN,7.160363676354252,NaN,NaN,NaN,1.4878906023649956,1.4830412254879999,NaN,NaN,NaN,NaN,NaN,NaN,NaN,NaN,NaN,NaN,1
2024-08-07T15:56:00-04:00,1.5066061517236082,1.5066061517236082,1.45,1.47,1.4930793308549766,1.530949636467406,1.4708944235374617,0,0,19900,20306,0,0,0,0,NaN,NaN,5.504857280657748,NaN,NaN,NaN,1.4878906023649956,1.4830412254879999,NaN,NaN,NaN,NaN,NaN,NaN,NaN,NaN,NaN,NaN,1,0,0,0,0,NaN,NaN,5.504857280657748,NaN,NaN,NaN,1.4878906023649956,1.4830412254879999,NaN,NaN,NaN,NaN,NaN,NaN,NaN,NaN,NaN,NaN,1
2024-08-07T15:59:00-04:00,1.488303075861804,1.49,1.44,1.455,1.4861558161540718,1.5297901000327891,1.470308595368104,0,1,19900,20307,0,0,0,0,NaN,NaN,5.887660518957284,NaN,NaN,NaN,1.4878906023649956,1.4830412254879999,NaN,NaN,NaN,NaN,NaN,NaN,NaN,NaN,NaN,NaN,1,0,0,0,0,NaN,NaN,5.887660518957284,NaN,NaN,NaN,1.4878906023649956,1.4830412254879999,NaN,NaN,NaN,NaN,NaN,NaN,NaN,NaN,NaN,NaN,1
2024-08-08T10:02:00-04:00,1.471651537930902,1.48,1.471651537930902,1.48,1.4850365768533313,1.5290299458338152,1.48,0,0,19900,20308,0,0,0,0,NaN,NaN,4.18713040113343,NaN,NaN,NaN,1.4878906023649956,1.4830412254879999,NaN,NaN,NaN,NaN,NaN,NaN,NaN,NaN,NaN,NaN,1,0,0,0,0,NaN,NaN,4.18713040113343,NaN,NaN,NaN,1.4878906023649956,1.4830412254879999,NaN,NaN,NaN,NaN,NaN,NaN,NaN,NaN,NaN,NaN,1
2024-08-08T10:06:00-04:00,1.475825768965451,1.48,1.475825768965451,1.48,1.484120835607271,1.5282813970424594,1.48,0,0,19900,20309,0,0,0,0,NaN,NaN,3.457704877768411,NaN,NaN,NaN,1.4878906023649956,1.4830412254879999,NaN,NaN,NaN,NaN,NaN,NaN,NaN,NaN,NaN,NaN,1,0,0,0,0,NaN,NaN,3.457704877768411,NaN,NaN,NaN,1.4878906023649956,1.4830412254879999,NaN,NaN,NaN,NaN,NaN,NaN,NaN,NaN,NaN,NaN,1
2024-08-08T10:30:00-04:00,1.4779128844827256,1.4779128844827256,1.47,1.47,1.4815534109514035,1.5273916047212004,1.4791666666666667,0,0,19900,20310,0,0,0,0,NaN,NaN,2.3265684132877307,NaN,NaN,NaN,1.4878906023649956,1.4830412254879999,NaN,NaN,NaN,NaN,NaN,NaN,NaN,NaN,NaN,NaN,1,0,0,0,0,NaN,NaN,2.3265684132877307,NaN,NaN,NaN,1.4878906023649956,1.4830412254879999,NaN,NaN,NaN,NaN,NaN,NaN,NaN,NaN,NaN,NaN,1
2024-08-08T10:55:00-04:00,1.473956442241363,1.473956442241363,1.4426,1.4426,1.4744709725966028,1.5260970764048463,1.4716403706154864,0,0,19900,20311,0,0,0,0,NaN,NaN,2.5869191743914826,NaN,NaN,NaN,1.4878906023649956,1.4830412254879999,NaN,NaN,NaN,NaN,NaN,NaN,NaN,NaN,NaN,NaN,1,0,0,0,0,NaN,NaN,2.5869191743914826,NaN,NaN,NaN,1.4878906023649956,1.4830412254879999,NaN,NaN,NaN,NaN,NaN,NaN,NaN,NaN,NaN,NaN,1
2024-08-08T10:58:00-04:00,1.4582782211206815,1.4582782211206815,1.45,1.45,1.4700217048517659,1.5249352889788181,1.4668289243437982,0,0,19900,20312,0,0,0,0,NaN,NaN,2.1668597230446647,NaN,NaN,NaN,1.4878906023649956,1.4830412254879999,NaN,NaN,NaN,NaN,NaN,NaN,NaN,NaN,NaN,NaN,1,0,0,0,0,NaN,NaN,2.1668597230446647,NaN,NaN,NaN,1.4878906023649956,1.4830412254879999,NaN,NaN,NaN,NaN,NaN,NaN,NaN,NaN,NaN,NaN,1
2024-08-08T11:04:00-04:00,1.4541391105603407,1.46,1.4541391105603407,1.46,1.4681995766968994,1.5239439105211263,1.4664161508704063,0,0,19900,20313,0,0,0,0,NaN,NaN,2.6998387175958065,NaN,NaN,NaN,1.4878906023649956,1.4830412254879999,NaN,NaN,NaN,NaN,NaN,NaN,NaN,NaN,NaN,NaN,1,0,0,0,0,NaN,NaN,2.6998387175958065,NaN,NaN,NaN,1.4878906023649956,1.4830412254879999,NaN,NaN,NaN,NaN,NaN,NaN,NaN,NaN,NaN,NaN,1
2024-08-08T12:07:00-04:00,1.4570695552801705,1.4570695552801705,1.45,1.45,1.4648905627520086,1.5228149958566817,1.4647218560277537,0,1,19900,20314,0,0,0,0,NaN,NaN,2.3651789616688474,NaN,NaN,NaN,1.4878906023649956,1.4830412254879999,NaN,NaN,NaN,NaN,NaN,NaN,NaN,NaN,NaN,NaN,1,0,0,0,0,NaN,NaN,2.3651789616688474,NaN,NaN,NaN,1.4878906023649956,1.4830412254879999,NaN,NaN,NaN,NaN,NaN,NaN,NaN,NaN,NaN,NaN,1
2024-08-08T12:10:00-04:00,1.453534777640085,1.46,1.453534777640085,1.46,1.4640013695243705,1.5218559882863507,1.4645256026600166,0,0,19900,20315,0,0,0,0,NaN,NaN,1.5395919079234008,NaN,NaN,NaN,1.4878906023649956,1.4830412254879999,NaN,NaN,NaN,NaN,NaN,NaN,NaN,NaN,NaN,NaN,1,0,0,0,0,NaN,NaN,1.5395919079234008,NaN,NaN,NaN,1.4878906023649956,1.4830412254879999,NaN,NaN,NaN,NaN,NaN,NaN,NaN,NaN,NaN,NaN,1
2024-08-08T12:34:00-04:00,1.4567673888200425,1.4567673888200425,1.41,1.4329999999999998,1.4583647568835758,1.5204994083125134,1.4502387727272725,0,1,19900,20316,0,0,0,0,NaN,NaN,2.4044731644428987,NaN,NaN,NaN,1.4878906023649956,1.4741825,NaN,NaN,NaN,NaN,NaN,NaN,NaN,NaN,NaN,NaN,1,0,0,0,0,NaN,NaN,2.4044731644428987,NaN,NaN,NaN,1.4878906023649956,1.4741825,NaN,NaN,NaN,NaN,NaN,NaN,NaN,NaN,NaN,NaN,1
2024-08-08T12:38:00-04:00,1.4448836944100212,1.4448836944100212,1.425,1.425,1.4522984374501984,1.5190414020787346,1.4463558846153846,0,0,19900,20317,0,0,0,0,NaN,NaN,3.1558072823768804,NaN,NaN,NaN,1.4878906023649956,1.468827025,NaN,NaN,NaN,NaN,NaN,NaN,NaN,NaN,NaN,NaN,1,0,0,0,0,NaN,NaN,3.1558072823768804,NaN,NaN,NaN,1.4878906023649956,1.468827025,NaN,NaN,NaN,NaN,NaN,NaN,NaN,NaN,NaN,NaN,1
2024-08-08T12:59:00-04:00,1.4349418472050106,1.4349418472050106,1.4,1.4,1.4427896306410715,1.5172239760927997,1.4449637381085616,0,0,19900,20318,0,0,0,0,NaN,NaN,4.763165924578605,NaN,NaN,NaN,1.4878906023649956,1.4529474035,NaN,NaN,NaN,NaN,NaN,NaN,NaN,NaN,NaN,NaN,1,0,0,0,0,NaN,NaN,4.763165924578605,NaN,NaN,NaN,1.4878906023649956,1.4529474035,NaN,NaN,NaN,NaN,NaN,NaN,NaN,NaN,NaN,NaN,1
2024-08-08T13:01:00-04:00,1.4174709236025054,1.4267,1.4174709236025054,1.4267,1.4398642432517859,1.5158419306562685,1.4446292986632483,0,0,19900,20319,0,0,0,0,NaN,NaN,5.692563066557554,NaN,NaN,NaN,1.4878906023649956,1.4529474035,NaN,NaN,NaN,NaN,NaN,NaN,NaN,NaN,NaN,NaN,1,0,0,0,0,NaN,NaN,5.692563066557554,NaN,NaN,NaN,1.4878906023649956,1.4529474035,NaN,NaN,NaN,NaN,NaN,NaN,NaN,NaN,NaN,NaN,1
2024-08-08T13:35:00-04:00,1.4220854618012528,1.425,1.4220854618012528,1.425,1.437161653569643,1.5144550309515927,1.4442763172091349,0,0,19900,20320,0,0,0,0,NaN,NaN,6.676991026284577,NaN,NaN,NaN,1.4878906023649956,1.4529474035,NaN,NaN,NaN,NaN,NaN,NaN,NaN,NaN,NaN,NaN,1,0,0,0,0,NaN,NaN,6.676991026284577,NaN,NaN,NaN,1.4878906023649956,1.4529474035,NaN,NaN,NaN,NaN,NaN,NaN,NaN,NaN,NaN,NaN,1
2024-08-08T13:49:00-04:00,1.4235427309006266,1.44,1.4235427309006266,1.44,1.4376777165569805,1.5133183129217975,1.4440574304726153,0,0,19900,20321,0,0,0,0,NaN,NaN,6.3364117243232165,NaN,NaN,NaN,1.4878906023649956,1.4529474035,NaN,NaN,NaN,NaN,NaN,NaN,NaN,NaN,NaN,NaN,1,0,0,0,0,NaN,NaN,6.3364117243232165,NaN,NaN,NaN,1.4878906023649956,1.4529474035,NaN,NaN,NaN,NaN,NaN,NaN,NaN,NaN,NaN,NaN,1
2024-08-08T13:50:00-04:00,1.4317713654503132,1.478,1.4317713654503132,1.4685,1.4432817680920749,1.5126340638695563,1.4465514937950052,0,0,19900,20322,0,0,0,0,NaN,NaN,4.72107251079555,NaN,NaN,NaN,1.4878906023649956,1.4529474035,NaN,NaN,NaN,NaN,NaN,NaN,NaN,NaN,NaN,NaN,1,0,0,0,0,NaN,NaN,4.72107251079555,NaN,NaN,NaN,1.4878906023649956,1.4529474035,NaN,NaN,NaN,NaN,NaN,NaN,NaN,NaN,NaN,NaN,1
2024-08-08T15:02:00-04:00,1.4501356827251566,1.4501356827251566,1.435,1.435,1.441775992075334,1.5114488109860518,1.4458531164531452,0,0,19900,20323,0,0,0,0,NaN,NaN,4.403594517958662,NaN,NaN,NaN,1.4878906023649956,1.4529474035,NaN,NaN,NaN,NaN,NaN,NaN,NaN,NaN,NaN,NaN,1,0,0,0,0,NaN,NaN,4.403594517958662,NaN,NaN,NaN,1.4878906023649956,1.4529474035,NaN,NaN,NaN,NaN,NaN,NaN,NaN,NaN,NaN,NaN,1
2024-08-08T15:18:00-04:00,1.4425678413625782,1.455,1.43,1.4362749999999997,1.4407758116980005,1.5103011192152724,1.44331841854557,0,0,19900,20324,0,0,0,0,NaN,NaN,3.734132302881632,NaN,NaN,NaN,1.4878906023649956,1.4529474035,NaN,NaN,NaN,NaN,NaN,NaN,NaN,NaN,NaN,NaN,1,0,0,0,0,NaN,NaN,3.734132302881632,NaN,NaN,NaN,1.4878906023649956,1.4529474035,NaN,NaN,NaN,NaN,NaN,NaN,NaN,NaN,NaN,NaN,1
2024-08-08T15:41:00-04:00,1.439421420681289,1.439421420681289,1.42,1.42,1.4369983913892732,1.5089224761738178,1.4430741698963025,0,1,19900,20325,0,0,0,0,NaN,NaN,3.4628481839818726,NaN,NaN,NaN,1.4878906023649956,1.4529474035,NaN,NaN,NaN,NaN,NaN,NaN,NaN,NaN,NaN,NaN,1,0,0,0,0,NaN,NaN,3.4628481839818726,NaN,NaN,NaN,1.4878906023649956,1.4529474035,NaN,NaN,NaN,NaN,NaN,NaN,NaN,NaN,NaN,NaN,1
2024-08-08T15:47:00-04:00,1.4297107103406446,1.45,1.4297107103406446,1.45,1.4393623202275871,1.5080228963849045,1.4431459624753809,0,0,19900,20326,0,0,0,0,NaN,NaN,3.6164442481986874,NaN,NaN,NaN,1.4878906023649956,1.4529474035,NaN,NaN,NaN,NaN,NaN,NaN,NaN,NaN,NaN,NaN,1,0,0,0,0,NaN,NaN,3.6164442481986874,NaN,NaN,NaN,1.4878906023649956,1.4529474035,NaN,NaN,NaN,NaN,NaN,NaN,NaN,NaN,NaN,NaN,1
2024-08-08T15:59:00-04:00,1.4398553551703221,1.4398553551703221,1.42,1.42,1.435841898368026,1.5066790353713946,1.4429084949215143,0,1,19900,20327,0,0,0,0,NaN,NaN,3.26226939806752,NaN,NaN,NaN,1.4878906023649956,1.4529474035,NaN,NaN,NaN,NaN,NaN,NaN,NaN,NaN,NaN,NaN,1,0,0,0,0,NaN,NaN,3.26226939806752,NaN,NaN,NaN,1.4878906023649956,1.4529474035,NaN,NaN,NaN,NaN,NaN,NaN,NaN,NaN,NaN,NaN,1
2024-08-09T11:35:00-04:00,1.429927677585161,1.5018,1.429927677585161,1.5018,1.4478342804829303,1.506604546281755,1.5018,0,0,19900,20328,0,0,0,0,NaN,NaN,1.338719095691561,NaN,NaN,NaN,1.4878906023649956,1.4529474035,NaN,NaN,NaN,NaN,NaN,NaN,NaN,NaN,NaN,NaN,1,0,0,0,0,NaN,NaN,1.338719095691561,NaN,NaN,NaN,1.4878906023649956,1.4529474035,NaN,NaN,NaN,NaN,NaN,NaN,NaN,NaN,NaN,NaN,1
2024-08-09T11:47:00-04:00,1.4658638387925804,1.48,1.4658638387925804,1.48,1.4536825931223976,1.5061983700026442,1.4851666666666665,0,0,19900,20329,0,0,0,0,NaN,NaN,0.4580587030467564,NaN,NaN,NaN,1.4878906023649956,1.4529474035,NaN,NaN,NaN,NaN,NaN,NaN,NaN,NaN,NaN,NaN,1,0,0,0,0,NaN,NaN,0.4580587030467564,NaN,NaN,NaN,1.4878906023649956,1.4529474035,NaN,NaN,NaN,NaN,NaN,NaN,NaN,NaN,NaN,NaN,1
2024-08-09T11:54:00-04:00,1.4729319193962902,1.4729319193962902,1.4568,1.4568,1.4542493943728707,1.5054441964148175,1.4728760831889083,0,0,19900,20330,0,0,0,0,NaN,NaN,0.42447614376623455,NaN,NaN,NaN,1.4878906023649956,1.4529474035,NaN,NaN,NaN,NaN,NaN,NaN,NaN,NaN,NaN,NaN,1,0,0,0,0,NaN,NaN,0.42447614376623455,NaN,NaN,NaN,1.4878906023649956,1.4529474035,NaN,NaN,NaN,NaN,NaN,NaN,NaN,NaN,NaN,NaN,1
2024-08-09T12:05:00-04:00,1.464865959698145,1.4899,1.464865959698145,1.4899,1.4607313226687124,1.5052068804390188,1.4742336523125998,0,0,19900,20331,0,0,0,0,NaN,NaN,0.07868854575972142,NaN,NaN,NaN,1.4878906023649956,1.4529474035,NaN,NaN,NaN,NaN,NaN,NaN,NaN,NaN,NaN,NaN,1,0,0,0,0,NaN,NaN,0.07868854575972142,NaN,NaN,NaN,1.4878906023649956,1.4529474035,NaN,NaN,NaN,NaN,NaN,NaN,NaN,NaN,NaN,NaN,1
2024-08-09T12:06:00-04:00,1.4773829798490725,1.4773829798490725,1.43,1.43,1.4551438094562192,1.504058683791095,1.470966765140325,0,0,19900,20332,0,0,0,0,NaN,NaN,0.36148540711114086,NaN,NaN,NaN,1.4878906023649956,1.4529474035,NaN,NaN,NaN,NaN,NaN,NaN,NaN,NaN,NaN,NaN,1,0,0,0,0,NaN,NaN,0.36148540711114086,NaN,NaN,NaN,1.4878906023649956,1.4529474035,NaN,NaN,NaN,NaN,NaN,NaN,NaN,NaN,NaN,NaN,1
2024-08-09T12:14:00-04:00,1.4536914899245361,1.4536914899245361,1.43,1.43,1.4505722077369065,1.5029280168629866,1.4681492434663002,0,0,19900,20333,0,0,0,0,NaN,NaN,0.9100876592119391,NaN,NaN,NaN,1.4878906023649956,1.4529474035,NaN,NaN,NaN,NaN,NaN,NaN,NaN,NaN,NaN,NaN,1,0,0,0,0,NaN,NaN,0.9100876592119391,NaN,NaN,NaN,1.4878906023649956,1.4529474035,NaN,NaN,NaN,NaN,NaN,NaN,NaN,NaN,NaN,NaN,1
2024-08-09T12:48:00-04:00,1.4418457449622681,1.45,1.4418457449622681,1.45,1.4504681699665598,1.502119955536834,1.4669813384813386,0,0,19900,20334,0,0,0,0,NaN,NaN,1.5176437893403372,NaN,NaN,NaN,1.4878906023649956,1.4529474035,NaN,NaN,NaN,NaN,NaN,NaN,NaN,NaN,NaN,NaN,1,0,0,0,0,NaN,NaN,1.5176437893403372,NaN,NaN,NaN,1.4878906023649956,1.4529474035,NaN,NaN,NaN,NaN,NaN,NaN,NaN,NaN,NaN,NaN,1
2024-08-09T13:01:00-04:00,1.445922872481134,1.45,1.445922872481134,1.45,1.450383048154458,1.5013242310248214,1.465954655380895,0,0,19900,20335,0,0,0,0,NaN,NaN,2.3833367721508845,NaN,NaN,NaN,1.4878906023649956,1.4529474035,NaN,NaN,NaN,NaN,NaN,NaN,NaN,NaN,NaN,NaN,1,0,0,0,0,NaN,NaN,2.3833367721508845,NaN,NaN,NaN,1.4878906023649956,1.4529474035,NaN,NaN,NaN,NaN,NaN,NaN,NaN,NaN,NaN,NaN,1
2024-08-09T14:19:00-04:00,1.447961436240567,1.447961436240567,1.44,1.44,1.4484952212172837,1.5003879832229157,1.4561752072343634,0,0,19900,20336,0,0,0,0,NaN,NaN,3.6348117743901565,NaN,NaN,NaN,1.4878906023649956,1.4529474035,NaN,NaN,NaN,NaN,NaN,NaN,NaN,NaN,NaN,NaN,1,0,0,0,0,NaN,NaN,3.6348117743901565,NaN,NaN,NaN,1.4878906023649956,1.4529474035,NaN,NaN,NaN,NaN,NaN,NaN,NaN,NaN,NaN,NaN,1
2024-08-09T15:27:00-04:00,1.4439807181202835,1.46,1.4439807181202835,1.4575,1.450132453723232,1.4997332048531002,1.4566107738998484,0,0,19900,20337,0,0,0,0,NaN,NaN,4.451840351637274,NaN,NaN,NaN,1.4878906023649956,1.4529474035,NaN,NaN,NaN,NaN,NaN,NaN,NaN,NaN,NaN,NaN,1,0,0,0,0,NaN,NaN,4.451840351637274,NaN,NaN,NaN,1.4878906023649956,1.4529474035,NaN,NaN,NaN,NaN,NaN,NaN,NaN,NaN,NaN,NaN,1
2024-08-09T15:29:00-04:00,1.4507403590601418,1.4507403590601418,1.45,1.45,1.4501083712280989,1.498973919282824,1.456447705969413,0,0,19900,20338,0,0,0,0,NaN,NaN,5.3334336699632665,NaN,NaN,NaN,1.4878906023649956,1.4529474035,NaN,NaN,NaN,NaN,NaN,NaN,NaN,NaN,NaN,NaN,1,0,0,0,0,NaN,NaN,5.3334336699632665,NaN,NaN,NaN,1.4878906023649956,1.4529474035,NaN,NaN,NaN,NaN,NaN,NaN,NaN,NaN,NaN,NaN,1
2024-08-09T15:30:00-04:00,1.4503701795300707,1.4503701795300707,1.44,1.44,1.4482704855502626,1.4980735541029335,1.4560517573423206,0,0,19900,20339,0,0,0,0,NaN,NaN,6.308628049278808,NaN,NaN,NaN,1.4878906023649956,1.4529474035,NaN,NaN,NaN,NaN,NaN,NaN,NaN,NaN,NaN,NaN,1,0,0,0,0,NaN,NaN,6.308628049278808,NaN,NaN,NaN,1.4878906023649956,1.4529474035,NaN,NaN,NaN,NaN,NaN,NaN,NaN,NaN,NaN,NaN,1
2024-08-09T15:34:00-04:00,1.4451850897650353,1.4451850897650353,1.44,1.44,1.4467667609047603,1.4971869349563238,1.4449523915626856,0,1,19900,20340,0,0,0,0,NaN,NaN,7.254898001187696,NaN,NaN,NaN,1.4878906023649956,1.4529474035,NaN,NaN,NaN,NaN,NaN,NaN,NaN,NaN,NaN,NaN,1,0,0,0,0,NaN,NaN,7.254898001187696,NaN,NaN,NaN,1.4878906023649956,1.4529474035,NaN,NaN,NaN,NaN,NaN,NaN,NaN,NaN,NaN,NaN,1
2024-08-09T15:59:00-04:00,1.4425925448825176,1.4425925448825176,1.42,1.42,1.4419000771038948,1.496008508468441,1.4446919741290607,0,0,19900,20341,0,0,0,0,NaN,NaN,7.68987824434235,NaN,NaN,NaN,1.4878906023649956,1.4529474035,NaN,NaN,NaN,NaN,NaN,NaN,NaN,NaN,NaN,NaN,1,0,0,0,0,NaN,NaN,7.68987824434235,NaN,NaN,NaN,1.4878906023649956,1.4529474035,NaN,NaN,NaN,NaN,NaN,NaN,NaN,NaN,NaN,NaN,1
2024-08-09T17:38:00-04:00,1.4312962724412588,1.53,1.4312962724412588,1.53,1.4579182449031867,1.496527462537625,1.4477157946972918,0,0,19900,20342,1,0,0,0,NaN,NaN,4.523527885131258,NaN,NaN,NaN,1.4878906023649956,1.47085,NaN,NaN,NaN,NaN,NaN,NaN,NaN,NaN,NaN,NaN,1,1,0,0,0,NaN,NaN,4.523527885131258,NaN,NaN,NaN,1.4878906023649956,1.47085,NaN,NaN,NaN,NaN,NaN,NaN,NaN,NaN,NaN,NaN,1
2024-08-12T09:30:00-04:00,1.4806481362206294,1.49,1.4806481362206294,1.49,1.4637512912844255,1.4964278066210202,1.49,0,0,19900,20343,0,0,0,0,NaN,NaN,2.5634211899333073,NaN,NaN,NaN,1.4878906023649956,1.47085,NaN,NaN,NaN,NaN,NaN,NaN,NaN,NaN,NaN,NaN,1,0,0,0,0,NaN,NaN,2.5634211899333073,NaN,NaN,NaN,1.4878906023649956,1.47085,NaN,NaN,NaN,NaN,NaN,NaN,NaN,NaN,NaN,NaN,1
2024-08-12T09:46:00-04:00,1.4853240681103146,1.4853240681103146,1.47,1.47,1.4648874201418027,1.4960243286573405,1.487690531177829,0,0,19900,20344,0,0,0,0,NaN,NaN,3.0732322231307627,NaN,NaN,NaN,1.4878906023649956,1.47085,NaN,NaN,NaN,NaN,NaN,NaN,NaN,NaN,NaN,NaN,1,0,0,0,0,NaN,NaN,3.0732322231307627,NaN,NaN,NaN,1.4878906023649956,1.47085,NaN,NaN,NaN,NaN,NaN,NaN,NaN,NaN,NaN,NaN,1
2024-08-12T09:48:00-04:00,1.4776620340551574,1.4776620340551574,1.42,1.42,1.4567260710251113,1.494863651883946,1.4791523713420787,0,0,19900,20345,0,0,0,0,NaN,NaN,5.870337406213136,NaN,NaN,NaN,1.4878906023649956,1.47085,NaN,NaN,NaN,NaN,NaN,NaN,NaN,NaN,NaN,NaN,1,0,0,0,0,NaN,NaN,5.870337406213136,NaN,NaN,NaN,1.4878906023649956,1.47085,NaN,NaN,NaN,NaN,NaN,NaN,NaN,NaN,NaN,NaN,1
2024-08-12T09:50:00-04:00,1.4488310170275787,1.4544,1.4488310170275787,1.4544,1.4563031490205456,1.4942458862063286,1.476883593033914,0,0,19900,20346,0,0,0,0,NaN,NaN,7.421907966461984,NaN,NaN,NaN,1.4878906023649956,1.47085,NaN,NaN,NaN,NaN,NaN,NaN,NaN,NaN,NaN,NaN,1,0,0,0,0,NaN,NaN,7.421907966461984,NaN,NaN,NaN,1.4878906023649956,1.47085,NaN,NaN,NaN,NaN,NaN,NaN,NaN,NaN,NaN,NaN,1
2024-08-12T11:10:00-04:00,1.4516155085137892,1.4516155085137892,1.425,1.425,1.4506116673804463,1.4931886971039419,1.4605782526712758,0,1,19900,20347,0,0,0,0,NaN,NaN,7.718933840622603,NaN,NaN,NaN,1.4878906023649956,1.47085,NaN,NaN,NaN,NaN,NaN,NaN,NaN,NaN,NaN,NaN,1,0,0,0,0,NaN,NaN,7.718933840622603,NaN,NaN,NaN,1.4878906023649956,1.47085,NaN,NaN,NaN,NaN,NaN,NaN,NaN,NaN,NaN,NaN,1
2024-08-12T11:26:00-04:00,1.4383077542568947,1.4383077542568947,1.425,1.425,1.4459550005840016,1.4921476482931946,1.4541628026790312,0,0,19900,20348,0,0,0,0,NaN,NaN,7.952152535215569,NaN,NaN,NaN,1.4878906023649956,1.47085,NaN,NaN,NaN,NaN,NaN,NaN,NaN,NaN,NaN,NaN,1,0,0,0,0,NaN,NaN,7.952152535215569,NaN,NaN,NaN,1.4878906023649956,1.47085,NaN,NaN,NaN,NaN,NaN,NaN,NaN,NaN,NaN,NaN,1
2024-08-12T11:29:00-04:00,1.4316538771284475,1.434,1.4316538771284475,1.434,1.4437813641141832,1.4912598979375733,1.4528789194404244,0,0,19900,20349,0,0,0,0,NaN,NaN,7.78397400162124,NaN,NaN,NaN,1.4878906023649956,1.47085,NaN,NaN,NaN,NaN,NaN,NaN,NaN,NaN,NaN,NaN,1,0,0,0,0,NaN,NaN,7.78397400162124,NaN,NaN,NaN,1.4878906023649956,1.47085,NaN,NaN,NaN,NaN,NaN,NaN,NaN,NaN,NaN,NaN,1
2024-08-12T11:43:00-04:00,1.4328269385642236,1.4344,1.4328269385642236,1.4344,1.4420756615479682,1.4903918078927247,1.452028531983433,0,0,19900,20350,0,0,0,0,NaN,NaN,8.817407838654944,NaN,NaN,NaN,1.4878906023649956,1.47085,NaN,NaN,NaN,NaN,NaN,NaN,NaN,NaN,NaN,NaN,1,0,0,0,0,NaN,NaN,8.817407838654944,NaN,NaN,NaN,1.4878906023649956,1.47085,NaN,NaN,NaN,NaN,NaN,NaN,NaN,NaN,NaN,NaN,1
2024-08-12T12:06:00-04:00,1.4336134692821116,1.4336134692821116,1.425,1.425,1.438970995811974,1.489393459680622,1.4503268650280292,0,1,19900,20351,0,0,0,0,NaN,NaN,12.18001768643954,NaN,NaN,NaN,1.4878906023649956,1.47085,NaN,NaN,NaN,NaN,NaN,NaN,NaN,NaN,NaN,NaN,1,0,0,0,0,NaN,NaN,12.18001768643954,NaN,NaN,NaN,1.4878906023649956,1.47085,NaN,NaN,NaN,NaN,NaN,NaN,NaN,NaN,NaN,NaN,1
2024-08-12T12:07:00-04:00,1.429306734641056,1.43,1.429306734641056,1.43,1.4373399056643423,1.4884866893038187,1.4494865646961554,0,0,19900,20352,0,0,0,0,NaN,NaN,18.364351288395973,NaN,NaN,NaN,1.4878906023649956,1.47085,NaN,NaN,NaN,NaN,NaN,NaN,NaN,NaN,NaN,NaN,1,0,0,0,0,NaN,NaN,18.364351288395973,NaN,NaN,NaN,1.4878906023649956,1.47085,NaN,NaN,NaN,NaN,NaN,NaN,NaN,NaN,NaN,NaN,1
2024-08-12T12:22:00-04:00,1.4296533673205278,1.4296533673205278,1.425,1.425,1.4350962864526438,1.4875174268716993,1.4485144898769353,0,0,19900,20353,0,0,0,0,NaN,NaN,19.07336398876776,NaN,NaN,NaN,1.4878906023649956,1.47085,NaN,NaN,NaN,NaN,NaN,NaN,NaN,NaN,NaN,NaN,1,0,0,0,0,NaN,NaN,19.07336398876776,NaN,NaN,NaN,1.4878906023649956,1.47085,NaN,NaN,NaN,NaN,NaN,NaN,NaN,NaN,NaN,NaN,1
2024-08-12T13:39:00-04:00,1.4273266836602638,1.4273266836602638,1.41,1.41,1.4305333252794359,1.486333954705719,1.4463772028496438,0,1,19900,20354,0,0,0,0,NaN,NaN,21.021949241996438,NaN,NaN,NaN,1.4878906023649956,1.4682,NaN,NaN,NaN,NaN,NaN,NaN,NaN,NaN,NaN,NaN,1,0,0,0,0,NaN,NaN,21.021949241996438,NaN,NaN,NaN,1.4878906023649956,1.4682,NaN,NaN,NaN,NaN,NaN,NaN,NaN,NaN,NaN,NaN,1
2024-08-12T13:45:00-04:00,1.4186633418301318,1.4186633418301318,1.38,1.3924999999999998,1.4236181752286294,1.484901375244563,1.4295431812322763,0,0,19900,20355,0,0,0,1,NaN,NaN,22.919083496968508,NaN,NaN,NaN,1.4878906023649956,1.4574414999999998,NaN,NaN,NaN,NaN,NaN,NaN,NaN,NaN,NaN,NaN,1,0,0,0,1,NaN,NaN,22.919083496968508,NaN,NaN,NaN,1.4878906023649956,1.4574414999999998,NaN,NaN,NaN,NaN,NaN,NaN,NaN,NaN,NaN,NaN,1
2024-08-12T13:49:00-04:00,1.405581670915066,1.405581670915066,1.37,1.37,1.4138694160961514,1.4831471557751803,1.396456815578465,0,0,19900,20356,0,0,0,0,NaN,NaN,25.88233735799893,NaN,NaN,NaN,1.4804042399305157,1.4416200099999998,NaN,NaN,NaN,NaN,NaN,NaN,NaN,NaN,NaN,NaN,1,0,0,0,0,NaN,NaN,25.88233735799893,NaN,NaN,NaN,1.4804042399305157,1.4416200099999998,NaN,NaN,NaN,NaN,NaN,NaN,NaN,NaN,NaN,NaN,1
2024-08-12T14:04:00-04:00,1.387790835457533,1.39,1.37,1.3800000000000001,1.4077113404423056,1.4815723900381546,1.3956501089324618,0,0,19900,20357,0,0,0,0,NaN,NaN,27.357839517335456,NaN,NaN,NaN,1.4267128048054967,1.4416200099999998,NaN,NaN,NaN,NaN,NaN,NaN,NaN,NaN,NaN,NaN,1,0,0,0,0,NaN,NaN,27.357839517335456,NaN,NaN,NaN,1.4267128048054967,1.4416200099999998,NaN,NaN,NaN,NaN,NaN,NaN,NaN,NaN,NaN,NaN,1
2024-08-12T14:40:00-04:00,1.3838954177287666,1.3838954177287666,1.37,1.37005,1.40086382399825,1.479869758129175,1.3933875372393245,0,0,19900,20358,0,0,0,0,NaN,NaN,28.46620967495269,NaN,NaN,NaN,1.4166508256865962,1.4416200099999998,NaN,NaN,NaN,NaN,NaN,NaN,NaN,NaN,NaN,NaN,1,0,0,0,0,NaN,NaN,28.46620967495269,NaN,NaN,NaN,1.4166508256865962,1.4416200099999998,NaN,NaN,NaN,NaN,NaN,NaN,NaN,NaN,NaN,NaN,1
2024-08-12T14:41:00-04:00,1.3769727088643833,1.3769727088643833,1.3501,1.3501,1.39163403781675,1.4778885404478137,1.3894771906052392,0,0,19900,20359,0,0,0,0,NaN,NaN,33.956071967292054,NaN,NaN,NaN,1.3967029577607262,1.4243287091,NaN,NaN,NaN,NaN,NaN,NaN,NaN,NaN,NaN,NaN,1,0,0,0,0,NaN,NaN,33.956071967292054,NaN,NaN,NaN,1.3967029577607262,1.4243287091,NaN,NaN,NaN,NaN,NaN,NaN,NaN,NaN,NaN,NaN,1
2024-08-12T14:46:00-04:00,1.3635363544321917,1.3635363544321917,1.345,1.3475,1.3836096673046137,1.4758978757081525,1.3882871061177915,0,0,19900,20360,0,0,0,0,NaN,NaN,37.37363487032122,NaN,NaN,NaN,1.3940321360732044,1.413965264008,NaN,NaN,NaN,NaN,NaN,NaN,NaN,NaN,NaN,NaN,1,0,0,0,0,NaN,NaN,37.37363487032122,NaN,NaN,NaN,1.3940321360732044,1.413965264008,NaN,NaN,NaN,NaN,NaN,NaN,NaN,NaN,NaN,NaN,1
2024-08-12T14:49:00-04:00,1.3555181772160958,1.3555181772160958,1.34,1.34,1.375680636885593,1.4738230989797838,1.3878669624989124,0,0,19900,20361,0,0,0,0,NaN,NaN,39.47901163357636,NaN,NaN,NaN,1.386435259443479,1.3996829744068,NaN,NaN,NaN,NaN,NaN,NaN,NaN,NaN,NaN,NaN,1,0,0,0,0,NaN,NaN,39.47901163357636,NaN,NaN,NaN,1.386435259443479,1.3996829744068,NaN,NaN,NaN,NaN,NaN,NaN,NaN,NaN,NaN,NaN,1
2024-08-12T14:58:00-04:00,1.347759088608048,1.347759088608048,1.3,1.3074999999999999,1.3632841574518488,1.471283815025894,1.3803838870038665,0,0,19900,20362,0,0,0,0,NaN,NaN,41.32663166610194,NaN,NaN,NaN,1.3541209751715824,1.369765039013576,NaN,NaN,NaN,NaN,NaN,NaN,NaN,NaN,NaN,NaN,1,0,0,0,0,NaN,NaN,41.32663166610194,NaN,NaN,NaN,1.3541209751715824,1.369765039013576,NaN,NaN,NaN,NaN,NaN,NaN,NaN,NaN,NaN,NaN,1
2024-08-12T15:02:00-04:00,1.327629544304024,1.327629544304024,1.2601,1.27255,1.346787037915149,1.4682497109796973,1.3609330584659165,0,0,19900,20363,0,0,0,0,NaN,NaN,45.71272677897683,NaN,NaN,NaN,1.3195287538083842,1.335544630820725,NaN,NaN,NaN,NaN,NaN,NaN,NaN,NaN,NaN,NaN,1,0,0,0,0,NaN,NaN,45.71272677897683,NaN,NaN,NaN,1.3195287538083842,1.335544630820725,NaN,NaN,NaN,NaN,NaN,NaN,NaN,NaN,NaN,NaN,1
2024-08-12T15:04:00-04:00,1.300089772152012,1.300089772152012,1.2664,1.2664,1.3321712128396674,1.465168036002908,1.3602652806319036,0,0,19900,20364,0,0,0,0,NaN,NaN,49.82484826451438,NaN,NaN,NaN,1.3134386455456728,1.316612919423751,NaN,NaN,NaN,NaN,NaN,NaN,NaN,NaN,NaN,NaN,1,0,0,0,0,NaN,NaN,49.82484826451438,NaN,NaN,NaN,1.3134386455456728,1.316612919423751,NaN,NaN,NaN,NaN,NaN,NaN,NaN,NaN,NaN,NaN,1
2024-08-12T15:05:00-04:00,1.283244886076006,1.296,1.28,1.288,1.3241400832324552,1.4624631804914132,1.352040231618484,0,0,19900,20365,0,0,0,0,NaN,NaN,52.9098852052246,NaN,NaN,NaN,1.3134386455456728,1.316612919423751,NaN,NaN,NaN,NaN,NaN,NaN,NaN,NaN,NaN,NaN,1,0,0,0,0,NaN,NaN,52.9098852052246,NaN,NaN,NaN,1.3134386455456728,1.316612919423751,NaN,NaN,NaN,NaN,NaN,NaN,NaN,NaN,NaN,NaN,1
2024-08-12T15:07:00-04:00,1.285622443038003,1.2999,1.285,1.2887250000000001,1.3177009771901906,1.4598106891862008,1.342029678516673,0,0,19900,20366,0,0,0,0,NaN,NaN,56.20261425795158,NaN,NaN,NaN,1.3134386455456728,1.316612919423751,NaN,NaN,NaN,NaN,NaN,NaN,NaN,NaN,NaN,NaN,1,0,0,0,0,NaN,NaN,56.20261425795158,NaN,NaN,NaN,1.3134386455456728,1.316612919423751,NaN,NaN,NaN,NaN,NaN,NaN,NaN,NaN,NaN,NaN,1
2024-08-12T15:08:00-04:00,1.2871737215190016,1.2985,1.285,1.29175,1.312982617701065,1.4572448771375566,1.336651482543214,0,0,19900,20367,0,0,0,0,NaN,NaN,58.04946826261948,NaN,NaN,NaN,1.3134386455456728,1.316612919423751,NaN,NaN,NaN,NaN,NaN,NaN,NaN,NaN,NaN,NaN,1,0,0,0,0,NaN,NaN,58.04946826261948,NaN,NaN,NaN,1.3134386455456728,1.316612919423751,NaN,NaN,NaN,NaN,NaN,NaN,NaN,NaN,NaN,NaN,1
2024-08-12T15:10:00-04:00,1.2894618607595008,1.2999,1.2894618607595008,1.2999,1.310603959937235,1.454842665272861,1.3362625285750571,0,0,19900,20368,0,0,0,0,NaN,NaN,59.09166391744732,NaN,NaN,NaN,1.3134386455456728,1.316612919423751,NaN,NaN,NaN,NaN,NaN,NaN,NaN,NaN,NaN,NaN,1,0,0,0,0,NaN,NaN,59.09166391744732,NaN,NaN,NaN,1.3134386455456728,1.316612919423751,NaN,NaN,NaN,NaN,NaN,NaN,NaN,NaN,NaN,NaN,1
2024-08-12T15:13:00-04:00,1.2946809303797504,1.2946809303797504,1.28,1.28045,1.3051214217668285,1.4521801818335807,1.3339957537974168,0,0,19900,20369,0,0,0,0,NaN,NaN,60.5640291475564,NaN,NaN,NaN,1.3134386455456728,1.316612919423751,NaN,NaN,NaN,NaN,NaN,NaN,NaN,NaN,NaN,NaN,1,0,0,0,0,NaN,NaN,60.5640291475564,NaN,NaN,NaN,1.3134386455456728,1.316612919423751,NaN,NaN,NaN,NaN,NaN,NaN,NaN,NaN,NaN,NaN,1
2024-08-12T15:16:00-04:00,1.2875654651898754,1.29,1.2875654651898754,1.29,1.302372072354678,1.4497041485231443,1.3336412637982433,0,0,19900,20370,0,0,0,0,NaN,NaN,61.250728415298624,NaN,NaN,NaN,1.3134386455456728,1.316612919423751,NaN,NaN,NaN,NaN,NaN,NaN,NaN,NaN,NaN,NaN,1,0,0,0,0,NaN,NaN,61.250728415298624,NaN,NaN,NaN,1.3134386455456728,1.316612919423751,NaN,NaN,NaN,NaN,NaN,NaN,NaN,NaN,NaN,NaN,1
2024-08-12T15:18:00-04:00,1.2887827325949377,1.2954,1.2887827325949377,1.2954,1.3011044228356456,1.4473483599960735,1.3334878199983948,0,0,19900,20371,0,0,0,0,NaN,NaN,61.84582222310042,NaN,NaN,NaN,1.3134386455456728,1.316612919423751,NaN,NaN,NaN,NaN,NaN,NaN,NaN,NaN,NaN,NaN,1,0,0,0,0,NaN,NaN,61.84582222310042,NaN,NaN,NaN,1.3134386455456728,1.316612919423751,NaN,NaN,NaN,NaN,NaN,NaN,NaN,NaN,NaN,NaN,1
2024-08-12T15:21:00-04:00,1.292091366297469,1.292091366297469,1.24,1.2574750000000001,1.293171800501892,1.4444495300724693,1.3250666616120168,0,0,19900,20372,0,0,0,0,NaN,NaN,63.34029128985528,NaN,NaN,NaN,1.3134386455456728,1.2973880561793383,NaN,NaN,NaN,NaN,NaN,NaN,NaN,NaN,NaN,NaN,1,0,0,0,0,NaN,NaN,63.34029128985528,NaN,NaN,NaN,1.3134386455456728,1.2973880561793383,NaN,NaN,NaN,NaN,NaN,NaN,NaN,NaN,NaN,NaN,1
2024-08-12T15:29:00-04:00,1.2747831831487346,1.2747831831487346,1.2211,1.2211,1.2800678367742753,1.4410396135828134,1.3214849390222894,0,0,19900,20373,0,0,0,0,NaN,NaN,64.07450824976566,NaN,NaN,NaN,1.3134386455456728,1.261770389325537,NaN,NaN,NaN,NaN,NaN,NaN,NaN,NaN,NaN,NaN,1,0,0,0,0,NaN,NaN,64.07450824976566,NaN,NaN,NaN,1.3134386455456728,1.261770389325537,NaN,NaN,NaN,NaN,NaN,NaN,NaN,NaN,NaN,NaN,1
2024-08-12T15:30:00-04:00,1.2479415915743672,1.25,1.2202,1.230125,1.2709873209971343,1.4378195431464347,1.3184423460552168,0,0,19900,20374,0,0,0,0,NaN,NaN,64.4510335792475,NaN,NaN,NaN,1.3134386455456728,1.261770389325537,NaN,NaN,NaN,NaN,NaN,NaN,NaN,NaN,NaN,NaN,1,0,0,0,0,NaN,NaN,64.4510335792475,NaN,NaN,NaN,1.3134386455456728,1.261770389325537,NaN,NaN,NaN,NaN,NaN,NaN,NaN,NaN,NaN,NaN,1
2024-08-12T15:31:00-04:00,1.2390332957871837,1.2390332957871837,1.2201,1.22875,1.2633078080885645,1.4346276417243518,1.312841300309114,0,0,19900,20375,0,0,0,0,NaN,NaN,64.63051533516125,NaN,NaN,NaN,1.3134386455456728,1.261770389325537,NaN,NaN,NaN,NaN,NaN,NaN,NaN,NaN,NaN,NaN,1,0,0,0,0,NaN,NaN,64.63051533516125,NaN,NaN,NaN,1.3134386455456728,1.261770389325537,NaN,NaN,NaN,NaN,NaN,NaN,NaN,NaN,NaN,NaN,1
2024-08-12T15:32:00-04:00,1.233891647893592,1.233891647893592,1.22,1.2225249999999999,1.2558927520724619,1.431389433453751,1.3051058704713505,0,0,19900,20376,0,0,0,0,NaN,NaN,65.5296927185814,NaN,NaN,NaN,1.3134386455456728,1.261770389325537,NaN,NaN,NaN,NaN,NaN,NaN,NaN,NaN,NaN,NaN,1,0,0,0,0,NaN,NaN,65.5296927185814,NaN,NaN,NaN,1.3134386455456728,1.261770389325537,NaN,NaN,NaN,NaN,NaN,NaN,NaN,NaN,NaN,NaN,1
2024-08-12T15:34:00-04:00,1.228208323946796,1.24,1.228208323946796,1.24,1.2530031607865597,1.4284674573704876,1.3049205262333816,0,0,19900,20377,0,0,0,0,NaN,NaN,66.02216304753614,NaN,NaN,NaN,1.3116923478493632,1.261770389325537,NaN,NaN,NaN,NaN,NaN,NaN,NaN,NaN,NaN,NaN,1,0,0,0,0,NaN,NaN,66.02216304753614,NaN,NaN,NaN,1.3116923478493632,1.261770389325537,NaN,NaN,NaN,NaN,NaN,NaN,NaN,NaN,NaN,NaN,1
2024-08-12T15:35:00-04:00,1.2341041619733981,1.2341041619733981,1.2201,1.2201,1.2470207679162761,1.425286274815213,1.3044403239731648,0,0,19900,20378,0,0,0,0,NaN,NaN,67.37039418804082,NaN,NaN,NaN,1.2666114140390283,1.2476841608481095,NaN,NaN,NaN,NaN,NaN,NaN,NaN,NaN,NaN,NaN,1,0,0,0,0,NaN,NaN,67.37039418804082,NaN,NaN,NaN,1.2666114140390283,1.2476841608481095,NaN,NaN,NaN,NaN,NaN,NaN,NaN,NaN,NaN,NaN,1
2024-08-12T15:37:00-04:00,1.227102080986699,1.2301,1.227102080986699,1.2301,1.2439442646587713,1.4223063316882634,1.3042304831061053,0,0,19900,20379,0,0,0,0,NaN,NaN,69.09721337573384,NaN,NaN,NaN,1.2666114140390283,1.2476841608481095,NaN,NaN,NaN,NaN,NaN,NaN,NaN,NaN,NaN,NaN,1,0,0,0,0,NaN,NaN,69.09721337573384,NaN,NaN,NaN,1.2666114140390283,1.2476841608481095,NaN,NaN,NaN,NaN,NaN,NaN,NaN,NaN,NaN,NaN,1
2024-08-12T15:41:00-04:00,1.2286010404933494,1.24,1.2286010404933494,1.24,1.2432271256299037,1.4195230289143967,1.3036911390544963,0,0,19900,20380,0,0,0,0,NaN,NaN,70.01082122333271,NaN,NaN,NaN,1.2666114140390283,1.2476841608481095,NaN,NaN,NaN,NaN,NaN,NaN,NaN,NaN,NaN,NaN,1,0,0,0,0,NaN,NaN,70.01082122333271,NaN,NaN,NaN,1.2666114140390283,1.2476841608481095,NaN,NaN,NaN,NaN,NaN,NaN,NaN,NaN,NaN,NaN,1
2024-08-12T15:43:00-04:00,1.2343005202466748,1.24,1.2343005202466748,1.24,1.2426403755153757,1.4167822193126502,1.3035133649203112,0,0,19900,20381,0,0,0,0,NaN,NaN,70.83330882630611,NaN,NaN,NaN,1.2666114140390283,1.2476841608481095,NaN,NaN,NaN,NaN,NaN,NaN,NaN,NaN,NaN,NaN,1,0,0,0,0,NaN,NaN,70.83330882630611,NaN,NaN,NaN,1.2666114140390283,1.2476841608481095,NaN,NaN,NaN,NaN,NaN,NaN,NaN,NaN,NaN,NaN,1
2024-08-12T15:50:00-04:00,1.2371502601233373,1.24,1.235,1.2375,1.2417057617853073,1.414045086193373,1.3031468988536372,0,0,19900,20382,0,0,0,0,NaN,NaN,71.81333128140592,NaN,NaN,NaN,1.2666114140390283,1.2476841608481095,NaN,NaN,NaN,NaN,NaN,NaN,NaN,NaN,NaN,NaN,1,0,0,0,0,NaN,NaN,71.81333128140592,NaN,NaN,NaN,1.2666114140390283,1.2476841608481095,NaN,NaN,NaN,NaN,NaN,NaN,NaN,NaN,NaN,NaN,1
2024-08-12T15:52:00-04:00,1.2373251300616688,1.28,1.235,1.2575,1.244577441460706,1.4116550848774438,1.3009724900208832,0,0,19900,20383,0,0,0,0,NaN,NaN,73.21921871485732,NaN,NaN,NaN,1.2666114140390283,1.2476841608481095,NaN,NaN,NaN,NaN,NaN,NaN,NaN,NaN,NaN,NaN,1,0,0,0,0,NaN,NaN,73.21921871485732,NaN,NaN,NaN,1.2666114140390283,1.2476841608481095,NaN,NaN,NaN,NaN,NaN,NaN,NaN,NaN,NaN,NaN,1
2024-08-12T15:55:00-04:00,1.2474125650308343,1.27,1.23,1.25,1.2455633611951231,1.4091870683144294,1.298719953635858,0,0,19900,20384,0,0,0,0,NaN,NaN,74.39359433893418,NaN,NaN,NaN,1.2666114140390283,1.2476841608481095,NaN,NaN,NaN,NaN,NaN,NaN,NaN,NaN,NaN,NaN,1,0,0,0,0,NaN,NaN,74.39359433893418,NaN,NaN,NaN,1.2666114140390283,1.2476841608481095,NaN,NaN,NaN,NaN,NaN,NaN,NaN,NaN,NaN,NaN,1
2024-08-12T15:57:00-04:00,1.2487062825154172,1.2601,1.2487062825154172,1.2601,1.2482063864323734,1.406910929866881,1.298333541572865,0,0,19900,20385,0,0,0,0,NaN,NaN,75.0433338199384,NaN,NaN,NaN,1.2666114140390283,1.2476841608481095,NaN,NaN,NaN,NaN,NaN,NaN,NaN,NaN,NaN,NaN,1,0,0,0,0,NaN,NaN,75.0433338199384,NaN,NaN,NaN,1.2666114140390283,1.2476841608481095,NaN,NaN,NaN,NaN,NaN,NaN,NaN,NaN,NaN,NaN,1
2024-08-12T15:59:00-04:00,1.2544031412577086,1.26,1.2544031412577086,1.26,1.2503506798083055,1.4046680149070812,1.298050858472998,0,0,19900,20386,0,0,0,0,NaN,NaN,75.8370618306545,NaN,NaN,NaN,1.2666114140390283,1.2476841608481095,NaN,NaN,NaN,NaN,NaN,NaN,NaN,NaN,NaN,NaN,1,0,0,0,0,NaN,NaN,75.8370618306545,NaN,NaN,NaN,1.2666114140390283,1.2476841608481095,NaN,NaN,NaN,NaN,NaN,NaN,NaN,NaN,NaN,NaN,1
2024-08-13T08:03:00-04:00,1.2572015706288542,1.4,1.2572015706288542,1.4,1.2775596471158863,1.4045967475039196,1.4,0,0,19900,20387,0,0,0,0,NaN,NaN,71.31065367141072,NaN,NaN,NaN,1.2666114140390283,1.342432,NaN,NaN,NaN,NaN,NaN,NaN,NaN,NaN,NaN,NaN,1,0,0,0,0,NaN,NaN,71.31065367141072,NaN,NaN,NaN,1.2666114140390283,1.342432,NaN,NaN,NaN,NaN,NaN,NaN,NaN,NaN,NaN,NaN,1
2024-08-13T08:31:00-04:00,1.328600785314427,1.54,1.328600785314427,1.4700000000000002,1.3125488021857252,1.405595270442791,1.4657932692307694,0,0,19900,20388,0,0,0,0,NaN,NaN,63.48192764579411,NaN,NaN,NaN,1.340687438991832,1.38020904,NaN,NaN,NaN,NaN,NaN,NaN,NaN,NaN,NaN,NaN,1,0,0,0,0,NaN,NaN,63.48192764579411,NaN,NaN,NaN,1.340687438991832,1.38020904,NaN,NaN,NaN,NaN,NaN,NaN,NaN,NaN,NaN,NaN,1
2024-08-13T08:32:00-04:00,1.3993003926572136,1.69,1.3993003926572136,1.5075,1.3479944745155934,1.407151067840611,1.5031064826538367,0,0,19900,20389,1,0,0,0,NaN,NaN,54.17029786740988,NaN,NaN,NaN,1.4567236157574535,1.4054714976,NaN,NaN,NaN,NaN,NaN,NaN,NaN,NaN,NaN,NaN,1,1,0,0,0,NaN,NaN,54.17029786740988,NaN,NaN,NaN,1.4567236157574535,1.4054714976,NaN,NaN,NaN,NaN,NaN,NaN,NaN,NaN,NaN,NaN,1
2024-08-13T08:33:00-04:00,1.453400196328607,1.55,1.4,1.4875,1.3733591155127582,1.4083777690949528,1.4922090735434577,0,0,19900,20390,0,0,0,0,NaN,NaN,47.783633792845166,NaN,NaN,NaN,1.4567236157574535,1.4054714976,NaN,NaN,NaN,NaN,NaN,NaN,NaN,NaN,NaN,NaN,1,0,0,0,0,NaN,NaN,47.783633792845166,NaN,NaN,NaN,1.4567236157574535,1.4054714976,NaN,NaN,NaN,NaN,NaN,NaN,NaN,NaN,NaN,NaN,1
2024-08-13T08:34:00-04:00,1.4704500981643034,2.08,1.4704500981643034,1.735,1.4391120036013476,1.413364368040068,1.6981573005046626,0,0,19900,20391,0,0,0,0,NaN,NaN,28.103749042980418,NaN,NaN,NaN,1.5856100065663512,1.5386415628160002,NaN,NaN,NaN,NaN,NaN,NaN,NaN,NaN,NaN,NaN,1,0,0,0,0,NaN,NaN,28.103749042980418,NaN,NaN,NaN,1.5856100065663512,1.5386415628160002,NaN,NaN,NaN,NaN,NaN,NaN,NaN,NaN,NaN,NaN,1
2024-08-13T08:35:00-04:00,1.6027250490821516,1.93,1.6027250490821516,1.835,1.5110916393101934,1.4198015532608304,1.760375301725705,0,0,19900,20392,0,0,0,0,NaN,NaN,13.17367941340012,NaN,NaN,NaN,1.7755115021734331,1.6182045752780798,NaN,NaN,NaN,NaN,NaN,NaN,NaN,NaN,NaN,NaN,1,0,0,0,0,NaN,NaN,13.17367941340012,NaN,NaN,NaN,1.7755115021734331,1.6182045752780798,NaN,NaN,NaN,NaN,NaN,NaN,NaN,NaN,NaN,NaN,1
2024-08-13T08:36:00-04:00,1.7188625245410758,1.88,1.38,1.6424999999999998,1.534984068526522,1.4232015295469245,1.7167528212287444,0,0,19900,20393,0,0,0,0,NaN,NaN,8.256149949532876,NaN,NaN,NaN,1.706066055337434,1.6182045752780798,NaN,NaN,NaN,NaN,NaN,NaN,NaN,NaN,NaN,NaN,1,0,0,0,0,NaN,NaN,8.256149949532876,NaN,NaN,NaN,1.706066055337434,1.6182045752780798,NaN,NaN,NaN,NaN,NaN,NaN,NaN,NaN,NaN,NaN,1
2024-08-13T08:37:00-04:00,1.6806812622705378,1.6806812622705378,1.25,1.3675,1.504532419703518,1.4223511245156737,1.6565234895817025,0,0,19900,20394,0,0,0,0,NaN,NaN,7.569149973414511,NaN,NaN,NaN,1.4345166861056138,1.5661874999999998,NaN,NaN,NaN,NaN,NaN,NaN,NaN,NaN,NaN,NaN,1,0,0,0,0,NaN,NaN,7.569149973414511,NaN,NaN,NaN,1.4345166861056138,1.5661874999999998,NaN,NaN,NaN,NaN,NaN,NaN,NaN,NaN,NaN,NaN,1
2024-08-13T08:38:00-04:00,1.5240906311352689,1.5240906311352689,1.25,1.3050000000000002,1.468253797939242,1.4205595042940604,1.6209932625327041,0,0,19900,20395,0,0,0,0,NaN,NaN,7.868275562710051,NaN,NaN,NaN,1.3740798956975195,1.528039375,NaN,NaN,NaN,NaN,NaN,NaN,NaN,NaN,NaN,NaN,1,0,0,0,0,NaN,NaN,7.868275562710051,NaN,NaN,NaN,1.3740798956975195,1.528039375,NaN,NaN,NaN,NaN,NaN,NaN,NaN,NaN,NaN,NaN,1
2024-08-13T08:39:00-04:00,1.4145453155676346,1.4145453155676346,1.31,1.345,1.4458440164957436,1.4194059240758305,1.6025819073448548,0,0,19900,20396,0,0,0,0,NaN,NaN,7.70122667037685,NaN,NaN,NaN,1.3740798956975195,1.528039375,NaN,NaN,NaN,NaN,NaN,NaN,NaN,NaN,NaN,NaN,1,0,0,0,0,NaN,NaN,7.70122667037685,NaN,NaN,NaN,1.3740798956975195,1.528039375,NaN,NaN,NaN,NaN,NaN,NaN,NaN,NaN,NaN,NaN,1
2024-08-13T08:40:00-04:00,1.3797726577838172,1.42,1.36,1.3775000000000002,1.4334178316783357,1.4187661389754362,1.5877211982682642,0,0,19900,20397,0,0,0,0,NaN,NaN,7.333261157061592,NaN,NaN,NaN,1.3740798956975195,1.528039375,NaN,NaN,NaN,NaN,NaN,NaN,NaN,NaN,NaN,NaN,1,0,0,0,0,NaN,NaN,7.333261157061592,NaN,NaN,NaN,1.3740798956975195,1.528039375,NaN,NaN,NaN,NaN,NaN,NaN,NaN,NaN,NaN,NaN,1
2024-08-13T08:41:00-04:00,1.3786363288919086,1.3786363288919086,1.28,1.3275000000000001,1.4141600441004565,1.4173727628078723,1.5757860389124334,0,0,19900,20398,0,0,0,0,NaN,NaN,7.17117584452284,NaN,NaN,NaN,1.3740798956975195,1.528039375,NaN,NaN,NaN,NaN,NaN,NaN,NaN,NaN,NaN,NaN,1,0,0,0,0,NaN,NaN,7.17117584452284,NaN,NaN,NaN,1.3740798956975195,1.528039375,NaN,NaN,NaN,NaN,NaN,NaN,NaN,NaN,NaN,NaN,1
2024-08-13T08:42:00-04:00,1.3530681644459543,1.3530681644459543,1.27,1.3,1.393403672445828,1.4155808122306528,1.569166580983356,0,0,19900,20399,0,0,0,0,NaN,NaN,7.562755695094189,NaN,NaN,NaN,1.3740798956975195,1.5120070125,NaN,NaN,NaN,NaN,NaN,NaN,NaN,NaN,NaN,NaN,1,0,0,0,0,NaN,NaN,7.562755695094189,NaN,NaN,NaN,1.3740798956975195,1.5120070125,NaN,NaN,NaN,NaN,NaN,NaN,NaN,NaN,NaN,NaN,1
2024-08-13T08:43:00-04:00,1.3265340822229772,1.3265340822229772,1.29,1.3025000000000002,1.376875732001132,1.4138543876164444,1.5654132986887341,0,0,19900,20400,0,0,0,0,NaN,NaN,7.075210244230747,NaN,NaN,NaN,1.3740798956975195,1.5120070125,NaN,NaN,NaN,NaN,NaN,NaN,NaN,NaN,NaN,NaN,1,0,0,0,0,NaN,NaN,7.075210244230747,NaN,NaN,NaN,1.3740798956975195,1.5120070125,NaN,NaN,NaN,NaN,NaN,NaN,NaN,NaN,NaN,NaN,1
2024-08-13T08:44:00-04:00,1.3145170411114888,1.35,1.31,1.33,1.36835287163729,1.412574167958178,1.5625516953619116,0,0,19900,20401,0,0,0,0,NaN,NaN,6.481535619451042,NaN,NaN,NaN,1.3740798956975195,1.5120070125,NaN,NaN,NaN,NaN,NaN,NaN,NaN,NaN,NaN,NaN,1,0,0,0,0,NaN,NaN,6.481535619451042,NaN,NaN,NaN,1.3740798956975195,1.5120070125,NaN,NaN,NaN,NaN,NaN,NaN,NaN,NaN,NaN,NaN,1
2024-08-13T08:45:00-04:00,1.3222585205557444,1.34,1.29,1.3175000000000001,1.3591068949759646,1.4111226539435493,1.5590523269708338,0,0,19900,20402,0,0,0,0,NaN,NaN,6.20116820055781,NaN,NaN,NaN,1.3740798956975195,1.5120070125,NaN,NaN,NaN,NaN,NaN,NaN,NaN,NaN,NaN,NaN,1,0,0,0,0,NaN,NaN,6.20116820055781,NaN,NaN,NaN,1.3740798956975195,1.5120070125,NaN,NaN,NaN,NaN,NaN,NaN,NaN,NaN,NaN,NaN,1
2024-08-13T08:46:00-04:00,1.3198792602778724,1.3198792602778724,1.29,1.2975,1.347905641343971,1.4093879569367775,1.5574691058748469,0,0,19900,20403,0,0,0,0,NaN,NaN,5.777726742604959,NaN,NaN,NaN,1.3740798956975195,1.491563881375,NaN,NaN,NaN,NaN,NaN,NaN,NaN,NaN,NaN,NaN,1,0,0,0,0,NaN,NaN,5.777726742604959,NaN,NaN,NaN,1.3740798956975195,1.491563881375,NaN,NaN,NaN,NaN,NaN,NaN,NaN,NaN,NaN,NaN,1
2024-08-13T08:47:00-04:00,1.3086896301389364,1.34,1.3,1.3125,1.3414682520087036,1.4079087514873612,1.5570883767252657,0,0,19900,20404,0,0,0,0,NaN,NaN,5.717074001312055,NaN,NaN,NaN,1.3740798956975195,1.491563881375,NaN,NaN,NaN,NaN,NaN,NaN,NaN,NaN,NaN,NaN,1,0,0,0,0,NaN,NaN,5.717074001312055,NaN,NaN,NaN,1.3740798956975195,1.491563881375,NaN,NaN,NaN,NaN,NaN,NaN,NaN,NaN,NaN,NaN,1
2024-08-13T08:48:00-04:00,1.3105948150694682,1.33,1.31,1.32,1.3375649334616666,1.4065666331440427,1.5560781209089651,0,0,19900,20405,0,0,0,0,NaN,NaN,5.55787492444592,NaN,NaN,NaN,1.3740798956975195,1.491563881375,NaN,NaN,NaN,NaN,NaN,NaN,NaN,NaN,NaN,NaN,1,0,0,0,0,NaN,NaN,5.55787492444592,NaN,NaN,NaN,1.3740798956975195,1.491563881375,NaN,NaN,NaN,NaN,NaN,NaN,NaN,NaN,NaN,NaN,1
2024-08-13T08:49:00-04:00,1.3152974075347341,1.33,1.31,1.322475,1.3348213091959091,1.4052827914166528,1.5548129706283327,0,0,19900,20406,0,0,0,0,NaN,NaN,5.172540038492001,NaN,NaN,NaN,1.3740798956975195,1.491563881375,NaN,NaN,NaN,NaN,NaN,NaN,NaN,NaN,NaN,NaN,1,0,0,0,0,NaN,NaN,5.172540038492001,NaN,NaN,NaN,1.3740798956975195,1.491563881375,NaN,NaN,NaN,NaN,NaN,NaN,NaN,NaN,NaN,NaN,1
2024-08-13T08:50:00-04:00,1.318886203767367,1.34,1.31,1.322475,1.3325765257057438,1.4040185503263223,1.552914277026571,0,0,19900,20407,0,0,0,0,NaN,NaN,4.768754298498778,NaN,NaN,NaN,1.3740798956975195,1.491563881375,NaN,NaN,NaN,NaN,NaN,NaN,NaN,NaN,NaN,NaN,1,0,0,0,0,NaN,NaN,4.768754298498778,NaN,NaN,NaN,1.3740798956975195,1.491563881375,NaN,NaN,NaN,NaN,NaN,NaN,NaN,NaN,NaN,NaN,1
2024-08-13T08:51:00-04:00,1.3206806018836836,1.3206806018836836,1.31,1.3175000000000001,1.3298353392137905,1.4026976564282105,1.5522964819459473,0,0,19900,20408,0,0,0,0,NaN,NaN,4.473304658135638,NaN,NaN,NaN,1.3740798956975195,1.491563881375,NaN,NaN,NaN,NaN,NaN,NaN,NaN,NaN,NaN,NaN,1,0,0,0,0,NaN,NaN,4.473304658135638,NaN,NaN,NaN,1.3740798956975195,1.491563881375,NaN,NaN,NaN,NaN,NaN,NaN,NaN,NaN,NaN,NaN,1
2024-08-13T08:52:00-04:00,1.3190903009418418,1.33,1.31,1.3225000000000002,1.3285016411749195,1.4014732647270165,1.5510391304038413,0,0,19900,20409,0,0,0,0,NaN,NaN,3.9806993096172563,NaN,NaN,NaN,1.3740798956975195,1.491563881375,NaN,NaN,NaN,NaN,NaN,NaN,NaN,NaN,NaN,NaN,1,0,0,0,0,NaN,NaN,3.9806993096172563,NaN,NaN,NaN,1.3740798956975195,1.491563881375,NaN,NaN,NaN,NaN,NaN,NaN,NaN,NaN,NaN,NaN,1
2024-08-13T08:53:00-04:00,1.320795150470921,1.35,1.32,1.3375,1.3301377064158433,1.400496573662482,1.5502598741589415,0,0,19900,20410,0,0,0,0,NaN,NaN,3.425864555528721,NaN,NaN,NaN,1.3740798956975195,1.491563881375,NaN,NaN,NaN,NaN,NaN,NaN,NaN,NaN,NaN,NaN,1,0,0,0,0,NaN,NaN,3.425864555528721,NaN,NaN,NaN,1.3740798956975195,1.491563881375,NaN,NaN,NaN,NaN,NaN,NaN,NaN,NaN,NaN,NaN,1
2024-08-13T08:54:00-04:00,1.3291475752354605,1.35,1.29,1.324975,1.3291990325220535,1.3993435725378638,1.544970720840463,0,0,19900,20411,0,0,0,0,NaN,NaN,3.0442883488402264,NaN,NaN,NaN,1.3740798956975195,1.491563881375,NaN,NaN,NaN,NaN,NaN,NaN,NaN,NaN,NaN,NaN,1,0,0,0,0,NaN,NaN,3.0442883488402264,NaN,NaN,NaN,1.3740798956975195,1.491563881375,NaN,NaN,NaN,NaN,NaN,NaN,NaN,NaN,NaN,NaN,1
2024-08-13T08:55:00-04:00,1.3270612876177301,1.3270612876177301,1.29,1.3025,1.3243446629725892,1.3978650447128582,1.5438219139742693,0,1,19900,20412,0,0,0,0,NaN,NaN,2.8131323264061687,NaN,NaN,NaN,1.3740798956975195,1.491563881375,NaN,NaN,NaN,NaN,NaN,NaN,NaN,NaN,NaN,NaN,1,0,0,0,0,NaN,NaN,2.8131323264061687,NaN,NaN,NaN,1.3740798956975195,1.491563881375,NaN,NaN,NaN,NaN,NaN,NaN,NaN,NaN,NaN,NaN,1
2024-08-13T08:56:00-04:00,1.3147806438088652,1.3147806438088652,1.29,1.3025000000000002,1.3203729060684821,1.3964090898317458,1.5430978495317516,0,0,19900,20413,0,0,0,0,NaN,NaN,2.6970237403906427,NaN,NaN,NaN,1.3740798956975195,1.491563881375,NaN,NaN,NaN,NaN,NaN,NaN,NaN,NaN,NaN,NaN,1,0,0,0,0,NaN,NaN,2.6970237403906427,NaN,NaN,NaN,1.3740798956975195,1.491563881375,NaN,NaN,NaN,NaN,NaN,NaN,NaN,NaN,NaN,NaN,1
2024-08-13T08:57:00-04:00,1.3086403219044327,1.31,1.3,1.304975,1.3175732867833037,1.395013149528971,1.5429902406890923,0,0,19900,20414,0,0,0,0,NaN,NaN,1.8980590215570727,NaN,NaN,NaN,1.3740798956975195,1.491563881375,NaN,NaN,NaN,NaN,NaN,NaN,NaN,NaN,NaN,NaN,1,0,0,0,0,NaN,NaN,1.8980590215570727,NaN,NaN,NaN,1.3740798956975195,1.491563881375,NaN,NaN,NaN,NaN,NaN,NaN,NaN,NaN,NaN,NaN,1
2024-08-13T08:58:00-04:00,1.3068076609522163,1.31,1.3068076609522163,1.31,1.3161963255499758,1.3937152388491394,1.5428146815960933,0,0,19900,20415,0,0,0,0,NaN,NaN,1.3492336034781995,NaN,NaN,NaN,1.3740798956975195,1.491563881375,NaN,NaN,NaN,NaN,NaN,NaN,NaN,NaN,NaN,NaN,1,0,0,0,0,NaN,NaN,1.3492336034781995,NaN,NaN,NaN,1.3740798956975195,1.491563881375,NaN,NaN,NaN,NaN,NaN,NaN,NaN,NaN,NaN,NaN,1
2024-08-13T08:59:00-04:00,1.308403830476108,1.31,1.3,1.3050000000000002,1.3141606299954347,1.3923608077216716,1.542569566262326,0,0,19900,20416,0,0,0,0,NaN,NaN,0.966007479731045,NaN,NaN,NaN,1.3740798956975195,1.491563881375,NaN,NaN,NaN,NaN,NaN,NaN,NaN,NaN,NaN,NaN,1,0,0,0,0,NaN,NaN,0.966007479731045,NaN,NaN,NaN,1.3740798956975195,1.491563881375,NaN,NaN,NaN,NaN,NaN,NaN,NaN,NaN,NaN,NaN,1
2024-08-13T09:00:00-04:00,1.3067019152380541,1.31,1.3067019152380541,1.31,1.3134041518144466,1.3911033908098904,1.54219778074928,0,0,19900,20417,0,0,0,0,NaN,NaN,0.7893206764983335,NaN,NaN,NaN,1.3740798956975195,1.491563881375,NaN,NaN,NaN,NaN,NaN,NaN,NaN,NaN,NaN,NaN,1,0,0,0,0,NaN,NaN,0.7893206764983335,NaN,NaN,NaN,1.3740798956975195,1.491563881375,NaN,NaN,NaN,NaN,NaN,NaN,NaN,NaN,NaN,NaN,1
2024-08-13T09:01:00-04:00,1.308350957619027,1.31,1.26,1.2875,1.3086943060300018,1.3895216596524875,1.538675570035849,0,0,19900,20418,0,0,0,0,NaN,NaN,0.5786510231966964,NaN,NaN,NaN,1.3740798956975195,1.4626762156100002,NaN,NaN,NaN,NaN,NaN,NaN,NaN,NaN,NaN,NaN,1,0,0,0,0,NaN,NaN,0.5786510231966964,NaN,NaN,NaN,1.3740798956975195,1.4626762156100002,NaN,NaN,NaN,NaN,NaN,NaN,NaN,NaN,NaN,NaN,1
2024-08-13T09:02:00-04:00,1.2979254788095136,1.2979254788095136,1.26,1.26255,1.300304432206365,1.3875831610318388,1.5370451680959714,0,0,19900,20419,0,0,0,0,NaN,NaN,0.5471929767505535,NaN,NaN,NaN,1.3740798956975195,1.4220535332685,NaN,NaN,NaN,NaN,NaN,NaN,NaN,NaN,NaN,NaN,1,0,0,0,0,NaN,NaN,0.5471929767505535,NaN,NaN,NaN,1.3740798956975195,1.4220535332685,NaN,NaN,NaN,NaN,NaN,NaN,NaN,NaN,NaN,NaN,1
2024-08-13T09:03:00-04:00,1.2802377394047568,1.2802377394047568,1.26,1.2625,1.293430899077935,1.3856734944512,1.5360423935213583,0,0,19900,20420,0,0,0,0,NaN,NaN,0.5027175939292108,NaN,NaN,NaN,1.3740798956975195,1.3933133972801701,NaN,NaN,NaN,NaN,NaN,NaN,NaN,NaN,NaN,NaN,1,0,0,0,0,NaN,NaN,0.5027175939292108,NaN,NaN,NaN,1.3740798956975195,1.3933133972801701,NaN,NaN,NaN,NaN,NaN,NaN,NaN,NaN,NaN,NaN,1
2024-08-13T09:04:00-04:00,1.2713688697023784,1.2713688697023784,1.25,1.255,1.2864434628819468,1.3836784792687389,1.5340286714309657,0,0,19900,20421,0,0,0,0,NaN,NaN,0.4419153384103416,NaN,NaN,NaN,1.3740798956975195,1.3613050838513343,NaN,NaN,NaN,NaN,NaN,NaN,NaN,NaN,NaN,NaN,1,0,0,0,0,NaN,NaN,0.4419153384103416,NaN,NaN,NaN,1.3740798956975195,1.3613050838513343,NaN,NaN,NaN,NaN,NaN,NaN,NaN,NaN,NaN,NaN,1
2024-08-13T09:05:00-04:00,1.2631844348511891,1.2693,1.25,1.257325,1.281149196903411,1.3817494185165444,1.5328002604015503,0,0,19900,20422,0,0,0,0,NaN,NaN,0.3642403948871853,NaN,NaN,NaN,1.3740798956975195,1.3613050838513343,NaN,NaN,NaN,NaN,NaN,NaN,NaN,NaN,NaN,NaN,1,0,0,0,0,NaN,NaN,0.3642403948871853,NaN,NaN,NaN,1.3740798956975195,1.3613050838513343,NaN,NaN,NaN,NaN,NaN,NaN,NaN,NaN,NaN,NaN,1
2024-08-13T09:06:00-04:00,1.2602547174255947,1.2602547174255947,1.24,1.2525,1.2759402520118817,1.3797761449514063,1.531810704462402,0,0,19900,20423,0,0,0,0,NaN,NaN,0.3164027701568819,NaN,NaN,NaN,1.3740798956975195,1.334241863727014,NaN,NaN,NaN,NaN,NaN,NaN,NaN,NaN,NaN,NaN,1,0,0,0,0,NaN,NaN,0.3164027701568819,NaN,NaN,NaN,1.3740798956975195,1.334241863727014,NaN,NaN,NaN,NaN,NaN,NaN,NaN,NaN,NaN,NaN,1
2024-08-13T09:07:00-04:00,1.2563773587127973,1.2563773587127973,1.23,1.2375,1.2689511152824486,1.3776039900666521,1.53040182736538,0,1,19900,20424,0,0,0,0,NaN,NaN,0.2833227580410548,NaN,NaN,NaN,1.3740798956975195,1.3026465605207203,NaN,NaN,NaN,NaN,NaN,NaN,NaN,NaN,NaN,NaN,1,0,0,0,0,NaN,NaN,0.2833227580410548,NaN,NaN,NaN,1.3740798956975195,1.3026465605207203,NaN,NaN,NaN,NaN,NaN,NaN,NaN,NaN,NaN,NaN,1
2024-08-13T09:08:00-04:00,1.2469386793563988,1.25,1.24,1.2425000000000002,1.2641418215947307,1.3755413337297566,1.5300506781924037,0,0,19900,20425,0,0,0,0,NaN,NaN,0.24050298754707322,NaN,NaN,NaN,1.3255540893022053,1.3026465605207203,NaN,NaN,NaN,NaN,NaN,NaN,NaN,NaN,NaN,NaN,1,0,0,0,0,NaN,NaN,0.24050298754707322,NaN,NaN,NaN,1.3255540893022053,1.3026465605207203,NaN,NaN,NaN,NaN,NaN,NaN,NaN,NaN,NaN,NaN,1
2024-08-13T09:10:00-04:00,1.2447193396781995,1.25,1.24,1.245,1.2606614903956888,1.3735483362682337,1.5298655492040265,0,0,19900,20426,0,0,0,0,NaN,NaN,0.21653993662834942,NaN,NaN,NaN,1.3126748414171716,1.3026465605207203,NaN,NaN,NaN,NaN,NaN,NaN,NaN,NaN,NaN,NaN,1,0,0,0,0,NaN,NaN,0.21653993662834942,NaN,NaN,NaN,1.3126748414171716,1.3026465605207203,NaN,NaN,NaN,NaN,NaN,NaN,NaN,NaN,NaN,NaN,1
2024-08-13T09:11:00-04:00,1.2448596698390997,1.25,1.24,1.2425000000000002,1.2573594012328362,1.37154759830994,1.5288477012545998,0,0,19900,20427,0,0,0,0,NaN,NaN,0.22560179856564141,NaN,NaN,NaN,1.3099239672100855,1.3026465605207203,NaN,NaN,NaN,NaN,NaN,NaN,NaN,NaN,NaN,NaN,1,0,0,0,0,NaN,NaN,0.22560179856564141,NaN,NaN,NaN,1.3099239672100855,1.3026465605207203,NaN,NaN,NaN,NaN,NaN,NaN,NaN,NaN,NaN,NaN,1
2024-08-13T09:12:00-04:00,1.24367983491955,1.25,1.24367983491955,1.25,1.2560213282814114,1.3696919097861242,1.528705231471239,0,0,19900,20428,0,0,0,0,NaN,NaN,0.2598303025083039,NaN,NaN,NaN,1.3099239672100855,1.3026465605207203,NaN,NaN,NaN,NaN,NaN,NaN,NaN,NaN,NaN,NaN,1,0,0,0,0,NaN,NaN,0.2598303025083039,NaN,NaN,NaN,1.3099239672100855,1.3026465605207203,NaN,NaN,NaN,NaN,NaN,NaN,NaN,NaN,NaN,NaN,1
2024-08-13T09:13:00-04:00,1.2468399174597748,1.2468399174597748,1.24,1.24,1.253108359502973,1.3677118806290842,1.5284630820150653,0,0,19900,20429,0,0,0,0,NaN,NaN,0.28762405250522377,NaN,NaN,NaN,1.3099239672100855,1.3026465605207203,NaN,NaN,NaN,NaN,NaN,NaN,NaN,NaN,NaN,NaN,1,0,0,0,0,NaN,NaN,0.28762405250522377,NaN,NaN,NaN,1.3099239672100855,1.3026465605207203,NaN,NaN,NaN,NaN,NaN,NaN,NaN,NaN,NaN,NaN,1
2024-08-13T09:14:00-04:00,1.2434199587298873,1.2434199587298873,1.23,1.2349999999999999,1.2498159305024326,1.3656857450469608,1.5280473460273245,0,0,19900,20430,0,0,0,0,NaN,NaN,0.34512424255908797,NaN,NaN,NaN,1.3099239672100855,1.281477592364504,NaN,NaN,NaN,NaN,NaN,NaN,NaN,NaN,NaN,NaN,1,0,0,0,0,NaN,NaN,0.34512424255908797,NaN,NaN,NaN,1.3099239672100855,1.281477592364504,NaN,NaN,NaN,NaN,NaN,NaN,NaN,NaN,NaN,NaN,1
2024-08-13T09:15:00-04:00,1.2392099793649436,1.2392099793649436,1.22,1.22505,1.2453130340474448,1.363538634435557,1.52720050156037,0,1,19900,20431,0,0,0,0,NaN,NaN,0.48502006182868207,NaN,NaN,NaN,1.3099239672100855,1.2595232368842177,NaN,NaN,NaN,NaN,NaN,NaN,NaN,NaN,NaN,NaN,1,0,0,0,0,NaN,NaN,0.48502006182868207,NaN,NaN,NaN,1.3099239672100855,1.2595232368842177,NaN,NaN,NaN,NaN,NaN,NaN,NaN,NaN,NaN,NaN,1
2024-08-13T09:16:00-04:00,1.2321299896824718,1.2321299896824718,1.22,1.2225,1.241165209675182,1.361385372841121,1.5263320177728525,0,0,19900,20432,0,0,0,0,NaN,NaN,0.6532673944146644,NaN,NaN,NaN,1.3099239672100855,1.2453788716058993,NaN,NaN,NaN,NaN,NaN,NaN,NaN,NaN,NaN,NaN,1,0,0,0,0,NaN,NaN,0.6532673944146644,NaN,NaN,NaN,1.3099239672100855,1.2453788716058993,NaN,NaN,NaN,NaN,NaN,NaN,NaN,NaN,NaN,NaN,1
2024-08-13T09:17:00-04:00,1.2273149948412359,1.2273149948412359,1.18,1.1999999999999997,1.233680626097876,1.3589214740191191,1.523893601922082,0,0,19900,20433,0,0,0,1,NaN,NaN,0.9514363750241844,NaN,NaN,NaN,1.3099239672100855,1.2208186116795985,NaN,NaN,NaN,NaN,NaN,NaN,NaN,NaN,NaN,NaN,1,0,0,0,1,NaN,NaN,0.9514363750241844,NaN,NaN,NaN,1.3099239672100855,1.2208186116795985,NaN,NaN,NaN,NaN,NaN,NaN,NaN,NaN,NaN,NaN,1
2024-08-13T09:18:00-04:00,1.2136574974206178,1.2136574974206178,1.13,1.1625,1.2207386940800804,1.3559226728890563,1.5190295266218734,0,0,19900,20434,0,0,0,0,NaN,NaN,1.6363532656567692,NaN,NaN,NaN,1.3099239672100855,1.1854497947741671,NaN,NaN,NaN,NaN,NaN,NaN,NaN,NaN,NaN,NaN,1,0,0,0,0,NaN,NaN,1.6363532656567692,NaN,NaN,NaN,1.3099239672100855,1.1854497947741671,NaN,NaN,NaN,NaN,NaN,NaN,NaN,NaN,NaN,NaN,1
2024-08-13T09:19:00-04:00,1.1880787487103088,1.1880787487103088,1.12,1.1324999999999998,1.2046952951564294,1.3525116397151775,1.5165724957117674,0,0,19900,20435,0,0,0,0,NaN,NaN,2.893419233791812,NaN,NaN,NaN,1.2719245175020293,1.153372387125792,NaN,NaN,NaN,NaN,NaN,NaN,NaN,NaN,NaN,NaN,1,0,0,0,0,NaN,NaN,2.893419233791812,NaN,NaN,NaN,1.2719245175020293,1.153372387125792,NaN,NaN,NaN,NaN,NaN,NaN,NaN,NaN,NaN,NaN,1
2024-08-13T09:20:00-04:00,1.1602893743551543,1.1602893743551543,1.12,1.135,1.192023423309806,1.3491908513225794,1.5142950143811917,0,0,19900,20436,0,0,0,0,NaN,NaN,4.459157247109484,NaN,NaN,NaN,1.2020570703581115,1.153372387125792,NaN,NaN,NaN,NaN,NaN,NaN,NaN,NaN,NaN,NaN,1,0,0,0,0,NaN,NaN,4.459157247109484,NaN,NaN,NaN,1.2020570703581115,1.153372387125792,NaN,NaN,NaN,NaN,NaN,NaN,NaN,NaN,NaN,NaN,1
2024-08-13T09:21:00-04:00,1.1476446871775772,1.15,1.14,1.145,1.1834737099807504,1.3460734337451354,1.51311711440012,0,0,19900,20437,0,0,0,0,NaN,NaN,5.95339099808785,NaN,NaN,NaN,1.2020570703581115,1.153372387125792,NaN,NaN,NaN,NaN,NaN,NaN,NaN,NaN,NaN,NaN,1,0,0,0,0,NaN,NaN,5.95339099808785,NaN,NaN,NaN,1.2020570703581115,1.153372387125792,NaN,NaN,NaN,NaN,NaN,NaN,NaN,NaN,NaN,NaN,1
2024-08-13T09:22:00-04:00,1.1463223435887886,1.16,1.1463223435887886,1.1524999999999999,1.1778421263478867,1.3431181141459732,1.5120537451593161,0,0,19900,20438,0,0,0,0,NaN,NaN,7.502778625321457,NaN,NaN,NaN,1.2020570703581115,1.153372387125792,NaN,NaN,NaN,NaN,NaN,NaN,NaN,NaN,NaN,NaN,1,0,0,0,0,NaN,NaN,7.502778625321457,NaN,NaN,NaN,1.2020570703581115,1.153372387125792,NaN,NaN,NaN,NaN,NaN,NaN,NaN,NaN,NaN,NaN,1
2024-08-13T09:23:00-04:00,1.1494111717943942,1.15,1.1494111717943942,1.15,1.1727799215573618,1.3401697459910729,1.5120361054784026,0,0,19900,20439,0,0,0,0,NaN,NaN,9.13633030426441,NaN,NaN,NaN,1.2020570703581115,1.153372387125792,NaN,NaN,NaN,NaN,NaN,NaN,NaN,NaN,NaN,NaN,1,0,0,0,0,NaN,NaN,9.13633030426441,NaN,NaN,NaN,1.2020570703581115,1.153372387125792,NaN,NaN,NaN,NaN,NaN,NaN,NaN,NaN,NaN,NaN,1
2024-08-13T09:24:00-04:00,1.149705585897197,1.15,1.14,1.1449999999999998,1.1677290267287506,1.3371900552125833,1.511946715117808,0,0,19900,20440,0,0,0,0,NaN,NaN,10.785368540159828,NaN,NaN,NaN,1.2020570703581115,1.153372387125792,NaN,NaN,NaN,NaN,NaN,NaN,NaN,NaN,NaN,NaN,1,0,0,0,0,NaN,NaN,10.785368540159828,NaN,NaN,NaN,1.2020570703581115,1.153372387125792,NaN,NaN,NaN,NaN,NaN,NaN,NaN,NaN,NaN,NaN,1
2024-08-13T09:25:00-04:00,1.1473527929485985,1.15,1.13,1.14235,1.1631146582326142,1.3342153978810936,1.5115349103968985,0,0,19900,20441,0,0,0,0,NaN,NaN,12.790767550660403,NaN,NaN,NaN,1.2020570703581115,1.153372387125792,NaN,NaN,NaN,NaN,NaN,NaN,NaN,NaN,NaN,NaN,1,0,0,0,0,NaN,NaN,12.790767550660403,NaN,NaN,NaN,1.2020570703581115,1.153372387125792,NaN,NaN,NaN,NaN,NaN,NaN,NaN,NaN,NaN,NaN,1
2024-08-13T09:26:00-04:00,1.1448513964742992,1.15,1.1448513964742992,1.15,1.1607301749175933,1.3314029490584813,1.510689382599131,0,0,19900,20442,0,0,0,0,NaN,NaN,14.635769573048268,NaN,NaN,NaN,1.2020570703581115,1.153372387125792,NaN,NaN,NaN,NaN,NaN,NaN,NaN,NaN,NaN,NaN,1,0,0,0,0,NaN,NaN,14.635769573048268,NaN,NaN,NaN,1.2020570703581115,1.153372387125792,NaN,NaN,NaN,NaN,NaN,NaN,NaN,NaN,NaN,NaN,1
2024-08-13T09:27:00-04:00,1.1474256982371496,1.1474256982371496,1.13,1.1349999999999998,1.1560519612962128,1.328404430752245,1.5105063780500585,0,0,19900,20443,0,0,0,0,NaN,NaN,16.59844600879767,NaN,NaN,NaN,1.2020570703581115,1.153372387125792,NaN,NaN,NaN,NaN,NaN,NaN,NaN,NaN,NaN,NaN,1,0,0,0,0,NaN,NaN,16.59844600879767,NaN,NaN,NaN,1.2020570703581115,1.153372387125792,NaN,NaN,NaN,NaN,NaN,NaN,NaN,NaN,NaN,NaN,1
2024-08-13T09:28:00-04:00,1.1412128491185747,1.1412128491185747,1.12,1.13,1.1513152410605376,1.3253753554735848,1.5103218550386304,0,0,19900,20444,0,0,0,0,NaN,NaN,19.30153922244606,NaN,NaN,NaN,1.2020570703581115,1.1415036413054116,NaN,NaN,NaN,NaN,NaN,NaN,NaN,NaN,NaN,NaN,1,0,0,0,0,NaN,NaN,19.30153922244606,NaN,NaN,NaN,1.2020570703581115,1.1415036413054116,NaN,NaN,NaN,NaN,NaN,NaN,NaN,NaN,NaN,NaN,1
2024-08-13T09:29:00-04:00,1.1356064245592874,1.1391,1.13,1.13455,1.1482670154131671,1.3224619912678812,1.5100978493828932,0,0,19900,20445,0,0,0,0,NaN,NaN,22.78037184395006,NaN,NaN,NaN,1.2020570703581115,1.1415036413054116,NaN,NaN,NaN,NaN,NaN,NaN,NaN,NaN,NaN,NaN,1,0,0,0,0,NaN,NaN,22.78037184395006,NaN,NaN,NaN,1.2020570703581115,1.1415036413054116,NaN,NaN,NaN,NaN,NaN,NaN,NaN,NaN,NaN,NaN,1
2024-08-13T09:30:00-04:00,1.1350782122796437,1.14,1.07,1.115,1.1422184671562277,1.31929463262257,1.5060595839339552,0,0,19900,20446,0,0,0,0,NaN,NaN,26.47398596597456,NaN,NaN,NaN,1.2020570703581115,1.1243117842396517,NaN,NaN,NaN,NaN,NaN,NaN,NaN,NaN,NaN,NaN,1,0,0,0,0,NaN,NaN,26.47398596597456,NaN,NaN,NaN,1.2020570703581115,1.1243117842396517,NaN,NaN,NaN,NaN,NaN,NaN,NaN,NaN,NaN,NaN,1
2024-08-13T09:31:00-04:00,1.125039106139822,1.13,1.07,1.11,1.1363605640369137,1.3160992947199355,1.5048528520824327,0,0,19900,20447,0,0,0,0,NaN,NaN,30.39501913477102,NaN,NaN,NaN,1.2020570703581115,1.1154334207502399,NaN,NaN,NaN,NaN,NaN,NaN,NaN,NaN,NaN,NaN,1,0,0,0,0,NaN,NaN,30.39501913477102,NaN,NaN,NaN,1.2020570703581115,1.1154334207502399,NaN,NaN,NaN,NaN,NaN,NaN,NaN,NaN,NaN,NaN,1
2024-08-13T09:32:00-04:00,1.117519553069911,1.117519553069911,1.0715,1.090375,1.1279995523938384,1.3126531222814632,1.503030747175692,0,0,19900,20448,0,0,0,0,NaN,NaN,34.81485271723762,NaN,NaN,NaN,1.2020570703581115,1.0969307459226032,NaN,NaN,NaN,NaN,NaN,NaN,NaN,NaN,NaN,NaN,1,0,0,0,0,NaN,NaN,34.81485271723762,NaN,NaN,NaN,1.2020570703581115,1.0969307459226032,NaN,NaN,NaN,NaN,NaN,NaN,NaN,NaN,NaN,NaN,1
2024-08-13T09:33:00-04:00,1.1039472765349556,1.11,1.1,1.10625,1.1240450883222315,1.309501929574876,1.5005273826235437,0,0,19900,20449,0,0,0,0,NaN,NaN,38.70923556232065,NaN,NaN,NaN,1.2020570703581115,1.103075,NaN,NaN,NaN,NaN,NaN,NaN,NaN,NaN,NaN,NaN,1,0,0,0,0,NaN,NaN,38.70923556232065,NaN,NaN,NaN,1.2020570703581115,1.103075,NaN,NaN,NaN,NaN,NaN,NaN,NaN,NaN,NaN,NaN,1
2024-08-13T09:34:00-04:00,1.105098638267478,1.105098638267478,0.84,0.979475,1.0977596177181894,1.304463350497397,1.4778616537335736,0,0,19900,20450,0,0,0,0,NaN,NaN,44.168408789514594,NaN,NaN,NaN,1.187105072429026,1.040960875,NaN,NaN,NaN,NaN,NaN,NaN,NaN,NaN,NaN,NaN,1,0,0,0,0,NaN,NaN,44.168408789514594,NaN,NaN,NaN,1.187105072429026,1.040960875,NaN,NaN,NaN,NaN,NaN,NaN,NaN,NaN,NaN,NaN,1
2024-08-13T09:35:00-04:00,1.0422868191337389,1.0422868191337389,0.873949,0.8897495,1.0599395963148823,1.2981318413294978,1.4645810187994468,0,0,19900,20451,0,0,0,0,NaN,NaN,49.362479996290915,NaN,NaN,NaN,0.9584277476743466,0.9929076662499999,NaN,NaN,NaN,NaN,NaN,NaN,NaN,NaN,NaN,NaN,1,0,0,0,0,NaN,NaN,49.362479996290915,NaN,NaN,NaN,0.9584277476743466,0.9929076662499999,NaN,NaN,NaN,NaN,NaN,NaN,NaN,NaN,NaN,NaN,1
2024-08-13T09:36:00-04:00,0.9660181595668694,0.9660181595668694,0.9,0.9113749999999999,1.0329278515303582,1.2922271567290475,1.4609245793343,0,0,19900,20452,0,0,0,0,NaN,NaN,54.21169649390828,NaN,NaN,NaN,0.9584277476743466,0.9929076662499999,NaN,NaN,NaN,NaN,NaN,NaN,NaN,NaN,NaN,NaN,1,0,0,0,0,NaN,NaN,54.21169649390828,NaN,NaN,NaN,0.9584277476743466,0.9929076662499999,NaN,NaN,NaN,NaN,NaN,NaN,NaN,NaN,NaN,NaN,1
2024-08-13T09:37:00-04:00,0.9386965797834347,0.9386965797834347,0.9,0.909725,1.010527333070293,1.286387429145398,1.4595494143082683,0,0,19900,20453,0,0,0,0,NaN,NaN,58.94724428912356,NaN,NaN,NaN,0.9584277476743466,0.9929076662499999,NaN,NaN,NaN,NaN,NaN,NaN,NaN,NaN,NaN,NaN,1,0,0,0,0,NaN,NaN,58.94724428912356,NaN,NaN,NaN,0.9584277476743466,0.9929076662499999,NaN,NaN,NaN,NaN,NaN,NaN,NaN,NaN,NaN,NaN,1
2024-08-13T09:38:00-04:00,0.9242107898917173,0.9242107898917173,0.9067,0.9112250000000001,0.9924723634211489,1.2806597584714225,1.4571470140277332,0,0,19900,20454,0,0,0,0,NaN,NaN,63.633496225063865,NaN,NaN,NaN,0.9584277476743466,0.9929076662499999,NaN,NaN,NaN,NaN,NaN,NaN,NaN,NaN,NaN,NaN,1,0,0,0,0,NaN,NaN,63.633496225063865,NaN,NaN,NaN,0.9584277476743466,0.9929076662499999,NaN,NaN,NaN,NaN,NaN,NaN,NaN,NaN,NaN,NaN,1
2024-08-13T09:39:00-04:00,0.9177178949458586,0.9177178949458586,0.831201,0.87777475,0.9716182518900309,1.2745088423115536,1.4507846054892237,0,0,19900,20455,0,0,0,0,NaN,NaN,67.67806023290689,NaN,NaN,NaN,0.9584277476743466,0.9803715587749999,NaN,NaN,NaN,NaN,NaN,NaN,NaN,NaN,NaN,NaN,1,0,0,0,0,NaN,NaN,67.67806023290689,NaN,NaN,NaN,0.9584277476743466,0.9803715587749999,NaN,NaN,NaN,NaN,NaN,NaN,NaN,NaN,NaN,NaN,1
2024-08-13T09:40:00-04:00,0.8977463224729294,0.8998,0.8601,0.8775000000000001,0.9545058424554799,1.2684476386121406,1.4496262662078583,0,0,19900,20456,0,0,0,0,NaN,NaN,71.78911428058628,NaN,NaN,NaN,0.9584277476743466,0.97098810723525,NaN,NaN,NaN,NaN,NaN,NaN,NaN,NaN,NaN,NaN,1,0,0,0,0,NaN,NaN,71.78911428058628,NaN,NaN,NaN,0.9584277476743466,0.97098810723525,NaN,NaN,NaN,NaN,NaN,NaN,NaN,NaN,NaN,NaN,1
2024-08-13T09:41:00-04:00,0.8876231612364647,0.89,0.85,0.8775000000000001,0.9405047801908472,1.2624789723737873,1.4460681646950853,0,0,19900,20457,0,0,0,0,NaN,NaN,75.55406775701373,NaN,NaN,NaN,0.9584277476743466,0.97098810723525,NaN,NaN,NaN,NaN,NaN,NaN,NaN,NaN,NaN,NaN,1,0,0,0,0,NaN,NaN,75.55406775701373,NaN,NaN,NaN,0.9584277476743466,0.97098810723525,NaN,NaN,NaN,NaN,NaN,NaN,NaN,NaN,NaN,NaN,1
2024-08-13T09:42:00-04:00,0.8825615806182323,0.8998,0.8605,0.88015,0.9295311837925113,1.256641888826096,1.4444180124556767,0,0,19900,20458,0,0,0,0,NaN,NaN,79.21131167889493,NaN,NaN,NaN,0.9584277476743466,0.97098810723525,NaN,NaN,NaN,NaN,NaN,NaN,NaN,NaN,NaN,NaN,1,0,0,0,0,NaN,NaN,79.21131167889493,NaN,NaN,NaN,0.9584277476743466,0.97098810723525,NaN,NaN,NaN,NaN,NaN,NaN,NaN,NaN,NaN,NaN,1
2024-08-13T09:43:00-04:00,0.8813557903091161,0.89,0.879999,0.8864375,0.9216959685575092,1.2509899134241709,1.4439732741248335,0,0,19900,20459,0,0,0,0,NaN,NaN,80.35907411114263,NaN,NaN,NaN,0.9584277476743466,0.97098810723525,NaN,NaN,NaN,NaN,NaN,NaN,NaN,NaN,NaN,NaN,1,0,0,0,0,NaN,NaN,80.35907411114263,NaN,NaN,NaN,0.9584277476743466,0.97098810723525,NaN,NaN,NaN,NaN,NaN,NaN,NaN,NaN,NaN,NaN,1
2024-08-13T09:44:00-04:00,0.883896645154558,0.89,0.883896645154558,0.8871677499999999,0.9154181106379621,1.2454353765780004,1.4436569275758342,0,0,19900,20460,0,0,0,0,NaN,NaN,80.75389459486097,NaN,NaN,NaN,0.9584277476743466,0.97098810723525,NaN,NaN,NaN,NaN,NaN,NaN,NaN,NaN,NaN,NaN,1,0,0,0,0,NaN,NaN,80.75389459486097,NaN,NaN,NaN,0.9584277476743466,0.97098810723525,NaN,NaN,NaN,NaN,NaN,NaN,NaN,NaN,NaN,NaN,1
2024-08-13T09:45:00-04:00,0.885532197577279,0.8899,0.865,0.87645,0.9083329996128781,1.239802012050092,1.4422238226253976,0,0,19900,20461,0,0,0,0,NaN,NaN,80.89063735003307,NaN,NaN,NaN,0.9584277476743466,0.9591815343670199,NaN,NaN,NaN,NaN,NaN,NaN,NaN,NaN,NaN,NaN,1,0,0,0,0,NaN,NaN,80.89063735003307,NaN,NaN,NaN,0.9584277476743466,0.9591815343670199,NaN,NaN,NaN,NaN,NaN,NaN,NaN,NaN,NaN,NaN,1
2024-08-13T09:46:00-04:00,0.8809910987886395,0.8809910987886395,0.8651,0.874375,0.902158817865082,1.2342229736981822,1.440726184328163,0,0,19900,20462,0,0,0,0,NaN,NaN,81.07528054507384,NaN,NaN,NaN,0.9584277476743466,0.9455786792119669,NaN,NaN,NaN,NaN,NaN,NaN,NaN,NaN,NaN,NaN,1,0,0,0,0,NaN,NaN,81.07528054507384,NaN,NaN,NaN,0.9584277476743466,0.9455786792119669,NaN,NaN,NaN,NaN,NaN,NaN,NaN,NaN,NaN,NaN,1
2024-08-13T09:47:00-04:00,0.8776830493943197,0.88,0.8696,0.874875,0.8971981237077944,1.2287367450921032,1.4401380060996114,0,0,19900,20463,0,0,0,0,NaN,NaN,82.13493282816756,NaN,NaN,NaN,0.9584277476743466,0.9455786792119669,NaN,NaN,NaN,NaN,NaN,NaN,NaN,NaN,NaN,NaN,1,0,0,0,0,NaN,NaN,82.13493282816756,NaN,NaN,NaN,0.9584277476743466,0.9455786792119669,NaN,NaN,NaN,NaN,NaN,NaN,NaN,NaN,NaN,NaN,1
2024-08-13T09:48:00-04:00,0.8762790246971599,0.89,0.8731,0.883175,0.8946484648518318,1.223460993258636,1.4391587894893456,0,0,19900,20464,0,0,0,0,NaN,NaN,85.96778524963756,NaN,NaN,NaN,0.9584277476743466,0.9455786792119669,NaN,NaN,NaN,NaN,NaN,NaN,NaN,NaN,NaN,NaN,1,0,0,0,0,NaN,NaN,85.96778524963756,NaN,NaN,NaN,0.9584277476743466,0.9455786792119669,NaN,NaN,NaN,NaN,NaN,NaN,NaN,NaN,NaN,NaN,1
2024-08-13T09:49:00-04:00,0.87972701234858,0.89,0.87972701234858,0.8891439999999999,0.8936476530605897,1.2183569170256798,1.4383341931878535,0,0,19900,20465,0,0,0,0,NaN,NaN,87.07451772974403,NaN,NaN,NaN,0.9584277476743466,0.9455786792119669,NaN,NaN,NaN,NaN,NaN,NaN,NaN,NaN,NaN,NaN,1,0,0,0,0,NaN,NaN,87.07451772974403,NaN,NaN,NaN,0.9584277476743466,0.9455786792119669,NaN,NaN,NaN,NaN,NaN,NaN,NaN,NaN,NaN,NaN,1
2024-08-13T09:50:00-04:00,0.8844355061742899,0.89,0.87,0.880025,0.8911708070495734,1.2131915442466619,1.430543901540565,0,0,19900,20466,0,0,0,0,NaN,NaN,87.50625726927552,NaN,NaN,NaN,0.9584277476743466,0.9455786792119669,NaN,NaN,NaN,NaN,NaN,NaN,NaN,NaN,NaN,NaN,1,0,0,0,0,NaN,NaN,87.50625726927552,NaN,NaN,NaN,0.9584277476743466,0.9455786792119669,NaN,NaN,NaN,NaN,NaN,NaN,NaN,NaN,NaN,NaN,1
2024-08-13T09:51:00-04:00,0.8822302530871449,0.8822302530871449,0.87,0.87747475,0.8886806148587418,1.208066097006255,1.425656966801039,0,0,19900,20467,0,0,0,0,NaN,NaN,88.59072668922528,NaN,NaN,NaN,0.9584277476743466,0.9455786792119669,NaN,NaN,NaN,NaN,NaN,NaN,NaN,NaN,NaN,NaN,1,0,0,0,0,NaN,NaN,88.59072668922528,NaN,NaN,NaN,0.9584277476743466,0.9455786792119669,NaN,NaN,NaN,NaN,NaN,NaN,NaN,NaN,NaN,NaN,1
2024-08-13T09:52:00-04:00,0.8798525015435724,0.8798525015435724,0.8716,0.874475,0.886097775793516,1.202973103158831,1.4251613804843655,0,0,19900,20468,0,0,0,0,NaN,NaN,89.11967334026622,NaN,NaN,NaN,0.9584277476743466,0.9455786792119669,NaN,NaN,NaN,NaN,NaN,NaN,NaN,NaN,NaN,NaN,1,0,0,0,0,NaN,NaN,89.11967334026622,NaN,NaN,NaN,0.9584277476743466,0.9455786792119669,NaN,NaN,NaN,NaN,NaN,NaN,NaN,NaN,NaN,NaN,1
2024-08-13T09:53:00-04:00,0.8771637507717862,0.89,0.87,0.8806,0.8850981801946949,1.1980513763930474,1.424668153105895,0,0,19900,20469,0,0,0,0,NaN,NaN,89.28222332982597,NaN,NaN,NaN,0.9584277476743466,0.9455786792119669,NaN,NaN,NaN,NaN,NaN,NaN,NaN,NaN,NaN,NaN,1,0,0,0,0,NaN,NaN,89.28222332982597,NaN,NaN,NaN,0.9584277476743466,0.9455786792119669,NaN,NaN,NaN,NaN,NaN,NaN,NaN,NaN,NaN,NaN,1
2024-08-13T09:54:00-04:00,0.8788818753858931,0.88,0.8701,0.8747280000000001,0.8832126928865686,1.1931151416389552,1.4243129858571084,0,0,19900,20470,0,0,0,0,NaN,NaN,89.81589831158144,NaN,NaN,NaN,0.9584277476743466,0.9455786792119669,NaN,NaN,NaN,NaN,NaN,NaN,NaN,NaN,NaN,NaN,1,0,0,0,0,NaN,NaN,89.81589831158144,NaN,NaN,NaN,0.9584277476743466,0.9455786792119669,NaN,NaN,NaN,NaN,NaN,NaN,NaN,NaN,NaN,NaN,1
2024-08-13T09:55:00-04:00,0.8768049376929465,0.8788,0.8768049376929465,0.87877475,0.8824057941799197,1.1883160516902689,1.4240279519782524,0,0,19900,20471,0,0,0,0,NaN,NaN,90.55068617620915,NaN,NaN,NaN,0.9584277476743466,0.9455786792119669,NaN,NaN,NaN,NaN,NaN,NaN,NaN,NaN,NaN,NaN,1,0,0,0,0,NaN,NaN,90.55068617620915,NaN,NaN,NaN,0.9584277476743466,0.9455786792119669,NaN,NaN,NaN,NaN,NaN,NaN,NaN,NaN,NaN,NaN,1
2024-08-13T09:56:00-04:00,0.8777898438464733,0.89,0.8777898438464733,0.8897,0.8837320134199343,1.183757028000341,1.4226173370595245,0,0,19900,20472,0,0,0,0,NaN,NaN,91.09126147251402,NaN,NaN,NaN,0.9584277476743466,0.9455786792119669,NaN,NaN,NaN,NaN,NaN,NaN,NaN,NaN,NaN,NaN,1,0,0,0,0,NaN,NaN,91.09126147251402,NaN,NaN,NaN,0.9584277476743466,0.9455786792119669,NaN,NaN,NaN,NaN,NaN,NaN,NaN,NaN,NaN,NaN,1
2024-08-13T09:57:00-04:00,0.8837449219232367,0.9,0.8788,0.88985,0.8848443746163099,1.1792698978018625,1.4190249298875974,0,0,19900,20473,0,0,0,0,NaN,NaN,91.25028169741407,NaN,NaN,NaN,0.9584277476743466,0.9455786792119669,NaN,NaN,NaN,NaN,NaN,NaN,NaN,NaN,NaN,NaN,1,0,0,0,0,NaN,NaN,91.25028169741407,NaN,NaN,NaN,0.9584277476743466,0.9455786792119669,NaN,NaN,NaN,NaN,NaN,NaN,NaN,NaN,NaN,NaN,1
2024-08-13T09:58:00-04:00,0.8867974609616184,0.93,0.8867974609616184,0.9187375000000001,0.8910067610497081,1.175292303942292,1.4164155370978693,0,0,19900,20474,0,0,0,0,NaN,NaN,91.1724853024772,NaN,NaN,NaN,0.9584277476743466,0.9455786792119669,NaN,NaN,NaN,NaN,NaN,NaN,NaN,NaN,NaN,NaN,1,0,0,0,0,NaN,NaN,91.1724853024772,NaN,NaN,NaN,0.9584277476743466,0.9455786792119669,NaN,NaN,NaN,NaN,NaN,NaN,NaN,NaN,NaN,NaN,1
2024-08-13T09:59:00-04:00,0.9027674804808092,0.9299,0.9001,0.91745,0.8958146226770339,1.1713557802179821,1.4150103333589714,0,0,19900,20475,0,0,0,0,NaN,NaN,91.19814019728616,NaN,NaN,NaN,0.9584277476743466,0.9455786792119669,NaN,NaN,NaN,NaN,NaN,NaN,NaN,NaN,NaN,NaN,1,0,0,0,0,NaN,NaN,91.19814019728616,NaN,NaN,NaN,0.9584277476743466,0.9455786792119669,NaN,NaN,NaN,NaN,NaN,NaN,NaN,NaN,NaN,NaN,1
2024-08-13T10:00:00-04:00,0.9101087402404047,0.919,0.91,0.9148000000000001,0.8992665094630278,1.1674388980772497,1.4137379338730287,0,0,19900,20476,0,0,0,0,NaN,NaN,90.99653009738886,NaN,NaN,NaN,0.9584277476743466,0.9455786792119669,NaN,NaN,NaN,NaN,NaN,NaN,NaN,NaN,NaN,NaN,1,0,0,0,0,NaN,NaN,90.99653009738886,NaN,NaN,NaN,0.9584277476743466,0.9455786792119669,NaN,NaN,NaN,NaN,NaN,NaN,NaN,NaN,NaN,NaN,1
2024-08-13T10:01:00-04:00,0.9124543701202024,0.919,0.9099,0.914475,0.902031689560659,1.1635768538317954,1.413509327731503,0,0,19900,20477,0,0,0,0,NaN,NaN,90.6297030590269,NaN,NaN,NaN,0.9584277476743466,0.9455786792119669,NaN,NaN,NaN,NaN,NaN,NaN,NaN,NaN,NaN,NaN,1,0,0,0,0,NaN,NaN,90.6297030590269,NaN,NaN,NaN,0.9584277476743466,0.9455786792119669,NaN,NaN,NaN,NaN,NaN,NaN,NaN,NaN,NaN,NaN,1
2024-08-13T10:02:00-04:00,0.9134646850601011,0.9298,0.9134646850601011,0.92305,0.9058532005496301,1.1599046881244397,1.4132504913763408,0,0,19900,20478,0,0,0,0,NaN,NaN,90.03908558038889,NaN,NaN,NaN,0.9584277476743466,0.9455786792119669,NaN,NaN,NaN,NaN,NaN,NaN,NaN,NaN,NaN,NaN,1,0,0,0,0,NaN,NaN,90.03908558038889,NaN,NaN,NaN,0.9584277476743466,0.9455786792119669,NaN,NaN,NaN,NaN,NaN,NaN,NaN,NaN,NaN,NaN,1
2024-08-13T10:03:00-04:00,0.9182573425300506,0.9244,0.9,0.91715,0.907907164086061,1.1561985096797918,1.4122022594452275,0,0,19900,20479,0,0,0,0,NaN,NaN,89.41571720779238,NaN,NaN,NaN,0.9584277476743466,0.9455786792119669,NaN,NaN,NaN,NaN,NaN,NaN,NaN,NaN,NaN,NaN,1,0,0,0,0,NaN,NaN,89.41571720779238,NaN,NaN,NaN,0.9584277476743466,0.9455786792119669,NaN,NaN,NaN,NaN,NaN,NaN,NaN,NaN,NaN,NaN,1
2024-08-13T10:05:00-04:00,0.9177036712650253,0.9198,0.910101,0.9131130000000001,0.9088536797067772,1.152487280524375,1.4115166235163275,0,0,19900,20480,0,0,0,0,NaN,NaN,88.77031324803154,NaN,NaN,NaN,0.9584277476743466,0.9455786792119669,NaN,NaN,NaN,NaN,NaN,NaN,NaN,NaN,NaN,NaN,1,0,0,0,0,NaN,NaN,88.77031324803154,NaN,NaN,NaN,0.9584277476743466,0.9455786792119669,NaN,NaN,NaN,NaN,NaN,NaN,NaN,NaN,NaN,NaN,1
2024-08-13T10:06:00-04:00,0.9154083356325127,0.9154083356325127,0.9125,0.9137500000000001,0.9097439197600905,1.1488424365469037,1.4113138784824448,0,0,19900,20481,0,0,0,0,NaN,NaN,87.98473482433033,NaN,NaN,NaN,0.9584277476743466,0.9455786792119669,NaN,NaN,NaN,NaN,NaN,NaN,NaN,NaN,NaN,NaN,1,0,0,0,0,NaN,NaN,87.98473482433033,NaN,NaN,NaN,0.9584277476743466,0.9455786792119669,NaN,NaN,NaN,NaN,NaN,NaN,NaN,NaN,NaN,NaN,1
2024-08-13T10:07:00-04:00,0.9145791678162564,0.9189,0.9145791678162564,0.918455,0.9113277525309832,1.1453250711034395,1.4108580234897379,0,0,19900,20482,0,0,0,0,NaN,NaN,86.9712159626149,NaN,NaN,NaN,0.9584277476743466,0.9455786792119669,NaN,NaN,NaN,NaN,NaN,NaN,NaN,NaN,NaN,NaN,1,0,0,0,0,NaN,NaN,86.9712159626149,NaN,NaN,NaN,0.9584277476743466,0.9455786792119669,NaN,NaN,NaN,NaN,NaN,NaN,NaN,NaN,NaN,NaN,1
2024-08-13T10:08:00-04:00,0.9165170839081282,0.919,0.9101,0.91355,0.9117317975253498,1.1417865203995703,1.409695767711199,0,0,19900,20483,0,0,0,0,NaN,NaN,85.97808886322828,NaN,NaN,NaN,0.9584277476743466,0.9455786792119669,NaN,NaN,NaN,NaN,NaN,NaN,NaN,NaN,NaN,NaN,1,0,0,0,0,NaN,NaN,85.97808886322828,NaN,NaN,NaN,0.9584277476743466,0.9455786792119669,NaN,NaN,NaN,NaN,NaN,NaN,NaN,NaN,NaN,NaN,1
2024-08-13T10:09:00-04:00,0.9150335419540641,0.923395,0.9150335419540641,0.9216975000000001,0.9135437434298317,1.1384263826835463,1.4088014852159112,0,0,19900,20484,0,0,0,0,NaN,NaN,84.87220915799675,NaN,NaN,NaN,0.9584277476743466,0.9455786792119669,NaN,NaN,NaN,NaN,NaN,NaN,NaN,NaN,NaN,NaN,1,0,0,0,0,NaN,NaN,84.87220915799675,NaN,NaN,NaN,0.9584277476743466,0.9455786792119669,NaN,NaN,NaN,NaN,NaN,NaN,NaN,NaN,NaN,NaN,1
2024-08-13T10:10:00-04:00,0.9183655209770321,0.9183655209770321,0.91,0.9146000000000001,0.9137357900789532,1.1350091860013547,1.4084115151567944,0,0,19900,20485,0,0,0,0,NaN,NaN,83.76883339841888,NaN,NaN,NaN,0.9584277476743466,0.9455786792119669,NaN,NaN,NaN,NaN,NaN,NaN,NaN,NaN,NaN,NaN,1,0,0,0,0,NaN,NaN,83.76883339841888,NaN,NaN,NaN,0.9584277476743466,0.9455786792119669,NaN,NaN,NaN,NaN,NaN,NaN,NaN,NaN,NaN,NaN,1
2024-08-13T10:12:00-04:00,0.9164827604885161,0.9164827604885161,0.9155,0.915775,0.9141065555191435,1.1316620991921738,1.4077775421019902,0,0,19900,20486,0,0,0,0,NaN,NaN,82.5350755625339,NaN,NaN,NaN,0.9584277476743466,0.9455786792119669,NaN,NaN,NaN,NaN,NaN,NaN,NaN,NaN,NaN,NaN,1,0,0,0,0,NaN,NaN,82.5350755625339,NaN,NaN,NaN,0.9584277476743466,0.9455786792119669,NaN,NaN,NaN,NaN,NaN,NaN,NaN,NaN,NaN,NaN,1
2024-08-13T10:13:00-04:00,0.916128880244258,0.916128880244258,0.913,0.913,0.913905363606572,1.1283237465327514,1.4071758469071611,0,0,19900,20487,0,0,0,0,NaN,NaN,81.22995673171516,NaN,NaN,NaN,0.9584277476743466,0.9455786792119669,NaN,NaN,NaN,NaN,NaN,NaN,NaN,NaN,NaN,NaN,1,0,0,0,0,NaN,NaN,81.22995673171516,NaN,NaN,NaN,0.9584277476743466,0.9455786792119669,NaN,NaN,NaN,NaN,NaN,NaN,NaN,NaN,NaN,NaN,1
2024-08-13T10:14:00-04:00,0.914564440122129,0.94,0.9037,0.9129999999999999,0.9137407520417408,1.1250363610895033,1.4054794846314251,0,0,19900,20488,0,0,0,0,NaN,NaN,79.84514126649408,NaN,NaN,NaN,0.9584277476743466,0.9455786792119669,NaN,NaN,NaN,NaN,NaN,NaN,NaN,NaN,NaN,NaN,1,0,0,0,0,NaN,NaN,79.84514126649408,NaN,NaN,NaN,0.9584277476743466,0.9455786792119669,NaN,NaN,NaN,NaN,NaN,NaN,NaN,NaN,NaN,NaN,1
2024-08-13T10:15:00-04:00,0.9137822200610645,0.9137822200610645,0.9117,0.9117,0.9133697062159697,1.1217793174087476,1.4054599035955766,0,0,19900,20489,0,0,0,0,NaN,NaN,78.38118123961199,NaN,NaN,NaN,0.9584277476743466,0.9455786792119669,NaN,NaN,NaN,NaN,NaN,NaN,NaN,NaN,NaN,NaN,1,0,0,0,0,NaN,NaN,78.38118123961199,NaN,NaN,NaN,0.9584277476743466,0.9455786792119669,NaN,NaN,NaN,NaN,NaN,NaN,NaN,NaN,NaN,NaN,1