time,open,high,low,close,EMA10,EMA130,VWAP,Bull_window,Bear_window,Plot,Plot,Bullish,Bullish+,Bearish,Bearish+,Bullish Exit,Bearish Exit,Trend Strength,Take Profit,Stop Loss,Bar Color Value,Trend Tracer,Trend Catcher,Smart Trail,Smart Trail Extremity,RZ R3 Band,RZ R2 Band,RZ R1 Band,RZ S1 Band,RZ S2 Band,RZ S3 Band,Neo Lead,Neo Lag,Custom Alert Condition Highlighter,Bullish,Bullish+,Bearish,Bearish+,Bullish Exit,Bearish Exit,Trend Strength,Take Profit,Stop Loss,Bar Color Value,Trend Tracer,Trend Catcher,Smart Trail,Smart Trail Extremity,RZ R3 Band,RZ R2 Band,RZ R1 Band,RZ S1 Band,RZ S2 Band,RZ S3 Band,Neo Lead,Neo Lag,Custom Alert Condition Highlighter
2024-06-07T11:27:00-04:00,9.15668309591275,9.1775,9.0001,9.107524999999999,9.182798785693343,8.685257225929174,9.122551475631376,0,0,18964,18963,0,0,0,0,NaN,NaN,70.71857397413447,NaN,NaN,NaN,9.311323944916703,9.206830960069798,NaN,NaN,NaN,NaN,NaN,NaN,NaN,NaN,NaN,NaN,1,0,0,0,0,NaN,NaN,70.71857397413447,NaN,NaN,NaN,9.311323944916703,9.206830960069798,NaN,NaN,NaN,NaN,NaN,NaN,NaN,NaN,NaN,NaN,1
2024-06-07T11:31:00-04:00,9.132104047956375,9.132104047956375,9,9.00005,9.149571733749099,8.690063222479873,9.115145794309587,0,0,18964,18963,0,0,0,0,NaN,NaN,69.89449527920267,NaN,NaN,NaN,9.30623810433613,9.13013694105933,NaN,NaN,NaN,NaN,NaN,NaN,NaN,NaN,NaN,NaN,1,0,0,0,0,NaN,NaN,69.89449527920267,NaN,NaN,NaN,9.30623810433613,9.13013694105933,NaN,NaN,NaN,NaN,NaN,NaN,NaN,NaN,NaN,NaN,1
2024-06-07T11:33:00-04:00,9.066077023978188,9.066077023978188,9,9.0075,9.12374050943108,8.694909585495447,9.109150515045252,0,0,18964,18963,0,0,0,0,NaN,NaN,69.39488802925295,NaN,NaN,NaN,9.119598451628256,9.13013694105933,NaN,NaN,NaN,NaN,NaN,NaN,NaN,NaN,NaN,NaN,1,0,0,0,0,NaN,NaN,69.39488802925295,NaN,NaN,NaN,9.119598451628256,9.13013694105933,NaN,NaN,NaN,NaN,NaN,NaN,NaN,NaN,NaN,NaN,1
2024-06-07T11:37:00-04:00,9.036788511989094,9.2499,9.036788511989094,9.2499,9.14667859862543,8.703382721594753,9.109595489770216,0,0,18964,18963,0,0,0,0,NaN,NaN,71.48333808850215,NaN,NaN,NaN,9.136241040629882,9.13013694105933,NaN,NaN,NaN,NaN,NaN,NaN,NaN,NaN,NaN,NaN,1,0,0,0,0,NaN,NaN,71.48333808850215,NaN,NaN,NaN,9.136241040629882,9.13013694105933,NaN,NaN,NaN,NaN,NaN,NaN,NaN,NaN,NaN,NaN,1
2024-06-07T11:39:00-04:00,9.143344255994547,9.143344255994547,9.02,9.02,9.12364612614808,8.708216573173459,9.109340598328934,0,0,18964,18963,0,0,0,0,NaN,NaN,72.1095500931671,NaN,NaN,NaN,9.135102289573265,9.13013694105933,NaN,NaN,NaN,NaN,NaN,NaN,NaN,NaN,NaN,NaN,1,0,0,0,0,NaN,NaN,72.1095500931671,NaN,NaN,NaN,9.135102289573265,9.13013694105933,NaN,NaN,NaN,NaN,NaN,NaN,NaN,NaN,NaN,NaN,1
2024-06-07T11:42:00-04:00,9.081672127997273,9.081672127997273,9.0234,9.0234,9.10541955775752,8.713028533888368,9.106150779225587,0,0,18964,18963,0,0,0,0,NaN,NaN,73.32459381112703,NaN,NaN,NaN,9.135102289573265,9.13013694105933,NaN,NaN,NaN,NaN,NaN,NaN,NaN,NaN,NaN,NaN,1,0,0,0,0,NaN,NaN,73.32459381112703,NaN,NaN,NaN,9.135102289573265,9.13013694105933,NaN,NaN,NaN,NaN,NaN,NaN,NaN,NaN,NaN,NaN,1
2024-06-07T11:44:00-04:00,9.052536063998637,9.052536063998637,9.01,9.01,9.088070547256152,8.717562449401523,9.103835064786495,0,0,18964,18963,0,0,0,0,NaN,NaN,72.60070852722997,NaN,NaN,NaN,9.135102289573265,9.13013694105933,NaN,NaN,NaN,NaN,NaN,NaN,NaN,NaN,NaN,NaN,1,0,0,0,0,NaN,NaN,72.60070852722997,NaN,NaN,NaN,9.135102289573265,9.13013694105933,NaN,NaN,NaN,NaN,NaN,NaN,NaN,NaN,NaN,NaN,1
2024-06-07T11:49:00-04:00,9.031268031999318,9.2285,9.031268031999318,9.2285,9.11360317502776,8.725363022693102,9.10619162413459,0,0,18964,18963,0,0,0,0,NaN,NaN,73.38780888778581,NaN,NaN,NaN,9.135102289573265,9.13013694105933,NaN,NaN,NaN,NaN,NaN,NaN,NaN,NaN,NaN,NaN,1,0,0,0,0,NaN,NaN,73.38780888778581,NaN,NaN,NaN,9.135102289573265,9.13013694105933,NaN,NaN,NaN,NaN,NaN,NaN,NaN,NaN,NaN,NaN,1
2024-06-07T11:53:00-04:00,9.129884015999659,9.129884015999659,9.01,9.01,9.094766234113623,8.729708625400077,9.10551455209873,0,0,18964,18963,0,0,0,0,NaN,NaN,72.37664490293398,NaN,NaN,NaN,9.135102289573265,9.13013694105933,NaN,NaN,NaN,NaN,NaN,NaN,NaN,NaN,NaN,NaN,1,0,0,0,0,NaN,NaN,72.37664490293398,NaN,NaN,NaN,9.135102289573265,9.13013694105933,NaN,NaN,NaN,NaN,NaN,NaN,NaN,NaN,NaN,NaN,1
2024-06-07T12:04:00-04:00,9.06994200799983,9.25,9.06994200799983,9.17125,9.10867237336569,8.736449715088625,9.107545804342884,0,0,18964,18963,0,0,0,0,NaN,NaN,72.60675690693101,NaN,NaN,NaN,9.135102289573265,9.13013694105933,NaN,NaN,NaN,NaN,NaN,NaN,NaN,NaN,NaN,NaN,1,0,0,0,0,NaN,NaN,72.60675690693101,NaN,NaN,NaN,9.135102289573265,9.13013694105933,NaN,NaN,NaN,NaN,NaN,NaN,NaN,NaN,NaN,NaN,1
2024-06-07T12:05:00-04:00,9.120596003999914,9.145,9.120596003999914,9.145,9.11527739639011,8.74268712401857,9.107635011341726,0,0,18964,18963,0,0,0,0,NaN,NaN,72.33185357443824,NaN,NaN,NaN,9.135102289573265,9.13013694105933,NaN,NaN,NaN,NaN,NaN,NaN,NaN,NaN,NaN,NaN,1,0,0,0,0,NaN,NaN,72.33185357443824,NaN,NaN,NaN,9.135102289573265,9.13013694105933,NaN,NaN,NaN,NaN,NaN,NaN,NaN,NaN,NaN,NaN,1
2024-06-07T12:13:00-04:00,9.132798001999957,9.1574,9.132798001999957,9.1574,9.122936051591909,8.749018618308362,9.107857522638485,0,0,18964,18963,0,0,0,0,NaN,NaN,72.10018643600084,NaN,NaN,NaN,9.135102289573265,9.13013694105933,NaN,NaN,NaN,NaN,NaN,NaN,NaN,NaN,NaN,NaN,1,0,0,0,0,NaN,NaN,72.10018643600084,NaN,NaN,NaN,9.135102289573265,9.13013694105933,NaN,NaN,NaN,NaN,NaN,NaN,NaN,NaN,NaN,NaN,1
2024-06-07T12:28:00-04:00,9.145099000999979,9.145099000999979,9.09,9.09,9.116947678575198,8.754224440929608,9.107697266918807,0,0,18964,18963,0,0,0,0,NaN,NaN,71.01882036515609,NaN,NaN,NaN,9.135102289573265,9.13013694105933,NaN,NaN,NaN,NaN,NaN,NaN,NaN,NaN,NaN,NaN,1,0,0,0,0,NaN,NaN,71.01882036515609,NaN,NaN,NaN,9.135102289573265,9.13013694105933,NaN,NaN,NaN,NaN,NaN,NaN,NaN,NaN,NaN,NaN,1
2024-06-07T12:36:00-04:00,9.11754950049999,9.11754950049999,9.1149,9.1149,9.116575373379707,8.759730938014652,9.107713350192032,0,0,18964,18963,0,0,0,0,NaN,NaN,70.14255033492145,NaN,NaN,NaN,9.135102289573265,9.13013694105933,NaN,NaN,NaN,NaN,NaN,NaN,NaN,NaN,NaN,NaN,1,0,0,0,0,NaN,NaN,70.14255033492145,NaN,NaN,NaN,9.135102289573265,9.13013694105933,NaN,NaN,NaN,NaN,NaN,NaN,NaN,NaN,NaN,NaN,1
2024-06-07T12:38:00-04:00,9.116224750249994,9.116224750249994,9.1098,9.1098,9.11534348731067,8.76507550384649,9.107722535125161,0,0,18964,18963,0,0,0,0,NaN,NaN,68.84176830137379,NaN,NaN,NaN,9.135102289573265,9.13013694105933,NaN,NaN,NaN,NaN,NaN,NaN,NaN,NaN,NaN,NaN,1,0,0,0,0,NaN,NaN,68.84176830137379,NaN,NaN,NaN,9.135102289573265,9.13013694105933,NaN,NaN,NaN,NaN,NaN,NaN,NaN,NaN,NaN,NaN,1
2024-06-07T12:45:00-04:00,9.113012375124997,9.113012375124997,9.04,9.04735,9.102981035072366,8.769385038138909,9.10684561562055,0,0,18964,18963,0,0,0,0,NaN,NaN,67.53454082594253,NaN,NaN,NaN,9.135102289573265,9.13013694105933,NaN,NaN,NaN,NaN,NaN,NaN,NaN,NaN,NaN,NaN,1,0,0,0,0,NaN,NaN,67.53454082594253,NaN,NaN,NaN,9.135102289573265,9.13013694105933,NaN,NaN,NaN,NaN,NaN,NaN,NaN,NaN,NaN,NaN,1
2024-06-07T12:46:00-04:00,9.080181187562498,9.09,9.04,9.065,9.096075392331937,8.773898243663506,9.104318288252125,0,0,18964,18963,0,0,0,0,NaN,NaN,65.79818295711488,NaN,NaN,NaN,9.135102289573265,9.13013694105933,NaN,NaN,NaN,NaN,NaN,NaN,NaN,NaN,NaN,NaN,1,0,0,0,0,NaN,NaN,65.79818295711488,NaN,NaN,NaN,9.135102289573265,9.13013694105933,NaN,NaN,NaN,NaN,NaN,NaN,NaN,NaN,NaN,NaN,1
2024-06-07T12:48:00-04:00,9.07259059378125,9.09,9.04,9.064975,9.090420775544311,8.778342163607574,9.10343475651474,0,0,18964,18963,0,0,0,0,NaN,NaN,64.19869641564648,NaN,NaN,NaN,9.135102289573265,9.13013694105933,NaN,NaN,NaN,NaN,NaN,NaN,NaN,NaN,NaN,NaN,1,0,0,0,0,NaN,NaN,64.19869641564648,NaN,NaN,NaN,9.135102289573265,9.13013694105933,NaN,NaN,NaN,NaN,NaN,NaN,NaN,NaN,NaN,NaN,1
2024-06-07T12:49:00-04:00,9.068782796890625,9.068782796890625,9.0101,9.0101,9.075816998172618,8.781880451186085,9.103064358226606,0,0,18964,18963,0,0,0,0,NaN,NaN,63.088523047789046,NaN,NaN,NaN,9.135102289573265,9.13013694105933,NaN,NaN,NaN,NaN,NaN,NaN,NaN,NaN,NaN,NaN,1,0,0,0,0,NaN,NaN,63.088523047789046,NaN,NaN,NaN,9.135102289573265,9.13013694105933,NaN,NaN,NaN,NaN,NaN,NaN,NaN,NaN,NaN,NaN,1
2024-06-07T12:50:00-04:00,9.039441398445312,9.14,9.039441398445312,9.14,9.087486634868506,8.787347925213778,9.103291702023824,0,0,18964,18963,0,0,0,0,NaN,NaN,63.08477860774696,NaN,NaN,NaN,9.135102289573265,9.13013694105933,NaN,NaN,NaN,NaN,NaN,NaN,NaN,NaN,NaN,NaN,1,0,0,0,0,NaN,NaN,63.08477860774696,NaN,NaN,NaN,9.135102289573265,9.13013694105933,NaN,NaN,NaN,NaN,NaN,NaN,NaN,NaN,NaN,NaN,1
2024-06-07T12:53:00-04:00,9.089720699222656,9.089720699222656,9.075,9.081949999999999,9.086479973983323,8.791845666813568,9.103014351788138,0,0,18964,18963,0,0,0,0,NaN,NaN,62.07614539280719,NaN,NaN,NaN,9.135102289573265,9.13013694105933,NaN,NaN,NaN,NaN,NaN,NaN,NaN,NaN,NaN,NaN,1,0,0,0,0,NaN,NaN,62.07614539280719,NaN,NaN,NaN,9.135102289573265,9.13013694105933,NaN,NaN,NaN,NaN,NaN,NaN,NaN,NaN,NaN,NaN,1
2024-06-07T12:54:00-04:00,9.085835349611328,9.085835349611328,9.01,9.011,9.072756342349992,8.795191534495803,9.097894281006313,0,0,18964,18963,0,0,0,0,NaN,NaN,59.727172401628614,NaN,NaN,NaN,9.135102289573265,9.13013694105933,NaN,NaN,NaN,NaN,NaN,NaN,NaN,NaN,NaN,NaN,1,0,0,0,0,NaN,NaN,59.727172401628614,NaN,NaN,NaN,9.135102289573265,9.13013694105933,NaN,NaN,NaN,NaN,NaN,NaN,NaN,NaN,NaN,NaN,1
2024-06-07T12:56:00-04:00,9.048417674805663,9.048417674805663,9.01,9.01005,9.061355189195448,8.798471816411897,9.09756929291528,0,0,18964,18963,0,0,0,0,NaN,NaN,57.27977139409026,NaN,NaN,NaN,9.135102289573265,9.13013694105933,NaN,NaN,NaN,NaN,NaN,NaN,NaN,NaN,NaN,NaN,1,0,0,0,0,NaN,NaN,57.27977139409026,NaN,NaN,NaN,9.135102289573265,9.13013694105933,NaN,NaN,NaN,NaN,NaN,NaN,NaN,NaN,NaN,NaN,1
2024-06-07T12:57:00-04:00,9.029233837402831,9.088,9.029233837402831,9.088,9.06619970025082,8.80289209402393,9.097551095304913,0,0,18964,18963,0,0,0,0,NaN,NaN,55.46416822739778,NaN,NaN,NaN,9.135102289573265,9.13013694105933,NaN,NaN,NaN,NaN,NaN,NaN,NaN,NaN,NaN,NaN,1,0,0,0,0,NaN,NaN,55.46416822739778,NaN,NaN,NaN,9.135102289573265,9.13013694105933,NaN,NaN,NaN,NaN,NaN,NaN,NaN,NaN,NaN,NaN,1
2024-06-07T12:58:00-04:00,9.058616918701414,9.058616918701414,9.01,9.01,9.05598157293249,8.806054046786924,9.096273628217958,0,0,18964,18963,0,0,0,0,NaN,NaN,53.330570061610175,NaN,NaN,NaN,9.135102289573265,9.13013694105933,NaN,NaN,NaN,NaN,NaN,NaN,NaN,NaN,NaN,NaN,1,0,0,0,0,NaN,NaN,53.330570061610175,NaN,NaN,NaN,9.135102289573265,9.13013694105933,NaN,NaN,NaN,NaN,NaN,NaN,NaN,NaN,NaN,NaN,1
2024-06-07T12:59:00-04:00,9.034308459350708,9.0717,9.01,9.030249999999999,9.051303105126582,8.809476885767276,9.095737480375352,0,0,18964,18963,0,0,0,0,NaN,NaN,51.37609236628342,NaN,NaN,NaN,9.135102289573265,9.13013694105933,NaN,NaN,NaN,NaN,NaN,NaN,NaN,NaN,NaN,NaN,1,0,0,0,0,NaN,NaN,51.37609236628342,NaN,NaN,NaN,9.135102289573265,9.13013694105933,NaN,NaN,NaN,NaN,NaN,NaN,NaN,NaN,NaN,NaN,1
2024-06-07T13:04:00-04:00,9.032279229675353,9.0334,9.032279229675353,9.0334,9.048047995103568,8.812895559267012,9.09551553908259,0,0,18964,18963,0,0,0,0,NaN,NaN,49.24985954390397,NaN,NaN,NaN,9.135102289573265,9.13013694105933,NaN,NaN,NaN,NaN,NaN,NaN,NaN,NaN,NaN,NaN,1,0,0,0,0,NaN,NaN,49.24985954390397,NaN,NaN,NaN,9.135102289573265,9.13013694105933,NaN,NaN,NaN,NaN,NaN,NaN,NaN,NaN,NaN,NaN,1
2024-06-07T13:05:00-04:00,9.032839614837677,9.032839614837677,9.02,9.02,9.042948359630191,8.816057459125531,9.095363762673847,0,0,18964,18963,0,0,0,0,NaN,NaN,46.33632683595131,NaN,NaN,NaN,9.135102289573265,9.13013694105933,NaN,NaN,NaN,NaN,NaN,NaN,NaN,NaN,NaN,NaN,1,0,0,0,0,NaN,NaN,46.33632683595131,NaN,NaN,NaN,9.135102289573265,9.13013694105933,NaN,NaN,NaN,NaN,NaN,NaN,NaN,NaN,NaN,NaN,1
2024-06-07T13:15:00-04:00,9.026419807418838,9.026419807418838,9.02,9.02,9.038775930606521,8.819171085703767,9.094318173653756,0,0,18964,18963,0,0,0,0,NaN,NaN,43.63050386287374,NaN,NaN,NaN,9.135102289573265,9.13013694105933,NaN,NaN,NaN,NaN,NaN,NaN,NaN,NaN,NaN,NaN,1,0,0,0,0,NaN,NaN,43.63050386287374,NaN,NaN,NaN,9.135102289573265,9.13013694105933,NaN,NaN,NaN,NaN,NaN,NaN,NaN,NaN,NaN,NaN,1
2024-06-07T13:20:00-04:00,9.023209903709418,9.023209903709418,8.93,8.975,9.027180306859881,8.821550153097602,9.092858215927565,0,0,18964,18963,0,0,0,0,NaN,NaN,39.833133539701016,NaN,NaN,NaN,9.135102289573265,9.09194179166865,NaN,NaN,NaN,NaN,NaN,NaN,NaN,NaN,NaN,NaN,1,0,0,0,0,NaN,NaN,39.833133539701016,NaN,NaN,NaN,9.135102289573265,9.09194179166865,NaN,NaN,NaN,NaN,NaN,NaN,NaN,NaN,NaN,NaN,1
2024-06-07T13:21:00-04:00,8.999104951854708,9.0198,8.95,8.96745,9.016320251067174,8.823777631676265,9.09064239371201,0,0,18964,18963,0,0,0,0,NaN,NaN,35.90114676580388,NaN,NaN,NaN,9.135102289573265,9.062816265418235,NaN,NaN,NaN,NaN,NaN,NaN,NaN,NaN,NaN,NaN,1,0,0,0,0,NaN,NaN,35.90114676580388,NaN,NaN,NaN,9.135102289573265,9.062816265418235,NaN,NaN,NaN,NaN,NaN,NaN,NaN,NaN,NaN,NaN,1
2024-06-07T13:22:00-04:00,8.983277475927354,9.02,8.983277475927354,9.019749999999998,9.016943841782233,8.826769576230825,9.088864624765638,0,0,18964,18963,0,0,0,0,NaN,NaN,32.394260431600514,NaN,NaN,NaN,9.135102289573265,9.062816265418235,NaN,NaN,NaN,NaN,NaN,NaN,NaN,NaN,NaN,NaN,1,0,0,0,0,NaN,NaN,32.394260431600514,NaN,NaN,NaN,9.135102289573265,9.062816265418235,NaN,NaN,NaN,NaN,NaN,NaN,NaN,NaN,NaN,NaN,1
2024-06-07T13:23:00-04:00,9.001513737963677,9.02,9.001513737963677,9.02,9.017499506912737,8.829719659036462,9.088320222297883,0,0,18964,18963,0,0,0,0,NaN,NaN,29.03192508897194,NaN,NaN,NaN,9.135102289573265,9.062816265418235,NaN,NaN,NaN,NaN,NaN,NaN,NaN,NaN,NaN,NaN,1,0,0,0,0,NaN,NaN,29.03192508897194,NaN,NaN,NaN,9.135102289573265,9.062816265418235,NaN,NaN,NaN,NaN,NaN,NaN,NaN,NaN,NaN,NaN,1
2024-06-07T13:33:00-04:00,9.010756868981838,9.075,9.010756868981838,9.04755,9.022963232928603,8.833045313096974,9.087902701980768,0,0,18964,18963,0,0,0,0,NaN,NaN,25.99478363129127,NaN,NaN,NaN,9.135102289573265,9.062816265418235,NaN,NaN,NaN,NaN,NaN,NaN,NaN,NaN,NaN,NaN,1,0,0,0,0,NaN,NaN,25.99478363129127,NaN,NaN,NaN,9.135102289573265,9.062816265418235,NaN,NaN,NaN,NaN,NaN,NaN,NaN,NaN,NaN,NaN,1
2024-06-07T13:40:00-04:00,9.029153434490919,9.14,9.029153434490919,9.1,9.036969917850675,8.83712095717183,9.087980938985156,1,0,18964,18963,0,0,0,0,NaN,NaN,23.17337846387222,NaN,NaN,NaN,9.135102289573265,9.062816265418235,NaN,NaN,NaN,NaN,NaN,NaN,NaN,NaN,NaN,NaN,1,0,0,0,0,NaN,NaN,23.17337846387222,NaN,NaN,NaN,9.135102289573265,9.062816265418235,NaN,NaN,NaN,NaN,NaN,NaN,NaN,NaN,NaN,NaN,1
2024-06-07T13:47:00-04:00,9.064576717245458,9.11,9.064576717245458,9.105,9.049339023696007,8.841210713550886,9.088036347690906,0,0,18964,18963,0,0,0,0,NaN,NaN,20.21418889873435,NaN,NaN,NaN,9.135102289573265,9.062816265418235,NaN,NaN,NaN,NaN,NaN,NaN,NaN,NaN,NaN,NaN,1,0,0,0,0,NaN,NaN,20.21418889873435,NaN,NaN,NaN,9.135102289573265,9.062816265418235,NaN,NaN,NaN,NaN,NaN,NaN,NaN,NaN,NaN,NaN,1
2024-06-07T13:49:00-04:00,9.08478835862273,9.09,9.08478835862273,9.09,9.05673192847855,8.845009023267666,9.088039698306682,0,0,18964,18963,0,0,0,0,NaN,NaN,17.046678686930118,NaN,NaN,NaN,9.135102289573265,9.062816265418235,NaN,NaN,NaN,NaN,NaN,NaN,NaN,NaN,NaN,NaN,1,0,0,0,0,NaN,NaN,17.046678686930118,NaN,NaN,NaN,9.135102289573265,9.062816265418235,NaN,NaN,NaN,NaN,NaN,NaN,NaN,NaN,NaN,NaN,1
2024-06-07T14:10:00-04:00,9.087394179311364,9.087394179311364,9.0321,9.0321,9.052253396027904,8.847865374057474,9.087762003379526,0,0,18964,18963,0,0,0,0,NaN,NaN,13.374052999489999,NaN,NaN,NaN,9.135102289573265,9.062816265418235,NaN,NaN,NaN,NaN,NaN,NaN,NaN,NaN,NaN,NaN,1,0,0,0,0,NaN,NaN,13.374052999489999,NaN,NaN,NaN,9.135102289573265,9.062816265418235,NaN,NaN,NaN,NaN,NaN,NaN,NaN,NaN,NaN,NaN,1
2024-06-07T14:15:00-04:00,9.059747089655682,9.0768,9.059747089655682,9.0768,9.056716414931921,8.851360559186366,9.08771786795613,0,0,18964,18963,0,0,0,0,NaN,NaN,10.055939961672392,NaN,NaN,NaN,9.135102289573265,9.062816265418235,NaN,NaN,NaN,NaN,NaN,NaN,NaN,NaN,NaN,NaN,1,0,0,0,0,NaN,NaN,10.055939961672392,NaN,NaN,NaN,9.135102289573265,9.062816265418235,NaN,NaN,NaN,NaN,NaN,NaN,NaN,NaN,NaN,NaN,1
2024-06-07T14:26:00-04:00,9.068273544827841,9.08,9.02,9.05,9.055495248580662,8.854393222404894,9.08628669044963,0,0,18964,18963,0,0,0,0,NaN,NaN,6.722261845458802,NaN,NaN,NaN,9.135102289573265,9.062816265418235,NaN,NaN,NaN,NaN,NaN,NaN,NaN,NaN,NaN,NaN,1,0,0,0,0,NaN,NaN,6.722261845458802,NaN,NaN,NaN,9.135102289573265,9.062816265418235,NaN,NaN,NaN,NaN,NaN,NaN,NaN,NaN,NaN,NaN,1
2024-06-07T14:33:00-04:00,9.059136772413922,9.059136772413922,8.83,8.83,9.014496112475088,8.85402080679566,9.085136359184366,0,0,18964,18963,0,0,0,0,NaN,NaN,3.261740836480309,NaN,NaN,NaN,9.135102289573265,8.954709361717857,NaN,NaN,NaN,NaN,NaN,NaN,NaN,NaN,NaN,NaN,1,0,0,0,0,NaN,NaN,3.261740836480309,NaN,NaN,NaN,9.135102289573265,8.954709361717857,NaN,NaN,NaN,NaN,NaN,NaN,NaN,NaN,NaN,NaN,1
2024-06-07T14:44:00-04:00,8.94456838620696,8.94456838620696,8.879,8.8795,8.989951364752345,8.854409802111757,9.083008144815373,0,0,18964,18963,0,0,0,0,NaN,NaN,1.635870162095469,NaN,NaN,NaN,9.135102289573265,8.954709361717857,NaN,NaN,NaN,NaN,NaN,NaN,NaN,NaN,NaN,NaN,1,0,0,0,0,NaN,NaN,1.635870162095469,NaN,NaN,NaN,9.135102289573265,8.954709361717857,NaN,NaN,NaN,NaN,NaN,NaN,NaN,NaN,NaN,NaN,1
2024-06-07T14:48:00-04:00,8.91203419310348,8.91203419310348,8.87,8.87,8.968142025706465,8.854647820400126,9.082040367345387,0,0,18964,18963,0,0,0,0,NaN,NaN,0.4368843408252346,NaN,NaN,NaN,9.062452684673131,8.954709361717857,NaN,NaN,NaN,NaN,NaN,NaN,NaN,NaN,NaN,NaN,1,0,0,0,0,NaN,NaN,0.4368843408252346,NaN,NaN,NaN,9.062452684673131,8.954709361717857,NaN,NaN,NaN,NaN,NaN,NaN,NaN,NaN,NaN,NaN,1
2024-06-07T14:58:00-04:00,8.891017096551739,8.891017096551739,8.77,8.77,8.932116202850743,8.853355487264247,9.081566933318161,0,0,18964,18963,0,0,0,0,NaN,NaN,0.1964923606790661,NaN,NaN,NaN,8.887525526698992,8.882937834054037,NaN,NaN,NaN,NaN,NaN,NaN,NaN,NaN,NaN,NaN,1,0,0,0,0,NaN,NaN,0.1964923606790661,NaN,NaN,NaN,8.887525526698992,8.882937834054037,NaN,NaN,NaN,NaN,NaN,NaN,NaN,NaN,NaN,NaN,1
2024-06-07T15:24:00-04:00,8.83050854827587,8.83050854827587,8.77,8.77,8.902640529605153,8.85208288440525,9.081094933722163,0,0,18964,18963,0,0,0,0,NaN,NaN,2.541117605986831,NaN,NaN,NaN,8.887467348862915,8.882937834054037,NaN,NaN,NaN,NaN,NaN,NaN,NaN,NaN,NaN,NaN,1,0,0,0,0,NaN,NaN,2.541117605986831,NaN,NaN,NaN,8.887467348862915,8.882937834054037,NaN,NaN,NaN,NaN,NaN,NaN,NaN,NaN,NaN,NaN,1
2024-06-07T15:41:00-04:00,8.800254274137934,8.85,8.800254274137934,8.85,8.893069524222398,8.852051084643339,9.080745372485252,0,0,18964,18963,0,0,0,0,NaN,NaN,6.256337905153433,NaN,NaN,NaN,8.887467348862915,8.882937834054037,NaN,NaN,NaN,NaN,NaN,NaN,NaN,NaN,NaN,NaN,1,0,0,0,0,NaN,NaN,6.256337905153433,NaN,NaN,NaN,8.887467348862915,8.882937834054037,NaN,NaN,NaN,NaN,NaN,NaN,NaN,NaN,NaN,NaN,1
2024-06-07T15:47:00-04:00,8.825127137068968,8.93,8.825127137068968,8.93,8.899784156181962,8.853241144419776,9.080517694834617,0,0,18964,18963,0,0,0,0,NaN,NaN,13.354516170695572,NaN,NaN,NaN,8.887467348862915,8.882937834054037,NaN,NaN,NaN,NaN,NaN,NaN,NaN,NaN,NaN,NaN,1,0,0,0,0,NaN,NaN,13.354516170695572,NaN,NaN,NaN,8.887467348862915,8.882937834054037,NaN,NaN,NaN,NaN,NaN,NaN,NaN,NaN,NaN,NaN,1
2024-06-07T15:58:00-04:00,8.877563568534484,8.877563568534484,8.8627,8.8627,8.893041582330696,8.853385554428634,9.080189210903333,0,0,18964,18963,0,0,0,0,NaN,NaN,21.080167995430894,NaN,NaN,NaN,8.887467348862915,8.882937834054037,NaN,NaN,NaN,NaN,NaN,NaN,NaN,NaN,NaN,NaN,1,0,0,0,0,NaN,NaN,21.080167995430894,NaN,NaN,NaN,8.887467348862915,8.882937834054037,NaN,NaN,NaN,NaN,NaN,NaN,NaN,NaN,NaN,NaN,1
2024-06-07T16:00:00-04:00,8.870131784267242,8.870131784267242,8.86,8.86,8.887034021906933,8.853486538330486,9.079841098772867,0,0,18964,18963,0,0,0,0,NaN,NaN,30.425233319026468,NaN,NaN,NaN,8.887467348862915,8.882937834054037,NaN,NaN,NaN,NaN,NaN,NaN,NaN,NaN,NaN,NaN,1,0,0,0,0,NaN,NaN,30.425233319026468,NaN,NaN,NaN,8.887467348862915,8.882937834054037,NaN,NaN,NaN,NaN,NaN,NaN,NaN,NaN,NaN,NaN,1
2024-06-10T09:30:00-04:00,8.865065892133622,9,8.865065892133622,9,8.907573290651127,8.855723385073532,9,0,0,18964,18963,0,0,0,0,NaN,NaN,36.99911196536373,NaN,NaN,NaN,8.887467348862915,8.9195,NaN,NaN,NaN,NaN,NaN,NaN,NaN,NaN,NaN,NaN,1,0,0,0,0,NaN,NaN,36.99911196536373,NaN,NaN,NaN,8.887467348862915,8.9195,NaN,NaN,NaN,NaN,NaN,NaN,NaN,NaN,NaN,NaN,1
2024-06-10T09:40:00-04:00,8.93253294606681,8.93253294606681,8.6,8.6,8.851650874169104,8.851819211255615,8.763416041546451,0,0,18964,18963,0,0,0,0,NaN,NaN,45.449502374778525,NaN,NaN,NaN,8.887467348862915,8.794,NaN,NaN,NaN,NaN,NaN,NaN,NaN,NaN,NaN,NaN,1,0,0,0,0,NaN,NaN,45.449502374778525,NaN,NaN,NaN,8.887467348862915,8.794,NaN,NaN,NaN,NaN,NaN,NaN,NaN,NaN,NaN,NaN,1
2024-06-10T09:48:00-04:00,8.766266473033404,8.766266473033404,8.6001,8.6001,8.805914351592904,8.847976169862399,8.754506273867976,0,0,18964,19069,0,0,0,0,NaN,NaN,53.10643329907483,NaN,NaN,NaN,8.887467348862915,8.794,NaN,NaN,NaN,NaN,NaN,NaN,NaN,NaN,NaN,NaN,1,0,0,0,0,NaN,NaN,53.10643329907483,NaN,NaN,NaN,8.887467348862915,8.794,NaN,NaN,NaN,NaN,NaN,NaN,NaN,NaN,NaN,NaN,1
2024-06-10T09:49:00-04:00,8.683183236516701,8.683183236516701,8.6,8.615,8.771202651303286,8.844419281772897,8.679379405840887,0,0,18964,19070,0,0,0,0,NaN,NaN,58.629658391654495,NaN,NaN,NaN,8.804710061884606,8.794,NaN,NaN,NaN,NaN,NaN,NaN,NaN,NaN,NaN,NaN,1,0,0,0,0,NaN,NaN,58.629658391654495,NaN,NaN,NaN,8.804710061884606,8.794,NaN,NaN,NaN,NaN,NaN,NaN,NaN,NaN,NaN,NaN,1
2024-06-10T09:50:00-04:00,8.64909161825835,8.64909161825835,8.62,8.62,8.743711260157234,8.840993033196211,8.67520950374532,0,0,18964,19071,0,0,0,0,NaN,NaN,63.319361945628884,NaN,NaN,NaN,8.741613465262896,8.794,NaN,NaN,NaN,NaN,NaN,NaN,NaN,NaN,NaN,NaN,1,0,0,0,0,NaN,NaN,63.319361945628884,NaN,NaN,NaN,8.741613465262896,8.794,NaN,NaN,NaN,NaN,NaN,NaN,NaN,NaN,NaN,NaN,1
2024-06-10T09:53:00-04:00,8.634545809129175,8.634545809129175,8.5999,8.5999,8.717563758310463,8.837312223529093,8.673151867030965,0,0,18964,19072,0,0,0,0,NaN,NaN,67.83013877183687,NaN,NaN,NaN,8.721208548766466,8.7881285,NaN,NaN,NaN,NaN,NaN,NaN,NaN,NaN,NaN,NaN,1,0,0,0,0,NaN,NaN,67.83013877183687,NaN,NaN,NaN,8.721208548766466,8.7881285,NaN,NaN,NaN,NaN,NaN,NaN,NaN,NaN,NaN,NaN,1
2024-06-10T10:10:00-04:00,8.617222904564589,8.617222904564589,8.6,8.6,8.696188529526744,8.833689136146969,8.669406567293152,0,0,18964,19073,0,0,0,0,NaN,NaN,70.80744754740967,NaN,NaN,NaN,8.720853581437575,8.7881285,NaN,NaN,NaN,NaN,NaN,NaN,NaN,NaN,NaN,NaN,1,0,0,0,0,NaN,NaN,70.80744754740967,NaN,NaN,NaN,8.720853581437575,8.7881285,NaN,NaN,NaN,NaN,NaN,NaN,NaN,NaN,NaN,NaN,1
2024-06-10T10:11:00-04:00,8.608611452282293,8.608611452282293,8.6,8.6,8.678699705976426,8.830121363076023,8.666216611706513,0,0,18964,19074,0,0,0,0,NaN,NaN,72.81692363648588,NaN,NaN,NaN,8.720324663737852,8.7881285,NaN,NaN,NaN,NaN,NaN,NaN,NaN,NaN,NaN,NaN,1,0,0,0,0,NaN,NaN,72.81692363648588,NaN,NaN,NaN,8.720324663737852,8.7881285,NaN,NaN,NaN,NaN,NaN,NaN,NaN,NaN,NaN,NaN,1
2024-06-10T12:19:00-04:00,8.604305726141146,8.63,8.604305726141146,8.625,8.66893612307162,8.826989739212266,8.664112654019167,0,0,18964,19075,0,0,0,0,NaN,NaN,74.08305115381188,NaN,NaN,NaN,8.720324663737852,8.7881285,NaN,NaN,NaN,NaN,NaN,NaN,NaN,NaN,NaN,NaN,1,0,0,0,0,NaN,NaN,74.08305115381188,NaN,NaN,NaN,8.720324663737852,8.7881285,NaN,NaN,NaN,NaN,NaN,NaN,NaN,NaN,NaN,NaN,1
2024-06-10T13:31:00-04:00,8.614652863070573,8.7,8.614652863070573,8.7,8.674584100694963,8.825050964567804,8.669356713426854,0,0,18964,19076,0,0,0,0,NaN,NaN,74.61361905867382,NaN,NaN,NaN,8.720324663737852,8.7881285,NaN,NaN,NaN,NaN,NaN,NaN,NaN,NaN,NaN,NaN,1,0,0,0,0,NaN,NaN,74.61361905867382,NaN,NaN,NaN,8.720324663737852,8.7881285,NaN,NaN,NaN,NaN,NaN,NaN,NaN,NaN,NaN,NaN,1
2024-06-10T13:58:00-04:00,8.657326431535285,8.84,8.657326431535285,8.84,8.704659718750424,8.825279194116387,8.672159658344285,0,0,18964,19077,0,0,0,0,NaN,NaN,73.38313335594496,NaN,NaN,NaN,8.720324663737852,8.7881285,NaN,NaN,NaN,NaN,NaN,NaN,NaN,NaN,NaN,NaN,1,0,0,0,0,NaN,NaN,73.38313335594496,NaN,NaN,NaN,8.720324663737852,8.7881285,NaN,NaN,NaN,NaN,NaN,NaN,NaN,NaN,NaN,NaN,1
2024-06-10T14:52:00-04:00,8.748663215767642,8.84,8.748663215767642,8.84,8.729267042613984,8.825503939244381,8.674872010342598,0,0,18964,19078,0,0,0,0,NaN,NaN,71.9654643774164,NaN,NaN,NaN,8.720324663737852,8.7881285,NaN,NaN,NaN,NaN,NaN,NaN,NaN,NaN,NaN,NaN,1,0,0,0,0,NaN,NaN,71.9654643774164,NaN,NaN,NaN,8.720324663737852,8.7881285,NaN,NaN,NaN,NaN,NaN,NaN,NaN,NaN,NaN,NaN,1
2024-06-10T15:34:00-04:00,8.794331607883821,8.82,8.794331607883821,8.82,8.745763943956895,8.825419909637597,8.677180025445292,0,0,18964,19079,0,0,0,0,NaN,NaN,70.73107143413789,NaN,NaN,NaN,8.720324663737852,8.7881285,NaN,NaN,NaN,NaN,NaN,NaN,NaN,NaN,NaN,NaN,1,0,0,0,0,NaN,NaN,70.73107143413789,NaN,NaN,NaN,8.720324663737852,8.7881285,NaN,NaN,NaN,NaN,NaN,NaN,NaN,NaN,NaN,NaN,1
2024-06-10T15:35:00-04:00,8.80716580394191,8.80716580394191,8.61,8.61,8.721079590510186,8.822131056055344,8.671921430665494,0,0,18964,19080,0,0,0,0,NaN,NaN,70.80211979195035,NaN,NaN,NaN,8.720324663737852,8.7881285,NaN,NaN,NaN,NaN,NaN,NaN,NaN,NaN,NaN,NaN,1,0,0,0,0,NaN,NaN,70.80211979195035,NaN,NaN,NaN,8.720324663737852,8.7881285,NaN,NaN,NaN,NaN,NaN,NaN,NaN,NaN,NaN,NaN,1
2024-06-10T15:40:00-04:00,8.708582901970955,8.708582901970955,8.6736,8.6736,8.712446937690153,8.819863406344576,8.672064369049215,0,0,18964,19081,0,0,0,0,NaN,NaN,70.85023021306705,NaN,NaN,NaN,8.720324663737852,8.7881285,NaN,NaN,NaN,NaN,NaN,NaN,NaN,NaN,NaN,NaN,1,0,0,0,0,NaN,NaN,70.85023021306705,NaN,NaN,NaN,8.720324663737852,8.7881285,NaN,NaN,NaN,NaN,NaN,NaN,NaN,NaN,NaN,NaN,1
2024-06-10T15:59:00-04:00,8.691091450985478,8.691091450985478,8.64,8.64,8.699274767201034,8.817117400140841,8.671640068810374,0,0,18964,19082,0,0,0,0,NaN,NaN,70.95618986077888,NaN,NaN,NaN,8.720324663737852,8.7881285,NaN,NaN,NaN,NaN,NaN,NaN,NaN,NaN,NaN,NaN,1,0,0,0,0,NaN,NaN,70.95618986077888,NaN,NaN,NaN,8.720324663737852,8.7881285,NaN,NaN,NaN,NaN,NaN,NaN,NaN,NaN,NaN,NaN,1
2024-06-10T16:00:00-04:00,8.66554572549274,8.74,8.66554572549274,8.74,8.706679354982665,8.815940035253195,8.674333799415278,0,0,18964,19083,0,0,0,0,NaN,NaN,70.33534821380046,NaN,NaN,NaN,8.720324663737852,8.7881285,NaN,NaN,NaN,NaN,NaN,NaN,NaN,NaN,NaN,NaN,1,0,0,0,0,NaN,NaN,70.33534821380046,NaN,NaN,NaN,8.720324663737852,8.7881285,NaN,NaN,NaN,NaN,NaN,NaN,NaN,NaN,NaN,NaN,1
2024-06-11T09:30:00-04:00,8.70277286274637,8.70277286274637,8.55,8.605,8.68819219953127,8.812719576699712,8.605,0,0,18964,19084,0,0,0,0,NaN,NaN,70.34261850634248,NaN,NaN,NaN,8.720324663737852,8.7881285,NaN,NaN,NaN,NaN,NaN,NaN,NaN,NaN,NaN,NaN,1,0,0,0,0,NaN,NaN,70.34261850634248,NaN,NaN,NaN,8.720324663737852,8.7881285,NaN,NaN,NaN,NaN,NaN,NaN,NaN,NaN,NaN,NaN,1
2024-06-11T09:31:00-04:00,8.653886431373184,8.66,8.653886431373184,8.66,8.68306634507104,8.810387980108876,8.639394221808015,0,0,18964,19085,0,0,0,0,NaN,NaN,70.18607556419254,NaN,NaN,NaN,8.720324663737852,8.7881285,NaN,NaN,NaN,NaN,NaN,NaN,NaN,NaN,NaN,NaN,1,0,0,0,0,NaN,NaN,70.18607556419254,NaN,NaN,NaN,8.720324663737852,8.7881285,NaN,NaN,NaN,NaN,NaN,NaN,NaN,NaN,NaN,NaN,1
2024-06-11T09:48:00-04:00,8.656943215686592,8.7,8.65,8.665,8.679781555058124,8.80816831629042,8.654965303140978,0,0,18964,19086,0,0,0,0,NaN,NaN,70.91199024222206,NaN,NaN,NaN,8.720324663737852,8.7881285,NaN,NaN,NaN,NaN,NaN,NaN,NaN,NaN,NaN,NaN,1,0,0,0,0,NaN,NaN,70.91199024222206,NaN,NaN,NaN,8.720324663737852,8.7881285,NaN,NaN,NaN,NaN,NaN,NaN,NaN,NaN,NaN,NaN,1
2024-06-11T09:49:00-04:00,8.660971607843296,8.660971607843296,8.59,8.594975,8.664362181411192,8.804913456499726,8.640499792128603,0,0,18964,19087,0,0,0,0,NaN,NaN,71.85886977001853,NaN,NaN,NaN,8.720324663737852,8.774224539999999,NaN,NaN,NaN,NaN,NaN,NaN,NaN,NaN,NaN,NaN,1,0,0,0,0,NaN,NaN,71.85886977001853,NaN,NaN,NaN,8.720324663737852,8.774224539999999,NaN,NaN,NaN,NaN,NaN,NaN,NaN,NaN,NaN,NaN,1
2024-06-11T09:59:00-04:00,8.627973303921648,8.627973303921648,8.6,8.6,8.652659966609157,8.801785006782174,8.63940756472492,0,0,18964,19088,0,0,0,0,NaN,NaN,72.23819049555456,NaN,NaN,NaN,8.720324663737852,8.774224539999999,NaN,NaN,NaN,NaN,NaN,NaN,NaN,NaN,NaN,NaN,1,0,0,0,0,NaN,NaN,72.23819049555456,NaN,NaN,NaN,8.720324663737852,8.774224539999999,NaN,NaN,NaN,NaN,NaN,NaN,NaN,NaN,NaN,NaN,1
2024-06-11T10:04:00-04:00,8.613986651960824,8.62,8.6,8.61,8.644903609043856,8.798856991411453,8.634737579401088,0,0,18964,19089,0,0,0,0,NaN,NaN,72.78247935892247,NaN,NaN,NaN,8.720324663737852,8.774224539999999,NaN,NaN,NaN,NaN,NaN,NaN,NaN,NaN,NaN,NaN,1,0,0,0,0,NaN,NaN,72.78247935892247,NaN,NaN,NaN,8.720324663737852,8.774224539999999,NaN,NaN,NaN,NaN,NaN,NaN,NaN,NaN,NaN,NaN,1
2024-06-11T10:11:00-04:00,8.61199332598041,8.65,8.61199332598041,8.65,8.645830225581337,8.796584365588378,8.639501131398251,0,0,18964,19090,0,0,0,0,NaN,NaN,73.31085494175788,NaN,NaN,NaN,8.720324663737852,8.774224539999999,NaN,NaN,NaN,NaN,NaN,NaN,NaN,NaN,NaN,NaN,1,0,0,0,0,NaN,NaN,73.31085494175788,NaN,NaN,NaN,8.720324663737852,8.774224539999999,NaN,NaN,NaN,NaN,NaN,NaN,NaN,NaN,NaN,NaN,1
2024-06-11T10:21:00-04:00,8.630996662990206,8.8,8.630996662990206,8.795,8.672952002748367,8.796560176800769,8.662793983017115,0,0,18964,19091,0,0,0,0,NaN,NaN,73.51043131251026,NaN,NaN,NaN,8.720324663737852,8.774224539999999,NaN,NaN,NaN,NaN,NaN,NaN,NaN,NaN,NaN,NaN,1,0,0,0,0,NaN,NaN,73.51043131251026,NaN,NaN,NaN,8.720324663737852,8.774224539999999,NaN,NaN,NaN,NaN,NaN,NaN,NaN,NaN,NaN,NaN,1
2024-06-11T10:25:00-04:00,8.712998331495104,8.8,8.712998331495104,8.8,8.696051638612301,8.79661269318549,8.666340732842187,0,0,18964,19092,0,0,0,0,NaN,NaN,73.42631864131461,NaN,NaN,NaN,8.720324663737852,8.774224539999999,NaN,NaN,NaN,NaN,NaN,NaN,NaN,NaN,NaN,NaN,1,0,0,0,0,NaN,NaN,73.42631864131461,NaN,NaN,NaN,8.720324663737852,8.774224539999999,NaN,NaN,NaN,NaN,NaN,NaN,NaN,NaN,NaN,NaN,1
2024-06-11T10:42:00-04:00,8.756499165747552,8.81,8.756499165747552,8.81,8.716769522500973,8.79681707954907,8.668173822891413,0,0,18964,19093,0,0,0,0,NaN,NaN,70.93287173232041,NaN,NaN,NaN,8.720324663737852,8.774224539999999,NaN,NaN,NaN,NaN,NaN,NaN,NaN,NaN,NaN,NaN,1,0,0,0,0,NaN,NaN,70.93287173232041,NaN,NaN,NaN,8.720324663737852,8.774224539999999,NaN,NaN,NaN,NaN,NaN,NaN,NaN,NaN,NaN,NaN,1
2024-06-11T10:50:00-04:00,8.783249582873776,8.8,8.783249582873776,8.8,8.731902336591705,8.796865673754429,8.671454305088963,0,0,18964,19094,0,0,0,0,NaN,NaN,70.38270189946996,NaN,NaN,NaN,8.720324663737852,8.774224539999999,NaN,NaN,NaN,NaN,NaN,NaN,NaN,NaN,NaN,NaN,1,0,0,0,0,NaN,NaN,70.38270189946996,NaN,NaN,NaN,8.720324663737852,8.774224539999999,NaN,NaN,NaN,NaN,NaN,NaN,NaN,NaN,NaN,NaN,1
2024-06-11T10:53:00-04:00,8.791624791436888,8.8,8.791624791436888,8.8,8.744283729938669,8.796913526063522,8.676079914837471,0,0,18964,19095,0,0,0,0,NaN,NaN,69.6920023250525,NaN,NaN,NaN,8.720324663737852,8.774224539999999,NaN,NaN,NaN,NaN,NaN,NaN,NaN,NaN,NaN,NaN,1,0,0,0,0,NaN,NaN,69.6920023250525,NaN,NaN,NaN,8.720324663737852,8.774224539999999,NaN,NaN,NaN,NaN,NaN,NaN,NaN,NaN,NaN,NaN,1
2024-06-11T11:24:00-04:00,8.795812395718444,8.8,8.72,8.76,8.747141233586184,8.796349960780109,8.708551970733142,0,0,18964,19096,0,0,0,0,NaN,NaN,69.70936311422632,NaN,NaN,NaN,8.720324663737852,8.774224539999999,NaN,NaN,NaN,NaN,NaN,NaN,NaN,NaN,NaN,NaN,1,0,0,0,0,NaN,NaN,69.70936311422632,NaN,NaN,NaN,8.720324663737852,8.774224539999999,NaN,NaN,NaN,NaN,NaN,NaN,NaN,NaN,NaN,NaN,1
2024-06-11T11:25:00-04:00,8.777906197859222,8.777906197859222,8.72,8.72,8.742206463843242,8.795184312523924,8.709229158018541,0,0,18964,19097,0,0,0,0,NaN,NaN,68.30097906687539,NaN,NaN,NaN,8.720324663737852,8.774224539999999,NaN,NaN,NaN,NaN,NaN,NaN,NaN,NaN,NaN,NaN,1,0,0,0,0,NaN,NaN,68.30097906687539,NaN,NaN,NaN,8.720324663737852,8.774224539999999,NaN,NaN,NaN,NaN,NaN,NaN,NaN,NaN,NaN,NaN,1
2024-06-11T11:27:00-04:00,8.748953098929611,8.748953098929611,8.65,8.65,8.72544165223538,8.792967758134246,8.708024823776602,0,0,18964,19098,0,0,0,0,NaN,NaN,69.31997114614691,NaN,NaN,NaN,8.720324663737852,8.774224539999999,NaN,NaN,NaN,NaN,NaN,NaN,NaN,NaN,NaN,NaN,1,0,0,0,0,NaN,NaN,69.31997114614691,NaN,NaN,NaN,8.720324663737852,8.774224539999999,NaN,NaN,NaN,NaN,NaN,NaN,NaN,NaN,NaN,NaN,1
2024-06-11T11:32:00-04:00,8.699476549464805,8.699476549464805,8.68,8.68,8.71717953364713,8.791243059536777,8.70783615524438,0,0,18964,19099,0,0,0,0,NaN,NaN,68.41326914488548,NaN,NaN,NaN,8.720324663737852,8.774224539999999,NaN,NaN,NaN,NaN,NaN,NaN,NaN,NaN,NaN,NaN,1,0,0,0,0,NaN,NaN,68.41326914488548,NaN,NaN,NaN,8.720324663737852,8.774224539999999,NaN,NaN,NaN,NaN,NaN,NaN,NaN,NaN,NaN,NaN,1
2024-06-11T11:36:00-04:00,8.689738274732402,8.82,8.68,8.75,8.723146891165834,8.790613394505682,8.7166718949553,0,0,18964,19100,0,0,0,0,NaN,NaN,66.6144668933563,NaN,NaN,NaN,8.720324663737852,8.774224539999999,NaN,NaN,NaN,NaN,NaN,NaN,NaN,NaN,NaN,NaN,1,0,0,0,0,NaN,NaN,66.6144668933563,NaN,NaN,NaN,8.720324663737852,8.774224539999999,NaN,NaN,NaN,NaN,NaN,NaN,NaN,NaN,NaN,NaN,1
2024-06-11T11:37:00-04:00,8.719869137366201,8.85,8.719869137366201,8.85,8.746211092772047,8.791520060238419,8.718477598425197,0,0,18964,19101,0,0,0,0,NaN,NaN,62.83011050610959,NaN,NaN,NaN,8.720324663737852,8.774224539999999,NaN,NaN,NaN,NaN,NaN,NaN,NaN,NaN,NaN,NaN,1,0,0,0,0,NaN,NaN,62.83011050610959,NaN,NaN,NaN,8.720324663737852,8.774224539999999,NaN,NaN,NaN,NaN,NaN,NaN,NaN,NaN,NaN,NaN,1
2024-06-11T11:55:00-04:00,8.7849345686831,8.81,8.7849345686831,8.805,8.75689998499531,8.791725860845466,8.720690447570332,0,0,18964,19102,0,0,0,0,NaN,NaN,60.28865874922189,NaN,NaN,NaN,8.720324663737852,8.774224539999999,NaN,NaN,NaN,NaN,NaN,NaN,NaN,NaN,NaN,NaN,1,0,0,0,0,NaN,NaN,60.28865874922189,NaN,NaN,NaN,8.720324663737852,8.774224539999999,NaN,NaN,NaN,NaN,NaN,NaN,NaN,NaN,NaN,NaN,1
2024-06-11T12:09:00-04:00,8.79496728434155,8.8,8.79496728434155,8.8,8.7647363513598,8.79185218358065,8.721182302257015,0,0,18964,19103,0,0,0,0,NaN,NaN,57.547340029838566,NaN,NaN,NaN,8.720324663737852,8.774224539999999,NaN,NaN,NaN,NaN,NaN,NaN,NaN,NaN,NaN,NaN,1,0,0,0,0,NaN,NaN,57.547340029838566,NaN,NaN,NaN,8.720324663737852,8.774224539999999,NaN,NaN,NaN,NaN,NaN,NaN,NaN,NaN,NaN,NaN,1
2024-06-11T12:33:00-04:00,8.797483642170775,8.86,8.797483642170775,8.86,8.782057014748926,8.792892608258807,8.722399387785954,0,0,18964,19104,0,0,0,0,NaN,NaN,53.56622862351578,NaN,NaN,NaN,8.720324663737852,8.774224539999999,NaN,NaN,NaN,NaN,NaN,NaN,NaN,NaN,NaN,NaN,1,0,0,0,0,NaN,NaN,53.56622862351578,NaN,NaN,NaN,8.720324663737852,8.774224539999999,NaN,NaN,NaN,NaN,NaN,NaN,NaN,NaN,NaN,NaN,1
2024-06-11T15:31:00-04:00,8.828741821085387,8.828741821085387,8.8,8.8,8.785319375703667,8.793001118056383,8.72286192086151,0,0,18964,19105,0,0,0,0,NaN,NaN,51.24227007722028,NaN,NaN,NaN,8.720324663737852,8.774224539999999,NaN,NaN,NaN,NaN,NaN,NaN,NaN,NaN,NaN,NaN,1,0,0,0,0,NaN,NaN,51.24227007722028,NaN,NaN,NaN,8.720324663737852,8.774224539999999,NaN,NaN,NaN,NaN,NaN,NaN,NaN,NaN,NaN,NaN,1
2024-06-11T15:53:00-04:00,8.814370910542694,8.814370910542694,8.8,8.8,8.787988580121182,8.793107971215827,8.723589096998266,0,0,18964,19106,0,0,0,0,NaN,NaN,48.66738616661032,NaN,NaN,NaN,8.720324663737852,8.774224539999999,NaN,NaN,NaN,NaN,NaN,NaN,NaN,NaN,NaN,NaN,1,0,0,0,0,NaN,NaN,48.66738616661032,NaN,NaN,NaN,8.720324663737852,8.774224539999999,NaN,NaN,NaN,NaN,NaN,NaN,NaN,NaN,NaN,NaN,1
2024-06-11T15:55:00-04:00,8.807185455271348,8.807185455271348,8.8,8.8,8.790172474644603,8.793213193029326,8.72470976533855,0,0,18964,19107,0,0,0,0,NaN,NaN,46.01306674268783,NaN,NaN,NaN,8.720324663737852,8.774224539999999,NaN,NaN,NaN,NaN,NaN,NaN,NaN,NaN,NaN,NaN,1,0,0,0,0,NaN,NaN,46.01306674268783,NaN,NaN,NaN,8.720324663737852,8.774224539999999,NaN,NaN,NaN,NaN,NaN,NaN,NaN,NaN,NaN,NaN,1
2024-06-12T09:30:00-04:00,8.803592727635674,8.9,8.803592727635674,8.9,8.810141115618311,8.794843525960175,8.9,1,0,19108,19107,0,0,0,0,NaN,NaN,41.884827134993245,NaN,NaN,NaN,8.720324663737852,8.774224539999999,NaN,NaN,NaN,NaN,NaN,NaN,NaN,NaN,NaN,NaN,1,0,0,0,0,NaN,NaN,41.884827134993245,NaN,NaN,NaN,8.720324663737852,8.774224539999999,NaN,NaN,NaN,NaN,NaN,NaN,NaN,NaN,NaN,NaN,1
2024-06-12T09:32:00-04:00,8.851796363817837,9,8.851796363817837,8.995000000000001,8.843751821869528,8.797899349991317,8.945238095238095,0,0,19108,19107,0,0,0,0,NaN,NaN,34.6409047472938,NaN,NaN,NaN,8.720324663737852,8.812988625000001,NaN,NaN,NaN,NaN,NaN,NaN,NaN,NaN,NaN,NaN,1,0,0,0,0,NaN,NaN,34.6409047472938,NaN,NaN,NaN,8.720324663737852,8.812988625000001,NaN,NaN,NaN,NaN,NaN,NaN,NaN,NaN,NaN,NaN,1
2024-06-12T09:35:00-04:00,8.923398181908919,9.02,8.923398181908919,9.02,8.875796945165977,8.80129019960977,8.991964285714285,0,0,19108,19107,0,0,0,0,NaN,NaN,27.735305494197686,NaN,NaN,NaN,8.720324663737852,8.83132396625,NaN,NaN,NaN,NaN,NaN,NaN,NaN,NaN,NaN,NaN,1,0,0,0,0,NaN,NaN,27.735305494197686,NaN,NaN,NaN,8.720324663737852,8.83132396625,NaN,NaN,NaN,NaN,NaN,NaN,NaN,NaN,NaN,NaN,1
2024-06-12T09:37:00-04:00,8.97169909095446,8.99,8.97169909095446,8.99,8.89656113695398,8.804171265264584,8.991666666666667,0,0,19108,19107,0,0,0,0,NaN,NaN,22.677031443491458,NaN,NaN,NaN,8.844211984577,8.83132396625,NaN,NaN,NaN,NaN,NaN,NaN,NaN,NaN,NaN,NaN,1,0,0,0,0,NaN,NaN,22.677031443491458,NaN,NaN,NaN,8.844211984577,8.83132396625,NaN,NaN,NaN,NaN,NaN,NaN,NaN,NaN,NaN,NaN,1
2024-06-12T09:38:00-04:00,8.98084954547723,9.07,8.98084954547723,9.07,8.92809547568962,8.80822971923001,9.038761329305135,1,0,19108,19107,0,0,0,0,NaN,NaN,16.831319236941077,NaN,NaN,NaN,8.94705006747329,8.869144528275001,NaN,NaN,NaN,NaN,NaN,NaN,NaN,NaN,NaN,NaN,1,0,0,0,0,NaN,NaN,16.831319236941077,NaN,NaN,NaN,8.94705006747329,8.869144528275001,NaN,NaN,NaN,NaN,NaN,NaN,NaN,NaN,NaN,NaN,1
2024-06-12T09:39:00-04:00,9.025424772738615,9.03,8.98,9.01,8.942987207382416,8.81131018153184,9.03498687664042,0,0,19108,19107,0,0,0,0,NaN,NaN,12.109541840291639,NaN,NaN,NaN,8.94705006747329,8.869144528275001,NaN,NaN,NaN,NaN,NaN,NaN,NaN,NaN,NaN,NaN,1,0,0,0,0,NaN,NaN,12.109541840291639,NaN,NaN,NaN,8.94705006747329,8.869144528275001,NaN,NaN,NaN,NaN,NaN,NaN,NaN,NaN,NaN,NaN,1
2024-06-12T09:45:00-04:00,9.017712386369308,9.017712386369308,8.9,8.924999999999999,8.939716806040158,8.813045903951203,9.024113055818354,0,0,19108,19107,0,0,0,0,NaN,NaN,9.484087088616356,NaN,NaN,NaN,8.94705006747329,8.869144528275001,NaN,NaN,NaN,NaN,NaN,NaN,NaN,NaN,NaN,NaN,1,0,0,0,0,NaN,NaN,9.484087088616356,NaN,NaN,NaN,8.94705006747329,8.869144528275001,NaN,NaN,NaN,NaN,NaN,NaN,NaN,NaN,NaN,NaN,1
2024-06-12T10:17:00-04:00,8.971356193184654,8.971356193184654,8.9,8.91325,8.934904659487401,8.814575737478664,8.987498217962933,0,0,19108,19107,0,0,0,0,NaN,NaN,7.100732156794259,NaN,NaN,NaN,8.94705006747329,8.869144528275001,NaN,NaN,NaN,NaN,NaN,NaN,NaN,NaN,NaN,NaN,1,0,0,0,0,NaN,NaN,7.100732156794259,NaN,NaN,NaN,8.94705006747329,8.869144528275001,NaN,NaN,NaN,NaN,NaN,NaN,NaN,NaN,NaN,NaN,1
2024-06-12T10:30:00-04:00,8.942303096592326,9.012,8.942303096592326,9.012,8.948921994126055,8.817589848356853,8.990180314571871,1,0,19108,19107,0,0,0,0,NaN,NaN,4.276096741425139,NaN,NaN,NaN,8.94705006747329,8.869144528275001,NaN,NaN,NaN,NaN,NaN,NaN,NaN,NaN,NaN,NaN,1,0,0,0,0,NaN,NaN,4.276096741425139,NaN,NaN,NaN,8.94705006747329,8.869144528275001,NaN,NaN,NaN,NaN,NaN,NaN,NaN,NaN,NaN,NaN,1
2024-06-12T10:31:00-04:00,8.977151548296163,8.98,8.977151548296163,8.98,8.95457254064859,8.820069392656748,8.989156083481351,0,0,19108,19107,0,0,0,0,NaN,NaN,2.3674012632591013,NaN,NaN,NaN,8.94705006747329,8.869144528275001,NaN,NaN,NaN,NaN,NaN,NaN,NaN,NaN,NaN,NaN,1,0,0,0,0,NaN,NaN,2.3674012632591013,NaN,NaN,NaN,8.94705006747329,8.869144528275001,NaN,NaN,NaN,NaN,NaN,NaN,NaN,NaN,NaN,NaN,1
2024-06-12T10:33:00-04:00,8.978575774148082,8.978575774148082,8.83,8.87,8.939195715076119,8.8208316920055,8.963071870974137,0,0,19108,19107,0,0,0,0,NaN,NaN,1.3867423194442243,NaN,NaN,NaN,8.94705006747329,8.869144528275001,NaN,NaN,NaN,NaN,NaN,NaN,NaN,NaN,NaN,NaN,1,0,0,0,0,NaN,NaN,1.3867423194442243,NaN,NaN,NaN,8.94705006747329,8.869144528275001,NaN,NaN,NaN,NaN,NaN,NaN,NaN,NaN,NaN,NaN,1
2024-06-12T10:48:00-04:00,8.92428788707404,8.92428788707404,8.81,8.81,8.915705585062279,8.820666322661905,8.961569841036209,0,0,19108,19107,0,0,0,0,NaN,NaN,0.9264962318751225,NaN,NaN,NaN,8.94705006747329,8.869144528275001,NaN,NaN,NaN,NaN,NaN,NaN,NaN,NaN,NaN,NaN,1,0,0,0,0,NaN,NaN,0.9264962318751225,NaN,NaN,NaN,8.94705006747329,8.869144528275001,NaN,NaN,NaN,NaN,NaN,NaN,NaN,NaN,NaN,NaN,1
2024-06-12T10:50:00-04:00,8.86714394353702,8.86714394353702,8.74,8.74,8.883759115050955,8.819434775751036,8.957305191993072,0,0,19108,19107,0,0,0,0,NaN,NaN,0.7321191867971264,NaN,NaN,NaN,8.94705006747329,8.869144528275001,NaN,NaN,NaN,NaN,NaN,NaN,NaN,NaN,NaN,NaN,1,0,0,0,0,NaN,NaN,0.7321191867971264,NaN,NaN,NaN,8.94705006747329,8.869144528275001,NaN,NaN,NaN,NaN,NaN,NaN,NaN,NaN,NaN,NaN,1
2024-06-12T10:51:00-04:00,8.803571971768509,8.803571971768509,8.78,8.78,8.864893821405326,8.818832718105982,8.953956968180531,0,0,19108,19107,0,0,0,0,NaN,NaN,0.35631672911353723,NaN,NaN,NaN,8.94705006747329,8.869144528275001,NaN,NaN,NaN,NaN,NaN,NaN,NaN,NaN,NaN,NaN,1,0,0,0,0,NaN,NaN,0.35631672911353723,NaN,NaN,NaN,8.94705006747329,8.869144528275001,NaN,NaN,NaN,NaN,NaN,NaN,NaN,NaN,NaN,NaN,1
2024-06-12T10:52:00-04:00,8.791785985884253,8.791785985884253,8.71,8.73,8.840367672058903,8.817476493402074,8.947787921219357,0,0,19108,19107,0,0,0,0,NaN,NaN,0.15946348501490237,NaN,NaN,NaN,8.94705006747329,8.869144528275001,NaN,NaN,NaN,NaN,NaN,NaN,NaN,NaN,NaN,NaN,1,0,0,0,0,NaN,NaN,0.15946348501490237,NaN,NaN,NaN,8.94705006747329,8.869144528275001,NaN,NaN,NaN,NaN,NaN,NaN,NaN,NaN,NaN,NaN,1
2024-06-12T10:54:00-04:00,8.760892992942127,8.760892992942127,8.74,8.74,8.82211900441183,8.816293646174561,8.94589739332181,0,0,19108,19107,0,0,0,0,NaN,NaN,0.015292650611891532,NaN,NaN,NaN,8.94705006747329,8.869144528275001,NaN,NaN,NaN,NaN,NaN,NaN,NaN,NaN,NaN,NaN,1,0,0,0,0,NaN,NaN,0.015292650611891532,NaN,NaN,NaN,8.94705006747329,8.869144528275001,NaN,NaN,NaN,NaN,NaN,NaN,NaN,NaN,NaN,NaN,1
2024-06-12T12:07:00-04:00,8.750446496471064,8.750446496471064,8.705,8.705,8.800824639973316,8.814594506538308,8.925807543157369,0,0,19108,19107,0,0,0,0,NaN,NaN,0.043387057036425786,NaN,NaN,NaN,8.94705006747329,8.869144528275001,NaN,NaN,NaN,NaN,NaN,NaN,NaN,NaN,NaN,NaN,1,0,0,0,0,NaN,NaN,0.043387057036425786,NaN,NaN,NaN,8.94705006747329,8.869144528275001,NaN,NaN,NaN,NaN,NaN,NaN,NaN,NaN,NaN,NaN,1
2024-06-12T12:08:00-04:00,8.727723248235531,8.772,8.705,8.7385,8.789492887250894,8.813432758346883,8.901667798764985,0,0,19108,19107,0,0,0,0,NaN,NaN,0.4166825849583197,NaN,NaN,NaN,8.94705006747329,8.869144528275001,NaN,NaN,NaN,NaN,NaN,NaN,NaN,NaN,NaN,NaN,1,0,0,0,0,NaN,NaN,0.4166825849583197,NaN,NaN,NaN,8.94705006747329,8.869144528275001,NaN,NaN,NaN,NaN,NaN,NaN,NaN,NaN,NaN,NaN,1
2024-06-12T12:12:00-04:00,8.733111624117765,8.77,8.733111624117765,8.764999999999999,8.785039635023459,8.812693326921739,8.897808489234029,0,0,19108,19107,0,0,0,0,NaN,NaN,1.320276707723897,NaN,NaN,NaN,8.94705006747329,8.869144528275001,NaN,NaN,NaN,NaN,NaN,NaN,NaN,NaN,NaN,NaN,1,0,0,0,0,NaN,NaN,1.320276707723897,NaN,NaN,NaN,8.94705006747329,8.869144528275001,NaN,NaN,NaN,NaN,NaN,NaN,NaN,NaN,NaN,NaN,1
2024-06-12T12:13:00-04:00,8.74905581205888,8.76,8.74905581205888,8.76,8.780486974110103,8.811888848648124,8.895889819004525,0,0,19108,19107,0,0,0,0,NaN,NaN,2.4637269574241074,NaN,NaN,NaN,8.94705006747329,8.869144528275001,NaN,NaN,NaN,NaN,NaN,NaN,NaN,NaN,NaN,NaN,1,0,0,0,0,NaN,NaN,2.4637269574241074,NaN,NaN,NaN,8.94705006747329,8.869144528275001,NaN,NaN,NaN,NaN,NaN,NaN,NaN,NaN,NaN,NaN,1
2024-06-12T12:19:00-04:00,8.754527906029441,8.76,8.705,8.7325,8.771762069726448,8.810676805157312,8.882330497925311,0,0,19108,19107,0,0,0,0,NaN,NaN,4.329422254237443,NaN,NaN,NaN,8.94705006747329,8.869144528275001,NaN,NaN,NaN,NaN,NaN,NaN,NaN,NaN,NaN,NaN,1,0,0,0,0,NaN,NaN,4.329422254237443,NaN,NaN,NaN,8.94705006747329,8.869144528275001,NaN,NaN,NaN,NaN,NaN,NaN,NaN,NaN,NaN,NaN,1
2024-06-12T12:21:00-04:00,8.74351395301472,8.77,8.74351395301472,8.77,8.771441693412548,8.810055785231247,8.881617967015542,0,0,19108,19107,0,0,0,0,NaN,NaN,7.063876580457756,NaN,NaN,NaN,8.935124646074357,8.869144528275001,NaN,NaN,NaN,NaN,NaN,NaN,NaN,NaN,NaN,NaN,1,0,0,0,0,NaN,NaN,7.063876580457756,NaN,NaN,NaN,8.935124646074357,8.869144528275001,NaN,NaN,NaN,NaN,NaN,NaN,NaN,NaN,NaN,NaN,1
2024-06-12T12:27:00-04:00,8.75675697650736,8.795,8.75675697650736,8.795,8.775725021882995,8.80982592591474,8.880532868775447,0,0,19108,19107,0,0,0,0,NaN,NaN,7.8335664879289615,NaN,NaN,NaN,8.917956079092013,8.869144528275001,NaN,NaN,NaN,NaN,NaN,NaN,NaN,NaN,NaN,NaN,1,0,0,0,0,NaN,NaN,7.8335664879289615,NaN,NaN,NaN,8.917956079092013,8.869144528275001,NaN,NaN,NaN,NaN,NaN,NaN,NaN,NaN,NaN,NaN,1
2024-06-12T12:35:00-04:00,8.77587848825368,8.77587848825368,8.75,8.75,8.771047745176995,8.808912553000011,8.879720339246811,0,0,19108,19107,0,0,0,0,NaN,NaN,8.783707053809856,NaN,NaN,NaN,8.872735048696555,8.869144528275001,NaN,NaN,NaN,NaN,NaN,NaN,NaN,NaN,NaN,NaN,1,0,0,0,0,NaN,NaN,8.783707053809856,NaN,NaN,NaN,8.872735048696555,8.869144528275001,NaN,NaN,NaN,NaN,NaN,NaN,NaN,NaN,NaN,NaN,1
2024-06-12T12:46:00-04:00,8.76293924412684,8.76293924412684,8.75,8.75,8.767220882417542,8.808013124709936,8.878917862666254,0,0,19108,19107,0,0,0,0,NaN,NaN,9.710865254071107,NaN,NaN,NaN,8.872234591839185,8.869144528275001,NaN,NaN,NaN,NaN,NaN,NaN,NaN,NaN,NaN,NaN,1,0,0,0,0,NaN,NaN,9.710865254071107,NaN,NaN,NaN,8.872234591839185,8.869144528275001,NaN,NaN,NaN,NaN,NaN,NaN,NaN,NaN,NaN,NaN,1
2024-06-12T12:56:00-04:00,8.75646962206342,8.75646962206342,8.75,8.75,8.764089812887079,8.807127428149478,8.878125253612051,0,0,19108,19107,0,0,0,0,NaN,NaN,9.384860835998342,NaN,NaN,NaN,8.871680028073044,8.869144528275001,NaN,NaN,NaN,NaN,NaN,NaN,NaN,NaN,NaN,NaN,1,0,0,0,0,NaN,NaN,9.384860835998342,NaN,NaN,NaN,8.871680028073044,8.869144528275001,NaN,NaN,NaN,NaN,NaN,NaN,NaN,NaN,NaN,NaN,1
2024-06-12T13:14:00-04:00,8.75323481103171,8.75323481103171,8.75,8.75,8.761528028725792,8.806255253673914,8.877342331194622,0,0,19108,19107,0,0,0,0,NaN,NaN,9.07124534827835,NaN,NaN,NaN,8.871099932529201,8.869144528275001,NaN,NaN,NaN,NaN,NaN,NaN,NaN,NaN,NaN,NaN,1,0,0,0,0,NaN,NaN,9.07124534827835,NaN,NaN,NaN,8.871099932529201,8.869144528275001,NaN,NaN,NaN,NaN,NaN,NaN,NaN,NaN,NaN,NaN,1
2024-06-12T13:21:00-04:00,8.751617405515855,8.79,8.751617405515855,8.79,8.766704750775647,8.806007081862099,8.872312539591132,0,0,19108,19107,0,0,0,0,NaN,NaN,10.287264844256331,NaN,NaN,NaN,8.871099932529201,8.869144528275001,NaN,NaN,NaN,NaN,NaN,NaN,NaN,NaN,NaN,NaN,1,0,0,0,0,NaN,NaN,10.287264844256331,NaN,NaN,NaN,8.871099932529201,8.869144528275001,NaN,NaN,NaN,NaN,NaN,NaN,NaN,NaN,NaN,NaN,1
2024-06-12T13:55:00-04:00,8.770808702757927,8.8147,8.770808702757927,8.8147,8.77543115972553,8.806139798169548,8.863825546280383,0,0,19108,19107,0,0,0,0,NaN,NaN,13.291367443910762,NaN,NaN,NaN,8.871099932529201,8.869144528275001,NaN,NaN,NaN,NaN,NaN,NaN,NaN,NaN,NaN,NaN,1,0,0,0,0,NaN,NaN,13.291367443910762,NaN,NaN,NaN,8.871099932529201,8.869144528275001,NaN,NaN,NaN,NaN,NaN,NaN,NaN,NaN,NaN,NaN,1
2024-06-12T13:59:00-04:00,8.792754351378964,8.792754351378964,8.75,8.75,8.770807312502706,8.805282702014289,8.863269350109944,0,0,19108,19107,0,0,0,0,NaN,NaN,14.494440854064184,NaN,NaN,NaN,8.871099932529201,8.869144528275001,NaN,NaN,NaN,NaN,NaN,NaN,NaN,NaN,NaN,NaN,1,0,0,0,0,NaN,NaN,14.494440854064184,NaN,NaN,NaN,8.871099932529201,8.869144528275001,NaN,NaN,NaN,NaN,NaN,NaN,NaN,NaN,NaN,NaN,1
2024-06-12T14:12:00-04:00,8.771377175689482,8.771377175689482,8.75,8.75,8.767024164774941,8.804438691296513,8.862718563092633,0,0,19108,19107,0,0,0,0,NaN,NaN,15.764230921976575,NaN,NaN,NaN,8.871099932529201,8.869144528275001,NaN,NaN,NaN,NaN,NaN,NaN,NaN,NaN,NaN,NaN,1,0,0,0,0,NaN,NaN,15.764230921976575,NaN,NaN,NaN,8.871099932529201,8.869144528275001,NaN,NaN,NaN,NaN,NaN,NaN,NaN,NaN,NaN,NaN,1
2024-06-12T15:01:00-04:00,8.76068858784474,8.76068858784474,8.75,8.75,8.763928862088589,8.80360756623855,8.862173106702153,0,0,19108,19107,0,0,0,0,NaN,NaN,20.53247582453379,NaN,NaN,NaN,8.871099932529201,8.869144528275001,NaN,NaN,NaN,NaN,NaN,NaN,NaN,NaN,NaN,NaN,1,0,0,0,0,NaN,NaN,20.53247582453379,NaN,NaN,NaN,8.871099932529201,8.869144528275001,NaN,NaN,NaN,NaN,NaN,NaN,NaN,NaN,NaN,NaN,1
2024-06-12T15:05:00-04:00,8.75534429392237,8.75534429392237,8.75,8.75,8.761396341708846,8.802789130112771,8.861632903924875,0,0,19108,19107,0,0,0,0,NaN,NaN,17.800664696121068,NaN,NaN,NaN,8.871099932529201,8.869144528275001,NaN,NaN,NaN,NaN,NaN,NaN,NaN,NaN,NaN,NaN,1,0,0,0,0,NaN,NaN,17.800664696121068,NaN,NaN,NaN,8.871099932529201,8.869144528275001,NaN,NaN,NaN,NaN,NaN,NaN,NaN,NaN,NaN,NaN,1
2024-06-12T15:24:00-04:00,8.752672146961185,8.752672146961185,8.75,8.75,8.759324279579964,8.801983189195019,8.86109787922358,0,0,19108,19107,0,0,0,0,NaN,NaN,15.143014825559971,NaN,NaN,NaN,8.871099932529201,8.869144528275001,NaN,NaN,NaN,NaN,NaN,NaN,NaN,NaN,NaN,NaN,1,0,0,0,0,NaN,NaN,15.143014825559971,NaN,NaN,NaN,8.871099932529201,8.869144528275001,NaN,NaN,NaN,NaN,NaN,NaN,NaN,NaN,NaN,NaN,1
2024-06-12T15:27:00-04:00,8.751336073480593,8.751336073480593,8.72,8.72,8.752174410565425,8.800731537451583,8.860424862866683,0,1,19108,19107,0,0,0,0,NaN,NaN,12.265904866537934,NaN,NaN,NaN,8.871099932529201,8.869144528275001,NaN,NaN,NaN,NaN,NaN,NaN,NaN,NaN,NaN,NaN,1,0,0,0,0,NaN,NaN,12.265904866537934,NaN,NaN,NaN,8.871099932529201,8.869144528275001,NaN,NaN,NaN,NaN,NaN,NaN,NaN,NaN,NaN,NaN,1
2024-06-12T15:46:00-04:00,8.735668036740297,8.735668036740297,8.66,8.66,8.735415426826258,8.798582964360719,8.859473403750297,0,0,19108,19143,0,0,1,0,NaN,NaN,8.775192842324925,NaN,NaN,NaN,8.871099932529201,8.84655,NaN,NaN,NaN,NaN,NaN,NaN,NaN,NaN,NaN,NaN,1,0,0,1,0,NaN,NaN,8.775192842324925,NaN,NaN,NaN,8.871099932529201,8.84655,NaN,NaN,NaN,NaN,NaN,NaN,NaN,NaN,NaN,NaN,1
2024-06-12T15:59:00-04:00,8.697834018370148,8.697834018370148,8.65,8.65,8.719885349221483,8.796314522156738,8.858483687691946,0,0,19108,19144,0,0,0,0,NaN,NaN,5.539435944248143,NaN,NaN,NaN,8.871099932529201,8.8358035,NaN,NaN,NaN,NaN,NaN,NaN,NaN,NaN,NaN,NaN,1,0,0,0,0,NaN,NaN,5.539435944248143,NaN,NaN,NaN,8.871099932529201,8.8358035,NaN,NaN,NaN,NaN,NaN,NaN,NaN,NaN,NaN,NaN,1
2024-06-12T16:00:00-04:00,8.673917009185075,8.673917009185075,8.65,8.65,8.707178922090305,8.794080712658161,8.85653205008191,0,0,19108,19145,0,0,0,0,NaN,NaN,3.0001657193828004,NaN,NaN,NaN,8.871099932529201,8.8358035,NaN,NaN,NaN,NaN,NaN,NaN,NaN,NaN,NaN,NaN,1,0,0,0,0,NaN,NaN,3.0001657193828004,NaN,NaN,NaN,8.871099932529201,8.8358035,NaN,NaN,NaN,NaN,NaN,NaN,NaN,NaN,NaN,NaN,1
2024-06-13T11:09:00-04:00,8.661958504592537,8.661958504592537,8.64,8.645,8.695873663528431,8.791804671243533,8.645,0,0,19108,19146,0,0,0,0,NaN,NaN,1.1780636301682854,NaN,NaN,NaN,8.871099932529201,8.82200529,NaN,NaN,NaN,NaN,NaN,NaN,NaN,NaN,NaN,NaN,1,0,0,0,0,NaN,NaN,1.1780636301682854,NaN,NaN,NaN,8.871099932529201,8.82200529,NaN,NaN,NaN,NaN,NaN,NaN,NaN,NaN,NaN,NaN,1
2024-06-13T11:49:00-04:00,8.653479252296268,8.653479252296268,8.65,8.65,8.687532997432353,8.789639714430654,8.647345719973456,0,0,19108,19147,0,0,0,0,NaN,NaN,0.24132393467405738,NaN,NaN,NaN,8.799997674931745,8.82200529,NaN,NaN,NaN,NaN,NaN,NaN,NaN,NaN,NaN,NaN,1,0,0,0,0,NaN,NaN,0.24132393467405738,NaN,NaN,NaN,8.799997674931745,8.82200529,NaN,NaN,NaN,NaN,NaN,NaN,NaN,NaN,NaN,NaN,1
2024-06-13T12:45:00-04:00,8.651739626148135,8.76,8.651739626148135,8.76,8.700708816081017,8.789187199706522,8.666462809917356,0,0,19108,19148,0,0,0,0,NaN,NaN,0.0912715753360647,NaN,NaN,NaN,8.799997674931745,8.82200529,NaN,NaN,NaN,NaN,NaN,NaN,NaN,NaN,NaN,NaN,1,0,0,0,0,NaN,NaN,0.0912715753360647,NaN,NaN,NaN,8.799997674931745,8.82200529,NaN,NaN,NaN,NaN,NaN,NaN,NaN,NaN,NaN,NaN,1
2024-06-13T12:46:00-04:00,8.705869813074067,8.74,8.705869813074067,8.74,8.70785266770265,8.788436250092682,8.673761786600496,0,0,19108,19149,0,0,0,0,NaN,NaN,0.14511233745912738,NaN,NaN,NaN,8.799997674931745,8.82200529,NaN,NaN,NaN,NaN,NaN,NaN,NaN,NaN,NaN,NaN,1,0,0,0,0,NaN,NaN,0.14511233745912738,NaN,NaN,NaN,8.799997674931745,8.82200529,NaN,NaN,NaN,NaN,NaN,NaN,NaN,NaN,NaN,NaN,1
2024-06-13T14:36:00-04:00,8.722934906537034,8.722934906537034,8.66,8.682500000000001,8.703243091756713,8.786818902763022,8.678114570361148,0,0,19108,19150,0,0,0,0,NaN,NaN,0.11431370085235774,NaN,NaN,NaN,8.799997674931745,8.82200529,NaN,NaN,NaN,NaN,NaN,NaN,NaN,NaN,NaN,NaN,1,0,0,0,0,NaN,NaN,0.11431370085235774,NaN,NaN,NaN,8.799997674931745,8.82200529,NaN,NaN,NaN,NaN,NaN,NaN,NaN,NaN,NaN,NaN,1
2024-06-13T14:39:00-04:00,8.702717453268518,8.702717453268518,8.63,8.64,8.691744347800947,8.784577392797175,8.674661381653456,0,1,19108,19151,0,0,0,0,NaN,NaN,0.027459787462732182,NaN,NaN,NaN,8.799997674931745,8.8033498139,NaN,NaN,NaN,NaN,NaN,NaN,NaN,NaN,NaN,NaN,1,0,0,0,0,NaN,NaN,0.027459787462732182,NaN,NaN,NaN,8.799997674931745,8.8033498139,NaN,NaN,NaN,NaN,NaN,NaN,NaN,NaN,NaN,NaN,1
2024-06-13T14:40:00-04:00,8.67135872663426,8.72,8.67135872663426,8.72,8.696881739109866,8.783591478403325,8.676626218851572,0,0,19108,19152,0,0,0,0,NaN,NaN,0.0859346774971017,NaN,NaN,NaN,8.799997674931745,8.8033498139,NaN,NaN,NaN,NaN,NaN,NaN,NaN,NaN,NaN,NaN,1,0,0,0,0,NaN,NaN,0.0859346774971017,NaN,NaN,NaN,8.799997674931745,8.8033498139,NaN,NaN,NaN,NaN,NaN,NaN,NaN,NaN,NaN,NaN,1
2024-06-13T14:41:00-04:00,8.69567936331713,8.69567936331713,8.65,8.665,8.691085059271709,8.781780921481138,8.675916581892167,0,0,19108,19153,0,0,0,0,NaN,NaN,0.5437169673547817,NaN,NaN,NaN,8.799997674931745,8.8033498139,NaN,NaN,NaN,NaN,NaN,NaN,NaN,NaN,NaN,NaN,1,0,0,0,0,NaN,NaN,0.5437169673547817,NaN,NaN,NaN,8.799997674931745,8.8033498139,NaN,NaN,NaN,NaN,NaN,NaN,NaN,NaN,NaN,NaN,1
2024-06-13T14:42:00-04:00,8.680339681658564,8.69,8.65,8.67,8.687251412131397,8.780074342527227,8.675576222435284,0,0,19108,19154,0,0,0,0,NaN,NaN,1.5668510231611816,NaN,NaN,NaN,8.799997674931745,8.8033498139,NaN,NaN,NaN,NaN,NaN,NaN,NaN,NaN,NaN,NaN,1,0,0,0,0,NaN,NaN,1.5668510231611816,NaN,NaN,NaN,8.799997674931745,8.8033498139,NaN,NaN,NaN,NaN,NaN,NaN,NaN,NaN,NaN,NaN,1
2024-06-13T15:37:00-04:00,8.675169840829282,8.71,8.675169840829282,8.71,8.691387519016597,8.779004505236735,8.676223894637818,0,0,19108,19155,0,0,0,0,NaN,NaN,2.091040179342582,NaN,NaN,NaN,8.799997674931745,8.8033498139,NaN,NaN,NaN,NaN,NaN,NaN,NaN,NaN,NaN,NaN,1,0,0,0,0,NaN,NaN,2.091040179342582,NaN,NaN,NaN,8.799997674931745,8.8033498139,NaN,NaN,NaN,NaN,NaN,NaN,NaN,NaN,NaN,NaN,1
2024-06-13T15:40:00-04:00,8.692584920414642,8.692584920414642,8.67,8.67,8.687498879195397,8.77734031431709,8.676108956602032,0,0,19108,19156,0,0,0,0,NaN,NaN,4.233577640499747,NaN,NaN,NaN,8.799997674931745,8.8033498139,NaN,NaN,NaN,NaN,NaN,NaN,NaN,NaN,NaN,NaN,1,0,0,0,0,NaN,NaN,4.233577640499747,NaN,NaN,NaN,8.799997674931745,8.8033498139,NaN,NaN,NaN,NaN,NaN,NaN,NaN,NaN,NaN,NaN,1
2024-06-14T09:43:00-04:00,8.68129246020732,8.68129246020732,8.65,8.65,8.680680901159871,8.775396187380952,8.65,0,0,19108,19157,0,0,0,0,NaN,NaN,6.618479917376892,NaN,NaN,NaN,8.799997674931745,8.8033498139,NaN,NaN,NaN,NaN,NaN,NaN,NaN,NaN,NaN,NaN,1,0,0,0,0,NaN,NaN,6.618479917376892,NaN,NaN,NaN,8.799997674931745,8.8033498139,NaN,NaN,NaN,NaN,NaN,NaN,NaN,NaN,NaN,NaN,1
2024-06-14T09:45:00-04:00,8.665646230103661,8.76,8.665646230103661,8.76,8.69510255549444,8.77516113108506,8.705,0,0,19108,19158,0,0,0,0,NaN,NaN,8.134226395975864,NaN,NaN,NaN,8.799997674931745,8.8033498139,NaN,NaN,NaN,NaN,NaN,NaN,NaN,NaN,NaN,NaN,1,0,0,0,0,NaN,NaN,8.134226395975864,NaN,NaN,NaN,8.799997674931745,8.8033498139,NaN,NaN,NaN,NaN,NaN,NaN,NaN,NaN,NaN,NaN,1
2024-06-14T09:46:00-04:00,8.71282311505183,8.77,8.71282311505183,8.77,8.708720272677269,8.775082335190632,8.726666666666667,0,0,19108,19159,0,0,0,0,NaN,NaN,11.05519504420354,NaN,NaN,NaN,8.799997674931745,8.8033498139,NaN,NaN,NaN,NaN,NaN,NaN,NaN,NaN,NaN,NaN,1,0,0,0,0,NaN,NaN,11.05519504420354,NaN,NaN,NaN,8.799997674931745,8.8033498139,NaN,NaN,NaN,NaN,NaN,NaN,NaN,NaN,NaN,NaN,1
2024-06-14T09:48:00-04:00,8.741411557525915,8.741411557525915,8.61,8.625,8.693498404917765,8.772791001828942,8.692777777777778,0,0,19108,19160,0,0,0,0,NaN,NaN,16.760431824842907,NaN,NaN,NaN,8.799997674931745,8.775347836232001,NaN,NaN,NaN,NaN,NaN,NaN,NaN,NaN,NaN,NaN,1,0,0,0,0,NaN,NaN,16.760431824842907,NaN,NaN,NaN,8.799997674931745,8.775347836232001,NaN,NaN,NaN,NaN,NaN,NaN,NaN,NaN,NaN,NaN,1
2024-06-14T09:50:00-04:00,8.683205778762957,8.683205778762957,8.63,8.63,8.681953240387262,8.770610986533844,8.681363636363637,0,0,19108,19161,0,0,0,0,NaN,NaN,23.342188349547204,NaN,NaN,NaN,8.799997674931745,8.775347836232001,NaN,NaN,NaN,NaN,NaN,NaN,NaN,NaN,NaN,NaN,1,0,0,0,0,NaN,NaN,23.342188349547204,NaN,NaN,NaN,8.799997674931745,8.775347836232001,NaN,NaN,NaN,NaN,NaN,NaN,NaN,NaN,NaN,NaN,1
2024-06-14T09:54:00-04:00,8.656602889381478,8.77,8.656602889381478,8.7425,8.692961742135033,8.770181811166916,8.70046875,0,0,19108,19162,0,0,0,0,NaN,NaN,27.543698648813265,NaN,NaN,NaN,8.799997674931745,8.775347836232001,NaN,NaN,NaN,NaN,NaN,NaN,NaN,NaN,NaN,NaN,1,0,0,0,0,NaN,NaN,27.543698648813265,NaN,NaN,NaN,8.799997674931745,8.775347836232001,NaN,NaN,NaN,NaN,NaN,NaN,NaN,NaN,NaN,NaN,1
2024-06-14T09:57:00-04:00,8.699551444690739,8.699551444690739,8.68,8.68,8.690605061746846,8.768804989622383,8.699264705882353,0,0,19108,19163,0,0,0,0,NaN,NaN,29.06710241296157,NaN,NaN,NaN,8.799997674931745,8.775347836232001,NaN,NaN,NaN,NaN,NaN,NaN,NaN,NaN,NaN,NaN,1,0,0,0,0,NaN,NaN,29.06710241296157,NaN,NaN,NaN,8.799997674931745,8.775347836232001,NaN,NaN,NaN,NaN,NaN,NaN,NaN,NaN,NaN,NaN,1
2024-06-14T09:58:00-04:00,8.68977572234537,8.68977572234537,8.66,8.66,8.6850405050656,8.767143844742652,8.697083333333333,0,0,19108,19164,0,0,0,0,NaN,NaN,30.774193855057796,NaN,NaN,NaN,8.799997674931745,8.775347836232001,NaN,NaN,NaN,NaN,NaN,NaN,NaN,NaN,NaN,NaN,1,0,0,0,0,NaN,NaN,30.774193855057796,NaN,NaN,NaN,8.799997674931745,8.775347836232001,NaN,NaN,NaN,NaN,NaN,NaN,NaN,NaN,NaN,NaN,1
2024-06-14T10:03:00-04:00,8.674887861172685,8.69,8.66,8.675,8.683214958690037,8.765737068487038,8.693928571428572,0,0,19108,19165,0,0,0,0,NaN,NaN,31.926144824392377,NaN,NaN,NaN,8.799997674931745,8.775347836232001,NaN,NaN,NaN,NaN,NaN,NaN,NaN,NaN,NaN,NaN,1,0,0,0,0,NaN,NaN,31.926144824392377,NaN,NaN,NaN,8.799997674931745,8.775347836232001,NaN,NaN,NaN,NaN,NaN,NaN,NaN,NaN,NaN,NaN,1
2024-06-14T10:04:00-04:00,8.674943930586343,8.7,8.674943930586343,8.694999999999999,8.685357693473666,8.764657113242961,8.694021739130434,0,0,19108,19166,0,0,0,0,NaN,NaN,32.86515310992317,NaN,NaN,NaN,8.799997674931745,8.775347836232001,NaN,NaN,NaN,NaN,NaN,NaN,NaN,NaN,NaN,NaN,1,0,0,0,0,NaN,NaN,32.86515310992317,NaN,NaN,NaN,8.799997674931745,8.775347836232001,NaN,NaN,NaN,NaN,NaN,NaN,NaN,NaN,NaN,NaN,1
2024-06-14T10:36:00-04:00,8.68497196529317,8.68497196529317,8.55,8.55,8.660747203751182,8.76137990540719,8.688020833333333,0,1,19108,19167,0,0,0,0,NaN,NaN,35.79283163551622,NaN,NaN,NaN,8.799997674931745,8.709670660797201,NaN,NaN,NaN,NaN,NaN,NaN,NaN,NaN,NaN,NaN,1,0,0,0,0,NaN,NaN,35.79283163551622,NaN,NaN,NaN,8.799997674931745,8.709670660797201,NaN,NaN,NaN,NaN,NaN,NaN,NaN,NaN,NaN,NaN,1
2024-06-14T11:19:00-04:00,8.617485982646585,8.679,8.617485982646585,8.679,8.66406589397824,8.760122196927691,8.68710861423221,0,0,19108,19168,0,0,0,0,NaN,NaN,37.902633284436256,NaN,NaN,NaN,8.799997674931745,8.709670660797201,NaN,NaN,NaN,NaN,NaN,NaN,NaN,NaN,NaN,NaN,1,0,0,0,0,NaN,NaN,37.902633284436256,NaN,NaN,NaN,8.799997674931745,8.709670660797201,NaN,NaN,NaN,NaN,NaN,NaN,NaN,NaN,NaN,NaN,1
2024-06-14T11:33:00-04:00,8.648242991323293,8.745,8.648242991323293,8.745,8.678781185982196,8.759891323692154,8.691311219173325,0,0,19108,19169,0,0,0,0,NaN,NaN,39.71885850637149,NaN,NaN,NaN,8.799997674931745,8.709670660797201,NaN,NaN,NaN,NaN,NaN,NaN,NaN,NaN,NaN,NaN,1,0,0,0,0,NaN,NaN,39.71885850637149,NaN,NaN,NaN,8.799997674931745,8.709670660797201,NaN,NaN,NaN,NaN,NaN,NaN,NaN,NaN,NaN,NaN,1
2024-06-14T11:48:00-04:00,8.696621495661645,8.7,8.66,8.68,8.679002788530887,8.758671608826624,8.687896459747819,0,0,19108,19170,0,0,0,0,NaN,NaN,45.8567156800486,NaN,NaN,NaN,8.799997674931745,8.709670660797201,NaN,NaN,NaN,NaN,NaN,NaN,NaN,NaN,NaN,NaN,1,0,0,0,0,NaN,NaN,45.8567156800486,NaN,NaN,NaN,8.799997674931745,8.709670660797201,NaN,NaN,NaN,NaN,NaN,NaN,NaN,NaN,NaN,NaN,1
2024-06-14T11:51:00-04:00,8.688310747830823,8.688310747830823,8.6,8.6,8.664638645161634,8.756249141516294,8.683830943570769,0,1,19108,19171,0,0,0,0,NaN,NaN,52.45638339896688,NaN,NaN,NaN,8.799997674931745,8.709670660797201,NaN,NaN,NaN,NaN,NaN,NaN,NaN,NaN,NaN,NaN,1,0,0,0,0,NaN,NaN,52.45638339896688,NaN,NaN,NaN,8.799997674931745,8.709670660797201,NaN,NaN,NaN,NaN,NaN,NaN,NaN,NaN,NaN,NaN,1
2024-06-14T11:52:00-04:00,8.64415537391541,8.64415537391541,8.64,8.64,8.660158891495882,8.75447434546261,8.682840189873419,0,0,19108,19172,0,0,0,0,NaN,NaN,55.9080683491341,NaN,NaN,NaN,8.799997674931745,8.709670660797201,NaN,NaN,NaN,NaN,NaN,NaN,NaN,NaN,NaN,NaN,1,0,0,0,0,NaN,NaN,55.9080683491341,NaN,NaN,NaN,8.799997674931745,8.709670660797201,NaN,NaN,NaN,NaN,NaN,NaN,NaN,NaN,NaN,NaN,1
2024-06-14T11:53:00-04:00,8.642077686957705,8.67,8.642077686957705,8.67,8.661948183951177,8.753184660799059,8.682556366047745,0,0,19108,19173,0,0,0,0,NaN,NaN,55.9227967833845,NaN,NaN,NaN,8.799997674931745,8.709670660797201,NaN,NaN,NaN,NaN,NaN,NaN,NaN,NaN,NaN,NaN,1,0,0,0,0,NaN,NaN,55.9227967833845,NaN,NaN,NaN,8.799997674931745,8.709670660797201,NaN,NaN,NaN,NaN,NaN,NaN,NaN,NaN,NaN,NaN,1
2024-06-14T11:54:00-04:00,8.656038843478854,8.67,8.656038843478854,8.67,8.663412150505508,8.751914665977699,8.682024767146487,0,0,19108,19174,0,0,0,0,NaN,NaN,56.92440321011977,NaN,NaN,NaN,8.799997674931745,8.709670660797201,NaN,NaN,NaN,NaN,NaN,NaN,NaN,NaN,NaN,NaN,1,0,0,0,0,NaN,NaN,56.92440321011977,NaN,NaN,NaN,8.799997674931745,8.709670660797201,NaN,NaN,NaN,NaN,NaN,NaN,NaN,NaN,NaN,NaN,1
2024-06-14T11:55:00-04:00,8.663019421739428,8.663019421739428,8.61,8.620000000000001,8.65551903223178,8.749900701611628,8.678321058917199,0,1,19108,19175,0,0,0,0,NaN,NaN,58.8864328926413,NaN,NaN,NaN,8.799997674931745,8.709670660797201,NaN,NaN,NaN,NaN,NaN,NaN,NaN,NaN,NaN,NaN,1,0,0,0,0,NaN,NaN,58.8864328926413,NaN,NaN,NaN,8.799997674931745,8.709670660797201,NaN,NaN,NaN,NaN,NaN,NaN,NaN,NaN,NaN,NaN,1
2024-06-14T13:34:00-04:00,8.641509710869714,8.7699,8.641509710869714,8.7699,8.676315571826002,8.75020603441145,8.693523406374503,0,0,19108,19176,0,0,0,0,NaN,NaN,55.578802472832656,NaN,NaN,NaN,8.799997674931745,8.709670660797201,NaN,NaN,NaN,NaN,NaN,NaN,NaN,NaN,NaN,NaN,1,0,0,0,0,NaN,NaN,55.578802472832656,NaN,NaN,NaN,8.799997674931745,8.709670660797201,NaN,NaN,NaN,NaN,NaN,NaN,NaN,NaN,NaN,NaN,1
2024-06-14T15:58:00-04:00,8.705704855434856,8.705704855434856,8.685,8.685,8.677894558766729,8.749210522435703,8.69324951799486,0,0,19108,19177,0,0,0,0,NaN,NaN,56.0948028310908,NaN,NaN,NaN,8.799997674931745,8.709670660797201,NaN,NaN,NaN,NaN,NaN,NaN,NaN,NaN,NaN,NaN,1,0,0,0,0,NaN,NaN,56.0948028310908,NaN,NaN,NaN,8.799997674931745,8.709670660797201,NaN,NaN,NaN,NaN,NaN,NaN,NaN,NaN,NaN,NaN,1
2024-06-14T15:59:00-04:00,8.695352427717427,8.695352427717427,8.685,8.6875,8.679641002627324,8.748268377055005,8.692607764773053,0,0,19108,19178,0,0,0,0,NaN,NaN,56.470369105056925,NaN,NaN,NaN,8.799997674931745,8.709670660797201,NaN,NaN,NaN,NaN,NaN,NaN,NaN,NaN,NaN,NaN,1,0,0,0,0,NaN,NaN,56.470369105056925,NaN,NaN,NaN,8.799997674931745,8.709670660797201,NaN,NaN,NaN,NaN,NaN,NaN,NaN,NaN,NaN,NaN,1
2024-06-14T16:00:00-04:00,8.691426213858714,8.691426213858714,8.69,8.69,8.681524456695083,8.74737878351218,8.692466918714556,0,0,19108,19179,0,0,0,0,NaN,NaN,56.704750411610924,NaN,NaN,NaN,8.799997674931745,8.709670660797201,NaN,NaN,NaN,NaN,NaN,NaN,NaN,NaN,NaN,NaN,1,0,0,0,0,NaN,NaN,56.704750411610924,NaN,NaN,NaN,8.799997674931745,8.709670660797201,NaN,NaN,NaN,NaN,NaN,NaN,NaN,NaN,NaN,NaN,1
2024-06-17T10:03:00-04:00,8.690713106929357,8.690713106929357,8.68,8.68,8.681247282750522,8.746350099794437,8.68,0,0,19108,19180,0,0,0,0,NaN,NaN,55.11332000306274,NaN,NaN,NaN,8.799997674931745,8.709670660797201,NaN,NaN,NaN,NaN,NaN,NaN,NaN,NaN,NaN,NaN,1,0,0,0,0,NaN,NaN,55.11332000306274,NaN,NaN,NaN,8.799997674931745,8.709670660797201,NaN,NaN,NaN,NaN,NaN,NaN,NaN,NaN,NaN,NaN,1
2024-06-17T10:34:00-04:00,8.685356553464679,8.685356553464679,8.6,8.6,8.666475049523156,8.74411574712582,8.602384500745156,0,1,19108,19181,0,0,0,0,NaN,NaN,54.33848486558731,NaN,NaN,NaN,8.799997674931745,8.709670660797201,NaN,NaN,NaN,NaN,NaN,NaN,NaN,NaN,NaN,NaN,1,0,0,0,0,NaN,NaN,54.33848486558731,NaN,NaN,NaN,8.799997674931745,8.709670660797201,NaN,NaN,NaN,NaN,NaN,NaN,NaN,NaN,NaN,NaN,1
2024-06-17T10:42:00-04:00,8.64267827673234,8.64267827673234,8.5101,8.5101,8.638043222337128,8.740542987627716,8.599069683908047,0,0,19108,19182,0,0,0,0,NaN,NaN,54.40273487136329,NaN,NaN,NaN,8.799997674931745,8.657388941853704,NaN,NaN,NaN,NaN,NaN,NaN,NaN,NaN,NaN,NaN,1,0,0,0,0,NaN,NaN,54.40273487136329,NaN,NaN,NaN,8.799997674931745,8.657388941853704,NaN,NaN,NaN,NaN,NaN,NaN,NaN,NaN,NaN,NaN,1
2024-06-17T10:51:00-04:00,8.57638913836617,8.67,8.57638913836617,8.67,8.64385354554856,8.739465995450194,8.610233050847457,0,0,19108,19183,0,0,0,0,NaN,NaN,52.09159675218462,NaN,NaN,NaN,8.799997674931745,8.657388941853704,NaN,NaN,NaN,NaN,NaN,NaN,NaN,NaN,NaN,NaN,1,0,0,0,0,NaN,NaN,52.09159675218462,NaN,NaN,NaN,8.799997674931745,8.657388941853704,NaN,NaN,NaN,NaN,NaN,NaN,NaN,NaN,NaN,NaN,1
2024-06-17T12:58:00-04:00,8.623194569183084,8.672,8.623194569183084,8.672,8.648971082721548,8.738435980252481,8.622273391812865,0,0,19108,19184,0,0,0,0,NaN,NaN,50.645107882003146,NaN,NaN,NaN,8.799997674931745,8.657388941853704,NaN,NaN,NaN,NaN,NaN,NaN,NaN,NaN,NaN,NaN,1,0,0,0,0,NaN,NaN,50.645107882003146,NaN,NaN,NaN,8.799997674931745,8.657388941853704,NaN,NaN,NaN,NaN,NaN,NaN,NaN,NaN,NaN,NaN,1
2024-06-17T13:09:00-04:00,8.647597284591543,8.647597284591543,8.6224,8.6224,8.644139976772175,8.736664438569237,8.622276708428245,0,0,19108,19185,0,0,0,0,NaN,NaN,49.884983723755404,NaN,NaN,NaN,8.799997674931745,8.657388941853704,NaN,NaN,NaN,NaN,NaN,NaN,NaN,NaN,NaN,NaN,1,0,0,0,0,NaN,NaN,49.884983723755404,NaN,NaN,NaN,8.799997674931745,8.657388941853704,NaN,NaN,NaN,NaN,NaN,NaN,NaN,NaN,NaN,NaN,1
2024-06-17T13:25:00-04:00,8.634998642295772,8.69,8.634998642295772,8.68,8.650659980995416,8.735799332636882,8.627280461165048,0,0,19108,19186,0,0,0,0,NaN,NaN,47.03621698821211,NaN,NaN,NaN,8.799997674931745,8.657388941853704,NaN,NaN,NaN,NaN,NaN,NaN,NaN,NaN,NaN,NaN,1,0,0,0,0,NaN,NaN,47.03621698821211,NaN,NaN,NaN,8.799997674931745,8.657388941853704,NaN,NaN,NaN,NaN,NaN,NaN,NaN,NaN,NaN,NaN,1
2024-06-17T13:29:00-04:00,8.657499321147885,8.67,8.657499321147885,8.67,8.654176348087159,8.73479476267296,8.63005085927367,0,0,19108,19187,0,0,0,0,NaN,NaN,44.42171802469247,NaN,NaN,NaN,8.799997674931745,8.657388941853704,NaN,NaN,NaN,NaN,NaN,NaN,NaN,NaN,NaN,NaN,1,0,0,0,0,NaN,NaN,44.42171802469247,NaN,NaN,NaN,8.799997674931745,8.657388941853704,NaN,NaN,NaN,NaN,NaN,NaN,NaN,NaN,NaN,NaN,1
2024-06-17T14:08:00-04:00,8.663749660573941,8.72,8.663749660573941,8.7075,8.663871557525857,8.734378048739021,8.638785054660529,0,0,19108,19188,0,0,0,0,NaN,NaN,41.53694600246701,NaN,NaN,NaN,8.799997674931745,8.657388941853704,NaN,NaN,NaN,NaN,NaN,NaN,NaN,NaN,NaN,NaN,1,0,0,0,0,NaN,NaN,41.53694600246701,NaN,NaN,NaN,8.799997674931745,8.657388941853704,NaN,NaN,NaN,NaN,NaN,NaN,NaN,NaN,NaN,NaN,1
2024-06-17T14:33:00-04:00,8.68562483028697,8.745,8.68562483028697,8.745,8.678622183430246,8.734540215933846,8.644563887377585,0,0,19108,19189,0,0,0,0,NaN,NaN,36.38766534606624,NaN,NaN,NaN,8.799997674931745,8.657388941853704,NaN,NaN,NaN,NaN,NaN,NaN,NaN,NaN,NaN,NaN,1,0,0,0,0,NaN,NaN,36.38766534606624,NaN,NaN,NaN,8.799997674931745,8.657388941853704,NaN,NaN,NaN,NaN,NaN,NaN,NaN,NaN,NaN,NaN,1
2024-06-17T14:51:00-04:00,8.715312415143485,8.715312415143485,8.68,8.68,8.678872695533837,8.73370754088142,8.64550234375,0,0,19108,19190,0,0,0,0,NaN,NaN,33.207766271339736,NaN,NaN,NaN,8.799997674931745,8.657388941853704,NaN,NaN,NaN,NaN,NaN,NaN,NaN,NaN,NaN,NaN,1,0,0,0,0,NaN,NaN,33.207766271339736,NaN,NaN,NaN,8.799997674931745,8.657388941853704,NaN,NaN,NaN,NaN,NaN,NaN,NaN,NaN,NaN,NaN,1
2024-06-17T15:19:00-04:00,8.697656207571743,8.9665,8.697656207571743,8.9665,8.731168569073139,8.737261624226742,8.656503286445012,0,0,19108,19191,0,0,0,0,NaN,NaN,14.659546245228805,NaN,NaN,NaN,8.799997674931745,8.786221999999999,NaN,NaN,NaN,NaN,NaN,NaN,NaN,NaN,NaN,NaN,1,0,0,0,0,NaN,NaN,14.659546245228805,NaN,NaN,NaN,8.799997674931745,8.786221999999999,NaN,NaN,NaN,NaN,NaN,NaN,NaN,NaN,NaN,NaN,1
2024-06-17T15:23:00-04:00,8.832078103785872,8.832078103785872,8.83,8.83,8.74913792015075,8.738677477291983,8.662913263546798,0,0,19108,19192,0,0,0,0,NaN,NaN,9.982039083347587,NaN,NaN,NaN,8.799997674931745,8.786221999999999,NaN,NaN,NaN,NaN,NaN,NaN,NaN,NaN,NaN,NaN,1,0,0,0,0,NaN,NaN,9.982039083347587,NaN,NaN,NaN,8.799997674931745,8.786221999999999,NaN,NaN,NaN,NaN,NaN,NaN,NaN,NaN,NaN,NaN,1
2024-06-18T09:39:00-04:00,8.831039051892937,8.831039051892937,8.67,8.67,8.734749207396067,8.73762896618829,8.67,0,0,19108,19193,0,0,0,0,NaN,NaN,9.168220298253381,NaN,NaN,NaN,8.799997674931745,8.786221999999999,NaN,NaN,NaN,NaN,NaN,NaN,NaN,NaN,NaN,NaN,1,0,0,0,0,NaN,NaN,9.168220298253381,NaN,NaN,NaN,8.799997674931745,8.786221999999999,NaN,NaN,NaN,NaN,NaN,NaN,NaN,NaN,NaN,NaN,1
2024-06-18T09:40:00-04:00,8.75051952594647,8.84,8.75051952594647,8.83,8.752067533324055,8.739039210979309,8.766,1,0,19194,19193,0,0,0,0,NaN,NaN,5.851201021950012,NaN,NaN,NaN,8.799997674931745,8.786221999999999,NaN,NaN,NaN,NaN,NaN,NaN,NaN,NaN,NaN,NaN,1,0,0,0,0,NaN,NaN,5.851201021950012,NaN,NaN,NaN,8.799997674931745,8.786221999999999,NaN,NaN,NaN,NaN,NaN,NaN,NaN,NaN,NaN,NaN,1
2024-06-18T09:41:00-04:00,8.790259762973236,8.83,8.790259762973236,8.815000000000001,8.76350979999241,8.740198917681914,8.784375,0,0,19194,19193,0,0,0,0,NaN,NaN,3.51815509319502,NaN,NaN,NaN,8.799997674931745,8.786221999999999,NaN,NaN,NaN,NaN,NaN,NaN,NaN,NaN,NaN,NaN,1,0,0,0,0,NaN,NaN,3.51815509319502,NaN,NaN,NaN,8.799997674931745,8.786221999999999,NaN,NaN,NaN,NaN,NaN,NaN,NaN,NaN,NaN,NaN,1
2024-06-18T09:42:00-04:00,8.802629881486618,8.83,8.802629881486618,8.8225,8.77423529090288,8.741455422755472,8.794772727272727,0,0,19194,19193,0,0,0,0,NaN,NaN,2.0949707897123435,NaN,NaN,NaN,8.799997674931745,8.786221999999999,NaN,NaN,NaN,NaN,NaN,NaN,NaN,NaN,NaN,NaN,1,0,0,0,0,NaN,NaN,2.0949707897123435,NaN,NaN,NaN,8.799997674931745,8.786221999999999,NaN,NaN,NaN,NaN,NaN,NaN,NaN,NaN,NaN,NaN,1
2024-06-18T09:43:00-04:00,8.812564940743309,8.812564940743309,8.77,8.79,8.77710160164781,8.742196561339357,8.79375,0,0,19194,19193,0,0,0,0,NaN,NaN,1.1042339614271837,NaN,NaN,NaN,8.799997674931745,8.786221999999999,NaN,NaN,NaN,NaN,NaN,NaN,NaN,NaN,NaN,NaN,1,0,0,0,0,NaN,NaN,1.1042339614271837,NaN,NaN,NaN,8.799997674931745,8.786221999999999,NaN,NaN,NaN,NaN,NaN,NaN,NaN,NaN,NaN,NaN,1
2024-06-18T09:44:00-04:00,8.801282470371653,8.801282470371653,8.74,8.74,8.770355855893664,8.742163026051733,8.78703125,0,0,19194,19193,0,0,0,0,NaN,NaN,0.5606231951652062,NaN,NaN,NaN,8.799997674931745,8.786221999999999,NaN,NaN,NaN,NaN,NaN,NaN,NaN,NaN,NaN,NaN,1,0,0,0,0,NaN,NaN,0.5606231951652062,NaN,NaN,NaN,8.799997674931745,8.786221999999999,NaN,NaN,NaN,NaN,NaN,NaN,NaN,NaN,NaN,NaN,1
2024-06-18T09:45:00-04:00,8.770641235185828,8.770641235185828,8.77,8.77,8.770291154822088,8.742588018020408,8.786029411764705,0,0,19194,19193,0,0,0,0,NaN,NaN,0.12783419213630773,NaN,NaN,NaN,8.799997674931745,8.786221999999999,NaN,NaN,NaN,NaN,NaN,NaN,NaN,NaN,NaN,NaN,1,0,0,0,0,NaN,NaN,0.12783419213630773,NaN,NaN,NaN,8.799997674931745,8.786221999999999,NaN,NaN,NaN,NaN,NaN,NaN,NaN,NaN,NaN,NaN,1
2024-06-18T10:03:00-04:00,8.770320617592914,8.79,8.770320617592914,8.7875,8.773420035763527,8.7432736971346,8.786565420560748,0,0,19194,19193,0,0,0,0,NaN,NaN,0.00001867261180925703,NaN,NaN,NaN,8.799997674931745,8.786221999999999,NaN,NaN,NaN,NaN,NaN,NaN,NaN,NaN,NaN,NaN,1,0,0,0,0,NaN,NaN,0.00001867261180925703,NaN,NaN,NaN,8.799997674931745,8.786221999999999,NaN,NaN,NaN,NaN,NaN,NaN,NaN,NaN,NaN,NaN,1
2024-06-18T10:30:00-04:00,8.778910308796457,8.8,8.778910308796457,8.8,8.778252756533796,8.744139747560025,8.78704954954955,0,0,19194,19193,0,0,0,0,NaN,NaN,0.2566989774646701,NaN,NaN,NaN,8.799997674931745,8.786221999999999,NaN,NaN,NaN,NaN,NaN,NaN,NaN,NaN,NaN,NaN,1,0,0,0,0,NaN,NaN,0.2566989774646701,NaN,NaN,NaN,8.799997674931745,8.786221999999999,NaN,NaN,NaN,NaN,NaN,NaN,NaN,NaN,NaN,NaN,1
2024-06-18T11:03:00-04:00,8.78945515439823,8.78945515439823,8.75,8.75,8.77311589170947,8.744229217062925,8.785149572649573,0,0,19194,19193,0,0,0,0,NaN,NaN,0.8879036856610694,NaN,NaN,NaN,8.799997674931745,8.786221999999999,NaN,NaN,NaN,NaN,NaN,NaN,NaN,NaN,NaN,NaN,1,0,0,0,0,NaN,NaN,0.8879036856610694,NaN,NaN,NaN,8.799997674931745,8.786221999999999,NaN,NaN,NaN,NaN,NaN,NaN,NaN,NaN,NaN,NaN,1
2024-06-18T11:26:00-04:00,8.769727577199115,8.95,8.769727577199115,8.93,8.801640275035021,8.74706541222227,8.870106375459429,1,0,19194,19193,0,0,0,0,NaN,NaN,2.9412052980917687,NaN,NaN,NaN,8.799997674931745,8.786221999999999,NaN,NaN,NaN,NaN,NaN,NaN,NaN,NaN,NaN,NaN,1,0,0,0,0,NaN,NaN,2.9412052980917687,NaN,NaN,NaN,8.799997674931745,8.786221999999999,NaN,NaN,NaN,NaN,NaN,NaN,NaN,NaN,NaN,NaN,1
2024-06-18T13:36:00-04:00,8.849863788599556,9,8.849863788599556,8.98,8.834069315937745,8.750621665470785,8.90228456463061,0,0,19194,19193,0,0,0,0,NaN,NaN,6.156868109201909,NaN,NaN,NaN,8.799997674931745,8.798582839999998,NaN,NaN,NaN,NaN,NaN,NaN,NaN,NaN,NaN,NaN,1,0,0,0,0,NaN,NaN,6.156868109201909,NaN,NaN,NaN,8.799997674931745,8.798582839999998,NaN,NaN,NaN,NaN,NaN,NaN,NaN,NaN,NaN,NaN,1
2024-06-18T13:37:00-04:00,8.914931894299778,9.05,8.914931894299778,9.05,8.8733294403127,8.75519232706665,8.903746659408098,0,0,19194,19193,0,0,0,0,NaN,NaN,10.326035334778508,NaN,NaN,NaN,8.799997674931745,8.846567869599998,NaN,NaN,NaN,NaN,NaN,NaN,NaN,NaN,NaN,NaN,1,0,0,0,0,NaN,NaN,10.326035334778508,NaN,NaN,NaN,8.799997674931745,8.846567869599998,NaN,NaN,NaN,NaN,NaN,NaN,NaN,NaN,NaN,NaN,1
2024-06-18T14:20:00-04:00,8.98246594714989,9,8.835,8.91,8.8799968148013,8.757555802989296,8.904580759993138,0,0,19194,19193,0,0,0,0,NaN,NaN,13.630995128342457,NaN,NaN,NaN,8.799997674931745,8.846567869599998,NaN,NaN,NaN,NaN,NaN,NaN,NaN,NaN,NaN,NaN,1,0,0,0,0,NaN,NaN,13.630995128342457,NaN,NaN,NaN,8.799997674931745,8.846567869599998,NaN,NaN,NaN,NaN,NaN,NaN,NaN,NaN,NaN,NaN,1
2024-06-18T14:31:00-04:00,8.946232973574945,9,8.7063,8.85315,8.875115575746518,8.759015256378772,8.887948595473013,0,0,19194,19193,0,0,0,0,NaN,NaN,17.381605690893863,NaN,NaN,NaN,8.799997674931745,8.846567869599998,NaN,NaN,NaN,NaN,NaN,NaN,NaN,NaN,NaN,NaN,1,0,0,0,0,NaN,NaN,17.381605690893863,NaN,NaN,NaN,8.799997674931745,8.846567869599998,NaN,NaN,NaN,NaN,NaN,NaN,NaN,NaN,NaN,NaN,1
2024-06-18T14:32:00-04:00,8.899691486787471,8.96,8.899691486787471,8.96,8.890549107428969,8.762083725747035,8.88836435660704,1,0,19194,19193,0,0,0,0,NaN,NaN,23.358329514691867,NaN,NaN,NaN,8.799997674931745,8.846567869599998,NaN,NaN,NaN,NaN,NaN,NaN,NaN,NaN,NaN,NaN,1,0,0,0,0,NaN,NaN,23.358329514691867,NaN,NaN,NaN,8.799997674931745,8.846567869599998,NaN,NaN,NaN,NaN,NaN,NaN,NaN,NaN,NaN,NaN,1
2024-06-18T14:35:00-04:00,8.929845743393736,9,8.929845743393736,9,8.910449269714611,8.765716035277615,8.889004836488812,0,0,19194,19193,0,0,0,0,NaN,NaN,27.992499736183074,NaN,NaN,NaN,8.799997674931745,8.846567869599998,NaN,NaN,NaN,NaN,NaN,NaN,NaN,NaN,NaN,NaN,1,0,0,0,0,NaN,NaN,27.992499736183074,NaN,NaN,NaN,8.799997674931745,8.846567869599998,NaN,NaN,NaN,NaN,NaN,NaN,NaN,NaN,NaN,NaN,1
2024-06-18T15:04:00-04:00,8.964922871696867,9,8.964922871696867,8.985,8.924003947948318,8.76906388206727,8.898458379021413,0,0,19194,19193,0,0,0,0,NaN,NaN,32.51472133529489,NaN,NaN,NaN,8.799997674931745,8.846567869599998,NaN,NaN,NaN,NaN,NaN,NaN,NaN,NaN,NaN,NaN,1,0,0,0,0,NaN,NaN,32.51472133529489,NaN,NaN,NaN,8.799997674931745,8.846567869599998,NaN,NaN,NaN,NaN,NaN,NaN,NaN,NaN,NaN,NaN,1
2024-06-18T15:24:00-04:00,8.974961435848433,8.974961435848433,8.91,8.91,8.921457775594078,8.771215578524258,8.898526623476785,0,0,19194,19193,0,0,0,0,NaN,NaN,36.385608971594074,NaN,NaN,NaN,8.799997674931745,8.846567869599998,NaN,NaN,NaN,NaN,NaN,NaN,NaN,NaN,NaN,NaN,1,0,0,0,0,NaN,NaN,36.385608971594074,NaN,NaN,NaN,8.799997674931745,8.846567869599998,NaN,NaN,NaN,NaN,NaN,NaN,NaN,NaN,NaN,NaN,1
2024-06-18T15:33:00-04:00,8.942480717924216,9.005,8.942480717924216,9.005,8.93664727094061,8.774784806333047,8.899957862432789,1,0,19194,19193,0,0,0,0,NaN,NaN,40.93100967711402,NaN,NaN,NaN,8.799997674931745,8.846567869599998,NaN,NaN,NaN,NaN,NaN,NaN,NaN,NaN,NaN,NaN,1,0,0,0,0,NaN,NaN,40.93100967711402,NaN,NaN,NaN,8.799997674931745,8.846567869599998,NaN,NaN,NaN,NaN,NaN,NaN,NaN,NaN,NaN,NaN,1
2024-06-18T15:34:00-04:00,8.973740358962107,9.04,8.973740358962107,9.04,8.955438676224135,8.77883389325926,8.900664646209751,0,0,19194,19193,0,0,0,0,NaN,NaN,45.444351611122784,NaN,NaN,NaN,8.799997674931745,8.846567869599998,NaN,NaN,NaN,NaN,NaN,NaN,NaN,NaN,NaN,NaN,1,0,0,0,0,NaN,NaN,45.444351611122784,NaN,NaN,NaN,8.799997674931745,8.846567869599998,NaN,NaN,NaN,NaN,NaN,NaN,NaN,NaN,NaN,NaN,1
2024-06-18T15:37:00-04:00,9.006870179481053,9.006870179481053,8.97,8.9755,8.95908618963793,8.781836429240034,8.904600712441427,0,0,19194,19193,0,0,0,0,NaN,NaN,48.82596122423841,NaN,NaN,NaN,8.799997674931745,8.846567869599998,NaN,NaN,NaN,NaN,NaN,NaN,NaN,NaN,NaN,NaN,1,0,0,0,0,NaN,NaN,48.82596122423841,NaN,NaN,NaN,8.799997674931745,8.846567869599998,NaN,NaN,NaN,NaN,NaN,NaN,NaN,NaN,NaN,NaN,1
2024-06-18T15:41:00-04:00,8.991185089740526,9.01,8.97,8.99,8.964706882431033,8.785014499022628,8.910312287511713,0,0,19194,19193,0,0,0,0,NaN,NaN,50.82649503879318,NaN,NaN,NaN,8.799997674931745,8.846567869599998,NaN,NaN,NaN,NaN,NaN,NaN,NaN,NaN,NaN,NaN,1,0,0,0,0,NaN,NaN,50.82649503879318,NaN,NaN,NaN,8.799997674931745,8.846567869599998,NaN,NaN,NaN,NaN,NaN,NaN,NaN,NaN,NaN,NaN,1
2024-06-18T15:42:00-04:00,8.990592544870264,9,8.990592544870264,9,8.971123812898117,8.788296720411596,8.910710669391019,0,0,19194,19193,0,0,0,0,NaN,NaN,52.57684650585459,NaN,NaN,NaN,8.799997674931745,8.846567869599998,NaN,NaN,NaN,NaN,NaN,NaN,NaN,NaN,NaN,NaN,1,0,0,0,0,NaN,NaN,52.57684650585459,NaN,NaN,NaN,8.799997674931745,8.846567869599998,NaN,NaN,NaN,NaN,NaN,NaN,NaN,NaN,NaN,NaN,1
2024-06-18T15:43:00-04:00,8.995296272435132,9.01,8.9801,8.99005,8.974564937825733,8.791376923153404,8.91948679729783,0,0,19194,19193,0,0,0,0,NaN,NaN,54.15868516959556,NaN,NaN,NaN,8.799997674931745,8.846567869599998,NaN,NaN,NaN,NaN,NaN,NaN,NaN,NaN,NaN,NaN,1,0,0,0,0,NaN,NaN,54.15868516959556,NaN,NaN,NaN,8.799997674931745,8.846567869599998,NaN,NaN,NaN,NaN,NaN,NaN,NaN,NaN,NaN,NaN,1
2024-06-18T15:44:00-04:00,8.992673136217565,8.992673136217565,8.9,8.9,8.961007676402872,8.793035290738848,8.919410116869319,0,0,19194,19193,0,0,0,0,NaN,NaN,54.58986455245982,NaN,NaN,NaN,8.799997674931745,8.846567869599998,NaN,NaN,NaN,NaN,NaN,NaN,NaN,NaN,NaN,NaN,1,0,0,0,0,NaN,NaN,54.58986455245982,NaN,NaN,NaN,8.799997674931745,8.846567869599998,NaN,NaN,NaN,NaN,NaN,NaN,NaN,NaN,NaN,NaN,1
2024-06-18T15:45:00-04:00,8.946336568108784,8.946336568108784,8.8999,8.8999,8.949897189784169,8.794666813017644,8.91759930389462,0,0,19194,19193,0,0,0,0,NaN,NaN,54.99330911484927,NaN,NaN,NaN,8.799997674931745,8.846567869599998,NaN,NaN,NaN,NaN,NaN,NaN,NaN,NaN,NaN,NaN,1,0,0,0,0,NaN,NaN,54.99330911484927,NaN,NaN,NaN,8.799997674931745,8.846567869599998,NaN,NaN,NaN,NaN,NaN,NaN,NaN,NaN,NaN,NaN,1
2024-06-18T15:46:00-04:00,8.923118284054393,8.955,8.923118284054393,8.955,8.950824973459774,8.797114647933405,8.917890741331066,0,0,19194,19193,0,0,0,0,NaN,NaN,58.41348758331249,NaN,NaN,NaN,8.799997674931745,8.846567869599998,NaN,NaN,NaN,NaN,NaN,NaN,NaN,NaN,NaN,NaN,1,0,0,0,0,NaN,NaN,58.41348758331249,NaN,NaN,NaN,8.799997674931745,8.846567869599998,NaN,NaN,NaN,NaN,NaN,NaN,NaN,NaN,NaN,NaN,1
2024-06-18T15:47:00-04:00,8.939059142027197,8.955,8.939059142027197,8.955,8.951584069194361,8.799525111323735,8.918021716726079,0,0,19194,19193,0,0,0,0,NaN,NaN,61.23103084434026,NaN,NaN,NaN,8.799997674931745,8.846567869599998,NaN,NaN,NaN,NaN,NaN,NaN,NaN,NaN,NaN,NaN,1,0,0,0,0,NaN,NaN,61.23103084434026,NaN,NaN,NaN,8.799997674931745,8.846567869599998,NaN,NaN,NaN,NaN,NaN,NaN,NaN,NaN,NaN,NaN,1
2024-06-18T15:51:00-04:00,8.947029571013598,9.03,8.947029571013598,9.03,8.965841511159022,8.803043811914213,8.918415548834101,0,0,19194,19193,0,0,0,0,NaN,NaN,63.196313314512466,NaN,NaN,NaN,8.799997674931745,8.846567869599998,NaN,NaN,NaN,NaN,NaN,NaN,NaN,NaN,NaN,NaN,1,0,0,0,0,NaN,NaN,63.196313314512466,NaN,NaN,NaN,8.799997674931745,8.846567869599998,NaN,NaN,NaN,NaN,NaN,NaN,NaN,NaN,NaN,NaN,1
2024-06-18T15:52:00-04:00,8.988514785506798,9.04,8.988514785506798,9.04,8.979324872766473,8.806661463640713,8.918841667542845,0,0,19194,19193,0,0,0,0,NaN,NaN,64.36491585473235,NaN,NaN,NaN,8.799997674931745,8.846567869599998,NaN,NaN,NaN,NaN,NaN,NaN,NaN,NaN,NaN,NaN,1,0,0,0,0,NaN,NaN,64.36491585473235,NaN,NaN,NaN,8.799997674931745,8.846567869599998,NaN,NaN,NaN,NaN,NaN,NaN,NaN,NaN,NaN,NaN,1
2024-06-18T15:53:00-04:00,9.014257392753398,9.04,9.014257392753398,9.04,8.99035671408166,8.810223884043145,8.919264809834806,0,0,19194,19193,0,0,0,0,NaN,NaN,66.89912905223756,NaN,NaN,NaN,8.799997674931745,8.846567869599998,NaN,NaN,NaN,NaN,NaN,NaN,NaN,NaN,NaN,NaN,1,0,0,0,0,NaN,NaN,66.89912905223756,NaN,NaN,NaN,8.799997674931745,8.846567869599998,NaN,NaN,NaN,NaN,NaN,NaN,NaN,NaN,NaN,NaN,1
2024-06-18T15:54:00-04:00,9.0271286963767,9.05,9.0271286963767,9.05,9.001200947884994,8.813884588103555,8.919719809974593,1,0,19194,19193,0,0,0,0,NaN,NaN,68.31588753737002,NaN,NaN,NaN,8.83542080748022,8.846567869599998,NaN,NaN,NaN,NaN,NaN,NaN,NaN,NaN,NaN,NaN,1,0,0,0,0,NaN,NaN,68.31588753737002,NaN,NaN,NaN,8.83542080748022,8.846567869599998,NaN,NaN,NaN,NaN,NaN,NaN,NaN,NaN,NaN,NaN,1
2024-06-18T15:55:00-04:00,9.03856434818835,9.05,9.03856434818835,9.05,9.010073502814995,8.817489403552356,8.921066004202114,0,0,19194,19193,0,0,0,0,NaN,NaN,69.71179170290843,NaN,NaN,NaN,8.927703013636552,8.846567869599998,NaN,NaN,NaN,NaN,NaN,NaN,NaN,NaN,NaN,NaN,1,0,0,0,0,NaN,NaN,69.71179170290843,NaN,NaN,NaN,8.927703013636552,8.846567869599998,NaN,NaN,NaN,NaN,NaN,NaN,NaN,NaN,NaN,NaN,1
2024-06-18T15:56:00-04:00,9.044282174094175,9.05,9.044282174094175,9.05,9.017332865939542,8.821039183650793,8.92194811685424,0,0,19194,19193,0,0,0,0,NaN,NaN,71.7105079470003,NaN,NaN,NaN,8.928264467591688,8.846567869599998,NaN,NaN,NaN,NaN,NaN,NaN,NaN,NaN,NaN,NaN,1,0,0,0,0,NaN,NaN,71.7105079470003,NaN,NaN,NaN,8.928264467591688,8.846567869599998,NaN,NaN,NaN,NaN,NaN,NaN,NaN,NaN,NaN,NaN,1
2024-06-18T15:57:00-04:00,9.047141087047088,9.05,9.047141087047088,9.05,9.023272344859626,8.824534768633225,8.92324888429892,0,0,19194,19193,0,0,0,0,NaN,NaN,72.90524149077504,NaN,NaN,NaN,8.928848129765392,8.846567869599998,NaN,NaN,NaN,NaN,NaN,NaN,NaN,NaN,NaN,NaN,1,0,0,0,0,NaN,NaN,72.90524149077504,NaN,NaN,NaN,8.928848129765392,8.846567869599998,NaN,NaN,NaN,NaN,NaN,NaN,NaN,NaN,NaN,NaN,1
2024-06-18T15:58:00-04:00,9.048570543523544,9.05,9.048570543523544,9.05,9.028131918521511,8.827976985906,8.923676620659398,0,0,19194,19193,0,0,0,0,NaN,NaN,73.70918475873785,NaN,NaN,NaN,8.929441381372401,8.846567869599998,NaN,NaN,NaN,NaN,NaN,NaN,NaN,NaN,NaN,NaN,1,0,0,0,0,NaN,NaN,73.70918475873785,NaN,NaN,NaN,8.929441381372401,8.846567869599998,NaN,NaN,NaN,NaN,NaN,NaN,NaN,NaN,NaN,NaN,1
2024-06-18T15:59:00-04:00,9.049285271761772,9.05,9.049285271761772,9.05,9.032107933335782,8.831366650243313,8.925342478937026,0,0,19194,19193,0,0,0,0,NaN,NaN,76.34400679679614,NaN,NaN,NaN,8.930037920593453,8.846567869599998,NaN,NaN,NaN,NaN,NaN,NaN,NaN,NaN,NaN,NaN,1,0,0,0,0,NaN,NaN,76.34400679679614,NaN,NaN,NaN,8.930037920593453,8.846567869599998,NaN,NaN,NaN,NaN,NaN,NaN,NaN,NaN,NaN,NaN,1
2024-06-18T16:00:00-04:00,9.049642635880886,9.05,9.049642635880886,9.05,9.03536103636564,8.834704563980056,8.927396151578671,0,0,19194,19193,0,0,0,0,NaN,NaN,79.0897249222255,NaN,NaN,NaN,8.930634604054447,8.846567869599998,NaN,NaN,NaN,NaN,NaN,NaN,NaN,NaN,NaN,NaN,1,0,0,0,0,NaN,NaN,79.0897249222255,NaN,NaN,NaN,8.930634604054447,8.846567869599998,NaN,NaN,NaN,NaN,NaN,NaN,NaN,NaN,NaN,NaN,1
2024-06-20T09:30:00-04:00,9.049821317940443,9.06,9.049821317940443,9.06,9.039840847935523,8.83814418895746,9.06,0,0,19194,19193,0,0,0,0,NaN,NaN,79.42388637472098,NaN,NaN,NaN,8.941142367566146,8.870326761335999,NaN,NaN,NaN,NaN,NaN,NaN,NaN,NaN,NaN,NaN,1,0,0,0,0,NaN,NaN,79.42388637472098,NaN,NaN,NaN,8.941142367566146,8.870326761335999,NaN,NaN,NaN,NaN,NaN,NaN,NaN,NaN,NaN,NaN,1
2024-06-20T09:45:00-04:00,9.054910658970222,9.06,9.04,9.05,9.0416879664927,8.841378628820705,9.054061662198391,0,0,19194,19193,0,0,0,0,NaN,NaN,79.63826855329134,NaN,NaN,NaN,8.941142367566146,8.870326761335999,NaN,NaN,NaN,NaN,NaN,NaN,NaN,NaN,NaN,NaN,1,0,0,0,0,NaN,NaN,79.63826855329134,NaN,NaN,NaN,8.941142367566146,8.870326761335999,NaN,NaN,NaN,NaN,NaN,NaN,NaN,NaN,NaN,NaN,1
2024-06-20T10:00:00-04:00,9.052455329485111,9.07,9.052455329485111,9.065000000000001,9.045926518039483,8.844792695556267,9.060042527339006,0,0,19194,19193,0,0,0,0,NaN,NaN,81.46794950442367,NaN,NaN,NaN,8.941142367566146,8.89588754997568,NaN,NaN,NaN,NaN,NaN,NaN,NaN,NaN,NaN,NaN,1,0,0,0,0,NaN,NaN,81.46794950442367,NaN,NaN,NaN,8.941142367566146,8.89588754997568,NaN,NaN,NaN,NaN,NaN,NaN,NaN,NaN,NaN,NaN,1
2024-06-20T10:01:00-04:00,9.058727664742555,9.15,9.058727664742555,9.15,9.064848969305032,8.849452349059225,9.065194730813289,1,0,19194,19193,1,0,0,0,NaN,NaN,82.4932087708382,NaN,NaN,NaN,8.941142367566146,8.970129417479328,NaN,NaN,NaN,NaN,NaN,NaN,NaN,NaN,NaN,NaN,1,1,0,0,0,NaN,NaN,82.4932087708382,NaN,NaN,NaN,8.941142367566146,8.970129417479328,NaN,NaN,NaN,NaN,NaN,NaN,NaN,NaN,NaN,NaN,1
2024-06-20T10:19:00-04:00,9.104363832371277,9.1363,9.104363832371277,9.1363,9.077840065795026,8.853831702508703,9.070820147679326,0,0,19194,19193,0,0,0,0,NaN,NaN,83.19149942543072,NaN,NaN,NaN,9.002285159786956,8.970129417479328,NaN,NaN,NaN,NaN,NaN,NaN,NaN,NaN,NaN,NaN,1,0,0,0,0,NaN,NaN,83.19149942543072,NaN,NaN,NaN,9.002285159786956,8.970129417479328,NaN,NaN,NaN,NaN,NaN,NaN,NaN,NaN,NaN,NaN,1
2024-06-20T10:22:00-04:00,9.120331916185638,9.120331916185638,9.0601,9.0601,9.07461459928684,8.856980836821547,9.066198229822984,0,0,19194,19193,0,0,0,0,NaN,NaN,83.53569577618823,NaN,NaN,NaN,9.002285159786956,8.970129417479328,NaN,NaN,NaN,NaN,NaN,NaN,NaN,NaN,NaN,NaN,1,0,0,0,0,NaN,NaN,83.53569577618823,NaN,NaN,NaN,9.002285159786956,8.970129417479328,NaN,NaN,NaN,NaN,NaN,NaN,NaN,NaN,NaN,NaN,1
2024-06-20T10:33:00-04:00,9.09021595809282,9.24,9.0557,9.106425,9.080398308507414,8.860789144656334,9.084186515176647,0,0,19194,19193,0,0,0,0,NaN,NaN,84.35861700700869,NaN,NaN,NaN,9.002285159786956,8.970129417479328,NaN,NaN,NaN,NaN,NaN,NaN,NaN,NaN,NaN,NaN,1,0,0,0,0,NaN,NaN,84.35861700700869,NaN,NaN,NaN,9.002285159786956,8.970129417479328,NaN,NaN,NaN,NaN,NaN,NaN,NaN,NaN,NaN,NaN,1
2024-06-20T10:36:00-04:00,9.09832047904641,9.217,9.08,9.1785,9.098234979687884,8.86563969206616,9.118207772240485,1,0,19194,19193,0,0,0,0,NaN,NaN,84.35918837873857,NaN,NaN,NaN,9.002285159786956,9.019321122333048,NaN,NaN,NaN,NaN,NaN,NaN,NaN,NaN,NaN,NaN,1,0,0,0,0,NaN,NaN,84.35918837873857,NaN,NaN,NaN,9.002285159786956,9.019321122333048,NaN,NaN,NaN,NaN,NaN,NaN,NaN,NaN,NaN,NaN,1
2024-06-20T10:48:00-04:00,9.138410239523205,9.138410239523205,9.1096,9.1096,9.10030134701736,8.869364276920113,9.118117458818594,0,0,19194,19193,0,0,0,0,NaN,NaN,84.75680083779244,NaN,NaN,NaN,9.002285159786956,9.019321122333048,NaN,NaN,NaN,NaN,NaN,NaN,NaN,NaN,NaN,NaN,1,0,0,0,0,NaN,NaN,84.75680083779244,NaN,NaN,NaN,9.002285159786956,9.019321122333048,NaN,NaN,NaN,NaN,NaN,NaN,NaN,NaN,NaN,NaN,1
2024-06-20T11:20:00-04:00,9.124005119761602,9.14,9.124005119761602,9.14,9.107519283923295,8.873496120020569,9.120195375557877,0,0,19194,19193,0,0,0,0,NaN,NaN,86.07250182529782,NaN,NaN,NaN,9.002285159786956,9.019321122333048,NaN,NaN,NaN,NaN,NaN,NaN,NaN,NaN,NaN,NaN,1,0,0,0,0,NaN,NaN,86.07250182529782,NaN,NaN,NaN,9.002285159786956,9.019321122333048,NaN,NaN,NaN,NaN,NaN,NaN,NaN,NaN,NaN,NaN,1
2024-06-20T11:32:00-04:00,9.132002559880801,9.132002559880801,9.08,9.08,9.102515777755423,8.876648851012622,9.119817279653844,0,0,19194,19193,0,0,0,0,NaN,NaN,86.0273685830759,NaN,NaN,NaN,9.002285159786956,9.019321122333048,NaN,NaN,NaN,NaN,NaN,NaN,NaN,NaN,NaN,NaN,1,0,0,0,0,NaN,NaN,86.0273685830759,NaN,NaN,NaN,9.002285159786956,9.019321122333048,NaN,NaN,NaN,NaN,NaN,NaN,NaN,NaN,NaN,NaN,1
2024-06-20T11:56:00-04:00,9.1060012799404,9.14,9.1060012799404,9.14,9.109331090890802,8.880669479241437,9.120594872026771,0,0,19194,19193,0,0,0,0,NaN,NaN,85.86974939317791,NaN,NaN,NaN,9.002285159786956,9.019321122333048,NaN,NaN,NaN,NaN,NaN,NaN,NaN,NaN,NaN,NaN,1,0,0,0,0,NaN,NaN,85.86974939317791,NaN,NaN,NaN,9.002285159786956,9.019321122333048,NaN,NaN,NaN,NaN,NaN,NaN,NaN,NaN,NaN,NaN,1
2024-06-20T13:21:00-04:00,9.1230006399702,9.155,9.1230006399702,9.155,9.117634528910656,8.884857731466758,9.12244673113127,0,0,19194,19193,0,0,0,0,NaN,NaN,85.883670369991,NaN,NaN,NaN,9.002285159786956,9.019321122333048,NaN,NaN,NaN,NaN,NaN,NaN,NaN,NaN,NaN,NaN,1,0,0,0,0,NaN,NaN,85.883670369991,NaN,NaN,NaN,9.002285159786956,9.019321122333048,NaN,NaN,NaN,NaN,NaN,NaN,NaN,NaN,NaN,NaN,1
2024-06-20T13:28:00-04:00,9.1390003199851,9.1390003199851,9.08,9.085625,9.111814614563265,8.88792288060467,9.118763140161725,0,0,19194,19193,0,0,0,0,NaN,NaN,85.42925303133558,NaN,NaN,NaN,9.002285159786956,9.019321122333048,NaN,NaN,NaN,NaN,NaN,NaN,NaN,NaN,NaN,NaN,1,0,0,0,0,NaN,NaN,85.42925303133558,NaN,NaN,NaN,9.002285159786956,9.019321122333048,NaN,NaN,NaN,NaN,NaN,NaN,NaN,NaN,NaN,NaN,1
2024-06-20T13:33:00-04:00,9.11231265999255,9.145,9.11231265999255,9.145,9.117848321006308,8.891847722122156,9.119355617237487,0,0,19194,19193,0,0,0,0,NaN,NaN,85.41171795192226,NaN,NaN,NaN,9.002285159786956,9.019321122333048,NaN,NaN,NaN,NaN,NaN,NaN,NaN,NaN,NaN,NaN,1,0,0,0,0,NaN,NaN,85.41171795192226,NaN,NaN,NaN,9.002285159786956,9.019321122333048,NaN,NaN,NaN,NaN,NaN,NaN,NaN,NaN,NaN,NaN,1
2024-06-20T13:50:00-04:00,9.128656329996275,9.128656329996275,9.06,9.06375,9.108012262641525,8.894472184379833,9.115164297396992,0,0,19194,19193,0,0,0,0,NaN,NaN,84.24350477782612,NaN,NaN,NaN,9.002285159786956,9.019321122333048,NaN,NaN,NaN,NaN,NaN,NaN,NaN,NaN,NaN,NaN,1,0,0,0,0,NaN,NaN,84.24350477782612,NaN,NaN,NaN,9.002285159786956,9.019321122333048,NaN,NaN,NaN,NaN,NaN,NaN,NaN,NaN,NaN,NaN,1
2024-06-20T14:33:00-04:00,9.096203164998137,9.096203164998137,9.065,9.065,9.100191851252157,8.897075662480903,9.11416511766712,0,0,19194,19193,0,0,0,0,NaN,NaN,84.16313317250747,NaN,NaN,NaN,9.002285159786956,9.019321122333048,NaN,NaN,NaN,NaN,NaN,NaN,NaN,NaN,NaN,NaN,1,0,0,0,0,NaN,NaN,84.16313317250747,NaN,NaN,NaN,9.002285159786956,9.019321122333048,NaN,NaN,NaN,NaN,NaN,NaN,NaN,NaN,NaN,NaN,1
2024-06-20T15:09:00-04:00,9.080601582499067,9.1877,9.080601582499067,9.158850000000001,9.11085696920631,8.901072217252187,9.115055349979944,0,0,19194,19193,0,0,0,0,NaN,NaN,84.11336528597054,NaN,NaN,NaN,9.002285159786956,9.019321122333048,NaN,NaN,NaN,NaN,NaN,NaN,NaN,NaN,NaN,NaN,1,0,0,0,0,NaN,NaN,84.11336528597054,NaN,NaN,NaN,9.002285159786956,9.019321122333048,NaN,NaN,NaN,NaN,NaN,NaN,NaN,NaN,NaN,NaN,1
2024-06-20T16:00:00-04:00,9.119725791249534,9.119725791249534,9.05,9.05,9.099792065714254,8.903345923859025,9.114256334191758,0,0,19194,19193,0,0,0,0,NaN,NaN,82.70063251882306,NaN,NaN,NaN,9.002285159786956,9.019321122333048,NaN,NaN,NaN,NaN,NaN,NaN,NaN,NaN,NaN,NaN,1,0,0,0,0,NaN,NaN,82.70063251882306,NaN,NaN,NaN,9.002285159786956,9.019321122333048,NaN,NaN,NaN,NaN,NaN,NaN,NaN,NaN,NaN,NaN,1
2024-06-21T09:41:00-04:00,9.084862895624767,9.084862895624767,9,9,9.081648053766209,8.90482155860927,9,0,0,19194,19193,0,0,0,0,NaN,NaN,80.25168201862282,NaN,NaN,NaN,9.002285159786956,9.019321122333048,NaN,NaN,NaN,NaN,NaN,NaN,NaN,NaN,NaN,NaN,1,0,0,0,0,NaN,NaN,80.25168201862282,NaN,NaN,NaN,9.002285159786956,9.019321122333048,NaN,NaN,NaN,NaN,NaN,NaN,NaN,NaN,NaN,NaN,1
2024-06-21T11:04:00-04:00,9.042431447812383,9.042431447812383,8.955,8.955,9.058621134899626,8.905587641683937,8.978823529411764,0,0,19194,19193,0,0,0,0,NaN,NaN,76.60112843742998,NaN,NaN,NaN,9.002285159786956,9.019321122333048,NaN,NaN,NaN,NaN,NaN,NaN,NaN,NaN,NaN,NaN,1,0,0,0,0,NaN,NaN,76.60112843742998,NaN,NaN,NaN,9.002285159786956,9.019321122333048,NaN,NaN,NaN,NaN,NaN,NaN,NaN,NaN,NaN,NaN,1
2024-06-21T11:11:00-04:00,8.99871572390619,8.99871572390619,8.99,8.99,9.046144564917876,8.906876379978838,8.981739130434782,0,0,19194,19193,0,0,0,0,NaN,NaN,73.56909847691418,NaN,NaN,NaN,9.002285159786956,9.019321122333048,NaN,NaN,NaN,NaN,NaN,NaN,NaN,NaN,NaN,NaN,1,0,0,0,0,NaN,NaN,73.56909847691418,NaN,NaN,NaN,9.002285159786956,9.019321122333048,NaN,NaN,NaN,NaN,NaN,NaN,NaN,NaN,NaN,NaN,1
2024-06-21T11:19:00-04:00,8.994357861953095,8.994357861953095,8.99,8.99,9.035936462205536,8.908145442879924,8.982406075139888,0,0,19194,19193,0,0,0,0,NaN,NaN,71.15355844075084,NaN,NaN,NaN,9.002285159786956,9.019321122333048,NaN,NaN,NaN,NaN,NaN,NaN,NaN,NaN,NaN,NaN,1,0,0,0,0,NaN,NaN,71.15355844075084,NaN,NaN,NaN,9.002285159786956,9.019321122333048,NaN,NaN,NaN,NaN,NaN,NaN,NaN,NaN,NaN,NaN,1
2024-06-21T11:44:00-04:00,8.992178930976547,8.992178930976547,8.9349,8.93745,9.01802983271362,8.908592840698551,8.976209510682288,0,0,19194,19193,0,0,0,0,NaN,NaN,66.47319603733318,NaN,NaN,NaN,9.002285159786956,9.019321122333048,NaN,NaN,NaN,NaN,NaN,NaN,NaN,NaN,NaN,NaN,1,0,0,0,0,NaN,NaN,66.47319603733318,NaN,NaN,NaN,9.002285159786956,9.019321122333048,NaN,NaN,NaN,NaN,NaN,NaN,NaN,NaN,NaN,NaN,1
2024-06-21T11:58:00-04:00,8.964814465488274,8.964814465488274,8.94,8.94,9.003842590402051,8.909072339313841,8.969467190128995,0,0,19194,19193,0,0,0,0,NaN,NaN,61.763828456685,NaN,NaN,NaN,9.002285159786956,9.019321122333048,NaN,NaN,NaN,NaN,NaN,NaN,NaN,NaN,NaN,NaN,1,0,0,0,0,NaN,NaN,61.763828456685,NaN,NaN,NaN,9.002285159786956,9.019321122333048,NaN,NaN,NaN,NaN,NaN,NaN,NaN,NaN,NaN,NaN,1
2024-06-21T13:00:00-04:00,8.952407232744136,8.985,8.952407232744136,8.985,9.000416664874406,8.910231540240348,8.97029208709506,0,0,19194,19193,0,0,0,0,NaN,NaN,58.20834604806181,NaN,NaN,NaN,9.002285159786956,9.019321122333048,NaN,NaN,NaN,NaN,NaN,NaN,NaN,NaN,NaN,NaN,1,0,0,0,0,NaN,NaN,58.20834604806181,NaN,NaN,NaN,9.002285159786956,9.019321122333048,NaN,NaN,NaN,NaN,NaN,NaN,NaN,NaN,NaN,NaN,1
2024-06-21T13:33:00-04:00,8.968703616372068,9.03,8.968703616372068,9.03,9.00579545307906,8.91206006634355,8.974231150793651,0,0,19194,19193,0,0,0,0,NaN,NaN,55.562273645732496,NaN,NaN,NaN,9.002285159786956,9.019321122333048,NaN,NaN,NaN,NaN,NaN,NaN,NaN,NaN,NaN,NaN,1,0,0,0,0,NaN,NaN,55.562273645732496,NaN,NaN,NaN,9.002285159786956,9.019321122333048,NaN,NaN,NaN,NaN,NaN,NaN,NaN,NaN,NaN,NaN,1
2024-06-21T13:46:00-04:00,8.999351808186034,9,8.999351808186034,9,9.004741734337413,8.913402660750519,8.98222108145106,0,0,19194,19193,0,0,0,0,NaN,NaN,52.094318415042096,NaN,NaN,NaN,9.002285159786956,9.019321122333048,NaN,NaN,NaN,NaN,NaN,NaN,NaN,NaN,NaN,NaN,1,0,0,0,0,NaN,NaN,52.094318415042096,NaN,NaN,NaN,9.002285159786956,9.019321122333048,NaN,NaN,NaN,NaN,NaN,NaN,NaN,NaN,NaN,NaN,1
2024-06-21T14:17:00-04:00,8.999675904093017,9,8.999675904093017,9,9.00387960082152,8.914724757532953,8.983936301793445,0,0,19194,19193,0,0,0,0,NaN,NaN,48.55118998961627,NaN,NaN,NaN,9.002285159786956,9.019321122333048,NaN,NaN,NaN,NaN,NaN,NaN,NaN,NaN,NaN,NaN,1,0,0,0,0,NaN,NaN,48.55118998961627,NaN,NaN,NaN,9.002285159786956,9.019321122333048,NaN,NaN,NaN,NaN,NaN,NaN,NaN,NaN,NaN,NaN,1
2024-06-21T14:33:00-04:00,8.999837952046509,9.03,8.999837952046509,9.03,9.008628764308517,8.916484684898862,8.987894290559638,0,0,19194,19193,0,0,0,0,NaN,NaN,45.78901881154492,NaN,NaN,NaN,9.002285159786956,9.019321122333048,NaN,NaN,NaN,NaN,NaN,NaN,NaN,NaN,NaN,NaN,1,0,0,0,0,NaN,NaN,45.78901881154492,NaN,NaN,NaN,9.002285159786956,9.019321122333048,NaN,NaN,NaN,NaN,NaN,NaN,NaN,NaN,NaN,NaN,1
2024-06-21T14:36:00-04:00,9.014918976023253,9.014918976023253,9,9,9.007059898070604,8.917759727877504,8.990561921551343,0,0,19194,19193,0,0,0,0,NaN,NaN,41.99829516902827,NaN,NaN,NaN,9.002285159786956,9.019321122333048,NaN,NaN,NaN,NaN,NaN,NaN,NaN,NaN,NaN,NaN,1,0,0,0,0,NaN,NaN,41.99829516902827,NaN,NaN,NaN,9.002285159786956,9.019321122333048,NaN,NaN,NaN,NaN,NaN,NaN,NaN,NaN,NaN,NaN,1
2024-06-21T14:37:00-04:00,9.007459488011627,9.007459488011627,9,9,9.005776280239585,8.919015304551131,8.992403334515785,0,0,19194,19193,0,0,0,0,NaN,NaN,41.70475323464448,NaN,NaN,NaN,9.002285159786956,9.019321122333048,NaN,NaN,NaN,NaN,NaN,NaN,NaN,NaN,NaN,NaN,1,0,0,0,0,NaN,NaN,41.70475323464448,NaN,NaN,NaN,9.002285159786956,9.019321122333048,NaN,NaN,NaN,NaN,NaN,NaN,NaN,NaN,NaN,NaN,1
2024-06-21T14:53:00-04:00,9.003729744005813,9.003729744005813,9,9,9.004726047468752,8.920251712115236,8.993014190181047,0,0,19194,19193,0,0,0,0,NaN,NaN,38.716495679326776,NaN,NaN,NaN,9.002285159786956,9.019321122333048,NaN,NaN,NaN,NaN,NaN,NaN,NaN,NaN,NaN,NaN,1,0,0,0,0,NaN,NaN,38.716495679326776,NaN,NaN,NaN,9.002285159786956,9.019321122333048,NaN,NaN,NaN,NaN,NaN,NaN,NaN,NaN,NaN,NaN,1
2024-06-21T15:06:00-04:00,9.001864872002907,9.001864872002907,9,9,9.003866766110797,8.921469243227982,8.993630279595479,0,0,19194,19193,0,0,0,0,NaN,NaN,34.74030822996038,NaN,NaN,NaN,9.002285159786956,9.019321122333048,NaN,NaN,NaN,NaN,NaN,NaN,NaN,NaN,NaN,NaN,1,0,0,0,0,NaN,NaN,34.74030822996038,NaN,NaN,NaN,9.002285159786956,9.019321122333048,NaN,NaN,NaN,NaN,NaN,NaN,NaN,NaN,NaN,NaN,1
2024-06-21T15:13:00-04:00,9.000932436001452,9.000932436001452,8.9313,8.9313,8.990672808636106,8.92161933111763,8.991864855491329,0,0,19194,19193,0,0,0,0,NaN,NaN,29.536009060778106,NaN,NaN,NaN,9.002285159786956,9.019321122333048,NaN,NaN,NaN,NaN,NaN,NaN,NaN,NaN,NaN,NaN,1,0,0,0,0,NaN,NaN,29.536009060778106,NaN,NaN,NaN,9.002285159786956,9.019321122333048,NaN,NaN,NaN,NaN,NaN,NaN,NaN,NaN,NaN,NaN,1
2024-06-21T15:55:00-04:00,8.966116218000726,8.975,8.9426,8.9588,8.98487775252045,8.922186974917361,8.990058032786886,0,0,19194,19193,0,0,0,0,NaN,NaN,25.141174041591825,NaN,NaN,NaN,9.002285159786956,9.019321122333048,NaN,NaN,NaN,NaN,NaN,NaN,NaN,NaN,NaN,NaN,1,0,0,0,0,NaN,NaN,25.141174041591825,NaN,NaN,NaN,9.002285159786956,9.019321122333048,NaN,NaN,NaN,NaN,NaN,NaN,NaN,NaN,NaN,NaN,1
2024-06-21T15:59:00-04:00,8.962458109000362,8.962458109000362,8.9586,8.9586,8.980099979334915,8.922742898964424,8.989634070080863,0,0,19194,19193,0,0,0,0,NaN,NaN,20.95401256997467,NaN,NaN,NaN,9.002285159786956,9.019321122333048,NaN,NaN,NaN,NaN,NaN,NaN,NaN,NaN,NaN,NaN,1,0,0,0,0,NaN,NaN,20.95401256997467,NaN,NaN,NaN,9.002285159786956,9.019321122333048,NaN,NaN,NaN,NaN,NaN,NaN,NaN,NaN,NaN,NaN,1
2024-06-21T16:00:00-04:00,8.960529054500181,8.98,8.960529054500181,8.98,8.980081801274022,8.923617053178708,8.98948703384207,0,0,19194,19193,0,0,0,0,NaN,NaN,17.069764788054894,NaN,NaN,NaN,9.002285159786956,9.019321122333048,NaN,NaN,NaN,NaN,NaN,NaN,NaN,NaN,NaN,NaN,1,0,0,0,0,NaN,NaN,17.069764788054894,NaN,NaN,NaN,9.002285159786956,9.019321122333048,NaN,NaN,NaN,NaN,NaN,NaN,NaN,NaN,NaN,NaN,1
2024-06-24T09:30:00-04:00,8.970264527250091,8.970264527250091,8.91,8.91,8.967339655587836,8.923409159237048,8.91,0,0,19194,19193,0,0,0,0,NaN,NaN,11.36952143818309,NaN,NaN,NaN,9.002285159786956,9.019321122333048,NaN,NaN,NaN,NaN,NaN,NaN,NaN,NaN,NaN,NaN,1,0,0,0,0,NaN,NaN,11.36952143818309,NaN,NaN,NaN,9.002285159786956,9.019321122333048,NaN,NaN,NaN,NaN,NaN,NaN,NaN,NaN,NaN,NaN,1
2024-06-24T09:39:00-04:00,8.940132263625046,8.940132263625046,8.81,8.81,8.938732445480957,8.921677721691443,8.854903581267218,0,0,19194,19193,0,0,0,0,NaN,NaN,4.9769551023278025,NaN,NaN,NaN,9.002285159786956,8.955557500000001,NaN,NaN,NaN,NaN,NaN,NaN,NaN,NaN,NaN,NaN,1,0,0,0,0,NaN,NaN,4.9769551023278025,NaN,NaN,NaN,9.002285159786956,8.955557500000001,NaN,NaN,NaN,NaN,NaN,NaN,NaN,NaN,NaN,NaN,1
2024-06-24T09:41:00-04:00,8.875066131812524,8.89,8.87,8.879999999999999,8.928053819029873,8.921041420596918,8.863818827708704,0,0,19194,19193,0,0,0,0,NaN,NaN,1.7220027640725049,NaN,NaN,NaN,9.002285159786956,8.955557500000001,NaN,NaN,NaN,NaN,NaN,NaN,NaN,NaN,NaN,NaN,1,0,0,0,0,NaN,NaN,1.7220027640725049,NaN,NaN,NaN,9.002285159786956,8.955557500000001,NaN,NaN,NaN,NaN,NaN,NaN,NaN,NaN,NaN,NaN,1
2024-06-24T09:42:00-04:00,8.877533065906261,8.92,8.877533065906261,8.92,8.92658948829717,8.92102552104582,8.872292609351433,0,0,19194,19193,0,0,0,0,NaN,NaN,0.23328730530384886,NaN,NaN,NaN,9.002285159786956,8.955557500000001,NaN,NaN,NaN,NaN,NaN,NaN,NaN,NaN,NaN,NaN,1,0,0,0,0,NaN,NaN,0.23328730530384886,NaN,NaN,NaN,9.002285159786956,8.955557500000001,NaN,NaN,NaN,NaN,NaN,NaN,NaN,NaN,NaN,NaN,1
2024-06-24T09:43:00-04:00,8.89876653295313,8.95,8.89876653295313,8.93,8.927209581334047,8.921162535991686,8.897102321582116,0,0,19194,19193,0,0,0,0,NaN,NaN,0.3152025120027409,NaN,NaN,NaN,9.002285159786956,8.955557500000001,NaN,NaN,NaN,NaN,NaN,NaN,NaN,NaN,NaN,NaN,1,0,0,0,0,NaN,NaN,0.3152025120027409,NaN,NaN,NaN,9.002285159786956,8.955557500000001,NaN,NaN,NaN,NaN,NaN,NaN,NaN,NaN,NaN,NaN,1
2024-06-24T09:45:00-04:00,8.914383266476566,8.914383266476566,8.85,8.85,8.913171475636947,8.920076085060515,8.890190755685987,0,1,19194,19193,0,0,0,0,NaN,NaN,1.6881667488216785,NaN,NaN,NaN,9.002285159786956,8.955557500000001,NaN,NaN,NaN,NaN,NaN,NaN,NaN,NaN,NaN,NaN,1,0,0,0,0,NaN,NaN,1.6881667488216785,NaN,NaN,NaN,9.002285159786956,8.955557500000001,NaN,NaN,NaN,NaN,NaN,NaN,NaN,NaN,NaN,NaN,1
2024-06-24T09:54:00-04:00,8.882191633238282,8.89,8.882191633238282,8.89,8.908958480066593,8.919616908189361,8.890177717019823,0,0,19194,19276,0,0,0,0,NaN,NaN,3.0216766180312584,NaN,NaN,NaN,9.002285159786956,8.955557500000001,NaN,NaN,NaN,NaN,NaN,NaN,NaN,NaN,NaN,NaN,1,0,0,0,0,NaN,NaN,3.0216766180312584,NaN,NaN,NaN,9.002285159786956,8.955557500000001,NaN,NaN,NaN,NaN,NaN,NaN,NaN,NaN,NaN,NaN,1
2024-06-24T09:59:00-04:00,8.886095816619141,8.94,8.886095816619141,8.94,8.914602392781758,8.919928100430745,8.893365323096608,0,0,19194,19277,0,0,0,0,NaN,NaN,3.305041561241129,NaN,NaN,NaN,9.002285159786956,8.955557500000001,NaN,NaN,NaN,NaN,NaN,NaN,NaN,NaN,NaN,NaN,1,0,0,0,0,NaN,NaN,3.305041561241129,NaN,NaN,NaN,9.002285159786956,8.955557500000001,NaN,NaN,NaN,NaN,NaN,NaN,NaN,NaN,NaN,NaN,1
2024-06-24T10:07:00-04:00,8.91304790830957,9,8.91304790830957,9,8.930129230457801,8.921150572179894,8.905462280204198,1,0,19278,19277,0,0,0,0,NaN,NaN,4.7006608680327755,NaN,NaN,NaN,9.002285159786956,8.955557500000001,NaN,NaN,NaN,NaN,NaN,NaN,NaN,NaN,NaN,NaN,1,0,0,0,0,NaN,NaN,4.7006608680327755,NaN,NaN,NaN,9.002285159786956,8.955557500000001,NaN,NaN,NaN,NaN,NaN,NaN,NaN,NaN,NaN,NaN,1
2024-06-24T10:25:00-04:00,8.956523954154786,8.96,8.9502,8.955100000000002,8.934669370374564,8.92166888405501,8.912701114341084,0,0,19278,19277,0,0,0,0,NaN,NaN,8.346019949264608,NaN,NaN,NaN,9.002285159786956,8.955557500000001,NaN,NaN,NaN,NaN,NaN,NaN,NaN,NaN,NaN,NaN,1,0,0,0,0,NaN,NaN,8.346019949264608,NaN,NaN,NaN,9.002285159786956,8.955557500000001,NaN,NaN,NaN,NaN,NaN,NaN,NaN,NaN,NaN,NaN,1
2024-06-24T10:34:00-04:00,8.955811977077394,8.955811977077394,8.94,8.944999999999999,8.936547666670098,8.922025084298443,8.919690622627183,0,0,19278,19277,0,0,0,0,NaN,NaN,10.55463266497436,NaN,NaN,NaN,9.002285159786956,8.955557500000001,NaN,NaN,NaN,NaN,NaN,NaN,NaN,NaN,NaN,NaN,1,0,0,0,0,NaN,NaN,10.55463266497436,NaN,NaN,NaN,9.002285159786956,8.955557500000001,NaN,NaN,NaN,NaN,NaN,NaN,NaN,NaN,NaN,NaN,1
2024-06-24T10:40:00-04:00,8.950405988538696,8.98,8.950405988538696,8.98,8.944448090911898,8.922910197515261,8.921896525237747,0,0,19278,19277,0,0,0,0,NaN,NaN,11.391265229904628,NaN,NaN,NaN,9.002285159786956,8.955557500000001,NaN,NaN,NaN,NaN,NaN,NaN,NaN,NaN,NaN,NaN,1,0,0,0,0,NaN,NaN,11.391265229904628,NaN,NaN,NaN,9.002285159786956,8.955557500000001,NaN,NaN,NaN,NaN,NaN,NaN,NaN,NaN,NaN,NaN,1
2024-06-24T11:51:00-04:00,8.965202994269347,8.965202994269347,8.92,8.92,8.940002983473372,8.922865767018845,8.92182960479887,0,0,19278,19277,0,0,0,0,NaN,NaN,13.711834176965182,NaN,NaN,NaN,9.002285159786956,8.955557500000001,NaN,NaN,NaN,NaN,NaN,NaN,NaN,NaN,NaN,NaN,1,0,0,0,0,NaN,NaN,13.711834176965182,NaN,NaN,NaN,9.002285159786956,8.955557500000001,NaN,NaN,NaN,NaN,NaN,NaN,NaN,NaN,NaN,NaN,1
2024-06-24T12:05:00-04:00,8.942601497134675,8.942601497134675,8.92,8.92,8.936366077387305,8.922822014850619,8.921603308596165,0,0,19278,19277,0,0,0,0,NaN,NaN,18.48586401010899,NaN,NaN,NaN,9.002285159786956,8.955557500000001,NaN,NaN,NaN,NaN,NaN,NaN,NaN,NaN,NaN,NaN,1,0,0,0,0,NaN,NaN,18.48586401010899,NaN,NaN,NaN,9.002285159786956,8.955557500000001,NaN,NaN,NaN,NaN,NaN,NaN,NaN,NaN,NaN,NaN,1
2024-06-24T12:08:00-04:00,8.931300748567338,8.931300748567338,8.89,8.89,8.927935881498705,8.92232091538725,8.920655398920216,0,0,19278,19277,0,0,0,0,NaN,NaN,21.222194424528407,NaN,NaN,NaN,9.002285159786956,8.955557500000001,NaN,NaN,NaN,NaN,NaN,NaN,NaN,NaN,NaN,NaN,1,0,0,0,0,NaN,NaN,21.222194424528407,NaN,NaN,NaN,9.002285159786956,8.955557500000001,NaN,NaN,NaN,NaN,NaN,NaN,NaN,NaN,NaN,NaN,1
2024-06-24T12:33:00-04:00,8.91065037428367,8.93,8.91065037428367,8.93,8.928311175771668,8.922438153320268,8.921656427423674,1,0,19278,19277,0,0,0,0,NaN,NaN,22.258585867261797,NaN,NaN,NaN,9.002285159786956,8.955557500000001,NaN,NaN,NaN,NaN,NaN,NaN,NaN,NaN,NaN,NaN,1,0,0,0,0,NaN,NaN,22.258585867261797,NaN,NaN,NaN,9.002285159786956,8.955557500000001,NaN,NaN,NaN,NaN,NaN,NaN,NaN,NaN,NaN,NaN,1
2024-06-24T12:40:00-04:00,8.920325187141835,8.920325187141835,8.92,8.92,8.926800052904092,8.922400929605455,8.921394925575102,0,0,19278,19277,0,0,0,0,NaN,NaN,25.377649654411062,NaN,NaN,NaN,9.002285159786956,8.955557500000001,NaN,NaN,NaN,NaN,NaN,NaN,NaN,NaN,NaN,NaN,1,0,0,0,0,NaN,NaN,25.377649654411062,NaN,NaN,NaN,9.002285159786956,8.955557500000001,NaN,NaN,NaN,NaN,NaN,NaN,NaN,NaN,NaN,NaN,1
2024-06-24T13:02:00-04:00,8.920162593570918,8.920162593570918,8.862,8.862,8.915018225103347,8.921478778008426,8.918526529298132,0,1,19278,19277,0,0,0,0,NaN,NaN,29.12284161475854,NaN,NaN,NaN,9.002285159786956,8.955557500000001,NaN,NaN,NaN,NaN,NaN,NaN,NaN,NaN,NaN,NaN,1,0,0,0,0,NaN,NaN,29.12284161475854,NaN,NaN,NaN,9.002285159786956,8.955557500000001,NaN,NaN,NaN,NaN,NaN,NaN,NaN,NaN,NaN,NaN,1
2024-06-24T13:16:00-04:00,8.891081296785458,8.895,8.84,8.8675,8.90637854781183,8.920654674527382,8.910265353480842,0,0,19278,19288,0,0,0,0,NaN,NaN,32.46841638691965,NaN,NaN,NaN,9.002285159786956,8.955557500000001,NaN,NaN,NaN,NaN,NaN,NaN,NaN,NaN,NaN,NaN,1,0,0,0,0,NaN,NaN,32.46841638691965,NaN,NaN,NaN,9.002285159786956,8.955557500000001,NaN,NaN,NaN,NaN,NaN,NaN,NaN,NaN,NaN,NaN,1
2024-06-24T13:25:00-04:00,8.879290648392729,8.95,8.879290648392729,8.94,8.91249153911877,8.92095002300788,8.919153121452895,0,0,19278,19289,0,0,0,0,NaN,NaN,34.6942401598706,NaN,NaN,NaN,9.002285159786956,8.955557500000001,NaN,NaN,NaN,NaN,NaN,NaN,NaN,NaN,NaN,NaN,1,0,0,0,0,NaN,NaN,34.6942401598706,NaN,NaN,NaN,9.002285159786956,8.955557500000001,NaN,NaN,NaN,NaN,NaN,NaN,NaN,NaN,NaN,NaN,1
2024-06-24T14:18:00-04:00,8.909645324196365,8.98,8.909645324196365,8.98,8.92476580473354,8.921851549374171,8.919910960269025,0,0,19278,19290,0,0,0,0,NaN,NaN,39.843253781853356,NaN,NaN,NaN,9.002285159786956,8.955557500000001,NaN,NaN,NaN,NaN,NaN,NaN,NaN,NaN,NaN,NaN,1,0,0,0,0,NaN,NaN,39.843253781853356,NaN,NaN,NaN,9.002285159786956,8.955557500000001,NaN,NaN,NaN,NaN,NaN,NaN,NaN,NaN,NaN,NaN,1
2024-06-24T14:27:00-04:00,8.944822662098183,8.99,8.944822662098183,8.9875,8.936172022054715,8.92285381579594,8.923873267674992,0,0,19278,19291,0,0,0,0,NaN,NaN,45.31974545799908,NaN,NaN,NaN,9.002285159786956,8.955557500000001,NaN,NaN,NaN,NaN,NaN,NaN,NaN,NaN,NaN,NaN,1,0,0,0,0,NaN,NaN,45.31974545799908,NaN,NaN,NaN,9.002285159786956,8.955557500000001,NaN,NaN,NaN,NaN,NaN,NaN,NaN,NaN,NaN,NaN,1
2024-06-24T14:28:00-04:00,8.966161331049092,8.99,8.966161331049092,8.9875,8.94550438168113,8.923840780440276,8.927410043184587,0,0,19278,19292,0,0,0,0,NaN,NaN,48.18372237959572,NaN,NaN,NaN,9.002285159786956,8.955557500000001,NaN,NaN,NaN,NaN,NaN,NaN,NaN,NaN,NaN,NaN,1,0,0,0,0,NaN,NaN,48.18372237959572,NaN,NaN,NaN,9.002285159786956,8.955557500000001,NaN,NaN,NaN,NaN,NaN,NaN,NaN,NaN,NaN,NaN,1
2024-06-24T15:32:00-04:00,8.976830665524545,9.05,8.976830665524545,9.05,8.964503585011835,8.925766875395386,8.928752611981164,0,0,19278,19293,0,0,0,0,NaN,NaN,48.44060642800325,NaN,NaN,NaN,9.002285159786956,8.955557500000001,NaN,NaN,NaN,NaN,NaN,NaN,NaN,NaN,NaN,NaN,1,0,0,0,0,NaN,NaN,48.44060642800325,NaN,NaN,NaN,9.002285159786956,8.955557500000001,NaN,NaN,NaN,NaN,NaN,NaN,NaN,NaN,NaN,NaN,1
2024-06-24T15:34:00-04:00,9.013415332762273,9.05,9.013415332762273,9.05,8.980048387736955,8.927663564320648,8.930066092514355,0,0,19278,19294,0,0,0,0,NaN,NaN,45.539060208226076,NaN,NaN,NaN,9.002285159786956,8.955557500000001,NaN,NaN,NaN,NaN,NaN,NaN,NaN,NaN,NaN,NaN,1,0,0,0,0,NaN,NaN,45.539060208226076,NaN,NaN,NaN,9.002285159786956,8.955557500000001,NaN,NaN,NaN,NaN,NaN,NaN,NaN,NaN,NaN,NaN,1
2024-06-24T15:36:00-04:00,9.031707666381138,9.05,9.031707666381138,9.05,8.992766862693873,8.92953129616308,8.931351419997858,0,0,19278,19295,0,0,0,0,NaN,NaN,42.418626625698096,NaN,NaN,NaN,9.002285159786956,8.955557500000001,NaN,NaN,NaN,NaN,NaN,NaN,NaN,NaN,NaN,NaN,1,0,0,0,0,NaN,NaN,42.418626625698096,NaN,NaN,NaN,9.002285159786956,8.955557500000001,NaN,NaN,NaN,NaN,NaN,NaN,NaN,NaN,NaN,NaN,1
2024-06-24T15:41:00-04:00,9.04085383319057,9.05,9.04,9.045,9.002263796749533,8.93129417713769,8.944119587138509,0,0,19278,19296,0,0,0,0,NaN,NaN,39.64107946553667,NaN,NaN,NaN,9.002285159786956,8.955557500000001,NaN,NaN,NaN,NaN,NaN,NaN,NaN,NaN,NaN,NaN,1,0,0,0,0,NaN,NaN,39.64107946553667,NaN,NaN,NaN,9.002285159786956,8.955557500000001,NaN,NaN,NaN,NaN,NaN,NaN,NaN,NaN,NaN,NaN,1
2024-06-24T15:45:00-04:00,9.042926916595285,9.05,9.042926916595285,9.05,9.010943106431437,8.933106479776809,8.945117329438373,0,0,19278,19297,0,0,0,0,NaN,NaN,36.45411736462976,NaN,NaN,NaN,9.002285159786956,8.955557500000001,NaN,NaN,NaN,NaN,NaN,NaN,NaN,NaN,NaN,NaN,1,0,0,0,0,NaN,NaN,36.45411736462976,NaN,NaN,NaN,9.002285159786956,8.955557500000001,NaN,NaN,NaN,NaN,NaN,NaN,NaN,NaN,NaN,NaN,1
2024-06-24T15:49:00-04:00,9.046463458297643,9.06,9.046463458297643,9.06,9.019862541625722,8.935043785429071,8.94618979648992,0,0,19278,19298,0,0,0,0,NaN,NaN,32.99837713927678,NaN,NaN,NaN,9.002285159786956,8.955557500000001,NaN,NaN,NaN,NaN,NaN,NaN,NaN,NaN,NaN,NaN,1,0,0,0,0,NaN,NaN,32.99837713927678,NaN,NaN,NaN,9.002285159786956,8.955557500000001,NaN,NaN,NaN,NaN,NaN,NaN,NaN,NaN,NaN,NaN,1
2024-06-24T15:51:00-04:00,9.053231729148822,9.08,9.053231729148822,9.08,9.0307966249665,8.937256857407254,8.94742740473548,0,0,19278,19299,0,0,0,0,NaN,NaN,28.94836693826629,NaN,NaN,NaN,9.002285159786956,8.955557500000001,NaN,NaN,NaN,NaN,NaN,NaN,NaN,NaN,NaN,NaN,1,0,0,0,0,NaN,NaN,28.94836693826629,NaN,NaN,NaN,9.002285159786956,8.955557500000001,NaN,NaN,NaN,NaN,NaN,NaN,NaN,NaN,NaN,NaN,1
2024-06-24T15:53:00-04:00,9.06661586457441,9.09,9.06661586457441,9.09,9.04156087497259,8.939588813782716,8.948733971774194,0,0,19278,19300,0,0,0,0,NaN,NaN,24.84821864805882,NaN,NaN,NaN,9.002285159786956,8.955557500000001,NaN,NaN,NaN,NaN,NaN,NaN,NaN,NaN,NaN,NaN,1,0,0,0,0,NaN,NaN,24.84821864805882,NaN,NaN,NaN,9.002285159786956,8.955557500000001,NaN,NaN,NaN,NaN,NaN,NaN,NaN,NaN,NaN,NaN,1
2024-06-24T15:56:00-04:00,9.078307932287206,9.11,9.078307932287206,9.11,9.0540043522503,8.942190511282217,8.951636528077755,1,0,19301,19300,0,0,0,0,NaN,NaN,20.4552294955856,NaN,NaN,NaN,9.002285159786956,8.964500000000001,NaN,NaN,NaN,NaN,NaN,NaN,NaN,NaN,NaN,NaN,1,0,0,0,0,NaN,NaN,20.4552294955856,NaN,NaN,NaN,9.002285159786956,8.964500000000001,NaN,NaN,NaN,NaN,NaN,NaN,NaN,NaN,NaN,NaN,1
2024-06-24T15:57:00-04:00,9.094153966143603,9.11,9.094153966143603,9.105,9.063276288204792,8.944676152331343,8.955668165089381,0,0,19301,19300,0,0,0,0,NaN,NaN,16.747220639664214,NaN,NaN,NaN,9.002285159786956,8.964500000000001,NaN,NaN,NaN,NaN,NaN,NaN,NaN,NaN,NaN,NaN,1,0,0,0,0,NaN,NaN,16.747220639664214,NaN,NaN,NaN,9.002285159786956,8.964500000000001,NaN,NaN,NaN,NaN,NaN,NaN,NaN,NaN,NaN,NaN,1
2024-06-24T15:58:00-04:00,9.099576983071803,9.13,9.099576983071803,9.115,9.072680599440284,8.947276516417888,8.959749410860656,0,0,19301,19300,0,0,0,0,NaN,NaN,13.235110411296185,NaN,NaN,NaN,9.002285159786956,8.971440000000001,NaN,NaN,NaN,NaN,NaN,NaN,NaN,NaN,NaN,NaN,1,0,0,0,0,NaN,NaN,13.235110411296185,NaN,NaN,NaN,9.002285159786956,8.971440000000001,NaN,NaN,NaN,NaN,NaN,NaN,NaN,NaN,NaN,NaN,1
2024-06-24T15:59:00-04:00,9.1072884915359,9.15,9.07,9.11,9.079465944996596,8.949760844411509,8.963501923076924,0,0,19301,19300,0,0,0,0,NaN,NaN,10.168939532777467,NaN,NaN,NaN,9.002285159786956,8.971440000000001,NaN,NaN,NaN,NaN,NaN,NaN,NaN,NaN,NaN,NaN,1,0,0,0,0,NaN,NaN,10.168939532777467,NaN,NaN,NaN,9.002285159786956,8.971440000000001,NaN,NaN,NaN,NaN,NaN,NaN,NaN,NaN,NaN,NaN,1
2024-06-24T16:00:00-04:00,9.10864424576795,9.15,9.10864424576795,9.15,9.092290318633578,8.952817930756371,8.97258534093609,1,0,19301,19300,0,0,0,0,NaN,NaN,6.982729991767086,NaN,NaN,NaN,9.002285159786956,8.9986036,NaN,NaN,NaN,NaN,NaN,NaN,NaN,NaN,NaN,NaN,1,0,0,0,0,NaN,NaN,6.982729991767086,NaN,NaN,NaN,9.002285159786956,8.9986036,NaN,NaN,NaN,NaN,NaN,NaN,NaN,NaN,NaN,NaN,1
2024-06-25T12:24:00-04:00,9.129322122883975,9.129322122883975,8.945,8.945,9.0655102607002,8.9526985730349,8.945,0,0,19301,19300,0,0,0,0,NaN,NaN,7.14204955118507,NaN,NaN,NaN,9.002285159786956,8.9986036,NaN,NaN,NaN,NaN,NaN,NaN,NaN,NaN,NaN,NaN,1,0,0,0,0,NaN,NaN,7.14204955118507,NaN,NaN,NaN,9.002285159786956,8.9986036,NaN,NaN,NaN,NaN,NaN,NaN,NaN,NaN,NaN,NaN,1
2024-06-25T13:24:00-04:00,9.037161061441989,9.037161061441989,8.917,8.917,9.038508395118345,8.952153556652688,8.928873767258382,0,0,19301,19300,0,0,0,0,NaN,NaN,6.563071421956352,NaN,NaN,NaN,9.002285159786956,8.9986036,NaN,NaN,NaN,NaN,NaN,NaN,NaN,NaN,NaN,NaN,1,0,0,0,0,NaN,NaN,6.563071421956352,NaN,NaN,NaN,9.002285159786956,8.9986036,NaN,NaN,NaN,NaN,NaN,NaN,NaN,NaN,NaN,NaN,1
2024-06-25T13:58:00-04:00,8.977080530720993,8.977080530720993,8.92,8.933,9.019325050551373,8.951861135940433,8.930041018387554,0,0,19301,19300,0,0,0,0,NaN,NaN,5.885016610977875,NaN,NaN,NaN,9.002285159786956,8.9986036,NaN,NaN,NaN,NaN,NaN,NaN,NaN,NaN,NaN,NaN,1,0,0,0,0,NaN,NaN,5.885016610977875,NaN,NaN,NaN,9.002285159786956,8.9986036,NaN,NaN,NaN,NaN,NaN,NaN,NaN,NaN,NaN,NaN,1
2024-06-25T15:28:00-04:00,8.955040265360497,9.005,8.955040265360497,9.005,9.01672049590567,8.952672416307754,8.939329615861215,0,0,19301,19300,0,0,0,0,NaN,NaN,5.150949769154157,NaN,NaN,NaN,9.002285159786956,8.9986036,NaN,NaN,NaN,NaN,NaN,NaN,NaN,NaN,NaN,NaN,1,0,0,0,0,NaN,NaN,5.150949769154157,NaN,NaN,NaN,9.002285159786956,8.9986036,NaN,NaN,NaN,NaN,NaN,NaN,NaN,NaN,NaN,NaN,1
2024-06-25T15:54:00-04:00,8.980020132680249,9.1,8.98,9.035,9.020044042104638,8.953929325982445,9.016503114518448,0,0,19301,19300,0,0,0,0,NaN,NaN,3.616071320084534,NaN,NaN,NaN,9.002285159786956,8.9986036,NaN,NaN,NaN,NaN,NaN,NaN,NaN,NaN,NaN,NaN,1,0,0,0,0,NaN,NaN,3.616071320084534,NaN,NaN,NaN,9.002285159786956,8.9986036,NaN,NaN,NaN,NaN,NaN,NaN,NaN,NaN,NaN,NaN,1
2024-06-25T15:58:00-04:00,9.007510066340124,9.075,9.007510066340124,9.075,9.03003603444925,8.955777733219355,9.017871782873188,0,0,19301,19300,0,0,0,0,NaN,NaN,1.4752704990405896,NaN,NaN,NaN,9.002285159786956,8.9986036,NaN,NaN,NaN,NaN,NaN,NaN,NaN,NaN,NaN,NaN,1,0,0,0,0,NaN,NaN,1.4752704990405896,NaN,NaN,NaN,9.002285159786956,8.9986036,NaN,NaN,NaN,NaN,NaN,NaN,NaN,NaN,NaN,NaN,1
2024-06-25T16:00:00-04:00,9.041255033170062,9.15,9.041255033170062,9.15,9.051847664549387,8.958742958666388,9.0277670995671,1,0,19301,19300,0,0,0,0,NaN,NaN,0.20384055353688252,NaN,NaN,NaN,9.002285159786956,8.9986036,NaN,NaN,NaN,NaN,NaN,NaN,NaN,NaN,NaN,NaN,1,0,0,0,0,NaN,NaN,0.20384055353688252,NaN,NaN,NaN,9.002285159786956,8.9986036,NaN,NaN,NaN,NaN,NaN,NaN,NaN,NaN,NaN,NaN,1
2024-06-26T09:30:00-04:00,9.095627516585031,9.14,9.095627516585031,9.14,9.067875361904044,8.961510241740184,9.14,0,0,19301,19300,0,0,0,0,NaN,NaN,0.12713335097673845,NaN,NaN,NaN,9.002285159786956,8.9986036,NaN,NaN,NaN,NaN,NaN,NaN,NaN,NaN,NaN,NaN,1,0,0,0,0,NaN,NaN,0.12713335097673845,NaN,NaN,NaN,9.002285159786956,8.9986036,NaN,NaN,NaN,NaN,NaN,NaN,NaN,NaN,NaN,NaN,1
2024-06-26T10:35:00-04:00,9.117813758292517,9.117813758292517,8.95,8.95,9.04644347792149,8.961334512858654,8.9975,0,0,19301,19300,0,0,0,0,NaN,NaN,0.1955487989537487,NaN,NaN,NaN,9.002285159786956,8.9986036,NaN,NaN,NaN,NaN,NaN,NaN,NaN,NaN,NaN,NaN,1,0,0,0,0,NaN,NaN,0.1955487989537487,NaN,NaN,NaN,9.002285159786956,8.9986036,NaN,NaN,NaN,NaN,NaN,NaN,NaN,NaN,NaN,NaN,1
2024-06-26T10:37:00-04:00,9.033906879146258,9.033906879146258,8.42,8.685,8.980726481935765,8.957115665334095,8.698287977038376,0,0,19301,19300,0,0,0,1,NaN,NaN,0.0021671355961394856,NaN,NaN,NaN,9.002285159786956,8.896575000000002,NaN,NaN,NaN,NaN,NaN,NaN,NaN,NaN,NaN,NaN,1,0,0,0,1,NaN,NaN,0.0021671355961394856,NaN,NaN,NaN,9.002285159786956,8.896575000000002,NaN,NaN,NaN,NaN,NaN,NaN,NaN,NaN,NaN,NaN,1
2024-06-26T10:39:00-04:00,8.85945343957313,8.85945343957313,8.57,8.575,8.906958030674717,8.95128183838243,8.693804548248309,0,0,19301,19300,0,0,0,0,NaN,NaN,0.4167327464802117,NaN,NaN,NaN,8.882538677659278,8.83357775,NaN,NaN,NaN,NaN,NaN,NaN,NaN,NaN,NaN,NaN,1,0,0,0,0,NaN,NaN,0.4167327464802117,NaN,NaN,NaN,8.882538677659278,8.83357775,NaN,NaN,NaN,NaN,NaN,NaN,NaN,NaN,NaN,NaN,1
2024-06-26T10:40:00-04:00,8.717226719786565,8.717226719786565,8.61,8.61,8.852965661461132,8.946071428636133,8.692954775907523,0,0,19301,19300,0,0,0,0,NaN,NaN,1.4257518071809128,NaN,NaN,NaN,8.72956095185162,8.83357775,NaN,NaN,NaN,NaN,NaN,NaN,NaN,NaN,NaN,NaN,1,0,0,0,0,NaN,NaN,1.4257518071809128,NaN,NaN,NaN,8.72956095185162,8.83357775,NaN,NaN,NaN,NaN,NaN,NaN,NaN,NaN,NaN,NaN,1
2024-06-26T10:43:00-04:00,8.663613359893283,8.663613359893283,8.66,8.66,8.817880995740927,8.941703925908863,8.692529276348713,0,0,19301,19300,0,0,0,0,NaN,NaN,2.129199422511307,NaN,NaN,NaN,8.72956095185162,8.83357775,NaN,NaN,NaN,NaN,NaN,NaN,NaN,NaN,NaN,NaN,1,0,0,0,0,NaN,NaN,2.129199422511307,NaN,NaN,NaN,8.72956095185162,8.83357775,NaN,NaN,NaN,NaN,NaN,NaN,NaN,NaN,NaN,NaN,1
2024-06-26T10:56:00-04:00,8.661806679946642,8.86,8.661806679946642,8.85,8.823720814697122,8.940303865971323,8.71656856924773,0,0,19301,19300,0,0,0,0,NaN,NaN,2.288622865898241,NaN,NaN,NaN,8.72956095185162,8.83357775,NaN,NaN,NaN,NaN,NaN,NaN,NaN,NaN,NaN,NaN,1,0,0,0,0,NaN,NaN,2.288622865898241,NaN,NaN,NaN,8.72956095185162,8.83357775,NaN,NaN,NaN,NaN,NaN,NaN,NaN,NaN,NaN,NaN,1
2024-06-26T10:57:00-04:00,8.75590333997332,8.86,8.75590333997332,8.8525,8.828953393843099,8.938963348933592,8.732810096333358,0,0,19301,19300,0,0,0,0,NaN,NaN,2.3940745224165823,NaN,NaN,NaN,8.72956095185162,8.83357775,NaN,NaN,NaN,NaN,NaN,NaN,NaN,NaN,NaN,NaN,1,0,0,0,0,NaN,NaN,2.3940745224165823,NaN,NaN,NaN,8.72956095185162,8.83357775,NaN,NaN,NaN,NaN,NaN,NaN,NaN,NaN,NaN,NaN,1
2024-06-26T11:28:00-04:00,8.80420166998666,8.94,8.80420166998666,8.94,8.849143685871626,8.93897917566743,8.745858232453992,0,0,19301,19300,0,0,0,0,NaN,NaN,1.46349041255177,NaN,NaN,NaN,8.72956095185162,8.83357775,NaN,NaN,NaN,NaN,NaN,NaN,NaN,NaN,NaN,NaN,1,0,0,0,0,NaN,NaN,1.46349041255177,NaN,NaN,NaN,8.72956095185162,8.83357775,NaN,NaN,NaN,NaN,NaN,NaN,NaN,NaN,NaN,NaN,1
2024-06-26T11:30:00-04:00,8.87210083499333,8.93,8.87210083499333,8.93,8.863844833894966,8.938842089016019,8.747137794454867,0,0,19301,19300,0,0,0,0,NaN,NaN,1.1940533577362518,NaN,NaN,NaN,8.72956095185162,8.83357775,NaN,NaN,NaN,NaN,NaN,NaN,NaN,NaN,NaN,NaN,1,0,0,0,0,NaN,NaN,1.1940533577362518,NaN,NaN,NaN,8.72956095185162,8.83357775,NaN,NaN,NaN,NaN,NaN,NaN,NaN,NaN,NaN,NaN,1
2024-06-26T11:33:00-04:00,8.901050417496664,8.901050417496664,8.77,8.77,8.846782136823153,8.93626434719898,8.747393843616875,0,0,19301,19300,0,0,0,0,NaN,NaN,1.9394234509034154,NaN,NaN,NaN,8.72956095185162,8.83357775,NaN,NaN,NaN,NaN,NaN,NaN,NaN,NaN,NaN,NaN,1,0,0,0,0,NaN,NaN,1.9394234509034154,NaN,NaN,NaN,8.72956095185162,8.83357775,NaN,NaN,NaN,NaN,NaN,NaN,NaN,NaN,NaN,NaN,1
2024-06-26T11:35:00-04:00,8.835525208748333,8.94,8.835525208748333,8.934999999999999,8.862821748309852,8.93624504418831,8.749936966246441,0,0,19301,19300,0,0,0,0,NaN,NaN,2.097106228285907,NaN,NaN,NaN,8.72956095185162,8.83357775,NaN,NaN,NaN,NaN,NaN,NaN,NaN,NaN,NaN,NaN,1,0,0,0,0,NaN,NaN,2.097106228285907,NaN,NaN,NaN,8.72956095185162,8.83357775,NaN,NaN,NaN,NaN,NaN,NaN,NaN,NaN,NaN,NaN,1
2024-06-26T11:45:00-04:00,8.885262604374166,8.885262604374166,8.61,8.61,8.816854157708061,8.931264203819023,8.748994883533054,0,1,19301,19300,0,0,0,0,NaN,NaN,3.954693757953663,NaN,NaN,NaN,8.72956095185162,8.83357775,NaN,NaN,NaN,NaN,NaN,NaN,NaN,NaN,NaN,NaN,1,0,0,0,0,NaN,NaN,3.954693757953663,NaN,NaN,NaN,8.72956095185162,8.83357775,NaN,NaN,NaN,NaN,NaN,NaN,NaN,NaN,NaN,NaN,1
2024-06-26T12:25:00-04:00,8.747631302187083,8.9425,8.747631302187083,8.9425,8.839698856306596,8.931435742692015,8.75282565659232,0,0,19301,19326,0,0,0,0,NaN,NaN,3.7385703575511755,NaN,NaN,NaN,8.72956095185162,8.83357775,NaN,NaN,NaN,NaN,NaN,NaN,NaN,NaN,NaN,NaN,1,0,0,0,0,NaN,NaN,3.7385703575511755,NaN,NaN,NaN,8.72956095185162,8.83357775,NaN,NaN,NaN,NaN,NaN,NaN,NaN,NaN,NaN,NaN,1
2024-06-26T12:26:00-04:00,8.845065651093542,8.926,8.845065651093542,8.926,8.85538997334176,8.931352754253968,8.75618739484923,0,0,19301,19327,0,0,0,0,NaN,NaN,4.058018200901175,NaN,NaN,NaN,8.72956095185162,8.83357775,NaN,NaN,NaN,NaN,NaN,NaN,NaN,NaN,NaN,NaN,1,0,0,0,0,NaN,NaN,4.058018200901175,NaN,NaN,NaN,8.72956095185162,8.83357775,NaN,NaN,NaN,NaN,NaN,NaN,NaN,NaN,NaN,NaN,1
2024-06-26T12:27:00-04:00,8.885532825546772,9.01,8.885532825546772,9.01,8.883500887279622,8.932553475563068,8.765658132436304,0,0,19301,19328,0,0,0,0,NaN,NaN,3.6854523415281197,NaN,NaN,NaN,8.72956095185162,8.83357775,NaN,NaN,NaN,NaN,NaN,NaN,NaN,NaN,NaN,NaN,1,0,0,0,0,NaN,NaN,3.6854523415281197,NaN,NaN,NaN,8.72956095185162,8.83357775,NaN,NaN,NaN,NaN,NaN,NaN,NaN,NaN,NaN,NaN,1
2024-06-26T13:15:00-04:00,8.947766412773387,8.995,8.947766412773387,8.995,8.903773453228782,8.93350685761554,8.771233817540873,0,0,19301,19329,0,0,0,0,NaN,NaN,3.1304722141876815,NaN,NaN,NaN,8.72956095185162,8.83357775,NaN,NaN,NaN,NaN,NaN,NaN,NaN,NaN,NaN,NaN,1,0,0,0,0,NaN,NaN,3.1304722141876815,NaN,NaN,NaN,8.72956095185162,8.83357775,NaN,NaN,NaN,NaN,NaN,NaN,NaN,NaN,NaN,NaN,1
2024-06-26T13:41:00-04:00,8.971383206386694,9.1899,8.971383206386694,9.1899,8.955796461732639,8.937421256735915,8.796753792591746,0,0,19301,19330,0,1,0,0,NaN,NaN,1.2415606443105733,NaN,NaN,NaN,9.027130617969535,8.900897,NaN,NaN,NaN,NaN,NaN,NaN,NaN,NaN,NaN,NaN,1,0,1,0,0,NaN,NaN,1.2415606443105733,NaN,NaN,NaN,9.027130617969535,8.900897,NaN,NaN,NaN,NaN,NaN,NaN,NaN,NaN,NaN,NaN,1
2024-06-26T14:06:00-04:00,9.080641603193346,9.19,9.080641603193346,9.19,8.998378923235796,8.941277420755213,8.801191986908188,0,0,19301,19331,0,0,0,0,NaN,NaN,0.30871599090206536,NaN,NaN,NaN,9.060209317192054,8.909618590000001,NaN,NaN,NaN,NaN,NaN,NaN,NaN,NaN,NaN,NaN,1,0,0,0,0,NaN,NaN,0.30871599090206536,NaN,NaN,NaN,9.060209317192054,8.909618590000001,NaN,NaN,NaN,NaN,NaN,NaN,NaN,NaN,NaN,NaN,1
2024-06-26T14:21:00-04:00,9.135320801596674,9.19,9.135320801596674,9.19,9.033219119011106,8.945074712041393,8.803373727624711,0,0,19301,19332,0,0,0,0,NaN,NaN,0.001067810742682591,NaN,NaN,NaN,9.06037982762006,8.909618590000001,NaN,NaN,NaN,NaN,NaN,NaN,NaN,NaN,NaN,NaN,1,0,0,0,0,NaN,NaN,0.001067810742682591,NaN,NaN,NaN,9.06037982762006,8.909618590000001,NaN,NaN,NaN,NaN,NaN,NaN,NaN,NaN,NaN,NaN,1
2024-06-26T14:44:00-04:00,9.162660400798337,9.162660400798337,9.01,9.01,9.028997461009087,8.946065937811753,8.809012783145024,0,0,19301,19333,0,0,0,0,NaN,NaN,0.03684410278487104,NaN,NaN,NaN,9.06037982762006,8.909618590000001,NaN,NaN,NaN,NaN,NaN,NaN,NaN,NaN,NaN,NaN,1,0,0,0,0,NaN,NaN,0.03684410278487104,NaN,NaN,NaN,9.06037982762006,8.909618590000001,NaN,NaN,NaN,NaN,NaN,NaN,NaN,NaN,NaN,NaN,1
2024-06-26T14:47:00-04:00,9.086330200399168,9.086330200399168,9.0104,9.0104,9.02561610446198,8.947048137234473,8.810116903702095,0,0,19301,19334,0,0,0,0,NaN,NaN,0.1303578422766919,NaN,NaN,NaN,9.06037982762006,8.909618590000001,NaN,NaN,NaN,NaN,NaN,NaN,NaN,NaN,NaN,NaN,1,0,0,0,0,NaN,NaN,0.1303578422766919,NaN,NaN,NaN,9.06037982762006,8.909618590000001,NaN,NaN,NaN,NaN,NaN,NaN,NaN,NaN,NaN,NaN,1
2024-06-26T15:54:00-04:00,9.048365100199584,9.2,9.048365100199584,9.2,9.057322267287073,8.95090999773471,8.812221876687182,1,0,19335,19334,0,0,0,0,NaN,NaN,0.7416140015465431,NaN,NaN,NaN,9.06037982762006,8.931741474599999,NaN,NaN,NaN,NaN,NaN,NaN,NaN,NaN,NaN,NaN,1,0,0,0,0,NaN,NaN,0.7416140015465431,NaN,NaN,NaN,9.06037982762006,8.931741474599999,NaN,NaN,NaN,NaN,NaN,NaN,NaN,NaN,NaN,NaN,1
2024-06-26T15:55:00-04:00,9.124182550099793,9.2,9.09,9.145,9.073263673234878,8.953873203876165,8.829268189734659,0,0,19335,19334,0,0,0,0,NaN,NaN,1.547247977477781,NaN,NaN,NaN,9.06037982762006,8.931741474599999,NaN,NaN,NaN,NaN,NaN,NaN,NaN,NaN,NaN,NaN,1,0,0,0,0,NaN,NaN,1.547247977477781,NaN,NaN,NaN,9.06037982762006,8.931741474599999,NaN,NaN,NaN,NaN,NaN,NaN,NaN,NaN,NaN,NaN,1
2024-06-26T15:56:00-04:00,9.134591275049896,9.2,9.134591275049896,9.167499999999999,9.090397550828536,8.957134681679582,8.83269818476828,0,0,19335,19334,0,0,0,0,NaN,NaN,2.7057883842874864,NaN,NaN,NaN,9.06037982762006,8.931741474599999,NaN,NaN,NaN,NaN,NaN,NaN,NaN,NaN,NaN,NaN,1,0,0,0,0,NaN,NaN,2.7057883842874864,NaN,NaN,NaN,9.06037982762006,8.931741474599999,NaN,NaN,NaN,NaN,NaN,NaN,NaN,NaN,NaN,NaN,1
2024-06-26T15:57:00-04:00,9.151045637524948,9.155,9.151045637524948,9.155,9.102143450677893,8.960155526234093,8.834324165069114,0,0,19335,19334,0,0,0,0,NaN,NaN,3.557958652689229,NaN,NaN,NaN,9.06037982762006,8.931741474599999,NaN,NaN,NaN,NaN,NaN,NaN,NaN,NaN,NaN,NaN,1,0,0,0,0,NaN,NaN,3.557958652689229,NaN,NaN,NaN,9.06037982762006,8.931741474599999,NaN,NaN,NaN,NaN,NaN,NaN,NaN,NaN,NaN,NaN,1
2024-06-26T15:58:00-04:00,9.153022818762473,9.17,9.153022818762473,9.165,9.113571914191004,8.963282922780138,8.840431720722952,0,0,19335,19334,0,0,0,0,NaN,NaN,4.725480751888971,NaN,NaN,NaN,9.06037982762006,8.931741474599999,NaN,NaN,NaN,NaN,NaN,NaN,NaN,NaN,NaN,NaN,1,0,0,0,0,NaN,NaN,4.725480751888971,NaN,NaN,NaN,9.06037982762006,8.931741474599999,NaN,NaN,NaN,NaN,NaN,NaN,NaN,NaN,NaN,NaN,1
2024-06-26T15:59:00-04:00,9.159011409381236,9.2,9.159011409381236,9.2,9.12928611161082,8.966896923959068,8.842203429416113,0,0,19335,19334,0,0,0,0,NaN,NaN,6.207890908817072,NaN,NaN,NaN,9.06037982762006,8.931741474599999,NaN,NaN,NaN,NaN,NaN,NaN,NaN,NaN,NaN,NaN,1,0,0,0,0,NaN,NaN,6.207890908817072,NaN,NaN,NaN,9.06037982762006,8.931741474599999,NaN,NaN,NaN,NaN,NaN,NaN,NaN,NaN,NaN,NaN,1
2024-06-26T16:00:00-04:00,9.179505704690618,9.2,9.179505704690618,9.2,9.142143182227034,8.97045574954748,8.851393115698512,0,0,19335,19334,0,0,0,0,NaN,NaN,7.9826043252816685,NaN,NaN,NaN,9.06037982762006,8.931741474599999,NaN,NaN,NaN,NaN,NaN,NaN,NaN,NaN,NaN,NaN,1,0,0,0,0,NaN,NaN,7.9826043252816685,NaN,NaN,NaN,9.06037982762006,8.931741474599999,NaN,NaN,NaN,NaN,NaN,NaN,NaN,NaN,NaN,NaN,1
2024-06-27T09:30:00-04:00,9.189752852345308,9.189752852345308,8.95,8.95,9.107208058185755,8.97014344802767,8.95,0,0,19335,19334,0,0,0,0,NaN,NaN,7.079518668675661,NaN,NaN,NaN,9.06037982762006,8.931741474599999,NaN,NaN,NaN,NaN,NaN,NaN,NaN,NaN,NaN,NaN,1,0,0,0,0,NaN,NaN,7.079518668675661,NaN,NaN,NaN,9.06037982762006,8.931741474599999,NaN,NaN,NaN,NaN,NaN,NaN,NaN,NaN,NaN,NaN,1
2024-06-27T09:33:00-04:00,9.069876426172653,9.069876426172653,9.01,9.01,9.089533865788345,8.970751945004347,8.956581196581197,0,0,19335,19334,0,0,0,0,NaN,NaN,5.9696509847687835,NaN,NaN,NaN,9.06037982762006,8.931741474599999,NaN,NaN,NaN,NaN,NaN,NaN,NaN,NaN,NaN,NaN,1,0,0,0,0,NaN,NaN,5.9696509847687835,NaN,NaN,NaN,9.06037982762006,8.931741474599999,NaN,NaN,NaN,NaN,NaN,NaN,NaN,NaN,NaN,NaN,1
2024-06-27T09:36:00-04:00,9.039938213086327,9.22,9.039938213086327,9.185,9.106891344735919,8.974022907676035,8.985062344139651,0,0,19335,19334,0,0,0,0,NaN,NaN,6.647916827940079,NaN,NaN,NaN,9.06037982762006,8.931741474599999,NaN,NaN,NaN,NaN,NaN,NaN,NaN,NaN,NaN,NaN,1,0,0,0,0,NaN,NaN,6.647916827940079,NaN,NaN,NaN,9.06037982762006,8.931741474599999,NaN,NaN,NaN,NaN,NaN,NaN,NaN,NaN,NaN,NaN,1
2024-06-27T10:19:00-04:00,9.112469106543163,9.18,9.112469106543163,9.18,9.120183827511207,8.977167596108462,8.990955259975816,0,0,19335,19334,0,0,0,0,NaN,NaN,7.583019812290667,NaN,NaN,NaN,9.06037982762006,8.931741474599999,NaN,NaN,NaN,NaN,NaN,NaN,NaN,NaN,NaN,NaN,1,0,0,0,0,NaN,NaN,7.583019812290667,NaN,NaN,NaN,9.06037982762006,8.931741474599999,NaN,NaN,NaN,NaN,NaN,NaN,NaN,NaN,NaN,NaN,1
2024-06-27T10:29:00-04:00,9.146234553271581,9.146234553271581,9.14,9.14,9.123786767963715,8.979653587007569,8.99945267958951,0,0,19335,19334,0,0,0,0,NaN,NaN,8.28568865004242,NaN,NaN,NaN,9.06037982762006,8.931741474599999,NaN,NaN,NaN,NaN,NaN,NaN,NaN,NaN,NaN,NaN,1,0,0,0,0,NaN,NaN,8.28568865004242,NaN,NaN,NaN,9.06037982762006,8.931741474599999,NaN,NaN,NaN,NaN,NaN,NaN,NaN,NaN,NaN,NaN,1
2024-06-27T10:40:00-04:00,9.143117276635792,9.143117276635792,9.14,9.14,9.12673462833395,8.982101623847148,9.003348115299335,0,0,19335,19334,0,0,0,0,NaN,NaN,8.271692506729146,NaN,NaN,NaN,9.06037982762006,8.931741474599999,NaN,NaN,NaN,NaN,NaN,NaN,NaN,NaN,NaN,NaN,1,0,0,0,0,NaN,NaN,8.271692506729146,NaN,NaN,NaN,9.06037982762006,8.931741474599999,NaN,NaN,NaN,NaN,NaN,NaN,NaN,NaN,NaN,NaN,1
2024-06-27T10:51:00-04:00,9.141558638317896,9.141558638317896,9.12,9.12,9.12551015045505,8.98420694256704,9.006494066882416,0,0,19335,19334,0,0,0,0,NaN,NaN,8.362998180400542,NaN,NaN,NaN,9.06037982762006,8.931741474599999,NaN,NaN,NaN,NaN,NaN,NaN,NaN,NaN,NaN,NaN,1,0,0,0,0,NaN,NaN,8.362998180400542,NaN,NaN,NaN,9.06037982762006,8.931741474599999,NaN,NaN,NaN,NaN,NaN,NaN,NaN,NaN,NaN,NaN,1
2024-06-27T11:09:00-04:00,9.130779319158947,9.15,9.130779319158947,9.15,9.129962850372314,8.986738134283573,9.010262605042017,0,0,19335,19334,0,0,0,0,NaN,NaN,9.088635011639447,NaN,NaN,NaN,9.06037982762006,8.931741474599999,NaN,NaN,NaN,NaN,NaN,NaN,NaN,NaN,NaN,NaN,1,0,0,0,0,NaN,NaN,9.088635011639447,NaN,NaN,NaN,9.06037982762006,8.931741474599999,NaN,NaN,NaN,NaN,NaN,NaN,NaN,NaN,NaN,NaN,1
2024-06-27T11:16:00-04:00,9.140389659579473,9.15,9.140389659579473,9.15,9.133605968486439,8.989230681851764,9.013838280450358,0,0,19335,19334,0,0,0,0,NaN,NaN,10.3873762526514,NaN,NaN,NaN,9.06037982762006,8.931741474599999,NaN,NaN,NaN,NaN,NaN,NaN,NaN,NaN,NaN,NaN,1,0,0,0,0,NaN,NaN,10.3873762526514,NaN,NaN,NaN,9.06037982762006,8.931741474599999,NaN,NaN,NaN,NaN,NaN,NaN,NaN,NaN,NaN,NaN,1
2024-06-27T11:22:00-04:00,9.145194829789737,9.15,9.145194829789737,9.15,9.136586701488904,8.991685175258606,9.017235528942116,0,0,19335,19334,0,0,0,0,NaN,NaN,11.232531020252651,NaN,NaN,NaN,9.06037982762006,8.931741474599999,NaN,NaN,NaN,NaN,NaN,NaN,NaN,NaN,NaN,NaN,1,0,0,0,0,NaN,NaN,11.232531020252651,NaN,NaN,NaN,9.06037982762006,8.931741474599999,NaN,NaN,NaN,NaN,NaN,NaN,NaN,NaN,NaN,NaN,1
2024-06-27T11:29:00-04:00,9.147597414894868,9.15,9.147597414894868,9.15,9.139025483036376,8.994102195483666,9.020467380720545,0,0,19335,19334,0,0,0,0,NaN,NaN,11.943439921198792,NaN,NaN,NaN,9.06037982762006,8.931741474599999,NaN,NaN,NaN,NaN,NaN,NaN,NaN,NaN,NaN,NaN,1,0,0,0,0,NaN,NaN,11.943439921198792,NaN,NaN,NaN,9.06037982762006,8.931741474599999,NaN,NaN,NaN,NaN,NaN,NaN,NaN,NaN,NaN,NaN,1
2024-06-27T11:42:00-04:00,9.148798707447433,9.15,9.148798707447433,9.15,9.141020849757034,8.996482314636587,9.02648096564531,0,0,19335,19334,0,0,0,0,NaN,NaN,12.993326880957198,NaN,NaN,NaN,9.06037982762006,8.931741474599999,NaN,NaN,NaN,NaN,NaN,NaN,NaN,NaN,NaN,NaN,1,0,0,0,0,NaN,NaN,12.993326880957198,NaN,NaN,NaN,9.06037982762006,8.931741474599999,NaN,NaN,NaN,NaN,NaN,NaN,NaN,NaN,NaN,NaN,1
2024-06-27T11:43:00-04:00,9.149399353723716,9.149399353723716,9.1,9.115,9.136289786164847,8.99829174494748,9.037302363488182,0,0,19335,19334,0,0,0,0,NaN,NaN,13.036264650800636,NaN,NaN,NaN,9.06037982762006,8.931741474599999,NaN,NaN,NaN,NaN,NaN,NaN,NaN,NaN,NaN,NaN,1,0,0,0,0,NaN,NaN,13.036264650800636,NaN,NaN,NaN,9.06037982762006,8.931741474599999,NaN,NaN,NaN,NaN,NaN,NaN,NaN,NaN,NaN,NaN,1
2024-06-27T11:44:00-04:00,9.132199676861859,9.132199676861859,9.12,9.12,9.133328006862147,9.00014988624599,9.038953674121407,0,0,19335,19334,0,0,0,0,NaN,NaN,13.074217731390245,NaN,NaN,NaN,9.06037982762006,8.931741474599999,NaN,NaN,NaN,NaN,NaN,NaN,NaN,NaN,NaN,NaN,1,0,0,0,0,NaN,NaN,13.074217731390245,NaN,NaN,NaN,9.06037982762006,8.931741474599999,NaN,NaN,NaN,NaN,NaN,NaN,NaN,NaN,NaN,NaN,1
2024-06-27T11:56:00-04:00,9.126099838430928,9.19,9.126099838430928,9.19,9.143632005614483,9.003048361265137,9.041910728269382,0,0,19335,19334,0,0,0,0,NaN,NaN,13.41407575906938,NaN,NaN,NaN,9.06037982762006,8.931741474599999,NaN,NaN,NaN,NaN,NaN,NaN,NaN,NaN,NaN,NaN,1,0,0,0,0,NaN,NaN,13.41407575906938,NaN,NaN,NaN,9.06037982762006,8.931741474599999,NaN,NaN,NaN,NaN,NaN,NaN,NaN,NaN,NaN,NaN,1
2024-06-27T11:57:00-04:00,9.158049919215465,9.19,9.158049919215465,9.19,9.152062550048214,9.005902584757273,9.044754224270354,0,0,19335,19334,0,0,0,0,NaN,NaN,14.08095445690056,NaN,NaN,NaN,9.06037982762006,8.931741474599999,NaN,NaN,NaN,NaN,NaN,NaN,NaN,NaN,NaN,NaN,1,0,0,0,0,NaN,NaN,14.08095445690056,NaN,NaN,NaN,9.06037982762006,8.931741474599999,NaN,NaN,NaN,NaN,NaN,NaN,NaN,NaN,NaN,NaN,1
2024-06-27T12:11:00-04:00,9.174024959607731,9.2,9.174024959607731,9.2,9.160778450039448,9.008865904073955,9.050495562130179,0,0,19335,19334,0,0,0,0,NaN,NaN,14.672570244709895,NaN,NaN,NaN,9.06037982762006,8.931741474599999,NaN,NaN,NaN,NaN,NaN,NaN,NaN,NaN,NaN,NaN,1,0,0,0,0,NaN,NaN,14.672570244709895,NaN,NaN,NaN,9.06037982762006,8.931741474599999,NaN,NaN,NaN,NaN,NaN,NaN,NaN,NaN,NaN,NaN,1
2024-06-27T12:27:00-04:00,9.187012479803865,9.2,9.187012479803865,9.2,9.167909640941366,9.011783981874354,9.05320987654321,1,0,19335,19334,0,0,0,0,NaN,NaN,14.626758791097888,NaN,NaN,NaN,9.06037982762006,8.931741474599999,NaN,NaN,NaN,NaN,NaN,NaN,NaN,NaN,NaN,NaN,1,0,0,0,0,NaN,NaN,14.626758791097888,NaN,NaN,NaN,9.06037982762006,8.931741474599999,NaN,NaN,NaN,NaN,NaN,NaN,NaN,NaN,NaN,NaN,1
2024-06-27T12:28:00-04:00,9.193506239901932,9.193506239901932,9.16,9.16,9.166471524406571,9.014046821845737,9.055114122681884,0,0,19335,19334,0,0,0,0,NaN,NaN,14.168013610535315,NaN,NaN,NaN,9.06037982762006,8.931741474599999,NaN,NaN,NaN,NaN,NaN,NaN,NaN,NaN,NaN,NaN,1,0,0,0,0,NaN,NaN,14.168013610535315,NaN,NaN,NaN,9.06037982762006,8.931741474599999,NaN,NaN,NaN,NaN,NaN,NaN,NaN,NaN,NaN,NaN,1
2024-06-27T12:29:00-04:00,9.176753119950966,9.176753119950966,9.16,9.16,9.165294883605377,9.016275114641985,9.056951646811493,0,0,19335,19334,0,0,0,0,NaN,NaN,14.341042070964614,NaN,NaN,NaN,9.06037982762006,8.931741474599999,NaN,NaN,NaN,NaN,NaN,NaN,NaN,NaN,NaN,NaN,1,0,0,0,0,NaN,NaN,14.341042070964614,NaN,NaN,NaN,9.06037982762006,8.931741474599999,NaN,NaN,NaN,NaN,NaN,NaN,NaN,NaN,NaN,NaN,1
2024-06-27T12:49:00-04:00,9.168376559975483,9.21,9.168376559975483,9.21,9.173423086586217,9.019232746479512,9.0621327014218,0,0,19335,19334,0,0,0,0,NaN,NaN,15.36524808358718,NaN,NaN,NaN,9.06037982762006,8.961334741886002,NaN,NaN,NaN,NaN,NaN,NaN,NaN,NaN,NaN,NaN,1,0,0,0,0,NaN,NaN,15.36524808358718,NaN,NaN,NaN,9.06037982762006,8.961334741886002,NaN,NaN,NaN,NaN,NaN,NaN,NaN,NaN,NaN,NaN,1
2024-06-27T12:51:00-04:00,9.189188279987743,9.189188279987743,9.15,9.15,9.169164343570541,9.021229193098145,9.065009823182711,0,0,19335,19334,0,0,0,0,NaN,NaN,15.835017027567233,NaN,NaN,NaN,9.06037982762006,8.961334741886002,NaN,NaN,NaN,NaN,NaN,NaN,NaN,NaN,NaN,NaN,1,0,0,0,0,NaN,NaN,15.835017027567233,NaN,NaN,NaN,9.06037982762006,8.961334741886002,NaN,NaN,NaN,NaN,NaN,NaN,NaN,NaN,NaN,NaN,1
2024-06-27T12:52:00-04:00,9.169594139993873,9.169594139993873,9.15,9.15,9.165679917466807,9.023195159615732,9.066378865979381,0,0,19335,19334,0,0,0,0,NaN,NaN,16.2598024658544,NaN,NaN,NaN,9.06037982762006,8.961334741886002,NaN,NaN,NaN,NaN,NaN,NaN,NaN,NaN,NaN,NaN,1,0,0,0,0,NaN,NaN,16.2598024658544,NaN,NaN,NaN,9.06037982762006,8.961334741886002,NaN,NaN,NaN,NaN,NaN,NaN,NaN,NaN,NaN,NaN,1
2024-06-27T12:53:00-04:00,9.159797069996937,9.159797069996937,9.145,9.145,9.161919932472843,9.025054775499461,9.068832709113607,0,0,19335,19334,0,0,0,0,NaN,NaN,17.361558903467227,NaN,NaN,NaN,9.06037982762006,8.961334741886002,NaN,NaN,NaN,NaN,NaN,NaN,NaN,NaN,NaN,NaN,1,0,0,0,0,NaN,NaN,17.361558903467227,NaN,NaN,NaN,9.06037982762006,8.961334741886002,NaN,NaN,NaN,NaN,NaN,NaN,NaN,NaN,NaN,NaN,1
2024-06-27T12:54:00-04:00,9.152398534998468,9.16,9.152398534998468,9.16,9.161570853841416,9.027115007934583,9.070233558696989,0,0,19335,19334,0,0,0,0,NaN,NaN,18.627822181662875,NaN,NaN,NaN,9.06037982762006,8.961334741886002,NaN,NaN,NaN,NaN,NaN,NaN,NaN,NaN,NaN,NaN,1,0,0,0,0,NaN,NaN,18.627822181662875,NaN,NaN,NaN,9.06037982762006,8.961334741886002,NaN,NaN,NaN,NaN,NaN,NaN,NaN,NaN,NaN,NaN,1
2024-06-27T13:14:00-04:00,9.156199267499234,9.21,9.156199267499234,9.21,9.170376153142977,9.029907145218024,9.072348668280872,0,0,19335,19334,0,0,0,0,NaN,NaN,20.428532570382718,NaN,NaN,NaN,9.06037982762006,8.961334741886002,NaN,NaN,NaN,NaN,NaN,NaN,NaN,NaN,NaN,NaN,1,0,0,0,0,NaN,NaN,20.428532570382718,NaN,NaN,NaN,9.06037982762006,8.961334741886002,NaN,NaN,NaN,NaN,NaN,NaN,NaN,NaN,NaN,NaN,1
2024-06-27T13:21:00-04:00,9.183099633749617,9.183099633749617,9.08,9.08,9.1539441252988,9.03067192162691,9.072694697298079,0,0,19335,19334,0,0,0,0,NaN,NaN,20.60622221555507,NaN,NaN,NaN,9.06037982762006,8.961334741886002,NaN,NaN,NaN,NaN,NaN,NaN,NaN,NaN,NaN,NaN,1,0,0,0,0,NaN,NaN,20.60622221555507,NaN,NaN,NaN,9.06037982762006,8.961334741886002,NaN,NaN,NaN,NaN,NaN,NaN,NaN,NaN,NaN,NaN,1
2024-06-27T13:45:00-04:00,9.13154981687481,9.22,9.13154981687481,9.22,9.165954284335381,9.03356242664024,9.074792764563453,0,0,19335,19334,0,0,0,0,NaN,NaN,22.507762077276876,NaN,NaN,NaN,9.06037982762006,8.996774572859682,NaN,NaN,NaN,NaN,NaN,NaN,NaN,NaN,NaN,NaN,1,0,0,0,0,NaN,NaN,22.507762077276876,NaN,NaN,NaN,9.06037982762006,8.996774572859682,NaN,NaN,NaN,NaN,NaN,NaN,NaN,NaN,NaN,NaN,1
2024-06-27T14:00:00-04:00,9.175774908437404,9.21,9.175774908437404,9.21,9.173962596274404,9.036256130050312,9.078537598670545,0,0,19335,19334,0,0,0,0,NaN,NaN,24.450150114283993,NaN,NaN,NaN,9.06037982762006,8.996774572859682,NaN,NaN,NaN,NaN,NaN,NaN,NaN,NaN,NaN,NaN,1,0,0,0,0,NaN,NaN,24.450150114283993,NaN,NaN,NaN,9.06037982762006,8.996774572859682,NaN,NaN,NaN,NaN,NaN,NaN,NaN,NaN,NaN,NaN,1
2024-06-27T14:15:00-04:00,9.192887454218702,9.21,9.192887454218702,9.21,9.18051485149724,9.038908708217482,9.080333287802214,0,0,19335,19334,0,0,0,0,NaN,NaN,26.71522330902097,NaN,NaN,NaN,9.06037982762006,8.996774572859682,NaN,NaN,NaN,NaN,NaN,NaN,NaN,NaN,NaN,NaN,1,0,0,0,0,NaN,NaN,26.71522330902097,NaN,NaN,NaN,9.06037982762006,8.996774572859682,NaN,NaN,NaN,NaN,NaN,NaN,NaN,NaN,NaN,NaN,1
2024-06-27T14:42:00-04:00,9.201443727109352,9.24,9.201443727109352,9.24,9.191330333043195,9.04197880427523,9.082484840318017,1,0,19335,19334,0,0,0,0,NaN,NaN,29.503705203470588,NaN,NaN,NaN,9.06037982762006,9.041758386930729,NaN,NaN,NaN,NaN,NaN,NaN,NaN,NaN,NaN,NaN,1,0,0,0,0,NaN,NaN,29.503705203470588,NaN,NaN,NaN,9.06037982762006,9.041758386930729,NaN,NaN,NaN,NaN,NaN,NaN,NaN,NaN,NaN,NaN,1
2024-06-27T14:49:00-04:00,9.220721863554676,9.24,9.220721863554676,9.24,9.200179363398979,9.04500202863744,9.084579178300759,0,0,19335,19334,0,0,0,0,NaN,NaN,32.69491506698865,NaN,NaN,NaN,9.06037982762006,9.041758386930729,NaN,NaN,NaN,NaN,NaN,NaN,NaN,NaN,NaN,NaN,1,0,0,0,0,NaN,NaN,32.69491506698865,NaN,NaN,NaN,9.06037982762006,9.041758386930729,NaN,NaN,NaN,NaN,NaN,NaN,NaN,NaN,NaN,NaN,1
2024-06-27T14:55:00-04:00,9.230360931777337,9.230360931777337,9.23,9.23,9.205601297326437,9.047826425146791,9.086487337619737,0,0,19335,19334,0,0,0,0,NaN,NaN,35.73649079501963,NaN,NaN,NaN,9.06037982762006,9.041758386930729,NaN,NaN,NaN,NaN,NaN,NaN,NaN,NaN,NaN,NaN,1,0,0,0,0,NaN,NaN,35.73649079501963,NaN,NaN,NaN,9.06037982762006,9.041758386930729,NaN,NaN,NaN,NaN,NaN,NaN,NaN,NaN,NaN,NaN,1
2024-06-27T15:01:00-04:00,9.230180465888669,9.24,9.230180465888669,9.24,9.211855606903448,9.050760372854473,9.088475586063982,1,0,19335,19334,0,0,0,0,NaN,NaN,39.13647220624784,NaN,NaN,NaN,9.06037982762006,9.041758386930729,NaN,NaN,NaN,NaN,NaN,NaN,NaN,NaN,NaN,NaN,1,0,0,0,0,NaN,NaN,39.13647220624784,NaN,NaN,NaN,9.06037982762006,9.041758386930729,NaN,NaN,NaN,NaN,NaN,NaN,NaN,NaN,NaN,NaN,1
2024-06-27T15:07:00-04:00,9.235090232944334,9.235090232944334,9.19,9.19,9.20788186019373,9.052886168688756,9.089773686229384,0,0,19335,19334,0,0,0,0,NaN,NaN,41.85407594298067,NaN,NaN,NaN,9.06037982762006,9.041758386930729,NaN,NaN,NaN,NaN,NaN,NaN,NaN,NaN,NaN,NaN,1,0,0,0,0,NaN,NaN,41.85407594298067,NaN,NaN,NaN,9.06037982762006,9.041758386930729,NaN,NaN,NaN,NaN,NaN,NaN,NaN,NaN,NaN,NaN,1
2024-06-27T15:13:00-04:00,9.212545116472167,9.212545116472167,9.18,9.18,9.202812431067597,9.054826837869081,9.090912763539958,0,0,19335,19334,0,0,0,0,NaN,NaN,45.37133046078425,NaN,NaN,NaN,9.06037982762006,9.041758386930729,NaN,NaN,NaN,NaN,NaN,NaN,NaN,NaN,NaN,NaN,1,0,0,0,0,NaN,NaN,45.37133046078425,NaN,NaN,NaN,9.06037982762006,9.041758386930729,NaN,NaN,NaN,NaN,NaN,NaN,NaN,NaN,NaN,NaN,1
2024-06-27T15:23:00-04:00,9.196272558236084,9.196272558236084,9.19,9.19,9.200482898146216,9.056890550268026,9.09214811120808,0,0,19335,19334,0,0,0,0,NaN,NaN,45.21490322540841,NaN,NaN,NaN,9.06037982762006,9.041758386930729,NaN,NaN,NaN,NaN,NaN,NaN,NaN,NaN,NaN,NaN,1,0,0,0,0,NaN,NaN,45.21490322540841,NaN,NaN,NaN,9.06037982762006,9.041758386930729,NaN,NaN,NaN,NaN,NaN,NaN,NaN,NaN,NaN,NaN,1
2024-06-27T15:32:00-04:00,9.193136279118042,9.23,9.19,9.21,9.20221328030145,9.059228099118895,9.095015204962902,0,0,19335,19334,0,0,0,0,NaN,NaN,44.87159261419582,NaN,NaN,NaN,9.06037982762006,9.041758386930729,NaN,NaN,NaN,NaN,NaN,NaN,NaN,NaN,NaN,NaN,1,0,0,0,0,NaN,NaN,44.87159261419582,NaN,NaN,NaN,9.06037982762006,9.041758386930729,NaN,NaN,NaN,NaN,NaN,NaN,NaN,NaN,NaN,NaN,1
2024-06-27T15:35:00-04:00,9.201568139559022,9.201568139559022,9.17,9.17,9.196356320246641,9.060919273178149,9.095916356207187,0,0,19335,19334,0,0,0,0,NaN,NaN,44.04963126366288,NaN,NaN,NaN,9.06037982762006,9.041758386930729,NaN,NaN,NaN,NaN,NaN,NaN,NaN,NaN,NaN,NaN,1,0,0,0,0,NaN,NaN,44.04963126366288,NaN,NaN,NaN,9.06037982762006,9.041758386930729,NaN,NaN,NaN,NaN,NaN,NaN,NaN,NaN,NaN,NaN,1
2024-06-27T15:43:00-04:00,9.185784069779512,9.185784069779512,9.18,9.18,9.19338244383816,9.06273729954184,9.096914855717849,0,0,19335,19334,0,0,0,0,NaN,NaN,44.335050086327136,NaN,NaN,NaN,9.06037982762006,9.041758386930729,NaN,NaN,NaN,NaN,NaN,NaN,NaN,NaN,NaN,NaN,1,0,0,0,0,NaN,NaN,44.335050086327136,NaN,NaN,NaN,9.06037982762006,9.041758386930729,NaN,NaN,NaN,NaN,NaN,NaN,NaN,NaN,NaN,NaN,1
2024-06-27T15:49:00-04:00,9.182892034889756,9.185,9.182892034889756,9.185,9.191858363140314,9.064603905655705,9.102773528433655,0,0,19335,19334,0,0,0,0,NaN,NaN,45.12718313834664,NaN,NaN,NaN,9.06037982762006,9.041758386930729,NaN,NaN,NaN,NaN,NaN,NaN,NaN,NaN,NaN,NaN,1,0,0,0,0,NaN,NaN,45.12718313834664,NaN,NaN,NaN,9.06037982762006,9.041758386930729,NaN,NaN,NaN,NaN,NaN,NaN,NaN,NaN,NaN,NaN,1
2024-06-27T15:52:00-04:00,9.183946017444878,9.2,9.183946017444878,9.2,9.193338660751166,9.066671021599893,9.103839491283852,0,0,19335,19334,0,0,0,0,NaN,NaN,46.82431147643954,NaN,NaN,NaN,9.06037982762006,9.041758386930729,NaN,NaN,NaN,NaN,NaN,NaN,NaN,NaN,NaN,NaN,1,0,0,0,0,NaN,NaN,46.82431147643954,NaN,NaN,NaN,9.06037982762006,9.041758386930729,NaN,NaN,NaN,NaN,NaN,NaN,NaN,NaN,NaN,NaN,1
2024-06-27T15:56:00-04:00,9.191973008722439,9.24,9.191973008722439,9.24,9.201822540614591,9.069317265544933,9.105316126233598,0,0,19335,19334,0,0,0,0,NaN,NaN,50.68467761279919,NaN,NaN,NaN,9.06037982762006,9.041758386930729,NaN,NaN,NaN,NaN,NaN,NaN,NaN,NaN,NaN,NaN,1,0,0,0,0,NaN,NaN,50.68467761279919,NaN,NaN,NaN,9.06037982762006,9.041758386930729,NaN,NaN,NaN,NaN,NaN,NaN,NaN,NaN,NaN,NaN,1
2024-06-27T15:57:00-04:00,9.215986504361219,9.215986504361219,9.2,9.2,9.201491169593757,9.071312421796156,9.10655249919726,0,0,19335,19334,0,0,0,0,NaN,NaN,53.8047243774046,NaN,NaN,NaN,9.06037982762006,9.041758386930729,NaN,NaN,NaN,NaN,NaN,NaN,NaN,NaN,NaN,NaN,1,0,0,0,0,NaN,NaN,53.8047243774046,NaN,NaN,NaN,9.06037982762006,9.041758386930729,NaN,NaN,NaN,NaN,NaN,NaN,NaN,NaN,NaN,NaN,1
2024-06-27T15:58:00-04:00,9.207993252180609,9.25,9.207993252180609,9.245000000000001,9.209401866031255,9.07396414054736,9.110859690967542,1,0,19335,19334,0,0,0,0,NaN,NaN,53.9372314355398,NaN,NaN,NaN,9.06037982762006,9.080391877283198,NaN,NaN,NaN,NaN,NaN,NaN,NaN,NaN,NaN,NaN,1,0,0,0,0,NaN,NaN,53.9372314355398,NaN,NaN,NaN,9.06037982762006,9.080391877283198,NaN,NaN,NaN,NaN,NaN,NaN,NaN,NaN,NaN,NaN,1
2024-06-27T15:59:00-04:00,9.226496626090306,9.25,9.21,9.23,9.2131469812983,9.076346367409233,9.113327917132121,0,0,19335,19334,0,0,0,0,NaN,NaN,52.15791488349302,NaN,NaN,NaN,9.06037982762006,9.080391877283198,NaN,NaN,NaN,NaN,NaN,NaN,NaN,NaN,NaN,NaN,1,0,0,0,0,NaN,NaN,52.15791488349302,NaN,NaN,NaN,9.06037982762006,9.080391877283198,NaN,NaN,NaN,NaN,NaN,NaN,NaN,NaN,NaN,NaN,1
2024-06-27T16:00:00-04:00,9.228248313045153,9.228248313045153,9.16,9.16,9.203483893789517,9.077623522105275,9.115945168711658,0,0,19335,19334,0,0,0,0,NaN,NaN,49.92902701286672,NaN,NaN,NaN,9.06037982762006,9.080391877283198,NaN,NaN,NaN,NaN,NaN,NaN,NaN,NaN,NaN,NaN,1,0,0,0,0,NaN,NaN,49.92902701286672,NaN,NaN,NaN,9.06037982762006,9.080391877283198,NaN,NaN,NaN,NaN,NaN,NaN,NaN,NaN,NaN,NaN,1
2024-06-28T09:31:00-04:00,9.194124156522577,9.201,9.194124156522577,9.2005,9.202941367645968,9.079499498867026,9.2005,0,0,19335,19334,0,0,0,0,NaN,NaN,48.48278322927871,NaN,NaN,NaN,9.06037982762006,9.080391877283198,NaN,NaN,NaN,NaN,NaN,NaN,NaN,NaN,NaN,NaN,1,0,0,0,0,NaN,NaN,48.48278322927871,NaN,NaN,NaN,9.06037982762006,9.080391877283198,NaN,NaN,NaN,NaN,NaN,NaN,NaN,NaN,NaN,NaN,1
2024-06-28T09:35:00-04:00,9.197312078261287,9.21,9.19,9.2,9.202406573528519,9.0813392011744,9.20033552631579,0,0,19335,19334,0,0,0,0,NaN,NaN,46.91143911009786,NaN,NaN,NaN,9.06037982762006,9.080391877283198,NaN,NaN,NaN,NaN,NaN,NaN,NaN,NaN,NaN,NaN,1,0,0,0,0,NaN,NaN,46.91143911009786,NaN,NaN,NaN,9.06037982762006,9.080391877283198,NaN,NaN,NaN,NaN,NaN,NaN,NaN,NaN,NaN,NaN,1
2024-06-28T11:34:00-04:00,9.198656039130643,9.198656039130643,9.101,9.1055,9.184787196523333,9.081708068332043,9.157539711191335,0,0,19335,19334,0,0,0,0,NaN,NaN,42.175069864030895,NaN,NaN,NaN,9.06037982762006,9.080391877283198,NaN,NaN,NaN,NaN,NaN,NaN,NaN,NaN,NaN,NaN,1,0,0,0,0,NaN,NaN,42.175069864030895,NaN,NaN,NaN,9.06037982762006,9.080391877283198,NaN,NaN,NaN,NaN,NaN,NaN,NaN,NaN,NaN,NaN,1
2024-06-28T13:44:00-04:00,9.152078019565321,9.152078019565321,9.1,9.100025,9.169375888064545,9.081987716143768,9.125721088709678,0,0,19335,19334,0,0,0,0,NaN,NaN,37.20859395732623,NaN,NaN,NaN,9.06037982762006,9.080391877283198,NaN,NaN,NaN,NaN,NaN,NaN,NaN,NaN,NaN,NaN,1,0,0,0,0,NaN,NaN,37.20859395732623,NaN,NaN,NaN,9.06037982762006,9.080391877283198,NaN,NaN,NaN,NaN,NaN,NaN,NaN,NaN,NaN,NaN,1
2024-06-28T13:50:00-04:00,9.12605150978266,9.12605150978266,9.1,9.1,9.156762090234627,9.082262712843864,9.120334172776538,0,0,19335,19334,0,0,0,0,NaN,NaN,32.82228115327938,NaN,NaN,NaN,9.06037982762006,9.080391877283198,NaN,NaN,NaN,NaN,NaN,NaN,NaN,NaN,NaN,NaN,1,0,0,0,0,NaN,NaN,32.82228115327938,NaN,NaN,NaN,9.06037982762006,9.080391877283198,NaN,NaN,NaN,NaN,NaN,NaN,NaN,NaN,NaN,NaN,1
2024-06-28T13:51:00-04:00,9.11302575489133,9.11302575489133,9.1,9.1,9.146441710191969,9.082533511121056,9.113798031581226,0,0,19335,19334,0,0,0,0,NaN,NaN,28.384883912546233,NaN,NaN,NaN,9.06037982762006,9.080391877283198,NaN,NaN,NaN,NaN,NaN,NaN,NaN,NaN,NaN,NaN,1,0,0,0,0,NaN,NaN,28.384883912546233,NaN,NaN,NaN,9.06037982762006,9.080391877283198,NaN,NaN,NaN,NaN,NaN,NaN,NaN,NaN,NaN,NaN,1
2024-06-28T14:16:00-04:00,9.106512877445665,9.106512877445665,9.1,9.1,9.137997762884337,9.082800175073407,9.113228598092078,0,0,19335,19334,0,0,0,0,NaN,NaN,23.234657773271667,NaN,NaN,NaN,9.06037982762006,9.080391877283198,NaN,NaN,NaN,NaN,NaN,NaN,NaN,NaN,NaN,NaN,1,0,0,0,0,NaN,NaN,23.234657773271667,NaN,NaN,NaN,9.06037982762006,9.080391877283198,NaN,NaN,NaN,NaN,NaN,NaN,NaN,NaN,NaN,NaN,1
2024-06-28T14:24:00-04:00,9.103256438722832,9.103256438722832,9.1,9.1,9.131089078723548,9.083062767820378,9.112959833401057,0,0,19335,19334,0,0,0,0,NaN,NaN,18.82425271472219,NaN,NaN,NaN,9.06037982762006,9.080391877283198,NaN,NaN,NaN,NaN,NaN,NaN,NaN,NaN,NaN,NaN,1,0,0,0,0,NaN,NaN,18.82425271472219,NaN,NaN,NaN,9.06037982762006,9.080391877283198,NaN,NaN,NaN,NaN,NaN,NaN,NaN,NaN,NaN,NaN,1
2024-06-28T16:00:00-04:00,9.101628219361416,9.101628219361416,9.1,9.1,9.12543651895563,9.083321351517776,9.10921529904652,0,0,19335,19334,0,0,0,0,NaN,NaN,14.51645437888181,NaN,NaN,NaN,9.06037982762006,9.080391877283198,NaN,NaN,NaN,NaN,NaN,NaN,NaN,NaN,NaN,NaN,1,0,0,0,0,NaN,NaN,14.51645437888181,NaN,NaN,NaN,9.06037982762006,9.080391877283198,NaN,NaN,NaN,NaN,NaN,NaN,NaN,NaN,NaN,NaN,1
2024-06-28T16:28:00-04:00,9.100814109680709,9.100814109680709,9.017,9.017,9.105720788236424,9.082308811799948,9.104177588090685,0,0,19335,19334,0,0,0,0,NaN,NaN,7.635395901200881,NaN,NaN,NaN,9.06037982762006,9.080391877283198,NaN,NaN,NaN,NaN,NaN,NaN,NaN,NaN,NaN,NaN,1,0,0,0,0,NaN,NaN,7.635395901200881,NaN,NaN,NaN,9.06037982762006,9.080391877283198,NaN,NaN,NaN,NaN,NaN,NaN,NaN,NaN,NaN,NaN,1
2024-07-01T09:30:00-04:00,9.058907054840354,9.09,9.058907054840354,9.09,9.102862463102529,9.08242623452056,9.09,0,0,19335,19334,0,0,0,0,NaN,NaN,3.5955059562958587,NaN,NaN,NaN,9.06037982762006,9.080391877283198,NaN,NaN,NaN,NaN,NaN,NaN,NaN,NaN,NaN,NaN,1,0,0,0,0,NaN,NaN,3.5955059562958587,NaN,NaN,NaN,9.06037982762006,9.080391877283198,NaN,NaN,NaN,NaN,NaN,NaN,NaN,NaN,NaN,NaN,1
2024-07-01T09:45:00-04:00,9.074453527420177,9.1208,9.074453527420177,9.1208,9.106123833447523,9.083012093535512,9.09964255319149,0,0,19335,19334,0,0,0,0,NaN,NaN,1.6219567924312026,NaN,NaN,NaN,9.06037982762006,9.080391877283198,NaN,NaN,NaN,NaN,NaN,NaN,NaN,NaN,NaN,NaN,1,0,0,0,0,NaN,NaN,1.6219567924312026,NaN,NaN,NaN,9.06037982762006,9.080391877283198,NaN,NaN,NaN,NaN,NaN,NaN,NaN,NaN,NaN,NaN,1
2024-07-01T09:48:00-04:00,9.097626763710089,9.1,9.097626763710089,9.1,9.105010409184336,9.083271450886114,9.09967543698252,0,0,19335,19334,0,0,0,0,NaN,NaN,0.2079984574922891,NaN,NaN,NaN,9.06037982762006,9.080391877283198,NaN,NaN,NaN,NaN,NaN,NaN,NaN,NaN,NaN,NaN,1,0,0,0,0,NaN,NaN,0.2079984574922891,NaN,NaN,NaN,9.06037982762006,9.080391877283198,NaN,NaN,NaN,NaN,NaN,NaN,NaN,NaN,NaN,NaN,1
2024-07-01T10:02:00-04:00,9.098813381855045,9.098813381855045,9.08,9.08,9.100463062059912,9.083221505071059,9.086397606939874,0,0,19335,19334,0,0,0,0,NaN,NaN,0.07811177031159422,NaN,NaN,NaN,9.06037982762006,9.080391877283198,NaN,NaN,NaN,NaN,NaN,NaN,NaN,NaN,NaN,NaN,1,0,0,0,0,NaN,NaN,0.07811177031159422,NaN,NaN,NaN,9.06037982762006,9.080391877283198,NaN,NaN,NaN,NaN,NaN,NaN,NaN,NaN,NaN,NaN,1
2024-07-01T10:32:00-04:00,9.089406690927522,9.09,9.089406690927522,9.09,9.098560687139928,9.083324993543256,9.086518415727088,0,0,19335,19334,0,0,0,0,NaN,NaN,0.0248313463366911,NaN,NaN,NaN,9.06037982762006,9.080391877283198,NaN,NaN,NaN,NaN,NaN,NaN,NaN,NaN,NaN,NaN,1,0,0,0,0,NaN,NaN,0.0248313463366911,NaN,NaN,NaN,9.06037982762006,9.080391877283198,NaN,NaN,NaN,NaN,NaN,NaN,NaN,NaN,NaN,NaN,1
2024-07-01T11:33:00-04:00,9.08970334546376,9.08970334546376,8.97,8.97,9.07518601675085,9.081594840970077,9.083244506883956,0,1,19335,19334,0,0,0,0,NaN,NaN,0.15538425226748834,NaN,NaN,NaN,9.06037982762006,9.080391877283198,NaN,NaN,NaN,NaN,NaN,NaN,NaN,NaN,NaN,NaN,1,0,0,0,0,NaN,NaN,0.15538425226748834,NaN,NaN,NaN,9.06037982762006,9.080391877283198,NaN,NaN,NaN,NaN,NaN,NaN,NaN,NaN,NaN,NaN,1
2024-07-01T12:09:00-04:00,9.02985167273188,9.02985167273188,8.97,8.97,9.056061286432513,9.07989110294,9.073795312902396,0,0,19335,19405,0,0,0,0,NaN,NaN,2.4329898807461356,NaN,NaN,NaN,9.06037982762006,9.080391877283198,NaN,NaN,NaN,NaN,NaN,NaN,NaN,NaN,NaN,NaN,1,0,0,0,0,NaN,NaN,2.4329898807461356,NaN,NaN,NaN,9.06037982762006,9.080391877283198,NaN,NaN,NaN,NaN,NaN,NaN,NaN,NaN,NaN,NaN,1
2024-07-01T12:48:00-04:00,8.99992583636594,8.99992583636594,8.97,8.97,9.04041377980842,9.078213376177557,9.070608387418872,0,0,19335,19406,0,0,0,0,NaN,NaN,7.147761381747155,NaN,NaN,NaN,9.06037982762006,9.080391877283198,NaN,NaN,NaN,NaN,NaN,NaN,NaN,NaN,NaN,NaN,1,0,0,0,0,NaN,NaN,7.147761381747155,NaN,NaN,NaN,9.06037982762006,9.080391877283198,NaN,NaN,NaN,NaN,NaN,NaN,NaN,NaN,NaN,NaN,1
2024-07-01T13:23:00-04:00,8.984962918182969,8.984962918182969,8.925,8.925,9.01942945620689,9.075874240663396,9.067062152946907,0,0,19335,19407,0,0,0,0,NaN,NaN,9.441787591776858,NaN,NaN,NaN,9.06037982762006,9.080391877283198,NaN,NaN,NaN,NaN,NaN,NaN,NaN,NaN,NaN,NaN,1,0,0,0,0,NaN,NaN,9.441787591776858,NaN,NaN,NaN,9.06037982762006,9.080391877283198,NaN,NaN,NaN,NaN,NaN,NaN,NaN,NaN,NaN,NaN,1
2024-07-01T13:25:00-04:00,8.954981459091485,8.96,8.954981459091485,8.9575,9.008169555078364,9.074067000347924,9.059602178847026,0,0,19335,19408,0,0,0,0,NaN,NaN,12.512374065394614,NaN,NaN,NaN,9.06037982762006,9.080391877283198,NaN,NaN,NaN,NaN,NaN,NaN,NaN,NaN,NaN,NaN,1,0,0,0,0,NaN,NaN,12.512374065394614,NaN,NaN,NaN,9.06037982762006,9.080391877283198,NaN,NaN,NaN,NaN,NaN,NaN,NaN,NaN,NaN,NaN,1
2024-07-01T13:27:00-04:00,8.956240729545742,9,8.956240729545742,9,9.006684181427753,9.072936206449482,9.056608579435222,0,0,19335,19409,0,0,0,0,NaN,NaN,14.614156724198585,NaN,NaN,NaN,9.06037982762006,9.080391877283198,NaN,NaN,NaN,NaN,NaN,NaN,NaN,NaN,NaN,NaN,1,0,0,0,0,NaN,NaN,14.614156724198585,NaN,NaN,NaN,9.06037982762006,9.080391877283198,NaN,NaN,NaN,NaN,NaN,NaN,NaN,NaN,NaN,NaN,1
2024-07-01T13:43:00-04:00,8.97812036477287,9.055,8.97812036477287,9.055,9.015468875713616,9.072662371236513,9.056574635999155,0,0,19335,19410,0,0,0,0,NaN,NaN,16.107976327220037,NaN,NaN,NaN,9.06037982762006,9.080391877283198,NaN,NaN,NaN,NaN,NaN,NaN,NaN,NaN,NaN,NaN,1,0,0,0,0,NaN,NaN,16.107976327220037,NaN,NaN,NaN,9.06037982762006,9.080391877283198,NaN,NaN,NaN,NaN,NaN,NaN,NaN,NaN,NaN,NaN,1
2024-07-01T14:16:00-04:00,9.016560182386435,9.06,9.016560182386435,9.06,9.023565443765685,9.07246905259168,9.057128970640255,0,0,19335,19411,0,0,0,0,NaN,NaN,17.253132329490253,NaN,NaN,NaN,9.06037982762006,9.080391877283198,NaN,NaN,NaN,NaN,NaN,NaN,NaN,NaN,NaN,NaN,1,0,0,0,0,NaN,NaN,17.253132329490253,NaN,NaN,NaN,9.06037982762006,9.080391877283198,NaN,NaN,NaN,NaN,NaN,NaN,NaN,NaN,NaN,NaN,1
2024-07-01T14:22:00-04:00,9.038280091193219,9.1,9.038280091193219,9.1,9.037462635808287,9.072889372399441,9.057874035453597,0,0,19335,19412,0,0,0,0,NaN,NaN,16.74380617449918,NaN,NaN,NaN,9.06037982762006,9.080391877283198,NaN,NaN,NaN,NaN,NaN,NaN,NaN,NaN,NaN,NaN,1,0,0,0,0,NaN,NaN,16.74380617449918,NaN,NaN,NaN,9.06037982762006,9.080391877283198,NaN,NaN,NaN,NaN,NaN,NaN,NaN,NaN,NaN,NaN,1
2024-07-01T14:23:00-04:00,9.069140045596608,9.1,9.069140045596608,9.1,9.048833065661325,9.0733032751109,9.061291472373044,0,0,19335,19413,0,0,0,0,NaN,NaN,16.180950925370453,NaN,NaN,NaN,9.06037982762006,9.080391877283198,NaN,NaN,NaN,NaN,NaN,NaN,NaN,NaN,NaN,NaN,1,0,0,0,0,NaN,NaN,16.180950925370453,NaN,NaN,NaN,9.06037982762006,9.080391877283198,NaN,NaN,NaN,NaN,NaN,NaN,NaN,NaN,NaN,NaN,1
2024-07-01T14:35:00-04:00,9.084570022798303,9.12,9.084570022798303,9.12,9.061772508268357,9.074016202208444,9.062314012239135,0,0,19335,19414,0,0,0,0,NaN,NaN,23.520912353490985,NaN,NaN,NaN,9.06037982762006,9.080391877283198,NaN,NaN,NaN,NaN,NaN,NaN,NaN,NaN,NaN,NaN,1,0,0,0,0,NaN,NaN,23.520912353490985,NaN,NaN,NaN,9.06037982762006,9.080391877283198,NaN,NaN,NaN,NaN,NaN,NaN,NaN,NaN,NaN,NaN,1
2024-07-01T14:38:00-04:00,9.10228501139915,9.10228501139915,9.1004,9.1004,9.0687956885832,9.074419008281598,9.063472873877986,0,0,19335,19415,0,0,0,0,NaN,NaN,30.176209527517646,NaN,NaN,NaN,9.06037982762006,9.080391877283198,NaN,NaN,NaN,NaN,NaN,NaN,NaN,NaN,NaN,NaN,1,0,0,0,0,NaN,NaN,30.176209527517646,NaN,NaN,NaN,9.06037982762006,9.080391877283198,NaN,NaN,NaN,NaN,NaN,NaN,NaN,NaN,NaN,NaN,1
2024-07-01T14:40:00-04:00,9.101342505699575,9.101342505699575,9.1,9.1,9.074469199749892,9.074809557773483,9.064551483832867,0,0,19335,19416,0,0,0,0,NaN,NaN,29.97571974710196,NaN,NaN,NaN,9.06037982762006,9.080391877283198,NaN,NaN,NaN,NaN,NaN,NaN,NaN,NaN,NaN,NaN,1,0,0,0,0,NaN,NaN,29.97571974710196,NaN,NaN,NaN,9.06037982762006,9.080391877283198,NaN,NaN,NaN,NaN,NaN,NaN,NaN,NaN,NaN,NaN,1
2024-07-01T14:43:00-04:00,9.100671252849788,9.100671252849788,9.1,9.1,9.07911116343173,9.075194144677704,9.066988477932078,0,0,19335,19417,0,0,0,0,NaN,NaN,29.85337141412949,NaN,NaN,NaN,9.06037982762006,9.080391877283198,NaN,NaN,NaN,NaN,NaN,NaN,NaN,NaN,NaN,NaN,1,0,0,0,0,NaN,NaN,29.85337141412949,NaN,NaN,NaN,9.06037982762006,9.080391877283198,NaN,NaN,NaN,NaN,NaN,NaN,NaN,NaN,NaN,NaN,1
2024-07-01T14:46:00-04:00,9.100335626424894,9.100335626424894,9.1,9.1,9.08290913371687,9.075572860026137,9.067620660822657,0,0,19335,19418,0,0,0,0,NaN,NaN,30.98323142430678,NaN,NaN,NaN,9.06037982762006,9.080391877283198,NaN,NaN,NaN,NaN,NaN,NaN,NaN,NaN,NaN,NaN,1,0,0,0,0,NaN,NaN,30.98323142430678,NaN,NaN,NaN,9.06037982762006,9.080391877283198,NaN,NaN,NaN,NaN,NaN,NaN,NaN,NaN,NaN,NaN,1
2024-07-01T14:50:00-04:00,9.100167813212447,9.101,9.100167813212447,9.101,9.086198382131984,9.075961060636425,9.068112968376296,0,0,19335,19419,0,0,0,0,NaN,NaN,32.06203784872252,NaN,NaN,NaN,9.06037982762006,9.080391877283198,NaN,NaN,NaN,NaN,NaN,NaN,NaN,NaN,NaN,NaN,1,0,0,0,0,NaN,NaN,32.06203784872252,NaN,NaN,NaN,9.06037982762006,9.080391877283198,NaN,NaN,NaN,NaN,NaN,NaN,NaN,NaN,NaN,NaN,1
2024-07-01T14:51:00-04:00,9.100583906606225,9.115,9.1,9.1038,9.089398676289806,9.076386082611442,9.077744450911913,0,0,19335,19420,0,0,0,0,NaN,NaN,33.81700478464019,NaN,NaN,NaN,9.06037982762006,9.080391877283198,NaN,NaN,NaN,NaN,NaN,NaN,NaN,NaN,NaN,NaN,1,0,0,0,0,NaN,NaN,33.81700478464019,NaN,NaN,NaN,9.06037982762006,9.080391877283198,NaN,NaN,NaN,NaN,NaN,NaN,NaN,NaN,NaN,NaN,1
2024-07-01T15:25:00-04:00,9.102191953303112,9.11,9.102191953303112,9.11,9.09314437150984,9.076899272189893,9.078054362029208,0,0,19335,19421,0,0,0,0,NaN,NaN,34.21749096868584,NaN,NaN,NaN,9.06037982762006,9.080391877283198,NaN,NaN,NaN,NaN,NaN,NaN,NaN,NaN,NaN,NaN,1,0,0,0,0,NaN,NaN,34.21749096868584,NaN,NaN,NaN,9.06037982762006,9.080391877283198,NaN,NaN,NaN,NaN,NaN,NaN,NaN,NaN,NaN,NaN,1
2024-07-01T15:27:00-04:00,9.106095976651556,9.11,9.106095976651556,9.11,9.096209031235324,9.077404626812948,9.078358374571755,0,0,19335,19422,0,0,0,0,NaN,NaN,34.58115575267962,NaN,NaN,NaN,9.06037982762006,9.080391877283198,NaN,NaN,NaN,NaN,NaN,NaN,NaN,NaN,NaN,NaN,1,0,0,0,0,NaN,NaN,34.58115575267962,NaN,NaN,NaN,9.06037982762006,9.080391877283198,NaN,NaN,NaN,NaN,NaN,NaN,NaN,NaN,NaN,NaN,1
2024-07-01T15:31:00-04:00,9.108047988325778,9.12,9.108047988325778,9.12,9.10053466191981,9.078054937853972,9.078801412296395,0,0,19335,19423,0,0,0,0,NaN,NaN,34.56282230928424,NaN,NaN,NaN,9.06037982762006,9.080391877283198,NaN,NaN,NaN,NaN,NaN,NaN,NaN,NaN,NaN,NaN,1,0,0,0,0,NaN,NaN,34.56282230928424,NaN,NaN,NaN,9.06037982762006,9.080391877283198,NaN,NaN,NaN,NaN,NaN,NaN,NaN,NaN,NaN,NaN,1
2024-07-01T15:34:00-04:00,9.114023994162888,9.125,9.114023994162888,9.125,9.104982905207116,9.078771656360018,9.07923232907378,0,0,19335,19424,0,0,0,0,NaN,NaN,34.33616108792173,NaN,NaN,NaN,9.06037982762006,9.080391877283198,NaN,NaN,NaN,NaN,NaN,NaN,NaN,NaN,NaN,NaN,1,0,0,0,0,NaN,NaN,34.33616108792173,NaN,NaN,NaN,9.06037982762006,9.080391877283198,NaN,NaN,NaN,NaN,NaN,NaN,NaN,NaN,NaN,NaN,1
2024-07-01T15:37:00-04:00,9.119511997081444,9.13,9.119511997081444,9.13,9.109531467896732,9.079553768476659,9.083563672041635,0,0,19335,19425,0,0,0,0,NaN,NaN,33.90303061803384,NaN,NaN,NaN,9.06037982762006,9.080391877283198,NaN,NaN,NaN,NaN,NaN,NaN,NaN,NaN,NaN,NaN,1,0,0,0,0,NaN,NaN,33.90303061803384,NaN,NaN,NaN,9.06037982762006,9.080391877283198,NaN,NaN,NaN,NaN,NaN,NaN,NaN,NaN,NaN,NaN,1
2024-07-01T15:49:00-04:00,9.124755998540723,9.13,9.124755998540723,9.13,9.113253019188235,9.080323939950297,9.083956501142035,0,0,19335,19426,0,0,0,0,NaN,NaN,34.815004932449135,NaN,NaN,NaN,9.06037982762006,9.080391877283198,NaN,NaN,NaN,NaN,NaN,NaN,NaN,NaN,NaN,NaN,1,0,0,0,0,NaN,NaN,34.815004932449135,NaN,NaN,NaN,9.06037982762006,9.080391877283198,NaN,NaN,NaN,NaN,NaN,NaN,NaN,NaN,NaN,NaN,1
2024-07-01T15:51:00-04:00,9.127377999270362,9.13,9.127377999270362,9.13,9.116297924790375,9.081082353080827,9.08437718357083,0,0,19335,19427,0,0,0,0,NaN,NaN,35.54363438399966,NaN,NaN,NaN,9.06037982762006,9.080391877283198,NaN,NaN,NaN,NaN,NaN,NaN,NaN,NaN,NaN,NaN,1,0,0,0,0,NaN,NaN,35.54363438399966,NaN,NaN,NaN,9.06037982762006,9.080391877283198,NaN,NaN,NaN,NaN,NaN,NaN,NaN,NaN,NaN,NaN,1
2024-07-01T15:57:00-04:00,9.12868899963518,9.14,9.12868899963518,9.14,9.120607393010307,9.081981859140662,9.086777333974977,0,0,19335,19428,0,0,0,0,NaN,NaN,33.42880605221151,NaN,NaN,NaN,9.06037982762006,9.080391877283198,NaN,NaN,NaN,NaN,NaN,NaN,NaN,NaN,NaN,NaN,1,0,0,0,0,NaN,NaN,33.42880605221151,NaN,NaN,NaN,9.06037982762006,9.080391877283198,NaN,NaN,NaN,NaN,NaN,NaN,NaN,NaN,NaN,NaN,1
2024-07-01T15:58:00-04:00,9.13434449981759,9.15,9.13434449981759,9.14875,9.125724230644796,9.083001220069812,9.094224899442523,0,0,19335,19429,0,0,0,0,NaN,NaN,30.984633243900774,NaN,NaN,NaN,9.06037982762006,9.080391877283198,NaN,NaN,NaN,NaN,NaN,NaN,NaN,NaN,NaN,NaN,1,0,0,0,0,NaN,NaN,30.984633243900774,NaN,NaN,NaN,9.06037982762006,9.080391877283198,NaN,NaN,NaN,NaN,NaN,NaN,NaN,NaN,NaN,NaN,1
2024-07-01T15:59:00-04:00,9.141547249908795,9.145,9.14,9.1425,9.12877437052756,9.083909598389358,9.094900052184803,0,0,19335,19430,0,0,0,0,NaN,NaN,28.54521703006868,NaN,NaN,NaN,9.06037982762006,9.080391877283198,NaN,NaN,NaN,NaN,NaN,NaN,NaN,NaN,NaN,NaN,1,0,0,0,0,NaN,NaN,28.54521703006868,NaN,NaN,NaN,9.06037982762006,9.080391877283198,NaN,NaN,NaN,NaN,NaN,NaN,NaN,NaN,NaN,NaN,1
2024-07-02T09:30:00-04:00,9.142023624954398,9.3,9.142023624954398,9.3,9.159906303158913,9.087208688490284,9.3,1,0,19431,19430,0,0,0,0,NaN,NaN,19.646025596106576,NaN,NaN,NaN,9.06037982762006,9.148234583053727,NaN,NaN,NaN,NaN,NaN,NaN,NaN,NaN,NaN,NaN,1,0,0,0,0,NaN,NaN,19.646025596106576,NaN,NaN,NaN,9.06037982762006,9.148234583053727,NaN,NaN,NaN,NaN,NaN,NaN,NaN,NaN,NaN,NaN,1
2024-07-02T09:47:00-04:00,9.2210118124772,9.2210118124772,9.16,9.16,9.159923338948202,9.088320006223256,9.259016393442623,0,0,19431,19430,0,0,0,0,NaN,NaN,18.169171804102064,NaN,NaN,NaN,9.06037982762006,9.148234583053727,NaN,NaN,NaN,NaN,NaN,NaN,NaN,NaN,NaN,NaN,1,0,0,0,0,NaN,NaN,18.169171804102064,NaN,NaN,NaN,9.06037982762006,9.148234583053727,NaN,NaN,NaN,NaN,NaN,NaN,NaN,NaN,NaN,NaN,1
2024-07-02T09:56:00-04:00,9.190505906238599,9.190505906238599,9.14,9.145,9.157210004593983,9.089185349639695,9.215686025408349,0,0,19431,19430,0,0,0,0,NaN,NaN,17.165764451239028,NaN,NaN,NaN,9.06037982762006,9.148234583053727,NaN,NaN,NaN,NaN,NaN,NaN,NaN,NaN,NaN,NaN,1,0,0,0,0,NaN,NaN,17.165764451239028,NaN,NaN,NaN,9.06037982762006,9.148234583053727,NaN,NaN,NaN,NaN,NaN,NaN,NaN,NaN,NaN,NaN,1
2024-07-02T11:10:00-04:00,9.1677529531193,9.1677529531193,9.14,9.14,9.154080912849622,9.089961145828402,9.213035026269702,0,0,19431,19430,0,0,0,0,NaN,NaN,15.216814626504641,NaN,NaN,NaN,9.06037982762006,9.148234583053727,NaN,NaN,NaN,NaN,NaN,NaN,NaN,NaN,NaN,NaN,1,0,0,0,0,NaN,NaN,15.216814626504641,NaN,NaN,NaN,9.06037982762006,9.148234583053727,NaN,NaN,NaN,NaN,NaN,NaN,NaN,NaN,NaN,NaN,1
2024-07-02T11:12:00-04:00,9.153876476559649,9.153876476559649,9.15,9.15,9.153338928695145,9.090877769556213,9.20396251874063,0,0,19431,19430,0,0,0,0,NaN,NaN,14.339876354559866,NaN,NaN,NaN,9.06037982762006,9.148234583053727,NaN,NaN,NaN,NaN,NaN,NaN,NaN,NaN,NaN,NaN,1,0,0,0,0,NaN,NaN,14.339876354559866,NaN,NaN,NaN,9.06037982762006,9.148234583053727,NaN,NaN,NaN,NaN,NaN,NaN,NaN,NaN,NaN,NaN,1
2024-07-02T12:03:00-04:00,9.151938238279826,9.17,9.151938238279826,9.17,9.156368214386937,9.092085742540087,9.19612802768166,0,0,19431,19430,0,0,0,0,NaN,NaN,12.98763884388912,NaN,NaN,NaN,9.06037982762006,9.148234583053727,NaN,NaN,NaN,NaN,NaN,NaN,NaN,NaN,NaN,NaN,1,0,0,0,0,NaN,NaN,12.98763884388912,NaN,NaN,NaN,9.06037982762006,9.148234583053727,NaN,NaN,NaN,NaN,NaN,NaN,NaN,NaN,NaN,NaN,1
2024-07-02T12:46:00-04:00,9.160969119139914,9.160969119139914,9.1301,9.1301,9.151592175407494,9.092666112882986,9.183751640112463,0,0,19431,19430,0,0,0,0,NaN,NaN,12.761301093397204,NaN,NaN,NaN,9.06037982762006,9.148234583053727,NaN,NaN,NaN,NaN,NaN,NaN,NaN,NaN,NaN,NaN,1,0,0,0,0,NaN,NaN,12.761301093397204,NaN,NaN,NaN,9.06037982762006,9.148234583053727,NaN,NaN,NaN,NaN,NaN,NaN,NaN,NaN,NaN,NaN,1
2024-07-02T12:47:00-04:00,9.145534559569956,9.1649,9.04,9.1078,9.143629961697041,9.092897164594696,9.162299260255548,0,0,19431,19430,0,0,0,0,NaN,NaN,12.68452073151255,NaN,NaN,NaN,9.06037982762006,9.148234583053727,NaN,NaN,NaN,NaN,NaN,NaN,NaN,NaN,NaN,NaN,1,0,0,0,0,NaN,NaN,12.68452073151255,NaN,NaN,NaN,9.06037982762006,9.148234583053727,NaN,NaN,NaN,NaN,NaN,NaN,NaN,NaN,NaN,NaN,1
2024-07-02T12:52:00-04:00,9.126667279784979,9.15,9.126667279784979,9.15,9.144788150479398,9.093768963608518,9.161469334002255,0,0,19431,19430,0,0,0,0,NaN,NaN,10.696168080989517,NaN,NaN,NaN,9.06037982762006,9.148234583053727,NaN,NaN,NaN,NaN,NaN,NaN,NaN,NaN,NaN,NaN,1,0,0,0,0,NaN,NaN,10.696168080989517,NaN,NaN,NaN,9.06037982762006,9.148234583053727,NaN,NaN,NaN,NaN,NaN,NaN,NaN,NaN,NaN,NaN,1
2024-07-02T12:58:00-04:00,9.13833363989249,9.15,9.13833363989249,9.15,9.145735759483143,9.094627452713732,9.160321106094807,0,0,19431,19430,0,0,0,0,NaN,NaN,11.474515650982728,NaN,NaN,NaN,9.06037982762006,9.148234583053727,NaN,NaN,NaN,NaN,NaN,NaN,NaN,NaN,NaN,NaN,1,0,0,0,0,NaN,NaN,11.474515650982728,NaN,NaN,NaN,9.06037982762006,9.148234583053727,NaN,NaN,NaN,NaN,NaN,NaN,NaN,NaN,NaN,NaN,1
2024-07-02T13:01:00-04:00,9.144166819946246,9.15,9.144166819946246,9.15,9.146511075940754,9.09547283511505,9.159795929298339,0,0,19431,19430,0,0,0,0,NaN,NaN,9.402906180019116,NaN,NaN,NaN,9.06037982762006,9.148234583053727,NaN,NaN,NaN,NaN,NaN,NaN,NaN,NaN,NaN,NaN,1,0,0,0,0,NaN,NaN,9.402906180019116,NaN,NaN,NaN,9.06037982762006,9.148234583053727,NaN,NaN,NaN,NaN,NaN,NaN,NaN,NaN,NaN,NaN,1
2024-07-02T13:20:00-04:00,9.147083409973124,9.15,9.147083409973124,9.15,9.147145425769708,9.09630531091482,9.159204328132862,0,0,19431,19430,0,0,0,0,NaN,NaN,7.622756960249225,NaN,NaN,NaN,9.06037982762006,9.148234583053727,NaN,NaN,NaN,NaN,NaN,NaN,NaN,NaN,NaN,NaN,1,0,0,0,0,NaN,NaN,7.622756960249225,NaN,NaN,NaN,9.06037982762006,9.148234583053727,NaN,NaN,NaN,NaN,NaN,NaN,NaN,NaN,NaN,NaN,1
2024-07-02T13:24:00-04:00,9.148541704986563,9.1642,9.148541704986563,9.15605,9.148764439266124,9.097217443572609,9.158602182588158,0,0,19431,19430,0,0,0,0,NaN,NaN,5.87837146224455,NaN,NaN,NaN,9.06037982762006,9.148234583053727,NaN,NaN,NaN,NaN,NaN,NaN,NaN,NaN,NaN,NaN,1,0,0,0,0,NaN,NaN,5.87837146224455,NaN,NaN,NaN,9.06037982762006,9.148234583053727,NaN,NaN,NaN,NaN,NaN,NaN,NaN,NaN,NaN,NaN,1
2024-07-02T13:25:00-04:00,9.152295852493282,9.1642,9.15,9.156049999999999,9.150089086672283,9.098115650540965,9.158205461173395,0,0,19431,19430,0,0,0,0,NaN,NaN,3.964975862300361,NaN,NaN,NaN,9.06037982762006,9.148234583053727,NaN,NaN,NaN,NaN,NaN,NaN,NaN,NaN,NaN,NaN,1,0,0,0,0,NaN,NaN,3.964975862300361,NaN,NaN,NaN,9.06037982762006,9.148234583053727,NaN,NaN,NaN,NaN,NaN,NaN,NaN,NaN,NaN,NaN,1
2024-07-02T13:27:00-04:00,9.154172926246641,9.1642,9.15,9.1596,9.151818343640958,9.099054342899118,9.15835939545983,0,0,19431,19430,0,0,0,0,NaN,NaN,2.322254803730703,NaN,NaN,NaN,9.06037982762006,9.148234583053727,NaN,NaN,NaN,NaN,NaN,NaN,NaN,NaN,NaN,NaN,1,0,0,0,0,NaN,NaN,2.322254803730703,NaN,NaN,NaN,9.06037982762006,9.148234583053727,NaN,NaN,NaN,NaN,NaN,NaN,NaN,NaN,NaN,NaN,1
2024-07-02T15:18:00-04:00,9.156886463123321,9.17,9.156886463123321,9.165,9.15421500843351,9.100061146824322,9.15885462061155,0,0,19431,19430,0,0,0,0,NaN,NaN,1.0950939710572907,NaN,NaN,NaN,9.06037982762006,9.148234583053727,NaN,NaN,NaN,NaN,NaN,NaN,NaN,NaN,NaN,NaN,1,0,0,0,0,NaN,NaN,1.0950939710572907,NaN,NaN,NaN,9.06037982762006,9.148234583053727,NaN,NaN,NaN,NaN,NaN,NaN,NaN,NaN,NaN,NaN,1
2024-07-02T15:19:00-04:00,9.16094323156166,9.1806,9.16094323156166,9.177725,9.158489552354691,9.101246854506392,9.16159084846284,1,0,19431,19430,0,0,0,0,NaN,NaN,0.22054151910191397,NaN,NaN,NaN,9.06037982762006,9.148234583053727,NaN,NaN,NaN,NaN,NaN,NaN,NaN,NaN,NaN,NaN,1,0,0,0,0,NaN,NaN,0.22054151910191397,NaN,NaN,NaN,9.06037982762006,9.148234583053727,NaN,NaN,NaN,NaN,NaN,NaN,NaN,NaN,NaN,NaN,1
2024-07-02T15:20:00-04:00,9.169334115780831,9.18,9.169334115780831,9.175,9.161491451926565,9.10237285672767,9.162586122316345,0,0,19431,19430,0,0,0,0,NaN,NaN,0.003693443002271438,NaN,NaN,NaN,9.06037982762006,9.148234583053727,NaN,NaN,NaN,NaN,NaN,NaN,NaN,NaN,NaN,NaN,1,0,0,0,0,NaN,NaN,0.003693443002271438,NaN,NaN,NaN,9.06037982762006,9.148234583053727,NaN,NaN,NaN,NaN,NaN,NaN,NaN,NaN,NaN,NaN,1
2024-07-02T15:21:00-04:00,9.172167057890416,9.172167057890416,9.17,9.17,9.16303846066719,9.103405332197475,9.162619203739233,0,0,19431,19430,0,0,0,0,NaN,NaN,0.08842027441332671,NaN,NaN,NaN,9.06037982762006,9.148234583053727,NaN,NaN,NaN,NaN,NaN,NaN,NaN,NaN,NaN,NaN,1,0,0,0,0,NaN,NaN,0.08842027441332671,NaN,NaN,NaN,9.06037982762006,9.148234583053727,NaN,NaN,NaN,NaN,NaN,NaN,NaN,NaN,NaN,NaN,1
2024-07-02T15:26:00-04:00,9.171083528945207,9.171083528945207,9.15,9.15335,9.161276922364065,9.104167846209728,9.161865356630456,0,0,19431,19430,0,0,0,0,NaN,NaN,0.40636402653708764,NaN,NaN,NaN,9.06037982762006,9.148234583053727,NaN,NaN,NaN,NaN,NaN,NaN,NaN,NaN,NaN,NaN,1,0,0,0,0,NaN,NaN,0.40636402653708764,NaN,NaN,NaN,9.06037982762006,9.148234583053727,NaN,NaN,NaN,NaN,NaN,NaN,NaN,NaN,NaN,NaN,1
2024-07-02T15:27:00-04:00,9.162216764472603,9.162216764472603,9.15,9.15,9.159226572843327,9.10486757374851,9.161398124630832,0,0,19431,19430,0,0,0,0,NaN,NaN,1.106376080884058,NaN,NaN,NaN,9.06037982762006,9.148234583053727,NaN,NaN,NaN,NaN,NaN,NaN,NaN,NaN,NaN,NaN,1,0,0,0,0,NaN,NaN,1.106376080884058,NaN,NaN,NaN,9.06037982762006,9.148234583053727,NaN,NaN,NaN,NaN,NaN,NaN,NaN,NaN,NaN,NaN,1
2024-07-02T15:29:00-04:00,9.156108382236301,9.16,9.156108382236301,9.16,9.159367195962721,9.105709290179831,9.161377084706976,0,0,19431,19430,0,0,0,0,NaN,NaN,1.8376093131298998,NaN,NaN,NaN,9.06037982762006,9.148234583053727,NaN,NaN,NaN,NaN,NaN,NaN,NaN,NaN,NaN,NaN,1,0,0,0,0,NaN,NaN,1.8376093131298998,NaN,NaN,NaN,9.06037982762006,9.148234583053727,NaN,NaN,NaN,NaN,NaN,NaN,NaN,NaN,NaN,NaN,1
2024-07-02T15:39:00-04:00,9.15805419111815,9.15805419111815,9.15,9.15,9.157664069424044,9.106385484222887,9.161246228386304,0,0,19431,19430,0,0,0,0,NaN,NaN,2.777647806555078,NaN,NaN,NaN,9.06037982762006,9.148234583053727,NaN,NaN,NaN,NaN,NaN,NaN,NaN,NaN,NaN,NaN,1,0,0,0,0,NaN,NaN,2.777647806555078,NaN,NaN,NaN,9.06037982762006,9.148234583053727,NaN,NaN,NaN,NaN,NaN,NaN,NaN,NaN,NaN,NaN,1
2024-07-02T15:46:00-04:00,9.154027095559076,9.1575,9.154027095559076,9.1575,9.157634238619673,9.10716585850956,9.161164049610019,0,0,19431,19430,0,0,0,0,NaN,NaN,4.119223263656451,NaN,NaN,NaN,9.06037982762006,9.148234583053727,NaN,NaN,NaN,NaN,NaN,NaN,NaN,NaN,NaN,NaN,1,0,0,0,0,NaN,NaN,4.119223263656451,NaN,NaN,NaN,9.06037982762006,9.148234583053727,NaN,NaN,NaN,NaN,NaN,NaN,NaN,NaN,NaN,NaN,1
2024-07-02T15:50:00-04:00,9.15576354777954,9.15576354777954,9.15,9.15,9.156246195234278,9.107819814868193,9.16084521619554,0,0,19431,19430,0,0,0,0,NaN,NaN,5.942838927593595,NaN,NaN,NaN,9.06037982762006,9.148234583053727,NaN,NaN,NaN,NaN,NaN,NaN,NaN,NaN,NaN,NaN,1,0,0,0,0,NaN,NaN,5.942838927593595,NaN,NaN,NaN,9.06037982762006,9.148234583053727,NaN,NaN,NaN,NaN,NaN,NaN,NaN,NaN,NaN,NaN,1
2024-07-02T15:59:00-04:00,9.15288177388977,9.15288177388977,9.13,9.13,9.151474159737136,9.108158443648831,9.160733263465445,0,0,19431,19430,0,0,0,0,NaN,NaN,8.884015028333755,NaN,NaN,NaN,9.06037982762006,9.148234583053727,NaN,NaN,NaN,NaN,NaN,NaN,NaN,NaN,NaN,NaN,1,0,0,0,0,NaN,NaN,8.884015028333755,NaN,NaN,NaN,9.06037982762006,9.148234583053727,NaN,NaN,NaN,NaN,NaN,NaN,NaN,NaN,NaN,NaN,1
2024-07-02T16:00:00-04:00,9.141440886944885,9.15,9.141440886944885,9.15,9.151206130694021,9.108797246035872,9.160166140981126,0,0,19431,19430,0,0,0,0,NaN,NaN,11.766346110129744,NaN,NaN,NaN,9.06037982762006,9.148234583053727,NaN,NaN,NaN,NaN,NaN,NaN,NaN,NaN,NaN,NaN,1,0,0,0,0,NaN,NaN,11.766346110129744,NaN,NaN,NaN,9.06037982762006,9.148234583053727,NaN,NaN,NaN,NaN,NaN,NaN,NaN,NaN,NaN,NaN,1
2024-07-03T09:30:00-04:00,9.145720443472442,9.145720443472442,9.07,9.07,9.136441379658745,9.108204921668912,9.07,0,0,19431,19430,0,0,0,0,NaN,NaN,14.607422325486455,NaN,NaN,NaN,9.06037982762006,9.148234583053727,NaN,NaN,NaN,NaN,NaN,NaN,NaN,NaN,NaN,NaN,1,0,0,0,0,NaN,NaN,14.607422325486455,NaN,NaN,NaN,9.06037982762006,9.148234583053727,NaN,NaN,NaN,NaN,NaN,NaN,NaN,NaN,NaN,NaN,1
2024-07-03T09:51:00-04:00,9.107860221736221,9.11,9.107860221736221,9.11,9.131633856084427,9.10823232744496,9.09,0,0,19431,19430,0,0,0,0,NaN,NaN,18.89709669816762,NaN,NaN,NaN,9.06037982762006,9.148234583053727,NaN,NaN,NaN,NaN,NaN,NaN,NaN,NaN,NaN,NaN,1,0,0,0,0,NaN,NaN,18.89709669816762,NaN,NaN,NaN,9.06037982762006,9.148234583053727,NaN,NaN,NaN,NaN,NaN,NaN,NaN,NaN,NaN,NaN,1
2024-07-03T09:52:00-04:00,9.10893011086811,9.13,9.10893011086811,9.13,9.131336791341804,9.108564658323662,9.11,0,0,19431,19430,0,0,0,0,NaN,NaN,21.1690605850888,NaN,NaN,NaN,9.06037982762006,9.148234583053727,NaN,NaN,NaN,NaN,NaN,NaN,NaN,NaN,NaN,NaN,1,0,0,0,0,NaN,NaN,21.1690605850888,NaN,NaN,NaN,9.06037982762006,9.148234583053727,NaN,NaN,NaN,NaN,NaN,NaN,NaN,NaN,NaN,NaN,1
2024-07-03T09:53:00-04:00,9.119465055434056,9.19,9.119465055434056,9.1725,9.13882101109784,9.109540770410323,9.136785714285715,0,0,19431,19430,0,0,0,0,NaN,NaN,27.241247384150018,NaN,NaN,NaN,9.06037982762006,9.148234583053727,NaN,NaN,NaN,NaN,NaN,NaN,NaN,NaN,NaN,NaN,1,0,0,0,0,NaN,NaN,27.241247384150018,NaN,NaN,NaN,9.06037982762006,9.148234583053727,NaN,NaN,NaN,NaN,NaN,NaN,NaN,NaN,NaN,NaN,1
2024-07-03T09:54:00-04:00,9.145982527717027,9.15,9.145982527717027,9.15,9.140853554534596,9.110158468571997,9.1384375,0,0,19431,19430,0,0,0,0,NaN,NaN,33.430922200295036,NaN,NaN,NaN,9.06037982762006,9.148234583053727,NaN,NaN,NaN,NaN,NaN,NaN,NaN,NaN,NaN,NaN,1,0,0,0,0,NaN,NaN,33.430922200295036,NaN,NaN,NaN,9.06037982762006,9.148234583053727,NaN,NaN,NaN,NaN,NaN,NaN,NaN,NaN,NaN,NaN,1
2024-07-03T09:55:00-04:00,9.147991263858515,9.175,9.147991263858515,9.175,9.14706199916467,9.1111484156167,9.15779411764706,1,0,19431,19430,0,0,0,0,NaN,NaN,35.40406534569096,NaN,NaN,NaN,9.06037982762006,9.148234583053727,NaN,NaN,NaN,NaN,NaN,NaN,NaN,NaN,NaN,NaN,1,0,0,0,0,NaN,NaN,35.40406534569096,NaN,NaN,NaN,9.06037982762006,9.148234583053727,NaN,NaN,NaN,NaN,NaN,NaN,NaN,NaN,NaN,NaN,1
2024-07-03T10:10:00-04:00,9.161495631929258,9.161495631929258,9.14,9.14,9.145777999316548,9.111588897821026,9.15653005464481,0,0,19431,19430,0,0,0,0,NaN,NaN,35.80319853703142,NaN,NaN,NaN,9.06037982762006,9.148234583053727,NaN,NaN,NaN,NaN,NaN,NaN,NaN,NaN,NaN,NaN,1,0,0,0,0,NaN,NaN,35.80319853703142,NaN,NaN,NaN,9.06037982762006,9.148234583053727,NaN,NaN,NaN,NaN,NaN,NaN,NaN,NaN,NaN,NaN,1
2024-07-03T10:39:00-04:00,9.150747815964628,9.150747815964628,9.07,9.07,9.132000181258995,9.110953952816125,9.143960765997198,0,0,19431,19430,0,0,0,0,NaN,NaN,32.64680020050802,NaN,NaN,NaN,9.06037982762006,9.148234583053727,NaN,NaN,NaN,NaN,NaN,NaN,NaN,NaN,NaN,NaN,1,0,0,0,0,NaN,NaN,32.64680020050802,NaN,NaN,NaN,9.06037982762006,9.148234583053727,NaN,NaN,NaN,NaN,NaN,NaN,NaN,NaN,NaN,NaN,1
2024-07-03T11:28:00-04:00,9.110373907982314,9.1599,9.110373907982314,9.1599,9.13707287557554,9.111701220712062,9.146978417266189,0,0,19431,19430,0,0,0,0,NaN,NaN,33.76064982112706,NaN,NaN,NaN,9.06037982762006,9.148234583053727,NaN,NaN,NaN,NaN,NaN,NaN,NaN,NaN,NaN,NaN,1,0,0,0,0,NaN,NaN,33.76064982112706,NaN,NaN,NaN,9.06037982762006,9.148234583053727,NaN,NaN,NaN,NaN,NaN,NaN,NaN,NaN,NaN,NaN,1
2024-07-03T11:30:00-04:00,9.135136953991157,9.135136953991157,8.98,8.98,9.108514170925442,9.109690515052336,9.138004299534218,0,1,19431,19430,0,0,0,0,NaN,NaN,25.234069677898862,NaN,NaN,NaN,9.06037982762006,9.101600000000001,NaN,NaN,NaN,NaN,NaN,NaN,NaN,NaN,NaN,NaN,1,0,0,0,0,NaN,NaN,25.234069677898862,NaN,NaN,NaN,9.06037982762006,9.101600000000001,NaN,NaN,NaN,NaN,NaN,NaN,NaN,NaN,NaN,NaN,1
2024-07-03T11:58:00-04:00,9.057568476995579,9.08,9.057568476995579,9.08,9.103329776211725,9.109237224746193,9.122703772091796,0,0,19431,19468,0,0,0,0,NaN,NaN,23.27465547482283,NaN,NaN,NaN,9.06037982762006,9.101600000000001,NaN,NaN,NaN,NaN,NaN,NaN,NaN,NaN,NaN,NaN,1,0,0,0,0,NaN,NaN,23.27465547482283,NaN,NaN,NaN,9.06037982762006,9.101600000000001,NaN,NaN,NaN,NaN,NaN,NaN,NaN,NaN,NaN,NaN,1
2024-07-03T12:03:00-04:00,9.06878423849779,9.16,9.06878423849779,9.16,9.11363345326414,9.110012228948541,9.127263255383191,0,0,19431,19469,0,0,0,0,NaN,NaN,24.29104945782253,NaN,NaN,NaN,9.06037982762006,9.101600000000001,NaN,NaN,NaN,NaN,NaN,NaN,NaN,NaN,NaN,NaN,1,0,0,0,0,NaN,NaN,24.29104945782253,NaN,NaN,NaN,9.06037982762006,9.101600000000001,NaN,NaN,NaN,NaN,NaN,NaN,NaN,NaN,NaN,NaN,1
2024-07-03T12:04:00-04:00,9.114392119248894,9.16,9.114392119248894,9.16,9.122063734488842,9.110775401025663,9.129820704375668,1,0,19470,19469,0,0,0,0,NaN,NaN,22.88146689844547,NaN,NaN,NaN,9.06037982762006,9.101600000000001,NaN,NaN,NaN,NaN,NaN,NaN,NaN,NaN,NaN,NaN,1,0,0,0,0,NaN,NaN,22.88146689844547,NaN,NaN,NaN,9.06037982762006,9.101600000000001,NaN,NaN,NaN,NaN,NaN,NaN,NaN,NaN,NaN,NaN,1
2024-07-03T12:12:00-04:00,9.137196059624447,9.17,9.137196059624447,9.17,9.130779419127235,9.111679593376415,9.1352757793765,0,0,19470,19469,0,0,0,0,NaN,NaN,23.65980539620878,NaN,NaN,NaN,9.06037982762006,9.101600000000001,NaN,NaN,NaN,NaN,NaN,NaN,NaN,NaN,NaN,NaN,1,0,0,0,0,NaN,NaN,23.65980539620878,NaN,NaN,NaN,9.06037982762006,9.101600000000001,NaN,NaN,NaN,NaN,NaN,NaN,NaN,NaN,NaN,NaN,1
2024-07-03T12:13:00-04:00,9.153598029812223,9.174,9.153598029812223,9.174,9.138637706558647,9.112631049966089,9.135977178047456,0,0,19470,19469,0,0,0,0,NaN,NaN,25.63995681485574,NaN,NaN,NaN,9.06037982762006,9.101600000000001,NaN,NaN,NaN,NaN,NaN,NaN,NaN,NaN,NaN,NaN,1,0,0,0,0,NaN,NaN,25.63995681485574,NaN,NaN,NaN,9.06037982762006,9.101600000000001,NaN,NaN,NaN,NaN,NaN,NaN,NaN,NaN,NaN,NaN,1
2024-07-03T12:33:00-04:00,9.163799014906111,9.163799014906111,9.1,9.1,9.13161266900253,9.112438209508591,9.135274374001066,0,0,19470,19469,0,0,0,0,NaN,NaN,24.168679475573654,NaN,NaN,NaN,9.06037982762006,9.101600000000001,NaN,NaN,NaN,NaN,NaN,NaN,NaN,NaN,NaN,NaN,1,0,0,0,0,NaN,NaN,24.168679475573654,NaN,NaN,NaN,9.06037982762006,9.101600000000001,NaN,NaN,NaN,NaN,NaN,NaN,NaN,NaN,NaN,NaN,1
2024-07-03T12:59:00-04:00,9.131899507453056,9.131899507453056,8.99,8.99,9.10586491100207,9.110568923867238,9.130291545189506,0,1,19470,19469,0,0,0,0,NaN,NaN,17.229151139560322,NaN,NaN,NaN,9.06037982762006,9.101600000000001,NaN,NaN,NaN,NaN,NaN,NaN,NaN,NaN,NaN,NaN,1,0,0,0,0,NaN,NaN,17.229151139560322,NaN,NaN,NaN,9.06037982762006,9.101600000000001,NaN,NaN,NaN,NaN,NaN,NaN,NaN,NaN,NaN,NaN,1
2024-07-05T09:30:00-04:00,9.060949753726529,9.060949753726529,9,9,9.08661674536533,9.108880848693692,9,0,0,19470,19475,0,0,0,0,NaN,NaN,12.410611386958466,NaN,NaN,NaN,9.06037982762006,9.101600000000001,NaN,NaN,NaN,NaN,NaN,NaN,NaN,NaN,NaN,NaN,1,0,0,0,0,NaN,NaN,12.410611386958466,NaN,NaN,NaN,9.06037982762006,9.101600000000001,NaN,NaN,NaN,NaN,NaN,NaN,NaN,NaN,NaN,NaN,1
2024-07-05T09:46:00-04:00,9.030474876863265,9.09,9.030474876863265,9.085,9.086322791662543,9.108516255583865,9.056478405315614,0,0,19470,19476,0,0,0,0,NaN,NaN,8.747303022357883,NaN,NaN,NaN,9.06037982762006,9.101600000000001,NaN,NaN,NaN,NaN,NaN,NaN,NaN,NaN,NaN,NaN,1,0,0,0,0,NaN,NaN,8.747303022357883,NaN,NaN,NaN,9.06037982762006,9.101600000000001,NaN,NaN,NaN,NaN,NaN,NaN,NaN,NaN,NaN,NaN,1
2024-07-05T10:21:00-04:00,9.057737438431634,9.13,9.057737438431634,9.13,9.094264102269353,9.108844251681822,9.074812967581048,0,0,19470,19477,0,0,0,0,NaN,NaN,6.379771743237398,NaN,NaN,NaN,9.06037982762006,9.101600000000001,NaN,NaN,NaN,NaN,NaN,NaN,NaN,NaN,NaN,NaN,1,0,0,0,0,NaN,NaN,6.379771743237398,NaN,NaN,NaN,9.06037982762006,9.101600000000001,NaN,NaN,NaN,NaN,NaN,NaN,NaN,NaN,NaN,NaN,1
2024-07-05T10:28:00-04:00,9.093868719215816,9.12,9.093868719215816,9.12,9.098943356402197,9.109014568450037,9.083832335329342,0,0,19470,19478,0,0,0,0,NaN,NaN,4.0118113568970895,NaN,NaN,NaN,9.06037982762006,9.101600000000001,NaN,NaN,NaN,NaN,NaN,NaN,NaN,NaN,NaN,NaN,1,0,0,0,0,NaN,NaN,4.0118113568970895,NaN,NaN,NaN,9.06037982762006,9.101600000000001,NaN,NaN,NaN,NaN,NaN,NaN,NaN,NaN,NaN,NaN,1
2024-07-05T10:40:00-04:00,9.106934359607909,9.1747,9.106934359607909,9.1747,9.112717291601797,9.110017399466068,9.092078039927404,1,0,19479,19478,0,0,0,0,NaN,NaN,2.2528824910906957,NaN,NaN,NaN,9.06037982762006,9.101600000000001,NaN,NaN,NaN,NaN,NaN,NaN,NaN,NaN,NaN,NaN,1,0,0,0,0,NaN,NaN,2.2528824910906957,NaN,NaN,NaN,9.06037982762006,9.101600000000001,NaN,NaN,NaN,NaN,NaN,NaN,NaN,NaN,NaN,NaN,1
2024-07-05T10:42:00-04:00,9.140817179803953,9.155,9.140817179803953,9.155,9.120405056765106,9.110704156726129,9.097312811980032,0,0,19479,19478,0,0,0,0,NaN,NaN,0.8400871895702986,NaN,NaN,NaN,9.06037982762006,9.101600000000001,NaN,NaN,NaN,NaN,NaN,NaN,NaN,NaN,NaN,NaN,1,0,0,0,0,NaN,NaN,0.8400871895702986,NaN,NaN,NaN,9.06037982762006,9.101600000000001,NaN,NaN,NaN,NaN,NaN,NaN,NaN,NaN,NaN,NaN,1
2024-07-05T11:59:00-04:00,9.147908589901977,9.15,9.147908589901977,9.15,9.125785955535086,9.111304093264662,9.102526236881559,0,0,19479,19478,0,0,0,0,NaN,NaN,0.1556319059751889,NaN,NaN,NaN,9.06037982762006,9.101600000000001,NaN,NaN,NaN,NaN,NaN,NaN,NaN,NaN,NaN,NaN,1,0,0,0,0,NaN,NaN,0.1556319059751889,NaN,NaN,NaN,9.06037982762006,9.101600000000001,NaN,NaN,NaN,NaN,NaN,NaN,NaN,NaN,NaN,NaN,1
2024-07-05T13:54:00-04:00,9.14895429495099,9.15,9.14895429495099,9.15,9.130188509074161,9.11189487046673,9.105836820083681,0,0,19479,19478,0,0,0,0,NaN,NaN,0.009269325536118186,NaN,NaN,NaN,9.06037982762006,9.101600000000001,NaN,NaN,NaN,NaN,NaN,NaN,NaN,NaN,NaN,NaN,1,0,0,0,0,NaN,NaN,0.009269325536118186,NaN,NaN,NaN,9.06037982762006,9.101600000000001,NaN,NaN,NaN,NaN,NaN,NaN,NaN,NaN,NaN,NaN,1
2024-07-05T14:07:00-04:00,9.149477147475494,9.15,9.149477147475494,9.15,9.133790598333405,9.112476628169528,9.126630996309963,0,0,19479,19478,0,0,0,0,NaN,NaN,0.0398548307228146,NaN,NaN,NaN,9.06037982762006,9.101600000000001,NaN,NaN,NaN,NaN,NaN,NaN,NaN,NaN,NaN,NaN,1,0,0,0,0,NaN,NaN,0.0398548307228146,NaN,NaN,NaN,9.06037982762006,9.101600000000001,NaN,NaN,NaN,NaN,NaN,NaN,NaN,NaN,NaN,NaN,1
2024-07-05T14:12:00-04:00,9.149738573737746,9.15,9.149738573737746,9.15,9.136737762272785,9.113049504075336,9.130867069486404,0,0,19479,19478,0,0,0,0,NaN,NaN,0.08510992257855872,NaN,NaN,NaN,9.06037982762006,9.101600000000001,NaN,NaN,NaN,NaN,NaN,NaN,NaN,NaN,NaN,NaN,1,0,0,0,0,NaN,NaN,0.08510992257855872,NaN,NaN,NaN,9.06037982762006,9.101600000000001,NaN,NaN,NaN,NaN,NaN,NaN,NaN,NaN,NaN,NaN,1
2024-07-05T14:25:00-04:00,9.149869286868874,9.15,9.149869286868874,9.15,9.139149078223188,9.11361363378411,9.132457063711911,0,0,19479,19478,0,0,0,0,NaN,NaN,0.15371309730267893,NaN,NaN,NaN,9.06037982762006,9.101600000000001,NaN,NaN,NaN,NaN,NaN,NaN,NaN,NaN,NaN,NaN,1,0,0,0,0,NaN,NaN,0.15371309730267893,NaN,NaN,NaN,9.06037982762006,9.101600000000001,NaN,NaN,NaN,NaN,NaN,NaN,NaN,NaN,NaN,NaN,1
2024-07-05T14:37:00-04:00,9.149934643434438,9.15,9.149934643434438,9.15,9.1411219730917,9.114169150825575,9.136262472885033,0,0,19479,19478,0,0,0,0,NaN,NaN,0.15082002164524536,NaN,NaN,NaN,9.06037982762006,9.101600000000001,NaN,NaN,NaN,NaN,NaN,NaN,NaN,NaN,NaN,NaN,1,0,0,0,0,NaN,NaN,0.15082002164524536,NaN,NaN,NaN,9.06037982762006,9.101600000000001,NaN,NaN,NaN,NaN,NaN,NaN,NaN,NaN,NaN,NaN,1
2024-07-05T14:39:00-04:00,9.14996732171722,9.16,9.14996732171722,9.15625,9.143872523438663,9.114811606538161,9.139243263196752,0,0,19479,19478,0,0,0,0,NaN,NaN,0.21650710285834263,NaN,NaN,NaN,9.06037982762006,9.101600000000001,NaN,NaN,NaN,NaN,NaN,NaN,NaN,NaN,NaN,NaN,1,0,0,0,0,NaN,NaN,0.21650710285834263,NaN,NaN,NaN,9.06037982762006,9.101600000000001,NaN,NaN,NaN,NaN,NaN,NaN,NaN,NaN,NaN,NaN,1
2024-07-05T15:41:00-04:00,9.15310866085861,9.15310866085861,9.15,9.15,9.144986610086178,9.115348833919258,9.13943820224719,0,0,19479,19478,0,0,0,0,NaN,NaN,0.34565161753384915,NaN,NaN,NaN,9.06037982762006,9.101600000000001,NaN,NaN,NaN,NaN,NaN,NaN,NaN,NaN,NaN,NaN,1,0,0,0,0,NaN,NaN,0.34565161753384915,NaN,NaN,NaN,9.06037982762006,9.101600000000001,NaN,NaN,NaN,NaN,NaN,NaN,NaN,NaN,NaN,NaN,1
2024-07-05T16:00:00-04:00,9.151554330429306,9.151554330429306,9.15,9.15,9.145898135525055,9.115877859355605,9.140135409614082,0,0,19479,19478,0,0,0,0,NaN,NaN,0.5174932799571672,NaN,NaN,NaN,9.06037982762006,9.101600000000001,NaN,NaN,NaN,NaN,NaN,NaN,NaN,NaN,NaN,NaN,1,0,0,0,0,NaN,NaN,0.5174932799571672,NaN,NaN,NaN,9.06037982762006,9.101600000000001,NaN,NaN,NaN,NaN,NaN,NaN,NaN,NaN,NaN,NaN,1
2024-07-08T09:38:00-04:00,9.150777165214652,9.150777165214652,8.96,8.995000000000001,9.118462110884137,9.114032395853993,8.995000000000001,0,0,19479,19478,0,0,0,0,NaN,NaN,2.540877833797392,NaN,NaN,NaN,9.06037982762006,9.101600000000001,NaN,NaN,NaN,NaN,NaN,NaN,NaN,NaN,NaN,NaN,1,0,0,0,0,NaN,NaN,2.540877833797392,NaN,NaN,NaN,9.06037982762006,9.101600000000001,NaN,NaN,NaN,NaN,NaN,NaN,NaN,NaN,NaN,NaN,1
2024-07-08T09:39:00-04:00,9.072888582607327,9.072888582607327,9.02,9.02,9.100559908905202,9.112596786756985,9.001354916067147,0,0,19479,19478,0,0,0,0,NaN,NaN,5.191567686131688,NaN,NaN,NaN,9.06037982762006,9.101600000000001,NaN,NaN,NaN,NaN,NaN,NaN,NaN,NaN,NaN,NaN,1,0,0,0,0,NaN,NaN,5.191567686131688,NaN,NaN,NaN,9.06037982762006,9.101600000000001,NaN,NaN,NaN,NaN,NaN,NaN,NaN,NaN,NaN,NaN,1
2024-07-08T10:43:00-04:00,9.046444291303663,9.07,9.0301,9.050049999999999,9.091376289104256,9.11164187398207,9.037198196202532,0,0,19479,19478,0,0,0,0,NaN,NaN,7.826307614091623,NaN,NaN,NaN,9.06037982762006,9.101600000000001,NaN,NaN,NaN,NaN,NaN,NaN,NaN,NaN,NaN,NaN,1,0,0,0,0,NaN,NaN,7.826307614091623,NaN,NaN,NaN,9.06037982762006,9.101600000000001,NaN,NaN,NaN,NaN,NaN,NaN,NaN,NaN,NaN,NaN,1
2024-07-08T12:04:00-04:00,9.048247145651832,9.15,9.048247145651832,9.138200000000001,9.0998896910853,9.112047341554863,9.102127927215191,0,0,19479,19478,0,0,0,0,NaN,NaN,8.399266103203583,NaN,NaN,NaN,9.06037982762006,9.101600000000001,NaN,NaN,NaN,NaN,NaN,NaN,NaN,NaN,NaN,NaN,1,0,0,0,0,NaN,NaN,8.399266103203583,NaN,NaN,NaN,9.06037982762006,9.101600000000001,NaN,NaN,NaN,NaN,NaN,NaN,NaN,NaN,NaN,NaN,1
2024-07-08T12:20:00-04:00,9.093223572825917,9.15,9.093223572825917,9.15,9.109000656342518,9.112626771454789,9.103829071288423,0,0,19479,19478,0,0,0,0,NaN,NaN,8.667355671611572,NaN,NaN,NaN,9.06037982762006,9.101600000000001,NaN,NaN,NaN,NaN,NaN,NaN,NaN,NaN,NaN,NaN,1,0,0,0,0,NaN,NaN,8.667355671611572,NaN,NaN,NaN,9.06037982762006,9.101600000000001,NaN,NaN,NaN,NaN,NaN,NaN,NaN,NaN,NaN,NaN,1
2024-07-08T14:09:00-04:00,9.12161178641296,9.19,9.12161178641296,9.19,9.123727809734788,9.1138080421196,9.112298791035974,1,0,19479,19478,0,0,0,0,NaN,NaN,7.437662340953698,NaN,NaN,NaN,9.06037982762006,9.101600000000001,NaN,NaN,NaN,NaN,NaN,NaN,NaN,NaN,NaN,NaN,1,0,0,0,0,NaN,NaN,7.437662340953698,NaN,NaN,NaN,9.06037982762006,9.101600000000001,NaN,NaN,NaN,NaN,NaN,NaN,NaN,NaN,NaN,NaN,1
2024-07-08T14:24:00-04:00,9.15580589320648,9.19,9.15,9.17,9.132140935237555,9.114665934606325,9.116289835315646,0,0,19479,19478,0,0,0,0,NaN,NaN,6.795848856194025,NaN,NaN,NaN,9.06037982762006,9.101600000000001,NaN,NaN,NaN,NaN,NaN,NaN,NaN,NaN,NaN,NaN,1,0,0,0,0,NaN,NaN,6.795848856194025,NaN,NaN,NaN,9.06037982762006,9.101600000000001,NaN,NaN,NaN,NaN,NaN,NaN,NaN,NaN,NaN,NaN,1
2024-07-08T14:47:00-04:00,9.16290294660324,9.22,9.16290294660324,9.205,9.145388037921636,9.11604508064287,9.130034629658265,0,0,19479,19478,0,0,0,0,NaN,NaN,5.193593665843307,NaN,NaN,NaN,9.06037982762006,9.101600000000001,NaN,NaN,NaN,NaN,NaN,NaN,NaN,NaN,NaN,NaN,1,0,0,0,0,NaN,NaN,5.193593665843307,NaN,NaN,NaN,9.06037982762006,9.101600000000001,NaN,NaN,NaN,NaN,NaN,NaN,NaN,NaN,NaN,NaN,1
2024-07-08T14:49:00-04:00,9.183951473301619,9.22,9.183951473301619,9.22,9.158953849208611,9.117632178648321,9.136491165494474,0,0,19479,19478,0,0,0,0,NaN,NaN,3.5682509760495793,NaN,NaN,NaN,9.06037982762006,9.101600000000001,NaN,NaN,NaN,NaN,NaN,NaN,NaN,NaN,NaN,NaN,1,0,0,0,0,NaN,NaN,3.5682509760495793,NaN,NaN,NaN,9.06037982762006,9.101600000000001,NaN,NaN,NaN,NaN,NaN,NaN,NaN,NaN,NaN,NaN,1
2024-07-08T14:50:00-04:00,9.201975736650809,9.23,9.201975736650809,9.217500000000001,9.169598603897954,9.119156878210942,9.146659213003641,0,0,19479,19478,0,0,0,0,NaN,NaN,2.3673806873830654,NaN,NaN,NaN,9.06037982762006,9.101600000000001,NaN,NaN,NaN,NaN,NaN,NaN,NaN,NaN,NaN,NaN,1,0,0,0,0,NaN,NaN,2.3673806873830654,NaN,NaN,NaN,9.06037982762006,9.101600000000001,NaN,NaN,NaN,NaN,NaN,NaN,NaN,NaN,NaN,NaN,1
2024-07-08T15:10:00-04:00,9.209737868325405,9.209737868325405,9.17,9.17,9.169671585007418,9.119933109077952,9.146948549646709,0,0,19479,19478,0,0,0,0,NaN,NaN,1.9489836899373356,NaN,NaN,NaN,9.06037982762006,9.101600000000001,NaN,NaN,NaN,NaN,NaN,NaN,NaN,NaN,NaN,NaN,1,0,0,0,0,NaN,NaN,1.9489836899373356,NaN,NaN,NaN,9.06037982762006,9.101600000000001,NaN,NaN,NaN,NaN,NaN,NaN,NaN,NaN,NaN,NaN,1
2024-07-08T15:11:00-04:00,9.189868934162703,9.189868934162703,9.17,9.17,9.169731296824251,9.120697489092029,9.148037551671194,0,0,19479,19478,0,0,0,0,NaN,NaN,1.4819856370973967,NaN,NaN,NaN,9.06037982762006,9.101600000000001,NaN,NaN,NaN,NaN,NaN,NaN,NaN,NaN,NaN,NaN,1,0,0,0,0,NaN,NaN,1.4819856370973967,NaN,NaN,NaN,9.06037982762006,9.101600000000001,NaN,NaN,NaN,NaN,NaN,NaN,NaN,NaN,NaN,NaN,1
2024-07-08T15:12:00-04:00,9.179934467081353,9.179934467081353,9.17,9.17,9.169780151947114,9.121450199182227,9.148293912688223,0,0,19479,19478,0,0,0,0,NaN,NaN,1.1474283514485135,NaN,NaN,NaN,9.06037982762006,9.101600000000001,NaN,NaN,NaN,NaN,NaN,NaN,NaN,NaN,NaN,NaN,1,0,0,0,0,NaN,NaN,1.1474283514485135,NaN,NaN,NaN,9.06037982762006,9.101600000000001,NaN,NaN,NaN,NaN,NaN,NaN,NaN,NaN,NaN,NaN,1
2024-07-08T15:20:00-04:00,9.174967233540677,9.19,9.16,9.178675,9.171397397047638,9.122323860263414,9.153573758318064,0,0,19479,19478,0,0,0,0,NaN,NaN,0.027982703563982504,NaN,NaN,NaN,9.06037982762006,9.101600000000001,NaN,NaN,NaN,NaN,NaN,NaN,NaN,NaN,NaN,NaN,1,0,0,0,0,NaN,NaN,0.027982703563982504,NaN,NaN,NaN,9.06037982762006,9.101600000000001,NaN,NaN,NaN,NaN,NaN,NaN,NaN,NaN,NaN,NaN,1
2024-07-08T15:23:00-04:00,9.176821116770338,9.19,9.176821116770338,9.19,9.174779688493523,9.123357083770843,9.153921702168306,0,0,19479,19478,0,0,0,0,NaN,NaN,0.03303210327669103,NaN,NaN,NaN,9.06037982762006,9.101600000000001,NaN,NaN,NaN,NaN,NaN,NaN,NaN,NaN,NaN,NaN,1,0,0,0,0,NaN,NaN,0.03303210327669103,NaN,NaN,NaN,9.06037982762006,9.101600000000001,NaN,NaN,NaN,NaN,NaN,NaN,NaN,NaN,NaN,NaN,1
2024-07-08T15:24:00-04:00,9.18341055838517,9.19,9.18341055838517,9.19,9.177547017858336,9.124374532873578,9.154926762002043,0,0,19479,19478,0,0,0,0,NaN,NaN,0.20090391952519104,NaN,NaN,NaN,9.06037982762006,9.101600000000001,NaN,NaN,NaN,NaN,NaN,NaN,NaN,NaN,NaN,NaN,1,0,0,0,0,NaN,NaN,0.20090391952519104,NaN,NaN,NaN,9.06037982762006,9.101600000000001,NaN,NaN,NaN,NaN,NaN,NaN,NaN,NaN,NaN,NaN,1
2024-07-08T15:25:00-04:00,9.186705279192584,9.19,9.186705279192584,9.19,9.179811196429547,9.125376448402225,9.155566259458475,0,0,19479,19478,0,0,0,0,NaN,NaN,0.4632850807431853,NaN,NaN,NaN,9.06037982762006,9.101600000000001,NaN,NaN,NaN,NaN,NaN,NaN,NaN,NaN,NaN,NaN,1,0,0,0,0,NaN,NaN,0.4632850807431853,NaN,NaN,NaN,9.06037982762006,9.101600000000001,NaN,NaN,NaN,NaN,NaN,NaN,NaN,NaN,NaN,NaN,1
2024-07-08T15:42:00-04:00,9.188352639596292,9.188352639596292,9.17,9.17,9.178027342533266,9.126057723999137,9.155696657331285,0,0,19479,19478,0,0,0,0,NaN,NaN,0.7421343349770227,NaN,NaN,NaN,9.06037982762006,9.101600000000001,NaN,NaN,NaN,NaN,NaN,NaN,NaN,NaN,NaN,NaN,1,0,0,0,0,NaN,NaN,0.7421343349770227,NaN,NaN,NaN,9.06037982762006,9.101600000000001,NaN,NaN,NaN,NaN,NaN,NaN,NaN,NaN,NaN,NaN,1
2024-07-08T15:59:00-04:00,9.179176319798145,9.179176319798145,9.15,9.16,9.174749643890854,9.126575926686174,9.155955018682064,0,0,19479,19478,0,0,0,0,NaN,NaN,1.1937128614219177,NaN,NaN,NaN,9.06037982762006,9.101600000000001,NaN,NaN,NaN,NaN,NaN,NaN,NaN,NaN,NaN,NaN,1,0,0,0,0,NaN,NaN,1.1937128614219177,NaN,NaN,NaN,9.06037982762006,9.101600000000001,NaN,NaN,NaN,NaN,NaN,NaN,NaN,NaN,NaN,NaN,1
2024-07-08T18:08:00-04:00,9.169588159899073,9.37,9.169588159899073,9.36,9.208431526819789,9.13013965299631,9.161024039417025,1,0,19479,19478,0,0,0,0,NaN,NaN,3.4235678207325244,NaN,NaN,NaN,9.06037982762006,9.175699999999999,NaN,NaN,NaN,NaN,NaN,NaN,NaN,NaN,NaN,NaN,1,0,0,0,0,NaN,NaN,3.4235678207325244,NaN,NaN,NaN,9.06037982762006,9.175699999999999,NaN,NaN,NaN,NaN,NaN,NaN,NaN,NaN,NaN,NaN,1
2024-07-09T09:30:00-04:00,9.264794079949535,9.264794079949535,9.17,9.17,9.201443976488918,9.130748207912395,9.17,0,0,19479,19478,0,0,0,0,NaN,NaN,3.253439795652467,NaN,NaN,NaN,9.06037982762006,9.175699999999999,NaN,NaN,NaN,NaN,NaN,NaN,NaN,NaN,NaN,NaN,1,0,0,0,0,NaN,NaN,3.253439795652467,NaN,NaN,NaN,9.06037982762006,9.175699999999999,NaN,NaN,NaN,NaN,NaN,NaN,NaN,NaN,NaN,NaN,1
2024-07-09T10:03:00-04:00,9.217397039974767,9.31,9.217397039974767,9.31,9.221181435309115,9.133484876493885,9.263333333333334,1,0,19479,19478,0,0,0,0,NaN,NaN,5.690750752771547,NaN,NaN,NaN,9.063674983116758,9.175699999999999,NaN,NaN,NaN,NaN,NaN,NaN,NaN,NaN,NaN,NaN,1,0,0,0,0,NaN,NaN,5.690750752771547,NaN,NaN,NaN,9.063674983116758,9.175699999999999,NaN,NaN,NaN,NaN,NaN,NaN,NaN,NaN,NaN,NaN,1
2024-07-09T10:43:00-04:00,9.263698519987383,9.263698519987383,9.25,9.25,9.226421174343821,9.135263733341306,9.255,0,0,19479,19478,0,0,0,0,NaN,NaN,7.570635517944478,NaN,NaN,NaN,9.151348963529795,9.175699999999999,NaN,NaN,NaN,NaN,NaN,NaN,NaN,NaN,NaN,NaN,1,0,0,0,0,NaN,NaN,7.570635517944478,NaN,NaN,NaN,9.151348963529795,9.175699999999999,NaN,NaN,NaN,NaN,NaN,NaN,NaN,NaN,NaN,NaN,1
2024-07-09T11:04:00-04:00,9.256849259993691,9.32,9.256849259993691,9.312500000000002,9.242071869917673,9.137969630542202,9.274166666666666,1,0,19479,19478,0,0,0,0,NaN,NaN,10.499104718653737,NaN,NaN,NaN,9.213729718712145,9.175699999999999,NaN,NaN,NaN,NaN,NaN,NaN,NaN,NaN,NaN,NaN,1,0,0,0,0,NaN,NaN,10.499104718653737,NaN,NaN,NaN,9.213729718712145,9.175699999999999,NaN,NaN,NaN,NaN,NaN,NaN,NaN,NaN,NaN,NaN,1
2024-07-09T11:08:00-04:00,9.284674629996847,9.284674629996847,9.1901,9.1901,9.232622439023551,9.138765514045375,9.262157142857143,0,0,19479,19478,0,0,0,0,NaN,NaN,11.384269584914218,NaN,NaN,NaN,9.213729718712145,9.175699999999999,NaN,NaN,NaN,NaN,NaN,NaN,NaN,NaN,NaN,NaN,1,0,0,0,0,NaN,NaN,11.384269584914218,NaN,NaN,NaN,9.213729718712145,9.175699999999999,NaN,NaN,NaN,NaN,NaN,NaN,NaN,NaN,NaN,NaN,1
2024-07-09T11:36:00-04:00,9.237387314998422,9.32,9.237387314998422,9.32,9.248509268291997,9.14153245276224,9.266013333333333,1,0,19479,19478,0,0,0,0,NaN,NaN,14.741737996097992,NaN,NaN,NaN,9.213729718712145,9.175699999999999,NaN,NaN,NaN,NaN,NaN,NaN,NaN,NaN,NaN,NaN,1,0,0,0,0,NaN,NaN,14.741737996097992,NaN,NaN,NaN,9.213729718712145,9.175699999999999,NaN,NaN,NaN,NaN,NaN,NaN,NaN,NaN,NaN,NaN,1
2024-07-09T11:43:00-04:00,9.278693657499211,9.35,9.278693657499211,9.35,9.266962128602543,9.144715163407092,9.2712625,0,0,19479,19478,0,0,0,0,NaN,NaN,18.47528564817666,NaN,NaN,NaN,9.213729718712145,9.175699999999999,NaN,NaN,NaN,NaN,NaN,NaN,NaN,NaN,NaN,NaN,1,0,0,0,0,NaN,NaN,18.47528564817666,NaN,NaN,NaN,9.213729718712145,9.175699999999999,NaN,NaN,NaN,NaN,NaN,NaN,NaN,NaN,NaN,NaN,1
2024-07-09T11:58:00-04:00,9.314346828749606,9.35,9.314346828749606,9.35,9.28205992340208,9.147849283049732,9.287540902330194,0,0,19479,19478,0,0,0,0,NaN,NaN,22.303231676280863,NaN,NaN,NaN,9.213729718712145,9.175699999999999,NaN,NaN,NaN,NaN,NaN,NaN,NaN,NaN,NaN,NaN,1,0,0,0,0,NaN,NaN,22.303231676280863,NaN,NaN,NaN,9.213729718712145,9.175699999999999,NaN,NaN,NaN,NaN,NaN,NaN,NaN,NaN,NaN,NaN,1
2024-07-09T12:27:00-04:00,9.332173414374804,9.41,9.332173414374804,9.41,9.305321755510793,9.151851584071874,9.293325460557393,0,0,19479,19478,0,0,0,0,NaN,NaN,26.576886437549685,NaN,NaN,NaN,9.213729718712145,9.206978999999999,NaN,NaN,NaN,NaN,NaN,NaN,NaN,NaN,NaN,NaN,1,0,0,0,0,NaN,NaN,26.576886437549685,NaN,NaN,NaN,9.213729718712145,9.206978999999999,NaN,NaN,NaN,NaN,NaN,NaN,NaN,NaN,NaN,NaN,1
2024-07-09T12:54:00-04:00,9.371086707187402,9.4299,9.371086707187402,9.4299,9.32797234541792,9.156096598055509,9.299485791610286,0,0,19479,19478,0,0,0,0,NaN,NaN,31.175188065393122,NaN,NaN,NaN,9.213729718712145,9.229707259999998,NaN,NaN,NaN,NaN,NaN,NaN,NaN,NaN,NaN,NaN,1,0,0,0,0,NaN,NaN,31.175188065393122,NaN,NaN,NaN,9.213729718712145,9.229707259999998,NaN,NaN,NaN,NaN,NaN,NaN,NaN,NaN,NaN,NaN,1
2024-07-09T13:03:00-04:00,9.400493353593701,9.400493353593701,9.4,9.4,9.341068282614662,9.15982031411573,9.311466030989275,0,0,19479,19478,0,0,0,0,NaN,NaN,35.52334293489098,NaN,NaN,NaN,9.213729718712145,9.229707259999998,NaN,NaN,NaN,NaN,NaN,NaN,NaN,NaN,NaN,NaN,1,0,0,0,0,NaN,NaN,35.52334293489098,NaN,NaN,NaN,9.213729718712145,9.229707259999998,NaN,NaN,NaN,NaN,NaN,NaN,NaN,NaN,NaN,NaN,1
2024-07-09T13:06:00-04:00,9.40024667679685,9.40024667679685,9.4,9.4,9.351783140321087,9.163487179549078,9.320157649587962,0,0,19479,19478,0,0,0,0,NaN,NaN,39.60946418019469,NaN,NaN,NaN,9.300529283645732,9.229707259999998,NaN,NaN,NaN,NaN,NaN,NaN,NaN,NaN,NaN,NaN,1,0,0,0,0,NaN,NaN,39.60946418019469,NaN,NaN,NaN,9.300529283645732,9.229707259999998,NaN,NaN,NaN,NaN,NaN,NaN,NaN,NaN,NaN,NaN,1
2024-07-09T13:16:00-04:00,9.400123338398426,9.400123338398426,9.35,9.35,9.351458932989981,9.166334703525427,9.323898464431213,0,0,19479,19478,0,0,0,0,NaN,NaN,42.7344515776484,NaN,NaN,NaN,9.300529283645732,9.229707259999998,NaN,NaN,NaN,NaN,NaN,NaN,NaN,NaN,NaN,NaN,1,0,0,0,0,NaN,NaN,42.7344515776484,NaN,NaN,NaN,9.300529283645732,9.229707259999998,NaN,NaN,NaN,NaN,NaN,NaN,NaN,NaN,NaN,NaN,1
2024-07-09T13:26:00-04:00,9.375061669199212,9.375061669199212,9.355,9.355,9.35210276335544,9.169215089731146,9.32484351261015,0,0,19479,19478,0,0,0,0,NaN,NaN,45.71229229941531,NaN,NaN,NaN,9.300529283645732,9.229707259999998,NaN,NaN,NaN,NaN,NaN,NaN,NaN,NaN,NaN,NaN,1,0,0,0,0,NaN,NaN,45.71229229941531,NaN,NaN,NaN,9.300529283645732,9.229707259999998,NaN,NaN,NaN,NaN,NaN,NaN,NaN,NaN,NaN,NaN,1
2024-07-09T13:34:00-04:00,9.365030834599606,9.365030834599606,9.35,9.35,9.351720442745359,9.171975164697082,9.3255853730463,0,0,19479,19478,0,0,0,0,NaN,NaN,48.84296038725577,NaN,NaN,NaN,9.300529283645732,9.229707259999998,NaN,NaN,NaN,NaN,NaN,NaN,NaN,NaN,NaN,NaN,1,0,0,0,0,NaN,NaN,48.84296038725577,NaN,NaN,NaN,9.300529283645732,9.229707259999998,NaN,NaN,NaN,NaN,NaN,NaN,NaN,NaN,NaN,NaN,1
2024-07-09T13:41:00-04:00,9.357515417299803,9.357515417299803,9.29,9.29,9.340498544064385,9.17377707057957,9.32101259316371,0,0,19479,19478,0,0,0,0,NaN,NaN,50.701876210157096,NaN,NaN,NaN,9.300529283645732,9.229707259999998,NaN,NaN,NaN,NaN,NaN,NaN,NaN,NaN,NaN,NaN,1,0,0,0,0,NaN,NaN,50.701876210157096,NaN,NaN,NaN,9.300529283645732,9.229707259999998,NaN,NaN,NaN,NaN,NaN,NaN,NaN,NaN,NaN,NaN,1
2024-07-09T14:05:00-04:00,9.3237577086499,9.33,9.31,9.32,9.336771536052678,9.17600948171576,9.320916279069767,0,0,19479,19478,0,0,0,0,NaN,NaN,53.21140514798886,NaN,NaN,NaN,9.300529283645732,9.229707259999998,NaN,NaN,NaN,NaN,NaN,NaN,NaN,NaN,NaN,NaN,1,0,0,0,0,NaN,NaN,53.21140514798886,NaN,NaN,NaN,9.300529283645732,9.229707259999998,NaN,NaN,NaN,NaN,NaN,NaN,NaN,NaN,NaN,NaN,1
2024-07-09T14:39:00-04:00,9.32187885432495,9.32187885432495,9.31,9.31,9.3319039840431,9.178055138483458,9.32043111111111,0,0,19479,19478,0,0,0,0,NaN,NaN,55.24692521199995,NaN,NaN,NaN,9.300529283645732,9.229707259999998,NaN,NaN,NaN,NaN,NaN,NaN,NaN,NaN,NaN,NaN,1,0,0,0,0,NaN,NaN,55.24692521199995,NaN,NaN,NaN,9.300529283645732,9.229707259999998,NaN,NaN,NaN,NaN,NaN,NaN,NaN,NaN,NaN,NaN,1
2024-07-09T15:15:00-04:00,9.315939427162476,9.315939427162476,9.31,9.31,9.32792144148981,9.180069563850124,9.319026923076922,0,0,19479,19478,0,0,0,0,NaN,NaN,56.625320761364705,NaN,NaN,NaN,9.300529283645732,9.229707259999998,NaN,NaN,NaN,NaN,NaN,NaN,NaN,NaN,NaN,NaN,1,0,0,0,0,NaN,NaN,56.625320761364705,NaN,NaN,NaN,9.300529283645732,9.229707259999998,NaN,NaN,NaN,NaN,NaN,NaN,NaN,NaN,NaN,NaN,1
2024-07-09T15:59:00-04:00,9.31296971358124,9.34,9.31296971358124,9.34,9.330117543037117,9.182511249898214,9.319690875232775,0,0,19479,19478,0,0,0,0,NaN,NaN,58.903676686145815,NaN,NaN,NaN,9.300529283645732,9.229707259999998,NaN,NaN,NaN,NaN,NaN,NaN,NaN,NaN,NaN,NaN,1,0,0,0,0,NaN,NaN,58.903676686145815,NaN,NaN,NaN,9.300529283645732,9.229707259999998,NaN,NaN,NaN,NaN,NaN,NaN,NaN,NaN,NaN,NaN,1
2024-07-10T09:30:00-04:00,9.32648485679062,9.32648485679062,9.29,9.29,9.322823444303095,9.184152299518088,9.29,0,0,19479,19478,0,0,0,0,NaN,NaN,58.38865228667722,NaN,NaN,NaN,9.300529283645732,9.229707259999998,NaN,NaN,NaN,NaN,NaN,NaN,NaN,NaN,NaN,NaN,1,0,0,0,0,NaN,NaN,58.38865228667722,NaN,NaN,NaN,9.300529283645732,9.229707259999998,NaN,NaN,NaN,NaN,NaN,NaN,NaN,NaN,NaN,NaN,1
2024-07-10T09:57:00-04:00,9.30824242839531,9.31,9.29,9.3,9.318673727157078,9.185920966701017,9.298753117206983,0,0,19479,19478,0,0,0,0,NaN,NaN,58.74575234582805,NaN,NaN,NaN,9.300529283645732,9.229707259999998,NaN,NaN,NaN,NaN,NaN,NaN,NaN,NaN,NaN,NaN,1,0,0,0,0,NaN,NaN,58.74575234582805,NaN,NaN,NaN,9.300529283645732,9.229707259999998,NaN,NaN,NaN,NaN,NaN,NaN,NaN,NaN,NaN,NaN,1
2024-07-10T09:58:00-04:00,9.304121214197655,9.304121214197655,9.29,9.29,9.313460322219427,9.187509959575811,9.296711281070746,0,0,19479,19478,0,0,0,0,NaN,NaN,59.260320776029516,NaN,NaN,NaN,9.300529283645732,9.229707259999998,NaN,NaN,NaN,NaN,NaN,NaN,NaN,NaN,NaN,NaN,1,0,0,0,0,NaN,NaN,59.260320776029516,NaN,NaN,NaN,9.300529283645732,9.229707259999998,NaN,NaN,NaN,NaN,NaN,NaN,NaN,NaN,NaN,NaN,1
2024-07-10T10:24:00-04:00,9.297060607098828,9.297060607098828,9.28,9.285,9.308285718179532,9.188998357139539,9.294831460674157,0,0,19479,19478,0,0,0,0,NaN,NaN,60.761460277656454,NaN,NaN,NaN,9.300529283645732,9.229707259999998,NaN,NaN,NaN,NaN,NaN,NaN,NaN,NaN,NaN,NaN,1,0,0,0,0,NaN,NaN,60.761460277656454,NaN,NaN,NaN,9.300529283645732,9.229707259999998,NaN,NaN,NaN,NaN,NaN,NaN,NaN,NaN,NaN,NaN,1
2024-07-10T10:37:00-04:00,9.291030303549414,9.291030303549414,9.29,9.29,9.30496104214689,9.190540366954203,9.29447251114413,0,0,19479,19478,0,0,0,0,NaN,NaN,61.629234841241995,NaN,NaN,NaN,9.300529283645732,9.229707259999998,NaN,NaN,NaN,NaN,NaN,NaN,NaN,NaN,NaN,NaN,1,0,0,0,0,NaN,NaN,61.629234841241995,NaN,NaN,NaN,9.300529283645732,9.229707259999998,NaN,NaN,NaN,NaN,NaN,NaN,NaN,NaN,NaN,NaN,1
2024-07-10T10:42:00-04:00,9.290515151774706,9.290515151774706,9.29,9.29,9.302240852665637,9.192058834634292,9.293893919793014,0,0,19479,19478,0,0,0,0,NaN,NaN,63.144690647384905,NaN,NaN,NaN,9.300529283645732,9.229707259999998,NaN,NaN,NaN,NaN,NaN,NaN,NaN,NaN,NaN,NaN,1,0,0,0,0,NaN,NaN,63.144690647384905,NaN,NaN,NaN,9.300529283645732,9.229707259999998,NaN,NaN,NaN,NaN,NaN,NaN,NaN,NaN,NaN,NaN,1
2024-07-10T12:51:00-04:00,9.290257575887352,9.290257575887352,9.29,9.29,9.300015243090067,9.193554119601707,9.293447880870561,0,0,19479,19478,0,0,0,0,NaN,NaN,63.5723243676809,NaN,NaN,NaN,9.300529283645732,9.229707259999998,NaN,NaN,NaN,NaN,NaN,NaN,NaN,NaN,NaN,NaN,1,0,0,0,0,NaN,NaN,63.5723243676809,NaN,NaN,NaN,9.300529283645732,9.229707259999998,NaN,NaN,NaN,NaN,NaN,NaN,NaN,NaN,NaN,NaN,1
2024-07-10T14:31:00-04:00,9.290128787943676,9.32,9.290128787943676,9.32,9.30364883525551,9.19548459105817,9.294899837574444,0,0,19479,19478,0,0,0,0,NaN,NaN,63.10903154223202,NaN,NaN,NaN,9.300529283645732,9.229707259999998,NaN,NaN,NaN,NaN,NaN,NaN,NaN,NaN,NaN,NaN,1,0,0,0,0,NaN,NaN,63.10903154223202,NaN,NaN,NaN,9.300529283645732,9.229707259999998,NaN,NaN,NaN,NaN,NaN,NaN,NaN,NaN,NaN,NaN,1
2024-07-10T14:44:00-04:00,9.305064393971838,9.425,9.305064393971838,9.377500000000001,9.31707631975451,9.198263452263388,9.32014567669173,0,0,19479,19478,0,0,0,0,NaN,NaN,65.26431339328188,NaN,NaN,NaN,9.300529283645732,9.229707259999998,NaN,NaN,NaN,NaN,NaN,NaN,NaN,NaN,NaN,NaN,1,0,0,0,0,NaN,NaN,65.26431339328188,NaN,NaN,NaN,9.300529283645732,9.229707259999998,NaN,NaN,NaN,NaN,NaN,NaN,NaN,NaN,NaN,NaN,1
2024-07-10T14:45:00-04:00,9.341282196985919,9.39,9.341282196985919,9.39,9.330335170708235,9.201190727801352,9.32489400840925,1,0,19479,19478,0,0,0,0,NaN,NaN,65.01829942516862,NaN,NaN,NaN,9.300529283645732,9.229707259999998,NaN,NaN,NaN,NaN,NaN,NaN,NaN,NaN,NaN,NaN,1,0,0,0,0,NaN,NaN,65.01829942516862,NaN,NaN,NaN,9.300529283645732,9.229707259999998,NaN,NaN,NaN,NaN,NaN,NaN,NaN,NaN,NaN,NaN,1
2024-07-10T15:14:00-04:00,9.36564109849296,9.38,9.36564109849296,9.38,9.339365139670374,9.203920640354003,9.328502783235102,0,0,19479,19478,0,0,0,0,NaN,NaN,65.2306153509956,NaN,NaN,NaN,9.300529283645732,9.229707259999998,NaN,NaN,NaN,NaN,NaN,NaN,NaN,NaN,NaN,NaN,1,0,0,0,0,NaN,NaN,65.2306153509956,NaN,NaN,NaN,9.300529283645732,9.229707259999998,NaN,NaN,NaN,NaN,NaN,NaN,NaN,NaN,NaN,NaN,1
2024-07-10T15:34:00-04:00,9.37282054924648,9.38,9.37282054924648,9.38,9.346753296093942,9.206608874852416,9.333442125518058,0,0,19479,19478,0,0,0,0,NaN,NaN,66.9283171406627,NaN,NaN,NaN,9.300529283645732,9.229707259999998,NaN,NaN,NaN,NaN,NaN,NaN,NaN,NaN,NaN,NaN,1,0,0,0,0,NaN,NaN,66.9283171406627,NaN,NaN,NaN,9.300529283645732,9.229707259999998,NaN,NaN,NaN,NaN,NaN,NaN,NaN,NaN,NaN,NaN,1
2024-07-10T15:35:00-04:00,9.37641027462324,9.37641027462324,9.31,9.325000000000001,9.342798151349589,9.208416372946271,9.33286039140022,0,0,19479,19478,0,0,0,0,NaN,NaN,67.61410000841941,NaN,NaN,NaN,9.300529283645732,9.229707259999998,NaN,NaN,NaN,NaN,NaN,NaN,NaN,NaN,NaN,NaN,1,0,0,0,0,NaN,NaN,67.61410000841941,NaN,NaN,NaN,9.300529283645732,9.229707259999998,NaN,NaN,NaN,NaN,NaN,NaN,NaN,NaN,NaN,NaN,1
2024-07-10T15:42:00-04:00,9.350705137311621,9.350705137311621,9.3,9.3,9.335016669286027,9.209814596260069,9.331331800262811,0,0,19479,19478,0,0,0,0,NaN,NaN,67.88348516623944,NaN,NaN,NaN,9.300529283645732,9.229707259999998,NaN,NaN,NaN,NaN,NaN,NaN,NaN,NaN,NaN,NaN,1,0,0,0,0,NaN,NaN,67.88348516623944,NaN,NaN,NaN,9.300529283645732,9.229707259999998,NaN,NaN,NaN,NaN,NaN,NaN,NaN,NaN,NaN,NaN,1
2024-07-10T15:57:00-04:00,9.325352568655811,9.325352568655811,9.25,9.25,9.319559093052204,9.21042811387442,9.329249039692701,0,0,19479,19478,0,0,0,0,NaN,NaN,66.70944686763924,NaN,NaN,NaN,9.300529283645732,9.229707259999998,NaN,NaN,NaN,NaN,NaN,NaN,NaN,NaN,NaN,NaN,1,0,0,0,0,NaN,NaN,66.70944686763924,NaN,NaN,NaN,9.300529283645732,9.229707259999998,NaN,NaN,NaN,NaN,NaN,NaN,NaN,NaN,NaN,NaN,1
2024-07-10T16:00:00-04:00,9.287676284327905,9.287676284327905,9.25,9.25,9.30691198522453,9.211032264807635,9.327058640438247,0,0,19479,19478,0,0,0,0,NaN,NaN,63.885469973455436,NaN,NaN,NaN,9.300529283645732,9.229707259999998,NaN,NaN,NaN,NaN,NaN,NaN,NaN,NaN,NaN,NaN,1,0,0,0,0,NaN,NaN,63.885469973455436,NaN,NaN,NaN,9.300529283645732,9.229707259999998,NaN,NaN,NaN,NaN,NaN,NaN,NaN,NaN,NaN,NaN,1
2024-07-11T09:30:00-04:00,9.268838142163952,9.268838142163952,9.22,9.22,9.291109806092798,9.211169176795304,9.22,0,0,19479,19478,0,0,0,0,NaN,NaN,59.156848092907246,NaN,NaN,NaN,9.300529283645732,9.229707259999998,NaN,NaN,NaN,NaN,NaN,NaN,NaN,NaN,NaN,NaN,1,0,0,0,0,NaN,NaN,59.156848092907246,NaN,NaN,NaN,9.300529283645732,9.229707259999998,NaN,NaN,NaN,NaN,NaN,NaN,NaN,NaN,NaN,NaN,1
2024-07-11T13:59:00-04:00,9.244419071081976,9.244419071081976,9.21,9.21,9.27636256862138,9.211151326767894,9.215000000000002,0,0,19479,19478,0,0,0,0,NaN,NaN,53.90654357411135,NaN,NaN,NaN,9.300529283645732,9.229707259999998,NaN,NaN,NaN,NaN,NaN,NaN,NaN,NaN,NaN,NaN,1,0,0,0,0,NaN,NaN,53.90654357411135,NaN,NaN,NaN,9.300529283645732,9.229707259999998,NaN,NaN,NaN,NaN,NaN,NaN,NaN,NaN,NaN,NaN,1
2024-07-11T14:04:00-04:00,9.22720953554099,9.22720953554099,9.21,9.21,9.264296647053856,9.211133749259988,9.213333333333335,0,0,19479,19478,0,0,0,0,NaN,NaN,49.07239851700099,NaN,NaN,NaN,9.300529283645732,9.229707259999998,NaN,NaN,NaN,NaN,NaN,NaN,NaN,NaN,NaN,NaN,1,0,0,0,0,NaN,NaN,49.07239851700099,NaN,NaN,NaN,9.300529283645732,9.229707259999998,NaN,NaN,NaN,NaN,NaN,NaN,NaN,NaN,NaN,NaN,1
2024-07-11T15:02:00-04:00,9.218604767770495,9.218604767770495,9.21,9.21,9.2544245294077,9.211116440110981,9.2125,0,0,19479,19478,0,0,0,0,NaN,NaN,44.95642619657073,NaN,NaN,NaN,9.300529283645732,9.229707259999998,NaN,NaN,NaN,NaN,NaN,NaN,NaN,NaN,NaN,NaN,1,0,0,0,0,NaN,NaN,44.95642619657073,NaN,NaN,NaN,9.300529283645732,9.229707259999998,NaN,NaN,NaN,NaN,NaN,NaN,NaN,NaN,NaN,NaN,1
2024-07-11T15:16:00-04:00,9.214302383885247,9.214302383885247,9.21,9.21,9.246347342242665,9.21109939522379,9.211623376623377,0,0,19479,19478,0,0,0,0,NaN,NaN,40.721500045550265,NaN,NaN,NaN,9.300529283645732,9.229707259999998,NaN,NaN,NaN,NaN,NaN,NaN,NaN,NaN,NaN,NaN,1,0,0,0,0,NaN,NaN,40.721500045550265,NaN,NaN,NaN,9.300529283645732,9.229707259999998,NaN,NaN,NaN,NaN,NaN,NaN,NaN,NaN,NaN,NaN,1
2024-07-11T15:37:00-04:00,9.212151191942624,9.212151191942624,9.21,9.21,9.23973873456218,9.211082610563885,9.211396648044694,0,0,19479,19478,0,0,0,0,NaN,NaN,37.65760767263685,NaN,NaN,NaN,9.300529283645732,9.229707259999998,NaN,NaN,NaN,NaN,NaN,NaN,NaN,NaN,NaN,NaN,1,0,0,0,0,NaN,NaN,37.65760767263685,NaN,NaN,NaN,9.300529283645732,9.229707259999998,NaN,NaN,NaN,NaN,NaN,NaN,NaN,NaN,NaN,NaN,1
2024-07-12T09:30:00-04:00,9.211075595971312,9.211075595971312,9.17,9.17,9.227058964641785,9.210455395135428,9.17,0,0,19479,19478,0,0,0,0,NaN,NaN,32.858021098651655,NaN,NaN,NaN,9.300529283645732,9.229707259999998,NaN,NaN,NaN,NaN,NaN,NaN,NaN,NaN,NaN,NaN,1,0,0,0,0,NaN,NaN,32.858021098651655,NaN,NaN,NaN,9.300529283645732,9.229707259999998,NaN,NaN,NaN,NaN,NaN,NaN,NaN,NaN,NaN,NaN,1
2024-07-12T11:16:00-04:00,9.190537797985655,9.235,9.190537797985655,9.235,9.228502789252369,9.210830121927254,9.223444444444443,0,0,19479,19478,0,0,0,0,NaN,NaN,30.279162272070987,NaN,NaN,NaN,9.300529283645732,9.229707259999998,NaN,NaN,NaN,NaN,NaN,NaN,NaN,NaN,NaN,NaN,1,0,0,0,0,NaN,NaN,30.279162272070987,NaN,NaN,NaN,9.300529283645732,9.229707259999998,NaN,NaN,NaN,NaN,NaN,NaN,NaN,NaN,NaN,NaN,1
2024-07-12T12:29:00-04:00,9.212768898992827,9.23,9.212768898992827,9.23,9.228775009388302,9.211122791821493,9.224290322580643,0,0,19479,19478,0,0,0,0,NaN,NaN,27.57989437410658,NaN,NaN,NaN,9.300529283645732,9.229707259999998,NaN,NaN,NaN,NaN,NaN,NaN,NaN,NaN,NaN,NaN,1,0,0,0,0,NaN,NaN,27.57989437410658,NaN,NaN,NaN,9.300529283645732,9.229707259999998,NaN,NaN,NaN,NaN,NaN,NaN,NaN,NaN,NaN,NaN,1
2024-07-12T13:29:00-04:00,9.221384449496414,9.24,9.221384449496414,9.24,9.230815916772247,9.211563665228798,9.226085714285713,0,0,19479,19478,0,0,0,0,NaN,NaN,25.18883074467385,NaN,NaN,NaN,9.300529283645732,9.229707259999998,NaN,NaN,NaN,NaN,NaN,NaN,NaN,NaN,NaN,NaN,1,0,0,0,0,NaN,NaN,25.18883074467385,NaN,NaN,NaN,9.300529283645732,9.229707259999998,NaN,NaN,NaN,NaN,NaN,NaN,NaN,NaN,NaN,NaN,1
2024-07-12T13:30:00-04:00,9.230692224748207,9.24,9.22,9.2275,9.230213022813656,9.211806968049732,9.226529411764705,0,0,19479,19478,0,0,0,0,NaN,NaN,22.500546695864358,NaN,NaN,NaN,9.300529283645732,9.229707259999998,NaN,NaN,NaN,NaN,NaN,NaN,NaN,NaN,NaN,NaN,1,0,0,0,0,NaN,NaN,22.500546695864358,NaN,NaN,NaN,9.300529283645732,9.229707259999998,NaN,NaN,NaN,NaN,NaN,NaN,NaN,NaN,NaN,NaN,1
2024-07-12T13:31:00-04:00,9.229096112374103,9.229096112374103,9.22,9.22,9.22835610957481,9.211932052506988,9.226054545454545,0,0,19479,19478,0,0,0,0,NaN,NaN,19.697955411289094,NaN,NaN,NaN,9.300529283645732,9.229707259999998,NaN,NaN,NaN,NaN,NaN,NaN,NaN,NaN,NaN,NaN,1,0,0,0,0,NaN,NaN,19.697955411289094,NaN,NaN,NaN,9.300529283645732,9.229707259999998,NaN,NaN,NaN,NaN,NaN,NaN,NaN,NaN,NaN,NaN,1
2024-07-12T13:39:00-04:00,9.224548056187052,9.224548056187052,9.2,9.2,9.22320045328848,9.211749883766423,9.220183098591548,0,0,19479,19478,0,0,0,0,NaN,NaN,16.533741598438432,NaN,NaN,NaN,9.300529283645732,9.229707259999998,NaN,NaN,NaN,NaN,NaN,NaN,NaN,NaN,NaN,NaN,1,0,0,0,0,NaN,NaN,16.533741598438432,NaN,NaN,NaN,9.300529283645732,9.229707259999998,NaN,NaN,NaN,NaN,NaN,NaN,NaN,NaN,NaN,NaN,1
2024-07-12T13:52:00-04:00,9.212274028093525,9.212274028093525,9.0901,9.0901,9.199000370872394,9.209892633632585,9.191593406593407,0,0,19479,19478,0,0,0,0,NaN,NaN,11.195448405494702,NaN,NaN,NaN,9.300529283645732,9.229707259999998,NaN,NaN,NaN,NaN,NaN,NaN,NaN,NaN,NaN,NaN,1,0,0,0,0,NaN,NaN,11.195448405494702,NaN,NaN,NaN,9.300529283645732,9.229707259999998,NaN,NaN,NaN,NaN,NaN,NaN,NaN,NaN,NaN,NaN,1
2024-07-12T13:53:00-04:00,9.151187014046762,9.17,9.151187014046762,9.17,9.193727576168323,9.209283585790866,9.187702702702703,0,0,19479,19478,0,0,0,0,NaN,NaN,8.317300257571972,NaN,NaN,NaN,9.300529283645732,9.229707259999998,NaN,NaN,NaN,NaN,NaN,NaN,NaN,NaN,NaN,NaN,1,0,0,0,0,NaN,NaN,8.317300257571972,NaN,NaN,NaN,9.300529283645732,9.229707259999998,NaN,NaN,NaN,NaN,NaN,NaN,NaN,NaN,NaN,NaN,1
2024-07-12T13:54:00-04:00,9.160593507023382,9.2,9.160593507023382,9.2,9.19486801686499,9.209141851656653,9.18813043478261,0,0,19479,19478,0,0,0,0,NaN,NaN,6.267656726144562,NaN,NaN,NaN,9.300529283645732,9.229707259999998,NaN,NaN,NaN,NaN,NaN,NaN,NaN,NaN,NaN,NaN,1,0,0,0,0,NaN,NaN,6.267656726144562,NaN,NaN,NaN,9.300529283645732,9.229707259999998,NaN,NaN,NaN,NaN,NaN,NaN,NaN,NaN,NaN,NaN,1
2024-07-12T13:55:00-04:00,9.18029675351169,9.2,9.18029675351169,9.2,9.19580110470772,9.209002281402354,9.188858961802154,0,0,19479,19478,0,0,0,0,NaN,NaN,3.185980485006161,NaN,NaN,NaN,9.300529283645732,9.229707259999998,NaN,NaN,NaN,NaN,NaN,NaN,NaN,NaN,NaN,NaN,1,0,0,0,0,NaN,NaN,3.185980485006161,NaN,NaN,NaN,9.300529283645732,9.229707259999998,NaN,NaN,NaN,NaN,NaN,NaN,NaN,NaN,NaN,NaN,1
2024-07-12T15:58:00-04:00,9.190148376755845,9.2,9.190148376755845,9.2,9.196564540215407,9.20886484199163,9.189541832669322,0,0,19479,19478,0,0,0,0,NaN,NaN,1.058133418512178,NaN,NaN,NaN,9.300529283645732,9.229707259999998,NaN,NaN,NaN,NaN,NaN,NaN,NaN,NaN,NaN,NaN,1,0,0,0,0,NaN,NaN,1.058133418512178,NaN,NaN,NaN,9.300529283645732,9.229707259999998,NaN,NaN,NaN,NaN,NaN,NaN,NaN,NaN,NaN,NaN,1
2024-07-15T09:30:00-04:00,9.195074188377923,9.28,9.195074188377923,9.28,9.211734623812605,9.209950874938324,9.28,0,0,19479,19478,0,0,0,0,NaN,NaN,0.2571040511875623,NaN,NaN,NaN,9.300529283645732,9.229707259999998,NaN,NaN,NaN,NaN,NaN,NaN,NaN,NaN,NaN,NaN,1,0,0,0,0,NaN,NaN,0.2571040511875623,NaN,NaN,NaN,9.300529283645732,9.229707259999998,NaN,NaN,NaN,NaN,NaN,NaN,NaN,NaN,NaN,NaN,1
2024-07-15T10:13:00-04:00,9.237537094188962,9.33,9.237537094188962,9.33,9.233237419483041,9.211783686007967,9.305,0,0,19479,19478,0,0,0,0,NaN,NaN,0.11989395049151377,NaN,NaN,NaN,9.300529283645732,9.229707259999998,NaN,NaN,NaN,NaN,NaN,NaN,NaN,NaN,NaN,NaN,1,0,0,0,0,NaN,NaN,0.11989395049151377,NaN,NaN,NaN,9.300529283645732,9.229707259999998,NaN,NaN,NaN,NaN,NaN,NaN,NaN,NaN,NaN,NaN,1
2024-07-15T10:34:00-04:00,9.283768547094482,9.335,9.283768547094482,9.335,9.251739706849762,9.213664851107083,9.315,0,0,19479,19478,0,0,0,0,NaN,NaN,0.047207764593398135,NaN,NaN,NaN,9.300529283645732,9.229707259999998,NaN,NaN,NaN,NaN,NaN,NaN,NaN,NaN,NaN,NaN,1,0,0,0,0,NaN,NaN,0.047207764593398135,NaN,NaN,NaN,9.300529283645732,9.229707259999998,NaN,NaN,NaN,NaN,NaN,NaN,NaN,NaN,NaN,NaN,1
2024-07-15T11:00:00-04:00,9.309384273547241,9.36,9.309384273547241,9.36,9.271423396513441,9.215898975517662,9.336843910806174,0,0,19479,19478,0,0,0,0,NaN,NaN,0.07398870097643008,NaN,NaN,NaN,9.300529283645732,9.229707259999998,NaN,NaN,NaN,NaN,NaN,NaN,NaN,NaN,NaN,NaN,1,0,0,0,0,NaN,NaN,0.07398870097643008,NaN,NaN,NaN,9.300529283645732,9.229707259999998,NaN,NaN,NaN,NaN,NaN,NaN,NaN,NaN,NaN,NaN,1
2024-07-15T11:40:00-04:00,9.33469213677362,9.36,9.33469213677362,9.36,9.287528233510997,9.218098991158614,9.340234260614933,0,0,19479,19478,0,0,0,0,NaN,NaN,0.0625038845750561,NaN,NaN,NaN,9.300529283645732,9.229707259999998,NaN,NaN,NaN,NaN,NaN,NaN,NaN,NaN,NaN,NaN,1,0,0,0,0,NaN,NaN,0.0625038845750561,NaN,NaN,NaN,9.300529283645732,9.229707259999998,NaN,NaN,NaN,NaN,NaN,NaN,NaN,NaN,NaN,NaN,1
2024-07-15T12:22:00-04:00,9.347346068386809,9.36,9.347346068386809,9.36,9.30070491832718,9.220265418774513,9.342976040353088,0,0,19479,19478,0,0,0,0,NaN,NaN,0.10273364529280683,NaN,NaN,NaN,9.300529283645732,9.229707259999998,NaN,NaN,NaN,NaN,NaN,NaN,NaN,NaN,NaN,NaN,1,0,0,0,0,NaN,NaN,0.10273364529280683,NaN,NaN,NaN,9.300529283645732,9.229707259999998,NaN,NaN,NaN,NaN,NaN,NaN,NaN,NaN,NaN,NaN,1
2024-07-15T13:10:00-04:00,9.353673034193404,9.353673034193404,9.34,9.34,9.30784947863133,9.222093427648185,9.342642777155655,0,0,19479,19478,0,0,0,0,NaN,NaN,0.13245243925360387,NaN,NaN,NaN,9.300529283645732,9.229707259999998,NaN,NaN,NaN,NaN,NaN,NaN,NaN,NaN,NaN,NaN,1,0,0,0,0,NaN,NaN,0.13245243925360387,NaN,NaN,NaN,9.300529283645732,9.229707259999998,NaN,NaN,NaN,NaN,NaN,NaN,NaN,NaN,NaN,NaN,1
2024-07-15T14:32:00-04:00,9.346836517096701,9.346836517096701,9.3401,9.3401,9.313713209789269,9.223895054706992,9.34173007896626,0,0,19479,19478,0,0,0,0,NaN,NaN,0.15181087487346853,NaN,NaN,NaN,9.300529283645732,9.229707259999998,NaN,NaN,NaN,NaN,NaN,NaN,NaN,NaN,NaN,NaN,1,0,0,0,0,NaN,NaN,0.15181087487346853,NaN,NaN,NaN,9.300529283645732,9.229707259999998,NaN,NaN,NaN,NaN,NaN,NaN,NaN,NaN,NaN,NaN,1
2024-07-15T14:33:00-04:00,9.34346825854835,9.34346825854835,9.34,9.34,9.318492626191219,9.225667649291617,9.341512868801004,0,0,19479,19478,0,0,0,0,NaN,NaN,0.06649884266169016,NaN,NaN,NaN,9.300529283645732,9.229707259999998,NaN,NaN,NaN,NaN,NaN,NaN,NaN,NaN,NaN,NaN,1,0,0,0,0,NaN,NaN,0.06649884266169016,NaN,NaN,NaN,9.300529283645732,9.229707259999998,NaN,NaN,NaN,NaN,NaN,NaN,NaN,NaN,NaN,NaN,1
2024-07-15T14:37:00-04:00,9.341734129274176,9.341734129274176,9.34,9.34,9.322403057792815,9.2274131813635,9.341423508564677,0,0,19479,19478,0,0,0,0,NaN,NaN,0.011895862095799075,NaN,NaN,NaN,9.300529283645732,9.229707259999998,NaN,NaN,NaN,NaN,NaN,NaN,NaN,NaN,NaN,NaN,1,0,0,0,0,NaN,NaN,0.011895862095799075,NaN,NaN,NaN,9.300529283645732,9.229707259999998,NaN,NaN,NaN,NaN,NaN,NaN,NaN,NaN,NaN,NaN,1
2024-07-15T15:57:00-04:00,9.340867064637088,9.340867064637088,9.27,9.27,9.312875229103213,9.228063361800698,9.337440044617958,0,0,19479,19478,0,0,0,0,NaN,NaN,0.07784845056715246,NaN,NaN,NaN,9.300529283645732,9.229707259999998,NaN,NaN,NaN,NaN,NaN,NaN,NaN,NaN,NaN,NaN,1,0,0,0,0,NaN,NaN,0.07784845056715246,NaN,NaN,NaN,9.300529283645732,9.229707259999998,NaN,NaN,NaN,NaN,NaN,NaN,NaN,NaN,NaN,NaN,1
2024-07-16T10:00:00-04:00,9.305433532318544,9.305433532318544,9.27,9.27,9.305079732902628,9.228703615819008,9.27,0,0,19479,19478,0,0,0,0,NaN,NaN,0.43303700332526557,NaN,NaN,NaN,9.300529283645732,9.229707259999998,NaN,NaN,NaN,NaN,NaN,NaN,NaN,NaN,NaN,NaN,1,0,0,0,0,NaN,NaN,0.43303700332526557,NaN,NaN,NaN,9.300529283645732,9.229707259999998,NaN,NaN,NaN,NaN,NaN,NaN,NaN,NaN,NaN,NaN,1
2024-07-16T14:30:00-04:00,9.28771676615927,9.36,9.28771676615927,9.36,9.315065236011241,9.230708140768336,9.354705882352942,1,0,19479,19478,0,0,0,0,NaN,NaN,0.5172666329167683,NaN,NaN,NaN,9.300529283645732,9.229707259999998,NaN,NaN,NaN,NaN,NaN,NaN,NaN,NaN,NaN,NaN,1,0,0,0,0,NaN,NaN,0.5172666329167683,NaN,NaN,NaN,9.300529283645732,9.229707259999998,NaN,NaN,NaN,NaN,NaN,NaN,NaN,NaN,NaN,NaN,1
2024-07-16T14:45:00-04:00,9.323858383079635,9.323858383079635,9.29,9.29,9.310507920372833,9.231613359993247,9.35234060640408,0,0,19479,19478,0,0,0,0,NaN,NaN,1.0611507774552853,NaN,NaN,NaN,9.300529283645732,9.229707259999998,NaN,NaN,NaN,NaN,NaN,NaN,NaN,NaN,NaN,NaN,1,0,0,0,0,NaN,NaN,1.0611507774552853,NaN,NaN,NaN,9.300529283645732,9.229707259999998,NaN,NaN,NaN,NaN,NaN,NaN,NaN,NaN,NaN,NaN,1
2024-07-16T15:20:00-04:00,9.306929191539817,9.306929191539817,9.25,9.25,9.299506480305045,9.231894072054418,9.34952052907137,0,0,19479,19478,0,0,0,0,NaN,NaN,2.2120625322352363,NaN,NaN,NaN,9.300529283645732,9.229707259999998,NaN,NaN,NaN,NaN,NaN,NaN,NaN,NaN,NaN,NaN,1,0,0,0,0,NaN,NaN,2.2120625322352363,NaN,NaN,NaN,9.300529283645732,9.229707259999998,NaN,NaN,NaN,NaN,NaN,NaN,NaN,NaN,NaN,NaN,1
2024-07-17T09:30:00-04:00,9.278464595769908,9.278464595769908,9.16,9.16,9.274141665704127,9.23079645263374,9.16,0,0,19479,19478,0,0,0,0,NaN,NaN,5.265937566080394,NaN,NaN,NaN,9.300529283645732,9.229707259999998,NaN,NaN,NaN,NaN,NaN,NaN,NaN,NaN,NaN,NaN,1,0,0,0,0,NaN,NaN,5.265937566080394,NaN,NaN,NaN,9.300529283645732,9.229707259999998,NaN,NaN,NaN,NaN,NaN,NaN,NaN,NaN,NaN,NaN,1
2024-07-17T09:39:00-04:00,9.219232297884954,9.33,9.219232297884954,9.33,9.284297726485194,9.232311010608797,9.222962962962962,0,0,19479,19478,0,0,0,0,NaN,NaN,6.944268578672158,NaN,NaN,NaN,9.300529283645732,9.229707259999998,NaN,NaN,NaN,NaN,NaN,NaN,NaN,NaN,NaN,NaN,1,0,0,0,0,NaN,NaN,6.944268578672158,NaN,NaN,NaN,9.300529283645732,9.229707259999998,NaN,NaN,NaN,NaN,NaN,NaN,NaN,NaN,NaN,NaN,1
2024-07-17T09:57:00-04:00,9.274616148942478,9.33,9.274616148942478,9.33,9.292607230760613,9.233802445561334,9.268510638297872,0,0,19479,19478,0,0,0,0,NaN,NaN,5.148818010909309,NaN,NaN,NaN,9.300529283645732,9.229707259999998,NaN,NaN,NaN,NaN,NaN,NaN,NaN,NaN,NaN,NaN,1,0,0,0,0,NaN,NaN,5.148818010909309,NaN,NaN,NaN,9.300529283645732,9.229707259999998,NaN,NaN,NaN,NaN,NaN,NaN,NaN,NaN,NaN,NaN,1
2024-07-17T10:07:00-04:00,9.302308074471238,9.3811,9.302308074471238,9.355550000000001,9.30405137062232,9.235661186850475,9.31753094795539,1,0,19479,19478,0,0,0,0,NaN,NaN,6.218076258379536,NaN,NaN,NaN,9.300529283645732,9.229707259999998,NaN,NaN,NaN,NaN,NaN,NaN,NaN,NaN,NaN,NaN,1,0,0,0,0,NaN,NaN,6.218076258379536,NaN,NaN,NaN,9.300529283645732,9.229707259999998,NaN,NaN,NaN,NaN,NaN,NaN,NaN,NaN,NaN,NaN,1
2024-07-17T10:32:00-04:00,9.32892903723562,9.4,9.32892903723562,9.4,9.321496575963716,9.238170176364209,9.332724260803639,0,0,19479,19478,0,0,0,0,NaN,NaN,4.1168579774528995,NaN,NaN,NaN,9.300529283645732,9.229707259999998,NaN,NaN,NaN,NaN,NaN,NaN,NaN,NaN,NaN,NaN,1,0,0,0,0,NaN,NaN,4.1168579774528995,NaN,NaN,NaN,9.300529283645732,9.229707259999998,NaN,NaN,NaN,NaN,NaN,NaN,NaN,NaN,NaN,NaN,1
2024-07-17T10:44:00-04:00,9.36446451861781,9.43,9.36446451861781,9.43,9.34122447124304,9.241098875961702,9.374671539456664,0,0,19479,19478,0,0,0,0,NaN,NaN,2.823819659424985,NaN,NaN,NaN,9.300529283645732,9.2477791066,NaN,NaN,NaN,NaN,NaN,NaN,NaN,NaN,NaN,NaN,1,0,0,0,0,NaN,NaN,2.823819659424985,NaN,NaN,NaN,9.300529283645732,9.2477791066,NaN,NaN,NaN,NaN,NaN,NaN,NaN,NaN,NaN,NaN,1
2024-07-17T10:45:00-04:00,9.397232259308904,9.43,9.397232259308904,9.43,9.357365476471578,9.243982862588242,9.376958784621745,0,0,19479,19478,0,0,0,0,NaN,NaN,1.3362659025068897,NaN,NaN,NaN,9.300529283645732,9.2477791066,NaN,NaN,NaN,NaN,NaN,NaN,NaN,NaN,NaN,NaN,1,0,0,0,0,NaN,NaN,1.3362659025068897,NaN,NaN,NaN,9.300529283645732,9.2477791066,NaN,NaN,NaN,NaN,NaN,NaN,NaN,NaN,NaN,NaN,1
2024-07-17T10:46:00-04:00,9.413616129654452,9.43,9.413616129654452,9.43,9.370571753476746,9.246822818884604,9.381009278350517,0,0,19479,19478,0,0,0,0,NaN,NaN,1.157281931450801,NaN,NaN,NaN,9.300529283645732,9.2477791066,NaN,NaN,NaN,NaN,NaN,NaN,NaN,NaN,NaN,NaN,1,0,0,0,0,NaN,NaN,1.157281931450801,NaN,NaN,NaN,9.300529283645732,9.2477791066,NaN,NaN,NaN,NaN,NaN,NaN,NaN,NaN,NaN,NaN,1
2024-07-17T10:47:00-04:00,9.421808064827225,9.43,9.421808064827225,9.43,9.381376889208246,9.249619417069573,9.383746683489546,0,0,19479,19478,0,0,0,0,NaN,NaN,0.34593997821611033,NaN,NaN,NaN,9.300529283645732,9.2477791066,NaN,NaN,NaN,NaN,NaN,NaN,NaN,NaN,NaN,NaN,1,0,0,0,0,NaN,NaN,0.34593997821611033,NaN,NaN,NaN,9.300529283645732,9.2477791066,NaN,NaN,NaN,NaN,NaN,NaN,NaN,NaN,NaN,NaN,1
2024-07-17T10:51:00-04:00,9.425904032413612,9.4301,9.425904032413612,9.4301,9.39023563662493,9.252374845816602,9.38535953375087,0,0,19479,19478,0,0,0,0,NaN,NaN,0.0011761674153218098,NaN,NaN,NaN,9.300529283645732,9.269701613808,NaN,NaN,NaN,NaN,NaN,NaN,NaN,NaN,NaN,NaN,1,0,0,0,0,NaN,NaN,0.0011761674153218098,NaN,NaN,NaN,9.300529283645732,9.269701613808,NaN,NaN,NaN,NaN,NaN,NaN,NaN,NaN,NaN,NaN,1
2024-07-17T13:37:00-04:00,9.428002016206806,9.428002016206806,9.42,9.42,9.39564733905676,9.25493400847589,9.387411882160393,0,0,19479,19478,0,0,0,0,NaN,NaN,0.21706220954854474,NaN,NaN,NaN,9.300529283645732,9.269701613808,NaN,NaN,NaN,NaN,NaN,NaN,NaN,NaN,NaN,NaN,1,0,0,0,0,NaN,NaN,0.21706220954854474,NaN,NaN,NaN,9.300529283645732,9.269701613808,NaN,NaN,NaN,NaN,NaN,NaN,NaN,NaN,NaN,NaN,1
2024-07-17T13:42:00-04:00,9.424001008103403,9.424001008103403,9.4,9.4,9.39643873195553,9.257148756438092,9.390024202334631,0,0,19479,19478,0,0,0,0,NaN,NaN,1.1846153047158514,NaN,NaN,NaN,9.300529283645732,9.269701613808,NaN,NaN,NaN,NaN,NaN,NaN,NaN,NaN,NaN,NaN,1,0,0,0,0,NaN,NaN,1.1846153047158514,NaN,NaN,NaN,9.300529283645732,9.269701613808,NaN,NaN,NaN,NaN,NaN,NaN,NaN,NaN,NaN,NaN,1
2024-07-17T13:54:00-04:00,9.4120005040517,9.4120005040517,9.38,9.38325,9.394040780690888,9.259073966263465,9.38907783976791,0,0,19479,19478,0,0,0,0,NaN,NaN,3.0312687025459715,NaN,NaN,NaN,9.300529283645732,9.269701613808,NaN,NaN,NaN,NaN,NaN,NaN,NaN,NaN,NaN,NaN,1,0,0,0,0,NaN,NaN,3.0312687025459715,NaN,NaN,NaN,9.300529283645732,9.269701613808,NaN,NaN,NaN,NaN,NaN,NaN,NaN,NaN,NaN,NaN,1
2024-07-17T13:55:00-04:00,9.39762525202585,9.39762525202585,9.36,9.370000000000001,9.389669729656182,9.260767493496084,9.388262721640675,0,0,19479,19478,0,0,0,0,NaN,NaN,5.124028104077207,NaN,NaN,NaN,9.300529283645732,9.269701613808,NaN,NaN,NaN,NaN,NaN,NaN,NaN,NaN,NaN,NaN,1,0,0,0,0,NaN,NaN,5.124028104077207,NaN,NaN,NaN,9.300529283645732,9.269701613808,NaN,NaN,NaN,NaN,NaN,NaN,NaN,NaN,NaN,NaN,1
2024-07-17T13:56:00-04:00,9.383812626012926,9.383812626012926,9.36,9.36,9.384275233355059,9.26228249359538,9.387671574984314,0,0,19479,19478,0,0,0,0,NaN,NaN,7.662605795767344,NaN,NaN,NaN,9.300529283645732,9.269701613808,NaN,NaN,NaN,NaN,NaN,NaN,NaN,NaN,NaN,NaN,1,0,0,0,0,NaN,NaN,7.662605795767344,NaN,NaN,NaN,9.300529283645732,9.269701613808,NaN,NaN,NaN,NaN,NaN,NaN,NaN,NaN,NaN,NaN,1
2024-07-17T13:57:00-04:00,9.371906313006463,9.39,9.371906313006463,9.385000000000002,9.384407009108685,9.264156043311482,9.38710044400592,0,0,19479,19478,0,0,0,0,NaN,NaN,9.98768426121353,NaN,NaN,NaN,9.300529283645732,9.269701613808,NaN,NaN,NaN,NaN,NaN,NaN,NaN,NaN,NaN,NaN,1,0,0,0,0,NaN,NaN,9.98768426121353,NaN,NaN,NaN,9.300529283645732,9.269701613808,NaN,NaN,NaN,NaN,NaN,NaN,NaN,NaN,NaN,NaN,1
2024-07-17T14:01:00-04:00,9.378453156503232,9.39,9.378453156503232,9.39,9.38542391654347,9.266077325092986,9.387192771851616,0,0,19479,19478,0,0,0,0,NaN,NaN,12.782528687517889,NaN,NaN,NaN,9.300529283645732,9.269701613808,NaN,NaN,NaN,NaN,NaN,NaN,NaN,NaN,NaN,NaN,1,0,0,0,0,NaN,NaN,12.782528687517889,NaN,NaN,NaN,9.300529283645732,9.269701613808,NaN,NaN,NaN,NaN,NaN,NaN,NaN,NaN,NaN,NaN,1
2024-07-17T14:12:00-04:00,9.384226578251617,9.42,9.384226578251617,9.42,9.39171047717193,9.268427289595383,9.387706911142455,0,0,19479,19478,0,0,0,0,NaN,NaN,16.22887010222933,NaN,NaN,NaN,9.300529283645732,9.269701613808,NaN,NaN,NaN,NaN,NaN,NaN,NaN,NaN,NaN,NaN,1,0,0,0,0,NaN,NaN,16.22887010222933,NaN,NaN,NaN,9.300529283645732,9.269701613808,NaN,NaN,NaN,NaN,NaN,NaN,NaN,NaN,NaN,NaN,1
2024-07-17T14:51:00-04:00,9.402113289125808,9.42,9.402113289125808,9.42,9.396854026777033,9.270741376777133,9.388205184385127,0,0,19479,19478,0,0,0,0,NaN,NaN,18.25537224016278,NaN,NaN,NaN,9.300529283645732,9.269701613808,NaN,NaN,NaN,NaN,NaN,NaN,NaN,NaN,NaN,NaN,1,0,0,0,0,NaN,NaN,18.25537224016278,NaN,NaN,NaN,9.300529283645732,9.269701613808,NaN,NaN,NaN,NaN,NaN,NaN,NaN,NaN,NaN,NaN,1
2024-07-17T15:15:00-04:00,9.411056644562905,9.411056644562905,9.4,9.4,9.397426021908482,9.272714790872138,9.388384409664186,0,0,19479,19478,0,0,0,0,NaN,NaN,20.734676351441635,NaN,NaN,NaN,9.300529283645732,9.269701613808,NaN,NaN,NaN,NaN,NaN,NaN,NaN,NaN,NaN,NaN,1,0,0,0,0,NaN,NaN,20.734676351441635,NaN,NaN,NaN,9.300529283645732,9.269701613808,NaN,NaN,NaN,NaN,NaN,NaN,NaN,NaN,NaN,NaN,1
2024-07-17T15:16:00-04:00,9.405528322281452,9.405528322281452,9.36,9.36,9.390621290652394,9.274047389484776,9.385655514352425,0,0,19479,19478,0,0,0,0,NaN,NaN,22.1322704619387,NaN,NaN,NaN,9.300529283645732,9.269701613808,NaN,NaN,NaN,NaN,NaN,NaN,NaN,NaN,NaN,NaN,1,0,0,0,0,NaN,NaN,22.1322704619387,NaN,NaN,NaN,9.300529283645732,9.269701613808,NaN,NaN,NaN,NaN,NaN,NaN,NaN,NaN,NaN,NaN,1
2024-07-17T15:17:00-04:00,9.382764161140726,9.382764161140726,9.33,9.33,9.379599237806504,9.274901627813254,9.384745717373683,0,0,19479,19478,0,0,0,0,NaN,NaN,22.788040031339417,NaN,NaN,NaN,9.300529283645732,9.269701613808,NaN,NaN,NaN,NaN,NaN,NaN,NaN,NaN,NaN,NaN,1,0,0,0,0,NaN,NaN,22.788040031339417,NaN,NaN,NaN,9.300529283645732,9.269701613808,NaN,NaN,NaN,NaN,NaN,NaN,NaN,NaN,NaN,NaN,1
2024-07-17T15:18:00-04:00,9.356382080570363,9.356382080570363,9.27,9.27,9.359672103659866,9.274826793800838,9.381726887661141,0,0,19479,19478,0,0,0,0,NaN,NaN,22.61579376494429,NaN,NaN,NaN,9.300529283645732,9.269701613808,NaN,NaN,NaN,NaN,NaN,NaN,NaN,NaN,NaN,NaN,1,0,0,0,0,NaN,NaN,22.61579376494429,NaN,NaN,NaN,9.300529283645732,9.269701613808,NaN,NaN,NaN,NaN,NaN,NaN,NaN,NaN,NaN,NaN,1
2024-07-17T15:20:00-04:00,9.313191040285181,9.34,9.313191040285181,9.34,9.35609535753989,9.275821804582504,9.381185120747856,0,0,19479,19478,0,0,0,0,NaN,NaN,23.004763079365596,NaN,NaN,NaN,9.300529283645732,9.269701613808,NaN,NaN,NaN,NaN,NaN,NaN,NaN,NaN,NaN,NaN,1,0,0,0,0,NaN,NaN,23.004763079365596,NaN,NaN,NaN,9.300529283645732,9.269701613808,NaN,NaN,NaN,NaN,NaN,NaN,NaN,NaN,NaN,NaN,1
2024-07-17T15:27:00-04:00,9.32659552014259,9.43,9.32659552014259,9.43,9.369532565259911,9.278175670161398,9.387555633325807,0,0,19479,19478,0,0,0,0,NaN,NaN,25.54114639821744,NaN,NaN,NaN,9.300529283645732,9.269701613808,NaN,NaN,NaN,NaN,NaN,NaN,NaN,NaN,NaN,NaN,1,0,0,0,0,NaN,NaN,25.54114639821744,NaN,NaN,NaN,9.300529283645732,9.269701613808,NaN,NaN,NaN,NaN,NaN,NaN,NaN,NaN,NaN,NaN,1
2024-07-17T15:31:00-04:00,9.378297760071295,9.39,9.378297760071295,9.3895,9.373163007939928,9.279875278250536,9.387619327364053,0,0,19479,19478,0,0,0,0,NaN,NaN,26.99025275564822,NaN,NaN,NaN,9.300529283645732,9.269701613808,NaN,NaN,NaN,NaN,NaN,NaN,NaN,NaN,NaN,NaN,1,0,0,0,0,NaN,NaN,26.99025275564822,NaN,NaN,NaN,9.300529283645732,9.269701613808,NaN,NaN,NaN,NaN,NaN,NaN,NaN,NaN,NaN,NaN,1
2024-07-17T15:36:00-04:00,9.383898880035648,9.45,9.383898880035648,9.45,9.387133370132668,9.282472602246711,9.389597991118631,1,0,19479,19478,0,0,0,0,NaN,NaN,29.355852213153593,NaN,NaN,NaN,9.300529283645732,9.305203871736799,NaN,NaN,NaN,NaN,NaN,NaN,NaN,NaN,NaN,NaN,1,0,0,0,0,NaN,NaN,29.355852213153593,NaN,NaN,NaN,9.300529283645732,9.305203871736799,NaN,NaN,NaN,NaN,NaN,NaN,NaN,NaN,NaN,NaN,1
2024-07-17T15:44:00-04:00,9.416949440017824,9.416949440017824,9.39,9.39,9.387654575563092,9.284114241907067,9.389602197112367,0,0,19479,19478,0,0,0,0,NaN,NaN,30.677391130681787,NaN,NaN,NaN,9.300529283645732,9.305203871736799,NaN,NaN,NaN,NaN,NaN,NaN,NaN,NaN,NaN,NaN,1,0,0,0,0,NaN,NaN,30.677391130681787,NaN,NaN,NaN,9.300529283645732,9.305203871736799,NaN,NaN,NaN,NaN,NaN,NaN,NaN,NaN,NaN,NaN,1
2024-07-17T15:45:00-04:00,9.403474720008912,9.403474720008912,9.36,9.36,9.382626470915257,9.285272803099327,9.389295692689998,0,0,19479,19478,0,0,0,0,NaN,NaN,31.21407927679757,NaN,NaN,NaN,9.300529283645732,9.305203871736799,NaN,NaN,NaN,NaN,NaN,NaN,NaN,NaN,NaN,NaN,1,0,0,0,0,NaN,NaN,31.21407927679757,NaN,NaN,NaN,9.300529283645732,9.305203871736799,NaN,NaN,NaN,NaN,NaN,NaN,NaN,NaN,NaN,NaN,1
2024-07-17T15:46:00-04:00,9.381737360004456,9.4,9.381737360004456,9.395,9.38487620347612,9.28694802747949,9.389543706051303,0,0,19479,19478,0,0,0,0,NaN,NaN,32.548929501030514,NaN,NaN,NaN,9.300529283645732,9.305203871736799,NaN,NaN,NaN,NaN,NaN,NaN,NaN,NaN,NaN,NaN,1,0,0,0,0,NaN,NaN,32.548929501030514,NaN,NaN,NaN,9.300529283645732,9.305203871736799,NaN,NaN,NaN,NaN,NaN,NaN,NaN,NaN,NaN,NaN,1
2024-07-17T15:51:00-04:00,9.388368680002227,9.43,9.388368680002227,9.41,9.389444166480462,9.288826683548505,9.391245146644874,0,0,19479,19478,0,0,0,0,NaN,NaN,35.10135072906921,NaN,NaN,NaN,9.300529283645732,9.305203871736799,NaN,NaN,NaN,NaN,NaN,NaN,NaN,NaN,NaN,NaN,1,0,0,0,0,NaN,NaN,35.10135072906921,NaN,NaN,NaN,9.300529283645732,9.305203871736799,NaN,NaN,NaN,NaN,NaN,NaN,NaN,NaN,NaN,NaN,1
2024-07-17T15:55:00-04:00,9.399184340001113,9.44,9.399184340001113,9.44,9.398636136211287,9.29113467311265,9.393003308533917,1,0,19479,19478,0,0,0,0,NaN,NaN,40.49113110510591,NaN,NaN,NaN,9.300529283645732,9.305203871736799,NaN,NaN,NaN,NaN,NaN,NaN,NaN,NaN,NaN,NaN,1,0,0,0,0,NaN,NaN,40.49113110510591,NaN,NaN,NaN,9.300529283645732,9.305203871736799,NaN,NaN,NaN,NaN,NaN,NaN,NaN,NaN,NaN,NaN,1
2024-07-18T09:30:00-04:00,9.419592170000556,9.46,9.419592170000556,9.46,9.40979320235469,9.29371276970635,9.46,0,0,19479,19478,0,0,0,0,NaN,NaN,47.00789870061619,NaN,NaN,NaN,9.300529283645732,9.337167174824177,NaN,NaN,NaN,NaN,NaN,NaN,NaN,NaN,NaN,NaN,1,0,0,0,0,NaN,NaN,47.00789870061619,NaN,NaN,NaN,9.300529283645732,9.337167174824177,NaN,NaN,NaN,NaN,NaN,NaN,NaN,NaN,NaN,NaN,1
2024-07-18T09:33:00-04:00,9.439796085000278,9.5,9.439796085000278,9.5,9.426194438290201,9.296862193069611,9.483880597014924,0,0,19479,19478,0,0,0,0,NaN,NaN,53.624500675802665,NaN,NaN,NaN,9.300529283645732,9.387162068111099,NaN,NaN,NaN,NaN,NaN,NaN,NaN,NaN,NaN,NaN,1,0,0,0,0,NaN,NaN,53.624500675802665,NaN,NaN,NaN,9.300529283645732,9.387162068111099,NaN,NaN,NaN,NaN,NaN,NaN,NaN,NaN,NaN,NaN,1
2024-07-18T09:39:00-04:00,9.46989804250014,9.5,9.46989804250014,9.5,9.439613631328346,9.299963533633434,9.485339366515836,0,0,19479,19478,0,0,0,0,9.5,NaN,60.2991045429095,NaN,NaN,NaN,9.32725695609588,9.387162068111099,NaN,NaN,NaN,NaN,NaN,NaN,NaN,NaN,NaN,NaN,1,0,0,0,0,9.5,NaN,60.2991045429095,NaN,NaN,NaN,9.32725695609588,9.387162068111099,NaN,NaN,NaN,NaN,NaN,NaN,NaN,NaN,NaN,NaN,1
2024-07-18T09:40:00-04:00,9.48494902125007,9.5,9.48494902125007,9.5,9.450592971086829,9.303017525486359,9.48655601659751,0,0,19479,19478,0,0,0,0,NaN,NaN,64.3892879656041,NaN,NaN,NaN,9.410625049234016,9.387162068111099,NaN,NaN,NaN,NaN,NaN,NaN,NaN,NaN,NaN,NaN,1,0,0,0,0,NaN,NaN,64.3892879656041,NaN,NaN,NaN,9.410625049234016,9.387162068111099,NaN,NaN,NaN,NaN,NaN,NaN,NaN,NaN,NaN,NaN,1
2024-07-18T09:47:00-04:00,9.492474510625035,9.5,9.492474510625035,9.5,9.45957606725286,9.306024891509468,9.48846975088968,0,0,19479,19478,0,0,0,0,NaN,NaN,67.41221324296406,NaN,NaN,NaN,9.411006075955815,9.387162068111099,NaN,NaN,NaN,NaN,NaN,NaN,NaN,NaN,NaN,NaN,1,0,0,0,0,NaN,NaN,67.41221324296406,NaN,NaN,NaN,9.411006075955815,9.387162068111099,NaN,NaN,NaN,NaN,NaN,NaN,NaN,NaN,NaN,NaN,1
2024-07-18T09:55:00-04:00,9.496237255312518,9.5,9.496237255312518,9.5,9.466925873206884,9.308986343547492,9.48923588039867,0,0,19479,19478,0,0,0,0,NaN,NaN,68.81712928424393,NaN,NaN,NaN,9.411418121560022,9.387162068111099,NaN,NaN,NaN,NaN,NaN,NaN,NaN,NaN,NaN,NaN,1,0,0,0,0,NaN,NaN,68.81712928424393,NaN,NaN,NaN,9.411418121560022,9.387162068111099,NaN,NaN,NaN,NaN,NaN,NaN,NaN,NaN,NaN,NaN,1
2024-07-18T10:02:00-04:00,9.49811862765626,9.5,9.49811862765626,9.5,9.472939350805632,9.311902582577302,9.49049853372434,0,0,19479,19478,0,0,0,0,NaN,NaN,70.1164796575377,NaN,NaN,NaN,9.411844568944211,9.387162068111099,NaN,NaN,NaN,NaN,NaN,NaN,NaN,NaN,NaN,NaN,1,0,0,0,0,NaN,NaN,70.1164796575377,NaN,NaN,NaN,9.411844568944211,9.387162068111099,NaN,NaN,NaN,NaN,NaN,NaN,NaN,NaN,NaN,NaN,1
2024-07-18T10:10:00-04:00,9.49905931382813,9.5,9.49905931382813,9.5,9.477859468840972,9.314774298873832,9.491928251121076,0,0,19479,19478,0,0,0,0,NaN,NaN,70.69376299800193,NaN,NaN,NaN,9.412277115095485,9.387162068111099,NaN,NaN,NaN,NaN,NaN,NaN,NaN,NaN,NaN,NaN,1,0,0,0,0,NaN,NaN,70.69376299800193,NaN,NaN,NaN,9.412277115095485,9.387162068111099,NaN,NaN,NaN,NaN,NaN,NaN,NaN,NaN,NaN,NaN,1
2024-07-18T10:18:00-04:00,9.499529656914065,9.5,9.499529656914065,9.5,9.481885019960796,9.31760217217347,9.492659719075668,0,0,19479,19478,0,0,0,0,NaN,NaN,71.01438568231961,NaN,NaN,NaN,9.41271161401801,9.387162068111099,NaN,NaN,NaN,NaN,NaN,NaN,NaN,NaN,NaN,NaN,1,0,0,0,0,NaN,NaN,71.01438568231961,NaN,NaN,NaN,9.41271161401801,9.387162068111099,NaN,NaN,NaN,NaN,NaN,NaN,NaN,NaN,NaN,NaN,1
2024-07-18T10:23:00-04:00,9.499764828457032,9.5,9.499764828457032,9.5,9.485178652695197,9.320386871834943,9.494948550046772,0,0,19479,19478,0,0,0,0,NaN,NaN,71.23881527608815,NaN,NaN,NaN,9.41314599819692,9.387162068111099,NaN,NaN,NaN,NaN,NaN,NaN,NaN,NaN,NaN,NaN,1,0,0,0,0,NaN,NaN,71.23881527608815,NaN,NaN,NaN,9.41314599819692,9.387162068111099,NaN,NaN,NaN,NaN,NaN,NaN,NaN,NaN,NaN,NaN,1
2024-07-18T10:24:00-04:00,9.499882414228516,9.5,9.495,9.497499999999999,9.487418897659706,9.323090889058838,9.496483287773358,0,0,19479,19478,0,0,0,0,NaN,NaN,71.338307524019,NaN,NaN,NaN,9.41314599819692,9.387162068111099,NaN,NaN,NaN,NaN,NaN,NaN,NaN,NaN,NaN,NaN,1,0,0,0,0,NaN,NaN,71.338307524019,NaN,NaN,NaN,9.41314599819692,9.387162068111099,NaN,NaN,NaN,NaN,NaN,NaN,NaN,NaN,NaN,NaN,1
2024-07-18T10:25:00-04:00,9.498691207114257,9.4996,9.498691207114257,9.4996,9.48963364353976,9.325785684645727,9.496827751989388,0,0,19479,19478,0,0,0,0,NaN,NaN,71.36436257207453,NaN,NaN,NaN,9.41314599819692,9.387162068111099,NaN,NaN,NaN,NaN,NaN,NaN,NaN,NaN,NaN,NaN,1,0,0,0,0,NaN,NaN,71.36436257207453,NaN,NaN,NaN,9.41314599819692,9.387162068111099,NaN,NaN,NaN,NaN,NaN,NaN,NaN,NaN,NaN,NaN,1
2024-07-18T10:27:00-04:00,9.499145603557128,9.5,9.4957,9.49785,9.49112752653253,9.328412620758005,9.497052509053283,0,0,19479,19478,0,0,0,0,NaN,NaN,71.27045551220532,NaN,NaN,NaN,9.41314599819692,9.387162068111099,NaN,NaN,NaN,NaN,NaN,NaN,NaN,NaN,NaN,NaN,1,0,0,0,0,NaN,NaN,71.27045551220532,NaN,NaN,NaN,9.41314599819692,9.387162068111099,NaN,NaN,NaN,NaN,NaN,NaN,NaN,NaN,NaN,NaN,1
2024-07-18T10:39:00-04:00,9.498497801778564,9.5,9.498497801778564,9.5,9.492740703526616,9.33103227540292,9.497750690880379,0,0,19479,19478,0,0,0,0,NaN,NaN,70.83152884629666,NaN,NaN,NaN,9.41314599819692,9.387162068111099,NaN,NaN,NaN,NaN,NaN,NaN,NaN,NaN,NaN,NaN,1,0,0,0,0,NaN,NaN,70.83152884629666,NaN,NaN,NaN,9.41314599819692,9.387162068111099,NaN,NaN,NaN,NaN,NaN,NaN,NaN,NaN,NaN,NaN,1
2024-07-18T10:40:00-04:00,9.499248900889281,9.499248900889281,9.495,9.495,9.493151484703596,9.33353559944257,9.497732710158191,0,0,19479,19478,0,0,0,0,NaN,NaN,70.79796803571892,NaN,NaN,NaN,9.41314599819692,9.387162068111099,NaN,NaN,NaN,NaN,NaN,NaN,NaN,NaN,NaN,NaN,1,0,0,0,0,NaN,NaN,70.79796803571892,NaN,NaN,NaN,9.41314599819692,9.387162068111099,NaN,NaN,NaN,NaN,NaN,NaN,NaN,NaN,NaN,NaN,1
2024-07-18T10:42:00-04:00,9.497124450444641,9.5,9.495,9.497499999999999,9.493942123848397,9.336038872733523,9.497723225482819,0,0,19479,19478,0,0,0,0,NaN,NaN,70.62694803600256,NaN,NaN,NaN,9.41314599819692,9.387162068111099,NaN,NaN,NaN,NaN,NaN,NaN,NaN,NaN,NaN,NaN,1,0,0,0,0,NaN,NaN,70.62694803600256,NaN,NaN,NaN,9.41314599819692,9.387162068111099,NaN,NaN,NaN,NaN,NaN,NaN,NaN,NaN,NaN,NaN,1
2024-07-18T11:40:00-04:00,9.49731222522232,9.49731222522232,9.49,9.4925,9.493679919512324,9.338427592233774,9.497301706248559,0,0,19479,19478,0,0,0,0,NaN,NaN,70.40342185704502,NaN,NaN,NaN,9.41314599819692,9.387162068111099,NaN,NaN,NaN,NaN,NaN,NaN,NaN,NaN,NaN,NaN,1,0,0,0,0,NaN,NaN,70.40342185704502,NaN,NaN,NaN,9.41314599819692,9.387162068111099,NaN,NaN,NaN,NaN,NaN,NaN,NaN,NaN,NaN,NaN,1
2024-07-18T12:05:00-04:00,9.49490611261116,9.49490611261116,9.48,9.48,9.491192661419175,9.340589003039366,9.497137718396711,0,0,19479,19478,0,0,0,0,NaN,NaN,69.68036546103218,NaN,NaN,NaN,9.41314599819692,9.387162068111099,NaN,NaN,NaN,NaN,NaN,NaN,NaN,NaN,NaN,NaN,1,0,0,0,0,NaN,NaN,69.68036546103218,NaN,NaN,NaN,9.41314599819692,9.387162068111099,NaN,NaN,NaN,NaN,NaN,NaN,NaN,NaN,NaN,NaN,1
2024-07-18T12:07:00-04:00,9.48745305630558,9.48745305630558,9.46,9.46,9.485521268433871,9.342412071695254,9.49692687634836,0,0,19479,19478,0,0,0,0,NaN,NaN,68.3231552684921,NaN,NaN,NaN,9.41314599819692,9.387162068111099,NaN,NaN,NaN,NaN,NaN,NaN,NaN,NaN,NaN,NaN,1,0,0,0,0,NaN,NaN,68.3231552684921,NaN,NaN,NaN,9.41314599819692,9.387162068111099,NaN,NaN,NaN,NaN,NaN,NaN,NaN,NaN,NaN,NaN,1
2024-07-18T12:08:00-04:00,9.47372652815279,9.47372652815279,9.4601,9.4601,9.480899219627712,9.34420883395945,9.496718979338377,0,0,19479,19478,0,0,0,0,NaN,NaN,66.73856993059445,NaN,NaN,NaN,9.41314599819692,9.387162068111099,NaN,NaN,NaN,NaN,NaN,NaN,NaN,NaN,NaN,NaN,1,0,0,0,0,NaN,NaN,66.73856993059445,NaN,NaN,NaN,9.41314599819692,9.387162068111099,NaN,NaN,NaN,NaN,NaN,NaN,NaN,NaN,NaN,NaN,1
2024-07-18T13:59:00-04:00,9.466913264076396,9.466913264076396,9.46,9.46,9.477099361513583,9.345976638021137,9.495517938076777,0,0,19479,19478,0,0,0,0,NaN,NaN,66.21863299174696,NaN,NaN,NaN,9.41314599819692,9.387162068111099,NaN,NaN,NaN,NaN,NaN,NaN,NaN,NaN,NaN,NaN,1,0,0,0,0,NaN,NaN,66.21863299174696,NaN,NaN,NaN,9.41314599819692,9.387162068111099,NaN,NaN,NaN,NaN,NaN,NaN,NaN,NaN,NaN,NaN,1
2024-07-18T14:52:00-04:00,9.463456632038199,9.48,9.351,9.4105,9.464990386692932,9.346961727516998,9.488998210144198,0,0,19479,19478,0,0,0,0,NaN,NaN,62.96365280010665,NaN,NaN,NaN,9.41314599819692,9.387162068111099,NaN,NaN,NaN,NaN,NaN,NaN,NaN,NaN,NaN,NaN,1,0,0,0,0,NaN,NaN,62.96365280010665,NaN,NaN,NaN,9.41314599819692,9.387162068111099,NaN,NaN,NaN,NaN,NaN,NaN,NaN,NaN,NaN,NaN,1
2024-07-18T15:03:00-04:00,9.4369783160191,9.4369783160191,9.4,9.4,9.453173952748763,9.34777147213506,9.488551745761011,0,0,19479,19478,0,0,0,0,NaN,NaN,59.0114764171363,NaN,NaN,NaN,9.41314599819692,9.387162068111099,NaN,NaN,NaN,NaN,NaN,NaN,NaN,NaN,NaN,NaN,1,0,0,0,0,NaN,NaN,59.0114764171363,NaN,NaN,NaN,9.41314599819692,9.387162068111099,NaN,NaN,NaN,NaN,NaN,NaN,NaN,NaN,NaN,NaN,1
2024-07-18T15:11:00-04:00,9.41848915800955,9.41848915800955,9.4,9.407499999999999,9.444869597703534,9.348683358056661,9.48735002965306,0,0,19479,19478,0,0,0,0,NaN,NaN,55.27876382108743,NaN,NaN,NaN,9.41314599819692,9.387162068111099,NaN,NaN,NaN,NaN,NaN,NaN,NaN,NaN,NaN,NaN,1,0,0,0,0,NaN,NaN,55.27876382108743,NaN,NaN,NaN,9.41314599819692,9.387162068111099,NaN,NaN,NaN,NaN,NaN,NaN,NaN,NaN,NaN,NaN,1
2024-07-18T15:48:00-04:00,9.412994579004774,9.5,9.37,9.4575,9.44716603448471,9.350344680834421,9.480475711351186,0,0,19479,19478,0,0,0,0,NaN,NaN,53.35727770068641,NaN,NaN,NaN,9.41314599819692,9.387162068111099,NaN,NaN,NaN,NaN,NaN,NaN,NaN,NaN,NaN,NaN,1,0,0,0,0,NaN,NaN,53.35727770068641,NaN,NaN,NaN,9.41314599819692,9.387162068111099,NaN,NaN,NaN,NaN,NaN,NaN,NaN,NaN,NaN,NaN,1
2024-07-18T15:54:00-04:00,9.435247289502387,9.5,9.435247289502387,9.5,9.456772210032945,9.352629494867484,9.480549700621495,0,0,19479,19478,0,0,0,0,NaN,NaN,52.82709554311275,NaN,NaN,NaN,9.41314599819692,9.387162068111099,NaN,NaN,NaN,NaN,NaN,NaN,NaN,NaN,NaN,NaN,1,0,0,0,0,NaN,NaN,52.82709554311275,NaN,NaN,NaN,9.41314599819692,9.387162068111099,NaN,NaN,NaN,NaN,NaN,NaN,NaN,NaN,NaN,NaN,1
2024-07-18T15:58:00-04:00,9.467623644751193,9.5,9.467623644751193,9.5,9.464631808208773,9.354879426243553,9.48069600947796,0,0,19479,19478,0,0,0,0,NaN,NaN,53.19146202625009,NaN,NaN,NaN,9.41314599819692,9.387162068111099,NaN,NaN,NaN,NaN,NaN,NaN,NaN,NaN,NaN,NaN,1,0,0,0,0,NaN,NaN,53.19146202625009,NaN,NaN,NaN,9.41314599819692,9.387162068111099,NaN,NaN,NaN,NaN,NaN,NaN,NaN,NaN,NaN,NaN,1
2024-07-18T15:59:00-04:00,9.483811822375596,9.5,9.483811822375596,9.5,9.47106238853445,9.357095007522277,9.480855141929949,1,0,19479,19478,0,0,0,0,NaN,NaN,53.57446075362301,NaN,NaN,NaN,9.41314599819692,9.387162068111099,NaN,NaN,NaN,NaN,NaN,NaN,NaN,NaN,NaN,NaN,1,0,0,0,0,NaN,NaN,53.57446075362301,NaN,NaN,NaN,9.41314599819692,9.387162068111099,NaN,NaN,NaN,NaN,NaN,NaN,NaN,NaN,NaN,NaN,1
2024-07-18T16:00:00-04:00,9.491905911187798,9.5,9.491905911187798,9.5,9.476323772437278,9.359276763132623,9.480938330981207,0,0,19479,19478,0,0,0,0,NaN,NaN,54.59972882851781,NaN,NaN,NaN,9.41314599819692,9.387162068111099,NaN,NaN,NaN,NaN,NaN,NaN,NaN,NaN,NaN,NaN,1,0,0,0,0,NaN,NaN,54.59972882851781,NaN,NaN,NaN,9.41314599819692,9.387162068111099,NaN,NaN,NaN,NaN,NaN,NaN,NaN,NaN,NaN,NaN,1
2024-07-19T09:35:00-04:00,9.4959529555939,9.4959529555939,9.48,9.48,9.476992177448682,9.361119865985561,9.48,0,0,19479,19478,0,0,0,0,NaN,NaN,54.98604850155765,NaN,NaN,NaN,9.41314599819692,9.387162068111099,NaN,NaN,NaN,NaN,NaN,NaN,NaN,NaN,NaN,NaN,1,0,0,0,0,NaN,NaN,54.98604850155765,NaN,NaN,NaN,9.41314599819692,9.387162068111099,NaN,NaN,NaN,NaN,NaN,NaN,NaN,NaN,NaN,NaN,1
2024-07-19T10:01:00-04:00,9.48797647779695,9.48797647779695,9.475,9.475,9.476629963367104,9.362858493985781,9.478333333333333,0,0,19479,19478,0,0,0,0,NaN,NaN,55.11749116992528,NaN,NaN,NaN,9.41314599819692,9.387162068111099,NaN,NaN,NaN,NaN,NaN,NaN,NaN,NaN,NaN,NaN,1,0,0,0,0,NaN,NaN,55.11749116992528,NaN,NaN,NaN,9.41314599819692,9.387162068111099,NaN,NaN,NaN,NaN,NaN,NaN,NaN,NaN,NaN,NaN,1
2024-07-19T11:32:00-04:00,9.481488238898475,9.481488238898475,9.47,9.47,9.475424515482176,9.364494242169204,9.47625,0,0,19479,19478,0,0,0,0,NaN,NaN,54.39283580757361,NaN,NaN,NaN,9.41314599819692,9.387162068111099,NaN,NaN,NaN,NaN,NaN,NaN,NaN,NaN,NaN,NaN,1,0,0,0,0,NaN,NaN,54.39283580757361,NaN,NaN,NaN,9.41314599819692,9.387162068111099,NaN,NaN,NaN,NaN,NaN,NaN,NaN,NaN,NaN,NaN,1
2024-07-19T11:33:00-04:00,9.475744119449239,9.5,9.475744119449239,9.5,9.479892785394508,9.366563032365095,9.484166666666667,1,0,19479,19478,0,0,0,0,NaN,NaN,54.43918922098173,NaN,NaN,NaN,9.41314599819692,9.387162068111099,NaN,NaN,NaN,NaN,NaN,NaN,NaN,NaN,NaN,NaN,1,0,0,0,0,NaN,NaN,54.43918922098173,NaN,NaN,NaN,9.41314599819692,9.387162068111099,NaN,NaN,NaN,NaN,NaN,NaN,NaN,NaN,NaN,NaN,1
2024-07-19T12:20:00-04:00,9.48787205972462,9.48787205972462,9.45,9.45,9.474457733504597,9.367836879199215,9.479285714285714,0,0,19479,19478,0,0,0,0,NaN,NaN,52.75114804659544,NaN,NaN,NaN,9.41314599819692,9.387162068111099,NaN,NaN,NaN,NaN,NaN,NaN,NaN,NaN,NaN,NaN,1,0,0,0,0,NaN,NaN,52.75114804659544,NaN,NaN,NaN,9.41314599819692,9.387162068111099,NaN,NaN,NaN,NaN,NaN,NaN,NaN,NaN,NaN,NaN,1
2024-07-19T13:00:00-04:00,9.46893602986231,9.51,9.46893602986231,9.51,9.480919963776488,9.370007308524418,9.48611111111111,1,0,19479,19478,0,0,0,0,NaN,NaN,52.85039859455939,NaN,NaN,NaN,9.41314599819692,9.420443171764436,NaN,NaN,NaN,NaN,NaN,NaN,NaN,NaN,NaN,NaN,1,0,0,0,0,NaN,NaN,52.85039859455939,NaN,NaN,NaN,9.41314599819692,9.420443171764436,NaN,NaN,NaN,NaN,NaN,NaN,NaN,NaN,NaN,NaN,1
2024-07-19T13:54:00-04:00,9.489468014931155,9.5158,9.489468014931155,9.5158,9.4872617885444,9.372233151142366,9.489159920239281,0,0,19479,19478,0,0,0,0,NaN,NaN,51.90140547201626,NaN,NaN,NaN,9.41314599819692,9.448306515388037,NaN,NaN,NaN,NaN,NaN,NaN,NaN,NaN,NaN,NaN,1,0,0,0,0,NaN,NaN,51.90140547201626,NaN,NaN,NaN,9.41314599819692,9.448306515388037,NaN,NaN,NaN,NaN,NaN,NaN,NaN,NaN,NaN,NaN,1
2024-07-19T14:12:00-04:00,9.502634007465577,9.52,9.502634007465577,9.52,9.493214190627237,9.374489133567673,9.497952530292231,0,0,19479,19478,0,0,0,0,NaN,NaN,50.96927445221012,NaN,NaN,NaN,9.41314599819692,9.471284560771625,NaN,NaN,NaN,NaN,NaN,NaN,NaN,NaN,NaN,NaN,1,0,0,0,0,NaN,NaN,50.96927445221012,NaN,NaN,NaN,9.41314599819692,9.471284560771625,NaN,NaN,NaN,NaN,NaN,NaN,NaN,NaN,NaN,NaN,1
2024-07-19T14:13:00-04:00,9.511317003732788,9.52,9.511317003732788,9.52,9.49808433778592,9.376710673513205,9.50482208047105,0,0,19479,19478,0,0,0,0,NaN,NaN,51.37574393886227,NaN,NaN,NaN,9.41314599819692,9.471284560771625,NaN,NaN,NaN,NaN,NaN,NaN,NaN,NaN,NaN,NaN,1,0,0,0,0,NaN,NaN,51.37574393886227,NaN,NaN,NaN,9.41314599819692,9.471284560771625,NaN,NaN,NaN,NaN,NaN,NaN,NaN,NaN,NaN,NaN,1
2024-07-19T14:51:00-04:00,9.515658501866394,9.515658501866394,9.51,9.51,9.500250821824844,9.378745625062622,9.50542781629116,0,0,19479,19478,0,0,0,0,NaN,NaN,50.15639064695081,NaN,NaN,NaN,9.41314599819692,9.471284560771625,NaN,NaN,NaN,NaN,NaN,NaN,NaN,NaN,NaN,NaN,1,0,0,0,0,NaN,NaN,50.15639064695081,NaN,NaN,NaN,9.41314599819692,9.471284560771625,NaN,NaN,NaN,NaN,NaN,NaN,NaN,NaN,NaN,NaN,1
2024-07-19T14:57:00-04:00,9.512829250933198,9.512829250933198,9.51,9.51,9.502023399674872,9.380749508649453,9.505617691029899,0,0,19479,19478,0,0,0,0,NaN,NaN,48.82693194254762,NaN,NaN,NaN,9.41314599819692,9.471284560771625,NaN,NaN,NaN,NaN,NaN,NaN,NaN,NaN,NaN,NaN,1,0,0,0,0,NaN,NaN,48.82693194254762,NaN,NaN,NaN,9.41314599819692,9.471284560771625,NaN,NaN,NaN,NaN,NaN,NaN,NaN,NaN,NaN,NaN,1
2024-07-19T15:02:00-04:00,9.5114146254666,9.53,9.5114146254666,9.52815,9.506773690643078,9.382999897830377,9.514219884467265,1,0,19479,19478,0,0,0,0,NaN,NaN,50.78212434228517,NaN,NaN,NaN,9.41314599819692,9.492780405716989,NaN,NaN,NaN,NaN,NaN,NaN,NaN,NaN,NaN,NaN,1,0,0,0,0,NaN,NaN,50.78212434228517,NaN,NaN,NaN,9.41314599819692,9.492780405716989,NaN,NaN,NaN,NaN,NaN,NaN,NaN,NaN,NaN,NaN,1
2024-07-22T10:11:00-04:00,9.5197823127333,9.5197823127333,9.49,9.49,9.503723928707974,9.384633487176478,9.49,0,0,19479,19478,0,0,0,0,NaN,NaN,48.92274487393517,NaN,NaN,NaN,9.41314599819692,9.492780405716989,NaN,NaN,NaN,NaN,NaN,NaN,NaN,NaN,NaN,NaN,1,0,0,0,0,NaN,NaN,48.92274487393517,NaN,NaN,NaN,9.41314599819692,9.492780405716989,NaN,NaN,NaN,NaN,NaN,NaN,NaN,NaN,NaN,NaN,1
2024-07-22T10:12:00-04:00,9.50489115636665,9.50489115636665,9.5,9.5,9.50304685076107,9.386394807982944,9.493378378378377,0,0,19479,19478,0,0,0,0,NaN,NaN,47.34191811417206,NaN,NaN,NaN,9.41314599819692,9.492780405716989,NaN,NaN,NaN,NaN,NaN,NaN,NaN,NaN,NaN,NaN,1,0,0,0,0,NaN,NaN,47.34191811417206,NaN,NaN,NaN,9.41314599819692,9.492780405716989,NaN,NaN,NaN,NaN,NaN,NaN,NaN,NaN,NaN,NaN,1
2024-07-22T10:44:00-04:00,9.502445578183325,9.56,9.502445578183325,9.56,9.513401968804512,9.389045268929769,9.535226130653266,1,0,19479,19478,0,0,0,0,NaN,NaN,47.5647841449157,NaN,NaN,NaN,9.41314599819692,9.527171459658874,NaN,NaN,NaN,NaN,NaN,NaN,NaN,NaN,NaN,NaN,1,0,0,0,0,NaN,NaN,47.5647841449157,NaN,NaN,NaN,9.41314599819692,9.527171459658874,NaN,NaN,NaN,NaN,NaN,NaN,NaN,NaN,NaN,NaN,1
2024-07-22T10:48:00-04:00,9.531222789091663,9.58,9.531222789091663,9.5768,9.524928883567329,9.39191175337359,9.546605839416058,0,0,19479,19478,0,0,0,0,NaN,NaN,49.11348703698253,NaN,NaN,NaN,9.41314599819692,9.551650590391912,NaN,NaN,NaN,NaN,NaN,NaN,NaN,NaN,NaN,NaN,1,0,0,0,0,NaN,NaN,49.11348703698253,NaN,NaN,NaN,9.41314599819692,9.551650590391912,NaN,NaN,NaN,NaN,NaN,NaN,NaN,NaN,NaN,NaN,1
2024-07-22T10:49:00-04:00,9.554011394545832,9.58,9.554011394545832,9.58,9.534941813827814,9.394783329657962,9.549397993311036,0,0,19479,19478,0,0,0,0,NaN,NaN,51.83437361709869,NaN,NaN,NaN,9.41314599819692,9.56448534242731,NaN,NaN,NaN,NaN,NaN,NaN,NaN,NaN,NaN,NaN,1,0,0,0,0,NaN,NaN,51.83437361709869,NaN,NaN,NaN,9.41314599819692,9.56448534242731,NaN,NaN,NaN,NaN,NaN,NaN,NaN,NaN,NaN,NaN,1
2024-07-22T10:51:00-04:00,9.567005697272915,9.58,9.567005697272915,9.58,9.543134211313665,9.397611065083032,9.55175925925926,0,0,19479,19478,0,0,0,0,NaN,NaN,54.440078137857995,NaN,NaN,NaN,9.45508419189034,9.56448534242731,NaN,NaN,NaN,NaN,NaN,NaN,NaN,NaN,NaN,NaN,1,0,0,0,0,NaN,NaN,54.440078137857995,NaN,NaN,NaN,9.45508419189034,9.56448534242731,NaN,NaN,NaN,NaN,NaN,NaN,NaN,NaN,NaN,NaN,1
2024-07-22T10:53:00-04:00,9.573502848636458,9.58,9.573502848636458,9.58,9.549837081983908,9.400395628974893,9.55378223495702,0,0,19479,19478,0,0,0,0,NaN,NaN,56.93049251963059,NaN,NaN,NaN,9.500123731684972,9.56448534242731,NaN,NaN,NaN,NaN,NaN,NaN,NaN,NaN,NaN,NaN,1,0,0,0,0,NaN,NaN,56.93049251963059,NaN,NaN,NaN,9.500123731684972,9.56448534242731,NaN,NaN,NaN,NaN,NaN,NaN,NaN,NaN,NaN,NaN,1
2024-07-22T10:56:00-04:00,9.576751424318228,9.58,9.576751424318228,9.58,9.555321248895925,9.403137680440926,9.555534759358288,0,0,19479,19478,0,0,0,0,NaN,NaN,59.30553440646764,NaN,NaN,NaN,9.500494687989335,9.56448534242731,NaN,NaN,NaN,NaN,NaN,NaN,NaN,NaN,NaN,NaN,1,0,0,0,0,NaN,NaN,59.30553440646764,NaN,NaN,NaN,9.500494687989335,9.56448534242731,NaN,NaN,NaN,NaN,NaN,NaN,NaN,NaN,NaN,NaN,1
2024-07-22T11:16:00-04:00,9.578375712159115,9.58,9.578375712159115,9.58,9.559808294551212,9.405837868525797,9.557067669172932,0,0,19479,19478,0,0,0,0,NaN,NaN,61.56955963662432,NaN,NaN,NaN,9.50087800203078,9.56448534242731,NaN,NaN,NaN,NaN,NaN,NaN,NaN,NaN,NaN,NaN,1,0,0,0,0,NaN,NaN,61.56955963662432,NaN,NaN,NaN,9.50087800203078,9.56448534242731,NaN,NaN,NaN,NaN,NaN,NaN,NaN,NaN,NaN,NaN,1
2024-07-22T11:17:00-04:00,9.579187856079557,9.65,9.579187856079557,9.625,9.571661331905537,9.40918385526586,9.611803797468355,1,0,19479,19478,0,0,0,0,NaN,NaN,63.48209947395009,NaN,NaN,NaN,9.545654005761323,9.60409193833502,NaN,NaN,NaN,NaN,NaN,NaN,NaN,NaN,NaN,NaN,1,0,0,0,0,NaN,NaN,63.48209947395009,NaN,NaN,NaN,9.545654005761323,9.60409193833502,NaN,NaN,NaN,NaN,NaN,NaN,NaN,NaN,NaN,NaN,1
2024-07-22T11:18:00-04:00,9.602093928039778,9.7,9.602093928039778,9.7,9.594995635195438,9.41362379640684,9.61491075622358,0,0,19479,19478,0,0,0,0,NaN,NaN,63.67390999109019,NaN,NaN,NaN,9.620194057602863,9.66962780793421,NaN,NaN,NaN,NaN,NaN,NaN,NaN,NaN,NaN,NaN,1,0,0,0,0,NaN,NaN,63.67390999109019,NaN,NaN,NaN,9.620194057602863,9.66962780793421,NaN,NaN,NaN,NaN,NaN,NaN,NaN,NaN,NaN,NaN,1
2024-07-22T11:19:00-04:00,9.651046964019889,9.6603,9.65,9.655149999999999,9.60593279243263,9.41731121936246,9.618756903143584,0,0,19479,19478,0,0,0,0,NaN,NaN,64.38674648970022,NaN,NaN,NaN,9.620194057602863,9.66962780793421,NaN,NaN,NaN,NaN,NaN,NaN,NaN,NaN,NaN,NaN,1,0,0,0,0,NaN,NaN,64.38674648970022,NaN,NaN,NaN,9.620194057602863,9.66962780793421,NaN,NaN,NaN,NaN,NaN,NaN,NaN,NaN,NaN,NaN,1
2024-07-22T12:22:00-04:00,9.653098482009945,9.675,9.653098482009945,9.675,9.618490466535789,9.421245399219522,9.624156586021504,1,0,19479,19478,0,0,0,0,NaN,NaN,64.72284003396463,NaN,NaN,NaN,9.620194057602863,9.66962780793421,NaN,NaN,NaN,NaN,NaN,NaN,NaN,NaN,NaN,NaN,1,0,0,0,0,NaN,NaN,64.72284003396463,NaN,NaN,NaN,9.620194057602863,9.66962780793421,NaN,NaN,NaN,NaN,NaN,NaN,NaN,NaN,NaN,NaN,1
2024-07-22T14:06:00-04:00,9.664049241004973,9.685,9.664049241004973,9.685,9.630583108983828,9.425272187017697,9.625627225032789,0,0,19479,19478,0,0,0,0,NaN,NaN,64.88820977205523,NaN,NaN,NaN,9.620194057602863,9.66962780793421,NaN,NaN,NaN,NaN,NaN,NaN,NaN,NaN,NaN,NaN,1,0,0,0,0,NaN,NaN,64.88820977205523,NaN,NaN,NaN,9.620194057602863,9.66962780793421,NaN,NaN,NaN,NaN,NaN,NaN,NaN,NaN,NaN,NaN,1
2024-07-22T14:59:00-04:00,9.674524620502487,9.68,9.674524620502487,9.68,9.639567998259496,9.429161161261701,9.626131891590866,0,0,19479,19478,0,0,0,0,NaN,NaN,65.55384318406932,NaN,NaN,NaN,9.620194057602863,9.66962780793421,NaN,NaN,NaN,NaN,NaN,NaN,NaN,NaN,NaN,NaN,1,0,0,0,0,NaN,NaN,65.55384318406932,NaN,NaN,NaN,9.620194057602863,9.66962780793421,NaN,NaN,NaN,NaN,NaN,NaN,NaN,NaN,NaN,NaN,1
2024-07-22T15:58:00-04:00,9.677262310251244,9.677262310251244,9.65,9.65,9.641464725848678,9.43253274658595,9.631774982282069,0,0,19479,19478,0,0,0,0,NaN,NaN,66.28410955652757,NaN,NaN,NaN,9.620194057602863,9.66962780793421,NaN,NaN,NaN,NaN,NaN,NaN,NaN,NaN,NaN,NaN,1,0,0,0,0,NaN,NaN,66.28410955652757,NaN,NaN,NaN,9.620194057602863,9.66962780793421,NaN,NaN,NaN,NaN,NaN,NaN,NaN,NaN,NaN,NaN,1
2024-07-22T16:00:00-04:00,9.663631155125621,9.663631155125621,9.65,9.65,9.643016593876192,9.435852857325097,9.63287345987346,0,0,19479,19478,0,0,0,0,NaN,NaN,67.64041014612604,NaN,NaN,NaN,9.620194057602863,9.66962780793421,NaN,NaN,NaN,NaN,NaN,NaN,NaN,NaN,NaN,NaN,1,0,0,0,0,NaN,NaN,67.64041014612604,NaN,NaN,NaN,9.620194057602863,9.66962780793421,NaN,NaN,NaN,NaN,NaN,NaN,NaN,NaN,NaN,NaN,1
2024-07-23T09:37:00-04:00,9.65681557756281,9.65681557756281,9.09,9.09,9.542468122262338,9.430572661030057,9.09,0,0,19479,19478,0,0,1,0,NaN,NaN,36.31898785086903,NaN,NaN,NaN,9.479228000513947,9.23945,NaN,NaN,NaN,NaN,NaN,NaN,NaN,NaN,NaN,NaN,1,0,0,1,0,NaN,NaN,36.31898785086903,NaN,NaN,NaN,9.479228000513947,9.23945,NaN,NaN,NaN,NaN,NaN,NaN,NaN,NaN,NaN,NaN,1
2024-07-23T09:45:00-04:00,9.373407788781405,9.98,9.373407788781405,9.855,9.599292100032823,9.437052467731888,9.848331967518439,0,0,19479,19478,0,1,0,0,NaN,NaN,37.936159811659145,NaN,NaN,NaN,9.764354985512941,9.483975000000001,NaN,NaN,NaN,NaN,NaN,NaN,NaN,NaN,NaN,NaN,1,0,1,0,0,NaN,NaN,37.936159811659145,NaN,NaN,NaN,9.764354985512941,9.483975000000001,NaN,NaN,NaN,NaN,NaN,NaN,NaN,NaN,NaN,NaN,1
2024-07-23T09:46:00-04:00,9.614203894390702,9.945,9.614203894390702,9.945,9.662148081845038,9.444807391888654,9.849046809139985,1,0,19479,19478,0,0,0,0,NaN,NaN,38.41800342947305,NaN,NaN,NaN,9.851913744661298,9.54145575,NaN,NaN,NaN,NaN,NaN,NaN,NaN,NaN,NaN,NaN,1,0,0,0,0,NaN,NaN,38.41800342947305,NaN,NaN,NaN,9.851913744661298,9.54145575,NaN,NaN,NaN,NaN,NaN,NaN,NaN,NaN,NaN,NaN,1
2024-07-23T10:06:00-04:00,9.779601947195351,9.89,9.779601947195351,9.870000000000001,9.699939339691394,9.451298882088826,9.852289518094882,0,0,19479,19478,0,0,0,0,NaN,NaN,39.26450735569538,NaN,NaN,NaN,9.851913744661298,9.54145575,NaN,NaN,NaN,NaN,NaN,NaN,NaN,NaN,NaN,NaN,1,0,0,0,0,NaN,NaN,39.26450735569538,NaN,NaN,NaN,9.851913744661298,9.54145575,NaN,NaN,NaN,NaN,NaN,NaN,NaN,NaN,NaN,NaN,1
2024-07-23T10:09:00-04:00,9.824800973597675,9.85,9.824800973597675,9.85,9.72722309611114,9.457385922056936,9.852274872686621,0,0,19479,19478,0,0,0,0,NaN,NaN,39.57722311390259,NaN,NaN,NaN,9.851913744661298,9.54145575,NaN,NaN,NaN,NaN,NaN,NaN,NaN,NaN,NaN,NaN,1,0,0,0,0,NaN,NaN,39.57722311390259,NaN,NaN,NaN,9.851913744661298,9.54145575,NaN,NaN,NaN,NaN,NaN,NaN,NaN,NaN,NaN,NaN,1
2024-07-23T10:10:00-04:00,9.837400486798838,9.85,9.837400486798838,9.85,9.749546169545479,9.463380030117136,9.852246963562752,0,0,19479,19478,0,0,0,0,NaN,NaN,40.4744673532498,NaN,NaN,NaN,9.851913744661298,9.54145575,NaN,NaN,NaN,NaN,NaN,NaN,NaN,NaN,NaN,NaN,1,0,0,0,0,NaN,NaN,40.4744673532498,NaN,NaN,NaN,9.851913744661298,9.54145575,NaN,NaN,NaN,NaN,NaN,NaN,NaN,NaN,NaN,NaN,1
2024-07-23T10:12:00-04:00,9.843700243399418,9.8581,9.843700243399418,9.8581,9.769283229628119,9.469406289199318,9.852282648457503,0,0,19479,19478,0,0,0,0,NaN,NaN,42.572302462236465,NaN,NaN,NaN,9.851913744661298,9.54145575,NaN,NaN,NaN,NaN,NaN,NaN,NaN,NaN,NaN,NaN,1,0,0,0,0,NaN,NaN,42.572302462236465,NaN,NaN,NaN,9.851913744661298,9.54145575,NaN,NaN,NaN,NaN,NaN,NaN,NaN,NaN,NaN,NaN,1
2024-07-23T10:14:00-04:00,9.85090012169971,9.85090012169971,9.85,9.85,9.78395900605937,9.47521688020391,9.852198989780335,0,0,19479,19478,0,0,0,0,NaN,NaN,43.940252022130515,NaN,NaN,NaN,9.851913744661298,9.54145575,NaN,NaN,NaN,NaN,NaN,NaN,NaN,NaN,NaN,NaN,1,0,0,0,0,NaN,NaN,43.940252022130515,NaN,NaN,NaN,9.851913744661298,9.54145575,NaN,NaN,NaN,NaN,NaN,NaN,NaN,NaN,NaN,NaN,1
2024-07-23T10:17:00-04:00,9.850450060849855,9.875,9.85,9.8625,9.798239186775847,9.48112959959011,9.852824120048547,0,0,19479,19478,0,0,0,0,NaN,NaN,46.1739105994714,NaN,NaN,NaN,9.851913744661298,9.54145575,NaN,NaN,NaN,NaN,NaN,NaN,NaN,NaN,NaN,NaN,1,0,0,0,0,NaN,NaN,46.1739105994714,NaN,NaN,NaN,9.851913744661298,9.54145575,NaN,NaN,NaN,NaN,NaN,NaN,NaN,NaN,NaN,NaN,1
2024-07-23T10:33:00-04:00,9.856475030424928,9.9,9.856475030424928,9.9,9.816741152816602,9.4875245675353,9.853341517978937,0,0,19479,19478,0,0,0,0,NaN,NaN,47.490046094296545,NaN,NaN,NaN,9.851913744661298,9.54145575,NaN,NaN,NaN,NaN,NaN,NaN,NaN,NaN,NaN,NaN,1,0,0,0,0,NaN,NaN,47.490046094296545,NaN,NaN,NaN,9.851913744661298,9.54145575,NaN,NaN,NaN,NaN,NaN,NaN,NaN,NaN,NaN,NaN,1
2024-07-23T10:34:00-04:00,9.878237515212465,9.9,9.878237515212465,9.9,9.831879125031765,9.493821902382088,9.854092983303804,0,0,19479,19478,0,0,0,0,NaN,NaN,48.387356374217106,NaN,NaN,NaN,9.851913744661298,9.54145575,NaN,NaN,NaN,NaN,NaN,NaN,NaN,NaN,NaN,NaN,1,0,0,0,0,NaN,NaN,48.387356374217106,NaN,NaN,NaN,9.851913744661298,9.54145575,NaN,NaN,NaN,NaN,NaN,NaN,NaN,NaN,NaN,NaN,1
2024-07-23T10:36:00-04:00,9.889118757606234,10,9.889118757606234,9.95995,9.855164738662353,9.500938361887705,9.861708823675949,1,0,19479,19478,0,0,0,0,NaN,NaN,49.65636408838216,NaN,NaN,NaN,9.851913744661298,9.573591904999999,NaN,NaN,NaN,NaN,NaN,NaN,NaN,NaN,NaN,NaN,1,0,0,0,0,NaN,NaN,49.65636408838216,NaN,NaN,NaN,9.851913744661298,9.573591904999999,NaN,NaN,NaN,NaN,NaN,NaN,NaN,NaN,NaN,NaN,1
2024-07-23T10:42:00-04:00,9.924534378803116,9.924534378803116,9.9,9.9,9.863316604360106,9.507030905981022,9.862433170397887,0,0,19479,19478,0,0,0,0,NaN,NaN,50.96444981451095,NaN,NaN,NaN,9.851913744661298,9.573591904999999,NaN,NaN,NaN,NaN,NaN,NaN,NaN,NaN,NaN,NaN,1,0,0,0,0,NaN,NaN,50.96444981451095,NaN,NaN,NaN,9.851913744661298,9.573591904999999,NaN,NaN,NaN,NaN,NaN,NaN,NaN,NaN,NaN,NaN,1
2024-07-23T13:20:00-04:00,9.912267189401557,9.912267189401557,9.8568,9.8568,9.862131767203723,9.512370892149251,9.862398144369958,0,0,19479,19478,0,0,0,0,NaN,NaN,52.35550291643774,NaN,NaN,NaN,9.851913744661298,9.573591904999999,NaN,NaN,NaN,NaN,NaN,NaN,NaN,NaN,NaN,NaN,1,0,0,0,0,NaN,NaN,52.35550291643774,NaN,NaN,NaN,9.851913744661298,9.573591904999999,NaN,NaN,NaN,NaN,NaN,NaN,NaN,NaN,NaN,NaN,1
2024-07-23T13:36:00-04:00,9.884533594700779,9.884533594700779,9.85,9.8625,9.862198718621228,9.517716374711858,9.862407901787675,0,0,19479,19478,0,0,0,0,NaN,NaN,53.9499394804822,NaN,NaN,NaN,9.851913744661298,9.573591904999999,NaN,NaN,NaN,NaN,NaN,NaN,NaN,NaN,NaN,NaN,1,0,0,0,0,NaN,NaN,53.9499394804822,NaN,NaN,NaN,9.851913744661298,9.573591904999999,NaN,NaN,NaN,NaN,NaN,NaN,NaN,NaN,NaN,NaN,1
2024-07-23T13:43:00-04:00,9.87351679735039,9.87351679735039,9.85,9.85,9.859980769781004,9.522789407159005,9.862046511727078,0,0,19479,19478,0,0,0,0,NaN,NaN,55.96808434560104,NaN,NaN,NaN,9.851913744661298,9.573591904999999,NaN,NaN,NaN,NaN,NaN,NaN,NaN,NaN,NaN,NaN,1,0,0,0,0,NaN,NaN,55.96808434560104,NaN,NaN,NaN,9.851913744661298,9.573591904999999,NaN,NaN,NaN,NaN,NaN,NaN,NaN,NaN,NaN,NaN,1
2024-07-23T15:22:00-04:00,9.861758398675196,9.875,9.85,9.8625,9.860438811639003,9.527975828423752,9.862080500986192,0,0,19479,19478,0,0,0,0,NaN,NaN,57.957777281680336,NaN,NaN,NaN,9.851913744661298,9.573591904999999,NaN,NaN,NaN,NaN,NaN,NaN,NaN,NaN,NaN,NaN,1,0,0,0,0,NaN,NaN,57.957777281680336,NaN,NaN,NaN,9.851913744661298,9.573591904999999,NaN,NaN,NaN,NaN,NaN,NaN,NaN,NaN,NaN,NaN,1
2024-07-23T15:42:00-04:00,9.862129199337598,9.862129199337598,9.85,9.85,9.858540845886457,9.532892227989802,9.86203303339882,0,0,19479,19478,0,0,0,0,NaN,NaN,59.74427214117557,NaN,NaN,NaN,9.851913744661298,9.573591904999999,NaN,NaN,NaN,NaN,NaN,NaN,NaN,NaN,NaN,NaN,1,0,0,0,0,NaN,NaN,59.74427214117557,NaN,NaN,NaN,9.851913744661298,9.573591904999999,NaN,NaN,NaN,NaN,NaN,NaN,NaN,NaN,NaN,NaN,1
2024-07-23T15:51:00-04:00,9.856064599668798,9.88,9.856064599668798,9.88,9.862442510270737,9.538191583287666,9.862327459998452,0,0,19479,19478,0,0,0,0,NaN,NaN,61.622223577479474,NaN,NaN,NaN,9.851913744661298,9.573591904999999,NaN,NaN,NaN,NaN,NaN,NaN,NaN,NaN,NaN,NaN,1,0,0,0,0,NaN,NaN,61.622223577479474,NaN,NaN,NaN,9.851913744661298,9.573591904999999,NaN,NaN,NaN,NaN,NaN,NaN,NaN,NaN,NaN,NaN,1
2024-07-23T15:54:00-04:00,9.8680322998344,9.88,9.865,9.8725,9.864271144766967,9.543295528580984,9.862432901128322,0,0,19479,19478,0,0,0,0,NaN,NaN,63.33553765621372,NaN,NaN,NaN,9.851913744661298,9.573591904999999,NaN,NaN,NaN,NaN,NaN,NaN,NaN,NaN,NaN,NaN,1,0,0,0,0,NaN,NaN,63.33553765621372,NaN,NaN,NaN,9.851913744661298,9.573591904999999,NaN,NaN,NaN,NaN,NaN,NaN,NaN,NaN,NaN,NaN,1
2024-07-24T09:30:00-04:00,9.8702661499172,9.95,9.8702661499172,9.95,9.879858209354792,9.549504757152267,9.95,0,0,19479,19478,0,0,0,0,NaN,NaN,65.31387807349566,NaN,NaN,NaN,9.851913744661298,9.573591904999999,NaN,NaN,NaN,NaN,NaN,NaN,NaN,NaN,NaN,NaN,1,0,0,0,0,NaN,NaN,65.31387807349566,NaN,NaN,NaN,9.851913744661298,9.573591904999999,NaN,NaN,NaN,NaN,NaN,NaN,NaN,NaN,NaN,NaN,1
2024-07-24T09:55:00-04:00,9.9101330749586,9.95,9.9101330749586,9.95,9.892611262199376,9.555619188340781,9.95,0,0,19479,19478,0,0,0,0,NaN,NaN,67.1834591451246,NaN,NaN,NaN,9.851913744661298,9.573591904999999,NaN,NaN,NaN,NaN,NaN,NaN,NaN,NaN,NaN,NaN,1,0,0,0,0,NaN,NaN,67.1834591451246,NaN,NaN,NaN,9.851913744661298,9.573591904999999,NaN,NaN,NaN,NaN,NaN,NaN,NaN,NaN,NaN,NaN,1
2024-07-24T09:57:00-04:00,9.930066537479298,9.9611,9.930066537479298,9.95805,9.904509214526762,9.561763170198175,9.956768497757848,0,0,19479,19478,0,0,0,0,NaN,NaN,68.97100342748061,NaN,NaN,NaN,9.851913744661298,9.573591904999999,NaN,NaN,NaN,NaN,NaN,NaN,NaN,NaN,NaN,NaN,1,0,0,0,0,NaN,NaN,68.97100342748061,NaN,NaN,NaN,9.851913744661298,9.573591904999999,NaN,NaN,NaN,NaN,NaN,NaN,NaN,NaN,NaN,NaN,1
2024-07-24T10:06:00-04:00,9.94405826873965,9.95,9.92,9.935,9.910052993703713,9.56746144240889,9.952781593406593,0,0,19479,19478,0,0,0,0,NaN,NaN,70.5515884636977,NaN,NaN,NaN,9.851913744661298,9.573591904999999,NaN,NaN,NaN,NaN,NaN,NaN,NaN,NaN,NaN,NaN,1,0,0,0,0,NaN,NaN,70.5515884636977,NaN,NaN,NaN,9.851913744661298,9.573591904999999,NaN,NaN,NaN,NaN,NaN,NaN,NaN,NaN,NaN,NaN,1
2024-07-24T10:10:00-04:00,9.939529134369824,9.95,9.939529134369824,9.95,9.917316085757584,9.573301725730891,9.952344654573524,0,0,19479,19478,0,0,0,0,NaN,NaN,72.05659745659187,NaN,NaN,NaN,9.851913744661298,9.573591904999999,NaN,NaN,NaN,NaN,NaN,NaN,NaN,NaN,NaN,NaN,1,0,0,0,0,NaN,NaN,72.05659745659187,NaN,NaN,NaN,9.851913744661298,9.573591904999999,NaN,NaN,NaN,NaN,NaN,NaN,NaN,NaN,NaN,NaN,1
2024-07-24T10:12:00-04:00,9.944764567184912,9.9501,9.944764567184912,9.9501,9.923276797438023,9.57905437113958,9.952132820692066,0,0,19479,19478,0,0,0,0,NaN,NaN,73.47843788640527,NaN,NaN,NaN,9.851913744661298,9.573591904999999,NaN,NaN,NaN,NaN,NaN,NaN,NaN,NaN,NaN,NaN,1,0,0,0,0,NaN,NaN,73.47843788640527,NaN,NaN,NaN,9.851913744661298,9.573591904999999,NaN,NaN,NaN,NaN,NaN,NaN,NaN,NaN,NaN,NaN,1
2024-07-24T11:05:00-04:00,9.947432283592455,9.961,9.947432283592455,9.961,9.930135561540201,9.584885602114548,9.95346987236569,0,0,19479,19478,0,0,0,0,NaN,NaN,74.81839452971788,NaN,NaN,NaN,9.851913744661298,9.608936383549999,NaN,NaN,NaN,NaN,NaN,NaN,NaN,NaN,NaN,NaN,1,0,0,0,0,NaN,NaN,74.81839452971788,NaN,NaN,NaN,9.851913744661298,9.608936383549999,NaN,NaN,NaN,NaN,NaN,NaN,NaN,NaN,NaN,NaN,1
2024-07-24T11:07:00-04:00,9.954216141796227,9.96,9.954216141796227,9.96,9.935565459441984,9.590612539486845,9.954593266158763,0,0,19479,19478,0,0,0,0,NaN,NaN,76.06960345433828,NaN,NaN,NaN,9.851913744661298,9.608936383549999,NaN,NaN,NaN,NaN,NaN,NaN,NaN,NaN,NaN,NaN,1,0,0,0,0,NaN,NaN,76.06960345433828,NaN,NaN,NaN,9.851913744661298,9.608936383549999,NaN,NaN,NaN,NaN,NaN,NaN,NaN,NaN,NaN,NaN,1
2024-07-24T11:18:00-04:00,9.957108070898114,9.96,9.95,9.955,9.939099012270713,9.596175706822923,9.954668933786758,0,0,19479,19478,0,0,0,0,NaN,NaN,77.12046863625467,NaN,NaN,NaN,9.851913744661298,9.608936383549999,NaN,NaN,NaN,NaN,NaN,NaN,NaN,NaN,NaN,NaN,1,0,0,0,0,NaN,NaN,77.12046863625467,NaN,NaN,NaN,9.851913744661298,9.608936383549999,NaN,NaN,NaN,NaN,NaN,NaN,NaN,NaN,NaN,NaN,1
2024-07-24T11:19:00-04:00,9.956054035449057,9.956054035449057,9.95,9.95,9.941081010039674,9.60157760442868,9.954577368111396,0,0,19479,19478,0,0,0,0,NaN,NaN,78.05795105396321,NaN,NaN,NaN,9.851913744661298,9.608936383549999,NaN,NaN,NaN,NaN,NaN,NaN,NaN,NaN,NaN,NaN,1,0,0,0,0,NaN,NaN,78.05795105396321,NaN,NaN,NaN,9.851913744661298,9.608936383549999,NaN,NaN,NaN,NaN,NaN,NaN,NaN,NaN,NaN,NaN,1
2024-07-24T11:21:00-04:00,9.953027017724528,9.953027017724528,9.95,9.95,9.942702644577915,9.606897030315265,9.954489324870169,0,0,19479,19478,0,0,0,0,NaN,NaN,78.82501519793024,NaN,NaN,NaN,9.851913744661298,9.608936383549999,NaN,NaN,NaN,NaN,NaN,NaN,NaN,NaN,NaN,NaN,1,0,0,0,0,NaN,NaN,78.82501519793024,NaN,NaN,NaN,9.851913744661298,9.608936383549999,NaN,NaN,NaN,NaN,NaN,NaN,NaN,NaN,NaN,NaN,1
2024-07-24T11:22:00-04:00,9.951513508862263,9.951513508862263,9.94,9.94,9.942211254654659,9.611982571837169,9.954215889790527,0,0,19479,19478,0,0,0,0,NaN,NaN,79.27436791633058,NaN,NaN,NaN,9.851913744661298,9.608936383549999,NaN,NaN,NaN,NaN,NaN,NaN,NaN,NaN,NaN,NaN,1,0,0,0,0,NaN,NaN,79.27436791633058,NaN,NaN,NaN,9.851913744661298,9.608936383549999,NaN,NaN,NaN,NaN,NaN,NaN,NaN,NaN,NaN,NaN,1
2024-07-24T11:25:00-04:00,9.94575675443113,9.96,9.94575675443113,9.955,9.944536481081084,9.617219479137365,9.954257903197,0,0,19479,19478,0,0,0,0,NaN,NaN,79.5325878601151,NaN,NaN,NaN,9.851913744661298,9.608936383549999,NaN,NaN,NaN,NaN,NaN,NaN,NaN,NaN,NaN,NaN,1,0,0,0,0,NaN,NaN,79.5325878601151,NaN,NaN,NaN,9.851913744661298,9.608936383549999,NaN,NaN,NaN,NaN,NaN,NaN,NaN,NaN,NaN,NaN,1
2024-07-24T11:28:00-04:00,9.950378377215564,9.950378377215564,9.95,9.95,9.94552984815725,9.622300097776488,9.95418319003334,0,0,19479,19478,0,0,0,0,NaN,NaN,79.64467791441268,NaN,NaN,NaN,9.851913744661298,9.608936383549999,NaN,NaN,NaN,NaN,NaN,NaN,NaN,NaN,NaN,NaN,1,0,0,0,0,NaN,NaN,79.64467791441268,NaN,NaN,NaN,9.851913744661298,9.608936383549999,NaN,NaN,NaN,NaN,NaN,NaN,NaN,NaN,NaN,NaN,1
2024-07-24T11:30:00-04:00,9.950189188607782,9.950189188607782,9.95,9.95,9.946342603037749,9.627303149718832,9.954111053629937,0,0,19479,19478,0,0,0,0,NaN,NaN,79.64571275754024,NaN,NaN,NaN,9.851913744661298,9.608936383549999,NaN,NaN,NaN,NaN,NaN,NaN,NaN,NaN,NaN,NaN,1,0,0,0,0,NaN,NaN,79.64571275754024,NaN,NaN,NaN,9.851913744661298,9.608936383549999,NaN,NaN,NaN,NaN,NaN,NaN,NaN,NaN,NaN,NaN,1
2024-07-24T11:32:00-04:00,9.950094594303891,9.955,9.95,9.9525,9.947462129758158,9.632267987127705,9.954031808493196,0,0,19479,19478,0,0,0,0,NaN,NaN,79.23266862375755,NaN,NaN,NaN,9.851913744661298,9.608936383549999,NaN,NaN,NaN,NaN,NaN,NaN,NaN,NaN,NaN,NaN,1,0,0,0,0,NaN,NaN,79.23266862375755,NaN,NaN,NaN,9.851913744661298,9.608936383549999,NaN,NaN,NaN,NaN,NaN,NaN,NaN,NaN,NaN,NaN,1
2024-07-24T11:37:00-04:00,9.951297297151946,9.951297297151946,9.94,9.94,9.946105378893039,9.63696618579751,9.953805452492338,0,0,19479,19478,0,0,0,0,NaN,NaN,78.56050597711283,NaN,NaN,NaN,9.851913744661298,9.608936383549999,NaN,NaN,NaN,NaN,NaN,NaN,NaN,NaN,NaN,NaN,1,0,0,0,0,NaN,NaN,78.56050597711283,NaN,NaN,NaN,9.851913744661298,9.608936383549999,NaN,NaN,NaN,NaN,NaN,NaN,NaN,NaN,NaN,NaN,1
2024-07-24T11:45:00-04:00,9.945648648575972,9.945648648575972,9.94,9.94,9.944995310003396,9.641592656243349,9.95358628353707,0,0,19479,19478,0,0,0,0,NaN,NaN,77.8209196095471,NaN,NaN,NaN,9.851913744661298,9.608936383549999,NaN,NaN,NaN,NaN,NaN,NaN,NaN,NaN,NaN,NaN,1,0,0,0,0,NaN,NaN,77.8209196095471,NaN,NaN,NaN,9.851913744661298,9.608936383549999,NaN,NaN,NaN,NaN,NaN,NaN,NaN,NaN,NaN,NaN,1
2024-07-24T11:46:00-04:00,9.942824324287987,9.942824324287987,9.94,9.94,9.94408707182096,9.64614849355261,9.953373964681983,0,0,19479,19478,0,0,0,0,NaN,NaN,77.2385073043469,NaN,NaN,NaN,9.851913744661298,9.608936383549999,NaN,NaN,NaN,NaN,NaN,NaN,NaN,NaN,NaN,NaN,1,0,0,0,0,NaN,NaN,77.2385073043469,NaN,NaN,NaN,9.851913744661298,9.608936383549999,NaN,NaN,NaN,NaN,NaN,NaN,NaN,NaN,NaN,NaN,1
2024-07-24T11:56:00-04:00,9.941412162143994,9.95,9.941412162143994,9.95,9.945162149671694,9.650787447849517,9.953052884615385,0,0,19479,19478,0,0,0,0,NaN,NaN,76.95506833366656,NaN,NaN,NaN,9.851913744661298,9.608936383549999,NaN,NaN,NaN,NaN,NaN,NaN,NaN,NaN,NaN,NaN,1,0,0,0,0,NaN,NaN,76.95506833366656,NaN,NaN,NaN,9.851913744661298,9.608936383549999,NaN,NaN,NaN,NaN,NaN,NaN,NaN,NaN,NaN,NaN,1
2024-07-24T11:57:00-04:00,9.945706081071997,9.98,9.945706081071997,9.965,9.948769031549567,9.655584586050287,9.955952023988006,0,0,19479,19478,0,0,0,0,NaN,NaN,76.70402687640299,NaN,NaN,NaN,9.851913744661298,9.653424017524,NaN,NaN,NaN,NaN,NaN,NaN,NaN,NaN,NaN,NaN,1,0,0,0,0,NaN,NaN,76.70402687640299,NaN,NaN,NaN,9.851913744661298,9.653424017524,NaN,NaN,NaN,NaN,NaN,NaN,NaN,NaN,NaN,NaN,1
2024-07-24T11:58:00-04:00,9.955353040535998,10.02,9.955353040535998,10.01,9.959901934904192,9.660995508400664,9.970778675784894,0,0,19479,19478,0,0,0,0,NaN,NaN,76.72330156088397,NaN,NaN,NaN,9.851913744661298,9.7260354148954,NaN,NaN,NaN,NaN,NaN,NaN,NaN,NaN,NaN,NaN,1,0,0,0,0,NaN,NaN,76.72330156088397,NaN,NaN,NaN,9.851913744661298,9.7260354148954,NaN,NaN,NaN,NaN,NaN,NaN,NaN,NaN,NaN,NaN,1
2024-07-24T11:59:00-04:00,9.982676520267999,10.02,9.982676520267999,10.02,9.970828855830701,9.666476493005234,9.971158235657002,0,0,19479,19478,0,0,0,0,NaN,NaN,76.7107736290988,NaN,NaN,NaN,9.851913744661298,9.783049040214227,NaN,NaN,NaN,NaN,NaN,NaN,NaN,NaN,NaN,NaN,1,0,0,0,0,NaN,NaN,76.7107736290988,NaN,NaN,NaN,9.851913744661298,9.783049040214227,NaN,NaN,NaN,NaN,NaN,NaN,NaN,NaN,NaN,NaN,1
2024-07-24T12:00:00-04:00,10.001338260133998,10.025,10.001338260133998,10.025,9.980678154770574,9.671950134333398,9.971976002430134,1,0,19479,19478,0,0,0,0,NaN,NaN,76.50408643155346,NaN,NaN,NaN,9.851913744661298,9.835833741769239,NaN,NaN,NaN,NaN,NaN,NaN,NaN,NaN,NaN,NaN,1,0,0,0,0,NaN,NaN,76.50408643155346,NaN,NaN,NaN,9.851913744661298,9.835833741769239,NaN,NaN,NaN,NaN,NaN,NaN,NaN,NaN,NaN,NaN,1
2024-07-24T12:01:00-04:00,10.013169130066998,10.02,10.013169130066998,10.02,9.987827581175925,9.677263872740522,9.972337955984324,0,0,19479,19478,0,0,0,0,NaN,NaN,76.13362788166678,NaN,NaN,NaN,9.89378440463216,9.835833741769239,NaN,NaN,NaN,NaN,NaN,NaN,NaN,NaN,NaN,NaN,1,0,0,0,0,NaN,NaN,76.13362788166678,NaN,NaN,NaN,9.89378440463216,9.835833741769239,NaN,NaN,NaN,NaN,NaN,NaN,NaN,NaN,NaN,NaN,1
2024-07-24T12:04:00-04:00,10.016584565033499,10.016584565033499,10.002,10.002,9.990404384598484,9.682221676210132,9.97255984440455,0,0,19479,19478,0,0,0,0,NaN,NaN,75.4847800642357,NaN,NaN,NaN,9.917636953328326,9.835833741769239,NaN,NaN,NaN,NaN,NaN,NaN,NaN,NaN,NaN,NaN,1,0,0,0,0,NaN,NaN,75.4847800642357,NaN,NaN,NaN,9.917636953328326,9.835833741769239,NaN,NaN,NaN,NaN,NaN,NaN,NaN,NaN,NaN,NaN,1
2024-07-24T12:08:00-04:00,10.00929228251675,10.00929228251675,10,10,9.992149041944215,9.687073253672573,9.97280599006598,0,0,19479,19478,0,0,0,0,NaN,NaN,74.86166370452123,NaN,NaN,NaN,9.917636953328326,9.835833741769239,NaN,NaN,NaN,NaN,NaN,NaN,NaN,NaN,NaN,NaN,1,0,0,0,0,NaN,NaN,74.86166370452123,NaN,NaN,NaN,9.917636953328326,9.835833741769239,NaN,NaN,NaN,NaN,NaN,NaN,NaN,NaN,NaN,NaN,1
2024-07-24T12:19:00-04:00,10.004646141258375,10.004646141258375,9.91,9.915,9.978121943408903,9.690553051326427,9.971548335629851,0,0,19479,19478,0,0,0,0,NaN,NaN,72.8826199974113,NaN,NaN,NaN,9.917636953328326,9.835833741769239,NaN,NaN,NaN,NaN,NaN,NaN,NaN,NaN,NaN,NaN,1,0,0,0,0,NaN,NaN,72.8826199974113,NaN,NaN,NaN,9.917636953328326,9.835833741769239,NaN,NaN,NaN,NaN,NaN,NaN,NaN,NaN,NaN,NaN,1
2024-07-24T12:24:00-04:00,9.959823070629188,9.959823070629188,9.94,9.94,9.97119068097092,9.694361401687855,9.971321189430487,0,0,19479,19478,0,0,0,0,NaN,NaN,71.38081951675575,NaN,NaN,NaN,9.917636953328326,9.835833741769239,NaN,NaN,NaN,NaN,NaN,NaN,NaN,NaN,NaN,NaN,1,0,0,0,0,NaN,NaN,71.38081951675575,NaN,NaN,NaN,9.917636953328326,9.835833741769239,NaN,NaN,NaN,NaN,NaN,NaN,NaN,NaN,NaN,NaN,1
2024-07-24T12:25:00-04:00,9.949911535314595,10,9.949911535314595,9.969999999999999,9.970974193521663,9.69856962456285,9.971250937350877,0,0,19479,19478,0,0,0,0,NaN,NaN,70.19505406870775,NaN,NaN,NaN,9.917636953328326,9.835833741769239,NaN,NaN,NaN,NaN,NaN,NaN,NaN,NaN,NaN,NaN,1,0,0,0,0,NaN,NaN,70.19505406870775,NaN,NaN,NaN,9.917636953328326,9.835833741769239,NaN,NaN,NaN,NaN,NaN,NaN,NaN,NaN,NaN,NaN,1
2024-07-24T12:26:00-04:00,9.959955767657297,9.97,9.959955767657297,9.97,9.970797067426815,9.702713599760363,9.971225866791372,0,0,19479,19478,0,0,0,0,NaN,NaN,68.92017920299078,NaN,NaN,NaN,9.917636953328326,9.835833741769239,NaN,NaN,NaN,NaN,NaN,NaN,NaN,NaN,NaN,NaN,1,0,0,0,0,NaN,NaN,68.92017920299078,NaN,NaN,NaN,9.917636953328326,9.835833741769239,NaN,NaN,NaN,NaN,NaN,NaN,NaN,NaN,NaN,NaN,1
2024-07-24T12:28:00-04:00,9.964977883828649,9.964977883828649,9.96,9.96,9.968833964258303,9.706641636405243,9.971151370362998,0,0,19479,19478,0,0,0,0,NaN,NaN,67.39993525598558,NaN,NaN,NaN,9.917636953328326,9.835833741769239,NaN,NaN,NaN,NaN,NaN,NaN,NaN,NaN,NaN,NaN,1,0,0,0,0,NaN,NaN,67.39993525598558,NaN,NaN,NaN,9.917636953328326,9.835833741769239,NaN,NaN,NaN,NaN,NaN,NaN,NaN,NaN,NaN,NaN,1
2024-07-24T13:30:00-04:00,9.962488941914325,9.99,9.962488941914325,9.99,9.972682334393157,9.710967718292185,9.971275627925376,0,0,19479,19478,0,0,0,0,NaN,NaN,66.12830313581806,NaN,NaN,NaN,9.917636953328326,9.835833741769239,NaN,NaN,NaN,NaN,NaN,NaN,NaN,NaN,NaN,NaN,1,0,0,0,0,NaN,NaN,66.12830313581806,NaN,NaN,NaN,9.917636953328326,9.835833741769239,NaN,NaN,NaN,NaN,NaN,NaN,NaN,NaN,NaN,NaN,1
2024-07-24T14:54:00-04:00,9.976244470957162,9.976244470957162,9.91,9.91,9.961285546321674,9.714006379081617,9.969320313995789,0,0,19479,19478,0,0,0,0,NaN,NaN,63.54106520220378,NaN,NaN,NaN,9.917636953328326,9.835833741769239,NaN,NaN,NaN,NaN,NaN,NaN,NaN,NaN,NaN,NaN,1,0,0,0,0,NaN,NaN,63.54106520220378,NaN,NaN,NaN,9.917636953328326,9.835833741769239,NaN,NaN,NaN,NaN,NaN,NaN,NaN,NaN,NaN,NaN,1
2024-07-24T15:03:00-04:00,9.943122235478581,9.943122235478581,9.91,9.91,9.951960901535916,9.716998648103273,9.968944130889723,0,0,19479,19478,0,0,0,0,NaN,NaN,60.90326707376549,NaN,NaN,NaN,9.917636953328326,9.835833741769239,NaN,NaN,NaN,NaN,NaN,NaN,NaN,NaN,NaN,NaN,1,0,0,0,0,NaN,NaN,60.90326707376549,NaN,NaN,NaN,9.917636953328326,9.835833741769239,NaN,NaN,NaN,NaN,NaN,NaN,NaN,NaN,NaN,NaN,1
2024-07-24T16:00:00-04:00,9.92656111773929,9.92656111773929,9.92,9.92,9.946149828529386,9.720097905384138,9.968580600490968,0,0,19479,19478,0,0,0,0,NaN,NaN,58.22896851954926,NaN,NaN,NaN,9.917636953328326,9.835833741769239,NaN,NaN,NaN,NaN,NaN,NaN,NaN,NaN,NaN,NaN,1,0,0,0,0,NaN,NaN,58.22896851954926,NaN,NaN,NaN,9.917636953328326,9.835833741769239,NaN,NaN,NaN,NaN,NaN,NaN,NaN,NaN,NaN,NaN,1
2024-07-25T09:30:00-04:00,9.923280558869646,10.03,9.923280558869646,10.03,9.961395314251316,9.72482923507293,10.03,0,0,19479,19478,0,0,0,0,NaN,NaN,57.0932077005612,NaN,NaN,NaN,9.917636953328326,9.884333643744622,NaN,NaN,NaN,NaN,NaN,NaN,NaN,NaN,NaN,NaN,1,0,0,0,0,NaN,NaN,57.0932077005612,NaN,NaN,NaN,9.917636953328326,9.884333643744622,NaN,NaN,NaN,NaN,NaN,NaN,NaN,NaN,NaN,NaN,1
2024-07-25T09:39:00-04:00,9.976640279434822,10.08,9.976640279434822,10.08,9.982959802569258,9.730251689499298,10.063333333333333,1,0,19479,19478,0,0,0,0,NaN,NaN,56.56226789998172,NaN,NaN,NaN,9.917636953328326,9.955413559933575,NaN,NaN,NaN,NaN,NaN,NaN,NaN,NaN,NaN,NaN,1,0,0,0,0,NaN,NaN,56.56226789998172,NaN,NaN,NaN,9.917636953328326,9.955413559933575,NaN,NaN,NaN,NaN,NaN,NaN,NaN,NaN,NaN,NaN,1
2024-07-25T09:40:00-04:00,10.028320139717412,10.0633,10.028320139717412,10.06165,9.997267111193029,9.735311205690149,10.062193010752688,0,0,19479,19478,0,0,0,0,NaN,NaN,55.830528102316144,NaN,NaN,NaN,9.917636953328326,9.955413559933575,NaN,NaN,NaN,NaN,NaN,NaN,NaN,NaN,NaN,NaN,1,0,0,0,0,NaN,NaN,55.830528102316144,NaN,NaN,NaN,9.917636953328326,9.955413559933575,NaN,NaN,NaN,NaN,NaN,NaN,NaN,NaN,NaN,NaN,1
2024-07-25T09:41:00-04:00,10.044985069858706,10.044985069858706,10.03,10.03,10.00321854552157,9.73981027125213,10.058165098777046,0,0,19479,19478,0,0,0,0,NaN,NaN,54.63700909151077,NaN,NaN,NaN,9.917636953328326,9.955413559933575,NaN,NaN,NaN,NaN,NaN,NaN,NaN,NaN,NaN,NaN,1,0,0,0,0,NaN,NaN,54.63700909151077,NaN,NaN,NaN,9.917636953328326,9.955413559933575,NaN,NaN,NaN,NaN,NaN,NaN,NaN,NaN,NaN,NaN,1
2024-07-25T10:17:00-04:00,10.037492534929353,10.037492534929353,9.9406,9.9406,9.991833355426738,9.742875763294082,10.015299163179916,0,0,19479,19478,0,0,0,0,NaN,NaN,51.902598511693846,NaN,NaN,NaN,9.917636953328326,9.955413559933575,NaN,NaN,NaN,NaN,NaN,NaN,NaN,NaN,NaN,NaN,1,0,0,0,0,NaN,NaN,51.902598511693846,NaN,NaN,NaN,9.917636953328326,9.955413559933575,NaN,NaN,NaN,NaN,NaN,NaN,NaN,NaN,NaN,NaN,1
2024-07-25T11:24:00-04:00,9.989046267464676,10.0899,9.989046267464676,10.0899,10.00966365444006,9.74817384324379,10.043208193041526,1,0,19479,19478,0,0,0,0,NaN,NaN,51.22121833425024,NaN,NaN,NaN,9.917636953328326,9.999224491953502,NaN,NaN,NaN,NaN,NaN,NaN,NaN,NaN,NaN,NaN,1,0,0,0,0,NaN,NaN,51.22121833425024,NaN,NaN,NaN,9.917636953328326,9.999224491953502,NaN,NaN,NaN,NaN,NaN,NaN,NaN,NaN,NaN,NaN,1
2024-07-25T11:59:00-04:00,10.039473133732338,10.039473133732338,9.95,9.95,9.998815717269139,9.751255158614114,10.039846916696717,0,0,19479,19478,0,0,0,0,NaN,NaN,48.38933328631583,NaN,NaN,NaN,9.917636953328326,9.999224491953502,NaN,NaN,NaN,NaN,NaN,NaN,NaN,NaN,NaN,NaN,1,0,0,0,0,NaN,NaN,48.38933328631583,NaN,NaN,NaN,9.917636953328326,9.999224491953502,NaN,NaN,NaN,NaN,NaN,NaN,NaN,NaN,NaN,NaN,1
2024-07-25T12:23:00-04:00,9.99473656686617,9.99473656686617,9.96,9.965,9.992667405038386,9.754518438635273,10.020009408958387,0,0,19479,19478,0,0,0,0,NaN,NaN,45.727185382052255,NaN,NaN,NaN,9.917636953328326,9.999224491953502,NaN,NaN,NaN,NaN,NaN,NaN,NaN,NaN,NaN,NaN,1,0,0,0,0,NaN,NaN,45.727185382052255,NaN,NaN,NaN,9.917636953328326,9.999224491953502,NaN,NaN,NaN,NaN,NaN,NaN,NaN,NaN,NaN,NaN,1
2024-07-25T12:28:00-04:00,9.979868283433085,9.99,9.96,9.975000000000001,9.98945514957686,9.757884569343132,10.011147403150277,0,0,19479,19478,0,0,0,0,NaN,NaN,43.32106715570818,NaN,NaN,NaN,9.917636953328326,9.999224491953502,NaN,NaN,NaN,NaN,NaN,NaN,NaN,NaN,NaN,NaN,1,0,0,0,0,NaN,NaN,43.32106715570818,NaN,NaN,NaN,9.917636953328326,9.999224491953502,NaN,NaN,NaN,NaN,NaN,NaN,NaN,NaN,NaN,NaN,1
2024-07-25T12:58:00-04:00,9.977434141716543,9.977434141716543,9.94,9.94,9.98046330419925,9.760664957597434,10.00966454772822,0,0,19479,19478,0,0,0,0,NaN,NaN,40.70326952999971,NaN,NaN,NaN,9.917636953328326,9.999224491953502,NaN,NaN,NaN,NaN,NaN,NaN,NaN,NaN,NaN,NaN,1,0,0,0,0,NaN,NaN,40.70326952999971,NaN,NaN,NaN,9.917636953328326,9.999224491953502,NaN,NaN,NaN,NaN,NaN,NaN,NaN,NaN,NaN,NaN,1
2024-07-25T13:07:00-04:00,9.95871707085827,9.95871707085827,9.94,9.94,9.973106339799386,9.7634028971761,10.005565025500196,0,0,19479,19478,0,0,0,0,NaN,NaN,37.616562004225145,NaN,NaN,NaN,9.917636953328326,9.999224491953502,NaN,NaN,NaN,NaN,NaN,NaN,NaN,NaN,NaN,NaN,1,0,0,0,0,NaN,NaN,37.616562004225145,NaN,NaN,NaN,9.917636953328326,9.999224491953502,NaN,NaN,NaN,NaN,NaN,NaN,NaN,NaN,NaN,NaN,1
2024-07-25T13:17:00-04:00,9.949358535429134,9.949358535429134,9.94,9.94,9.967087005290407,9.76609903615051,10.00200157670191,0,0,19479,19478,0,0,0,0,NaN,NaN,34.59430669635684,NaN,NaN,NaN,9.917636953328326,9.999224491953502,NaN,NaN,NaN,NaN,NaN,NaN,NaN,NaN,NaN,NaN,1,0,0,0,0,NaN,NaN,34.59430669635684,NaN,NaN,NaN,9.917636953328326,9.999224491953502,NaN,NaN,NaN,NaN,NaN,NaN,NaN,NaN,NaN,NaN,1
2024-07-25T13:29:00-04:00,9.944679267714566,9.944679267714566,9.94,9.94,9.962162095237606,9.768754012697832,9.98885988890513,0,0,19479,19478,0,0,0,0,NaN,NaN,31.581804214902508,NaN,NaN,NaN,9.917636953328326,9.999224491953502,NaN,NaN,NaN,NaN,NaN,NaN,NaN,NaN,NaN,NaN,1,0,0,0,0,NaN,NaN,31.581804214902508,NaN,NaN,NaN,9.917636953328326,9.999224491953502,NaN,NaN,NaN,NaN,NaN,NaN,NaN,NaN,NaN,NaN,1
2024-07-25T13:32:00-04:00,9.942339633857284,9.942339633857284,9.82,9.8675,9.944950805194404,9.770261585023055,9.985412654452492,0,0,19479,19478,0,0,0,0,NaN,NaN,26.922298454994557,NaN,NaN,NaN,9.917636953328326,9.942004,NaN,NaN,NaN,NaN,NaN,NaN,NaN,NaN,NaN,NaN,1,0,0,0,0,NaN,NaN,26.922298454994557,NaN,NaN,NaN,9.917636953328326,9.942004,NaN,NaN,NaN,NaN,NaN,NaN,NaN,NaN,NaN,NaN,1
2024-07-25T13:34:00-04:00,9.904919816928642,9.904919816928642,9.9,9.9,9.936777931522695,9.77224232418301,9.983630997079683,0,0,19479,19478,0,0,0,0,NaN,NaN,22.809665872907352,NaN,NaN,NaN,9.917636953328326,9.942004,NaN,NaN,NaN,NaN,NaN,NaN,NaN,NaN,NaN,NaN,1,0,0,0,0,NaN,NaN,22.809665872907352,NaN,NaN,NaN,9.917636953328326,9.942004,NaN,NaN,NaN,NaN,NaN,NaN,NaN,NaN,NaN,NaN,1
2024-07-25T13:49:00-04:00,9.902459908464321,9.902459908464321,9.84,9.84,9.919181943973113,9.773276792516093,9.981661020436155,0,0,19479,19478,0,0,0,0,NaN,NaN,17.53715245575415,NaN,NaN,NaN,9.917636953328326,9.92560638,NaN,NaN,NaN,NaN,NaN,NaN,NaN,NaN,NaN,NaN,1,0,0,0,0,NaN,NaN,17.53715245575415,NaN,NaN,NaN,9.917636953328326,9.92560638,NaN,NaN,NaN,NaN,NaN,NaN,NaN,NaN,NaN,NaN,1
2024-07-25T14:05:00-04:00,9.87122995423216,9.87122995423216,9.83,9.83,9.90296704506891,9.774142795683787,9.979609051549183,0,0,19479,19478,0,0,0,0,NaN,NaN,18.736320654084977,NaN,NaN,NaN,9.917636953328326,9.9151699972,NaN,NaN,NaN,NaN,NaN,NaN,NaN,NaN,NaN,NaN,1,0,0,0,0,NaN,NaN,18.736320654084977,NaN,NaN,NaN,9.917636953328326,9.9151699972,NaN,NaN,NaN,NaN,NaN,NaN,NaN,NaN,NaN,NaN,1
2024-07-25T14:38:00-04:00,9.85061497711608,9.85061497711608,9.82,9.825,9.888791218692745,9.77491924155121,9.975535568436307,0,0,19479,19478,0,0,0,0,NaN,NaN,12.160285535223455,NaN,NaN,NaN,9.917636953328326,9.904779697452,NaN,NaN,NaN,NaN,NaN,NaN,NaN,NaN,NaN,NaN,1,0,0,0,0,NaN,NaN,12.160285535223455,NaN,NaN,NaN,9.917636953328326,9.904779697452,NaN,NaN,NaN,NaN,NaN,NaN,NaN,NaN,NaN,NaN,1
2024-07-25T14:48:00-04:00,9.83780748855804,9.83780748855804,9.81,9.815000000000001,9.875374633475882,9.775531161527526,9.968517951625094,0,0,19479,19478,0,0,0,0,NaN,NaN,8.689662299163603,NaN,NaN,NaN,9.917636953328326,9.88960613375776,NaN,NaN,NaN,NaN,NaN,NaN,NaN,NaN,NaN,NaN,1,0,0,0,0,NaN,NaN,8.689662299163603,NaN,NaN,NaN,9.917636953328326,9.88960613375776,NaN,NaN,NaN,NaN,NaN,NaN,NaN,NaN,NaN,NaN,1
2024-07-25T14:52:00-04:00,9.82640374427902,9.82640374427902,9.69,9.69,9.841670154662085,9.774225342267565,9.965052936053745,0,0,19479,19478,0,0,0,0,NaN,NaN,2.471490956544961,NaN,NaN,NaN,9.917636953328326,9.806540213694095,NaN,NaN,NaN,NaN,NaN,NaN,NaN,NaN,NaN,NaN,1,0,0,0,0,NaN,NaN,2.471490956544961,NaN,NaN,NaN,9.917636953328326,9.806540213694095,NaN,NaN,NaN,NaN,NaN,NaN,NaN,NaN,NaN,NaN,1
2024-07-25T15:02:00-04:00,9.758201872139509,9.758201872139509,9.71,9.71,9.817730126541706,9.77324480269096,9.950116596392597,0,0,19479,19478,0,0,0,0,NaN,NaN,0.20285672838749508,NaN,NaN,NaN,9.900659691694575,9.806540213694095,NaN,NaN,NaN,NaN,NaN,NaN,NaN,NaN,NaN,NaN,1,0,0,0,0,NaN,NaN,0.20285672838749508,NaN,NaN,NaN,9.900659691694575,9.806540213694095,NaN,NaN,NaN,NaN,NaN,NaN,NaN,NaN,NaN,NaN,1
2024-07-25T15:06:00-04:00,9.734100936069755,9.734100936069755,9.69,9.69,9.794506467170487,9.771973889672779,9.947105290576522,0,0,19479,19478,0,0,0,0,NaN,NaN,0.34813066621282274,NaN,NaN,NaN,9.776381846297818,9.806540213694095,NaN,NaN,NaN,NaN,NaN,NaN,NaN,NaN,NaN,NaN,1,0,0,0,0,NaN,NaN,0.34813066621282274,NaN,NaN,NaN,9.776381846297818,9.806540213694095,NaN,NaN,NaN,NaN,NaN,NaN,NaN,NaN,NaN,NaN,1
2024-07-25T15:18:00-04:00,9.712050468034878,9.712050468034878,9.69,9.69,9.775505291321307,9.770722379906783,9.944162909132524,0,0,19479,19478,0,0,0,0,NaN,NaN,2.1685599693447513,NaN,NaN,NaN,9.776142878661632,9.806540213694095,NaN,NaN,NaN,NaN,NaN,NaN,NaN,NaN,NaN,NaN,1,0,0,0,0,NaN,NaN,2.1685599693447513,NaN,NaN,NaN,9.776142878661632,9.806540213694095,NaN,NaN,NaN,NaN,NaN,NaN,NaN,NaN,NaN,NaN,1
2024-07-25T15:30:00-04:00,9.70102523401744,9.70102523401744,9.69,9.69,9.759958874717434,9.769489977160115,9.941287112468883,0,0,19479,19478,0,0,0,0,NaN,NaN,5.202681578503798,NaN,NaN,NaN,9.775808635065978,9.806540213694095,NaN,NaN,NaN,NaN,NaN,NaN,NaN,NaN,NaN,NaN,1,0,0,0,0,NaN,NaN,5.202681578503798,NaN,NaN,NaN,9.775808635065978,9.806540213694095,NaN,NaN,NaN,NaN,NaN,NaN,NaN,NaN,NaN,NaN,1
2024-07-25T15:31:00-04:00,9.69551261700872,9.72,9.69551261700872,9.72,9.75269362476881,9.768734404989731,9.938811311255314,0,0,19479,19478,0,0,0,0,NaN,NaN,8.552090586286049,NaN,NaN,NaN,9.775808635065978,9.806540213694095,NaN,NaN,NaN,NaN,NaN,NaN,NaN,NaN,NaN,NaN,1,0,0,0,0,NaN,NaN,8.552090586286049,NaN,NaN,NaN,9.775808635065978,9.806540213694095,NaN,NaN,NaN,NaN,NaN,NaN,NaN,NaN,NaN,NaN,1
2024-07-25T15:35:00-04:00,9.707756308504361,9.7713,9.707756308504361,9.7713,9.756076602083573,9.768773574379201,9.936957899977871,0,0,19479,19478,0,0,0,0,NaN,NaN,11.067422763113582,NaN,NaN,NaN,9.775808635065978,9.806540213694095,NaN,NaN,NaN,NaN,NaN,NaN,NaN,NaN,NaN,NaN,1,0,0,0,0,NaN,NaN,11.067422763113582,NaN,NaN,NaN,9.775808635065978,9.806540213694095,NaN,NaN,NaN,NaN,NaN,NaN,NaN,NaN,NaN,NaN,1
2024-07-25T15:58:00-04:00,9.73952815425218,9.73952815425218,9.67,9.67,9.74042631079565,9.767265580877229,9.922963461941707,0,1,19479,19478,0,0,0,0,NaN,NaN,14.783457454064001,NaN,NaN,NaN,9.775808635065978,9.77376297522916,NaN,NaN,NaN,NaN,NaN,NaN,NaN,NaN,NaN,NaN,1,0,0,0,0,NaN,NaN,14.783457454064001,NaN,NaN,NaN,9.775808635065978,9.77376297522916,NaN,NaN,NaN,NaN,NaN,NaN,NaN,NaN,NaN,NaN,1
2024-07-25T15:59:00-04:00,9.70476407712609,9.70476407712609,9.63,9.63,9.720348799741895,9.765169923153913,9.916946549599507,0,0,19479,19752,0,0,0,0,NaN,NaN,17.669420801006154,NaN,NaN,NaN,9.775808635065978,9.727772750431036,NaN,NaN,NaN,NaN,NaN,NaN,NaN,NaN,NaN,NaN,1,0,0,0,0,NaN,NaN,17.669420801006154,NaN,NaN,NaN,9.775808635065978,9.727772750431036,NaN,NaN,NaN,NaN,NaN,NaN,NaN,NaN,NaN,NaN,1
2024-07-26T09:31:00-04:00,9.667382038563044,9.845,9.667382038563044,9.845,9.743012654334278,9.766388702953089,9.845,0,0,19479,19753,0,0,0,0,NaN,NaN,19.181757501505853,NaN,NaN,NaN,9.775808635065978,9.763300000000001,NaN,NaN,NaN,NaN,NaN,NaN,NaN,NaN,NaN,NaN,1,0,0,0,0,NaN,NaN,19.181757501505853,NaN,NaN,NaN,9.775808635065978,9.763300000000001,NaN,NaN,NaN,NaN,NaN,NaN,NaN,NaN,NaN,NaN,1
2024-07-26T09:32:00-04:00,9.756191019281523,9.83,9.756191019281523,9.83,9.758828535364408,9.7673598677935,9.841513157894736,0,0,19479,19754,0,0,0,0,NaN,NaN,22.03529938489841,NaN,NaN,NaN,9.775808635065978,9.763300000000001,NaN,NaN,NaN,NaN,NaN,NaN,NaN,NaN,NaN,NaN,1,0,0,0,0,NaN,NaN,22.03529938489841,NaN,NaN,NaN,9.775808635065978,9.763300000000001,NaN,NaN,NaN,NaN,NaN,NaN,NaN,NaN,NaN,NaN,1
2024-07-26T09:33:00-04:00,9.79309550964076,9.83,9.79309550964076,9.83,9.77176880166179,9.768316205689782,9.839674447174447,0,0,19479,19755,0,0,0,0,NaN,NaN,24.895524396855635,NaN,NaN,NaN,9.775808635065978,9.763300000000001,NaN,NaN,NaN,NaN,NaN,NaN,NaN,NaN,NaN,NaN,1,0,0,0,0,NaN,NaN,24.895524396855635,NaN,NaN,NaN,9.775808635065978,9.763300000000001,NaN,NaN,NaN,NaN,NaN,NaN,NaN,NaN,NaN,NaN,1
2024-07-26T10:04:00-04:00,9.811547754820381,9.811547754820381,9.7,9.7,9.758719928632372,9.767273210183069,9.824392778993436,0,0,19479,19756,0,0,0,0,NaN,NaN,30.069559200350525,NaN,NaN,NaN,9.775808635065978,9.763300000000001,NaN,NaN,NaN,NaN,NaN,NaN,NaN,NaN,NaN,NaN,1,0,0,0,0,NaN,NaN,30.069559200350525,NaN,NaN,NaN,9.775808635065978,9.763300000000001,NaN,NaN,NaN,NaN,NaN,NaN,NaN,NaN,NaN,NaN,1
2024-07-26T10:11:00-04:00,9.75577387741019,9.75577387741019,9.74,9.74,9.755316305244667,9.766856825294777,9.792687841530055,0,0,19479,19757,0,0,0,0,NaN,NaN,34.578208831871265,NaN,NaN,NaN,9.775808635065978,9.763300000000001,NaN,NaN,NaN,NaN,NaN,NaN,NaN,NaN,NaN,NaN,1,0,0,0,0,NaN,NaN,34.578208831871265,NaN,NaN,NaN,9.775808635065978,9.763300000000001,NaN,NaN,NaN,NaN,NaN,NaN,NaN,NaN,NaN,NaN,1
2024-07-26T10:18:00-04:00,9.747886938705095,9.747886938705095,9.69,9.69,9.743440613382,9.765683438649056,9.76464498510427,0,0,19479,19758,0,0,0,0,NaN,NaN,40.084696546699234,NaN,NaN,NaN,9.775808635065978,9.763300000000001,NaN,NaN,NaN,NaN,NaN,NaN,NaN,NaN,NaN,NaN,1,0,0,0,0,NaN,NaN,40.084696546699234,NaN,NaN,NaN,9.775808635065978,9.763300000000001,NaN,NaN,NaN,NaN,NaN,NaN,NaN,NaN,NaN,NaN,1
2024-07-26T10:21:00-04:00,9.718943469352547,9.74,9.718943469352547,9.74,9.742815047312547,9.765291325081895,9.758988140780414,0,0,19479,19759,0,0,0,0,NaN,NaN,44.16387681083728,NaN,NaN,NaN,9.775808635065978,9.763300000000001,NaN,NaN,NaN,NaN,NaN,NaN,NaN,NaN,NaN,NaN,1,0,0,0,0,NaN,NaN,44.16387681083728,NaN,NaN,NaN,9.775808635065978,9.763300000000001,NaN,NaN,NaN,NaN,NaN,NaN,NaN,NaN,NaN,NaN,1
2024-07-26T10:23:00-04:00,9.729471734676274,9.74,9.68,9.71,9.736848675073903,9.764447182714232,9.74864061557031,0,0,19479,19760,0,0,0,0,NaN,NaN,48.810277465576725,NaN,NaN,NaN,9.775808635065978,9.763300000000001,NaN,NaN,NaN,NaN,NaN,NaN,NaN,NaN,NaN,NaN,1,0,0,0,0,NaN,NaN,48.810277465576725,NaN,NaN,NaN,9.775808635065978,9.763300000000001,NaN,NaN,NaN,NaN,NaN,NaN,NaN,NaN,NaN,NaN,1
2024-07-26T10:30:00-04:00,9.719735867338137,9.719735867338137,9.68,9.68,9.726512552333194,9.76315791274913,9.7458203125,0,0,19479,19761,0,0,0,0,NaN,NaN,51.38328142612008,NaN,NaN,NaN,9.775808635065978,9.760024999999999,NaN,NaN,NaN,NaN,NaN,NaN,NaN,NaN,NaN,NaN,1,0,0,0,0,NaN,NaN,51.38328142612008,NaN,NaN,NaN,9.775808635065978,9.760024999999999,NaN,NaN,NaN,NaN,NaN,NaN,NaN,NaN,NaN,NaN,1
2024-07-26T10:38:00-04:00,9.699867933669069,9.699867933669069,9.65,9.65,9.712601179181704,9.761430311027768,9.743125703037121,0,1,19479,19762,0,0,0,0,NaN,NaN,53.98916348718742,NaN,NaN,NaN,9.775808635065978,9.74217425,NaN,NaN,NaN,NaN,NaN,NaN,NaN,NaN,NaN,NaN,1,0,0,0,0,NaN,NaN,53.98916348718742,NaN,NaN,NaN,9.775808635065978,9.74217425,NaN,NaN,NaN,NaN,NaN,NaN,NaN,NaN,NaN,NaN,1
2024-07-26T10:39:00-04:00,9.674933966834534,9.674933966834534,9.61,9.61,9.693946419330485,9.759118397882306,9.739484409190371,0,0,19479,19763,0,0,0,0,NaN,NaN,56.37397525244188,NaN,NaN,NaN,9.775808635065978,9.715443794999999,NaN,NaN,NaN,NaN,NaN,NaN,NaN,NaN,NaN,NaN,1,0,0,0,0,NaN,NaN,56.37397525244188,NaN,NaN,NaN,9.775808635065978,9.715443794999999,NaN,NaN,NaN,NaN,NaN,NaN,NaN,NaN,NaN,NaN,1
2024-07-26T10:40:00-04:00,9.642466983417266,9.642466983417266,9.61,9.61,9.67868343399767,9.756841781120745,9.73276841286307,0,0,19479,19764,0,0,0,0,NaN,NaN,59.201693398265846,NaN,NaN,NaN,9.775808635065978,9.715443794999999,NaN,NaN,NaN,NaN,NaN,NaN,NaN,NaN,NaN,NaN,1,0,0,0,0,NaN,NaN,59.201693398265846,NaN,NaN,NaN,9.775808635065978,9.715443794999999,NaN,NaN,NaN,NaN,NaN,NaN,NaN,NaN,NaN,NaN,1
2024-07-26T10:41:00-04:00,9.626233491708632,9.71,9.626233491708632,9.7,9.68255917327082,9.755973967668519,9.730403031761309,0,0,19479,19765,0,0,0,0,NaN,NaN,61.05147088224003,NaN,NaN,NaN,9.775808635065978,9.715443794999999,NaN,NaN,NaN,NaN,NaN,NaN,NaN,NaN,NaN,NaN,1,0,0,0,0,NaN,NaN,61.05147088224003,NaN,NaN,NaN,9.775808635065978,9.715443794999999,NaN,NaN,NaN,NaN,NaN,NaN,NaN,NaN,NaN,NaN,1
2024-07-26T10:45:00-04:00,9.663116745854316,9.69,9.663116745854316,9.69,9.683912050857943,9.754966731520907,9.727750674460433,0,0,19479,19766,0,0,0,0,NaN,NaN,62.88789435766808,NaN,NaN,NaN,9.775808635065978,9.715443794999999,NaN,NaN,NaN,NaN,NaN,NaN,NaN,NaN,NaN,NaN,1,0,0,0,0,NaN,NaN,62.88789435766808,NaN,NaN,NaN,9.775808635065978,9.715443794999999,NaN,NaN,NaN,NaN,NaN,NaN,NaN,NaN,NaN,NaN,1
2024-07-26T10:54:00-04:00,9.676558372927158,9.676558372927158,9.5501,9.5501,9.65958258706559,9.75183899516181,9.721955197912136,0,1,19479,19767,0,0,0,0,NaN,NaN,64.81578703798823,NaN,NaN,NaN,9.775808635065978,9.67330835345,NaN,NaN,NaN,NaN,NaN,NaN,NaN,NaN,NaN,NaN,1,0,0,0,0,NaN,NaN,64.81578703798823,NaN,NaN,NaN,9.775808635065978,9.67330835345,NaN,NaN,NaN,NaN,NaN,NaN,NaN,NaN,NaN,NaN,1
2024-07-26T11:29:00-04:00,9.613329186463579,9.613329186463579,9.56,9.565000000000001,9.642385753053665,9.748986491418881,9.7123417721519,0,0,19479,19768,0,0,0,0,NaN,NaN,66.75218357049775,NaN,NaN,NaN,9.775808635065978,9.67330835345,NaN,NaN,NaN,NaN,NaN,NaN,NaN,NaN,NaN,NaN,1,0,0,0,0,NaN,NaN,66.75218357049775,NaN,NaN,NaN,9.775808635065978,9.67330835345,NaN,NaN,NaN,NaN,NaN,NaN,NaN,NaN,NaN,NaN,1
2024-07-26T12:20:00-04:00,9.58916459323179,9.7299,9.58916459323179,9.7299,9.658297434316635,9.748695094603326,9.712693077230892,0,0,19479,19769,0,0,0,0,NaN,NaN,67.47749818876973,NaN,NaN,NaN,9.775808635065978,9.67330835345,NaN,NaN,NaN,NaN,NaN,NaN,NaN,NaN,NaN,NaN,1,0,0,0,0,NaN,NaN,67.47749818876973,NaN,NaN,NaN,9.775808635065978,9.67330835345,NaN,NaN,NaN,NaN,NaN,NaN,NaN,NaN,NaN,NaN,1
2024-07-26T13:14:00-04:00,9.659532296615895,9.66,9.659532296615895,9.66,9.658606991713611,9.747340971021595,9.710665640631012,0,0,19479,19770,0,0,0,0,NaN,NaN,69.04627017165483,NaN,NaN,NaN,9.775808635065978,9.67330835345,NaN,NaN,NaN,NaN,NaN,NaN,NaN,NaN,NaN,NaN,1,0,0,0,0,NaN,NaN,69.04627017165483,NaN,NaN,NaN,9.775808635065978,9.67330835345,NaN,NaN,NaN,NaN,NaN,NaN,NaN,NaN,NaN,NaN,1
2024-07-26T14:56:00-04:00,9.659766148307948,9.659766148307948,9.634,9.634,9.654132993220228,9.745610574517448,9.709218573046433,0,0,19479,19771,0,0,0,0,NaN,NaN,70.70825100110963,NaN,NaN,NaN,9.775808635065978,9.67330835345,NaN,NaN,NaN,NaN,NaN,NaN,NaN,NaN,NaN,NaN,1,0,0,0,0,NaN,NaN,70.70825100110963,NaN,NaN,NaN,9.775808635065978,9.67330835345,NaN,NaN,NaN,NaN,NaN,NaN,NaN,NaN,NaN,NaN,1
2024-07-26T15:16:00-04:00,9.646883074153974,9.72,9.646883074153974,9.715,9.665199721725642,9.745143237501914,9.709528403001071,0,0,19479,19772,0,0,0,0,NaN,NaN,71.55324200257705,NaN,NaN,NaN,9.775808635065978,9.67330835345,NaN,NaN,NaN,NaN,NaN,NaN,NaN,NaN,NaN,NaN,1,0,0,0,0,NaN,NaN,71.55324200257705,NaN,NaN,NaN,9.775808635065978,9.67330835345,NaN,NaN,NaN,NaN,NaN,NaN,NaN,NaN,NaN,NaN,1
2024-07-26T15:21:00-04:00,9.680941537076986,9.680941537076986,9.65,9.65,9.662436135957345,9.743690668990434,9.707474991376337,0,0,19479,19773,0,0,0,0,NaN,NaN,72.79312815137725,NaN,NaN,NaN,9.775808635065978,9.67330835345,NaN,NaN,NaN,NaN,NaN,NaN,NaN,NaN,NaN,NaN,1,0,0,0,0,NaN,NaN,72.79312815137725,NaN,NaN,NaN,9.775808635065978,9.67330835345,NaN,NaN,NaN,NaN,NaN,NaN,NaN,NaN,NaN,NaN,1
2024-07-29T09:43:00-04:00,9.665470768538494,9.665470768538494,9.58,9.6125,9.653356838510554,9.74168775801348,9.6125,0,0,19479,19774,0,0,0,0,NaN,NaN,74.29619712429032,NaN,NaN,NaN,9.775808635065978,9.67330835345,NaN,NaN,NaN,NaN,NaN,NaN,NaN,NaN,NaN,NaN,1,0,0,0,0,NaN,NaN,74.29619712429032,NaN,NaN,NaN,9.775808635065978,9.67330835345,NaN,NaN,NaN,NaN,NaN,NaN,NaN,NaN,NaN,NaN,1
2024-07-29T09:44:00-04:00,9.638985384269247,9.71,9.638985384269247,9.71,9.663655595144999,9.74120397544839,9.635143953934742,0,0,19479,19775,0,0,0,0,NaN,NaN,74.61392689178994,NaN,NaN,NaN,9.775808635065978,9.67330835345,NaN,NaN,NaN,NaN,NaN,NaN,NaN,NaN,NaN,NaN,1,0,0,0,0,NaN,NaN,74.61392689178994,NaN,NaN,NaN,9.775808635065978,9.67330835345,NaN,NaN,NaN,NaN,NaN,NaN,NaN,NaN,NaN,NaN,1
2024-07-29T09:46:00-04:00,9.674492692134624,9.674492692134624,9.59,9.59,9.650263668754999,9.738895517807956,9.622621359223302,0,0,19479,19776,0,0,0,0,NaN,NaN,76.0093643062547,NaN,NaN,NaN,9.775808635065978,9.67330835345,NaN,NaN,NaN,NaN,NaN,NaN,NaN,NaN,NaN,NaN,1,0,0,0,0,NaN,NaN,76.0093643062547,NaN,NaN,NaN,9.775808635065978,9.67330835345,NaN,NaN,NaN,NaN,NaN,NaN,NaN,NaN,NaN,NaN,1
2024-07-29T09:47:00-04:00,9.632246346067312,9.65,9.632246346067312,9.65,9.650215728981363,9.737538334329972,9.630666013712046,0,0,19479,19777,0,0,0,0,NaN,NaN,77.03664462404393,NaN,NaN,NaN,9.775808635065978,9.67330835345,NaN,NaN,NaN,NaN,NaN,NaN,NaN,NaN,NaN,NaN,1,0,0,0,0,NaN,NaN,77.03664462404393,NaN,NaN,NaN,9.775808635065978,9.67330835345,NaN,NaN,NaN,NaN,NaN,NaN,NaN,NaN,NaN,NaN,1
2024-07-29T09:58:00-04:00,9.641123173033655,9.675,9.641123173033655,9.675,9.654721960075662,9.736583550599743,9.634620874219447,0,0,19479,19778,0,0,0,0,NaN,NaN,77.64032728958176,NaN,NaN,NaN,9.775808635065978,9.67330835345,NaN,NaN,NaN,NaN,NaN,NaN,NaN,NaN,NaN,NaN,1,0,0,0,0,NaN,NaN,77.64032728958176,NaN,NaN,NaN,9.775808635065978,9.67330835345,NaN,NaN,NaN,NaN,NaN,NaN,NaN,NaN,NaN,NaN,1
2024-07-29T14:04:00-04:00,9.658061586516828,9.66,9.658061586516828,9.66,9.65568160369827,9.73541433608677,9.638463285389856,0,0,19479,19779,0,0,0,0,NaN,NaN,78.32658579370398,NaN,NaN,NaN,9.775808635065978,9.67330835345,NaN,NaN,NaN,NaN,NaN,NaN,NaN,NaN,NaN,NaN,1,0,0,0,0,NaN,NaN,78.32658579370398,NaN,NaN,NaN,9.775808635065978,9.67330835345,NaN,NaN,NaN,NaN,NaN,NaN,NaN,NaN,NaN,NaN,1
2024-07-29T15:19:00-04:00,9.659030793258413,9.66,9.659030793258413,9.66,9.65646676666222,9.734262972177048,9.639978888106967,0,0,19479,19780,0,0,0,0,NaN,NaN,78.73339636428224,NaN,NaN,NaN,9.775808635065978,9.67330835345,NaN,NaN,NaN,NaN,NaN,NaN,NaN,NaN,NaN,NaN,1,0,0,0,0,NaN,NaN,78.73339636428224,NaN,NaN,NaN,9.775808635065978,9.67330835345,NaN,NaN,NaN,NaN,NaN,NaN,NaN,NaN,NaN,NaN,1
2024-07-29T15:22:00-04:00,9.659515396629207,9.66,9.659515396629207,9.66,9.657109172723635,9.733129186342284,9.64250307503075,0,0,19479,19781,0,0,0,0,NaN,NaN,78.80238277334996,NaN,NaN,NaN,9.775808635065978,9.67330835345,NaN,NaN,NaN,NaN,NaN,NaN,NaN,NaN,NaN,NaN,1,0,0,0,0,NaN,NaN,78.80238277334996,NaN,NaN,NaN,9.775808635065978,9.67330835345,NaN,NaN,NaN,NaN,NaN,NaN,NaN,NaN,NaN,NaN,1
2024-07-29T15:57:00-04:00,9.659757698314603,9.66,9.659757698314603,9.66,9.657634777682974,9.73201271021492,9.643761415525114,0,0,19479,19782,0,0,0,0,NaN,NaN,78.23857874033878,NaN,NaN,NaN,9.775808635065978,9.67330835345,NaN,NaN,NaN,NaN,NaN,NaN,NaN,NaN,NaN,NaN,1,0,0,0,0,NaN,NaN,78.23857874033878,NaN,NaN,NaN,9.775808635065978,9.67330835345,NaN,NaN,NaN,NaN,NaN,NaN,NaN,NaN,NaN,NaN,1
2024-07-29T16:00:00-04:00,9.659878849157302,9.659878849157302,9.55,9.55,9.638064818104251,9.72923389021164,9.608148672566372,0,0,19479,19783,0,0,0,0,NaN,NaN,78.46717793228956,NaN,NaN,NaN,9.775808635065978,9.658467351036,NaN,NaN,NaN,NaN,NaN,NaN,NaN,NaN,NaN,NaN,1,0,0,0,0,NaN,NaN,78.46717793228956,NaN,NaN,NaN,9.775808635065978,9.658467351036,NaN,NaN,NaN,NaN,NaN,NaN,NaN,NaN,NaN,NaN,1
2024-07-30T09:30:00-04:00,9.604939424578651,9.65,9.604939424578651,9.65,9.640234851176205,9.728024212498486,9.65,0,0,19479,19784,0,0,0,0,NaN,NaN,77.67143812220948,NaN,NaN,NaN,9.775808635065978,9.658467351036,NaN,NaN,NaN,NaN,NaN,NaN,NaN,NaN,NaN,NaN,1,0,0,0,0,NaN,NaN,77.67143812220948,NaN,NaN,NaN,9.775808635065978,9.658467351036,NaN,NaN,NaN,NaN,NaN,NaN,NaN,NaN,NaN,NaN,1
2024-07-30T09:36:00-04:00,9.627469712289326,9.7,9.627469712289326,9.695,9.650192150962349,9.727520026048127,9.68375,0,0,19479,19785,0,0,0,0,NaN,NaN,76.06151782649437,NaN,NaN,NaN,9.775808635065978,9.658467351036,NaN,NaN,NaN,NaN,NaN,NaN,NaN,NaN,NaN,NaN,1,0,0,0,0,NaN,NaN,76.06151782649437,NaN,NaN,NaN,9.775808635065978,9.658467351036,NaN,NaN,NaN,NaN,NaN,NaN,NaN,NaN,NaN,NaN,1
2024-07-30T09:37:00-04:00,9.661234856144663,9.85,9.661234856144663,9.815,9.68015721442374,9.72885559816953,9.749375,0,0,19479,19786,0,0,0,0,NaN,NaN,71.52165523981246,NaN,NaN,NaN,9.775808635065978,9.702375,NaN,NaN,NaN,NaN,NaN,NaN,NaN,NaN,NaN,NaN,1,0,0,0,0,NaN,NaN,71.52165523981246,NaN,NaN,NaN,9.775808635065978,9.702375,NaN,NaN,NaN,NaN,NaN,NaN,NaN,NaN,NaN,NaN,1
2024-07-30T09:38:00-04:00,9.738117428072332,9.738117428072332,9.62,9.655,9.675583175437605,9.727728031785261,9.717916666666667,0,0,19479,19787,0,0,0,0,NaN,NaN,70.56185821521547,NaN,NaN,NaN,9.775808635065978,9.702375,NaN,NaN,NaN,NaN,NaN,NaN,NaN,NaN,NaN,NaN,1,0,0,0,0,NaN,NaN,70.56185821521547,NaN,NaN,NaN,9.775808635065978,9.702375,NaN,NaN,NaN,NaN,NaN,NaN,NaN,NaN,NaN,NaN,1
2024-07-30T09:49:00-04:00,9.696558714036165,9.701,9.696558714036165,9.701,9.680204416267133,9.727319970231289,9.716413819286256,0,0,19479,19788,0,0,0,0,NaN,NaN,69.66404167562149,NaN,NaN,NaN,9.775808635065978,9.702375,NaN,NaN,NaN,NaN,NaN,NaN,NaN,NaN,NaN,NaN,1,0,0,0,0,NaN,NaN,69.66404167562149,NaN,NaN,NaN,9.775808635065978,9.702375,NaN,NaN,NaN,NaN,NaN,NaN,NaN,NaN,NaN,NaN,1
2024-07-30T10:18:00-04:00,9.698779357018083,9.7,9.64,9.67,9.678349067854926,9.726444856181956,9.707802721088436,0,0,19479,19789,0,0,0,0,NaN,NaN,68.88640061825933,NaN,NaN,NaN,9.775808635065978,9.702375,NaN,NaN,NaN,NaN,NaN,NaN,NaN,NaN,NaN,NaN,1,0,0,0,0,NaN,NaN,68.88640061825933,NaN,NaN,NaN,9.775808635065978,9.702375,NaN,NaN,NaN,NaN,NaN,NaN,NaN,NaN,NaN,NaN,1
2024-07-30T10:19:00-04:00,9.684389678509042,9.684389678509042,9.5,9.512525,9.648199237335849,9.723178904179179,9.63807731610338,0,1,19479,19790,0,0,0,0,NaN,NaN,69.32763225635459,NaN,NaN,NaN,9.775808635065978,9.659225375,NaN,NaN,NaN,NaN,NaN,NaN,NaN,NaN,NaN,NaN,1,0,0,0,0,NaN,NaN,69.32763225635459,NaN,NaN,NaN,9.775808635065978,9.659225375,NaN,NaN,NaN,NaN,NaN,NaN,NaN,NaN,NaN,NaN,1
2024-07-30T12:13:00-04:00,9.598457339254521,9.598457339254521,9.5,9.5,9.621253921456603,9.719771592664992,9.632797112810708,0,0,19479,19791,0,0,0,0,NaN,NaN,69.73554069443026,NaN,NaN,NaN,9.71039148742375,9.64837398875,NaN,NaN,NaN,NaN,NaN,NaN,NaN,NaN,NaN,NaN,1,0,0,0,0,NaN,NaN,69.73554069443026,NaN,NaN,NaN,9.71039148742375,9.64837398875,NaN,NaN,NaN,NaN,NaN,NaN,NaN,NaN,NaN,NaN,1
2024-07-30T13:38:00-04:00,9.549228669627261,9.549228669627261,9.36,9.435925,9.587557753919038,9.715438056899115,9.573173886963477,0,0,19479,19792,0,0,0,0,NaN,NaN,70.23537374539993,NaN,NaN,NaN,9.53302307395955,9.605511799424999,NaN,NaN,NaN,NaN,NaN,NaN,NaN,NaN,NaN,NaN,1,0,0,0,0,NaN,NaN,70.23537374539993,NaN,NaN,NaN,9.53302307395955,9.605511799424999,NaN,NaN,NaN,NaN,NaN,NaN,NaN,NaN,NaN,NaN,1
2024-07-30T14:46:00-04:00,9.49257683481363,9.53,9.39,9.46,9.564365435024667,9.711538239236534,9.55756728338313,0,0,19479,19793,0,0,0,0,NaN,NaN,70.4623805850237,NaN,NaN,NaN,9.53302307395955,9.605511799424999,NaN,NaN,NaN,NaN,NaN,NaN,NaN,NaN,NaN,NaN,1,0,0,0,0,NaN,NaN,70.4623805850237,NaN,NaN,NaN,9.53302307395955,9.605511799424999,NaN,NaN,NaN,NaN,NaN,NaN,NaN,NaN,NaN,NaN,1
2024-07-30T15:27:00-04:00,9.476288417406815,9.476288417406815,9.39,9.39,9.532662628656546,9.706629258484831,9.550203306965503,0,0,19479,19794,0,0,0,0,NaN,NaN,71.35895656135577,NaN,NaN,NaN,9.53302307395955,9.565219862476752,NaN,NaN,NaN,NaN,NaN,NaN,NaN,NaN,NaN,NaN,1,0,0,0,0,NaN,NaN,71.35895656135577,NaN,NaN,NaN,9.53302307395955,9.565219862476752,NaN,NaN,NaN,NaN,NaN,NaN,NaN,NaN,NaN,NaN,1
2024-07-31T09:30:00-04:00,9.433144208703407,9.433144208703407,9.34,9.34,9.497633059809901,9.70103186522552,9.34,0,0,19479,19795,0,0,0,0,NaN,NaN,72.06659539228549,NaN,NaN,NaN,9.53302307395955,9.516193478979542,NaN,NaN,NaN,NaN,NaN,NaN,NaN,NaN,NaN,NaN,1,0,0,0,0,NaN,NaN,72.06659539228549,NaN,NaN,NaN,9.53302307395955,9.516193478979542,NaN,NaN,NaN,NaN,NaN,NaN,NaN,NaN,NaN,NaN,1
2024-07-31T09:35:00-04:00,9.386572104351703,9.386572104351703,9.33,9.33,9.467154321662647,9.695367256596123,9.337435897435897,0,0,19479,19796,0,0,0,0,NaN,NaN,72.68184687107119,NaN,NaN,NaN,9.455397516402662,9.48401445713261,NaN,NaN,NaN,NaN,NaN,NaN,NaN,NaN,NaN,NaN,1,0,0,0,0,NaN,NaN,72.68184687107119,NaN,NaN,NaN,9.455397516402662,9.48401445713261,NaN,NaN,NaN,NaN,NaN,NaN,NaN,NaN,NaN,NaN,1
2024-07-31T09:36:00-04:00,9.358286052175853,9.358286052175853,9.3,9.3,9.436762626814893,9.689331115274046,9.329795918367347,0,0,19479,19797,0,0,0,0,NaN,NaN,72.49752452937666,NaN,NaN,NaN,9.398448629451016,9.438591854848742,NaN,NaN,NaN,NaN,NaN,NaN,NaN,NaN,NaN,NaN,1,0,0,0,0,NaN,NaN,72.49752452937666,NaN,NaN,NaN,9.398448629451016,9.438591854848742,NaN,NaN,NaN,NaN,NaN,NaN,NaN,NaN,NaN,NaN,1
2024-07-31T09:37:00-04:00,9.329143026087927,9.329143026087927,9.29,9.295,9.41098760375764,9.68331079290345,9.316582278481013,0,0,19479,19798,0,0,0,0,NaN,NaN,72.35046928087961,NaN,NaN,NaN,9.393298887782029,9.406462565330504,NaN,NaN,NaN,NaN,NaN,NaN,NaN,NaN,NaN,NaN,1,0,0,0,0,NaN,NaN,72.35046928087961,NaN,NaN,NaN,9.393298887782029,9.406462565330504,NaN,NaN,NaN,NaN,NaN,NaN,NaN,NaN,NaN,NaN,1
2024-07-31T09:38:00-04:00,9.312071513043964,9.38,9.312071513043964,9.38,9.405353493983524,9.678680093775153,9.32370786516854,0,0,19479,19799,0,0,0,0,NaN,NaN,72.33033637266342,NaN,NaN,NaN,9.393298887782029,9.406462565330504,NaN,NaN,NaN,NaN,NaN,NaN,NaN,NaN,NaN,NaN,1,0,0,0,0,NaN,NaN,72.33033637266342,NaN,NaN,NaN,9.393298887782029,9.406462565330504,NaN,NaN,NaN,NaN,NaN,NaN,NaN,NaN,NaN,NaN,1
2024-07-31T09:40:00-04:00,9.346035756521982,9.66,9.346035756521982,9.655,9.4507437678047,9.678318565625913,9.407226890756302,0,0,19479,19800,0,0,0,0,NaN,NaN,69.04594280325942,NaN,NaN,NaN,9.393298887782029,9.5182,NaN,NaN,NaN,NaN,NaN,NaN,NaN,NaN,NaN,NaN,1,0,0,0,0,NaN,NaN,69.04594280325942,NaN,NaN,NaN,9.393298887782029,9.5182,NaN,NaN,NaN,NaN,NaN,NaN,NaN,NaN,NaN,NaN,1
2024-07-31T09:41:00-04:00,9.50051787826099,9.62,9.50051787826099,9.62,9.481517628203846,9.677428205845365,9.423720930232559,0,0,19479,19801,0,0,0,0,NaN,NaN,66.68233034122078,NaN,NaN,NaN,9.393298887782029,9.5182,NaN,NaN,NaN,NaN,NaN,NaN,NaN,NaN,NaN,NaN,1,0,0,0,0,NaN,NaN,66.68233034122078,NaN,NaN,NaN,9.393298887782029,9.5182,NaN,NaN,NaN,NaN,NaN,NaN,NaN,NaN,NaN,NaN,1
2024-07-31T09:42:00-04:00,9.560258939130495,9.560258939130495,9.4,9.405000000000001,9.467605332166784,9.673268996595818,9.419289940828403,0,0,19479,19802,0,0,0,0,NaN,NaN,66.68254843182143,NaN,NaN,NaN,9.393298887782029,9.5182,NaN,NaN,NaN,NaN,NaN,NaN,NaN,NaN,NaN,NaN,1,0,0,0,0,NaN,NaN,66.68254843182143,NaN,NaN,NaN,9.393298887782029,9.5182,NaN,NaN,NaN,NaN,NaN,NaN,NaN,NaN,NaN,NaN,1
2024-07-31T09:44:00-04:00,9.482629469565248,9.65,9.482629469565248,9.629999999999999,9.497131635409186,9.672608401227942,9.441587301587301,0,0,19479,19803,0,0,0,0,NaN,NaN,63.694445707527194,NaN,NaN,NaN,9.393298887782029,9.5182,NaN,NaN,NaN,NaN,NaN,NaN,NaN,NaN,NaN,NaN,1,0,0,0,0,NaN,NaN,63.694445707527194,NaN,NaN,NaN,9.393298887782029,9.5182,NaN,NaN,NaN,NaN,NaN,NaN,NaN,NaN,NaN,NaN,1
2024-07-31T09:46:00-04:00,9.556314734782624,9.73,9.556314734782624,9.705,9.534925883516607,9.673102929453469,9.477671232876713,0,0,19479,19804,0,0,0,0,NaN,NaN,58.73489542123842,NaN,NaN,NaN,9.393298887782029,9.548054,NaN,NaN,NaN,NaN,NaN,NaN,NaN,NaN,NaN,NaN,1,0,0,0,0,NaN,NaN,58.73489542123842,NaN,NaN,NaN,9.393298887782029,9.548054,NaN,NaN,NaN,NaN,NaN,NaN,NaN,NaN,NaN,NaN,1
2024-07-31T09:47:00-04:00,9.630657367391311,9.630657367391311,9.45,9.5,9.528575722877223,9.670460136637386,9.479539748953973,0,0,19479,19805,0,0,0,0,NaN,NaN,57.66491515682719,NaN,NaN,NaN,9.393298887782029,9.548054,NaN,NaN,NaN,NaN,NaN,NaN,NaN,NaN,NaN,NaN,1,0,0,0,0,NaN,NaN,57.66491515682719,NaN,NaN,NaN,9.393298887782029,9.548054,NaN,NaN,NaN,NaN,NaN,NaN,NaN,NaN,NaN,NaN,1
2024-07-31T09:48:00-04:00,9.565328683695656,9.565328683695656,9.45,9.465,9.51701650053591,9.66732334065819,9.477923019709928,0,0,19479,19806,0,0,0,0,NaN,NaN,57.0267059795504,NaN,NaN,NaN,9.393298887782029,9.548054,NaN,NaN,NaN,NaN,NaN,NaN,NaN,NaN,NaN,NaN,1,0,0,0,0,NaN,NaN,57.0267059795504,NaN,NaN,NaN,9.393298887782029,9.548054,NaN,NaN,NaN,NaN,NaN,NaN,NaN,NaN,NaN,NaN,1
2024-07-31T09:49:00-04:00,9.515164341847829,9.53,9.515164341847829,9.53,9.519377136802108,9.665226801106156,9.481528210453444,0,0,19479,19807,0,0,0,0,NaN,NaN,55.43975721482415,NaN,NaN,NaN,9.393298887782029,9.548054,NaN,NaN,NaN,NaN,NaN,NaN,NaN,NaN,NaN,NaN,1,0,0,0,0,NaN,NaN,55.43975721482415,NaN,NaN,NaN,9.393298887782029,9.548054,NaN,NaN,NaN,NaN,NaN,NaN,NaN,NaN,NaN,NaN,1
2024-07-31T09:59:00-04:00,9.522582170923915,9.522582170923915,9.48,9.48,9.512217657383543,9.662398911012932,9.481477082636333,0,0,19479,19808,0,0,0,0,NaN,NaN,54.46243441812276,NaN,NaN,NaN,9.393298887782029,9.548054,NaN,NaN,NaN,NaN,NaN,NaN,NaN,NaN,NaN,NaN,1,0,0,0,0,NaN,NaN,54.46243441812276,NaN,NaN,NaN,9.393298887782029,9.548054,NaN,NaN,NaN,NaN,NaN,NaN,NaN,NaN,NaN,NaN,1
2024-07-31T10:48:00-04:00,9.501291085461958,9.501291085461958,9.2301,9.2301,9.460923537859262,9.655798927638688,9.454120900417411,0,1,19479,19809,0,0,0,0,NaN,NaN,54.314581429320405,NaN,NaN,NaN,9.393298887782029,9.453303,NaN,NaN,NaN,NaN,NaN,NaN,NaN,NaN,NaN,NaN,1,0,0,0,0,NaN,NaN,54.314581429320405,NaN,NaN,NaN,9.393298887782029,9.453303,NaN,NaN,NaN,NaN,NaN,NaN,NaN,NaN,NaN,NaN,1
2024-07-31T12:21:00-04:00,9.365695542730979,9.365695542730979,9.2749,9.2749,9.427101076430306,9.649983676835044,9.43994857221307,0,0,19479,19810,0,0,0,0,NaN,NaN,54.70947209262982,NaN,NaN,NaN,9.393298887782029,9.453303,NaN,NaN,NaN,NaN,NaN,NaN,NaN,NaN,NaN,NaN,1,0,0,0,0,NaN,NaN,54.70947209262982,NaN,NaN,NaN,9.393298887782029,9.453303,NaN,NaN,NaN,NaN,NaN,NaN,NaN,NaN,NaN,NaN,1
2024-07-31T13:21:00-04:00,9.320297771365489,9.320297771365489,9.3001,9.305050000000001,9.404909971624797,9.644717513829928,9.432926262363353,0,0,19479,19811,0,0,0,0,NaN,NaN,54.84283848593861,NaN,NaN,NaN,9.393298887782029,9.453303,NaN,NaN,NaN,NaN,NaN,NaN,NaN,NaN,NaN,NaN,1,0,0,0,0,NaN,NaN,54.84283848593861,NaN,NaN,NaN,9.393298887782029,9.453303,NaN,NaN,NaN,NaN,NaN,NaN,NaN,NaN,NaN,NaN,1
2024-07-31T15:04:00-04:00,9.312673885682745,9.365,9.312673885682745,9.365,9.397653613147561,9.640447017435578,9.42510426070935,0,0,19479,19812,0,0,0,0,NaN,NaN,55.02125682100307,NaN,NaN,NaN,9.393298887782029,9.453303,NaN,NaN,NaN,NaN,NaN,NaN,NaN,NaN,NaN,NaN,1,0,0,0,0,NaN,NaN,55.02125682100307,NaN,NaN,NaN,9.393298887782029,9.453303,NaN,NaN,NaN,NaN,NaN,NaN,NaN,NaN,NaN,NaN,1
2024-07-31T16:00:00-04:00,9.338836942841372,9.338836942841372,9.31,9.31,9.381716592575277,9.635402024802975,9.421038147078427,0,0,19479,19813,0,0,0,0,NaN,NaN,55.480960532364,NaN,NaN,NaN,9.393298887782029,9.453303,NaN,NaN,NaN,NaN,NaN,NaN,NaN,NaN,NaN,NaN,1,0,0,0,0,NaN,NaN,55.480960532364,NaN,NaN,NaN,9.393298887782029,9.453303,NaN,NaN,NaN,NaN,NaN,NaN,NaN,NaN,NaN,NaN,1
2024-08-01T09:30:00-04:00,9.324418471420685,9.324418471420685,9.31,9.315000000000001,9.369586303016137,9.630510390836518,9.315000000000001,0,0,19479,19814,0,0,0,0,NaN,NaN,55.876939292988645,NaN,NaN,NaN,9.393298887782029,9.453303,NaN,NaN,NaN,NaN,NaN,NaN,NaN,NaN,NaN,NaN,1,0,0,0,0,NaN,NaN,55.876939292988645,NaN,NaN,NaN,9.393298887782029,9.453303,NaN,NaN,NaN,NaN,NaN,NaN,NaN,NaN,NaN,NaN,1
2024-08-01T09:37:00-04:00,9.319709235710343,9.39,9.319709235710343,9.370000000000001,9.369661520649567,9.626533132961152,9.353940953412787,0,0,19479,19815,0,0,0,0,NaN,NaN,55.89392250495606,NaN,NaN,NaN,9.393298887782029,9.453303,NaN,NaN,NaN,NaN,NaN,NaN,NaN,NaN,NaN,NaN,1,0,0,0,0,NaN,NaN,55.89392250495606,NaN,NaN,NaN,9.393298887782029,9.453303,NaN,NaN,NaN,NaN,NaN,NaN,NaN,NaN,NaN,NaN,1
2024-08-01T09:39:00-04:00,9.344854617855173,9.49,9.344854617855173,9.445,9.38335942598601,9.623761634748004,9.370851345390387,0,0,19479,19816,0,0,0,0,NaN,NaN,56.54582810100853,NaN,NaN,NaN,9.393298887782029,9.453303,NaN,NaN,NaN,NaN,NaN,NaN,NaN,NaN,NaN,NaN,1,0,0,0,0,NaN,NaN,56.54582810100853,NaN,NaN,NaN,9.393298887782029,9.453303,NaN,NaN,NaN,NaN,NaN,NaN,NaN,NaN,NaN,NaN,1
2024-08-01T10:07:00-04:00,9.394927308927587,9.5,9.394927308927587,9.5,9.404566803079462,9.621872144141165,9.38540900195695,0,0,19479,19817,0,0,0,0,NaN,NaN,55.900958416342164,NaN,NaN,NaN,9.393298887782029,9.453303,NaN,NaN,NaN,NaN,NaN,NaN,NaN,NaN,NaN,NaN,1,0,0,0,0,NaN,NaN,55.900958416342164,NaN,NaN,NaN,9.393298887782029,9.453303,NaN,NaN,NaN,NaN,NaN,NaN,NaN,NaN,NaN,NaN,1
2024-08-01T10:09:00-04:00,9.447463654463792,9.5,9.447463654463792,9.5,9.42191829342865,9.620011500719162,9.395136103151865,0,0,19479,19818,0,0,0,0,NaN,NaN,55.47964568014015,NaN,NaN,NaN,9.393298887782029,9.453303,NaN,NaN,NaN,NaN,NaN,NaN,NaN,NaN,NaN,NaN,1,0,0,0,0,NaN,NaN,55.47964568014015,NaN,NaN,NaN,9.393298887782029,9.453303,NaN,NaN,NaN,NaN,NaN,NaN,NaN,NaN,NaN,NaN,1
2024-08-01T10:17:00-04:00,9.473731827231896,9.5,9.473731827231896,9.5,9.436114967350713,9.618179264066962,9.422790084388186,0,0,19479,19819,0,0,0,0,NaN,NaN,54.96851558809318,NaN,NaN,NaN,9.393298887782029,9.453303,NaN,NaN,NaN,NaN,NaN,NaN,NaN,NaN,NaN,NaN,1,0,0,0,0,NaN,NaN,54.96851558809318,NaN,NaN,NaN,9.393298887782029,9.453303,NaN,NaN,NaN,NaN,NaN,NaN,NaN,NaN,NaN,NaN,1
2024-08-01T10:22:00-04:00,9.486865913615947,9.5297,9.486865913615947,9.52235,9.451794064196038,9.616716221867467,9.474488539553752,0,0,19479,19820,0,0,0,0,NaN,NaN,53.95023725107192,NaN,NaN,NaN,9.393298887782029,9.453303,NaN,NaN,NaN,NaN,NaN,NaN,NaN,NaN,NaN,NaN,1,0,0,0,0,NaN,NaN,53.95023725107192,NaN,NaN,NaN,9.393298887782029,9.453303,NaN,NaN,NaN,NaN,NaN,NaN,NaN,NaN,NaN,NaN,1
2024-08-01T11:13:00-04:00,9.504607956807973,9.504607956807973,9.5,9.5,9.46055877979676,9.614934294816056,9.475085502042838,0,0,19479,19821,0,0,0,0,NaN,NaN,52.822867062389456,NaN,NaN,NaN,9.393298887782029,9.453303,NaN,NaN,NaN,NaN,NaN,NaN,NaN,NaN,NaN,NaN,1,0,0,0,0,NaN,NaN,52.822867062389456,NaN,NaN,NaN,9.393298887782029,9.453303,NaN,NaN,NaN,NaN,NaN,NaN,NaN,NaN,NaN,NaN,1
2024-08-01T11:21:00-04:00,9.502303978403987,9.502303978403987,9.5,9.5,9.467729910742802,9.613179572757796,9.476291894439209,0,0,19479,19822,0,0,0,0,NaN,NaN,50.977465045379866,NaN,NaN,NaN,9.393298887782029,9.453303,NaN,NaN,NaN,NaN,NaN,NaN,NaN,NaN,NaN,NaN,1,0,0,0,0,NaN,NaN,50.977465045379866,NaN,NaN,NaN,9.393298887782029,9.453303,NaN,NaN,NaN,NaN,NaN,NaN,NaN,NaN,NaN,NaN,1
2024-08-01T11:22:00-04:00,9.501151989201993,9.501151989201993,9.5,9.5,9.473597199698656,9.61145164034928,9.476567955286447,0,0,19479,19823,0,0,0,0,NaN,NaN,50.39724493914135,NaN,NaN,NaN,9.393298887782029,9.453303,NaN,NaN,NaN,NaN,NaN,NaN,NaN,NaN,NaN,NaN,1,0,0,0,0,NaN,NaN,50.39724493914135,NaN,NaN,NaN,9.393298887782029,9.453303,NaN,NaN,NaN,NaN,NaN,NaN,NaN,NaN,NaN,NaN,1
2024-08-01T11:49:00-04:00,9.500575994600997,9.51,9.500575994600997,9.51,9.480215890662537,9.609902760343948,9.479416872603323,0,0,19479,19824,0,0,0,0,NaN,NaN,50.261387504409846,NaN,NaN,NaN,9.393298887782029,9.453303,NaN,NaN,NaN,NaN,NaN,NaN,NaN,NaN,NaN,NaN,1,0,0,0,0,NaN,NaN,50.261387504409846,NaN,NaN,NaN,9.393298887782029,9.453303,NaN,NaN,NaN,NaN,NaN,NaN,NaN,NaN,NaN,NaN,1
2024-08-01T12:12:00-04:00,9.5052879973005,9.555,9.5052879973005,9.555,9.493813001451166,9.60906455026236,9.483238834951456,0,0,19479,19825,0,0,0,0,NaN,NaN,46.51776846205324,NaN,NaN,NaN,9.393298887782029,9.453303,NaN,NaN,NaN,NaN,NaN,NaN,NaN,NaN,NaN,NaN,1,0,0,0,0,NaN,NaN,46.51776846205324,NaN,NaN,NaN,9.393298887782029,9.453303,NaN,NaN,NaN,NaN,NaN,NaN,NaN,NaN,NaN,NaN,1
2024-08-01T12:15:00-04:00,9.53014399865025,9.58,9.53014399865025,9.575,9.50857427391459,9.608544480792705,9.486806531881804,0,0,19479,19826,0,0,0,0,NaN,NaN,42.33109042630413,NaN,NaN,NaN,9.393298887782029,9.453303,NaN,NaN,NaN,NaN,NaN,NaN,NaN,NaN,NaN,NaN,1,0,0,0,0,NaN,NaN,42.33109042630413,NaN,NaN,NaN,9.393298887782029,9.453303,NaN,NaN,NaN,NaN,NaN,NaN,NaN,NaN,NaN,NaN,1
2024-08-01T12:31:00-04:00,9.552571999325124,9.6001,9.552571999325124,9.59505,9.524297133202847,9.608338458185184,9.512499310600445,0,0,19479,19827,0,0,0,0,NaN,NaN,37.63758624803539,NaN,NaN,NaN,9.393298887782029,9.453303,NaN,NaN,NaN,NaN,NaN,NaN,NaN,NaN,NaN,NaN,1,0,0,0,0,NaN,NaN,37.63758624803539,NaN,NaN,NaN,9.393298887782029,9.453303,NaN,NaN,NaN,NaN,NaN,NaN,NaN,NaN,NaN,NaN,1
2024-08-01T14:33:00-04:00,9.573810999662562,9.59,9.573810999662562,9.59,9.536243108984147,9.608058481724342,9.514185329949239,0,0,19479,19828,0,0,0,0,NaN,NaN,34.36389568477587,NaN,NaN,NaN,9.393298887782029,9.453303,NaN,NaN,NaN,NaN,NaN,NaN,NaN,NaN,NaN,NaN,1,0,0,0,0,NaN,NaN,34.36389568477587,NaN,NaN,NaN,9.393298887782029,9.453303,NaN,NaN,NaN,NaN,NaN,NaN,NaN,NaN,NaN,NaN,1
2024-08-01T14:39:00-04:00,9.581905499831281,9.61,9.581905499831281,9.61,9.549653452805211,9.608088123224734,9.514875140388769,0,0,19479,19829,0,0,0,0,NaN,NaN,30.232545169498636,NaN,NaN,NaN,9.393298887782029,9.453303,NaN,NaN,NaN,NaN,NaN,NaN,NaN,NaN,NaN,NaN,1,0,0,0,0,NaN,NaN,30.232545169498636,NaN,NaN,NaN,9.393298887782029,9.453303,NaN,NaN,NaN,NaN,NaN,NaN,NaN,NaN,NaN,NaN,1
2024-08-01T14:47:00-04:00,9.59595274991564,9.59595274991564,9.5,9.5375,9.547443734113354,9.607010441954127,9.515353467230444,0,0,19479,19830,0,0,0,0,NaN,NaN,28.229729796131025,NaN,NaN,NaN,9.403722032739417,9.453303,NaN,NaN,NaN,NaN,NaN,NaN,NaN,NaN,NaN,NaN,1,0,0,0,0,NaN,NaN,28.229729796131025,NaN,NaN,NaN,9.403722032739417,9.453303,NaN,NaN,NaN,NaN,NaN,NaN,NaN,NaN,NaN,NaN,1
2024-08-01T14:50:00-04:00,9.56672637495782,9.57,9.56672637495782,9.57,9.551544873365472,9.606445397038797,9.515735878236528,0,0,19479,19831,0,0,0,0,NaN,NaN,25.024900767553,NaN,NaN,NaN,9.462490533730765,9.453303,NaN,NaN,NaN,NaN,NaN,NaN,NaN,NaN,NaN,NaN,1,0,0,0,0,NaN,NaN,25.024900767553,NaN,NaN,NaN,9.462490533730765,9.453303,NaN,NaN,NaN,NaN,NaN,NaN,NaN,NaN,NaN,NaN,1
2024-08-01T14:56:00-04:00,9.56836318747891,9.5961,9.56836318747891,9.5961,9.55964580548084,9.606287452045839,9.516845113871636,0,0,19479,19832,0,0,0,0,NaN,NaN,21.728880366747745,NaN,NaN,NaN,9.48888538395255,9.453303,NaN,NaN,NaN,NaN,NaN,NaN,NaN,NaN,NaN,NaN,1,0,0,0,0,NaN,NaN,21.728880366747745,NaN,NaN,NaN,9.48888538395255,9.453303,NaN,NaN,NaN,NaN,NaN,NaN,NaN,NaN,NaN,NaN,1
2024-08-01T15:11:00-04:00,9.582231593739454,9.6164,9.582231593739454,9.6164,9.56996474993887,9.606441842090941,9.517554563519255,0,0,19479,19833,0,0,0,0,NaN,NaN,18.557810717131776,NaN,NaN,NaN,9.509422483478009,9.453303,NaN,NaN,NaN,NaN,NaN,NaN,NaN,NaN,NaN,NaN,1,0,0,0,0,NaN,NaN,18.557810717131776,NaN,NaN,NaN,9.509422483478009,9.453303,NaN,NaN,NaN,NaN,NaN,NaN,NaN,NaN,NaN,NaN,1
2024-08-01T15:14:00-04:00,9.599315796869728,9.61,9.599315796869728,9.61,9.577243886313621,9.606496165112453,9.51818370083027,0,0,19479,19834,0,0,0,0,NaN,NaN,16.03878629542064,NaN,NaN,NaN,9.509422483478009,9.453303,NaN,NaN,NaN,NaN,NaN,NaN,NaN,NaN,NaN,NaN,1,0,0,0,0,NaN,NaN,16.03878629542064,NaN,NaN,NaN,9.509422483478009,9.453303,NaN,NaN,NaN,NaN,NaN,NaN,NaN,NaN,NaN,NaN,1
2024-08-01T15:41:00-04:00,9.604657898434864,9.604657898434864,9.585,9.585,9.578654088802054,9.606167979385546,9.519080925204781,0,0,19479,19835,0,0,0,0,NaN,NaN,14.52896200980116,NaN,NaN,NaN,9.509422483478009,9.453303,NaN,NaN,NaN,NaN,NaN,NaN,NaN,NaN,NaN,NaN,1,0,0,0,0,NaN,NaN,14.52896200980116,NaN,NaN,NaN,9.509422483478009,9.453303,NaN,NaN,NaN,NaN,NaN,NaN,NaN,NaN,NaN,NaN,1
2024-08-01T15:58:00-04:00,9.594828949217433,9.6,9.594828949217433,9.6,9.582535163565316,9.60607381176134,9.519620601573964,0,0,19479,19836,0,0,0,0,NaN,NaN,12.870153569281728,NaN,NaN,NaN,9.509422483478009,9.453303,NaN,NaN,NaN,NaN,NaN,NaN,NaN,NaN,NaN,NaN,1,0,0,0,0,NaN,NaN,12.870153569281728,NaN,NaN,NaN,9.509422483478009,9.453303,NaN,NaN,NaN,NaN,NaN,NaN,NaN,NaN,NaN,NaN,1
2024-08-02T09:30:00-04:00,9.597414474608716,9.597414474608716,9.52,9.52,9.571165133826167,9.604759707764982,9.52,0,0,19479,19837,0,0,0,0,NaN,NaN,11.368496552551848,NaN,NaN,NaN,9.509422483478009,9.453303,NaN,NaN,NaN,NaN,NaN,NaN,NaN,NaN,NaN,NaN,1,0,0,0,0,NaN,NaN,11.368496552551848,NaN,NaN,NaN,9.509422483478009,9.453303,NaN,NaN,NaN,NaN,NaN,NaN,NaN,NaN,NaN,NaN,1
2024-08-02T09:53:00-04:00,9.558707237304358,9.558707237304358,9.33,9.389999999999999,9.538226018585044,9.601480933600632,9.433333333333334,0,0,19479,19838,0,0,0,0,NaN,NaN,11.346512722567928,NaN,NaN,NaN,9.509422483478009,9.453303,NaN,NaN,NaN,NaN,NaN,NaN,NaN,NaN,NaN,NaN,1,0,0,0,0,NaN,NaN,11.346512722567928,NaN,NaN,NaN,9.509422483478009,9.453303,NaN,NaN,NaN,NaN,NaN,NaN,NaN,NaN,NaN,NaN,1
2024-08-02T09:54:00-04:00,9.474353618652177,9.474353618652177,9.34,9.34,9.502184924296854,9.597488858278485,9.41,0,0,19479,19839,0,0,0,0,NaN,NaN,13.300799218508827,NaN,NaN,NaN,9.509422483478009,9.453303,NaN,NaN,NaN,NaN,NaN,NaN,NaN,NaN,NaN,NaN,1,0,0,0,0,NaN,NaN,13.300799218508827,NaN,NaN,NaN,9.509422483478009,9.453303,NaN,NaN,NaN,NaN,NaN,NaN,NaN,NaN,NaN,NaN,1
2024-08-02T10:08:00-04:00,9.407176809326089,9.407176809326089,9.34,9.34,9.47269675624288,9.59355773067118,9.396,0,0,19479,19840,0,0,0,0,NaN,NaN,15.080718544501782,NaN,NaN,NaN,9.509422483478009,9.453303,NaN,NaN,NaN,NaN,NaN,NaN,NaN,NaN,NaN,NaN,1,0,0,0,0,NaN,NaN,15.080718544501782,NaN,NaN,NaN,9.509422483478009,9.453303,NaN,NaN,NaN,NaN,NaN,NaN,NaN,NaN,NaN,NaN,1
2024-08-02T11:16:00-04:00,9.373588404663044,9.373588404663044,9.34,9.34,9.44857007328963,9.589686620279252,9.38,0,0,19479,19841,0,0,0,0,NaN,NaN,14.950498972473472,NaN,NaN,NaN,9.509422483478009,9.453303,NaN,NaN,NaN,NaN,NaN,NaN,NaN,NaN,NaN,NaN,1,0,0,0,0,NaN,NaN,14.950498972473472,NaN,NaN,NaN,9.509422483478009,9.453303,NaN,NaN,NaN,NaN,NaN,NaN,NaN,NaN,NaN,NaN,1
2024-08-02T11:17:00-04:00,9.356794202331521,9.356794202331521,9.31,9.31,9.423375514509697,9.585416595542165,9.350833333333334,0,0,19479,19842,0,0,0,0,NaN,NaN,15.702021102170594,NaN,NaN,NaN,9.509422483478009,9.453303,NaN,NaN,NaN,NaN,NaN,NaN,NaN,NaN,NaN,NaN,1,0,0,0,0,NaN,NaN,15.702021102170594,NaN,NaN,NaN,9.509422483478009,9.453303,NaN,NaN,NaN,NaN,NaN,NaN,NaN,NaN,NaN,NaN,1
2024-08-02T11:40:00-04:00,9.333397101165762,9.333397101165762,9.3,9.3,9.40094360278066,9.581059090266713,9.346923076923076,0,0,19479,19843,0,0,0,0,NaN,NaN,16.74627969881726,NaN,NaN,NaN,9.509422483478009,9.453303,NaN,NaN,NaN,NaN,NaN,NaN,NaN,NaN,NaN,NaN,1,0,0,0,0,NaN,NaN,16.74627969881726,NaN,NaN,NaN,9.509422483478009,9.453303,NaN,NaN,NaN,NaN,NaN,NaN,NaN,NaN,NaN,NaN,1
2024-08-02T11:44:00-04:00,9.316698550582881,9.316698550582881,9.2,9.2,9.364408402275085,9.575241394232107,9.336428571428572,0,1,19479,19844,0,0,0,1,NaN,NaN,17.622600045829692,NaN,NaN,NaN,9.411931161316678,9.431105409999999,NaN,NaN,NaN,NaN,NaN,NaN,NaN,NaN,NaN,NaN,1,0,0,0,1,NaN,NaN,17.622600045829692,NaN,NaN,NaN,9.411931161316678,9.431105409999999,NaN,NaN,NaN,NaN,NaN,NaN,NaN,NaN,NaN,NaN,1
2024-08-02T12:07:00-04:00,9.25834927529144,9.25834927529144,9.25,9.25,9.343606874588707,9.570275876762913,9.330666666666668,0,0,19479,19845,0,0,0,0,NaN,NaN,18.683612492247004,NaN,NaN,NaN,9.358033414441772,9.431105409999999,NaN,NaN,NaN,NaN,NaN,NaN,NaN,NaN,NaN,NaN,1,0,0,0,0,NaN,NaN,18.683612492247004,NaN,NaN,NaN,9.358033414441772,9.431105409999999,NaN,NaN,NaN,NaN,NaN,NaN,NaN,NaN,NaN,NaN,1
2024-08-02T12:17:00-04:00,9.25417463764572,9.25417463764572,9.23,9.24,9.324769261027123,9.565233496965007,9.292107279693488,0,0,19479,19846,0,0,0,0,NaN,NaN,20.15821118694129,NaN,NaN,NaN,9.347704775448962,9.431105409999999,NaN,NaN,NaN,NaN,NaN,NaN,NaN,NaN,NaN,NaN,1,0,0,0,0,NaN,NaN,20.15821118694129,NaN,NaN,NaN,9.347704775448962,9.431105409999999,NaN,NaN,NaN,NaN,NaN,NaN,NaN,NaN,NaN,NaN,1
2024-08-02T12:20:00-04:00,9.24708731882286,9.24708731882286,9.16,9.16,9.294811213567646,9.559046726018977,9.287232472324725,0,1,19479,19847,0,0,0,0,NaN,NaN,21.054108928097893,NaN,NaN,NaN,9.267928265611417,9.396039085399998,NaN,NaN,NaN,NaN,NaN,NaN,NaN,NaN,NaN,NaN,1,0,0,0,0,NaN,NaN,21.054108928097893,NaN,NaN,NaN,9.267928265611417,9.396039085399998,NaN,NaN,NaN,NaN,NaN,NaN,NaN,NaN,NaN,NaN,1
2024-08-02T13:16:00-04:00,9.20354365941143,9.2899,9.20354365941143,9.2899,9.293918265646257,9.554937615698076,9.28741409903714,0,0,19479,19848,0,0,0,0,NaN,NaN,22.116692283821376,NaN,NaN,NaN,9.267928265611417,9.396039085399998,NaN,NaN,NaN,NaN,NaN,NaN,NaN,NaN,NaN,NaN,1,0,0,0,0,NaN,NaN,22.116692283821376,NaN,NaN,NaN,9.267928265611417,9.396039085399998,NaN,NaN,NaN,NaN,NaN,NaN,NaN,NaN,NaN,NaN,1
2024-08-02T13:42:00-04:00,9.246721829705715,9.246721829705715,9.23,9.23,9.282296762801483,9.549976736069098,9.285505385638299,0,0,19479,19849,0,0,0,0,NaN,NaN,22.929252653376167,NaN,NaN,NaN,9.267928265611417,9.396039085399998,NaN,NaN,NaN,NaN,NaN,NaN,NaN,NaN,NaN,NaN,1,0,0,0,0,NaN,NaN,22.929252653376167,NaN,NaN,NaN,9.267928265611417,9.396039085399998,NaN,NaN,NaN,NaN,NaN,NaN,NaN,NaN,NaN,NaN,1
2024-08-02T14:01:00-04:00,9.238360914852858,9.238360914852858,9.23,9.23,9.272788260473941,9.54509159506041,9.283719498069498,0,0,19479,19850,0,0,0,0,NaN,NaN,23.377195634646515,NaN,NaN,NaN,9.267928265611417,9.396039085399998,NaN,NaN,NaN,NaN,NaN,NaN,NaN,NaN,NaN,NaN,1,0,0,0,0,NaN,NaN,23.377195634646515,NaN,NaN,NaN,9.267928265611417,9.396039085399998,NaN,NaN,NaN,NaN,NaN,NaN,NaN,NaN,NaN,NaN,1
2024-08-02T14:12:00-04:00,9.23418045742643,9.23418045742643,9.19,9.209999999999999,9.261372213115044,9.539975692845747,9.27210902683654,0,0,19479,19851,0,0,0,0,NaN,NaN,24.02523228513667,NaN,NaN,NaN,9.267928265611417,9.396039085399998,NaN,NaN,NaN,NaN,NaN,NaN,NaN,NaN,NaN,NaN,1,0,0,0,0,NaN,NaN,24.02523228513667,NaN,NaN,NaN,9.267928265611417,9.396039085399998,NaN,NaN,NaN,NaN,NaN,NaN,NaN,NaN,NaN,NaN,1
2024-08-02T14:15:00-04:00,9.222090228713213,9.222090228713213,9.19,9.195,9.249304538003218,9.53470888837482,9.264531948178929,0,0,19479,19852,0,0,0,0,NaN,NaN,24.67857015060556,NaN,NaN,NaN,9.267928265611417,9.396039085399998,NaN,NaN,NaN,NaN,NaN,NaN,NaN,NaN,NaN,NaN,1,0,0,0,0,NaN,NaN,24.67857015060556,NaN,NaN,NaN,9.267928265611417,9.396039085399998,NaN,NaN,NaN,NaN,NaN,NaN,NaN,NaN,NaN,NaN,1
2024-08-02T14:16:00-04:00,9.208545114356607,9.208545114356607,9.19,9.19,9.238521894729905,9.529446157254593,9.249939099665815,0,0,19479,19853,0,0,0,0,NaN,NaN,25.25728436166196,NaN,NaN,NaN,9.267928265611417,9.396039085399998,NaN,NaN,NaN,NaN,NaN,NaN,NaN,NaN,NaN,NaN,1,0,0,0,0,NaN,NaN,25.25728436166196,NaN,NaN,NaN,9.267928265611417,9.396039085399998,NaN,NaN,NaN,NaN,NaN,NaN,NaN,NaN,NaN,NaN,1
2024-08-02T14:17:00-04:00,9.199272557178304,9.199272557178304,9.16,9.165,9.225154277506286,9.523882093785058,9.242365299910473,0,0,19479,19854,0,0,0,0,NaN,NaN,25.90929423884764,NaN,NaN,NaN,9.267928265611417,9.396039085399998,NaN,NaN,NaN,NaN,NaN,NaN,NaN,NaN,NaN,NaN,1,0,0,0,0,NaN,NaN,25.90929423884764,NaN,NaN,NaN,9.267928265611417,9.396039085399998,NaN,NaN,NaN,NaN,NaN,NaN,NaN,NaN,NaN,NaN,1
2024-08-02T14:20:00-04:00,9.182136278589152,9.19,9.182136278589152,9.19,9.21876259068696,9.518784657238722,9.239695870858114,0,0,19479,19855,0,0,0,0,NaN,NaN,27.475490659103315,NaN,NaN,NaN,9.267928265611417,9.396039085399998,NaN,NaN,NaN,NaN,NaN,NaN,NaN,NaN,NaN,NaN,1,0,0,0,0,NaN,NaN,27.475490659103315,NaN,NaN,NaN,9.267928265611417,9.396039085399998,NaN,NaN,NaN,NaN,NaN,NaN,NaN,NaN,NaN,NaN,1
2024-08-02T14:52:00-04:00,9.186068139294576,9.2,9.186068139294576,9.2,9.215351210562059,9.513917715906834,9.239032614870508,0,0,19479,19856,0,0,0,0,NaN,NaN,27.74526643327707,NaN,NaN,NaN,9.267928265611417,9.396039085399998,NaN,NaN,NaN,NaN,NaN,NaN,NaN,NaN,NaN,NaN,1,0,0,0,0,NaN,NaN,27.74526643327707,NaN,NaN,NaN,9.267928265611417,9.396039085399998,NaN,NaN,NaN,NaN,NaN,NaN,NaN,NaN,NaN,NaN,1
2024-08-02T15:52:00-04:00,9.193034069647288,9.255,9.193034069647288,9.255,9.222560081368957,9.509964773679249,9.239295020542317,0,0,19479,19857,0,0,0,0,NaN,NaN,26.984823655404742,NaN,NaN,NaN,9.267928265611417,9.396039085399998,NaN,NaN,NaN,NaN,NaN,NaN,NaN,NaN,NaN,NaN,1,0,0,0,0,NaN,NaN,26.984823655404742,NaN,NaN,NaN,9.267928265611417,9.396039085399998,NaN,NaN,NaN,NaN,NaN,NaN,NaN,NaN,NaN,NaN,1
2024-08-05T09:30:00-04:00,9.224017034823644,9.224017034823644,9.15,9.15,9.209367339301874,9.504469128279565,9.15,0,0,19479,19858,0,0,0,0,NaN,NaN,26.325660482951562,NaN,NaN,NaN,9.267928265611417,9.369345567714,NaN,NaN,NaN,NaN,NaN,NaN,NaN,NaN,NaN,NaN,1,0,0,0,0,NaN,NaN,26.325660482951562,NaN,NaN,NaN,9.267928265611417,9.369345567714,NaN,NaN,NaN,NaN,NaN,NaN,NaN,NaN,NaN,NaN,1
2024-08-05T09:38:00-04:00,9.187008517411822,9.187008517411822,9.05,9.05,9.180391459428806,9.497530668305831,9.1,0,1,19479,19859,0,0,0,0,NaN,NaN,27.197152455280303,NaN,NaN,NaN,9.267928265611417,9.287024099588319,NaN,NaN,NaN,NaN,NaN,NaN,NaN,NaN,NaN,NaN,1,0,0,0,0,NaN,NaN,27.197152455280303,NaN,NaN,NaN,9.267928265611417,9.287024099588319,NaN,NaN,NaN,NaN,NaN,NaN,NaN,NaN,NaN,NaN,1
2024-08-05T09:46:00-04:00,9.118504258705912,9.118504258705912,9.01,9.01,9.149411194078114,9.49008745199582,9.07,0,0,19479,19860,0,0,0,0,NaN,NaN,27.774365893410742,NaN,NaN,NaN,9.267928265611417,9.228470484650071,NaN,NaN,NaN,NaN,NaN,NaN,NaN,NaN,NaN,NaN,1,0,0,0,0,NaN,NaN,27.774365893410742,NaN,NaN,NaN,9.267928265611417,9.228470484650071,NaN,NaN,NaN,NaN,NaN,NaN,NaN,NaN,NaN,NaN,1
2024-08-05T09:47:00-04:00,9.064252129352955,9.111,9.064252129352955,9.111,9.142427340609366,9.48429985730886,9.08025,0,0,19479,19861,0,0,0,0,NaN,NaN,27.908703912505935,NaN,NaN,NaN,9.267928265611417,9.228470484650071,NaN,NaN,NaN,NaN,NaN,NaN,NaN,NaN,NaN,NaN,1,0,0,0,0,NaN,NaN,27.908703912505935,NaN,NaN,NaN,9.267928265611417,9.228470484650071,NaN,NaN,NaN,NaN,NaN,NaN,NaN,NaN,NaN,NaN,1
2024-08-05T10:06:00-04:00,9.087626064676478,9.17,9.087626064676478,9.157499999999999,9.145167824134935,9.479310546510252,9.126599999999998,0,0,19479,19862,0,0,0,0,NaN,NaN,29.125812673769463,NaN,NaN,NaN,9.267928265611417,9.228470484650071,NaN,NaN,NaN,NaN,NaN,NaN,NaN,NaN,NaN,NaN,1,0,0,0,0,NaN,NaN,29.125812673769463,NaN,NaN,NaN,9.267928265611417,9.228470484650071,NaN,NaN,NaN,NaN,NaN,NaN,NaN,NaN,NaN,NaN,1
2024-08-05T10:31:00-04:00,9.122563032338238,9.2,9.122563032338238,9.2,9.155137310655856,9.475046263357424,9.138833333333332,0,0,19479,19863,0,0,0,0,NaN,NaN,30.00242375425553,NaN,NaN,NaN,9.267928265611417,9.228470484650071,NaN,NaN,NaN,NaN,NaN,NaN,NaN,NaN,NaN,NaN,1,0,0,0,0,NaN,NaN,30.00242375425553,NaN,NaN,NaN,9.267928265611417,9.228470484650071,NaN,NaN,NaN,NaN,NaN,NaN,NaN,NaN,NaN,NaN,1
2024-08-05T10:32:00-04:00,9.161281516169119,9.21,9.161281516169119,9.205,9.164203254172973,9.470923419642043,9.148285714285713,0,0,19479,19864,0,0,0,0,NaN,NaN,31.616335725549522,NaN,NaN,NaN,9.267928265611417,9.228470484650071,NaN,NaN,NaN,NaN,NaN,NaN,NaN,NaN,NaN,NaN,1,0,0,0,0,NaN,NaN,31.616335725549522,NaN,NaN,NaN,9.267928265611417,9.228470484650071,NaN,NaN,NaN,NaN,NaN,NaN,NaN,NaN,NaN,NaN,1
2024-08-05T10:34:00-04:00,9.183140758084559,9.21,9.183140758084559,9.2075,9.172075389777888,9.466901688044455,9.158735294117646,0,0,19479,19865,0,0,0,0,NaN,NaN,32.7937239425243,NaN,NaN,NaN,9.267928265611417,9.228470484650071,NaN,NaN,NaN,NaN,NaN,NaN,NaN,NaN,NaN,NaN,1,0,0,0,0,NaN,NaN,32.7937239425243,NaN,NaN,NaN,9.267928265611417,9.228470484650071,NaN,NaN,NaN,NaN,NaN,NaN,NaN,NaN,NaN,NaN,1
2024-08-05T10:36:00-04:00,9.195320379042279,9.205,9.195320379042279,9.205,9.178061682545545,9.46290318899034,9.161305555555554,0,0,19479,19866,0,0,0,0,NaN,NaN,34.99595304242258,NaN,NaN,NaN,9.267928265611417,9.228470484650071,NaN,NaN,NaN,NaN,NaN,NaN,NaN,NaN,NaN,NaN,1,0,0,0,0,NaN,NaN,34.99595304242258,NaN,NaN,NaN,9.267928265611417,9.228470484650071,NaN,NaN,NaN,NaN,NaN,NaN,NaN,NaN,NaN,NaN,1
2024-08-05T10:37:00-04:00,9.200160189521139,9.205,9.2,9.2025,9.18250501299181,9.45892756778438,9.165424999999999,0,0,19479,19867,0,0,0,0,NaN,NaN,38.094731277071844,NaN,NaN,NaN,9.267928265611417,9.228470484650071,NaN,NaN,NaN,NaN,NaN,NaN,NaN,NaN,NaN,NaN,1,0,0,0,0,NaN,NaN,38.094731277071844,NaN,NaN,NaN,9.267928265611417,9.228470484650071,NaN,NaN,NaN,NaN,NaN,NaN,NaN,NaN,NaN,NaN,1
2024-08-05T10:38:00-04:00,9.20133009476057,9.2032,9.20133009476057,9.2032,9.186267737902389,9.455023330108283,9.167223809523808,0,0,19479,19868,0,0,0,0,NaN,NaN,41.41523676652204,NaN,NaN,NaN,9.267928265611417,9.228470484650071,NaN,NaN,NaN,NaN,NaN,NaN,NaN,NaN,NaN,NaN,1,0,0,0,0,NaN,NaN,41.41523676652204,NaN,NaN,NaN,9.267928265611417,9.228470484650071,NaN,NaN,NaN,NaN,NaN,NaN,NaN,NaN,NaN,NaN,1
2024-08-05T10:39:00-04:00,9.202265047380285,9.205,9.2,9.2025,9.189219058283772,9.451168012091362,9.170291304347826,0,0,19479,19869,0,0,0,0,NaN,NaN,45.427906486720765,NaN,NaN,NaN,9.267928265611417,9.228470484650071,NaN,NaN,NaN,NaN,NaN,NaN,NaN,NaN,NaN,NaN,1,0,0,0,0,NaN,NaN,45.427906486720765,NaN,NaN,NaN,9.267928265611417,9.228470484650071,NaN,NaN,NaN,NaN,NaN,NaN,NaN,NaN,NaN,NaN,1
2024-08-05T10:41:00-04:00,9.202382523690144,9.2032,9.202382523690144,9.2032,9.191761047686724,9.447382240914393,9.172923999999998,0,0,19479,19870,0,0,0,0,NaN,NaN,49.64266588162587,NaN,NaN,NaN,9.267928265611417,9.228470484650071,NaN,NaN,NaN,NaN,NaN,NaN,NaN,NaN,NaN,NaN,1,0,0,0,0,NaN,NaN,49.64266588162587,NaN,NaN,NaN,9.267928265611417,9.228470484650071,NaN,NaN,NaN,NaN,NaN,NaN,NaN,NaN,NaN,NaN,1
2024-08-05T10:42:00-04:00,9.202791261845071,9.202791261845071,9.2,9.2,9.19325903901641,9.44360541280883,9.18066,0,0,19479,19871,0,0,0,0,NaN,NaN,52.123905273226036,NaN,NaN,NaN,9.267928265611417,9.228470484650071,NaN,NaN,NaN,NaN,NaN,NaN,NaN,NaN,NaN,NaN,1,0,0,0,0,NaN,NaN,52.123905273226036,NaN,NaN,NaN,9.267928265611417,9.228470484650071,NaN,NaN,NaN,NaN,NaN,NaN,NaN,NaN,NaN,NaN,1
2024-08-05T11:05:00-04:00,9.201395630922535,9.201395630922535,9.2,9.2,9.194484668286155,9.439886246201063,9.181429355281207,0,0,19479,19872,0,0,0,0,NaN,NaN,50.994134896577904,NaN,NaN,NaN,9.267928265611417,9.228470484650071,NaN,NaN,NaN,NaN,NaN,NaN,NaN,NaN,NaN,NaN,1,0,0,0,0,NaN,NaN,50.994134896577904,NaN,NaN,NaN,9.267928265611417,9.228470484650071,NaN,NaN,NaN,NaN,NaN,NaN,NaN,NaN,NaN,NaN,1
2024-08-05T11:08:00-04:00,9.200697815461268,9.200697815461268,9.2,9.2,9.19548745587049,9.436223860762878,9.18192523364486,0,0,19479,19873,0,0,0,0,NaN,NaN,49.986723979785005,NaN,NaN,NaN,9.267928265611417,9.228470484650071,NaN,NaN,NaN,NaN,NaN,NaN,NaN,NaN,NaN,NaN,1,0,0,0,0,NaN,NaN,49.986723979785005,NaN,NaN,NaN,9.267928265611417,9.228470484650071,NaN,NaN,NaN,NaN,NaN,NaN,NaN,NaN,NaN,NaN,1
2024-08-05T11:10:00-04:00,9.200348907730634,9.200348907730634,9.2003,9.2003,9.196362463894037,9.432621969758864,9.182856780735106,0,0,19479,19874,0,0,0,0,NaN,NaN,51.56966066278555,NaN,NaN,NaN,9.267928265611417,9.228470484650071,NaN,NaN,NaN,NaN,NaN,NaN,NaN,NaN,NaN,NaN,1,0,0,0,0,NaN,NaN,51.56966066278555,NaN,NaN,NaN,9.267928265611417,9.228470484650071,NaN,NaN,NaN,NaN,NaN,NaN,NaN,NaN,NaN,NaN,1
2024-08-05T11:12:00-04:00,9.200324453865317,9.21,9.2,9.205,9.197932925004212,9.429146825182393,9.186590094836669,0,0,19479,19875,0,0,0,0,NaN,NaN,50.25742753890383,NaN,NaN,NaN,9.267928265611417,9.228470484650071,NaN,NaN,NaN,NaN,NaN,NaN,NaN,NaN,NaN,NaN,1,0,0,0,0,NaN,NaN,50.25742753890383,NaN,NaN,NaN,9.267928265611417,9.228470484650071,NaN,NaN,NaN,NaN,NaN,NaN,NaN,NaN,NaN,NaN,1
2024-08-05T11:23:00-04:00,9.20266222693266,9.21,9.2,9.205,9.199217847730718,9.425724736248311,9.190784377542716,0,0,19479,19876,0,0,0,0,NaN,NaN,48.498501542681474,NaN,NaN,NaN,9.267928265611417,9.228470484650071,NaN,NaN,NaN,NaN,NaN,NaN,NaN,NaN,NaN,NaN,1,0,0,0,0,NaN,NaN,48.498501542681474,NaN,NaN,NaN,9.267928265611417,9.228470484650071,NaN,NaN,NaN,NaN,NaN,NaN,NaN,NaN,NaN,NaN,1
2024-08-05T11:24:00-04:00,9.203831113466329,9.203831113466329,9.2,9.2,9.199360057234225,9.422278557068948,9.19121334367727,0,0,19479,19877,0,0,0,0,NaN,NaN,48.20244196411731,NaN,NaN,NaN,9.267928265611417,9.228470484650071,NaN,NaN,NaN,NaN,NaN,NaN,NaN,NaN,NaN,NaN,1,0,0,0,0,NaN,NaN,48.20244196411731,NaN,NaN,NaN,9.267928265611417,9.228470484650071,NaN,NaN,NaN,NaN,NaN,NaN,NaN,NaN,NaN,NaN,1
2024-08-05T12:06:00-04:00,9.201915556733164,9.21,9.2,9.205,9.200385501373457,9.418961327190033,9.193527437056165,0,0,19479,19878,0,0,0,0,NaN,NaN,48.19279686069879,NaN,NaN,NaN,9.267928265611417,9.228470484650071,NaN,NaN,NaN,NaN,NaN,NaN,NaN,NaN,NaN,NaN,1,0,0,0,0,NaN,NaN,48.19279686069879,NaN,NaN,NaN,9.267928265611417,9.228470484650071,NaN,NaN,NaN,NaN,NaN,NaN,NaN,NaN,NaN,NaN,1
2024-08-05T12:15:00-04:00,9.203457778366582,9.21,9.203457778366582,9.21,9.202133592032828,9.415771077919956,9.193970348033671,0,0,19479,19879,0,0,0,0,NaN,NaN,47.21571242613615,NaN,NaN,NaN,9.267928265611417,9.228470484650071,NaN,NaN,NaN,NaN,NaN,NaN,NaN,NaN,NaN,NaN,1,0,0,0,0,NaN,NaN,47.21571242613615,NaN,NaN,NaN,9.267928265611417,9.228470484650071,NaN,NaN,NaN,NaN,NaN,NaN,NaN,NaN,NaN,NaN,1
2024-08-05T12:48:00-04:00,9.206728889183292,9.26,9.206728889183292,9.26,9.212654757117768,9.413392893524232,9.195785679374389,0,0,19479,19880,0,0,0,0,NaN,NaN,45.93562768706365,NaN,NaN,NaN,9.267928265611417,9.228470484650071,NaN,NaN,NaN,NaN,NaN,NaN,NaN,NaN,NaN,NaN,1,0,0,0,0,NaN,NaN,45.93562768706365,NaN,NaN,NaN,9.267928265611417,9.228470484650071,NaN,NaN,NaN,NaN,NaN,NaN,NaN,NaN,NaN,NaN,1
2024-08-05T12:53:00-04:00,9.233364444591647,9.25,9.233364444591647,9.25,9.219444801278174,9.410898345531496,9.196440125543216,0,0,19479,19881,0,0,0,0,NaN,NaN,49.53608435090669,NaN,NaN,NaN,9.267928265611417,9.228470484650071,NaN,NaN,NaN,NaN,NaN,NaN,NaN,NaN,NaN,NaN,1,0,0,0,0,NaN,NaN,49.53608435090669,NaN,NaN,NaN,9.267928265611417,9.228470484650071,NaN,NaN,NaN,NaN,NaN,NaN,NaN,NaN,NaN,NaN,1
2024-08-05T12:55:00-04:00,9.241682222295823,9.25,9.241682222295823,9.25,9.225000291954869,9.40844188224094,9.19770273455917,0,0,19479,19882,0,0,0,0,NaN,NaN,52.125723912991326,NaN,NaN,NaN,9.267928265611417,9.228470484650071,NaN,NaN,NaN,NaN,NaN,NaN,NaN,NaN,NaN,NaN,1,0,0,0,0,NaN,NaN,52.125723912991326,NaN,NaN,NaN,9.267928265611417,9.228470484650071,NaN,NaN,NaN,NaN,NaN,NaN,NaN,NaN,NaN,NaN,1
2024-08-05T13:36:00-04:00,9.24584111114791,9.24584111114791,9.23,9.23,9.225909329781256,9.405717578695276,9.198805783242259,0,0,19479,19883,0,0,0,0,NaN,NaN,54.366046653355006,NaN,NaN,NaN,9.267928265611417,9.228470484650071,NaN,NaN,NaN,NaN,NaN,NaN,NaN,NaN,NaN,NaN,1,0,0,0,0,NaN,NaN,54.366046653355006,NaN,NaN,NaN,9.267928265611417,9.228470484650071,NaN,NaN,NaN,NaN,NaN,NaN,NaN,NaN,NaN,NaN,1
2024-08-05T13:51:00-04:00,9.237920555573956,9.237920555573956,9.23,9.23,9.226653088002847,9.403034867570158,9.199156911301216,0,0,19479,19884,0,0,0,0,NaN,NaN,55.29783838120095,NaN,NaN,NaN,9.267928265611417,9.228470484650071,NaN,NaN,NaN,NaN,NaN,NaN,NaN,NaN,NaN,NaN,1,0,0,0,0,NaN,NaN,55.29783838120095,NaN,NaN,NaN,9.267928265611417,9.228470484650071,NaN,NaN,NaN,NaN,NaN,NaN,NaN,NaN,NaN,NaN,1
2024-08-05T13:52:00-04:00,9.233960277786977,9.233960277786977,9.22,9.22,9.225443435638693,9.400240442111071,9.19938891362422,0,0,19479,19885,0,0,0,0,NaN,NaN,57.517489246722434,NaN,NaN,NaN,9.267928265611417,9.228470484650071,NaN,NaN,NaN,NaN,NaN,NaN,NaN,NaN,NaN,NaN,1,0,0,0,0,NaN,NaN,57.517489246722434,NaN,NaN,NaN,9.267928265611417,9.228470484650071,NaN,NaN,NaN,NaN,NaN,NaN,NaN,NaN,NaN,NaN,1
2024-08-05T13:54:00-04:00,9.226980138893488,9.226980138893488,9.22,9.22,9.224453720068022,9.397488679636094,9.199942590987868,0,0,19479,19886,0,0,0,0,NaN,NaN,59.60177714106263,NaN,NaN,NaN,9.267928265611417,9.228470484650071,NaN,NaN,NaN,NaN,NaN,NaN,NaN,NaN,NaN,NaN,1,0,0,0,0,NaN,NaN,59.60177714106263,NaN,NaN,NaN,9.267928265611417,9.228470484650071,NaN,NaN,NaN,NaN,NaN,NaN,NaN,NaN,NaN,NaN,1
2024-08-05T14:42:00-04:00,9.223490069446743,9.23,9.223490069446743,9.23,9.22546213460111,9.39493160055768,9.201486847513358,0,0,19479,19887,0,0,0,0,NaN,NaN,60.29586595702517,NaN,NaN,NaN,9.267928265611417,9.228470484650071,NaN,NaN,NaN,NaN,NaN,NaN,NaN,NaN,NaN,NaN,1,0,0,0,0,NaN,NaN,60.29586595702517,NaN,NaN,NaN,9.267928265611417,9.228470484650071,NaN,NaN,NaN,NaN,NaN,NaN,NaN,NaN,NaN,NaN,1
2024-08-05T14:44:00-04:00,9.226745034723372,9.23,9.226745034723372,9.23,9.226287201037271,9.392413560854509,9.201776851098453,0,0,19479,19888,0,0,0,0,NaN,NaN,59.61476216766848,NaN,NaN,NaN,9.267928265611417,9.228470484650071,NaN,NaN,NaN,NaN,NaN,NaN,NaN,NaN,NaN,NaN,1,0,0,0,0,NaN,NaN,59.61476216766848,NaN,NaN,NaN,9.267928265611417,9.228470484650071,NaN,NaN,NaN,NaN,NaN,NaN,NaN,NaN,NaN,NaN,1
2024-08-05T14:48:00-04:00,9.228372517361686,9.228372517361686,9.2,9.2,9.221507709939585,9.38947594923841,9.201758960934352,0,0,19479,19889,0,0,0,0,NaN,NaN,58.6144702962071,NaN,NaN,NaN,9.267928265611417,9.228470484650071,NaN,NaN,NaN,NaN,NaN,NaN,NaN,NaN,NaN,NaN,1,0,0,0,0,NaN,NaN,58.6144702962071,NaN,NaN,NaN,9.267928265611417,9.228470484650071,NaN,NaN,NaN,NaN,NaN,NaN,NaN,NaN,NaN,NaN,1
2024-08-05T15:31:00-04:00,9.214186258680844,9.214186258680844,9.2,9.2,9.217597217223297,9.386583186654617,9.201724240031583,0,1,19479,19890,0,0,0,0,NaN,NaN,57.50315659745952,NaN,NaN,NaN,9.267928265611417,9.228470484650071,NaN,NaN,NaN,NaN,NaN,NaN,NaN,NaN,NaN,NaN,1,0,0,0,0,NaN,NaN,57.50315659745952,NaN,NaN,NaN,9.267928265611417,9.228470484650071,NaN,NaN,NaN,NaN,NaN,NaN,NaN,NaN,NaN,NaN,1
2024-08-05T15:35:00-04:00,9.207093129340421,9.21,9.2,9.205,9.215306814091788,9.383810924262944,9.202009371057848,0,0,19479,19891,0,0,0,0,NaN,NaN,56.20039663494884,NaN,NaN,NaN,9.267928265611417,9.228470484650071,NaN,NaN,NaN,NaN,NaN,NaN,NaN,NaN,NaN,NaN,1,0,0,0,0,NaN,NaN,56.20039663494884,NaN,NaN,NaN,9.267928265611417,9.228470484650071,NaN,NaN,NaN,NaN,NaN,NaN,NaN,NaN,NaN,NaN,1
2024-08-05T16:00:00-04:00,9.20604656467021,9.22,9.20604656467021,9.22,9.216160120620554,9.381309994121525,9.202485964912281,0,0,19479,19892,0,0,0,0,NaN,NaN,54.3130522658382,NaN,NaN,NaN,9.267928265611417,9.228470484650071,NaN,NaN,NaN,NaN,NaN,NaN,NaN,NaN,NaN,NaN,1,0,0,0,0,NaN,NaN,54.3130522658382,NaN,NaN,NaN,9.267928265611417,9.228470484650071,NaN,NaN,NaN,NaN,NaN,NaN,NaN,NaN,NaN,NaN,1
2024-08-06T09:31:00-04:00,9.213023282335104,9.213023282335104,8.89,8.89,9.156858280507725,9.373809078180738,8.89,0,0,19479,19893,0,0,0,0,NaN,NaN,55.141204926850364,NaN,NaN,NaN,9.267928265611417,9.11834579741306,NaN,NaN,NaN,NaN,NaN,NaN,NaN,NaN,NaN,NaN,1,0,0,0,0,NaN,NaN,55.141204926850364,NaN,NaN,NaN,9.267928265611417,9.11834579741306,NaN,NaN,NaN,NaN,NaN,NaN,NaN,NaN,NaN,NaN,1
2024-08-06T10:16:00-04:00,9.051511641167552,9.2,9.051511641167552,9.2,9.16470222950632,9.371155504468055,9.096666666666666,0,0,19479,19894,0,0,0,0,NaN,NaN,53.4888299133229,NaN,NaN,NaN,9.267928265611417,9.11834579741306,NaN,NaN,NaN,NaN,NaN,NaN,NaN,NaN,NaN,NaN,1,0,0,0,0,NaN,NaN,53.4888299133229,NaN,NaN,NaN,9.267928265611417,9.11834579741306,NaN,NaN,NaN,NaN,NaN,NaN,NaN,NaN,NaN,NaN,1
2024-08-06T10:17:00-04:00,9.125755820583777,9.29,9.125755820583777,9.29,9.187483642323352,9.369916489132665,9.2175,0,0,19479,19895,0,0,0,0,NaN,NaN,50.007031720323084,NaN,NaN,NaN,9.267928265611417,9.11834579741306,NaN,NaN,NaN,NaN,NaN,NaN,NaN,NaN,NaN,NaN,1,0,0,0,0,NaN,NaN,50.007031720323084,NaN,NaN,NaN,9.267928265611417,9.11834579741306,NaN,NaN,NaN,NaN,NaN,NaN,NaN,NaN,NaN,NaN,1
2024-08-06T10:18:00-04:00,9.207877910291888,9.207877910291888,9.18,9.18,9.186122980082743,9.36701700074896,9.213333333333333,0,0,19479,19896,0,0,0,0,NaN,NaN,48.415445971058105,NaN,NaN,NaN,9.267928265611417,9.11834579741306,NaN,NaN,NaN,NaN,NaN,NaN,NaN,NaN,NaN,NaN,1,0,0,0,0,NaN,NaN,48.415445971058105,NaN,NaN,NaN,9.267928265611417,9.11834579741306,NaN,NaN,NaN,NaN,NaN,NaN,NaN,NaN,NaN,NaN,1
2024-08-06T10:56:00-04:00,9.193938955145944,9.193938955145944,9.18,9.18,9.18500971097679,9.36416177936348,9.21,0,0,19479,19897,0,0,0,0,NaN,NaN,46.37458453927686,NaN,NaN,NaN,9.267928265611417,9.11834579741306,NaN,NaN,NaN,NaN,NaN,NaN,NaN,NaN,NaN,NaN,1,0,0,0,0,NaN,NaN,46.37458453927686,NaN,NaN,NaN,9.267928265611417,9.11834579741306,NaN,NaN,NaN,NaN,NaN,NaN,NaN,NaN,NaN,NaN,1
2024-08-06T11:38:00-04:00,9.186969477572973,9.186969477572973,9.18,9.18005,9.184107945344646,9.361350912502969,9.193738299817186,0,0,19479,19898,0,0,0,0,NaN,NaN,44.108426027254474,NaN,NaN,NaN,9.267928265611417,9.11834579741306,NaN,NaN,NaN,NaN,NaN,NaN,NaN,NaN,NaN,NaN,1,0,0,0,0,NaN,NaN,44.108426027254474,NaN,NaN,NaN,9.267928265611417,9.11834579741306,NaN,NaN,NaN,NaN,NaN,NaN,NaN,NaN,NaN,NaN,1
2024-08-06T12:25:00-04:00,9.183509738786487,9.26,9.183509738786487,9.22875,9.192224682554711,9.35932647109071,9.21746455509723,0,0,19479,19899,0,0,0,0,NaN,NaN,40.779234447326445,NaN,NaN,NaN,9.267928265611417,9.11834579741306,NaN,NaN,NaN,NaN,NaN,NaN,NaN,NaN,NaN,NaN,1,0,0,0,0,NaN,NaN,40.779234447326445,NaN,NaN,NaN,9.267928265611417,9.11834579741306,NaN,NaN,NaN,NaN,NaN,NaN,NaN,NaN,NaN,NaN,1
2024-08-06T12:28:00-04:00,9.206129869393244,9.26,9.206129869393244,9.26,9.204547467544764,9.35781003641757,9.218082084785134,0,0,19479,19900,0,0,0,0,NaN,NaN,36.73442970375545,NaN,NaN,NaN,9.267928265611417,9.11834579741306,NaN,NaN,NaN,NaN,NaN,NaN,NaN,NaN,NaN,NaN,1,0,0,0,0,NaN,NaN,36.73442970375545,NaN,NaN,NaN,9.267928265611417,9.11834579741306,NaN,NaN,NaN,NaN,NaN,NaN,NaN,NaN,NaN,NaN,1
2024-08-06T12:33:00-04:00,9.233064934696621,9.34,9.233064934696621,9.34,9.229175200718442,9.35753812746463,9.233538209939148,0,0,19479,19901,0,0,0,0,NaN,NaN,30.75941263049829,NaN,NaN,NaN,9.267928265611417,9.11834579741306,NaN,NaN,NaN,NaN,NaN,NaN,NaN,NaN,NaN,NaN,1,0,0,0,0,NaN,NaN,30.75941263049829,NaN,NaN,NaN,9.267928265611417,9.11834579741306,NaN,NaN,NaN,NaN,NaN,NaN,NaN,NaN,NaN,NaN,1
2024-08-06T13:36:00-04:00,9.28653246734831,9.34,9.28653246734831,9.34,9.24932516422418,9.357270369793415,9.234870981472207,0,0,19479,19902,0,0,0,0,NaN,NaN,25.239185123219777,NaN,NaN,NaN,9.267928265611417,9.11834579741306,NaN,NaN,NaN,NaN,NaN,NaN,NaN,NaN,NaN,NaN,1,0,0,0,0,NaN,NaN,25.239185123219777,NaN,NaN,NaN,9.267928265611417,9.11834579741306,NaN,NaN,NaN,NaN,NaN,NaN,NaN,NaN,NaN,NaN,1
2024-08-06T13:47:00-04:00,9.313266233674156,9.34,9.313266233674156,9.34,9.265811498001602,9.357006700025577,9.236170796241344,0,0,19479,19903,0,0,0,0,NaN,NaN,19.726202520716303,NaN,NaN,NaN,9.267928265611417,9.11834579741306,NaN,NaN,NaN,NaN,NaN,NaN,NaN,NaN,NaN,NaN,1,0,0,0,0,NaN,NaN,19.726202520716303,NaN,NaN,NaN,9.267928265611417,9.11834579741306,NaN,NaN,NaN,NaN,NaN,NaN,NaN,NaN,NaN,NaN,1
2024-08-06T13:59:00-04:00,9.326633116837078,9.34,9.326633116837078,9.34,9.279300316546765,9.356747055750377,9.2374388617489,0,0,19479,19904,0,0,0,0,NaN,NaN,14.330157041916156,NaN,NaN,NaN,9.267928265611417,9.11834579741306,NaN,NaN,NaN,NaN,NaN,NaN,NaN,NaN,NaN,NaN,1,0,0,0,0,NaN,NaN,14.330157041916156,NaN,NaN,NaN,9.267928265611417,9.11834579741306,NaN,NaN,NaN,NaN,NaN,NaN,NaN,NaN,NaN,NaN,1
2024-08-06T14:04:00-04:00,9.333316558418538,9.5,9.333316558418538,9.4825,9.316245713538262,9.358666948028997,9.301533134920634,0,0,19479,19905,0,0,0,0,NaN,NaN,7.063039032251157,NaN,NaN,NaN,9.267928265611417,9.2484625,NaN,NaN,NaN,NaN,NaN,NaN,NaN,NaN,NaN,NaN,1,0,0,0,0,NaN,NaN,7.063039032251157,NaN,NaN,NaN,9.267928265611417,9.2484625,NaN,NaN,NaN,NaN,NaN,NaN,NaN,NaN,NaN,NaN,1
2024-08-06T15:08:00-04:00,9.40790827920927,9.5407,9.40790827920927,9.5407,9.357055583804032,9.36144607859344,9.305770676824947,0,0,19479,19906,0,0,0,0,NaN,NaN,1.6505621932112395,NaN,NaN,NaN,9.267928265611417,9.285456625,NaN,NaN,NaN,NaN,NaN,NaN,NaN,NaN,NaN,NaN,1,0,0,0,0,NaN,NaN,1.6505621932112395,NaN,NaN,NaN,9.267928265611417,9.285456625,NaN,NaN,NaN,NaN,NaN,NaN,NaN,NaN,NaN,NaN,1
2024-08-06T15:58:00-04:00,9.474304139604634,9.5,9.474304139604634,9.5,9.383045477657845,9.363561405637816,9.32248719941705,0,0,19479,19907,0,0,0,0,NaN,NaN,0.00037122541210594397,NaN,NaN,NaN,9.33715345192695,9.285456625,NaN,NaN,NaN,NaN,NaN,NaN,NaN,NaN,NaN,NaN,1,0,0,0,0,NaN,NaN,0.00037122541210594397,NaN,NaN,NaN,9.33715345192695,9.285456625,NaN,NaN,NaN,NaN,NaN,NaN,NaN,NaN,NaN,NaN,1
2024-08-06T15:59:00-04:00,9.487152069802317,9.5,9.487152069802317,9.5,9.40430993626551,9.365644437612811,9.330028637878906,0,0,19479,19908,0,0,0,0,NaN,NaN,2.1192880054369603,NaN,NaN,NaN,9.39693519210355,9.285456625,NaN,NaN,NaN,NaN,NaN,NaN,NaN,NaN,NaN,NaN,1,0,0,0,0,NaN,NaN,2.1192880054369603,NaN,NaN,NaN,9.39693519210355,9.285456625,NaN,NaN,NaN,NaN,NaN,NaN,NaN,NaN,NaN,NaN,1
2024-08-06T16:00:00-04:00,9.493576034901158,9.5,9.493576034901158,9.5,9.42170812967178,9.36769566757292,9.331866518404908,0,0,19479,19909,0,0,0,0,NaN,NaN,7.449292746023108,NaN,NaN,NaN,9.397394306448412,9.285456625,NaN,NaN,NaN,NaN,NaN,NaN,NaN,NaN,NaN,NaN,1,0,0,0,0,NaN,NaN,7.449292746023108,NaN,NaN,NaN,9.397394306448412,9.285456625,NaN,NaN,NaN,NaN,NaN,NaN,NaN,NaN,NaN,NaN,1
2024-08-07T09:30:00-04:00,9.49678801745058,9.5,9.34,9.42,9.421397560640546,9.368494206999289,9.42,0,0,19479,19910,0,0,0,0,NaN,NaN,12.113374953934358,NaN,NaN,NaN,9.397394306448412,9.285456625,NaN,NaN,NaN,NaN,NaN,NaN,NaN,NaN,NaN,NaN,1,0,0,0,0,NaN,NaN,12.113374953934358,NaN,NaN,NaN,9.397394306448412,9.285456625,NaN,NaN,NaN,NaN,NaN,NaN,NaN,NaN,NaN,NaN,1
2024-08-07T09:40:00-04:00,9.45839400872529,9.5,9.45839400872529,9.5,9.435688913251356,9.370501929029833,9.426666666666666,0,0,19479,19911,0,0,0,0,NaN,NaN,17.31616519918212,NaN,NaN,NaN,9.397394306448412,9.285456625,NaN,NaN,NaN,NaN,NaN,NaN,NaN,NaN,NaN,NaN,1,0,0,0,0,NaN,NaN,17.31616519918212,NaN,NaN,NaN,9.397394306448412,9.285456625,NaN,NaN,NaN,NaN,NaN,NaN,NaN,NaN,NaN,NaN,1
2024-08-07T11:54:00-04:00,9.479197004362645,9.5,9.479197004362645,9.5,9.447381838114746,9.372478998815637,9.432307692307692,0,0,19479,19912,0,0,0,0,NaN,NaN,22.980692246979288,NaN,NaN,NaN,9.397394306448412,9.285456625,NaN,NaN,NaN,NaN,NaN,NaN,NaN,NaN,NaN,NaN,1,0,0,0,0,NaN,NaN,22.980692246979288,NaN,NaN,NaN,9.397394306448412,9.285456625,NaN,NaN,NaN,NaN,NaN,NaN,NaN,NaN,NaN,NaN,1
2024-08-07T11:56:00-04:00,9.489598502181323,9.52,9.489598502181323,9.5075,9.458312413002973,9.374540388146697,9.456052631578947,0,0,19479,19913,0,0,0,0,NaN,NaN,29.04384861491827,NaN,NaN,NaN,9.397394306448412,9.285456625,NaN,NaN,NaN,NaN,NaN,NaN,NaN,NaN,NaN,NaN,1,0,0,0,0,NaN,NaN,29.04384861491827,NaN,NaN,NaN,9.397394306448412,9.285456625,NaN,NaN,NaN,NaN,NaN,NaN,NaN,NaN,NaN,NaN,1
2024-08-07T11:59:00-04:00,9.498549251090662,9.6195,9.498549251090662,9.61475,9.486755610638797,9.378207710465068,9.523378787878789,1,0,19914,19913,0,0,0,0,NaN,NaN,34.74555717136278,NaN,NaN,NaN,9.397394306448412,9.340017727500001,NaN,NaN,NaN,NaN,NaN,NaN,NaN,NaN,NaN,NaN,1,0,0,0,0,NaN,NaN,34.74555717136278,NaN,NaN,NaN,9.397394306448412,9.340017727500001,NaN,NaN,NaN,NaN,NaN,NaN,NaN,NaN,NaN,NaN,1
2024-08-07T12:05:00-04:00,9.556649625545331,9.57,9.556649625545331,9.57,9.501890954159016,9.381135837022853,9.526042857142858,0,0,19914,19913,0,0,0,0,NaN,NaN,40.06663890495704,NaN,NaN,NaN,9.397394306448412,9.340017727500001,NaN,NaN,NaN,NaN,NaN,NaN,NaN,NaN,NaN,NaN,1,0,0,0,0,NaN,NaN,40.06663890495704,NaN,NaN,NaN,9.397394306448412,9.340017727500001,NaN,NaN,NaN,NaN,NaN,NaN,NaN,NaN,NaN,NaN,1
2024-08-07T12:06:00-04:00,9.563324812772667,9.563324812772667,9.53,9.53,9.507001689766467,9.383408572335481,9.526256756756757,0,0,19914,19913,0,0,0,0,NaN,NaN,42.80390294680079,NaN,NaN,NaN,9.397394306448412,9.340017727500001,NaN,NaN,NaN,NaN,NaN,NaN,NaN,NaN,NaN,NaN,1,0,0,0,0,NaN,NaN,42.80390294680079,NaN,NaN,NaN,9.397394306448412,9.340017727500001,NaN,NaN,NaN,NaN,NaN,NaN,NaN,NaN,NaN,NaN,1
2024-08-07T12:07:00-04:00,9.546662406386332,9.546662406386332,9.48,9.48,9.50209229162711,9.384883250620437,9.523884615384615,0,0,19914,19913,0,0,0,0,NaN,NaN,46.17663066313692,NaN,NaN,NaN,9.397394306448412,9.340017727500001,NaN,NaN,NaN,NaN,NaN,NaN,NaN,NaN,NaN,NaN,1,0,0,0,0,NaN,NaN,46.17663066313692,NaN,NaN,NaN,9.397394306448412,9.340017727500001,NaN,NaN,NaN,NaN,NaN,NaN,NaN,NaN,NaN,NaN,1
2024-08-07T12:08:00-04:00,9.513331203193166,9.58,9.513331203193166,9.58,9.51625732951309,9.387862132290353,9.526621951219512,1,0,19914,19913,0,0,0,0,NaN,NaN,49.752541689532386,NaN,NaN,NaN,9.397394306448412,9.340017727500001,NaN,NaN,NaN,NaN,NaN,NaN,NaN,NaN,NaN,NaN,1,0,0,0,0,NaN,NaN,49.752541689532386,NaN,NaN,NaN,9.397394306448412,9.340017727500001,NaN,NaN,NaN,NaN,NaN,NaN,NaN,NaN,NaN,NaN,1
2024-08-07T12:10:00-04:00,9.546665601596583,9.546665601596583,9.44,9.44,9.50239236051071,9.388658130270652,9.522593023255814,0,0,19914,19913,0,0,0,0,NaN,NaN,50.661484563053186,NaN,NaN,NaN,9.397394306448412,9.340017727500001,NaN,NaN,NaN,NaN,NaN,NaN,NaN,NaN,NaN,NaN,1,0,0,0,0,NaN,NaN,50.661484563053186,NaN,NaN,NaN,9.397394306448412,9.340017727500001,NaN,NaN,NaN,NaN,NaN,NaN,NaN,NaN,NaN,NaN,1
2024-08-07T12:11:00-04:00,9.493332800798292,9.5,9.47,9.485,9.499230113145126,9.390128998510795,9.520922222222223,0,0,19914,19913,0,0,0,0,NaN,NaN,54.724740426345505,NaN,NaN,NaN,9.397394306448412,9.340017727500001,NaN,NaN,NaN,NaN,NaN,NaN,NaN,NaN,NaN,NaN,1,0,0,0,0,NaN,NaN,54.724740426345505,NaN,NaN,NaN,9.397394306448412,9.340017727500001,NaN,NaN,NaN,NaN,NaN,NaN,NaN,NaN,NaN,NaN,1
2024-08-07T12:12:00-04:00,9.489166400399146,9.61,9.489166400399146,9.594999999999999,9.516642819846012,9.393256800060248,9.529637254901962,0,0,19914,19913,0,0,0,0,NaN,NaN,57.82490594781525,NaN,NaN,NaN,9.397394306448412,9.340017727500001,NaN,NaN,NaN,NaN,NaN,NaN,NaN,NaN,NaN,NaN,1,0,0,0,0,NaN,NaN,57.82490594781525,NaN,NaN,NaN,9.397394306448412,9.340017727500001,NaN,NaN,NaN,NaN,NaN,NaN,NaN,NaN,NaN,NaN,1
2024-08-07T12:13:00-04:00,9.542083200199572,9.58,9.542083200199572,9.575,9.527253216237646,9.39603150540284,9.532157407407407,0,0,19914,19913,0,0,0,0,NaN,NaN,60.7689873629007,NaN,NaN,NaN,9.397394306448412,9.340017727500001,NaN,NaN,NaN,NaN,NaN,NaN,NaN,NaN,NaN,NaN,1,0,0,0,0,NaN,NaN,60.7689873629007,NaN,NaN,NaN,9.397394306448412,9.340017727500001,NaN,NaN,NaN,NaN,NaN,NaN,NaN,NaN,NaN,NaN,1
2024-08-07T12:15:00-04:00,9.558541600099787,9.558541600099787,9.46,9.49,9.520479904194438,9.39746613890814,9.527319672131147,0,0,19914,19913,0,0,0,0,NaN,NaN,62.65442055608328,NaN,NaN,NaN,9.397394306448412,9.340017727500001,NaN,NaN,NaN,NaN,NaN,NaN,NaN,NaN,NaN,NaN,1,0,0,0,0,NaN,NaN,62.65442055608328,NaN,NaN,NaN,9.397394306448412,9.340017727500001,NaN,NaN,NaN,NaN,NaN,NaN,NaN,NaN,NaN,NaN,1
2024-08-07T12:16:00-04:00,9.524270800049894,9.524270800049894,9.5,9.504999999999999,9.517665376159085,9.39910787724542,9.525628787878787,0,0,19914,19913,0,0,0,0,NaN,NaN,64.28622578304176,NaN,NaN,NaN,9.397394306448412,9.340017727500001,NaN,NaN,NaN,NaN,NaN,NaN,NaN,NaN,NaN,NaN,1,0,0,0,0,NaN,NaN,64.28622578304176,NaN,NaN,NaN,9.397394306448412,9.340017727500001,NaN,NaN,NaN,NaN,NaN,NaN,NaN,NaN,NaN,NaN,1
2024-08-07T12:19:00-04:00,9.514635400024947,9.59,9.514635400024947,9.58375,9.52968076231198,9.401926840951598,9.53047222222222,0,0,19914,19913,0,0,0,0,NaN,NaN,66.19457722019618,NaN,NaN,NaN,9.397394306448412,9.340017727500001,NaN,NaN,NaN,NaN,NaN,NaN,NaN,NaN,NaN,NaN,1,0,0,0,0,NaN,NaN,66.19457722019618,NaN,NaN,NaN,9.397394306448412,9.340017727500001,NaN,NaN,NaN,NaN,NaN,NaN,NaN,NaN,NaN,NaN,1
2024-08-07T12:25:00-04:00,9.549192700012473,9.549192700012473,9.54,9.54,9.531556987346166,9.404034828112643,9.530602739726026,0,0,19914,19913,0,0,0,0,NaN,NaN,67.3635016814728,NaN,NaN,NaN,9.397394306448412,9.340017727500001,NaN,NaN,NaN,NaN,NaN,NaN,NaN,NaN,NaN,NaN,1,0,0,0,0,NaN,NaN,67.3635016814728,NaN,NaN,NaN,9.397394306448412,9.340017727500001,NaN,NaN,NaN,NaN,NaN,NaN,NaN,NaN,NaN,NaN,1
2024-08-07T12:28:00-04:00,9.544596350006236,9.544596350006236,9.535,9.535,9.532182989646863,9.406034296385732,9.53066216216216,0,0,19914,19913,0,0,0,0,NaN,NaN,68.77091734576062,NaN,NaN,NaN,9.397394306448412,9.340017727500001,NaN,NaN,NaN,NaN,NaN,NaN,NaN,NaN,NaN,NaN,1,0,0,0,0,NaN,NaN,68.77091734576062,NaN,NaN,NaN,9.397394306448412,9.340017727500001,NaN,NaN,NaN,NaN,NaN,NaN,NaN,NaN,NaN,NaN,1
2024-08-07T13:23:00-04:00,9.539798175003117,9.539798175003117,9.53,9.53,9.531786082438343,9.407926902547782,9.530620253164557,0,0,19914,19913,0,0,0,0,NaN,NaN,70.18728409924381,NaN,NaN,NaN,9.397394306448412,9.340017727500001,NaN,NaN,NaN,NaN,NaN,NaN,NaN,NaN,NaN,NaN,1,0,0,0,0,NaN,NaN,70.18728409924381,NaN,NaN,NaN,9.397394306448412,9.340017727500001,NaN,NaN,NaN,NaN,NaN,NaN,NaN,NaN,NaN,NaN,1
2024-08-07T14:30:00-04:00,9.534899087501557,9.5399,9.534899087501557,9.5399,9.533261340176825,9.409941758997434,9.531870427163199,0,0,19914,19913,0,0,0,0,NaN,NaN,72.5956626923057,NaN,NaN,NaN,9.397394306448412,9.340017727500001,NaN,NaN,NaN,NaN,NaN,NaN,NaN,NaN,NaN,NaN,1,0,0,0,0,NaN,NaN,72.5956626923057,NaN,NaN,NaN,9.397394306448412,9.340017727500001,NaN,NaN,NaN,NaN,NaN,NaN,NaN,NaN,NaN,NaN,1
2024-08-07T14:40:00-04:00,9.537399543750778,9.537399543750778,9.44,9.44,9.516304732871948,9.410400663440221,9.529901071811361,0,0,19914,19913,0,0,0,0,NaN,NaN,71.97047912325576,NaN,NaN,NaN,9.397394306448412,9.340017727500001,NaN,NaN,NaN,NaN,NaN,NaN,NaN,NaN,NaN,NaN,1,0,0,0,0,NaN,NaN,71.97047912325576,NaN,NaN,NaN,9.397394306448412,9.340017727500001,NaN,NaN,NaN,NaN,NaN,NaN,NaN,NaN,NaN,NaN,1
2024-08-07T15:00:00-04:00,9.488699771875389,9.55,9.46,9.49625,9.512658417804321,9.411711340334264,9.516965525204538,0,0,19914,19913,0,0,0,0,NaN,NaN,71.15418979399085,NaN,NaN,NaN,9.397394306448412,9.340017727500001,NaN,NaN,NaN,NaN,NaN,NaN,NaN,NaN,NaN,NaN,1,0,0,0,0,NaN,NaN,71.15418979399085,NaN,NaN,NaN,9.397394306448412,9.340017727500001,NaN,NaN,NaN,NaN,NaN,NaN,NaN,NaN,NaN,NaN,1
2024-08-07T15:01:00-04:00,9.492474885937694,9.55,9.492474885937694,9.54375,9.51831143274899,9.413727197733742,9.522658635111965,0,0,19914,19913,0,0,0,0,NaN,NaN,70.64004939473898,NaN,NaN,NaN,9.397394306448412,9.340017727500001,NaN,NaN,NaN,NaN,NaN,NaN,NaN,NaN,NaN,NaN,1,0,0,0,0,NaN,NaN,70.64004939473898,NaN,NaN,NaN,9.397394306448412,9.340017727500001,NaN,NaN,NaN,NaN,NaN,NaN,NaN,NaN,NaN,NaN,1
2024-08-07T15:28:00-04:00,9.518112442968846,9.55,9.518112442968846,9.55,9.52407299043099,9.415807698531701,9.522939823623181,0,0,19914,19913,0,0,0,0,NaN,NaN,70.54980816179398,NaN,NaN,NaN,9.397394306448412,9.340017727500001,NaN,NaN,NaN,NaN,NaN,NaN,NaN,NaN,NaN,NaN,1,0,0,0,0,NaN,NaN,70.54980816179398,NaN,NaN,NaN,9.397394306448412,9.340017727500001,NaN,NaN,NaN,NaN,NaN,NaN,NaN,NaN,NaN,NaN,1
2024-08-07T15:30:00-04:00,9.534056221484423,9.535,9.534056221484423,9.535,9.526059719443538,9.41762742832511,9.5290844389235,0,0,19914,19913,0,0,0,0,NaN,NaN,70.65240236337918,NaN,NaN,NaN,9.397394306448412,9.340017727500001,NaN,NaN,NaN,NaN,NaN,NaN,NaN,NaN,NaN,NaN,1,0,0,0,0,NaN,NaN,70.65240236337918,NaN,NaN,NaN,9.397394306448412,9.340017727500001,NaN,NaN,NaN,NaN,NaN,NaN,NaN,NaN,NaN,NaN,1
2024-08-07T15:58:00-04:00,9.534528110742212,9.534528110742212,9.44,9.44,9.51041249772653,9.417968994304879,9.52886031021209,0,0,19914,19913,0,0,0,0,NaN,NaN,69.82371101242968,NaN,NaN,NaN,9.397394306448412,9.340017727500001,NaN,NaN,NaN,NaN,NaN,NaN,NaN,NaN,NaN,NaN,1,0,0,0,0,NaN,NaN,69.82371101242968,NaN,NaN,NaN,9.397394306448412,9.340017727500001,NaN,NaN,NaN,NaN,NaN,NaN,NaN,NaN,NaN,NaN,1
2024-08-07T15:59:00-04:00,9.487264055371107,9.54,9.487264055371107,9.54,9.515792043594434,9.419832063094118,9.528909974953036,0,0,19914,19913,0,0,0,0,NaN,NaN,70.38875328611651,NaN,NaN,NaN,9.397394306448412,9.340017727500001,NaN,NaN,NaN,NaN,NaN,NaN,NaN,NaN,NaN,NaN,1,0,0,0,0,NaN,NaN,70.38875328611651,NaN,NaN,NaN,9.397394306448412,9.340017727500001,NaN,NaN,NaN,NaN,NaN,NaN,NaN,NaN,NaN,NaN,1
2024-08-07T16:00:00-04:00,9.513632027685553,9.513632027685553,9.42,9.42,9.498375308395445,9.419834627016344,9.52800910999056,0,0,19914,19913,0,0,0,0,NaN,NaN,69.02800596801438,NaN,NaN,NaN,9.397394306448412,9.340017727500001,NaN,NaN,NaN,NaN,NaN,NaN,NaN,NaN,NaN,NaN,1,0,0,0,0,NaN,NaN,69.02800596801438,NaN,NaN,NaN,9.397394306448412,9.340017727500001,NaN,NaN,NaN,NaN,NaN,NaN,NaN,NaN,NaN,NaN,1
2024-08-08T09:50:00-04:00,9.466816013842777,9.49,9.44,9.465,9.492307070505364,9.420524174695485,9.465,0,0,19914,19913,0,0,0,0,NaN,NaN,68.36052524267686,NaN,NaN,NaN,9.397394306448412,9.340017727500001,NaN,NaN,NaN,NaN,NaN,NaN,NaN,NaN,NaN,NaN,1,0,0,0,0,NaN,NaN,68.36052524267686,NaN,NaN,NaN,9.397394306448412,9.340017727500001,NaN,NaN,NaN,NaN,NaN,NaN,NaN,NaN,NaN,NaN,1
2024-08-08T09:51:00-04:00,9.465908006921389,9.6,9.465908006921389,9.585,9.50916033041348,9.423035255997844,9.52421052631579,0,0,19914,19913,0,0,0,0,NaN,NaN,69.05166763091192,NaN,NaN,NaN,9.397394306448412,9.340017727500001,NaN,NaN,NaN,NaN,NaN,NaN,NaN,NaN,NaN,NaN,1,0,0,0,0,NaN,NaN,69.05166763091192,NaN,NaN,NaN,9.397394306448412,9.340017727500001,NaN,NaN,NaN,NaN,NaN,NaN,NaN,NaN,NaN,NaN,1
2024-08-08T09:53:00-04:00,9.525454003460695,9.58,9.525454003460695,9.57,9.52022208852012,9.425278992547495,9.542380952380954,0,0,19914,19913,0,0,0,0,NaN,NaN,69.50318008446304,NaN,NaN,NaN,9.397394306448412,9.340017727500001,NaN,NaN,NaN,NaN,NaN,NaN,NaN,NaN,NaN,NaN,1,0,0,0,0,NaN,NaN,69.50318008446304,NaN,NaN,NaN,9.397394306448412,9.340017727500001,NaN,NaN,NaN,NaN,NaN,NaN,NaN,NaN,NaN,NaN,1
2024-08-08T09:54:00-04:00,9.547727001730347,9.547727001730347,9.47,9.47,9.51109079969828,9.425961756020053,9.521818181818183,0,0,19914,19913,0,0,0,0,NaN,NaN,68.4655558245873,NaN,NaN,NaN,9.397394306448412,9.340017727500001,NaN,NaN,NaN,NaN,NaN,NaN,NaN,NaN,NaN,NaN,1,0,0,0,0,NaN,NaN,68.4655558245873,NaN,NaN,NaN,9.397394306448412,9.340017727500001,NaN,NaN,NaN,NaN,NaN,NaN,NaN,NaN,NaN,NaN,1
2024-08-08T09:56:00-04:00,9.508863500865175,9.58,9.508863500865175,9.57,9.521801563389502,9.428160813180051,9.532477876106196,0,0,19914,19913,0,0,0,0,NaN,NaN,68.71899679261506,NaN,NaN,NaN,9.397394306448412,9.340017727500001,NaN,NaN,NaN,NaN,NaN,NaN,NaN,NaN,NaN,NaN,1,0,0,0,0,NaN,NaN,68.71899679261506,NaN,NaN,NaN,9.397394306448412,9.340017727500001,NaN,NaN,NaN,NaN,NaN,NaN,NaN,NaN,NaN,NaN,1
2024-08-08T09:57:00-04:00,9.539431750432588,9.539431750432588,9.5,9.5,9.517837642773229,9.42925759465822,9.530759559979048,0,0,19914,19913,0,0,0,0,NaN,NaN,67.89535203237033,NaN,NaN,NaN,9.397394306448412,9.340017727500001,NaN,NaN,NaN,NaN,NaN,NaN,NaN,NaN,NaN,NaN,1,0,0,0,0,NaN,NaN,67.89535203237033,NaN,NaN,NaN,9.397394306448412,9.340017727500001,NaN,NaN,NaN,NaN,NaN,NaN,NaN,NaN,NaN,NaN,1
2024-08-08T10:20:00-04:00,9.519715875216294,9.519715875216294,9.4,9.4,9.49641261681446,9.428810913823742,9.5000882117081,0,0,19914,19913,0,0,0,0,NaN,NaN,64.99463297315536,NaN,NaN,NaN,9.397394306448412,9.340017727500001,NaN,NaN,NaN,NaN,NaN,NaN,NaN,NaN,NaN,NaN,1,0,0,0,0,NaN,NaN,64.99463297315536,NaN,NaN,NaN,9.397394306448412,9.340017727500001,NaN,NaN,NaN,NaN,NaN,NaN,NaN,NaN,NaN,NaN,1
2024-08-08T10:34:00-04:00,9.459857937608147,9.459857937608147,9.39,9.395,9.47797395921183,9.428294716666128,9.488804581245526,0,0,19914,19913,0,0,0,0,NaN,NaN,61.90446548305925,NaN,NaN,NaN,9.397394306448412,9.340017727500001,NaN,NaN,NaN,NaN,NaN,NaN,NaN,NaN,NaN,NaN,1,0,0,0,0,NaN,NaN,61.90446548305925,NaN,NaN,NaN,9.397394306448412,9.340017727500001,NaN,NaN,NaN,NaN,NaN,NaN,NaN,NaN,NaN,NaN,1
2024-08-08T11:46:00-04:00,9.427428968804072,9.427428968804072,9.355,9.377500000000001,9.459705966627862,9.42751922480863,9.43410447761194,0,0,19914,19913,0,0,0,0,NaN,NaN,58.337994916971525,NaN,NaN,NaN,9.397394306448412,9.340017727500001,NaN,NaN,NaN,NaN,NaN,NaN,NaN,NaN,NaN,NaN,1,0,0,0,0,NaN,NaN,58.337994916971525,NaN,NaN,NaN,9.397394306448412,9.340017727500001,NaN,NaN,NaN,NaN,NaN,NaN,NaN,NaN,NaN,NaN,1
2024-08-08T11:48:00-04:00,9.402464484402037,9.49,9.33,9.445025,9.457036699968251,9.42778648855201,9.438586134363597,0,0,19914,19913,0,0,0,0,NaN,NaN,56.260137180292006,NaN,NaN,NaN,9.397394306448412,9.340017727500001,NaN,NaN,NaN,NaN,NaN,NaN,NaN,NaN,NaN,NaN,1,0,0,0,0,NaN,NaN,56.260137180292006,NaN,NaN,NaN,9.397394306448412,9.340017727500001,NaN,NaN,NaN,NaN,NaN,NaN,NaN,NaN,NaN,NaN,1
2024-08-08T11:49:00-04:00,9.423744742201018,9.423744742201018,9.35,9.35,9.437575481792205,9.426598908574118,9.436724690060936,0,0,19914,19913,0,0,0,0,NaN,NaN,51.937171953344084,NaN,NaN,NaN,9.397394306448412,9.340017727500001,NaN,NaN,NaN,NaN,NaN,NaN,NaN,NaN,NaN,NaN,1,0,0,0,0,NaN,NaN,51.937171953344084,NaN,NaN,NaN,9.397394306448412,9.340017727500001,NaN,NaN,NaN,NaN,NaN,NaN,NaN,NaN,NaN,NaN,1
2024-08-08T12:02:00-04:00,9.386872371100509,9.386872371100509,9.36,9.36,9.423470848739077,9.425582131343978,9.43283718332336,0,0,19914,19913,0,0,0,0,NaN,NaN,47.83002779840413,NaN,NaN,NaN,9.397394306448412,9.340017727500001,NaN,NaN,NaN,NaN,NaN,NaN,NaN,NaN,NaN,NaN,1,0,0,0,0,NaN,NaN,47.83002779840413,NaN,NaN,NaN,9.397394306448412,9.340017727500001,NaN,NaN,NaN,NaN,NaN,NaN,NaN,NaN,NaN,NaN,1
2024-08-08T13:57:00-04:00,9.373436185550254,9.373436185550254,9.3501,9.3501,9.41013069442288,9.424429732392161,9.43106066757759,0,0,19914,19913,0,0,0,0,NaN,NaN,43.560302612663804,NaN,NaN,NaN,9.397394306448412,9.340017727500001,NaN,NaN,NaN,NaN,NaN,NaN,NaN,NaN,NaN,NaN,1,0,0,0,0,NaN,NaN,43.560302612663804,NaN,NaN,NaN,9.397394306448412,9.340017727500001,NaN,NaN,NaN,NaN,NaN,NaN,NaN,NaN,NaN,NaN,1
2024-08-08T14:06:00-04:00,9.361768092775126,9.361768092775126,9.35,9.35,9.399197840891448,9.423293400599915,9.424070061535717,0,0,19914,19913,0,0,0,0,NaN,NaN,39.39647673139344,NaN,NaN,NaN,9.397394306448412,9.340017727500001,NaN,NaN,NaN,NaN,NaN,NaN,NaN,NaN,NaN,NaN,1,0,0,0,0,NaN,NaN,39.39647673139344,NaN,NaN,NaN,9.397394306448412,9.340017727500001,NaN,NaN,NaN,NaN,NaN,NaN,NaN,NaN,NaN,NaN,1
2024-08-08T14:56:00-04:00,9.355884046387562,9.355884046387562,9.35,9.35,9.390252778911185,9.42217441738465,9.422676548827441,0,0,19914,19913,0,0,0,0,NaN,NaN,35.90958620905976,NaN,NaN,NaN,9.397394306448412,9.340017727500001,NaN,NaN,NaN,NaN,NaN,NaN,NaN,NaN,NaN,NaN,1,0,0,0,0,NaN,NaN,35.90958620905976,NaN,NaN,NaN,9.397394306448412,9.340017727500001,NaN,NaN,NaN,NaN,NaN,NaN,NaN,NaN,NaN,NaN,1
2024-08-08T15:06:00-04:00,9.35294202319378,9.35294202319378,9.32,9.32,9.377479546381878,9.420614502615418,9.420927885773267,0,0,19914,19913,0,0,0,0,NaN,NaN,31.737531938847813,NaN,NaN,NaN,9.397394306448412,9.340017727500001,NaN,NaN,NaN,NaN,NaN,NaN,NaN,NaN,NaN,NaN,1,0,0,0,0,NaN,NaN,31.737531938847813,NaN,NaN,NaN,9.397394306448412,9.340017727500001,NaN,NaN,NaN,NaN,NaN,NaN,NaN,NaN,NaN,NaN,1
2024-08-08T15:14:00-04:00,9.33647101159689,9.33647101159689,9.29,9.29,9.361574174312445,9.418620388071671,9.419811325260106,0,1,19914,19913,0,0,0,0,NaN,NaN,27.12814659124233,NaN,NaN,NaN,9.397394306448412,9.340017727500001,NaN,NaN,NaN,NaN,NaN,NaN,NaN,NaN,NaN,NaN,1,0,0,0,0,NaN,NaN,27.12814659124233,NaN,NaN,NaN,9.397394306448412,9.340017727500001,NaN,NaN,NaN,NaN,NaN,NaN,NaN,NaN,NaN,NaN,1
2024-08-08T15:15:00-04:00,9.313235505798446,9.313235505798446,9.29,9.29,9.348560688073817,9.416656718024775,9.417612977867202,0,0,19914,19955,0,0,0,0,NaN,NaN,22.61256772228041,NaN,NaN,NaN,9.397394306448412,9.340017727500001,NaN,NaN,NaN,NaN,NaN,NaN,NaN,NaN,NaN,NaN,1,0,0,0,0,NaN,NaN,22.61256772228041,NaN,NaN,NaN,9.397394306448412,9.340017727500001,NaN,NaN,NaN,NaN,NaN,NaN,NaN,NaN,NaN,NaN,1
2024-08-08T15:32:00-04:00,9.301617752899222,9.3465,9.301617752899222,9.3465,9.348186017514942,9.415585623093099,9.416365381764269,0,0,19914,19956,0,0,0,0,NaN,NaN,19.384051113228292,NaN,NaN,NaN,9.397394306448412,9.340017727500001,NaN,NaN,NaN,NaN,NaN,NaN,NaN,NaN,NaN,NaN,1,0,0,0,0,NaN,NaN,19.384051113228292,NaN,NaN,NaN,9.397394306448412,9.340017727500001,NaN,NaN,NaN,NaN,NaN,NaN,NaN,NaN,NaN,NaN,1
2024-08-08T15:45:00-04:00,9.324058876449612,9.324058876449612,9.285,9.285,9.336697650694044,9.41359194945809,9.41136931304968,0,0,19914,19957,0,0,0,0,NaN,NaN,15.273055974073749,NaN,NaN,NaN,9.397394306448412,9.340017727500001,NaN,NaN,NaN,NaN,NaN,NaN,NaN,NaN,NaN,NaN,1,0,0,0,0,NaN,NaN,15.273055974073749,NaN,NaN,NaN,9.397394306448412,9.340017727500001,NaN,NaN,NaN,NaN,NaN,NaN,NaN,NaN,NaN,NaN,1
2024-08-08T16:00:00-04:00,9.304529438224806,9.304529438224806,9.18,9.18,9.308207168749671,9.410025660153385,9.404210081388205,0,1,19914,19958,0,0,0,0,NaN,NaN,10.150080153466536,NaN,NaN,NaN,9.397394306448412,9.340017727500001,NaN,NaN,NaN,NaN,NaN,NaN,NaN,NaN,NaN,NaN,1,0,0,0,0,NaN,NaN,10.150080153466536,NaN,NaN,NaN,9.397394306448412,9.340017727500001,NaN,NaN,NaN,NaN,NaN,NaN,NaN,NaN,NaN,NaN,1
2024-08-09T09:44:00-04:00,9.242264719112402,9.242264719112402,9.19,9.19,9.286714956249732,9.406666489769364,9.19,0,0,19914,19959,0,0,0,0,NaN,NaN,6.290795129955426,NaN,NaN,NaN,9.397394306448412,9.340017727500001,NaN,NaN,NaN,NaN,NaN,NaN,NaN,NaN,NaN,NaN,1,0,0,0,0,NaN,NaN,6.290795129955426,NaN,NaN,NaN,9.397394306448412,9.340017727500001,NaN,NaN,NaN,NaN,NaN,NaN,NaN,NaN,NaN,NaN,1
2024-08-09T10:30:00-04:00,9.216132359556202,9.23,9.2,9.215,9.273675873295234,9.403740283818687,9.205913654618474,0,0,19914,19960,0,0,0,0,NaN,NaN,3.561158547175478,NaN,NaN,NaN,9.397394306448412,9.340017727500001,NaN,NaN,NaN,NaN,NaN,NaN,NaN,NaN,NaN,NaN,1,0,0,0,0,NaN,NaN,3.561158547175478,NaN,NaN,NaN,9.397394306448412,9.340017727500001,NaN,NaN,NaN,NaN,NaN,NaN,NaN,NaN,NaN,NaN,1
2024-08-09T10:41:00-04:00,9.2155661797781,9.23,9.2155661797781,9.225000000000001,9.264825714514282,9.401011424523745,9.214415367483296,0,0,19914,19961,0,0,0,0,NaN,NaN,1.5401978820927593,NaN,NaN,NaN,9.397394306448412,9.340017727500001,NaN,NaN,NaN,NaN,NaN,NaN,NaN,NaN,NaN,NaN,1,0,0,0,0,NaN,NaN,1.5401978820927593,NaN,NaN,NaN,9.397394306448412,9.340017727500001,NaN,NaN,NaN,NaN,NaN,NaN,NaN,NaN,NaN,NaN,1
2024-08-09T10:42:00-04:00,9.220283089889051,9.29,9.220283089889051,9.29,9.269402857329867,9.399316593614985,9.22818306010929,0,0,19914,19962,0,0,0,0,NaN,NaN,0.4933079023270409,NaN,NaN,NaN,9.397394306448412,9.340017727500001,NaN,NaN,NaN,NaN,NaN,NaN,NaN,NaN,NaN,NaN,1,0,0,0,0,NaN,NaN,0.4933079023270409,NaN,NaN,NaN,9.397394306448412,9.340017727500001,NaN,NaN,NaN,NaN,NaN,NaN,NaN,NaN,NaN,NaN,1
2024-08-09T10:43:00-04:00,9.255141544944525,9.28,9.255141544944525,9.28,9.271329610542619,9.39749496623155,9.236065637065638,0,0,19914,19963,0,0,0,0,NaN,NaN,0.01960688463945073,NaN,NaN,NaN,9.397394306448412,9.340017727500001,NaN,NaN,NaN,NaN,NaN,NaN,NaN,NaN,NaN,NaN,1,0,0,0,0,NaN,NaN,0.01960688463945073,NaN,NaN,NaN,9.397394306448412,9.340017727500001,NaN,NaN,NaN,NaN,NaN,NaN,NaN,NaN,NaN,NaN,1
2024-08-09T10:44:00-04:00,9.267570772472261,9.267570772472261,9.23,9.23,9.263815135898506,9.394937791174579,9.235254180602007,0,0,19914,19964,0,0,0,0,NaN,NaN,0.24111478459031022,NaN,NaN,NaN,9.397394306448412,9.340017727500001,NaN,NaN,NaN,NaN,NaN,NaN,NaN,NaN,NaN,NaN,1,0,0,0,0,NaN,NaN,0.24111478459031022,NaN,NaN,NaN,9.397394306448412,9.340017727500001,NaN,NaN,NaN,NaN,NaN,NaN,NaN,NaN,NaN,NaN,1
2024-08-09T10:45:00-04:00,9.248785386236131,9.28,9.248785386236131,9.28,9.266757838462414,9.393183015736799,9.240533923303834,0,0,19914,19965,0,0,0,0,NaN,NaN,3.1682816386373704,NaN,NaN,NaN,9.397394306448412,9.340017727500001,NaN,NaN,NaN,NaN,NaN,NaN,NaN,NaN,NaN,NaN,1,0,0,0,0,NaN,NaN,3.1682816386373704,NaN,NaN,NaN,9.397394306448412,9.340017727500001,NaN,NaN,NaN,NaN,NaN,NaN,NaN,NaN,NaN,NaN,1
2024-08-09T10:51:00-04:00,9.264392693118065,9.33,9.264392693118065,9.3148,9.275492776923793,9.391986328473642,9.279784422809456,0,0,19914,19966,0,0,0,0,NaN,NaN,5.8374719497756775,NaN,NaN,NaN,9.397394306448412,9.340017727500001,NaN,NaN,NaN,NaN,NaN,NaN,NaN,NaN,NaN,NaN,1,0,0,0,0,NaN,NaN,5.8374719497756775,NaN,NaN,NaN,9.397394306448412,9.340017727500001,NaN,NaN,NaN,NaN,NaN,NaN,NaN,NaN,NaN,NaN,1
2024-08-09T11:17:00-04:00,9.289596346559033,9.34,9.28,9.309999999999999,9.281766817483103,9.390734628802289,9.286349880252557,0,0,19914,19967,0,0,0,0,NaN,NaN,8.233445360976383,NaN,NaN,NaN,9.397394306448412,9.340017727500001,NaN,NaN,NaN,NaN,NaN,NaN,NaN,NaN,NaN,NaN,1,0,0,0,0,NaN,NaN,8.233445360976383,NaN,NaN,NaN,9.397394306448412,9.340017727500001,NaN,NaN,NaN,NaN,NaN,NaN,NaN,NaN,NaN,NaN,1
2024-08-09T11:18:00-04:00,9.299798173279516,9.35,9.299798173279516,9.34125,9.292581941577085,9.389979138286224,9.310108064715326,0,0,19914,19968,0,0,0,0,NaN,NaN,12.64171207971843,NaN,NaN,NaN,9.397394306448412,9.340017727500001,NaN,NaN,NaN,NaN,NaN,NaN,NaN,NaN,NaN,NaN,1,0,0,0,0,NaN,NaN,12.64171207971843,NaN,NaN,NaN,9.397394306448412,9.340017727500001,NaN,NaN,NaN,NaN,NaN,NaN,NaN,NaN,NaN,NaN,1
2024-08-09T11:22:00-04:00,9.320524086639757,9.44,9.320524086639757,9.44,9.319385224926705,9.390742815564296,9.32436118746564,0,0,19914,19969,0,0,0,0,NaN,NaN,16.833859105250674,NaN,NaN,NaN,9.397394306448412,9.340017727500001,NaN,NaN,NaN,NaN,NaN,NaN,NaN,NaN,NaN,NaN,1,0,0,0,0,NaN,NaN,16.833859105250674,NaN,NaN,NaN,9.397394306448412,9.340017727500001,NaN,NaN,NaN,NaN,NaN,NaN,NaN,NaN,NaN,NaN,1
2024-08-09T11:24:00-04:00,9.380262043319878,9.4899,9.380262043319878,9.4899,9.350387911303669,9.392256665708352,9.34075928677563,0,0,19914,19970,0,0,0,0,NaN,NaN,21.096141829121628,NaN,NaN,NaN,9.397394306448412,9.340017727500001,NaN,NaN,NaN,NaN,NaN,NaN,NaN,NaN,NaN,NaN,1,0,0,0,0,NaN,NaN,21.096141829121628,NaN,NaN,NaN,9.397394306448412,9.340017727500001,NaN,NaN,NaN,NaN,NaN,NaN,NaN,NaN,NaN,NaN,1
2024-08-09T11:29:00-04:00,9.43508102165994,9.45,9.43508102165994,9.45,9.368499200157547,9.393138243331125,9.341830799411474,0,0,19914,19971,0,0,0,0,NaN,NaN,25.686146889943668,NaN,NaN,NaN,9.397394306448412,9.340017727500001,NaN,NaN,NaN,NaN,NaN,NaN,NaN,NaN,NaN,NaN,1,0,0,0,0,NaN,NaN,25.686146889943668,NaN,NaN,NaN,9.397394306448412,9.340017727500001,NaN,NaN,NaN,NaN,NaN,NaN,NaN,NaN,NaN,NaN,1
2024-08-09T11:31:00-04:00,9.44254051082997,9.44254051082997,9.28,9.3,9.356044800128902,9.391716285417672,9.34063506431634,0,0,19914,19972,0,0,0,0,NaN,NaN,32.9980901444954,NaN,NaN,NaN,9.397394306448412,9.340017727500001,NaN,NaN,NaN,NaN,NaN,NaN,NaN,NaN,NaN,NaN,1,0,0,0,0,NaN,NaN,32.9980901444954,NaN,NaN,NaN,9.397394306448412,9.340017727500001,NaN,NaN,NaN,NaN,NaN,NaN,NaN,NaN,NaN,NaN,1
2024-08-09T11:32:00-04:00,9.371270255414984,9.371270255414984,9.32,9.32,9.349491200105465,9.390621380296793,9.340249181860681,0,0,19914,19973,0,0,0,0,NaN,NaN,37.94377960515456,NaN,NaN,NaN,9.397394306448412,9.340017727500001,NaN,NaN,NaN,NaN,NaN,NaN,NaN,NaN,NaN,NaN,1,0,0,0,0,NaN,NaN,37.94377960515456,NaN,NaN,NaN,9.397394306448412,9.340017727500001,NaN,NaN,NaN,NaN,NaN,NaN,NaN,NaN,NaN,NaN,1
2024-08-09T11:34:00-04:00,9.345635127707492,9.41,9.345635127707492,9.41,9.36049280008629,9.390917237086155,9.34152960073428,0,0,19914,19974,0,0,0,0,NaN,NaN,41.27187440203162,NaN,NaN,NaN,9.397394306448412,9.340017727500001,NaN,NaN,NaN,NaN,NaN,NaN,NaN,NaN,NaN,NaN,1,0,0,0,0,NaN,NaN,41.27187440203162,NaN,NaN,NaN,9.397394306448412,9.340017727500001,NaN,NaN,NaN,NaN,NaN,NaN,NaN,NaN,NaN,NaN,1
2024-08-09T11:35:00-04:00,9.377817563853746,9.377817563853746,9.32,9.32,9.353130472797874,9.389834531176442,9.341141505182513,0,0,19914,19975,0,0,0,0,NaN,NaN,46.81266545330362,NaN,NaN,NaN,9.397394306448412,9.340017727500001,NaN,NaN,NaN,NaN,NaN,NaN,NaN,NaN,NaN,NaN,1,0,0,0,0,NaN,NaN,46.81266545330362,NaN,NaN,NaN,9.397394306448412,9.340017727500001,NaN,NaN,NaN,NaN,NaN,NaN,NaN,NaN,NaN,NaN,1
2024-08-09T11:40:00-04:00,9.348908781926873,9.348908781926873,9.29,9.29,9.341652205016443,9.388310339860771,9.336150061000405,0,0,19914,19976,0,0,0,0,NaN,NaN,53.14369331082934,NaN,NaN,NaN,9.397394306448412,9.340017727500001,NaN,NaN,NaN,NaN,NaN,NaN,NaN,NaN,NaN,NaN,1,0,0,0,0,NaN,NaN,53.14369331082934,NaN,NaN,NaN,9.397394306448412,9.340017727500001,NaN,NaN,NaN,NaN,NaN,NaN,NaN,NaN,NaN,NaN,1
2024-08-09T11:54:00-04:00,9.319454390963436,9.3711,9.319454390963436,9.3711,9.347006349558908,9.388047586580454,9.338607788279772,0,0,19914,19977,0,0,0,0,NaN,NaN,53.259178379805405,NaN,NaN,NaN,9.397394306448412,9.340017727500001,NaN,NaN,NaN,NaN,NaN,NaN,NaN,NaN,NaN,NaN,1,0,0,0,0,NaN,NaN,53.259178379805405,NaN,NaN,NaN,9.397394306448412,9.340017727500001,NaN,NaN,NaN,NaN,NaN,NaN,NaN,NaN,NaN,NaN,1
2024-08-09T12:00:00-04:00,9.345277195481717,9.345277195481717,9.2601,9.2601,9.331205195093652,9.38609418831205,9.33715124304267,0,1,19914,19978,0,0,0,0,NaN,NaN,54.030535895869455,NaN,NaN,NaN,9.397394306448412,9.340017727500001,NaN,NaN,NaN,NaN,NaN,NaN,NaN,NaN,NaN,NaN,1,0,0,0,0,NaN,NaN,54.030535895869455,NaN,NaN,NaN,9.397394306448412,9.340017727500001,NaN,NaN,NaN,NaN,NaN,NaN,NaN,NaN,NaN,NaN,1
2024-08-09T12:02:00-04:00,9.302688597740858,9.41,9.302688597740858,9.41,9.345531523258442,9.386459162536294,9.33768788213628,0,0,19914,19979,0,0,0,0,NaN,NaN,52.42765359280721,NaN,NaN,NaN,9.397394306448412,9.340017727500001,NaN,NaN,NaN,NaN,NaN,NaN,NaN,NaN,NaN,NaN,1,0,0,0,0,NaN,NaN,52.42765359280721,NaN,NaN,NaN,9.397394306448412,9.340017727500001,NaN,NaN,NaN,NaN,NaN,NaN,NaN,NaN,NaN,NaN,1
2024-08-09T13:51:00-04:00,9.356344298870429,9.41,9.356344298870429,9.41,9.35725306448418,9.386818564634977,9.408088619967872,0,0,19914,19980,0,0,0,0,NaN,NaN,50.776991496836764,NaN,NaN,NaN,9.397394306448412,9.340017727500001,NaN,NaN,NaN,NaN,NaN,NaN,NaN,NaN,NaN,NaN,1,0,0,0,0,NaN,NaN,50.776991496836764,NaN,NaN,NaN,9.397394306448412,9.340017727500001,NaN,NaN,NaN,NaN,NaN,NaN,NaN,NaN,NaN,NaN,1
2024-08-09T14:14:00-04:00,9.383172149435214,9.383172149435214,9.3,9.31,9.34866159821433,9.385645762121467,9.407519349636933,0,0,19914,19981,0,0,0,0,NaN,NaN,51.39844930841291,NaN,NaN,NaN,9.397394306448412,9.340017727500001,NaN,NaN,NaN,NaN,NaN,NaN,NaN,NaN,NaN,NaN,1,0,0,0,0,NaN,NaN,51.39844930841291,NaN,NaN,NaN,9.397394306448412,9.340017727500001,NaN,NaN,NaN,NaN,NaN,NaN,NaN,NaN,NaN,NaN,1
2024-08-09T14:32:00-04:00,9.346586074717607,9.42,9.346586074717607,9.42,9.361632216720816,9.386170254302819,9.407526955549363,0,0,19914,19982,0,0,0,0,NaN,NaN,51.3580931366695,NaN,NaN,NaN,9.397394306448412,9.340017727500001,NaN,NaN,NaN,NaN,NaN,NaN,NaN,NaN,NaN,NaN,1,0,0,0,0,NaN,NaN,51.3580931366695,NaN,NaN,NaN,9.397394306448412,9.340017727500001,NaN,NaN,NaN,NaN,NaN,NaN,NaN,NaN,NaN,NaN,1
2024-08-09T14:37:00-04:00,9.383293037358804,9.45,9.383293037358804,9.45,9.37769908640794,9.387144754237127,9.407547159923734,0,0,19914,19983,0,0,0,0,NaN,NaN,48.303605872322706,NaN,NaN,NaN,9.397394306448412,9.340017727500001,NaN,NaN,NaN,NaN,NaN,NaN,NaN,NaN,NaN,NaN,1,0,0,0,0,NaN,NaN,48.303605872322706,NaN,NaN,NaN,9.397394306448412,9.340017727500001,NaN,NaN,NaN,NaN,NaN,NaN,NaN,NaN,NaN,NaN,1
2024-08-09T15:10:00-04:00,9.416646518679402,9.55,9.416646518679402,9.55,9.40902652524286,9.389631093867095,9.407601130806254,0,0,19914,19984,0,0,0,0,NaN,NaN,41.7627182512361,NaN,NaN,NaN,9.397394306448412,9.340017727500001,NaN,NaN,NaN,NaN,NaN,NaN,NaN,NaN,NaN,NaN,1,0,0,0,0,NaN,NaN,41.7627182512361,NaN,NaN,NaN,9.397394306448412,9.340017727500001,NaN,NaN,NaN,NaN,NaN,NaN,NaN,NaN,NaN,NaN,1
2024-08-09T16:00:00-04:00,9.483323259339702,9.483323259339702,9.37,9.37,9.401930793380522,9.389331382510345,9.407593573286642,0,0,19914,19985,0,0,0,0,NaN,NaN,40.90292492699501,NaN,NaN,NaN,9.397394306448412,9.340017727500001,NaN,NaN,NaN,NaN,NaN,NaN,NaN,NaN,NaN,NaN,1,0,0,0,0,NaN,NaN,40.90292492699501,NaN,NaN,NaN,9.397394306448412,9.340017727500001,NaN,NaN,NaN,NaN,NaN,NaN,NaN,NaN,NaN,NaN,1
2024-08-12T08:00:00-04:00,9.426661629669852,9.92,9.426661629669852,9.92,9.496125194584064,9.397433193464385,9.92,1,0,19986,19985,0,1,0,0,NaN,NaN,19.704366872718598,NaN,NaN,NaN,9.397394306448412,9.531104882025002,NaN,NaN,NaN,NaN,NaN,NaN,NaN,NaN,NaN,NaN,1,0,1,0,0,NaN,NaN,19.704366872718598,NaN,NaN,NaN,9.397394306448412,9.531104882025002,NaN,NaN,NaN,NaN,NaN,NaN,NaN,NaN,NaN,NaN,1
2024-08-12T08:29:00-04:00,9.673330814834927,9.92,9.673330814834927,9.92,9.573193341023325,9.405411312648136,9.92,0,0,19986,19985,0,0,0,0,NaN,NaN,8.617177088950035,NaN,NaN,NaN,9.775747881720372,9.531104882025002,NaN,NaN,NaN,NaN,NaN,NaN,NaN,NaN,NaN,NaN,1,0,0,0,0,NaN,NaN,8.617177088950035,NaN,NaN,NaN,9.775747881720372,9.531104882025002,NaN,NaN,NaN,NaN,NaN,NaN,NaN,NaN,NaN,NaN,1
2024-08-12T09:18:00-04:00,9.796665407417464,9.93,9.796665407417464,9.93,9.638067279019085,9.413420300241294,9.922849002849002,0,0,19986,19985,0,0,0,0,NaN,NaN,3.0190445263827557,NaN,NaN,NaN,9.811252999543107,9.583372296182,NaN,NaN,NaN,NaN,NaN,NaN,NaN,NaN,NaN,NaN,1,0,0,0,0,NaN,NaN,3.0190445263827557,NaN,NaN,NaN,9.811252999543107,9.583372296182,NaN,NaN,NaN,NaN,NaN,NaN,NaN,NaN,NaN,NaN,1
2024-08-12T09:30:00-04:00,9.863332703708732,9.9777,9.58,9.77885,9.663664137379252,9.418999379626923,9.78900340498192,0,0,19986,19985,0,0,0,0,NaN,NaN,1.1449556410391448,NaN,NaN,NaN,9.811252999543107,9.583372296182,NaN,NaN,NaN,NaN,NaN,NaN,NaN,NaN,NaN,NaN,1,0,0,0,0,NaN,NaN,1.1449556410391448,NaN,NaN,NaN,9.811252999543107,9.583372296182,NaN,NaN,NaN,NaN,NaN,NaN,NaN,NaN,NaN,NaN,1
2024-08-12T09:32:00-04:00,9.821091351854367,10,9.821091351854367,9.98,9.721179748764843,9.42756427459445,9.82036584116857,1,0,19986,19985,0,0,0,0,NaN,NaN,0.00007009512378751758,NaN,NaN,NaN,9.811252999543107,9.664116451754701,NaN,NaN,NaN,NaN,NaN,NaN,NaN,NaN,NaN,NaN,1,0,0,0,0,NaN,NaN,0.00007009512378751758,NaN,NaN,NaN,9.811252999543107,9.664116451754701,NaN,NaN,NaN,NaN,NaN,NaN,NaN,NaN,NaN,NaN,1
2024-08-12T09:35:00-04:00,9.900545675927184,10.2,9.900545675927184,10.149999999999999,9.799147067171235,9.438593827654078,9.899866091221812,0,0,19986,19985,0,0,0,0,NaN,NaN,0.7989070087034275,NaN,NaN,NaN,9.811252999543107,9.821275490438854,NaN,NaN,NaN,NaN,NaN,NaN,NaN,NaN,NaN,NaN,1,0,0,0,0,NaN,NaN,0.7989070087034275,NaN,NaN,NaN,9.811252999543107,9.821275490438854,NaN,NaN,NaN,NaN,NaN,NaN,NaN,NaN,NaN,NaN,1
2024-08-12T09:41:00-04:00,10.025272837963591,10.054,10.025272837963591,10.054,9.845483964049192,9.447989341735695,9.905540428273406,0,0,19986,19985,0,0,0,0,NaN,NaN,2.5456200590106373,NaN,NaN,NaN,9.811252999543107,9.821275490438854,NaN,NaN,NaN,NaN,NaN,NaN,NaN,NaN,NaN,NaN,1,0,0,0,0,NaN,NaN,2.5456200590106373,NaN,NaN,NaN,9.811252999543107,9.821275490438854,NaN,NaN,NaN,NaN,NaN,NaN,NaN,NaN,NaN,NaN,1
2024-08-12T09:49:00-04:00,10.039636418981797,10.42,10.039636418981797,10.42,9.949941425131158,9.462829199113777,9.91177705782519,1,0,19986,19985,0,0,0,0,NaN,NaN,6.432743090141538,NaN,NaN,NaN,10.277262984442334,10.053657637446694,NaN,NaN,NaN,NaN,NaN,NaN,NaN,NaN,NaN,NaN,1,0,0,0,0,NaN,NaN,6.432743090141538,NaN,NaN,NaN,10.277262984442334,10.053657637446694,NaN,NaN,NaN,NaN,NaN,NaN,NaN,NaN,NaN,NaN,1
2024-08-12T09:50:00-04:00,10.229818209490897,10.32,10.2,10.26,10.006315711470947,9.474999745692193,9.962270828150912,0,0,19986,19985,0,0,0,0,NaN,NaN,10.356821901618604,NaN,NaN,NaN,10.277262984442334,10.053657637446694,NaN,NaN,NaN,NaN,NaN,NaN,NaN,NaN,NaN,NaN,1,0,0,0,0,NaN,NaN,10.356821901618604,NaN,NaN,NaN,10.277262984442334,10.053657637446694,NaN,NaN,NaN,NaN,NaN,NaN,NaN,NaN,NaN,NaN,1
2024-08-12T09:54:00-04:00,10.24490910474545,10.24490910474545,10.16,10.1986,10.041276491203503,9.48604707781903,9.974158238999902,0,0,19986,19985,0,0,0,0,NaN,NaN,13.763689694596776,NaN,NaN,NaN,10.277262984442334,10.053657637446694,NaN,NaN,NaN,NaN,NaN,NaN,NaN,NaN,NaN,NaN,1,0,0,0,0,NaN,NaN,13.763689694596776,NaN,NaN,NaN,10.277262984442334,10.053657637446694,NaN,NaN,NaN,NaN,NaN,NaN,NaN,NaN,NaN,NaN,1
2024-08-12T09:55:00-04:00,10.221754552372726,10.221754552372726,10.05,10.115,10.054680765530138,9.495649412508817,9.97896544495151,0,0,19986,19985,0,0,0,0,NaN,NaN,17.08742045097066,NaN,NaN,NaN,10.277262984442334,10.053657637446694,NaN,NaN,NaN,NaN,NaN,NaN,NaN,NaN,NaN,NaN,1,0,0,0,0,NaN,NaN,17.08742045097066,NaN,NaN,NaN,10.277262984442334,10.053657637446694,NaN,NaN,NaN,NaN,NaN,NaN,NaN,NaN,NaN,NaN,1
2024-08-12T09:57:00-04:00,10.168377276186362,10.168377276186362,10.01,10.073699999999999,10.058138808161022,9.504474612317843,9.982436210844476,0,0,19986,19985,0,0,0,0,NaN,NaN,20.961171826766126,NaN,NaN,NaN,10.277262984442334,10.053657637446694,NaN,NaN,NaN,NaN,NaN,NaN,NaN,NaN,NaN,NaN,1,0,0,0,0,NaN,NaN,20.961171826766126,NaN,NaN,NaN,10.277262984442334,10.053657637446694,NaN,NaN,NaN,NaN,NaN,NaN,NaN,NaN,NaN,NaN,1
2024-08-12T09:58:00-04:00,10.12103863809318,10.1374,10.12103863809318,10.1374,10.072549933949928,9.51413759533589,9.98522383072495,0,0,19986,19985,0,0,0,0,NaN,NaN,24.75107914179306,NaN,NaN,NaN,10.277262984442334,10.053657637446694,NaN,NaN,NaN,NaN,NaN,NaN,NaN,NaN,NaN,NaN,1,0,0,0,0,NaN,NaN,24.75107914179306,NaN,NaN,NaN,10.277262984442334,10.053657637446694,NaN,NaN,NaN,NaN,NaN,NaN,NaN,NaN,NaN,NaN,1
2024-08-12T09:59:00-04:00,10.129219319046591,10.145,10.01,10.04375,10.067313582322669,9.522223280903281,9.989152420708171,0,0,19986,19985,0,0,0,0,NaN,NaN,28.176039292921523,NaN,NaN,NaN,10.277262984442334,10.053657637446694,NaN,NaN,NaN,NaN,NaN,NaN,NaN,NaN,NaN,NaN,1,0,0,0,0,NaN,NaN,28.176039292921523,NaN,NaN,NaN,10.277262984442334,10.053657637446694,NaN,NaN,NaN,NaN,NaN,NaN,NaN,NaN,NaN,NaN,1
2024-08-12T10:00:00-04:00,10.086484659523295,10.1301,10.086484659523295,10.1301,10.078729294627639,9.531503841500179,9.991478672223138,0,0,19986,19985,0,0,0,0,NaN,NaN,31.848688393925894,NaN,NaN,NaN,10.277262984442334,10.053657637446694,NaN,NaN,NaN,NaN,NaN,NaN,NaN,NaN,NaN,NaN,1,0,0,0,0,NaN,NaN,31.848688393925894,NaN,NaN,NaN,10.277262984442334,10.053657637446694,NaN,NaN,NaN,NaN,NaN,NaN,NaN,NaN,NaN,NaN,1
2024-08-12T10:01:00-04:00,10.108292329761648,10.145,9.9801,10.065025,10.076237604695342,9.53964920269865,9.994948384179901,0,0,19986,19985,0,0,0,0,NaN,NaN,35.350828880596026,NaN,NaN,NaN,10.277262984442334,10.053657637446694,NaN,NaN,NaN,NaN,NaN,NaN,NaN,NaN,NaN,NaN,1,0,0,0,0,NaN,NaN,35.350828880596026,NaN,NaN,NaN,10.277262984442334,10.053657637446694,NaN,NaN,NaN,NaN,NaN,NaN,NaN,NaN,NaN,NaN,1
2024-08-12T10:12:00-04:00,10.086658664880824,10.086658664880824,9.9901,10.020050000000001,10.066021676568916,9.546983566016227,9.995713794023478,0,0,19986,19985,0,0,0,0,NaN,NaN,37.73797529065041,NaN,NaN,NaN,10.277262984442334,10.053657637446694,NaN,NaN,NaN,NaN,NaN,NaN,NaN,NaN,NaN,NaN,1,0,0,0,0,NaN,NaN,37.73797529065041,NaN,NaN,NaN,10.277262984442334,10.053657637446694,NaN,NaN,NaN,NaN,NaN,NaN,NaN,NaN,NaN,NaN,1
2024-08-12T10:13:00-04:00,10.053354332440414,10.053354332440414,9.9901,9.991,10.052381371738203,9.55376244287094,9.995599832626645,0,0,19986,19985,0,0,0,0,NaN,NaN,40.40748138770656,NaN,NaN,NaN,10.277262984442334,10.053657637446694,NaN,NaN,NaN,NaN,NaN,NaN,NaN,NaN,NaN,NaN,1,0,0,0,0,NaN,NaN,40.40748138770656,NaN,NaN,NaN,10.277262984442334,10.053657637446694,NaN,NaN,NaN,NaN,NaN,NaN,NaN,NaN,NaN,NaN,1
2024-08-12T10:14:00-04:00,10.022177166220207,10.09,10.022177166220207,10.07,10.055584758694893,9.561643932292759,9.997864302199783,0,0,19986,19985,0,0,0,0,NaN,NaN,43.79888336356619,NaN,NaN,NaN,10.277262984442334,10.053657637446694,NaN,NaN,NaN,NaN,NaN,NaN,NaN,NaN,NaN,NaN,1,0,0,0,0,NaN,NaN,43.79888336356619,NaN,NaN,NaN,10.277262984442334,10.053657637446694,NaN,NaN,NaN,NaN,NaN,NaN,NaN,NaN,NaN,NaN,1
2024-08-12T10:24:00-04:00,10.046088583110103,10.09,10.001,10.04775,10.054160257114004,9.569065398975312,10.046405041272497,0,0,19986,19985,0,0,0,0,NaN,NaN,47.10480406836805,NaN,NaN,NaN,10.210040634440848,10.053657637446694,NaN,NaN,NaN,NaN,NaN,NaN,NaN,NaN,NaN,NaN,1,0,0,0,0,NaN,NaN,47.10480406836805,NaN,NaN,NaN,10.210040634440848,10.053657637446694,NaN,NaN,NaN,NaN,NaN,NaN,NaN,NaN,NaN,NaN,1
2024-08-12T10:28:00-04:00,10.046919291555053,10.11,10.046919291555053,10.105,10.06340384672964,9.577247606624544,10.046800346011072,0,0,19986,19985,0,0,0,0,NaN,NaN,50.417356908082965,NaN,NaN,NaN,10.210040634440848,10.053657637446694,NaN,NaN,NaN,NaN,NaN,NaN,NaN,NaN,NaN,NaN,1,0,0,0,0,NaN,NaN,50.417356908082965,NaN,NaN,NaN,10.210040634440848,10.053657637446694,NaN,NaN,NaN,NaN,NaN,NaN,NaN,NaN,NaN,NaN,1
2024-08-12T10:31:00-04:00,10.075959645777527,10.075959645777527,10,10,10.051875874596979,9.58370184163791,10.046783268461832,0,0,19986,19985,0,0,0,0,NaN,NaN,52.33119352203906,NaN,NaN,NaN,10.210040634440848,10.053657637446694,NaN,NaN,NaN,NaN,NaN,NaN,NaN,NaN,NaN,NaN,1,0,0,0,0,NaN,NaN,52.33119352203906,NaN,NaN,NaN,10.210040634440848,10.053657637446694,NaN,NaN,NaN,NaN,NaN,NaN,NaN,NaN,NaN,NaN,1
2024-08-12T10:39:00-04:00,10.037979822888763,10.0899,10.037979822888763,10.06995,10.05516207921571,9.591125477643438,10.046850166715759,0,0,19986,19985,0,0,0,0,NaN,NaN,55.386735658609375,NaN,NaN,NaN,10.210040634440848,10.053657637446694,NaN,NaN,NaN,NaN,NaN,NaN,NaN,NaN,NaN,NaN,1,0,0,0,0,NaN,NaN,55.386735658609375,NaN,NaN,NaN,10.210040634440848,10.053657637446694,NaN,NaN,NaN,NaN,NaN,NaN,NaN,NaN,NaN,NaN,1
2024-08-12T10:44:00-04:00,10.053964911444382,10.053964911444382,10.0476,10.0496,10.054150792085581,9.598125088671782,10.046857558073677,0,0,19986,19985,0,0,0,0,NaN,NaN,57.179179984563575,NaN,NaN,NaN,10.210040634440848,10.053657637446694,NaN,NaN,NaN,NaN,NaN,NaN,NaN,NaN,NaN,NaN,1,0,0,0,0,NaN,NaN,57.179179984563575,NaN,NaN,NaN,10.210040634440848,10.053657637446694,NaN,NaN,NaN,NaN,NaN,NaN,NaN,NaN,NaN,NaN,1
2024-08-12T10:45:00-04:00,10.05178245572219,10.05178245572219,10.05,10.05,10.053396102615476,9.605023942279846,10.04686204648461,0,0,19986,19985,0,0,0,0,NaN,NaN,59.249175213252435,NaN,NaN,NaN,10.210040634440848,10.053657637446694,NaN,NaN,NaN,NaN,NaN,NaN,NaN,NaN,NaN,NaN,1,0,0,0,0,NaN,NaN,59.249175213252435,NaN,NaN,NaN,10.210040634440848,10.053657637446694,NaN,NaN,NaN,NaN,NaN,NaN,NaN,NaN,NaN,NaN,1
2024-08-12T10:59:00-04:00,10.050891227861095,10.1,10.050891227861095,10.094999999999999,10.06096044759448,9.61250449277939,10.046886583227622,0,0,19986,19985,0,0,0,0,NaN,NaN,62.562959040272446,NaN,NaN,NaN,10.210040634440848,10.053657637446694,NaN,NaN,NaN,NaN,NaN,NaN,NaN,NaN,NaN,NaN,1,0,0,0,0,NaN,NaN,62.562959040272446,NaN,NaN,NaN,10.210040634440848,10.053657637446694,NaN,NaN,NaN,NaN,NaN,NaN,NaN,NaN,NaN,NaN,1
2024-08-12T11:03:00-04:00,10.072945613930546,10.22,10.072945613930546,10.22,10.08987672985003,9.621779233347644,10.046919749385966,0,0,19986,19985,0,0,0,0,NaN,NaN,66.03223456325242,NaN,NaN,NaN,10.210040634440848,10.053657637446694,NaN,NaN,NaN,NaN,NaN,NaN,NaN,NaN,NaN,NaN,1,0,0,0,0,NaN,NaN,66.03223456325242,NaN,NaN,NaN,10.210040634440848,10.053657637446694,NaN,NaN,NaN,NaN,NaN,NaN,NaN,NaN,NaN,NaN,1
2024-08-12T11:22:00-04:00,10.146472806965274,10.2188,10.146472806965274,10.2188,10.113317324422752,9.630894054212565,10.046952672978865,0,0,19986,19985,0,0,0,0,NaN,NaN,68.44991213789982,NaN,NaN,NaN,10.210040634440848,10.053657637446694,NaN,NaN,NaN,NaN,NaN,NaN,NaN,NaN,NaN,NaN,1,0,0,0,0,NaN,NaN,68.44991213789982,NaN,NaN,NaN,10.210040634440848,10.053657637446694,NaN,NaN,NaN,NaN,NaN,NaN,NaN,NaN,NaN,NaN,1
2024-08-12T11:38:00-04:00,10.182636403482636,10.31,10.182636403482636,10.25,10.138168719982252,9.640346053384892,10.047732980487414,0,0,19986,19985,0,0,0,0,NaN,NaN,71.75234189467591,NaN,NaN,NaN,10.210040634440848,10.053657637446694,NaN,NaN,NaN,NaN,NaN,NaN,NaN,NaN,NaN,NaN,1,0,0,0,0,NaN,NaN,71.75234189467591,NaN,NaN,NaN,10.210040634440848,10.053657637446694,NaN,NaN,NaN,NaN,NaN,NaN,NaN,NaN,NaN,NaN,1
2024-08-12T11:42:00-04:00,10.216318201741318,10.45,10.216318201741318,10.365,10.17941077089457,9.651409472417184,10.048949367027252,1,0,19986,19985,0,0,0,0,NaN,NaN,74.4539505889304,NaN,NaN,NaN,10.210040634440848,10.053657637446694,NaN,NaN,NaN,NaN,NaN,NaN,NaN,NaN,NaN,NaN,1,0,0,0,0,NaN,NaN,74.4539505889304,NaN,NaN,NaN,10.210040634440848,10.053657637446694,NaN,NaN,NaN,NaN,NaN,NaN,NaN,NaN,NaN,NaN,1
2024-08-12T11:47:00-04:00,10.29065910087066,10.45,10.29065910087066,10.442499999999999,10.227245176186466,9.663487190395548,10.050438353055464,0,0,19986,19985,0,0,0,0,NaN,NaN,76.28943725335297,NaN,NaN,NaN,10.210040634440848,10.155529804459487,NaN,NaN,NaN,NaN,NaN,NaN,NaN,NaN,NaN,NaN,1,0,0,0,0,NaN,NaN,76.28943725335297,NaN,NaN,NaN,10.210040634440848,10.155529804459487,NaN,NaN,NaN,NaN,NaN,NaN,NaN,NaN,NaN,NaN,1
2024-08-12T11:48:00-04:00,10.366579550435329,10.45,10.366579550435329,10.43765,10.265500598698019,9.675306469931494,10.050731424897869,0,0,19986,19985,0,0,0,0,NaN,NaN,78.00801932407336,NaN,NaN,NaN,10.210040634440848,10.155529804459487,NaN,NaN,NaN,NaN,NaN,NaN,NaN,NaN,NaN,NaN,1,0,0,0,0,NaN,NaN,78.00801932407336,NaN,NaN,NaN,10.210040634440848,10.155529804459487,NaN,NaN,NaN,NaN,NaN,NaN,NaN,NaN,NaN,NaN,1
2024-08-12T11:54:00-04:00,10.402114775217665,10.4434,10.402114775217665,10.4434,10.297845944389287,9.687033088711166,10.050805711358773,0,0,19986,19985,0,0,0,0,NaN,NaN,79.52805544250397,NaN,NaN,NaN,10.210040634440848,10.233583257255425,NaN,NaN,NaN,NaN,NaN,NaN,NaN,NaN,NaN,NaN,1,0,0,0,0,NaN,NaN,79.52805544250397,NaN,NaN,NaN,10.210040634440848,10.233583257255425,NaN,NaN,NaN,NaN,NaN,NaN,NaN,NaN,NaN,NaN,1
2024-08-12T11:57:00-04:00,10.422757387608833,10.45,10.422757387608833,10.4475,10.325055772682145,9.698643270562904,10.05141267054781,0,0,19986,19985,0,0,0,0,NaN,NaN,81.41090750842763,NaN,NaN,NaN,10.210040634440848,10.299193280078798,NaN,NaN,NaN,NaN,NaN,NaN,NaN,NaN,NaN,NaN,1,0,0,0,0,NaN,NaN,81.41090750842763,NaN,NaN,NaN,10.210040634440848,10.299193280078798,NaN,NaN,NaN,NaN,NaN,NaN,NaN,NaN,NaN,NaN,1
2024-08-12T11:59:00-04:00,10.435128693804415,10.5,10.435128693804415,10.5,10.356863814012664,9.71087772444744,10.052089531909836,1,0,19986,19985,0,0,0,0,NaN,NaN,82.63450806515876,NaN,NaN,NaN,10.210040634440848,10.383046997652794,NaN,NaN,NaN,NaN,NaN,NaN,NaN,NaN,NaN,NaN,1,0,0,0,0,NaN,NaN,82.63450806515876,NaN,NaN,NaN,10.210040634440848,10.383046997652794,NaN,NaN,NaN,NaN,NaN,NaN,NaN,NaN,NaN,NaN,1
2024-08-12T12:00:00-04:00,10.467564346902208,10.55,10.467564346902208,10.55,10.39197948419218,9.723688751555112,10.052558641842708,0,0,19986,19985,0,0,0,0,NaN,NaN,83.85212880558184,NaN,NaN,NaN,10.375507769281686,10.459150078497789,NaN,NaN,NaN,NaN,NaN,NaN,NaN,NaN,NaN,NaN,1,0,0,0,0,NaN,NaN,83.85212880558184,NaN,NaN,NaN,10.375507769281686,10.459150078497789,NaN,NaN,NaN,NaN,NaN,NaN,NaN,NaN,NaN,NaN,1
2024-08-12T12:01:00-04:00,10.508782173451104,10.74,10.508782173451104,10.7,10.447983214339057,9.738594266798545,10.054989447190428,0,0,19986,19985,0,0,0,0,NaN,NaN,84.87558836484894,NaN,NaN,NaN,10.564376749879745,10.59883154788365,NaN,NaN,NaN,NaN,NaN,NaN,NaN,NaN,NaN,NaN,1,0,0,0,0,NaN,NaN,84.87558836484894,NaN,NaN,NaN,10.564376749879745,10.59883154788365,NaN,NaN,NaN,NaN,NaN,NaN,NaN,NaN,NaN,NaN,1
2024-08-12T12:30:00-04:00,10.604391086725553,10.69,10.604391086725553,10.684999999999999,10.49107717536832,9.75304320929017,10.056073280455008,0,0,19986,19985,0,0,0,0,NaN,NaN,85.89738236804115,NaN,NaN,NaN,10.564376749879745,10.59883154788365,NaN,NaN,NaN,NaN,NaN,NaN,NaN,NaN,NaN,NaN,1,0,0,0,0,NaN,NaN,85.89738236804115,NaN,NaN,NaN,10.564376749879745,10.59883154788365,NaN,NaN,NaN,NaN,NaN,NaN,NaN,NaN,NaN,NaN,1
2024-08-12T12:31:00-04:00,10.644695543362776,10.74,10.644695543362776,10.71625,10.532017688937716,9.76774865647658,10.057800797267365,0,0,19986,19985,0,0,0,0,NaN,NaN,86.8640825359747,NaN,NaN,NaN,10.564376749879745,10.652859797772518,NaN,NaN,NaN,NaN,NaN,NaN,NaN,NaN,NaN,NaN,1,0,0,0,0,NaN,NaN,86.8640825359747,NaN,NaN,NaN,10.564376749879745,10.652859797772518,NaN,NaN,NaN,NaN,NaN,NaN,NaN,NaN,NaN,NaN,1
2024-08-12T12:33:00-04:00,10.680472771681387,10.86,10.680472771681387,10.7925,10.579378109130857,9.783393715156327,10.060489321855561,1,0,19986,19985,0,0,0,0,NaN,NaN,87.60661481593034,NaN,NaN,NaN,10.564376749879745,10.736666638774885,NaN,NaN,NaN,NaN,NaN,NaN,NaN,NaN,NaN,NaN,1,0,0,0,0,NaN,NaN,87.60661481593034,NaN,NaN,NaN,10.564376749879745,10.736666638774885,NaN,NaN,NaN,NaN,NaN,NaN,NaN,NaN,NaN,NaN,1
2024-08-12T12:34:00-04:00,10.736486385840694,10.82,10.736486385840694,10.815249999999999,10.622263907470701,9.799147246222644,10.06194548425889,0,0,19986,19985,0,0,0,0,NaN,NaN,88.20163630323205,NaN,NaN,NaN,10.608627603003741,10.78030165216294,NaN,NaN,NaN,NaN,NaN,NaN,NaN,NaN,NaN,NaN,1,0,0,0,0,NaN,NaN,88.20163630323205,NaN,NaN,NaN,10.608627603003741,10.78030165216294,NaN,NaN,NaN,NaN,NaN,NaN,NaN,NaN,NaN,NaN,1
2024-08-12T12:35:00-04:00,10.775868192920345,10.82,10.72,10.786525000000001,10.652129560657848,9.814221715745962,10.06493635571071,0,0,19986,19985,0,0,0,0,NaN,NaN,88.79197966312942,NaN,NaN,NaN,10.649459870910505,10.78030165216294,NaN,NaN,NaN,NaN,NaN,NaN,NaN,NaN,NaN,NaN,1,0,0,0,0,NaN,NaN,88.79197966312942,NaN,NaN,NaN,10.649459870910505,10.78030165216294,NaN,NaN,NaN,NaN,NaN,NaN,NaN,NaN,NaN,NaN,1
2024-08-12T12:36:00-04:00,10.781196596460173,10.8,10.74,10.77,10.673560549629148,9.82881375062007,10.066888546519785,0,0,19986,19985,0,0,0,0,NaN,NaN,89.5423744270775,NaN,NaN,NaN,10.649459870910505,10.78030165216294,NaN,NaN,NaN,NaN,NaN,NaN,NaN,NaN,NaN,NaN,1,0,0,0,0,NaN,NaN,89.5423744270775,NaN,NaN,NaN,10.649459870910505,10.78030165216294,NaN,NaN,NaN,NaN,NaN,NaN,NaN,NaN,NaN,NaN,1
2024-08-12T12:38:00-04:00,10.775598298230086,10.8,10.775598298230086,10.8,10.696549540605666,9.84364102160297,10.067564539288297,0,0,19986,19985,0,0,0,0,NaN,NaN,90.02799614965858,NaN,NaN,NaN,10.649459870910505,10.78030165216294,NaN,NaN,NaN,NaN,NaN,NaN,NaN,NaN,NaN,NaN,1,0,0,0,0,NaN,NaN,90.02799614965858,NaN,NaN,NaN,10.649459870910505,10.78030165216294,NaN,NaN,NaN,NaN,NaN,NaN,NaN,NaN,NaN,NaN,1