time,open,high,low,close,EMA10,EMA130,VWAP,Bull_window,Bear_window,Plot,Plot,Bullish,Bullish+,Bearish,Bearish+,Bullish Exit,Bearish Exit,Trend Strength,Take Profit,Stop Loss,Bar Color Value,Trend Tracer,Trend Catcher,Smart Trail,Smart Trail Extremity,RZ R3 Band,RZ R2 Band,RZ R1 Band,RZ S1 Band,RZ S2 Band,RZ S3 Band,Neo Lead,Neo Lag,Custom Alert Condition Highlighter,Bullish,Bullish+,Bearish,Bearish+,Bullish Exit,Bearish Exit,Trend Strength,Take Profit,Stop Loss,Bar Color Value,Trend Tracer,Trend Catcher,Smart Trail,Smart Trail Extremity,RZ R3 Band,RZ R2 Band,RZ R1 Band,RZ S1 Band,RZ S2 Band,RZ S3 Band,Neo Lead,Neo Lag,Custom Alert Condition Highlighter
2024-08-09T14:30:00-04:00,1.755795687485695,1.76,1.755795687485695,1.76,1.7576378646470812,1.7778355166692836,1.8075436235065108,0,0,20777,21020,0,0,0,0,NaN,NaN,62.500860815580985,NaN,NaN,NaN,1.7768765581405443,1.76736827937046,NaN,NaN,NaN,NaN,NaN,NaN,NaN,NaN,NaN,NaN,1,0,0,0,0,NaN,NaN,62.500860815580985,NaN,NaN,NaN,1.7768765581405443,1.76736827937046,NaN,NaN,NaN,NaN,NaN,NaN,NaN,NaN,NaN,NaN,1
2024-08-09T14:33:00-04:00,1.7578978437428474,1.7578978437428474,1.75,1.75,1.7562491619839755,1.777410546949142,1.8075209567570556,0,1,20777,21021,0,0,0,0,NaN,NaN,63.29368135260239,NaN,NaN,NaN,1.7768765581405443,1.76736827937046,NaN,NaN,NaN,NaN,NaN,NaN,NaN,NaN,NaN,NaN,1,0,0,0,0,NaN,NaN,63.29368135260239,NaN,NaN,NaN,1.7768765581405443,1.76736827937046,NaN,NaN,NaN,NaN,NaN,NaN,NaN,NaN,NaN,NaN,1
2024-08-09T14:35:00-04:00,1.7539489218714237,1.77,1.7539489218714237,1.76375,1.7576129507141618,1.7772019889804527,1.8069136313315732,0,0,20777,21022,0,0,0,0,NaN,NaN,62.333137608012656,NaN,NaN,NaN,1.7768765581405443,1.76736827937046,NaN,NaN,NaN,NaN,NaN,NaN,NaN,NaN,NaN,NaN,1,0,0,0,0,NaN,NaN,62.333137608012656,NaN,NaN,NaN,1.7768765581405443,1.76736827937046,NaN,NaN,NaN,NaN,NaN,NaN,NaN,NaN,NaN,NaN,1
2024-08-09T14:38:00-04:00,1.758849460935712,1.76,1.758849460935712,1.76,1.7580469596752233,1.7769393631944916,1.8068613891831287,0,0,20777,21023,0,0,0,0,NaN,NaN,61.88981773156843,NaN,NaN,NaN,1.7768765581405443,1.76736827937046,NaN,NaN,NaN,NaN,NaN,NaN,NaN,NaN,NaN,NaN,1,0,0,0,0,NaN,NaN,61.88981773156843,NaN,NaN,NaN,1.7768765581405443,1.76736827937046,NaN,NaN,NaN,NaN,NaN,NaN,NaN,NaN,NaN,NaN,1
2024-08-09T14:40:00-04:00,1.759424730467856,1.765,1.759424730467856,1.765,1.7593111488251827,1.7767570828403774,1.8068347683711343,0,0,20777,21024,0,0,0,0,NaN,NaN,61.90355592751644,NaN,NaN,NaN,1.7768765581405443,1.76736827937046,NaN,NaN,NaN,NaN,NaN,NaN,NaN,NaN,NaN,NaN,1,0,0,0,0,NaN,NaN,61.90355592751644,NaN,NaN,NaN,1.7768765581405443,1.76736827937046,NaN,NaN,NaN,NaN,NaN,NaN,NaN,NaN,NaN,NaN,1
2024-08-09T14:42:00-04:00,1.7622123652339279,1.7699,1.7622123652339279,1.7699,1.7612363944933314,1.776652394552738,1.8068204520700342,0,0,20777,21025,0,0,0,0,NaN,NaN,58.797191829680564,NaN,NaN,NaN,1.7768765581405443,1.76736827937046,NaN,NaN,NaN,NaN,NaN,NaN,NaN,NaN,NaN,NaN,1,0,0,0,0,NaN,NaN,58.797191829680564,NaN,NaN,NaN,1.7768765581405443,1.76736827937046,NaN,NaN,NaN,NaN,NaN,NaN,NaN,NaN,NaN,NaN,1
2024-08-09T14:43:00-04:00,1.766056182616964,1.77,1.76,1.7650000000000001,1.7619206864036348,1.776474495399261,1.8067557122732611,0,0,20777,21026,0,0,0,0,NaN,NaN,56.440988226843395,NaN,NaN,NaN,1.7768765581405443,1.76736827937046,NaN,NaN,NaN,NaN,NaN,NaN,NaN,NaN,NaN,NaN,1,0,0,0,0,NaN,NaN,56.440988226843395,NaN,NaN,NaN,1.7768765581405443,1.76736827937046,NaN,NaN,NaN,NaN,NaN,NaN,NaN,NaN,NaN,NaN,1
2024-08-09T14:45:00-04:00,1.765528091308482,1.765528091308482,1.76,1.76,1.761571470693883,1.776222976385532,1.8067376243273467,0,0,20777,21027,0,0,0,0,NaN,NaN,54.91228085416895,NaN,NaN,NaN,1.7768765581405443,1.76736827937046,NaN,NaN,NaN,NaN,NaN,NaN,NaN,NaN,NaN,NaN,1,0,0,0,0,NaN,NaN,54.91228085416895,NaN,NaN,NaN,1.7768765581405443,1.76736827937046,NaN,NaN,NaN,NaN,NaN,NaN,NaN,NaN,NaN,NaN,1
2024-08-09T14:46:00-04:00,1.762764045654241,1.77,1.76,1.7625,1.761740294204086,1.7760134652956765,1.806669274907201,0,0,20777,21028,0,0,0,0,NaN,NaN,52.85773480407453,NaN,NaN,NaN,1.7768765581405443,1.76736827937046,NaN,NaN,NaN,NaN,NaN,NaN,NaN,NaN,NaN,NaN,1,0,0,0,0,NaN,NaN,52.85773480407453,NaN,NaN,NaN,1.7768765581405443,1.76736827937046,NaN,NaN,NaN,NaN,NaN,NaN,NaN,NaN,NaN,NaN,1
2024-08-09T14:48:00-04:00,1.7626320228271206,1.7626320228271206,1.76,1.76,1.7614238770760704,1.7757689849094829,1.80663324951465,0,0,20777,21029,0,0,0,0,NaN,NaN,51.36241610944592,NaN,NaN,NaN,1.7768765581405443,1.76736827937046,NaN,NaN,NaN,NaN,NaN,NaN,NaN,NaN,NaN,NaN,1,0,0,0,0,NaN,NaN,51.36241610944592,NaN,NaN,NaN,1.7768765581405443,1.76736827937046,NaN,NaN,NaN,NaN,NaN,NaN,NaN,NaN,NaN,NaN,1
2024-08-09T14:49:00-04:00,1.7613160114135602,1.77,1.76,1.765,1.7620740812440576,1.775604572926132,1.8065850983650174,0,0,20777,21030,0,0,0,0,NaN,NaN,49.10036298901014,NaN,NaN,NaN,1.7768765581405443,1.76736827937046,NaN,NaN,NaN,NaN,NaN,NaN,NaN,NaN,NaN,NaN,1,0,0,0,0,NaN,NaN,49.10036298901014,NaN,NaN,NaN,1.7768765581405443,1.76736827937046,NaN,NaN,NaN,NaN,NaN,NaN,NaN,NaN,NaN,NaN,1
2024-08-09T14:51:00-04:00,1.7631580057067802,1.7699,1.76,1.762475,1.76214697556332,1.7754041214310765,1.8064346069025938,0,0,20777,21031,0,0,0,0,NaN,NaN,47.4162754450132,NaN,NaN,NaN,1.7768765581405443,1.76736827937046,NaN,NaN,NaN,NaN,NaN,NaN,NaN,NaN,NaN,NaN,1,0,0,0,0,NaN,NaN,47.4162754450132,NaN,NaN,NaN,1.7768765581405443,1.76736827937046,NaN,NaN,NaN,NaN,NaN,NaN,NaN,NaN,NaN,NaN,1
2024-08-09T14:52:00-04:00,1.76281650285339,1.765,1.76281650285339,1.765,1.76266570727908,1.7752452798825105,1.8064027927395307,0,0,20777,21032,0,0,0,0,NaN,NaN,44.73663060564,NaN,NaN,NaN,1.7768765581405443,1.76736827937046,NaN,NaN,NaN,NaN,NaN,NaN,NaN,NaN,NaN,NaN,1,0,0,0,0,NaN,NaN,44.73663060564,NaN,NaN,NaN,1.7768765581405443,1.76736827937046,NaN,NaN,NaN,NaN,NaN,NaN,NaN,NaN,NaN,NaN,1
2024-08-09T14:53:00-04:00,1.7639082514266948,1.765,1.7639082514266948,1.765,1.763090124137429,1.7750888633957547,1.806339310753262,0,0,20777,21033,0,0,0,0,NaN,NaN,41.70185731409175,NaN,NaN,NaN,1.7768765581405443,1.76736827937046,NaN,NaN,NaN,NaN,NaN,NaN,NaN,NaN,NaN,NaN,1,0,0,0,0,NaN,NaN,41.70185731409175,NaN,NaN,NaN,1.7768765581405443,1.76736827937046,NaN,NaN,NaN,NaN,NaN,NaN,NaN,NaN,NaN,NaN,1
2024-08-09T14:54:00-04:00,1.7644541257133475,1.7644541257133475,1.76,1.76,1.7625282833851692,1.7748584990691019,1.8063215547994291,0,0,20777,21034,0,0,0,0,NaN,NaN,40.192241115260025,NaN,NaN,NaN,1.7768765581405443,1.76736827937046,NaN,NaN,NaN,NaN,NaN,NaN,NaN,NaN,NaN,NaN,1,0,0,0,0,NaN,NaN,40.192241115260025,NaN,NaN,NaN,1.7768765581405443,1.76736827937046,NaN,NaN,NaN,NaN,NaN,NaN,NaN,NaN,NaN,NaN,1
2024-08-09T14:55:00-04:00,1.7622270628566739,1.7622270628566739,1.76,1.76,1.7620685954969566,1.7746316517550698,1.806303812447574,0,0,20777,21035,0,0,0,0,NaN,NaN,38.627759270238585,NaN,NaN,NaN,1.7768765581405443,1.76736827937046,NaN,NaN,NaN,NaN,NaN,NaN,NaN,NaN,NaN,NaN,1,0,0,0,0,NaN,NaN,38.627759270238585,NaN,NaN,NaN,1.7768765581405443,1.76736827937046,NaN,NaN,NaN,NaN,NaN,NaN,NaN,NaN,NaN,NaN,1
2024-08-09T14:57:00-04:00,1.7611135314283368,1.7611135314283368,1.76,1.76,1.7616924872247828,1.774408267758809,1.8062091212626243,0,0,20777,21036,0,0,0,0,NaN,NaN,39.988111830604154,NaN,NaN,NaN,1.7768765581405443,1.76736827937046,NaN,NaN,NaN,NaN,NaN,NaN,NaN,NaN,NaN,NaN,1,0,0,0,0,NaN,NaN,39.988111830604154,NaN,NaN,NaN,1.7768765581405443,1.76736827937046,NaN,NaN,NaN,NaN,NaN,NaN,NaN,NaN,NaN,NaN,1
2024-08-09T14:58:00-04:00,1.7605567657141683,1.7605567657141683,1.76,1.76,1.7613847622748222,1.7741882942052396,1.8061738220645198,0,0,20777,21037,0,0,0,0,NaN,NaN,41.275755398552924,NaN,NaN,NaN,1.7768765581405443,1.76736827937046,NaN,NaN,NaN,NaN,NaN,NaN,NaN,NaN,NaN,NaN,1,0,0,0,0,NaN,NaN,41.275755398552924,NaN,NaN,NaN,1.7768765581405443,1.76736827937046,NaN,NaN,NaN,NaN,NaN,NaN,NaN,NaN,NaN,NaN,1
2024-08-09T14:59:00-04:00,1.7602783828570843,1.7602783828570843,1.755,1.7575,1.7606784418612182,1.7739335110876024,1.8060464362040534,0,1,20777,21038,0,0,0,0,NaN,NaN,43.08308774808059,NaN,NaN,NaN,1.7768765581405443,1.76736827937046,NaN,NaN,NaN,NaN,NaN,NaN,NaN,NaN,NaN,NaN,1,0,0,0,0,NaN,NaN,43.08308774808059,NaN,NaN,NaN,1.7768765581405443,1.76736827937046,NaN,NaN,NaN,NaN,NaN,NaN,NaN,NaN,NaN,NaN,1
2024-08-09T15:00:00-04:00,1.7588891914285423,1.77,1.7588891914285423,1.7650000000000001,1.761464179704633,1.773797121605349,1.8055366797465793,0,0,20777,21039,0,0,0,0,NaN,NaN,42.633919113147556,NaN,NaN,NaN,1.7768765581405443,1.76736827937046,NaN,NaN,NaN,NaN,NaN,NaN,NaN,NaN,NaN,NaN,1,0,0,0,0,NaN,NaN,42.633919113147556,NaN,NaN,NaN,1.7768765581405443,1.76736827937046,NaN,NaN,NaN,NaN,NaN,NaN,NaN,NaN,NaN,NaN,1
2024-08-09T15:03:00-04:00,1.7619445957142712,1.78,1.7619445957142712,1.78,1.7648343288492452,1.773891822038855,1.8055270759527955,0,0,20777,21040,0,0,0,0,NaN,NaN,34.39642480436475,NaN,NaN,NaN,1.7768765581405443,1.76736827937046,NaN,NaN,NaN,NaN,NaN,NaN,NaN,NaN,NaN,NaN,1,0,0,0,0,NaN,NaN,34.39642480436475,NaN,NaN,NaN,1.7768765581405443,1.76736827937046,NaN,NaN,NaN,NaN,NaN,NaN,NaN,NaN,NaN,NaN,1
2024-08-09T15:06:00-04:00,1.7709722978571356,1.7739,1.7709722978571356,1.7739,1.766482632694837,1.7738919468932237,1.8054677162708999,0,0,20777,21041,0,0,0,0,NaN,NaN,30.70243925609321,NaN,NaN,NaN,1.7768765581405443,1.76736827937046,NaN,NaN,NaN,NaN,NaN,NaN,NaN,NaN,NaN,NaN,1,0,0,0,0,NaN,NaN,30.70243925609321,NaN,NaN,NaN,1.7768765581405443,1.76736827937046,NaN,NaN,NaN,NaN,NaN,NaN,NaN,NaN,NaN,NaN,1
2024-08-09T15:07:00-04:00,1.7724361489285678,1.7724361489285678,1.76,1.765,1.7662130631139576,1.7737561919788234,1.8053919062052748,0,0,20777,21042,0,0,0,0,NaN,NaN,29.074622496201158,NaN,NaN,NaN,1.7768765581405443,1.76736827937046,NaN,NaN,NaN,NaN,NaN,NaN,NaN,NaN,NaN,NaN,1,0,0,0,0,NaN,NaN,29.074622496201158,NaN,NaN,NaN,1.7768765581405443,1.76736827937046,NaN,NaN,NaN,NaN,NaN,NaN,NaN,NaN,NaN,NaN,1
2024-08-09T15:08:00-04:00,1.7687180744642839,1.77,1.7687180744642839,1.77,1.766901597093238,1.7736988455363987,1.8053654055379602,0,0,20777,21043,0,0,0,0,NaN,NaN,27.058771478460976,NaN,NaN,NaN,1.7768765581405443,1.76736827937046,NaN,NaN,NaN,NaN,NaN,NaN,NaN,NaN,NaN,NaN,1,0,0,0,0,NaN,NaN,27.058771478460976,NaN,NaN,NaN,1.7768765581405443,1.76736827937046,NaN,NaN,NaN,NaN,NaN,NaN,NaN,NaN,NaN,NaN,1
2024-08-09T15:11:00-04:00,1.769359037232142,1.77,1.765,1.7675,1.7670103976217402,1.7736042066732476,1.8053229240992972,0,0,20777,21044,0,0,0,0,NaN,NaN,22.94654892774691,NaN,NaN,NaN,1.7768765581405443,1.76736827937046,NaN,NaN,NaN,NaN,NaN,NaN,NaN,NaN,NaN,NaN,1,0,0,0,0,NaN,NaN,22.94654892774691,NaN,NaN,NaN,1.7768765581405443,1.76736827937046,NaN,NaN,NaN,NaN,NaN,NaN,NaN,NaN,NaN,NaN,1
2024-08-09T15:13:00-04:00,1.768429518616071,1.768429518616071,1.76,1.7625,1.7661903253268783,1.7734346768003735,1.8052765325448659,0,0,20777,21045,0,0,0,0,NaN,NaN,23.000108345549204,NaN,NaN,NaN,1.7768765581405443,1.76736827937046,NaN,NaN,NaN,NaN,NaN,NaN,NaN,NaN,NaN,NaN,1,0,0,0,0,NaN,NaN,23.000108345549204,NaN,NaN,NaN,1.7768765581405443,1.76736827937046,NaN,NaN,NaN,NaN,NaN,NaN,NaN,NaN,NaN,NaN,1
2024-08-09T15:14:00-04:00,1.7654647593080355,1.77,1.7654647593080355,1.77,1.766882993449264,1.7733822389866274,1.8052633594356824,0,0,20777,21046,0,0,0,0,NaN,NaN,19.387201715515545,NaN,NaN,NaN,1.7768765581405443,1.76736827937046,NaN,NaN,NaN,NaN,NaN,NaN,NaN,NaN,NaN,NaN,1,0,0,0,0,NaN,NaN,19.387201715515545,NaN,NaN,NaN,1.7768765581405443,1.76736827937046,NaN,NaN,NaN,NaN,NaN,NaN,NaN,NaN,NaN,NaN,1
2024-08-09T15:15:00-04:00,1.7677323796540176,1.7677323796540176,1.765,1.765,1.7665406310039433,1.7732542658723278,1.8052483297373578,0,0,20777,21047,0,0,0,0,NaN,NaN,18.633466343761963,NaN,NaN,NaN,1.7768765581405443,1.76736827937046,NaN,NaN,NaN,NaN,NaN,NaN,NaN,NaN,NaN,NaN,1,0,0,0,0,NaN,NaN,18.633466343761963,NaN,NaN,NaN,1.7768765581405443,1.76736827937046,NaN,NaN,NaN,NaN,NaN,NaN,NaN,NaN,NaN,NaN,1
2024-08-09T15:16:00-04:00,1.7663661898270089,1.77,1.7663661898270089,1.77,1.7671696071850445,1.7732045824238953,1.8052089008993566,0,0,20777,21048,0,0,0,0,NaN,NaN,16.378786837070106,NaN,NaN,NaN,1.7768765581405443,1.76736827937046,NaN,NaN,NaN,NaN,NaN,NaN,NaN,NaN,NaN,NaN,1,0,0,0,0,NaN,NaN,16.378786837070106,NaN,NaN,NaN,1.7768765581405443,1.76736827937046,NaN,NaN,NaN,NaN,NaN,NaN,NaN,NaN,NaN,NaN,1
2024-08-09T15:18:00-04:00,1.7681830949135044,1.7681830949135044,1.76,1.76,1.7658660422423091,1.773002985745668,1.8051415736507426,0,1,20777,21049,0,0,0,0,NaN,NaN,16.89098107573141,NaN,NaN,NaN,1.7768765581405443,1.76736827937046,NaN,NaN,NaN,NaN,NaN,NaN,NaN,NaN,NaN,NaN,1,0,0,0,0,NaN,NaN,16.89098107573141,NaN,NaN,NaN,1.7768765581405443,1.76736827937046,NaN,NaN,NaN,NaN,NaN,NaN,NaN,NaN,NaN,NaN,1
2024-08-09T15:19:00-04:00,1.7640915474567522,1.77,1.76,1.7650000000000001,1.7657085800164347,1.7728808027571845,1.8050967881156756,0,0,20777,21050,0,0,0,0,NaN,NaN,16.10065135917068,NaN,NaN,NaN,1.7768765581405443,1.76736827937046,NaN,NaN,NaN,NaN,NaN,NaN,NaN,NaN,NaN,NaN,1,0,0,0,0,NaN,NaN,16.10065135917068,NaN,NaN,NaN,1.7768765581405443,1.76736827937046,NaN,NaN,NaN,NaN,NaN,NaN,NaN,NaN,NaN,NaN,1
2024-08-09T15:20:00-04:00,1.764545773728376,1.764545773728376,1.76,1.76,1.7646706563770829,1.7726841492799756,1.8050800230118378,0,0,20777,21051,0,0,0,0,NaN,NaN,15.416939538088902,NaN,NaN,NaN,1.7768765581405443,1.76736827937046,NaN,NaN,NaN,NaN,NaN,NaN,NaN,NaN,NaN,NaN,1,0,0,0,0,NaN,NaN,15.416939538088902,NaN,NaN,NaN,1.7768765581405443,1.76736827937046,NaN,NaN,NaN,NaN,NaN,NaN,NaN,NaN,NaN,NaN,1
2024-08-09T15:21:00-04:00,1.7622728868641881,1.77,1.76,1.7650000000000001,1.764730537035795,1.7725668340237928,1.8049785132103466,0,0,20777,21052,0,0,0,0,NaN,NaN,14.491707140511059,NaN,NaN,NaN,1.7768765581405443,1.76736827937046,NaN,NaN,NaN,NaN,NaN,NaN,NaN,NaN,NaN,NaN,1,0,0,0,0,NaN,NaN,14.491707140511059,NaN,NaN,NaN,1.7768765581405443,1.76736827937046,NaN,NaN,NaN,NaN,NaN,NaN,NaN,NaN,NaN,NaN,1
2024-08-09T15:22:00-04:00,1.7636364434320941,1.7636364434320941,1.76,1.76,1.7638704393929232,1.7723749739623609,1.8048574185567479,0,1,20777,21053,0,0,0,0,NaN,NaN,14.20412416120386,NaN,NaN,NaN,1.7768765581405443,1.76736827937046,NaN,NaN,NaN,NaN,NaN,NaN,NaN,NaN,NaN,NaN,1,0,0,0,0,NaN,NaN,14.20412416120386,NaN,NaN,NaN,1.7768765581405443,1.76736827937046,NaN,NaN,NaN,NaN,NaN,NaN,NaN,NaN,NaN,NaN,1
2024-08-09T15:23:00-04:00,1.7618182217160472,1.7618182217160472,1.76,1.76,1.7631667231396644,1.772186043062172,1.8048242648825041,0,0,20777,21054,0,0,0,0,NaN,NaN,14.111755224179815,NaN,NaN,NaN,1.7768765581405443,1.76736827937046,NaN,NaN,NaN,NaN,NaN,NaN,NaN,NaN,NaN,NaN,1,0,0,0,0,NaN,NaN,14.111755224179815,NaN,NaN,NaN,1.7768765581405443,1.76736827937046,NaN,NaN,NaN,NaN,NaN,NaN,NaN,NaN,NaN,NaN,1
2024-08-09T15:24:00-04:00,1.7609091108580235,1.77,1.76,1.765,1.76350004620518,1.7720763324810702,1.8047654843304328,0,0,20777,21055,0,0,0,0,NaN,NaN,13.050790674248777,NaN,NaN,NaN,1.7768765581405443,1.76736827937046,NaN,NaN,NaN,NaN,NaN,NaN,NaN,NaN,NaN,NaN,1,0,0,0,0,NaN,NaN,13.050790674248777,NaN,NaN,NaN,1.7768765581405443,1.76736827937046,NaN,NaN,NaN,NaN,NaN,NaN,NaN,NaN,NaN,NaN,1
2024-08-09T15:25:00-04:00,1.7629545554290118,1.769,1.76,1.7622499999999999,1.7632727650769655,1.7719263121378477,1.8046912521134397,0,0,20777,21056,0,0,0,0,NaN,NaN,11.658386637222794,NaN,NaN,NaN,1.7768765581405443,1.76736827937046,NaN,NaN,NaN,NaN,NaN,NaN,NaN,NaN,NaN,NaN,1,0,0,0,0,NaN,NaN,11.658386637222794,NaN,NaN,NaN,1.7768765581405443,1.76736827937046,NaN,NaN,NaN,NaN,NaN,NaN,NaN,NaN,NaN,NaN,1
2024-08-09T15:26:00-04:00,1.7626022777145058,1.7626022777145058,1.76,1.76,1.7626777168811536,1.7717442310365066,1.8046747959142353,0,1,20777,21057,0,0,0,0,NaN,NaN,11.666987725895128,NaN,NaN,NaN,1.7768765581405443,1.76736827937046,NaN,NaN,NaN,NaN,NaN,NaN,NaN,NaN,NaN,NaN,1,0,0,0,0,NaN,NaN,11.666987725895128,NaN,NaN,NaN,1.7768765581405443,1.76736827937046,NaN,NaN,NaN,NaN,NaN,NaN,NaN,NaN,NaN,NaN,1
2024-08-09T15:27:00-04:00,1.7613011388572528,1.7675,1.76,1.76375,1.7628726774482166,1.771622181707705,1.804622121194292,0,0,20777,21058,0,0,0,0,NaN,NaN,10.80065259723273,NaN,NaN,NaN,1.7768765581405443,1.76736827937046,NaN,NaN,NaN,NaN,NaN,NaN,NaN,NaN,NaN,NaN,1,0,0,0,0,NaN,NaN,10.80065259723273,NaN,NaN,NaN,1.7768765581405443,1.76736827937046,NaN,NaN,NaN,NaN,NaN,NaN,NaN,NaN,NaN,NaN,1
2024-08-09T15:28:00-04:00,1.7625255694286264,1.7625255694286264,1.75,1.7574999999999998,1.7618958270030862,1.7714065758801063,1.8042681699728098,0,1,20777,21059,0,0,0,0,NaN,NaN,9.86865336548787,NaN,NaN,NaN,1.7768765581405443,1.76736827937046,NaN,NaN,NaN,NaN,NaN,NaN,NaN,NaN,NaN,NaN,1,0,0,0,0,NaN,NaN,9.86865336548787,NaN,NaN,NaN,1.7768765581405443,1.76736827937046,NaN,NaN,NaN,NaN,NaN,NaN,NaN,NaN,NaN,NaN,1
2024-08-09T15:29:00-04:00,1.7600127847143132,1.77,1.7600127847143132,1.7675,1.7629147675479797,1.7713469335002574,1.8034040664126691,0,0,20777,21060,0,0,0,0,NaN,NaN,8.082966996673344,NaN,NaN,NaN,1.7768765581405443,1.76736827937046,NaN,NaN,NaN,NaN,NaN,NaN,NaN,NaN,NaN,NaN,1,0,0,0,0,NaN,NaN,8.082966996673344,NaN,NaN,NaN,1.7768765581405443,1.76736827937046,NaN,NaN,NaN,NaN,NaN,NaN,NaN,NaN,NaN,NaN,1
2024-08-09T15:30:00-04:00,1.7637563923571566,1.77,1.7637563923571566,1.77,1.7642029916301651,1.7713263696300245,1.8033921652492715,0,0,20777,21061,0,0,0,0,NaN,NaN,5.954588663032155,NaN,NaN,NaN,1.7768765581405443,1.76736827937046,NaN,NaN,NaN,NaN,NaN,NaN,NaN,NaN,NaN,NaN,1,0,0,0,0,NaN,NaN,5.954588663032155,NaN,NaN,NaN,1.7768765581405443,1.76736827937046,NaN,NaN,NaN,NaN,NaN,NaN,NaN,NaN,NaN,NaN,1
2024-08-09T15:31:00-04:00,1.7668781961785784,1.77,1.765,1.7675,1.7648024476974078,1.7712679517730776,1.803251162406934,0,0,20777,21062,0,0,0,0,NaN,NaN,4.562044813887337,NaN,NaN,NaN,1.7768765581405443,1.76736827937046,NaN,NaN,NaN,NaN,NaN,NaN,NaN,NaN,NaN,NaN,1,0,0,0,0,NaN,NaN,4.562044813887337,NaN,NaN,NaN,1.7768765581405443,1.76736827937046,NaN,NaN,NaN,NaN,NaN,NaN,NaN,NaN,NaN,NaN,1
2024-08-09T15:32:00-04:00,1.7671890980892893,1.77,1.765,1.7675,1.7652929117524245,1.7712104257918093,1.8032004849638192,0,0,20777,21063,0,0,0,0,NaN,NaN,3.337759021206514,NaN,NaN,NaN,1.7768765581405443,1.76736827937046,NaN,NaN,NaN,NaN,NaN,NaN,NaN,NaN,NaN,NaN,1,0,0,0,0,NaN,NaN,3.337759021206514,NaN,NaN,NaN,1.7768765581405443,1.76736827937046,NaN,NaN,NaN,NaN,NaN,NaN,NaN,NaN,NaN,NaN,1
2024-08-09T15:34:00-04:00,1.7673445490446447,1.78,1.7673445490446447,1.7750000000000001,1.7670578368883474,1.7712682818865908,1.8031805119588091,0,0,20777,21064,0,0,0,0,NaN,NaN,1.479825732961863,NaN,NaN,NaN,1.7768765581405443,1.76736827937046,NaN,NaN,NaN,NaN,NaN,NaN,NaN,NaN,NaN,NaN,1,0,0,0,0,NaN,NaN,1.479825732961863,NaN,NaN,NaN,1.7768765581405443,1.76736827937046,NaN,NaN,NaN,NaN,NaN,NaN,NaN,NaN,NaN,NaN,1
2024-08-09T15:35:00-04:00,1.7711722745223224,1.7711722745223224,1.77,1.77,1.7675927756359207,1.7712489188043528,1.8031570284798266,0,0,20777,21065,0,0,0,0,NaN,NaN,0.6659908346363586,NaN,NaN,NaN,1.7768765581405443,1.76736827937046,NaN,NaN,NaN,NaN,NaN,NaN,NaN,NaN,NaN,NaN,1,0,0,0,0,NaN,NaN,0.6659908346363586,NaN,NaN,NaN,1.7768765581405443,1.76736827937046,NaN,NaN,NaN,NaN,NaN,NaN,NaN,NaN,NaN,NaN,1
2024-08-09T15:36:00-04:00,1.7705861372611613,1.78,1.7705861372611613,1.78,1.769848634611208,1.771382523097416,1.803019199691852,0,0,20777,21066,0,0,0,0,NaN,NaN,0.0026628420390975203,NaN,NaN,NaN,1.7768765581405443,1.76736827937046,NaN,NaN,NaN,NaN,NaN,NaN,NaN,NaN,NaN,NaN,1,0,0,0,0,NaN,NaN,0.0026628420390975203,NaN,NaN,NaN,1.7768765581405443,1.76736827937046,NaN,NaN,NaN,NaN,NaN,NaN,NaN,NaN,NaN,NaN,1
2024-08-09T15:37:00-04:00,1.7752930686305808,1.78,1.775,1.7774999999999999,1.7712397919546246,1.7714759196913485,1.8029833427591886,0,0,20777,21067,0,0,0,0,NaN,NaN,0.3334438820279554,NaN,NaN,NaN,1.7768765581405443,1.76736827937046,NaN,NaN,NaN,NaN,NaN,NaN,NaN,NaN,NaN,NaN,1,0,0,0,0,NaN,NaN,0.3334438820279554,NaN,NaN,NaN,1.7768765581405443,1.76736827937046,NaN,NaN,NaN,NaN,NaN,NaN,NaN,NaN,NaN,NaN,1
2024-08-09T15:38:00-04:00,1.7763965343152903,1.78,1.7763965343152903,1.78,1.7728325570537837,1.771606058322015,1.8029752721418097,0,0,20777,21068,0,0,0,0,NaN,NaN,1.556997287554431,NaN,NaN,NaN,1.7768765581405443,1.76736827937046,NaN,NaN,NaN,NaN,NaN,NaN,NaN,NaN,NaN,NaN,1,0,0,0,0,NaN,NaN,1.556997287554431,NaN,NaN,NaN,1.7768765581405443,1.76736827937046,NaN,NaN,NaN,NaN,NaN,NaN,NaN,NaN,NaN,NaN,1
2024-08-09T15:39:00-04:00,1.778198267157645,1.78,1.775,1.7774999999999999,1.773681183044005,1.771696042164427,1.8029420376994574,0,0,20777,21069,0,0,0,0,NaN,NaN,3.2729073910099897,NaN,NaN,NaN,1.7768765581405443,1.76736827937046,NaN,NaN,NaN,NaN,NaN,NaN,NaN,NaN,NaN,NaN,1,0,0,0,0,NaN,NaN,3.2729073910099897,NaN,NaN,NaN,1.7768765581405443,1.76736827937046,NaN,NaN,NaN,NaN,NaN,NaN,NaN,NaN,NaN,NaN,1
2024-08-09T15:40:00-04:00,1.7778491335788225,1.78,1.775,1.7774999999999999,1.7743755133996404,1.771784652207718,1.8029152988264154,0,0,20777,21070,0,0,0,0,NaN,NaN,5.500704208110855,NaN,NaN,NaN,1.7768765581405443,1.76736827937046,NaN,NaN,NaN,NaN,NaN,NaN,NaN,NaN,NaN,NaN,1,0,0,0,0,NaN,NaN,5.500704208110855,NaN,NaN,NaN,1.7768765581405443,1.76736827937046,NaN,NaN,NaN,NaN,NaN,NaN,NaN,NaN,NaN,NaN,1
2024-08-09T15:41:00-04:00,1.7776745667894112,1.78,1.775,1.7775,1.7749436018724332,1.7718719094259208,1.8028886160979887,0,0,20777,21071,0,0,0,0,NaN,NaN,8.17094118909732,NaN,NaN,NaN,1.7768765581405443,1.76736827937046,NaN,NaN,NaN,NaN,NaN,NaN,NaN,NaN,NaN,NaN,1,0,0,0,0,NaN,NaN,8.17094118909732,NaN,NaN,NaN,1.7768765581405443,1.76736827937046,NaN,NaN,NaN,NaN,NaN,NaN,NaN,NaN,NaN,NaN,1
2024-08-09T15:42:00-04:00,1.7775872833947055,1.7775872833947055,1.77,1.7725,1.7744993106229,1.7718814985949907,1.802837443227872,0,0,20777,21072,0,0,0,0,NaN,NaN,10.445184298295612,NaN,NaN,NaN,1.7768765581405443,1.76736827937046,NaN,NaN,NaN,NaN,NaN,NaN,NaN,NaN,NaN,NaN,1,0,0,0,0,NaN,NaN,10.445184298295612,NaN,NaN,NaN,1.7768765581405443,1.76736827937046,NaN,NaN,NaN,NaN,NaN,NaN,NaN,NaN,NaN,NaN,1
2024-08-09T15:43:00-04:00,1.7750436416973527,1.78,1.775,1.7775,1.7750448905096454,1.7719672772423953,1.8026529037706542,0,0,20777,21073,0,0,0,0,NaN,NaN,14.499825222247756,NaN,NaN,NaN,1.7768765581405443,1.76736827937046,NaN,NaN,NaN,NaN,NaN,NaN,NaN,NaN,NaN,NaN,1,0,0,0,0,NaN,NaN,14.499825222247756,NaN,NaN,NaN,1.7768765581405443,1.76736827937046,NaN,NaN,NaN,NaN,NaN,NaN,NaN,NaN,NaN,NaN,1
2024-08-09T15:44:00-04:00,1.7762718208486765,1.78,1.77,1.7750000000000001,1.775036728598801,1.7720135783531985,1.8025478076024775,0,0,20777,21074,0,0,0,0,NaN,NaN,19.53264131467668,NaN,NaN,NaN,1.7768765581405443,1.76736827937046,NaN,NaN,NaN,NaN,NaN,NaN,NaN,NaN,NaN,NaN,1,0,0,0,0,NaN,NaN,19.53264131467668,NaN,NaN,NaN,1.7768765581405443,1.76736827937046,NaN,NaN,NaN,NaN,NaN,NaN,NaN,NaN,NaN,NaN,1
2024-08-09T15:45:00-04:00,1.7756359104243384,1.78,1.77,1.7775,1.7754845961262917,1.7720973405157452,1.8023503319827796,0,0,20777,21075,0,0,0,0,NaN,NaN,28.244375904422153,NaN,NaN,NaN,1.7768765581405443,1.76736827937046,NaN,NaN,NaN,NaN,NaN,NaN,NaN,NaN,NaN,NaN,1,0,0,0,0,NaN,NaN,28.244375904422153,NaN,NaN,NaN,1.7768765581405443,1.76736827937046,NaN,NaN,NaN,NaN,NaN,NaN,NaN,NaN,NaN,NaN,1
2024-08-09T15:46:00-04:00,1.7765679552121694,1.78,1.775,1.7775,1.7758510331942388,1.7721798238666497,1.80224853225322,0,0,20777,21076,0,0,0,0,NaN,NaN,38.761757126858754,NaN,NaN,NaN,1.7768765581405443,1.76736827937046,NaN,NaN,NaN,NaN,NaN,NaN,NaN,NaN,NaN,NaN,1,0,0,0,0,NaN,NaN,38.761757126858754,NaN,NaN,NaN,1.7768765581405443,1.76736827937046,NaN,NaN,NaN,NaN,NaN,NaN,NaN,NaN,NaN,NaN,1
2024-08-09T15:47:00-04:00,1.7770339776060848,1.78,1.7770339776060848,1.78,1.7766053907952863,1.7722992158686857,1.8022181932076973,0,0,20777,21077,0,0,0,0,NaN,NaN,44.7411181542836,NaN,NaN,NaN,1.7768765581405443,1.76736827937046,NaN,NaN,NaN,NaN,NaN,NaN,NaN,NaN,NaN,NaN,1,0,0,0,0,NaN,NaN,44.7411181542836,NaN,NaN,NaN,1.7768765581405443,1.76736827937046,NaN,NaN,NaN,NaN,NaN,NaN,NaN,NaN,NaN,NaN,1
2024-08-09T15:48:00-04:00,1.7785169888030423,1.78,1.77,1.775,1.7763135015597797,1.7723404492142019,1.8021533950386361,0,0,20777,21078,0,0,0,0,NaN,NaN,50.03353003345145,NaN,NaN,NaN,1.7768765581405443,1.76736827937046,NaN,NaN,NaN,NaN,NaN,NaN,NaN,NaN,NaN,NaN,1,0,0,0,0,NaN,NaN,50.03353003345145,NaN,NaN,NaN,1.7768765581405443,1.76736827937046,NaN,NaN,NaN,NaN,NaN,NaN,NaN,NaN,NaN,NaN,1
2024-08-09T15:49:00-04:00,1.7767584944015211,1.78,1.775,1.7774999999999999,1.7765292285489107,1.772419220981924,1.802078163949657,0,0,20777,21079,0,0,0,0,NaN,NaN,53.39934837357916,NaN,NaN,NaN,1.7768765581405443,1.76736827937046,NaN,NaN,NaN,NaN,NaN,NaN,NaN,NaN,NaN,NaN,1,0,0,0,0,NaN,NaN,53.39934837357916,NaN,NaN,NaN,1.7768765581405443,1.76736827937046,NaN,NaN,NaN,NaN,NaN,NaN,NaN,NaN,NaN,NaN,1
2024-08-09T15:50:00-04:00,1.7771292472007605,1.78,1.775,1.7774999999999999,1.7767057324491087,1.7724967901272382,1.801987911417849,0,0,20777,21080,0,0,0,0,NaN,NaN,56.599345938987014,NaN,NaN,NaN,1.7768765581405443,1.76736827937046,NaN,NaN,NaN,NaN,NaN,NaN,NaN,NaN,NaN,NaN,1,0,0,0,0,NaN,NaN,56.599345938987014,NaN,NaN,NaN,1.7768765581405443,1.76736827937046,NaN,NaN,NaN,NaN,NaN,NaN,NaN,NaN,NaN,NaN,1
2024-08-09T15:51:00-04:00,1.7773146236003803,1.8,1.775,1.78875,1.7788955992765434,1.7727449307359826,1.8018029332409555,0,0,20777,21081,0,0,0,0,NaN,NaN,58.586595305012914,NaN,NaN,NaN,1.7768765581405443,1.7728625,NaN,NaN,NaN,NaN,NaN,NaN,NaN,NaN,NaN,NaN,1,0,0,0,0,NaN,NaN,58.586595305012914,NaN,NaN,NaN,1.7768765581405443,1.7728625,NaN,NaN,NaN,NaN,NaN,NaN,NaN,NaN,NaN,NaN,1
2024-08-09T15:52:00-04:00,1.78303231180019,1.8,1.78303231180019,1.8,1.7827327630444445,1.7731610386636776,1.801799337131916,0,0,20777,21082,0,0,0,0,NaN,NaN,58.536969120877146,NaN,NaN,NaN,1.7768765581405443,1.7791328750000002,NaN,NaN,NaN,NaN,NaN,NaN,NaN,NaN,NaN,NaN,1,0,0,0,0,NaN,NaN,58.536969120877146,NaN,NaN,NaN,1.7768765581405443,1.7791328750000002,NaN,NaN,NaN,NaN,NaN,NaN,NaN,NaN,NaN,NaN,1
2024-08-09T15:53:00-04:00,1.7915161559000952,1.8,1.7915161559000952,1.8,1.7858722606727273,1.7735707937985832,1.8017945645759157,0,0,20777,21083,0,0,0,0,NaN,NaN,60.6890260258224,NaN,NaN,NaN,1.7768765581405443,1.7791328750000002,NaN,NaN,NaN,NaN,NaN,NaN,NaN,NaN,NaN,NaN,1,0,0,0,0,NaN,NaN,60.6890260258224,NaN,NaN,NaN,1.7768765581405443,1.7791328750000002,NaN,NaN,NaN,NaN,NaN,NaN,NaN,NaN,NaN,NaN,1
2024-08-09T15:54:00-04:00,1.7957580779500475,1.805,1.79,1.7987499999999998,1.7882136678231404,1.773955209160437,1.8016479903367015,0,0,20777,21084,0,0,0,0,NaN,NaN,61.99153890560988,NaN,NaN,NaN,1.7768765581405443,1.7791328750000002,NaN,NaN,NaN,NaN,NaN,NaN,NaN,NaN,NaN,NaN,1,0,0,0,0,NaN,NaN,61.99153890560988,NaN,NaN,NaN,1.7768765581405443,1.7791328750000002,NaN,NaN,NaN,NaN,NaN,NaN,NaN,NaN,NaN,NaN,1
2024-08-09T15:55:00-04:00,1.7972540389750238,1.8,1.79,1.7950000000000002,1.7894475464007513,1.7742765036770716,1.8016196831477207,0,0,20777,21085,0,0,0,0,NaN,NaN,63.72593849552204,NaN,NaN,NaN,1.7768765581405443,1.7791328750000002,NaN,NaN,NaN,NaN,NaN,NaN,NaN,NaN,NaN,NaN,1,0,0,0,0,NaN,NaN,63.72593849552204,NaN,NaN,NaN,1.7768765581405443,1.7791328750000002,NaN,NaN,NaN,NaN,NaN,NaN,NaN,NaN,NaN,NaN,1
2024-08-09T15:56:00-04:00,1.7961270194875119,1.81,1.79,1.7950000000000002,1.7904570834187965,1.77459289293391,1.8015596775499407,0,0,20777,21086,0,0,0,0,NaN,NaN,63.91306503271373,NaN,NaN,NaN,1.7768765581405443,1.7791328750000002,NaN,NaN,NaN,NaN,NaN,NaN,NaN,NaN,NaN,NaN,1,0,0,0,0,NaN,NaN,63.91306503271373,NaN,NaN,NaN,1.7768765581405443,1.7791328750000002,NaN,NaN,NaN,NaN,NaN,NaN,NaN,NaN,NaN,NaN,1
2024-08-09T15:57:00-04:00,1.7955635097437561,1.8,1.79,1.795,1.7912830682517427,1.7749044518204153,1.8014665659275728,0,0,20777,21087,0,0,0,0,NaN,NaN,64.10453315019815,NaN,NaN,NaN,1.7768765581405443,1.7791328750000002,NaN,NaN,NaN,NaN,NaN,NaN,NaN,NaN,NaN,NaN,1,0,0,0,0,NaN,NaN,64.10453315019815,NaN,NaN,NaN,1.7768765581405443,1.7791328750000002,NaN,NaN,NaN,NaN,NaN,NaN,NaN,NaN,NaN,NaN,1
2024-08-09T15:58:00-04:00,1.795281754871878,1.8,1.79,1.79375,1.7917316012968802,1.7751921701132334,1.8014109476905078,0,0,20777,21088,0,0,0,0,NaN,NaN,64.78369279438402,NaN,NaN,NaN,1.7768765581405443,1.7791328750000002,NaN,NaN,NaN,NaN,NaN,NaN,NaN,NaN,NaN,NaN,1,0,0,0,0,NaN,NaN,64.78369279438402,NaN,NaN,NaN,1.7768765581405443,1.7791328750000002,NaN,NaN,NaN,NaN,NaN,NaN,NaN,NaN,NaN,NaN,1
2024-08-09T15:59:00-04:00,1.794515877435939,1.8,1.77,1.7874999999999999,1.790962219242902,1.7753800759130314,1.801058155657604,0,0,20777,21089,0,0,0,0,NaN,NaN,64.51716808363602,NaN,NaN,NaN,1.7768765581405443,1.7791328750000002,NaN,NaN,NaN,NaN,NaN,NaN,NaN,NaN,NaN,NaN,1,0,0,0,0,NaN,NaN,64.51716808363602,NaN,NaN,NaN,1.7768765581405443,1.7791328750000002,NaN,NaN,NaN,NaN,NaN,NaN,NaN,NaN,NaN,NaN,1
2024-08-09T16:00:00-04:00,1.7910079387179696,1.7910079387179696,1.78,1.78,1.7889690884714653,1.775450609105199,1.8005105172558455,0,0,20777,21090,0,0,0,0,NaN,NaN,63.591415163074046,NaN,NaN,NaN,1.7768765581405443,1.7791328750000002,NaN,NaN,NaN,NaN,NaN,NaN,NaN,NaN,NaN,NaN,1,0,0,0,0,NaN,NaN,63.591415163074046,NaN,NaN,NaN,1.7768765581405443,1.7791328750000002,NaN,NaN,NaN,NaN,NaN,NaN,NaN,NaN,NaN,NaN,1
2024-08-09T16:16:00-04:00,1.785503969358985,1.785503969358985,1.78,1.78,1.7873383451130171,1.7755200654547378,1.800504585091584,0,0,20777,21091,0,0,0,0,NaN,NaN,62.73313780976208,NaN,NaN,NaN,1.7768765581405443,1.7791328750000002,NaN,NaN,NaN,NaN,NaN,NaN,NaN,NaN,NaN,NaN,1,0,0,0,0,NaN,NaN,62.73313780976208,NaN,NaN,NaN,1.7768765581405443,1.7791328750000002,NaN,NaN,NaN,NaN,NaN,NaN,NaN,NaN,NaN,NaN,1
2024-08-09T16:47:00-04:00,1.7827519846794924,1.84,1.7827519846794924,1.84,1.796913191456105,1.7765044919363449,1.800534262783554,1,0,21092,21091,0,1,0,0,NaN,NaN,56.09035033073771,NaN,NaN,NaN,1.7768765581405443,1.8015849025000001,NaN,NaN,NaN,NaN,NaN,NaN,NaN,NaN,NaN,NaN,1,0,1,0,0,NaN,NaN,56.09035033073771,NaN,NaN,NaN,1.7768765581405443,1.8015849025000001,NaN,NaN,NaN,NaN,NaN,NaN,NaN,NaN,NaN,NaN,1
2024-08-12T09:30:00-04:00,1.8113759923397463,1.865,1.8113759923397463,1.8575,1.8079289748277223,1.777741064578538,1.8575,0,0,21092,21091,0,0,0,0,NaN,NaN,49.633450515833,NaN,NaN,NaN,1.8084047059368848,1.814579761275,NaN,NaN,NaN,NaN,NaN,NaN,NaN,NaN,NaN,NaN,1,0,0,0,0,NaN,NaN,49.633450515833,NaN,NaN,NaN,1.8084047059368848,1.814579761275,NaN,NaN,NaN,NaN,NaN,NaN,NaN,NaN,NaN,NaN,1
2024-08-12T09:31:00-04:00,1.8344379961698731,1.9084,1.8344379961698731,1.9084,1.8261964339499546,1.779735857485736,1.8589194678468592,0,0,21092,21091,0,0,0,0,NaN,NaN,41.478338999586875,NaN,NaN,NaN,1.8874722356689235,1.848234189922,NaN,NaN,NaN,NaN,NaN,NaN,NaN,NaN,NaN,NaN,1,0,0,0,0,NaN,NaN,41.478338999586875,NaN,NaN,NaN,1.8874722356689235,1.848234189922,NaN,NaN,NaN,NaN,NaN,NaN,NaN,NaN,NaN,NaN,1
2024-08-12T09:32:00-04:00,1.8714189980849367,1.8714189980849367,1.845,1.845,1.8296152641408718,1.7807322566080912,1.8585579983380076,0,0,21092,21091,0,0,0,0,NaN,NaN,43.71725630337278,NaN,NaN,NaN,1.8663778755094211,1.848234189922,NaN,NaN,NaN,NaN,NaN,NaN,NaN,NaN,NaN,NaN,1,0,0,0,0,NaN,NaN,43.71725630337278,NaN,NaN,NaN,1.8663778755094211,1.848234189922,NaN,NaN,NaN,NaN,NaN,NaN,NaN,NaN,NaN,NaN,1
2024-08-12T09:33:00-04:00,1.8582094990424682,1.8582094990424682,1.835,1.8375000000000001,1.8310488524788953,1.7815989397133112,1.8572434115699261,0,0,21092,21091,0,0,0,0,NaN,NaN,46.395462328268316,NaN,NaN,NaN,1.858974069248496,1.848234189922,NaN,NaN,NaN,NaN,NaN,NaN,NaN,NaN,NaN,NaN,1,0,0,0,0,NaN,NaN,46.395462328268316,NaN,NaN,NaN,1.858974069248496,1.848234189922,NaN,NaN,NaN,NaN,NaN,NaN,NaN,NaN,NaN,NaN,1
2024-08-12T09:34:00-04:00,1.8478547495212343,1.87,1.8478547495212343,1.86,1.8363126974827324,1.7827959024657798,1.8573216644587436,0,0,21092,21091,0,0,0,0,NaN,NaN,49.28109861786476,NaN,NaN,NaN,1.858974069248496,1.848234189922,NaN,NaN,NaN,NaN,NaN,NaN,NaN,NaN,NaN,NaN,1,0,0,0,0,NaN,NaN,49.28109861786476,NaN,NaN,NaN,1.858974069248496,1.848234189922,NaN,NaN,NaN,NaN,NaN,NaN,NaN,NaN,NaN,NaN,1
2024-08-12T09:36:00-04:00,1.8539273747606173,1.8539273747606173,1.85,1.85,1.8388012979404174,1.7838219192220275,1.8572871868525147,0,0,21092,21091,0,0,0,0,NaN,NaN,51.80208303420801,NaN,NaN,NaN,1.858974069248496,1.848234189922,NaN,NaN,NaN,NaN,NaN,NaN,NaN,NaN,NaN,NaN,1,0,0,0,0,NaN,NaN,51.80208303420801,NaN,NaN,NaN,1.858974069248496,1.848234189922,NaN,NaN,NaN,NaN,NaN,NaN,NaN,NaN,NaN,NaN,1
2024-08-12T09:38:00-04:00,1.8519636873803087,1.8519636873803087,1.85,1.85,1.8408374255876143,1.784832271600317,1.8569345178347376,0,0,21092,21091,0,0,0,0,NaN,NaN,53.79750549193375,NaN,NaN,NaN,1.858974069248496,1.848234189922,NaN,NaN,NaN,NaN,NaN,NaN,NaN,NaN,NaN,NaN,1,0,0,0,0,NaN,NaN,53.79750549193375,NaN,NaN,NaN,1.858974069248496,1.848234189922,NaN,NaN,NaN,NaN,NaN,NaN,NaN,NaN,NaN,NaN,1
2024-08-12T09:40:00-04:00,1.8509818436901544,1.855,1.84,1.8475,1.8420488027535027,1.785789030812526,1.856087889541524,0,0,21092,21091,0,0,0,0,NaN,NaN,55.910716574212195,NaN,NaN,NaN,1.858974069248496,1.848234189922,NaN,NaN,NaN,NaN,NaN,NaN,NaN,NaN,NaN,NaN,1,0,0,0,0,NaN,NaN,55.910716574212195,NaN,NaN,NaN,1.858974069248496,1.848234189922,NaN,NaN,NaN,NaN,NaN,NaN,NaN,NaN,NaN,NaN,1
2024-08-12T09:42:00-04:00,1.8492409218450772,1.88,1.84,1.8599999999999999,1.8453126567983205,1.7869220227085179,1.856892116007777,0,0,21092,21091,0,0,0,0,NaN,NaN,57.732244767027616,NaN,NaN,NaN,1.858974069248496,1.848234189922,NaN,NaN,NaN,NaN,NaN,NaN,NaN,NaN,NaN,NaN,1,0,0,0,0,NaN,NaN,57.732244767027616,NaN,NaN,NaN,1.858974069248496,1.848234189922,NaN,NaN,NaN,NaN,NaN,NaN,NaN,NaN,NaN,NaN,1
2024-08-12T09:44:00-04:00,1.8546204609225385,1.8781,1.8546204609225385,1.8665500000000002,1.8491739919258985,1.7881377170183115,1.8572303533458412,0,0,21092,21091,0,0,0,0,NaN,NaN,59.847084530947626,NaN,NaN,NaN,1.858974069248496,1.848234189922,NaN,NaN,NaN,NaN,NaN,NaN,NaN,NaN,NaN,NaN,1,0,0,0,0,NaN,NaN,59.847084530947626,NaN,NaN,NaN,1.858974069248496,1.848234189922,NaN,NaN,NaN,NaN,NaN,NaN,NaN,NaN,NaN,NaN,1
2024-08-12T09:49:00-04:00,1.8605852304612693,1.8799,1.86,1.864975,1.852046902484826,1.7893108053081082,1.8573806725845523,0,0,21092,21091,0,0,0,0,NaN,NaN,61.736915365289,NaN,NaN,NaN,1.858974069248496,1.848234189922,NaN,NaN,NaN,NaN,NaN,NaN,NaN,NaN,NaN,NaN,1,0,0,0,0,NaN,NaN,61.736915365289,NaN,NaN,NaN,1.858974069248496,1.848234189922,NaN,NaN,NaN,NaN,NaN,NaN,NaN,NaN,NaN,NaN,1
2024-08-12T09:52:00-04:00,1.8627801152306347,1.8627801152306347,1.83,1.83,1.8480383747603122,1.7899320143873736,1.8565660867818998,0,0,21092,21091,0,0,0,0,NaN,NaN,62.98735096830078,NaN,NaN,NaN,1.858974069248496,1.848234189922,NaN,NaN,NaN,NaN,NaN,NaN,NaN,NaN,NaN,NaN,1,0,0,0,0,NaN,NaN,62.98735096830078,NaN,NaN,NaN,1.858974069248496,1.848234189922,NaN,NaN,NaN,NaN,NaN,NaN,NaN,NaN,NaN,NaN,1
2024-08-12T09:53:00-04:00,1.8463900576153174,1.8499,1.8463900576153174,1.8499,1.848376852076619,1.790847556152452,1.8565463137365408,0,0,21092,21091,0,0,0,0,NaN,NaN,64.80083348891812,NaN,NaN,NaN,1.858974069248496,1.848234189922,NaN,NaN,NaN,NaN,NaN,NaN,NaN,NaN,NaN,NaN,1,0,0,0,0,NaN,NaN,64.80083348891812,NaN,NaN,NaN,1.858974069248496,1.848234189922,NaN,NaN,NaN,NaN,NaN,NaN,NaN,NaN,NaN,NaN,1
2024-08-12T09:57:00-04:00,1.8481450288076586,1.85,1.8481450288076586,1.85,1.8486719698808702,1.791750646898216,1.8565269533907078,0,0,21092,21091,0,0,0,0,NaN,NaN,66.14902606153453,NaN,NaN,NaN,1.858974069248496,1.848234189922,NaN,NaN,NaN,NaN,NaN,NaN,NaN,NaN,NaN,NaN,1,0,0,0,0,NaN,NaN,66.14902606153453,NaN,NaN,NaN,1.858974069248496,1.848234189922,NaN,NaN,NaN,NaN,NaN,NaN,NaN,NaN,NaN,NaN,1
2024-08-12T10:01:00-04:00,1.8490725144038294,1.8490725144038294,1.8301,1.8301,1.8452952480843483,1.7923361332051135,1.8562447297969453,0,0,21092,21091,0,0,0,0,NaN,NaN,66.63405891234235,NaN,NaN,NaN,1.858974069248496,1.848234189922,NaN,NaN,NaN,NaN,NaN,NaN,NaN,NaN,NaN,NaN,1,0,0,0,0,NaN,NaN,66.63405891234235,NaN,NaN,NaN,1.858974069248496,1.848234189922,NaN,NaN,NaN,NaN,NaN,NaN,NaN,NaN,NaN,NaN,1
2024-08-12T10:05:00-04:00,1.8395862572019146,1.85,1.8395862572019146,1.8425,1.8447870211599213,1.7931019937668675,1.8553788072979491,0,0,21092,21091,0,0,0,0,NaN,NaN,67.55876941758241,NaN,NaN,NaN,1.858974069248496,1.848234189922,NaN,NaN,NaN,NaN,NaN,NaN,NaN,NaN,NaN,NaN,1,0,0,0,0,NaN,NaN,67.55876941758241,NaN,NaN,NaN,1.858974069248496,1.848234189922,NaN,NaN,NaN,NaN,NaN,NaN,NaN,NaN,NaN,NaN,1
2024-08-12T10:06:00-04:00,1.8410431286009574,1.85,1.8410431286009574,1.85,1.8457348354944811,1.793970665617755,1.855349475815247,0,0,21092,21091,0,0,0,0,NaN,NaN,68.61008396273016,NaN,NaN,NaN,1.858974069248496,1.848234189922,NaN,NaN,NaN,NaN,NaN,NaN,NaN,NaN,NaN,NaN,1,0,0,0,0,NaN,NaN,68.61008396273016,NaN,NaN,NaN,1.858974069248496,1.848234189922,NaN,NaN,NaN,NaN,NaN,NaN,NaN,NaN,NaN,NaN,1
2024-08-12T10:07:00-04:00,1.8455215643004788,1.8455215643004788,1.84,1.84,1.8446921381318482,1.794673403547255,1.8553077380628669,0,0,21092,21091,0,0,0,0,NaN,NaN,69.04518351774631,NaN,NaN,NaN,1.858974069248496,1.848234189922,NaN,NaN,NaN,NaN,NaN,NaN,NaN,NaN,NaN,NaN,1,0,0,0,0,NaN,NaN,69.04518351774631,NaN,NaN,NaN,1.858974069248496,1.848234189922,NaN,NaN,NaN,NaN,NaN,NaN,NaN,NaN,NaN,NaN,1
2024-08-12T10:08:00-04:00,1.8427607821502394,1.85,1.8427607821502394,1.85,1.8456572039260577,1.795518084409129,1.8552933445872652,0,0,21092,21091,0,0,0,0,NaN,NaN,70.19740935339189,NaN,NaN,NaN,1.858974069248496,1.848234189922,NaN,NaN,NaN,NaN,NaN,NaN,NaN,NaN,NaN,NaN,1,0,0,0,0,NaN,NaN,70.19740935339189,NaN,NaN,NaN,1.858974069248496,1.848234189922,NaN,NaN,NaN,NaN,NaN,NaN,NaN,NaN,NaN,NaN,1
2024-08-12T10:10:00-04:00,1.8463803910751198,1.8463803910751198,1.83,1.83,1.8428104395758653,1.7960445258685316,1.8551569040619267,0,0,21092,21091,0,0,0,0,NaN,NaN,71.45036449689634,NaN,NaN,NaN,1.858974069248496,1.848234189922,NaN,NaN,NaN,NaN,NaN,NaN,NaN,NaN,NaN,NaN,1,0,0,0,0,NaN,NaN,71.45036449689634,NaN,NaN,NaN,1.858974069248496,1.848234189922,NaN,NaN,NaN,NaN,NaN,NaN,NaN,NaN,NaN,NaN,1
2024-08-12T10:12:00-04:00,1.83819019553756,1.85,1.83819019553756,1.85,1.8441176323802535,1.7968682735651953,1.855143032467183,0,0,21092,21091,0,0,0,0,NaN,NaN,73.04564917820451,NaN,NaN,NaN,1.858974069248496,1.848234189922,NaN,NaN,NaN,NaN,NaN,NaN,NaN,NaN,NaN,NaN,1,0,0,0,0,NaN,NaN,73.04564917820451,NaN,NaN,NaN,1.858974069248496,1.848234189922,NaN,NaN,NaN,NaN,NaN,NaN,NaN,NaN,NaN,NaN,1
2024-08-12T10:13:00-04:00,1.84409509776878,1.84409509776878,1.832,1.832,1.8419144264929348,1.797404635800841,1.8550809468558855,0,0,21092,21091,0,0,0,0,NaN,NaN,73.06070445877094,NaN,NaN,NaN,1.858974069248496,1.848234189922,NaN,NaN,NaN,NaN,NaN,NaN,NaN,NaN,NaN,NaN,1,0,0,0,0,NaN,NaN,73.06070445877094,NaN,NaN,NaN,1.858974069248496,1.848234189922,NaN,NaN,NaN,NaN,NaN,NaN,NaN,NaN,NaN,NaN,1
2024-08-12T10:14:00-04:00,1.83804754888439,1.85,1.83804754888439,1.85,1.8433845307669467,1.7982076184603701,1.8550673527129706,0,0,21092,21091,0,0,0,0,NaN,NaN,74.16137583078019,NaN,NaN,NaN,1.858974069248496,1.848234189922,NaN,NaN,NaN,NaN,NaN,NaN,NaN,NaN,NaN,NaN,1,0,0,0,0,NaN,NaN,74.16137583078019,NaN,NaN,NaN,1.858974069248496,1.848234189922,NaN,NaN,NaN,NaN,NaN,NaN,NaN,NaN,NaN,NaN,1
2024-08-12T10:16:00-04:00,1.844023774442195,1.85,1.844023774442195,1.85,1.8445873433547746,1.7989983418426545,1.8550538311185822,0,0,21092,21091,0,0,0,0,NaN,NaN,74.98524025959023,NaN,NaN,NaN,1.858974069248496,1.848234189922,NaN,NaN,NaN,NaN,NaN,NaN,NaN,NaN,NaN,NaN,1,0,0,0,0,NaN,NaN,74.98524025959023,NaN,NaN,NaN,1.858974069248496,1.848234189922,NaN,NaN,NaN,NaN,NaN,NaN,NaN,NaN,NaN,NaN,1
2024-08-12T10:17:00-04:00,1.8470118872210977,1.85,1.8470118872210977,1.85,1.8455714627448156,1.7997769931122323,1.8550403814935064,0,0,21092,21091,0,0,0,0,NaN,NaN,75.40740216105976,NaN,NaN,NaN,1.858974069248496,1.848234189922,NaN,NaN,NaN,NaN,NaN,NaN,NaN,NaN,NaN,NaN,1,0,0,0,0,NaN,NaN,75.40740216105976,NaN,NaN,NaN,1.858974069248496,1.848234189922,NaN,NaN,NaN,NaN,NaN,NaN,NaN,NaN,NaN,NaN,1
2024-08-12T10:18:00-04:00,1.8485059436105489,1.85,1.8485059436105489,1.85,1.8463766513366673,1.8005437565761677,1.8550270032646776,0,0,21092,21091,0,0,0,0,NaN,NaN,76.14785215308055,NaN,NaN,NaN,1.858974069248496,1.848234189922,NaN,NaN,NaN,NaN,NaN,NaN,NaN,NaN,NaN,NaN,1,0,0,0,0,NaN,NaN,76.14785215308055,NaN,NaN,NaN,1.858974069248496,1.848234189922,NaN,NaN,NaN,NaN,NaN,NaN,NaN,NaN,NaN,NaN,1
2024-08-12T10:20:00-04:00,1.8492529718052744,1.85,1.8485,1.84925,1.8468990783663641,1.8012873633459972,1.8548713842041373,0,0,21092,21091,0,0,0,0,NaN,NaN,76.45206399928965,NaN,NaN,NaN,1.858974069248496,1.848234189922,NaN,NaN,NaN,NaN,NaN,NaN,NaN,NaN,NaN,NaN,1,0,0,0,0,NaN,NaN,76.45206399928965,NaN,NaN,NaN,1.858974069248496,1.848234189922,NaN,NaN,NaN,NaN,NaN,NaN,NaN,NaN,NaN,NaN,1
2024-08-12T10:21:00-04:00,1.8492514859026372,1.85,1.8492514859026372,1.85,1.8474628822997525,1.802031067722394,1.8548588352353226,0,0,21092,21091,0,0,0,0,NaN,NaN,76.95564871121574,NaN,NaN,NaN,1.858974069248496,1.848234189922,NaN,NaN,NaN,NaN,NaN,NaN,NaN,NaN,NaN,NaN,1,0,0,0,0,NaN,NaN,76.95564871121574,NaN,NaN,NaN,1.858974069248496,1.848234189922,NaN,NaN,NaN,NaN,NaN,NaN,NaN,NaN,NaN,NaN,1
2024-08-12T10:23:00-04:00,1.8496257429513188,1.85,1.8496257429513188,1.85,1.8479241764270702,1.8027634178335026,1.8548463507541302,0,0,21092,21091,0,0,0,0,NaN,NaN,76.83658407733957,NaN,NaN,NaN,1.858974069248496,1.848234189922,NaN,NaN,NaN,NaN,NaN,NaN,NaN,NaN,NaN,NaN,1,0,0,0,0,NaN,NaN,76.83658407733957,NaN,NaN,NaN,1.858974069248496,1.848234189922,NaN,NaN,NaN,NaN,NaN,NaN,NaN,NaN,NaN,NaN,1
2024-08-12T10:24:00-04:00,1.8498128714756594,1.85,1.84,1.845,1.8473925079857847,1.8034082511490217,1.8547710325352504,0,0,21092,21091,0,0,0,0,NaN,NaN,76.57558504900828,NaN,NaN,NaN,1.858974069248496,1.848234189922,NaN,NaN,NaN,NaN,NaN,NaN,NaN,NaN,NaN,NaN,1,0,0,0,0,NaN,NaN,76.57558504900828,NaN,NaN,NaN,1.858974069248496,1.848234189922,NaN,NaN,NaN,NaN,NaN,NaN,NaN,NaN,NaN,NaN,1
2024-08-12T10:25:00-04:00,1.8474064357378297,1.85,1.8474064357378297,1.85,1.8478665974429147,1.8041195755589603,1.8547588983697447,0,0,21092,21091,0,0,0,0,NaN,NaN,76.24564577013695,NaN,NaN,NaN,1.858974069248496,1.848234189922,NaN,NaN,NaN,NaN,NaN,NaN,NaN,NaN,NaN,NaN,1,0,0,0,0,NaN,NaN,76.24564577013695,NaN,NaN,NaN,1.858974069248496,1.848234189922,NaN,NaN,NaN,NaN,NaN,NaN,NaN,NaN,NaN,NaN,1
2024-08-12T10:27:00-04:00,1.848703217868915,1.848703217868915,1.83,1.83,1.8446181251805667,1.804514696542793,1.8546854428694592,0,0,21092,21091,0,0,0,0,NaN,NaN,74.7042638266006,NaN,NaN,NaN,1.858974069248496,1.848234189922,NaN,NaN,NaN,NaN,NaN,NaN,NaN,NaN,NaN,NaN,1,0,0,0,0,NaN,NaN,74.7042638266006,NaN,NaN,NaN,1.858974069248496,1.848234189922,NaN,NaN,NaN,NaN,NaN,NaN,NaN,NaN,NaN,NaN,1
2024-08-12T10:28:00-04:00,1.8393516089344575,1.85,1.8393516089344575,1.85,1.8455966478750092,1.8052091286566434,1.854673591789761,0,0,21092,21091,0,0,0,0,NaN,NaN,74.1817128780602,NaN,NaN,NaN,1.858974069248496,1.848234189922,NaN,NaN,NaN,NaN,NaN,NaN,NaN,NaN,NaN,NaN,1,0,0,0,0,NaN,NaN,74.1817128780602,NaN,NaN,NaN,1.858974069248496,1.848234189922,NaN,NaN,NaN,NaN,NaN,NaN,NaN,NaN,NaN,NaN,1
2024-08-12T10:29:00-04:00,1.844675804467229,1.85,1.844675804467229,1.85,1.8463972573522802,1.8058929587534887,1.8546618005096376,0,0,21092,21091,0,0,0,0,NaN,NaN,73.54796130055567,NaN,NaN,NaN,1.858974069248496,1.848234189922,NaN,NaN,NaN,NaN,NaN,NaN,NaN,NaN,NaN,NaN,1,0,0,0,0,NaN,NaN,73.54796130055567,NaN,NaN,NaN,1.858974069248496,1.848234189922,NaN,NaN,NaN,NaN,NaN,NaN,NaN,NaN,NaN,NaN,1
2024-08-12T10:30:00-04:00,1.8473379022336145,1.85,1.8473379022336145,1.85,1.8470523014700475,1.8065663486961834,1.854221983891237,0,0,21092,21091,0,0,0,0,NaN,NaN,72.98693412896586,NaN,NaN,NaN,1.858974069248496,1.848234189922,NaN,NaN,NaN,NaN,NaN,NaN,NaN,NaN,NaN,NaN,1,0,0,0,0,NaN,NaN,72.98693412896586,NaN,NaN,NaN,1.858974069248496,1.848234189922,NaN,NaN,NaN,NaN,NaN,NaN,NaN,NaN,NaN,NaN,1
2024-08-12T10:31:00-04:00,1.8486689511168073,1.8487,1.8486689511168073,1.8487,1.8473518830209479,1.80720961054815,1.853867745643109,0,0,21092,21091,0,0,0,0,NaN,NaN,72.13501482334607,NaN,NaN,NaN,1.858974069248496,1.848234189922,NaN,NaN,NaN,NaN,NaN,NaN,NaN,NaN,NaN,NaN,1,0,0,0,0,NaN,NaN,72.13501482334607,NaN,NaN,NaN,1.858974069248496,1.848234189922,NaN,NaN,NaN,NaN,NaN,NaN,NaN,NaN,NaN,NaN,1
2024-08-12T10:32:00-04:00,1.8486844755584038,1.85,1.8486844755584038,1.85,1.847833358835321,1.807862898936728,1.853859492691774,0,0,21092,21091,0,0,0,0,NaN,NaN,71.17955734643364,NaN,NaN,NaN,1.858974069248496,1.848234189922,NaN,NaN,NaN,NaN,NaN,NaN,NaN,NaN,NaN,NaN,1,0,0,0,0,NaN,NaN,71.17955734643364,NaN,NaN,NaN,1.858974069248496,1.848234189922,NaN,NaN,NaN,NaN,NaN,NaN,NaN,NaN,NaN,NaN,1
2024-08-12T10:34:00-04:00,1.849342237779202,1.85,1.845,1.8475,1.84777274813799,1.8084680455178468,1.8538175687849752,0,0,21092,21091,0,0,0,0,NaN,NaN,70.06908792478059,NaN,NaN,NaN,1.858974069248496,1.848234189922,NaN,NaN,NaN,NaN,NaN,NaN,NaN,NaN,NaN,NaN,1,0,0,0,0,NaN,NaN,70.06908792478059,NaN,NaN,NaN,1.858974069248496,1.848234189922,NaN,NaN,NaN,NaN,NaN,NaN,NaN,NaN,NaN,NaN,1
2024-08-12T10:35:00-04:00,1.848421118889601,1.85,1.848421118889601,1.85,1.848177703021992,1.8091021211587957,1.8537617517127576,0,0,21092,21091,0,0,0,0,NaN,NaN,68.84356934747024,NaN,NaN,NaN,1.858974069248496,1.848234189922,NaN,NaN,NaN,NaN,NaN,NaN,NaN,NaN,NaN,NaN,1,0,0,0,0,NaN,NaN,68.84356934747024,NaN,NaN,NaN,1.858974069248496,1.848234189922,NaN,NaN,NaN,NaN,NaN,NaN,NaN,NaN,NaN,NaN,1
2024-08-12T10:36:00-04:00,1.8492105594448005,1.85,1.8492105594448005,1.85,1.8485090297452662,1.809726516255608,1.853753910809571,0,0,21092,21091,0,0,0,0,NaN,NaN,67.78261247228696,NaN,NaN,NaN,1.858974069248496,1.848234189922,NaN,NaN,NaN,NaN,NaN,NaN,NaN,NaN,NaN,NaN,1,0,0,0,0,NaN,NaN,67.78261247228696,NaN,NaN,NaN,1.858974069248496,1.848234189922,NaN,NaN,NaN,NaN,NaN,NaN,NaN,NaN,NaN,NaN,1
2024-08-12T10:37:00-04:00,1.8496052797224003,1.85,1.8496052797224003,1.85,1.848780115246127,1.8103413786028506,1.8537461025251682,0,0,21092,21091,0,0,0,0,NaN,NaN,66.69466542059585,NaN,NaN,NaN,1.858974069248496,1.848234189922,NaN,NaN,NaN,NaN,NaN,NaN,NaN,NaN,NaN,NaN,1,0,0,0,0,NaN,NaN,66.69466542059585,NaN,NaN,NaN,1.858974069248496,1.848234189922,NaN,NaN,NaN,NaN,NaN,NaN,NaN,NaN,NaN,NaN,1
2024-08-12T10:38:00-04:00,1.8498026398612002,1.85,1.8498026398612002,1.85,1.849001912474104,1.810946853738685,1.8537383266564262,0,0,21092,21091,0,0,0,0,NaN,NaN,65.40939334472444,NaN,NaN,NaN,1.858974069248496,1.848234189922,NaN,NaN,NaN,NaN,NaN,NaN,NaN,NaN,NaN,NaN,1,0,0,0,0,NaN,NaN,65.40939334472444,NaN,NaN,NaN,1.858974069248496,1.848234189922,NaN,NaN,NaN,NaN,NaN,NaN,NaN,NaN,NaN,NaN,1
2024-08-12T10:39:00-04:00,1.8499013199306003,1.8599,1.8499013199306003,1.852475,1.8496333829333578,1.8115808712388577,1.8535890157963133,0,0,21092,21091,0,0,0,0,NaN,NaN,64.18065154841588,NaN,NaN,NaN,1.858974069248496,1.848234189922,NaN,NaN,NaN,NaN,NaN,NaN,NaN,NaN,NaN,NaN,1,0,0,0,0,NaN,NaN,64.18065154841588,NaN,NaN,NaN,1.858974069248496,1.848234189922,NaN,NaN,NaN,NaN,NaN,NaN,NaN,NaN,NaN,NaN,1
2024-08-12T10:40:00-04:00,1.8511881599653002,1.855,1.8511881599653002,1.855,1.850609131490929,1.81224375870086,1.8535941622745424,0,0,21092,21091,0,0,0,0,NaN,NaN,63.2557262319885,NaN,NaN,NaN,1.858974069248496,1.848234189922,NaN,NaN,NaN,NaN,NaN,NaN,NaN,NaN,NaN,NaN,1,0,0,0,0,NaN,NaN,63.2557262319885,NaN,NaN,NaN,1.858974069248496,1.848234189922,NaN,NaN,NaN,NaN,NaN,NaN,NaN,NaN,NaN,NaN,1
2024-08-12T10:41:00-04:00,1.85309407998265,1.85309407998265,1.85,1.85,1.8504983803107602,1.8128201898657323,1.8534444081304504,0,0,21092,21091,0,0,0,0,NaN,NaN,61.698985533061276,NaN,NaN,NaN,1.858974069248496,1.848234189922,NaN,NaN,NaN,NaN,NaN,NaN,NaN,NaN,NaN,NaN,1,0,0,0,0,NaN,NaN,61.698985533061276,NaN,NaN,NaN,1.858974069248496,1.848234189922,NaN,NaN,NaN,NaN,NaN,NaN,NaN,NaN,NaN,NaN,1
2024-08-12T10:42:00-04:00,1.851547039991325,1.851547039991325,1.84,1.84,1.848589583890622,1.8132351487990799,1.8534209518990872,0,0,21092,21091,0,0,0,0,NaN,NaN,59.55168804844841,NaN,NaN,NaN,1.858974069248496,1.848234189922,NaN,NaN,NaN,NaN,NaN,NaN,NaN,NaN,NaN,NaN,1,0,0,0,0,NaN,NaN,59.55168804844841,NaN,NaN,NaN,1.858974069248496,1.848234189922,NaN,NaN,NaN,NaN,NaN,NaN,NaN,NaN,NaN,NaN,1
2024-08-12T10:43:00-04:00,1.8457735199956624,1.855,1.8457735199956624,1.855,1.849755114092327,1.8138727801151244,1.8534291736813784,0,0,21092,21091,0,0,0,0,NaN,NaN,58.400534462911736,NaN,NaN,NaN,1.858974069248496,1.848234189922,NaN,NaN,NaN,NaN,NaN,NaN,NaN,NaN,NaN,NaN,1,0,0,0,0,NaN,NaN,58.400534462911736,NaN,NaN,NaN,1.858974069248496,1.848234189922,NaN,NaN,NaN,NaN,NaN,NaN,NaN,NaN,NaN,NaN,1
2024-08-12T10:45:00-04:00,1.8503867599978312,1.8503867599978312,1.845,1.848725,1.8495678206209947,1.8144048750751989,1.853377254977686,0,0,21092,21091,0,0,0,0,NaN,NaN,56.75611374884365,NaN,NaN,NaN,1.858974069248496,1.848234189922,NaN,NaN,NaN,NaN,NaN,NaN,NaN,NaN,NaN,NaN,1,0,0,0,0,NaN,NaN,56.75611374884365,NaN,NaN,NaN,1.858974069248496,1.848234189922,NaN,NaN,NaN,NaN,NaN,NaN,NaN,NaN,NaN,NaN,1
2024-08-12T10:47:00-04:00,1.8495558799989156,1.8599,1.8495558799989156,1.85495,1.8505463986899047,1.8150238846160356,1.8535394468049076,0,0,21092,21091,0,0,0,0,NaN,NaN,55.38328706961432,NaN,NaN,NaN,1.858974069248496,1.848234189922,NaN,NaN,NaN,NaN,NaN,NaN,NaN,NaN,NaN,NaN,1,0,0,0,0,NaN,NaN,55.38328706961432,NaN,NaN,NaN,1.858974069248496,1.848234189922,NaN,NaN,NaN,NaN,NaN,NaN,NaN,NaN,NaN,NaN,1
2024-08-12T10:48:00-04:00,1.8522529399994578,1.855,1.8522529399994578,1.855,1.8513561443826492,1.8156342069883098,1.8535439298485241,0,0,21092,21091,0,0,0,0,NaN,NaN,53.898811524993505,NaN,NaN,NaN,1.858974069248496,1.848234189922,NaN,NaN,NaN,NaN,NaN,NaN,NaN,NaN,NaN,NaN,1,0,0,0,0,NaN,NaN,53.898811524993505,NaN,NaN,NaN,1.858974069248496,1.848234189922,NaN,NaN,NaN,NaN,NaN,NaN,NaN,NaN,NaN,NaN,1
2024-08-12T10:49:00-04:00,1.853626469999729,1.853626469999729,1.85,1.85,1.851109572676713,1.8161588755839082,1.8535062622420624,0,0,21092,21091,0,0,0,0,NaN,NaN,51.902069309570855,NaN,NaN,NaN,1.858974069248496,1.848234189922,NaN,NaN,NaN,NaN,NaN,NaN,NaN,NaN,NaN,NaN,1,0,0,0,0,NaN,NaN,51.902069309570855,NaN,NaN,NaN,1.858974069248496,1.848234189922,NaN,NaN,NaN,NaN,NaN,NaN,NaN,NaN,NaN,NaN,1
2024-08-12T10:50:00-04:00,1.8518132349998644,1.8599,1.8518132349998644,1.8599,1.8527078321900379,1.8168266790101082,1.8535167299558868,1,0,21092,21091,0,0,0,0,NaN,NaN,50.424945745037576,NaN,NaN,NaN,1.858974069248496,1.848234189922,NaN,NaN,NaN,NaN,NaN,NaN,NaN,NaN,NaN,NaN,1,0,0,0,0,NaN,NaN,50.424945745037576,NaN,NaN,NaN,1.858974069248496,1.848234189922,NaN,NaN,NaN,NaN,NaN,NaN,NaN,NaN,NaN,NaN,1
2024-08-12T10:53:00-04:00,1.8558566174999322,1.8558566174999322,1.85,1.85,1.8522154990645765,1.8173331419259844,1.8534902752493716,0,0,21092,21091,0,0,0,0,NaN,NaN,48.17254305103874,NaN,NaN,NaN,1.858974069248496,1.848234189922,NaN,NaN,NaN,NaN,NaN,NaN,NaN,NaN,NaN,NaN,1,0,0,0,0,NaN,NaN,48.17254305103874,NaN,NaN,NaN,1.858974069248496,1.848234189922,NaN,NaN,NaN,NaN,NaN,NaN,NaN,NaN,NaN,NaN,1
2024-08-12T10:54:00-04:00,1.8529283087499662,1.855,1.85,1.8525,1.8522672265073807,1.8178700405225343,1.853486490587812,0,0,21092,21091,0,0,0,0,NaN,NaN,45.95962148732009,NaN,NaN,NaN,1.858974069248496,1.848234189922,NaN,NaN,NaN,NaN,NaN,NaN,NaN,NaN,NaN,NaN,1,0,0,0,0,NaN,NaN,45.95962148732009,NaN,NaN,NaN,1.858974069248496,1.848234189922,NaN,NaN,NaN,NaN,NaN,NaN,NaN,NaN,NaN,NaN,1
2024-08-12T10:55:00-04:00,1.8527141543749832,1.8527141543749832,1.85,1.85,1.8518550035060388,1.8183605742550146,1.853481273008889,0,0,21092,21091,0,0,0,0,NaN,NaN,43.467623364876864,NaN,NaN,NaN,1.858974069248496,1.848234189922,NaN,NaN,NaN,NaN,NaN,NaN,NaN,NaN,NaN,NaN,1,0,0,0,0,NaN,NaN,43.467623364876864,NaN,NaN,NaN,1.858974069248496,1.848234189922,NaN,NaN,NaN,NaN,NaN,NaN,NaN,NaN,NaN,NaN,1
2024-08-12T10:56:00-04:00,1.8513570771874917,1.8513570771874917,1.84,1.8450000000000002,1.8506086392322136,1.8187672830450143,1.8534433661839633,0,0,21092,21091,0,0,0,0,NaN,NaN,40.38344598272589,NaN,NaN,NaN,1.858974069248496,1.848234189922,NaN,NaN,NaN,NaN,NaN,NaN,NaN,NaN,NaN,NaN,1,0,0,0,0,NaN,NaN,40.38344598272589,NaN,NaN,NaN,1.858974069248496,1.848234189922,NaN,NaN,NaN,NaN,NaN,NaN,NaN,NaN,NaN,NaN,1
2024-08-12T10:57:00-04:00,1.848178538593746,1.85,1.848178538593746,1.85,1.8504979775536294,1.819244118418373,1.8534382438041115,0,0,21092,21091,0,0,0,0,NaN,NaN,37.72912215944372,NaN,NaN,NaN,1.858974069248496,1.848234189922,NaN,NaN,NaN,NaN,NaN,NaN,NaN,NaN,NaN,NaN,1,0,0,0,0,NaN,NaN,37.72912215944372,NaN,NaN,NaN,1.858974069248496,1.848234189922,NaN,NaN,NaN,NaN,NaN,NaN,NaN,NaN,NaN,NaN,1
2024-08-12T10:58:00-04:00,1.849089269296873,1.849089269296873,1.84,1.84,1.8485892543620606,1.8195610021066422,1.8534146959459457,0,0,21092,21091,0,0,0,0,NaN,NaN,33.84524604834374,NaN,NaN,NaN,1.858974069248496,1.848234189922,NaN,NaN,NaN,NaN,NaN,NaN,NaN,NaN,NaN,NaN,1,0,0,0,0,NaN,NaN,33.84524604834374,NaN,NaN,NaN,1.858974069248496,1.848234189922,NaN,NaN,NaN,NaN,NaN,NaN,NaN,NaN,NaN,NaN,1
2024-08-12T11:00:00-04:00,1.8445446346484364,1.8445446346484364,1.84,1.84,1.847027571750777,1.8198730478760063,1.8530319054935223,0,0,21092,21091,0,0,0,0,NaN,NaN,29.910587652139032,NaN,NaN,NaN,1.858974069248496,1.848234189922,NaN,NaN,NaN,NaN,NaN,NaN,NaN,NaN,NaN,NaN,1,0,0,0,0,NaN,NaN,29.910587652139032,NaN,NaN,NaN,1.858974069248496,1.848234189922,NaN,NaN,NaN,NaN,NaN,NaN,NaN,NaN,NaN,NaN,1
2024-08-12T11:03:00-04:00,1.8422723173242184,1.8422723173242184,1.83,1.83,1.8439316496142721,1.8200276578320977,1.8529656437900972,0,0,21092,21091,0,0,0,0,NaN,NaN,24.778622495915307,NaN,NaN,NaN,1.858974069248496,1.848234189922,NaN,NaN,NaN,NaN,NaN,NaN,NaN,NaN,NaN,NaN,1,0,0,0,0,NaN,NaN,24.778622495915307,NaN,NaN,NaN,1.858974069248496,1.848234189922,NaN,NaN,NaN,NaN,NaN,NaN,NaN,NaN,NaN,NaN,1
2024-08-12T11:04:00-04:00,1.8361361586621092,1.84,1.8361361586621092,1.84,1.8432168042298591,1.8203325790865696,1.8529099318943536,0,0,21092,21091,0,0,0,0,NaN,NaN,21.09409169147998,NaN,NaN,NaN,1.858974069248496,1.848234189922,NaN,NaN,NaN,NaN,NaN,NaN,NaN,NaN,NaN,NaN,1,0,0,0,0,NaN,NaN,21.09409169147998,NaN,NaN,NaN,1.858974069248496,1.848234189922,NaN,NaN,NaN,NaN,NaN,NaN,NaN,NaN,NaN,NaN,1
2024-08-12T11:07:00-04:00,1.8380680793310546,1.84,1.8380680793310546,1.84,1.842631930733521,1.8206328450547136,1.8526917911656198,0,0,21092,21091,0,0,0,0,NaN,NaN,17.920377810100614,NaN,NaN,NaN,1.858974069248496,1.848234189922,NaN,NaN,NaN,NaN,NaN,NaN,NaN,NaN,NaN,NaN,1,0,0,0,0,NaN,NaN,17.920377810100614,NaN,NaN,NaN,1.858974069248496,1.848234189922,NaN,NaN,NaN,NaN,NaN,NaN,NaN,NaN,NaN,NaN,1
2024-08-12T11:10:00-04:00,1.8390340396655274,1.84,1.8390340396655274,1.84,1.8421533978728808,1.8209285268096034,1.8526561490774802,0,0,21092,21091,0,0,0,0,NaN,NaN,14.80517492072147,NaN,NaN,NaN,1.858974069248496,1.848234189922,NaN,NaN,NaN,NaN,NaN,NaN,NaN,NaN,NaN,NaN,1,0,0,0,0,NaN,NaN,14.80517492072147,NaN,NaN,NaN,1.858974069248496,1.848234189922,NaN,NaN,NaN,NaN,NaN,NaN,NaN,NaN,NaN,NaN,1
2024-08-12T11:14:00-04:00,1.8395170198327637,1.85,1.8395170198327637,1.8475000000000001,1.8431255073505388,1.8213341981560216,1.8522695885829326,0,0,21092,21091,0,0,0,0,NaN,NaN,12.323489056585373,NaN,NaN,NaN,1.858974069248496,1.848234189922,NaN,NaN,NaN,NaN,NaN,NaN,NaN,NaN,NaN,NaN,1,0,0,0,0,NaN,NaN,12.323489056585373,NaN,NaN,NaN,1.858974069248496,1.848234189922,NaN,NaN,NaN,NaN,NaN,NaN,NaN,NaN,NaN,NaN,1
2024-08-12T11:15:00-04:00,1.843508509916382,1.85,1.843508509916382,1.85,1.8443754151049863,1.8217718439857007,1.8522666445064206,0,0,21092,21091,0,0,0,0,NaN,NaN,9.884836606270564,NaN,NaN,NaN,1.858974069248496,1.848234189922,NaN,NaN,NaN,NaN,NaN,NaN,NaN,NaN,NaN,NaN,1,0,0,0,0,NaN,NaN,9.884836606270564,NaN,NaN,NaN,1.858974069248496,1.848234189922,NaN,NaN,NaN,NaN,NaN,NaN,NaN,NaN,NaN,NaN,1
2024-08-12T11:16:00-04:00,1.846754254958191,1.8522,1.8416,1.8469,1.8448344305404434,1.8221554799553847,1.8522170536184757,0,0,21092,21091,0,0,0,0,NaN,NaN,7.283855210875877,NaN,NaN,NaN,1.858974069248496,1.848234189922,NaN,NaN,NaN,NaN,NaN,NaN,NaN,NaN,NaN,NaN,1,0,0,0,0,NaN,NaN,7.283855210875877,NaN,NaN,NaN,1.858974069248496,1.848234189922,NaN,NaN,NaN,NaN,NaN,NaN,NaN,NaN,NaN,NaN,1
2024-08-12T11:17:00-04:00,1.8468271274790955,1.85,1.8468271274790955,1.85,1.8457736249876355,1.8225805871316385,1.8522125891414205,0,0,21092,21091,0,0,0,0,NaN,NaN,5.019000626939363,NaN,NaN,NaN,1.858974069248496,1.848234189922,NaN,NaN,NaN,NaN,NaN,NaN,NaN,NaN,NaN,NaN,1,0,0,0,0,NaN,NaN,5.019000626939363,NaN,NaN,NaN,1.858974069248496,1.848234189922,NaN,NaN,NaN,NaN,NaN,NaN,NaN,NaN,NaN,NaN,1
2024-08-12T11:18:00-04:00,1.8484135637395478,1.855,1.8484135637395478,1.855,1.8474511477171562,1.8230755399998577,1.8522197211703297,0,0,21092,21091,0,0,0,0,NaN,NaN,3.145627397515246,NaN,NaN,NaN,1.858974069248496,1.848234189922,NaN,NaN,NaN,NaN,NaN,NaN,NaN,NaN,NaN,NaN,1,0,0,0,0,NaN,NaN,3.145627397515246,NaN,NaN,NaN,1.858974069248496,1.848234189922,NaN,NaN,NaN,NaN,NaN,NaN,NaN,NaN,NaN,NaN,1
2024-08-12T11:19:00-04:00,1.8517067818697739,1.8517067818697739,1.85,1.85,1.847914575404946,1.8234866004578751,1.8522000193365962,0,0,21092,21091,0,0,0,0,NaN,NaN,1.1639061536395563,NaN,NaN,NaN,1.858974069248496,1.848234189922,NaN,NaN,NaN,NaN,NaN,NaN,NaN,NaN,NaN,NaN,1,0,0,0,0,NaN,NaN,1.1639061536395563,NaN,NaN,NaN,1.858974069248496,1.848234189922,NaN,NaN,NaN,NaN,NaN,NaN,NaN,NaN,NaN,NaN,1
2024-08-12T11:20:00-04:00,1.850853390934887,1.850853390934887,1.84,1.84,1.8464755616949557,1.8237387134279839,1.8521845696249017,0,0,21092,21091,0,0,0,0,NaN,NaN,0.011029573985456207,NaN,NaN,NaN,1.858974069248496,1.848234189922,NaN,NaN,NaN,NaN,NaN,NaN,NaN,NaN,NaN,NaN,1,0,0,0,0,NaN,NaN,0.011029573985456207,NaN,NaN,NaN,1.858974069248496,1.848234189922,NaN,NaN,NaN,NaN,NaN,NaN,NaN,NaN,NaN,NaN,1
2024-08-12T11:23:00-04:00,1.8454266954674434,1.85,1.8454266954674434,1.85,1.8471163686595093,1.824139649100839,1.8520912440901927,0,0,21092,21091,0,0,0,0,NaN,NaN,2.7689489174450657,NaN,NaN,NaN,1.858974069248496,1.848234189922,NaN,NaN,NaN,NaN,NaN,NaN,NaN,NaN,NaN,NaN,1,0,0,0,0,NaN,NaN,2.7689489174450657,NaN,NaN,NaN,1.858974069248496,1.848234189922,NaN,NaN,NaN,NaN,NaN,NaN,NaN,NaN,NaN,NaN,1
2024-08-12T11:27:00-04:00,1.8477133477337218,1.85,1.84,1.8450000000000002,1.8467315743577803,1.824458127740521,1.8520231327290189,0,0,21092,21091,0,0,0,0,NaN,NaN,3.8260888325291296,NaN,NaN,NaN,1.858974069248496,1.848234189922,NaN,NaN,NaN,NaN,NaN,NaN,NaN,NaN,NaN,NaN,1,0,0,0,0,NaN,NaN,3.8260888325291296,NaN,NaN,NaN,1.858974069248496,1.848234189922,NaN,NaN,NaN,NaN,NaN,NaN,NaN,NaN,NaN,NaN,1
2024-08-12T11:28:00-04:00,1.846356673866861,1.846356673866861,1.84,1.84,1.8455076517472748,1.824695408233032,1.8519943313570486,0,0,21092,21091,0,0,0,0,NaN,NaN,3.795512075230901,NaN,NaN,NaN,1.858974069248496,1.848234189922,NaN,NaN,NaN,NaN,NaN,NaN,NaN,NaN,NaN,NaN,1,0,0,0,0,NaN,NaN,3.795512075230901,NaN,NaN,NaN,1.858974069248496,1.848234189922,NaN,NaN,NaN,NaN,NaN,NaN,NaN,NaN,NaN,NaN,1
2024-08-12T11:30:00-04:00,1.8431783369334305,1.8431783369334305,1.84,1.84,1.8445062605204976,1.824929066122604,1.8519799823543484,0,0,21092,21091,0,0,0,0,NaN,NaN,0.9950328584227283,NaN,NaN,NaN,1.858974069248496,1.848234189922,NaN,NaN,NaN,NaN,NaN,NaN,NaN,NaN,NaN,NaN,1,0,0,0,0,NaN,NaN,0.9950328584227283,NaN,NaN,NaN,1.858974069248496,1.848234189922,NaN,NaN,NaN,NaN,NaN,NaN,NaN,NaN,NaN,NaN,1
2024-08-12T11:33:00-04:00,1.8415891684667152,1.86,1.8415891684667152,1.855,1.8464142131531345,1.8253881643497398,1.852053993756564,1,0,21092,21091,0,0,0,0,NaN,NaN,0.7021635884632698,NaN,NaN,NaN,1.858974069248496,1.848234189922,NaN,NaN,NaN,NaN,NaN,NaN,NaN,NaN,NaN,NaN,1,0,0,0,0,NaN,NaN,0.7021635884632698,NaN,NaN,NaN,1.858974069248496,1.848234189922,NaN,NaN,NaN,NaN,NaN,NaN,NaN,NaN,NaN,NaN,1
2024-08-12T11:40:00-04:00,1.8482945842333576,1.85,1.8482945842333576,1.85,1.8470661743980192,1.8257639175657743,1.8520515995454014,0,0,21092,21091,0,0,0,0,NaN,NaN,1.2126579711396388,NaN,NaN,NaN,1.858974069248496,1.848234189922,NaN,NaN,NaN,NaN,NaN,NaN,NaN,NaN,NaN,NaN,1,0,0,0,0,NaN,NaN,1.2126579711396388,NaN,NaN,NaN,1.858974069248496,1.848234189922,NaN,NaN,NaN,NaN,NaN,NaN,NaN,NaN,NaN,NaN,1
2024-08-12T11:43:00-04:00,1.8491472921166787,1.85,1.8491472921166787,1.85,1.847599597234743,1.8261339340914877,1.8520478757010215,0,0,21092,21091,0,0,0,0,NaN,NaN,0.4215657890208998,NaN,NaN,NaN,1.858974069248496,1.848234189922,NaN,NaN,NaN,NaN,NaN,NaN,NaN,NaN,NaN,NaN,1,0,0,0,0,NaN,NaN,0.4215657890208998,NaN,NaN,NaN,1.858974069248496,1.848234189922,NaN,NaN,NaN,NaN,NaN,NaN,NaN,NaN,NaN,NaN,1
2024-08-12T11:44:00-04:00,1.8495736460583394,1.85,1.8495736460583394,1.85,1.8480360341011535,1.8264983015099383,1.8520407523247453,0,0,21092,21091,0,0,0,0,NaN,NaN,0.24762270681933807,NaN,NaN,NaN,1.858974069248496,1.848234189922,NaN,NaN,NaN,NaN,NaN,NaN,NaN,NaN,NaN,NaN,1,0,0,0,0,NaN,NaN,0.24762270681933807,NaN,NaN,NaN,1.858974069248496,1.848234189922,NaN,NaN,NaN,NaN,NaN,NaN,NaN,NaN,NaN,NaN,1
2024-08-12T11:45:00-04:00,1.8497868230291696,1.855,1.8497868230291696,1.8525,1.8488476642645801,1.8268952740059698,1.8520428724349651,0,0,21092,21091,0,0,0,0,NaN,NaN,0.07036839270950837,NaN,NaN,NaN,1.858974069248496,1.848234189922,NaN,NaN,NaN,NaN,NaN,NaN,NaN,NaN,NaN,NaN,1,0,0,0,0,NaN,NaN,0.07036839270950837,NaN,NaN,NaN,1.858974069248496,1.848234189922,NaN,NaN,NaN,NaN,NaN,NaN,NaN,NaN,NaN,NaN,1
2024-08-12T11:50:00-04:00,1.8511434115145848,1.855,1.8511434115145848,1.855,1.849966270761929,1.8273243537921382,1.852049682483937,0,0,21092,21091,0,0,0,0,NaN,NaN,0.0014663477695530968,NaN,NaN,NaN,1.858974069248496,1.848234189922,NaN,NaN,NaN,NaN,NaN,NaN,NaN,NaN,NaN,NaN,1,0,0,0,0,NaN,NaN,0.0014663477695530968,NaN,NaN,NaN,1.858974069248496,1.848234189922,NaN,NaN,NaN,NaN,NaN,NaN,NaN,NaN,NaN,NaN,1
2024-08-12T11:52:00-04:00,1.8530717057572925,1.8530717057572925,1.85,1.85,1.8499724033506693,1.827670546864014,1.8520356188390548,0,0,21092,21091,0,0,0,0,NaN,NaN,0.19144451597684903,NaN,NaN,NaN,1.858974069248496,1.848234189922,NaN,NaN,NaN,NaN,NaN,NaN,NaN,NaN,NaN,NaN,1,0,0,0,0,NaN,NaN,0.19144451597684903,NaN,NaN,NaN,1.858974069248496,1.848234189922,NaN,NaN,NaN,NaN,NaN,NaN,NaN,NaN,NaN,NaN,1
2024-08-12T11:53:00-04:00,1.8515358528786463,1.8527,1.8515358528786463,1.8527,1.850468330014184,1.8280526759195252,1.8520431305542364,0,0,21092,21091,0,0,0,0,NaN,NaN,1.6511298964192036,NaN,NaN,NaN,1.858974069248496,1.848234189922,NaN,NaN,NaN,NaN,NaN,NaN,NaN,NaN,NaN,NaN,1,0,0,0,0,NaN,NaN,1.6511298964192036,NaN,NaN,NaN,1.858974069248496,1.848234189922,NaN,NaN,NaN,NaN,NaN,NaN,NaN,NaN,NaN,NaN,1
2024-08-12T11:54:00-04:00,1.8521179264393233,1.8521179264393233,1.85,1.85,1.8503831791025143,1.8283877495696088,1.8520225496944462,0,0,21092,21091,0,0,0,0,NaN,NaN,4.284244948509331,NaN,NaN,NaN,1.858974069248496,1.848234189922,NaN,NaN,NaN,NaN,NaN,NaN,NaN,NaN,NaN,NaN,1,0,0,0,0,NaN,NaN,4.284244948509331,NaN,NaN,NaN,1.858974069248496,1.848234189922,NaN,NaN,NaN,NaN,NaN,NaN,NaN,NaN,NaN,NaN,1
2024-08-12T11:55:00-04:00,1.8510589632196617,1.8510589632196617,1.84,1.84,1.8484953283566026,1.8285650358357217,1.8519026519180906,0,0,21092,21091,0,0,0,0,NaN,NaN,1.519309867411384,NaN,NaN,NaN,1.858974069248496,1.848234189922,NaN,NaN,NaN,NaN,NaN,NaN,NaN,NaN,NaN,NaN,1,0,0,0,0,NaN,NaN,1.519309867411384,NaN,NaN,NaN,1.858974069248496,1.848234189922,NaN,NaN,NaN,NaN,NaN,NaN,NaN,NaN,NaN,NaN,1
2024-08-12T11:57:00-04:00,1.8455294816098309,1.85,1.8455294816098309,1.85,1.8487689050190386,1.8288922871970084,1.8518690184499835,0,0,21092,21091,0,0,0,0,NaN,NaN,2.023517314471848,NaN,NaN,NaN,1.858974069248496,1.848234189922,NaN,NaN,NaN,NaN,NaN,NaN,NaN,NaN,NaN,NaN,1,0,0,0,0,NaN,NaN,2.023517314471848,NaN,NaN,NaN,1.858974069248496,1.848234189922,NaN,NaN,NaN,NaN,NaN,NaN,NaN,NaN,NaN,NaN,1
2024-08-12T11:58:00-04:00,1.8477647408049154,1.85,1.8477647408049154,1.85,1.8489927404701225,1.829214542354306,1.8518637236652158,0,0,21092,21091,0,0,0,0,NaN,NaN,2.612072258369446,NaN,NaN,NaN,1.858974069248496,1.848234189922,NaN,NaN,NaN,NaN,NaN,NaN,NaN,NaN,NaN,NaN,1,0,0,0,0,NaN,NaN,2.612072258369446,NaN,NaN,NaN,1.858974069248496,1.848234189922,NaN,NaN,NaN,NaN,NaN,NaN,NaN,NaN,NaN,NaN,1
2024-08-12T12:01:00-04:00,1.8488823704024577,1.85,1.8488823704024577,1.85,1.8491758785664638,1.829531877585538,1.8518617029523696,0,0,21092,21091,0,0,0,0,NaN,NaN,1.2404056656198335,NaN,NaN,NaN,1.858974069248496,1.848234189922,NaN,NaN,NaN,NaN,NaN,NaN,NaN,NaN,NaN,NaN,1,0,0,0,0,NaN,NaN,1.2404056656198335,NaN,NaN,NaN,1.858974069248496,1.848234189922,NaN,NaN,NaN,NaN,NaN,NaN,NaN,NaN,NaN,NaN,1
2024-08-12T12:02:00-04:00,1.849441185201229,1.855,1.849441185201229,1.8525,1.8497802642816523,1.8298825359430106,1.8518680409742798,1,0,21092,21091,0,0,0,0,NaN,NaN,1.198977658945938,NaN,NaN,NaN,1.858974069248496,1.848234189922,NaN,NaN,NaN,NaN,NaN,NaN,NaN,NaN,NaN,NaN,1,0,0,0,0,NaN,NaN,1.198977658945938,NaN,NaN,NaN,1.858974069248496,1.848234189922,NaN,NaN,NaN,NaN,NaN,NaN,NaN,NaN,NaN,NaN,1
2024-08-12T12:04:00-04:00,1.8509705926006146,1.8509705926006146,1.84,1.84,1.848002034412261,1.8300370010431173,1.851836276309873,0,0,21092,21091,0,0,0,0,NaN,NaN,0.7559275462219361,NaN,NaN,NaN,1.858974069248496,1.848234189922,NaN,NaN,NaN,NaN,NaN,NaN,NaN,NaN,NaN,NaN,1,0,0,0,0,NaN,NaN,0.7559275462219361,NaN,NaN,NaN,1.858974069248496,1.848234189922,NaN,NaN,NaN,NaN,NaN,NaN,NaN,NaN,NaN,NaN,1
2024-08-12T12:09:00-04:00,1.8454852963003074,1.85,1.8454852963003074,1.85,1.848365300882759,1.830341779653146,1.8518343125040104,0,0,21092,21091,0,0,0,0,NaN,NaN,0.43773283823883863,NaN,NaN,NaN,1.858974069248496,1.848234189922,NaN,NaN,NaN,NaN,NaN,NaN,NaN,NaN,NaN,NaN,1,0,0,0,0,NaN,NaN,0.43773283823883863,NaN,NaN,NaN,1.858974069248496,1.848234189922,NaN,NaN,NaN,NaN,NaN,NaN,NaN,NaN,NaN,NaN,1
2024-08-12T12:10:00-04:00,1.8477426481501538,1.85,1.8406,1.8453,1.84780797344953,1.830570149429434,1.8517898236268815,0,0,21092,21091,0,0,0,0,NaN,NaN,0.423245594843342,NaN,NaN,NaN,1.858974069248496,1.848234189922,NaN,NaN,NaN,NaN,NaN,NaN,NaN,NaN,NaN,NaN,1,0,0,0,0,NaN,NaN,0.423245594843342,NaN,NaN,NaN,1.858974069248496,1.848234189922,NaN,NaN,NaN,NaN,NaN,NaN,NaN,NaN,NaN,NaN,1
2024-08-12T12:12:00-04:00,1.8465213240750769,1.85,1.8465213240750769,1.85,1.8482065237314338,1.8308667883694427,1.851786862825149,0,0,21092,21091,0,0,0,0,NaN,NaN,0.0009533007678977846,NaN,NaN,NaN,1.858974069248496,1.848234189922,NaN,NaN,NaN,NaN,NaN,NaN,NaN,NaN,NaN,NaN,1,0,0,0,0,NaN,NaN,0.0009533007678977846,NaN,NaN,NaN,1.858974069248496,1.848234189922,NaN,NaN,NaN,NaN,NaN,NaN,NaN,NaN,NaN,NaN,1
2024-08-12T12:15:00-04:00,1.8482606620375384,1.8482606620375384,1.84,1.84,1.8467144285075368,1.8310062267149474,1.8517743771384387,0,0,21092,21091,0,0,0,0,NaN,NaN,0.04616442915075606,NaN,NaN,NaN,1.858974069248496,1.848234189922,NaN,NaN,NaN,NaN,NaN,NaN,NaN,NaN,NaN,NaN,1,0,0,0,0,NaN,NaN,0.04616442915075606,NaN,NaN,NaN,1.858974069248496,1.848234189922,NaN,NaN,NaN,NaN,NaN,NaN,NaN,NaN,NaN,NaN,1
2024-08-12T12:22:00-04:00,1.844130331018769,1.844130331018769,1.84,1.84,1.8454936233243482,1.8311435362307498,1.8517619178756233,0,0,21092,21091,0,0,0,0,NaN,NaN,1.5735427858868865,NaN,NaN,NaN,1.858974069248496,1.848234189922,NaN,NaN,NaN,NaN,NaN,NaN,NaN,NaN,NaN,NaN,1,0,0,0,0,NaN,NaN,1.5735427858868865,NaN,NaN,NaN,1.858974069248496,1.848234189922,NaN,NaN,NaN,NaN,NaN,NaN,NaN,NaN,NaN,NaN,1
2024-08-12T12:24:00-04:00,1.8420651655093847,1.85,1.8420651655093847,1.85,1.8463129645381031,1.8314314211737917,1.8517600554422167,0,0,21092,21091,0,0,0,0,NaN,NaN,1.171606087311103,NaN,NaN,NaN,1.858974069248496,1.848234189922,NaN,NaN,NaN,NaN,NaN,NaN,NaN,NaN,NaN,NaN,1,0,0,0,0,NaN,NaN,1.171606087311103,NaN,NaN,NaN,1.858974069248496,1.848234189922,NaN,NaN,NaN,NaN,NaN,NaN,NaN,NaN,NaN,NaN,1
2024-08-12T12:25:00-04:00,1.8460325827546924,1.85,1.8460325827546924,1.85,1.8469833346220843,1.8317149109268636,1.8517050835611812,0,0,21092,21091,0,0,0,0,NaN,NaN,0.8288386227645381,NaN,NaN,NaN,1.858974069248496,1.848234189922,NaN,NaN,NaN,NaN,NaN,NaN,NaN,NaN,NaN,NaN,1,0,0,0,0,NaN,NaN,0.8288386227645381,NaN,NaN,NaN,1.858974069248496,1.848234189922,NaN,NaN,NaN,NaN,NaN,NaN,NaN,NaN,NaN,NaN,1
2024-08-12T12:26:00-04:00,1.8480162913773461,1.8503,1.8480162913773461,1.850075,1.8475454555998871,1.8319952176302703,1.8516808283229766,0,0,21092,21091,0,0,0,0,NaN,NaN,0.5404673998948223,NaN,NaN,NaN,1.858974069248496,1.848234189922,NaN,NaN,NaN,NaN,NaN,NaN,NaN,NaN,NaN,NaN,1,0,0,0,0,NaN,NaN,0.5404673998948223,NaN,NaN,NaN,1.858974069248496,1.848234189922,NaN,NaN,NaN,NaN,NaN,NaN,NaN,NaN,NaN,NaN,1
2024-08-12T12:27:00-04:00,1.849045645688673,1.85,1.849045645688673,1.85,1.8479917363999077,1.832270099803854,1.851669042252675,0,0,21092,21091,0,0,0,0,NaN,NaN,0.3172670112956173,NaN,NaN,NaN,1.858974069248496,1.848234189922,NaN,NaN,NaN,NaN,NaN,NaN,NaN,NaN,NaN,NaN,1,0,0,0,0,NaN,NaN,0.3172670112956173,NaN,NaN,NaN,1.858974069248496,1.848234189922,NaN,NaN,NaN,NaN,NaN,NaN,NaN,NaN,NaN,NaN,1
2024-08-12T12:30:00-04:00,1.8495228228443366,1.85,1.8495228228443366,1.85,1.848356875236288,1.8325407853030318,1.8516572224985084,0,0,21092,21091,0,0,0,0,NaN,NaN,0.1797104496018303,NaN,NaN,NaN,1.858974069248496,1.848234189922,NaN,NaN,NaN,NaN,NaN,NaN,NaN,NaN,NaN,NaN,1,0,0,0,0,NaN,NaN,0.1797104496018303,NaN,NaN,NaN,1.858974069248496,1.848234189922,NaN,NaN,NaN,NaN,NaN,NaN,NaN,NaN,NaN,NaN,1
2024-08-12T12:31:00-04:00,1.8497614114221683,1.86,1.8497614114221683,1.8587500000000001,1.8502465342842356,1.8329409259854281,1.8521043218332962,0,0,21092,21091,0,0,0,0,NaN,NaN,0.01345797849312804,NaN,NaN,NaN,1.858974069248496,1.848234189922,NaN,NaN,NaN,NaN,NaN,NaN,NaN,NaN,NaN,NaN,1,0,0,0,0,NaN,NaN,0.01345797849312804,NaN,NaN,NaN,1.858974069248496,1.848234189922,NaN,NaN,NaN,NaN,NaN,NaN,NaN,NaN,NaN,NaN,1
2024-08-12T12:34:00-04:00,1.8542557057110842,1.8621,1.8542557057110842,1.8621,1.85240170986892,1.8333861026879408,1.8521425540309706,0,0,21092,21091,0,0,0,0,NaN,NaN,0.555411860251301,NaN,NaN,NaN,1.858974069248496,1.848234189922,NaN,NaN,NaN,NaN,NaN,NaN,NaN,NaN,NaN,NaN,1,0,0,0,0,NaN,NaN,0.555411860251301,NaN,NaN,NaN,1.858974069248496,1.848234189922,NaN,NaN,NaN,NaN,NaN,NaN,NaN,NaN,NaN,NaN,1
2024-08-12T12:35:00-04:00,1.8581778528555422,1.88,1.8581778528555422,1.8725,1.8560559444382074,1.8339832614255294,1.8529719643604565,0,0,21092,21091,0,0,0,0,NaN,NaN,2.0310854912657206,NaN,NaN,NaN,1.858974069248496,1.848234189922,NaN,NaN,NaN,NaN,NaN,NaN,NaN,NaN,NaN,NaN,1,0,0,0,0,NaN,NaN,2.0310854912657206,NaN,NaN,NaN,1.858974069248496,1.848234189922,NaN,NaN,NaN,NaN,NaN,NaN,NaN,NaN,NaN,NaN,1
2024-08-12T12:36:00-04:00,1.865338926427771,1.8899,1.865338926427771,1.87995,1.8604003181767153,1.834685043693842,1.8536967341473776,0,0,21092,21091,0,0,0,0,NaN,NaN,5.171609692334364,NaN,NaN,NaN,1.858974069248496,1.848234189922,NaN,NaN,NaN,NaN,NaN,NaN,NaN,NaN,NaN,NaN,1,0,0,0,0,NaN,NaN,5.171609692334364,NaN,NaN,NaN,1.858974069248496,1.848234189922,NaN,NaN,NaN,NaN,NaN,NaN,NaN,NaN,NaN,NaN,1
2024-08-12T12:38:00-04:00,1.8726444632138857,1.9,1.8726444632138857,1.8900000000000001,1.8657820785082215,1.8355295468435544,1.8553455038426223,0,0,21092,21091,0,0,0,0,NaN,NaN,6.624762658565032,NaN,NaN,NaN,1.858974069248496,1.848234189922,NaN,NaN,NaN,NaN,NaN,NaN,NaN,NaN,NaN,NaN,1,0,0,0,0,NaN,NaN,6.624762658565032,NaN,NaN,NaN,1.858974069248496,1.848234189922,NaN,NaN,NaN,NaN,NaN,NaN,NaN,NaN,NaN,NaN,1
2024-08-12T12:39:00-04:00,1.881322231606943,1.93,1.881322231606943,1.915,1.8747307915067266,1.8367428362047216,1.8575323742239864,0,0,21092,21091,0,0,0,0,NaN,NaN,10.707547399027394,NaN,NaN,NaN,1.858974069248496,1.8610540614337001,NaN,NaN,NaN,NaN,NaN,NaN,NaN,NaN,NaN,NaN,1,0,0,0,0,NaN,NaN,10.707547399027394,NaN,NaN,NaN,1.858974069248496,1.8610540614337001,NaN,NaN,NaN,NaN,NaN,NaN,NaN,NaN,NaN,NaN,1
2024-08-12T12:40:00-04:00,1.8981611158034715,1.97,1.8981611158034715,1.97,1.892052465778231,1.83877729672068,1.8576219320597864,0,0,21092,21091,0,0,0,0,NaN,NaN,13.20728732544531,NaN,NaN,NaN,1.9384641711054271,1.9032143303756341,NaN,NaN,NaN,NaN,NaN,NaN,NaN,NaN,NaN,NaN,1,0,0,0,0,NaN,NaN,13.20728732544531,NaN,NaN,NaN,1.9384641711054271,1.9032143303756341,NaN,NaN,NaN,NaN,NaN,NaN,NaN,NaN,NaN,NaN,1
2024-08-12T12:41:00-04:00,1.9340805579017357,1.97,1.9340805579017357,1.97,1.9062247447276435,1.8407806967707459,1.8584215799210952,0,0,21092,21091,0,0,0,0,1.97,NaN,16.75668966390819,NaN,NaN,NaN,1.949828713112418,1.9032143303756341,NaN,NaN,NaN,NaN,NaN,NaN,NaN,NaN,NaN,NaN,1,0,0,0,0,1.97,NaN,16.75668966390819,NaN,NaN,NaN,1.949828713112418,1.9032143303756341,NaN,NaN,NaN,NaN,NaN,NaN,NaN,NaN,NaN,NaN,1
2024-08-12T12:43:00-04:00,1.952040278950868,1.952040278950868,1.95,1.95,1.9141838820498902,1.8424481670490551,1.859139949090453,0,0,21092,21091,0,0,0,0,NaN,NaN,20.407107097920658,NaN,NaN,NaN,1.949828713112418,1.9032143303756341,NaN,NaN,NaN,NaN,NaN,NaN,NaN,NaN,NaN,NaN,1,0,0,0,0,NaN,NaN,20.407107097920658,NaN,NaN,NaN,1.949828713112418,1.9032143303756341,NaN,NaN,NaN,NaN,NaN,NaN,NaN,NaN,NaN,NaN,1
2024-08-12T12:44:00-04:00,1.951020139475434,2,1.951020139475434,1.983625,1.926809539859001,1.8446035385444894,1.862894975693441,1,0,21092,21091,0,0,0,0,NaN,NaN,23.772335841849547,NaN,NaN,NaN,1.949828713112418,1.925482445996751,NaN,NaN,NaN,NaN,NaN,NaN,NaN,NaN,NaN,NaN,1,0,0,0,0,NaN,NaN,23.772335841849547,NaN,NaN,NaN,1.949828713112418,1.925482445996751,NaN,NaN,NaN,NaN,NaN,NaN,NaN,NaN,NaN,NaN,1
2024-08-12T12:45:00-04:00,1.967322569737717,1.98,1.967322569737717,1.977725,1.9360668962482737,1.846635927269001,1.8634357900854108,0,0,21092,21091,0,0,0,0,NaN,NaN,27.073460996555827,NaN,NaN,NaN,1.949828713112418,1.925482445996751,NaN,NaN,NaN,NaN,NaN,NaN,NaN,NaN,NaN,NaN,1,0,0,0,0,NaN,NaN,27.073460996555827,NaN,NaN,NaN,1.949828713112418,1.925482445996751,NaN,NaN,NaN,NaN,NaN,NaN,NaN,NaN,NaN,NaN,1
2024-08-12T12:46:00-04:00,1.9725237848688586,1.9891,1.97,1.9795500000000001,1.943972915112224,1.8486651497534436,1.864134915291869,0,0,21092,21091,0,0,0,0,NaN,NaN,30.475559817505566,NaN,NaN,NaN,1.949828713112418,1.925482445996751,NaN,NaN,NaN,NaN,NaN,NaN,NaN,NaN,NaN,NaN,1,0,0,0,0,NaN,NaN,30.475559817505566,NaN,NaN,NaN,1.949828713112418,1.925482445996751,NaN,NaN,NaN,NaN,NaN,NaN,NaN,NaN,NaN,NaN,1
2024-08-12T12:47:00-04:00,1.9760368924344294,1.99,1.9760368924344294,1.99,1.9523414760009106,1.8508229337266735,1.8642295734688048,0,0,21092,21091,0,0,0,0,NaN,NaN,33.73220361279277,NaN,NaN,NaN,1.949828713112418,1.943389158957531,NaN,NaN,NaN,NaN,NaN,NaN,NaN,NaN,NaN,NaN,1,0,0,0,0,NaN,NaN,33.73220361279277,NaN,NaN,NaN,1.949828713112418,1.943389158957531,NaN,NaN,NaN,NaN,NaN,NaN,NaN,NaN,NaN,NaN,1
2024-08-12T12:49:00-04:00,1.9830184462172147,1.9830184462172147,1.95,1.96255,1.9541975712734723,1.8525286904636709,1.867914827971856,0,0,21092,21091,0,0,0,0,NaN,NaN,36.878718936041125,NaN,NaN,NaN,1.949828713112418,1.943389158957531,NaN,NaN,NaN,NaN,NaN,NaN,NaN,NaN,NaN,NaN,1,0,0,0,0,NaN,NaN,36.878718936041125,NaN,NaN,NaN,1.949828713112418,1.943389158957531,NaN,NaN,NaN,NaN,NaN,NaN,NaN,NaN,NaN,NaN,1
2024-08-12T12:50:00-04:00,1.9727842231086075,1.9727842231086075,1.94,1.9517499999999999,1.953752558314659,1.8540435196168972,1.8688064296252267,0,0,21092,21091,0,0,0,0,NaN,NaN,39.761466954338445,NaN,NaN,NaN,1.949828713112418,1.943389158957531,NaN,NaN,NaN,NaN,NaN,NaN,NaN,NaN,NaN,NaN,1,0,0,0,0,NaN,NaN,39.761466954338445,NaN,NaN,NaN,1.949828713112418,1.943389158957531,NaN,NaN,NaN,NaN,NaN,NaN,NaN,NaN,NaN,NaN,1
2024-08-12T12:51:00-04:00,1.9622671115543038,1.9622671115543038,1.94,1.9449999999999998,1.95216118407563,1.8554321681723644,1.869246958374572,0,0,21092,21091,0,0,0,0,NaN,NaN,42.55924161878589,NaN,NaN,NaN,1.949828713112418,1.943389158957531,NaN,NaN,NaN,NaN,NaN,NaN,NaN,NaN,NaN,NaN,1,0,0,0,0,NaN,NaN,42.55924161878589,NaN,NaN,NaN,1.949828713112418,1.943389158957531,NaN,NaN,NaN,NaN,NaN,NaN,NaN,NaN,NaN,NaN,1
2024-08-12T12:53:00-04:00,1.9536335557771518,1.9536335557771518,1.94,1.94,1.9499500596982429,1.8567232801086642,1.869683547924849,0,0,21092,21091,0,0,0,0,NaN,NaN,45.29923208781154,NaN,NaN,NaN,1.949828713112418,1.943389158957531,NaN,NaN,NaN,NaN,NaN,NaN,NaN,NaN,NaN,NaN,1,0,0,0,0,NaN,NaN,45.29923208781154,NaN,NaN,NaN,1.949828713112418,1.943389158957531,NaN,NaN,NaN,NaN,NaN,NaN,NaN,NaN,NaN,NaN,1
2024-08-12T12:54:00-04:00,1.9468167778885759,1.9468167778885759,1.94,1.94,1.948140957934926,1.8579946804123486,1.869733271399781,0,0,21092,21091,0,0,0,0,NaN,NaN,47.617110492372014,NaN,NaN,NaN,1.949828713112418,1.943389158957531,NaN,NaN,NaN,NaN,NaN,NaN,NaN,NaN,NaN,NaN,1,0,0,0,0,NaN,NaN,47.617110492372014,NaN,NaN,NaN,1.949828713112418,1.943389158957531,NaN,NaN,NaN,NaN,NaN,NaN,NaN,NaN,NaN,NaN,1
2024-08-12T12:57:00-04:00,1.943408388944288,1.943408388944288,1.93,1.935,1.9457516928558485,1.8591703341465111,1.8698654611438088,0,0,21092,21091,0,0,0,0,NaN,NaN,49.094002968160645,NaN,NaN,NaN,1.949828713112418,1.943389158957531,NaN,NaN,NaN,NaN,NaN,NaN,NaN,NaN,NaN,NaN,1,0,0,0,0,NaN,NaN,49.094002968160645,NaN,NaN,NaN,1.949828713112418,1.943389158957531,NaN,NaN,NaN,NaN,NaN,NaN,NaN,NaN,NaN,NaN,1
2024-08-12T13:00:00-04:00,1.9392041944721439,1.94,1.9392041944721439,1.94,1.9447059305184216,1.8604043748465644,1.869914920628764,0,0,21092,21091,0,0,0,0,NaN,NaN,51.50747646061272,NaN,NaN,NaN,1.949828713112418,1.943389158957531,NaN,NaN,NaN,NaN,NaN,NaN,NaN,NaN,NaN,NaN,1,0,0,0,0,NaN,NaN,51.50747646061272,NaN,NaN,NaN,1.949828713112418,1.943389158957531,NaN,NaN,NaN,NaN,NaN,NaN,NaN,NaN,NaN,NaN,1
2024-08-12T13:02:00-04:00,1.939602097236072,1.94,1.939602097236072,1.94,1.9438503067877995,1.8616195752305864,1.8700136306178787,0,0,21092,21091,0,0,0,0,NaN,NaN,53.424360134064976,NaN,NaN,NaN,1.949828713112418,1.943389158957531,NaN,NaN,NaN,NaN,NaN,NaN,NaN,NaN,NaN,NaN,1,0,0,0,0,NaN,NaN,53.424360134064976,NaN,NaN,NaN,1.949828713112418,1.943389158957531,NaN,NaN,NaN,NaN,NaN,NaN,NaN,NaN,NaN,NaN,1
2024-08-12T13:04:00-04:00,1.939801048618036,1.939801048618036,1.93,1.93,1.9413320691900178,1.8626635511812646,1.870055844217534,0,0,21092,21091,0,0,0,0,NaN,NaN,55.28794496163402,NaN,NaN,NaN,1.949828713112418,1.943389158957531,NaN,NaN,NaN,NaN,NaN,NaN,NaN,NaN,NaN,NaN,1,0,0,0,0,NaN,NaN,55.28794496163402,NaN,NaN,NaN,1.949828713112418,1.943389158957531,NaN,NaN,NaN,NaN,NaN,NaN,NaN,NaN,NaN,NaN,1
2024-08-12T13:06:00-04:00,1.9349005243090178,1.94,1.93,1.935,1.9401807838827418,1.8637679244456729,1.8702381410436344,0,0,21092,21091,0,0,0,0,NaN,NaN,57.23279808587731,NaN,NaN,NaN,1.949828713112418,1.943389158957531,NaN,NaN,NaN,NaN,NaN,NaN,NaN,NaN,NaN,NaN,1,0,0,0,0,NaN,NaN,57.23279808587731,NaN,NaN,NaN,1.949828713112418,1.943389158957531,NaN,NaN,NaN,NaN,NaN,NaN,NaN,NaN,NaN,NaN,1
2024-08-12T13:08:00-04:00,1.934950262154509,1.934950262154509,1.93,1.93,1.9383297322676978,1.8647791011716932,1.8702800491928584,0,0,21092,21091,0,0,0,0,NaN,NaN,58.585155637572036,NaN,NaN,NaN,1.949828713112418,1.943389158957531,NaN,NaN,NaN,NaN,NaN,NaN,NaN,NaN,NaN,NaN,1,0,0,0,0,NaN,NaN,58.585155637572036,NaN,NaN,NaN,1.949828713112418,1.943389158957531,NaN,NaN,NaN,NaN,NaN,NaN,NaN,NaN,NaN,NaN,1
2024-08-12T13:10:00-04:00,1.9324751310772545,1.94,1.93,1.9349999999999998,1.9377243264008437,1.865851175962965,1.8705512183838215,0,0,21092,21091,0,0,0,0,NaN,NaN,60.63859206692486,NaN,NaN,NaN,1.949828713112418,1.943389158957531,NaN,NaN,NaN,NaN,NaN,NaN,NaN,NaN,NaN,NaN,1,0,0,0,0,NaN,NaN,60.63859206692486,NaN,NaN,NaN,1.949828713112418,1.943389158957531,NaN,NaN,NaN,NaN,NaN,NaN,NaN,NaN,NaN,NaN,1
2024-08-12T13:11:00-04:00,1.9337375655386273,1.95,1.9337375655386273,1.95,1.9399562670552357,1.8671358908337594,1.8706066598861146,0,0,21092,21091,0,0,0,0,NaN,NaN,62.42988072858808,NaN,NaN,NaN,1.949828713112418,1.943389158957531,NaN,NaN,NaN,NaN,NaN,NaN,NaN,NaN,NaN,NaN,1,0,0,0,0,NaN,NaN,62.42988072858808,NaN,NaN,NaN,1.949828713112418,1.943389158957531,NaN,NaN,NaN,NaN,NaN,NaN,NaN,NaN,NaN,NaN,1
2024-08-12T13:13:00-04:00,1.9418687827693137,1.95,1.93,1.94,1.9399642184997383,1.8682483199813356,1.8707033739947876,0,0,21092,21091,0,0,0,0,NaN,NaN,63.95685120309979,NaN,NaN,NaN,1.949828713112418,1.943389158957531,NaN,NaN,NaN,NaN,NaN,NaN,NaN,NaN,NaN,NaN,1,0,0,0,0,NaN,NaN,63.95685120309979,NaN,NaN,NaN,1.949828713112418,1.943389158957531,NaN,NaN,NaN,NaN,NaN,NaN,NaN,NaN,NaN,NaN,1
2024-08-12T13:15:00-04:00,1.9409343913846568,1.95,1.94,1.9449999999999998,1.9408798151361495,1.8694201013556664,1.8708067777414372,0,0,21092,21091,0,0,0,0,NaN,NaN,65.3897950597694,NaN,NaN,NaN,1.949828713112418,1.943389158957531,NaN,NaN,NaN,NaN,NaN,NaN,NaN,NaN,NaN,NaN,1,0,0,0,0,NaN,NaN,65.3897950597694,NaN,NaN,NaN,1.949828713112418,1.943389158957531,NaN,NaN,NaN,NaN,NaN,NaN,NaN,NaN,NaN,NaN,1
2024-08-12T13:16:00-04:00,1.9429671956923285,1.9429671956923285,1.93,1.93645,1.9400743942023042,1.8704434585868777,1.870898010972745,0,0,21092,21091,0,0,0,0,NaN,NaN,66.14392681926836,NaN,NaN,NaN,1.949828713112418,1.943389158957531,NaN,NaN,NaN,NaN,NaN,NaN,NaN,NaN,NaN,NaN,1,0,0,0,0,NaN,NaN,66.14392681926836,NaN,NaN,NaN,1.949828713112418,1.943389158957531,NaN,NaN,NaN,NaN,NaN,NaN,NaN,NaN,NaN,NaN,1
2024-08-12T13:17:00-04:00,1.9397085978461641,1.95,1.9397085978461641,1.95,1.9418790498018852,1.8716580622725743,1.8709529421466367,0,0,21092,21091,0,0,0,0,NaN,NaN,67.50445257069651,NaN,NaN,NaN,1.949828713112418,1.943389158957531,NaN,NaN,NaN,NaN,NaN,NaN,NaN,NaN,NaN,NaN,1,0,0,0,0,NaN,NaN,67.50445257069651,NaN,NaN,NaN,1.949828713112418,1.943389158957531,NaN,NaN,NaN,NaN,NaN,NaN,NaN,NaN,NaN,NaN,1
2024-08-12T13:18:00-04:00,1.9448542989230821,1.9448542989230821,1.94,1.94,1.9415374043833606,1.872701450634825,1.8710008575522892,0,0,21092,21091,0,0,0,0,NaN,NaN,67.91760065747076,NaN,NaN,NaN,1.949828713112418,1.943389158957531,NaN,NaN,NaN,NaN,NaN,NaN,NaN,NaN,NaN,NaN,1,0,0,0,0,NaN,NaN,67.91760065747076,NaN,NaN,NaN,1.949828713112418,1.943389158957531,NaN,NaN,NaN,NaN,NaN,NaN,NaN,NaN,NaN,NaN,1
2024-08-12T13:19:00-04:00,1.942427149461541,1.942427149461541,1.93,1.93,1.9394396944954768,1.8735762376480338,1.871041771785412,0,0,21092,21091,0,0,0,0,NaN,NaN,67.794720377867,NaN,NaN,NaN,1.949828713112418,1.943389158957531,NaN,NaN,NaN,NaN,NaN,NaN,NaN,NaN,NaN,NaN,1,0,0,0,0,NaN,NaN,67.794720377867,NaN,NaN,NaN,1.949828713112418,1.943389158957531,NaN,NaN,NaN,NaN,NaN,NaN,NaN,NaN,NaN,NaN,1
2024-08-12T13:22:00-04:00,1.9362135747307705,1.9362135747307705,1.93,1.93,1.9377233864053902,1.8744376691343234,1.871082629312137,0,0,21092,21091,0,0,0,0,NaN,NaN,67.15645507616522,NaN,NaN,NaN,1.949828713112418,1.943389158957531,NaN,NaN,NaN,NaN,NaN,NaN,NaN,NaN,NaN,NaN,1,0,0,0,0,NaN,NaN,67.15645507616522,NaN,NaN,NaN,1.949828713112418,1.943389158957531,NaN,NaN,NaN,NaN,NaN,NaN,NaN,NaN,NaN,NaN,1
2024-08-12T13:25:00-04:00,1.9331067873653853,1.9331067873653853,1.93,1.93,1.9363191343316828,1.8752859489948681,1.871337116188728,0,0,21092,21091,0,0,0,0,NaN,NaN,66.79400623856087,NaN,NaN,NaN,1.949828713112418,1.943389158957531,NaN,NaN,NaN,NaN,NaN,NaN,NaN,NaN,NaN,NaN,1,0,0,0,0,NaN,NaN,66.79400623856087,NaN,NaN,NaN,1.949828713112418,1.943389158957531,NaN,NaN,NaN,NaN,NaN,NaN,NaN,NaN,NaN,NaN,1
2024-08-12T13:26:00-04:00,1.9315533936826927,1.9315533936826927,1.88,1.905,1.9306247462713768,1.8757395986285343,1.873356740747707,0,0,21092,21091,0,0,0,0,NaN,NaN,64.86932084236979,NaN,NaN,NaN,1.949828713112418,1.943389158957531,NaN,NaN,NaN,NaN,NaN,NaN,NaN,NaN,NaN,NaN,1,0,0,0,0,NaN,NaN,64.86932084236979,NaN,NaN,NaN,1.949828713112418,1.943389158957531,NaN,NaN,NaN,NaN,NaN,NaN,NaN,NaN,NaN,NaN,1
2024-08-12T13:28:00-04:00,1.9182766968413465,1.9182766968413465,1.87,1.88125,1.921647519676581,1.8758237268937477,1.8733977392681775,0,0,21092,21091,0,0,1,0,NaN,NaN,61.066904868124524,NaN,NaN,NaN,1.9444398147174964,1.92094375,NaN,NaN,NaN,NaN,NaN,NaN,NaN,NaN,NaN,NaN,1,0,0,1,0,NaN,NaN,61.066904868124524,NaN,NaN,NaN,1.9444398147174964,1.92094375,NaN,NaN,NaN,NaN,NaN,NaN,NaN,NaN,NaN,NaN,1
2024-08-12T13:29:00-04:00,1.8997633484206733,1.8997633484206733,1.885,1.885,1.914984334280839,1.8759638226663622,1.8734138868484973,0,0,21092,21091,0,0,0,0,NaN,NaN,57.89129347095559,NaN,NaN,NaN,1.9066257040016654,1.92094375,NaN,NaN,NaN,NaN,NaN,NaN,NaN,NaN,NaN,NaN,1,0,0,0,0,NaN,NaN,57.89129347095559,NaN,NaN,NaN,1.9066257040016654,1.92094375,NaN,NaN,NaN,NaN,NaN,NaN,NaN,NaN,NaN,NaN,1
2024-08-12T13:30:00-04:00,1.8923816742103368,1.8923816742103368,1.87,1.8800000000000001,1.9086235462297774,1.8760254436943566,1.8734298466665806,0,0,21092,21091,0,0,0,0,NaN,NaN,54.42703321624342,NaN,NaN,NaN,1.9017134151309978,1.9191091875,NaN,NaN,NaN,NaN,NaN,NaN,NaN,NaN,NaN,NaN,1,0,0,0,0,NaN,NaN,54.42703321624342,NaN,NaN,NaN,1.9017134151309978,1.9191091875,NaN,NaN,NaN,NaN,NaN,NaN,NaN,NaN,NaN,NaN,1
2024-08-12T13:31:00-04:00,1.8861908371051683,1.8861908371051683,1.87,1.87,1.9016010832789088,1.8759334521875726,1.8734079413511646,0,0,21092,21091,0,0,0,0,NaN,NaN,50.03850010211478,NaN,NaN,NaN,1.8917465178800128,1.91146263625,NaN,NaN,NaN,NaN,NaN,NaN,NaN,NaN,NaN,NaN,1,0,0,0,0,NaN,NaN,50.03850010211478,NaN,NaN,NaN,1.8917465178800128,1.91146263625,NaN,NaN,NaN,NaN,NaN,NaN,NaN,NaN,NaN,NaN,1
2024-08-12T13:33:00-04:00,1.8780954185525842,1.9,1.8734,1.8866999999999998,1.8988917954100162,1.8760978269633348,1.8736556225673615,0,0,21092,21091,0,0,0,0,NaN,NaN,47.163548330995866,NaN,NaN,NaN,1.8917465178800128,1.91146263625,NaN,NaN,NaN,NaN,NaN,NaN,NaN,NaN,NaN,NaN,1,0,0,0,0,NaN,NaN,47.163548330995866,NaN,NaN,NaN,1.8917465178800128,1.91146263625,NaN,NaN,NaN,NaN,NaN,NaN,NaN,NaN,NaN,NaN,1
2024-08-12T13:35:00-04:00,1.882397709276292,1.9299,1.882397709276292,1.9299,1.9045296507900131,1.8769192341852687,1.8737084510547963,0,0,21092,21091,0,0,0,0,NaN,NaN,47.07476603175704,NaN,NaN,NaN,1.8917465178800128,1.91146263625,NaN,NaN,NaN,NaN,NaN,NaN,NaN,NaN,NaN,NaN,1,0,0,0,0,NaN,NaN,47.07476603175704,NaN,NaN,NaN,1.8917465178800128,1.91146263625,NaN,NaN,NaN,NaN,NaN,NaN,NaN,NaN,NaN,NaN,1
2024-08-12T13:36:00-04:00,1.906148854638146,1.906148854638146,1.89,1.89,1.9018878961009198,1.8771189405335853,1.8737592989032388,0,0,21092,21091,0,0,0,0,NaN,NaN,44.3113092220547,NaN,NaN,NaN,1.8917465178800128,1.91146263625,NaN,NaN,NaN,NaN,NaN,NaN,NaN,NaN,NaN,NaN,1,0,0,0,0,NaN,NaN,44.3113092220547,NaN,NaN,NaN,1.8917465178800128,1.91146263625,NaN,NaN,NaN,NaN,NaN,NaN,NaN,NaN,NaN,NaN,1
2024-08-12T13:39:00-04:00,1.8980744273190728,1.8980744273190728,1.89,1.89,1.8997264604462072,1.8773155979300191,1.873860048294344,0,0,21092,21091,0,0,0,0,NaN,NaN,41.13444087740985,NaN,NaN,NaN,1.8917465178800128,1.91146263625,NaN,NaN,NaN,NaN,NaN,NaN,NaN,NaN,NaN,NaN,1,0,0,0,0,NaN,NaN,41.13444087740985,NaN,NaN,NaN,1.8917465178800128,1.91146263625,NaN,NaN,NaN,NaN,NaN,NaN,NaN,NaN,NaN,NaN,1
2024-08-12T13:41:00-04:00,1.8940372136595363,1.9081,1.89,1.89905,1.899603467637806,1.8776474208623852,1.8739844438854556,0,0,21092,21091,0,0,0,0,NaN,NaN,38.93043880378094,NaN,NaN,NaN,1.8917465178800128,1.91146263625,NaN,NaN,NaN,NaN,NaN,NaN,NaN,NaN,NaN,NaN,1,0,0,0,0,NaN,NaN,38.93043880378094,NaN,NaN,NaN,1.8917465178800128,1.91146263625,NaN,NaN,NaN,NaN,NaN,NaN,NaN,NaN,NaN,NaN,1
2024-08-12T13:42:00-04:00,1.896543606829768,1.92,1.896543606829768,1.92,1.9033119280672959,1.878294025124028,1.8740409001652298,0,0,21092,21091,0,0,0,0,NaN,NaN,37.6679665865706,NaN,NaN,NaN,1.8917465178800128,1.91146263625,NaN,NaN,NaN,NaN,NaN,NaN,NaN,NaN,NaN,NaN,1,0,0,0,0,NaN,NaN,37.6679665865706,NaN,NaN,NaN,1.8917465178800128,1.91146263625,NaN,NaN,NaN,NaN,NaN,NaN,NaN,NaN,NaN,NaN,1
2024-08-12T13:44:00-04:00,1.908271803414884,1.908271803414884,1.89,1.89,1.9008915775096058,1.878472742297707,1.8740507333731773,0,0,21092,21091,0,0,0,0,NaN,NaN,34.391982943527765,NaN,NaN,NaN,1.8917465178800128,1.91146263625,NaN,NaN,NaN,NaN,NaN,NaN,NaN,NaN,NaN,NaN,1,0,0,0,0,NaN,NaN,34.391982943527765,NaN,NaN,NaN,1.8917465178800128,1.91146263625,NaN,NaN,NaN,NaN,NaN,NaN,NaN,NaN,NaN,NaN,1
2024-08-12T13:47:00-04:00,1.8991359017074418,1.92,1.8991359017074418,1.92,1.9043658361442228,1.8791067462320932,1.8742604109677257,1,0,21092,21091,0,0,0,0,NaN,NaN,32.827109807683705,NaN,NaN,NaN,1.8917465178800128,1.91146263625,NaN,NaN,NaN,NaN,NaN,NaN,NaN,NaN,NaN,NaN,1,0,0,0,0,NaN,NaN,32.827109807683705,NaN,NaN,NaN,1.8917465178800128,1.91146263625,NaN,NaN,NaN,NaN,NaN,NaN,NaN,NaN,NaN,NaN,1
2024-08-12T13:48:00-04:00,1.9095679508537209,1.95,1.9095679508537209,1.932125,1.9094129568452733,1.879916185220916,1.8754873595218935,0,0,21092,21091,0,0,0,0,NaN,NaN,32.334535432959456,NaN,NaN,NaN,1.8917465178800128,1.91146263625,NaN,NaN,NaN,NaN,NaN,NaN,NaN,NaN,NaN,NaN,1,0,0,0,0,NaN,NaN,32.334535432959456,NaN,NaN,NaN,1.8917465178800128,1.91146263625,NaN,NaN,NaN,NaN,NaN,NaN,NaN,NaN,NaN,NaN,1
2024-08-12T13:49:00-04:00,1.9208464754268606,1.95,1.9208464754268606,1.9362499999999998,1.9142924192370419,1.880776243461818,1.8758319340810863,0,0,21092,21091,0,0,0,0,NaN,NaN,31.735525943573144,NaN,NaN,NaN,1.8917465178800128,1.91146263625,NaN,NaN,NaN,NaN,NaN,NaN,NaN,NaN,NaN,NaN,1,0,0,0,0,NaN,NaN,31.735525943573144,NaN,NaN,NaN,1.8917465178800128,1.91146263625,NaN,NaN,NaN,NaN,NaN,NaN,NaN,NaN,NaN,NaN,1
2024-08-12T13:50:00-04:00,1.9285482377134302,1.95,1.9285482377134302,1.95,1.9207847066484889,1.8818330947066757,1.8759203746929474,0,0,21092,21091,0,0,0,0,NaN,NaN,31.609291295512115,NaN,NaN,NaN,1.8917465178800128,1.91146263625,NaN,NaN,NaN,NaN,NaN,NaN,NaN,NaN,NaN,NaN,1,0,0,0,0,NaN,NaN,31.609291295512115,NaN,NaN,NaN,1.8917465178800128,1.91146263625,NaN,NaN,NaN,NaN,NaN,NaN,NaN,NaN,NaN,NaN,1
2024-08-12T13:51:00-04:00,1.939274118856715,1.939274118856715,1.935,1.935,1.9233693054396728,1.8826448031844363,1.8759555780162545,0,0,21092,21091,0,0,0,0,NaN,NaN,30.742590147492926,NaN,NaN,NaN,1.906789204234244,1.91146263625,NaN,NaN,NaN,NaN,NaN,NaN,NaN,NaN,NaN,NaN,1,0,0,0,0,NaN,NaN,30.742590147492926,NaN,NaN,NaN,1.906789204234244,1.91146263625,NaN,NaN,NaN,NaN,NaN,NaN,NaN,NaN,NaN,NaN,1
2024-08-12T13:52:00-04:00,1.9371370594283577,1.96,1.935,1.9475,1.9277567044506414,1.8836349588610097,1.879832782489855,1,0,21092,21091,0,0,0,0,NaN,NaN,30.41410182775555,NaN,NaN,NaN,1.924090992987639,1.91146263625,NaN,NaN,NaN,NaN,NaN,NaN,NaN,NaN,NaN,NaN,1,0,0,0,0,NaN,NaN,30.41410182775555,NaN,NaN,NaN,1.924090992987639,1.91146263625,NaN,NaN,NaN,NaN,NaN,NaN,NaN,NaN,NaN,NaN,1
2024-08-12T13:53:00-04:00,1.942318529714179,1.96,1.942318529714179,1.9525000000000001,1.9322554854596157,1.8846863335348873,1.8802804913464763,0,0,21092,21091,0,0,0,0,NaN,NaN,30.277346262975136,NaN,NaN,NaN,1.9290533251577,1.91146263625,NaN,NaN,NaN,NaN,NaN,NaN,NaN,NaN,NaN,NaN,1,0,0,0,0,NaN,NaN,30.277346262975136,NaN,NaN,NaN,1.9290533251577,1.91146263625,NaN,NaN,NaN,NaN,NaN,NaN,NaN,NaN,NaN,NaN,1
2024-08-12T13:54:00-04:00,1.9474092648570895,1.95,1.94,1.9449999999999998,1.9345726699215038,1.8856071528702325,1.88035290883406,0,0,21092,21091,0,0,0,0,NaN,NaN,29.543998169087505,NaN,NaN,NaN,1.9290533251577,1.91146263625,NaN,NaN,NaN,NaN,NaN,NaN,NaN,NaN,NaN,NaN,1,0,0,0,0,NaN,NaN,29.543998169087505,NaN,NaN,NaN,1.9290533251577,1.91146263625,NaN,NaN,NaN,NaN,NaN,NaN,NaN,NaN,NaN,NaN,1
2024-08-12T13:55:00-04:00,1.9462046324285447,1.96,1.9462046324285447,1.96,1.9391958208448667,1.8867429215287022,1.880530752065423,1,0,21092,21091,0,0,0,0,NaN,NaN,29.404537517425023,NaN,NaN,NaN,1.9290533251577,1.9190500000000001,NaN,NaN,NaN,NaN,NaN,NaN,NaN,NaN,NaN,NaN,1,0,0,0,0,NaN,NaN,29.404537517425023,NaN,NaN,NaN,1.9290533251577,1.9190500000000001,NaN,NaN,NaN,NaN,NaN,NaN,NaN,NaN,NaN,NaN,1
2024-08-12T13:57:00-04:00,1.9531023162142724,1.9531023162142724,1.94,1.94,1.9393420352367092,1.887556006696203,1.880563930623744,0,0,21092,21091,0,0,0,0,NaN,NaN,28.232697607572526,NaN,NaN,NaN,1.9290533251577,1.9190500000000001,NaN,NaN,NaN,NaN,NaN,NaN,NaN,NaN,NaN,NaN,1,0,0,0,0,NaN,NaN,28.232697607572526,NaN,NaN,NaN,1.9290533251577,1.9190500000000001,NaN,NaN,NaN,NaN,NaN,NaN,NaN,NaN,NaN,NaN,1
2024-08-12T13:59:00-04:00,1.9465511581071362,1.9465511581071362,1.94,1.94,1.9394616651936711,1.8883566783496961,1.8805970721813308,0,0,21092,21091,0,0,0,0,NaN,NaN,26.6497935777194,NaN,NaN,NaN,1.9290533251577,1.9190500000000001,NaN,NaN,NaN,NaN,NaN,NaN,NaN,NaN,NaN,NaN,1,0,0,0,0,NaN,NaN,26.6497935777194,NaN,NaN,NaN,1.9290533251577,1.9190500000000001,NaN,NaN,NaN,NaN,NaN,NaN,NaN,NaN,NaN,NaN,1
2024-08-12T14:01:00-04:00,1.943275579053568,1.943275579053568,1.94,1.94,1.9395595442493674,1.8891451260084793,1.880630176800044,0,0,21092,21091,0,0,0,0,NaN,NaN,25.286189698130535,NaN,NaN,NaN,1.9290533251577,1.9190500000000001,NaN,NaN,NaN,NaN,NaN,NaN,NaN,NaN,NaN,NaN,1,0,0,0,0,NaN,NaN,25.286189698130535,NaN,NaN,NaN,1.9290533251577,1.9190500000000001,NaN,NaN,NaN,NaN,NaN,NaN,NaN,NaN,NaN,NaN,1
2024-08-12T14:02:00-04:00,1.941637789526784,1.98,1.941637789526784,1.9725,1.9455487180222097,1.890417719504533,1.8833873839138984,1,0,21092,21091,0,0,0,0,NaN,NaN,25.121464521608544,NaN,NaN,NaN,1.9290533251577,1.926716,NaN,NaN,NaN,NaN,NaN,NaN,NaN,NaN,NaN,NaN,1,0,0,0,0,NaN,NaN,25.121464521608544,NaN,NaN,NaN,1.9290533251577,1.926716,NaN,NaN,NaN,NaN,NaN,NaN,NaN,NaN,NaN,NaN,1
2024-08-12T14:03:00-04:00,1.9570688947633919,1.98,1.95,1.965,1.9490853147454443,1.8915563802754563,1.8836512291747483,0,0,21092,21091,0,0,0,0,NaN,NaN,24.577393331638337,NaN,NaN,NaN,1.9290533251577,1.926716,NaN,NaN,NaN,NaN,NaN,NaN,NaN,NaN,NaN,NaN,1,0,0,0,0,NaN,NaN,24.577393331638337,NaN,NaN,NaN,1.9290533251577,1.926716,NaN,NaN,NaN,NaN,NaN,NaN,NaN,NaN,NaN,NaN,1
2024-08-12T14:05:00-04:00,1.9610344473816959,1.9610344473816959,1.95,1.955,1.9501607120644544,1.892524985156747,1.8865154531325956,0,0,21092,21091,0,0,0,0,NaN,NaN,23.610687775967996,NaN,NaN,NaN,1.9290533251577,1.926716,NaN,NaN,NaN,NaN,NaN,NaN,NaN,NaN,NaN,NaN,1,0,0,0,0,NaN,NaN,23.610687775967996,NaN,NaN,NaN,1.9290533251577,1.926716,NaN,NaN,NaN,NaN,NaN,NaN,NaN,NaN,NaN,NaN,1
2024-08-12T14:08:00-04:00,1.958017223690848,1.958017223690848,1.95,1.95,1.950131491689099,1.893402466299392,1.8866527272891471,0,0,21092,21091,0,0,0,0,NaN,NaN,21.967013555879486,NaN,NaN,NaN,1.9290533251577,1.926716,NaN,NaN,NaN,NaN,NaN,NaN,NaN,NaN,NaN,NaN,1,0,0,0,0,NaN,NaN,21.967013555879486,NaN,NaN,NaN,1.9290533251577,1.926716,NaN,NaN,NaN,NaN,NaN,NaN,NaN,NaN,NaN,NaN,1
2024-08-12T14:09:00-04:00,1.954008611845424,1.954008611845424,1.94,1.94,1.948289402291081,1.8941138790276455,1.886680518919504,0,0,21092,21091,0,0,0,0,NaN,NaN,20.066080933924145,NaN,NaN,NaN,1.9290533251577,1.926716,NaN,NaN,NaN,NaN,NaN,NaN,NaN,NaN,NaN,NaN,1,0,0,0,0,NaN,NaN,20.066080933924145,NaN,NaN,NaN,1.9290533251577,1.926716,NaN,NaN,NaN,NaN,NaN,NaN,NaN,NaN,NaN,NaN,1
2024-08-12T14:15:00-04:00,1.947004305922712,1.947004305922712,1.93,1.9375,1.9463276927836117,1.894776262553941,1.8867535470736991,0,0,21092,21091,0,0,0,0,NaN,NaN,17.85397298439714,NaN,NaN,NaN,1.9290533251577,1.926716,NaN,NaN,NaN,NaN,NaN,NaN,NaN,NaN,NaN,NaN,1,0,0,0,0,NaN,NaN,17.85397298439714,NaN,NaN,NaN,1.9290533251577,1.926716,NaN,NaN,NaN,NaN,NaN,NaN,NaN,NaN,NaN,NaN,1
2024-08-12T14:16:00-04:00,1.942252152961356,1.955,1.942252152961356,1.9525000000000001,1.9474499304593187,1.8956575409882321,1.8872909300240603,0,0,21092,21091,0,0,0,0,NaN,NaN,16.371821781991677,NaN,NaN,NaN,1.9290533251577,1.926716,NaN,NaN,NaN,NaN,NaN,NaN,NaN,NaN,NaN,NaN,1,0,0,0,0,NaN,NaN,16.371821781991677,NaN,NaN,NaN,1.9290533251577,1.926716,NaN,NaN,NaN,NaN,NaN,NaN,NaN,NaN,NaN,NaN,1
2024-08-12T14:18:00-04:00,1.947376076480678,1.95,1.947376076480678,1.95,1.9479135794667153,1.8964871968510073,1.8873868873467883,0,0,21092,21091,0,0,0,0,NaN,NaN,14.442600100392342,NaN,NaN,NaN,1.9290533251577,1.926716,NaN,NaN,NaN,NaN,NaN,NaN,NaN,NaN,NaN,NaN,1,0,0,0,0,NaN,NaN,14.442600100392342,NaN,NaN,NaN,1.9290533251577,1.926716,NaN,NaN,NaN,NaN,NaN,NaN,NaN,NaN,NaN,NaN,1
2024-08-12T14:19:00-04:00,1.948688038240339,1.955,1.948688038240339,1.955,1.9492020195636761,1.8973805220899231,1.8882382105785351,0,0,21092,21091,0,0,0,0,NaN,NaN,12.646505883062343,NaN,NaN,NaN,1.9290533251577,1.926716,NaN,NaN,NaN,NaN,NaN,NaN,NaN,NaN,NaN,NaN,1,0,0,0,0,NaN,NaN,12.646505883062343,NaN,NaN,NaN,1.9290533251577,1.926716,NaN,NaN,NaN,NaN,NaN,NaN,NaN,NaN,NaN,NaN,1
2024-08-12T14:21:00-04:00,1.9518440191201696,1.9518440191201696,1.95,1.95,1.949347106915735,1.8981838728977105,1.8883313876330752,0,0,21092,21091,0,0,0,0,NaN,NaN,10.846950632673735,NaN,NaN,NaN,1.9290533251577,1.926716,NaN,NaN,NaN,NaN,NaN,NaN,NaN,NaN,NaN,NaN,1,0,0,0,0,NaN,NaN,10.846950632673735,NaN,NaN,NaN,1.9290533251577,1.926716,NaN,NaN,NaN,NaN,NaN,NaN,NaN,NaN,NaN,NaN,1
2024-08-12T14:22:00-04:00,1.9509220095600848,1.9509220095600848,1.95,1.95,1.9494658147492379,1.8989749588076692,1.8883623842063195,0,0,21092,21091,0,0,0,0,NaN,NaN,9.016644629096362,NaN,NaN,NaN,1.9290533251577,1.926716,NaN,NaN,NaN,NaN,NaN,NaN,NaN,NaN,NaN,NaN,1,0,0,0,0,NaN,NaN,9.016644629096362,NaN,NaN,NaN,1.9290533251577,1.926716,NaN,NaN,NaN,NaN,NaN,NaN,NaN,NaN,NaN,NaN,1
2024-08-12T14:25:00-04:00,1.9504610047800424,1.955,1.95,1.9525000000000001,1.950017484794831,1.8997921350090787,1.888426794600131,0,0,21092,21091,0,0,0,0,NaN,NaN,7.269609231287988,NaN,NaN,NaN,1.9290533251577,1.926716,NaN,NaN,NaN,NaN,NaN,NaN,NaN,NaN,NaN,NaN,1,0,0,0,0,NaN,NaN,7.269609231287988,NaN,NaN,NaN,1.9290533251577,1.926716,NaN,NaN,NaN,NaN,NaN,NaN,NaN,NaN,NaN,NaN,1
2024-08-12T14:28:00-04:00,1.9514805023900212,1.96,1.9514805023900212,1.9575,1.9513779421048618,1.9006731711158102,1.8885997777393773,0,0,21092,21091,0,0,0,0,NaN,NaN,5.693772642146652,NaN,NaN,NaN,1.9290533251577,1.926716,NaN,NaN,NaN,NaN,NaN,NaN,NaN,NaN,NaN,NaN,1,0,0,0,0,NaN,NaN,5.693772642146652,NaN,NaN,NaN,1.9290533251577,1.926716,NaN,NaN,NaN,NaN,NaN,NaN,NaN,NaN,NaN,NaN,1
2024-08-12T14:30:00-04:00,1.9544902511950106,1.9544902511950106,1.95,1.95,1.951127407176705,1.9014262524728207,1.8886305158120273,0,0,21092,21091,0,0,0,0,NaN,NaN,3.921109934190603,NaN,NaN,NaN,1.9290533251577,1.926716,NaN,NaN,NaN,NaN,NaN,NaN,NaN,NaN,NaN,NaN,1,0,0,0,0,NaN,NaN,3.921109934190603,NaN,NaN,NaN,1.9290533251577,1.926716,NaN,NaN,NaN,NaN,NaN,NaN,NaN,NaN,NaN,NaN,1
2024-08-12T14:35:00-04:00,1.9522451255975053,1.96,1.9522451255975053,1.96,1.9527406058718495,1.9023205081602585,1.8896344645686387,0,0,21092,21091,0,0,0,0,NaN,NaN,2.7216160881422913,NaN,NaN,NaN,1.9290533251577,1.926716,NaN,NaN,NaN,NaN,NaN,NaN,NaN,NaN,NaN,NaN,1,0,0,0,0,NaN,NaN,2.7216160881422913,NaN,NaN,NaN,1.9290533251577,1.926716,NaN,NaN,NaN,NaN,NaN,NaN,NaN,NaN,NaN,NaN,1
2024-08-12T14:38:00-04:00,1.9561225627987526,1.97,1.9561225627987526,1.9675,1.9554241320769679,1.9033156149059034,1.889711253901569,1,0,21092,21091,0,0,0,0,NaN,NaN,1.8366095906912527,NaN,NaN,NaN,1.9290533251577,1.926716,NaN,NaN,NaN,NaN,NaN,NaN,NaN,NaN,NaN,NaN,1,0,0,0,0,NaN,NaN,1.8366095906912527,NaN,NaN,NaN,1.9290533251577,1.926716,NaN,NaN,NaN,NaN,NaN,NaN,NaN,NaN,NaN,NaN,1
2024-08-12T14:39:00-04:00,1.9618112813993762,1.97,1.9618112813993762,1.97,1.9580742898811556,1.9043336971210805,1.8901627919833288,0,0,21092,21091,0,0,0,0,NaN,NaN,1.2446752528789573,NaN,NaN,NaN,1.9290533251577,1.926716,NaN,NaN,NaN,NaN,NaN,NaN,NaN,NaN,NaN,NaN,1,0,0,0,0,NaN,NaN,1.2446752528789573,NaN,NaN,NaN,1.9290533251577,1.926716,NaN,NaN,NaN,NaN,NaN,NaN,NaN,NaN,NaN,NaN,1
2024-08-12T14:41:00-04:00,1.9659056406996882,1.99,1.9659056406996882,1.99,1.9638789644482182,1.9056415796077815,1.8902117197990684,0,0,21092,21091,0,1,0,0,NaN,NaN,1.1319381113614686,NaN,NaN,NaN,1.9290533251577,1.93873804,NaN,NaN,NaN,NaN,NaN,NaN,NaN,NaN,NaN,NaN,1,0,1,0,0,NaN,NaN,1.1319381113614686,NaN,NaN,NaN,1.9290533251577,1.93873804,NaN,NaN,NaN,NaN,NaN,NaN,NaN,NaN,NaN,NaN,1
2024-08-12T14:42:00-04:00,1.9779528203498442,1.99,1.9779528203498442,1.99,1.9686282436394513,1.9069294944229298,1.8902605996816062,0,0,21092,21091,0,0,0,0,NaN,NaN,1.1404494891318857,NaN,NaN,NaN,1.960543950356627,1.93873804,NaN,NaN,NaN,NaN,NaN,NaN,NaN,NaN,NaN,NaN,1,0,0,0,0,NaN,NaN,1.1404494891318857,NaN,NaN,NaN,1.960543950356627,1.93873804,NaN,NaN,NaN,NaN,NaN,NaN,NaN,NaN,NaN,NaN,1
2024-08-12T14:43:00-04:00,1.9839764101749222,1.99,1.9839764101749222,1.99,1.9725140175231874,1.9081977464164728,1.8904556412857487,0,0,21092,21091,0,0,0,0,NaN,NaN,1.5732927113422581,NaN,NaN,NaN,1.9667647441556473,1.93873804,NaN,NaN,NaN,NaN,NaN,NaN,NaN,NaN,NaN,NaN,1,0,0,0,0,NaN,NaN,1.5732927113422581,NaN,NaN,NaN,1.9667647441556473,1.93873804,NaN,NaN,NaN,NaN,NaN,NaN,NaN,NaN,NaN,NaN,1
2024-08-12T14:44:00-04:00,1.986988205087461,2,1.986988205087461,2,1.9775114688826079,1.9095993075398854,1.8920390336063595,0,0,21092,21091,0,0,0,0,NaN,NaN,3.8892864751854357,NaN,NaN,NaN,1.9767670672293842,1.9488016164,NaN,NaN,NaN,NaN,NaN,NaN,NaN,NaN,NaN,NaN,1,0,0,0,0,NaN,NaN,3.8892864751854357,NaN,NaN,NaN,1.9767670672293842,1.9488016164,NaN,NaN,NaN,NaN,NaN,NaN,NaN,NaN,NaN,NaN,1
2024-08-12T14:45:00-04:00,1.9934941025437305,2,1.9934941025437305,2,1.9816002927221337,1.9109794707835512,1.892142967148014,0,0,21092,21091,0,0,0,0,NaN,NaN,7.032813483178839,NaN,NaN,NaN,1.9768263052904955,1.9488016164,NaN,NaN,NaN,NaN,NaN,NaN,NaN,NaN,NaN,NaN,1,0,0,0,0,NaN,NaN,7.032813483178839,NaN,NaN,NaN,1.9768263052904955,1.9488016164,NaN,NaN,NaN,NaN,NaN,NaN,NaN,NaN,NaN,NaN,1
2024-08-12T14:46:00-04:00,1.9967470512718652,2,1.9801,1.9883250000000001,1.982822966772655,1.9121603185578482,1.8925279996164628,0,0,21092,21091,0,0,0,0,NaN,NaN,9.289124258912073,NaN,NaN,NaN,1.9768263052904955,1.9488016164,NaN,NaN,NaN,NaN,NaN,NaN,NaN,NaN,NaN,NaN,1,0,0,0,0,NaN,NaN,9.289124258912073,NaN,NaN,NaN,1.9768263052904955,1.9488016164,NaN,NaN,NaN,NaN,NaN,NaN,NaN,NaN,NaN,NaN,1
2024-08-12T14:47:00-04:00,1.9925360256359328,2,1.98,1.9931,1.9846915182685358,1.9133960388852094,1.8930842155951269,0,0,21092,21091,0,0,0,0,NaN,NaN,14.249425098454314,NaN,NaN,NaN,1.9768263052904955,1.9488016164,NaN,NaN,NaN,NaN,NaN,NaN,NaN,NaN,NaN,NaN,1,0,0,0,0,NaN,NaN,14.249425098454314,NaN,NaN,NaN,1.9768263052904955,1.9488016164,NaN,NaN,NaN,NaN,NaN,NaN,NaN,NaN,NaN,NaN,1
2024-08-12T14:49:00-04:00,1.9928180128179664,2,1.98,1.9925000000000002,1.9861112422197111,1.9146037329480305,1.8937307633645635,0,0,21092,21091,0,0,0,0,NaN,NaN,19.558911418029272,NaN,NaN,NaN,1.9768263052904955,1.9488016164,NaN,NaN,NaN,NaN,NaN,NaN,NaN,NaN,NaN,NaN,1,0,0,0,0,NaN,NaN,19.558911418029272,NaN,NaN,NaN,1.9768263052904955,1.9488016164,NaN,NaN,NaN,NaN,NaN,NaN,NaN,NaN,NaN,NaN,1
2024-08-12T14:50:00-04:00,1.9926590064089833,2.01,1.9902,1.9975999999999998,1.9882001072706728,1.9158708515289766,1.8989413289362387,0,0,21092,21091,0,0,0,0,NaN,NaN,25.955021022774798,NaN,NaN,NaN,1.9768263052904955,1.9488016164,NaN,NaN,NaN,NaN,NaN,NaN,NaN,NaN,NaN,NaN,1,0,0,0,0,NaN,NaN,25.955021022774798,NaN,NaN,NaN,1.9768263052904955,1.9488016164,NaN,NaN,NaN,NaN,NaN,NaN,NaN,NaN,NaN,NaN,1
2024-08-12T14:51:00-04:00,1.9951295032044916,2.01,1.9951295032044916,2.01,1.9921637241305503,1.9173079377651754,1.8990411713145257,1,0,21092,21091,0,0,0,0,NaN,NaN,34.81288881871984,NaN,NaN,NaN,1.9768263052904955,1.960545422432,NaN,NaN,NaN,NaN,NaN,NaN,NaN,NaN,NaN,NaN,1,0,0,0,0,NaN,NaN,34.81288881871984,NaN,NaN,NaN,1.9768263052904955,1.960545422432,NaN,NaN,NaN,NaN,NaN,NaN,NaN,NaN,NaN,NaN,1
2024-08-12T14:52:00-04:00,2.002564751602246,2.002564751602246,2,2,1.9935885015613592,1.9185704119977682,1.8990865322058872,0,0,21092,21091,0,0,0,0,NaN,NaN,40.42897064782579,NaN,NaN,NaN,1.9768263052904955,1.960545422432,NaN,NaN,NaN,NaN,NaN,NaN,NaN,NaN,NaN,NaN,1,0,0,0,0,NaN,NaN,40.42897064782579,NaN,NaN,NaN,1.9768263052904955,1.960545422432,NaN,NaN,NaN,NaN,NaN,NaN,NaN,NaN,NaN,NaN,1
2024-08-12T14:54:00-04:00,2.001282375801123,2.001282375801123,1.99,1.995,1.9938451376411122,1.9197372759367337,1.9006966148042121,0,0,21092,21091,0,0,0,0,NaN,NaN,44.70588960661133,NaN,NaN,NaN,1.9768263052904955,1.960545422432,NaN,NaN,NaN,NaN,NaN,NaN,NaN,NaN,NaN,NaN,1,0,0,0,0,NaN,NaN,44.70588960661133,NaN,NaN,NaN,1.9768263052904955,1.960545422432,NaN,NaN,NaN,NaN,NaN,NaN,NaN,NaN,NaN,NaN,1
2024-08-12T14:56:00-04:00,1.9981411879005615,1.9981411879005615,1.98,1.9849999999999999,1.9922369307972736,1.9207336534033486,1.900882413121286,0,0,21092,21091,0,0,0,0,NaN,NaN,47.78950741624133,NaN,NaN,NaN,1.9768263052904955,1.960545422432,NaN,NaN,NaN,NaN,NaN,NaN,NaN,NaN,NaN,NaN,1,0,0,0,0,NaN,NaN,47.78950741624133,NaN,NaN,NaN,1.9768263052904955,1.960545422432,NaN,NaN,NaN,NaN,NaN,NaN,NaN,NaN,NaN,NaN,1
2024-08-12T15:00:00-04:00,1.9915705939502808,1.9915705939502808,1.97,1.97,1.9881938524704965,1.9214858113666562,1.9009128656903171,0,0,21092,21091,0,0,0,0,NaN,NaN,49.38795267670884,NaN,NaN,NaN,1.9768263052904955,1.960545422432,NaN,NaN,NaN,NaN,NaN,NaN,NaN,NaN,NaN,NaN,1,0,0,0,0,NaN,NaN,49.38795267670884,NaN,NaN,NaN,1.9768263052904955,1.960545422432,NaN,NaN,NaN,NaN,NaN,NaN,NaN,NaN,NaN,NaN,1
2024-08-12T15:02:00-04:00,1.9807852969751405,1.9807852969751405,1.97,1.97,1.9848858792940427,1.9222264860022797,1.900943291436926,0,0,21092,21091,0,0,0,0,NaN,NaN,50.92985712207687,NaN,NaN,NaN,1.9768263052904955,1.960545422432,NaN,NaN,NaN,NaN,NaN,NaN,NaN,NaN,NaN,NaN,1,0,0,0,0,NaN,NaN,50.92985712207687,NaN,NaN,NaN,1.9768263052904955,1.960545422432,NaN,NaN,NaN,NaN,NaN,NaN,NaN,NaN,NaN,NaN,1
2024-08-12T15:03:00-04:00,1.9753926484875701,1.9753926484875701,1.97,1.97,1.982179355786035,1.9229558526281991,1.9009985975797574,0,0,21092,21091,0,0,0,0,NaN,NaN,51.93104536338144,NaN,NaN,NaN,1.9768263052904955,1.960545422432,NaN,NaN,NaN,NaN,NaN,NaN,NaN,NaN,NaN,NaN,1,0,0,0,0,NaN,NaN,51.93104536338144,NaN,NaN,NaN,1.9768263052904955,1.960545422432,NaN,NaN,NaN,NaN,NaN,NaN,NaN,NaN,NaN,NaN,1
2024-08-12T15:08:00-04:00,1.9726963242437852,1.9726963242437852,1.96,1.96,1.9781467456431194,1.9235214121300588,1.9010245493732125,0,0,21092,21091,0,0,0,0,NaN,NaN,52.52174445788932,NaN,NaN,NaN,1.9768263052904955,1.960545422432,NaN,NaN,NaN,NaN,NaN,NaN,NaN,NaN,NaN,NaN,1,0,0,0,0,NaN,NaN,52.52174445788932,NaN,NaN,NaN,1.9768263052904955,1.960545422432,NaN,NaN,NaN,NaN,NaN,NaN,NaN,NaN,NaN,NaN,1
2024-08-12T15:09:00-04:00,1.9663481621218926,1.9663481621218926,1.96,1.96,1.9748473373443705,1.9240783371357066,1.9012789598616062,0,0,21092,21091,0,0,0,0,NaN,NaN,53.06244880294616,NaN,NaN,NaN,1.9768263052904955,1.960545422432,NaN,NaN,NaN,NaN,NaN,NaN,NaN,NaN,NaN,NaN,1,0,0,0,0,NaN,NaN,53.06244880294616,NaN,NaN,NaN,1.9768263052904955,1.960545422432,NaN,NaN,NaN,NaN,NaN,NaN,NaN,NaN,NaN,NaN,1
2024-08-12T15:10:00-04:00,1.9631740810609464,1.9631740810609464,1.96,1.96,1.972147821463576,1.9246267594695126,1.9013085195885309,0,0,21092,21091,0,0,0,0,NaN,NaN,52.630842709088185,NaN,NaN,NaN,1.9768263052904955,1.960545422432,NaN,NaN,NaN,NaN,NaN,NaN,NaN,NaN,NaN,NaN,1,0,0,0,0,NaN,NaN,52.630842709088185,NaN,NaN,NaN,1.9768263052904955,1.960545422432,NaN,NaN,NaN,NaN,NaN,NaN,NaN,NaN,NaN,NaN,1
2024-08-12T15:11:00-04:00,1.9615870405304732,1.965,1.9615870405304732,1.965,1.9708482175611075,1.9252431448211231,1.9014764697407593,0,0,21092,21091,0,0,0,0,NaN,NaN,52.99821891694309,NaN,NaN,NaN,1.9768263052904955,1.960545422432,NaN,NaN,NaN,NaN,NaN,NaN,NaN,NaN,NaN,NaN,1,0,0,0,0,NaN,NaN,52.99821891694309,NaN,NaN,NaN,1.9768263052904955,1.960545422432,NaN,NaN,NaN,NaN,NaN,NaN,NaN,NaN,NaN,NaN,1
2024-08-12T15:13:00-04:00,1.9632935202652366,1.98,1.9632935202652366,1.98,1.9725121780045425,1.926079127342938,1.9015107364479775,0,0,21092,21091,0,0,0,0,NaN,NaN,53.957915996199176,NaN,NaN,NaN,1.9768263052904955,1.960545422432,NaN,NaN,NaN,NaN,NaN,NaN,NaN,NaN,NaN,NaN,1,0,0,0,0,NaN,NaN,53.957915996199176,NaN,NaN,NaN,1.9768263052904955,1.960545422432,NaN,NaN,NaN,NaN,NaN,NaN,NaN,NaN,NaN,NaN,1
2024-08-12T15:14:00-04:00,1.9716467601326184,1.9716467601326184,1.965,1.965,1.9711463274582621,1.926673339139229,1.901786592020994,0,0,21092,21091,0,0,0,0,NaN,NaN,54.13248315027421,NaN,NaN,NaN,1.9768263052904955,1.960545422432,NaN,NaN,NaN,NaN,NaN,NaN,NaN,NaN,NaN,NaN,1,0,0,0,0,NaN,NaN,54.13248315027421,NaN,NaN,NaN,1.9768263052904955,1.960545422432,NaN,NaN,NaN,NaN,NaN,NaN,NaN,NaN,NaN,NaN,1
2024-08-12T15:15:00-04:00,1.9683233800663094,1.97,1.96,1.9649999999999999,1.9700288133749417,1.9272584789996987,1.9018414757286606,0,0,21092,21091,0,0,0,0,NaN,NaN,55.751295289373104,NaN,NaN,NaN,1.9768263052904955,1.960545422432,NaN,NaN,NaN,NaN,NaN,NaN,NaN,NaN,NaN,NaN,1,0,0,0,0,NaN,NaN,55.751295289373104,NaN,NaN,NaN,1.9768263052904955,1.960545422432,NaN,NaN,NaN,NaN,NaN,NaN,NaN,NaN,NaN,NaN,1
2024-08-12T15:16:00-04:00,1.9666616900331546,1.9666616900331546,1.96,1.96,1.968205392761316,1.9277583495493216,1.9019171195817106,0,0,21092,21091,0,0,0,0,NaN,NaN,55.83582440758039,NaN,NaN,NaN,1.9768263052904955,1.960545422432,NaN,NaN,NaN,NaN,NaN,NaN,NaN,NaN,NaN,NaN,1,0,0,0,0,NaN,NaN,55.83582440758039,NaN,NaN,NaN,1.9768263052904955,1.960545422432,NaN,NaN,NaN,NaN,NaN,NaN,NaN,NaN,NaN,NaN,1
2024-08-12T15:17:00-04:00,1.9633308450165772,2.01,1.9633308450165772,1.9899999999999998,1.9721680486228947,1.9287086037546755,1.903136167274499,0,0,21092,21091,0,0,0,0,NaN,NaN,58.55910195464371,NaN,NaN,NaN,1.9768263052904955,1.960545422432,NaN,NaN,NaN,NaN,NaN,NaN,NaN,NaN,NaN,NaN,1,0,0,0,0,NaN,NaN,58.55910195464371,NaN,NaN,NaN,1.9768263052904955,1.960545422432,NaN,NaN,NaN,NaN,NaN,NaN,NaN,NaN,NaN,NaN,1
2024-08-12T15:18:00-04:00,1.9766654225082885,2.01,1.9766654225082885,2.005,1.978137494327823,1.9298733578958254,1.9042134484815407,1,0,21092,21091,0,0,0,0,NaN,NaN,60.967452642402456,NaN,NaN,NaN,1.9768263052904955,1.960545422432,NaN,NaN,NaN,NaN,NaN,NaN,NaN,NaN,NaN,NaN,1,0,0,0,0,NaN,NaN,60.967452642402456,NaN,NaN,NaN,1.9768263052904955,1.960545422432,NaN,NaN,NaN,NaN,NaN,NaN,NaN,NaN,NaN,NaN,1
2024-08-12T15:19:00-04:00,1.9908327112541442,2.0103,1.9908327112541442,2.00765,1.983503404450037,1.9310607875462709,1.9049951144249777,0,0,21092,21091,0,0,0,0,NaN,NaN,64.70510632253466,NaN,NaN,NaN,1.9768263052904955,1.960545422432,NaN,NaN,NaN,NaN,NaN,NaN,NaN,NaN,NaN,NaN,1,0,0,0,0,NaN,NaN,64.70510632253466,NaN,NaN,NaN,1.9768263052904955,1.960545422432,NaN,NaN,NaN,NaN,NaN,NaN,NaN,NaN,NaN,NaN,1
2024-08-12T15:20:00-04:00,1.999241355627072,2.014,1.999241355627072,2.01075,1.9884573309136666,1.9322774167440377,1.9052608402326716,0,0,21092,21091,0,0,0,0,NaN,NaN,67.38872672160457,NaN,NaN,NaN,1.9768263052904955,1.9683948590672,NaN,NaN,NaN,NaN,NaN,NaN,NaN,NaN,NaN,NaN,1,0,0,0,0,NaN,NaN,67.38872672160457,NaN,NaN,NaN,1.9768263052904955,1.9683948590672,NaN,NaN,NaN,NaN,NaN,NaN,NaN,NaN,NaN,NaN,1
2024-08-12T15:22:00-04:00,2.004995677813536,2.02,1.99,2.005,1.9914650889293635,1.9333876851906937,1.9071856597806887,0,0,21092,21091,0,0,0,0,NaN,NaN,68.93496163659363,NaN,NaN,NaN,1.9768263052904955,1.9683948590672,NaN,NaN,NaN,NaN,NaN,NaN,NaN,NaN,NaN,NaN,1,0,0,0,0,NaN,NaN,68.93496163659363,NaN,NaN,NaN,1.9768263052904955,1.9683948590672,NaN,NaN,NaN,NaN,NaN,NaN,NaN,NaN,NaN,NaN,1
2024-08-12T15:23:00-04:00,2.004997838906768,2.004997838906768,2.0025,2.0025,1.9934714363967518,1.9344428350351106,1.9072247887844325,0,0,21092,21091,0,0,0,0,NaN,NaN,70.27373337698533,NaN,NaN,NaN,1.9768263052904955,1.9683948590672,NaN,NaN,NaN,NaN,NaN,NaN,NaN,NaN,NaN,NaN,1,0,0,0,0,NaN,NaN,70.27373337698533,NaN,NaN,NaN,1.9768263052904955,1.9683948590672,NaN,NaN,NaN,NaN,NaN,NaN,NaN,NaN,NaN,NaN,1
2024-08-12T15:24:00-04:00,2.003748919453384,2.01,2.003748919453384,2.01,1.9964766297791605,1.9355963795383913,1.9072669633550818,1,0,21092,21091,0,0,0,0,NaN,NaN,71.7553914239787,NaN,NaN,NaN,1.9768263052904955,1.9683948590672,NaN,NaN,NaN,NaN,NaN,NaN,NaN,NaN,NaN,NaN,1,0,0,0,0,NaN,NaN,71.7553914239787,NaN,NaN,NaN,1.9768263052904955,1.9683948590672,NaN,NaN,NaN,NaN,NaN,NaN,NaN,NaN,NaN,NaN,1
2024-08-12T15:25:00-04:00,2.006874459726692,2.006874459726692,1.99,1.99625,1.9964354243647677,1.9365223890110876,1.9074127833995653,0,0,21092,21091,0,0,0,0,NaN,NaN,71.22037650971643,NaN,NaN,NaN,1.9768263052904955,1.9683948590672,NaN,NaN,NaN,NaN,NaN,NaN,NaN,NaN,NaN,NaN,1,0,0,0,0,NaN,NaN,71.22037650971643,NaN,NaN,NaN,1.9768263052904955,1.9683948590672,NaN,NaN,NaN,NaN,NaN,NaN,NaN,NaN,NaN,NaN,1
2024-08-12T15:26:00-04:00,2.001562229863346,2.01,2,2.005,1.99799261993481,1.937567848720842,1.9081791315410812,0,0,21092,21091,0,0,0,0,NaN,NaN,70.70206592447151,NaN,NaN,NaN,1.9768263052904955,1.9683948590672,NaN,NaN,NaN,NaN,NaN,NaN,NaN,NaN,NaN,NaN,1,0,0,0,0,NaN,NaN,70.70206592447151,NaN,NaN,NaN,1.9768263052904955,1.9683948590672,NaN,NaN,NaN,NaN,NaN,NaN,NaN,NaN,NaN,NaN,1
2024-08-12T15:28:00-04:00,2.003281114931673,2.003281114931673,1.99,1.9908000000000001,1.9966848708557536,1.9383805533205238,1.9082888012535058,0,0,21092,21091,0,0,0,0,NaN,NaN,69.36878060410446,NaN,NaN,NaN,1.9768263052904955,1.9683948590672,NaN,NaN,NaN,NaN,NaN,NaN,NaN,NaN,NaN,NaN,1,0,0,0,0,NaN,NaN,69.36878060410446,NaN,NaN,NaN,1.9768263052904955,1.9683948590672,NaN,NaN,NaN,NaN,NaN,NaN,NaN,NaN,NaN,NaN,1
2024-08-12T15:29:00-04:00,1.9970405574658365,2,1.9970405574658365,2,1.997287621609253,1.939321308231661,1.9083631971737864,0,0,21092,21091,0,0,0,0,NaN,NaN,68.64567656914254,NaN,NaN,NaN,1.9768263052904955,1.9683948590672,NaN,NaN,NaN,NaN,NaN,NaN,NaN,NaN,NaN,NaN,1,0,0,0,0,NaN,NaN,68.64567656914254,NaN,NaN,NaN,1.9768263052904955,1.9683948590672,NaN,NaN,NaN,NaN,NaN,NaN,NaN,NaN,NaN,NaN,1
2024-08-12T15:31:00-04:00,1.9985202787329182,2.01,1.99,1.9975,1.997326235862116,1.9402095325334676,1.9088006695860993,0,0,21092,21091,0,0,0,0,NaN,NaN,68.26070027729394,NaN,NaN,NaN,1.9768263052904955,1.9683948590672,NaN,NaN,NaN,NaN,NaN,NaN,NaN,NaN,NaN,NaN,1,0,0,0,0,NaN,NaN,68.26070027729394,NaN,NaN,NaN,1.9768263052904955,1.9683948590672,NaN,NaN,NaN,NaN,NaN,NaN,NaN,NaN,NaN,NaN,1
2024-08-12T15:33:00-04:00,1.998010139366459,2.01,1.995,2.0025,1.998266920250822,1.9411605320367735,1.9116330528243983,0,0,21092,21091,0,0,0,0,NaN,NaN,67.7099578231602,NaN,NaN,NaN,1.9768263052904955,1.9683948590672,NaN,NaN,NaN,NaN,NaN,NaN,NaN,NaN,NaN,NaN,1,0,0,0,0,NaN,NaN,67.7099578231602,NaN,NaN,NaN,1.9768263052904955,1.9683948590672,NaN,NaN,NaN,NaN,NaN,NaN,NaN,NaN,NaN,NaN,1
2024-08-12T15:34:00-04:00,2.0002550696832295,2.01,2.0002550696832295,2.01,2.0004002074779454,1.942211516280487,1.911825184774286,1,0,21092,21091,0,0,0,0,NaN,NaN,68.06726974429114,NaN,NaN,NaN,1.9768263052904955,1.9683948590672,NaN,NaN,NaN,NaN,NaN,NaN,NaN,NaN,NaN,NaN,1,0,0,0,0,NaN,NaN,68.06726974429114,NaN,NaN,NaN,1.9768263052904955,1.9683948590672,NaN,NaN,NaN,NaN,NaN,NaN,NaN,NaN,NaN,NaN,1
2024-08-12T15:35:00-04:00,2.0051275348416144,2.05,2.0051275348416144,2.035,2.006691078845592,1.9436281343525406,1.9122089248718783,0,0,21092,21091,0,0,0,0,NaN,NaN,68.26819229598048,NaN,NaN,NaN,1.9768263052904955,1.9903262844351044,NaN,NaN,NaN,NaN,NaN,NaN,NaN,NaN,NaN,NaN,1,0,0,0,0,NaN,NaN,68.26819229598048,NaN,NaN,NaN,1.9768263052904955,1.9903262844351044,NaN,NaN,NaN,NaN,NaN,NaN,NaN,NaN,NaN,NaN,1
2024-08-12T15:36:00-04:00,2.0200637674208073,2.05,2.0200637674208073,2.05,2.014565428146393,1.9452521323013567,1.9123697154281798,0,0,21092,21091,0,0,0,0,NaN,NaN,68.26511931465056,NaN,NaN,NaN,1.994426797344334,2.0087827647037324,NaN,NaN,NaN,NaN,NaN,NaN,NaN,NaN,NaN,NaN,1,0,0,0,0,NaN,NaN,68.26511931465056,NaN,NaN,NaN,1.994426797344334,2.0087827647037324,NaN,NaN,NaN,NaN,NaN,NaN,NaN,NaN,NaN,NaN,1
2024-08-12T15:37:00-04:00,2.0350318837104036,2.05,2.0350318837104036,2.05,2.0210080775743218,1.9468513363883588,1.9127966613413572,0,0,21092,21091,0,0,0,0,NaN,NaN,68.14189879844618,NaN,NaN,NaN,2.025830511340452,2.0087827647037324,NaN,NaN,NaN,NaN,NaN,NaN,NaN,NaN,NaN,NaN,1,0,0,0,0,NaN,NaN,68.14189879844618,NaN,NaN,NaN,2.025830511340452,2.0087827647037324,NaN,NaN,NaN,NaN,NaN,NaN,NaN,NaN,NaN,NaN,1
2024-08-12T15:38:00-04:00,2.0425159418552017,2.06,2.0425159418552017,2.0549999999999997,2.027188427106263,1.948502461023651,1.9129068589008396,0,0,21092,21091,0,0,0,0,NaN,NaN,67.97010331744751,NaN,NaN,NaN,2.030798373274983,2.0217749011748363,NaN,NaN,NaN,NaN,NaN,NaN,NaN,NaN,NaN,NaN,1,0,0,0,0,NaN,NaN,67.97010331744751,NaN,NaN,NaN,2.030798373274983,2.0217749011748363,NaN,NaN,NaN,NaN,NaN,NaN,NaN,NaN,NaN,NaN,1
2024-08-12T15:39:00-04:00,2.0487579709276007,2.0487579709276007,2.03,2.0374999999999996,2.029063258541488,1.949861202076725,1.9138259517088063,0,0,21092,21091,0,0,0,0,NaN,NaN,68.44292475051085,NaN,NaN,NaN,2.030798373274983,2.0217749011748363,NaN,NaN,NaN,NaN,NaN,NaN,NaN,NaN,NaN,NaN,1,0,0,0,0,NaN,NaN,68.44292475051085,NaN,NaN,NaN,2.030798373274983,2.0217749011748363,NaN,NaN,NaN,NaN,NaN,NaN,NaN,NaN,NaN,NaN,1
2024-08-12T15:41:00-04:00,2.0431289854638,2.0431289854638,2.03,2.03,2.0292335751703083,1.9510846951747902,1.9138706158258552,0,0,21092,21091,0,0,0,0,NaN,NaN,68.34583965198982,NaN,NaN,NaN,2.030798373274983,2.0217749011748363,NaN,NaN,NaN,NaN,NaN,NaN,NaN,NaN,NaN,NaN,1,0,0,0,0,NaN,NaN,68.34583965198982,NaN,NaN,NaN,2.030798373274983,2.0217749011748363,NaN,NaN,NaN,NaN,NaN,NaN,NaN,NaN,NaN,NaN,1
2024-08-12T15:42:00-04:00,2.0365644927319,2.04,2.03,2.0341,2.0301183796847977,1.9523521044087628,1.9142392677822662,0,0,21092,21091,0,0,0,0,NaN,NaN,68.53848017567185,NaN,NaN,NaN,2.030798373274983,2.0217749011748363,NaN,NaN,NaN,NaN,NaN,NaN,NaN,NaN,NaN,NaN,1,0,0,0,0,NaN,NaN,68.53848017567185,NaN,NaN,NaN,2.030798373274983,2.0217749011748363,NaN,NaN,NaN,NaN,NaN,NaN,NaN,NaN,NaN,NaN,1
2024-08-12T15:43:00-04:00,2.0353322463659502,2.0353322463659502,2.02,2.025,2.0291877651966526,1.9534612325857283,1.9143664785648107,0,0,21092,21091,0,0,0,0,NaN,NaN,68.53662137937243,NaN,NaN,NaN,2.030798373274983,2.0217749011748363,NaN,NaN,NaN,NaN,NaN,NaN,NaN,NaN,NaN,NaN,1,0,0,0,0,NaN,NaN,68.53662137937243,NaN,NaN,NaN,2.030798373274983,2.0217749011748363,NaN,NaN,NaN,NaN,NaN,NaN,NaN,NaN,NaN,NaN,1
2024-08-12T15:44:00-04:00,2.0301661231829753,2.04,2.02,2.03,2.0293354442518066,1.9546297633859462,1.914543284175439,0,0,21092,21091,0,0,0,0,NaN,NaN,69.33061015749583,NaN,NaN,NaN,2.030798373274983,2.0217749011748363,NaN,NaN,NaN,NaN,NaN,NaN,NaN,NaN,NaN,NaN,1,0,0,0,0,NaN,NaN,69.33061015749583,NaN,NaN,NaN,2.030798373274983,2.0217749011748363,NaN,NaN,NaN,NaN,NaN,NaN,NaN,NaN,NaN,NaN,1
2024-08-12T15:45:00-04:00,2.0300830615914878,2.04,2.025,2.0324999999999998,2.0299108180242054,1.9558186219602065,1.9157155658663594,0,0,21092,21091,0,0,0,0,NaN,NaN,69.37322045189923,NaN,NaN,NaN,2.030798373274983,2.0217749011748363,NaN,NaN,NaN,NaN,NaN,NaN,NaN,NaN,NaN,NaN,1,0,0,0,0,NaN,NaN,69.37322045189923,NaN,NaN,NaN,2.030798373274983,2.0217749011748363,NaN,NaN,NaN,NaN,NaN,NaN,NaN,NaN,NaN,NaN,1
2024-08-12T15:47:00-04:00,2.0312915307957438,2.05,2.0312915307957438,2.04375,2.0324270329288954,1.9571610857470736,1.918701783456912,0,0,21092,21091,0,0,0,0,NaN,NaN,70.09709517637977,NaN,NaN,NaN,2.030798373274983,2.0217749011748363,NaN,NaN,NaN,NaN,NaN,NaN,NaN,NaN,NaN,NaN,1,0,0,0,0,NaN,NaN,70.09709517637977,NaN,NaN,NaN,2.030798373274983,2.0217749011748363,NaN,NaN,NaN,NaN,NaN,NaN,NaN,NaN,NaN,NaN,1
2024-08-12T15:48:00-04:00,2.037520765397872,2.05,2.037520765397872,2.05,2.0356221178509144,1.958578473750935,1.919641376260587,1,0,21092,21091,0,0,0,0,NaN,NaN,71.08324172990059,NaN,NaN,NaN,2.030798373274983,2.0217749011748363,NaN,NaN,NaN,NaN,NaN,NaN,NaN,NaN,NaN,NaN,1,0,0,0,0,NaN,NaN,71.08324172990059,NaN,NaN,NaN,2.030798373274983,2.0217749011748363,NaN,NaN,NaN,NaN,NaN,NaN,NaN,NaN,NaN,NaN,1
2024-08-12T15:49:00-04:00,2.043760382698936,2.06,2.04,2.05,2.038236278241657,1.9599742222432872,1.9216665145668945,0,0,21092,21091,0,0,0,0,NaN,NaN,71.60763105858598,NaN,NaN,NaN,2.030798373274983,2.0217749011748363,NaN,NaN,NaN,NaN,NaN,NaN,NaN,NaN,NaN,NaN,1,0,0,0,0,NaN,NaN,71.60763105858598,NaN,NaN,NaN,2.030798373274983,2.0217749011748363,NaN,NaN,NaN,NaN,NaN,NaN,NaN,NaN,NaN,NaN,1
2024-08-12T15:50:00-04:00,2.0468801913494676,2.055,2.0468801913494676,2.05125,2.0406024094704467,1.9613677455678171,1.9232211297041255,0,0,21092,21091,0,0,0,0,NaN,NaN,72.94936367131606,NaN,NaN,NaN,2.030798373274983,2.0217749011748363,NaN,NaN,NaN,NaN,NaN,NaN,NaN,NaN,NaN,NaN,1,0,0,0,0,NaN,NaN,72.94936367131606,NaN,NaN,NaN,2.030798373274983,2.0217749011748363,NaN,NaN,NaN,NaN,NaN,NaN,NaN,NaN,NaN,NaN,1
2024-08-12T15:51:00-04:00,2.0490650956747336,2.05,2.04,2.045,2.0414019713849108,1.9626445738797589,1.924041471461037,0,0,21092,21091,0,0,0,0,NaN,NaN,73.08930234641353,NaN,NaN,NaN,2.030798373274983,2.0217749011748363,NaN,NaN,NaN,NaN,NaN,NaN,NaN,NaN,NaN,NaN,1,0,0,0,0,NaN,NaN,73.08930234641353,NaN,NaN,NaN,2.030798373274983,2.0217749011748363,NaN,NaN,NaN,NaN,NaN,NaN,NaN,NaN,NaN,NaN,1
2024-08-12T15:52:00-04:00,2.0470325478373668,2.0470325478373668,2.04,2.04,2.041147067496745,1.9638255727518237,1.9241646773719416,0,0,21092,21091,0,0,0,0,NaN,NaN,73.00771883667385,NaN,NaN,NaN,2.030798373274983,2.0217749011748363,NaN,NaN,NaN,NaN,NaN,NaN,NaN,NaN,NaN,NaN,1,0,0,0,0,NaN,NaN,73.00771883667385,NaN,NaN,NaN,2.030798373274983,2.0217749011748363,NaN,NaN,NaN,NaN,NaN,NaN,NaN,NaN,NaN,NaN,1
2024-08-12T15:53:00-04:00,2.0435162739186836,2.0435162739186836,2.04,2.04,2.040938509770064,1.9649885411067576,1.9243678045529586,0,0,21092,21091,0,0,0,0,NaN,NaN,72.83951906767138,NaN,NaN,NaN,2.030798373274983,2.0217749011748363,NaN,NaN,NaN,NaN,NaN,NaN,NaN,NaN,NaN,NaN,1,0,0,0,0,NaN,NaN,72.83951906767138,NaN,NaN,NaN,2.030798373274983,2.0217749011748363,NaN,NaN,NaN,NaN,NaN,NaN,NaN,NaN,NaN,NaN,1
2024-08-12T15:54:00-04:00,2.041758136959342,2.041758136959342,2.035,2.03745,2.040304235266416,1.9660948229219215,1.9259446926780288,0,0,21092,21091,0,0,0,0,NaN,NaN,74.26834596087927,NaN,NaN,NaN,2.030798373274983,2.0217749011748363,NaN,NaN,NaN,NaN,NaN,NaN,NaN,NaN,NaN,NaN,1,0,0,0,0,NaN,NaN,74.26834596087927,NaN,NaN,NaN,2.030798373274983,2.0217749011748363,NaN,NaN,NaN,NaN,NaN,NaN,NaN,NaN,NaN,NaN,1
2024-08-12T15:55:00-04:00,2.039604068479671,2.05,2.039604068479671,2.045,2.0411580106725222,1.9672994821139533,1.9285175883827612,0,0,21092,21091,0,0,0,0,NaN,NaN,75.28472090416427,NaN,NaN,NaN,2.030798373274983,2.0217749011748363,NaN,NaN,NaN,NaN,NaN,NaN,NaN,NaN,NaN,NaN,1,0,0,0,0,NaN,NaN,75.28472090416427,NaN,NaN,NaN,2.030798373274983,2.0217749011748363,NaN,NaN,NaN,NaN,NaN,NaN,NaN,NaN,NaN,NaN,1
2024-08-12T15:56:00-04:00,2.0423020342398353,2.05,2.0423020342398353,2.05,2.0427656450957,1.968562085440458,1.9306634763131703,0,0,21092,21091,0,0,0,0,NaN,NaN,75.75095863732972,NaN,NaN,NaN,2.030798373274983,2.0217749011748363,NaN,NaN,NaN,NaN,NaN,NaN,NaN,NaN,NaN,NaN,1,0,0,0,0,NaN,NaN,75.75095863732972,NaN,NaN,NaN,2.030798373274983,2.0217749011748363,NaN,NaN,NaN,NaN,NaN,NaN,NaN,NaN,NaN,NaN,1
2024-08-12T15:57:00-04:00,2.0461510171199175,2.05,2.0461510171199175,2.05,2.0440809823510273,1.9698054123802984,1.9346893072323281,0,0,21092,21091,0,0,0,0,NaN,NaN,75.91529872850913,NaN,NaN,NaN,2.030798373274983,2.0217749011748363,NaN,NaN,NaN,NaN,NaN,NaN,NaN,NaN,NaN,NaN,1,0,0,0,0,NaN,NaN,75.91529872850913,NaN,NaN,NaN,2.030798373274983,2.0217749011748363,NaN,NaN,NaN,NaN,NaN,NaN,NaN,NaN,NaN,NaN,1
2024-08-12T15:58:00-04:00,2.0480755085599585,2.05,2.04,2.0475,2.0447026219235678,1.9709915892905228,1.936733036372768,0,0,21092,21091,0,0,0,0,NaN,NaN,75.66340615647643,NaN,NaN,NaN,2.030798373274983,2.0217749011748363,NaN,NaN,NaN,NaN,NaN,NaN,NaN,NaN,NaN,NaN,1,0,0,0,0,NaN,NaN,75.66340615647643,NaN,NaN,NaN,2.030798373274983,2.0217749011748363,NaN,NaN,NaN,NaN,NaN,NaN,NaN,NaN,NaN,NaN,1
2024-08-12T15:59:00-04:00,2.0477877542799794,2.05,2.03,2.0399999999999996,2.0438475997556464,1.972045152812805,1.937762316243001,0,0,21092,21091,0,0,0,0,NaN,NaN,74.99737068384358,NaN,NaN,NaN,2.030798373274983,2.0217749011748363,NaN,NaN,NaN,NaN,NaN,NaN,NaN,NaN,NaN,NaN,1,0,0,0,0,NaN,NaN,74.99737068384358,NaN,NaN,NaN,2.030798373274983,2.0217749011748363,NaN,NaN,NaN,NaN,NaN,NaN,NaN,NaN,NaN,NaN,1
2024-08-12T16:00:00-04:00,2.0438938771399897,2.0438938771399897,2.03,2.0349999999999997,2.0422389452546197,1.9730062955179528,1.941037116846148,0,0,21092,21091,0,0,0,0,NaN,NaN,74.25358676115333,NaN,NaN,NaN,2.030798373274983,2.0217749011748363,NaN,NaN,NaN,NaN,NaN,NaN,NaN,NaN,NaN,NaN,1,0,0,0,0,NaN,NaN,74.25358676115333,NaN,NaN,NaN,2.030798373274983,2.0217749011748363,NaN,NaN,NaN,NaN,NaN,NaN,NaN,NaN,NaN,NaN,1
2024-08-12T16:09:00-04:00,2.039446938569995,2.0986,2.039446938569995,2.0986,2.05248640975378,1.9749237566550832,1.9410850203850816,1,0,21092,21091,0,0,0,0,NaN,NaN,73.72213728109489,NaN,NaN,NaN,2.030798373274983,2.05843167785763,NaN,NaN,NaN,NaN,NaN,NaN,NaN,NaN,NaN,NaN,1,0,0,0,0,NaN,NaN,73.72213728109489,NaN,NaN,NaN,2.030798373274983,2.05843167785763,NaN,NaN,NaN,NaN,NaN,NaN,NaN,NaN,NaN,NaN,1
2024-08-12T16:40:00-04:00,2.069023469284997,2.1293,2.069023469284997,2.1293,2.0664525170712746,1.977280645866456,1.9413706992960287,0,0,21092,21091,0,0,0,0,NaN,NaN,71.90711815150131,NaN,NaN,NaN,2.061925164864357,2.090437174500342,NaN,NaN,NaN,NaN,NaN,NaN,NaN,NaN,NaN,NaN,1,0,0,0,0,NaN,NaN,71.90711815150131,NaN,NaN,NaN,2.061925164864357,2.090437174500342,NaN,NaN,NaN,NaN,NaN,NaN,NaN,NaN,NaN,NaN,1
2024-08-12T17:27:00-04:00,2.0991617346424984,2.0991617346424984,2.06,2.06,2.065279332149225,1.9785435367692583,1.9414067002612911,0,0,21092,21091,0,0,0,0,NaN,NaN,71.76464603537622,NaN,NaN,NaN,2.061925164864357,2.090437174500342,NaN,NaN,NaN,NaN,NaN,NaN,NaN,NaN,NaN,NaN,1,0,0,0,0,NaN,NaN,71.76464603537622,NaN,NaN,NaN,2.061925164864357,2.090437174500342,NaN,NaN,NaN,NaN,NaN,NaN,NaN,NaN,NaN,NaN,1
2024-08-12T17:38:00-04:00,2.0795808673212495,2.14,2.0795808673212495,2.14,2.078864908122093,1.98100852094072,1.941466949975274,1,0,21092,21091,0,0,0,0,NaN,NaN,70.07179616752842,NaN,NaN,NaN,2.061925164864357,2.1103774069152292,NaN,NaN,NaN,NaN,NaN,NaN,NaN,NaN,NaN,NaN,1,0,0,0,0,NaN,NaN,70.07179616752842,NaN,NaN,NaN,2.061925164864357,2.1103774069152292,NaN,NaN,NaN,NaN,NaN,NaN,NaN,NaN,NaN,NaN,1
2024-08-12T17:44:00-04:00,2.109790433660625,2.14,2.109790433660625,2.14,2.0899803793726215,1.9834358717660525,1.9415271631429374,0,0,21092,21091,0,0,0,0,NaN,NaN,69.21496382680766,NaN,NaN,NaN,2.0766696798189797,2.1103774069152292,NaN,NaN,NaN,NaN,NaN,NaN,NaN,NaN,NaN,NaN,1,0,0,0,0,NaN,NaN,69.21496382680766,NaN,NaN,NaN,2.0766696798189797,2.1103774069152292,NaN,NaN,NaN,NaN,NaN,NaN,NaN,NaN,NaN,NaN,1
2024-08-12T17:50:00-04:00,2.1248952168303123,2.14,2.1248952168303123,2.14,2.0990748558503265,1.9858261638001586,1.9416348535599095,0,0,21092,21091,0,0,0,0,NaN,NaN,68.98167588468314,NaN,NaN,NaN,2.1139619494882584,2.1103774069152292,NaN,NaN,NaN,NaN,NaN,NaN,NaN,NaN,NaN,NaN,1,0,0,0,0,NaN,NaN,68.98167588468314,NaN,NaN,NaN,2.1139619494882584,2.1103774069152292,NaN,NaN,NaN,NaN,NaN,NaN,NaN,NaN,NaN,NaN,1
2024-08-12T18:55:00-04:00,2.1324476084151565,2.1324476084151565,2.06,2.06,2.091970336604813,1.986958588780309,1.941778197889166,0,0,21092,21091,0,0,0,0,NaN,NaN,68.13679993987233,NaN,NaN,NaN,2.086607860259182,2.0856000000000003,NaN,NaN,NaN,NaN,NaN,NaN,NaN,NaN,NaN,NaN,1,0,0,0,0,NaN,NaN,68.13679993987233,NaN,NaN,NaN,2.086607860259182,2.0856000000000003,NaN,NaN,NaN,NaN,NaN,NaN,NaN,NaN,NaN,NaN,1
2024-08-12T18:56:00-04:00,2.096223804207578,2.1489,2.096223804207578,2.1489,2.102321184494847,1.9894309767378615,1.9420912636488952,1,0,21092,21091,0,0,0,0,NaN,NaN,67.98244011675189,NaN,NaN,NaN,2.121647304042112,2.1057835,NaN,NaN,NaN,NaN,NaN,NaN,NaN,NaN,NaN,NaN,1,0,0,0,0,NaN,NaN,67.98244011675189,NaN,NaN,NaN,2.121647304042112,2.1057835,NaN,NaN,NaN,NaN,NaN,NaN,NaN,NaN,NaN,NaN,1
2024-08-13T08:00:00-04:00,2.122561902103789,2.122561902103789,2.1198,2.1198,2.105499150950329,1.9914213435052224,2.1198,0,0,21092,21091,0,0,0,0,NaN,NaN,68.7739589873644,NaN,NaN,NaN,2.121647304042112,2.1057835,NaN,NaN,NaN,NaN,NaN,NaN,NaN,NaN,NaN,NaN,1,0,0,0,0,NaN,NaN,68.7739589873644,NaN,NaN,NaN,2.121647304042112,2.1057835,NaN,NaN,NaN,NaN,NaN,NaN,NaN,NaN,NaN,NaN,1
2024-08-13T09:10:00-04:00,2.121180951051895,2.121180951051895,2.09,2.09,2.102681123504815,1.9929263611616312,2.1148333333333333,0,0,21092,21091,0,0,0,0,NaN,NaN,69.22688400011383,NaN,NaN,NaN,2.121647304042112,2.1057835,NaN,NaN,NaN,NaN,NaN,NaN,NaN,NaN,NaN,NaN,1,0,0,0,0,NaN,NaN,69.22688400011383,NaN,NaN,NaN,2.121647304042112,2.1057835,NaN,NaN,NaN,NaN,NaN,NaN,NaN,NaN,NaN,NaN,1
2024-08-13T09:25:00-04:00,2.1055904755259474,2.12,2.1055904755259474,2.12,2.105830010140303,1.9948664167164154,2.117669172932331,0,0,21092,21091,0,0,0,0,NaN,NaN,70.9392077283366,NaN,NaN,NaN,2.121647304042112,2.1057835,NaN,NaN,NaN,NaN,NaN,NaN,NaN,NaN,NaN,NaN,1,0,0,0,0,NaN,NaN,70.9392077283366,NaN,NaN,NaN,2.121647304042112,2.1057835,NaN,NaN,NaN,NaN,NaN,NaN,NaN,NaN,NaN,NaN,1
2024-08-13T09:30:00-04:00,2.112795237762974,2.112795237762974,2.071,2.09025,2.1029972810238844,1.996322654629142,2.092857428857429,0,0,21092,21091,0,0,0,0,NaN,NaN,72.08013035721922,NaN,NaN,NaN,2.121647304042112,2.1057835,NaN,NaN,NaN,NaN,NaN,NaN,NaN,NaN,NaN,NaN,1,0,0,0,0,NaN,NaN,72.08013035721922,NaN,NaN,NaN,2.121647304042112,2.1057835,NaN,NaN,NaN,NaN,NaN,NaN,NaN,NaN,NaN,NaN,1
2024-08-13T09:31:00-04:00,2.101522618881487,2.101522618881487,2.05,2.05,2.0933614117468147,1.9971421560851856,2.0897799309795593,0,0,21092,21091,0,0,0,0,NaN,NaN,71.19332274870362,NaN,NaN,NaN,2.121647304042112,2.0979665,NaN,NaN,NaN,NaN,NaN,NaN,NaN,NaN,NaN,NaN,1,0,0,0,0,NaN,NaN,71.19332274870362,NaN,NaN,NaN,2.121647304042112,2.0979665,NaN,NaN,NaN,NaN,NaN,NaN,NaN,NaN,NaN,NaN,1
2024-08-13T09:32:00-04:00,2.075761309440743,2.075761309440743,2.03,2.03,2.0818411550655758,1.9976438025571674,2.0803557692307693,0,0,21092,21091,0,0,0,0,NaN,NaN,69.30982460337566,NaN,NaN,NaN,2.101745338778604,2.086227505,NaN,NaN,NaN,NaN,NaN,NaN,NaN,NaN,NaN,NaN,1,0,0,0,0,NaN,NaN,69.30982460337566,NaN,NaN,NaN,2.101745338778604,2.086227505,NaN,NaN,NaN,NaN,NaN,NaN,NaN,NaN,NaN,NaN,1
2024-08-13T09:33:00-04:00,2.0528806547203713,2.06,2.03,2.045,2.075142763235471,1.998366797937974,2.0765842988413907,0,0,21092,21091,0,0,0,0,NaN,NaN,68.51098618397273,NaN,NaN,NaN,2.073613077539081,2.086227505,NaN,NaN,NaN,NaN,NaN,NaN,NaN,NaN,NaN,NaN,1,0,0,0,0,NaN,NaN,68.51098618397273,NaN,NaN,NaN,2.073613077539081,2.086227505,NaN,NaN,NaN,NaN,NaN,NaN,NaN,NaN,NaN,NaN,1
2024-08-13T09:34:00-04:00,2.0489403273601856,2.084,2.0489403273601856,2.084,2.0767531699199306,1.999674175068692,2.0769370243531204,0,0,21092,21091,0,0,0,0,NaN,NaN,69.07943701689099,NaN,NaN,NaN,2.073613077539081,2.086227505,NaN,NaN,NaN,NaN,NaN,NaN,NaN,NaN,NaN,NaN,1,0,0,0,0,NaN,NaN,69.07943701689099,NaN,NaN,NaN,2.073613077539081,2.086227505,NaN,NaN,NaN,NaN,NaN,NaN,NaN,NaN,NaN,NaN,1
2024-08-13T09:36:00-04:00,2.066470163680093,2.085,2.066470163680093,2.0835500000000002,2.077988957207216,2.000954722014208,2.0770380000000004,0,0,21092,21091,0,0,0,0,NaN,NaN,69.7562328947249,NaN,NaN,NaN,2.073613077539081,2.086227505,NaN,NaN,NaN,NaN,NaN,NaN,NaN,NaN,NaN,NaN,1,0,0,0,0,NaN,NaN,69.7562328947249,NaN,NaN,NaN,2.073613077539081,2.086227505,NaN,NaN,NaN,NaN,NaN,NaN,NaN,NaN,NaN,NaN,1
2024-08-13T09:38:00-04:00,2.0750100818400465,2.14,2.0750100818400465,2.12,2.085627328624086,2.0027722071742966,2.084923950286807,0,0,21092,21091,0,0,0,0,NaN,NaN,71.19264519249161,NaN,NaN,NaN,2.073613077539081,2.086227505,NaN,NaN,NaN,NaN,NaN,NaN,NaN,NaN,NaN,NaN,1,0,0,0,0,NaN,NaN,71.19264519249161,NaN,NaN,NaN,2.073613077539081,2.086227505,NaN,NaN,NaN,NaN,NaN,NaN,NaN,NaN,NaN,NaN,1
2024-08-13T09:39:00-04:00,2.0975050409200233,2.17,2.0975050409200233,2.17,2.1009678143287975,2.0053253032479716,2.0858888960302457,1,0,21092,21091,0,0,0,0,2.17,NaN,72.44665624576729,NaN,NaN,NaN,2.073613077539081,2.1041999999999996,NaN,NaN,NaN,NaN,NaN,NaN,NaN,NaN,NaN,NaN,1,0,0,0,0,2.17,NaN,72.44665624576729,NaN,NaN,NaN,2.073613077539081,2.1041999999999996,NaN,NaN,NaN,NaN,NaN,NaN,NaN,NaN,NaN,NaN,1
2024-08-13T09:40:00-04:00,2.1337525204600114,2.152,2.1337525204600114,2.1510000000000002,2.1100645753599254,2.0075493444197585,2.089821005328597,0,0,21092,21091,0,0,0,0,NaN,NaN,74.73036269556812,NaN,NaN,NaN,2.108411686830291,2.1041999999999996,NaN,NaN,NaN,NaN,NaN,NaN,NaN,NaN,NaN,NaN,1,0,0,0,0,NaN,NaN,74.73036269556812,NaN,NaN,NaN,2.108411686830291,2.1041999999999996,NaN,NaN,NaN,NaN,NaN,NaN,NaN,NaN,NaN,NaN,1
2024-08-13T09:41:00-04:00,2.142376260230006,2.15,2.13,2.1399999999999997,2.115507379839939,2.0095714918331975,2.0901750017636687,0,0,21092,21091,0,0,0,0,NaN,NaN,76.40998577474137,NaN,NaN,NaN,2.1100554274293675,2.1041999999999996,NaN,NaN,NaN,NaN,NaN,NaN,NaN,NaN,NaN,NaN,1,0,0,0,0,NaN,NaN,76.40998577474137,NaN,NaN,NaN,2.1100554274293675,2.1041999999999996,NaN,NaN,NaN,NaN,NaN,NaN,NaN,NaN,NaN,NaN,1
2024-08-13T09:43:00-04:00,2.141188130115003,2.141188130115003,2.11,2.1199999999999997,2.116324219869041,2.0112574232555915,2.091191185689949,0,0,21092,21091,0,0,0,0,NaN,NaN,77.51258457218955,NaN,NaN,NaN,2.1100554274293675,2.1041999999999996,NaN,NaN,NaN,NaN,NaN,NaN,NaN,NaN,NaN,NaN,1,0,0,0,0,NaN,NaN,77.51258457218955,NaN,NaN,NaN,2.1100554274293675,2.1041999999999996,NaN,NaN,NaN,NaN,NaN,NaN,NaN,NaN,NaN,NaN,1
2024-08-13T09:45:00-04:00,2.130594065057501,2.130594065057501,2.12,2.125,2.117901634438306,2.012993951144819,2.0920226420737786,0,0,21092,21091,0,0,0,0,NaN,NaN,78.19763028809173,NaN,NaN,NaN,2.1100554274293675,2.1041999999999996,NaN,NaN,NaN,NaN,NaN,NaN,NaN,NaN,NaN,NaN,1,0,0,0,0,NaN,NaN,78.19763028809173,NaN,NaN,NaN,2.1100554274293675,2.1041999999999996,NaN,NaN,NaN,NaN,NaN,NaN,NaN,NaN,NaN,NaN,1
2024-08-13T09:48:00-04:00,2.1277970325287505,2.1277970325287505,2.1,2.110025,2.1164695190858867,2.014475341203677,2.0969998256708666,0,0,21092,21091,0,0,0,0,NaN,NaN,77.96736774803803,NaN,NaN,NaN,2.1100554274293675,2.1041999999999996,NaN,NaN,NaN,NaN,NaN,NaN,NaN,NaN,NaN,NaN,1,0,0,0,0,NaN,NaN,77.96736774803803,NaN,NaN,NaN,2.1100554274293675,2.1041999999999996,NaN,NaN,NaN,NaN,NaN,NaN,NaN,NaN,NaN,NaN,1
2024-08-13T09:50:00-04:00,2.1189110162643754,2.12,2.1189110162643754,2.12,2.1171114247066347,2.0160864046967504,2.0970549978411053,0,0,21092,21091,0,0,0,0,NaN,NaN,77.90723545889729,NaN,NaN,NaN,2.1100554274293675,2.1041999999999996,NaN,NaN,NaN,NaN,NaN,NaN,NaN,NaN,NaN,NaN,1,0,0,0,0,NaN,NaN,77.90723545889729,NaN,NaN,NaN,2.1100554274293675,2.1041999999999996,NaN,NaN,NaN,NaN,NaN,NaN,NaN,NaN,NaN,NaN,1
2024-08-13T09:52:00-04:00,2.1194555081321877,2.12,2.1194555081321877,2.12,2.1176366202145194,2.0176728718006167,2.0971345289603898,0,0,21092,21091,0,0,0,0,NaN,NaN,77.74970312271982,NaN,NaN,NaN,2.1100554274293675,2.1041999999999996,NaN,NaN,NaN,NaN,NaN,NaN,NaN,NaN,NaN,NaN,1,0,0,0,0,NaN,NaN,77.74970312271982,NaN,NaN,NaN,2.1100554274293675,2.1041999999999996,NaN,NaN,NaN,NaN,NaN,NaN,NaN,NaN,NaN,NaN,1
2024-08-13T09:53:00-04:00,2.119727754066094,2.1225,2.119727754066094,2.1225,2.118520871084607,2.0192732859716,2.0977267235542687,0,0,21092,21091,0,0,0,0,NaN,NaN,77.40146955206663,NaN,NaN,NaN,2.1100554274293675,2.1041999999999996,NaN,NaN,NaN,NaN,NaN,NaN,NaN,NaN,NaN,NaN,1,0,0,0,0,NaN,NaN,77.40146955206663,NaN,NaN,NaN,2.1100554274293675,2.1041999999999996,NaN,NaN,NaN,NaN,NaN,NaN,NaN,NaN,NaN,NaN,1
2024-08-13T09:55:00-04:00,2.1211138770330473,2.1211138770330473,2.07,2.08875,2.11310798543286,2.0203339991628733,2.0973720428299134,0,0,21092,21091,0,0,0,0,NaN,NaN,75.65714499732181,NaN,NaN,NaN,2.1100554274293675,2.1041999999999996,NaN,NaN,NaN,NaN,NaN,NaN,NaN,NaN,NaN,NaN,1,0,0,0,0,NaN,NaN,75.65714499732181,NaN,NaN,NaN,2.1100554274293675,2.1041999999999996,NaN,NaN,NaN,NaN,NaN,NaN,NaN,NaN,NaN,NaN,1
2024-08-13T10:01:00-04:00,2.1049319385165237,2.1049319385165237,2.07,2.0712,2.1054883517177947,2.0211105793283255,2.095993250132767,0,0,21092,21091,0,0,0,0,NaN,NaN,72.768925498018,NaN,NaN,NaN,2.1100554274293675,2.1041999999999996,NaN,NaN,NaN,NaN,NaN,NaN,NaN,NaN,NaN,NaN,1,0,0,0,0,NaN,NaN,72.768925498018,NaN,NaN,NaN,2.1100554274293675,2.1041999999999996,NaN,NaN,NaN,NaN,NaN,NaN,NaN,NaN,NaN,NaN,1
2024-08-13T10:04:00-04:00,2.088065969258262,2.088065969258262,2.05,2.0599999999999996,2.0972177423145593,2.0217043109416335,2.094698194831258,0,0,21092,21091,0,0,0,0,NaN,NaN,69.02420099946316,NaN,NaN,NaN,2.1100554274293675,2.1041999999999996,NaN,NaN,NaN,NaN,NaN,NaN,NaN,NaN,NaN,NaN,1,0,0,0,0,NaN,NaN,69.02420099946316,NaN,NaN,NaN,2.1100554274293675,2.1041999999999996,NaN,NaN,NaN,NaN,NaN,NaN,NaN,NaN,NaN,NaN,1
2024-08-13T10:05:00-04:00,2.074032984629131,2.074032984629131,2.06,2.06,2.0904508800755486,2.0222889779501583,2.094556661975852,0,0,21092,21091,0,0,0,0,NaN,NaN,65.42699789007212,NaN,NaN,NaN,2.1100554274293675,2.1041999999999996,NaN,NaN,NaN,NaN,NaN,NaN,NaN,NaN,NaN,NaN,1,0,0,0,0,NaN,NaN,65.42699789007212,NaN,NaN,NaN,2.1100554274293675,2.1041999999999996,NaN,NaN,NaN,NaN,NaN,NaN,NaN,NaN,NaN,NaN,1
2024-08-13T10:06:00-04:00,2.0670164923145657,2.0996,2.0670164923145657,2.0996,2.0921143564254487,2.023469298897484,2.0946539053124247,0,0,21092,21091,0,0,0,0,NaN,NaN,63.918982863048335,NaN,NaN,NaN,2.1100554274293675,2.1041999999999996,NaN,NaN,NaN,NaN,NaN,NaN,NaN,NaN,NaN,NaN,1,0,0,0,0,NaN,NaN,63.918982863048335,NaN,NaN,NaN,2.1100554274293675,2.1041999999999996,NaN,NaN,NaN,NaN,NaN,NaN,NaN,NaN,NaN,NaN,1
2024-08-13T10:09:00-04:00,2.0833082461572827,2.0833082461572827,2.08,2.08,2.089911746166276,2.0243323630364536,2.0944512821271473,0,0,21092,21091,0,0,0,0,NaN,NaN,61.21132302232656,NaN,NaN,NaN,2.1100554274293675,2.1041999999999996,NaN,NaN,NaN,NaN,NaN,NaN,NaN,NaN,NaN,NaN,1,0,0,0,0,NaN,NaN,61.21132302232656,NaN,NaN,NaN,2.1100554274293675,2.1041999999999996,NaN,NaN,NaN,NaN,NaN,NaN,NaN,NaN,NaN,NaN,1
2024-08-13T10:10:00-04:00,2.0816541230786414,2.0946,2.0816541230786414,2.0946,2.090764155954226,2.025405151387042,2.0944515748961554,0,0,21092,21091,0,0,0,0,NaN,NaN,59.233382937997156,NaN,NaN,NaN,2.1100554274293675,2.1041999999999996,NaN,NaN,NaN,NaN,NaN,NaN,NaN,NaN,NaN,NaN,1,0,0,0,0,NaN,NaN,59.233382937997156,NaN,NaN,NaN,2.1100554274293675,2.1041999999999996,NaN,NaN,NaN,NaN,NaN,NaN,NaN,NaN,NaN,NaN,1
2024-08-13T10:11:00-04:00,2.0881270615393204,2.1,2.0881270615393204,2.0925,2.0910797639625485,2.0264295002208277,2.0943704909526595,0,0,21092,21091,0,0,0,0,NaN,NaN,57.42704447472951,NaN,NaN,NaN,2.1100554274293675,2.1041999999999996,NaN,NaN,NaN,NaN,NaN,NaN,NaN,NaN,NaN,NaN,1,0,0,0,0,NaN,NaN,57.42704447472951,NaN,NaN,NaN,2.1100554274293675,2.1041999999999996,NaN,NaN,NaN,NaN,NaN,NaN,NaN,NaN,NaN,NaN,1
2024-08-13T10:12:00-04:00,2.0903135307696603,2.0987,2.09,2.09435,2.091674352332994,2.0274664544159298,2.0943697099765877,0,0,21092,21091,0,0,0,0,NaN,NaN,56.047504916187144,NaN,NaN,NaN,2.1100554274293675,2.1041999999999996,NaN,NaN,NaN,NaN,NaN,NaN,NaN,NaN,NaN,NaN,1,0,0,0,0,NaN,NaN,56.047504916187144,NaN,NaN,NaN,2.1100554274293675,2.1041999999999996,NaN,NaN,NaN,NaN,NaN,NaN,NaN,NaN,NaN,NaN,1
2024-08-13T10:13:00-04:00,2.09233176538483,2.09233176538483,2.09,2.09,2.091369924636086,2.028421165035534,2.0942813615833273,0,0,21092,21091,0,0,0,0,NaN,NaN,54.39388896920222,NaN,NaN,NaN,2.1100554274293675,2.1041999999999996,NaN,NaN,NaN,NaN,NaN,NaN,NaN,NaN,NaN,NaN,1,0,0,0,0,NaN,NaN,54.39388896920222,NaN,NaN,NaN,2.1100554274293675,2.1041999999999996,NaN,NaN,NaN,NaN,NaN,NaN,NaN,NaN,NaN,NaN,1
2024-08-13T10:18:00-04:00,2.091165882692415,2.0998,2.091165882692415,2.0998,2.0929026656113434,2.0295109182410984,2.094294284877945,0,0,21092,21091,0,0,0,0,NaN,NaN,53.30742878926748,NaN,NaN,NaN,2.1100554274293675,2.1041999999999996,NaN,NaN,NaN,NaN,NaN,NaN,NaN,NaN,NaN,NaN,1,0,0,0,0,NaN,NaN,53.30742878926748,NaN,NaN,NaN,2.1100554274293675,2.1041999999999996,NaN,NaN,NaN,NaN,NaN,NaN,NaN,NaN,NaN,NaN,1
2024-08-13T10:22:00-04:00,2.0954829413462077,2.0954829413462077,2.08,2.08,2.090556726409281,2.030281743916807,2.0941549154120476,0,0,21092,21091,0,0,0,0,NaN,NaN,50.692413543688176,NaN,NaN,NaN,2.1100554274293675,2.1041999999999996,NaN,NaN,NaN,NaN,NaN,NaN,NaN,NaN,NaN,NaN,1,0,0,0,0,NaN,NaN,50.692413543688176,NaN,NaN,NaN,2.1100554274293675,2.1041999999999996,NaN,NaN,NaN,NaN,NaN,NaN,NaN,NaN,NaN,NaN,1
2024-08-13T10:23:00-04:00,2.087741470673104,2.1,2.087741470673104,2.1,2.092273685243957,2.031346144773039,2.0941651658102867,0,0,21092,21091,0,0,0,0,NaN,NaN,49.14376057818913,NaN,NaN,NaN,2.1100554274293675,2.1041999999999996,NaN,NaN,NaN,NaN,NaN,NaN,NaN,NaN,NaN,NaN,1,0,0,0,0,NaN,NaN,49.14376057818913,NaN,NaN,NaN,2.1100554274293675,2.1041999999999996,NaN,NaN,NaN,NaN,NaN,NaN,NaN,NaN,NaN,NaN,1
2024-08-13T10:25:00-04:00,2.093870735336552,2.093870735336552,2.07,2.07,2.0882239242905105,2.031936279967344,2.0938609567099564,0,0,21092,21091,0,0,0,0,NaN,NaN,45.74954203919238,NaN,NaN,NaN,2.1100554274293675,2.1041999999999996,NaN,NaN,NaN,NaN,NaN,NaN,NaN,NaN,NaN,NaN,1,0,0,0,0,NaN,NaN,45.74954203919238,NaN,NaN,NaN,2.1100554274293675,2.1041999999999996,NaN,NaN,NaN,NaN,NaN,NaN,NaN,NaN,NaN,NaN,1
2024-08-13T10:28:00-04:00,2.081935367668276,2.09,2.081935367668276,2.087475,2.0880877562376905,2.0327841993571556,2.0938163749226217,0,0,21092,21091,0,0,0,0,NaN,NaN,43.110315956514086,NaN,NaN,NaN,2.1100554274293675,2.1041999999999996,NaN,NaN,NaN,NaN,NaN,NaN,NaN,NaN,NaN,NaN,1,0,0,0,0,NaN,NaN,43.110315956514086,NaN,NaN,NaN,2.1100554274293675,2.1041999999999996,NaN,NaN,NaN,NaN,NaN,NaN,NaN,NaN,NaN,NaN,1
2024-08-13T10:29:00-04:00,2.0847051838341377,2.085,2.0847051838341377,2.085,2.087526346012656,2.0335813871532293,2.093786159092467,0,0,21092,21091,0,0,0,0,NaN,NaN,40.44447160668215,NaN,NaN,NaN,2.1100554274293675,2.1041999999999996,NaN,NaN,NaN,NaN,NaN,NaN,NaN,NaN,NaN,NaN,1,0,0,0,0,NaN,NaN,40.44447160668215,NaN,NaN,NaN,2.1100554274293675,2.1041999999999996,NaN,NaN,NaN,NaN,NaN,NaN,NaN,NaN,NaN,NaN,1
2024-08-13T10:30:00-04:00,2.084852591917069,2.1,2.084852591917069,2.1,2.0897942831012637,2.034595411776844,2.0937967890379086,0,0,21092,21091,0,0,0,0,NaN,NaN,38.25046932457364,NaN,NaN,NaN,2.1100554274293675,2.1041999999999996,NaN,NaN,NaN,NaN,NaN,NaN,NaN,NaN,NaN,NaN,1,0,0,0,0,NaN,NaN,38.25046932457364,NaN,NaN,NaN,2.1100554274293675,2.1041999999999996,NaN,NaN,NaN,NaN,NaN,NaN,NaN,NaN,NaN,NaN,1
2024-08-13T10:31:00-04:00,2.0924262959585347,2.1,2.0924262959585347,2.1,2.091649867991943,2.0355939551084954,2.0940899846795746,1,0,21092,21091,0,0,0,0,NaN,NaN,36.143954101755504,NaN,NaN,NaN,2.1100554274293675,2.1041999999999996,NaN,NaN,NaN,NaN,NaN,NaN,NaN,NaN,NaN,NaN,1,0,0,0,0,NaN,NaN,36.143954101755504,NaN,NaN,NaN,2.1100554274293675,2.1041999999999996,NaN,NaN,NaN,NaN,NaN,NaN,NaN,NaN,NaN,NaN,1
2024-08-13T10:32:00-04:00,2.0962131479792676,2.105,2.0962131479792676,2.105,2.0940771647206806,2.036653589381648,2.0941077372429056,0,0,21092,21091,0,0,0,0,NaN,NaN,34.14829618366311,NaN,NaN,NaN,2.1100554274293675,2.1041999999999996,NaN,NaN,NaN,NaN,NaN,NaN,NaN,NaN,NaN,NaN,1,0,0,0,0,NaN,NaN,34.14829618366311,NaN,NaN,NaN,2.1100554274293675,2.1041999999999996,NaN,NaN,NaN,NaN,NaN,NaN,NaN,NaN,NaN,NaN,1
2024-08-13T10:33:00-04:00,2.1006065739896336,2.11,2.0983,2.102075,2.0955313165896476,2.0376523895437604,2.09447856056845,0,0,21092,21091,0,0,0,0,NaN,NaN,31.99062505548197,NaN,NaN,NaN,2.1100554274293675,2.1041999999999996,NaN,NaN,NaN,NaN,NaN,NaN,NaN,NaN,NaN,NaN,1,0,0,0,0,NaN,NaN,31.99062505548197,NaN,NaN,NaN,2.1100554274293675,2.1041999999999996,NaN,NaN,NaN,NaN,NaN,NaN,NaN,NaN,NaN,NaN,1
2024-08-13T10:34:00-04:00,2.101340786994817,2.101340786994817,2.1,2.1,2.096343804482439,2.0386042614591227,2.0946767694746917,0,0,21092,21091,0,0,0,0,NaN,NaN,29.80452264760927,NaN,NaN,NaN,2.1100554274293675,2.1041999999999996,NaN,NaN,NaN,NaN,NaN,NaN,NaN,NaN,NaN,NaN,1,0,0,0,0,NaN,NaN,29.80452264760927,NaN,NaN,NaN,2.1100554274293675,2.1041999999999996,NaN,NaN,NaN,NaN,NaN,NaN,NaN,NaN,NaN,NaN,1
2024-08-13T10:35:00-04:00,2.1006703934974085,2.1027,2.1,2.10135,2.097254021849268,2.039562211665854,2.09480405393509,0,0,21092,21091,0,0,0,0,NaN,NaN,28.505603953636044,NaN,NaN,NaN,2.1100554274293675,2.1041999999999996,NaN,NaN,NaN,NaN,NaN,NaN,NaN,NaN,NaN,NaN,1,0,0,0,0,NaN,NaN,28.505603953636044,NaN,NaN,NaN,2.1100554274293675,2.1041999999999996,NaN,NaN,NaN,NaN,NaN,NaN,NaN,NaN,NaN,NaN,1
2024-08-13T10:37:00-04:00,2.101010196748704,2.101010196748704,2.095,2.095,2.0968441996948557,2.0404085901137035,2.094804341010314,0,0,21092,21091,0,0,0,0,NaN,NaN,27.46105035112168,NaN,NaN,NaN,2.1100554274293675,2.1041999999999996,NaN,NaN,NaN,NaN,NaN,NaN,NaN,NaN,NaN,NaN,1,0,0,0,0,NaN,NaN,27.46105035112168,NaN,NaN,NaN,2.1100554274293675,2.1041999999999996,NaN,NaN,NaN,NaN,NaN,NaN,NaN,NaN,NaN,NaN,1
2024-08-13T10:38:00-04:00,2.098005098374352,2.098005098374352,2.095,2.095,2.0965088906594276,2.041242046753189,2.0948046272455967,0,0,21092,21091,0,0,0,0,NaN,NaN,26.358224635962774,NaN,NaN,NaN,2.1100554274293675,2.1041999999999996,NaN,NaN,NaN,NaN,NaN,NaN,NaN,NaN,NaN,NaN,1,0,0,0,0,NaN,NaN,26.358224635962774,NaN,NaN,NaN,2.1100554274293675,2.1041999999999996,NaN,NaN,NaN,NaN,NaN,NaN,NaN,NaN,NaN,NaN,1
2024-08-13T10:40:00-04:00,2.096502549187176,2.1,2.096502549187176,2.1,2.097143637812259,2.0421391147416896,2.094819783826361,1,0,21092,21091,0,0,0,0,NaN,NaN,25.75316528859567,NaN,NaN,NaN,2.1100554274293675,2.1041999999999996,NaN,NaN,NaN,NaN,NaN,NaN,NaN,NaN,NaN,NaN,1,0,0,0,0,NaN,NaN,25.75316528859567,NaN,NaN,NaN,2.1100554274293675,2.1041999999999996,NaN,NaN,NaN,NaN,NaN,NaN,NaN,NaN,NaN,NaN,1
2024-08-13T10:41:00-04:00,2.098251274593588,2.11,2.095,2.10375,2.0983447945736664,2.0430797389441064,2.094960808831974,0,0,21092,21091,0,0,0,0,NaN,NaN,24.462111397446606,NaN,NaN,NaN,2.1100554274293675,2.1041999999999996,NaN,NaN,NaN,NaN,NaN,NaN,NaN,NaN,NaN,NaN,1,0,0,0,0,NaN,NaN,24.462111397446606,NaN,NaN,NaN,2.1100554274293675,2.1041999999999996,NaN,NaN,NaN,NaN,NaN,NaN,NaN,NaN,NaN,NaN,1
2024-08-13T10:42:00-04:00,2.101000637296794,2.101000637296794,2.1,2.1,2.098645741014818,2.0439487505632803,2.0949680328573885,0,0,21092,21091,0,0,0,0,NaN,NaN,22.58611339077876,NaN,NaN,NaN,2.1100554274293675,2.1041999999999996,NaN,NaN,NaN,NaN,NaN,NaN,NaN,NaN,NaN,NaN,1,0,0,0,0,NaN,NaN,22.58611339077876,NaN,NaN,NaN,2.1100554274293675,2.1041999999999996,NaN,NaN,NaN,NaN,NaN,NaN,NaN,NaN,NaN,NaN,1
2024-08-13T10:43:00-04:00,2.100500318648397,2.100500318648397,2.1,2.1,2.0988919699212145,2.04480449482949,2.094975236200183,0,0,21092,21091,0,0,0,0,NaN,NaN,20.80614089174901,NaN,NaN,NaN,2.1100554274293675,2.1041999999999996,NaN,NaN,NaN,NaN,NaN,NaN,NaN,NaN,NaN,NaN,1,0,0,0,0,NaN,NaN,20.80614089174901,NaN,NaN,NaN,2.1100554274293675,2.1041999999999996,NaN,NaN,NaN,NaN,NaN,NaN,NaN,NaN,NaN,NaN,1
2024-08-13T10:44:00-04:00,2.1002501593241982,2.1024,2.1,2.1012,2.099311611753721,2.045665494908429,2.0950369933102784,0,0,21092,21091,0,0,0,0,NaN,NaN,18.709293389964348,NaN,NaN,NaN,2.1100554274293675,2.1041999999999996,NaN,NaN,NaN,NaN,NaN,NaN,NaN,NaN,NaN,NaN,1,0,0,0,0,NaN,NaN,18.709293389964348,NaN,NaN,NaN,2.1100554274293675,2.1041999999999996,NaN,NaN,NaN,NaN,NaN,NaN,NaN,NaN,NaN,NaN,1
2024-08-13T10:45:00-04:00,2.100725079662099,2.100725079662099,2.1,2.1,2.0994367732530446,2.046495029337308,2.0950580063791353,0,0,21092,21091,0,0,0,0,NaN,NaN,16.67266391435661,NaN,NaN,NaN,2.1100554274293675,2.1041999999999996,NaN,NaN,NaN,NaN,NaN,NaN,NaN,NaN,NaN,NaN,1,0,0,0,0,NaN,NaN,16.67266391435661,NaN,NaN,NaN,2.1100554274293675,2.1041999999999996,NaN,NaN,NaN,NaN,NaN,NaN,NaN,NaN,NaN,NaN,1
2024-08-13T10:46:00-04:00,2.1003625398310497,2.105,2.1,2.1025,2.0999937235706727,2.047350067057349,2.0951153278435983,1,0,21092,21091,0,0,0,0,NaN,NaN,14.822563870929823,NaN,NaN,NaN,2.1100554274293675,2.1041999999999996,NaN,NaN,NaN,NaN,NaN,NaN,NaN,NaN,NaN,NaN,1,0,0,0,0,NaN,NaN,14.822563870929823,NaN,NaN,NaN,2.1100554274293675,2.1041999999999996,NaN,NaN,NaN,NaN,NaN,NaN,NaN,NaN,NaN,NaN,1
2024-08-13T10:47:00-04:00,2.101431269915525,2.101431269915525,2.1,2.1,2.0999948647396414,2.0481538828274655,2.0951526641280784,0,0,21092,21091,0,0,0,0,NaN,NaN,13.233311955807828,NaN,NaN,NaN,2.1100554274293675,2.1041999999999996,NaN,NaN,NaN,NaN,NaN,NaN,NaN,NaN,NaN,NaN,1,0,0,0,0,NaN,NaN,13.233311955807828,NaN,NaN,NaN,2.1100554274293675,2.1041999999999996,NaN,NaN,NaN,NaN,NaN,NaN,NaN,NaN,NaN,NaN,1
2024-08-13T10:48:00-04:00,2.1007156349577625,2.105,2.1007156349577625,2.105,2.100904889332434,2.0490217624789544,2.0951663303541688,1,0,21092,21091,0,0,0,0,NaN,NaN,12.111964685543999,NaN,NaN,NaN,2.1100554274293675,2.1041999999999996,NaN,NaN,NaN,NaN,NaN,NaN,NaN,NaN,NaN,NaN,1,0,0,0,0,NaN,NaN,12.111964685543999,NaN,NaN,NaN,2.1100554274293675,2.1041999999999996,NaN,NaN,NaN,NaN,NaN,NaN,NaN,NaN,NaN,NaN,1
2024-08-13T10:50:00-04:00,2.1028578174788812,2.1028578174788812,2.1,2.1,2.100740363999264,2.049800056181566,2.095183042901004,0,0,21092,21091,0,0,0,0,NaN,NaN,10.726664825276998,NaN,NaN,NaN,2.1100554274293675,2.1041999999999996,NaN,NaN,NaN,NaN,NaN,NaN,NaN,NaN,NaN,NaN,1,0,0,0,0,NaN,NaN,10.726664825276998,NaN,NaN,NaN,2.1100554274293675,2.1041999999999996,NaN,NaN,NaN,NaN,NaN,NaN,NaN,NaN,NaN,NaN,1
2024-08-13T10:51:00-04:00,2.1014289087394404,2.105,2.1,2.1025,2.10106029781758,2.0506046354765037,2.095243259814007,0,0,21092,21091,0,0,0,0,NaN,NaN,9.500036021255347,NaN,NaN,NaN,2.1100554274293675,2.1041999999999996,NaN,NaN,NaN,NaN,NaN,NaN,NaN,NaN,NaN,NaN,1,0,0,0,0,NaN,NaN,9.500036021255347,NaN,NaN,NaN,2.1100554274293675,2.1041999999999996,NaN,NaN,NaN,NaN,NaN,NaN,NaN,NaN,NaN,NaN,1
2024-08-13T10:52:00-04:00,2.1019644543697202,2.1019644543697202,2.09,2.09,2.09904933457802,2.051206091423427,2.095200461186842,0,0,21092,21091,0,0,0,0,NaN,NaN,7.524149505326609,NaN,NaN,NaN,2.1100554274293675,2.1041999999999996,NaN,NaN,NaN,NaN,NaN,NaN,NaN,NaN,NaN,NaN,1,0,0,0,0,NaN,NaN,7.524149505326609,NaN,NaN,NaN,2.1100554274293675,2.1041999999999996,NaN,NaN,NaN,NaN,NaN,NaN,NaN,NaN,NaN,NaN,1
2024-08-13T10:53:00-04:00,2.09598222718486,2.0972,2.085,2.0923499999999997,2.0978312737456526,2.0518342426994054,2.0951527234543463,0,0,21092,21091,0,0,0,0,NaN,NaN,5.624857815663389,NaN,NaN,NaN,2.1100554274293675,2.1041999999999996,NaN,NaN,NaN,NaN,NaN,NaN,NaN,NaN,NaN,NaN,1,0,0,0,0,NaN,NaN,5.624857815663389,NaN,NaN,NaN,2.1100554274293675,2.1041999999999996,NaN,NaN,NaN,NaN,NaN,NaN,NaN,NaN,NaN,NaN,1
2024-08-13T10:54:00-04:00,2.09416611359243,2.09416611359243,2.085,2.085,2.0954983148828066,2.052340590139109,2.095139160811136,0,0,21092,21091,0,0,0,0,NaN,NaN,3.6620247520320692,NaN,NaN,NaN,2.1100554274293675,2.1041999999999996,NaN,NaN,NaN,NaN,NaN,NaN,NaN,NaN,NaN,NaN,1,0,0,0,0,NaN,NaN,3.6620247520320692,NaN,NaN,NaN,2.1100554274293675,2.1041999999999996,NaN,NaN,NaN,NaN,NaN,NaN,NaN,NaN,NaN,NaN,1
2024-08-13T10:56:00-04:00,2.089583056796215,2.089583056796215,2.085,2.085,2.09358953035866,2.0528392070835504,2.095125634355239,0,0,21092,21091,0,0,0,0,NaN,NaN,1.9804322072276683,NaN,NaN,NaN,2.1100554274293675,2.1041999999999996,NaN,NaN,NaN,NaN,NaN,NaN,NaN,NaN,NaN,NaN,1,0,0,0,0,NaN,NaN,1.9804322072276683,NaN,NaN,NaN,2.1100554274293675,2.1041999999999996,NaN,NaN,NaN,NaN,NaN,NaN,NaN,NaN,NaN,NaN,1
2024-08-13T10:57:00-04:00,2.0872915283981075,2.1,2.08,2.09,2.092936888475267,2.0534065474334198,2.0949215071669207,0,0,21092,21091,0,0,0,0,NaN,NaN,0.932577026803962,NaN,NaN,NaN,2.1100554274293675,2.1041999999999996,NaN,NaN,NaN,NaN,NaN,NaN,NaN,NaN,NaN,NaN,1,0,0,0,0,NaN,NaN,0.932577026803962,NaN,NaN,NaN,2.1100554274293675,2.1041999999999996,NaN,NaN,NaN,NaN,NaN,NaN,NaN,NaN,NaN,NaN,1
2024-08-13T10:58:00-04:00,2.088645764199054,2.095,2.088645764199054,2.0935,2.0930392723888547,2.054018661213062,2.0948859992256486,0,0,21092,21091,0,0,0,0,NaN,NaN,0.32107314532020564,NaN,NaN,NaN,2.1100554274293675,2.1041999999999996,NaN,NaN,NaN,NaN,NaN,NaN,NaN,NaN,NaN,NaN,1,0,0,0,0,NaN,NaN,0.32107314532020564,NaN,NaN,NaN,2.1100554274293675,2.1041999999999996,NaN,NaN,NaN,NaN,NaN,NaN,NaN,NaN,NaN,NaN,1
2024-08-13T10:59:00-04:00,2.0910728820995272,2.0999,2.09,2.092475,2.092936677409063,2.0546057808891987,2.0948190733792336,0,0,21092,21091,0,0,0,0,NaN,NaN,0.017552773582615148,NaN,NaN,NaN,2.1100554274293675,2.1041999999999996,NaN,NaN,NaN,NaN,NaN,NaN,NaN,NaN,NaN,NaN,1,0,0,0,0,NaN,NaN,0.017552773582615148,NaN,NaN,NaN,2.1100554274293675,2.1041999999999996,NaN,NaN,NaN,NaN,NaN,NaN,NaN,NaN,NaN,NaN,1
2024-08-13T11:03:00-04:00,2.0917739410497633,2.1,2.0917739410497633,2.1,2.0942209178801425,2.0552988224023405,2.0948253568699746,0,0,21092,21091,0,0,0,0,NaN,NaN,0.0821740676734947,NaN,NaN,NaN,2.1100554274293675,2.1041999999999996,NaN,NaN,NaN,NaN,NaN,NaN,NaN,NaN,NaN,NaN,1,0,0,0,0,NaN,NaN,0.0821740676734947,NaN,NaN,NaN,2.1100554274293675,2.1041999999999996,NaN,NaN,NaN,NaN,NaN,NaN,NaN,NaN,NaN,NaN,1
2024-08-13T11:04:00-04:00,2.095886970524882,2.1,2.095886970524882,2.1,2.095271660083753,2.0559812831290225,2.0951034044872903,1,0,21092,21091,0,0,0,0,NaN,NaN,0.6718471856949637,NaN,NaN,NaN,2.1100554274293675,2.1041999999999996,NaN,NaN,NaN,NaN,NaN,NaN,NaN,NaN,NaN,NaN,1,0,0,0,0,NaN,NaN,0.6718471856949637,NaN,NaN,NaN,2.1100554274293675,2.1041999999999996,NaN,NaN,NaN,NaN,NaN,NaN,NaN,NaN,NaN,NaN,1
2024-08-13T11:05:00-04:00,2.097943485262441,2.097943485262441,2.095,2.095,2.0952222673412524,2.056576988730106,2.09510328595174,0,0,21092,21091,0,0,0,0,NaN,NaN,2.3111463019944827,NaN,NaN,NaN,2.1100554274293675,2.1041999999999996,NaN,NaN,NaN,NaN,NaN,NaN,NaN,NaN,NaN,NaN,1,0,0,0,0,NaN,NaN,2.3111463019944827,NaN,NaN,NaN,2.1100554274293675,2.1041999999999996,NaN,NaN,NaN,NaN,NaN,NaN,NaN,NaN,NaN,NaN,1
2024-08-13T11:06:00-04:00,2.0964717426312207,2.0964717426312207,2.09,2.09,2.094272764188297,2.0570872637113258,2.0950974426060576,0,0,21092,21091,0,0,0,0,NaN,NaN,2.585513233231774,NaN,NaN,NaN,2.1100554274293675,2.1041999999999996,NaN,NaN,NaN,NaN,NaN,NaN,NaN,NaN,NaN,NaN,1,0,0,0,0,NaN,NaN,2.585513233231774,NaN,NaN,NaN,2.1100554274293675,2.1041999999999996,NaN,NaN,NaN,NaN,NaN,NaN,NaN,NaN,NaN,NaN,1
2024-08-13T11:08:00-04:00,2.0932358713156103,2.0947,2.0932358713156103,2.0947,2.0943504434267886,2.057661503960008,2.095092055684193,0,0,21092,21091,0,0,0,0,NaN,NaN,1.8377872557429502,NaN,NaN,NaN,2.1100554274293675,2.1041999999999996,NaN,NaN,NaN,NaN,NaN,NaN,NaN,NaN,NaN,NaN,1,0,0,0,0,NaN,NaN,1.8377872557429502,NaN,NaN,NaN,2.1100554274293675,2.1041999999999996,NaN,NaN,NaN,NaN,NaN,NaN,NaN,NaN,NaN,NaN,1
2024-08-13T11:10:00-04:00,2.093967935657805,2.093967935657805,2.0734,2.0734,2.090541271894645,2.0579017863422977,2.0948617662178024,0,0,21092,21091,0,0,0,0,NaN,NaN,4.039761105852922,NaN,NaN,NaN,2.1100554274293675,2.1041999999999996,NaN,NaN,NaN,NaN,NaN,NaN,NaN,NaN,NaN,NaN,1,0,0,0,0,NaN,NaN,4.039761105852922,NaN,NaN,NaN,2.1100554274293675,2.1041999999999996,NaN,NaN,NaN,NaN,NaN,NaN,NaN,NaN,NaN,NaN,1
2024-08-13T11:11:00-04:00,2.0836839678289025,2.085,2.0836839678289025,2.085,2.0895337679138004,2.0583154995279114,2.094819518749305,0,0,21092,21091,0,0,0,0,NaN,NaN,3.0709401463049817,NaN,NaN,NaN,2.1100554274293675,2.1041999999999996,NaN,NaN,NaN,NaN,NaN,NaN,NaN,NaN,NaN,NaN,1,0,0,0,0,NaN,NaN,3.0709401463049817,NaN,NaN,NaN,2.1100554274293675,2.1041999999999996,NaN,NaN,NaN,NaN,NaN,NaN,NaN,NaN,NaN,NaN,1
2024-08-13T11:16:00-04:00,2.0843419839144515,2.0843419839144515,2.07,2.07,2.085982173747655,2.058493888848096,2.0943587435841438,0,0,21092,21091,0,0,0,0,NaN,NaN,2.605210421760624,NaN,NaN,NaN,2.1100554274293675,2.1041999999999996,NaN,NaN,NaN,NaN,NaN,NaN,NaN,NaN,NaN,NaN,1,0,0,0,0,NaN,NaN,2.605210421760624,NaN,NaN,NaN,2.1100554274293675,2.1041999999999996,NaN,NaN,NaN,NaN,NaN,NaN,NaN,NaN,NaN,NaN,1
2024-08-13T11:19:00-04:00,2.0771709919572254,2.0771709919572254,2.04,2.0575,2.080803596702627,2.0584787149725523,2.0928530444118576,0,0,21092,21091,0,0,0,0,NaN,NaN,2.459528963790496,NaN,NaN,NaN,2.1100554274293675,2.1041999999999996,NaN,NaN,NaN,NaN,NaN,NaN,NaN,NaN,NaN,NaN,1,0,0,0,0,NaN,NaN,2.459528963790496,NaN,NaN,NaN,2.1100554274293675,2.1041999999999996,NaN,NaN,NaN,NaN,NaN,NaN,NaN,NaN,NaN,NaN,1
2024-08-13T11:24:00-04:00,2.0673354959786128,2.0673354959786128,2.05,2.05,2.0752029427566945,2.058349268942437,2.092808204980643,0,0,21092,21091,0,0,0,0,NaN,NaN,5.735587581326058,NaN,NaN,NaN,2.1100554274293675,2.1041999999999996,NaN,NaN,NaN,NaN,NaN,NaN,NaN,NaN,NaN,NaN,1,0,0,0,0,NaN,NaN,5.735587581326058,NaN,NaN,NaN,2.1100554274293675,2.1041999999999996,NaN,NaN,NaN,NaN,NaN,NaN,NaN,NaN,NaN,NaN,1
2024-08-13T11:28:00-04:00,2.0586677479893063,2.0586677479893063,2.0537,2.0537,2.071293316800932,2.058278287737209,2.09270983342205,0,0,21092,21091,0,0,0,0,NaN,NaN,5.272888972315905,NaN,NaN,NaN,2.10975649545726,2.1041999999999996,NaN,NaN,NaN,NaN,NaN,NaN,NaN,NaN,NaN,NaN,1,0,0,0,0,NaN,NaN,5.272888972315905,NaN,NaN,NaN,2.10975649545726,2.1041999999999996,NaN,NaN,NaN,NaN,NaN,NaN,NaN,NaN,NaN,NaN,1
2024-08-13T11:29:00-04:00,2.0561838739946534,2.0561838739946534,2.04,2.04,2.065603622837126,2.05799922990916,2.0926000338502884,0,0,21092,21091,0,0,0,0,NaN,NaN,6.313560908413004,NaN,NaN,NaN,2.0678144165548296,2.1041999999999996,NaN,NaN,NaN,NaN,NaN,NaN,NaN,NaN,NaN,NaN,1,0,0,0,0,NaN,NaN,6.313560908413004,NaN,NaN,NaN,2.0678144165548296,2.1041999999999996,NaN,NaN,NaN,NaN,NaN,NaN,NaN,NaN,NaN,NaN,1
2024-08-13T11:31:00-04:00,2.0480919369973267,2.05,2.045,2.0475,2.0623120550485576,2.0578389363227605,2.0909264960736533,0,0,21092,21091,0,0,0,0,NaN,NaN,8.588640075264005,NaN,NaN,NaN,2.0678144165548296,2.1041999999999996,NaN,NaN,NaN,NaN,NaN,NaN,NaN,NaN,NaN,NaN,1,0,0,0,0,NaN,NaN,8.588640075264005,NaN,NaN,NaN,2.0678144165548296,2.1041999999999996,NaN,NaN,NaN,NaN,NaN,NaN,NaN,NaN,NaN,NaN,1
2024-08-13T11:34:00-04:00,2.0477959684986633,2.06,2.04,2.05,2.0600734995851835,2.057719257905619,2.090288894647988,0,0,21092,21091,0,0,0,0,NaN,NaN,9.206126580917784,NaN,NaN,NaN,2.0678144165548296,2.1041999999999996,NaN,NaN,NaN,NaN,NaN,NaN,NaN,NaN,NaN,NaN,1,0,0,0,0,NaN,NaN,9.206126580917784,NaN,NaN,NaN,2.0678144165548296,2.1041999999999996,NaN,NaN,NaN,NaN,NaN,NaN,NaN,NaN,NaN,NaN,1
2024-08-13T11:35:00-04:00,2.0488979842493316,2.0488979842493316,2.01,2.0229999999999997,2.0533328632969683,2.0571891928994264,2.08877582151922,0,1,21092,21091,0,0,0,0,NaN,NaN,12.446340574714483,NaN,NaN,NaN,2.0678144165548296,2.094295,NaN,NaN,NaN,NaN,NaN,NaN,NaN,NaN,NaN,NaN,1,0,0,0,0,NaN,NaN,12.446340574714483,NaN,NaN,NaN,2.0678144165548296,2.094295,NaN,NaN,NaN,NaN,NaN,NaN,NaN,NaN,NaN,NaN,1
2024-08-13T11:36:00-04:00,2.0359489921246654,2.0359489921246654,2.0201,2.0201,2.0472905245157014,2.056622945679588,2.088620422419936,0,0,21092,21413,0,0,0,0,NaN,NaN,19.498571667146912,NaN,NaN,NaN,2.0678144165548296,2.0906626499999996,NaN,NaN,NaN,NaN,NaN,NaN,NaN,NaN,NaN,NaN,1,0,0,0,0,NaN,NaN,19.498571667146912,NaN,NaN,NaN,2.0678144165548296,2.0906626499999996,NaN,NaN,NaN,NaN,NaN,NaN,NaN,NaN,NaN,NaN,1
2024-08-13T11:41:00-04:00,2.028024496062333,2.03,2.028024496062333,2.03,2.0441467927855737,2.05621648849364,2.088507749341688,0,0,21092,21414,0,0,0,0,NaN,NaN,30.354054766315524,NaN,NaN,NaN,2.0678144165548296,2.0906626499999996,NaN,NaN,NaN,NaN,NaN,NaN,NaN,NaN,NaN,NaN,1,0,0,0,0,NaN,NaN,30.354054766315524,NaN,NaN,NaN,2.0678144165548296,2.0906626499999996,NaN,NaN,NaN,NaN,NaN,NaN,NaN,NaN,NaN,NaN,1
2024-08-13T11:43:00-04:00,2.029012248031166,2.03,2.029012248031166,2.03,2.041574648642742,2.0558162367609123,2.088331723804232,0,0,21092,21415,0,0,0,0,NaN,NaN,40.524832069815645,NaN,NaN,NaN,2.0678144165548296,2.0906626499999996,NaN,NaN,NaN,NaN,NaN,NaN,NaN,NaN,NaN,NaN,1,0,0,0,0,NaN,NaN,40.524832069815645,NaN,NaN,NaN,2.0678144165548296,2.0906626499999996,NaN,NaN,NaN,NaN,NaN,NaN,NaN,NaN,NaN,NaN,1
2024-08-13T11:44:00-04:00,2.029506124015583,2.04,2.029506124015583,2.04,2.041288348889516,2.055574767497387,2.088285459183674,0,0,21092,21416,0,0,0,0,NaN,NaN,44.95847431922611,NaN,NaN,NaN,2.0678144165548296,2.0906626499999996,NaN,NaN,NaN,NaN,NaN,NaN,NaN,NaN,NaN,NaN,1,0,0,0,0,NaN,NaN,44.95847431922611,NaN,NaN,NaN,2.0678144165548296,2.0906626499999996,NaN,NaN,NaN,NaN,NaN,NaN,NaN,NaN,NaN,NaN,1
2024-08-13T11:45:00-04:00,2.0347530620077916,2.0347530620077916,2.02,2.025,2.0383268309096043,2.0551079771539156,2.0881042431849424,0,0,21092,21417,0,0,0,0,NaN,NaN,49.74144155746095,NaN,NaN,NaN,2.0678144165548296,2.0906626499999996,NaN,NaN,NaN,NaN,NaN,NaN,NaN,NaN,NaN,NaN,1,0,0,0,0,NaN,NaN,49.74144155746095,NaN,NaN,NaN,2.0678144165548296,2.0906626499999996,NaN,NaN,NaN,NaN,NaN,NaN,NaN,NaN,NaN,NaN,1
2024-08-13T11:46:00-04:00,2.0298765310038958,2.0298765310038958,2.02,2.02,2.0349946798351306,2.054571977502711,2.0874526881263002,0,0,21092,21418,0,0,0,0,NaN,NaN,50.96322153936232,NaN,NaN,NaN,2.0678144165548296,2.086375891,NaN,NaN,NaN,NaN,NaN,NaN,NaN,NaN,NaN,NaN,1,0,0,0,0,NaN,NaN,50.96322153936232,NaN,NaN,NaN,2.0678144165548296,2.086375891,NaN,NaN,NaN,NaN,NaN,NaN,NaN,NaN,NaN,NaN,1
2024-08-13T11:48:00-04:00,2.024938265501948,2.024938265501948,2.02,2.02,2.0322683744105614,2.0540441610522877,2.087388981394031,0,0,21092,21419,0,0,0,0,NaN,NaN,51.104971521487954,NaN,NaN,NaN,2.0678144165548296,2.086375891,NaN,NaN,NaN,NaN,NaN,NaN,NaN,NaN,NaN,NaN,1,0,0,0,0,NaN,NaN,51.104971521487954,NaN,NaN,NaN,2.0678144165548296,2.086375891,NaN,NaN,NaN,NaN,NaN,NaN,NaN,NaN,NaN,NaN,1
2024-08-13T11:49:00-04:00,2.022469132750974,2.03,2.022469132750974,2.03,2.03185594269955,2.0536770746240087,2.087280781957014,0,0,21092,21420,0,0,0,0,NaN,NaN,50.91398147862796,NaN,NaN,NaN,2.0678144165548296,2.086375891,NaN,NaN,NaN,NaN,NaN,NaN,NaN,NaN,NaN,NaN,1,0,0,0,0,NaN,NaN,50.91398147862796,NaN,NaN,NaN,2.0678144165548296,2.086375891,NaN,NaN,NaN,NaN,NaN,NaN,NaN,NaN,NaN,NaN,1
2024-08-13T11:50:00-04:00,2.0262345663754866,2.04,2.0262345663754866,2.04,2.033336680390541,2.0534682643244055,2.0872362530608406,0,0,21092,21421,0,0,0,0,NaN,NaN,50.428695681113986,NaN,NaN,NaN,2.0678144165548296,2.086375891,NaN,NaN,NaN,NaN,NaN,NaN,NaN,NaN,NaN,NaN,1,0,0,0,0,NaN,NaN,50.428695681113986,NaN,NaN,NaN,2.0678144165548296,2.086375891,NaN,NaN,NaN,NaN,NaN,NaN,NaN,NaN,NaN,NaN,1
2024-08-13T11:53:00-04:00,2.0331172831877433,2.0331172831877433,2.03,2.03,2.0327300112286246,2.0531099702125823,2.0871286458920855,0,0,21092,21422,0,0,0,0,NaN,NaN,50.95192842439079,NaN,NaN,NaN,2.0678144165548296,2.086375891,NaN,NaN,NaN,NaN,NaN,NaN,NaN,NaN,NaN,NaN,1,0,0,0,0,NaN,NaN,50.95192842439079,NaN,NaN,NaN,2.0678144165548296,2.086375891,NaN,NaN,NaN,NaN,NaN,NaN,NaN,NaN,NaN,NaN,1
2024-08-13T11:56:00-04:00,2.031558641593872,2.031558641593872,2.02,2.025,2.031324554641602,2.0526808103620087,2.0870120599549637,0,0,21092,21423,0,0,0,0,NaN,NaN,51.27945134504159,NaN,NaN,NaN,2.0678144165548296,2.086375891,NaN,NaN,NaN,NaN,NaN,NaN,NaN,NaN,NaN,NaN,1,0,0,0,0,NaN,NaN,51.27945134504159,NaN,NaN,NaN,2.0678144165548296,2.086375891,NaN,NaN,NaN,NaN,NaN,NaN,NaN,NaN,NaN,NaN,1
2024-08-13T11:58:00-04:00,2.028279320796936,2.03,2.028279320796936,2.03,2.031083726524947,2.052334538448085,2.0869052758007123,0,0,21092,21424,0,0,0,0,NaN,NaN,52.16236674981908,NaN,NaN,NaN,2.0678144165548296,2.086375891,NaN,NaN,NaN,NaN,NaN,NaN,NaN,NaN,NaN,NaN,1,0,0,0,0,NaN,NaN,52.16236674981908,NaN,NaN,NaN,2.0678144165548296,2.086375891,NaN,NaN,NaN,NaN,NaN,NaN,NaN,NaN,NaN,NaN,1
2024-08-13T12:00:00-04:00,2.029139660398468,2.029139660398468,2.02,2.02,2.0290685035204112,2.0518408813725415,2.086842677301647,0,0,21092,21425,0,0,0,0,NaN,NaN,52.662721293634654,NaN,NaN,NaN,2.0678144165548296,2.086375891,NaN,NaN,NaN,NaN,NaN,NaN,NaN,NaN,NaN,NaN,1,0,0,0,0,NaN,NaN,52.662721293634654,NaN,NaN,NaN,2.0678144165548296,2.086375891,NaN,NaN,NaN,NaN,NaN,NaN,NaN,NaN,NaN,NaN,1
2024-08-13T12:03:00-04:00,2.0245698301992343,2.0245698301992343,2.02,2.02,2.0274196846985184,2.0513547610462433,2.086593450316928,0,0,21092,21426,0,0,0,0,NaN,NaN,53.07426287494953,NaN,NaN,NaN,2.0678144165548296,2.086375891,NaN,NaN,NaN,NaN,NaN,NaN,NaN,NaN,NaN,NaN,1,0,0,0,0,NaN,NaN,53.07426287494953,NaN,NaN,NaN,2.0678144165548296,2.086375891,NaN,NaN,NaN,NaN,NaN,NaN,NaN,NaN,NaN,NaN,1
2024-08-13T12:05:00-04:00,2.0222849150996174,2.03,2.0222849150996174,2.03,2.0278888329351514,2.0510287341600413,2.086488140584295,0,0,21092,21427,0,0,0,0,NaN,NaN,52.95213529897418,NaN,NaN,NaN,2.0678144165548296,2.086375891,NaN,NaN,NaN,NaN,NaN,NaN,NaN,NaN,NaN,NaN,1,0,0,0,0,NaN,NaN,52.95213529897418,NaN,NaN,NaN,2.0678144165548296,2.086375891,NaN,NaN,NaN,NaN,NaN,NaN,NaN,NaN,NaN,NaN,1
2024-08-13T12:08:00-04:00,2.026142457549809,2.03,2.026142457549809,2.03,2.0282726814923966,2.050707684783552,2.086383222046806,0,0,21092,21428,0,0,0,0,NaN,NaN,54.932130613562244,NaN,NaN,NaN,2.0678144165548296,2.086375891,NaN,NaN,NaN,NaN,NaN,NaN,NaN,NaN,NaN,NaN,1,0,0,0,0,NaN,NaN,54.932130613562244,NaN,NaN,NaN,2.0678144165548296,2.086375891,NaN,NaN,NaN,NaN,NaN,NaN,NaN,NaN,NaN,NaN,1
2024-08-13T12:14:00-04:00,2.0280712287749045,2.03,2.0280712287749045,2.03,2.02858673940287,2.0503915369242613,2.086278692528736,0,0,21092,21429,0,0,0,0,NaN,NaN,58.72986728539501,NaN,NaN,NaN,2.0678144165548296,2.086375891,NaN,NaN,NaN,NaN,NaN,NaN,NaN,NaN,NaN,NaN,1,0,0,0,0,NaN,NaN,58.72986728539501,NaN,NaN,NaN,2.0678144165548296,2.086375891,NaN,NaN,NaN,NaN,NaN,NaN,NaN,NaN,NaN,NaN,1
2024-08-13T12:15:00-04:00,2.0290356143874524,2.0290356143874524,2.02,2.02,2.0270255140568936,2.04992754399412,2.086217312002223,0,0,21092,21430,0,0,0,0,NaN,NaN,64.3730922420363,NaN,NaN,NaN,2.0678144165548296,2.086375891,NaN,NaN,NaN,NaN,NaN,NaN,NaN,NaN,NaN,NaN,1,0,0,0,0,NaN,NaN,64.3730922420363,NaN,NaN,NaN,2.0678144165548296,2.086375891,NaN,NaN,NaN,NaN,NaN,NaN,NaN,NaN,NaN,NaN,1
2024-08-13T12:16:00-04:00,2.0245178071937264,2.03,2.0245178071937264,2.03,2.0275663296829127,2.0496233066812324,2.086165297464841,0,0,21092,21431,0,0,0,0,NaN,NaN,69.65717839847002,NaN,NaN,NaN,2.0678144165548296,2.086375891,NaN,NaN,NaN,NaN,NaN,NaN,NaN,NaN,NaN,NaN,1,0,0,0,0,NaN,NaN,69.65717839847002,NaN,NaN,NaN,2.0678144165548296,2.086375891,NaN,NaN,NaN,NaN,NaN,NaN,NaN,NaN,NaN,NaN,1
2024-08-13T12:18:00-04:00,2.027258903596863,2.027258903596863,2.02,2.02,2.0261906333769284,2.0491710424570915,2.0861041352375675,0,0,21092,21432,0,0,0,0,NaN,NaN,70.7869671511128,NaN,NaN,NaN,2.0678144165548296,2.086375891,NaN,NaN,NaN,NaN,NaN,NaN,NaN,NaN,NaN,NaN,1,0,0,0,0,NaN,NaN,70.7869671511128,NaN,NaN,NaN,2.0678144165548296,2.086375891,NaN,NaN,NaN,NaN,NaN,NaN,NaN,NaN,NaN,NaN,1
2024-08-13T12:19:00-04:00,2.0236294517984312,2.0236294517984312,2.02,2.02,2.025065063672032,2.048725683030266,2.086043085980791,0,0,21092,21433,0,0,0,0,NaN,NaN,73.57898564361395,NaN,NaN,NaN,2.0678144165548296,2.086375891,NaN,NaN,NaN,NaN,NaN,NaN,NaN,NaN,NaN,NaN,1,0,0,0,0,NaN,NaN,73.57898564361395,NaN,NaN,NaN,2.0678144165548296,2.086375891,NaN,NaN,NaN,NaN,NaN,NaN,NaN,NaN,NaN,NaN,1
2024-08-13T12:20:00-04:00,2.0218147258992154,2.03,2.0218147258992154,2.03,2.0259623248225718,2.0484397947397275,2.0856831102037074,0,0,21092,21434,0,0,0,0,NaN,NaN,74.48828255951346,NaN,NaN,NaN,2.0678144165548296,2.086375891,NaN,NaN,NaN,NaN,NaN,NaN,NaN,NaN,NaN,NaN,1,0,0,0,0,NaN,NaN,74.48828255951346,NaN,NaN,NaN,2.0678144165548296,2.086375891,NaN,NaN,NaN,NaN,NaN,NaN,NaN,NaN,NaN,NaN,1
2024-08-13T12:23:00-04:00,2.0259073629496074,2.055,2.0259073629496074,2.045,2.029423720309377,2.0483872787895026,2.084991749801559,0,0,21092,21435,0,0,0,0,NaN,NaN,74.45879969203112,NaN,NaN,NaN,2.0678144165548296,2.086375891,NaN,NaN,NaN,NaN,NaN,NaN,NaN,NaN,NaN,NaN,1,0,0,0,0,NaN,NaN,74.45879969203112,NaN,NaN,NaN,2.0678144165548296,2.086375891,NaN,NaN,NaN,NaN,NaN,NaN,NaN,NaN,NaN,NaN,1
2024-08-13T12:24:00-04:00,2.0354536814748037,2.06,2.0354536814748037,2.06,2.0349830438894903,2.048564572243098,2.084946745570122,0,0,21092,21436,0,0,0,0,NaN,NaN,72.72827045051503,NaN,NaN,NaN,2.0678144165548296,2.086375891,NaN,NaN,NaN,NaN,NaN,NaN,NaN,NaN,NaN,NaN,1,0,0,0,0,NaN,NaN,72.72827045051503,NaN,NaN,NaN,2.0678144165548296,2.086375891,NaN,NaN,NaN,NaN,NaN,NaN,NaN,NaN,NaN,NaN,1
2024-08-13T12:25:00-04:00,2.047726840737402,2.07,2.047726840737402,2.07,2.04134976318231,2.048891830682135,2.084906480999246,0,0,21092,21437,0,0,0,0,NaN,NaN,70.06862268304438,NaN,NaN,NaN,2.0678144165548296,2.086375891,NaN,NaN,NaN,NaN,NaN,NaN,NaN,NaN,NaN,NaN,1,0,0,0,0,NaN,NaN,70.06862268304438,NaN,NaN,NaN,2.0678144165548296,2.086375891,NaN,NaN,NaN,NaN,NaN,NaN,NaN,NaN,NaN,NaN,1
2024-08-13T12:26:00-04:00,2.058863420368701,2.1,2.058863420368701,2.0949999999999998,2.0511043516946175,2.049595772198438,2.0849245755799366,0,0,21092,21438,0,0,0,0,NaN,NaN,62.98470959332402,NaN,NaN,NaN,2.0678144165548296,2.086375891,NaN,NaN,NaN,NaN,NaN,NaN,NaN,NaN,NaN,NaN,1,0,0,0,0,NaN,NaN,62.98470959332402,NaN,NaN,NaN,2.0678144165548296,2.086375891,NaN,NaN,NaN,NaN,NaN,NaN,NaN,NaN,NaN,NaN,1
2024-08-13T12:28:00-04:00,2.0769317101843505,2.1,2.0769317101843505,2.0975,2.059539924113778,2.0503271344549505,2.085036293575211,0,0,21092,21439,0,0,0,0,NaN,NaN,57.44015826038908,NaN,NaN,NaN,2.0678144165548296,2.086375891,NaN,NaN,NaN,NaN,NaN,NaN,NaN,NaN,NaN,NaN,1,0,0,0,0,NaN,NaN,57.44015826038908,NaN,NaN,NaN,2.0678144165548296,2.086375891,NaN,NaN,NaN,NaN,NaN,NaN,NaN,NaN,NaN,NaN,1
2024-08-13T12:30:00-04:00,2.0872158550921753,2.1,2.0872158550921753,2.1,2.0668963015476365,2.051085498814417,2.085049575285806,0,0,21092,21440,0,0,0,0,NaN,NaN,50.33399460139537,NaN,NaN,NaN,2.0678144165548296,2.086375891,NaN,NaN,NaN,NaN,NaN,NaN,NaN,NaN,NaN,NaN,1,0,0,0,0,NaN,NaN,50.33399460139537,NaN,NaN,NaN,2.0678144165548296,2.086375891,NaN,NaN,NaN,NaN,NaN,NaN,NaN,NaN,NaN,NaN,1
2024-08-13T12:32:00-04:00,2.0936079275460875,2.095,2.0936079275460875,2.095,2.0720060649026117,2.051755949214197,2.085058399400518,0,0,21092,21441,0,0,0,0,NaN,NaN,46.80428473453578,NaN,NaN,NaN,2.0678144165548296,2.086375891,NaN,NaN,NaN,NaN,NaN,NaN,NaN,NaN,NaN,NaN,1,0,0,0,0,NaN,NaN,46.80428473453578,NaN,NaN,NaN,2.0678144165548296,2.086375891,NaN,NaN,NaN,NaN,NaN,NaN,NaN,NaN,NaN,NaN,1
2024-08-13T12:33:00-04:00,2.0943039637730436,2.0943039637730436,2.08,2.085,2.074368598556682,2.0522634919742857,2.0850578037498027,0,0,21092,21442,0,0,0,0,NaN,NaN,43.209761034815166,NaN,NaN,NaN,2.0678144165548296,2.086375891,NaN,NaN,NaN,NaN,NaN,NaN,NaN,NaN,NaN,NaN,1,0,0,0,0,NaN,NaN,43.209761034815166,NaN,NaN,NaN,2.0678144165548296,2.086375891,NaN,NaN,NaN,NaN,NaN,NaN,NaN,NaN,NaN,NaN,1
2024-08-13T12:34:00-04:00,2.089651981886522,2.1,2.089651981886522,2.1,2.0790288533645582,2.052992293623533,2.085168461612184,0,0,21092,21443,0,0,0,0,NaN,NaN,38.18180166572033,NaN,NaN,NaN,2.0678144165548296,2.086375891,NaN,NaN,NaN,NaN,NaN,NaN,NaN,NaN,NaN,NaN,1,0,0,0,0,NaN,NaN,38.18180166572033,NaN,NaN,NaN,2.0678144165548296,2.086375891,NaN,NaN,NaN,NaN,NaN,NaN,NaN,NaN,NaN,NaN,1
2024-08-13T12:35:00-04:00,2.094825990943261,2.095,2.094825990943261,2.095,2.081932698207366,2.0536336326521814,2.0851770200041786,0,0,21092,21444,0,0,0,0,NaN,NaN,33.117260768566105,NaN,NaN,NaN,2.0678144165548296,2.086375891,NaN,NaN,NaN,NaN,NaN,NaN,NaN,NaN,NaN,NaN,1,0,0,0,0,NaN,NaN,33.117260768566105,NaN,NaN,NaN,2.0678144165548296,2.086375891,NaN,NaN,NaN,NaN,NaN,NaN,NaN,NaN,NaN,NaN,1
2024-08-13T12:37:00-04:00,2.0949129954716303,2.0949129954716303,2.0901,2.0901,2.083417662169663,2.0541903710849723,2.0851813017499308,0,0,21092,21445,0,0,0,0,NaN,NaN,28.861928876663384,NaN,NaN,NaN,2.0678144165548296,2.086375891,NaN,NaN,NaN,NaN,NaN,NaN,NaN,NaN,NaN,NaN,1,0,0,0,0,NaN,NaN,28.861928876663384,NaN,NaN,NaN,2.0678144165548296,2.086375891,NaN,NaN,NaN,NaN,NaN,NaN,NaN,NaN,NaN,NaN,1
2024-08-13T12:38:00-04:00,2.0925064977358154,2.095,2.0925064977358154,2.095,2.0855235417751787,2.054813418854667,2.085189834109632,0,0,21092,21446,0,0,0,0,NaN,NaN,24.153112197976697,NaN,NaN,NaN,2.0678144165548296,2.086375891,NaN,NaN,NaN,NaN,NaN,NaN,NaN,NaN,NaN,NaN,1,0,0,0,0,NaN,NaN,24.153112197976697,NaN,NaN,NaN,2.0678144165548296,2.086375891,NaN,NaN,NaN,NaN,NaN,NaN,NaN,NaN,NaN,NaN,1
2024-08-13T12:42:00-04:00,2.093753248867908,2.105,2.093753248867908,2.1025,2.088610170543328,2.055541458261466,2.085432331571146,0,0,21092,21447,0,0,0,0,NaN,NaN,19.33816129608926,NaN,NaN,NaN,2.0678144165548296,2.086375891,NaN,NaN,NaN,NaN,NaN,NaN,NaN,NaN,NaN,NaN,1,0,0,0,0,NaN,NaN,19.33816129608926,NaN,NaN,NaN,2.0678144165548296,2.086375891,NaN,NaN,NaN,NaN,NaN,NaN,NaN,NaN,NaN,NaN,1
2024-08-13T12:43:00-04:00,2.098126624433954,2.11,2.098126624433954,2.11,2.092499230444541,2.0563728863796116,2.0854533635530905,0,0,21092,21448,0,0,0,0,NaN,NaN,14.614002838062131,NaN,NaN,NaN,2.0678144165548296,2.086375891,NaN,NaN,NaN,NaN,NaN,NaN,NaN,NaN,NaN,NaN,1,0,0,0,0,NaN,NaN,14.614002838062131,NaN,NaN,NaN,2.0678144165548296,2.086375891,NaN,NaN,NaN,NaN,NaN,NaN,NaN,NaN,NaN,NaN,1
2024-08-13T12:47:00-04:00,2.1040633122169767,2.13,2.1040633122169767,2.13,2.099317552181897,2.0574969644501517,2.085491466585694,1,0,21449,21448,0,0,0,0,NaN,NaN,9.362290400166232,NaN,NaN,NaN,2.0678144165548296,2.086375891,NaN,NaN,NaN,NaN,NaN,NaN,NaN,NaN,NaN,NaN,1,0,0,0,0,NaN,NaN,9.362290400166232,NaN,NaN,NaN,2.0678144165548296,2.086375891,NaN,NaN,NaN,NaN,NaN,NaN,NaN,NaN,NaN,NaN,1
2024-08-13T12:49:00-04:00,2.1170316561084883,2.14,2.1170316561084883,2.135,2.1058052699670067,2.0586802169012945,2.085614390966025,0,0,21449,21448,0,0,0,0,NaN,NaN,5.411658715752621,NaN,NaN,NaN,2.0755858563976717,2.086375891,NaN,NaN,NaN,NaN,NaN,NaN,NaN,NaN,NaN,NaN,1,0,0,0,0,NaN,NaN,5.411658715752621,NaN,NaN,NaN,2.0755858563976717,2.086375891,NaN,NaN,NaN,NaN,NaN,NaN,NaN,NaN,NaN,NaN,1
2024-08-13T12:51:00-04:00,2.126015828054244,2.14,2.126015828054244,2.14,2.112022493609369,2.0599217403073817,2.08566075471859,0,0,21449,21448,0,0,0,0,NaN,NaN,2.540823639902094,NaN,NaN,NaN,2.1130464676428966,2.086375891,NaN,NaN,NaN,NaN,NaN,NaN,NaN,NaN,NaN,NaN,1,0,0,0,0,NaN,NaN,2.540823639902094,NaN,NaN,NaN,2.1130464676428966,2.086375891,NaN,NaN,NaN,NaN,NaN,NaN,NaN,NaN,NaN,NaN,1
2024-08-13T12:54:00-04:00,2.133007914027122,2.15,2.133007914027122,2.15,2.118927494771302,2.061296980913376,2.085715557230712,0,0,21449,21448,0,0,0,0,NaN,NaN,0.6410867911380005,NaN,NaN,NaN,2.1230325545524202,2.086375891,NaN,NaN,NaN,NaN,NaN,NaN,NaN,NaN,NaN,NaN,1,0,0,0,0,NaN,NaN,0.6410867911380005,NaN,NaN,NaN,2.1230325545524202,2.086375891,NaN,NaN,NaN,NaN,NaN,NaN,NaN,NaN,NaN,NaN,1
2024-08-13T12:56:00-04:00,2.141503957013561,2.16,2.141503957013561,2.1525000000000003,2.1250315866310654,2.0626893934185153,2.0867052635774708,0,0,21449,21448,0,0,0,0,NaN,NaN,0.0005091131147431753,NaN,NaN,NaN,2.1255055514035264,2.086375891,NaN,NaN,NaN,NaN,NaN,NaN,NaN,NaN,NaN,NaN,1,0,0,0,0,NaN,NaN,0.0005091131147431753,NaN,NaN,NaN,2.1255055514035264,2.086375891,NaN,NaN,NaN,NaN,NaN,NaN,NaN,NaN,NaN,NaN,1
2024-08-13T12:57:00-04:00,2.147001978506781,2.19,2.147001978506781,2.17125,2.1334349345163264,2.064346807259454,2.0886122668514906,1,0,21449,21448,0,0,0,0,NaN,NaN,0.6136037962319356,NaN,NaN,NaN,2.144014290958443,2.1024312500000004,NaN,NaN,NaN,NaN,NaN,NaN,NaN,NaN,NaN,NaN,1,0,0,0,0,NaN,NaN,0.6136037962319356,NaN,NaN,NaN,2.144014290958443,2.1024312500000004,NaN,NaN,NaN,NaN,NaN,NaN,NaN,NaN,NaN,NaN,1
2024-08-13T12:59:00-04:00,2.1591259892533907,2.16,2.1591259892533907,2.16,2.138264946422449,2.065807161347096,2.0887466872155094,0,0,21449,21448,0,0,0,0,NaN,NaN,2.129893927782869,NaN,NaN,NaN,2.144014290958443,2.1024312500000004,NaN,NaN,NaN,NaN,NaN,NaN,NaN,NaN,NaN,NaN,1,0,0,0,0,NaN,NaN,2.129893927782869,NaN,NaN,NaN,2.144014290958443,2.1024312500000004,NaN,NaN,NaN,NaN,NaN,NaN,NaN,NaN,NaN,NaN,1
2024-08-13T13:00:00-04:00,2.1595629946266954,2.19,2.1595629946266954,2.1825,2.146307683436549,2.0675887314028656,2.0891288920324835,1,0,21449,21448,0,0,0,0,NaN,NaN,4.781189559720899,NaN,NaN,NaN,2.144014290958443,2.1102895625,NaN,NaN,NaN,NaN,NaN,NaN,NaN,NaN,NaN,NaN,1,0,0,0,0,NaN,NaN,4.781189559720899,NaN,NaN,NaN,2.144014290958443,2.1102895625,NaN,NaN,NaN,NaN,NaN,NaN,NaN,NaN,NaN,NaN,1
2024-08-13T13:02:00-04:00,2.171031497313348,2.19,2.14,2.1575,2.148342650084449,2.068961422526486,2.094697959542854,0,0,21449,21448,0,0,0,0,NaN,NaN,7.558722420202757,NaN,NaN,NaN,2.144014290958443,2.1102895625,NaN,NaN,NaN,NaN,NaN,NaN,NaN,NaN,NaN,NaN,1,0,0,0,0,NaN,NaN,7.558722420202757,NaN,NaN,NaN,2.144014290958443,2.1102895625,NaN,NaN,NaN,NaN,NaN,NaN,NaN,NaN,NaN,NaN,1
2024-08-13T13:04:00-04:00,2.164265748656674,2.164265748656674,2.14,2.14,2.146825804614549,2.070045980961196,2.0948366385682506,0,0,21449,21448,0,0,0,0,NaN,NaN,10.434178709534061,NaN,NaN,NaN,2.144014290958443,2.1102895625,NaN,NaN,NaN,NaN,NaN,NaN,NaN,NaN,NaN,NaN,1,0,0,0,0,NaN,NaN,10.434178709534061,NaN,NaN,NaN,2.144014290958443,2.1102895625,NaN,NaN,NaN,NaN,NaN,NaN,NaN,NaN,NaN,NaN,1
2024-08-13T13:06:00-04:00,2.1521328743283368,2.1521328743283368,2.1319,2.1319,2.1441120219573584,2.0709903171297275,2.095381952638781,0,0,21449,21448,0,0,0,0,NaN,NaN,13.303536345198195,NaN,NaN,NaN,2.144014290958443,2.1102895625,NaN,NaN,NaN,NaN,NaN,NaN,NaN,NaN,NaN,NaN,1,0,0,0,0,NaN,NaN,13.303536345198195,NaN,NaN,NaN,2.144014290958443,2.1102895625,NaN,NaN,NaN,NaN,NaN,NaN,NaN,NaN,NaN,NaN,1
2024-08-13T13:08:00-04:00,2.1420164371641683,2.1689,2.13,2.14945,2.1450825634196566,2.0721881748834723,2.095481208144863,0,0,21449,21448,0,0,0,0,NaN,NaN,17.18476352827739,NaN,NaN,NaN,2.144014290958443,2.1102895625,NaN,NaN,NaN,NaN,NaN,NaN,NaN,NaN,NaN,NaN,1,0,0,0,0,NaN,NaN,17.18476352827739,NaN,NaN,NaN,2.144014290958443,2.1102895625,NaN,NaN,NaN,NaN,NaN,NaN,NaN,NaN,NaN,NaN,1
2024-08-13T13:09:00-04:00,2.145733218582084,2.1599,2.12,2.13995,2.144149370070628,2.0732227065646405,2.0957744488941414,0,0,21449,21448,0,0,0,0,NaN,NaN,20.81122893767168,NaN,NaN,NaN,2.144014290958443,2.1102895625,NaN,NaN,NaN,NaN,NaN,NaN,NaN,NaN,NaN,NaN,1,0,0,0,0,NaN,NaN,20.81122893767168,NaN,NaN,NaN,2.144014290958443,2.1102895625,NaN,NaN,NaN,NaN,NaN,NaN,NaN,NaN,NaN,NaN,1
2024-08-13T13:15:00-04:00,2.142841609291042,2.142841609291042,2.13,2.13375,2.142258575512332,2.0741467873804473,2.096266615186338,0,0,21449,21448,0,0,0,0,NaN,NaN,24.59602218117777,NaN,NaN,NaN,2.144014290958443,2.1102895625,NaN,NaN,NaN,NaN,NaN,NaN,NaN,NaN,NaN,NaN,1,0,0,0,0,NaN,NaN,24.59602218117777,NaN,NaN,NaN,2.144014290958443,2.1102895625,NaN,NaN,NaN,NaN,NaN,NaN,NaN,NaN,NaN,NaN,1
2024-08-13T13:17:00-04:00,2.138295804645521,2.16,2.135,2.1475,2.143211561782817,2.0752666837563183,2.096525729257705,0,0,21449,21448,0,0,0,0,NaN,NaN,28.220993117802585,NaN,NaN,NaN,2.144014290958443,2.1102895625,NaN,NaN,NaN,NaN,NaN,NaN,NaN,NaN,NaN,NaN,1,0,0,0,0,NaN,NaN,28.220993117802585,NaN,NaN,NaN,2.144014290958443,2.1102895625,NaN,NaN,NaN,NaN,NaN,NaN,NaN,NaN,NaN,NaN,1
2024-08-13T13:18:00-04:00,2.1428979023227606,2.19,2.1428979023227606,2.175,2.148991277822305,2.07678932980584,2.096877742239148,0,0,21449,21448,0,0,0,0,NaN,NaN,32.721901339027895,NaN,NaN,NaN,2.144014290958443,2.1102895625,NaN,NaN,NaN,NaN,NaN,NaN,NaN,NaN,NaN,NaN,1,0,0,0,0,NaN,NaN,32.721901339027895,NaN,NaN,NaN,2.144014290958443,2.1102895625,NaN,NaN,NaN,NaN,NaN,NaN,NaN,NaN,NaN,NaN,1
2024-08-13T13:22:00-04:00,2.1589489511613804,2.19,2.1589489511613804,2.1799999999999997,2.1546292273091585,2.0783650652286516,2.0971730822253654,0,0,21449,21448,0,0,0,0,NaN,NaN,36.84879366816586,NaN,NaN,NaN,2.144014290958443,2.1102895625,NaN,NaN,NaN,NaN,NaN,NaN,NaN,NaN,NaN,NaN,1,0,0,0,0,NaN,NaN,36.84879366816586,NaN,NaN,NaN,2.144014290958443,2.1102895625,NaN,NaN,NaN,NaN,NaN,NaN,NaN,NaN,NaN,NaN,1
2024-08-13T13:23:00-04:00,2.16947447558069,2.23,2.16947447558069,2.2066000000000003,2.1640784587074933,2.0803228504923363,2.0999358905713184,1,0,21449,21448,0,0,0,0,NaN,NaN,41.20215718066783,NaN,NaN,NaN,2.144014290958443,2.1273951887500004,NaN,NaN,NaN,NaN,NaN,NaN,NaN,NaN,NaN,NaN,1,0,0,0,0,NaN,NaN,41.20215718066783,NaN,NaN,NaN,2.144014290958443,2.1273951887500004,NaN,NaN,NaN,NaN,NaN,NaN,NaN,NaN,NaN,NaN,1
2024-08-13T13:25:00-04:00,2.188037237790345,2.19,2.188037237790345,2.19,2.1687914662152217,2.0819973107901633,2.100197147898998,0,0,21449,21448,0,0,0,0,NaN,NaN,45.629597575362176,NaN,NaN,NaN,2.144014290958443,2.1273951887500004,NaN,NaN,NaN,NaN,NaN,NaN,NaN,NaN,NaN,NaN,1,0,0,0,0,NaN,NaN,45.629597575362176,NaN,NaN,NaN,2.144014290958443,2.1273951887500004,NaN,NaN,NaN,NaN,NaN,NaN,NaN,NaN,NaN,NaN,1
2024-08-13T13:26:00-04:00,2.1890186188951724,2.21,2.1890186188951724,2.21,2.176283926903363,2.0839515503200845,2.100348612643806,0,0,21449,21448,0,0,0,0,NaN,NaN,50.36815310537233,NaN,NaN,NaN,2.144014290958443,2.1363766217625,NaN,NaN,NaN,NaN,NaN,NaN,NaN,NaN,NaN,NaN,1,0,0,0,0,NaN,NaN,50.36815310537233,NaN,NaN,NaN,2.144014290958443,2.1363766217625,NaN,NaN,NaN,NaN,NaN,NaN,NaN,NaN,NaN,NaN,1
2024-08-13T13:27:00-04:00,2.199509309447586,2.2,2.199509309447586,2.2,2.180595940193661,2.0857232823762666,2.1004858848527435,0,0,21449,21448,0,0,0,0,NaN,NaN,54.879473427688716,NaN,NaN,NaN,2.1537817707581963,2.1363766217625,NaN,NaN,NaN,NaN,NaN,NaN,NaN,NaN,NaN,NaN,1,0,0,0,0,NaN,NaN,54.879473427688716,NaN,NaN,NaN,2.1537817707581963,2.1363766217625,NaN,NaN,NaN,NaN,NaN,NaN,NaN,NaN,NaN,NaN,1
2024-08-13T13:28:00-04:00,2.199754654723793,2.21,2.199754654723793,2.21,2.1859421328857227,2.0876206368438046,2.1007867726048857,1,0,21449,21448,0,0,0,0,NaN,NaN,59.87112784052285,NaN,NaN,NaN,2.1810453676542574,2.1363766217625,NaN,NaN,NaN,NaN,NaN,NaN,NaN,NaN,NaN,NaN,1,0,0,0,0,NaN,NaN,59.87112784052285,NaN,NaN,NaN,2.1810453676542574,2.1363766217625,NaN,NaN,NaN,NaN,NaN,NaN,NaN,NaN,NaN,NaN,1
2024-08-13T13:29:00-04:00,2.2048773273618965,2.22,2.2048773273618965,2.215,2.191225381451955,2.089565359945426,2.1010606877578155,0,0,21449,21448,0,0,0,0,NaN,NaN,64.7740010670253,NaN,NaN,NaN,2.186057817430402,2.148011427151,NaN,NaN,NaN,NaN,NaN,NaN,NaN,NaN,NaN,NaN,1,0,0,0,0,NaN,NaN,64.7740010670253,NaN,NaN,NaN,2.186057817430402,2.148011427151,NaN,NaN,NaN,NaN,NaN,NaN,NaN,NaN,NaN,NaN,1
2024-08-13T13:30:00-04:00,2.209938663680948,2.21,2.209938663680948,2.21,2.1946389484606907,2.091404056740152,2.1012179669378517,0,0,21449,21448,0,0,0,0,NaN,NaN,69.2103811888113,NaN,NaN,NaN,2.186057817430402,2.148011427151,NaN,NaN,NaN,NaN,NaN,NaN,NaN,NaN,NaN,NaN,1,0,0,0,0,NaN,NaN,69.2103811888113,NaN,NaN,NaN,2.186057817430402,2.148011427151,NaN,NaN,NaN,NaN,NaN,NaN,NaN,NaN,NaN,NaN,1
2024-08-13T13:31:00-04:00,2.2099693318404743,2.21,2.2099693318404743,2.21,2.197431866922383,2.0932146818280883,2.1018837574549987,0,0,21449,21448,0,0,0,0,NaN,NaN,73.20633273955234,NaN,NaN,NaN,2.186057817430402,2.148011427151,NaN,NaN,NaN,NaN,NaN,NaN,NaN,NaN,NaN,NaN,1,0,0,0,0,NaN,NaN,73.20633273955234,NaN,NaN,NaN,2.186057817430402,2.148011427151,NaN,NaN,NaN,NaN,NaN,NaN,NaN,NaN,NaN,NaN,1
2024-08-13T13:32:00-04:00,2.209984665920237,2.209984665920237,2.2,2.2,2.197898800209223,2.094844992029186,2.1020170232055913,0,0,21449,21448,0,0,0,0,NaN,NaN,77.31987989594961,NaN,NaN,NaN,2.186057817430402,2.148011427151,NaN,NaN,NaN,NaN,NaN,NaN,NaN,NaN,NaN,NaN,1,0,0,0,0,NaN,NaN,77.31987989594961,NaN,NaN,NaN,2.186057817430402,2.148011427151,NaN,NaN,NaN,NaN,NaN,NaN,NaN,NaN,NaN,NaN,1
2024-08-13T13:33:00-04:00,2.204992332960119,2.21,2.204992332960119,2.2085250000000003,2.1998308365348187,2.096580564669962,2.106033867631683,0,0,21449,21448,0,0,0,0,NaN,NaN,80.11162130282649,NaN,NaN,NaN,2.186057817430402,2.148011427151,NaN,NaN,NaN,NaN,NaN,NaN,NaN,NaN,NaN,NaN,1,0,0,0,0,NaN,NaN,80.11162130282649,NaN,NaN,NaN,2.186057817430402,2.148011427151,NaN,NaN,NaN,NaN,NaN,NaN,NaN,NaN,NaN,NaN,1
2024-08-13T13:38:00-04:00,2.2067586664800594,2.2067586664800594,2.19,2.19,2.198043411710306,2.098006815591031,2.106088704447493,0,0,21449,21448,0,0,0,0,NaN,NaN,83.22168822540381,NaN,NaN,NaN,2.186057817430402,2.148011427151,NaN,NaN,NaN,NaN,NaN,NaN,NaN,NaN,NaN,NaN,1,0,0,0,0,NaN,NaN,83.22168822540381,NaN,NaN,NaN,2.186057817430402,2.148011427151,NaN,NaN,NaN,NaN,NaN,NaN,NaN,NaN,NaN,NaN,1
2024-08-13T13:39:00-04:00,2.1983793332400294,2.1983793332400294,2.19,2.19,2.196580973217523,2.099411291688878,2.106198163481608,0,0,21449,21448,0,0,0,0,NaN,NaN,85.3889607815627,NaN,NaN,NaN,2.186057817430402,2.148011427151,NaN,NaN,NaN,NaN,NaN,NaN,NaN,NaN,NaN,NaN,1,0,0,0,0,NaN,NaN,85.3889607815627,NaN,NaN,NaN,2.186057817430402,2.148011427151,NaN,NaN,NaN,NaN,NaN,NaN,NaN,NaN,NaN,NaN,1
2024-08-13T13:44:00-04:00,2.194189666620015,2.195,2.19,2.1927499999999998,2.1958844326325186,2.100836310136376,2.1099627893157495,0,0,21449,21448,0,0,0,0,NaN,NaN,86.8983676801243,NaN,NaN,NaN,2.186057817430402,2.148011427151,NaN,NaN,NaN,NaN,NaN,NaN,NaN,NaN,NaN,NaN,1,0,0,0,0,NaN,NaN,86.8983676801243,NaN,NaN,NaN,2.186057817430402,2.148011427151,NaN,NaN,NaN,NaN,NaN,NaN,NaN,NaN,NaN,NaN,1
2024-08-13T13:45:00-04:00,2.193469833310007,2.2,2.175,2.18875,2.19458726306297,2.1021785038747516,2.1102566033426156,0,0,21449,21448,0,0,0,0,NaN,NaN,87.90781747637693,NaN,NaN,NaN,2.186057817430402,2.148011427151,NaN,NaN,NaN,NaN,NaN,NaN,NaN,NaN,NaN,NaN,1,0,0,0,0,NaN,NaN,87.90781747637693,NaN,NaN,NaN,2.186057817430402,2.148011427151,NaN,NaN,NaN,NaN,NaN,NaN,NaN,NaN,NaN,NaN,1
2024-08-13T13:47:00-04:00,2.1911099166550034,2.1911099166550034,2.17,2.17,2.1901168515969753,2.1032139465636868,2.1102937128863553,0,0,21449,21448,0,0,0,0,NaN,NaN,88.45459293932325,NaN,NaN,NaN,2.186057817430402,2.148011427151,NaN,NaN,NaN,NaN,NaN,NaN,NaN,NaN,NaN,NaN,1,0,0,0,0,NaN,NaN,88.45459293932325,NaN,NaN,NaN,2.186057817430402,2.148011427151,NaN,NaN,NaN,NaN,NaN,NaN,NaN,NaN,NaN,NaN,1
2024-08-13T13:49:00-04:00,2.1805549583275017,2.1946,2.1805549583275017,2.1946,2.1909319694884344,2.1046091534863787,2.110814147766557,0,0,21449,21448,0,0,0,0,NaN,NaN,89.03045457809552,NaN,NaN,NaN,2.186057817430402,2.148011427151,NaN,NaN,NaN,NaN,NaN,NaN,NaN,NaN,NaN,NaN,1,0,0,0,0,NaN,NaN,89.03045457809552,NaN,NaN,NaN,2.186057817430402,2.148011427151,NaN,NaN,NaN,NaN,NaN,NaN,NaN,NaN,NaN,NaN,1
2024-08-13T13:51:00-04:00,2.1875774791637506,2.19,2.17,2.1799999999999997,2.1889443386723553,2.105760158776663,2.1109420391947853,0,0,21449,21448,0,0,0,0,NaN,NaN,89.38829961472749,NaN,NaN,NaN,2.186057817430402,2.148011427151,NaN,NaN,NaN,NaN,NaN,NaN,NaN,NaN,NaN,NaN,1,0,0,0,0,NaN,NaN,89.38829961472749,NaN,NaN,NaN,2.186057817430402,2.148011427151,NaN,NaN,NaN,NaN,NaN,NaN,NaN,NaN,NaN,NaN,1
2024-08-13T13:52:00-04:00,2.183788739581875,2.19,2.183788739581875,2.19,2.1891362770955634,2.107046263222821,2.111087909768009,0,0,21449,21448,0,0,0,0,NaN,NaN,89.98036967995607,NaN,NaN,NaN,2.186057817430402,2.148011427151,NaN,NaN,NaN,NaN,NaN,NaN,NaN,NaN,NaN,NaN,1,0,0,0,0,NaN,NaN,89.98036967995607,NaN,NaN,NaN,2.186057817430402,2.148011427151,NaN,NaN,NaN,NaN,NaN,NaN,NaN,NaN,NaN,NaN,1
2024-08-13T13:53:00-04:00,2.1868943697909375,2.21,2.1868943697909375,2.1999999999999997,2.1911114994418246,2.10846540424232,2.111440314048727,0,0,21449,21448,0,0,0,0,NaN,NaN,89.9549444735548,NaN,NaN,NaN,2.186057817430402,2.148011427151,NaN,NaN,NaN,NaN,NaN,NaN,NaN,NaN,NaN,NaN,1,0,0,0,0,NaN,NaN,89.9549444735548,NaN,NaN,NaN,2.186057817430402,2.148011427151,NaN,NaN,NaN,NaN,NaN,NaN,NaN,NaN,NaN,NaN,1
2024-08-13T13:54:00-04:00,2.1934471848954686,2.1934471848954686,2.1736,2.1818,2.189418499543311,2.109585016391292,2.1118729698506544,0,0,21449,21448,0,0,0,0,NaN,NaN,89.3114405821228,NaN,NaN,NaN,2.186057817430402,2.148011427151,NaN,NaN,NaN,NaN,NaN,NaN,NaN,NaN,NaN,NaN,1,0,0,0,0,NaN,NaN,89.3114405821228,NaN,NaN,NaN,2.186057817430402,2.148011427151,NaN,NaN,NaN,NaN,NaN,NaN,NaN,NaN,NaN,NaN,1
2024-08-13T13:57:00-04:00,2.1876235924477343,2.1876235924477343,2.17,2.17,2.185887863262709,2.1105073825532568,2.111978945025495,0,0,21449,21448,0,0,0,0,NaN,NaN,88.33581376976788,NaN,NaN,NaN,2.186057817430402,2.148011427151,NaN,NaN,NaN,NaN,NaN,NaN,NaN,NaN,NaN,NaN,1,0,0,0,0,NaN,NaN,88.33581376976788,NaN,NaN,NaN,2.186057817430402,2.148011427151,NaN,NaN,NaN,NaN,NaN,NaN,NaN,NaN,NaN,NaN,1
2024-08-13T13:58:00-04:00,2.178811796223867,2.19,2.16,2.177,2.1842718881240346,2.1115225370180926,2.114408813919749,0,0,21449,21448,0,0,0,0,NaN,NaN,87.50470301719113,NaN,NaN,NaN,2.186057817430402,2.148011427151,NaN,NaN,NaN,NaN,NaN,NaN,NaN,NaN,NaN,NaN,1,0,0,0,0,NaN,NaN,87.50470301719113,NaN,NaN,NaN,2.186057817430402,2.148011427151,NaN,NaN,NaN,NaN,NaN,NaN,NaN,NaN,NaN,NaN,1
2024-08-13T13:59:00-04:00,2.1779058981119332,2.1779058981119332,2.17,2.17,2.18167699937421,2.1124153227124727,2.1144413163526026,0,0,21449,21448,0,0,0,0,NaN,NaN,86.51168436774269,NaN,NaN,NaN,2.186057817430402,2.148011427151,NaN,NaN,NaN,NaN,NaN,NaN,NaN,NaN,NaN,NaN,1,0,0,0,0,NaN,NaN,86.51168436774269,NaN,NaN,NaN,2.186057817430402,2.148011427151,NaN,NaN,NaN,NaN,NaN,NaN,NaN,NaN,NaN,NaN,1
2024-08-13T14:03:00-04:00,2.1739529490559666,2.19,2.1739529490559666,2.19,2.1831902722152625,2.1135998216023584,2.1156993751904474,0,0,21449,21448,0,0,0,0,NaN,NaN,85.82661462895317,NaN,NaN,NaN,2.186057817430402,2.148011427151,NaN,NaN,NaN,NaN,NaN,NaN,NaN,NaN,NaN,NaN,1,0,0,0,0,NaN,NaN,85.82661462895317,NaN,NaN,NaN,2.186057817430402,2.148011427151,NaN,NaN,NaN,NaN,NaN,NaN,NaN,NaN,NaN,NaN,1
2024-08-13T14:04:00-04:00,2.1819764745279833,2.19,2.1819764745279833,2.19,2.1844284045397604,2.114766236539727,2.1157420686019326,0,0,21449,21448,0,0,0,0,NaN,NaN,84.97891388641864,NaN,NaN,NaN,2.186057817430402,2.148011427151,NaN,NaN,NaN,NaN,NaN,NaN,NaN,NaN,NaN,NaN,1,0,0,0,0,NaN,NaN,84.97891388641864,NaN,NaN,NaN,2.186057817430402,2.148011427151,NaN,NaN,NaN,NaN,NaN,NaN,NaN,NaN,NaN,NaN,1
2024-08-13T14:05:00-04:00,2.1859882372639916,2.1985,2.1859882372639916,2.1985,2.186986876441622,2.1160446146078224,2.1166823233427827,0,0,21449,21448,0,0,0,0,NaN,NaN,84.2974212044261,NaN,NaN,NaN,2.186057817430402,2.148011427151,NaN,NaN,NaN,NaN,NaN,NaN,NaN,NaN,NaN,NaN,1,0,0,0,0,NaN,NaN,84.2974212044261,NaN,NaN,NaN,2.186057817430402,2.148011427151,NaN,NaN,NaN,NaN,NaN,NaN,NaN,NaN,NaN,NaN,1
2024-08-13T14:08:00-04:00,2.192244118631996,2.2,2.192244118631996,2.2,2.189352898906782,2.1173263762168633,2.116952648409454,0,0,21449,21448,0,0,0,0,NaN,NaN,83.67795834084212,NaN,NaN,NaN,2.186057817430402,2.148011427151,NaN,NaN,NaN,NaN,NaN,NaN,NaN,NaN,NaN,NaN,1,0,0,0,0,NaN,NaN,83.67795834084212,NaN,NaN,NaN,2.186057817430402,2.148011427151,NaN,NaN,NaN,NaN,NaN,NaN,NaN,NaN,NaN,NaN,1
2024-08-13T14:09:00-04:00,2.1961220593159982,2.21,2.1961220593159982,2.21,2.193106917287367,2.118741240702102,2.1173199972082166,1,0,21449,21448,0,0,0,0,NaN,NaN,83.38114381319475,NaN,NaN,NaN,2.186057817430402,2.148011427151,NaN,NaN,NaN,NaN,NaN,NaN,NaN,NaN,NaN,NaN,1,0,0,0,0,NaN,NaN,83.38114381319475,NaN,NaN,NaN,2.186057817430402,2.148011427151,NaN,NaN,NaN,NaN,NaN,NaN,NaN,NaN,NaN,NaN,1
2024-08-13T14:10:00-04:00,2.203061029657999,2.21,2.203061029657999,2.21,2.196178386871482,2.120134504202833,2.117372238960351,0,0,21449,21448,0,0,0,0,NaN,NaN,82.85629278782228,NaN,NaN,NaN,2.186057817430402,2.148011427151,NaN,NaN,NaN,NaN,NaN,NaN,NaN,NaN,NaN,NaN,1,0,0,0,0,NaN,NaN,82.85629278782228,NaN,NaN,NaN,2.186057817430402,2.148011427151,NaN,NaN,NaN,NaN,NaN,NaN,NaN,NaN,NaN,NaN,1
2024-08-13T14:12:00-04:00,2.2065305148289998,2.2065305148289998,2.19,2.195,2.195964134713031,2.1212774888714923,2.117677334985908,0,0,21449,21448,0,0,0,0,NaN,NaN,81.74289825336446,NaN,NaN,NaN,2.186057817430402,2.148011427151,NaN,NaN,NaN,NaN,NaN,NaN,NaN,NaN,NaN,NaN,1,0,0,0,0,NaN,NaN,81.74289825336446,NaN,NaN,NaN,2.186057817430402,2.148011427151,NaN,NaN,NaN,NaN,NaN,NaN,NaN,NaN,NaN,NaN,1
2024-08-13T14:14:00-04:00,2.2007652574145,2.2007652574145,2.1822,2.1822,2.193461564765207,2.1222076035452098,2.1178457127937196,0,0,21449,21448,0,0,0,0,NaN,NaN,80.054141318089,NaN,NaN,NaN,2.186057817430402,2.148011427151,NaN,NaN,NaN,NaN,NaN,NaN,NaN,NaN,NaN,NaN,1,0,0,0,0,NaN,NaN,80.054141318089,NaN,NaN,NaN,2.186057817430402,2.148011427151,NaN,NaN,NaN,NaN,NaN,NaN,NaN,NaN,NaN,NaN,1
2024-08-13T14:16:00-04:00,2.19148262870725,2.195,2.19148262870725,2.195,2.1937412802624423,2.1233189378422295,2.120756065704956,0,0,21449,21448,0,0,0,0,NaN,NaN,78.78613571641584,NaN,NaN,NaN,2.186057817430402,2.148011427151,NaN,NaN,NaN,NaN,NaN,NaN,NaN,NaN,NaN,NaN,1,0,0,0,0,NaN,NaN,78.78613571641584,NaN,NaN,NaN,2.186057817430402,2.148011427151,NaN,NaN,NaN,NaN,NaN,NaN,NaN,NaN,NaN,NaN,1
2024-08-13T14:19:00-04:00,2.193241314353625,2.21,2.193241314353625,2.20875,2.1964701383965437,2.124623228867539,2.122681308407521,0,0,21449,21448,0,0,0,0,NaN,NaN,77.95512973062462,NaN,NaN,NaN,2.186057817430402,2.148011427151,NaN,NaN,NaN,NaN,NaN,NaN,NaN,NaN,NaN,NaN,1,0,0,0,0,NaN,NaN,77.95512973062462,NaN,NaN,NaN,2.186057817430402,2.148011427151,NaN,NaN,NaN,NaN,NaN,NaN,NaN,NaN,NaN,NaN,1
2024-08-13T14:20:00-04:00,2.2009956571768123,2.23,2.2009956571768123,2.2199999999999998,2.2007482950517177,2.126079362777958,2.1243451084844813,1,0,21449,21448,0,0,0,0,NaN,NaN,77.39271325564754,NaN,NaN,NaN,2.186057817430402,2.16093471307835,NaN,NaN,NaN,NaN,NaN,NaN,NaN,NaN,NaN,NaN,1,0,0,0,0,NaN,NaN,77.39271325564754,NaN,NaN,NaN,2.186057817430402,2.16093471307835,NaN,NaN,NaN,NaN,NaN,NaN,NaN,NaN,NaN,NaN,1
2024-08-13T14:23:00-04:00,2.210497828588406,2.24,2.210497828588406,2.2364,2.2072304232241327,2.127763647315699,2.124605159790564,0,0,21449,21448,0,0,0,0,NaN,NaN,77.15926019303387,NaN,NaN,NaN,2.186057817430402,2.1812424647242468,NaN,NaN,NaN,NaN,NaN,NaN,NaN,NaN,NaN,NaN,1,0,0,0,0,NaN,NaN,77.15926019303387,NaN,NaN,NaN,2.186057817430402,2.1812424647242468,NaN,NaN,NaN,NaN,NaN,NaN,NaN,NaN,NaN,NaN,1
2024-08-13T14:27:00-04:00,2.2234489142942033,2.25,2.2234489142942033,2.2424999999999997,2.2136430735470176,2.129515347356681,2.1247876859143737,0,0,21449,21448,0,0,0,0,NaN,NaN,77.01596368336129,NaN,NaN,NaN,2.186057817430402,2.196516047132155,NaN,NaN,NaN,NaN,NaN,NaN,NaN,NaN,NaN,NaN,1,0,0,0,0,NaN,NaN,77.01596368336129,NaN,NaN,NaN,2.186057817430402,2.196516047132155,NaN,NaN,NaN,NaN,NaN,NaN,NaN,NaN,NaN,NaN,1