time,open,high,low,close,EMA10,EMA130,VWAP,Bull_window,Bear_window,Plot,Plot,Bullish,Bullish+,Bearish,Bearish+,Bullish Exit,Bearish Exit,Trend Strength,Take Profit,Stop Loss,Bar Color Value,Trend Tracer,Trend Catcher,Smart Trail,Smart Trail Extremity,RZ R3 Band,RZ R2 Band,RZ R1 Band,RZ S1 Band,RZ S2 Band,RZ S3 Band,Neo Lead,Neo Lag,Custom Alert Condition Highlighter,Bullish,Bullish+,Bearish,Bearish+,Bullish Exit,Bearish Exit,Trend Strength,Take Profit,Stop Loss,Bar Color Value,Trend Tracer,Trend Catcher,Smart Trail,Smart Trail Extremity,RZ R3 Band,RZ R2 Band,RZ R1 Band,RZ S1 Band,RZ S2 Band,RZ S3 Band,Neo Lead,Neo Lag,Custom Alert Condition Highlighter
2022-09-21,7.097168209687208,7.097168209687208,6.31334257,6.765741312499999,7.3613629501909505,13.410683233135199,6.765741312499999,0,0,5009,5502,0,0,0,0,NaN,NaN,5.428245239807203,NaN,NaN,NaN,12.757381803883016,7.604495353366779,NaN,NaN,NaN,NaN,NaN,NaN,NaN,NaN,NaN,NaN,1,0,0,0,0,NaN,NaN,5.428245239807203,NaN,NaN,NaN,12.757381803883016,7.604495353366779,NaN,NaN,NaN,NaN,NaN,NaN,NaN,NaN,NaN,NaN,1
2022-09-22,6.931454761093604,7.04646092,5.69715074,6.2871019425,7.166042766974414,13.301926266865959,6.2871019425,0,0,5009,5503,0,0,0,1,NaN,NaN,7.438494063816818,NaN,NaN,NaN,12.757381803883016,7.041753550606746,NaN,NaN,NaN,NaN,NaN,NaN,NaN,NaN,NaN,NaN,1,0,0,0,1,NaN,NaN,7.438494063816818,NaN,NaN,NaN,12.757381803883016,7.041753550606746,NaN,NaN,NaN,NaN,NaN,NaN,NaN,NaN,NaN,NaN,1
2022-09-23,6.609278351796801,6.609278351796801,5.54722572,5.908170204999999,6.937338664797248,13.189044494929075,5.908170204999999,0,0,5009,5504,0,0,0,0,NaN,NaN,10.374135019564589,NaN,NaN,NaN,12.757381803883016,6.540728914494019,NaN,NaN,NaN,NaN,NaN,NaN,NaN,NaN,NaN,NaN,1,0,0,0,0,NaN,NaN,10.374135019564589,NaN,NaN,NaN,12.757381803883016,6.540728914494019,NaN,NaN,NaN,NaN,NaN,NaN,NaN,NaN,NaN,NaN,1
2022-09-26,6.2587242783984,6.45577134,5.59370248,5.9392796475,6.755873388925021,13.078361062143898,5.9392796475,0,0,5009,5505,0,0,0,0,NaN,NaN,14.075402417836969,NaN,NaN,NaN,12.757381803883016,6.540728914494019,NaN,NaN,NaN,NaN,NaN,NaN,NaN,NaN,NaN,NaN,1,0,0,0,0,NaN,NaN,14.075402417836969,NaN,NaN,NaN,12.757381803883016,6.540728914494019,NaN,NaN,NaN,NaN,NaN,NaN,NaN,NaN,NaN,NaN,1
2022-09-27,6.099001962949201,6.099001962949201,5.44077896,5.811093755,6.584095273665927,12.967410416233305,5.811093755,0,0,5009,5506,0,0,0,0,NaN,NaN,18.20741016952645,NaN,NaN,NaN,12.757381803883016,6.246995793076172,NaN,NaN,NaN,NaN,NaN,NaN,NaN,NaN,NaN,NaN,1,0,0,0,0,NaN,NaN,18.20741016952645,NaN,NaN,NaN,12.757381803883016,6.246995793076172,NaN,NaN,NaN,NaN,NaN,NaN,NaN,NaN,NaN,NaN,1
2022-09-28,5.9550478589746,5.9550478589746,5.3973007,5.76499181,6.435167371181213,12.857449826825162,5.76499181,0,0,5009,5507,0,0,0,0,NaN,NaN,22.414496122104094,NaN,NaN,NaN,12.757381803883016,6.044953146451465,NaN,NaN,NaN,NaN,NaN,NaN,NaN,NaN,NaN,NaN,1,0,0,0,0,NaN,NaN,22.414496122104094,NaN,NaN,NaN,12.757381803883016,6.044953146451465,NaN,NaN,NaN,NaN,NaN,NaN,NaN,NaN,NaN,NaN,1
2022-09-29,5.8600198344873,5.96701577,5.53673097,5.818215192499999,6.322994247784629,12.749980595766763,5.818215192499999,0,0,5009,5508,0,0,0,0,NaN,NaN,26.960071148767202,NaN,NaN,NaN,12.757381803883016,6.044953146451465,NaN,NaN,NaN,NaN,NaN,NaN,NaN,NaN,NaN,NaN,1,0,0,0,0,NaN,NaN,26.960071148767202,NaN,NaN,NaN,12.757381803883016,6.044953146451465,NaN,NaN,NaN,NaN,NaN,NaN,NaN,NaN,NaN,NaN,1
2022-09-30,5.839117513493649,5.89205326,5.52773547,5.7117684275,6.211862280460151,12.642526974877194,5.7117684275,0,0,5009,5509,0,0,0,0,NaN,NaN,31.660097474593556,NaN,NaN,NaN,12.757381803883016,5.889580783566849,NaN,NaN,NaN,NaN,NaN,NaN,NaN,NaN,NaN,NaN,1,0,0,0,0,NaN,NaN,31.660097474593556,NaN,NaN,NaN,12.757381803883016,5.889580783566849,NaN,NaN,NaN,NaN,NaN,NaN,NaN,NaN,NaN,NaN,1
2022-10-03,5.775442970496824,5.84557651,5.53073397,5.65142361,6.109964340376488,12.535792572359986,5.65142361,0,0,5009,5510,0,0,0,0,NaN,NaN,37.23367011682576,NaN,NaN,NaN,12.757381803883016,5.765815230649268,NaN,NaN,NaN,NaN,NaN,NaN,NaN,NaN,NaN,NaN,1,0,0,0,0,NaN,NaN,37.23367011682576,NaN,NaN,NaN,12.757381803883016,5.765815230649268,NaN,NaN,NaN,NaN,NaN,NaN,NaN,NaN,NaN,NaN,1
2022-10-04,5.713433290248412,5.95802027,5.48875496,5.755621495,6.045538368489853,12.432278510110216,5.755621495,0,0,5009,5511,0,0,0,0,NaN,NaN,43.10517776260458,NaN,NaN,NaN,12.757381803883016,5.765815230649268,NaN,NaN,NaN,NaN,NaN,NaN,NaN,NaN,NaN,NaN,1,0,0,0,0,NaN,NaN,43.10517776260458,NaN,NaN,NaN,12.757381803883016,5.765815230649268,NaN,NaN,NaN,NaN,NaN,NaN,NaN,NaN,NaN,NaN,1
2022-10-05,5.734527392624206,6.26536656,5.734527392624206,6.05921966,6.048025876037153,12.334979901711586,6.05921966,0,0,5009,5512,0,0,0,0,NaN,NaN,48.817092155558356,NaN,NaN,NaN,12.757381803883016,5.9531926870000005,NaN,NaN,NaN,NaN,NaN,NaN,NaN,NaN,NaN,NaN,1,0,0,0,0,NaN,NaN,48.817092155558356,NaN,NaN,NaN,12.757381803883016,5.9531926870000005,NaN,NaN,NaN,NaN,NaN,NaN,NaN,NaN,NaN,NaN,1
2022-10-06,5.896873526312103,6.29685082,5.3763112,5.81184338,6.005083604030398,12.235390031151104,5.81184338,0,0,5009,5513,0,0,0,0,NaN,NaN,55.14841996308794,NaN,NaN,NaN,12.757381803883016,5.9318208758,NaN,NaN,NaN,NaN,NaN,NaN,NaN,NaN,NaN,NaN,1,0,0,0,0,NaN,NaN,55.14841996308794,NaN,NaN,NaN,12.757381803883016,5.9318208758,NaN,NaN,NaN,NaN,NaN,NaN,NaN,NaN,NaN,NaN,1
2022-10-07,5.854358453156051,5.854358453156051,5.26236818,5.5221132775,5.917270817388507,12.132897256286201,5.5221132775,0,0,5009,5514,0,0,0,0,NaN,NaN,60.002401659891646,NaN,NaN,NaN,12.757381803883016,5.7790105481384995,NaN,NaN,NaN,NaN,NaN,NaN,NaN,NaN,NaN,NaN,1,0,0,0,0,NaN,NaN,60.002401659891646,NaN,NaN,NaN,12.757381803883016,5.7790105481384995,NaN,NaN,NaN,NaN,NaN,NaN,NaN,NaN,NaN,NaN,1
2022-10-10,5.688235865328025,5.688235865328025,5.3973007,5.577210725,5.855441709681506,12.032810439014655,5.577210725,0,0,5009,5515,0,0,0,0,NaN,NaN,63.85886617077694,NaN,NaN,NaN,12.757381803883016,5.7790105481384995,NaN,NaN,NaN,NaN,NaN,NaN,NaN,NaN,NaN,NaN,1,0,0,0,0,NaN,NaN,63.85886617077694,NaN,NaN,NaN,12.757381803883016,5.7790105481384995,NaN,NaN,NaN,NaN,NaN,NaN,NaN,NaN,NaN,NaN,1
2022-10-11,5.632723295164013,5.65667098,5.26236818,5.4284101399999996,5.77779960610305,11.931979900098401,5.4284101399999996,0,0,5009,5516,0,0,0,0,NaN,NaN,68.46677815775281,NaN,NaN,NaN,12.757381803883016,5.713934049025189,NaN,NaN,NaN,NaN,NaN,NaN,NaN,NaN,NaN,NaN,1,0,0,0,0,NaN,NaN,68.46677815775281,NaN,NaN,NaN,12.757381803883016,5.713934049025189,NaN,NaN,NaN,NaN,NaN,NaN,NaN,NaN,NaN,NaN,1
2022-10-12,5.530566717582007,5.54722572,5.24737568,5.41191839,5.7112757486297685,11.832436976280105,5.41191839,0,0,5009,5517,0,0,0,0,NaN,NaN,73.80959942945282,NaN,NaN,NaN,12.757381803883016,5.679248893462923,NaN,NaN,NaN,NaN,NaN,NaN,NaN,NaN,NaN,NaN,1,0,0,0,0,NaN,NaN,73.80959942945282,NaN,NaN,NaN,12.757381803883016,5.679248893462923,NaN,NaN,NaN,NaN,NaN,NaN,NaN,NaN,NaN,NaN,1
2022-10-13,5.471242553791003,5.69715074,4.91004439,5.3879303875,5.652485682969811,11.734047562710943,5.3879303875,0,0,5009,5518,0,0,0,0,NaN,NaN,77.68815478424858,NaN,NaN,NaN,12.757381803883016,5.633735951647372,NaN,NaN,NaN,NaN,NaN,NaN,NaN,NaN,NaN,NaN,1,0,0,0,0,NaN,NaN,77.68815478424858,NaN,NaN,NaN,12.757381803883016,5.633735951647372,NaN,NaN,NaN,NaN,NaN,NaN,NaN,NaN,NaN,NaN,1
2022-10-14,5.429586470645502,5.82608626,5.04047915,5.4999993400000005,5.624760893338936,11.638871253967265,5.4999993400000005,0,0,5009,5519,0,0,0,0,NaN,NaN,80.10449554118986,NaN,NaN,NaN,12.757381803883016,5.633735951647372,NaN,NaN,NaN,NaN,NaN,NaN,NaN,NaN,NaN,NaN,1,0,0,0,0,NaN,NaN,80.10449554118986,NaN,NaN,NaN,12.757381803883016,5.633735951647372,NaN,NaN,NaN,NaN,NaN,NaN,NaN,NaN,NaN,NaN,1
2022-10-17,5.464792905322751,5.99700078,5.29835019,5.68965449,5.636559729095493,11.548043517112802,5.68965449,0,0,5009,5520,0,0,0,0,NaN,NaN,81.41247032573223,NaN,NaN,NaN,12.757381803883016,5.633735951647372,NaN,NaN,NaN,NaN,NaN,NaN,NaN,NaN,NaN,NaN,1,0,0,0,0,NaN,NaN,81.41247032573223,NaN,NaN,NaN,12.757381803883016,5.633735951647372,NaN,NaN,NaN,NaN,NaN,NaN,NaN,NaN,NaN,NaN,1
2022-10-18,5.577223697661376,5.99700078,5.43927971,5.7376304975,5.654936232441767,11.459334921393523,5.7376304975,0,0,5009,5521,0,0,0,0,NaN,NaN,81.64630078521847,NaN,NaN,NaN,12.757381803883016,5.633735951647372,NaN,NaN,NaN,NaN,NaN,NaN,NaN,NaN,NaN,NaN,1,0,0,0,0,NaN,NaN,81.64630078521847,NaN,NaN,NaN,12.757381803883016,5.633735951647372,NaN,NaN,NaN,NaN,NaN,NaN,NaN,NaN,NaN,NaN,1
2022-10-19,5.657427097580688,5.77211325,5.38980445,5.624062292500001,5.649322788815992,11.370246789654692,5.624062292500001,0,0,5009,5522,0,0,0,0,NaN,NaN,81.42057689386628,NaN,NaN,NaN,12.757381803883016,5.633735951647372,NaN,NaN,NaN,NaN,NaN,NaN,NaN,NaN,NaN,NaN,1,0,0,0,0,NaN,NaN,81.42057689386628,NaN,NaN,NaN,12.757381803883016,5.633735951647372,NaN,NaN,NaN,NaN,NaN,NaN,NaN,NaN,NaN,NaN,1
2022-10-20,5.640744695040344,5.83658101,5.39879995,5.61918973,5.643844050849448,11.282444391797368,5.61918973,0,0,5009,5523,0,0,0,0,NaN,NaN,81.289464111692,NaN,NaN,NaN,12.757381803883016,5.633735951647372,NaN,NaN,NaN,NaN,NaN,NaN,NaN,NaN,NaN,NaN,1,0,0,0,0,NaN,NaN,81.289464111692,NaN,NaN,NaN,12.757381803883016,5.633735951647372,NaN,NaN,NaN,NaN,NaN,NaN,NaN,NaN,NaN,NaN,1
2022-10-21,5.629967212520173,5.7736125,5.54722572,5.680655239999999,5.650536994331366,11.196920893296644,5.680655239999999,0,0,5009,5524,0,0,0,0,NaN,NaN,81.29731471885063,NaN,NaN,NaN,12.757381803883016,5.633735951647372,NaN,NaN,NaN,NaN,NaN,NaN,NaN,NaN,NaN,NaN,1,0,0,0,0,NaN,NaN,81.29731471885063,NaN,NaN,NaN,12.757381803883016,5.633735951647372,NaN,NaN,NaN,NaN,NaN,NaN,NaN,NaN,NaN,NaN,1
2022-10-24,5.6553112262600855,5.7736125,5.4272857,5.630434105,5.646881923543845,11.11193636217761,5.630434104999999,0,0,5009,5525,0,0,0,0,NaN,NaN,81.4575838963828,NaN,NaN,NaN,12.757381803883016,5.633735951647372,NaN,NaN,NaN,NaN,NaN,NaN,NaN,NaN,NaN,NaN,1,0,0,0,0,NaN,NaN,81.4575838963828,NaN,NaN,NaN,12.757381803883016,5.633735951647372,NaN,NaN,NaN,NaN,NaN,NaN,NaN,NaN,NaN,NaN,1
2022-10-25,5.642872665630042,5.88155851,5.44227821,5.6675405475,5.6506380369904186,11.02881581538864,5.6675405475,0,0,5009,5526,0,0,0,0,NaN,NaN,81.49501717346348,NaN,NaN,NaN,12.757381803883016,5.633735951647372,NaN,NaN,NaN,NaN,NaN,NaN,NaN,NaN,NaN,NaN,1,0,0,0,0,NaN,NaN,81.49501717346348,NaN,NaN,NaN,12.757381803883016,5.633735951647372,NaN,NaN,NaN,NaN,NaN,NaN,NaN,NaN,NaN,NaN,1
2022-10-26,5.655206606565021,5.88005926,5.53223322,5.6544221075,5.651326049810343,10.946764003054462,5.6544221075,0,0,5009,5527,0,0,0,0,NaN,NaN,81.31096741378308,NaN,NaN,NaN,12.757381803883016,5.633735951647372,NaN,NaN,NaN,NaN,NaN,NaN,NaN,NaN,NaN,NaN,1,0,0,0,0,NaN,NaN,81.31096741378308,NaN,NaN,NaN,12.757381803883016,5.633735951647372,NaN,NaN,NaN,NaN,NaN,NaN,NaN,NaN,NaN,NaN,1
2022-10-27,5.65481435703251,5.99700078,5.56221822,5.723387617499999,5.664428153026644,10.867017798694851,5.7233876175,0,0,5009,5528,0,0,0,0,NaN,NaN,80.77400590810363,NaN,NaN,NaN,12.757381803883016,5.633735951647372,NaN,NaN,NaN,NaN,NaN,NaN,NaN,NaN,NaN,NaN,1,0,0,0,0,NaN,NaN,80.77400590810363,NaN,NaN,NaN,12.757381803883016,5.633735951647372,NaN,NaN,NaN,NaN,NaN,NaN,NaN,NaN,NaN,NaN,1
2022-10-28,5.689100987266254,5.99700078,5.47977445,5.8407076925000005,5.696478978385436,10.790280239821648,5.840707692500001,0,0,5009,5529,0,0,0,0,NaN,NaN,79.84340691945991,NaN,NaN,NaN,12.757381803883016,5.633735951647372,NaN,NaN,NaN,NaN,NaN,NaN,NaN,NaN,NaN,NaN,1,0,0,0,0,NaN,NaN,79.84340691945991,NaN,NaN,NaN,12.757381803883016,5.633735951647372,NaN,NaN,NaN,NaN,NaN,NaN,NaN,NaN,NaN,NaN,1
2022-10-31,5.7649043398831274,5.99700078,5.54722572,5.7492496850000006,5.706073652315356,10.713317941274752,5.7492496850000006,0,0,5009,5530,0,0,0,0,NaN,NaN,78.78918413598993,NaN,NaN,NaN,12.757381803883016,5.633735951647372,NaN,NaN,NaN,NaN,NaN,NaN,NaN,NaN,NaN,NaN,1,0,0,0,0,NaN,NaN,78.78918413598993,NaN,NaN,NaN,12.757381803883016,5.633735951647372,NaN,NaN,NaN,NaN,NaN,NaN,NaN,NaN,NaN,NaN,1
2022-11-01,5.757077012441564,6.06446704,5.74212825,5.8526979500000005,5.732732615530746,10.639110002476665,5.8526979500000005,0,0,5009,5531,0,0,0,0,NaN,NaN,77.47257175743472,NaN,NaN,NaN,12.757381803883016,5.633735951647372,NaN,NaN,NaN,NaN,NaN,NaN,NaN,NaN,NaN,NaN,1,0,0,0,0,NaN,NaN,77.47257175743472,NaN,NaN,NaN,12.757381803883016,5.633735951647372,NaN,NaN,NaN,NaN,NaN,NaN,NaN,NaN,NaN,NaN,1
2022-11-02,5.804887481220782,5.97751053,5.69715074,5.805096754999999,5.745889731797883,10.565308273507556,5.805096754999999,0,0,5009,5532,0,0,0,0,NaN,NaN,76.10467819447406,NaN,NaN,NaN,12.757381803883016,5.633735951647372,NaN,NaN,NaN,NaN,NaN,NaN,NaN,NaN,NaN,NaN,1,0,0,0,0,NaN,NaN,76.10467819447406,NaN,NaN,NaN,12.757381803883016,5.633735951647372,NaN,NaN,NaN,NaN,NaN,NaN,NaN,NaN,NaN,NaN,1
2022-11-03,5.804992118110391,5.87106376,5.24737568,5.6566709825000006,5.729668141016449,10.49036724616393,5.6566709825000006,0,0,5009,5533,0,0,0,0,NaN,NaN,74.85947139974493,NaN,NaN,NaN,12.757381803883016,5.633735951647372,NaN,NaN,NaN,NaN,NaN,NaN,NaN,NaN,NaN,NaN,1,0,0,0,0,NaN,NaN,74.85947139974493,NaN,NaN,NaN,12.757381803883016,5.633735951647372,NaN,NaN,NaN,NaN,NaN,NaN,NaN,NaN,NaN,NaN,1
2022-11-04,5.730831550305195,5.99700078,5.44452708,5.7055840225,5.725289210377095,10.417317120611807,5.7055840225,0,0,5009,5534,0,0,0,0,NaN,NaN,73.7393281880949,NaN,NaN,NaN,12.757381803883016,5.633735951647372,NaN,NaN,NaN,NaN,NaN,NaN,NaN,NaN,NaN,NaN,1,0,0,0,0,NaN,NaN,73.7393281880949,NaN,NaN,NaN,12.757381803883016,5.633735951647372,NaN,NaN,NaN,NaN,NaN,NaN,NaN,NaN,NaN,NaN,1
2022-11-07,5.718207786402598,5.99700078,5.56971447,5.80322269,5.7394589339448965,10.346872930831475,5.803222690000001,0,0,5009,5535,0,0,0,0,NaN,NaN,72.59009695413597,NaN,NaN,NaN,12.757381803883016,5.633735951647372,NaN,NaN,NaN,NaN,NaN,NaN,NaN,NaN,NaN,NaN,1,0,0,0,0,NaN,NaN,72.59009695413597,NaN,NaN,NaN,12.757381803883016,5.633735951647372,NaN,NaN,NaN,NaN,NaN,NaN,NaN,NaN,NaN,NaN,1
2022-11-08,5.760715238201299,5.86056901,5.47226321,5.7095195525,5.734015410045824,10.276073642612674,5.709519552499999,0,0,5009,5536,0,0,0,0,NaN,NaN,71.54828916809689,NaN,NaN,NaN,12.757381803883016,5.633735951647372,NaN,NaN,NaN,NaN,NaN,NaN,NaN,NaN,NaN,NaN,1,0,0,0,0,NaN,NaN,71.54828916809689,NaN,NaN,NaN,12.757381803883016,5.633735951647372,NaN,NaN,NaN,NaN,NaN,NaN,NaN,NaN,NaN,NaN,1
2022-11-09,5.735117395350649,5.92203827,5.4272857,5.6390547925,5.7167498432193105,10.205279461694923,5.6390547925,0,0,5009,5537,0,0,0,0,NaN,NaN,70.59321501293424,NaN,NaN,NaN,12.757381803883016,5.633735951647372,NaN,NaN,NaN,NaN,NaN,NaN,NaN,NaN,NaN,NaN,1,0,0,0,0,NaN,NaN,70.59321501293424,NaN,NaN,NaN,12.757381803883016,5.633735951647372,NaN,NaN,NaN,NaN,NaN,NaN,NaN,NaN,NaN,NaN,1
2022-11-10,5.687086093925324,5.99700078,5.52473697,5.7897294399999994,5.730018860815799,10.137866484264466,5.7897294399999994,0,0,5009,5538,0,0,0,0,NaN,NaN,69.48912330733425,NaN,NaN,NaN,12.757381803883016,5.633735951647372,NaN,NaN,NaN,NaN,NaN,NaN,NaN,NaN,NaN,NaN,1,0,0,0,0,NaN,NaN,69.48912330733425,NaN,NaN,NaN,12.757381803883016,5.633735951647372,NaN,NaN,NaN,NaN,NaN,NaN,NaN,NaN,NaN,NaN,1
2022-11-11,5.738407766962662,5.99700078,5.54722572,5.833207695,5.748780467031109,10.072146502748978,5.833207695,0,0,5009,5539,0,0,0,0,NaN,NaN,68.06681225139529,NaN,NaN,NaN,12.757381803883016,5.633735951647372,NaN,NaN,NaN,NaN,NaN,NaN,NaN,NaN,NaN,NaN,1,0,0,0,0,NaN,NaN,68.06681225139529,NaN,NaN,NaN,12.757381803883016,5.633735951647372,NaN,NaN,NaN,NaN,NaN,NaN,NaN,NaN,NaN,NaN,1
2022-11-14,5.785807730981331,5.97151352,5.58920473,5.80022419,5.758133871207271,10.006926314768078,5.80022419,0,0,5009,5540,0,0,0,0,NaN,NaN,66.19541247579551,NaN,NaN,NaN,12.757381803883016,5.633735951647372,NaN,NaN,NaN,NaN,NaN,NaN,NaN,NaN,NaN,NaN,1,0,0,0,0,NaN,NaN,66.19541247579551,NaN,NaN,NaN,12.757381803883016,5.633735951647372,NaN,NaN,NaN,NaN,NaN,NaN,NaN,NaN,NaN,NaN,1
2022-11-15,5.793015960490665,6.44827509,5.69864999,6.048350097499999,5.810900457805949,9.946490036641848,6.048350097499999,0,0,5009,5541,0,0,0,0,NaN,NaN,63.890825320747524,NaN,NaN,NaN,12.757381803883016,5.76767172075,NaN,NaN,NaN,NaN,NaN,NaN,NaN,NaN,NaN,NaN,1,0,0,0,0,NaN,NaN,63.890825320747524,NaN,NaN,NaN,12.757381803883016,5.76767172075,NaN,NaN,NaN,NaN,NaN,NaN,NaN,NaN,NaN,NaN,1
2022-11-16,5.920683028995333,6.29984932,5.920683028995333,6.195276617500001,5.8807870322957765,9.88921960276182,6.1952766175,0,0,5009,5542,0,0,0,0,NaN,NaN,61.37465085491275,NaN,NaN,NaN,12.757381803883016,5.851759229852501,NaN,NaN,NaN,NaN,NaN,NaN,NaN,NaN,NaN,NaN,1,0,0,0,0,NaN,NaN,61.37465085491275,NaN,NaN,NaN,12.757381803883016,5.851759229852501,NaN,NaN,NaN,NaN,NaN,NaN,NaN,NaN,NaN,NaN,1
2022-11-17,6.057979823247667,6.27136356,5.59070398,6.0093695925,5.904165679605636,9.829985251460112,6.0093695925,0,0,5009,5543,0,0,0,0,NaN,NaN,58.967716674519124,NaN,NaN,NaN,12.757381803883016,5.851759229852501,NaN,NaN,NaN,NaN,NaN,NaN,NaN,NaN,NaN,NaN,1,0,0,0,0,NaN,NaN,58.967716674519124,NaN,NaN,NaN,12.757381803883016,5.851759229852501,NaN,NaN,NaN,NaN,NaN,NaN,NaN,NaN,NaN,NaN,1
2022-11-18,6.033674707873834,6.22188831,5.33733069,5.71664099,5.87007028149552,9.767186102430186,5.71664099,0,0,5009,5544,0,0,0,0,NaN,NaN,56.93178451807783,NaN,NaN,NaN,12.757381803883016,5.851759229852501,NaN,NaN,NaN,NaN,NaN,NaN,NaN,NaN,NaN,NaN,1,0,0,0,0,NaN,NaN,56.93178451807783,NaN,NaN,NaN,12.757381803883016,5.851759229852501,NaN,NaN,NaN,NaN,NaN,NaN,NaN,NaN,NaN,NaN,1
2022-11-21,5.875157848936917,5.875157848936917,5.24737568,5.47376246,5.798014313950881,9.701637649874,5.47376246,0,0,5009,5545,0,0,0,0,NaN,NaN,55.37840009033449,NaN,NaN,NaN,12.757381803883016,5.812874114025,NaN,NaN,NaN,NaN,NaN,NaN,NaN,NaN,NaN,NaN,1,0,0,0,0,NaN,NaN,55.37840009033449,NaN,NaN,NaN,12.757381803883016,5.812874114025,NaN,NaN,NaN,NaN,NaN,NaN,NaN,NaN,NaN,NaN,1
2022-11-22,5.674460154468458,5.674460154468458,5.09745066,5.2522444974999996,5.698783438232539,9.633707983425541,5.2522444974999996,0,0,5009,5546,0,0,0,0,NaN,NaN,53.59128267350829,NaN,NaN,NaN,12.757381803883016,5.68861901371675,NaN,NaN,NaN,NaN,NaN,NaN,NaN,NaN,NaN,NaN,1,0,0,0,0,NaN,NaN,53.59128267350829,NaN,NaN,NaN,12.757381803883016,5.68861901371675,NaN,NaN,NaN,NaN,NaN,NaN,NaN,NaN,NaN,NaN,1
2022-11-23,5.4633523259842285,5.4633523259842285,4.83808038,5.1356815425,5.596401275372077,9.565035824022099,5.1356815425,0,0,5009,5547,0,0,0,0,NaN,NaN,52.01228793336122,NaN,NaN,NaN,12.757381803883016,5.600658176593745,NaN,NaN,NaN,NaN,NaN,NaN,NaN,NaN,NaN,NaN,1,0,0,0,0,NaN,NaN,52.01228793336122,NaN,NaN,NaN,12.757381803883016,5.600658176593745,NaN,NaN,NaN,NaN,NaN,NaN,NaN,NaN,NaN,NaN,1
2022-11-25,5.2995169342421145,5.2995169342421145,4.79760062,5.134931915,5.512497755304427,9.497400649838555,5.134931915,0,0,5009,5548,0,0,0,0,NaN,NaN,50.70826187850833,NaN,NaN,NaN,12.757381803883016,5.558401732537808,NaN,NaN,NaN,NaN,NaN,NaN,NaN,NaN,NaN,NaN,1,0,0,0,0,NaN,NaN,50.70826187850833,NaN,NaN,NaN,12.757381803883016,5.558401732537808,NaN,NaN,NaN,NaN,NaN,NaN,NaN,NaN,NaN,NaN,1
2022-11-28,5.217224424621057,5.54722572,4.6476756,5.059969405,5.430219873430895,9.429653607932623,5.059969405,0,0,5009,5549,0,0,0,0,NaN,NaN,49.94048417875245,NaN,NaN,NaN,12.757381803883016,5.465606348833271,NaN,NaN,NaN,NaN,NaN,NaN,NaN,NaN,NaN,NaN,1,0,0,0,0,NaN,NaN,49.94048417875245,NaN,NaN,NaN,12.757381803883016,5.465606348833271,NaN,NaN,NaN,NaN,NaN,NaN,NaN,NaN,NaN,NaN,1
2022-11-29,5.138596914810529,5.138596914810529,4.6476756,4.87256313,5.328827738261642,9.360079707506172,4.87256313,0,0,5009,5550,0,0,0,0,NaN,NaN,50.29988140823445,NaN,NaN,NaN,9.558928611286358,5.29700219913328,NaN,NaN,NaN,NaN,NaN,NaN,NaN,NaN,NaN,NaN,1,0,0,0,0,NaN,NaN,50.29988140823445,NaN,NaN,NaN,9.558928611286358,5.29700219913328,NaN,NaN,NaN,NaN,NaN,NaN,NaN,NaN,NaN,NaN,1
2022-11-30,5.0055800224052645,5.69715074,5.0055800224052645,5.480134272499999,5.35633801721407,9.300843899338139,5.480134272499999,0,0,5009,5551,0,0,0,0,NaN,NaN,51.72247472273486,NaN,NaN,NaN,9.558928611286358,5.29700219913328,NaN,NaN,NaN,NaN,NaN,NaN,NaN,NaN,NaN,NaN,1,0,0,0,0,NaN,NaN,51.72247472273486,NaN,NaN,NaN,9.558928611286358,5.29700219913328,NaN,NaN,NaN,NaN,NaN,NaN,NaN,NaN,NaN,NaN,1
2022-12-01,5.242857147452632,5.93703077,5.242857147452632,5.580209225,5.397041873175148,9.244040316523815,5.580209225,0,0,5009,5552,0,0,0,0,NaN,NaN,55.237512753537885,NaN,NaN,NaN,9.558928611286358,5.29700219913328,NaN,NaN,NaN,NaN,NaN,NaN,NaN,NaN,NaN,NaN,1,0,0,0,0,NaN,NaN,55.237512753537885,NaN,NaN,NaN,9.558928611286358,5.29700219913328,NaN,NaN,NaN,NaN,NaN,NaN,NaN,NaN,NaN,NaN,1
2022-12-02,5.4115331862263165,5.69715074,5.26986443,5.5618434075000005,5.427005788506939,9.18782356982116,5.5618434075000005,0,0,5009,5553,0,0,0,0,NaN,NaN,69.07643489142666,NaN,NaN,NaN,9.558928611286358,5.29700219913328,NaN,NaN,NaN,NaN,NaN,NaN,NaN,NaN,NaN,NaN,1,0,0,0,0,NaN,NaN,69.07643489142666,NaN,NaN,NaN,9.558928611286358,5.29700219913328,NaN,NaN,NaN,NaN,NaN,NaN,NaN,NaN,NaN,NaN,1
2022-12-05,5.486688296863159,5.67166349,5.32683594,5.5041222775,5.441026968323859,9.131583855434577,5.5041222775,0,0,5009,5554,0,0,0,0,NaN,NaN,67.46134209955339,NaN,NaN,NaN,9.558928611286358,5.29700219913328,NaN,NaN,NaN,NaN,NaN,NaN,NaN,NaN,NaN,NaN,1,0,0,0,0,NaN,NaN,67.46134209955339,NaN,NaN,NaN,9.558928611286358,5.29700219913328,NaN,NaN,NaN,NaN,NaN,NaN,NaN,NaN,NaN,NaN,1
2022-12-06,5.49540528718158,5.69715074,4.66866511,5.3556965075,5.425512339083157,9.073936720351607,5.3556965075,0,0,5009,5555,0,0,0,0,NaN,NaN,66.1688019899212,NaN,NaN,NaN,9.558928611286358,5.29700219913328,NaN,NaN,NaN,NaN,NaN,NaN,NaN,NaN,NaN,NaN,1,0,0,0,0,NaN,NaN,66.1688019899212,NaN,NaN,NaN,9.558928611286358,5.29700219913328,NaN,NaN,NaN,NaN,NaN,NaN,NaN,NaN,NaN,NaN,1
2022-12-07,5.4255508973407895,5.54572647,4.77361262,5.1225631025,5.370430659704401,9.013610405575246,5.1225631025,0,0,5009,5556,0,0,0,0,NaN,NaN,65.35484394873926,NaN,NaN,NaN,9.558928611286358,5.29700219913328,NaN,NaN,NaN,NaN,NaN,NaN,NaN,NaN,NaN,NaN,1,0,0,0,0,NaN,NaN,65.35484394873926,NaN,NaN,NaN,9.558928611286358,5.29700219913328,NaN,NaN,NaN,NaN,NaN,NaN,NaN,NaN,NaN,NaN,1
2022-12-08,5.274056999920395,5.66416724,4.49775058,5.1637924825,5.332860082030874,8.954834559421426,5.1637924825,0,0,5009,5557,0,0,0,0,NaN,NaN,64.47803481916564,NaN,NaN,NaN,9.558928611286358,5.29700219913328,NaN,NaN,NaN,NaN,NaN,NaN,NaN,NaN,NaN,NaN,1,0,0,0,0,NaN,NaN,64.47803481916564,NaN,NaN,NaN,9.558928611286358,5.29700219913328,NaN,NaN,NaN,NaN,NaN,NaN,NaN,NaN,NaN,NaN,1
2022-12-09,5.218924741210198,5.51873997,4.76011937,5.248874932500001,5.317590054843443,8.898255023132549,5.248874932500001,0,0,5009,5558,0,0,0,0,NaN,NaN,63.23864603026498,NaN,NaN,NaN,9.558928611286358,5.29700219913328,NaN,NaN,NaN,NaN,NaN,NaN,NaN,NaN,NaN,NaN,1,0,0,0,0,NaN,NaN,63.23864603026498,NaN,NaN,NaN,9.558928611286358,5.29700219913328,NaN,NaN,NaN,NaN,NaN,NaN,NaN,NaN,NaN,NaN,1
2022-12-12,5.233899836855099,5.37781045,4.79760062,5.1844071725,5.293374985326453,8.84155505594732,5.1844071725,0,0,5009,5559,0,0,0,0,NaN,NaN,62.110945976055746,NaN,NaN,NaN,9.558928611286358,5.29700219913328,NaN,NaN,NaN,NaN,NaN,NaN,NaN,NaN,NaN,NaN,1,0,0,0,0,NaN,NaN,62.110945976055746,NaN,NaN,NaN,9.558928611286358,5.29700219913328,NaN,NaN,NaN,NaN,NaN,NaN,NaN,NaN,NaN,NaN,1
2022-12-13,5.20915350467755,5.54722572,4.94752564,5.16641617,5.270291564358007,8.78544606532217,5.16641617,0,0,5009,5560,0,0,0,0,NaN,NaN,60.96400684544662,NaN,NaN,NaN,9.558928611286358,5.29700219913328,NaN,NaN,NaN,NaN,NaN,NaN,NaN,NaN,NaN,NaN,1,0,0,0,0,NaN,NaN,60.96400684544662,NaN,NaN,NaN,9.558928611286358,5.29700219913328,NaN,NaN,NaN,NaN,NaN,NaN,NaN,NaN,NaN,NaN,1
2022-12-14,5.187784837338775,5.54722572,5.09745066,5.32233819,5.279754587202006,8.732574189363053,5.32233819,0,0,5009,5561,0,0,0,0,NaN,NaN,59.341561957303504,NaN,NaN,NaN,9.558928611286358,5.29700219913328,NaN,NaN,NaN,NaN,NaN,NaN,NaN,NaN,NaN,NaN,1,0,0,0,0,NaN,NaN,59.341561957303504,NaN,NaN,NaN,9.558928611286358,5.29700219913328,NaN,NaN,NaN,NaN,NaN,NaN,NaN,NaN,NaN,NaN,1
2022-12-15,5.2550615136693875,5.47226321,4.79760062,5.1506740424999995,5.256285397256186,8.677888690937662,5.1506740424999995,0,0,5009,5562,0,0,0,0,NaN,NaN,58.13739865016024,NaN,NaN,NaN,9.558928611286358,5.29700219913328,NaN,NaN,NaN,NaN,NaN,NaN,NaN,NaN,NaN,NaN,1,0,0,0,0,NaN,NaN,58.13739865016024,NaN,NaN,NaN,9.558928611286358,5.29700219913328,NaN,NaN,NaN,NaN,NaN,NaN,NaN,NaN,NaN,NaN,1
2022-12-16,5.202867778084693,5.23238318,4.6536726,4.979009895,5.205871669573243,8.621417258938614,4.979009895,0,0,5009,5563,0,0,0,0,NaN,NaN,57.30900570711689,NaN,NaN,NaN,9.558928611286358,5.29700219913328,NaN,NaN,NaN,NaN,NaN,NaN,NaN,NaN,NaN,NaN,1,0,0,0,0,NaN,NaN,57.30900570711689,NaN,NaN,NaN,9.558928611286358,5.29700219913328,NaN,NaN,NaN,NaN,NaN,NaN,NaN,NaN,NaN,NaN,1
2022-12-19,5.090938836542346,5.3973007,4.76161862,5.1188149775,5.190043180105381,8.567942414947185,5.1188149775,0,0,5009,5564,0,0,0,0,NaN,NaN,56.07503921060135,NaN,NaN,NaN,9.558928611286358,5.29700219913328,NaN,NaN,NaN,NaN,NaN,NaN,NaN,NaN,NaN,NaN,1,0,0,0,0,NaN,NaN,56.07503921060135,NaN,NaN,NaN,9.558928611286358,5.29700219913328,NaN,NaN,NaN,NaN,NaN,NaN,NaN,NaN,NaN,NaN,1
2022-12-20,5.104876907021173,5.50524671,4.94752564,5.158545105,5.184316257358947,8.515890547619748,5.158545105,0,0,5009,5565,0,0,0,0,NaN,NaN,54.73597491797041,NaN,NaN,NaN,9.558928611286358,5.29700219913328,NaN,NaN,NaN,NaN,NaN,NaN,NaN,NaN,NaN,NaN,1,0,0,0,0,NaN,NaN,54.73597491797041,NaN,NaN,NaN,9.558928611286358,5.29700219913328,NaN,NaN,NaN,NaN,NaN,NaN,NaN,NaN,NaN,NaN,1
2022-12-21,5.131711006010587,5.24737568,4.51724084,4.8392048149999995,5.121568722384593,8.459757941014866,4.8392048149999995,0,0,5009,5566,0,0,0,0,NaN,NaN,54.48632355047219,NaN,NaN,NaN,9.558928611286358,5.2009217608392895,NaN,NaN,NaN,NaN,NaN,NaN,NaN,NaN,NaN,NaN,1,0,0,0,0,NaN,NaN,54.48632355047219,NaN,NaN,NaN,9.558928611286358,5.2009217608392895,NaN,NaN,NaN,NaN,NaN,NaN,NaN,NaN,NaN,NaN,1
2022-12-22,4.985457910505293,4.985457910505293,4.27286305,4.6338075375,5.032884870587394,8.401346484472654,4.6338075375,0,0,5009,5567,0,0,0,0,NaN,NaN,54.87962188676128,NaN,NaN,NaN,9.558928611286358,5.00069584932554,NaN,NaN,NaN,NaN,NaN,NaN,NaN,NaN,NaN,NaN,1,0,0,0,0,NaN,NaN,54.87962188676128,NaN,NaN,NaN,9.558928611286358,5.00069584932554,NaN,NaN,NaN,NaN,NaN,NaN,NaN,NaN,NaN,NaN,1
2022-12-23,4.809632724002647,4.809632724002647,4.27859019,4.6221208825,4.958200509116959,8.343648383679179,4.6221208825,0,0,5009,5568,0,0,0,0,NaN,NaN,55.095428328984774,NaN,NaN,NaN,9.558928611286358,4.905396928387409,NaN,NaN,NaN,NaN,NaN,NaN,NaN,NaN,NaN,NaN,1,0,0,0,0,NaN,NaN,55.095428328984774,NaN,NaN,NaN,9.558928611286358,4.905396928387409,NaN,NaN,NaN,NaN,NaN,NaN,NaN,NaN,NaN,NaN,1
2022-12-27,4.715876803251323,4.80359762,4.46101895,4.666228822499999,4.905114747913875,8.28750457358484,4.666228822499999,0,0,5009,5569,0,0,0,0,NaN,NaN,55.31991843183284,NaN,NaN,NaN,9.558928611286358,4.905396928387409,NaN,NaN,NaN,NaN,NaN,NaN,NaN,NaN,NaN,NaN,1,0,0,0,0,NaN,NaN,55.31991843183284,NaN,NaN,NaN,9.558928611286358,4.905396928387409,NaN,NaN,NaN,NaN,NaN,NaN,NaN,NaN,NaN,NaN,1
2022-12-28,4.691052812875661,4.691052812875661,4.42278807,4.5191148975,4.834932956929534,8.229971906774384,4.5191148975,0,0,5009,5570,0,0,0,0,NaN,NaN,56.32525999372724,NaN,NaN,NaN,9.558928611286358,4.763503595522809,NaN,NaN,NaN,NaN,NaN,NaN,NaN,NaN,NaN,NaN,1,0,0,0,0,NaN,NaN,56.32525999372724,NaN,NaN,NaN,9.558928611286358,4.763503595522809,NaN,NaN,NaN,NaN,NaN,NaN,NaN,NaN,NaN,NaN,1
2022-12-29,4.60508385518783,4.97451215,4.49775058,4.747750552499999,4.819081610669619,8.176808221976302,4.747750552499999,0,0,5009,5571,0,0,0,0,NaN,NaN,57.5451921819096,NaN,NaN,NaN,9.558928611286358,4.763503595522809,NaN,NaN,NaN,NaN,NaN,NaN,NaN,NaN,NaN,NaN,1,0,0,0,0,NaN,NaN,57.5451921819096,NaN,NaN,NaN,9.558928611286358,4.763503595522809,NaN,NaN,NaN,NaN,NaN,NaN,NaN,NaN,NaN,NaN,1
2022-12-30,4.676417203843915,5.24737568,4.6476756,4.9197895125,4.837392138275143,8.127082745495747,4.9197895125,0,0,5009,5572,0,0,0,0,NaN,NaN,58.666961954500884,NaN,NaN,NaN,9.558928611286358,4.763503595522809,NaN,NaN,NaN,NaN,NaN,NaN,NaN,NaN,NaN,NaN,1,0,0,0,0,NaN,NaN,58.666961954500884,NaN,NaN,NaN,9.558928611286358,4.763503595522809,NaN,NaN,NaN,NaN,NaN,NaN,NaN,NaN,NaN,NaN,1
2023-01-03,4.798103358171957,5.24737568,4.798103358171957,5.050973905,4.876225186770571,8.08011925174772,5.050973905,0,0,5009,5573,0,0,0,0,NaN,NaN,58.011655865747926,NaN,NaN,NaN,9.558928611286358,4.864823252375,NaN,NaN,NaN,NaN,NaN,NaN,NaN,NaN,NaN,NaN,1,0,0,0,0,NaN,NaN,58.011655865747926,NaN,NaN,NaN,9.558928611286358,4.864823252375,NaN,NaN,NaN,NaN,NaN,NaN,NaN,NaN,NaN,NaN,1
2023-01-04,4.924538631585978,5.41079395,4.87256313,5.1383052275,4.9238761032668314,8.035206060537831,5.1383052275,0,0,5009,5574,0,0,0,0,NaN,NaN,57.01526199223535,NaN,NaN,NaN,9.558928611286358,4.91538340304125,NaN,NaN,NaN,NaN,NaN,NaN,NaN,NaN,NaN,NaN,1,0,0,0,0,NaN,NaN,57.01526199223535,NaN,NaN,NaN,9.558928611286358,4.91538340304125,NaN,NaN,NaN,NaN,NaN,NaN,NaN,NaN,NaN,NaN,1
2023-01-05,5.031421929542989,5.3973007,5.031421929542989,5.193777485,4.972949081763772,7.991825471598323,5.193777485,0,0,5009,5575,0,0,0,0,NaN,NaN,55.08486681481456,NaN,NaN,NaN,9.558928611286358,4.958159008983775,NaN,NaN,NaN,NaN,NaN,NaN,NaN,NaN,NaN,NaN,1,0,0,0,0,NaN,NaN,55.08486681481456,NaN,NaN,NaN,9.558928611286358,4.958159008983775,NaN,NaN,NaN,NaN,NaN,NaN,NaN,NaN,NaN,NaN,1
2023-01-06,5.112599707271494,6.37331258,5.112599707271494,5.76049406,5.116139077806722,7.957759343176974,5.76049406,0,0,5009,5576,0,0,0,0,NaN,NaN,48.91090268719242,NaN,NaN,NaN,9.558928611286358,5.288225205200235,NaN,NaN,NaN,NaN,NaN,NaN,NaN,NaN,NaN,NaN,1,0,0,0,0,NaN,NaN,48.91090268719242,NaN,NaN,NaN,9.558928611286358,5.288225205200235,NaN,NaN,NaN,NaN,NaN,NaN,NaN,NaN,NaN,NaN,1
2023-01-09,5.436546883635748,6.1469258,5.436546883635748,6.109444545000001,5.296740071841864,7.929540796639921,6.109444545000001,0,0,5009,5577,0,0,0,0,NaN,NaN,38.80377205301752,NaN,NaN,NaN,9.558928611286358,5.540309739376207,NaN,NaN,NaN,NaN,NaN,NaN,NaN,NaN,NaN,NaN,1,0,0,0,0,NaN,NaN,38.80377205301752,NaN,NaN,NaN,9.558928611286358,5.540309739376207,NaN,NaN,NaN,NaN,NaN,NaN,NaN,NaN,NaN,NaN,1
2023-01-10,5.772995714317874,6.45127359,5.73013424,6.0637174125,5.43619049741607,7.901054943446946,6.0637174125,0,0,5009,5578,0,0,0,0,NaN,NaN,31.12277916225463,NaN,NaN,NaN,9.558928611286358,5.540309739376207,NaN,NaN,NaN,NaN,NaN,NaN,NaN,NaN,NaN,NaN,1,0,0,0,0,NaN,NaN,31.12277916225463,NaN,NaN,NaN,9.558928611286358,5.540309739376207,NaN,NaN,NaN,NaN,NaN,NaN,NaN,NaN,NaN,NaN,1
2023-01-11,5.918356563408937,7.04647591,5.918356563408937,6.448275085000001,5.620205876976785,7.878875098279817,6.448275085000001,0,0,5009,5579,0,0,0,0,NaN,NaN,21.291584139502643,NaN,NaN,NaN,9.558928611286358,5.820507520719776,NaN,NaN,NaN,NaN,NaN,NaN,NaN,NaN,NaN,NaN,1,0,0,0,0,NaN,NaN,21.291584139502643,NaN,NaN,NaN,9.558928611286358,5.820507520719776,NaN,NaN,NaN,NaN,NaN,NaN,NaN,NaN,NaN,NaN,1
2023-01-12,6.183315824204469,7.79610101,6.183315824204469,7.116191049999999,5.892203181162824,7.86723106700837,7.116191049999999,0,0,5009,5580,0,0,0,0,NaN,NaN,9.750860585157973,NaN,NaN,NaN,9.558928611286358,6.327576101640216,NaN,NaN,NaN,NaN,NaN,NaN,NaN,NaN,NaN,NaN,1,0,0,0,0,NaN,NaN,9.750860585157973,NaN,NaN,NaN,9.558928611286358,6.327576101640216,NaN,NaN,NaN,NaN,NaN,NaN,NaN,NaN,NaN,NaN,1
2023-01-13,6.649753437102234,8.41978909,6.649753437102234,7.77698557,6.234890888224128,7.865853273160914,7.77698557,0,0,5009,5581,0,0,0,0,NaN,NaN,2.3555933639235755,NaN,NaN,NaN,9.558928611286358,6.892965925395771,NaN,NaN,NaN,NaN,NaN,NaN,NaN,NaN,NaN,NaN,1,0,0,0,0,NaN,NaN,2.3555933639235755,NaN,NaN,NaN,9.558928611286358,6.892965925395771,NaN,NaN,NaN,NaN,NaN,NaN,NaN,NaN,NaN,NaN,1
2023-01-17,7.213369503551117,8.20089856,7.213369503551117,7.861693205000001,6.5306731276379235,7.865789760669908,7.861693205000002,0,0,5009,5582,0,0,0,0,NaN,NaN,0.12909782104195416,NaN,NaN,NaN,9.558928611286358,7.157649373800786,NaN,NaN,NaN,NaN,NaN,NaN,NaN,NaN,NaN,NaN,1,0,0,0,0,NaN,NaN,0.12909782104195416,NaN,NaN,NaN,9.558928611286358,7.157649373800786,NaN,NaN,NaN,NaN,NaN,NaN,NaN,NaN,NaN,NaN,1
2023-01-18,7.5375313542755595,8.17091356,7.34632595,7.7747366950000005,6.7568665035219375,7.8643996375299094,7.774736695,0,0,5009,5583,0,0,0,0,NaN,NaN,0.32357466955198644,NaN,NaN,NaN,9.558928611286358,7.157649373800786,NaN,NaN,NaN,NaN,NaN,NaN,NaN,NaN,NaN,NaN,1,0,0,0,0,NaN,NaN,0.32357466955198644,NaN,NaN,NaN,9.558928611286358,7.157649373800786,NaN,NaN,NaN,NaN,NaN,NaN,NaN,NaN,NaN,NaN,1
2023-01-19,7.65613402463778,8.20689556,5.99700078,7.277735255,6.851569912881585,7.855442929399682,7.2777352550000005,0,0,5009,5584,0,0,0,0,NaN,NaN,1.740749038566711,NaN,NaN,NaN,9.558928611286358,7.157649373800786,NaN,NaN,NaN,NaN,NaN,NaN,NaN,NaN,NaN,NaN,1,0,0,0,0,NaN,NaN,1.740749038566711,NaN,NaN,NaN,9.558928611286358,7.157649373800786,NaN,NaN,NaN,NaN,NaN,NaN,NaN,NaN,NaN,NaN,1
2023-01-20,7.46693463981889,7.91304253,7.34632595,7.5787097349999994,6.983777153266751,7.8512179951340375,7.578709734999999,0,0,5009,5585,0,0,0,0,NaN,NaN,3.9337106968072217,NaN,NaN,NaN,9.558928611286358,7.157649373800786,NaN,NaN,NaN,NaN,NaN,NaN,NaN,NaN,NaN,NaN,1,0,0,0,0,NaN,NaN,3.9337106968072217,NaN,NaN,NaN,9.558928611286358,7.157649373800786,NaN,NaN,NaN,NaN,NaN,NaN,NaN,NaN,NaN,NaN,1
2023-01-23,7.522822187409444,7.706146,7.19790018,7.4647667175,7.07122980130916,7.845317975628174,7.4647667175,0,0,5009,5586,0,0,0,0,NaN,NaN,6.020791851269122,NaN,NaN,NaN,9.558928611286358,7.157649373800786,NaN,NaN,NaN,NaN,NaN,NaN,NaN,NaN,NaN,NaN,1,0,0,0,0,NaN,NaN,6.020791851269122,NaN,NaN,NaN,9.558928611286358,7.157649373800786,NaN,NaN,NaN,NaN,NaN,NaN,NaN,NaN,NaN,NaN,1
2023-01-24,7.493794452454722,7.92353728,7.34632595,7.580583795,7.163839618343858,7.841276232412477,7.580583795,0,0,5009,5587,0,0,0,0,NaN,NaN,8.497079262862488,NaN,NaN,NaN,9.558928611286358,7.157649373800786,NaN,NaN,NaN,NaN,NaN,NaN,NaN,NaN,NaN,NaN,1,0,0,0,0,NaN,NaN,8.497079262862488,NaN,NaN,NaN,9.558928611286358,7.157649373800786,NaN,NaN,NaN,NaN,NaN,NaN,NaN,NaN,NaN,NaN,1
2023-01-25,7.5371891237273605,7.79610101,7.04647591,7.496250969999999,7.224278045917702,7.836008671154271,7.496250969999999,0,0,5009,5588,0,0,0,0,NaN,NaN,10.718314892228097,NaN,NaN,NaN,9.558928611286358,7.157649373800786,NaN,NaN,NaN,NaN,NaN,NaN,NaN,NaN,NaN,NaN,1,0,0,0,0,NaN,NaN,10.718314892228097,NaN,NaN,NaN,9.558928611286358,7.157649373800786,NaN,NaN,NaN,NaN,NaN,NaN,NaN,NaN,NaN,NaN,1
2023-01-26,7.51672004686368,7.89055377,7.19640093,7.447900152500001,7.264936610750847,7.8300833502587865,7.447900152500001,0,0,5009,5589,0,0,0,0,NaN,NaN,12.873992489258212,NaN,NaN,NaN,9.558928611286358,7.157649373800786,NaN,NaN,NaN,NaN,NaN,NaN,NaN,NaN,NaN,NaN,1,0,0,0,0,NaN,NaN,12.873992489258212,NaN,NaN,NaN,9.558928611286358,7.157649373800786,NaN,NaN,NaN,NaN,NaN,NaN,NaN,NaN,NaN,NaN,1
2023-01-27,7.482310099681841,7.6911535,7.19640093,7.443777215000001,7.297453084250693,7.824185546667049,7.443777215000002,0,0,5009,5590,0,0,0,0,NaN,NaN,14.966464358649542,NaN,NaN,NaN,9.558928611286358,7.157649373800786,NaN,NaN,NaN,NaN,NaN,NaN,NaN,NaN,NaN,NaN,1,0,0,0,0,NaN,NaN,14.966464358649542,NaN,NaN,NaN,9.558928611286358,7.157649373800786,NaN,NaN,NaN,NaN,NaN,NaN,NaN,NaN,NaN,NaN,1
2023-01-30,7.46304365734092,7.80509651,6.98800516,7.3568207050000005,7.308247197114203,7.817050205572896,7.3568207050000005,0,0,5009,5591,0,0,0,0,NaN,NaN,17.152018657744797,NaN,NaN,NaN,9.558928611286358,7.157649373800786,NaN,NaN,NaN,NaN,NaN,NaN,NaN,NaN,NaN,NaN,1,0,0,0,0,NaN,NaN,17.152018657744797,NaN,NaN,NaN,9.558928611286358,7.157649373800786,NaN,NaN,NaN,NaN,NaN,NaN,NaN,NaN,NaN,NaN,1
2023-01-31,7.40993218117046,8.01948929,7.21140843,7.5015020974999995,7.343384451729802,7.812232677205371,7.501502097499999,0,0,5009,5592,0,0,0,0,NaN,NaN,19.92280428876131,NaN,NaN,NaN,9.558928611286358,7.157649373800786,NaN,NaN,NaN,NaN,NaN,NaN,NaN,NaN,NaN,NaN,1,0,0,0,0,NaN,NaN,19.92280428876131,NaN,NaN,NaN,9.558928611286358,7.157649373800786,NaN,NaN,NaN,NaN,NaN,NaN,NaN,NaN,NaN,NaN,1
2023-02-01,7.4557171393352295,7.72263775,7.19490168,7.499999095,7.371859841415293,7.8074657522862045,7.499999095,0,0,5009,5593,0,0,0,0,NaN,NaN,22.800197927473853,NaN,NaN,NaN,9.558928611286358,7.157649373800786,NaN,NaN,NaN,NaN,NaN,NaN,NaN,NaN,NaN,NaN,1,0,0,0,0,NaN,NaN,22.800197927473853,NaN,NaN,NaN,9.558928611286358,7.157649373800786,NaN,NaN,NaN,NaN,NaN,NaN,NaN,NaN,NaN,NaN,1
2023-02-02,7.477858117167615,9.59520125,6.59670086,7.5712134849999995,7.408105958430694,7.80385884744214,7.571213484999999,0,0,5009,5594,0,0,0,0,NaN,NaN,25.46359672024853,NaN,NaN,NaN,9.558928611286358,7.157649373800786,NaN,NaN,NaN,NaN,NaN,NaN,NaN,NaN,NaN,NaN,1,0,0,0,0,NaN,NaN,25.46359672024853,NaN,NaN,NaN,9.558928611286358,7.157649373800786,NaN,NaN,NaN,NaN,NaN,NaN,NaN,NaN,NaN,NaN,1
2023-02-03,7.5245358010838075,8.32383708,7.27136344,7.814092012500001,7.481921604625113,7.804015078969742,7.814092012500001,0,0,5009,5595,0,0,0,0,NaN,NaN,28.327118220963598,NaN,NaN,NaN,9.558928611286358,7.157649373800786,NaN,NaN,NaN,NaN,NaN,NaN,NaN,NaN,NaN,NaN,1,0,0,0,0,NaN,NaN,28.327118220963598,NaN,NaN,NaN,9.558928611286358,7.157649373800786,NaN,NaN,NaN,NaN,NaN,NaN,NaN,NaN,NaN,NaN,1
2023-02-06,7.6693139067919045,8.54572611,7.6693139067919045,8.206895565,7.613735051966001,7.810165926084707,8.206895565,0,0,5009,5596,0,0,0,0,NaN,NaN,31.598053636778932,NaN,NaN,NaN,9.558928611286358,7.566944706824573,NaN,NaN,NaN,NaN,NaN,NaN,NaN,NaN,NaN,NaN,1,0,0,0,0,NaN,NaN,31.598053636778932,NaN,NaN,NaN,9.558928611286358,7.566944706824573,NaN,NaN,NaN,NaN,NaN,NaN,NaN,NaN,NaN,NaN,1
2023-02-07,7.938104735895952,8.78410689,7.938104735895952,8.436655657500001,7.76335698024491,7.8197306548086045,8.436655657500001,0,0,5009,5597,0,0,0,0,NaN,NaN,34.78048324726954,NaN,NaN,NaN,9.558928611286358,7.908274024402202,NaN,NaN,NaN,NaN,NaN,NaN,NaN,NaN,NaN,NaN,1,0,0,0,0,NaN,NaN,34.78048324726954,NaN,NaN,NaN,9.558928611286358,7.908274024402202,NaN,NaN,NaN,NaN,NaN,NaN,NaN,NaN,NaN,NaN,1
2023-02-08,8.187380196697976,8.99550117,8.187380196697976,8.661918,7.926731711109472,7.832588476872595,8.661918,0,0,5009,5598,0,0,0,0,NaN,NaN,38.035438930060884,NaN,NaN,NaN,9.558928611286358,8.232439421086976,NaN,NaN,NaN,NaN,NaN,NaN,NaN,NaN,NaN,NaN,1,0,0,0,0,NaN,NaN,38.035438930060884,NaN,NaN,NaN,9.558928611286358,8.232439421086976,NaN,NaN,NaN,NaN,NaN,NaN,NaN,NaN,NaN,NaN,1
2023-02-09,8.424649098348988,9.03148317,8.36431684,8.6592943125,8.059924911362295,7.845209940011944,8.6592943125,0,0,5009,5599,0,0,0,0,NaN,NaN,41.14208033215729,NaN,NaN,NaN,9.558928611286358,8.232439421086976,NaN,NaN,NaN,NaN,NaN,NaN,NaN,NaN,NaN,NaN,1,0,0,0,0,NaN,NaN,41.14208033215729,NaN,NaN,NaN,9.558928611286358,8.232439421086976,NaN,NaN,NaN,NaN,NaN,NaN,NaN,NaN,NaN,NaN,1
2023-02-10,8.541971705424494,8.78260764,7.64617599,8.1270604925,8.072131380660059,7.849513001881991,8.1270604925,0,0,5009,5600,0,0,0,0,NaN,NaN,43.96914847805831,NaN,NaN,NaN,9.558928611286358,8.232439421086976,NaN,NaN,NaN,NaN,NaN,NaN,NaN,NaN,NaN,NaN,1,0,0,0,0,NaN,NaN,43.96914847805831,NaN,NaN,NaN,9.558928611286358,8.232439421086976,NaN,NaN,NaN,NaN,NaN,NaN,NaN,NaN,NaN,NaN,1
2023-02-13,8.334516098962247,8.334516098962247,7.51574123,7.8496992075,8.03168916735823,7.849515844715854,7.8496992075,0,0,5009,5601,0,0,0,0,NaN,NaN,46.71296222908627,NaN,NaN,NaN,9.558928611286358,8.232439421086976,NaN,NaN,NaN,NaN,NaN,NaN,NaN,NaN,NaN,NaN,1,0,0,0,0,NaN,NaN,46.71296222908627,NaN,NaN,NaN,9.558928611286358,8.232439421086976,NaN,NaN,NaN,NaN,NaN,NaN,NaN,NaN,NaN,NaN,1
2023-02-14,8.092107653231123,8.39580109,7.22488669,7.8257112025,7.994238628293098,7.8491524150637035,7.8257112025,0,0,5009,5602,0,0,0,0,NaN,NaN,49.11078933094996,NaN,NaN,NaN,9.558928611286358,8.232439421086976,NaN,NaN,NaN,NaN,NaN,NaN,NaN,NaN,NaN,NaN,1,0,0,0,0,NaN,NaN,49.11078933094996,NaN,NaN,NaN,9.558928611286358,8.232439421086976,NaN,NaN,NaN,NaN,NaN,NaN,NaN,NaN,NaN,NaN,1
2023-02-15,7.958909427865562,7.958909427865562,7.10944442,7.474886655,7.899810996785262,7.843438433994029,7.474886655000001,0,0,5009,5603,0,0,0,0,NaN,NaN,51.197083919485955,NaN,NaN,NaN,9.558928611286358,7.854736685399999,NaN,NaN,NaN,NaN,NaN,NaN,NaN,NaN,NaN,NaN,1,0,0,0,0,NaN,NaN,51.197083919485955,NaN,NaN,NaN,9.558928611286358,7.854736685399999,NaN,NaN,NaN,NaN,NaN,NaN,NaN,NaN,NaN,NaN,1
2023-02-16,7.716898041432781,8.24437682,7.49775022,7.758619755,7.874139861915214,7.842143492329998,7.758619755,0,0,5009,5604,0,0,0,0,NaN,NaN,53.48658354863982,NaN,NaN,NaN,9.558928611286358,7.854736685399999,NaN,NaN,NaN,NaN,NaN,NaN,NaN,NaN,NaN,NaN,1,0,0,0,0,NaN,NaN,53.48658354863982,NaN,NaN,NaN,9.558928611286358,7.854736685399999,NaN,NaN,NaN,NaN,NaN,NaN,NaN,NaN,NaN,NaN,1
2023-02-17,7.7377588982163905,7.94602603,7.19640093,7.435156525,7.794324709748811,7.835929950844044,7.435156525,0,0,5009,5605,0,0,0,0,NaN,NaN,54.83940580990524,NaN,NaN,NaN,9.558928611286358,7.822880167537999,NaN,NaN,NaN,NaN,NaN,NaN,NaN,NaN,NaN,NaN,1,0,0,0,0,NaN,NaN,54.83940580990524,NaN,NaN,NaN,9.558928611286358,7.822880167537999,NaN,NaN,NaN,NaN,NaN,NaN,NaN,NaN,NaN,NaN,1
2023-02-21,7.586457711608196,7.83358227,7.09145342,7.559969107500001,7.751714600249027,7.831716808197569,7.559969107500001,0,0,5009,5606,0,0,0,0,NaN,NaN,56.41497000556382,NaN,NaN,NaN,9.558928611286358,7.822880167537999,NaN,NaN,NaN,NaN,NaN,NaN,NaN,NaN,NaN,NaN,1,0,0,0,0,NaN,NaN,56.41497000556382,NaN,NaN,NaN,9.558928611286358,7.822880167537999,NaN,NaN,NaN,NaN,NaN,NaN,NaN,NaN,NaN,NaN,1
2023-02-22,7.573213409554098,7.89655077,7.18440693,7.54347735,7.713853282021931,7.827316205782339,7.54347735,0,0,5009,5607,0,0,0,0,NaN,NaN,58.10866982880298,NaN,NaN,NaN,9.558928611286358,7.822880167537999,NaN,NaN,NaN,NaN,NaN,NaN,NaN,NaN,NaN,NaN,1,0,0,0,0,NaN,NaN,58.10866982880298,NaN,NaN,NaN,9.558928611286358,7.822880167537999,NaN,NaN,NaN,NaN,NaN,NaN,NaN,NaN,NaN,NaN,1
2023-02-23,7.558345379777049,7.558345379777049,6.76161838,7.0689646675,7.596600806654307,7.815738319701693,7.0689646675,0,0,5009,5608,0,0,0,0,NaN,NaN,58.59551504438604,NaN,NaN,NaN,9.558928611286358,7.60553506451072,NaN,NaN,NaN,NaN,NaN,NaN,NaN,NaN,NaN,NaN,1,0,0,0,0,NaN,NaN,58.59551504438604,NaN,NaN,NaN,9.558928611286358,7.60553506451072,NaN,NaN,NaN,NaN,NaN,NaN,NaN,NaN,NaN,NaN,1
2023-02-24,7.313655023638525,7.313655023638525,5.99700078,6.771363505,7.4465576608989785,7.799793666042126,6.771363505,0,0,5009,5609,0,0,0,0,NaN,NaN,58.15049113792041,NaN,NaN,NaN,9.558928611286358,7.395051095217255,NaN,NaN,NaN,NaN,NaN,NaN,NaN,NaN,NaN,NaN,1,0,0,0,0,NaN,NaN,58.15049113792041,NaN,NaN,NaN,9.558928611286358,7.395051095217255,NaN,NaN,NaN,NaN,NaN,NaN,NaN,NaN,NaN,NaN,1
2023-02-27,7.042509264319262,7.042509264319262,5.93553152,6.273612439999999,7.2332948934628005,7.776493189308658,6.273612439999999,0,0,5009,5610,0,0,0,0,NaN,NaN,56.643598129383655,NaN,NaN,NaN,9.558928611286358,7.041467987991184,NaN,NaN,NaN,NaN,NaN,NaN,NaN,NaN,NaN,NaN,1,0,0,0,0,NaN,NaN,56.643598129383655,NaN,NaN,NaN,9.558928611286358,7.041467987991184,NaN,NaN,NaN,NaN,NaN,NaN,NaN,NaN,NaN,NaN,1
2023-02-28,6.658060852159631,6.658060852159631,5.56371747,5.904047265000001,6.991613506469564,7.74790622863219,5.904047265000001,0,0,5009,5611,0,0,0,0,NaN,NaN,54.083563063934115,NaN,NaN,NaN,9.558928611286358,6.713789680167507,NaN,NaN,NaN,NaN,NaN,NaN,NaN,NaN,NaN,NaN,1,0,0,0,0,NaN,NaN,54.083563063934115,NaN,NaN,NaN,9.558928611286358,6.713789680167507,NaN,NaN,NaN,NaN,NaN,NaN,NaN,NaN,NaN,NaN,1
2023-03-01,6.281054058579816,6.281054058579816,5.25187343,5.53110878,6.726067192566007,7.71406199277521,5.531108779999999,0,0,5009,5612,0,0,0,0,NaN,NaN,50.26403246872341,NaN,NaN,NaN,9.558928611286358,6.348002339287356,NaN,NaN,NaN,NaN,NaN,NaN,NaN,NaN,NaN,NaN,1,0,0,0,0,NaN,NaN,50.26403246872341,NaN,NaN,NaN,9.558928611286358,6.348002339287356,NaN,NaN,NaN,NaN,NaN,NaN,NaN,NaN,NaN,NaN,1
2023-03-02,5.906081419289908,5.906081419289908,5.09894991,5.371063820000001,6.479702943008552,7.678291028305359,5.371063820000001,0,0,5009,5613,0,0,0,0,NaN,NaN,46.670296619179446,NaN,NaN,NaN,9.558928611286358,6.079627491037011,NaN,NaN,NaN,NaN,NaN,NaN,NaN,NaN,NaN,NaN,1,0,0,0,0,NaN,NaN,46.670296619179446,NaN,NaN,NaN,9.558928611286358,6.079627491037011,NaN,NaN,NaN,NaN,NaN,NaN,NaN,NaN,NaN,NaN,1
2023-03-03,5.638572619644954,6.29685082,5.638572619644954,6.0232376575,6.39670925473427,7.6530230379113835,6.0232376575,0,0,5009,5614,0,0,0,0,NaN,NaN,45.634243471978124,NaN,NaN,NaN,9.558928611286358,6.079627491037011,NaN,NaN,NaN,NaN,NaN,NaN,NaN,NaN,NaN,NaN,1,0,0,0,0,NaN,NaN,45.634243471978124,NaN,NaN,NaN,9.558928611286358,6.079627491037011,NaN,NaN,NaN,NaN,NaN,NaN,NaN,NaN,NaN,NaN,1
2023-03-06,5.8309051385724775,7.7211385,5.8309051385724775,6.8290846375,6.475322960691675,7.640443825691363,6.8290846375,0,0,5009,5615,0,0,0,0,NaN,NaN,46.16076497790934,NaN,NaN,NaN,9.558928611286358,6.275036726850001,NaN,NaN,NaN,NaN,NaN,NaN,NaN,NaN,NaN,NaN,1,0,0,0,0,NaN,NaN,46.16076497790934,NaN,NaN,NaN,9.558928611286358,6.275036726850001,NaN,NaN,NaN,NaN,NaN,NaN,NaN,NaN,NaN,NaN,1
2023-03-07,6.329994888036239,7.49625097,6.329994888036239,7.182532867500001,6.603906580111371,7.633452818696075,7.182532867500001,0,0,5009,5616,0,0,0,0,NaN,NaN,46.685767460608815,NaN,NaN,NaN,9.558928611286358,6.4736840026195015,NaN,NaN,NaN,NaN,NaN,NaN,NaN,NaN,NaN,NaN,1,0,0,0,0,NaN,NaN,46.685767460608815,NaN,NaN,NaN,9.558928611286358,6.4736840026195015,NaN,NaN,NaN,NaN,NaN,NaN,NaN,NaN,NaN,NaN,1
2023-03-08,6.75626387776812,7.04647591,6.59670086,6.826460950000001,6.644371011000213,7.621132332151096,6.826460950000001,0,0,5009,5617,0,0,0,0,NaN,NaN,45.89744260957642,NaN,NaN,NaN,9.558928611286358,6.4736840026195015,NaN,NaN,NaN,NaN,NaN,NaN,NaN,NaN,NaN,NaN,1,0,0,0,0,NaN,NaN,45.89744260957642,NaN,NaN,NaN,9.558928611286358,6.4736840026195015,NaN,NaN,NaN,NaN,NaN,NaN,NaN,NaN,NaN,NaN,1
2023-03-09,6.791362413884061,7.49625097,6.01199328,6.696775805,6.653899155363811,7.607020018759476,6.696775805,0,0,5009,5618,0,0,0,0,NaN,NaN,44.33880498674412,NaN,NaN,NaN,9.558928611286358,6.4736840026195015,NaN,NaN,NaN,NaN,NaN,NaN,NaN,NaN,NaN,NaN,1,0,0,0,0,NaN,NaN,44.33880498674412,NaN,NaN,NaN,9.558928611286358,6.4736840026195015,NaN,NaN,NaN,NaN,NaN,NaN,NaN,NaN,NaN,NaN,1
2023-03-10,6.74406910944203,6.74406910944203,5.09745066,5.870314135,6.5114291516613,7.580505425114294,5.870314135,0,0,5009,5619,0,0,0,0,NaN,NaN,40.3908892810818,NaN,NaN,NaN,9.558928611286358,6.4736840026195015,NaN,NaN,NaN,NaN,NaN,NaN,NaN,NaN,NaN,NaN,1,0,0,0,0,NaN,NaN,40.3908892810818,NaN,NaN,NaN,9.558928611286358,6.4736840026195015,NaN,NaN,NaN,NaN,NaN,NaN,NaN,NaN,NaN,NaN,1
2023-03-13,6.307191622221016,6.307191622221016,5.54722572,5.8062211925,6.383209522722882,7.553417116219419,5.8062211925,0,0,5009,5620,0,0,0,0,NaN,NaN,36.36582423323657,NaN,NaN,NaN,9.558928611286358,6.4736840026195015,NaN,NaN,NaN,NaN,NaN,NaN,NaN,NaN,NaN,NaN,1,0,0,0,0,NaN,NaN,36.36582423323657,NaN,NaN,NaN,9.558928611286358,6.4736840026195015,NaN,NaN,NaN,NaN,NaN,NaN,NaN,NaN,NaN,NaN,1
2023-03-14,6.056706407360508,6.1469258,5.64767548,5.898425077500001,6.295066896318722,7.528150062193168,5.898425077500001,0,0,5009,5621,0,0,0,0,NaN,NaN,32.59842396875218,NaN,NaN,NaN,9.558928611286358,6.4736840026195015,NaN,NaN,NaN,NaN,NaN,NaN,NaN,NaN,NaN,NaN,1,0,0,0,0,NaN,NaN,32.59842396875218,NaN,NaN,NaN,9.558928611286358,6.4736840026195015,NaN,NaN,NaN,NaN,NaN,NaN,NaN,NaN,NaN,NaN,1
2023-03-15,5.977565742430254,6.07196329,5.51724072,5.858320137500001,6.215658394715318,7.502656475556631,5.858320137500001,0,0,5009,5622,0,0,0,0,NaN,NaN,28.588840631262556,NaN,NaN,NaN,9.558928611286358,6.4736840026195015,NaN,NaN,NaN,NaN,NaN,NaN,NaN,NaN,NaN,NaN,1,0,0,0,0,NaN,NaN,28.588840631262556,NaN,NaN,NaN,9.558928611286358,6.4736840026195015,NaN,NaN,NaN,NaN,NaN,NaN,NaN,NaN,NaN,NaN,1
2023-03-16,5.917942939965128,6.59520161,5.54722572,6.071213665,6.18939571658526,7.480802386845843,6.071213665,0,0,5009,5623,0,0,0,0,NaN,NaN,26.08234529044549,NaN,NaN,NaN,9.558928611286358,6.4736840026195015,NaN,NaN,NaN,NaN,NaN,NaN,NaN,NaN,NaN,NaN,1,0,0,0,0,NaN,NaN,26.08234529044549,NaN,NaN,NaN,9.558928611286358,6.4736840026195015,NaN,NaN,NaN,NaN,NaN,NaN,NaN,NaN,NaN,NaN,1
2023-03-17,5.994578302482564,6.59670086,5.86508175,6.2140209925,6.193873039478849,7.461462212886365,6.2140209925,0,0,5009,5624,0,0,0,0,NaN,NaN,24.100834124354378,NaN,NaN,NaN,9.558928611286358,6.4736840026195015,NaN,NaN,NaN,NaN,NaN,NaN,NaN,NaN,NaN,NaN,1,0,0,0,0,NaN,NaN,24.100834124354378,NaN,NaN,NaN,9.558928611286358,6.4736840026195015,NaN,NaN,NaN,NaN,NaN,NaN,NaN,NaN,NaN,NaN,1
2023-03-20,6.104299647491282,6.104299647491282,5.84707576,5.931783395,6.146220376846331,7.43810833780413,5.931783395,0,0,5009,5625,0,0,0,0,NaN,NaN,21.55245479651633,NaN,NaN,NaN,9.558928611286358,6.4736840026195015,NaN,NaN,NaN,NaN,NaN,NaN,NaN,NaN,NaN,NaN,1,0,0,0,0,NaN,NaN,21.55245479651633,NaN,NaN,NaN,9.558928611286358,6.4736840026195015,NaN,NaN,NaN,NaN,NaN,NaN,NaN,NaN,NaN,NaN,1
2023-03-21,6.018041521245641,7.3448267,6.018041521245641,6.705771307500001,6.247956909692452,7.42692761978422,6.705771307500001,0,0,5009,5626,0,0,0,0,NaN,NaN,20.455091154480964,NaN,NaN,NaN,9.558928611286358,6.4736840026195015,NaN,NaN,NaN,NaN,NaN,NaN,NaN,NaN,NaN,NaN,1,0,0,0,0,NaN,NaN,20.455091154480964,NaN,NaN,NaN,9.558928611286358,6.4736840026195015,NaN,NaN,NaN,NaN,NaN,NaN,NaN,NaN,NaN,NaN,1
2023-03-22,6.361906414372821,7.75110851,6.361906414372821,7.301723257499999,6.439550791112007,7.425016102802781,7.3017232575,0,0,5009,5627,0,0,0,0,NaN,NaN,20.056931282053565,NaN,NaN,NaN,9.558928611286358,6.57938584121233,NaN,NaN,NaN,NaN,NaN,NaN,NaN,NaN,NaN,NaN,1,0,0,0,0,NaN,NaN,20.056931282053565,NaN,NaN,NaN,9.558928611286358,6.57938584121233,NaN,NaN,NaN,NaN,NaN,NaN,NaN,NaN,NaN,NaN,1
2023-03-23,6.8318148359364095,7.49625097,5.89205326,6.791228565000001,6.503492204546188,7.415339957187471,6.791228565000001,0,0,5009,5628,0,0,0,0,NaN,NaN,18.476335741174747,NaN,NaN,NaN,9.558928611286358,6.57938584121233,NaN,NaN,NaN,NaN,NaN,NaN,NaN,NaN,NaN,NaN,1,0,0,0,0,NaN,NaN,18.476335741174747,NaN,NaN,NaN,9.558928611286358,6.57938584121233,NaN,NaN,NaN,NaN,NaN,NaN,NaN,NaN,NaN,NaN,1
2023-03-24,6.811521700468205,6.811521700468205,5.63718073,6.1420532350000006,6.437776028265063,7.395900465245678,6.1420532350000006,0,0,5009,5629,0,0,0,0,NaN,NaN,15.831214171548433,NaN,NaN,NaN,9.558928611286358,6.57938584121233,NaN,NaN,NaN,NaN,NaN,NaN,NaN,NaN,NaN,NaN,1,0,0,0,0,NaN,NaN,15.831214171548433,NaN,NaN,NaN,9.558928611286358,6.57938584121233,NaN,NaN,NaN,NaN,NaN,NaN,NaN,NaN,NaN,NaN,1
2023-03-27,6.476787467734103,6.476787467734103,5.32983444,5.6611687349999995,6.296574702216869,7.369416011348797,5.6611687349999995,0,0,5009,5630,0,0,0,0,NaN,NaN,12.615218135814452,NaN,NaN,NaN,9.558928611286358,6.4076210427374996,NaN,NaN,NaN,NaN,NaN,NaN,NaN,NaN,NaN,NaN,1,0,0,0,0,NaN,NaN,12.615218135814452,NaN,NaN,NaN,9.558928611286358,6.4076210427374996,NaN,NaN,NaN,NaN,NaN,NaN,NaN,NaN,NaN,NaN,1
2023-03-28,6.068978101367051,6.068978101367051,5.39731569,5.534860655,6.158081239086529,7.341407532625914,5.534860655,0,0,5009,5631,0,0,0,0,NaN,NaN,9.471327383801095,NaN,NaN,NaN,9.558928611286358,6.320178812305375,NaN,NaN,NaN,NaN,NaN,NaN,NaN,NaN,NaN,NaN,1,0,0,0,0,NaN,NaN,9.471327383801095,NaN,NaN,NaN,9.558928611286358,6.320178812305375,NaN,NaN,NaN,NaN,NaN,NaN,NaN,NaN,NaN,NaN,1
2023-03-29,5.801919378183525,5.801919378183525,5.17241317,5.46214327,6.031547062888978,7.312716475181244,5.46214327,0,0,5009,5632,0,0,0,0,NaN,NaN,6.6402828926245565,NaN,NaN,NaN,9.558928611286358,6.234519508817052,NaN,NaN,NaN,NaN,NaN,NaN,NaN,NaN,NaN,NaN,1,0,0,0,0,NaN,NaN,6.6402828926245565,NaN,NaN,NaN,9.558928611286358,6.234519508817052,NaN,NaN,NaN,NaN,NaN,NaN,NaN,NaN,NaN,NaN,1
2023-03-30,5.632031324091763,6.1469258,5.3973007,5.862068262499999,6.000732735545528,7.290569174224278,5.862068262499999,0,0,5009,5633,0,0,0,0,NaN,NaN,4.800935434304788,NaN,NaN,NaN,9.558928611286358,6.234519508817052,NaN,NaN,NaN,NaN,NaN,NaN,NaN,NaN,NaN,NaN,1,0,0,0,0,NaN,NaN,4.800935434304788,NaN,NaN,NaN,9.558928611286358,6.234519508817052,NaN,NaN,NaN,NaN,NaN,NaN,NaN,NaN,NaN,NaN,1
2023-03-31,5.747049793295881,5.92280289,5.3973007,5.6411200125,5.935348604082704,7.26538674427429,5.6411200125,0,0,5009,5634,0,0,0,0,NaN,NaN,2.9425710734708717,NaN,NaN,NaN,9.558928611286358,6.234519508817052,NaN,NaN,NaN,NaN,NaN,NaN,NaN,NaN,NaN,NaN,1,0,0,0,0,NaN,NaN,2.9425710734708717,NaN,NaN,NaN,9.558928611286358,6.234519508817052,NaN,NaN,NaN,NaN,NaN,NaN,NaN,NaN,NaN,NaN,1
2023-04-03,5.694084902897941,5.72563649,5.3973007,5.59894985,5.874185194249486,7.239944959628881,5.59894985,0,0,5009,5635,0,0,0,0,NaN,NaN,1.410277521770456,NaN,NaN,NaN,9.558928611286358,6.234519508817052,NaN,NaN,NaN,NaN,NaN,NaN,NaN,NaN,NaN,NaN,1,0,0,0,0,NaN,NaN,1.410277521770456,NaN,NaN,NaN,9.558928611286358,6.234519508817052,NaN,NaN,NaN,NaN,NaN,NaN,NaN,NaN,NaN,NaN,1
2023-04-04,5.646517376448971,6.34632607,5.646517376448971,5.9497743975,5.887928685749579,7.220247699138364,5.9497743975,0,0,5009,5636,0,0,0,0,NaN,NaN,0.5674071071684544,NaN,NaN,NaN,9.558928611286358,6.234519508817052,NaN,NaN,NaN,NaN,NaN,NaN,NaN,NaN,NaN,NaN,1,0,0,0,0,NaN,NaN,0.5674071071684544,NaN,NaN,NaN,9.558928611286358,6.234519508817052,NaN,NaN,NaN,NaN,NaN,NaN,NaN,NaN,NaN,NaN,1
2023-04-05,5.798145886974485,6.35832008,5.49175346,5.935156707499999,5.89651559879511,7.200627989342358,5.935156707499999,0,0,5009,5637,0,0,0,0,NaN,NaN,0.09671464913535209,NaN,NaN,NaN,9.558928611286358,6.234519508817052,NaN,NaN,NaN,NaN,NaN,NaN,NaN,NaN,NaN,NaN,1,0,0,0,0,NaN,NaN,0.09671464913535209,NaN,NaN,NaN,9.558928611286358,6.234519508817052,NaN,NaN,NaN,NaN,NaN,NaN,NaN,NaN,NaN,NaN,1
2023-04-06,5.866651297237242,6.34722562,5.84707576,6.029084732499999,5.920619077650545,7.182741832749345,6.029084732499999,0,0,5009,5638,0,0,0,0,NaN,NaN,0.03868654639751397,NaN,NaN,NaN,9.558928611286358,6.234519508817052,NaN,NaN,NaN,NaN,NaN,NaN,NaN,NaN,NaN,NaN,1,0,0,0,0,NaN,NaN,0.03868654639751397,NaN,NaN,NaN,9.558928611286358,6.234519508817052,NaN,NaN,NaN,NaN,NaN,NaN,NaN,NaN,NaN,NaN,1
2023-04-10,5.947868014868621,6.38980433,5.94452702,6.0712136625,5.9479999112595365,7.165771937020348,6.0712136625,0,0,5009,5639,0,0,0,0,NaN,NaN,0.5937688408758318,NaN,NaN,NaN,9.558928611286358,6.234519508817052,NaN,NaN,NaN,NaN,NaN,NaN,NaN,NaN,NaN,NaN,1,0,0,0,0,NaN,NaN,0.5937688408758318,NaN,NaN,NaN,9.558928611286358,6.234519508817052,NaN,NaN,NaN,NaN,NaN,NaN,NaN,NaN,NaN,NaN,1
2023-04-11,6.009540838684311,6.23838006,5.84707576,6.0217384075,5.961406910575985,7.148305776264312,6.0217384075,0,0,5009,5640,0,0,0,0,NaN,NaN,1.9458656871726523,NaN,NaN,NaN,9.558928611286358,6.234519508817052,NaN,NaN,NaN,NaN,NaN,NaN,NaN,NaN,NaN,NaN,1,0,0,0,0,NaN,NaN,1.9458656871726523,NaN,NaN,NaN,9.558928611286358,6.234519508817052,NaN,NaN,NaN,NaN,NaN,NaN,NaN,NaN,NaN,NaN,1
2023-04-12,6.015639623092156,6.015639623092156,5.3973007,5.744744435,5.922013733198533,7.12687735884043,5.744744435,0,0,5009,5641,0,0,0,0,NaN,NaN,4.4370668576399375,NaN,NaN,NaN,9.558928611286358,6.234519508817052,NaN,NaN,NaN,NaN,NaN,NaN,NaN,NaN,NaN,NaN,1,0,0,0,0,NaN,NaN,4.4370668576399375,NaN,NaN,NaN,9.558928611286358,6.234519508817052,NaN,NaN,NaN,NaN,NaN,NaN,NaN,NaN,NaN,NaN,1
2023-04-13,5.8801920290460785,5.99700078,5.4152917,5.6772856725,5.877517722162436,7.104746188056606,5.6772856725,0,0,5009,5642,0,0,0,0,NaN,NaN,8.524908253238998,NaN,NaN,NaN,9.558928611286358,6.234519508817052,NaN,NaN,NaN,NaN,NaN,NaN,NaN,NaN,NaN,NaN,1,0,0,0,0,NaN,NaN,8.524908253238998,NaN,NaN,NaN,9.558928611286358,6.234519508817052,NaN,NaN,NaN,NaN,NaN,NaN,NaN,NaN,NaN,NaN,1
2023-04-14,5.778738850773039,5.778738850773039,5.25188842,5.4486537675,5.799542457678356,7.07946233430765,5.4486537675,0,0,5009,5643,0,0,0,0,NaN,NaN,14.02581610821236,NaN,NaN,NaN,9.558928611286358,6.157653868461018,NaN,NaN,NaN,NaN,NaN,NaN,NaN,NaN,NaN,NaN,1,0,0,0,0,NaN,NaN,14.02581610821236,NaN,NaN,NaN,9.558928611286358,6.157653868461018,NaN,NaN,NaN,NaN,NaN,NaN,NaN,NaN,NaN,NaN,1
2023-04-17,5.61369630913652,5.85007426,5.25337268,5.5925780375,5.7619125631004735,7.056761810692266,5.5925780375,0,0,5009,5644,0,0,0,0,NaN,NaN,20.37625616312524,NaN,NaN,NaN,9.558928611286358,6.157653868461018,NaN,NaN,NaN,NaN,NaN,NaN,NaN,NaN,NaN,NaN,1,0,0,0,0,NaN,NaN,20.37625616312524,NaN,NaN,NaN,9.558928611286358,6.157653868461018,NaN,NaN,NaN,NaN,NaN,NaN,NaN,NaN,NaN,NaN,1
2023-04-18,5.60313717331826,5.84407726,5.3973007,5.5839573499999995,5.729557069809478,7.034276246406888,5.5839573499999995,0,0,5009,5645,0,0,0,0,NaN,NaN,27.677089484826915,NaN,NaN,NaN,9.558928611286358,6.157653868461018,NaN,NaN,NaN,NaN,NaN,NaN,NaN,NaN,NaN,NaN,1,0,0,0,0,NaN,NaN,27.677089484826915,NaN,NaN,NaN,9.558928611286358,6.157653868461018,NaN,NaN,NaN,NaN,NaN,NaN,NaN,NaN,NaN,NaN,1
2023-04-19,5.593547261659129,5.77211325,5.41079395,5.5933276625,5.7047880866623,7.012277031385409,5.5933276625,0,0,5009,5646,0,0,0,0,NaN,NaN,35.907770271555314,NaN,NaN,NaN,9.558928611286358,6.157653868461018,NaN,NaN,NaN,NaN,NaN,NaN,NaN,NaN,NaN,NaN,1,0,0,0,0,NaN,NaN,35.907770271555314,NaN,NaN,NaN,9.558928611286358,6.157653868461018,NaN,NaN,NaN,NaN,NaN,NaN,NaN,NaN,NaN,NaN,1
2023-04-20,5.593437462079565,5.81709075,5.32293789,5.49977445,5.667512879996427,6.98918538892151,5.49977445,0,0,5009,5647,0,0,0,0,NaN,NaN,45.297755160928496,NaN,NaN,NaN,9.558928611286358,6.157653868461018,NaN,NaN,NaN,NaN,NaN,NaN,NaN,NaN,NaN,NaN,1,0,0,0,0,NaN,NaN,45.297755160928496,NaN,NaN,NaN,9.558928611286358,6.157653868461018,NaN,NaN,NaN,NaN,NaN,NaN,NaN,NaN,NaN,NaN,1
2023-04-21,5.546605956039782,5.59070398,5.3973007,5.477135775,5.632898860906168,6.966100661991411,5.477135775,0,0,5009,5648,0,0,0,0,NaN,NaN,52.60488343184054,NaN,NaN,NaN,9.558928611286358,6.157653868461018,NaN,NaN,NaN,NaN,NaN,NaN,NaN,NaN,NaN,NaN,1,0,0,0,0,NaN,NaN,52.60488343184054,NaN,NaN,NaN,9.558928611286358,6.157653868461018,NaN,NaN,NaN,NaN,NaN,NaN,NaN,NaN,NaN,NaN,1
2023-04-24,5.5118708655198905,5.54722572,5.32233819,5.4205390775,5.594287991195955,6.94250430192284,5.4205390775,0,0,5009,5649,0,0,0,0,NaN,NaN,58.560491081638844,NaN,NaN,NaN,9.558928611286358,6.056829629945696,NaN,NaN,NaN,NaN,NaN,NaN,NaN,NaN,NaN,NaN,1,0,0,0,0,NaN,NaN,58.560491081638844,NaN,NaN,NaN,9.558928611286358,6.056829629945696,NaN,NaN,NaN,NaN,NaN,NaN,NaN,NaN,NaN,NaN,1
2023-04-25,5.466204971509946,5.54572647,5.24737568,5.340704005,5.548181811887599,6.918049335557606,5.340704005,0,0,5009,5650,0,0,0,0,NaN,NaN,65.01273976961257,NaN,NaN,NaN,9.558928611286358,5.915480880391341,NaN,NaN,NaN,NaN,NaN,NaN,NaN,NaN,NaN,NaN,1,0,0,0,0,NaN,NaN,65.01273976961257,NaN,NaN,NaN,9.558928611286358,5.915480880391341,NaN,NaN,NaN,NaN,NaN,NaN,NaN,NaN,NaN,NaN,1
2023-04-26,5.403454488254972,5.403454488254972,4.79760062,5.095201785,5.465821806998945,6.890219601961307,5.095201785,0,0,5009,5651,0,0,0,0,NaN,NaN,69.91420980324727,NaN,NaN,NaN,9.558928611286358,5.6671747330209,NaN,NaN,NaN,NaN,NaN,NaN,NaN,NaN,NaN,NaN,1,0,0,0,0,NaN,NaN,69.91420980324727,NaN,NaN,NaN,9.558928611286358,5.6671747330209,NaN,NaN,NaN,NaN,NaN,NaN,NaN,NaN,NaN,NaN,1
2023-04-27,5.249328136627486,5.249328136627486,4.79760062,5.009365965000001,5.38282983572641,6.8615042792596075,5.009365965000001,0,0,5009,5652,0,0,0,0,NaN,NaN,72.20863876429571,NaN,NaN,NaN,9.558928611286358,5.495129742836512,NaN,NaN,NaN,NaN,NaN,NaN,NaN,NaN,NaN,NaN,1,0,0,0,0,NaN,NaN,72.20863876429571,NaN,NaN,NaN,9.558928611286358,5.495129742836512,NaN,NaN,NaN,NaN,NaN,NaN,NaN,NaN,NaN,NaN,1
2023-04-28,5.1293470508137435,5.54722572,5.06746566,5.2679903725,5.3619499333216085,6.837175822667858,5.2679903725,0,0,5009,5653,0,0,0,0,NaN,NaN,72.48805363909685,NaN,NaN,NaN,9.558928611286358,5.495129742836512,NaN,NaN,NaN,NaN,NaN,NaN,NaN,NaN,NaN,NaN,1,0,0,0,0,NaN,NaN,72.48805363909685,NaN,NaN,NaN,9.558928611286358,5.495129742836512,NaN,NaN,NaN,NaN,NaN,NaN,NaN,NaN,NaN,NaN,1
2023-05-01,5.198668711656872,5.53073397,4.6476756,5.053972405,5.305954019081316,6.809951343008806,5.053972405,0,0,5009,5654,0,0,0,0,NaN,NaN,72.78350249042815,NaN,NaN,NaN,9.558928611286358,5.495129742836512,NaN,NaN,NaN,NaN,NaN,NaN,NaN,NaN,NaN,NaN,1,0,0,0,0,NaN,NaN,72.78350249042815,NaN,NaN,NaN,9.558928611286358,5.495129742836512,NaN,NaN,NaN,NaN,NaN,NaN,NaN,NaN,NaN,NaN,1
2023-05-02,5.126320558328436,5.126320558328436,4.6476756,4.8133427475,5.216388333339259,6.779468769031572,4.8133427475,0,0,5009,5655,0,0,0,0,NaN,NaN,73.31990523651865,NaN,NaN,NaN,9.558928611286358,5.2570120413057495,NaN,NaN,NaN,NaN,NaN,NaN,NaN,NaN,NaN,NaN,1,0,0,0,0,NaN,NaN,73.31990523651865,NaN,NaN,NaN,9.558928611286358,5.2570120413057495,NaN,NaN,NaN,NaN,NaN,NaN,NaN,NaN,NaN,NaN,1
2023-05-03,4.969831652914218,5.25936968,4.79761562,5.051352465,5.18638181182303,6.75308531400819,5.051352465,0,0,5009,5656,0,0,0,0,NaN,NaN,74.56099338480495,NaN,NaN,NaN,9.558928611286358,5.2570120413057495,NaN,NaN,NaN,NaN,NaN,NaN,NaN,NaN,NaN,NaN,1,0,0,0,0,NaN,NaN,74.56099338480495,NaN,NaN,NaN,9.558928611286358,5.2570120413057495,NaN,NaN,NaN,NaN,NaN,NaN,NaN,NaN,NaN,NaN,1
2023-05-04,5.0105920589571085,5.09745066,4.49775058,4.79760062,5.115694322400661,6.723230585855393,4.79760062,0,0,5009,5657,0,0,0,0,NaN,NaN,75.28194148979951,NaN,NaN,NaN,9.558928611286358,5.1272250810156965,NaN,NaN,NaN,NaN,NaN,NaN,NaN,NaN,NaN,NaN,1,0,0,0,0,NaN,NaN,75.28194148979951,NaN,NaN,NaN,9.558928611286358,5.1272250810156965,NaN,NaN,NaN,NaN,NaN,NaN,NaN,NaN,NaN,NaN,1
2023-05-05,4.904096339478555,4.904096339478555,4.55921984,4.61506691,5.024671156509632,6.691044880880501,4.61506691,0,0,5009,5658,0,0,0,0,NaN,NaN,76.24360626934433,NaN,NaN,NaN,9.558928611286358,4.9096908312109875,NaN,NaN,NaN,NaN,NaN,NaN,NaN,NaN,NaN,NaN,1,0,0,0,0,NaN,NaN,76.24360626934433,NaN,NaN,NaN,9.558928611286358,4.9096908312109875,NaN,NaN,NaN,NaN,NaN,NaN,NaN,NaN,NaN,NaN,1
2023-05-08,4.759581624739278,4.759581624739278,4.51274309,4.575711592499999,4.943042144871517,6.658749716172402,4.575711592499999,0,0,5009,5659,0,0,0,0,NaN,NaN,76.92345211762989,NaN,NaN,NaN,9.558928611286358,4.786293651073861,NaN,NaN,NaN,NaN,NaN,NaN,NaN,NaN,NaN,NaN,1,0,0,0,0,NaN,NaN,76.92345211762989,NaN,NaN,NaN,9.558928611286358,4.786293651073861,NaN,NaN,NaN,NaN,NaN,NaN,NaN,NaN,NaN,NaN,1
2023-05-09,4.667646608619639,4.667646608619639,4.04797553,4.446026455,4.852675655803968,6.624967681650686,4.446026455,0,0,5009,5660,0,0,0,0,NaN,NaN,77.72595699985587,NaN,NaN,NaN,9.558928611286358,4.6222982164872715,NaN,NaN,NaN,NaN,NaN,NaN,NaN,NaN,NaN,NaN,1,0,0,0,0,NaN,NaN,77.72595699985587,NaN,NaN,NaN,9.558928611286358,4.6222982164872715,NaN,NaN,NaN,NaN,NaN,NaN,NaN,NaN,NaN,NaN,1
2023-05-10,4.55683653180982,4.55683653180982,4.42728582,4.4838825175,4.785622357930519,6.592279358533881,4.4838825175,0,0,5009,5661,0,0,0,0,NaN,NaN,78.51278518428347,NaN,NaN,NaN,9.558928611286358,4.6222982164872715,NaN,NaN,NaN,NaN,NaN,NaN,NaN,NaN,NaN,NaN,1,0,0,0,0,NaN,NaN,78.51278518428347,NaN,NaN,NaN,9.558928611286358,4.6222982164872715,NaN,NaN,NaN,NaN,NaN,NaN,NaN,NaN,NaN,NaN,1
2023-05-11,4.52035952465491,4.74662612,3.35981969,4.133057975,4.666974288306788,6.554733993899776,4.133057975,0,0,5009,5662,0,0,0,0,NaN,NaN,79.33089746711325,NaN,NaN,NaN,9.558928611286358,4.336039135907235,NaN,NaN,NaN,NaN,NaN,NaN,NaN,NaN,NaN,NaN,1,0,0,0,0,NaN,NaN,79.33089746711325,NaN,NaN,NaN,9.558928611286358,4.336039135907235,NaN,NaN,NaN,NaN,NaN,NaN,NaN,NaN,NaN,NaN,1
2023-05-12,4.326708749827455,4.326708749827455,3.26,3.6125,4.475251690432827,6.509814390939474,3.6125,0,0,5009,5663,0,0,0,0,NaN,NaN,80.09763368620673,NaN,NaN,NaN,9.558928611286358,3.881190886076196,NaN,NaN,NaN,NaN,NaN,NaN,NaN,NaN,NaN,NaN,1,0,0,0,0,NaN,NaN,80.09763368620673,NaN,NaN,NaN,9.558928611286358,3.881190886076196,NaN,NaN,NaN,NaN,NaN,NaN,NaN,NaN,NaN,NaN,1
2023-05-15,3.9696043749137275,4.4101,3.46,3.875025,4.366119564899585,6.469588598711391,3.8750250000000004,0,0,5009,5664,0,0,0,0,NaN,NaN,80.73714650418546,NaN,NaN,NaN,7.857924987807532,3.881190886076196,NaN,NaN,NaN,NaN,NaN,NaN,NaN,NaN,NaN,NaN,1,0,0,0,0,NaN,NaN,80.73714650418546,NaN,NaN,NaN,7.857924987807532,3.881190886076196,NaN,NaN,NaN,NaN,NaN,NaN,NaN,NaN,NaN,NaN,1
2023-05-16,3.922314687456864,4.6044,3.922314687456864,4.242825000000001,4.343702371281479,6.43559220789137,4.242825000000001,0,0,5009,5665,0,0,0,0,NaN,NaN,81.21815927694229,NaN,NaN,NaN,7.277497624057908,4.069485625,NaN,NaN,NaN,NaN,NaN,NaN,NaN,NaN,NaN,NaN,1,0,0,0,0,NaN,NaN,81.21815927694229,NaN,NaN,NaN,7.277497624057908,4.069485625,NaN,NaN,NaN,NaN,NaN,NaN,NaN,NaN,NaN,NaN,1
2023-05-17,4.082569843728432,4.3403,3.86,4.090075,4.297588303775755,6.399782784870127,4.090075,0,0,5009,5666,0,0,0,0,NaN,NaN,81.60567294208415,NaN,NaN,NaN,7.1137768859376145,4.069485625,NaN,NaN,NaN,NaN,NaN,NaN,NaN,NaN,NaN,NaN,1,0,0,0,0,NaN,NaN,81.60567294208415,NaN,NaN,NaN,7.1137768859376145,4.069485625,NaN,NaN,NaN,NaN,NaN,NaN,NaN,NaN,NaN,NaN,1
2023-05-18,4.086322421864216,4.3399,4.02,4.157475,4.272113157634709,6.365549078230889,4.157475,0,0,5009,5667,0,0,0,0,NaN,NaN,81.64313747657273,NaN,NaN,NaN,7.1137768859376145,4.069485625,NaN,NaN,NaN,NaN,NaN,NaN,NaN,NaN,NaN,NaN,1,0,0,0,0,NaN,NaN,81.64313747657273,NaN,NaN,NaN,7.1137768859376145,4.069485625,NaN,NaN,NaN,NaN,NaN,NaN,NaN,NaN,NaN,NaN,1
2023-05-19,4.121898710932108,4.41,4.121898710932108,4.279999999999999,4.273547128973853,6.333708634288433,4.279999999999999,0,0,5009,5668,0,0,0,0,NaN,NaN,81.37872392455111,NaN,NaN,NaN,7.1137768859376145,4.093830931249999,NaN,NaN,NaN,NaN,NaN,NaN,NaN,NaN,NaN,NaN,1,0,0,0,0,NaN,NaN,81.37872392455111,NaN,NaN,NaN,7.1137768859376145,4.093830931249999,NaN,NaN,NaN,NaN,NaN,NaN,NaN,NaN,NaN,NaN,1
2023-05-22,4.2009493554660535,4.5738,4.05,4.30095,4.278529469160425,6.302674151322197,4.30095,0,0,5009,5669,0,0,0,0,NaN,NaN,81.1477235625114,NaN,NaN,NaN,7.1137768859376145,4.116104575375,NaN,NaN,NaN,NaN,NaN,NaN,NaN,NaN,NaN,NaN,1,0,0,0,0,NaN,NaN,81.1477235625114,NaN,NaN,NaN,7.1137768859376145,4.116104575375,NaN,NaN,NaN,NaN,NaN,NaN,NaN,NaN,NaN,NaN,1
2023-05-23,4.250949677733027,4.47,4.14,4.3327,4.288378656585802,6.272598210080637,4.3327,0,0,5009,5670,0,0,0,0,NaN,NaN,81.1594163539499,NaN,NaN,NaN,7.1137768859376145,4.1500444135912495,NaN,NaN,NaN,NaN,NaN,NaN,NaN,NaN,NaN,NaN,1,0,0,0,0,NaN,NaN,81.1594163539499,NaN,NaN,NaN,7.1137768859376145,4.1500444135912495,NaN,NaN,NaN,NaN,NaN,NaN,NaN,NaN,NaN,NaN,1
2023-05-24,4.291824838866514,4.46,4.22,4.3475,4.29912799175202,6.243207397712993,4.3475,0,0,5009,5671,0,0,0,0,NaN,NaN,81.34988513034878,NaN,NaN,NaN,7.1137768859376145,4.1802510839603,NaN,NaN,NaN,NaN,NaN,NaN,NaN,NaN,NaN,NaN,1,0,0,0,0,NaN,NaN,81.34988513034878,NaN,NaN,NaN,7.1137768859376145,4.1802510839603,NaN,NaN,NaN,NaN,NaN,NaN,NaN,NaN,NaN,NaN,1
2023-05-25,4.319662419433257,4.319662419433257,3.64,4,4.244741084160744,6.208959956526535,4,0,0,5009,5672,0,0,0,0,NaN,NaN,81.39625794428653,NaN,NaN,NaN,7.1137768859376145,4.1476875,NaN,NaN,NaN,NaN,NaN,NaN,NaN,NaN,NaN,NaN,1,0,0,0,0,NaN,NaN,81.39625794428653,NaN,NaN,NaN,7.1137768859376145,4.1476875,NaN,NaN,NaN,NaN,NaN,NaN,NaN,NaN,NaN,NaN,1
2023-05-26,4.159831209716629,4.159831209716629,3.4,3.7336,4.151806341586063,6.171168201465061,3.7336,0,0,5009,5673,0,0,0,0,NaN,NaN,81.42312962713245,NaN,NaN,NaN,7.1137768859376145,4.006060875,NaN,NaN,NaN,NaN,NaN,NaN,NaN,NaN,NaN,NaN,1,0,0,0,0,NaN,NaN,81.42312962713245,NaN,NaN,NaN,7.1137768859376145,4.006060875,NaN,NaN,NaN,NaN,NaN,NaN,NaN,NaN,NaN,NaN,1
2023-05-30,3.9467156048583143,3.9467156048583143,3.05,3.3588499999999994,4.007632461297688,6.128232045717503,3.3588499999999994,0,0,5009,5674,0,0,0,0,NaN,NaN,81.4061950774194,NaN,NaN,NaN,7.1137768859376145,3.7910957224999997,NaN,NaN,NaN,NaN,NaN,NaN,NaN,NaN,NaN,NaN,1,0,0,0,0,NaN,NaN,81.4061950774194,NaN,NaN,NaN,7.1137768859376145,3.7910957224999997,NaN,NaN,NaN,NaN,NaN,NaN,NaN,NaN,NaN,NaN,1
2023-05-31,3.652782802429157,3.652782802429157,3.11,3.2249999999999996,3.865335650152654,6.083907892347771,3.2249999999999996,0,0,5009,5675,0,0,0,0,NaN,NaN,81.3135981127678,NaN,NaN,NaN,7.1137768859376145,3.679245357475,NaN,NaN,NaN,NaN,NaN,NaN,NaN,NaN,NaN,NaN,1,0,0,0,0,NaN,NaN,81.3135981127678,NaN,NaN,NaN,7.1137768859376145,3.679245357475,NaN,NaN,NaN,NaN,NaN,NaN,NaN,NaN,NaN,NaN,1
2023-06-01,3.4388914012145784,3.4388914012145784,2.8705,2.987625,3.705751895579444,6.03663639780811,2.987625,0,0,5009,5676,0,0,0,0,NaN,NaN,81.15135378337736,NaN,NaN,NaN,7.1137768859376145,3.4918059145780003,NaN,NaN,NaN,NaN,NaN,NaN,NaN,NaN,NaN,NaN,1,0,0,0,0,NaN,NaN,81.15135378337736,NaN,NaN,NaN,7.1137768859376145,3.4918059145780003,NaN,NaN,NaN,NaN,NaN,NaN,NaN,NaN,NaN,NaN,1
2023-06-02,3.213258200607289,3.213258200607289,2.8801,3.0050250000000003,3.578347005474091,5.990352254330123,3.0050250000000003,0,0,5009,5677,0,0,0,0,NaN,2.8801,81.01984023554209,NaN,NaN,NaN,7.1137768859376145,3.4918059145780003,NaN,NaN,NaN,NaN,NaN,NaN,NaN,NaN,NaN,NaN,1,0,0,0,0,NaN,2.8801,81.01984023554209,NaN,NaN,NaN,7.1137768859376145,3.4918059145780003,NaN,NaN,NaN,NaN,NaN,NaN,NaN,NaN,NaN,NaN,1
2023-06-05,3.1091416003036447,3.1091416003036447,2.945,2.98625,3.4706930044788016,5.944488097775465,2.98625,0,0,5009,5678,0,0,0,0,NaN,NaN,80.94593291466565,NaN,NaN,NaN,7.1137768859376145,3.4153881523913006,NaN,NaN,NaN,NaN,NaN,NaN,NaN,NaN,NaN,NaN,1,0,0,0,0,NaN,NaN,80.94593291466565,NaN,NaN,NaN,7.1137768859376145,3.4153881523913006,NaN,NaN,NaN,NaN,NaN,NaN,NaN,NaN,NaN,NaN,1
2023-06-06,3.047695800151822,3.047695800151822,2.69,2.8299999999999996,3.354203367300838,5.896938661168206,2.8299999999999996,0,0,5009,5679,0,0,0,0,NaN,NaN,80.83050917322892,NaN,NaN,NaN,7.1137768859376145,3.245955784960866,NaN,NaN,NaN,NaN,NaN,NaN,NaN,NaN,NaN,NaN,1,0,0,0,0,NaN,NaN,80.83050917322892,NaN,NaN,NaN,7.1137768859376145,3.245955784960866,NaN,NaN,NaN,NaN,NaN,NaN,NaN,NaN,NaN,NaN,1
2023-06-07,2.9388479000759107,3.06,2.6501,2.8400250000000002,3.2607163914279584,5.850268223593119,2.8400250000000002,0,0,5009,5680,0,0,0,0,NaN,NaN,80.81821668455835,NaN,NaN,NaN,7.1137768859376145,3.245955784960866,NaN,NaN,NaN,NaN,NaN,NaN,NaN,NaN,NaN,NaN,1,0,0,0,0,NaN,NaN,80.81821668455835,NaN,NaN,NaN,7.1137768859376145,3.245955784960866,NaN,NaN,NaN,NaN,NaN,NaN,NaN,NaN,NaN,NaN,1
2023-06-08,2.8894364500379552,2.9727,2.851,2.9084250000000003,3.1966634111683296,5.805354586591697,2.9084250000000003,0,0,5009,5681,0,0,0,0,NaN,NaN,81.06577027017286,NaN,NaN,NaN,7.1137768859376145,3.245955784960866,NaN,NaN,NaN,NaN,NaN,NaN,NaN,NaN,NaN,NaN,1,0,0,0,0,NaN,NaN,81.06577027017286,NaN,NaN,NaN,7.1137768859376145,3.245955784960866,NaN,NaN,NaN,NaN,NaN,NaN,NaN,NaN,NaN,NaN,1
2023-06-09,2.8989307250189777,3.06,2.8989307250189777,2.9850000000000003,3.1581791545922697,5.762295737941442,2.9850000000000003,0,0,5009,5682,0,0,0,0,NaN,NaN,81.9828821118664,NaN,NaN,NaN,7.1137768859376145,3.245955784960866,NaN,NaN,NaN,NaN,NaN,NaN,NaN,NaN,NaN,NaN,1,0,0,0,0,NaN,NaN,81.9828821118664,NaN,NaN,NaN,7.1137768859376145,3.245955784960866,NaN,NaN,NaN,NaN,NaN,NaN,NaN,NaN,NaN,NaN,1
2023-06-12,2.941965362509489,3.06,2.85,2.9875000000000003,3.127146581030039,5.719932444232413,2.9875000000000003,0,0,5009,5683,0,0,0,0,NaN,NaN,83.60219656353652,NaN,NaN,NaN,7.1137768859376145,3.245955784960866,NaN,NaN,NaN,NaN,NaN,NaN,NaN,NaN,NaN,NaN,1,0,0,0,0,NaN,NaN,83.60219656353652,NaN,NaN,NaN,7.1137768859376145,3.245955784960866,NaN,NaN,NaN,NaN,NaN,NaN,NaN,NaN,NaN,NaN,1
2023-06-13,2.9647326812547448,3.05,2.86,2.9924999999999997,3.1026653844791228,5.678292254244131,2.9924999999999997,0,0,5009,5684,0,0,0,0,NaN,NaN,86.11784443097442,NaN,NaN,NaN,7.1137768859376145,3.245955784960866,NaN,NaN,NaN,NaN,NaN,NaN,NaN,NaN,NaN,NaN,1,0,0,0,0,NaN,NaN,86.11784443097442,NaN,NaN,NaN,7.1137768859376145,3.245955784960866,NaN,NaN,NaN,NaN,NaN,NaN,NaN,NaN,NaN,NaN,1
2023-06-14,2.9786163406273722,3.06,2.9152,2.9913,3.082417132755646,5.637269471736587,2.9913,0,0,5009,5685,0,0,0,0,NaN,NaN,89.01191469425285,NaN,NaN,NaN,7.1137768859376145,3.245955784960866,NaN,NaN,NaN,NaN,NaN,NaN,NaN,NaN,NaN,NaN,1,0,0,0,0,NaN,NaN,89.01191469425285,NaN,NaN,NaN,7.1137768859376145,3.245955784960866,NaN,NaN,NaN,NaN,NaN,NaN,NaN,NaN,NaN,NaN,1
2023-06-15,2.984958170313686,3.02,2.84,2.955,3.0592503813455285,5.596318792778777,2.955,0,0,5009,5686,0,0,0,0,NaN,NaN,90.1385714602407,NaN,NaN,NaN,7.1137768859376145,3.245955784960866,NaN,NaN,NaN,NaN,NaN,NaN,NaN,NaN,NaN,NaN,1,0,0,0,0,NaN,NaN,90.1385714602407,NaN,NaN,NaN,7.1137768859376145,3.245955784960866,NaN,NaN,NaN,NaN,NaN,NaN,NaN,NaN,NaN,NaN,1
2023-06-16,2.969979085156843,3.03,2.873,2.98825,3.046341221100887,5.556500948614215,2.98825,0,0,5009,5687,0,0,0,0,NaN,NaN,90.15722449785564,NaN,NaN,NaN,7.1137768859376145,3.245955784960866,NaN,NaN,NaN,NaN,NaN,NaN,NaN,NaN,NaN,NaN,1,0,0,0,0,NaN,NaN,90.15722449785564,NaN,NaN,NaN,7.1137768859376145,3.245955784960866,NaN,NaN,NaN,NaN,NaN,NaN,NaN,NaN,NaN,NaN,1
2023-06-20,2.9791145425784213,2.9791145425784213,2.81,2.91885,3.0231609990825437,5.516231468482701,2.91885,0,0,5009,5688,0,0,0,0,NaN,NaN,90.10199550972102,NaN,NaN,NaN,7.1137768859376145,3.245955784960866,NaN,NaN,NaN,NaN,NaN,NaN,NaN,NaN,NaN,NaN,1,0,0,0,0,NaN,NaN,90.10199550972102,NaN,NaN,NaN,7.1137768859376145,3.245955784960866,NaN,NaN,NaN,NaN,NaN,NaN,NaN,NaN,NaN,NaN,1
2023-06-21,2.9489822712892106,2.96,2.91,2.9350000000000005,3.0071317265220814,5.476823354460064,2.9350000000000005,0,0,5009,5689,0,0,0,0,NaN,NaN,90.04112213532034,NaN,NaN,NaN,7.1137768859376145,3.245955784960866,NaN,NaN,NaN,NaN,NaN,NaN,NaN,NaN,NaN,NaN,1,0,0,0,0,NaN,NaN,90.04112213532034,NaN,NaN,NaN,7.1137768859376145,3.245955784960866,NaN,NaN,NaN,NaN,NaN,NaN,NaN,NaN,NaN,NaN,1
2023-06-22,2.9419911356446056,3.0036,2.9399,2.97085,3.000535048972612,5.438564219277468,2.9708499999999995,0,0,5009,5690,0,0,0,0,NaN,NaN,89.9550468808073,NaN,NaN,NaN,7.1137768859376145,3.245955784960866,NaN,NaN,NaN,NaN,NaN,NaN,NaN,NaN,NaN,NaN,1,0,0,0,0,NaN,NaN,89.9550468808073,NaN,NaN,NaN,7.1137768859376145,3.245955784960866,NaN,NaN,NaN,NaN,NaN,NaN,NaN,NaN,NaN,NaN,1
2023-06-23,2.9564205678223026,2.9564205678223026,2.77,2.86625,2.9761195855230462,5.399292246464071,2.86625,0,0,5009,5691,0,0,0,0,NaN,NaN,90.79124700977769,NaN,NaN,NaN,7.1137768859376145,3.245955784960866,NaN,NaN,NaN,NaN,NaN,NaN,NaN,NaN,NaN,NaN,1,0,0,0,0,NaN,NaN,90.79124700977769,NaN,NaN,NaN,7.1137768859376145,3.245955784960866,NaN,NaN,NaN,NaN,NaN,NaN,NaN,NaN,NaN,NaN,1
2023-06-26,2.9113352839111513,2.98,2.9113352839111513,2.9492000000000003,2.9712251154279468,5.361886257968437,2.9492000000000003,0,0,5009,5692,0,0,0,0,NaN,NaN,91.58312472202238,NaN,NaN,NaN,7.1137768859376145,3.245955784960866,NaN,NaN,NaN,NaN,NaN,NaN,NaN,NaN,NaN,NaN,1,0,0,0,0,NaN,NaN,91.58312472202238,NaN,NaN,NaN,7.1137768859376145,3.245955784960866,NaN,NaN,NaN,NaN,NaN,NaN,NaN,NaN,NaN,NaN,1
2023-06-27,2.9302676419555755,3.0499,2.9302676419555755,3.002475,2.9769069126228653,5.325864712045255,3.002475,0,0,5009,5693,0,0,0,0,NaN,NaN,92.06235995097848,NaN,NaN,NaN,7.1137768859376145,3.245955784960866,NaN,NaN,NaN,NaN,NaN,NaN,NaN,NaN,NaN,NaN,1,0,0,0,0,NaN,NaN,92.06235995097848,NaN,NaN,NaN,7.1137768859376145,3.245955784960866,NaN,NaN,NaN,NaN,NaN,NaN,NaN,NaN,NaN,NaN,1
2023-06-28,2.966371320977788,3.3,2.966371320977788,3.1325000000000003,3.0051965648732537,5.292378227891892,3.1325000000000003,0,0,5009,5694,0,0,0,0,NaN,NaN,92.35018049329916,NaN,NaN,NaN,7.1137768859376145,3.245955784960866,NaN,NaN,NaN,NaN,NaN,NaN,NaN,NaN,NaN,NaN,1,0,0,0,0,NaN,NaN,92.35018049329916,NaN,NaN,NaN,7.1137768859376145,3.245955784960866,NaN,NaN,NaN,NaN,NaN,NaN,NaN,NaN,NaN,NaN,1
2023-06-29,3.049435660488894,3.49,3.049435660488894,3.2599,3.051506280350844,5.261348025939344,3.2599,0,0,5009,5695,0,0,0,0,NaN,NaN,92.04728922176943,NaN,NaN,NaN,7.1137768859376145,3.245955784960866,NaN,NaN,NaN,NaN,NaN,NaN,NaN,NaN,NaN,NaN,1,0,0,0,0,NaN,NaN,92.04728922176943,NaN,NaN,NaN,7.1137768859376145,3.245955784960866,NaN,NaN,NaN,NaN,NaN,NaN,NaN,NaN,NaN,NaN,1
2023-06-30,3.1546678302444473,3.371,3.1546678302444473,3.290275,3.0949187748325087,5.231255307986071,3.290275,0,0,5009,5696,0,0,0,0,NaN,NaN,91.44062116360783,NaN,NaN,NaN,7.1137768859376145,3.245955784960866,NaN,NaN,NaN,NaN,NaN,NaN,NaN,NaN,NaN,NaN,1,0,0,0,0,NaN,NaN,91.44062116360783,NaN,NaN,NaN,7.1137768859376145,3.245955784960866,NaN,NaN,NaN,NaN,NaN,NaN,NaN,NaN,NaN,NaN,1
2023-07-03,3.2224714151222233,3.4468,3.14,3.3017,3.132515361226598,5.2017964483221615,3.3017,0,0,5009,5697,0,0,0,0,NaN,NaN,91.01450238909699,NaN,NaN,NaN,7.1137768859376145,3.245955784960866,NaN,NaN,NaN,NaN,NaN,NaN,NaN,NaN,NaN,NaN,1,0,0,0,0,NaN,NaN,91.01450238909699,NaN,NaN,NaN,7.1137768859376145,3.245955784960866,NaN,NaN,NaN,NaN,NaN,NaN,NaN,NaN,NaN,NaN,1
2023-07-05,3.262085707561112,3.3074,3.1199,3.199325,3.1446625682763076,5.17122436514167,3.199325,0,0,5009,5698,0,0,0,0,NaN,NaN,90.21161238128225,NaN,NaN,NaN,7.1137768859376145,3.245955784960866,NaN,NaN,NaN,NaN,NaN,NaN,NaN,NaN,NaN,NaN,1,0,0,0,0,NaN,NaN,90.21161238128225,NaN,NaN,NaN,7.1137768859376145,3.245955784960866,NaN,NaN,NaN,NaN,NaN,NaN,NaN,NaN,NaN,NaN,1
2023-07-06,3.230705353780556,3.230705353780556,2.94,3.0575,3.1288148285897064,5.138953764147141,3.0575,0,0,5009,5699,0,0,0,0,NaN,NaN,90.1137000174386,NaN,NaN,NaN,7.1137768859376145,3.245955784960866,NaN,NaN,NaN,NaN,NaN,NaN,NaN,NaN,NaN,NaN,1,0,0,0,0,NaN,NaN,90.1137000174386,NaN,NaN,NaN,7.1137768859376145,3.245955784960866,NaN,NaN,NaN,NaN,NaN,NaN,NaN,NaN,NaN,NaN,1
2023-07-07,3.1441026768902782,3.2,2.9908,3.0976999999999997,3.1231575870279413,5.107789584541841,3.0976999999999997,0,0,5009,5700,0,0,0,0,NaN,NaN,89.52381884816113,NaN,NaN,NaN,7.1137768859376145,3.245955784960866,NaN,NaN,NaN,NaN,NaN,NaN,NaN,NaN,NaN,NaN,1,0,0,0,0,NaN,NaN,89.52381884816113,NaN,NaN,NaN,7.1137768859376145,3.245955784960866,NaN,NaN,NaN,NaN,NaN,NaN,NaN,NaN,NaN,NaN,1
2023-07-10,3.120901338445139,3.24,3.04,3.1725,3.132128934841043,5.078243178670974,3.1725,0,0,5009,5701,0,0,0,0,NaN,NaN,88.66469917588401,NaN,NaN,NaN,7.1137768859376145,3.245955784960866,NaN,NaN,NaN,NaN,NaN,NaN,NaN,NaN,NaN,NaN,1,0,0,0,0,NaN,NaN,88.66469917588401,NaN,NaN,NaN,7.1137768859376145,3.245955784960866,NaN,NaN,NaN,NaN,NaN,NaN,NaN,NaN,NaN,NaN,1
2023-07-11,3.1467006692225694,3.69,3.1467006692225694,3.4665250000000003,3.192928219415399,5.053636794263783,3.4665250000000007,0,0,5009,5702,0,0,0,0,NaN,NaN,87.45461513740447,NaN,NaN,NaN,7.1137768859376145,3.245955784960866,NaN,NaN,NaN,NaN,NaN,NaN,NaN,NaN,NaN,NaN,1,0,0,0,0,NaN,NaN,87.45461513740447,NaN,NaN,NaN,7.1137768859376145,3.245955784960866,NaN,NaN,NaN,NaN,NaN,NaN,NaN,NaN,NaN,NaN,1
2023-07-12,3.306612834611285,3.798,3.306612834611285,3.599,3.2667594522489627,5.0314285989315115,3.599,0,0,5009,5703,0,0,0,0,NaN,NaN,85.94571700878531,NaN,NaN,NaN,7.1137768859376145,3.245955784960866,NaN,NaN,NaN,NaN,NaN,NaN,NaN,NaN,NaN,NaN,1,0,0,0,0,NaN,NaN,85.94571700878531,NaN,NaN,NaN,7.1137768859376145,3.245955784960866,NaN,NaN,NaN,NaN,NaN,NaN,NaN,NaN,NaN,NaN,1
2023-07-13,3.4528064173056423,3.555,3.2009,3.3989749999999996,3.2907986427491513,5.006505643222633,3.3989749999999996,0,0,5009,5704,0,0,0,0,NaN,NaN,84.96344611403427,NaN,NaN,NaN,7.1137768859376145,3.245955784960866,NaN,NaN,NaN,NaN,NaN,NaN,NaN,NaN,NaN,NaN,1,0,0,0,0,NaN,NaN,84.96344611403427,NaN,NaN,NaN,7.1137768859376145,3.245955784960866,NaN,NaN,NaN,NaN,NaN,NaN,NaN,NaN,NaN,NaN,1
2023-07-14,3.4258907086528207,3.5899,3.3,3.467475,3.32292161679476,4.983008992181066,3.467475,0,0,5009,5705,0,0,0,0,NaN,NaN,83.24161927914268,NaN,NaN,NaN,7.1137768859376145,3.245955784960866,NaN,NaN,NaN,NaN,NaN,NaN,NaN,NaN,NaN,NaN,1,0,0,0,0,NaN,NaN,83.24161927914268,NaN,NaN,NaN,7.1137768859376145,3.245955784960866,NaN,NaN,NaN,NaN,NaN,NaN,NaN,NaN,NaN,NaN,1
2023-07-17,3.4466828543264105,3.8,3.4466828543264105,3.59,3.3714813228320764,4.96174167932334,3.59,0,0,5009,5706,0,0,0,0,NaN,NaN,81.25055868748284,NaN,NaN,NaN,7.1137768859376145,3.245955784960866,NaN,NaN,NaN,NaN,NaN,NaN,NaN,NaN,NaN,NaN,1,0,0,0,0,NaN,NaN,81.25055868748284,NaN,NaN,NaN,7.1137768859376145,3.245955784960866,NaN,NaN,NaN,NaN,NaN,NaN,NaN,NaN,NaN,NaN,1
2023-07-18,3.518341427163205,4.1,3.518341427163205,3.8525,3.4589392641353354,4.9448066918527545,3.8525000000000005,0,0,5009,5707,0,0,0,0,NaN,NaN,78.32919179379624,NaN,NaN,NaN,7.1137768859376145,3.4486125000000003,NaN,NaN,NaN,NaN,NaN,NaN,NaN,NaN,NaN,NaN,1,0,0,0,0,NaN,NaN,78.32919179379624,NaN,NaN,NaN,7.1137768859376145,3.4486125000000003,NaN,NaN,NaN,NaN,NaN,NaN,NaN,NaN,NaN,NaN,1
2023-07-19,3.6854207135816024,4.4885,3.6854207135816024,4.134625,3.581791216110729,4.932437505717598,4.134625,0,0,5009,5708,0,0,0,0,NaN,NaN,73.95280690115189,NaN,NaN,NaN,7.1137768859376145,3.6060235,NaN,NaN,NaN,NaN,NaN,NaN,NaN,NaN,NaN,NaN,1,0,0,0,0,NaN,NaN,73.95280690115189,NaN,NaN,NaN,7.1137768859376145,3.6060235,NaN,NaN,NaN,NaN,NaN,NaN,NaN,NaN,NaN,NaN,1
2023-07-20,3.910022856790801,3.910022856790801,2.6,2.845,3.4478291768178693,4.900568230821146,2.845,0,1,5009,5709,0,0,0,0,NaN,NaN,73.24101119417996,NaN,NaN,NaN,7.1137768859376145,3.45112375,NaN,NaN,NaN,NaN,NaN,NaN,NaN,NaN,NaN,NaN,1,0,0,0,0,NaN,NaN,73.24101119417996,NaN,NaN,NaN,7.1137768859376145,3.45112375,NaN,NaN,NaN,NaN,NaN,NaN,NaN,NaN,NaN,NaN,1
2023-07-21,3.3775114283954006,3.3775114283954006,2.4602,2.70005,3.3118693264873476,4.866972532640671,2.70005,0,0,5009,5710,0,0,0,0,NaN,NaN,72.68309519078767,NaN,NaN,NaN,7.1137768859376145,3.3582907874999997,NaN,NaN,NaN,NaN,NaN,NaN,NaN,NaN,NaN,NaN,1,0,0,0,0,NaN,NaN,72.68309519078767,NaN,NaN,NaN,7.1137768859376145,3.3582907874999997,NaN,NaN,NaN,NaN,NaN,NaN,NaN,NaN,NaN,NaN,1
2023-07-24,3.0387807141977,3.0387807141977,2.41,2.54,3.1715294489441934,4.831446234432416,2.54,0,0,5009,5711,0,0,0,0,NaN,NaN,72.31728415620981,NaN,NaN,NaN,7.1137768859376145,3.2339698402499995,NaN,NaN,NaN,NaN,NaN,NaN,NaN,NaN,NaN,NaN,1,0,0,0,0,NaN,NaN,72.31728415620981,NaN,NaN,NaN,7.1137768859376145,3.2339698402499995,NaN,NaN,NaN,NaN,NaN,NaN,NaN,NaN,NaN,NaN,1
2023-07-25,2.78939035709885,2.78939035709885,2.36,2.51225,3.0516604582270674,4.796038658334211,2.51225,0,0,5009,5712,0,0,0,0,NaN,NaN,71.9614309911245,NaN,NaN,NaN,7.1137768859376145,3.1563888046274995,NaN,NaN,NaN,NaN,NaN,NaN,NaN,NaN,NaN,NaN,1,0,0,0,0,NaN,NaN,71.9614309911245,NaN,NaN,NaN,7.1137768859376145,3.1563888046274995,NaN,NaN,NaN,NaN,NaN,NaN,NaN,NaN,NaN,NaN,1
2023-07-26,2.650820178549425,2.650820178549425,2.36,2.52,2.9549949203676005,4.761289976527582,2.52,0,0,5009,5713,0,0,0,0,NaN,NaN,71.54233453213283,NaN,NaN,NaN,7.1137768859376145,3.1563888046274995,NaN,NaN,NaN,NaN,NaN,NaN,NaN,NaN,NaN,NaN,1,0,0,0,0,NaN,NaN,71.54233453213283,NaN,NaN,NaN,7.1137768859376145,3.1563888046274995,NaN,NaN,NaN,NaN,NaN,NaN,NaN,NaN,NaN,NaN,1
2023-07-27,2.5854100892747125,2.5854100892747125,2.3087,2.449675,2.863118571209855,4.725998144824871,2.449675,0,0,5009,5714,0,0,0,0,NaN,NaN,71.17611780566561,NaN,NaN,NaN,6.134533395502068,3.0440501480721998,NaN,NaN,NaN,NaN,NaN,NaN,NaN,NaN,NaN,NaN,1,0,0,0,0,NaN,NaN,71.17611780566561,NaN,NaN,NaN,6.134533395502068,3.0440501480721998,NaN,NaN,NaN,NaN,NaN,NaN,NaN,NaN,NaN,NaN,1
2023-07-28,2.5175425446373563,2.52,2.44,2.4875,2.794824285535336,4.691822600629071,2.4875,0,0,5009,5715,0,0,0,0,NaN,NaN,70.77250135390571,NaN,NaN,NaN,4.994858623842429,3.0440501480721998,NaN,NaN,NaN,NaN,NaN,NaN,NaN,NaN,NaN,NaN,1,0,0,0,0,NaN,NaN,70.77250135390571,NaN,NaN,NaN,4.994858623842429,3.0440501480721998,NaN,NaN,NaN,NaN,NaN,NaN,NaN,NaN,NaN,NaN,1
2023-07-31,2.502521272318678,2.62,2.49,2.5425,2.7489471427107293,4.659008515123284,2.5425,0,0,5009,5716,0,0,0,0,NaN,NaN,70.17557460342337,NaN,NaN,NaN,4.994858623842429,3.0440501480721998,NaN,NaN,NaN,NaN,NaN,NaN,NaN,NaN,NaN,NaN,1,0,0,0,0,NaN,NaN,70.17557460342337,NaN,NaN,NaN,4.994858623842429,3.0440501480721998,NaN,NaN,NaN,NaN,NaN,NaN,NaN,NaN,NaN,NaN,1
2023-08-01,2.522510636159339,2.69,2.51,2.595,2.7209567531269605,4.627496934739722,2.595,0,0,5009,5717,0,0,0,0,NaN,NaN,69.44032778927836,NaN,NaN,NaN,4.994858623842429,3.0440501480721998,NaN,NaN,NaN,NaN,NaN,NaN,NaN,NaN,NaN,NaN,1,0,0,0,0,NaN,NaN,69.44032778927836,NaN,NaN,NaN,4.994858623842429,3.0440501480721998,NaN,NaN,NaN,NaN,NaN,NaN,NaN,NaN,NaN,NaN,1
2023-08-02,2.55875531807967,2.66,2.5,2.59,2.697146434376604,4.596390111308581,2.59,0,0,5009,5718,0,0,0,0,NaN,NaN,68.68439274510156,NaN,NaN,NaN,4.994858623842429,3.0440501480721998,NaN,NaN,NaN,NaN,NaN,NaN,NaN,NaN,NaN,NaN,1,0,0,0,0,NaN,NaN,68.68439274510156,NaN,NaN,NaN,4.994858623842429,3.0440501480721998,NaN,NaN,NaN,NaN,NaN,NaN,NaN,NaN,NaN,NaN,1
2023-08-03,2.574377659039835,2.63,2.5,2.5775,2.6753925372172214,4.565567361517611,2.5775,0,0,5009,5719,0,0,0,0,NaN,NaN,67.9053820869048,NaN,NaN,NaN,4.994858623842429,3.0440501480721998,NaN,NaN,NaN,NaN,NaN,NaN,NaN,NaN,NaN,NaN,1,0,0,0,0,NaN,NaN,67.9053820869048,NaN,NaN,NaN,4.994858623842429,3.0440501480721998,NaN,NaN,NaN,NaN,NaN,NaN,NaN,NaN,NaN,NaN,1
2023-08-04,2.5759388295199175,2.7,2.57,2.6350000000000002,2.668048439541363,4.536093050654747,2.6350000000000002,0,0,5009,5720,0,0,0,0,NaN,NaN,66.97636661025899,NaN,NaN,NaN,4.994858623842429,3.0440501480721998,NaN,NaN,NaN,NaN,NaN,NaN,NaN,NaN,NaN,NaN,1,0,0,0,0,NaN,NaN,66.97636661025899,NaN,NaN,NaN,4.994858623842429,3.0440501480721998,NaN,NaN,NaN,NaN,NaN,NaN,NaN,NaN,NaN,NaN,1
2023-08-07,2.605469414759959,2.8892,2.605469414759959,2.7398,2.68109417780657,4.508668729270705,2.7398000000000002,0,0,5009,5721,0,0,0,0,NaN,NaN,65.75150145567477,NaN,NaN,NaN,4.994858623842429,3.0440501480721998,NaN,NaN,NaN,NaN,NaN,NaN,NaN,NaN,NaN,NaN,1,0,0,0,0,NaN,NaN,65.75150145567477,NaN,NaN,NaN,4.994858623842429,3.0440501480721998,NaN,NaN,NaN,NaN,NaN,NaN,NaN,NaN,NaN,NaN,1
2023-08-08,2.6726347073799794,2.85,2.6726347073799794,2.795,2.7018043272962844,4.4825058479077935,2.795,0,0,5009,5722,0,0,0,0,NaN,NaN,64.3163656616607,NaN,NaN,NaN,4.994858623842429,3.0440501480721998,NaN,NaN,NaN,NaN,NaN,NaN,NaN,NaN,NaN,NaN,1,0,0,0,0,NaN,NaN,64.3163656616607,NaN,NaN,NaN,4.994858623842429,3.0440501480721998,NaN,NaN,NaN,NaN,NaN,NaN,NaN,NaN,NaN,NaN,1
2023-08-09,2.7338173536899895,2.8629,2.7338173536899895,2.8157249999999996,2.722517176878778,4.457058812061873,2.8157249999999996,0,0,5009,5723,0,0,0,0,NaN,NaN,62.718551532187035,NaN,NaN,NaN,4.994858623842429,3.0440501480721998,NaN,NaN,NaN,NaN,NaN,NaN,NaN,NaN,NaN,NaN,1,0,0,0,0,NaN,NaN,62.718551532187035,NaN,NaN,NaN,4.994858623842429,3.0440501480721998,NaN,NaN,NaN,NaN,NaN,NaN,NaN,NaN,NaN,NaN,1
2023-08-10,2.7747711768449945,3.2078,2.6746,2.9431000000000003,2.7626231447190004,4.433944937068562,2.9431000000000007,0,0,5009,5724,0,0,0,0,NaN,NaN,60.62201300714505,NaN,NaN,NaN,4.994858623842429,3.0440501480721998,NaN,NaN,NaN,NaN,NaN,NaN,NaN,NaN,NaN,NaN,1,0,0,0,0,NaN,NaN,60.62201300714505,NaN,NaN,NaN,4.994858623842429,3.0440501480721998,NaN,NaN,NaN,NaN,NaN,NaN,NaN,NaN,NaN,NaN,1
2023-08-11,2.858935588422497,3.49,2.858935588422497,3.29,2.858509845679182,4.416480128869042,3.29,0,0,5009,5725,0,0,0,0,NaN,NaN,57.06462730912711,NaN,NaN,NaN,4.994858623842429,3.0440501480721998,NaN,NaN,NaN,NaN,NaN,NaN,NaN,NaN,NaN,NaN,1,0,0,0,0,NaN,NaN,57.06462730912711,NaN,NaN,NaN,4.994858623842429,3.0440501480721998,NaN,NaN,NaN,NaN,NaN,NaN,NaN,NaN,NaN,NaN,1
2023-08-14,3.0744677942112486,3.8026,3.0744677942112486,3.551125,2.9844398737375126,4.403268600184018,3.551125,0,0,5009,5726,0,0,0,0,NaN,NaN,51.90356267558436,NaN,NaN,NaN,4.994858623842429,3.0440501480721998,NaN,NaN,NaN,NaN,NaN,NaN,NaN,NaN,NaN,NaN,1,0,0,0,0,NaN,NaN,51.90356267558436,NaN,NaN,NaN,4.994858623842429,3.0440501480721998,NaN,NaN,NaN,NaN,NaN,NaN,NaN,NaN,NaN,NaN,1
2023-08-15,3.3127963971056245,3.6,3.2003,3.385075,3.0572826239670556,4.387723659723193,3.385075,0,0,5009,5727,0,0,0,0,NaN,NaN,47.579815316758435,NaN,NaN,NaN,4.994858623842429,3.0440501480721998,NaN,NaN,NaN,NaN,NaN,NaN,NaN,NaN,NaN,NaN,1,0,0,0,0,NaN,NaN,47.579815316758435,NaN,NaN,NaN,4.994858623842429,3.0440501480721998,NaN,NaN,NaN,NaN,NaN,NaN,NaN,NaN,NaN,NaN,1
2023-08-16,3.348935698552812,3.36,2.94,3.1475,3.073685783245773,4.368788947361007,3.1475,0,0,5009,5728,0,0,0,0,NaN,NaN,44.28995858197553,NaN,NaN,NaN,4.994858623842429,3.0440501480721998,NaN,NaN,NaN,NaN,NaN,NaN,NaN,NaN,NaN,NaN,1,0,0,0,0,NaN,NaN,44.28995858197553,NaN,NaN,NaN,4.994858623842429,3.0440501480721998,NaN,NaN,NaN,NaN,NaN,NaN,NaN,NaN,NaN,NaN,1
2023-08-17,3.248217849276406,3.248217849276406,2.6793,2.8310500000000003,3.029570186291996,4.345312016866946,2.8310500000000003,0,0,5009,5729,0,0,0,0,NaN,NaN,42.21665997495394,NaN,NaN,NaN,4.994858623842429,3.0440501480721998,NaN,NaN,NaN,NaN,NaN,NaN,NaN,NaN,NaN,NaN,1,0,0,0,0,NaN,NaN,42.21665997495394,NaN,NaN,NaN,4.994858623842429,3.0440501480721998,NaN,NaN,NaN,NaN,NaN,NaN,NaN,NaN,NaN,NaN,1
2023-08-18,3.039633924638203,3.039633924638203,2.7572,2.822275,2.991880152420724,4.322059543326993,2.822275,0,0,5009,5730,0,0,0,0,NaN,NaN,40.174710862519284,NaN,NaN,NaN,4.994858623842429,3.0440501480721998,NaN,NaN,NaN,NaN,NaN,NaN,NaN,NaN,NaN,NaN,1,0,0,0,0,NaN,NaN,40.174710862519284,NaN,NaN,NaN,4.994858623842429,3.0440501480721998,NaN,NaN,NaN,NaN,NaN,NaN,NaN,NaN,NaN,NaN,1
2023-08-21,2.9309544623191015,2.9309544623191015,2.7,2.784925,2.9542519428896834,4.298591840375435,2.784925,0,0,5009,5731,0,0,0,0,NaN,NaN,38.196513247900235,NaN,NaN,NaN,4.994858623842429,3.0440501480721998,NaN,NaN,NaN,NaN,NaN,NaN,NaN,NaN,NaN,NaN,1,0,0,0,0,NaN,NaN,38.196513247900235,NaN,NaN,NaN,4.994858623842429,3.0440501480721998,NaN,NaN,NaN,NaN,NaN,NaN,NaN,NaN,NaN,NaN,1
2023-08-22,2.8579397311595507,2.94,2.8,2.8649999999999993,2.9380243169097406,4.276704942049093,2.8649999999999993,0,0,5009,5732,0,0,0,0,NaN,NaN,35.91634646351869,NaN,NaN,NaN,4.994858623842429,3.0440501480721998,NaN,NaN,NaN,NaN,NaN,NaN,NaN,NaN,NaN,NaN,1,0,0,0,0,NaN,NaN,35.91634646351869,NaN,NaN,NaN,4.994858623842429,3.0440501480721998,NaN,NaN,NaN,NaN,NaN,NaN,NaN,NaN,NaN,NaN,1
2023-08-23,2.861469865579775,3.3779,2.861469865579775,3.095725,2.966697168380697,4.258674713926205,3.095725,0,0,5009,5733,0,0,0,0,NaN,NaN,32.43389879861523,NaN,NaN,NaN,4.994858623842429,3.0440501480721998,NaN,NaN,NaN,NaN,NaN,NaN,NaN,NaN,NaN,NaN,1,0,0,0,0,NaN,NaN,32.43389879861523,NaN,NaN,NaN,4.994858623842429,3.0440501480721998,NaN,NaN,NaN,NaN,NaN,NaN,NaN,NaN,NaN,NaN,1
2023-08-24,2.978597432789887,3.4999,2.978597432789887,3.342475,3.0350204104932974,4.244686932034202,3.3424750000000003,0,0,5009,5734,0,0,0,0,NaN,NaN,28.134416866721374,NaN,NaN,NaN,4.994858623842429,3.0440501480721998,NaN,NaN,NaN,NaN,NaN,NaN,NaN,NaN,NaN,NaN,1,0,0,0,0,NaN,NaN,28.134416866721374,NaN,NaN,NaN,4.994858623842429,3.0440501480721998,NaN,NaN,NaN,NaN,NaN,NaN,NaN,NaN,NaN,NaN,1
2023-08-25,3.1605362163949433,3.4999,3.1605362163949433,3.419975,3.1050121540399704,4.232095910171084,3.419975,0,0,5009,5735,0,0,0,0,NaN,NaN,25.020974747508568,NaN,NaN,NaN,4.994858623842429,3.0440501480721998,NaN,NaN,NaN,NaN,NaN,NaN,NaN,NaN,NaN,NaN,1,0,0,0,0,NaN,NaN,25.020974747508568,NaN,NaN,NaN,4.994858623842429,3.0440501480721998,NaN,NaN,NaN,NaN,NaN,NaN,NaN,NaN,NaN,NaN,1
2023-08-28,3.2902556081974716,3.75,3.2902556081974716,3.5975,3.194555398759976,4.2224074229929,3.5974999999999997,0,0,5009,5736,0,0,0,0,NaN,NaN,20.307979889137346,NaN,NaN,NaN,4.994858623842429,3.0440501480721998,NaN,NaN,NaN,NaN,NaN,NaN,NaN,NaN,NaN,NaN,1,0,0,0,0,NaN,NaN,20.307979889137346,NaN,NaN,NaN,4.994858623842429,3.0440501480721998,NaN,NaN,NaN,NaN,NaN,NaN,NaN,NaN,NaN,NaN,1
2023-08-29,3.4438778040987357,3.95,3.4438778040987357,3.746625,3.2949316898945256,4.215143569206749,3.7466250000000003,0,0,5009,5737,0,0,0,0,NaN,NaN,14.44767376935691,NaN,NaN,NaN,4.994858623842429,3.19542125,NaN,NaN,NaN,NaN,NaN,NaN,NaN,NaN,NaN,NaN,1,0,0,0,0,NaN,NaN,14.44767376935691,NaN,NaN,NaN,4.994858623842429,3.19542125,NaN,NaN,NaN,NaN,NaN,NaN,NaN,NaN,NaN,NaN,1
2023-08-30,3.5952514020493678,4.13,3.5952514020493678,3.927125,3.409875928095521,4.210746339142523,3.927125,0,0,5009,5738,0,0,0,0,NaN,NaN,8.97214887973123,NaN,NaN,NaN,4.994858623842429,3.3049148625,NaN,NaN,NaN,NaN,NaN,NaN,NaN,NaN,NaN,NaN,1,0,0,0,0,NaN,NaN,8.97214887973123,NaN,NaN,NaN,4.994858623842429,3.3049148625,NaN,NaN,NaN,NaN,NaN,NaN,NaN,NaN,NaN,NaN,1
2023-08-31,3.7611882010246838,4.69,3.7611882010246838,4.3374999999999995,3.5785348502599716,4.212681509537294,4.3374999999999995,0,0,5009,5739,0,0,0,0,NaN,NaN,3.6093534049054576,NaN,NaN,NaN,4.994858623842429,3.5597462207499997,NaN,NaN,NaN,NaN,NaN,NaN,NaN,NaN,NaN,NaN,1,0,0,0,0,NaN,NaN,3.6093534049054576,NaN,NaN,NaN,4.994858623842429,3.5597462207499997,NaN,NaN,NaN,NaN,NaN,NaN,NaN,NaN,NaN,NaN,1
2023-09-01,4.049344100512341,6.75,4.049344100512341,5.49,3.9260739683945225,4.232182555193213,5.489999999999999,0,0,5009,5740,1,0,0,0,NaN,NaN,0.039489081025813166,NaN,NaN,NaN,4.994858623842429,4.2578565608825,NaN,NaN,NaN,NaN,NaN,NaN,NaN,NaN,NaN,NaN,1,1,0,0,0,NaN,NaN,0.039489081025813166,NaN,NaN,NaN,4.994858623842429,4.2578565608825,NaN,NaN,NaN,NaN,NaN,NaN,NaN,NaN,NaN,NaN,1
2023-09-05,4.769672050256171,6,4.769672050256171,5.3325,4.181787792322791,4.248981294808583,5.3325,0,0,5009,5741,0,0,0,0,NaN,NaN,1.3187201045353294,NaN,NaN,NaN,4.994858623842429,4.2578565608825,NaN,NaN,NaN,NaN,NaN,NaN,NaN,NaN,NaN,NaN,1,0,0,0,0,NaN,NaN,1.3187201045353294,NaN,NaN,NaN,4.994858623842429,4.2578565608825,NaN,NaN,NaN,NaN,NaN,NaN,NaN,NaN,NaN,NaN,1
2023-09-06,5.051086025128085,5.21,4.5901,4.942525,4.3201036482641015,4.259569748322956,4.942525,0,0,5009,5742,0,0,0,0,NaN,NaN,5.049379658116684,NaN,NaN,NaN,4.994858623842429,4.2578565608825,NaN,NaN,NaN,NaN,NaN,NaN,NaN,NaN,NaN,NaN,1,0,0,0,0,NaN,NaN,5.049379658116684,NaN,NaN,NaN,4.994858623842429,4.2578565608825,NaN,NaN,NaN,NaN,NaN,NaN,NaN,NaN,NaN,NaN,1
2023-09-07,4.996805512564043,4.996805512564043,4.3207,4.510175,4.354662075852446,4.263395782699705,4.510175,0,0,5009,5743,0,0,0,0,NaN,NaN,10.180514423298382,NaN,NaN,NaN,4.994858623842429,4.2578565608825,NaN,NaN,NaN,NaN,NaN,NaN,NaN,NaN,NaN,NaN,1,0,0,0,0,NaN,NaN,10.180514423298382,NaN,NaN,NaN,4.994858623842429,4.2578565608825,NaN,NaN,NaN,NaN,NaN,NaN,NaN,NaN,NaN,NaN,1
2023-09-08,4.753490256282022,4.753490256282022,4.1,4.277475,4.340628062061093,4.263610732582152,4.277475,0,0,5009,5744,0,0,0,0,NaN,NaN,15.079119187652266,NaN,NaN,NaN,4.994858623842429,4.2578565608825,NaN,NaN,NaN,NaN,NaN,NaN,NaN,NaN,NaN,NaN,1,0,0,0,0,NaN,NaN,15.079119187652266,NaN,NaN,NaN,4.994858623842429,4.2578565608825,NaN,NaN,NaN,NaN,NaN,NaN,NaN,NaN,NaN,NaN,1
2023-09-11,4.515482628141011,4.515482628141011,4.13,4.2014,4.315313868959076,4.262660950405325,4.2014,0,0,5009,5745,0,0,0,0,NaN,NaN,19.466015638875827,NaN,NaN,NaN,4.994858623842429,4.2578565608825,NaN,NaN,NaN,NaN,NaN,NaN,NaN,NaN,NaN,NaN,1,0,0,0,0,NaN,NaN,19.466015638875827,NaN,NaN,NaN,4.994858623842429,4.2578565608825,NaN,NaN,NaN,NaN,NaN,NaN,NaN,NaN,NaN,NaN,1
2023-09-12,4.358441314070506,5,4.15,4.58,4.363438620057426,4.267505821391504,4.58,0,0,5009,5746,0,0,0,0,NaN,NaN,23.32134580434002,NaN,NaN,NaN,4.994858623842429,4.2578565608825,NaN,NaN,NaN,NaN,NaN,NaN,NaN,NaN,NaN,NaN,1,0,0,0,0,NaN,NaN,23.32134580434002,NaN,NaN,NaN,4.994858623842429,4.2578565608825,NaN,NaN,NaN,NaN,NaN,NaN,NaN,NaN,NaN,NaN,1
2023-09-13,4.469220657035253,6.59,4.469220657035253,5.685,4.603722507319712,4.289146953889344,5.685,0,0,5009,5747,0,0,0,0,NaN,NaN,27.37416453034421,NaN,NaN,NaN,4.994858623842429,4.5149137735766,NaN,NaN,NaN,NaN,NaN,NaN,NaN,NaN,NaN,NaN,1,0,0,0,0,NaN,NaN,27.37416453034421,NaN,NaN,NaN,4.994858623842429,4.5149137735766,NaN,NaN,NaN,NaN,NaN,NaN,NaN,NaN,NaN,NaN,1
2023-09-14,5.077110328517627,6.57,5.077110328517627,6.14,4.883045687807037,4.317404252303247,6.14,0,0,5009,5748,0,0,0,0,NaN,NaN,30.396291841727034,NaN,NaN,NaN,4.994858623842429,4.95205170754011,NaN,NaN,NaN,NaN,NaN,NaN,NaN,NaN,NaN,NaN,1,0,0,0,0,NaN,NaN,30.396291841727034,NaN,NaN,NaN,4.994858623842429,4.95205170754011,NaN,NaN,NaN,NaN,NaN,NaN,NaN,NaN,NaN,NaN,1
2023-09-15,5.608555164258814,6.16,5.38,5.895,5.06703738093303,4.3414896835657935,5.895,0,0,5009,5749,0,0,0,0,NaN,NaN,33.520427793426705,NaN,NaN,NaN,4.994858623842429,4.95205170754011,NaN,NaN,NaN,NaN,NaN,NaN,NaN,NaN,NaN,NaN,1,0,0,0,0,NaN,NaN,33.520427793426705,NaN,NaN,NaN,4.994858623842429,4.95205170754011,NaN,NaN,NaN,NaN,NaN,NaN,NaN,NaN,NaN,NaN,1
2023-09-18,5.751777582129407,6.0996,5.5201,5.829925,5.205744220763388,4.364213886870132,5.829925,0,0,5009,5750,0,0,0,0,NaN,NaN,36.49579077608534,NaN,NaN,NaN,4.994858623842429,4.95205170754011,NaN,NaN,NaN,NaN,NaN,NaN,NaN,NaN,NaN,NaN,1,0,0,0,0,NaN,NaN,36.49579077608534,NaN,NaN,NaN,4.994858623842429,4.95205170754011,NaN,NaN,NaN,NaN,NaN,NaN,NaN,NaN,NaN,NaN,1
2023-09-19,5.790851291064703,5.93,5.23,5.485,5.256517998806409,4.3813251252385275,5.485,0,0,5009,5751,0,0,0,0,NaN,NaN,38.825757608535504,NaN,NaN,NaN,4.994858623842429,4.95205170754011,NaN,NaN,NaN,NaN,NaN,NaN,NaN,NaN,NaN,NaN,1,0,0,0,0,NaN,NaN,38.825757608535504,NaN,NaN,NaN,4.994858623842429,4.95205170754011,NaN,NaN,NaN,NaN,NaN,NaN,NaN,NaN,NaN,NaN,1
2023-09-20,5.637925645532352,5.637925645532352,5.1,5.2675,5.258514726296153,4.394854512639466,5.2675,0,0,5009,5752,0,0,0,0,NaN,NaN,40.89849776207413,NaN,NaN,NaN,4.994858623842429,4.95205170754011,NaN,NaN,NaN,NaN,NaN,NaN,NaN,NaN,NaN,NaN,1,0,0,0,0,NaN,NaN,40.89849776207413,NaN,NaN,NaN,4.994858623842429,4.95205170754011,NaN,NaN,NaN,NaN,NaN,NaN,NaN,NaN,NaN,NaN,1
2023-09-21,5.452712822766176,5.452712822766176,4.5,4.8174,5.178312048787761,4.401305588782375,4.8174,0,0,5009,5753,0,0,0,0,NaN,NaN,42.47466315985142,NaN,NaN,NaN,4.994858623842429,4.95205170754011,NaN,NaN,NaN,NaN,NaN,NaN,NaN,NaN,NaN,NaN,1,0,0,0,0,NaN,NaN,42.47466315985142,NaN,NaN,NaN,4.994858623842429,4.95205170754011,NaN,NaN,NaN,NaN,NaN,NaN,NaN,NaN,NaN,NaN,1
2023-09-22,5.135056411383088,5.41,4.76,5.0125,5.148164403553623,4.410636801167376,5.0125,0,0,5009,5754,0,0,0,0,NaN,NaN,44.42471143267682,NaN,NaN,NaN,4.994858623842429,4.95205170754011,NaN,NaN,NaN,NaN,NaN,NaN,NaN,NaN,NaN,NaN,1,0,0,0,0,NaN,NaN,44.42471143267682,NaN,NaN,NaN,4.994858623842429,4.95205170754011,NaN,NaN,NaN,NaN,NaN,NaN,NaN,NaN,NaN,NaN,1
2023-09-25,5.073778205691545,5.2,4.785,5.01375,5.123725421089328,4.419844636264058,5.01375,0,0,5009,5755,0,0,0,0,NaN,NaN,46.27544769008212,NaN,NaN,NaN,4.994858623842429,4.95205170754011,NaN,NaN,NaN,NaN,NaN,NaN,NaN,NaN,NaN,NaN,1,0,0,0,0,NaN,NaN,46.27544769008212,NaN,NaN,NaN,4.994858623842429,4.95205170754011,NaN,NaN,NaN,NaN,NaN,NaN,NaN,NaN,NaN,NaN,1
2023-09-26,5.043764102845772,5.6,5.043764102845772,5.2994,5.155666253618541,4.433272962427965,5.2993999999999994,0,0,5009,5756,0,0,0,0,NaN,NaN,48.365656271152,NaN,NaN,NaN,4.994858623842429,4.95205170754011,NaN,NaN,NaN,NaN,NaN,NaN,NaN,NaN,NaN,NaN,1,0,0,0,0,NaN,NaN,48.365656271152,NaN,NaN,NaN,4.994858623842429,4.95205170754011,NaN,NaN,NaN,NaN,NaN,NaN,NaN,NaN,NaN,NaN,1
2023-09-27,5.171582051422886,5.65,5.171582051422886,5.4675,5.212363298415171,4.449062688192424,5.4675,0,0,5009,5757,0,0,0,0,NaN,NaN,50.49136764584541,NaN,NaN,NaN,4.994858623842429,4.95205170754011,NaN,NaN,NaN,NaN,NaN,NaN,NaN,NaN,NaN,NaN,1,0,0,0,0,NaN,NaN,50.49136764584541,NaN,NaN,NaN,4.994858623842429,4.95205170754011,NaN,NaN,NaN,NaN,NaN,NaN,NaN,NaN,NaN,NaN,1
2023-09-28,5.319541025711443,5.49,5.16,5.3325,5.234206335066958,4.462550280739104,5.3325,0,0,5009,5758,0,0,0,0,NaN,NaN,52.28421965274593,NaN,NaN,NaN,4.994858623842429,4.95205170754011,NaN,NaN,NaN,NaN,NaN,NaN,NaN,NaN,NaN,NaN,1,0,0,0,0,NaN,NaN,52.28421965274593,NaN,NaN,NaN,4.994858623842429,4.95205170754011,NaN,NaN,NaN,NaN,NaN,NaN,NaN,NaN,NaN,NaN,1
2023-09-29,5.326020512855721,5.5,4.905,5.26875,5.24048700141842,4.474858673399576,5.26875,0,0,5009,5759,0,0,0,0,NaN,NaN,53.97230318341782,NaN,NaN,NaN,4.994858623842429,4.95205170754011,NaN,NaN,NaN,NaN,NaN,NaN,NaN,NaN,NaN,NaN,1,0,0,0,0,NaN,NaN,53.97230318341782,NaN,NaN,NaN,4.994858623842429,4.95205170754011,NaN,NaN,NaN,NaN,NaN,NaN,NaN,NaN,NaN,NaN,1
2023-10-02,5.2973852564278605,5.61,4.9,5.317500000000001,5.254489364796889,4.487723426477445,5.317500000000001,0,0,5009,5760,0,0,0,0,NaN,NaN,55.436754759712514,NaN,NaN,NaN,4.994858623842429,4.95205170754011,NaN,NaN,NaN,NaN,NaN,NaN,NaN,NaN,NaN,NaN,1,0,0,0,0,NaN,NaN,55.436754759712514,NaN,NaN,NaN,4.994858623842429,4.95205170754011,NaN,NaN,NaN,NaN,NaN,NaN,NaN,NaN,NaN,NaN,1
2023-10-03,5.307442628213931,5.31,4.831,5.12525,5.230991298470182,4.497456656607561,5.12525,0,0,5009,5761,0,0,0,0,NaN,NaN,56.571410735305946,NaN,NaN,NaN,4.994858623842429,4.95205170754011,NaN,NaN,NaN,NaN,NaN,NaN,NaN,NaN,NaN,NaN,1,0,0,0,0,NaN,NaN,56.571410735305946,NaN,NaN,NaN,4.994858623842429,4.95205170754011,NaN,NaN,NaN,NaN,NaN,NaN,NaN,NaN,NaN,NaN,1
2023-10-04,5.216346314106966,5.216346314106966,4.711,4.96275,5.182220153293786,4.504560371773858,4.96275,0,0,5009,5762,0,0,0,0,NaN,NaN,57.4165733595657,NaN,NaN,NaN,4.994858623842429,4.95205170754011,NaN,NaN,NaN,NaN,NaN,NaN,NaN,NaN,NaN,NaN,1,0,0,0,0,NaN,NaN,57.4165733595657,NaN,NaN,NaN,4.994858623842429,4.95205170754011,NaN,NaN,NaN,NaN,NaN,NaN,NaN,NaN,NaN,NaN,1
2023-10-05,5.089548157053483,5.172,4.71,4.978,5.14508921633128,4.511788457700974,4.978,0,0,5009,5763,0,0,0,0,NaN,NaN,57.94414861935283,NaN,NaN,NaN,4.994858623842429,4.95205170754011,NaN,NaN,NaN,NaN,NaN,NaN,NaN,NaN,NaN,NaN,1,0,0,0,0,NaN,NaN,57.94414861935283,NaN,NaN,NaN,4.994858623842429,4.95205170754011,NaN,NaN,NaN,NaN,NaN,NaN,NaN,NaN,NaN,NaN,1
2023-10-06,5.033774078526742,5.57,5.033774078526742,5.369325,5.185859358816502,4.524880618652104,5.369325,0,0,5009,5764,0,0,0,0,NaN,NaN,59.121673732870185,NaN,NaN,NaN,4.994858623842429,4.95205170754011,NaN,NaN,NaN,NaN,NaN,NaN,NaN,NaN,NaN,NaN,1,0,0,0,0,NaN,NaN,59.121673732870185,NaN,NaN,NaN,4.994858623842429,4.95205170754011,NaN,NaN,NaN,NaN,NaN,NaN,NaN,NaN,NaN,NaN,1
2023-10-09,5.201549539263371,5.9095,5.201549539263371,5.544425,5.251053111758956,4.540446181726118,5.544425,0,0,5009,5765,0,0,0,0,NaN,NaN,60.50246083182239,NaN,NaN,NaN,4.994858623842429,4.95205170754011,NaN,NaN,NaN,NaN,NaN,NaN,NaN,NaN,NaN,NaN,1,0,0,0,0,NaN,NaN,60.50246083182239,NaN,NaN,NaN,4.994858623842429,4.95205170754011,NaN,NaN,NaN,NaN,NaN,NaN,NaN,NaN,NaN,NaN,1
2023-10-10,5.372987269631686,5.7811,5.372987269631686,5.551525,5.305684364166418,4.555882499562361,5.551525,0,0,5009,5766,0,0,0,0,NaN,NaN,62.07266461163123,NaN,NaN,NaN,4.994858623842429,4.95205170754011,NaN,NaN,NaN,NaN,NaN,NaN,NaN,NaN,NaN,NaN,1,0,0,0,0,NaN,NaN,62.07266461163123,NaN,NaN,NaN,4.994858623842429,4.95205170754011,NaN,NaN,NaN,NaN,NaN,NaN,NaN,NaN,NaN,NaN,1
2023-10-11,5.462256134815843,5.462256134815843,4.94,5.13,5.273741752499797,4.564647652240798,5.13,0,0,5009,5767,0,0,0,0,NaN,NaN,63.24683342884973,NaN,NaN,NaN,4.994858623842429,4.95205170754011,NaN,NaN,NaN,NaN,NaN,NaN,NaN,NaN,NaN,NaN,1,0,0,0,0,NaN,NaN,63.24683342884973,NaN,NaN,NaN,4.994858623842429,4.95205170754011,NaN,NaN,NaN,NaN,NaN,NaN,NaN,NaN,NaN,NaN,1
2023-10-12,5.296128067407921,5.296128067407921,4.63,4.9399999999999995,5.21306143386347,4.570378222435595,4.9399999999999995,0,0,5009,5768,0,0,0,0,NaN,NaN,64.03703154639169,NaN,NaN,NaN,4.994858623842429,4.95205170754011,NaN,NaN,NaN,NaN,NaN,NaN,NaN,NaN,NaN,NaN,1,0,0,0,0,NaN,NaN,64.03703154639169,NaN,NaN,NaN,4.994858623842429,4.95205170754011,NaN,NaN,NaN,NaN,NaN,NaN,NaN,NaN,NaN,NaN,1
2023-10-13,5.118064033703961,5.14,4.92,5.0649999999999995,5.186141173161021,4.5779296999556625,5.0649999999999995,0,0,5009,5769,0,0,0,0,NaN,NaN,64.99497326376628,NaN,NaN,NaN,4.994858623842429,4.95205170754011,NaN,NaN,NaN,NaN,NaN,NaN,NaN,NaN,NaN,NaN,1,0,0,0,0,NaN,NaN,64.99497326376628,NaN,NaN,NaN,4.994858623842429,4.95205170754011,NaN,NaN,NaN,NaN,NaN,NaN,NaN,NaN,NaN,NaN,1
2023-10-16,5.09153201685198,5.215,5.01,5.12625,5.175251868949926,4.586301002246416,5.126249999999999,0,0,5009,5770,0,0,0,0,NaN,NaN,65.71176739538892,NaN,NaN,NaN,4.994858623842429,4.95205170754011,NaN,NaN,NaN,NaN,NaN,NaN,NaN,NaN,NaN,NaN,1,0,0,0,0,NaN,NaN,65.71176739538892,NaN,NaN,NaN,4.994858623842429,4.95205170754011,NaN,NaN,NaN,NaN,NaN,NaN,NaN,NaN,NaN,NaN,1
2023-10-17,5.10889100842599,5.73,5.10889100842599,5.4125,5.218387892777212,4.59891472740296,5.4125,0,0,5009,5771,0,0,0,0,NaN,NaN,66.4738550481439,NaN,NaN,NaN,4.994858623842429,4.95205170754011,NaN,NaN,NaN,NaN,NaN,NaN,NaN,NaN,NaN,NaN,1,0,0,0,0,NaN,NaN,66.4738550481439,NaN,NaN,NaN,4.994858623842429,4.95205170754011,NaN,NaN,NaN,NaN,NaN,NaN,NaN,NaN,NaN,NaN,1
2023-10-18,5.260695504212995,5.77,5.260695504212995,5.557499999999999,5.280044639544991,4.61354961706093,5.557499999999999,0,0,5009,5772,0,0,0,0,NaN,NaN,67.40429306775201,NaN,NaN,NaN,4.994858623842429,4.95205170754011,NaN,NaN,NaN,NaN,NaN,NaN,NaN,NaN,NaN,NaN,1,0,0,0,0,NaN,NaN,67.40429306775201,NaN,NaN,NaN,4.994858623842429,4.95205170754011,NaN,NaN,NaN,NaN,NaN,NaN,NaN,NaN,NaN,NaN,1
2023-10-19,5.409097752106497,5.7934,5.39,5.585850000000001,5.335645614173175,4.628393897716489,5.585850000000001,0,0,5009,5773,0,0,0,0,NaN,NaN,68.41409760739799,NaN,NaN,NaN,4.994858623842429,4.95205170754011,NaN,NaN,NaN,NaN,NaN,NaN,NaN,NaN,NaN,NaN,1,0,0,0,0,NaN,NaN,68.41409760739799,NaN,NaN,NaN,4.994858623842429,4.95205170754011,NaN,NaN,NaN,NaN,NaN,NaN,NaN,NaN,NaN,NaN,1
2023-10-20,5.497473876053249,6.0142,5.497473876053249,5.743074999999999,5.409723684323507,4.64541192981242,5.743074999999999,0,0,5009,5774,0,0,0,0,NaN,NaN,70.1851116955043,NaN,NaN,NaN,4.994858623842429,4.95205170754011,NaN,NaN,NaN,NaN,NaN,NaN,NaN,NaN,NaN,NaN,1,0,0,0,0,NaN,NaN,70.1851116955043,NaN,NaN,NaN,4.994858623842429,4.95205170754011,NaN,NaN,NaN,NaN,NaN,NaN,NaN,NaN,NaN,NaN,1
2023-10-23,5.620274438026624,5.975,5.21,5.58375,5.441364832628324,4.659737701876352,5.58375,0,0,5009,5775,0,0,0,0,NaN,NaN,71.98425300701179,NaN,NaN,NaN,4.994858623842429,4.95205170754011,NaN,NaN,NaN,NaN,NaN,NaN,NaN,NaN,NaN,NaN,1,0,0,0,0,NaN,NaN,71.98425300701179,NaN,NaN,NaN,4.994858623842429,4.95205170754011,NaN,NaN,NaN,NaN,NaN,NaN,NaN,NaN,NaN,NaN,1
2023-10-24,5.602012219013313,5.602012219013313,5.28,5.3725000000000005,5.428843953968628,4.670619569023279,5.3725000000000005,0,0,5009,5776,0,0,0,0,NaN,NaN,72.83948162612104,NaN,NaN,NaN,4.994858623842429,4.95205170754011,NaN,NaN,NaN,NaN,NaN,NaN,NaN,NaN,NaN,NaN,1,0,0,0,0,NaN,NaN,72.83948162612104,NaN,NaN,NaN,4.994858623842429,4.95205170754011,NaN,NaN,NaN,NaN,NaN,NaN,NaN,NaN,NaN,NaN,1
2023-10-25,5.4872561095066565,5.4872561095066565,4.75,5.112500000000001,5.371326871428877,4.677365835145061,5.112500000000001,0,0,5009,5777,0,0,0,0,NaN,NaN,73.24285877659578,NaN,NaN,NaN,4.994858623842429,4.95205170754011,NaN,NaN,NaN,NaN,NaN,NaN,NaN,NaN,NaN,NaN,1,0,0,0,0,NaN,NaN,73.24285877659578,NaN,NaN,NaN,4.994858623842429,4.95205170754011,NaN,NaN,NaN,NaN,NaN,NaN,NaN,NaN,NaN,NaN,1
2023-10-26,5.299878054753329,5.299878054753329,4.695,4.90875,5.287221985714536,4.680898417814602,4.90875,0,0,5009,5778,0,0,0,0,NaN,NaN,73.37997202600953,NaN,NaN,NaN,4.994858623842429,4.95205170754011,NaN,NaN,NaN,NaN,NaN,NaN,NaN,NaN,NaN,NaN,1,0,0,0,0,NaN,NaN,73.37997202600953,NaN,NaN,NaN,4.994858623842429,4.95205170754011,NaN,NaN,NaN,NaN,NaN,NaN,NaN,NaN,NaN,NaN,1
2023-10-27,5.104314027376665,5.104314027376665,4.53,4.729775,5.185867988311894,4.681644625176211,4.729775,0,0,5009,5779,0,0,0,0,NaN,NaN,73.68513408343553,NaN,NaN,NaN,4.994858623842429,4.95205170754011,NaN,NaN,NaN,NaN,NaN,NaN,NaN,NaN,NaN,NaN,1,0,0,0,0,NaN,NaN,73.68513408343553,NaN,NaN,NaN,4.994858623842429,4.95205170754011,NaN,NaN,NaN,NaN,NaN,NaN,NaN,NaN,NaN,NaN,1
2023-10-30,4.9170445136883325,4.9170445136883325,4.53,4.65625,5.089573808618822,4.681256920975047,4.65625,0,0,5009,5780,0,0,0,0,NaN,NaN,74.60663901111738,NaN,NaN,NaN,4.994858623842429,4.95205170754011,NaN,NaN,NaN,NaN,NaN,NaN,NaN,NaN,NaN,NaN,1,0,0,0,0,NaN,NaN,74.60663901111738,NaN,NaN,NaN,4.994858623842429,4.95205170754011,NaN,NaN,NaN,NaN,NaN,NaN,NaN,NaN,NaN,NaN,1
2023-10-31,4.786647256844166,4.786647256844166,4.46,4.6274999999999995,5.005560388869945,4.680436204624283,4.6275,0,0,5009,5781,0,0,0,0,NaN,NaN,72.30281074574307,NaN,NaN,NaN,4.994858623842429,4.95205170754011,NaN,NaN,NaN,NaN,NaN,NaN,NaN,NaN,NaN,NaN,1,0,0,0,0,NaN,NaN,72.30281074574307,NaN,NaN,NaN,4.994858623842429,4.95205170754011,NaN,NaN,NaN,NaN,NaN,NaN,NaN,NaN,NaN,NaN,1
2023-11-01,4.707073628422083,4.8805,4.65,4.767625,4.96229940907541,4.6817673312712405,4.767625,0,0,5009,5782,0,0,0,0,NaN,NaN,70.10521779576871,NaN,NaN,NaN,4.994858623842429,4.95205170754011,NaN,NaN,NaN,NaN,NaN,NaN,NaN,NaN,NaN,NaN,1,0,0,0,0,NaN,NaN,70.10521779576871,NaN,NaN,NaN,4.994858623842429,4.95205170754011,NaN,NaN,NaN,NaN,NaN,NaN,NaN,NaN,NaN,NaN,1
2023-11-02,4.737349314211041,4.9323,4.6,4.725574999999999,4.919258607425335,4.682436150641145,4.725574999999999,0,0,5009,5783,0,0,0,0,NaN,NaN,67.50991009041833,NaN,NaN,NaN,4.994858623842429,4.95205170754011,NaN,NaN,NaN,NaN,NaN,NaN,NaN,NaN,NaN,NaN,1,0,0,0,0,NaN,NaN,67.50991009041833,NaN,NaN,NaN,4.994858623842429,4.95205170754011,NaN,NaN,NaN,NaN,NaN,NaN,NaN,NaN,NaN,NaN,1
2023-11-03,4.73146215710552,4.89,4.62,4.71,4.881211587893456,4.682856972768761,4.71,0,0,5009,5784,0,0,0,0,NaN,NaN,64.73210151816494,NaN,NaN,NaN,4.994858623842429,4.95205170754011,NaN,NaN,NaN,NaN,NaN,NaN,NaN,NaN,NaN,NaN,1,0,0,0,0,NaN,NaN,64.73210151816494,NaN,NaN,NaN,4.994858623842429,4.95205170754011,NaN,NaN,NaN,NaN,NaN,NaN,NaN,NaN,NaN,NaN,1
2023-11-06,4.72073107855276,4.7859,4.6,4.713975,4.850804935549191,4.6833320571539705,4.713975,0,0,5009,5785,0,0,0,0,NaN,NaN,61.85943793154183,NaN,NaN,NaN,4.994858623842429,4.95205170754011,NaN,NaN,NaN,NaN,NaN,NaN,NaN,NaN,NaN,NaN,1,0,0,0,0,NaN,NaN,61.85943793154183,NaN,NaN,NaN,4.994858623842429,4.95205170754011,NaN,NaN,NaN,NaN,NaN,NaN,NaN,NaN,NaN,NaN,1
2023-11-07,4.71735303927638,4.75,4.32,4.548,4.795749492722066,4.681265918876811,4.548,0,0,5009,5786,0,0,0,0,NaN,NaN,58.31174874608263,NaN,NaN,NaN,4.994858623842429,4.95205170754011,NaN,NaN,NaN,NaN,NaN,NaN,NaN,NaN,NaN,NaN,1,0,0,0,0,NaN,NaN,58.31174874608263,NaN,NaN,NaN,4.994858623842429,4.95205170754011,NaN,NaN,NaN,NaN,NaN,NaN,NaN,NaN,NaN,NaN,1
2023-11-08,4.63267651963819,4.63267651963819,4.09,4.295,4.704704130408963,4.675368729275638,4.295,0,0,5009,5787,0,0,0,0,NaN,NaN,53.83744924476146,NaN,NaN,NaN,4.994858623842429,4.95205170754011,NaN,NaN,NaN,NaN,NaN,NaN,NaN,NaN,NaN,NaN,1,0,0,0,0,NaN,NaN,53.83744924476146,NaN,NaN,NaN,4.994858623842429,4.95205170754011,NaN,NaN,NaN,NaN,NaN,NaN,NaN,NaN,NaN,NaN,1
2023-11-09,4.463838259819095,4.463838259819095,3.89,4.085,4.592030652152788,4.666355466233262,4.085,0,0,5009,5788,0,0,0,0,NaN,NaN,48.5845061912728,NaN,NaN,NaN,4.994858623842429,4.95205170754011,NaN,NaN,NaN,NaN,NaN,NaN,NaN,NaN,NaN,NaN,1,0,0,0,0,NaN,NaN,48.5845061912728,NaN,NaN,NaN,4.994858623842429,4.95205170754011,NaN,NaN,NaN,NaN,NaN,NaN,NaN,NaN,NaN,NaN,1
2023-11-10,4.274419129909548,4.274419129909548,3.81,4.022475,4.4884750790340995,4.6565252301075635,4.022475,0,0,5009,5789,0,0,0,0,NaN,NaN,43.149440983333484,NaN,NaN,NaN,4.994858623842429,4.95205170754011,NaN,NaN,NaN,NaN,NaN,NaN,NaN,NaN,NaN,NaN,1,0,0,0,0,NaN,NaN,43.149440983333484,NaN,NaN,NaN,4.994858623842429,4.95205170754011,NaN,NaN,NaN,NaN,NaN,NaN,NaN,NaN,NaN,NaN,1
2023-11-13,4.148447064954774,4.17,3.6,3.8725,4.376479610118809,4.644555379266227,3.8725,0,0,5009,5790,0,0,0,0,NaN,NaN,37.224173457666346,NaN,NaN,NaN,4.994858623842429,4.95205170754011,NaN,NaN,NaN,NaN,NaN,NaN,NaN,NaN,NaN,NaN,1,0,0,0,0,NaN,NaN,37.224173457666346,NaN,NaN,NaN,4.994858623842429,4.95205170754011,NaN,NaN,NaN,NaN,NaN,NaN,NaN,NaN,NaN,NaN,1
2023-11-14,4.010473532477387,4.010473532477387,3.371,3.5330250000000003,4.223124226460843,4.6275854498117805,3.5330250000000003,0,0,5009,5791,0,0,0,0,NaN,NaN,30.251031090591578,NaN,NaN,NaN,4.994858623842429,4.60188475,NaN,NaN,NaN,NaN,NaN,NaN,NaN,NaN,NaN,NaN,1,0,0,0,0,NaN,NaN,30.251031090591578,NaN,NaN,NaN,4.994858623842429,4.60188475,NaN,NaN,NaN,NaN,NaN,NaN,NaN,NaN,NaN,NaN,1
2023-11-15,3.7717492662386936,3.88,3.4,3.6087499999999997,4.111419821649781,4.612030710119997,3.6087499999999992,0,0,5009,5792,0,0,0,0,NaN,NaN,24.02111567999926,NaN,NaN,NaN,4.994858623842429,4.60188475,NaN,NaN,NaN,NaN,NaN,NaN,NaN,NaN,NaN,NaN,1,0,0,0,0,NaN,NaN,24.02111567999926,NaN,NaN,NaN,4.994858623842429,4.60188475,NaN,NaN,NaN,NaN,NaN,NaN,NaN,NaN,NaN,NaN,1
2023-11-16,3.690249633119347,3.86,3.41,3.64,4.025707126804366,4.597190546606715,3.64,0,0,5009,5793,0,0,0,0,NaN,NaN,18.45930126720728,NaN,NaN,NaN,4.994858623842429,4.60188475,NaN,NaN,NaN,NaN,NaN,NaN,NaN,NaN,NaN,NaN,1,0,0,0,0,NaN,NaN,18.45930126720728,NaN,NaN,NaN,4.994858623842429,4.60188475,NaN,NaN,NaN,NaN,NaN,NaN,NaN,NaN,NaN,NaN,1
2023-11-17,3.6651248165596737,3.7,3.17,3.4175,3.915124012839936,4.579180003910429,3.4175,0,0,5009,5794,0,0,0,0,NaN,NaN,12.963753243673782,NaN,NaN,NaN,4.994858623842429,4.5103235825,NaN,NaN,NaN,NaN,NaN,NaN,NaN,NaN,NaN,NaN,1,0,0,0,0,NaN,NaN,12.963753243673782,NaN,NaN,NaN,4.994858623842429,4.5103235825,NaN,NaN,NaN,NaN,NaN,NaN,NaN,NaN,NaN,NaN,1
2023-11-20,3.541312408279837,3.55,3.21,3.3625,3.8146469195963113,4.560604736675155,3.3625,0,0,5009,5795,0,0,0,0,NaN,NaN,8.215349916215557,NaN,NaN,NaN,4.994858623842429,4.415604167549999,NaN,NaN,NaN,NaN,NaN,NaN,NaN,NaN,NaN,NaN,1,0,0,0,0,NaN,NaN,8.215349916215557,NaN,NaN,NaN,4.994858623842429,4.415604167549999,NaN,NaN,NaN,NaN,NaN,NaN,NaN,NaN,NaN,NaN,1
2023-11-21,3.4519062041399184,3.4519062041399184,3,3.14,3.691983843306073,4.538916114741183,3.14,0,0,5009,5796,0,0,0,0,NaN,NaN,4.2665757521635586,NaN,NaN,NaN,4.994858623842429,4.1995622924705,NaN,NaN,NaN,NaN,NaN,NaN,NaN,NaN,NaN,NaN,1,0,0,0,0,NaN,NaN,4.2665757521635586,NaN,NaN,NaN,4.994858623842429,4.1995622924705,NaN,NaN,NaN,NaN,NaN,NaN,NaN,NaN,NaN,NaN,1
2023-11-22,3.2959531020699595,3.3,3.0544,3.1685999999999996,3.5968231445231504,4.517995258027577,3.1685999999999996,0,0,5009,5797,0,0,0,0,NaN,NaN,1.8132689842260117,NaN,NaN,NaN,4.994858623842429,4.1995622924705,NaN,NaN,NaN,NaN,NaN,NaN,NaN,NaN,NaN,NaN,1,0,0,0,0,NaN,NaN,1.8132689842260117,NaN,NaN,NaN,4.994858623842429,4.1995622924705,NaN,NaN,NaN,NaN,NaN,NaN,NaN,NaN,NaN,NaN,1
2023-11-24,3.2322765510349796,3.36,3.095,3.2237500000000003,3.5289916637007597,4.49823578843937,3.2237500000000003,0,0,5009,5798,0,0,0,0,NaN,NaN,0.5107402770281928,NaN,NaN,NaN,4.994858623842429,4.1995622924705,NaN,NaN,NaN,NaN,NaN,NaN,NaN,NaN,NaN,NaN,1,0,0,0,0,NaN,NaN,0.5107402770281928,NaN,NaN,NaN,4.994858623842429,4.1995622924705,NaN,NaN,NaN,NaN,NaN,NaN,NaN,NaN,NaN,NaN,1
2023-11-27,3.22801327551749,3.6,3.22801327551749,3.36,3.498265906664258,4.480858142814341,3.36,0,0,5009,5799,0,0,0,0,NaN,NaN,0.007202124075405984,NaN,NaN,NaN,4.994858623842429,4.1995622924705,NaN,NaN,NaN,NaN,NaN,NaN,NaN,NaN,NaN,NaN,1,0,0,0,0,NaN,NaN,0.007202124075405984,NaN,NaN,NaN,4.994858623842429,4.1995622924705,NaN,NaN,NaN,NaN,NaN,NaN,NaN,NaN,NaN,NaN,1
2023-11-28,3.294006637758745,3.37,3.11,3.2424999999999997,3.4517630145434834,4.461951911626336,3.2424999999999997,0,0,5009,5800,0,0,0,0,NaN,NaN,0.4099566701921067,NaN,NaN,NaN,4.994858623842429,4.1995622924705,NaN,NaN,NaN,NaN,NaN,NaN,NaN,NaN,NaN,NaN,1,0,0,0,0,NaN,NaN,0.4099566701921067,NaN,NaN,NaN,4.994858623842429,4.1995622924705,NaN,NaN,NaN,NaN,NaN,NaN,NaN,NaN,NaN,NaN,1
2023-11-29,3.2682533188793723,3.32,3.18,3.2225,3.410078830081032,4.443028981677842,3.2225,0,0,5009,5801,0,0,0,0,NaN,NaN,2.1661085548496106,NaN,NaN,NaN,4.994858623842429,4.1995622924705,NaN,NaN,NaN,NaN,NaN,NaN,NaN,NaN,NaN,NaN,1,0,0,0,0,NaN,NaN,2.1661085548496106,NaN,NaN,NaN,4.994858623842429,4.1995622924705,NaN,NaN,NaN,NaN,NaN,NaN,NaN,NaN,NaN,NaN,1
2023-11-30,3.2453766594396862,3.2453766594396862,3.05,3.146,3.362064497339026,4.423227012491921,3.146,0,0,5009,5802,0,0,0,0,NaN,NaN,5.489774190028259,NaN,NaN,NaN,4.994858623842429,4.1995622924705,NaN,NaN,NaN,NaN,NaN,NaN,NaN,NaN,NaN,NaN,1,0,0,0,0,NaN,NaN,5.489774190028259,NaN,NaN,NaN,4.994858623842429,4.1995622924705,NaN,NaN,NaN,NaN,NaN,NaN,NaN,NaN,NaN,NaN,1
2023-12-01,3.195688329719843,3.38,3.09,3.215,3.3353254978228395,4.404780798560747,3.215,0,0,5009,5803,0,0,0,0,NaN,NaN,10.459127564744865,NaN,NaN,NaN,4.994858623842429,4.1995622924705,NaN,NaN,NaN,NaN,NaN,NaN,NaN,NaN,NaN,NaN,1,0,0,0,0,NaN,NaN,10.459127564744865,NaN,NaN,NaN,4.994858623842429,4.1995622924705,NaN,NaN,NaN,NaN,NaN,NaN,NaN,NaN,NaN,NaN,1
2023-12-04,3.2053441648599215,3.44,3.2,3.2975000000000003,3.3284481345823234,4.387875748201041,3.2975000000000003,0,0,5009,5804,0,0,0,0,NaN,NaN,16.839844027483437,NaN,NaN,NaN,4.994858623842429,4.1995622924705,NaN,NaN,NaN,NaN,NaN,NaN,NaN,NaN,NaN,NaN,1,0,0,0,0,NaN,NaN,16.839844027483437,NaN,NaN,NaN,4.994858623842429,4.1995622924705,NaN,NaN,NaN,NaN,NaN,NaN,NaN,NaN,NaN,NaN,1
2023-12-05,3.251422082429961,3.4,3.01,3.2024999999999997,3.3055484737491736,4.36977840853385,3.2024999999999997,0,0,5009,5805,0,0,0,0,NaN,NaN,24.139047872874517,NaN,NaN,NaN,4.994858623842429,4.1995622924705,NaN,NaN,NaN,NaN,NaN,NaN,NaN,NaN,NaN,NaN,1,0,0,0,0,NaN,NaN,24.139047872874517,NaN,NaN,NaN,4.994858623842429,4.1995622924705,NaN,NaN,NaN,NaN,NaN,NaN,NaN,NaN,NaN,NaN,1
2023-12-06,3.22696104121498,3.39,3.18,3.275,3.2999942057947784,4.353064234357761,3.275,0,0,5009,5806,0,0,0,0,NaN,NaN,31.511338808246098,NaN,NaN,NaN,4.994858623842429,4.1995622924705,NaN,NaN,NaN,NaN,NaN,NaN,NaN,NaN,NaN,NaN,1,0,0,0,0,NaN,NaN,31.511338808246098,NaN,NaN,NaN,4.994858623842429,4.1995622924705,NaN,NaN,NaN,NaN,NaN,NaN,NaN,NaN,NaN,NaN,1
2023-12-07,3.2509805206074898,4,3.2509805206074898,3.645,3.3627225320139096,4.3422540933752,3.645,0,0,5009,5807,0,0,0,0,NaN,NaN,38.75588432176003,NaN,NaN,NaN,4.994858623842429,4.1995622924705,NaN,NaN,NaN,NaN,NaN,NaN,NaN,NaN,NaN,NaN,1,0,0,0,0,NaN,NaN,38.75588432176003,NaN,NaN,NaN,4.994858623842429,4.1995622924705,NaN,NaN,NaN,NaN,NaN,NaN,NaN,NaN,NaN,NaN,1
2023-12-08,3.4479902603037447,3.85,3.4,3.67,3.4185911625568353,4.331990672102296,3.67,0,0,5009,5808,0,0,0,0,NaN,NaN,45.77928546175588,NaN,NaN,NaN,4.994858623842429,4.1995622924705,NaN,NaN,NaN,NaN,NaN,NaN,NaN,NaN,NaN,NaN,1,0,0,0,0,NaN,NaN,45.77928546175588,NaN,NaN,NaN,4.994858623842429,4.1995622924705,NaN,NaN,NaN,NaN,NaN,NaN,NaN,NaN,NaN,NaN,1
2023-12-11,3.5589951301518723,3.6898,3.2,3.44245,3.422929133001047,4.318409898482414,3.4424499999999996,0,0,5009,5809,0,0,0,0,NaN,NaN,52.979208331655116,NaN,NaN,NaN,4.994858623842429,4.1995622924705,NaN,NaN,NaN,NaN,NaN,NaN,NaN,NaN,NaN,NaN,1,0,0,0,0,NaN,NaN,52.979208331655116,NaN,NaN,NaN,4.994858623842429,4.1995622924705,NaN,NaN,NaN,NaN,NaN,NaN,NaN,NaN,NaN,NaN,1
2023-12-12,3.500722565075936,3.500722565075936,3,3.140025,3.3714920179099477,4.300419289345277,3.140025,0,0,5009,5810,0,0,0,0,NaN,NaN,59.938046795735836,NaN,NaN,NaN,4.994858623842429,4.1995622924705,NaN,NaN,NaN,NaN,NaN,NaN,NaN,NaN,NaN,NaN,1,0,0,0,0,NaN,NaN,59.938046795735836,NaN,NaN,NaN,4.994858623842429,4.1995622924705,NaN,NaN,NaN,NaN,NaN,NaN,NaN,NaN,NaN,NaN,1
2023-12-13,3.3203737825379678,3.3203737825379678,2.82,2.99125,3.3023571055626846,4.2804319719506925,2.99125,0,0,5009,5811,0,0,0,0,NaN,NaN,64.97361231461755,NaN,NaN,NaN,4.994858623842429,3.98911481737404,NaN,NaN,NaN,NaN,NaN,NaN,NaN,NaN,NaN,NaN,1,0,0,0,0,NaN,NaN,64.97361231461755,NaN,NaN,NaN,4.994858623842429,3.98911481737404,NaN,NaN,NaN,NaN,NaN,NaN,NaN,NaN,NaN,NaN,1
2023-12-14,3.155811891268984,3.155811891268984,2.65,2.8,3.211019450005833,4.257829957111751,2.8,0,0,5009,5812,0,0,0,0,NaN,NaN,66.00486434457689,NaN,NaN,NaN,4.994858623842429,3.7294663447679337,NaN,NaN,NaN,NaN,NaN,NaN,NaN,NaN,NaN,NaN,1,0,0,0,0,NaN,NaN,66.00486434457689,NaN,NaN,NaN,4.994858623842429,3.7294663447679337,NaN,NaN,NaN,NaN,NaN,NaN,NaN,NaN,NaN,NaN,1
2023-12-15,2.977905945634492,2.977905945634492,2.65,2.7325,3.124015913641136,4.2345424768505024,2.7325,0,0,5009,5813,0,0,0,0,NaN,NaN,67.3418512436964,NaN,NaN,NaN,4.994858623842429,3.522337402709706,NaN,NaN,NaN,NaN,NaN,NaN,NaN,NaN,NaN,NaN,1,0,0,0,0,NaN,NaN,67.3418512436964,NaN,NaN,NaN,4.994858623842429,3.522337402709706,NaN,NaN,NaN,NaN,NaN,NaN,NaN,NaN,NaN,NaN,1
2023-12-18,2.8552029728172457,2.8552029728172457,2.59,2.6817,3.043594838433657,4.2108349581199604,2.6817,0,0,5009,5814,0,0,0,0,NaN,NaN,69.70036184255133,NaN,NaN,NaN,4.994858623842429,3.3257375481406677,NaN,NaN,NaN,NaN,NaN,NaN,NaN,NaN,NaN,NaN,1,0,0,0,0,NaN,NaN,69.70036184255133,NaN,NaN,NaN,4.994858623842429,3.3257375481406677,NaN,NaN,NaN,NaN,NaN,NaN,NaN,NaN,NaN,NaN,1
2023-12-19,2.768451486408623,2.768451486408623,2.6,2.6500000000000004,2.9720321405366286,4.187005416774618,2.6500000000000004,0,0,5009,5815,0,0,0,0,NaN,NaN,73.52543874746577,NaN,NaN,NaN,4.994858623842429,3.151514536586908,NaN,NaN,NaN,NaN,NaN,NaN,NaN,NaN,NaN,NaN,1,0,0,0,0,NaN,NaN,73.52543874746577,NaN,NaN,NaN,4.994858623842429,3.151514536586908,NaN,NaN,NaN,NaN,NaN,NaN,NaN,NaN,NaN,NaN,1
2023-12-20,2.7092257432043114,2.7418,2.58,2.63545,2.910835387711787,4.163317547816226,2.63545,0,0,5009,5816,0,0,0,0,NaN,NaN,78.24602657654148,NaN,NaN,NaN,4.994858623842429,3.0068663617084423,NaN,NaN,NaN,NaN,NaN,NaN,NaN,NaN,NaN,NaN,1,0,0,0,0,NaN,NaN,78.24602657654148,NaN,NaN,NaN,4.994858623842429,3.0068663617084423,NaN,NaN,NaN,NaN,NaN,NaN,NaN,NaN,NaN,NaN,1
2023-12-21,2.6723378716021555,2.69,2.49,2.5925000000000002,2.852956226309644,4.139335600521322,2.5925000000000002,0,0,5009,5817,0,0,0,0,NaN,NaN,83.23343763465856,NaN,NaN,NaN,4.994858623842429,2.86752395319591,NaN,NaN,NaN,NaN,NaN,NaN,NaN,NaN,NaN,NaN,1,0,0,0,0,NaN,NaN,83.23343763465856,NaN,NaN,NaN,4.994858623842429,2.86752395319591,NaN,NaN,NaN,NaN,NaN,NaN,NaN,NaN,NaN,NaN,1
2023-12-22,2.632418935801078,2.89,2.55,2.7199999999999998,2.828782366980618,4.117666354711837,2.7199999999999998,0,0,5009,5818,0,0,0,0,NaN,NaN,86.43590954359256,NaN,NaN,NaN,4.994858623842429,2.86752395319591,NaN,NaN,NaN,NaN,NaN,NaN,NaN,NaN,NaN,NaN,1,0,0,0,0,NaN,NaN,86.43590954359256,NaN,NaN,NaN,4.994858623842429,2.86752395319591,NaN,NaN,NaN,NaN,NaN,NaN,NaN,NaN,NaN,NaN,1
2023-12-26,2.676209467900539,3.39,2.676209467900539,3.1100000000000003,2.8799128457114147,4.102282135555931,3.1100000000000003,0,0,5009,5819,0,0,0,0,NaN,NaN,86.25571698924266,NaN,NaN,NaN,4.994858623842429,2.86752395319591,NaN,NaN,NaN,NaN,NaN,NaN,NaN,NaN,NaN,NaN,1,0,0,0,0,NaN,NaN,86.25571698924266,NaN,NaN,NaN,4.994858623842429,2.86752395319591,NaN,NaN,NaN,NaN,NaN,NaN,NaN,NaN,NaN,NaN,1
2023-12-27,2.8931047339502696,3.8298,2.8931047339502696,3.571675,3.005687782854794,4.094181263257367,3.571675,0,0,5009,5820,0,0,0,0,NaN,NaN,84.65016060130974,NaN,NaN,NaN,4.994858623842429,3.243651375,NaN,NaN,NaN,NaN,NaN,NaN,NaN,NaN,NaN,NaN,1,0,0,0,0,NaN,NaN,84.65016060130974,NaN,NaN,NaN,4.994858623842429,3.243651375,NaN,NaN,NaN,NaN,NaN,NaN,NaN,NaN,NaN,NaN,1
2023-12-28,3.2323898669751348,4.5,3.2323898669751348,4.03625,3.1930627314266493,4.093296816490079,4.03625,0,0,5009,5821,0,0,0,0,NaN,NaN,81.52751603181042,NaN,NaN,NaN,4.994858623842429,3.49274820875,NaN,NaN,NaN,NaN,NaN,NaN,NaN,NaN,NaN,NaN,1,0,0,0,0,NaN,NaN,81.52751603181042,NaN,NaN,NaN,4.994858623842429,3.49274820875,NaN,NaN,NaN,NaN,NaN,NaN,NaN,NaN,NaN,NaN,1
2023-12-29,3.6343199334875673,4.35,3.6343199334875673,4.1236,3.362251325712713,4.093759460513131,4.1236,0,0,5009,5822,0,0,0,0,NaN,NaN,77.99305650915983,NaN,NaN,NaN,4.994858623842429,3.571653816225,NaN,NaN,NaN,NaN,NaN,NaN,NaN,NaN,NaN,NaN,1,0,0,0,0,NaN,NaN,77.99305650915983,NaN,NaN,NaN,4.994858623842429,3.571653816225,NaN,NaN,NaN,NaN,NaN,NaN,NaN,NaN,NaN,NaN,1
2024-01-02,3.8789599667437837,4.19,3.83,4.067500000000001,3.4904783574013107,4.093358552719038,4.067500000000001,0,0,5009,5823,0,0,0,0,NaN,NaN,74.96865465576849,NaN,NaN,NaN,4.994858623842429,3.571653816225,NaN,NaN,NaN,NaN,NaN,NaN,NaN,NaN,NaN,NaN,1,0,0,0,0,NaN,NaN,74.96865465576849,NaN,NaN,NaN,4.994858623842429,3.571653816225,NaN,NaN,NaN,NaN,NaN,NaN,NaN,NaN,NaN,NaN,1
2024-01-03,3.9732299833718923,4.27,3.92,4.1575,3.6117550196919814,4.0943378114561515,4.1575,0,0,5009,5824,0,0,0,0,NaN,NaN,71.86886019694423,NaN,NaN,NaN,4.994858623842429,3.63980447276475,NaN,NaN,NaN,NaN,NaN,NaN,NaN,NaN,NaN,NaN,1,0,0,0,0,NaN,NaN,71.86886019694423,NaN,NaN,NaN,4.994858623842429,3.63980447276475,NaN,NaN,NaN,NaN,NaN,NaN,NaN,NaN,NaN,NaN,1
2024-01-04,4.0653649916859464,4.4359,4.0653649916859464,4.30425,3.7376631979298027,4.097542577693462,4.30425,0,0,5009,5825,0,0,0,0,NaN,NaN,69.18173471338511,NaN,NaN,NaN,4.994858623842429,3.7841079360329797,NaN,NaN,NaN,NaN,NaN,NaN,NaN,NaN,NaN,NaN,1,0,0,0,0,NaN,NaN,69.18173471338511,NaN,NaN,NaN,4.994858623842429,3.7841079360329797,NaN,NaN,NaN,NaN,NaN,NaN,NaN,NaN,NaN,NaN,1
2024-01-05,4.184807495842973,4.43,4.184807495842973,4.331824999999999,3.8456926164880203,4.101119408568371,4.331824999999999,0,0,5009,5826,0,0,0,0,NaN,NaN,65.84058089595717,NaN,NaN,NaN,4.994858623842429,3.8779848706280324,NaN,NaN,NaN,NaN,NaN,NaN,NaN,NaN,NaN,NaN,1,0,0,0,0,NaN,NaN,65.84058089595717,NaN,NaN,NaN,4.994858623842429,3.8779848706280324,NaN,NaN,NaN,NaN,NaN,NaN,NaN,NaN,NaN,NaN,1
2024-01-08,4.258316247921487,4.54,4.258316247921487,4.4575,3.9569303225811074,4.106560333628396,4.4575,0,0,5009,5827,0,0,0,0,NaN,NaN,61.938740157826935,NaN,NaN,NaN,4.994858623842429,4.033824343914986,NaN,NaN,NaN,NaN,NaN,NaN,NaN,NaN,NaN,NaN,1,0,0,0,0,NaN,NaN,61.938740157826935,NaN,NaN,NaN,4.994858623842429,4.033824343914986,NaN,NaN,NaN,NaN,NaN,NaN,NaN,NaN,NaN,NaN,1
2024-01-09,4.357908123960743,4.72,4.2126,4.50065,4.0557884457481785,4.112576969756207,4.50065,0,0,5009,5828,0,0,0,0,NaN,NaN,57.27127373482291,NaN,NaN,NaN,4.994858623842429,4.148901981692839,NaN,NaN,NaN,NaN,NaN,NaN,NaN,NaN,NaN,NaN,1,0,0,0,0,NaN,NaN,57.27127373482291,NaN,NaN,NaN,4.994858623842429,4.148901981692839,NaN,NaN,NaN,NaN,NaN,NaN,NaN,NaN,NaN,NaN,1
2024-01-10,4.429279061980372,5.3,4.429279061980372,4.8575,4.201554182884873,4.123949840446952,4.8575,0,0,5009,5829,0,0,0,0,NaN,NaN,50.74364762246242,NaN,NaN,NaN,4.994858623842429,4.454568506086558,NaN,NaN,NaN,NaN,NaN,NaN,NaN,NaN,NaN,NaN,1,0,0,0,0,NaN,NaN,50.74364762246242,NaN,NaN,NaN,4.994858623842429,4.454568506086558,NaN,NaN,NaN,NaN,NaN,NaN,NaN,NaN,NaN,NaN,1
2024-01-11,4.643389530990186,5.125,4.643389530990186,4.938750000000001,4.3355897859967145,4.1363895375393644,4.938750000000001,0,0,5009,5830,0,0,0,0,NaN,NaN,44.31723303663747,NaN,NaN,NaN,4.994858623842429,4.614953759443187,NaN,NaN,NaN,NaN,NaN,NaN,NaN,NaN,NaN,NaN,1,0,0,0,0,NaN,NaN,44.31723303663747,NaN,NaN,NaN,4.994858623842429,4.614953759443187,NaN,NaN,NaN,NaN,NaN,NaN,NaN,NaN,NaN,NaN,1
2024-01-12,4.791069765495093,5.2329,4.77,4.953225,4.447887097633675,4.148860307958611,4.953225,0,0,5009,5831,0,0,0,0,NaN,NaN,38.27957881394881,NaN,NaN,NaN,4.994858623842429,4.721501381610231,NaN,NaN,NaN,NaN,NaN,NaN,NaN,NaN,NaN,NaN,1,0,0,0,0,NaN,NaN,38.27957881394881,NaN,NaN,NaN,4.994858623842429,4.721501381610231,NaN,NaN,NaN,NaN,NaN,NaN,NaN,NaN,NaN,NaN,1
2024-01-16,4.8721473827475466,5.0443,4.71,4.92715,4.535025807154825,4.160742593333288,4.92715,0,0,5009,5832,0,0,0,0,NaN,NaN,32.61928627477823,NaN,NaN,NaN,4.994858623842429,4.721501381610231,NaN,NaN,NaN,NaN,NaN,NaN,NaN,NaN,NaN,NaN,1,0,0,0,0,NaN,NaN,32.61928627477823,NaN,NaN,NaN,4.994858623842429,4.721501381610231,NaN,NaN,NaN,NaN,NaN,NaN,NaN,NaN,NaN,NaN,1
2024-01-17,4.899648691373773,4.899648691373773,4.41,4.6975,4.564566569490311,4.168937362900719,4.6975,0,0,5009,5833,0,0,0,0,NaN,NaN,28.446512938716506,NaN,NaN,NaN,4.994858623842429,4.721501381610231,NaN,NaN,NaN,NaN,NaN,NaN,NaN,NaN,NaN,NaN,1,0,0,0,0,NaN,NaN,28.446512938716506,NaN,NaN,NaN,4.994858623842429,4.721501381610231,NaN,NaN,NaN,NaN,NaN,NaN,NaN,NaN,NaN,NaN,1
2024-01-18,4.798574345686887,4.798574345686887,4.01,4.368475,4.528913556855709,4.171983739039639,4.368475,0,0,5009,5834,0,0,0,0,NaN,NaN,25.777025982332525,NaN,NaN,NaN,4.994858623842429,4.56436625,NaN,NaN,NaN,NaN,NaN,NaN,NaN,NaN,NaN,NaN,1,0,0,0,0,NaN,NaN,25.777025982332525,NaN,NaN,NaN,4.994858623842429,4.56436625,NaN,NaN,NaN,NaN,NaN,NaN,NaN,NaN,NaN,NaN,1
2024-01-19,4.583524672843444,4.583524672843444,4.11,4.39625,4.504792910154671,4.175407651420714,4.39625,0,0,5009,5835,0,0,0,0,NaN,NaN,23.069854491151517,NaN,NaN,NaN,4.994858623842429,4.56436625,NaN,NaN,NaN,NaN,NaN,NaN,NaN,NaN,NaN,NaN,1,0,0,0,0,NaN,NaN,23.069854491151517,NaN,NaN,NaN,4.994858623842429,4.56436625,NaN,NaN,NaN,NaN,NaN,NaN,NaN,NaN,NaN,NaN,1
2024-01-22,4.489887336421722,4.58,4.08,4.4,4.485739653762913,4.178836542238718,4.4,0,0,5009,5836,0,0,0,0,NaN,NaN,19.77556878396546,NaN,NaN,NaN,4.994858623842429,4.56436625,NaN,NaN,NaN,NaN,NaN,NaN,NaN,NaN,NaN,NaN,1,0,0,0,0,NaN,NaN,19.77556878396546,NaN,NaN,NaN,4.994858623842429,4.56436625,NaN,NaN,NaN,NaN,NaN,NaN,NaN,NaN,NaN,NaN,1
2024-01-23,4.444943668210861,4.53,3.9461,4.326525,4.4567915348969285,4.1810913278533945,4.326525,0,0,5009,5837,0,0,0,0,NaN,NaN,16.53247365712612,NaN,NaN,NaN,4.994858623842429,4.5368852625,NaN,NaN,NaN,NaN,NaN,NaN,NaN,NaN,NaN,NaN,1,0,0,0,0,NaN,NaN,16.53247365712612,NaN,NaN,NaN,4.994858623842429,4.5368852625,NaN,NaN,NaN,NaN,NaN,NaN,NaN,NaN,NaN,NaN,1
2024-01-24,4.385734334105431,4.45,3.86,4.2225,4.414193074006578,4.181723521321282,4.2225,0,0,5009,5838,0,0,0,0,NaN,NaN,13.63793157459779,NaN,NaN,NaN,4.994858623842429,4.46913039675,NaN,NaN,NaN,NaN,NaN,NaN,NaN,NaN,NaN,NaN,1,0,0,0,0,NaN,NaN,13.63793157459779,NaN,NaN,NaN,4.994858623842429,4.46913039675,NaN,NaN,NaN,NaN,NaN,NaN,NaN,NaN,NaN,NaN,1
2024-01-25,4.304117167052715,4.3664,4,4.1991,4.3750852423690185,4.181988811072102,4.1991,0,0,5009,5839,0,0,0,0,NaN,NaN,11.493201813403518,NaN,NaN,NaN,4.994858623842429,4.4341806610425,NaN,NaN,NaN,NaN,NaN,NaN,NaN,NaN,NaN,NaN,1,0,0,0,0,NaN,NaN,11.493201813403518,NaN,NaN,NaN,4.994858623842429,4.4341806610425,NaN,NaN,NaN,NaN,NaN,NaN,NaN,NaN,NaN,NaN,1
2024-01-26,4.251608583526357,5.37,4.251608583526357,4.875,4.4659788346655604,4.192569134567185,4.875,0,0,5009,5840,0,0,0,0,NaN,NaN,8.462231684417977,NaN,NaN,NaN,4.994858623842429,4.577604,NaN,NaN,NaN,NaN,NaN,NaN,NaN,NaN,NaN,NaN,1,0,0,0,0,NaN,NaN,8.462231684417977,NaN,NaN,NaN,4.994858623842429,4.577604,NaN,NaN,NaN,NaN,NaN,NaN,NaN,NaN,NaN,NaN,1
2024-01-29,4.5633042917631785,5.63,4.5633042917631785,5.3725,4.630800864726368,4.210583346253182,5.3725,0,0,5009,5841,0,0,0,0,NaN,NaN,4.9868090670941525,NaN,NaN,NaN,4.994858623842429,4.84273838,NaN,NaN,NaN,NaN,NaN,NaN,NaN,NaN,NaN,NaN,1,0,0,0,0,NaN,NaN,4.9868090670941525,NaN,NaN,NaN,4.994858623842429,4.84273838,NaN,NaN,NaN,NaN,NaN,NaN,NaN,NaN,NaN,NaN,1
2024-01-30,4.967902145881589,5.65,4.967902145881589,5.4125,4.772927980230665,4.22893321882947,5.4125,0,0,5009,5842,0,0,0,0,NaN,NaN,2.3740637551534265,NaN,NaN,NaN,4.994858623842429,4.8957240772,NaN,NaN,NaN,NaN,NaN,NaN,NaN,NaN,NaN,NaN,1,0,0,0,0,NaN,NaN,2.3740637551534265,NaN,NaN,NaN,4.994858623842429,4.8957240772,NaN,NaN,NaN,NaN,NaN,NaN,NaN,NaN,NaN,NaN,1
2024-01-31,5.190201072940795,5.615,5.16,5.401249999999999,4.8871683474614525,4.24683118495421,5.401249999999999,0,0,5009,5843,0,0,0,0,NaN,NaN,0.6199738697215569,NaN,NaN,NaN,4.994858623842429,4.8957240772,NaN,NaN,NaN,NaN,NaN,NaN,NaN,NaN,NaN,NaN,1,0,0,0,0,NaN,NaN,0.6199738697215569,NaN,NaN,NaN,4.994858623842429,4.8957240772,NaN,NaN,NaN,NaN,NaN,NaN,NaN,NaN,NaN,NaN,1
2024-02-01,5.295725536470397,5.45,5.02,5.275,4.9576831933775525,4.262528418771703,5.275,0,0,5009,5844,0,0,0,0,NaN,NaN,0.0007471553281539069,NaN,NaN,NaN,4.994858623842429,4.8957240772,NaN,NaN,NaN,NaN,NaN,NaN,NaN,NaN,NaN,NaN,1,0,0,0,0,NaN,NaN,0.0007471553281539069,NaN,NaN,NaN,4.994858623842429,4.8957240772,NaN,NaN,NaN,NaN,NaN,NaN,NaN,NaN,NaN,NaN,1
2024-02-02,5.285362768235199,5.34,4.9,5.2075,5.00310443094527,4.276955465813357,5.2075,0,0,5009,5845,0,0,0,0,NaN,NaN,0.5434482702132293,NaN,NaN,NaN,4.994858623842429,4.8957240772,NaN,NaN,NaN,NaN,NaN,NaN,NaN,NaN,NaN,NaN,1,0,0,0,0,NaN,NaN,0.5434482702132293,NaN,NaN,NaN,4.994858623842429,4.8957240772,NaN,NaN,NaN,NaN,NaN,NaN,NaN,NaN,NaN,NaN,1
2024-02-05,5.246431384117599,5.246431384117599,4.71,4.9775,4.9984490798643115,4.287650802213153,4.9775,0,0,5009,5846,0,0,0,0,NaN,NaN,2.297536979618471,NaN,NaN,NaN,4.994858623842429,4.8957240772,NaN,NaN,NaN,NaN,NaN,NaN,NaN,NaN,NaN,NaN,1,0,0,0,0,NaN,NaN,2.297536979618471,NaN,NaN,NaN,4.994858623842429,4.8957240772,NaN,NaN,NaN,NaN,NaN,NaN,NaN,NaN,NaN,NaN,1
2024-02-06,5.111965692058799,5.111965692058799,4.27,4.625,4.93054924716171,4.292801171645014,4.625,0,0,5009,5847,0,0,0,0,NaN,NaN,4.767891253333578,NaN,NaN,NaN,4.994858623842429,4.8957240772,NaN,NaN,NaN,NaN,NaN,NaN,NaN,NaN,NaN,NaN,1,0,0,0,0,NaN,NaN,4.767891253333578,NaN,NaN,NaN,4.994858623842429,4.8957240772,NaN,NaN,NaN,NaN,NaN,NaN,NaN,NaN,NaN,NaN,1
2024-02-07,4.8684828460294,4.8684828460294,4.2177,4.480925,4.848799384041399,4.295673291161884,4.480925,0,0,5009,5848,0,0,0,0,NaN,NaN,7.6652096904327145,NaN,NaN,NaN,4.994858623842429,4.8957240772,NaN,NaN,NaN,NaN,NaN,NaN,NaN,NaN,NaN,NaN,1,0,0,0,0,NaN,NaN,7.6652096904327145,NaN,NaN,NaN,4.994858623842429,4.8957240772,NaN,NaN,NaN,NaN,NaN,NaN,NaN,NaN,NaN,NaN,1
2024-02-08,4.6747039230147,4.78,4.38,4.57,4.798108586942963,4.299861485189947,4.57,0,0,5009,5849,0,0,0,0,NaN,NaN,10.906641982277373,NaN,NaN,NaN,4.994858623842429,4.8957240772,NaN,NaN,NaN,NaN,NaN,NaN,NaN,NaN,NaN,NaN,1,0,0,0,0,NaN,NaN,10.906641982277373,NaN,NaN,NaN,4.994858623842429,4.8957240772,NaN,NaN,NaN,NaN,NaN,NaN,NaN,NaN,NaN,NaN,1
2024-02-09,4.62235196150735,4.97,4.4,4.7375,4.787088843862424,4.306542989232848,4.7375,0,0,5009,5850,0,0,0,0,NaN,NaN,14.536132815283032,NaN,NaN,NaN,4.994858623842429,4.8957240772,NaN,NaN,NaN,NaN,NaN,NaN,NaN,NaN,NaN,NaN,1,0,0,0,0,NaN,NaN,14.536132815283032,NaN,NaN,NaN,4.994858623842429,4.8957240772,NaN,NaN,NaN,NaN,NaN,NaN,NaN,NaN,NaN,NaN,1
2024-02-12,4.679925980753675,4.94,4.6,4.775,4.784890872251075,4.313695004664408,4.775,0,0,5009,5851,0,0,0,0,NaN,NaN,18.201978988708763,NaN,NaN,NaN,4.994858623842429,4.8957240772,NaN,NaN,NaN,NaN,NaN,NaN,NaN,NaN,NaN,NaN,1,0,0,0,0,NaN,NaN,18.201978988708763,NaN,NaN,NaN,4.994858623842429,4.8957240772,NaN,NaN,NaN,NaN,NaN,NaN,NaN,NaN,NaN,NaN,1
2024-02-13,4.7274629903768375,4.98,4.45,4.6625,4.762637986387243,4.319020271768768,4.6625,0,0,5009,5852,0,0,0,0,NaN,NaN,21.766746080959052,NaN,NaN,NaN,4.994858623842429,4.8957240772,NaN,NaN,NaN,NaN,NaN,NaN,NaN,NaN,NaN,NaN,1,0,0,0,0,NaN,NaN,21.766746080959052,NaN,NaN,NaN,4.994858623842429,4.8957240772,NaN,NaN,NaN,NaN,NaN,NaN,NaN,NaN,NaN,NaN,1
2024-02-14,4.694981495188419,4.97,4.43,4.6925,4.749885625225926,4.3247222523524504,4.6925,0,0,5009,5853,0,0,0,0,NaN,NaN,25.606055146011602,NaN,NaN,NaN,4.994858623842429,4.8957240772,NaN,NaN,NaN,NaN,NaN,NaN,NaN,NaN,NaN,NaN,1,0,0,0,0,NaN,NaN,25.606055146011602,NaN,NaN,NaN,4.994858623842429,4.8957240772,NaN,NaN,NaN,NaN,NaN,NaN,NaN,NaN,NaN,NaN,1
2024-02-15,4.693740747594209,4.91,4.5604,4.7176,4.7440155115484846,4.330720385904321,4.7176,0,0,5009,5854,0,0,0,0,NaN,NaN,30.408574648357806,NaN,NaN,NaN,4.994858623842429,4.8957240772,NaN,NaN,NaN,NaN,NaN,NaN,NaN,NaN,NaN,NaN,1,0,0,0,0,NaN,NaN,30.408574648357806,NaN,NaN,NaN,4.994858623842429,4.8957240772,NaN,NaN,NaN,NaN,NaN,NaN,NaN,NaN,NaN,NaN,1
2024-02-16,4.705670373797105,5,4.55,4.800000000000001,4.7541945094487605,4.337884960165324,4.800000000000001,0,0,5009,5855,0,0,0,0,NaN,NaN,35.62992238615141,NaN,NaN,NaN,4.994858623842429,4.8957240772,NaN,NaN,NaN,NaN,NaN,NaN,NaN,NaN,NaN,NaN,1,0,0,0,0,NaN,NaN,35.62992238615141,NaN,NaN,NaN,4.994858623842429,4.8957240772,NaN,NaN,NaN,NaN,NaN,NaN,NaN,NaN,NaN,NaN,1
2024-02-20,4.752835186898553,4.96,4.7,4.865,4.774340962276258,4.345932518025395,4.865,0,0,5009,5856,0,0,0,0,NaN,NaN,41.31259746263359,NaN,NaN,NaN,4.994858623842429,4.8957240772,NaN,NaN,NaN,NaN,NaN,NaN,NaN,NaN,NaN,NaN,1,0,0,0,0,NaN,NaN,41.31259746263359,NaN,NaN,NaN,4.994858623842429,4.8957240772,NaN,NaN,NaN,NaN,NaN,NaN,NaN,NaN,NaN,NaN,1
2024-02-21,4.8089175934492765,4.9779,4.54,4.78895,4.776997150953302,4.352696143704397,4.78895,0,0,5009,5857,0,0,0,0,NaN,NaN,47.20432653978483,NaN,NaN,NaN,4.994858623842429,4.8957240772,NaN,NaN,NaN,NaN,NaN,NaN,NaN,NaN,NaN,NaN,1,0,0,0,0,NaN,NaN,47.20432653978483,NaN,NaN,NaN,4.994858623842429,4.8957240772,NaN,NaN,NaN,NaN,NaN,NaN,NaN,NaN,NaN,NaN,1
2024-02-22,4.798933796724638,4.798933796724638,4.26,4.5275,4.731634032598156,4.355364904869215,4.5275,0,0,5009,5858,0,0,0,0,NaN,NaN,51.73957767614819,NaN,NaN,NaN,4.994858623842429,4.8957240772,NaN,NaN,NaN,NaN,NaN,NaN,NaN,NaN,NaN,NaN,1,0,0,0,0,NaN,NaN,51.73957767614819,NaN,NaN,NaN,4.994858623842429,4.8957240772,NaN,NaN,NaN,NaN,NaN,NaN,NaN,NaN,NaN,NaN,1
2024-02-23,4.663216898362319,4.663216898362319,4.25,4.403075,4.671896026671218,4.356093303268159,4.403075,0,0,5009,5859,0,0,0,0,NaN,NaN,54.65156165387823,NaN,NaN,NaN,4.994858623842429,4.8957240772,NaN,NaN,NaN,NaN,NaN,NaN,NaN,NaN,NaN,NaN,1,0,0,0,0,NaN,NaN,54.65156165387823,NaN,NaN,NaN,4.994858623842429,4.8957240772,NaN,NaN,NaN,NaN,NaN,NaN,NaN,NaN,NaN,NaN,1
2024-02-26,4.53314594918116,4.53314594918116,4.01,4.245,4.594278567276452,4.354397222302232,4.245,0,0,5009,5860,0,0,0,0,NaN,NaN,55.9667124805415,NaN,NaN,NaN,4.994858623842429,4.7762125,NaN,NaN,NaN,NaN,NaN,NaN,NaN,NaN,NaN,NaN,1,0,0,0,0,NaN,NaN,55.9667124805415,NaN,NaN,NaN,4.994858623842429,4.7762125,NaN,NaN,NaN,NaN,NaN,NaN,NaN,NaN,NaN,NaN,1
2024-02-27,4.389072974590579,4.389072974590579,3.94,4.13,4.509864282317097,4.350971310511358,4.13,0,0,5009,5861,0,0,0,0,NaN,NaN,56.510290523800855,NaN,NaN,NaN,4.994858623842429,4.701051124999999,NaN,NaN,NaN,NaN,NaN,NaN,NaN,NaN,NaN,NaN,1,0,0,0,0,NaN,NaN,56.510290523800855,NaN,NaN,NaN,4.994858623842429,4.701051124999999,NaN,NaN,NaN,NaN,NaN,NaN,NaN,NaN,NaN,NaN,1
2024-02-28,4.259536487295289,4.259536487295289,3.66,3.805,4.381707140077625,4.342635870656223,3.805,0,0,5009,5862,0,0,0,0,NaN,NaN,54.882401722699726,NaN,NaN,NaN,4.994858623842429,4.4945380575,NaN,NaN,NaN,NaN,NaN,NaN,NaN,NaN,NaN,NaN,1,0,0,0,0,NaN,NaN,54.882401722699726,NaN,NaN,NaN,4.994858623842429,4.4945380575,NaN,NaN,NaN,NaN,NaN,NaN,NaN,NaN,NaN,NaN,1
2024-02-29,4.0322682436476445,4.0322682436476445,3.77,3.8949999999999996,4.293214932790784,4.335801735226357,3.894999999999999,0,0,5009,5863,0,0,0,0,NaN,NaN,52.44334817650875,NaN,NaN,NaN,4.994858623842429,4.4945380575,NaN,NaN,NaN,NaN,NaN,NaN,NaN,NaN,NaN,NaN,1,0,0,0,0,NaN,NaN,52.44334817650875,NaN,NaN,NaN,4.994858623842429,4.4945380575,NaN,NaN,NaN,NaN,NaN,NaN,NaN,NaN,NaN,NaN,1
2024-03-01,3.963634121823822,4.2909,3.88,4.028975,4.245171308647005,4.331117357589314,4.028975,0,0,5009,5864,0,0,0,0,NaN,NaN,50.8562321134368,NaN,NaN,NaN,4.994858623842429,4.4945380575,NaN,NaN,NaN,NaN,NaN,NaN,NaN,NaN,NaN,NaN,1,0,0,0,0,NaN,NaN,50.8562321134368,NaN,NaN,NaN,4.994858623842429,4.4945380575,NaN,NaN,NaN,NaN,NaN,NaN,NaN,NaN,NaN,NaN,1
2024-03-04,3.996304560911911,4,3.78,3.9274999999999998,4.187412888893004,4.324955260526881,3.9274999999999998,0,0,5009,5865,0,0,0,0,NaN,NaN,48.9109940314935,NaN,NaN,NaN,4.994858623842429,4.4945380575,NaN,NaN,NaN,NaN,NaN,NaN,NaN,NaN,NaN,NaN,1,0,0,0,0,NaN,NaN,48.9109940314935,NaN,NaN,NaN,4.994858623842429,4.4945380575,NaN,NaN,NaN,NaN,NaN,NaN,NaN,NaN,NaN,NaN,1
2024-03-05,3.9619022804559556,3.9619022804559556,3.6,3.8199750000000003,4.120606000003367,4.317245638228761,3.8199750000000003,0,0,5009,5866,0,0,0,0,NaN,NaN,45.7822829172921,NaN,NaN,NaN,4.994858623842429,4.4945380575,NaN,NaN,NaN,NaN,NaN,NaN,NaN,NaN,NaN,NaN,1,0,0,0,0,NaN,NaN,45.7822829172921,NaN,NaN,NaN,4.994858623842429,4.4945380575,NaN,NaN,NaN,NaN,NaN,NaN,NaN,NaN,NaN,NaN,1
2024-03-06,3.890938640227978,3.9856,3.72,3.8564000000000003,4.0725685454573,4.310209826958093,3.8564000000000003,0,0,5009,5867,0,0,0,0,NaN,NaN,42.699318279861515,NaN,NaN,NaN,4.994858623842429,4.4945380575,NaN,NaN,NaN,NaN,NaN,NaN,NaN,NaN,NaN,NaN,1,0,0,0,0,NaN,NaN,42.699318279861515,NaN,NaN,NaN,4.994858623842429,4.4945380575,NaN,NaN,NaN,NaN,NaN,NaN,NaN,NaN,NaN,NaN,1
2024-03-07,3.873669320113989,3.9136,3.7,3.8168,4.026065173555973,4.302676852500717,3.8168,0,0,5009,5868,0,0,0,0,NaN,NaN,38.92802775826682,NaN,NaN,NaN,4.994858623842429,4.4945380575,NaN,NaN,NaN,NaN,NaN,NaN,NaN,NaN,NaN,NaN,1,0,0,0,0,NaN,NaN,38.92802775826682,NaN,NaN,NaN,4.994858623842429,4.4945380575,NaN,NaN,NaN,NaN,NaN,NaN,NaN,NaN,NaN,NaN,1
2024-03-08,3.8452346600569944,3.8452346600569944,3.65,3.7038,3.967471505636705,4.293533694447271,3.7038,0,0,5009,5869,0,0,0,0,NaN,NaN,34.81002167878634,NaN,NaN,NaN,4.994858623842429,4.377325632325,NaN,NaN,NaN,NaN,NaN,NaN,NaN,NaN,NaN,NaN,1,0,0,0,0,NaN,NaN,34.81002167878634,NaN,NaN,NaN,4.994858623842429,4.377325632325,NaN,NaN,NaN,NaN,NaN,NaN,NaN,NaN,NaN,NaN,1
2024-03-11,3.7745173300284973,3.915,3.5,3.69125,3.9172494137027587,4.284338523539679,3.69125,0,0,5009,5870,0,0,0,0,NaN,NaN,30.895756558728444,NaN,NaN,NaN,4.994858623842429,4.289474556446,NaN,NaN,NaN,NaN,NaN,NaN,NaN,NaN,NaN,NaN,1,0,0,0,0,NaN,NaN,30.895756558728444,NaN,NaN,NaN,4.994858623842429,4.289474556446,NaN,NaN,NaN,NaN,NaN,NaN,NaN,NaN,NaN,NaN,1
2024-03-12,3.7328836650142487,3.92,3.4,3.68445,3.8749222475749843,4.27517992012686,3.68445,0,0,5009,5871,0,0,0,0,NaN,NaN,27.422424448817655,NaN,NaN,NaN,4.994858623842429,4.1958308729791,NaN,NaN,NaN,NaN,NaN,NaN,NaN,NaN,NaN,NaN,1,0,0,0,0,NaN,NaN,27.422424448817655,NaN,NaN,NaN,4.994858623842429,4.1958308729791,NaN,NaN,NaN,NaN,NaN,NaN,NaN,NaN,NaN,NaN,1
2024-03-13,3.7086668325071246,3.76,3.55,3.685,3.840390929834078,4.266169539666907,3.685,0,0,5009,5872,0,0,0,0,NaN,NaN,23.840130104816378,NaN,NaN,NaN,4.994858623842429,4.1958308729791,NaN,NaN,NaN,NaN,NaN,NaN,NaN,NaN,NaN,NaN,1,0,0,0,0,NaN,NaN,23.840130104816378,NaN,NaN,NaN,4.994858623842429,4.1958308729791,NaN,NaN,NaN,NaN,NaN,NaN,NaN,NaN,NaN,NaN,1
2024-03-14,3.696833416253562,3.749,3.47,3.6445250000000002,3.8047789425915184,4.256678783336115,3.644525,0,0,5009,5873,0,0,0,0,NaN,NaN,20.260908732629655,NaN,NaN,NaN,4.994858623842429,4.080226565842862,NaN,NaN,NaN,NaN,NaN,NaN,NaN,NaN,NaN,NaN,1,0,0,0,0,NaN,NaN,20.260908732629655,NaN,NaN,NaN,4.994858623842429,4.080226565842862,NaN,NaN,NaN,NaN,NaN,NaN,NaN,NaN,NaN,NaN,1
2024-03-15,3.6706792081267814,3.7,3.58,3.645,3.775728225756697,4.247340175956937,3.645,0,0,5009,5874,0,0,0,0,NaN,NaN,16.75674261209383,NaN,NaN,NaN,4.994858623842429,4.080226565842862,NaN,NaN,NaN,NaN,NaN,NaN,NaN,NaN,NaN,NaN,1,0,0,0,0,NaN,NaN,16.75674261209383,NaN,NaN,NaN,4.994858623842429,4.080226565842862,NaN,NaN,NaN,NaN,NaN,NaN,NaN,NaN,NaN,NaN,1
2024-03-18,3.6578396040633905,3.81,3.54,3.6625,3.7551412756191156,4.2384113183087395,3.6625,0,0,5009,5875,0,0,0,0,NaN,NaN,13.675364686854522,NaN,NaN,NaN,4.994858623842429,4.080226565842862,NaN,NaN,NaN,NaN,NaN,NaN,NaN,NaN,NaN,NaN,1,0,0,0,0,NaN,NaN,13.675364686854522,NaN,NaN,NaN,4.994858623842429,4.080226565842862,NaN,NaN,NaN,NaN,NaN,NaN,NaN,NaN,NaN,NaN,1
2024-03-19,3.660169802031695,3.7005,3.26,3.517625,3.711956498233822,4.22740694703685,3.517625,0,0,5009,5876,0,0,0,0,NaN,NaN,10.636817848727846,NaN,NaN,NaN,4.994858623842429,3.911954737015861,NaN,NaN,NaN,NaN,NaN,NaN,NaN,NaN,NaN,NaN,1,0,0,0,0,NaN,NaN,10.636817848727846,NaN,NaN,NaN,4.994858623842429,3.911954737015861,NaN,NaN,NaN,NaN,NaN,NaN,NaN,NaN,NaN,NaN,1
2024-03-20,3.5888974010158474,3.5888974010158474,3.42,3.47375,3.6686462258276724,4.21590073410499,3.4737499999999994,0,0,5009,5877,0,0,0,0,NaN,NaN,7.714585500226083,NaN,NaN,NaN,4.994858623842429,3.7901131001320545,NaN,NaN,NaN,NaN,NaN,NaN,NaN,NaN,NaN,NaN,1,0,0,0,0,NaN,NaN,7.714585500226083,NaN,NaN,NaN,4.994858623842429,3.7901131001320545,NaN,NaN,NaN,NaN,NaN,NaN,NaN,NaN,NaN,NaN,1
2024-03-21,3.5313237005079237,3.81,3.3,3.5774999999999997,3.6520741847680958,4.206154158011784,3.5774999999999997,0,0,5009,5878,0,0,0,0,NaN,NaN,5.494578587892083,NaN,NaN,NaN,4.994858623842429,3.7901131001320545,NaN,NaN,NaN,NaN,NaN,NaN,NaN,NaN,NaN,NaN,1,0,0,0,0,NaN,NaN,5.494578587892083,NaN,NaN,NaN,4.994858623842429,3.7901131001320545,NaN,NaN,NaN,NaN,NaN,NaN,NaN,NaN,NaN,NaN,1
2024-03-22,3.5544118502539614,3.72,3.51,3.62,3.64624251481026,4.197205239568856,3.62,0,0,5009,5879,0,0,0,0,NaN,NaN,4.121935145109408,NaN,NaN,NaN,4.994858623842429,3.7901131001320545,NaN,NaN,NaN,NaN,NaN,NaN,NaN,NaN,NaN,NaN,1,0,0,0,0,NaN,NaN,4.121935145109408,NaN,NaN,NaN,4.994858623842429,3.7901131001320545,NaN,NaN,NaN,NaN,NaN,NaN,NaN,NaN,NaN,NaN,1
2024-03-25,3.5872059251269808,3.75,3.48,3.6350000000000002,3.6441984212083947,4.188621953468568,3.6350000000000002,0,0,5009,5880,0,0,0,0,NaN,NaN,2.99280761164774,NaN,NaN,NaN,4.994858623842429,3.7901131001320545,NaN,NaN,NaN,NaN,NaN,NaN,NaN,NaN,NaN,NaN,1,0,0,0,0,NaN,NaN,2.99280761164774,NaN,NaN,NaN,4.994858623842429,3.7901131001320545,NaN,NaN,NaN,NaN,NaN,NaN,NaN,NaN,NaN,NaN,1
2024-03-26,3.6111029625634905,3.6111029625634905,3.35,3.515,3.620707799170505,4.17833764883546,3.5150000000000006,0,0,5009,5881,0,0,0,0,NaN,NaN,1.7345486116994207,NaN,NaN,NaN,4.994858623842429,3.7901131001320545,NaN,NaN,NaN,NaN,NaN,NaN,NaN,NaN,NaN,NaN,1,0,0,0,0,NaN,NaN,1.7345486116994207,NaN,NaN,NaN,4.994858623842429,3.7901131001320545,NaN,NaN,NaN,NaN,NaN,NaN,NaN,NaN,NaN,NaN,1
2024-03-27,3.5630514812817453,3.5630514812817453,3.3,3.4349999999999996,3.5869427447758673,4.166988982441025,3.4349999999999996,0,0,5009,5882,0,0,0,1,NaN,NaN,0.6063610006158722,NaN,NaN,NaN,4.994858623842429,3.6800888130963996,NaN,NaN,NaN,NaN,NaN,NaN,NaN,NaN,NaN,NaN,1,0,0,0,1,NaN,NaN,0.6063610006158722,NaN,NaN,NaN,4.994858623842429,3.6800888130963996,NaN,NaN,NaN,NaN,NaN,NaN,NaN,NaN,NaN,NaN,1
2024-03-28,3.4990257406408727,3.675,2.9101,3.340025,3.542048609362073,4.154363578128948,3.340025,0,0,5009,5883,0,0,0,0,NaN,NaN,0.02220925593699419,NaN,NaN,NaN,4.994858623842429,3.5448284191674797,NaN,NaN,NaN,NaN,NaN,NaN,NaN,NaN,NaN,NaN,1,0,0,0,0,NaN,NaN,0.02220925593699419,NaN,NaN,NaN,4.994858623842429,3.5448284191674797,NaN,NaN,NaN,NaN,NaN,NaN,NaN,NaN,NaN,NaN,1
2024-04-01,3.4195253703204362,3.4195253703204362,2.95,3.035,3.4498579531144236,4.137274057852171,3.035,0,0,5009,5884,0,0,0,0,NaN,NaN,0.43850158555402063,NaN,NaN,NaN,4.994858623842429,3.2744016658422117,NaN,NaN,NaN,NaN,NaN,NaN,NaN,NaN,NaN,NaN,1,0,0,0,0,NaN,NaN,0.43850158555402063,NaN,NaN,NaN,4.994858623842429,3.2744016658422117,NaN,NaN,NaN,NaN,NaN,NaN,NaN,NaN,NaN,NaN,1
2024-04-02,3.227262685160218,3.227262685160218,2.71,2.8812499999999996,3.346474688911801,4.118098118037634,2.8812499999999996,0,0,5009,5885,0,0,0,0,NaN,NaN,2.4327365645013757,NaN,NaN,NaN,4.994858623842429,3.0836670661390153,NaN,NaN,NaN,NaN,NaN,NaN,NaN,NaN,NaN,NaN,1,0,0,0,0,NaN,NaN,2.4327365645013757,NaN,NaN,NaN,4.994858623842429,3.0836670661390153,NaN,NaN,NaN,NaN,NaN,NaN,NaN,NaN,NaN,NaN,1
2024-04-03,3.054256342580109,3.054256342580109,2.75,2.84945,3.25610656365511,4.098729444479807,2.84945,0,0,5009,5886,0,0,0,0,NaN,NaN,6.245811891474571,NaN,NaN,NaN,4.994858623842429,2.9826234103447993,NaN,NaN,NaN,NaN,NaN,NaN,NaN,NaN,NaN,NaN,1,0,0,0,0,NaN,NaN,6.245811891474571,NaN,NaN,NaN,4.994858623842429,2.9826234103447993,NaN,NaN,NaN,NaN,NaN,NaN,NaN,NaN,NaN,NaN,1
2024-04-04,2.9518531712900544,2.9518531712900544,2.6966,2.79915,3.1730235520814536,4.0788885369304975,2.79915,0,0,5009,5887,0,0,0,0,NaN,NaN,12.10183730466701,NaN,NaN,NaN,4.994858623842429,2.8909775779999833,NaN,NaN,NaN,NaN,NaN,NaN,NaN,NaN,NaN,NaN,1,0,0,0,0,NaN,NaN,12.10183730466701,NaN,NaN,NaN,4.994858623842429,2.8909775779999833,NaN,NaN,NaN,NaN,NaN,NaN,NaN,NaN,NaN,NaN,1
2024-04-05,2.8755015856450274,2.8755015856450274,2.55,2.6825,3.0838374517030074,4.057569627969727,2.6825,0,0,5009,5888,0,0,0,0,NaN,NaN,20.23721057382194,NaN,NaN,NaN,4.994858623842429,2.765083917899991,NaN,NaN,NaN,NaN,NaN,NaN,NaN,NaN,NaN,NaN,1,0,0,0,0,NaN,NaN,20.23721057382194,NaN,NaN,NaN,4.994858623842429,2.765083917899991,NaN,NaN,NaN,NaN,NaN,NaN,NaN,NaN,NaN,NaN,1
2024-04-08,2.7790007928225138,3.1,2.6,2.795,3.03132155139337,4.038293755786983,2.795,0,0,5009,5889,0,0,0,0,NaN,NaN,30.63491227698279,NaN,NaN,NaN,4.994858623842429,2.765083917899991,NaN,NaN,NaN,NaN,NaN,NaN,NaN,NaN,NaN,NaN,1,0,0,0,0,NaN,NaN,30.63491227698279,NaN,NaN,NaN,4.994858623842429,2.765083917899991,NaN,NaN,NaN,NaN,NaN,NaN,NaN,NaN,NaN,NaN,1
2024-04-09,2.7870003964112566,3.2,2.51,2.905,3.0083539965945754,4.020991561042143,2.905,0,0,5009,5890,0,0,0,0,NaN,NaN,42.233626445430026,NaN,NaN,NaN,4.994858623842429,2.84715,NaN,NaN,NaN,NaN,NaN,NaN,NaN,NaN,NaN,NaN,1,0,0,0,0,NaN,NaN,42.233626445430026,NaN,NaN,NaN,4.994858623842429,2.84715,NaN,NaN,NaN,NaN,NaN,NaN,NaN,NaN,NaN,NaN,1
2024-04-10,2.846000198205628,3.4353,2.846000198205628,3.216325,3.0461669063046526,4.008706575377378,3.216325,0,0,5009,5891,0,0,0,0,NaN,NaN,51.84277019448802,NaN,NaN,NaN,4.994858623842429,3.009217875,NaN,NaN,NaN,NaN,NaN,NaN,NaN,NaN,NaN,NaN,1,0,0,0,0,NaN,NaN,51.84277019448802,NaN,NaN,NaN,4.994858623842429,3.009217875,NaN,NaN,NaN,NaN,NaN,NaN,NaN,NaN,NaN,NaN,1
2024-04-11,3.0311625991028137,3.49,3.0311625991028137,3.2550000000000003,3.084136559703807,3.9971996047609295,3.2550000000000003,0,0,5009,5892,0,0,0,0,NaN,NaN,58.57178153845367,NaN,NaN,NaN,4.994858623842429,3.0421420525,NaN,NaN,NaN,NaN,NaN,NaN,NaN,NaN,NaN,NaN,1,0,0,0,0,NaN,NaN,58.57178153845367,NaN,NaN,NaN,4.994858623842429,3.0421420525,NaN,NaN,NaN,NaN,NaN,NaN,NaN,NaN,NaN,NaN,1
2024-04-12,3.1430812995514072,3.45,3.1430812995514072,3.3125,3.1256571852122055,3.98674617568061,3.3125,0,0,5009,5893,0,0,0,0,NaN,NaN,62.28383107070646,NaN,NaN,NaN,4.994858623842429,3.0926367677749997,NaN,NaN,NaN,NaN,NaN,NaN,NaN,NaN,NaN,NaN,1,0,0,0,0,NaN,NaN,62.28383107070646,NaN,NaN,NaN,4.994858623842429,3.0926367677749997,NaN,NaN,NaN,NaN,NaN,NaN,NaN,NaN,NaN,NaN,1
2024-04-15,3.2277906497757036,3.49,3.2277906497757036,3.4075,3.176901333355441,3.977902722616784,3.4074999999999998,0,0,5009,5894,0,0,0,0,NaN,NaN,65.20503040210498,NaN,NaN,NaN,4.994858623842429,3.1722203556419997,NaN,NaN,NaN,NaN,NaN,NaN,NaN,NaN,NaN,NaN,1,0,0,0,0,NaN,NaN,65.20503040210498,NaN,NaN,NaN,4.994858623842429,3.1722203556419997,NaN,NaN,NaN,NaN,NaN,NaN,NaN,NaN,NaN,NaN,1
2024-04-16,3.317645324887852,3.6299,3.28,3.409975,3.219278363654452,3.9692320703630926,3.409975,0,0,5009,5895,0,0,0,0,NaN,NaN,68.3867162630574,NaN,NaN,NaN,4.994858623842429,3.2089354272956996,NaN,NaN,NaN,NaN,NaN,NaN,NaN,NaN,NaN,NaN,1,0,0,0,0,NaN,NaN,68.3867162630574,NaN,NaN,NaN,4.994858623842429,3.2089354272956996,NaN,NaN,NaN,NaN,NaN,NaN,NaN,NaN,NaN,NaN,1
2024-04-17,3.363810162443926,3.49,3.2501,3.3825250000000002,3.2489595702627336,3.960274710510221,3.3825250000000002,0,0,5009,5896,0,0,0,0,NaN,NaN,71.09123355698362,NaN,NaN,NaN,4.994858623842429,3.2089354272956996,NaN,NaN,NaN,NaN,NaN,NaN,NaN,NaN,NaN,NaN,1,0,0,0,0,NaN,NaN,71.09123355698362,NaN,NaN,NaN,4.994858623842429,3.2089354272956996,NaN,NaN,NaN,NaN,NaN,NaN,NaN,NaN,NaN,NaN,1
2024-04-18,3.373167581221963,3.57,3.373167581221963,3.5149999999999997,3.297330557487691,3.953476623326859,3.5149999999999997,0,0,5009,5897,0,0,0,0,NaN,NaN,72.53604957363562,NaN,NaN,NaN,4.994858623842429,3.3070873003824737,NaN,NaN,NaN,NaN,NaN,NaN,NaN,NaN,NaN,NaN,1,0,0,0,0,NaN,NaN,72.53604957363562,NaN,NaN,NaN,4.994858623842429,3.3070873003824737,NaN,NaN,NaN,NaN,NaN,NaN,NaN,NaN,NaN,NaN,1
2024-04-19,3.444083790610981,3.56,3.42,3.5075,3.33554318339902,3.9466678199172884,3.5075,0,0,5009,5898,0,0,0,0,NaN,NaN,73.78661623937634,NaN,NaN,NaN,4.994858623842429,3.3070873003824737,NaN,NaN,NaN,NaN,NaN,NaN,NaN,NaN,NaN,NaN,1,0,0,0,0,NaN,NaN,73.78661623937634,NaN,NaN,NaN,4.994858623842429,3.3070873003824737,NaN,NaN,NaN,NaN,NaN,NaN,NaN,NaN,NaN,NaN,1
2024-04-22,3.4757918953054903,3.565,3.45,3.5162500000000003,3.368398968235562,3.94009655549107,3.5162500000000003,0,0,5009,5899,0,0,0,0,NaN,NaN,74.34903458804808,NaN,NaN,NaN,4.994858623842429,3.3515052173021544,NaN,NaN,NaN,NaN,NaN,NaN,NaN,NaN,NaN,NaN,1,0,0,0,0,NaN,NaN,74.34903458804808,NaN,NaN,NaN,4.994858623842429,3.3515052173021544,NaN,NaN,NaN,NaN,NaN,NaN,NaN,NaN,NaN,NaN,1
2024-04-23,3.4960209476527453,3.52,3.39,3.4525,3.3836900649200055,3.932652333269832,3.4525,0,0,5009,5900,0,0,0,0,NaN,NaN,74.85489814209691,NaN,NaN,NaN,4.994858623842429,3.3515052173021544,NaN,NaN,NaN,NaN,NaN,NaN,NaN,NaN,NaN,NaN,1,0,0,0,0,NaN,NaN,74.85489814209691,NaN,NaN,NaN,4.994858623842429,3.3515052173021544,NaN,NaN,NaN,NaN,NaN,NaN,NaN,NaN,NaN,NaN,1
2024-04-24,3.474260473826373,3.474260473826373,3.35,3.375,3.382110053116368,3.9241385571893765,3.375,0,0,5009,5901,0,0,0,0,NaN,NaN,74.35723832822276,NaN,NaN,NaN,4.994858623842429,3.3515052173021544,NaN,NaN,NaN,NaN,NaN,NaN,NaN,NaN,NaN,NaN,1,0,0,0,0,NaN,NaN,74.35723832822276,NaN,NaN,NaN,4.994858623842429,3.3515052173021544,NaN,NaN,NaN,NaN,NaN,NaN,NaN,NaN,NaN,NaN,1
2024-04-25,3.4246302369131865,3.4246302369131865,3.2,3.303625,3.3678400434588465,3.914665067766638,3.303625,0,0,5009,5902,0,0,0,0,NaN,NaN,73.78149051927888,NaN,NaN,NaN,4.994858623842429,3.3515052173021544,NaN,NaN,NaN,NaN,NaN,NaN,NaN,NaN,NaN,NaN,1,0,0,0,0,NaN,NaN,73.78149051927888,NaN,NaN,NaN,4.994858623842429,3.3515052173021544,NaN,NaN,NaN,NaN,NaN,NaN,NaN,NaN,NaN,NaN,1
2024-04-26,3.3641276184565934,3.45,3.2282,3.3186999999999998,3.3589054901026927,3.9055663644419565,3.3186999999999998,0,0,5009,5903,0,0,0,0,NaN,NaN,73.01841596673692,NaN,NaN,NaN,4.994858623842429,3.3515052173021544,NaN,NaN,NaN,NaN,NaN,NaN,NaN,NaN,NaN,NaN,1,0,0,0,0,NaN,NaN,73.01841596673692,NaN,NaN,NaN,4.994858623842429,3.3515052173021544,NaN,NaN,NaN,NaN,NaN,NaN,NaN,NaN,NaN,NaN,1
2024-04-29,3.3414138092282966,3.3414138092282966,3.26,3.3112749999999997,3.350245400993112,3.8964932138397894,3.3112749999999997,0,0,5009,5904,0,0,0,0,NaN,NaN,72.21463577854638,NaN,NaN,NaN,4.994858623842429,3.3515052173021544,NaN,NaN,NaN,NaN,NaN,NaN,NaN,NaN,NaN,NaN,1,0,0,0,0,NaN,NaN,72.21463577854638,NaN,NaN,NaN,4.994858623842429,3.3515052173021544,NaN,NaN,NaN,NaN,NaN,NaN,NaN,NaN,NaN,NaN,1
2024-04-30,3.326344404614148,3.326344404614148,2.88,3.1015,3.30501896444891,3.884355912865136,3.1015,0,0,5009,5905,0,0,0,0,NaN,NaN,72.41505123288826,NaN,NaN,NaN,4.994858623842429,3.259105,NaN,NaN,NaN,NaN,NaN,NaN,NaN,NaN,NaN,NaN,1,0,0,0,0,NaN,NaN,72.41505123288826,NaN,NaN,NaN,4.994858623842429,3.259105,NaN,NaN,NaN,NaN,NaN,NaN,NaN,NaN,NaN,NaN,1
2024-05-01,3.2139222023070744,3.3501,3.15,3.220025,3.28956551636729,3.8742134561801724,3.220025,0,0,5009,5906,0,0,0,0,NaN,NaN,73.28815306431994,NaN,NaN,NaN,4.994858623842429,3.259105,NaN,NaN,NaN,NaN,NaN,NaN,NaN,NaN,NaN,NaN,1,0,0,0,0,NaN,NaN,73.28815306431994,NaN,NaN,NaN,4.994858623842429,3.259105,NaN,NaN,NaN,NaN,NaN,NaN,NaN,NaN,NaN,NaN,1
2024-05-02,3.216973601153537,3.3,3.11,3.2207749999999997,3.2770581497550553,3.864237296543834,3.2207749999999997,0,0,5009,5907,0,0,0,0,NaN,NaN,73.93893588142141,NaN,NaN,NaN,4.994858623842429,3.259105,NaN,NaN,NaN,NaN,NaN,NaN,NaN,NaN,NaN,NaN,1,0,0,0,0,NaN,NaN,73.93893588142141,NaN,NaN,NaN,4.994858623842429,3.259105,NaN,NaN,NaN,NaN,NaN,NaN,NaN,NaN,NaN,NaN,1
2024-05-03,3.2188743005767684,3.38,2.99,3.2,3.263047577072318,3.854096269115684,3.2,0,0,5009,5908,0,0,0,0,NaN,NaN,74.52632255693955,NaN,NaN,NaN,4.994858623842429,3.259105,NaN,NaN,NaN,NaN,NaN,NaN,NaN,NaN,NaN,NaN,1,0,0,0,0,NaN,NaN,74.52632255693955,NaN,NaN,NaN,4.994858623842429,3.259105,NaN,NaN,NaN,NaN,NaN,NaN,NaN,NaN,NaN,NaN,1
2024-05-06,3.2094371502883843,3.28,3.035,3.1812500000000004,3.2481752903318966,3.8438238069917805,3.18125,0,0,5009,5909,0,0,0,0,NaN,NaN,75.34234211886907,NaN,NaN,NaN,4.994858623842429,3.259105,NaN,NaN,NaN,NaN,NaN,NaN,NaN,NaN,NaN,NaN,1,0,0,0,0,NaN,NaN,75.34234211886907,NaN,NaN,NaN,4.994858623842429,3.259105,NaN,NaN,NaN,NaN,NaN,NaN,NaN,NaN,NaN,NaN,1
2024-05-07,3.195343575144192,3.25,2.94,3.0975,3.2207797829988243,3.832429550396486,3.0975,0,0,5009,5910,0,0,0,0,NaN,NaN,76.72281162882908,NaN,NaN,NaN,4.994858623842429,3.25231685,NaN,NaN,NaN,NaN,NaN,NaN,NaN,NaN,NaN,NaN,1,0,0,0,0,NaN,NaN,76.72281162882908,NaN,NaN,NaN,4.994858623842429,3.25231685,NaN,NaN,NaN,NaN,NaN,NaN,NaN,NaN,NaN,NaN,1
2024-05-08,3.146421787572096,3.146421787572096,2.8169,2.951725,3.1718607315444927,3.8189836793980665,2.9517249999999997,0,0,5009,5911,0,0,0,0,NaN,NaN,78.45411801510545,NaN,NaN,NaN,4.994858623842429,3.165767089,NaN,NaN,NaN,NaN,NaN,NaN,NaN,NaN,NaN,NaN,1,0,0,0,0,NaN,NaN,78.45411801510545,NaN,NaN,NaN,4.994858623842429,3.165767089,NaN,NaN,NaN,NaN,NaN,NaN,NaN,NaN,NaN,NaN,1
2024-05-09,3.049073393786048,3.1641,2.8,3.003525,3.1412542349000394,3.8065339285675615,3.0035249999999993,0,0,5009,5912,0,0,0,0,NaN,NaN,77.9657712638697,NaN,NaN,NaN,4.994858623842429,3.165767089,NaN,NaN,NaN,NaN,NaN,NaN,NaN,NaN,NaN,NaN,1,0,0,0,0,NaN,NaN,77.9657712638697,NaN,NaN,NaN,4.994858623842429,3.165767089,NaN,NaN,NaN,NaN,NaN,NaN,NaN,NaN,NaN,NaN,1
2024-05-10,3.026299196893024,3.1598,2.8101,2.958225,3.1079761921909412,3.793582647215385,2.9582249999999997,0,0,5009,5913,0,0,0,0,NaN,NaN,77.3592782962812,NaN,NaN,NaN,4.994858623842429,3.165767089,NaN,NaN,NaN,NaN,NaN,NaN,NaN,NaN,NaN,NaN,1,0,0,0,0,NaN,NaN,77.3592782962812,NaN,NaN,NaN,4.994858623842429,3.165767089,NaN,NaN,NaN,NaN,NaN,NaN,NaN,NaN,NaN,NaN,1
2024-05-13,2.992262098446512,3.17,2.845,2.9837499999999997,3.0853896117925883,3.78121879000599,2.9837499999999997,0,0,5009,5914,0,0,0,0,NaN,NaN,76.77505007570365,NaN,NaN,NaN,4.994858623842429,3.165767089,NaN,NaN,NaN,NaN,NaN,NaN,NaN,NaN,NaN,NaN,1,0,0,0,0,NaN,NaN,76.77505007570365,NaN,NaN,NaN,4.994858623842429,3.165767089,NaN,NaN,NaN,NaN,NaN,NaN,NaN,NaN,NaN,NaN,1
2024-05-14,2.988006049223256,2.9982,2.63,2.85705,3.0438733187393905,3.767109342830326,2.8570500000000005,0,0,5009,5915,0,0,0,0,NaN,NaN,76.5852721515686,NaN,NaN,NaN,4.994858623842429,3.09490542599,NaN,NaN,NaN,NaN,NaN,NaN,NaN,NaN,NaN,NaN,1,0,0,0,0,NaN,NaN,76.5852721515686,NaN,NaN,NaN,4.994858623842429,3.09490542599,NaN,NaN,NaN,NaN,NaN,NaN,NaN,NaN,NaN,NaN,1
2024-05-15,2.922528024611628,3.18,2.7399,2.969975,3.030437260786774,3.7549393528634507,2.969975,0,0,5009,5916,0,0,0,0,NaN,NaN,76.01528783200469,NaN,NaN,NaN,4.994858623842429,3.09490542599,NaN,NaN,NaN,NaN,NaN,NaN,NaN,NaN,NaN,NaN,1,0,0,0,0,NaN,NaN,76.01528783200469,NaN,NaN,NaN,4.994858623842429,3.09490542599,NaN,NaN,NaN,NaN,NaN,NaN,NaN,NaN,NaN,NaN,1
2024-05-16,2.946251512305814,2.946251512305814,2.64,2.725,2.9749032133709967,3.739215087934238,2.725,0,1,5009,5917,0,0,0,0,NaN,NaN,76.00473982015328,NaN,NaN,NaN,4.994858623842429,2.9924147748712002,NaN,NaN,NaN,NaN,NaN,NaN,NaN,NaN,NaN,NaN,1,0,0,0,0,NaN,NaN,76.00473982015328,NaN,NaN,NaN,4.994858623842429,2.9924147748712002,NaN,NaN,NaN,NaN,NaN,NaN,NaN,NaN,NaN,NaN,1
2024-05-17,2.835625756152907,2.835625756152907,2.62,2.6555,2.916829901848997,3.722669819416158,2.6555,0,0,5009,5918,0,0,0,0,NaN,NaN,75.87914038958684,NaN,NaN,NaN,4.994858623842429,2.91234005864052,NaN,NaN,NaN,NaN,NaN,NaN,NaN,NaN,NaN,NaN,1,0,0,0,0,NaN,NaN,75.87914038958684,NaN,NaN,NaN,4.994858623842429,2.91234005864052,NaN,NaN,NaN,NaN,NaN,NaN,NaN,NaN,NaN,NaN,1
2024-05-20,2.7455628780764534,2.7455628780764534,2.17,2.5025,2.841497192421907,3.7040412725548424,2.5025,0,0,5009,5919,0,0,0,0,NaN,NaN,75.91895820597341,NaN,NaN,NaN,4.994858623842429,2.7758388480852263,NaN,NaN,NaN,NaN,NaN,NaN,NaN,NaN,NaN,NaN,1,0,0,0,0,NaN,NaN,75.91895820597341,NaN,NaN,NaN,4.994858623842429,2.7758388480852263,NaN,NaN,NaN,NaN,NaN,NaN,NaN,NaN,NaN,NaN,1
2024-05-21,2.6240314390382267,2.7599,2.5,2.6224749999999997,2.8016749756179236,3.6875288103784327,2.6224749999999997,0,0,5009,5920,0,0,0,0,NaN,NaN,75.9448418564531,NaN,NaN,NaN,4.994858623842429,2.7758388480852263,NaN,NaN,NaN,NaN,NaN,NaN,NaN,NaN,NaN,NaN,1,0,0,0,0,NaN,NaN,75.9448418564531,NaN,NaN,NaN,4.994858623842429,2.7758388480852263,NaN,NaN,NaN,NaN,NaN,NaN,NaN,NaN,NaN,NaN,1
2024-05-22,2.623253219519113,2.785,2.47,2.61375,2.7675067982328465,3.6711352407543347,2.61375,0,0,5009,5921,0,0,0,0,NaN,NaN,75.79108780527247,NaN,NaN,NaN,4.994858623842429,2.7758388480852263,NaN,NaN,NaN,NaN,NaN,NaN,NaN,NaN,NaN,NaN,1,0,0,0,0,NaN,NaN,75.79108780527247,NaN,NaN,NaN,4.994858623842429,2.7758388480852263,NaN,NaN,NaN,NaN,NaN,NaN,NaN,NaN,NaN,NaN,1
2024-05-23,2.618501609759557,2.6376,2.2,2.425775,2.7053737440086927,3.6521221073077035,2.425775,0,0,5009,5922,0,0,0,0,NaN,NaN,75.74961383069817,NaN,NaN,NaN,4.869496667333721,2.672019064987329,NaN,NaN,NaN,NaN,NaN,NaN,NaN,NaN,NaN,NaN,1,0,0,0,0,NaN,NaN,75.74961383069817,NaN,NaN,NaN,4.869496667333721,2.672019064987329,NaN,NaN,NaN,NaN,NaN,NaN,NaN,NaN,NaN,NaN,1
2024-05-24,2.5221383048797783,2.5221383048797783,2.0036,2.2604500000000005,2.624478517825294,3.6308752049060593,2.2604500000000005,0,0,5009,5923,0,0,0,0,NaN,NaN,75.7841231324764,NaN,NaN,NaN,3.6399739293833653,2.5104189893903706,NaN,NaN,NaN,NaN,NaN,NaN,NaN,NaN,NaN,NaN,1,0,0,0,0,NaN,NaN,75.7841231324764,NaN,NaN,NaN,3.6399739293833653,2.5104189893903706,NaN,NaN,NaN,NaN,NaN,NaN,NaN,NaN,NaN,NaN,1
2024-05-28,2.3912941524398894,2.3912941524398894,2.08,2.2225,2.5513915145843313,3.609373293380776,2.2225,0,0,5009,5924,0,0,0,0,NaN,NaN,75.78635397152628,NaN,NaN,NaN,3.5978501335702955,2.4188291122549703,NaN,NaN,NaN,NaN,NaN,NaN,NaN,NaN,NaN,NaN,1,0,0,0,0,NaN,NaN,75.78635397152628,NaN,NaN,NaN,3.5978501335702955,2.4188291122549703,NaN,NaN,NaN,NaN,NaN,NaN,NaN,NaN,NaN,NaN,1
2024-05-29,2.3068970762199448,2.3068970762199448,2.07,2.167725,2.481633966478089,3.587363395771909,2.167725,0,0,5009,5925,0,0,0,0,NaN,NaN,75.81105500500979,NaN,NaN,NaN,3.5382712323193704,2.324326628578479,NaN,NaN,NaN,NaN,NaN,NaN,NaN,NaN,NaN,NaN,1,0,0,0,0,NaN,NaN,75.81105500500979,NaN,NaN,NaN,3.5382712323193704,2.324326628578479,NaN,NaN,NaN,NaN,NaN,NaN,NaN,NaN,NaN,NaN,1
2024-05-30,2.237311038109972,2.237311038109972,2.11,2.15135,2.4215823362093456,3.5654395271341697,2.15135,0,0,5009,5926,0,0,0,0,NaN,NaN,75.89235159219722,NaN,NaN,NaN,3.5161574727412352,2.2617587161475807,NaN,NaN,NaN,NaN,NaN,NaN,NaN,NaN,NaN,NaN,1,0,0,0,0,NaN,NaN,75.89235159219722,NaN,NaN,NaN,3.5161574727412352,2.2617587161475807,NaN,NaN,NaN,NaN,NaN,NaN,NaN,NaN,NaN,NaN,1
2024-05-31,2.194330519054986,2.47,2.14,2.3200000000000003,2.4031128205349193,3.546425183208457,2.3200000000000003,0,0,5009,5927,0,0,0,0,NaN,NaN,76.10374962645984,NaN,NaN,NaN,3.5161574727412352,2.2617587161475807,NaN,NaN,NaN,NaN,NaN,NaN,NaN,NaN,NaN,NaN,1,0,0,0,0,NaN,NaN,76.10374962645984,NaN,NaN,NaN,3.5161574727412352,2.2617587161475807,NaN,NaN,NaN,NaN,NaN,NaN,NaN,NaN,NaN,NaN,1
2024-06-03,2.2571652595274934,2.52,2.2571652595274934,2.4549,2.412528671346752,3.5297606765945875,2.4549,0,0,5009,5928,0,0,0,0,NaN,NaN,76.46936535066367,NaN,NaN,NaN,3.5161574727412352,2.3577639999999995,NaN,NaN,NaN,NaN,NaN,NaN,NaN,NaN,NaN,NaN,1,0,0,0,0,NaN,NaN,76.46936535066367,NaN,NaN,NaN,3.5161574727412352,2.3577639999999995,NaN,NaN,NaN,NaN,NaN,NaN,NaN,NaN,NaN,NaN,1
2024-06-04,2.356032629763747,2.5329,2.11,2.313225,2.3944734583746152,3.5111876128297848,2.313225,0,0,5009,5929,0,0,0,0,NaN,NaN,77.08993741488771,NaN,NaN,NaN,3.5161574727412352,2.3577639999999995,NaN,NaN,NaN,NaN,NaN,NaN,NaN,NaN,NaN,NaN,1,0,0,0,0,NaN,NaN,77.08993741488771,NaN,NaN,NaN,3.5161574727412352,2.3577639999999995,NaN,NaN,NaN,NaN,NaN,NaN,NaN,NaN,NaN,NaN,1
2024-06-05,2.3346288148818735,2.3346288148818735,2,2.095,2.3400237386701397,3.4895664279010856,2.095,0,0,5009,5930,0,0,0,0,NaN,NaN,77.2810928106273,NaN,NaN,NaN,3.5161574727412352,2.2695515,NaN,NaN,NaN,NaN,NaN,NaN,NaN,NaN,NaN,NaN,1,0,0,0,0,NaN,NaN,77.2810928106273,NaN,NaN,NaN,3.5161574727412352,2.2695515,NaN,NaN,NaN,NaN,NaN,NaN,NaN,NaN,NaN,NaN,1
2024-06-06,2.2148144074409366,2.2148144074409366,1.96,2.062775,2.2896148770937508,3.4677833526659545,2.062775,0,0,5009,5931,0,0,0,0,NaN,NaN,77.34749620752808,NaN,NaN,NaN,3.5161574727412352,2.2477190799999995,NaN,NaN,NaN,NaN,NaN,NaN,NaN,NaN,NaN,NaN,1,0,0,0,0,NaN,NaN,77.34749620752808,NaN,NaN,NaN,3.5161574727412352,2.2477190799999995,NaN,NaN,NaN,NaN,NaN,NaN,NaN,NaN,NaN,NaN,1
2024-06-07,2.1387947037204684,2.1387947037204684,1.97,2.06745,2.2492212630767052,3.446404217510749,2.06745,0,0,5009,5932,0,0,0,0,NaN,NaN,77.3426663147361,NaN,NaN,NaN,3.5161574727412352,2.2477190799999995,NaN,NaN,NaN,NaN,NaN,NaN,NaN,NaN,NaN,NaN,1,0,0,0,0,NaN,NaN,77.3426663147361,NaN,NaN,NaN,3.5161574727412352,2.2477190799999995,NaN,NaN,NaN,NaN,NaN,NaN,NaN,NaN,NaN,NaN,1
2024-06-10,2.103122351860234,2.12,2.02,2.0700000000000003,2.2166355788809406,3.425390412663257,2.0700000000000003,0,0,5009,5933,0,0,0,0,NaN,NaN,77.35420982041744,NaN,NaN,NaN,3.5161574727412352,2.2477190799999995,NaN,NaN,NaN,NaN,NaN,NaN,NaN,NaN,NaN,NaN,1,0,0,0,0,NaN,NaN,77.35420982041744,NaN,NaN,NaN,3.5161574727412352,2.2477190799999995,NaN,NaN,NaN,NaN,NaN,NaN,NaN,NaN,NaN,NaN,1
2024-06-11,2.0865611759301173,2.0865611759301173,1.9,1.9925000000000002,2.1758836554480423,3.403514223156948,1.9925000000000002,0,0,5009,5934,0,0,0,0,NaN,NaN,77.83537272040604,NaN,NaN,NaN,3.5161574727412352,2.1993766852,NaN,NaN,NaN,NaN,NaN,NaN,NaN,NaN,NaN,NaN,1,0,0,0,0,NaN,NaN,77.83537272040604,NaN,NaN,NaN,3.5161574727412352,2.1993766852,NaN,NaN,NaN,NaN,NaN,NaN,NaN,NaN,NaN,NaN,1
2024-06-12,2.039530587965059,2.039530587965059,1.74,1.8900000000000001,2.1239048090029438,3.380407135780506,1.8900000000000001,0,0,5009,5935,0,0,0,0,NaN,NaN,78.0408664045137,NaN,NaN,NaN,3.5161574727412352,2.124895283532,NaN,NaN,NaN,NaN,NaN,NaN,NaN,NaN,NaN,NaN,1,0,0,0,0,NaN,NaN,78.0408664045137,NaN,NaN,NaN,3.5161574727412352,2.124895283532,NaN,NaN,NaN,NaN,NaN,NaN,NaN,NaN,NaN,NaN,1
2024-06-13,1.9647652939825295,2.2189,1.89,1.987225,2.099053934638772,3.3591371795090477,1.987225,0,0,5009,5936,0,0,0,0,NaN,NaN,78.08435962374115,NaN,NaN,NaN,3.5161574727412352,2.124895283532,NaN,NaN,NaN,NaN,NaN,NaN,NaN,NaN,NaN,NaN,1,0,0,0,0,NaN,NaN,78.08435962374115,NaN,NaN,NaN,3.5161574727412352,2.124895283532,NaN,NaN,NaN,NaN,NaN,NaN,NaN,NaN,NaN,NaN,1
2024-06-14,1.9759951469912647,2.046,1.84,1.9715,2.0758623101589952,3.3379518790585276,1.9715,0,0,5009,5937,0,0,0,0,NaN,NaN,78.20781900742955,NaN,NaN,NaN,3.5161574727412352,2.124895283532,NaN,NaN,NaN,NaN,NaN,NaN,NaN,NaN,NaN,NaN,1,0,0,0,0,NaN,NaN,78.20781900742955,NaN,NaN,NaN,3.5161574727412352,2.124895283532,NaN,NaN,NaN,NaN,NaN,NaN,NaN,NaN,NaN,NaN,1
2024-06-17,1.9737475734956322,2.0792,1.53,1.8560500000000002,2.0358964355846325,3.315327422889695,1.8560500000000002,0,0,5009,5938,0,0,0,0,NaN,NaN,78.47611940456461,NaN,NaN,NaN,3.5161574727412352,2.07769584950816,NaN,NaN,NaN,NaN,NaN,NaN,NaN,NaN,NaN,NaN,1,0,0,0,0,NaN,NaN,78.47611940456461,NaN,NaN,NaN,3.5161574727412352,2.07769584950816,NaN,NaN,NaN,NaN,NaN,NaN,NaN,NaN,NaN,NaN,1
2024-06-18,1.9148987867478162,1.9148987867478162,1.64,1.728125,1.979937992751063,3.2910953248303105,1.728125,0,0,5009,5939,0,0,0,0,NaN,NaN,78.60688150419371,NaN,NaN,NaN,3.5161574727412352,1.970892097081936,NaN,NaN,NaN,NaN,NaN,NaN,NaN,NaN,NaN,NaN,1,0,0,0,0,NaN,NaN,78.60688150419371,NaN,NaN,NaN,3.5161574727412352,1.970892097081936,NaN,NaN,NaN,NaN,NaN,NaN,NaN,NaN,NaN,NaN,1
2024-06-20,1.821511893373908,1.821511893373908,1.52,1.6524999999999999,1.9204038122508698,3.2660786023138173,1.6524999999999999,0,0,5009,5940,0,0,0,0,NaN,NaN,78.75409483546588,NaN,NaN,NaN,3.5161574727412352,1.8825752696071874,NaN,NaN,NaN,NaN,NaN,NaN,NaN,NaN,NaN,NaN,1,0,0,0,0,NaN,NaN,78.75409483546588,NaN,NaN,NaN,3.5161574727412352,1.8825752696071874,NaN,NaN,NaN,NaN,NaN,NaN,NaN,NaN,NaN,NaN,1
2024-06-21,1.737005946686954,1.8124,1.59,1.7106,1.8822576645688933,3.2423308373929958,1.7106,0,0,5009,5941,0,0,0,0,NaN,NaN,79.1589529513365,NaN,NaN,NaN,3.5161574727412352,1.8825752696071874,NaN,NaN,NaN,NaN,NaN,NaN,NaN,NaN,NaN,NaN,1,0,0,0,0,NaN,NaN,79.1589529513365,NaN,NaN,NaN,3.5161574727412352,1.8825752696071874,NaN,NaN,NaN,NaN,NaN,NaN,NaN,NaN,NaN,NaN,1
2024-06-24,1.723802973343477,1.723802973343477,1.45,1.5925,1.8295744528290945,3.2171425803335607,1.5925,0,0,5009,5942,0,0,0,0,NaN,NaN,79.52049896534253,NaN,NaN,NaN,3.5161574727412352,1.7979594629896782,NaN,NaN,NaN,NaN,NaN,NaN,NaN,NaN,NaN,NaN,1,0,0,0,0,NaN,NaN,79.52049896534253,NaN,NaN,NaN,3.5161574727412352,1.7979594629896782,NaN,NaN,NaN,NaN,NaN,NaN,NaN,NaN,NaN,NaN,1
2024-06-25,1.6581514866717386,1.6581514866717386,1.18,1.4324999999999999,1.7573790977692592,3.189896128725415,1.4324999999999999,0,0,5009,5943,0,0,0,0,NaN,NaN,79.76296380552714,NaN,NaN,NaN,3.5161574727412352,1.6494491918721552,NaN,NaN,NaN,NaN,NaN,NaN,NaN,NaN,NaN,NaN,1,0,0,0,0,NaN,NaN,79.76296380552714,NaN,NaN,NaN,3.5161574727412352,1.6494491918721552,NaN,NaN,NaN,NaN,NaN,NaN,NaN,NaN,NaN,NaN,1
2024-06-26,1.5453257433358694,1.5453257433358694,1.17,1.2725,1.669219261811212,3.1606229053860955,1.2725,0,0,5009,5944,0,0,0,0,NaN,NaN,79.84349023752358,NaN,NaN,NaN,3.5161574727412352,1.4892729100666733,NaN,NaN,NaN,NaN,NaN,NaN,NaN,NaN,NaN,NaN,1,0,0,0,0,NaN,NaN,79.84349023752358,NaN,NaN,NaN,3.5161574727412352,1.4892729100666733,NaN,NaN,NaN,NaN,NaN,NaN,NaN,NaN,NaN,NaN,1
2024-06-27,1.4089128716679347,1.4089128716679347,1.2111,1.300275,1.6021384869364463,3.1322206472885976,1.300275,0,0,5009,5945,0,0,0,0,NaN,NaN,80.13101428475386,NaN,NaN,NaN,3.5161574727412352,1.4892729100666733,NaN,NaN,NaN,NaN,NaN,NaN,NaN,NaN,NaN,NaN,1,0,0,0,0,NaN,NaN,80.13101428475386,NaN,NaN,NaN,3.5161574727412352,1.4892729100666733,NaN,NaN,NaN,NaN,NaN,NaN,NaN,NaN,NaN,NaN,1
2024-06-28,1.3545939358339674,1.49,1.14,1.3475,1.555840580220729,3.1049730038185426,1.3475,0,0,5009,5946,0,0,0,0,NaN,NaN,80.48431876883221,NaN,NaN,NaN,3.5161574727412352,1.4892729100666733,NaN,NaN,NaN,NaN,NaN,NaN,NaN,NaN,NaN,NaN,1,0,0,0,0,NaN,NaN,80.48431876883221,NaN,NaN,NaN,3.5161574727412352,1.4892729100666733,NaN,NaN,NaN,NaN,NaN,NaN,NaN,NaN,NaN,NaN,1
2024-07-01,1.3510469679169836,1.5899,0.8988,1.237175,1.49790138381696,3.076457003760244,1.237175,0,0,5009,5947,0,0,0,0,NaN,0.8988,80.73365693007595,NaN,NaN,NaN,3.5161574727412352,1.401279787046671,NaN,NaN,NaN,NaN,NaN,NaN,NaN,NaN,NaN,NaN,1,0,0,0,0,NaN,0.8988,80.73365693007595,NaN,NaN,NaN,3.5161574727412352,1.401279787046671,NaN,NaN,NaN,NaN,NaN,NaN,NaN,NaN,NaN,NaN,1
2024-07-02,1.294110983958492,1.294110983958492,0.95,1.0825,1.4223738594866036,3.0460149120997824,1.0825,0,0,5009,5948,0,0,0,0,NaN,NaN,81.16010889733914,NaN,NaN,NaN,3.415553497919815,1.2442663323212697,NaN,NaN,NaN,NaN,NaN,NaN,NaN,NaN,NaN,NaN,1,0,0,0,0,NaN,NaN,81.16010889733914,NaN,NaN,NaN,3.415553497919815,1.2442663323212697,NaN,NaN,NaN,NaN,NaN,NaN,NaN,NaN,NaN,NaN,1
2024-07-03,1.188305491979246,1.188305491979246,0.9031,0.9591,1.3381422486708574,3.0141536157318467,0.9590999999999998,0,0,5009,5949,0,0,0,0,NaN,NaN,81.59857342740612,NaN,NaN,NaN,2.235504185037923,1.1021184526856125,NaN,NaN,NaN,NaN,NaN,NaN,NaN,NaN,NaN,NaN,1,0,0,0,0,NaN,NaN,81.59857342740612,NaN,NaN,NaN,2.235504185037923,1.1021184526856125,NaN,NaN,NaN,NaN,NaN,NaN,NaN,NaN,NaN,NaN,1
2024-07-05,1.073702745989623,1.12,0.86,1.0125,1.278934567094338,2.983594018545101,1.0125,0,0,5009,5950,0,0,0,0,NaN,NaN,81.92800288296992,NaN,NaN,NaN,2.235504185037923,1.1021184526856125,NaN,NaN,NaN,NaN,NaN,NaN,NaN,NaN,NaN,NaN,1,0,0,0,0,NaN,NaN,81.92800288296992,NaN,NaN,NaN,2.235504185037923,1.1021184526856125,NaN,NaN,NaN,NaN,NaN,NaN,NaN,NaN,NaN,NaN,1
2024-07-08,1.0431013729948115,1.27,1.0431013729948115,1.185,1.2618555548953674,2.9561345678802904,1.185,0,0,5009,5951,0,0,0,0,NaN,NaN,82.23506489796723,NaN,NaN,NaN,2.235504185037923,1.1021184526856125,NaN,NaN,NaN,NaN,NaN,NaN,NaN,NaN,NaN,NaN,1,0,0,0,0,NaN,NaN,82.23506489796723,NaN,NaN,NaN,2.235504185037923,1.1021184526856125,NaN,NaN,NaN,NaN,NaN,NaN,NaN,NaN,NaN,NaN,1
2024-07-09,1.1140506864974058,1.28,1.1127,1.208175,1.2520954540053006,2.9294481622637973,1.208175,0,0,5009,5952,0,0,0,0,NaN,NaN,82.46527610488079,NaN,NaN,NaN,2.235504185037923,1.1021184526856125,NaN,NaN,NaN,NaN,NaN,NaN,NaN,NaN,NaN,NaN,1,0,0,0,0,NaN,NaN,82.46527610488079,NaN,NaN,NaN,2.235504185037923,1.1021184526856125,NaN,NaN,NaN,NaN,NaN,NaN,NaN,NaN,NaN,NaN,1
2024-07-10,1.161112843248703,1.2195,1.11,1.159875,1.2353280987316095,2.9024317781070983,1.159875,0,0,5009,5953,0,0,0,0,NaN,NaN,82.84821560793903,NaN,NaN,NaN,2.235504185037923,1.1021184526856125,NaN,NaN,NaN,NaN,NaN,NaN,NaN,NaN,NaN,NaN,1,0,0,0,0,NaN,NaN,82.84821560793903,NaN,NaN,NaN,2.235504185037923,1.1021184526856125,NaN,NaN,NaN,NaN,NaN,NaN,NaN,NaN,NaN,NaN,1
2024-07-11,1.1604939216243515,1.28,1.1604939216243515,1.2331500000000002,1.2349320807804078,2.8769465601207305,1.2331500000000002,0,0,5009,5954,0,0,0,0,NaN,NaN,83.26971002855774,NaN,NaN,NaN,2.235504185037923,1.1021184526856125,NaN,NaN,NaN,NaN,NaN,NaN,NaN,NaN,NaN,NaN,1,0,0,0,0,NaN,NaN,83.26971002855774,NaN,NaN,NaN,2.235504185037923,1.1021184526856125,NaN,NaN,NaN,NaN,NaN,NaN,NaN,NaN,NaN,NaN,1
2024-07-12,1.196821960812176,1.71,1.196821960812176,1.467975,1.2773035206385155,2.8554355439356813,1.467975,0,0,5009,5955,0,0,0,0,NaN,NaN,83.48771469845343,NaN,NaN,NaN,2.235504185037923,1.312768125,NaN,NaN,NaN,NaN,NaN,NaN,NaN,NaN,NaN,NaN,1,0,0,0,0,NaN,NaN,83.48771469845343,NaN,NaN,NaN,2.235504185037923,1.312768125,NaN,NaN,NaN,NaN,NaN,NaN,NaN,NaN,NaN,NaN,1
2024-07-15,1.332398480406088,1.68,1.3,1.56,1.3287028805224217,2.8356579020435335,1.56,0,0,5009,5956,0,0,0,0,NaN,NaN,84.25899269614754,NaN,NaN,NaN,2.235504185037923,1.3648172062500001,NaN,NaN,NaN,NaN,NaN,NaN,NaN,NaN,NaN,NaN,1,0,0,0,0,NaN,NaN,84.25899269614754,NaN,NaN,NaN,2.235504185037923,1.3648172062500001,NaN,NaN,NaN,NaN,NaN,NaN,NaN,NaN,NaN,NaN,1
2024-07-16,1.4461992402030441,1.7299,1.44,1.629975,1.383479629518345,2.8172505294932506,1.629975,0,0,5009,5957,0,0,0,0,NaN,NaN,85.29980784164225,NaN,NaN,NaN,2.235504185037923,1.413614923875,NaN,NaN,NaN,NaN,NaN,NaN,NaN,NaN,NaN,NaN,1,0,0,0,0,NaN,NaN,85.29980784164225,NaN,NaN,NaN,2.235504185037923,1.413614923875,NaN,NaN,NaN,NaN,NaN,NaN,NaN,NaN,NaN,NaN,1
2024-07-17,1.538087120101522,1.59,1.29,1.465,1.398301515060464,2.796605483241445,1.4650000000000003,0,0,5009,5958,0,0,0,0,NaN,NaN,86.73843771322473,NaN,NaN,NaN,2.235504185037923,1.413614923875,NaN,NaN,NaN,NaN,NaN,NaN,NaN,NaN,NaN,NaN,1,0,0,0,0,NaN,NaN,86.73843771322473,NaN,NaN,NaN,2.235504185037923,1.413614923875,NaN,NaN,NaN,NaN,NaN,NaN,NaN,NaN,NaN,NaN,1
2024-07-18,1.5015435600507612,1.59,1.33,1.4400000000000002,1.4058830577767434,2.775893949146156,1.4400000000000002,0,0,5009,5959,0,0,0,0,NaN,NaN,88.31460494880022,NaN,NaN,NaN,2.235504185037923,1.413614923875,NaN,NaN,NaN,NaN,NaN,NaN,NaN,NaN,NaN,NaN,1,0,0,0,0,NaN,NaN,88.31460494880022,NaN,NaN,NaN,2.235504185037923,1.413614923875,NaN,NaN,NaN,NaN,NaN,NaN,NaN,NaN,NaN,NaN,1
2024-07-19,1.4707717800253808,1.5358,1.41,1.4739499999999999,1.4182588654536992,2.7560169422889627,1.4739499999999999,0,0,5009,5960,0,0,0,0,NaN,NaN,90.20249326064253,NaN,NaN,NaN,2.235504185037923,1.413614923875,NaN,NaN,NaN,NaN,NaN,NaN,NaN,NaN,NaN,NaN,1,0,0,0,0,NaN,NaN,90.20249326064253,NaN,NaN,NaN,2.235504185037923,1.413614923875,NaN,NaN,NaN,NaN,NaN,NaN,NaN,NaN,NaN,NaN,1
2024-07-22,1.4723608900126903,1.5784,1.44,1.5195999999999998,1.4366845262802992,2.7371403477502,1.5195999999999998,0,0,5009,5961,0,0,0,0,NaN,NaN,91.39633800230526,NaN,NaN,NaN,2.235504185037923,1.413614923875,NaN,NaN,NaN,NaN,NaN,NaN,NaN,NaN,NaN,NaN,1,0,0,0,0,NaN,NaN,91.39633800230526,NaN,NaN,NaN,2.235504185037923,1.413614923875,NaN,NaN,NaN,NaN,NaN,NaN,NaN,NaN,NaN,NaN,1
2024-07-23,1.495980445006345,1.58,1.4,1.5025000000000002,1.4486509760475175,2.7182908767921816,1.5025000000000002,0,0,5009,5962,0,0,0,0,NaN,NaN,92.11051366182225,NaN,NaN,NaN,2.235504185037923,1.413614923875,NaN,NaN,NaN,NaN,NaN,NaN,NaN,NaN,NaN,NaN,1,0,0,0,0,NaN,NaN,92.11051366182225,NaN,NaN,NaN,2.235504185037923,1.413614923875,NaN,NaN,NaN,NaN,NaN,NaN,NaN,NaN,NaN,NaN,1
2024-07-24,1.4992402225031727,1.4992402225031727,1.32,1.4025,1.4402598894934233,2.6982024664594766,1.4025,0,1,5009,5963,0,0,0,0,NaN,NaN,92.07736167851823,NaN,NaN,NaN,2.235504185037923,1.413614923875,NaN,NaN,NaN,NaN,NaN,NaN,NaN,NaN,NaN,NaN,1,0,0,0,0,NaN,NaN,92.07736167851823,NaN,NaN,NaN,2.235504185037923,1.413614923875,NaN,NaN,NaN,NaN,NaN,NaN,NaN,NaN,NaN,NaN,1
2024-07-25,1.4508701112515863,1.51,1.43,1.4675,1.4452126368582554,2.6794131158265073,1.4674999999999998,0,0,5009,5964,0,0,0,0,NaN,NaN,91.70501615973392,NaN,NaN,NaN,2.235504185037923,1.413614923875,NaN,NaN,NaN,NaN,NaN,NaN,NaN,NaN,NaN,NaN,1,0,0,0,0,NaN,NaN,91.70501615973392,NaN,NaN,NaN,2.235504185037923,1.413614923875,NaN,NaN,NaN,NaN,NaN,NaN,NaN,NaN,NaN,NaN,1
2024-07-26,1.459185055625793,1.54,1.41,1.485,1.452446702884027,2.6611778010810645,1.485,0,0,5009,5965,0,0,0,0,NaN,NaN,91.0812750727674,NaN,NaN,NaN,2.235504185037923,1.413614923875,NaN,NaN,NaN,NaN,NaN,NaN,NaN,NaN,NaN,NaN,1,0,0,0,0,NaN,NaN,91.0812750727674,NaN,NaN,NaN,2.235504185037923,1.413614923875,NaN,NaN,NaN,NaN,NaN,NaN,NaN,NaN,NaN,NaN,1
2024-07-29,1.4720925278128965,1.56,1.4109,1.5027249999999999,1.4615882114505676,2.6434914987744835,1.5027249999999999,0,0,5009,5966,0,0,0,0,NaN,NaN,90.18276283140234,NaN,NaN,NaN,2.235504185037923,1.413614923875,NaN,NaN,NaN,NaN,NaN,NaN,NaN,NaN,NaN,NaN,1,0,0,0,0,NaN,NaN,90.18276283140234,NaN,NaN,NaN,2.235504185037923,1.413614923875,NaN,NaN,NaN,NaN,NaN,NaN,NaN,NaN,NaN,NaN,1
2024-07-30,1.4874087639064482,1.4874087639064482,1.3199,1.4024750000000001,1.4508403548231916,2.624544681999301,1.4024750000000001,0,0,5009,5967,0,0,0,0,NaN,NaN,89.46015187989845,NaN,NaN,NaN,2.235504185037923,1.413614923875,NaN,NaN,NaN,NaN,NaN,NaN,NaN,NaN,NaN,NaN,1,0,0,0,0,NaN,NaN,89.46015187989845,NaN,NaN,NaN,2.235504185037923,1.413614923875,NaN,NaN,NaN,NaN,NaN,NaN,NaN,NaN,NaN,NaN,1
2024-07-31,1.4449418819532243,1.4449418819532243,1.24,1.3299999999999998,1.428869381218975,2.6047806410527468,1.3299999999999998,0,0,5009,5968,0,0,0,0,NaN,NaN,88.85248116278362,NaN,NaN,NaN,2.235504185037923,1.413614923875,NaN,NaN,NaN,NaN,NaN,NaN,NaN,NaN,NaN,NaN,1,0,0,0,0,NaN,NaN,88.85248116278362,NaN,NaN,NaN,2.235504185037923,1.413614923875,NaN,NaN,NaN,NaN,NaN,NaN,NaN,NaN,NaN,NaN,1
2024-08-01,1.3874709409766122,1.3874709409766122,1.22,1.289975,1.4036158573609796,2.584707272487056,1.289975,0,0,5009,5969,0,0,0,0,NaN,NaN,88.19600006346866,NaN,NaN,NaN,2.235504185037923,1.413614923875,NaN,NaN,NaN,NaN,NaN,NaN,NaN,NaN,NaN,NaN,1,0,0,0,0,NaN,NaN,88.19600006346866,NaN,NaN,NaN,2.235504185037923,1.413614923875,NaN,NaN,NaN,NaN,NaN,NaN,NaN,NaN,NaN,NaN,1
2024-08-02,1.3387229704883061,1.3387229704883061,1.16,1.22875,1.3718220651135287,2.564005634739162,1.22875,0,0,5009,5970,0,0,0,0,NaN,NaN,87.62547503056025,NaN,NaN,NaN,2.235504185037923,1.413614923875,NaN,NaN,NaN,NaN,NaN,NaN,NaN,NaN,NaN,NaN,1,0,0,0,0,NaN,NaN,87.62547503056025,NaN,NaN,NaN,2.235504185037923,1.413614923875,NaN,NaN,NaN,NaN,NaN,NaN,NaN,NaN,NaN,NaN,1
2024-08-05,1.283736485244153,1.283736485244153,1.03,1.0899999999999999,1.3205816896383415,2.541501731918717,1.0899999999999999,0,0,5009,5971,0,0,0,0,NaN,NaN,87.29189711399452,NaN,NaN,NaN,2.235504185037923,1.335688625,NaN,NaN,NaN,NaN,NaN,NaN,NaN,NaN,NaN,NaN,1,0,0,0,0,NaN,NaN,87.29189711399452,NaN,NaN,NaN,2.235504185037923,1.335688625,NaN,NaN,NaN,NaN,NaN,NaN,NaN,NaN,NaN,NaN,1
2024-08-06,1.1868682426220765,1.1868682426220765,1.02,1.1,1.280475927885916,2.5194940718894236,1.1,0,0,5009,5972,0,0,0,0,NaN,NaN,86.89782897051063,NaN,NaN,NaN,2.235504185037923,1.335688625,NaN,NaN,NaN,NaN,NaN,NaN,NaN,NaN,NaN,NaN,1,0,0,0,0,NaN,NaN,86.89782897051063,NaN,NaN,NaN,2.235504185037923,1.335688625,NaN,NaN,NaN,NaN,NaN,NaN,NaN,NaN,NaN,NaN,1
2024-08-07,1.1434341213110382,1.2,1.1113,1.165325,1.259539395543022,2.4988197349140124,1.165325,0,0,5009,5973,0,0,0,0,NaN,NaN,86.31892610676995,NaN,NaN,NaN,2.235504185037923,1.335688625,NaN,NaN,NaN,NaN,NaN,NaN,NaN,NaN,NaN,NaN,1,0,0,0,0,NaN,NaN,86.31892610676995,NaN,NaN,NaN,2.235504185037923,1.335688625,NaN,NaN,NaN,NaN,NaN,NaN,NaN,NaN,NaN,NaN,1
2024-08-08,1.154379560655519,1.2,1.15,1.18,1.2450776872624727,2.4786850824725772,1.18,0,0,5009,5974,0,0,0,0,NaN,NaN,85.65527343760522,NaN,NaN,NaN,2.235504185037923,1.335688625,NaN,NaN,NaN,NaN,NaN,NaN,NaN,NaN,NaN,NaN,1,0,0,0,0,NaN,NaN,85.65527343760522,NaN,NaN,NaN,2.235504185037923,1.335688625,NaN,NaN,NaN,NaN,NaN,NaN,NaN,NaN,NaN,NaN,1
2024-08-09,1.1671897803277593,1.2199,1.0206,1.142625,1.2264499259420232,2.4582872186180342,1.142625,0,0,5009,5975,0,0,0,0,NaN,NaN,85.04000376389921,NaN,NaN,NaN,2.235504185037923,1.335688625,NaN,NaN,NaN,NaN,NaN,NaN,NaN,NaN,NaN,NaN,1,0,0,0,0,NaN,NaN,85.04000376389921,NaN,NaN,NaN,2.235504185037923,1.335688625,NaN,NaN,NaN,NaN,NaN,NaN,NaN,NaN,NaN,NaN,1
2024-08-12,1.1549073901638796,1.1549073901638796,1.04,1.1175,1.206640848498019,2.4378171847460033,1.1175,0,0,5009,5976,0,0,0,0,NaN,NaN,84.45479057095689,NaN,NaN,NaN,2.235504185037923,1.335688625,NaN,NaN,NaN,NaN,NaN,NaN,NaN,NaN,NaN,NaN,1,0,0,0,0,NaN,NaN,84.45479057095689,NaN,NaN,NaN,2.235504185037923,1.335688625,NaN,NaN,NaN,NaN,NaN,NaN,NaN,NaN,NaN,NaN,1
2024-08-13,1.1362036950819396,1.2582,1.07,1.14205,1.1948970578620155,2.418034479635377,1.14205,0,0,5009,5977,0,0,0,0,NaN,NaN,83.75072408381786,NaN,NaN,NaN,2.235504185037923,1.335688625,NaN,NaN,NaN,NaN,NaN,NaN,NaN,NaN,NaN,NaN,1,0,0,0,0,NaN,NaN,83.75072408381786,NaN,NaN,NaN,2.235504185037923,1.335688625,NaN,NaN,NaN,NaN,NaN,NaN,NaN,NaN,NaN,NaN,1
2024-08-14,1.13912684754097,1.39,1.02,1.1749999999999998,1.1912794109780127,2.399056853992089,1.1749999999999998,0,0,5009,5978,0,0,0,0,NaN,NaN,82.90588810622671,NaN,NaN,NaN,2.235504185037923,1.335688625,NaN,NaN,NaN,NaN,NaN,NaN,NaN,NaN,NaN,NaN,1,0,0,0,0,NaN,NaN,82.90588810622671,NaN,NaN,NaN,2.235504185037923,1.335688625,NaN,NaN,NaN,NaN,NaN,NaN,NaN,NaN,NaN,NaN,1
2024-08-15,1.1570634237704849,1.17,1.07,1.1125,1.1769558817092831,2.379414764618164,1.1125,0,0,5009,5979,0,0,0,0,NaN,NaN,82.22639411182459,NaN,NaN,NaN,2.235504185037923,1.335688625,NaN,NaN,NaN,NaN,NaN,NaN,NaN,NaN,NaN,NaN,1,0,0,0,0,NaN,NaN,82.22639411182459,NaN,NaN,NaN,2.235504185037923,1.335688625,NaN,NaN,NaN,NaN,NaN,NaN,NaN,NaN,NaN,NaN,1