time,open,high,low,close,EMA10,EMA130,VWAP,Bull_window,Bear_window,Plot,Plot,Bullish,Bullish+,Bearish,Bearish+,Bullish Exit,Bearish Exit,Trend Strength,Take Profit,Stop Loss,Bar Color Value,Trend Tracer,Trend Catcher,Smart Trail,Smart Trail Extremity,RZ R3 Band,RZ R2 Band,RZ R1 Band,RZ S1 Band,RZ S2 Band,RZ S3 Band,Neo Lead,Neo Lag,Custom Alert Condition Highlighter,Bullish,Bullish+,Bearish,Bearish+,Bullish Exit,Bearish Exit,Trend Strength,Take Profit,Stop Loss,Bar Color Value,Trend Tracer,Trend Catcher,Smart Trail,Smart Trail Extremity,RZ R3 Band,RZ R2 Band,RZ R1 Band,RZ S1 Band,RZ S2 Band,RZ S3 Band,Neo Lead,Neo Lag,Custom Alert Condition Highlighter
2024-06-24T10:35:00-04:00,2.343646938323942,2.343646938323942,2.3,2.3049999999999997,2.3268188048762335,2.358552540794345,2.3144806716126514,0,0,19142,19643,0,0,0,0,NaN,NaN,8.81075439993463,NaN,NaN,NaN,2.2937472375529455,2.3537468067820253,NaN,NaN,NaN,NaN,NaN,NaN,NaN,NaN,NaN,NaN,1,0,0,0,0,NaN,NaN,8.81075439993463,NaN,NaN,NaN,2.2937472375529455,2.3537468067820253,NaN,NaN,NaN,NaN,NaN,NaN,NaN,NaN,NaN,NaN,1
2024-06-24T11:28:00-04:00,2.324323469161971,2.324323469161971,2.29,2.29,2.3201244767169182,2.3575059371180953,2.3135606914693727,0,1,19142,19644,0,0,0,0,NaN,NaN,7.917509247118515,NaN,NaN,NaN,2.2937472375529455,2.3537468067820253,NaN,NaN,NaN,NaN,NaN,NaN,NaN,NaN,NaN,NaN,1,0,0,0,0,NaN,NaN,7.917509247118515,NaN,NaN,NaN,2.2937472375529455,2.3537468067820253,NaN,NaN,NaN,NaN,NaN,NaN,NaN,NaN,NaN,NaN,1
2024-06-24T12:25:00-04:00,2.3071617345809856,2.3071617345809856,2.3,2.3,2.316465480950206,2.356627983879651,2.309970986460348,0,0,19142,19645,0,0,0,0,NaN,NaN,6.160463676767401,NaN,NaN,NaN,2.2937472375529455,2.3537468067820253,NaN,NaN,NaN,NaN,NaN,NaN,NaN,NaN,NaN,NaN,1,0,0,0,0,NaN,NaN,6.160463676767401,NaN,NaN,NaN,2.2937472375529455,2.3537468067820253,NaN,NaN,NaN,NaN,NaN,NaN,NaN,NaN,NaN,NaN,1
2024-06-24T13:28:00-04:00,2.303580867290493,2.303580867290493,2.3001,2.3001,2.3134899389592594,2.355764961225,2.3094540455616652,0,0,19142,19646,0,0,0,0,NaN,NaN,4.503856984082936,NaN,NaN,NaN,2.2937472375529455,2.3537468067820253,NaN,NaN,NaN,NaN,NaN,NaN,NaN,NaN,NaN,NaN,1,0,0,0,0,NaN,NaN,4.503856984082936,NaN,NaN,NaN,2.2937472375529455,2.3537468067820253,NaN,NaN,NaN,NaN,NaN,NaN,NaN,NaN,NaN,NaN,1
2024-06-24T13:54:00-04:00,2.3018404336452463,2.35,2.3018404336452463,2.34,2.318309950057576,2.355524274794084,2.3172113694080876,0,0,19142,19647,0,0,0,0,NaN,NaN,2.2973815812495433,NaN,NaN,NaN,2.2937472375529455,2.3537468067820253,NaN,NaN,NaN,NaN,NaN,NaN,NaN,NaN,NaN,NaN,1,0,0,0,0,NaN,NaN,2.2973815812495433,NaN,NaN,NaN,2.2937472375529455,2.3537468067820253,NaN,NaN,NaN,NaN,NaN,NaN,NaN,NaN,NaN,NaN,1
2024-06-24T14:55:00-04:00,2.320920216822623,2.320920216822623,2.3,2.3050499999999996,2.3158990500471073,2.354753675178907,2.3151023252058778,0,1,19142,19648,0,0,0,0,NaN,NaN,1.0984523029308448,NaN,NaN,NaN,2.2937472375529455,2.3537468067820253,NaN,NaN,NaN,NaN,NaN,NaN,NaN,NaN,NaN,NaN,1,0,0,0,0,NaN,NaN,1.0984523029308448,NaN,NaN,NaN,2.2937472375529455,2.3537468067820253,NaN,NaN,NaN,NaN,NaN,NaN,NaN,NaN,NaN,NaN,1
2024-06-24T14:57:00-04:00,2.3129851084113113,2.3129851084113113,2.3,2.3014,2.3132628591294515,2.3539391152525115,2.3128704649905383,0,0,19142,19649,0,0,0,0,NaN,NaN,0.5334562952404698,NaN,NaN,NaN,2.2937472375529455,2.3537468067820253,NaN,NaN,NaN,NaN,NaN,NaN,NaN,NaN,NaN,NaN,1,0,0,0,0,NaN,NaN,0.5334562952404698,NaN,NaN,NaN,2.2937472375529455,2.3537468067820253,NaN,NaN,NaN,NaN,NaN,NaN,NaN,NaN,NaN,NaN,1
2024-06-24T15:37:00-04:00,2.3071925542056557,2.3071925542056557,2.298,2.298,2.310487793833188,2.35308508295858,2.312374977133151,0,0,19142,19650,0,0,0,0,NaN,NaN,1.0723828388191774,NaN,NaN,NaN,2.2937472375529455,2.3537468067820253,NaN,NaN,NaN,NaN,NaN,NaN,NaN,NaN,NaN,NaN,1,0,0,0,0,NaN,NaN,1.0723828388191774,NaN,NaN,NaN,2.2937472375529455,2.3537468067820253,NaN,NaN,NaN,NaN,NaN,NaN,NaN,NaN,NaN,NaN,1
2024-06-24T15:38:00-04:00,2.302596277102828,2.31,2.3,2.3049999999999997,2.3094900131362444,2.352350959554632,2.311522674217035,0,0,19142,19651,0,0,0,0,NaN,NaN,1.7237597693073863,NaN,NaN,NaN,2.2937472375529455,2.3537468067820253,NaN,NaN,NaN,NaN,NaN,NaN,NaN,NaN,NaN,NaN,1,0,0,0,0,NaN,NaN,1.7237597693073863,NaN,NaN,NaN,2.2937472375529455,2.3537468067820253,NaN,NaN,NaN,NaN,NaN,NaN,NaN,NaN,NaN,NaN,1
2024-06-25T09:54:00-04:00,2.303798138551414,2.47,2.303798138551414,2.47,2.338673647111473,2.35414712811105,2.47,0,0,19142,19652,1,0,0,0,NaN,NaN,0.09447672774208951,NaN,NaN,NaN,2.2937472375529455,2.3537468067820253,NaN,NaN,NaN,NaN,NaN,NaN,NaN,NaN,NaN,NaN,1,1,0,0,0,NaN,NaN,0.09447672774208951,NaN,NaN,NaN,2.2937472375529455,2.3537468067820253,NaN,NaN,NaN,NaN,NaN,NaN,NaN,NaN,NaN,NaN,1
2024-06-25T12:33:00-04:00,2.386899069275707,2.386899069275707,2.33,2.33,2.3370966203639325,2.3537784696666066,2.4,0,0,19142,19653,0,0,0,0,NaN,NaN,0.19905192319013762,NaN,NaN,NaN,2.2937472375529455,2.3537468067820253,NaN,NaN,NaN,NaN,NaN,NaN,NaN,NaN,NaN,NaN,1,0,0,0,0,NaN,NaN,0.19905192319013762,NaN,NaN,NaN,2.2937472375529455,2.3537468067820253,NaN,NaN,NaN,NaN,NaN,NaN,NaN,NaN,NaN,NaN,1
2024-06-26T10:14:00-04:00,2.3584495346378533,2.46,2.3584495346378533,2.46,2.359442689388672,2.355400172419788,2.46,1,0,19654,19653,0,0,0,0,NaN,NaN,0.8248823513126207,NaN,NaN,NaN,2.2937472375529455,2.3537468067820253,NaN,NaN,NaN,NaN,NaN,NaN,NaN,NaN,NaN,NaN,1,0,0,0,0,NaN,NaN,0.8248823513126207,NaN,NaN,NaN,2.2937472375529455,2.3537468067820253,NaN,NaN,NaN,NaN,NaN,NaN,NaN,NaN,NaN,NaN,1
2024-06-26T10:28:00-04:00,2.4092247673189267,2.46,2.4092247673189267,2.46,2.37772583677255,2.3569971163523107,2.46,0,0,19654,19653,0,0,0,0,NaN,NaN,2.4197073686475825,NaN,NaN,NaN,2.2937472375529455,2.3537468067820253,NaN,NaN,NaN,NaN,NaN,NaN,NaN,NaN,NaN,NaN,1,0,0,0,0,NaN,NaN,2.4197073686475825,NaN,NaN,NaN,2.2937472375529455,2.3537468067820253,NaN,NaN,NaN,NaN,NaN,NaN,NaN,NaN,NaN,NaN,1
2024-06-26T10:53:00-04:00,2.4346123836594633,2.45,2.4346123836594633,2.45,2.390866593722995,2.3584170077057105,2.4565573770491804,0,0,19654,19653,0,0,0,0,NaN,NaN,6.648523955440303,NaN,NaN,NaN,2.350222000167826,2.3537468067820253,NaN,NaN,NaN,NaN,NaN,NaN,NaN,NaN,NaN,NaN,1,0,0,0,0,NaN,NaN,6.648523955440303,NaN,NaN,NaN,2.350222000167826,2.3537468067820253,NaN,NaN,NaN,NaN,NaN,NaN,NaN,NaN,NaN,NaN,1
2024-06-26T10:57:00-04:00,2.442306191829732,2.442306191829732,2.39,2.395,2.391618122136996,2.3589755266720354,2.4321782178217823,0,0,19654,19653,0,0,0,0,NaN,NaN,12.257215775634474,NaN,NaN,NaN,2.350222000167826,2.3537468067820253,NaN,NaN,NaN,NaN,NaN,NaN,NaN,NaN,NaN,NaN,1,0,0,0,0,NaN,NaN,12.257215775634474,NaN,NaN,NaN,2.350222000167826,2.3537468067820253,NaN,NaN,NaN,NaN,NaN,NaN,NaN,NaN,NaN,NaN,1
2024-06-27T09:52:00-04:00,2.418653095914866,2.418653095914866,2.332,2.371,2.387869372657542,2.3591591064175006,2.371,0,0,19654,19653,0,0,0,0,NaN,NaN,16.6025428541481,NaN,NaN,NaN,2.350222000167826,2.3537468067820253,NaN,NaN,NaN,NaN,NaN,NaN,NaN,NaN,NaN,NaN,1,0,0,0,0,NaN,NaN,16.6025428541481,NaN,NaN,NaN,2.350222000167826,2.3537468067820253,NaN,NaN,NaN,NaN,NaN,NaN,NaN,NaN,NaN,NaN,1
2024-06-27T15:10:00-04:00,2.3948265479574333,2.3948265479574333,2.37,2.37,2.384620395810716,2.3593246162431876,2.370762829403606,0,0,19654,19653,0,0,0,0,NaN,NaN,20.229920286923427,NaN,NaN,NaN,2.350222000167826,2.3537468067820253,NaN,NaN,NaN,NaN,NaN,NaN,NaN,NaN,NaN,NaN,1,0,0,0,0,NaN,NaN,20.229920286923427,NaN,NaN,NaN,2.350222000167826,2.3537468067820253,NaN,NaN,NaN,NaN,NaN,NaN,NaN,NaN,NaN,NaN,1
2024-06-27T15:40:00-04:00,2.3824132739787167,2.45,2.3824132739787167,2.45,2.396507596572404,2.3607089732471085,2.3798588090853285,1,0,19654,19653,0,0,0,0,NaN,NaN,25.289479469429825,NaN,NaN,NaN,2.350222000167826,2.3537468067820253,NaN,NaN,NaN,NaN,NaN,NaN,NaN,NaN,NaN,NaN,1,0,0,0,0,NaN,NaN,25.289479469429825,NaN,NaN,NaN,2.350222000167826,2.3537468067820253,NaN,NaN,NaN,NaN,NaN,NaN,NaN,NaN,NaN,NaN,1
2024-06-27T15:42:00-04:00,2.4162066369893584,2.44,2.405,2.4225,2.4012334881046944,2.361652347701351,2.3898731798966653,0,0,19654,19653,0,0,0,0,NaN,NaN,29.50167291065704,NaN,NaN,NaN,2.350222000167826,2.3537468067820253,NaN,NaN,NaN,NaN,NaN,NaN,NaN,NaN,NaN,NaN,1,0,0,0,0,NaN,NaN,29.50167291065704,NaN,NaN,NaN,2.350222000167826,2.3537468067820253,NaN,NaN,NaN,NaN,NaN,NaN,NaN,NaN,NaN,NaN,1
2024-06-27T15:45:00-04:00,2.419353318494679,2.45,2.419353318494679,2.45,2.4101001266311135,2.3630011668204145,2.418997335916687,1,0,19654,19653,0,0,0,0,NaN,NaN,33.616371776805146,NaN,NaN,NaN,2.350222000167826,2.3537468067820253,NaN,NaN,NaN,NaN,NaN,NaN,NaN,NaN,NaN,NaN,1,0,0,0,0,NaN,NaN,33.616371776805146,NaN,NaN,NaN,2.350222000167826,2.3537468067820253,NaN,NaN,NaN,NaN,NaN,NaN,NaN,NaN,NaN,NaN,1
2024-06-28T09:48:00-04:00,2.43467665924734,2.52,2.43467665924734,2.52,2.430081921789093,2.3653980955712477,2.52,0,0,19654,19653,0,0,0,0,NaN,NaN,36.228832652776575,NaN,NaN,NaN,2.350222000167826,2.4097999999999997,NaN,NaN,NaN,NaN,NaN,NaN,NaN,NaN,NaN,NaN,1,0,0,0,0,NaN,NaN,36.228832652776575,NaN,NaN,NaN,2.350222000167826,2.4097999999999997,NaN,NaN,NaN,NaN,NaN,NaN,NaN,NaN,NaN,NaN,1
2024-06-28T14:48:00-04:00,2.47733832962367,2.5199,2.47733832962367,2.5063999999999997,2.443957936009258,2.367550796402221,2.5073066666666666,0,0,19654,19653,0,0,0,0,NaN,NaN,46.57154701811626,NaN,NaN,NaN,2.350222000167826,2.4097999999999997,NaN,NaN,NaN,NaN,NaN,NaN,NaN,NaN,NaN,NaN,1,0,0,0,0,NaN,NaN,46.57154701811626,NaN,NaN,NaN,2.350222000167826,2.4097999999999997,NaN,NaN,NaN,NaN,NaN,NaN,NaN,NaN,NaN,NaN,1
2024-06-28T14:49:00-04:00,2.4918691648118347,2.51,2.45,2.48,2.4505110385530293,2.3692675781365384,2.5015578947368415,0,0,19654,19653,0,0,0,0,NaN,NaN,47.851964103852794,NaN,NaN,NaN,2.4081577410149566,2.4097999999999997,NaN,NaN,NaN,NaN,NaN,NaN,NaN,NaN,NaN,NaN,1,0,0,0,0,NaN,NaN,47.851964103852794,NaN,NaN,NaN,2.4081577410149566,2.4097999999999997,NaN,NaN,NaN,NaN,NaN,NaN,NaN,NaN,NaN,NaN,1
2024-06-28T14:50:00-04:00,2.4859345824059176,2.55,2.4859345824059176,2.535,2.465872667907024,2.3717978441191865,2.504742857142857,1,0,19654,19653,0,0,0,0,NaN,NaN,49.50183096256036,NaN,NaN,NaN,2.464633489192097,2.4208309999999997,NaN,NaN,NaN,NaN,NaN,NaN,NaN,NaN,NaN,NaN,1,0,0,0,0,NaN,NaN,49.50183096256036,NaN,NaN,NaN,2.464633489192097,2.4208309999999997,NaN,NaN,NaN,NaN,NaN,NaN,NaN,NaN,NaN,NaN,1
2024-06-28T15:26:00-04:00,2.510467291202959,2.54,2.510467291202959,2.54,2.4793503646512014,2.374365815964695,2.506345454545454,0,0,19654,19653,0,0,0,0,NaN,NaN,50.60793404360929,NaN,NaN,NaN,2.4697269105441624,2.43033114,NaN,NaN,NaN,NaN,NaN,NaN,NaN,NaN,NaN,NaN,1,0,0,0,0,NaN,NaN,50.60793404360929,NaN,NaN,NaN,2.4697269105441624,2.43033114,NaN,NaN,NaN,NaN,NaN,NaN,NaN,NaN,NaN,NaN,1
2024-06-28T15:55:00-04:00,2.5252336456014794,2.5252336456014794,2.48,2.48,2.4794684801691647,2.3759785515988217,2.5051999999999994,0,0,19654,19653,0,0,0,0,NaN,NaN,54.928351297407666,NaN,NaN,NaN,2.4697269105441624,2.43033114,NaN,NaN,NaN,NaN,NaN,NaN,NaN,NaN,NaN,NaN,1,0,0,0,0,NaN,NaN,54.928351297407666,NaN,NaN,NaN,2.4697269105441624,2.43033114,NaN,NaN,NaN,NaN,NaN,NaN,NaN,NaN,NaN,NaN,1
2024-06-28T15:57:00-04:00,2.5026168228007397,2.5026168228007397,2.47,2.47,2.4777469383202257,2.377413993559145,2.503733333333333,0,0,19654,19653,0,0,0,0,NaN,NaN,58.58893557189751,NaN,NaN,NaN,2.4697269105441624,2.43033114,NaN,NaN,NaN,NaN,NaN,NaN,NaN,NaN,NaN,NaN,1,0,0,0,0,NaN,NaN,58.58893557189751,NaN,NaN,NaN,2.4697269105441624,2.43033114,NaN,NaN,NaN,NaN,NaN,NaN,NaN,NaN,NaN,NaN,1
2024-06-28T15:59:00-04:00,2.48630841140037,2.48630841140037,2.46,2.465,2.4754293131710936,2.3787511844971734,2.4905384615384616,0,0,19654,19653,0,0,0,0,NaN,NaN,60.478575078366724,NaN,NaN,NaN,2.4697269105441624,2.43033114,NaN,NaN,NaN,NaN,NaN,NaN,NaN,NaN,NaN,NaN,1,0,0,0,0,NaN,NaN,60.478575078366724,NaN,NaN,NaN,2.4697269105441624,2.43033114,NaN,NaN,NaN,NaN,NaN,NaN,NaN,NaN,NaN,NaN,1
2024-06-28T16:00:00-04:00,2.475654205700185,2.475654205700185,2.42,2.42,2.465351256230895,2.3793809374056134,2.451753648280979,0,0,19654,19653,0,0,0,0,NaN,NaN,62.54591334031308,NaN,NaN,NaN,2.4697269105441624,2.43033114,NaN,NaN,NaN,NaN,NaN,NaN,NaN,NaN,NaN,NaN,1,0,0,0,0,NaN,NaN,62.54591334031308,NaN,NaN,NaN,2.4697269105441624,2.43033114,NaN,NaN,NaN,NaN,NaN,NaN,NaN,NaN,NaN,NaN,1
2024-07-01T09:49:00-04:00,2.447827102850092,2.47,2.36,2.415,2.456196482370732,2.3799247398879704,2.415,0,0,19654,19653,0,0,0,0,NaN,NaN,63.23140005720612,NaN,NaN,NaN,2.4697269105441624,2.43033114,NaN,NaN,NaN,NaN,NaN,NaN,NaN,NaN,NaN,NaN,1,0,0,0,0,NaN,NaN,63.23140005720612,NaN,NaN,NaN,2.4697269105441624,2.43033114,NaN,NaN,NaN,NaN,NaN,NaN,NaN,NaN,NaN,NaN,1
2024-07-01T10:35:00-04:00,2.431413551425046,2.431413551425046,2.34,2.34,2.435069849212417,2.3793152018744137,2.411371552975327,0,0,19654,19653,0,0,0,0,NaN,NaN,60.6629525382892,NaN,NaN,NaN,2.4697269105441624,2.43033114,NaN,NaN,NaN,NaN,NaN,NaN,NaN,NaN,NaN,NaN,1,0,0,0,0,NaN,NaN,60.6629525382892,NaN,NaN,NaN,2.4697269105441624,2.43033114,NaN,NaN,NaN,NaN,NaN,NaN,NaN,NaN,NaN,NaN,1
2024-07-01T11:43:00-04:00,2.385706775712523,2.5,2.385706775712523,2.5,2.446875331173796,2.3811577178763312,2.422604562737643,0,0,19654,19653,0,0,0,0,NaN,NaN,64.12870842752567,NaN,NaN,NaN,2.4697269105441624,2.43033114,NaN,NaN,NaN,NaN,NaN,NaN,NaN,NaN,NaN,NaN,1,0,0,0,0,NaN,NaN,64.12870842752567,NaN,NaN,NaN,2.4697269105441624,2.43033114,NaN,NaN,NaN,NaN,NaN,NaN,NaN,NaN,NaN,NaN,1
2024-07-01T12:25:00-04:00,2.4428533878562613,2.4428533878562613,2.35,2.35,2.429261634596742,2.380682027527074,2.419661532225375,0,0,19654,19653,0,0,0,0,NaN,NaN,62.11645287458023,NaN,NaN,NaN,2.4697269105441624,2.43033114,NaN,NaN,NaN,NaN,NaN,NaN,NaN,NaN,NaN,NaN,1,0,0,0,0,NaN,NaN,62.11645287458023,NaN,NaN,NaN,2.4697269105441624,2.43033114,NaN,NaN,NaN,NaN,NaN,NaN,NaN,NaN,NaN,NaN,1
2024-07-02T09:30:00-04:00,2.396426693928131,2.396426693928131,2.34,2.34,2.4130322464882434,2.380060927870172,2.34,0,0,19654,19653,0,0,0,0,NaN,NaN,59.012203819612644,NaN,NaN,NaN,2.4697269105441624,2.43033114,NaN,NaN,NaN,NaN,NaN,NaN,NaN,NaN,NaN,NaN,1,0,0,0,0,NaN,NaN,59.012203819612644,NaN,NaN,NaN,2.4697269105441624,2.43033114,NaN,NaN,NaN,NaN,NaN,NaN,NaN,NaN,NaN,NaN,1
2024-07-02T09:46:00-04:00,2.3682133469640654,2.42,2.3682133469640654,2.42,2.414299110763108,2.3806706846965815,2.387078189300411,0,0,19654,19653,0,0,0,0,NaN,NaN,58.83801697112536,NaN,NaN,NaN,2.4697269105441624,2.43033114,NaN,NaN,NaN,NaN,NaN,NaN,NaN,NaN,NaN,NaN,1,0,0,0,0,NaN,NaN,58.83801697112536,NaN,NaN,NaN,2.4697269105441624,2.43033114,NaN,NaN,NaN,NaN,NaN,NaN,NaN,NaN,NaN,NaN,1
2024-07-02T11:20:00-04:00,2.3941066734820327,2.43,2.3941066734820327,2.43,2.4171538178970886,2.381423804014191,2.4029792746113987,0,0,19654,19653,0,0,0,0,NaN,NaN,58.81802900278761,NaN,NaN,NaN,2.4697269105441624,2.43033114,NaN,NaN,NaN,NaN,NaN,NaN,NaN,NaN,NaN,NaN,1,0,0,0,0,NaN,NaN,58.81802900278761,NaN,NaN,NaN,2.4697269105441624,2.43033114,NaN,NaN,NaN,NaN,NaN,NaN,NaN,NaN,NaN,NaN,1
2024-07-02T11:42:00-04:00,2.4120533367410166,2.46,2.4120533367410166,2.46,2.424944032824891,2.382623440594127,2.418393194706994,0,0,19654,19653,0,0,0,0,NaN,NaN,59.35142580548779,NaN,NaN,NaN,2.4697269105441624,2.43033114,NaN,NaN,NaN,NaN,NaN,NaN,NaN,NaN,NaN,NaN,1,0,0,0,0,NaN,NaN,59.35142580548779,NaN,NaN,NaN,2.4697269105441624,2.43033114,NaN,NaN,NaN,NaN,NaN,NaN,NaN,NaN,NaN,NaN,1
2024-07-02T12:24:00-04:00,2.4360266683705083,2.4360266683705083,2.436,2.436,2.4269542086749105,2.3834383498980336,2.4239819354838708,0,0,19654,19653,0,0,0,0,NaN,NaN,58.89572776499155,NaN,NaN,NaN,2.4697269105441624,2.43033114,NaN,NaN,NaN,NaN,NaN,NaN,NaN,NaN,NaN,NaN,1,0,0,0,0,NaN,NaN,58.89572776499155,NaN,NaN,NaN,2.4697269105441624,2.43033114,NaN,NaN,NaN,NaN,NaN,NaN,NaN,NaN,NaN,NaN,1
2024-07-02T12:36:00-04:00,2.436013334185254,2.46,2.436013334185254,2.46,2.432962534370381,2.384607230052262,2.4295925925925927,0,0,19654,19653,0,0,0,0,NaN,NaN,58.976564164802035,NaN,NaN,NaN,2.4697269105441624,2.43033114,NaN,NaN,NaN,NaN,NaN,NaN,NaN,NaN,NaN,NaN,1,0,0,0,0,NaN,NaN,58.976564164802035,NaN,NaN,NaN,2.4697269105441624,2.43033114,NaN,NaN,NaN,NaN,NaN,NaN,NaN,NaN,NaN,NaN,1
2024-07-02T12:54:00-04:00,2.448006667092627,2.46,2.448006667092627,2.46,2.43787843721213,2.3857582647079525,2.4361010273972603,0,0,19654,19653,0,0,0,0,NaN,NaN,58.94269802653267,NaN,NaN,NaN,2.4697269105441624,2.43033114,NaN,NaN,NaN,NaN,NaN,NaN,NaN,NaN,NaN,NaN,1,0,0,0,0,NaN,NaN,58.94269802653267,NaN,NaN,NaN,2.4697269105441624,2.43033114,NaN,NaN,NaN,NaN,NaN,NaN,NaN,NaN,NaN,NaN,1
2024-07-02T12:58:00-04:00,2.4540033335463134,2.4540033335463134,2.41,2.41,2.4328096304462883,2.3861283675368385,2.4340425867507887,0,0,19654,19653,0,0,0,0,NaN,NaN,57.325683483727154,NaN,NaN,NaN,2.4697269105441624,2.43033114,NaN,NaN,NaN,NaN,NaN,NaN,NaN,NaN,NaN,NaN,1,0,0,0,0,NaN,NaN,57.325683483727154,NaN,NaN,NaN,2.4697269105441624,2.43033114,NaN,NaN,NaN,NaN,NaN,NaN,NaN,NaN,NaN,NaN,1
2024-07-02T14:47:00-04:00,2.4320016667731568,2.49,2.4320016667731568,2.49,2.443207879456054,2.3877141939866577,2.4381330409356723,1,0,19654,19653,0,0,0,0,NaN,NaN,58.07092677192258,NaN,NaN,NaN,2.4697269105441624,2.43033114,NaN,NaN,NaN,NaN,NaN,NaN,NaN,NaN,NaN,NaN,1,0,0,0,0,NaN,NaN,58.07092677192258,NaN,NaN,NaN,2.4697269105441624,2.43033114,NaN,NaN,NaN,NaN,NaN,NaN,NaN,NaN,NaN,NaN,1
2024-07-02T15:37:00-04:00,2.4610008333865787,2.4610008333865787,2.45,2.45,2.4444428104640443,2.388665122322739,2.440267386091127,0,0,19654,19653,0,0,0,0,NaN,NaN,58.35546443351936,NaN,NaN,NaN,2.4697269105441624,2.43033114,NaN,NaN,NaN,NaN,NaN,NaN,NaN,NaN,NaN,NaN,1,0,0,0,0,NaN,NaN,58.35546443351936,NaN,NaN,NaN,2.4697269105441624,2.43033114,NaN,NaN,NaN,NaN,NaN,NaN,NaN,NaN,NaN,NaN,1
2024-07-02T15:41:00-04:00,2.4555004166932894,2.4555004166932894,2.4201,2.4201,2.440016844925127,2.3891450441193385,2.434305743243243,0,0,19654,19653,0,0,0,0,NaN,NaN,57.733584379658474,NaN,NaN,NaN,2.4697269105441624,2.43033114,NaN,NaN,NaN,NaN,NaN,NaN,NaN,NaN,NaN,NaN,1,0,0,0,0,NaN,NaN,57.733584379658474,NaN,NaN,NaN,2.4697269105441624,2.43033114,NaN,NaN,NaN,NaN,NaN,NaN,NaN,NaN,NaN,NaN,1
2024-07-02T15:44:00-04:00,2.437800208346645,2.4563,2.437800208346645,2.4563,2.442977418575104,2.3901703106213334,2.4351969205834685,0,0,19654,19653,0,0,0,0,NaN,NaN,58.188924447278644,NaN,NaN,NaN,2.4697269105441624,2.43033114,NaN,NaN,NaN,NaN,NaN,NaN,NaN,NaN,NaN,NaN,1,0,0,0,0,NaN,NaN,58.188924447278644,NaN,NaN,NaN,2.4697269105441624,2.43033114,NaN,NaN,NaN,NaN,NaN,NaN,NaN,NaN,NaN,NaN,1
2024-07-02T15:45:00-04:00,2.4470501041733224,2.4470501041733224,2.41,2.41,2.436981524288721,2.3904730539706263,2.4321539009618807,0,0,19654,19653,0,0,0,0,NaN,NaN,57.59061276349949,NaN,NaN,NaN,2.4697269105441624,2.43033114,NaN,NaN,NaN,NaN,NaN,NaN,NaN,NaN,NaN,NaN,1,0,0,0,0,NaN,NaN,57.59061276349949,NaN,NaN,NaN,2.4697269105441624,2.43033114,NaN,NaN,NaN,NaN,NaN,NaN,NaN,NaN,NaN,NaN,1
2024-07-02T15:47:00-04:00,2.4285250520866613,2.4527,2.41,2.43135,2.435957610781681,2.391097129482525,2.431989793025234,0,0,19654,19653,0,0,0,0,NaN,NaN,57.312681439897084,NaN,NaN,NaN,2.4697269105441624,2.43033114,NaN,NaN,NaN,NaN,NaN,NaN,NaN,NaN,NaN,NaN,1,0,0,0,0,NaN,NaN,57.312681439897084,NaN,NaN,NaN,2.4697269105441624,2.43033114,NaN,NaN,NaN,NaN,NaN,NaN,NaN,NaN,NaN,NaN,1
2024-07-02T15:48:00-04:00,2.4299375260433305,2.4299375260433305,2.42,2.42,2.4330562270031937,2.391538394681265,2.4303825190277437,0,0,19654,19653,0,0,0,0,NaN,NaN,56.86561768554406,NaN,NaN,NaN,2.4697269105441624,2.43033114,NaN,NaN,NaN,NaN,NaN,NaN,NaN,NaN,NaN,NaN,1,0,0,0,0,NaN,NaN,56.86561768554406,NaN,NaN,NaN,2.4697269105441624,2.43033114,NaN,NaN,NaN,NaN,NaN,NaN,NaN,NaN,NaN,NaN,1
2024-07-02T15:49:00-04:00,2.424968763021665,2.425,2.424968763021665,2.425,2.4315914584571585,2.3920492588846045,2.4297940083096434,0,0,19654,19653,0,0,0,0,NaN,NaN,56.19639370111143,NaN,NaN,NaN,2.4697269105441624,2.43033114,NaN,NaN,NaN,NaN,NaN,NaN,NaN,NaN,NaN,NaN,1,0,0,0,0,NaN,NaN,56.19639370111143,NaN,NaN,NaN,2.4697269105441624,2.43033114,NaN,NaN,NaN,NaN,NaN,NaN,NaN,NaN,NaN,NaN,1
2024-07-02T15:50:00-04:00,2.4249843815108325,2.4249843815108325,2.35,2.35,2.4167566478285845,2.391407285466519,2.4167822108345534,0,0,19654,19653,0,0,0,0,NaN,NaN,50.88001155359259,NaN,NaN,NaN,2.4697269105441624,2.43033114,NaN,NaN,NaN,NaN,NaN,NaN,NaN,NaN,NaN,NaN,1,0,0,0,0,NaN,NaN,50.88001155359259,NaN,NaN,NaN,2.4697269105441624,2.43033114,NaN,NaN,NaN,NaN,NaN,NaN,NaN,NaN,NaN,NaN,1
2024-07-02T16:00:00-04:00,2.3874921907554163,2.3874921907554163,2.35,2.35,2.4046190754961145,2.3907751131693202,2.41502102637206,0,0,19654,19653,0,0,0,0,NaN,NaN,45.70305801527407,NaN,NaN,NaN,2.4697269105441624,2.43033114,NaN,NaN,NaN,NaN,NaN,NaN,NaN,NaN,NaN,NaN,1,0,0,0,0,NaN,NaN,45.70305801527407,NaN,NaN,NaN,2.4697269105441624,2.43033114,NaN,NaN,NaN,NaN,NaN,NaN,NaN,NaN,NaN,NaN,1
2024-07-03T10:23:00-04:00,2.368746095377708,2.368746095377708,2.34,2.34,2.3928701526786393,2.38999992060185,2.34,0,0,19654,19653,0,0,0,0,NaN,NaN,40.68369291294693,NaN,NaN,NaN,2.4697269105441624,2.43033114,NaN,NaN,NaN,NaN,NaN,NaN,NaN,NaN,NaN,NaN,1,0,0,0,0,NaN,NaN,40.68369291294693,NaN,NaN,NaN,2.4697269105441624,2.43033114,NaN,NaN,NaN,NaN,NaN,NaN,NaN,NaN,NaN,NaN,1
2024-07-03T10:24:00-04:00,2.354373047688854,2.354373047688854,2.33,2.33,2.3814392158279776,2.389083891279684,2.3314285714285714,0,0,19654,19653,0,0,0,0,NaN,NaN,34.50510969274123,NaN,NaN,NaN,2.4697269105441624,2.43033114,NaN,NaN,NaN,NaN,NaN,NaN,NaN,NaN,NaN,NaN,1,0,0,0,0,NaN,NaN,34.50510969274123,NaN,NaN,NaN,2.4697269105441624,2.43033114,NaN,NaN,NaN,NaN,NaN,NaN,NaN,NaN,NaN,NaN,1
2024-07-03T11:12:00-04:00,2.3421865238444273,2.3421865238444273,2.3301,2.3301,2.3721048129501634,2.3881833738555667,2.3311333333333333,0,0,19654,19653,0,0,0,0,NaN,NaN,29.19034523551008,NaN,NaN,NaN,2.4697269105441624,2.43033114,NaN,NaN,NaN,NaN,NaN,NaN,NaN,NaN,NaN,NaN,1,0,0,0,0,NaN,NaN,29.19034523551008,NaN,NaN,NaN,2.4697269105441624,2.43033114,NaN,NaN,NaN,NaN,NaN,NaN,NaN,NaN,NaN,NaN,1
2024-07-05T09:30:00-04:00,2.3361432619222136,2.3361432619222136,2.33,2.33,2.36444939241377,2.3872950780715123,2.33,0,0,19654,19653,0,0,0,0,NaN,NaN,23.62153933977133,NaN,NaN,NaN,2.4412170517441694,2.43033114,NaN,NaN,NaN,NaN,NaN,NaN,NaN,NaN,NaN,NaN,1,0,0,0,0,NaN,NaN,23.62153933977133,NaN,NaN,NaN,2.4412170517441694,2.43033114,NaN,NaN,NaN,NaN,NaN,NaN,NaN,NaN,NaN,NaN,1
2024-07-05T10:38:00-04:00,2.333071630961107,2.34,2.333071630961107,2.34,2.360004048338539,2.3865730158108787,2.3337593984962406,0,0,19654,19653,0,0,0,0,NaN,NaN,20.978411126616823,NaN,NaN,NaN,2.412181970559118,2.43033114,NaN,NaN,NaN,NaN,NaN,NaN,NaN,NaN,NaN,NaN,1,0,0,0,0,NaN,NaN,20.978411126616823,NaN,NaN,NaN,2.412181970559118,2.43033114,NaN,NaN,NaN,NaN,NaN,NaN,NaN,NaN,NaN,NaN,1
2024-07-05T11:05:00-04:00,2.3365358154805533,2.48,2.3365358154805533,2.48,2.3818214940951683,2.387999381981705,2.356898734177215,0,0,19654,19653,0,0,0,0,NaN,NaN,22.025842820076825,NaN,NaN,NaN,2.412181970559118,2.43033114,NaN,NaN,NaN,NaN,NaN,NaN,NaN,NaN,NaN,NaN,1,0,0,0,0,NaN,NaN,22.025842820076825,NaN,NaN,NaN,2.412181970559118,2.43033114,NaN,NaN,NaN,NaN,NaN,NaN,NaN,NaN,NaN,NaN,1
2024-07-05T12:50:00-04:00,2.4082679077402767,2.44,2.4082679077402767,2.44,2.3923994042596832,2.38879328454687,2.4078186274509803,0,0,19654,19653,0,0,0,0,NaN,NaN,20.95339961316592,NaN,NaN,NaN,2.412181970559118,2.43033114,NaN,NaN,NaN,NaN,NaN,NaN,NaN,NaN,NaN,NaN,1,0,0,0,0,NaN,NaN,20.95339961316592,NaN,NaN,NaN,2.412181970559118,2.43033114,NaN,NaN,NaN,NaN,NaN,NaN,NaN,NaN,NaN,NaN,1
2024-07-05T13:39:00-04:00,2.4241339538701383,2.4241339538701383,2.33,2.33,2.38105405803065,2.3878956771492077,2.4033256351039256,0,0,19654,19653,0,0,0,0,NaN,NaN,17.75393616916042,NaN,NaN,NaN,2.412181970559118,2.43033114,NaN,NaN,NaN,NaN,NaN,NaN,NaN,NaN,NaN,NaN,1,0,0,0,0,NaN,NaN,17.75393616916042,NaN,NaN,NaN,2.412181970559118,2.43033114,NaN,NaN,NaN,NaN,NaN,NaN,NaN,NaN,NaN,NaN,1
2024-07-05T13:53:00-04:00,2.377066976935069,2.377066976935069,2.36,2.36,2.3772260474796227,2.3874697889484566,2.400960698689956,0,1,19654,19653,0,0,0,0,NaN,NaN,14.536665337488792,NaN,NaN,NaN,2.412181970559118,2.43033114,NaN,NaN,NaN,NaN,NaN,NaN,NaN,NaN,NaN,NaN,1,0,0,0,0,NaN,NaN,14.536665337488792,NaN,NaN,NaN,2.412181970559118,2.43033114,NaN,NaN,NaN,NaN,NaN,NaN,NaN,NaN,NaN,NaN,1
2024-07-05T16:00:00-04:00,2.368533488467534,2.43,2.368533488467534,2.43,2.386821311574237,2.388119105147717,2.4030359858084136,0,0,19654,19703,0,0,0,0,NaN,NaN,13.261870360667436,NaN,NaN,NaN,2.412181970559118,2.43033114,NaN,NaN,NaN,NaN,NaN,NaN,NaN,NaN,NaN,NaN,1,0,0,0,0,NaN,NaN,13.261870360667436,NaN,NaN,NaN,2.412181970559118,2.43033114,NaN,NaN,NaN,NaN,NaN,NaN,NaN,NaN,NaN,NaN,1
2024-07-08T10:19:00-04:00,2.399266744233767,2.48,2.399266744233767,2.48,2.4037628912880122,2.3895218669011866,2.48,0,0,19654,19704,0,0,0,0,NaN,NaN,12.93294001631707,NaN,NaN,NaN,2.412181970559118,2.43033114,NaN,NaN,NaN,NaN,NaN,NaN,NaN,NaN,NaN,NaN,1,0,0,0,0,NaN,NaN,12.93294001631707,NaN,NaN,NaN,2.412181970559118,2.43033114,NaN,NaN,NaN,NaN,NaN,NaN,NaN,NaN,NaN,NaN,1
2024-07-08T10:27:00-04:00,2.4396333721168837,2.4999,2.42,2.47745,2.4171605474174647,2.3908642811469702,2.4778732276897415,0,0,19654,19705,0,0,0,0,NaN,NaN,11.988220341070319,NaN,NaN,NaN,2.412181970559118,2.43033114,NaN,NaN,NaN,NaN,NaN,NaN,NaN,NaN,NaN,NaN,1,0,0,0,0,NaN,NaN,11.988220341070319,NaN,NaN,NaN,2.412181970559118,2.43033114,NaN,NaN,NaN,NaN,NaN,NaN,NaN,NaN,NaN,NaN,1
2024-07-08T11:55:00-04:00,2.458541686058442,2.46,2.458541686058442,2.46,2.4249495387961075,2.3919197883050316,2.4764973056197075,0,0,19654,19706,0,0,0,0,NaN,NaN,11.261308325706192,NaN,NaN,NaN,2.412181970559118,2.43033114,NaN,NaN,NaN,NaN,NaN,NaN,NaN,NaN,NaN,NaN,1,0,0,0,0,NaN,NaN,11.261308325706192,NaN,NaN,NaN,2.412181970559118,2.43033114,NaN,NaN,NaN,NaN,NaN,NaN,NaN,NaN,NaN,NaN,1
2024-07-08T12:51:00-04:00,2.4592708430292207,2.4592708430292207,2.44,2.44,2.4276859862877243,2.3926538373385426,2.4738884917798427,0,0,19654,19707,0,0,0,0,NaN,NaN,10.996719951510315,NaN,NaN,NaN,2.412181970559118,2.43033114,NaN,NaN,NaN,NaN,NaN,NaN,NaN,NaN,NaN,NaN,1,0,0,0,0,NaN,NaN,10.996719951510315,NaN,NaN,NaN,2.412181970559118,2.43033114,NaN,NaN,NaN,NaN,NaN,NaN,NaN,NaN,NaN,NaN,1
2024-07-08T14:39:00-04:00,2.4496354215146106,2.4496354215146106,2.41,2.41,2.424470352417229,2.3929186642494047,2.4696264176117415,0,0,19654,19708,0,0,0,0,NaN,NaN,9.492563318044919,NaN,NaN,NaN,2.412181970559118,2.43033114,NaN,NaN,NaN,NaN,NaN,NaN,NaN,NaN,NaN,NaN,1,0,0,0,0,NaN,NaN,9.492563318044919,NaN,NaN,NaN,2.412181970559118,2.43033114,NaN,NaN,NaN,NaN,NaN,NaN,NaN,NaN,NaN,NaN,1
2024-07-08T14:45:00-04:00,2.4298177107573053,2.4298177107573053,2.4,2.4,2.4200211974322783,2.393026776245597,2.4652720450281427,0,0,19654,19709,0,0,0,0,NaN,NaN,7.826702518667278,NaN,NaN,NaN,2.412181970559118,2.43033114,NaN,NaN,NaN,NaN,NaN,NaN,NaN,NaN,NaN,NaN,1,0,0,0,0,NaN,NaN,7.826702518667278,NaN,NaN,NaN,2.412181970559118,2.43033114,NaN,NaN,NaN,NaN,NaN,NaN,NaN,NaN,NaN,NaN,1
2024-07-09T10:11:00-04:00,2.414908855378653,2.414908855378653,2.4,2.4,2.4163809797173186,2.393133237676962,2.4,0,0,19654,19710,0,0,0,0,NaN,NaN,6.5172946078605145,NaN,NaN,NaN,2.412181970559118,2.43033114,NaN,NaN,NaN,NaN,NaN,NaN,NaN,NaN,NaN,NaN,1,0,0,0,0,NaN,NaN,6.5172946078605145,NaN,NaN,NaN,2.412181970559118,2.43033114,NaN,NaN,NaN,NaN,NaN,NaN,NaN,NaN,NaN,NaN,1
2024-07-09T10:19:00-04:00,2.407454427689326,2.407454427689326,2.4,2.4,2.413402619768715,2.3932380737429626,2.4,0,0,19654,19711,0,0,0,0,NaN,NaN,5.481330888012986,NaN,NaN,NaN,2.412181970559118,2.43033114,NaN,NaN,NaN,NaN,NaN,NaN,NaN,NaN,NaN,NaN,1,0,0,0,0,NaN,NaN,5.481330888012986,NaN,NaN,NaN,2.412181970559118,2.43033114,NaN,NaN,NaN,NaN,NaN,NaN,NaN,NaN,NaN,NaN,1
2024-07-09T12:37:00-04:00,2.403727213844663,2.403727213844663,2.4,2.4,2.4109657798107667,2.393341309258337,2.3999999999999995,0,0,19654,19712,0,0,0,0,NaN,NaN,4.5056168047907015,NaN,NaN,NaN,2.412181970559118,2.43033114,NaN,NaN,NaN,NaN,NaN,NaN,NaN,NaN,NaN,NaN,1,0,0,0,0,NaN,NaN,4.5056168047907015,NaN,NaN,NaN,2.412181970559118,2.43033114,NaN,NaN,NaN,NaN,NaN,NaN,NaN,NaN,NaN,NaN,1
2024-07-09T12:40:00-04:00,2.4018636069223316,2.445,2.4018636069223316,2.445,2.4171538198451725,2.3941299915597365,2.4084825636192266,1,0,19713,19712,0,0,0,0,NaN,NaN,4.229332827052894,NaN,NaN,NaN,2.412181970559118,2.43033114,NaN,NaN,NaN,NaN,NaN,NaN,NaN,NaN,NaN,NaN,1,0,0,0,0,NaN,NaN,4.229332827052894,NaN,NaN,NaN,2.412181970559118,2.43033114,NaN,NaN,NaN,NaN,NaN,NaN,NaN,NaN,NaN,NaN,1
2024-07-10T09:54:00-04:00,2.423431803461166,2.44,2.423431803461166,2.44,2.4213076707824137,2.394830297032107,2.44,0,0,19713,19712,0,0,0,0,NaN,NaN,3.7266312170733853,NaN,NaN,NaN,2.412181970559118,2.43033114,NaN,NaN,NaN,NaN,NaN,NaN,NaN,NaN,NaN,NaN,1,0,0,0,0,NaN,NaN,3.7266312170733853,NaN,NaN,NaN,2.412181970559118,2.43033114,NaN,NaN,NaN,NaN,NaN,NaN,NaN,NaN,NaN,NaN,1
2024-07-10T10:11:00-04:00,2.431715901730583,2.5,2.431715901730583,2.5,2.435615367003793,2.3964359413522276,2.4511583421891605,0,0,19713,19712,0,0,0,0,NaN,NaN,3.5317309506274785,NaN,NaN,NaN,2.412181970559118,2.43033114,NaN,NaN,NaN,NaN,NaN,NaN,NaN,NaN,NaN,NaN,1,0,0,0,0,NaN,NaN,3.5317309506274785,NaN,NaN,NaN,2.412181970559118,2.43033114,NaN,NaN,NaN,NaN,NaN,NaN,NaN,NaN,NaN,NaN,1
2024-07-10T10:49:00-04:00,2.4658579508652916,2.4658579508652916,2.4401,2.4401,2.436430754821285,2.397102568201812,2.4500960614793468,0,0,19713,19712,0,0,0,0,NaN,NaN,2.42878937868648,NaN,NaN,NaN,2.412181970559118,2.43033114,NaN,NaN,NaN,NaN,NaN,NaN,NaN,NaN,NaN,NaN,1,0,0,0,0,NaN,NaN,2.42878937868648,NaN,NaN,NaN,2.412181970559118,2.43033114,NaN,NaN,NaN,NaN,NaN,NaN,NaN,NaN,NaN,NaN,1
2024-07-10T11:09:00-04:00,2.4529789754326456,2.4529789754326456,2.43,2.435,2.4361706175810514,2.3976811549468224,2.4476326366559484,0,0,19713,19712,0,0,0,0,NaN,NaN,1.4934971046610235,NaN,NaN,NaN,2.412181970559118,2.43033114,NaN,NaN,NaN,NaN,NaN,NaN,NaN,NaN,NaN,NaN,1,0,0,0,0,NaN,NaN,1.4934971046610235,NaN,NaN,NaN,2.412181970559118,2.43033114,NaN,NaN,NaN,NaN,NaN,NaN,NaN,NaN,NaN,NaN,1
2024-07-10T12:36:00-04:00,2.4439894877163226,2.46,2.4439894877163226,2.46,2.4405032325663147,2.398632587695726,2.4485528273809525,1,0,19713,19712,0,0,0,0,NaN,NaN,0.9073400030637694,NaN,NaN,NaN,2.412181970559118,2.43033114,NaN,NaN,NaN,NaN,NaN,NaN,NaN,NaN,NaN,NaN,1,0,0,0,0,NaN,NaN,0.9073400030637694,NaN,NaN,NaN,2.412181970559118,2.43033114,NaN,NaN,NaN,NaN,NaN,NaN,NaN,NaN,NaN,NaN,1
2024-07-10T12:51:00-04:00,2.4519947438581613,2.4519947438581613,2.43,2.435,2.4395026448269848,2.3991878153644937,2.4461202686202688,0,0,19713,19712,0,0,0,0,NaN,NaN,0.5028050391056947,NaN,NaN,NaN,2.412181970559118,2.43033114,NaN,NaN,NaN,NaN,NaN,NaN,NaN,NaN,NaN,NaN,1,0,0,0,0,NaN,NaN,0.5028050391056947,NaN,NaN,NaN,2.412181970559118,2.43033114,NaN,NaN,NaN,NaN,NaN,NaN,NaN,NaN,NaN,NaN,1
2024-07-10T13:51:00-04:00,2.4434973719290807,2.4434973719290807,2.44,2.44,2.4395930730402604,2.399810902152822,2.4457681242807823,0,0,19713,19712,0,0,0,0,NaN,NaN,0.10809511829317293,NaN,NaN,NaN,2.412181970559118,2.43033114,NaN,NaN,NaN,NaN,NaN,NaN,NaN,NaN,NaN,NaN,1,0,0,0,0,NaN,NaN,0.10809511829317293,NaN,NaN,NaN,2.412181970559118,2.43033114,NaN,NaN,NaN,NaN,NaN,NaN,NaN,NaN,NaN,NaN,1
2024-07-10T14:51:00-04:00,2.4417486859645403,2.4417486859645403,2.44,2.44,2.4396670597602133,2.400424476165756,2.445454298150163,0,0,19713,19712,0,0,0,0,NaN,NaN,0.010909180173483671,NaN,NaN,NaN,2.412181970559118,2.43033114,NaN,NaN,NaN,NaN,NaN,NaN,NaN,NaN,NaN,NaN,1,0,0,0,0,NaN,NaN,0.010909180173483671,NaN,NaN,NaN,2.412181970559118,2.43033114,NaN,NaN,NaN,NaN,NaN,NaN,NaN,NaN,NaN,NaN,1
2024-07-10T15:12:00-04:00,2.44087434298227,2.44087434298227,2.43,2.43,2.4379094125310834,2.4008760108807823,2.443978838582677,0,0,19713,19712,0,0,0,0,NaN,NaN,0.4153524723042172,NaN,NaN,NaN,2.412181970559118,2.43033114,NaN,NaN,NaN,NaN,NaN,NaN,NaN,NaN,NaN,NaN,1,0,0,0,0,NaN,NaN,0.4153524723042172,NaN,NaN,NaN,2.412181970559118,2.43033114,NaN,NaN,NaN,NaN,NaN,NaN,NaN,NaN,NaN,NaN,1
2024-07-10T15:29:00-04:00,2.4354371714911354,2.4354371714911354,2.43,2.43,2.436471337525432,2.4013206519360377,2.442540838852097,0,0,19713,19712,0,0,0,0,NaN,NaN,1.4594985402119605,NaN,NaN,NaN,2.412181970559118,2.43033114,NaN,NaN,NaN,NaN,NaN,NaN,NaN,NaN,NaN,NaN,1,0,0,0,0,NaN,NaN,1.4594985402119605,NaN,NaN,NaN,2.412181970559118,2.43033114,NaN,NaN,NaN,NaN,NaN,NaN,NaN,NaN,NaN,NaN,1
2024-07-10T15:57:00-04:00,2.432718585745568,2.432718585745568,2.42,2.42,2.4334765488844443,2.4016058328225105,2.4380342635111267,0,0,19713,19712,0,0,0,0,NaN,NaN,1.0890261489275754,NaN,NaN,NaN,2.412181970559118,2.43033114,NaN,NaN,NaN,NaN,NaN,NaN,NaN,NaN,NaN,NaN,1,0,0,0,0,NaN,NaN,1.0890261489275754,NaN,NaN,NaN,2.412181970559118,2.43033114,NaN,NaN,NaN,NaN,NaN,NaN,NaN,NaN,NaN,NaN,1
2024-07-10T15:58:00-04:00,2.426359292872784,2.43,2.426359292872784,2.43,2.4328444490872725,2.402039331558045,2.436828279795857,0,0,19713,19712,0,0,0,0,NaN,NaN,2.296633510719006,NaN,NaN,NaN,2.412181970559118,2.43033114,NaN,NaN,NaN,NaN,NaN,NaN,NaN,NaN,NaN,NaN,1,0,0,0,0,NaN,NaN,2.296633510719006,NaN,NaN,NaN,2.412181970559118,2.43033114,NaN,NaN,NaN,NaN,NaN,NaN,NaN,NaN,NaN,NaN,1
2024-07-11T11:52:00-04:00,2.428179646436392,2.428179646436392,2.4,2.4,2.4268727310714047,2.4020081967250975,2.4,0,0,19713,19712,0,0,0,0,NaN,NaN,2.221904551456208,NaN,NaN,NaN,2.412181970559118,2.43033114,NaN,NaN,NaN,NaN,NaN,NaN,NaN,NaN,NaN,NaN,1,0,0,0,0,NaN,NaN,2.221904551456208,NaN,NaN,NaN,2.412181970559118,2.43033114,NaN,NaN,NaN,NaN,NaN,NaN,NaN,NaN,NaN,NaN,1
2024-07-11T13:03:00-04:00,2.414089823218196,2.414089823218196,2.4,2.4,2.4219867799675128,2.4019775372331114,2.4,0,0,19713,19712,0,0,0,0,NaN,NaN,2.1262725801442626,NaN,NaN,NaN,2.412181970559118,2.43033114,NaN,NaN,NaN,NaN,NaN,NaN,NaN,NaN,NaN,NaN,1,0,0,0,0,NaN,NaN,2.1262725801442626,NaN,NaN,NaN,2.412181970559118,2.43033114,NaN,NaN,NaN,NaN,NaN,NaN,NaN,NaN,NaN,NaN,1
2024-07-12T10:47:00-04:00,2.407044911609098,2.407044911609098,2.3592,2.3592,2.4105710017916016,2.4013244450616136,2.3592,0,0,19713,19712,0,0,0,0,NaN,NaN,2.686130571924112,NaN,NaN,NaN,2.412181970559118,2.43033114,NaN,NaN,NaN,NaN,NaN,NaN,NaN,NaN,NaN,NaN,1,0,0,0,0,NaN,NaN,2.686130571924112,NaN,NaN,NaN,2.412181970559118,2.43033114,NaN,NaN,NaN,NaN,NaN,NaN,NaN,NaN,NaN,NaN,1
2024-07-12T10:49:00-04:00,2.383122455804549,2.383122455804549,2.33,2.33,2.3959217287385832,2.4002355222362453,2.3446,0,0,19713,19712,0,0,0,0,NaN,NaN,4.729076928083205,NaN,NaN,NaN,2.412181970559118,2.43033114,NaN,NaN,NaN,NaN,NaN,NaN,NaN,NaN,NaN,NaN,1,0,0,0,0,NaN,NaN,4.729076928083205,NaN,NaN,NaN,2.412181970559118,2.43033114,NaN,NaN,NaN,NaN,NaN,NaN,NaN,NaN,NaN,NaN,1
2024-07-12T11:27:00-04:00,2.3565612279022745,2.3565612279022745,2.352,2.352,2.3879359598770225,2.3994991020494325,2.3460799999999997,0,0,19713,19712,0,0,0,0,NaN,NaN,7.462129391582489,NaN,NaN,NaN,2.412181970559118,2.43033114,NaN,NaN,NaN,NaN,NaN,NaN,NaN,NaN,NaN,NaN,1,0,0,0,0,NaN,NaN,7.462129391582489,NaN,NaN,NaN,2.412181970559118,2.43033114,NaN,NaN,NaN,NaN,NaN,NaN,NaN,NaN,NaN,NaN,1
2024-07-12T12:55:00-04:00,2.354280613951137,2.354280613951137,2.32,2.32,2.3755839671721093,2.398285375300586,2.3417333333333334,0,0,19713,19712,0,0,0,0,NaN,NaN,11.441604124427746,NaN,NaN,NaN,2.412181970559118,2.4200999999999997,NaN,NaN,NaN,NaN,NaN,NaN,NaN,NaN,NaN,NaN,1,0,0,0,0,NaN,NaN,11.441604124427746,NaN,NaN,NaN,2.412181970559118,2.4200999999999997,NaN,NaN,NaN,NaN,NaN,NaN,NaN,NaN,NaN,NaN,1
2024-07-12T14:10:00-04:00,2.3371403069755683,2.35,2.3371403069755683,2.35,2.37093233677718,2.3975481939982872,2.34535145267104,0,0,19713,19712,0,0,0,0,NaN,NaN,12.559843106617185,NaN,NaN,NaN,2.412181970559118,2.4200999999999997,NaN,NaN,NaN,NaN,NaN,NaN,NaN,NaN,NaN,NaN,1,0,0,0,0,NaN,NaN,12.559843106617185,NaN,NaN,NaN,2.412181970559118,2.4200999999999997,NaN,NaN,NaN,NaN,NaN,NaN,NaN,NaN,NaN,NaN,1
2024-07-12T14:38:00-04:00,2.343570153487784,2.343570153487784,2.32,2.32,2.361671911908602,2.3963642521051836,2.341726907630522,0,1,19713,19712,0,0,0,0,NaN,NaN,15.14600306198424,NaN,NaN,NaN,2.412181970559118,2.4200999999999997,NaN,NaN,NaN,NaN,NaN,NaN,NaN,NaN,NaN,NaN,1,0,0,0,0,NaN,NaN,15.14600306198424,NaN,NaN,NaN,2.412181970559118,2.4200999999999997,NaN,NaN,NaN,NaN,NaN,NaN,NaN,NaN,NaN,NaN,1
2024-07-12T16:00:00-04:00,2.331785076743892,2.37,2.331785076743892,2.37,2.3631861097434017,2.3959617444394556,2.3454361479413817,0,0,19713,19734,0,0,0,0,NaN,NaN,15.687269807897634,NaN,NaN,NaN,2.412181970559118,2.4200999999999997,NaN,NaN,NaN,NaN,NaN,NaN,NaN,NaN,NaN,NaN,1,0,0,0,0,NaN,NaN,15.687269807897634,NaN,NaN,NaN,2.412181970559118,2.4200999999999997,NaN,NaN,NaN,NaN,NaN,NaN,NaN,NaN,NaN,NaN,1
2024-07-15T09:46:00-04:00,2.350892538371946,2.350892538371946,2.32,2.32,2.355334089790056,2.3948020231503038,2.32,0,1,19713,19735,0,0,0,0,NaN,NaN,15.588608736982302,NaN,NaN,NaN,2.412181970559118,2.4200999999999997,NaN,NaN,NaN,NaN,NaN,NaN,NaN,NaN,NaN,NaN,1,0,0,0,0,NaN,NaN,15.588608736982302,NaN,NaN,NaN,2.412181970559118,2.4200999999999997,NaN,NaN,NaN,NaN,NaN,NaN,NaN,NaN,NaN,NaN,1
2024-07-15T10:27:00-04:00,2.335446269185973,2.352,2.335446269185973,2.352,2.354727891646409,2.394148557148009,2.341333333333333,0,0,19713,19736,0,0,0,0,NaN,NaN,14.930831427063207,NaN,NaN,NaN,2.412181970559118,2.4200999999999997,NaN,NaN,NaN,NaN,NaN,NaN,NaN,NaN,NaN,NaN,1,0,0,0,0,NaN,NaN,14.930831427063207,NaN,NaN,NaN,2.412181970559118,2.4200999999999997,NaN,NaN,NaN,NaN,NaN,NaN,NaN,NaN,NaN,NaN,1
2024-07-15T11:27:00-04:00,2.3437231345929863,2.3437231345929863,2.32,2.32,2.3484137295288803,2.3930165181075815,2.3336460554371,0,1,19713,19737,0,0,0,0,NaN,NaN,15.522594759095911,NaN,NaN,NaN,2.412181970559118,2.4200999999999997,NaN,NaN,NaN,NaN,NaN,NaN,NaN,NaN,NaN,NaN,1,0,0,0,0,NaN,NaN,15.522594759095911,NaN,NaN,NaN,2.412181970559118,2.4200999999999997,NaN,NaN,NaN,NaN,NaN,NaN,NaN,NaN,NaN,NaN,1
2024-07-16T11:57:00-04:00,2.3318615672964933,2.3318615672964933,2.27,2.27,2.3341566877963564,2.391138403327313,2.27,0,0,19713,19738,0,0,0,1,NaN,NaN,15.755457463072595,NaN,NaN,NaN,2.412181970559118,2.3913469999999997,NaN,NaN,NaN,NaN,NaN,NaN,NaN,NaN,NaN,NaN,1,0,0,0,1,NaN,NaN,15.755457463072595,NaN,NaN,NaN,2.412181970559118,2.3913469999999997,NaN,NaN,NaN,NaN,NaN,NaN,NaN,NaN,NaN,NaN,1
2024-07-16T12:01:00-04:00,2.300930783648247,2.300930783648247,2.27,2.285,2.325219108197019,2.389517969688728,2.2775,0,0,19713,19739,0,0,0,0,NaN,NaN,15.554805589068682,NaN,NaN,NaN,2.412181970559118,2.3913469999999997,NaN,NaN,NaN,NaN,NaN,NaN,NaN,NaN,NaN,NaN,1,0,0,0,0,NaN,NaN,15.554805589068682,NaN,NaN,NaN,2.412181970559118,2.3913469999999997,NaN,NaN,NaN,NaN,NaN,NaN,NaN,NaN,NaN,NaN,1
2024-07-16T12:04:00-04:00,2.2929653918241235,2.3,2.2929653918241235,2.3,2.320633815797561,2.388151283128595,2.2831038798498122,0,0,19713,19740,0,0,0,0,NaN,NaN,16.13051199431465,NaN,NaN,NaN,2.412181970559118,2.3913469999999997,NaN,NaN,NaN,NaN,NaN,NaN,NaN,NaN,NaN,NaN,1,0,0,0,0,NaN,NaN,16.13051199431465,NaN,NaN,NaN,2.412181970559118,2.3913469999999997,NaN,NaN,NaN,NaN,NaN,NaN,NaN,NaN,NaN,NaN,1
2024-07-16T12:05:00-04:00,2.2964826959120614,2.2964826959120614,2.2753,2.2753,2.312391303834368,2.3864283627754865,2.2822358175750836,0,1,19713,19741,0,0,0,0,NaN,NaN,17.28852094040808,NaN,NaN,NaN,2.412181970559118,2.3913469999999997,NaN,NaN,NaN,NaN,NaN,NaN,NaN,NaN,NaN,NaN,1,0,0,0,0,NaN,NaN,17.28852094040808,NaN,NaN,NaN,2.412181970559118,2.3913469999999997,NaN,NaN,NaN,NaN,NaN,NaN,NaN,NaN,NaN,NaN,1
2024-07-16T12:08:00-04:00,2.2858913479560306,2.3,2.2858913479560306,2.3,2.310138339500847,2.3851088457865477,2.2866805671392827,0,0,19713,19742,0,0,0,0,NaN,NaN,18.00794259460997,NaN,NaN,NaN,2.412181970559118,2.3913469999999997,NaN,NaN,NaN,NaN,NaN,NaN,NaN,NaN,NaN,NaN,1,0,0,0,0,NaN,NaN,18.00794259460997,NaN,NaN,NaN,2.412181970559118,2.3913469999999997,NaN,NaN,NaN,NaN,NaN,NaN,NaN,NaN,NaN,NaN,1
2024-07-16T12:11:00-04:00,2.292945673978015,2.3,2.292945673978015,2.3,2.3082950050461473,2.38380947409515,2.2893462308205472,0,0,19713,19743,0,0,0,0,NaN,NaN,19.93281967143547,NaN,NaN,NaN,2.41207440834241,2.3913469999999997,NaN,NaN,NaN,NaN,NaN,NaN,NaN,NaN,NaN,NaN,1,0,0,0,0,NaN,NaN,19.93281967143547,NaN,NaN,NaN,2.41207440834241,2.3913469999999997,NaN,NaN,NaN,NaN,NaN,NaN,NaN,NaN,NaN,NaN,1
2024-07-16T12:14:00-04:00,2.2964728369890075,2.3,2.2964728369890075,2.3,2.306786822310484,2.382529940139499,2.2910129431626336,0,0,19713,19744,0,0,0,0,NaN,NaN,21.97613403196765,NaN,NaN,NaN,2.370001315221367,2.3913469999999997,NaN,NaN,NaN,NaN,NaN,NaN,NaN,NaN,NaN,NaN,1,0,0,0,0,NaN,NaN,21.97613403196765,NaN,NaN,NaN,2.370001315221367,2.3913469999999997,NaN,NaN,NaN,NaN,NaN,NaN,NaN,NaN,NaN,NaN,1
2024-07-16T12:18:00-04:00,2.2982364184945037,2.3,2.2982364184945037,2.3,2.3055528546176687,2.3812699410533997,2.2923110255175736,0,0,19713,19745,0,0,0,0,NaN,NaN,27.226362203645916,NaN,NaN,NaN,2.3696667399834332,2.3913469999999997,NaN,NaN,NaN,NaN,NaN,NaN,NaN,NaN,NaN,NaN,1,0,0,0,0,NaN,NaN,27.226362203645916,NaN,NaN,NaN,2.3696667399834332,2.3913469999999997,NaN,NaN,NaN,NaN,NaN,NaN,NaN,NaN,NaN,NaN,1
2024-07-16T12:21:00-04:00,2.2991182092472515,2.3,2.2991182092472515,2.3,2.3045432446871836,2.3800291785945693,2.293552684699233,0,0,19713,19746,0,0,0,0,NaN,NaN,26.887724352078283,NaN,NaN,NaN,2.3693261219526023,2.3913469999999997,NaN,NaN,NaN,NaN,NaN,NaN,NaN,NaN,NaN,NaN,1,0,0,0,0,NaN,NaN,26.887724352078283,NaN,NaN,NaN,2.3693261219526023,2.3913469999999997,NaN,NaN,NaN,NaN,NaN,NaN,NaN,NaN,NaN,NaN,1
2024-07-16T12:24:00-04:00,2.2995591046236257,2.2995591046236257,2.29,2.29,2.301899018380423,2.3786546873183165,2.2934148234381064,0,0,19713,19747,0,0,0,0,NaN,NaN,31.964049106461516,NaN,NaN,NaN,2.3590669913428406,2.3913469999999997,NaN,NaN,NaN,NaN,NaN,NaN,NaN,NaN,NaN,NaN,1,0,0,0,0,NaN,NaN,31.964049106461516,NaN,NaN,NaN,2.3590669913428406,2.3913469999999997,NaN,NaN,NaN,NaN,NaN,NaN,NaN,NaN,NaN,NaN,1
2024-07-16T12:28:00-04:00,2.294779552311813,2.3,2.29,2.295,2.3006446514021643,2.3773775165195636,2.2935289881166727,0,0,19713,19748,0,0,0,0,NaN,NaN,37.75003882641994,NaN,NaN,NaN,2.3590669913428406,2.3913469999999997,NaN,NaN,NaN,NaN,NaN,NaN,NaN,NaN,NaN,NaN,1,0,0,0,0,NaN,NaN,37.75003882641994,NaN,NaN,NaN,2.3590669913428406,2.3913469999999997,NaN,NaN,NaN,NaN,NaN,NaN,NaN,NaN,NaN,NaN,1
2024-07-16T12:31:00-04:00,2.294889776155906,2.3,2.29,2.295,2.2996183511472252,2.3761198445116314,2.2936724081897952,0,0,19713,19749,0,0,0,0,NaN,NaN,39.631576179554614,NaN,NaN,NaN,2.3590669913428406,2.3913469999999997,NaN,NaN,NaN,NaN,NaN,NaN,NaN,NaN,NaN,NaN,1,0,0,0,0,NaN,NaN,39.631576179554614,NaN,NaN,NaN,2.3590669913428406,2.3913469999999997,NaN,NaN,NaN,NaN,NaN,NaN,NaN,NaN,NaN,NaN,1
2024-07-16T13:04:00-04:00,2.294944888077953,2.3,2.294944888077953,2.3,2.2996877418477295,2.3749577094809196,2.2947049224911615,0,0,19713,19750,0,0,0,0,NaN,NaN,40.919124680855326,NaN,NaN,NaN,2.3590669913428406,2.3913469999999997,NaN,NaN,NaN,NaN,NaN,NaN,NaN,NaN,NaN,NaN,1,0,0,0,0,NaN,NaN,40.919124680855326,NaN,NaN,NaN,2.3590669913428406,2.3913469999999997,NaN,NaN,NaN,NaN,NaN,NaN,NaN,NaN,NaN,NaN,1
2024-07-16T13:06:00-04:00,2.297472444038976,2.3,2.29,2.295,2.2988354251481424,2.373736981091898,2.2947238483074575,0,0,19713,19751,0,0,0,0,NaN,NaN,41.26400356258469,NaN,NaN,NaN,2.3590669913428406,2.3913469999999997,NaN,NaN,NaN,NaN,NaN,NaN,NaN,NaN,NaN,NaN,1,0,0,0,0,NaN,NaN,41.26400356258469,NaN,NaN,NaN,2.3590669913428406,2.3913469999999997,NaN,NaN,NaN,NaN,NaN,NaN,NaN,NaN,NaN,NaN,1
2024-07-16T13:08:00-04:00,2.296236222019488,2.3,2.296236222019488,2.3,2.2990471660302982,2.3726112256553806,2.294978197674419,0,0,19713,19752,0,0,0,0,NaN,NaN,42.099393285084275,NaN,NaN,NaN,2.3590669913428406,2.3913469999999997,NaN,NaN,NaN,NaN,NaN,NaN,NaN,NaN,NaN,NaN,1,0,0,0,0,NaN,NaN,42.099393285084275,NaN,NaN,NaN,2.3590669913428406,2.3913469999999997,NaN,NaN,NaN,NaN,NaN,NaN,NaN,NaN,NaN,NaN,1
2024-07-16T13:11:00-04:00,2.298118111009744,2.3,2.298118111009744,2.3,2.299220408570244,2.371502657324764,2.2953184281842822,0,0,19713,19753,0,0,0,0,NaN,NaN,42.10940523354774,NaN,NaN,NaN,2.3590669913428406,2.3913469999999997,NaN,NaN,NaN,NaN,NaN,NaN,NaN,NaN,NaN,NaN,1,0,0,0,0,NaN,NaN,42.10940523354774,NaN,NaN,NaN,2.3590669913428406,2.3913469999999997,NaN,NaN,NaN,NaN,NaN,NaN,NaN,NaN,NaN,NaN,1
2024-07-16T13:13:00-04:00,2.299059055504872,2.3,2.299059055504872,2.3,2.2993621524665633,2.370411013701485,2.295615482233503,0,0,19713,19754,0,0,0,0,NaN,NaN,42.004172672727705,NaN,NaN,NaN,2.3590669913428406,2.3913469999999997,NaN,NaN,NaN,NaN,NaN,NaN,NaN,NaN,NaN,NaN,1,0,0,0,0,NaN,NaN,42.004172672727705,NaN,NaN,NaN,2.3590669913428406,2.3913469999999997,NaN,NaN,NaN,NaN,NaN,NaN,NaN,NaN,NaN,NaN,1
2024-07-16T13:17:00-04:00,2.299529527752436,2.3,2.299529527752436,2.3,2.2994781247453697,2.3693360363930656,2.2958356769787067,0,0,19713,19755,0,0,0,0,NaN,NaN,43.40030040979714,NaN,NaN,NaN,2.3590669913428406,2.3913469999999997,NaN,NaN,NaN,NaN,NaN,NaN,NaN,NaN,NaN,NaN,1,0,0,0,0,NaN,NaN,43.40030040979714,NaN,NaN,NaN,2.3590669913428406,2.3913469999999997,NaN,NaN,NaN,NaN,NaN,NaN,NaN,NaN,NaN,NaN,1
2024-07-16T13:20:00-04:00,2.299764763876218,2.3,2.299764763876218,2.3,2.2995730111553025,2.36827747095195,2.296145407214578,0,0,19713,19756,0,0,0,0,NaN,NaN,42.492670031252025,NaN,NaN,NaN,2.3590669913428406,2.3913469999999997,NaN,NaN,NaN,NaN,NaN,NaN,NaN,NaN,NaN,NaN,1,0,0,0,0,NaN,NaN,42.492670031252025,NaN,NaN,NaN,2.3590669913428406,2.3913469999999997,NaN,NaN,NaN,NaN,NaN,NaN,NaN,NaN,NaN,NaN,1
2024-07-16T13:23:00-04:00,2.299882381938109,2.3,2.299882381938109,2.3,2.299650645490702,2.367235066815279,2.2963490665727373,0,0,19713,19757,0,0,0,0,NaN,NaN,42.30908055137016,NaN,NaN,NaN,2.3590669913428406,2.3913469999999997,NaN,NaN,NaN,NaN,NaN,NaN,NaN,NaN,NaN,NaN,1,0,0,0,0,NaN,NaN,42.30908055137016,NaN,NaN,NaN,2.3590669913428406,2.3913469999999997,NaN,NaN,NaN,NaN,NaN,NaN,NaN,NaN,NaN,NaN,1
2024-07-16T14:05:00-04:00,2.2999411909690544,2.3,2.2999411909690544,2.3,2.2997141644923924,2.36620857724558,2.296941575686043,0,0,19713,19758,0,0,0,0,NaN,NaN,42.92697597766674,NaN,NaN,NaN,2.3590669913428406,2.3913469999999997,NaN,NaN,NaN,NaN,NaN,NaN,NaN,NaN,NaN,NaN,1,0,0,0,0,NaN,NaN,42.92697597766674,NaN,NaN,NaN,2.3590669913428406,2.3913469999999997,NaN,NaN,NaN,NaN,NaN,NaN,NaN,NaN,NaN,NaN,1
2024-07-16T14:07:00-04:00,2.299970595484527,2.299970595484527,2.27,2.27,2.2943115891301393,2.3647397440051896,2.2957996609211646,0,0,19713,19759,0,0,0,0,NaN,NaN,43.12613012767069,NaN,NaN,NaN,2.3590669913428406,2.3913469999999997,NaN,NaN,NaN,NaN,NaN,NaN,NaN,NaN,NaN,NaN,1,0,0,0,0,NaN,NaN,43.12613012767069,NaN,NaN,NaN,2.3590669913428406,2.3913469999999997,NaN,NaN,NaN,NaN,NaN,NaN,NaN,NaN,NaN,NaN,1
2024-07-16T14:09:00-04:00,2.2849852977422636,2.3,2.27,2.285,2.2926185729246593,2.3635223433333548,2.2955028854080792,0,0,19713,19760,0,0,0,0,NaN,NaN,44.24494605996816,NaN,NaN,NaN,2.3590669913428406,2.3913469999999997,NaN,NaN,NaN,NaN,NaN,NaN,NaN,NaN,NaN,NaN,1,0,0,0,0,NaN,NaN,44.24494605996816,NaN,NaN,NaN,2.3590669913428406,2.3913469999999997,NaN,NaN,NaN,NaN,NaN,NaN,NaN,NaN,NaN,NaN,1
2024-07-16T14:10:00-04:00,2.284992648871132,2.3,2.27,2.292125,2.292528832392903,2.362432307557273,2.2948693904889486,0,0,19713,19761,0,0,0,0,NaN,NaN,44.35610773931441,NaN,NaN,NaN,2.3590669913428406,2.3913469999999997,NaN,NaN,NaN,NaN,NaN,NaN,NaN,NaN,NaN,NaN,1,0,0,0,0,NaN,NaN,44.35610773931441,NaN,NaN,NaN,2.3590669913428406,2.3913469999999997,NaN,NaN,NaN,NaN,NaN,NaN,NaN,NaN,NaN,NaN,1
2024-07-16T14:12:00-04:00,2.288558824435566,2.3142,2.26,2.28355,2.290896317412375,2.3612279975182306,2.293941381430621,0,0,19713,19762,0,0,0,0,NaN,NaN,44.94312708392698,NaN,NaN,NaN,2.3590669913428406,2.3913469999999997,NaN,NaN,NaN,NaN,NaN,NaN,NaN,NaN,NaN,NaN,1,0,0,0,0,NaN,NaN,44.94312708392698,NaN,NaN,NaN,2.3590669913428406,2.3913469999999997,NaN,NaN,NaN,NaN,NaN,NaN,NaN,NaN,NaN,NaN,1
2024-07-16T14:14:00-04:00,2.286054412217783,2.29,2.286054412217783,2.29,2.2907333506101253,2.3601405471744408,2.293823821833367,0,0,19713,19763,0,0,0,0,NaN,NaN,45.08277364036442,NaN,NaN,NaN,2.3590669913428406,2.3913469999999997,NaN,NaN,NaN,NaN,NaN,NaN,NaN,NaN,NaN,NaN,1,0,0,0,0,NaN,NaN,45.08277364036442,NaN,NaN,NaN,2.3590669913428406,2.3913469999999997,NaN,NaN,NaN,NaN,NaN,NaN,NaN,NaN,NaN,NaN,1
2024-07-16T14:17:00-04:00,2.2880272061088913,2.2880272061088913,2.21,2.2424999999999997,2.2819636504991934,2.3583445082862813,2.2892501358449557,0,0,19713,19764,0,0,0,0,NaN,NaN,49.28995699596159,NaN,NaN,NaN,2.3590669913428406,2.36949118,NaN,NaN,NaN,NaN,NaN,NaN,NaN,NaN,NaN,NaN,1,0,0,0,0,NaN,NaN,49.28995699596159,NaN,NaN,NaN,2.3590669913428406,2.36949118,NaN,NaN,NaN,NaN,NaN,NaN,NaN,NaN,NaN,NaN,1
2024-07-16T14:19:00-04:00,2.2652636030544455,2.29,2.2652636030544455,2.29,2.2834248049538854,2.357301080678857,2.2892699700229238,0,0,19713,19765,0,0,0,0,NaN,NaN,52.392927950601795,NaN,NaN,NaN,2.3590669913428406,2.36949118,NaN,NaN,NaN,NaN,NaN,NaN,NaN,NaN,NaN,NaN,1,0,0,0,0,NaN,NaN,52.392927950601795,NaN,NaN,NaN,2.3590669913428406,2.36949118,NaN,NaN,NaN,NaN,NaN,NaN,NaN,NaN,NaN,NaN,1
2024-07-16T14:21:00-04:00,2.2776318015272228,2.29,2.2776318015272228,2.29,2.28462029496227,2.3562735832639126,2.2892887819962207,0,0,19713,19766,0,0,0,0,NaN,NaN,56.05760264357406,NaN,NaN,NaN,2.3590669913428406,2.36949118,NaN,NaN,NaN,NaN,NaN,NaN,NaN,NaN,NaN,NaN,1,0,0,0,0,NaN,NaN,56.05760264357406,NaN,NaN,NaN,2.3590669913428406,2.36949118,NaN,NaN,NaN,NaN,NaN,NaN,NaN,NaN,NaN,NaN,1
2024-07-16T14:25:00-04:00,2.2838159007636114,2.29,2.2838159007636114,2.29,2.2855984231509483,2.3552617728324026,2.2893066488025458,0,0,19713,19767,0,0,0,0,NaN,NaN,60.37067803892797,NaN,NaN,NaN,2.3590669913428406,2.36949118,NaN,NaN,NaN,NaN,NaN,NaN,NaN,NaN,NaN,NaN,1,0,0,0,0,NaN,NaN,60.37067803892797,NaN,NaN,NaN,2.3590669913428406,2.36949118,NaN,NaN,NaN,NaN,NaN,NaN,NaN,NaN,NaN,NaN,1
2024-07-16T15:01:00-04:00,2.2869079503818055,2.3,2.2869079503818055,2.3,2.2882168916689576,2.3544180816441216,2.28956102346113,0,0,19713,19768,0,0,0,0,NaN,NaN,64.40748318194096,NaN,NaN,NaN,2.3590669913428406,2.36949118,NaN,NaN,NaN,NaN,NaN,NaN,NaN,NaN,NaN,NaN,1,0,0,0,0,NaN,NaN,64.40748318194096,NaN,NaN,NaN,2.3590669913428406,2.36949118,NaN,NaN,NaN,NaN,NaN,NaN,NaN,NaN,NaN,NaN,1
2024-07-17T09:30:00-04:00,2.2934539751909027,2.3,2.2934539751909027,2.3,2.290359275001874,2.353587271237341,2.3,0,0,19713,19769,0,0,0,0,NaN,NaN,68.5092918770081,NaN,NaN,NaN,2.3590669913428406,2.36949118,NaN,NaN,NaN,NaN,NaN,NaN,NaN,NaN,NaN,NaN,1,0,0,0,0,NaN,NaN,68.5092918770081,NaN,NaN,NaN,2.3590669913428406,2.36949118,NaN,NaN,NaN,NaN,NaN,NaN,NaN,NaN,NaN,NaN,1
2024-07-17T12:34:00-04:00,2.2967269875954512,2.3,2.2967269875954512,2.3,2.2921121340924424,2.3527691449589083,2.3,0,0,19713,19770,0,0,0,0,NaN,NaN,71.9768475337063,NaN,NaN,NaN,2.3590669913428406,2.36949118,NaN,NaN,NaN,NaN,NaN,NaN,NaN,NaN,NaN,NaN,1,0,0,0,0,NaN,NaN,71.9768475337063,NaN,NaN,NaN,2.3590669913428406,2.36949118,NaN,NaN,NaN,NaN,NaN,NaN,NaN,NaN,NaN,NaN,1
2024-07-17T12:44:00-04:00,2.2983634937977255,2.41,2.2983634937977255,2.41,2.31354629153018,2.353642898470986,2.3219123505976094,0,0,19713,19771,0,0,0,0,NaN,NaN,63.901514325618315,NaN,NaN,NaN,2.3590669913428406,2.36949118,NaN,NaN,NaN,NaN,NaN,NaN,NaN,NaN,NaN,NaN,1,0,0,0,0,NaN,NaN,63.901514325618315,NaN,NaN,NaN,2.3590669913428406,2.36949118,NaN,NaN,NaN,NaN,NaN,NaN,NaN,NaN,NaN,NaN,1
2024-07-17T12:45:00-04:00,2.354181746898863,2.47,2.354181746898863,2.47,2.3419924203428746,2.355419342769139,2.4391791044776125,0,0,19713,19772,0,0,0,0,NaN,NaN,51.79609695571741,NaN,NaN,NaN,2.3590669913428406,2.36949118,NaN,NaN,NaN,NaN,NaN,NaN,NaN,NaN,NaN,NaN,1,0,0,0,0,NaN,NaN,51.79609695571741,NaN,NaN,NaN,2.3590669913428406,2.36949118,NaN,NaN,NaN,NaN,NaN,NaN,NaN,NaN,NaN,NaN,1
2024-07-17T14:12:00-04:00,2.4120908734494315,2.45,2.4120908734494315,2.45,2.3616301620987157,2.3568633222688464,2.4396098726114652,0,0,19713,19773,0,0,0,0,NaN,NaN,46.98589519814016,NaN,NaN,NaN,2.3590669913428406,2.36949118,NaN,NaN,NaN,NaN,NaN,NaN,NaN,NaN,NaN,NaN,1,0,0,0,0,NaN,NaN,46.98589519814016,NaN,NaN,NaN,2.3590669913428406,2.36949118,NaN,NaN,NaN,NaN,NaN,NaN,NaN,NaN,NaN,NaN,1
2024-07-17T15:12:00-04:00,2.431045436724716,2.431045436724716,2.41,2.41,2.3704246780807674,2.3576745692571084,2.438476263399694,0,0,19713,19774,0,0,0,0,NaN,NaN,43.803688960150744,NaN,NaN,NaN,2.3590669913428406,2.36949118,NaN,NaN,NaN,NaN,NaN,NaN,NaN,NaN,NaN,NaN,1,0,0,0,0,NaN,NaN,43.803688960150744,NaN,NaN,NaN,2.3590669913428406,2.36949118,NaN,NaN,NaN,NaN,NaN,NaN,NaN,NaN,NaN,NaN,1
2024-07-17T15:27:00-04:00,2.420522718362358,2.420522718362358,2.41,2.41,2.3776201911569914,2.358473430795168,2.4345721836802117,0,0,19713,19775,0,0,0,0,NaN,NaN,38.34707138336271,NaN,NaN,NaN,2.3590669913428406,2.36949118,NaN,NaN,NaN,NaN,NaN,NaN,NaN,NaN,NaN,NaN,1,0,0,0,0,NaN,NaN,38.34707138336271,NaN,NaN,NaN,2.3590669913428406,2.36949118,NaN,NaN,NaN,NaN,NaN,NaN,NaN,NaN,NaN,NaN,1
2024-07-18T11:23:00-04:00,2.415261359181179,2.415261359181179,2.385,2.3968999999999996,2.3811256109466292,2.359060095973868,2.3968999999999996,0,0,19713,19776,0,0,0,0,NaN,NaN,32.7813701626878,NaN,NaN,NaN,2.3590669913428406,2.36949118,NaN,NaN,NaN,NaN,NaN,NaN,NaN,NaN,NaN,NaN,1,0,0,0,0,NaN,NaN,32.7813701626878,NaN,NaN,NaN,2.3590669913428406,2.36949118,NaN,NaN,NaN,NaN,NaN,NaN,NaN,NaN,NaN,NaN,1
2024-07-18T12:17:00-04:00,2.4060806795905894,2.4060806795905894,2.3,2.3,2.366375499865424,2.358158415119305,2.3484499999999997,0,0,19713,19777,0,0,0,0,NaN,NaN,31.13615141050437,NaN,NaN,NaN,2.3590669913428406,2.36949118,NaN,NaN,NaN,NaN,NaN,NaN,NaN,NaN,NaN,NaN,1,0,0,0,0,NaN,NaN,31.13615141050437,NaN,NaN,NaN,2.3590669913428406,2.36949118,NaN,NaN,NaN,NaN,NaN,NaN,NaN,NaN,NaN,NaN,1
2024-07-18T12:21:00-04:00,2.3530403397952946,2.3530403397952946,2.3,2.3,2.3543072271626193,2.3572705003846592,2.331666666666666,0,1,19713,19778,0,0,0,0,NaN,NaN,29.68726734945279,NaN,NaN,NaN,2.3590669913428406,2.36949118,NaN,NaN,NaN,NaN,NaN,NaN,NaN,NaN,NaN,NaN,1,0,0,0,0,NaN,NaN,29.68726734945279,NaN,NaN,NaN,2.3590669913428406,2.36949118,NaN,NaN,NaN,NaN,NaN,NaN,NaN,NaN,NaN,NaN,1
2024-07-18T12:26:00-04:00,2.3265201698976474,2.3265201698976474,2.18,2.18,2.322615004042143,2.3545640805314583,2.3103651685393256,0,0,19713,19779,0,0,0,0,NaN,NaN,30.82368034768389,NaN,NaN,NaN,2.3590669913428406,2.3239994738,NaN,NaN,NaN,NaN,NaN,NaN,NaN,NaN,NaN,NaN,1,0,0,0,0,NaN,NaN,30.82368034768389,NaN,NaN,NaN,2.3590669913428406,2.3239994738,NaN,NaN,NaN,NaN,NaN,NaN,NaN,NaN,NaN,NaN,1
2024-07-18T12:28:00-04:00,2.253260084948824,2.3,2.253260084948824,2.2925,2.3171395487617534,2.3536165373172375,2.3050691699604737,0,0,19713,19780,0,0,0,0,NaN,NaN,30.47771916284838,NaN,NaN,NaN,2.3590669913428406,2.3239994738,NaN,NaN,NaN,NaN,NaN,NaN,NaN,NaN,NaN,NaN,1,0,0,0,0,NaN,NaN,30.47771916284838,NaN,NaN,NaN,2.3590669913428406,2.3239994738,NaN,NaN,NaN,NaN,NaN,NaN,NaN,NaN,NaN,NaN,1
2024-07-18T12:33:00-04:00,2.272880042474412,2.3,2.272880042474412,2.3,2.3140232671687073,2.352797964228425,2.304232673267326,0,0,19713,19781,0,0,0,0,NaN,NaN,30.09692325454373,NaN,NaN,NaN,2.3590669913428406,2.3239994738,NaN,NaN,NaN,NaN,NaN,NaN,NaN,NaN,NaN,NaN,1,0,0,0,0,NaN,NaN,30.09692325454373,NaN,NaN,NaN,2.3590669913428406,2.3239994738,NaN,NaN,NaN,NaN,NaN,NaN,NaN,NaN,NaN,NaN,1
2024-07-18T12:40:00-04:00,2.286440021237206,2.3,2.286440021237206,2.3,2.3114735822289423,2.351991888438678,2.303392857142857,0,0,19713,19782,0,0,0,0,NaN,NaN,29.633765520649053,NaN,NaN,NaN,2.3590669913428406,2.3239994738,NaN,NaN,NaN,NaN,NaN,NaN,NaN,NaN,NaN,NaN,1,0,0,0,0,NaN,NaN,29.633765520649053,NaN,NaN,NaN,2.3590669913428406,2.3239994738,NaN,NaN,NaN,NaN,NaN,NaN,NaN,NaN,NaN,NaN,1
2024-07-18T12:47:00-04:00,2.2932200106186027,2.3,2.2932200106186027,2.3,2.3093874763691344,2.351198119149538,2.3028499999999994,0,0,19713,19783,0,0,0,0,NaN,NaN,29.089198475222588,NaN,NaN,NaN,2.3590669913428406,2.3239994738,NaN,NaN,NaN,NaN,NaN,NaN,NaN,NaN,NaN,NaN,1,0,0,0,0,NaN,NaN,29.089198475222588,NaN,NaN,NaN,2.3590669913428406,2.3239994738,NaN,NaN,NaN,NaN,NaN,NaN,NaN,NaN,NaN,NaN,1
2024-07-18T12:48:00-04:00,2.2966100053093013,2.3,2.29,2.294975,2.306767026120201,2.350339750918247,2.300667771084337,0,0,19713,19784,0,0,0,0,NaN,NaN,28.6192154154229,NaN,NaN,NaN,2.3590669913428406,2.3239994738,NaN,NaN,NaN,NaN,NaN,NaN,NaN,NaN,NaN,NaN,1,0,0,0,0,NaN,NaN,28.6192154154229,NaN,NaN,NaN,2.3590669913428406,2.3239994738,NaN,NaN,NaN,NaN,NaN,NaN,NaN,NaN,NaN,NaN,1
2024-07-18T15:06:00-04:00,2.295792502654651,2.3192,2.295792502654651,2.3192,2.309027566825619,2.349864334873694,2.3017866981132076,0,0,19713,19785,0,0,0,0,NaN,NaN,26.209103883602847,NaN,NaN,NaN,2.3590669913428406,2.3239994738,NaN,NaN,NaN,NaN,NaN,NaN,NaN,NaN,NaN,NaN,1,0,0,0,0,NaN,NaN,26.209103883602847,NaN,NaN,NaN,2.3590669913428406,2.3239994738,NaN,NaN,NaN,NaN,NaN,NaN,NaN,NaN,NaN,NaN,1
2024-07-18T15:49:00-04:00,2.3074962513273256,2.3216,2.3074962513273256,2.3216,2.311313463766415,2.3494328183107367,2.3025071818181817,0,0,19713,19786,0,0,0,0,NaN,NaN,23.763821990786603,NaN,NaN,NaN,2.3590669913428406,2.3239994738,NaN,NaN,NaN,NaN,NaN,NaN,NaN,NaN,NaN,NaN,1,0,0,0,0,NaN,NaN,23.763821990786603,NaN,NaN,NaN,2.3590669913428406,2.3239994738,NaN,NaN,NaN,NaN,NaN,NaN,NaN,NaN,NaN,NaN,1
2024-07-18T16:00:00-04:00,2.314548125663663,2.33,2.314548125663663,2.33,2.3147110158088853,2.349136134061718,2.30430141060503,0,0,19713,19787,0,0,0,0,NaN,NaN,20.078467111491783,NaN,NaN,NaN,2.3590669913428406,2.3239994738,NaN,NaN,NaN,NaN,NaN,NaN,NaN,NaN,NaN,NaN,1,0,0,0,0,NaN,NaN,20.078467111491783,NaN,NaN,NaN,2.3590669913428406,2.3239994738,NaN,NaN,NaN,NaN,NaN,NaN,NaN,NaN,NaN,NaN,1
2024-07-19T14:11:00-04:00,2.3222740628318315,2.3222740628318315,2.25,2.2824999999999998,2.308854467479997,2.3481187885035237,2.2824999999999998,0,1,19713,19788,0,0,0,0,NaN,NaN,18.70006077347326,NaN,NaN,NaN,2.3590669913428406,2.3239994738,NaN,NaN,NaN,NaN,NaN,NaN,NaN,NaN,NaN,NaN,1,0,0,0,0,NaN,NaN,18.70006077347326,NaN,NaN,NaN,2.3590669913428406,2.3239994738,NaN,NaN,NaN,NaN,NaN,NaN,NaN,NaN,NaN,NaN,1
2024-07-19T14:32:00-04:00,2.3023870314159156,2.3023870314159156,2.3,2.3,2.307244564301816,2.3473841505111035,2.283722067039106,0,0,19713,19789,0,0,0,0,NaN,NaN,16.838205313439012,NaN,NaN,NaN,2.3590669913428406,2.3239994738,NaN,NaN,NaN,NaN,NaN,NaN,NaN,NaN,NaN,NaN,1,0,0,0,0,NaN,NaN,16.838205313439012,NaN,NaN,NaN,2.3590669913428406,2.3239994738,NaN,NaN,NaN,NaN,NaN,NaN,NaN,NaN,NaN,NaN,1
2024-07-19T14:33:00-04:00,2.3011935157079577,2.3011935157079577,2.29,2.29,2.304109188974213,2.346508056610171,2.2841318537859006,0,0,19713,19790,0,0,0,0,NaN,NaN,14.764864301175084,NaN,NaN,NaN,2.3590669913428406,2.3239994738,NaN,NaN,NaN,NaN,NaN,NaN,NaN,NaN,NaN,NaN,1,0,0,0,0,NaN,NaN,14.764864301175084,NaN,NaN,NaN,2.3590669913428406,2.3239994738,NaN,NaN,NaN,NaN,NaN,NaN,NaN,NaN,NaN,NaN,1
2024-07-19T14:35:00-04:00,2.295596757853979,2.3,2.295596757853979,2.3,2.3033620637061745,2.3457980099443665,2.285964203233256,0,0,19713,19791,0,0,0,0,NaN,NaN,12.785151691444396,NaN,NaN,NaN,2.3590669913428406,2.3239994738,NaN,NaN,NaN,NaN,NaN,NaN,NaN,NaN,NaN,NaN,1,0,0,0,0,NaN,NaN,12.785151691444396,NaN,NaN,NaN,2.3590669913428406,2.3239994738,NaN,NaN,NaN,NaN,NaN,NaN,NaN,NaN,NaN,NaN,1
2024-07-19T14:37:00-04:00,2.2977983789269896,2.3,2.2977983789269896,2.3,2.3027507793959607,2.3450988036856737,2.2927302631578947,0,0,19713,19792,0,0,0,0,NaN,NaN,10.697265995938743,NaN,NaN,NaN,2.3590669913428406,2.3239994738,NaN,NaN,NaN,NaN,NaN,NaN,NaN,NaN,NaN,NaN,1,0,0,0,0,NaN,NaN,10.697265995938743,NaN,NaN,NaN,2.3590669913428406,2.3239994738,NaN,NaN,NaN,NaN,NaN,NaN,NaN,NaN,NaN,NaN,1
2024-07-19T14:40:00-04:00,2.2988991894634947,2.3,2.2988991894634947,2.3,2.3022506376876044,2.344410272331694,2.2931405191873586,0,0,19713,19793,0,0,0,0,NaN,NaN,8.616514831122982,NaN,NaN,NaN,2.3590669913428406,2.3239994738,NaN,NaN,NaN,NaN,NaN,NaN,NaN,NaN,NaN,NaN,1,0,0,0,0,NaN,NaN,8.616514831122982,NaN,NaN,NaN,2.3590669913428406,2.3239994738,NaN,NaN,NaN,NaN,NaN,NaN,NaN,NaN,NaN,NaN,1
2024-07-19T14:43:00-04:00,2.2994495947317475,2.3,2.2994495947317475,2.3,2.301841430835313,2.3437322529067828,2.2935069444444443,0,0,19713,19794,0,0,0,0,NaN,NaN,6.743607918112636,NaN,NaN,NaN,2.3590669913428406,2.3239994738,NaN,NaN,NaN,NaN,NaN,NaN,NaN,NaN,NaN,NaN,1,0,0,0,0,NaN,NaN,6.743607918112636,NaN,NaN,NaN,2.3590669913428406,2.3239994738,NaN,NaN,NaN,NaN,NaN,NaN,NaN,NaN,NaN,NaN,1
2024-07-19T14:46:00-04:00,2.2997247973658737,2.3,2.2997247973658737,2.3,2.301506625228892,2.3430645849234732,2.2938362068965517,0,0,19713,19795,0,0,0,0,NaN,NaN,4.944877357757256,NaN,NaN,NaN,2.3590669913428406,2.3239994738,NaN,NaN,NaN,NaN,NaN,NaN,NaN,NaN,NaN,NaN,1,0,0,0,0,NaN,NaN,4.944877357757256,NaN,NaN,NaN,2.3590669913428406,2.3239994738,NaN,NaN,NaN,NaN,NaN,NaN,NaN,NaN,NaN,NaN,1
2024-07-19T14:48:00-04:00,2.2998623986829365,2.3,2.2998623986829365,2.3,2.3012326933690934,2.342407110344489,2.2941052376333655,0,0,19713,19796,0,0,0,0,NaN,NaN,3.419553721342124,NaN,NaN,NaN,2.3590669913428406,2.3239994738,NaN,NaN,NaN,NaN,NaN,NaN,NaN,NaN,NaN,NaN,1,0,0,0,0,NaN,NaN,3.419553721342124,NaN,NaN,NaN,2.3590669913428406,2.3239994738,NaN,NaN,NaN,NaN,NaN,NaN,NaN,NaN,NaN,NaN,1
2024-07-19T14:50:00-04:00,2.299931199341468,2.299931199341468,2.29,2.29,2.299190385483804,2.341607001789611,2.293937209302326,0,1,19713,19797,0,0,0,0,NaN,NaN,2.082560335308885,NaN,NaN,NaN,2.3590669913428406,2.3239994738,NaN,NaN,NaN,NaN,NaN,NaN,NaN,NaN,NaN,NaN,1,0,0,0,0,NaN,NaN,2.082560335308885,NaN,NaN,NaN,2.3590669913428406,2.3239994738,NaN,NaN,NaN,NaN,NaN,NaN,NaN,NaN,NaN,NaN,1
2024-07-19T14:51:00-04:00,2.294965599670734,2.3,2.294965599670734,2.2975,2.298883042668567,2.3409336124493114,2.2940955555555558,0,0,19713,19798,0,0,0,0,NaN,NaN,1.1839680861371003,NaN,NaN,NaN,2.3590669913428406,2.3239994738,NaN,NaN,NaN,NaN,NaN,NaN,NaN,NaN,NaN,NaN,1,0,0,0,0,NaN,NaN,1.1839680861371003,NaN,NaN,NaN,2.3590669913428406,2.3239994738,NaN,NaN,NaN,NaN,NaN,NaN,NaN,NaN,NaN,NaN,1
2024-07-19T14:52:00-04:00,2.2962327998353667,2.2962327998353667,2.29,2.29,2.297267944001555,2.3401560000455053,2.2939212765957446,0,1,19713,19799,0,0,0,0,NaN,NaN,0.5480149839601608,NaN,NaN,NaN,2.3590669913428406,2.3239994738,NaN,NaN,NaN,NaN,NaN,NaN,NaN,NaN,NaN,NaN,1,0,0,0,0,NaN,NaN,0.5480149839601608,NaN,NaN,NaN,2.3590669913428406,2.3239994738,NaN,NaN,NaN,NaN,NaN,NaN,NaN,NaN,NaN,NaN,1
2024-07-19T14:54:00-04:00,2.2931163999176833,2.3,2.2931163999176833,2.3,2.2977646814558175,2.3395429313425207,2.294169387755102,0,0,19713,19800,0,0,0,0,NaN,NaN,0.27775286455344633,NaN,NaN,NaN,2.3590669913428406,2.3239994738,NaN,NaN,NaN,NaN,NaN,NaN,NaN,NaN,NaN,NaN,1,0,0,0,0,NaN,NaN,0.27775286455344633,NaN,NaN,NaN,2.3590669913428406,2.3239994738,NaN,NaN,NaN,NaN,NaN,NaN,NaN,NaN,NaN,NaN,1
2024-07-19T14:56:00-04:00,2.2965581999588416,2.3,2.2965581999588416,2.3,2.298171103009305,2.3389392224670624,2.2950647780272933,0,0,19713,19801,0,0,0,0,NaN,NaN,0.21765063773141,NaN,NaN,NaN,2.3590669913428406,2.3239994738,NaN,NaN,NaN,NaN,NaN,NaN,NaN,NaN,NaN,NaN,1,0,0,0,0,NaN,NaN,0.21765063773141,NaN,NaN,NaN,2.3590669913428406,2.3239994738,NaN,NaN,NaN,NaN,NaN,NaN,NaN,NaN,NaN,NaN,1
2024-07-19T15:59:00-04:00,2.2982790999794207,2.33,2.2982790999794207,2.33,2.3039581751894316,2.338802745788176,2.2978422642709493,0,0,19713,19802,0,0,0,0,NaN,NaN,0.01130362686966353,NaN,NaN,NaN,2.3590669913428406,2.3239994738,NaN,NaN,NaN,NaN,NaN,NaN,NaN,NaN,NaN,NaN,1,0,0,0,0,NaN,NaN,0.01130362686966353,NaN,NaN,NaN,2.3590669913428406,2.3239994738,NaN,NaN,NaN,NaN,NaN,NaN,NaN,NaN,NaN,NaN,1
2024-07-19T16:00:00-04:00,2.3141395499897106,2.3141395499897106,2.3,2.3,2.3032385069731713,2.338210337455532,2.2978957977981085,0,0,19713,19803,0,0,0,0,NaN,NaN,0.008936319912215855,NaN,NaN,NaN,2.3590669913428406,2.3239994738,NaN,NaN,NaN,NaN,NaN,NaN,NaN,NaN,NaN,NaN,1,0,0,0,0,NaN,NaN,0.008936319912215855,NaN,NaN,NaN,2.3590669913428406,2.3239994738,NaN,NaN,NaN,NaN,NaN,NaN,NaN,NaN,NaN,NaN,1
2024-07-22T10:27:00-04:00,2.307069774994855,2.34,2.307069774994855,2.34,2.309922414796231,2.338237660547814,2.34,0,0,19713,19804,0,0,0,0,NaN,NaN,0.10280593429180596,NaN,NaN,NaN,2.3590669913428406,2.3239994738,NaN,NaN,NaN,NaN,NaN,NaN,NaN,NaN,NaN,NaN,1,0,0,0,0,NaN,NaN,0.10280593429180596,NaN,NaN,NaN,2.3590669913428406,2.3239994738,NaN,NaN,NaN,NaN,NaN,NaN,NaN,NaN,NaN,NaN,1
2024-07-22T13:27:00-04:00,2.3235348874974275,2.3235348874974275,2.31,2.31,2.3099365211969163,2.3378065512264734,2.3314285714285714,0,0,19713,19805,0,0,0,0,NaN,NaN,0.15520848311559615,NaN,NaN,NaN,2.3590669913428406,2.3239994738,NaN,NaN,NaN,NaN,NaN,NaN,NaN,NaN,NaN,NaN,1,0,0,0,0,NaN,NaN,0.15520848311559615,NaN,NaN,NaN,2.3590669913428406,2.3239994738,NaN,NaN,NaN,NaN,NaN,NaN,NaN,NaN,NaN,NaN,1
2024-07-22T13:50:00-04:00,2.316767443748714,2.316767443748714,2.31,2.31,2.309948062797477,2.337382023726833,2.3147892720306515,0,0,19713,19806,0,0,0,0,NaN,NaN,0.5946820485176454,NaN,NaN,NaN,2.3590669913428406,2.3239994738,NaN,NaN,NaN,NaN,NaN,NaN,NaN,NaN,NaN,NaN,1,0,0,0,0,NaN,NaN,0.5946820485176454,NaN,NaN,NaN,2.3590669913428406,2.3239994738,NaN,NaN,NaN,NaN,NaN,NaN,NaN,NaN,NaN,NaN,1
2024-07-22T16:00:00-04:00,2.3133837218743567,2.33,2.3133837218743567,2.33,2.313593869561572,2.3372693210745146,2.3163885714285715,0,0,19713,19807,0,0,0,0,NaN,NaN,0.9414093203513937,NaN,NaN,NaN,2.3590669913428406,2.3239994738,NaN,NaN,NaN,NaN,NaN,NaN,NaN,NaN,NaN,NaN,1,0,0,0,0,NaN,NaN,0.9414093203513937,NaN,NaN,NaN,2.3590669913428406,2.3239994738,NaN,NaN,NaN,NaN,NaN,NaN,NaN,NaN,NaN,NaN,1
2024-07-23T09:30:00-04:00,2.3216918609371784,2.3216918609371784,2.3,2.3,2.3111222569140133,2.3367003238062014,2.3,0,0,19713,19808,0,0,0,0,NaN,NaN,1.427625963073528,NaN,NaN,NaN,2.3590669913428406,2.3239994738,NaN,NaN,NaN,NaN,NaN,NaN,NaN,NaN,NaN,NaN,1,0,0,0,0,NaN,NaN,1.427625963073528,NaN,NaN,NaN,2.3590669913428406,2.3239994738,NaN,NaN,NaN,NaN,NaN,NaN,NaN,NaN,NaN,NaN,1
2024-07-23T09:37:00-04:00,2.310845930468589,2.310845930468589,2.3,2.3,2.3091000283841927,2.336140013519084,2.3,0,0,19713,19809,0,0,0,0,NaN,NaN,1.5145348454817353,NaN,NaN,NaN,2.3590669913428406,2.3239994738,NaN,NaN,NaN,NaN,NaN,NaN,NaN,NaN,NaN,NaN,1,0,0,0,0,NaN,NaN,1.5145348454817353,NaN,NaN,NaN,2.3590669913428406,2.3239994738,NaN,NaN,NaN,NaN,NaN,NaN,NaN,NaN,NaN,NaN,1
2024-07-23T10:10:00-04:00,2.3054229652342944,2.3054229652342944,2.3,2.3,2.307445477768885,2.335588257587495,2.3,0,0,19713,19810,0,0,0,0,NaN,NaN,0.9550305879005218,NaN,NaN,NaN,2.3590669913428406,2.3239994738,NaN,NaN,NaN,NaN,NaN,NaN,NaN,NaN,NaN,NaN,1,0,0,0,0,NaN,NaN,0.9550305879005218,NaN,NaN,NaN,2.3590669913428406,2.3239994738,NaN,NaN,NaN,NaN,NaN,NaN,NaN,NaN,NaN,NaN,1
2024-07-23T10:14:00-04:00,2.302711482617147,2.302711482617147,2.2659,2.2659,2.2998917545381783,2.3345243147235637,2.294685162094763,0,1,19713,19811,0,0,0,0,NaN,NaN,0.3606512738547446,NaN,NaN,NaN,2.3590669913428406,2.3239994738,NaN,NaN,NaN,NaN,NaN,NaN,NaN,NaN,NaN,NaN,1,0,0,0,0,NaN,NaN,0.3606512738547446,NaN,NaN,NaN,2.3590669913428406,2.3239994738,NaN,NaN,NaN,NaN,NaN,NaN,NaN,NaN,NaN,NaN,1
2024-07-23T10:19:00-04:00,2.2843057413085734,2.2843057413085734,2.275,2.275,2.2953659809857823,2.3336155465598454,2.2935299295774647,0,0,19713,19812,0,0,0,0,NaN,NaN,0.1385451630046938,NaN,NaN,NaN,2.3590669913428406,2.3239994738,NaN,NaN,NaN,NaN,NaN,NaN,NaN,NaN,NaN,NaN,1,0,0,0,0,NaN,NaN,0.1385451630046938,NaN,NaN,NaN,2.3590669913428406,2.3239994738,NaN,NaN,NaN,NaN,NaN,NaN,NaN,NaN,NaN,NaN,1
2024-07-23T10:28:00-04:00,2.279652870654287,2.279652870654287,2.275,2.275,2.2916630753520035,2.332720652719237,2.292502771618625,0,0,19713,19813,0,0,0,0,NaN,NaN,0.000016004965918023583,NaN,NaN,NaN,2.3590669913428406,2.3239994738,NaN,NaN,NaN,NaN,NaN,NaN,NaN,NaN,NaN,NaN,1,0,0,0,0,NaN,NaN,0.000016004965918023583,NaN,NaN,NaN,2.3590669913428406,2.3239994738,NaN,NaN,NaN,NaN,NaN,NaN,NaN,NaN,NaN,NaN,1
2024-07-23T10:37:00-04:00,2.2773264353271436,2.2773264353271436,2.275,2.275,2.288633425288003,2.331839421380012,2.291583508403361,0,0,19713,19814,0,0,0,0,NaN,NaN,0.04707904487096733,NaN,NaN,NaN,2.3590669913428406,2.3239994738,NaN,NaN,NaN,NaN,NaN,NaN,NaN,NaN,NaN,NaN,1,0,0,0,0,NaN,NaN,0.04707904487096733,NaN,NaN,NaN,2.3590669913428406,2.3239994738,NaN,NaN,NaN,NaN,NaN,NaN,NaN,NaN,NaN,NaN,1
2024-07-23T10:56:00-04:00,2.276163217663572,2.3,2.276163217663572,2.3,2.290700075235639,2.3313533233436763,2.2922434656340753,0,0,19713,19815,0,0,0,0,NaN,NaN,0.08434120578578826,NaN,NaN,NaN,2.3590669913428406,2.3239994738,NaN,NaN,NaN,NaN,NaN,NaN,NaN,NaN,NaN,NaN,1,0,0,0,0,NaN,NaN,0.08434120578578826,NaN,NaN,NaN,2.3590669913428406,2.3239994738,NaN,NaN,NaN,NaN,NaN,NaN,NaN,NaN,NaN,NaN,1
2024-07-23T10:58:00-04:00,2.288081608831786,2.288081608831786,2.268,2.268,2.286572788829159,2.330386097033086,2.2889920368818104,0,1,19713,19816,0,0,0,0,NaN,NaN,0.29636321111799546,NaN,NaN,NaN,2.3590669913428406,2.3239994738,NaN,NaN,NaN,NaN,NaN,NaN,NaN,NaN,NaN,NaN,1,0,0,0,0,NaN,NaN,0.29636321111799546,NaN,NaN,NaN,2.3590669913428406,2.3239994738,NaN,NaN,NaN,NaN,NaN,NaN,NaN,NaN,NaN,NaN,1
2024-07-23T11:15:00-04:00,2.278040804415893,2.3,2.278040804415893,2.3,2.28901409995113,2.329922187154718,2.289434835076428,0,0,19713,19817,0,0,0,0,NaN,NaN,0.3748730524222711,NaN,NaN,NaN,2.3590669913428406,2.3239994738,NaN,NaN,NaN,NaN,NaN,NaN,NaN,NaN,NaN,NaN,1,0,0,0,0,NaN,NaN,0.3748730524222711,NaN,NaN,NaN,2.3590669913428406,2.3239994738,NaN,NaN,NaN,NaN,NaN,NaN,NaN,NaN,NaN,NaN,1
2024-07-23T11:34:00-04:00,2.2890204022079463,2.3,2.2890204022079463,2.3,2.291011536323652,2.3294653598699133,2.289990472560975,0,0,19713,19818,0,0,0,0,NaN,NaN,0.46259726713944244,NaN,NaN,NaN,2.3590669913428406,2.3239994738,NaN,NaN,NaN,NaN,NaN,NaN,NaN,NaN,NaN,NaN,1,0,0,0,0,NaN,NaN,0.46259726713944244,NaN,NaN,NaN,2.3590669913428406,2.3239994738,NaN,NaN,NaN,NaN,NaN,NaN,NaN,NaN,NaN,NaN,1
2024-07-23T11:46:00-04:00,2.2945102011039733,2.2945102011039733,2.25,2.25,2.2835548933557153,2.328252148268846,2.286511830201809,0,1,19713,19819,0,0,0,0,NaN,NaN,1.1658450993449743,NaN,NaN,NaN,2.3590669913428406,2.3239994738,NaN,NaN,NaN,NaN,NaN,NaN,NaN,NaN,NaN,NaN,1,0,0,0,0,NaN,NaN,1.1658450993449743,NaN,NaN,NaN,2.3590669913428406,2.3239994738,NaN,NaN,NaN,NaN,NaN,NaN,NaN,NaN,NaN,NaN,1
2024-07-23T12:05:00-04:00,2.2722551005519867,2.29,2.2722551005519867,2.2824999999999998,2.283363094563767,2.3275536421884055,2.2862508132726087,0,0,19713,19820,0,0,0,0,NaN,NaN,1.603264404211104,NaN,NaN,NaN,2.3590669913428406,2.3239994738,NaN,NaN,NaN,NaN,NaN,NaN,NaN,NaN,NaN,NaN,1,0,0,0,0,NaN,NaN,1.603264404211104,NaN,NaN,NaN,2.3590669913428406,2.3239994738,NaN,NaN,NaN,NaN,NaN,NaN,NaN,NaN,NaN,NaN,1
2024-07-23T12:25:00-04:00,2.277377550275993,2.277377550275993,2.275,2.275,2.2818425319158093,2.32675129650614,2.2855635308491142,0,0,19713,19821,0,0,0,0,NaN,NaN,2.2201239163249706,NaN,NaN,NaN,2.3590669913428406,2.3239994738,NaN,NaN,NaN,NaN,NaN,NaN,NaN,NaN,NaN,NaN,1,0,0,0,0,NaN,NaN,2.2201239163249706,NaN,NaN,NaN,2.3590669913428406,2.3239994738,NaN,NaN,NaN,NaN,NaN,NaN,NaN,NaN,NaN,NaN,1
2024-07-23T12:34:00-04:00,2.276188775137997,2.276188775137997,2.275,2.275,2.280598435203844,2.325961200376275,2.2852504445761705,0,0,19713,19822,0,0,0,0,NaN,NaN,2.8228070530826623,NaN,NaN,NaN,2.3590669913428406,2.3239994738,NaN,NaN,NaN,NaN,NaN,NaN,NaN,NaN,NaN,NaN,1,0,0,0,0,NaN,NaN,2.8228070530826623,NaN,NaN,NaN,2.3590669913428406,2.3239994738,NaN,NaN,NaN,NaN,NaN,NaN,NaN,NaN,NaN,NaN,1
2024-07-23T12:54:00-04:00,2.275594387568998,2.275594387568998,2.275,2.275,2.2795805378940543,2.325183166782744,2.28467683268047,0,0,19713,19823,0,0,0,0,NaN,NaN,3.5885912641702307,NaN,NaN,NaN,2.3590669913428406,2.3239994738,NaN,NaN,NaN,NaN,NaN,NaN,NaN,NaN,NaN,NaN,1,0,0,0,0,NaN,NaN,3.5885912641702307,NaN,NaN,NaN,2.3590669913428406,2.3239994738,NaN,NaN,NaN,NaN,NaN,NaN,NaN,NaN,NaN,NaN,1
2024-07-23T13:04:00-04:00,2.275297193784499,2.275297193784499,2.275,2.275,2.2787477128224083,2.324417011564687,2.2844134458356016,0,0,19713,19824,0,0,0,0,NaN,NaN,4.306376622089836,NaN,NaN,NaN,2.3590669913428406,2.3239994738,NaN,NaN,NaN,NaN,NaN,NaN,NaN,NaN,NaN,NaN,1,0,0,0,0,NaN,NaN,4.306376622089836,NaN,NaN,NaN,2.3590669913428406,2.3239994738,NaN,NaN,NaN,NaN,NaN,NaN,NaN,NaN,NaN,NaN,1
2024-07-23T13:13:00-04:00,2.275148596892249,2.275148596892249,2.275,2.275,2.2780663104910612,2.3236625533728597,2.2841640169581345,0,0,19713,19825,0,0,0,0,NaN,NaN,5.067580714066933,NaN,NaN,NaN,2.3590669913428406,2.3239994738,NaN,NaN,NaN,NaN,NaN,NaN,NaN,NaN,NaN,NaN,1,0,0,0,0,NaN,NaN,5.067580714066933,NaN,NaN,NaN,2.3590669913428406,2.3239994738,NaN,NaN,NaN,NaN,NaN,NaN,NaN,NaN,NaN,NaN,1
2024-07-23T13:24:00-04:00,2.2750742984461247,2.2750742984461247,2.25,2.25,2.272963344947232,2.322537934237396,2.2832821373257612,0,1,19713,19826,0,0,0,0,NaN,NaN,6.4575181302191424,NaN,NaN,NaN,2.3590669913428406,2.3239994738,NaN,NaN,NaN,NaN,NaN,NaN,NaN,NaN,NaN,NaN,1,0,0,0,0,NaN,NaN,6.4575181302191424,NaN,NaN,NaN,2.3590669913428406,2.3239994738,NaN,NaN,NaN,NaN,NaN,NaN,NaN,NaN,NaN,NaN,1
2024-07-23T15:12:00-04:00,2.2625371492230624,2.2625371492230624,2.25,2.25,2.2687881913204624,2.3214304848597256,2.2808900335409676,0,0,19713,19827,0,0,0,0,NaN,NaN,7.9440973251517635,NaN,NaN,NaN,2.3590669913428406,2.3239994738,NaN,NaN,NaN,NaN,NaN,NaN,NaN,NaN,NaN,NaN,1,0,0,0,0,NaN,NaN,7.9440973251517635,NaN,NaN,NaN,2.3590669913428406,2.3239994738,NaN,NaN,NaN,NaN,NaN,NaN,NaN,NaN,NaN,NaN,1
2024-07-23T15:57:00-04:00,2.256268574611531,2.26,2.256268574611531,2.26,2.2671903383531053,2.320492614861867,2.2775301568154402,0,0,19713,19828,0,0,0,0,NaN,NaN,9.24270342248169,NaN,NaN,NaN,2.3590669913428406,2.3239994738,NaN,NaN,NaN,NaN,NaN,NaN,NaN,NaN,NaN,NaN,1,0,0,0,0,NaN,NaN,9.24270342248169,NaN,NaN,NaN,2.3590669913428406,2.3239994738,NaN,NaN,NaN,NaN,NaN,NaN,NaN,NaN,NaN,NaN,1
2024-07-23T15:58:00-04:00,2.2581342873057655,2.27,2.2581342873057655,2.27,2.267701185925268,2.3197217352456554,2.2773817500985416,0,0,19713,19829,0,0,0,0,NaN,NaN,10.292818124605294,NaN,NaN,NaN,2.3590669913428406,2.3239994738,NaN,NaN,NaN,NaN,NaN,NaN,NaN,NaN,NaN,NaN,1,0,0,0,0,NaN,NaN,10.292818124605294,NaN,NaN,NaN,2.3590669913428406,2.3239994738,NaN,NaN,NaN,NaN,NaN,NaN,NaN,NaN,NaN,NaN,1
2024-07-24T09:30:00-04:00,2.2640671436528828,2.2640671436528828,2.25,2.25,2.26448278848431,2.318657281272439,2.25,0,1,19713,19830,0,0,0,0,NaN,NaN,11.959702844874101,NaN,NaN,NaN,2.3590669913428406,2.3239994738,NaN,NaN,NaN,NaN,NaN,NaN,NaN,NaN,NaN,NaN,1,0,0,0,0,NaN,NaN,11.959702844874101,NaN,NaN,NaN,2.3590669913428406,2.3239994738,NaN,NaN,NaN,NaN,NaN,NaN,NaN,NaN,NaN,NaN,1
2024-07-24T10:07:00-04:00,2.257033571826441,2.275,2.25,2.2625,2.264122281487163,2.317799918199577,2.261062834224599,0,0,19713,19831,0,0,0,0,NaN,NaN,14.599312027989555,NaN,NaN,NaN,2.3590669913428406,2.3239994738,NaN,NaN,NaN,NaN,NaN,NaN,NaN,NaN,NaN,NaN,1,0,0,0,0,NaN,NaN,14.599312027989555,NaN,NaN,NaN,2.3590669913428406,2.3239994738,NaN,NaN,NaN,NaN,NaN,NaN,NaN,NaN,NaN,NaN,1
2024-07-24T10:12:00-04:00,2.2597667859132207,2.2597667859132207,2.25,2.25,2.2615545939440422,2.3167648049446217,2.2577578125000004,0,1,19713,19832,0,0,0,0,NaN,NaN,17.140875601376475,NaN,NaN,NaN,2.343905714479641,2.3239994738,NaN,NaN,NaN,NaN,NaN,NaN,NaN,NaN,NaN,NaN,1,0,0,0,0,NaN,NaN,17.140875601376475,NaN,NaN,NaN,2.343905714479641,2.3239994738,NaN,NaN,NaN,NaN,NaN,NaN,NaN,NaN,NaN,NaN,1
2024-07-24T11:21:00-04:00,2.2548833929566103,2.2548833929566103,2.16,2.16,2.2430901223178528,2.31437144914394,2.2520073529411766,0,0,19713,19833,0,0,0,0,NaN,NaN,21.381189725062328,NaN,NaN,NaN,2.2197468648817154,2.295519536944,NaN,NaN,NaN,NaN,NaN,NaN,NaN,NaN,NaN,NaN,1,0,0,0,0,NaN,NaN,21.381189725062328,NaN,NaN,NaN,2.2197468648817154,2.295519536944,NaN,NaN,NaN,NaN,NaN,NaN,NaN,NaN,NaN,NaN,1
2024-07-24T12:26:00-04:00,2.2074416964783055,2.2443,2.2074416964783055,2.2443,2.243310100078243,2.313301656027239,2.249152777777778,0,0,19713,19834,0,0,0,0,NaN,NaN,24.255873104937418,NaN,NaN,NaN,2.2197468648817154,2.295519536944,NaN,NaN,NaN,NaN,NaN,NaN,NaN,NaN,NaN,NaN,1,0,0,0,0,NaN,NaN,24.255873104937418,NaN,NaN,NaN,2.2197468648817154,2.295519536944,NaN,NaN,NaN,NaN,NaN,NaN,NaN,NaN,NaN,NaN,1
2024-07-24T12:29:00-04:00,2.2258708482391527,2.25,2.2258708482391527,2.24405,2.2434446273367445,2.312244378835983,2.246133081342607,0,0,19713,19835,0,0,0,0,NaN,NaN,26.867002583907873,NaN,NaN,NaN,2.2197468648817154,2.295519536944,NaN,NaN,NaN,NaN,NaN,NaN,NaN,NaN,NaN,NaN,1,0,0,0,0,NaN,NaN,26.867002583907873,NaN,NaN,NaN,2.2197468648817154,2.295519536944,NaN,NaN,NaN,NaN,NaN,NaN,NaN,NaN,NaN,NaN,1
2024-07-24T13:32:00-04:00,2.2349604241195764,2.2349604241195764,2.2,2.2,2.235545604184609,2.310530724197266,2.242890666291819,0,1,19713,19836,0,0,0,0,NaN,NaN,33.8775105905805,NaN,NaN,NaN,2.2197468648817154,2.295519536944,NaN,NaN,NaN,NaN,NaN,NaN,NaN,NaN,NaN,NaN,1,0,0,0,0,NaN,NaN,33.8775105905805,NaN,NaN,NaN,2.2197468648817154,2.295519536944,NaN,NaN,NaN,NaN,NaN,NaN,NaN,NaN,NaN,NaN,1
2024-07-24T13:36:00-04:00,2.2174802120597885,2.2174802120597885,2.2072,2.2072,2.2303918579692255,2.308953155888911,2.2417964572830087,0,0,19713,19837,0,0,0,0,NaN,NaN,37.74772351853108,NaN,NaN,NaN,2.2197468648817154,2.295519536944,NaN,NaN,NaN,NaN,NaN,NaN,NaN,NaN,NaN,NaN,1,0,0,0,0,NaN,NaN,37.74772351853108,NaN,NaN,NaN,2.2197468648817154,2.295519536944,NaN,NaN,NaN,NaN,NaN,NaN,NaN,NaN,NaN,NaN,1
2024-07-24T15:47:00-04:00,2.2123401060298944,2.24,2.2123401060298944,2.24,2.232138792883912,2.3079004359516757,2.2417036051169403,0,0,19713,19838,0,0,0,0,NaN,NaN,40.65155099236266,NaN,NaN,NaN,2.2197468648817154,2.295519536944,NaN,NaN,NaN,NaN,NaN,NaN,NaN,NaN,NaN,NaN,1,0,0,0,0,NaN,NaN,40.65155099236266,NaN,NaN,NaN,2.2197468648817154,2.295519536944,NaN,NaN,NaN,NaN,NaN,NaN,NaN,NaN,NaN,NaN,1
2024-07-25T10:20:00-04:00,2.2261700530149473,2.2499,2.21,2.2299499999999997,2.231740830541382,2.3067103529600472,2.2299499999999997,0,0,19713,19839,0,0,0,0,NaN,NaN,43.89213512066906,NaN,NaN,NaN,2.2197468648817154,2.295519536944,NaN,NaN,NaN,NaN,NaN,NaN,NaN,NaN,NaN,NaN,1,0,0,0,0,NaN,NaN,43.89213512066906,NaN,NaN,NaN,2.2197468648817154,2.295519536944,NaN,NaN,NaN,NaN,NaN,NaN,NaN,NaN,NaN,NaN,1
2024-07-25T11:57:00-04:00,2.2280600265074737,2.2280600265074737,2.22,2.22,2.2296061340793125,2.3053865307774513,2.227653846153846,0,0,19713,19840,0,0,0,0,NaN,NaN,46.7815080313047,NaN,NaN,NaN,2.2197468648817154,2.295519536944,NaN,NaN,NaN,NaN,NaN,NaN,NaN,NaN,NaN,NaN,1,0,0,0,0,NaN,NaN,46.7815080313047,NaN,NaN,NaN,2.2197468648817154,2.295519536944,NaN,NaN,NaN,NaN,NaN,NaN,NaN,NaN,NaN,NaN,1
2024-07-25T12:46:00-04:00,2.2240300132537367,2.2379,2.2240300132537367,2.2379,2.2311141097012555,2.3043562020632917,2.22865,0,0,19713,19841,0,0,0,0,NaN,NaN,49.02192107620139,NaN,NaN,NaN,2.2197468648817154,2.295519536944,NaN,NaN,NaN,NaN,NaN,NaN,NaN,NaN,NaN,NaN,1,0,0,0,0,NaN,NaN,49.02192107620139,NaN,NaN,NaN,2.2197468648817154,2.295519536944,NaN,NaN,NaN,NaN,NaN,NaN,NaN,NaN,NaN,NaN,1
2024-07-25T14:17:00-04:00,2.2309650066268683,2.2309650066268683,2.22,2.22,2.2290933624828453,2.3030683211157608,2.2280883116883117,0,0,19713,19842,0,0,0,0,NaN,NaN,51.78935827362964,NaN,NaN,NaN,2.2197468648817154,2.295519536944,NaN,NaN,NaN,NaN,NaN,NaN,NaN,NaN,NaN,NaN,1,0,0,0,0,NaN,NaN,51.78935827362964,NaN,NaN,NaN,2.2197468648817154,2.295519536944,NaN,NaN,NaN,NaN,NaN,NaN,NaN,NaN,NaN,NaN,1
2024-07-25T14:53:00-04:00,2.225482503313434,2.225482503313434,2.22,2.22,2.2274400238496006,2.301800102472772,2.2267366143861547,0,0,19713,19843,0,0,0,0,NaN,NaN,50.932537728549384,NaN,NaN,NaN,2.2197468648817154,2.295519536944,NaN,NaN,NaN,NaN,NaN,NaN,NaN,NaN,NaN,NaN,1,0,0,0,0,NaN,NaN,50.932537728549384,NaN,NaN,NaN,2.2197468648817154,2.295519536944,NaN,NaN,NaN,NaN,NaN,NaN,NaN,NaN,NaN,NaN,1
2024-07-25T14:56:00-04:00,2.222741251656717,2.222741251656717,2.21,2.21035,2.224332746786037,2.3004039177021953,2.2232541098807497,0,0,19713,19844,0,0,0,0,NaN,NaN,51.462642068018496,NaN,NaN,NaN,2.2197468648817154,2.295519536944,NaN,NaN,NaN,NaN,NaN,NaN,NaN,NaN,NaN,NaN,1,0,0,0,0,NaN,NaN,51.462642068018496,NaN,NaN,NaN,2.2197468648817154,2.295519536944,NaN,NaN,NaN,NaN,NaN,NaN,NaN,NaN,NaN,NaN,1
2024-07-25T15:12:00-04:00,2.2165456258283585,2.2165456258283585,2.17,2.175,2.215363156461303,2.2984893540731544,2.2052296291355384,0,1,19713,19845,0,0,0,0,NaN,NaN,52.4449486299321,NaN,NaN,NaN,2.2197468648817154,2.295519536944,NaN,NaN,NaN,NaN,NaN,NaN,NaN,NaN,NaN,NaN,1,0,0,0,0,NaN,NaN,52.4449486299321,NaN,NaN,NaN,2.2197468648817154,2.295519536944,NaN,NaN,NaN,NaN,NaN,NaN,NaN,NaN,NaN,NaN,1
2024-07-25T15:19:00-04:00,2.1957728129141794,2.1957728129141794,2.16,2.165,2.206206218922884,2.2964513486674574,2.1981531772207563,0,0,19713,19846,0,0,0,0,NaN,NaN,52.6209452431499,NaN,NaN,NaN,2.2197468648817154,2.295519536944,NaN,NaN,NaN,NaN,NaN,NaN,NaN,NaN,NaN,NaN,1,0,0,0,0,NaN,NaN,52.6209452431499,NaN,NaN,NaN,2.2197468648817154,2.295519536944,NaN,NaN,NaN,NaN,NaN,NaN,NaN,NaN,NaN,NaN,1
2024-07-25T15:33:00-04:00,2.1803864064570897,2.1803864064570897,2.17,2.17,2.199623270027814,2.2945207937259693,2.1918947759917917,0,0,19713,19847,0,0,0,0,NaN,NaN,52.924570178325816,NaN,NaN,NaN,2.2197468648817154,2.295519536944,NaN,NaN,NaN,NaN,NaN,NaN,NaN,NaN,NaN,NaN,1,0,0,0,0,NaN,NaN,52.924570178325816,NaN,NaN,NaN,2.2197468648817154,2.295519536944,NaN,NaN,NaN,NaN,NaN,NaN,NaN,NaN,NaN,NaN,1
2024-07-25T15:42:00-04:00,2.175193203228545,2.175193203228545,2.16,2.164825,2.193296311840939,2.292540705272138,2.18863728188929,0,0,19713,19848,0,0,0,0,NaN,NaN,53.09221826682805,NaN,NaN,NaN,2.2197468648817154,2.295519536944,NaN,NaN,NaN,NaN,NaN,NaN,NaN,NaN,NaN,NaN,1,0,0,0,0,NaN,NaN,53.09221826682805,NaN,NaN,NaN,2.2197468648817154,2.295519536944,NaN,NaN,NaN,NaN,NaN,NaN,NaN,NaN,NaN,NaN,1
2024-07-25T15:58:00-04:00,2.1700091016142724,2.1700091016142724,2.16,2.165,2.1881515278698593,2.290593518932105,2.184949301764631,0,0,19713,19849,0,0,0,0,NaN,NaN,55.171889344687074,NaN,NaN,NaN,2.2197468648817154,2.295519536944,NaN,NaN,NaN,NaN,NaN,NaN,NaN,NaN,NaN,NaN,1,0,0,0,0,NaN,NaN,55.171889344687074,NaN,NaN,NaN,2.2197468648817154,2.295519536944,NaN,NaN,NaN,NaN,NaN,NaN,NaN,NaN,NaN,NaN,1
2024-07-26T11:13:00-04:00,2.167504550807136,2.1701,2.167504550807136,2.170025,2.184855795529885,2.2887527781850503,2.170025,0,0,19713,19850,0,0,0,0,NaN,NaN,57.15219517503307,NaN,NaN,NaN,2.2197468648817154,2.295519536944,NaN,NaN,NaN,NaN,NaN,NaN,NaN,NaN,NaN,NaN,1,0,0,0,0,NaN,NaN,57.15219517503307,NaN,NaN,NaN,2.2197468648817154,2.295519536944,NaN,NaN,NaN,NaN,NaN,NaN,NaN,NaN,NaN,NaN,1
2024-07-26T11:25:00-04:00,2.168764775403568,2.17,2.168764775403568,2.17,2.1821547417971785,2.286939758670775,2.1700173254281947,0,0,19713,19851,0,0,0,0,NaN,NaN,71.67830702122501,NaN,NaN,NaN,2.2197468648817154,2.295519536944,NaN,NaN,NaN,NaN,NaN,NaN,NaN,NaN,NaN,NaN,1,0,0,0,0,NaN,NaN,71.67830702122501,NaN,NaN,NaN,2.2197468648817154,2.295519536944,NaN,NaN,NaN,NaN,NaN,NaN,NaN,NaN,NaN,NaN,1
2024-07-26T13:28:00-04:00,2.169382387701784,2.169382387701784,2.135,2.135,2.1735811523795094,2.284620067698702,2.1600974032105755,0,1,19713,19852,0,0,0,0,NaN,NaN,73.34442176109928,NaN,NaN,NaN,2.2197468648817154,2.2608166064023996,NaN,NaN,NaN,NaN,NaN,NaN,NaN,NaN,NaN,NaN,1,0,0,0,0,NaN,NaN,73.34442176109928,NaN,NaN,NaN,2.2197468648817154,2.2608166064023996,NaN,NaN,NaN,NaN,NaN,NaN,NaN,NaN,NaN,NaN,1
2024-07-26T15:20:00-04:00,2.152191193850892,2.152191193850892,2.0514,2.0757000000000003,2.1557845792195987,2.2814304483445236,2.1192984634146343,0,0,19713,19853,0,0,0,0,NaN,NaN,72.35634752151199,NaN,NaN,NaN,2.2197468648817154,2.2031826172499684,NaN,NaN,NaN,NaN,NaN,NaN,NaN,NaN,NaN,NaN,1,0,0,0,0,NaN,NaN,72.35634752151199,NaN,NaN,NaN,2.2197468648817154,2.2031826172499684,NaN,NaN,NaN,NaN,NaN,NaN,NaN,NaN,NaN,NaN,1
2024-07-26T19:34:00-04:00,2.113945596925446,2.113945596925446,2.09,2.09,2.143823746634217,2.2785078460797217,2.1096988684814693,0,0,19713,19854,0,0,0,0,NaN,NaN,72.95639837259176,NaN,NaN,NaN,2.2197468648817154,2.2031826172499684,NaN,NaN,NaN,NaN,NaN,NaN,NaN,NaN,NaN,NaN,1,0,0,0,0,NaN,NaN,72.95639837259176,NaN,NaN,NaN,2.2197468648817154,2.2031826172499684,NaN,NaN,NaN,NaN,NaN,NaN,NaN,NaN,NaN,NaN,1
2024-07-29T09:21:00-04:00,2.101972798462723,2.101972798462723,2.05,2.0549999999999997,2.127673974518905,2.275095512551787,2.0549999999999997,0,0,19713,19855,0,0,0,0,NaN,NaN,72.7202461021359,NaN,NaN,NaN,2.122170315860101,2.1638877676274744,NaN,NaN,NaN,NaN,NaN,NaN,NaN,NaN,NaN,NaN,1,0,0,0,0,NaN,NaN,72.7202461021359,NaN,NaN,NaN,2.122170315860101,2.1638877676274744,NaN,NaN,NaN,NaN,NaN,NaN,NaN,NaN,NaN,NaN,1
2024-07-29T09:30:00-04:00,2.0784863992313616,2.14,2.0784863992313616,2.14,2.129915070060922,2.2730329856425997,2.072174657534246,0,0,19713,19856,0,0,0,0,NaN,NaN,74.57145289174068,NaN,NaN,NaN,2.122170315860101,2.1638877676274744,NaN,NaN,NaN,NaN,NaN,NaN,NaN,NaN,NaN,NaN,1,0,0,0,0,NaN,NaN,74.57145289174068,NaN,NaN,NaN,2.122170315860101,2.1638877676274744,NaN,NaN,NaN,NaN,NaN,NaN,NaN,NaN,NaN,NaN,1
2024-07-29T11:22:00-04:00,2.1092431996156806,2.2,2.1092431996156806,2.2,2.1426577845952997,2.271917978228209,2.0982970027247956,0,0,19713,19857,0,0,0,0,NaN,NaN,74.04666856433371,NaN,NaN,NaN,2.122170315860101,2.1638877676274744,NaN,NaN,NaN,NaN,NaN,NaN,NaN,NaN,NaN,NaN,1,0,0,0,0,NaN,NaN,74.04666856433371,NaN,NaN,NaN,2.122170315860101,2.1638877676274744,NaN,NaN,NaN,NaN,NaN,NaN,NaN,NaN,NaN,NaN,1
2024-07-29T12:09:00-04:00,2.1546215998078404,2.2,2.1546215998078404,2.2,2.153083641941609,2.270819993827778,2.110491606714628,0,0,19713,19858,0,0,0,0,NaN,NaN,73.33476348437569,NaN,NaN,NaN,2.122170315860101,2.1638877676274744,NaN,NaN,NaN,NaN,NaN,NaN,NaN,NaN,NaN,NaN,1,0,0,0,0,NaN,NaN,73.33476348437569,NaN,NaN,NaN,2.122170315860101,2.1638877676274744,NaN,NaN,NaN,NaN,NaN,NaN,NaN,NaN,NaN,NaN,1
2024-07-29T15:27:00-04:00,2.1773107999039203,2.25,2.1773107999039203,2.25,2.1707047979522254,2.270502131326591,2.142764976958525,0,0,19713,19859,0,0,0,0,NaN,NaN,69.6420662243469,NaN,NaN,NaN,2.122170315860101,2.1638877676274744,NaN,NaN,NaN,NaN,NaN,NaN,NaN,NaN,NaN,NaN,1,0,0,0,0,NaN,NaN,69.6420662243469,NaN,NaN,NaN,2.122170315860101,2.1638877676274744,NaN,NaN,NaN,NaN,NaN,NaN,NaN,NaN,NaN,NaN,1
2024-07-29T15:28:00-04:00,2.21365539995196,2.2274,2.2,2.2137000000000002,2.178522107415457,2.269634923214735,2.171573836891078,0,0,19713,19860,0,0,0,0,NaN,NaN,69.62960170891378,NaN,NaN,NaN,2.122170315860101,2.1638877676274744,NaN,NaN,NaN,NaN,NaN,NaN,NaN,NaN,NaN,NaN,1,0,0,0,0,NaN,NaN,69.62960170891378,NaN,NaN,NaN,2.122170315860101,2.1638877676274744,NaN,NaN,NaN,NaN,NaN,NaN,NaN,NaN,NaN,NaN,1
2024-07-29T15:47:00-04:00,2.21367769997598,2.21367769997598,2.2,2.2,2.1824271787944647,2.2685717946160366,2.1730489880643487,0,0,19713,19861,0,0,0,0,NaN,NaN,69.37509662418573,NaN,NaN,NaN,2.122170315860101,2.1638877676274744,NaN,NaN,NaN,NaN,NaN,NaN,NaN,NaN,NaN,NaN,1,0,0,0,0,NaN,NaN,69.37509662418573,NaN,NaN,NaN,2.122170315860101,2.1638877676274744,NaN,NaN,NaN,NaN,NaN,NaN,NaN,NaN,NaN,NaN,1
2024-07-29T15:58:00-04:00,2.20683884998799,2.20683884998799,2.2,2.2,2.185622237195471,2.267524896988311,2.186727676974189,0,0,19713,19862,0,0,0,0,NaN,NaN,69.4155061958903,NaN,NaN,NaN,2.122170315860101,2.1638877676274744,NaN,NaN,NaN,NaN,NaN,NaN,NaN,NaN,NaN,NaN,1,0,0,0,0,NaN,NaN,69.4155061958903,NaN,NaN,NaN,2.122170315860101,2.1638877676274744,NaN,NaN,NaN,NaN,NaN,NaN,NaN,NaN,NaN,NaN,1
2024-07-30T10:29:00-04:00,2.203419424993995,2.203419424993995,2.192,2.192,2.1867818304326585,2.266371845125894,2.192,0,0,19713,19863,0,0,0,0,NaN,NaN,69.27253566334068,NaN,NaN,NaN,2.122170315860101,2.1638877676274744,NaN,NaN,NaN,NaN,NaN,NaN,NaN,NaN,NaN,NaN,1,0,0,0,0,NaN,NaN,69.27253566334068,NaN,NaN,NaN,2.122170315860101,2.1638877676274744,NaN,NaN,NaN,NaN,NaN,NaN,NaN,NaN,NaN,NaN,1
2024-07-30T15:40:00-04:00,2.1977097124969975,2.1977097124969975,2.1801,2.1801,2.185566952172175,2.265054717719392,2.1888684210526317,0,0,19713,19864,0,0,0,0,NaN,NaN,69.44362593093734,NaN,NaN,NaN,2.122170315860101,2.1638877676274744,NaN,NaN,NaN,NaN,NaN,NaN,NaN,NaN,NaN,NaN,1,0,0,0,0,NaN,NaN,69.44362593093734,NaN,NaN,NaN,2.122170315860101,2.1638877676274744,NaN,NaN,NaN,NaN,NaN,NaN,NaN,NaN,NaN,NaN,1
2024-07-30T15:43:00-04:00,2.1889048562484987,2.1889048562484987,2.18,2.18,2.1845547790499613,2.263756172410699,2.1874623560673165,0,0,19713,19865,0,0,0,0,NaN,NaN,69.50274532372563,NaN,NaN,NaN,2.122170315860101,2.1638877676274744,NaN,NaN,NaN,NaN,NaN,NaN,NaN,NaN,NaN,NaN,1,0,0,0,0,NaN,NaN,69.50274532372563,NaN,NaN,NaN,2.122170315860101,2.1638877676274744,NaN,NaN,NaN,NaN,NaN,NaN,NaN,NaN,NaN,NaN,1
2024-07-30T15:44:00-04:00,2.1844524281242492,2.1844524281242492,2.15,2.15,2.1782720919499683,2.262019436954047,2.153221494401706,0,0,19713,19866,0,0,0,0,NaN,NaN,70.2558729475253,NaN,NaN,NaN,2.122170315860101,2.1638877676274744,NaN,NaN,NaN,NaN,NaN,NaN,NaN,NaN,NaN,NaN,1,0,0,0,0,NaN,NaN,70.2558729475253,NaN,NaN,NaN,2.122170315860101,2.1638877676274744,NaN,NaN,NaN,NaN,NaN,NaN,NaN,NaN,NaN,NaN,1
2024-07-31T11:24:00-04:00,2.167226214062125,2.24,2.167226214062125,2.24,2.189495347959065,2.2616832623440617,2.24,0,0,19713,19867,0,0,0,0,NaN,NaN,67.03320140834063,NaN,NaN,NaN,2.122170315860101,2.1638877676274744,NaN,NaN,NaN,NaN,NaN,NaN,NaN,NaN,NaN,NaN,1,0,0,0,0,NaN,NaN,67.03320140834063,NaN,NaN,NaN,2.122170315860101,2.1638877676274744,NaN,NaN,NaN,NaN,NaN,NaN,NaN,NaN,NaN,NaN,1
2024-07-31T11:31:00-04:00,2.2036131070310625,2.27,2.2036131070310625,2.27,2.2041325574210533,2.2618102354380456,2.255,0,0,19713,19868,1,0,0,0,NaN,NaN,61.66041018999467,NaN,NaN,NaN,2.122170315860101,2.1638877676274744,NaN,NaN,NaN,NaN,NaN,NaN,NaN,NaN,NaN,NaN,1,1,0,0,0,NaN,NaN,61.66041018999467,NaN,NaN,NaN,2.122170315860101,2.1638877676274744,NaN,NaN,NaN,NaN,NaN,NaN,NaN,NaN,NaN,NaN,1
2024-07-31T13:55:00-04:00,2.2368065535155313,2.2797,2.2368065535155313,2.2797,2.217872092435407,2.262083361614564,2.2739691415313223,0,0,19713,19869,0,0,0,0,NaN,NaN,56.046776791038475,NaN,NaN,NaN,2.1589564485046524,2.194314,NaN,NaN,NaN,NaN,NaN,NaN,NaN,NaN,NaN,NaN,1,0,0,0,0,NaN,NaN,56.046776791038475,NaN,NaN,NaN,2.1589564485046524,2.194314,NaN,NaN,NaN,NaN,NaN,NaN,NaN,NaN,NaN,NaN,1
2024-07-31T13:57:00-04:00,2.258253276757766,2.2797,2.258253276757766,2.2797,2.2291135301744243,2.2623523179257923,2.276072980910426,0,0,19713,19870,0,0,0,0,NaN,NaN,50.40220218283703,NaN,NaN,NaN,2.219433694858425,2.194314,NaN,NaN,NaN,NaN,NaN,NaN,NaN,NaN,NaN,NaN,1,0,0,0,0,NaN,NaN,50.40220218283703,NaN,NaN,NaN,2.219433694858425,2.194314,NaN,NaN,NaN,NaN,NaN,NaN,NaN,NaN,NaN,NaN,1
2024-08-01T09:30:00-04:00,2.268976638378883,2.33,2.268976638378883,2.33,2.2474565246881655,2.263385106965093,2.33,0,0,19713,19871,0,0,0,0,NaN,NaN,41.56850546040697,NaN,NaN,NaN,2.269501071969948,2.2227800799999997,NaN,NaN,NaN,NaN,NaN,NaN,NaN,NaN,NaN,NaN,1,0,0,0,0,NaN,NaN,41.56850546040697,NaN,NaN,NaN,2.269501071969948,2.2227800799999997,NaN,NaN,NaN,NaN,NaN,NaN,NaN,NaN,NaN,NaN,1
2024-08-01T09:57:00-04:00,2.2994883191894413,2.45,2.2994883191894413,2.45,2.284282611108499,2.266234189301504,2.3671517027863778,0,0,19713,19872,0,0,0,0,NaN,NaN,25.082069081958934,NaN,NaN,NaN,2.388486589403006,2.2928132752,NaN,NaN,NaN,NaN,NaN,NaN,NaN,NaN,NaN,NaN,1,0,0,0,0,NaN,NaN,25.082069081958934,NaN,NaN,NaN,2.388486589403006,2.2928132752,NaN,NaN,NaN,NaN,NaN,NaN,NaN,NaN,NaN,NaN,1
2024-08-01T10:06:00-04:00,2.3747441595947207,2.3747441595947207,2.27,2.27,2.2816857727251354,2.266291682594611,2.33,0,0,19713,19873,0,0,0,0,NaN,NaN,22.008843048583334,NaN,NaN,NaN,2.3327808435440094,2.2928132752,NaN,NaN,NaN,NaN,NaN,NaN,NaN,NaN,NaN,NaN,1,0,0,0,0,NaN,NaN,22.008843048583334,NaN,NaN,NaN,2.3327808435440094,2.2928132752,NaN,NaN,NaN,NaN,NaN,NaN,NaN,NaN,NaN,NaN,1
2024-08-01T16:38:00-04:00,2.3223720797973604,2.35,2.3223720797973604,2.35,2.2941065413205655,2.267569672173319,2.3332102728731945,0,0,19713,19874,0,0,0,0,NaN,NaN,15.38925635865266,NaN,NaN,NaN,2.3327808435440094,2.2928132752,NaN,NaN,NaN,NaN,NaN,NaN,NaN,NaN,NaN,NaN,1,0,0,0,0,NaN,NaN,15.38925635865266,NaN,NaN,NaN,2.3327808435440094,2.2928132752,NaN,NaN,NaN,NaN,NaN,NaN,NaN,NaN,NaN,NaN,1
2024-08-02T11:07:00-04:00,2.3361860398986805,2.3361860398986805,2.2435,2.2435,2.2849053519895537,2.267202196262276,2.2435,0,0,19713,19875,0,0,0,0,NaN,NaN,13.7071601130591,NaN,NaN,NaN,2.3327808435440094,2.2928132752,NaN,NaN,NaN,NaN,NaN,NaN,NaN,NaN,NaN,NaN,1,0,0,0,0,NaN,NaN,13.7071601130591,NaN,NaN,NaN,2.3327808435440094,2.2928132752,NaN,NaN,NaN,NaN,NaN,NaN,NaN,NaN,NaN,NaN,1
2024-08-02T12:32:00-04:00,2.2898430199493403,2.2898430199493403,2.1325,2.1325,2.257195287991453,2.265145674181936,2.2064999999999997,0,0,19713,19876,0,0,0,0,NaN,NaN,13.71871471854976,NaN,NaN,NaN,2.3327808435440094,2.2769625,NaN,NaN,NaN,NaN,NaN,NaN,NaN,NaN,NaN,NaN,1,0,0,0,0,NaN,NaN,13.71871471854976,NaN,NaN,NaN,2.3327808435440094,2.2769625,NaN,NaN,NaN,NaN,NaN,NaN,NaN,NaN,NaN,NaN,1
2024-08-02T12:33:00-04:00,2.21117150997467,2.21117150997467,2.09,2.09,2.22679614472028,2.262471694423433,2.1773749999999996,0,0,19713,19877,0,0,0,0,NaN,NaN,14.893902489867425,NaN,NaN,NaN,2.1907976670278346,2.2507411250000002,NaN,NaN,NaN,NaN,NaN,NaN,NaN,NaN,NaN,NaN,1,0,0,0,0,NaN,NaN,14.893902489867425,NaN,NaN,NaN,2.1907976670278346,2.2507411250000002,NaN,NaN,NaN,NaN,NaN,NaN,NaN,NaN,NaN,NaN,1
2024-08-02T12:34:00-04:00,2.150585754987335,2.150585754987335,2.0801,2.08505,2.201024118407502,2.259762966264297,2.128497058823529,0,0,19713,19878,0,0,0,0,NaN,NaN,16.040456915984183,NaN,NaN,NaN,2.150915728829765,2.2384731575,NaN,NaN,NaN,NaN,NaN,NaN,NaN,NaN,NaN,NaN,1,0,0,0,0,NaN,NaN,16.040456915984183,NaN,NaN,NaN,2.150915728829765,2.2384731575,NaN,NaN,NaN,NaN,NaN,NaN,NaN,NaN,NaN,NaN,1
2024-08-02T12:42:00-04:00,2.1178178774936676,2.1178178774936676,2.0801,2.08505,2.1799379150606835,2.257095592733544,2.114594,0,0,19713,19879,0,0,0,0,NaN,NaN,16.691379348013587,NaN,NaN,NaN,2.150915728829765,2.2384731575,NaN,NaN,NaN,NaN,NaN,NaN,NaN,NaN,NaN,NaN,1,0,0,0,0,NaN,NaN,16.691379348013587,NaN,NaN,NaN,2.150915728829765,2.2384731575,NaN,NaN,NaN,NaN,NaN,NaN,NaN,NaN,NaN,NaN,1
2024-08-02T13:27:00-04:00,2.1014339387468337,2.1014339387468337,2.05,2.0705,2.1600401123223776,2.254246805058223,2.074995351113286,0,0,19713,19880,0,0,0,0,NaN,NaN,18.030198441557367,NaN,NaN,NaN,2.1364899627073646,2.216735323325,NaN,NaN,NaN,NaN,NaN,NaN,NaN,NaN,NaN,NaN,1,0,0,0,0,NaN,NaN,18.030198441557367,NaN,NaN,NaN,2.1364899627073646,2.216735323325,NaN,NaN,NaN,NaN,NaN,NaN,NaN,NaN,NaN,NaN,1
2024-08-02T13:50:00-04:00,2.085966969373417,2.085966969373417,2.05,2.05,2.140032819172854,2.251128533225273,2.0747931397136155,0,0,19713,19881,0,0,0,1,NaN,NaN,19.522268398024288,NaN,NaN,NaN,2.115971921669572,2.187707084526,NaN,NaN,NaN,NaN,NaN,NaN,NaN,NaN,NaN,NaN,1,0,0,0,1,NaN,NaN,19.522268398024288,NaN,NaN,NaN,2.115971921669572,2.187707084526,NaN,NaN,NaN,NaN,NaN,NaN,NaN,NaN,NaN,NaN,1
2024-08-02T14:50:00-04:00,2.0679834846867085,2.0679834846867085,2.05,2.05,2.1236632156868804,2.2480578685958794,2.0745941738223257,0,0,19713,19882,0,0,0,0,NaN,NaN,20.903649341655687,NaN,NaN,NaN,2.1157994175522323,2.187707084526,NaN,NaN,NaN,NaN,NaN,NaN,NaN,NaN,NaN,NaN,1,0,0,0,0,NaN,NaN,20.903649341655687,NaN,NaN,NaN,2.1157994175522323,2.187707084526,NaN,NaN,NaN,NaN,NaN,NaN,NaN,NaN,NaN,NaN,1
2024-08-02T15:01:00-04:00,2.058991742343354,2.058991742343354,2.05,2.05,2.110269903743811,2.245034084342507,2.0740159862079772,0,0,19713,19883,0,0,0,0,NaN,NaN,22.940508687232757,NaN,NaN,NaN,2.1155490982099763,2.187707084526,NaN,NaN,NaN,NaN,NaN,NaN,NaN,NaN,NaN,NaN,1,0,0,0,0,NaN,NaN,22.940508687232757,NaN,NaN,NaN,2.1155490982099763,2.187707084526,NaN,NaN,NaN,NaN,NaN,NaN,NaN,NaN,NaN,NaN,1
2024-08-02T15:02:00-04:00,2.054495871171677,2.054495871171677,2.035,2.0395000000000003,2.097402648517664,2.241896159390713,2.072966947800319,0,0,19713,19884,0,0,0,0,NaN,NaN,24.787599128657277,NaN,NaN,NaN,2.1048919415916774,2.1610135218471003,NaN,NaN,NaN,NaN,NaN,NaN,NaN,NaN,NaN,NaN,1,0,0,0,0,NaN,NaN,24.787599128657277,NaN,NaN,NaN,2.1048919415916774,2.1610135218471003,NaN,NaN,NaN,NaN,NaN,NaN,NaN,NaN,NaN,NaN,1
2024-08-02T15:03:00-04:00,2.0469979355858388,2.05,2.0469979355858388,2.04995,2.088774894241725,2.2389656836748246,2.0726224085023577,0,0,19713,19885,0,0,0,0,NaN,NaN,26.399531011906518,NaN,NaN,NaN,2.1048919415916774,2.1610135218471003,NaN,NaN,NaN,NaN,NaN,NaN,NaN,NaN,NaN,NaN,1,0,0,0,0,NaN,NaN,26.399531011906518,NaN,NaN,NaN,2.1048919415916774,2.1610135218471003,NaN,NaN,NaN,NaN,NaN,NaN,NaN,NaN,NaN,NaN,1
2024-08-02T15:04:00-04:00,2.048473967792919,2.05,2.048473967792919,2.05,2.0817249134705023,2.23608071140498,2.0722887692648038,0,0,19713,19886,0,0,0,0,NaN,NaN,27.90340394333461,NaN,NaN,NaN,2.1048919415916774,2.1610135218471003,NaN,NaN,NaN,NaN,NaN,NaN,NaN,NaN,NaN,NaN,1,0,0,0,0,NaN,NaN,27.90340394333461,NaN,NaN,NaN,2.1048919415916774,2.1610135218471003,NaN,NaN,NaN,NaN,NaN,NaN,NaN,NaN,NaN,NaN,1
2024-08-02T15:05:00-04:00,2.0492369838964595,2.05,2.0492369838964595,2.05,2.0759567473849563,2.233239784513301,2.07196482813749,0,0,19713,19887,0,0,0,0,NaN,NaN,28.769404557628746,NaN,NaN,NaN,2.1048919415916774,2.1610135218471003,NaN,NaN,NaN,NaN,NaN,NaN,NaN,NaN,NaN,NaN,1,0,0,0,0,NaN,NaN,28.769404557628746,NaN,NaN,NaN,2.1048919415916774,2.1610135218471003,NaN,NaN,NaN,NaN,NaN,NaN,NaN,NaN,NaN,NaN,1
2024-08-02T15:06:00-04:00,2.0496184919482294,2.05,2.0496184919482294,2.05,2.0712373387695098,2.230442230551266,2.0713443965821625,0,0,19713,19888,0,0,0,0,NaN,NaN,30.19921871552606,NaN,NaN,NaN,2.1048919415916774,2.1610135218471003,NaN,NaN,NaN,NaN,NaN,NaN,NaN,NaN,NaN,NaN,1,0,0,0,0,NaN,NaN,30.19921871552606,NaN,NaN,NaN,2.1048919415916774,2.1610135218471003,NaN,NaN,NaN,NaN,NaN,NaN,NaN,NaN,NaN,NaN,1
2024-08-02T15:07:00-04:00,2.0498092459741146,2.05,2.0498092459741146,2.05,2.0673760044477807,2.227687387336743,2.0709015973999034,0,0,19713,19889,0,0,0,0,NaN,NaN,30.85099962243687,NaN,NaN,NaN,2.1048919415916774,2.1610135218471003,NaN,NaN,NaN,NaN,NaN,NaN,NaN,NaN,NaN,NaN,1,0,0,0,0,NaN,NaN,30.85099962243687,NaN,NaN,NaN,2.1048919415916774,2.1610135218471003,NaN,NaN,NaN,NaN,NaN,NaN,NaN,NaN,NaN,NaN,1
2024-08-02T15:08:00-04:00,2.0499046229870572,2.05,2.0499046229870572,2.05,2.0642167309118205,2.224974602797251,2.070616465452561,0,0,19713,19890,0,0,0,0,NaN,NaN,31.387769069208787,NaN,NaN,NaN,2.1048919415916774,2.1610135218471003,NaN,NaN,NaN,NaN,NaN,NaN,NaN,NaN,NaN,NaN,1,0,0,0,0,NaN,NaN,31.387769069208787,NaN,NaN,NaN,2.1048919415916774,2.1610135218471003,NaN,NaN,NaN,NaN,NaN,NaN,NaN,NaN,NaN,NaN,1
2024-08-02T15:15:00-04:00,2.0499523114935285,2.0499523114935285,2.035,2.035,2.058904598018762,2.2220742271820257,2.070137137473925,0,0,19713,19891,0,0,0,0,NaN,NaN,33.07995376848646,NaN,NaN,NaN,2.1048919415916774,2.136486087914622,NaN,NaN,NaN,NaN,NaN,NaN,NaN,NaN,NaN,NaN,1,0,0,0,0,NaN,NaN,33.07995376848646,NaN,NaN,NaN,2.1048919415916774,2.136486087914622,NaN,NaN,NaN,NaN,NaN,NaN,NaN,NaN,NaN,NaN,1
2024-08-02T15:16:00-04:00,2.0424761557467646,2.05,2.0424761557467646,2.05,2.057285580197169,2.2194471397441324,2.0696093309743793,0,0,19713,19892,0,0,0,0,NaN,NaN,33.73559827710863,NaN,NaN,NaN,2.1048919415916774,2.136486087914622,NaN,NaN,NaN,NaN,NaN,NaN,NaN,NaN,NaN,NaN,1,0,0,0,0,NaN,NaN,33.73559827710863,NaN,NaN,NaN,2.1048919415916774,2.136486087914622,NaN,NaN,NaN,NaN,NaN,NaN,NaN,NaN,NaN,NaN,1
2024-08-02T15:17:00-04:00,2.046238077873382,2.05,2.035,2.0425,2.0545972928885927,2.2167456566946036,2.0692586507987842,0,0,19713,19893,0,0,0,0,NaN,NaN,34.54222967713578,NaN,NaN,NaN,2.1048919415916774,2.136486087914622,NaN,NaN,NaN,NaN,NaN,NaN,NaN,NaN,NaN,NaN,1,0,0,0,0,NaN,NaN,34.54222967713578,NaN,NaN,NaN,2.1048919415916774,2.136486087914622,NaN,NaN,NaN,NaN,NaN,NaN,NaN,NaN,NaN,NaN,1
2024-08-02T15:26:00-04:00,2.044369038936691,2.05,2.044369038936691,2.0475,2.0533068759997577,2.214161753538961,2.0689807802822298,0,0,19713,19894,0,0,0,0,NaN,NaN,35.15850064835856,NaN,NaN,NaN,2.1048919415916774,2.136486087914622,NaN,NaN,NaN,NaN,NaN,NaN,NaN,NaN,NaN,NaN,1,0,0,0,0,NaN,NaN,35.15850064835856,NaN,NaN,NaN,2.1048919415916774,2.136486087914622,NaN,NaN,NaN,NaN,NaN,NaN,NaN,NaN,NaN,NaN,1
2024-08-02T15:27:00-04:00,2.0459345194683456,2.05,2.0459345194683456,2.05,2.0527056258179837,2.211655467225389,2.068508063009775,0,0,19713,19895,0,0,0,0,NaN,NaN,35.62120354466617,NaN,NaN,NaN,2.1048919415916774,2.136486087914622,NaN,NaN,NaN,NaN,NaN,NaN,NaN,NaN,NaN,NaN,1,0,0,0,0,NaN,NaN,35.62120354466617,NaN,NaN,NaN,2.1048919415916774,2.136486087914622,NaN,NaN,NaN,NaN,NaN,NaN,NaN,NaN,NaN,NaN,1
2024-08-02T15:28:00-04:00,2.0479672597341727,2.05,2.0479672597341727,2.05,2.0522136938510775,2.2091874448250013,2.0682804255580836,0,0,19713,19896,0,0,0,0,NaN,NaN,35.97095083068899,NaN,NaN,NaN,2.1048919415916774,2.136486087914622,NaN,NaN,NaN,NaN,NaN,NaN,NaN,NaN,NaN,NaN,1,0,0,0,0,NaN,NaN,35.97095083068899,NaN,NaN,NaN,2.1048919415916774,2.136486087914622,NaN,NaN,NaN,NaN,NaN,NaN,NaN,NaN,NaN,NaN,1
2024-08-02T15:29:00-04:00,2.0489836298670863,2.05,2.0489836298670863,2.05,2.0518112040599723,2.206757102155917,2.0678415461256825,0,0,19713,19897,0,0,0,0,NaN,NaN,36.2076259418236,NaN,NaN,NaN,2.1048919415916774,2.136486087914622,NaN,NaN,NaN,NaN,NaN,NaN,NaN,NaN,NaN,NaN,1,0,0,0,0,NaN,NaN,36.2076259418236,NaN,NaN,NaN,2.1048919415916774,2.136486087914622,NaN,NaN,NaN,NaN,NaN,NaN,NaN,NaN,NaN,NaN,1
2024-08-02T15:30:00-04:00,2.049491814933543,2.05,2.049491814933543,2.05,2.0514818942308866,2.2043638639550633,2.0676299151888973,0,0,19713,19898,0,0,0,0,NaN,NaN,36.8384865861534,NaN,NaN,NaN,2.1048919415916774,2.136486087914622,NaN,NaN,NaN,NaN,NaN,NaN,NaN,NaN,NaN,NaN,1,0,0,0,0,NaN,NaN,36.8384865861534,NaN,NaN,NaN,2.1048919415916774,2.136486087914622,NaN,NaN,NaN,NaN,NaN,NaN,NaN,NaN,NaN,NaN,1
2024-08-02T15:31:00-04:00,2.0497459074667717,2.05,2.045,2.04875,2.0509851861889072,2.2019880797725433,2.067192399049881,0,0,19713,19899,0,0,0,0,NaN,NaN,37.38313050152069,NaN,NaN,NaN,2.1048919415916774,2.136486087914622,NaN,NaN,NaN,NaN,NaN,NaN,NaN,NaN,NaN,NaN,1,0,0,0,0,NaN,NaN,37.38313050152069,NaN,NaN,NaN,2.1048919415916774,2.136486087914622,NaN,NaN,NaN,NaN,NaN,NaN,NaN,NaN,NaN,NaN,1
2024-08-02T15:32:00-04:00,2.049247953733386,2.05,2.049247953733386,2.05,2.050806061427288,2.199667651073726,2.066995475631407,0,0,19713,19900,0,0,0,0,NaN,NaN,37.59040741535105,NaN,NaN,NaN,2.1048919415916774,2.136486087914622,NaN,NaN,NaN,NaN,NaN,NaN,NaN,NaN,NaN,NaN,1,0,0,0,0,NaN,NaN,37.59040741535105,NaN,NaN,NaN,2.1048919415916774,2.136486087914622,NaN,NaN,NaN,NaN,NaN,NaN,NaN,NaN,NaN,NaN,1
2024-08-02T15:33:00-04:00,2.049623976866693,2.05,2.049623976866693,2.05,2.0506595048041447,2.197382648767257,2.0666148591904148,0,0,19713,19901,0,0,0,0,NaN,NaN,37.496552228146015,NaN,NaN,NaN,2.1048919415916774,2.136486087914622,NaN,NaN,NaN,NaN,NaN,NaN,NaN,NaN,NaN,NaN,1,0,0,0,0,NaN,NaN,37.496552228146015,NaN,NaN,NaN,2.1048919415916774,2.136486087914622,NaN,NaN,NaN,NaN,NaN,NaN,NaN,NaN,NaN,NaN,1
2024-08-02T15:34:00-04:00,2.0498119884333463,2.05,2.0498119884333463,2.05,2.050539594839755,2.195132531992184,2.064691717411753,0,0,19713,19902,0,0,0,0,NaN,NaN,37.67496086624679,NaN,NaN,NaN,2.1048919415916774,2.136486087914622,NaN,NaN,NaN,NaN,NaN,NaN,NaN,NaN,NaN,NaN,1,0,0,0,0,NaN,NaN,37.67496086624679,NaN,NaN,NaN,2.1048919415916774,2.136486087914622,NaN,NaN,NaN,NaN,NaN,NaN,NaN,NaN,NaN,NaN,1
2024-08-02T15:40:00-04:00,2.0499059942166733,2.0499059942166733,2.02,2.0324999999999998,2.0472596685052538,2.1926495925724563,2.0637195362012672,0,0,19713,19903,0,0,0,0,NaN,NaN,37.81958728890869,NaN,NaN,NaN,2.1048919415916774,2.1136615094525513,NaN,NaN,NaN,NaN,NaN,NaN,NaN,NaN,NaN,NaN,1,0,0,0,0,NaN,NaN,37.81958728890869,NaN,NaN,NaN,2.1048919415916774,2.1136615094525513,NaN,NaN,NaN,NaN,NaN,NaN,NaN,NaN,NaN,NaN,1
2024-08-02T15:41:00-04:00,2.0412029971083365,2.0412029971083365,2.0388,2.0394,2.045830637867935,2.1903099041362357,2.0634882299790753,0,0,19713,19904,0,0,0,0,NaN,NaN,37.96387655354173,NaN,NaN,NaN,2.1048919415916774,2.1136615094525513,NaN,NaN,NaN,NaN,NaN,NaN,NaN,NaN,NaN,NaN,1,0,0,0,0,NaN,NaN,37.96387655354173,NaN,NaN,NaN,2.1048919415916774,2.1136615094525513,NaN,NaN,NaN,NaN,NaN,NaN,NaN,NaN,NaN,NaN,1
2024-08-02T15:44:00-04:00,2.040301498554168,2.040301498554168,2.03,2.035,2.0438614309828558,2.1879387605616367,2.0632198275862064,0,0,19713,19905,0,0,0,0,NaN,NaN,40.337149198550534,NaN,NaN,NaN,2.1048919415916774,2.1136615094525513,NaN,NaN,NaN,NaN,NaN,NaN,NaN,NaN,NaN,NaN,1,0,0,0,0,NaN,NaN,40.337149198550534,NaN,NaN,NaN,2.1048919415916774,2.1136615094525513,NaN,NaN,NaN,NaN,NaN,NaN,NaN,NaN,NaN,NaN,1
2024-08-02T15:57:00-04:00,2.037650749277084,2.037650749277084,2,2.01,2.037704807167791,2.185222138262986,2.053074214579838,0,0,19713,19906,0,0,0,0,NaN,NaN,40.920267175220005,NaN,NaN,NaN,2.1048919415916774,2.080232747183939,NaN,NaN,NaN,NaN,NaN,NaN,NaN,NaN,NaN,NaN,1,0,0,0,0,NaN,NaN,40.920267175220005,NaN,NaN,NaN,2.1048919415916774,2.080232747183939,NaN,NaN,NaN,NaN,NaN,NaN,NaN,NaN,NaN,NaN,1
2024-08-02T15:59:00-04:00,2.023825374638542,2.023825374638542,2,2,2.0308493876827383,2.1823943193582074,2.0528726261014887,0,0,19713,19907,0,0,0,0,NaN,NaN,41.54449782821396,NaN,NaN,NaN,2.1048919415916774,2.0549199054442755,NaN,NaN,NaN,NaN,NaN,NaN,NaN,NaN,NaN,NaN,1,0,0,0,0,NaN,NaN,41.54449782821396,NaN,NaN,NaN,2.1048919415916774,2.0549199054442755,NaN,NaN,NaN,NaN,NaN,NaN,NaN,NaN,NaN,NaN,1
2024-08-05T13:25:00-04:00,2.011912687319271,2.011912687319271,1.84,1.84,1.9961494990131494,2.1771669251695323,1.84,0,0,19713,19908,0,0,0,0,NaN,NaN,43.843873163755845,NaN,NaN,NaN,2.0169604975325615,1.9344439338109929,NaN,NaN,NaN,NaN,NaN,NaN,NaN,NaN,NaN,NaN,1,0,0,0,0,NaN,NaN,43.843873163755845,NaN,NaN,NaN,2.0169604975325615,1.9344439338109929,NaN,NaN,NaN,NaN,NaN,NaN,NaN,NaN,NaN,NaN,1
2024-08-05T13:32:00-04:00,1.9259563436596356,1.9259563436596356,1.84,1.84,1.9677586810107586,2.1720193385257227,1.8400000000000003,0,0,19713,19909,0,0,0,0,NaN,NaN,45.95602746992588,NaN,NaN,NaN,1.9015334836309132,1.9344439338109929,NaN,NaN,NaN,NaN,NaN,NaN,NaN,NaN,NaN,NaN,1,0,0,0,0,NaN,NaN,45.95602746992588,NaN,NaN,NaN,1.9015334836309132,1.9344439338109929,NaN,NaN,NaN,NaN,NaN,NaN,NaN,NaN,NaN,NaN,1
2024-08-05T14:04:00-04:00,1.882978171829818,1.882978171829818,1.75,1.75,1.9281661935542571,2.165576295189452,1.8222485207100594,0,0,19713,19910,0,0,0,0,NaN,NaN,46.94594944801668,NaN,NaN,NaN,1.8123893752162694,1.8434274356533653,NaN,NaN,NaN,NaN,NaN,NaN,NaN,NaN,NaN,NaN,1,0,0,0,0,NaN,NaN,46.94594944801668,NaN,NaN,NaN,1.8123893752162694,1.8434274356533653,NaN,NaN,NaN,NaN,NaN,NaN,NaN,NaN,NaN,NaN,1
2024-08-05T14:25:00-04:00,1.816489085914909,1.816489085914909,1.71,1.735,1.893045067453483,2.15900261129343,1.743257420197872,0,0,19713,19911,0,0,0,0,NaN,NaN,48.22773592616094,NaN,NaN,NaN,1.798009207841944,1.7995935588181537,NaN,NaN,NaN,NaN,NaN,NaN,NaN,NaN,NaN,NaN,1,0,0,0,0,NaN,NaN,48.22773592616094,NaN,NaN,NaN,1.798009207841944,1.7995935588181537,NaN,NaN,NaN,NaN,NaN,NaN,NaN,NaN,NaN,NaN,1
2024-08-05T14:27:00-04:00,1.7757445429574545,1.7757445429574545,1.68,1.685,1.85521869155285,2.1517659302049807,1.7322355077947633,0,0,19713,19912,0,0,0,0,NaN,NaN,49.493184300927574,NaN,NaN,NaN,1.7485319265536114,1.739652070879074,NaN,NaN,NaN,NaN,NaN,NaN,NaN,NaN,NaN,NaN,1,0,0,0,0,NaN,NaN,49.493184300927574,NaN,NaN,NaN,1.7485319265536114,1.739652070879074,NaN,NaN,NaN,NaN,NaN,NaN,NaN,NaN,NaN,NaN,1
2024-08-05T14:29:00-04:00,1.7303722714787273,1.75,1.71,1.7375,1.8338152930886953,2.1454412595148282,1.7331193324937029,0,0,19713,19913,0,0,0,0,NaN,NaN,50.90792268367175,NaN,NaN,NaN,1.7485319265536114,1.739652070879074,NaN,NaN,NaN,NaN,NaN,NaN,NaN,NaN,NaN,NaN,1,0,0,0,0,NaN,NaN,50.90792268367175,NaN,NaN,NaN,1.7485319265536114,1.739652070879074,NaN,NaN,NaN,NaN,NaN,NaN,NaN,NaN,NaN,NaN,1
2024-08-05T14:30:00-04:00,1.7339361357393637,1.7498,1.7,1.7187000000000001,1.8128852397998416,2.1389261257817775,1.730221535674751,0,0,19713,19914,0,0,0,0,NaN,NaN,52.54686882580386,NaN,NaN,NaN,1.7485319265536114,1.739652070879074,NaN,NaN,NaN,NaN,NaN,NaN,NaN,NaN,NaN,NaN,1,0,0,0,0,NaN,NaN,52.54686882580386,NaN,NaN,NaN,1.7485319265536114,1.739652070879074,NaN,NaN,NaN,NaN,NaN,NaN,NaN,NaN,NaN,NaN,1
2024-08-05T14:32:00-04:00,1.726318067869682,1.75,1.7,1.7325000000000002,1.798269741654416,2.1327211467622083,1.7305029020022933,0,0,19713,19915,0,0,0,0,NaN,NaN,54.17996564864258,NaN,NaN,NaN,1.7485319265536114,1.739652070879074,NaN,NaN,NaN,NaN,NaN,NaN,NaN,NaN,NaN,NaN,1,0,0,0,0,NaN,NaN,54.17996564864258,NaN,NaN,NaN,1.7485319265536114,1.739652070879074,NaN,NaN,NaN,NaN,NaN,NaN,NaN,NaN,NaN,NaN,1
2024-08-05T14:33:00-04:00,1.7294090339348411,1.7294090339348411,1.7,1.7125249999999999,1.7826797886263404,2.126305938414694,1.7284021889849652,0,0,19713,19916,0,0,0,0,NaN,NaN,55.89057287209164,NaN,NaN,NaN,1.7485319265536114,1.739652070879074,NaN,NaN,NaN,NaN,NaN,NaN,NaN,NaN,NaN,NaN,1,0,0,0,0,NaN,NaN,55.89057287209164,NaN,NaN,NaN,1.7485319265536114,1.739652070879074,NaN,NaN,NaN,NaN,NaN,NaN,NaN,NaN,NaN,NaN,1
2024-08-05T14:36:00-04:00,1.7209670169674205,1.75,1.7209670169674205,1.7425000000000002,1.7753743725124602,2.120446305767141,1.7292292219696412,0,0,19713,19917,0,0,0,0,NaN,NaN,58.07558091456995,NaN,NaN,NaN,1.7485319265536114,1.739652070879074,NaN,NaN,NaN,NaN,NaN,NaN,NaN,NaN,NaN,NaN,1,0,0,0,0,NaN,NaN,58.07558091456995,NaN,NaN,NaN,1.7485319265536114,1.739652070879074,NaN,NaN,NaN,NaN,NaN,NaN,NaN,NaN,NaN,NaN,1
2024-08-05T14:40:00-04:00,1.7317335084837104,1.75,1.71,1.7275,1.7666699411465583,2.1144471255264214,1.7290215769776744,0,0,19713,19918,0,0,0,0,NaN,NaN,60.351639724150566,NaN,NaN,NaN,1.7485319265536114,1.739652070879074,NaN,NaN,NaN,NaN,NaN,NaN,NaN,NaN,NaN,NaN,1,0,0,0,0,NaN,NaN,60.351639724150566,NaN,NaN,NaN,1.7485319265536114,1.739652070879074,NaN,NaN,NaN,NaN,NaN,NaN,NaN,NaN,NaN,NaN,1
2024-08-05T15:14:00-04:00,1.7296167542418552,1.7296167542418552,1.6827,1.6827,1.7514026791199113,2.107855566358079,1.7276525234815279,0,0,19713,19919,0,0,0,0,NaN,NaN,62.468698727633175,NaN,NaN,NaN,1.7485319265536114,1.7150652011098628,NaN,NaN,NaN,NaN,NaN,NaN,NaN,NaN,NaN,NaN,1,0,0,0,0,NaN,NaN,62.468698727633175,NaN,NaN,NaN,1.7485319265536114,1.7150652011098628,NaN,NaN,NaN,NaN,NaN,NaN,NaN,NaN,NaN,NaN,1
2024-08-05T15:32:00-04:00,1.7061583771209277,1.75,1.7061583771209277,1.73475,1.7483749192799274,2.102159298169406,1.728711283963772,0,0,19713,19920,0,0,0,0,NaN,NaN,64.51661860475707,NaN,NaN,NaN,1.7485319265536114,1.7150652011098628,NaN,NaN,NaN,NaN,NaN,NaN,NaN,NaN,NaN,NaN,1,0,0,0,0,NaN,NaN,64.51661860475707,NaN,NaN,NaN,1.7485319265536114,1.7150652011098628,NaN,NaN,NaN,NaN,NaN,NaN,NaN,NaN,NaN,NaN,1
2024-08-05T15:47:00-04:00,1.7204541885604638,1.7698,1.7204541885604638,1.76115,1.7506976612290315,2.096953049342392,1.731782580909661,0,0,19713,19921,0,0,0,0,NaN,NaN,66.34494565665362,NaN,NaN,NaN,1.7485319265536114,1.73957625,NaN,NaN,NaN,NaN,NaN,NaN,NaN,NaN,NaN,NaN,1,0,0,0,0,NaN,NaN,66.34494565665362,NaN,NaN,NaN,1.7485319265536114,1.73957625,NaN,NaN,NaN,NaN,NaN,NaN,NaN,NaN,NaN,NaN,1
2024-08-05T15:50:00-04:00,1.740802094280232,1.740802094280232,1.74,1.74005,1.748761722823753,2.0915041478257144,1.731928303719498,0,0,19713,19922,0,0,0,0,NaN,NaN,68.07941889632015,NaN,NaN,NaN,1.7485319265536114,1.73957625,NaN,NaN,NaN,NaN,NaN,NaN,NaN,NaN,NaN,NaN,1,0,0,0,0,NaN,NaN,68.07941889632015,NaN,NaN,NaN,1.7485319265536114,1.73957625,NaN,NaN,NaN,NaN,NaN,NaN,NaN,NaN,NaN,NaN,1
2024-08-05T15:52:00-04:00,1.740426047140116,1.740426047140116,1.74,1.74,1.7471686823103434,2.0861376722863905,1.7322615994367223,0,0,19713,19923,0,0,0,0,NaN,NaN,69.70333425792067,NaN,NaN,NaN,1.7485319265536114,1.73957625,NaN,NaN,NaN,NaN,NaN,NaN,NaN,NaN,NaN,NaN,1,0,0,0,0,NaN,NaN,69.70333425792067,NaN,NaN,NaN,1.7485319265536114,1.73957625,NaN,NaN,NaN,NaN,NaN,NaN,NaN,NaN,NaN,NaN,1
2024-08-05T15:59:00-04:00,1.7402130235700581,1.7499,1.7001,1.7249999999999999,1.7431380127993719,2.080624120037743,1.7313906952106821,0,0,19713,19924,0,0,0,0,NaN,NaN,71.81534236289241,NaN,NaN,NaN,1.7485319265536114,1.73957625,NaN,NaN,NaN,NaN,NaN,NaN,NaN,NaN,NaN,NaN,1,0,0,0,0,NaN,NaN,71.81534236289241,NaN,NaN,NaN,1.7485319265536114,1.73957625,NaN,NaN,NaN,NaN,NaN,NaN,NaN,NaN,NaN,NaN,1
2024-08-06T09:30:00-04:00,1.7326065117850291,1.75,1.7326065117850291,1.75,1.7443856468358496,2.0755764235486174,1.75,0,0,19713,19925,0,0,0,0,NaN,NaN,74.74352157189449,NaN,NaN,NaN,1.7485319265536114,1.73957625,NaN,NaN,NaN,NaN,NaN,NaN,NaN,NaN,NaN,NaN,1,0,0,0,0,NaN,NaN,74.74352157189449,NaN,NaN,NaN,1.7485319265536114,1.73957625,NaN,NaN,NaN,NaN,NaN,NaN,NaN,NaN,NaN,NaN,1
2024-08-06T11:03:00-04:00,1.7413032558925146,1.86,1.7413032558925146,1.86,1.7654064383202406,2.0722851804410047,1.7625,0,0,19713,19926,0,0,0,0,NaN,NaN,76.30218291695789,NaN,NaN,NaN,1.7485319265536114,1.7911312125,NaN,NaN,NaN,NaN,NaN,NaN,NaN,NaN,NaN,NaN,1,0,0,0,0,NaN,NaN,76.30218291695789,NaN,NaN,NaN,1.7485319265536114,1.7911312125,NaN,NaN,NaN,NaN,NaN,NaN,NaN,NaN,NaN,NaN,1
2024-08-06T11:15:00-04:00,1.8006516279462574,2.0407,1.8006516279462574,2.0407,1.815459813171106,2.0718029639457223,1.7934111111111113,0,0,19713,19927,0,0,0,0,NaN,NaN,75.26344675212364,NaN,NaN,NaN,1.7999697819561404,1.89103433975,NaN,NaN,NaN,NaN,NaN,NaN,NaN,NaN,NaN,NaN,1,0,0,0,0,NaN,NaN,75.26344675212364,NaN,NaN,NaN,1.7999697819561404,1.89103433975,NaN,NaN,NaN,NaN,NaN,NaN,NaN,NaN,NaN,NaN,1
2024-08-06T11:27:00-04:00,1.9206758139731288,1.9206758139731288,1.89,1.89,1.829012574412723,2.0690273461755586,1.8022724770642202,0,0,19713,19928,0,0,0,0,NaN,NaN,75.47372165536207,NaN,NaN,NaN,1.8224721421400167,1.89103433975,NaN,NaN,NaN,NaN,NaN,NaN,NaN,NaN,NaN,NaN,1,0,0,0,0,NaN,NaN,75.47372165536207,NaN,NaN,NaN,1.8224721421400167,1.89103433975,NaN,NaN,NaN,NaN,NaN,NaN,NaN,NaN,NaN,NaN,1
2024-08-06T11:29:00-04:00,1.9053379069865644,1.9053379069865644,1.88,1.88,1.8382830154285916,2.066141432493489,1.8124916334661356,0,0,19713,19929,0,0,0,0,NaN,NaN,74.91800540922785,NaN,NaN,NaN,1.8224721421400167,1.89103433975,NaN,NaN,NaN,NaN,NaN,NaN,NaN,NaN,NaN,NaN,1,0,0,0,0,NaN,NaN,74.91800540922785,NaN,NaN,NaN,1.8224721421400167,1.89103433975,NaN,NaN,NaN,NaN,NaN,NaN,NaN,NaN,NaN,NaN,1
2024-08-06T11:48:00-04:00,1.8926689534932821,2.03,1.8926689534932821,2.03,1.8731406489870295,2.0655896548981687,1.8289889543446247,0,0,19713,19930,0,0,0,0,NaN,NaN,71.50868474434392,NaN,NaN,NaN,1.92150428093444,1.89103433975,NaN,NaN,NaN,NaN,NaN,NaN,NaN,NaN,NaN,NaN,1,0,0,0,0,NaN,NaN,71.50868474434392,NaN,NaN,NaN,1.92150428093444,1.89103433975,NaN,NaN,NaN,NaN,NaN,NaN,NaN,NaN,NaN,NaN,1
2024-08-06T11:54:00-04:00,1.961334476746641,2.0005,1.961334476746641,2.0002500000000003,1.896251440080297,2.0645921029149905,1.9020352618243244,0,0,19713,19931,0,0,0,0,NaN,NaN,68.20029006003834,NaN,NaN,NaN,1.9316037478691548,1.89103433975,NaN,NaN,NaN,NaN,NaN,NaN,NaN,NaN,NaN,NaN,1,0,0,0,0,NaN,NaN,68.20029006003834,NaN,NaN,NaN,1.9316037478691548,1.89103433975,NaN,NaN,NaN,NaN,NaN,NaN,NaN,NaN,NaN,NaN,1
2024-08-06T12:12:00-04:00,1.9807922383733207,1.9807922383733207,1.85,1.85,1.8878420873384247,2.0613158876033113,1.8818561271975183,0,0,19713,19932,0,0,0,0,NaN,NaN,67.64644320811863,NaN,NaN,NaN,1.919617708370192,1.89103433975,NaN,NaN,NaN,NaN,NaN,NaN,NaN,NaN,NaN,NaN,1,0,0,0,0,NaN,NaN,67.64644320811863,NaN,NaN,NaN,1.919617708370192,1.89103433975,NaN,NaN,NaN,NaN,NaN,NaN,NaN,NaN,NaN,NaN,1
2024-08-06T12:24:00-04:00,1.9153961191866604,1.9153961191866604,1.805,1.805,1.8727798896405292,2.0574026679452455,1.868009643916914,0,0,19713,19933,0,0,0,0,NaN,NaN,67.64249505562455,NaN,NaN,NaN,1.875235585871224,1.89103433975,NaN,NaN,NaN,NaN,NaN,NaN,NaN,NaN,NaN,NaN,1,0,0,0,0,NaN,NaN,67.64249505562455,NaN,NaN,NaN,1.875235585871224,1.89103433975,NaN,NaN,NaN,NaN,NaN,NaN,NaN,NaN,NaN,NaN,1
2024-08-06T12:25:00-04:00,1.8601980595933303,1.8601980595933303,1.805,1.82735,1.8645199097058875,2.053890413472799,1.8592264041209705,0,0,19713,19934,0,0,0,0,NaN,NaN,67.26978006768736,NaN,NaN,NaN,1.875235585871224,1.89103433975,NaN,NaN,NaN,NaN,NaN,NaN,NaN,NaN,NaN,NaN,1,0,0,0,0,NaN,NaN,67.26978006768736,NaN,NaN,NaN,1.875235585871224,1.89103433975,NaN,NaN,NaN,NaN,NaN,NaN,NaN,NaN,NaN,NaN,1
2024-08-06T13:37:00-04:00,1.8437740297966652,1.8437740297966652,1.84,1.84,1.860061744304817,2.050624910977031,1.858912144491664,0,0,19713,19935,0,0,0,0,NaN,NaN,66.70547431594072,NaN,NaN,NaN,1.875235585871224,1.89103433975,NaN,NaN,NaN,NaN,NaN,NaN,NaN,NaN,NaN,NaN,1,0,0,0,0,NaN,NaN,66.70547431594072,NaN,NaN,NaN,1.875235585871224,1.89103433975,NaN,NaN,NaN,NaN,NaN,NaN,NaN,NaN,NaN,NaN,1
2024-08-06T14:48:00-04:00,1.8418870148983326,1.8418870148983326,1.77,1.77,1.8436868817039413,2.0463405611911223,1.8574822290125443,0,0,19713,19936,0,0,0,0,NaN,NaN,66.9407083039887,NaN,NaN,NaN,1.875235585871224,1.89103433975,NaN,NaN,NaN,NaN,NaN,NaN,NaN,NaN,NaN,NaN,1,0,0,0,0,NaN,NaN,66.9407083039887,NaN,NaN,NaN,1.875235585871224,1.89103433975,NaN,NaN,NaN,NaN,NaN,NaN,NaN,NaN,NaN,NaN,1
2024-08-06T14:58:00-04:00,1.8059435074491663,1.8059435074491663,1.7801,1.7801,1.8321256304850428,2.0422758197988915,1.8386498539790703,0,1,19713,19937,0,0,0,0,NaN,NaN,66.96116667262638,NaN,NaN,NaN,1.875235585871224,1.89103433975,NaN,NaN,NaN,NaN,NaN,NaN,NaN,NaN,NaN,NaN,1,0,0,0,0,NaN,NaN,66.96116667262638,NaN,NaN,NaN,1.875235585871224,1.89103433975,NaN,NaN,NaN,NaN,NaN,NaN,NaN,NaN,NaN,NaN,1
2024-08-06T15:14:00-04:00,1.7930217537245832,1.7930217537245832,1.78,1.78,1.822648243124126,2.0382716088095956,1.8379447583553739,0,0,19713,19938,0,0,0,0,NaN,NaN,67.20129225076589,NaN,NaN,NaN,1.875235585871224,1.89103433975,NaN,NaN,NaN,NaN,NaN,NaN,NaN,NaN,NaN,NaN,1,0,0,0,0,NaN,NaN,67.20129225076589,NaN,NaN,NaN,1.875235585871224,1.89103433975,NaN,NaN,NaN,NaN,NaN,NaN,NaN,NaN,NaN,NaN,1
2024-08-06T15:57:00-04:00,1.7865108768622915,1.81,1.7865108768622915,1.81,1.8203485625561031,2.034786546079678,1.8376127940128295,0,0,19713,19939,0,0,0,0,NaN,NaN,66.14959859913156,NaN,NaN,NaN,1.875235585871224,1.89103433975,NaN,NaN,NaN,NaN,NaN,NaN,NaN,NaN,NaN,NaN,1,0,0,0,0,NaN,NaN,66.14959859913156,NaN,NaN,NaN,1.875235585871224,1.89103433975,NaN,NaN,NaN,NaN,NaN,NaN,NaN,NaN,NaN,NaN,1
2024-08-06T15:58:00-04:00,1.7982554384311458,1.8134,1.7982554384311458,1.8134,1.8190851875459024,2.031406598811286,1.837188900560224,0,0,19713,19940,0,0,0,0,NaN,NaN,64.7756195547446,NaN,NaN,NaN,1.875235585871224,1.89103433975,NaN,NaN,NaN,NaN,NaN,NaN,NaN,NaN,NaN,NaN,1,0,0,0,0,NaN,NaN,64.7756195547446,NaN,NaN,NaN,1.875235585871224,1.89103433975,NaN,NaN,NaN,NaN,NaN,NaN,NaN,NaN,NaN,NaN,1
2024-08-07T09:32:00-04:00,1.8058277192155727,1.8058277192155727,1.8,1.8,1.8156151534466474,2.0278736736385947,1.8,0,0,19713,19941,0,0,0,0,NaN,NaN,63.42979068325629,NaN,NaN,NaN,1.875235585871224,1.89103433975,NaN,NaN,NaN,NaN,NaN,NaN,NaN,NaN,NaN,NaN,1,0,0,0,0,NaN,NaN,63.42979068325629,NaN,NaN,NaN,1.875235585871224,1.89103433975,NaN,NaN,NaN,NaN,NaN,NaN,NaN,NaN,NaN,NaN,1
2024-08-07T10:17:00-04:00,1.8029138596077865,1.8208,1.8029138596077865,1.8204500000000001,1.8164942164563478,2.0247068999952575,1.8157125482625485,0,0,19713,19942,0,0,0,0,NaN,NaN,61.70242701247942,NaN,NaN,NaN,1.875235585871224,1.89103433975,NaN,NaN,NaN,NaN,NaN,NaN,NaN,NaN,NaN,NaN,1,0,0,0,0,NaN,NaN,61.70242701247942,NaN,NaN,NaN,1.875235585871224,1.89103433975,NaN,NaN,NaN,NaN,NaN,NaN,NaN,NaN,NaN,NaN,1
2024-08-07T13:50:00-04:00,1.8116819298038933,1.905,1.8116819298038933,1.905,1.8325861771006482,2.022879313735788,1.8203799529534763,0,0,19713,19943,0,0,0,0,NaN,NaN,58.36289638085108,NaN,NaN,NaN,1.875235585871224,1.89103433975,NaN,NaN,NaN,NaN,NaN,NaN,NaN,NaN,NaN,NaN,1,0,0,0,0,NaN,NaN,58.36289638085108,NaN,NaN,NaN,1.875235585871224,1.89103433975,NaN,NaN,NaN,NaN,NaN,NaN,NaN,NaN,NaN,NaN,1
2024-08-07T14:16:00-04:00,1.8583409649019467,1.91,1.8583409649019467,1.91,1.8466614176278031,2.0211559654344784,1.8379650630252102,0,0,19713,19944,0,0,0,0,NaN,NaN,55.40805661563575,NaN,NaN,NaN,1.875235585871224,1.89103433975,NaN,NaN,NaN,NaN,NaN,NaN,NaN,NaN,NaN,NaN,1,0,0,0,0,NaN,NaN,55.40805661563575,NaN,NaN,NaN,1.875235585871224,1.89103433975,NaN,NaN,NaN,NaN,NaN,NaN,NaN,NaN,NaN,NaN,1
2024-08-07T14:46:00-04:00,1.8841704824509733,1.9,1.8841704824509733,1.9,1.8563593416954753,2.019306256038532,1.8536733134609351,0,0,19713,19945,0,0,0,0,NaN,NaN,51.95827914213221,NaN,NaN,NaN,1.875235585871224,1.89103433975,NaN,NaN,NaN,NaN,NaN,NaN,NaN,NaN,NaN,NaN,1,0,0,0,0,NaN,NaN,51.95827914213221,NaN,NaN,NaN,1.875235585871224,1.89103433975,NaN,NaN,NaN,NaN,NaN,NaN,NaN,NaN,NaN,NaN,1
2024-08-07T15:55:00-04:00,1.8920852412254865,1.8920852412254865,1.85,1.85,1.8552030977508436,2.0167214277020657,1.8523380966646694,0,0,19713,19946,0,0,0,0,NaN,NaN,49.52616605721622,NaN,NaN,NaN,1.875235585871224,1.89103433975,NaN,NaN,NaN,NaN,NaN,NaN,NaN,NaN,NaN,NaN,1,0,0,0,0,NaN,NaN,49.52616605721622,NaN,NaN,NaN,1.875235585871224,1.89103433975,NaN,NaN,NaN,NaN,NaN,NaN,NaN,NaN,NaN,NaN,1
2024-08-08T10:55:00-04:00,1.8710426206127433,1.88,1.86,1.87,1.8578934436143266,2.0144814059050877,1.8700000000000003,0,0,19713,19947,0,0,0,0,NaN,NaN,46.48162473604934,NaN,NaN,NaN,1.875235585871224,1.89103433975,NaN,NaN,NaN,NaN,NaN,NaN,NaN,NaN,NaN,NaN,1,0,0,0,0,NaN,NaN,46.48162473604934,NaN,NaN,NaN,1.875235585871224,1.89103433975,NaN,NaN,NaN,NaN,NaN,NaN,NaN,NaN,NaN,NaN,1
2024-08-08T11:06:00-04:00,1.8705213103063718,1.8705213103063718,1.85,1.85515,1.857394635684449,2.0120488653569186,1.8617179922405434,0,0,19713,19948,0,0,0,0,NaN,NaN,44.22015599259346,NaN,NaN,NaN,1.875235585871224,1.89103433975,NaN,NaN,NaN,NaN,NaN,NaN,NaN,NaN,NaN,NaN,1,0,0,0,0,NaN,NaN,44.22015599259346,NaN,NaN,NaN,1.875235585871224,1.89103433975,NaN,NaN,NaN,NaN,NaN,NaN,NaN,NaN,NaN,NaN,1
2024-08-08T12:03:00-04:00,1.862835655153186,1.862835655153186,1.81,1.8150750000000002,1.8497001564690947,2.009041630771317,1.8448637208341938,0,0,19713,19949,0,0,0,0,NaN,NaN,43.03149586260938,NaN,NaN,NaN,1.875235585871224,1.89103433975,NaN,NaN,NaN,NaN,NaN,NaN,NaN,NaN,NaN,NaN,1,0,0,0,0,NaN,NaN,43.03149586260938,NaN,NaN,NaN,1.875235585871224,1.89103433975,NaN,NaN,NaN,NaN,NaN,NaN,NaN,NaN,NaN,NaN,1
2024-08-08T13:10:00-04:00,1.838955327576593,1.838955327576593,1.77,1.775,1.8361183098383502,2.0054684761030526,1.8300789516522873,0,0,19713,19950,0,0,0,0,NaN,NaN,42.42899731454149,NaN,NaN,NaN,1.875235585871224,1.89103433975,NaN,NaN,NaN,NaN,NaN,NaN,NaN,NaN,NaN,NaN,1,0,0,0,0,NaN,NaN,42.42899731454149,NaN,NaN,NaN,1.875235585871224,1.89103433975,NaN,NaN,NaN,NaN,NaN,NaN,NaN,NaN,NaN,NaN,1
2024-08-08T14:26:00-04:00,1.8069776637882966,1.8069776637882966,1.7,1.7,1.8113695262313774,2.0008048352465173,1.7989076618393365,0,0,19713,19951,0,0,0,0,NaN,NaN,42.64193140743292,NaN,NaN,NaN,1.875235585871224,1.8550185,NaN,NaN,NaN,NaN,NaN,NaN,NaN,NaN,NaN,NaN,1,0,0,0,0,NaN,NaN,42.64193140743292,NaN,NaN,NaN,1.875235585871224,1.8550185,NaN,NaN,NaN,NaN,NaN,NaN,NaN,NaN,NaN,NaN,1
2024-08-08T14:38:00-04:00,1.7534888318941482,1.7534888318941482,1.74,1.74,1.7983932487347634,1.9968230820366468,1.7974845995893223,0,0,19713,19952,0,0,0,0,NaN,NaN,42.44656484595241,NaN,NaN,NaN,1.875235585871224,1.8550185,NaN,NaN,NaN,NaN,NaN,NaN,NaN,NaN,NaN,NaN,1,0,0,0,0,NaN,NaN,42.44656484595241,NaN,NaN,NaN,1.875235585871224,1.8550185,NaN,NaN,NaN,NaN,NaN,NaN,NaN,NaN,NaN,NaN,1
2024-08-08T15:37:00-04:00,1.7467444159470742,1.7467444159470742,1.66,1.66,1.7732308398738972,1.9916807449063163,1.795843776106934,0,0,19713,19953,0,0,0,0,NaN,NaN,43.239337200880364,NaN,NaN,NaN,1.7787657267355237,1.829767945,NaN,NaN,NaN,NaN,NaN,NaN,NaN,NaN,NaN,NaN,1,0,0,0,0,NaN,NaN,43.239337200880364,NaN,NaN,NaN,1.7787657267355237,1.829767945,NaN,NaN,NaN,NaN,NaN,NaN,NaN,NaN,NaN,NaN,1
2024-08-08T15:54:00-04:00,1.703372207973537,1.703372207973537,1.63,1.6349999999999998,1.748097959896825,1.9862352373504948,1.75849583066068,0,0,19713,19954,0,0,0,0,NaN,NaN,44.1059009367806,NaN,NaN,NaN,1.706494301931253,1.8063318683,NaN,NaN,NaN,NaN,NaN,NaN,NaN,NaN,NaN,NaN,1,0,0,0,0,NaN,NaN,44.1059009367806,NaN,NaN,NaN,1.706494301931253,1.8063318683,NaN,NaN,NaN,NaN,NaN,NaN,NaN,NaN,NaN,NaN,1
2024-08-09T09:30:00-04:00,1.6691861039867684,1.6691861039867684,1.64,1.64,1.7284437853701295,1.980949203192472,1.64,0,0,19713,19955,0,0,0,0,NaN,NaN,44.82451911534732,NaN,NaN,NaN,1.706494301931253,1.8063318683,NaN,NaN,NaN,NaN,NaN,NaN,NaN,NaN,NaN,NaN,1,0,0,0,0,NaN,NaN,44.82451911534732,NaN,NaN,NaN,1.706494301931253,1.8063318683,NaN,NaN,NaN,NaN,NaN,NaN,NaN,NaN,NaN,NaN,1
2024-08-09T13:56:00-04:00,1.654593051993384,1.654593051993384,1.65,1.65,1.7141812789391968,1.9758965436017473,1.6424509803921565,0,0,19713,19956,0,0,0,0,NaN,NaN,45.47934223981105,NaN,NaN,NaN,1.706494301931253,1.8063318683,NaN,NaN,NaN,NaN,NaN,NaN,NaN,NaN,NaN,NaN,1,0,0,0,0,NaN,NaN,45.47934223981105,NaN,NaN,NaN,1.706494301931253,1.8063318683,NaN,NaN,NaN,NaN,NaN,NaN,NaN,NaN,NaN,NaN,1
2024-08-12T09:52:00-04:00,1.652296525996692,1.68,1.652296525996692,1.68,1.7079665009502518,1.9713790391192778,1.68,0,0,19713,19957,0,0,0,0,NaN,NaN,45.5996111053366,NaN,NaN,NaN,1.706494301931253,1.8063318683,NaN,NaN,NaN,NaN,NaN,NaN,NaN,NaN,NaN,NaN,1,0,0,0,0,NaN,NaN,45.5996111053366,NaN,NaN,NaN,1.706494301931253,1.8063318683,NaN,NaN,NaN,NaN,NaN,NaN,NaN,NaN,NaN,NaN,1
2024-08-12T12:47:00-04:00,1.666148262998346,1.85,1.666148262998346,1.85,1.7337907735047515,1.9695259240182201,1.8345454545454545,0,0,19713,19958,0,0,0,0,NaN,NaN,42.809796098252015,NaN,NaN,NaN,1.706494301931253,1.8063318683,NaN,NaN,NaN,NaN,NaN,NaN,NaN,NaN,NaN,NaN,1,0,0,0,0,NaN,NaN,42.809796098252015,NaN,NaN,NaN,1.706494301931253,1.8063318683,NaN,NaN,NaN,NaN,NaN,NaN,NaN,NaN,NaN,NaN,1
2024-08-12T12:57:00-04:00,1.758074131499173,1.85,1.758074131499173,1.85,1.754919723776615,1.9677011007507663,1.841904761904762,0,0,19713,19959,0,0,0,0,NaN,NaN,39.963964147670175,NaN,NaN,NaN,1.706494301931253,1.8063318683,NaN,NaN,NaN,NaN,NaN,NaN,NaN,NaN,NaN,NaN,1,0,0,0,0,NaN,NaN,39.963964147670175,NaN,NaN,NaN,1.706494301931253,1.8063318683,NaN,NaN,NaN,NaN,NaN,NaN,NaN,NaN,NaN,NaN,1
2024-08-12T14:25:00-04:00,1.8040370657495866,1.8040370657495866,1.79,1.79,1.7612979558172304,1.9649881068461745,1.8395004541326068,0,0,19713,19960,0,0,0,0,NaN,NaN,38.23272555564273,NaN,NaN,NaN,1.706494301931253,1.8063318683,NaN,NaN,NaN,NaN,NaN,NaN,NaN,NaN,NaN,NaN,1,0,0,0,0,NaN,NaN,38.23272555564273,NaN,NaN,NaN,1.706494301931253,1.8063318683,NaN,NaN,NaN,NaN,NaN,NaN,NaN,NaN,NaN,NaN,1
2024-08-12T14:57:00-04:00,1.7970185328747932,1.7970185328747932,1.79,1.79,1.7665165093050066,1.9623165326958512,1.8373501303214597,0,0,19713,19961,0,0,0,0,NaN,NaN,36.406193054659106,NaN,NaN,NaN,1.706494301931253,1.8063318683,NaN,NaN,NaN,NaN,NaN,NaN,NaN,NaN,NaN,NaN,1,0,0,0,0,NaN,NaN,36.406193054659106,NaN,NaN,NaN,1.706494301931253,1.8063318683,NaN,NaN,NaN,NaN,NaN,NaN,NaN,NaN,NaN,NaN,1
2024-08-12T15:18:00-04:00,1.7935092664373966,1.7935092664373966,1.79,1.79,1.7707862348859145,1.959685745937136,1.826442661317285,0,0,19713,19962,0,0,0,0,NaN,NaN,34.486912174549154,NaN,NaN,NaN,1.706494301931253,1.8063318683,NaN,NaN,NaN,NaN,NaN,NaN,NaN,NaN,NaN,NaN,1,0,0,0,0,NaN,NaN,34.486912174549154,NaN,NaN,NaN,1.706494301931253,1.8063318683,NaN,NaN,NaN,NaN,NaN,NaN,NaN,NaN,NaN,NaN,1
2024-08-12T15:50:00-04:00,1.7917546332186984,1.7917546332186984,1.78,1.7875,1.7738251012702937,1.9570569559228286,1.7949194216192115,0,0,19713,19963,0,0,0,0,NaN,NaN,32.687302966583964,NaN,NaN,NaN,1.706494301931253,1.8063318683,NaN,NaN,NaN,NaN,NaN,NaN,NaN,NaN,NaN,NaN,1,0,0,0,0,NaN,NaN,32.687302966583964,NaN,NaN,NaN,1.706494301931253,1.8063318683,NaN,NaN,NaN,NaN,NaN,NaN,NaN,NaN,NaN,NaN,1
2024-08-12T15:53:00-04:00,1.7896273166093493,1.8296,1.7896273166093493,1.8296,1.783965991948422,1.9551110481988159,1.7952519841019496,0,0,19713,19964,0,0,0,0,NaN,NaN,29.856048825921057,NaN,NaN,NaN,1.706494301931253,1.8063318683,NaN,NaN,NaN,NaN,NaN,NaN,NaN,NaN,NaN,NaN,1,0,0,0,0,NaN,NaN,29.856048825921057,NaN,NaN,NaN,1.706494301931253,1.8063318683,NaN,NaN,NaN,NaN,NaN,NaN,NaN,NaN,NaN,NaN,1
2024-08-12T15:59:00-04:00,1.8096136583046745,1.83,1.8096136583046745,1.83,1.7923358115941634,1.9532009558599026,1.7961072672450928,0,0,19713,19965,0,0,0,0,NaN,NaN,27.05688370339352,NaN,NaN,NaN,1.706494301931253,1.8063318683,NaN,NaN,NaN,NaN,NaN,NaN,NaN,NaN,NaN,NaN,1,0,0,0,0,NaN,NaN,27.05688370339352,NaN,NaN,NaN,1.706494301931253,1.8063318683,NaN,NaN,NaN,NaN,NaN,NaN,NaN,NaN,NaN,NaN,1
2024-08-12T16:13:00-04:00,1.8198068291523373,2.04,1.8198068291523373,1.97,1.8246383913043156,1.95345742981624,1.8071315313238432,0,0,19713,19966,0,0,0,0,NaN,NaN,21.259522242755498,NaN,NaN,NaN,1.760622356190414,1.8063318683,NaN,NaN,NaN,NaN,NaN,NaN,NaN,NaN,NaN,NaN,1,0,0,0,0,NaN,NaN,21.259522242755498,NaN,NaN,NaN,1.760622356190414,1.8063318683,NaN,NaN,NaN,NaN,NaN,NaN,NaN,NaN,NaN,NaN,1
2024-08-12T16:14:00-04:00,1.8949034145761687,2.3,1.8949034145761687,2.2699999999999996,1.9056132292489854,1.9582901408114117,1.8286265772697297,0,0,19713,19967,0,1,0,0,NaN,NaN,10.098166899075277,NaN,NaN,NaN,2.193354910911373,1.9810749999999997,NaN,NaN,NaN,NaN,NaN,NaN,NaN,NaN,NaN,NaN,1,0,1,0,0,NaN,NaN,10.098166899075277,NaN,NaN,NaN,2.193354910911373,1.9810749999999997,NaN,NaN,NaN,NaN,NaN,NaN,NaN,NaN,NaN,NaN,1
2024-08-12T16:15:00-04:00,2.082451707288084,2.19,2.07,2.1425,1.9486835512037153,1.9611025050738329,1.85693796,0,0,19713,19968,0,0,0,0,NaN,NaN,4.8981848376390715,NaN,NaN,NaN,2.193354910911373,1.9810749999999997,NaN,NaN,NaN,NaN,NaN,NaN,NaN,NaN,NaN,NaN,1,0,0,0,0,NaN,NaN,4.8981848376390715,NaN,NaN,NaN,2.193354910911373,1.9810749999999997,NaN,NaN,NaN,NaN,NaN,NaN,NaN,NaN,NaN,NaN,1
2024-08-12T16:16:00-04:00,2.112475853644042,2.17,2.112475853644042,2.15,1.985286541893949,1.9639864362940798,1.8721502346527614,0,0,19713,19969,0,0,0,0,NaN,NaN,1.6207444421542496,NaN,NaN,NaN,2.193354910911373,1.9810749999999997,NaN,NaN,NaN,NaN,NaN,NaN,NaN,NaN,NaN,NaN,1,0,0,0,0,NaN,NaN,1.6207444421542496,NaN,NaN,NaN,2.193354910911373,1.9810749999999997,NaN,NaN,NaN,NaN,NaN,NaN,NaN,NaN,NaN,NaN,1
2024-08-12T16:17:00-04:00,2.131237926822021,2.3,2.131237926822021,2.2325,2.0302344433677764,1.968085880014781,1.9133875236136182,0,0,19713,19970,0,0,0,0,NaN,NaN,0.05187694711444057,NaN,NaN,NaN,2.193354910911373,1.9810749999999997,NaN,NaN,NaN,NaN,NaN,NaN,NaN,NaN,NaN,NaN,1,0,0,0,0,NaN,NaN,0.05187694711444057,NaN,NaN,NaN,2.193354910911373,1.9810749999999997,NaN,NaN,NaN,NaN,NaN,NaN,NaN,NaN,NaN,NaN,1
2024-08-12T16:18:00-04:00,2.18186896341101,2.23,2.18186896341101,2.23,2.0665554536645443,1.972084568869517,1.9201513577913807,0,0,19713,19971,0,0,0,0,NaN,NaN,0.5306802194254366,NaN,NaN,NaN,2.193354910911373,1.9810749999999997,NaN,NaN,NaN,NaN,NaN,NaN,NaN,NaN,NaN,NaN,1,0,0,0,0,NaN,NaN,0.5306802194254366,NaN,NaN,NaN,2.193354910911373,1.9810749999999997,NaN,NaN,NaN,NaN,NaN,NaN,NaN,NaN,NaN,NaN,1
2024-08-12T16:19:00-04:00,2.205934481705505,2.205934481705505,2.14,2.14,2.079909007543718,1.9746481632379214,1.9357661323563087,0,0,19713,19972,0,0,0,0,NaN,NaN,2.262029505831857,NaN,NaN,NaN,2.193354910911373,1.9810749999999997,NaN,NaN,NaN,NaN,NaN,NaN,NaN,NaN,NaN,NaN,1,0,0,0,0,NaN,NaN,2.262029505831857,NaN,NaN,NaN,2.193354910911373,1.9810749999999997,NaN,NaN,NaN,NaN,NaN,NaN,NaN,NaN,NaN,NaN,1
2024-08-12T16:23:00-04:00,2.1729672408527527,2.19,2.13,2.16,2.094471006172133,1.977477962272457,1.968482436925484,0,0,19713,19973,0,0,0,0,NaN,NaN,5.190327488412571,NaN,NaN,NaN,2.193354910911373,1.9810749999999997,NaN,NaN,NaN,NaN,NaN,NaN,NaN,NaN,NaN,NaN,1,0,0,0,0,NaN,NaN,5.190327488412571,NaN,NaN,NaN,2.193354910911373,1.9810749999999997,NaN,NaN,NaN,NaN,NaN,NaN,NaN,NaN,NaN,NaN,1
2024-08-12T16:25:00-04:00,2.1664836204263764,2.2185,2.1664836204263764,2.2185,2.1170217323226543,1.9811576880392896,1.9717003732543923,0,0,19713,19974,0,0,0,0,NaN,NaN,9.475768238041491,NaN,NaN,NaN,2.193354910911373,1.9810749999999997,NaN,NaN,NaN,NaN,NaN,NaN,NaN,NaN,NaN,NaN,1,0,0,0,0,NaN,NaN,9.475768238041491,NaN,NaN,NaN,2.193354910911373,1.9810749999999997,NaN,NaN,NaN,NaN,NaN,NaN,NaN,NaN,NaN,NaN,1
2024-08-12T16:30:00-04:00,2.1924918102131885,2.2184,2.1924918102131885,2.2184,2.135454144627626,1.9847797080692242,1.974641662162592,0,0,19713,19975,0,0,0,0,NaN,NaN,14.430916556296436,NaN,NaN,NaN,2.193354910911373,1.9810749999999997,NaN,NaN,NaN,NaN,NaN,NaN,NaN,NaN,NaN,NaN,1,0,0,0,0,NaN,NaN,14.430916556296436,NaN,NaN,NaN,2.193354910911373,1.9810749999999997,NaN,NaN,NaN,NaN,NaN,NaN,NaN,NaN,NaN,NaN,1
2024-08-12T16:34:00-04:00,2.205445905106594,2.205445905106594,2.1881,2.1881,2.145026118331694,1.9878838346635872,1.9773155877181967,0,0,19713,19976,0,0,0,0,NaN,NaN,19.988227349771606,NaN,NaN,NaN,2.193354910911373,1.9810749999999997,NaN,NaN,NaN,NaN,NaN,NaN,NaN,NaN,NaN,NaN,1,0,0,0,0,NaN,NaN,19.988227349771606,NaN,NaN,NaN,2.193354910911373,1.9810749999999997,NaN,NaN,NaN,NaN,NaN,NaN,NaN,NaN,NaN,NaN,1
2024-08-12T16:36:00-04:00,2.196772952553297,2.196772952553297,2.13,2.13,2.1422940968168405,1.9900535471114713,1.9778458248599944,0,0,19713,19977,0,0,0,0,NaN,NaN,25.664809511525572,NaN,NaN,NaN,2.193354910911373,1.9810749999999997,NaN,NaN,NaN,NaN,NaN,NaN,NaN,NaN,NaN,NaN,1,0,0,0,0,NaN,NaN,25.664809511525572,NaN,NaN,NaN,2.193354910911373,1.9810749999999997,NaN,NaN,NaN,NaN,NaN,NaN,NaN,NaN,NaN,NaN,1
2024-08-12T16:39:00-04:00,2.1633864762766484,2.1633864762766484,2.16,2.16,2.145513351941051,1.9926481494456474,1.9799581328468057,0,0,19713,19978,0,0,0,0,NaN,NaN,31.553531566883443,NaN,NaN,NaN,2.193354910911373,1.9810749999999997,NaN,NaN,NaN,NaN,NaN,NaN,NaN,NaN,NaN,NaN,1,0,0,0,0,NaN,NaN,31.553531566883443,NaN,NaN,NaN,2.193354910911373,1.9810749999999997,NaN,NaN,NaN,NaN,NaN,NaN,NaN,NaN,NaN,NaN,1
2024-08-12T16:40:00-04:00,2.1616932381383243,2.17,2.1616932381383243,2.17,2.149965469769951,1.9953558112861718,1.982851760155917,0,0,19713,19979,0,0,0,0,NaN,NaN,37.626180917660314,NaN,NaN,NaN,2.193354910911373,1.9810749999999997,NaN,NaN,NaN,NaN,NaN,NaN,NaN,NaN,NaN,NaN,1,0,0,0,0,NaN,NaN,37.626180917660314,NaN,NaN,NaN,2.193354910911373,1.9810749999999997,NaN,NaN,NaN,NaN,NaN,NaN,NaN,NaN,NaN,NaN,1
2024-08-12T16:41:00-04:00,2.1658466190691623,2.1658466190691623,2.16,2.16,2.151789929811778,1.9978694630222609,1.9855086117943488,0,0,19713,19980,0,0,0,0,NaN,NaN,40.65874885701156,NaN,NaN,NaN,2.193354910911373,1.9810749999999997,NaN,NaN,NaN,NaN,NaN,NaN,NaN,NaN,NaN,NaN,1,0,0,0,0,NaN,NaN,40.65874885701156,NaN,NaN,NaN,2.193354910911373,1.9810749999999997,NaN,NaN,NaN,NaN,NaN,NaN,NaN,NaN,NaN,NaN,1
2024-08-12T16:52:00-04:00,2.1629233095345812,2.1629233095345812,2.16,2.16,2.1532826698460004,2.0003447383959667,1.9861344401936756,0,0,19713,19981,0,0,0,0,NaN,NaN,43.61410047249013,NaN,NaN,NaN,2.193354910911373,1.9810749999999997,NaN,NaN,NaN,NaN,NaN,NaN,NaN,NaN,NaN,NaN,1,0,0,0,0,NaN,NaN,43.61410047249013,NaN,NaN,NaN,2.193354910911373,1.9810749999999997,NaN,NaN,NaN,NaN,NaN,NaN,NaN,NaN,NaN,NaN,1
2024-08-12T16:53:00-04:00,2.1614616547672907,2.2,2.1614616547672907,2.2,2.1617767298740005,2.0033929103288526,1.9989741845764852,0,0,19713,19982,0,0,0,0,NaN,NaN,45.38749567003018,NaN,NaN,NaN,2.193354910911373,1.9810749999999997,NaN,NaN,NaN,NaN,NaN,NaN,NaN,NaN,NaN,NaN,1,0,0,0,0,NaN,NaN,45.38749567003018,NaN,NaN,NaN,2.193354910911373,1.9810749999999997,NaN,NaN,NaN,NaN,NaN,NaN,NaN,NaN,NaN,NaN,1
2024-08-12T16:54:00-04:00,2.1807308273836457,2.19,2.1807308273836457,2.19,2.166908233533273,2.0062418735299388,2.0091364835749435,0,0,19713,19983,0,0,0,0,NaN,NaN,46.79848900359516,NaN,NaN,NaN,2.193354910911373,1.9810749999999997,NaN,NaN,NaN,NaN,NaN,NaN,NaN,NaN,NaN,NaN,1,0,0,0,0,NaN,NaN,46.79848900359516,NaN,NaN,NaN,2.193354910911373,1.9810749999999997,NaN,NaN,NaN,NaN,NaN,NaN,NaN,NaN,NaN,NaN,1
2024-08-12T16:56:00-04:00,2.185365413691823,2.2,2.185365413691823,2.1950000000000003,2.172015827436314,2.009123676987497,2.030954011034159,0,0,19713,19984,0,0,0,0,NaN,NaN,47.5731032286962,NaN,NaN,NaN,2.193354910911373,1.9810749999999997,NaN,NaN,NaN,NaN,NaN,NaN,NaN,NaN,NaN,NaN,1,0,0,0,0,NaN,NaN,47.5731032286962,NaN,NaN,NaN,2.193354910911373,1.9810749999999997,NaN,NaN,NaN,NaN,NaN,NaN,NaN,NaN,NaN,NaN,1
2024-08-12T17:06:00-04:00,2.1901827068459117,2.2,2.1901827068459117,2.2,2.1771038588115297,2.0120378193235657,2.0315945014851367,0,0,19713,19985,0,0,0,0,NaN,NaN,48.83189468823746,NaN,NaN,NaN,2.193354910911373,1.9810749999999997,NaN,NaN,NaN,NaN,NaN,NaN,NaN,NaN,NaN,NaN,1,0,0,0,0,NaN,NaN,48.83189468823746,NaN,NaN,NaN,2.193354910911373,1.9810749999999997,NaN,NaN,NaN,NaN,NaN,NaN,NaN,NaN,NaN,NaN,1
2024-08-12T17:07:00-04:00,2.195091353422956,2.25,2.195091353422956,2.25,2.1903577026639787,2.0156708297155723,2.03210411601372,0,0,19713,19986,0,0,0,0,NaN,NaN,50.0398529814605,NaN,NaN,NaN,2.193354910911373,1.9810749999999997,NaN,NaN,NaN,NaN,NaN,NaN,NaN,NaN,NaN,NaN,1,0,0,0,0,NaN,NaN,50.0398529814605,NaN,NaN,NaN,2.193354910911373,1.9810749999999997,NaN,NaN,NaN,NaN,NaN,NaN,NaN,NaN,NaN,NaN,1
2024-08-12T17:08:00-04:00,2.222545676711478,2.3,2.222545676711478,2.2625,2.203474483997801,2.019439213994724,2.063192818214848,0,0,19713,19987,0,0,0,0,NaN,NaN,51.342525751854154,NaN,NaN,NaN,2.193354910911373,1.9810749999999997,NaN,NaN,NaN,NaN,NaN,NaN,NaN,NaN,NaN,NaN,1,0,0,0,0,NaN,NaN,51.342525751854154,NaN,NaN,NaN,2.193354910911373,1.9810749999999997,NaN,NaN,NaN,NaN,NaN,NaN,NaN,NaN,NaN,NaN,1
2024-08-12T17:09:00-04:00,2.242522838355739,2.35,2.23,2.29,2.2192063959982007,2.023569913017705,2.083447033088235,0,0,19713,19988,0,0,0,0,NaN,NaN,52.442464970968125,NaN,NaN,NaN,2.193354910911373,2.00004275,NaN,NaN,NaN,NaN,NaN,NaN,NaN,NaN,NaN,NaN,1,0,0,0,0,NaN,NaN,52.442464970968125,NaN,NaN,NaN,2.193354910911373,2.00004275,NaN,NaN,NaN,NaN,NaN,NaN,NaN,NaN,NaN,NaN,1
2024-08-12T17:42:00-04:00,2.2662614191778694,2.29,2.2662614191778694,2.29,2.2320779603621643,2.027637547933465,2.0838260293577977,0,0,19713,19989,0,0,0,0,NaN,NaN,53.742286867178734,NaN,NaN,NaN,2.193354910911373,2.00004275,NaN,NaN,NaN,NaN,NaN,NaN,NaN,NaN,NaN,NaN,1,0,0,0,0,NaN,NaN,53.742286867178734,NaN,NaN,NaN,2.193354910911373,2.00004275,NaN,NaN,NaN,NaN,NaN,NaN,NaN,NaN,NaN,NaN,1
2024-08-12T17:48:00-04:00,2.2781307095889347,2.2781307095889347,2.21,2.21,2.228063785750862,2.030421707507,2.084289658324345,0,0,19713,19990,0,0,0,0,NaN,NaN,54.310839630160615,NaN,NaN,NaN,2.193354910911373,2.00004275,NaN,NaN,NaN,NaN,NaN,NaN,NaN,NaN,NaN,NaN,1,0,0,0,0,NaN,NaN,54.310839630160615,NaN,NaN,NaN,2.193354910911373,2.00004275,NaN,NaN,NaN,NaN,NaN,NaN,NaN,NaN,NaN,NaN,1
2024-08-12T17:49:00-04:00,2.2440653547944676,2.28,2.2440653547944676,2.28,2.2375067337961596,2.0342320631175803,2.0864095587703435,0,0,19713,19991,0,0,0,0,NaN,NaN,54.805991435206245,NaN,NaN,NaN,2.193354910911373,2.00004275,NaN,NaN,NaN,NaN,NaN,NaN,NaN,NaN,NaN,NaN,1,0,0,0,0,NaN,NaN,54.805991435206245,NaN,NaN,NaN,2.193354910911373,2.00004275,NaN,NaN,NaN,NaN,NaN,NaN,NaN,NaN,NaN,NaN,1
2024-08-12T17:53:00-04:00,2.262032677397234,2.262032677397234,2.2,2.2,2.2306873276514034,2.0367628713142585,2.0930435654690958,0,0,19713,19992,0,0,0,0,NaN,NaN,55.10452733483382,NaN,NaN,NaN,2.193354910911373,2.00004275,NaN,NaN,NaN,NaN,NaN,NaN,NaN,NaN,NaN,NaN,1,0,0,0,0,NaN,NaN,55.10452733483382,NaN,NaN,NaN,2.193354910911373,2.00004275,NaN,NaN,NaN,NaN,NaN,NaN,NaN,NaN,NaN,NaN,1
2024-08-12T17:54:00-04:00,2.231016338698617,2.231016338698617,2.2,2.2,2.2251078135329663,2.0392550412178574,2.094502176614826,0,0,19713,19993,0,0,0,0,NaN,NaN,55.55000653608428,NaN,NaN,NaN,2.193354910911373,2.00004275,NaN,NaN,NaN,NaN,NaN,NaN,NaN,NaN,NaN,NaN,1,0,0,0,0,NaN,NaN,55.55000653608428,NaN,NaN,NaN,2.193354910911373,2.00004275,NaN,NaN,NaN,NaN,NaN,NaN,NaN,NaN,NaN,NaN,1
2024-08-12T18:01:00-04:00,2.2155081693493086,2.28,2.2155081693493086,2.28,2.235088211072427,2.042930536771783,2.0957369513354798,0,0,19713,19994,0,0,0,0,NaN,NaN,56.25076155347087,NaN,NaN,NaN,2.193354910911373,2.00004275,NaN,NaN,NaN,NaN,NaN,NaN,NaN,NaN,NaN,NaN,1,0,0,0,0,NaN,NaN,56.25076155347087,NaN,NaN,NaN,2.193354910911373,2.00004275,NaN,NaN,NaN,NaN,NaN,NaN,NaN,NaN,NaN,NaN,1
2024-08-12T18:02:00-04:00,2.2477540846746544,2.28,2.2477540846746544,2.28,2.2432539908774403,2.046549917889771,2.096654580767251,0,0,19713,19995,0,0,0,0,NaN,NaN,56.837750997372794,NaN,NaN,NaN,2.193354910911373,2.00004275,NaN,NaN,NaN,NaN,NaN,NaN,NaN,NaN,NaN,NaN,1,0,0,0,0,NaN,NaN,56.837750997372794,NaN,NaN,NaN,2.193354910911373,2.00004275,NaN,NaN,NaN,NaN,NaN,NaN,NaN,NaN,NaN,NaN,1
2024-08-12T18:04:00-04:00,2.2638770423373273,2.28,2.2638770423373273,2.28,2.2499350834451786,2.050114041280767,2.0984626912772635,0,0,19713,19996,0,0,0,0,NaN,NaN,57.182946067470866,NaN,NaN,NaN,2.193354910911373,2.00004275,NaN,NaN,NaN,NaN,NaN,NaN,NaN,NaN,NaN,NaN,1,0,0,0,0,NaN,NaN,57.182946067470866,NaN,NaN,NaN,2.193354910911373,2.00004275,NaN,NaN,NaN,NaN,NaN,NaN,NaN,NaN,NaN,NaN,1
2024-08-12T18:05:00-04:00,2.2719385211686633,2.28,2.2719385211686633,2.28,2.2554014319096916,2.0536237505741903,2.0993534387726727,0,0,19713,19997,0,0,0,0,NaN,NaN,57.62700916179195,NaN,NaN,NaN,2.193354910911373,2.00004275,NaN,NaN,NaN,NaN,NaN,NaN,NaN,NaN,NaN,NaN,1,0,0,0,0,NaN,NaN,57.62700916179195,NaN,NaN,NaN,2.193354910911373,2.00004275,NaN,NaN,NaN,NaN,NaN,NaN,NaN,NaN,NaN,NaN,1
2024-08-12T18:06:00-04:00,2.275969260584332,2.28,2.275969260584332,2.28,2.259873898835202,2.0570798765196225,2.102260481807502,0,0,19713,19998,0,0,0,0,NaN,NaN,59.13291637734569,NaN,NaN,NaN,2.193354910911373,2.00004275,NaN,NaN,NaN,NaN,NaN,NaN,NaN,NaN,NaN,NaN,1,0,0,0,0,NaN,NaN,59.13291637734569,NaN,NaN,NaN,2.193354910911373,2.00004275,NaN,NaN,NaN,NaN,NaN,NaN,NaN,NaN,NaN,NaN,1
2024-08-12T18:09:00-04:00,2.277984630292166,2.28,2.27,2.275,2.2626240990469837,2.0604069013055826,2.1049962559984796,0,0,19713,19999,0,0,0,0,NaN,NaN,63.39589464149314,NaN,NaN,NaN,2.193354910911373,2.00004275,NaN,NaN,NaN,NaN,NaN,NaN,NaN,NaN,NaN,NaN,1,0,0,0,0,NaN,NaN,63.39589464149314,NaN,NaN,NaN,2.193354910911373,2.00004275,NaN,NaN,NaN,NaN,NaN,NaN,NaN,NaN,NaN,NaN,1
2024-08-12T18:11:00-04:00,2.2764923151460827,2.28,2.2764923151460827,2.28,2.265783353765714,2.0637594676978637,2.1063684569453174,0,0,19713,20000,0,0,0,0,NaN,NaN,65.12622086126923,NaN,NaN,NaN,2.193354910911373,2.00004275,NaN,NaN,NaN,NaN,NaN,NaN,NaN,NaN,NaN,NaN,1,0,0,0,0,NaN,NaN,65.12622086126923,NaN,NaN,NaN,2.193354910911373,2.00004275,NaN,NaN,NaN,NaN,NaN,NaN,NaN,NaN,NaN,NaN,1
2024-08-12T18:16:00-04:00,2.278246157573041,2.3,2.278246157573041,2.3,2.2720045621719476,2.067366193381866,2.1072769565217393,0,0,19713,20001,0,0,0,0,NaN,NaN,66.74879936559279,NaN,NaN,NaN,2.193354910911373,2.0227401849999995,NaN,NaN,NaN,NaN,NaN,NaN,NaN,NaN,NaN,NaN,1,0,0,0,0,NaN,NaN,66.74879936559279,NaN,NaN,NaN,2.193354910911373,2.0227401849999995,NaN,NaN,NaN,NaN,NaN,NaN,NaN,NaN,NaN,NaN,1
2024-08-12T18:17:00-04:00,2.2891230787865204,2.3,2.2891230787865204,2.3,2.277094641777048,2.0709178545516083,2.1261493009410137,0,0,19713,20002,0,0,0,0,NaN,NaN,70.66370123444705,NaN,NaN,NaN,2.193354910911373,2.0227401849999995,NaN,NaN,NaN,NaN,NaN,NaN,NaN,NaN,NaN,NaN,1,0,0,0,0,NaN,NaN,70.66370123444705,NaN,NaN,NaN,2.193354910911373,2.0227401849999995,NaN,NaN,NaN,NaN,NaN,NaN,NaN,NaN,NaN,NaN,1
2024-08-12T18:18:00-04:00,2.29456153939326,2.34,2.29456153939326,2.32,2.2848956159994027,2.0747206353981484,2.1287583314775635,0,0,19713,20003,0,0,0,0,NaN,NaN,74.08700465724193,NaN,NaN,NaN,2.193354910911373,2.0585935683499996,NaN,NaN,NaN,NaN,NaN,NaN,NaN,NaN,NaN,NaN,1,0,0,0,0,NaN,NaN,74.08700465724193,NaN,NaN,NaN,2.193354910911373,2.0585935683499996,NaN,NaN,NaN,NaN,NaN,NaN,NaN,NaN,NaN,NaN,1
2024-08-12T18:22:00-04:00,2.30728076969663,2.30728076969663,2.3,2.3,2.287641867635875,2.0781600150103903,2.130483040548919,0,0,19713,20004,0,0,0,0,NaN,NaN,75.07327352038791,NaN,NaN,NaN,2.193354910911373,2.0585935683499996,NaN,NaN,NaN,NaN,NaN,NaN,NaN,NaN,NaN,NaN,1,0,0,0,0,NaN,NaN,75.07327352038791,NaN,NaN,NaN,2.193354910911373,2.0585935683499996,NaN,NaN,NaN,NaN,NaN,NaN,NaN,NaN,NaN,NaN,1
2024-08-12T18:25:00-04:00,2.3036403848483147,2.34,2.3,2.32,2.293525164429352,2.081852228521682,2.1317796986822475,0,0,19713,20005,0,0,0,0,NaN,NaN,75.61301922689717,NaN,NaN,NaN,2.193354910911373,2.0585935683499996,NaN,NaN,NaN,NaN,NaN,NaN,NaN,NaN,NaN,NaN,1,0,0,0,0,NaN,NaN,75.61301922689717,NaN,NaN,NaN,2.193354910911373,2.0585935683499996,NaN,NaN,NaN,NaN,NaN,NaN,NaN,NaN,NaN,NaN,1
2024-08-12T18:27:00-04:00,2.3118201924241575,2.33,2.3118201924241575,2.33,2.3001569527149246,2.085640744116771,2.1320505691523524,0,0,19713,20006,0,0,0,0,NaN,NaN,76.31925859464953,NaN,NaN,NaN,2.193354910911373,2.0955623401479997,NaN,NaN,NaN,NaN,NaN,NaN,NaN,NaN,NaN,NaN,1,0,0,0,0,NaN,NaN,76.31925859464953,NaN,NaN,NaN,2.193354910911373,2.0955623401479997,NaN,NaN,NaN,NaN,NaN,NaN,NaN,NaN,NaN,NaN,1
2024-08-12T18:28:00-04:00,2.3209100962120788,2.33,2.3209100962120788,2.33,2.305582961312211,2.0893714197791105,2.1325900952588612,0,0,19713,20007,0,0,0,0,NaN,NaN,77.03840369965555,NaN,NaN,NaN,2.193354910911373,2.0955623401479997,NaN,NaN,NaN,NaN,NaN,NaN,NaN,NaN,NaN,NaN,1,0,0,0,0,NaN,NaN,77.03840369965555,NaN,NaN,NaN,2.193354910911373,2.0955623401479997,NaN,NaN,NaN,NaN,NaN,NaN,NaN,NaN,NaN,NaN,1
2024-08-12T19:09:00-04:00,2.3254550481060394,2.3254550481060394,2.3,2.3,2.3045678774372633,2.0925871232939333,2.1351931712683463,0,0,19713,20008,0,0,0,0,NaN,NaN,76.81729156449293,NaN,NaN,NaN,2.193354910911373,2.0955623401479997,NaN,NaN,NaN,NaN,NaN,NaN,NaN,NaN,NaN,NaN,1,0,0,0,0,NaN,NaN,76.81729156449293,NaN,NaN,NaN,2.193354910911373,2.0955623401479997,NaN,NaN,NaN,NaN,NaN,NaN,NaN,NaN,NaN,NaN,1
2024-08-12T19:40:00-04:00,2.3127275240530194,2.3127275240530194,2.25,2.25,2.2946464451759425,2.09499037331998,2.135500396050202,0,0,19713,20009,0,0,0,0,NaN,NaN,76.08435394923312,NaN,NaN,NaN,2.193354910911373,2.0955623401479997,NaN,NaN,NaN,NaN,NaN,NaN,NaN,NaN,NaN,NaN,1,0,0,0,0,NaN,NaN,76.08435394923312,NaN,NaN,NaN,2.193354910911373,2.0955623401479997,NaN,NaN,NaN,NaN,NaN,NaN,NaN,NaN,NaN,NaN,1
2024-08-12T19:55:00-04:00,2.2813637620265097,2.2813637620265097,2.25,2.26,2.2883470915075894,2.0975096042616594,2.1368189335169054,0,0,19713,20010,0,0,0,0,NaN,NaN,75.34009711016625,NaN,NaN,NaN,2.193354910911373,2.0955623401479997,NaN,NaN,NaN,NaN,NaN,NaN,NaN,NaN,NaN,NaN,1,0,0,0,0,NaN,NaN,75.34009711016625,NaN,NaN,NaN,2.193354910911373,2.0955623401479997,NaN,NaN,NaN,NaN,NaN,NaN,NaN,NaN,NaN,NaN,1
2024-08-13T04:27:00-04:00,2.270681881013255,2.270681881013255,2.16,2.16,2.2650112566880276,2.0984636561049927,2.16,0,0,19713,20011,0,0,0,0,NaN,NaN,73.44612650209037,NaN,NaN,NaN,2.193354910911373,2.0955623401479997,NaN,NaN,NaN,NaN,NaN,NaN,NaN,NaN,NaN,NaN,1,0,0,0,0,NaN,NaN,73.44612650209037,NaN,NaN,NaN,2.193354910911373,2.0955623401479997,NaN,NaN,NaN,NaN,NaN,NaN,NaN,NaN,NaN,NaN,1
2024-08-13T04:35:00-04:00,2.2153409405066276,2.2153409405066276,2.2,2.205,2.254100119108386,2.1000901651720922,2.199102228047182,0,0,19713,20012,0,0,0,0,NaN,NaN,72.09369515790978,NaN,NaN,NaN,2.193354910911373,2.0955623401479997,NaN,NaN,NaN,NaN,NaN,NaN,NaN,NaN,NaN,NaN,1,0,0,0,0,NaN,NaN,72.09369515790978,NaN,NaN,NaN,2.193354910911373,2.0955623401479997,NaN,NaN,NaN,NaN,NaN,NaN,NaN,NaN,NaN,NaN,1
2024-08-13T04:36:00-04:00,2.210170470253314,2.210170470253314,2.2,2.2,2.244263733815952,2.1016155061618313,2.199440816326531,0,0,19713,20013,0,0,0,0,NaN,NaN,70.46213742539904,NaN,NaN,NaN,2.193354910911373,2.0955623401479997,NaN,NaN,NaN,NaN,NaN,NaN,NaN,NaN,NaN,NaN,1,0,0,0,0,NaN,NaN,70.46213742539904,NaN,NaN,NaN,2.193354910911373,2.0955623401479997,NaN,NaN,NaN,NaN,NaN,NaN,NaN,NaN,NaN,NaN,1
2024-08-13T04:40:00-04:00,2.205085235126657,2.205085235126657,2.2,2.2,2.2362157822130517,2.103117559502872,2.199501818181818,0,0,19713,20014,0,0,0,0,NaN,NaN,68.86915222129181,NaN,NaN,NaN,2.193354910911373,2.0955623401479997,NaN,NaN,NaN,NaN,NaN,NaN,NaN,NaN,NaN,NaN,1,0,0,0,0,NaN,NaN,68.86915222129181,NaN,NaN,NaN,2.193354910911373,2.0955623401479997,NaN,NaN,NaN,NaN,NaN,NaN,NaN,NaN,NaN,NaN,1
2024-08-13T04:48:00-04:00,2.2025426175633287,2.2025426175633287,2.2,2.2,2.2296310945379516,2.104596680731836,2.1995914106770056,0,0,19713,20015,0,0,0,0,NaN,NaN,67.95452836885981,NaN,NaN,NaN,2.193354910911373,2.0955623401479997,NaN,NaN,NaN,NaN,NaN,NaN,NaN,NaN,NaN,NaN,1,0,0,0,0,NaN,NaN,67.95452836885981,NaN,NaN,NaN,2.193354910911373,2.0955623401479997,NaN,NaN,NaN,NaN,NaN,NaN,NaN,NaN,NaN,NaN,1
2024-08-13T04:54:00-04:00,2.2012713087816644,2.21,2.2012713087816644,2.21,2.2260618046219602,2.1062058917130293,2.199892846799884,0,0,19713,20016,0,0,0,0,NaN,NaN,67.13116773706167,NaN,NaN,NaN,2.193354910911373,2.0955623401479997,NaN,NaN,NaN,NaN,NaN,NaN,NaN,NaN,NaN,NaN,1,0,0,0,0,NaN,NaN,67.13116773706167,NaN,NaN,NaN,2.193354910911373,2.0955623401479997,NaN,NaN,NaN,NaN,NaN,NaN,NaN,NaN,NaN,NaN,1
2024-08-13T04:59:00-04:00,2.205635654390832,2.205635654390832,2.18,2.18,2.217686931054331,2.107332519320464,2.1993329580636085,0,0,19713,20017,0,0,0,0,NaN,NaN,65.678529559797,NaN,NaN,NaN,2.193354910911373,2.0955623401479997,NaN,NaN,NaN,NaN,NaN,NaN,NaN,NaN,NaN,NaN,1,0,0,0,0,NaN,NaN,65.678529559797,NaN,NaN,NaN,2.193354910911373,2.0955623401479997,NaN,NaN,NaN,NaN,NaN,NaN,NaN,NaN,NaN,NaN,1
2024-08-13T05:02:00-04:00,2.192817827195416,2.2,2.192817827195416,2.2,2.214471125408089,2.1087472900178614,2.1993685051958436,0,0,19713,20018,0,0,0,0,NaN,NaN,63.95346224556357,NaN,NaN,NaN,2.193354910911373,2.0955623401479997,NaN,NaN,NaN,NaN,NaN,NaN,NaN,NaN,NaN,NaN,1,0,0,0,0,NaN,NaN,63.95346224556357,NaN,NaN,NaN,2.193354910911373,2.0955623401479997,NaN,NaN,NaN,NaN,NaN,NaN,NaN,NaN,NaN,NaN,1
2024-08-13T05:09:00-04:00,2.196408913597708,2.26,2.196408913597708,2.26,2.222749102606618,2.111056491696978,2.205730980205104,0,0,19713,20019,0,0,0,0,NaN,NaN,63.074890113599494,NaN,NaN,NaN,2.193354910911373,2.0955623401479997,NaN,NaN,NaN,NaN,NaN,NaN,NaN,NaN,NaN,NaN,1,0,0,0,0,NaN,NaN,63.074890113599494,NaN,NaN,NaN,2.193354910911373,2.0955623401479997,NaN,NaN,NaN,NaN,NaN,NaN,NaN,NaN,NaN,NaN,1
2024-08-13T05:10:00-04:00,2.2282044567988537,2.27,2.2282044567988537,2.2649999999999997,2.230431083950869,2.1134067742664895,2.209478328865058,0,0,19713,20020,0,0,0,0,NaN,NaN,62.01890858146363,NaN,NaN,NaN,2.193354910911373,2.0955623401479997,NaN,NaN,NaN,NaN,NaN,NaN,NaN,NaN,NaN,NaN,1,0,0,0,0,NaN,NaN,62.01890858146363,NaN,NaN,NaN,2.193354910911373,2.0955623401479997,NaN,NaN,NaN,NaN,NaN,NaN,NaN,NaN,NaN,NaN,1
2024-08-13T05:11:00-04:00,2.2466022283994267,2.2466022283994267,2.18,2.19,2.2230799777779837,2.1145761364914284,2.2082548157453936,0,0,19713,20021,0,0,0,0,NaN,NaN,59.54944628091248,NaN,NaN,NaN,2.193354910911373,2.0955623401479997,NaN,NaN,NaN,NaN,NaN,NaN,NaN,NaN,NaN,NaN,1,0,0,0,0,NaN,NaN,59.54944628091248,NaN,NaN,NaN,2.193354910911373,2.0955623401479997,NaN,NaN,NaN,NaN,NaN,NaN,NaN,NaN,NaN,NaN,1
2024-08-13T05:12:00-04:00,2.218301114199713,2.218301114199713,2.2,2.205,2.2197927090910774,2.1159566534915593,2.207970003821169,0,0,19713,20022,0,0,0,0,NaN,NaN,56.97511944169934,NaN,NaN,NaN,2.193354910911373,2.0955623401479997,NaN,NaN,NaN,NaN,NaN,NaN,NaN,NaN,NaN,NaN,1,0,0,0,0,NaN,NaN,56.97511944169934,NaN,NaN,NaN,2.193354910911373,2.0955623401479997,NaN,NaN,NaN,NaN,NaN,NaN,NaN,NaN,NaN,NaN,1
2024-08-13T05:15:00-04:00,2.2116505570998566,2.2116505570998566,2.18,2.185,2.2134667619836086,2.117010750384818,2.2063581453188843,0,0,19713,20023,0,0,0,0,NaN,NaN,53.752720240142125,NaN,NaN,NaN,2.193354910911373,2.0955623401479997,NaN,NaN,NaN,NaN,NaN,NaN,NaN,NaN,NaN,NaN,1,0,0,0,0,NaN,NaN,53.752720240142125,NaN,NaN,NaN,2.193354910911373,2.0955623401479997,NaN,NaN,NaN,NaN,NaN,NaN,NaN,NaN,NaN,NaN,1
2024-08-13T05:24:00-04:00,2.1983252785499285,2.2,2.1983252785499285,2.2,2.2110182598047707,2.1182777618293245,2.2060764006791174,0,0,19713,20024,0,0,0,0,NaN,NaN,50.73333505231387,NaN,NaN,NaN,2.193354910911373,2.0955623401479997,NaN,NaN,NaN,NaN,NaN,NaN,NaN,NaN,NaN,NaN,1,0,0,0,0,NaN,NaN,50.73333505231387,NaN,NaN,NaN,2.193354910911373,2.0955623401479997,NaN,NaN,NaN,NaN,NaN,NaN,NaN,NaN,NaN,NaN,1
2024-08-13T05:25:00-04:00,2.1991626392749644,2.2,2.1991626392749644,2.2,2.209014939840267,2.1195254295876556,2.205974958263773,0,0,19713,20025,0,0,0,0,NaN,NaN,47.51154349959036,NaN,NaN,NaN,2.193354910911373,2.0955623401479997,NaN,NaN,NaN,NaN,NaN,NaN,NaN,NaN,NaN,NaN,1,0,0,0,0,NaN,NaN,47.51154349959036,NaN,NaN,NaN,2.193354910911373,2.0955623401479997,NaN,NaN,NaN,NaN,NaN,NaN,NaN,NaN,NaN,NaN,1
2024-08-13T05:28:00-04:00,2.199581319637482,2.2,2.199581319637482,2.2,2.2073758598693094,2.120754048983264,2.205781906300485,0,0,19713,20026,0,0,0,0,NaN,NaN,44.23649885466768,NaN,NaN,NaN,2.193354910911373,2.0955623401479997,NaN,NaN,NaN,NaN,NaN,NaN,NaN,NaN,NaN,NaN,1,0,0,0,0,NaN,NaN,44.23649885466768,NaN,NaN,NaN,2.193354910911373,2.0955623401479997,NaN,NaN,NaN,NaN,NaN,NaN,NaN,NaN,NaN,NaN,1
2024-08-13T05:29:00-04:00,2.199790659818741,2.199790659818741,2.19,2.19,2.204216612620344,2.1218112390751225,2.2051999377625644,0,0,19713,20027,0,0,0,0,NaN,NaN,40.714801196911246,NaN,NaN,NaN,2.193354910911373,2.0955623401479997,NaN,NaN,NaN,NaN,NaN,NaN,NaN,NaN,NaN,NaN,1,0,0,0,0,NaN,NaN,40.714801196911246,NaN,NaN,NaN,2.193354910911373,2.0955623401479997,NaN,NaN,NaN,NaN,NaN,NaN,NaN,NaN,NaN,NaN,1
2024-08-13T05:30:00-04:00,2.1948953299093708,2.2,2.1948953299093708,2.2,2.2034499557802816,2.1230049606159604,2.20452784175586,0,0,19713,20028,0,0,0,0,NaN,NaN,37.28317753080469,NaN,NaN,NaN,2.193354910911373,2.0955623401479997,NaN,NaN,NaN,NaN,NaN,NaN,NaN,NaN,NaN,NaN,1,0,0,0,0,NaN,NaN,37.28317753080469,NaN,NaN,NaN,2.193354910911373,2.0955623401479997,NaN,NaN,NaN,NaN,NaN,NaN,NaN,NaN,NaN,NaN,1
2024-08-13T05:31:00-04:00,2.1974476649546855,2.2,2.1974476649546855,2.2,2.202822691092958,2.1241804574004495,2.2044673172035827,0,0,19713,20029,0,0,0,0,NaN,NaN,33.70795830340837,NaN,NaN,NaN,2.193354910911373,2.0955623401479997,NaN,NaN,NaN,NaN,NaN,NaN,NaN,NaN,NaN,NaN,1,0,0,0,0,NaN,NaN,33.70795830340837,NaN,NaN,NaN,2.193354910911373,2.0955623401479997,NaN,NaN,NaN,NaN,NaN,NaN,NaN,NaN,NaN,NaN,1
2024-08-13T05:34:00-04:00,2.198723832477343,2.21,2.198723832477343,2.21,2.2041276563487835,2.1254906794248702,2.2045402981137054,0,0,19713,20030,0,0,0,0,NaN,NaN,30.307426414626608,NaN,NaN,NaN,2.193354910911373,2.0955623401479997,NaN,NaN,NaN,NaN,NaN,NaN,NaN,NaN,NaN,NaN,1,0,0,0,0,NaN,NaN,30.307426414626608,NaN,NaN,NaN,2.193354910911373,2.0955623401479997,NaN,NaN,NaN,NaN,NaN,NaN,NaN,NaN,NaN,NaN,1
2024-08-13T05:49:00-04:00,2.204361916238671,2.26,2.204361916238671,2.26,2.2142862642853682,2.127544256838231,2.207366049073611,1,0,20031,20030,0,0,0,0,NaN,NaN,27.656490873577827,NaN,NaN,NaN,2.193354910911373,2.0955623401479997,NaN,NaN,NaN,NaN,NaN,NaN,NaN,NaN,NaN,NaN,1,0,0,0,0,NaN,NaN,27.656490873577827,NaN,NaN,NaN,2.193354910911373,2.0955623401479997,NaN,NaN,NaN,NaN,NaN,NaN,NaN,NaN,NaN,NaN,1
2024-08-13T05:51:00-04:00,2.2321809581193355,2.2321809581193355,2.22,2.22,2.215325125324392,2.1289557949017697,2.207522255192879,0,0,20031,20030,0,0,0,0,NaN,NaN,24.04243539291643,NaN,NaN,NaN,2.193354910911373,2.0955623401479997,NaN,NaN,NaN,NaN,NaN,NaN,NaN,NaN,NaN,NaN,1,0,0,0,0,NaN,NaN,24.04243539291643,NaN,NaN,NaN,2.193354910911373,2.0955623401479997,NaN,NaN,NaN,NaN,NaN,NaN,NaN,NaN,NaN,NaN,1
2024-08-13T05:54:00-04:00,2.2260904790596676,2.27,2.2260904790596676,2.27,2.2252660116290484,2.1311091415444907,2.2082852955544703,1,0,20031,20030,0,0,0,0,NaN,NaN,21.17986720855758,NaN,NaN,NaN,2.193354910911373,2.0955623401479997,NaN,NaN,NaN,NaN,NaN,NaN,NaN,NaN,NaN,NaN,1,0,0,0,0,NaN,NaN,21.17986720855758,NaN,NaN,NaN,2.193354910911373,2.0955623401479997,NaN,NaN,NaN,NaN,NaN,NaN,NaN,NaN,NaN,NaN,1
2024-08-13T05:55:00-04:00,2.2480452395298336,2.2480452395298336,2.21,2.21,2.2224903731510395,2.132313582131598,2.208324382384533,0,0,20031,20030,0,0,0,0,NaN,NaN,17.131026964681656,NaN,NaN,NaN,2.193354910911373,2.0955623401479997,NaN,NaN,NaN,NaN,NaN,NaN,NaN,NaN,NaN,NaN,1,0,0,0,0,NaN,NaN,17.131026964681656,NaN,NaN,NaN,2.193354910911373,2.0955623401479997,NaN,NaN,NaN,NaN,NaN,NaN,NaN,NaN,NaN,NaN,1
2024-08-13T06:02:00-04:00,2.229022619764917,2.229022619764917,2.21,2.21,2.2202193962144867,2.1334996343127948,2.2083634456230334,0,0,20031,20030,0,0,0,0,NaN,NaN,12.966292118605171,NaN,NaN,NaN,2.193354910911373,2.0955623401479997,NaN,NaN,NaN,NaN,NaN,NaN,NaN,NaN,NaN,NaN,1,0,0,0,0,NaN,NaN,12.966292118605171,NaN,NaN,NaN,2.193354910911373,2.0955623401479997,NaN,NaN,NaN,NaN,NaN,NaN,NaN,NaN,NaN,NaN,1
2024-08-13T06:09:00-04:00,2.219511309882458,2.27,2.219511309882458,2.2649999999999997,2.228361324175489,2.135507273483592,2.2122609356344296,1,0,20031,20030,0,0,0,0,NaN,NaN,9.74690515487201,NaN,NaN,NaN,2.193354910911373,2.0955623401479997,NaN,NaN,NaN,NaN,NaN,NaN,NaN,NaN,NaN,NaN,1,0,0,0,0,NaN,NaN,9.74690515487201,NaN,NaN,NaN,2.193354910911373,2.0955623401479997,NaN,NaN,NaN,NaN,NaN,NaN,NaN,NaN,NaN,NaN,1
2024-08-13T06:10:00-04:00,2.242255654941229,2.28,2.242255654941229,2.2675,2.235477447052673,2.1375224296136133,2.223188506747932,0,0,20031,20030,0,0,0,0,NaN,NaN,6.466738292869276,NaN,NaN,NaN,2.193354910911373,2.0955623401479997,NaN,NaN,NaN,NaN,NaN,NaN,NaN,NaN,NaN,NaN,1,0,0,0,0,NaN,NaN,6.466738292869276,NaN,NaN,NaN,2.193354910911373,2.0955623401479997,NaN,NaN,NaN,NaN,NaN,NaN,NaN,NaN,NaN,NaN,1
2024-08-13T06:11:00-04:00,2.2548778274706143,2.2548778274706143,2.22,2.2350000000000003,2.2353906384976416,2.139010636795085,2.223586032814472,0,0,20031,20030,0,0,0,0,NaN,NaN,3.162103480883717,NaN,NaN,NaN,2.193354910911373,2.0955623401479997,NaN,NaN,NaN,NaN,NaN,NaN,NaN,NaN,NaN,NaN,1,0,0,0,0,NaN,NaN,3.162103480883717,NaN,NaN,NaN,2.193354910911373,2.0955623401479997,NaN,NaN,NaN,NaN,NaN,NaN,NaN,NaN,NaN,NaN,1
2024-08-13T06:20:00-04:00,2.2449389137353073,2.2449389137353073,2.22,2.22,2.2325923405889796,2.140247115622641,2.2234552087555737,0,0,20031,20030,0,0,0,0,NaN,NaN,3.792449624358871,NaN,NaN,NaN,2.193354910911373,2.0955623401479997,NaN,NaN,NaN,NaN,NaN,NaN,NaN,NaN,NaN,NaN,1,0,0,0,0,NaN,NaN,3.792449624358871,NaN,NaN,NaN,2.193354910911373,2.0955623401479997,NaN,NaN,NaN,NaN,NaN,NaN,NaN,NaN,NaN,NaN,1
2024-08-13T06:21:00-04:00,2.232469456867654,2.232469456867654,2.21,2.21,2.2284846423000744,2.1413120451551197,2.222847964081127,0,0,20031,20030,0,0,0,0,NaN,NaN,2.1759659348262126,NaN,NaN,NaN,2.193354910911373,2.0955623401479997,NaN,NaN,NaN,NaN,NaN,NaN,NaN,NaN,NaN,NaN,1,0,0,0,0,NaN,NaN,2.1759659348262126,NaN,NaN,NaN,2.193354910911373,2.0955623401479997,NaN,NaN,NaN,NaN,NaN,NaN,NaN,NaN,NaN,NaN,1
2024-08-13T06:23:00-04:00,2.221234728433827,2.221234728433827,2.21,2.215,2.2260328891546064,2.1424370520993166,2.222180903810738,0,0,20031,20030,0,0,0,0,NaN,NaN,1.0696814022144605,NaN,NaN,NaN,2.193354910911373,2.0955623401479997,NaN,NaN,NaN,NaN,NaN,NaN,NaN,NaN,NaN,NaN,1,0,0,0,0,NaN,NaN,1.0696814022144605,NaN,NaN,NaN,2.193354910911373,2.0955623401479997,NaN,NaN,NaN,NaN,NaN,NaN,NaN,NaN,NaN,NaN,1
2024-08-13T06:31:00-04:00,2.2181173642169134,2.25,2.21,2.23,2.226754182035587,2.1437738909985637,2.2223905700696216,0,0,20031,20030,0,0,0,0,NaN,NaN,1.1011631883511326,NaN,NaN,NaN,2.193354910911373,2.0955623401479997,NaN,NaN,NaN,NaN,NaN,NaN,NaN,NaN,NaN,NaN,1,0,0,0,0,NaN,NaN,1.1011631883511326,NaN,NaN,NaN,2.193354910911373,2.0955623401479997,NaN,NaN,NaN,NaN,NaN,NaN,NaN,NaN,NaN,NaN,1
2024-08-13T06:32:00-04:00,2.2240586821084567,2.25,2.2240586821084567,2.25,2.2309806943927533,2.145395663655074,2.2228214697699666,1,0,20031,20030,0,0,0,0,NaN,NaN,1.3207417433710456,NaN,NaN,NaN,2.193354910911373,2.0955623401479997,NaN,NaN,NaN,NaN,NaN,NaN,NaN,NaN,NaN,NaN,1,0,0,0,0,NaN,NaN,1.3207417433710456,NaN,NaN,NaN,2.193354910911373,2.0955623401479997,NaN,NaN,NaN,NaN,NaN,NaN,NaN,NaN,NaN,NaN,1
2024-08-13T06:36:00-04:00,2.237029341054228,2.25,2.237029341054228,2.25,2.2344387499577074,2.146992676423699,2.2230046505358225,0,0,20031,20030,0,0,0,0,NaN,NaN,0.6589493965236466,NaN,NaN,NaN,2.193354910911373,2.0955623401479997,NaN,NaN,NaN,NaN,NaN,NaN,NaN,NaN,NaN,NaN,1,0,0,0,0,NaN,NaN,0.6589493965236466,NaN,NaN,NaN,2.193354910911373,2.0955623401479997,NaN,NaN,NaN,NaN,NaN,NaN,NaN,NaN,NaN,NaN,1
2024-08-13T06:37:00-04:00,2.243514670527114,2.25,2.243514670527114,2.25,2.2372680681472152,2.1485653073179933,2.2231853785900784,0,0,20031,20030,0,0,0,0,NaN,NaN,0.2944844116610871,NaN,NaN,NaN,2.193354910911373,2.0955623401479997,NaN,NaN,NaN,NaN,NaN,NaN,NaN,NaN,NaN,NaN,1,0,0,0,0,NaN,NaN,0.2944844116610871,NaN,NaN,NaN,2.193354910911373,2.0955623401479997,NaN,NaN,NaN,NaN,NaN,NaN,NaN,NaN,NaN,NaN,1
2024-08-13T06:39:00-04:00,2.246757335263557,2.29,2.21,2.25,2.2395829648477217,2.150113928580314,2.225024630541872,0,0,20031,20030,0,0,0,0,NaN,NaN,0.30861572031811774,NaN,NaN,NaN,2.193354910911373,2.0955623401479997,NaN,NaN,NaN,NaN,NaN,NaN,NaN,NaN,NaN,NaN,1,0,0,0,0,NaN,NaN,0.30861572031811774,NaN,NaN,NaN,2.193354910911373,2.0955623401479997,NaN,NaN,NaN,NaN,NaN,NaN,NaN,NaN,NaN,NaN,1
2024-08-13T06:40:00-04:00,2.2483786676317785,2.27,2.21,2.24,2.2396587894208633,2.1514862350142026,2.226117116596335,0,0,20031,20030,0,0,0,0,NaN,NaN,0.26276957671578094,NaN,NaN,NaN,2.193354910911373,2.0955623401479997,NaN,NaN,NaN,NaN,NaN,NaN,NaN,NaN,NaN,NaN,1,0,0,0,0,NaN,NaN,0.26276957671578094,NaN,NaN,NaN,2.193354910911373,2.0955623401479997,NaN,NaN,NaN,NaN,NaN,NaN,NaN,NaN,NaN,NaN,1
2024-08-13T06:45:00-04:00,2.244189333815889,2.244189333815889,2.21,2.21,2.2342662822534334,2.1523795749376498,2.2259739887704826,0,0,20031,20030,0,0,0,0,NaN,NaN,0.023705266981759652,NaN,NaN,NaN,2.193354910911373,2.0955623401479997,NaN,NaN,NaN,NaN,NaN,NaN,NaN,NaN,NaN,NaN,1,0,0,0,0,NaN,NaN,0.023705266981759652,NaN,NaN,NaN,2.193354910911373,2.0955623401479997,NaN,NaN,NaN,NaN,NaN,NaN,NaN,NaN,NaN,NaN,1
2024-08-13T06:52:00-04:00,2.2270946669079446,2.2270946669079446,2.21,2.21,2.2298542309346274,2.1532592760836398,2.2258829896319927,0,0,20031,20030,0,0,0,0,NaN,NaN,0.2873232899752718,NaN,NaN,NaN,2.193354910911373,2.0955623401479997,NaN,NaN,NaN,NaN,NaN,NaN,NaN,NaN,NaN,NaN,1,0,0,0,0,NaN,NaN,0.2873232899752718,NaN,NaN,NaN,2.193354910911373,2.0955623401479997,NaN,NaN,NaN,NaN,NaN,NaN,NaN,NaN,NaN,NaN,1
2024-08-13T07:00:00-04:00,2.218547333453972,2.22,2.218547333453972,2.22,2.228062552582877,2.154278218433508,2.225175403427884,0,0,20031,20030,0,0,0,0,NaN,NaN,1.0941824743107562,NaN,NaN,NaN,2.193354910911373,2.0955623401479997,NaN,NaN,NaN,NaN,NaN,NaN,NaN,NaN,NaN,NaN,1,0,0,0,0,NaN,NaN,1.0941824743107562,NaN,NaN,NaN,2.193354910911373,2.0955623401479997,NaN,NaN,NaN,NaN,NaN,NaN,NaN,NaN,NaN,NaN,1
2024-08-13T07:04:00-04:00,2.219273666726986,2.22,2.219273666726986,2.22,2.226596633931445,2.155281604411622,2.225086440427523,0,0,20031,20030,0,0,0,0,NaN,NaN,2.3158948935802024,NaN,NaN,NaN,2.193354910911373,2.0955623401479997,NaN,NaN,NaN,NaN,NaN,NaN,NaN,NaN,NaN,NaN,1,0,0,0,0,NaN,NaN,2.3158948935802024,NaN,NaN,NaN,2.193354910911373,2.0955623401479997,NaN,NaN,NaN,NaN,NaN,NaN,NaN,NaN,NaN,NaN,1
2024-08-13T07:27:00-04:00,2.2196368333634933,2.22,2.2196368333634933,2.22,2.2253972459439093,2.1562696715198415,2.224971596379742,0,0,20031,20030,0,0,0,0,NaN,NaN,4.370702448406678,NaN,NaN,NaN,2.193354910911373,2.0955623401479997,NaN,NaN,NaN,NaN,NaN,NaN,NaN,NaN,NaN,NaN,1,0,0,0,0,NaN,NaN,4.370702448406678,NaN,NaN,NaN,2.193354910911373,2.0955623401479997,NaN,NaN,NaN,NaN,NaN,NaN,NaN,NaN,NaN,NaN,1
2024-08-13T07:40:00-04:00,2.219818416681747,2.25,2.219818416681747,2.25,2.2298704739541075,2.157700668901218,2.2254363335695726,0,0,20031,20030,0,0,0,0,NaN,NaN,6.381107519404833,NaN,NaN,NaN,2.193354910911373,2.0955623401479997,NaN,NaN,NaN,NaN,NaN,NaN,NaN,NaN,NaN,NaN,1,0,0,0,0,NaN,NaN,6.381107519404833,NaN,NaN,NaN,2.193354910911373,2.0955623401479997,NaN,NaN,NaN,NaN,NaN,NaN,NaN,NaN,NaN,NaN,1
2024-08-13T07:41:00-04:00,2.2349092083408735,2.2349092083408735,2.23,2.23,2.22989402414427,2.158804475482879,2.2254577944980016,0,0,20031,20030,0,0,0,0,NaN,NaN,7.955585401825339,NaN,NaN,NaN,2.193354910911373,2.0955623401479997,NaN,NaN,NaN,NaN,NaN,NaN,NaN,NaN,NaN,NaN,1,0,0,0,0,NaN,NaN,7.955585401825339,NaN,NaN,NaN,2.193354910911373,2.0955623401479997,NaN,NaN,NaN,NaN,NaN,NaN,NaN,NaN,NaN,NaN,1
2024-08-13T07:44:00-04:00,2.232454604170437,2.24,2.232454604170437,2.24,2.231731474299857,2.1600441018113843,2.2255258600514862,1,0,20031,20030,0,0,0,0,NaN,NaN,9.850385912942764,NaN,NaN,NaN,2.193354910911373,2.0955623401479997,NaN,NaN,NaN,NaN,NaN,NaN,NaN,NaN,NaN,NaN,1,0,0,0,0,NaN,NaN,9.850385912942764,NaN,NaN,NaN,2.193354910911373,2.0955623401479997,NaN,NaN,NaN,NaN,NaN,NaN,NaN,NaN,NaN,NaN,1
2024-08-13T07:45:00-04:00,2.2362273020852186,2.29,2.2362273020852186,2.275,2.2395984789726104,2.1617991536921264,2.231881169943706,0,0,20031,20030,0,0,0,0,NaN,NaN,10.315929420422988,NaN,NaN,NaN,2.193354910911373,2.0955623401479997,NaN,NaN,NaN,NaN,NaN,NaN,NaN,NaN,NaN,NaN,1,0,0,0,0,NaN,NaN,10.315929420422988,NaN,NaN,NaN,2.193354910911373,2.0955623401479997,NaN,NaN,NaN,NaN,NaN,NaN,NaN,NaN,NaN,NaN,1
2024-08-13T07:46:00-04:00,2.2556136510426095,2.33,2.2556136510426095,2.315,2.253307846432136,2.164138097910567,2.2327003392842717,0,0,20031,20030,0,0,0,0,NaN,NaN,8.853064544834886,NaN,NaN,NaN,2.193354910911373,2.0955623401479997,NaN,NaN,NaN,NaN,NaN,NaN,NaN,NaN,NaN,NaN,1,0,0,0,0,NaN,NaN,8.853064544834886,NaN,NaN,NaN,2.193354910911373,2.0955623401479997,NaN,NaN,NaN,NaN,NaN,NaN,NaN,NaN,NaN,NaN,1
2024-08-13T07:54:00-04:00,2.285306825521305,2.34,2.285306825521305,2.33,2.267251874353566,2.1666703406905583,2.236763749661338,0,0,20031,20030,0,0,0,0,NaN,NaN,5.522004828342589,NaN,NaN,NaN,2.193354910911373,2.0955623401479997,NaN,NaN,NaN,NaN,NaN,NaN,NaN,NaN,NaN,NaN,1,0,0,0,0,NaN,NaN,5.522004828342589,NaN,NaN,NaN,2.193354910911373,2.0955623401479997,NaN,NaN,NaN,NaN,NaN,NaN,NaN,NaN,NaN,NaN,1
2024-08-13T07:55:00-04:00,2.3076534127606525,2.3076534127606525,2.25,2.27,2.2677515335620084,2.168247892741084,2.237947258407674,0,0,20031,20030,0,0,0,0,NaN,NaN,4.3598415204884455,NaN,NaN,NaN,2.193354910911373,2.0955623401479997,NaN,NaN,NaN,NaN,NaN,NaN,NaN,NaN,NaN,NaN,1,0,0,0,0,NaN,NaN,4.3598415204884455,NaN,NaN,NaN,2.193354910911373,2.0955623401479997,NaN,NaN,NaN,NaN,NaN,NaN,NaN,NaN,NaN,NaN,1
2024-08-13T07:56:00-04:00,2.288826706380326,2.288826706380326,2.25,2.255,2.2654330729143703,2.169572352393892,2.2381360968587356,0,0,20031,20030,0,0,0,0,NaN,NaN,3.1330439608633696,NaN,NaN,NaN,2.193354910911373,2.0955623401479997,NaN,NaN,NaN,NaN,NaN,NaN,NaN,NaN,NaN,NaN,1,0,0,0,0,NaN,NaN,3.1330439608633696,NaN,NaN,NaN,2.193354910911373,2.0955623401479997,NaN,NaN,NaN,NaN,NaN,NaN,NaN,NaN,NaN,NaN,1
2024-08-13T07:57:00-04:00,2.271913353190163,2.271913353190163,2.25,2.25,2.2626270596572122,2.170800255410779,2.2381897185272286,0,0,20031,20030,0,0,0,0,NaN,NaN,2.1629312262218043,NaN,NaN,NaN,2.193354910911373,2.0955623401479997,NaN,NaN,NaN,NaN,NaN,NaN,NaN,NaN,NaN,NaN,1,0,0,0,0,NaN,NaN,2.1629312262218043,NaN,NaN,NaN,2.193354910911373,2.0955623401479997,NaN,NaN,NaN,NaN,NaN,NaN,NaN,NaN,NaN,NaN,1
2024-08-13T07:58:00-04:00,2.2609566765950815,2.2609566765950815,2.24,2.24,2.2585130488104466,2.171856740060996,2.2382223785812227,0,0,20031,20030,0,0,0,0,NaN,NaN,2.8335968933822815,NaN,NaN,NaN,2.193354910911373,2.0955623401479997,NaN,NaN,NaN,NaN,NaN,NaN,NaN,NaN,NaN,NaN,1,0,0,0,0,NaN,NaN,2.8335968933822815,NaN,NaN,NaN,2.193354910911373,2.0955623401479997,NaN,NaN,NaN,NaN,NaN,NaN,NaN,NaN,NaN,NaN,1
2024-08-13T07:59:00-04:00,2.250478338297541,2.250478338297541,2.22,2.225,2.252419767208547,2.172668087540981,2.2378993593353984,0,0,20031,20030,0,0,0,0,NaN,NaN,2.4801692869616474,NaN,NaN,NaN,2.193354910911373,2.0955623401479997,NaN,NaN,NaN,NaN,NaN,NaN,NaN,NaN,NaN,NaN,1,0,0,0,0,NaN,NaN,2.4801692869616474,NaN,NaN,NaN,2.193354910911373,2.0955623401479997,NaN,NaN,NaN,NaN,NaN,NaN,NaN,NaN,NaN,NaN,1
2024-08-13T08:00:00-04:00,2.2377391691487705,2.34,2.23,2.28045,2.2575161731706292,2.1743136129220346,2.24191705132292,0,0,20031,20030,0,0,0,0,NaN,NaN,2.5823516222944227,NaN,NaN,NaN,2.193354910911373,2.0955623401479997,NaN,NaN,NaN,NaN,NaN,NaN,NaN,NaN,NaN,NaN,1,0,0,0,0,NaN,NaN,2.5823516222944227,NaN,NaN,NaN,2.193354910911373,2.0955623401479997,NaN,NaN,NaN,NaN,NaN,NaN,NaN,NaN,NaN,NaN,1
2024-08-13T08:01:00-04:00,2.2590945845743855,2.2988,2.2590945845743855,2.2843999999999998,2.26240414168506,2.1759943211216983,2.2424901883707036,1,0,20031,20030,0,0,0,0,NaN,NaN,2.652536679424884,NaN,NaN,NaN,2.193354910911373,2.0955623401479997,NaN,NaN,NaN,NaN,NaN,NaN,NaN,NaN,NaN,NaN,1,0,0,0,0,NaN,NaN,2.652536679424884,NaN,NaN,NaN,2.193354910911373,2.0955623401479997,NaN,NaN,NaN,NaN,NaN,NaN,NaN,NaN,NaN,NaN,1
2024-08-13T08:02:00-04:00,2.2717472922871926,2.28,2.2717472922871926,2.28,2.265603388651413,2.177582194081672,2.242972262751063,0,0,20031,20030,0,0,0,0,NaN,NaN,1.4704153254112688,NaN,NaN,NaN,2.193354910911373,2.0955623401479997,NaN,NaN,NaN,NaN,NaN,NaN,NaN,NaN,NaN,NaN,1,0,0,0,0,NaN,NaN,1.4704153254112688,NaN,NaN,NaN,2.193354910911373,2.0955623401479997,NaN,NaN,NaN,NaN,NaN,NaN,NaN,NaN,NaN,NaN,1
2024-08-13T08:03:00-04:00,2.275873646143596,2.275873646143596,2.22,2.2275500000000004,2.2586845907147923,2.178345061347601,2.242643341941364,0,0,20031,20030,0,0,0,0,NaN,NaN,1.2189373131188372,NaN,NaN,NaN,2.193354910911373,2.0955623401479997,NaN,NaN,NaN,NaN,NaN,NaN,NaN,NaN,NaN,NaN,1,0,0,0,0,NaN,NaN,1.2189373131188372,NaN,NaN,NaN,2.193354910911373,2.0955623401479997,NaN,NaN,NaN,NaN,NaN,NaN,NaN,NaN,NaN,NaN,1
2024-08-13T08:04:00-04:00,2.2517118230717985,2.28,2.2517118230717985,2.28,2.2625601196757392,2.1798970451438207,2.2437448208757185,0,0,20031,20030,0,0,0,0,NaN,NaN,0.45925950988309017,NaN,NaN,NaN,2.193354910911373,2.0955623401479997,NaN,NaN,NaN,NaN,NaN,NaN,NaN,NaN,NaN,NaN,1,0,0,0,0,NaN,NaN,0.45925950988309017,NaN,NaN,NaN,2.193354910911373,2.0955623401479997,NaN,NaN,NaN,NaN,NaN,NaN,NaN,NaN,NaN,NaN,1
2024-08-13T08:08:00-04:00,2.2658559115358994,2.2658559115358994,2.22,2.225,2.255731007007423,2.180585639874449,2.2435338794787323,0,0,20031,20030,0,0,0,0,NaN,NaN,0.32793714960702586,NaN,NaN,NaN,2.193354910911373,2.0955623401479997,NaN,NaN,NaN,NaN,NaN,NaN,NaN,NaN,NaN,NaN,1,0,0,0,0,NaN,NaN,0.32793714960702586,NaN,NaN,NaN,2.193354910911373,2.0955623401479997,NaN,NaN,NaN,NaN,NaN,NaN,NaN,NaN,NaN,NaN,1
2024-08-13T08:09:00-04:00,2.2454279557679495,2.2789,2.2454279557679495,2.2789,2.2599435511878916,2.1820866224717856,2.2436366849800877,0,0,20031,20030,0,0,0,0,NaN,NaN,0.020144877585783996,NaN,NaN,NaN,2.193354910911373,2.0955623401479997,NaN,NaN,NaN,NaN,NaN,NaN,NaN,NaN,NaN,NaN,1,0,0,0,0,NaN,NaN,0.020144877585783996,NaN,NaN,NaN,2.193354910911373,2.0955623401479997,NaN,NaN,NaN,NaN,NaN,NaN,NaN,NaN,NaN,NaN,1
2024-08-13T08:11:00-04:00,2.262163977883975,2.262163977883975,2.22,2.22,2.2526810873355476,2.182665452663056,2.2433650067526796,0,0,20031,20030,0,0,0,0,NaN,NaN,0.007069991185208123,NaN,NaN,NaN,2.193354910911373,2.0955623401479997,NaN,NaN,NaN,NaN,NaN,NaN,NaN,NaN,NaN,NaN,1,0,0,0,0,NaN,NaN,0.007069991185208123,NaN,NaN,NaN,2.193354910911373,2.0955623401479997,NaN,NaN,NaN,NaN,NaN,NaN,NaN,NaN,NaN,NaN,1
2024-08-13T08:12:00-04:00,2.2410819889419873,2.2797,2.22,2.2498500000000003,2.25216634418363,2.1836911709430096,2.243456859579049,0,0,20031,20030,0,0,0,0,NaN,NaN,0.035543210943187874,NaN,NaN,NaN,2.193354910911373,2.0955623401479997,NaN,NaN,NaN,NaN,NaN,NaN,NaN,NaN,NaN,NaN,1,0,0,0,0,NaN,NaN,0.035543210943187874,NaN,NaN,NaN,2.193354910911373,2.0955623401479997,NaN,NaN,NaN,NaN,NaN,NaN,NaN,NaN,NaN,NaN,1
2024-08-13T08:28:00-04:00,2.245465994470994,2.32,2.245465994470994,2.2824999999999998,2.257681554332061,2.1851997026843377,2.24463462183027,0,0,20031,20030,0,0,0,0,NaN,NaN,0.6161496474245782,NaN,NaN,NaN,2.193354910911373,2.0955623401479997,NaN,NaN,NaN,NaN,NaN,NaN,NaN,NaN,NaN,NaN,1,0,0,0,0,NaN,NaN,0.6161496474245782,NaN,NaN,NaN,2.193354910911373,2.0955623401479997,NaN,NaN,NaN,NaN,NaN,NaN,NaN,NaN,NaN,NaN,1
2024-08-13T08:30:00-04:00,2.263982997235497,2.32,2.263982997235497,2.32,2.269012180817141,2.1872577224906835,2.244841107975561,1,0,20031,20030,0,0,0,0,NaN,NaN,2.5158596186563824,NaN,NaN,NaN,2.193354910911373,2.0955623401479997,NaN,NaN,NaN,NaN,NaN,NaN,NaN,NaN,NaN,NaN,1,0,0,0,0,NaN,NaN,2.5158596186563824,NaN,NaN,NaN,2.193354910911373,2.0955623401479997,NaN,NaN,NaN,NaN,NaN,NaN,NaN,NaN,NaN,NaN,1
2024-08-13T08:31:00-04:00,2.2919914986177483,2.2919914986177483,2.22,2.22,2.2601008752140244,2.1877576045900624,2.244011536016949,0,0,20031,20030,0,0,0,0,NaN,NaN,3.910050027310123,NaN,NaN,NaN,2.193354910911373,2.0955623401479997,NaN,NaN,NaN,NaN,NaN,NaN,NaN,NaN,NaN,NaN,1,0,0,0,0,NaN,NaN,3.910050027310123,NaN,NaN,NaN,2.193354910911373,2.0955623401479997,NaN,NaN,NaN,NaN,NaN,NaN,NaN,NaN,NaN,NaN,1
2024-08-13T08:42:00-04:00,2.255995749308874,2.28,2.255995749308874,2.28,2.2637188979023835,2.1891658854360156,2.244106592709984,1,0,20031,20030,0,0,0,0,NaN,NaN,6.785651833403667,NaN,NaN,NaN,2.193354910911373,2.0955623401479997,NaN,NaN,NaN,NaN,NaN,NaN,NaN,NaN,NaN,NaN,1,0,0,0,0,NaN,NaN,6.785651833403667,NaN,NaN,NaN,2.193354910911373,2.0955623401479997,NaN,NaN,NaN,NaN,NaN,NaN,NaN,NaN,NaN,NaN,1
2024-08-13T08:44:00-04:00,2.267997874654437,2.29,2.267997874654437,2.29,2.26849728010195,2.1907053375667633,2.2445863983272347,0,0,20031,20030,0,0,0,0,NaN,NaN,12.004232696024644,NaN,NaN,NaN,2.193354910911373,2.0955623401479997,NaN,NaN,NaN,NaN,NaN,NaN,NaN,NaN,NaN,NaN,1,0,0,0,0,NaN,NaN,12.004232696024644,NaN,NaN,NaN,2.193354910911373,2.0955623401479997,NaN,NaN,NaN,NaN,NaN,NaN,NaN,NaN,NaN,NaN,1
2024-08-13T08:45:00-04:00,2.2789989373272186,2.28,2.24,2.27,2.2687705019015953,2.191915943100095,2.245148893319021,0,0,20031,20030,0,0,0,0,NaN,NaN,19.13530745768045,NaN,NaN,NaN,2.193354910911373,2.0955623401479997,NaN,NaN,NaN,NaN,NaN,NaN,NaN,NaN,NaN,NaN,1,0,0,0,0,NaN,NaN,19.13530745768045,NaN,NaN,NaN,2.193354910911373,2.0955623401479997,NaN,NaN,NaN,NaN,NaN,NaN,NaN,NaN,NaN,NaN,1
2024-08-13T08:46:00-04:00,2.2744994686636093,2.3,2.2744994686636093,2.3,2.2744485924649416,2.193566081373376,2.245841003381618,1,0,20031,20030,0,0,0,0,NaN,NaN,30.134673573657487,NaN,NaN,NaN,2.193354910911373,2.0955623401479997,NaN,NaN,NaN,NaN,NaN,NaN,NaN,NaN,NaN,NaN,1,0,0,0,0,NaN,NaN,30.134673573657487,NaN,NaN,NaN,2.193354910911373,2.0955623401479997,NaN,NaN,NaN,NaN,NaN,NaN,NaN,NaN,NaN,NaN,1
2024-08-13T08:49:00-04:00,2.2872497343318043,2.3,2.2872497343318043,2.3,2.2790943029258615,2.19519102669592,2.245990930138917,0,0,20031,20030,0,0,0,0,NaN,NaN,39.74613585063304,NaN,NaN,NaN,2.193354910911373,2.0955623401479997,NaN,NaN,NaN,NaN,NaN,NaN,NaN,NaN,NaN,NaN,1,0,0,0,0,NaN,NaN,39.74613585063304,NaN,NaN,NaN,2.193354910911373,2.0955623401479997,NaN,NaN,NaN,NaN,NaN,NaN,NaN,NaN,NaN,NaN,1
2024-08-13T08:53:00-04:00,2.293624867165902,2.293624867165902,2.28,2.28,2.2792589751211594,2.1964858201814783,2.2460848165436933,0,0,20031,20030,0,0,0,0,NaN,NaN,43.53808760104392,NaN,NaN,NaN,2.193354910911373,2.0955623401479997,NaN,NaN,NaN,NaN,NaN,NaN,NaN,NaN,NaN,NaN,1,0,0,0,0,NaN,NaN,43.53808760104392,NaN,NaN,NaN,2.193354910911373,2.0955623401479997,NaN,NaN,NaN,NaN,NaN,NaN,NaN,NaN,NaN,NaN,1
2024-08-13T08:55:00-04:00,2.286812433582951,2.3,2.286812433582951,2.3,2.283030070553676,2.198066189339013,2.2468846264154676,1,0,20031,20030,0,0,0,0,NaN,NaN,49.23831397852297,NaN,NaN,NaN,2.193354910911373,2.0955623401479997,NaN,NaN,NaN,NaN,NaN,NaN,NaN,NaN,NaN,NaN,1,0,0,0,0,NaN,NaN,49.23831397852297,NaN,NaN,NaN,2.193354910911373,2.0955623401479997,NaN,NaN,NaN,NaN,NaN,NaN,NaN,NaN,NaN,NaN,1
2024-08-13T09:01:00-04:00,2.2934062167914755,2.3,2.2934062167914755,2.3,2.286115512271189,2.1996224307231502,2.247145982384491,0,0,20031,20030,0,0,0,0,NaN,NaN,48.79232762232611,NaN,NaN,NaN,2.193354910911373,2.0955623401479997,NaN,NaN,NaN,NaN,NaN,NaN,NaN,NaN,NaN,NaN,1,0,0,0,0,NaN,NaN,48.79232762232611,NaN,NaN,NaN,2.193354910911373,2.0955623401479997,NaN,NaN,NaN,NaN,NaN,NaN,NaN,NaN,NaN,NaN,1
2024-08-13T09:06:00-04:00,2.2967031083957377,2.2967031083957377,2.25,2.26,2.281367237312791,2.200544225673942,2.247208921314205,0,0,20031,20030,0,0,0,0,NaN,NaN,47.60735740407454,NaN,NaN,NaN,2.193354910911373,2.0955623401479997,NaN,NaN,NaN,NaN,NaN,NaN,NaN,NaN,NaN,NaN,1,0,0,0,0,NaN,NaN,47.60735740407454,NaN,NaN,NaN,2.193354910911373,2.0955623401479997,NaN,NaN,NaN,NaN,NaN,NaN,NaN,NaN,NaN,NaN,1
2024-08-13T09:10:00-04:00,2.2783515541978687,2.32,2.2783515541978687,2.315,2.287482285074102,2.2022916420758665,2.2502191091147297,1,0,20031,20030,0,0,0,0,NaN,NaN,48.59430261190488,NaN,NaN,NaN,2.193354910911373,2.0955623401479997,NaN,NaN,NaN,NaN,NaN,NaN,NaN,NaN,NaN,NaN,1,0,0,0,0,NaN,NaN,48.59430261190488,NaN,NaN,NaN,2.193354910911373,2.0955623401479997,NaN,NaN,NaN,NaN,NaN,NaN,NaN,NaN,NaN,NaN,1
2024-08-13T09:11:00-04:00,2.296675777098934,2.32,2.296675777098934,2.315,2.2924855059697196,2.2040123803647846,2.25164353277657,0,0,20031,20030,0,0,0,0,NaN,NaN,49.47642775745773,NaN,NaN,NaN,2.193354910911373,2.0955623401479997,NaN,NaN,NaN,NaN,NaN,NaN,NaN,NaN,NaN,NaN,1,0,0,0,0,NaN,NaN,49.47642775745773,NaN,NaN,NaN,2.193354910911373,2.0955623401479997,NaN,NaN,NaN,NaN,NaN,NaN,NaN,NaN,NaN,NaN,1
2024-08-13T09:13:00-04:00,2.3058378885494673,2.32,2.3058378885494673,2.32,2.2974881412479524,2.205783183717994,2.2525509809676474,0,0,20031,20030,0,0,0,0,NaN,NaN,50.35523142410935,NaN,NaN,NaN,2.193354910911373,2.0955623401479997,NaN,NaN,NaN,NaN,NaN,NaN,NaN,NaN,NaN,NaN,1,0,0,0,0,NaN,NaN,50.35523142410935,NaN,NaN,NaN,2.193354910911373,2.0955623401479997,NaN,NaN,NaN,NaN,NaN,NaN,NaN,NaN,NaN,NaN,1
2024-08-13T09:14:00-04:00,2.3129189442747338,2.3129189442747338,2.2505,2.2505,2.288944842839234,2.2064658832032156,2.2525342633853596,0,0,20031,20030,0,0,0,0,NaN,NaN,47.98613012636152,NaN,NaN,NaN,2.193354910911373,2.0955623401479997,NaN,NaN,NaN,NaN,NaN,NaN,NaN,NaN,NaN,NaN,1,0,0,0,0,NaN,NaN,47.98613012636152,NaN,NaN,NaN,2.193354910911373,2.0955623401479997,NaN,NaN,NaN,NaN,NaN,NaN,NaN,NaN,NaN,NaN,1
2024-08-13T09:22:00-04:00,2.2817094721373667,2.31,2.2817094721373667,2.31,2.2927730532321005,2.2080465567420977,2.2535456057372905,0,0,20031,20030,0,0,0,0,NaN,NaN,47.792502947378615,NaN,NaN,NaN,2.193354910911373,2.0955623401479997,NaN,NaN,NaN,NaN,NaN,NaN,NaN,NaN,NaN,NaN,1,0,0,0,0,NaN,NaN,47.792502947378615,NaN,NaN,NaN,2.193354910911373,2.0955623401479997,NaN,NaN,NaN,NaN,NaN,NaN,NaN,NaN,NaN,NaN,1
2024-08-13T09:23:00-04:00,2.2958547360686836,2.32,2.2958547360686836,2.32,2.2977234071899004,2.209755769616264,2.2538511967065933,1,0,20031,20030,0,0,0,0,NaN,NaN,48.424459076862284,NaN,NaN,NaN,2.193354910911373,2.0955623401479997,NaN,NaN,NaN,NaN,NaN,NaN,NaN,NaN,NaN,NaN,1,0,0,0,0,NaN,NaN,48.424459076862284,NaN,NaN,NaN,2.193354910911373,2.0955623401479997,NaN,NaN,NaN,NaN,NaN,NaN,NaN,NaN,NaN,NaN,1
2024-08-13T09:24:00-04:00,2.307927368034342,2.307927368034342,2.25,2.25,2.289046424064464,2.210370185347313,2.253812294886524,0,0,20031,20030,0,0,0,0,NaN,NaN,49.164745020083416,NaN,NaN,NaN,2.193354910911373,2.0955623401479997,NaN,NaN,NaN,NaN,NaN,NaN,NaN,NaN,NaN,NaN,1,0,0,0,0,NaN,NaN,49.164745020083416,NaN,NaN,NaN,2.193354910911373,2.0955623401479997,NaN,NaN,NaN,NaN,NaN,NaN,NaN,NaN,NaN,NaN,1
2024-08-13T09:25:00-04:00,2.278963684017171,2.278963684017171,2.21,2.235,2.2792198015072884,2.210746213051934,2.25155193485019,0,0,20031,20030,0,0,0,0,NaN,NaN,49.018354255678204,NaN,NaN,NaN,2.193354910911373,2.0955623401479997,NaN,NaN,NaN,NaN,NaN,NaN,NaN,NaN,NaN,NaN,1,0,0,0,0,NaN,NaN,49.018354255678204,NaN,NaN,NaN,2.193354910911373,2.0955623401479997,NaN,NaN,NaN,NaN,NaN,NaN,NaN,NaN,NaN,NaN,1
2024-08-13T09:26:00-04:00,2.256981842008585,2.256981842008585,2.21,2.21,2.266634383051418,2.210734820486256,2.2507781051134237,0,0,20031,20030,0,0,0,0,NaN,NaN,41.302609481039795,NaN,NaN,NaN,2.193354910911373,2.0955623401479997,NaN,NaN,NaN,NaN,NaN,NaN,NaN,NaN,NaN,NaN,1,0,0,0,0,NaN,NaN,41.302609481039795,NaN,NaN,NaN,2.193354910911373,2.0955623401479997,NaN,NaN,NaN,NaN,NaN,NaN,NaN,NaN,NaN,NaN,1
2024-08-13T09:27:00-04:00,2.2334909210042926,2.25,2.2334909210042926,2.25,2.263609949769342,2.2113342888757788,2.250772322954596,0,0,20031,20030,0,0,0,0,NaN,NaN,38.329210578600595,NaN,NaN,NaN,2.193354910911373,2.0955623401479997,NaN,NaN,NaN,NaN,NaN,NaN,NaN,NaN,NaN,NaN,1,0,0,0,0,NaN,NaN,38.329210578600595,NaN,NaN,NaN,2.193354910911373,2.0955623401479997,NaN,NaN,NaN,NaN,NaN,NaN,NaN,NaN,NaN,NaN,1
2024-08-13T09:29:00-04:00,2.2417454605021465,2.3184,2.24,2.2792000000000003,2.2664445043567345,2.212370406602866,2.2514467172083577,0,0,20031,20030,0,0,0,0,NaN,NaN,36.58195429613206,NaN,NaN,NaN,2.193354910911373,2.0955623401479997,NaN,NaN,NaN,NaN,NaN,NaN,NaN,NaN,NaN,NaN,1,0,0,0,0,NaN,NaN,36.58195429613206,NaN,NaN,NaN,2.193354910911373,2.0955623401479997,NaN,NaN,NaN,NaN,NaN,NaN,NaN,NaN,NaN,NaN,1
2024-08-13T09:30:00-04:00,2.2604727302510734,2.27,2.24,2.25625,2.2645909581100554,2.213040324059311,2.252046622490279,0,0,20031,20030,0,0,0,0,NaN,NaN,33.70948645786358,NaN,NaN,NaN,2.193354910911373,2.0955623401479997,NaN,NaN,NaN,NaN,NaN,NaN,NaN,NaN,NaN,NaN,1,0,0,0,0,NaN,NaN,33.70948645786358,NaN,NaN,NaN,2.193354910911373,2.0955623401479997,NaN,NaN,NaN,NaN,NaN,NaN,NaN,NaN,NaN,NaN,1
2024-08-13T09:31:00-04:00,2.2583613651255368,2.2583613651255368,2.23,2.2350000000000003,2.259210783908227,2.213375586287413,2.251261733488781,0,0,20031,20030,0,0,0,0,NaN,NaN,29.139298605605575,NaN,NaN,NaN,2.193354910911373,2.0955623401479997,NaN,NaN,NaN,NaN,NaN,NaN,NaN,NaN,NaN,NaN,1,0,0,0,0,NaN,NaN,29.139298605605575,NaN,NaN,NaN,2.193354910911373,2.0955623401479997,NaN,NaN,NaN,NaN,NaN,NaN,NaN,NaN,NaN,NaN,1
2024-08-13T09:32:00-04:00,2.2466806825627685,2.2466806825627685,2.22,2.225,2.2529906413794585,2.2135530582524905,2.2501837795652873,0,0,20031,20030,0,0,0,0,NaN,NaN,23.94769662091831,NaN,NaN,NaN,2.193354910911373,2.0955623401479997,NaN,NaN,NaN,NaN,NaN,NaN,NaN,NaN,NaN,NaN,1,0,0,0,0,NaN,NaN,23.94769662091831,NaN,NaN,NaN,2.193354910911373,2.0955623401479997,NaN,NaN,NaN,NaN,NaN,NaN,NaN,NaN,NaN,NaN,1
2024-08-13T09:33:00-04:00,2.235840341281384,2.235840341281384,2.22,2.22,2.2469923429468297,2.2136514848440556,2.2495799235902623,0,0,20031,20030,0,0,0,0,NaN,NaN,18.41577597463097,NaN,NaN,NaN,2.193354910911373,2.0955623401479997,NaN,NaN,NaN,NaN,NaN,NaN,NaN,NaN,NaN,NaN,1,0,0,0,0,NaN,NaN,18.41577597463097,NaN,NaN,NaN,2.193354910911373,2.0955623401479997,NaN,NaN,NaN,NaN,NaN,NaN,NaN,NaN,NaN,NaN,1
2024-08-13T09:34:00-04:00,2.227920170640692,2.2307,2.21,2.2201750000000002,2.2421164624110426,2.2137510804952916,2.2462941686678466,0,0,20031,20030,0,0,0,0,NaN,NaN,13.768266003444676,NaN,NaN,NaN,2.193354910911373,2.0955623401479997,NaN,NaN,NaN,NaN,NaN,NaN,NaN,NaN,NaN,NaN,1,0,0,0,0,NaN,NaN,13.768266003444676,NaN,NaN,NaN,2.193354910911373,2.0955623401479997,NaN,NaN,NaN,NaN,NaN,NaN,NaN,NaN,NaN,NaN,1
2024-08-13T09:35:00-04:00,2.224047585320346,2.224047585320346,2.21,2.21,2.2362771056090347,2.213693812090783,2.243152017744375,0,0,20031,20030,0,0,0,0,NaN,NaN,9.17112807705794,NaN,NaN,NaN,2.193354910911373,2.0955623401479997,NaN,NaN,NaN,NaN,NaN,NaN,NaN,NaN,NaN,NaN,1,0,0,0,0,NaN,NaN,9.17112807705794,NaN,NaN,NaN,2.193354910911373,2.0955623401479997,NaN,NaN,NaN,NaN,NaN,NaN,NaN,NaN,NaN,NaN,1
2024-08-13T09:36:00-04:00,2.2170237926601732,2.2170237926601732,2.21,2.21,2.2314994500437555,2.2136374180130614,2.2418641214491792,0,0,20031,20030,0,0,0,0,NaN,NaN,5.7290595903605075,NaN,NaN,NaN,2.193354910911373,2.0955623401479997,NaN,NaN,NaN,NaN,NaN,NaN,NaN,NaN,NaN,NaN,1,0,0,0,0,NaN,NaN,5.7290595903605075,NaN,NaN,NaN,2.193354910911373,2.0955623401479997,NaN,NaN,NaN,NaN,NaN,NaN,NaN,NaN,NaN,NaN,1
2024-08-13T09:37:00-04:00,2.2135118963300866,2.23,2.2135118963300866,2.225,2.2303177318539817,2.213810892547213,2.2417052620442535,0,0,20031,20030,0,0,0,0,NaN,NaN,4.873222597261054,NaN,NaN,NaN,2.193354910911373,2.0955623401479997,NaN,NaN,NaN,NaN,NaN,NaN,NaN,NaN,NaN,NaN,1,0,0,0,0,NaN,NaN,4.873222597261054,NaN,NaN,NaN,2.193354910911373,2.0955623401479997,NaN,NaN,NaN,NaN,NaN,NaN,NaN,NaN,NaN,NaN,1
2024-08-13T09:38:00-04:00,2.2192559481650433,2.2297,2.2192559481650433,2.22485,2.2293235987896214,2.2139794285388588,2.241342693623155,0,0,20031,20030,0,0,0,0,NaN,NaN,3.0949100277252954,NaN,NaN,NaN,2.193354910911373,2.0955623401479997,NaN,NaN,NaN,NaN,NaN,NaN,NaN,NaN,NaN,NaN,1,0,0,0,0,NaN,NaN,3.0949100277252954,NaN,NaN,NaN,2.193354910911373,2.0955623401479997,NaN,NaN,NaN,NaN,NaN,NaN,NaN,NaN,NaN,NaN,1
2024-08-13T09:39:00-04:00,2.222052974082522,2.222052974082522,2.205,2.20845,2.2255283990096904,2.2138950097825405,2.239672705206739,0,0,20031,20030,0,0,0,0,NaN,NaN,2.3441508150618464,NaN,NaN,NaN,2.193354910911373,2.0955623401479997,NaN,NaN,NaN,NaN,NaN,NaN,NaN,NaN,NaN,NaN,1,0,0,0,0,NaN,NaN,2.3441508150618464,NaN,NaN,NaN,2.193354910911373,2.0955623401479997,NaN,NaN,NaN,NaN,NaN,NaN,NaN,NaN,NaN,NaN,1
2024-08-13T09:40:00-04:00,2.215251487041261,2.22,2.2,2.212375,2.2231368719170193,2.2138718035263185,2.238027242811778,0,0,20031,20030,0,0,0,0,NaN,NaN,0.8837698339492436,NaN,NaN,NaN,2.193354910911373,2.0955623401479997,NaN,NaN,NaN,NaN,NaN,NaN,NaN,NaN,NaN,NaN,1,0,0,0,0,NaN,NaN,0.8837698339492436,NaN,NaN,NaN,2.193354910911373,2.0955623401479997,NaN,NaN,NaN,NaN,NaN,NaN,NaN,NaN,NaN,NaN,1
2024-08-13T09:43:00-04:00,2.2138132435206304,2.2138132435206304,2.21,2.21,2.2207483497502887,2.2138126920221,2.2378668320090056,0,0,20031,20030,0,0,0,0,NaN,NaN,0.10931092685736317,NaN,NaN,NaN,2.193354910911373,2.0955623401479997,NaN,NaN,NaN,NaN,NaN,NaN,NaN,NaN,NaN,NaN,1,0,0,0,0,NaN,NaN,0.10931092685736317,NaN,NaN,NaN,2.193354910911373,2.0955623401479997,NaN,NaN,NaN,NaN,NaN,NaN,NaN,NaN,NaN,NaN,1
2024-08-13T09:45:00-04:00,2.211906621760315,2.22,2.21,2.21625,2.219930467977509,2.2138499028309226,2.2374951587651295,0,0,20031,20030,0,0,0,0,NaN,NaN,0.02239314294828852,NaN,NaN,NaN,2.193354910911373,2.0955623401479997,NaN,NaN,NaN,NaN,NaN,NaN,NaN,NaN,NaN,NaN,1,0,0,0,0,NaN,NaN,0.02239314294828852,NaN,NaN,NaN,2.193354910911373,2.0955623401479997,NaN,NaN,NaN,NaN,NaN,NaN,NaN,NaN,NaN,NaN,1
2024-08-13T09:46:00-04:00,2.214078310880158,2.2202,2.205,2.2151,2.219052201072507,2.2138689882838856,2.236492968190286,0,0,20031,20030,0,0,0,0,NaN,NaN,0.0000981682310215814,NaN,NaN,NaN,2.193354910911373,2.0955623401479997,NaN,NaN,NaN,NaN,NaN,NaN,NaN,NaN,NaN,NaN,1,0,0,0,0,NaN,NaN,0.0000981682310215814,NaN,NaN,NaN,2.193354910911373,2.0955623401479997,NaN,NaN,NaN,NaN,NaN,NaN,NaN,NaN,NaN,NaN,1
2024-08-13T09:47:00-04:00,2.2145891554400787,2.25,2.21,2.2325,2.2214972554229604,2.2141534312108493,2.2361823871425983,0,0,20031,20030,0,0,0,0,NaN,NaN,0.07094715177815997,NaN,NaN,NaN,2.193354910911373,2.0955623401479997,NaN,NaN,NaN,NaN,NaN,NaN,NaN,NaN,NaN,NaN,1,0,0,0,0,NaN,NaN,0.07094715177815997,NaN,NaN,NaN,2.193354910911373,2.0955623401479997,NaN,NaN,NaN,NaN,NaN,NaN,NaN,NaN,NaN,NaN,1
2024-08-13T09:48:00-04:00,2.2235445777200393,2.24,2.2235445777200393,2.24,2.224861390800604,2.2145480353145004,2.2361863242221993,0,0,20031,20030,0,0,0,0,NaN,NaN,0.3348839869503875,NaN,NaN,NaN,2.193354910911373,2.0955623401479997,NaN,NaN,NaN,NaN,NaN,NaN,NaN,NaN,NaN,NaN,1,0,0,0,0,NaN,NaN,0.3348839869503875,NaN,NaN,NaN,2.193354910911373,2.0955623401479997,NaN,NaN,NaN,NaN,NaN,NaN,NaN,NaN,NaN,NaN,1
2024-08-13T09:49:00-04:00,2.2317722888600198,2.2499,2.2317722888600198,2.2499,2.229413865200494,2.2150877599661873,2.2362085771473765,0,0,20031,20030,0,0,0,0,NaN,NaN,0.8200544420707476,NaN,NaN,NaN,2.193354910911373,2.0955623401479997,NaN,NaN,NaN,NaN,NaN,NaN,NaN,NaN,NaN,NaN,1,0,0,0,0,NaN,NaN,0.8200544420707476,NaN,NaN,NaN,2.193354910911373,2.0955623401479997,NaN,NaN,NaN,NaN,NaN,NaN,NaN,NaN,NaN,NaN,1
2024-08-13T09:50:00-04:00,2.24083614443001,2.24083614443001,2.23,2.23,2.2295204351640407,2.215315427752963,2.2361987738083493,0,0,20031,20030,0,0,0,0,NaN,NaN,1.8017440821561137,NaN,NaN,NaN,2.193354910911373,2.0955623401479997,NaN,NaN,NaN,NaN,NaN,NaN,NaN,NaN,NaN,NaN,1,0,0,0,0,NaN,NaN,1.8017440821561137,NaN,NaN,NaN,2.193354910911373,2.0955623401479997,NaN,NaN,NaN,NaN,NaN,NaN,NaN,NaN,NaN,NaN,1
2024-08-13T09:51:00-04:00,2.2354180722150048,2.2354180722150048,2.2287,2.2287,2.229371265134215,2.2155197723674216,2.2361376072628802,0,0,20031,20030,0,0,0,0,NaN,NaN,2.8196397127164317,NaN,NaN,NaN,2.193354910911373,2.0955623401479997,NaN,NaN,NaN,NaN,NaN,NaN,NaN,NaN,NaN,NaN,1,0,0,0,0,NaN,NaN,2.8196397127164317,NaN,NaN,NaN,2.193354910911373,2.0955623401479997,NaN,NaN,NaN,NaN,NaN,NaN,NaN,NaN,NaN,NaN,1
2024-08-13T09:52:00-04:00,2.2320590361075023,2.2320590361075023,2.22,2.22,2.227667398746176,2.215588172789293,2.2361244547499517,0,0,20031,20030,0,0,0,0,NaN,NaN,3.6954914203074973,NaN,NaN,NaN,2.193354910911373,2.0955623401479997,NaN,NaN,NaN,NaN,NaN,NaN,NaN,NaN,NaN,NaN,1,0,0,0,0,NaN,NaN,3.6954914203074973,NaN,NaN,NaN,2.193354910911373,2.0955623401479997,NaN,NaN,NaN,NaN,NaN,NaN,NaN,NaN,NaN,NaN,1
2024-08-13T09:53:00-04:00,2.2260295180537515,2.23,2.2260295180537515,2.23,2.228091508065053,2.2158082006856397,2.2361169267462784,0,0,20031,20030,0,0,0,0,NaN,NaN,4.39241610483425,NaN,NaN,NaN,2.193354910911373,2.0955623401479997,NaN,NaN,NaN,NaN,NaN,NaN,NaN,NaN,NaN,NaN,1,0,0,0,0,NaN,NaN,4.39241610483425,NaN,NaN,NaN,2.193354910911373,2.0955623401479997,NaN,NaN,NaN,NaN,NaN,NaN,NaN,NaN,NaN,NaN,1
2024-08-13T09:54:00-04:00,2.228014759026876,2.23,2.228014759026876,2.23,2.22843850659868,2.216024869377462,2.2361108083272345,0,0,20031,20030,0,0,0,0,NaN,NaN,5.128215974567327,NaN,NaN,NaN,2.193354910911373,2.0955623401479997,NaN,NaN,NaN,NaN,NaN,NaN,NaN,NaN,NaN,NaN,1,0,0,0,0,NaN,NaN,5.128215974567327,NaN,NaN,NaN,2.193354910911373,2.0955623401479997,NaN,NaN,NaN,NaN,NaN,NaN,NaN,NaN,NaN,NaN,1
2024-08-13T09:55:00-04:00,2.2290073795134377,2.23,2.2290073795134377,2.23,2.228722414489829,2.216238230150325,2.236091192873239,0,0,20031,20030,0,0,0,0,NaN,NaN,5.898503814302472,NaN,NaN,NaN,2.193354910911373,2.0955623401479997,NaN,NaN,NaN,NaN,NaN,NaN,NaN,NaN,NaN,NaN,1,0,0,0,0,NaN,NaN,5.898503814302472,NaN,NaN,NaN,2.193354910911373,2.0955623401479997,NaN,NaN,NaN,NaN,NaN,NaN,NaN,NaN,NaN,NaN,1
2024-08-13T09:58:00-04:00,2.2295036897567186,2.2295036897567186,2.225,2.225,2.2280456118553147,2.216371997628946,2.2360822096771584,0,0,20031,20030,0,0,0,0,NaN,NaN,7.236013759074661,NaN,NaN,NaN,2.193354910911373,2.0955623401479997,NaN,NaN,NaN,NaN,NaN,NaN,NaN,NaN,NaN,NaN,1,0,0,0,0,NaN,NaN,7.236013759074661,NaN,NaN,NaN,2.193354910911373,2.0955623401479997,NaN,NaN,NaN,NaN,NaN,NaN,NaN,NaN,NaN,NaN,1
2024-08-13T09:59:00-04:00,2.227251844878359,2.227251844878359,2.205,2.2087250000000003,2.2245327733361666,2.2162552495735426,2.2339790991267163,0,0,20031,20030,0,0,0,0,NaN,NaN,10.711657946094505,NaN,NaN,NaN,2.193354910911373,2.0955623401479997,NaN,NaN,NaN,NaN,NaN,NaN,NaN,NaN,NaN,NaN,1,0,0,0,0,NaN,NaN,10.711657946094505,NaN,NaN,NaN,2.193354910911373,2.0955623401479997,NaN,NaN,NaN,NaN,NaN,NaN,NaN,NaN,NaN,NaN,1
2024-08-13T10:00:00-04:00,2.2179884224391797,2.2179884224391797,2.21,2.21,2.2218904509114092,2.2161597495800534,2.233954025379422,0,0,20031,20030,0,0,0,0,NaN,NaN,14.811304144089668,NaN,NaN,NaN,2.193354910911373,2.0955623401479997,NaN,NaN,NaN,NaN,NaN,NaN,NaN,NaN,NaN,NaN,1,0,0,0,0,NaN,NaN,14.811304144089668,NaN,NaN,NaN,2.193354910911373,2.0955623401479997,NaN,NaN,NaN,NaN,NaN,NaN,NaN,NaN,NaN,NaN,1
2024-08-13T10:01:00-04:00,2.21399421121959,2.21399421121959,2.205,2.205,2.2188194598366078,2.2159893717238694,2.233846299892848,0,0,20031,20030,0,0,0,0,NaN,NaN,19.006508793612433,NaN,NaN,NaN,2.193354910911373,2.0955623401479997,NaN,NaN,NaN,NaN,NaN,NaN,NaN,NaN,NaN,NaN,1,0,0,0,0,NaN,NaN,19.006508793612433,NaN,NaN,NaN,2.193354910911373,2.0955623401479997,NaN,NaN,NaN,NaN,NaN,NaN,NaN,NaN,NaN,NaN,1
2024-08-13T10:02:00-04:00,2.209497105609795,2.21,2.19,2.1999999999999997,2.2153977398663156,2.2157452591784668,2.2289809845873503,0,0,20031,20030,0,0,0,0,NaN,NaN,23.832184607515405,NaN,NaN,NaN,2.193354910911373,2.0955623401479997,NaN,NaN,NaN,NaN,NaN,NaN,NaN,NaN,NaN,NaN,1,0,0,0,0,NaN,NaN,23.832184607515405,NaN,NaN,NaN,2.193354910911373,2.0955623401479997,NaN,NaN,NaN,NaN,NaN,NaN,NaN,NaN,NaN,NaN,1
2024-08-13T10:03:00-04:00,2.2047485528048973,2.2047485528048973,2.19,2.19,2.210779968981531,2.215352201786429,2.2289066165762583,0,0,20031,20030,0,0,0,0,NaN,NaN,29.429797633087144,NaN,NaN,NaN,2.193354910911373,2.0955623401479997,NaN,NaN,NaN,NaN,NaN,NaN,NaN,NaN,NaN,NaN,1,0,0,0,0,NaN,NaN,29.429797633087144,NaN,NaN,NaN,2.193354910911373,2.0955623401479997,NaN,NaN,NaN,NaN,NaN,NaN,NaN,NaN,NaN,NaN,1