time,open,high,low,close,Bullish,Bullish+,Bearish,Bearish+,Bullish Exit,Bearish Exit,Trend Strength,Take Profit,Stop Loss,Bar Color Value,Trend Tracer,Trend Catcher,Smart Trail,Smart Trail Extremity,RZ R3 Band,RZ R2 Band,RZ R1 Band,RZ S1 Band,RZ S2 Band,RZ S3 Band,Neo Lead,Neo Lag,Custom Alert Condition Highlighter,Histogram,MACD,Signal
2022-04-12,33.53702090740204,33.53702090740204,30.2,31.77,0,0,0,0,NaN,NaN,NaN,NaN,NaN,NaN,31.77,38.82787878023743,NaN,NaN,NaN,NaN,NaN,NaN,NaN,NaN,NaN,NaN,1,NaN,NaN,NaN
2022-04-13,32.65351045370102,33.56,31.4,32.68000000000001,0,0,0,0,NaN,NaN,NaN,NaN,NaN,NaN,32.68000000000001,38.82787878023743,NaN,NaN,NaN,NaN,NaN,NaN,NaN,NaN,NaN,NaN,1,NaN,-14.387643952850738,NaN
2022-04-14,32.66675522685051,33.12,31.2,31.980000000000004,0,0,0,0,NaN,NaN,NaN,NaN,NaN,NaN,31.980000000000004,38.82787878023743,NaN,NaN,NaN,NaN,NaN,NaN,NaN,NaN,NaN,NaN,1,NaN,-13.813261736129022,NaN
2022-04-18,32.32337761342526,32.32337761342526,30.4,31.439999999999998,0,0,0,0,NaN,NaN,NaN,NaN,NaN,NaN,31.439999999999998,35.845956055944825,NaN,NaN,NaN,NaN,NaN,NaN,NaN,NaN,NaN,NaN,1,NaN,-13.248908013784316,NaN
2022-04-19,31.881688806712628,32.8,31.6,32.2,0,0,0,0,NaN,NaN,NaN,NaN,NaN,NaN,32.2,35.845956055944825,NaN,NaN,NaN,NaN,NaN,NaN,NaN,NaN,NaN,NaN,1,NaN,-12.595139051676256,NaN
2022-04-20,32.04084440335632,32.56,31.48,32.120000000000005,0,0,0,0,NaN,NaN,NaN,NaN,NaN,NaN,32.120000000000005,35.845956055944825,NaN,NaN,NaN,NaN,NaN,NaN,NaN,NaN,NaN,NaN,1,NaN,-11.945774320091004,NaN
2022-04-21,32.08042220167816,32.08042220167816,30.84,31.2,0,0,0,0,NaN,NaN,NaN,NaN,NaN,NaN,31.2,33.825054512448,NaN,NaN,NaN,NaN,NaN,NaN,NaN,NaN,NaN,NaN,1,NaN,-11.374268911355088,NaN
2022-04-22,31.640211100839082,31.640211100839082,28.8,29.990000000000002,0,0,0,0,NaN,NaN,NaN,NaN,NaN,NaN,29.990000000000002,31.7665299818464,NaN,NaN,NaN,NaN,NaN,NaN,NaN,NaN,NaN,NaN,1,NaN,-10.893411181874185,NaN
2022-04-25,30.815105550419542,30.815105550419542,28.12,28.96,0,0,0,0,NaN,NaN,NaN,NaN,NaN,NaN,28.96,30.151595590560127,NaN,NaN,NaN,NaN,NaN,NaN,NaN,NaN,NaN,NaN,1,NaN,-10.474694599723911,NaN
2022-04-26,29.88755277520977,29.88755277520977,26.48,28.2,0,0,0,0,NaN,NaN,NaN,NaN,NaN,NaN,28.2,28.970081839374462,NaN,NaN,NaN,NaN,NaN,NaN,NaN,NaN,NaN,NaN,1,2.003324783882274,-10.087897339068007,-12.091222122950281
2022-04-27,29.043776387604886,29.043776387604886,26.4,26.900000000000002,0,0,0,0,NaN,NaN,NaN,NaN,NaN,NaN,26.900000000000002,27.553237646112255,NaN,NaN,NaN,NaN,NaN,NaN,NaN,NaN,NaN,NaN,1,1.854103328044042,-9.77359296289523,-11.627696290939271
2022-04-28,27.971888193802442,27.971888193802442,26.44,26.98,0,0,0,0,NaN,NaN,NaN,NaN,NaN,NaN,26.98,27.553237646112255,NaN,NaN,NaN,NaN,NaN,NaN,NaN,NaN,NaN,NaN,1,1.7744919508662171,-9.4095813523565,-11.184073303222718
2022-04-29,27.475944096901223,28.88,26.44,27.25,0,0,0,0,NaN,NaN,NaN,NaN,NaN,NaN,27.25,27.553237646112255,NaN,NaN,NaN,NaN,NaN,NaN,NaN,NaN,NaN,NaN,1,1.7507651123911554,-8.995616912733773,-10.746382025124928
2022-05-02,27.36297204845061,27.96,25.6,27.14,0,0,0,0,NaN,NaN,NaN,NaN,NaN,NaN,27.14,27.553237646112255,NaN,NaN,NaN,NaN,NaN,NaN,NaN,NaN,NaN,NaN,1,1.7350683601059398,-8.577546574992503,-10.312614935098443
2022-05-03,27.251486024225308,27.28,25.68,26.65,0,0,0,0,NaN,NaN,NaN,NaN,NaN,NaN,26.65,26.984642187828268,NaN,NaN,NaN,NaN,NaN,NaN,NaN,NaN,NaN,NaN,1,1.6970222759566997,-8.191337090152569,-9.888359366109269
2022-05-04,26.950743012112653,26.950743012112653,25,25.68,0,0,0,0,NaN,NaN,NaN,NaN,NaN,NaN,25.68,26.007856875131306,NaN,NaN,NaN,NaN,NaN,NaN,NaN,NaN,NaN,NaN,1,1.6124621665011851,-7.872781657982788,-9.485243824483973
2022-05-05,26.315371506056326,26.4,25.2,25.75,0,0,0,0,NaN,NaN,NaN,NaN,NaN,NaN,25.75,26.007856875131306,NaN,NaN,NaN,NaN,NaN,NaN,NaN,NaN,NaN,NaN,1,1.5658759907020787,-7.527898836106374,-9.093774826808453
2022-05-10,26.03268575302816,27.8,24,25.56,0,0,0,0,NaN,NaN,NaN,NaN,NaN,NaN,25.56,25.70350704379858,NaN,NaN,NaN,NaN,NaN,NaN,NaN,NaN,NaN,NaN,1,1.52537172443731,-7.187060171261816,-8.712431895699126
2022-05-11,25.796342876514082,25.796342876514082,22.6,23.4,0,0,0,0,NaN,NaN,NaN,NaN,NaN,NaN,23.4,23.815992394891516,NaN,NaN,NaN,NaN,NaN,NaN,NaN,NaN,NaN,NaN,1,1.361605353378451,-7.010425203976062,-8.372030557354513
2022-05-12,24.59817143825704,25.2,23.72,24.51,0,0,0,0,NaN,NaN,NaN,NaN,NaN,NaN,24.51,24.33795,NaN,NaN,NaN,NaN,NaN,NaN,NaN,NaN,NaN,NaN,1,1.3347459734594285,-6.703598090530228,-8.038344063989657
2022-05-13,24.554085719128523,30.16,24.554085719128523,28.840000000000003,0,0,0,0,NaN,NaN,NaN,NaN,NaN,NaN,28.840000000000003,26.5730615,NaN,NaN,NaN,NaN,NaN,NaN,NaN,NaN,NaN,NaN,1,1.5975559777640695,-6.0413990917845695,-7.638955069548639
2022-05-16,26.697042859564263,30.72,26.697042859564263,30.220000000000002,0,0,0,0,NaN,NaN,NaN,NaN,NaN,NaN,30.220000000000002,27.440477810000004,NaN,NaN,NaN,NaN,NaN,NaN,NaN,NaN,NaN,NaN,1,1.8362449440852027,-5.343648889442136,-7.179893833527339
2022-05-17,28.45852142978213,34,28.45852142978213,33.48,0,0,0,0,NaN,NaN,NaN,NaN,NaN,NaN,33.48,29.4673348071,NaN,NaN,NaN,NaN,NaN,NaN,NaN,NaN,NaN,NaN,1,2.16309487538654,-4.476025239294163,-6.639120114680703
2022-05-18,30.969260714891064,34.6,30.969260714891064,34,0,0,0,0,NaN,NaN,NaN,NaN,NaN,NaN,34,30.240054630248,NaN,NaN,NaN,NaN,NaN,NaN,NaN,NaN,NaN,NaN,1,2.3482778484525193,-3.7037728041150544,-6.052050652567574
2022-05-19,32.48463035744553,34.56,30.8,33.03,0,0,0,0,NaN,NaN,NaN,NaN,NaN,NaN,33.03,30.240054630248,NaN,NaN,NaN,NaN,NaN,NaN,NaN,NaN,NaN,NaN,1,2.3345185998804547,-3.1339024027170055,-5.46842100259746
2022-05-20,32.75731517872276,32.76,29.44,31.45,0,0,0,0,NaN,NaN,NaN,NaN,NaN,NaN,31.45,30.240054630248,NaN,NaN,NaN,NaN,NaN,NaN,NaN,NaN,NaN,NaN,1,2.152537888440734,-2.777748642046543,-4.930286530487277
2022-05-23,32.10365758936138,32.10365758936138,28.92,29.53,0,0,0,0,NaN,NaN,NaN,NaN,NaN,NaN,29.53,30.240054630248,NaN,NaN,NaN,NaN,NaN,NaN,NaN,NaN,NaN,NaN,1,1.8480548777099965,-2.6202179333497817,-4.468272811059778
2022-05-24,30.816828794680692,30.816828794680692,27.48,28.27,0,0,0,0,NaN,NaN,NaN,NaN,NaN,NaN,28.27,30.240054630248,NaN,NaN,NaN,NaN,NaN,NaN,NaN,NaN,NaN,NaN,1,1.5206588688346852,-2.5674492250164214,-4.0881080938511065
2022-05-25,29.543414397340346,29.543414397340346,27.68,28.439999999999998,0,0,0,0,NaN,NaN,NaN,NaN,NaN,NaN,28.439999999999998,30.240054630248,NaN,NaN,NaN,NaN,NaN,NaN,NaN,NaN,NaN,NaN,1,1.2838574465019108,-2.483286285723718,-3.767143732225629
2022-05-26,28.99170719867017,29.16,27.8,28.23,0,0,0,0,NaN,NaN,NaN,NaN,NaN,NaN,28.23,30.240054630248,NaN,NaN,NaN,NaN,NaN,NaN,NaN,NaN,NaN,NaN,1,1.0890755946907307,-2.4057992388622154,-3.494874833552946
2022-05-27,28.610853599335087,30.24,28.4,29.25,0,0,0,0,NaN,NaN,NaN,NaN,NaN,NaN,29.25,30.240054630248,NaN,NaN,NaN,NaN,NaN,NaN,NaN,NaN,NaN,NaN,1,1.0068550850799092,-2.2363059772030596,-3.2431610622829687
2022-05-31,28.930426799667543,30.72,28.76,29.59,0,0,0,0,NaN,NaN,NaN,NaN,NaN,NaN,29.59,30.240054630248,NaN,NaN,NaN,NaN,NaN,NaN,NaN,NaN,NaN,NaN,1,0.9538051412606876,-2.0509046357071092,-3.004709776967797
2022-06-01,29.260213399833773,30.52,27,28.759999999999998,0,0,0,0,NaN,NaN,NaN,NaN,NaN,NaN,28.759999999999998,30.240054630248,NaN,NaN,NaN,NaN,NaN,NaN,NaN,NaN,NaN,NaN,1,0.8449791271492102,-1.948485868031284,-2.793464995180494
2022-06-02,29.010106699916886,29.010106699916886,26.08,27.05,0,0,0,0,NaN,NaN,NaN,NaN,NaN,NaN,27.05,30.240054630248,NaN,NaN,NaN,NaN,NaN,NaN,NaN,NaN,NaN,NaN,1,0.6488131697147606,-1.9824485330370436,-2.631261702751804
2022-06-03,28.030053349958443,30.04,27.6,28.53,0,0,0,0,NaN,NaN,NaN,NaN,NaN,NaN,28.53,30.240054630248,NaN,NaN,NaN,NaN,NaN,NaN,NaN,NaN,NaN,NaN,1,0.6102871426220959,-1.868402774474184,-2.47868991709628
2022-06-06,28.280026674979222,28.280026674979222,25.16,26.73,0,0,0,0,NaN,NaN,NaN,NaN,NaN,NaN,26.73,30.240054630248,NaN,NaN,NaN,NaN,NaN,NaN,NaN,NaN,NaN,NaN,1,0.46187346270778074,-1.9013480887115541,-2.363221551419335
2022-06-07,27.50501333748961,27.50501333748961,24.48,25.660000000000004,0,0,0,0,NaN,NaN,NaN,NaN,NaN,NaN,25.660000000000004,29.2045,NaN,NaN,NaN,NaN,NaN,NaN,NaN,NaN,NaN,NaN,1,0.29789861276353413,-1.9908482854649172,-2.2887468982284513
2022-06-08,26.582506668744806,26.72,25,25.86,0,0,0,0,NaN,NaN,NaN,NaN,NaN,NaN,25.86,29.2045,NaN,NaN,NaN,NaN,NaN,NaN,NaN,NaN,NaN,NaN,1,0.21313561735540665,-2.022327376534193,-2.2354629938895996
2022-06-09,26.221253334372403,26.4,24.56,25.74,0,0,0,0,NaN,NaN,NaN,NaN,NaN,NaN,25.74,29.2045,NaN,NaN,NaN,NaN,NaN,NaN,NaN,NaN,NaN,NaN,1,0.1615570624588809,-2.0335166658159984,-2.1950737282748793
2022-06-10,25.9806266671862,26.08,22.4,24.240000000000002,0,0,0,0,NaN,NaN,NaN,NaN,NaN,NaN,24.240000000000002,28.366865,NaN,NaN,NaN,NaN,NaN,NaN,NaN,NaN,NaN,NaN,1,0.04504510776942405,-2.1387673435630994,-2.1838124513325234
2022-06-13,25.1103133335931,25.1103133335931,21.4,22.63,0,0,0,0,NaN,NaN,NaN,NaN,NaN,NaN,22.63,27.265953099999997,NaN,NaN,NaN,NaN,NaN,NaN,NaN,NaN,NaN,NaN,1,-0.1131807046817852,-2.325288332184755,-2.2121076275029696
2022-06-14,23.87015666679655,23.87015666679655,20.6,21.07,0,0,0,0,NaN,NaN,NaN,NaN,NaN,NaN,21.07,25.998517321,NaN,NaN,NaN,NaN,NaN,NaN,NaN,NaN,NaN,NaN,1,-0.28580865159093527,-2.5693684419916387,-2.2835597904007034
2022-06-15,22.470078333398277,23.2,20.12,21.73,0,0,0,0,NaN,NaN,NaN,NaN,NaN,NaN,21.73,25.998517321,NaN,NaN,NaN,NaN,NaN,NaN,NaN,NaN,NaN,NaN,1,-0.3160875057261405,-2.6786691725583793,-2.362581666832239
2022-06-16,22.10003916669914,22.10003916669914,18.32,19.34,0,0,0,0,NaN,NaN,NaN,NaN,NaN,NaN,19.34,24.43829524248,NaN,NaN,NaN,NaN,NaN,NaN,NaN,NaN,NaN,NaN,1,-0.44948088598403535,-2.924432774312283,-2.4749518883282478
2022-06-17,20.72001958334957,20.72001958334957,18.52,19.3,0,0,0,0,NaN,NaN,NaN,NaN,NaN,NaN,19.3,23.650550956108,NaN,NaN,NaN,NaN,NaN,NaN,NaN,NaN,NaN,NaN,1,-0.4895157843087654,-3.0868466187142047,-2.5973308344054393
2022-06-21,20.010009791674783,20.010009791674783,18.28,18.65,0,0,0,0,NaN,NaN,NaN,NaN,NaN,NaN,18.65,22.48395178400856,NaN,NaN,NaN,NaN,NaN,NaN,NaN,NaN,NaN,NaN,1,-0.5067497687248967,-3.23076804531156,-2.7240182765866634
2022-06-22,19.33000489583739,19.33000489583739,16.52,17.57,0,0,0,0,NaN,NaN,NaN,NaN,NaN,NaN,17.57,21.025421909366763,NaN,NaN,NaN,NaN,NaN,NaN,NaN,NaN,NaN,NaN,1,-0.5350757583030559,-3.3928629744654835,-2.8577872161624276
2022-06-23,18.450002447918695,18.450002447918695,16.6,17.4,0,0,0,0,NaN,NaN,26.078164734583176,NaN,NaN,NaN,17.4,20.090720651118737,NaN,NaN,NaN,NaN,NaN,NaN,NaN,NaN,NaN,NaN,1,-0.5095754866868112,-3.4947565745209417,-2.9851810878341305
2022-06-24,17.92500122395935,18.4,17.4,17.75,0,0,0,0,NaN,NaN,25.46078635405296,NaN,NaN,NaN,17.75,20.090720651118737,NaN,NaN,NaN,NaN,NaN,NaN,NaN,NaN,NaN,NaN,1,-0.4173281129213433,-3.5068412289858095,-3.089513116064466
2022-06-27,17.837500611979674,18.2,17.64,17.98,0,0,0,0,NaN,NaN,24.9087297024914,NaN,NaN,NaN,17.98,20.090720651118737,NaN,NaN,NaN,NaN,NaN,NaN,NaN,NaN,NaN,NaN,1,-0.2947876528713098,-3.4579976821536036,-3.163210029282294
2022-06-28,17.908750305989837,17.908750305989837,16.64,17.17,0,0,0,0,NaN,NaN,25.145359713357703,NaN,NaN,NaN,17.17,19.218176075316677,NaN,NaN,NaN,NaN,NaN,NaN,NaN,NaN,NaN,NaN,1,-0.2253823362971099,-3.4449379496536814,-3.2195556133565715
2022-06-29,17.53937515299492,17.53937515299492,15.64,16.42,0,0,0,0,NaN,NaN,25.971978043952422,NaN,NaN,NaN,16.42,18.116223252721674,NaN,NaN,NaN,NaN,NaN,NaN,NaN,NaN,NaN,NaN,1,-0.18857668787280257,-3.455276473197575,-3.2666997853247723
2022-06-30,16.97968757649746,16.97968757649746,14.52,15.41,0,0,0,0,NaN,NaN,26.767829411427346,NaN,NaN,NaN,15.41,16.884819579323523,NaN,NaN,NaN,NaN,NaN,NaN,NaN,NaN,NaN,NaN,1,-0.190296080968968,-3.5045698865359824,-3.3142738055670145
2022-07-01,16.194843788248733,16.194843788248733,14.16,14.660000000000002,0,0,0,0,NaN,NaN,24.816673093638403,NaN,NaN,NaN,14.660000000000002,15.843884530767056,NaN,NaN,NaN,NaN,NaN,NaN,NaN,NaN,NaN,NaN,1,-0.19904577445475802,-3.563081023635462,-3.364035249180704
2022-07-05,15.427421894124368,15.8,14.6,15.05,0,0,0,0,NaN,NaN,68.42949847924832,NaN,NaN,NaN,15.05,15.843884530767056,NaN,NaN,NaN,NaN,NaN,NaN,NaN,NaN,NaN,NaN,1,-0.1385374482995685,-3.537207059555165,-3.3986696112555963
2022-07-06,15.238710947062184,15.64,14.24,15.1,0,0,0,0,NaN,NaN,78.98366452461255,NaN,NaN,NaN,15.1,15.843884530767056,NaN,NaN,NaN,NaN,NaN,NaN,NaN,NaN,NaN,NaN,1,-0.05917373445662921,-3.4726367793263826,-3.4134630448697534
2022-07-07,15.169355473531091,16.04,15.04,15.48,0,0,0,0,NaN,NaN,79.235093777903,NaN,NaN,NaN,15.48,15.843884530767056,NaN,NaN,NaN,NaN,NaN,NaN,NaN,NaN,NaN,NaN,1,0.04904249204773459,-3.3521599298100853,-3.40120242185782
2022-07-08,15.324677736765546,17.4,15.324677736765546,16.45,0,0,0,0,NaN,NaN,80.69725967900271,NaN,NaN,NaN,16.45,15.843884530767056,NaN,NaN,NaN,NaN,NaN,NaN,NaN,NaN,NaN,NaN,1,0.2072106850027966,-3.142189065604324,-3.3493997506071205
2022-07-11,15.887338868382773,15.887338868382773,15.16,15.4,0,0,0,0,NaN,NaN,81.04457129460376,NaN,NaN,NaN,15.4,15.843884530767056,NaN,NaN,NaN,NaN,NaN,NaN,NaN,NaN,NaN,NaN,1,0.2590124087862855,-3.0256342396242637,-3.284646648410549
2022-07-12,15.643669434191388,15.96,14.48,15.030000000000001,0,0,0,0,NaN,NaN,82.38928550682486,NaN,NaN,NaN,15.030000000000001,15.843884530767056,NaN,NaN,NaN,NaN,NaN,NaN,NaN,NaN,NaN,NaN,1,0.2842358281185189,-2.9293518632624007,-3.2135876913809196
2022-07-13,15.336834717095694,15.336834717095694,14.36,14.58,0,0,0,0,NaN,NaN,83.00082630419118,NaN,NaN,NaN,14.58,15.326569563767904,NaN,NaN,NaN,NaN,NaN,NaN,NaN,NaN,NaN,NaN,1,0.28572498375421596,-2.8564314616881497,-3.1421564454423656
2022-07-14,14.958417358547848,14.958417358547848,14.28,14.41,0,0,0,0,NaN,NaN,83.12233842198204,NaN,NaN,NaN,14.41,14.892310346985385,NaN,NaN,NaN,NaN,NaN,NaN,NaN,NaN,NaN,NaN,1,0.2894776195496318,-2.7803094210053256,-3.0697870405549574
2022-07-15,14.684208679273924,14.684208679273924,13.04,13.899999999999999,0,0,0,0,NaN,NaN,83.10828287044049,NaN,NaN,NaN,13.899999999999999,14.305520690841961,NaN,NaN,NaN,NaN,NaN,NaN,NaN,NaN,NaN,NaN,1,0.2720944577406721,-2.7296689683791175,-3.0017634261197896
2022-07-18,14.29210433963696,14.4,13.4,14.06,0,0,0,0,NaN,NaN,83.07874507568422,NaN,NaN,NaN,14.06,14.305520690841961,NaN,NaN,NaN,NaN,NaN,NaN,NaN,NaN,NaN,NaN,1,0.2845127179776634,-2.6461225286477106,-2.930635246625374
2022-07-19,14.17605216981848,14.6,13.68,14.309999999999999,0,0,0,0,NaN,NaN,83.02341811312216,NaN,NaN,NaN,14.309999999999999,14.305520690841961,NaN,NaN,NaN,NaN,NaN,NaN,NaN,NaN,NaN,NaN,1,0.3200540741900575,-2.530567653887802,-2.8506217280778596
2022-07-20,14.24302608490924,15.28,13.84,14.41,0,0,0,0,NaN,NaN,82.96384805960278,NaN,NaN,NaN,14.41,14.305520690841961,NaN,NaN,NaN,NaN,NaN,NaN,NaN,NaN,NaN,NaN,1,0.3579232848210494,-2.4032176220515478,-2.761140906872597
2022-07-21,14.32651304245462,15.64,14.32651304245462,15.440000000000001,0,0,0,0,NaN,NaN,82.65619287843123,NaN,NaN,NaN,15.440000000000001,15.0396,NaN,NaN,NaN,NaN,NaN,NaN,NaN,NaN,NaN,NaN,1,0.4538010306902902,-2.1938896185097345,-2.6476906492000247
2022-07-22,14.88325652122731,15.4,14.88,15.13,0,0,0,0,NaN,NaN,82.35355488886991,NaN,NaN,NaN,15.13,15.0396,NaN,NaN,NaN,NaN,NaN,NaN,NaN,NaN,NaN,NaN,1,0.49446135890673215,-2.0296139505666098,-2.524075309473342
2022-07-25,15.006628260613656,15.44,14.68,15.14,0,0,0,0,NaN,NaN,82.01625626896248,NaN,NaN,NaN,15.14,15.0396,NaN,NaN,NaN,NaN,NaN,NaN,NaN,NaN,NaN,NaN,1,0.517675672849891,-1.8769807184109784,-2.3946563912608694
2022-07-26,15.073314130306828,15.073314130306828,13.88,14.15,0,0,0,0,NaN,NaN,81.88728441014904,NaN,NaN,NaN,14.15,14.77565,NaN,NaN,NaN,NaN,NaN,NaN,NaN,NaN,NaN,NaN,1,0.4637406789441676,-1.8149805425806598,-2.2787212215248274
2022-07-27,14.611657065153414,14.96,14.12,14.350000000000001,0,0,0,0,NaN,NaN,81.7215507541767,NaN,NaN,NaN,14.350000000000001,14.77565,NaN,NaN,NaN,NaN,NaN,NaN,NaN,NaN,NaN,NaN,1,0.4391634161437348,-1.7297669513451588,-2.1689303674888936
2022-07-28,14.480828532576709,15,13.8,14.5,0,0,0,0,NaN,NaN,81.68283991511616,NaN,NaN,NaN,14.5,14.77565,NaN,NaN,NaN,NaN,NaN,NaN,NaN,NaN,NaN,NaN,1,0.4300835657244302,-1.6313259103333557,-2.061409476057786
2022-07-29,14.490414266288354,14.72,13.84,14.31,0,0,0,0,NaN,NaN,81.70348673480933,NaN,NaN,NaN,14.31,14.77565,NaN,NaN,NaN,NaN,NaN,NaN,NaN,NaN,NaN,NaN,1,0.4085149207723173,-1.5507658250923892,-1.9592807458647066
2022-08-01,14.400207133144178,14.400207133144178,13.44,14.009999999999998,0,0,0,0,NaN,NaN,81.52769574719542,NaN,NaN,NaN,14.009999999999998,14.684780499999999,NaN,NaN,NaN,NaN,NaN,NaN,NaN,NaN,NaN,NaN,1,0.3722981742056277,-1.493908028107672,-1.8662062023132997
2022-08-02,14.205103566572088,14.4,13.92,14.21,0,0,0,0,NaN,13.92,81.32765278326785,NaN,NaN,NaN,14.21,14.684780499999999,NaN,NaN,NaN,NaN,NaN,NaN,NaN,NaN,NaN,NaN,1,0.3598591120898087,-1.4163823122010388,-1.7762414242908475
2022-08-03,14.207551783286045,15,13.92,14.530000000000001,0,0,0,0,NaN,NaN,81.04810442473193,NaN,NaN,NaN,14.530000000000001,14.684780499999999,NaN,NaN,NaN,NaN,NaN,NaN,NaN,NaN,NaN,NaN,1,0.3698134460778355,-1.313974616693553,-1.6837880627713886
2022-08-04,14.368775891643022,15.4,14.368775891643022,15.02,0,0,0,0,NaN,NaN,80.41517184392715,NaN,NaN,NaN,15.02,14.684780499999999,NaN,NaN,NaN,NaN,NaN,NaN,NaN,NaN,NaN,NaN,1,0.4032878274749925,-1.179678278427648,-1.5829661059026405
2022-08-05,14.69438794582151,20,14.69438794582151,18.29,0,0,0,0,NaN,NaN,78.4394538021316,NaN,NaN,NaN,18.29,16.278399999999998,NaN,NaN,NaN,NaN,NaN,NaN,NaN,NaN,NaN,NaN,1,0.6262432674200726,-0.8001620216275498,-1.4264052890476224
2022-08-08,16.492193972910755,19.6,16.492193972910755,19.17,0,0,0,0,NaN,NaN,76.03873174839745,NaN,NaN,NaN,19.17,16.791948,NaN,NaN,NaN,NaN,NaN,NaN,NaN,NaN,NaN,NaN,1,0.802322519819906,-0.42350213927274005,-1.225824659092646
2022-08-09,17.83109698645538,19.88,17.83109698645538,18.88,0,0,0,0,NaN,NaN,73.90642599856079,NaN,NaN,NaN,18.88,16.791948,NaN,NaN,NaN,NaN,NaN,NaN,NaN,NaN,NaN,NaN,1,0.8632949986585783,-0.1467059107694233,-1.0100009094280016
2022-08-10,18.355548493227687,20,18.355548493227687,19.45,0,0,0,0,NaN,NaN,71.60723873244463,NaN,NaN,NaN,19.45,17.083031119999998,NaN,NaN,NaN,NaN,NaN,NaN,NaN,NaN,NaN,NaN,1,0.9018400706795436,0.11729917892142794,-0.7845408917581157
2022-08-11,18.902774246613845,19.96,18.44,18.97,0,0,0,0,NaN,NaN,69.68236770221942,NaN,NaN,NaN,18.97,17.083031119999998,NaN,NaN,NaN,NaN,NaN,NaN,NaN,NaN,NaN,NaN,1,0.8552434592770791,0.28451343233823323,-0.5707300269388459
2022-08-12,18.936387123306922,19.76,18.936387123306922,19.36,0,0,0,0,NaN,NaN,67.87610709935412,NaN,NaN,NaN,19.36,17.083031119999998,NaN,NaN,NaN,NaN,NaN,NaN,NaN,NaN,NaN,NaN,1,0.811296456219994,0.4433905433361467,-0.36790591288384733
2022-08-15,19.14819356165346,19.68,18.64,19.15,0,0,0,0,NaN,NaN,66.06888273515226,NaN,NaN,NaN,19.15,17.083031119999998,NaN,NaN,NaN,NaN,NaN,NaN,NaN,NaN,NaN,NaN,1,0.7311742438388608,0.5460618919147286,-0.1851123519241321
2022-08-16,19.14909678082673,22.6,19.14909678082673,21.77,0,0,0,0,NaN,NaN,62.49793969159595,NaN,NaN,NaN,21.77,18.5604583192,NaN,NaN,NaN,NaN,NaN,NaN,NaN,NaN,NaN,NaN,1,0.8115157444533134,0.8292823286425097,0.0177665841891963
2022-08-17,20.459548390413367,22.6,20.459548390413367,22,0,0,0,0,NaN,NaN,58.79332005798831,NaN,NaN,NaN,22,19.074403320895996,NaN,NaN,NaN,NaN,NaN,NaN,NaN,NaN,NaN,NaN,1,0.8338473323958597,1.060075749684021,0.22622841728816123
2022-08-18,21.229774195206684,22.44,21.229774195206684,22.04,0,0,0,0,NaN,NaN,55.22905310657781,NaN,NaN,NaN,22.04,19.536242822761597,NaN,NaN,NaN,NaN,NaN,NaN,NaN,NaN,NaN,NaN,1,0.8046229093074097,1.2320070539224233,0.4273841446150136
2022-08-19,21.63488709760334,24,21,22.54,0,0,0,0,NaN,NaN,51.71338749901713,NaN,NaN,NaN,22.54,20.28191911466451,NaN,NaN,NaN,NaN,NaN,NaN,NaN,NaN,NaN,NaN,1,0.772138396847343,1.3925571406741923,0.6204187438268494
2022-08-22,22.08744354880167,22.08744354880167,20.24,20.439999999999998,0,0,0,0,NaN,NaN,49.46211254419658,NaN,NaN,NaN,20.439999999999998,20.28191911466451,NaN,NaN,NaN,NaN,NaN,NaN,NaN,NaN,NaN,NaN,1,0.5716276298289618,1.3349532811130516,0.7633256512840898
2022-08-23,21.263721774400835,21.6,18.04,19.5,0,0,0,0,NaN,NaN,47.74613168878646,NaN,NaN,NaN,19.5,20.28191911466451,NaN,NaN,NaN,NaN,NaN,NaN,NaN,NaN,NaN,NaN,1,0.34903800243008476,1.1996231543216958,0.850585151891611
2022-08-24,20.381860887200418,20.381860887200418,17.2,17.89,0,0,0,0,NaN,NaN,47.659535894303,NaN,NaN,NaN,17.89,19.72675,NaN,NaN,NaN,NaN,NaN,NaN,NaN,NaN,NaN,NaN,1,0.08072492619498628,0.9514913096353439,0.8707663834403576
2022-08-25,19.13593044360021,19.13593044360021,16.72,17.4,0,0,0,0,NaN,NaN,47.23778257942824,NaN,NaN,NaN,17.4,19.4192975,NaN,NaN,NaN,NaN,NaN,NaN,NaN,NaN,NaN,NaN,1,-0.13088951209766098,0.7071544933182814,0.8380440054159424
2022-08-26,18.267965221800104,18.267965221800104,17.08,17.45,0,0,0,0,NaN,NaN,45.29212863011486,NaN,NaN,NaN,17.45,19.4192975,NaN,NaN,NaN,NaN,NaN,NaN,NaN,NaN,NaN,NaN,1,-0.261113301895714,0.5116523780462998,0.7727656799420138
2022-08-29,17.85898261090005,18.6,15.36,17.380000000000003,0,0,0,0,NaN,NaN,42.980097259083486,NaN,NaN,NaN,17.380000000000003,19.28753965,NaN,NaN,NaN,NaN,NaN,NaN,NaN,NaN,NaN,NaN,1,-0.3405594533957259,0.3470663631973565,0.6876258165930824
2022-08-30,17.619491305450026,17.64,16.4,16.97,0,0,0,0,NaN,NaN,40.35305593783059,NaN,NaN,NaN,16.97,18.8924110815,NaN,NaN,NaN,NaN,NaN,NaN,NaN,NaN,NaN,NaN,1,-0.40493626821230655,0.18145548132769918,0.5863917495400057
2022-08-31,17.294745652725013,17.294745652725013,16.44,16.75,0,0,0,0,NaN,NaN,37.700952525414195,NaN,NaN,NaN,16.75,18.53852175172,NaN,NaN,NaN,NaN,NaN,NaN,NaN,NaN,NaN,NaN,1,-0.44344488793614956,0.032085639619818807,0.47553052755596836
2022-09-01,17.022372826362506,17.88,16.48,16.93,0,0,0,0,NaN,NaN,34.89163876709049,NaN,NaN,NaN,16.93,18.53852175172,NaN,NaN,NaN,NaN,NaN,NaN,NaN,NaN,NaN,NaN,1,-0.4371833725213354,-0.07094868809570087,0.3662346844256345
2022-09-02,16.976186413181253,17.04,15.76,16.5,0,0,0,0,NaN,NaN,32.276832787338286,NaN,NaN,NaN,16.5,18.126493488962,NaN,NaN,NaN,NaN,NaN,NaN,NaN,NaN,NaN,NaN,1,-0.4411213883176598,-0.18516705097144026,0.25595433734621953
2022-09-06,16.738093206590626,17.96,16.738093206590626,17.580000000000002,0,0,0,0,NaN,NaN,29.26940045089037,NaN,NaN,NaN,17.580000000000002,18.126493488962,NaN,NaN,NaN,NaN,NaN,NaN,NaN,NaN,NaN,NaN,1,-0.35387575814573474,-0.1863903603359489,0.16748539780978583
2022-09-07,17.159046603295316,17.24,16.4,16.779999999999998,0,0,0,0,NaN,NaN,26.796278083992526,NaN,NaN,NaN,16.779999999999998,18.126493488962,NaN,NaN,NaN,NaN,NaN,NaN,NaN,NaN,NaN,NaN,1,-0.33322219884455656,-0.24904235074590986,0.08417984809864669
2022-09-08,16.969523301647655,17.6,16.969523301647655,17.4,0,0,0,0,NaN,NaN,23.897806552873803,NaN,NaN,NaN,17.4,18.126493488962,NaN,NaN,NaN,NaN,NaN,NaN,NaN,NaN,NaN,NaN,1,-0.26400938975315036,-0.2458318890927913,0.018177500660359086
2022-09-09,17.184761650823827,19.08,17.184761650823827,18.81,0,0,0,0,NaN,NaN,20.26591846375664,NaN,NaN,NaN,18.81,18.126493488962,NaN,NaN,NaN,NaN,NaN,NaN,NaN,NaN,NaN,NaN,1,-0.11697114824473405,-0.12803643464555847,-0.011065286400824426
2022-09-12,17.997380825411913,20,17.997380825411913,19.55,0,0,0,0,NaN,NaN,16.07565833891802,NaN,NaN,NaN,19.55,18.126493488962,NaN,NaN,NaN,NaN,NaN,NaN,NaN,NaN,NaN,NaN,1,0.028647345134290826,0.024743895017039108,-0.0039034501172517198
2022-09-13,18.773690412705957,20.8,18.773690412705957,20.27,0,0,0,0,NaN,NaN,11.590824050498275,NaN,NaN,NaN,20.27,18.7243,NaN,NaN,NaN,NaN,NaN,NaN,NaN,NaN,NaN,NaN,1,0.16440075947414706,0.20159749922543213,0.037196739751285054
2022-09-14,19.521845206352978,21,19.521845206352978,20.450000000000003,0,0,0,0,NaN,NaN,7.495334854020226,NaN,NaN,NaN,20.450000000000003,18.863371,NaN,NaN,NaN,NaN,NaN,NaN,NaN,NaN,NaN,NaN,1,0.25201827404178434,0.35221958230351547,0.10020130826173114
2022-09-15,19.98592260317649,20.76,19.98592260317649,20.299999999999997,0,0,0,0,NaN,NaN,4.3173951158595925,NaN,NaN,NaN,20.299999999999997,18.863371,NaN,NaN,NaN,NaN,NaN,NaN,NaN,NaN,NaN,NaN,1,0.2832378546003979,0.4542486265122285,0.17101077191183062
2022-09-16,20.142961301588244,21.6,20.142961301588244,21.110000000000003,0,0,0,0,NaN,NaN,1.4347808072746417,NaN,NaN,NaN,21.110000000000003,19.30836874,NaN,NaN,NaN,NaN,NaN,NaN,NaN,NaN,NaN,NaN,1,0.3380911216321072,0.5936246739519646,0.2555335523198574
2022-09-19,20.62648065079412,22.8,20.62648065079412,21.69,0,0,0,0,NaN,NaN,0.07377048058049192,NaN,NaN,NaN,21.69,19.7866155534,NaN,NaN,NaN,NaN,NaN,NaN,NaN,NaN,NaN,NaN,1,0.38943338585296755,0.7423252846360668,0.3528918987830993
2022-09-20,21.15824032539706,22.92,20.36,22.02,0,0,0,0,NaN,NaN,0.4659989311345307,NaN,NaN,NaN,22.02,20.199821686992,NaN,NaN,NaN,NaN,NaN,NaN,NaN,NaN,NaN,NaN,1,0.4190415617868352,0.8766938510166433,0.4576522892298081
2022-09-21,21.589120162698528,21.6,19.6,20.93,0,0,0,0,NaN,NaN,2.7445580494568946,NaN,NaN,NaN,20.93,20.199821686992,NaN,NaN,NaN,NaN,NaN,NaN,NaN,NaN,NaN,NaN,1,0.3418989596302491,0.8850259887676195,0.5431270291373704
2022-09-22,21.259560081349264,21.259560081349264,19.28,19.43,0,0,0,0,NaN,NaN,6.845001446346844,NaN,NaN,NaN,19.43,20.199821686992,NaN,NaN,NaN,NaN,NaN,NaN,NaN,NaN,NaN,NaN,1,0.17494648149667247,0.761810131008211,0.5868636495115386
2022-09-23,20.34478004067463,20.34478004067463,17.6,18.76,0,0,0,0,NaN,NaN,11.858147464806752,NaN,NaN,NaN,18.76,20.199821686992,NaN,NaN,NaN,NaN,NaN,NaN,NaN,NaN,NaN,NaN,1,0.013024760336094454,0.6031445999316567,0.5901198395955622
2022-09-26,19.552390020337317,19.552390020337317,16.88,17.779999999999998,0,0,0,0,NaN,NaN,16.30436482375591,NaN,NaN,NaN,17.779999999999998,19.581999999999997,NaN,NaN,NaN,NaN,NaN,NaN,NaN,NaN,NaN,NaN,1,-0.15706873747648997,0.3937839177499498,0.5508526552264398
2022-09-27,18.666195010168657,18.666195010168657,14.4,16.729999999999997,0,0,0,0,NaN,NaN,18.976388097227044,NaN,NaN,NaN,16.729999999999997,18.98719,NaN,NaN,NaN,NaN,NaN,NaN,NaN,NaN,NaN,NaN,1,-0.32747680940220264,0.14150664347368647,0.4689834528758891
2022-09-28,17.698097505084327,17.698097505084327,17.04,17.259999999999998,0,0,0,0,NaN,NaN,23.510554203478197,NaN,NaN,NaN,17.259999999999998,18.98719,NaN,NaN,NaN,NaN,NaN,NaN,NaN,NaN,NaN,NaN,1,-0.387570682849096,-0.015479900685480885,0.37209078216361513
2022-09-29,17.479048752542163,17.479048752542163,15.96,16.72,0,0,0,0,NaN,NaN,24.86552820847782,NaN,NaN,NaN,16.72,18.8464586,NaN,NaN,NaN,NaN,NaN,NaN,NaN,NaN,NaN,NaN,1,-0.4427730819853234,-0.18137557031803908,0.2613975116672843
2022-09-30,17.09952437627108,17.64,16.88,17.3,0,0,0,0,NaN,NaN,26.92367272833075,NaN,NaN,NaN,17.3,18.8464586,NaN,NaN,NaN,NaN,NaN,NaN,NaN,NaN,NaN,NaN,1,-0.41953084591346024,-0.26301604572454096,0.15651480018891925
2022-10-03,17.19976218813554,17.28,14.28,16.43,0,0,0,0,NaN,NaN,27.330306807897976,NaN,NaN,NaN,16.43,18.497027325999998,NaN,NaN,NaN,NaN,NaN,NaN,NaN,NaN,NaN,NaN,1,-0.4399188455145606,-0.3933837567042815,0.046535088810279096
2022-10-04,16.814881094067772,17.8,16.814881094067772,17.509999999999998,0,0,0,0,NaN,NaN,27.72490951238455,NaN,NaN,NaN,17.509999999999998,18.497027325999998,NaN,NaN,NaN,NaN,NaN,NaN,NaN,NaN,NaN,NaN,1,-0.36113755046888407,-0.40488684927582597,-0.04374929880694192
2022-10-05,17.162440547033885,17.88,17.162440547033885,17.58,0,0,0,0,NaN,NaN,28.00951457217397,NaN,NaN,NaN,17.58,18.497027325999998,NaN,NaN,NaN,NaN,NaN,NaN,NaN,NaN,NaN,NaN,1,-0.2879614433610257,-0.40370110300822404,-0.11573965964719836
2022-10-06,17.37122027351694,18.2,17.37122027351694,17.96,0,0,0,0,NaN,NaN,29.062470524298373,NaN,NaN,NaN,17.96,18.497027325999998,NaN,NaN,NaN,NaN,NaN,NaN,NaN,NaN,NaN,NaN,1,-0.2016947737529267,-0.3678581268383567,-0.16616335308543004
2022-10-07,17.66561013675847,19.48,17.66561013675847,18.939999999999998,0,0,0,0,NaN,NaN,31.319187455194452,NaN,NaN,NaN,18.939999999999998,18.497027325999998,NaN,NaN,NaN,NaN,NaN,NaN,NaN,NaN,NaN,NaN,1,-0.07299513306714422,-0.2574072694193603,-0.1844121363522161
2022-10-10,18.302805068379236,18.302805068379236,16.04,17.060000000000002,0,0,0,0,NaN,NaN,30.745168238046894,NaN,NaN,NaN,17.060000000000002,18.497027325999998,NaN,NaN,NaN,NaN,NaN,NaN,NaN,NaN,NaN,NaN,1,-0.10679812384881204,-0.31790979116323115,-0.2111116673144191
2022-10-11,17.68140253418962,17.8,16.32,17.13,0,0,0,0,NaN,NaN,29.489429987144568,NaN,NaN,NaN,17.13,18.497027325999998,NaN,NaN,NaN,NaN,NaN,NaN,NaN,NaN,NaN,NaN,1,-0.11599474822984668,-0.35610510260172745,-0.24011035437188077
2022-10-12,17.40570126709481,18.32,17.36,17.84,0,0,0,0,NaN,NaN,28.088737555681,NaN,NaN,NaN,17.84,18.497027325999998,NaN,NaN,NaN,NaN,NaN,NaN,NaN,NaN,NaN,NaN,1,-0.06817879627089524,-0.32533384971049983,-0.2571550534396046
2022-10-13,17.622850633547404,18.32,16.64,17.67,0,0,0,0,NaN,NaN,25.92869203902669,NaN,NaN,NaN,17.67,18.497027325999998,NaN,NaN,NaN,NaN,NaN,NaN,NaN,NaN,NaN,NaN,1,-0.043139208084684244,-0.3110790635454599,-0.26793985546077564
2022-10-14,17.6464253167737,17.6464253167737,16.8,17.189999999999998,0,0,0,0,NaN,NaN,23.54902888224458,NaN,NaN,NaN,17.189999999999998,18.497027325999998,NaN,NaN,NaN,NaN,NaN,NaN,NaN,NaN,NaN,NaN,1,-0.05337317285050075,-0.33465632152390157,-0.2812831486734008
2022-10-17,17.41821265838685,18.4,16.76,17.31,0,0,0,0,NaN,NaN,21.355313651005034,NaN,NaN,NaN,17.31,18.497027325999998,NaN,NaN,NaN,NaN,NaN,NaN,NaN,NaN,NaN,NaN,1,-0.046767189352708294,-0.3397421353642862,-0.2929749460115779
2022-10-18,17.364106329193426,17.4,17.04,17.22,0,0,0,0,NaN,NaN,19.37437015013114,NaN,NaN,NaN,17.22,18.497027325999998,NaN,NaN,NaN,NaN,NaN,NaN,NaN,NaN,NaN,NaN,1,-0.043247666615270686,-0.34703452928066625,-0.30378686266539556
2022-10-19,17.292053164596712,17.292053164596712,16.6,16.79,0,0,0,0,NaN,NaN,17.758645091790896,NaN,NaN,NaN,16.79,18.497027325999998,NaN,NaN,NaN,NaN,NaN,NaN,NaN,NaN,NaN,NaN,1,-0.06344661240305677,-0.38309512816921654,-0.31964851576615977
2022-10-20,17.041026582298358,17.041026582298358,16.36,16.52,0,0,0,0,NaN,NaN,15.226735021552281,NaN,NaN,NaN,16.52,18.497027325999998,NaN,NaN,NaN,NaN,NaN,NaN,NaN,NaN,NaN,NaN,1,-0.08709753876956772,-0.42852043922811944,-0.3414229004585517
2022-10-21,16.780513291149177,16.780513291149177,16.04,16.240000000000002,0,0,0,0,NaN,NaN,12.398623999150397,NaN,NaN,NaN,16.240000000000002,18.142584046879996,NaN,NaN,NaN,NaN,NaN,NaN,NaN,NaN,NaN,NaN,1,-0.1121119427747076,-0.48156282892693625,-0.36945088615222865
2022-10-24,16.51025664557459,16.51025664557459,15,15.620000000000001,0,0,0,0,NaN,NaN,9.129769097840857,NaN,NaN,NaN,15.620000000000001,17.500696439848,NaN,NaN,NaN,NaN,NaN,NaN,NaN,NaN,NaN,NaN,1,-0.15811213165900773,-0.5670910507259883,-0.4089789190669806
2022-10-25,16.065128322787295,16.76,16,16.53,0,0,0,0,NaN,NaN,6.774394905451622,NaN,NaN,NaN,16.53,17.500696439848,NaN,NaN,NaN,NaN,NaN,NaN,NaN,NaN,NaN,NaN,1,-0.11685300285845523,-0.5550451726400496,-0.43819216978159437
2022-10-26,16.297564161393648,16.8,15.84,16.3,0,0,0,0,NaN,NaN,4.3946028186923805,NaN,NaN,NaN,16.3,17.500696439848,NaN,NaN,NaN,NaN,NaN,NaN,NaN,NaN,NaN,NaN,1,-0.09555010105783285,-0.5576297961038854,-0.46207969504605256
2022-10-27,16.298782080696824,16.36,16.24,16.299999999999997,0,0,0,0,NaN,NaN,2.499436252068398,NaN,NaN,NaN,16.299999999999997,17.500696439848,NaN,NaN,NaN,NaN,NaN,NaN,NaN,NaN,NaN,NaN,1,-0.07297626835199744,-0.5533000304860494,-0.4803237621340519
2022-10-28,16.29939104034841,16.44,16.29939104034841,16.39,0,0,0,0,NaN,NaN,1.162322640856987,NaN,NaN,NaN,16.39,17.500696439848,NaN,NaN,NaN,NaN,NaN,NaN,NaN,NaN,NaN,NaN,1,-0.04487928096798177,-0.5364228633440291,-0.49154358237604734
2022-10-31,16.344695520174206,16.4,15.72,15.919999999999998,0,0,0,0,NaN,NaN,0.26132613507340063,NaN,NaN,NaN,15.919999999999998,17.500696439848,NaN,NaN,NaN,NaN,NaN,NaN,NaN,NaN,NaN,NaN,1,-0.050428980518130606,-0.5545798080237105,-0.5041508275055799
2022-11-01,16.1323477600871,16.6,14.76,15.879999999999999,0,0,0,0,NaN,NaN,0.00165535808766324,NaN,NaN,NaN,15.879999999999999,17.500696439848,NaN,NaN,NaN,NaN,NaN,NaN,NaN,NaN,NaN,NaN,1,-0.04922031388417436,-0.5656762198607979,-0.5164559059766235
2022-11-02,16.006173880043548,16.006173880043548,15.28,15.75,0,0,0,0,NaN,NaN,0.23527609798011648,NaN,NaN,NaN,15.75,17.500696439848,NaN,NaN,NaN,NaN,NaN,NaN,NaN,NaN,NaN,NaN,1,-0.04947040125151192,-0.5782939075410134,-0.5288235062895015
2022-11-03,15.878086940021774,15.88,15.878086940021774,15.88,0,0,0,0,NaN,NaN,1.0047481709539463,NaN,NaN,NaN,15.88,17.500696439848,NaN,NaN,NaN,NaN,NaN,NaN,NaN,NaN,NaN,NaN,1,-0.03391635172917551,-0.5712189459509709,-0.5373025942217954
2022-11-04,15.879043470010888,16.4,15.72,16.06,0,0,0,0,NaN,NaN,2.6923138107118034,NaN,NaN,NaN,16.06,17.500696439848,NaN,NaN,NaN,NaN,NaN,NaN,NaN,NaN,NaN,NaN,1,-0.006003758942165649,-0.5448072928995025,-0.5388035339573368
2022-11-07,15.969521735005443,15.969521735005443,14.68,15.05,0,0,0,0,NaN,NaN,5.655919326761303,NaN,NaN,NaN,15.05,16.82587108067536,NaN,NaN,NaN,NaN,NaN,NaN,NaN,NaN,NaN,NaN,1,-0.047737631060850494,-0.5984755727833999,-0.5507379417225494
2022-11-08,15.509760867502722,15.6,15.16,15.44,0,0,0,0,NaN,NaN,9.42708085108308,NaN,NaN,NaN,15.44,16.82587108067536,NaN,NaN,NaN,NaN,NaN,NaN,NaN,NaN,NaN,NaN,1,-0.04148326650551948,-0.6025920248544487,-0.5611087583489293
2022-11-09,15.47488043375136,15.47488043375136,13.72,14.299999999999999,0,0,0,0,NaN,NaN,15.208708720993997,NaN,NaN,NaN,14.299999999999999,15.999188153733535,NaN,NaN,NaN,NaN,NaN,NaN,NaN,NaN,NaN,NaN,1,-0.10302514589984646,-0.6898901907237374,-0.5868650448238909
2022-11-10,14.88744021687568,14.96,14.6,14.740000000000002,0,0,0,0,NaN,NaN,22.606315579043496,NaN,NaN,NaN,14.740000000000002,15.999188153733535,NaN,NaN,NaN,NaN,NaN,NaN,NaN,NaN,NaN,NaN,1,-0.10276754658006904,-0.7153244780489771,-0.6125569314689081
2022-11-11,14.813720108437842,15.48,14,15.030000000000001,0,0,0,0,NaN,NaN,31.02942057716737,NaN,NaN,NaN,15.030000000000001,15.999188153733535,NaN,NaN,NaN,NaN,NaN,NaN,NaN,NaN,NaN,NaN,1,-0.07312715658541202,-0.7039658772006732,-0.6308387206152611
2022-11-14,14.921860054218921,16.2,14.921860054218921,15.62,0,0,0,0,NaN,NaN,39.72658527838526,NaN,NaN,NaN,15.62,15.999188153733535,NaN,NaN,NaN,NaN,NaN,NaN,NaN,NaN,NaN,NaN,1,-0.007312030129672076,-0.6399787582773513,-0.6326667281476792
2022-11-15,15.270930027109461,16.92,15.12,16.23,0,0,0,0,NaN,NaN,47.78429634461676,NaN,NaN,NaN,16.23,15.999188153733535,NaN,NaN,NaN,NaN,NaN,NaN,NaN,NaN,NaN,NaN,1,0.07901960150770981,-0.5338922262630419,-0.6129118277707517
2022-11-16,15.75046501355473,16.96,15.75046501355473,16.6,0,0,0,0,NaN,NaN,48.93159678979097,NaN,NaN,NaN,16.6,15.999188153733535,NaN,NaN,NaN,NaN,NaN,NaN,NaN,NaN,NaN,NaN,1,0.1581885933634053,-0.41517608606649503,-0.5733646794299003
2022-11-17,16.175232506777366,17.12,16,16.67,0,0,0,0,NaN,NaN,48.682157240028204,NaN,NaN,NaN,16.67,15.999188153733535,NaN,NaN,NaN,NaN,NaN,NaN,NaN,NaN,NaN,NaN,1,0.20921216904586237,-0.3118494681225723,-0.5210616371684347
2022-11-18,16.422616253388682,19,16.422616253388682,17.82,0,0,0,0,NaN,NaN,47.00616985392659,NaN,NaN,NaN,17.82,16.4824,NaN,NaN,NaN,NaN,NaN,NaN,NaN,NaN,NaN,NaN,1,0.3083662430590676,-0.13560383334460013,-0.44397007640366776
2022-11-21,17.12130812669434,17.2,16,16.509999999999998,0,0,0,0,NaN,NaN,46.507886565604174,NaN,NaN,NaN,16.509999999999998,16.4824,NaN,NaN,NaN,NaN,NaN,NaN,NaN,NaN,NaN,NaN,1,0.27479547854371317,-0.10047572822402628,-0.37527120676773945
2022-11-22,16.815654063347168,18.2,16.68,17.24,0,0,0,0,NaN,NaN,45.490018928334315,NaN,NaN,NaN,17.24,16.4824,NaN,NaN,NaN,NaN,NaN,NaN,NaN,NaN,NaN,NaN,1,0.28935691120204365,-0.013575067765184912,-0.30293197896722857
2022-11-23,17.02782703167358,17.02782703167358,16,16.36,0,0,0,0,NaN,NaN,45.126868357273366,NaN,NaN,NaN,16.36,16.4824,NaN,NaN,NaN,NaN,NaN,NaN,NaN,NaN,NaN,NaN,1,0.2299173965336979,-0.0155352333001062,-0.2454526298338041
2022-11-25,16.69391351583679,16.72,16.56,16.64,0,0,0,0,NaN,NaN,44.55674386881313,NaN,NaN,NaN,16.64,16.4824,NaN,NaN,NaN,NaN,NaN,NaN,NaN,NaN,NaN,NaN,1,0.20071590106991344,0.005442246503587711,-0.19527365456632573
2022-11-28,16.666956757918395,16.8,16.28,16.44,0,0,0,0,NaN,NaN,42.23009378552714,NaN,NaN,NaN,16.44,16.4824,NaN,NaN,NaN,NaN,NaN,NaN,NaN,NaN,NaN,NaN,1,0.1609078501094962,0.005861158070544548,-0.15504669203895166
2022-11-29,16.5534783789592,16.5534783789592,15.92,16.04,0,0,0,0,NaN,NaN,40.23027615937294,NaN,NaN,NaN,16.04,16.4824,NaN,NaN,NaN,NaN,NaN,NaN,NaN,NaN,NaN,NaN,1,0.10340834515570002,-0.02578626059432665,-0.12919460575002667
2022-11-30,16.2967391894796,16.68,16,16.22,0,0,0,0,NaN,NaN,37.90598787367457,NaN,NaN,NaN,16.22,16.4824,NaN,NaN,NaN,NaN,NaN,NaN,NaN,NaN,NaN,NaN,1,0.07461295512065687,-0.03592841184920559,-0.11054136696986246
2022-12-05,16.258369594739797,17.4,15.08,16.5,0,0,0,0,NaN,NaN,35.12397363892033,NaN,NaN,NaN,16.5,16.4824,NaN,NaN,NaN,NaN,NaN,NaN,NaN,NaN,NaN,NaN,1,0.07152995851773515,-0.02112891882269352,-0.09265887734042867
2022-12-06,16.3791847973699,16.3791847973699,12.84,14.11,0,0,0,0,NaN,NaN,35.13352341983089,NaN,NaN,NaN,14.11,15.90935,NaN,NaN,NaN,NaN,NaN,NaN,NaN,NaN,NaN,NaN,1,-0.08583158587508509,-0.19994835968428504,-0.11411677380919995
2022-12-07,15.244592398684949,15.244592398684949,11.92,12.82,0,0,0,0,NaN,NaN,36.22887606113368,NaN,NaN,NaN,12.82,15.1910195,NaN,NaN,NaN,NaN,NaN,NaN,NaN,NaN,NaN,NaN,1,-0.26124772522018347,-0.44067643033442927,-0.1794287051142458
2022-12-08,14.032296199342476,14.72,12.84,13.530000000000001,0,0,0,0,NaN,NaN,38.88992238425493,NaN,NaN,NaN,13.530000000000001,15.1910195,NaN,NaN,NaN,NaN,NaN,NaN,NaN,NaN,NaN,NaN,1,-0.3105537669737572,-0.5676209138314423,-0.2570671468576851
2022-12-09,13.781148099671238,13.781148099671238,12.76,13.28,0,0,0,0,NaN,NaN,42.293416341092744,NaN,NaN,NaN,13.28,15.1910195,NaN,NaN,NaN,NaN,NaN,NaN,NaN,NaN,NaN,NaN,1,-0.3387888809439127,-0.680553248037576,-0.3417643670936633
2022-12-12,13.530574049835618,13.6,12.88,13.3,0,0,0,0,NaN,NaN,45.50312025183515,NaN,NaN,NaN,13.3,15.1910195,NaN,NaN,NaN,NaN,NaN,NaN,NaN,NaN,NaN,NaN,1,-0.3343340766401142,-0.7596819628938061,-0.42534788625369185
2022-12-13,13.41528702491781,14.2,12.92,13.4,0,0,0,0,NaN,NaN,48.67643820410951,NaN,NaN,NaN,13.4,15.1910195,NaN,NaN,NaN,NaN,NaN,NaN,NaN,NaN,NaN,NaN,1,-0.30375596497907176,-0.8050428424775316,-0.5012868774984598
2022-12-14,13.407643512458904,14,12.96,13.49,0,0,0,0,NaN,NaN,52.40017353950157,NaN,NaN,NaN,13.49,15.1910195,NaN,NaN,NaN,NaN,NaN,NaN,NaN,NaN,NaN,NaN,1,-0.2583530808507548,-0.8242282285619034,-0.5658751477111486
2022-12-15,13.448821756229453,13.8,13.36,13.5,0,0,0,0,NaN,NaN,56.43538115699571,NaN,NaN,NaN,13.5,15.1910195,NaN,NaN,NaN,NaN,NaN,NaN,NaN,NaN,NaN,NaN,1,-0.210554984928933,-0.8290688788723148,-0.6185138939433819
2022-12-16,13.474410878114726,13.474410878114726,12.84,13.15,0,0,0,0,NaN,NaN,60.20123550205444,NaN,NaN,NaN,13.15,15.1910195,NaN,NaN,NaN,NaN,NaN,NaN,NaN,NaN,NaN,NaN,1,-0.186255733401549,-0.8513335606953181,-0.6650778272937691
2022-12-19,13.312205439057363,13.312205439057363,12.84,13.020000000000001,0,0,0,0,NaN,NaN,64.7201722129696,NaN,NaN,NaN,13.020000000000001,15.1910195,NaN,NaN,NaN,NaN,NaN,NaN,NaN,NaN,NaN,NaN,1,-0.16349450867803528,-0.8694459631413132,-0.7059514544632779
2022-12-20,13.166102719528682,13.166102719528682,10.68,11.69,0,0,0,0,NaN,NaN,67.33376048889991,NaN,NaN,NaN,11.69,14.449858329999998,NaN,NaN,NaN,NaN,NaN,NaN,NaN,NaN,NaN,NaN,1,-0.21909902989418595,-0.9798252418310103,-0.7607262119368243
2022-12-21,12.428051359764341,12.428051359764341,10.48,11.440000000000001,0,0,0,0,NaN,NaN,71.10925749906606,NaN,NaN,NaN,11.440000000000001,14.065221080299999,NaN,NaN,NaN,NaN,NaN,NaN,NaN,NaN,NaN,NaN,1,-0.25148435365288235,-1.0750816540029273,-0.823597300350045
2022-12-22,11.934025679882172,12.24,10.88,11.46,0,0,0,0,NaN,NaN,73.80653202485202,NaN,NaN,NaN,11.46,14.065221080299999,NaN,NaN,NaN,NaN,NaN,NaN,NaN,NaN,NaN,NaN,1,-0.249814689147412,-1.13586566178431,-0.8860509726368979
2022-12-23,11.697012839941086,11.697012839941086,10.88,11.15,0,0,0,0,NaN,NaN,74.76011689861328,NaN,NaN,NaN,11.15,13.587794550664,NaN,NaN,NaN,NaN,NaN,NaN,NaN,NaN,NaN,NaN,1,-0.2473779951760322,-1.1952734666069382,-0.947895471430906
2022-12-27,11.423506419970543,12.64,10.92,11.89,0,0,0,0,NaN,NaN,75.1766687693135,NaN,NaN,NaN,11.89,13.587794550664,NaN,NaN,NaN,NaN,NaN,NaN,NaN,NaN,NaN,NaN,1,-0.1770159060207005,-1.1691653539567817,-0.9921494479360812
2022-12-28,11.656753209985272,11.656753209985272,10.4,10.790000000000001,0,0,0,0,NaN,NaN,75.22009306788347,NaN,NaN,NaN,11.89,13.0151253680644,NaN,NaN,NaN,NaN,NaN,NaN,NaN,NaN,NaN,NaN,1,-0.18478903844705696,-1.2231357459949024,-1.0383467075478454
2022-12-29,11.223376604992637,11.24,10.6,11.01,0,0,0,0,NaN,NaN,75.25935477981812,NaN,NaN,NaN,11.89,13.0151253680644,NaN,NaN,NaN,NaN,NaN,NaN,NaN,NaN,NaN,NaN,1,-0.15646784574682715,-1.2339315147313794,-1.0774636689845523
2022-12-30,11.116688302496318,11.32,10.76,11.059999999999999,0,0,0,0,NaN,NaN,75.31283076809042,NaN,NaN,NaN,11.89,13.0151253680644,NaN,NaN,NaN,NaN,NaN,NaN,NaN,NaN,NaN,NaN,1,-0.11750045401878473,-1.2243392365080332,-1.1068387824892485
2023-01-03,11.088344151248158,12.28,11.088344151248158,11.95,0,0,0,0,NaN,NaN,75.15723729220709,NaN,NaN,NaN,11.89,13.0151253680644,NaN,NaN,NaN,NaN,NaN,NaN,NaN,NaN,NaN,NaN,1,-0.020028321146762007,-1.131874183922701,-1.1118458627759389
2023-01-04,11.519172075624079,12.76,11.519172075624079,12.58,0,0,0,0,NaN,NaN,74.91444742309946,NaN,NaN,NaN,11.89,13.0151253680644,NaN,NaN,NaN,NaN,NaN,NaN,NaN,NaN,NaN,NaN,1,0.0924568557815253,-0.9962747930490323,-1.0887316488305576
2023-01-05,12.04958603781204,12.04958603781204,11.32,11.67,0,0,0,0,NaN,NaN,75.469116567264,NaN,NaN,NaN,11.89,13.0151253680644,NaN,NaN,NaN,NaN,NaN,NaN,NaN,NaN,NaN,NaN,1,0.10996532887013144,-0.9512749877428934,-1.0612403166130249
2023-01-09,11.85979301890602,11.96,11.6,11.690000000000001,0,0,0,0,NaN,NaN,75.57024805878146,NaN,NaN,NaN,11.89,13.0151253680644,NaN,NaN,NaN,NaN,NaN,NaN,NaN,NaN,NaN,NaN,1,0.12612621502809374,-0.9035825478279076,-1.0297087628560013
2023-01-10,11.774896509453011,13.12,11.774896509453011,12.22,0,0,0,0,NaN,NaN,75.2093358858761,NaN,NaN,NaN,11.89,13.0151253680644,NaN,NaN,NaN,NaN,NaN,NaN,NaN,NaN,NaN,NaN,1,0.17285482083827586,-0.8136402368081566,-0.9864950576464324
2023-01-11,11.997448254726507,13.04,11.997448254726507,12.76,0,0,0,0,NaN,NaN,74.55089740780222,NaN,NaN,NaN,11.89,13.0151253680644,NaN,NaN,NaN,NaN,NaN,NaN,NaN,NaN,NaN,NaN,1,0.23653729593595274,-0.6908234377264915,-0.9273607336624442
2023-01-12,12.378724127363252,13.12,12.378724127363252,13.059999999999999,0,0,0,0,NaN,NaN,74.05424684928647,NaN,NaN,NaN,11.89,13.0151253680644,NaN,NaN,NaN,NaN,NaN,NaN,NaN,NaN,NaN,NaN,1,0.2916524316168274,-0.56279519414141,-0.8544476257582374
2023-01-13,12.719362063681626,13.8,12.719362063681626,13.72,0,0,0,0,NaN,NaN,73.69985768902468,NaN,NaN,NaN,11.89,13.0151253680644,NaN,NaN,NaN,NaN,NaN,NaN,NaN,NaN,NaN,NaN,1,0.36081812252984435,-0.403424972595932,-0.7642430951257764
2023-01-17,13.219681031840814,14.4,12.96,13.760000000000002,0,0,0,0,NaN,NaN,72.62132057488317,NaN,NaN,NaN,11.89,13.0151253680644,NaN,NaN,NaN,NaN,NaN,NaN,NaN,NaN,NaN,NaN,1,0.39477532039513663,-0.27077394463185556,-0.6655492650269922
2023-01-18,13.489840515920408,14.36,12.8,13.61,0,0,0,0,NaN,NaN,72.19738502077391,NaN,NaN,NaN,11.89,13.0151253680644,NaN,NaN,NaN,NaN,NaN,NaN,NaN,NaN,NaN,NaN,1,0.39185929556089105,-0.17572514557587837,-0.5675844411367694
2023-01-19,13.549920257960203,14,13.48,13.75,0,0,0,0,NaN,NaN,70.88824587915593,NaN,NaN,NaN,11.89,13.0151253680644,NaN,NaN,NaN,NaN,NaN,NaN,NaN,NaN,NaN,NaN,1,0.3835987078394762,-0.08808605633742417,-0.47168476417690036
2023-01-20,13.649960128980101,13.649960128980101,13.6,13.6,0,0,0,0,NaN,NaN,70.59700078871533,NaN,NaN,NaN,11.89,13.0151253680644,NaN,NaN,NaN,NaN,NaN,NaN,NaN,NaN,NaN,NaN,1,0.3530398637437736,-0.03038493449718338,-0.383424798240957
2023-01-23,13.62498006449005,13.62498006449005,13.04,13.32,0,0,0,0,NaN,NaN,69.48153656370376,NaN,NaN,NaN,11.89,13.0151253680644,NaN,NaN,NaN,NaN,NaN,NaN,NaN,NaN,NaN,NaN,1,0.30100590408688205,-0.007167418132354442,-0.3081733222192365
2023-01-24,13.472490032245025,14.6,12.8,13.7,0,0,0,0,NaN,NaN,67.69709996952282,NaN,NaN,NaN,11.89,13.0151253680644,NaN,NaN,NaN,NaN,NaN,NaN,NaN,NaN,NaN,NaN,1,0.2796730689626275,0.041418013984047874,-0.23825505497857963
2023-01-25,13.586245016122511,14.6,12.84,14.04,0,0,0,0,NaN,NaN,65.05951993260383,NaN,NaN,NaN,11.89,13.0151253680644,NaN,NaN,NaN,NaN,NaN,NaN,NaN,NaN,NaN,NaN,1,0.27551126833494455,0.10613403044010106,-0.1693772378948435
2023-01-26,13.813122508061255,13.813122508061255,13.2,13.49,0,0,0,0,NaN,NaN,62.835982726486506,NaN,NaN,NaN,11.89,13.0151253680644,NaN,NaN,NaN,NaN,NaN,NaN,NaN,NaN,NaN,NaN,1,0.22490444122898995,0.11175331364139396,-0.11315112758759599
2023-01-27,13.651561254030629,13.76,13.2,13.59,0,0,0,0,NaN,NaN,61.20900730600442,NaN,NaN,NaN,11.89,13.0151253680644,NaN,NaN,NaN,NaN,NaN,NaN,NaN,NaN,NaN,NaN,1,0.18880854358328364,0.12285955189150854,-0.06594899169177508
2023-01-30,13.620780627015314,14.44,13.620780627015314,14.04,0,0,0,0,NaN,NaN,58.72385058405642,NaN,NaN,NaN,11.89,13.0151253680644,NaN,NaN,NaN,NaN,NaN,NaN,NaN,NaN,NaN,NaN,1,0.1856058714733866,0.1660583476499582,-0.01954752382342842
2023-01-31,13.830390313507657,14.44,12.92,13.34,0,0,0,0,NaN,NaN,56.737269538707245,NaN,NaN,NaN,11.89,13.0151253680644,NaN,NaN,NaN,NaN,NaN,NaN,NaN,NaN,NaN,NaN,1,0.12937457853021644,0.14217069933934212,0.012796120809125691
2023-02-01,13.585195156753828,13.68,13.16,13.42,0,0,0,0,NaN,NaN,54.60754463865464,NaN,NaN,NaN,11.89,13.0151253680644,NaN,NaN,NaN,NaN,NaN,NaN,NaN,NaN,NaN,NaN,1,0.09233661762126276,0.12821689283570414,0.035880275214441384
2023-02-02,13.502597578376914,13.72,12.64,13.25,0,0,0,0,NaN,NaN,52.89693147043325,NaN,NaN,NaN,11.89,13.0151253680644,NaN,NaN,NaN,NaN,NaN,NaN,NaN,NaN,NaN,NaN,1,0.05310538672414874,0.10226200861962731,0.04915662189547857
2023-02-03,13.376298789188457,14.32,12.24,13.170000000000002,0,0,0,0,NaN,NaN,51.10301483725672,NaN,NaN,NaN,11.89,13.0151253680644,NaN,NaN,NaN,NaN,NaN,NaN,NaN,NaN,NaN,NaN,1,0.020178574464447215,0.07437983997603759,0.05420126551159037
2023-02-06,13.27314939459423,13.92,12.8,13.25,0,0,0,0,NaN,NaN,49.14102711869121,NaN,NaN,NaN,11.89,13.0151253680644,NaN,NaN,NaN,NaN,NaN,NaN,NaN,NaN,NaN,NaN,1,0.003094162735338607,0.05806896893076363,0.054974806195425024
2023-02-07,13.261574697297114,14,13.261574697297114,13.75,0,0,0,0,NaN,NaN,46.621856166228156,NaN,NaN,NaN,11.89,13.0151253680644,NaN,NaN,NaN,NaN,NaN,NaN,NaN,NaN,NaN,NaN,1,0.0236314204146564,0.08451408171374553,0.060882661299089126
2023-02-08,13.505787348648557,13.505787348648557,13.16,13.3,0,0,0,0,NaN,NaN,44.936147830155974,NaN,NaN,NaN,11.89,13.0151253680644,NaN,NaN,NaN,NaN,NaN,NaN,NaN,NaN,NaN,NaN,1,0.005991973228511346,0.0683726278347283,0.06238065460621696
2023-02-09,13.402893674324279,13.402893674324279,13.12,13.12,0,0,0,0,NaN,NaN,43.672830018205474,NaN,NaN,NaN,11.89,13.0151253680644,NaN,NaN,NaN,NaN,NaN,NaN,NaN,NaN,NaN,NaN,1,-0.017434091680594274,0.04058804000547411,0.05802213168606839
2023-02-10,13.26144683716214,14,13.04,13.66,0,0,0,0,NaN,NaN,42.19451294147441,NaN,NaN,NaN,11.89,13.0151253680644,NaN,NaN,NaN,NaN,NaN,NaN,NaN,NaN,NaN,NaN,1,0.002729390329445733,0.06143386959787556,0.058704479268429824
2023-02-13,13.46072341858107,13.64,12.12,13.01,0,0,0,0,NaN,NaN,40.66105588362281,NaN,NaN,NaN,11.89,13.0151253680644,NaN,NaN,NaN,NaN,NaN,NaN,NaN,NaN,NaN,NaN,1,-0.026792287942667692,0.02521411934009521,0.0520064072827629
2023-02-14,13.235361709290535,13.235361709290535,11.64,12.2,0,0,0,0,NaN,NaN,40.21168203153356,NaN,NaN,NaN,11.89,13.0151253680644,NaN,NaN,NaN,NaN,NaN,NaN,NaN,NaN,NaN,NaN,1,-0.09605784812792302,-0.06806590287714087,0.027991945250782146
2023-02-15,12.717680854645266,12.717680854645266,11.56,11.88,0,0,0,0,NaN,NaN,39.978359973770736,NaN,NaN,NaN,11.89,13.0151253680644,NaN,NaN,NaN,NaN,NaN,NaN,NaN,NaN,NaN,NaN,1,-0.15511349787152784,-0.16589992708862766,-0.010786429217099814
2023-02-16,12.298840427322634,12.298840427322634,11.24,11.51,0,0,0,0,NaN,NaN,39.89492798140681,NaN,NaN,NaN,11.89,13.0151253680644,NaN,NaN,NaN,NaN,NaN,NaN,NaN,NaN,NaN,NaN,1,-0.20751132695774482,-0.27017558791428087,-0.06266426095653603
2023-02-17,11.904420213661318,13,11,12.05,0,0,0,0,NaN,NaN,39.5939996535183,NaN,NaN,NaN,11.89,13.0151253680644,NaN,NaN,NaN,NaN,NaN,NaN,NaN,NaN,NaN,NaN,1,-0.19444234789188797,-0.305717195821396,-0.11127484792950802
2023-02-21,11.97721010683066,11.97721010683066,9.6,10.239999999999998,0,0,0,0,NaN,NaN,40.613794306909256,NaN,NaN,NaN,11.89,12.290102801812807,NaN,NaN,NaN,NaN,NaN,NaN,NaN,NaN,NaN,NaN,1,-0.2905534757862652,-0.47446669266233954,-0.18391321687607431
2023-02-22,11.108605053415328,11.108605053415328,8.92,9.47,0,0,0,0,NaN,NaN,41.915119579132636,NaN,NaN,NaN,11.89,11.393731213432119,NaN,NaN,NaN,NaN,NaN,NaN,NaN,NaN,NaN,NaN,1,-0.3830256748982085,-0.6626953104988349,-0.2796696356006264
2023-02-23,10.289302526707665,10.56,9.92,10.15,0,0,0,0,NaN,NaN,42.74975685115585,NaN,NaN,NaN,11.89,11.393731213432119,NaN,NaN,NaN,NaN,NaN,NaN,NaN,NaN,NaN,NaN,1,-0.3749609129397428,-0.748370776775305,-0.37340986383556213
2023-02-24,10.219651263353832,10.219651263353832,9.08,9.54,0,0,0,0,NaN,NaN,43.57096403091727,NaN,NaN,NaN,11.89,11.393731213432119,NaN,NaN,NaN,NaN,NaN,NaN,NaN,NaN,NaN,NaN,1,-0.38577447421259997,-0.8556279566013121,-0.4698534823887121
2023-02-27,9.879825631676916,11,9.32,9.82,0,0,0,0,NaN,NaN,45.168427072230266,NaN,NaN,NaN,11.89,11.393731213432119,NaN,NaN,NaN,NaN,NaN,NaN,NaN,NaN,NaN,NaN,1,-0.35017675914386115,-0.9075744313185385,-0.5573976721746774
2023-02-28,9.849912815838458,10.88,9.849912815838458,10.47,0,0,0,0,NaN,NaN,45.86538802665841,NaN,NaN,NaN,11.89,11.393731213432119,NaN,NaN,NaN,NaN,NaN,NaN,NaN,NaN,NaN,NaN,1,-0.2629447869662863,-0.8860786558825353,-0.623133868916249
2023-03-01,10.159956407919228,10.92,9.64,10.370000000000001,0,0,0,0,NaN,NaN,47.84896352799733,NaN,NaN,NaN,11.89,11.393731213432119,NaN,NaN,NaN,NaN,NaN,NaN,NaN,NaN,NaN,NaN,1,-0.19518625038572235,-0.867116681898402,-0.6719304315126796
2023-03-02,10.264978203959615,10.264978203959615,9.68,9.870000000000001,0,0,0,0,NaN,NaN,49.46237285020891,NaN,NaN,NaN,11.89,11.393731213432119,NaN,NaN,NaN,NaN,NaN,NaN,NaN,NaN,NaN,NaN,1,-0.1682674970077669,-0.8822648027723883,-0.7139973057646214
2023-03-03,10.067489101979808,10.16,9.64,9.95,0,0,0,0,NaN,NaN,50.590508355649874,NaN,NaN,NaN,11.89,11.393731213432119,NaN,NaN,NaN,NaN,NaN,NaN,NaN,NaN,NaN,NaN,1,-0.13095969339939173,-0.8776969225138611,-0.7467372291144694
2023-03-06,10.008744550989903,10.24,9.64,9.91,0,0,0,0,NaN,NaN,51.07127539138148,NaN,NaN,NaN,11.89,11.393731213432119,NaN,NaN,NaN,NaN,NaN,NaN,NaN,NaN,NaN,NaN,1,-0.09645560711575152,-0.8673067380091588,-0.7708511308934073
2023-03-07,9.959372275494951,10.08,9.959372275494951,10.04,0,0,0,0,NaN,NaN,50.92847188460894,NaN,NaN,NaN,11.89,11.393731213432119,NaN,NaN,NaN,NaN,NaN,NaN,NaN,NaN,NaN,NaN,1,-0.05444875306392971,-0.8389120722233194,-0.7844633191593897
2023-03-08,9.999686137747474,10.16,9.999686137747474,10.08,0,0,0,0,NaN,NaN,50.466116129980364,NaN,NaN,NaN,11.89,11.393731213432119,NaN,NaN,NaN,NaN,NaN,NaN,NaN,NaN,NaN,NaN,1,-0.015560868251715099,-0.8039144044740336,-0.7883535362223185
2023-03-09,10.039843068873736,10.039843068873736,9.24,9.540000000000001,0,0,0,0,NaN,NaN,50.2216810459321,NaN,NaN,NaN,11.89,11.393731213432119,NaN,NaN,NaN,NaN,NaN,NaN,NaN,NaN,NaN,NaN,1,-0.01764523876331081,-0.810410084676457,-0.7927648459131462
2023-03-15,9.789921534436868,11.8,9.44,10.24,0,0,0,0,NaN,NaN,49.28065910024898,NaN,NaN,NaN,11.89,11.393731213432119,NaN,NaN,NaN,NaN,NaN,NaN,NaN,NaN,NaN,NaN,1,0.0338731612014076,-0.7504233944113867,-0.7842965556127943
2023-03-16,10.014960767218433,10.014960767218433,8.04,8.73,0,0,0,0,NaN,NaN,49.286389624180785,NaN,NaN,NaN,11.89,10.473235722208411,NaN,NaN,NaN,NaN,NaN,NaN,NaN,NaN,NaN,NaN,1,-0.02482618123707281,-0.8153292821591354,-0.7905031009220626
2023-03-17,9.372480383609217,9.372480383609217,7.56,7.8999999999999995,0,0,0,0,NaN,NaN,49.28397849549625,NaN,NaN,NaN,11.89,9.475512077212139,NaN,NaN,NaN,NaN,NaN,NaN,NaN,NaN,NaN,NaN,1,-0.10607815752981675,-0.9231007978343335,-0.8170226403045168
2023-03-20,8.636240191804609,8.636240191804609,7.52,7.89,0,0,0,0,NaN,NaN,49.38146613955725,NaN,NaN,NaN,11.89,8.996358454048497,NaN,NaN,NaN,NaN,NaN,NaN,NaN,NaN,NaN,NaN,1,-0.14463406703659976,-0.9978152241002665,-0.8531811570636667
2023-03-21,8.263120095902304,8.263120095902304,7.52,7.75,0,0,0,0,NaN,NaN,49.3978920643294,NaN,NaN,NaN,11.89,8.538160164212494,NaN,NaN,NaN,NaN,NaN,NaN,NaN,NaN,NaN,NaN,1,-0.16237439055630143,-1.0561491452590435,-0.893774754702742
2023-03-22,8.006560047951151,8.006560047951151,7.08,7.550000000000001,0,0,0,0,NaN,NaN,49.43350367035475,NaN,NaN,NaN,11.89,8.118422505095996,NaN,NaN,NaN,NaN,NaN,NaN,NaN,NaN,NaN,NaN,1,-0.16959690671883554,-1.1057708881012864,-0.9361739813824509
2023-03-23,7.778280023975576,8.28,7.6,7.9399999999999995,0,0,0,0,NaN,NaN,49.45205929811415,NaN,NaN,NaN,11.89,8.118422505095996,NaN,NaN,NaN,NaN,NaN,NaN,NaN,NaN,NaN,NaN,1,-0.13180948145304405,-1.100935833198756,-0.9691263517457119
2023-03-24,7.859140011987788,8,7.84,7.92,0,0,0,0,NaN,NaN,49.37884047944424,NaN,NaN,NaN,11.89,8.118422505095996,NaN,NaN,NaN,NaN,NaN,NaN,NaN,NaN,NaN,NaN,1,-0.09365639785533297,-1.0861968490648781,-0.9925404512095451
2023-03-27,7.889570005993894,8,7.88,7.96,0,0,0,0,NaN,NaN,49.226577651579426,NaN,NaN,NaN,11.89,8.118422505095996,NaN,NaN,NaN,NaN,NaN,NaN,NaN,NaN,NaN,NaN,1,-0.0532316526818144,-1.059080017061813,-1.0058483643799987
2023-03-28,7.924785002996947,8.52,7.924785002996947,8.19,0,0,0,0,NaN,NaN,49.942371539883496,NaN,NaN,NaN,11.89,8.118422505095996,NaN,NaN,NaN,NaN,NaN,NaN,NaN,NaN,NaN,NaN,1,-0.001255524153222387,-1.0074177695715267,-1.0061622454183043
2023-03-29,8.057392501498473,8.68,8.057392501498473,8.45,0,0,0,0,NaN,NaN,51.81385976847961,NaN,NaN,NaN,11.89,8.118422505095996,NaN,NaN,NaN,NaN,NaN,NaN,NaN,NaN,NaN,NaN,1,0.057153504638937314,-0.9347203646196327,-0.99187386925857
2023-03-30,8.253696250749236,8.68,8.253696250749236,8.54,0,0,0,0,NaN,NaN,52.68280344167975,NaN,NaN,NaN,11.89,8.118422505095996,NaN,NaN,NaN,NaN,NaN,NaN,NaN,NaN,NaN,NaN,1,0.1055533856376435,-0.8599321372115156,-0.9654855228491591
2023-03-31,8.396848125374618,9.68,8.396848125374618,8.84,0,0,0,0,NaN,NaN,53.48968699441483,NaN,NaN,NaN,11.89,8.44655,NaN,NaN,NaN,NaN,NaN,NaN,NaN,NaN,NaN,NaN,1,0.15830365685445313,-0.7676059517810927,-0.9259096086355458
2023-04-03,8.618424062687309,9.24,8.618424062687309,9,0,0,0,0,NaN,NaN,54.02945562631064,NaN,NaN,NaN,11.89,8.540753500000001,NaN,NaN,NaN,NaN,NaN,NaN,NaN,NaN,NaN,NaN,1,0.2017201330060484,-0.6737594423779854,-0.8754795753840338
2023-04-04,8.809212031343655,9.08,7.84,8.46,0,0,0,0,NaN,NaN,54.76438277302089,NaN,NaN,NaN,11.89,8.540753500000001,NaN,NaN,NaN,NaN,NaN,NaN,NaN,NaN,NaN,NaN,1,0.1918782781549606,-0.6356317276903329,-0.8275100058452936
2023-04-05,8.634606015671828,9.04,8.634606015671828,9.04,0,0,0,0,NaN,NaN,54.832184830867945,NaN,NaN,NaN,11.89,8.58950829,NaN,NaN,NaN,NaN,NaN,NaN,NaN,NaN,NaN,NaN,1,0.22020951357779472,-0.5522481138730502,-0.7724576274508449
2023-04-06,8.837303007835914,9.52,8.837303007835914,9.22,0,0,0,0,NaN,NaN,54.60188491849992,NaN,NaN,NaN,11.89,8.7281525439,NaN,NaN,NaN,NaN,NaN,NaN,NaN,NaN,NaN,NaN,1,0.24495276472034433,-0.46626667155041446,-0.7112194362707588
2023-04-10,9.028651503917956,9.76,8.92,9.34,0,0,0,0,NaN,NaN,54.47451582065502,NaN,NaN,NaN,11.89,8.854374238632,NaN,NaN,NaN,NaN,NaN,NaN,NaN,NaN,NaN,NaN,1,0.2617626979869334,-0.38401606378709197,-0.6457787617740254
2023-04-11,9.184325751958978,9.8,9,9.43,0,0,0,0,NaN,NaN,54.27354265653895,NaN,NaN,NaN,11.89,8.9789681028372,NaN,NaN,NaN,NaN,NaN,NaN,NaN,NaN,NaN,NaN,1,0.27020783677145366,-0.30801896580970833,-0.578226802581162
2023-04-12,9.30716287597949,9.30716287597949,8.44,8.68,0,0,0,0,NaN,NaN,56.448148607358185,NaN,NaN,NaN,11.89,8.9789681028372,NaN,NaN,NaN,NaN,NaN,NaN,NaN,NaN,NaN,NaN,1,0.21874468037333272,-0.30479595211449606,-0.5235406324878288
2023-04-13,8.993581437989745,9.08,8.993581437989745,9.05,0,0,0,0,NaN,NaN,58.59160061131426,NaN,NaN,NaN,11.89,8.9789681028372,NaN,NaN,NaN,NaN,NaN,NaN,NaN,NaN,NaN,NaN,1,0.20340716897021516,-0.26928167127505986,-0.472688840245275
2023-04-14,9.021790718994872,9.021790718994872,8.4,8.52,0,0,0,0,NaN,NaN,61.11454552020228,NaN,NaN,NaN,11.89,8.8931,NaN,NaN,NaN,NaN,NaN,NaN,NaN,NaN,NaN,NaN,1,0.15361702615268424,-0.28066755755441974,-0.434284583707104
2023-04-17,8.770895359497436,9.2,8.4,8.66,0,0,0,0,NaN,NaN,63.966637171844745,NaN,NaN,NaN,11.89,8.8931,NaN,NaN,NaN,NaN,NaN,NaN,NaN,NaN,NaN,NaN,1,0.12725043346549547,-0.2752215418752346,-0.4024719753407301
2023-04-18,8.715447679748717,9.16,8.32,8.79,0,0,0,0,NaN,NaN,65.41537733215456,NaN,NaN,NaN,11.89,8.8931,NaN,NaN,NaN,NaN,NaN,NaN,NaN,NaN,NaN,NaN,1,0.11601924245166007,-0.257447922276155,-0.37346716472781505
2023-04-19,8.752723839874358,8.96,8.2,8.58,0,0,0,0,NaN,NaN,68.83761556433426,NaN,NaN,NaN,11.89,8.8931,NaN,NaN,NaN,NaN,NaN,NaN,NaN,NaN,NaN,NaN,1,0.09290094855700054,-0.2573409790315644,-0.3502419275885649
2023-04-20,8.666361919937179,8.8,8.666361919937179,8.8,0,0,0,0,NaN,NaN,71.58057637910503,NaN,NaN,NaN,11.89,8.8931,NaN,NaN,NaN,NaN,NaN,NaN,NaN,NaN,NaN,NaN,1,0.09077380342312458,-0.23677467330965918,-0.32754847673278376
2023-04-21,8.733180959968589,8.96,8.04,8.57,0,0,0,0,NaN,NaN,74.3829122586557,NaN,NaN,NaN,11.89,8.8931,NaN,NaN,NaN,NaN,NaN,NaN,NaN,NaN,NaN,NaN,1,0.07299017155163384,-0.23631076229324144,-0.3093009338448753
2023-04-24,8.651590479984295,9,8.12,8.67,0,0,0,0,NaN,NaN,75.54890388371037,NaN,NaN,NaN,11.89,8.8931,NaN,NaN,NaN,NaN,NaN,NaN,NaN,NaN,NaN,NaN,1,0.0672190741727886,-0.2252770911288895,-0.2924961653016781
2023-04-25,8.660795239992147,9.16,8.12,8.69,0,0,0,0,NaN,NaN,75.78507606892799,NaN,NaN,NaN,11.89,8.8931,NaN,NaN,NaN,NaN,NaN,NaN,NaN,NaN,NaN,NaN,1,0.06402111218088047,-0.21246977507557752,-0.276490887256458
2023-04-26,8.675397619996073,9.12,8.32,8.82,0,0,0,0,NaN,NaN,76.96573354344063,NaN,NaN,NaN,11.89,8.8931,NaN,NaN,NaN,NaN,NaN,NaN,NaN,NaN,NaN,NaN,1,0.06947761000672764,-0.18964387474804845,-0.2591214847547761
2023-04-27,8.747698809998036,9,8.36,8.65,0,0,0,0,NaN,NaN,78.19477202525874,NaN,NaN,NaN,11.89,8.8931,NaN,NaN,NaN,NaN,NaN,NaN,NaN,NaN,NaN,NaN,1,0.06076886427675049,-0.18316040440883796,-0.24392926868558845
2023-04-28,8.698849404999018,8.72,8.24,8.5,0,0,0,0,NaN,NaN,78.74946246122983,NaN,NaN,NaN,11.89,8.871607000000001,NaN,NaN,NaN,NaN,NaN,NaN,NaN,NaN,NaN,NaN,1,0.04477599389642778,-0.1879592763150537,-0.2327352702114815
2023-05-01,8.599424702499508,8.599424702499508,8.24,8.350000000000001,0,0,0,0,NaN,NaN,78.74959353111112,NaN,NaN,NaN,11.89,8.769810580000001,NaN,NaN,NaN,NaN,NaN,NaN,NaN,NaN,NaN,NaN,1,0.02495389444717372,-0.20154290215251436,-0.22649679659968808
2023-05-02,8.474712351249755,8.474712351249755,7.68,8.030000000000001,0,0,0,0,NaN,NaN,78.66073187276,NaN,NaN,NaN,11.89,8.557627627800002,NaN,NaN,NaN,NaN,NaN,NaN,NaN,NaN,NaN,NaN,1,-0.007135062212498461,-0.23541562436531116,-0.2282805621528127
2023-05-03,8.252356175624879,8.252356175624879,7.4,7.680000000000001,0,0,0,0,NaN,NaN,78.33512607172841,NaN,NaN,NaN,11.89,8.298312312464,NaN,NaN,NaN,NaN,NaN,NaN,NaN,NaN,NaN,NaN,1,-0.047128758855031344,-0.2871915107216019,-0.24006275186657053
2023-05-04,7.966178087812439,7.966178087812439,7.4,7.5,0,0,0,0,NaN,NaN,78.02477089044251,NaN,NaN,NaN,11.89,8.1020654655944,NaN,NaN,NaN,NaN,NaN,NaN,NaN,NaN,NaN,NaN,1,-0.07902403889050635,-0.3388428004797035,-0.25981876158919714
2023-05-05,7.73308904390622,7.73308904390622,7.6,7.6899999999999995,0,0,0,0,NaN,NaN,77.545250387862,NaN,NaN,NaN,11.89,8.1020654655944,NaN,NaN,NaN,NaN,NaN,NaN,NaN,NaN,NaN,NaN,1,-0.08037873762308079,-0.36029218361804816,-0.27991344599496737
2023-05-08,7.71154452195311,7.76,7.64,7.72,0,0,0,0,NaN,NaN,76.90299227294716,NaN,NaN,NaN,11.89,8.1020654655944,NaN,NaN,NaN,NaN,NaN,NaN,NaN,NaN,NaN,NaN,1,-0.07254780292711899,-0.3705981996538661,-0.2980503967267471
2023-05-09,7.715772260976555,7.76,7.24,7.529999999999999,0,0,0,0,NaN,NaN,76.37144654818144,NaN,NaN,NaN,11.89,8.1020654655944,NaN,NaN,NaN,NaN,NaN,NaN,NaN,NaN,NaN,NaN,1,-0.07324453661231611,-0.3896060674921422,-0.3163615308798261
2023-05-10,7.622886130488277,7.8,7.622886130488277,7.76,0,0,0,0,NaN,NaN,75.64977906999638,NaN,NaN,NaN,11.89,8.1020654655944,NaN,NaN,NaN,NaN,NaN,NaN,NaN,NaN,NaN,NaN,1,-0.052279365781152554,-0.38171073810626677,-0.3294313723251142
2023-05-11,7.691443065244139,7.8,7.4,7.58,0,0,0,0,NaN,NaN,74.89603107861431,NaN,NaN,NaN,11.89,8.1020654655944,NaN,NaN,NaN,NaN,NaN,NaN,NaN,NaN,NaN,NaN,1,-0.04488204867383139,-0.3855339331674035,-0.3406518844935721
2023-05-12,7.635721532622069,7.96,7.32,7.63,0,0,0,0,NaN,NaN,74.0234704843088,NaN,NaN,NaN,11.89,8.1020654655944,NaN,NaN,NaN,NaN,NaN,NaN,NaN,NaN,NaN,NaN,1,-0.03159622106816673,-0.38014716082878053,-0.3485509397606138
2023-05-15,7.632860766311035,8.6,7.632860766311035,8.18,0,0,0,0,NaN,NaN,72.4933787085561,NaN,NaN,NaN,11.89,8.1020654655944,NaN,NaN,NaN,NaN,NaN,NaN,NaN,NaN,NaN,NaN,1,0.016664791889482555,-0.32771994989876063,-0.3443847417882432
2023-05-16,7.906430383155517,7.906430383155517,7.4,7.609999999999999,0,0,0,0,NaN,NaN,71.5308437165875,NaN,NaN,NaN,11.89,8.1020654655944,NaN,NaN,NaN,NaN,NaN,NaN,NaN,NaN,NaN,NaN,1,0.012803885489592048,-0.32837988492625314,-0.3411837704158452
2023-05-17,7.758215191577758,8,7.48,7.79,0,0,0,0,NaN,NaN,70.41123232356018,NaN,NaN,NaN,11.89,8.1020654655944,NaN,NaN,NaN,NaN,NaN,NaN,NaN,NaN,NaN,NaN,1,0.024310430117359005,-0.3107957327691464,-0.3351061628865054
2023-05-18,7.7741075957888786,7.96,7.52,7.779999999999999,0,0,0,0,NaN,NaN,69.15799053570049,NaN,NaN,NaN,11.89,8.1020654655944,NaN,NaN,NaN,NaN,NaN,NaN,NaN,NaN,NaN,NaN,1,0.03266503873612381,-0.29427486446635065,-0.32693990320247446
2023-05-19,7.777053797894439,8.92,7.777053797894439,8.53,0,0,0,0,NaN,NaN,66.7632725249375,NaN,NaN,NaN,11.89,8.1020654655944,NaN,NaN,NaN,NaN,NaN,NaN,NaN,NaN,NaN,NaN,1,0.08703308680914751,-0.21814854469104006,-0.30518163150018757
2023-05-22,8.15352689894722,8.8,8.15352689894722,8.62,0,0,0,0,NaN,NaN,64.11069728719909,NaN,NaN,NaN,11.89,8.1020654655944,NaN,NaN,NaN,NaN,NaN,NaN,NaN,NaN,NaN,NaN,1,0.12507338025523834,-0.14883990618113963,-0.27391328643637797
2023-05-23,8.386763449473609,8.72,7.6,8.15,0,0,0,0,NaN,NaN,62.17067358822137,NaN,NaN,NaN,11.89,8.1020654655944,NaN,NaN,NaN,NaN,NaN,NaN,NaN,NaN,NaN,NaN,1,0.114862659110053,-0.13033496254881172,-0.24519762165886472
2023-05-24,8.268381724736805,8.68,8.12,8.419999999999998,0,0,0,0,NaN,NaN,59.744015462745246,NaN,NaN,NaN,11.89,8.1020654655944,NaN,NaN,NaN,NaN,NaN,NaN,NaN,NaN,NaN,NaN,1,0.12190767566202593,-0.09281302708133232,-0.21472070274335825
2023-05-25,8.344190862368402,8.344190862368402,7.72,8,0,0,0,0,NaN,NaN,58.366531969789115,NaN,NaN,NaN,11.89,8.1020654655944,NaN,NaN,NaN,NaN,NaN,NaN,NaN,NaN,NaN,NaN,1,0.09508690260798419,-0.09586207448337802,-0.19094897709136222
2023-05-26,8.1720954311842,8.32,8.08,8.149999999999999,0,0,0,0,NaN,NaN,56.54390148413481,NaN,NaN,NaN,11.89,8.1020654655944,NaN,NaN,NaN,NaN,NaN,NaN,NaN,NaN,NaN,NaN,1,0.0846050440519058,-0.08519267202647995,-0.16979771607838576
2023-05-30,8.1610477155921,8.4,7.92,8.219999999999999,0,0,0,0,NaN,NaN,54.57366795446168,NaN,NaN,NaN,11.89,8.1020654655944,NaN,NaN,NaN,NaN,NaN,NaN,NaN,NaN,NaN,NaN,1,0.07961533179708685,-0.0702785513320272,-0.14989388312911406
2023-05-31,8.190523857796048,8.8,7.4,7.950000000000001,0,0,0,0,NaN,NaN,54.210614467937646,NaN,NaN,NaN,11.89,8.1020654655944,NaN,NaN,NaN,NaN,NaN,NaN,NaN,NaN,NaN,NaN,1,0.05645009426115072,-0.07933126530267565,-0.13578135956382636
2023-06-01,8.070261928898024,8.32,7.48,7.69,0,0,0,0,NaN,NaN,54.03295909324949,NaN,NaN,NaN,11.89,8.1020654655944,NaN,NaN,NaN,NaN,NaN,NaN,NaN,NaN,NaN,NaN,1,0.023616665082499072,-0.10626052821070253,-0.1298771932932016
2023-06-02,7.8801309644490125,8.32,7.84,8.04,0,0,0,0,NaN,NaN,52.46254921761114,NaN,NaN,NaN,11.89,8.1020654655944,NaN,NaN,NaN,NaN,NaN,NaN,NaN,NaN,NaN,NaN,1,0.02531953107029719,-0.09822777945533012,-0.12354731052562731
2023-06-05,7.960065482224506,8.64,7.52,8.08,0,0,0,0,NaN,NaN,50.638621153841946,NaN,NaN,NaN,11.89,8.1020654655944,NaN,NaN,NaN,NaN,NaN,NaN,NaN,NaN,NaN,NaN,1,0.028738626623868793,-0.08762402724579132,-0.11636265386966012
2023-06-06,8.020032741112253,8.020032741112253,7.52,7.699999999999999,0,0,0,0,NaN,NaN,49.48546586787349,NaN,NaN,NaN,11.89,8.1020654655944,NaN,NaN,NaN,NaN,NaN,NaN,NaN,NaN,NaN,NaN,1,0.0061852670349508004,-0.10863107007597161,-0.11481633711092241
2023-06-07,7.860016370556126,7.96,7.36,7.71,0,0,0,0,NaN,NaN,49.60335575325202,NaN,NaN,NaN,11.89,8.1020654655944,NaN,NaN,NaN,NaN,NaN,NaN,NaN,NaN,NaN,NaN,1,-0.006590048475734384,-0.12305389770559039,-0.116463849229856
2023-06-08,7.785008185278063,7.84,7.36,7.58,0,0,0,0,NaN,NaN,48.662943187881794,NaN,NaN,NaN,11.89,8.1020654655944,NaN,NaN,NaN,NaN,NaN,NaN,NaN,NaN,NaN,NaN,1,-0.02148642512206303,-0.14332188063243478,-0.12183545551037175
2023-06-09,7.682504092639031,7.8,7.44,7.64,0,0,0,0,NaN,NaN,48.62375168531565,NaN,NaN,NaN,11.89,8.1020654655944,NaN,NaN,NaN,NaN,NaN,NaN,NaN,NaN,NaN,NaN,1,-0.02475702108306932,-0.1527817318642084,-0.12802471078113908
2023-06-12,7.6612520463195155,7.8,7.4,7.51,0,0,0,0,NaN,NaN,47.72766854722327,NaN,NaN,NaN,11.89,8.1020654655944,NaN,NaN,NaN,NaN,NaN,NaN,NaN,NaN,NaN,NaN,1,-0.032638282761113135,-0.1688225642325305,-0.13618428147141737
2023-06-13,7.585626023159758,7.76,7.44,7.63,0,0,0,0,NaN,NaN,47.28645997412877,NaN,NaN,NaN,11.89,8.1020654655944,NaN,NaN,NaN,NaN,NaN,NaN,NaN,NaN,NaN,NaN,1,-0.026967466423952036,-0.16989361450135743,-0.1429261480774054
2023-06-14,7.6078130115798785,7.76,7.4,7.58,0,0,0,0,NaN,NaN,46.38746873199766,NaN,NaN,NaN,11.89,8.1020654655944,NaN,NaN,NaN,NaN,NaN,NaN,NaN,NaN,NaN,NaN,1,-0.02388728223528047,-0.17278525087150598,-0.1488979686362255
2023-06-15,7.593906505789939,7.76,7.44,7.66,0,0,0,0,NaN,NaN,44.81887384210668,NaN,NaN,NaN,11.89,8.1020654655944,NaN,NaN,NaN,NaN,NaN,NaN,NaN,NaN,NaN,NaN,1,-0.014241584188919465,-0.16669994887237483,-0.15245836468345536
2023-06-16,7.626953252894969,7.68,7.4,7.48,0,0,0,0,NaN,NaN,43.64699167926811,NaN,NaN,NaN,11.89,7.981893681787408,NaN,NaN,NaN,NaN,NaN,NaN,NaN,NaN,NaN,NaN,1,-0.0175465258234985,-0.17439152196282848,-0.15684499613932998
2023-06-20,7.553476626447485,7.6,7.4,7.5,0,0,0,0,NaN,NaN,42.52529863194279,NaN,NaN,NaN,11.89,7.981893681787408,NaN,NaN,NaN,NaN,NaN,NaN,NaN,NaN,NaN,NaN,1,-0.015991902167684674,-0.17683487384893581,-0.16084297168125114
2023-06-21,7.526738313223742,7.526738313223742,7.36,7.43,0,0,0,0,NaN,NaN,41.4225094828398,NaN,NaN,NaN,11.89,7.846246008612052,NaN,NaN,NaN,NaN,NaN,NaN,NaN,NaN,NaN,NaN,1,-0.01718003403792817,-0.18231801422866134,-0.16513798019073317
2023-06-22,7.478369156611871,7.478369156611871,7.32,7.380000000000001,0,0,0,0,NaN,NaN,40.375521848251516,NaN,NaN,NaN,11.89,7.715346966545161,NaN,NaN,NaN,NaN,NaN,NaN,NaN,NaN,NaN,NaN,1,-0.018709478050877554,-0.1885248277543301,-0.16981534970345255
2023-06-23,7.429184578305936,7.56,7.28,7.489999999999999,0,0,0,0,NaN,NaN,38.95495680106944,NaN,NaN,NaN,11.89,7.715346966545161,NaN,NaN,NaN,NaN,NaN,NaN,NaN,NaN,NaN,NaN,1,-0.010119205024273131,-0.18246435598379396,-0.17234515095952083
2023-06-26,7.459592289152967,7.6,7.12,7.36,0,0,0,0,NaN,NaN,37.86255465404761,NaN,NaN,NaN,11.89,7.612103285577968,NaN,NaN,NaN,NaN,NaN,NaN,NaN,NaN,NaN,NaN,1,-0.010929581316665715,-0.18600712760535298,-0.17507754628868727
2023-06-27,7.409796144576484,7.409796144576484,7.16,7.25,0,0,0,0,NaN,NaN,37.13296388182671,NaN,NaN,NaN,11.89,7.464972299904577,NaN,NaN,NaN,NaN,NaN,NaN,NaN,NaN,NaN,NaN,1,-0.016288357214032934,-0.19543799280622842,-0.1791496355921955
2023-06-28,7.329898072288242,7.6,7.32,7.4399999999999995,0,0,0,0,NaN,NaN,36.07702370530233,NaN,NaN,NaN,11.89,7.464972299904577,NaN,NaN,NaN,NaN,NaN,NaN,NaN,NaN,NaN,NaN,1,-0.005034642372972131,-0.18544293855841065,-0.18040829618543852
2023-06-29,7.384949036144121,7.48,7.04,7.3,0,0,0,0,NaN,NaN,36.58667824757212,NaN,NaN,NaN,11.89,7.464972299904577,NaN,NaN,NaN,NaN,NaN,NaN,NaN,NaN,NaN,NaN,1,-0.005006832593799443,-0.18666683692768782,-0.18166000433388838
2023-06-30,7.342474518072061,7.48,7.32,7.41,0,0,0,0,NaN,NaN,40.52701814264403,NaN,NaN,NaN,11.89,7.464972299904577,NaN,NaN,NaN,NaN,NaN,NaN,NaN,NaN,NaN,NaN,1,0.00394916707859963,-0.17672354548563884,-0.18067271256423847
2023-07-03,7.376237259036031,7.48,7.28,7.420000000000001,0,0,0,0,NaN,NaN,44.56665413813196,NaN,NaN,NaN,11.89,7.464972299904577,NaN,NaN,NaN,NaN,NaN,NaN,NaN,NaN,NaN,NaN,1,0.011640927574004867,-0.16612155309673238,-0.17776248067073724
2023-07-05,7.398118629518016,7.56,7.24,7.420000000000001,0,0,0,0,NaN,NaN,49.66088776998587,NaN,NaN,NaN,11.89,7.464972299904577,NaN,NaN,NaN,NaN,NaN,NaN,NaN,NaN,NaN,NaN,1,0.017472363983617234,-0.15592202569121572,-0.17339438967483295
2023-07-06,7.409059314759008,10.48,7.409059314759008,8.68,0,0,0,0,NaN,NaN,49.12946932128906,NaN,NaN,NaN,11.89,8.20095,NaN,NaN,NaN,NaN,NaN,NaN,NaN,NaN,NaN,NaN,1,0.10220252512257849,-0.04564123327160985,-0.14784375839418834
2023-07-07,8.044529657379504,8.12,7.36,7.789999999999999,0,0,0,0,NaN,NaN,51.69008594459975,NaN,NaN,NaN,11.89,8.20095,NaN,NaN,NaN,NaN,NaN,NaN,NaN,NaN,NaN,NaN,1,0.09450226590656005,-0.02971592601098827,-0.12421819191754832
2023-07-10,7.917264828689752,8.2,7.36,7.859999999999999,0,0,0,0,NaN,NaN,54.08040646336143,NaN,NaN,NaN,11.89,8.20095,NaN,NaN,NaN,NaN,NaN,NaN,NaN,NaN,NaN,NaN,1,0.09032163768414267,-0.011316144812369977,-0.10163778249651265
2023-07-11,7.888632414344876,8.04,7.64,7.85,0,0,0,0,NaN,NaN,56.277351883736934,NaN,NaN,NaN,11.89,8.20095,NaN,NaN,NaN,NaN,NaN,NaN,NaN,NaN,NaN,NaN,1,0.08325492703362618,0.002430876295520079,-0.0808240507381061
2023-07-12,7.869316207172438,8.16,7.72,7.959999999999999,0,0,0,0,NaN,NaN,56.39393791185153,NaN,NaN,NaN,11.89,8.20095,NaN,NaN,NaN,NaN,NaN,NaN,NaN,NaN,NaN,NaN,1,0.08221808931804103,0.02194856090944519,-0.06026952840859584
2023-07-13,7.914658103586218,8.2,7.4,7.83,0,0,0,0,NaN,NaN,55.804722275733845,NaN,NaN,NaN,11.89,8.20095,NaN,NaN,NaN,NaN,NaN,NaN,NaN,NaN,NaN,NaN,1,0.0695113809135591,0.026619697733353043,-0.04289168318020606
2023-07-14,7.872329051793109,8.08,7.44,7.84,0,0,0,0,NaN,NaN,54.692251019269854,NaN,NaN,NaN,11.89,8.20095,NaN,NaN,NaN,NaN,NaN,NaN,NaN,NaN,NaN,NaN,1,0.058932372732309335,0.03077378273518061,-0.028158589997128725
2023-07-17,7.8561645258965545,8.08,7.52,7.76,0,0,0,0,NaN,NaN,52.887870909746404,NaN,NaN,NaN,11.89,8.20095,NaN,NaN,NaN,NaN,NaN,NaN,NaN,NaN,NaN,NaN,1,0.04436362637858045,0.027295942976096832,-0.017067683402483613
2023-07-18,7.808082262948277,7.96,7.48,7.720000000000001,0,0,0,0,NaN,NaN,50.81573822483868,NaN,NaN,NaN,11.89,8.1856,NaN,NaN,NaN,NaN,NaN,NaN,NaN,NaN,NaN,NaN,1,0.030509500064340285,0.021069191677941745,-0.00944030838639854
2023-07-19,7.764041131474139,7.88,7.56,7.74,0,0,0,0,NaN,NaN,50.15434315397744,NaN,NaN,NaN,11.89,8.1856,NaN,NaN,NaN,NaN,NaN,NaN,NaN,NaN,NaN,NaN,1,0.021589062447587366,0.017546019673085667,-0.004043042774501698
2023-07-20,7.7520205657370695,7.88,7.44,7.76,0,0,0,0,NaN,NaN,47.642876768454464,NaN,NaN,NaN,11.89,8.1856,NaN,NaN,NaN,NaN,NaN,NaN,NaN,NaN,NaN,NaN,1,0.016179383564844732,0.016181186681554216,0.0000018031167094848324
2023-07-21,7.756010282868535,7.92,7.64,7.8,0,0,0,0,NaN,NaN,44.62871874752247,NaN,NaN,NaN,11.89,8.1856,NaN,NaN,NaN,NaN,NaN,NaN,NaN,NaN,NaN,NaN,1,0.014493241736439986,0.01811835528725947,0.003625113550819482
2023-07-24,7.778005141434267,7.8,7.56,7.6899999999999995,0,0,0,0,NaN,NaN,42.05594183299506,NaN,NaN,NaN,11.89,8.156182,NaN,NaN,NaN,NaN,NaN,NaN,NaN,NaN,NaN,NaN,1,0.005623648535408003,0.010654674220079485,0.0050310256846714824
2023-07-25,7.734002570717133,7.92,7.44,7.59,0,0,0,0,NaN,NaN,39.97905555010575,NaN,NaN,NaN,11.89,8.075211079999999,NaN,NaN,NaN,NaN,NaN,NaN,NaN,NaN,NaN,NaN,1,-0.00665807488188397,-0.00329156791768348,0.00336650696420049
2023-07-26,7.662001285358567,7.8,7.44,7.609999999999999,0,0,0,0,NaN,NaN,38.33724960994363,NaN,NaN,NaN,11.89,8.075211079999999,NaN,NaN,NaN,NaN,NaN,NaN,NaN,NaN,NaN,NaN,1,-0.012761332421094364,-0.012585158562167464,0.00017617385892689918
2023-07-27,7.636000642679283,7.68,7.48,7.63,0,0,0,0,NaN,NaN,35.86026206121952,NaN,NaN,NaN,11.89,8.075211079999999,NaN,NaN,NaN,NaN,NaN,NaN,NaN,NaN,NaN,NaN,1,-0.014643018741398992,-0.01812759956782184,-0.0034845808264228487
2023-07-28,7.633000321339642,7.76,7.44,7.53,0,0,0,0,NaN,NaN,34.816460518138406,NaN,NaN,NaN,11.89,7.9988420827999995,NaN,NaN,NaN,NaN,NaN,NaN,NaN,NaN,NaN,NaN,1,-0.021404810157298414,-0.030240593523045867,-0.008835783365747453
2023-07-31,7.581500160669821,7.76,7.2,7.41,0,0,0,0,NaN,NaN,33.77894625867609,NaN,NaN,NaN,11.89,7.8753810328639995,NaN,NaN,NaN,NaN,NaN,NaN,NaN,NaN,NaN,NaN,1,-0.03209846000867482,-0.048958858376590975,-0.016860398367916158
2023-08-01,7.49575008033491,7.92,7.28,7.609999999999999,0,0,0,0,NaN,NaN,31.40703959377522,NaN,NaN,NaN,11.89,7.8753810328639995,NaN,NaN,NaN,NaN,NaN,NaN,NaN,NaN,NaN,NaN,1,-0.02420113245416194,-0.047111813935618585,-0.022910681481456644
2023-08-02,7.552875040167455,7.6,6.8,7.300000000000001,0,0,0,0,NaN,NaN,30.791161025104092,NaN,NaN,NaN,11.89,7.7423238779344,NaN,NaN,NaN,NaN,NaN,NaN,NaN,NaN,NaN,NaN,1,-0.03755718065960276,-0.0698571573059601,-0.03229997664635734
2023-08-03,7.426437520083728,7.426437520083728,6.96,7.12,0,0,0,0,NaN,NaN,30.191835491086565,NaN,NaN,NaN,11.89,7.556505579906208,NaN,NaN,NaN,NaN,NaN,NaN,NaN,NaN,NaN,NaN,1,-0.05515239022026417,-0.10124046442168755,-0.04608807420142338
2023-08-04,7.273218760041864,7.273218760041864,6.44,6.590000000000001,0,0,0,0,NaN,NaN,30.836558597583224,NaN,NaN,NaN,11.89,7.144189408125905,NaN,NaN,NaN,NaN,NaN,NaN,NaN,NaN,NaN,NaN,1,-0.09669273291498788,-0.16695399034515823,-0.07026125743017035
2023-08-07,6.931609380020932,6.931609380020932,5.48,6.05,0,0,0,0,NaN,NaN,30.972184946643917,NaN,NaN,NaN,11.89,6.676383950175687,NaN,NaN,NaN,NaN,NaN,NaN,NaN,NaN,NaN,NaN,1,-0.1514816020985404,-0.25961326005334584,-0.10813165795480545
2023-08-08,6.4908046900104654,6.4908046900104654,5.92,6.15,0,0,0,0,NaN,NaN,31.379759115937667,NaN,NaN,NaN,11.89,6.676383950175687,NaN,NaN,NaN,NaN,NaN,NaN,NaN,NaN,NaN,NaN,1,-0.1705137059057002,-0.3212737903369307,-0.1507600844312305
2023-08-09,6.320402345005233,6.320402345005233,5.96,6.17,0,0,0,0,NaN,NaN,31.62080542988987,NaN,NaN,NaN,11.89,6.676383950175687,NaN,NaN,NaN,NaN,NaN,NaN,NaN,NaN,NaN,NaN,1,-0.17085324544624245,-0.3643266412390336,-0.19347339579279113
2023-08-10,6.245201172502616,6.44,5.92,6.25,0,0,0,0,NaN,NaN,32.10735925587982,NaN,NaN,NaN,11.89,6.676383950175687,NaN,NaN,NaN,NaN,NaN,NaN,NaN,NaN,NaN,NaN,1,-0.15524037968034915,-0.38752387039322755,-0.2322834907128784
2023-08-11,6.247600586251308,6.64,5.84,6.43,0,0,0,0,NaN,NaN,32.69274029230701,NaN,NaN,NaN,11.89,6.676383950175687,NaN,NaN,NaN,NaN,NaN,NaN,NaN,NaN,NaN,NaN,1,-0.12371171693135685,-0.38692313687707447,-0.2632114199457176
2023-08-14,6.338800293125654,6.48,6.16,6.32,0,0,0,0,NaN,NaN,33.68641100569627,NaN,NaN,NaN,11.89,6.676383950175687,NaN,NaN,NaN,NaN,NaN,NaN,NaN,NaN,NaN,NaN,1,-0.1020852840534614,-0.39081802501254437,-0.28873274095908297
2023-08-15,6.329400146562827,6.48,6.24,6.370000000000001,0,0,0,0,NaN,NaN,35.56568285844527,NaN,NaN,NaN,11.89,6.676383950175687,NaN,NaN,NaN,NaN,NaN,NaN,NaN,NaN,NaN,NaN,1,-0.07735557114522751,-0.3854272048906173,-0.3080716337453898
2023-08-16,6.349700073281414,6.349700073281414,5.88,6,0,0,0,0,NaN,NaN,39.085339018967005,NaN,NaN,NaN,11.89,6.475510283628251,NaN,NaN,NaN,NaN,NaN,NaN,NaN,NaN,NaN,NaN,1,-0.07860426465842252,-0.406326964568418,-0.3277226999099955
2023-08-17,6.1748500366407075,6.1748500366407075,5.64,5.91,0,0,0,0,NaN,NaN,43.40749721862957,NaN,NaN,NaN,11.89,6.274357198539777,NaN,NaN,NaN,NaN,NaN,NaN,NaN,NaN,NaN,NaN,1,-0.07802216056576078,-0.42525040061719643,-0.34722824005143565
2023-08-18,6.042425018320354,6.2,5.8,5.94,0,0,0,0,NaN,NaN,46.66799714032196,NaN,NaN,NaN,11.89,6.274357198539777,NaN,NaN,NaN,NaN,NaN,NaN,NaN,NaN,NaN,NaN,1,-0.06848711491630105,-0.432837133696812,-0.36435001878051093
2023-08-21,5.991212509160177,6.24,5.96,6.06,0,0,0,0,NaN,NaN,49.639596482108125,NaN,NaN,NaN,11.89,6.274357198539777,NaN,NaN,NaN,NaN,NaN,NaN,NaN,NaN,NaN,NaN,1,-0.04794069606320012,-0.42427588885951106,-0.37633519279631095
2023-08-22,6.025606254580088,6.28,5.8,6.13,0,0,0,0,NaN,NaN,53.34176081366553,NaN,NaN,NaN,11.89,6.274357198539777,NaN,NaN,NaN,NaN,NaN,NaN,NaN,NaN,NaN,NaN,1,-0.024651255686580664,-0.40714926240453675,-0.3824980067179561
2023-08-23,6.077803127290045,6.16,5.96,6.0200000000000005,0,0,0,0,NaN,NaN,55.952280508831144,NaN,NaN,NaN,11.89,6.274357198539777,NaN,NaN,NaN,NaN,NaN,NaN,NaN,NaN,NaN,NaN,1,-0.012294407797729334,-0.39786601646511777,-0.38557160866738843
2023-08-24,6.048901563645023,6.2,5.72,6.029999999999999,0,0,0,0,NaN,NaN,59.239031943253394,NaN,NaN,NaN,11.89,6.274357198539777,NaN,NaN,NaN,NaN,NaN,NaN,NaN,NaN,NaN,NaN,1,0.0002484776346380335,-0.3852610116240909,-0.3855094892587289
2023-08-25,6.039450781822511,6.12,5.8,6.03,0,0,0,0,NaN,NaN,62.18155912120766,NaN,NaN,NaN,11.89,6.274357198539777,NaN,NaN,NaN,NaN,NaN,NaN,NaN,NaN,NaN,NaN,1,0.011611706045667636,-0.37099485670164434,-0.382606562747312
2023-08-28,6.034725390911255,6.2,5.96,6.109999999999999,0,0,0,0,NaN,NaN,63.00698334608925,NaN,NaN,NaN,11.89,6.274357198539777,NaN,NaN,NaN,NaN,NaN,NaN,NaN,NaN,NaN,NaN,1,0.026718816757855368,-0.34920804179999276,-0.37592685855784813
2023-08-29,6.072362695455627,6.08,5.92,6.029999999999999,0,0,0,0,NaN,NaN,65.77077246053186,NaN,NaN,NaN,11.89,6.274357198539777,NaN,NaN,NaN,NaN,NaN,NaN,NaN,NaN,NaN,NaN,1,0.033108856859626834,-0.3345407874833146,-0.36764964434294145
2023-08-30,6.051181347727813,6.051181347727813,5.72,5.94,0,0,0,0,NaN,NaN,67.77499310890983,NaN,NaN,NaN,11.89,6.274357198539777,NaN,NaN,NaN,NaN,NaN,NaN,NaN,NaN,NaN,NaN,1,0.03298659109914198,-0.32641640546901396,-0.35940299656815594
2023-08-31,5.995590673863907,6,5.64,5.8100000000000005,0,0,0,0,NaN,NaN,69.78528745309059,NaN,NaN,NaN,11.89,6.08761932302165,NaN,NaN,NaN,NaN,NaN,NaN,NaN,NaN,NaN,NaN,1,0.026161057895402462,-0.32670167419890284,-0.3528627320943053
2023-09-01,5.902795336931954,6.08,5.6,5.8999999999999995,0,0,0,0,NaN,NaN,69.87704559316953,NaN,NaN,NaN,11.89,6.08761932302165,NaN,NaN,NaN,NaN,NaN,NaN,NaN,NaN,NaN,NaN,1,0.0294721119484046,-0.3160225921587996,-0.3454947041072042
2023-09-05,5.901397668465977,5.901397668465977,5.6,5.619999999999999,0,0,0,0,NaN,NaN,69.9626305052449,NaN,NaN,NaN,11.89,5.858476366733855,NaN,NaN,NaN,NaN,NaN,NaN,NaN,NaN,NaN,NaN,1,0.015283303073626187,-0.32639057526517146,-0.34167387833879764
2023-09-06,5.760698834232988,5.8,5.4,5.579999999999999,0,0,0,0,NaN,NaN,70.67455910207846,NaN,NaN,NaN,11.89,5.737670583707651,NaN,NaN,NaN,NaN,NaN,NaN,NaN,NaN,NaN,NaN,1,0.006151125528549739,-0.33398497142811046,-0.3401360969566602
2023-09-07,5.670349417116494,5.670349417116494,5.04,5.1899999999999995,0,0,0,0,NaN,NaN,70.80116471331263,NaN,NaN,NaN,11.89,5.394548938550438,NaN,NaN,NaN,NaN,NaN,NaN,NaN,NaN,NaN,NaN,1,-0.02168313162068397,-0.36724001148251517,-0.3455568798618312
2023-09-08,5.430174708558247,5.48,5.32,5.4,0,0,0,0,NaN,NaN,71.74228991967753,NaN,NaN,NaN,11.89,5.394548938550438,NaN,NaN,NaN,NaN,NaN,NaN,NaN,NaN,NaN,NaN,1,-0.02144035365901148,-0.37235732193559556,-0.3509169682765841
2023-09-11,5.415087354279123,5.76,5.415087354279123,5.629999999999999,0,0,0,0,NaN,NaN,72.20546126571283,NaN,NaN,NaN,11.89,5.5089999999999995,NaN,NaN,NaN,NaN,NaN,NaN,NaN,NaN,NaN,NaN,1,-0.0022869406750259946,-0.35377564412036655,-0.35148870344534056
2023-09-12,5.522543677139561,5.8,5.522543677139561,5.73,0,0,0,0,NaN,NaN,72.3620246218657,NaN,NaN,NaN,11.89,5.5641300000000005,NaN,NaN,NaN,NaN,NaN,NaN,NaN,NaN,NaN,NaN,1,0.019424154527032722,-0.3272085102865496,-0.34663266481358235
2023-09-13,5.626271838569781,5.88,5.626271838569781,5.88,0,0,0,0,NaN,NaN,72.69605341456618,NaN,NaN,NaN,11.89,5.6535822,NaN,NaN,NaN,NaN,NaN,NaN,NaN,NaN,NaN,NaN,1,0.04474683552007752,-0.29069912041348545,-0.33544595593356297
2023-09-14,5.75313591928489,5.84,5.64,5.78,0,0,0,0,NaN,NaN,73.72666504949271,NaN,NaN,NaN,11.89,5.6535822,NaN,NaN,NaN,NaN,NaN,NaN,NaN,NaN,NaN,NaN,1,0.054949328693546906,-0.2667592950666293,-0.3217086237601762
2023-09-15,5.766567959642446,5.766567959642446,5.6,5.65,0,0,0,0,NaN,NaN,74.02283588912547,NaN,NaN,NaN,11.89,5.6535822,NaN,NaN,NaN,NaN,NaN,NaN,NaN,NaN,NaN,NaN,1,0.05310017896771996,-0.2553334000505263,-0.30843357901824625
2023-09-18,5.708283979821223,5.76,5.64,5.699999999999999,0,0,0,0,NaN,NaN,74.08519870671552,NaN,NaN,NaN,11.89,5.6535822,NaN,NaN,NaN,NaN,NaN,NaN,NaN,NaN,NaN,NaN,1,0.055160381874188535,-0.23948310167551057,-0.2946434835496991
2023-09-19,5.704141989910611,5.704141989910611,5,5.21,0,0,0,0,NaN,NaN,75.24749787373088,NaN,NaN,NaN,11.89,5.51485,NaN,NaN,NaN,NaN,NaN,NaN,NaN,NaN,NaN,NaN,1,0.024975631903525253,-0.26342394367029254,-0.2883995755738178
2023-09-20,5.457070994955306,5.457070994955306,4.76,4.92,0,0,0,0,NaN,NaN,76.3101947517981,NaN,NaN,NaN,11.89,5.3563545,NaN,NaN,NaN,NaN,NaN,NaN,NaN,NaN,NaN,NaN,1,-0.011130687124209449,-0.3023129344790796,-0.29118224735487014
2023-09-21,5.188535497477653,5.188535497477653,4.12,4.46,0,0,0,0,NaN,NaN,77.34574927165464,NaN,NaN,NaN,11.89,5.0863732299999995,NaN,NaN,NaN,NaN,NaN,NaN,NaN,NaN,NaN,NaN,1,-0.05987941177230155,-0.3660315120702471,-0.30615210029794554
2023-09-22,4.824267748738826,4.824267748738826,4.4,4.51,0,0,0,0,NaN,NaN,78.35692511749376,NaN,NaN,NaN,11.89,5.0863732299999995,NaN,NaN,NaN,NaN,NaN,NaN,NaN,NaN,NaN,NaN,1,-0.08131317680083927,-0.40779357129899463,-0.32648039449815536
2023-09-25,4.667133874369413,4.88,4.667133874369413,4.76,0,0,0,0,NaN,NaN,79.78293258481679,NaN,NaN,NaN,11.89,5.0863732299999995,NaN,NaN,NaN,NaN,NaN,NaN,NaN,NaN,NaN,NaN,1,-0.07155399899670467,-0.4159228932440362,-0.3443688942473315
2023-09-26,4.713566937184707,4.713566937184707,4.4,4.5,0,0,0,0,NaN,NaN,80.81052247820551,NaN,NaN,NaN,11.89,5.0863732299999995,NaN,NaN,NaN,NaN,NaN,NaN,NaN,NaN,NaN,NaN,1,-0.07513920366895377,-0.43829289883352374,-0.36315369516456997
2023-09-27,4.606783468592353,4.84,4.36,4.59,0,0,0,0,NaN,NaN,81.9412297032263,NaN,NaN,NaN,11.89,5.0863732299999995,NaN,NaN,NaN,NaN,NaN,NaN,NaN,NaN,NaN,NaN,1,-0.06439302662012025,-0.4436449784397203,-0.37925195181960003
2023-09-28,4.598391734296177,4.8,4.598391734296177,4.779999999999999,0,0,0,0,NaN,NaN,82.81009393632905,NaN,NaN,NaN,11.89,5.0863732299999995,NaN,NaN,NaN,NaN,NaN,NaN,NaN,NaN,NaN,NaN,1,-0.038699018396825824,-0.4276257248156323,-0.3889267064188065
2023-09-29,4.689195867148088,4.8,4.56,4.68,0,0,0,0,NaN,NaN,84.00579357895433,NaN,NaN,NaN,11.89,5.0863732299999995,NaN,NaN,NaN,NaN,NaN,NaN,NaN,NaN,NaN,NaN,1,-0.023401841165581916,-0.4181790078757839,-0.39477716671020197
2023-10-02,4.684597933574044,4.76,4.48,4.62,0,0,0,0,NaN,NaN,85.09238768357314,NaN,NaN,NaN,11.89,5.0863732299999995,NaN,NaN,NaN,NaN,NaN,NaN,NaN,NaN,NaN,NaN,1,-0.012817055405487943,-0.4107984859670619,-0.397981430561574
2023-10-03,4.652298966787022,4.652298966787022,4.32,4.4,0,0,0,0,NaN,NaN,86.2851120590573,NaN,NaN,NaN,11.89,4.9972996392999995,NaN,NaN,NaN,NaN,NaN,NaN,NaN,NaN,NaN,NaN,1,-0.01592239083432334,-0.41788441910447816,-0.4019620282701548
2023-10-04,4.526149483393511,4.526149483393511,4.32,4.33,0,0,0,0,NaN,NaN,87.51993567541241,NaN,NaN,NaN,11.89,4.886423682584,NaN,NaN,NaN,NaN,NaN,NaN,NaN,NaN,NaN,NaN,1,-0.01783670226602646,-0.4242579061026879,-0.4064212038366614
2023-10-05,4.428074741696756,4.56,4.36,4.43,0,0,0,0,NaN,NaN,88.44524454447576,NaN,NaN,NaN,9.249497692698483,4.886423682584,NaN,NaN,NaN,NaN,NaN,NaN,NaN,NaN,NaN,NaN,1,-0.008014495260335375,-0.41643932291208063,-0.40842482765174526
2023-10-06,4.429037370848378,4.429037370848378,4.24,4.300000000000001,0,0,0,0,NaN,NaN,89.57713542048515,NaN,NaN,NaN,8.629661531408592,4.7857101301964,NaN,NaN,NaN,NaN,NaN,NaN,NaN,NaN,NaN,NaN,1,-0.0060107582160968676,-0.41593827542186634,-0.4099275172057695
2023-10-09,4.364518685424189,4.364518685424189,4.12,4.2,0,0,0,0,NaN,NaN,90.87678748753811,NaN,NaN,NaN,8.51015276224901,4.639282306761048,NaN,NaN,NaN,NaN,NaN,NaN,NaN,NaN,NaN,NaN,1,-0.007084296233284715,-0.41878288749737536,-0.41169859126409064
2023-10-10,4.282259342712095,4.32,4.12,4.170000000000001,0,0,0,0,NaN,NaN,91.7355688179041,NaN,NaN,NaN,8.460351998437769,4.528883022341228,NaN,NaN,NaN,NaN,NaN,NaN,NaN,NaN,NaN,NaN,1,-0.005546950994093303,-0.41863228000670727,-0.41308532901261397
2023-10-11,4.226129671356048,4.226129671356048,4.12,4.16,0,0,0,0,NaN,4.12,92.7777643241374,NaN,NaN,NaN,8.429828873069946,4.436551096979333,NaN,NaN,NaN,NaN,NaN,NaN,NaN,NaN,NaN,NaN,1,-0.0011647489890963536,-0.4145412652489844,-0.413376516259888
2023-10-12,4.193064835678024,4.2,4.08,4.13,0,0,0,0,NaN,NaN,93.55280719740043,NaN,NaN,NaN,8.379529728704593,4.342832300794913,NaN,NaN,NaN,NaN,NaN,NaN,NaN,NaN,NaN,NaN,1,0.0034971332745225014,-0.40900509966673493,-0.41250223294125743
2023-10-13,4.1615324178390125,4.4,4,4.2,0,0,0,0,NaN,NaN,94.20127814234304,NaN,NaN,NaN,8.379529728704593,4.342832300794913,NaN,NaN,NaN,NaN,NaN,NaN,NaN,NaN,NaN,NaN,1,0.014463725841921682,-0.3944225756388553,-0.408886301480777
2023-10-16,4.180766208919506,4.180766208919506,3.84,3.9299999999999997,0,0,0,0,NaN,NaN,94.86257414403715,NaN,NaN,NaN,8.35189310781638,4.148982610556439,NaN,NaN,NaN,NaN,NaN,NaN,NaN,NaN,NaN,NaN,1,0.0070761303264652575,-0.4000411385726954,-0.40711726889916067
2023-10-17,4.055383104459753,4.055383104459753,3.52,3.6799999999999997,0,0,0,0,NaN,NaN,95.00126290061895,NaN,NaN,NaN,7.877388905976484,3.910468349072814,NaN,NaN,NaN,NaN,NaN,NaN,NaN,NaN,NaN,NaN,1,-0.010168019391284477,-0.4198272931382663,-0.4096592737469818
2023-10-18,3.8676915522298763,3.8676915522298763,3.56,3.64,0,0,0,0,NaN,NaN,95.13405775947474,NaN,NaN,NaN,7.819094262528612,3.800299743406601,NaN,NaN,NaN,NaN,NaN,NaN,NaN,NaN,NaN,NaN,1,-0.01926121513235246,-0.43373579266242235,-0.4144745775300699
2023-10-19,3.753845776114938,3.753845776114938,3.6,3.68,0,0,0,0,NaN,NaN,95.20272556130335,NaN,NaN,NaN,7.819094262528612,3.800299743406601,NaN,NaN,NaN,NaN,NaN,NaN,NaN,NaN,NaN,NaN,1,-0.017619557173672973,-0.4364990239971611,-0.41887946682348814
2023-10-20,3.716922888057469,3.76,3.4,3.63,0,0,0,0,NaN,NaN,95.25188579353295,NaN,NaN,NaN,7.819094262528612,3.7308328434780265,NaN,NaN,NaN,NaN,NaN,NaN,NaN,NaN,NaN,NaN,1,-0.015038990516293316,-0.4376782049688548,-0.4226392144525615
2023-10-23,3.6734614440287343,3.6734614440287343,3.48,3.54,0,0,0,0,NaN,NaN,95.2572378770772,NaN,NaN,NaN,7.796654935338161,3.6245830492172555,NaN,NaN,NaN,NaN,NaN,NaN,NaN,NaN,NaN,NaN,1,-0.014523641295861534,-0.4407937660723884,-0.42627012477652687
2023-10-24,3.606730722014367,3.64,3.28,3.46,0,0,0,0,NaN,NaN,95.27772981092726,NaN,NaN,NaN,7.56541611600521,3.5285206770694906,NaN,NaN,NaN,NaN,NaN,NaN,NaN,NaN,NaN,NaN,1,-0.014658466858187114,-0.44459320834926075,-0.42993474149107364
2023-10-25,3.5333653610071836,3.5333653610071836,3.36,3.36,0,0,0,0,NaN,NaN,95.28461621003393,NaN,NaN,NaN,7.446405982333998,3.421630752076135,NaN,NaN,NaN,NaN,NaN,NaN,NaN,NaN,NaN,NaN,1,-0.016436685264880846,-0.45048059807217466,-0.4340439128072938
2023-10-26,3.4466826805035917,3.8,3.44,3.53,0,0,0,0,NaN,NaN,95.25815182980236,NaN,NaN,NaN,7.446405982333998,3.4883499999999996,NaN,NaN,NaN,NaN,NaN,NaN,NaN,NaN,NaN,NaN,1,-0.0018835015600816574,-0.4363982897573959,-0.43451478819731426
2023-10-27,3.4883413402517958,4,3.4883413402517958,3.91,0,0,0,0,NaN,NaN,94.93270284847148,NaN,NaN,NaN,7.446405982333998,3.6852995,NaN,NaN,NaN,NaN,NaN,NaN,NaN,NaN,NaN,NaN,1,0.03554898894132219,-0.39007855202066155,-0.42562754096198374
2023-10-30,3.699170670125898,4,3.699170670125898,3.9400000000000004,0,0,0,0,NaN,NaN,94.5246545493828,NaN,NaN,NaN,7.446405982333998,3.71468153,NaN,NaN,NaN,NaN,NaN,NaN,NaN,NaN,NaN,NaN,1,0.06294230701786574,-0.34694965718965154,-0.4098919642075173
2023-10-31,3.819585335062949,4.2,3.819585335062949,4.08,0,0,0,0,NaN,NaN,93.89430676563309,NaN,NaN,NaN,7.446405982333998,3.8112601923,NaN,NaN,NaN,NaN,NaN,NaN,NaN,NaN,NaN,NaN,1,0.08948374808104187,-0.2980372791062149,-0.3875210271872568
2023-11-01,3.9497926675314745,4.2,3.9497926675314745,4.18,0,0,0,0,NaN,NaN,93.08790076398648,NaN,NaN,NaN,7.446405982333998,3.8995089692239997,NaN,NaN,NaN,NaN,NaN,NaN,NaN,NaN,NaN,NaN,1,0.11134324482237218,-0.24834197115929157,-0.35968521598166375
2023-11-02,4.064896333765737,4.72,3.8,4.15,0,0,0,0,NaN,NaN,92.2717279373246,NaN,NaN,NaN,7.446405982333998,3.8995089692239997,NaN,NaN,NaN,NaN,NaN,NaN,NaN,NaN,NaN,NaN,1,0.12057220855314787,-0.20896995529022888,-0.32954216384337676
2023-11-03,4.107448166882868,4.56,4.107448166882868,4.4,0,0,0,0,NaN,NaN,90.88454555191888,NaN,NaN,NaN,7.446405982333998,4.0680826238404,NaN,NaN,NaN,NaN,NaN,NaN,NaN,NaN,NaN,NaN,1,0.13899493877449176,-0.15579849037526206,-0.2947934291497538
2023-11-06,4.253724083441434,4.4,4.12,4.26,0,0,0,0,NaN,NaN,89.78455575549098,NaN,NaN,NaN,7.446405982333998,4.0680826238404,NaN,NaN,NaN,NaN,NaN,NaN,NaN,NaN,NaN,NaN,1,0.1370087072888051,-0.12353254503874744,-0.26054125232755254
2023-11-07,4.2568620417207175,4.44,4.2568620417207175,4.36,0,0,0,0,NaN,NaN,88.4693222493212,NaN,NaN,NaN,7.446405982333998,4.0680826238404,NaN,NaN,NaN,NaN,NaN,NaN,NaN,NaN,NaN,NaN,1,0.13733862428733232,-0.08886797196838714,-0.22620659625571946
2023-11-08,4.308431020860359,4.52,4.308431020860359,4.470000000000001,0,0,0,0,NaN,NaN,86.79611905024176,NaN,NaN,NaN,7.446405982333998,4.169127751549128,NaN,NaN,NaN,NaN,NaN,NaN,NaN,NaN,NaN,NaN,1,0.13942811762296586,-0.05192144922701214,-0.191349566849978
2023-11-09,4.38921551043018,4.68,4.2,4.449999999999999,0,0,0,0,NaN,NaN,85.07906797375743,NaN,NaN,NaN,7.446405982333998,4.169127751549128,NaN,NaN,NaN,NaN,NaN,NaN,NaN,NaN,NaN,NaN,1,0.13389686344489368,-0.023978487543860894,-0.15787535098875458
2023-11-10,4.41960775521509,4.6,4.41960775521509,4.54,0,0,0,0,NaN,NaN,83.34037662505182,NaN,NaN,NaN,7.446405982333998,4.274660923723811,NaN,NaN,NaN,NaN,NaN,NaN,NaN,NaN,NaN,NaN,1,0.13059379483122507,0.005366892550276781,-0.1252269022809483
2023-11-13,4.479803877607544,4.479803877607544,4.2,4.35,0,0,0,0,NaN,NaN,81.85619604483078,NaN,NaN,NaN,7.446405982333998,4.274660923723811,NaN,NaN,NaN,NaN,NaN,NaN,NaN,NaN,NaN,NaN,1,0.11069386653321164,0.013140430885566268,-0.09755343564764538
2023-11-14,4.414901938803772,4.414901938803772,3.68,3.8899999999999997,0,0,0,0,NaN,NaN,81.3248244447409,NaN,NaN,NaN,7.446405982333998,4.1370000000000005,NaN,NaN,NaN,NaN,NaN,NaN,NaN,NaN,NaN,NaN,1,0.06395147230044376,-0.01761409527209068,-0.08156556757253444
2023-11-15,4.152450969401886,4.152450969401886,3.84,3.8899999999999997,0,0,0,0,NaN,NaN,80.644377178051,NaN,NaN,NaN,7.446405982333998,4.1370000000000005,NaN,NaN,NaN,NaN,NaN,NaN,NaN,NaN,NaN,NaN,1,0.03204542100327876,-0.04150879131843599,-0.07355421232171475
2023-11-16,4.021225484700943,4.021225484700943,3.4,3.58,0,0,0,0,NaN,NaN,80.90620645615884,NaN,NaN,NaN,7.446405982333998,3.9699400000000002,NaN,NaN,NaN,NaN,NaN,NaN,NaN,NaN,NaN,NaN,1,-0.008745443818394552,-0.08448601709470793,-0.07574057327631338
2023-11-17,3.8006127423504714,3.8006127423504714,3.2,3.5100000000000002,0,0,0,0,NaN,NaN,81.00519383439756,NaN,NaN,NaN,7.446405982333998,3.9094436000000004,NaN,NaN,NaN,NaN,NaN,NaN,NaN,NaN,NaN,NaN,1,-0.037630641140403626,-0.12277887470181792,-0.0851482335614143
2023-11-20,3.655306371175236,3.8,3.44,3.6599999999999997,0,0,0,0,NaN,NaN,80.78330966168569,NaN,NaN,NaN,7.446405982333998,3.9094436000000004,NaN,NaN,NaN,NaN,NaN,NaN,NaN,NaN,NaN,NaN,1,-0.043413733067646135,-0.13941539989597196,-0.09600166682832582
2023-11-21,3.657653185587618,3.657653185587618,3.44,3.52,0,0,0,0,NaN,NaN,80.59450372909424,NaN,NaN,NaN,7.446405982333998,3.9094436000000004,NaN,NaN,NaN,NaN,NaN,NaN,NaN,NaN,NaN,NaN,1,-0.05282188748843866,-0.16202902618887416,-0.1092071387004355
2023-11-22,3.588826592793809,4,3.4,3.62,0,0,0,0,NaN,NaN,80.08024557464269,NaN,NaN,NaN,7.446405982333998,3.9094436000000004,NaN,NaN,NaN,NaN,NaN,NaN,NaN,NaN,NaN,NaN,1,-0.04857233876748571,-0.16992256215979262,-0.12135022339230692
2023-11-24,3.6044132963969044,4.44,3.6044132963969044,4.22,0,0,0,0,NaN,NaN,78.00385573138277,NaN,NaN,NaN,7.446405982333998,3.9094436000000004,NaN,NaN,NaN,NaN,NaN,NaN,NaN,NaN,NaN,NaN,1,-0.0039656365829081885,-0.12630726912094214,-0.12234163253803396
2023-11-27,3.912206648198452,4.84,3.912206648198452,4.41,0,0,0,0,NaN,NaN,75.10449953464938,NaN,NaN,NaN,7.446405982333998,4.000500000000001,NaN,NaN,NaN,NaN,NaN,NaN,NaN,NaN,NaN,NaN,1,0.037441586829782006,-0.07553964900080645,-0.11298123583058846
2023-11-28,4.161103324099226,4.8,3.8,4.1499999999999995,0,0,0,0,NaN,NaN,73.29308435611772,NaN,NaN,NaN,7.446405982333998,4.000500000000001,NaN,NaN,NaN,NaN,NaN,NaN,NaN,NaN,NaN,NaN,1,0.04586951819098359,-0.05564433809185898,-0.10151385628284257
2023-11-30,4.1555516620496125,12.57,1.96,6.605,1,0,0,0,NaN,NaN,56.44760677846885,NaN,NaN,NaN,7.446405982333998,5.14321,NaN,NaN,NaN,NaN,NaN,NaN,NaN,NaN,NaN,NaN,1,0.20634527347547188,0.1564177355614973,-0.049927537913974585
2023-12-01,5.380275831024806,5.86,4.73,5.405,0,0,0,0,NaN,NaN,49.40355881805579,NaN,NaN,NaN,7.446405982333998,5.14321,NaN,NaN,NaN,NaN,NaN,NaN,NaN,NaN,NaN,NaN,1,0.21998539100243347,0.22505420083906724,0.005068809836633784
2023-12-04,5.392637915512403,8.37,4.9201,6.410024999999999,0,0,0,0,NaN,NaN,37.16282220136824,NaN,NaN,NaN,7.446405982333998,5.14321,NaN,NaN,NaN,NaN,NaN,NaN,NaN,NaN,NaN,NaN,1,0.2810948909169902,0.35643742348287155,0.07534253256588135
2023-12-05,5.901331457756202,12.68,5.901331457756202,8.719999999999999,0,0,0,0,NaN,NaN,16.78242171184317,NaN,NaN,NaN,7.446405982333998,6.3518674,NaN,NaN,NaN,NaN,NaN,NaN,NaN,NaN,NaN,NaN,1,0.45139200739596164,0.6395825418108334,0.18819053441487177
2023-12-06,7.3106657288781,8.99,6.51,7.5925,0,0,0,0,NaN,NaN,8.619836038174157,NaN,NaN,NaN,7.446405982333998,6.3518674,NaN,NaN,NaN,NaN,NaN,NaN,NaN,NaN,NaN,NaN,1,0.46079811274969507,0.7641881753519906,0.3033900626022955
2023-12-07,7.45158286443905,7.45158286443905,5.7,6.392499999999999,0,0,0,0,NaN,NaN,4.952218794744527,NaN,NaN,NaN,7.446405982333998,6.3518674,NaN,NaN,NaN,NaN,NaN,NaN,NaN,NaN,NaN,NaN,1,0.3631907329858767,0.7573784788346414,0.3941877458487647
2023-12-08,6.922041432219524,6.922041432219524,5.3,5.6725,0,0,0,0,NaN,NaN,2.929231584041054,NaN,NaN,NaN,7.446405982333998,6.3518674,NaN,NaN,NaN,NaN,NaN,NaN,NaN,NaN,NaN,NaN,1,0.23343080756793871,0.6859762553086881,0.4525454477407494
2023-12-11,6.297270716109763,6.297270716109763,4.86,5.28875,0,0,0,0,NaN,NaN,1.604004103166348,NaN,NaN,NaN,7.446405982333998,6.3518674,NaN,NaN,NaN,NaN,NaN,NaN,NaN,NaN,NaN,NaN,1,0.11124717257088201,0.5916044134543519,0.48035724088346987
2023-12-12,5.7930103580548815,5.7930103580548815,4.25,4.625,0,0,0,0,NaN,NaN,0.966261652691652,NaN,NaN,NaN,7.446405982333998,6.3518674,NaN,NaN,NaN,NaN,NaN,NaN,NaN,NaN,NaN,NaN,1,-0.017905223000297066,0.4579757121330985,0.4758809351333956
2023-12-13,5.209005179027441,5.209005179027441,3.84,4.16,0,0,0,0,NaN,NaN,0.6620957747925564,NaN,NaN,NaN,7.446405982333998,6.3518674,NaN,NaN,NaN,NaN,NaN,NaN,NaN,NaN,NaN,NaN,1,-0.13193055039311963,0.31096774714199604,0.44289829753511567
2023-12-14,4.684502589513721,4.684502589513721,3.95,4.11675,0,0,0,0,NaN,NaN,0.44947653844785734,NaN,NaN,NaN,7.446405982333998,6.3518674,NaN,NaN,NaN,NaN,NaN,NaN,NaN,NaN,NaN,NaN,1,-0.20328133230565548,0.18879663215304632,0.3920779644587018
2023-12-15,4.40062629475686,4.40062629475686,3.75,4.0825,0,0,0,0,NaN,NaN,0.25047571965512966,NaN,NaN,NaN,7.446405982333998,6.3518674,NaN,NaN,NaN,NaN,NaN,NaN,NaN,NaN,NaN,NaN,1,-0.24310653171477697,0.0881947998152306,0.33130133153000757
2023-12-18,4.24156314737843,4.24156314737843,3.6,3.77245,0,0,0,0,NaN,NaN,0.20926388326437528,NaN,NaN,NaN,7.446405982333998,6.02358525,NaN,NaN,NaN,NaN,NaN,NaN,NaN,NaN,NaN,NaN,1,-0.2781312267214743,-0.016362701871835306,0.261768524849639
2023-12-19,4.007006573689215,4.007006573689215,3.6,3.715,0,0,0,0,NaN,NaN,0.18085533081189697,NaN,NaN,NaN,7.446405982333998,5.9264644424999995,NaN,NaN,NaN,NaN,NaN,NaN,NaN,NaN,NaN,NaN,1,-0.29155674697593925,-0.10267740887028509,0.18887933810565416
2023-12-20,3.8610032868446074,3.93,3.66,3.74,0,0,0,0,NaN,NaN,0.22074528937736362,NaN,NaN,NaN,7.446405982333998,5.9264644424999995,NaN,NaN,NaN,NaN,NaN,NaN,NaN,NaN,NaN,NaN,1,-0.2848142518009052,-0.16713847664547732,0.11767577515542786
2023-12-21,3.8005016434223036,3.8005016434223036,3.6,3.684975,0,0,0,0,NaN,NaN,0.2175728081331223,NaN,NaN,NaN,7.446405982333998,5.777863325949999,NaN,NaN,NaN,NaN,NaN,NaN,NaN,NaN,NaN,NaN,1,-0.27024214726772355,-0.2201269089292266,0.05011523833849696
2023-12-22,3.742738321711152,3.95,3.6701,3.822525,0,0,0,0,NaN,NaN,0.13156400494948814,NaN,NaN,NaN,7.446405982333998,5.777863325949999,NaN,NaN,NaN,NaN,NaN,NaN,NaN,NaN,NaN,NaN,1,-0.23862086594480986,-0.24816084409251538,-0.009539978147705512
2023-12-26,3.782631660855576,4.46,3.782631660855576,4.21185,0,0,0,0,NaN,NaN,0.015723266587669208,NaN,NaN,NaN,7.446405982333998,5.777863325949999,NaN,NaN,NaN,NaN,NaN,NaN,NaN,NaN,NaN,NaN,1,-0.18135957319695115,-0.23623944464389446,-0.054879871446943305
2023-12-27,3.997240830427788,4.9704,3.997240830427788,4.4676,0,0,0,0,NaN,NaN,0.05329873250945262,NaN,NaN,NaN,7.446405982333998,5.777863325949999,NaN,NaN,NaN,NaN,NaN,NaN,NaN,NaN,NaN,NaN,1,-0.11914043889500572,-0.20380542006570046,-0.08466498117069474
2023-12-28,4.232420415213894,5.22,4.232420415213894,4.839375,0,0,0,0,NaN,NaN,0.45521294248636,NaN,NaN,NaN,7.446405982333998,5.777863325949999,NaN,NaN,NaN,NaN,NaN,NaN,NaN,NaN,NaN,NaN,1,-0.04939946578434322,-0.14641431340112376,-0.09701484761678054
2023-12-29,4.5358977076069475,4.9,4.2,4.66,0,0,0,0,NaN,NaN,1.1129323757384189,NaN,NaN,NaN,7.446405982333998,5.777863325949999,NaN,NaN,NaN,NaN,NaN,NaN,NaN,NaN,NaN,NaN,1,-0.013660400920664575,-0.11409034876761126,-0.10042994784694668
2024-01-02,4.597948853803474,4.597948853803474,4.3001,4.457525,0,0,0,0,NaN,NaN,2.0015549062263056,NaN,NaN,NaN,7.446405982333998,5.777863325949999,NaN,NaN,NaN,NaN,NaN,NaN,NaN,NaN,NaN,NaN,1,-0.0025496274732000335,-0.10361698218844673,-0.1010673547152467
2024-01-03,4.527736926901737,4.527736926901737,4.16,4.315,0,0,0,0,NaN,NaN,2.5927938331260694,NaN,NaN,NaN,7.446405982333998,5.777863325949999,NaN,NaN,NaN,NaN,NaN,NaN,NaN,NaN,NaN,NaN,1,-0.003626154997309297,-0.10560004846188331,-0.10197389346457401
2024-01-04,4.421368463450868,4.421368463450868,4,4.12,0,0,0,0,NaN,NaN,2.8184814739710213,NaN,NaN,NaN,7.446405982333998,5.777863325949999,NaN,NaN,NaN,NaN,NaN,NaN,NaN,NaN,NaN,NaN,1,-0.015625580479551676,-0.12150586906401362,-0.10588028858446194
2024-01-05,4.2706842317254345,4.28,4,4.095000000000001,0,0,0,0,NaN,NaN,2.6224318135414086,NaN,NaN,NaN,7.446405982333998,5.777863325949999,NaN,NaN,NaN,NaN,NaN,NaN,NaN,NaN,NaN,NaN,1,-0.02295762037071765,-0.134577314047859,-0.11161969367714135
2024-01-08,4.182842115862718,4.41,4,4.17,0,0,0,0,NaN,NaN,2.5484958624529535,NaN,NaN,NaN,7.446405982333998,5.777863325949999,NaN,NaN,NaN,NaN,NaN,NaN,NaN,NaN,NaN,NaN,1,-0.020545784306524928,-0.1373019240602975,-0.11675613975377258
2024-01-09,4.176421057931359,4.98,4.01,4.46,0,0,0,0,NaN,NaN,2.9624375378263914,NaN,NaN,NaN,7.446405982333998,5.777863325949999,NaN,NaN,NaN,NaN,NaN,NaN,NaN,NaN,NaN,NaN,1,0.0016145177236019104,-0.1147379925992702,-0.11635251032287211
2024-01-10,4.318210528965679,4.84,4.318210528965679,4.621275,0,0,0,0,NaN,NaN,3.3046710804629944,NaN,NaN,NaN,7.446405982333998,5.777863325949999,NaN,NaN,NaN,NaN,NaN,NaN,NaN,NaN,NaN,NaN,1,0.026772487391826277,-0.08288690108308927,-0.10965938847491555
2024-01-11,4.46974276448284,4.64,4.14,4.391249999999999,0,0,0,0,NaN,NaN,3.5310834160033595,NaN,NaN,NaN,7.446405982333998,5.777863325949999,NaN,NaN,NaN,NaN,NaN,NaN,NaN,NaN,NaN,NaN,1,0.027457642953420375,-0.07533733478314009,-0.10279497773656046
2024-01-12,4.43049638224142,4.6698,4.3,4.4174500000000005,0,0,0,0,NaN,NaN,4.007292079755328,NaN,NaN,NaN,7.446405982333998,5.777863325949999,NaN,NaN,NaN,NaN,NaN,NaN,NaN,NaN,NaN,NaN,1,0.02905689515275045,-0.0664738587956224,-0.09553075394837285
2024-01-16,4.4239731911207105,4.65,4.32,4.4350000000000005,0,0,0,0,NaN,NaN,4.426489769486919,NaN,NaN,NaN,7.446405982333998,5.777863325949999,NaN,NaN,NaN,NaN,NaN,NaN,NaN,NaN,NaN,NaN,1,0.030527000639008595,-0.057372003149612105,-0.0878990037886207
2024-01-17,4.4294865955603555,4.77,4.4294865955603555,4.61625,0,0,0,0,NaN,NaN,5.006951142044336,NaN,NaN,NaN,7.446405982333998,5.777863325949999,NaN,NaN,NaN,NaN,NaN,NaN,NaN,NaN,NaN,NaN,1,0.04221646846619542,-0.03512841820587642,-0.07734488667207184
2024-01-18,4.522868297780178,4.71,4.02,4.465,0,0,0,0,NaN,NaN,5.163138426736403,NaN,NaN,NaN,7.446405982333998,5.777863325949999,NaN,NaN,NaN,NaN,NaN,NaN,NaN,NaN,NaN,NaN,1,0.0383828603167764,-0.029366311276101342,-0.06774917159287774
2024-01-19,4.493934148890089,4.493934148890089,4.03,4.2425,0,0,0,0,NaN,NaN,4.969113311691766,NaN,NaN,NaN,7.446405982333998,5.777863325949999,NaN,NaN,NaN,NaN,NaN,NaN,NaN,NaN,NaN,NaN,1,0.020386162101381444,-0.04226646896615094,-0.06265263106753238
2024-01-22,4.368217074445044,4.39,4.06,4.2125,0,0,0,0,NaN,NaN,4.865054717909317,NaN,NaN,NaN,7.446405982333998,5.777863325949999,NaN,NaN,NaN,NaN,NaN,NaN,NaN,NaN,NaN,NaN,1,0.006694166173642914,-0.05428492335047874,-0.060979089524121656
2024-01-23,4.290358537222522,4.290358537222522,4.03,4.0925,0,0,0,0,NaN,NaN,4.479632412698015,NaN,NaN,NaN,7.446405982333998,5.777863325949999,NaN,NaN,NaN,NaN,NaN,NaN,NaN,NaN,NaN,NaN,1,-0.009340815807042019,-0.07265510928292418,-0.06331429347588216
2024-01-24,4.191429268611261,4.2,3.9,4.051575,0,0,0,0,NaN,NaN,3.9655095730657135,NaN,NaN,NaN,7.446405982333998,5.777863325949999,NaN,NaN,NaN,NaN,NaN,NaN,NaN,NaN,NaN,NaN,1,-0.02093608442749309,-0.08948439901024852,-0.06854831458275543
2024-01-25,4.12150213430563,4.38,3.9,4.14,0,0,0,0,NaN,NaN,3.5472207104498557,NaN,NaN,NaN,7.446405982333998,5.777863325949999,NaN,NaN,NaN,NaN,NaN,NaN,NaN,NaN,NaN,NaN,1,-0.020838251197773716,-0.09459612857997257,-0.07375787738219886
2024-01-26,4.130751067152815,4.130751067152815,3.65,3.78375,0,0,0,0,NaN,NaN,2.808713686110271,NaN,NaN,NaN,7.446405982333998,5.777863325949999,NaN,NaN,NaN,NaN,NaN,NaN,NaN,NaN,NaN,NaN,1,-0.041747161909453906,-0.12594182976901624,-0.08419466785956234
2024-01-29,3.957250533576407,3.957250533576407,3.61,3.6825,0,0,0,0,NaN,NaN,2.0635946474323297,NaN,NaN,NaN,7.446405982333998,5.5881545016145004,NaN,NaN,NaN,NaN,NaN,NaN,NaN,NaN,NaN,NaN,1,-0.05835795860542284,-0.15714211611634088,-0.09878415751091804
2024-01-30,3.8198752667882037,3.8198752667882037,3.4,3.56,0,0,0,0,NaN,NaN,1.4089053581403455,NaN,NaN,NaN,7.446405982333998,5.29087596142076,NaN,NaN,NaN,NaN,NaN,NaN,NaN,NaN,NaN,NaN,1,-0.07262713105766869,-0.1895680713330039,-0.11694094027533522
2024-01-31,3.689937633394102,3.689937633394102,3.44,3.4899999999999998,0,0,0,0,NaN,NaN,0.7315152396442053,NaN,NaN,NaN,7.446405982333998,4.990994567207646,NaN,NaN,NaN,NaN,NaN,NaN,NaN,NaN,NaN,NaN,1,-0.08116464592704789,-0.21839674768414508,-0.13723210175709719
2024-02-01,3.589968816697051,3.6499,3.02,3.359975,0,0,0,1,NaN,NaN,0.18541444432423468,NaN,NaN,NaN,7.446405982333998,4.64410079511027,NaN,NaN,NaN,NaN,NaN,NaN,NaN,NaN,NaN,NaN,1,-0.08930778285178553,-0.2488668303218291,-0.15955904747004357
2024-02-02,3.4749719083485253,3.51,3.21,3.2925,0,0,0,0,NaN,NaN,0.00025468878442807565,NaN,NaN,NaN,7.446405982333998,4.333612003137113,NaN,NaN,NaN,NaN,NaN,NaN,NaN,NaN,NaN,NaN,1,-0.0925815092536813,-0.2752859340371452,-0.18270442478346388
2024-02-05,3.383735954174263,3.41,3.11,3.27,0,0,0,0,NaN,NaN,0.20311827728719833,NaN,NaN,NaN,7.446405982333998,4.069795122384206,NaN,NaN,NaN,NaN,NaN,NaN,NaN,NaN,NaN,NaN,1,-0.0895503579113511,-0.29464237217265277,-0.20509201426130166
2024-02-06,3.3268679770871312,3.43,3.1501,3.352525,0,0,0,0,NaN,NaN,0.7595239100502784,NaN,NaN,NaN,7.446405982333998,4.069795122384206,NaN,NaN,NaN,NaN,NaN,NaN,NaN,NaN,NaN,NaN,1,-0.07581977578452015,-0.29986673399195185,-0.2240469582074317
2024-02-07,3.3396964885435656,3.49,3.235,3.3762499999999998,0,0,0,0,NaN,NaN,1.7069608692991771,NaN,NaN,NaN,7.446405982333998,4.069795122384206,NaN,NaN,NaN,NaN,NaN,NaN,NaN,NaN,NaN,NaN,1,-0.05968244755488561,-0.2986500176510387,-0.2389675700961531
2024-02-08,3.3579732442717827,3.3579732442717827,3,3.1449999999999996,0,0,0,0,NaN,NaN,3.2847805921688242,NaN,NaN,NaN,7.446405982333998,3.77447543934047,NaN,NaN,NaN,NaN,NaN,NaN,NaN,NaN,NaN,NaN,1,-0.05901844336731549,-0.3127406243052975,-0.253722180937982
2024-02-09,3.251486622135891,3.28,3.09,3.2024999999999997,0,0,0,0,NaN,NaN,5.419880015411698,NaN,NaN,NaN,7.446405982333998,3.77447543934047,NaN,NaN,NaN,NaN,NaN,NaN,NaN,NaN,NaN,NaN,1,-0.049525761719949324,-0.31562938308791866,-0.26610362136796933
2024-02-12,3.2269933110679454,3.67,3.06,3.2950000000000004,0,0,0,0,NaN,NaN,7.67963872313487,NaN,NaN,NaN,7.446405982333998,3.77447543934047,NaN,NaN,NaN,NaN,NaN,NaN,NaN,NaN,NaN,NaN,1,-0.03265056067594574,-0.3069168222129015,-0.27426626153695577
2024-02-13,3.260996655533973,3.49,3.25,3.365,0,0,0,0,NaN,NaN,9.536498572504087,NaN,NaN,NaN,7.446405982333998,3.77447543934047,NaN,NaN,NaN,NaN,NaN,NaN,NaN,NaN,NaN,NaN,1,-0.013394245624560042,-0.29100906856765585,-0.2776148229430958
2024-02-14,3.3129983277669863,3.93,3.3129983277669863,3.6450000000000005,0,0,0,0,NaN,NaN,11.10058702930215,NaN,NaN,NaN,7.446405982333998,3.77447543934047,NaN,NaN,NaN,NaN,NaN,NaN,NaN,NaN,NaN,NaN,1,0.01977729529912875,-0.2528932038191849,-0.27267049911831365
2024-02-15,3.4789991638834934,4.4,3.4789991638834934,4.192500000000001,0,0,0,0,NaN,NaN,11.626350207761742,NaN,NaN,NaN,7.446405982333998,3.77447543934047,NaN,NaN,NaN,NaN,NaN,NaN,NaN,NaN,NaN,NaN,1,0.07695787184296393,-0.17647315931460872,-0.25343103115757265
2024-02-16,3.835749581941747,4.74,3.835749581941747,4.3987750000000005,0,0,0,0,NaN,NaN,11.635268260984864,NaN,NaN,NaN,7.446405982333998,3.77447543934047,NaN,NaN,NaN,NaN,NaN,NaN,NaN,NaN,NaN,NaN,1,0.12423776157925287,-0.09813382918350655,-0.22237159076275942
2024-02-20,4.117262290970874,4.7,4.117262290970874,4.494725,0,0,0,0,NaN,NaN,11.541285114619441,NaN,NaN,NaN,7.446405982333998,4.022321249999999,NaN,NaN,NaN,NaN,NaN,NaN,NaN,NaN,NaN,NaN,1,0.1555097559364213,-0.02798439584223278,-0.18349415177865408
2024-02-21,4.305993645485437,7.47,4.305993645485437,5.72,0,0,0,0,NaN,NaN,8.847269144302167,NaN,NaN,NaN,7.446405982333998,4.667509987499999,NaN,NaN,NaN,NaN,NaN,NaN,NaN,NaN,NaN,NaN,1,0.24682542697641696,0.12503763194186712,-0.12178779503454984
2024-02-22,5.012996822742718,6.71,5.012996822742718,6.1725,0,0,0,0,NaN,NaN,6.122684011891517,NaN,NaN,NaN,7.446405982333998,4.97048438825,NaN,NaN,NaN,NaN,NaN,NaN,NaN,NaN,NaN,NaN,1,0.32110913272155506,0.27959862086739395,-0.041510511854161075
2024-02-23,5.592748411371359,6.07,4.56,5.3675,0,0,0,0,NaN,NaN,4.884748243714789,NaN,NaN,NaN,7.446405982333998,4.97048438825,NaN,NaN,NaN,NaN,NaN,NaN,NaN,NaN,NaN,NaN,1,0.2998408730628296,0.3332905794743759,0.033449706411546334
2024-02-26,5.480124205685679,5.480124205685679,4.56,4.9956,0,0,0,0,NaN,NaN,4.105217380839729,NaN,NaN,NaN,7.446405982333998,4.97048438825,NaN,NaN,NaN,NaN,NaN,NaN,NaN,NaN,NaN,NaN,1,0.2467534421517391,0.34189150910122024,0.09513806694948113
2024-02-27,5.23786210284284,5.23786210284284,4.2,4.545,0,0,0,0,NaN,NaN,3.8510756150141137,NaN,NaN,NaN,7.446405982333998,4.97048438825,NaN,NaN,NaN,NaN,NaN,NaN,NaN,NaN,NaN,NaN,1,0.17092045084042828,0.3087886305000165,0.1378681796595882
2024-02-28,4.89143105142142,8.4697,4.89143105142142,6.839925,0,0,0,0,NaN,NaN,1.6494479572075444,NaN,NaN,NaN,7.446405982333998,5.4424124183075,NaN,NaN,NaN,NaN,NaN,NaN,NaN,NaN,NaN,NaN,1,0.25962970280947995,0.4624053081714381,0.20277560536195818
2024-02-29,5.86567802571071,5.86567802571071,4.82,5.2675,0,0,0,0,NaN,NaN,1.1947456509906236,NaN,NaN,NaN,7.446405982333998,5.4424124183075,NaN,NaN,NaN,NaN,NaN,NaN,NaN,NaN,NaN,NaN,1,0.1994235688047465,0.4520550663678913,0.2526314975631448
2024-03-01,5.566589012855355,5.62,4.9501,5.290025,0,0,0,0,NaN,NaN,1.0246835765171807,NaN,NaN,NaN,7.446405982333998,5.4424124183075,NaN,NaN,NaN,NaN,NaN,NaN,NaN,NaN,NaN,NaN,1,0.15036771712596936,0.4405911439706065,0.29022342684463714
2024-03-04,5.428307006427677,5.428307006427677,4.35,4.885,0,0,0,0,NaN,NaN,1.0720457438584625,NaN,NaN,NaN,7.446405982333998,5.4424124183075,NaN,NaN,NaN,NaN,NaN,NaN,NaN,NaN,NaN,NaN,1,0.08324427458935513,0.39427877008133105,0.3110344954919759
2024-03-05,5.156653503213839,5.156653503213839,3.95,4.202500000000001,0,0,0,0,NaN,NaN,1.6777937221708066,NaN,NaN,NaN,7.446405982333998,5.4424124183075,NaN,NaN,NaN,NaN,NaN,NaN,NaN,NaN,NaN,NaN,1,-0.009582398903732248,0.2990564968623106,0.30863889576604286
2024-03-06,4.67957675160692,4.67957675160692,3.9201,4.2475249999999996,0,0,0,0,NaN,NaN,2.4624312249194533,NaN,NaN,NaN,7.446405982333998,5.4424124183075,NaN,NaN,NaN,NaN,NaN,NaN,NaN,NaN,NaN,NaN,1,-0.06720244589832447,0.22463583839313728,0.29183828429146175
2024-03-07,4.46355087580346,4.58,4,4.26,0,0,0,0,NaN,NaN,3.275918444690661,NaN,NaN,NaN,7.446405982333998,5.4424124183075,NaN,NaN,NaN,NaN,NaN,NaN,NaN,NaN,NaN,NaN,1,-0.10165922038269387,0.16476425881309442,0.2664234791957883
2024-03-08,4.36177543790173,4.36177543790173,3.99,4.1625,0,0,0,0,NaN,NaN,4.471716818702311,NaN,NaN,NaN,7.446405982333998,5.4424124183075,NaN,NaN,NaN,NaN,NaN,NaN,NaN,NaN,NaN,NaN,1,-0.12657806900077434,0.10820089294482038,0.23477896194559472
2024-03-11,4.262137718950864,4.65,4.04,4.295,0,0,0,0,NaN,NaN,5.621255332339161,NaN,NaN,NaN,7.446405982333998,5.4424124183075,NaN,NaN,NaN,NaN,NaN,NaN,NaN,NaN,NaN,NaN,1,-0.1292458835437636,0.07322160751589024,0.20246749105965384
2024-03-12,4.278568859475432,4.62,4.05,4.359999999999999,0,0,0,0,NaN,NaN,6.078350375866956,NaN,NaN,NaN,7.446405982333998,5.4424124183075,NaN,NaN,NaN,NaN,NaN,NaN,NaN,NaN,NaN,NaN,1,-0.12184044455129456,0.050166935370535626,0.17200737992183018
2024-03-13,4.319284429737715,4.319284429737715,3.67,3.8689,0,0,0,0,NaN,NaN,6.8734083323888795,NaN,NaN,NaN,7.446405982333998,5.176151,NaN,NaN,NaN,NaN,NaN,NaN,NaN,NaN,NaN,NaN,1,-0.14372079457312625,-0.007643613294577634,0.13607718127854862
2024-03-14,4.094092214868858,4.094092214868858,3.0001,3.417525,0,0,0,0,NaN,NaN,8.564560396980449,NaN,NaN,NaN,7.446405982333998,4.904475345,NaN,NaN,NaN,NaN,NaN,NaN,NaN,NaN,NaN,NaN,1,-0.17994718022768108,-0.08885679400605273,0.09109038622162835
2024-03-15,3.755808607434429,3.82,3.12,3.3125,0,0,0,0,NaN,NaN,7.567800456839008,NaN,NaN,NaN,7.446405982333998,4.759595074299999,NaN,NaN,NaN,NaN,NaN,NaN,NaN,NaN,NaN,NaN,1,-0.20075295220409756,-0.1598508040334936,0.040902148170603954
2024-03-18,3.5341543037172145,3.63,3.1,3.3475,0,0,0,0,NaN,NaN,7.649339601941938,NaN,NaN,NaN,7.446405982333998,4.759595074299999,NaN,NaN,NaN,NaN,NaN,NaN,NaN,NaN,NaN,NaN,1,-0.20140908436478652,-0.2108592072853792,-0.009450122920592684
2024-03-19,3.440827151858607,3.6,2.6,3.0774999999999997,0,0,0,0,NaN,NaN,6.945570175120371,NaN,NaN,NaN,7.446405982333998,4.501281517612999,NaN,NaN,NaN,NaN,NaN,NaN,NaN,NaN,NaN,NaN,1,-0.20840675254055252,-0.26995856359628334,-0.06155181105573082
2024-03-20,3.2591635759293034,3.2591635759293034,2.4,2.72,0,0,0,0,NaN,NaN,5.007804652190986,NaN,NaN,NaN,7.446405982333998,4.13022773549944,NaN,NaN,NaN,NaN,NaN,NaN,NaN,NaN,NaN,NaN,1,-0.2241213877443818,-0.3417035457362081,-0.11758215799182628
2024-03-21,2.989581787964652,2.989581787964652,2.5,2.6825,0,0,0,0,NaN,NaN,3.6140280279567323,NaN,NaN,NaN,7.446405982333998,3.8971310751745234,NaN,NaN,NaN,NaN,NaN,NaN,NaN,NaN,NaN,NaN,1,-0.22354339146168065,-0.3970113973189271,-0.17346800585724645
2024-03-22,2.836040893982326,2.836040893982326,2.67,2.7224999999999997,0,0,0,0,NaN,NaN,2.9752734327389927,NaN,NaN,NaN,7.446405982333998,3.8971310751745234,NaN,NaN,NaN,NaN,NaN,NaN,NaN,NaN,NaN,NaN,1,-0.20732841937099022,-0.43262853007098423,-0.225300110699994
2024-03-25,2.7792704469911627,3.16,2.76,2.9575,0,0,0,0,NaN,NaN,2.656852406575714,NaN,NaN,NaN,7.446405982333998,3.8971310751745234,NaN,NaN,NaN,NaN,NaN,NaN,NaN,NaN,NaN,NaN,1,-0.16924552156296135,-0.4368570126536957,-0.26761149109073434
2024-03-26,2.868385223495581,3.28,2.868385223495581,3.1774999999999998,0,0,0,0,NaN,NaN,2.4203683924839603,NaN,NaN,NaN,7.446405982333998,3.8971310751745234,NaN,NaN,NaN,NaN,NaN,NaN,NaN,NaN,NaN,NaN,1,-0.1200241201783026,-0.4176416413136126,-0.29761752113531
2024-03-27,3.0229426117477907,3.25,3.0229426117477907,3.2,0,0,0,0,NaN,NaN,2.7171243457027017,NaN,NaN,NaN,7.446405982333998,3.8971310751745234,NaN,NaN,NaN,NaN,NaN,NaN,NaN,NaN,NaN,NaN,1,-0.07873201709129796,-0.3960325424994324,-0.31730052540813447
2024-03-28,3.1114713058738954,3.6,3.1114713058738954,3.4225,0,0,0,0,NaN,NaN,3.2679939834629823,NaN,NaN,NaN,7.446405982333998,3.8971310751745234,NaN,NaN,NaN,NaN,NaN,NaN,NaN,NaN,NaN,NaN,1,-0.03163146588067978,-0.3568398577589842,-0.3252083918783044
2024-04-01,3.2669856529369476,3.6,3.2669856529369476,3.5225,0,0,0,0,NaN,NaN,3.783226333806914,NaN,NaN,NaN,7.446405982333998,3.8971310751745234,NaN,NaN,NaN,NaN,NaN,NaN,NaN,NaN,NaN,NaN,1,0.008895050052514009,-0.3140895793126619,-0.3229846293651759
2024-04-02,3.394742826468474,3.5,3.33,3.3950000000000005,0,0,0,0,NaN,NaN,4.505941213043172,NaN,NaN,NaN,7.446405982333998,3.8971310751745234,NaN,NaN,NaN,NaN,NaN,NaN,NaN,NaN,NaN,NaN,1,0.02863782896506384,-0.2871873431588461,-0.3158251721239099
2024-04-03,3.3948714132342372,3.42,3.2,3.31,0,0,0,0,NaN,NaN,5.830458757138714,NaN,NaN,NaN,7.446405982333998,3.8971310751745234,NaN,NaN,NaN,NaN,NaN,NaN,NaN,NaN,NaN,NaN,1,0.036965794374181626,-0.2696179291561829,-0.3065837235303645
2024-04-04,3.3524357066171184,3.48,3.3524357066171184,3.4325,0,0,0,0,NaN,NaN,7.217187803277836,NaN,NaN,NaN,7.446405982333998,3.8971310751745234,NaN,NaN,NaN,NaN,NaN,NaN,NaN,NaN,NaN,NaN,1,0.05086052283235298,-0.2430080699899233,-0.2938685928222763
2024-04-05,3.3924678533085593,3.5,3.25,3.375,0,0,0,0,NaN,NaN,8.768712387861202,NaN,NaN,NaN,7.446405982333998,3.8971310751745234,NaN,NaN,NaN,NaN,NaN,NaN,NaN,NaN,NaN,NaN,1,0.05591290499108109,-0.2239774615834249,-0.279890366574506
2024-04-08,3.38373392665428,3.39,3.05,3.2275,0,0,0,0,NaN,NaN,10.796697076846636,NaN,NaN,NaN,7.446405982333998,3.8971310751745234,NaN,NaN,NaN,NaN,NaN,NaN,NaN,NaN,NaN,NaN,1,0.04928719500852463,-0.21828137281385018,-0.2675685678223748
2024-04-09,3.30561696332714,3.30561696332714,2.95,3.08875,0,0,0,0,NaN,NaN,12.891367393325625,NaN,NaN,NaN,7.446405982333998,3.8971310751745234,NaN,NaN,NaN,NaN,NaN,NaN,NaN,NaN,NaN,NaN,1,0.036135282851010087,-0.22239946425861223,-0.2585347471096223
2024-04-10,3.1971834816635702,3.1971834816635702,2.97,3.045,0,0,0,0,NaN,NaN,14.264649201132132,NaN,NaN,NaN,7.446405982333998,3.8971310751745234,NaN,NaN,NaN,NaN,NaN,NaN,NaN,NaN,NaN,NaN,1,0.025562637015223988,-0.22658145084059234,-0.2521440878558163
2024-04-11,3.121091740831785,3.15,3.09,3.1275000000000004,0,0,0,0,NaN,NaN,14.936800173193465,NaN,NaN,NaN,7.446405982333998,3.8971310751745234,NaN,NaN,NaN,NaN,NaN,NaN,NaN,NaN,NaN,NaN,1,0.025159578542817945,-0.2206946146772939,-0.24585419322011184
2024-04-12,3.1242958704158927,3.1401,2.93,3.0475250000000003,0,0,0,0,NaN,NaN,14.981285701655512,NaN,NaN,NaN,7.446405982333998,3.8971310751745234,NaN,NaN,NaN,NaN,NaN,NaN,NaN,NaN,NaN,NaN,1,0.020725630705744458,-0.21994715483793126,-0.24067278554367572
2024-04-15,3.0859104352079463,3.0859104352079463,2.62,2.7825,0,0,0,0,NaN,NaN,15.699584625358035,NaN,NaN,NaN,7.446405982333998,3.8971310751745234,NaN,NaN,NaN,NaN,NaN,NaN,NaN,NaN,NaN,NaN,1,0.002140937784370911,-0.2379966133132121,-0.240137551097583
2024-04-16,2.9342052176039735,2.9342052176039735,2.4,2.5875,0,0,0,0,NaN,NaN,17.029278694879213,NaN,NaN,NaN,7.446405982333998,3.6224474816431096,NaN,NaN,NaN,NaN,NaN,NaN,NaN,NaN,NaN,NaN,1,-0.019874975419111568,-0.26498127037147245,-0.2451062949523609
2024-04-17,2.7608526088019865,2.7608526088019865,2.3054,2.41635,0,0,0,0,NaN,NaN,18.835487703850937,NaN,NaN,NaN,7.446405982333998,3.301562760498056,NaN,NaN,NaN,NaN,NaN,NaN,NaN,NaN,NaN,NaN,1,-0.04132005010061279,-0.2967563575781269,-0.2554363074775141
2024-04-18,2.588601304400993,2.588601304400993,2.38,2.48,0,0,0,0,NaN,NaN,20.93536686616032,NaN,NaN,NaN,7.446405982333998,3.301562760498056,NaN,NaN,NaN,NaN,NaN,NaN,NaN,NaN,NaN,NaN,1,-0.046204583787652354,-0.31319203721207955,-0.2669874534244272
2024-04-19,2.5343006522004963,2.5343006522004963,2.35,2.3925,0,0,0,0,NaN,NaN,23.181153167291328,NaN,NaN,NaN,7.446405982333998,3.074324697978523,NaN,NaN,NaN,NaN,NaN,NaN,NaN,NaN,NaN,NaN,1,-0.04999396617653462,-0.32947991114509545,-0.27948594496856083
2024-04-22,2.463400326100248,2.48,2.3,2.4025,0,0,0,0,NaN,NaN,25.17916771289147,NaN,NaN,NaN,7.049288509994086,3.074324697978523,NaN,NaN,NaN,NaN,NaN,NaN,NaN,NaN,NaN,NaN,1,-0.046562114677977884,-0.3376885883160332,-0.2911264736380553
2024-04-23,2.432950163050124,2.432950163050124,2.25,2.3024999999999998,0,0,0,0,NaN,NaN,26.585749410263265,NaN,NaN,NaN,5.13170729611069,2.8330820295243218,NaN,NaN,NaN,NaN,NaN,NaN,NaN,NaN,NaN,NaN,1,-0.04569785554578648,-0.34824879307028844,-0.30255093752450196
2024-04-24,2.367725081525062,2.367725081525062,2.13,2.2524999999999995,0,0,0,0,NaN,NaN,27.629491158516633,NaN,NaN,NaN,5.069641354093481,2.641407420667025,NaN,NaN,NaN,NaN,NaN,NaN,NaN,NaN,NaN,NaN,1,-0.0431931816107356,-0.35654241453792146,-0.31334923292718586
2024-04-25,2.310112540762531,2.310112540762531,2.2,2.25,0,0,0,0,NaN,NaN,29.046126575816807,NaN,NaN,NaN,5.054019132054686,2.5114054718469068,NaN,NaN,NaN,NaN,NaN,NaN,NaN,NaN,NaN,NaN,1,-0.036661841574508525,-0.35917653489532153,-0.322514693320813
2024-04-26,2.2800562703812655,2.2999,2.2,2.237475,0,0,0,0,NaN,NaN,30.323463520639304,NaN,NaN,NaN,5.028348161394412,2.4087825019820204,NaN,NaN,NaN,NaN,NaN,NaN,NaN,NaN,NaN,NaN,1,-0.028505261199672338,-0.35814626982040343,-0.3296410086207311
2024-04-29,2.258765635190633,2.52,2.24,2.38,0,0,0,0,NaN,NaN,31.244670342896725,NaN,NaN,NaN,5.028348161394412,2.4087825019820204,NaN,NaN,NaN,NaN,NaN,NaN,NaN,NaN,NaN,NaN,1,-0.009797695056868061,-0.3418881274418162,-0.3320904323849481
2024-04-30,2.3193828175953164,2.94,2.3193828175953164,2.7625,0,0,0,0,NaN,NaN,31.014518200379015,NaN,NaN,NaN,5.028348161394412,2.602367375,NaN,NaN,NaN,NaN,NaN,NaN,NaN,NaN,NaN,NaN,1,0.02987931783229192,-0.2947412850945832,-0.3246206029268751
2024-05-01,2.540941408797658,2.94,2.540941408797658,2.78505,0,0,0,0,NaN,NaN,30.935898658911405,NaN,NaN,NaN,5.028348161394412,2.61878460375,NaN,NaN,NaN,NaN,NaN,NaN,NaN,NaN,NaN,NaN,1,0.05758037001709837,-0.2526451404055021,-0.3102255104226005
2024-05-02,2.662995704398829,2.8,2.5477,2.649425,0,0,0,0,NaN,NaN,31.503057794888324,NaN,NaN,NaN,5.028348161394412,2.61878460375,NaN,NaN,NaN,NaN,NaN,NaN,NaN,NaN,NaN,NaN,1,0.06609739083104449,-0.22760377188379488,-0.29370116271483937
2024-05-03,2.6562103521994143,2.6562103521994143,2.38,2.46,0,0,0,0,NaN,NaN,32.39734195088012,NaN,NaN,NaN,5.028348161394412,2.61878460375,NaN,NaN,NaN,NaN,NaN,NaN,NaN,NaN,NaN,NaN,1,0.05855971649618502,-0.22050151709460808,-0.2790612335907931
2024-05-06,2.558105176099707,2.558105176099707,2.31,2.3428500000000003,0,0,0,0,NaN,NaN,33.67666302216873,NaN,NaN,NaN,5.028348161394412,2.5506840000000004,NaN,NaN,NaN,NaN,NaN,NaN,NaN,NaN,NaN,NaN,1,0.045833359830349474,-0.22176953380285624,-0.2676028936332057
2024-05-07,2.4504775880498535,2.5235,2.3166,2.390025,0,0,0,0,NaN,NaN,34.8812489422237,NaN,NaN,NaN,5.028348161394412,2.5506840000000004,NaN,NaN,NaN,NaN,NaN,NaN,NaN,NaN,NaN,NaN,1,0.04090434835531831,-0.2164724581890578,-0.2573768065443761
2024-05-08,2.4202512940249266,2.45,2.2901,2.377525,0,0,0,0,NaN,NaN,35.81091980666073,NaN,NaN,NaN,5.028348161394412,2.5506840000000004,NaN,NaN,NaN,NaN,NaN,NaN,NaN,NaN,NaN,NaN,1,0.03721940034021082,-0.21085255611911258,-0.2480719564593234
2024-05-09,2.398888147012463,2.55,2.3,2.4625,0,0,0,0,NaN,NaN,37.37383937296843,NaN,NaN,NaN,5.028348161394412,2.5506840000000004,NaN,NaN,NaN,NaN,NaN,NaN,NaN,NaN,NaN,NaN,1,0.040643174502850016,-0.19726798833076087,-0.23791116283361088
2024-05-10,2.4306940735062312,2.6,2.39,2.5225,0,0,0,0,NaN,NaN,39.03035743490054,NaN,NaN,NaN,5.028348161394412,2.5506840000000004,NaN,NaN,NaN,NaN,NaN,NaN,NaN,NaN,NaN,NaN,1,0.046656597938735334,-0.17959041541019172,-0.22624701334892705
2024-05-13,2.4765970367531156,2.6942,2.4058,2.555,0,0,0,0,NaN,NaN,40.91900554019812,NaN,NaN,NaN,5.028348161394412,2.5506840000000004,NaN,NaN,NaN,NaN,NaN,NaN,NaN,NaN,NaN,NaN,1,0.05211660419667963,-0.16110125810307752,-0.21321786229975714
2024-05-14,2.515798518376558,3.06,2.515798518376558,2.825,0,0,0,0,NaN,NaN,42.371097803899175,NaN,NaN,NaN,5.028348161394412,2.59115725,NaN,NaN,NaN,NaN,NaN,NaN,NaN,NaN,NaN,NaN,1,0.07198142761231524,-0.1232410777843631,-0.19522250539667835
2024-05-15,2.670399259188279,3.25,2.670399259188279,3.0375,0,0,0,0,NaN,NaN,43.66448721048155,NaN,NaN,NaN,5.028348161394412,2.7076100325,NaN,NaN,NaN,NaN,NaN,NaN,NaN,NaN,NaN,NaN,1,0.09599998858280742,-0.07522251966816906,-0.17122250825097649
2024-05-16,2.8539496295941396,3.0533,2.69,2.873325,0,0,0,0,NaN,NaN,45.60911698287163,NaN,NaN,NaN,5.028348161394412,2.7076100325,NaN,NaN,NaN,NaN,NaN,NaN,NaN,NaN,NaN,NaN,1,0.09710561721525071,-0.0498404867319131,-0.14694610394716381
2024-05-17,2.86363731479707,2.915,2.45,2.6887499999999998,0,0,0,0,NaN,NaN,48.086845417365986,NaN,NaN,NaN,5.028348161394412,2.7076100325,NaN,NaN,NaN,NaN,NaN,NaN,NaN,NaN,NaN,NaN,1,0.08226870118963225,-0.0441102274601235,-0.12637892864975575
2024-05-20,2.776193657398535,2.776193657398535,2.45,2.5362500000000003,0,0,0,0,NaN,NaN,50.61820751980813,NaN,NaN,NaN,5.028348161394412,2.7076100325,NaN,NaN,NaN,NaN,NaN,NaN,NaN,NaN,NaN,NaN,1,0.06007652724135264,-0.05128326959806495,-0.11135979683941759
2024-05-21,2.656221828699268,2.7,2.51,2.62,0,0,0,0,NaN,NaN,52.85154152959692,NaN,NaN,NaN,5.028348161394412,2.7076100325,NaN,NaN,NaN,NaN,NaN,NaN,NaN,NaN,NaN,NaN,1,0.04937756707048016,-0.04963783800131738,-0.09901540507179754
2024-05-22,2.638110914349634,2.748,2.6,2.6595,0,0,0,0,NaN,NaN,55.82722788820813,NaN,NaN,NaN,5.028348161394412,2.7076100325,NaN,NaN,NaN,NaN,NaN,NaN,NaN,NaN,NaN,NaN,1,0.04350671471874501,-0.04463201167336628,-0.08813872639211129
2024-05-23,2.648805457174817,2.7,2.46,2.6275,0,0,0,0,NaN,NaN,58.67155709538666,NaN,NaN,NaN,5.028348161394412,2.7076100325,NaN,NaN,NaN,NaN,NaN,NaN,NaN,NaN,NaN,NaN,1,0.03630766302714443,-0.04275414760818075,-0.07906181063532518
2024-05-24,2.6381527285874085,2.84,2.6,2.7424999999999997,0,0,0,0,NaN,NaN,60.86036554464478,NaN,NaN,NaN,5.028348161394412,2.7076100325,NaN,NaN,NaN,NaN,NaN,NaN,NaN,NaN,NaN,NaN,1,0.037951951979228085,-0.031621870661290075,-0.06957382264051816
2024-05-28,2.6903263642937043,2.86,2.65,2.7675,0,0,0,0,NaN,NaN,62.69373203381746,NaN,NaN,NaN,5.028348161394412,2.7076100325,NaN,NaN,NaN,NaN,NaN,NaN,NaN,NaN,NaN,NaN,1,0.039222789259827195,-0.020545336065734165,-0.05976812532556136
2024-05-29,2.728913182146852,2.9495,2.67,2.829875,0,0,0,0,NaN,NaN,63.32927593215537,NaN,NaN,NaN,5.028348161394412,2.7076100325,NaN,NaN,NaN,NaN,NaN,NaN,NaN,NaN,NaN,NaN,1,0.0424887233920002,-0.006657221085561105,-0.04914594447756131
2024-05-30,2.779394091073426,3,2.75,2.8850000000000002,0,0,0,0,NaN,NaN,62.208472176134,NaN,NaN,NaN,5.028348161394412,2.7076100325,NaN,NaN,NaN,NaN,NaN,NaN,NaN,NaN,NaN,NaN,1,0.046274421457508944,0.008697082344324869,-0.037577339113184074
2024-05-31,2.832197045536713,3.13,2.78,2.9325,0,0,0,0,NaN,NaN,60.41656256191178,NaN,NaN,NaN,5.028348161394412,2.7076100325,NaN,NaN,NaN,NaN,NaN,NaN,NaN,NaN,NaN,NaN,1,0.04959536648530377,0.02441686899344564,-0.02517849749185813
2024-06-03,2.8823485227683565,2.996,2.8,2.8965,0,0,0,0,NaN,NaN,58.46431298773006,NaN,NaN,NaN,5.028348161394412,2.7076100325,NaN,NaN,NaN,NaN,NaN,NaN,NaN,NaN,NaN,NaN,1,0.047009111085756894,0.033582891365337986,-0.013426219720418908
2024-06-04,2.8894242613841783,2.99,2.84,2.9175,0,0,0,0,NaN,NaN,55.49275296617736,NaN,NaN,NaN,5.028348161394412,2.7076100325,NaN,NaN,NaN,NaN,NaN,NaN,NaN,NaN,NaN,NaN,1,0.04438637624594843,0.042056750587016634,-0.0023296256589318
2024-06-05,2.9034621306920894,3.09,2.85,2.9875,0,0,0,0,NaN,NaN,52.67075231010121,NaN,NaN,NaN,5.028348161394412,2.7076100325,NaN,NaN,NaN,NaN,NaN,NaN,NaN,NaN,NaN,NaN,1,0.04490416489103453,0.05380058045486136,0.008896415563826832
2024-06-06,2.9454810653460446,3.25,2.9454810653460446,3.115,0,0,0,0,NaN,NaN,48.743001572014265,NaN,NaN,NaN,5.028348161394412,2.76847843055,NaN,NaN,NaN,NaN,NaN,NaN,NaN,NaN,NaN,NaN,1,0.05093039947257204,0.07255941490454187,0.02162901543196984
2024-06-07,3.030240532673022,3.299,3.030240532673022,3.2046,0,0,0,0,NaN,NaN,44.429207058885375,NaN,NaN,NaN,5.028348161394412,2.8484973718004998,NaN,NaN,NaN,NaN,NaN,NaN,NaN,NaN,NaN,NaN,1,0.057558545934852726,0.09357719785053575,0.03601865191568303
2024-06-10,3.117420266336511,3.36,3.1,3.28,0,0,0,0,NaN,NaN,40.16896354602989,NaN,NaN,NaN,5.028348161394412,2.93345368718444,NaN,NaN,NaN,NaN,NaN,NaN,NaN,NaN,NaN,NaN,1,0.06317910231767426,0.11499252981277586,0.051813427495101594
2024-06-11,3.1987101331682553,3.38,2.98,3.2575000000000003,0,0,0,0,NaN,NaN,38.070422471889394,NaN,NaN,NaN,5.028348161394412,2.93345368718444,NaN,NaN,NaN,NaN,NaN,NaN,NaN,NaN,NaN,NaN,1,0.061481734664088045,0.12866559582521164,0.0671838611611236
2024-06-12,3.2281050665841278,3.36,3.22,3.2775000000000003,0,0,0,0,NaN,NaN,32.979357030369144,NaN,NaN,NaN,5.028348161394412,2.93345368718444,NaN,NaN,NaN,NaN,NaN,NaN,NaN,NaN,NaN,NaN,1,0.05785873421587209,0.1395072789309637,0.08164854471509161
2024-06-13,3.252802533292064,3.3,3.1356,3.2164,0,0,0,0,NaN,NaN,28.099192044768177,NaN,NaN,NaN,5.028348161394412,2.93345368718444,NaN,NaN,NaN,NaN,NaN,NaN,NaN,NaN,NaN,NaN,1,0.04791122381339934,0.1415375744818408,0.09362635066844145
2024-06-14,3.234601266646032,3.32,3.1,3.2325,0,0,0,0,NaN,NaN,22.842062599964475,NaN,NaN,NaN,5.028348161394412,2.93345368718444,NaN,NaN,NaN,NaN,NaN,NaN,NaN,NaN,NaN,NaN,1,0.03933862230670572,0.1427996285518236,0.10346100624511788
2024-06-17,3.233550633323016,3.37,3.233550633323016,3.3325,0,0,0,0,NaN,NaN,17.71119977824816,NaN,NaN,NaN,5.028348161394412,3.015623134106774,NaN,NaN,NaN,NaN,NaN,NaN,NaN,NaN,NaN,NaN,1,0.037341818312687736,0.15013827913597755,0.11279646082328981
2024-06-18,3.283025316661508,3.445,3.15,3.35125,0,0,0,0,NaN,NaN,12.73714237743351,NaN,NaN,NaN,5.028348161394412,3.0837234699675546,NaN,NaN,NaN,NaN,NaN,NaN,NaN,NaN,NaN,NaN,1,0.03430097782758232,0.15567268310776772,0.1213717052801854
2024-06-20,3.317137658330754,3.48,3.31,3.4025000000000003,0,0,0,0,NaN,NaN,8.029542948021406,NaN,NaN,NaN,5.028348161394412,3.1709102912743683,NaN,NaN,NaN,NaN,NaN,NaN,NaN,NaN,NaN,NaN,1,0.0327610565864222,0.16232302601321313,0.12956196942679093
2024-06-21,3.359818829165377,3.55,3.35,3.4525,0,0,0,0,NaN,NaN,4.1012596533020655,NaN,NaN,NaN,5.028348161394412,3.25749182136852,NaN,NaN,NaN,NaN,NaN,NaN,NaN,NaN,NaN,NaN,1,0.032088166511176436,0.16967217756576147,0.13758401105458504
2024-06-24,3.406159414582689,3.51,3.13,3.3824999999999994,0,0,0,0,NaN,NaN,1.2520583416362017,NaN,NaN,NaN,5.028348161394412,3.25749182136852,NaN,NaN,NaN,NaN,NaN,NaN,NaN,NaN,NaN,NaN,1,0.024262733702816175,0.16791242818310526,0.14364969448028908
2024-06-25,3.394329707291344,3.394329707291344,3.2,3.325,0,0,0,0,NaN,NaN,0.005088839798291753,NaN,NaN,NaN,5.028348161394412,3.25749182136852,NaN,NaN,NaN,NaN,NaN,NaN,NaN,NaN,NaN,NaN,1,0.01310686891561419,0.16003328062480682,0.14692641170919263
2024-06-26,3.359664853645672,3.3701,2.885,3.176275,0,0,0,0,NaN,NaN,0.5142568871613018,NaN,NaN,NaN,5.028348161394412,3.25749182136852,NaN,NaN,NaN,NaN,NaN,NaN,NaN,NaN,NaN,NaN,1,-0.005403276835670934,0.14017231566460397,0.1455755925002749
2024-06-27,3.267969926822836,3.267969926822836,2.66,2.895,0,0,0,0,NaN,NaN,1.1231024818650313,NaN,NaN,NaN,5.028348161394412,3.0984875,NaN,NaN,NaN,NaN,NaN,NaN,NaN,NaN,NaN,NaN,1,-0.03599932717044951,0.10057643353721302,0.13657576070766253
2024-06-28,3.081484963411418,3.081484963411418,2.66,2.815,0,0,0,0,NaN,NaN,1.6689124826147488,NaN,NaN,NaN,5.028348161394412,3.051182875,NaN,NaN,NaN,NaN,NaN,NaN,NaN,NaN,NaN,NaN,1,-0.05963974280571893,0.062026082200513866,0.1216658250062328
2024-07-01,2.9482424817057087,3.02,2.92,2.9775,0,0,0,0,NaN,NaN,2.792564196273284,NaN,NaN,NaN,5.028348161394412,3.051182875,NaN,NaN,NaN,NaN,NaN,NaN,NaN,NaN,NaN,NaN,1,-0.06206951719932015,0.044078928507082615,0.10614844570640276
2024-07-02,2.9628712408528544,3.05,2.9,2.9725,0,0,0,0,NaN,NaN,3.4591780458229255,NaN,NaN,NaN,5.028348161394412,3.051182875,NaN,NaN,NaN,NaN,NaN,NaN,NaN,NaN,NaN,NaN,1,-0.06162548949671397,0.0291165838355103,0.09074207333222427
2024-07-03,2.967685620426427,2.967685620426427,2.7,2.81,0,0,0,0,NaN,NaN,2.8900659443689003,NaN,NaN,NaN,5.028348161394412,3.0343619024999997,NaN,NaN,NaN,NaN,NaN,NaN,NaN,NaN,NaN,NaN,1,-0.0693143200760594,0.004099173237150033,0.07341349331320943
2024-07-05,2.8888428102132133,2.8888428102132133,2.7,2.78425,0,0,0,0,NaN,NaN,2.2389602288457557,NaN,NaN,NaN,5.028348161394412,3.000135581275,NaN,NaN,NaN,NaN,NaN,NaN,NaN,NaN,NaN,NaN,1,-0.07281256057936084,-0.01760220741099161,0.05521035316836922
2024-07-08,2.8365464051066067,2.8365464051066067,2.72,2.7397250000000004,0,0,0,0,NaN,NaN,1.6537023158543422,NaN,NaN,NaN,5.028348161394412,2.9492953115220004,NaN,NaN,NaN,NaN,NaN,NaN,NaN,NaN,NaN,NaN,1,-0.07453305894461676,-0.03795597051240174,0.03657708843221502
2024-07-09,2.7881357025533036,2.82,2.72,2.74875,0,0,0,0,NaN,NaN,1.5374087738185938,NaN,NaN,NaN,5.028348161394412,2.9492953115220004,NaN,NaN,NaN,NaN,NaN,NaN,NaN,NaN,NaN,NaN,1,-0.07146179979578045,-0.052750161312510535,0.01871163848326991
2024-07-10,2.7684428512766517,2.83,2.7,2.79,0,0,0,0,NaN,NaN,1.9088794375555207,NaN,NaN,NaN,5.028348161394412,2.9492953115220004,NaN,NaN,NaN,NaN,NaN,NaN,NaN,NaN,NaN,NaN,1,-0.06332876023498311,-0.06044931181045898,0.002879448424524131
2024-07-11,2.779221425638326,2.9,2.66,2.7662500000000003,0,0,0,0,NaN,NaN,2.348857661311277,NaN,NaN,NaN,5.028348161394412,2.9492953115220004,NaN,NaN,NaN,NaN,NaN,NaN,NaN,NaN,NaN,NaN,1,-0.05645325124141988,-0.06768711562725072,-0.01123386438583084
2024-07-12,2.772735712819163,2.84,2.6505,2.757625,0,0,0,0,NaN,NaN,3.4676289200207164,NaN,NaN,NaN,5.028348161394412,2.9492953115220004,NaN,NaN,NaN,NaN,NaN,NaN,NaN,NaN,NaN,NaN,1,-0.049632453043526245,-0.07327443069023865,-0.0236419776467124
2024-07-15,2.765180356409582,2.765180356409582,2.65,2.685,0,0,0,0,NaN,NaN,5.0749328393091835,NaN,NaN,NaN,5.028348161394412,2.8863928897937,NaN,NaN,NaN,NaN,NaN,NaN,NaN,NaN,NaN,NaN,1,-0.047174712109033554,-0.08261036778300435,-0.03543565567397079
2024-07-16,2.725090178204791,2.8,2.54,2.6725000000000003,0,0,0,0,NaN,NaN,6.533836610158743,NaN,NaN,NaN,5.028348161394412,2.8427671696308345,NaN,NaN,NaN,NaN,NaN,NaN,NaN,NaN,NaN,NaN,1,-0.043635932033388856,-0.08998057071570686,-0.04634463868231801
2024-07-17,2.6987950891023957,2.6987950891023957,2.52,2.5584999999999996,0,0,0,0,NaN,NaN,7.392802633786591,NaN,NaN,NaN,5.028348161394412,2.7380410640083586,NaN,NaN,NaN,NaN,NaN,NaN,NaN,NaN,NaN,NaN,1,-0.04598312402814748,-0.10382354371750235,-0.057840419689354876
2024-07-18,2.628647544551198,2.628647544551198,2.3,2.4175,0,0,0,0,NaN,NaN,8.41012543675871,NaN,NaN,NaN,5.028348161394412,2.607531208646353,NaN,NaN,NaN,NaN,NaN,NaN,NaN,NaN,NaN,NaN,1,-0.05351475768547834,-0.1247338667962028,-0.07121910911072446
2024-07-19,2.523073772275599,2.523073772275599,2.25,2.3175,0,0,0,0,NaN,NaN,8.796213851627268,NaN,NaN,NaN,5.028348161394412,2.4927227823118376,NaN,NaN,NaN,NaN,NaN,NaN,NaN,NaN,NaN,NaN,1,-0.061162583081619926,-0.14767233796274937,-0.08650975488112944
2024-07-22,2.4202868861377995,2.4202868861377995,2.2,2.22875,0,0,0,0,NaN,NaN,8.062859276846128,NaN,NaN,NaN,5.028348161394412,2.3824684476182862,NaN,NaN,NaN,NaN,NaN,NaN,NaN,NaN,NaN,NaN,1,-0.0676249729472315,-0.1710409710651688,-0.10341599811793731
2024-07-23,2.3245184430688997,2.3245184430688997,2.22,2.23875,0,0,0,0,NaN,NaN,6.916679838130651,NaN,NaN,NaN,5.028348161394412,2.3824684476182862,NaN,NaN,NaN,NaN,NaN,NaN,NaN,NaN,NaN,NaN,1,-0.06654946033819471,-0.1866028235406807,-0.12005336320248598
2024-07-24,2.28163422153445,2.28163422153445,2.13,2.1675,0,0,0,0,NaN,NaN,5.517962875539621,NaN,NaN,NaN,5.028348161394412,2.291010109904252,NaN,NaN,NaN,NaN,NaN,NaN,NaN,NaN,NaN,NaN,1,-0.06583922214315538,-0.2023523908814302,-0.13651316873827482
2024-07-25,2.224567110767225,2.224567110767225,2.11,2.14,0,0,0,0,NaN,NaN,4.580284996477428,NaN,NaN,NaN,5.028348161394412,2.2278464703387213,NaN,NaN,NaN,NaN,NaN,NaN,NaN,NaN,NaN,NaN,1,-0.062453079036872666,-0.21457951753436566,-0.152126438497493
2024-07-26,2.182283555383613,2.195,2.12,2.16415,0,0,0,0,NaN,NaN,3.675360665023062,NaN,NaN,NaN,5.028348161394412,2.2278464703387213,NaN,NaN,NaN,NaN,NaN,NaN,NaN,NaN,NaN,NaN,1,-0.054128712253816824,-0.21978732881476404,-0.16565861656094721
2024-07-29,2.173216777691806,2.24,2.1,2.1725,0,0,0,0,NaN,NaN,2.356087920792802,NaN,NaN,NaN,5.028348161394412,2.2278464703387213,NaN,NaN,NaN,NaN,NaN,NaN,NaN,NaN,NaN,NaN,1,-0.044030488405561785,-0.22069672706789945,-0.17666623866233766
2024-07-30,2.1728583888459028,2.2041,1.84,2.013525,0,0,0,0,NaN,NaN,0.8711814042208847,NaN,NaN,NaN,5.028348161394412,2.1056862219066197,NaN,NaN,NaN,NaN,NaN,NaN,NaN,NaN,NaN,NaN,1,-0.043927747103573195,-0.23157592254180415,-0.18764817543823095
2024-07-31,2.093191694422951,2.093191694422951,1.88,1.9475,0,0,0,0,NaN,NaN,0.04802436438314742,NaN,NaN,NaN,5.028348161394412,2.0201007587058393,NaN,NaN,NaN,NaN,NaN,NaN,NaN,NaN,NaN,NaN,1,-0.04406339441256038,-0.24272741845393142,-0.19866402404137104
2024-08-01,2.0203458472114755,2.0203458472114755,1.89,1.9249999999999998,0,0,0,0,NaN,NaN,0.1800142958383817,NaN,NaN,NaN,5.028348161394412,1.9711179172882116,NaN,NaN,NaN,NaN,NaN,NaN,NaN,NaN,NaN,NaN,1,-0.04146325502183007,-0.2504930928186586,-0.20902983779682854
2024-08-02,1.9726729236057376,1.9726729236057376,1.645,1.820275,0,0,0,0,NaN,NaN,1.2909665706519708,NaN,NaN,NaN,5.028348161394412,1.8714848169898701,NaN,NaN,NaN,NaN,NaN,NaN,NaN,NaN,NaN,NaN,1,-0.04243758539415973,-0.2620768195395282,-0.21963923414536848
2024-08-05,1.8964739618028688,2.1994,1.85,2.0048500000000002,0,0,0,0,NaN,NaN,2.9102193267471,NaN,NaN,NaN,5.028348161394412,1.9596291250000002,NaN,NaN,NaN,NaN,NaN,NaN,NaN,NaN,NaN,NaN,1,-0.027042074173062397,-0.2534418268616965,-0.22639975268863408
2024-08-06,1.9506619809014345,2.15,1.66,1.98,0,0,0,0,NaN,NaN,5.42049165810798,NaN,NaN,NaN,5.028348161394412,1.9596291250000002,NaN,NaN,NaN,NaN,NaN,NaN,NaN,NaN,NaN,NaN,1,-0.015496701403747981,-0.24577062944331907,-0.23027392803957109
2024-08-07,1.9653309904507172,2.17,1.89,2.035,0,0,0,0,NaN,NaN,8.64194063276185,NaN,NaN,NaN,5.028348161394412,1.9765130012500003,NaN,NaN,NaN,NaN,NaN,NaN,NaN,NaN,NaN,NaN,1,-0.0018385877718254395,-0.23257216275435288,-0.23073357498252745
2024-08-08,2.0001654952253585,2.13,2.0001654952253585,2.09,0,0,0,0,NaN,NaN,12.36739315016914,NaN,NaN,NaN,5.028348161394412,2.009172221175,NaN,NaN,NaN,NaN,NaN,NaN,NaN,NaN,NaN,NaN,1,0.01243196053007925,-0.2151936243199284,-0.22762558485000764
2024-08-09,2.045082747612679,2.12,2.0336,2.0809,0,0,0,0,NaN,NaN,16.779932427713717,NaN,NaN,NaN,5.028348161394412,2.009172221175,NaN,NaN,NaN,NaN,NaN,NaN,NaN,NaN,NaN,NaN,1,0.02221923809186166,-0.19985153723518057,-0.22207077532704222