time,open,high,low,close,EMA10,EMA130,VWAP,Bull_window,Bear_window,Plot,Plot,Bullish,Bullish+,Bearish,Bearish+,Bullish Exit,Bearish Exit,Trend Strength,Take Profit,Stop Loss,Bar Color Value,Trend Tracer,Trend Catcher,Smart Trail,Smart Trail Extremity,RZ R3 Band,RZ R2 Band,RZ R1 Band,RZ S1 Band,RZ S2 Band,RZ S3 Band,Neo Lead,Neo Lag,Custom Alert Condition Highlighter,Bullish,Bullish+,Bearish,Bearish+,Bullish Exit,Bearish Exit,Trend Strength,Take Profit,Stop Loss,Bar Color Value,Trend Tracer,Trend Catcher,Smart Trail,Smart Trail Extremity,RZ R3 Band,RZ R2 Band,RZ R1 Band,RZ S1 Band,RZ S2 Band,RZ S3 Band,Neo Lead,Neo Lag,Custom Alert Condition Highlighter
2020-08-03,2151.034710204308,2244,2151.034710204308,2220,2207.6056636533003,1966.6042041018095,2220,0,0,1912,1911,0,0,0,0,NaN,NaN,62.9567452229066,NaN,NaN,NaN,1765.485440759737,2128.4408173864645,NaN,NaN,NaN,NaN,NaN,NaN,NaN,NaN,NaN,NaN,1,0,0,0,0,NaN,NaN,62.9567452229066,NaN,NaN,NaN,1765.485440759737,2128.4408173864645,NaN,NaN,NaN,NaN,NaN,NaN,NaN,NaN,NaN,NaN,1
2020-08-04,2185.517355102154,2244,2128.56,2167.14,2200.2482702617913,1969.665819306362,2167.14,0,0,1912,1911,0,0,0,0,NaN,NaN,62.73671156896368,NaN,NaN,NaN,1765.485440759737,2128.4408173864645,NaN,NaN,NaN,NaN,NaN,NaN,NaN,NaN,NaN,NaN,1,0,0,0,0,NaN,NaN,62.73671156896368,NaN,NaN,NaN,1765.485440759737,2128.4408173864645,NaN,NaN,NaN,NaN,NaN,NaN,NaN,NaN,NaN,NaN,1
2020-08-05,2176.328677551077,2244,2100,2190,2198.384948396011,1973.0296999276388,2190,0,0,1912,1911,0,0,0,0,NaN,NaN,62.51012039550452,NaN,NaN,NaN,1765.485440759737,2128.4408173864645,NaN,NaN,NaN,NaN,NaN,NaN,NaN,NaN,NaN,NaN,1,0,0,0,0,NaN,NaN,62.51012039550452,NaN,NaN,NaN,1765.485440759737,2128.4408173864645,NaN,NaN,NaN,NaN,NaN,NaN,NaN,NaN,NaN,NaN,1
2020-08-06,2183.1643387755385,2448,2156.76,2301.69,2217.1676850512818,1978.0474144325603,2301.69,0,0,1912,1911,0,0,0,0,NaN,NaN,62.388775401710774,NaN,NaN,NaN,1765.485440759737,2128.4408173864645,NaN,NaN,NaN,NaN,NaN,NaN,NaN,NaN,NaN,NaN,1,0,0,0,0,NaN,NaN,62.388775401710774,NaN,NaN,NaN,1765.485440759737,2128.4408173864645,NaN,NaN,NaN,NaN,NaN,NaN,NaN,NaN,NaN,NaN,1
2020-08-07,2242.427169387769,2664,2242.427169387769,2520,2272.2281059510487,1986.3214997083992,2520,0,0,1912,1911,0,0,0,0,NaN,NaN,64.06179293077594,NaN,NaN,NaN,1765.485440759737,2128.4408173864645,NaN,NaN,NaN,NaN,NaN,NaN,NaN,NaN,NaN,NaN,1,0,0,0,0,NaN,NaN,64.06179293077594,NaN,NaN,NaN,1765.485440759737,2128.4408173864645,NaN,NaN,NaN,NaN,NaN,NaN,NaN,NaN,NaN,NaN,1
2020-08-10,2381.2135846938845,3012,2381.2135846938845,2823,2372.3684503235854,1999.095217270103,2823,0,0,1912,1911,0,1,0,0,NaN,NaN,65.63358505920233,NaN,NaN,NaN,1765.485440759737,2344.481470256901,NaN,NaN,NaN,NaN,NaN,NaN,NaN,NaN,NaN,NaN,1,0,1,0,0,NaN,NaN,65.63358505920233,NaN,NaN,NaN,1765.485440759737,2344.481470256901,NaN,NaN,NaN,NaN,NaN,NaN,NaN,NaN,NaN,NaN,1
2020-08-11,2602.1067923469423,3116.4,2602.1067923469423,2840.1,2457.4105502647517,2011.9349849453686,2840.1,0,0,1912,1911,0,0,0,0,NaN,NaN,67.60190993930397,NaN,NaN,NaN,2066.5481095327873,2455.3158615029515,NaN,NaN,NaN,NaN,NaN,NaN,NaN,NaN,NaN,NaN,1,0,0,0,0,NaN,NaN,67.60190993930397,NaN,NaN,NaN,2066.5481095327873,2455.3158615029515,NaN,NaN,NaN,NaN,NaN,NaN,NaN,NaN,NaN,NaN,1
2020-08-12,2721.103396173471,2987.04,2700,2811.3900000000003,2521.7704502166152,2024.1404050225385,2811.3900000000003,0,0,1912,1911,0,0,0,0,NaN,NaN,69.51202434964186,NaN,NaN,NaN,2381.255498511168,2455.3158615029515,NaN,NaN,NaN,NaN,NaN,NaN,NaN,NaN,NaN,NaN,1,0,0,0,0,NaN,NaN,69.51202434964186,NaN,NaN,NaN,2381.255498511168,2455.3158615029515,NaN,NaN,NaN,NaN,NaN,NaN,NaN,NaN,NaN,NaN,1
2020-08-13,2766.2466980867357,2940,2766.2466980867357,2903.37,2591.152186540867,2037.5637576176143,2903.37,0,0,1912,1911,0,0,0,0,NaN,NaN,70.96874611730223,NaN,NaN,NaN,2473.8658296268695,2586.891454742243,NaN,NaN,NaN,NaN,NaN,NaN,NaN,NaN,NaN,NaN,1,0,0,0,0,NaN,NaN,70.96874611730223,NaN,NaN,NaN,2473.8658296268695,2586.891454742243,NaN,NaN,NaN,NaN,NaN,NaN,NaN,NaN,NaN,NaN,1
2020-08-14,2834.808349043368,2976,2796,2913,2649.669970806164,2050.9291964326126,2913,0,0,1912,1911,0,0,0,0,NaN,NaN,71.96218339877413,NaN,NaN,NaN,2484.068350478737,2678.4557119618376,NaN,NaN,NaN,NaN,NaN,NaN,NaN,NaN,NaN,NaN,1,0,0,0,0,NaN,NaN,71.96218339877413,NaN,NaN,NaN,2484.068350478737,2678.4557119618376,NaN,NaN,NaN,NaN,NaN,NaN,NaN,NaN,NaN,NaN,1
2020-08-17,2873.9041745216837,3300,2760,3000,2713.366339750498,2065.4188270214277,2999.9999999999995,0,0,1912,1911,0,0,0,0,NaN,NaN,72.1445919756984,NaN,NaN,NaN,2568.4880087263423,2805.3689983732866,NaN,NaN,NaN,NaN,NaN,NaN,NaN,NaN,NaN,NaN,1,0,0,0,0,NaN,NaN,72.1445919756984,NaN,NaN,NaN,2568.4880087263423,2805.3689983732866,NaN,NaN,NaN,NaN,NaN,NaN,NaN,NaN,NaN,NaN,1
2020-08-18,2936.952087260842,3120,2936.952087260842,3055.5,2775.572459795862,2080.5345701203373,3055.5,0,0,1912,1911,0,0,0,0,NaN,NaN,72.1048827449753,NaN,NaN,NaN,2624.543899446243,2906.504728910102,NaN,NaN,NaN,NaN,NaN,NaN,NaN,NaN,NaN,NaN,1,0,0,0,0,NaN,NaN,72.1048827449753,NaN,NaN,NaN,2624.543899446243,2906.504728910102,NaN,NaN,NaN,NaN,NaN,NaN,NaN,NaN,NaN,NaN,1
2020-08-19,2996.226043630421,3300,2927.88,3104.94,2835.4574671057053,2096.174347675752,3104.94,0,0,1912,1911,0,0,0,0,NaN,NaN,72.03232071100817,NaN,NaN,NaN,2672.8826299490115,2993.7622265024656,NaN,NaN,NaN,NaN,NaN,NaN,NaN,NaN,NaN,NaN,1,0,0,0,0,NaN,NaN,72.03232071100817,NaN,NaN,NaN,2672.8826299490115,2993.7622265024656,NaN,NaN,NaN,NaN,NaN,NaN,NaN,NaN,NaN,NaN,1
2020-08-20,3050.5830218152105,4104,3050.5830218152105,3480,2952.6470185410317,2117.301456871542,3480,0,0,1912,1911,0,0,0,0,NaN,NaN,71.01080997836038,NaN,NaN,NaN,3040.8855182401503,3297.788258166504,NaN,NaN,NaN,NaN,NaN,NaN,NaN,NaN,NaN,NaN,1,0,0,0,0,NaN,NaN,71.01080997836038,NaN,NaN,NaN,3040.8855182401503,3297.788258166504,NaN,NaN,NaN,NaN,NaN,NaN,NaN,NaN,NaN,NaN,1
2020-08-21,3265.2915109076052,3780,3265.2915109076052,3609,3071.983924260844,2140.0754804307553,3609,0,0,1912,1911,0,0,0,0,NaN,NaN,69.83423858180245,NaN,NaN,NaN,3167.5773913693906,3465.9071897365725,NaN,NaN,NaN,NaN,NaN,NaN,NaN,NaN,NaN,NaN,1,0,0,0,0,NaN,NaN,69.83423858180245,NaN,NaN,NaN,3167.5773913693906,3465.9071897365725,NaN,NaN,NaN,NaN,NaN,NaN,NaN,NaN,NaN,NaN,1
2020-08-24,3437.145755453803,3839.88,3437.145755453803,3713.9700000000003,3188.708665304327,2164.1044043936445,3713.9700000000003,0,0,1912,1911,0,0,0,0,NaN,NaN,68.75094794565679,NaN,NaN,NaN,3271.230579772765,3606.402204355115,NaN,NaN,NaN,NaN,NaN,NaN,NaN,NaN,NaN,NaN,1,0,0,0,0,NaN,NaN,68.75094794565679,NaN,NaN,NaN,3271.230579772765,3606.402204355115,NaN,NaN,NaN,NaN,NaN,NaN,NaN,NaN,NaN,NaN,1
2020-08-25,3575.5578777269016,4008,3575.5578777269016,3825,3304.3979988853584,2189.4615890593905,3825,0,0,1912,1911,0,0,0,0,NaN,NaN,67.6689508003272,NaN,NaN,NaN,3380.6904083040117,3740.19694626466,NaN,NaN,NaN,NaN,NaN,NaN,NaN,NaN,NaN,NaN,1,0,0,0,0,NaN,NaN,67.6689508003272,NaN,NaN,NaN,3380.6904083040117,3740.19694626466,NaN,NaN,NaN,NaN,NaN,NaN,NaN,NaN,NaN,NaN,1
2020-08-26,3700.278938863451,3873,3624,3779.25,3390.734726360748,2213.733167852377,3779.25,0,0,1912,1911,0,0,0,0,NaN,NaN,67.57584580602825,NaN,NaN,NaN,3380.6904083040117,3740.19694626466,NaN,NaN,NaN,NaN,NaN,NaN,NaN,NaN,NaN,NaN,1,0,0,0,0,NaN,NaN,67.57584580602825,NaN,NaN,NaN,3380.6904083040117,3740.19694626466,NaN,NaN,NaN,NaN,NaN,NaN,NaN,NaN,NaN,NaN,1
2020-08-27,3739.7644694317255,3786,3672,3733.5,3453.055685204248,2236.9357149080656,3733.5,0,0,1912,1911,0,0,0,0,NaN,NaN,67.92102308707929,NaN,NaN,NaN,3380.6904083040117,3740.19694626466,NaN,NaN,NaN,NaN,NaN,NaN,NaN,NaN,NaN,NaN,1,0,0,0,0,NaN,NaN,67.92102308707929,NaN,NaN,NaN,3380.6904083040117,3740.19694626466,NaN,NaN,NaN,NaN,NaN,NaN,NaN,NaN,NaN,NaN,1
2020-08-28,3736.632234715863,3744,3540,3639,3486.8637424398394,2258.3412765125227,3639,0,0,1912,1911,0,0,0,0,NaN,NaN,68.08098065928606,NaN,NaN,NaN,3380.6904083040117,3684.5699999999997,NaN,NaN,NaN,NaN,NaN,NaN,NaN,NaN,NaN,NaN,1,0,0,0,0,NaN,NaN,68.08098065928606,NaN,NaN,NaN,3380.6904083040117,3684.5699999999997,NaN,NaN,NaN,NaN,NaN,NaN,NaN,NaN,NaN,NaN,1
2020-08-31,3687.8161173579315,3687.8161173579315,3300.84,3489.21,3487.290334723505,2277.1331654207283,3489.21,0,0,1912,1911,0,0,0,0,NaN,NaN,68.3692351933804,NaN,NaN,NaN,3380.6904083040117,3606.0610500000003,NaN,NaN,NaN,NaN,NaN,NaN,NaN,NaN,NaN,NaN,1,0,0,0,0,NaN,NaN,68.3692351933804,NaN,NaN,NaN,3380.6904083040117,3606.0610500000003,NaN,NaN,NaN,NaN,NaN,NaN,NaN,NaN,NaN,NaN,1
2020-09-01,3588.5130586789655,3588.5130586789655,3150,3309,3454.8739102283225,2292.8868575517095,3309,0,0,1912,1911,0,0,0,0,NaN,NaN,68.80430197521743,NaN,NaN,NaN,3380.6904083040117,3503.538687,NaN,NaN,NaN,NaN,NaN,NaN,NaN,NaN,NaN,NaN,1,0,0,0,0,NaN,NaN,68.80430197521743,NaN,NaN,NaN,3380.6904083040117,3503.538687,NaN,NaN,NaN,NaN,NaN,NaN,NaN,NaN,NaN,NaN,1
2020-09-02,3448.7565293394828,3448.7565293394828,3090,3130.5299999999997,3395.9022901868093,2305.675302474584,3130.5299999999997,0,0,1912,1911,0,0,0,0,NaN,NaN,68.6116047126249,NaN,NaN,NaN,3380.6904083040117,3388.7640551699997,NaN,NaN,NaN,NaN,NaN,NaN,NaN,NaN,NaN,NaN,1,0,0,0,0,NaN,NaN,68.6116047126249,NaN,NaN,NaN,3380.6904083040117,3388.7640551699997,NaN,NaN,NaN,NaN,NaN,NaN,NaN,NaN,NaN,NaN,1
2020-09-03,3289.6432646697413,3289.6432646697413,2928,3039,3331.0109646982987,2316.871099383369,3038.9999999999995,0,0,1912,1911,0,0,0,0,NaN,NaN,67.86370945786886,NaN,NaN,NaN,3380.6904083040117,3306.5191685496,NaN,NaN,NaN,NaN,NaN,NaN,NaN,NaN,NaN,NaN,1,0,0,0,0,NaN,NaN,67.86370945786886,NaN,NaN,NaN,3380.6904083040117,3306.5191685496,NaN,NaN,NaN,NaN,NaN,NaN,NaN,NaN,NaN,NaN,1
2020-09-04,3164.3216323348706,3164.3216323348706,2820,2904,3253.3726074804263,2325.834899392783,2904,0,0,1912,1911,0,0,0,0,NaN,NaN,66.76424515873751,NaN,NaN,NaN,3380.6904083040117,3188.76629326716,NaN,NaN,NaN,NaN,NaN,NaN,NaN,NaN,NaN,NaN,1,0,0,0,0,NaN,NaN,66.76424515873751,NaN,NaN,NaN,3380.6904083040117,3188.76629326716,NaN,NaN,NaN,NaN,NaN,NaN,NaN,NaN,NaN,NaN,1
2020-09-08,3034.1608161674353,3084,2892,2961,3200.213951574894,2335.5320765012902,2961,0,0,1912,1911,0,0,0,0,NaN,NaN,65.65475056199713,NaN,NaN,NaN,3380.6904083040117,3188.76629326716,NaN,NaN,NaN,NaN,NaN,NaN,NaN,NaN,NaN,NaN,1,0,0,0,0,NaN,NaN,65.65475056199713,NaN,NaN,NaN,3380.6904083040117,3188.76629326716,NaN,NaN,NaN,NaN,NaN,NaN,NaN,NaN,NaN,NaN,1
2020-09-09,2997.580408083718,3432,2997.580408083718,3240,3207.447778561277,2349.340747089057,3240,0,0,1912,1911,0,0,0,0,NaN,NaN,65.59390483881243,NaN,NaN,NaN,3380.6904083040117,3188.76629326716,NaN,NaN,NaN,NaN,NaN,NaN,NaN,NaN,NaN,NaN,1,0,0,0,0,NaN,NaN,65.59390483881243,NaN,NaN,NaN,3380.6904083040117,3188.76629326716,NaN,NaN,NaN,NaN,NaN,NaN,NaN,NaN,NaN,NaN,1
2020-09-10,3118.790204041859,3648,3118.790204041859,3450,3251.5481824592266,2366.144705148766,3450,0,0,1912,1911,0,0,0,0,NaN,NaN,65.85155219948744,NaN,NaN,NaN,3380.6904083040117,3188.76629326716,NaN,NaN,NaN,NaN,NaN,NaN,NaN,NaN,NaN,NaN,1,0,0,0,0,NaN,NaN,65.85155219948744,NaN,NaN,NaN,3380.6904083040117,3188.76629326716,NaN,NaN,NaN,NaN,NaN,NaN,NaN,NaN,NaN,NaN,1
2020-09-11,3284.3951020209297,3468,3168,3342,3267.99396746664,2381.0432592686325,3342,0,0,1912,1911,0,0,0,0,NaN,NaN,65.75789684246402,NaN,NaN,NaN,3380.6904083040117,3188.76629326716,NaN,NaN,NaN,NaN,NaN,NaN,NaN,NaN,NaN,NaN,1,0,0,0,0,NaN,NaN,65.75789684246402,NaN,NaN,NaN,3380.6904083040117,3188.76629326716,NaN,NaN,NaN,NaN,NaN,NaN,NaN,NaN,NaN,NaN,1
2020-09-14,3313.197551010465,3516,3270,3339,3280.904155199978,2395.6685530202562,3339,0,0,1912,1911,0,0,0,0,NaN,NaN,65.57071698248961,NaN,NaN,NaN,3380.6904083040117,3188.76629326716,NaN,NaN,NaN,NaN,NaN,NaN,NaN,NaN,NaN,NaN,1,0,0,0,0,NaN,NaN,65.57071698248961,NaN,NaN,NaN,3380.6904083040117,3188.76629326716,NaN,NaN,NaN,NaN,NaN,NaN,NaN,NaN,NaN,NaN,1
2020-09-15,3326.0987755052324,3516,3300,3384,3299.6488542545276,2410.757582745138,3383.9999999999995,0,0,1912,1911,0,0,0,0,NaN,NaN,65.36614649827231,NaN,NaN,NaN,3380.6904083040117,3188.76629326716,NaN,NaN,NaN,NaN,NaN,NaN,NaN,NaN,NaN,NaN,1,0,0,0,0,NaN,NaN,65.36614649827231,NaN,NaN,NaN,3380.6904083040117,3188.76629326716,NaN,NaN,NaN,NaN,NaN,NaN,NaN,NaN,NaN,NaN,1
2020-09-16,3355.049387752616,3528,3240,3363,3311.167244390068,2425.2956349169676,3363,0,0,1912,1911,0,0,0,0,NaN,NaN,65.26450922388585,NaN,NaN,NaN,3380.6904083040117,3188.76629326716,NaN,NaN,NaN,NaN,NaN,NaN,NaN,NaN,NaN,NaN,1,0,0,0,0,NaN,NaN,65.26450922388585,NaN,NaN,NaN,3380.6904083040117,3188.76629326716,NaN,NaN,NaN,NaN,NaN,NaN,NaN,NaN,NaN,NaN,1
2020-09-17,3359.024693876308,3424.56,3060,3259.14,3301.7077454100554,2438.026083238846,3259.14,0,0,1912,1911,0,0,0,0,NaN,NaN,66.29078133240499,NaN,NaN,NaN,3380.6904083040117,3188.76629326716,NaN,NaN,NaN,NaN,NaN,NaN,NaN,NaN,NaN,NaN,1,0,0,0,0,NaN,NaN,66.29078133240499,NaN,NaN,NaN,3380.6904083040117,3188.76629326716,NaN,NaN,NaN,NaN,NaN,NaN,NaN,NaN,NaN,NaN,1
2020-09-18,3309.082346938154,3324,3036,3246,3291.579064426409,2450.3615628840544,3246,0,0,1912,1911,0,0,0,0,NaN,NaN,69.20661656484619,NaN,NaN,NaN,3380.6904083040117,3188.76629326716,NaN,NaN,NaN,NaN,NaN,NaN,NaN,NaN,NaN,NaN,1,0,0,0,0,NaN,NaN,69.20661656484619,NaN,NaN,NaN,3380.6904083040117,3188.76629326716,NaN,NaN,NaN,NaN,NaN,NaN,NaN,NaN,NaN,NaN,1
2020-09-21,3277.541173469077,3655.44,3277.541173469077,3440.16,3318.5937799852436,2465.4729894049083,3440.16,0,0,1912,1911,0,0,0,0,NaN,NaN,71.30316875729608,NaN,NaN,NaN,3380.6904083040117,3188.76629326716,NaN,NaN,NaN,NaN,NaN,NaN,NaN,NaN,NaN,NaN,1,0,0,0,0,NaN,NaN,71.30316875729608,NaN,NaN,NaN,3380.6904083040117,3188.76629326716,NaN,NaN,NaN,NaN,NaN,NaN,NaN,NaN,NaN,NaN,1
2020-09-22,3358.8505867345384,3540,3358.8505867345384,3472.8,3346.631274533381,2480.8520277346042,3472.8,0,0,1912,1911,0,0,0,0,NaN,NaN,72.64173501401523,NaN,NaN,NaN,3380.6904083040117,3188.76629326716,NaN,NaN,NaN,NaN,NaN,NaN,NaN,NaN,NaN,NaN,1,0,0,0,0,NaN,NaN,72.64173501401523,NaN,NaN,NaN,3380.6904083040117,3188.76629326716,NaN,NaN,NaN,NaN,NaN,NaN,NaN,NaN,NaN,NaN,1
2020-09-23,3415.8252933672693,3600,3120,3418.5,3359.698315527312,2495.1672639523968,3418.5,0,0,1912,1911,0,0,0,0,NaN,NaN,73.20822373266186,NaN,NaN,NaN,3380.6904083040117,3188.76629326716,NaN,NaN,NaN,NaN,NaN,NaN,NaN,NaN,NaN,NaN,1,0,0,0,0,NaN,NaN,73.20822373266186,NaN,NaN,NaN,3380.6904083040117,3188.76629326716,NaN,NaN,NaN,NaN,NaN,NaN,NaN,NaN,NaN,NaN,1
2020-09-24,3417.1626466836346,3480,3312,3381,3363.571349067801,2508.6914278615204,3381,0,0,1912,1911,0,0,0,0,NaN,NaN,74.70544490125876,NaN,NaN,NaN,3380.6904083040117,3188.76629326716,NaN,NaN,NaN,NaN,NaN,NaN,NaN,NaN,NaN,NaN,1,0,0,0,0,NaN,NaN,74.70544490125876,NaN,NaN,NaN,3380.6904083040117,3188.76629326716,NaN,NaN,NaN,NaN,NaN,NaN,NaN,NaN,NaN,NaN,1
2020-09-25,3399.0813233418176,3612,3360,3483,3385.2856492372916,2523.566367894169,3483,0,0,1912,1911,0,0,0,0,NaN,NaN,74.88813382148716,NaN,NaN,NaN,3380.6904083040117,3245.61,NaN,NaN,NaN,NaN,NaN,NaN,NaN,NaN,NaN,NaN,1,0,0,0,0,NaN,NaN,74.88813382148716,NaN,NaN,NaN,3380.6904083040117,3245.61,NaN,NaN,NaN,NaN,NaN,NaN,NaN,NaN,NaN,NaN,1
2020-09-28,3441.040661670909,3660,3441.040661670909,3570.93,3419.039167557784,2539.5566523538,3570.93,0,0,1912,1911,0,0,0,0,NaN,NaN,75.22855198066,NaN,NaN,NaN,3380.6904083040117,3298.0156500000003,NaN,NaN,NaN,NaN,NaN,NaN,NaN,NaN,NaN,NaN,1,0,0,0,0,NaN,NaN,75.22855198066,NaN,NaN,NaN,3380.6904083040117,3298.0156500000003,NaN,NaN,NaN,NaN,NaN,NaN,NaN,NaN,NaN,NaN,1
2020-09-29,3505.985330835454,3636,3505.985330835454,3600.6,3452.050228001823,2555.755787432368,3600.6,1,0,1912,1911,0,0,0,0,NaN,NaN,75.51232913513563,NaN,NaN,NaN,3380.6904083040117,3330.115611,NaN,NaN,NaN,NaN,NaN,NaN,NaN,NaN,NaN,NaN,1,0,0,0,0,NaN,NaN,75.51232913513563,NaN,NaN,NaN,3380.6904083040117,3330.115611,NaN,NaN,NaN,NaN,NaN,NaN,NaN,NaN,NaN,NaN,1
2020-09-30,3553.292665417727,3720,3540,3615,3481.677459274219,2571.9274547998125,3615,0,0,1912,1911,0,0,0,0,NaN,NaN,75.89228049554156,NaN,NaN,NaN,3380.6904083040117,3362.3072060100003,NaN,NaN,NaN,NaN,NaN,NaN,NaN,NaN,NaN,NaN,1,0,0,0,0,NaN,NaN,75.89228049554156,NaN,NaN,NaN,3380.6904083040117,3362.3072060100003,NaN,NaN,NaN,NaN,NaN,NaN,NaN,NaN,NaN,NaN,1
2020-10-01,3584.1463327088636,3696,3537.6,3638.4,3510.1724666789064,2588.209478390655,3638.4,0,0,1912,1911,0,0,0,0,NaN,NaN,76.55270562361032,NaN,NaN,NaN,3380.6904083040117,3405.7343412888004,NaN,NaN,NaN,NaN,NaN,NaN,NaN,NaN,NaN,NaN,1,0,0,0,0,NaN,NaN,76.55270562361032,NaN,NaN,NaN,3380.6904083040117,3405.7343412888004,NaN,NaN,NaN,NaN,NaN,NaN,NaN,NaN,NaN,NaN,1
2020-10-02,3611.273166354432,3720,3611.273166354432,3687,3542.3229272827416,2604.9849062014846,3687,0,0,1912,1911,0,0,0,0,NaN,NaN,76.75777831856016,NaN,NaN,NaN,3380.6904083040117,3468.57919009548,NaN,NaN,NaN,NaN,NaN,NaN,NaN,NaN,NaN,NaN,1,0,0,0,0,NaN,NaN,76.75777831856016,NaN,NaN,NaN,3380.6904083040117,3468.57919009548,NaN,NaN,NaN,NaN,NaN,NaN,NaN,NaN,NaN,NaN,1
2020-10-05,3649.136583177216,3821.64,3624,3712.41,3573.2478495949704,2621.89215954192,3712.41,0,0,1912,1911,0,0,0,0,NaN,NaN,76.75931532449205,NaN,NaN,NaN,3380.6904083040117,3522.886835878294,NaN,NaN,NaN,NaN,NaN,NaN,NaN,NaN,NaN,NaN,1,0,0,0,0,NaN,NaN,76.75931532449205,NaN,NaN,NaN,3380.6904083040117,3522.886835878294,NaN,NaN,NaN,NaN,NaN,NaN,NaN,NaN,NaN,NaN,1
2020-10-06,3680.773291588608,3732,3516,3603,3578.6573314867937,2636.8709051977685,3603,0,0,1912,1911,0,0,0,0,NaN,NaN,76.53303643985201,NaN,NaN,NaN,3380.6904083040117,3522.886835878294,NaN,NaN,NaN,NaN,NaN,NaN,NaN,NaN,NaN,NaN,1,0,0,0,0,NaN,NaN,76.53303643985201,NaN,NaN,NaN,3380.6904083040117,3522.886835878294,NaN,NaN,NaN,NaN,NaN,NaN,NaN,NaN,NaN,NaN,1
2020-10-07,3641.886645794304,3720,3432,3591,3580.9014530346494,2651.437761606963,3591,0,0,1912,1911,0,0,0,0,NaN,NaN,76.23967971242845,NaN,NaN,NaN,3380.6904083040117,3522.886835878294,NaN,NaN,NaN,NaN,NaN,NaN,NaN,NaN,NaN,NaN,1,0,0,0,0,NaN,NaN,76.23967971242845,NaN,NaN,NaN,3380.6904083040117,3522.886835878294,NaN,NaN,NaN,NaN,NaN,NaN,NaN,NaN,NaN,NaN,1
2020-10-08,3616.443322897152,3616.443322897152,3300,3399,3547.828461573804,2662.8509255518948,3399,0,0,1912,1911,0,0,0,0,NaN,NaN,75.0585750011538,NaN,NaN,NaN,3380.6904083040117,3522.886835878294,NaN,NaN,NaN,NaN,NaN,NaN,NaN,NaN,NaN,NaN,1,0,0,0,0,NaN,NaN,75.0585750011538,NaN,NaN,NaN,3380.6904083040117,3522.886835878294,NaN,NaN,NaN,NaN,NaN,NaN,NaN,NaN,NaN,NaN,1
2020-10-09,3507.721661448576,3507.721661448576,3180,3291,3501.132377651294,2672.4409877572093,3291,0,0,1912,1911,0,0,0,0,NaN,NaN,73.26547657208495,NaN,NaN,NaN,3380.6904083040117,3457.45695,NaN,NaN,NaN,NaN,NaN,NaN,NaN,NaN,NaN,NaN,1,0,0,0,0,NaN,NaN,73.26547657208495,NaN,NaN,NaN,3380.6904083040117,3457.45695,NaN,NaN,NaN,NaN,NaN,NaN,NaN,NaN,NaN,NaN,1
2020-10-12,3399.360830724288,3399.360830724288,3200.76,3260.19,3457.3246726237862,2681.4142551196946,3260.1899999999996,0,0,1912,1911,0,0,0,0,NaN,NaN,71.35649142413791,NaN,NaN,NaN,3380.6904083040117,3436.5960914999996,NaN,NaN,NaN,NaN,NaN,NaN,NaN,NaN,NaN,NaN,1,0,0,0,0,NaN,NaN,71.35649142413791,NaN,NaN,NaN,3380.6904083040117,3436.5960914999996,NaN,NaN,NaN,NaN,NaN,NaN,NaN,NaN,NaN,NaN,1
2020-10-13,3329.775415362144,3329.775415362144,3144.12,3184.5299999999997,3407.7256412376432,2689.095411530081,3184.5299999999993,0,0,1912,1911,0,0,0,0,NaN,NaN,69.10981158392879,NaN,NaN,NaN,3380.6904083040117,3385.9119260099997,NaN,NaN,NaN,NaN,NaN,NaN,NaN,NaN,NaN,NaN,1,0,0,0,0,NaN,NaN,69.10981158392879,NaN,NaN,NaN,3380.6904083040117,3385.9119260099997,NaN,NaN,NaN,NaN,NaN,NaN,NaN,NaN,NaN,NaN,1
2020-10-14,3257.1527076810717,3582,2964.12,3322.5299999999997,3392.2355246489806,2698.766168605958,3322.5299999999997,0,0,1912,1911,0,0,0,0,NaN,NaN,67.65415107699285,NaN,NaN,NaN,3380.6904083040117,3385.9119260099997,NaN,NaN,NaN,NaN,NaN,NaN,NaN,NaN,NaN,NaN,1,0,0,0,0,NaN,NaN,67.65415107699285,NaN,NaN,NaN,3380.6904083040117,3385.9119260099997,NaN,NaN,NaN,NaN,NaN,NaN,NaN,NaN,NaN,NaN,1
2020-10-15,3289.8413538405357,3528,3289.8413538405357,3486,3409.283611076439,2710.7850057264777,3485.9999999999995,0,0,1912,1911,0,0,0,0,NaN,NaN,67.02789879325877,NaN,NaN,NaN,3380.6904083040117,3385.9119260099997,NaN,NaN,NaN,NaN,NaN,NaN,NaN,NaN,NaN,NaN,1,0,0,0,0,NaN,NaN,67.02789879325877,NaN,NaN,NaN,3380.6904083040117,3385.9119260099997,NaN,NaN,NaN,NaN,NaN,NaN,NaN,NaN,NaN,NaN,1
2020-10-16,3387.920676920268,3516,3387.920676920268,3486.0299999999997,3423.2374999716317,2722.620807165768,3486.0299999999997,0,0,1912,1911,0,0,0,0,NaN,NaN,66.48627885481343,NaN,NaN,NaN,3380.6904083040117,3385.9119260099997,NaN,NaN,NaN,NaN,NaN,NaN,NaN,NaN,NaN,NaN,1,0,0,0,0,NaN,NaN,66.48627885481343,NaN,NaN,NaN,3380.6904083040117,3385.9119260099997,NaN,NaN,NaN,NaN,NaN,NaN,NaN,NaN,NaN,NaN,1
2020-10-19,3436.9753384601336,3522,3432,3481.5,3433.8306817949715,2734.2067490410996,3481.5,0,0,1912,1911,0,0,0,0,NaN,NaN,65.7950106396892,NaN,NaN,NaN,3380.6904083040117,3385.9119260099997,NaN,NaN,NaN,NaN,NaN,NaN,NaN,NaN,NaN,NaN,1,0,0,0,0,NaN,NaN,65.7950106396892,NaN,NaN,NaN,3380.6904083040117,3385.9119260099997,NaN,NaN,NaN,NaN,NaN,NaN,NaN,NaN,NaN,NaN,1
2020-10-20,3459.237669230067,3480,3192,3405,3428.5887396504313,2744.44786737635,3405,0,0,1912,1911,0,0,0,0,NaN,NaN,64.6162713448282,NaN,NaN,NaN,3380.6904083040117,3385.9119260099997,NaN,NaN,NaN,NaN,NaN,NaN,NaN,NaN,NaN,NaN,1,0,0,0,0,NaN,NaN,64.6162713448282,NaN,NaN,NaN,3380.6904083040117,3385.9119260099997,NaN,NaN,NaN,NaN,NaN,NaN,NaN,NaN,NaN,NaN,1
2020-10-21,3432.1188346150334,3504,3280.68,3397.17,3422.876241532171,2754.4130907751846,3397.17,0,0,1912,1911,0,0,0,0,NaN,NaN,63.4190330445601,NaN,NaN,NaN,3380.6904083040117,3385.9119260099997,NaN,NaN,NaN,NaN,NaN,NaN,NaN,NaN,NaN,NaN,1,0,0,0,0,NaN,NaN,63.4190330445601,NaN,NaN,NaN,3380.6904083040117,3385.9119260099997,NaN,NaN,NaN,NaN,NaN,NaN,NaN,NaN,NaN,NaN,1
2020-10-22,3414.644417307517,3576,3332.76,3476.19,3432.5696521626855,2765.43258557251,3476.19,0,0,1912,1911,0,0,0,0,NaN,NaN,62.65236514610504,NaN,NaN,NaN,3380.6904083040117,3385.9119260099997,NaN,NaN,NaN,NaN,NaN,NaN,NaN,NaN,NaN,NaN,1,0,0,0,0,NaN,NaN,62.65236514610504,NaN,NaN,NaN,3380.6904083040117,3385.9119260099997,NaN,NaN,NaN,NaN,NaN,NaN,NaN,NaN,NaN,NaN,1
2020-10-23,3445.4172086537583,3564,3360,3483,3441.7388063149247,2776.387813273693,3483,0,0,1912,1911,0,0,0,0,NaN,NaN,61.615771893993355,NaN,NaN,NaN,3380.6904083040117,3385.9119260099997,NaN,NaN,NaN,NaN,NaN,NaN,NaN,NaN,NaN,NaN,1,0,0,0,0,NaN,NaN,61.615771893993355,NaN,NaN,NaN,3380.6904083040117,3385.9119260099997,NaN,NaN,NaN,NaN,NaN,NaN,NaN,NaN,NaN,NaN,1
2020-10-26,3464.208604326879,3564,3298.8,3431.7,3439.91356880312,2786.3925794832553,3431.7000000000003,0,0,1912,1911,0,0,0,0,NaN,NaN,60.16427900650494,NaN,NaN,NaN,3380.6904083040117,3385.9119260099997,NaN,NaN,NaN,NaN,NaN,NaN,NaN,NaN,NaN,NaN,1,0,0,0,0,NaN,NaN,60.16427900650494,NaN,NaN,NaN,3380.6904083040117,3385.9119260099997,NaN,NaN,NaN,NaN,NaN,NaN,NaN,NaN,NaN,NaN,1
2020-10-27,3447.9543021634395,3492,3348,3402,3433.0201926570985,2795.79116605603,3402,0,0,1912,1911,0,0,0,0,NaN,NaN,58.55067681960884,NaN,NaN,NaN,3380.6904083040117,3385.9119260099997,NaN,NaN,NaN,NaN,NaN,NaN,NaN,NaN,NaN,NaN,1,0,0,0,0,NaN,NaN,58.55067681960884,NaN,NaN,NaN,3380.6904083040117,3385.9119260099997,NaN,NaN,NaN,NaN,NaN,NaN,NaN,NaN,NaN,NaN,1
2020-10-28,3424.97715108172,3504,3300,3393,3425.7437939921715,2804.9088581773117,3392.9999999999995,0,0,1912,1911,0,0,0,0,NaN,NaN,56.74354721953243,NaN,NaN,NaN,3380.6904083040117,3385.9119260099997,NaN,NaN,NaN,NaN,NaN,NaN,NaN,NaN,NaN,NaN,1,0,0,0,0,NaN,NaN,56.74354721953243,NaN,NaN,NaN,3380.6904083040117,3385.9119260099997,NaN,NaN,NaN,NaN,NaN,NaN,NaN,NaN,NaN,NaN,1
2020-10-29,3408.98857554086,3540,3360,3425.9700000000003,3425.784922357231,2814.390707670788,3425.9700000000003,0,0,1912,1911,0,0,0,0,NaN,NaN,54.73703662343466,NaN,NaN,NaN,3380.6904083040117,3385.9119260099997,NaN,NaN,NaN,NaN,NaN,NaN,NaN,NaN,NaN,NaN,1,0,0,0,0,NaN,NaN,54.73703662343466,NaN,NaN,NaN,3380.6904083040117,3385.9119260099997,NaN,NaN,NaN,NaN,NaN,NaN,NaN,NaN,NaN,NaN,1
2020-10-30,3417.4792877704303,3472.08,3288,3346.02,3411.2822092013707,2822.507185416272,3346.02,0,0,1912,1911,0,0,0,0,NaN,NaN,52.20466351033728,NaN,NaN,NaN,3380.6904083040117,3385.9119260099997,NaN,NaN,NaN,NaN,NaN,NaN,NaN,NaN,NaN,NaN,1,0,0,0,0,NaN,NaN,52.20466351033728,NaN,NaN,NaN,3380.6904083040117,3385.9119260099997,NaN,NaN,NaN,NaN,NaN,NaN,NaN,NaN,NaN,NaN,1
2020-11-02,3381.749643885215,3399.24,3252,3309.81,3392.8327166193035,2829.9469230435043,3309.8100000000004,0,0,1912,1911,0,0,0,0,NaN,NaN,49.19989197667658,NaN,NaN,NaN,3380.6904083040117,3385.9119260099997,NaN,NaN,NaN,NaN,NaN,NaN,NaN,NaN,NaN,NaN,1,0,0,0,0,NaN,NaN,49.19989197667658,NaN,NaN,NaN,3380.6904083040117,3385.9119260099997,NaN,NaN,NaN,NaN,NaN,NaN,NaN,NaN,NaN,NaN,1
2020-11-03,3345.7798219426077,3345.7798219426077,3156,3261,3368.86313177943,2836.5278860504736,3261,0,0,1912,1911,0,0,0,0,NaN,NaN,45.74725681585763,NaN,NaN,NaN,3380.6904083040117,3385.9119260099997,NaN,NaN,NaN,NaN,NaN,NaN,NaN,NaN,NaN,NaN,1,0,0,0,0,NaN,NaN,45.74725681585763,NaN,NaN,NaN,3380.6904083040117,3385.9119260099997,NaN,NaN,NaN,NaN,NaN,NaN,NaN,NaN,NaN,NaN,1
2020-11-04,3303.389910971304,3360,3252,3302.1,3356.7243805468065,2843.6358572558097,3302.0999999999995,0,0,1912,1911,0,0,0,0,NaN,NaN,42.48506703569589,NaN,NaN,NaN,3380.6904083040117,3385.9119260099997,NaN,NaN,NaN,NaN,NaN,NaN,NaN,NaN,NaN,NaN,1,0,0,0,0,NaN,NaN,42.48506703569589,NaN,NaN,NaN,3380.6904083040117,3385.9119260099997,NaN,NaN,NaN,NaN,NaN,NaN,NaN,NaN,NaN,NaN,1
2020-11-05,3302.744955485652,3444,3302.744955485652,3387,3362.229038629205,2851.9314930228966,3387,0,0,1912,1911,0,0,0,0,NaN,NaN,39.57698794820525,NaN,NaN,NaN,3380.6904083040117,3385.9119260099997,NaN,NaN,NaN,NaN,NaN,NaN,NaN,NaN,NaN,NaN,1,0,0,0,0,NaN,NaN,39.57698794820525,NaN,NaN,NaN,3380.6904083040117,3385.9119260099997,NaN,NaN,NaN,NaN,NaN,NaN,NaN,NaN,NaN,NaN,1
2020-11-06,3344.872477742826,3456,3300,3360.87,3361.9819406966226,2859.701546564532,3360.87,0,0,1912,1911,0,0,0,0,NaN,NaN,36.28219583738662,NaN,NaN,NaN,3380.6904083040117,3385.9119260099997,NaN,NaN,NaN,NaN,NaN,NaN,NaN,NaN,NaN,NaN,1,0,0,0,0,NaN,NaN,36.28219583738662,NaN,NaN,NaN,3380.6904083040117,3385.9119260099997,NaN,NaN,NaN,NaN,NaN,NaN,NaN,NaN,NaN,NaN,1
2020-11-09,3352.871238871413,3563.88,3300.12,3462,3380.1670423881455,2868.896942800188,3462,0,0,1912,1911,0,0,0,0,NaN,NaN,33.522270218246625,NaN,NaN,NaN,3380.6904083040117,3385.9119260099997,NaN,NaN,NaN,NaN,NaN,NaN,NaN,NaN,NaN,NaN,1,0,0,0,0,NaN,NaN,33.522270218246625,NaN,NaN,NaN,3380.6904083040117,3385.9119260099997,NaN,NaN,NaN,NaN,NaN,NaN,NaN,NaN,NaN,NaN,1
2020-11-10,3407.4356194357065,3600,3372,3483,3398.863943772119,2878.272561994078,3483,0,0,1912,1911,0,0,0,0,NaN,NaN,30.74597913533403,NaN,NaN,NaN,3380.6904083040117,3385.9119260099997,NaN,NaN,NaN,NaN,NaN,NaN,NaN,NaN,NaN,NaN,1,0,0,0,0,NaN,NaN,30.74597913533403,NaN,NaN,NaN,3380.6904083040117,3385.9119260099997,NaN,NaN,NaN,NaN,NaN,NaN,NaN,NaN,NaN,NaN,1
2020-11-11,3445.217809717853,3516,3240,3387,3396.706863086279,2886.0393931086724,3387.0000000000005,0,0,1912,1911,0,0,0,0,NaN,NaN,27.291325690161205,NaN,NaN,NaN,3380.6904083040117,3385.9119260099997,NaN,NaN,NaN,NaN,NaN,NaN,NaN,NaN,NaN,NaN,1,0,0,0,0,NaN,NaN,27.291325690161205,NaN,NaN,NaN,3380.6904083040117,3385.9119260099997,NaN,NaN,NaN,NaN,NaN,NaN,NaN,NaN,NaN,NaN,1
2020-11-12,3416.1089048589265,3456,3312,3384,3394.3965243433195,2893.6418451222803,3384,0,0,1912,1911,0,0,0,0,NaN,NaN,23.737327109503855,NaN,NaN,NaN,3380.6904083040117,3385.9119260099997,NaN,NaN,NaN,NaN,NaN,NaN,NaN,NaN,NaN,NaN,1,0,0,0,0,NaN,NaN,23.737327109503855,NaN,NaN,NaN,3380.6904083040117,3385.9119260099997,NaN,NaN,NaN,NaN,NaN,NaN,NaN,NaN,NaN,NaN,1
2020-11-13,3400.0544524294633,4440,3396,3853.5,3477.869883553625,2908.2961680975127,3853.5000000000005,0,0,1912,1911,0,0,0,0,NaN,NaN,22.50375459247999,NaN,NaN,NaN,3380.6904083040117,3549.11865,NaN,NaN,NaN,NaN,NaN,NaN,NaN,NaN,NaN,NaN,1,0,0,0,0,NaN,NaN,22.50375459247999,NaN,NaN,NaN,3380.6904083040117,3549.11865,NaN,NaN,NaN,NaN,NaN,NaN,NaN,NaN,NaN,NaN,1
2020-11-16,3626.777226214732,4680,3626.777226214732,4149.03,3599.898995634784,2927.2386693479325,4149.03,0,0,1912,1911,0,0,0,0,NaN,NaN,22.168383329119838,NaN,NaN,NaN,3380.6904083040117,3710.4480404999995,NaN,NaN,NaN,NaN,NaN,NaN,NaN,NaN,NaN,NaN,1,0,0,0,0,NaN,NaN,22.168383329119838,NaN,NaN,NaN,3380.6904083040117,3710.4480404999995,NaN,NaN,NaN,NaN,NaN,NaN,NaN,NaN,NaN,NaN,1
2020-11-17,3887.903613107366,4500,3887.903613107366,4176,3704.644632792096,2946.3037278311704,4176,0,0,1912,1911,0,0,0,0,NaN,NaN,21.894881366135753,NaN,NaN,NaN,3380.6904083040117,3751.0570580699996,NaN,NaN,NaN,NaN,NaN,NaN,NaN,NaN,NaN,NaN,1,0,0,0,0,NaN,NaN,21.894881366135753,NaN,NaN,NaN,3380.6904083040117,3751.0570580699996,NaN,NaN,NaN,NaN,NaN,NaN,NaN,NaN,NaN,NaN,1
2020-11-18,4031.951806553683,4031.951806553683,3648,3810,3723.800154102624,2959.489930459702,3810.0000000000005,0,0,1912,1911,0,0,0,0,NaN,NaN,20.498144972645687,NaN,NaN,NaN,3380.6904083040117,3751.0570580699996,NaN,NaN,NaN,NaN,NaN,NaN,NaN,NaN,NaN,NaN,1,0,0,0,0,NaN,NaN,20.498144972645687,NaN,NaN,NaN,3380.6904083040117,3751.0570580699996,NaN,NaN,NaN,NaN,NaN,NaN,NaN,NaN,NaN,NaN,1
2020-11-19,3920.9759032768416,3920.9759032768416,3696,3792,3736.200126083965,2972.2000078572637,3792,0,0,1912,1911,0,0,0,0,NaN,NaN,19.63785183209276,NaN,NaN,NaN,3380.6904083040117,3751.0570580699996,NaN,NaN,NaN,NaN,NaN,NaN,NaN,NaN,NaN,NaN,1,0,0,0,0,NaN,NaN,19.63785183209276,NaN,NaN,NaN,3380.6904083040117,3751.0570580699996,NaN,NaN,NaN,NaN,NaN,NaN,NaN,NaN,NaN,NaN,1
2020-11-20,3856.487951638421,3856.487951638421,3612,3666,3723.4364667959717,2982.792374149519,3666,0,0,1912,1911,0,0,0,0,NaN,NaN,18.02810556439399,NaN,NaN,NaN,3380.6904083040117,3751.0570580699996,NaN,NaN,NaN,NaN,NaN,NaN,NaN,NaN,NaN,NaN,1,0,0,0,0,NaN,NaN,18.02810556439399,NaN,NaN,NaN,3380.6904083040117,3751.0570580699996,NaN,NaN,NaN,NaN,NaN,NaN,NaN,NaN,NaN,NaN,1
2020-11-23,3761.2439758192104,3761.2439758192104,3480,3579.09,3697.19165465125,2991.896154696855,3579.09,0,0,1912,1911,0,0,0,0,NaN,NaN,15.67762728020902,NaN,NaN,NaN,3380.6904083040117,3751.0570580699996,NaN,NaN,NaN,NaN,NaN,NaN,NaN,NaN,NaN,NaN,1,0,0,0,0,NaN,NaN,15.67762728020902,NaN,NaN,NaN,3380.6904083040117,3751.0570580699996,NaN,NaN,NaN,NaN,NaN,NaN,NaN,NaN,NaN,NaN,1
2020-11-24,3670.1669879096053,3888,3540,3684,3694.7931719873864,3002.4626256175134,3683.9999999999995,0,0,1912,1911,0,0,0,0,NaN,NaN,14.230470472585207,NaN,NaN,NaN,3380.6904083040117,3751.0570580699996,NaN,NaN,NaN,NaN,NaN,NaN,NaN,NaN,NaN,NaN,1,0,0,0,0,NaN,NaN,14.230470472585207,NaN,NaN,NaN,3380.6904083040117,3751.0570580699996,NaN,NaN,NaN,NaN,NaN,NaN,NaN,NaN,NaN,NaN,1
2020-11-25,3677.0834939548026,3864,3677.0834939548026,3771,3708.6489588987706,3014.1960206462536,3770.9999999999995,0,0,1912,1911,0,0,0,0,NaN,NaN,13.208429950778644,NaN,NaN,NaN,3380.6904083040117,3751.0570580699996,NaN,NaN,NaN,NaN,NaN,NaN,NaN,NaN,NaN,NaN,1,0,0,0,0,NaN,NaN,13.208429950778644,NaN,NaN,NaN,3380.6904083040117,3751.0570580699996,NaN,NaN,NaN,NaN,NaN,NaN,NaN,NaN,NaN,NaN,1
2020-11-27,3724.041746977401,3840,3702,3763.38,3718.6000572808125,3025.6339439951657,3763.38,0,0,1912,1911,0,0,0,0,NaN,NaN,12.401234804814035,NaN,NaN,NaN,3380.6904083040117,3751.0570580699996,NaN,NaN,NaN,NaN,NaN,NaN,NaN,NaN,NaN,NaN,1,0,0,0,0,NaN,NaN,12.401234804814035,NaN,NaN,NaN,3380.6904083040117,3751.0570580699996,NaN,NaN,NaN,NaN,NaN,NaN,NaN,NaN,NaN,NaN,1
2020-11-30,3743.7108734887006,3744,3324.12,3601.5299999999997,3697.314592320665,3034.426250193713,3601.5299999999997,0,0,1912,1911,0,0,0,0,NaN,NaN,10.825501952446496,NaN,NaN,NaN,3380.6904083040117,3751.0570580699996,NaN,NaN,NaN,NaN,NaN,NaN,NaN,NaN,NaN,NaN,1,0,0,0,0,NaN,NaN,10.825501952446496,NaN,NaN,NaN,3380.6904083040117,3751.0570580699996,NaN,NaN,NaN,NaN,NaN,NaN,NaN,NaN,NaN,NaN,1
2020-12-01,3672.62043674435,3672.62043674435,3312,3447,3651.802848262362,3040.725086068618,3447,0,0,1912,1911,0,0,0,0,NaN,NaN,8.513685229590866,NaN,NaN,NaN,3380.6904083040117,3751.0570580699996,NaN,NaN,NaN,NaN,NaN,NaN,NaN,NaN,NaN,NaN,1,0,0,0,0,NaN,NaN,8.513685229590866,NaN,NaN,NaN,3380.6904083040117,3751.0570580699996,NaN,NaN,NaN,NaN,NaN,NaN,NaN,NaN,NaN,NaN,1
2020-12-02,3559.810218372175,3559.810218372175,3156,3308.22,3589.3332394873873,3044.8089778843646,3308.22,0,0,1912,1911,0,0,0,0,NaN,NaN,7.405049990795619,NaN,NaN,NaN,3380.6904083040117,3703.0599,NaN,NaN,NaN,NaN,NaN,NaN,NaN,NaN,NaN,NaN,1,0,0,0,0,NaN,NaN,7.405049990795619,NaN,NaN,NaN,3380.6904083040117,3703.0599,NaN,NaN,NaN,NaN,NaN,NaN,NaN,NaN,NaN,NaN,1
2020-12-03,3434.015109186087,3461.88,3300,3358.4700000000003,3547.358105035135,3049.59769577926,3358.4700000000003,0,0,1912,1911,0,0,0,0,NaN,NaN,7.470647172422004,NaN,NaN,NaN,3380.6904083040117,3703.0599,NaN,NaN,NaN,NaN,NaN,NaN,NaN,NaN,NaN,NaN,1,0,0,0,0,NaN,NaN,7.470647172422004,NaN,NaN,NaN,3380.6904083040117,3703.0599,NaN,NaN,NaN,NaN,NaN,NaN,NaN,NaN,NaN,NaN,1
2020-12-04,3396.2425545930437,3528,3288,3366,3514.3839041196557,3054.428265309348,3366,0,0,1912,1911,0,0,0,0,NaN,NaN,8.352102118461476,NaN,NaN,NaN,3380.6904083040117,3703.0599,NaN,NaN,NaN,NaN,NaN,NaN,NaN,NaN,NaN,NaN,1,0,0,0,0,NaN,NaN,8.352102118461476,NaN,NaN,NaN,3380.6904083040117,3703.0599,NaN,NaN,NaN,NaN,NaN,NaN,NaN,NaN,NaN,NaN,1
2020-12-07,3381.121277296522,3528,3216,3384,3490.677739734264,3059.4598948466096,3383.9999999999995,0,0,1912,1911,0,0,0,0,NaN,NaN,10.445611254915994,NaN,NaN,NaN,3380.6904083040117,3703.0599,NaN,NaN,NaN,NaN,NaN,NaN,NaN,NaN,NaN,NaN,1,0,0,0,0,NaN,NaN,10.445611254915994,NaN,NaN,NaN,3380.6904083040117,3703.0599,NaN,NaN,NaN,NaN,NaN,NaN,NaN,NaN,NaN,NaN,1
2020-12-08,3382.560638648261,3382.560638648261,3240,3279,3452.1908779643977,3062.811652177196,3279,0,0,1912,1911,0,0,0,0,NaN,NaN,11.620006703439687,NaN,NaN,NaN,3380.6904083040117,3676.166403,NaN,NaN,NaN,NaN,NaN,NaN,NaN,NaN,NaN,NaN,1,0,0,0,0,NaN,NaN,11.620006703439687,NaN,NaN,NaN,3380.6904083040117,3676.166403,NaN,NaN,NaN,NaN,NaN,NaN,NaN,NaN,NaN,NaN,1
2020-12-09,3330.7803193241307,3330.7803193241307,3183,3270.75,3419.2016274254165,3065.9862834416663,3270.7499999999995,0,0,1912,1911,0,0,0,0,NaN,NaN,12.477018745869666,NaN,NaN,NaN,3380.6904083040117,3647.96391882,NaN,NaN,NaN,NaN,NaN,NaN,NaN,NaN,NaN,NaN,1,0,0,0,0,NaN,NaN,12.477018745869666,NaN,NaN,NaN,3380.6904083040117,3647.96391882,NaN,NaN,NaN,NaN,NaN,NaN,NaN,NaN,NaN,NaN,1
2020-12-10,3300.7651596620653,3368.76,3216,3279.69,3393.8358769844317,3069.2489356028623,3279.69,0,0,1912,1911,0,0,0,0,NaN,NaN,12.64845760505925,NaN,NaN,NaN,3380.6904083040117,3647.96391882,NaN,NaN,NaN,NaN,NaN,NaN,NaN,NaN,NaN,NaN,1,0,0,0,0,NaN,NaN,12.64845760505925,NaN,NaN,NaN,3380.6904083040117,3647.96391882,NaN,NaN,NaN,NaN,NaN,NaN,NaN,NaN,NaN,NaN,1
2020-12-11,3290.227579831033,3391.8,3252,3319.95,3380.4020811690802,3073.076432769231,3319.95,0,0,1912,1911,0,0,0,0,NaN,NaN,11.954812161904902,NaN,NaN,NaN,3380.6904083040117,3647.96391882,NaN,NaN,NaN,NaN,NaN,NaN,NaN,NaN,NaN,NaN,1,0,0,0,0,NaN,NaN,11.954812161904902,NaN,NaN,NaN,3380.6904083040117,3647.96391882,NaN,NaN,NaN,NaN,NaN,NaN,NaN,NaN,NaN,NaN,1
2020-12-14,3305.0887899155164,3402,3276,3322.5,3369.874430047429,3076.884426162067,3322.5,0,0,1912,1911,0,0,0,0,NaN,NaN,10.078884507475262,NaN,NaN,NaN,3380.6904083040117,3647.96391882,NaN,NaN,NaN,NaN,NaN,NaN,NaN,NaN,NaN,NaN,1,0,0,0,0,NaN,NaN,10.078884507475262,NaN,NaN,NaN,3380.6904083040117,3647.96391882,NaN,NaN,NaN,NaN,NaN,NaN,NaN,NaN,NaN,NaN,1
2020-12-15,3313.7943949577584,3384,3240,3309,3358.8063518569875,3080.428175380967,3309,0,0,1912,1911,0,0,0,0,NaN,NaN,7.333921229754183,NaN,NaN,NaN,3380.6904083040117,3647.96391882,NaN,NaN,NaN,NaN,NaN,NaN,NaN,NaN,NaN,NaN,1,0,0,0,0,NaN,NaN,7.333921229754183,NaN,NaN,NaN,3380.6904083040117,3647.96391882,NaN,NaN,NaN,NaN,NaN,NaN,NaN,NaN,NaN,NaN,1
2020-12-16,3311.397197478879,3456,3276,3345,3356.296106064808,3084.4674398789675,3344.9999999999995,0,0,1912,1911,0,0,0,0,NaN,NaN,4.779355179142815,NaN,NaN,NaN,3380.6904083040117,3647.96391882,NaN,NaN,NaN,NaN,NaN,NaN,NaN,NaN,NaN,NaN,1,0,0,0,0,NaN,NaN,4.779355179142815,NaN,NaN,NaN,3380.6904083040117,3647.96391882,NaN,NaN,NaN,NaN,NaN,NaN,NaN,NaN,NaN,NaN,1
2020-12-17,3328.1985987394396,3420,3328.1985987394396,3399,3364.0604504166613,3089.2694636976094,3399,0,0,1912,1911,0,0,0,0,NaN,NaN,2.4611724631461898,NaN,NaN,NaN,3380.6904083040117,3647.96391882,NaN,NaN,NaN,NaN,NaN,NaN,NaN,NaN,NaN,NaN,1,0,0,0,0,NaN,NaN,2.4611724631461898,NaN,NaN,NaN,3380.6904083040117,3647.96391882,NaN,NaN,NaN,NaN,NaN,NaN,NaN,NaN,NaN,NaN,1
2020-12-18,3363.59929936972,3408,3216,3303,3352.958550340905,3092.5325253205465,3303,0,0,1912,1911,0,0,0,0,NaN,NaN,0.6603843903244119,NaN,NaN,NaN,3380.6904083040117,3647.96391882,NaN,NaN,NaN,NaN,NaN,NaN,NaN,NaN,NaN,NaN,1,0,0,0,0,NaN,NaN,0.6603843903244119,NaN,NaN,NaN,3380.6904083040117,3647.96391882,NaN,NaN,NaN,NaN,NaN,NaN,NaN,NaN,NaN,NaN,1
2020-12-21,3333.29964968486,3333.29964968486,3144,3216,3328.0569957334674,3094.4175249339733,3216,0,0,1912,1911,0,0,0,0,NaN,NaN,0.050741977200263605,NaN,NaN,NaN,3380.6904083040117,3584.1759161262,NaN,NaN,NaN,NaN,NaN,NaN,NaN,NaN,NaN,NaN,1,0,0,0,0,NaN,NaN,0.050741977200263605,NaN,NaN,NaN,3380.6904083040117,3584.1759161262,NaN,NaN,NaN,NaN,NaN,NaN,NaN,NaN,NaN,NaN,1
2020-12-22,3274.64982484243,3382.44,3222.72,3281.97,3319.677541963746,3097.280921499867,3281.97,0,0,1912,1911,0,0,0,0,NaN,NaN,0.00019064385573309284,NaN,NaN,NaN,3380.6904083040117,3584.1759161262,NaN,NaN,NaN,NaN,NaN,NaN,NaN,NaN,NaN,NaN,1,0,0,0,0,NaN,NaN,0.00019064385573309284,NaN,NaN,NaN,3380.6904083040117,3584.1759161262,NaN,NaN,NaN,NaN,NaN,NaN,NaN,NaN,NaN,NaN,1
2020-12-23,3278.309912421215,3360,3240,3279,3312.281625243065,3100.055258576205,3279,0,0,1912,1911,0,0,0,0,NaN,NaN,0.14701796741951884,NaN,NaN,NaN,3380.6904083040117,3584.1759161262,NaN,NaN,NaN,NaN,NaN,NaN,NaN,NaN,NaN,NaN,1,0,0,0,0,NaN,NaN,0.14701796741951884,NaN,NaN,NaN,3380.6904083040117,3584.1759161262,NaN,NaN,NaN,NaN,NaN,NaN,NaN,NaN,NaN,NaN,1
2020-12-24,3278.6549562106075,3278.6549562106075,3216,3237.09,3298.610420653417,3102.147392033057,3237.09,0,0,1912,1911,0,0,0,0,NaN,NaN,0.6408494238138644,NaN,NaN,NaN,3380.6904083040117,3584.1759161262,NaN,NaN,NaN,NaN,NaN,NaN,NaN,NaN,NaN,NaN,1,0,0,0,0,NaN,NaN,0.6408494238138644,NaN,NaN,NaN,3380.6904083040117,3584.1759161262,NaN,NaN,NaN,NaN,NaN,NaN,NaN,NaN,NaN,NaN,1
2020-12-28,3257.872478105304,3257.872478105304,3060,3144,3270.4994350800685,3102.786363147056,3144,0,0,1912,1911,0,0,0,0,NaN,NaN,1.5685417937613373,NaN,NaN,NaN,3380.6904083040117,3499.674806191056,NaN,NaN,NaN,NaN,NaN,NaN,NaN,NaN,NaN,NaN,1,0,0,0,0,NaN,NaN,1.5685417937613373,NaN,NaN,NaN,3380.6904083040117,3499.674806191056,NaN,NaN,NaN,NaN,NaN,NaN,NaN,NaN,NaN,NaN,1
2020-12-29,3200.936239052652,3200.936239052652,3000,3076.6800000000003,3235.2595377927832,3102.38779271733,3076.6800000000003,0,0,1912,1911,0,0,0,0,NaN,NaN,3.1472908966127457,NaN,NaN,NaN,3380.6904083040117,3407.6145852623977,NaN,NaN,NaN,NaN,NaN,NaN,NaN,NaN,NaN,NaN,1,0,0,0,0,NaN,NaN,3.1472908966127457,NaN,NaN,NaN,3380.6904083040117,3407.6145852623977,NaN,NaN,NaN,NaN,NaN,NaN,NaN,NaN,NaN,NaN,1
2020-12-30,3138.808119526326,3288,3060,3189,3226.84871273955,3103.7101164926376,3189,0,0,1912,1911,0,0,0,0,NaN,NaN,5.271468179413554,NaN,NaN,NaN,3380.6904083040117,3407.6145852623977,NaN,NaN,NaN,NaN,NaN,NaN,NaN,NaN,NaN,NaN,1,0,0,0,0,NaN,NaN,5.271468179413554,NaN,NaN,NaN,3380.6904083040117,3407.6145852623977,NaN,NaN,NaN,NaN,NaN,NaN,NaN,NaN,NaN,NaN,1
2020-12-31,3163.904059763163,3456,3163.904059763163,3303.06,3240.705310423268,3106.7536261645055,3303.06,0,0,1912,1911,0,0,0,0,NaN,NaN,7.38643435613543,NaN,NaN,NaN,3380.6904083040117,3407.6145852623977,NaN,NaN,NaN,NaN,NaN,NaN,NaN,NaN,NaN,NaN,1,0,0,0,0,NaN,NaN,7.38643435613543,NaN,NaN,NaN,3380.6904083040117,3407.6145852623977,NaN,NaN,NaN,NaN,NaN,NaN,NaN,NaN,NaN,NaN,1
2021-01-04,3233.482029881581,3420,3192,3327,3256.395253982674,3110.1161662230625,3327,0,0,1912,1911,0,0,0,0,NaN,NaN,8.223392500625556,NaN,NaN,NaN,3380.6904083040117,3407.6145852623977,NaN,NaN,NaN,NaN,NaN,NaN,NaN,NaN,NaN,NaN,1,0,0,0,0,NaN,NaN,8.223392500625556,NaN,NaN,NaN,3380.6904083040117,3407.6145852623977,NaN,NaN,NaN,NaN,NaN,NaN,NaN,NaN,NaN,NaN,1
2021-01-05,3280.2410149407906,3450,3280.2410149407906,3391.5,3280.9597532585517,3114.4121026166035,3391.5,0,0,1912,1911,0,0,0,0,NaN,NaN,8.44449825649473,NaN,NaN,NaN,3380.6904083040117,3407.6145852623977,NaN,NaN,NaN,NaN,NaN,NaN,NaN,NaN,NaN,NaN,1,0,0,0,0,NaN,NaN,8.44449825649473,NaN,NaN,NaN,3380.6904083040117,3407.6145852623977,NaN,NaN,NaN,NaN,NaN,NaN,NaN,NaN,NaN,NaN,1
2021-01-06,3335.8705074703953,3438,3300,3364.5,3296.148889029724,3118.230238454518,3364.5,0,0,1912,1911,0,0,0,0,NaN,NaN,9.214399759918157,NaN,NaN,NaN,3380.6904083040117,3407.6145852623977,NaN,NaN,NaN,NaN,NaN,NaN,NaN,NaN,NaN,NaN,1,0,0,0,0,NaN,NaN,9.214399759918157,NaN,NaN,NaN,3380.6904083040117,3407.6145852623977,NaN,NaN,NaN,NaN,NaN,NaN,NaN,NaN,NaN,NaN,1
2021-01-07,3350.185253735198,3396,3312,3363,3308.3036364788654,3121.9671813788764,3363,0,0,1912,1911,0,0,0,0,NaN,NaN,10.310915091612948,NaN,NaN,NaN,3380.6904083040117,3407.6145852623977,NaN,NaN,NaN,NaN,NaN,NaN,NaN,NaN,NaN,NaN,1,0,0,0,0,NaN,NaN,10.310915091612948,NaN,NaN,NaN,3380.6904083040117,3407.6145852623977,NaN,NaN,NaN,NaN,NaN,NaN,NaN,NaN,NaN,NaN,1
2021-01-08,3356.592626867599,3363.24,3252,3315.81,3309.668429846344,3124.926613724237,3315.81,0,0,1912,1911,0,0,0,0,NaN,NaN,10.971399768096504,NaN,NaN,NaN,3380.6904083040117,3407.6145852623977,NaN,NaN,NaN,NaN,NaN,NaN,NaN,NaN,NaN,NaN,1,0,0,0,0,NaN,NaN,10.971399768096504,NaN,NaN,NaN,3380.6904083040117,3407.6145852623977,NaN,NaN,NaN,NaN,NaN,NaN,NaN,NaN,NaN,NaN,1
2021-01-11,3336.2013134337994,3348,3072,3237,3296.4559880560996,3126.6376577895157,3237,0,0,1912,1911,0,0,0,0,NaN,NaN,11.483251949121396,NaN,NaN,NaN,3380.6904083040117,3407.6145852623977,NaN,NaN,NaN,NaN,NaN,NaN,NaN,NaN,NaN,NaN,1,0,0,0,0,NaN,NaN,11.483251949121396,NaN,NaN,NaN,3380.6904083040117,3407.6145852623977,NaN,NaN,NaN,NaN,NaN,NaN,NaN,NaN,NaN,NaN,1
2021-01-12,3286.6006567168997,3286.6006567168997,3180,3216,3281.827626591354,3128.0019683576147,3216,0,0,1912,1911,0,0,0,0,NaN,NaN,11.866026966493735,NaN,NaN,NaN,3380.6904083040117,3407.6145852623977,NaN,NaN,NaN,NaN,NaN,NaN,NaN,NaN,NaN,NaN,1,0,0,0,0,NaN,NaN,11.866026966493735,NaN,NaN,NaN,3380.6904083040117,3407.6145852623977,NaN,NaN,NaN,NaN,NaN,NaN,NaN,NaN,NaN,NaN,1
2021-01-13,3251.30032835845,3288,3192,3249,3275.858967211108,3129.8492665506283,3249,0,0,1912,1911,0,0,0,0,NaN,NaN,11.874459782773952,NaN,NaN,NaN,3380.6904083040117,3407.6145852623977,NaN,NaN,NaN,NaN,NaN,NaN,NaN,NaN,NaN,NaN,1,0,0,0,0,NaN,NaN,11.874459782773952,NaN,NaN,NaN,3380.6904083040117,3407.6145852623977,NaN,NaN,NaN,NaN,NaN,NaN,NaN,NaN,NaN,NaN,1
2021-01-14,3250.1501641792247,3300,3180,3240,3269.3391549909065,3131.5309571376415,3240,0,0,1912,1911,0,0,0,0,NaN,NaN,11.721502213047694,NaN,NaN,NaN,3380.6904083040117,3407.6145852623977,NaN,NaN,NaN,NaN,NaN,NaN,NaN,NaN,NaN,NaN,1,0,0,0,0,NaN,NaN,11.721502213047694,NaN,NaN,NaN,3380.6904083040117,3407.6145852623977,NaN,NaN,NaN,NaN,NaN,NaN,NaN,NaN,NaN,NaN,1
2021-01-15,3245.0750820896124,3420,3245.0750820896124,3337.23,3281.68294499256,3134.6714005401204,3337.23,1,0,1912,1911,0,0,0,0,NaN,NaN,10.550674809419645,NaN,NaN,NaN,3380.6904083040117,3407.6145852623977,NaN,NaN,NaN,NaN,NaN,NaN,NaN,NaN,NaN,NaN,1,0,0,0,0,NaN,NaN,10.550674809419645,NaN,NaN,NaN,3380.6904083040117,3407.6145852623977,NaN,NaN,NaN,NaN,NaN,NaN,NaN,NaN,NaN,NaN,1
2021-01-19,3291.152541044806,3468,3291.152541044806,3375,3298.64968226664,3138.340539463172,3374.9999999999995,0,0,1912,1911,0,0,0,0,NaN,NaN,8.967312542962416,NaN,NaN,NaN,3380.6904083040117,3407.6145852623977,NaN,NaN,NaN,NaN,NaN,NaN,NaN,NaN,NaN,NaN,1,0,0,0,0,NaN,NaN,8.967312542962416,NaN,NaN,NaN,3380.6904083040117,3407.6145852623977,NaN,NaN,NaN,NaN,NaN,NaN,NaN,NaN,NaN,NaN,1
2021-01-20,3333.0762705224033,3396,3288,3327.0299999999997,3303.8097400363417,3141.2212945858714,3327.0299999999997,0,0,1912,1911,0,0,0,0,NaN,NaN,8.32459755198673,NaN,NaN,NaN,3380.6904083040117,3407.6145852623977,NaN,NaN,NaN,NaN,NaN,NaN,NaN,NaN,NaN,NaN,1,0,0,0,0,NaN,NaN,8.32459755198673,NaN,NaN,NaN,3380.6904083040117,3407.6145852623977,NaN,NaN,NaN,NaN,NaN,NaN,NaN,NaN,NaN,NaN,1
2021-01-21,3330.0531352612015,3408,3252,3327.57,3308.1297873024614,3144.0663129891404,3327.57,0,0,1912,1911,0,0,0,0,NaN,NaN,7.720377392622424,NaN,NaN,NaN,3380.6904083040117,3407.6145852623977,NaN,NaN,NaN,NaN,NaN,NaN,NaN,NaN,NaN,NaN,1,0,0,0,0,NaN,NaN,7.720377392622424,NaN,NaN,NaN,3380.6904083040117,3407.6145852623977,NaN,NaN,NaN,NaN,NaN,NaN,NaN,NaN,NaN,NaN,1
2021-01-22,3328.8115676306006,3348,3276,3327,3311.56073506565,3146.8591937068636,3327,0,0,1912,1911,0,0,0,0,NaN,NaN,8.300234851469167,NaN,NaN,NaN,3380.6904083040117,3407.6145852623977,NaN,NaN,NaN,NaN,NaN,NaN,NaN,NaN,NaN,NaN,1,0,0,0,0,NaN,NaN,8.300234851469167,NaN,NaN,NaN,3380.6904083040117,3407.6145852623977,NaN,NaN,NaN,NaN,NaN,NaN,NaN,NaN,NaN,NaN,1
2021-01-25,3327.9057838153003,3348,3209.28,3307.32,3310.789692326441,3149.3089770090487,3307.32,0,0,1912,1911,0,0,0,0,NaN,NaN,9.8622904371826,NaN,NaN,NaN,3380.6904083040117,3407.6145852623977,NaN,NaN,NaN,NaN,NaN,NaN,NaN,NaN,NaN,NaN,1,0,0,0,0,NaN,NaN,9.8622904371826,NaN,NaN,NaN,3380.6904083040117,3407.6145852623977,NaN,NaN,NaN,NaN,NaN,NaN,NaN,NaN,NaN,NaN,1
2021-01-26,3317.61289190765,3348,3238.8,3290.7,3307.1370209943607,3151.4676185814296,3290.7,0,0,1912,1911,0,0,0,0,NaN,NaN,11.975236638575746,NaN,NaN,NaN,3380.6904083040117,3407.6145852623977,NaN,NaN,NaN,NaN,NaN,NaN,NaN,NaN,NaN,NaN,1,0,0,0,0,NaN,NaN,11.975236638575746,NaN,NaN,NaN,3380.6904083040117,3407.6145852623977,NaN,NaN,NaN,NaN,NaN,NaN,NaN,NaN,NaN,NaN,1
2021-01-27,3304.156445953825,3492,3180.6,3315.15,3308.593926268113,3153.966586236675,3315.15,0,0,1912,1911,0,0,0,0,NaN,NaN,14.962709644448474,NaN,NaN,NaN,3380.6904083040117,3407.6145852623977,NaN,NaN,NaN,NaN,NaN,NaN,NaN,NaN,NaN,NaN,1,0,0,0,0,NaN,NaN,14.962709644448474,NaN,NaN,NaN,3380.6904083040117,3407.6145852623977,NaN,NaN,NaN,NaN,NaN,NaN,NaN,NaN,NaN,NaN,1
2021-01-28,3309.6532229769127,3312,3168,3234,3295.031394219365,3155.188470416268,3234,0,0,1912,1911,0,0,0,0,NaN,NaN,17.355444899212838,NaN,NaN,NaN,3380.6904083040117,3407.6145852623977,NaN,NaN,NaN,NaN,NaN,NaN,NaN,NaN,NaN,NaN,1,0,0,0,0,NaN,NaN,17.355444899212838,NaN,NaN,NaN,3380.6904083040117,3407.6145852623977,NaN,NaN,NaN,NaN,NaN,NaN,NaN,NaN,NaN,NaN,1
2021-01-29,3271.8266114884564,3372,3180,3249,3286.662049815844,3156.6207075091493,3249,0,0,1912,1911,0,0,0,0,NaN,NaN,18.024225286240977,NaN,NaN,NaN,3380.6904083040117,3407.6145852623977,NaN,NaN,NaN,NaN,NaN,NaN,NaN,NaN,NaN,NaN,1,0,0,0,0,NaN,NaN,18.024225286240977,NaN,NaN,NaN,3380.6904083040117,3407.6145852623977,NaN,NaN,NaN,NaN,NaN,NaN,NaN,NaN,NaN,NaN,1
2021-02-01,3260.413305744228,3318,3144,3238.38,3277.883495303872,3157.868940982292,3238.38,0,0,1912,1911,0,0,0,0,NaN,NaN,18.730190148468303,NaN,NaN,NaN,3380.6904083040117,3407.6145852623977,NaN,NaN,NaN,NaN,NaN,NaN,NaN,NaN,NaN,NaN,1,0,0,0,0,NaN,NaN,18.730190148468303,NaN,NaN,NaN,3380.6904083040117,3407.6145852623977,NaN,NaN,NaN,NaN,NaN,NaN,NaN,NaN,NaN,NaN,1
2021-02-02,3249.396652872114,3300,3132,3216,3266.631950703168,3158.7564380665317,3216,0,0,1912,1911,0,0,0,0,NaN,NaN,19.60892013995504,NaN,NaN,NaN,3380.6904083040117,3407.6145852623977,NaN,NaN,NaN,NaN,NaN,NaN,NaN,NaN,NaN,NaN,1,0,0,0,0,NaN,NaN,19.60892013995504,NaN,NaN,NaN,3380.6904083040117,3407.6145852623977,NaN,NaN,NaN,NaN,NaN,NaN,NaN,NaN,NaN,NaN,1
2021-02-03,3232.698326436057,3276,3180,3237.0299999999997,3261.2497778480465,3159.9514542792563,3237.0299999999993,0,0,1912,1911,0,0,0,0,NaN,NaN,21.045468198575296,NaN,NaN,NaN,3380.6904083040117,3407.6145852623977,NaN,NaN,NaN,NaN,NaN,NaN,NaN,NaN,NaN,NaN,1,0,0,0,0,NaN,NaN,21.045468198575296,NaN,NaN,NaN,3380.6904083040117,3407.6145852623977,NaN,NaN,NaN,NaN,NaN,NaN,NaN,NaN,NaN,NaN,1
2021-02-04,3234.8641632180284,3456,3180,3297,3267.7498182393106,3162.043798488733,3297,0,0,1912,1911,0,0,0,0,NaN,NaN,22.015368326759553,NaN,NaN,NaN,3380.6904083040117,3407.6145852623977,NaN,NaN,NaN,NaN,NaN,NaN,NaN,NaN,NaN,NaN,1,0,0,0,0,NaN,NaN,22.015368326759553,NaN,NaN,NaN,3380.6904083040117,3407.6145852623977,NaN,NaN,NaN,NaN,NaN,NaN,NaN,NaN,NaN,NaN,1
2021-02-05,3265.932081609014,8832,3265.932081609014,5793,3726.886214923072,3202.2110687408135,5793,0,0,1912,1911,0,0,0,0,NaN,NaN,1.1043097934810815,NaN,NaN,NaN,3491.8884397865295,4679.308800000001,NaN,NaN,NaN,NaN,NaN,NaN,NaN,NaN,NaN,NaN,1,0,0,0,0,NaN,NaN,1.1043097934810815,NaN,NaN,NaN,3491.8884397865295,4679.308800000001,NaN,NaN,NaN,NaN,NaN,NaN,NaN,NaN,NaN,NaN,1
2021-02-08,4529.466040804507,5713.2,4529.466040804507,5220.3,3998.4159940279683,3233.021586775305,5220.3,0,0,1912,1911,0,0,0,0,NaN,NaN,0.034666027665878785,NaN,NaN,NaN,4735.657621660201,4679.308800000001,NaN,NaN,NaN,NaN,NaN,NaN,NaN,NaN,NaN,NaN,1,0,0,0,0,NaN,NaN,0.034666027665878785,NaN,NaN,NaN,4735.657621660201,4679.308800000001,NaN,NaN,NaN,NaN,NaN,NaN,NaN,NaN,NaN,NaN,1
2021-02-09,4874.883020402254,5592,4812,5164.05,4210.349449659247,3262.5029365955293,5164.05,0,0,1912,1911,0,0,0,0,NaN,NaN,1.115983267600576,NaN,NaN,NaN,4735.657621660201,4679.308800000001,NaN,NaN,NaN,NaN,NaN,NaN,NaN,NaN,NaN,NaN,1,0,0,0,0,NaN,NaN,1.115983267600576,NaN,NaN,NaN,4735.657621660201,4679.308800000001,NaN,NaN,NaN,NaN,NaN,NaN,NaN,NaN,NaN,NaN,1
2021-02-10,5019.466510201128,5040,4560,4803,4318.104095175747,3286.0219757314753,4803,0,0,1912,1911,0,0,0,0,NaN,NaN,2.6309128044357832,NaN,NaN,NaN,4735.657621660201,4679.308800000001,NaN,NaN,NaN,NaN,NaN,NaN,NaN,NaN,NaN,NaN,1,0,0,0,0,NaN,NaN,2.6309128044357832,NaN,NaN,NaN,4735.657621660201,4679.308800000001,NaN,NaN,NaN,NaN,NaN,NaN,NaN,NaN,NaN,NaN,1
2021-02-11,4911.233255100564,4911.233255100564,4584,4662,4380.630623325611,3307.029273811911,4662,0,0,1912,1911,0,0,0,0,NaN,NaN,4.2787472579935075,NaN,NaN,NaN,4735.657621660201,4679.308800000001,NaN,NaN,NaN,NaN,NaN,NaN,NaN,NaN,NaN,NaN,1,0,0,0,0,NaN,NaN,4.2787472579935075,NaN,NaN,NaN,4735.657621660201,4679.308800000001,NaN,NaN,NaN,NaN,NaN,NaN,NaN,NaN,NaN,NaN,1
2021-02-12,4786.616627550282,5027.88,4392,4703.97,4439.419600902773,3328.356613143027,4703.97,0,0,1912,1911,0,0,0,0,NaN,NaN,6.2503860463866205,NaN,NaN,NaN,4735.657621660201,4679.308800000001,NaN,NaN,NaN,NaN,NaN,NaN,NaN,NaN,NaN,NaN,1,0,0,0,0,NaN,NaN,6.2503860463866205,NaN,NaN,NaN,4735.657621660201,4679.308800000001,NaN,NaN,NaN,NaN,NaN,NaN,NaN,NaN,NaN,NaN,1
2021-02-16,4745.293313775141,5088,4584.96,4794.24,4503.932400738632,3350.7365121790112,4794.24,0,0,1912,1911,0,0,0,0,NaN,NaN,8.305723891638621,NaN,NaN,NaN,4735.657621660201,4679.308800000001,NaN,NaN,NaN,NaN,NaN,NaN,NaN,NaN,NaN,NaN,1,0,0,0,0,NaN,NaN,8.305723891638621,NaN,NaN,NaN,4735.657621660201,4679.308800000001,NaN,NaN,NaN,NaN,NaN,NaN,NaN,NaN,NaN,NaN,1
2021-02-17,4769.76665688757,4860,4380,4644,4529.399236967972,3370.4809929091025,4644,0,0,1912,1911,0,0,0,0,NaN,NaN,10.068556591427564,NaN,NaN,NaN,4735.657621660201,4679.308800000001,NaN,NaN,NaN,NaN,NaN,NaN,NaN,NaN,NaN,NaN,1,0,0,0,0,NaN,NaN,10.068556591427564,NaN,NaN,NaN,4735.657621660201,4679.308800000001,NaN,NaN,NaN,NaN,NaN,NaN,NaN,NaN,NaN,NaN,1
2021-02-18,4706.883328443785,4740,4428,4533,4530.053921155613,3388.22937469675,4533,0,0,1912,1911,0,0,0,0,NaN,NaN,11.495776215118335,NaN,NaN,NaN,4735.657621660201,4679.308800000001,NaN,NaN,NaN,NaN,NaN,NaN,NaN,NaN,NaN,NaN,1,0,0,0,0,NaN,NaN,11.495776215118335,NaN,NaN,NaN,4735.657621660201,4679.308800000001,NaN,NaN,NaN,NaN,NaN,NaN,NaN,NaN,NaN,NaN,1
2021-02-19,4619.941664221893,4656,4464,4560,4535.498662763684,3406.119002563975,4560,0,0,1912,1911,0,0,0,0,NaN,NaN,13.052082646808968,NaN,NaN,NaN,4735.657621660201,4679.308800000001,NaN,NaN,NaN,NaN,NaN,NaN,NaN,NaN,NaN,NaN,1,0,0,0,0,NaN,NaN,13.052082646808968,NaN,NaN,NaN,4735.657621660201,4679.308800000001,NaN,NaN,NaN,NaN,NaN,NaN,NaN,NaN,NaN,NaN,1
2021-02-22,4589.9708321109465,4740,4320,4569,4541.589814988469,3423.8729109217766,4569,0,0,1912,1911,0,0,0,0,NaN,NaN,14.83429756024318,NaN,NaN,NaN,4735.657621660201,4679.308800000001,NaN,NaN,NaN,NaN,NaN,NaN,NaN,NaN,NaN,NaN,1,0,0,0,0,NaN,NaN,14.83429756024318,NaN,NaN,NaN,4735.657621660201,4679.308800000001,NaN,NaN,NaN,NaN,NaN,NaN,NaN,NaN,NaN,NaN,1
2021-02-23,4579.485416055473,4579.485416055473,4116,4314,4500.209848626929,3437.462637472589,4314,0,0,1912,1911,0,0,0,0,NaN,NaN,15.950079272501524,NaN,NaN,NaN,4735.657621660201,4679.308800000001,NaN,NaN,NaN,NaN,NaN,NaN,NaN,NaN,NaN,NaN,1,0,0,0,0,NaN,NaN,15.950079272501524,NaN,NaN,NaN,4735.657621660201,4679.308800000001,NaN,NaN,NaN,NaN,NaN,NaN,NaN,NaN,NaN,NaN,1
2021-02-24,4446.742708027737,4488,4092,4254,4455.444421603851,3449.9288567478166,4254,0,0,1912,1911,0,0,0,0,NaN,NaN,17.183799122201258,NaN,NaN,NaN,4735.657621660201,4679.308800000001,NaN,NaN,NaN,NaN,NaN,NaN,NaN,NaN,NaN,NaN,1,0,0,0,0,NaN,NaN,17.183799122201258,NaN,NaN,NaN,4735.657621660201,4679.308800000001,NaN,NaN,NaN,NaN,NaN,NaN,NaN,NaN,NaN,NaN,1
2021-02-25,4350.371354013869,4476,4260,4365,4438.999981312241,3463.8994085531936,4365,0,0,1912,1911,0,0,0,0,NaN,NaN,18.727348125097112,NaN,NaN,NaN,4735.657621660201,4679.308800000001,NaN,NaN,NaN,NaN,NaN,NaN,NaN,NaN,NaN,NaN,1,0,0,0,0,NaN,NaN,18.727348125097112,NaN,NaN,NaN,4735.657621660201,4679.308800000001,NaN,NaN,NaN,NaN,NaN,NaN,NaN,NaN,NaN,NaN,1
2021-02-26,4357.685677006934,4392,3984,4179,4391.727257437288,3474.816974834824,4179,0,0,1912,1911,0,0,0,0,NaN,NaN,19.44221804072477,NaN,NaN,NaN,4735.657621660201,4679.308800000001,NaN,NaN,NaN,NaN,NaN,NaN,NaN,NaN,NaN,NaN,1,0,0,0,0,NaN,NaN,19.44221804072477,NaN,NaN,NaN,4735.657621660201,4679.308800000001,NaN,NaN,NaN,NaN,NaN,NaN,NaN,NaN,NaN,NaN,1
2021-03-01,4268.342838503468,4310.16,3984,4083.54,4335.6932106305085,3484.1104561350558,4083.54,0,0,1912,1911,0,0,0,0,NaN,NaN,19.820013321706668,NaN,NaN,NaN,4735.657621660201,4679.308800000001,NaN,NaN,NaN,NaN,NaN,NaN,NaN,NaN,NaN,NaN,1,0,0,0,0,NaN,NaN,19.820013321706668,NaN,NaN,NaN,4735.657621660201,4679.308800000001,NaN,NaN,NaN,NaN,NaN,NaN,NaN,NaN,NaN,NaN,1
2021-03-02,4175.941419251734,4175.941419251734,3924.84,4059.21,4285.423535970416,3492.8906018429175,4059.2099999999996,0,0,1912,1911,0,0,0,0,NaN,NaN,21.764982534019016,NaN,NaN,NaN,4735.657621660201,4679.308800000001,NaN,NaN,NaN,NaN,NaN,NaN,NaN,NaN,NaN,NaN,1,0,0,0,0,NaN,NaN,21.764982534019016,NaN,NaN,NaN,4735.657621660201,4679.308800000001,NaN,NaN,NaN,NaN,NaN,NaN,NaN,NaN,NaN,NaN,1
2021-03-03,4117.575709625868,4117.575709625868,3921.72,4001.43,4233.788347612159,3500.654562120125,4001.43,0,0,1912,1911,0,0,0,0,NaN,NaN,24.94587313918744,NaN,NaN,NaN,4735.657621660201,4679.308800000001,NaN,NaN,NaN,NaN,NaN,NaN,NaN,NaN,NaN,NaN,1,0,0,0,0,NaN,NaN,24.94587313918744,NaN,NaN,NaN,4735.657621660201,4679.308800000001,NaN,NaN,NaN,NaN,NaN,NaN,NaN,NaN,NaN,NaN,1
2021-03-04,4059.502854812934,4092,3636,3861,4166.0086480463115,3506.156019186993,3861,0,0,1912,1911,0,0,0,0,NaN,NaN,28.011102454607784,NaN,NaN,NaN,4735.657621660201,4679.308800000001,NaN,NaN,NaN,NaN,NaN,NaN,NaN,NaN,NaN,NaN,1,0,0,0,0,NaN,NaN,28.011102454607784,NaN,NaN,NaN,4735.657621660201,4679.308800000001,NaN,NaN,NaN,NaN,NaN,NaN,NaN,NaN,NaN,NaN,1
2021-03-05,3960.251427406467,3960.251427406467,3612,3759,4092.007075674255,3510.01623263452,3759,0,0,1912,1911,0,0,0,0,NaN,NaN,28.989285016481787,NaN,NaN,NaN,4735.657621660201,4679.308800000001,NaN,NaN,NaN,NaN,NaN,NaN,NaN,NaN,NaN,NaN,1,0,0,0,0,NaN,NaN,28.989285016481787,NaN,NaN,NaN,4735.657621660201,4679.308800000001,NaN,NaN,NaN,NaN,NaN,NaN,NaN,NaN,NaN,NaN,1
2021-03-08,3859.6257137032335,3888,3720,3798,4038.551243733481,3514.412931372924,3798,0,0,1912,1911,0,0,0,0,NaN,NaN,30.065106239522983,NaN,NaN,NaN,4735.657621660201,4679.308800000001,NaN,NaN,NaN,NaN,NaN,NaN,NaN,NaN,NaN,NaN,1,0,0,0,0,NaN,NaN,30.065106239522983,NaN,NaN,NaN,4735.657621660201,4679.308800000001,NaN,NaN,NaN,NaN,NaN,NaN,NaN,NaN,NaN,NaN,1
2021-03-09,3828.8128568516167,4080,3672,3846,4003.54192669103,3519.4753293672306,3845.9999999999995,0,0,1912,1911,0,0,0,0,NaN,NaN,30.76501375665191,NaN,NaN,NaN,4735.657621660201,4679.308800000001,NaN,NaN,NaN,NaN,NaN,NaN,NaN,NaN,NaN,NaN,1,0,0,0,0,NaN,NaN,30.76501375665191,NaN,NaN,NaN,4735.657621660201,4679.308800000001,NaN,NaN,NaN,NaN,NaN,NaN,NaN,NaN,NaN,NaN,1
2021-03-10,3837.4064284258084,3960,3780,3882,3981.443394565388,3525.0100571631506,3882,0,0,1912,1911,0,0,0,0,NaN,NaN,31.208975217378153,NaN,NaN,NaN,4448.861073588026,4679.308800000001,NaN,NaN,NaN,NaN,NaN,NaN,NaN,NaN,NaN,NaN,1,0,0,0,0,NaN,NaN,31.208975217378153,NaN,NaN,NaN,4448.861073588026,4679.308800000001,NaN,NaN,NaN,NaN,NaN,NaN,NaN,NaN,NaN,NaN,1
2021-03-11,3859.703214212904,4071,3852,3942.75,3974.4082319171357,3531.387766214095,3942.75,0,0,1912,1911,0,0,0,0,NaN,NaN,32.32888484350197,NaN,NaN,NaN,4445.088580629456,4679.308800000001,NaN,NaN,NaN,NaN,NaN,NaN,NaN,NaN,NaN,NaN,1,0,0,0,0,NaN,NaN,32.32888484350197,NaN,NaN,NaN,4445.088580629456,4679.308800000001,NaN,NaN,NaN,NaN,NaN,NaN,NaN,NaN,NaN,NaN,1
2021-03-12,3901.2266071064523,3901.2266071064523,3504.72,3685.68,3921.9121897503837,3533.7433728367805,3685.68,0,0,1912,1911,0,0,0,0,NaN,NaN,32.766435807061605,NaN,NaN,NaN,4189.33965022631,4679.308800000001,NaN,NaN,NaN,NaN,NaN,NaN,NaN,NaN,NaN,NaN,1,0,0,0,0,NaN,NaN,32.766435807061605,NaN,NaN,NaN,4189.33965022631,4679.308800000001,NaN,NaN,NaN,NaN,NaN,NaN,NaN,NaN,NaN,NaN,1
2021-03-15,3793.453303553226,3793.453303553226,3516,3579,3859.5645188866774,3534.4343137095016,3579,0,0,1912,1911,0,0,0,0,NaN,NaN,32.68254037572383,NaN,NaN,NaN,4082.5690683812695,4679.308800000001,NaN,NaN,NaN,NaN,NaN,NaN,NaN,NaN,NaN,NaN,1,0,0,0,0,NaN,NaN,32.68254037572383,NaN,NaN,NaN,4082.5690683812695,4679.308800000001,NaN,NaN,NaN,NaN,NaN,NaN,NaN,NaN,NaN,NaN,1
2021-03-16,3686.226651776613,3686.226651776613,3480,3537,3800.916424543645,3534.4734844925624,3537,0,0,1912,1911,0,0,0,0,NaN,NaN,31.67201167961682,NaN,NaN,NaN,4039.8557062424075,4631.16,NaN,NaN,NaN,NaN,NaN,NaN,NaN,NaN,NaN,NaN,1,0,0,0,0,NaN,NaN,31.67201167961682,NaN,NaN,NaN,4039.8557062424075,4631.16,NaN,NaN,NaN,NaN,NaN,NaN,NaN,NaN,NaN,NaN,1
2021-03-17,3611.6133258883065,3825.96,3396,3620.49,3768.111620081164,3535.786713736951,3620.49,0,0,1912,1911,0,0,0,0,NaN,NaN,30.431745952150745,NaN,NaN,NaN,4039.8557062424075,4631.16,NaN,NaN,NaN,NaN,NaN,NaN,NaN,NaN,NaN,NaN,1,0,0,0,0,NaN,NaN,30.431745952150745,NaN,NaN,NaN,4039.8557062424075,4631.16,NaN,NaN,NaN,NaN,NaN,NaN,NaN,NaN,NaN,NaN,1
2021-03-18,3616.051662944153,3804,3616.051662944153,3729,3761.000416430043,3538.736534901272,3729.0000000000005,0,0,1912,1911,0,0,0,0,NaN,NaN,29.146298625831868,NaN,NaN,NaN,4039.8557062424075,4631.16,NaN,NaN,NaN,NaN,NaN,NaN,NaN,NaN,NaN,NaN,1,0,0,0,0,NaN,NaN,29.146298625831868,NaN,NaN,NaN,4039.8557062424075,4631.16,NaN,NaN,NaN,NaN,NaN,NaN,NaN,NaN,NaN,NaN,1
2021-03-19,3672.525831472077,4032,3540,3807,3769.363977079126,3542.832160322627,3807,0,0,1912,1911,0,0,0,0,NaN,NaN,28.332941158111876,NaN,NaN,NaN,4039.8557062424075,4631.16,NaN,NaN,NaN,NaN,NaN,NaN,NaN,NaN,NaN,NaN,1,0,0,0,0,NaN,NaN,28.332941158111876,NaN,NaN,NaN,4039.8557062424075,4631.16,NaN,NaN,NaN,NaN,NaN,NaN,NaN,NaN,NaN,NaN,1
2021-03-22,3739.7629157360384,4236,3739.7629157360384,3990,3809.479617610194,3549.6591502413653,3989.9999999999995,0,0,1912,1911,0,0,0,0,NaN,NaN,28.199432521466765,NaN,NaN,NaN,4039.8557062424075,4631.16,NaN,NaN,NaN,NaN,NaN,NaN,NaN,NaN,NaN,NaN,1,0,0,0,0,NaN,NaN,28.199432521466765,NaN,NaN,NaN,4039.8557062424075,4631.16,NaN,NaN,NaN,NaN,NaN,NaN,NaN,NaN,NaN,NaN,1
2021-03-23,3864.8814578680194,4548,3864.8814578680194,4215,3883.2105962265223,3559.8170258101995,4215,0,0,1912,1911,0,0,0,0,NaN,NaN,28.828263619605245,NaN,NaN,NaN,4039.8557062424075,4631.16,NaN,NaN,NaN,NaN,NaN,NaN,NaN,NaN,NaN,NaN,1,0,0,0,0,NaN,NaN,28.828263619605245,NaN,NaN,NaN,4039.8557062424075,4631.16,NaN,NaN,NaN,NaN,NaN,NaN,NaN,NaN,NaN,NaN,1
2021-03-24,4039.9407289340097,4440,4039.9407289340097,4208.43,3942.341396912609,3569.7195139657692,4208.43,0,0,1912,1911,0,0,0,0,NaN,NaN,28.991770744165287,NaN,NaN,NaN,4039.8557062424075,4631.16,NaN,NaN,NaN,NaN,NaN,NaN,NaN,NaN,NaN,NaN,1,0,0,0,0,NaN,NaN,28.991770744165287,NaN,NaN,NaN,4039.8557062424075,4631.16,NaN,NaN,NaN,NaN,NaN,NaN,NaN,NaN,NaN,NaN,1
2021-03-25,4124.185364467005,4124.185364467005,3936,4026,3957.5520520194073,3576.685628256368,4026,0,0,1912,1911,0,0,0,0,NaN,NaN,28.420738791260437,NaN,NaN,NaN,4039.8557062424075,4631.16,NaN,NaN,NaN,NaN,NaN,NaN,NaN,NaN,NaN,NaN,1,0,0,0,0,NaN,NaN,28.420738791260437,NaN,NaN,NaN,4039.8557062424075,4631.16,NaN,NaN,NaN,NaN,NaN,NaN,NaN,NaN,NaN,NaN,1
2021-03-26,4075.0926822335023,4248,4075.0926822335023,4140,3990.7244061976967,3585.2858476723013,4140,1,0,1912,1911,0,0,0,0,NaN,NaN,28.20724782697844,NaN,NaN,NaN,4039.8557062424075,4631.16,NaN,NaN,NaN,NaN,NaN,NaN,NaN,NaN,NaN,NaN,1,0,0,0,0,NaN,NaN,28.20724782697844,NaN,NaN,NaN,4039.8557062424075,4631.16,NaN,NaN,NaN,NaN,NaN,NaN,NaN,NaN,NaN,NaN,1
2021-03-29,4107.546341116751,4284,4056,4152,4020.047241434479,3593.93797213532,4152,0,0,1912,1911,0,0,0,0,NaN,NaN,28.08902948510394,NaN,NaN,NaN,4039.8557062424075,4631.16,NaN,NaN,NaN,NaN,NaN,NaN,NaN,NaN,NaN,NaN,1,0,0,0,0,NaN,NaN,28.08902948510394,NaN,NaN,NaN,4039.8557062424075,4631.16,NaN,NaN,NaN,NaN,NaN,NaN,NaN,NaN,NaN,NaN,1
2021-03-30,4129.773170558376,4260,3972,4104,4035.311379355483,3601.725178667605,4104,0,0,1912,1911,0,0,0,0,NaN,NaN,27.73711398820898,NaN,NaN,NaN,4039.8557062424075,4631.16,NaN,NaN,NaN,NaN,NaN,NaN,NaN,NaN,NaN,NaN,1,0,0,0,0,NaN,NaN,27.73711398820898,NaN,NaN,NaN,4039.8557062424075,4631.16,NaN,NaN,NaN,NaN,NaN,NaN,NaN,NaN,NaN,NaN,1
2021-03-31,4116.886585279188,4536,4116.886585279188,4329,4088.7093103817588,3612.8286110543595,4329,0,0,1912,1911,0,0,0,0,NaN,NaN,28.000783513829635,NaN,NaN,NaN,4039.8557062424075,4631.16,NaN,NaN,NaN,NaN,NaN,NaN,NaN,NaN,NaN,NaN,1,0,0,0,0,NaN,NaN,28.000783513829635,NaN,NaN,NaN,4039.8557062424075,4631.16,NaN,NaN,NaN,NaN,NaN,NaN,NaN,NaN,NaN,NaN,1
2021-04-01,4222.943292639594,4548,4222.943292639594,4413,4147.671253948712,3625.044968137499,4413,0,0,1912,1911,0,0,0,0,NaN,NaN,28.54397208020324,NaN,NaN,NaN,4039.8557062424075,4631.16,NaN,NaN,NaN,NaN,NaN,NaN,NaN,NaN,NaN,NaN,1,0,0,0,0,NaN,NaN,28.54397208020324,NaN,NaN,NaN,4039.8557062424075,4631.16,NaN,NaN,NaN,NaN,NaN,NaN,NaN,NaN,NaN,NaN,1
2021-04-05,4317.9716463197965,4560,4289.64,4438.41,4200.532844139855,3637.4627548834915,4438.41,0,0,1912,1911,0,0,0,0,NaN,NaN,29.25336542804573,NaN,NaN,NaN,4039.8557062424075,4631.16,NaN,NaN,NaN,NaN,NaN,NaN,NaN,NaN,NaN,NaN,1,0,0,0,0,NaN,NaN,29.25336542804573,NaN,NaN,NaN,4039.8557062424075,4631.16,NaN,NaN,NaN,NaN,NaN,NaN,NaN,NaN,NaN,NaN,1
2021-04-06,4378.190823159898,4992,4378.190823159898,4689,4289.3450542962455,3653.516758625728,4689,0,0,1912,1911,0,0,0,0,NaN,NaN,30.213344483746024,NaN,NaN,NaN,4039.8557062424075,4631.16,NaN,NaN,NaN,NaN,NaN,NaN,NaN,NaN,NaN,NaN,1,0,0,0,0,NaN,NaN,30.213344483746024,NaN,NaN,NaN,4039.8557062424075,4631.16,NaN,NaN,NaN,NaN,NaN,NaN,NaN,NaN,NaN,NaN,1
2021-04-07,4533.595411579949,4751.4,4452,4610.85,4347.800498969656,3668.1325333031978,4610.85,0,0,1912,1911,0,0,0,0,NaN,NaN,30.606675130671075,NaN,NaN,NaN,4039.8557062424075,4631.16,NaN,NaN,NaN,NaN,NaN,NaN,NaN,NaN,NaN,NaN,1,0,0,0,0,NaN,NaN,30.606675130671075,NaN,NaN,NaN,4039.8557062424075,4631.16,NaN,NaN,NaN,NaN,NaN,NaN,NaN,NaN,NaN,NaN,1
2021-04-08,4572.2227057899745,4752,4464,4569,4388.018590066082,3681.8862350848285,4569,0,0,1912,1911,0,0,0,0,NaN,NaN,30.980046484065575,NaN,NaN,NaN,4039.8557062424075,4631.16,NaN,NaN,NaN,NaN,NaN,NaN,NaN,NaN,NaN,NaN,1,0,0,0,0,NaN,NaN,30.980046484065575,NaN,NaN,NaN,4039.8557062424075,4631.16,NaN,NaN,NaN,NaN,NaN,NaN,NaN,NaN,NaN,NaN,1
2021-04-09,4570.611352894987,4758,4500,4612.5,4428.833391872248,3696.0940788239914,4612.5,0,0,1912,1911,0,0,0,0,NaN,NaN,31.35878012839318,NaN,NaN,NaN,4039.8557062424075,4631.16,NaN,NaN,NaN,NaN,NaN,NaN,NaN,NaN,NaN,NaN,1,0,0,0,0,NaN,NaN,31.35878012839318,NaN,NaN,NaN,4039.8557062424075,4631.16,NaN,NaN,NaN,NaN,NaN,NaN,NaN,NaN,NaN,NaN,1
2021-04-12,4591.555676447493,4716,4545,4631.25,4465.636411531839,3710.3712684602665,4631.25,0,0,1912,1911,0,0,0,0,NaN,NaN,31.558572804656382,NaN,NaN,NaN,4039.8557062424075,4631.16,NaN,NaN,NaN,NaN,NaN,NaN,NaN,NaN,NaN,NaN,1,0,0,0,0,NaN,NaN,31.558572804656382,NaN,NaN,NaN,4039.8557062424075,4631.16,NaN,NaN,NaN,NaN,NaN,NaN,NaN,NaN,NaN,NaN,1
2021-04-13,4611.402838223747,4824,4611.402838223747,4698,4507.884336707869,3725.449569705148,4698,0,0,1912,1911,0,0,0,0,NaN,NaN,31.570256589922586,NaN,NaN,NaN,4039.8557062424075,4631.16,NaN,NaN,NaN,NaN,NaN,NaN,NaN,NaN,NaN,NaN,1,0,0,0,0,NaN,NaN,31.570256589922586,NaN,NaN,NaN,4039.8557062424075,4631.16,NaN,NaN,NaN,NaN,NaN,NaN,NaN,NaN,NaN,NaN,1
2021-04-14,4654.701419111873,4728,4572,4668,4536.996275488256,3739.839652610413,4668,0,0,1912,1911,0,0,0,0,NaN,NaN,31.221717900641348,NaN,NaN,NaN,4039.8557062424075,4631.16,NaN,NaN,NaN,NaN,NaN,NaN,NaN,NaN,NaN,NaN,1,0,0,0,0,NaN,NaN,31.221717900641348,NaN,NaN,NaN,4039.8557062424075,4631.16,NaN,NaN,NaN,NaN,NaN,NaN,NaN,NaN,NaN,NaN,1
2021-04-15,4661.350709555936,4776,4590,4696.5,4565.99695267221,3754.445154097277,4696.5,0,0,1912,1911,0,0,0,0,NaN,NaN,31.119091435984398,NaN,NaN,NaN,4039.8557062424075,4631.16,NaN,NaN,NaN,NaN,NaN,NaN,NaN,NaN,NaN,NaN,1,0,0,0,0,NaN,NaN,31.119091435984398,NaN,NaN,NaN,4039.8557062424075,4631.16,NaN,NaN,NaN,NaN,NaN,NaN,NaN,NaN,NaN,NaN,1
2021-04-16,4678.925354777968,4980,4620,4773,4603.633870368171,3769.995609759914,4773,0,0,1912,1911,0,0,0,0,NaN,NaN,31.416766815788666,NaN,NaN,NaN,4039.8557062424075,4631.16,NaN,NaN,NaN,NaN,NaN,NaN,NaN,NaN,NaN,NaN,1,0,0,0,0,NaN,NaN,31.416766815788666,NaN,NaN,NaN,4039.8557062424075,4631.16,NaN,NaN,NaN,NaN,NaN,NaN,NaN,NaN,NaN,NaN,1
2021-04-19,4725.962677388984,5232,4725.962677388984,4995,4674.79134848305,3788.697966862816,4995,0,0,1912,1911,0,0,0,0,NaN,NaN,32.18783008611219,NaN,NaN,NaN,4039.8557062424075,4631.16,NaN,NaN,NaN,NaN,NaN,NaN,NaN,NaN,NaN,NaN,1,0,0,0,0,NaN,NaN,32.18783008611219,NaN,NaN,NaN,4039.8557062424075,4631.16,NaN,NaN,NaN,NaN,NaN,NaN,NaN,NaN,NaN,NaN,1
2021-04-20,4860.481338694492,5100,4789.44,4992.36,4732.531103304314,3807.0744864526964,4992.36,0,0,1912,1911,0,0,0,0,NaN,NaN,33.02597056990107,NaN,NaN,NaN,4039.8557062424075,4631.16,NaN,NaN,NaN,NaN,NaN,NaN,NaN,NaN,NaN,NaN,1,0,0,0,0,NaN,NaN,33.02597056990107,NaN,NaN,NaN,4039.8557062424075,4631.16,NaN,NaN,NaN,NaN,NaN,NaN,NaN,NaN,NaN,NaN,1
2021-04-21,4926.420669347246,5372.04,4896,5117.01,4802.436357248984,3827.0735019267013,5117.010000000001,0,0,1912,1911,0,0,0,0,5372.04,NaN,33.926511624315204,NaN,NaN,NaN,4039.8557062424075,4631.16,NaN,NaN,NaN,NaN,NaN,NaN,NaN,NaN,NaN,NaN,1,0,0,0,0,5372.04,NaN,33.926511624315204,NaN,NaN,NaN,4039.8557062424075,4631.16,NaN,NaN,NaN,NaN,NaN,NaN,NaN,NaN,NaN,NaN,1
2021-04-22,5021.715334673623,5280,5004,5130,4861.993383203714,3846.965509530874,5130,0,0,1912,1911,0,0,0,0,NaN,NaN,34.732778206388524,NaN,NaN,NaN,4393.518428034118,4631.16,NaN,NaN,NaN,NaN,NaN,NaN,NaN,NaN,NaN,NaN,1,0,0,0,0,NaN,NaN,34.732778206388524,NaN,NaN,NaN,4393.518428034118,4631.16,NaN,NaN,NaN,NaN,NaN,NaN,NaN,NaN,NaN,NaN,1
2021-04-23,5075.857667336812,5160,4996.2,5101.05,4905.458222621221,3866.1118376296395,5101.05,0,0,1912,1911,0,0,0,0,NaN,NaN,35.23941641867699,NaN,NaN,NaN,4588.316336691571,4631.16,NaN,NaN,NaN,NaN,NaN,NaN,NaN,NaN,NaN,NaN,1,0,0,0,0,NaN,NaN,35.23941641867699,NaN,NaN,NaN,4588.316336691571,4631.16,NaN,NaN,NaN,NaN,NaN,NaN,NaN,NaN,NaN,NaN,1
2021-04-26,5088.453833668405,5362.8,5088.453833668405,5243.7,4966.95672759918,3887.1437179711716,5243.7,1,0,1912,1911,0,0,0,0,NaN,NaN,35.71190789464247,NaN,NaN,NaN,4731.129476052711,4631.16,NaN,NaN,NaN,NaN,NaN,NaN,NaN,NaN,NaN,NaN,1,0,0,0,0,NaN,NaN,35.71190789464247,NaN,NaN,NaN,4731.129476052711,4631.16,NaN,NaN,NaN,NaN,NaN,NaN,NaN,NaN,NaN,NaN,1
2021-04-27,5166.076916834203,5378.16,5166.076916834203,5298.54,5027.244595308421,3908.6917528113063,5298.54,0,0,1912,1911,0,0,0,0,NaN,NaN,36.11855810896065,NaN,NaN,NaN,4786.676601694748,4631.16,NaN,NaN,NaN,NaN,NaN,NaN,NaN,NaN,NaN,NaN,1,0,0,0,0,NaN,NaN,36.11855810896065,NaN,NaN,NaN,4786.676601694748,4631.16,NaN,NaN,NaN,NaN,NaN,NaN,NaN,NaN,NaN,NaN,1
2021-04-28,5232.308458417101,5256,4812,5112,5042.654668888707,3927.0628710889964,5112,0,0,1912,1911,0,0,0,0,NaN,NaN,36.11270687865485,NaN,NaN,NaN,4786.676601694748,4631.16,NaN,NaN,NaN,NaN,NaN,NaN,NaN,NaN,NaN,NaN,1,0,0,0,0,NaN,NaN,36.11270687865485,NaN,NaN,NaN,4786.676601694748,4631.16,NaN,NaN,NaN,NaN,NaN,NaN,NaN,NaN,NaN,NaN,1
2021-04-29,5172.1542292085505,5268,4992,5133,5059.081092727124,3945.4741249655003,5133,0,0,1912,1911,0,0,0,0,NaN,NaN,36.01852778005335,NaN,NaN,NaN,4786.676601694748,4631.16,NaN,NaN,NaN,NaN,NaN,NaN,NaN,NaN,NaN,NaN,1,0,0,0,0,NaN,NaN,36.01852778005335,NaN,NaN,NaN,4786.676601694748,4631.16,NaN,NaN,NaN,NaN,NaN,NaN,NaN,NaN,NaN,NaN,1
2021-04-30,5152.577114604275,5184,4992,5085,5063.793621322193,3962.8714665690804,5085,0,0,1912,1911,0,0,0,0,NaN,NaN,35.91382503356501,NaN,NaN,NaN,4786.676601694748,4631.16,NaN,NaN,NaN,NaN,NaN,NaN,NaN,NaN,NaN,NaN,1,0,0,0,0,NaN,NaN,35.91382503356501,NaN,NaN,NaN,4786.676601694748,4631.16,NaN,NaN,NaN,NaN,NaN,NaN,NaN,NaN,NaN,NaN,1
2021-05-03,5118.788557302138,5118.788557302138,4920.12,5016.03,5055.10932653634,3978.950222804667,5016.03,0,0,1912,1911,0,0,0,0,NaN,NaN,35.6079604776599,NaN,NaN,NaN,4786.676601694748,4631.16,NaN,NaN,NaN,NaN,NaN,NaN,NaN,NaN,NaN,NaN,1,0,0,0,0,NaN,NaN,35.6079604776599,NaN,NaN,NaN,4786.676601694748,4631.16,NaN,NaN,NaN,NaN,NaN,NaN,NaN,NaN,NaN,NaN,1
2021-05-04,5067.409278651068,5067.409278651068,4920,4950,5035.998539893369,3993.775410242764,4950,0,0,1912,1911,0,0,0,0,NaN,NaN,34.8981655470551,NaN,NaN,NaN,4786.676601694748,4631.16,NaN,NaN,NaN,NaN,NaN,NaN,NaN,NaN,NaN,NaN,1,0,0,0,0,NaN,NaN,34.8981655470551,NaN,NaN,NaN,4786.676601694748,4631.16,NaN,NaN,NaN,NaN,NaN,NaN,NaN,NaN,NaN,NaN,1
2021-05-05,5008.704639325534,5025.84,4800,4884.96,5008.536987185484,4007.381281842111,4884.96,0,0,1912,1911,0,0,0,0,NaN,NaN,33.88542934577083,NaN,NaN,NaN,4786.676601694748,4631.16,NaN,NaN,NaN,NaN,NaN,NaN,NaN,NaN,NaN,NaN,1,0,0,0,0,NaN,NaN,33.88542934577083,NaN,NaN,NaN,4786.676601694748,4631.16,NaN,NaN,NaN,NaN,NaN,NaN,NaN,NaN,NaN,NaN,1
2021-05-06,4946.832319662767,4956,4508.4,4709.1,4954.093898606305,4018.0945447147506,4709.1,0,0,1912,1911,0,0,0,0,NaN,NaN,32.190009560918995,NaN,NaN,NaN,4786.676601694748,4631.16,NaN,NaN,NaN,NaN,NaN,NaN,NaN,NaN,NaN,NaN,1,0,0,0,0,NaN,NaN,32.190009560918995,NaN,NaN,NaN,4786.676601694748,4631.16,NaN,NaN,NaN,NaN,NaN,NaN,NaN,NaN,NaN,NaN,1
2021-05-07,4827.966159831383,4827.966159831383,4560,4644,4897.713189768795,4027.650353192388,4644,0,0,1912,1911,0,0,0,0,NaN,NaN,30.127164688445124,NaN,NaN,NaN,4786.676601694748,4631.16,NaN,NaN,NaN,NaN,NaN,NaN,NaN,NaN,NaN,NaN,1,0,0,0,0,NaN,NaN,30.127164688445124,NaN,NaN,NaN,4786.676601694748,4631.16,NaN,NaN,NaN,NaN,NaN,NaN,NaN,NaN,NaN,NaN,1
2021-05-10,4735.983079915692,4735.983079915692,4356,4530,4830.856246174469,4035.319813448993,4530,0,0,1912,1911,0,0,0,0,NaN,NaN,27.523955979590163,NaN,NaN,NaN,4786.676601694748,4631.16,NaN,NaN,NaN,NaN,NaN,NaN,NaN,NaN,NaN,NaN,1,0,0,0,0,NaN,NaN,27.523955979590163,NaN,NaN,NaN,4786.676601694748,4631.16,NaN,NaN,NaN,NaN,NaN,NaN,NaN,NaN,NaN,NaN,1
2021-05-11,4632.991539957846,4632.991539957846,4260,4378.68,4748.642383233656,4040.56195370168,4378.68,0,0,1912,1911,0,0,0,0,NaN,NaN,24.325139889397697,NaN,NaN,NaN,4786.676601694748,4631.16,NaN,NaN,NaN,NaN,NaN,NaN,NaN,NaN,NaN,NaN,1,0,0,0,0,NaN,NaN,24.325139889397697,NaN,NaN,NaN,4786.676601694748,4631.16,NaN,NaN,NaN,NaN,NaN,NaN,NaN,NaN,NaN,NaN,1
2021-05-12,4505.835769978923,5088,4308,4719,4743.252859009355,4050.9197864695934,4719,0,0,1912,1911,0,0,0,0,NaN,NaN,22.187843539429682,NaN,NaN,NaN,4786.676601694748,4631.16,NaN,NaN,NaN,NaN,NaN,NaN,NaN,NaN,NaN,NaN,1,0,0,0,0,NaN,NaN,22.187843539429682,NaN,NaN,NaN,4786.676601694748,4631.16,NaN,NaN,NaN,NaN,NaN,NaN,NaN,NaN,NaN,NaN,1
2021-05-13,4612.4178849894615,5196,4612.4178849894615,5016,4792.843248280382,4065.6538355311263,5016,0,0,1912,1911,0,0,0,0,NaN,NaN,20.89324733438504,NaN,NaN,NaN,4786.676601694748,4631.16,NaN,NaN,NaN,NaN,NaN,NaN,NaN,NaN,NaN,NaN,1,0,0,0,0,NaN,NaN,20.89324733438504,NaN,NaN,NaN,4786.676601694748,4631.16,NaN,NaN,NaN,NaN,NaN,NaN,NaN,NaN,NaN,NaN,1
2021-05-14,4814.208942494731,4859.88,4656,4745.97,4784.320839502131,4076.0403418588953,4745.97,0,0,1912,1911,0,0,0,0,NaN,NaN,18.65526958528306,NaN,NaN,NaN,4786.676601694748,4631.16,NaN,NaN,NaN,NaN,NaN,NaN,NaN,NaN,NaN,NaN,1,0,0,0,0,NaN,NaN,18.65526958528306,NaN,NaN,NaN,4786.676601694748,4631.16,NaN,NaN,NaN,NaN,NaN,NaN,NaN,NaN,NaN,NaN,1
2021-05-17,4780.0894712473655,5046,4688.76,4806.6900000000005,4788.387959592653,4087.195298471737,4806.6900000000005,0,0,1912,1911,0,0,0,0,NaN,NaN,16.496832049186576,NaN,NaN,NaN,4786.676601694748,4631.16,NaN,NaN,NaN,NaN,NaN,NaN,NaN,NaN,NaN,NaN,1,0,0,0,0,NaN,NaN,16.496832049186576,NaN,NaN,NaN,4786.676601694748,4631.16,NaN,NaN,NaN,NaN,NaN,NaN,NaN,NaN,NaN,NaN,1
2021-05-18,4793.389735623683,4848,4764,4785,4787.771966939443,4097.848805365298,4785,0,0,1912,1911,0,0,0,0,NaN,NaN,14.232014039964987,NaN,NaN,NaN,4786.676601694748,4631.16,NaN,NaN,NaN,NaN,NaN,NaN,NaN,NaN,NaN,NaN,1,0,0,0,0,NaN,NaN,14.232014039964987,NaN,NaN,NaN,4786.676601694748,4631.16,NaN,NaN,NaN,NaN,NaN,NaN,NaN,NaN,NaN,NaN,1
2021-05-19,4789.1948678118415,5040,4752,4830,4795.4497911322715,4109.026686199416,4830,0,0,1912,1911,0,0,0,0,NaN,NaN,12.148271988998374,NaN,NaN,NaN,4786.676601694748,4631.16,NaN,NaN,NaN,NaN,NaN,NaN,NaN,NaN,NaN,NaN,1,0,0,0,0,NaN,NaN,12.148271988998374,NaN,NaN,NaN,4786.676601694748,4631.16,NaN,NaN,NaN,NaN,NaN,NaN,NaN,NaN,NaN,NaN,1
2021-05-20,4809.597433905921,4968,4744.56,4852.14,4805.757101835495,4120.371927631486,4852.14,0,0,1912,1911,0,0,0,0,NaN,NaN,20.184632974795687,NaN,NaN,NaN,4786.676601694748,4631.16,NaN,NaN,NaN,NaN,NaN,NaN,NaN,NaN,NaN,NaN,1,0,0,0,0,NaN,NaN,20.184632974795687,NaN,NaN,NaN,4786.676601694748,4631.16,NaN,NaN,NaN,NaN,NaN,NaN,NaN,NaN,NaN,NaN,1
2021-05-21,4830.86871695296,4914,4640.76,4815.6900000000005,4807.56308331995,4130.987470721082,4815.6900000000005,0,0,1912,1911,0,0,0,0,NaN,NaN,25.99242393153563,NaN,NaN,NaN,4786.676601694748,4631.16,NaN,NaN,NaN,NaN,NaN,NaN,NaN,NaN,NaN,NaN,1,0,0,0,0,NaN,NaN,25.99242393153563,NaN,NaN,NaN,4786.676601694748,4631.16,NaN,NaN,NaN,NaN,NaN,NaN,NaN,NaN,NaN,NaN,1
2021-05-24,4823.27935847648,5004,4800,4884,4821.460704534505,4142.48384521389,4884,0,0,1912,1911,0,0,0,0,NaN,NaN,32.597810025792654,NaN,NaN,NaN,4786.676601694748,4631.16,NaN,NaN,NaN,NaN,NaN,NaN,NaN,NaN,NaN,NaN,1,0,0,0,0,NaN,NaN,32.597810025792654,NaN,NaN,NaN,4786.676601694748,4631.16,NaN,NaN,NaN,NaN,NaN,NaN,NaN,NaN,NaN,NaN,1
2021-05-25,4853.63967923824,5256,4853.63967923824,4962,4847.0133037100495,4154.995542233525,4962,0,0,1912,1911,0,0,0,0,NaN,NaN,37.16831456323554,NaN,NaN,NaN,4786.676601694748,4631.16,NaN,NaN,NaN,NaN,NaN,NaN,NaN,NaN,NaN,NaN,1,0,0,0,0,NaN,NaN,37.16831456323554,NaN,NaN,NaN,4786.676601694748,4631.16,NaN,NaN,NaN,NaN,NaN,NaN,NaN,NaN,NaN,NaN,1
2021-05-26,4907.81983961912,4968,4860,4887,4854.2836121264045,4166.171182810112,4887,0,0,1912,1911,0,0,0,0,NaN,NaN,40.5068242859552,NaN,NaN,NaN,4786.676601694748,4631.16,NaN,NaN,NaN,NaN,NaN,NaN,NaN,NaN,NaN,NaN,1,0,0,0,0,NaN,NaN,40.5068242859552,NaN,NaN,NaN,4786.676601694748,4631.16,NaN,NaN,NaN,NaN,NaN,NaN,NaN,NaN,NaN,NaN,1
2021-05-27,4897.40991980956,5244,4860,5040.3,4888.104773557968,4179.516660935149,5040.3,0,0,1912,1911,0,0,0,0,NaN,NaN,44.89874480320419,NaN,NaN,NaN,4786.676601694748,4631.16,NaN,NaN,NaN,NaN,NaN,NaN,NaN,NaN,NaN,NaN,1,0,0,0,0,NaN,NaN,44.89874480320419,NaN,NaN,NaN,4786.676601694748,4631.16,NaN,NaN,NaN,NaN,NaN,NaN,NaN,NaN,NaN,NaN,1
2021-05-28,4968.85495990478,5208,4920,5100,4926.63117836561,4193.569841684231,5100,0,0,1912,1911,0,0,0,0,NaN,NaN,50.407806503938055,NaN,NaN,NaN,4786.676601694748,4631.16,NaN,NaN,NaN,NaN,NaN,NaN,NaN,NaN,NaN,NaN,1,0,0,0,0,NaN,NaN,50.407806503938055,NaN,NaN,NaN,4786.676601694748,4631.16,NaN,NaN,NaN,NaN,NaN,NaN,NaN,NaN,NaN,NaN,1
2021-06-01,5034.42747995239,6216,5034.42747995239,5448,5021.425509571863,4212.7214471547,5448,0,0,1912,1911,0,0,0,0,NaN,NaN,55.501537491841326,NaN,NaN,NaN,4786.676601694748,4631.16,NaN,NaN,NaN,NaN,NaN,NaN,NaN,NaN,NaN,NaN,1,0,0,0,0,NaN,NaN,55.501537491841326,NaN,NaN,NaN,4786.676601694748,4631.16,NaN,NaN,NaN,NaN,NaN,NaN,NaN,NaN,NaN,NaN,1
2021-06-02,5241.213739976195,5964,5076,5421,5094.075416922433,4231.168447961499,5421,0,0,1912,1911,0,0,0,0,NaN,NaN,59.60081309738524,NaN,NaN,NaN,4786.676601694748,4631.16,NaN,NaN,NaN,NaN,NaN,NaN,NaN,NaN,NaN,NaN,1,0,0,0,0,NaN,NaN,59.60081309738524,NaN,NaN,NaN,4786.676601694748,4631.16,NaN,NaN,NaN,NaN,NaN,NaN,NaN,NaN,NaN,NaN,1
2021-06-03,5331.106869988098,5809.56,5124,5412.39,5151.950795663809,4249.202364786514,5412.39,0,0,1912,1911,0,0,0,0,NaN,NaN,63.8017668680338,NaN,NaN,NaN,4786.676601694748,4631.16,NaN,NaN,NaN,NaN,NaN,NaN,NaN,NaN,NaN,NaN,1,0,0,0,0,NaN,NaN,63.8017668680338,NaN,NaN,NaN,4786.676601694748,4631.16,NaN,NaN,NaN,NaN,NaN,NaN,NaN,NaN,NaN,NaN,1
2021-06-04,5371.74843499405,5916,5268,5661,5244.505196452207,4270.756527156186,5661,0,0,1912,1911,0,0,0,0,NaN,NaN,68.13251986244896,NaN,NaN,NaN,4786.676601694748,4631.16,NaN,NaN,NaN,NaN,NaN,NaN,NaN,NaN,NaN,NaN,1,0,0,0,0,NaN,NaN,68.13251986244896,NaN,NaN,NaN,4786.676601694748,4631.16,NaN,NaN,NaN,NaN,NaN,NaN,NaN,NaN,NaN,NaN,1
2021-06-07,5516.374217497025,6060,5516.374217497025,5886,5361.140615279079,4295.416732848458,5886,0,0,1912,1911,0,0,0,0,NaN,NaN,70.4548941646801,NaN,NaN,NaN,4786.676601694748,4746.735,NaN,NaN,NaN,NaN,NaN,NaN,NaN,NaN,NaN,NaN,1,0,0,0,0,NaN,NaN,70.4548941646801,NaN,NaN,NaN,4786.676601694748,4746.735,NaN,NaN,NaN,NaN,NaN,NaN,NaN,NaN,NaN,NaN,1
2021-06-08,5701.187108748512,6103.56,5701.187108748512,6016.89,5480.367776137428,4321.698767461459,6016.89,0,0,1912,1911,0,0,0,0,NaN,NaN,72.24825620668621,NaN,NaN,NaN,4786.676601694748,4848.3213,NaN,NaN,NaN,NaN,NaN,NaN,NaN,NaN,NaN,NaN,1,0,0,0,0,NaN,NaN,72.24825620668621,NaN,NaN,NaN,4786.676601694748,4848.3213,NaN,NaN,NaN,NaN,NaN,NaN,NaN,NaN,NaN,NaN,1
2021-06-09,5859.038554374256,6300,5859.038554374256,6120,5596.664544112441,4349.153748110903,6120,0,0,1912,1911,0,0,0,0,NaN,NaN,74.49115730842972,NaN,NaN,NaN,5396.589691510413,4973.083721999999,NaN,NaN,NaN,NaN,NaN,NaN,NaN,NaN,NaN,NaN,1,0,0,0,0,NaN,NaN,74.49115730842972,NaN,NaN,NaN,5396.589691510413,4973.083721999999,NaN,NaN,NaN,NaN,NaN,NaN,NaN,NaN,NaN,NaN,1
2021-06-10,5989.519277187128,6300,5989.519277187128,6224.07,5710.738263364725,4377.778423712263,6224.069999999999,0,0,1912,1911,0,0,0,0,NaN,NaN,75.68995010159968,NaN,NaN,NaN,5683.9458889780335,5133.02433702,NaN,NaN,NaN,NaN,NaN,NaN,NaN,NaN,NaN,NaN,1,0,0,0,0,NaN,NaN,75.68995010159968,NaN,NaN,NaN,5683.9458889780335,5133.02433702,NaN,NaN,NaN,NaN,NaN,NaN,NaN,NaN,NaN,NaN,1
2021-06-11,6106.794638593564,6300,5892,6126,5786.240397298411,4404.468829457114,6126,0,0,1912,1911,0,0,0,0,NaN,NaN,76.74528440771675,NaN,NaN,NaN,5683.9458889780335,5133.02433702,NaN,NaN,NaN,NaN,NaN,NaN,NaN,NaN,NaN,NaN,1,0,0,0,0,NaN,NaN,76.74528440771675,NaN,NaN,NaN,5683.9458889780335,5133.02433702,NaN,NaN,NaN,NaN,NaN,NaN,NaN,NaN,NaN,NaN,1
2021-06-14,6116.397319296782,6146.28,5820,5988.57,5823.027597789609,4428.653580152425,5988.57,0,0,1912,1911,0,0,0,0,NaN,NaN,77.78181921932426,NaN,NaN,NaN,5683.9458889780335,5133.02433702,NaN,NaN,NaN,NaN,NaN,NaN,NaN,NaN,NaN,NaN,1,0,0,0,0,NaN,NaN,77.78181921932426,NaN,NaN,NaN,5683.9458889780335,5133.02433702,NaN,NaN,NaN,NaN,NaN,NaN,NaN,NaN,NaN,NaN,1
2021-06-15,6052.483659648391,6052.483659648391,5808,5916,5839.931670918771,4451.361159081395,5916,0,0,1912,1911,0,0,0,0,NaN,NaN,78.56417248562211,NaN,NaN,NaN,5683.9458889780335,5133.02433702,NaN,NaN,NaN,NaN,NaN,NaN,NaN,NaN,NaN,NaN,1,0,0,0,0,NaN,NaN,78.56417248562211,NaN,NaN,NaN,5683.9458889780335,5133.02433702,NaN,NaN,NaN,NaN,NaN,NaN,NaN,NaN,NaN,NaN,1
2021-06-16,5984.2418298241955,5984.2418298241955,5820.24,5898.0599999999995,5850.500458024449,4473.448164286259,5898.0599999999995,0,0,1912,1911,0,0,0,0,NaN,NaN,78.92070650565925,NaN,NaN,NaN,5683.9458889780335,5133.02433702,NaN,NaN,NaN,NaN,NaN,NaN,NaN,NaN,NaN,NaN,1,0,0,0,0,NaN,NaN,78.92070650565925,NaN,NaN,NaN,5683.9458889780335,5133.02433702,NaN,NaN,NaN,NaN,NaN,NaN,NaN,NaN,NaN,NaN,1
2021-06-17,5941.1509149120975,6000,5831.4,5900.85,5859.654920201821,4495.240558724637,5900.85,0,0,1912,1911,0,0,0,0,NaN,NaN,79.0359837485132,NaN,NaN,NaN,5683.9458889780335,5133.02433702,NaN,NaN,NaN,NaN,NaN,NaN,NaN,NaN,NaN,NaN,1,0,0,0,0,NaN,NaN,79.0359837485132,NaN,NaN,NaN,5683.9458889780335,5133.02433702,NaN,NaN,NaN,NaN,NaN,NaN,NaN,NaN,NaN,NaN,1
2021-06-18,5921.000457456049,6065.64,5736,5878.41,5863.064934710581,4516.357649431131,5878.41,0,0,1912,1911,0,0,0,0,NaN,NaN,79.11285919097557,NaN,NaN,NaN,5683.9458889780335,5133.02433702,NaN,NaN,NaN,NaN,NaN,NaN,NaN,NaN,NaN,NaN,1,0,0,0,0,NaN,NaN,79.11285919097557,NaN,NaN,NaN,5683.9458889780335,5133.02433702,NaN,NaN,NaN,NaN,NaN,NaN,NaN,NaN,NaN,NaN,1
2021-06-21,5899.705228728024,6120,5724,5910,5871.598582945021,4537.6346318825645,5910,0,0,1912,1911,0,0,0,0,NaN,NaN,79.22203812929577,NaN,NaN,NaN,5683.9458889780335,5133.02433702,NaN,NaN,NaN,NaN,NaN,NaN,NaN,NaN,NaN,NaN,1,0,0,0,0,NaN,NaN,79.22203812929577,NaN,NaN,NaN,5683.9458889780335,5133.02433702,NaN,NaN,NaN,NaN,NaN,NaN,NaN,NaN,NaN,NaN,1
2021-06-22,5904.852614364012,5964,5796,5880,5873.126113318654,4558.1287596400825,5880,0,0,1912,1911,0,0,0,0,NaN,NaN,79.26869738667675,NaN,NaN,NaN,5683.9458889780335,5133.02433702,NaN,NaN,NaN,NaN,NaN,NaN,NaN,NaN,NaN,NaN,1,0,0,0,0,NaN,NaN,79.26869738667675,NaN,NaN,NaN,5683.9458889780335,5133.02433702,NaN,NaN,NaN,NaN,NaN,NaN,NaN,NaN,NaN,NaN,1
2021-06-23,5892.426307182006,5952,5760,5850,5868.921365442535,4577.851984683745,5850,0,0,1912,1911,0,0,0,0,NaN,NaN,79.2816189559503,NaN,NaN,NaN,5683.9458889780335,5133.02433702,NaN,NaN,NaN,NaN,NaN,NaN,NaN,NaN,NaN,NaN,1,0,0,0,0,NaN,NaN,79.2816189559503,NaN,NaN,NaN,5683.9458889780335,5133.02433702,NaN,NaN,NaN,NaN,NaN,NaN,NaN,NaN,NaN,NaN,1
2021-06-24,5871.213153591003,6228,5871.213153591003,6069,5905.299298998438,4600.617603238192,6069,0,0,1912,1911,0,0,0,0,NaN,NaN,79.23077081315037,NaN,NaN,NaN,5683.9458889780335,5133.02433702,NaN,NaN,NaN,NaN,NaN,NaN,NaN,NaN,NaN,NaN,1,0,0,0,0,NaN,NaN,79.23077081315037,NaN,NaN,NaN,5683.9458889780335,5133.02433702,NaN,NaN,NaN,NaN,NaN,NaN,NaN,NaN,NaN,NaN,1
2021-06-25,5970.1065767955015,6360,5970.1065767955015,6234,5965.063062816904,4625.554739066616,6234,0,0,1912,1911,0,0,0,0,NaN,NaN,79.24326717972822,NaN,NaN,NaN,5683.9458889780335,5269.5106165776,NaN,NaN,NaN,NaN,NaN,NaN,NaN,NaN,NaN,NaN,1,0,0,0,0,NaN,NaN,79.24326717972822,NaN,NaN,NaN,5683.9458889780335,5269.5106165776,NaN,NaN,NaN,NaN,NaN,NaN,NaN,NaN,NaN,NaN,1
2021-06-28,6102.05328839775,6528,6102.05328839775,6364.68,6037.720687759285,4652.106269767889,6364.68,0,0,1912,1911,0,0,0,0,NaN,NaN,79.29498596134928,NaN,NaN,NaN,5683.9458889780335,5489.32502409096,NaN,NaN,NaN,NaN,NaN,NaN,NaN,NaN,NaN,NaN,1,0,0,0,0,NaN,NaN,79.29498596134928,NaN,NaN,NaN,5683.9458889780335,5489.32502409096,NaN,NaN,NaN,NaN,NaN,NaN,NaN,NaN,NaN,NaN,1
2021-06-29,6233.366644198875,6444,6096,6240,6074.498744530324,4676.348922137845,6240,0,0,1912,1911,0,0,0,0,NaN,NaN,79.31687027140627,NaN,NaN,NaN,5683.9458889780335,5489.32502409096,NaN,NaN,NaN,NaN,NaN,NaN,NaN,NaN,NaN,NaN,1,0,0,0,0,NaN,NaN,79.31687027140627,NaN,NaN,NaN,5683.9458889780335,5489.32502409096,NaN,NaN,NaN,NaN,NaN,NaN,NaN,NaN,NaN,NaN,1
2021-06-30,6236.683322099438,6333.84,6024,6119.46,6082.673518252083,4698.381152334214,6119.46,0,0,1912,1911,0,0,0,0,NaN,NaN,79.19735404015601,NaN,NaN,NaN,5683.9458889780335,5489.32502409096,NaN,NaN,NaN,NaN,NaN,NaN,NaN,NaN,NaN,NaN,1,0,0,0,0,NaN,NaN,79.19735404015601,NaN,NaN,NaN,5683.9458889780335,5489.32502409096,NaN,NaN,NaN,NaN,NaN,NaN,NaN,NaN,NaN,NaN,1
2021-07-01,6178.071661049718,6216,6072,6142.5,6093.551060388068,4720.428768329111,6142.5,0,0,1912,1911,0,0,0,0,NaN,NaN,79.07043674108995,NaN,NaN,NaN,5683.9458889780335,5489.32502409096,NaN,NaN,NaN,NaN,NaN,NaN,NaN,NaN,NaN,NaN,1,0,0,0,0,NaN,NaN,79.07043674108995,NaN,NaN,NaN,5683.9458889780335,5489.32502409096,NaN,NaN,NaN,NaN,NaN,NaN,NaN,NaN,NaN,NaN,1
2021-07-02,6160.285830524859,6187.08,6120,6136.77,6101.409049408419,4742.052298583629,6136.77,0,0,1912,1911,0,0,0,0,NaN,NaN,78.93792485941123,NaN,NaN,NaN,5683.9458889780335,5489.32502409096,NaN,NaN,NaN,NaN,NaN,NaN,NaN,NaN,NaN,NaN,1,0,0,0,0,NaN,NaN,78.93792485941123,NaN,NaN,NaN,5683.9458889780335,5489.32502409096,NaN,NaN,NaN,NaN,NaN,NaN,NaN,NaN,NaN,NaN,1
2021-07-06,6148.52791526243,6148.52791526243,4908,5487,5989.698313152343,4753.425545933497,5487,0,0,1912,1911,0,0,0,0,NaN,NaN,76.94111651882484,NaN,NaN,NaN,5683.9458889780335,5489.32502409096,NaN,NaN,NaN,NaN,NaN,NaN,NaN,NaN,NaN,NaN,1,0,0,0,0,NaN,NaN,76.94111651882484,NaN,NaN,NaN,5683.9458889780335,5489.32502409096,NaN,NaN,NaN,NaN,NaN,NaN,NaN,NaN,NaN,NaN,1
2021-07-07,5817.763957631215,5817.763957631215,3900,4506,5719.9349834882805,4749.648056682604,4506,0,0,1912,1911,0,0,1,0,NaN,NaN,67.67277400339023,NaN,NaN,NaN,5683.9458889780335,5268.058800000001,NaN,NaN,NaN,NaN,NaN,NaN,NaN,NaN,NaN,NaN,1,0,0,1,0,NaN,NaN,67.67277400339023,NaN,NaN,NaN,5683.9458889780335,5268.058800000001,NaN,NaN,NaN,NaN,NaN,NaN,NaN,NaN,NaN,NaN,1
2021-07-08,5161.881978815607,5161.881978815607,3564,4047,5415.7649864904115,4738.920605435541,4047,0,0,1912,1911,0,0,0,0,NaN,NaN,54.264385542693326,NaN,NaN,NaN,5683.9458889780335,5008.812036,NaN,NaN,NaN,NaN,NaN,NaN,NaN,NaN,NaN,NaN,1,0,0,0,0,NaN,NaN,54.264385542693326,NaN,NaN,NaN,5683.9458889780335,5008.812036,NaN,NaN,NaN,NaN,NaN,NaN,NaN,NaN,NaN,NaN,1
2021-07-09,4604.4409894078035,4604.4409894078035,3840,4083,5173.444079855792,4728.906550390723,4083,0,0,1912,1911,0,0,0,0,NaN,NaN,42.816201529908994,NaN,NaN,NaN,4880.903981309508,5008.812036,NaN,NaN,NaN,NaN,NaN,NaN,NaN,NaN,NaN,NaN,1,0,0,0,0,NaN,NaN,42.816201529908994,NaN,NaN,NaN,4880.903981309508,5008.812036,NaN,NaN,NaN,NaN,NaN,NaN,NaN,NaN,NaN,NaN,1
2021-07-12,4343.720494703902,4343.720494703902,3779.88,3917.9700000000003,4945.176065336557,4716.525839697735,3917.97,0,0,1912,1911,0,0,0,0,NaN,NaN,31.664435873652664,NaN,NaN,NaN,4493.32845810767,4882.7174138400005,NaN,NaN,NaN,NaN,NaN,NaN,NaN,NaN,NaN,NaN,1,0,0,0,0,NaN,NaN,31.664435873652664,NaN,NaN,NaN,4493.32845810767,4882.7174138400005,NaN,NaN,NaN,NaN,NaN,NaN,NaN,NaN,NaN,NaN,1
2021-07-13,4130.845247351951,4130.845247351951,3744,3828,4742.053144366274,4702.96055970235,3828,0,0,1912,1911,0,0,0,0,NaN,NaN,21.794065931007673,NaN,NaN,NaN,4403.866561731461,4746.8564965944,NaN,NaN,NaN,NaN,NaN,NaN,NaN,NaN,NaN,NaN,1,0,0,0,0,NaN,NaN,21.794065931007673,NaN,NaN,NaN,4403.866561731461,4746.8564965944,NaN,NaN,NaN,NaN,NaN,NaN,NaN,NaN,NaN,NaN,1
2021-07-14,3979.4226236759755,3979.4226236759755,3612,3708,4554.043481754225,4687.770322149642,3708,0,0,1912,1911,0,0,0,0,NaN,NaN,13.904954378874868,NaN,NaN,NaN,4284.20217687997,4569.393717003071,NaN,NaN,NaN,NaN,NaN,NaN,NaN,NaN,NaN,NaN,1,0,0,0,0,NaN,NaN,13.904954378874868,NaN,NaN,NaN,4284.20217687997,4569.393717003071,NaN,NaN,NaN,NaN,NaN,NaN,NaN,NaN,NaN,NaN,1
2021-07-15,3843.7113118379875,3843.7113118379875,3600,3687,4396.399212344366,4672.4913859336175,3687,0,0,1912,1911,0,0,0,0,NaN,NaN,8.14744366565007,NaN,NaN,NaN,4262.453639974152,4428.109659452612,NaN,NaN,NaN,NaN,NaN,NaN,NaN,NaN,NaN,NaN,1,0,0,0,0,NaN,NaN,8.14744366565007,NaN,NaN,NaN,4262.453639974152,4428.109659452612,NaN,NaN,NaN,NaN,NaN,NaN,NaN,NaN,NaN,NaN,1
2021-07-16,3765.3556559189938,3765.3556559189938,3624,3684,4266.872082827208,4657.399914392647,3684,0,0,1912,1911,0,0,0,0,NaN,NaN,4.149693125106618,NaN,NaN,NaN,4257.813233763571,4292.9399207511415,NaN,NaN,NaN,NaN,NaN,NaN,NaN,NaN,NaN,NaN,1,0,0,0,0,NaN,NaN,4.149693125106618,NaN,NaN,NaN,4257.813233763571,4292.9399207511415,NaN,NaN,NaN,NaN,NaN,NaN,NaN,NaN,NaN,NaN,1
2021-07-19,3724.677827959497,4020,3456,3735,4170.168067767716,4643.317472951538,3735,0,0,1912,1911,0,0,0,0,NaN,NaN,1.8687006017514916,NaN,NaN,NaN,4257.813233763571,4292.9399207511415,NaN,NaN,NaN,NaN,NaN,NaN,NaN,NaN,NaN,NaN,1,0,0,0,0,NaN,NaN,1.8687006017514916,NaN,NaN,NaN,4257.813233763571,4292.9399207511415,NaN,NaN,NaN,NaN,NaN,NaN,NaN,NaN,NaN,NaN,1
2021-07-20,3729.838913979748,3938.28,3624,3789.57,4100.9684190826765,4630.283160387392,3789.5699999999997,0,0,1912,1911,0,0,0,0,NaN,NaN,0.5358079724274732,NaN,NaN,NaN,4257.813233763571,4292.9399207511415,NaN,NaN,NaN,NaN,NaN,NaN,NaN,NaN,NaN,NaN,1,0,0,0,0,NaN,NaN,0.5358079724274732,NaN,NaN,NaN,4257.813233763571,4292.9399207511415,NaN,NaN,NaN,NaN,NaN,NaN,NaN,NaN,NaN,NaN,1
2021-07-21,3759.7044569898744,4008,3744,3891,4062.792342885826,4618.996394579951,3891,0,0,1912,1911,0,0,0,0,NaN,NaN,0.022174891096068912,NaN,NaN,NaN,4257.813233763571,4292.9399207511415,NaN,NaN,NaN,NaN,NaN,NaN,NaN,NaN,NaN,NaN,1,0,0,0,0,NaN,NaN,0.022174891096068912,NaN,NaN,NaN,4257.813233763571,4292.9399207511415,NaN,NaN,NaN,NaN,NaN,NaN,NaN,NaN,NaN,NaN,1
2021-07-22,3825.352228494937,4008,3780,3906.15,4034.311916906585,4608.113243517661,3906.15,0,0,1912,1911,0,0,0,0,NaN,NaN,0.15328087403436932,NaN,NaN,NaN,4257.813233763571,4292.9399207511415,NaN,NaN,NaN,NaN,NaN,NaN,NaN,NaN,NaN,NaN,1,0,0,0,0,NaN,NaN,0.15328087403436932,NaN,NaN,NaN,4257.813233763571,4292.9399207511415,NaN,NaN,NaN,NaN,NaN,NaN,NaN,NaN,NaN,NaN,1
2021-07-23,3865.7511142474686,3888,3552,3726,3978.255204741751,4594.645865754033,3726,0,0,1912,1911,0,0,0,0,NaN,NaN,0.9125347840573432,NaN,NaN,NaN,4257.813233763571,4292.9399207511415,NaN,NaN,NaN,NaN,NaN,NaN,NaN,NaN,NaN,NaN,1,0,0,0,0,NaN,NaN,0.9125347840573432,NaN,NaN,NaN,4257.813233763571,4292.9399207511415,NaN,NaN,NaN,NaN,NaN,NaN,NaN,NaN,NaN,NaN,1
2021-07-26,3795.8755571237343,3795.8755571237343,3444,3522.0299999999997,3895.305167515978,4578.2700510096965,3522.0299999999997,0,0,1912,1911,0,0,0,0,NaN,NaN,2.311867434660025,NaN,NaN,NaN,4257.813233763571,4067.0706873934014,NaN,NaN,NaN,NaN,NaN,NaN,NaN,NaN,NaN,NaN,1,0,0,0,0,NaN,NaN,2.311867434660025,NaN,NaN,NaN,4257.813233763571,4067.0706873934014,NaN,NaN,NaN,NaN,NaN,NaN,NaN,NaN,NaN,NaN,1
2021-07-27,3658.952778561867,3658.952778561867,3210,3380.9700000000003,3801.789682513073,4559.990660917945,3380.9700000000007,0,0,1912,1911,0,0,0,0,NaN,NaN,4.371118750096038,NaN,NaN,NaN,4257.813233763571,3848.803722418985,NaN,NaN,NaN,NaN,NaN,NaN,NaN,NaN,NaN,NaN,1,0,0,0,0,NaN,NaN,4.371118750096038,NaN,NaN,NaN,4257.813233763571,3848.803722418985,NaN,NaN,NaN,NaN,NaN,NaN,NaN,NaN,NaN,NaN,1
2021-07-28,3519.961389280934,3519.961389280934,3204,3273,3705.6461038743323,4540.341948537519,3273.0000000000005,0,0,1912,1911,0,0,0,0,NaN,NaN,6.939027871177683,NaN,NaN,NaN,4257.813233763571,3653.927667365859,NaN,NaN,NaN,NaN,NaN,NaN,NaN,NaN,NaN,NaN,1,0,0,0,0,NaN,NaN,6.939027871177683,NaN,NaN,NaN,4257.813233763571,3653.927667365859,NaN,NaN,NaN,NaN,NaN,NaN,NaN,NaN,NaN,NaN,1
2021-07-29,3396.480694640467,3528,3228,3345,3640.07408498809,4522.09245314,3344.9999999999995,0,0,1912,1911,0,0,0,0,NaN,NaN,9.62789059974099,NaN,NaN,NaN,4257.813233763571,3653.927667365859,NaN,NaN,NaN,NaN,NaN,NaN,NaN,NaN,NaN,NaN,1,0,0,0,0,NaN,NaN,9.62789059974099,NaN,NaN,NaN,4257.813233763571,3653.927667365859,NaN,NaN,NaN,NaN,NaN,NaN,NaN,NaN,NaN,NaN,1
2021-07-30,3370.7403473202335,3492,3240,3366,3590.2424331720736,4504.442186679847,3366,0,0,1912,1911,0,0,0,0,NaN,NaN,12.067189189629232,NaN,NaN,NaN,4257.813233763571,3653.927667365859,NaN,NaN,NaN,NaN,NaN,NaN,NaN,NaN,NaN,NaN,1,0,0,0,0,NaN,NaN,12.067189189629232,NaN,NaN,NaN,4257.813233763571,3653.927667365859,NaN,NaN,NaN,NaN,NaN,NaN,NaN,NaN,NaN,NaN,1
2021-08-02,3368.370173660117,3396,3132,3264,3530.9256271407876,4485.5041380282455,3264,0,0,1912,1911,0,0,0,0,NaN,NaN,14.715937812895039,NaN,NaN,NaN,4257.813233763571,3533.7993671561017,NaN,NaN,NaN,NaN,NaN,NaN,NaN,NaN,NaN,NaN,1,0,0,0,0,NaN,NaN,14.715937812895039,NaN,NaN,NaN,4257.813233763571,3533.7993671561017,NaN,NaN,NaN,NaN,NaN,NaN,NaN,NaN,NaN,NaN,1
2021-08-03,3316.1850868300585,4152,3120,3588,3541.3027858424625,4471.801784775906,3588.0000000000005,0,0,1912,1911,0,0,0,0,NaN,NaN,16.73254516054932,NaN,NaN,NaN,4257.813233763571,3533.7993671561017,NaN,NaN,NaN,NaN,NaN,NaN,NaN,NaN,NaN,NaN,1,0,0,0,0,NaN,NaN,16.73254516054932,NaN,NaN,NaN,4257.813233763571,3533.7993671561017,NaN,NaN,NaN,NaN,NaN,NaN,NaN,NaN,NaN,NaN,1
2021-08-04,3452.0925434150295,5520,3452.0925434150295,4683,3748.8840975074695,4475.026185008334,4683,0,0,1912,1911,0,0,0,0,NaN,NaN,16.831567832176233,NaN,NaN,NaN,4257.813233763571,4207.635,NaN,NaN,NaN,NaN,NaN,NaN,NaN,NaN,NaN,NaN,1,0,0,0,0,NaN,NaN,16.831567832176233,NaN,NaN,NaN,4257.813233763571,4207.635,NaN,NaN,NaN,NaN,NaN,NaN,NaN,NaN,NaN,NaN,1
2021-08-05,4067.5462717075147,4092,3768,3951,3785.6324434152025,4467.025785237215,3951,0,0,1912,1911,0,0,0,0,NaN,NaN,18.305062269788646,NaN,NaN,NaN,4257.813233763571,4207.635,NaN,NaN,NaN,NaN,NaN,NaN,NaN,NaN,NaN,NaN,1,0,0,0,0,NaN,NaN,18.305062269788646,NaN,NaN,NaN,4257.813233763571,4207.635,NaN,NaN,NaN,NaN,NaN,NaN,NaN,NaN,NaN,NaN,1
2021-08-06,4009.2731358537576,4009.2731358537576,3540,3744.6,3778.171999157893,4455.996383935883,3744.6,0,0,1912,1911,0,0,0,0,NaN,NaN,19.78027455659165,NaN,NaN,NaN,4257.813233763571,4207.635,NaN,NaN,NaN,NaN,NaN,NaN,NaN,NaN,NaN,NaN,1,0,0,0,0,NaN,NaN,19.78027455659165,NaN,NaN,NaN,4257.813233763571,4207.635,NaN,NaN,NaN,NaN,NaN,NaN,NaN,NaN,NaN,NaN,1
2021-08-09,3876.9365679268785,3876.9365679268785,3552,3642,3753.413453856458,4443.568958226939,3642.0000000000005,0,0,1912,1911,0,0,0,0,NaN,NaN,21.2499221732244,NaN,NaN,NaN,4257.813233763571,4146.885,NaN,NaN,NaN,NaN,NaN,NaN,NaN,NaN,NaN,NaN,1,0,0,0,0,NaN,NaN,21.2499221732244,NaN,NaN,NaN,4257.813233763571,4146.885,NaN,NaN,NaN,NaN,NaN,NaN,NaN,NaN,NaN,NaN,1
2021-08-10,3759.4682839634393,3759.4682839634393,3480,3570,3720.065553155284,4430.232027566985,3570,0,0,1912,1911,0,0,0,0,NaN,NaN,23.18162449730249,NaN,NaN,NaN,4257.813233763571,4094.6584500000004,NaN,NaN,NaN,NaN,NaN,NaN,NaN,NaN,NaN,NaN,1,0,0,0,0,NaN,NaN,23.18162449730249,NaN,NaN,NaN,4257.813233763571,4094.6584500000004,NaN,NaN,NaN,NaN,NaN,NaN,NaN,NaN,NaN,NaN,1
2021-08-11,3664.7341419817194,3664.7341419817194,3414.12,3514.5299999999997,3682.695452581596,4416.251843940008,3514.5299999999997,0,0,1912,1911,0,0,0,0,NaN,NaN,25.106724782290062,NaN,NaN,NaN,4257.813233763571,4033.7798430000003,NaN,NaN,NaN,NaN,NaN,NaN,NaN,NaN,NaN,NaN,1,0,0,0,0,NaN,NaN,25.106724782290062,NaN,NaN,NaN,4257.813233763571,4033.7798430000003,NaN,NaN,NaN,NaN,NaN,NaN,NaN,NaN,NaN,NaN,1
2021-08-12,3589.6320709908596,3660,3324,3480,3645.8417339303965,4401.957922658481,3480,0,0,1912,1911,0,0,0,0,NaN,NaN,27.145010747571668,NaN,NaN,NaN,4257.813233763571,3968.2285071300003,NaN,NaN,NaN,NaN,NaN,NaN,NaN,NaN,NaN,NaN,1,0,0,0,0,NaN,NaN,27.145010747571668,NaN,NaN,NaN,4257.813233763571,3968.2285071300003,NaN,NaN,NaN,NaN,NaN,NaN,NaN,NaN,NaN,NaN,1
2021-08-13,3534.81603549543,3564,3336,3462,3612.41596412487,4387.607420022474,3461.9999999999995,0,0,1912,1911,0,0,0,0,NaN,NaN,29.32681751067442,NaN,NaN,NaN,4257.813233763571,3899.5610862744,NaN,NaN,NaN,NaN,NaN,NaN,NaN,NaN,NaN,NaN,1,0,0,0,0,NaN,NaN,29.32681751067442,NaN,NaN,NaN,4257.813233763571,3899.5610862744,NaN,NaN,NaN,NaN,NaN,NaN,NaN,NaN,NaN,NaN,1
2021-08-16,3498.408017747715,3552,3264,3429,3579.067607011257,4372.972192235871,3429,0,0,1912,1911,0,0,0,0,NaN,NaN,31.677133593453043,NaN,NaN,NaN,4257.813233763571,3814.9519233332403,NaN,NaN,NaN,NaN,NaN,NaN,NaN,NaN,NaN,NaN,1,0,0,0,0,NaN,NaN,31.677133593453043,NaN,NaN,NaN,4257.813233763571,3814.9519233332403,NaN,NaN,NaN,NaN,NaN,NaN,NaN,NaN,NaN,NaN,1
2021-08-17,3463.7040088738577,3463.7040088738577,3249.24,3371.31,3541.293496645574,4357.679639682652,3371.31,0,0,1912,1911,0,0,0,0,NaN,NaN,34.23903071802104,NaN,NaN,NaN,4257.813233763571,3711.443477133257,NaN,NaN,NaN,NaN,NaN,NaN,NaN,NaN,NaN,NaN,1,0,0,0,0,NaN,NaN,34.23903071802104,NaN,NaN,NaN,4257.813233763571,3711.443477133257,NaN,NaN,NaN,NaN,NaN,NaN,NaN,NaN,NaN,NaN,1
2021-08-18,3417.5070044369286,3636,3264,3447,3524.149224528197,4343.776133733299,3447.0000000000005,0,0,1912,1911,0,0,0,0,NaN,NaN,37.135378971673795,NaN,NaN,NaN,4257.813233763571,3711.443477133257,NaN,NaN,NaN,NaN,NaN,NaN,NaN,NaN,NaN,NaN,1,0,0,0,0,NaN,NaN,37.135378971673795,NaN,NaN,NaN,4257.813233763571,3711.443477133257,NaN,NaN,NaN,NaN,NaN,NaN,NaN,NaN,NaN,NaN,1
2021-08-19,3432.2535022184643,3600,3360,3516,3522.667547341252,4331.138330164851,3516,0,0,1912,1911,0,0,0,0,NaN,NaN,40.09566427299614,NaN,NaN,NaN,4257.813233763571,3711.443477133257,NaN,NaN,NaN,NaN,NaN,NaN,NaN,NaN,NaN,NaN,1,0,0,0,0,NaN,NaN,40.09566427299614,NaN,NaN,NaN,4257.813233763571,3711.443477133257,NaN,NaN,NaN,NaN,NaN,NaN,NaN,NaN,NaN,NaN,1
2021-08-20,3474.126751109232,3708,3474.126751109232,3603,3537.2734478246607,4320.021714437144,3603,0,0,1912,1911,0,0,0,0,NaN,NaN,43.256103743427204,NaN,NaN,NaN,4257.813233763571,3711.443477133257,NaN,NaN,NaN,NaN,NaN,NaN,NaN,NaN,NaN,NaN,1,0,0,0,0,NaN,NaN,43.256103743427204,NaN,NaN,NaN,4257.813233763571,3711.443477133257,NaN,NaN,NaN,NaN,NaN,NaN,NaN,NaN,NaN,NaN,1
2021-08-23,3538.563375554616,3708,3538.563375554616,3624,3553.0419118565405,4309.395428720546,3623.9999999999995,0,0,1912,1911,0,0,0,0,NaN,NaN,46.9090985860953,NaN,NaN,NaN,4257.813233763571,3711.443477133257,NaN,NaN,NaN,NaN,NaN,NaN,NaN,NaN,NaN,NaN,1,0,0,0,0,NaN,NaN,46.9090985860953,NaN,NaN,NaN,4257.813233763571,3711.443477133257,NaN,NaN,NaN,NaN,NaN,NaN,NaN,NaN,NaN,NaN,1
2021-08-24,3581.281687777308,3888,3581.281687777308,3735,3586.1252006098966,4300.6260328622175,3734.9999999999995,0,0,1912,1911,0,0,0,0,NaN,NaN,49.222580842552134,NaN,NaN,NaN,4257.813233763571,3711.443477133257,NaN,NaN,NaN,NaN,NaN,NaN,NaN,NaN,NaN,NaN,1,0,0,0,0,NaN,NaN,49.222580842552134,NaN,NaN,NaN,4257.813233763571,3711.443477133257,NaN,NaN,NaN,NaN,NaN,NaN,NaN,NaN,NaN,NaN,1
2021-08-25,3658.1408438886538,3936,3658.1408438886538,3810,3626.8297095899156,4293.135559078061,3810,0,0,1912,1911,0,0,0,0,NaN,NaN,50.440910635032196,NaN,NaN,NaN,4257.813233763571,3711.443477133257,NaN,NaN,NaN,NaN,NaN,NaN,NaN,NaN,NaN,NaN,1,0,0,0,0,NaN,NaN,50.440910635032196,NaN,NaN,NaN,4257.813233763571,3711.443477133257,NaN,NaN,NaN,NaN,NaN,NaN,NaN,NaN,NaN,NaN,1
2021-08-26,3734.070421944327,4020,3734.070421944327,3897.0299999999997,3675.957035119022,4287.088145962366,3897.03,0,0,1912,1911,0,0,0,0,NaN,NaN,52.20106604508007,NaN,NaN,NaN,4257.813233763571,3711.443477133257,NaN,NaN,NaN,NaN,NaN,NaN,NaN,NaN,NaN,NaN,1,0,0,0,0,NaN,NaN,52.20106604508007,NaN,NaN,NaN,4257.813233763571,3711.443477133257,NaN,NaN,NaN,NaN,NaN,NaN,NaN,NaN,NaN,NaN,1
2021-08-27,3815.5502109721633,4056,3815.5502109721633,3936,3723.2375741882906,4281.728021596528,3936,0,0,1912,1911,0,0,0,0,NaN,NaN,53.63162708962316,NaN,NaN,NaN,4257.813233763571,3711.443477133257,NaN,NaN,NaN,NaN,NaN,NaN,NaN,NaN,NaN,NaN,1,0,0,0,0,NaN,NaN,53.63162708962316,NaN,NaN,NaN,4257.813233763571,3711.443477133257,NaN,NaN,NaN,NaN,NaN,NaN,NaN,NaN,NaN,NaN,1
2021-08-30,3875.775105486082,4188,3875.775105486082,4050,3782.648924335874,4278.190189205741,4050,0,0,1912,1911,0,0,0,0,NaN,NaN,54.794710633508494,NaN,NaN,NaN,4257.813233763571,3711.443477133257,NaN,NaN,NaN,NaN,NaN,NaN,NaN,NaN,NaN,NaN,1,0,0,0,0,NaN,NaN,54.794710633508494,NaN,NaN,NaN,4257.813233763571,3711.443477133257,NaN,NaN,NaN,NaN,NaN,NaN,NaN,NaN,NaN,NaN,1
2021-08-31,3962.887552743041,4128,3912,4014,3824.712756274806,4274.1567512026,4013.9999999999995,0,0,1912,1911,0,0,0,0,NaN,NaN,55.85755500917886,NaN,NaN,NaN,4257.813233763571,3711.443477133257,NaN,NaN,NaN,NaN,NaN,NaN,NaN,NaN,NaN,NaN,1,0,0,0,0,NaN,NaN,55.85755500917886,NaN,NaN,NaN,4257.813233763571,3711.443477133257,NaN,NaN,NaN,NaN,NaN,NaN,NaN,NaN,NaN,NaN,1
2021-09-01,3988.4437763715205,4104,3840,3987,3854.219527861205,4269.7726786651565,3987,0,0,1912,1911,0,0,0,0,NaN,NaN,56.86228643137036,NaN,NaN,NaN,4257.813233763571,3711.443477133257,NaN,NaN,NaN,NaN,NaN,NaN,NaN,NaN,NaN,NaN,1,0,0,0,0,NaN,NaN,56.86228643137036,NaN,NaN,NaN,4257.813233763571,3711.443477133257,NaN,NaN,NaN,NaN,NaN,NaN,NaN,NaN,NaN,NaN,1
2021-09-02,3987.7218881857602,4080,3900,4008,3882.179613704622,4265.776149219887,4008.0000000000005,0,0,1912,1911,0,0,0,0,NaN,NaN,57.8648369545554,NaN,NaN,NaN,4257.813233763571,3711.443477133257,NaN,NaN,NaN,NaN,NaN,NaN,NaN,NaN,NaN,NaN,1,0,0,0,0,NaN,NaN,57.8648369545554,NaN,NaN,NaN,4257.813233763571,3711.443477133257,NaN,NaN,NaN,NaN,NaN,NaN,NaN,NaN,NaN,NaN,1
2021-09-03,3997.8609440928803,4027.44,3816.36,3916.9500000000003,3888.5015021219638,4260.450559155462,3916.9500000000003,0,0,1912,1911,0,0,0,0,NaN,NaN,58.8277772633065,NaN,NaN,NaN,4257.813233763571,3711.443477133257,NaN,NaN,NaN,NaN,NaN,NaN,NaN,NaN,NaN,NaN,1,0,0,0,0,NaN,NaN,58.8277772633065,NaN,NaN,NaN,4257.813233763571,3711.443477133257,NaN,NaN,NaN,NaN,NaN,NaN,NaN,NaN,NaN,NaN,1
2021-09-07,3957.40547204644,3984,3768,3870,3885.137592645243,4254.489481916447,3870,0,0,1912,1911,0,0,0,0,NaN,NaN,59.60402141030136,NaN,NaN,NaN,4257.813233763571,3711.443477133257,NaN,NaN,NaN,NaN,NaN,NaN,NaN,NaN,NaN,NaN,1,0,0,0,0,NaN,NaN,59.60402141030136,NaN,NaN,NaN,4257.813233763571,3711.443477133257,NaN,NaN,NaN,NaN,NaN,NaN,NaN,NaN,NaN,NaN,1
2021-09-08,3913.70273602322,3913.70273602322,3720,3791.9700000000003,3868.1980303461078,4247.428115780319,3791.9700000000003,0,0,1912,1911,0,0,0,0,NaN,NaN,60.71136151521267,NaN,NaN,NaN,4257.813233763571,3711.443477133257,NaN,NaN,NaN,NaN,NaN,NaN,NaN,NaN,NaN,NaN,1,0,0,0,0,NaN,NaN,60.71136151521267,NaN,NaN,NaN,4257.813233763571,3711.443477133257,NaN,NaN,NaN,NaN,NaN,NaN,NaN,NaN,NaN,NaN,1
2021-09-09,3852.83636801161,3852.83636801161,3720.12,3771,3850.52566119227,4240.154404089017,3771,0,0,1912,1911,0,0,0,0,NaN,NaN,61.34684881952461,NaN,NaN,NaN,4257.813233763571,3711.443477133257,NaN,NaN,NaN,NaN,NaN,NaN,NaN,NaN,NaN,NaN,1,0,0,0,0,NaN,NaN,61.34684881952461,NaN,NaN,NaN,4257.813233763571,3711.443477133257,NaN,NaN,NaN,NaN,NaN,NaN,NaN,NaN,NaN,NaN,1
2021-09-10,3811.918184005805,3816,3720,3783,3838.248268248221,4233.174947538039,3783.0000000000005,0,0,1912,1911,0,0,0,0,NaN,NaN,61.702314112140876,NaN,NaN,NaN,4257.813233763571,3711.443477133257,NaN,NaN,NaN,NaN,NaN,NaN,NaN,NaN,NaN,NaN,1,0,0,0,0,NaN,NaN,61.702314112140876,NaN,NaN,NaN,4257.813233763571,3711.443477133257,NaN,NaN,NaN,NaN,NaN,NaN,NaN,NaN,NaN,NaN,1
2021-09-13,3797.4590920029023,3840.84,3744.12,3789.24,3829.3376740212716,4226.397314751199,3789.24,0,0,1912,1911,0,0,0,0,NaN,NaN,61.12065845808989,NaN,NaN,NaN,4257.813233763571,3711.443477133257,NaN,NaN,NaN,NaN,NaN,NaN,NaN,NaN,NaN,NaN,1,0,0,0,0,NaN,NaN,61.12065845808989,NaN,NaN,NaN,4257.813233763571,3711.443477133257,NaN,NaN,NaN,NaN,NaN,NaN,NaN,NaN,NaN,NaN,1
2021-09-14,3793.349546001451,3948,3756,3813,3826.367187835586,4220.085905365684,3813,0,0,1912,1911,0,0,0,0,NaN,NaN,60.43272686121474,NaN,NaN,NaN,4257.813233763571,3711.443477133257,NaN,NaN,NaN,NaN,NaN,NaN,NaN,NaN,NaN,NaN,1,0,0,0,0,NaN,NaN,60.43272686121474,NaN,NaN,NaN,4257.813233763571,3711.443477133257,NaN,NaN,NaN,NaN,NaN,NaN,NaN,NaN,NaN,NaN,1
2021-09-15,3803.1747730007255,4065.48,3732,3842.37,3829.2767900472973,4214.319250321933,3842.37,0,0,1912,1911,0,0,0,0,NaN,NaN,59.585952197573214,NaN,NaN,NaN,4257.813233763571,3711.443477133257,NaN,NaN,NaN,NaN,NaN,NaN,NaN,NaN,NaN,NaN,1,0,0,0,0,NaN,NaN,59.585952197573214,NaN,NaN,NaN,4257.813233763571,3711.443477133257,NaN,NaN,NaN,NaN,NaN,NaN,NaN,NaN,NaN,NaN,1
2021-09-16,3822.7723865003627,3828,3744,3768,3818.1355554932434,4207.5052159658735,3768,0,0,1912,1911,0,0,0,0,NaN,NaN,58.35773982495274,NaN,NaN,NaN,4257.813233763571,3711.443477133257,NaN,NaN,NaN,NaN,NaN,NaN,NaN,NaN,NaN,NaN,1,0,0,0,0,NaN,NaN,58.35773982495274,NaN,NaN,NaN,4257.813233763571,3711.443477133257,NaN,NaN,NaN,NaN,NaN,NaN,NaN,NaN,NaN,NaN,1
2021-09-17,3795.3861932501813,3795.3861932501813,3702,3751.5,3806.0199999490173,4200.543304271738,3751.5000000000005,0,1,1912,1911,0,0,0,0,NaN,NaN,56.72252241606104,NaN,NaN,NaN,4257.813233763571,3711.443477133257,NaN,NaN,NaN,NaN,NaN,NaN,NaN,NaN,NaN,NaN,1,0,0,0,0,NaN,NaN,56.72252241606104,NaN,NaN,NaN,4257.813233763571,3711.443477133257,NaN,NaN,NaN,NaN,NaN,NaN,NaN,NaN,NaN,NaN,1
2021-09-20,3773.4430966250907,3773.4430966250907,3540,3624,3772.9254545037415,4191.74111642026,3624,0,0,1912,2217,0,0,0,0,NaN,NaN,55.128787276518906,NaN,NaN,NaN,4257.813233763571,3711.443477133257,NaN,NaN,NaN,NaN,NaN,NaN,NaN,NaN,NaN,NaN,1,0,0,0,0,NaN,NaN,55.128787276518906,NaN,NaN,NaN,4257.813233763571,3711.443477133257,NaN,NaN,NaN,NaN,NaN,NaN,NaN,NaN,NaN,NaN,1
2021-09-21,3698.7215483125456,3707.88,3552.12,3618.0299999999997,3744.7626445939704,4182.982168077966,3618.0299999999997,0,0,1912,2218,0,0,0,0,NaN,NaN,53.33154421045031,NaN,NaN,NaN,4257.813233763571,3711.443477133257,NaN,NaN,NaN,NaN,NaN,NaN,NaN,NaN,NaN,NaN,1,0,0,0,0,NaN,NaN,53.33154421045031,NaN,NaN,NaN,4257.813233763571,3711.443477133257,NaN,NaN,NaN,NaN,NaN,NaN,NaN,NaN,NaN,NaN,1
2021-09-22,3658.3757741562727,3768,3543.36,3645.63,3726.7385273950667,4174.778318183646,3645.63,0,0,1912,2219,0,0,0,0,NaN,NaN,51.268442148705674,NaN,NaN,NaN,4257.813233763571,3711.443477133257,NaN,NaN,NaN,NaN,NaN,NaN,NaN,NaN,NaN,NaN,1,0,0,0,0,NaN,NaN,51.268442148705674,NaN,NaN,NaN,4257.813233763571,3711.443477133257,NaN,NaN,NaN,NaN,NaN,NaN,NaN,NaN,NaN,NaN,1
2021-09-23,3652.002887078136,3899.88,3600.12,3732,3727.6951587777817,4168.018343860232,3732,0,0,1912,2220,0,0,0,0,NaN,NaN,48.93601447197817,NaN,NaN,NaN,4257.813233763571,3711.443477133257,NaN,NaN,NaN,NaN,NaN,NaN,NaN,NaN,NaN,NaN,1,0,0,0,0,NaN,NaN,48.93601447197817,NaN,NaN,NaN,4257.813233763571,3711.443477133257,NaN,NaN,NaN,NaN,NaN,NaN,NaN,NaN,NaN,NaN,1
2021-09-24,3692.001443539068,3840,3600,3705,3723.5687662727305,4160.949361511221,3705,0,0,1912,2221,0,0,0,0,NaN,NaN,46.678648591616835,NaN,NaN,NaN,4257.813233763571,3711.443477133257,NaN,NaN,NaN,NaN,NaN,NaN,NaN,NaN,NaN,NaN,1,0,0,0,0,NaN,NaN,46.678648591616835,NaN,NaN,NaN,4257.813233763571,3711.443477133257,NaN,NaN,NaN,NaN,NaN,NaN,NaN,NaN,NaN,NaN,1
2021-09-27,3698.500721769534,3732.12,3600,3654.0299999999997,3710.925354223143,4153.21013461792,3654.0299999999997,0,0,1912,2222,0,0,0,0,NaN,NaN,44.51363644616752,NaN,NaN,NaN,4257.813233763571,3711.443477133257,NaN,NaN,NaN,NaN,NaN,NaN,NaN,NaN,NaN,NaN,1,0,0,0,0,NaN,NaN,44.51363644616752,NaN,NaN,NaN,4257.813233763571,3711.443477133257,NaN,NaN,NaN,NaN,NaN,NaN,NaN,NaN,NaN,NaN,1
2021-09-28,3676.265360884767,3676.265360884767,3516,3579,3686.938926182572,4144.443567677188,3579,0,0,1912,2223,0,0,0,0,NaN,NaN,42.449677409598294,NaN,NaN,NaN,4257.813233763571,3711.443477133257,NaN,NaN,NaN,NaN,NaN,NaN,NaN,NaN,NaN,NaN,1,0,0,0,0,NaN,NaN,42.449677409598294,NaN,NaN,NaN,4257.813233763571,3711.443477133257,NaN,NaN,NaN,NaN,NaN,NaN,NaN,NaN,NaN,NaN,1
2021-09-29,3627.6326804423834,3627.6326804423834,3456,3522,3656.950030513013,4134.940612445475,3522,0,0,1912,2224,0,0,0,0,NaN,NaN,40.415284061597546,NaN,NaN,NaN,4257.813233763571,3711.443477133257,NaN,NaN,NaN,NaN,NaN,NaN,NaN,NaN,NaN,NaN,1,0,0,0,0,NaN,NaN,40.415284061597546,NaN,NaN,NaN,4257.813233763571,3711.443477133257,NaN,NaN,NaN,NaN,NaN,NaN,NaN,NaN,NaN,NaN,1
2021-09-30,3574.8163402211917,3600,3408,3504,3629.1409340561017,4125.307931339437,3504,0,0,1912,2225,0,0,0,0,NaN,NaN,38.332473094669425,NaN,NaN,NaN,4257.813233763571,3711.443477133257,NaN,NaN,NaN,NaN,NaN,NaN,NaN,NaN,NaN,NaN,1,0,0,0,0,NaN,NaN,38.332473094669425,NaN,NaN,NaN,4257.813233763571,3711.443477133257,NaN,NaN,NaN,NaN,NaN,NaN,NaN,NaN,NaN,NaN,1
2021-10-01,3539.408170110596,3540,3462,3489,3603.6607642277195,4115.593306433491,3489,0,0,1912,2226,0,0,0,0,NaN,NaN,36.14549277719101,NaN,NaN,NaN,4257.813233763571,3711.443477133257,NaN,NaN,NaN,NaN,NaN,NaN,NaN,NaN,NaN,NaN,1,0,0,0,0,NaN,NaN,36.14549277719101,NaN,NaN,NaN,4257.813233763571,3711.443477133257,NaN,NaN,NaN,NaN,NaN,NaN,NaN,NaN,NaN,NaN,1
2021-10-04,3514.204085055298,3553.68,3360,3471.42,3579.6169889135886,4105.758599465041,3471.42,0,0,1912,2227,0,0,0,0,NaN,NaN,33.913685422314664,NaN,NaN,NaN,4257.813233763571,3711.443477133257,NaN,NaN,NaN,NaN,NaN,NaN,NaN,NaN,NaN,NaN,1,0,0,0,0,NaN,NaN,33.913685422314664,NaN,NaN,NaN,4257.813233763571,3711.443477133257,NaN,NaN,NaN,NaN,NaN,NaN,NaN,NaN,NaN,NaN,1
2021-10-05,3492.8120425276493,3516,3420,3468,3559.3229909292995,4096.021826954124,3468,0,0,1912,2228,0,0,0,0,NaN,NaN,31.599942483664368,NaN,NaN,NaN,4257.813233763571,3711.443477133257,NaN,NaN,NaN,NaN,NaN,NaN,NaN,NaN,NaN,NaN,1,0,0,0,0,NaN,NaN,31.599942483664368,NaN,NaN,NaN,4257.813233763571,3711.443477133257,NaN,NaN,NaN,NaN,NaN,NaN,NaN,NaN,NaN,NaN,1
2021-10-06,3480.4060212638246,3480.4060212638246,3348,3417,3533.4460834876086,4085.6550815044425,3417,0,0,1912,2229,0,0,0,0,NaN,NaN,29.167661451982536,NaN,NaN,NaN,4257.813233763571,3711.443477133257,NaN,NaN,NaN,NaN,NaN,NaN,NaN,NaN,NaN,NaN,1,0,0,0,0,NaN,NaN,29.167661451982536,NaN,NaN,NaN,4257.813233763571,3711.443477133257,NaN,NaN,NaN,NaN,NaN,NaN,NaN,NaN,NaN,NaN,1
2021-10-07,3448.7030106319125,3492,3361.56,3420.39,3512.890431944407,4075.4983627028478,3420.39,0,0,1912,2230,0,0,0,0,NaN,NaN,26.575192011532472,NaN,NaN,NaN,4257.813233763571,3711.443477133257,NaN,NaN,NaN,NaN,NaN,NaN,NaN,NaN,NaN,NaN,1,0,0,0,0,NaN,NaN,26.575192011532472,NaN,NaN,NaN,4257.813233763571,3711.443477133257,NaN,NaN,NaN,NaN,NaN,NaN,NaN,NaN,NaN,NaN,1
2021-10-08,3434.546505315956,3505.44,3396,3468.7200000000003,3504.859444318151,4066.2345709058577,3468.7200000000003,0,0,1912,2231,0,0,0,0,NaN,NaN,23.780071047919222,NaN,NaN,NaN,4257.813233763571,3711.443477133257,NaN,NaN,NaN,NaN,NaN,NaN,NaN,NaN,NaN,NaN,1,0,0,0,0,NaN,NaN,23.780071047919222,NaN,NaN,NaN,4257.813233763571,3711.443477133257,NaN,NaN,NaN,NaN,NaN,NaN,NaN,NaN,NaN,NaN,1
2021-10-11,3451.633252657978,3516,3355.92,3418.98,3489.244999896669,4056.3528217317225,3418.98,0,0,1912,2232,0,0,0,0,NaN,NaN,21.06554649950228,NaN,NaN,NaN,4257.813233763571,3711.443477133257,NaN,NaN,NaN,NaN,NaN,NaN,NaN,NaN,NaN,NaN,1,0,0,0,0,NaN,NaN,21.06554649950228,NaN,NaN,NaN,4257.813233763571,3711.443477133257,NaN,NaN,NaN,NaN,NaN,NaN,NaN,NaN,NaN,NaN,1
2021-10-12,3435.3066263289893,3435.3066263289893,3348,3370.5,3467.6549999154563,4045.8817862854366,3370.5,0,1,1912,2233,0,0,0,0,NaN,NaN,18.451553733523145,NaN,NaN,NaN,4257.813233763571,3639.5253969352734,NaN,NaN,NaN,NaN,NaN,NaN,NaN,NaN,NaN,NaN,1,0,0,0,0,NaN,NaN,18.451553733523145,NaN,NaN,NaN,4257.813233763571,3639.5253969352734,NaN,NaN,NaN,NaN,NaN,NaN,NaN,NaN,NaN,NaN,1
2021-10-13,3402.9033131644946,3420,3300,3357,3447.535909021737,4035.364507105506,3357,0,0,1912,2234,0,0,0,0,NaN,NaN,15.986278334362552,NaN,NaN,NaN,4257.813233763571,3566.589301670808,NaN,NaN,NaN,NaN,NaN,NaN,NaN,NaN,NaN,NaN,1,0,0,0,0,NaN,NaN,15.986278334362552,NaN,NaN,NaN,4257.813233763571,3566.589301670808,NaN,NaN,NaN,NaN,NaN,NaN,NaN,NaN,NaN,NaN,1
2021-10-14,3379.9516565822473,3392.76,3264,3323.19,3424.927561926876,4024.4916138672543,3323.19,0,0,1912,2235,0,0,0,0,NaN,NaN,14.22641313525366,NaN,NaN,NaN,4257.813233763571,3488.5308402196897,NaN,NaN,NaN,NaN,NaN,NaN,NaN,NaN,NaN,NaN,1,0,0,0,0,NaN,NaN,14.22641313525366,NaN,NaN,NaN,4257.813233763571,3488.5308402196897,NaN,NaN,NaN,NaN,NaN,NaN,NaN,NaN,NaN,NaN,1
2021-10-15,3351.5708282911237,3359.88,3252,3302.9700000000003,3402.753459758353,4013.4760167089757,3302.9700000000003,0,0,1912,2236,0,0,0,0,NaN,NaN,12.317404748036614,NaN,NaN,NaN,4257.813233763571,3425.7855881537826,NaN,NaN,NaN,NaN,NaN,NaN,NaN,NaN,NaN,NaN,1,0,0,0,0,NaN,NaN,12.317404748036614,NaN,NaN,NaN,4257.813233763571,3425.7855881537826,NaN,NaN,NaN,NaN,NaN,NaN,NaN,NaN,NaN,NaN,1
2021-10-18,3327.270414145562,3327.270414145562,3180,3258.0299999999997,3376.4401034386524,4001.9424897363197,3258.0299999999997,0,0,1912,2237,0,0,0,0,NaN,NaN,10.90828644301067,NaN,NaN,NaN,4257.813233763571,3355.371344063034,NaN,NaN,NaN,NaN,NaN,NaN,NaN,NaN,NaN,NaN,1,0,0,0,0,NaN,NaN,10.90828644301067,NaN,NaN,NaN,4257.813233763571,3355.371344063034,NaN,NaN,NaN,NaN,NaN,NaN,NaN,NaN,NaN,NaN,1
2021-10-19,3292.650207072781,3292.650207072781,3036,3134.9700000000003,3332.5364482679884,3988.7062685189712,3134.9700000000003,0,0,1912,2238,0,0,0,0,NaN,NaN,11.446500086970426,NaN,NaN,NaN,4050.1090166039226,3236.647660200342,NaN,NaN,NaN,NaN,NaN,NaN,NaN,NaN,NaN,NaN,1,0,0,0,0,NaN,NaN,11.446500086970426,NaN,NaN,NaN,4050.1090166039226,3236.647660200342,NaN,NaN,NaN,NaN,NaN,NaN,NaN,NaN,NaN,NaN,1
2021-10-20,3213.8101035363907,3213.8101035363907,3120,3164.9700000000003,3302.0698213101723,3976.13014228204,3164.9700000000003,0,0,1912,2239,0,0,0,0,NaN,NaN,11.60415327442264,NaN,NaN,NaN,3706.863019363661,3236.647660200342,NaN,NaN,NaN,NaN,NaN,NaN,NaN,NaN,NaN,NaN,1,0,0,0,0,NaN,NaN,11.60415327442264,NaN,NaN,NaN,3706.863019363661,3236.647660200342,NaN,NaN,NaN,NaN,NaN,NaN,NaN,NaN,NaN,NaN,1
2021-10-21,3189.3900517681955,3189.3900517681955,3024,3054,3256.9662174355954,3962.051819499108,3054.0000000000005,0,0,1912,2240,0,0,0,0,NaN,NaN,12.854946826848707,NaN,NaN,NaN,3594.630717219815,3140.7192227222085,NaN,NaN,NaN,NaN,NaN,NaN,NaN,NaN,NaN,NaN,1,0,0,0,0,NaN,NaN,12.854946826848707,NaN,NaN,NaN,3594.630717219815,3140.7192227222085,NaN,NaN,NaN,NaN,NaN,NaN,NaN,NaN,NaN,NaN,1
2021-10-22,3121.695025884098,3168,3012,3096,3227.6996324473052,3948.829654315916,3096,0,0,1912,2241,0,0,0,0,NaN,NaN,14.349079735082547,NaN,NaN,NaN,3594.630717219815,3140.7192227222085,NaN,NaN,NaN,NaN,NaN,NaN,NaN,NaN,NaN,NaN,1,0,0,0,0,NaN,NaN,14.349079735082547,NaN,NaN,NaN,3594.630717219815,3140.7192227222085,NaN,NaN,NaN,NaN,NaN,NaN,NaN,NaN,NaN,NaN,1
2021-10-25,3108.847512942049,3144,3012,3084,3201.572426547795,3935.626148143154,3084,0,0,1912,2242,0,0,0,0,NaN,NaN,16.562120621977865,NaN,NaN,NaN,3594.630717219815,3140.7192227222085,NaN,NaN,NaN,NaN,NaN,NaN,NaN,NaN,NaN,NaN,1,0,0,0,0,NaN,NaN,16.562120621977865,NaN,NaN,NaN,3594.630717219815,3140.7192227222085,NaN,NaN,NaN,NaN,NaN,NaN,NaN,NaN,NaN,NaN,1
2021-10-26,3096.4237564710247,3180,3054.24,3103.56,3183.751985357287,3922.9228481715027,3103.56,0,0,1912,2243,0,0,0,0,NaN,NaN,18.809874169620365,NaN,NaN,NaN,3594.630717219815,3140.7192227222085,NaN,NaN,NaN,NaN,NaN,NaN,NaN,NaN,NaN,NaN,1,0,0,0,0,NaN,NaN,18.809874169620365,NaN,NaN,NaN,3594.630717219815,3140.7192227222085,NaN,NaN,NaN,NaN,NaN,NaN,NaN,NaN,NaN,NaN,1
2021-10-27,3099.9918782355126,3216,3036,3102,3168.8879880195987,3910.3896749169758,3102,0,0,1912,2244,0,0,0,0,NaN,NaN,21.05167964537117,NaN,NaN,NaN,3594.630717219815,3140.7192227222085,NaN,NaN,NaN,NaN,NaN,NaN,NaN,NaN,NaN,NaN,1,0,0,0,0,NaN,NaN,21.05167964537117,NaN,NaN,NaN,3594.630717219815,3140.7192227222085,NaN,NaN,NaN,NaN,NaN,NaN,NaN,NaN,NaN,NaN,1
2021-10-28,3100.9959391177563,3126.72,3060,3079.68,3152.668353834217,3897.707084460228,3079.68,0,0,1912,2245,0,0,0,0,NaN,NaN,22.978936808354984,NaN,NaN,NaN,3594.630717219815,3140.7192227222085,NaN,NaN,NaN,NaN,NaN,NaN,NaN,NaN,NaN,NaN,1,0,0,0,0,NaN,NaN,22.978936808354984,NaN,NaN,NaN,3594.630717219815,3140.7192227222085,NaN,NaN,NaN,NaN,NaN,NaN,NaN,NaN,NaN,NaN,1
2021-10-29,3090.3379695588783,3106.44,3000,3029.61,3130.2941076825414,3884.4536938577817,3029.61,0,0,1912,2246,0,0,0,0,NaN,NaN,24.66160377848907,NaN,NaN,NaN,3594.630717219815,3086.9802491788814,NaN,NaN,NaN,NaN,NaN,NaN,NaN,NaN,NaN,NaN,1,0,0,0,0,NaN,NaN,24.66160377848907,NaN,NaN,NaN,3594.630717219815,3086.9802491788814,NaN,NaN,NaN,NaN,NaN,NaN,NaN,NaN,NaN,NaN,1
2021-11-01,3059.973984779439,3144,3012,3060,3117.5133608311703,3871.866614562243,3060,0,0,1912,2247,0,0,0,0,NaN,NaN,25.516731528187016,NaN,NaN,NaN,3594.630717219815,3086.9802491788814,NaN,NaN,NaN,NaN,NaN,NaN,NaN,NaN,NaN,NaN,1,0,0,0,0,NaN,NaN,25.516731528187016,NaN,NaN,NaN,3594.630717219815,3086.9802491788814,NaN,NaN,NaN,NaN,NaN,NaN,NaN,NaN,NaN,NaN,1
2021-11-02,3059.9869923897195,3167.88,3012,3068.9700000000003,3108.687295225503,3859.60865098114,3068.9700000000003,0,0,1912,2248,0,0,0,0,NaN,NaN,26.141443830935955,NaN,NaN,NaN,3594.630717219815,3086.9802491788814,NaN,NaN,NaN,NaN,NaN,NaN,NaN,NaN,NaN,NaN,1,0,0,0,0,NaN,NaN,26.141443830935955,NaN,NaN,NaN,3594.630717219815,3086.9802491788814,NaN,NaN,NaN,NaN,NaN,NaN,NaN,NaN,NaN,NaN,1
2021-11-03,3064.47849619486,3264,3036,3147,3115.653241548139,3848.729129592115,3147,0,0,1912,2249,0,0,0,0,NaN,NaN,27.386013644618863,NaN,NaN,NaN,3594.630717219815,3114.71775,NaN,NaN,NaN,NaN,NaN,NaN,NaN,NaN,NaN,NaN,1,0,0,0,0,NaN,NaN,27.386013644618863,NaN,NaN,NaN,3594.630717219815,3114.71775,NaN,NaN,NaN,NaN,NaN,NaN,NaN,NaN,NaN,NaN,1
2021-11-04,3105.73924809743,3360,3105.73924809743,3252,3140.443561266659,3839.6187612013955,3252,0,0,1912,2250,0,0,0,0,NaN,NaN,29.555970292815175,NaN,NaN,NaN,3594.630717219815,3169.7612175,NaN,NaN,NaN,NaN,NaN,NaN,NaN,NaN,NaN,NaN,1,0,0,0,0,NaN,NaN,29.555970292815175,NaN,NaN,NaN,3594.630717219815,3169.7612175,NaN,NaN,NaN,NaN,NaN,NaN,NaN,NaN,NaN,NaN,1
2021-11-05,3178.869624048715,3288,3144,3231,3156.9083683090844,3830.3268717174046,3231,0,0,1912,2251,0,0,0,0,NaN,NaN,33.230603878166306,NaN,NaN,NaN,3594.630717219815,3169.7612175,NaN,NaN,NaN,NaN,NaN,NaN,NaN,NaN,NaN,NaN,1,0,0,0,0,NaN,NaN,33.230603878166306,NaN,NaN,NaN,3594.630717219815,3169.7612175,NaN,NaN,NaN,NaN,NaN,NaN,NaN,NaN,NaN,NaN,1
2021-11-08,3204.9348120243576,3264,3159.48,3213.84,3167.259574071069,3820.914858408742,3213.84,0,0,1912,2252,0,0,0,0,NaN,NaN,38.43540540410308,NaN,NaN,NaN,3594.630717219815,3169.7612175,NaN,NaN,NaN,NaN,NaN,NaN,NaN,NaN,NaN,NaN,1,0,0,0,0,NaN,NaN,38.43540540410308,NaN,NaN,NaN,3594.630717219815,3169.7612175,NaN,NaN,NaN,NaN,NaN,NaN,NaN,NaN,NaN,NaN,1
2021-11-09,3209.387406012179,3209.387406012179,3156,3171,3167.9396515126928,3810.9924941582267,3171,0,0,1912,2253,0,0,0,0,NaN,NaN,43.2786913143033,NaN,NaN,NaN,3594.630717219815,3169.7612175,NaN,NaN,NaN,NaN,NaN,NaN,NaN,NaN,NaN,NaN,1,0,0,0,0,NaN,NaN,43.2786913143033,NaN,NaN,NaN,3594.630717219815,3169.7612175,NaN,NaN,NaN,NaN,NaN,NaN,NaN,NaN,NaN,NaN,1
2021-11-10,3190.1937030060894,3282,3048,3142.5,3163.314260328567,3800.7865018810016,3142.4999999999995,0,0,1912,2254,0,0,0,0,NaN,NaN,48.176840203621104,NaN,NaN,NaN,3594.630717219815,3169.7612175,NaN,NaN,NaN,NaN,NaN,NaN,NaN,NaN,NaN,NaN,1,0,0,0,0,NaN,NaN,48.176840203621104,NaN,NaN,NaN,3594.630717219815,3169.7612175,NaN,NaN,NaN,NaN,NaN,NaN,NaN,NaN,NaN,NaN,1
2021-11-11,3166.3468515030445,3166.3468515030445,3036,3100.35,3151.8662129961003,3790.0928148293833,3100.35,0,0,1912,2255,0,0,0,0,NaN,NaN,54.879256522255936,NaN,NaN,NaN,3594.630717219815,3169.7612175,NaN,NaN,NaN,NaN,NaN,NaN,NaN,NaN,NaN,NaN,1,0,0,0,0,NaN,NaN,54.879256522255936,NaN,NaN,NaN,3594.630717219815,3169.7612175,NaN,NaN,NaN,NaN,NaN,NaN,NaN,NaN,NaN,NaN,1
2021-11-12,3133.348425751522,3133.348425751522,3012,3056.9700000000003,3134.6123560877186,3778.900100099164,3056.9700000000003,0,0,1912,2256,0,0,0,0,NaN,NaN,57.74566174550467,NaN,NaN,NaN,3594.630717219815,3148.6341,NaN,NaN,NaN,NaN,NaN,NaN,NaN,NaN,NaN,NaN,1,0,0,0,0,NaN,NaN,57.74566174550467,NaN,NaN,NaN,3594.630717219815,3148.6341,NaN,NaN,NaN,NaN,NaN,NaN,NaN,NaN,NaN,NaN,1
2021-11-15,3095.159212875761,3100.2,3000,3046.05,3118.5101095263153,3767.711548952612,3046.05,0,0,1912,2257,0,0,0,0,NaN,NaN,59.22709269324172,NaN,NaN,NaN,3594.630717219815,3140.2603769999996,NaN,NaN,NaN,NaN,NaN,NaN,NaN,NaN,NaN,NaN,1,0,0,0,0,NaN,NaN,59.22709269324172,NaN,NaN,NaN,3594.630717219815,3140.2603769999996,NaN,NaN,NaN,NaN,NaN,NaN,NaN,NaN,NaN,NaN,1
2021-11-16,3070.6046064378806,3120,3024,3064.5,3108.69008961244,3756.975494770129,3064.5,0,0,1912,2258,0,0,0,0,NaN,NaN,59.06205080966755,NaN,NaN,NaN,3594.630717219815,3140.2603769999996,NaN,NaN,NaN,NaN,NaN,NaN,NaN,NaN,NaN,NaN,1,0,0,0,0,NaN,NaN,59.06205080966755,NaN,NaN,NaN,3594.630717219815,3140.2603769999996,NaN,NaN,NaN,NaN,NaN,NaN,NaN,NaN,NaN,NaN,1
2021-11-17,3067.5523032189403,3090,2844,2976,3084.5646187738143,3745.0522047736386,2976,0,0,1912,2259,0,0,0,0,NaN,NaN,60.2904940641777,NaN,NaN,NaN,3594.630717219815,3097.48125438,NaN,NaN,NaN,NaN,NaN,NaN,NaN,NaN,NaN,NaN,1,0,0,0,0,NaN,NaN,60.2904940641777,NaN,NaN,NaN,3594.630717219815,3097.48125438,NaN,NaN,NaN,NaN,NaN,NaN,NaN,NaN,NaN,NaN,1
2021-11-18,3021.77615160947,3021.77615160947,2703.48,2849.07,3041.7474153603935,3731.373087143507,2849.07,0,0,1912,2260,0,0,0,0,NaN,NaN,62.523180671891474,NaN,NaN,NaN,3594.630717219815,3017.3710914857998,NaN,NaN,NaN,NaN,NaN,NaN,NaN,NaN,NaN,NaN,1,0,0,0,0,NaN,NaN,62.523180671891474,NaN,NaN,NaN,3594.630717219815,3017.3710914857998,NaN,NaN,NaN,NaN,NaN,NaN,NaN,NaN,NaN,NaN,1
2021-11-19,2935.423075804735,2988,2772,2892,3014.5206125675945,3718.5582308512394,2892,0,0,1912,2261,0,0,0,0,NaN,NaN,65.28153466522205,NaN,NaN,NaN,3594.630717219815,3017.3710914857998,NaN,NaN,NaN,NaN,NaN,NaN,NaN,NaN,NaN,NaN,1,0,0,0,0,NaN,NaN,65.28153466522205,NaN,NaN,NaN,3594.630717219815,3017.3710914857998,NaN,NaN,NaN,NaN,NaN,NaN,NaN,NaN,NaN,NaN,1
2021-11-22,2913.7115379023676,2988,2825.04,2923.26,2997.927773918941,3706.4162731283195,2923.26,0,0,1912,2262,0,0,0,0,NaN,NaN,68.44737076220459,NaN,NaN,NaN,3594.630717219815,3017.3710914857998,NaN,NaN,NaN,NaN,NaN,NaN,NaN,NaN,NaN,NaN,1,0,0,0,0,NaN,NaN,68.44737076220459,NaN,NaN,NaN,3594.630717219815,3017.3710914857998,NaN,NaN,NaN,NaN,NaN,NaN,NaN,NaN,NaN,NaN,1
2021-11-23,2918.4857689511837,2918.4857689511837,2724,2800.23,2961.982724115497,3692.5813681950626,2800.23,0,0,1912,2263,0,0,0,0,NaN,NaN,72.09581688665803,NaN,NaN,NaN,3594.630717219815,2969.8245605075035,NaN,NaN,NaN,NaN,NaN,NaN,NaN,NaN,NaN,NaN,1,0,0,0,0,NaN,NaN,72.09581688665803,NaN,NaN,NaN,3594.630717219815,2969.8245605075035,NaN,NaN,NaN,NaN,NaN,NaN,NaN,NaN,NaN,NaN,1
2021-11-24,2859.357884475592,2940,2736,2838,2939.440410639952,3679.534324405825,2838,0,0,1912,2264,0,0,0,0,NaN,NaN,75.80277707437116,NaN,NaN,NaN,3594.630717219815,2969.8245605075035,NaN,NaN,NaN,NaN,NaN,NaN,NaN,NaN,NaN,NaN,1,0,0,0,0,NaN,NaN,75.80277707437116,NaN,NaN,NaN,3594.630717219815,2969.8245605075035,NaN,NaN,NaN,NaN,NaN,NaN,NaN,NaN,NaN,NaN,1
2021-11-26,2848.678942237796,2894.16,2820,2856.54,2924.3676087054155,3666.9695255599345,2856.5400000000004,0,0,1912,2265,0,0,0,0,NaN,NaN,79.76762507738904,NaN,NaN,NaN,3594.630717219815,2969.8245605075035,NaN,NaN,NaN,NaN,NaN,NaN,NaN,NaN,NaN,NaN,1,0,0,0,0,NaN,NaN,79.76762507738904,NaN,NaN,NaN,3594.630717219815,2969.8245605075035,NaN,NaN,NaN,NaN,NaN,NaN,NaN,NaN,NaN,NaN,1
2021-11-29,2852.609471118898,2880,2580,2745,2891.755316213522,3652.893654940699,2745,0,0,1912,2266,0,0,0,0,NaN,NaN,84.46431928510631,NaN,NaN,NaN,3594.630717219815,2912.6281264313784,NaN,NaN,NaN,NaN,NaN,NaN,NaN,NaN,NaN,NaN,1,0,0,0,0,NaN,NaN,84.46431928510631,NaN,NaN,NaN,3594.630717219815,2912.6281264313784,NaN,NaN,NaN,NaN,NaN,NaN,NaN,NaN,NaN,NaN,1
2021-11-30,2798.804735559449,2798.804735559449,2424,2508,2821.981622356518,3635.4143624988565,2508,0,0,1912,2267,0,0,0,0,NaN,NaN,87.611396756799,NaN,NaN,NaN,3594.630717219815,2742.6250636737304,NaN,NaN,NaN,NaN,NaN,NaN,NaN,NaN,NaN,NaN,1,0,0,0,0,NaN,NaN,87.611396756799,NaN,NaN,NaN,3594.630717219815,2742.6250636737304,NaN,NaN,NaN,NaN,NaN,NaN,NaN,NaN,NaN,NaN,1
2021-12-01,2653.4023677797245,2653.4023677797245,2352,2451,2754.5304182916966,3617.3317004759733,2451,0,0,1912,2268,0,0,0,0,NaN,NaN,89.8187193590524,NaN,NaN,NaN,3501.166206116798,2658.868800302247,NaN,NaN,NaN,NaN,NaN,NaN,NaN,NaN,NaN,NaN,1,0,0,0,0,NaN,NaN,89.8187193590524,NaN,NaN,NaN,3501.166206116798,2658.868800302247,NaN,NaN,NaN,NaN,NaN,NaN,NaN,NaN,NaN,NaN,1
2021-12-02,2552.2011838898625,2552.2011838898625,2182.68,2279.67,2668.192160420479,3596.9093844381723,2279.67,0,0,1912,2269,0,0,0,0,NaN,2182.68,90.56276713203654,NaN,NaN,NaN,2790.841763354429,2502.7556882297076,NaN,NaN,NaN,NaN,NaN,NaN,NaN,NaN,NaN,NaN,1,0,0,0,0,NaN,2182.68,90.56276713203654,NaN,NaN,NaN,2790.841763354429,2502.7556882297076,NaN,NaN,NaN,NaN,NaN,NaN,NaN,NaN,NaN,NaN,1
2021-12-03,2415.9355919449313,2424,2280,2376,2615.066313071301,3578.2695465078186,2376,0,0,1912,2270,0,0,0,0,NaN,NaN,91.82807444791499,NaN,NaN,NaN,2790.841763354429,2502.7556882297076,NaN,NaN,NaN,NaN,NaN,NaN,NaN,NaN,NaN,NaN,1,0,0,0,0,NaN,NaN,91.82807444791499,NaN,NaN,NaN,2790.841763354429,2502.7556882297076,NaN,NaN,NaN,NaN,NaN,NaN,NaN,NaN,NaN,NaN,1
2021-12-06,2395.967795972466,2580,2280.12,2412.0299999999997,2578.1506197856097,3560.4643625916688,2412.0299999999997,0,0,1912,2271,0,0,0,0,NaN,NaN,92.58420339084743,NaN,NaN,NaN,2790.841763354429,2502.7556882297076,NaN,NaN,NaN,NaN,NaN,NaN,NaN,NaN,NaN,NaN,1,0,0,0,0,NaN,NaN,92.58420339084743,NaN,NaN,NaN,2790.841763354429,2502.7556882297076,NaN,NaN,NaN,NaN,NaN,NaN,NaN,NaN,NaN,NaN,1
2021-12-07,2403.998897986233,2458.92,2376,2396.73,2545.1650525518626,3542.6974257582083,2396.73,0,0,1912,2272,0,0,0,0,NaN,NaN,93.00568582621145,NaN,NaN,NaN,2790.841763354429,2502.7556882297076,NaN,NaN,NaN,NaN,NaN,NaN,NaN,NaN,NaN,NaN,1,0,0,0,0,NaN,NaN,93.00568582621145,NaN,NaN,NaN,2790.841763354429,2502.7556882297076,NaN,NaN,NaN,NaN,NaN,NaN,NaN,NaN,NaN,NaN,1
2021-12-08,2400.3644489931166,2519.88,2358,2429.9700000000003,2524.220497542433,3525.7092207848004,2429.9700000000003,0,0,1912,2273,0,0,0,0,NaN,NaN,93.21030762952375,NaN,NaN,NaN,2790.841763354429,2502.7556882297076,NaN,NaN,NaN,NaN,NaN,NaN,NaN,NaN,NaN,NaN,1,0,0,0,0,NaN,NaN,93.21030762952375,NaN,NaN,NaN,2790.841763354429,2502.7556882297076,NaN,NaN,NaN,NaN,NaN,NaN,NaN,NaN,NaN,NaN,1
2021-12-09,2415.1672244965584,2495.88,2292,2390.9700000000003,2499.9931343528997,3508.3849578720556,2390.9700000000003,0,0,1912,2274,0,0,0,0,NaN,NaN,93.29362445147481,NaN,NaN,NaN,2790.841763354429,2502.7556882297076,NaN,NaN,NaN,NaN,NaN,NaN,NaN,NaN,NaN,NaN,1,0,0,0,0,NaN,NaN,93.29362445147481,NaN,NaN,NaN,2790.841763354429,2502.7556882297076,NaN,NaN,NaN,NaN,NaN,NaN,NaN,NaN,NaN,NaN,1
2021-12-10,2403.0686122482794,2403.0686122482794,2214,2282.55,2460.458019016009,3489.6699203472913,2282.55,0,0,1912,2275,0,0,0,0,NaN,NaN,93.13402916797739,NaN,NaN,NaN,2790.841763354429,2502.7556882297076,NaN,NaN,NaN,NaN,NaN,NaN,NaN,NaN,NaN,NaN,1,0,0,0,0,NaN,NaN,93.13402916797739,NaN,NaN,NaN,2790.841763354429,2502.7556882297076,NaN,NaN,NaN,NaN,NaN,NaN,NaN,NaN,NaN,NaN,1
2021-12-13,2342.8093061241398,2388,2184,2295,2430.37474283128,3471.4306849221416,2295,0,0,1912,2276,0,0,0,0,NaN,NaN,93.05933818646152,NaN,NaN,NaN,2790.841763354429,2502.7556882297076,NaN,NaN,NaN,NaN,NaN,NaN,NaN,NaN,NaN,NaN,1,0,0,0,0,NaN,NaN,93.05933818646152,NaN,NaN,NaN,2790.841763354429,2502.7556882297076,NaN,NaN,NaN,NaN,NaN,NaN,NaN,NaN,NaN,NaN,1
2021-12-14,2318.90465306207,2376,2220,2268,2400.852062316502,3453.057697366078,2268,0,0,1912,2277,0,0,0,0,NaN,NaN,92.99651501174398,NaN,NaN,NaN,2790.841763354429,2435.1121024076865,NaN,NaN,NaN,NaN,NaN,NaN,NaN,NaN,NaN,NaN,1,0,0,0,0,NaN,NaN,92.99651501174398,NaN,NaN,NaN,2790.841763354429,2435.1121024076865,NaN,NaN,NaN,NaN,NaN,NaN,NaN,NaN,NaN,NaN,1
2021-12-15,2293.452326531035,2293.452326531035,2124,2184,2361.4244146225924,3433.6827706887334,2184,0,0,1912,2278,0,0,0,0,NaN,NaN,92.84073052610111,NaN,NaN,NaN,2790.841763354429,2330.3784716853806,NaN,NaN,NaN,NaN,NaN,NaN,NaN,NaN,NaN,NaN,1,0,0,0,0,NaN,NaN,92.84073052610111,NaN,NaN,NaN,2790.841763354429,2330.3784716853806,NaN,NaN,NaN,NaN,NaN,NaN,NaN,NaN,NaN,NaN,1
2021-12-16,2238.7261632655172,2238.7261632655172,2124,2157,2324.2563392366665,3414.1914306782182,2157,0,0,1912,2279,0,0,0,0,NaN,NaN,92.74238066439077,NaN,NaN,NaN,2790.841763354429,2264.118576029205,NaN,NaN,NaN,NaN,NaN,NaN,NaN,NaN,NaN,NaN,1,0,0,0,0,NaN,NaN,92.74238066439077,NaN,NaN,NaN,2790.841763354429,2264.118576029205,NaN,NaN,NaN,NaN,NaN,NaN,NaN,NaN,NaN,NaN,1
2021-12-17,2197.8630816327586,2197.8630816327586,2087.28,2141.82,2291.086095739091,3394.7659126525964,2141.82,0,0,1912,2280,0,0,0,0,NaN,NaN,92.71839631959143,NaN,NaN,NaN,2790.841763354429,2215.2334886586914,NaN,NaN,NaN,NaN,NaN,NaN,NaN,NaN,NaN,NaN,1,0,0,0,0,NaN,NaN,92.71839631959143,NaN,NaN,NaN,2790.841763354429,2215.2334886586914,NaN,NaN,NaN,NaN,NaN,NaN,NaN,NaN,NaN,NaN,1
2021-12-20,2169.841540816379,2178,2100,2152.5,2265.888623786529,3375.8000208563735,2152.5,0,0,1912,2281,0,0,0,0,NaN,NaN,92.85875908639112,NaN,NaN,NaN,2790.841763354429,2215.2334886586914,NaN,NaN,NaN,NaN,NaN,NaN,NaN,NaN,NaN,NaN,1,0,0,0,0,NaN,NaN,92.85875908639112,NaN,NaN,NaN,2790.841763354429,2215.2334886586914,NaN,NaN,NaN,NaN,NaN,NaN,NaN,NaN,NaN,NaN,1
2021-12-21,2161.1707704081896,2280,2148,2184,2250.999783098069,3357.604600690627,2184,0,0,1912,2282,0,0,0,0,NaN,NaN,93.0504608168025,NaN,NaN,NaN,2790.841763354429,2215.2334886586914,NaN,NaN,NaN,NaN,NaN,NaN,NaN,NaN,NaN,NaN,1,0,0,0,0,NaN,NaN,93.0504608168025,NaN,NaN,NaN,2790.841763354429,2215.2334886586914,NaN,NaN,NaN,NaN,NaN,NaN,NaN,NaN,NaN,NaN,1
2021-12-22,2172.5853852040946,2304,2148,2229,2246.999822534784,3340.3739960999305,2229,0,0,1912,2283,0,0,0,0,NaN,NaN,93.17777438745696,NaN,NaN,NaN,2790.841763354429,2215.2334886586914,NaN,NaN,NaN,NaN,NaN,NaN,NaN,NaN,NaN,NaN,1,0,0,0,0,NaN,NaN,93.17777438745696,NaN,NaN,NaN,2790.841763354429,2215.2334886586914,NaN,NaN,NaN,NaN,NaN,NaN,NaN,NaN,NaN,NaN,1
2021-12-23,2200.7926926020473,2400,2200.7926926020473,2344.5,2264.7271275284597,3325.1698129533665,2344.5,0,0,1912,2284,0,0,0,0,NaN,NaN,93.09177424475656,NaN,NaN,NaN,2790.841763354429,2282.6826,NaN,NaN,NaN,NaN,NaN,NaN,NaN,NaN,NaN,NaN,1,0,0,0,0,NaN,NaN,93.09177424475656,NaN,NaN,NaN,2790.841763354429,2282.6826,NaN,NaN,NaN,NaN,NaN,NaN,NaN,NaN,NaN,NaN,1
2021-12-27,2272.6463463010236,2520,2272.6463463010236,2433.15,2295.3494679778305,3311.551189854842,2433.15,0,0,1912,2285,0,0,0,0,NaN,NaN,92.67940353864672,NaN,NaN,NaN,2790.841763354429,2330.1918720000003,NaN,NaN,NaN,NaN,NaN,NaN,NaN,NaN,NaN,NaN,1,0,0,0,0,NaN,NaN,92.67940353864672,NaN,NaN,NaN,2790.841763354429,2330.1918720000003,NaN,NaN,NaN,NaN,NaN,NaN,NaN,NaN,NaN,NaN,1
2021-12-28,2352.898173150512,2358,2298,2341.05,2303.658655618225,3296.7343777959895,2341.05,0,0,1912,2286,0,0,0,0,NaN,NaN,92.43808761393649,NaN,NaN,NaN,2790.841763354429,2330.1918720000003,NaN,NaN,NaN,NaN,NaN,NaN,NaN,NaN,NaN,NaN,1,0,0,0,0,NaN,NaN,92.43808761393649,NaN,NaN,NaN,2790.841763354429,2330.1918720000003,NaN,NaN,NaN,NaN,NaN,NaN,NaN,NaN,NaN,NaN,1
2021-12-29,2346.974086575256,2439.6,2172,2271.09,2297.737081869457,3281.075685005211,2271.09,0,0,1912,2287,0,0,0,0,NaN,NaN,92.33584642844309,NaN,NaN,NaN,2790.841763354429,2330.1918720000003,NaN,NaN,NaN,NaN,NaN,NaN,NaN,NaN,NaN,NaN,1,0,0,0,0,NaN,NaN,92.33584642844309,NaN,NaN,NaN,2790.841763354429,2330.1918720000003,NaN,NaN,NaN,NaN,NaN,NaN,NaN,NaN,NaN,NaN,1
2021-12-30,2309.032043287628,2358,2189.52,2263.26,2291.468521529556,3265.5365142417727,2263.26,0,0,1912,2288,0,0,0,0,NaN,NaN,92.20821893446039,NaN,NaN,NaN,2790.841763354429,2330.1918720000003,NaN,NaN,NaN,NaN,NaN,NaN,NaN,NaN,NaN,NaN,1,0,0,0,0,NaN,NaN,92.20821893446039,NaN,NaN,NaN,2790.841763354429,2330.1918720000003,NaN,NaN,NaN,NaN,NaN,NaN,NaN,NaN,NaN,NaN,1
2021-12-31,2286.146021643814,2353.2,2286.146021643814,2316.3,2295.983335796909,3251.0443537189976,2316.3,0,0,1912,2289,0,0,0,0,NaN,NaN,92.07214920277426,NaN,NaN,NaN,2790.841763354429,2330.1918720000003,NaN,NaN,NaN,NaN,NaN,NaN,NaN,NaN,NaN,NaN,1,0,0,0,0,NaN,NaN,92.07214920277426,NaN,NaN,NaN,2790.841763354429,2330.1918720000003,NaN,NaN,NaN,NaN,NaN,NaN,NaN,NaN,NaN,NaN,1
2022-01-03,2301.2230108219073,2433.72,2268,2359.8599999999997,2307.5972747429255,3237.4384857232876,2359.8599999999997,0,0,1912,2290,0,0,0,0,NaN,NaN,91.72896138912866,NaN,NaN,NaN,2790.841763354429,2330.1918720000003,NaN,NaN,NaN,NaN,NaN,NaN,NaN,NaN,NaN,NaN,1,0,0,0,0,NaN,NaN,91.72896138912866,NaN,NaN,NaN,2790.841763354429,2330.1918720000003,NaN,NaN,NaN,NaN,NaN,NaN,NaN,NaN,NaN,NaN,1
2022-01-04,2330.5415054109535,2376,2292,2334,2312.3977702442116,3223.6455317427794,2334,0,0,1912,2291,0,0,0,0,NaN,NaN,91.34145361549436,NaN,NaN,NaN,2790.841763354429,2330.1918720000003,NaN,NaN,NaN,NaN,NaN,NaN,NaN,NaN,NaN,NaN,1,0,0,0,0,NaN,NaN,91.34145361549436,NaN,NaN,NaN,2790.841763354429,2330.1918720000003,NaN,NaN,NaN,NaN,NaN,NaN,NaN,NaN,NaN,NaN,1
2022-01-05,2332.2707527054768,2375.88,2280,2324.9700000000003,2314.6836301998096,3209.9252946169354,2324.9700000000003,0,0,1912,2292,0,0,0,0,NaN,NaN,90.85456430087679,NaN,NaN,NaN,2790.841763354429,2330.1918720000003,NaN,NaN,NaN,NaN,NaN,NaN,NaN,NaN,NaN,NaN,1,0,0,0,0,NaN,NaN,90.85456430087679,NaN,NaN,NaN,2790.841763354429,2330.1918720000003,NaN,NaN,NaN,NaN,NaN,NaN,NaN,NaN,NaN,NaN,1
2022-01-06,2328.6203763527383,2388,2268,2331,2317.6502428907534,3196.5065878288906,2331,0,0,1912,2293,0,0,0,0,NaN,NaN,90.29882095693002,NaN,NaN,NaN,2790.841763354429,2330.1918720000003,NaN,NaN,NaN,NaN,NaN,NaN,NaN,NaN,NaN,NaN,1,0,0,0,0,NaN,NaN,90.29882095693002,NaN,NaN,NaN,2790.841763354429,2330.1918720000003,NaN,NaN,NaN,NaN,NaN,NaN,NaN,NaN,NaN,NaN,1
2022-01-07,2329.810188176369,2448,2256,2352,2323.8956532742527,3183.613357480358,2352,0,0,1912,2294,0,0,0,0,NaN,NaN,89.616829501411,NaN,NaN,NaN,2790.841763354429,2330.1918720000003,NaN,NaN,NaN,NaN,NaN,NaN,NaN,NaN,NaN,NaN,1,0,0,0,0,NaN,NaN,89.616829501411,NaN,NaN,NaN,2790.841763354429,2330.1918720000003,NaN,NaN,NaN,NaN,NaN,NaN,NaN,NaN,NaN,NaN,1
2022-01-10,2340.9050940881843,2340.9050940881843,2088,2190,2299.5509890425706,3168.443687900505,2190,0,0,1912,2295,0,0,0,0,NaN,NaN,89.43754606714707,NaN,NaN,NaN,2790.841763354429,2304.2805,NaN,NaN,NaN,NaN,NaN,NaN,NaN,NaN,NaN,NaN,1,0,0,0,0,NaN,NaN,89.43754606714707,NaN,NaN,NaN,2790.841763354429,2304.2805,NaN,NaN,NaN,NaN,NaN,NaN,NaN,NaN,NaN,NaN,1
2022-01-11,2265.452547044092,2265.452547044092,2088,2166,2275.2689910348304,3153.1392041157646,2166,0,0,1912,2296,0,0,0,0,NaN,NaN,89.31716543281371,NaN,NaN,NaN,2790.841763354429,2288.492085,NaN,NaN,NaN,NaN,NaN,NaN,NaN,NaN,NaN,NaN,1,0,0,0,0,NaN,NaN,89.31716543281371,NaN,NaN,NaN,2790.841763354429,2288.492085,NaN,NaN,NaN,NaN,NaN,NaN,NaN,NaN,NaN,NaN,1
2022-01-12,2215.726273522046,2215.726273522046,2040,2081.67,2240.069174483043,3136.780895655982,2081.67,0,0,1912,2297,0,0,0,0,NaN,NaN,89.31411525531668,NaN,NaN,NaN,2790.841763354429,2236.4476599,NaN,NaN,NaN,NaN,NaN,NaN,NaN,NaN,NaN,NaN,1,0,0,0,0,NaN,NaN,89.31411525531668,NaN,NaN,NaN,2790.841763354429,2236.4476599,NaN,NaN,NaN,NaN,NaN,NaN,NaN,NaN,NaN,NaN,1
2022-01-13,2148.6981367610233,2148.6981367610233,1920,2025,2200.9656882133986,3119.8071415238296,2025,0,0,1912,2298,0,0,0,0,NaN,NaN,89.34842814673539,NaN,NaN,NaN,2790.841763354429,2191.6325205089997,NaN,NaN,NaN,NaN,NaN,NaN,NaN,NaN,NaN,NaN,1,0,0,0,0,NaN,NaN,89.34842814673539,NaN,NaN,NaN,2790.841763354429,2191.6325205089997,NaN,NaN,NaN,NaN,NaN,NaN,NaN,NaN,NaN,NaN,1
2022-01-14,2086.8490683805117,2100,1992,2061,2175.517381265508,3103.642146996748,2061,0,0,1912,2299,0,0,0,0,NaN,NaN,89.30527741852568,NaN,NaN,NaN,2790.841763354429,2191.6325205089997,NaN,NaN,NaN,NaN,NaN,NaN,NaN,NaN,NaN,NaN,1,0,0,0,0,NaN,NaN,89.30527741852568,NaN,NaN,NaN,2790.841763354429,2191.6325205089997,NaN,NaN,NaN,NaN,NaN,NaN,NaN,NaN,NaN,NaN,1
2022-01-18,2073.924534190256,2124,2028,2064,2155.241493762688,3087.769747805958,2064,0,0,1912,2300,0,0,0,0,NaN,NaN,89.202688913641,NaN,NaN,NaN,2790.841763354429,2191.6325205089997,NaN,NaN,NaN,NaN,NaN,NaN,NaN,NaN,NaN,NaN,1,0,0,0,0,NaN,NaN,89.202688913641,NaN,NaN,NaN,2790.841763354429,2191.6325205089997,NaN,NaN,NaN,NaN,NaN,NaN,NaN,NaN,NaN,NaN,1
2022-01-19,2068.962267095128,2088,1919.04,2024.76,2131.5175858058356,3071.5405913509053,2024.76,0,0,1912,2301,0,0,0,0,NaN,NaN,89.17715016666445,NaN,NaN,NaN,2790.841763354429,2171.50221804792,NaN,NaN,NaN,NaN,NaN,NaN,NaN,NaN,NaN,NaN,1,0,0,0,0,NaN,NaN,89.17715016666445,NaN,NaN,NaN,2790.841763354429,2171.50221804792,NaN,NaN,NaN,NaN,NaN,NaN,NaN,NaN,NaN,NaN,1
2022-01-20,2046.861133547564,2046.861133547564,1812,1899,2089.2416611138656,3053.6392082768457,1899,0,0,1912,2302,0,0,0,0,NaN,NaN,89.22960286293218,NaN,NaN,NaN,2790.841763354429,2077.178885340732,NaN,NaN,NaN,NaN,NaN,NaN,NaN,NaN,NaN,NaN,1,0,0,0,0,NaN,NaN,89.22960286293218,NaN,NaN,NaN,2790.841763354429,2077.178885340732,NaN,NaN,NaN,NaN,NaN,NaN,NaN,NaN,NaN,NaN,1
2022-01-21,1972.930566773782,1972.930566773782,1872,1926,2059.5613590931625,3036.423342501627,1926,0,0,1912,2303,0,0,0,0,NaN,NaN,89.19463465008644,NaN,NaN,NaN,2790.841763354429,2077.178885340732,NaN,NaN,NaN,NaN,NaN,NaN,NaN,NaN,NaN,NaN,1,0,0,0,0,NaN,NaN,89.19463465008644,NaN,NaN,NaN,2790.841763354429,2077.178885340732,NaN,NaN,NaN,NaN,NaN,NaN,NaN,NaN,NaN,NaN,1
2022-01-24,1949.4652833868909,1968,1816.2,1915.05,2033.2865665307693,3019.303138799312,1915.05,0,0,1912,2304,0,0,0,0,NaN,NaN,89.1645630602175,NaN,NaN,NaN,2790.841763354429,2077.178885340732,NaN,NaN,NaN,NaN,NaN,NaN,NaN,NaN,NaN,NaN,1,0,0,0,0,NaN,NaN,89.1645630602175,NaN,NaN,NaN,2790.841763354429,2077.178885340732,NaN,NaN,NaN,NaN,NaN,NaN,NaN,NaN,NaN,NaN,1
2022-01-25,1932.2576416934453,2136,1932.2576416934453,2040,2034.5071907979022,3004.351945840544,2040,0,0,1912,2305,0,0,0,0,NaN,NaN,88.87553779000584,NaN,NaN,NaN,2621.036649933491,2077.178885340732,NaN,NaN,NaN,NaN,NaN,NaN,NaN,NaN,NaN,NaN,1,0,0,0,0,NaN,NaN,88.87553779000584,NaN,NaN,NaN,2621.036649933491,2077.178885340732,NaN,NaN,NaN,NaN,NaN,NaN,NaN,NaN,NaN,NaN,1
2022-01-26,1986.1288208467226,2148,1986.1288208467226,2142,2054.0513379255563,2991.186267278093,2142,0,0,1912,2306,0,0,0,0,NaN,NaN,88.16104228844527,NaN,NaN,NaN,2615.1265510790035,2077.178885340732,NaN,NaN,NaN,NaN,NaN,NaN,NaN,NaN,NaN,NaN,1,0,0,0,0,NaN,NaN,88.16104228844527,NaN,NaN,NaN,2615.1265510790035,2077.178885340732,NaN,NaN,NaN,NaN,NaN,NaN,NaN,NaN,NaN,NaN,1
2022-01-27,2064.0644104233616,2135.88,1932,2036.94,2050.940185575455,2976.6176219761373,2036.9400000000003,0,0,1912,2307,0,0,0,0,NaN,NaN,87.80084418169021,NaN,NaN,NaN,2509.538418323608,2077.178885340732,NaN,NaN,NaN,NaN,NaN,NaN,NaN,NaN,NaN,NaN,1,0,0,0,0,NaN,NaN,87.80084418169021,NaN,NaN,NaN,2509.538418323608,2077.178885340732,NaN,NaN,NaN,NaN,NaN,NaN,NaN,NaN,NaN,NaN,1
2022-01-28,2050.502205211681,2050.502205211681,1932,1998,2041.3146972890086,2961.6768949230664,1998,0,0,1912,2308,0,0,0,0,NaN,NaN,87.51241537319423,NaN,NaN,NaN,2469.2723205275934,2077.178885340732,NaN,NaN,NaN,NaN,NaN,NaN,NaN,NaN,NaN,NaN,1,0,0,0,0,NaN,NaN,87.51241537319423,NaN,NaN,NaN,2469.2723205275934,2077.178885340732,NaN,NaN,NaN,NaN,NaN,NaN,NaN,NaN,NaN,NaN,1
2022-01-31,2024.2511026058405,2106,2016,2077.5,2047.8938432364616,2948.178011031111,2077.5,0,0,1912,2309,0,0,0,0,NaN,NaN,86.92196893129024,NaN,NaN,NaN,2469.2723205275934,2077.178885340732,NaN,NaN,NaN,NaN,NaN,NaN,NaN,NaN,NaN,NaN,1,0,0,0,0,NaN,NaN,86.92196893129024,NaN,NaN,NaN,2469.2723205275934,2077.178885340732,NaN,NaN,NaN,NaN,NaN,NaN,NaN,NaN,NaN,NaN,1
2022-02-01,2050.87555130292,2148,2050.87555130292,2121,2061.185871738923,2935.5493391069717,2121,0,0,1912,2310,0,0,0,0,NaN,NaN,86.2887783774285,NaN,NaN,NaN,2469.2723205275934,2077.178885340732,NaN,NaN,NaN,NaN,NaN,NaN,NaN,NaN,NaN,NaN,1,0,0,0,0,NaN,NaN,86.2887783774285,NaN,NaN,NaN,2469.2723205275934,2077.178885340732,NaN,NaN,NaN,NaN,NaN,NaN,NaN,NaN,NaN,NaN,1
2022-02-02,2085.93777565146,2172,2076,2141.9700000000003,2075.873895059119,2923.433624006102,2141.9700000000003,0,0,1912,2311,0,0,0,0,NaN,NaN,85.37061379755892,NaN,NaN,NaN,2469.2723205275934,2077.178885340732,NaN,NaN,NaN,NaN,NaN,NaN,NaN,NaN,NaN,NaN,1,0,0,0,0,NaN,NaN,85.37061379755892,NaN,NaN,NaN,2469.2723205275934,2077.178885340732,NaN,NaN,NaN,NaN,NaN,NaN,NaN,NaN,NaN,NaN,1
2022-02-03,2113.95388782573,2388,2113.95388782573,2289,2114.624095957461,2913.7476144792913,2289,0,0,1912,2312,0,0,0,0,NaN,NaN,83.70404759048324,NaN,NaN,NaN,2469.2723205275934,2129.1,NaN,NaN,NaN,NaN,NaN,NaN,NaN,NaN,NaN,NaN,1,0,0,0,0,NaN,NaN,83.70404759048324,NaN,NaN,NaN,2469.2723205275934,2129.1,NaN,NaN,NaN,NaN,NaN,NaN,NaN,NaN,NaN,NaN,1
2022-02-04,2201.476943912865,2400,2201.476943912865,2334,2154.5106239651955,2904.8965058612866,2334,0,0,1912,2313,0,0,0,0,NaN,NaN,81.44073179163168,NaN,NaN,NaN,2469.2723205275934,2157.072,NaN,NaN,NaN,NaN,NaN,NaN,NaN,NaN,NaN,NaN,1,0,0,0,0,NaN,NaN,81.44073179163168,NaN,NaN,NaN,2469.2723205275934,2157.072,NaN,NaN,NaN,NaN,NaN,NaN,NaN,NaN,NaN,NaN,1
2022-02-07,2267.7384719564325,2329.08,2267.7384719564325,2301.27,2181.1941468806144,2895.680834016076,2301.27,0,0,1912,2314,0,0,0,0,NaN,NaN,79.35804565292332,NaN,NaN,NaN,2469.2723205275934,2157.072,NaN,NaN,NaN,NaN,NaN,NaN,NaN,NaN,NaN,NaN,1,0,0,0,0,NaN,NaN,79.35804565292332,NaN,NaN,NaN,2469.2723205275934,2157.072,NaN,NaN,NaN,NaN,NaN,NaN,NaN,NaN,NaN,NaN,1
2022-02-08,2284.5042359782165,2292,2136,2229.0299999999997,2189.891574720503,2885.502958687586,2229.0299999999997,0,0,1912,2315,0,0,0,0,NaN,NaN,77.65227054712562,NaN,NaN,NaN,2469.2723205275934,2157.072,NaN,NaN,NaN,NaN,NaN,NaN,NaN,NaN,NaN,NaN,1,0,0,0,0,NaN,NaN,77.65227054712562,NaN,NaN,NaN,2469.2723205275934,2157.072,NaN,NaN,NaN,NaN,NaN,NaN,NaN,NaN,NaN,NaN,1
2022-02-09,2256.767117989108,2412,2256,2316,2212.820379316775,2876.8082570282336,2316,0,0,1912,2316,0,0,0,0,NaN,NaN,75.16009709775773,NaN,NaN,NaN,2469.2723205275934,2157.072,NaN,NaN,NaN,NaN,NaN,NaN,NaN,NaN,NaN,NaN,1,0,0,0,0,NaN,NaN,75.16009709775773,NaN,NaN,NaN,2469.2723205275934,2157.072,NaN,NaN,NaN,NaN,NaN,NaN,NaN,NaN,NaN,NaN,1
2022-02-10,2286.383558994554,2387.88,2286.383558994554,2342.9700000000003,2236.483946713725,2868.658054630856,2342.9700000000003,0,0,1912,2317,0,0,0,0,NaN,NaN,72.37004084116171,NaN,NaN,NaN,2469.2723205275934,2172.44178,NaN,NaN,NaN,NaN,NaN,NaN,NaN,NaN,NaN,NaN,1,0,0,0,0,NaN,NaN,72.37004084116171,NaN,NaN,NaN,2469.2723205275934,2172.44178,NaN,NaN,NaN,NaN,NaN,NaN,NaN,NaN,NaN,NaN,1
2022-02-11,2314.676779497277,2364,2220,2295,2247.1232291294114,2859.899916392217,2295,0,0,1912,2318,0,0,0,0,NaN,NaN,70.0116790668135,NaN,NaN,NaN,2469.2723205275934,2172.44178,NaN,NaN,NaN,NaN,NaN,NaN,NaN,NaN,NaN,NaN,1,0,0,0,0,NaN,NaN,70.0116790668135,NaN,NaN,NaN,2469.2723205275934,2172.44178,NaN,NaN,NaN,NaN,NaN,NaN,NaN,NaN,NaN,NaN,1
2022-02-14,2304.8383897486383,2380.32,2304.8383897486383,2350.08,2265.842642014973,2852.11640621829,2350.08,0,0,1912,2319,0,0,0,0,NaN,NaN,66.97549699400732,NaN,NaN,NaN,2469.2723205275934,2191.6642697999996,NaN,NaN,NaN,NaN,NaN,NaN,NaN,NaN,NaN,NaN,1,0,0,0,0,NaN,NaN,66.97549699400732,NaN,NaN,NaN,2469.2723205275934,2191.6642697999996,NaN,NaN,NaN,NaN,NaN,NaN,NaN,NaN,NaN,NaN,1
2022-02-15,2327.459194874319,2478,2327.459194874319,2420.49,2293.960343466796,2845.52669009282,2420.49,0,0,1912,2320,0,0,0,0,NaN,NaN,63.1294654322265,NaN,NaN,NaN,2469.2723205275934,2250.103757424,NaN,NaN,NaN,NaN,NaN,NaN,NaN,NaN,NaN,NaN,1,0,0,0,0,NaN,NaN,63.1294654322265,NaN,NaN,NaN,2469.2723205275934,2250.103757424,NaN,NaN,NaN,NaN,NaN,NaN,NaN,NaN,NaN,NaN,1
2022-02-16,2373.9745974371594,2532,2373.9745974371594,2499.81,2331.3875537455606,2840.2485726868226,2499.81,0,0,1912,2321,0,0,0,0,NaN,NaN,58.2119606281144,NaN,NaN,NaN,2469.2723205275934,2321.2706938103997,NaN,NaN,NaN,NaN,NaN,NaN,NaN,NaN,NaN,NaN,1,0,0,0,0,NaN,NaN,58.2119606281144,NaN,NaN,NaN,2469.2723205275934,2321.2706938103997,NaN,NaN,NaN,NaN,NaN,NaN,NaN,NaN,NaN,NaN,1
2022-02-17,2436.8922987185797,2520,2376,2464.5,2355.589816700913,2834.5119532564895,2464.5,0,0,1912,2322,0,0,0,0,NaN,NaN,53.52607187343688,NaN,NaN,NaN,2469.2723205275934,2321.2706938103997,NaN,NaN,NaN,NaN,NaN,NaN,NaN,NaN,NaN,NaN,1,0,0,0,0,NaN,NaN,53.52607187343688,NaN,NaN,NaN,2469.2723205275934,2321.2706938103997,NaN,NaN,NaN,NaN,NaN,NaN,NaN,NaN,NaN,NaN,1
2022-02-18,2450.69614935929,2460,2352,2406,2364.7553045734744,2827.9697860311994,2406,0,0,1912,2323,0,0,0,0,NaN,NaN,49.33382253065028,NaN,NaN,NaN,2469.2723205275934,2321.2706938103997,NaN,NaN,NaN,NaN,NaN,NaN,NaN,NaN,NaN,NaN,1,0,0,0,0,NaN,NaN,49.33382253065028,NaN,NaN,NaN,2469.2723205275934,2321.2706938103997,NaN,NaN,NaN,NaN,NaN,NaN,NaN,NaN,NaN,NaN,1
2022-02-22,2428.348074679645,2484,2364,2412,2373.345249196479,2821.619102274998,2412,0,0,1912,2324,0,0,0,0,NaN,NaN,44.96422958663642,NaN,NaN,NaN,2469.2723205275934,2321.2706938103997,NaN,NaN,NaN,NaN,NaN,NaN,NaN,NaN,NaN,NaN,1,0,0,0,0,NaN,NaN,44.96422958663642,NaN,NaN,NaN,2469.2723205275934,2321.2706938103997,NaN,NaN,NaN,NaN,NaN,NaN,NaN,NaN,NaN,NaN,1
2022-02-23,2420.1740373398225,2499,2220,2401.5,2378.4642947971192,2815.205070179197,2401.5,0,0,1912,2325,0,0,0,0,NaN,NaN,40.60014590593236,NaN,NaN,NaN,2469.2723205275934,2321.2706938103997,NaN,NaN,NaN,NaN,NaN,NaN,NaN,NaN,NaN,NaN,1,0,0,0,0,NaN,NaN,40.60014590593236,NaN,NaN,NaN,2469.2723205275934,2321.2706938103997,NaN,NaN,NaN,NaN,NaN,NaN,NaN,NaN,NaN,NaN,1
2022-02-24,2410.8370186699112,2410.8370186699112,2232,2304,2364.925332106734,2807.400412619209,2304,0,0,1912,2326,0,0,0,0,NaN,NaN,37.090754403429294,NaN,NaN,NaN,2469.2723205275934,2321.2706938103997,NaN,NaN,NaN,NaN,NaN,NaN,NaN,NaN,NaN,NaN,1,0,0,0,0,NaN,NaN,37.090754403429294,NaN,NaN,NaN,2469.2723205275934,2321.2706938103997,NaN,NaN,NaN,NaN,NaN,NaN,NaN,NaN,NaN,NaN,1
2022-02-25,2357.4185093349556,2400,2357.4185093349556,2388,2369.120726269146,2800.9973528845644,2388,0,0,1912,2327,0,0,0,0,NaN,NaN,32.68794102219991,NaN,NaN,NaN,2469.2723205275934,2321.2706938103997,NaN,NaN,NaN,NaN,NaN,NaN,NaN,NaN,NaN,NaN,1,0,0,0,0,NaN,NaN,32.68794102219991,NaN,NaN,NaN,2469.2723205275934,2321.2706938103997,NaN,NaN,NaN,NaN,NaN,NaN,NaN,NaN,NaN,NaN,1
2022-02-28,2372.7092546674776,2508,2372.7092546674776,2418,2378.007866947483,2795.1500650542657,2418,0,0,1912,2328,0,0,0,0,NaN,NaN,27.960116176440557,NaN,NaN,NaN,2469.2723205275934,2321.2706938103997,NaN,NaN,NaN,NaN,NaN,NaN,NaN,NaN,NaN,NaN,1,0,0,0,0,NaN,NaN,27.960116176440557,NaN,NaN,NaN,2469.2723205275934,2321.2706938103997,NaN,NaN,NaN,NaN,NaN,NaN,NaN,NaN,NaN,NaN,1
2022-03-01,2395.354627333739,2508,2346.24,2437.56,2388.835527502486,2789.690674748094,2437.56,0,0,1912,2329,0,0,0,0,NaN,NaN,23.025283806793112,NaN,NaN,NaN,2469.2723205275934,2321.2706938103997,NaN,NaN,NaN,NaN,NaN,NaN,NaN,NaN,NaN,NaN,1,0,0,0,0,NaN,NaN,23.025283806793112,NaN,NaN,NaN,2469.2723205275934,2321.2706938103997,NaN,NaN,NaN,NaN,NaN,NaN,NaN,NaN,NaN,NaN,1
2022-03-02,2416.4573136668696,2424,2376,2397,2390.3199770474885,2783.695397271024,2397,0,0,1912,2330,0,0,0,0,NaN,NaN,18.457588181187216,NaN,NaN,NaN,2469.2723205275934,2321.2706938103997,NaN,NaN,NaN,NaN,NaN,NaN,NaN,NaN,NaN,NaN,1,0,0,0,0,NaN,NaN,18.457588181187216,NaN,NaN,NaN,2469.2723205275934,2321.2706938103997,NaN,NaN,NaN,NaN,NaN,NaN,NaN,NaN,NaN,NaN,1
2022-03-03,2406.728656833435,2508,2232,2400,2392.0799812206724,2777.83745227452,2400,0,0,1912,2331,0,0,0,0,NaN,NaN,14.123716191470677,NaN,NaN,NaN,2469.2723205275934,2321.2706938103997,NaN,NaN,NaN,NaN,NaN,NaN,NaN,NaN,NaN,NaN,1,0,0,0,0,NaN,NaN,14.123716191470677,NaN,NaN,NaN,2469.2723205275934,2321.2706938103997,NaN,NaN,NaN,NaN,NaN,NaN,NaN,NaN,NaN,NaN,1
2022-03-04,2403.3643284167174,2436,2292,2373.0299999999997,2388.616348271459,2771.6571858275806,2373.0299999999997,0,0,1912,2332,0,0,0,0,NaN,NaN,10.603525876824436,NaN,NaN,NaN,2469.2723205275934,2321.2706938103997,NaN,NaN,NaN,NaN,NaN,NaN,NaN,NaN,NaN,NaN,1,0,0,0,0,NaN,NaN,10.603525876824436,NaN,NaN,NaN,2469.2723205275934,2321.2706938103997,NaN,NaN,NaN,NaN,NaN,NaN,NaN,NaN,NaN,NaN,1
2022-03-07,2388.1971642083586,2400,2304,2331,2378.140648585739,2764.929595204259,2331,0,0,1912,2333,0,0,0,0,NaN,NaN,7.425123450849141,NaN,NaN,NaN,2469.2723205275934,2321.2706938103997,NaN,NaN,NaN,NaN,NaN,NaN,NaN,NaN,NaN,NaN,1,0,0,0,0,NaN,NaN,7.425123450849141,NaN,NaN,NaN,2469.2723205275934,2321.2706938103997,NaN,NaN,NaN,NaN,NaN,NaN,NaN,NaN,NaN,NaN,1
2022-03-08,2359.5985821041795,2412,2316.12,2352.06,2373.398712479241,2758.6262426057206,2352.06,0,0,1912,2334,0,0,0,0,NaN,NaN,4.293712215108435,NaN,NaN,NaN,2469.2723205275934,2321.2706938103997,NaN,NaN,NaN,NaN,NaN,NaN,NaN,NaN,NaN,NaN,1,0,0,0,0,NaN,NaN,4.293712215108435,NaN,NaN,NaN,2469.2723205275934,2321.2706938103997,NaN,NaN,NaN,NaN,NaN,NaN,NaN,NaN,NaN,NaN,1
2022-03-09,2355.8292910520895,2472,2355.8292910520895,2412,2380.4171283921064,2753.334238901816,2412,0,0,1912,2335,0,0,0,0,NaN,NaN,1.8334805490911505,NaN,NaN,NaN,2469.2723205275934,2321.2706938103997,NaN,NaN,NaN,NaN,NaN,NaN,NaN,NaN,NaN,NaN,1,0,0,0,0,NaN,NaN,1.8334805490911505,NaN,NaN,NaN,2469.2723205275934,2321.2706938103997,NaN,NaN,NaN,NaN,NaN,NaN,NaN,NaN,NaN,NaN,1
2022-03-10,2383.9146455260448,2460,2383.9146455260448,2436.96,2390.6976505026323,2748.50409784988,2436.96,0,0,1912,2336,0,0,0,0,NaN,NaN,0.21634866703812103,NaN,NaN,NaN,2469.2723205275934,2321.2706938103997,NaN,NaN,NaN,NaN,NaN,NaN,NaN,NaN,NaN,NaN,1,0,0,0,0,NaN,NaN,0.21634866703812103,NaN,NaN,NaN,2469.2723205275934,2321.2706938103997,NaN,NaN,NaN,NaN,NaN,NaN,NaN,NaN,NaN,NaN,1
2022-03-11,2410.437322763022,2460,2410.437322763022,2436,2398.9344413203357,2743.733042920874,2436,0,0,1912,2337,0,0,0,0,NaN,NaN,0.354017778592316,NaN,NaN,NaN,2469.2723205275934,2321.2706938103997,NaN,NaN,NaN,NaN,NaN,NaN,NaN,NaN,NaN,NaN,1,0,0,0,0,NaN,NaN,0.354017778592316,NaN,NaN,NaN,2469.2723205275934,2321.2706938103997,NaN,NaN,NaN,NaN,NaN,NaN,NaN,NaN,NaN,NaN,1
2022-03-14,2423.218661381511,2423.218661381511,2340,2358,2391.491815625729,2737.8439888304792,2358,0,0,1912,2338,0,0,0,0,NaN,NaN,2.290593382758593,NaN,NaN,NaN,2469.2723205275934,2321.2706938103997,NaN,NaN,NaN,NaN,NaN,NaN,NaN,NaN,NaN,NaN,1,0,0,0,0,NaN,NaN,2.290593382758593,NaN,NaN,NaN,2469.2723205275934,2321.2706938103997,NaN,NaN,NaN,NaN,NaN,NaN,NaN,NaN,NaN,NaN,1
2022-03-15,2390.6093306907555,2403,2351.88,2370.7200000000003,2387.7151218755967,2732.2390424361206,2370.7200000000003,0,0,1912,2339,0,0,0,0,NaN,NaN,4.301768283846383,NaN,NaN,NaN,2469.2723205275934,2321.2706938103997,NaN,NaN,NaN,NaN,NaN,NaN,NaN,NaN,NaN,NaN,1,0,0,0,0,NaN,NaN,4.301768283846383,NaN,NaN,NaN,2469.2723205275934,2321.2706938103997,NaN,NaN,NaN,NaN,NaN,NaN,NaN,NaN,NaN,NaN,1
2022-03-16,2380.664665345378,2448,2376,2427,2394.8578269891245,2727.5789043836608,2427,0,0,1912,2340,0,0,0,0,NaN,NaN,6.875184816296395,NaN,NaN,NaN,2469.2723205275934,2321.2706938103997,NaN,NaN,NaN,NaN,NaN,NaN,NaN,NaN,NaN,NaN,1,0,0,0,0,NaN,NaN,6.875184816296395,NaN,NaN,NaN,2469.2723205275934,2321.2706938103997,NaN,NaN,NaN,NaN,NaN,NaN,NaN,NaN,NaN,NaN,1
2022-03-17,2403.832332672689,2403.832332672689,2364,2391,2394.156403900193,2722.4402951564293,2391,0,1,1912,2341,0,0,0,0,NaN,NaN,7.901524345276107,NaN,NaN,NaN,2469.2723205275934,2321.2706938103997,NaN,NaN,NaN,NaN,NaN,NaN,NaN,NaN,NaN,NaN,1,0,0,0,0,NaN,NaN,7.901524345276107,NaN,NaN,NaN,2469.2723205275934,2321.2706938103997,NaN,NaN,NaN,NaN,NaN,NaN,NaN,NaN,NaN,NaN,1
2022-03-18,2397.4161663363448,2400,2376,2391,2393.582512281976,2717.3801379784686,2391,0,0,1912,2342,0,0,0,0,NaN,NaN,9.999608302501471,NaN,NaN,NaN,2469.2723205275934,2321.2706938103997,NaN,NaN,NaN,NaN,NaN,NaN,NaN,NaN,NaN,NaN,1,0,0,0,0,NaN,NaN,9.999608302501471,NaN,NaN,NaN,2469.2723205275934,2321.2706938103997,NaN,NaN,NaN,NaN,NaN,NaN,NaN,NaN,NaN,NaN,1
2022-03-21,2394.2080831681724,2460,2376,2418,2398.022055503435,2712.8094488490265,2418,0,0,1912,2343,0,0,0,0,NaN,NaN,13.07997136098751,NaN,NaN,NaN,2469.2723205275934,2321.2706938103997,NaN,NaN,NaN,NaN,NaN,NaN,NaN,NaN,NaN,NaN,1,0,0,0,0,NaN,NaN,13.07997136098751,NaN,NaN,NaN,2469.2723205275934,2321.2706938103997,NaN,NaN,NaN,NaN,NaN,NaN,NaN,NaN,NaN,NaN,1
2022-03-22,2406.104041584086,2580,2406.104041584086,2493,2415.2907726846283,2709.45357940095,2493,0,0,1912,2344,0,0,0,0,NaN,NaN,17.016149859108275,NaN,NaN,NaN,2469.2723205275934,2321.2706938103997,NaN,NaN,NaN,NaN,NaN,NaN,NaN,NaN,NaN,NaN,1,0,0,0,0,NaN,NaN,17.016149859108275,NaN,NaN,NaN,2469.2723205275934,2321.2706938103997,NaN,NaN,NaN,NaN,NaN,NaN,NaN,NaN,NaN,NaN,1
2022-03-23,2449.552020792043,2636.76,2449.552020792043,2588.19,2446.726995832878,2707.6022270436833,2588.19,0,0,1912,2345,0,0,0,0,NaN,NaN,22.696103008960044,NaN,NaN,NaN,2469.2723205275934,2405.5519689245275,NaN,NaN,NaN,NaN,NaN,NaN,NaN,NaN,NaN,NaN,1,0,0,0,0,NaN,NaN,22.696103008960044,NaN,NaN,NaN,2469.2723205275934,2405.5519689245275,NaN,NaN,NaN,NaN,NaN,NaN,NaN,NaN,NaN,NaN,1
2022-03-24,2518.8710103960216,2640,2518.8710103960216,2611.5299999999997,2476.6911784087183,2706.1354754857643,2611.5299999999997,0,0,1912,2346,0,0,0,0,NaN,NaN,28.185762360696152,NaN,NaN,NaN,2469.2723205275934,2458.026655450377,NaN,NaN,NaN,NaN,NaN,NaN,NaN,NaN,NaN,NaN,1,0,0,0,0,NaN,NaN,28.185762360696152,NaN,NaN,NaN,2469.2723205275934,2458.026655450377,NaN,NaN,NaN,NaN,NaN,NaN,NaN,NaN,NaN,NaN,1
2022-03-25,2565.2005051980104,2777.28,2565.2005051980104,2644.32,2507.1691459707695,2705.1917277684242,2644.32,0,0,1912,2347,0,0,0,0,NaN,NaN,31.985355752328758,NaN,NaN,NaN,2469.2723205275934,2515.197258142287,NaN,NaN,NaN,NaN,NaN,NaN,NaN,NaN,NaN,NaN,1,0,0,0,0,NaN,NaN,31.985355752328758,NaN,NaN,NaN,2469.2723205275934,2515.197258142287,NaN,NaN,NaN,NaN,NaN,NaN,NaN,NaN,NaN,NaN,1
2022-03-28,2604.760252599005,2700,2604.760252599005,2655,2534.047483066993,2704.4254418482956,2655,0,0,1912,2348,0,0,0,0,NaN,NaN,35.98008975166732,NaN,NaN,NaN,2469.2723205275934,2556.842198443869,NaN,NaN,NaN,NaN,NaN,NaN,NaN,NaN,NaN,NaN,1,0,0,0,0,NaN,NaN,35.98008975166732,NaN,NaN,NaN,2469.2723205275934,2556.842198443869,NaN,NaN,NaN,NaN,NaN,NaN,NaN,NaN,NaN,NaN,1
2022-03-29,2629.8801262995025,2772.12,2629.8801262995025,2733.0299999999997,2570.226122509358,2704.862152659772,2733.0299999999997,0,0,1912,2349,0,0,0,0,NaN,NaN,39.66101583490826,NaN,NaN,NaN,2469.2723205275934,2637.009038910708,NaN,NaN,NaN,NaN,NaN,NaN,NaN,NaN,NaN,NaN,1,0,0,0,0,NaN,NaN,39.66101583490826,NaN,NaN,NaN,2469.2723205275934,2637.009038910708,NaN,NaN,NaN,NaN,NaN,NaN,NaN,NaN,NaN,NaN,1
2022-03-30,2681.4550631497514,2832,2681.4550631497514,2754,2603.6395547803836,2705.612348802371,2754,0,0,1912,2350,0,0,0,0,NaN,NaN,42.03279453993469,NaN,NaN,NaN,2469.2723205275934,2682.6410060701746,NaN,NaN,NaN,NaN,NaN,NaN,NaN,NaN,NaN,NaN,1,0,0,0,0,NaN,NaN,42.03279453993469,NaN,NaN,NaN,2469.2723205275934,2682.6410060701746,NaN,NaN,NaN,NaN,NaN,NaN,NaN,NaN,NaN,NaN,1
2022-03-31,2717.7275315748757,2808,2616,2741.94,2628.785090274859,2706.1669694313423,2741.94,0,0,1912,2351,0,0,0,0,NaN,NaN,43.950359977995575,NaN,NaN,NaN,2469.2723205275934,2682.6410060701746,NaN,NaN,NaN,NaN,NaN,NaN,NaN,NaN,NaN,NaN,1,0,0,0,0,NaN,NaN,43.950359977995575,NaN,NaN,NaN,2469.2723205275934,2682.6410060701746,NaN,NaN,NaN,NaN,NaN,NaN,NaN,NaN,NaN,NaN,1
2022-04-01,2729.833765787438,2784,2544,2652,2633.0059829521574,2705.3399927988025,2652,0,0,1912,2352,0,0,0,0,NaN,NaN,45.24484565171331,NaN,NaN,NaN,2469.2723205275934,2682.6410060701746,NaN,NaN,NaN,NaN,NaN,NaN,NaN,NaN,NaN,NaN,1,0,0,0,0,NaN,NaN,45.24484565171331,NaN,NaN,NaN,2469.2723205275934,2682.6410060701746,NaN,NaN,NaN,NaN,NaN,NaN,NaN,NaN,NaN,NaN,1
2022-04-04,2690.916882893719,2784,2627.52,2705.76,2646.233986051765,2705.346405122485,2705.76,0,0,1912,2353,0,0,0,0,NaN,NaN,46.79337068953549,NaN,NaN,NaN,2469.2723205275934,2682.6410060701746,NaN,NaN,NaN,NaN,NaN,NaN,NaN,NaN,NaN,NaN,1,0,0,0,0,NaN,NaN,46.79337068953549,NaN,NaN,NaN,2469.2723205275934,2682.6410060701746,NaN,NaN,NaN,NaN,NaN,NaN,NaN,NaN,NaN,NaN,1
2022-04-05,2698.3384414468596,2832,2698.3384414468596,2787,2671.827806769626,2706.5930248916075,2787,0,0,1912,2354,0,0,0,0,NaN,NaN,48.812593473183334,NaN,NaN,NaN,2469.2723205275934,2730.770243884912,NaN,NaN,NaN,NaN,NaN,NaN,NaN,NaN,NaN,NaN,1,0,0,0,0,NaN,NaN,48.812593473183334,NaN,NaN,NaN,2469.2723205275934,2730.770243884912,NaN,NaN,NaN,NaN,NaN,NaN,NaN,NaN,NaN,NaN,1
2022-04-06,2742.66922072343,2880,2627.88,2741.9700000000003,2684.5809328115124,2707.133131381812,2741.9700000000003,0,0,1912,2355,0,0,0,0,NaN,NaN,51.163161671497036,NaN,NaN,NaN,2469.2723205275934,2730.770243884912,NaN,NaN,NaN,NaN,NaN,NaN,NaN,NaN,NaN,NaN,1,0,0,0,0,NaN,NaN,51.163161671497036,NaN,NaN,NaN,2469.2723205275934,2730.770243884912,NaN,NaN,NaN,NaN,NaN,NaN,NaN,NaN,NaN,NaN,1
2022-04-07,2742.319610361715,2772,2666.76,2736.69,2694.0553086639648,2707.5843812843796,2736.69,0,0,1912,2356,0,0,0,0,NaN,NaN,55.08432773973215,NaN,NaN,NaN,2469.2723205275934,2730.770243884912,NaN,NaN,NaN,NaN,NaN,NaN,NaN,NaN,NaN,NaN,1,0,0,0,0,NaN,NaN,55.08432773973215,NaN,NaN,NaN,2469.2723205275934,2730.770243884912,NaN,NaN,NaN,NaN,NaN,NaN,NaN,NaN,NaN,NaN,1
2022-04-08,2739.5048051808576,2748,2694.12,2727.96,2700.2197979977896,2707.8954594327097,2727.96,0,0,1912,2357,0,0,0,0,NaN,NaN,60.522842047720474,NaN,NaN,NaN,2469.2723205275934,2730.770243884912,NaN,NaN,NaN,NaN,NaN,NaN,NaN,NaN,NaN,NaN,1,0,0,0,0,NaN,NaN,60.522842047720474,NaN,NaN,NaN,2469.2723205275934,2730.770243884912,NaN,NaN,NaN,NaN,NaN,NaN,NaN,NaN,NaN,NaN,1
2022-04-11,2733.732402590429,2733.732402590429,2520,2629.5,2687.3616529072824,2706.6985821894623,2629.5,0,0,1912,2358,0,0,0,0,NaN,NaN,63.6650452037712,NaN,NaN,NaN,2469.2723205275934,2677.5375,NaN,NaN,NaN,NaN,NaN,NaN,NaN,NaN,NaN,NaN,1,0,0,0,0,NaN,NaN,63.6650452037712,NaN,NaN,NaN,2469.2723205275934,2677.5375,NaN,NaN,NaN,NaN,NaN,NaN,NaN,NaN,NaN,NaN,1
2022-04-12,2681.6162012952145,2681.6162012952145,2520,2598,2671.114079651413,2705.0390618506917,2598,0,0,1912,2359,0,0,0,0,NaN,NaN,65.3767349894646,NaN,NaN,NaN,2469.2723205275934,2659.873875,NaN,NaN,NaN,NaN,NaN,NaN,NaN,NaN,NaN,NaN,1,0,0,0,0,NaN,NaN,65.3767349894646,NaN,NaN,NaN,2469.2723205275934,2659.873875,NaN,NaN,NaN,NaN,NaN,NaN,NaN,NaN,NaN,NaN,1
2022-04-13,2639.8081006476073,2796,2639.8081006476073,2742,2684.0024288057016,2705.603350982742,2742,0,0,1912,2360,0,0,0,0,NaN,NaN,67.75971970788123,NaN,NaN,NaN,2469.2723205275934,2674.3199999999997,NaN,NaN,NaN,NaN,NaN,NaN,NaN,NaN,NaN,NaN,1,0,0,0,0,NaN,NaN,67.75971970788123,NaN,NaN,NaN,2469.2723205275934,2674.3199999999997,NaN,NaN,NaN,NaN,NaN,NaN,NaN,NaN,NaN,NaN,1
2022-04-14,2690.904050323804,2808,2690.904050323804,2781,2701.6383508410286,2706.7544448608683,2781,0,0,1912,2361,0,0,0,0,NaN,NaN,70.92165822659044,NaN,NaN,NaN,2469.2723205275934,2696.4354,NaN,NaN,NaN,NaN,NaN,NaN,NaN,NaN,NaN,NaN,1,0,0,0,0,NaN,NaN,70.92165822659044,NaN,NaN,NaN,2469.2723205275934,2696.4354,NaN,NaN,NaN,NaN,NaN,NaN,NaN,NaN,NaN,NaN,1
2022-04-18,2735.952025161902,2880,2735.952025161902,2823,2723.704105233569,2708.5291861607025,2823,0,0,1912,2362,0,0,0,0,NaN,NaN,74.74757059353611,NaN,NaN,NaN,2469.2723205275934,2723.769276,NaN,NaN,NaN,NaN,NaN,NaN,NaN,NaN,NaN,NaN,1,0,0,0,0,NaN,NaN,74.74757059353611,NaN,NaN,NaN,2469.2723205275934,2723.769276,NaN,NaN,NaN,NaN,NaN,NaN,NaN,NaN,NaN,NaN,1
2022-04-19,2779.4760125809507,3156,2718,2920.5,2759.4851770092837,2711.7653817918367,2920.5,0,0,2363,2362,0,0,0,0,NaN,NaN,77.99199404876646,NaN,NaN,NaN,2469.2723205275934,2785.83754116,NaN,NaN,NaN,NaN,NaN,NaN,NaN,NaN,NaN,NaN,1,0,0,0,0,NaN,NaN,77.99199404876646,NaN,NaN,NaN,2469.2723205275934,2785.83754116,NaN,NaN,NaN,NaN,NaN,NaN,NaN,NaN,NaN,NaN,1
2022-04-20,2849.9880062904754,2965.92,2808,2889.48,2783.120599371232,2714.478582069824,2889.48,0,0,2363,2362,0,0,0,0,NaN,NaN,81.04565885616913,NaN,NaN,NaN,2469.2723205275934,2785.83754116,NaN,NaN,NaN,NaN,NaN,NaN,NaN,NaN,NaN,NaN,1,0,0,0,0,NaN,NaN,81.04565885616913,NaN,NaN,NaN,2469.2723205275934,2785.83754116,NaN,NaN,NaN,NaN,NaN,NaN,NaN,NaN,NaN,NaN,1
2022-04-21,2869.7340031452377,3059.76,2760,2885.94,2801.81503584919,2717.096313641277,2885.94,0,0,2363,2362,0,0,0,0,NaN,NaN,84.08457802715009,NaN,NaN,NaN,2469.2723205275934,2785.83754116,NaN,NaN,NaN,NaN,NaN,NaN,NaN,NaN,NaN,NaN,1,0,0,0,0,NaN,NaN,84.08457802715009,NaN,NaN,NaN,2469.2723205275934,2785.83754116,NaN,NaN,NaN,NaN,NaN,NaN,NaN,NaN,NaN,NaN,1
2022-04-22,2877.8370015726186,3072,2568,2844,2809.485029331155,2719.0337745017155,2844,0,0,2363,2362,0,0,0,0,NaN,NaN,87.28487099386257,NaN,NaN,NaN,2469.2723205275934,2785.83754116,NaN,NaN,NaN,NaN,NaN,NaN,NaN,NaN,NaN,NaN,1,0,0,0,0,NaN,NaN,87.28487099386257,NaN,NaN,NaN,2469.2723205275934,2785.83754116,NaN,NaN,NaN,NaN,NaN,NaN,NaN,NaN,NaN,NaN,1
2022-04-25,2860.9185007863093,2860.9185007863093,2544,2704.38,2790.375023998218,2718.8100527535976,2704.38,0,0,2363,2362,0,0,0,0,NaN,NaN,87.78773786293112,NaN,NaN,NaN,2469.2723205275934,2785.83754116,NaN,NaN,NaN,NaN,NaN,NaN,NaN,NaN,NaN,NaN,1,0,0,0,0,NaN,NaN,87.78773786293112,NaN,NaN,NaN,2469.2723205275934,2785.83754116,NaN,NaN,NaN,NaN,NaN,NaN,NaN,NaN,NaN,NaN,1
2022-04-26,2782.649250393155,2782.649250393155,2472,2621.19,2759.6141105439965,2717.3196702688097,2621.19,0,0,2363,2362,0,0,0,0,NaN,NaN,87.25544150717332,NaN,NaN,NaN,2469.2723205275934,2752.8864000000003,NaN,NaN,NaN,NaN,NaN,NaN,NaN,NaN,NaN,NaN,1,0,0,0,0,NaN,NaN,87.25544150717332,NaN,NaN,NaN,2469.2723205275934,2752.8864000000003,NaN,NaN,NaN,NaN,NaN,NaN,NaN,NaN,NaN,NaN,1
2022-04-27,2701.9196251965777,2746.92,2652,2704.23,2749.5442722632697,2717.1198279746295,2704.23,0,0,2363,2362,0,0,0,0,NaN,NaN,86.79505460794462,NaN,NaN,NaN,2469.2723205275934,2752.8864000000003,NaN,NaN,NaN,NaN,NaN,NaN,NaN,NaN,NaN,NaN,1,0,0,0,0,NaN,NaN,86.79505460794462,NaN,NaN,NaN,2469.2723205275934,2752.8864000000003,NaN,NaN,NaN,NaN,NaN,NaN,NaN,NaN,NaN,NaN,1
2022-04-28,2703.074812598289,2736,2612.64,2690.16,2738.747131851766,2716.708227547536,2690.16,0,0,2363,2362,0,0,0,0,NaN,NaN,85.91485812813615,NaN,NaN,NaN,2469.2723205275934,2752.8864000000003,NaN,NaN,NaN,NaN,NaN,NaN,NaN,NaN,NaN,NaN,1,0,0,0,0,NaN,NaN,85.91485812813615,NaN,NaN,NaN,2469.2723205275934,2752.8864000000003,NaN,NaN,NaN,NaN,NaN,NaN,NaN,NaN,NaN,NaN,1
2022-04-29,2696.6174062991445,2700,2652,2679,2727.884016969627,2716.132529417039,2679,0,0,2363,2362,0,0,0,0,NaN,NaN,84.94553149621733,NaN,NaN,NaN,2469.2723205275934,2752.8864000000003,NaN,NaN,NaN,NaN,NaN,NaN,NaN,NaN,NaN,NaN,1,0,0,0,0,NaN,NaN,84.94553149621733,NaN,NaN,NaN,2469.2723205275934,2752.8864000000003,NaN,NaN,NaN,NaN,NaN,NaN,NaN,NaN,NaN,NaN,1
2022-05-02,2687.8087031495725,2880,2664,2734.5,2729.0869229751493,2716.4129488152525,2734.5,0,0,2363,2362,0,0,0,0,NaN,NaN,84.34078917552486,NaN,NaN,NaN,2469.2723205275934,2752.8864000000003,NaN,NaN,NaN,NaN,NaN,NaN,NaN,NaN,NaN,NaN,1,0,0,0,0,NaN,NaN,84.34078917552486,NaN,NaN,NaN,2469.2723205275934,2752.8864000000003,NaN,NaN,NaN,NaN,NaN,NaN,NaN,NaN,NaN,NaN,1
2022-05-03,2711.1543515747862,2711.1543515747862,2604,2652,2715.0711187978495,2715.4295450165464,2652,0,0,2363,2362,0,0,0,0,NaN,NaN,82.81406295542982,NaN,NaN,NaN,2469.2723205275934,2752.8864000000003,NaN,NaN,NaN,NaN,NaN,NaN,NaN,NaN,NaN,NaN,1,0,0,0,0,NaN,NaN,82.81406295542982,NaN,NaN,NaN,2469.2723205275934,2752.8864000000003,NaN,NaN,NaN,NaN,NaN,NaN,NaN,NaN,NaN,NaN,1
2022-05-04,2681.577175787393,2742,2604,2691.96,2710.8690971982405,2715.0712313521717,2691.96,0,0,2363,2374,0,0,0,0,NaN,NaN,81.83164260280046,NaN,NaN,NaN,2469.2723205275934,2752.8864000000003,NaN,NaN,NaN,NaN,NaN,NaN,NaN,NaN,NaN,NaN,1,0,0,0,0,NaN,NaN,81.83164260280046,NaN,NaN,NaN,2469.2723205275934,2752.8864000000003,NaN,NaN,NaN,NaN,NaN,NaN,NaN,NaN,NaN,NaN,1
2022-05-05,2686.7685878936963,2802,2686.7685878936963,2755.5,2718.9838067985606,2715.6884644612987,2755.5,0,0,2363,2375,0,0,0,0,NaN,NaN,81.35199867623271,NaN,NaN,NaN,2469.2723205275934,2752.8864000000003,NaN,NaN,NaN,NaN,NaN,NaN,NaN,NaN,NaN,NaN,1,0,0,0,0,NaN,NaN,81.35199867623271,NaN,NaN,NaN,2469.2723205275934,2752.8864000000003,NaN,NaN,NaN,NaN,NaN,NaN,NaN,NaN,NaN,NaN,1
2022-05-06,2721.134293946848,2772,2652,2739,2722.623114653368,2716.044365767233,2739,0,0,2363,2376,0,0,0,0,NaN,NaN,80.91546180105121,NaN,NaN,NaN,2469.2723205275934,2752.8864000000003,NaN,NaN,NaN,NaN,NaN,NaN,NaN,NaN,NaN,NaN,1,0,0,0,0,NaN,NaN,80.91546180105121,NaN,NaN,NaN,2469.2723205275934,2752.8864000000003,NaN,NaN,NaN,NaN,NaN,NaN,NaN,NaN,NaN,NaN,1
2022-05-09,2730.0671469734243,2808,2652,2727,2723.418911989119,2716.211627358573,2727,0,0,2363,2377,0,0,0,0,NaN,NaN,79.93374372501432,NaN,NaN,NaN,2469.2723205275934,2752.8864000000003,NaN,NaN,NaN,NaN,NaN,NaN,NaN,NaN,NaN,NaN,1,0,0,0,0,NaN,NaN,79.93374372501432,NaN,NaN,NaN,2469.2723205275934,2752.8864000000003,NaN,NaN,NaN,NaN,NaN,NaN,NaN,NaN,NaN,NaN,1
2022-05-10,2728.533573486712,2728.533573486712,2244,2544,2690.7972916274607,2713.5824422080605,2544,0,0,2363,2378,0,0,0,0,NaN,NaN,76.34345113883069,NaN,NaN,NaN,2469.2723205275934,2709.182658,NaN,NaN,NaN,NaN,NaN,NaN,NaN,NaN,NaN,NaN,1,0,0,0,0,NaN,NaN,76.34345113883069,NaN,NaN,NaN,2469.2723205275934,2709.182658,NaN,NaN,NaN,NaN,NaN,NaN,NaN,NaN,NaN,NaN,1
2022-05-11,2636.266786743356,2636.266786743356,2412,2497.5,2655.652329513377,2710.2834736247314,2497.5,0,0,2363,2379,0,0,0,0,NaN,NaN,71.74910053354043,NaN,NaN,NaN,2469.2723205275934,2674.62669852,NaN,NaN,NaN,NaN,NaN,NaN,NaN,NaN,NaN,NaN,1,0,0,0,0,NaN,NaN,71.74910053354043,NaN,NaN,NaN,2469.2723205275934,2674.62669852,NaN,NaN,NaN,NaN,NaN,NaN,NaN,NaN,NaN,NaN,1
2022-05-12,2566.883393371678,2566.883393371678,2460,2484,2624.4428150563995,2706.828764103743,2484,0,0,2363,2380,0,0,0,0,NaN,NaN,66.9160362732668,NaN,NaN,NaN,2469.2723205275934,2651.3277956532,NaN,NaN,NaN,NaN,NaN,NaN,NaN,NaN,NaN,NaN,1,0,0,0,0,NaN,NaN,66.9160362732668,NaN,NaN,NaN,2469.2723205275934,2651.3277956532,NaN,NaN,NaN,NaN,NaN,NaN,NaN,NaN,NaN,NaN,1
2022-05-13,2525.441696685839,2525.441696685839,2388,2458.5299999999997,2594.2768486825084,2703.0379432777318,2458.5299999999997,0,0,2363,2381,0,0,0,0,NaN,NaN,61.122401395687554,NaN,NaN,NaN,2469.2723205275934,2616.9852601748157,NaN,NaN,NaN,NaN,NaN,NaN,NaN,NaN,NaN,NaN,1,0,0,0,0,NaN,NaN,61.122401395687554,NaN,NaN,NaN,2469.2723205275934,2616.9852601748157,NaN,NaN,NaN,NaN,NaN,NaN,NaN,NaN,NaN,NaN,1
2022-05-16,2491.9858483429193,2520,2376,2460,2569.86287619478,2699.3274403269265,2460,0,0,2363,2382,0,0,0,0,NaN,NaN,55.239775786118564,NaN,NaN,NaN,2469.2723205275934,2616.9852601748157,NaN,NaN,NaN,NaN,NaN,NaN,NaN,NaN,NaN,NaN,1,0,0,0,0,NaN,NaN,55.239775786118564,NaN,NaN,NaN,2469.2723205275934,2616.9852601748157,NaN,NaN,NaN,NaN,NaN,NaN,NaN,NaN,NaN,NaN,1
2022-05-17,2475.99292417146,2484,2400,2442,2546.615080523002,2695.3987771158286,2442,0,0,2363,2383,0,0,0,0,NaN,NaN,48.90540536182516,NaN,NaN,NaN,2469.2723205275934,2583.7122211485935,NaN,NaN,NaN,NaN,NaN,NaN,NaN,NaN,NaN,NaN,1,0,0,0,0,NaN,NaN,48.90540536182516,NaN,NaN,NaN,2469.2723205275934,2583.7122211485935,NaN,NaN,NaN,NaN,NaN,NaN,NaN,NaN,NaN,NaN,1
2022-05-18,2458.99646208573,2458.99646208573,2388.96,2415.51,2522.777793155183,2691.1256660148238,2415.51,0,0,2363,2384,0,0,0,0,NaN,NaN,42.74749750439468,NaN,NaN,NaN,2469.2723205275934,2542.5749213418467,NaN,NaN,NaN,NaN,NaN,NaN,NaN,NaN,NaN,NaN,1,0,0,0,0,NaN,NaN,42.74749750439468,NaN,NaN,NaN,2469.2723205275934,2542.5749213418467,NaN,NaN,NaN,NaN,NaN,NaN,NaN,NaN,NaN,NaN,1
2022-05-19,2437.253231042865,2496,2436,2472,2513.545467126968,2687.78023599933,2472,0,0,2363,2385,0,0,0,0,NaN,NaN,38.385022641743014,NaN,NaN,NaN,2469.2723205275934,2542.5749213418467,NaN,NaN,NaN,NaN,NaN,NaN,NaN,NaN,NaN,NaN,1,0,0,0,0,NaN,NaN,38.385022641743014,NaN,NaN,NaN,2469.2723205275934,2542.5749213418467,NaN,NaN,NaN,NaN,NaN,NaN,NaN,NaN,NaN,NaN,1
2022-05-20,2454.6266155214325,2520,2376,2433,2498.9008367402466,2683.8904614039207,2433,0,0,2363,2386,0,0,0,0,NaN,NaN,33.102154587138266,NaN,NaN,NaN,2469.2723205275934,2542.5749213418467,NaN,NaN,NaN,NaN,NaN,NaN,NaN,NaN,NaN,NaN,1,0,0,0,0,NaN,NaN,33.102154587138266,NaN,NaN,NaN,2469.2723205275934,2542.5749213418467,NaN,NaN,NaN,NaN,NaN,NaN,NaN,NaN,NaN,NaN,1
2022-05-23,2443.8133077607163,2550,2411.4,2485.35,2496.43704824202,2680.859309321418,2485.35,0,0,2363,2387,0,0,0,0,NaN,NaN,28.440344520701217,NaN,NaN,NaN,2469.2723205275934,2542.5749213418467,NaN,NaN,NaN,NaN,NaN,NaN,NaN,NaN,NaN,NaN,1,0,0,0,0,NaN,NaN,28.440344520701217,NaN,NaN,NaN,2469.2723205275934,2542.5749213418467,NaN,NaN,NaN,NaN,NaN,NaN,NaN,NaN,NaN,NaN,1
2022-05-24,2464.5816538803583,2580,2464.5816538803583,2523,2501.26667583438,2678.4492435302514,2523,0,0,2363,2388,0,0,0,0,NaN,NaN,25.11105590558314,NaN,NaN,NaN,2469.2723205275934,2542.5749213418467,NaN,NaN,NaN,NaN,NaN,NaN,NaN,NaN,NaN,NaN,1,0,0,0,0,NaN,NaN,25.11105590558314,NaN,NaN,NaN,2469.2723205275934,2542.5749213418467,NaN,NaN,NaN,NaN,NaN,NaN,NaN,NaN,NaN,NaN,1
2022-05-25,2493.790826940179,2658,2484,2571,2513.9454620463107,2676.8087970641404,2571,0,0,2363,2389,0,0,0,0,NaN,NaN,22.748995553877517,NaN,NaN,NaN,2469.2723205275934,2542.5749213418467,NaN,NaN,NaN,NaN,NaN,NaN,NaN,NaN,NaN,NaN,1,0,0,0,0,NaN,NaN,22.748995553877517,NaN,NaN,NaN,2469.2723205275934,2542.5749213418467,NaN,NaN,NaN,NaN,NaN,NaN,NaN,NaN,NaN,NaN,1
2022-05-26,2532.39541347009,2784,2532.39541347009,2691,2546.1371962197086,2677.0254566509475,2691,0,0,2363,2390,0,0,0,0,NaN,NaN,21.41879006067924,NaN,NaN,NaN,2469.2723205275934,2582.18145,NaN,NaN,NaN,NaN,NaN,NaN,NaN,NaN,NaN,NaN,1,0,0,0,0,NaN,NaN,21.41879006067924,NaN,NaN,NaN,2469.2723205275934,2582.18145,NaN,NaN,NaN,NaN,NaN,NaN,NaN,NaN,NaN,NaN,1
2022-05-27,2611.697706735045,2784,2611.697706735045,2773.71,2587.514069634307,2678.5015565494064,2773.71,0,0,2363,2391,0,0,0,0,NaN,NaN,21.266919965613027,NaN,NaN,NaN,2469.2723205275934,2628.0416565,NaN,NaN,NaN,NaN,NaN,NaN,NaN,NaN,NaN,NaN,1,0,0,0,0,NaN,NaN,21.266919965613027,NaN,NaN,NaN,2469.2723205275934,2628.0416565,NaN,NaN,NaN,NaN,NaN,NaN,NaN,NaN,NaN,NaN,1
2022-05-31,2692.7038533675222,2827.8,2612.4,2734.86,2614.3042387917058,2679.3619908005603,2734.86,0,0,2363,2392,0,0,0,0,NaN,NaN,21.310450578320093,NaN,NaN,NaN,2469.2723205275934,2628.0416565,NaN,NaN,NaN,NaN,NaN,NaN,NaN,NaN,NaN,NaN,1,0,0,0,0,NaN,NaN,21.310450578320093,NaN,NaN,NaN,2469.2723205275934,2628.0416565,NaN,NaN,NaN,NaN,NaN,NaN,NaN,NaN,NaN,NaN,1
2022-06-01,2713.7819266837614,2820,2713.7819266837614,2784,2645.15801355685,2680.959517658567,2784,0,0,2363,2393,0,0,0,0,NaN,NaN,22.624894098142427,NaN,NaN,NaN,2469.2723205275934,2642.23545711,NaN,NaN,NaN,NaN,NaN,NaN,NaN,NaN,NaN,NaN,1,0,0,0,0,NaN,NaN,22.624894098142427,NaN,NaN,NaN,2469.2723205275934,2642.23545711,NaN,NaN,NaN,NaN,NaN,NaN,NaN,NaN,NaN,NaN,1
2022-06-02,2748.8909633418807,2820,2736,2793,2672.0383747283317,2682.6700593737037,2793,0,0,2363,2394,0,0,0,0,NaN,NaN,23.535269335022015,NaN,NaN,NaN,2469.2723205275934,2659.8992659701,NaN,NaN,NaN,NaN,NaN,NaN,NaN,NaN,NaN,NaN,1,0,0,0,0,NaN,NaN,23.535269335022015,NaN,NaN,NaN,2469.2723205275934,2659.8992659701,NaN,NaN,NaN,NaN,NaN,NaN,NaN,NaN,NaN,NaN,1
2022-06-03,2770.9454816709404,3120,2770.9454816709404,3039,2738.7586702322715,2688.1102111389905,3039,0,0,2363,2395,1,0,0,0,NaN,NaN,25.263216184783527,NaN,NaN,NaN,2469.2723205275934,2813.631354053688,NaN,NaN,NaN,NaN,NaN,NaN,NaN,NaN,NaN,NaN,1,1,0,0,0,NaN,NaN,25.263216184783527,NaN,NaN,NaN,2469.2723205275934,2813.631354053688,NaN,NaN,NaN,NaN,NaN,NaN,NaN,NaN,NaN,NaN,1
2022-06-06,2904.97274083547,3156,2904.97274083547,3111,2806.438912008222,2694.566543793357,3111,0,0,2363,2396,0,0,0,0,NaN,NaN,27.13480923540003,NaN,NaN,NaN,2469.2723205275934,2888.8366509456346,NaN,NaN,NaN,NaN,NaN,NaN,NaN,NaN,NaN,NaN,1,0,0,0,0,NaN,NaN,27.13480923540003,NaN,NaN,NaN,2469.2723205275934,2888.8366509456346,NaN,NaN,NaN,NaN,NaN,NaN,NaN,NaN,NaN,NaN,1
2022-06-07,3007.986370417735,3180,3007.986370417735,3150,2868.9045643703635,2701.5197263308633,3150,0,0,2363,2397,0,0,0,0,NaN,NaN,28.881993324672745,NaN,NaN,NaN,2469.2723205275934,2951.8360537754206,NaN,NaN,NaN,NaN,NaN,NaN,NaN,NaN,NaN,NaN,1,0,0,0,0,NaN,NaN,28.881993324672745,NaN,NaN,NaN,2469.2723205275934,2951.8360537754206,NaN,NaN,NaN,NaN,NaN,NaN,NaN,NaN,NaN,NaN,1
2022-06-08,3078.9931852088675,3192,3078.9931852088675,3153,2920.5582799393883,2708.412554936499,3153,0,0,2363,2398,0,0,0,0,NaN,NaN,29.791351536900468,NaN,NaN,NaN,2469.2723205275934,2995.2654824825822,NaN,NaN,NaN,NaN,NaN,NaN,NaN,NaN,NaN,NaN,1,0,0,0,0,NaN,NaN,29.791351536900468,NaN,NaN,NaN,2469.2723205275934,2995.2654824825822,NaN,NaN,NaN,NaN,NaN,NaN,NaN,NaN,NaN,NaN,1
2022-06-09,3115.9965926044338,3180.12,3045.72,3119.49,2956.7276835867724,2714.688546464186,3119.49,0,0,2363,2399,0,0,0,0,NaN,NaN,31.140437420729437,NaN,NaN,NaN,2469.2723205275934,2995.2654824825822,NaN,NaN,NaN,NaN,NaN,NaN,NaN,NaN,NaN,NaN,1,0,0,0,0,NaN,NaN,31.140437420729437,NaN,NaN,NaN,2469.2723205275934,2995.2654824825822,NaN,NaN,NaN,NaN,NaN,NaN,NaN,NaN,NaN,NaN,1
2022-06-10,3117.7432963022165,3117.7432963022165,2772,2940,2953.6862865709954,2718.128415983817,2940,0,0,2363,2400,0,0,0,0,NaN,NaN,31.734320155654355,NaN,NaN,NaN,2469.2723205275934,2995.2654824825822,NaN,NaN,NaN,NaN,NaN,NaN,NaN,NaN,NaN,NaN,1,0,0,0,0,NaN,NaN,31.734320155654355,NaN,NaN,NaN,2469.2723205275934,2995.2654824825822,NaN,NaN,NaN,NaN,NaN,NaN,NaN,NaN,NaN,NaN,1
2022-06-13,3028.8716481511083,3028.8716481511083,2760,2808.66,2927.3178708308146,2719.5105775718503,2808.66,0,0,2363,2401,0,0,0,0,NaN,NaN,31.29013777836101,NaN,NaN,NaN,2469.2723205275934,2939.5092,NaN,NaN,NaN,NaN,NaN,NaN,NaN,NaN,NaN,NaN,1,0,0,0,0,NaN,NaN,31.29013777836101,NaN,NaN,NaN,2469.2723205275934,2939.5092,NaN,NaN,NaN,NaN,NaN,NaN,NaN,NaN,NaN,NaN,1
2022-06-14,2918.765824075554,2918.765824075554,2652,2715.0299999999997,2888.720076134303,2719.4421718073945,2715.0299999999997,0,0,2363,2402,0,0,0,0,NaN,NaN,29.412331847525486,NaN,NaN,NaN,2469.2723205275934,2887.3642739999996,NaN,NaN,NaN,NaN,NaN,NaN,NaN,NaN,NaN,NaN,1,0,0,0,0,NaN,NaN,29.412331847525486,NaN,NaN,NaN,2469.2723205275934,2887.3642739999996,NaN,NaN,NaN,NaN,NaN,NaN,NaN,NaN,NaN,NaN,1
2022-06-15,2816.897912037777,2832,2652,2772,2867.498244109884,2720.244581398121,2772,0,0,2363,2403,0,0,0,0,NaN,NaN,28.120223404240523,NaN,NaN,NaN,2469.2723205275934,2887.3642739999996,NaN,NaN,NaN,NaN,NaN,NaN,NaN,NaN,NaN,NaN,1,0,0,0,0,NaN,NaN,28.120223404240523,NaN,NaN,NaN,2469.2723205275934,2887.3642739999996,NaN,NaN,NaN,NaN,NaN,NaN,NaN,NaN,NaN,NaN,1
2022-06-16,2794.4489560188886,2820,2700,2772,2850.134926998996,2721.0347404607455,2772,0,0,2363,2404,0,0,0,0,NaN,NaN,26.54362611865716,NaN,NaN,NaN,2469.2723205275934,2887.3642739999996,NaN,NaN,NaN,NaN,NaN,NaN,NaN,NaN,NaN,NaN,1,0,0,0,0,NaN,NaN,26.54362611865716,NaN,NaN,NaN,2469.2723205275934,2887.3642739999996,NaN,NaN,NaN,NaN,NaN,NaN,NaN,NaN,NaN,NaN,1
2022-06-17,2783.2244780094443,2988,2736,2880,2855.564940271906,2723.4616909880624,2880,0,0,2363,2405,0,0,0,0,NaN,NaN,25.61767496608887,NaN,NaN,NaN,2469.2723205275934,2887.3642739999996,NaN,NaN,NaN,NaN,NaN,NaN,NaN,NaN,NaN,NaN,1,0,0,0,0,NaN,NaN,25.61767496608887,NaN,NaN,NaN,2469.2723205275934,2887.3642739999996,NaN,NaN,NaN,NaN,NaN,NaN,NaN,NaN,NaN,NaN,1
2022-06-21,2831.612239004722,2987.88,2796,2855.9700000000003,2855.6385874951957,2725.4847186065654,2855.9700000000003,0,0,2363,2406,0,0,0,0,NaN,NaN,24.504443206245824,NaN,NaN,NaN,2469.2723205275934,2887.3642739999996,NaN,NaN,NaN,NaN,NaN,NaN,NaN,NaN,NaN,NaN,1,0,0,0,0,NaN,NaN,24.504443206245824,NaN,NaN,NaN,2469.2723205275934,2887.3642739999996,NaN,NaN,NaN,NaN,NaN,NaN,NaN,NaN,NaN,NaN,1
2022-06-22,2843.791119502361,2880.36,2772.12,2827.62,2850.5442988597056,2727.0440358797478,2827.62,0,0,2363,2407,0,0,0,0,NaN,NaN,23.44139259085482,NaN,NaN,NaN,2469.2723205275934,2887.3642739999996,NaN,NaN,NaN,NaN,NaN,NaN,NaN,NaN,NaN,NaN,1,0,0,0,0,NaN,NaN,23.44139259085482,NaN,NaN,NaN,2469.2723205275934,2887.3642739999996,NaN,NaN,NaN,NaN,NaN,NaN,NaN,NaN,NaN,NaN,1
2022-06-23,2835.7055597511808,2952,2805.48,2858.37,2851.9671536124865,2729.049012431202,2858.3699999999994,0,0,2363,2408,0,0,0,0,NaN,NaN,22.762564714012072,NaN,NaN,NaN,2469.2723205275934,2887.3642739999996,NaN,NaN,NaN,NaN,NaN,NaN,NaN,NaN,NaN,NaN,1,0,0,0,0,NaN,NaN,22.762564714012072,NaN,NaN,NaN,2469.2723205275934,2887.3642739999996,NaN,NaN,NaN,NaN,NaN,NaN,NaN,NaN,NaN,NaN,1
2022-06-24,2847.0377798755903,2868,2676,2766,2836.3367620465797,2729.6131496459925,2766,0,0,2363,2409,0,0,0,0,NaN,NaN,21.078785752562275,NaN,NaN,NaN,2469.2723205275934,2887.3642739999996,NaN,NaN,NaN,NaN,NaN,NaN,NaN,NaN,NaN,NaN,1,0,0,0,0,NaN,NaN,21.078785752562275,NaN,NaN,NaN,2469.2723205275934,2887.3642739999996,NaN,NaN,NaN,NaN,NaN,NaN,NaN,NaN,NaN,NaN,1
2022-06-27,2806.5188899377954,3144,2760,2949,2856.8209871290196,2732.962567208649,2948.9999999999995,0,0,2363,2410,0,0,0,0,NaN,NaN,20.446977135193382,NaN,NaN,NaN,2469.2723205275934,2887.3642739999996,NaN,NaN,NaN,NaN,NaN,NaN,NaN,NaN,NaN,NaN,1,0,0,0,0,NaN,NaN,20.446977135193382,NaN,NaN,NaN,2469.2723205275934,2887.3642739999996,NaN,NaN,NaN,NaN,NaN,NaN,NaN,NaN,NaN,NaN,1
2022-06-28,2877.7594449688977,3108,2877.7594449688977,3051,2892.1262621964706,2737.818100533708,3051,0,0,2411,2410,0,0,0,0,NaN,NaN,20.47751377134702,NaN,NaN,NaN,2469.2723205275934,2887.3642739999996,NaN,NaN,NaN,NaN,NaN,NaN,NaN,NaN,NaN,NaN,1,0,0,0,0,NaN,NaN,20.47751377134702,NaN,NaN,NaN,2469.2723205275934,2887.3642739999996,NaN,NaN,NaN,NaN,NaN,NaN,NaN,NaN,NaN,NaN,1
2022-06-29,2964.379722484449,3144,2940,3027,2916.6487599789307,2742.233091365254,3027,0,0,2411,2410,0,0,0,0,NaN,NaN,20.60974220830337,NaN,NaN,NaN,2469.2723205275934,2887.3642739999996,NaN,NaN,NaN,NaN,NaN,NaN,NaN,NaN,NaN,NaN,1,0,0,0,0,NaN,NaN,20.60974220830337,NaN,NaN,NaN,2469.2723205275934,2887.3642739999996,NaN,NaN,NaN,NaN,NaN,NaN,NaN,NaN,NaN,NaN,1
2022-06-30,2995.6898612422247,3084,2796,2931,2919.258076346398,2745.1150289016623,2931,0,0,2411,2410,0,0,0,0,NaN,NaN,19.67647826949379,NaN,NaN,NaN,2469.2723205275934,2887.3642739999996,NaN,NaN,NaN,NaN,NaN,NaN,NaN,NaN,NaN,NaN,1,0,0,0,0,NaN,NaN,19.67647826949379,NaN,NaN,NaN,2469.2723205275934,2887.3642739999996,NaN,NaN,NaN,NaN,NaN,NaN,NaN,NaN,NaN,NaN,1
2022-07-01,2963.3449306211123,3132,2958,3039.21,2941.0675170106892,2749.6050284604157,3039.21,0,0,2411,2410,0,0,0,0,NaN,NaN,19.442966832145867,NaN,NaN,NaN,2469.2723205275934,2887.3642739999996,NaN,NaN,NaN,NaN,NaN,NaN,NaN,NaN,NaN,NaN,1,0,0,0,0,NaN,NaN,19.442966832145867,NaN,NaN,NaN,2469.2723205275934,2887.3642739999996,NaN,NaN,NaN,NaN,NaN,NaN,NaN,NaN,NaN,NaN,1
2022-07-05,3001.277465310556,3120,2988,3033,2957.7825139178367,2753.9316692472794,3033,0,0,2411,2410,0,0,0,0,NaN,NaN,19.221154013848828,NaN,NaN,NaN,2469.2723205275934,2887.3642739999996,NaN,NaN,NaN,NaN,NaN,NaN,NaN,NaN,NaN,NaN,1,0,0,0,0,NaN,NaN,19.221154013848828,NaN,NaN,NaN,2469.2723205275934,2887.3642739999996,NaN,NaN,NaN,NaN,NaN,NaN,NaN,NaN,NaN,NaN,1
2022-07-06,3017.138732655278,3096,2935.8,2985.9,2962.8947841145937,2757.473170480145,2985.9,0,0,2411,2410,0,0,0,0,NaN,NaN,19.06182947088601,NaN,NaN,NaN,2469.2723205275934,2887.3642739999996,NaN,NaN,NaN,NaN,NaN,NaN,NaN,NaN,NaN,NaN,1,0,0,0,0,NaN,NaN,19.06182947088601,NaN,NaN,NaN,2469.2723205275934,2887.3642739999996,NaN,NaN,NaN,NaN,NaN,NaN,NaN,NaN,NaN,NaN,1
2022-07-07,3001.519366327639,3123.48,3001.519366327639,3087.2699999999995,2985.508459730122,2762.5082365796848,3087.27,1,0,2411,2410,0,0,0,0,NaN,NaN,20.292855215406192,NaN,NaN,NaN,2469.2723205275934,2912.3171999999995,NaN,NaN,NaN,NaN,NaN,NaN,NaN,NaN,NaN,NaN,1,0,0,0,0,NaN,NaN,20.292855215406192,NaN,NaN,NaN,2469.2723205275934,2912.3171999999995,NaN,NaN,NaN,NaN,NaN,NaN,NaN,NaN,NaN,NaN,1
2022-07-08,3044.3946831638195,3060,2916,2991,2986.5069215973726,2765.996660448697,2991,0,0,2411,2410,0,0,0,0,NaN,NaN,20.957197721460556,NaN,NaN,NaN,2469.2723205275934,2912.3171999999995,NaN,NaN,NaN,NaN,NaN,NaN,NaN,NaN,NaN,NaN,1,0,0,0,0,NaN,NaN,20.957197721460556,NaN,NaN,NaN,2469.2723205275934,2912.3171999999995,NaN,NaN,NaN,NaN,NaN,NaN,NaN,NaN,NaN,NaN,1
2022-07-11,3017.6973415819098,3084,2904,3001.59,2989.2492994887593,2769.593505327343,3001.59,0,0,2411,2410,0,0,0,0,NaN,NaN,21.93699056984155,NaN,NaN,NaN,2469.2723205275934,2912.3171999999995,NaN,NaN,NaN,NaN,NaN,NaN,NaN,NaN,NaN,NaN,1,0,0,0,0,NaN,NaN,21.93699056984155,NaN,NaN,NaN,2469.2723205275934,2912.3171999999995,NaN,NaN,NaN,NaN,NaN,NaN,NaN,NaN,NaN,NaN,1
2022-07-12,3009.643670790955,3009.643670790955,2952,2977.8,2987.167608672621,2772.772230436849,2977.8,0,0,2411,2410,0,0,0,0,NaN,NaN,22.74946096216691,NaN,NaN,NaN,2469.2723205275934,2912.3171999999995,NaN,NaN,NaN,NaN,NaN,NaN,NaN,NaN,NaN,NaN,1,0,0,0,0,NaN,NaN,22.74946096216691,NaN,NaN,NaN,2469.2723205275934,2912.3171999999995,NaN,NaN,NaN,NaN,NaN,NaN,NaN,NaN,NaN,NaN,1
2022-07-13,2993.7218353954777,3096,2892,3032.13,2995.3425889139626,2776.7318910408667,3032.13,0,0,2411,2410,0,0,0,0,NaN,NaN,24.78849584742619,NaN,NaN,NaN,2469.2723205275934,2912.3171999999995,NaN,NaN,NaN,NaN,NaN,NaN,NaN,NaN,NaN,NaN,1,0,0,0,0,NaN,NaN,24.78849584742619,NaN,NaN,NaN,2469.2723205275934,2912.3171999999995,NaN,NaN,NaN,NaN,NaN,NaN,NaN,NaN,NaN,NaN,1
2022-07-14,3012.925917697739,3012.925917697739,2880,2952,2987.462118202333,2779.407740032609,2952,0,0,2411,2410,0,0,0,0,NaN,NaN,26.360978546234996,NaN,NaN,NaN,2469.2723205275934,2912.3171999999995,NaN,NaN,NaN,NaN,NaN,NaN,NaN,NaN,NaN,NaN,1,0,0,0,0,NaN,NaN,26.360978546234996,NaN,NaN,NaN,2469.2723205275934,2912.3171999999995,NaN,NaN,NaN,NaN,NaN,NaN,NaN,NaN,NaN,NaN,1
2022-07-15,2982.4629588488697,2982.4629588488697,2856,2869.8,2966.0690058019086,2780.7877745359283,2869.8,0,0,2411,2410,0,0,0,0,NaN,NaN,26.902275934836585,NaN,NaN,NaN,2469.2723205275934,2912.3171999999995,NaN,NaN,NaN,NaN,NaN,NaN,NaN,NaN,NaN,NaN,1,0,0,0,0,NaN,NaN,26.902275934836585,NaN,NaN,NaN,2469.2723205275934,2912.3171999999995,NaN,NaN,NaN,NaN,NaN,NaN,NaN,NaN,NaN,NaN,1
2022-07-18,2926.131479424435,2940,2904,2922,2958.0564592924707,2782.9436863750743,2922,0,0,2411,2410,0,0,0,0,NaN,NaN,26.932885583167295,NaN,NaN,NaN,2469.2723205275934,2912.3171999999995,NaN,NaN,NaN,NaN,NaN,NaN,NaN,NaN,NaN,NaN,1,0,0,0,0,NaN,NaN,26.932885583167295,NaN,NaN,NaN,2469.2723205275934,2912.3171999999995,NaN,NaN,NaN,NaN,NaN,NaN,NaN,NaN,NaN,NaN,1
2022-07-19,2924.0657397122177,2928,2866.44,2888.61,2945.4298303302035,2784.5569125372867,2888.61,0,0,2411,2410,0,0,0,0,NaN,NaN,27.124015775246974,NaN,NaN,NaN,2469.2723205275934,2912.3171999999995,NaN,NaN,NaN,NaN,NaN,NaN,NaN,NaN,NaN,NaN,1,0,0,0,0,NaN,NaN,27.124015775246974,NaN,NaN,NaN,2469.2723205275934,2912.3171999999995,NaN,NaN,NaN,NaN,NaN,NaN,NaN,NaN,NaN,NaN,1
2022-07-20,2906.337869856109,2916,2892,2904.6,2938.006224815621,2786.389631429847,2904.6,0,0,2411,2410,0,0,0,0,NaN,NaN,28.446425512446684,NaN,NaN,NaN,2469.2723205275934,2912.3171999999995,NaN,NaN,NaN,NaN,NaN,NaN,NaN,NaN,NaN,NaN,1,0,0,0,0,NaN,NaN,28.446425512446684,NaN,NaN,NaN,2469.2723205275934,2912.3171999999995,NaN,NaN,NaN,NaN,NaN,NaN,NaN,NaN,NaN,NaN,1
2022-07-21,2905.4689349280543,2970.12,2892,2929.5299999999997,2936.4650930309626,2788.5749805683226,2929.5299999999997,0,0,2411,2410,0,0,0,0,NaN,NaN,29.427460727442256,NaN,NaN,NaN,2469.2723205275934,2912.3171999999995,NaN,NaN,NaN,NaN,NaN,NaN,NaN,NaN,NaN,NaN,1,0,0,0,0,NaN,NaN,29.427460727442256,NaN,NaN,NaN,2469.2723205275934,2912.3171999999995,NaN,NaN,NaN,NaN,NaN,NaN,NaN,NaN,NaN,NaN,1
2022-07-22,2917.499467464027,3000,2892,2925.36,2934.4459852071514,2790.6633014756767,2925.36,0,0,2411,2410,0,0,0,0,NaN,NaN,30.24818035911488,NaN,NaN,NaN,2469.2723205275934,2912.3171999999995,NaN,NaN,NaN,NaN,NaN,NaN,NaN,NaN,NaN,NaN,1,0,0,0,0,NaN,NaN,30.24818035911488,NaN,NaN,NaN,2469.2723205275934,2912.3171999999995,NaN,NaN,NaN,NaN,NaN,NaN,NaN,NaN,NaN,NaN,1
2022-07-25,2921.4297337320136,3036,2921.4297337320136,3028.17,2951.4867151694875,2794.289357941697,3028.17,0,0,2411,2410,0,0,0,0,NaN,NaN,31.89495875540469,NaN,NaN,NaN,2469.2723205275934,2912.3171999999995,NaN,NaN,NaN,NaN,NaN,NaN,NaN,NaN,NaN,NaN,1,0,0,0,0,NaN,NaN,31.89495875540469,NaN,NaN,NaN,2469.2723205275934,2912.3171999999995,NaN,NaN,NaN,NaN,NaN,NaN,NaN,NaN,NaN,NaN,1
2022-07-26,2974.7998668660066,3024,2916,2970,2954.8527669568534,2796.971963163961,2970,0,0,2411,2410,0,0,0,0,NaN,NaN,31.823639275210773,NaN,NaN,NaN,2469.2723205275934,2912.3171999999995,NaN,NaN,NaN,NaN,NaN,NaN,NaN,NaN,NaN,NaN,1,0,0,0,0,NaN,NaN,31.823639275210773,NaN,NaN,NaN,2469.2723205275934,2912.3171999999995,NaN,NaN,NaN,NaN,NaN,NaN,NaN,NaN,NaN,NaN,1
2022-07-27,2972.3999334330033,2976,2940,2958,2955.4249911465163,2799.4304064744347,2958,0,0,2411,2410,0,0,0,0,NaN,NaN,31.235660014898407,NaN,NaN,NaN,2469.2723205275934,2912.3171999999995,NaN,NaN,NaN,NaN,NaN,NaN,NaN,NaN,NaN,NaN,1,0,0,0,0,NaN,NaN,31.235660014898407,NaN,NaN,NaN,2469.2723205275934,2912.3171999999995,NaN,NaN,NaN,NaN,NaN,NaN,NaN,NaN,NaN,NaN,1
2022-07-28,2965.199966716502,3000,2892,2958,2955.8931745744226,2801.8513162992526,2958,0,0,2411,2410,0,0,0,0,NaN,NaN,32.10077156683887,NaN,NaN,NaN,2469.2723205275934,2912.3171999999995,NaN,NaN,NaN,NaN,NaN,NaN,NaN,NaN,NaN,NaN,1,0,0,0,0,NaN,NaN,32.10077156683887,NaN,NaN,NaN,2469.2723205275934,2912.3171999999995,NaN,NaN,NaN,NaN,NaN,NaN,NaN,NaN,NaN,NaN,1
2022-07-29,2961.599983358251,2964,2832,2907,2947.0035064699823,2803.4566397145313,2907,0,0,2411,2410,0,0,0,0,NaN,NaN,32.84302377807419,NaN,NaN,NaN,2469.2723205275934,2912.3171999999995,NaN,NaN,NaN,NaN,NaN,NaN,NaN,NaN,NaN,NaN,1,0,0,0,0,NaN,NaN,32.84302377807419,NaN,NaN,NaN,2469.2723205275934,2912.3171999999995,NaN,NaN,NaN,NaN,NaN,NaN,NaN,NaN,NaN,NaN,1
2022-08-01,2934.2999916791255,2934.2999916791255,2880,2892,2937.0028689299857,2804.8084467417902,2892,0,0,2411,2410,0,0,0,0,NaN,NaN,33.9615928853696,NaN,NaN,NaN,2469.2723205275934,2912.3171999999995,NaN,NaN,NaN,NaN,NaN,NaN,NaN,NaN,NaN,NaN,1,0,0,0,0,NaN,NaN,33.9615928853696,NaN,NaN,NaN,2469.2723205275934,2912.3171999999995,NaN,NaN,NaN,NaN,NaN,NaN,NaN,NaN,NaN,NaN,1
2022-08-02,2913.1499958395625,2913.1499958395625,2880,2886,2927.7296200336245,2806.048012440389,2886,0,0,2411,2410,0,0,0,0,NaN,NaN,36.59819799254031,NaN,NaN,NaN,2469.2723205275934,2912.3171999999995,NaN,NaN,NaN,NaN,NaN,NaN,NaN,NaN,NaN,NaN,1,0,0,0,0,NaN,NaN,36.59819799254031,NaN,NaN,NaN,2469.2723205275934,2912.3171999999995,NaN,NaN,NaN,NaN,NaN,NaN,NaN,NaN,NaN,NaN,1
2022-08-03,2899.5749979197813,2916,2899.5749979197813,2916,2925.596961845693,2807.726668739009,2916,0,0,2411,2410,0,0,0,0,NaN,NaN,39.17249419776244,NaN,NaN,NaN,2469.2723205275934,2912.3171999999995,NaN,NaN,NaN,NaN,NaN,NaN,NaN,NaN,NaN,NaN,1,0,0,0,0,NaN,NaN,39.17249419776244,NaN,NaN,NaN,2469.2723205275934,2912.3171999999995,NaN,NaN,NaN,NaN,NaN,NaN,NaN,NaN,NaN,NaN,1
2022-08-04,2907.7874989598904,2947.08,2868,2908.77,2922.537514237385,2809.2693150178025,2908.77,0,0,2411,2410,0,0,0,0,NaN,NaN,41.660665246074004,NaN,NaN,NaN,2469.2723205275934,2912.3171999999995,NaN,NaN,NaN,NaN,NaN,NaN,NaN,NaN,NaN,NaN,1,0,0,0,0,NaN,NaN,41.660665246074004,NaN,NaN,NaN,2469.2723205275934,2912.3171999999995,NaN,NaN,NaN,NaN,NaN,NaN,NaN,NaN,NaN,NaN,1
2022-08-05,2908.278749479945,2964,2820,2892,2916.985238921497,2810.5323789106606,2892,0,0,2411,2410,0,0,0,0,NaN,NaN,43.22799036321951,NaN,NaN,NaN,2469.2723205275934,2912.3171999999995,NaN,NaN,NaN,NaN,NaN,NaN,NaN,NaN,NaN,NaN,1,0,0,0,0,NaN,NaN,43.22799036321951,NaN,NaN,NaN,2469.2723205275934,2912.3171999999995,NaN,NaN,NaN,NaN,NaN,NaN,NaN,NaN,NaN,NaN,1
2022-08-08,2900.1393747399725,2900.1393747399725,2640,2763,2888.9879227539523,2809.806693736452,2763,0,0,2411,2410,0,0,0,0,NaN,NaN,40.690851672622294,NaN,NaN,NaN,2469.2723205275934,2912.3171999999995,NaN,NaN,NaN,NaN,NaN,NaN,NaN,NaN,NaN,NaN,1,0,0,0,0,NaN,NaN,40.690851672622294,NaN,NaN,NaN,2469.2723205275934,2912.3171999999995,NaN,NaN,NaN,NaN,NaN,NaN,NaN,NaN,NaN,NaN,1
2022-08-09,2831.5696873699862,2831.5696873699862,2604,2664,2848.081027707779,2807.580637343529,2664,0,0,2411,2410,0,0,0,0,NaN,NaN,35.52914783672031,NaN,NaN,NaN,2469.2723205275934,2869.2859499999995,NaN,NaN,NaN,NaN,NaN,NaN,NaN,NaN,NaN,NaN,1,0,0,0,0,NaN,NaN,35.52914783672031,NaN,NaN,NaN,2469.2723205275934,2869.2859499999995,NaN,NaN,NaN,NaN,NaN,NaN,NaN,NaN,NaN,NaN,1
2022-08-10,2747.784843684993,2844,2544,2700,2821.1572044881827,2805.938184865002,2700,0,0,2411,2410,0,0,0,0,NaN,NaN,32.155348233491104,NaN,NaN,NaN,2469.2723205275934,2869.2859499999995,NaN,NaN,NaN,NaN,NaN,NaN,NaN,NaN,NaN,NaN,1,0,0,0,0,NaN,NaN,32.155348233491104,NaN,NaN,NaN,2469.2723205275934,2869.2859499999995,NaN,NaN,NaN,NaN,NaN,NaN,NaN,NaN,NaN,NaN,1
2022-08-11,2723.8924218424963,2723.8924218424963,2484,2550.48,2771.9431673085132,2802.038059905231,2550.48,0,0,2411,2410,0,0,0,0,NaN,NaN,26.310076760607277,NaN,NaN,NaN,2469.2723205275934,2804.6645714999995,NaN,NaN,NaN,NaN,NaN,NaN,NaN,NaN,NaN,NaN,1,0,0,0,0,NaN,NaN,26.310076760607277,NaN,NaN,NaN,2469.2723205275934,2804.6645714999995,NaN,NaN,NaN,NaN,NaN,NaN,NaN,NaN,NaN,NaN,1
2022-08-12,2637.186210921248,2637.186210921248,2412,2491.89,2721.0244096160563,2797.3029750211817,2491.89,0,0,2411,2410,0,0,0,0,NaN,NaN,20.20913108246228,NaN,NaN,NaN,2469.2723205275934,2758.3607972099994,NaN,NaN,NaN,NaN,NaN,NaN,NaN,NaN,NaN,NaN,1,0,0,0,0,NaN,NaN,20.20913108246228,NaN,NaN,NaN,2469.2723205275934,2758.3607972099994,NaN,NaN,NaN,NaN,NaN,NaN,NaN,NaN,NaN,NaN,1
2022-08-15,2564.538105460624,2564.538105460624,2412,2430,2668.1108805949552,2791.695296013225,2430,0,0,2411,2410,0,0,0,0,NaN,NaN,14.798318702446768,NaN,NaN,NaN,2469.2723205275934,2700.6483754610995,NaN,NaN,NaN,NaN,NaN,NaN,NaN,NaN,NaN,NaN,1,0,0,0,0,NaN,NaN,14.798318702446768,NaN,NaN,NaN,2469.2723205275934,2700.6483754610995,NaN,NaN,NaN,NaN,NaN,NaN,NaN,NaN,NaN,NaN,1
2022-08-16,2497.269052730312,2497.269052730312,2388,2445,2627.545265941327,2786.4022380588244,2445,0,0,2411,2410,0,0,0,0,NaN,NaN,10.091533382594921,NaN,NaN,NaN,2469.2723205275934,2700.6483754610995,NaN,NaN,NaN,NaN,NaN,NaN,NaN,NaN,NaN,NaN,1,0,0,0,0,NaN,NaN,10.091533382594921,NaN,NaN,NaN,2469.2723205275934,2700.6483754610995,NaN,NaN,NaN,NaN,NaN,NaN,NaN,NaN,NaN,NaN,1
2022-08-17,2471.134526365156,2636.4,2471.134526365156,2544.81,2612.5024903156313,2782.7138069434227,2544.81,0,0,2411,2410,0,0,0,0,NaN,NaN,7.385493173977224,NaN,NaN,NaN,2469.2723205275934,2700.6483754610995,NaN,NaN,NaN,NaN,NaN,NaN,NaN,NaN,NaN,NaN,1,0,0,0,0,NaN,NaN,7.385493173977224,NaN,NaN,NaN,2469.2723205275934,2700.6483754610995,NaN,NaN,NaN,NaN,NaN,NaN,NaN,NaN,NaN,NaN,1
2022-08-18,2507.972263182578,2532,2507.972263182578,2521.56,2595.9674920764255,2778.726725921386,2521.56,0,0,2411,2410,0,0,0,0,NaN,NaN,5.339695725157761,NaN,NaN,NaN,2469.2723205275934,2700.6483754610995,NaN,NaN,NaN,NaN,NaN,NaN,NaN,NaN,NaN,NaN,1,0,0,0,0,NaN,NaN,5.339695725157761,NaN,NaN,NaN,2469.2723205275934,2700.6483754610995,NaN,NaN,NaN,NaN,NaN,NaN,NaN,NaN,NaN,NaN,1
2022-08-19,2514.766131591289,2555.88,2472,2519.94,2582.1443116988935,2774.7757835409066,2519.94,0,0,2411,2410,0,0,0,0,NaN,NaN,3.614703994175445,NaN,NaN,NaN,2469.2723205275934,2700.6483754610995,NaN,NaN,NaN,NaN,NaN,NaN,NaN,NaN,NaN,NaN,1,0,0,0,0,NaN,NaN,3.614703994175445,NaN,NaN,NaN,2469.2723205275934,2700.6483754610995,NaN,NaN,NaN,NaN,NaN,NaN,NaN,NaN,NaN,NaN,1
2022-08-22,2517.3530657956444,2517.3530657956444,2400,2454.0299999999997,2558.8508004809128,2769.8789013494425,2454.0299999999997,0,0,2411,2410,0,0,0,0,NaN,NaN,2.0002578128410464,NaN,NaN,NaN,2469.2723205275934,2700.6483754610995,NaN,NaN,NaN,NaN,NaN,NaN,NaN,NaN,NaN,NaN,1,0,0,0,0,NaN,NaN,2.0002578128410464,NaN,NaN,NaN,2469.2723205275934,2700.6483754610995,NaN,NaN,NaN,NaN,NaN,NaN,NaN,NaN,NaN,NaN,1
2022-08-23,2485.691532897822,2541.24,2400,2463.81,2541.570654938929,2765.2060936952525,2463.81,0,0,2411,2410,0,0,0,0,NaN,NaN,0.5896697672410028,NaN,NaN,NaN,2469.2723205275934,2700.6483754610995,NaN,NaN,NaN,NaN,NaN,NaN,NaN,NaN,NaN,NaN,1,0,0,0,0,NaN,NaN,0.5896697672410028,NaN,NaN,NaN,2469.2723205275934,2700.6483754610995,NaN,NaN,NaN,NaN,NaN,NaN,NaN,NaN,NaN,NaN,1
2022-08-24,2474.7507664489112,2544,2460,2502,2534.3759904045783,2761.1876800510504,2502,0,0,2411,2410,0,0,0,0,NaN,NaN,0.015157704132829502,NaN,NaN,NaN,2469.2723205275934,2700.6483754610995,NaN,NaN,NaN,NaN,NaN,NaN,NaN,NaN,NaN,NaN,1,0,0,0,0,NaN,NaN,0.015157704132829502,NaN,NaN,NaN,2469.2723205275934,2700.6483754610995,NaN,NaN,NaN,NaN,NaN,NaN,NaN,NaN,NaN,NaN,1
2022-08-25,2488.3753832244556,2519.88,2400,2465.9700000000003,2521.9385376037458,2756.6805398975994,2465.9700000000003,0,0,2411,2410,0,0,0,0,NaN,NaN,0.33078022778524946,NaN,NaN,NaN,2469.2723205275934,2700.6483754610995,NaN,NaN,NaN,NaN,NaN,NaN,NaN,NaN,NaN,NaN,1,0,0,0,0,NaN,NaN,0.33078022778524946,NaN,NaN,NaN,2469.2723205275934,2700.6483754610995,NaN,NaN,NaN,NaN,NaN,NaN,NaN,NaN,NaN,NaN,1
2022-08-26,2477.172691612228,2528.4,2400,2467.2,2511.9860762212465,2752.260989670155,2467.2,0,0,2411,2410,0,0,0,0,NaN,NaN,1.691721220047954,NaN,NaN,NaN,2469.2723205275934,2700.6483754610995,NaN,NaN,NaN,NaN,NaN,NaN,NaN,NaN,NaN,NaN,1,0,0,0,0,NaN,NaN,1.691721220047954,NaN,NaN,NaN,2469.2723205275934,2700.6483754610995,NaN,NaN,NaN,NaN,NaN,NaN,NaN,NaN,NaN,NaN,1
2022-08-29,2472.186345806114,2580,2400.72,2466.18,2503.6576987264743,2747.8933409729007,2466.18,0,0,2411,2410,0,0,0,0,NaN,NaN,4.1072713501788485,NaN,NaN,NaN,2469.2723205275934,2700.6483754610995,NaN,NaN,NaN,NaN,NaN,NaN,NaN,NaN,NaN,NaN,1,0,0,0,0,NaN,NaN,4.1072713501788485,NaN,NaN,NaN,2469.2723205275934,2700.6483754610995,NaN,NaN,NaN,NaN,NaN,NaN,NaN,NaN,NaN,NaN,1
2022-08-30,2469.183172903057,2532.96,2304,2417.49,2487.99084441257,2742.8490151565206,2417.49,0,0,2411,2410,0,0,0,0,NaN,NaN,7.938150768710033,NaN,NaN,NaN,2469.2723205275934,2661.1649704057672,NaN,NaN,NaN,NaN,NaN,NaN,NaN,NaN,NaN,NaN,1,0,0,0,0,NaN,NaN,7.938150768710033,NaN,NaN,NaN,2469.2723205275934,2661.1649704057672,NaN,NaN,NaN,NaN,NaN,NaN,NaN,NaN,NaN,NaN,1
2022-08-31,2443.336586451528,2459.88,2208,2353.2,2463.483418155739,2736.900175230467,2353.2,0,0,2411,2410,0,0,0,0,NaN,NaN,13.576625997043426,NaN,NaN,NaN,2469.2723205275934,2587.646974844902,NaN,NaN,NaN,NaN,NaN,NaN,NaN,NaN,NaN,NaN,1,0,0,0,0,NaN,NaN,13.576625997043426,NaN,NaN,NaN,2469.2723205275934,2587.646974844902,NaN,NaN,NaN,NaN,NaN,NaN,NaN,NaN,NaN,NaN,1
2022-09-01,2398.268293225764,2556,2280,2424,2456.3046148546955,2732.1230733185516,2424,0,0,2411,2457,0,0,0,0,NaN,NaN,19.463215302581702,NaN,NaN,NaN,2469.2723205275934,2587.646974844902,NaN,NaN,NaN,NaN,NaN,NaN,NaN,NaN,NaN,NaN,1,0,0,0,0,NaN,NaN,19.463215302581702,NaN,NaN,NaN,2469.2723205275934,2587.646974844902,NaN,NaN,NaN,NaN,NaN,NaN,NaN,NaN,NaN,NaN,1
2022-09-02,2411.134146612882,4044,2411.134146612882,3141,2580.7946848811143,2738.365469145749,3141,0,0,2411,2458,0,0,0,0,NaN,NaN,19.72727525188892,NaN,NaN,NaN,2469.2723205275934,2818.002,NaN,NaN,NaN,NaN,NaN,NaN,NaN,NaN,NaN,NaN,1,0,0,0,0,NaN,NaN,19.72727525188892,NaN,NaN,NaN,2469.2723205275934,2818.002,NaN,NaN,NaN,NaN,NaN,NaN,NaN,NaN,NaN,NaN,1
2022-09-06,2776.0670733064408,3072,2508,2796,2619.922923993639,2739.2453856473408,2796,0,0,2411,2459,0,0,0,0,NaN,NaN,23.66801088361583,NaN,NaN,NaN,2469.2723205275934,2818.002,NaN,NaN,NaN,NaN,NaN,NaN,NaN,NaN,NaN,NaN,1,0,0,0,0,NaN,NaN,23.66801088361583,NaN,NaN,NaN,2469.2723205275934,2818.002,NaN,NaN,NaN,NaN,NaN,NaN,NaN,NaN,NaN,NaN,1
2022-09-07,2786.0335366532204,2786.0335366532204,2232,2371.4700000000003,2574.7496650857047,2733.630494263412,2371.4700000000003,0,0,2411,2460,0,0,0,0,NaN,NaN,30.96346254452565,NaN,NaN,NaN,2469.2723205275934,2744.69205,NaN,NaN,NaN,NaN,NaN,NaN,NaN,NaN,NaN,NaN,1,0,0,0,0,NaN,NaN,30.96346254452565,NaN,NaN,NaN,2469.2723205275934,2744.69205,NaN,NaN,NaN,NaN,NaN,NaN,NaN,NaN,NaN,NaN,1
2022-09-08,2578.7517683266105,2578.7517683266105,1944,2222.73,2510.7460896155767,2725.8304867174056,2222.73,0,0,2411,2461,0,0,0,0,NaN,NaN,38.4323348382445,NaN,NaN,NaN,2469.2723205275934,2656.8942884999997,NaN,NaN,NaN,NaN,NaN,NaN,NaN,NaN,NaN,NaN,1,0,0,0,0,NaN,NaN,38.4323348382445,NaN,NaN,NaN,2469.2723205275934,2656.8942884999997,NaN,NaN,NaN,NaN,NaN,NaN,NaN,NaN,NaN,NaN,1
2022-09-09,2400.740884163305,2400.740884163305,2160,2253,2463.8831642309265,2718.6117006606514,2253,0,0,2411,2462,0,0,0,0,NaN,NaN,44.00574852597751,NaN,NaN,NaN,2469.2723205275934,2656.8942884999997,NaN,NaN,NaN,NaN,NaN,NaN,NaN,NaN,NaN,NaN,1,0,0,0,0,NaN,NaN,44.00574852597751,NaN,NaN,NaN,2469.2723205275934,2656.8942884999997,NaN,NaN,NaN,NaN,NaN,NaN,NaN,NaN,NaN,NaN,1
2022-09-12,2326.8704420816525,2326.8704420816525,2112,2174.76,2411.31531618894,2710.308621261252,2174.76,0,0,2411,2463,0,0,0,0,NaN,NaN,48.37682483514621,NaN,NaN,NaN,2469.2723205275934,2605.42033119,NaN,NaN,NaN,NaN,NaN,NaN,NaN,NaN,NaN,NaN,1,0,0,0,0,NaN,NaN,48.37682483514621,NaN,NaN,NaN,2469.2723205275934,2605.42033119,NaN,NaN,NaN,NaN,NaN,NaN,NaN,NaN,NaN,NaN,1
2022-09-13,2250.815221040826,2250.815221040826,2052,2084.7,2351.9307132454965,2700.757344600775,2084.7,0,0,2411,2464,0,0,0,1,NaN,NaN,53.116855692573516,NaN,NaN,NaN,2469.2723205275934,2517.5782013829,NaN,NaN,NaN,NaN,NaN,NaN,NaN,NaN,NaN,NaN,1,0,0,0,1,NaN,NaN,53.116855692573516,NaN,NaN,NaN,2469.2723205275934,2517.5782013829,NaN,NaN,NaN,NaN,NaN,NaN,NaN,NaN,NaN,NaN,1
2022-09-14,2167.757610520413,2172,1980,2043,2295.761492655406,2690.7152477366412,2043.0000000000002,0,0,2411,2465,0,0,0,0,NaN,NaN,57.00832549941486,NaN,NaN,NaN,2469.2723205275934,2442.2808172169516,NaN,NaN,NaN,NaN,NaN,NaN,NaN,NaN,NaN,NaN,1,0,0,0,0,NaN,NaN,57.00832549941486,NaN,NaN,NaN,2469.2723205275934,2442.2808172169516,NaN,NaN,NaN,NaN,NaN,NaN,NaN,NaN,NaN,NaN,1
2022-09-15,2105.3788052602067,2112,1980,2031,2247.6230394453323,2680.643259221578,2031,0,0,2411,2466,0,0,0,0,NaN,NaN,60.67623726627248,NaN,NaN,NaN,2469.2723205275934,2375.488694634409,NaN,NaN,NaN,NaN,NaN,NaN,NaN,NaN,NaN,NaN,1,0,0,0,0,NaN,NaN,60.67623726627248,NaN,NaN,NaN,2469.2723205275934,2375.488694634409,NaN,NaN,NaN,NaN,NaN,NaN,NaN,NaN,NaN,NaN,1
2022-09-16,2068.1894026301034,2068.1894026301034,1800,1932.57,2190.34066863709,2669.2222934319357,1932.57,0,0,2411,2467,0,0,0,0,NaN,NaN,61.720235965444914,NaN,NaN,NaN,2469.2723205275934,2255.4070296002155,NaN,NaN,NaN,NaN,NaN,NaN,NaN,NaN,NaN,NaN,1,0,0,0,0,NaN,NaN,61.720235965444914,NaN,NaN,NaN,2469.2723205275934,2255.4070296002155,NaN,NaN,NaN,NaN,NaN,NaN,NaN,NaN,NaN,NaN,1
2022-09-19,2000.3797013150515,2000.3797013150515,1860,1901.97,2137.9096379758007,2657.508517959692,1901.97,0,0,2411,2468,0,0,0,0,NaN,NaN,62.33381462153367,NaN,NaN,NaN,2469.2723205275934,2169.09825338417,NaN,NaN,NaN,NaN,NaN,NaN,NaN,NaN,NaN,NaN,1,0,0,0,0,NaN,NaN,62.33381462153367,NaN,NaN,NaN,2469.2723205275934,2169.09825338417,NaN,NaN,NaN,NaN,NaN,NaN,NaN,NaN,NaN,NaN,1
2022-09-20,1951.174850657526,1951.174850657526,1764,1842,2084.107885616564,2645.058006235117,1842,0,0,2411,2469,0,0,0,0,NaN,NaN,62.70302673442421,NaN,NaN,NaN,2469.2723205275934,2067.8060725719697,NaN,NaN,NaN,NaN,NaN,NaN,NaN,NaN,NaN,NaN,1,0,0,0,0,NaN,NaN,62.70302673442421,NaN,NaN,NaN,2469.2723205275934,2067.8060725719697,NaN,NaN,NaN,NaN,NaN,NaN,NaN,NaN,NaN,NaN,1
2022-09-21,1896.587425328763,1896.587425328763,1704,1770,2026.997360959007,2631.6983420177867,1770,0,0,2411,2470,0,0,0,0,NaN,NaN,62.98905653992144,NaN,NaN,NaN,2469.2723205275934,1961.1184329775376,NaN,NaN,NaN,NaN,NaN,NaN,NaN,NaN,NaN,NaN,1,0,0,0,0,NaN,NaN,62.98905653992144,NaN,NaN,NaN,2469.2723205275934,1961.1184329775376,NaN,NaN,NaN,NaN,NaN,NaN,NaN,NaN,NaN,NaN,1
2022-09-22,1833.2937126643815,1833.2937126643815,1676.76,1709.19,1969.2142044210057,2617.6142451930878,1709.19,0,0,2411,2471,0,0,0,0,NaN,NaN,63.39818572261697,NaN,NaN,NaN,2469.2723205275934,1864.2564030842764,NaN,NaN,NaN,NaN,NaN,NaN,NaN,NaN,NaN,NaN,1,0,0,0,0,NaN,NaN,63.39818572261697,NaN,NaN,NaN,2469.2723205275934,1864.2564030842764,NaN,NaN,NaN,NaN,NaN,NaN,NaN,NaN,NaN,NaN,1
2022-09-23,1771.2418563321908,1771.2418563321908,1560,1631.94,1907.8916217990047,2602.5657834344147,1631.94,0,0,2411,2472,0,0,0,0,NaN,NaN,64.74400476459786,NaN,NaN,NaN,2448.828566601366,1761.7132400664652,NaN,NaN,NaN,NaN,NaN,NaN,NaN,NaN,NaN,NaN,1,0,0,0,0,NaN,NaN,64.74400476459786,NaN,NaN,NaN,2448.828566601366,1761.7132400664652,NaN,NaN,NaN,NaN,NaN,NaN,NaN,NaN,NaN,NaN,1
2022-09-26,1701.5909281660954,1701.5909281660954,1356,1467,1827.7295087446403,2585.2289012445763,1467,0,0,2411,2473,0,0,0,0,NaN,NaN,66.63852318103584,NaN,NaN,NaN,1857.6870873357122,1602.8356736425376,NaN,NaN,NaN,NaN,NaN,NaN,NaN,NaN,NaN,NaN,1,0,0,0,0,NaN,NaN,66.63852318103584,NaN,NaN,NaN,1857.6870873357122,1602.8356736425376,NaN,NaN,NaN,NaN,NaN,NaN,NaN,NaN,NaN,NaN,1
2022-09-27,1584.2954640830476,1596,1356,1473,1763.233234427433,2568.248307332445,1473,0,0,2411,2474,0,0,0,0,NaN,NaN,69.47221832723652,NaN,NaN,NaN,1857.6870873357122,1602.8356736425376,NaN,NaN,NaN,NaN,NaN,NaN,NaN,NaN,NaN,NaN,1,0,0,0,0,NaN,NaN,69.47221832723652,NaN,NaN,NaN,1857.6870873357122,1602.8356736425376,NaN,NaN,NaN,NaN,NaN,NaN,NaN,NaN,NaN,NaN,1
2022-09-28,1528.6477320415238,1644,1356,1554,1725.1908281678998,2552.7636003502703,1554,0,0,2411,2475,0,0,0,0,NaN,NaN,72.05394695007652,NaN,NaN,NaN,1857.6870873357122,1602.8356736425376,NaN,NaN,NaN,NaN,NaN,NaN,NaN,NaN,NaN,NaN,1,0,0,0,0,NaN,NaN,72.05394695007652,NaN,NaN,NaN,1857.6870873357122,1602.8356736425376,NaN,NaN,NaN,NaN,NaN,NaN,NaN,NaN,NaN,NaN,1
2022-09-29,1541.323866020762,1677.84,1541.323866020762,1646.4899999999998,1710.881586682827,2538.927362176984,1646.4899999999998,0,0,2411,2476,0,0,0,0,NaN,NaN,74.67308915982458,NaN,NaN,NaN,1857.6870873357122,1602.8356736425376,NaN,NaN,NaN,NaN,NaN,NaN,NaN,NaN,NaN,NaN,1,0,0,0,0,NaN,NaN,74.67308915982458,NaN,NaN,NaN,1857.6870873357122,1602.8356736425376,NaN,NaN,NaN,NaN,NaN,NaN,NaN,NaN,NaN,NaN,1
2022-09-30,1593.9069330103807,1679.88,1500.12,1604.97,1691.6249345586766,2524.6684711513813,1604.97,0,0,2411,2477,0,0,0,0,NaN,NaN,76.47511107937184,NaN,NaN,NaN,1857.6870873357122,1602.8356736425376,NaN,NaN,NaN,NaN,NaN,NaN,NaN,NaN,NaN,NaN,1,0,0,0,0,NaN,NaN,76.47511107937184,NaN,NaN,NaN,1857.6870873357122,1602.8356736425376,NaN,NaN,NaN,NaN,NaN,NaN,NaN,NaN,NaN,NaN,1
2022-10-03,1599.4384665051903,1599.4384665051903,1476,1549.5,1665.78403736619,2509.780402889528,1549.5,0,0,2411,2478,0,0,0,0,NaN,NaN,78.330309554711,NaN,NaN,NaN,1857.6870873357122,1602.8356736425376,NaN,NaN,NaN,NaN,NaN,NaN,NaN,NaN,NaN,NaN,1,0,0,0,0,NaN,NaN,78.330309554711,NaN,NaN,NaN,1857.6870873357122,1602.8356736425376,NaN,NaN,NaN,NaN,NaN,NaN,NaN,NaN,NaN,NaN,1
2022-10-04,1574.4692332525951,1836.12,1574.4692332525951,1668,1666.1869396632464,2496.928793685108,1667.9999999999998,0,0,2411,2479,0,0,0,0,NaN,NaN,80.2801419269112,NaN,NaN,NaN,1857.6870873357122,1602.8356736425376,NaN,NaN,NaN,NaN,NaN,NaN,NaN,NaN,NaN,NaN,1,0,0,0,0,NaN,NaN,80.2801419269112,NaN,NaN,NaN,1857.6870873357122,1602.8356736425376,NaN,NaN,NaN,NaN,NaN,NaN,NaN,NaN,NaN,NaN,1
2022-10-05,1621.2346166262976,1800,1466.88,1647.72,1662.829314269929,2483.96377393419,1647.72,0,0,2411,2480,0,0,0,0,NaN,NaN,81.96486503129918,NaN,NaN,NaN,1857.6870873357122,1602.8356736425376,NaN,NaN,NaN,NaN,NaN,NaN,NaN,NaN,NaN,NaN,1,0,0,0,0,NaN,NaN,81.96486503129918,NaN,NaN,NaN,1857.6870873357122,1602.8356736425376,NaN,NaN,NaN,NaN,NaN,NaN,NaN,NaN,NaN,NaN,1
2022-10-06,1634.4773083131488,1898.4,1634.4773083131488,1813.98,1690.3112571299419,2473.735014026798,1813.98,0,0,2411,2481,0,0,0,0,NaN,NaN,83.83562450555388,NaN,NaN,NaN,1857.6870873357122,1708.1511,NaN,NaN,NaN,NaN,NaN,NaN,NaN,NaN,NaN,NaN,1,0,0,0,0,NaN,NaN,83.83562450555388,NaN,NaN,NaN,1857.6870873357122,1708.1511,NaN,NaN,NaN,NaN,NaN,NaN,NaN,NaN,NaN,NaN,1
2022-10-07,1724.2286541565745,1860,1724.2286541565745,1850.4,1719.4183012881342,2464.218448927152,1850.4,0,0,2411,2482,0,0,0,0,NaN,NaN,84.4996997347904,NaN,NaN,NaN,1857.6870873357122,1730.082267,NaN,NaN,NaN,NaN,NaN,NaN,NaN,NaN,NaN,NaN,1,0,0,0,0,NaN,NaN,84.4996997347904,NaN,NaN,NaN,1857.6870873357122,1730.082267,NaN,NaN,NaN,NaN,NaN,NaN,NaN,NaN,NaN,NaN,1
2022-10-10,1787.3143270782873,1824,1716,1773,1729.1604283266552,2453.665495508417,1772.9999999999998,0,0,2411,2483,0,0,0,0,NaN,NaN,84.85029032196441,NaN,NaN,NaN,1857.6870873357122,1730.082267,NaN,NaN,NaN,NaN,NaN,NaN,NaN,NaN,NaN,NaN,1,0,0,0,0,NaN,NaN,84.85029032196441,NaN,NaN,NaN,1857.6870873357122,1730.082267,NaN,NaN,NaN,NaN,NaN,NaN,NaN,NaN,NaN,NaN,1
2022-10-11,1780.1571635391438,1847.88,1752,1778.97,1738.2167140854451,2443.364800920502,1778.97,0,0,2411,2484,0,0,0,0,NaN,NaN,85.16681446064909,NaN,NaN,NaN,1857.6870873357122,1730.082267,NaN,NaN,NaN,NaN,NaN,NaN,NaN,NaN,NaN,NaN,1,0,0,0,0,NaN,NaN,85.16681446064909,NaN,NaN,NaN,1857.6870873357122,1730.082267,NaN,NaN,NaN,NaN,NaN,NaN,NaN,NaN,NaN,NaN,1
2022-10-12,1779.563581769572,1812,1680,1749,1740.177311524455,2432.7638115934715,1749,0,0,2411,2485,0,0,0,0,NaN,NaN,85.8223480085381,NaN,NaN,NaN,1857.6870873357122,1730.082267,NaN,NaN,NaN,NaN,NaN,NaN,NaN,NaN,NaN,NaN,1,0,0,0,0,NaN,NaN,85.8223480085381,NaN,NaN,NaN,1857.6870873357122,1730.082267,NaN,NaN,NaN,NaN,NaN,NaN,NaN,NaN,NaN,NaN,1
2022-10-13,1764.281790884786,1872,1764.281790884786,1830.75,1756.6450730654633,2423.5727610347926,1830.75,0,0,2411,2486,0,0,0,0,NaN,NaN,85.73846237585639,NaN,NaN,NaN,1857.6870873357122,1730.082267,NaN,NaN,NaN,NaN,NaN,NaN,NaN,NaN,NaN,NaN,1,0,0,0,0,NaN,NaN,85.73846237585639,NaN,NaN,NaN,1857.6870873357122,1730.082267,NaN,NaN,NaN,NaN,NaN,NaN,NaN,NaN,NaN,NaN,1
2022-10-14,1797.515895442393,1956,1716,1821.87,1768.5041506899245,2414.386459339605,1821.87,0,0,2411,2487,0,0,0,0,NaN,NaN,85.59575785416453,NaN,NaN,NaN,1857.6870873357122,1730.082267,NaN,NaN,NaN,NaN,NaN,NaN,NaN,NaN,NaN,NaN,1,0,0,0,0,NaN,NaN,85.59575785416453,NaN,NaN,NaN,1857.6870873357122,1730.082267,NaN,NaN,NaN,NaN,NaN,NaN,NaN,NaN,NaN,NaN,1
2022-10-17,1809.6929477211966,2078.28,1809.6929477211966,1983.5700000000002,1807.6070323826655,2407.8091088153365,1983.5700000000002,0,0,2411,2488,0,0,0,0,NaN,NaN,84.80769067303166,NaN,NaN,NaN,1857.6870873357122,1807.88143098,NaN,NaN,NaN,NaN,NaN,NaN,NaN,NaN,NaN,NaN,1,0,0,0,0,NaN,NaN,84.80769067303166,NaN,NaN,NaN,1857.6870873357122,1807.88143098,NaN,NaN,NaN,NaN,NaN,NaN,NaN,NaN,NaN,NaN,1
2022-10-18,1896.6314738605984,2076,1896.6314738605984,2010,1844.4057537676354,2401.7356873067056,2009.9999999999998,0,0,2411,2489,0,0,0,0,NaN,NaN,83.48892804922576,NaN,NaN,NaN,1857.6870873357122,1838.0977521918,NaN,NaN,NaN,NaN,NaN,NaN,NaN,NaN,NaN,NaN,1,0,0,0,0,NaN,NaN,83.48892804922576,NaN,NaN,NaN,1857.6870873357122,1838.0977521918,NaN,NaN,NaN,NaN,NaN,NaN,NaN,NaN,NaN,NaN,1
2022-10-19,1953.3157369302992,2040,1920,1978.5,1868.7865258098834,2395.2740737600384,1978.5,0,0,2411,2490,0,0,0,0,NaN,NaN,82.47246167864003,NaN,NaN,NaN,1857.6870873357122,1838.0977521918,NaN,NaN,NaN,NaN,NaN,NaN,NaN,NaN,NaN,NaN,1,0,0,0,0,NaN,NaN,82.47246167864003,NaN,NaN,NaN,1857.6870873357122,1838.0977521918,NaN,NaN,NaN,NaN,NaN,NaN,NaN,NaN,NaN,NaN,1
2022-10-20,1965.9078684651495,1980,1848,1920,1878.0980665717227,2388.0179810308773,1919.9999999999998,0,0,2411,2491,0,0,0,0,NaN,NaN,81.60623057540467,NaN,NaN,NaN,1857.6870873357122,1838.0977521918,NaN,NaN,NaN,NaN,NaN,NaN,NaN,NaN,NaN,NaN,1,0,0,0,0,NaN,NaN,81.60623057540467,NaN,NaN,NaN,1857.6870873357122,1838.0977521918,NaN,NaN,NaN,NaN,NaN,NaN,NaN,NaN,NaN,NaN,1
2022-10-21,1942.9539342325747,1991.88,1812,1880.97,1878.620236285955,2380.2767904807874,1880.97,0,0,2411,2492,0,0,0,0,NaN,NaN,80.8773532892344,NaN,NaN,NaN,1857.6870873357122,1838.0977521918,NaN,NaN,NaN,NaN,NaN,NaN,NaN,NaN,NaN,NaN,1,0,0,0,0,NaN,NaN,80.8773532892344,NaN,NaN,NaN,1857.6870873357122,1838.0977521918,NaN,NaN,NaN,NaN,NaN,NaN,NaN,NaN,NaN,NaN,1
2022-10-24,1911.9619671162873,2028,1836.48,1914.24,1885.0965569612358,2373.161724977264,1914.24,0,0,2411,2493,0,0,0,0,NaN,NaN,79.7413654673388,NaN,NaN,NaN,1857.6870873357122,1838.0977521918,NaN,NaN,NaN,NaN,NaN,NaN,NaN,NaN,NaN,NaN,1,0,0,0,0,NaN,NaN,79.7413654673388,NaN,NaN,NaN,1857.6870873357122,1838.0977521918,NaN,NaN,NaN,NaN,NaN,NaN,NaN,NaN,NaN,NaN,1
2022-10-25,1913.1009835581435,2052,1913.1009835581435,1981.38,1902.6026375137385,2367.180324595932,1981.38,0,0,2411,2494,0,0,0,0,NaN,NaN,78.32147851642445,NaN,NaN,NaN,1857.6870873357122,1838.0977521918,NaN,NaN,NaN,NaN,NaN,NaN,NaN,NaN,NaN,NaN,1,0,0,0,0,NaN,NaN,78.32147851642445,NaN,NaN,NaN,1857.6870873357122,1838.0977521918,NaN,NaN,NaN,NaN,NaN,NaN,NaN,NaN,NaN,NaN,1
2022-10-26,1947.2404917790718,2100,1947.2404917790718,2046,1928.6748852385133,2362.276808189887,2046,0,0,2411,2495,0,0,0,0,NaN,NaN,76.639074794154,NaN,NaN,NaN,1857.6870873357122,1878.886021928784,NaN,NaN,NaN,NaN,NaN,NaN,NaN,NaN,NaN,NaN,1,0,0,0,0,NaN,NaN,76.639074794154,NaN,NaN,NaN,1857.6870873357122,1878.886021928784,NaN,NaN,NaN,NaN,NaN,NaN,NaN,NaN,NaN,NaN,1
2022-10-27,1996.620245889536,2040,1968,2010,1943.461269740602,2356.8985363091256,2010,0,0,2411,2496,0,0,0,0,NaN,NaN,74.91166582337067,NaN,NaN,NaN,1857.6870873357122,1878.886021928784,NaN,NaN,NaN,NaN,NaN,NaN,NaN,NaN,NaN,NaN,1,0,0,0,0,NaN,NaN,74.91166582337067,NaN,NaN,NaN,1857.6870873357122,1878.886021928784,NaN,NaN,NaN,NaN,NaN,NaN,NaN,NaN,NaN,NaN,1
2022-10-28,2003.310122944768,2040,1992,2028,1958.8319479695833,2351.8771846097497,2028,0,0,2411,2497,0,0,0,0,NaN,NaN,73.05025687776252,NaN,NaN,NaN,1857.6870873357122,1878.886021928784,NaN,NaN,NaN,NaN,NaN,NaN,NaN,NaN,NaN,NaN,1,0,0,0,0,NaN,NaN,73.05025687776252,NaN,NaN,NaN,1857.6870873357122,1878.886021928784,NaN,NaN,NaN,NaN,NaN,NaN,NaN,NaN,NaN,NaN,1
2022-10-31,2015.655061472384,2040,1932,1992,1964.8625028842046,2346.382876447769,1992.0000000000002,0,0,2411,2498,0,0,0,0,NaN,NaN,71.2611665196831,NaN,NaN,NaN,1857.6870873357122,1878.886021928784,NaN,NaN,NaN,NaN,NaN,NaN,NaN,NaN,NaN,NaN,1,0,0,0,0,NaN,NaN,71.2611665196831,NaN,NaN,NaN,1857.6870873357122,1878.886021928784,NaN,NaN,NaN,NaN,NaN,NaN,NaN,NaN,NaN,NaN,1
2022-11-01,2003.8275307361919,2040,1896,1968,1965.4329569052584,2340.606038639406,1968,0,0,2411,2499,0,0,0,0,NaN,NaN,69.4436712010981,NaN,NaN,NaN,1857.6870873357122,1878.886021928784,NaN,NaN,NaN,NaN,NaN,NaN,NaN,NaN,NaN,NaN,1,0,0,0,0,NaN,NaN,69.4436712010981,NaN,NaN,NaN,1857.6870873357122,1878.886021928784,NaN,NaN,NaN,NaN,NaN,NaN,NaN,NaN,NaN,NaN,1
2022-11-02,1985.913765368096,1985.913765368096,1918.2,1937.55,1960.3633283770296,2334.452511331934,1937.55,0,0,2411,2500,0,0,0,0,NaN,NaN,67.70878461342707,NaN,NaN,NaN,1857.6870873357122,1878.886021928784,NaN,NaN,NaN,NaN,NaN,NaN,NaN,NaN,NaN,NaN,1,0,0,0,0,NaN,NaN,67.70878461342707,NaN,NaN,NaN,1857.6870873357122,1878.886021928784,NaN,NaN,NaN,NaN,NaN,NaN,NaN,NaN,NaN,NaN,1
2022-11-03,1961.7318826840478,2088,1920,1992,1966.115450490297,2329.2242287161794,1992,0,0,2411,2501,0,0,0,0,NaN,NaN,65.32722522887894,NaN,NaN,NaN,1857.6870873357122,1878.886021928784,NaN,NaN,NaN,NaN,NaN,NaN,NaN,NaN,NaN,NaN,1,0,0,0,0,NaN,NaN,65.32722522887894,NaN,NaN,NaN,1857.6870873357122,1878.886021928784,NaN,NaN,NaN,NaN,NaN,NaN,NaN,NaN,NaN,NaN,1
2022-11-04,1976.865941342024,2088,1902,2029.5,1977.6399140375158,2324.6482862930316,2029.5,0,0,2411,2502,0,0,0,0,NaN,NaN,62.650990928699315,NaN,NaN,NaN,1857.6870873357122,1878.886021928784,NaN,NaN,NaN,NaN,NaN,NaN,NaN,NaN,NaN,NaN,1,0,0,0,0,NaN,NaN,62.650990928699315,NaN,NaN,NaN,1857.6870873357122,1878.886021928784,NaN,NaN,NaN,NaN,NaN,NaN,NaN,NaN,NaN,NaN,1
2022-11-07,2003.1829706710118,2088,1980,2023.5,1985.9781114852403,2320.0506025328327,2023.5,0,0,2411,2503,0,0,0,0,NaN,NaN,59.92209644639848,NaN,NaN,NaN,1857.6870873357122,1878.886021928784,NaN,NaN,NaN,NaN,NaN,NaN,NaN,NaN,NaN,NaN,1,0,0,0,0,NaN,NaN,59.92209644639848,NaN,NaN,NaN,1857.6870873357122,1878.886021928784,NaN,NaN,NaN,NaN,NaN,NaN,NaN,NaN,NaN,NaN,1
2022-11-08,2013.341485335506,2013.341485335506,1932,1937.55,1977.1730003061057,2314.2108986773696,1937.55,0,0,2411,2504,0,0,0,0,NaN,NaN,57.676577888327785,NaN,NaN,NaN,1857.6870873357122,1878.886021928784,NaN,NaN,NaN,NaN,NaN,NaN,NaN,NaN,NaN,NaN,1,0,0,0,0,NaN,NaN,57.676577888327785,NaN,NaN,NaN,1857.6870873357122,1878.886021928784,NaN,NaN,NaN,NaN,NaN,NaN,NaN,NaN,NaN,NaN,1
2022-11-09,1975.445742667753,2112,1956,2050.5,1990.505182068632,2310.1847780868757,2050.5,0,0,2411,2505,0,0,0,0,NaN,NaN,54.584915694925705,NaN,NaN,NaN,1857.6870873357122,1906.5406186394666,NaN,NaN,NaN,NaN,NaN,NaN,NaN,NaN,NaN,NaN,1,0,0,0,0,NaN,NaN,54.584915694925705,NaN,NaN,NaN,1857.6870873357122,1906.5406186394666,NaN,NaN,NaN,NaN,NaN,NaN,NaN,NaN,NaN,NaN,1
2022-11-10,2012.9728713338764,2135.88,2012.9728713338764,2090.9700000000003,2008.771512601608,2306.8379875817327,2090.9700000000003,0,0,2411,2506,0,0,0,0,NaN,NaN,51.08825431050985,NaN,NaN,NaN,1857.6870873357122,1956.330607284363,NaN,NaN,NaN,NaN,NaN,NaN,NaN,NaN,NaN,NaN,1,0,0,0,0,NaN,NaN,51.08825431050985,NaN,NaN,NaN,1857.6870873357122,1956.330607284363,NaN,NaN,NaN,NaN,NaN,NaN,NaN,NaN,NaN,NaN,1
2022-11-11,2051.9714356669383,2124,1944,2028,2012.2676012194975,2302.5809190690343,2028,0,0,2411,2507,0,0,0,0,NaN,NaN,47.99694309223055,NaN,NaN,NaN,1857.6870873357122,1956.330607284363,NaN,NaN,NaN,NaN,NaN,NaN,NaN,NaN,NaN,NaN,1,0,0,0,0,NaN,NaN,47.99694309223055,NaN,NaN,NaN,1857.6870873357122,1956.330607284363,NaN,NaN,NaN,NaN,NaN,NaN,NaN,NaN,NaN,NaN,1
2022-11-14,2039.9857178334692,2316,2039.9857178334692,2208,2047.8553100886797,2301.136935571797,2208,0,0,2411,2508,0,0,0,0,NaN,NaN,43.22851186932938,NaN,NaN,NaN,1857.6870873357122,2055.4080297546466,NaN,NaN,NaN,NaN,NaN,NaN,NaN,NaN,NaN,NaN,1,0,0,0,0,NaN,NaN,43.22851186932938,NaN,NaN,NaN,1857.6870873357122,2055.4080297546466,NaN,NaN,NaN,NaN,NaN,NaN,NaN,NaN,NaN,NaN,1
2022-11-15,2123.992858916735,2388,2123.992858916735,2313,2096.063435527102,2301.3180510592506,2313,0,0,2411,2509,0,0,0,0,NaN,NaN,37.44615448205325,NaN,NaN,NaN,1857.6870873357122,2157.1301026135316,NaN,NaN,NaN,NaN,NaN,NaN,NaN,NaN,NaN,NaN,1,0,0,0,0,NaN,NaN,37.44615448205325,NaN,NaN,NaN,1857.6870873357122,2157.1301026135316,NaN,NaN,NaN,NaN,NaN,NaN,NaN,NaN,NaN,NaN,1
2022-11-16,2218.4964294583674,2306.52,2218.4964294583674,2299.26,2133.008265431265,2301.286630432392,2299.26,0,0,2411,2510,0,0,0,0,NaN,NaN,31.884573346360266,NaN,NaN,NaN,1857.6870873357122,2157.1301026135316,NaN,NaN,NaN,NaN,NaN,NaN,NaN,NaN,NaN,NaN,1,0,0,0,0,NaN,NaN,31.884573346360266,NaN,NaN,NaN,1857.6870873357122,2157.1301026135316,NaN,NaN,NaN,NaN,NaN,NaN,NaN,NaN,NaN,NaN,1
2022-11-17,2258.878214729184,2340.12,2160,2238.0299999999997,2152.103126261944,2300.320880349455,2238.0299999999997,0,0,2411,2511,0,0,0,0,NaN,NaN,27.27578694070349,NaN,NaN,NaN,1857.6870873357122,2157.1301026135316,NaN,NaN,NaN,NaN,NaN,NaN,NaN,NaN,NaN,NaN,1,0,0,0,0,NaN,NaN,27.27578694070349,NaN,NaN,NaN,1857.6870873357122,2157.1301026135316,NaN,NaN,NaN,NaN,NaN,NaN,NaN,NaN,NaN,NaN,1
2022-11-18,2248.454107364592,2248.454107364592,2084.64,2128.2599999999998,2147.768012396136,2297.693996679998,2128.2599999999998,0,0,2411,2512,0,0,0,0,NaN,NaN,23.921567957340805,NaN,NaN,NaN,1857.6870873357122,2157.1301026135316,NaN,NaN,NaN,NaN,NaN,NaN,NaN,NaN,NaN,NaN,1,0,0,0,0,NaN,NaN,23.921567957340805,NaN,NaN,NaN,1857.6870873357122,2157.1301026135316,NaN,NaN,NaN,NaN,NaN,NaN,NaN,NaN,NaN,NaN,1
2022-11-21,2188.357053682296,2220,2074.08,2135.04,2145.4538283241113,2295.2107295551123,2135.04,0,0,2411,2513,0,0,0,0,NaN,NaN,20.43081620404378,NaN,NaN,NaN,1857.6870873357122,2157.1301026135316,NaN,NaN,NaN,NaN,NaN,NaN,NaN,NaN,NaN,NaN,1,0,0,0,0,NaN,NaN,20.43081620404378,NaN,NaN,NaN,1857.6870873357122,2157.1301026135316,NaN,NaN,NaN,NaN,NaN,NaN,NaN,NaN,NaN,NaN,1
2022-11-22,2161.698526841148,2312.4,2076,2171.1,2150.116768628818,2293.315909256561,2171.1,0,0,2411,2514,0,0,0,0,NaN,NaN,17.33449065294286,NaN,NaN,NaN,1857.6870873357122,2157.1301026135316,NaN,NaN,NaN,NaN,NaN,NaN,NaN,NaN,NaN,NaN,1,0,0,0,0,NaN,NaN,17.33449065294286,NaN,NaN,NaN,1857.6870873357122,2157.1301026135316,NaN,NaN,NaN,NaN,NaN,NaN,NaN,NaN,NaN,NaN,1
2022-11-23,2166.3992634205742,2292,2070.96,2164.35,2152.704628878124,2291.346964077072,2164.35,0,0,2411,2515,0,0,0,0,NaN,NaN,14.645317510146086,NaN,NaN,NaN,1857.6870873357122,2157.1301026135316,NaN,NaN,NaN,NaN,NaN,NaN,NaN,NaN,NaN,NaN,1,0,0,0,0,NaN,NaN,14.645317510146086,NaN,NaN,NaN,1857.6870873357122,2157.1301026135316,NaN,NaN,NaN,NaN,NaN,NaN,NaN,NaN,NaN,NaN,1
2022-11-25,2165.374631710287,2165.374631710287,2096.64,2098.3199999999997,2142.816514536647,2288.3999875262766,2098.3199999999997,0,1,2411,2516,0,0,0,0,NaN,NaN,12.703062923505218,NaN,NaN,NaN,1857.6870873357122,2157.1301026135316,NaN,NaN,NaN,NaN,NaN,NaN,NaN,NaN,NaN,NaN,1,0,0,0,0,NaN,NaN,12.703062923505218,NaN,NaN,NaN,1857.6870873357122,2157.1301026135316,NaN,NaN,NaN,NaN,NaN,NaN,NaN,NaN,NaN,NaN,1
2022-11-28,2131.8473158551433,2280,1908,2097,2134.4862391663473,2285.477850312135,2097,0,0,2411,2517,0,0,0,0,NaN,NaN,10.775176328715112,NaN,NaN,NaN,1857.6870873357122,2157.1301026135316,NaN,NaN,NaN,NaN,NaN,NaN,NaN,NaN,NaN,NaN,1,0,0,0,0,NaN,NaN,10.775176328715112,NaN,NaN,NaN,1857.6870873357122,2157.1301026135316,NaN,NaN,NaN,NaN,NaN,NaN,NaN,NaN,NaN,NaN,1
2022-11-29,2114.4236579275716,2280,2114.4236579275716,2209.92,2148.2014684088294,2284.324295345538,2209.92,0,0,2411,2518,0,0,0,0,NaN,NaN,8.053864103421443,NaN,NaN,NaN,1857.6870873357122,2157.1301026135316,NaN,NaN,NaN,NaN,NaN,NaN,NaN,NaN,NaN,NaN,1,0,0,0,0,NaN,NaN,8.053864103421443,NaN,NaN,NaN,1857.6870873357122,2157.1301026135316,NaN,NaN,NaN,NaN,NaN,NaN,NaN,NaN,NaN,NaN,1
2022-11-30,2162.1718289637856,2162.1718289637856,2160,2160,2150.3466559708604,2282.4262145005678,2160,0,1,2411,2519,0,0,0,0,NaN,NaN,5.900269518581258,NaN,NaN,NaN,1857.6870873357122,2157.1301026135316,NaN,NaN,NaN,NaN,NaN,NaN,NaN,NaN,NaN,NaN,1,0,0,0,0,NaN,NaN,5.900269518581258,NaN,NaN,NaN,1857.6870873357122,2157.1301026135316,NaN,NaN,NaN,NaN,NaN,NaN,NaN,NaN,NaN,NaN,1
2022-12-01,2161.085914481893,2268,1959.12,2169.7799999999997,2153.8799912488857,2280.706424966208,2169.7799999999997,0,0,2411,2520,0,0,0,0,NaN,NaN,3.9736946748544715,NaN,NaN,NaN,1857.6870873357122,2157.1301026135316,NaN,NaN,NaN,NaN,NaN,NaN,NaN,NaN,NaN,NaN,1,0,0,0,0,NaN,NaN,3.9736946748544715,NaN,NaN,NaN,1857.6870873357122,2157.1301026135316,NaN,NaN,NaN,NaN,NaN,NaN,NaN,NaN,NaN,NaN,1
2022-12-02,2165.432957240946,2165.432957240946,2123.04,2123.04,2148.2727201127245,2278.2993039743574,2123.04,0,0,2411,2521,0,0,0,0,NaN,NaN,2.6318419810288867,NaN,NaN,NaN,1857.6870873357122,2157.1301026135316,NaN,NaN,NaN,NaN,NaN,NaN,NaN,NaN,NaN,NaN,1,0,0,0,0,NaN,NaN,2.6318419810288867,NaN,NaN,NaN,1857.6870873357122,2157.1301026135316,NaN,NaN,NaN,NaN,NaN,NaN,NaN,NaN,NaN,NaN,1
2022-12-05,2144.236478620473,2195.88,2064,2108.9700000000003,2141.1267710013203,2275.7141237610085,2108.9700000000003,0,0,2411,2522,0,0,0,0,NaN,NaN,1.534879139880622,NaN,NaN,NaN,1857.6870873357122,2157.1301026135316,NaN,NaN,NaN,NaN,NaN,NaN,NaN,NaN,NaN,NaN,1,0,0,0,0,NaN,NaN,1.534879139880622,NaN,NaN,NaN,1857.6870873357122,2157.1301026135316,NaN,NaN,NaN,NaN,NaN,NaN,NaN,NaN,NaN,NaN,1
2022-12-06,2126.603239310237,2148,2076,2129.64,2139.0382671828984,2273.4839844669473,2129.64,0,0,2411,2523,0,0,0,0,NaN,NaN,0.6231964198853974,NaN,NaN,NaN,1857.6870873357122,2157.1301026135316,NaN,NaN,NaN,NaN,NaN,NaN,NaN,NaN,NaN,NaN,1,0,0,0,0,NaN,NaN,0.6231964198853974,NaN,NaN,NaN,1857.6870873357122,2157.1301026135316,NaN,NaN,NaN,NaN,NaN,NaN,NaN,NaN,NaN,NaN,1
2022-12-07,2128.1216196551186,2179.32,2004,2097.66,2131.514945876917,2270.7996488262306,2097.66,0,0,2411,2524,0,0,0,0,NaN,NaN,0.13875108719449109,NaN,NaN,NaN,1857.6870873357122,2157.1301026135316,NaN,NaN,NaN,NaN,NaN,NaN,NaN,NaN,NaN,NaN,1,0,0,0,0,NaN,NaN,0.13875108719449109,NaN,NaN,NaN,1857.6870873357122,2157.1301026135316,NaN,NaN,NaN,NaN,NaN,NaN,NaN,NaN,NaN,NaN,1
2022-12-08,2112.890809827559,2112.890809827559,1902.48,1944.27,2097.470410262932,2265.8144633479674,1944.27,0,0,2411,2525,0,0,0,0,NaN,NaN,0.003944149532757763,NaN,NaN,NaN,1857.6870873357122,2078.85645,NaN,NaN,NaN,NaN,NaN,NaN,NaN,NaN,NaN,NaN,1,0,0,0,0,NaN,NaN,0.003944149532757763,NaN,NaN,NaN,1857.6870873357122,2078.85645,NaN,NaN,NaN,NaN,NaN,NaN,NaN,NaN,NaN,NaN,1
2022-12-09,2028.5804049137796,2028.5804049137796,1980,1999.1100000000001,2079.5866993060354,2261.7426394800596,1999.1100000000001,0,0,2411,2526,0,0,0,0,NaN,NaN,0.10077552852294164,NaN,NaN,NaN,1857.6870873357122,2078.85645,NaN,NaN,NaN,NaN,NaN,NaN,NaN,NaN,NaN,NaN,1,0,0,0,0,NaN,NaN,0.10077552852294164,NaN,NaN,NaN,1857.6870873357122,2078.85645,NaN,NaN,NaN,NaN,NaN,NaN,NaN,NaN,NaN,NaN,1
2022-12-12,2013.8452024568899,2013.8452024568899,1884,1962,2058.2072994322107,2257.1664159765473,1962,0,0,2411,2527,0,0,0,0,NaN,NaN,0.41539468859208656,NaN,NaN,NaN,1857.6870873357122,2078.85645,NaN,NaN,NaN,NaN,NaN,NaN,NaN,NaN,NaN,NaN,1,0,0,0,0,NaN,NaN,0.41539468859208656,NaN,NaN,NaN,1857.6870873357122,2078.85645,NaN,NaN,NaN,NaN,NaN,NaN,NaN,NaN,NaN,NaN,1
2022-12-13,1987.9226012284448,2039.88,1837.32,1953.3,2039.1332449899905,2252.5272340532415,1953.3,0,0,2411,2528,0,0,0,0,NaN,NaN,0.8511933767013893,NaN,NaN,NaN,1857.6870873357122,2078.85645,NaN,NaN,NaN,NaN,NaN,NaN,NaN,NaN,NaN,NaN,1,0,0,0,0,NaN,NaN,0.8511933767013893,NaN,NaN,NaN,1857.6870873357122,2078.85645,NaN,NaN,NaN,NaN,NaN,NaN,NaN,NaN,NaN,NaN,1
2022-12-14,1970.6113006142223,2060.16,1716,1868.04,2008.0253822645377,2246.657199945558,1868.04,0,0,2411,2529,0,0,0,0,NaN,NaN,1.4688723557609873,NaN,NaN,NaN,1857.6870873357122,2035.5604065,NaN,NaN,NaN,NaN,NaN,NaN,NaN,NaN,NaN,NaN,1,0,0,0,0,NaN,NaN,1.4688723557609873,NaN,NaN,NaN,1857.6870873357122,2035.5604065,NaN,NaN,NaN,NaN,NaN,NaN,NaN,NaN,NaN,NaN,1
2022-12-15,1919.3256503071111,1967.76,1812,1886.94,1986.0098582164399,2241.1653342975346,1886.9400000000003,0,0,2411,2530,0,0,0,0,NaN,NaN,6.5438601025404735,NaN,NaN,NaN,1857.6870873357122,2035.5604065,NaN,NaN,NaN,NaN,NaN,NaN,NaN,NaN,NaN,NaN,1,0,0,0,0,NaN,NaN,6.5438601025404735,NaN,NaN,NaN,1857.6870873357122,2035.5604065,NaN,NaN,NaN,NaN,NaN,NaN,NaN,NaN,NaN,NaN,1
2022-12-16,1903.1328251535556,2052,1848,1926,1975.09897490436,2236.3536498044423,1926,0,0,2411,2531,0,0,0,0,NaN,NaN,14.262578535824794,NaN,NaN,NaN,1857.6870873357122,2035.5604065,NaN,NaN,NaN,NaN,NaN,NaN,NaN,NaN,NaN,NaN,1,0,0,0,0,NaN,NaN,14.262578535824794,NaN,NaN,NaN,1857.6870873357122,2035.5604065,NaN,NaN,NaN,NaN,NaN,NaN,NaN,NaN,NaN,NaN,1
2022-12-19,1914.5664125767778,1956,1848,1899,1961.2627976490216,2231.203212402848,1899,0,0,2411,2532,0,0,0,0,NaN,NaN,18.65025222233738,NaN,NaN,NaN,1857.6870873357122,2035.5604065,NaN,NaN,NaN,NaN,NaN,NaN,NaN,NaN,NaN,NaN,1,0,0,0,0,NaN,NaN,18.65025222233738,NaN,NaN,NaN,1857.6870873357122,2035.5604065,NaN,NaN,NaN,NaN,NaN,NaN,NaN,NaN,NaN,NaN,1
2022-12-20,1906.783206288389,1956,1812,1884,1947.2150162582905,2225.9023999997507,1884,0,0,2411,2533,0,0,0,0,NaN,NaN,21.321766311912988,NaN,NaN,NaN,1857.6870873357122,2035.5604065,NaN,NaN,NaN,NaN,NaN,NaN,NaN,NaN,NaN,NaN,1,0,0,0,0,NaN,NaN,21.321766311912988,NaN,NaN,NaN,1857.6870873357122,2035.5604065,NaN,NaN,NaN,NaN,NaN,NaN,NaN,NaN,NaN,NaN,1
2022-12-21,1895.3916031441945,1920,1776,1818,1923.7213769386012,2219.6748824425026,1818,0,0,2411,2534,0,0,0,0,NaN,NaN,24.01807661273047,NaN,NaN,NaN,1857.6870873357122,1998.9879821099998,NaN,NaN,NaN,NaN,NaN,NaN,NaN,NaN,NaN,NaN,1,0,0,0,0,NaN,NaN,24.01807661273047,NaN,NaN,NaN,1857.6870873357122,1998.9879821099998,NaN,NaN,NaN,NaN,NaN,NaN,NaN,NaN,NaN,NaN,1
2022-12-22,1856.6958015720973,1856.6958015720973,1740,1792.41,1899.8465811315828,2213.151754466281,1792.41,0,0,2411,2535,0,0,0,0,NaN,NaN,25.309528908924882,NaN,NaN,NaN,1857.6870873357122,1968.7525137201,NaN,NaN,NaN,NaN,NaN,NaN,NaN,NaN,NaN,NaN,1,0,0,0,0,NaN,NaN,25.309528908924882,NaN,NaN,NaN,1857.6870873357122,1968.7525137201,NaN,NaN,NaN,NaN,NaN,NaN,NaN,NaN,NaN,NaN,1
2022-12-23,1824.5529007860487,1893.48,1794,1853.67,1891.4508391076586,2207.663483405727,1853.67,0,0,2411,2536,0,0,0,0,NaN,NaN,26.2132719913968,NaN,NaN,NaN,1857.6870873357122,1968.7525137201,NaN,NaN,NaN,NaN,NaN,NaN,NaN,NaN,NaN,NaN,1,0,0,0,0,NaN,NaN,26.2132719913968,NaN,NaN,NaN,1857.6870873357122,1968.7525137201,NaN,NaN,NaN,NaN,NaN,NaN,NaN,NaN,NaN,NaN,1
2022-12-27,1839.1114503930244,2028,1632,1836,1881.3688683608116,2201.989231750678,1836,0,0,2411,2537,0,0,0,0,NaN,NaN,26.304748753137357,NaN,NaN,NaN,1857.6870873357122,1968.7525137201,NaN,NaN,NaN,NaN,NaN,NaN,NaN,NaN,NaN,NaN,1,0,0,0,0,NaN,NaN,26.304748753137357,NaN,NaN,NaN,1857.6870873357122,1968.7525137201,NaN,NaN,NaN,NaN,NaN,NaN,NaN,NaN,NaN,NaN,1
2022-12-28,1837.5557251965122,1837.5557251965122,1632,1686,1845.847255931573,2194.111533556011,1686,0,0,2411,2538,0,0,0,0,NaN,NaN,23.92306768621512,NaN,NaN,NaN,1857.6870873357122,1888.001812073688,NaN,NaN,NaN,NaN,NaN,NaN,NaN,NaN,NaN,NaN,1,0,0,0,0,NaN,NaN,23.92306768621512,NaN,NaN,NaN,1857.6870873357122,1888.001812073688,NaN,NaN,NaN,NaN,NaN,NaN,NaN,NaN,NaN,NaN,1
2022-12-29,1761.777862598256,1776,1632,1677,1815.1477548531052,2186.216700982637,1677,0,0,2411,2539,0,0,0,0,NaN,NaN,20.4699432447732,NaN,NaN,NaN,1857.6870873357122,1852.5265402626346,NaN,NaN,NaN,NaN,NaN,NaN,NaN,NaN,NaN,NaN,1,0,0,0,0,NaN,NaN,20.4699432447732,NaN,NaN,NaN,1857.6870873357122,1852.5265402626346,NaN,NaN,NaN,NaN,NaN,NaN,NaN,NaN,NaN,NaN,1
2022-12-30,1719.388931299128,1752,1620,1684.8600000000001,1791.4590721525406,2178.5624002042764,1684.8600000000004,0,0,2411,2540,0,0,0,0,NaN,NaN,17.23421045136515,NaN,NaN,NaN,1857.6870873357122,1852.5265402626346,NaN,NaN,NaN,NaN,NaN,NaN,NaN,NaN,NaN,NaN,1,0,0,0,0,NaN,NaN,17.23421045136515,NaN,NaN,NaN,1857.6870873357122,1852.5265402626346,NaN,NaN,NaN,NaN,NaN,NaN,NaN,NaN,NaN,NaN,1
2023-01-03,1702.1244656495642,1702.1244656495642,1680.12,1686.06,1772.2956044884422,2171.043279590471,1686.06,0,0,2411,2541,0,0,0,0,NaN,NaN,13.885589933848156,NaN,NaN,NaN,1857.6870873357122,1852.5265402626346,NaN,NaN,NaN,NaN,NaN,NaN,NaN,NaN,NaN,NaN,1,0,0,0,0,NaN,NaN,13.885589933848156,NaN,NaN,NaN,1857.6870873357122,1852.5265402626346,NaN,NaN,NaN,NaN,NaN,NaN,NaN,NaN,NaN,NaN,1
2023-01-04,1694.092232824782,1694.092232824782,1596,1650,1750.060040035998,2163.0884203600817,1650,0,0,2411,2542,0,0,0,0,NaN,NaN,10.125239220668517,NaN,NaN,NaN,1857.6870873357122,1805.0017630153604,NaN,NaN,NaN,NaN,NaN,NaN,NaN,NaN,NaN,NaN,1,0,0,0,0,NaN,NaN,10.125239220668517,NaN,NaN,NaN,1857.6870873357122,1805.0017630153604,NaN,NaN,NaN,NaN,NaN,NaN,NaN,NaN,NaN,NaN,1
2023-01-05,1672.046116412391,1740,1572,1662,1734.0491236658165,2155.438215469088,1661.9999999999998,0,0,2411,2543,0,0,0,0,NaN,NaN,6.783910548316556,NaN,NaN,NaN,1857.6870873357122,1805.0017630153604,NaN,NaN,NaN,NaN,NaN,NaN,NaN,NaN,NaN,NaN,1,0,0,0,0,NaN,NaN,6.783910548316556,NaN,NaN,NaN,1857.6870873357122,1805.0017630153604,NaN,NaN,NaN,NaN,NaN,NaN,NaN,NaN,NaN,NaN,1
2023-01-06,1667.0230582061954,1752,1500,1683,1724.7674648174861,2148.225418286354,1683,0,0,2411,2544,0,0,0,0,NaN,NaN,3.923517481354573,NaN,NaN,NaN,1857.6870873357122,1805.0017630153604,NaN,NaN,NaN,NaN,NaN,NaN,NaN,NaN,NaN,NaN,1,0,0,0,0,NaN,NaN,3.923517481354573,NaN,NaN,NaN,1857.6870873357122,1805.0017630153604,NaN,NaN,NaN,NaN,NaN,NaN,NaN,NaN,NaN,NaN,1
2023-01-09,1675.0115291030977,1776,1632,1704,1720.9915621233977,2141.4433508316006,1704,0,0,2411,2545,0,0,0,0,NaN,NaN,1.4385860281405678,NaN,NaN,NaN,1857.6870873357122,1805.0017630153604,NaN,NaN,NaN,NaN,NaN,NaN,NaN,NaN,NaN,NaN,1,0,0,0,0,NaN,NaN,1.4385860281405678,NaN,NaN,NaN,1857.6870873357122,1805.0017630153604,NaN,NaN,NaN,NaN,NaN,NaN,NaN,NaN,NaN,NaN,1
2023-01-10,1689.505764551549,1776,1689.505764551549,1752,1726.6294599191435,2135.4976508189043,1752,0,0,2411,2546,0,0,0,0,NaN,NaN,0.18722261228197856,NaN,NaN,NaN,1857.6870873357122,1805.0017630153604,NaN,NaN,NaN,NaN,NaN,NaN,NaN,NaN,NaN,NaN,1,0,0,0,0,NaN,NaN,0.18722261228197856,NaN,NaN,NaN,1857.6870873357122,1805.0017630153604,NaN,NaN,NaN,NaN,NaN,NaN,NaN,NaN,NaN,NaN,1
2023-01-11,1720.7528822757745,2100,1720.7528822757745,1917,1761.2422853883902,2132.161808821669,1916.9999999999998,0,0,2411,2547,0,0,0,0,NaN,NaN,0.005031149092857137,NaN,NaN,NaN,1857.6870873357122,1805.0017630153604,NaN,NaN,NaN,NaN,NaN,NaN,NaN,NaN,NaN,NaN,1,0,0,0,0,NaN,NaN,0.005031149092857137,NaN,NaN,NaN,1857.6870873357122,1805.0017630153604,NaN,NaN,NaN,NaN,NaN,NaN,NaN,NaN,NaN,NaN,1
2023-01-12,1818.8764411378872,2040,1818.8764411378872,1992,1803.1982334995919,2130.021933877827,1992,0,0,2411,2548,0,0,0,0,NaN,NaN,0.14757964867750176,NaN,NaN,NaN,1857.6870873357122,1856.9099999999999,NaN,NaN,NaN,NaN,NaN,NaN,NaN,NaN,NaN,NaN,1,0,0,0,0,NaN,NaN,0.14757964867750176,NaN,NaN,NaN,1857.6870873357122,1856.9099999999999,NaN,NaN,NaN,NaN,NaN,NaN,NaN,NaN,NaN,NaN,1
2023-01-13,1905.4382205689435,2196,1905.4382205689435,2112,1859.3440092269389,2129.7467898491577,2112,0,0,2411,2549,0,0,0,0,NaN,NaN,0.3811326020186417,NaN,NaN,NaN,1857.6870873357122,1922.7626999999998,NaN,NaN,NaN,NaN,NaN,NaN,NaN,NaN,NaN,NaN,1,0,0,0,0,NaN,NaN,0.3811326020186417,NaN,NaN,NaN,1857.6870873357122,1922.7626999999998,NaN,NaN,NaN,NaN,NaN,NaN,NaN,NaN,NaN,NaN,1
2023-01-17,2008.7191102844718,2244,2008.7191102844718,2172,1916.1905530038591,2130.3918770270334,2172,0,0,2411,2550,0,0,0,0,NaN,NaN,0.7759836334200414,NaN,NaN,NaN,1857.6870873357122,1965.9169379999998,NaN,NaN,NaN,NaN,NaN,NaN,NaN,NaN,NaN,NaN,1,0,0,0,0,NaN,NaN,0.7759836334200414,NaN,NaN,NaN,1857.6870873357122,1965.9169379999998,NaN,NaN,NaN,NaN,NaN,NaN,NaN,NaN,NaN,NaN,1
2023-01-18,2090.359555142236,2281.68,2052,2181.42,1964.4140888213392,2131.1709323395976,2181.42,0,0,2411,2551,0,0,0,0,NaN,NaN,0.9555242800830138,NaN,NaN,NaN,1857.6870873357122,1989.59831358,NaN,NaN,NaN,NaN,NaN,NaN,NaN,NaN,NaN,NaN,1,0,0,0,0,NaN,NaN,0.9555242800830138,NaN,NaN,NaN,1857.6870873357122,1989.59831358,NaN,NaN,NaN,NaN,NaN,NaN,NaN,NaN,NaN,NaN,1
2023-01-19,2135.889777571118,2256,2064.12,2142.06,1996.7133453992776,2131.33717764739,2142.06,0,0,2411,2552,0,0,0,0,NaN,NaN,1.420732191642066,NaN,NaN,NaN,1857.6870873357122,1989.59831358,NaN,NaN,NaN,NaN,NaN,NaN,NaN,NaN,NaN,NaN,1,0,0,0,0,NaN,NaN,1.420732191642066,NaN,NaN,NaN,1857.6870873357122,1989.59831358,NaN,NaN,NaN,NaN,NaN,NaN,NaN,NaN,NaN,NaN,1
2023-01-20,2138.974888785559,2201.76,2112,2153.25,2025.1745553266817,2131.671724553537,2153.25,0,0,2411,2553,0,0,0,0,NaN,NaN,1.3146971072888696,NaN,NaN,NaN,1857.6870873357122,1989.59831358,NaN,NaN,NaN,NaN,NaN,NaN,NaN,NaN,NaN,NaN,1,0,0,0,0,NaN,NaN,1.3146971072888696,NaN,NaN,NaN,1857.6870873357122,1989.59831358,NaN,NaN,NaN,NaN,NaN,NaN,NaN,NaN,NaN,NaN,1
2023-01-23,2146.1124443927793,2146.1124443927793,1716,1926,2007.1428179945578,2128.5316982244753,1925.9999999999998,0,0,2411,2554,0,0,0,0,NaN,NaN,1.940140120246784,NaN,NaN,NaN,1857.6870873357122,1989.59831358,NaN,NaN,NaN,NaN,NaN,NaN,NaN,NaN,NaN,NaN,1,0,0,0,0,NaN,NaN,1.940140120246784,NaN,NaN,NaN,1857.6870873357122,1989.59831358,NaN,NaN,NaN,NaN,NaN,NaN,NaN,NaN,NaN,NaN,1
2023-01-24,2036.0562221963896,2036.0562221963896,1808.4,1831.1999999999998,1975.15321472282,2123.992282984407,1831.1999999999996,0,0,2411,2555,0,0,0,0,NaN,NaN,3.600550449346275,NaN,NaN,NaN,1857.6870873357122,1989.59831358,NaN,NaN,NaN,NaN,NaN,NaN,NaN,NaN,NaN,NaN,1,0,0,0,0,NaN,NaN,3.600550449346275,NaN,NaN,NaN,1857.6870873357122,1989.59831358,NaN,NaN,NaN,NaN,NaN,NaN,NaN,NaN,NaN,NaN,1
2023-01-25,1933.6281110981947,1933.6281110981947,1716,1786.5,1940.8526302277617,2118.839729045714,1786.5000000000002,0,0,2411,2556,0,0,0,0,NaN,NaN,6.025460132919779,NaN,NaN,NaN,1857.6870873357122,1960.2648,NaN,NaN,NaN,NaN,NaN,NaN,NaN,NaN,NaN,NaN,1,0,0,0,0,NaN,NaN,6.025460132919779,NaN,NaN,NaN,1857.6870873357122,1960.2648,NaN,NaN,NaN,NaN,NaN,NaN,NaN,NaN,NaN,NaN,1
2023-01-26,1860.0640555490972,1860.0640555490972,1750.92,1797.63,1914.8121520045322,2113.935763716772,1797.63,0,0,2411,2557,0,0,0,0,NaN,NaN,9.328827000904242,NaN,NaN,NaN,1857.6870873357122,1960.2648,NaN,NaN,NaN,NaN,NaN,NaN,NaN,NaN,NaN,NaN,1,0,0,0,0,NaN,NaN,9.328827000904242,NaN,NaN,NaN,1857.6870873357122,1960.2648,NaN,NaN,NaN,NaN,NaN,NaN,NaN,NaN,NaN,NaN,1
2023-01-27,1828.8470277745487,1872,1560,1713,1878.1190334582536,2107.814607018806,1713,0,0,2411,2558,0,0,0,0,NaN,NaN,12.965128051936759,NaN,NaN,NaN,1857.6870873357122,1917.1993559999999,NaN,NaN,NaN,NaN,NaN,NaN,NaN,NaN,NaN,NaN,1,0,0,0,0,NaN,NaN,12.965128051936759,NaN,NaN,NaN,1857.6870873357122,1917.1993559999999,NaN,NaN,NaN,NaN,NaN,NaN,NaN,NaN,NaN,NaN,1
2023-01-30,1770.9235138872743,1919.88,1560,1719,1849.1883001022074,2101.87850614829,1719.0000000000002,0,0,2411,2559,0,0,0,0,NaN,NaN,17.14447871422681,NaN,NaN,NaN,1857.6870873357122,1917.1993559999999,NaN,NaN,NaN,NaN,NaN,NaN,NaN,NaN,NaN,NaN,1,0,0,0,0,NaN,NaN,17.14447871422681,NaN,NaN,NaN,1857.6870873357122,1917.1993559999999,NaN,NaN,NaN,NaN,NaN,NaN,NaN,NaN,NaN,NaN,1
2023-01-31,1744.9617569436373,1956,1632,1794,1839.154063719988,2097.178070939919,1793.9999999999998,0,0,2411,2560,0,0,0,0,NaN,NaN,18.832001470358115,NaN,NaN,NaN,1857.6870873357122,1917.1993559999999,NaN,NaN,NaN,NaN,NaN,NaN,NaN,NaN,NaN,NaN,1,0,0,0,0,NaN,NaN,18.832001470358115,NaN,NaN,NaN,1857.6870873357122,1917.1993559999999,NaN,NaN,NaN,NaN,NaN,NaN,NaN,NaN,NaN,NaN,1
2023-02-01,1769.4808784718186,2160,1769.4808784718186,2037,1875.1260521345357,2096.259321765264,2037,0,0,2411,2561,0,0,0,0,NaN,NaN,17.471546418222335,NaN,NaN,NaN,1857.6870873357122,1917.1993559999999,NaN,NaN,NaN,NaN,NaN,NaN,NaN,NaN,NaN,NaN,1,0,0,0,0,NaN,NaN,17.471546418222335,NaN,NaN,NaN,1857.6870873357122,1917.1993559999999,NaN,NaN,NaN,NaN,NaN,NaN,NaN,NaN,NaN,NaN,1
2023-02-02,1903.2404392359094,2256,1903.2404392359094,2208,1935.6485881100746,2097.965286318466,2208,0,0,2411,2562,0,0,0,0,NaN,NaN,14.278156833653629,NaN,NaN,NaN,1857.6870873357122,1975.35,NaN,NaN,NaN,NaN,NaN,NaN,NaN,NaN,NaN,NaN,1,0,0,0,0,NaN,NaN,14.278156833653629,NaN,NaN,NaN,1857.6870873357122,1975.35,NaN,NaN,NaN,NaN,NaN,NaN,NaN,NaN,NaN,NaN,1
2023-02-03,2055.6202196179547,2244,2028,2148,1974.2579357264246,2098.7291750769627,2148,0,0,2411,2563,0,0,0,0,NaN,NaN,12.854573886116476,NaN,NaN,NaN,1857.6870873357122,1975.35,NaN,NaN,NaN,NaN,NaN,NaN,NaN,NaN,NaN,NaN,1,0,0,0,0,NaN,NaN,12.854573886116476,NaN,NaN,NaN,1857.6870873357122,1975.35,NaN,NaN,NaN,NaN,NaN,NaN,NaN,NaN,NaN,NaN,1
2023-02-06,2101.8101098089774,2172,2083.2,2131.8,2002.9019474125294,2099.2340731673908,2131.8,0,0,2411,2564,0,0,0,0,NaN,NaN,12.184199305413603,NaN,NaN,NaN,1857.6870873357122,1975.35,NaN,NaN,NaN,NaN,NaN,NaN,NaN,NaN,NaN,NaN,1,0,0,0,0,NaN,NaN,12.184199305413603,NaN,NaN,NaN,1857.6870873357122,1975.35,NaN,NaN,NaN,NaN,NaN,NaN,NaN,NaN,NaN,NaN,1
2023-02-07,2116.8050549044888,2116.8050549044888,2040,2067,2014.5561387920695,2098.741949912927,2067,0,0,2411,2565,0,0,0,0,NaN,NaN,11.951422763529656,NaN,NaN,NaN,1857.6870873357122,1975.35,NaN,NaN,NaN,NaN,NaN,NaN,NaN,NaN,NaN,NaN,1,0,0,0,0,NaN,NaN,11.951422763529656,NaN,NaN,NaN,1857.6870873357122,1975.35,NaN,NaN,NaN,NaN,NaN,NaN,NaN,NaN,NaN,NaN,1
2023-02-08,2091.9025274522446,2175.6,1920,2070.9,2024.8004771935114,2098.316881975325,2070.9,0,0,2411,2566,0,0,0,0,NaN,NaN,11.063685909485919,NaN,NaN,NaN,1857.6870873357122,1975.35,NaN,NaN,NaN,NaN,NaN,NaN,NaN,NaN,NaN,NaN,1,0,0,0,0,NaN,NaN,11.063685909485919,NaN,NaN,NaN,1857.6870873357122,1975.35,NaN,NaN,NaN,NaN,NaN,NaN,NaN,NaN,NaN,NaN,1
2023-02-09,2081.401263726122,2160,1800,1983,2017.2003904310548,2096.556318891732,1983,0,0,2411,2567,0,0,0,0,NaN,NaN,10.482174634872516,NaN,NaN,NaN,1857.6870873357122,1975.35,NaN,NaN,NaN,NaN,NaN,NaN,NaN,NaN,NaN,NaN,1,0,0,0,0,NaN,NaN,10.482174634872516,NaN,NaN,NaN,1857.6870873357122,1975.35,NaN,NaN,NaN,NaN,NaN,NaN,NaN,NaN,NaN,NaN,1
2023-02-10,2032.200631863061,2032.200631863061,1692,1747.5,1968.1639558072266,2091.227214786515,1747.5,0,0,2411,2568,0,0,0,0,NaN,NaN,12.068961343026679,NaN,NaN,NaN,1857.6870873357122,1975.35,NaN,NaN,NaN,NaN,NaN,NaN,NaN,NaN,NaN,NaN,1,0,0,0,0,NaN,NaN,12.068961343026679,NaN,NaN,NaN,1857.6870873357122,1975.35,NaN,NaN,NaN,NaN,NaN,NaN,NaN,NaN,NaN,NaN,1
2023-02-13,1889.8503159315305,1889.8503159315305,1680,1751.97,1928.8559638422762,2086.0477153241254,1751.9700000000003,0,0,2411,2569,0,0,0,0,NaN,NaN,13.463973383870345,NaN,NaN,NaN,1857.6870873357122,1975.35,NaN,NaN,NaN,NaN,NaN,NaN,NaN,NaN,NaN,NaN,1,0,0,0,0,NaN,NaN,13.463973383870345,NaN,NaN,NaN,1857.6870873357122,1975.35,NaN,NaN,NaN,NaN,NaN,NaN,NaN,NaN,NaN,NaN,1
2023-02-14,1820.9101579657654,1932,1753.32,1838.07,1912.3494249618623,2082.2617960062,1838.0699999999997,0,0,2411,2570,0,0,0,0,NaN,NaN,14.516856760960176,NaN,NaN,NaN,1857.6870873357122,1975.35,NaN,NaN,NaN,NaN,NaN,NaN,NaN,NaN,NaN,NaN,1,0,0,0,0,NaN,NaN,14.516856760960176,NaN,NaN,NaN,1857.6870873357122,1975.35,NaN,NaN,NaN,NaN,NaN,NaN,NaN,NaN,NaN,NaN,1
2023-02-15,1829.4900789828826,1943.88,1829.4900789828826,1904.94,1911.0022567869783,2079.5545930137387,1904.9400000000003,0,0,2411,2571,0,0,0,0,NaN,NaN,15.205406862448706,NaN,NaN,NaN,1857.6870873357122,1975.35,NaN,NaN,NaN,NaN,NaN,NaN,NaN,NaN,NaN,NaN,1,0,0,0,0,NaN,NaN,15.205406862448706,NaN,NaN,NaN,1857.6870873357122,1975.35,NaN,NaN,NaN,NaN,NaN,NaN,NaN,NaN,NaN,NaN,1
2023-02-16,1867.2150394914413,1908,1848,1866.03,1902.8254828257095,2076.2946755631474,1866.0299999999997,0,0,2411,2572,0,0,0,0,NaN,NaN,16.603405572574207,NaN,NaN,NaN,1857.6870873357122,1975.35,NaN,NaN,NaN,NaN,NaN,NaN,NaN,NaN,NaN,NaN,1,0,0,0,0,NaN,NaN,16.603405572574207,NaN,NaN,NaN,1857.6870873357122,1975.35,NaN,NaN,NaN,NaN,NaN,NaN,NaN,NaN,NaN,NaN,1
2023-02-17,1866.6225197457206,1944,1848,1875,1897.766304130126,2073.2214744095118,1875,0,0,2411,2573,0,0,0,0,NaN,NaN,17.322015431724136,NaN,NaN,NaN,1857.6870873357122,1975.35,NaN,NaN,NaN,NaN,NaN,NaN,NaN,NaN,NaN,NaN,1,0,0,0,0,NaN,NaN,17.322015431724136,NaN,NaN,NaN,1857.6870873357122,1975.35,NaN,NaN,NaN,NaN,NaN,NaN,NaN,NaN,NaN,NaN,1
2023-02-21,1870.8112598728603,1956,1776,1845,1888.1724306519213,2069.737177090283,1845,0,0,2411,2574,0,0,0,0,NaN,NaN,17.90029879808246,NaN,NaN,NaN,1857.6870873357122,1975.35,NaN,NaN,NaN,NaN,NaN,NaN,NaN,NaN,NaN,NaN,1,0,0,0,0,NaN,NaN,17.90029879808246,NaN,NaN,NaN,1857.6870873357122,1975.35,NaN,NaN,NaN,NaN,NaN,NaN,NaN,NaN,NaN,NaN,1
2023-02-22,1857.9056299364302,1956,1812,1884,1887.4138068970265,2066.901494997301,1884,0,0,2411,2575,0,0,0,0,NaN,NaN,18.117906265811808,NaN,NaN,NaN,1857.6870873357122,1975.35,NaN,NaN,NaN,NaN,NaN,NaN,NaN,NaN,NaN,NaN,1,0,0,0,0,NaN,NaN,18.117906265811808,NaN,NaN,NaN,1857.6870873357122,1975.35,NaN,NaN,NaN,NaN,NaN,NaN,NaN,NaN,NaN,NaN,1
2023-02-23,1870.952814968215,1944,1788.12,1851.03,1880.7985692793852,2063.6057469820753,1851.0300000000002,0,0,2411,2576,0,0,0,0,NaN,NaN,19.613330345975076,NaN,NaN,NaN,1857.6870873357122,1975.35,NaN,NaN,NaN,NaN,NaN,NaN,NaN,NaN,NaN,NaN,1,0,0,0,0,NaN,NaN,19.613330345975076,NaN,NaN,NaN,1857.6870873357122,1975.35,NaN,NaN,NaN,NaN,NaN,NaN,NaN,NaN,NaN,NaN,1
2023-02-24,1860.9914074841076,1979.88,1776,1877.94,1880.2788294104062,2060.771155425097,1877.94,0,0,2411,2577,0,0,0,0,NaN,NaN,19.545473996093186,NaN,NaN,NaN,1857.6870873357122,1975.35,NaN,NaN,NaN,NaN,NaN,NaN,NaN,NaN,NaN,NaN,1,0,0,0,0,NaN,NaN,19.545473996093186,NaN,NaN,NaN,1857.6870873357122,1975.35,NaN,NaN,NaN,NaN,NaN,NaN,NaN,NaN,NaN,NaN,1
2023-02-27,1869.4657037420538,1884,1716,1836,1872.2281331539687,2057.339534731584,1835.9999999999998,0,0,2411,2578,0,0,0,0,NaN,NaN,19.438999890250855,NaN,NaN,NaN,1857.6870873357122,1975.35,NaN,NaN,NaN,NaN,NaN,NaN,NaN,NaN,NaN,NaN,1,0,0,0,0,NaN,NaN,19.438999890250855,NaN,NaN,NaN,1857.6870873357122,1975.35,NaN,NaN,NaN,NaN,NaN,NaN,NaN,NaN,NaN,NaN,1
2023-02-28,1852.732851871027,1896,1740.36,1818.1799999999998,1862.4011998532471,2053.688244124995,1818.1799999999998,0,0,2411,2579,0,0,0,0,NaN,NaN,20.07862868355405,NaN,NaN,NaN,1857.6870873357122,1975.35,NaN,NaN,NaN,NaN,NaN,NaN,NaN,NaN,NaN,NaN,1,0,0,0,0,NaN,NaN,20.07862868355405,NaN,NaN,NaN,1857.6870873357122,1975.35,NaN,NaN,NaN,NaN,NaN,NaN,NaN,NaN,NaN,NaN,1
2023-03-01,1835.4564259355134,1908,1776,1815,1853.7827998799294,2050.0441487948424,1815,0,0,2411,2580,0,0,0,0,NaN,NaN,19.037566067732165,NaN,NaN,NaN,1857.6870873357122,1975.35,NaN,NaN,NaN,NaN,NaN,NaN,NaN,NaN,NaN,NaN,1,0,0,0,0,NaN,NaN,19.037566067732165,NaN,NaN,NaN,1857.6870873357122,1975.35,NaN,NaN,NaN,NaN,NaN,NaN,NaN,NaN,NaN,NaN,1
2023-03-02,1825.2282129677567,1992,1728,1824,1848.367745356306,2046.5930930880509,1824,0,0,2411,2581,0,0,0,0,NaN,NaN,17.13761204285027,NaN,NaN,NaN,1857.6870873357122,1975.35,NaN,NaN,NaN,NaN,NaN,NaN,NaN,NaN,NaN,NaN,1,0,0,0,0,NaN,NaN,17.13761204285027,NaN,NaN,NaN,1857.6870873357122,1975.35,NaN,NaN,NaN,NaN,NaN,NaN,NaN,NaN,NaN,NaN,1
2023-03-03,1824.6141064838785,2052,1824,1905,1858.6645189278868,2044.4313664760195,1905,0,0,2411,2582,0,0,0,0,NaN,NaN,14.445533306778508,NaN,NaN,NaN,1857.6870873357122,1975.35,NaN,NaN,NaN,NaN,NaN,NaN,NaN,NaN,NaN,NaN,1,0,0,0,0,NaN,NaN,14.445533306778508,NaN,NaN,NaN,1857.6870873357122,1975.35,NaN,NaN,NaN,NaN,NaN,NaN,NaN,NaN,NaN,NaN,1
2023-03-06,1864.8070532419392,2040,1836,1950,1875.2709700319074,2042.9896662244773,1950,0,0,2411,2583,0,0,0,0,NaN,NaN,11.701635051316698,NaN,NaN,NaN,1857.6870873357122,1975.35,NaN,NaN,NaN,NaN,NaN,NaN,NaN,NaN,NaN,NaN,1,0,0,0,0,NaN,NaN,11.701635051316698,NaN,NaN,NaN,1857.6870873357122,1975.35,NaN,NaN,NaN,NaN,NaN,NaN,NaN,NaN,NaN,NaN,1
2023-03-07,1907.4035266209696,2088.12,1907.4035266209696,2043.1499999999999,1905.794430026106,2042.9921140683784,2043.1499999999999,0,0,2411,2584,0,0,0,0,NaN,NaN,8.932874586165685,NaN,NaN,NaN,1857.6870873357122,1975.35,NaN,NaN,NaN,NaN,NaN,NaN,NaN,NaN,NaN,NaN,1,0,0,0,0,NaN,NaN,8.932874586165685,NaN,NaN,NaN,1857.6870873357122,1975.35,NaN,NaN,NaN,NaN,NaN,NaN,NaN,NaN,NaN,NaN,1
2023-03-08,1975.2767633104847,2046,1812,1966.5,1916.8318063849958,2041.8242955329833,1966.5,0,0,2411,2585,0,0,0,0,NaN,NaN,7.073304205747037,NaN,NaN,NaN,1857.6870873357122,1975.35,NaN,NaN,NaN,NaN,NaN,NaN,NaN,NaN,NaN,NaN,1,0,0,0,0,NaN,NaN,7.073304205747037,NaN,NaN,NaN,1857.6870873357122,1975.35,NaN,NaN,NaN,NaN,NaN,NaN,NaN,NaN,NaN,NaN,1
2023-03-09,1970.8883816552425,2004,1800,1920,1917.4078415877239,2039.9643826240829,1920,0,0,2411,2586,0,0,0,0,NaN,NaN,5.486871541228068,NaN,NaN,NaN,1857.6870873357122,1975.35,NaN,NaN,NaN,NaN,NaN,NaN,NaN,NaN,NaN,NaN,1,0,0,0,0,NaN,NaN,5.486871541228068,NaN,NaN,NaN,1857.6870873357122,1975.35,NaN,NaN,NaN,NaN,NaN,NaN,NaN,NaN,NaN,NaN,1
2023-03-10,1945.4441908276212,1945.4441908276212,1752.12,1821.06,1899.8900522081376,2036.622330980967,1821.06,0,0,2411,2587,0,0,0,0,NaN,NaN,4.6571603447230725,NaN,NaN,NaN,1857.6870873357122,1975.35,NaN,NaN,NaN,NaN,NaN,NaN,NaN,NaN,NaN,NaN,1,0,0,0,0,NaN,NaN,4.6571603447230725,NaN,NaN,NaN,1857.6870873357122,1975.35,NaN,NaN,NaN,NaN,NaN,NaN,NaN,NaN,NaN,NaN,1
2023-03-13,1883.2520954138106,2004,1752,1887,1897.5464063521126,2034.3380205843112,1887,0,0,2411,2588,0,0,0,0,NaN,NaN,3.793166511895115,NaN,NaN,NaN,1857.6870873357122,1975.35,NaN,NaN,NaN,NaN,NaN,NaN,NaN,NaN,NaN,NaN,1,0,0,0,0,NaN,NaN,3.793166511895115,NaN,NaN,NaN,1857.6870873357122,1975.35,NaN,NaN,NaN,NaN,NaN,NaN,NaN,NaN,NaN,NaN,1
2023-03-14,1885.1260477069054,1956,1764,1854,1889.6288779244558,2031.5847683616498,1854,0,0,2411,2589,0,0,0,0,NaN,NaN,3.1545367726921585,NaN,NaN,NaN,1857.6870873357122,1975.35,NaN,NaN,NaN,NaN,NaN,NaN,NaN,NaN,NaN,NaN,1,0,0,0,0,NaN,NaN,3.1545367726921585,NaN,NaN,NaN,1857.6870873357122,1975.35,NaN,NaN,NaN,NaN,NaN,NaN,NaN,NaN,NaN,NaN,1
2023-03-15,1869.5630238534527,1869.5630238534527,1692,1782,1870.0599910291003,2027.774313882846,1782,0,0,2411,2590,0,0,0,0,NaN,NaN,2.380736086046997,NaN,NaN,NaN,1857.6870873357122,1975.35,NaN,NaN,NaN,NaN,NaN,NaN,NaN,NaN,NaN,NaN,1,0,0,0,0,NaN,NaN,2.380736086046997,NaN,NaN,NaN,1857.6870873357122,1975.35,NaN,NaN,NaN,NaN,NaN,NaN,NaN,NaN,NaN,NaN,1
2023-03-16,1825.7815119267264,1825.7815119267264,1692,1782,1854.0490835692638,2024.0220342815812,1782,0,0,2411,2591,0,0,0,0,NaN,NaN,1.8310035126641495,NaN,NaN,NaN,1857.6870873357122,1975.35,NaN,NaN,NaN,NaN,NaN,NaN,NaN,NaN,NaN,NaN,1,0,0,0,0,NaN,NaN,1.8310035126641495,NaN,NaN,NaN,1857.6870873357122,1975.35,NaN,NaN,NaN,NaN,NaN,NaN,NaN,NaN,NaN,NaN,1
2023-03-17,1803.890755963363,1955.4,1716,1868.7,1856.7128865566704,2021.6507055139234,1868.6999999999998,0,0,2411,2592,0,0,0,0,NaN,NaN,0.9810983127379898,NaN,NaN,NaN,1857.6870873357122,1975.35,NaN,NaN,NaN,NaN,NaN,NaN,NaN,NaN,NaN,NaN,1,0,0,0,0,NaN,NaN,0.9810983127379898,NaN,NaN,NaN,1857.6870873357122,1975.35,NaN,NaN,NaN,NaN,NaN,NaN,NaN,NaN,NaN,NaN,1
2023-03-20,1836.2953779816817,1896,1536,1728,1833.3105435463667,2017.1674886358483,1728,0,0,2411,2593,0,0,0,0,NaN,NaN,0.8058924492479268,NaN,NaN,NaN,1857.6870873357122,1960.8,NaN,NaN,NaN,NaN,NaN,NaN,NaN,NaN,NaN,NaN,1,0,0,0,0,NaN,NaN,0.8058924492479268,NaN,NaN,NaN,1857.6870873357122,1960.8,NaN,NaN,NaN,NaN,NaN,NaN,NaN,NaN,NaN,NaN,1
2023-03-21,1782.1476889908408,1884,1644,1720.5,1812.7995356288454,2012.6382140001865,1720.5,0,0,2411,2594,0,0,0,0,NaN,NaN,0.6727411245714836,NaN,NaN,NaN,1857.6870873357122,1949.9534999999998,NaN,NaN,NaN,NaN,NaN,NaN,NaN,NaN,NaN,NaN,1,0,0,0,0,NaN,NaN,0.6727411245714836,NaN,NaN,NaN,1857.6870873357122,1949.9534999999998,NaN,NaN,NaN,NaN,NaN,NaN,NaN,NaN,NaN,NaN,1
2023-03-22,1751.3238444954204,1751.3238444954204,1632,1679.94,1788.6432564236009,2007.5588519543821,1679.94,0,0,2411,2595,0,0,0,0,NaN,NaN,0.5707650518550947,NaN,NaN,NaN,1857.6870873357122,1914.68949,NaN,NaN,NaN,NaN,NaN,NaN,NaN,NaN,NaN,NaN,1,0,0,0,0,NaN,NaN,0.5707650518550947,NaN,NaN,NaN,1857.6870873357122,1914.68949,NaN,NaN,NaN,NaN,NaN,NaN,NaN,NaN,NaN,NaN,1
2023-03-23,1715.6319222477102,1812,1704.12,1761.03,1783.6226643465825,2003.795052687903,1761.03,0,0,2411,2596,0,0,0,0,NaN,NaN,0.3493339909978832,NaN,NaN,NaN,1857.6870873357122,1914.68949,NaN,NaN,NaN,NaN,NaN,NaN,NaN,NaN,NaN,NaN,1,0,0,0,0,NaN,NaN,0.3493339909978832,NaN,NaN,NaN,1857.6870873357122,1914.68949,NaN,NaN,NaN,NaN,NaN,NaN,NaN,NaN,NaN,NaN,1
2023-03-24,1738.330961123855,1738.330961123855,1738.32,1738.32,1775.3858162835675,1999.7419984483931,1738.32,0,0,2411,2597,0,0,0,0,NaN,NaN,0.4935244148756882,NaN,NaN,NaN,1857.6870873357122,1914.68949,NaN,NaN,NaN,NaN,NaN,NaN,NaN,NaN,NaN,NaN,1,0,0,0,0,NaN,NaN,0.4935244148756882,NaN,NaN,NaN,1857.6870873357122,1914.68949,NaN,NaN,NaN,NaN,NaN,NaN,NaN,NaN,NaN,NaN,1
2023-03-27,1738.3254805619276,1738.3254805619276,1320,1446,1715.4974860501916,1991.2879221362039,1446,0,0,2411,2598,0,0,0,0,NaN,NaN,1.3004181510852546,NaN,NaN,NaN,1857.6870873357122,1766.0647359,NaN,NaN,NaN,NaN,NaN,NaN,NaN,NaN,NaN,NaN,1,0,0,0,0,NaN,NaN,1.3004181510852546,NaN,NaN,NaN,1857.6870873357122,1766.0647359,NaN,NaN,NaN,NaN,NaN,NaN,NaN,NaN,NaN,NaN,1
2023-03-28,1592.1627402809638,1592.1627402809638,1392,1432.5,1664.0433976774295,1982.7568088211474,1432.5,0,0,2411,2599,0,0,0,0,NaN,NaN,2.5214782958400805,NaN,NaN,NaN,1857.6870873357122,1720.096967592,NaN,NaN,NaN,NaN,NaN,NaN,NaN,NaN,NaN,NaN,1,0,0,0,0,NaN,NaN,2.5214782958400805,NaN,NaN,NaN,1857.6870873357122,1720.096967592,NaN,NaN,NaN,NaN,NaN,NaN,NaN,NaN,NaN,NaN,1
2023-03-29,1512.3313701404818,1512.3313701404818,1428,1464,1627.6718708269877,1974.8368575414352,1464,0,0,2411,2600,0,0,0,0,NaN,NaN,3.837271744259876,NaN,NaN,NaN,1857.6870873357122,1720.096967592,NaN,NaN,NaN,NaN,NaN,NaN,NaN,NaN,NaN,NaN,1,0,0,0,0,NaN,NaN,3.837271744259876,NaN,NaN,NaN,1857.6870873357122,1720.096967592,NaN,NaN,NaN,NaN,NaN,NaN,NaN,NaN,NaN,NaN,1
2023-03-30,1488.165685070241,1524,1488.165685070241,1524,1608.8224397675353,1967.9538520827873,1524,0,0,2411,2601,0,0,0,0,NaN,NaN,5.507721761191624,NaN,NaN,NaN,1857.6870873357122,1720.096967592,NaN,NaN,NaN,NaN,NaN,NaN,NaN,NaN,NaN,NaN,1,0,0,0,0,NaN,NaN,5.507721761191624,NaN,NaN,NaN,1857.6870873357122,1720.096967592,NaN,NaN,NaN,NaN,NaN,NaN,NaN,NaN,NaN,NaN,1
2023-03-31,1506.0828425351206,1524,1464,1509,1590.672905264347,1960.9469230433554,1509,0,0,2411,2602,0,0,0,0,NaN,NaN,7.257306036441176,NaN,NaN,NaN,1857.6870873357122,1720.096967592,NaN,NaN,NaN,NaN,NaN,NaN,NaN,NaN,NaN,NaN,1,0,0,0,0,NaN,NaN,7.257306036441176,NaN,NaN,NaN,1857.6870873357122,1720.096967592,NaN,NaN,NaN,NaN,NaN,NaN,NaN,NaN,NaN,NaN,1
2023-04-03,1507.5414212675603,1600.08,1464,1531.02,1579.8269224890112,1954.3831532258996,1531.02,0,0,2411,2603,0,0,0,0,NaN,NaN,8.659950222916594,NaN,NaN,NaN,1857.6870873357122,1720.096967592,NaN,NaN,NaN,NaN,NaN,NaN,NaN,NaN,NaN,NaN,1,0,0,0,0,NaN,NaN,8.659950222916594,NaN,NaN,NaN,1857.6870873357122,1720.096967592,NaN,NaN,NaN,NaN,NaN,NaN,NaN,NaN,NaN,NaN,1
2023-04-04,1519.28071063378,1584,1500,1533,1571.3129365819182,1947.9498226422982,1533,0,0,2411,2604,0,0,0,0,NaN,NaN,10.261354011985821,NaN,NaN,NaN,1857.6870873357122,1720.096967592,NaN,NaN,NaN,NaN,NaN,NaN,NaN,NaN,NaN,NaN,1,0,0,0,0,NaN,NaN,10.261354011985821,NaN,NaN,NaN,1857.6870873357122,1720.096967592,NaN,NaN,NaN,NaN,NaN,NaN,NaN,NaN,NaN,NaN,1
2023-04-05,1526.14035531689,1548.12,1500,1524.03,1562.7160390215695,1941.477764281347,1524.03,0,0,2411,2605,0,0,0,0,NaN,NaN,12.049027013952333,NaN,NaN,NaN,1857.6870873357122,1720.096967592,NaN,NaN,NaN,NaN,NaN,NaN,NaN,NaN,NaN,NaN,1,0,0,0,0,NaN,NaN,12.049027013952333,NaN,NaN,NaN,1857.6870873357122,1720.096967592,NaN,NaN,NaN,NaN,NaN,NaN,NaN,NaN,NaN,NaN,1
2023-04-06,1525.085177658445,1574.76,1512,1527.69,1556.347668290375,1935.1603938343035,1527.69,0,0,2411,2606,0,0,0,0,NaN,NaN,14.446064510971212,NaN,NaN,NaN,1857.6870873357122,1720.096967592,NaN,NaN,NaN,NaN,NaN,NaN,NaN,NaN,NaN,NaN,1,0,0,0,0,NaN,NaN,14.446064510971212,NaN,NaN,NaN,1857.6870873357122,1720.096967592,NaN,NaN,NaN,NaN,NaN,NaN,NaN,NaN,NaN,NaN,1
2023-04-10,1526.3875888292225,1572,1500,1533,1552.102637692125,1929.0205404933217,1533,0,0,2411,2607,0,0,0,0,NaN,NaN,17.148884189969817,NaN,NaN,NaN,1857.6870873357122,1720.096967592,NaN,NaN,NaN,NaN,NaN,NaN,NaN,NaN,NaN,NaN,1,0,0,0,0,NaN,NaN,17.148884189969817,NaN,NaN,NaN,1857.6870873357122,1720.096967592,NaN,NaN,NaN,NaN,NaN,NaN,NaN,NaN,NaN,NaN,1
2023-04-11,1529.6937944146111,1584,1452,1497,1542.0839762935568,1922.4248070506756,1497,0,0,2411,2608,0,0,0,0,NaN,NaN,19.482944101500927,NaN,NaN,NaN,1857.6870873357122,1720.096967592,NaN,NaN,NaN,NaN,NaN,NaN,NaN,NaN,NaN,NaN,1,0,0,0,0,NaN,NaN,19.482944101500927,NaN,NaN,NaN,1857.6870873357122,1720.096967592,NaN,NaN,NaN,NaN,NaN,NaN,NaN,NaN,NaN,NaN,1
2023-04-13,1513.3468972073056,1608,1512,1560,1545.3414351492738,1916.8916038895966,1560,0,0,2411,2609,0,0,0,0,NaN,NaN,21.562033307468592,NaN,NaN,NaN,1857.6870873357122,1720.096967592,NaN,NaN,NaN,NaN,NaN,NaN,NaN,NaN,NaN,NaN,1,0,0,0,0,NaN,NaN,21.562033307468592,NaN,NaN,NaN,1857.6870873357122,1720.096967592,NaN,NaN,NaN,NaN,NaN,NaN,NaN,NaN,NaN,NaN,1
2023-04-14,1536.6734486036528,1644,1524,1593,1554.0066287584968,1911.9466939065494,1593,0,0,2411,2610,0,0,0,0,NaN,NaN,25.33350960645988,NaN,NaN,NaN,1857.6870873357122,1720.096967592,NaN,NaN,NaN,NaN,NaN,NaN,NaN,NaN,NaN,NaN,1,0,0,0,0,NaN,NaN,25.33350960645988,NaN,NaN,NaN,1857.6870873357122,1720.096967592,NaN,NaN,NaN,NaN,NaN,NaN,NaN,NaN,NaN,NaN,1
2023-04-17,1564.8367243018265,1704,1560,1650,1571.4599689842246,1907.9475077400373,1650,0,0,2411,2611,0,0,0,0,NaN,NaN,28.954569297314585,NaN,NaN,NaN,1857.6870873357122,1720.096967592,NaN,NaN,NaN,NaN,NaN,NaN,NaN,NaN,NaN,NaN,1,0,0,0,0,NaN,NaN,28.954569297314585,NaN,NaN,NaN,1857.6870873357122,1720.096967592,NaN,NaN,NaN,NaN,NaN,NaN,NaN,NaN,NaN,NaN,1
2023-04-18,1607.4183621509133,1668,1536,1635,1583.0127018961837,1903.7803702172887,1635,0,0,2411,2612,0,0,0,0,NaN,NaN,32.809910696416694,NaN,NaN,NaN,1857.6870873357122,1720.096967592,NaN,NaN,NaN,NaN,NaN,NaN,NaN,NaN,NaN,NaN,1,0,0,0,0,NaN,NaN,32.809910696416694,NaN,NaN,NaN,1857.6870873357122,1720.096967592,NaN,NaN,NaN,NaN,NaN,NaN,NaN,NaN,NaN,NaN,1
2023-04-19,1621.2091810754566,1656,1524,1566,1579.919483369605,1898.623418000231,1566,0,0,2411,2613,0,0,0,0,NaN,NaN,37.477901924516296,NaN,NaN,NaN,1857.6870873357122,1720.096967592,NaN,NaN,NaN,NaN,NaN,NaN,NaN,NaN,NaN,NaN,1,0,0,0,0,NaN,NaN,37.477901924516296,NaN,NaN,NaN,1857.6870873357122,1720.096967592,NaN,NaN,NaN,NaN,NaN,NaN,NaN,NaN,NaN,NaN,1
2023-04-20,1593.6045905377282,1632,1488,1527.81,1570.4450318478584,1892.9621444429754,1527.81,0,0,2411,2614,0,0,0,0,NaN,NaN,43.35979692730755,NaN,NaN,NaN,1857.6870873357122,1720.096967592,NaN,NaN,NaN,NaN,NaN,NaN,NaN,NaN,NaN,NaN,1,0,0,0,0,NaN,NaN,43.35979692730755,NaN,NaN,NaN,1857.6870873357122,1720.096967592,NaN,NaN,NaN,NaN,NaN,NaN,NaN,NaN,NaN,NaN,1
2023-04-21,1560.707295268864,1620,1455.6,1560.9,1568.7095715118842,1887.8924933827773,1560.9,0,0,2411,2615,0,0,0,0,NaN,NaN,48.98750965755139,NaN,NaN,NaN,1857.6870873357122,1720.096967592,NaN,NaN,NaN,NaN,NaN,NaN,NaN,NaN,NaN,NaN,1,0,0,0,0,NaN,NaN,48.98750965755139,NaN,NaN,NaN,1857.6870873357122,1720.096967592,NaN,NaN,NaN,NaN,NaN,NaN,NaN,NaN,NaN,NaN,1
2023-04-24,1560.803647634432,1620,1512,1569,1568.7623766915417,1883.023905697544,1569,0,0,2411,2616,0,0,0,0,NaN,NaN,54.29548180494628,NaN,NaN,NaN,1857.6870873357122,1720.096967592,NaN,NaN,NaN,NaN,NaN,NaN,NaN,NaN,NaN,NaN,1,0,0,0,0,NaN,NaN,54.29548180494628,NaN,NaN,NaN,1857.6870873357122,1720.096967592,NaN,NaN,NaN,NaN,NaN,NaN,NaN,NaN,NaN,NaN,1
2023-04-25,1564.9018238172162,1596,1476,1518,1559.532853656716,1877.451021641093,1518,0,0,2411,2617,0,0,0,0,NaN,NaN,59.677681691264695,NaN,NaN,NaN,1857.6870873357122,1720.096967592,NaN,NaN,NaN,NaN,NaN,NaN,NaN,NaN,NaN,NaN,1,0,0,0,0,NaN,NaN,59.677681691264695,NaN,NaN,NaN,1857.6870873357122,1720.096967592,NaN,NaN,NaN,NaN,NaN,NaN,NaN,NaN,NaN,NaN,1
2023-04-26,1541.450911908608,1548,1476,1524,1553.0723348100405,1872.054822837412,1524,0,0,2411,2618,0,0,0,0,NaN,NaN,64.03886320233791,NaN,NaN,NaN,1857.6870873357122,1720.096967592,NaN,NaN,NaN,NaN,NaN,NaN,NaN,NaN,NaN,NaN,1,0,0,0,0,NaN,NaN,64.03886320233791,NaN,NaN,NaN,1857.6870873357122,1720.096967592,NaN,NaN,NaN,NaN,NaN,NaN,NaN,NaN,NaN,NaN,1
2023-04-27,1532.725455954304,1532.725455954304,1404,1458,1535.7864557536695,1865.733375160505,1458,0,0,2411,2619,0,0,0,0,NaN,NaN,65.93461381957779,NaN,NaN,NaN,1857.6870873357122,1720.096967592,NaN,NaN,NaN,NaN,NaN,NaN,NaN,NaN,NaN,NaN,1,0,0,0,0,NaN,NaN,65.93461381957779,NaN,NaN,NaN,1857.6870873357122,1720.096967592,NaN,NaN,NaN,NaN,NaN,NaN,NaN,NaN,NaN,NaN,1
2023-04-28,1495.362727977152,1495.362727977152,1284.12,1391.1599999999999,1509.4907365257295,1858.4879801198865,1391.1599999999996,0,0,2411,2620,0,0,0,0,NaN,NaN,67.08360297015068,NaN,NaN,NaN,1857.6870873357122,1653.1869224532,NaN,NaN,NaN,NaN,NaN,NaN,NaN,NaN,NaN,NaN,1,0,0,0,0,NaN,NaN,67.08360297015068,NaN,NaN,NaN,1857.6870873357122,1653.1869224532,NaN,NaN,NaN,NaN,NaN,NaN,NaN,NaN,NaN,NaN,1
2023-05-01,1443.2613639885758,1443.2613639885758,1260.12,1317.03,1474.4978753392331,1850.2214460722546,1317.03,0,0,2411,2621,0,0,0,0,NaN,NaN,67.36750131120893,NaN,NaN,NaN,1857.6870873357122,1562.285376411624,NaN,NaN,NaN,NaN,NaN,NaN,NaN,NaN,NaN,NaN,1,0,0,0,0,NaN,NaN,67.36750131120893,NaN,NaN,NaN,1857.6870873357122,1562.285376411624,NaN,NaN,NaN,NaN,NaN,NaN,NaN,NaN,NaN,NaN,1
2023-05-02,1380.1456819942878,1380.1456819942878,1272,1329,1448.0437161866453,1842.263866742907,1329,0,0,2411,2622,0,0,0,0,NaN,NaN,67.40667033382312,NaN,NaN,NaN,1857.6870873357122,1562.285376411624,NaN,NaN,NaN,NaN,NaN,NaN,NaN,NaN,NaN,NaN,1,0,0,0,0,NaN,NaN,67.40667033382312,NaN,NaN,NaN,1857.6870873357122,1562.285376411624,NaN,NaN,NaN,NaN,NaN,NaN,NaN,NaN,NaN,NaN,1
2023-05-03,1354.5728409971439,1354.5728409971439,1236,1271.67,1415.9757677890734,1833.5525099987406,1271.67,0,0,2411,2623,0,0,0,0,NaN,NaN,67.42008026800733,NaN,NaN,NaN,1857.6870873357122,1483.3389473651832,NaN,NaN,NaN,NaN,NaN,NaN,NaN,NaN,NaN,NaN,1,0,0,0,0,NaN,NaN,67.42008026800733,NaN,NaN,NaN,1857.6870873357122,1483.3389473651832,NaN,NaN,NaN,NaN,NaN,NaN,NaN,NaN,NaN,NaN,1
2023-05-04,1313.121420498572,1313.121420498572,1236,1242,1384.343810009242,1824.5211739682254,1242,0,0,2411,2624,0,0,0,0,NaN,NaN,67.47729120153626,NaN,NaN,NaN,1857.6870873357122,1414.1429999975392,NaN,NaN,NaN,NaN,NaN,NaN,NaN,NaN,NaN,NaN,1,0,0,0,0,NaN,NaN,67.47729120153626,NaN,NaN,NaN,1857.6870873357122,1414.1429999975392,NaN,NaN,NaN,NaN,NaN,NaN,NaN,NaN,NaN,NaN,1
2023-05-05,1277.5607102492859,1277.5607102492859,1188,1206,1351.9176627348343,1815.0781026099319,1206,0,0,2411,2625,0,0,0,0,NaN,NaN,67.47007506192347,NaN,NaN,NaN,1857.6870873357122,1344.8043899982035,NaN,NaN,NaN,NaN,NaN,NaN,NaN,NaN,NaN,NaN,1,0,0,0,0,NaN,NaN,67.47007506192347,NaN,NaN,NaN,1857.6870873357122,1344.8043899982035,NaN,NaN,NaN,NaN,NaN,NaN,NaN,NaN,NaN,NaN,1
2023-05-08,1241.780355124643,1260,1188,1224,1328.6599058739553,1806.0540094403145,1224,0,0,2411,2626,0,0,0,0,NaN,NaN,68.76470462314803,NaN,NaN,NaN,1857.6870873357122,1344.8043899982035,NaN,NaN,NaN,NaN,NaN,NaN,NaN,NaN,NaN,NaN,1,0,0,0,0,NaN,NaN,68.76470462314803,NaN,NaN,NaN,1857.6870873357122,1344.8043899982035,NaN,NaN,NaN,NaN,NaN,NaN,NaN,NaN,NaN,NaN,1
2023-05-09,1232.8901775623215,1232.8901775623215,899.88,1042.0500000000002,1276.5490138968726,1794.3898260900808,1042.0500000000002,0,0,2411,2627,0,0,0,0,NaN,NaN,70.56099162235644,NaN,NaN,NaN,1444.4664124075125,1196.5955729987427,NaN,NaN,NaN,NaN,NaN,NaN,NaN,NaN,NaN,NaN,1,0,0,0,0,NaN,NaN,70.56099162235644,NaN,NaN,NaN,1444.4664124075125,1196.5955729987427,NaN,NaN,NaN,NaN,NaN,NaN,NaN,NaN,NaN,NaN,1
2023-05-10,1137.470088781161,1620,960,1218.27,1265.9528295519867,1785.5941035543544,1218.27,0,0,2411,2628,0,0,0,0,NaN,NaN,73.33498370135669,NaN,NaN,NaN,1444.4664124075125,1196.5955729987427,NaN,NaN,NaN,NaN,NaN,NaN,NaN,NaN,NaN,NaN,1,0,0,0,0,NaN,NaN,73.33498370135669,NaN,NaN,NaN,1444.4664124075125,1196.5955729987427,NaN,NaN,NaN,NaN,NaN,NaN,NaN,NaN,NaN,NaN,1
2023-05-11,1177.8700443905805,1284,975.84,1093.17,1234.5377696334438,1775.022743194746,1093.17,0,0,2411,2629,0,0,0,0,NaN,NaN,75.7653043596468,NaN,NaN,NaN,1444.4664124075125,1196.5955729987427,NaN,NaN,NaN,NaN,NaN,NaN,NaN,NaN,NaN,NaN,1,0,0,0,0,NaN,NaN,75.7653043596468,NaN,NaN,NaN,1444.4664124075125,1196.5955729987427,NaN,NaN,NaN,NaN,NaN,NaN,NaN,NaN,NaN,NaN,1
2023-05-12,1135.5200221952903,1164,1020,1086,1207.5309024273631,1764.5033120009332,1086,0,0,2411,2630,0,0,0,0,NaN,NaN,79.28634584191951,NaN,NaN,NaN,1444.4664124075125,1196.5955729987427,NaN,NaN,NaN,NaN,NaN,NaN,NaN,NaN,NaN,NaN,1,0,0,0,0,NaN,NaN,79.28634584191951,NaN,NaN,NaN,1444.4664124075125,1196.5955729987427,NaN,NaN,NaN,NaN,NaN,NaN,NaN,NaN,NaN,NaN,1
2023-05-15,1110.760011097645,1110.760011097645,1020,1059.7794,1180.6669928951153,1753.7441683062625,1059.7794,0,0,2411,2631,0,0,0,0,NaN,NaN,82.57454391961397,NaN,NaN,NaN,1444.4664124075125,1196.5955729987427,NaN,NaN,NaN,NaN,NaN,NaN,NaN,NaN,NaN,NaN,1,0,0,0,0,NaN,NaN,82.57454391961397,NaN,NaN,NaN,1444.4664124075125,1196.5955729987427,NaN,NaN,NaN,NaN,NaN,NaN,NaN,NaN,NaN,NaN,1
2023-05-16,1085.2697055488225,1131.12,972.12,1062.06,1159.1020850960035,1743.184104667999,1062.06,0,0,2411,2632,0,0,0,0,NaN,NaN,84.82782127750617,NaN,NaN,NaN,1444.4664124075125,1196.5955729987427,NaN,NaN,NaN,NaN,NaN,NaN,NaN,NaN,NaN,NaN,1,0,0,0,0,NaN,NaN,84.82782127750617,NaN,NaN,NaN,1444.4664124075125,1196.5955729987427,NaN,NaN,NaN,NaN,NaN,NaN,NaN,NaN,NaN,NaN,1
2023-05-17,1073.6648527744112,1073.6648527744112,900.6,989.85,1128.328978714912,1731.6828206272662,989.85,0,0,2411,2633,0,0,0,0,NaN,900.6,84.97359449705219,NaN,NaN,NaN,1444.4664124075125,1110.8825339091575,NaN,NaN,NaN,NaN,NaN,NaN,NaN,NaN,NaN,NaN,1,0,0,0,0,NaN,900.6,84.97359449705219,NaN,NaN,NaN,1444.4664124075125,1110.8825339091575,NaN,NaN,NaN,NaN,NaN,NaN,NaN,NaN,NaN,NaN,1
2023-05-18,1031.7574263872057,1031.7574263872057,924,938.1600000000001,1093.752800766746,1719.5679684039492,938.1600000000001,0,0,2411,2634,0,0,0,0,NaN,NaN,84.72003002783714,NaN,NaN,NaN,1444.4664124075125,1032.161621701861,NaN,NaN,NaN,NaN,NaN,NaN,NaN,NaN,NaN,NaN,1,0,0,0,0,NaN,NaN,84.72003002783714,NaN,NaN,NaN,1444.4664124075125,1032.161621701861,NaN,NaN,NaN,NaN,NaN,NaN,NaN,NaN,NaN,NaN,1
2023-05-19,984.9587131936029,1020,900,930,1063.9795642637014,1707.513495603889,930,0,0,2411,2635,0,0,0,0,NaN,NaN,84.53151041139203,NaN,NaN,NaN,1444.4664124075125,989.829789238135,NaN,NaN,NaN,NaN,NaN,NaN,NaN,NaN,NaN,NaN,1,0,0,0,0,NaN,NaN,84.53151041139203,NaN,NaN,NaN,1444.4664124075125,989.829789238135,NaN,NaN,NaN,NaN,NaN,NaN,NaN,NaN,NaN,NaN,1
2023-05-22,957.4793565968014,989.76,900,927.36,1039.139643488483,1695.60275521299,927.36,0,0,2411,2636,0,0,0,0,NaN,NaN,84.4165259757521,NaN,NaN,NaN,1444.4664124075125,962.8268777581184,NaN,NaN,NaN,NaN,NaN,NaN,NaN,NaN,NaN,NaN,1,0,0,0,0,NaN,NaN,84.4165259757521,NaN,NaN,NaN,1444.4664124075125,962.8268777581184,NaN,NaN,NaN,NaN,NaN,NaN,NaN,NaN,NaN,NaN,1
2023-05-23,942.4196782984006,1041.4788,900,950.2796999999999,1022.9832901269406,1684.2237772708067,950.2796999999999,0,0,2411,2637,0,0,0,0,NaN,NaN,84.47699119459332,NaN,NaN,NaN,1444.4664124075125,962.8268777581184,NaN,NaN,NaN,NaN,NaN,NaN,NaN,NaN,NaN,NaN,1,0,0,0,0,NaN,NaN,84.47699119459332,NaN,NaN,NaN,1444.4664124075125,962.8268777581184,NaN,NaN,NaN,NaN,NaN,NaN,NaN,NaN,NaN,NaN,1
2023-05-24,946.3496891492002,1067.88,946.3496891492002,1019.94,1022.429964649315,1674.0820402132372,1019.94,0,0,2411,2638,0,0,0,0,NaN,NaN,84.52757914622754,NaN,NaN,NaN,1444.4664124075125,994.4805,NaN,NaN,NaN,NaN,NaN,NaN,NaN,NaN,NaN,NaN,1,0,0,0,0,NaN,NaN,84.52757914622754,NaN,NaN,NaN,1444.4664124075125,994.4805,NaN,NaN,NaN,NaN,NaN,NaN,NaN,NaN,NaN,NaN,1
2023-05-25,983.1448445746001,1015.98,864,929.955,1005.616334713076,1662.7213220420426,929.955,0,0,2411,2639,0,0,0,0,NaN,NaN,84.78886632088164,NaN,NaN,NaN,1444.4664124075125,973.5977250000001,NaN,NaN,NaN,NaN,NaN,NaN,NaN,NaN,NaN,NaN,1,0,0,0,0,NaN,NaN,84.78886632088164,NaN,NaN,NaN,1444.4664124075125,973.5977250000001,NaN,NaN,NaN,NaN,NaN,NaN,NaN,NaN,NaN,NaN,1
2023-05-26,956.5499222873001,965.16,859.2,905.9396999999999,987.4933102197894,1651.167404148271,905.9396999999999,0,0,2411,2640,0,0,0,0,NaN,NaN,86.49710139712522,NaN,NaN,NaN,1444.4664124075125,959.9205637499999,NaN,NaN,NaN,NaN,NaN,NaN,NaN,NaN,NaN,NaN,1,0,0,0,0,NaN,NaN,86.49710139712522,NaN,NaN,NaN,1444.4664124075125,959.9205637499999,NaN,NaN,NaN,NaN,NaN,NaN,NaN,NaN,NaN,NaN,1
2023-05-30,931.2448111436499,978.8736,870.12,911.5584,973.6869629071003,1639.8756636269234,911.5584,0,0,2411,2641,0,0,0,0,NaN,NaN,88.1042431834725,NaN,NaN,NaN,1444.4664124075125,959.9205637499999,NaN,NaN,NaN,NaN,NaN,NaN,NaN,NaN,NaN,NaN,1,0,0,0,0,NaN,NaN,88.1042431834725,NaN,NaN,NaN,1444.4664124075125,959.9205637499999,NaN,NaN,NaN,NaN,NaN,NaN,NaN,NaN,NaN,NaN,1
2023-05-31,921.401605571825,921.401605571825,864,871.98,955.194787833082,1628.152065708955,871.98,0,0,2411,2642,0,0,0,0,NaN,NaN,88.9901795470608,NaN,NaN,NaN,1444.4664124075125,938.683070925,NaN,NaN,NaN,NaN,NaN,NaN,NaN,NaN,NaN,NaN,1,0,0,0,0,NaN,NaN,88.9901795470608,NaN,NaN,NaN,1444.4664124075125,938.683070925,NaN,NaN,NaN,NaN,NaN,NaN,NaN,NaN,NaN,NaN,1
2023-06-01,896.6908027859125,988.92,864,927.27,950.1175536816125,1617.4515761561465,927.27,0,0,2411,2643,0,0,0,0,NaN,NaN,89.44916972500396,NaN,NaN,NaN,1444.4664124075125,938.683070925,NaN,NaN,NaN,NaN,NaN,NaN,NaN,NaN,NaN,NaN,1,0,0,0,0,NaN,NaN,89.44916972500396,NaN,NaN,NaN,1444.4664124075125,938.683070925,NaN,NaN,NaN,NaN,NaN,NaN,NaN,NaN,NaN,NaN,1
2023-06-02,911.9804013929563,967.44,890.4,919.92,944.6270893758648,1606.8022391155946,919.92,0,0,2411,2644,0,0,0,0,NaN,NaN,90.0366479499702,NaN,NaN,NaN,1444.4664124075125,938.683070925,NaN,NaN,NaN,NaN,NaN,NaN,NaN,NaN,NaN,NaN,1,0,0,0,0,NaN,NaN,90.0366479499702,NaN,NaN,NaN,1444.4664124075125,938.683070925,NaN,NaN,NaN,NaN,NaN,NaN,NaN,NaN,NaN,NaN,1
2023-06-05,915.9502006964781,975.12,864,919.77,940.107618580253,1596.313197297036,919.77,0,0,2411,2645,0,0,0,0,NaN,NaN,90.50455186875648,NaN,NaN,NaN,1444.4664124075125,938.683070925,NaN,NaN,NaN,NaN,NaN,NaN,NaN,NaN,NaN,NaN,1,0,0,0,0,NaN,NaN,90.50455186875648,NaN,NaN,NaN,1444.4664124075125,938.683070925,NaN,NaN,NaN,NaN,NaN,NaN,NaN,NaN,NaN,NaN,1
2023-06-06,917.860100348239,954.0012,840.12,880.5303,929.2753788383887,1585.3852141321956,880.5303,0,0,2411,2646,0,0,0,0,NaN,NaN,91.09578522072472,NaN,NaN,NaN,1444.4664124075125,938.683070925,NaN,NaN,NaN,NaN,NaN,NaN,NaN,NaN,NaN,NaN,1,0,0,0,0,NaN,NaN,91.09578522072472,NaN,NaN,NaN,1444.4664124075125,938.683070925,NaN,NaN,NaN,NaN,NaN,NaN,NaN,NaN,NaN,NaN,1
2023-06-07,899.1952001741195,936,852,894,922.8616735950453,1574.8297146797956,894,0,0,2411,2647,0,0,0,0,NaN,NaN,91.4170286699019,NaN,NaN,NaN,1444.4664124075125,938.683070925,NaN,NaN,NaN,NaN,NaN,NaN,NaN,NaN,NaN,NaN,1,0,0,0,0,NaN,NaN,91.4170286699019,NaN,NaN,NaN,1444.4664124075125,938.683070925,NaN,NaN,NaN,NaN,NaN,NaN,NaN,NaN,NaN,NaN,1
2023-06-08,896.5976000870597,896.5976000870597,768.1188,826.6796999999999,905.3740420323098,1563.4075770510965,826.6796999999999,0,0,2411,2648,0,0,0,0,NaN,NaN,91.88747771396723,NaN,NaN,NaN,1444.4664124075125,907.9911310417499,NaN,NaN,NaN,NaN,NaN,NaN,NaN,NaN,NaN,NaN,1,0,0,0,0,NaN,NaN,91.88747771396723,NaN,NaN,NaN,1444.4664124075125,907.9911310417499,NaN,NaN,NaN,NaN,NaN,NaN,NaN,NaN,NaN,NaN,1
2023-06-09,861.6386500435299,861.6386500435299,745.2,763.7846999999999,879.6305252991626,1551.1995941953546,763.7846999999999,0,0,2411,2649,0,0,0,0,NaN,NaN,92.21334379982295,NaN,NaN,NaN,1425.4363709199797,863.01255931674,NaN,NaN,NaN,NaN,NaN,NaN,NaN,NaN,NaN,NaN,1,0,0,0,0,NaN,NaN,92.21334379982295,NaN,NaN,NaN,1425.4363709199797,863.01255931674,NaN,NaN,NaN,NaN,NaN,NaN,NaN,NaN,NaN,NaN,1
2023-06-12,812.7116750217649,821.88,744,787.47,862.8740661538603,1539.5396003908454,787.47,0,0,2411,2650,0,0,0,0,NaN,NaN,92.65157496342574,NaN,NaN,NaN,1121.1742100056003,863.01255931674,NaN,NaN,NaN,NaN,NaN,NaN,NaN,NaN,NaN,NaN,1,0,0,0,0,NaN,NaN,92.65157496342574,NaN,NaN,NaN,1121.1742100056003,863.01255931674,NaN,NaN,NaN,NaN,NaN,NaN,NaN,NaN,NaN,NaN,1
2023-06-13,800.0908375108825,876.12,631.44,761.0097,844.353272307704,1527.6536477131226,761.0097,0,0,2411,2651,0,0,0,0,NaN,NaN,93.12237923334519,NaN,NaN,NaN,1095.1863389555724,846.532755419229,NaN,NaN,NaN,NaN,NaN,NaN,NaN,NaN,NaN,NaN,1,0,0,0,0,NaN,NaN,93.12237923334519,NaN,NaN,NaN,1095.1863389555724,846.532755419229,NaN,NaN,NaN,NaN,NaN,NaN,NaN,NaN,NaN,NaN,1
2023-06-14,780.5502687554413,780.5502687554413,468,610.41,801.8181318881215,1513.6499279007085,610.41,0,0,2411,2652,0,0,0,0,NaN,NaN,93.47501865948121,NaN,NaN,NaN,945.650570612404,742.2847824437678,NaN,NaN,NaN,NaN,NaN,NaN,NaN,NaN,NaN,NaN,1,0,0,0,0,NaN,NaN,93.47501865948121,NaN,NaN,NaN,945.650570612404,742.2847824437678,NaN,NaN,NaN,NaN,NaN,NaN,NaN,NaN,NaN,NaN,1
2023-06-15,695.4801343777206,900,588,702.81,783.8166533630084,1501.2706923602395,702.81,0,0,2411,2653,0,0,0,0,NaN,NaN,93.8452167324333,NaN,NaN,NaN,945.650570612404,742.2847824437678,NaN,NaN,NaN,NaN,NaN,NaN,NaN,NaN,NaN,NaN,1,0,0,0,0,NaN,NaN,93.8452167324333,NaN,NaN,NaN,945.650570612404,742.2847824437678,NaN,NaN,NaN,NaN,NaN,NaN,NaN,NaN,NaN,NaN,1
2023-06-16,699.1450671888603,1008,632.4,815.88,789.6463527515523,1490.8067123242054,815.88,0,0,2411,2654,0,0,0,0,NaN,NaN,93.74785631841903,NaN,NaN,NaN,945.650570612404,742.2847824437678,NaN,NaN,NaN,NaN,NaN,NaN,NaN,NaN,NaN,NaN,1,0,0,0,0,NaN,NaN,93.74785631841903,NaN,NaN,NaN,945.650570612404,742.2847824437678,NaN,NaN,NaN,NaN,NaN,NaN,NaN,NaN,NaN,NaN,1
2023-06-20,757.5125335944301,840,744.96,809.64,793.2815613421791,1480.4072205329962,809.64,0,0,2411,2655,0,0,0,0,NaN,NaN,93.5431322898016,NaN,NaN,NaN,945.650570612404,742.2847824437678,NaN,NaN,NaN,NaN,NaN,NaN,NaN,NaN,NaN,NaN,1,0,0,0,0,NaN,NaN,93.5431322898016,NaN,NaN,NaN,945.650570612404,742.2847824437678,NaN,NaN,NaN,NaN,NaN,NaN,NaN,NaN,NaN,NaN,1
2023-06-21,783.5762667972151,816,746.52,771.9599999999999,789.4049138254193,1469.5912324332558,771.9599999999999,0,0,2411,2656,0,0,0,0,NaN,NaN,93.43858613077106,NaN,NaN,NaN,945.650570612404,742.2847824437678,NaN,NaN,NaN,NaN,NaN,NaN,NaN,NaN,NaN,NaN,1,0,0,0,0,NaN,NaN,93.43858613077106,NaN,NaN,NaN,945.650570612404,742.2847824437678,NaN,NaN,NaN,NaN,NaN,NaN,NaN,NaN,NaN,NaN,1
2023-06-22,777.7681333986075,777.7681333986075,609.6,680.4,769.585838584434,1457.5425113274046,680.4,0,0,2411,2657,0,0,0,0,NaN,NaN,93.41963302620204,NaN,NaN,NaN,945.650570612404,742.2847824437678,NaN,NaN,NaN,NaN,NaN,NaN,NaN,NaN,NaN,NaN,1,0,0,0,0,NaN,NaN,93.41963302620204,NaN,NaN,NaN,945.650570612404,742.2847824437678,NaN,NaN,NaN,NaN,NaN,NaN,NaN,NaN,NaN,NaN,1
2023-06-23,729.0840666993038,736.8,588,646.95,747.2884133872642,1445.1670531391999,646.95,0,0,2411,2658,0,0,0,0,NaN,NaN,93.41104261564358,NaN,NaN,NaN,945.650570612404,742.2847824437678,NaN,NaN,NaN,NaN,NaN,NaN,NaN,NaN,NaN,NaN,1,0,0,0,0,NaN,NaN,93.41104261564358,NaN,NaN,NaN,945.650570612404,742.2847824437678,NaN,NaN,NaN,NaN,NaN,NaN,NaN,NaN,NaN,NaN,1
2023-06-26,688.0170333496519,734.4,600,676.83,734.477792771398,1433.4367164500518,676.83,0,0,2411,2659,0,0,0,0,NaN,NaN,93.43102192609885,NaN,NaN,NaN,945.650570612404,742.2847824437678,NaN,NaN,NaN,NaN,NaN,NaN,NaN,NaN,NaN,NaN,1,0,0,0,0,NaN,NaN,93.43102192609885,NaN,NaN,NaN,945.650570612404,742.2847824437678,NaN,NaN,NaN,NaN,NaN,NaN,NaN,NaN,NaN,NaN,1
2023-06-27,682.423516674826,828.12,666.36,725.3103,732.810975903871,1422.62562612257,725.3103,0,0,2411,2660,0,0,0,0,NaN,NaN,93.24132924196513,NaN,NaN,NaN,945.650570612404,742.2847824437678,NaN,NaN,NaN,NaN,NaN,NaN,NaN,NaN,NaN,NaN,1,0,0,0,0,NaN,NaN,93.24132924196513,NaN,NaN,NaN,945.650570612404,742.2847824437678,NaN,NaN,NaN,NaN,NaN,NaN,NaN,NaN,NaN,NaN,1
2023-06-28,703.866908337413,768,703.866908337413,748.26,735.6198893758944,1412.3299677084851,748.26,0,0,2411,2661,0,0,0,0,NaN,NaN,92.9465594784627,NaN,NaN,NaN,945.650570612404,742.2847824437678,NaN,NaN,NaN,NaN,NaN,NaN,NaN,NaN,NaN,NaN,1,0,0,0,0,NaN,NaN,92.9465594784627,NaN,NaN,NaN,945.650570612404,742.2847824437678,NaN,NaN,NaN,NaN,NaN,NaN,NaN,NaN,NaN,NaN,1
2023-06-29,726.0634541687065,806.4,719.28,759.4200000000001,739.947182216641,1402.361876598432,759.4200000000001,0,0,2411,2662,0,0,0,0,NaN,NaN,92.61458731339535,NaN,NaN,NaN,945.650570612404,742.2847824437678,NaN,NaN,NaN,NaN,NaN,NaN,NaN,NaN,NaN,NaN,1,0,0,0,0,NaN,NaN,92.61458731339535,NaN,NaN,NaN,945.650570612404,742.2847824437678,NaN,NaN,NaN,NaN,NaN,NaN,NaN,NaN,NaN,NaN,1
2023-06-30,742.7417270843532,753.6,676.08,714.1200000000001,735.2513309045245,1391.8543670320437,714.1200000000001,0,0,2411,2663,0,0,0,0,NaN,NaN,92.37985804204673,NaN,NaN,NaN,945.650570612404,742.2847824437678,NaN,NaN,NaN,NaN,NaN,NaN,NaN,NaN,NaN,NaN,1,0,0,0,0,NaN,NaN,92.37985804204673,NaN,NaN,NaN,945.650570612404,742.2847824437678,NaN,NaN,NaN,NaN,NaN,NaN,NaN,NaN,NaN,NaN,1
2023-07-03,728.4308635421767,728.4308635421767,602.04,671.31,723.6256343764292,1380.8536896727758,671.31,0,0,2411,2664,0,0,0,0,NaN,NaN,92.239337837784,NaN,NaN,NaN,945.650570612404,742.2847824437678,NaN,NaN,NaN,NaN,NaN,NaN,NaN,NaN,NaN,NaN,1,0,0,0,0,NaN,NaN,92.239337837784,NaN,NaN,NaN,945.650570612404,742.2847824437678,NaN,NaN,NaN,NaN,NaN,NaN,NaN,NaN,NaN,NaN,1
2023-07-05,699.8704317710883,721.56,663.24,703.02,719.8791553988966,1370.505083723573,703.02,0,0,2411,2665,0,0,0,0,NaN,NaN,91.978695274217,NaN,NaN,NaN,945.650570612404,742.2847824437678,NaN,NaN,NaN,NaN,NaN,NaN,NaN,NaN,NaN,NaN,1,0,0,0,0,NaN,NaN,91.978695274217,NaN,NaN,NaN,945.650570612404,742.2847824437678,NaN,NaN,NaN,NaN,NaN,NaN,NaN,NaN,NaN,NaN,1
2023-07-06,701.4452158855441,705.72,638.4312,688.8978,714.2461816900063,1360.0988656514576,688.8978,0,0,2411,2666,0,0,0,0,NaN,NaN,91.7133567370076,NaN,NaN,NaN,945.650570612404,742.2847824437678,NaN,NaN,NaN,NaN,NaN,NaN,NaN,NaN,NaN,NaN,1,0,0,0,0,NaN,NaN,91.7133567370076,NaN,NaN,NaN,945.650570612404,742.2847824437678,NaN,NaN,NaN,NaN,NaN,NaN,NaN,NaN,NaN,NaN,1
2023-07-07,695.171507942772,695.88,648,676.44,707.3723304736416,1349.6613257178476,676.44,0,0,2411,2667,0,0,0,0,NaN,NaN,91.48377792871099,NaN,NaN,NaN,945.650570612404,742.2847824437678,NaN,NaN,NaN,NaN,NaN,NaN,NaN,NaN,NaN,NaN,1,0,0,0,0,NaN,NaN,91.48377792871099,NaN,NaN,NaN,945.650570612404,742.2847824437678,NaN,NaN,NaN,NaN,NaN,NaN,NaN,NaN,NaN,NaN,1
2023-07-10,685.805753971386,720,648,677.91,702.0155431147977,1339.4055802870407,677.91,0,0,2411,2668,0,0,0,0,NaN,NaN,91.14485656630494,NaN,NaN,NaN,945.650570612404,742.2847824437678,NaN,NaN,NaN,NaN,NaN,NaN,NaN,NaN,NaN,NaN,1,0,0,0,0,NaN,NaN,91.14485656630494,NaN,NaN,NaN,945.650570612404,742.2847824437678,NaN,NaN,NaN,NaN,NaN,NaN,NaN,NaN,NaN,NaN,1
2023-07-11,681.857876985693,731.52,650.52,696.27,700.9708989121071,1329.5867164658646,696.27,0,0,2411,2669,0,0,0,0,NaN,NaN,90.6869806389695,NaN,NaN,NaN,945.650570612404,742.2847824437678,NaN,NaN,NaN,NaN,NaN,NaN,NaN,NaN,NaN,NaN,1,0,0,0,0,NaN,NaN,90.6869806389695,NaN,NaN,NaN,945.650570612404,742.2847824437678,NaN,NaN,NaN,NaN,NaN,NaN,NaN,NaN,NaN,NaN,1
2023-07-12,689.0639384928465,780,681.48,712.77,703.1161900189968,1320.1696673595154,712.77,0,0,2411,2670,0,0,0,0,NaN,NaN,90.83446232371534,NaN,NaN,NaN,945.650570612404,742.2847824437678,NaN,NaN,NaN,NaN,NaN,NaN,NaN,NaN,NaN,NaN,1,0,0,0,0,NaN,NaN,90.83446232371534,NaN,NaN,NaN,945.650570612404,742.2847824437678,NaN,NaN,NaN,NaN,NaN,NaN,NaN,NaN,NaN,NaN,1
2023-07-13,700.9169692464233,780,700.9169692464233,741.03,710.0096100155429,1311.3278403769275,741.03,0,0,2411,2671,0,0,0,0,NaN,NaN,90.79013428363112,NaN,NaN,NaN,945.650570612404,742.2847824437678,NaN,NaN,NaN,NaN,NaN,NaN,NaN,NaN,NaN,NaN,1,0,0,0,0,NaN,NaN,90.79013428363112,NaN,NaN,NaN,945.650570612404,742.2847824437678,NaN,NaN,NaN,NaN,NaN,NaN,NaN,NaN,NaN,NaN,1
2023-07-14,720.9734846232116,792,708.6,735.27,714.6024081945351,1302.5330641879668,735.27,0,0,2411,2672,0,0,0,0,NaN,NaN,90.49887237819145,NaN,NaN,NaN,945.650570612404,742.2847824437678,NaN,NaN,NaN,NaN,NaN,NaN,NaN,NaN,NaN,NaN,1,0,0,0,0,NaN,NaN,90.49887237819145,NaN,NaN,NaN,945.650570612404,742.2847824437678,NaN,NaN,NaN,NaN,NaN,NaN,NaN,NaN,NaN,NaN,1
2023-07-17,728.1217423116058,836.4,720.12,765.66,723.8856067046196,1294.3365288568527,765.66,0,0,2411,2673,0,0,0,0,NaN,NaN,89.6523628684592,NaN,NaN,NaN,945.650570612404,742.2847824437678,NaN,NaN,NaN,NaN,NaN,NaN,NaN,NaN,NaN,NaN,1,0,0,0,0,NaN,NaN,89.6523628684592,NaN,NaN,NaN,945.650570612404,742.2847824437678,NaN,NaN,NaN,NaN,NaN,NaN,NaN,NaN,NaN,NaN,1
2023-07-18,746.8908711558029,828,732,779.1,733.9245873037796,1286.4703223094198,779.1,0,0,2411,2674,0,0,0,0,NaN,NaN,88.65008468602963,NaN,NaN,NaN,945.650570612404,742.2847824437678,NaN,NaN,NaN,NaN,NaN,NaN,NaN,NaN,NaN,NaN,1,0,0,0,0,NaN,NaN,88.65008468602963,NaN,NaN,NaN,945.650570612404,742.2847824437678,NaN,NaN,NaN,NaN,NaN,NaN,NaN,NaN,NaN,NaN,1
2023-07-19,762.9954355779014,816,738,772.7997,740.9927896121833,1278.6280227321768,772.7997000000001,0,0,2411,2675,0,0,0,0,NaN,NaN,87.52179066147126,NaN,NaN,NaN,945.650570612404,742.2847824437678,NaN,NaN,NaN,NaN,NaN,NaN,NaN,NaN,NaN,NaN,1,0,0,0,0,NaN,NaN,87.52179066147126,NaN,NaN,NaN,945.650570612404,742.2847824437678,NaN,NaN,NaN,NaN,NaN,NaN,NaN,NaN,NaN,NaN,1
2023-07-20,767.8975677889507,824.28,738,765.2366999999999,745.400773319059,1270.7899872706168,765.2366999999999,0,0,2411,2676,0,0,0,0,NaN,NaN,86.34308482698462,NaN,NaN,NaN,945.650570612404,742.2847824437678,NaN,NaN,NaN,NaN,NaN,NaN,NaN,NaN,NaN,NaN,1,0,0,0,0,NaN,NaN,86.34308482698462,NaN,NaN,NaN,945.650570612404,742.2847824437678,NaN,NaN,NaN,NaN,NaN,NaN,NaN,NaN,NaN,NaN,1
2023-07-21,766.5671338944753,804,720,747,745.6915418065029,1262.7931935718289,747,0,0,2411,2677,0,0,0,0,NaN,NaN,85.22274471655082,NaN,NaN,NaN,945.650570612404,742.2847824437678,NaN,NaN,NaN,NaN,NaN,NaN,NaN,NaN,NaN,NaN,1,0,0,0,0,NaN,NaN,85.22274471655082,NaN,NaN,NaN,945.650570612404,742.2847824437678,NaN,NaN,NaN,NaN,NaN,NaN,NaN,NaN,NaN,NaN,1
2023-07-24,756.7835669472377,816.12,720,754.8,747.3476251144115,1255.0375722959232,754.8,0,0,2411,2678,0,0,0,0,NaN,NaN,83.93516979981217,NaN,NaN,NaN,945.650570612404,742.2847824437678,NaN,NaN,NaN,NaN,NaN,NaN,NaN,NaN,NaN,NaN,1,0,0,0,0,NaN,NaN,83.93516979981217,NaN,NaN,NaN,945.650570612404,742.2847824437678,NaN,NaN,NaN,NaN,NaN,NaN,NaN,NaN,NaN,NaN,1
2023-07-25,755.7917834736188,798,720,759,749.466238729973,1247.4644795891152,759,0,0,2411,2679,0,0,0,0,NaN,NaN,82.50829866541272,NaN,NaN,NaN,945.650570612404,742.2847824437678,NaN,NaN,NaN,NaN,NaN,NaN,NaN,NaN,NaN,NaN,1,0,0,0,0,NaN,NaN,82.50829866541272,NaN,NaN,NaN,945.650570612404,742.2847824437678,NaN,NaN,NaN,NaN,NaN,NaN,NaN,NaN,NaN,NaN,1
2023-07-26,757.3958917368094,792,599.88,722.94,744.6432862336143,1239.456472267144,722.94,0,0,2411,2680,0,0,0,0,NaN,NaN,81.33540340238741,NaN,NaN,NaN,945.650570612404,742.2847824437678,NaN,NaN,NaN,NaN,NaN,NaN,NaN,NaN,NaN,NaN,1,0,0,0,0,NaN,NaN,81.33540340238741,NaN,NaN,NaN,945.650570612404,742.2847824437678,NaN,NaN,NaN,NaN,NaN,NaN,NaN,NaN,NaN,NaN,1
2023-07-27,740.1679458684048,762.48,600,684.4200000000001,733.6935978275026,1230.9826329958898,684.4200000000001,0,0,2411,2681,0,0,0,0,NaN,NaN,80.31136167922732,NaN,NaN,NaN,945.650570612404,742.2847824437678,NaN,NaN,NaN,NaN,NaN,NaN,NaN,NaN,NaN,NaN,1,0,0,0,0,NaN,NaN,80.31136167922732,NaN,NaN,NaN,945.650570612404,742.2847824437678,NaN,NaN,NaN,NaN,NaN,NaN,NaN,NaN,NaN,NaN,1
2023-07-28,712.2939729342024,758.88,712.2939729342024,729.39,732.9111254952294,1223.3247302020595,729.39,0,0,2411,2682,0,0,0,0,NaN,NaN,78.91336975603319,NaN,NaN,NaN,945.650570612404,742.2847824437678,NaN,NaN,NaN,NaN,NaN,NaN,NaN,NaN,NaN,NaN,1,0,0,0,0,NaN,NaN,78.91336975603319,NaN,NaN,NaN,945.650570612404,742.2847824437678,NaN,NaN,NaN,NaN,NaN,NaN,NaN,NaN,NaN,NaN,1
2023-07-31,720.8419864671012,778.8,702,739.2,734.0545572233696,1215.9335129470662,739.2,0,0,2411,2683,0,0,0,0,NaN,NaN,77.58461523964989,NaN,NaN,NaN,945.650570612404,742.2847824437678,NaN,NaN,NaN,NaN,NaN,NaN,NaN,NaN,NaN,NaN,1,0,0,0,0,NaN,NaN,77.58461523964989,NaN,NaN,NaN,945.650570612404,742.2847824437678,NaN,NaN,NaN,NaN,NaN,NaN,NaN,NaN,NaN,NaN,1
2023-08-01,730.0209932335506,754.68,720,728.97,733.130092273666,1208.4989554974927,728.9699999999999,0,0,2411,2684,0,0,0,0,NaN,NaN,76.37216104409976,NaN,NaN,NaN,945.650570612404,742.2847824437678,NaN,NaN,NaN,NaN,NaN,NaN,NaN,NaN,NaN,NaN,1,0,0,0,0,NaN,NaN,76.37216104409976,NaN,NaN,NaN,945.650570612404,742.2847824437678,NaN,NaN,NaN,NaN,NaN,NaN,NaN,NaN,NaN,NaN,1
2023-08-02,729.4954966167753,750,718.56,726.78,731.9755300420904,1201.144467627302,726.78,0,0,2411,2685,0,0,0,0,NaN,NaN,74.98004356962458,NaN,NaN,NaN,945.650570612404,742.2847824437678,NaN,NaN,NaN,NaN,NaN,NaN,NaN,NaN,NaN,NaN,1,0,0,0,0,NaN,NaN,74.98004356962458,NaN,NaN,NaN,945.650570612404,742.2847824437678,NaN,NaN,NaN,NaN,NaN,NaN,NaN,NaN,NaN,NaN,1
2023-08-03,728.1377483083877,732,719.4,722.7,730.2890700344376,1193.8399719383356,722.7,0,0,2411,2686,0,0,0,0,NaN,NaN,73.53479651322642,NaN,NaN,NaN,945.650570612404,742.2847824437678,NaN,NaN,NaN,NaN,NaN,NaN,NaN,NaN,NaN,NaN,1,0,0,0,0,NaN,NaN,73.53479651322642,NaN,NaN,NaN,945.650570612404,742.2847824437678,NaN,NaN,NaN,NaN,NaN,NaN,NaN,NaN,NaN,NaN,1
2023-08-04,725.4188741541939,754.8,701.88,731.37,730.4856027554489,1186.779361679735,731.37,0,0,2411,2687,0,0,0,0,NaN,NaN,72.21942913014963,NaN,NaN,NaN,945.650570612404,742.2847824437678,NaN,NaN,NaN,NaN,NaN,NaN,NaN,NaN,NaN,NaN,1,0,0,0,0,NaN,NaN,72.21942913014963,NaN,NaN,NaN,945.650570612404,742.2847824437678,NaN,NaN,NaN,NaN,NaN,NaN,NaN,NaN,NaN,NaN,1
2023-08-07,728.3944370770969,728.3944370770969,687,704.76,725.8082204362763,1179.420287455617,704.76,0,0,2411,2688,0,0,0,0,NaN,NaN,71.46180435505104,NaN,NaN,NaN,945.650570612404,742.2847824437678,NaN,NaN,NaN,NaN,NaN,NaN,NaN,NaN,NaN,NaN,1,0,0,0,0,NaN,NaN,71.46180435505104,NaN,NaN,NaN,945.650570612404,742.2847824437678,NaN,NaN,NaN,NaN,NaN,NaN,NaN,NaN,NaN,NaN,1
2023-08-08,716.5772185385484,754.8,684.0012,713.2502999999999,723.5249621751351,1172.303188410493,713.2502999999999,0,0,2411,2689,0,0,0,0,NaN,NaN,70.51912192103316,NaN,NaN,NaN,945.650570612404,742.2847824437678,NaN,NaN,NaN,NaN,NaN,NaN,NaN,NaN,NaN,NaN,1,0,0,0,0,NaN,NaN,70.51912192103316,NaN,NaN,NaN,945.650570612404,742.2847824437678,NaN,NaN,NaN,NaN,NaN,NaN,NaN,NaN,NaN,NaN,1
2023-08-09,714.9137592692741,798.96,708,745.44,727.5095145069288,1165.7861931675848,745.44,0,0,2411,2690,0,0,0,0,NaN,NaN,69.58586480856479,NaN,NaN,NaN,945.650570612404,742.2847824437678,NaN,NaN,NaN,NaN,NaN,NaN,NaN,NaN,NaN,NaN,1,0,0,0,0,NaN,NaN,69.58586480856479,NaN,NaN,NaN,945.650570612404,742.2847824437678,NaN,NaN,NaN,NaN,NaN,NaN,NaN,NaN,NaN,NaN,1
2023-08-10,730.1768796346371,744,648.12,705.03,723.4223300511236,1158.7517474703698,705.03,0,0,2411,2691,0,0,0,0,NaN,NaN,68.96773814741599,NaN,NaN,NaN,945.650570612404,742.2847824437678,NaN,NaN,NaN,NaN,NaN,NaN,NaN,NaN,NaN,NaN,1,0,0,0,0,NaN,NaN,68.96773814741599,NaN,NaN,NaN,945.650570612404,742.2847824437678,NaN,NaN,NaN,NaN,NaN,NaN,NaN,NaN,NaN,NaN,1
2023-08-11,717.6034398173185,717.6034398173185,540,615,703.7091791327375,1150.4501940738755,615,0,0,2411,2692,0,0,0,0,NaN,NaN,69.06089824518999,NaN,NaN,NaN,945.650570612404,742.2847824437678,NaN,NaN,NaN,NaN,NaN,NaN,NaN,NaN,NaN,NaN,1,0,0,0,0,NaN,NaN,69.06089824518999,NaN,NaN,NaN,945.650570612404,742.2847824437678,NaN,NaN,NaN,NaN,NaN,NaN,NaN,NaN,NaN,NaN,1
2023-08-14,666.3017199086593,666.3017199086593,488.8092,516.8045999999999,669.7265283813307,1140.7762155383966,516.8045999999999,0,0,2411,2693,0,0,0,0,NaN,NaN,69.37389724535117,NaN,NaN,NaN,945.650570612404,657.9598111305766,NaN,NaN,NaN,NaN,NaN,NaN,NaN,NaN,NaN,NaN,1,0,0,0,0,NaN,NaN,69.37389724535117,NaN,NaN,NaN,945.650570612404,657.9598111305766,NaN,NaN,NaN,NaN,NaN,NaN,NaN,NaN,NaN,NaN,1
2023-08-15,591.5531599543297,591.5531599543297,466.56,530.64,644.4380686756342,1131.4611588126195,530.64,0,0,2411,2694,0,0,0,0,NaN,NaN,69.98055941304038,NaN,NaN,NaN,945.650570612404,657.9598111305766,NaN,NaN,NaN,NaN,NaN,NaN,NaN,NaN,NaN,NaN,1,0,0,0,0,NaN,NaN,69.98055941304038,NaN,NaN,NaN,945.650570612404,657.9598111305766,NaN,NaN,NaN,NaN,NaN,NaN,NaN,NaN,NaN,NaN,1
2023-08-16,561.0965799771648,600,487.08,547.74,626.8566016437007,1122.549385395633,547.74,0,0,2411,2695,0,0,0,0,NaN,NaN,70.26498609067465,NaN,NaN,NaN,945.650570612404,657.9598111305766,NaN,NaN,NaN,NaN,NaN,NaN,NaN,NaN,NaN,NaN,1,0,0,0,0,NaN,NaN,70.26498609067465,NaN,NaN,NaN,945.650570612404,657.9598111305766,NaN,NaN,NaN,NaN,NaN,NaN,NaN,NaN,NaN,NaN,1
2023-08-17,554.4182899885824,564,457.92,517.11,606.9026740721188,1113.3060360002798,517.11,0,0,2411,2696,0,0,0,0,NaN,NaN,70.6356797233731,NaN,NaN,NaN,945.650570612404,657.9598111305766,NaN,NaN,NaN,NaN,NaN,NaN,NaN,NaN,NaN,NaN,1,0,0,0,0,NaN,NaN,70.6356797233731,NaN,NaN,NaN,945.650570612404,657.9598111305766,NaN,NaN,NaN,NaN,NaN,NaN,NaN,NaN,NaN,NaN,1
2023-08-18,535.7641449942912,720,480.048,562.512,598.8316424226426,1104.8969667483673,562.512,0,0,2411,2697,0,0,0,0,NaN,NaN,70.67643418628076,NaN,NaN,NaN,945.650570612404,657.9598111305766,NaN,NaN,NaN,NaN,NaN,NaN,NaN,NaN,NaN,NaN,1,0,0,0,0,NaN,NaN,70.67643418628076,NaN,NaN,NaN,945.650570612404,657.9598111305766,NaN,NaN,NaN,NaN,NaN,NaN,NaN,NaN,NaN,NaN,1
2023-08-21,549.1380724971456,549.1380724971456,456,479.697,577.1707983457985,1095.3519290880868,479.697,0,0,2411,2698,0,0,0,0,NaN,NaN,71.39307690042473,NaN,NaN,NaN,945.650570612404,601.0758484592382,NaN,NaN,NaN,NaN,NaN,NaN,NaN,NaN,NaN,NaN,1,0,0,0,0,NaN,NaN,71.39307690042473,NaN,NaN,NaN,945.650570612404,601.0758484592382,NaN,NaN,NaN,NaN,NaN,NaN,NaN,NaN,NaN,NaN,1
2023-08-22,514.4175362485728,514.4175362485728,442.992,473.148,558.2575622829261,1085.8526324607876,473.14799999999997,0,0,2411,2699,0,0,0,0,NaN,NaN,71.46776807912731,NaN,NaN,NaN,945.650570612404,564.1449443752439,NaN,NaN,NaN,NaN,NaN,NaN,NaN,NaN,NaN,NaN,1,0,0,0,0,NaN,NaN,71.46776807912731,NaN,NaN,NaN,945.650570612404,564.1449443752439,NaN,NaN,NaN,NaN,NaN,NaN,NaN,NaN,NaN,NaN,1
2023-08-23,493.7827681242864,558,450,485.103,544.9567327769395,1076.6808823468825,485.10299999999995,0,0,2411,2700,0,0,0,0,NaN,NaN,72.51896821391635,NaN,NaN,NaN,945.650570612404,564.1449443752439,NaN,NaN,NaN,NaN,NaN,NaN,NaN,NaN,NaN,NaN,1,0,0,0,0,NaN,NaN,72.51896821391635,NaN,NaN,NaN,945.650570612404,564.1449443752439,NaN,NaN,NaN,NaN,NaN,NaN,NaN,NaN,NaN,NaN,1
2023-08-24,489.4428840621432,489.4428840621432,451.2,470.4,531.4009631811323,1067.424685669831,470.4,0,0,2411,2701,0,0,0,0,NaN,NaN,72.61085624251709,NaN,NaN,NaN,945.650570612404,535.0596610626707,NaN,NaN,NaN,NaN,NaN,NaN,NaN,NaN,NaN,NaN,1,0,0,0,0,NaN,NaN,72.61085624251709,NaN,NaN,NaN,945.650570612404,535.0596610626707,NaN,NaN,NaN,NaN,NaN,NaN,NaN,NaN,NaN,NaN,1
2023-08-25,479.9214420310716,479.9214420310716,436.8,454.164,517.357878966381,1058.0619271099863,454.164,0,0,2411,2702,0,0,0,0,NaN,NaN,72.71865864694374,NaN,NaN,NaN,945.650570612404,502.9250329119893,NaN,NaN,NaN,NaN,NaN,NaN,NaN,NaN,NaN,NaN,1,0,0,0,0,NaN,NaN,72.71865864694374,NaN,NaN,NaN,945.650570612404,502.9250329119893,NaN,NaN,NaN,NaN,NaN,NaN,NaN,NaN,NaN,NaN,1
2023-08-28,467.0427210155358,499.068,421.2,458.217,506.60499188158445,1048.9039892915132,458.217,0,0,2411,2703,0,0,0,0,NaN,NaN,72.77102335526065,NaN,NaN,NaN,945.650570612404,502.9250329119893,NaN,NaN,NaN,NaN,NaN,NaN,NaN,NaN,NaN,NaN,1,0,0,0,0,NaN,NaN,72.77102335526065,NaN,NaN,NaN,945.650570612404,502.9250329119893,NaN,NaN,NaN,NaN,NaN,NaN,NaN,NaN,NaN,NaN,1
2023-08-29,462.6298605077679,537.6,458.4,487.8,503.1859024485691,1040.3375161725587,487.8,0,0,2411,2704,0,0,0,0,NaN,NaN,72.81866943715384,NaN,NaN,NaN,945.650570612404,502.9250329119893,NaN,NaN,NaN,NaN,NaN,NaN,NaN,NaN,NaN,NaN,1,0,0,0,0,NaN,NaN,72.81866943715384,NaN,NaN,NaN,945.650570612404,502.9250329119893,NaN,NaN,NaN,NaN,NaN,NaN,NaN,NaN,NaN,NaN,1
2023-08-30,475.21493025388395,502.8,456.012,472.803,497.6617383670111,1031.6728670706875,472.803,0,0,2411,2705,0,0,0,0,NaN,NaN,72.80062878031109,NaN,NaN,NaN,945.650570612404,502.9250329119893,NaN,NaN,NaN,NaN,NaN,NaN,NaN,NaN,NaN,NaN,1,0,0,0,0,NaN,NaN,72.80062878031109,NaN,NaN,NaN,945.650570612404,502.9250329119893,NaN,NaN,NaN,NaN,NaN,NaN,NaN,NaN,NaN,NaN,1
2023-08-31,474.008965126942,552,433.2,481.8,494.77778593664544,1023.2778614665549,481.8,0,0,2411,2706,0,0,0,0,NaN,NaN,72.91452097036661,NaN,NaN,NaN,945.650570612404,502.9250329119893,NaN,NaN,NaN,NaN,NaN,NaN,NaN,NaN,NaN,NaN,1,0,0,0,0,NaN,NaN,72.91452097036661,NaN,NaN,NaN,945.650570612404,502.9250329119893,NaN,NaN,NaN,NaN,NaN,NaN,NaN,NaN,NaN,NaN,1
2023-09-01,477.904482563471,564,477.904482563471,513,498.09091576634626,1015.4873597647754,513,0,0,2411,2707,0,0,0,0,NaN,NaN,72.80668222128173,NaN,NaN,NaN,945.650570612404,502.9250329119893,NaN,NaN,NaN,NaN,NaN,NaN,NaN,NaN,NaN,NaN,1,0,0,0,0,NaN,NaN,72.80668222128173,NaN,NaN,NaN,945.650570612404,502.9250329119893,NaN,NaN,NaN,NaN,NaN,NaN,NaN,NaN,NaN,NaN,1
2023-09-05,495.4522412817355,537.588,469.212,497.52,497.98711289973784,1007.5794611424125,497.52,0,0,2411,2708,0,0,0,0,NaN,NaN,72.75249704947734,NaN,NaN,NaN,945.650570612404,502.9250329119893,NaN,NaN,NaN,NaN,NaN,NaN,NaN,NaN,NaN,NaN,1,0,0,0,0,NaN,NaN,72.75249704947734,NaN,NaN,NaN,945.650570612404,502.9250329119893,NaN,NaN,NaN,NaN,NaN,NaN,NaN,NaN,NaN,NaN,1
2023-09-06,496.48612064086774,586.8,495.612,531.6030000000001,504.0990923725128,1000.3126449417649,531.6030000000001,0,0,2411,2709,0,0,0,0,NaN,NaN,72.1859069164832,NaN,NaN,NaN,945.650570612404,502.9250329119893,NaN,NaN,NaN,NaN,NaN,NaN,NaN,NaN,NaN,NaN,1,0,0,0,0,NaN,NaN,72.1859069164832,NaN,NaN,NaN,945.650570612404,502.9250329119893,NaN,NaN,NaN,NaN,NaN,NaN,NaN,NaN,NaN,NaN,1
2023-09-07,514.0445603204339,1130.4,514.0445603204339,913.2,578.4810755775105,998.9826808968525,913.2,0,0,2411,2710,0,0,0,0,NaN,NaN,59.52315300516449,NaN,NaN,NaN,945.650570612404,766.30848,NaN,NaN,NaN,NaN,NaN,NaN,NaN,NaN,NaN,NaN,1,0,0,0,0,NaN,NaN,59.52315300516449,NaN,NaN,NaN,945.650570612404,766.30848,NaN,NaN,NaN,NaN,NaN,NaN,NaN,NaN,NaN,NaN,1
2023-09-08,713.622280160217,713.622280160217,562.812,636.3030000000001,588.9941527452359,993.445586532015,636.3030000000001,0,0,2411,2711,0,0,0,0,NaN,NaN,57.05539033606596,NaN,NaN,NaN,945.650570612404,766.30848,NaN,NaN,NaN,NaN,NaN,NaN,NaN,NaN,NaN,NaN,1,0,0,0,0,NaN,NaN,57.05539033606596,NaN,NaN,NaN,945.650570612404,766.30848,NaN,NaN,NaN,NaN,NaN,NaN,NaN,NaN,NaN,NaN,1
2023-09-11,674.9626400801085,674.9626400801085,421.248,509.712,574.5792158824657,986.0603409361064,509.712,0,0,2411,2712,0,0,0,0,NaN,NaN,56.747255542949624,NaN,NaN,NaN,945.650570612404,705.40368,NaN,NaN,NaN,NaN,NaN,NaN,NaN,NaN,NaN,NaN,1,0,0,0,0,NaN,NaN,56.747255542949624,NaN,NaN,NaN,945.650570612404,705.40368,NaN,NaN,NaN,NaN,NaN,NaN,NaN,NaN,NaN,NaN,1
2023-09-12,592.3373200400542,592.3373200400542,385.2,408.9,544.4557220856537,977.2487326775399,408.90000000000003,0,0,2411,2713,0,0,0,0,NaN,NaN,56.96725210455632,NaN,NaN,NaN,945.650570612404,647.6147496000001,NaN,NaN,NaN,NaN,NaN,NaN,NaN,NaN,NaN,NaN,1,0,0,0,0,NaN,NaN,56.96725210455632,NaN,NaN,NaN,945.650570612404,647.6147496000001,NaN,NaN,NaN,NaN,NaN,NaN,NaN,NaN,NaN,NaN,1
2023-09-13,500.6186600200271,500.6186600200271,357.6,389.121,516.2130453428076,968.2696833236844,389.121,0,0,2411,2714,0,0,0,0,NaN,NaN,57.495251419216245,NaN,NaN,NaN,945.650570612404,622.808994624,NaN,NaN,NaN,NaN,NaN,NaN,NaN,NaN,NaN,NaN,1,0,0,0,0,NaN,NaN,57.495251419216245,NaN,NaN,NaN,945.650570612404,622.808994624,NaN,NaN,NaN,NaN,NaN,NaN,NaN,NaN,NaN,NaN,1
2023-09-14,444.8698300100135,444.8698300100135,366.024,402.906,495.61176437138806,959.6381767080557,402.906,0,0,2411,2715,0,0,0,0,NaN,NaN,57.54232472109045,NaN,NaN,NaN,945.650570612404,622.808994624,NaN,NaN,NaN,NaN,NaN,NaN,NaN,NaN,NaN,NaN,1,0,0,0,0,NaN,NaN,57.54232472109045,NaN,NaN,NaN,945.650570612404,622.808994624,NaN,NaN,NaN,NaN,NaN,NaN,NaN,NaN,NaN,NaN,1
2023-09-15,423.8879150050068,502.8,397.2,447.3,486.82780721295387,951.8162198117494,447.3,0,0,2411,2716,0,0,0,0,NaN,NaN,57.3077160210376,NaN,NaN,NaN,945.650570612404,622.808994624,NaN,NaN,NaN,NaN,NaN,NaN,NaN,NaN,NaN,NaN,1,0,0,0,0,NaN,NaN,57.3077160210376,NaN,NaN,NaN,945.650570612404,622.808994624,NaN,NaN,NaN,NaN,NaN,NaN,NaN,NaN,NaN,NaN,1
2023-09-18,435.5939575025034,499.2,435.5939575025034,470.1,483.7863877196895,944.4617737077532,470.1,0,0,2411,2717,0,0,0,0,NaN,NaN,56.78713259300381,NaN,NaN,NaN,945.650570612404,622.808994624,NaN,NaN,NaN,NaN,NaN,NaN,NaN,NaN,NaN,NaN,1,0,0,0,0,NaN,NaN,56.78713259300381,NaN,NaN,NaN,945.650570612404,622.808994624,NaN,NaN,NaN,NaN,NaN,NaN,NaN,NaN,NaN,NaN,1
2023-09-19,452.8469787512517,469.2,429.6,447.00000000000006,477.0979535888369,936.8669374679401,447.00000000000006,0,0,2411,2718,0,0,0,0,NaN,NaN,56.60315541667978,NaN,NaN,NaN,945.650570612404,622.808994624,NaN,NaN,NaN,NaN,NaN,NaN,NaN,NaN,NaN,NaN,1,0,0,0,0,NaN,NaN,56.60315541667978,NaN,NaN,NaN,945.650570612404,622.808994624,NaN,NaN,NaN,NaN,NaN,NaN,NaN,NaN,NaN,NaN,1
2023-09-20,449.9234893756259,547.2,414,466.5,475.1710529363211,929.685762850109,466.49999999999994,0,0,2411,2719,0,0,0,0,NaN,NaN,56.05764742867254,NaN,NaN,NaN,860.7903474733357,622.808994624,NaN,NaN,NaN,NaN,NaN,NaN,NaN,NaN,NaN,NaN,1,0,0,0,0,NaN,NaN,56.05764742867254,NaN,NaN,NaN,860.7903474733357,622.808994624,NaN,NaN,NaN,NaN,NaN,NaN,NaN,NaN,NaN,NaN,1
2023-09-21,458.21174468781294,510,458.21174468781294,475.8,475.28540694789905,922.7562092188095,475.80000000000007,0,0,2411,2720,0,0,0,0,NaN,NaN,55.809650675468184,NaN,NaN,NaN,773.2194255329069,622.808994624,NaN,NaN,NaN,NaN,NaN,NaN,NaN,NaN,NaN,NaN,1,0,0,0,0,NaN,NaN,55.809650675468184,NaN,NaN,NaN,773.2194255329069,622.808994624,NaN,NaN,NaN,NaN,NaN,NaN,NaN,NaN,NaN,NaN,1
2023-09-22,467.0058723439065,487.2,398.4,433.5,467.6880602300992,915.2866487727208,433.5,0,0,2411,2721,0,0,0,0,NaN,NaN,56.7339196075876,NaN,NaN,NaN,730.2093284052428,622.808994624,NaN,NaN,NaN,NaN,NaN,NaN,NaN,NaN,NaN,NaN,1,0,0,0,0,NaN,NaN,56.7339196075876,NaN,NaN,NaN,730.2093284052428,622.808994624,NaN,NaN,NaN,NaN,NaN,NaN,NaN,NaN,NaN,NaN,1
2023-09-25,450.25293617195325,450.25293617195325,367.2,379.5,451.6538674609903,907.106699936496,379.5,0,0,2411,2722,0,0,0,0,NaN,NaN,57.56858706179847,NaN,NaN,NaN,675.4524949547208,596.53363010784,NaN,NaN,NaN,NaN,NaN,NaN,NaN,NaN,NaN,NaN,1,0,0,0,0,NaN,NaN,57.56858706179847,NaN,NaN,NaN,675.4524949547208,596.53363010784,NaN,NaN,NaN,NaN,NaN,NaN,NaN,NaN,NaN,NaN,1
2023-09-26,414.8764680859766,414.8764680859766,336,360.20399999999995,435.0266188317193,898.7570403954809,360.20399999999995,0,0,2411,2723,0,0,0,0,NaN,NaN,58.763090143552255,NaN,NaN,NaN,655.3669015757,559.6838344948992,NaN,NaN,NaN,NaN,NaN,NaN,NaN,NaN,NaN,NaN,1,0,0,0,0,NaN,NaN,58.763090143552255,NaN,NaN,NaN,655.3669015757,559.6838344948992,NaN,NaN,NaN,NaN,NaN,NaN,NaN,NaN,NaN,NaN,1
2023-09-27,387.5402340429883,459.6,339.612,393.003,427.3859608623158,891.0356046642522,393.003,0,0,2411,2724,0,0,0,0,NaN,NaN,62.97262277284415,NaN,NaN,NaN,655.3669015757,559.6838344948992,NaN,NaN,NaN,NaN,NaN,NaN,NaN,NaN,NaN,NaN,1,0,0,0,0,NaN,NaN,62.97262277284415,NaN,NaN,NaN,655.3669015757,559.6838344948992,NaN,NaN,NaN,NaN,NaN,NaN,NaN,NaN,NaN,NaN,1
2023-09-28,390.27161702149414,424.8,343.2,379.5,418.67942252371296,883.2259007762484,379.5,0,0,2411,2725,0,0,0,0,NaN,NaN,64.91333212989433,NaN,NaN,NaN,655.3669015757,559.6838344948992,NaN,NaN,NaN,NaN,NaN,NaN,NaN,NaN,NaN,NaN,1,0,0,0,0,NaN,NaN,64.91333212989433,NaN,NaN,NaN,655.3669015757,559.6838344948992,NaN,NaN,NaN,NaN,NaN,NaN,NaN,NaN,NaN,NaN,1
2023-09-29,384.8858085107471,441.576,349.2,384.294,412.4275275194015,875.6086198483667,384.294,0,0,2411,2726,0,0,0,0,NaN,NaN,65.09413302830426,NaN,NaN,NaN,655.3669015757,559.6838344948992,NaN,NaN,NaN,NaN,NaN,NaN,NaN,NaN,NaN,NaN,1,0,0,0,0,NaN,NaN,65.09413302830426,NaN,NaN,NaN,655.3669015757,559.6838344948992,NaN,NaN,NaN,NaN,NaN,NaN,NaN,NaN,NaN,NaN,1
2023-10-02,384.58990425537354,384.58990425537354,312,341.4,399.51343160678306,867.4527630567886,341.4,0,0,2411,2727,0,0,0,0,NaN,NaN,65.463127931709,NaN,NaN,NaN,655.3669015757,518.9495593206643,NaN,NaN,NaN,NaN,NaN,NaN,NaN,NaN,NaN,NaN,1,0,0,0,0,NaN,NaN,65.463127931709,NaN,NaN,NaN,655.3669015757,518.9495593206643,NaN,NaN,NaN,NaN,NaN,NaN,NaN,NaN,NaN,NaN,1
2023-10-03,362.99495212768676,375.6,277.2,333.36,387.4855349510043,859.2986750711888,333.36,0,0,2411,2728,0,0,0,0,NaN,NaN,66.17193595666897,NaN,NaN,NaN,655.3669015757,482.2470386429448,NaN,NaN,NaN,NaN,NaN,NaN,NaN,NaN,NaN,NaN,1,0,0,0,0,NaN,NaN,66.17193595666897,NaN,NaN,NaN,655.3669015757,482.2470386429448,NaN,NaN,NaN,NaN,NaN,NaN,NaN,NaN,NaN,NaN,1
2023-10-04,348.1774760638434,375,283.2,309.15,373.24271041445803,850.8994586578882,309.15,0,0,2411,2729,0,0,0,0,NaN,NaN,68.28894068633244,NaN,NaN,NaN,655.3669015757,436.33371052792637,NaN,NaN,NaN,NaN,NaN,NaN,NaN,NaN,NaN,NaN,1,0,0,0,0,NaN,NaN,68.28894068633244,NaN,NaN,NaN,655.3669015757,436.33371052792637,NaN,NaN,NaN,NaN,NaN,NaN,NaN,NaN,NaN,NaN,1
2023-10-05,328.6637380319217,328.6637380319217,183.6,215.10000000000002,344.489490339102,841.1925966936457,215.10000000000002,0,0,2411,2730,0,0,0,0,NaN,NaN,70.86255063661585,NaN,NaN,NaN,655.3669015757,347.4986200012241,NaN,NaN,NaN,NaN,NaN,NaN,NaN,NaN,NaN,NaN,1,0,0,0,0,NaN,NaN,70.86255063661585,NaN,NaN,NaN,655.3669015757,347.4986200012241,NaN,NaN,NaN,NaN,NaN,NaN,NaN,NaN,NaN,NaN,1
2023-10-06,271.8818690159609,271.8818690159609,140.4,156.6,310.32776482290166,830.7408013242771,156.6,0,0,2411,2731,0,0,0,0,NaN,NaN,72.48101095292034,NaN,NaN,NaN,655.3669015757,274.60349260089356,NaN,NaN,NaN,NaN,NaN,NaN,NaN,NaN,NaN,NaN,1,0,0,0,0,NaN,NaN,72.48101095292034,NaN,NaN,NaN,655.3669015757,274.60349260089356,NaN,NaN,NaN,NaN,NaN,NaN,NaN,NaN,NaN,NaN,1
2023-10-09,214.24093450798046,214.24093450798046,114.588,119.862,275.69762576419225,819.8876898536774,119.862,0,0,2411,2732,0,0,0,0,NaN,NaN,73.1823878847265,NaN,NaN,NaN,655.3669015757,215.32274482062547,NaN,NaN,NaN,NaN,NaN,NaN,NaN,NaN,NaN,NaN,1,0,0,0,0,NaN,NaN,73.1823878847265,NaN,NaN,NaN,655.3669015757,215.32274482062547,NaN,NaN,NaN,NaN,NaN,NaN,NaN,NaN,NaN,NaN,1
2023-10-10,167.0514672539902,167.0514672539902,98.15016,107.28654,245.07742835252094,809.0082829856824,107.28654,0,0,2411,2733,0,0,0,0,NaN,NaN,73.69167376921817,NaN,NaN,NaN,655.3669015757,175.45801812981907,NaN,NaN,NaN,NaN,NaN,NaN,NaN,NaN,NaN,NaN,1,0,0,0,0,NaN,NaN,73.69167376921817,NaN,NaN,NaN,655.3669015757,175.45801812981907,NaN,NaN,NaN,NaN,NaN,NaN,NaN,NaN,NaN,NaN,1
2023-10-11,137.1690036269951,200.4,134.4,167.7,231.00880501569895,799.2173168332292,167.7,0,0,2411,2734,0,0,0,0,NaN,NaN,74.43623474085686,NaN,NaN,NaN,655.3669015757,175.45801812981907,NaN,NaN,NaN,NaN,NaN,NaN,NaN,NaN,NaN,NaN,1,0,0,0,0,NaN,NaN,74.43623474085686,NaN,NaN,NaN,655.3669015757,175.45801812981907,NaN,NaN,NaN,NaN,NaN,NaN,NaN,NaN,NaN,NaN,1
2023-10-12,152.43450181349755,152.43450181349755,108.6,122.55,211.28902228557186,788.886518102951,122.55,0,0,2411,2735,0,0,0,0,NaN,NaN,75.56259588020103,NaN,NaN,NaN,584.9618705306638,175.45801812981907,NaN,NaN,NaN,NaN,NaN,NaN,NaN,NaN,NaN,NaN,1,0,0,0,0,NaN,NaN,75.56259588020103,NaN,NaN,NaN,584.9618705306638,175.45801812981907,NaN,NaN,NaN,NaN,NaN,NaN,NaN,NaN,NaN,NaN,1
2023-10-13,137.49225090674878,137.49225090674878,111.18,118.398,194.39974550637697,778.6500521777151,118.398,0,0,2411,2736,0,0,0,0,NaN,NaN,77.24763263305914,NaN,NaN,NaN,404.93701194148457,175.45801812981907,NaN,NaN,NaN,NaN,NaN,NaN,NaN,NaN,NaN,NaN,1,0,0,0,0,NaN,NaN,77.24763263305914,NaN,NaN,NaN,404.93701194148457,175.45801812981907,NaN,NaN,NaN,NaN,NaN,NaN,NaN,NaN,NaN,NaN,1
2023-10-16,127.94512545337439,127.94512545337439,106.716,111.83699999999999,179.38833723249024,768.4697002360706,111.83699999999999,0,0,2411,2737,0,0,0,0,NaN,NaN,78.47146039857529,NaN,NaN,NaN,397.1290717294941,175.45801812981907,NaN,NaN,NaN,NaN,NaN,NaN,NaN,NaN,NaN,NaN,1,0,0,0,0,NaN,NaN,78.47146039857529,NaN,NaN,NaN,397.1290717294941,175.45801812981907,NaN,NaN,NaN,NaN,NaN,NaN,NaN,NaN,NaN,NaN,1
2023-10-17,119.89106272668718,130.8,115.2,120.603,168.7000940993102,758.5786055759779,120.603,0,0,2411,2738,0,0,0,0,NaN,NaN,79.84208055781664,NaN,NaN,NaN,397.1290717294941,175.45801812981907,NaN,NaN,NaN,NaN,NaN,NaN,NaN,NaN,NaN,NaN,1,0,0,0,0,NaN,NaN,79.84208055781664,NaN,NaN,NaN,397.1290717294941,175.45801812981907,NaN,NaN,NaN,NaN,NaN,NaN,NaN,NaN,NaN,NaN,1
2023-10-18,120.24703136334358,156,108,130.5,161.75462244489017,748.9896192313065,130.5,0,0,2411,2739,0,0,0,0,NaN,NaN,81.3042533817197,NaN,NaN,NaN,397.1290717294941,175.45801812981907,NaN,NaN,NaN,NaN,NaN,NaN,NaN,NaN,NaN,NaN,1,0,0,0,0,NaN,NaN,81.3042533817197,NaN,NaN,NaN,397.1290717294941,175.45801812981907,NaN,NaN,NaN,NaN,NaN,NaN,NaN,NaN,NaN,NaN,1
2023-10-19,125.37351568167179,147.6,117.624,130.209,156.0190547276374,739.54258687663,130.209,0,0,2411,2740,0,0,0,0,NaN,NaN,82.66906899630138,NaN,NaN,NaN,397.1290717294941,175.45801812981907,NaN,NaN,NaN,NaN,NaN,NaN,NaN,NaN,NaN,NaN,1,0,0,0,0,NaN,NaN,82.66906899630138,NaN,NaN,NaN,397.1290717294941,175.45801812981907,NaN,NaN,NaN,NaN,NaN,NaN,NaN,NaN,NaN,NaN,1
2023-10-20,127.7912578408359,235.2,127.2,167.4,158.08831750443062,730.8075855502692,167.4,0,0,2411,2741,0,0,0,0,NaN,NaN,83.65113749007243,NaN,NaN,NaN,397.1290717294941,175.45801812981907,NaN,NaN,NaN,NaN,NaN,NaN,NaN,NaN,NaN,NaN,1,0,0,0,0,NaN,NaN,83.65113749007243,NaN,NaN,NaN,397.1290717294941,175.45801812981907,NaN,NaN,NaN,NaN,NaN,NaN,NaN,NaN,NaN,NaN,1
2023-10-23,147.59562892041794,181.2,140.4,154.2,157.38135068544324,722.004416305227,154.2,0,0,2411,2742,0,0,0,0,NaN,NaN,84.41557133741263,NaN,NaN,NaN,397.1290717294941,175.45801812981907,NaN,NaN,NaN,NaN,NaN,NaN,NaN,NaN,NaN,NaN,1,0,0,0,0,NaN,NaN,84.41557133741263,NaN,NaN,NaN,397.1290717294941,175.45801812981907,NaN,NaN,NaN,NaN,NaN,NaN,NaN,NaN,NaN,NaN,1
2023-10-24,150.89781446020896,158.388,127.2,143.397,154.83874146990811,713.1707152929334,143.397,0,0,2411,2743,0,0,0,0,NaN,NaN,84.88471940491104,NaN,NaN,NaN,397.1290717294941,175.45801812981907,NaN,NaN,NaN,NaN,NaN,NaN,NaN,NaN,NaN,NaN,1,0,0,0,0,NaN,NaN,84.88471940491104,NaN,NaN,NaN,397.1290717294941,175.45801812981907,NaN,NaN,NaN,NaN,NaN,NaN,NaN,NaN,NaN,NaN,1
2023-10-25,147.14740723010448,147.14740723010448,110.4,118.80600000000001,148.2873339299248,704.0964448304459,118.80600000000001,0,0,2411,2744,0,0,0,0,NaN,NaN,85.3844271163252,NaN,NaN,NaN,397.1290717294941,175.45801812981907,NaN,NaN,NaN,NaN,NaN,NaN,NaN,NaN,NaN,NaN,1,0,0,0,0,NaN,NaN,85.3844271163252,NaN,NaN,NaN,397.1290717294941,175.45801812981907,NaN,NaN,NaN,NaN,NaN,NaN,NaN,NaN,NaN,NaN,1
2023-10-26,132.97670361505226,132.97670361505226,109.188,112.65299999999999,141.80836412448394,695.066773917004,112.65299999999999,0,0,2411,2745,0,0,0,0,NaN,NaN,85.62583913588077,NaN,NaN,NaN,397.1290717294941,175.45801812981907,NaN,NaN,NaN,NaN,NaN,NaN,NaN,NaN,NaN,NaN,1,0,0,0,0,NaN,NaN,85.62583913588077,NaN,NaN,NaN,397.1290717294941,175.45801812981907,NaN,NaN,NaN,NaN,NaN,NaN,NaN,NaN,NaN,NaN,1
2023-10-27,122.81485180752613,122.81485180752613,99.6,105.6,135.2250251927596,686.0672811854466,105.60000000000001,0,0,2411,2746,0,0,0,0,NaN,NaN,85.74938501771862,NaN,NaN,NaN,397.1290717294941,149.7694388030842,NaN,NaN,NaN,NaN,NaN,NaN,NaN,NaN,NaN,NaN,1,0,0,0,0,NaN,NaN,85.74938501771862,NaN,NaN,NaN,397.1290717294941,149.7694388030842,NaN,NaN,NaN,NaN,NaN,NaN,NaN,NaN,NaN,NaN,1
2023-10-30,114.20742590376307,114.20742590376307,85.224,95.48700000000001,127.99992970316696,677.0507883429208,95.487,0,0,2411,2747,0,0,0,0,NaN,NaN,85.86242284861174,NaN,NaN,NaN,397.1290717294941,125.51482266988137,NaN,NaN,NaN,NaN,NaN,NaN,NaN,NaN,NaN,NaN,1,0,0,0,0,NaN,NaN,85.86242284861174,NaN,NaN,NaN,397.1290717294941,125.51482266988137,NaN,NaN,NaN,NaN,NaN,NaN,NaN,NaN,NaN,NaN,1
2023-10-31,104.84721295188154,104.84721295188154,69.924,78.729,119.04157884804569,667.9161045514259,78.729,0,0,2411,2748,0,0,0,0,NaN,NaN,85.987716993611,NaN,NaN,NaN,397.1290717294941,101.00495714853119,NaN,NaN,NaN,NaN,NaN,NaN,NaN,NaN,NaN,NaN,1,0,0,0,0,NaN,NaN,85.987716993611,NaN,NaN,NaN,397.1290717294941,101.00495714853119,NaN,NaN,NaN,NaN,NaN,NaN,NaN,NaN,NaN,NaN,1
2023-11-01,91.78810647594076,91.78810647594076,73.32,77.34303,111.46002451203738,658.8997217338468,77.34303,0,0,2411,2749,0,0,0,0,NaN,NaN,86.13254955973159,NaN,NaN,NaN,397.1290717294941,89.97594818169215,NaN,NaN,NaN,NaN,NaN,NaN,NaN,NaN,NaN,NaN,1,0,0,0,0,NaN,NaN,86.13254955973159,NaN,NaN,NaN,397.1290717294941,89.97594818169215,NaN,NaN,NaN,NaN,NaN,NaN,NaN,NaN,NaN,NaN,1
2023-11-02,84.56556823797038,84.56556823797038,68.724,73.929,104.63620187348513,649.9688710203529,73.929,0,0,2411,2750,0,0,0,0,NaN,NaN,86.18482366849747,NaN,NaN,NaN,397.1290717294941,81.3857652544799,NaN,NaN,NaN,NaN,NaN,NaN,NaN,NaN,NaN,NaN,1,0,0,0,0,NaN,NaN,86.18482366849747,NaN,NaN,NaN,397.1290717294941,81.3857652544799,NaN,NaN,NaN,NaN,NaN,NaN,NaN,NaN,NaN,NaN,1
2023-11-03,79.24728411898519,79.24728411898519,56.04,63.881969999999995,97.22634153285148,641.0209794017215,63.881969999999995,0,0,2411,2751,0,0,0,0,NaN,NaN,86.18898135667114,NaN,NaN,NaN,397.1290717294941,69.99730732469516,NaN,NaN,NaN,NaN,NaN,NaN,NaN,NaN,NaN,NaN,1,0,0,0,0,NaN,NaN,86.18898135667114,NaN,NaN,NaN,397.1290717294941,69.99730732469516,NaN,NaN,NaN,NaN,NaN,NaN,NaN,NaN,NaN,NaN,1
2023-11-06,71.5646270594926,71.5646270594926,34.464,47.840999999999994,88.24718852687847,631.9647965100922,47.840999999999994,0,0,2411,2752,0,0,0,0,NaN,NaN,86.31808899070174,NaN,NaN,NaN,397.1290717294941,54.343478269359764,NaN,NaN,NaN,NaN,NaN,NaN,NaN,NaN,NaN,NaN,1,0,0,0,0,NaN,NaN,86.31808899070174,NaN,NaN,NaN,397.1290717294941,54.343478269359764,NaN,NaN,NaN,NaN,NaN,NaN,NaN,NaN,NaN,NaN,1
2023-11-07,59.702813529746294,59.702813529746294,33,36.611999999999995,78.85897243108239,622.8754408381824,36.611999999999995,0,0,2411,2753,0,0,0,0,NaN,NaN,86.61092699614802,NaN,NaN,NaN,397.1290717294941,41.82230065582469,NaN,NaN,NaN,NaN,NaN,NaN,NaN,NaN,NaN,NaN,1,0,0,0,0,NaN,NaN,86.61092699614802,NaN,NaN,NaN,397.1290717294941,41.82230065582469,NaN,NaN,NaN,NaN,NaN,NaN,NaN,NaN,NaN,NaN,1
2023-11-08,48.157406764873144,48.157406764873144,32.52,34.077000000000005,70.71679562543105,613.8861516650803,34.077000000000005,0,0,2411,2754,0,0,0,0,NaN,NaN,86.62642749600516,NaN,NaN,NaN,397.1290717294941,36.66812026232988,NaN,NaN,NaN,NaN,NaN,NaN,NaN,NaN,NaN,NaN,1,0,0,0,0,NaN,NaN,86.62642749600516,NaN,NaN,NaN,397.1290717294941,36.66812026232988,NaN,NaN,NaN,NaN,NaN,NaN,NaN,NaN,NaN,NaN,1
2023-11-09,41.11720338243657,41.11720338243657,26.136,31.349999999999998,63.55919642080722,604.9924699602699,31.35,0,0,2411,2755,0,0,0,0,NaN,NaN,86.55979802472018,NaN,NaN,NaN,397.1290717294941,32.813209497062054,NaN,NaN,NaN,NaN,NaN,NaN,NaN,NaN,NaN,NaN,1,0,0,0,0,NaN,NaN,86.55979802472018,NaN,NaN,NaN,397.1290717294941,32.813209497062054,NaN,NaN,NaN,NaN,NaN,NaN,NaN,NaN,NaN,NaN,1
2023-11-10,36.23360169121828,36.23360169121828,27.768,30.468,57.54261525338772,596.2211040066779,30.467999999999996,0,0,2411,2756,0,0,0,0,NaN,NaN,86.46165374534543,NaN,NaN,NaN,397.1290717294941,31.115431229001096,NaN,NaN,NaN,NaN,NaN,NaN,NaN,NaN,NaN,NaN,1,0,0,0,0,NaN,NaN,86.46165374534543,NaN,NaN,NaN,397.1290717294941,31.115431229001096,NaN,NaN,NaN,NaN,NaN,NaN,NaN,NaN,NaN,NaN,1
2023-11-13,33.35080084560914,33.35080084560914,24.6,27.069000000000003,52.00195793458995,587.5317589073393,27.069000000000003,0,0,2411,2757,0,0,0,0,NaN,NaN,86.32186121454065,NaN,NaN,NaN,397.1290717294941,27.79654868099034,NaN,NaN,NaN,NaN,NaN,NaN,NaN,NaN,NaN,NaN,1,0,0,0,0,NaN,NaN,86.32186121454065,NaN,NaN,NaN,397.1290717294941,27.79654868099034,NaN,NaN,NaN,NaN,NaN,NaN,NaN,NaN,NaN,NaN,1
2023-11-14,30.209900422804573,37.8,25.08,29.871,47.978147401028146,579.0178541911966,29.870999999999995,0,0,2411,2758,0,0,0,0,NaN,NaN,86.11811907210222,NaN,NaN,NaN,397.1290717294941,29.47872,NaN,NaN,NaN,NaN,NaN,NaN,NaN,NaN,NaN,NaN,1,0,0,0,0,NaN,NaN,86.11811907210222,NaN,NaN,NaN,397.1290717294941,29.47872,NaN,NaN,NaN,NaN,NaN,NaN,NaN,NaN,NaN,NaN,1
2023-11-15,30.040450211402288,33.396,28.932,30.342,44.77157514629575,570.6411235928578,30.341999999999995,0,0,2411,2759,0,0,0,0,NaN,NaN,85.84723155721206,NaN,NaN,NaN,397.1290717294941,29.7330534,NaN,NaN,NaN,NaN,NaN,NaN,NaN,NaN,NaN,NaN,1,0,0,0,0,NaN,NaN,85.84723155721206,NaN,NaN,NaN,397.1290717294941,29.7330534,NaN,NaN,NaN,NaN,NaN,NaN,NaN,NaN,NaN,NaN,1
2023-11-16,30.191225105701143,30.24,24.024,27.18,41.57310693787834,562.344007202127,27.18,0,0,2411,2760,0,0,0,0,NaN,NaN,85.56909826996906,NaN,NaN,NaN,397.1290717294941,28.66614,NaN,NaN,NaN,NaN,NaN,NaN,NaN,NaN,NaN,NaN,1,0,0,0,0,NaN,NaN,85.56909826996906,NaN,NaN,NaN,397.1290717294941,28.66614,NaN,NaN,NaN,NaN,NaN,NaN,NaN,NaN,NaN,NaN,1
2023-11-17,28.68561255285057,28.68561255285057,25.8,27.168,38.95399658553683,554.1733811379725,27.168,0,0,2411,2761,0,0,0,0,NaN,NaN,85.23023966258894,NaN,NaN,NaN,397.1290717294941,28.615375799999995,NaN,NaN,NaN,NaN,NaN,NaN,NaN,NaN,NaN,NaN,1,0,0,0,0,NaN,NaN,85.23023966258894,NaN,NaN,NaN,397.1290717294941,28.615375799999995,NaN,NaN,NaN,NaN,NaN,NaN,NaN,NaN,NaN,NaN,1
2023-11-20,27.926806276425285,28.176,24.384,26.627999999999997,36.712906297257405,546.1192531816675,26.627999999999997,0,0,2411,2762,0,0,0,0,NaN,NaN,84.89362311709031,NaN,NaN,NaN,397.1290717294941,28.242333251999995,NaN,NaN,NaN,NaN,NaN,NaN,NaN,NaN,NaN,NaN,1,0,0,0,0,NaN,NaN,84.89362311709031,NaN,NaN,NaN,397.1290717294941,28.242333251999995,NaN,NaN,NaN,NaN,NaN,NaN,NaN,NaN,NaN,NaN,1
2023-11-21,27.27740313821264,27.27740313821264,19.812,22.91697,34.2045542432106,538.1314320643902,22.91697,0,0,2411,2763,0,0,0,0,NaN,NaN,84.5091548812438,NaN,NaN,NaN,397.1290717294941,26.074531909319994,NaN,NaN,NaN,NaN,NaN,NaN,NaN,NaN,NaN,NaN,1,0,0,0,0,NaN,NaN,84.5091548812438,NaN,NaN,NaN,397.1290717294941,26.074531909319994,NaN,NaN,NaN,NaN,NaN,NaN,NaN,NaN,NaN,NaN,1
2023-11-22,25.09718656910632,25.09718656910632,20.532,22.761,32.12390801717231,530.2631811931782,22.761,0,0,2411,2764,0,0,0,0,NaN,NaN,84.18991645952816,NaN,NaN,NaN,397.1290717294941,25.608281280201595,NaN,NaN,NaN,NaN,NaN,NaN,NaN,NaN,NaN,NaN,1,0,0,0,0,NaN,NaN,84.18991645952816,NaN,NaN,NaN,397.1290717294941,25.608281280201595,NaN,NaN,NaN,NaN,NaN,NaN,NaN,NaN,NaN,NaN,1
2023-11-24,23.92909328455316,23.92909328455316,19.368,20.928,30.08828837768644,522.4870715566411,20.928,0,0,2411,2765,0,0,0,0,NaN,NaN,84.37203972957873,NaN,NaN,NaN,397.1290717294941,24.127214088171357,NaN,NaN,NaN,NaN,NaN,NaN,NaN,NaN,NaN,NaN,1,0,0,0,0,NaN,NaN,84.37203972957873,NaN,NaN,NaN,397.1290717294941,24.127214088171357,NaN,NaN,NaN,NaN,NaN,NaN,NaN,NaN,NaN,NaN,1
2023-11-27,22.42854664227658,32.712,19.992,25.254000000000005,29.209326854470724,514.895726952723,25.254000000000005,0,0,2411,2766,0,0,0,0,NaN,NaN,84.30636699118801,NaN,NaN,NaN,397.1290717294941,24.127214088171357,NaN,NaN,NaN,NaN,NaN,NaN,NaN,NaN,NaN,NaN,1,0,0,0,0,NaN,NaN,84.30636699118801,NaN,NaN,NaN,397.1290717294941,24.127214088171357,NaN,NaN,NaN,NaN,NaN,NaN,NaN,NaN,NaN,NaN,1
2023-11-28,23.841273321138292,57.456,23.841273321138292,41.406000000000006,31.426903790021502,507.66687615955163,41.406000000000006,0,0,2411,2767,0,0,0,0,NaN,NaN,83.88593234541281,NaN,NaN,NaN,397.1290717294941,33.010020000000004,NaN,NaN,NaN,NaN,NaN,NaN,NaN,NaN,NaN,NaN,1,0,0,0,0,NaN,NaN,83.88593234541281,NaN,NaN,NaN,397.1290717294941,33.010020000000004,NaN,NaN,NaN,NaN,NaN,NaN,NaN,NaN,NaN,NaN,1
2023-11-29,32.62363666056915,78.36,32.62363666056915,61.662,36.924194010017594,500.85764140902415,61.662,0,0,2411,2768,0,0,0,0,NaN,NaN,83.36139213314301,NaN,NaN,NaN,397.1290717294941,43.6937394,NaN,NaN,NaN,NaN,NaN,NaN,NaN,NaN,NaN,NaN,1,0,0,0,0,NaN,NaN,83.36139213314301,NaN,NaN,NaN,397.1290717294941,43.6937394,NaN,NaN,NaN,NaN,NaN,NaN,NaN,NaN,NaN,NaN,1
2023-11-30,47.14281833028457,57.6,39.456,49.464000000000006,39.204158735468944,493.96613543331387,49.464000000000006,0,0,2411,2769,0,0,0,0,NaN,NaN,82.59098784947268,NaN,NaN,NaN,397.1290717294941,43.6937394,NaN,NaN,NaN,NaN,NaN,NaN,NaN,NaN,NaN,NaN,1,0,0,0,0,NaN,NaN,82.59098784947268,NaN,NaN,NaN,397.1290717294941,43.6937394,NaN,NaN,NaN,NaN,NaN,NaN,NaN,NaN,NaN,NaN,1
2023-12-01,48.303409165142284,48.303409165142284,36.636,39.711,39.29631169265641,487.030942525935,39.711,0,0,2411,2770,0,0,0,0,NaN,NaN,82.34618880263245,NaN,NaN,NaN,397.1290717294941,43.6937394,NaN,NaN,NaN,NaN,NaN,NaN,NaN,NaN,NaN,NaN,1,0,0,0,0,NaN,NaN,82.34618880263245,NaN,NaN,NaN,397.1290717294941,43.6937394,NaN,NaN,NaN,NaN,NaN,NaN,NaN,NaN,NaN,NaN,1
2023-12-04,44.00720458257114,44.00720458257114,31.764,34.698,38.46025502126434,480.1250960751574,34.698,0,0,2411,2771,0,0,0,0,NaN,NaN,82.09433899605203,NaN,NaN,NaN,397.1290717294941,43.6937394,NaN,NaN,NaN,NaN,NaN,NaN,NaN,NaN,NaN,NaN,1,0,0,0,0,NaN,NaN,82.09433899605203,NaN,NaN,NaN,397.1290717294941,43.6937394,NaN,NaN,NaN,NaN,NaN,NaN,NaN,NaN,NaN,NaN,1
2023-12-05,39.35260229128557,45.6,36,40.899,38.903663199216275,473.41935415034584,40.899,0,0,2411,2772,0,0,0,0,NaN,NaN,81.56767258653376,NaN,NaN,NaN,397.1290717294941,43.6937394,NaN,NaN,NaN,NaN,NaN,NaN,NaN,NaN,NaN,NaN,1,0,0,0,0,NaN,NaN,81.56767258653376,NaN,NaN,NaN,397.1290717294941,43.6937394,NaN,NaN,NaN,NaN,NaN,NaN,NaN,NaN,NaN,NaN,1
2023-12-06,40.12580114564278,54,40.12580114564278,46.521,40.2886335266315,466.9018220259131,46.521,0,0,2411,2773,0,0,0,0,NaN,NaN,80.97972448218384,NaN,NaN,NaN,397.1290717294941,43.6937394,NaN,NaN,NaN,NaN,NaN,NaN,NaN,NaN,NaN,NaN,1,0,0,0,0,NaN,NaN,80.97972448218384,NaN,NaN,NaN,397.1290717294941,43.6937394,NaN,NaN,NaN,NaN,NaN,NaN,NaN,NaN,NaN,NaN,1
2023-12-07,43.32340057282139,52.188,43.32340057282139,49.023,41.87670015815305,460.521992682006,49.023,0,0,2411,2774,0,0,0,0,NaN,NaN,80.38311333429255,NaN,NaN,NaN,397.1290717294941,43.6937394,NaN,NaN,NaN,NaN,NaN,NaN,NaN,NaN,NaN,NaN,1,0,0,0,0,NaN,NaN,80.38311333429255,NaN,NaN,NaN,397.1290717294941,43.6937394,NaN,NaN,NaN,NaN,NaN,NaN,NaN,NaN,NaN,NaN,1
2023-12-08,46.1732002864107,53.76,45.756,49.179,43.20439103848886,454.24194699220436,49.178999999999995,0,0,2411,2775,0,0,0,0,NaN,NaN,79.63529182737963,NaN,NaN,NaN,397.1290717294941,43.6937394,NaN,NaN,NaN,NaN,NaN,NaN,NaN,NaN,NaN,NaN,1,0,0,0,0,NaN,NaN,79.63529182737963,NaN,NaN,NaN,397.1290717294941,43.6937394,NaN,NaN,NaN,NaN,NaN,NaN,NaN,NaN,NaN,NaN,1
2023-12-11,47.676100143205346,47.676100143205346,38.64,43.403999999999996,43.24068357694543,447.9696119236211,43.40399999999999,0,0,2411,2776,0,0,0,0,NaN,NaN,78.6336876320937,NaN,NaN,NaN,397.1290717294941,43.6937394,NaN,NaN,NaN,NaN,NaN,NaN,NaN,NaN,NaN,NaN,1,0,0,0,0,NaN,NaN,78.6336876320937,NaN,NaN,NaN,397.1290717294941,43.6937394,NaN,NaN,NaN,NaN,NaN,NaN,NaN,NaN,NaN,NaN,1
2023-12-12,45.54005007160267,45.54005007160267,40.056,42.156,43.04346838113717,441.77398426066503,42.156000000000006,0,0,2411,2777,0,0,0,0,NaN,NaN,77.6296344673127,NaN,NaN,NaN,397.1290717294941,43.6937394,NaN,NaN,NaN,NaN,NaN,NaN,NaN,NaN,NaN,NaN,1,0,0,0,0,NaN,NaN,77.6296344673127,NaN,NaN,NaN,397.1290717294941,43.6937394,NaN,NaN,NaN,NaN,NaN,NaN,NaN,NaN,NaN,NaN,1
2023-12-13,43.848025035801335,43.848025035801335,28.2,32.907,41.20047413002132,435.53174022615104,32.907,0,0,2411,2778,0,0,0,0,NaN,NaN,76.57241425952101,NaN,NaN,NaN,397.1290717294941,43.6937394,NaN,NaN,NaN,NaN,NaN,NaN,NaN,NaN,NaN,NaN,1,0,0,0,0,NaN,NaN,76.57241425952101,NaN,NaN,NaN,397.1290717294941,43.6937394,NaN,NaN,NaN,NaN,NaN,NaN,NaN,NaN,NaN,NaN,1
2023-12-14,38.37751251790067,39.588,33.7212,35.73030000000001,40.20589701547199,429.4279014440724,35.73030000000001,0,0,2411,2779,0,0,0,0,NaN,33.7212,75.2272611096407,NaN,NaN,NaN,397.1290717294941,43.6937394,NaN,NaN,NaN,NaN,NaN,NaN,NaN,NaN,NaN,NaN,1,0,0,0,0,NaN,33.7212,75.2272611096407,NaN,NaN,NaN,397.1290717294941,43.6937394,NaN,NaN,NaN,NaN,NaN,NaN,NaN,NaN,NaN,NaN,1
2023-12-15,37.053906258950335,42,27,33.18,38.92846119447708,423.3783151624835,33.18,0,0,2411,2780,0,0,0,0,NaN,NaN,73.86829744006815,NaN,NaN,NaN,397.1290717294941,43.6937394,NaN,NaN,NaN,NaN,NaN,NaN,NaN,NaN,NaN,NaN,1,0,0,0,0,NaN,NaN,73.86829744006815,NaN,NaN,NaN,397.1290717294941,43.6937394,NaN,NaN,NaN,NaN,NaN,NaN,NaN,NaN,NaN,NaN,1
2023-12-18,35.116953129475164,37.968,31.2,34.542,38.13092279548125,417.4418828699265,34.542,0,0,2411,2781,0,0,0,0,NaN,NaN,72.2989432765793,NaN,NaN,NaN,397.1290717294941,43.6937394,NaN,NaN,NaN,NaN,NaN,NaN,NaN,NaN,NaN,NaN,1,0,0,0,0,NaN,NaN,72.2989432765793,NaN,NaN,NaN,397.1290717294941,43.6937394,NaN,NaN,NaN,NaN,NaN,NaN,NaN,NaN,NaN,NaN,1
2023-12-19,34.82947656473758,35.4,31.14,33.798,37.3431186508483,411.58472435282835,33.798,0,0,2411,2782,0,0,0,0,NaN,NaN,76.02944432526274,NaN,NaN,NaN,397.1290717294941,43.6937394,NaN,NaN,NaN,NaN,NaN,NaN,NaN,NaN,NaN,NaN,1,0,0,0,0,NaN,NaN,76.02944432526274,NaN,NaN,NaN,397.1290717294941,43.6937394,NaN,NaN,NaN,NaN,NaN,NaN,NaN,NaN,NaN,NaN,1
2023-12-20,34.31373828236879,35.76,32.136,33.804,36.69964253251224,405.8170797062203,33.804,0,0,2411,2783,0,0,0,0,NaN,NaN,75.61445539217215,NaN,NaN,NaN,397.1290717294941,43.6937394,NaN,NaN,NaN,NaN,NaN,NaN,NaN,NaN,NaN,NaN,1,0,0,0,0,NaN,NaN,75.61445539217215,NaN,NaN,NaN,397.1290717294941,43.6937394,NaN,NaN,NaN,NaN,NaN,NaN,NaN,NaN,NaN,NaN,1
2023-12-21,34.058869141184395,35.4,32.4,34.172999999999995,36.24025298114638,400.14312429085817,34.172999999999995,0,0,2411,2784,0,0,0,0,NaN,NaN,74.19471507094225,NaN,NaN,NaN,397.1290717294941,43.6937394,NaN,NaN,NaN,NaN,NaN,NaN,NaN,NaN,NaN,NaN,1,0,0,0,0,NaN,NaN,74.19471507094225,NaN,NaN,NaN,397.1290717294941,43.6937394,NaN,NaN,NaN,NaN,NaN,NaN,NaN,NaN,NaN,NaN,1
2023-12-22,34.115934570592195,34.512,32.04,33.12,35.67293425730158,394.53971781313516,33.12,0,0,2411,2785,0,0,0,0,NaN,NaN,72.6423952838323,NaN,NaN,NaN,397.1290717294941,43.6937394,NaN,NaN,NaN,NaN,NaN,NaN,NaN,NaN,NaN,NaN,1,0,0,0,0,NaN,NaN,72.6423952838323,NaN,NaN,NaN,397.1290717294941,43.6937394,NaN,NaN,NaN,NaN,NaN,NaN,NaN,NaN,NaN,NaN,1
2023-12-26,33.617967285296096,39.6,33.617967285296096,37.04697,35.9227589377922,389.08181326636975,37.04697,0,0,2411,2786,0,0,0,0,NaN,NaN,70.99322623096523,NaN,NaN,NaN,397.1290717294941,43.6937394,NaN,NaN,NaN,NaN,NaN,NaN,NaN,NaN,NaN,NaN,1,0,0,0,0,NaN,NaN,70.99322623096523,NaN,NaN,NaN,397.1290717294941,43.6937394,NaN,NaN,NaN,NaN,NaN,NaN,NaN,NaN,NaN,NaN,1
2023-12-27,35.33246864264805,38.772,35.33246864264805,37.758,36.256439130920896,383.7180909264252,37.758,0,0,2411,2787,0,0,0,0,NaN,NaN,69.17797946018634,NaN,NaN,NaN,397.1290717294941,43.6937394,NaN,NaN,NaN,NaN,NaN,NaN,NaN,NaN,NaN,NaN,1,0,0,0,0,NaN,NaN,69.17797946018634,NaN,NaN,NaN,397.1290717294941,43.6937394,NaN,NaN,NaN,NaN,NaN,NaN,NaN,NaN,NaN,NaN,1
2023-12-28,36.54523432132403,40.548,36.54523432132403,37.809,36.53872292529891,378.437036103121,37.809,0,0,2411,2788,0,0,0,0,NaN,NaN,67.28533591188207,NaN,NaN,NaN,397.1290717294941,43.6937394,NaN,NaN,NaN,NaN,NaN,NaN,NaN,NaN,NaN,NaN,1,0,0,0,0,NaN,NaN,67.28533591188207,NaN,NaN,NaN,397.1290717294941,43.6937394,NaN,NaN,NaN,NaN,NaN,NaN,NaN,NaN,NaN,NaN,1
2023-12-29,37.177117160662014,37.86,33.06,36.015,36.44350057524456,373.20921875803515,36.015,0,0,2411,2789,0,0,0,0,NaN,NaN,65.52640548324462,NaN,NaN,NaN,397.1290717294941,43.6937394,NaN,NaN,NaN,NaN,NaN,NaN,NaN,NaN,NaN,NaN,1,0,0,0,0,NaN,NaN,65.52640548324462,NaN,NaN,NaN,397.1290717294941,43.6937394,NaN,NaN,NaN,NaN,NaN,NaN,NaN,NaN,NaN,NaN,1
2024-01-02,36.596058580331004,39.6,36.06,37.32000000000001,36.60286410701828,368.08113908234,37.32000000000001,0,0,2411,2790,0,0,0,0,NaN,NaN,63.62526011180459,NaN,NaN,NaN,397.1290717294941,43.6937394,NaN,NaN,NaN,NaN,NaN,NaN,NaN,NaN,NaN,NaN,1,0,0,0,0,NaN,NaN,63.62526011180459,NaN,NaN,NaN,397.1290717294941,43.6937394,NaN,NaN,NaN,NaN,NaN,NaN,NaN,NaN,NaN,NaN,1
2024-01-03,36.958029290165506,39.36,36.958029290165506,38.34,36.918706996651316,363.04692321848745,38.34,0,0,2411,2791,0,0,0,0,NaN,NaN,61.94315363002369,NaN,NaN,NaN,397.1290717294941,43.6937394,NaN,NaN,NaN,NaN,NaN,NaN,NaN,NaN,NaN,NaN,1,0,0,0,0,NaN,NaN,61.94315363002369,NaN,NaN,NaN,397.1290717294941,43.6937394,NaN,NaN,NaN,NaN,NaN,NaN,NaN,NaN,NaN,NaN,1
2024-01-04,37.64901464508276,38.028,34.8,36.393,36.82312390635108,358.0598404212586,36.393,0,0,2411,2792,0,0,0,0,NaN,NaN,60.69256251829631,NaN,NaN,NaN,397.1290717294941,43.6937394,NaN,NaN,NaN,NaN,NaN,NaN,NaN,NaN,NaN,NaN,1,0,0,0,0,NaN,NaN,60.69256251829631,NaN,NaN,NaN,397.1290717294941,43.6937394,NaN,NaN,NaN,NaN,NaN,NaN,NaN,NaN,NaN,NaN,1
2024-01-05,37.02100732254138,37.044,33.18,34.910970000000006,36.47545955974179,353.12626988047606,34.910970000000006,0,0,2411,2793,0,0,0,0,NaN,NaN,59.18494179517451,NaN,NaN,NaN,397.1290717294941,43.6937394,NaN,NaN,NaN,NaN,NaN,NaN,NaN,NaN,NaN,NaN,1,0,0,0,0,NaN,NaN,59.18494179517451,NaN,NaN,NaN,397.1290717294941,43.6937394,NaN,NaN,NaN,NaN,NaN,NaN,NaN,NaN,NaN,NaN,1
2024-01-08,35.96598866127069,35.96598866127069,30.12,32.874,35.82064873069783,348.2369222487131,32.874,0,0,2411,2794,0,0,0,0,NaN,NaN,57.264836584566666,NaN,NaN,NaN,397.1290717294941,43.6937394,NaN,NaN,NaN,NaN,NaN,NaN,NaN,NaN,NaN,NaN,1,0,0,0,0,NaN,NaN,57.264836584566666,NaN,NaN,NaN,397.1290717294941,43.6937394,NaN,NaN,NaN,NaN,NaN,NaN,NaN,NaN,NaN,NaN,1
2024-01-09,34.41999433063535,34.41999433063535,30.204,31.713,35.07380350693459,343.4044959548396,31.713,0,0,2411,2795,0,0,0,0,NaN,NaN,55.26715961374917,NaN,NaN,NaN,397.1290717294941,43.6937394,NaN,NaN,NaN,NaN,NaN,NaN,NaN,NaN,NaN,NaN,1,0,0,0,0,NaN,NaN,55.26715961374917,NaN,NaN,NaN,397.1290717294941,43.6937394,NaN,NaN,NaN,NaN,NaN,NaN,NaN,NaN,NaN,NaN,1
2024-01-10,33.06649716531767,33.06649716531767,27.6,29.856930000000002,34.1252810511283,338.61751021507104,29.856930000000002,0,0,2411,2796,0,0,0,0,NaN,NaN,53.984173699038095,NaN,NaN,NaN,397.1290717294941,43.6937394,NaN,NaN,NaN,NaN,NaN,NaN,NaN,NaN,NaN,NaN,1,0,0,0,0,NaN,NaN,53.984173699038095,NaN,NaN,NaN,397.1290717294941,43.6937394,NaN,NaN,NaN,NaN,NaN,NaN,NaN,NaN,NaN,NaN,1
2024-01-11,31.461713582658838,31.776,27.6,28.977,33.18922995092315,333.89017418125314,28.977,0,0,2411,2797,0,0,0,0,NaN,NaN,52.99127116266399,NaN,NaN,NaN,327.4990934047049,43.6937394,NaN,NaN,NaN,NaN,NaN,NaN,NaN,NaN,NaN,NaN,1,0,0,0,0,NaN,NaN,52.99127116266399,NaN,NaN,NaN,327.4990934047049,43.6937394,NaN,NaN,NaN,NaN,NaN,NaN,NaN,NaN,NaN,NaN,1
2024-01-12,30.219356791329417,30.219356791329417,24.852,27.549,32.16373359620985,329.2132096899363,27.549,0,0,2411,2798,0,0,0,0,NaN,NaN,53.22526355836693,NaN,NaN,NaN,244.458991560002,43.6937394,NaN,NaN,NaN,NaN,NaN,NaN,NaN,NaN,NaN,NaN,1,0,0,0,0,NaN,NaN,53.22526355836693,NaN,NaN,NaN,244.458991560002,43.6937394,NaN,NaN,NaN,NaN,NaN,NaN,NaN,NaN,NaN,NaN,1
2024-01-16,28.88417839566471,31.2,26.664,28.641,31.52323657871715,324.62432099238004,28.641,0,0,2411,2799,0,0,0,0,NaN,NaN,53.28801737677218,NaN,NaN,NaN,244.458991560002,43.6937394,NaN,NaN,NaN,NaN,NaN,NaN,NaN,NaN,NaN,NaN,1,0,0,0,0,NaN,NaN,53.28801737677218,NaN,NaN,NaN,244.458991560002,43.6937394,NaN,NaN,NaN,NaN,NaN,NaN,NaN,NaN,NaN,NaN,1
2024-01-17,28.762589197832355,29.988,26.496,27.987,30.88028447349585,320.0955069314277,27.987,0,0,2411,2800,0,0,0,0,NaN,NaN,55.03222572529168,NaN,NaN,NaN,242.99100500221905,43.6937394,NaN,NaN,NaN,NaN,NaN,NaN,NaN,NaN,NaN,NaN,1,0,0,0,0,NaN,NaN,55.03222572529168,NaN,NaN,NaN,242.99100500221905,43.6937394,NaN,NaN,NaN,NaN,NaN,NaN,NaN,NaN,NaN,NaN,1
2024-01-18,28.374794598916175,28.38,25.248,27.221999999999998,30.215141841951148,315.62415568056616,27.221999999999998,0,0,2411,2801,0,0,0,0,NaN,NaN,58.802807704124845,NaN,NaN,NaN,240.99168413947,43.6937394,NaN,NaN,NaN,NaN,NaN,NaN,NaN,NaN,NaN,NaN,1,0,0,0,0,NaN,NaN,58.802807704124845,NaN,NaN,NaN,240.99168413947,43.6937394,NaN,NaN,NaN,NaN,NaN,NaN,NaN,NaN,NaN,NaN,1
2024-01-19,27.798397299458088,27.798397299458088,24,25.605,29.376934234323667,311.1963823113972,25.605000000000004,0,0,2411,2802,0,0,0,0,NaN,NaN,58.45992657443747,NaN,NaN,NaN,238.3390716951429,42.55179,NaN,NaN,NaN,NaN,NaN,NaN,NaN,NaN,NaN,NaN,1,0,0,0,0,NaN,NaN,58.45992657443747,NaN,NaN,NaN,238.3390716951429,42.55179,NaN,NaN,NaN,NaN,NaN,NaN,NaN,NaN,NaN,NaN,1
2024-01-22,26.701698649729046,26.701698649729046,23.172,24.711,28.528582555355726,306.82255968068887,24.711,0,0,2411,2803,0,0,0,0,NaN,NaN,56.75595533538633,NaN,NaN,NaN,236.41228619985236,41.58297629999999,NaN,NaN,NaN,NaN,NaN,NaN,NaN,NaN,NaN,NaN,1,0,0,0,0,NaN,NaN,56.75595533538633,NaN,NaN,NaN,236.41228619985236,41.58297629999999,NaN,NaN,NaN,NaN,NaN,NaN,NaN,NaN,NaN,NaN,1
2024-01-23,25.706349324864522,25.706349324864522,22.8,23.214,27.56229481801832,302.4926580061745,23.214,0,0,2411,2804,0,0,0,0,NaN,NaN,55.45593029772412,NaN,NaN,NaN,233.88221032544567,39.77724772199999,NaN,NaN,NaN,NaN,NaN,NaN,NaN,NaN,NaN,NaN,1,0,0,0,0,NaN,NaN,55.45593029772412,NaN,NaN,NaN,233.88221032544567,39.77724772199999,NaN,NaN,NaN,NaN,NaN,NaN,NaN,NaN,NaN,NaN,1
2024-01-24,24.46017466243226,26.4,22.812,24.246,26.95933212383317,298.2446174259276,24.246000000000002,0,0,2411,2805,0,0,0,0,NaN,NaN,54.40326870316818,NaN,NaN,NaN,233.88221032544567,39.77724772199999,NaN,NaN,NaN,NaN,NaN,NaN,NaN,NaN,NaN,NaN,1,0,0,0,0,NaN,NaN,54.40326870316818,NaN,NaN,NaN,233.88221032544567,39.77724772199999,NaN,NaN,NaN,NaN,NaN,NaN,NaN,NaN,NaN,NaN,1
2024-01-25,24.35308733121613,25.2,23.4,24.107999999999997,26.440908101318048,294.05932555682944,24.108,0,0,2411,2806,0,0,0,0,NaN,NaN,52.808961502912545,NaN,NaN,NaN,232.76180068824672,39.77724772199999,NaN,NaN,NaN,NaN,NaN,NaN,NaN,NaN,NaN,NaN,1,0,0,0,0,NaN,NaN,52.808961502912545,NaN,NaN,NaN,232.76180068824672,39.77724772199999,NaN,NaN,NaN,NaN,NaN,NaN,NaN,NaN,NaN,NaN,1
2024-01-26,24.230543665608064,24.972,24,24.456,26.08001571926022,289.9432442506183,24.456,0,0,2411,2807,0,0,0,0,NaN,NaN,50.99950135999638,NaN,NaN,NaN,232.0352190376871,39.77724772199999,NaN,NaN,NaN,NaN,NaN,NaN,NaN,NaN,NaN,NaN,1,0,0,0,0,NaN,NaN,50.99950135999638,NaN,NaN,NaN,232.0352190376871,39.77724772199999,NaN,NaN,NaN,NaN,NaN,NaN,NaN,NaN,NaN,NaN,1
2024-01-29,24.34327183280403,31.788,24.34327183280403,28.008000000000003,26.43055831575836,285.94423288801346,28.008000000000003,0,0,2411,2808,0,0,0,0,NaN,NaN,48.9186166200671,NaN,NaN,NaN,232.0352190376871,39.77724772199999,NaN,NaN,NaN,NaN,NaN,NaN,NaN,NaN,NaN,NaN,1,0,0,0,0,NaN,NaN,48.9186166200671,NaN,NaN,NaN,232.0352190376871,39.77724772199999,NaN,NaN,NaN,NaN,NaN,NaN,NaN,NaN,NaN,NaN,1
2024-01-30,26.175635916402015,30,26.175635916402015,28.332,26.77627498562048,282.0112216988835,28.332000000000004,0,0,2411,2809,0,0,0,0,NaN,NaN,46.859831251783966,NaN,NaN,NaN,232.0352190376871,39.77724772199999,NaN,NaN,NaN,NaN,NaN,NaN,NaN,NaN,NaN,NaN,1,0,0,0,0,NaN,NaN,46.859831251783966,NaN,NaN,NaN,232.0352190376871,39.77724772199999,NaN,NaN,NaN,NaN,NaN,NaN,NaN,NaN,NaN,NaN,1
2024-01-31,27.253817958201008,28.332,25.452,26.73,26.7678613518713,278.11379846683946,26.73,0,0,2411,2810,0,0,0,0,NaN,NaN,44.607719127763204,NaN,NaN,NaN,232.0352190376871,39.77724772199999,NaN,NaN,NaN,NaN,NaN,NaN,NaN,NaN,NaN,NaN,1,0,0,0,0,NaN,NaN,44.607719127763204,NaN,NaN,NaN,232.0352190376871,39.77724772199999,NaN,NaN,NaN,NaN,NaN,NaN,NaN,NaN,NaN,NaN,1
2024-02-01,26.991908979100504,27,23.448,25.287,26.498613833349246,274.2538473452083,25.287,0,0,2411,2811,0,0,0,0,NaN,NaN,42.252794545715595,NaN,NaN,NaN,232.0352190376871,39.77724772199999,NaN,NaN,NaN,NaN,NaN,NaN,NaN,NaN,NaN,NaN,1,0,0,0,0,NaN,NaN,42.252794545715595,NaN,NaN,NaN,232.0352190376871,39.77724772199999,NaN,NaN,NaN,NaN,NaN,NaN,NaN,NaN,NaN,NaN,1
2024-02-02,26.139454489550253,26.139454489550253,22.188,23.441969999999998,25.94286040910393,270.4246583781059,23.441969999999998,0,0,2411,2812,0,0,0,0,NaN,NaN,39.94509884467149,NaN,NaN,NaN,232.0352190376871,39.77724772199999,NaN,NaN,NaN,NaN,NaN,NaN,NaN,NaN,NaN,NaN,1,0,0,0,0,NaN,NaN,39.94509884467149,NaN,NaN,NaN,232.0352190376871,39.77724772199999,NaN,NaN,NaN,NaN,NaN,NaN,NaN,NaN,NaN,NaN,1
2024-02-05,24.790712244775126,24.924,22.62,23.442,25.488158516539578,266.65393076927984,23.442,0,0,2411,2813,0,0,0,0,NaN,NaN,38.81721419672069,NaN,NaN,NaN,232.0352190376871,39.77724772199999,NaN,NaN,NaN,NaN,NaN,NaN,NaN,NaN,NaN,NaN,1,0,0,0,0,NaN,NaN,38.81721419672069,NaN,NaN,NaN,232.0352190376871,39.77724772199999,NaN,NaN,NaN,NaN,NaN,NaN,NaN,NaN,NaN,NaN,1
2024-02-06,24.116356122387565,24.116356122387565,20.4,22.014,24.8564933317142,262.91896999417634,22.014,0,0,2411,2814,0,0,0,0,NaN,NaN,37.954763743209625,NaN,NaN,NaN,232.0352190376871,37.632555427019994,NaN,NaN,NaN,NaN,NaN,NaN,NaN,NaN,NaN,NaN,1,0,0,0,0,NaN,NaN,37.954763743209625,NaN,NaN,NaN,232.0352190376871,37.632555427019994,NaN,NaN,NaN,NaN,NaN,NaN,NaN,NaN,NaN,NaN,1
2024-02-07,23.065178061193784,23.52,20.64,21.987000000000002,24.33476727140253,259.24061930724235,21.987000000000002,0,0,2411,2815,0,0,0,0,NaN,NaN,37.50095981441101,NaN,NaN,NaN,232.0352190376871,35.743208775777596,NaN,NaN,NaN,NaN,NaN,NaN,NaN,NaN,NaN,NaN,1,0,0,0,0,NaN,NaN,37.50095981441101,NaN,NaN,NaN,232.0352190376871,35.743208775777596,NaN,NaN,NaN,NaN,NaN,NaN,NaN,NaN,NaN,NaN,1
2024-02-08,22.526089030596893,22.74,20.4,21.681,23.852264131147525,255.6137548903379,21.681,0,0,2411,2816,0,0,0,0,NaN,NaN,36.20441112922405,NaN,NaN,NaN,232.0352190376871,33.50382745941096,NaN,NaN,NaN,NaN,NaN,NaN,NaN,NaN,NaN,NaN,1,0,0,0,0,NaN,NaN,36.20441112922405,NaN,NaN,NaN,232.0352190376871,33.50382745941096,NaN,NaN,NaN,NaN,NaN,NaN,NaN,NaN,NaN,NaN,1
2024-02-09,22.103544515298445,22.164,20.412,21.318,23.39148883457525,252.03672046453121,21.318,0,0,2411,2817,0,0,0,0,NaN,NaN,35.19552615733692,NaN,NaN,NaN,232.0352190376871,31.161548516716984,NaN,NaN,NaN,NaN,NaN,NaN,NaN,NaN,NaN,NaN,1,0,0,0,0,NaN,NaN,35.19552615733692,NaN,NaN,NaN,232.0352190376871,31.161548516716984,NaN,NaN,NaN,NaN,NaN,NaN,NaN,NaN,NaN,NaN,1
2024-02-12,21.710772257649225,23.22,21.012,21.881999999999998,23.11703631919793,248.52290793835516,21.881999999999998,0,0,2411,2818,0,0,0,0,NaN,NaN,34.41505938447095,NaN,NaN,NaN,232.0352190376871,31.161548516716984,NaN,NaN,NaN,NaN,NaN,NaN,NaN,NaN,NaN,NaN,1,0,0,0,0,NaN,NaN,34.41505938447095,NaN,NaN,NaN,232.0352190376871,31.161548516716984,NaN,NaN,NaN,NaN,NaN,NaN,NaN,NaN,NaN,NaN,1
2024-02-13,21.79638612882461,21.876,20.4,21.024,22.73648426116194,245.04964216830393,21.024,0,0,2411,2819,0,0,0,0,NaN,NaN,33.73833460337997,NaN,NaN,NaN,232.0352190376871,28.91653332820642,NaN,NaN,NaN,NaN,NaN,NaN,NaN,NaN,NaN,NaN,1,0,0,0,0,NaN,NaN,33.73833460337997,NaN,NaN,NaN,232.0352190376871,28.91653332820642,NaN,NaN,NaN,NaN,NaN,NaN,NaN,NaN,NaN,NaN,1
2024-02-14,21.410193064412304,21.410193064412304,19.44,20.559,22.34057803185977,241.6223041199329,20.559,0,0,2411,2820,0,0,0,0,NaN,NaN,32.29349239542804,NaN,NaN,NaN,232.0352190376871,26.734025329436882,NaN,NaN,NaN,NaN,NaN,NaN,NaN,NaN,NaN,NaN,1,0,0,0,0,NaN,NaN,32.29349239542804,NaN,NaN,NaN,232.0352190376871,26.734025329436882,NaN,NaN,NaN,NaN,NaN,NaN,NaN,NaN,NaN,NaN,1
2024-02-15,20.984596532206155,21.528,19.2,20.421,21.991563844248905,238.2451849730637,20.421,0,0,2411,2821,0,0,0,0,NaN,NaN,31.078187794070082,NaN,NaN,NaN,232.0352190376871,24.97913849048892,NaN,NaN,NaN,NaN,NaN,NaN,NaN,NaN,NaN,NaN,1,0,0,0,0,NaN,NaN,31.078187794070082,NaN,NaN,NaN,232.0352190376871,24.97913849048892,NaN,NaN,NaN,NaN,NaN,NaN,NaN,NaN,NaN,NaN,1
2024-02-16,20.702798266103077,21.24,19.2,20.22408,21.670203145294558,234.91661848492532,20.22408,0,0,2411,2822,0,0,0,0,NaN,NaN,30.06392217105217,NaN,NaN,NaN,232.0352190376871,23.483698943342247,NaN,NaN,NaN,NaN,NaN,NaN,NaN,NaN,NaN,NaN,1,0,0,0,0,NaN,NaN,30.06392217105217,NaN,NaN,NaN,232.0352190376871,23.483698943342247,NaN,NaN,NaN,NaN,NaN,NaN,NaN,NaN,NaN,NaN,1
2024-02-20,20.463439133051537,21.468,19.8,20.553,21.467075300695548,231.64389148515548,20.553,0,0,2411,2823,0,0,0,0,NaN,NaN,28.581951206520618,NaN,NaN,NaN,232.0352190376871,23.483698943342247,NaN,NaN,NaN,NaN,NaN,NaN,NaN,NaN,NaN,NaN,1,0,0,0,0,NaN,NaN,28.581951206520618,NaN,NaN,NaN,232.0352190376871,23.483698943342247,NaN,NaN,NaN,NaN,NaN,NaN,NaN,NaN,NaN,NaN,1
2024-02-21,20.508219566525767,20.91612,19.296,19.80003,21.16397615511454,228.4096340579012,19.80003,0,0,2411,2824,0,0,0,0,NaN,NaN,27.774637392111302,NaN,NaN,NaN,232.0352190376871,22.126031442039306,NaN,NaN,NaN,NaN,NaN,NaN,NaN,NaN,NaN,NaN,1,0,0,0,0,NaN,NaN,27.774637392111302,NaN,NaN,NaN,232.0352190376871,22.126031442039306,NaN,NaN,NaN,NaN,NaN,NaN,NaN,NaN,NaN,NaN,1
2024-02-22,20.154124783262883,20.154124783262883,18.36,19.251,20.816162308730078,225.21637246923095,19.251,0,0,2411,2825,0,0,0,0,NaN,NaN,28.96068108384644,NaN,NaN,NaN,232.0352190376871,20.91533052290516,NaN,NaN,NaN,NaN,NaN,NaN,NaN,NaN,NaN,NaN,1,0,0,0,0,NaN,NaN,28.96068108384644,NaN,NaN,NaN,232.0352190376871,20.91533052290516,NaN,NaN,NaN,NaN,NaN,NaN,NaN,NaN,NaN,NaN,1
2024-02-23,19.702562391631442,20.568,18.036,19.515,20.57958734350643,222.07589350023505,19.515,0,0,2411,2826,0,0,0,0,NaN,NaN,30.658453677881596,NaN,NaN,NaN,232.0352190376871,20.91533052290516,NaN,NaN,NaN,NaN,NaN,NaN,NaN,NaN,NaN,NaN,1,0,0,0,0,NaN,NaN,30.658453677881596,NaN,NaN,NaN,232.0352190376871,20.91533052290516,NaN,NaN,NaN,NaN,NaN,NaN,NaN,NaN,NaN,NaN,1
2024-02-26,19.608781195815723,19.68,18,18.875999999999998,20.269844190141622,218.9736050498498,18.875999999999998,0,0,2411,2827,0,0,0,0,NaN,NaN,33.19453539319061,NaN,NaN,NaN,232.0352190376871,20.00561661897214,NaN,NaN,NaN,NaN,NaN,NaN,NaN,NaN,NaN,NaN,1,0,0,0,0,NaN,NaN,33.19453539319061,NaN,NaN,NaN,232.0352190376871,20.00561661897214,NaN,NaN,NaN,NaN,NaN,NaN,NaN,NaN,NaN,NaN,1
2024-02-27,19.24239059790786,19.668,18.24,19.098,20.056781610115873,215.92206909489025,19.098,0,0,2411,2828,0,0,0,0,NaN,NaN,35.935927044582755,NaN,NaN,NaN,232.0352190376871,20.00561661897214,NaN,NaN,NaN,NaN,NaN,NaN,NaN,NaN,NaN,NaN,1,0,0,0,0,NaN,NaN,35.935927044582755,NaN,NaN,NaN,232.0352190376871,20.00561661897214,NaN,NaN,NaN,NaN,NaN,NaN,NaN,NaN,NaN,NaN,1
2024-02-28,19.170195298953928,20.16,18.648,19.404,19.93809404464026,212.92179323084613,19.404,0,0,2411,2829,0,0,0,0,NaN,NaN,39.82183429626345,NaN,NaN,NaN,232.0352190376871,20.00561661897214,NaN,NaN,NaN,NaN,NaN,NaN,NaN,NaN,NaN,NaN,1,0,0,0,0,NaN,NaN,39.82183429626345,NaN,NaN,NaN,232.0352190376871,20.00561661897214,NaN,NaN,NaN,NaN,NaN,NaN,NaN,NaN,NaN,NaN,1
2024-02-29,19.287097649476962,23.46,19.068,21.264000000000003,20.179167854705668,209.99572005174926,21.264000000000003,0,0,2411,2830,0,0,0,0,NaN,NaN,42.32783524404903,NaN,NaN,NaN,232.0352190376871,20.57148,NaN,NaN,NaN,NaN,NaN,NaN,NaN,NaN,NaN,NaN,1,0,0,0,0,NaN,NaN,42.32783524404903,NaN,NaN,NaN,232.0352190376871,20.57148,NaN,NaN,NaN,NaN,NaN,NaN,NaN,NaN,NaN,NaN,1
2024-03-01,20.275548824738483,24.648,20.275548824738483,22.93203,20.679688244759184,207.13978585248591,22.93203,0,0,2411,2831,0,0,0,0,NaN,NaN,44.24959348225225,NaN,NaN,NaN,232.0352190376871,21.451291050000002,NaN,NaN,NaN,NaN,NaN,NaN,NaN,NaN,NaN,NaN,1,0,0,0,0,NaN,NaN,44.24959348225225,NaN,NaN,NaN,232.0352190376871,21.451291050000002,NaN,NaN,NaN,NaN,NaN,NaN,NaN,NaN,NaN,NaN,1
2024-03-04,21.60378941236924,24,21.288,22.395000000000003,20.991563109348423,204.31925477076857,22.395000000000003,0,0,2411,2832,0,0,0,0,NaN,NaN,47.49173463869516,NaN,NaN,NaN,232.0352190376871,21.451291050000002,NaN,NaN,NaN,NaN,NaN,NaN,NaN,NaN,NaN,NaN,1,0,0,0,0,NaN,NaN,47.49173463869516,NaN,NaN,NaN,232.0352190376871,21.451291050000002,NaN,NaN,NaN,NaN,NaN,NaN,NaN,NaN,NaN,NaN,1
2024-03-05,21.999394706184624,22.068,20.208,21.237000000000002,21.0361879985578,201.52410584297058,21.237000000000002,0,0,2411,2833,0,0,0,0,NaN,NaN,51.05889041649817,NaN,NaN,NaN,232.0352190376871,21.451291050000002,NaN,NaN,NaN,NaN,NaN,NaN,NaN,NaN,NaN,NaN,1,0,0,0,0,NaN,NaN,51.05889041649817,NaN,NaN,NaN,232.0352190376871,21.451291050000002,NaN,NaN,NaN,NaN,NaN,NaN,NaN,NaN,NaN,NaN,1
2024-03-06,21.618197353092313,25.2,20.34,22.77,21.351426544274563,198.79503552475728,22.77,0,0,2411,2834,0,0,0,0,NaN,NaN,54.52458544083644,NaN,NaN,NaN,232.0352190376871,21.451291050000002,NaN,NaN,NaN,NaN,NaN,NaN,NaN,NaN,NaN,NaN,1,0,0,0,0,NaN,NaN,54.52458544083644,NaN,NaN,NaN,232.0352190376871,21.451291050000002,NaN,NaN,NaN,NaN,NaN,NaN,NaN,NaN,NaN,NaN,1
2024-03-07,22.194098676546155,25.2,22.194098676546155,24.267,21.881530808951915,196.13048536407396,24.267,0,0,2411,2835,0,0,0,0,NaN,NaN,59.504843493109796,NaN,NaN,NaN,232.0352190376871,22.247669486999996,NaN,NaN,NaN,NaN,NaN,NaN,NaN,NaN,NaN,NaN,1,0,0,0,0,NaN,NaN,59.504843493109796,NaN,NaN,NaN,232.0352190376871,22.247669486999996,NaN,NaN,NaN,NaN,NaN,NaN,NaN,NaN,NaN,NaN,1
2024-03-08,23.23054933827308,25.2,23.04,23.856,22.240525207324293,193.5003405493553,23.856,0,0,2411,2836,0,0,0,0,NaN,NaN,64.94831019870527,NaN,NaN,NaN,232.0352190376871,22.247669486999996,NaN,NaN,NaN,NaN,NaN,NaN,NaN,NaN,NaN,NaN,1,0,0,0,0,NaN,NaN,64.94831019870527,NaN,NaN,NaN,232.0352190376871,22.247669486999996,NaN,NaN,NaN,NaN,NaN,NaN,NaN,NaN,NaN,NaN,1
2024-03-11,23.54327466913654,26.4,23.54327466913654,25.101,22.76061153326533,190.92935825089185,25.100999999999996,0,0,2411,2837,0,0,0,0,NaN,NaN,71.4459225756657,NaN,NaN,NaN,232.0352190376871,22.883939233169997,NaN,NaN,NaN,NaN,NaN,NaN,NaN,NaN,NaN,NaN,1,0,0,0,0,NaN,NaN,71.4459225756657,NaN,NaN,NaN,232.0352190376871,22.883939233169997,NaN,NaN,NaN,NaN,NaN,NaN,NaN,NaN,NaN,NaN,1
2024-03-12,24.322137334568268,25.944,24.322137334568268,25.266,23.21613670903527,188.40014667454236,25.266,0,0,2411,2838,0,0,0,0,NaN,NaN,75.50860943212703,NaN,NaN,NaN,232.0352190376871,23.2423865251896,NaN,NaN,NaN,NaN,NaN,NaN,NaN,NaN,NaN,NaN,1,0,0,0,0,NaN,NaN,75.50860943212703,NaN,NaN,NaN,232.0352190376871,23.2423865251896,NaN,NaN,NaN,NaN,NaN,NaN,NaN,NaN,NaN,NaN,1
2024-03-13,24.794068667284133,25.5,22.8,24.105,23.3777482164834,185.89182382454933,24.105,0,0,2411,2839,0,0,0,0,NaN,NaN,73.97855531144025,NaN,NaN,NaN,232.0352190376871,23.2423865251896,NaN,NaN,NaN,NaN,NaN,NaN,NaN,NaN,NaN,NaN,1,0,0,0,0,NaN,NaN,73.97855531144025,NaN,NaN,NaN,232.0352190376871,23.2423865251896,NaN,NaN,NaN,NaN,NaN,NaN,NaN,NaN,NaN,NaN,1
2024-03-14,24.449534333642067,24.449534333642067,20.4,21.816,23.0937939953046,183.38684941501424,21.816,0,0,2411,2840,0,0,0,0,NaN,NaN,76.06928931586343,NaN,NaN,NaN,232.0352190376871,23.2423865251896,NaN,NaN,NaN,NaN,NaN,NaN,NaN,NaN,NaN,NaN,1,0,0,0,0,NaN,NaN,76.06928931586343,NaN,NaN,NaN,232.0352190376871,23.2423865251896,NaN,NaN,NaN,NaN,NaN,NaN,NaN,NaN,NaN,NaN,1
2024-03-15,23.132767166821033,23.132767166821033,19.428,21.012,22.71528599615831,180.90784408043388,21.012,0,0,2411,2841,0,0,0,0,NaN,NaN,75.37818669522841,NaN,NaN,NaN,232.0352190376871,22.81995,NaN,NaN,NaN,NaN,NaN,NaN,NaN,NaN,NaN,NaN,1,0,0,0,0,NaN,NaN,75.37818669522841,NaN,NaN,NaN,232.0352190376871,22.81995,NaN,NaN,NaN,NaN,NaN,NaN,NaN,NaN,NaN,NaN,1
2024-03-18,22.072383583410517,22.8,20.22,21.21,22.441597633220436,178.4697090563051,21.21,0,0,2411,2842,0,0,0,0,NaN,NaN,74.47510989149258,NaN,NaN,NaN,232.0352190376871,22.81995,NaN,NaN,NaN,NaN,NaN,NaN,NaN,NaN,NaN,NaN,1,0,0,0,0,NaN,NaN,74.47510989149258,NaN,NaN,NaN,232.0352190376871,22.81995,NaN,NaN,NaN,NaN,NaN,NaN,NaN,NaN,NaN,NaN,1
2024-03-19,21.64119179170526,21.64119179170526,19.428,20.103,22.016398063543992,176.05189670430045,20.103,0,0,2411,2843,0,0,0,0,NaN,NaN,74.90070777743776,NaN,NaN,NaN,232.0352190376871,22.2975765,NaN,NaN,NaN,NaN,NaN,NaN,NaN,NaN,NaN,NaN,1,0,0,0,0,NaN,NaN,74.90070777743776,NaN,NaN,NaN,232.0352190376871,22.2975765,NaN,NaN,NaN,NaN,NaN,NaN,NaN,NaN,NaN,NaN,1
2024-03-20,20.87209589585263,20.94288,19.8,20.352719999999998,21.71391114289963,173.67481003705922,20.352719999999998,0,0,2411,2844,0,0,0,0,NaN,NaN,73.91834543693643,NaN,NaN,NaN,232.0352190376871,22.2975765,NaN,NaN,NaN,NaN,NaN,NaN,NaN,NaN,NaN,NaN,1,0,0,0,0,NaN,NaN,73.91834543693643,NaN,NaN,NaN,232.0352190376871,22.2975765,NaN,NaN,NaN,NaN,NaN,NaN,NaN,NaN,NaN,NaN,1
2024-03-21,20.612407947926314,21.42,19.8,20.595,21.510472753281515,171.33771370061555,20.595,0,0,2411,2845,0,0,0,0,NaN,NaN,72.97446186294178,NaN,NaN,NaN,232.0352190376871,22.2975765,NaN,NaN,NaN,NaN,NaN,NaN,NaN,NaN,NaN,NaN,1,0,0,0,0,NaN,NaN,72.97446186294178,NaN,NaN,NaN,232.0352190376871,22.2975765,NaN,NaN,NaN,NaN,NaN,NaN,NaN,NaN,NaN,NaN,1
2024-03-22,20.603703973963157,20.676,19.2,19.875,21.213114070866695,169.02530585785806,19.875,0,0,2411,2846,0,0,0,0,NaN,NaN,73.0345603387194,NaN,NaN,NaN,232.0352190376871,22.04506191,NaN,NaN,NaN,NaN,NaN,NaN,NaN,NaN,NaN,NaN,1,0,0,0,0,NaN,NaN,73.0345603387194,NaN,NaN,NaN,232.0352190376871,22.04506191,NaN,NaN,NaN,NaN,NaN,NaN,NaN,NaN,NaN,NaN,1
2024-03-25,20.23935198698158,21.168,19.2,20.046,21.000911512527296,166.7508126386541,20.046,0,0,2411,2847,0,0,0,0,NaN,NaN,73.76635861135064,NaN,NaN,NaN,232.0352190376871,22.04506191,NaN,NaN,NaN,NaN,NaN,NaN,NaN,NaN,NaN,NaN,1,0,0,0,0,NaN,NaN,73.76635861135064,NaN,NaN,NaN,232.0352190376871,22.04506191,NaN,NaN,NaN,NaN,NaN,NaN,NaN,NaN,NaN,NaN,1
2024-03-26,20.14267599349079,21.6,18.708,20.349,20.882382146613242,164.51567046096474,20.349,0,0,2411,2848,0,0,0,0,NaN,NaN,73.0705859768145,NaN,NaN,NaN,232.0352190376871,22.04506191,NaN,NaN,NaN,NaN,NaN,NaN,NaN,NaN,NaN,NaN,1,0,0,0,0,NaN,NaN,73.0705859768145,NaN,NaN,NaN,232.0352190376871,22.04506191,NaN,NaN,NaN,NaN,NaN,NaN,NaN,NaN,NaN,NaN,1
2024-03-27,20.245837996745394,20.245837996745394,19.164,19.815,20.688312665410834,162.30649991957597,19.815,0,0,2411,2849,0,0,0,0,NaN,NaN,72.46317311102783,NaN,NaN,NaN,232.0352190376871,21.817056338100002,NaN,NaN,NaN,NaN,NaN,NaN,NaN,NaN,NaN,NaN,1,0,0,0,0,NaN,NaN,72.46317311102783,NaN,NaN,NaN,232.0352190376871,21.817056338100002,NaN,NaN,NaN,NaN,NaN,NaN,NaN,NaN,NaN,NaN,1
2024-03-28,20.030418998372696,20.030418998372696,18.624,19.113,20.401892180790682,160.1203396154603,19.113,0,0,2411,2850,0,0,0,0,NaN,NaN,72.37770535729928,NaN,NaN,NaN,232.0352190376871,21.183689577528,NaN,NaN,NaN,NaN,NaN,NaN,NaN,NaN,NaN,NaN,1,0,0,0,0,NaN,NaN,72.37770535729928,NaN,NaN,NaN,232.0352190376871,21.183689577528,NaN,NaN,NaN,NaN,NaN,NaN,NaN,NaN,NaN,NaN,1
2024-04-01,19.571709499186348,19.98,18.84,19.5,20.237911784283284,157.9734642014838,19.5,0,0,2411,2851,0,0,0,0,NaN,NaN,71.49447902891815,NaN,NaN,NaN,232.0352190376871,21.183689577528,NaN,NaN,NaN,NaN,NaN,NaN,NaN,NaN,NaN,NaN,1,0,0,0,0,NaN,NaN,71.49447902891815,NaN,NaN,NaN,232.0352190376871,21.183689577528,NaN,NaN,NaN,NaN,NaN,NaN,NaN,NaN,NaN,NaN,1
2024-04-02,19.535854749593174,19.68,18,18.689999999999998,19.95647327804996,155.8469990991711,18.689999999999998,0,0,2411,2852,0,0,0,0,NaN,NaN,71.22423309027221,NaN,NaN,NaN,232.0352190376871,20.629861140898797,NaN,NaN,NaN,NaN,NaN,NaN,NaN,NaN,NaN,NaN,1,0,0,0,0,NaN,NaN,71.22423309027221,NaN,NaN,NaN,232.0352190376871,20.629861140898797,NaN,NaN,NaN,NaN,NaN,NaN,NaN,NaN,NaN,NaN,1
2024-04-03,19.112927374796584,19.112927374796584,18,18.552,19.701114500222694,153.7508922426952,18.552,0,0,2411,2853,0,0,0,0,NaN,NaN,70.61687279765562,NaN,NaN,NaN,232.0352190376871,20.199266135537016,NaN,NaN,NaN,NaN,NaN,NaN,NaN,NaN,NaN,NaN,1,0,0,0,0,NaN,NaN,70.61687279765562,NaN,NaN,NaN,232.0352190376871,20.199266135537016,NaN,NaN,NaN,NaN,NaN,NaN,NaN,NaN,NaN,NaN,1
2024-04-04,18.832463687398292,19.02,18.216,18.549,19.49163913654584,151.68674121608916,18.549,0,0,2411,2854,0,0,0,0,NaN,NaN,70.03349072406878,NaN,NaN,NaN,232.0352190376871,19.851525247074242,NaN,NaN,NaN,NaN,NaN,NaN,NaN,NaN,NaN,NaN,1,0,0,0,0,NaN,NaN,70.03349072406878,NaN,NaN,NaN,232.0352190376871,19.851525247074242,NaN,NaN,NaN,NaN,NaN,NaN,NaN,NaN,NaN,NaN,1
2024-04-05,18.690731843699147,19.08,16.128,17.927999999999997,19.207341111719323,149.64462302958398,17.927999999999997,0,0,2411,2855,0,0,0,0,NaN,NaN,69.53714311747191,NaN,NaN,NaN,232.0352190376871,19.15389918777642,NaN,NaN,NaN,NaN,NaN,NaN,NaN,NaN,NaN,NaN,1,0,0,0,0,NaN,NaN,69.53714311747191,NaN,NaN,NaN,232.0352190376871,19.15389918777642,NaN,NaN,NaN,NaN,NaN,NaN,NaN,NaN,NaN,NaN,1
2024-04-08,18.309365921849572,18.588,17.244,17.874000000000002,18.964915455043084,147.6328577924911,17.874000000000002,0,0,2411,2856,0,0,0,0,NaN,NaN,68.90334974557221,NaN,NaN,NaN,232.0352190376871,18.78861640707679,NaN,NaN,NaN,NaN,NaN,NaN,NaN,NaN,NaN,NaN,1,0,0,0,0,NaN,NaN,68.90334974557221,NaN,NaN,NaN,232.0352190376871,18.78861640707679,NaN,NaN,NaN,NaN,NaN,NaN,NaN,NaN,NaN,NaN,1
2024-04-09,18.091682960924786,18.228,15.96,16.959,18.60020355412616,145.63783706283476,16.959,0,0,2411,2857,0,0,0,0,NaN,NaN,68.59742694711298,NaN,NaN,NaN,232.0352190376871,17.919481484953753,NaN,NaN,NaN,NaN,NaN,NaN,NaN,NaN,NaN,NaN,1,0,0,0,0,NaN,NaN,68.59742694711298,NaN,NaN,NaN,232.0352190376871,17.919481484953753,NaN,NaN,NaN,NaN,NaN,NaN,NaN,NaN,NaN,NaN,1
2024-04-10,17.525341480462394,17.736,15,16.746000000000002,18.26307563519413,143.67002275653195,16.746000000000002,0,0,2411,2858,0,0,0,0,NaN,NaN,68.08858224333521,NaN,NaN,NaN,232.0352190376871,17.460877594919015,NaN,NaN,NaN,NaN,NaN,NaN,NaN,NaN,NaN,NaN,1,0,0,0,0,NaN,NaN,68.08858224333521,NaN,NaN,NaN,232.0352190376871,17.460877594919015,NaN,NaN,NaN,NaN,NaN,NaN,NaN,NaN,NaN,NaN,1
2024-04-11,17.1356707402312,17.63988,15.72,16.82097,18.00087461061338,141.73339599689024,16.82097,0,0,2411,2859,0,0,0,0,NaN,NaN,67.70528859046395,NaN,NaN,NaN,232.0352190376871,17.460877594919015,NaN,NaN,NaN,NaN,NaN,NaN,NaN,NaN,NaN,NaN,1,0,0,0,0,NaN,NaN,67.70528859046395,NaN,NaN,NaN,232.0352190376871,17.460877594919015,NaN,NaN,NaN,NaN,NaN,NaN,NaN,NaN,NaN,NaN,1
2024-04-12,16.978320370115597,20.028,16.68,18.516,18.094533772320037,139.8522143786171,18.516,0,0,2411,2860,0,0,0,0,NaN,NaN,66.88415468950288,NaN,NaN,NaN,232.0352190376871,17.9496,NaN,NaN,NaN,NaN,NaN,NaN,NaN,NaN,NaN,NaN,1,0,0,0,0,NaN,NaN,66.88415468950288,NaN,NaN,NaN,232.0352190376871,17.9496,NaN,NaN,NaN,NaN,NaN,NaN,NaN,NaN,NaN,NaN,1
2024-04-15,17.747160185057798,21.6,17.747160185057798,20.325000000000003,18.500073086443667,138.02737141100462,20.325000000000003,0,0,2411,2861,0,0,0,0,NaN,NaN,64.90902177590063,NaN,NaN,NaN,232.0352190376871,18.898227000000002,NaN,NaN,NaN,NaN,NaN,NaN,NaN,NaN,NaN,NaN,1,0,0,0,0,NaN,NaN,64.90902177590063,NaN,NaN,NaN,232.0352190376871,18.898227000000002,NaN,NaN,NaN,NaN,NaN,NaN,NaN,NaN,NaN,NaN,1
2024-04-16,19.0360800925289,20.376,18.192,19.155,18.619150707090274,136.2125260459511,19.155,0,0,2411,2862,0,0,0,0,NaN,NaN,64.02973550063162,NaN,NaN,NaN,232.0352190376871,18.898227000000002,NaN,NaN,NaN,NaN,NaN,NaN,NaN,NaN,NaN,NaN,1,0,0,0,0,NaN,NaN,64.02973550063162,NaN,NaN,NaN,232.0352190376871,18.898227000000002,NaN,NaN,NaN,NaN,NaN,NaN,NaN,NaN,NaN,NaN,1
2024-04-17,19.09554004626445,19.56,16.836,17.958,18.498941487619316,134.40711343456255,17.958,0,0,2411,2863,0,0,0,0,NaN,NaN,64.76409440448346,NaN,NaN,NaN,232.0352190376871,18.898227000000002,NaN,NaN,NaN,NaN,NaN,NaN,NaN,NaN,NaN,NaN,1,0,0,0,0,NaN,NaN,64.76409440448346,NaN,NaN,NaN,232.0352190376871,18.898227000000002,NaN,NaN,NaN,NaN,NaN,NaN,NaN,NaN,NaN,NaN,1
2024-04-18,18.526770023132222,18.526770023132222,15.78,17.118,18.247861217143075,132.61643994701197,17.118,0,0,2411,2864,0,0,0,0,NaN,NaN,65.60954665796845,NaN,NaN,NaN,232.0352190376871,18.62529,NaN,NaN,NaN,NaN,NaN,NaN,NaN,NaN,NaN,NaN,1,0,0,0,0,NaN,NaN,65.60954665796845,NaN,NaN,NaN,232.0352190376871,18.62529,NaN,NaN,NaN,NaN,NaN,NaN,NaN,NaN,NaN,NaN,1
2024-04-19,17.822385011566112,17.976,16.76472,17.30715,18.07682281402615,130.85599277224844,17.30715,0,0,2411,2865,0,0,0,0,NaN,NaN,66.27988670882738,NaN,NaN,NaN,232.0352190376871,18.62529,NaN,NaN,NaN,NaN,NaN,NaN,NaN,NaN,NaN,NaN,1,0,0,0,0,NaN,NaN,66.27988670882738,NaN,NaN,NaN,232.0352190376871,18.62529,NaN,NaN,NaN,NaN,NaN,NaN,NaN,NaN,NaN,NaN,1
2024-04-22,17.564767505783056,18.024,15.732,17.145,17.907400484203215,129.11994708106909,17.145,0,0,2411,2866,0,0,0,0,NaN,NaN,66.47889460019553,NaN,NaN,NaN,232.0352190376871,18.62529,NaN,NaN,NaN,NaN,NaN,NaN,NaN,NaN,NaN,NaN,1,0,0,0,0,NaN,NaN,66.47889460019553,NaN,NaN,NaN,232.0352190376871,18.62529,NaN,NaN,NaN,NaN,NaN,NaN,NaN,NaN,NaN,NaN,1
2024-04-23,17.354883752891528,17.82,16.128,17.1,17.760600396166268,127.4097188813581,17.1,0,0,2411,2867,0,0,0,0,NaN,NaN,66.5099560280702,NaN,NaN,NaN,232.0352190376871,18.570801300000003,NaN,NaN,NaN,NaN,NaN,NaN,NaN,NaN,NaN,NaN,1,0,0,0,0,NaN,NaN,66.5099560280702,NaN,NaN,NaN,232.0352190376871,18.570801300000003,NaN,NaN,NaN,NaN,NaN,NaN,NaN,NaN,NaN,NaN,1
2024-04-24,17.227441876445766,18,16.2,17.28,17.67321850595422,125.72834912744423,17.28,0,0,2411,2868,0,0,0,0,NaN,NaN,66.03523961513291,NaN,NaN,NaN,232.0352190376871,18.570801300000003,NaN,NaN,NaN,NaN,NaN,NaN,NaN,NaN,NaN,NaN,1,0,0,0,0,NaN,NaN,66.03523961513291,NaN,NaN,NaN,232.0352190376871,18.570801300000003,NaN,NaN,NaN,NaN,NaN,NaN,NaN,NaN,NaN,NaN,1
2024-04-25,17.253720938222884,17.964,16.8,17.294999999999998,17.604451504871633,124.07287814839928,17.294999999999998,0,0,2411,2869,0,0,0,0,NaN,NaN,65.43913049537848,NaN,NaN,NaN,232.0352190376871,18.570801300000003,NaN,NaN,NaN,NaN,NaN,NaN,NaN,NaN,NaN,NaN,1,0,0,0,0,NaN,NaN,65.43913049537848,NaN,NaN,NaN,232.0352190376871,18.570801300000003,NaN,NaN,NaN,NaN,NaN,NaN,NaN,NaN,NaN,NaN,1
2024-04-26,17.274360469111443,18.528,16.8,17.742,17.6294603221677,122.44950596292753,17.742,0,0,2411,2870,0,0,0,0,NaN,NaN,64.54064501510476,NaN,NaN,NaN,232.0352190376871,18.570801300000003,NaN,NaN,NaN,NaN,NaN,NaN,NaN,NaN,NaN,NaN,1,0,0,0,0,NaN,NaN,64.54064501510476,NaN,NaN,NaN,232.0352190376871,18.570801300000003,NaN,NaN,NaN,NaN,NaN,NaN,NaN,NaN,NaN,NaN,1
2024-04-29,17.508180234555724,17.928,17.016,17.43,17.5931948090463,120.8461547268523,17.43,0,0,2411,2871,0,0,0,0,NaN,NaN,63.829364473315934,NaN,NaN,NaN,232.0352190376871,18.570801300000003,NaN,NaN,NaN,NaN,NaN,NaN,NaN,NaN,NaN,NaN,1,0,0,0,0,NaN,NaN,63.829364473315934,NaN,NaN,NaN,232.0352190376871,18.570801300000003,NaN,NaN,NaN,NaN,NaN,NaN,NaN,NaN,NaN,NaN,1
2024-04-30,17.46909011727786,17.724,15.876,16.53,17.399886661946972,119.25354167758738,16.53,0,0,2411,2872,0,0,0,0,NaN,NaN,63.467999615078675,NaN,NaN,NaN,232.0352190376871,18.180453222000004,NaN,NaN,NaN,NaN,NaN,NaN,NaN,NaN,NaN,NaN,1,0,0,0,0,NaN,NaN,63.467999615078675,NaN,NaN,NaN,232.0352190376871,18.180453222000004,NaN,NaN,NaN,NaN,NaN,NaN,NaN,NaN,NaN,NaN,1
2024-05-01,16.99954505863893,18,16.428,17.394,17.398816359774795,117.69843417105933,17.394,0,0,2411,2873,0,0,0,0,NaN,NaN,62.6121622285334,NaN,NaN,NaN,232.0352190376871,18.180453222000004,NaN,NaN,NaN,NaN,NaN,NaN,NaN,NaN,NaN,NaN,1,0,0,0,0,NaN,NaN,62.6121622285334,NaN,NaN,NaN,232.0352190376871,18.180453222000004,NaN,NaN,NaN,NaN,NaN,NaN,NaN,NaN,NaN,NaN,1
2024-05-02,17.196772529319464,17.748,15.6,16.614,17.256122476179378,116.15516036692102,16.614,0,0,2411,2874,0,0,0,0,NaN,NaN,62.32212295707997,NaN,NaN,NaN,232.0352190376871,18.180453222000004,NaN,NaN,NaN,NaN,NaN,NaN,NaN,NaN,NaN,NaN,1,0,0,0,0,NaN,NaN,62.32212295707997,NaN,NaN,NaN,232.0352190376871,18.180453222000004,NaN,NaN,NaN,NaN,NaN,NaN,NaN,NaN,NaN,NaN,1
2024-05-03,16.905386264659732,17.148,16.5,16.752,17.164463844146763,114.63755486513597,16.752,0,0,2411,2875,0,0,0,0,NaN,NaN,62.20024539119399,NaN,NaN,NaN,232.0352190376871,18.180453222000004,NaN,NaN,NaN,NaN,NaN,NaN,NaN,NaN,NaN,NaN,1,0,0,0,0,NaN,NaN,62.20024539119399,NaN,NaN,NaN,232.0352190376871,18.180453222000004,NaN,NaN,NaN,NaN,NaN,NaN,NaN,NaN,NaN,NaN,1
2024-05-06,16.828693132329867,17.4,16.08,16.74,17.08728859975644,113.14293570688962,16.74,0,0,2411,2876,0,0,0,0,NaN,NaN,62.87976069605982,NaN,NaN,NaN,232.0352190376871,18.180453222000004,NaN,NaN,NaN,NaN,NaN,NaN,NaN,NaN,NaN,NaN,1,0,0,0,0,NaN,NaN,62.87976069605982,NaN,NaN,NaN,232.0352190376871,18.180453222000004,NaN,NaN,NaN,NaN,NaN,NaN,NaN,NaN,NaN,NaN,1
2024-05-07,16.784346566164935,16.8,15.876,16.419,16.965781581618906,111.66623439838749,16.419,0,0,2411,2877,0,0,0,0,NaN,NaN,62.95323140820498,NaN,NaN,NaN,232.0352190376871,17.971417432020004,NaN,NaN,NaN,NaN,NaN,NaN,NaN,NaN,NaN,NaN,1,0,0,0,0,NaN,NaN,62.95323140820498,NaN,NaN,NaN,232.0352190376871,17.971417432020004,NaN,NaN,NaN,NaN,NaN,NaN,NaN,NaN,NaN,NaN,1
2024-05-08,16.60167328308247,16.812,16.2,16.584,16.896366748597288,110.21459723199989,16.584,0,0,2411,2878,0,0,0,0,NaN,NaN,62.90392466064758,NaN,NaN,NaN,232.0352190376871,17.971417432020004,NaN,NaN,NaN,NaN,NaN,NaN,NaN,NaN,NaN,NaN,1,0,0,0,0,NaN,NaN,62.90392466064758,NaN,NaN,NaN,232.0352190376871,17.971417432020004,NaN,NaN,NaN,NaN,NaN,NaN,NaN,NaN,NaN,NaN,1
2024-05-09,16.592836641541233,16.8,16.2,16.387500000000003,16.8038455215796,108.78212246509912,16.387500000000003,0,0,2411,2879,0,0,0,0,NaN,NaN,62.686093123558265,NaN,NaN,NaN,232.0352190376871,17.767487340177603,NaN,NaN,NaN,NaN,NaN,NaN,NaN,NaN,NaN,NaN,1,0,0,0,0,NaN,NaN,62.686093123558265,NaN,NaN,NaN,232.0352190376871,17.767487340177603,NaN,NaN,NaN,NaN,NaN,NaN,NaN,NaN,NaN,NaN,1
2024-05-10,16.490168320770618,16.8,15.6,16.227,16.698964517656037,107.36906716028845,16.227,0,0,2411,2880,0,0,0,0,NaN,NaN,62.47928563970627,NaN,NaN,NaN,232.0352190376871,17.468201739150963,NaN,NaN,NaN,NaN,NaN,NaN,NaN,NaN,NaN,NaN,1,0,0,0,0,NaN,NaN,62.47928563970627,NaN,NaN,NaN,232.0352190376871,17.468201739150963,NaN,NaN,NaN,NaN,NaN,NaN,NaN,NaN,NaN,NaN,1
2024-05-13,16.35858416038531,16.548,14.544,15.530999999999999,16.486607332627667,105.96695926471153,15.530999999999999,0,0,2411,2881,0,0,0,0,NaN,NaN,63.059133280229815,NaN,NaN,NaN,232.0352190376871,16.834145426103788,NaN,NaN,NaN,NaN,NaN,NaN,NaN,NaN,NaN,NaN,1,0,0,0,0,NaN,NaN,63.059133280229815,NaN,NaN,NaN,232.0352190376871,16.834145426103788,NaN,NaN,NaN,NaN,NaN,NaN,NaN,NaN,NaN,NaN,1
2024-05-14,15.944792080192654,16.764,13.752,15.432,16.29486054487718,104.58474614616632,15.432,0,0,2411,2882,0,0,0,0,NaN,NaN,63.117744148397826,NaN,NaN,NaN,232.0352190376871,16.500589886621995,NaN,NaN,NaN,NaN,NaN,NaN,NaN,NaN,NaN,NaN,1,0,0,0,0,NaN,NaN,63.117744148397826,NaN,NaN,NaN,232.0352190376871,16.500589886621995,NaN,NaN,NaN,NaN,NaN,NaN,NaN,NaN,NaN,NaN,1
2024-05-15,15.688396040096327,16.512,14.16,15.462,16.143431354899512,103.22409353324775,15.462000000000002,0,0,2411,2883,0,0,0,0,NaN,NaN,62.88075706881594,NaN,NaN,NaN,232.0352190376871,16.500589886621995,NaN,NaN,NaN,NaN,NaN,NaN,NaN,NaN,NaN,NaN,1,0,0,0,0,NaN,NaN,62.88075706881594,NaN,NaN,NaN,232.0352190376871,16.500589886621995,NaN,NaN,NaN,NaN,NaN,NaN,NaN,NaN,NaN,NaN,1
2024-05-16,15.575198020048163,18.6,14.4,16.002000000000002,16.117716563099602,101.89245851747297,16.002000000000002,0,0,2411,2884,0,0,0,0,NaN,NaN,62.61938011418664,NaN,NaN,NaN,232.0352190376871,16.500589886621995,NaN,NaN,NaN,NaN,NaN,NaN,NaN,NaN,NaN,NaN,1,0,0,0,0,NaN,NaN,62.61938011418664,NaN,NaN,NaN,232.0352190376871,16.500589886621995,NaN,NaN,NaN,NaN,NaN,NaN,NaN,NaN,NaN,NaN,1
2024-05-17,15.788599010024083,16.95,12.5615,14.690375,15.858199915263311,100.56112899812224,14.690375,0,0,2411,2885,0,0,0,0,NaN,NaN,62.776364029559105,NaN,NaN,NaN,232.0352190376871,15.784320813832716,NaN,NaN,NaN,NaN,NaN,NaN,NaN,NaN,NaN,NaN,1,0,0,0,0,NaN,NaN,62.776364029559105,NaN,NaN,NaN,232.0352190376871,15.784320813832716,NaN,NaN,NaN,NaN,NaN,NaN,NaN,NaN,NaN,NaN,1
2024-05-20,15.239487005012041,15.239487005012041,11.0625,11.990625,15.155004476124528,99.2089075630364,11.990625,0,0,2411,2886,0,0,0,0,NaN,NaN,63.38713615926122,NaN,NaN,NaN,232.0352190376871,13.774614194097882,NaN,NaN,NaN,NaN,NaN,NaN,NaN,NaN,NaN,NaN,1,0,0,0,0,NaN,NaN,63.38713615926122,NaN,NaN,NaN,232.0352190376871,13.774614194097882,NaN,NaN,NaN,NaN,NaN,NaN,NaN,NaN,NaN,NaN,1
2024-05-21,13.61505600250602,13.61505600250602,10.7,11.310375,14.455980935010977,97.86694523382974,11.310375,0,0,2411,2887,0,0,0,0,NaN,NaN,63.909958809893986,NaN,NaN,NaN,232.0352190376871,12.79725493586852,NaN,NaN,NaN,NaN,NaN,NaN,NaN,NaN,NaN,NaN,1,0,0,0,0,NaN,NaN,63.909958809893986,NaN,NaN,NaN,232.0352190376871,12.79725493586852,NaN,NaN,NaN,NaN,NaN,NaN,NaN,NaN,NaN,NaN,1
2024-05-22,12.46271550125301,12.46271550125301,10.15,10.561499999999999,13.747893492281708,96.53403767300792,10.5615,0,0,2411,2888,0,0,0,0,NaN,NaN,64.54007231714631,NaN,NaN,NaN,232.0352190376871,11.808582682031906,NaN,NaN,NaN,NaN,NaN,NaN,NaN,NaN,NaN,NaN,1,0,0,0,0,NaN,NaN,64.54007231714631,NaN,NaN,NaN,232.0352190376871,11.808582682031906,NaN,NaN,NaN,NaN,NaN,NaN,NaN,NaN,NaN,NaN,1
2024-05-23,11.512107750626505,11.512107750626505,8.85,9.6625,13.005094675503216,95.2077546550994,9.6625,0,0,2411,2889,0,0,0,0,NaN,NaN,65.27945764649984,NaN,NaN,NaN,232.0352190376871,10.74831291650042,NaN,NaN,NaN,NaN,NaN,NaN,NaN,NaN,NaN,NaN,1,0,0,0,0,NaN,NaN,65.27945764649984,NaN,NaN,NaN,232.0352190376871,10.74831291650042,NaN,NaN,NaN,NaN,NaN,NaN,NaN,NaN,NaN,NaN,1
2024-05-24,10.587303875313253,11.4,9.4,10.1875,12.49280473450263,93.90973550005971,10.1875,0,0,2411,2890,0,0,0,0,NaN,NaN,66.07189032775365,NaN,NaN,NaN,232.0352190376871,10.74831291650042,NaN,NaN,NaN,NaN,NaN,NaN,NaN,NaN,NaN,NaN,1,0,0,0,0,NaN,NaN,66.07189032775365,NaN,NaN,NaN,232.0352190376871,10.74831291650042,NaN,NaN,NaN,NaN,NaN,NaN,NaN,NaN,NaN,NaN,1
2024-05-28,10.387401937656627,10.5,10,10.322,12.098112964593062,92.633586866471,10.321999999999997,0,0,2411,2891,0,0,0,0,NaN,NaN,67.56643706459536,NaN,NaN,NaN,232.0352190376871,10.74831291650042,NaN,NaN,NaN,NaN,NaN,NaN,NaN,NaN,NaN,NaN,1,0,0,0,0,NaN,NaN,67.56643706459536,NaN,NaN,NaN,232.0352190376871,10.74831291650042,NaN,NaN,NaN,NaN,NaN,NaN,NaN,NaN,NaN,NaN,1
2024-05-29,10.354700968828313,12.3,10.25,11.075,11.912092425576141,91.38841760133404,11.075,0,0,2411,2892,0,0,0,0,NaN,NaN,69.4818619288441,NaN,NaN,NaN,232.0352190376871,10.74831291650042,NaN,NaN,NaN,NaN,NaN,NaN,NaN,NaN,NaN,NaN,1,0,0,0,0,NaN,NaN,69.4818619288441,NaN,NaN,NaN,232.0352190376871,10.74831291650042,NaN,NaN,NaN,NaN,NaN,NaN,NaN,NaN,NaN,NaN,1
2024-05-30,10.714850484414157,11.6,10.25,11.0875,11.762166530016843,90.16244939368009,11.0875,0,0,2411,2893,0,0,0,0,NaN,NaN,71.43009206782072,NaN,NaN,NaN,232.0352190376871,10.74831291650042,NaN,NaN,NaN,NaN,NaN,NaN,NaN,NaN,NaN,NaN,1,0,0,0,0,NaN,NaN,71.43009206782072,NaN,NaN,NaN,232.0352190376871,10.74831291650042,NaN,NaN,NaN,NaN,NaN,NaN,NaN,NaN,NaN,NaN,1
2024-05-31,10.901175242207078,10.901175242207078,9.8005,10.259125000000001,11.488886251831962,88.94255131133383,10.259125000000003,0,0,2411,2894,0,0,0,0,NaN,NaN,73.43252527784799,NaN,NaN,NaN,232.0352190376871,10.74831291650042,NaN,NaN,NaN,NaN,NaN,NaN,NaN,NaN,NaN,NaN,1,0,0,0,0,NaN,NaN,73.43252527784799,NaN,NaN,NaN,232.0352190376871,10.74831291650042,NaN,NaN,NaN,NaN,NaN,NaN,NaN,NaN,NaN,NaN,1
2024-06-03,10.58015012110354,10.58015012110354,9.325,9.712375,11.165884206044332,87.73293029894705,9.712375,0,0,2411,2895,0,0,0,0,NaN,NaN,75.08148737086125,NaN,NaN,NaN,232.0352190376871,10.74831291650042,NaN,NaN,NaN,NaN,NaN,NaN,NaN,NaN,NaN,NaN,1,0,0,0,0,NaN,NaN,75.08148737086125,NaN,NaN,NaN,232.0352190376871,10.74831291650042,NaN,NaN,NaN,NaN,NaN,NaN,NaN,NaN,NaN,NaN,1
2024-06-04,10.146262560551769,10.146262560551769,8.4005,9.156375,10.800518895854454,86.53328823331428,9.156375,0,0,2411,2896,0,0,0,0,NaN,NaN,77.19318210967214,NaN,NaN,NaN,232.0352190376871,9.973089004065256,NaN,NaN,NaN,NaN,NaN,NaN,NaN,NaN,NaN,NaN,1,0,0,0,0,NaN,NaN,77.19318210967214,NaN,NaN,NaN,232.0352190376871,9.973089004065256,NaN,NaN,NaN,NaN,NaN,NaN,NaN,NaN,NaN,NaN,1
2024-06-05,9.651318780275885,9.651318780275885,8.625,9.09375,10.490197278426372,85.35100520685147,9.09375,0,0,2411,2897,0,0,0,0,NaN,NaN,79.69930618818934,NaN,NaN,NaN,232.0352190376871,9.585605372357849,NaN,NaN,NaN,NaN,NaN,NaN,NaN,NaN,NaN,NaN,1,0,0,0,0,NaN,NaN,79.69930618818934,NaN,NaN,NaN,232.0352190376871,9.585605372357849,NaN,NaN,NaN,NaN,NaN,NaN,NaN,NaN,NaN,NaN,1
2024-06-06,9.372534390137943,9.372534390137943,8.6,8.75,10.17379777325794,84.18152421132702,8.75,0,0,2411,2898,0,0,0,0,NaN,NaN,81.88745190898041,NaN,NaN,NaN,149.18679534218268,9.115051704796816,NaN,NaN,NaN,NaN,NaN,NaN,NaN,NaN,NaN,NaN,1,0,0,0,0,NaN,NaN,81.88745190898041,NaN,NaN,NaN,149.18679534218268,9.115051704796816,NaN,NaN,NaN,NaN,NaN,NaN,NaN,NaN,NaN,NaN,1
2024-06-07,9.061267195068972,9.061267195068972,7.9235,8.368,9.84547090539286,83.02406582642126,8.368,0,0,2411,2899,0,0,0,0,NaN,NaN,84.488039840259,NaN,NaN,NaN,140.6693816927639,8.657146886494345,NaN,NaN,NaN,NaN,NaN,NaN,NaN,NaN,NaN,NaN,1,0,0,0,0,NaN,NaN,84.488039840259,NaN,NaN,NaN,140.6693816927639,8.657146886494345,NaN,NaN,NaN,NaN,NaN,NaN,NaN,NaN,NaN,NaN,1
2024-06-10,8.714633597534487,8.714633597534487,7.75,7.975,9.505385286230522,81.87827856189575,7.975,0,0,2411,2900,0,0,0,0,NaN,NaN,86.79470059663811,NaN,NaN,NaN,139.6233153282785,8.21296697438223,NaN,NaN,NaN,NaN,NaN,NaN,NaN,NaN,NaN,NaN,1,0,0,0,0,NaN,NaN,86.79470059663811,NaN,NaN,NaN,139.6233153282785,8.21296697438223,NaN,NaN,NaN,NaN,NaN,NaN,NaN,NaN,NaN,NaN,1
2024-06-11,8.344816798767244,15.25,7.35,10.9625,9.77031523418861,80.79559491972941,10.9625,0,0,2411,2901,0,0,0,0,NaN,NaN,88.59814666510064,NaN,NaN,NaN,139.6233153282785,10.275375,NaN,NaN,NaN,NaN,NaN,NaN,NaN,NaN,NaN,NaN,1,0,0,0,0,NaN,NaN,88.59814666510064,NaN,NaN,NaN,139.6233153282785,10.275375,NaN,NaN,NaN,NaN,NaN,NaN,NaN,NaN,NaN,NaN,1
2024-06-12,9.653658399383623,17.7995,9.653658399383623,14.062375,10.550689737063408,79.77676713469538,14.062375,0,0,2411,2902,0,0,0,0,NaN,NaN,87.73087841761001,NaN,NaN,NaN,139.6233153282785,11.892424375000001,NaN,NaN,NaN,NaN,NaN,NaN,NaN,NaN,NaN,NaN,1,0,0,0,0,NaN,NaN,87.73087841761001,NaN,NaN,NaN,139.6233153282785,11.892424375000001,NaN,NaN,NaN,NaN,NaN,NaN,NaN,NaN,NaN,NaN,1
2024-06-13,11.858016699691811,21.1,11.2,14.6,11.286927966688243,78.78170198760078,14.6,0,0,2411,2903,0,0,0,0,NaN,NaN,85.76200582592898,NaN,NaN,NaN,139.6233153282785,12.3075626625,NaN,NaN,NaN,NaN,NaN,NaN,NaN,NaN,NaN,NaN,1,0,0,0,0,NaN,NaN,85.76200582592898,NaN,NaN,NaN,139.6233153282785,12.3075626625,NaN,NaN,NaN,NaN,NaN,NaN,NaN,NaN,NaN,NaN,1
2024-06-14,13.229008349845905,19,13.0505,15.037625,11.968872881835836,77.80850997252291,15.037625,0,0,2411,2904,0,0,0,0,NaN,NaN,83.48387678665789,NaN,NaN,NaN,139.6233153282785,12.752387647875,NaN,NaN,NaN,NaN,NaN,NaN,NaN,NaN,NaN,NaN,1,0,0,0,0,NaN,NaN,83.48387678665789,NaN,NaN,NaN,139.6233153282785,12.752387647875,NaN,NaN,NaN,NaN,NaN,NaN,NaN,NaN,NaN,NaN,1
2024-06-17,14.133316674922952,14.133316674922952,11.4,12.711875000000001,12.103964176047501,76.81466821721722,12.711875000000001,0,0,2411,2905,0,0,0,0,NaN,NaN,83.09638050582464,NaN,NaN,NaN,139.6233153282785,12.752387647875,NaN,NaN,NaN,NaN,NaN,NaN,NaN,NaN,NaN,NaN,1,0,0,0,0,NaN,NaN,83.09638050582464,NaN,NaN,NaN,139.6233153282785,12.752387647875,NaN,NaN,NaN,NaN,NaN,NaN,NaN,NaN,NaN,NaN,1
2024-06-18,13.422595837461476,13.75,10.9005,12.437625,12.164629780402501,75.83181259558032,12.437625,0,0,2411,2906,0,0,0,0,NaN,NaN,82.23250174583954,NaN,NaN,NaN,139.6233153282785,12.752387647875,NaN,NaN,NaN,NaN,NaN,NaN,NaN,NaN,NaN,NaN,1,0,0,0,0,NaN,NaN,82.23250174583954,NaN,NaN,NaN,139.6233153282785,12.752387647875,NaN,NaN,NaN,NaN,NaN,NaN,NaN,NaN,NaN,NaN,1
2024-06-20,12.930110418730738,14.35,12.7005,13.387625,12.386992547602047,74.87846622007527,13.387625,0,0,2411,2907,0,0,0,0,NaN,NaN,80.53450524755101,NaN,NaN,NaN,139.6233153282785,12.752387647875,NaN,NaN,NaN,NaN,NaN,NaN,NaN,NaN,NaN,NaN,1,0,0,0,0,NaN,NaN,80.53450524755101,NaN,NaN,NaN,139.6233153282785,12.752387647875,NaN,NaN,NaN,NaN,NaN,NaN,NaN,NaN,NaN,NaN,1
2024-06-21,13.158867709365369,13.8495,12.605,13.388625000000001,12.56910753894713,73.93969001824206,13.388625000000001,0,0,2411,2908,0,0,0,0,NaN,NaN,78.76068032223638,NaN,NaN,NaN,139.6233153282785,12.752387647875,NaN,NaN,NaN,NaN,NaN,NaN,NaN,NaN,NaN,NaN,1,0,0,0,0,NaN,NaN,78.76068032223638,NaN,NaN,NaN,139.6233153282785,12.752387647875,NaN,NaN,NaN,NaN,NaN,NaN,NaN,NaN,NaN,NaN,1
2024-06-24,13.273746354682686,17.25,12.96,14.877500000000001,12.98881525913856,73.03797719353608,14.877500000000001,0,0,2411,2909,0,0,0,0,NaN,NaN,75.80760635814464,NaN,NaN,NaN,139.6233153282785,12.752387647875,NaN,NaN,NaN,NaN,NaN,NaN,NaN,NaN,NaN,NaN,1,0,0,0,0,NaN,NaN,75.80760635814464,NaN,NaN,NaN,139.6233153282785,12.752387647875,NaN,NaN,NaN,NaN,NaN,NaN,NaN,NaN,NaN,NaN,1
2024-06-25,14.075623177341344,16.65,14.075623177341344,15.799999999999999,13.499939757477003,72.16411494630653,15.799999999999999,0,0,2411,2910,0,0,0,0,NaN,NaN,71.90709428045888,NaN,NaN,NaN,139.6233153282785,13.45354613013,NaN,NaN,NaN,NaN,NaN,NaN,NaN,NaN,NaN,NaN,1,0,0,0,0,NaN,NaN,71.90709428045888,NaN,NaN,NaN,139.6233153282785,13.45354613013,NaN,NaN,NaN,NaN,NaN,NaN,NaN,NaN,NaN,NaN,1
2024-06-26,14.937811588670671,15.45,13.4,14.549999999999999,13.690859801572094,71.28451013796597,14.55,0,0,2411,2911,0,0,0,0,NaN,NaN,68.97694741949284,NaN,NaN,NaN,139.6233153282785,13.45354613013,NaN,NaN,NaN,NaN,NaN,NaN,NaN,NaN,NaN,NaN,1,0,0,0,0,NaN,NaN,68.97694741949284,NaN,NaN,NaN,139.6233153282785,13.45354613013,NaN,NaN,NaN,NaN,NaN,NaN,NaN,NaN,NaN,NaN,1
2024-06-27,14.743905794335335,14.743905794335335,13,13.55,13.665248928558986,70.40306723509626,13.55,0,0,2411,2912,0,0,0,0,NaN,NaN,66.90940441774423,NaN,NaN,NaN,139.6233153282785,13.45354613013,NaN,NaN,NaN,NaN,NaN,NaN,NaN,NaN,NaN,NaN,1,0,0,0,0,NaN,NaN,66.90940441774423,NaN,NaN,NaN,139.6233153282785,13.45354613013,NaN,NaN,NaN,NaN,NaN,NaN,NaN,NaN,NaN,NaN,1
2024-06-28,14.146952897167669,29.9,12.31,17.5125,14.364749123366444,69.59557765898792,17.5125,0,0,2411,2913,0,0,0,0,NaN,NaN,60.65577637381706,NaN,NaN,NaN,139.6233153282785,14.7902017106105,NaN,NaN,NaN,NaN,NaN,NaN,NaN,NaN,NaN,NaN,1,0,0,0,0,NaN,NaN,60.65577637381706,NaN,NaN,NaN,139.6233153282785,14.7902017106105,NaN,NaN,NaN,NaN,NaN,NaN,NaN,NaN,NaN,NaN,1
2024-07-01,15.829726448583834,19.7,14.0617,16.627925,14.776235646390727,68.78691120617894,16.627925,0,0,2411,2914,0,0,0,0,NaN,NaN,55.503487701384444,NaN,NaN,NaN,139.6233153282785,14.7902017106105,NaN,NaN,NaN,NaN,NaN,NaN,NaN,NaN,NaN,NaN,1,0,0,0,0,NaN,NaN,55.503487701384444,NaN,NaN,NaN,139.6233153282785,14.7902017106105,NaN,NaN,NaN,NaN,NaN,NaN,NaN,NaN,NaN,NaN,1
2024-07-02,16.228825724291916,19.98,16.228825724291916,17.932499999999997,15.350101892501504,68.01050798165713,17.932499999999997,0,0,2411,2915,0,0,0,0,NaN,NaN,49.190045801592724,NaN,NaN,NaN,139.6233153282785,15.528015402700609,NaN,NaN,NaN,NaN,NaN,NaN,NaN,NaN,NaN,NaN,1,0,0,0,0,NaN,NaN,49.190045801592724,NaN,NaN,NaN,139.6233153282785,15.528015402700609,NaN,NaN,NaN,NaN,NaN,NaN,NaN,NaN,NaN,NaN,1
2024-07-03,17.080662862145957,20.9901,17.080662862145957,19.357525000000003,16.07872427568305,67.26771434834939,19.357525000000003,0,0,2411,2916,0,0,0,0,NaN,NaN,41.232717050759945,NaN,NaN,NaN,139.6233153282785,16.89509729313348,NaN,NaN,NaN,NaN,NaN,NaN,NaN,NaN,NaN,NaN,1,0,0,0,0,NaN,NaN,41.232717050759945,NaN,NaN,NaN,139.6233153282785,16.89509729313348,NaN,NaN,NaN,NaN,NaN,NaN,NaN,NaN,NaN,NaN,1
2024-07-05,18.21909393107298,19.5099,15.02,17.257475,16.293042589195224,66.50419924379443,17.257475,0,0,2411,2917,0,0,0,0,NaN,NaN,36.061007613575406,NaN,NaN,NaN,139.6233153282785,16.89509729313348,NaN,NaN,NaN,NaN,NaN,NaN,NaN,NaN,NaN,NaN,1,0,0,0,0,NaN,NaN,36.061007613575406,NaN,NaN,NaN,139.6233153282785,16.89509729313348,NaN,NaN,NaN,NaN,NaN,NaN,NaN,NaN,NaN,NaN,1
2024-07-08,17.738284465536488,17.738284465536488,15.5801,16.220000000000002,16.279762118432455,65.73650154541589,16.220000000000002,0,0,2411,2918,0,0,0,0,NaN,NaN,32.31943531264319,NaN,NaN,NaN,139.6233153282785,16.89509729313348,NaN,NaN,NaN,NaN,NaN,NaN,NaN,NaN,NaN,NaN,1,0,0,0,0,NaN,NaN,32.31943531264319,NaN,NaN,NaN,139.6233153282785,16.89509729313348,NaN,NaN,NaN,NaN,NaN,NaN,NaN,NaN,NaN,NaN,1
2024-07-09,16.979142232768247,16.979142232768247,15.02,15.404999999999998,16.120714460535645,64.9680816744935,15.404999999999996,0,0,2411,2919,0,0,0,0,NaN,NaN,29.234222320773362,NaN,NaN,NaN,139.6233153282785,16.89509729313348,NaN,NaN,NaN,NaN,NaN,NaN,NaN,NaN,NaN,NaN,1,0,0,0,0,NaN,NaN,29.234222320773362,NaN,NaN,NaN,139.6233153282785,16.89509729313348,NaN,NaN,NaN,NaN,NaN,NaN,NaN,NaN,NaN,NaN,1
2024-07-10,16.19207111638412,16.19207111638412,12,13.5125,15.646493649529164,64.18250027488291,13.5125,0,0,2411,2920,0,0,0,0,NaN,NaN,27.37546951392486,NaN,NaN,NaN,139.6233153282785,15.7336095,NaN,NaN,NaN,NaN,NaN,NaN,NaN,NaN,NaN,NaN,1,0,0,0,0,NaN,NaN,27.37546951392486,NaN,NaN,NaN,139.6233153282785,15.7336095,NaN,NaN,NaN,NaN,NaN,NaN,NaN,NaN,NaN,NaN,1
2024-07-11,14.85228555819206,14.85228555819206,10.8801,11.650025,14.919862985978407,63.38047775160226,11.650025,0,0,2411,2921,0,0,0,0,NaN,NaN,26.75294302504915,NaN,NaN,NaN,139.6233153282785,14.70780159,NaN,NaN,NaN,NaN,NaN,NaN,NaN,NaN,NaN,NaN,1,0,0,0,0,NaN,NaN,26.75294302504915,NaN,NaN,NaN,139.6233153282785,14.70780159,NaN,NaN,NaN,NaN,NaN,NaN,NaN,NaN,NaN,NaN,1
2024-07-12,13.251155279096029,13.251155279096029,10.7428,11.425675000000002,14.284556079436879,62.587274656157945,11.425675000000002,0,0,2411,2922,0,0,0,0,NaN,NaN,26.46140926757069,NaN,NaN,NaN,139.6233153282785,14.405429494600002,NaN,NaN,NaN,NaN,NaN,NaN,NaN,NaN,NaN,NaN,1,0,0,0,0,NaN,NaN,26.46140926757069,NaN,NaN,NaN,139.6233153282785,14.405429494600002,NaN,NaN,NaN,NaN,NaN,NaN,NaN,NaN,NaN,NaN,1
2024-07-15,12.338415139548015,12.338415139548015,10.5,11.342500000000001,13.749636792266537,61.8049116843082,11.342500000000001,0,0,2411,2923,0,0,0,0,NaN,NaN,25.927888979673458,NaN,NaN,NaN,139.6233153282785,14.091921215086002,NaN,NaN,NaN,NaN,NaN,NaN,NaN,NaN,NaN,NaN,1,0,0,0,0,NaN,NaN,25.927888979673458,NaN,NaN,NaN,139.6233153282785,14.091921215086002,NaN,NaN,NaN,NaN,NaN,NaN,NaN,NaN,NaN,NaN,1
2024-07-16,11.840457569774008,11.840457569774008,9.83,10.194975,13.103334648218077,61.016973719662275,10.194975,0,0,2411,2924,0,0,0,0,NaN,NaN,26.2181757431832,NaN,NaN,NaN,139.6233153282785,13.119376669275681,NaN,NaN,NaN,NaN,NaN,NaN,NaN,NaN,NaN,NaN,1,0,0,0,0,NaN,NaN,26.2181757431832,NaN,NaN,NaN,139.6233153282785,13.119376669275681,NaN,NaN,NaN,NaN,NaN,NaN,NaN,NaN,NaN,NaN,1
2024-07-17,11.017716284887005,11.017716284887005,9.0617,9.534200000000002,12.45440107581479,60.23097717432392,9.534200000000002,0,0,2411,2925,0,0,0,0,NaN,NaN,26.747286387641626,NaN,NaN,NaN,139.6233153282785,12.300770793884329,NaN,NaN,NaN,NaN,NaN,NaN,NaN,NaN,NaN,NaN,1,0,0,0,0,NaN,NaN,26.747286387641626,NaN,NaN,NaN,139.6233153282785,12.300770793884329,NaN,NaN,NaN,NaN,NaN,NaN,NaN,NaN,NaN,NaN,1
2024-07-18,10.275958142443503,10.275958142443503,8.81,9.055875,11.836487243848465,59.44967790448691,9.055875,0,0,2411,2926,0,0,0,0,NaN,NaN,27.353582855131613,NaN,NaN,NaN,139.6233153282785,11.52057630098515,NaN,NaN,NaN,NaN,NaN,NaN,NaN,NaN,NaN,NaN,1,0,0,0,0,NaN,NaN,27.353582855131613,NaN,NaN,NaN,139.6233153282785,11.52057630098515,NaN,NaN,NaN,NaN,NaN,NaN,NaN,NaN,NaN,NaN,1
2024-07-19,9.665916571221752,9.665916571221752,7.79,8.4575,11.222125926785107,58.671171371593985,8.4575,0,0,2411,2927,0,0,0,0,NaN,NaN,28.376929678069658,NaN,NaN,NaN,139.6233153282785,10.640972152778268,NaN,NaN,NaN,NaN,NaN,NaN,NaN,NaN,NaN,NaN,1,0,0,0,0,NaN,NaN,28.376929678069658,NaN,NaN,NaN,139.6233153282785,10.640972152778268,NaN,NaN,NaN,NaN,NaN,NaN,NaN,NaN,NaN,NaN,1
2024-07-22,9.061708285610877,9.061708285610877,7.71,8.0724,10.649448485551451,57.89867104531011,8.0724,0,0,2411,2928,0,0,0,0,NaN,NaN,29.444541389234363,NaN,NaN,NaN,139.6233153282785,9.878176836111486,NaN,NaN,NaN,NaN,NaN,NaN,NaN,NaN,NaN,NaN,1,0,0,0,0,NaN,NaN,29.444541389234363,NaN,NaN,NaN,139.6233153282785,9.878176836111486,NaN,NaN,NaN,NaN,NaN,NaN,NaN,NaN,NaN,NaN,1
2024-07-23,8.56705414280544,10.13,7.6501,8.442525000000002,10.248189669996641,57.143615380496215,8.442525000000002,0,0,2411,2929,0,0,0,0,NaN,NaN,30.77090943774316,NaN,NaN,NaN,139.6233153282785,9.878176836111486,NaN,NaN,NaN,NaN,NaN,NaN,NaN,NaN,NaN,NaN,1,0,0,0,0,NaN,NaN,30.77090943774316,NaN,NaN,NaN,139.6233153282785,9.878176836111486,NaN,NaN,NaN,NaN,NaN,NaN,NaN,NaN,NaN,NaN,1
2024-07-24,8.504789571402721,11.03,7.78,8.9,10.003064275451797,56.4070716342291,8.9,0,0,2411,2930,0,0,0,0,NaN,NaN,31.93727170934916,NaN,NaN,NaN,139.6233153282785,9.878176836111486,NaN,NaN,NaN,NaN,NaN,NaN,NaN,NaN,NaN,NaN,1,0,0,0,0,NaN,NaN,31.93727170934916,NaN,NaN,NaN,139.6233153282785,9.878176836111486,NaN,NaN,NaN,NaN,NaN,NaN,NaN,NaN,NaN,NaN,1
2024-07-25,8.702394785701362,9.3,7.9,8.907499999999999,9.803870770824197,55.68188733446988,8.907499999999999,0,0,2411,2931,0,0,0,0,NaN,NaN,32.951165703021346,NaN,NaN,NaN,139.6233153282785,9.878176836111486,NaN,NaN,NaN,NaN,NaN,NaN,NaN,NaN,NaN,NaN,1,0,0,0,0,NaN,NaN,32.951165703021346,NaN,NaN,NaN,139.6233153282785,9.878176836111486,NaN,NaN,NaN,NaN,NaN,NaN,NaN,NaN,NaN,NaN,1
2024-07-26,8.80494739285068,9.1536,8.5801,8.88015,9.635921539765253,54.9673569934856,8.88015,0,0,2411,2932,0,0,0,0,NaN,NaN,33.00784762505864,NaN,NaN,NaN,139.6233153282785,9.878176836111486,NaN,NaN,NaN,NaN,NaN,NaN,NaN,NaN,NaN,NaN,1,0,0,0,0,NaN,NaN,33.00784762505864,NaN,NaN,NaN,139.6233153282785,9.878176836111486,NaN,NaN,NaN,NaN,NaN,NaN,NaN,NaN,NaN,NaN,1
2024-07-29,8.84254869642534,8.96,8.59,8.775,9.479390350717026,54.26213016915758,8.775,0,0,2411,2933,0,0,0,0,NaN,NaN,32.3431538845716,NaN,NaN,NaN,139.6233153282785,9.878176836111486,NaN,NaN,NaN,NaN,NaN,NaN,NaN,NaN,NaN,NaN,1,0,0,0,0,NaN,NaN,32.3431538845716,NaN,NaN,NaN,139.6233153282785,9.878176836111486,NaN,NaN,NaN,NaN,NaN,NaN,NaN,NaN,NaN,NaN,1
2024-07-30,8.808774348212669,8.808774348212669,5.32,6.9625,9.02177392331393,53.53999841084983,6.9625,0,0,2411,2934,0,0,0,0,NaN,NaN,32.60358910986394,NaN,NaN,NaN,139.6233153282785,8.685830590361384,NaN,NaN,NaN,NaN,NaN,NaN,NaN,NaN,NaN,NaN,1,0,0,0,0,NaN,NaN,32.60358910986394,NaN,NaN,NaN,139.6233153282785,8.685830590361384,NaN,NaN,NaN,NaN,NaN,NaN,NaN,NaN,NaN,NaN,1
2024-07-31,7.885637174106335,7.885637174106335,4.85,5.220000000000001,8.330542300893216,52.80228851144754,5.220000000000001,0,0,2411,2935,0,0,0,0,NaN,NaN,33.65466338491471,NaN,NaN,NaN,139.6233153282785,7.036206413252969,NaN,NaN,NaN,NaN,NaN,NaN,NaN,NaN,NaN,NaN,1,0,0,0,0,NaN,NaN,33.65466338491471,NaN,NaN,NaN,139.6233153282785,7.036206413252969,NaN,NaN,NaN,NaN,NaN,NaN,NaN,NaN,NaN,NaN,1
2024-08-01,6.552818587053167,6.552818587053167,4.25,4.714975,7.67316642800354,52.0681310532575,4.714975,0,0,2411,2936,0,0,0,0,NaN,NaN,35.07752841661967,NaN,NaN,NaN,139.6233153282785,6.1010166718794885,NaN,NaN,NaN,NaN,NaN,NaN,NaN,NaN,NaN,NaN,1,0,0,0,0,NaN,NaN,35.07752841661967,NaN,NaN,NaN,139.6233153282785,6.1010166718794885,NaN,NaN,NaN,NaN,NaN,NaN,NaN,NaN,NaN,NaN,1
2024-08-02,5.633896793526583,5.633896793526583,3.62,3.9700000000000006,6.999863441093805,51.33380844175739,3.9700000000000006,0,0,2411,2937,0,0,0,0,NaN,NaN,36.41418897842683,NaN,NaN,NaN,139.6233153282785,5.0954586700028734,NaN,NaN,NaN,NaN,NaN,NaN,NaN,NaN,NaN,NaN,1,0,0,0,0,NaN,NaN,36.41418897842683,NaN,NaN,NaN,139.6233153282785,5.0954586700028734,NaN,NaN,NaN,NaN,NaN,NaN,NaN,NaN,NaN,NaN,1
2024-08-05,4.801948396763292,4.801948396763292,2.885,3.38375,6.3423882699858405,50.60174648081453,3.38375,0,0,2411,2938,0,0,0,0,NaN,NaN,37.797129304715845,NaN,NaN,NaN,139.6233153282785,4.249086038701753,NaN,NaN,NaN,NaN,NaN,NaN,NaN,NaN,NaN,NaN,1,0,0,0,0,NaN,NaN,37.797129304715845,NaN,NaN,NaN,139.6233153282785,4.249086038701753,NaN,NaN,NaN,NaN,NaN,NaN,NaN,NaN,NaN,NaN,1
2024-08-06,4.092849198381646,4.092849198381646,2.86,3.1999999999999997,5.771044948170233,49.8780556948479,3.1999999999999997,0,0,2411,2939,0,0,0,0,NaN,NaN,39.12682044406959,NaN,NaN,NaN,139.6233153282785,3.7551824024470157,NaN,NaN,NaN,NaN,NaN,NaN,NaN,NaN,NaN,NaN,1,0,0,0,0,NaN,NaN,39.12682044406959,NaN,NaN,NaN,139.6233153282785,3.7551824024470157,NaN,NaN,NaN,NaN,NaN,NaN,NaN,NaN,NaN,NaN,1
2024-08-07,3.646424599190823,3.73,2.6,3.1125000000000003,5.287673139412009,49.16407774530824,3.1125000000000003,0,0,2411,2940,0,0,0,0,NaN,NaN,40.29390836605184,NaN,NaN,NaN,139.6233153282785,3.441912821345859,NaN,NaN,NaN,NaN,NaN,NaN,NaN,NaN,NaN,NaN,1,0,0,0,0,NaN,NaN,40.29390836605184,NaN,NaN,NaN,139.6233153282785,3.441912821345859,NaN,NaN,NaN,NaN,NaN,NaN,NaN,NaN,NaN,NaN,1
2024-08-08,3.379462299595412,3.379462299595412,2.49,2.85015,4.844487114064371,48.456994878967656,2.85015,0,0,2411,2941,0,0,0,0,NaN,NaN,41.39154872791478,NaN,NaN,NaN,139.6233153282785,3.0896556670998465,NaN,NaN,NaN,NaN,NaN,NaN,NaN,NaN,NaN,NaN,1,0,0,0,0,NaN,NaN,41.39154872791478,NaN,NaN,NaN,139.6233153282785,3.0896556670998465,NaN,NaN,NaN,NaN,NaN,NaN,NaN,NaN,NaN,NaN,1
2024-08-09,3.114806149797706,3.114806149797706,1.8905,2.262625,4.37505763877994,47.75173732356357,2.262625,0,0,2411,2942,0,0,0,0,NaN,NaN,42.29551154421569,NaN,NaN,NaN,139.6233153282785,2.5239264018789247,NaN,NaN,NaN,NaN,NaN,NaN,NaN,NaN,NaN,NaN,1,0,0,0,0,NaN,NaN,42.29551154421569,NaN,NaN,NaN,139.6233153282785,2.5239264018789247,NaN,NaN,NaN,NaN,NaN,NaN,NaN,NaN,NaN,NaN,1
2024-08-12,2.688715574898853,3.8,2.34,2.86375,4.100274431729042,47.06642453999771,2.86375,0,0,2411,2943,0,0,0,0,NaN,NaN,43.13592025360208,NaN,NaN,NaN,139.6233153282785,2.72549125,NaN,NaN,NaN,NaN,NaN,NaN,NaN,NaN,NaN,NaN,1,0,0,0,0,NaN,NaN,43.13592025360208,NaN,NaN,NaN,139.6233153282785,2.72549125,NaN,NaN,NaN,NaN,NaN,NaN,NaN,NaN,NaN,NaN,1