time,open,high,low,close,EMA10,EMA130,VWAP,Bull_window,Bear_window,Plot,Plot,Bullish,Bullish+,Bearish,Bearish+,Bullish Exit,Bearish Exit,Trend Strength,Take Profit,Stop Loss,Bar Color Value,Trend Tracer,Trend Catcher,Smart Trail,Smart Trail Extremity,RZ R3 Band,RZ R2 Band,RZ R1 Band,RZ S1 Band,RZ S2 Band,RZ S3 Band,Neo Lead,Neo Lag,Custom Alert Condition Highlighter,Bullish,Bullish+,Bearish,Bearish+,Bullish Exit,Bearish Exit,Trend Strength,Take Profit,Stop Loss,Bar Color Value,Trend Tracer,Trend Catcher,Smart Trail,Smart Trail Extremity,RZ R3 Band,RZ R2 Band,RZ R1 Band,RZ S1 Band,RZ S2 Band,RZ S3 Band,Neo Lead,Neo Lag,Custom Alert Condition Highlighter
2021-07-22,9.525,11.5,9,9.8875,NaN,NaN,9.8875,0,0,NaN,NaN,0,0,0,0,NaN,NaN,NaN,NaN,NaN,NaN,9.8875,9.8875,NaN,NaN,NaN,NaN,NaN,NaN,NaN,NaN,NaN,NaN,1,0,0,0,0,NaN,NaN,NaN,NaN,NaN,NaN,9.8875,9.8875,NaN,NaN,NaN,NaN,NaN,NaN,NaN,NaN,NaN,NaN,1
2021-07-23,9.70625,11.2,9.70625,10.638750000000002,NaN,NaN,10.638750000000002,0,0,NaN,NaN,0,0,0,0,NaN,NaN,NaN,NaN,NaN,NaN,10.638750000000002,10.27439375,NaN,NaN,NaN,NaN,NaN,NaN,NaN,NaN,NaN,NaN,1,0,0,0,0,NaN,NaN,NaN,NaN,NaN,NaN,10.638750000000002,10.27439375,NaN,NaN,NaN,NaN,NaN,NaN,NaN,NaN,NaN,NaN,1
2021-07-26,10.172500000000001,11.9968,10.172500000000001,11.4267,NaN,NaN,11.4267,0,0,NaN,NaN,0,0,0,0,11.9968,NaN,NaN,NaN,NaN,NaN,11.4267,10.691118687499998,NaN,NaN,NaN,NaN,NaN,NaN,NaN,NaN,NaN,NaN,1,0,0,0,0,11.9968,NaN,NaN,NaN,NaN,NaN,11.4267,10.691118687499998,NaN,NaN,NaN,NaN,NaN,NaN,NaN,NaN,NaN,NaN,1
2021-07-27,10.799600000000002,12.12,10.799600000000002,11.563749999999999,NaN,NaN,11.563749999999997,0,0,NaN,NaN,0,0,0,0,12.12,NaN,NaN,NaN,NaN,NaN,11.563749999999999,10.807890066249998,NaN,NaN,NaN,NaN,NaN,NaN,NaN,NaN,NaN,NaN,1,0,0,0,0,12.12,NaN,NaN,NaN,NaN,NaN,11.563749999999999,10.807890066249998,NaN,NaN,NaN,NaN,NaN,NaN,NaN,NaN,NaN,NaN,1
2021-07-28,11.181675,11.24,10.56,11.002500000000001,NaN,NaN,11.002500000000001,0,0,NaN,NaN,0,0,1,0,NaN,NaN,NaN,NaN,NaN,NaN,11.002500000000001,10.807890066249998,NaN,NaN,NaN,NaN,NaN,NaN,NaN,NaN,NaN,NaN,1,0,0,1,0,NaN,NaN,NaN,NaN,NaN,NaN,11.002500000000001,10.807890066249998,NaN,NaN,NaN,NaN,NaN,NaN,NaN,NaN,NaN,NaN,1
2021-07-29,11.092087500000002,14,11.092087500000002,12.5725,NaN,NaN,12.5725,0,0,NaN,NaN,1,0,0,0,NaN,NaN,NaN,NaN,NaN,NaN,12.5725,11.425686210287498,NaN,NaN,NaN,NaN,NaN,NaN,NaN,NaN,NaN,NaN,1,1,0,0,0,NaN,NaN,NaN,NaN,NaN,NaN,12.5725,11.425686210287498,NaN,NaN,NaN,NaN,NaN,NaN,NaN,NaN,NaN,NaN,1
2021-07-30,11.832293750000002,16.9687,11.832293750000002,14.097175,NaN,NaN,14.097175,0,0,NaN,NaN,0,0,0,0,NaN,NaN,NaN,NaN,NaN,NaN,14.097175,12.417121865052998,NaN,NaN,NaN,NaN,NaN,NaN,NaN,NaN,NaN,NaN,1,0,0,0,0,NaN,NaN,NaN,NaN,NaN,NaN,14.097175,12.417121865052998,NaN,NaN,NaN,NaN,NaN,NaN,NaN,NaN,NaN,NaN,1
2021-08-02,12.964734375,15.99,12.964734375,15.1075,NaN,NaN,15.107499999999998,0,0,NaN,NaN,0,0,0,0,NaN,NaN,NaN,NaN,NaN,NaN,15.1075,13.250066710295048,NaN,NaN,NaN,NaN,NaN,NaN,NaN,NaN,NaN,NaN,1,0,0,0,0,NaN,NaN,NaN,NaN,NaN,NaN,15.1075,13.250066710295048,NaN,NaN,NaN,NaN,NaN,NaN,NaN,NaN,NaN,NaN,1
2021-08-03,14.0361171875,15.3,12.05,13.9875,NaN,NaN,13.987500000000002,0,0,NaN,NaN,0,0,0,0,NaN,NaN,NaN,NaN,NaN,NaN,13.9875,13.250066710295048,NaN,NaN,NaN,NaN,NaN,NaN,NaN,NaN,NaN,NaN,1,0,0,0,0,NaN,NaN,NaN,NaN,NaN,NaN,13.9875,13.250066710295048,NaN,NaN,NaN,NaN,NaN,NaN,NaN,NaN,NaN,NaN,1
2021-08-04,14.01180859375,14.37,12.84,13.465000000000002,12.3748875,NaN,13.465000000000002,0,0,NaN,NaN,0,0,0,0,NaN,NaN,NaN,NaN,NaN,NaN,13.465000000000002,13.250066710295048,NaN,NaN,NaN,NaN,NaN,NaN,NaN,NaN,NaN,NaN,1,0,0,0,0,NaN,NaN,NaN,NaN,NaN,NaN,13.465000000000002,13.250066710295048,NaN,NaN,NaN,NaN,NaN,NaN,NaN,NaN,NaN,NaN,1
2021-08-05,13.738404296875,13.97,12.6,13.1875,12.522635227272728,NaN,13.1875,0,0,NaN,NaN,0,0,0,0,NaN,NaN,NaN,NaN,NaN,NaN,13.1875,13.250066710295048,NaN,NaN,NaN,NaN,NaN,NaN,NaN,NaN,NaN,NaN,1,0,0,0,0,NaN,NaN,NaN,NaN,NaN,NaN,13.1875,13.250066710295048,NaN,NaN,NaN,NaN,NaN,NaN,NaN,NaN,NaN,NaN,1
2021-08-06,13.4629521484375,13.4629521484375,12.54,12.89375,12.590110640495869,NaN,12.89375,0,0,NaN,NaN,0,0,0,0,NaN,NaN,NaN,NaN,NaN,NaN,12.89375,13.250066710295048,NaN,NaN,NaN,NaN,NaN,NaN,NaN,NaN,NaN,NaN,1,0,0,0,0,NaN,NaN,NaN,NaN,NaN,NaN,12.89375,13.250066710295048,NaN,NaN,NaN,NaN,NaN,NaN,NaN,NaN,NaN,NaN,1
2021-08-09,13.17835107421875,13.71,12.14,13.0075,12.665999614951165,NaN,13.007500000000002,0,0,NaN,NaN,0,0,0,0,NaN,NaN,NaN,NaN,NaN,NaN,13.0075,13.250066710295048,NaN,NaN,NaN,NaN,NaN,NaN,NaN,NaN,NaN,NaN,1,0,0,0,0,NaN,NaN,NaN,NaN,NaN,NaN,13.0075,13.250066710295048,NaN,NaN,NaN,NaN,NaN,NaN,NaN,NaN,NaN,NaN,1
2021-08-10,13.092925537109375,13.4,12.45,13.085,12.742181503141863,NaN,13.085,0,0,NaN,NaN,0,0,0,0,NaN,NaN,NaN,NaN,NaN,NaN,13.085,13.250066710295048,NaN,NaN,NaN,NaN,NaN,NaN,NaN,NaN,NaN,NaN,1,0,0,0,0,NaN,NaN,NaN,NaN,NaN,NaN,13.085,13.250066710295048,NaN,NaN,NaN,NaN,NaN,NaN,NaN,NaN,NaN,NaN,1
2021-08-11,13.088962768554687,13.19,12.15,12.7075,12.735875775297888,NaN,12.7075,0,0,NaN,NaN,0,0,0,0,NaN,NaN,NaN,NaN,NaN,NaN,12.7075,13.250066710295048,NaN,NaN,NaN,NaN,NaN,NaN,NaN,NaN,NaN,NaN,1,0,0,0,0,NaN,NaN,NaN,NaN,NaN,NaN,12.7075,13.250066710295048,NaN,NaN,NaN,NaN,NaN,NaN,NaN,NaN,NaN,NaN,1
2021-08-12,12.898231384277343,12.898231384277343,9.8,11.465000000000002,12.504807452516454,NaN,11.465000000000002,0,0,NaN,NaN,0,0,0,0,NaN,NaN,NaN,NaN,NaN,NaN,11.465000000000002,13.250066710295048,NaN,NaN,NaN,NaN,NaN,NaN,NaN,NaN,NaN,NaN,1,0,0,0,0,NaN,NaN,NaN,NaN,NaN,NaN,11.465000000000002,13.250066710295048,NaN,NaN,NaN,NaN,NaN,NaN,NaN,NaN,NaN,NaN,1
2021-08-13,12.181615692138672,12.181615692138672,9.2,10.442499999999999,12.129842461149826,NaN,10.442499999999999,0,0,NaN,NaN,0,0,1,0,NaN,NaN,NaN,NaN,NaN,NaN,10.442499999999999,12.35515,NaN,NaN,NaN,NaN,NaN,NaN,NaN,NaN,NaN,NaN,1,0,0,1,0,NaN,NaN,NaN,NaN,NaN,NaN,10.442499999999999,12.35515,NaN,NaN,NaN,NaN,NaN,NaN,NaN,NaN,NaN,NaN,1
2021-08-16,11.312057846069337,11.312057846069337,8.7701,9.477525,11.64760292275895,NaN,9.477525,0,0,NaN,NaN,0,0,0,0,NaN,NaN,NaN,NaN,NaN,NaN,9.477525,11.800808375,NaN,NaN,NaN,NaN,NaN,NaN,NaN,NaN,NaN,NaN,1,0,0,0,0,NaN,NaN,NaN,NaN,NaN,NaN,9.477525,11.800808375,NaN,NaN,NaN,NaN,NaN,NaN,NaN,NaN,NaN,NaN,1
2021-08-17,10.394791423034668,10.394791423034668,8.7801,9.272525,11.215770573166413,NaN,9.272525,0,0,NaN,NaN,0,0,0,0,NaN,NaN,NaN,NaN,NaN,NaN,9.272525,11.552761372500001,NaN,NaN,NaN,NaN,NaN,NaN,NaN,NaN,NaN,NaN,1,0,0,0,0,NaN,NaN,NaN,NaN,NaN,NaN,9.272525,11.552761372500001,NaN,NaN,NaN,NaN,NaN,NaN,NaN,NaN,NaN,NaN,1
2021-08-18,9.833658211517335,9.99,9.02,9.4625,10.896994105317974,NaN,9.4625,0,0,NaN,NaN,0,0,0,0,NaN,NaN,NaN,NaN,NaN,NaN,9.4625,11.552761372500001,NaN,NaN,NaN,NaN,NaN,NaN,NaN,NaN,NaN,NaN,1,0,0,0,0,NaN,NaN,NaN,NaN,NaN,NaN,9.4625,11.552761372500001,NaN,NaN,NaN,NaN,NaN,NaN,NaN,NaN,NaN,NaN,1
2021-08-19,9.648079105758669,9.69,8.32,8.9025,10.53435881344198,NaN,8.9025,0,0,NaN,NaN,0,0,0,0,NaN,NaN,NaN,NaN,NaN,NaN,8.9025,11.145876473975001,NaN,NaN,NaN,NaN,NaN,NaN,NaN,NaN,NaN,NaN,1,0,0,0,0,NaN,NaN,NaN,NaN,NaN,NaN,8.9025,11.145876473975001,NaN,NaN,NaN,NaN,NaN,NaN,NaN,NaN,NaN,NaN,1
2021-08-20,9.275289552879334,9.275289552879334,7.89,8.2175,10.113111756452529,NaN,8.2175,0,0,NaN,NaN,0,0,0,0,NaN,NaN,NaN,NaN,NaN,NaN,8.2175,10.493071297098,NaN,NaN,NaN,NaN,NaN,NaN,NaN,NaN,NaN,NaN,1,0,0,0,0,NaN,NaN,NaN,NaN,NaN,NaN,8.2175,10.493071297098,NaN,NaN,NaN,NaN,NaN,NaN,NaN,NaN,NaN,NaN,1
2021-08-23,8.746394776439667,8.746394776439667,6.6,7.422499999999999,9.623909618915706,NaN,7.422499999999999,0,0,NaN,NaN,0,0,0,0,NaN,NaN,NaN,NaN,NaN,NaN,7.422499999999999,9.694610602533299,NaN,NaN,NaN,NaN,NaN,NaN,NaN,NaN,NaN,NaN,1,0,0,0,0,NaN,NaN,NaN,NaN,NaN,NaN,7.422499999999999,9.694610602533299,NaN,NaN,NaN,NaN,NaN,NaN,NaN,NaN,NaN,NaN,1
2021-08-24,8.084447388219832,8.084447388219832,6.76,6.915,9.131380597294669,NaN,6.915,0,0,NaN,NaN,0,0,0,0,NaN,NaN,NaN,NaN,NaN,NaN,6.915,8.986205694077306,NaN,NaN,NaN,NaN,NaN,NaN,NaN,NaN,NaN,NaN,1,0,0,0,0,NaN,NaN,NaN,NaN,NaN,NaN,6.915,8.986205694077306,NaN,NaN,NaN,NaN,NaN,NaN,NaN,NaN,NaN,NaN,1
2021-08-25,7.499723694109916,7.499723694109916,6.55,6.8774999999999995,8.721584125059275,NaN,6.8774999999999995,0,0,NaN,NaN,0,0,0,0,NaN,NaN,NaN,NaN,NaN,NaN,6.8774999999999995,8.528564998321071,NaN,NaN,NaN,NaN,NaN,NaN,NaN,NaN,NaN,NaN,1,0,0,0,0,NaN,NaN,NaN,NaN,NaN,NaN,6.8774999999999995,8.528564998321071,NaN,NaN,NaN,NaN,NaN,NaN,NaN,NaN,NaN,NaN,1
2021-08-26,7.188611847054958,7.38,6.77,7.055,8.418568829593951,NaN,7.055,0,0,NaN,NaN,0,0,0,0,NaN,NaN,NaN,NaN,NaN,NaN,7.055,8.528564998321071,NaN,NaN,NaN,NaN,NaN,NaN,NaN,NaN,NaN,NaN,1,0,0,0,0,NaN,NaN,NaN,NaN,NaN,NaN,7.055,8.528564998321071,NaN,NaN,NaN,NaN,NaN,NaN,NaN,NaN,NaN,NaN,1
2021-08-27,7.121805923527479,7.78,7.121805923527479,7.402500000000001,8.233829042395051,NaN,7.402500000000001,0,0,NaN,NaN,0,0,0,0,NaN,NaN,NaN,NaN,NaN,NaN,7.402500000000001,8.528564998321071,NaN,NaN,NaN,NaN,NaN,NaN,NaN,NaN,NaN,NaN,1,0,0,0,0,NaN,NaN,NaN,NaN,NaN,NaN,7.402500000000001,8.528564998321071,NaN,NaN,NaN,NaN,NaN,NaN,NaN,NaN,NaN,NaN,1
2021-08-30,7.262152961763739,8.4499,7.262152961763739,7.864974999999999,8.166764671050496,NaN,7.864974999999999,0,0,NaN,NaN,0,0,0,0,NaN,NaN,NaN,NaN,NaN,NaN,7.864974999999999,8.528564998321071,NaN,NaN,NaN,NaN,NaN,NaN,NaN,NaN,NaN,NaN,1,0,0,0,0,NaN,NaN,NaN,NaN,NaN,NaN,7.864974999999999,8.528564998321071,NaN,NaN,NaN,NaN,NaN,NaN,NaN,NaN,NaN,NaN,1
2021-08-31,7.563563980881869,9.5,7.563563980881869,8.754999999999999,8.273716549041314,NaN,8.754999999999999,0,0,NaN,NaN,0,0,0,0,NaN,NaN,NaN,NaN,NaN,NaN,8.754999999999999,8.528564998321071,NaN,NaN,NaN,NaN,NaN,NaN,NaN,NaN,NaN,NaN,1,0,0,0,0,NaN,NaN,NaN,NaN,NaN,NaN,8.754999999999999,8.528564998321071,NaN,NaN,NaN,NaN,NaN,NaN,NaN,NaN,NaN,NaN,1
2021-09-01,8.159281990440935,9.76,8.159281990440935,9.34,8.467586267397438,NaN,9.34,0,0,NaN,NaN,0,0,0,0,NaN,NaN,NaN,NaN,NaN,NaN,9.34,8.528564998321071,NaN,NaN,NaN,NaN,NaN,NaN,NaN,NaN,NaN,NaN,1,0,0,0,0,NaN,NaN,NaN,NaN,NaN,NaN,9.34,8.528564998321071,NaN,NaN,NaN,NaN,NaN,NaN,NaN,NaN,NaN,NaN,1
2021-09-02,8.749640995220467,10.12,8.749640995220467,9.612499999999999,8.675752400597904,NaN,9.612499999999999,0,0,NaN,NaN,0,0,0,0,NaN,NaN,NaN,NaN,NaN,NaN,9.612499999999999,8.528564998321071,NaN,NaN,NaN,NaN,NaN,NaN,NaN,NaN,NaN,NaN,1,0,0,0,0,NaN,NaN,NaN,NaN,NaN,NaN,9.612499999999999,8.528564998321071,NaN,NaN,NaN,NaN,NaN,NaN,NaN,NaN,NaN,NaN,1
2021-09-03,9.181070497610232,9.54,8.74,9.2075,8.772433782307376,NaN,9.2075,0,0,NaN,NaN,0,0,0,0,NaN,NaN,NaN,NaN,NaN,NaN,9.2075,8.528564998321071,NaN,NaN,NaN,NaN,NaN,NaN,NaN,NaN,NaN,NaN,1,0,0,0,0,NaN,NaN,NaN,NaN,NaN,NaN,9.2075,8.528564998321071,NaN,NaN,NaN,NaN,NaN,NaN,NaN,NaN,NaN,NaN,1
2021-09-07,9.194285248805116,9.49,8.77,9.12,8.83562764006967,NaN,9.12,0,0,NaN,NaN,0,0,0,0,NaN,NaN,NaN,NaN,NaN,NaN,9.12,8.528564998321071,NaN,NaN,NaN,NaN,NaN,NaN,NaN,NaN,NaN,NaN,1,0,0,0,0,NaN,NaN,NaN,NaN,NaN,NaN,9.12,8.528564998321071,NaN,NaN,NaN,NaN,NaN,NaN,NaN,NaN,NaN,NaN,1
2021-09-08,9.157142624402557,9.2,8.5,8.7975,8.828695341875186,NaN,8.7975,0,0,NaN,NaN,0,0,0,0,NaN,NaN,NaN,NaN,NaN,NaN,8.7975,8.528564998321071,NaN,NaN,NaN,NaN,NaN,NaN,NaN,NaN,NaN,NaN,1,0,0,0,0,NaN,NaN,NaN,NaN,NaN,NaN,8.7975,8.528564998321071,NaN,NaN,NaN,NaN,NaN,NaN,NaN,NaN,NaN,NaN,1
2021-09-09,8.977321312201278,8.977321312201278,8.5,8.66,8.798023461534243,NaN,8.66,0,0,NaN,NaN,0,0,0,0,NaN,NaN,NaN,NaN,NaN,NaN,8.66,8.528564998321071,NaN,NaN,NaN,NaN,NaN,NaN,NaN,NaN,NaN,NaN,1,0,0,0,0,NaN,NaN,NaN,NaN,NaN,NaN,8.66,8.528564998321071,NaN,NaN,NaN,NaN,NaN,NaN,NaN,NaN,NaN,NaN,1
2021-09-10,8.81866065610064,8.97,8.61,8.705,8.781110104891653,NaN,8.705,0,0,NaN,NaN,0,0,0,0,NaN,NaN,NaN,NaN,NaN,NaN,8.705,8.528564998321071,NaN,NaN,NaN,NaN,NaN,NaN,NaN,NaN,NaN,NaN,1,0,0,0,0,NaN,NaN,NaN,NaN,NaN,NaN,8.705,8.528564998321071,NaN,NaN,NaN,NaN,NaN,NaN,NaN,NaN,NaN,NaN,1
2021-09-13,8.76183032805032,8.76183032805032,8.0001,8.365025,8.705458267638624,NaN,8.365025,0,0,NaN,NaN,0,0,0,0,NaN,NaN,NaN,NaN,NaN,NaN,8.365025,8.528564998321071,NaN,NaN,NaN,NaN,NaN,NaN,NaN,NaN,NaN,NaN,1,0,0,0,0,NaN,NaN,NaN,NaN,NaN,NaN,8.365025,8.528564998321071,NaN,NaN,NaN,NaN,NaN,NaN,NaN,NaN,NaN,NaN,1
2021-09-14,8.56342766402516,8.85,8.1281,8.449525000000001,8.658924946249783,NaN,8.449525000000001,0,0,NaN,NaN,0,0,0,0,NaN,NaN,NaN,NaN,NaN,NaN,8.449525000000001,8.528564998321071,NaN,NaN,NaN,NaN,NaN,NaN,NaN,NaN,NaN,NaN,1,0,0,0,0,NaN,NaN,NaN,NaN,NaN,NaN,8.449525000000001,8.528564998321071,NaN,NaN,NaN,NaN,NaN,NaN,NaN,NaN,NaN,NaN,1
2021-09-15,8.50647633201258,9.1295,8.4468,8.729075,8.671679501477096,NaN,8.729075,0,0,NaN,NaN,0,0,0,0,NaN,NaN,NaN,NaN,NaN,NaN,8.729075,8.528564998321071,NaN,NaN,NaN,NaN,NaN,NaN,NaN,NaN,NaN,NaN,1,0,0,0,0,NaN,NaN,NaN,NaN,NaN,NaN,8.729075,8.528564998321071,NaN,NaN,NaN,NaN,NaN,NaN,NaN,NaN,NaN,NaN,1
2021-09-16,8.61777566600629,9.08,8.56,8.8875,8.710919592117623,NaN,8.8875,0,0,NaN,NaN,0,0,0,0,NaN,NaN,NaN,NaN,NaN,NaN,8.8875,8.528564998321071,NaN,NaN,NaN,NaN,NaN,NaN,NaN,NaN,NaN,NaN,1,0,0,0,0,NaN,NaN,NaN,NaN,NaN,NaN,8.8875,8.528564998321071,NaN,NaN,NaN,NaN,NaN,NaN,NaN,NaN,NaN,NaN,1
2021-09-17,8.752637833003146,9.41,8.55,8.9425,8.75302512082351,NaN,8.9425,0,0,NaN,NaN,0,0,0,0,NaN,NaN,NaN,NaN,NaN,NaN,8.9425,8.528564998321071,NaN,NaN,NaN,NaN,NaN,NaN,NaN,NaN,NaN,NaN,1,0,0,0,0,NaN,NaN,NaN,NaN,NaN,NaN,8.9425,8.528564998321071,NaN,NaN,NaN,NaN,NaN,NaN,NaN,NaN,NaN,NaN,1
2021-09-20,8.847568916501572,8.847568916501572,8.3,8.532499999999999,8.712929644310144,NaN,8.532499999999999,0,0,NaN,NaN,0,0,0,0,NaN,NaN,NaN,NaN,NaN,NaN,8.532499999999999,8.528564998321071,NaN,NaN,NaN,NaN,NaN,NaN,NaN,NaN,NaN,NaN,1,0,0,0,0,NaN,NaN,NaN,NaN,NaN,NaN,8.532499999999999,8.528564998321071,NaN,NaN,NaN,NaN,NaN,NaN,NaN,NaN,NaN,NaN,1
2021-09-21,8.690034458250786,8.8499,8.23,8.524975,8.678756072617391,NaN,8.524975,0,0,NaN,NaN,0,0,0,0,NaN,NaN,NaN,NaN,NaN,NaN,8.524975,8.528564998321071,NaN,NaN,NaN,NaN,NaN,NaN,NaN,NaN,NaN,NaN,1,0,0,0,0,NaN,NaN,NaN,NaN,NaN,NaN,8.524975,8.528564998321071,NaN,NaN,NaN,NaN,NaN,NaN,NaN,NaN,NaN,NaN,1
2021-09-22,8.607504729125392,8.9,8.028,8.3645,8.621618604868775,NaN,8.3645,0,0,NaN,NaN,0,0,0,0,NaN,NaN,NaN,NaN,NaN,NaN,8.3645,8.528564998321071,NaN,NaN,NaN,NaN,NaN,NaN,NaN,NaN,NaN,NaN,1,0,0,0,0,NaN,NaN,NaN,NaN,NaN,NaN,8.3645,8.528564998321071,NaN,NaN,NaN,NaN,NaN,NaN,NaN,NaN,NaN,NaN,1
2021-09-23,8.486002364562696,8.486002364562696,8.05,8.2575,8.555415222165362,NaN,8.2575,0,0,NaN,NaN,0,0,0,0,NaN,NaN,NaN,NaN,NaN,NaN,8.2575,8.528564998321071,NaN,NaN,NaN,NaN,NaN,NaN,NaN,NaN,NaN,NaN,1,0,0,0,0,NaN,NaN,NaN,NaN,NaN,NaN,8.2575,8.528564998321071,NaN,NaN,NaN,NaN,NaN,NaN,NaN,NaN,NaN,NaN,1
2021-09-24,8.371751182281347,8.49,8.09,8.2375,8.497612454498933,NaN,8.2375,0,0,NaN,NaN,0,0,0,0,NaN,NaN,NaN,NaN,NaN,NaN,8.2375,8.528564998321071,NaN,NaN,NaN,NaN,NaN,NaN,NaN,NaN,NaN,NaN,1,0,0,0,0,NaN,NaN,NaN,NaN,NaN,NaN,8.2375,8.528564998321071,NaN,NaN,NaN,NaN,NaN,NaN,NaN,NaN,NaN,NaN,1
2021-09-27,8.304625591140674,8.41,8.09,8.235,8.449864735499126,NaN,8.235,0,0,NaN,NaN,0,0,0,0,NaN,NaN,NaN,NaN,NaN,NaN,8.235,8.528564998321071,NaN,NaN,NaN,NaN,NaN,NaN,NaN,NaN,NaN,NaN,1,0,0,0,0,NaN,NaN,NaN,NaN,NaN,NaN,8.235,8.528564998321071,NaN,NaN,NaN,NaN,NaN,NaN,NaN,NaN,NaN,NaN,1
2021-09-28,8.269812795570337,8.38,7.86,8.1425,8.393980238135649,NaN,8.1425,0,0,NaN,NaN,0,0,0,0,NaN,NaN,NaN,NaN,NaN,NaN,8.1425,8.528564998321071,NaN,NaN,NaN,NaN,NaN,NaN,NaN,NaN,NaN,NaN,1,0,0,0,0,NaN,NaN,NaN,NaN,NaN,NaN,8.1425,8.528564998321071,NaN,NaN,NaN,NaN,NaN,NaN,NaN,NaN,NaN,NaN,1
2021-09-29,8.206156397785168,8.206156397785168,7.87,8.02,8.325983831201894,NaN,8.02,0,0,NaN,NaN,0,0,0,0,NaN,NaN,NaN,NaN,NaN,NaN,8.02,8.528564998321071,NaN,NaN,NaN,NaN,NaN,NaN,NaN,NaN,NaN,NaN,1,0,0,0,0,NaN,NaN,NaN,NaN,NaN,NaN,8.02,8.528564998321071,NaN,NaN,NaN,NaN,NaN,NaN,NaN,NaN,NaN,NaN,1
2021-09-30,8.113078198892584,8.26,7.96,8.147499999999999,8.293532225528821,NaN,8.147499999999999,0,0,NaN,NaN,0,0,0,0,NaN,NaN,NaN,NaN,NaN,NaN,8.147499999999999,8.528564998321071,NaN,NaN,NaN,NaN,NaN,NaN,NaN,NaN,NaN,NaN,1,0,0,0,0,NaN,NaN,NaN,NaN,NaN,NaN,8.147499999999999,8.528564998321071,NaN,NaN,NaN,NaN,NaN,NaN,NaN,NaN,NaN,NaN,1
2021-10-01,8.13028909944629,8.28,7.66,8.022499999999999,8.244253639069035,NaN,8.022499999999999,0,0,NaN,NaN,0,0,0,0,NaN,NaN,NaN,NaN,NaN,NaN,8.022499999999999,8.528564998321071,NaN,NaN,NaN,NaN,NaN,NaN,NaN,NaN,NaN,NaN,1,0,0,0,0,NaN,NaN,NaN,NaN,NaN,NaN,8.022499999999999,8.528564998321071,NaN,NaN,NaN,NaN,NaN,NaN,NaN,NaN,NaN,NaN,1
2021-10-04,8.076394549723144,8.076394549723144,7.7001,7.8900250000000005,8.179848431965574,NaN,7.8900250000000005,0,0,NaN,NaN,0,0,0,0,NaN,NaN,NaN,NaN,NaN,NaN,7.8900250000000005,8.528564998321071,NaN,NaN,NaN,NaN,NaN,NaN,NaN,NaN,NaN,NaN,1,0,0,0,0,NaN,NaN,NaN,NaN,NaN,NaN,7.8900250000000005,8.528564998321071,NaN,NaN,NaN,NaN,NaN,NaN,NaN,NaN,NaN,NaN,1
2021-10-05,7.983209774861573,7.99,7.51,7.722499999999999,8.096694171608197,NaN,7.722499999999999,0,0,NaN,NaN,0,0,0,0,NaN,NaN,NaN,NaN,NaN,NaN,7.722499999999999,8.528564998321071,NaN,NaN,NaN,NaN,NaN,NaN,NaN,NaN,NaN,NaN,1,0,0,0,0,NaN,NaN,NaN,NaN,NaN,NaN,7.722499999999999,8.528564998321071,NaN,NaN,NaN,NaN,NaN,NaN,NaN,NaN,NaN,NaN,1
2021-10-06,7.8528548874307855,7.8528548874307855,7.3,7.515000000000001,7.990931594952161,NaN,7.515000000000001,0,0,NaN,NaN,0,0,0,0,NaN,NaN,NaN,NaN,NaN,NaN,7.515000000000001,8.528564998321071,NaN,NaN,NaN,NaN,NaN,NaN,NaN,NaN,NaN,NaN,1,0,0,0,0,NaN,NaN,NaN,NaN,NaN,NaN,7.515000000000001,8.528564998321071,NaN,NaN,NaN,NaN,NaN,NaN,NaN,NaN,NaN,NaN,1
2021-10-07,7.683927443715393,7.683927443715393,7.32,7.4175,7.886671304960859,NaN,7.4175,0,0,NaN,NaN,0,0,0,0,NaN,NaN,NaN,NaN,NaN,NaN,7.4175,8.528564998321071,NaN,NaN,NaN,NaN,NaN,NaN,NaN,NaN,NaN,NaN,1,0,0,0,0,NaN,NaN,NaN,NaN,NaN,NaN,7.4175,8.528564998321071,NaN,NaN,NaN,NaN,NaN,NaN,NaN,NaN,NaN,NaN,1
2021-10-08,7.550713721857697,7.550713721857697,6.94,7.15875,7.754321976786158,NaN,7.158750000000001,0,0,NaN,NaN,0,0,0,0,NaN,NaN,NaN,NaN,NaN,NaN,7.15875,8.528564998321071,NaN,NaN,NaN,NaN,NaN,NaN,NaN,NaN,NaN,NaN,1,0,0,0,0,NaN,NaN,NaN,NaN,NaN,NaN,7.15875,8.528564998321071,NaN,NaN,NaN,NaN,NaN,NaN,NaN,NaN,NaN,NaN,1
2021-10-11,7.354731860928849,7.355,7,7.11875,7.638763435552311,NaN,7.11875,0,0,NaN,NaN,0,0,0,0,NaN,NaN,NaN,NaN,NaN,NaN,7.11875,8.528564998321071,NaN,NaN,NaN,NaN,NaN,NaN,NaN,NaN,NaN,NaN,1,0,0,0,0,NaN,NaN,NaN,NaN,NaN,NaN,7.11875,8.528564998321071,NaN,NaN,NaN,NaN,NaN,NaN,NaN,NaN,NaN,NaN,1
2021-10-12,7.236740930464425,7.236740930464425,6.95,7.085,7.5380791745427995,NaN,7.085,0,0,NaN,NaN,0,0,0,0,NaN,NaN,NaN,NaN,NaN,NaN,7.085,8.528564998321071,NaN,NaN,NaN,NaN,NaN,NaN,NaN,NaN,NaN,NaN,1,0,0,0,0,NaN,NaN,NaN,NaN,NaN,NaN,7.085,8.528564998321071,NaN,NaN,NaN,NaN,NaN,NaN,NaN,NaN,NaN,NaN,1
2021-10-13,7.160870465232213,7.29,6.94,7.105,7.4593375064441085,NaN,7.105,0,0,NaN,NaN,0,0,0,0,NaN,NaN,NaN,NaN,NaN,NaN,7.105,8.528564998321071,NaN,NaN,NaN,NaN,NaN,NaN,NaN,NaN,NaN,NaN,1,0,0,0,0,NaN,NaN,NaN,NaN,NaN,NaN,7.105,8.528564998321071,NaN,NaN,NaN,NaN,NaN,NaN,NaN,NaN,NaN,NaN,1
2021-10-14,7.132935232616107,7.44,7.132935232616107,7.260000000000001,7.42309432345427,NaN,7.260000000000001,0,0,NaN,NaN,0,0,0,0,NaN,NaN,NaN,NaN,NaN,NaN,7.260000000000001,8.528564998321071,NaN,NaN,NaN,NaN,NaN,NaN,NaN,NaN,NaN,NaN,1,0,0,0,0,NaN,NaN,NaN,NaN,NaN,NaN,7.260000000000001,8.528564998321071,NaN,NaN,NaN,NaN,NaN,NaN,NaN,NaN,NaN,NaN,1
2021-10-15,7.196467616308054,7.29,7.06,7.17,7.377077173735312,NaN,7.17,0,0,NaN,NaN,0,0,0,0,NaN,NaN,NaN,NaN,NaN,NaN,7.17,8.528564998321071,NaN,NaN,NaN,NaN,NaN,NaN,NaN,NaN,NaN,NaN,1,0,0,0,0,NaN,NaN,NaN,NaN,NaN,NaN,7.17,8.528564998321071,NaN,NaN,NaN,NaN,NaN,NaN,NaN,NaN,NaN,NaN,1
2021-10-18,7.183233808154027,7.3,7,7.145,7.334881323965256,NaN,7.145,0,0,NaN,NaN,0,0,0,0,NaN,NaN,NaN,NaN,NaN,NaN,7.145,8.528564998321071,NaN,NaN,NaN,NaN,NaN,NaN,NaN,NaN,NaN,NaN,1,0,0,0,0,NaN,NaN,NaN,NaN,NaN,NaN,7.145,8.528564998321071,NaN,NaN,NaN,NaN,NaN,NaN,NaN,NaN,NaN,NaN,1
2021-10-19,7.164116904077013,7.2928,6.99,7.130699999999999,7.297757446880664,NaN,7.130699999999999,0,0,NaN,NaN,0,0,0,0,NaN,NaN,NaN,NaN,NaN,NaN,7.130699999999999,8.528564998321071,NaN,NaN,NaN,NaN,NaN,NaN,NaN,NaN,NaN,NaN,1,0,0,0,0,NaN,NaN,NaN,NaN,NaN,NaN,7.130699999999999,8.528564998321071,NaN,NaN,NaN,NaN,NaN,NaN,NaN,NaN,NaN,NaN,1
2021-10-20,7.147408452038507,7.29,6.9,7.105,7.262710638356907,NaN,7.105000000000001,0,0,NaN,NaN,0,0,0,0,NaN,NaN,NaN,NaN,NaN,NaN,7.105,8.528564998321071,NaN,NaN,NaN,NaN,NaN,NaN,NaN,NaN,NaN,NaN,1,0,0,0,0,NaN,NaN,NaN,NaN,NaN,NaN,7.105,8.528564998321071,NaN,NaN,NaN,NaN,NaN,NaN,NaN,NaN,NaN,NaN,1
2021-10-21,7.1262042260192535,7.3499,7.1,7.224975000000001,7.255849613201106,NaN,7.224975000000001,0,0,NaN,NaN,0,0,0,0,NaN,NaN,NaN,NaN,NaN,NaN,7.224975000000001,8.528564998321071,NaN,NaN,NaN,NaN,NaN,NaN,NaN,NaN,NaN,NaN,1,0,0,0,0,NaN,NaN,NaN,NaN,NaN,NaN,7.224975000000001,8.528564998321071,NaN,NaN,NaN,NaN,NaN,NaN,NaN,NaN,NaN,NaN,1
2021-10-22,7.1755896130096275,7.34,6.95,7.1225,7.231604228982723,NaN,7.1225,0,0,NaN,NaN,0,0,0,0,NaN,NaN,NaN,NaN,NaN,NaN,7.1225,8.528564998321071,NaN,NaN,NaN,NaN,NaN,NaN,NaN,NaN,NaN,NaN,1,0,0,0,0,NaN,NaN,NaN,NaN,NaN,NaN,7.1225,8.528564998321071,NaN,NaN,NaN,NaN,NaN,NaN,NaN,NaN,NaN,NaN,1
2021-10-25,7.149044806504813,7.35,6.9701,7.130025,7.213135278258592,NaN,7.130025,0,0,NaN,NaN,0,0,0,0,NaN,NaN,NaN,NaN,NaN,NaN,7.130025,8.528564998321071,NaN,NaN,NaN,NaN,NaN,NaN,NaN,NaN,NaN,NaN,1,0,0,0,0,NaN,NaN,NaN,NaN,NaN,NaN,7.130025,8.528564998321071,NaN,NaN,NaN,NaN,NaN,NaN,NaN,NaN,NaN,NaN,1
2021-10-26,7.1395349032524065,7.43,7.105,7.30125,7.229156136757029,NaN,7.30125,0,0,NaN,NaN,0,0,0,0,NaN,NaN,NaN,NaN,NaN,NaN,7.30125,8.528564998321071,NaN,NaN,NaN,NaN,NaN,NaN,NaN,NaN,NaN,NaN,1,0,0,0,0,NaN,NaN,NaN,NaN,NaN,NaN,7.30125,8.528564998321071,NaN,NaN,NaN,NaN,NaN,NaN,NaN,NaN,NaN,NaN,1
2021-10-27,7.2203924516262035,7.605,7.2203924516262035,7.393749999999999,7.259082293710296,NaN,7.393749999999999,0,0,NaN,NaN,0,0,0,0,NaN,NaN,NaN,NaN,NaN,NaN,7.393749999999999,8.528564998321071,NaN,NaN,NaN,NaN,NaN,NaN,NaN,NaN,NaN,NaN,1,0,0,0,0,NaN,NaN,NaN,NaN,NaN,NaN,7.393749999999999,8.528564998321071,NaN,NaN,NaN,NaN,NaN,NaN,NaN,NaN,NaN,NaN,1
2021-10-28,7.307071225813101,7.5,7.14,7.2775,7.262430967581151,NaN,7.2775,0,0,NaN,NaN,0,0,0,0,NaN,NaN,NaN,NaN,NaN,NaN,7.2775,8.528564998321071,NaN,NaN,NaN,NaN,NaN,NaN,NaN,NaN,NaN,NaN,1,0,0,0,0,NaN,NaN,NaN,NaN,NaN,NaN,7.2775,8.528564998321071,NaN,NaN,NaN,NaN,NaN,NaN,NaN,NaN,NaN,NaN,1
2021-10-29,7.29228561290655,7.29228561290655,6.85,7.050000000000001,7.223807155293669,NaN,7.05,0,0,NaN,NaN,0,0,0,0,NaN,NaN,NaN,NaN,NaN,NaN,7.050000000000001,8.528564998321071,NaN,NaN,NaN,NaN,NaN,NaN,NaN,NaN,NaN,NaN,1,0,0,0,0,NaN,NaN,NaN,NaN,NaN,NaN,7.050000000000001,8.528564998321071,NaN,NaN,NaN,NaN,NaN,NaN,NaN,NaN,NaN,NaN,1
2021-11-01,7.171142806453275,7.5,6.99,7.2275,7.224478581603911,NaN,7.2275,0,0,NaN,NaN,0,0,0,0,NaN,NaN,61.40429460864384,NaN,NaN,NaN,7.2275,8.528564998321071,NaN,NaN,NaN,NaN,NaN,NaN,NaN,NaN,NaN,NaN,1,0,0,0,0,NaN,NaN,61.40429460864384,NaN,NaN,NaN,7.2275,8.528564998321071,NaN,NaN,NaN,NaN,NaN,NaN,NaN,NaN,NaN,NaN,1
2021-11-02,7.199321403226637,7.5,7.199321403226637,7.425,7.260937021312291,NaN,7.425,0,0,NaN,NaN,0,0,0,0,NaN,NaN,62.33909488641227,NaN,NaN,NaN,7.425,8.528564998321071,NaN,NaN,NaN,NaN,NaN,NaN,NaN,NaN,NaN,NaN,1,0,0,0,0,NaN,NaN,62.33909488641227,NaN,NaN,NaN,7.425,8.528564998321071,NaN,NaN,NaN,NaN,NaN,NaN,NaN,NaN,NaN,NaN,1
2021-11-03,7.312160701613319,8.26,7.312160701613319,7.8125,7.36122119925551,NaN,7.8125,0,0,NaN,NaN,0,0,0,0,NaN,NaN,61.71110466034603,NaN,NaN,NaN,7.8125,8.528564998321071,NaN,NaN,NaN,NaN,NaN,NaN,NaN,NaN,NaN,NaN,1,0,0,0,0,NaN,NaN,61.71110466034603,NaN,NaN,NaN,7.8125,8.528564998321071,NaN,NaN,NaN,NaN,NaN,NaN,NaN,NaN,NaN,NaN,1
2021-11-04,7.5623303508066595,8.215,7.5623303508066595,8.01,7.479180981209054,NaN,8.01,0,0,NaN,NaN,0,0,0,0,NaN,NaN,59.92750119634918,NaN,NaN,NaN,8.01,8.528564998321071,NaN,NaN,NaN,NaN,NaN,NaN,NaN,NaN,NaN,NaN,1,0,0,0,0,NaN,NaN,59.92750119634918,NaN,NaN,NaN,8.01,8.528564998321071,NaN,NaN,NaN,NaN,NaN,NaN,NaN,NaN,NaN,NaN,1
2021-11-05,7.78616517540333,8.09,7.78616517540333,7.9334999999999996,7.561784439171044,NaN,7.9334999999999996,0,0,NaN,NaN,0,0,0,0,NaN,NaN,58.03957567838398,NaN,NaN,NaN,7.9334999999999996,8.528564998321071,NaN,NaN,NaN,NaN,NaN,NaN,NaN,NaN,NaN,NaN,1,0,0,0,0,NaN,NaN,58.03957567838398,NaN,NaN,NaN,7.9334999999999996,8.528564998321071,NaN,NaN,NaN,NaN,NaN,NaN,NaN,NaN,NaN,NaN,1
2021-11-08,7.859832587701664,8.09,7.81,7.977499999999999,7.63736908659449,NaN,7.977499999999999,0,0,NaN,NaN,0,0,0,0,NaN,NaN,56.46991246885512,NaN,NaN,NaN,7.977499999999999,8.528564998321071,NaN,NaN,NaN,NaN,NaN,NaN,NaN,NaN,NaN,NaN,1,0,0,0,0,NaN,NaN,56.46991246885512,NaN,NaN,NaN,7.977499999999999,8.528564998321071,NaN,NaN,NaN,NaN,NaN,NaN,NaN,NaN,NaN,NaN,1
2021-11-09,7.918666293850832,8.05,7.67,7.905,7.686029252668219,NaN,7.905,0,0,NaN,NaN,0,0,0,0,NaN,NaN,53.86959191860703,NaN,NaN,NaN,7.905,8.528564998321071,NaN,NaN,NaN,NaN,NaN,NaN,NaN,NaN,NaN,NaN,1,0,0,0,0,NaN,NaN,53.86959191860703,NaN,NaN,NaN,7.905,8.528564998321071,NaN,NaN,NaN,NaN,NaN,NaN,NaN,NaN,NaN,NaN,1
2021-11-10,7.9118331469254155,8.03,7.135,7.74125,7.696069388546725,NaN,7.741249999999999,0,0,NaN,NaN,0,0,0,0,NaN,NaN,51.336898190877214,NaN,NaN,NaN,7.74125,8.528564998321071,NaN,NaN,NaN,NaN,NaN,NaN,NaN,NaN,NaN,NaN,1,0,0,0,0,NaN,NaN,51.336898190877214,NaN,NaN,NaN,7.74125,8.528564998321071,NaN,NaN,NaN,NaN,NaN,NaN,NaN,NaN,NaN,NaN,1
2021-11-11,7.826541573462707,7.826541573462707,6.9037,7.283424999999999,7.621043136083684,NaN,7.283424999999999,0,0,NaN,NaN,0,0,0,0,NaN,NaN,50.14690239590506,NaN,NaN,NaN,7.283424999999999,8.528564998321071,NaN,NaN,NaN,NaN,NaN,NaN,NaN,NaN,NaN,NaN,1,0,0,0,0,NaN,NaN,50.14690239590506,NaN,NaN,NaN,7.283424999999999,8.528564998321071,NaN,NaN,NaN,NaN,NaN,NaN,NaN,NaN,NaN,NaN,1
2021-11-12,7.554983286731353,7.75,7.3312,7.540299999999999,7.60636256588665,NaN,7.540299999999999,0,0,NaN,NaN,0,0,0,0,NaN,NaN,48.0675575971595,NaN,NaN,NaN,7.540299999999999,8.528564998321071,NaN,NaN,NaN,NaN,NaN,NaN,NaN,NaN,NaN,NaN,1,0,0,0,0,NaN,NaN,48.0675575971595,NaN,NaN,NaN,7.540299999999999,8.528564998321071,NaN,NaN,NaN,NaN,NaN,NaN,NaN,NaN,NaN,NaN,1
2021-11-15,7.547641643365676,7.87,7.45,7.625,7.609751190270896,NaN,7.625,0,0,NaN,NaN,0,0,0,0,NaN,NaN,45.67006196854415,NaN,NaN,NaN,7.625,8.528564998321071,NaN,NaN,NaN,NaN,NaN,NaN,NaN,NaN,NaN,NaN,1,0,0,0,0,NaN,NaN,45.67006196854415,NaN,NaN,NaN,7.625,8.528564998321071,NaN,NaN,NaN,NaN,NaN,NaN,NaN,NaN,NaN,NaN,1
2021-11-16,7.586320821682838,7.69,7.55,7.609999999999999,7.6097964284034605,NaN,7.609999999999999,0,0,NaN,NaN,0,0,0,0,NaN,NaN,43.23192539337285,NaN,NaN,NaN,7.609999999999999,8.528564998321071,NaN,NaN,NaN,NaN,NaN,NaN,NaN,NaN,NaN,NaN,1,0,0,0,0,NaN,NaN,43.23192539337285,NaN,NaN,NaN,7.609999999999999,8.528564998321071,NaN,NaN,NaN,NaN,NaN,NaN,NaN,NaN,NaN,NaN,1
2021-11-17,7.598160410841419,7.98,7.53,7.675000000000001,7.621651623239195,NaN,7.675000000000001,0,0,NaN,NaN,0,0,0,0,NaN,NaN,40.59284082308187,NaN,NaN,NaN,7.675000000000001,8.528564998321071,NaN,NaN,NaN,NaN,NaN,NaN,NaN,NaN,NaN,NaN,1,0,0,0,0,NaN,NaN,40.59284082308187,NaN,NaN,NaN,7.675000000000001,8.528564998321071,NaN,NaN,NaN,NaN,NaN,NaN,NaN,NaN,NaN,NaN,1
2021-11-18,7.63658020542071,7.91,7.38,7.66,7.628624055377523,NaN,7.66,0,0,NaN,NaN,0,0,0,0,NaN,NaN,38.26011445637446,NaN,NaN,NaN,7.66,8.528564998321071,NaN,NaN,NaN,NaN,NaN,NaN,NaN,NaN,NaN,NaN,1,0,0,0,0,NaN,NaN,38.26011445637446,NaN,NaN,NaN,7.66,8.528564998321071,NaN,NaN,NaN,NaN,NaN,NaN,NaN,NaN,NaN,NaN,1
2021-11-19,7.648290102710355,7.9345,7.22,7.481125,7.601806045308883,NaN,7.481125,0,0,NaN,NaN,0,0,0,0,NaN,NaN,37.01514051255238,NaN,NaN,NaN,7.481125,8.528564998321071,NaN,NaN,NaN,NaN,NaN,NaN,NaN,NaN,NaN,NaN,1,0,0,0,0,NaN,NaN,37.01514051255238,NaN,NaN,NaN,7.481125,8.528564998321071,NaN,NaN,NaN,NaN,NaN,NaN,NaN,NaN,NaN,NaN,1
2021-11-22,7.564707551355177,7.564707551355177,7.18,7.32,7.550568582525449,NaN,7.32,0,0,NaN,NaN,0,0,0,0,NaN,NaN,36.81822289967972,NaN,NaN,NaN,7.32,8.528564998321071,NaN,NaN,NaN,NaN,NaN,NaN,NaN,NaN,NaN,NaN,1,0,0,0,0,NaN,NaN,36.81822289967972,NaN,NaN,NaN,7.32,8.528564998321071,NaN,NaN,NaN,NaN,NaN,NaN,NaN,NaN,NaN,NaN,1
2021-11-23,7.442353775677589,7.442353775677589,7.095,7.19625,7.486147022066277,NaN,7.196250000000001,0,0,NaN,NaN,0,0,0,0,NaN,NaN,35.76655063951377,NaN,NaN,NaN,7.19625,8.528564998321071,NaN,NaN,NaN,NaN,NaN,NaN,NaN,NaN,NaN,NaN,1,0,0,0,0,NaN,NaN,35.76655063951377,NaN,NaN,NaN,7.19625,8.528564998321071,NaN,NaN,NaN,NaN,NaN,NaN,NaN,NaN,NaN,NaN,1
2021-11-24,7.319301887838794,7.319301887838794,7.06,7.145,7.424120290781499,NaN,7.145,0,0,NaN,NaN,0,0,0,0,NaN,NaN,34.066481225240615,NaN,NaN,NaN,7.145,8.528564998321071,NaN,NaN,NaN,NaN,NaN,NaN,NaN,NaN,NaN,NaN,1,0,0,0,0,NaN,NaN,34.066481225240615,NaN,NaN,NaN,7.145,8.528564998321071,NaN,NaN,NaN,NaN,NaN,NaN,NaN,NaN,NaN,NaN,1
2021-11-26,7.232150943919397,7.39,6.995,7.18875,7.381325692457589,NaN,7.18875,0,0,NaN,NaN,0,0,0,0,NaN,NaN,32.43622036731225,NaN,NaN,NaN,7.18875,8.528564998321071,NaN,NaN,NaN,NaN,NaN,NaN,NaN,NaN,NaN,NaN,1,0,0,0,0,NaN,NaN,32.43622036731225,NaN,NaN,NaN,7.18875,8.528564998321071,NaN,NaN,NaN,NaN,NaN,NaN,NaN,NaN,NaN,NaN,1
2021-11-29,7.210450471959698,7.37,7.06,7.1674999999999995,7.342448293828936,NaN,7.1675,0,0,NaN,NaN,0,0,0,0,NaN,NaN,30.987961290951656,NaN,NaN,NaN,7.1674999999999995,8.528564998321071,NaN,NaN,NaN,NaN,NaN,NaN,NaN,NaN,NaN,NaN,1,0,0,0,0,NaN,NaN,30.987961290951656,NaN,NaN,NaN,7.1674999999999995,8.528564998321071,NaN,NaN,NaN,NaN,NaN,NaN,NaN,NaN,NaN,NaN,1
2021-11-30,7.188975235979848,7.25,6.91,7.097499999999999,7.297912240405493,NaN,7.0975,0,0,NaN,NaN,0,0,0,0,NaN,NaN,29.388965001757523,NaN,NaN,NaN,7.097499999999999,8.528564998321071,NaN,NaN,NaN,NaN,NaN,NaN,NaN,NaN,NaN,NaN,1,0,0,0,0,NaN,NaN,29.388965001757523,NaN,NaN,NaN,7.097499999999999,8.528564998321071,NaN,NaN,NaN,NaN,NaN,NaN,NaN,NaN,NaN,NaN,1
2021-12-01,7.143237617989923,7.1823,6.43,6.810575,7.209305469422676,NaN,6.810575,0,0,NaN,NaN,0,0,0,0,NaN,NaN,29.131514576141814,NaN,NaN,NaN,6.810575,8.090815898724014,NaN,NaN,NaN,NaN,NaN,NaN,NaN,NaN,NaN,NaN,1,0,0,0,0,NaN,NaN,29.131514576141814,NaN,NaN,NaN,6.810575,8.090815898724014,NaN,NaN,NaN,NaN,NaN,NaN,NaN,NaN,NaN,NaN,1
2021-12-02,6.976906308994962,6.976906308994962,6.395,6.4712499999999995,7.0751135658912805,NaN,6.4712499999999995,0,0,NaN,NaN,0,0,0,0,NaN,NaN,31.066821586349896,NaN,NaN,NaN,6.4712499999999995,7.529679481068531,NaN,NaN,NaN,NaN,NaN,NaN,NaN,NaN,NaN,NaN,1,0,0,0,0,NaN,NaN,31.066821586349896,NaN,NaN,NaN,6.4712499999999995,7.529679481068531,NaN,NaN,NaN,NaN,NaN,NaN,NaN,NaN,NaN,NaN,1
2021-12-03,6.72407815449748,6.72407815449748,5.93,6.225,6.920547463001957,NaN,6.2250000000000005,0,0,NaN,NaN,0,0,0,0,NaN,NaN,36.29839475573174,NaN,NaN,NaN,6.225,7.0520881367479715,NaN,NaN,NaN,NaN,NaN,NaN,NaN,NaN,NaN,NaN,1,0,0,0,0,NaN,NaN,36.29839475573174,NaN,NaN,NaN,6.225,7.0520881367479715,NaN,NaN,NaN,NaN,NaN,NaN,NaN,NaN,NaN,NaN,1
2021-12-06,6.47453907724874,6.47453907724874,5.79,5.955,6.744993378819783,NaN,5.955000000000001,0,0,NaN,NaN,0,0,0,0,NaN,NaN,44.56535922436032,NaN,NaN,NaN,5.955,6.599599051621141,NaN,NaN,NaN,NaN,NaN,NaN,NaN,NaN,NaN,NaN,1,0,0,0,0,NaN,NaN,44.56535922436032,NaN,NaN,NaN,5.955,6.599599051621141,NaN,NaN,NaN,NaN,NaN,NaN,NaN,NaN,NaN,NaN,1
2021-12-07,6.21476953862437,6.57,6.09,6.2475000000000005,6.654540037216186,NaN,6.2475000000000005,0,0,NaN,NaN,0,0,0,0,NaN,NaN,53.23434344420358,NaN,NaN,NaN,6.2475000000000005,6.599599051621141,NaN,NaN,NaN,NaN,NaN,NaN,NaN,NaN,NaN,NaN,1,0,0,0,0,NaN,NaN,53.23434344420358,NaN,NaN,NaN,6.2475000000000005,6.599599051621141,NaN,NaN,NaN,NaN,NaN,NaN,NaN,NaN,NaN,NaN,1
2021-12-08,6.2311347693121855,6.8443,6.188,6.435575,6.614728212267789,NaN,6.435575,0,0,NaN,NaN,0,0,0,0,NaN,NaN,60.851598019031094,NaN,NaN,NaN,6.435575,6.599599051621141,NaN,NaN,NaN,NaN,NaN,NaN,NaN,NaN,NaN,NaN,1,0,0,0,0,NaN,NaN,60.851598019031094,NaN,NaN,NaN,6.435575,6.599599051621141,NaN,NaN,NaN,NaN,NaN,NaN,NaN,NaN,NaN,NaN,1
2021-12-09,6.333354884656092,6.55,6.1535,6.315875,6.560391264582736,NaN,6.315875,0,0,NaN,NaN,0,0,0,0,NaN,NaN,66.50059569937345,NaN,NaN,NaN,6.315875,6.599599051621141,NaN,NaN,NaN,NaN,NaN,NaN,NaN,NaN,NaN,NaN,1,0,0,0,0,NaN,NaN,66.50059569937345,NaN,NaN,NaN,6.315875,6.599599051621141,NaN,NaN,NaN,NaN,NaN,NaN,NaN,NaN,NaN,NaN,1
2021-12-10,6.324614942328046,6.54,6.21,6.315,6.515774671022239,NaN,6.315,0,0,NaN,NaN,0,0,0,0,NaN,NaN,69.66115158962646,NaN,NaN,NaN,6.315,6.599599051621141,NaN,NaN,NaN,NaN,NaN,NaN,NaN,NaN,NaN,NaN,1,0,0,0,0,NaN,NaN,69.66115158962646,NaN,NaN,NaN,6.315,6.599599051621141,NaN,NaN,NaN,NaN,NaN,NaN,NaN,NaN,NaN,NaN,1
2021-12-13,6.319807471164023,6.59,6.08,6.32,6.480179276290923,NaN,6.319999999999999,0,0,NaN,NaN,0,0,0,0,NaN,NaN,69.9652032028902,NaN,NaN,NaN,6.32,6.599599051621141,NaN,NaN,NaN,NaN,NaN,NaN,NaN,NaN,NaN,NaN,1,0,0,0,0,NaN,NaN,69.9652032028902,NaN,NaN,NaN,6.32,6.599599051621141,NaN,NaN,NaN,NaN,NaN,NaN,NaN,NaN,NaN,NaN,1
2021-12-14,6.319903735582011,6.48,6.1,6.25,6.438328498783482,NaN,6.25,0,0,NaN,NaN,0,0,0,0,NaN,NaN,69.85401568804765,NaN,NaN,NaN,6.25,6.599599051621141,NaN,NaN,NaN,NaN,NaN,NaN,NaN,NaN,NaN,NaN,1,0,0,0,0,NaN,NaN,69.85401568804765,NaN,NaN,NaN,6.25,6.599599051621141,NaN,NaN,NaN,NaN,NaN,NaN,NaN,NaN,NaN,NaN,1
2021-12-15,6.284951867791006,6.42,5.96,6.1725,6.389996044459213,NaN,6.1725,0,0,NaN,NaN,0,0,0,0,NaN,NaN,70.07563612018315,NaN,NaN,NaN,6.1725,6.599599051621141,NaN,NaN,NaN,NaN,NaN,NaN,NaN,NaN,NaN,NaN,1,0,0,0,0,NaN,NaN,70.07563612018315,NaN,NaN,NaN,6.1725,6.599599051621141,NaN,NaN,NaN,NaN,NaN,NaN,NaN,NaN,NaN,NaN,1
2021-12-16,6.228725933895503,6.4343,6.04,6.201075,6.355646763648447,NaN,6.2010749999999994,0,0,NaN,NaN,0,0,0,0,NaN,NaN,69.98120537000052,NaN,NaN,NaN,6.201075,6.599599051621141,NaN,NaN,NaN,NaN,NaN,NaN,NaN,NaN,NaN,NaN,1,0,0,0,0,NaN,NaN,69.98120537000052,NaN,NaN,NaN,6.201075,6.599599051621141,NaN,NaN,NaN,NaN,NaN,NaN,NaN,NaN,NaN,NaN,1
2021-12-17,6.214900466947752,6.214900466947752,5.59,5.91,6.274620079348729,NaN,5.91,0,0,NaN,NaN,0,0,0,0,NaN,NaN,69.98938736158937,NaN,NaN,NaN,5.91,6.33694339303753,NaN,NaN,NaN,NaN,NaN,NaN,NaN,NaN,NaN,NaN,1,0,0,0,0,NaN,NaN,69.98938736158937,NaN,NaN,NaN,5.91,6.33694339303753,NaN,NaN,NaN,NaN,NaN,NaN,NaN,NaN,NaN,NaN,1
2021-12-20,6.062450233473876,6.4,5.56,6.055,6.234689155830778,NaN,6.055000000000001,0,0,NaN,NaN,0,0,0,0,NaN,NaN,70.0067133613253,NaN,NaN,NaN,6.055,6.33694339303753,NaN,NaN,NaN,NaN,NaN,NaN,NaN,NaN,NaN,NaN,1,0,0,0,0,NaN,NaN,70.0067133613253,NaN,NaN,NaN,6.055,6.33694339303753,NaN,NaN,NaN,NaN,NaN,NaN,NaN,NaN,NaN,NaN,1
2021-12-21,6.058725116736937,7.09,6.058725116736937,6.64,6.308382036588818,NaN,6.64,0,0,NaN,NaN,0,0,0,0,NaN,NaN,69.08575254656489,NaN,NaN,NaN,6.64,6.33694339303753,NaN,NaN,NaN,NaN,NaN,NaN,NaN,NaN,NaN,NaN,1,0,0,0,0,NaN,NaN,69.08575254656489,NaN,NaN,NaN,6.64,6.33694339303753,NaN,NaN,NaN,NaN,NaN,NaN,NaN,NaN,NaN,NaN,1
2021-12-22,6.349362558368469,7.22,6.349362558368469,6.9375,6.422767120845396,NaN,6.9375,0,0,NaN,NaN,0,0,0,0,NaN,NaN,67.04239222783129,NaN,NaN,NaN,6.9375,6.6241125,NaN,NaN,NaN,NaN,NaN,NaN,NaN,NaN,NaN,NaN,1,0,0,0,0,NaN,NaN,67.04239222783129,NaN,NaN,NaN,6.9375,6.6241125,NaN,NaN,NaN,NaN,NaN,NaN,NaN,NaN,NaN,NaN,1
2021-12-23,6.6434312791842345,7.84,6.6434312791842345,7.282500000000001,6.579082189782597,NaN,7.282500000000001,0,0,NaN,NaN,0,0,0,0,NaN,NaN,63.80850677850978,NaN,NaN,NaN,7.282500000000001,6.811189125,NaN,NaN,NaN,NaN,NaN,NaN,NaN,NaN,NaN,NaN,1,0,0,0,0,NaN,NaN,63.80850677850978,NaN,NaN,NaN,7.282500000000001,6.811189125,NaN,NaN,NaN,NaN,NaN,NaN,NaN,NaN,NaN,NaN,1
2021-12-27,6.962965639592118,7.73,6.962965639592118,7.4025,6.728794518913034,NaN,7.402499999999999,0,0,NaN,NaN,0,0,0,0,NaN,NaN,59.717086389753895,NaN,NaN,NaN,7.4025,6.903067777499999,NaN,NaN,NaN,NaN,NaN,NaN,NaN,NaN,NaN,NaN,1,0,0,0,0,NaN,NaN,59.717086389753895,NaN,NaN,NaN,7.4025,6.903067777499999,NaN,NaN,NaN,NaN,NaN,NaN,NaN,NaN,NaN,NaN,1
2021-12-28,7.182732819796058,7.47,7.11,7.2250000000000005,6.819013697292482,NaN,7.2250000000000005,0,0,NaN,NaN,0,0,0,0,NaN,NaN,56.13099368850062,NaN,NaN,NaN,7.2250000000000005,6.903067777499999,NaN,NaN,NaN,NaN,NaN,NaN,NaN,NaN,NaN,NaN,1,0,0,0,0,NaN,NaN,56.13099368850062,NaN,NaN,NaN,7.2250000000000005,6.903067777499999,NaN,NaN,NaN,NaN,NaN,NaN,NaN,NaN,NaN,NaN,1
2021-12-29,7.20386640989803,7.23,6.98,7.115,6.872829388693849,NaN,7.115,0,0,NaN,NaN,0,0,0,0,NaN,NaN,52.89522237791977,NaN,NaN,NaN,7.115,6.903067777499999,NaN,NaN,NaN,NaN,NaN,NaN,NaN,NaN,NaN,NaN,1,0,0,0,0,NaN,NaN,52.89522237791977,NaN,NaN,NaN,7.115,6.903067777499999,NaN,NaN,NaN,NaN,NaN,NaN,NaN,NaN,NaN,NaN,1
2021-12-30,7.159433204949015,7.46,7.05,7.2225,6.936405863476786,NaN,7.2225,0,0,NaN,NaN,0,0,0,0,NaN,NaN,49.03660696132258,NaN,NaN,NaN,7.2225,6.903067777499999,NaN,NaN,NaN,NaN,NaN,NaN,NaN,NaN,NaN,NaN,1,0,0,0,0,NaN,NaN,49.03660696132258,NaN,NaN,NaN,7.2225,6.903067777499999,NaN,NaN,NaN,NaN,NaN,NaN,NaN,NaN,NaN,NaN,1
2021-12-31,7.190966602474507,7.619,7.1618,7.3706499999999995,7.015359342844643,NaN,7.3706499999999995,0,0,NaN,NaN,0,0,0,0,NaN,NaN,44.44737654553028,NaN,NaN,NaN,7.3706499999999995,6.903067777499999,NaN,NaN,NaN,NaN,NaN,NaN,NaN,NaN,NaN,NaN,1,0,0,0,0,NaN,NaN,44.44737654553028,NaN,NaN,NaN,7.3706499999999995,6.903067777499999,NaN,NaN,NaN,NaN,NaN,NaN,NaN,NaN,NaN,NaN,1
2022-01-03,7.280808301237253,7.542,7.05,7.3004999999999995,7.067203098691071,NaN,7.3004999999999995,0,0,NaN,NaN,0,0,0,0,NaN,NaN,40.17717417859784,NaN,NaN,NaN,7.3004999999999995,6.903067777499999,NaN,NaN,NaN,NaN,NaN,NaN,NaN,NaN,NaN,NaN,1,0,0,0,0,NaN,NaN,40.17717417859784,NaN,NaN,NaN,7.3004999999999995,6.903067777499999,NaN,NaN,NaN,NaN,NaN,NaN,NaN,NaN,NaN,NaN,1
2022-01-04,7.290654150618627,7.32,7.07,7.15,7.08225708074724,NaN,7.15,0,0,NaN,NaN,0,0,0,0,NaN,NaN,36.802387217364206,NaN,NaN,NaN,7.15,6.903067777499999,NaN,NaN,NaN,NaN,NaN,NaN,NaN,NaN,NaN,NaN,1,0,0,0,0,NaN,NaN,36.802387217364206,NaN,NaN,NaN,7.15,6.903067777499999,NaN,NaN,NaN,NaN,NaN,NaN,NaN,NaN,NaN,NaN,1
2022-01-05,7.220327075309314,7.220327075309314,6.58,6.859999999999999,7.04184670242956,NaN,6.859999999999999,0,0,NaN,NaN,0,0,0,0,NaN,NaN,34.776466818762366,NaN,NaN,NaN,6.859999999999999,6.903067777499999,NaN,NaN,NaN,NaN,NaN,NaN,NaN,NaN,NaN,NaN,1,0,0,0,0,NaN,NaN,34.776466818762366,NaN,NaN,NaN,6.859999999999999,6.903067777499999,NaN,NaN,NaN,NaN,NaN,NaN,NaN,NaN,NaN,NaN,1
2022-01-06,7.0401635376546565,7.1,6.51,6.7749999999999995,6.993329120169641,NaN,6.7749999999999995,0,0,NaN,NaN,0,0,0,0,NaN,NaN,33.00317093678374,NaN,NaN,NaN,6.7749999999999995,6.903067777499999,NaN,NaN,NaN,NaN,NaN,NaN,NaN,NaN,NaN,NaN,1,0,0,0,0,NaN,NaN,33.00317093678374,NaN,NaN,NaN,6.7749999999999995,6.903067777499999,NaN,NaN,NaN,NaN,NaN,NaN,NaN,NaN,NaN,NaN,1
2022-01-07,6.9075817688273276,6.95,6.6,6.8225,6.962269280138797,NaN,6.8225,0,0,NaN,NaN,0,0,0,0,NaN,NaN,30.94524367935047,NaN,NaN,NaN,6.8225,6.903067777499999,NaN,NaN,NaN,NaN,NaN,NaN,NaN,NaN,NaN,NaN,1,0,0,0,0,NaN,NaN,30.94524367935047,NaN,NaN,NaN,6.8225,6.903067777499999,NaN,NaN,NaN,NaN,NaN,NaN,NaN,NaN,NaN,NaN,1
2022-01-10,6.865040884413664,6.865040884413664,6.39,6.569975,6.890943047386288,NaN,6.5699749999999995,0,0,NaN,NaN,0,0,0,0,NaN,NaN,29.851515097281638,NaN,NaN,NaN,6.569975,6.903067777499999,NaN,NaN,NaN,NaN,NaN,NaN,NaN,NaN,NaN,NaN,1,0,0,0,0,NaN,NaN,29.851515097281638,NaN,NaN,NaN,6.569975,6.903067777499999,NaN,NaN,NaN,NaN,NaN,NaN,NaN,NaN,NaN,NaN,1
2022-01-11,6.717507942206832,6.717507942206832,6.36,6.49375,6.81872612967969,NaN,6.49375,0,0,NaN,NaN,0,0,0,0,NaN,NaN,29.15074808140855,NaN,NaN,NaN,6.49375,6.903067777499999,NaN,NaN,NaN,NaN,NaN,NaN,NaN,NaN,NaN,NaN,1,0,0,0,0,NaN,NaN,29.15074808140855,NaN,NaN,NaN,6.49375,6.903067777499999,NaN,NaN,NaN,NaN,NaN,NaN,NaN,NaN,NaN,NaN,1
2022-01-12,6.605628971103416,6.93,6.5,6.625,6.783503197010655,NaN,6.625,0,0,NaN,NaN,0,0,0,0,NaN,NaN,27.6372585064243,NaN,NaN,NaN,6.625,6.903067777499999,NaN,NaN,NaN,NaN,NaN,NaN,NaN,NaN,NaN,NaN,1,0,0,0,0,NaN,NaN,27.6372585064243,NaN,NaN,NaN,6.625,6.903067777499999,NaN,NaN,NaN,NaN,NaN,NaN,NaN,NaN,NaN,NaN,1
2022-01-13,6.615314485551708,6.8018,6.04,6.38545,6.7111298884632635,NaN,6.38545,0,0,NaN,NaN,0,0,0,0,NaN,NaN,27.026983975737473,NaN,NaN,NaN,6.38545,6.84820775,NaN,NaN,NaN,NaN,NaN,NaN,NaN,NaN,NaN,NaN,1,0,0,0,0,NaN,NaN,27.026983975737473,NaN,NaN,NaN,6.38545,6.84820775,NaN,NaN,NaN,NaN,NaN,NaN,NaN,NaN,NaN,NaN,1
2022-01-14,6.500382242775854,6.500382242775854,5.93,6.04125,6.589333545106307,NaN,6.04125,0,0,NaN,NaN,0,0,0,0,NaN,NaN,27.448488448373006,NaN,NaN,NaN,6.04125,6.6570620174999995,NaN,NaN,NaN,NaN,NaN,NaN,NaN,NaN,NaN,NaN,1,0,0,0,0,NaN,NaN,27.448488448373006,NaN,NaN,NaN,6.04125,6.6570620174999995,NaN,NaN,NaN,NaN,NaN,NaN,NaN,NaN,NaN,NaN,1
2022-01-18,6.270816121387927,6.270816121387927,5.8781,6.042025000000001,6.489822900541523,NaN,6.042025000000001,0,0,NaN,NaN,0,0,0,0,NaN,NaN,28.205010768992167,NaN,NaN,NaN,6.042025000000001,6.6570620174999995,NaN,NaN,NaN,NaN,NaN,NaN,NaN,NaN,NaN,NaN,1,0,0,0,0,NaN,NaN,28.205010768992167,NaN,NaN,NaN,6.042025000000001,6.6570620174999995,NaN,NaN,NaN,NaN,NaN,NaN,NaN,NaN,NaN,NaN,1
2022-01-19,6.156420560693964,6.18,5.98,6.0649999999999995,6.412582373170337,NaN,6.0649999999999995,0,0,NaN,NaN,0,0,0,0,NaN,NaN,29.453537472641177,NaN,NaN,NaN,6.0649999999999995,6.6570620174999995,NaN,NaN,NaN,NaN,NaN,NaN,NaN,NaN,NaN,NaN,1,0,0,0,0,NaN,NaN,29.453537472641177,NaN,NaN,NaN,6.0649999999999995,6.6570620174999995,NaN,NaN,NaN,NaN,NaN,NaN,NaN,NaN,NaN,NaN,1
2022-01-20,6.110710280346982,6.24,5.8,5.9925,6.336203759866639,NaN,5.9925,0,0,NaN,NaN,0,0,0,0,NaN,NaN,31.089187317279066,NaN,NaN,NaN,5.9925,6.594275796449999,NaN,NaN,NaN,NaN,NaN,NaN,NaN,NaN,NaN,NaN,1,0,0,0,0,NaN,NaN,31.089187317279066,NaN,NaN,NaN,5.9925,6.594275796449999,NaN,NaN,NaN,NaN,NaN,NaN,NaN,NaN,NaN,NaN,1
2022-01-21,6.051605140173491,6.09,5.68,5.857075,6.249089439890887,NaN,5.857075,0,0,NaN,NaN,0,0,0,0,NaN,NaN,33.91058562072023,NaN,NaN,NaN,5.857075,6.4663093497694994,NaN,NaN,NaN,NaN,NaN,NaN,NaN,NaN,NaN,NaN,1,0,0,0,0,NaN,NaN,33.91058562072023,NaN,NaN,NaN,5.857075,6.4663093497694994,NaN,NaN,NaN,NaN,NaN,NaN,NaN,NaN,NaN,NaN,1
2022-01-24,5.9543400700867455,6.16,4.84,5.7,6.149254996274362,NaN,5.7,0,0,NaN,NaN,0,0,0,0,NaN,NaN,37.04204818526192,NaN,NaN,NaN,5.7,6.305239227797159,NaN,NaN,NaN,NaN,NaN,NaN,NaN,NaN,NaN,NaN,1,0,0,0,0,NaN,NaN,37.04204818526192,NaN,NaN,NaN,5.7,6.305239227797159,NaN,NaN,NaN,NaN,NaN,NaN,NaN,NaN,NaN,NaN,1
2022-01-25,5.827170035043373,6.32,5.827170035043373,6.108750000000001,6.141890451497205,8.065210384615384,6.10875,0,0,NaN,NaN,0,0,0,0,NaN,NaN,39.47219034965664,NaN,NaN,NaN,6.108750000000001,6.305239227797159,NaN,NaN,NaN,NaN,NaN,NaN,NaN,NaN,NaN,NaN,1,0,0,0,0,NaN,NaN,39.47219034965664,NaN,NaN,NaN,6.108750000000001,6.305239227797159,NaN,NaN,NaN,NaN,NaN,NaN,NaN,NaN,NaN,NaN,1
2022-01-26,5.967960017521687,6.24,5.765,5.9662500000000005,6.109955823952259,8.033165187903698,5.9662500000000005,0,0,NaN,NaN,0,0,0,0,NaN,NaN,42.06059351699148,NaN,NaN,NaN,5.9662500000000005,6.305239227797159,NaN,NaN,NaN,NaN,NaN,NaN,NaN,NaN,NaN,NaN,1,0,0,0,0,NaN,NaN,42.06059351699148,NaN,NaN,NaN,5.9662500000000005,6.305239227797159,NaN,NaN,NaN,NaN,NaN,NaN,NaN,NaN,NaN,NaN,1
2022-01-27,5.967105008760844,5.967105008760844,5.78,5.8475,6.062236583233666,7.999796253737229,5.8475,0,0,NaN,NaN,0,0,0,0,NaN,NaN,44.11031718411652,NaN,NaN,NaN,5.8475,6.305239227797159,NaN,NaN,NaN,NaN,NaN,NaN,NaN,NaN,NaN,NaN,1,0,0,0,0,NaN,NaN,44.11031718411652,NaN,NaN,NaN,5.8475,6.305239227797159,NaN,NaN,NaN,NaN,NaN,NaN,NaN,NaN,NaN,NaN,1
2022-01-28,5.9073025043804215,5.9073025043804215,5.58,5.721375,6.0002617499184545,7.965011196428264,5.721375,0,0,NaN,NaN,0,0,0,0,NaN,NaN,46.62366563551284,NaN,NaN,NaN,5.721375,6.305239227797159,NaN,NaN,NaN,NaN,NaN,NaN,NaN,NaN,NaN,NaN,1,0,0,0,0,NaN,NaN,46.62366563551284,NaN,NaN,NaN,5.721375,6.305239227797159,NaN,NaN,NaN,NaN,NaN,NaN,NaN,NaN,NaN,NaN,1
2022-01-31,5.814338752190211,5.97,5.5,5.7675,5.957941431751463,7.9314614071698175,5.7675,0,0,NaN,NaN,0,0,0,0,NaN,NaN,49.06301617224301,NaN,NaN,NaN,5.7675,6.305239227797159,NaN,NaN,NaN,NaN,NaN,NaN,NaN,NaN,NaN,NaN,1,0,0,0,0,NaN,NaN,49.06301617224301,NaN,NaN,NaN,5.7675,6.305239227797159,NaN,NaN,NaN,NaN,NaN,NaN,NaN,NaN,NaN,NaN,1
2022-02-01,5.790919376095106,6.04,5.64,5.84,5.936497535069379,7.899530698663408,5.84,0,0,NaN,NaN,0,0,0,0,NaN,NaN,51.32761585197709,NaN,NaN,NaN,5.84,6.305239227797159,NaN,NaN,NaN,NaN,NaN,NaN,NaN,NaN,NaN,NaN,1,0,0,0,0,NaN,NaN,51.32761585197709,NaN,NaN,NaN,5.84,6.305239227797159,NaN,NaN,NaN,NaN,NaN,NaN,NaN,NaN,NaN,NaN,1
2022-02-02,5.815459688047553,6.01,5.71,5.852500000000001,5.921225255965856,7.868278321584578,5.852500000000001,0,0,NaN,NaN,0,0,0,0,NaN,NaN,53.57341316101639,NaN,NaN,NaN,5.852500000000001,6.305239227797159,NaN,NaN,NaN,NaN,NaN,NaN,NaN,NaN,NaN,NaN,1,0,0,0,0,NaN,NaN,53.57341316101639,NaN,NaN,NaN,5.852500000000001,6.305239227797159,NaN,NaN,NaN,NaN,NaN,NaN,NaN,NaN,NaN,NaN,1
2022-02-03,5.8339798440237765,5.8339798440237765,5.37,5.5375,5.8514570276084275,7.8326939197283245,5.5375,0,1,NaN,136,0,0,0,0,NaN,5.37,55.68049149476689,NaN,NaN,NaN,5.5375,6.121015843627585,NaN,NaN,NaN,NaN,NaN,NaN,NaN,NaN,NaN,NaN,1,0,0,0,0,NaN,5.37,55.68049149476689,NaN,NaN,NaN,5.5375,6.121015843627585,NaN,NaN,NaN,NaN,NaN,NaN,NaN,NaN,NaN,NaN,1
2022-02-04,5.685739922011888,5.89,5,5.3325,5.757101204406895,7.794523020190487,5.3325,0,0,NaN,137,0,0,0,0,NaN,NaN,58.23406209221319,NaN,NaN,NaN,5.3325,5.89503299177462,NaN,NaN,NaN,NaN,NaN,NaN,NaN,NaN,NaN,NaN,1,0,0,0,0,NaN,NaN,58.23406209221319,NaN,NaN,NaN,5.3325,5.89503299177462,NaN,NaN,NaN,NaN,NaN,NaN,NaN,NaN,NaN,NaN,1
2022-02-07,5.509119961005943,5.509119961005943,5.03,5.1775,5.651719167242005,7.754568470263915,5.177500000000001,0,0,NaN,138,0,0,0,0,NaN,NaN,60.689578313999334,NaN,NaN,NaN,5.1775,5.68312606350195,NaN,NaN,NaN,NaN,NaN,NaN,NaN,NaN,NaN,NaN,1,0,0,0,0,NaN,NaN,60.689578313999334,NaN,NaN,NaN,5.1775,5.68312606350195,NaN,NaN,NaN,NaN,NaN,NaN,NaN,NaN,NaN,NaN,1
2022-02-08,5.343309980502972,5.49,5.13,5.2625,5.580952045925277,7.7165216233896565,5.2625,0,0,NaN,139,0,0,0,0,NaN,NaN,62.40051124736916,NaN,NaN,NaN,5.2625,5.68312606350195,NaN,NaN,NaN,NaN,NaN,NaN,NaN,NaN,NaN,NaN,1,0,0,0,0,NaN,NaN,62.40051124736916,NaN,NaN,NaN,5.2625,5.68312606350195,NaN,NaN,NaN,NaN,NaN,NaN,NaN,NaN,NaN,NaN,1
2022-02-09,5.302904990251486,5.3898,5.2378,5.2894,5.5279425830297715,7.679466331429509,5.2894,0,0,NaN,140,0,0,0,0,NaN,NaN,63.70962945935808,NaN,NaN,NaN,5.2894,5.68312606350195,NaN,NaN,NaN,NaN,NaN,NaN,NaN,NaN,NaN,NaN,1,0,0,0,0,NaN,NaN,63.70962945935808,NaN,NaN,NaN,5.2894,5.68312606350195,NaN,NaN,NaN,NaN,NaN,NaN,NaN,NaN,NaN,NaN,1
2022-02-10,5.296152495125742,5.47,5.14,5.2625,5.479680295206177,7.6425660820947074,5.262500000000001,0,0,NaN,141,0,0,0,0,NaN,NaN,65.29622637781172,NaN,NaN,NaN,5.2625,5.68312606350195,NaN,NaN,NaN,NaN,NaN,NaN,NaN,NaN,NaN,NaN,1,0,0,0,0,NaN,NaN,65.29622637781172,NaN,NaN,NaN,5.2625,5.68312606350195,NaN,NaN,NaN,NaN,NaN,NaN,NaN,NaN,NaN,NaN,1
2022-02-11,5.279326247562871,5.58,5.2,5.3175,5.450192968805053,7.607068890001658,5.3175,0,0,NaN,142,0,0,0,0,NaN,NaN,67.5284517523086,NaN,NaN,NaN,5.3175,5.68312606350195,NaN,NaN,NaN,NaN,NaN,NaN,NaN,NaN,NaN,NaN,1,0,0,0,0,NaN,NaN,67.5284517523086,NaN,NaN,NaN,5.3175,5.68312606350195,NaN,NaN,NaN,NaN,NaN,NaN,NaN,NaN,NaN,NaN,1
2022-02-14,5.298413123781435,5.48,5.06,5.27,5.417430610840499,7.571388448932931,5.27,0,0,NaN,143,0,0,0,0,NaN,NaN,69.0688174752349,NaN,NaN,NaN,5.27,5.68312606350195,NaN,NaN,NaN,NaN,NaN,NaN,NaN,NaN,NaN,NaN,1,0,0,0,0,NaN,NaN,69.0688174752349,NaN,NaN,NaN,5.27,5.68312606350195,NaN,NaN,NaN,NaN,NaN,NaN,NaN,NaN,NaN,NaN,1
2022-02-15,5.284206561890717,5.73,5.284206561890717,5.5475,5.44107959068768,7.540489388643878,5.5475,0,0,NaN,144,0,0,0,0,NaN,NaN,69.5507930185506,NaN,NaN,NaN,5.5475,5.68312606350195,NaN,NaN,NaN,NaN,NaN,NaN,NaN,NaN,NaN,NaN,1,0,0,0,0,NaN,NaN,69.5507930185506,NaN,NaN,NaN,5.5475,5.68312606350195,NaN,NaN,NaN,NaN,NaN,NaN,NaN,NaN,NaN,NaN,1
2022-02-16,5.415853280945359,5.58,5.415853280945359,5.51,5.453610574199011,7.509489550649315,5.51,0,0,NaN,145,0,0,0,0,NaN,NaN,69.26423002104279,NaN,NaN,NaN,5.51,5.68312606350195,NaN,NaN,NaN,NaN,NaN,NaN,NaN,NaN,NaN,NaN,1,0,0,0,0,NaN,NaN,69.26423002104279,NaN,NaN,NaN,5.51,5.68312606350195,NaN,NaN,NaN,NaN,NaN,NaN,NaN,NaN,NaN,NaN,1
2022-02-17,5.462926640472679,5.462926640472679,5.24,5.335,5.4320450152537365,7.476291236898944,5.335000000000001,0,0,NaN,146,0,0,0,0,NaN,NaN,68.99909024710375,NaN,NaN,NaN,5.335,5.68312606350195,NaN,NaN,NaN,NaN,NaN,NaN,NaN,NaN,NaN,NaN,1,0,0,0,0,NaN,NaN,68.99909024710375,NaN,NaN,NaN,5.335,5.68312606350195,NaN,NaN,NaN,NaN,NaN,NaN,NaN,NaN,NaN,NaN,1
2022-02-18,5.398963320236339,5.398963320236339,5.12,5.2250000000000005,5.394400467025784,7.441920378320334,5.2250000000000005,0,0,NaN,147,0,0,0,0,NaN,NaN,68.85171713036031,NaN,NaN,NaN,5.2250000000000005,5.68312606350195,NaN,NaN,NaN,NaN,NaN,NaN,NaN,NaN,NaN,NaN,1,0,0,0,0,NaN,NaN,68.85171713036031,NaN,NaN,NaN,5.2250000000000005,5.68312606350195,NaN,NaN,NaN,NaN,NaN,NaN,NaN,NaN,NaN,NaN,1
2022-02-22,5.311981660118169,5.6,5.1,5.3374999999999995,5.384054927566551,7.40979182292613,5.3374999999999995,0,0,NaN,148,0,0,0,0,NaN,NaN,68.46651438474099,NaN,NaN,NaN,5.3374999999999995,5.68312606350195,NaN,NaN,NaN,NaN,NaN,NaN,NaN,NaN,NaN,NaN,1,0,0,0,0,NaN,NaN,68.46651438474099,NaN,NaN,NaN,5.3374999999999995,5.68312606350195,NaN,NaN,NaN,NaN,NaN,NaN,NaN,NaN,NaN,NaN,1
2022-02-23,5.324740830059085,5.59,5.19,5.38,5.383317668008996,7.378802634789853,5.38,0,0,NaN,149,0,0,0,0,NaN,NaN,67.97317840334497,NaN,NaN,NaN,5.38,5.68312606350195,NaN,NaN,NaN,NaN,NaN,NaN,NaN,NaN,NaN,NaN,1,0,0,0,0,NaN,NaN,67.97317840334497,NaN,NaN,NaN,5.38,5.68312606350195,NaN,NaN,NaN,NaN,NaN,NaN,NaN,NaN,NaN,NaN,1
2022-02-24,5.352370415029542,5.38,5.05,5.19,5.348169001098269,7.345385800670924,5.19,0,0,NaN,150,0,0,0,0,NaN,NaN,67.80751346046515,NaN,NaN,NaN,5.19,5.68312606350195,NaN,NaN,NaN,NaN,NaN,NaN,NaN,NaN,NaN,NaN,1,0,0,0,0,NaN,NaN,67.80751346046515,NaN,NaN,NaN,5.19,5.68312606350195,NaN,NaN,NaN,NaN,NaN,NaN,NaN,NaN,NaN,NaN,1
2022-02-25,5.271185207514771,5.55,5,5.27,5.333956455444039,7.313700521271367,5.269999999999999,0,0,NaN,151,0,0,0,0,NaN,NaN,68.11338130765735,NaN,NaN,NaN,5.27,5.68312606350195,NaN,NaN,NaN,NaN,NaN,NaN,NaN,NaN,NaN,NaN,1,0,0,0,0,NaN,NaN,68.11338130765735,NaN,NaN,NaN,5.27,5.68312606350195,NaN,NaN,NaN,NaN,NaN,NaN,NaN,NaN,NaN,NaN,1
2022-02-28,5.270592603757385,5.48,5.14,5.275,5.323237099908759,7.282575322473331,5.275,0,0,NaN,152,0,0,0,0,NaN,NaN,67.86530434060751,NaN,NaN,NaN,5.275,5.68312606350195,NaN,NaN,NaN,NaN,NaN,NaN,NaN,NaN,NaN,NaN,1,0,0,0,0,NaN,NaN,67.86530434060751,NaN,NaN,NaN,5.275,5.68312606350195,NaN,NaN,NaN,NaN,NaN,NaN,NaN,NaN,NaN,NaN,1
2022-03-01,5.272796301878692,5.272796301878692,4.9,5.095,5.281739445379894,7.249177225947021,5.095,0,0,NaN,153,0,0,0,0,NaN,NaN,67.71992256489163,NaN,NaN,NaN,5.095,5.510625808261482,NaN,NaN,NaN,NaN,NaN,NaN,NaN,NaN,NaN,NaN,1,0,0,0,0,NaN,NaN,67.71992256489163,NaN,NaN,NaN,5.095,5.510625808261482,NaN,NaN,NaN,NaN,NaN,NaN,NaN,NaN,NaN,NaN,1
2022-03-02,5.183898150939346,5.185,4.93,5.04875,5.239377728038095,7.215582917153936,5.04875,0,0,NaN,154,0,0,0,0,NaN,NaN,67.57312452185829,NaN,NaN,NaN,5.04875,5.369038090030882,NaN,NaN,NaN,NaN,NaN,NaN,NaN,NaN,NaN,NaN,1,0,0,0,0,NaN,NaN,67.57312452185829,NaN,NaN,NaN,5.04875,5.369038090030882,NaN,NaN,NaN,NaN,NaN,NaN,NaN,NaN,NaN,NaN,1
2022-03-03,5.116324075469673,5.55,5.09,5.245,5.240399959303896,7.18549768177754,5.245,0,0,NaN,155,0,0,0,0,NaN,NaN,66.99513601082717,NaN,NaN,NaN,5.245,5.369038090030882,NaN,NaN,NaN,NaN,NaN,NaN,NaN,NaN,NaN,NaN,1,0,0,0,0,NaN,NaN,66.99513601082717,NaN,NaN,NaN,5.245,5.369038090030882,NaN,NaN,NaN,NaN,NaN,NaN,NaN,NaN,NaN,NaN,1
2022-03-04,5.1806620377348365,5.61,4.94,5.1850000000000005,5.23032723943046,7.154955732437425,5.1850000000000005,0,0,NaN,156,0,0,0,0,NaN,NaN,66.47553053113113,NaN,NaN,NaN,5.1850000000000005,5.369038090030882,NaN,NaN,NaN,NaN,NaN,NaN,NaN,NaN,NaN,NaN,1,0,0,0,0,NaN,NaN,66.47553053113113,NaN,NaN,NaN,5.1850000000000005,5.369038090030882,NaN,NaN,NaN,NaN,NaN,NaN,NaN,NaN,NaN,NaN,1
2022-03-07,5.182831018867418,5.182831018867418,4.65,4.815,5.154813195897649,7.11923121743838,4.815,0,1,NaN,157,0,0,0,0,NaN,NaN,66.48317686987268,NaN,NaN,NaN,4.815,5.121014163021618,NaN,NaN,NaN,NaN,NaN,NaN,NaN,NaN,NaN,NaN,1,0,0,0,0,NaN,NaN,66.48317686987268,NaN,NaN,NaN,4.815,5.121014163021618,NaN,NaN,NaN,NaN,NaN,NaN,NaN,NaN,NaN,NaN,1
2022-03-08,4.99891550943371,4.99891550943371,4.37,4.585000000000001,5.051210796643531,7.08054066450039,4.585000000000001,0,0,NaN,158,0,0,0,0,NaN,NaN,66.70073632566437,NaN,NaN,NaN,4.585000000000001,4.867079489224484,NaN,NaN,NaN,NaN,NaN,NaN,NaN,NaN,NaN,NaN,1,0,0,0,0,NaN,NaN,66.70073632566437,NaN,NaN,NaN,4.585000000000001,4.867079489224484,NaN,NaN,NaN,NaN,NaN,NaN,NaN,NaN,NaN,NaN,1
2022-03-09,4.791957754716855,4.935,4.55,4.67375,4.982581560890162,7.043795768859162,4.67375,0,0,NaN,159,0,0,0,0,NaN,NaN,67.00506943437732,NaN,NaN,NaN,4.67375,4.867079489224484,NaN,NaN,NaN,NaN,NaN,NaN,NaN,NaN,NaN,NaN,1,0,0,0,0,NaN,NaN,67.00506943437732,NaN,NaN,NaN,4.67375,4.867079489224484,NaN,NaN,NaN,NaN,NaN,NaN,NaN,NaN,NaN,NaN,1
2022-03-10,4.732853877358428,5.05,4.34,4.73,4.936657640728314,7.008470642617038,4.73,0,0,NaN,160,0,0,0,0,NaN,NaN,67.27371318439185,NaN,NaN,NaN,4.73,4.867079489224484,NaN,NaN,NaN,NaN,NaN,NaN,NaN,NaN,NaN,NaN,1,0,0,0,0,NaN,NaN,67.27371318439185,NaN,NaN,NaN,4.73,4.867079489224484,NaN,NaN,NaN,NaN,NaN,NaN,NaN,NaN,NaN,NaN,1
2022-03-11,4.731426938679214,4.9466,4.25,4.494149999999999,4.856201706050439,6.970084067920594,4.494149999999999,0,0,NaN,161,0,0,0,0,NaN,NaN,67.54655605155375,NaN,NaN,NaN,4.494149999999999,4.703752873103669,NaN,NaN,NaN,NaN,NaN,NaN,NaN,NaN,NaN,NaN,1,0,0,0,0,NaN,NaN,67.54655605155375,NaN,NaN,NaN,4.494149999999999,4.703752873103669,NaN,NaN,NaN,NaN,NaN,NaN,NaN,NaN,NaN,NaN,1
2022-03-14,4.612788469339607,4.612788469339607,4.23,4.3375,4.76189230495036,6.929891944746235,4.3375,0,0,NaN,162,0,0,0,0,NaN,NaN,67.82352685526872,NaN,NaN,NaN,4.3375,4.513136002593239,NaN,NaN,NaN,NaN,NaN,NaN,NaN,NaN,NaN,NaN,1,0,0,0,0,NaN,NaN,67.82352685526872,NaN,NaN,NaN,4.3375,4.513136002593239,NaN,NaN,NaN,NaN,NaN,NaN,NaN,NaN,NaN,NaN,1
2022-03-15,4.475144234669804,4.475144234669804,4.0327,4.185125,4.657025522232113,6.887987105895147,4.185125,0,0,NaN,163,0,0,0,0,NaN,NaN,68.14924522566125,NaN,NaN,NaN,4.185125,4.3311826315040785,NaN,NaN,NaN,NaN,NaN,NaN,NaN,NaN,NaN,NaN,1,0,0,0,0,NaN,NaN,68.14924522566125,NaN,NaN,NaN,4.185125,4.3311826315040785,NaN,NaN,NaN,NaN,NaN,NaN,NaN,NaN,NaN,NaN,1
2022-03-16,4.3301346173349025,4.68,4.13,4.317499999999999,4.595293609099001,6.848743027942549,4.317499999999999,0,0,NaN,164,0,0,0,0,NaN,NaN,68.97405712576104,NaN,NaN,NaN,4.317499999999999,4.3311826315040785,NaN,NaN,NaN,NaN,NaN,NaN,NaN,NaN,NaN,NaN,1,0,0,0,0,NaN,NaN,68.97405712576104,NaN,NaN,NaN,4.317499999999999,4.3311826315040785,NaN,NaN,NaN,NaN,NaN,NaN,NaN,NaN,NaN,NaN,1
2022-03-17,4.323817308667451,4.57,4.2,4.3975,4.559331134717365,6.811319470264038,4.3975,0,0,NaN,165,0,0,0,0,NaN,NaN,70.59565129519363,NaN,NaN,NaN,4.3975,4.3311826315040785,NaN,NaN,NaN,NaN,NaN,NaN,NaN,NaN,NaN,NaN,1,0,0,0,0,NaN,NaN,70.59565129519363,NaN,NaN,NaN,4.3975,4.3311826315040785,NaN,NaN,NaN,NaN,NaN,NaN,NaN,NaN,NaN,NaN,1
2022-03-18,4.360658654333726,4.6,4.27,4.4125,4.5326345647687525,6.774696272244739,4.4125,0,0,NaN,166,0,0,0,0,NaN,NaN,72.95513169457399,NaN,NaN,NaN,4.4125,4.3311826315040785,NaN,NaN,NaN,NaN,NaN,NaN,NaN,NaN,NaN,NaN,1,0,0,0,0,NaN,NaN,72.95513169457399,NaN,NaN,NaN,4.4125,4.3311826315040785,NaN,NaN,NaN,NaN,NaN,NaN,NaN,NaN,NaN,NaN,1
2022-03-21,4.386579327166863,5.33,4.386579327166863,4.9775,4.613519189356252,6.747258161218102,4.9775,0,0,NaN,167,0,0,0,0,NaN,NaN,75.4125117367268,NaN,NaN,NaN,4.9775,4.759596875,NaN,NaN,NaN,NaN,NaN,NaN,NaN,NaN,NaN,NaN,1,0,0,0,0,NaN,NaN,75.4125117367268,NaN,NaN,NaN,4.9775,4.759596875,NaN,NaN,NaN,NaN,NaN,NaN,NaN,NaN,NaN,NaN,1
2022-03-22,4.682039663583431,5.27,4.682039663583431,5.1475,4.710606609473297,6.722834372497215,5.1475,0,0,NaN,168,0,0,0,0,NaN,NaN,76.10547304391075,NaN,NaN,NaN,5.1475,4.8536839687499995,NaN,NaN,NaN,NaN,NaN,NaN,NaN,NaN,NaN,NaN,1,0,0,0,0,NaN,NaN,76.10547304391075,NaN,NaN,NaN,5.1475,4.8536839687499995,NaN,NaN,NaN,NaN,NaN,NaN,NaN,NaN,NaN,NaN,1
2022-03-23,4.914769831791716,5.45,4.914769831791716,5.2175,4.802769044114516,6.699852168336952,5.2175,0,0,NaN,169,0,0,0,0,NaN,NaN,75.84117642284187,NaN,NaN,NaN,5.2175,4.9084129306249995,NaN,NaN,NaN,NaN,NaN,NaN,NaN,NaN,NaN,NaN,1,0,0,0,0,NaN,NaN,75.84117642284187,NaN,NaN,NaN,5.2175,4.9084129306249995,NaN,NaN,NaN,NaN,NaN,NaN,NaN,NaN,NaN,NaN,1
2022-03-24,5.066134915895859,5.8389,5.066134915895859,5.502225,4.929942854275513,6.681567784087533,5.502225,0,0,NaN,170,0,0,0,0,NaN,NaN,74.79812977330123,NaN,NaN,NaN,5.502225,5.0914058918687495,NaN,NaN,NaN,NaN,NaN,NaN,NaN,NaN,NaN,NaN,1,0,0,0,0,NaN,NaN,74.79812977330123,NaN,NaN,NaN,5.502225,5.0914058918687495,NaN,NaN,NaN,NaN,NaN,NaN,NaN,NaN,NaN,NaN,1
2022-03-25,5.284179957947929,5.73,5.284179957947929,5.51,5.035407789861783,6.663681253032761,5.51,0,0,NaN,171,0,0,0,0,NaN,NaN,73.64428493519671,NaN,NaN,NaN,5.51,5.145058184844499,NaN,NaN,NaN,NaN,NaN,NaN,NaN,NaN,NaN,NaN,1,0,0,0,0,NaN,NaN,73.64428493519671,NaN,NaN,NaN,5.51,5.145058184844499,NaN,NaN,NaN,NaN,NaN,NaN,NaN,NaN,NaN,NaN,1
2022-03-28,5.397089978973964,5.45,5.09,5.2225,5.069424555341459,6.641678485810887,5.2225,0,0,NaN,172,0,0,0,0,NaN,NaN,73.47802630562227,NaN,NaN,NaN,5.2225,5.145058184844499,NaN,NaN,NaN,NaN,NaN,NaN,NaN,NaN,NaN,NaN,1,0,0,0,0,NaN,NaN,73.47802630562227,NaN,NaN,NaN,5.2225,5.145058184844499,NaN,NaN,NaN,NaN,NaN,NaN,NaN,NaN,NaN,NaN,1
2022-03-29,5.309794989486982,5.37,4.91,5.0874999999999995,5.07271099982483,6.617950569996981,5.0874999999999995,0,0,NaN,173,0,0,0,0,NaN,NaN,73.87901996442011,NaN,NaN,NaN,5.0874999999999995,5.145058184844499,NaN,NaN,NaN,NaN,NaN,NaN,NaN,NaN,NaN,NaN,1,0,0,0,0,NaN,NaN,73.87901996442011,NaN,NaN,NaN,5.0874999999999995,5.145058184844499,NaN,NaN,NaN,NaN,NaN,NaN,NaN,NaN,NaN,NaN,1
2022-03-30,5.198647494743491,5.23,4.91,5.025,5.064036272583952,6.593630713966492,5.025,0,0,NaN,174,0,0,0,0,NaN,NaN,74.6354649214494,NaN,NaN,NaN,5.025,5.145058184844499,NaN,NaN,NaN,NaN,NaN,NaN,NaN,NaN,NaN,NaN,1,0,0,0,0,NaN,NaN,74.6354649214494,NaN,NaN,NaN,5.025,5.145058184844499,NaN,NaN,NaN,NaN,NaN,NaN,NaN,NaN,NaN,NaN,1
2022-03-31,5.111823747371746,5.1896,4.72,4.9174,5.037375132114142,6.568039405356317,4.9174,0,0,NaN,175,0,0,0,0,NaN,NaN,75.48487505865337,NaN,NaN,NaN,4.9174,5.145058184844499,NaN,NaN,NaN,NaN,NaN,NaN,NaN,NaN,NaN,NaN,1,0,0,0,0,NaN,NaN,75.48487505865337,NaN,NaN,NaN,4.9174,5.145058184844499,NaN,NaN,NaN,NaN,NaN,NaN,NaN,NaN,NaN,NaN,1
2022-04-01,5.0146118736858725,5.085,4.66,4.796250000000001,4.99353419900248,6.540989185427213,4.796250000000001,0,0,NaN,176,0,0,0,0,NaN,NaN,77.66656405341752,NaN,NaN,NaN,4.796250000000001,5.145058184844499,NaN,NaN,NaN,NaN,NaN,NaN,NaN,NaN,NaN,NaN,1,0,0,0,0,NaN,NaN,77.66656405341752,NaN,NaN,NaN,4.796250000000001,5.145058184844499,NaN,NaN,NaN,NaN,NaN,NaN,NaN,NaN,NaN,NaN,1
2022-04-04,4.9054309368429365,5,4.73,4.8375,4.965164344638392,6.514981716947408,4.8375,0,0,NaN,177,0,0,0,0,NaN,NaN,79.05641906811724,NaN,NaN,NaN,4.8375,5.145058184844499,NaN,NaN,NaN,NaN,NaN,NaN,NaN,NaN,NaN,NaN,1,0,0,0,0,NaN,NaN,79.05641906811724,NaN,NaN,NaN,4.8375,5.145058184844499,NaN,NaN,NaN,NaN,NaN,NaN,NaN,NaN,NaN,NaN,1
2022-04-05,4.871465468421468,4.9,4.66,4.79,4.933316281976866,6.488646118215386,4.79,0,0,NaN,178,0,0,0,0,NaN,NaN,78.7389040735429,NaN,NaN,NaN,4.79,5.145058184844499,NaN,NaN,NaN,NaN,NaN,NaN,NaN,NaN,NaN,NaN,1,0,0,0,0,NaN,NaN,78.7389040735429,NaN,NaN,NaN,4.79,5.145058184844499,NaN,NaN,NaN,NaN,NaN,NaN,NaN,NaN,NaN,NaN,1
2022-04-06,4.830732734210734,4.830732734210734,4.2,4.4375,4.8431678670719815,6.457330910303701,4.4375,0,0,NaN,179,0,0,0,0,NaN,NaN,78.556090680557,NaN,NaN,NaN,4.4375,4.8933125,NaN,NaN,NaN,NaN,NaN,NaN,NaN,NaN,NaN,NaN,1,0,0,0,0,NaN,NaN,78.556090680557,NaN,NaN,NaN,4.4375,4.8933125,NaN,NaN,NaN,NaN,NaN,NaN,NaN,NaN,NaN,NaN,1
2022-04-07,4.634116367105367,4.634116367105367,4.11,4.25,4.735319163967985,6.423631201749446,4.25,0,0,NaN,180,0,0,0,0,NaN,NaN,78.40467313600101,NaN,NaN,NaN,4.25,4.783075625,NaN,NaN,NaN,NaN,NaN,NaN,NaN,NaN,NaN,NaN,1,0,0,0,0,NaN,NaN,78.40467313600101,NaN,NaN,NaN,4.25,4.783075625,NaN,NaN,NaN,NaN,NaN,NaN,NaN,NaN,NaN,NaN,1
2022-04-08,4.442058183552684,4.442058183552684,4.13,4.217499999999999,4.641170225064714,6.389949809356325,4.217499999999999,0,0,NaN,181,0,0,0,0,NaN,NaN,78.35293002675971,NaN,NaN,NaN,4.217499999999999,4.733866087499999,NaN,NaN,NaN,NaN,NaN,NaN,NaN,NaN,NaN,NaN,1,0,0,0,0,NaN,NaN,78.35293002675971,NaN,NaN,NaN,4.217499999999999,4.733866087499999,NaN,NaN,NaN,NaN,NaN,NaN,NaN,NaN,NaN,NaN,1
2022-04-11,4.3297790917763415,4.3297790917763415,4.1,4.1825,4.557775638689312,6.356248285549358,4.1825,0,0,NaN,182,0,0,0,0,NaN,NaN,78.24608284883281,NaN,NaN,NaN,4.1825,4.668318139625001,NaN,NaN,NaN,NaN,NaN,NaN,NaN,NaN,NaN,NaN,1,0,0,0,0,NaN,NaN,78.24608284883281,NaN,NaN,NaN,4.1825,4.668318139625001,NaN,NaN,NaN,NaN,NaN,NaN,NaN,NaN,NaN,NaN,1
2022-04-12,4.256139545888171,4.256139545888171,3.9,4.029,4.461634613473073,6.320717777373032,4.029,0,0,NaN,183,0,0,0,0,NaN,NaN,78.21457625871543,NaN,NaN,NaN,4.029,4.52405996287,NaN,NaN,NaN,NaN,NaN,NaN,NaN,NaN,NaN,NaN,1,0,0,0,0,NaN,NaN,78.21457625871543,NaN,NaN,NaN,4.029,4.52405996287,NaN,NaN,NaN,NaN,NaN,NaN,NaN,NaN,NaN,NaN,1
2022-04-13,4.142569772944086,4.142569772944086,3.9,4.0175,4.3808828655688785,6.285554147184131,4.0175,0,0,NaN,184,0,0,0,0,NaN,NaN,78.27505420080315,NaN,NaN,NaN,4.0175,4.4431884684395,NaN,NaN,NaN,NaN,NaN,NaN,NaN,NaN,NaN,NaN,1,0,0,0,0,NaN,NaN,78.27505420080315,NaN,NaN,NaN,4.0175,4.4431884684395,NaN,NaN,NaN,NaN,NaN,NaN,NaN,NaN,NaN,NaN,1
2022-04-14,4.080034886472043,4.12,3.945,4.04375,4.3195859809199915,6.2513281296698695,4.04375,0,0,NaN,185,0,0,0,0,NaN,NaN,78.61465809050777,NaN,NaN,NaN,4.04375,4.4431884684395,NaN,NaN,NaN,NaN,NaN,NaN,NaN,NaN,NaN,NaN,1,0,0,0,0,NaN,NaN,78.61465809050777,NaN,NaN,NaN,4.04375,4.4431884684395,NaN,NaN,NaN,NaN,NaN,NaN,NaN,NaN,NaN,NaN,1
2022-04-18,4.0618924432360215,4.08,3.72,3.95,4.252388529843629,6.2161933490642225,3.95,0,0,NaN,186,0,0,0,0,NaN,NaN,79.06759194203327,NaN,NaN,NaN,3.95,4.3267395441203895,NaN,NaN,NaN,NaN,NaN,NaN,NaN,NaN,NaN,NaN,1,0,0,0,0,NaN,NaN,79.06759194203327,NaN,NaN,NaN,3.95,4.3267395441203895,NaN,NaN,NaN,NaN,NaN,NaN,NaN,NaN,NaN,NaN,1
2022-04-19,4.005946221618011,4.17,3.9419,4.022975000000001,4.21067697896297,6.1827090994601885,4.022975000000001,0,0,NaN,187,0,0,0,0,NaN,NaN,79.37324094739674,NaN,NaN,NaN,4.022975000000001,4.3267395441203895,NaN,NaN,NaN,NaN,NaN,NaN,NaN,NaN,NaN,NaN,1,0,0,0,0,NaN,NaN,79.37324094739674,NaN,NaN,NaN,4.022975000000001,4.3267395441203895,NaN,NaN,NaN,NaN,NaN,NaN,NaN,NaN,NaN,NaN,1
2022-04-20,4.014460610809006,4.04,3.78,3.9175,4.157372073696975,6.148125754430262,3.9175,0,0,NaN,188,0,0,0,0,NaN,NaN,79.45020754264932,NaN,NaN,NaN,3.9175,4.227961739855108,NaN,NaN,NaN,NaN,NaN,NaN,NaN,NaN,NaN,NaN,1,0,0,0,0,NaN,NaN,79.45020754264932,NaN,NaN,NaN,3.9175,4.227961739855108,NaN,NaN,NaN,NaN,NaN,NaN,NaN,NaN,NaN,NaN,1
2022-04-21,3.9659803054045026,4.02,3.808,3.8869999999999996,4.10821351484298,6.11360475054583,3.8869999999999996,0,0,NaN,189,0,0,0,0,NaN,NaN,79.5087495616605,NaN,NaN,NaN,3.8869999999999996,4.134540922289881,NaN,NaN,NaN,NaN,NaN,NaN,NaN,NaN,NaN,NaN,1,0,0,0,0,NaN,NaN,79.5087495616605,NaN,NaN,NaN,3.8869999999999996,4.134540922289881,NaN,NaN,NaN,NaN,NaN,NaN,NaN,NaN,NaN,NaN,1
2022-04-22,3.926490152702251,3.926490152702251,3.8,3.8625,4.063538330326074,6.079236739087116,3.8625,0,0,NaN,190,0,0,0,0,NaN,NaN,79.6893380650264,NaN,NaN,NaN,3.8625,4.052147373271614,NaN,NaN,NaN,NaN,NaN,NaN,NaN,NaN,NaN,NaN,1,0,0,0,0,NaN,NaN,79.6893380650264,NaN,NaN,NaN,3.8625,4.052147373271614,NaN,NaN,NaN,NaN,NaN,NaN,NaN,NaN,NaN,NaN,1
2022-04-25,3.8944950763511255,4.06,3.79,3.9175000000000004,4.036985906630425,6.046233124749908,3.917500000000001,0,0,NaN,191,0,0,0,0,NaN,NaN,79.64864902984584,NaN,NaN,NaN,3.9175000000000004,4.052147373271614,NaN,NaN,NaN,NaN,NaN,NaN,NaN,NaN,NaN,NaN,1,0,0,0,0,NaN,NaN,79.64864902984584,NaN,NaN,NaN,3.9175000000000004,4.052147373271614,NaN,NaN,NaN,NaN,NaN,NaN,NaN,NaN,NaN,NaN,1
2022-04-26,3.905997538175563,4.16,3.82,3.9925,4.028897559970347,6.014878420555253,3.9925,0,0,NaN,192,0,0,0,0,NaN,NaN,79.4981938931193,NaN,NaN,NaN,3.9925,4.052147373271614,NaN,NaN,NaN,NaN,NaN,NaN,NaN,NaN,NaN,NaN,1,0,0,0,0,NaN,NaN,79.4981938931193,NaN,NaN,NaN,3.9925,4.052147373271614,NaN,NaN,NaN,NaN,NaN,NaN,NaN,NaN,NaN,NaN,1
2022-04-27,3.9492487690877818,4.051,3.92,3.97775,4.019598003612102,5.983777223294868,3.9777499999999995,0,0,NaN,193,0,0,0,0,NaN,NaN,79.50423887317116,NaN,NaN,NaN,3.97775,4.052147373271614,NaN,NaN,NaN,NaN,NaN,NaN,NaN,NaN,NaN,NaN,1,0,0,0,0,NaN,NaN,79.50423887317116,NaN,NaN,NaN,3.97775,4.052147373271614,NaN,NaN,NaN,NaN,NaN,NaN,NaN,NaN,NaN,NaN,1
2022-04-28,3.9634993845438906,4.59,3.9,4.13,4.039671093864447,5.955475280954488,4.13,0,0,NaN,194,0,0,0,0,NaN,NaN,79.0681047880782,NaN,NaN,NaN,4.13,4.052147373271614,NaN,NaN,NaN,NaN,NaN,NaN,NaN,NaN,NaN,NaN,1,0,0,0,0,NaN,NaN,79.0681047880782,NaN,NaN,NaN,4.13,4.052147373271614,NaN,NaN,NaN,NaN,NaN,NaN,NaN,NaN,NaN,NaN,1
2022-04-29,4.046749692271945,4.046749692271945,3.7,3.8575,4.006549076798184,5.923445123993351,3.8575,0,0,NaN,195,0,0,0,0,NaN,NaN,79.10260181639443,NaN,NaN,NaN,3.8575,3.9920031612901297,NaN,NaN,NaN,NaN,NaN,NaN,NaN,NaN,NaN,NaN,1,0,0,0,0,NaN,NaN,79.10260181639443,NaN,NaN,NaN,3.8575,3.9920031612901297,NaN,NaN,NaN,NaN,NaN,NaN,NaN,NaN,NaN,NaN,1
2022-05-02,3.9521248461359724,3.9521248461359724,3.56,3.73,3.956267426471242,5.889957412176658,3.73,0,0,NaN,196,0,0,0,0,NaN,NaN,79.16937632246133,NaN,NaN,NaN,3.73,3.862829618064387,NaN,NaN,NaN,NaN,NaN,NaN,NaN,NaN,NaN,NaN,1,0,0,0,0,NaN,NaN,79.16937632246133,NaN,NaN,NaN,3.73,3.862829618064387,NaN,NaN,NaN,NaN,NaN,NaN,NaN,NaN,NaN,NaN,1
2022-05-03,3.841062423067986,3.841062423067986,3.57,3.7075,3.9110369852946523,5.856637451685411,3.7075,0,0,NaN,197,0,0,0,0,NaN,NaN,79.18876280882581,NaN,NaN,NaN,3.7075,3.799710955561208,NaN,NaN,NaN,NaN,NaN,NaN,NaN,NaN,NaN,NaN,1,0,0,0,0,NaN,NaN,79.18876280882581,NaN,NaN,NaN,3.7075,3.799710955561208,NaN,NaN,NaN,NaN,NaN,NaN,NaN,NaN,NaN,NaN,1
2022-05-04,3.774281211533993,3.774281211533993,3.56,3.715,3.875393897059261,5.823940696697847,3.715,0,0,NaN,198,0,0,0,0,NaN,NaN,79.21560111328179,NaN,NaN,NaN,3.715,3.799710955561208,NaN,NaN,NaN,NaN,NaN,NaN,NaN,NaN,NaN,NaN,1,0,0,0,0,NaN,NaN,79.21560111328179,NaN,NaN,NaN,3.715,3.799710955561208,NaN,NaN,NaN,NaN,NaN,NaN,NaN,NaN,NaN,NaN,1
2022-05-05,3.7446406057669965,3.7446406057669965,3.52,3.6225,3.8294131885030316,5.790330915068872,3.6225,0,0,NaN,199,0,0,0,0,NaN,NaN,79.39500712915283,NaN,NaN,NaN,3.715,3.704673682892337,NaN,NaN,NaN,NaN,NaN,NaN,NaN,NaN,NaN,NaN,1,0,0,0,0,NaN,NaN,79.39500712915283,NaN,NaN,NaN,3.715,3.704673682892337,NaN,NaN,NaN,NaN,NaN,NaN,NaN,NaN,NaN,NaN,1
2022-05-06,3.6835703028834983,3.8,3.6,3.6925,3.8045198815024803,5.758302962167058,3.6925,0,0,NaN,200,0,0,0,0,NaN,NaN,79.7318311848872,NaN,NaN,NaN,3.715,3.704673682892337,NaN,NaN,NaN,NaN,NaN,NaN,NaN,NaN,NaN,NaN,1,0,0,0,0,NaN,NaN,79.7318311848872,NaN,NaN,NaN,3.715,3.704673682892337,NaN,NaN,NaN,NaN,NaN,NaN,NaN,NaN,NaN,NaN,1
2022-05-09,3.688035151441749,3.688035151441749,2.8101,3.160025,3.687338993956575,5.718634596332446,3.1600250000000005,0,1,NaN,201,0,0,0,0,NaN,NaN,79.52008747936102,NaN,NaN,NaN,3.715,3.3418034860775556,NaN,NaN,NaN,NaN,NaN,NaN,NaN,NaN,NaN,NaN,1,0,0,0,0,NaN,NaN,79.52008747936102,NaN,NaN,NaN,3.715,3.3418034860775556,NaN,NaN,NaN,NaN,NaN,NaN,NaN,NaN,NaN,NaN,1
2022-05-10,3.4240300757208746,3.4240300757208746,2.495,2.74375,3.515777358691743,5.6732165108922565,2.74375,0,0,NaN,202,0,0,0,0,NaN,NaN,78.63999970440423,NaN,NaN,NaN,3.715,2.9582037923426556,NaN,NaN,NaN,NaN,NaN,NaN,NaN,NaN,NaN,NaN,1,0,0,0,0,NaN,NaN,78.63999970440423,NaN,NaN,NaN,3.715,2.9582037923426556,NaN,NaN,NaN,NaN,NaN,NaN,NaN,NaN,NaN,NaN,1
2022-05-11,3.0838900378604372,3.0838900378604372,2.4,2.5300000000000002,3.3365451116568807,5.625228472558024,2.5300000000000002,0,0,NaN,203,0,0,0,0,NaN,NaN,77.643973196493,NaN,NaN,NaN,3.715,2.697090972018181,NaN,NaN,NaN,NaN,NaN,NaN,NaN,NaN,NaN,NaN,1,0,0,0,0,NaN,NaN,77.643973196493,NaN,NaN,NaN,3.715,2.697090972018181,NaN,NaN,NaN,NaN,NaN,NaN,NaN,NaN,NaN,NaN,1
2022-05-12,2.806945018930219,2.82,2.28,2.51,3.1862641822647206,5.57766773251897,2.51,0,0,NaN,204,0,0,0,0,NaN,NaN,77.17065679821819,NaN,NaN,NaN,3.715,2.596774576288908,NaN,NaN,NaN,NaN,NaN,NaN,NaN,NaN,NaN,NaN,1,0,0,0,0,NaN,NaN,77.17065679821819,NaN,NaN,NaN,3.715,2.596774576288908,NaN,NaN,NaN,NaN,NaN,NaN,NaN,NaN,NaN,NaN,1
2022-05-13,2.6584725094651094,2.6973,2.46,2.581825,3.0763661491256804,5.531929675533948,2.581825,0,0,NaN,205,0,0,0,0,NaN,NaN,77.02548924783014,NaN,NaN,NaN,3.715,2.596774576288908,NaN,NaN,NaN,NaN,NaN,NaN,NaN,NaN,NaN,NaN,1,0,0,0,0,NaN,NaN,77.02548924783014,NaN,NaN,NaN,3.715,2.596774576288908,NaN,NaN,NaN,NaN,NaN,NaN,NaN,NaN,NaN,NaN,1
2022-05-16,2.6201487547325546,2.74,2.52,2.6475,2.998390485648284,5.4878925812509864,2.6475,0,0,NaN,206,0,0,0,0,NaN,NaN,77.00262911895467,NaN,NaN,NaN,3.715,2.596774576288908,NaN,NaN,NaN,NaN,NaN,NaN,NaN,NaN,NaN,NaN,1,0,0,0,0,NaN,NaN,77.00262911895467,NaN,NaN,NaN,3.715,2.596774576288908,NaN,NaN,NaN,NaN,NaN,NaN,NaN,NaN,NaN,NaN,1
2022-05-17,2.6338243773662775,3.01,2.61,2.7825,2.9591376700758687,5.446588877720437,2.7825,0,0,NaN,207,0,0,0,0,NaN,NaN,77.09724041144864,NaN,NaN,NaN,3.715,2.719825,NaN,NaN,NaN,NaN,NaN,NaN,NaN,NaN,NaN,NaN,1,0,0,0,0,NaN,NaN,77.09724041144864,NaN,NaN,NaN,3.715,2.719825,NaN,NaN,NaN,NaN,NaN,NaN,NaN,NaN,NaN,NaN,1
2022-05-18,2.708162188683139,2.78,2.47,2.625,2.898385366425711,5.403511184930812,2.625,0,0,NaN,208,0,0,0,0,NaN,NaN,77.53313879517455,NaN,NaN,NaN,3.715,2.7013875,NaN,NaN,NaN,NaN,NaN,NaN,NaN,NaN,NaN,NaN,1,0,0,0,0,NaN,NaN,77.53313879517455,NaN,NaN,NaN,3.715,2.7013875,NaN,NaN,NaN,NaN,NaN,NaN,NaN,NaN,NaN,NaN,1
2022-05-19,2.6665810943415695,2.79,2.49,2.63,2.8495880270755816,5.361167502718128,2.63,0,0,NaN,209,0,0,0,0,NaN,NaN,78.38449418367028,NaN,NaN,NaN,3.715,2.7013875,NaN,NaN,NaN,NaN,NaN,NaN,NaN,NaN,NaN,NaN,1,0,0,0,0,NaN,NaN,78.38449418367028,NaN,NaN,NaN,3.715,2.7013875,NaN,NaN,NaN,NaN,NaN,NaN,NaN,NaN,NaN,NaN,1
2022-05-20,2.6482905471707845,2.8438,2.6482905471707845,2.7859499999999997,2.838017476698203,5.3218512049667055,2.7859499999999997,0,0,NaN,210,0,0,0,0,NaN,NaN,79.57632872667301,NaN,NaN,NaN,3.715,2.70788925,NaN,NaN,NaN,NaN,NaN,NaN,NaN,NaN,NaN,NaN,1,0,0,0,0,NaN,NaN,79.57632872667301,NaN,NaN,NaN,3.715,2.70788925,NaN,NaN,NaN,NaN,NaN,NaN,NaN,NaN,NaN,NaN,1
2022-05-23,2.717120273585392,3.01,2.717120273585392,2.92,2.8529233900258024,5.285181720921412,2.92,0,0,NaN,211,0,0,0,0,NaN,NaN,80.40356613484823,NaN,NaN,NaN,3.715,2.7792668225,NaN,NaN,NaN,NaN,NaN,NaN,NaN,NaN,NaN,NaN,1,0,0,0,0,NaN,NaN,80.40356613484823,NaN,NaN,NaN,3.715,2.7792668225,NaN,NaN,NaN,NaN,NaN,NaN,NaN,NaN,NaN,NaN,1
2022-05-24,2.818560136792696,2.86,2.69,2.7775,2.8392100463847476,5.246896503808108,2.7775,0,0,NaN,212,0,0,0,0,NaN,NaN,81.17156395151312,NaN,NaN,NaN,3.715,2.7792668225,NaN,NaN,NaN,NaN,NaN,NaN,NaN,NaN,NaN,NaN,1,0,0,0,0,NaN,NaN,81.17156395151312,NaN,NaN,NaN,3.715,2.7792668225,NaN,NaN,NaN,NaN,NaN,NaN,NaN,NaN,NaN,NaN,1
2022-05-25,2.798030068396348,2.97,2.7,2.805,2.832990037951157,5.2096156411545484,2.805,0,0,NaN,213,0,0,0,0,NaN,NaN,81.89620568091667,NaN,NaN,NaN,3.715,2.7792668225,NaN,NaN,NaN,NaN,NaN,NaN,NaN,NaN,NaN,NaN,1,0,0,0,0,NaN,NaN,81.89620568091667,NaN,NaN,NaN,3.715,2.7792668225,NaN,NaN,NaN,NaN,NaN,NaN,NaN,NaN,NaN,NaN,1
2022-05-26,2.8015150341981743,2.995,2.78,2.89125,2.8435827583236737,5.1742207458697465,2.89125,0,0,NaN,214,0,0,0,0,NaN,NaN,82.34507634566269,NaN,NaN,NaN,3.715,2.7792668225,NaN,NaN,NaN,NaN,NaN,NaN,NaN,NaN,NaN,NaN,1,0,0,0,0,NaN,NaN,82.34507634566269,NaN,NaN,NaN,3.715,2.7792668225,NaN,NaN,NaN,NaN,NaN,NaN,NaN,NaN,NaN,NaN,1
2022-05-27,2.8463825170990873,3.27,2.8463825170990873,3.0825,2.8870222568102784,5.142286077993872,3.0825,0,0,NaN,215,0,0,0,0,NaN,NaN,82.52619768103362,NaN,NaN,NaN,3.715,2.87383581315,NaN,NaN,NaN,NaN,NaN,NaN,NaN,NaN,NaN,NaN,1,0,0,0,0,NaN,NaN,82.52619768103362,NaN,NaN,NaN,3.715,2.87383581315,NaN,NaN,NaN,NaN,NaN,NaN,NaN,NaN,NaN,NaN,1
2022-05-31,2.9644412585495434,3.32,2.9644412585495434,3.2,2.9439273010265916,5.11263285542908,3.2,0,0,NaN,216,0,0,0,0,NaN,NaN,81.97032827957666,NaN,NaN,NaN,3.715,2.9566530899665002,NaN,NaN,NaN,NaN,NaN,NaN,NaN,NaN,NaN,NaN,1,0,0,0,0,NaN,NaN,81.97032827957666,NaN,NaN,NaN,3.715,2.9566530899665002,NaN,NaN,NaN,NaN,NaN,NaN,NaN,NaN,NaN,NaN,1
2022-06-01,3.082220629274772,3.3,3.071,3.19025,2.988713246294484,5.083283498857644,3.19025,0,0,NaN,217,0,0,0,0,NaN,NaN,81.37497860463944,NaN,NaN,NaN,3.715,2.9566530899665002,NaN,NaN,NaN,NaN,NaN,NaN,NaN,NaN,NaN,NaN,1,0,0,0,0,NaN,NaN,81.37497860463944,NaN,NaN,NaN,3.715,2.9566530899665002,NaN,NaN,NaN,NaN,NaN,NaN,NaN,NaN,NaN,NaN,1
2022-06-02,3.1362353146373856,3.3,3.05,3.1799999999999997,3.023492656059123,5.054225735516305,3.1799999999999997,0,0,NaN,218,0,0,0,0,NaN,NaN,80.91923636283367,NaN,NaN,NaN,3.715,2.9566530899665002,NaN,NaN,NaN,NaN,NaN,NaN,NaN,NaN,NaN,NaN,1,0,0,0,0,NaN,NaN,80.91923636283367,NaN,NaN,NaN,3.715,2.9566530899665002,NaN,NaN,NaN,NaN,NaN,NaN,NaN,NaN,NaN,NaN,1
2022-06-03,3.1581176573186927,3.1581176573186927,2.72,2.9425,3.008766718593828,5.021985647951171,2.9425,0,0,NaN,219,0,0,0,0,NaN,NaN,80.97669270701755,NaN,NaN,NaN,3.715,2.9566530899665002,NaN,NaN,NaN,NaN,NaN,NaN,NaN,NaN,NaN,NaN,1,0,0,0,0,NaN,NaN,80.97669270701755,NaN,NaN,NaN,3.715,2.9566530899665002,NaN,NaN,NaN,NaN,NaN,NaN,NaN,NaN,NaN,NaN,1
2022-06-06,3.0503088286593463,3.0503088286593463,2.5,2.665,2.946263678849496,4.9860011342419925,2.665,0,0,NaN,220,0,0,0,0,NaN,NaN,81.1207782793131,NaN,NaN,NaN,3.715,2.9004000000000003,NaN,NaN,NaN,NaN,NaN,NaN,NaN,NaN,NaN,NaN,1,0,0,0,0,NaN,NaN,81.1207782793131,NaN,NaN,NaN,3.715,2.9004000000000003,NaN,NaN,NaN,NaN,NaN,NaN,NaN,NaN,NaN,NaN,1
2022-06-07,2.857654414329673,2.857654414329673,2.4,2.4775,2.8610339190586784,4.947703407001657,2.4775,0,0,NaN,221,0,0,0,0,NaN,NaN,81.27738730668288,NaN,NaN,NaN,3.715,2.7967755,NaN,NaN,NaN,NaN,NaN,NaN,NaN,NaN,NaN,NaN,1,0,0,0,0,NaN,NaN,81.27738730668288,NaN,NaN,NaN,3.715,2.7967755,NaN,NaN,NaN,NaN,NaN,NaN,NaN,NaN,NaN,NaN,1
2022-06-08,2.6675772071648365,2.93,2.38,2.645,2.8217550246843732,4.912547629795525,2.645,0,0,NaN,222,0,0,0,0,NaN,NaN,81.4650818030583,NaN,NaN,NaN,3.715,2.7967755,NaN,NaN,NaN,NaN,NaN,NaN,NaN,NaN,NaN,NaN,1,0,0,0,0,NaN,NaN,81.4650818030583,NaN,NaN,NaN,3.715,2.7967755,NaN,NaN,NaN,NaN,NaN,NaN,NaN,NaN,NaN,NaN,1
2022-06-09,2.6562886035824183,3.09,2.6562886035824183,2.9479249999999997,2.8446950201963053,4.882553391172693,2.9479249999999997,0,0,NaN,223,0,0,0,0,NaN,NaN,80.97906490328333,NaN,NaN,NaN,3.715,2.7967755,NaN,NaN,NaN,NaN,NaN,NaN,NaN,NaN,NaN,NaN,1,0,0,0,0,NaN,NaN,80.97906490328333,NaN,NaN,NaN,3.715,2.7967755,NaN,NaN,NaN,NaN,NaN,NaN,NaN,NaN,NaN,NaN,1
2022-06-10,2.8021068017912087,3.15,2.8021068017912087,3.0549999999999997,2.8829322892515226,4.854651812681507,3.0549999999999997,0,0,NaN,224,0,0,0,0,NaN,NaN,80.14863178859576,NaN,NaN,NaN,3.715,2.7967755,NaN,NaN,NaN,NaN,NaN,NaN,NaN,NaN,NaN,NaN,1,0,0,0,0,NaN,NaN,80.14863178859576,NaN,NaN,NaN,3.715,2.7967755,NaN,NaN,NaN,NaN,NaN,NaN,NaN,NaN,NaN,NaN,1
2022-06-13,2.9285534008956042,3.1345,2.77,2.973625,2.899421873023973,4.825933846075682,2.973625,0,0,NaN,225,0,0,0,0,NaN,NaN,79.6288356172552,NaN,NaN,NaN,3.715,2.7967755,NaN,NaN,NaN,NaN,NaN,NaN,NaN,NaN,NaN,NaN,1,0,0,0,0,NaN,NaN,79.6288356172552,NaN,NaN,NaN,3.715,2.7967755,NaN,NaN,NaN,NaN,NaN,NaN,NaN,NaN,NaN,NaN,1
2022-06-14,2.951089200447802,4.12,2.9073,3.3043250000000004,2.9730406233832505,4.802703176669946,3.3043250000000004,0,0,NaN,226,0,0,0,0,NaN,NaN,78.15474180617892,NaN,NaN,NaN,3.715,2.91571725,NaN,NaN,NaN,NaN,NaN,NaN,NaN,NaN,NaN,NaN,1,0,0,0,0,NaN,NaN,78.15474180617892,NaN,NaN,NaN,3.715,2.91571725,NaN,NaN,NaN,NaN,NaN,NaN,NaN,NaN,NaN,NaN,1
2022-06-15,3.127707100223901,3.7,3.127707100223901,3.4806250000000003,3.065328691859023,4.78251877702613,3.4806250000000003,0,0,NaN,227,0,0,0,0,NaN,NaN,75.70327504601471,NaN,NaN,NaN,3.715,3.0181699825,NaN,NaN,NaN,NaN,NaN,NaN,NaN,NaN,NaN,NaN,1,0,0,0,0,NaN,NaN,75.70327504601471,NaN,NaN,NaN,3.715,3.0181699825,NaN,NaN,NaN,NaN,NaN,NaN,NaN,NaN,NaN,NaN,1
2022-06-16,3.3041660501119505,3.75,3.3041660501119505,3.61,3.164359838793746,4.764617726995197,3.61,0,0,NaN,228,0,0,0,0,NaN,NaN,72.67360290300225,NaN,NaN,NaN,3.715,3.11448603355,NaN,NaN,NaN,NaN,NaN,NaN,NaN,NaN,NaN,NaN,1,0,0,0,0,NaN,NaN,72.67360290300225,NaN,NaN,NaN,3.715,3.11448603355,NaN,NaN,NaN,NaN,NaN,NaN,NaN,NaN,NaN,NaN,1
2022-06-17,3.457083025055975,4.05,3.457083025055975,3.7249999999999996,3.2662944135585197,4.748745700628858,3.7249999999999996,0,0,NaN,229,0,0,0,0,NaN,NaN,69.595644683955,NaN,NaN,NaN,3.715,3.2217572905305,NaN,NaN,NaN,NaN,NaN,NaN,NaN,NaN,NaN,NaN,1,0,0,0,0,NaN,NaN,69.595644683955,NaN,NaN,NaN,3.715,3.2217572905305,NaN,NaN,NaN,NaN,NaN,NaN,NaN,NaN,NaN,NaN,1
2022-06-21,3.5910415125279873,3.95,3.5910415125279873,3.7925000000000004,3.3619681565478796,4.73414652962689,3.7925000000000004,0,0,NaN,230,0,0,0,0,NaN,NaN,66.66735762947812,NaN,NaN,NaN,3.715,3.3199464156668403,NaN,NaN,NaN,NaN,NaN,NaN,NaN,NaN,NaN,NaN,1,0,0,0,0,NaN,NaN,66.66735762947812,NaN,NaN,NaN,3.715,3.3199464156668403,NaN,NaN,NaN,NaN,NaN,NaN,NaN,NaN,NaN,NaN,1
2022-06-22,3.6917707562639936,4.025,3.55,3.74375,3.431383037175538,4.719025971922663,3.7437500000000004,0,0,NaN,231,0,0,0,0,NaN,NaN,63.6928547188708,NaN,NaN,NaN,3.715,3.3199464156668403,NaN,NaN,NaN,NaN,NaN,NaN,NaN,NaN,NaN,NaN,1,0,0,0,0,NaN,NaN,63.6928547188708,NaN,NaN,NaN,3.715,3.3199464156668403,NaN,NaN,NaN,NaN,NaN,NaN,NaN,NaN,NaN,NaN,1
2022-06-23,3.717760378131997,3.94,3.51,3.6925,3.4788588485981675,4.703353819679569,3.6925,0,0,NaN,232,0,0,0,0,NaN,NaN,60.757496308355485,NaN,NaN,NaN,3.715,3.3199464156668403,NaN,NaN,NaN,NaN,NaN,NaN,NaN,NaN,NaN,NaN,1,0,0,0,0,NaN,NaN,60.757496308355485,NaN,NaN,NaN,3.715,3.3199464156668403,NaN,NaN,NaN,NaN,NaN,NaN,NaN,NaN,NaN,NaN,1
2022-06-24,3.7051301890659984,4.16,3.64,3.8625000000000003,3.5486117852166825,4.690516356783697,3.8625000000000003,0,0,NaN,233,0,0,0,0,NaN,NaN,57.57059398519762,NaN,NaN,NaN,3.715,3.431079453316814,NaN,NaN,NaN,NaN,NaN,NaN,NaN,NaN,NaN,NaN,1,0,0,0,0,NaN,NaN,57.57059398519762,NaN,NaN,NaN,3.715,3.431079453316814,NaN,NaN,NaN,NaN,NaN,NaN,NaN,NaN,NaN,NaN,1
2022-06-27,3.7838150945329994,4.17,3.7701,3.9450250000000002,3.6206869151772856,4.679134809351885,3.9450250000000002,0,0,NaN,234,0,0,0,0,NaN,NaN,54.44091841421248,NaN,NaN,NaN,3.715,3.557424901719788,NaN,NaN,NaN,NaN,NaN,NaN,NaN,NaN,NaN,NaN,1,0,0,0,0,NaN,NaN,54.44091841421248,NaN,NaN,NaN,3.715,3.557424901719788,NaN,NaN,NaN,NaN,NaN,NaN,NaN,NaN,NaN,NaN,1
2022-06-28,3.8644200472665,4,3.37,3.7175000000000002,3.638289294235961,4.664453361880864,3.7175000000000002,0,0,NaN,235,0,0,0,0,NaN,NaN,52.826209824548734,NaN,NaN,NaN,3.715,3.557424901719788,NaN,NaN,NaN,NaN,NaN,NaN,NaN,NaN,NaN,NaN,1,0,0,0,0,NaN,NaN,52.826209824548734,NaN,NaN,NaN,3.715,3.557424901719788,NaN,NaN,NaN,NaN,NaN,NaN,NaN,NaN,NaN,NaN,1
2022-06-29,3.79096002363325,3.79096002363325,3.37,3.4725,3.608145786193059,4.6462556006307745,3.4725,0,0,NaN,236,0,0,0,0,NaN,NaN,51.71774522434557,NaN,NaN,NaN,3.715,3.557424901719788,NaN,NaN,NaN,NaN,NaN,NaN,NaN,NaN,NaN,NaN,1,0,0,0,0,NaN,NaN,51.71774522434557,NaN,NaN,NaN,3.715,3.557424901719788,NaN,NaN,NaN,NaN,NaN,NaN,NaN,NaN,NaN,NaN,1
2022-06-30,3.631730011816625,3.631730011816625,3.277,3.48425,3.585619279612503,4.628515057109694,3.48425,0,0,NaN,237,0,0,0,0,NaN,NaN,50.26277182652639,NaN,NaN,NaN,3.715,3.557424901719788,NaN,NaN,NaN,NaN,NaN,NaN,NaN,NaN,NaN,NaN,1,0,0,0,0,NaN,NaN,50.26277182652639,NaN,NaN,NaN,3.715,3.557424901719788,NaN,NaN,NaN,NaN,NaN,NaN,NaN,NaN,NaN,NaN,1
2022-07-01,3.5579900059083123,3.71,3.28,3.5025,3.5705066833193206,4.6113239875355,3.5024999999999995,0,0,NaN,238,0,0,0,0,NaN,NaN,48.62791204412956,NaN,NaN,NaN,3.715,3.557424901719788,NaN,NaN,NaN,NaN,NaN,NaN,NaN,NaN,NaN,NaN,1,0,0,0,0,NaN,NaN,48.62791204412956,NaN,NaN,NaN,3.715,3.557424901719788,NaN,NaN,NaN,NaN,NaN,NaN,NaN,NaN,NaN,NaN,1
2022-07-05,3.530245002954156,3.68,3.305,3.50875,3.5592781954430803,4.594490796886103,3.5087500000000005,0,0,NaN,239,0,0,0,0,NaN,NaN,45.708696494366,NaN,NaN,NaN,3.715,3.557424901719788,NaN,NaN,NaN,NaN,NaN,NaN,NaN,NaN,NaN,NaN,1,0,0,0,0,NaN,NaN,45.708696494366,NaN,NaN,NaN,3.715,3.557424901719788,NaN,NaN,NaN,NaN,NaN,NaN,NaN,NaN,NaN,NaN,1
2022-07-06,3.519497501477078,3.68,3.34,3.49,3.546682159907975,4.577628341971812,3.4899999999999998,0,0,NaN,240,0,0,0,0,NaN,NaN,42.542628594480334,NaN,NaN,NaN,3.715,3.557424901719788,NaN,NaN,NaN,NaN,NaN,NaN,NaN,NaN,NaN,NaN,1,0,0,0,0,NaN,NaN,42.542628594480334,NaN,NaN,NaN,3.715,3.557424901719788,NaN,NaN,NaN,NaN,NaN,NaN,NaN,NaN,NaN,NaN,1
2022-07-07,3.504748750738539,3.55,3.32,3.4225,3.5241035853792524,4.559992794766135,3.4225,0,0,NaN,241,0,0,0,0,NaN,NaN,39.44781226208485,NaN,NaN,NaN,3.715,3.557424901719788,NaN,NaN,NaN,NaN,NaN,NaN,NaN,NaN,NaN,NaN,1,0,0,0,0,NaN,NaN,39.44781226208485,NaN,NaN,NaN,3.715,3.557424901719788,NaN,NaN,NaN,NaN,NaN,NaN,NaN,NaN,NaN,NaN,1
2022-07-08,3.4636243753692693,3.56,3.25,3.3975,3.501084751673934,4.542244813166652,3.3974999999999995,0,0,NaN,242,0,0,0,0,NaN,NaN,36.14392241649635,NaN,NaN,NaN,3.715,3.557424901719788,NaN,NaN,NaN,NaN,NaN,NaN,NaN,NaN,NaN,NaN,1,0,0,0,0,NaN,NaN,36.14392241649635,NaN,NaN,NaN,3.715,3.557424901719788,NaN,NaN,NaN,NaN,NaN,NaN,NaN,NaN,NaN,NaN,1
2022-07-11,3.4305621876846346,3.4305621876846346,2.98,3.1550000000000002,3.4381602513695824,4.521065503041971,3.1550000000000002,0,0,NaN,243,0,0,0,0,NaN,NaN,33.553802336189435,NaN,NaN,NaN,3.715,3.4670598750000003,NaN,NaN,NaN,NaN,NaN,NaN,NaN,NaN,NaN,NaN,1,0,0,0,0,NaN,NaN,33.553802336189435,NaN,NaN,NaN,3.715,3.4670598750000003,NaN,NaN,NaN,NaN,NaN,NaN,NaN,NaN,NaN,NaN,1
2022-07-12,3.2927810938423177,3.2927810938423177,2.92,3.0549999999999997,3.368494751120567,4.498682823606216,3.0549999999999997,0,0,NaN,244,0,0,0,0,NaN,NaN,31.31080976431801,NaN,NaN,NaN,3.715,3.40619807875,NaN,NaN,NaN,NaN,NaN,NaN,NaN,NaN,NaN,NaN,1,0,0,0,0,NaN,NaN,31.31080976431801,NaN,NaN,NaN,3.715,3.40619807875,NaN,NaN,NaN,NaN,NaN,NaN,NaN,NaN,NaN,NaN,1
2022-07-13,3.1738905469211587,3.42,2.9,3.1,3.3196775236441005,4.477328887367953,3.1,0,0,NaN,245,0,0,0,0,NaN,NaN,28.9227124169746,NaN,NaN,NaN,3.715,3.40619807875,NaN,NaN,NaN,NaN,NaN,NaN,NaN,NaN,NaN,NaN,1,0,0,0,0,NaN,NaN,28.9227124169746,NaN,NaN,NaN,3.715,3.40619807875,NaN,NaN,NaN,NaN,NaN,NaN,NaN,NaN,NaN,NaN,1
2022-07-14,3.1369452734605794,3.42,3.1085,3.2396249999999998,3.305122519345173,4.458432644812717,3.2396249999999998,0,0,NaN,246,0,0,0,0,NaN,NaN,26.007956161484845,NaN,NaN,NaN,3.715,3.40619807875,NaN,NaN,NaN,NaN,NaN,NaN,NaN,NaN,NaN,NaN,1,0,0,0,0,NaN,NaN,26.007956161484845,NaN,NaN,NaN,3.715,3.40619807875,NaN,NaN,NaN,NaN,NaN,NaN,NaN,NaN,NaN,NaN,1
2022-07-15,3.18828513673029,3.62,3.08,3.3225,3.3082820612824144,4.441090161685805,3.3225,0,0,NaN,247,0,0,0,0,NaN,NaN,22.818132219853222,NaN,NaN,NaN,3.715,3.40619807875,NaN,NaN,NaN,NaN,NaN,NaN,NaN,NaN,NaN,NaN,1,0,0,0,0,NaN,NaN,22.818132219853222,NaN,NaN,NaN,3.715,3.40619807875,NaN,NaN,NaN,NaN,NaN,NaN,NaN,NaN,NaN,NaN,1
2022-07-18,3.255392568365145,3.515,3.09,3.27875,3.3029125955947025,4.423344510362358,3.27875,0,0,NaN,248,0,0,0,0,NaN,NaN,19.8778830971035,NaN,NaN,NaN,3.715,3.40619807875,NaN,NaN,NaN,NaN,NaN,NaN,NaN,NaN,NaN,NaN,1,0,0,0,0,NaN,NaN,19.8778830971035,NaN,NaN,NaN,3.715,3.40619807875,NaN,NaN,NaN,NaN,NaN,NaN,NaN,NaN,NaN,NaN,1
2022-07-19,3.267071284182572,3.27,3.01,3.1225,3.270110305486575,4.403484288830108,3.1225,0,1,NaN,249,0,0,0,0,NaN,NaN,17.336314047942395,NaN,NaN,NaN,3.715,3.40619807875,NaN,NaN,NaN,NaN,NaN,NaN,NaN,NaN,NaN,NaN,1,0,0,0,0,NaN,NaN,17.336314047942395,NaN,NaN,NaN,3.715,3.40619807875,NaN,NaN,NaN,NaN,NaN,NaN,NaN,NaN,NaN,NaN,1
2022-07-20,3.1947856420912863,3.21,2.94,3.0925,3.237817522670834,4.383469261519725,3.0925,0,0,NaN,250,0,0,0,0,NaN,NaN,14.87452113894318,NaN,NaN,NaN,3.715,3.40619807875,NaN,NaN,NaN,NaN,NaN,NaN,NaN,NaN,NaN,NaN,1,0,0,0,0,NaN,NaN,14.87452113894318,NaN,NaN,NaN,3.715,3.40619807875,NaN,NaN,NaN,NaN,NaN,NaN,NaN,NaN,NaN,NaN,1
2022-07-21,3.143642821045643,3.17,2.8,3.0025,3.195032518548864,4.362385761343851,3.0025,0,0,NaN,251,0,0,0,0,NaN,NaN,13.217053590799388,NaN,NaN,NaN,3.715,3.357301194025,NaN,NaN,NaN,NaN,NaN,NaN,NaN,NaN,NaN,NaN,1,0,0,0,0,NaN,NaN,13.217053590799388,NaN,NaN,NaN,3.715,3.357301194025,NaN,NaN,NaN,NaN,NaN,NaN,NaN,NaN,NaN,NaN,1
2022-07-22,3.0730714105228216,3.0730714105228216,2.63,2.83175,3.1289811515399797,4.339017276437838,2.83175,0,0,NaN,252,0,0,0,0,NaN,NaN,12.35609473728061,NaN,NaN,NaN,3.715,3.23231033656275,NaN,NaN,NaN,NaN,NaN,NaN,NaN,NaN,NaN,NaN,1,0,0,0,0,NaN,NaN,12.35609473728061,NaN,NaN,NaN,3.715,3.23231033656275,NaN,NaN,NaN,NaN,NaN,NaN,NaN,NaN,NaN,NaN,1
2022-07-25,2.9524107052614106,2.9524107052614106,2.66,2.7403999999999997,3.0583300330781653,4.314610905805199,2.7404,0,0,NaN,253,0,0,0,0,NaN,NaN,11.717568837551909,NaN,NaN,NaN,3.715,3.1330870961752195,NaN,NaN,NaN,NaN,NaN,NaN,NaN,NaN,NaN,NaN,1,0,0,0,0,NaN,NaN,11.717568837551909,NaN,NaN,NaN,3.715,3.1330870961752195,NaN,NaN,NaN,NaN,NaN,NaN,NaN,NaN,NaN,NaN,1
2022-07-26,2.846405352630705,2.846405352630705,2.5,2.6475,2.98363366342759,4.28915883090741,2.6475,0,0,NaN,254,0,0,0,0,NaN,NaN,11.294381282360401,NaN,NaN,NaN,3.715,3.0207665317489365,NaN,NaN,NaN,NaN,NaN,NaN,NaN,NaN,NaN,NaN,1,0,0,0,0,NaN,NaN,11.294381282360401,NaN,NaN,NaN,3.715,3.0207665317489365,NaN,NaN,NaN,NaN,NaN,NaN,NaN,NaN,NaN,NaN,1
2022-07-27,2.7469526763153524,2.79,2.51,2.685,2.9293366337134827,4.26466785638974,2.685,0,0,NaN,255,0,0,0,0,NaN,NaN,11.03559406555997,NaN,NaN,NaN,3.715,3.0207665317489365,NaN,NaN,NaN,NaN,NaN,NaN,NaN,NaN,NaN,NaN,1,0,0,0,0,NaN,NaN,11.03559406555997,NaN,NaN,NaN,3.715,3.0207665317489365,NaN,NaN,NaN,NaN,NaN,NaN,NaN,NaN,NaN,NaN,1
2022-07-28,2.7159763381576765,2.7827,2.6,2.699225,2.8874981548564858,4.240767965452492,2.699225,0,0,NaN,256,0,0,0,0,NaN,NaN,10.679356919297073,NaN,NaN,NaN,3.715,3.0207665317489365,NaN,NaN,NaN,NaN,NaN,NaN,NaN,NaN,NaN,NaN,1,0,0,0,0,NaN,NaN,10.679356919297073,NaN,NaN,NaN,3.715,3.0207665317489365,NaN,NaN,NaN,NaN,NaN,NaN,NaN,NaN,NaN,NaN,1
2022-07-29,2.7076006690788383,2.87,2.58,2.7425,2.861134853973488,4.217893645369248,2.7425,0,0,NaN,257,0,0,0,0,NaN,NaN,10.067248195490407,NaN,NaN,NaN,3.715,3.0207665317489365,NaN,NaN,NaN,NaN,NaN,NaN,NaN,NaN,NaN,NaN,1,0,0,0,0,NaN,NaN,10.067248195490407,NaN,NaN,NaN,3.715,3.0207665317489365,NaN,NaN,NaN,NaN,NaN,NaN,NaN,NaN,NaN,NaN,1
2022-08-01,2.7250503345394193,3.05,2.7250503345394193,3.0025,2.8868376077964903,4.199338017195672,3.0025,0,0,NaN,258,0,0,0,0,NaN,NaN,8.903468986798623,NaN,NaN,NaN,3.715,3.0207665317489365,NaN,NaN,NaN,NaN,NaN,NaN,NaN,NaN,NaN,NaN,1,0,0,0,0,NaN,NaN,8.903468986798623,NaN,NaN,NaN,3.715,3.0207665317489365,NaN,NaN,NaN,NaN,NaN,NaN,NaN,NaN,NaN,NaN,1
2022-08-02,2.8637751672697096,3.03,2.86,2.965,2.901048951833492,4.18049316197131,2.9649999999999994,0,0,NaN,259,0,0,0,0,NaN,NaN,7.659925234855909,NaN,NaN,NaN,3.715,3.0207665317489365,NaN,NaN,NaN,NaN,NaN,NaN,NaN,NaN,NaN,NaN,1,0,0,0,0,NaN,NaN,7.659925234855909,NaN,NaN,NaN,3.715,3.0207665317489365,NaN,NaN,NaN,NaN,NaN,NaN,NaN,NaN,NaN,NaN,1
2022-08-03,2.9143875836348547,3.145,2.91,3.01625,2.9219945969546752,4.162718457208389,3.01625,0,0,NaN,260,0,0,0,0,NaN,NaN,6.50117904259859,NaN,NaN,NaN,3.715,3.0207665317489365,NaN,NaN,NaN,NaN,NaN,NaN,NaN,NaN,NaN,NaN,1,0,0,0,0,NaN,NaN,6.50117904259859,NaN,NaN,NaN,3.715,3.0207665317489365,NaN,NaN,NaN,NaN,NaN,NaN,NaN,NaN,NaN,NaN,1
2022-08-04,2.9653187918174275,3.2818,2.84,3.0754499999999996,2.949895579326552,4.146118938777727,3.0754499999999996,0,0,NaN,261,0,0,0,0,NaN,NaN,5.277499622451575,NaN,NaN,NaN,3.715,3.0207665317489365,NaN,NaN,NaN,NaN,NaN,NaN,NaN,NaN,NaN,NaN,1,0,0,0,0,NaN,NaN,5.277499622451575,NaN,NaN,NaN,3.715,3.0207665317489365,NaN,NaN,NaN,NaN,NaN,NaN,NaN,NaN,NaN,NaN,1
2022-08-05,3.0203843959087138,3.17,2.97,3.0375,2.965823655812634,4.129193458796387,3.0375,0,0,NaN,262,0,0,0,0,NaN,NaN,4.233049760064732,NaN,NaN,NaN,3.715,3.0207665317489365,NaN,NaN,NaN,NaN,NaN,NaN,NaN,NaN,NaN,NaN,1,0,0,0,0,NaN,NaN,4.233049760064732,NaN,NaN,NaN,3.715,3.0207665317489365,NaN,NaN,NaN,NaN,NaN,NaN,NaN,NaN,NaN,NaN,1
2022-08-08,3.0289421979543567,3.39,2.86,3.1174999999999997,2.9934011729376095,4.113747757135374,3.1174999999999997,0,0,NaN,263,0,0,0,0,NaN,NaN,2.99367559425892,NaN,NaN,NaN,3.715,3.0207665317489365,NaN,NaN,NaN,NaN,NaN,NaN,NaN,NaN,NaN,NaN,1,0,0,0,0,NaN,NaN,2.99367559425892,NaN,NaN,NaN,3.715,3.0207665317489365,NaN,NaN,NaN,NaN,NaN,NaN,NaN,NaN,NaN,NaN,1
2022-08-09,3.073221098977178,3.6,3.073221098977178,3.4074999999999998,3.068691868767135,4.102965348629491,3.4074999999999998,0,0,NaN,264,0,0,0,0,NaN,NaN,1.3797384260308374,NaN,NaN,NaN,3.715,3.0959,NaN,NaN,NaN,NaN,NaN,NaN,NaN,NaN,NaN,NaN,1,0,0,0,0,NaN,NaN,1.3797384260308374,NaN,NaN,NaN,3.715,3.0959,NaN,NaN,NaN,NaN,NaN,NaN,NaN,NaN,NaN,NaN,1
2022-08-10,3.2403605494885888,3.54,3.22,3.4250000000000003,3.1334751653549286,4.0926147326198805,3.4250000000000003,0,0,NaN,265,0,0,0,0,NaN,NaN,0.3374096691266417,NaN,NaN,NaN,3.715,3.1142605000000003,NaN,NaN,NaN,NaN,NaN,NaN,NaN,NaN,NaN,NaN,1,0,0,0,0,NaN,NaN,0.3374096691266417,NaN,NaN,NaN,3.715,3.1142605000000003,NaN,NaN,NaN,NaN,NaN,NaN,NaN,NaN,NaN,NaN,1
2022-08-11,3.3326802747442947,3.93,3.3326802747442947,3.6825,3.2332978625631235,4.086353438992096,3.6825,0,0,NaN,266,0,0,0,0,NaN,NaN,0.08893273603045174,NaN,NaN,NaN,3.715,3.26937987,NaN,NaN,NaN,NaN,NaN,NaN,NaN,NaN,NaN,NaN,1,0,0,0,0,NaN,NaN,0.08893273603045174,NaN,NaN,NaN,3.715,3.26937987,NaN,NaN,NaN,NaN,NaN,NaN,NaN,NaN,NaN,NaN,1
2022-08-12,3.5075901373721474,3.93,3.5075901373721474,3.8225000000000002,3.340425523915283,4.08232514221359,3.8225,0,0,NaN,267,0,0,0,0,NaN,NaN,1.2549621318279798,NaN,NaN,NaN,3.715,3.3828606817000004,NaN,NaN,NaN,NaN,NaN,NaN,NaN,NaN,NaN,NaN,1,0,0,0,0,NaN,NaN,1.2549621318279798,NaN,NaN,NaN,3.715,3.3828606817000004,NaN,NaN,NaN,NaN,NaN,NaN,NaN,NaN,NaN,NaN,1
2022-08-15,3.665045068686074,4.01,3.665045068686074,3.915,3.4448936104761407,4.0797705598897185,3.915,0,0,NaN,268,0,0,0,0,NaN,NaN,3.6058956813529974,NaN,NaN,NaN,3.715,3.487417399896,NaN,NaN,NaN,NaN,NaN,NaN,NaN,NaN,NaN,NaN,1,0,0,0,0,NaN,NaN,3.6058956813529974,NaN,NaN,NaN,3.715,3.487417399896,NaN,NaN,NaN,NaN,NaN,NaN,NaN,NaN,NaN,NaN,1
2022-08-16,3.790022534343037,4.1,3.790022534343037,4.015,3.548549317662297,4.078781696379952,4.015,0,0,NaN,269,0,0,0,0,NaN,NaN,7.19752748293436,NaN,NaN,NaN,3.715,3.6090547899115997,NaN,NaN,NaN,NaN,NaN,NaN,NaN,NaN,NaN,NaN,1,0,0,0,0,NaN,NaN,7.19752748293436,NaN,NaN,NaN,3.715,3.6090547899115997,NaN,NaN,NaN,NaN,NaN,NaN,NaN,NaN,NaN,NaN,1
2022-08-17,3.9025112671715183,3.9025112671715183,3.44,3.5999999999999996,3.5579039871782427,4.071472052160411,3.5999999999999996,0,1,NaN,270,0,0,0,0,NaN,NaN,10.723876698717778,NaN,NaN,NaN,3.715,3.6090547899115997,NaN,NaN,NaN,NaN,NaN,NaN,NaN,NaN,NaN,NaN,1,0,0,0,0,NaN,NaN,10.723876698717778,NaN,NaN,NaN,3.715,3.6090547899115997,NaN,NaN,NaN,NaN,NaN,NaN,NaN,NaN,NaN,NaN,1
2022-08-18,3.751255633585759,3.751255633585759,3.31,3.39625,3.528512353145835,4.061163318539641,3.39625,0,0,NaN,271,0,0,0,0,NaN,NaN,13.733851860901478,NaN,NaN,NaN,3.715,3.6090547899115997,NaN,NaN,NaN,NaN,NaN,NaN,NaN,NaN,NaN,NaN,1,0,0,0,0,NaN,NaN,13.733851860901478,NaN,NaN,NaN,3.715,3.6090547899115997,NaN,NaN,NaN,NaN,NaN,NaN,NaN,NaN,NaN,NaN,1
2022-08-19,3.5737528167928794,3.5737528167928794,3.2,3.305,3.4878737434829556,4.049618840393998,3.305,0,0,NaN,272,0,0,0,0,NaN,NaN,17.259117192265165,NaN,NaN,NaN,3.715,3.6090547899115997,NaN,NaN,NaN,NaN,NaN,NaN,NaN,NaN,NaN,NaN,1,0,0,0,0,NaN,NaN,17.259117192265165,NaN,NaN,NaN,3.715,3.6090547899115997,NaN,NaN,NaN,NaN,NaN,NaN,NaN,NaN,NaN,NaN,1
2022-08-22,3.4393764083964395,3.4393764083964395,3.1,3.1875,3.4332603355769638,4.036456720693326,3.1875,0,0,NaN,273,0,0,0,0,NaN,NaN,17.410735453976674,NaN,NaN,NaN,3.715,3.5267749999999998,NaN,NaN,NaN,NaN,NaN,NaN,NaN,NaN,NaN,NaN,1,0,0,0,0,NaN,NaN,17.410735453976674,NaN,NaN,NaN,3.715,3.5267749999999998,NaN,NaN,NaN,NaN,NaN,NaN,NaN,NaN,NaN,NaN,1
2022-08-23,3.3134382041982198,3.3134382041982198,3.05,3.15,3.381758456381152,4.022923030301061,3.15,0,0,NaN,274,0,0,0,0,NaN,NaN,15.557094514883337,NaN,NaN,NaN,3.715,3.49728425,NaN,NaN,NaN,NaN,NaN,NaN,NaN,NaN,NaN,NaN,1,0,0,0,0,NaN,NaN,15.557094514883337,NaN,NaN,NaN,3.715,3.49728425,NaN,NaN,NaN,NaN,NaN,NaN,NaN,NaN,NaN,NaN,1
2022-08-24,3.2317191020991096,3.28,3.06,3.1275,3.3355296461300337,4.0092524496857775,3.1275,0,0,NaN,275,0,0,0,0,NaN,NaN,12.939764042810822,NaN,NaN,NaN,3.715,3.464522195,NaN,NaN,NaN,NaN,NaN,NaN,NaN,NaN,NaN,NaN,1,0,0,0,0,NaN,NaN,12.939764042810822,NaN,NaN,NaN,3.715,3.464522195,NaN,NaN,NaN,NaN,NaN,NaN,NaN,NaN,NaN,NaN,1
2022-08-25,3.1796095510495546,3.1796095510495546,2.97,3.095,3.2917969831973,3.995294397018819,3.095,0,0,NaN,276,0,0,0,0,NaN,NaN,10.238129545233235,NaN,NaN,NaN,3.715,3.41647769745,NaN,NaN,NaN,NaN,NaN,NaN,NaN,NaN,NaN,NaN,1,0,0,0,0,NaN,NaN,10.238129545233235,NaN,NaN,NaN,3.715,3.41647769745,NaN,NaN,NaN,NaN,NaN,NaN,NaN,NaN,NaN,NaN,1
2022-08-26,3.137304775524777,3.137304775524777,3.01,3.05815,3.2493157135250637,3.98098684897273,3.05815,0,0,NaN,277,0,0,0,0,NaN,NaN,7.7681415054440555,NaN,NaN,NaN,3.715,3.357264373756,NaN,NaN,NaN,NaN,NaN,NaN,NaN,NaN,NaN,NaN,1,0,0,0,0,NaN,NaN,7.7681415054440555,NaN,NaN,NaN,3.715,3.357264373756,NaN,NaN,NaN,NaN,NaN,NaN,NaN,NaN,NaN,NaN,1
2022-08-29,3.0977273877623883,3.14,2.99,3.0375,3.210803765611416,3.9665824695991008,3.0375000000000005,0,0,NaN,278,0,0,0,0,NaN,NaN,5.6330297251646995,NaN,NaN,NaN,3.715,3.3005234676926003,NaN,NaN,NaN,NaN,NaN,NaN,NaN,NaN,NaN,NaN,1,0,0,0,0,NaN,NaN,5.6330297251646995,NaN,NaN,NaN,3.715,3.3005234676926003,NaN,NaN,NaN,NaN,NaN,NaN,NaN,NaN,NaN,NaN,1
2022-08-30,3.067613693881194,3.067613693881194,2.92,2.98,3.1688394445911583,3.951520141818962,2.98,0,0,NaN,279,0,0,0,0,NaN,NaN,3.9169539020721094,NaN,NaN,NaN,3.715,3.2192542435079323,NaN,NaN,NaN,NaN,NaN,NaN,NaN,NaN,NaN,NaN,1,0,0,0,0,NaN,NaN,3.9169539020721094,NaN,NaN,NaN,3.715,3.2192542435079323,NaN,NaN,NaN,NaN,NaN,NaN,NaN,NaN,NaN,NaN,1
2022-08-31,3.023806846940597,3.023806846940597,2.77,2.8605,3.112777727392766,3.934863345760657,2.8605,0,0,NaN,280,0,0,0,0,NaN,NaN,1.9606638743604192,NaN,NaN,NaN,3.715,3.0967133523712667,NaN,NaN,NaN,NaN,NaN,NaN,NaN,NaN,NaN,NaN,1,0,0,0,0,NaN,NaN,1.9606638743604192,NaN,NaN,NaN,3.715,3.0967133523712667,NaN,NaN,NaN,NaN,NaN,NaN,NaN,NaN,NaN,NaN,1
2022-09-01,2.9421534234702986,2.9421534234702986,2.63,2.70545,3.038718140594081,3.916093676359731,2.70545,0,0,NaN,281,0,0,0,0,NaN,NaN,0.4901670547968772,NaN,NaN,NaN,3.715,2.9438911478021623,NaN,NaN,NaN,NaN,NaN,NaN,NaN,NaN,NaN,NaN,1,0,0,0,0,NaN,NaN,0.4901670547968772,NaN,NaN,NaN,3.715,2.9438911478021623,NaN,NaN,NaN,NaN,NaN,NaN,NaN,NaN,NaN,NaN,1
2022-09-02,2.8238017117351495,2.8238017117351495,2.66,2.7225,2.981223933213339,3.897870872140498,2.7225,0,0,NaN,282,0,0,0,0,NaN,NaN,0.01177647432572474,NaN,NaN,NaN,3.715,2.9438911478021623,NaN,NaN,NaN,NaN,NaN,NaN,NaN,NaN,NaN,NaN,1,0,0,0,0,NaN,NaN,0.01177647432572474,NaN,NaN,NaN,3.715,2.9438911478021623,NaN,NaN,NaN,NaN,NaN,NaN,NaN,NaN,NaN,NaN,1
2022-09-06,2.773150855867575,2.773150855867575,2.52,2.6300000000000003,2.9173650362654593,3.8785140649322463,2.6300000000000003,0,0,NaN,283,0,0,0,0,NaN,NaN,0.19762595664187488,NaN,NaN,NaN,3.715,2.831601287895579,NaN,NaN,NaN,NaN,NaN,NaN,NaN,NaN,NaN,NaN,1,0,0,0,0,NaN,NaN,0.19762595664187488,NaN,NaN,NaN,3.715,2.831601287895579,NaN,NaN,NaN,NaN,NaN,NaN,NaN,NaN,NaN,NaN,1
2022-09-07,2.7015754279337876,2.7015754279337876,2.49,2.5825,2.856480484217194,3.8587275906584715,2.5825,0,0,NaN,284,0,0,0,0,NaN,NaN,1.220511730472504,NaN,NaN,NaN,3.715,2.7402459015269054,NaN,NaN,NaN,NaN,NaN,NaN,NaN,NaN,NaN,NaN,1,0,0,0,0,NaN,NaN,1.220511730472504,NaN,NaN,NaN,3.715,2.7402459015269054,NaN,NaN,NaN,NaN,NaN,NaN,NaN,NaN,NaN,NaN,1
2022-09-08,2.642037713966894,2.642037713966894,2.48,2.535,2.798029487086795,3.838518009121701,2.535,0,0,NaN,285,0,0,0,0,NaN,NaN,3.0753171758200235,NaN,NaN,NaN,3.715,2.6566022540230265,NaN,NaN,NaN,NaN,NaN,NaN,NaN,NaN,NaN,NaN,1,0,0,0,0,NaN,NaN,3.0753171758200235,NaN,NaN,NaN,3.715,2.6566022540230265,NaN,NaN,NaN,NaN,NaN,NaN,NaN,NaN,NaN,NaN,1
2022-09-09,2.588518856983447,2.67,2.49,2.5725000000000002,2.757024125798287,3.8191894898984686,2.5725000000000002,0,0,NaN,286,0,0,0,0,NaN,NaN,5.29591470651937,NaN,NaN,NaN,3.715,2.6566022540230265,NaN,NaN,NaN,NaN,NaN,NaN,NaN,NaN,NaN,NaN,1,0,0,0,0,NaN,NaN,5.29591470651937,NaN,NaN,NaN,3.715,2.6566022540230265,NaN,NaN,NaN,NaN,NaN,NaN,NaN,NaN,NaN,NaN,1
2022-09-12,2.5805094284917236,2.81,2.5805094284917236,2.7625,2.7580197392895074,3.803056825930553,2.7625,0,0,NaN,287,0,0,0,0,NaN,NaN,6.79762585030548,NaN,NaN,NaN,3.715,2.6566022540230265,NaN,NaN,NaN,NaN,NaN,NaN,NaN,NaN,NaN,NaN,1,0,0,0,0,NaN,NaN,6.79762585030548,NaN,NaN,NaN,3.715,2.6566022540230265,NaN,NaN,NaN,NaN,NaN,NaN,NaN,NaN,NaN,NaN,1
2022-09-13,2.671504714245862,2.7119,2.52,2.6229750000000003,2.7334661503277786,3.7850403095041325,2.6229750000000003,0,0,NaN,288,0,0,0,0,NaN,NaN,8.387237335871491,NaN,NaN,NaN,3.715,2.6566022540230265,NaN,NaN,NaN,NaN,NaN,NaN,NaN,NaN,NaN,NaN,1,0,0,0,0,NaN,NaN,8.387237335871491,NaN,NaN,NaN,3.715,2.6566022540230265,NaN,NaN,NaN,NaN,NaN,NaN,NaN,NaN,NaN,NaN,1
2022-09-14,2.647239857122931,2.647239857122931,2.49,2.5125,2.693290486631819,3.765612213175825,2.5125,0,0,NaN,289,0,0,0,0,NaN,NaN,10.384662638145555,NaN,NaN,NaN,3.715,2.597525442574737,NaN,NaN,NaN,NaN,NaN,NaN,NaN,NaN,NaN,NaN,1,0,0,0,0,NaN,NaN,10.384662638145555,NaN,NaN,NaN,3.715,2.597525442574737,NaN,NaN,NaN,NaN,NaN,NaN,NaN,NaN,NaN,NaN,1
2022-09-15,2.5798699285614655,2.61,2.445,2.4987500000000002,2.6579194890623974,3.7462708053410796,2.4987500000000002,0,0,NaN,290,0,0,0,0,NaN,NaN,12.533505723760635,NaN,NaN,NaN,3.715,2.5548092699705895,NaN,NaN,NaN,NaN,NaN,NaN,NaN,NaN,NaN,NaN,1,0,0,0,0,NaN,NaN,12.533505723760635,NaN,NaN,NaN,3.715,2.5548092699705895,NaN,NaN,NaN,NaN,NaN,NaN,NaN,NaN,NaN,NaN,1
2022-09-16,2.539309964280733,2.539309964280733,2.3,2.4050000000000002,2.6119341274146888,3.725793388465643,2.4050000000000002,0,0,NaN,291,0,0,0,0,NaN,NaN,16.145646696366043,NaN,NaN,NaN,3.715,2.464701876582942,NaN,NaN,NaN,NaN,NaN,NaN,NaN,NaN,NaN,NaN,1,0,0,0,0,NaN,NaN,16.145646696366043,NaN,NaN,NaN,3.715,2.464701876582942,NaN,NaN,NaN,NaN,NaN,NaN,NaN,NaN,NaN,NaN,1
2022-09-19,2.4721549821403666,2.4721549821403666,2.39,2.4250000000000003,2.5779461042483818,3.705933947420366,2.4250000000000003,0,0,NaN,292,0,0,0,0,NaN,NaN,21.709669950353597,NaN,NaN,NaN,3.715,2.464701876582942,NaN,NaN,NaN,NaN,NaN,NaN,NaN,NaN,NaN,NaN,1,0,0,0,0,NaN,NaN,21.709669950353597,NaN,NaN,NaN,3.715,2.464701876582942,NaN,NaN,NaN,NaN,NaN,NaN,NaN,NaN,NaN,NaN,1
2022-09-20,2.4485774910701834,2.4989,2.3,2.3947249999999998,2.5446331762032215,3.6859154902078415,2.3947249999999998,0,0,NaN,293,0,0,0,0,NaN,NaN,29.634956192170343,NaN,NaN,NaN,3.715,2.430386657120618,NaN,NaN,NaN,NaN,NaN,NaN,NaN,NaN,NaN,NaN,1,0,0,0,0,NaN,NaN,29.634956192170343,NaN,NaN,NaN,3.715,2.430386657120618,NaN,NaN,NaN,NaN,NaN,NaN,NaN,NaN,NaN,NaN,1
2022-09-21,2.4216512455350916,2.465,2.25,2.34375,2.50810896234809,3.6654244140214622,2.34375,0,0,NaN,294,0,0,0,0,NaN,NaN,37.06522871545761,NaN,NaN,NaN,3.715,2.3755475617027213,NaN,NaN,NaN,NaN,NaN,NaN,NaN,NaN,NaN,NaN,1,0,0,0,0,NaN,NaN,37.06522871545761,NaN,NaN,NaN,3.715,2.3755475617027213,NaN,NaN,NaN,NaN,NaN,NaN,NaN,NaN,NaN,NaN,1
2022-09-22,2.382700622767546,2.382700622767546,2.23,2.2824999999999998,2.4670891510120736,3.6443110641890737,2.2824999999999998,0,0,NaN,295,0,0,0,0,NaN,NaN,42.27628224576282,NaN,NaN,NaN,3.715,2.313087055234333,NaN,NaN,NaN,NaN,NaN,NaN,NaN,NaN,NaN,NaN,1,0,0,0,0,NaN,NaN,42.27628224576282,NaN,NaN,NaN,3.715,2.313087055234333,NaN,NaN,NaN,NaN,NaN,NaN,NaN,NaN,NaN,NaN,1
2022-09-23,2.3326003113837728,2.345,2.24,2.2912500000000002,2.4351183962826055,3.6236536433617594,2.2912500000000002,0,0,NaN,296,0,0,0,0,NaN,NaN,46.61587490468832,NaN,NaN,NaN,3.715,2.313087055234333,NaN,NaN,NaN,NaN,NaN,NaN,NaN,NaN,NaN,NaN,1,0,0,0,0,NaN,NaN,46.61587490468832,NaN,NaN,NaN,3.715,2.313087055234333,NaN,NaN,NaN,NaN,NaN,NaN,NaN,NaN,NaN,NaN,1
2022-09-26,2.3119251556918865,2.41,2.25,2.3024999999999998,2.411005960594859,3.603483358730282,2.3024999999999998,0,0,NaN,297,0,0,0,0,NaN,NaN,51.54942351905394,NaN,NaN,NaN,3.715,2.313087055234333,NaN,NaN,NaN,NaN,NaN,NaN,NaN,NaN,NaN,NaN,1,0,0,0,0,NaN,NaN,51.54942351905394,NaN,NaN,NaN,3.715,2.313087055234333,NaN,NaN,NaN,NaN,NaN,NaN,NaN,NaN,NaN,NaN,1
2022-09-27,2.3072125778459434,2.31,2.2,2.265,2.3844594223048845,3.5830484982916517,2.265,0,0,NaN,298,0,0,0,0,NaN,NaN,54.07084896720965,NaN,NaN,NaN,3.715,2.2830950454077934,NaN,NaN,NaN,NaN,NaN,NaN,NaN,NaN,NaN,NaN,1,0,0,0,0,NaN,NaN,54.07084896720965,NaN,NaN,NaN,3.715,2.2830950454077934,NaN,NaN,NaN,NaN,NaN,NaN,NaN,NaN,NaN,NaN,1
2022-09-28,2.286106288922972,2.4601,2.235,2.338775,2.3761531637039965,3.5640519563330004,2.338775,0,0,NaN,299,0,0,0,0,NaN,2.235,55.3494915519564,NaN,NaN,NaN,3.715,2.322913375,NaN,NaN,NaN,NaN,NaN,NaN,NaN,NaN,NaN,NaN,1,0,0,0,0,NaN,2.235,55.3494915519564,NaN,NaN,NaN,3.715,2.322913375,NaN,NaN,NaN,NaN,NaN,NaN,NaN,NaN,NaN,NaN,1
2022-09-29,2.312440644461486,2.34,2.25,2.3075,2.36367077030327,3.5448679569996724,2.3075,0,0,NaN,300,0,0,0,0,NaN,NaN,56.027281914097195,NaN,NaN,NaN,3.715,2.322913375,NaN,NaN,NaN,NaN,NaN,NaN,NaN,NaN,NaN,NaN,1,0,0,0,0,NaN,NaN,56.027281914097195,NaN,NaN,NaN,3.715,2.322913375,NaN,NaN,NaN,NaN,NaN,NaN,NaN,NaN,NaN,NaN,1
2022-09-30,2.3099703222307433,2.37,2.26,2.2975,2.351639721157221,3.525824171396624,2.2975,0,0,NaN,301,0,0,0,0,NaN,NaN,56.23022049273866,NaN,NaN,NaN,3.715,2.3175183749999997,NaN,NaN,NaN,NaN,NaN,NaN,NaN,NaN,NaN,NaN,1,0,0,0,0,NaN,NaN,56.23022049273866,NaN,NaN,NaN,3.715,2.3175183749999997,NaN,NaN,NaN,NaN,NaN,NaN,NaN,NaN,NaN,NaN,1
2022-10-03,2.3037351611153714,2.47,2.28,2.3875,2.358159771855908,3.5084451764134696,2.3875,0,0,NaN,302,0,0,0,0,NaN,NaN,55.89677371220824,NaN,NaN,NaN,3.715,2.3438499999999998,NaN,NaN,NaN,NaN,NaN,NaN,NaN,NaN,NaN,NaN,1,0,0,0,0,NaN,NaN,55.89677371220824,NaN,NaN,NaN,3.715,2.3438499999999998,NaN,NaN,NaN,NaN,NaN,NaN,NaN,NaN,NaN,NaN,1
2022-10-04,2.3456175805576858,2.6,2.3456175805576858,2.54,2.3912216315184702,3.493659753872806,2.54,0,0,NaN,303,0,0,0,0,NaN,NaN,54.99995645923009,NaN,NaN,NaN,3.715,2.4236969999999998,NaN,NaN,NaN,NaN,NaN,NaN,NaN,NaN,NaN,NaN,1,0,0,0,0,NaN,NaN,54.99995645923009,NaN,NaN,NaN,3.715,2.4236969999999998,NaN,NaN,NaN,NaN,NaN,NaN,NaN,NaN,NaN,NaN,1
2022-10-05,2.4428087902788427,2.78,2.4428087902788427,2.6399999999999997,2.4364540621514754,3.4806267805312365,2.6399999999999997,0,0,NaN,304,0,0,0,0,NaN,NaN,53.652352979674276,NaN,NaN,NaN,3.715,2.4836751799999996,NaN,NaN,NaN,NaN,NaN,NaN,NaN,NaN,NaN,NaN,1,0,0,0,0,NaN,NaN,53.652352979674276,NaN,NaN,NaN,3.715,2.4836751799999996,NaN,NaN,NaN,NaN,NaN,NaN,NaN,NaN,NaN,NaN,1
2022-10-06,2.541404395139421,2.77,2.541404395139421,2.665,2.4780078690330254,3.4681744632712177,2.665,0,0,NaN,305,0,0,0,0,NaN,NaN,51.69156588621176,NaN,NaN,NaN,3.715,2.5113694138,NaN,NaN,NaN,NaN,NaN,NaN,NaN,NaN,NaN,NaN,1,0,0,0,0,NaN,NaN,51.69156588621176,NaN,NaN,NaN,3.715,2.5113694138,NaN,NaN,NaN,NaN,NaN,NaN,NaN,NaN,NaN,NaN,1
2022-10-07,2.6032021975697104,2.74,2.58,2.635,2.5065518928452026,3.455454242457917,2.635,0,0,NaN,306,0,0,0,0,NaN,NaN,49.68635404939443,NaN,NaN,NaN,3.715,2.5113694138,NaN,NaN,NaN,NaN,NaN,NaN,NaN,NaN,NaN,NaN,1,0,0,0,0,NaN,NaN,49.68635404939443,NaN,NaN,NaN,3.715,2.5113694138,NaN,NaN,NaN,NaN,NaN,NaN,NaN,NaN,NaN,NaN,1
2022-10-10,2.619101098784855,2.666,2.4,2.574,2.518815185055166,3.4419969257791703,2.574,0,0,NaN,307,0,0,0,0,NaN,NaN,48.23072627103859,NaN,NaN,NaN,3.715,2.5113694138,NaN,NaN,NaN,NaN,NaN,NaN,NaN,NaN,NaN,NaN,1,0,0,0,0,NaN,NaN,48.23072627103859,NaN,NaN,NaN,3.715,2.5113694138,NaN,NaN,NaN,NaN,NaN,NaN,NaN,NaN,NaN,NaN,1
2022-10-11,2.5965505493924272,2.69,2.5,2.58,2.5299396968633174,3.428836667370328,2.58,0,0,NaN,308,0,0,0,0,NaN,NaN,47.37521444335455,NaN,NaN,NaN,3.715,2.5113694138,NaN,NaN,NaN,NaN,NaN,NaN,NaN,NaN,NaN,NaN,1,0,0,0,0,NaN,NaN,47.37521444335455,NaN,NaN,NaN,3.715,2.5113694138,NaN,NaN,NaN,NaN,NaN,NaN,NaN,NaN,NaN,NaN,1
2022-10-12,2.5882752746962137,2.62,2.5,2.5575,2.534950661069987,3.4155338174868115,2.5575,0,0,NaN,309,0,0,0,0,NaN,NaN,46.479222734867726,NaN,NaN,NaN,3.715,2.5113694138,NaN,NaN,NaN,NaN,NaN,NaN,NaN,NaN,NaN,NaN,1,0,0,0,0,NaN,NaN,46.479222734867726,NaN,NaN,NaN,3.715,2.5113694138,NaN,NaN,NaN,NaN,NaN,NaN,NaN,NaN,NaN,NaN,1
2022-10-13,2.572887637348107,2.64,2.46,2.5525,2.538141449966353,3.402357728670219,2.5525,0,0,NaN,310,0,0,0,0,NaN,NaN,45.43093174037827,NaN,NaN,NaN,3.715,2.5113694138,NaN,NaN,NaN,NaN,NaN,NaN,NaN,NaN,NaN,NaN,1,0,0,0,0,NaN,NaN,45.43093174037827,NaN,NaN,NaN,3.715,2.5113694138,NaN,NaN,NaN,NaN,NaN,NaN,NaN,NaN,NaN,NaN,1
2022-10-14,2.5626938186740533,2.6336,2.43,2.5359,2.537733913608834,3.3891293664004447,2.5359,0,0,NaN,311,0,0,0,0,NaN,NaN,44.33330015672488,NaN,NaN,NaN,3.715,2.5113694138,NaN,NaN,NaN,NaN,NaN,NaN,NaN,NaN,NaN,NaN,1,0,0,0,0,NaN,NaN,44.33330015672488,NaN,NaN,NaN,3.715,2.5113694138,NaN,NaN,NaN,NaN,NaN,NaN,NaN,NaN,NaN,NaN,1
2022-10-17,2.5492969093370266,2.5492969093370266,2.35,2.450025,2.521786838407228,3.37479189515769,2.450025,0,0,NaN,312,0,0,0,0,NaN,NaN,43.60199554073065,NaN,NaN,NaN,3.715,2.5113694138,NaN,NaN,NaN,NaN,NaN,NaN,NaN,NaN,NaN,NaN,1,0,0,0,0,NaN,NaN,43.60199554073065,NaN,NaN,NaN,3.715,2.5113694138,NaN,NaN,NaN,NaN,NaN,NaN,NaN,NaN,NaN,NaN,1
2022-10-18,2.4996609546685136,2.57,2.3106,2.4301500000000003,2.5051255950604596,3.3603698814911604,2.4301500000000003,0,0,NaN,313,0,0,0,0,NaN,NaN,43.08681763847302,NaN,NaN,NaN,3.715,2.5113694138,NaN,NaN,NaN,NaN,NaN,NaN,NaN,NaN,NaN,NaN,1,0,0,0,0,NaN,NaN,43.08681763847302,NaN,NaN,NaN,3.715,2.5113694138,NaN,NaN,NaN,NaN,NaN,NaN,NaN,NaN,NaN,NaN,1
2022-10-19,2.464905477334257,2.55,2.41,2.485,2.5014663959585577,3.3470054558195397,2.485,0,0,NaN,314,0,0,0,0,NaN,NaN,42.28888366792175,NaN,NaN,NaN,3.715,2.5113694138,NaN,NaN,NaN,NaN,NaN,NaN,NaN,NaN,NaN,NaN,1,0,0,0,0,NaN,NaN,42.28888366792175,NaN,NaN,NaN,3.715,2.5113694138,NaN,NaN,NaN,NaN,NaN,NaN,NaN,NaN,NaN,NaN,1
2022-10-20,2.4749527386671284,2.65,2.43,2.5324999999999998,2.5071088694206383,3.334570258020768,2.5324999999999998,0,0,NaN,315,0,0,0,0,NaN,NaN,42.253328191787084,NaN,NaN,NaN,3.715,2.5113694138,NaN,NaN,NaN,NaN,NaN,NaN,NaN,NaN,NaN,NaN,1,0,0,0,0,NaN,NaN,42.253328191787084,NaN,NaN,NaN,3.715,2.5113694138,NaN,NaN,NaN,NaN,NaN,NaN,NaN,NaN,NaN,NaN,1
2022-10-21,2.503726369333564,2.61,2.5,2.5749999999999997,2.5194527113441585,3.3229737655319016,2.5749999999999997,0,0,NaN,316,0,0,0,0,NaN,NaN,42.46329619844262,NaN,NaN,NaN,3.715,2.5113694138,NaN,NaN,NaN,NaN,NaN,NaN,NaN,NaN,NaN,NaN,1,0,0,0,0,NaN,NaN,42.46329619844262,NaN,NaN,NaN,3.715,2.5113694138,NaN,NaN,NaN,NaN,NaN,NaN,NaN,NaN,NaN,NaN,1
2022-10-24,2.539363184666782,2.61,2.37,2.5125,2.518188582008857,3.3106001202566055,2.5125,0,0,NaN,317,0,0,0,0,NaN,NaN,42.67526666166921,NaN,NaN,NaN,3.715,2.5113694138,NaN,NaN,NaN,NaN,NaN,NaN,NaN,NaN,NaN,NaN,1,0,0,0,0,NaN,NaN,42.67526666166921,NaN,NaN,NaN,3.715,2.5113694138,NaN,NaN,NaN,NaN,NaN,NaN,NaN,NaN,NaN,NaN,1
2022-10-25,2.525931592333391,2.57,2.41,2.4924999999999997,2.5135179307345195,3.298110042084749,2.4924999999999997,0,0,NaN,318,0,0,0,0,NaN,NaN,42.176860891429115,NaN,NaN,NaN,3.715,2.5113694138,NaN,NaN,NaN,NaN,NaN,NaN,NaN,NaN,NaN,NaN,1,0,0,0,0,NaN,NaN,42.176860891429115,NaN,NaN,NaN,3.715,2.5113694138,NaN,NaN,NaN,NaN,NaN,NaN,NaN,NaN,NaN,NaN,1
2022-10-26,2.5092157961666954,2.6,2.47,2.52125,2.5149237615100613,3.2862495834269665,2.52125,0,0,NaN,319,0,0,0,0,NaN,NaN,41.05915709039744,NaN,NaN,NaN,3.715,2.5113694138,NaN,NaN,NaN,NaN,NaN,NaN,NaN,NaN,NaN,NaN,1,0,0,0,0,NaN,NaN,41.05915709039744,NaN,NaN,NaN,3.715,2.5113694138,NaN,NaN,NaN,NaN,NaN,NaN,NaN,NaN,NaN,NaN,1
2022-10-27,2.515232898083348,2.53,2.465,2.49375,2.51107398669005,3.2741503531456386,2.49375,0,0,NaN,320,0,0,0,0,NaN,NaN,40.169678475156594,NaN,NaN,NaN,3.715,2.5113694138,NaN,NaN,NaN,NaN,NaN,NaN,NaN,NaN,NaN,NaN,1,0,0,0,0,NaN,NaN,40.169678475156594,NaN,NaN,NaN,3.715,2.5113694138,NaN,NaN,NaN,NaN,NaN,NaN,NaN,NaN,NaN,NaN,1
2022-10-28,2.504491449041674,2.63,2.47,2.5324999999999998,2.5149696254736775,3.2628274469907432,2.5324999999999998,0,0,NaN,321,0,0,0,0,NaN,NaN,39.702162408319424,NaN,NaN,NaN,3.715,2.5113694138,NaN,NaN,NaN,NaN,NaN,NaN,NaN,NaN,NaN,NaN,1,0,0,0,0,NaN,NaN,39.702162408319424,NaN,NaN,NaN,3.715,2.5113694138,NaN,NaN,NaN,NaN,NaN,NaN,NaN,NaN,NaN,NaN,1
2022-10-31,2.518495724520837,2.53,2.41,2.4825,2.509066057205736,3.25091405085348,2.4825,0,0,NaN,322,0,0,0,0,NaN,NaN,39.583066730324376,NaN,NaN,NaN,3.715,2.5113694138,NaN,NaN,NaN,NaN,NaN,NaN,NaN,NaN,NaN,NaN,1,0,0,0,0,NaN,NaN,39.583066730324376,NaN,NaN,NaN,3.715,2.5113694138,NaN,NaN,NaN,NaN,NaN,NaN,NaN,NaN,NaN,NaN,1
2022-11-01,2.5004978622604184,2.53,2.39,2.4675000000000002,2.5015085922592384,3.2389535309931214,2.4675000000000002,0,0,NaN,323,0,0,0,0,NaN,NaN,39.962088544993655,NaN,NaN,NaN,3.715,2.5113694138,NaN,NaN,NaN,NaN,NaN,NaN,NaN,NaN,NaN,NaN,1,0,0,0,0,NaN,NaN,39.962088544993655,NaN,NaN,NaN,3.715,2.5113694138,NaN,NaN,NaN,NaN,NaN,NaN,NaN,NaN,NaN,NaN,1
2022-11-02,2.483998931130209,2.55,2.34,2.4274999999999998,2.4880524845757406,3.2265649274665087,2.4274999999999998,0,0,NaN,324,0,0,0,0,NaN,NaN,41.584939773096714,NaN,NaN,NaN,3.715,2.5113694138,NaN,NaN,NaN,NaN,NaN,NaN,NaN,NaN,NaN,NaN,1,0,0,0,0,NaN,NaN,41.584939773096714,NaN,NaN,NaN,3.715,2.5113694138,NaN,NaN,NaN,NaN,NaN,NaN,NaN,NaN,NaN,NaN,1
2022-11-03,2.4557494655651047,2.4557494655651047,1.6929,2.060725,2.4103565782892424,3.2087658446044247,2.060725,0,0,NaN,325,0,0,0,0,NaN,NaN,45.30780256941141,NaN,NaN,NaN,3.715,2.326606,NaN,NaN,NaN,NaN,NaN,NaN,NaN,NaN,NaN,NaN,1,0,0,0,0,NaN,NaN,45.30780256941141,NaN,NaN,NaN,3.715,2.326606,NaN,NaN,NaN,NaN,NaN,NaN,NaN,NaN,NaN,NaN,1
2022-11-04,2.2582372327825526,2.2582372327825526,1.83,1.9075,2.3189281095093803,3.1888991904883266,1.9075,0,0,NaN,326,0,0,0,0,NaN,NaN,50.077456469450986,NaN,NaN,NaN,3.715,2.239718695,NaN,NaN,NaN,NaN,NaN,NaN,NaN,NaN,NaN,NaN,1,0,0,0,0,NaN,NaN,50.077456469450986,NaN,NaN,NaN,3.715,2.239718695,NaN,NaN,NaN,NaN,NaN,NaN,NaN,NaN,NaN,NaN,1
2022-11-07,2.082868616391276,2.082868616391276,1.93,1.9749999999999999,2.25639572596222,3.1703663784198026,1.9749999999999996,0,0,NaN,327,0,0,0,0,NaN,NaN,54.3422645125686,NaN,NaN,NaN,3.6059662724812718,2.239718695,NaN,NaN,NaN,NaN,NaN,NaN,NaN,NaN,NaN,NaN,1,0,0,0,0,NaN,NaN,54.3422645125686,NaN,NaN,NaN,3.6059662724812718,2.239718695,NaN,NaN,NaN,NaN,NaN,NaN,NaN,NaN,NaN,NaN,1
2022-11-08,2.028934308195638,2.17,2,2.0875,2.2256874121509074,3.15383406729889,2.0875,0,0,NaN,328,0,0,0,0,NaN,NaN,58.134933492706544,NaN,NaN,NaN,2.9560785085982606,2.239718695,NaN,NaN,NaN,NaN,NaN,NaN,NaN,NaN,NaN,NaN,1,0,0,0,0,NaN,NaN,58.134933492706544,NaN,NaN,NaN,2.9560785085982606,2.239718695,NaN,NaN,NaN,NaN,NaN,NaN,NaN,NaN,NaN,NaN,1
2022-11-09,2.058217154097819,2.31,2.058217154097819,2.1999999999999997,2.221016973578015,3.139271715126388,2.1999999999999997,0,0,NaN,329,0,0,0,0,NaN,NaN,61.114914952506396,NaN,NaN,NaN,2.9560785085982606,2.239718695,NaN,NaN,NaN,NaN,NaN,NaN,NaN,NaN,NaN,NaN,1,0,0,0,0,NaN,NaN,61.114914952506396,NaN,NaN,NaN,2.9560785085982606,2.239718695,NaN,NaN,NaN,NaN,NaN,NaN,NaN,NaN,NaN,NaN,1
2022-11-10,2.1291085770489095,2.38,2.1291085770489095,2.285,2.2326502511092854,3.126229398864916,2.285,0,0,NaN,330,0,0,0,0,NaN,NaN,61.80933298264115,NaN,NaN,NaN,2.9560785085982606,2.239718695,NaN,NaN,NaN,NaN,NaN,NaN,NaN,NaN,NaN,NaN,1,0,0,0,0,NaN,NaN,61.80933298264115,NaN,NaN,NaN,2.9560785085982606,2.239718695,NaN,NaN,NaN,NaN,NaN,NaN,NaN,NaN,NaN,NaN,1
2022-11-11,2.207054288524455,2.49,2.207054288524455,2.415,2.265804750907597,3.1153709347601084,2.415,0,0,NaN,331,0,0,0,0,NaN,NaN,61.928165660139065,NaN,NaN,NaN,2.9560785085982606,2.239718695,NaN,NaN,NaN,NaN,NaN,NaN,NaN,NaN,NaN,NaN,1,0,0,0,0,NaN,NaN,61.928165660139065,NaN,NaN,NaN,2.9560785085982606,2.239718695,NaN,NaN,NaN,NaN,NaN,NaN,NaN,NaN,NaN,NaN,1
2022-11-14,2.311027144262227,2.52,2.311027144262227,2.4375,2.297022068924398,3.105021760183618,2.4375,0,0,NaN,332,0,0,0,0,NaN,NaN,61.51341950532358,NaN,NaN,NaN,2.9560785085982606,2.239718695,NaN,NaN,NaN,NaN,NaN,NaN,NaN,NaN,NaN,NaN,1,0,0,0,0,NaN,NaN,61.51341950532358,NaN,NaN,NaN,2.9560785085982606,2.239718695,NaN,NaN,NaN,NaN,NaN,NaN,NaN,NaN,NaN,NaN,1
2022-11-15,2.3742635721311136,2.498,2.3701,2.434525,2.3220226018472347,3.0947851684250898,2.434525,0,0,NaN,333,0,0,0,0,NaN,NaN,60.70267615970187,NaN,NaN,NaN,2.9560785085982606,2.239718695,NaN,NaN,NaN,NaN,NaN,NaN,NaN,NaN,NaN,NaN,1,0,0,0,0,NaN,NaN,60.70267615970187,NaN,NaN,NaN,2.9560785085982606,2.239718695,NaN,NaN,NaN,NaN,NaN,NaN,NaN,NaN,NaN,NaN,1
2022-11-16,2.404394286065557,2.46,2.29,2.3725,2.331200310602283,3.0837579139453175,2.3725,0,0,NaN,334,0,0,0,0,NaN,NaN,60.36251444812797,NaN,NaN,NaN,2.9560785085982606,2.239718695,NaN,NaN,NaN,NaN,NaN,NaN,NaN,NaN,NaN,NaN,1,0,0,0,0,NaN,NaN,60.36251444812797,NaN,NaN,NaN,2.9560785085982606,2.239718695,NaN,NaN,NaN,NaN,NaN,NaN,NaN,NaN,NaN,NaN,1
2022-11-17,2.3884471430327787,2.3884471430327787,2.13,2.2775,2.3214366177655044,3.0714486328163813,2.2775,0,0,NaN,335,0,0,0,0,NaN,NaN,60.03847643009562,NaN,NaN,NaN,2.9560785085982606,2.239718695,NaN,NaN,NaN,NaN,NaN,NaN,NaN,NaN,NaN,NaN,1,0,0,0,0,NaN,NaN,60.03847643009562,NaN,NaN,NaN,2.9560785085982606,2.239718695,NaN,NaN,NaN,NaN,NaN,NaN,NaN,NaN,NaN,NaN,1
2022-11-18,2.3329735715163893,2.41,2.18,2.3225000000000002,2.3216299599899584,3.0600143025443756,2.3225000000000002,0,0,NaN,336,0,0,0,0,NaN,NaN,58.403179250778216,NaN,NaN,NaN,2.9560785085982606,2.239718695,NaN,NaN,NaN,NaN,NaN,NaN,NaN,NaN,NaN,NaN,1,0,0,0,0,NaN,NaN,58.403179250778216,NaN,NaN,NaN,2.9560785085982606,2.239718695,NaN,NaN,NaN,NaN,NaN,NaN,NaN,NaN,NaN,NaN,1
2022-11-21,2.3277367857581948,2.37,2.15,2.27,2.3122426945372387,3.0479530154826295,2.27,0,0,NaN,337,0,0,0,0,NaN,NaN,56.90855480466192,NaN,NaN,NaN,2.9560785085982606,2.239718695,NaN,NaN,NaN,NaN,NaN,NaN,NaN,NaN,NaN,NaN,1,0,0,0,0,NaN,NaN,56.90855480466192,NaN,NaN,NaN,2.9560785085982606,2.239718695,NaN,NaN,NaN,NaN,NaN,NaN,NaN,NaN,NaN,NaN,1
2022-11-22,2.2988683928790974,2.2988683928790974,2.13,2.1775,2.2877440228031953,3.0346636564676275,2.1775,0,0,NaN,338,0,0,0,0,NaN,NaN,55.66442168762826,NaN,NaN,NaN,2.9560785085982606,2.239718695,NaN,NaN,NaN,NaN,NaN,NaN,NaN,NaN,NaN,NaN,1,0,0,0,0,NaN,NaN,55.66442168762826,NaN,NaN,NaN,2.9560785085982606,2.239718695,NaN,NaN,NaN,NaN,NaN,NaN,NaN,NaN,NaN,NaN,1
2022-11-23,2.2381841964395486,2.2381841964395486,2.11,2.1825,2.268608745929887,3.0216535243078164,2.1825,0,0,NaN,339,0,0,0,0,NaN,NaN,54.69957893681657,NaN,NaN,NaN,2.9560785085982606,2.239718695,NaN,NaN,NaN,NaN,NaN,NaN,NaN,NaN,NaN,NaN,1,0,0,0,0,NaN,NaN,54.69957893681657,NaN,NaN,NaN,2.9560785085982606,2.239718695,NaN,NaN,NaN,NaN,NaN,NaN,NaN,NaN,NaN,NaN,1
2022-11-25,2.2103420982197743,2.343,2.15,2.20825,2.2576344284880894,3.009235149890903,2.20825,0,0,NaN,340,0,0,0,0,NaN,NaN,54.31703095271379,NaN,NaN,NaN,2.9560785085982606,2.239718695,NaN,NaN,NaN,NaN,NaN,NaN,NaN,NaN,NaN,NaN,1,0,0,0,0,NaN,NaN,54.31703095271379,NaN,NaN,NaN,2.9560785085982606,2.239718695,NaN,NaN,NaN,NaN,NaN,NaN,NaN,NaN,NaN,NaN,1
2022-11-28,2.209296049109887,2.209296049109887,2.0904,2.1301,2.2344463505811643,2.9958132392055457,2.1301,0,0,NaN,341,0,0,0,0,NaN,NaN,56.230137415850415,NaN,NaN,NaN,2.9560785085982606,2.239718695,NaN,NaN,NaN,NaN,NaN,NaN,NaN,NaN,NaN,NaN,1,0,0,0,0,NaN,NaN,56.230137415850415,NaN,NaN,NaN,2.9560785085982606,2.239718695,NaN,NaN,NaN,NaN,NaN,NaN,NaN,NaN,NaN,NaN,1
2022-11-29,2.1696980245549433,2.17,1.78,1.97,2.1863651959300436,2.9801519683779802,1.97,0,0,NaN,342,0,0,0,0,NaN,NaN,56.98304367920435,NaN,NaN,NaN,2.9560785085982606,2.239718695,NaN,NaN,NaN,NaN,NaN,NaN,NaN,NaN,NaN,NaN,1,0,0,0,0,NaN,NaN,56.98304367920435,NaN,NaN,NaN,2.9560785085982606,2.239718695,NaN,NaN,NaN,NaN,NaN,NaN,NaN,NaN,NaN,NaN,1
2022-11-30,2.0698490122774715,2.0698490122774715,1.8,1.87,2.12884425121549,2.963203083364576,1.87,0,0,NaN,343,0,0,0,0,NaN,NaN,57.32978112552111,NaN,NaN,NaN,2.9560785085982606,2.1999105733,NaN,NaN,NaN,NaN,NaN,NaN,NaN,NaN,NaN,NaN,1,0,0,0,0,NaN,NaN,57.32978112552111,NaN,NaN,NaN,2.9560785085982606,2.1999105733,NaN,NaN,NaN,NaN,NaN,NaN,NaN,NaN,NaN,NaN,1
2022-12-01,1.9699245061387358,1.9699245061387358,1.8,1.877275,2.0831043873581283,2.94662402865672,1.877275,0,0,NaN,344,0,0,0,0,NaN,NaN,57.52122073932375,NaN,NaN,NaN,2.9560785085982606,2.1999105733,NaN,NaN,NaN,NaN,NaN,NaN,NaN,NaN,NaN,NaN,1,0,0,0,0,NaN,NaN,57.52122073932375,NaN,NaN,NaN,2.9560785085982606,2.1999105733,NaN,NaN,NaN,NaN,NaN,NaN,NaN,NaN,NaN,NaN,1
2022-12-02,1.923599753069368,2.06,1.8,1.9125,2.0520854078384687,2.9308358755474573,1.9125,0,0,NaN,345,0,0,0,0,NaN,NaN,57.468784122931716,NaN,NaN,NaN,2.9560785085982606,2.1999105733,NaN,NaN,NaN,NaN,NaN,NaN,NaN,NaN,NaN,NaN,1,0,0,0,0,NaN,NaN,57.468784122931716,NaN,NaN,NaN,2.9560785085982606,2.1999105733,NaN,NaN,NaN,NaN,NaN,NaN,NaN,NaN,NaN,NaN,1
2022-12-05,1.918049876534684,2.23,1.88,2,2.0426153336860198,2.916624640806275,2,0,0,NaN,346,0,0,0,0,NaN,NaN,57.12774197913764,NaN,NaN,NaN,2.9560785085982606,2.1999105733,NaN,NaN,NaN,NaN,NaN,NaN,NaN,NaN,NaN,NaN,1,0,0,0,0,NaN,NaN,57.12774197913764,NaN,NaN,NaN,2.9560785085982606,2.1999105733,NaN,NaN,NaN,NaN,NaN,NaN,NaN,NaN,NaN,NaN,1
2022-12-06,1.959024938267342,2.1,1.79,1.91,2.018503454834016,2.9012563256794617,1.91,0,0,NaN,347,0,0,0,0,NaN,NaN,57.0651766893607,NaN,NaN,NaN,2.9560785085982606,2.1999105733,NaN,NaN,NaN,NaN,NaN,NaN,NaN,NaN,NaN,NaN,1,0,0,0,0,NaN,NaN,57.0651766893607,NaN,NaN,NaN,2.9560785085982606,2.1999105733,NaN,NaN,NaN,NaN,NaN,NaN,NaN,NaN,NaN,NaN,1
2022-12-07,1.9345124691336708,2.02,1.85,1.9175000000000002,2.0001391903187407,2.886237145134737,1.9175000000000002,0,0,NaN,348,0,0,0,0,NaN,NaN,56.9662414912785,NaN,NaN,NaN,2.9560785085982606,2.1999105733,NaN,NaN,NaN,NaN,NaN,NaN,NaN,NaN,NaN,NaN,1,0,0,0,0,NaN,NaN,56.9662414912785,NaN,NaN,NaN,2.9560785085982606,2.1999105733,NaN,NaN,NaN,NaN,NaN,NaN,NaN,NaN,NaN,NaN,1
2022-12-08,1.9260062345668354,2.005,1.83,1.92625,1.9867047920789696,2.8715808528426034,1.92625,0,0,NaN,349,0,0,0,0,NaN,NaN,56.81558246668922,NaN,NaN,NaN,2.9560785085982606,2.1999105733,NaN,NaN,NaN,NaN,NaN,NaN,NaN,NaN,NaN,NaN,1,0,0,0,0,NaN,NaN,56.81558246668922,NaN,NaN,NaN,2.9560785085982606,2.1999105733,NaN,NaN,NaN,NaN,NaN,NaN,NaN,NaN,NaN,NaN,1
2022-12-09,1.9261281172834177,1.98,1.82,1.88,1.967303920791884,2.8564422138679073,1.88,0,0,NaN,350,0,0,0,0,NaN,NaN,56.782505934319936,NaN,NaN,NaN,2.9560785085982606,2.1999105733,NaN,NaN,NaN,NaN,NaN,NaN,NaN,NaN,NaN,NaN,1,0,0,0,0,NaN,NaN,56.782505934319936,NaN,NaN,NaN,2.9560785085982606,2.1999105733,NaN,NaN,NaN,NaN,NaN,NaN,NaN,NaN,NaN,NaN,1
2022-12-12,1.903064058641709,1.96,1.7901,1.8800249999999998,1.9514350261024507,2.841535080831756,1.8800249999999998,0,0,NaN,351,0,0,0,0,NaN,NaN,56.69170530189557,NaN,NaN,NaN,2.9560785085982606,2.1999105733,NaN,NaN,NaN,NaN,NaN,NaN,NaN,NaN,NaN,NaN,1,0,0,0,0,NaN,NaN,56.69170530189557,NaN,NaN,NaN,2.9560785085982606,2.1999105733,NaN,NaN,NaN,NaN,NaN,NaN,NaN,NaN,NaN,NaN,1
2022-12-13,1.8915445293208544,1.97,1.8,1.91,1.943901384992914,2.827313171200737,1.9099999999999997,0,0,NaN,352,0,0,0,0,NaN,NaN,56.51504722747577,NaN,NaN,NaN,2.9560785085982606,2.1999105733,NaN,NaN,NaN,NaN,NaN,NaN,NaN,NaN,NaN,NaN,1,0,0,0,0,NaN,NaN,56.51504722747577,NaN,NaN,NaN,2.9560785085982606,2.1999105733,NaN,NaN,NaN,NaN,NaN,NaN,NaN,NaN,NaN,NaN,1
2022-12-14,1.9007722646604273,1.99,1.79,1.9100000000000001,1.9377374968123844,2.813308389961031,1.9100000000000001,0,0,NaN,353,0,0,0,0,NaN,NaN,56.77434016775466,NaN,NaN,NaN,2.9560785085982606,2.1999105733,NaN,NaN,NaN,NaN,NaN,NaN,NaN,NaN,NaN,NaN,1,0,0,0,0,NaN,NaN,56.77434016775466,NaN,NaN,NaN,2.9560785085982606,2.1999105733,NaN,NaN,NaN,NaN,NaN,NaN,NaN,NaN,NaN,NaN,1
2022-12-15,1.9053861323302137,1.93,1.76,1.8525,1.9222397701192235,2.798639559579947,1.8525,0,0,NaN,354,0,0,0,0,NaN,NaN,57.03991667920055,NaN,NaN,NaN,2.9560785085982606,2.160681121703,NaN,NaN,NaN,NaN,NaN,NaN,NaN,NaN,NaN,NaN,1,0,0,0,0,NaN,NaN,57.03991667920055,NaN,NaN,NaN,2.9560785085982606,2.160681121703,NaN,NaN,NaN,NaN,NaN,NaN,NaN,NaN,NaN,NaN,1
2022-12-16,1.8789430661651068,1.94,1.73,1.8075,1.9013779937339101,2.783507657906971,1.8075,0,0,NaN,355,0,0,0,0,NaN,NaN,57.827827179998025,NaN,NaN,NaN,2.9560785085982606,2.0984993870986397,NaN,NaN,NaN,NaN,NaN,NaN,NaN,NaN,NaN,NaN,1,0,0,0,0,NaN,NaN,57.827827179998025,NaN,NaN,NaN,2.9560785085982606,2.0984993870986397,NaN,NaN,NaN,NaN,NaN,NaN,NaN,NaN,NaN,NaN,1
2022-12-19,1.8432215330825534,1.8432215330825534,1.73,1.785,1.8802183585095629,2.7682632661832005,1.785,0,0,NaN,356,0,0,0,0,NaN,NaN,58.90050526695375,NaN,NaN,NaN,2.9560785085982606,2.0419119790338436,NaN,NaN,NaN,NaN,NaN,NaN,NaN,NaN,NaN,NaN,1,0,0,0,0,NaN,NaN,58.90050526695375,NaN,NaN,NaN,2.9560785085982606,2.0419119790338436,NaN,NaN,NaN,NaN,NaN,NaN,NaN,NaN,NaN,NaN,1
2022-12-20,1.8141107665412766,1.84,1.7,1.7550000000000001,1.8574513842350968,2.7527935979971976,1.755,0,0,NaN,357,0,0,0,0,NaN,NaN,60.30235945389245,NaN,NaN,NaN,2.9560785085982606,1.9779678228077522,NaN,NaN,NaN,NaN,NaN,NaN,NaN,NaN,NaN,NaN,1,0,0,0,0,NaN,NaN,60.30235945389245,NaN,NaN,NaN,2.9560785085982606,1.9779678228077522,NaN,NaN,NaN,NaN,NaN,NaN,NaN,NaN,NaN,NaN,1
2022-12-21,1.7845553832706385,1.7845553832706385,1.6,1.67,1.82336931437417,2.7362623980277747,1.67,0,0,NaN,358,0,0,0,0,NaN,NaN,61.3879150572073,NaN,NaN,NaN,2.9560785085982606,1.8797195800181241,NaN,NaN,NaN,NaN,NaN,NaN,NaN,NaN,NaN,NaN,1,0,0,0,0,NaN,NaN,61.3879150572073,NaN,NaN,NaN,2.9560785085982606,1.8797195800181241,NaN,NaN,NaN,NaN,NaN,NaN,NaN,NaN,NaN,NaN,1
2022-12-22,1.7272776916353192,1.7272776916353192,1.56,1.61,1.7845748935788663,2.7190675522563583,1.61,0,0,NaN,359,0,0,0,0,NaN,NaN,61.50304147550572,NaN,NaN,NaN,2.9560785085982606,1.7921868808137744,NaN,NaN,NaN,NaN,NaN,NaN,NaN,NaN,NaN,NaN,1,0,0,0,0,NaN,NaN,61.50304147550572,NaN,NaN,NaN,2.9560785085982606,1.7921868808137744,NaN,NaN,NaN,NaN,NaN,NaN,NaN,NaN,NaN,NaN,1
2022-12-23,1.6686388458176595,1.6686388458176595,1.57,1.6175,1.7541976402008905,2.7022497270310706,1.6175,0,0,NaN,360,0,0,0,0,NaN,NaN,62.161651183695724,NaN,NaN,NaN,2.9560785085982606,1.7921868808137744,NaN,NaN,NaN,NaN,NaN,NaN,NaN,NaN,NaN,NaN,1,0,0,0,0,NaN,NaN,62.161651183695724,NaN,NaN,NaN,2.9560785085982606,1.7921868808137744,NaN,NaN,NaN,NaN,NaN,NaN,NaN,NaN,NaN,NaN,1
2022-12-27,1.6430694229088298,1.65,1.52,1.5925,1.724798069255274,2.685306983106932,1.5925,0,0,NaN,361,0,0,0,0,NaN,NaN,63.480330277830014,NaN,NaN,NaN,2.9560785085982606,1.7318839229940552,NaN,NaN,NaN,NaN,NaN,NaN,NaN,NaN,NaN,NaN,1,0,0,0,0,NaN,NaN,63.480330277830014,NaN,NaN,NaN,2.9560785085982606,1.7318839229940552,NaN,NaN,NaN,NaN,NaN,NaN,NaN,NaN,NaN,NaN,1
2022-12-28,1.6177847114544148,1.64,1.52,1.5725000000000002,1.6971075112088605,2.668317563517513,1.5725,0,0,NaN,362,0,0,0,0,NaN,NaN,64.84274290793485,NaN,NaN,NaN,2.9560785085982606,1.6770687460958387,NaN,NaN,NaN,NaN,NaN,NaN,NaN,NaN,NaN,NaN,1,0,0,0,0,NaN,NaN,64.84274290793485,NaN,NaN,NaN,2.9560785085982606,1.6770687460958387,NaN,NaN,NaN,NaN,NaN,NaN,NaN,NaN,NaN,NaN,1
2022-12-29,1.5951423557272075,1.7,1.5426,1.62065,1.6832061455345222,2.652322638883658,1.62065,0,0,NaN,363,0,0,0,0,NaN,NaN,66.87266396375469,NaN,NaN,NaN,2.9560785085982606,1.6770687460958387,NaN,NaN,NaN,NaN,NaN,NaN,NaN,NaN,NaN,NaN,1,0,0,0,0,NaN,NaN,66.87266396375469,NaN,NaN,NaN,2.9560785085982606,1.6770687460958387,NaN,NaN,NaN,NaN,NaN,NaN,NaN,NaN,NaN,NaN,1
2022-12-30,1.6078961778636036,1.72,1.6078961778636036,1.6774999999999998,1.6821686645282454,2.6374398505037546,1.6774999999999998,0,0,NaN,364,0,0,0,0,NaN,NaN,68.5171127376001,NaN,NaN,NaN,2.72669650565273,1.6770687460958387,NaN,NaN,NaN,NaN,NaN,NaN,NaN,NaN,NaN,NaN,1,0,0,0,0,NaN,NaN,68.5171127376001,NaN,NaN,NaN,2.72669650565273,1.6770687460958387,NaN,NaN,NaN,NaN,NaN,NaN,NaN,NaN,NaN,NaN,1
2023-01-03,1.6426980889318017,1.75,1.6426980889318017,1.6974999999999998,1.6849561800685644,2.6230896237785064,1.6974999999999998,0,0,NaN,365,0,0,0,0,NaN,NaN,70.25200612838772,NaN,NaN,NaN,2.475484203693732,1.6770687460958387,NaN,NaN,NaN,NaN,NaN,NaN,NaN,NaN,NaN,NaN,1,0,0,0,0,NaN,NaN,70.25200612838772,NaN,NaN,NaN,2.475484203693732,1.6770687460958387,NaN,NaN,NaN,NaN,NaN,NaN,NaN,NaN,NaN,NaN,1
2023-01-04,1.6700990444659007,1.8,1.64,1.7149999999999999,1.6904186927833709,2.609225660056697,1.7149999999999999,0,0,NaN,366,0,0,0,0,NaN,NaN,72.28038057644808,NaN,NaN,NaN,2.475484203693732,1.6770687460958387,NaN,NaN,NaN,NaN,NaN,NaN,NaN,NaN,NaN,NaN,1,0,0,0,0,NaN,NaN,72.28038057644808,NaN,NaN,NaN,2.475484203693732,1.6770687460958387,NaN,NaN,NaN,NaN,NaN,NaN,NaN,NaN,NaN,NaN,1
2023-01-05,1.6925495222329503,1.7518,1.66,1.69795,1.6917880213682126,2.5953130545596483,1.69795,0,0,NaN,367,0,0,0,0,NaN,NaN,74.87441084516293,NaN,NaN,NaN,2.475484203693732,1.6770687460958387,NaN,NaN,NaN,NaN,NaN,NaN,NaN,NaN,NaN,NaN,1,0,0,0,0,NaN,NaN,74.87441084516293,NaN,NaN,NaN,2.475484203693732,1.6770687460958387,NaN,NaN,NaN,NaN,NaN,NaN,NaN,NaN,NaN,NaN,1
2023-01-06,1.6952497611164752,1.74,1.64,1.69625,1.6925992902103557,2.581586901054921,1.69625,0,0,NaN,368,0,0,0,0,NaN,NaN,77.26928510146797,NaN,NaN,NaN,2.475484203693732,1.6770687460958387,NaN,NaN,NaN,NaN,NaN,NaN,NaN,NaN,NaN,NaN,1,0,0,0,0,NaN,NaN,77.26928510146797,NaN,NaN,NaN,2.475484203693732,1.6770687460958387,NaN,NaN,NaN,NaN,NaN,NaN,NaN,NaN,NaN,NaN,1
2023-01-09,1.6957498805582376,1.7424,1.6957498805582376,1.7239499999999999,1.6982994192630183,2.5684932079090443,1.7239499999999999,0,0,NaN,369,0,0,0,0,NaN,NaN,79.3278614329426,NaN,NaN,NaN,2.475484203693732,1.6770687460958387,NaN,NaN,NaN,NaN,NaN,NaN,NaN,NaN,NaN,NaN,1,0,0,0,0,NaN,NaN,79.3278614329426,NaN,NaN,NaN,2.475484203693732,1.6770687460958387,NaN,NaN,NaN,NaN,NaN,NaN,NaN,NaN,NaN,NaN,1
2023-01-10,1.7098499402791187,1.8299,1.7098499402791187,1.789975,1.7149677066697422,2.556607433742494,1.789975,0,0,NaN,370,0,0,0,0,NaN,NaN,81.33390361067694,NaN,NaN,NaN,2.475484203693732,1.7171208750000002,NaN,NaN,NaN,NaN,NaN,NaN,NaN,NaN,NaN,NaN,1,0,0,0,0,NaN,NaN,81.33390361067694,NaN,NaN,NaN,2.475484203693732,1.7171208750000002,NaN,NaN,NaN,NaN,NaN,NaN,NaN,NaN,NaN,NaN,1
2023-01-11,1.7499124701395594,1.9,1.7499124701395594,1.875,1.7440644872752435,2.546201213380013,1.875,0,0,NaN,371,0,0,0,0,NaN,NaN,81.94864005591394,NaN,NaN,NaN,2.475484203693732,1.76309437375,NaN,NaN,NaN,NaN,NaN,NaN,NaN,NaN,NaN,NaN,1,0,0,0,0,NaN,NaN,81.94864005591394,NaN,NaN,NaN,2.475484203693732,1.76309437375,NaN,NaN,NaN,NaN,NaN,NaN,NaN,NaN,NaN,NaN,1
2023-01-12,1.8124562350697797,2.09,1.8124562350697797,1.9714999999999998,1.7854163986797447,2.5374271490536007,1.9714999999999998,0,0,NaN,372,0,0,0,0,NaN,NaN,81.9291254723602,NaN,NaN,NaN,2.475484203693732,1.820953711325,NaN,NaN,NaN,NaN,NaN,NaN,NaN,NaN,NaN,NaN,1,0,0,0,0,NaN,NaN,81.9291254723602,NaN,NaN,NaN,2.475484203693732,1.820953711325,NaN,NaN,NaN,NaN,NaN,NaN,NaN,NaN,NaN,NaN,1
2023-01-13,1.8919781175348898,2.05,1.8919781175348898,2,1.824431598919791,2.529222154411561,2,0,0,NaN,373,0,0,0,0,NaN,NaN,81.6375001649037,NaN,NaN,NaN,2.475484203693732,1.85003537730575,NaN,NaN,NaN,NaN,NaN,NaN,NaN,NaN,NaN,NaN,1,0,0,0,0,NaN,NaN,81.6375001649037,NaN,NaN,NaN,2.475484203693732,1.85003537730575,NaN,NaN,NaN,NaN,NaN,NaN,NaN,NaN,NaN,NaN,1
2023-01-17,1.9459890587674449,2.08,1.9127,2.013175,1.8587485809343745,2.521343571901461,2.013175,0,0,NaN,374,0,0,0,0,NaN,NaN,80.33901198543329,NaN,NaN,NaN,2.475484203693732,1.87540913202906,NaN,NaN,NaN,NaN,NaN,NaN,NaN,NaN,NaN,NaN,1,0,0,0,0,NaN,NaN,80.33901198543329,NaN,NaN,NaN,2.475484203693732,1.87540913202906,NaN,NaN,NaN,NaN,NaN,NaN,NaN,NaN,NaN,NaN,1
2023-01-18,1.9795820293837223,2.19,1.9795820293837223,2.0625,1.8957942934917609,2.51433832652892,2.0625,0,0,NaN,375,0,0,0,0,NaN,NaN,77.45709993838095,NaN,NaN,NaN,2.475484203693732,1.9244358872247012,NaN,NaN,NaN,NaN,NaN,NaN,NaN,NaN,NaN,NaN,1,0,0,0,0,NaN,NaN,77.45709993838095,NaN,NaN,NaN,2.475484203693732,1.9244358872247012,NaN,NaN,NaN,NaN,NaN,NaN,NaN,NaN,NaN,NaN,1
2023-01-19,2.0210410146918614,2.18,1.99,2.065,1.9265589674023498,2.507478199406341,2.065,0,0,NaN,376,0,0,0,0,NaN,NaN,74.08312180585054,NaN,NaN,NaN,2.475484203693732,1.9507624275242548,NaN,NaN,NaN,NaN,NaN,NaN,NaN,NaN,NaN,NaN,1,0,0,0,0,NaN,NaN,74.08312180585054,NaN,NaN,NaN,2.475484203693732,1.9507624275242548,NaN,NaN,NaN,NaN,NaN,NaN,NaN,NaN,NaN,NaN,1
2023-01-20,2.043020507345931,2.23,2.043020507345931,2.1525,1.967639155147377,2.502058684911588,2.1525,0,0,NaN,377,0,0,0,0,NaN,NaN,69.44810671355641,NaN,NaN,NaN,2.475484203693732,2.0276898177441613,NaN,NaN,NaN,NaN,NaN,NaN,NaN,NaN,NaN,NaN,1,0,0,0,0,NaN,NaN,69.44810671355641,NaN,NaN,NaN,2.475484203693732,2.0276898177441613,NaN,NaN,NaN,NaN,NaN,NaN,NaN,NaN,NaN,NaN,1
2023-01-23,2.0977602536729654,2.43,2.0977602536729654,2.335,2.0344320360296724,2.4995081706381286,2.335,0,0,NaN,378,0,0,0,0,NaN,NaN,62.13297552828359,NaN,NaN,NaN,2.475484203693732,2.1707942614855624,NaN,NaN,NaN,NaN,NaN,NaN,NaN,NaN,NaN,NaN,1,0,0,0,0,NaN,NaN,62.13297552828359,NaN,NaN,NaN,2.475484203693732,2.1707942614855624,NaN,NaN,NaN,NaN,NaN,NaN,NaN,NaN,NaN,NaN,1
2023-01-24,2.2163801268364827,2.48,2.2163801268364827,2.390025,2.099085302206096,2.49783667184976,2.390025,0,0,NaN,379,0,0,0,0,NaN,NaN,54.3318307798879,NaN,NaN,NaN,2.475484203693732,2.2500706858844604,NaN,NaN,NaN,NaN,NaN,NaN,NaN,NaN,NaN,NaN,1,0,0,0,0,NaN,NaN,54.3318307798879,NaN,NaN,NaN,2.475484203693732,2.2500706858844604,NaN,NaN,NaN,NaN,NaN,NaN,NaN,NaN,NaN,NaN,1
2023-01-25,2.3032025634182416,2.45,2.22,2.345,2.143797065441351,2.4955032875467102,2.345,0,0,NaN,380,0,0,0,0,NaN,NaN,47.493399029219155,NaN,NaN,NaN,2.475484203693732,2.2500706858844604,NaN,NaN,NaN,NaN,NaN,NaN,NaN,NaN,NaN,NaN,1,0,0,0,0,NaN,NaN,47.493399029219155,NaN,NaN,NaN,2.475484203693732,2.2500706858844604,NaN,NaN,NaN,NaN,NaN,NaN,NaN,NaN,NaN,NaN,1
2023-01-26,2.3241012817091207,2.55,2.2,2.3550000000000004,2.1821975989974693,2.4933581991872185,2.3550000000000004,0,0,NaN,381,0,0,0,0,NaN,NaN,40.88310773438325,NaN,NaN,NaN,2.475484203693732,2.2500706858844604,NaN,NaN,NaN,NaN,NaN,NaN,NaN,NaN,NaN,NaN,1,0,0,0,0,NaN,NaN,40.88310773438325,NaN,NaN,NaN,2.475484203693732,2.2500706858844604,NaN,NaN,NaN,NaN,NaN,NaN,NaN,NaN,NaN,NaN,1
2023-01-27,2.3395506408545605,2.5,2.25,2.3575,2.214070762816111,2.491284028207261,2.3575,0,0,NaN,382,0,0,0,0,NaN,NaN,34.59264950287711,NaN,NaN,NaN,2.475484203693732,2.2500706858844604,NaN,NaN,NaN,NaN,NaN,NaN,NaN,NaN,NaN,NaN,1,0,0,0,0,NaN,NaN,34.59264950287711,NaN,NaN,NaN,2.475484203693732,2.2500706858844604,NaN,NaN,NaN,NaN,NaN,NaN,NaN,NaN,NaN,NaN,1
2023-01-30,2.3485253204272802,2.47,2.3,2.385,2.2451488059404547,2.489661371288066,2.385,0,0,NaN,383,0,0,0,0,NaN,NaN,28.44600681666327,NaN,NaN,NaN,2.475484203693732,2.2500706858844604,NaN,NaN,NaN,NaN,NaN,NaN,NaN,NaN,NaN,NaN,1,0,0,0,0,NaN,NaN,28.44600681666327,NaN,NaN,NaN,2.475484203693732,2.2500706858844604,NaN,NaN,NaN,NaN,NaN,NaN,NaN,NaN,NaN,NaN,1
2023-01-31,2.36676266021364,2.3696,2.16,2.2624,2.2482853866785537,2.4861917320317595,2.2624,0,0,NaN,384,0,0,0,0,NaN,NaN,24.37890681741701,NaN,NaN,NaN,2.475484203693732,2.2500706858844604,NaN,NaN,NaN,NaN,NaN,NaN,NaN,NaN,NaN,NaN,1,0,0,0,0,NaN,NaN,24.37890681741701,NaN,NaN,NaN,2.475484203693732,2.2500706858844604,NaN,NaN,NaN,NaN,NaN,NaN,NaN,NaN,NaN,NaN,1
2023-02-01,2.3145813301068197,2.4499,2.19,2.319975,2.2613198618279076,2.48365407200074,2.319975,0,0,NaN,385,0,0,0,0,NaN,NaN,20.140177191111412,NaN,NaN,NaN,2.475484203693732,2.2500706858844604,NaN,NaN,NaN,NaN,NaN,NaN,NaN,NaN,NaN,NaN,1,0,0,0,0,NaN,NaN,20.140177191111412,NaN,NaN,NaN,2.475484203693732,2.2500706858844604,NaN,NaN,NaN,NaN,NaN,NaN,NaN,NaN,NaN,NaN,1
2023-02-02,2.31727816505341,2.62,2.31727816505341,2.532525,2.3106298869501063,2.484400193038897,2.532525,0,0,NaN,386,1,0,0,0,NaN,NaN,14.3010414682518,NaN,NaN,NaN,2.475484203693732,2.3846819801191224,NaN,NaN,NaN,NaN,NaN,NaN,NaN,NaN,NaN,NaN,1,1,0,0,0,NaN,NaN,14.3010414682518,NaN,NaN,NaN,2.475484203693732,2.3846819801191224,NaN,NaN,NaN,NaN,NaN,NaN,NaN,NaN,NaN,NaN,1
2023-02-03,2.4249015825267053,2.65,2.4249015825267053,2.5643249999999997,2.356756271140996,2.4856204190993716,2.5643249999999997,0,0,NaN,387,0,0,0,0,NaN,NaN,9.11611296574252,NaN,NaN,NaN,2.475484203693732,2.454617176679812,NaN,NaN,NaN,NaN,NaN,NaN,NaN,NaN,NaN,NaN,1,0,0,0,0,NaN,NaN,9.11611296574252,NaN,NaN,NaN,2.475484203693732,2.454617176679812,NaN,NaN,NaN,NaN,NaN,NaN,NaN,NaN,NaN,NaN,1
2023-02-06,2.4946132912633523,2.65,2.4946132912633523,2.625,2.40552785820627,2.4877483516322054,2.625,0,0,NaN,388,0,0,0,0,NaN,NaN,4.726680961842315,NaN,NaN,NaN,2.475484203693732,2.53537099307508,NaN,NaN,NaN,NaN,NaN,NaN,NaN,NaN,NaN,NaN,1,0,0,0,0,NaN,NaN,4.726680961842315,NaN,NaN,NaN,2.475484203693732,2.53537099307508,NaN,NaN,NaN,NaN,NaN,NaN,NaN,NaN,NaN,NaN,1
2023-02-07,2.559806645631676,2.65,2.5,2.5875,2.4386137021687664,2.489271277561485,2.5875,0,0,NaN,389,0,0,0,0,NaN,NaN,2.0040626455656803,NaN,NaN,NaN,2.475484203693732,2.53537099307508,NaN,NaN,NaN,NaN,NaN,NaN,NaN,NaN,NaN,NaN,1,0,0,0,0,NaN,NaN,2.0040626455656803,NaN,NaN,NaN,2.475484203693732,2.53537099307508,NaN,NaN,NaN,NaN,NaN,NaN,NaN,NaN,NaN,NaN,1
2023-02-08,2.5736533228158383,2.62,2.29,2.48,2.446138483592627,2.489129731339172,2.48,0,0,NaN,390,0,0,0,0,NaN,NaN,0.5972041036127541,NaN,NaN,NaN,2.475484203693732,2.53537099307508,NaN,NaN,NaN,NaN,NaN,NaN,NaN,NaN,NaN,NaN,1,0,0,0,0,NaN,NaN,0.5972041036127541,NaN,NaN,NaN,2.475484203693732,2.53537099307508,NaN,NaN,NaN,NaN,NaN,NaN,NaN,NaN,NaN,NaN,1
2023-02-09,2.5268266614079193,2.5268266614079193,2.02,2.2575000000000003,2.411840577484877,2.4855933995630015,2.2575000000000003,0,0,NaN,391,0,0,0,0,NaN,NaN,0.0813562846375607,NaN,NaN,NaN,2.475484203693732,2.3695875,NaN,NaN,NaN,NaN,NaN,NaN,NaN,NaN,NaN,NaN,1,0,0,0,0,NaN,NaN,0.0813562846375607,NaN,NaN,NaN,2.475484203693732,2.3695875,NaN,NaN,NaN,NaN,NaN,NaN,NaN,NaN,NaN,NaN,1
2023-02-10,2.39216333070396,2.39216333070396,2.12,2.1999999999999997,2.373324108851263,2.4812331949895206,2.1999999999999997,0,0,NaN,392,0,0,0,0,NaN,NaN,0.0228374074547197,NaN,NaN,NaN,2.475484203693732,2.3366123749999996,NaN,NaN,NaN,NaN,NaN,NaN,NaN,NaN,NaN,NaN,1,0,0,0,0,NaN,NaN,0.0228374074547197,NaN,NaN,NaN,2.475484203693732,2.3366123749999996,NaN,NaN,NaN,NaN,NaN,NaN,NaN,NaN,NaN,NaN,1
2023-02-13,2.2960816653519798,2.2960816653519798,2.04,2.17,2.336356089060124,2.4764815431576195,2.17,0,0,NaN,393,0,0,0,0,NaN,NaN,0.3794280168525927,NaN,NaN,NaN,2.475484203693732,2.3125156325,NaN,NaN,NaN,NaN,NaN,NaN,NaN,NaN,NaN,NaN,1,0,0,0,0,NaN,NaN,0.3794280168525927,NaN,NaN,NaN,2.475484203693732,2.3125156325,NaN,NaN,NaN,NaN,NaN,NaN,NaN,NaN,NaN,NaN,1
2023-02-14,2.23304083267599,2.23304083267599,2.09,2.1174999999999997,2.296564072867374,2.471000908910938,2.1174999999999997,0,0,NaN,394,0,0,0,0,NaN,NaN,1.0307079887406467,NaN,NaN,NaN,2.475484203693732,2.271076725575,NaN,NaN,NaN,NaN,NaN,NaN,NaN,NaN,NaN,NaN,1,0,0,0,0,NaN,NaN,1.0307079887406467,NaN,NaN,NaN,2.475484203693732,2.271076725575,NaN,NaN,NaN,NaN,NaN,NaN,NaN,NaN,NaN,NaN,1
2023-02-15,2.1752704163379946,2.1752704163379946,1.91,1.9975,2.2421887868914876,2.4637718874008474,1.9975,0,0,NaN,395,0,0,0,0,NaN,NaN,1.7390959929717293,NaN,NaN,NaN,2.475484203693732,2.185447518506,NaN,NaN,NaN,NaN,NaN,NaN,NaN,NaN,NaN,NaN,1,0,0,0,0,NaN,NaN,1.7390959929717293,NaN,NaN,NaN,2.475484203693732,2.185447518506,NaN,NaN,NaN,NaN,NaN,NaN,NaN,NaN,NaN,NaN,1
2023-02-16,2.0863852081689975,2.0863852081689975,1.92,1.9874999999999998,2.195881734729399,2.456500560875644,1.9874999999999998,0,0,NaN,396,0,0,0,0,NaN,NaN,2.5427622488469948,NaN,NaN,NaN,2.475484203693732,2.1515053907300996,NaN,NaN,NaN,NaN,NaN,NaN,NaN,NaN,NaN,NaN,1,0,0,0,0,NaN,NaN,2.5427622488469948,NaN,NaN,NaN,2.475484203693732,2.1515053907300996,NaN,NaN,NaN,NaN,NaN,NaN,NaN,NaN,NaN,NaN,1
2023-02-17,2.0369426040844987,2.09,1.99,2.0500000000000003,2.1693577829604176,2.450294445442428,2.0500000000000003,0,0,NaN,397,0,0,0,0,NaN,NaN,2.542305932345351,NaN,NaN,NaN,2.475484203693732,2.1515053907300996,NaN,NaN,NaN,NaN,NaN,NaN,NaN,NaN,NaN,NaN,1,0,0,0,0,NaN,NaN,2.542305932345351,NaN,NaN,NaN,2.475484203693732,2.1515053907300996,NaN,NaN,NaN,NaN,NaN,NaN,NaN,NaN,NaN,NaN,1
2023-02-21,2.0434713020422492,2.1,2,2.04,2.1458381860585236,2.444030408107429,2.04,0,0,NaN,398,0,0,0,0,NaN,NaN,2.1117829835061803,NaN,NaN,NaN,2.475484203693732,2.1515053907300996,NaN,NaN,NaN,NaN,NaN,NaN,NaN,NaN,NaN,NaN,1,0,0,0,0,NaN,NaN,2.1117829835061803,NaN,NaN,NaN,2.475484203693732,2.1515053907300996,NaN,NaN,NaN,NaN,NaN,NaN,NaN,NaN,NaN,NaN,1
2023-02-22,2.0417356510211246,2.0417356510211246,1.9,1.9587500000000002,2.1118221522297014,2.436621546914949,1.9587500000000002,0,0,NaN,399,0,0,0,0,NaN,NaN,1.6768645007918175,NaN,NaN,NaN,2.475484203693732,2.105021920398682,NaN,NaN,NaN,NaN,NaN,NaN,NaN,NaN,NaN,NaN,1,0,0,0,0,NaN,NaN,1.6768645007918175,NaN,NaN,NaN,2.475484203693732,2.105021920398682,NaN,NaN,NaN,NaN,NaN,NaN,NaN,NaN,NaN,NaN,1
2023-02-23,2.000242825510562,2.000242825510562,1.9,1.9426750000000002,2.081068124551574,2.429080378259759,1.9426750000000002,0,0,NaN,400,0,0,0,0,NaN,NaN,1.4934293023532406,NaN,NaN,NaN,2.475484203693732,2.0645794421149586,NaN,NaN,NaN,NaN,NaN,NaN,NaN,NaN,NaN,NaN,1,0,0,0,0,NaN,NaN,1.4934293023532406,NaN,NaN,NaN,2.475484203693732,2.0645794421149586,NaN,NaN,NaN,NaN,NaN,NaN,NaN,NaN,NaN,NaN,1
2023-02-24,1.9714589127552813,2.0793,1.95,1.999825,2.066296647360379,2.4225268610344193,1.999825,0,0,NaN,401,0,0,0,0,NaN,NaN,1.703698577176103,NaN,NaN,NaN,2.475484203693732,2.0645794421149586,NaN,NaN,NaN,NaN,NaN,NaN,NaN,NaN,NaN,NaN,1,0,0,0,0,NaN,NaN,1.703698577176103,NaN,NaN,NaN,2.475484203693732,2.0645794421149586,NaN,NaN,NaN,NaN,NaN,NaN,NaN,NaN,NaN,NaN,1
2023-02-27,1.9856419563776406,2.06,1.85,1.9723000000000002,2.04920634784031,2.4156531684995426,1.9723000000000002,0,0,NaN,402,0,0,0,0,NaN,NaN,2.1010322668377333,NaN,NaN,NaN,2.475484203693732,2.0645794421149586,NaN,NaN,NaN,NaN,NaN,NaN,NaN,NaN,NaN,NaN,1,0,0,0,0,NaN,NaN,2.1010322668377333,NaN,NaN,NaN,2.475484203693732,2.0645794421149586,NaN,NaN,NaN,NaN,NaN,NaN,NaN,NaN,NaN,NaN,1
2023-02-28,1.9789709781888205,2.07,1.95,2.0125,2.0425324664147992,2.4094981582934425,2.0125,0,0,NaN,403,0,0,0,0,NaN,NaN,3.1280372755310424,NaN,NaN,NaN,2.475484203693732,2.0645794421149586,NaN,NaN,NaN,NaN,NaN,NaN,NaN,NaN,NaN,NaN,1,0,0,0,0,NaN,NaN,3.1280372755310424,NaN,NaN,NaN,2.475484203693732,2.0645794421149586,NaN,NaN,NaN,NaN,NaN,NaN,NaN,NaN,NaN,NaN,1
2023-03-01,1.9957354890944103,2.08,1.95,2.0225,2.0388901997939266,2.403589789464535,2.0225,0,0,NaN,404,0,0,0,0,NaN,NaN,4.5825405208591,NaN,NaN,NaN,2.475484203693732,2.0645794421149586,NaN,NaN,NaN,NaN,NaN,NaN,NaN,NaN,NaN,NaN,1,0,0,0,0,NaN,NaN,4.5825405208591,NaN,NaN,NaN,2.475484203693732,2.0645794421149586,NaN,NaN,NaN,NaN,NaN,NaN,NaN,NaN,NaN,NaN,1
2023-03-02,2.009117744547205,2.06,2.009117744547205,2.04125,2.039319254376849,2.39805788428187,2.04125,0,0,NaN,405,0,0,0,0,NaN,NaN,6.504663856375367,NaN,NaN,NaN,2.475484203693732,2.0645794421149586,NaN,NaN,NaN,NaN,NaN,NaN,NaN,NaN,NaN,NaN,1,0,0,0,0,NaN,NaN,6.504663856375367,NaN,NaN,NaN,2.475484203693732,2.0645794421149586,NaN,NaN,NaN,NaN,NaN,NaN,NaN,NaN,NaN,NaN,1
2023-03-03,2.0251838722736024,2.09,2.0251838722736024,2.0625,2.04353393539924,2.392934863147796,2.0625,0,0,NaN,406,0,0,0,0,NaN,NaN,8.597038086522542,NaN,NaN,NaN,2.475484203693732,2.0645794421149586,NaN,NaN,NaN,NaN,NaN,NaN,NaN,NaN,NaN,NaN,1,0,0,0,0,NaN,NaN,8.597038086522542,NaN,NaN,NaN,2.475484203693732,2.0645794421149586,NaN,NaN,NaN,NaN,NaN,NaN,NaN,NaN,NaN,NaN,1
2023-03-06,2.0438419361368014,2.065,1.85,1.96125,2.028573219872105,2.3863442545501194,1.96125,0,0,NaN,407,0,0,0,0,NaN,NaN,9.784623427520579,NaN,NaN,NaN,2.475484203693732,2.0645794421149586,NaN,NaN,NaN,NaN,NaN,NaN,NaN,NaN,NaN,NaN,1,0,0,0,0,NaN,NaN,9.784623427520579,NaN,NaN,NaN,2.475484203693732,2.0645794421149586,NaN,NaN,NaN,NaN,NaN,NaN,NaN,NaN,NaN,NaN,1
2023-03-07,2.0025459680684006,2.0025459680684006,1.9,1.934975,2.0115553617135404,2.3794531208928658,1.9349750000000001,0,0,NaN,408,0,0,0,0,NaN,NaN,11.304827244147646,NaN,NaN,NaN,2.475484203693732,2.0305483760073684,NaN,NaN,NaN,NaN,NaN,NaN,NaN,NaN,NaN,NaN,1,0,0,0,0,NaN,NaN,11.304827244147646,NaN,NaN,NaN,2.475484203693732,2.0305483760073684,NaN,NaN,NaN,NaN,NaN,NaN,NaN,NaN,NaN,NaN,1
2023-03-08,1.9687604840342003,1.99,1.92,1.9575,2.0017271141292605,2.373011088512822,1.9574999999999998,0,0,NaN,409,0,0,0,0,NaN,NaN,12.765748070051233,NaN,NaN,NaN,2.475484203693732,2.0305483760073684,NaN,NaN,NaN,NaN,NaN,NaN,NaN,NaN,NaN,NaN,1,0,0,0,0,NaN,NaN,12.765748070051233,NaN,NaN,NaN,2.475484203693732,2.0305483760073684,NaN,NaN,NaN,NaN,NaN,NaN,NaN,NaN,NaN,NaN,1
2023-03-09,1.9631302420171002,2.03,1.86,1.9375,1.9900494570148495,2.3663620642607177,1.9375,0,0,NaN,410,0,0,0,0,NaN,NaN,13.471403371789453,NaN,NaN,NaN,2.475484203693732,2.0305483760073684,NaN,NaN,NaN,NaN,NaN,NaN,NaN,NaN,NaN,NaN,1,0,0,0,0,NaN,NaN,13.471403371789453,NaN,NaN,NaN,2.475484203693732,2.0305483760073684,NaN,NaN,NaN,NaN,NaN,NaN,NaN,NaN,NaN,NaN,1
2023-03-10,1.95031512100855,2.02,1.8672,1.9243000000000001,1.9780950102848769,2.359613025111699,1.9243000000000001,0,0,NaN,411,0,0,0,0,NaN,NaN,14.194810970735375,NaN,NaN,NaN,2.475484203693732,1.9979649394853791,NaN,NaN,NaN,NaN,NaN,NaN,NaN,NaN,NaN,NaN,1,0,0,0,0,NaN,NaN,14.194810970735375,NaN,NaN,NaN,2.475484203693732,1.9979649394853791,NaN,NaN,NaN,NaN,NaN,NaN,NaN,NaN,NaN,NaN,1
2023-03-13,1.937307560504275,1.96,1.78,1.8650000000000002,1.957532281142172,2.3520616812168638,1.8650000000000002,0,0,NaN,412,0,0,0,0,NaN,NaN,14.752503640066116,NaN,NaN,NaN,2.475484203693732,1.9373204576397653,NaN,NaN,NaN,NaN,NaN,NaN,NaN,NaN,NaN,NaN,1,0,0,0,0,NaN,NaN,14.752503640066116,NaN,NaN,NaN,2.475484203693732,1.9373204576397653,NaN,NaN,NaN,NaN,NaN,NaN,NaN,NaN,NaN,NaN,1
2023-03-14,1.9011537802521377,1.97,1.86,1.895,1.9461627754799589,2.345083640282255,1.895,0,0,NaN,413,0,0,0,0,NaN,NaN,14.96878375790284,NaN,NaN,NaN,2.475484203693732,1.9373204576397653,NaN,NaN,NaN,NaN,NaN,NaN,NaN,NaN,NaN,NaN,1,0,0,0,0,NaN,NaN,14.96878375790284,NaN,NaN,NaN,2.475484203693732,1.9373204576397653,NaN,NaN,NaN,NaN,NaN,NaN,NaN,NaN,NaN,NaN,1
2023-03-15,1.898076890126069,1.898076890126069,1.75,1.8105,1.9214968163017845,2.3369220579878696,1.8105,0,0,NaN,414,0,0,0,0,NaN,NaN,13.333696264861828,NaN,NaN,NaN,2.475484203693732,1.8772122066186427,NaN,NaN,NaN,NaN,NaN,NaN,NaN,NaN,NaN,NaN,1,0,0,0,0,NaN,NaN,13.333696264861828,NaN,NaN,NaN,2.475484203693732,1.8772122066186427,NaN,NaN,NaN,NaN,NaN,NaN,NaN,NaN,NaN,NaN,1
2023-03-16,1.8542884450630344,1.8542884450630344,1.6501,1.728075,1.8863292133378238,2.327626683056757,1.728075,0,0,NaN,415,0,0,0,0,NaN,NaN,10.61824393758934,NaN,NaN,NaN,2.475484203693732,1.7971468122359315,NaN,NaN,NaN,NaN,NaN,NaN,NaN,NaN,NaN,NaN,1,0,0,0,0,NaN,NaN,10.61824393758934,NaN,NaN,NaN,2.475484203693732,1.7971468122359315,NaN,NaN,NaN,NaN,NaN,NaN,NaN,NaN,NaN,NaN,1
2023-03-17,1.7911817225315172,1.7911817225315172,1.63,1.6825,1.8492693563673104,2.3177774207200126,1.6825,0,0,NaN,416,0,0,0,0,NaN,NaN,8.011483968903617,NaN,NaN,NaN,2.475484203693732,1.7385341804639183,NaN,NaN,NaN,NaN,NaN,NaN,NaN,NaN,NaN,NaN,1,0,0,0,0,NaN,NaN,8.011483968903617,NaN,NaN,NaN,2.475484203693732,1.7385341804639183,NaN,NaN,NaN,NaN,NaN,NaN,NaN,NaN,NaN,NaN,1
2023-03-20,1.7368408612657587,1.7368408612657587,1.62,1.67,1.8166749279368903,2.3078876891059665,1.67,0,0,NaN,417,0,0,0,0,NaN,NaN,5.9219675421381135,NaN,NaN,NaN,2.475484203693732,1.7061248246690726,NaN,NaN,NaN,NaN,NaN,NaN,NaN,NaN,NaN,NaN,1,0,0,0,0,NaN,NaN,5.9219675421381135,NaN,NaN,NaN,2.475484203693732,1.7061248246690726,NaN,NaN,NaN,NaN,NaN,NaN,NaN,NaN,NaN,NaN,1
2023-03-21,1.7034204306328793,1.708,1.65,1.6845,1.7926431228574558,2.2983703198066388,1.6845,0,0,NaN,418,0,0,0,0,NaN,NaN,4.6101671528779455,NaN,NaN,NaN,2.475484203693732,1.7061248246690726,NaN,NaN,NaN,NaN,NaN,NaN,NaN,NaN,NaN,NaN,1,0,0,0,0,NaN,NaN,4.6101671528779455,NaN,NaN,NaN,2.475484203693732,1.7061248246690726,NaN,NaN,NaN,NaN,NaN,NaN,NaN,NaN,NaN,NaN,1
2023-03-22,1.6939602153164397,1.83,1.59,1.6775,1.7717080096106457,2.288891383626385,1.6775,0,0,NaN,419,0,0,0,0,NaN,NaN,3.1860544029641593,NaN,NaN,NaN,2.475484203693732,1.7061248246690726,NaN,NaN,NaN,NaN,NaN,NaN,NaN,NaN,NaN,NaN,1,0,0,0,0,NaN,NaN,3.1860544029641593,NaN,NaN,NaN,2.475484203693732,1.7061248246690726,NaN,NaN,NaN,NaN,NaN,NaN,NaN,NaN,NaN,NaN,1
2023-03-23,1.6857301076582198,1.6857301076582198,1.62,1.636875,1.7471929169541647,2.278936935021402,1.636875,0,0,NaN,420,0,0,0,0,NaN,NaN,1.965947706290732,NaN,NaN,NaN,2.475484203693732,1.66585302856799,NaN,NaN,NaN,NaN,NaN,NaN,NaN,NaN,NaN,NaN,1,0,0,0,0,NaN,NaN,1.965947706290732,NaN,NaN,NaN,2.475484203693732,1.66585302856799,NaN,NaN,NaN,NaN,NaN,NaN,NaN,NaN,NaN,NaN,1
2023-03-24,1.66130255382911,1.67,1.58,1.6284,1.7255942047806803,2.269005073418022,1.6284,0,0,NaN,421,0,0,0,0,NaN,NaN,1.0708690531570322,NaN,NaN,NaN,2.475484203693732,1.6456720748553548,NaN,NaN,NaN,NaN,NaN,NaN,NaN,NaN,NaN,NaN,1,0,0,0,0,NaN,NaN,1.0708690531570322,NaN,NaN,NaN,2.475484203693732,1.6456720748553548,NaN,NaN,NaN,NaN,NaN,NaN,NaN,NaN,NaN,NaN,1
2023-03-27,1.644851276914555,1.6699,1.61,1.6394,1.709922531184193,2.2593927822208,1.6394,0,0,NaN,422,0,0,0,0,NaN,NaN,0.4254039260957094,NaN,NaN,NaN,2.475484203693732,1.6456720748553548,NaN,NaN,NaN,NaN,NaN,NaN,NaN,NaN,NaN,NaN,1,0,0,0,0,NaN,NaN,0.4254039260957094,NaN,NaN,NaN,2.475484203693732,1.6456720748553548,NaN,NaN,NaN,NaN,NaN,NaN,NaN,NaN,NaN,NaN,1
2023-03-28,1.6421256384572773,1.83,1.6421256384572773,1.705,1.7090275255143397,2.250928770278498,1.705,0,0,NaN,423,0,0,0,0,NaN,NaN,0.11616055923987091,NaN,NaN,NaN,2.475484203693732,1.686233,NaN,NaN,NaN,NaN,NaN,NaN,NaN,NaN,NaN,NaN,1,0,0,0,0,NaN,NaN,0.11616055923987091,NaN,NaN,NaN,2.475484203693732,1.686233,NaN,NaN,NaN,NaN,NaN,NaN,NaN,NaN,NaN,NaN,1
2023-03-29,1.6735628192286387,1.74,1.6735628192286387,1.7025,1.7078407026935507,2.2425558119536353,1.7025,0,0,NaN,424,0,0,0,0,NaN,NaN,0.003799315037328764,NaN,NaN,NaN,2.475484203693732,1.686233,NaN,NaN,NaN,NaN,NaN,NaN,NaN,NaN,NaN,NaN,1,0,0,0,0,NaN,NaN,0.003799315037328764,NaN,NaN,NaN,2.475484203693732,1.686233,NaN,NaN,NaN,NaN,NaN,NaN,NaN,NaN,NaN,NaN,1
2023-03-30,1.6880314096143194,1.968,1.6880314096143194,1.8572250000000001,1.735001484021996,2.236672898794038,1.8572250000000001,0,0,NaN,425,0,0,0,0,NaN,NaN,0.005901414465817339,NaN,NaN,NaN,2.475484203693732,1.7651918850000001,NaN,NaN,NaN,NaN,NaN,NaN,NaN,NaN,NaN,NaN,1,0,0,0,0,NaN,NaN,0.005901414465817339,NaN,NaN,NaN,2.475484203693732,1.7651918850000001,NaN,NaN,NaN,NaN,NaN,NaN,NaN,NaN,NaN,NaN,1
2023-03-31,1.7726282048071598,1.88,1.69,1.8175,1.750001214199815,2.2302733125529075,1.8175,0,0,NaN,426,0,0,0,0,NaN,NaN,0.08937852084300402,NaN,NaN,NaN,2.475484203693732,1.7651918850000001,NaN,NaN,NaN,NaN,NaN,NaN,NaN,NaN,NaN,NaN,1,0,0,0,0,NaN,NaN,0.08937852084300402,NaN,NaN,NaN,2.475484203693732,1.7651918850000001,NaN,NaN,NaN,NaN,NaN,NaN,NaN,NaN,NaN,NaN,1
2023-04-03,1.7950641024035798,1.81,1.55,1.69625,1.740228266163485,2.222120284880344,1.69625,0,0,NaN,427,0,0,0,0,NaN,NaN,0.4380716377597499,NaN,NaN,NaN,2.475484203693732,1.7651918850000001,NaN,NaN,NaN,NaN,NaN,NaN,NaN,NaN,NaN,NaN,1,0,0,0,0,NaN,NaN,0.4380716377597499,NaN,NaN,NaN,2.475484203693732,1.7651918850000001,NaN,NaN,NaN,NaN,NaN,NaN,NaN,NaN,NaN,NaN,1
2023-04-04,1.74565705120179,1.74565705120179,1.55,1.615,1.7174594904973968,2.212851272897438,1.615,0,0,NaN,428,0,0,0,0,NaN,NaN,1.2191013651035818,NaN,NaN,NaN,2.475484203693732,1.72884575,NaN,NaN,NaN,NaN,NaN,NaN,NaN,NaN,NaN,NaN,1,0,0,0,0,NaN,NaN,1.2191013651035818,NaN,NaN,NaN,2.475484203693732,1.72884575,NaN,NaN,NaN,NaN,NaN,NaN,NaN,NaN,NaN,NaN,1
2023-04-05,1.680328525600895,1.680328525600895,1.55,1.5925,1.6947395831342338,2.203380261097477,1.5925,0,0,NaN,429,0,0,0,0,NaN,NaN,2.496453791223978,NaN,NaN,NaN,2.475484203693732,1.7138428774999999,NaN,NaN,NaN,NaN,NaN,NaN,NaN,NaN,NaN,NaN,1,0,0,0,0,NaN,NaN,2.496453791223978,NaN,NaN,NaN,2.475484203693732,1.7138428774999999,NaN,NaN,NaN,NaN,NaN,NaN,NaN,NaN,NaN,NaN,1
2023-04-06,1.6364142628004474,1.6364142628004474,1.55,1.5899999999999999,1.6756960225643731,2.194015676958584,1.5899999999999999,0,0,NaN,430,0,0,0,1,NaN,NaN,4.525026305514997,NaN,NaN,NaN,2.475484203693732,1.7052373048499998,NaN,NaN,NaN,NaN,NaN,NaN,NaN,NaN,NaN,NaN,1,0,0,0,1,NaN,NaN,4.525026305514997,NaN,NaN,NaN,2.475484203693732,1.7052373048499998,NaN,NaN,NaN,NaN,NaN,NaN,NaN,NaN,NaN,NaN,1
2023-04-10,1.6132071314002236,1.62,1.5655,1.5938750000000002,1.6608194730072143,2.184853223875247,1.5938750000000002,0,0,NaN,431,0,0,0,0,NaN,NaN,7.428860823197156,NaN,NaN,NaN,2.475484203693732,1.7052373048499998,NaN,NaN,NaN,NaN,NaN,NaN,NaN,NaN,NaN,NaN,1,0,0,0,0,NaN,NaN,7.428860823197156,NaN,NaN,NaN,2.475484203693732,1.7052373048499998,NaN,NaN,NaN,NaN,NaN,NaN,NaN,NaN,NaN,NaN,1
2023-04-11,1.603541065700112,1.74,1.56,1.64,1.6570341142786298,2.176534854045091,1.64,0,0,NaN,432,0,0,0,0,NaN,NaN,10.78913779539485,NaN,NaN,NaN,2.475484203693732,1.7052373048499998,NaN,NaN,NaN,NaN,NaN,NaN,NaN,NaN,NaN,NaN,1,0,0,0,0,NaN,NaN,10.78913779539485,NaN,NaN,NaN,2.475484203693732,1.7052373048499998,NaN,NaN,NaN,NaN,NaN,NaN,NaN,NaN,NaN,NaN,1
2023-04-12,1.6217705328500558,1.7,1.6217705328500558,1.6724999999999999,1.6598460935006971,2.1688396654337154,1.6724999999999999,0,0,NaN,433,0,0,0,0,NaN,NaN,14.841758406611039,NaN,NaN,NaN,2.475484203693732,1.7052373048499998,NaN,NaN,NaN,NaN,NaN,NaN,NaN,NaN,NaN,NaN,1,0,0,0,0,NaN,NaN,14.841758406611039,NaN,NaN,NaN,2.475484203693732,1.7052373048499998,NaN,NaN,NaN,NaN,NaN,NaN,NaN,NaN,NaN,NaN,1
2023-04-13,1.6471352664250278,1.69,1.6,1.65,1.6580558946823885,2.1609184491675517,1.65,0,0,NaN,434,0,0,0,0,NaN,NaN,19.934182220395883,NaN,NaN,NaN,2.475484203693732,1.7052373048499998,NaN,NaN,NaN,NaN,NaN,NaN,NaN,NaN,NaN,NaN,1,0,0,0,0,NaN,NaN,19.934182220395883,NaN,NaN,NaN,2.475484203693732,1.7052373048499998,NaN,NaN,NaN,NaN,NaN,NaN,NaN,NaN,NaN,NaN,1
2023-04-14,1.6485676332125139,1.69,1.58,1.6375,1.6543184592855906,2.152927327806215,1.6375,0,0,NaN,435,0,0,0,0,NaN,NaN,25.342822199267378,NaN,NaN,NaN,2.475484203693732,1.7052373048499998,NaN,NaN,NaN,NaN,NaN,NaN,NaN,NaN,NaN,NaN,1,0,0,0,0,NaN,NaN,25.342822199267378,NaN,NaN,NaN,2.475484203693732,1.7052373048499998,NaN,NaN,NaN,NaN,NaN,NaN,NaN,NaN,NaN,NaN,1
2023-04-17,1.6430338166062568,1.6430338166062568,1.49,1.5550000000000002,1.6362605575973015,2.1437986663129904,1.5550000000000002,0,0,NaN,436,0,0,0,0,NaN,NaN,31.12271363050135,NaN,NaN,NaN,2.475484203693732,1.6757909474134998,NaN,NaN,NaN,NaN,NaN,NaN,NaN,NaN,NaN,NaN,1,0,0,0,0,NaN,NaN,31.12271363050135,NaN,NaN,NaN,2.475484203693732,1.6757909474134998,NaN,NaN,NaN,NaN,NaN,NaN,NaN,NaN,NaN,NaN,1
2023-04-18,1.5990169083031285,1.5990169083031285,1.5153,1.556325,1.6217268198523376,2.1348296027051585,1.556325,0,0,NaN,437,0,0,0,0,NaN,NaN,37.084834495240486,NaN,NaN,NaN,2.475484203693732,1.6757909474134998,NaN,NaN,NaN,NaN,NaN,NaN,NaN,NaN,NaN,NaN,1,0,0,0,0,NaN,NaN,37.084834495240486,NaN,NaN,NaN,2.475484203693732,1.6757909474134998,NaN,NaN,NaN,NaN,NaN,NaN,NaN,NaN,NaN,NaN,1
2023-04-19,1.5776709541515643,1.6,1.45,1.5275,1.6045946707882761,2.1255573950302704,1.5275,0,0,NaN,438,0,0,0,0,NaN,NaN,43.309742070963864,NaN,NaN,NaN,2.475484203693732,1.6458960337238797,NaN,NaN,NaN,NaN,NaN,NaN,NaN,NaN,NaN,NaN,1,0,0,0,0,NaN,NaN,43.309742070963864,NaN,NaN,NaN,2.475484203693732,1.6458960337238797,NaN,NaN,NaN,NaN,NaN,NaN,NaN,NaN,NaN,NaN,1
2023-04-20,1.552585477075782,1.58,1.5,1.545,1.5937592760994985,2.116693923350419,1.545,0,0,NaN,439,0,0,0,0,NaN,NaN,50.018502819050894,NaN,NaN,NaN,2.475484203693732,1.6458960337238797,NaN,NaN,NaN,NaN,NaN,NaN,NaN,NaN,NaN,NaN,1,0,0,0,0,NaN,NaN,50.018502819050894,NaN,NaN,NaN,2.475484203693732,1.6458960337238797,NaN,NaN,NaN,NaN,NaN,NaN,NaN,NaN,NaN,NaN,1
2023-04-21,1.548792738537891,1.62,1.53,1.5675000000000001,1.588984862263226,2.1083092832992674,1.5675000000000001,0,0,NaN,440,0,0,0,0,NaN,NaN,56.964287071314466,NaN,NaN,NaN,2.475484203693732,1.6458960337238797,NaN,NaN,NaN,NaN,NaN,NaN,NaN,NaN,NaN,NaN,1,0,0,0,0,NaN,NaN,56.964287071314466,NaN,NaN,NaN,2.475484203693732,1.6458960337238797,NaN,NaN,NaN,NaN,NaN,NaN,NaN,NaN,NaN,NaN,1
2023-04-24,1.5581463692689455,1.63,1.55,1.59,1.5891694327608215,2.100396164470271,1.59,0,0,NaN,441,0,0,0,0,NaN,NaN,63.599144270342265,NaN,NaN,NaN,2.475484203693732,1.6458960337238797,NaN,NaN,NaN,NaN,NaN,NaN,NaN,NaN,NaN,NaN,1,0,0,0,0,NaN,NaN,63.599144270342265,NaN,NaN,NaN,2.475484203693732,1.6458960337238797,NaN,NaN,NaN,NaN,NaN,NaN,NaN,NaN,NaN,NaN,1
2023-04-25,1.5740731846344729,1.61,1.52,1.56875,1.5854568086224903,2.092279429134847,1.56875,0,0,NaN,442,0,0,0,0,NaN,NaN,69.39725516861927,NaN,NaN,NaN,2.475484203693732,1.6458960337238797,NaN,NaN,NaN,NaN,NaN,NaN,NaN,NaN,NaN,NaN,1,0,0,0,0,NaN,NaN,69.39725516861927,NaN,NaN,NaN,2.475484203693732,1.6458960337238797,NaN,NaN,NaN,NaN,NaN,NaN,NaN,NaN,NaN,NaN,1
2023-04-26,1.5714115923172365,1.65,1.56,1.5887499999999999,1.5860555706911283,2.084591956934315,1.5887499999999997,0,0,NaN,443,0,0,0,0,NaN,NaN,73.7598960000646,NaN,NaN,NaN,2.475484203693732,1.6458960337238797,NaN,NaN,NaN,NaN,NaN,NaN,NaN,NaN,NaN,NaN,1,0,0,0,0,NaN,NaN,73.7598960000646,NaN,NaN,NaN,2.475484203693732,1.6458960337238797,NaN,NaN,NaN,NaN,NaN,NaN,NaN,NaN,NaN,NaN,1
2023-04-27,1.5800807961586183,1.64,1.5800807961586183,1.6212499999999999,1.592454557838196,2.077518033927684,1.6212499999999999,0,0,NaN,444,0,0,0,0,NaN,NaN,76.50272769713902,NaN,NaN,NaN,2.475484203693732,1.6458960337238797,NaN,NaN,NaN,NaN,NaN,NaN,NaN,NaN,NaN,NaN,1,0,0,0,0,NaN,NaN,76.50272769713902,NaN,NaN,NaN,2.475484203693732,1.6458960337238797,NaN,NaN,NaN,NaN,NaN,NaN,NaN,NaN,NaN,NaN,1
2023-04-28,1.600665398079309,1.85,1.56,1.71,1.6138264564130693,2.0719070715776433,1.71,0,0,NaN,445,0,0,0,0,NaN,NaN,78.1194174568034,NaN,NaN,NaN,2.475484203693732,1.6458960337238797,NaN,NaN,NaN,NaN,NaN,NaN,NaN,NaN,NaN,NaN,1,0,0,0,0,NaN,NaN,78.1194174568034,NaN,NaN,NaN,2.475484203693732,1.6458960337238797,NaN,NaN,NaN,NaN,NaN,NaN,NaN,NaN,NaN,NaN,1
2023-05-01,1.6553326990396546,1.84,1.6553326990396546,1.7475,1.6381307370652385,2.0669542918589006,1.7475,0,0,NaN,446,0,0,0,0,NaN,NaN,79.14758045914024,NaN,NaN,NaN,2.475484203693732,1.6458960337238797,NaN,NaN,NaN,NaN,NaN,NaN,NaN,NaN,NaN,NaN,1,0,0,0,0,NaN,NaN,79.14758045914024,NaN,NaN,NaN,2.475484203693732,1.6458960337238797,NaN,NaN,NaN,NaN,NaN,NaN,NaN,NaN,NaN,NaN,1
2023-05-02,1.7014163495198273,1.74,1.5987,1.6796749999999998,1.6456842394170133,2.06104163091449,1.6796749999999998,0,0,NaN,447,0,0,0,0,NaN,NaN,80.13658474473173,NaN,NaN,NaN,2.475484203693732,1.6458960337238797,NaN,NaN,NaN,NaN,NaN,NaN,NaN,NaN,NaN,NaN,1,0,0,0,0,NaN,NaN,80.13658474473173,NaN,NaN,NaN,2.475484203693732,1.6458960337238797,NaN,NaN,NaN,NaN,NaN,NaN,NaN,NaN,NaN,NaN,1
2023-05-03,1.6905456747599135,1.6905456747599135,1.58,1.6349749999999998,1.6437371049775562,2.054536796854727,1.6349749999999996,0,0,NaN,448,0,0,0,0,NaN,NaN,81.34631579346429,NaN,NaN,NaN,2.475484203693732,1.6458960337238797,NaN,NaN,NaN,NaN,NaN,NaN,NaN,NaN,NaN,NaN,1,0,0,0,0,NaN,NaN,81.34631579346429,NaN,NaN,NaN,2.475484203693732,1.6458960337238797,NaN,NaN,NaN,NaN,NaN,NaN,NaN,NaN,NaN,NaN,1
2023-05-04,1.6627603373799567,1.69,1.55,1.6225,1.639875813163455,2.047940815223357,1.6225000000000003,0,0,NaN,449,0,0,0,0,NaN,NaN,81.70451389734588,NaN,NaN,NaN,2.475484203693732,1.6458960337238797,NaN,NaN,NaN,NaN,NaN,NaN,NaN,NaN,NaN,NaN,1,0,0,0,0,NaN,NaN,81.70451389734588,NaN,NaN,NaN,2.475484203693732,1.6458960337238797,NaN,NaN,NaN,NaN,NaN,NaN,NaN,NaN,NaN,NaN,1
2023-05-05,1.6426301686899785,1.66,1.59,1.625,1.6371711198610086,2.0414837035405577,1.625,0,0,NaN,450,0,0,0,0,NaN,NaN,80.8302433828238,NaN,NaN,NaN,2.475484203693732,1.6458960337238797,NaN,NaN,NaN,NaN,NaN,NaN,NaN,NaN,NaN,NaN,1,0,0,0,0,NaN,NaN,80.8302433828238,NaN,NaN,NaN,2.475484203693732,1.6458960337238797,NaN,NaN,NaN,NaN,NaN,NaN,NaN,NaN,NaN,NaN,1
2023-05-08,1.6338150843449892,1.69,1.58,1.6425,1.638140007159007,2.0353923492880304,1.6425,0,0,NaN,451,0,0,0,0,NaN,NaN,79.55599453561621,NaN,NaN,NaN,2.475484203693732,1.6458960337238797,NaN,NaN,NaN,NaN,NaN,NaN,NaN,NaN,NaN,NaN,1,0,0,0,0,NaN,NaN,79.55599453561621,NaN,NaN,NaN,2.475484203693732,1.6458960337238797,NaN,NaN,NaN,NaN,NaN,NaN,NaN,NaN,NaN,NaN,1
2023-05-09,1.6381575421724945,1.73,1.54,1.62,1.6348418240391875,2.029050481359969,1.62,0,0,NaN,452,0,0,0,0,NaN,NaN,78.47049054756727,NaN,NaN,NaN,2.475484203693732,1.6458960337238797,NaN,NaN,NaN,NaN,NaN,NaN,NaN,NaN,NaN,NaN,1,0,0,0,0,NaN,NaN,78.47049054756727,NaN,NaN,NaN,2.475484203693732,1.6458960337238797,NaN,NaN,NaN,NaN,NaN,NaN,NaN,NaN,NaN,NaN,1
2023-05-10,1.6290787710862473,1.71,1.5757,1.663925,1.6401296742138807,2.0234760465300456,1.6639250000000003,0,0,NaN,453,0,0,0,0,NaN,NaN,76.8766468461812,NaN,NaN,NaN,2.475484203693732,1.6458960337238797,NaN,NaN,NaN,NaN,NaN,NaN,NaN,NaN,NaN,NaN,1,0,0,0,0,NaN,NaN,76.8766468461812,NaN,NaN,NaN,2.475484203693732,1.6458960337238797,NaN,NaN,NaN,NaN,NaN,NaN,NaN,NaN,NaN,NaN,1
2023-05-11,1.6465018855431237,1.86,1.6465018855431237,1.7375,1.657833369811357,2.0191100000181366,1.7375,0,0,NaN,454,0,0,0,0,NaN,NaN,74.40776089507254,NaN,NaN,NaN,2.475484203693732,1.6458960337238797,NaN,NaN,NaN,NaN,NaN,NaN,NaN,NaN,NaN,NaN,1,0,0,0,0,NaN,NaN,74.40776089507254,NaN,NaN,NaN,2.475484203693732,1.6458960337238797,NaN,NaN,NaN,NaN,NaN,NaN,NaN,NaN,NaN,NaN,1
2023-05-12,1.6920009427715619,1.88,1.6920009427715619,1.8375000000000001,1.6905000298456558,2.0163373282621344,1.8375000000000001,0,0,NaN,455,0,0,0,0,NaN,NaN,70.50604115658845,NaN,NaN,NaN,2.475484203693732,1.70575,NaN,NaN,NaN,NaN,NaN,NaN,NaN,NaN,NaN,NaN,1,0,0,0,0,NaN,NaN,70.50604115658845,NaN,NaN,NaN,2.475484203693732,1.70575,NaN,NaN,NaN,NaN,NaN,NaN,NaN,NaN,NaN,NaN,1
2023-05-15,1.764750471385781,1.83,1.764750471385781,1.815,1.7131363880555366,2.0132634759222543,1.815,0,0,NaN,456,0,0,0,0,NaN,NaN,67.12172036734582,NaN,NaN,NaN,2.475484203693732,1.70575,NaN,NaN,NaN,NaN,NaN,NaN,NaN,NaN,NaN,NaN,1,0,0,0,0,NaN,NaN,67.12172036734582,NaN,NaN,NaN,2.475484203693732,1.70575,NaN,NaN,NaN,NaN,NaN,NaN,NaN,NaN,NaN,NaN,1
2023-05-16,1.7898752356928904,1.84,1.7898752356928904,1.81,1.7307479538636208,2.010160216747869,1.81,0,0,NaN,457,0,0,0,0,NaN,NaN,63.51269581895128,NaN,NaN,NaN,2.475484203693732,1.70575,NaN,NaN,NaN,NaN,NaN,NaN,NaN,NaN,NaN,NaN,1,0,0,0,0,NaN,NaN,63.51269581895128,NaN,NaN,NaN,2.475484203693732,1.70575,NaN,NaN,NaN,NaN,NaN,NaN,NaN,NaN,NaN,NaN,1
2023-05-17,1.7999376178464452,1.84,1.7999376178464452,1.8275,1.748339234979326,2.0073715111486647,1.8275,0,0,NaN,458,0,0,0,0,NaN,NaN,59.608593729223415,NaN,NaN,NaN,2.475484203693732,1.70575,NaN,NaN,NaN,NaN,NaN,NaN,NaN,NaN,NaN,NaN,1,0,0,0,0,NaN,NaN,59.608593729223415,NaN,NaN,NaN,2.475484203693732,1.70575,NaN,NaN,NaN,NaN,NaN,NaN,NaN,NaN,NaN,NaN,1
2023-05-18,1.8137188089232226,1.84,1.77,1.8175,1.7609139195285395,2.0044727094517385,1.8175,0,0,NaN,459,0,0,0,0,NaN,NaN,55.93734097351959,NaN,NaN,NaN,2.475484203693732,1.70575,NaN,NaN,NaN,NaN,NaN,NaN,NaN,NaN,NaN,NaN,1,0,0,0,0,NaN,NaN,55.93734097351959,NaN,NaN,NaN,2.475484203693732,1.70575,NaN,NaN,NaN,NaN,NaN,NaN,NaN,NaN,NaN,NaN,1
2023-05-19,1.8156094044616111,1.83,1.72,1.785,1.7652932068869869,2.001121981063162,1.785,0,0,NaN,460,0,0,0,0,NaN,NaN,53.27638517198058,NaN,NaN,NaN,2.475484203693732,1.70575,NaN,NaN,NaN,NaN,NaN,NaN,NaN,NaN,NaN,NaN,1,0,0,0,0,NaN,NaN,53.27638517198058,NaN,NaN,NaN,2.475484203693732,1.70575,NaN,NaN,NaN,NaN,NaN,NaN,NaN,NaN,NaN,NaN,1
2023-05-22,1.8003047022308056,1.94,1.7766,1.86165,1.7828126238166255,1.9989926378408238,1.86165,0,0,NaN,461,0,0,0,0,NaN,NaN,49.33887729235108,NaN,NaN,NaN,2.475484203693732,1.72213975,NaN,NaN,NaN,NaN,NaN,NaN,NaN,NaN,NaN,NaN,1,0,0,0,0,NaN,NaN,49.33887729235108,NaN,NaN,NaN,2.475484203693732,1.72213975,NaN,NaN,NaN,NaN,NaN,NaN,NaN,NaN,NaN,NaN,1
2023-05-23,1.8309773511154028,2.25,1.8309773511154028,2.08,1.8368466922136026,2.0002293914615747,2.08,0,0,NaN,462,0,0,0,0,NaN,NaN,39.578491729374534,NaN,NaN,NaN,2.475484203693732,1.846235865,NaN,NaN,NaN,NaN,NaN,NaN,NaN,NaN,NaN,NaN,1,0,0,0,0,NaN,NaN,39.578491729374534,NaN,NaN,NaN,2.475484203693732,1.846235865,NaN,NaN,NaN,NaN,NaN,NaN,NaN,NaN,NaN,NaN,1
2023-05-24,1.9554886755577015,2.445,1.9554886755577015,2.26125,1.9140109299929475,2.004214438920177,2.26125,0,0,NaN,463,0,0,0,0,NaN,NaN,25.62785461392843,NaN,NaN,NaN,2.475484203693732,1.96605588715,NaN,NaN,NaN,NaN,NaN,NaN,NaN,NaN,NaN,NaN,1,0,0,0,0,NaN,NaN,25.62785461392843,NaN,NaN,NaN,2.475484203693732,1.96605588715,NaN,NaN,NaN,NaN,NaN,NaN,NaN,NaN,NaN,NaN,1
2023-05-25,2.108369337778851,2.255,2.03,2.1462499999999998,1.9562362154487751,2.006382920768724,2.1462499999999998,0,0,NaN,464,0,0,0,0,NaN,NaN,16.78368659060857,NaN,NaN,NaN,2.475484203693732,1.96605588715,NaN,NaN,NaN,NaN,NaN,NaN,NaN,NaN,NaN,NaN,1,0,0,0,0,NaN,NaN,16.78368659060857,NaN,NaN,NaN,2.475484203693732,1.96605588715,NaN,NaN,NaN,NaN,NaN,NaN,NaN,NaN,NaN,NaN,1
2023-05-26,2.127309668889425,2.29,2.04,2.15785,1.9928932671853614,2.0086953952608044,2.15785,0,0,NaN,465,0,0,0,0,NaN,NaN,9.715378047222075,NaN,NaN,NaN,2.475484203693732,1.96605588715,NaN,NaN,NaN,NaN,NaN,NaN,NaN,NaN,NaN,NaN,1,0,0,0,0,NaN,NaN,9.715378047222075,NaN,NaN,NaN,2.475484203693732,1.96605588715,NaN,NaN,NaN,NaN,NaN,NaN,NaN,NaN,NaN,NaN,1
2023-05-30,2.1425798344447124,2.41,2.1425798344447124,2.2975000000000003,2.0482763095152956,2.0131046258675096,2.2975000000000003,0,0,NaN,466,0,0,0,0,NaN,NaN,3.831032034023739,NaN,NaN,NaN,2.475484203693732,2.021779180692,NaN,NaN,NaN,NaN,NaN,NaN,NaN,NaN,NaN,NaN,1,0,0,0,0,NaN,NaN,3.831032034023739,NaN,NaN,NaN,2.475484203693732,2.021779180692,NaN,NaN,NaN,NaN,NaN,NaN,NaN,NaN,NaN,NaN,1
2023-05-31,2.2200399172223566,2.42,2.2200399172223566,2.3375,2.100862435057969,2.0180572269993036,2.3375,0,0,NaN,467,0,0,0,0,NaN,NaN,0.9135952082386384,NaN,NaN,NaN,2.475484203693732,2.0861373035882,NaN,NaN,NaN,NaN,NaN,NaN,NaN,NaN,NaN,NaN,1,0,0,0,0,NaN,NaN,0.9135952082386384,NaN,NaN,NaN,2.475484203693732,2.0861373035882,NaN,NaN,NaN,NaN,NaN,NaN,NaN,NaN,NaN,NaN,1
2023-06-01,2.2787699586111785,2.38,2.2787699586111785,2.327575,2.1420829014110656,2.0227826891825202,2.327575,0,0,NaN,468,0,0,0,0,NaN,NaN,0.006017369145625094,NaN,NaN,NaN,2.475484203693732,2.0861373035882,NaN,NaN,NaN,NaN,NaN,NaN,NaN,NaN,NaN,NaN,1,0,0,0,0,NaN,NaN,0.006017369145625094,NaN,NaN,NaN,2.475484203693732,2.0861373035882,NaN,NaN,NaN,NaN,NaN,NaN,NaN,NaN,NaN,NaN,1
2023-06-02,2.303172479305589,2.5,2.3027,2.405675,2.1900087375181445,2.0286283733171384,2.405675,0,0,NaN,469,0,0,0,0,NaN,NaN,0.76129562775038,NaN,NaN,NaN,2.475484203693732,2.171605838942324,NaN,NaN,NaN,NaN,NaN,NaN,NaN,NaN,NaN,NaN,1,0,0,0,0,NaN,NaN,0.76129562775038,NaN,NaN,NaN,2.475484203693732,2.171605838942324,NaN,NaN,NaN,NaN,NaN,NaN,NaN,NaN,NaN,NaN,1
2023-06-05,2.3544237396527947,2.75,2.3544237396527947,2.5925000000000002,2.2631889670603003,2.0372371004420677,2.5925000000000002,0,0,NaN,470,0,0,0,0,NaN,NaN,3.434985769800214,NaN,NaN,NaN,2.475484203693732,2.3337894877644363,NaN,NaN,NaN,NaN,NaN,NaN,NaN,NaN,NaN,NaN,1,0,0,0,0,NaN,NaN,3.434985769800214,NaN,NaN,NaN,2.475484203693732,2.3337894877644363,NaN,NaN,NaN,NaN,NaN,NaN,NaN,NaN,NaN,NaN,1
2023-06-06,2.4734618698263975,2.82,2.4734618698263975,2.694625,2.3416318821402458,2.047273556923868,2.694625,0,0,NaN,471,1,0,0,0,NaN,NaN,7.070714729770088,NaN,NaN,NaN,2.475484203693732,2.4591975107009714,NaN,NaN,NaN,NaN,NaN,NaN,NaN,NaN,NaN,NaN,1,1,0,0,0,NaN,NaN,7.070714729770088,NaN,NaN,NaN,2.475484203693732,2.4591975107009714,NaN,NaN,NaN,NaN,NaN,NaN,NaN,NaN,NaN,NaN,1
2023-06-07,2.5840434349131987,2.85,2.5840434349131987,2.6925,2.405426085387474,2.0571243423143435,2.6925,0,0,NaN,472,0,0,0,0,NaN,NaN,11.094905989104792,NaN,NaN,NaN,2.475484203693732,2.4591975107009714,NaN,NaN,NaN,NaN,NaN,NaN,NaN,NaN,NaN,NaN,1,0,0,0,0,NaN,NaN,11.094905989104792,NaN,NaN,NaN,2.475484203693732,2.4591975107009714,NaN,NaN,NaN,NaN,NaN,NaN,NaN,NaN,NaN,NaN,1
2023-06-08,2.6382717174565995,2.71,2.43,2.5725,2.4358031607715693,2.064992672966033,2.5725,0,0,NaN,473,0,0,0,0,NaN,NaN,15.4888055791882,NaN,NaN,NaN,2.475484203693732,2.4591975107009714,NaN,NaN,NaN,NaN,NaN,NaN,NaN,NaN,NaN,NaN,1,0,0,0,0,NaN,NaN,15.4888055791882,NaN,NaN,NaN,2.475484203693732,2.4591975107009714,NaN,NaN,NaN,NaN,NaN,NaN,NaN,NaN,NaN,NaN,1
2023-06-09,2.6053858587282996,2.6053858587282996,2.41,2.4575,2.439748040631284,2.0709851512413606,2.4575,0,0,NaN,474,0,0,0,0,NaN,NaN,19.570813594385243,NaN,NaN,NaN,2.475484203693732,2.4591975107009714,NaN,NaN,NaN,NaN,NaN,NaN,NaN,NaN,NaN,NaN,1,0,0,0,0,NaN,NaN,19.570813594385243,NaN,NaN,NaN,2.475484203693732,2.4591975107009714,NaN,NaN,NaN,NaN,NaN,NaN,NaN,NaN,NaN,NaN,1
2023-06-12,2.53144292936415,2.58,2.4227,2.488175,2.448552942334687,2.0773544619094313,2.488175,0,0,NaN,475,0,0,0,0,NaN,NaN,24.271596270928487,NaN,NaN,NaN,2.475484203693732,2.4591975107009714,NaN,NaN,NaN,NaN,NaN,NaN,NaN,NaN,NaN,NaN,1,0,0,0,0,NaN,NaN,24.271596270928487,NaN,NaN,NaN,2.475484203693732,2.4591975107009714,NaN,NaN,NaN,NaN,NaN,NaN,NaN,NaN,NaN,NaN,1
2023-06-13,2.509808964682075,2.53,2.37,2.4375,2.446543316455653,2.0828528670711193,2.4375,0,0,NaN,476,0,0,0,0,NaN,NaN,29.068880524161607,NaN,NaN,NaN,2.475484203693732,2.4591975107009714,NaN,NaN,NaN,NaN,NaN,NaN,NaN,NaN,NaN,NaN,1,0,0,0,0,NaN,NaN,29.068880524161607,NaN,NaN,NaN,2.475484203693732,2.4591975107009714,NaN,NaN,NaN,NaN,NaN,NaN,NaN,NaN,NaN,NaN,1
2023-06-14,2.4736544823410376,2.49,2.4,2.4375,2.4448990771000796,2.088267327115835,2.4375,0,0,NaN,477,0,0,0,0,NaN,NaN,34.210654130458565,NaN,NaN,NaN,2.475484203693732,2.4591975107009714,NaN,NaN,NaN,NaN,NaN,NaN,NaN,NaN,NaN,NaN,1,0,0,0,0,NaN,NaN,34.210654130458565,NaN,NaN,NaN,2.475484203693732,2.4591975107009714,NaN,NaN,NaN,NaN,NaN,NaN,NaN,NaN,NaN,NaN,1
2023-06-15,2.455577241170519,2.51,2.41,2.45125,2.4460537903546107,2.09380904731254,2.45125,0,0,NaN,478,0,0,0,0,NaN,NaN,39.775434892314784,NaN,NaN,NaN,2.475484203693732,2.4591975107009714,NaN,NaN,NaN,NaN,NaN,NaN,NaN,NaN,NaN,NaN,1,0,0,0,0,NaN,NaN,39.775434892314784,NaN,NaN,NaN,2.475484203693732,2.4591975107009714,NaN,NaN,NaN,NaN,NaN,NaN,NaN,NaN,NaN,NaN,1
2023-06-16,2.4534136205852595,2.51,2.41,2.465,2.4494985557446816,2.09947608475815,2.465,0,0,NaN,479,0,0,0,0,NaN,NaN,44.35421706423367,NaN,NaN,NaN,2.475484203693732,2.4591975107009714,NaN,NaN,NaN,NaN,NaN,NaN,NaN,NaN,NaN,NaN,1,0,0,0,0,NaN,NaN,44.35421706423367,NaN,NaN,NaN,2.475484203693732,2.4591975107009714,NaN,NaN,NaN,NaN,NaN,NaN,NaN,NaN,NaN,NaN,1
2023-06-20,2.4592068102926294,2.57,2.34,2.4625,2.451862454700194,2.1050184346091707,2.4625,0,0,NaN,480,0,0,0,0,NaN,NaN,48.62697809248511,NaN,NaN,NaN,2.475484203693732,2.4591975107009714,NaN,NaN,NaN,NaN,NaN,NaN,NaN,NaN,NaN,NaN,1,0,0,0,0,NaN,NaN,48.62697809248511,NaN,NaN,NaN,2.475484203693732,2.4591975107009714,NaN,NaN,NaN,NaN,NaN,NaN,NaN,NaN,NaN,NaN,1
2023-06-21,2.460853405146315,2.460853405146315,2.31,2.3925,2.4410692811183408,2.109407466141855,2.3925,0,0,NaN,481,0,0,0,0,NaN,NaN,52.86419102505159,NaN,NaN,NaN,2.475484203693732,2.4591975107009714,NaN,NaN,NaN,NaN,NaN,NaN,NaN,NaN,NaN,NaN,1,0,0,0,0,NaN,NaN,52.86419102505159,NaN,NaN,NaN,2.475484203693732,2.4591975107009714,NaN,NaN,NaN,NaN,NaN,NaN,NaN,NaN,NaN,NaN,1
2023-06-22,2.4266767025731575,2.53,2.31,2.4050000000000002,2.4345112300059153,2.113920329254193,2.4050000000000002,0,0,NaN,482,0,0,0,0,NaN,NaN,56.90235896654414,NaN,NaN,NaN,2.475484203693732,2.4591975107009714,NaN,NaN,NaN,NaN,NaN,NaN,NaN,NaN,NaN,NaN,1,0,0,0,0,NaN,NaN,56.90235896654414,NaN,NaN,NaN,2.475484203693732,2.4591975107009714,NaN,NaN,NaN,NaN,NaN,NaN,NaN,NaN,NaN,NaN,1
2023-06-23,2.415838351286579,2.56,2.29,2.4375,2.4350546427321125,2.118860476899167,2.4375,0,0,NaN,483,0,0,0,0,NaN,NaN,60.86070323374534,NaN,NaN,NaN,2.475484203693732,2.4591975107009714,NaN,NaN,NaN,NaN,NaN,NaN,NaN,NaN,NaN,NaN,1,0,0,0,0,NaN,NaN,60.86070323374534,NaN,NaN,NaN,2.475484203693732,2.4591975107009714,NaN,NaN,NaN,NaN,NaN,NaN,NaN,NaN,NaN,NaN,1
2023-06-26,2.4266691756432897,2.54,2.13,2.35,2.4195901622353646,2.1223893245800958,2.35,0,0,NaN,484,0,0,0,0,NaN,NaN,63.77478680011246,NaN,NaN,NaN,2.475484203693732,2.4591975107009714,NaN,NaN,NaN,NaN,NaN,NaN,NaN,NaN,NaN,NaN,1,0,0,0,0,NaN,NaN,63.77478680011246,NaN,NaN,NaN,2.475484203693732,2.4591975107009714,NaN,NaN,NaN,NaN,NaN,NaN,NaN,NaN,NaN,NaN,1
2023-06-27,2.388334587821645,2.388334587821645,1.985,2.07625,2.357164678192571,2.121684907410934,2.07625,0,0,NaN,485,0,0,0,0,NaN,NaN,65.1363188802188,NaN,NaN,NaN,2.475484203693732,2.301956875,NaN,NaN,NaN,NaN,NaN,NaN,NaN,NaN,NaN,NaN,1,0,0,0,0,NaN,NaN,65.1363188802188,NaN,NaN,NaN,2.475484203693732,2.301956875,NaN,NaN,NaN,NaN,NaN,NaN,NaN,NaN,NaN,NaN,1
2023-06-28,2.2322922939108225,2.2322922939108225,1.93,1.9774999999999998,2.2881347367030127,2.119483611114584,1.9774999999999996,0,0,NaN,486,0,0,0,0,NaN,NaN,64.69989754049818,NaN,NaN,NaN,2.475484203693732,2.2443294187499996,NaN,NaN,NaN,NaN,NaN,NaN,NaN,NaN,NaN,NaN,1,0,0,0,0,NaN,NaN,64.69989754049818,NaN,NaN,NaN,2.475484203693732,2.2443294187499996,NaN,NaN,NaN,NaN,NaN,NaN,NaN,NaN,NaN,NaN,1
2023-06-29,2.104896146955411,2.104896146955411,1.9355,1.9876250000000002,2.2334966027570102,2.117470502547949,1.9876250000000002,0,0,NaN,487,0,0,0,0,NaN,NaN,63.5929560965508,NaN,NaN,NaN,2.475484203693732,2.2443294187499996,NaN,NaN,NaN,NaN,NaN,NaN,NaN,NaN,NaN,NaN,1,0,0,0,0,NaN,NaN,63.5929560965508,NaN,NaN,NaN,2.475484203693732,2.2443294187499996,NaN,NaN,NaN,NaN,NaN,NaN,NaN,NaN,NaN,NaN,1
2023-06-30,2.0462605734777055,2.11,1.9813,2.027825,2.196101765892099,2.116101868921263,2.027825,0,0,NaN,488,0,0,0,0,NaN,NaN,62.44992355741486,NaN,NaN,NaN,2.475484203693732,2.2443294187499996,NaN,NaN,NaN,NaN,NaN,NaN,NaN,NaN,NaN,NaN,1,0,0,0,0,NaN,NaN,62.44992355741486,NaN,NaN,NaN,2.475484203693732,2.2443294187499996,NaN,NaN,NaN,NaN,NaN,NaN,NaN,NaN,NaN,NaN,1
2023-07-03,2.0370427867388528,2.0370427867388528,1.91,1.96,2.153174172093536,2.1137186342812435,1.96,0,0,NaN,489,0,0,0,0,NaN,NaN,60.49234946558046,NaN,NaN,NaN,2.475484203693732,2.2190446536249997,NaN,NaN,NaN,NaN,NaN,NaN,NaN,NaN,NaN,NaN,1,0,0,0,0,NaN,NaN,60.49234946558046,NaN,NaN,NaN,2.475484203693732,2.2190446536249997,NaN,NaN,NaN,NaN,NaN,NaN,NaN,NaN,NaN,NaN,1
2023-07-05,1.9985213933694264,2.05,1.9513,2.005325,2.1262925044401655,2.1120637696357285,2.005325,0,0,NaN,490,0,0,0,0,NaN,NaN,59.02697924721776,NaN,NaN,NaN,2.475484203693732,2.2190446536249997,NaN,NaN,NaN,NaN,NaN,NaN,NaN,NaN,NaN,NaN,1,0,0,0,0,NaN,NaN,59.02697924721776,NaN,NaN,NaN,2.475484203693732,2.2190446536249997,NaN,NaN,NaN,NaN,NaN,NaN,NaN,NaN,NaN,NaN,1
2023-07-06,2.001923196684713,2.001923196684713,1.9,1.96,2.0960575036328626,2.1097421853664806,1.96,0,0,NaN,491,0,0,0,0,NaN,NaN,57.011789053877735,NaN,NaN,NaN,2.475484203693732,2.2190446536249997,NaN,NaN,NaN,NaN,NaN,NaN,NaN,NaN,NaN,NaN,1,0,0,0,0,NaN,NaN,57.011789053877735,NaN,NaN,NaN,2.475484203693732,2.2190446536249997,NaN,NaN,NaN,NaN,NaN,NaN,NaN,NaN,NaN,NaN,1
2023-07-07,1.9809615983423565,2,1.95,1.975,2.0740470484268876,2.107685052765466,1.9749999999999999,0,0,NaN,492,0,0,0,0,NaN,NaN,54.823488659160724,NaN,NaN,NaN,2.475484203693732,2.2190446536249997,NaN,NaN,NaN,NaN,NaN,NaN,NaN,NaN,NaN,NaN,1,0,0,0,0,NaN,NaN,54.823488659160724,NaN,NaN,NaN,2.475484203693732,2.2190446536249997,NaN,NaN,NaN,NaN,NaN,NaN,NaN,NaN,NaN,NaN,1
2023-07-10,1.9779807991711782,1.9899,1.79,1.874975,2.03785213053109,2.1041322275324053,1.8749750000000003,0,0,NaN,493,0,0,0,0,NaN,NaN,51.522529306022015,NaN,NaN,NaN,2.475484203693732,2.14939200979875,NaN,NaN,NaN,NaN,NaN,NaN,NaN,NaN,NaN,NaN,1,0,0,0,0,NaN,NaN,51.522529306022015,NaN,NaN,NaN,2.475484203693732,2.14939200979875,NaN,NaN,NaN,NaN,NaN,NaN,NaN,NaN,NaN,NaN,1
2023-07-11,1.9264778995855891,1.9264778995855891,1.7553,1.801325,1.9948471977072555,2.0995092164250404,1.801325,0,0,NaN,494,0,0,0,0,NaN,NaN,47.51797152458186,NaN,NaN,NaN,2.475484203693732,2.0752179686229,NaN,NaN,NaN,NaN,NaN,NaN,NaN,NaN,NaN,NaN,1,0,0,0,0,NaN,NaN,47.51797152458186,NaN,NaN,NaN,2.475484203693732,2.0752179686229,NaN,NaN,NaN,NaN,NaN,NaN,NaN,NaN,NaN,NaN,1
2023-07-12,1.8639014497927946,1.885,1.77,1.81875,1.9628295253968455,2.0952228161742763,1.8187500000000003,0,0,NaN,495,0,0,0,0,NaN,NaN,44.21699791412959,NaN,NaN,NaN,2.475484203693732,2.0752179686229,NaN,NaN,NaN,NaN,NaN,NaN,NaN,NaN,NaN,NaN,1,0,0,0,0,NaN,NaN,44.21699791412959,NaN,NaN,NaN,2.475484203693732,2.0752179686229,NaN,NaN,NaN,NaN,NaN,NaN,NaN,NaN,NaN,NaN,1
2023-07-13,1.8413257248963975,1.85,1.79,1.82,1.9368605207792373,2.0910209411181806,1.82,0,0,NaN,496,0,0,0,0,NaN,NaN,40.98935456720385,NaN,NaN,NaN,2.475484203693732,2.0752179686229,NaN,NaN,NaN,NaN,NaN,NaN,NaN,NaN,NaN,NaN,1,0,0,0,0,NaN,NaN,40.98935456720385,NaN,NaN,NaN,2.475484203693732,2.0752179686229,NaN,NaN,NaN,NaN,NaN,NaN,NaN,NaN,NaN,NaN,1
2023-07-14,1.8306628624481989,1.8306628624481989,1.78,1.8050000000000002,1.912885880637558,2.0866542091927123,1.8050000000000002,0,0,NaN,497,0,0,0,0,NaN,NaN,38.81039918235988,NaN,NaN,NaN,2.475484203693732,2.0752179686229,NaN,NaN,NaN,NaN,NaN,NaN,NaN,NaN,NaN,NaN,1,0,0,0,0,NaN,NaN,38.81039918235988,NaN,NaN,NaN,2.475484203693732,2.0752179686229,NaN,NaN,NaN,NaN,NaN,NaN,NaN,NaN,NaN,NaN,1
2023-07-17,1.8178314312240995,1.8178314312240995,1.77,1.7825,1.8891793568852746,2.0820106334798463,1.7825,0,0,NaN,498,0,0,0,0,NaN,NaN,36.190738908537476,NaN,NaN,NaN,2.475484203693732,2.023309648329465,NaN,NaN,NaN,NaN,NaN,NaN,NaN,NaN,NaN,NaN,1,0,0,0,0,NaN,NaN,36.190738908537476,NaN,NaN,NaN,2.475484203693732,2.023309648329465,NaN,NaN,NaN,NaN,NaN,NaN,NaN,NaN,NaN,NaN,1
2023-07-18,1.8001657156120499,1.81,1.77,1.79,1.8711467465424974,2.077552455869467,1.79,0,0,NaN,499,0,0,0,0,NaN,NaN,32.93807869892196,NaN,NaN,NaN,2.475484203693732,2.023309648329465,NaN,NaN,NaN,NaN,NaN,NaN,NaN,NaN,NaN,NaN,1,0,0,0,0,NaN,NaN,32.93807869892196,NaN,NaN,NaN,2.475484203693732,2.023309648329465,NaN,NaN,NaN,NaN,NaN,NaN,NaN,NaN,NaN,NaN,1
2023-07-19,1.795082857806025,1.85,1.76,1.8,1.8582109744438615,2.0733150137951237,1.8,0,0,NaN,500,0,0,0,0,NaN,NaN,29.433844802780996,NaN,NaN,NaN,2.475484203693732,2.023309648329465,NaN,NaN,NaN,NaN,NaN,NaN,NaN,NaN,NaN,NaN,1,0,0,0,0,NaN,NaN,29.433844802780996,NaN,NaN,NaN,2.475484203693732,2.023309648329465,NaN,NaN,NaN,NaN,NaN,NaN,NaN,NaN,NaN,NaN,1
2023-07-20,1.7975414289030125,1.82,1.77,1.7975,1.8471726154540686,2.0691040975539767,1.7975,0,0,NaN,501,0,0,0,0,NaN,NaN,25.92497404690294,NaN,NaN,NaN,2.475484203693732,2.023309648329465,NaN,NaN,NaN,NaN,NaN,NaN,NaN,NaN,NaN,NaN,1,0,0,0,0,NaN,NaN,25.92497404690294,NaN,NaN,NaN,2.475484203693732,2.023309648329465,NaN,NaN,NaN,NaN,NaN,NaN,NaN,NaN,NaN,NaN,1
2023-07-21,1.7975207144515064,1.8,1.79,1.7950000000000002,1.8376866853715108,2.0649193021714733,1.7950000000000002,0,0,NaN,502,0,0,0,0,NaN,NaN,22.533871911719068,NaN,NaN,NaN,2.475484203693732,2.023309648329465,NaN,NaN,NaN,NaN,NaN,NaN,NaN,NaN,NaN,NaN,1,0,0,0,0,NaN,NaN,22.533871911719068,NaN,NaN,NaN,2.475484203693732,2.023309648329465,NaN,NaN,NaN,NaN,NaN,NaN,NaN,NaN,NaN,NaN,1
2023-07-24,1.7962603572257532,1.97,1.7801,1.8750250000000002,1.844475469849418,2.0620201525200006,1.8750250000000002,0,0,NaN,503,0,0,0,0,NaN,NaN,19.875416341683916,NaN,NaN,NaN,2.475484203693732,2.023309648329465,NaN,NaN,NaN,NaN,NaN,NaN,NaN,NaN,NaN,NaN,1,0,0,0,0,NaN,NaN,19.875416341683916,NaN,NaN,NaN,2.475484203693732,2.023309648329465,NaN,NaN,NaN,NaN,NaN,NaN,NaN,NaN,NaN,NaN,1
2023-07-25,1.8356426786128766,2.09,1.8356426786128766,2.0175,1.8759344753313418,2.0613404555349626,2.0175,0,0,NaN,504,0,0,0,0,NaN,NaN,18.387181332493007,NaN,NaN,NaN,2.475484203693732,2.023309648329465,NaN,NaN,NaN,NaN,NaN,NaN,NaN,NaN,NaN,NaN,1,0,0,0,0,NaN,NaN,18.387181332493007,NaN,NaN,NaN,2.475484203693732,2.023309648329465,NaN,NaN,NaN,NaN,NaN,NaN,NaN,NaN,NaN,NaN,1
2023-07-26,1.9265713393064383,2.09,1.9,2.005,1.8994009343620069,2.0604802959084747,2.005,0,0,NaN,505,0,0,0,0,NaN,NaN,16.966786237086396,NaN,NaN,NaN,2.475484203693732,2.023309648329465,NaN,NaN,NaN,NaN,NaN,NaN,NaN,NaN,NaN,NaN,1,0,0,0,0,NaN,NaN,16.966786237086396,NaN,NaN,NaN,2.475484203693732,2.023309648329465,NaN,NaN,NaN,NaN,NaN,NaN,NaN,NaN,NaN,NaN,1
2023-07-27,1.965785669653219,1.965785669653219,1.87,1.9175,1.9026916735689148,2.058297390627429,1.9175,0,0,NaN,506,0,0,0,0,NaN,NaN,14.944396527546179,NaN,NaN,NaN,2.475484203693732,2.023309648329465,NaN,NaN,NaN,NaN,NaN,NaN,NaN,NaN,NaN,NaN,1,0,0,0,0,NaN,NaN,14.944396527546179,NaN,NaN,NaN,2.475484203693732,2.023309648329465,NaN,NaN,NaN,NaN,NaN,NaN,NaN,NaN,NaN,NaN,1
2023-07-28,1.9416428348266095,1.9416428348266095,1.84,1.9024999999999999,1.9026568238291122,2.0559188045109797,1.9025,0,0,NaN,507,0,0,0,0,NaN,NaN,12.85715517442829,NaN,NaN,NaN,2.475484203693732,2.023309648329465,NaN,NaN,NaN,NaN,NaN,NaN,NaN,NaN,NaN,NaN,1,0,0,0,0,NaN,NaN,12.85715517442829,NaN,NaN,NaN,2.475484203693732,2.023309648329465,NaN,NaN,NaN,NaN,NaN,NaN,NaN,NaN,NaN,NaN,1
2023-07-31,1.9220714174133047,1.9622,1.8109,1.908275,1.9036783104056372,2.053664700625316,1.908275,0,0,NaN,508,0,0,0,0,NaN,NaN,10.582237255460738,NaN,NaN,NaN,2.475484203693732,2.023309648329465,NaN,NaN,NaN,NaN,NaN,NaN,NaN,NaN,NaN,NaN,1,0,0,0,0,NaN,NaN,10.582237255460738,NaN,NaN,NaN,2.475484203693732,2.023309648329465,NaN,NaN,NaN,NaN,NaN,NaN,NaN,NaN,NaN,NaN,1
2023-08-01,1.9151732087066522,1.92,1.88,1.9024999999999999,1.9034640721500669,2.051356842600502,1.9024999999999999,0,0,NaN,509,0,0,0,0,NaN,NaN,8.424682279294387,NaN,NaN,NaN,2.475484203693732,2.023309648329465,NaN,NaN,NaN,NaN,NaN,NaN,NaN,NaN,NaN,NaN,1,0,0,0,0,NaN,NaN,8.424682279294387,NaN,NaN,NaN,2.475484203693732,2.023309648329465,NaN,NaN,NaN,NaN,NaN,NaN,NaN,NaN,NaN,NaN,1
2023-08-02,1.908836604353326,1.908836604353326,1.83,1.865,1.8964706044864184,2.04851169996538,1.865,0,0,NaN,510,0,0,0,0,NaN,NaN,6.199281568187213,NaN,NaN,NaN,2.475484203693732,2.023309648329465,NaN,NaN,NaN,NaN,NaN,NaN,NaN,NaN,NaN,NaN,1,0,0,0,0,NaN,NaN,6.199281568187213,NaN,NaN,NaN,2.475484203693732,2.023309648329465,NaN,NaN,NaN,NaN,NaN,NaN,NaN,NaN,NaN,NaN,1
2023-08-03,1.886918302176663,1.93,1.82,1.8824999999999998,1.8939304945797968,2.045977170194916,1.8824999999999998,0,0,NaN,511,0,0,0,0,NaN,NaN,4.3448931044226375,NaN,NaN,NaN,2.475484203693732,2.023309648329465,NaN,NaN,NaN,NaN,NaN,NaN,NaN,NaN,NaN,NaN,1,0,0,0,0,NaN,NaN,4.3448931044226375,NaN,NaN,NaN,2.475484203693732,2.023309648329465,NaN,NaN,NaN,NaN,NaN,NaN,NaN,NaN,NaN,NaN,1
2023-08-04,1.8847091510883314,1.89,1.84,1.8675000000000002,1.8891249501107428,2.0432523279018637,1.8675000000000002,0,0,NaN,512,0,0,0,0,NaN,NaN,2.7706851439622504,NaN,NaN,NaN,2.475484203693732,2.023309648329465,NaN,NaN,NaN,NaN,NaN,NaN,NaN,NaN,NaN,NaN,1,0,0,0,0,NaN,NaN,2.7706851439622504,NaN,NaN,NaN,2.475484203693732,2.023309648329465,NaN,NaN,NaN,NaN,NaN,NaN,NaN,NaN,NaN,NaN,1
2023-08-07,1.8761045755441659,1.89,1.83,1.8525,1.882465868272426,2.040340078620919,1.8525,0,0,NaN,513,0,0,0,0,NaN,NaN,1.5178610063244042,NaN,NaN,NaN,2.475484203693732,2.023309648329465,NaN,NaN,NaN,NaN,NaN,NaN,NaN,NaN,NaN,NaN,1,0,0,0,0,NaN,NaN,1.5178610063244042,NaN,NaN,NaN,2.475484203693732,2.023309648329465,NaN,NaN,NaN,NaN,NaN,NaN,NaN,NaN,NaN,NaN,1
2023-08-08,1.864302287772083,1.864302287772083,1.79,1.8333750000000002,1.8735402558592578,2.0371803064282332,1.8333750000000002,0,0,NaN,514,0,0,0,0,NaN,NaN,0.5662791520281804,NaN,NaN,NaN,2.475484203693732,2.023309648329465,NaN,NaN,NaN,NaN,NaN,NaN,NaN,NaN,NaN,NaN,1,0,0,0,0,NaN,NaN,0.5662791520281804,NaN,NaN,NaN,2.475484203693732,2.023309648329465,NaN,NaN,NaN,NaN,NaN,NaN,NaN,NaN,NaN,NaN,1
2023-08-09,1.8488386438860416,1.86,1.8,1.8325,1.8660783911575745,2.0340554162537563,1.8325,0,0,NaN,515,0,0,0,0,NaN,NaN,0.07309673872297931,NaN,NaN,NaN,2.475484203693732,2.023309648329465,NaN,NaN,NaN,NaN,NaN,NaN,NaN,NaN,NaN,NaN,1,0,0,0,0,NaN,NaN,0.07309673872297931,NaN,NaN,NaN,2.475484203693732,2.023309648329465,NaN,NaN,NaN,NaN,NaN,NaN,NaN,NaN,NaN,NaN,1
2023-08-10,1.8406693219430208,1.93,1.4,1.655,1.8277005018561974,2.028268310662096,1.655,0,0,NaN,516,0,0,0,0,NaN,NaN,0.11669389742118336,NaN,NaN,NaN,2.475484203693732,1.9047389116301612,NaN,NaN,NaN,NaN,NaN,NaN,NaN,NaN,NaN,NaN,1,0,0,0,0,NaN,NaN,0.11669389742118336,NaN,NaN,NaN,2.475484203693732,1.9047389116301612,NaN,NaN,NaN,NaN,NaN,NaN,NaN,NaN,NaN,NaN,1
2023-08-11,1.7478346609715105,1.85,1.5,1.64875,1.7951640469732524,2.0224741379802316,1.6487499999999997,0,0,NaN,517,0,0,0,0,NaN,NaN,0.7815480041456393,NaN,NaN,NaN,2.475484203693732,1.8485124901878272,NaN,NaN,NaN,NaN,NaN,NaN,NaN,NaN,NaN,NaN,1,0,0,0,0,NaN,NaN,0.7815480041456393,NaN,NaN,NaN,2.475484203693732,1.8485124901878272,NaN,NaN,NaN,NaN,NaN,NaN,NaN,NaN,NaN,NaN,1
2023-08-14,1.6982923304857551,1.86,1.51,1.7175,1.7810433111599338,2.0178180442706095,1.7175,0,0,NaN,518,0,0,0,0,NaN,NaN,1.7927533980103234,NaN,NaN,NaN,2.475484203693732,1.8485124901878272,NaN,NaN,NaN,NaN,NaN,NaN,NaN,NaN,NaN,NaN,1,0,0,0,0,NaN,NaN,1.7927533980103234,NaN,NaN,NaN,2.475484203693732,1.8485124901878272,NaN,NaN,NaN,NaN,NaN,NaN,NaN,NaN,NaN,NaN,1
2023-08-15,1.7078961652428775,1.91,1.65,1.7787499999999998,1.7806263454944913,2.0141681504649513,1.7787499999999998,0,0,NaN,519,0,0,0,0,NaN,NaN,3.272893444159968,NaN,NaN,NaN,2.475484203693732,1.8485124901878272,NaN,NaN,NaN,NaN,NaN,NaN,NaN,NaN,NaN,NaN,1,0,0,0,0,NaN,NaN,3.272893444159968,NaN,NaN,NaN,2.475484203693732,1.8485124901878272,NaN,NaN,NaN,NaN,NaN,NaN,NaN,NaN,NaN,NaN,1
2023-08-16,1.7433230826214388,1.7433230826214388,1.59,1.6524999999999999,1.7573306463136746,2.008646499312815,1.6524999999999999,0,0,NaN,520,0,0,0,0,NaN,NaN,5.83560697259239,NaN,NaN,NaN,2.475484203693732,1.8485124901878272,NaN,NaN,NaN,NaN,NaN,NaN,NaN,NaN,NaN,NaN,1,0,0,0,0,NaN,NaN,5.83560697259239,NaN,NaN,NaN,2.475484203693732,1.8485124901878272,NaN,NaN,NaN,NaN,NaN,NaN,NaN,NaN,NaN,NaN,1
2023-08-17,1.6979115413107193,1.6979115413107193,1.55,1.5825,1.7255432560748247,2.0021404458881915,1.5825,0,0,NaN,521,0,0,0,0,NaN,NaN,9.48058375760137,NaN,NaN,NaN,2.475484203693732,1.7594944925427487,NaN,NaN,NaN,NaN,NaN,NaN,NaN,NaN,NaN,NaN,1,0,0,0,0,NaN,NaN,9.48058375760137,NaN,NaN,NaN,2.475484203693732,1.7594944925427487,NaN,NaN,NaN,NaN,NaN,NaN,NaN,NaN,NaN,NaN,1
2023-08-18,1.6402057706553597,1.6402057706553597,1.51,1.5421749999999999,1.6922035731521292,1.9951180726685245,1.5421749999999999,0,0,NaN,522,0,0,0,0,NaN,NaN,14.11413748975065,NaN,NaN,NaN,2.475484203693732,1.6860996045562064,NaN,NaN,NaN,NaN,NaN,NaN,NaN,NaN,NaN,NaN,1,0,0,0,0,NaN,NaN,14.11413748975065,NaN,NaN,NaN,2.475484203693732,1.6860996045562064,NaN,NaN,NaN,NaN,NaN,NaN,NaN,NaN,NaN,NaN,1
2023-08-21,1.5911903853276796,1.605,1.53,1.5562500000000001,1.6674847416699239,1.988417796749921,1.5562500000000001,0,0,NaN,523,0,0,0,0,NaN,NaN,19.36139745166759,NaN,NaN,NaN,2.475484203693732,1.6860996045562064,NaN,NaN,NaN,NaN,NaN,NaN,NaN,NaN,NaN,NaN,1,0,0,0,0,NaN,NaN,19.36139745166759,NaN,NaN,NaN,2.475484203693732,1.6860996045562064,NaN,NaN,NaN,NaN,NaN,NaN,NaN,NaN,NaN,NaN,1
2023-08-22,1.5737201926638398,1.5737201926638398,1.43,1.4874999999999998,1.6347602431844832,1.9807701967995406,1.4874999999999998,0,0,NaN,524,0,0,0,1,NaN,NaN,25.881963523503575,NaN,NaN,NaN,2.4457629185605776,1.6073834731893446,NaN,NaN,NaN,NaN,NaN,NaN,NaN,NaN,NaN,NaN,1,0,0,0,1,NaN,NaN,25.881963523503575,NaN,NaN,NaN,2.4457629185605776,1.6073834731893446,NaN,NaN,NaN,NaN,NaN,NaN,NaN,NaN,NaN,NaN,1
2023-08-23,1.5306100963319198,1.5306100963319198,1.41,1.4425,1.599803835332759,1.9725523311995476,1.4424999999999997,0,0,NaN,525,0,0,0,0,NaN,NaN,32.780789584142376,NaN,NaN,NaN,1.9505005002732245,1.537896927036861,NaN,NaN,NaN,NaN,NaN,NaN,NaN,NaN,NaN,NaN,1,0,0,0,0,NaN,NaN,32.780789584142376,NaN,NaN,NaN,1.9505005002732245,1.537896927036861,NaN,NaN,NaN,NaN,NaN,NaN,NaN,NaN,NaN,NaN,1
2023-08-24,1.4865550481659597,1.4865550481659597,1.39,1.42,1.567112228908621,1.9641164177461194,1.42,0,0,NaN,526,0,0,0,0,NaN,NaN,39.315432800418456,NaN,NaN,NaN,1.9263053544433113,1.488254033303591,NaN,NaN,NaN,NaN,NaN,NaN,NaN,NaN,NaN,NaN,1,0,0,0,0,NaN,NaN,39.315432800418456,NaN,NaN,NaN,1.9263053544433113,1.488254033303591,NaN,NaN,NaN,NaN,NaN,NaN,NaN,NaN,NaN,NaN,1
2023-08-25,1.4532775240829798,1.4532775240829798,1.3513,1.395625,1.5359327327434171,1.9554371594599191,1.395625,0,0,NaN,527,0,0,0,0,NaN,NaN,44.90319923884133,NaN,NaN,NaN,1.9002911310068198,1.4446943353151904,NaN,NaN,NaN,NaN,NaN,NaN,NaN,NaN,NaN,NaN,1,0,0,0,0,NaN,NaN,44.90319923884133,NaN,NaN,NaN,1.9002911310068198,1.4446943353151904,NaN,NaN,NaN,NaN,NaN,NaN,NaN,NaN,NaN,NaN,1
2023-08-28,1.4244512620414898,1.4244512620414898,1.32,1.356975,1.503394963153705,1.9463003325979356,1.356975,0,0,NaN,528,0,0,0,0,NaN,NaN,50.91748175401858,NaN,NaN,NaN,1.8600317488946492,1.3966437144828103,NaN,NaN,NaN,NaN,NaN,NaN,NaN,NaN,NaN,NaN,1,0,0,0,0,NaN,NaN,50.91748175401858,NaN,NaN,NaN,1.8600317488946492,1.3966437144828103,NaN,NaN,NaN,NaN,NaN,NaN,NaN,NaN,NaN,NaN,1
2023-08-29,1.3907131310207448,1.3907131310207448,1.26,1.32,1.4700504243984858,1.9367384954590359,1.32,0,0,NaN,529,0,0,0,0,NaN,NaN,57.092490849839486,NaN,NaN,NaN,1.8216852050466081,1.3519859179655458,NaN,NaN,NaN,NaN,NaN,NaN,NaN,NaN,NaN,NaN,1,0,0,0,0,NaN,NaN,57.092490849839486,NaN,NaN,NaN,1.8216852050466081,1.3519859179655458,NaN,NaN,NaN,NaN,NaN,NaN,NaN,NaN,NaN,NaN,1
2023-08-30,1.3553565655103723,1.41,1.24,1.3275000000000001,1.444132165416943,1.9274371443833254,1.3275000000000001,0,0,NaN,530,0,0,0,0,NaN,NaN,63.01784684761388,NaN,NaN,NaN,1.8216852050466081,1.3519859179655458,NaN,NaN,NaN,NaN,NaN,NaN,NaN,NaN,NaN,NaN,1,0,0,0,0,NaN,NaN,63.01784684761388,NaN,NaN,NaN,1.8216852050466081,1.3519859179655458,NaN,NaN,NaN,NaN,NaN,NaN,NaN,NaN,NaN,NaN,1
2023-08-31,1.3414282827551862,1.41,1.3,1.3649999999999998,1.4297444989774988,1.9188503177515188,1.3649999999999998,0,0,NaN,531,0,0,0,0,NaN,NaN,68.9903358595332,NaN,NaN,NaN,1.8216852050466081,1.3519859179655458,NaN,NaN,NaN,NaN,NaN,NaN,NaN,NaN,NaN,NaN,1,0,0,0,0,NaN,NaN,68.9903358595332,NaN,NaN,NaN,1.8216852050466081,1.3519859179655458,NaN,NaN,NaN,NaN,NaN,NaN,NaN,NaN,NaN,NaN,1
2023-09-01,1.353214141377593,1.55,1.33,1.435,1.4307000446179536,1.9114632899995871,1.435,0,0,NaN,532,0,0,0,0,NaN,NaN,75.25364830813248,NaN,NaN,NaN,1.8216852050466081,1.4051,NaN,NaN,NaN,NaN,NaN,NaN,NaN,NaN,NaN,NaN,1,0,0,0,0,NaN,NaN,75.25364830813248,NaN,NaN,NaN,1.8216852050466081,1.4051,NaN,NaN,NaN,NaN,NaN,NaN,NaN,NaN,NaN,NaN,1
2023-09-05,1.3941070706887966,1.64,1.3941070706887966,1.5701749999999999,1.4560591274146892,1.9062527817553185,1.5701749999999999,0,0,NaN,533,0,0,0,0,NaN,NaN,79.9121872366774,NaN,NaN,NaN,1.8216852050466081,1.475612125,NaN,NaN,NaN,NaN,NaN,NaN,NaN,NaN,NaN,NaN,1,0,0,0,0,NaN,NaN,79.9121872366774,NaN,NaN,NaN,1.8216852050466081,1.475612125,NaN,NaN,NaN,NaN,NaN,NaN,NaN,NaN,NaN,NaN,1
2023-09-06,1.4821410353443982,1.61,1.39,1.5075,1.4654120133392912,1.9001649530262297,1.5075,0,0,NaN,534,0,0,0,0,NaN,NaN,82.23773218324042,NaN,NaN,NaN,1.8216852050466081,1.475612125,NaN,NaN,NaN,NaN,NaN,NaN,NaN,NaN,NaN,NaN,1,0,0,0,0,NaN,NaN,82.23773218324042,NaN,NaN,NaN,1.8216852050466081,1.475612125,NaN,NaN,NaN,NaN,NaN,NaN,NaN,NaN,NaN,NaN,1
2023-09-07,1.4948205176721991,1.4948205176721991,1.38,1.405,1.4544280109139656,1.89260518275102,1.405,0,1,NaN,535,0,0,0,0,NaN,NaN,83.30623828802037,NaN,NaN,NaN,1.8216852050466081,1.475612125,NaN,NaN,NaN,NaN,NaN,NaN,NaN,NaN,NaN,NaN,1,0,0,0,0,NaN,NaN,83.30623828802037,NaN,NaN,NaN,1.8216852050466081,1.475612125,NaN,NaN,NaN,NaN,NaN,NaN,NaN,NaN,NaN,NaN,1
2023-09-08,1.4499102588360997,1.4499102588360997,1.25,1.3525,1.4358956452932445,1.8843593020983327,1.3525,0,0,NaN,536,0,0,0,0,NaN,NaN,85.24559139523176,NaN,NaN,NaN,1.8216852050466081,1.45480725,NaN,NaN,NaN,NaN,NaN,NaN,NaN,NaN,NaN,NaN,1,0,0,0,0,NaN,NaN,85.24559139523176,NaN,NaN,NaN,1.8216852050466081,1.45480725,NaN,NaN,NaN,NaN,NaN,NaN,NaN,NaN,NaN,NaN,1
2023-09-11,1.4012051294180499,1.97,1.4012051294180499,1.665,1.4775509825126547,1.8810103051197322,1.665,0,0,NaN,537,0,0,0,0,NaN,NaN,85.50869758306465,NaN,NaN,NaN,1.8216852050466081,1.5134375,NaN,NaN,NaN,NaN,NaN,NaN,NaN,NaN,NaN,NaN,1,0,0,0,0,NaN,NaN,85.50869758306465,NaN,NaN,NaN,1.8216852050466081,1.5134375,NaN,NaN,NaN,NaN,NaN,NaN,NaN,NaN,NaN,NaN,1
2023-09-12,1.5331025647090248,1.85,1.5331025647090248,1.77625,1.531859894783081,1.8794109111484385,1.77625,0,0,NaN,538,0,0,0,0,NaN,NaN,83.78567481972927,NaN,NaN,NaN,1.8216852050466081,1.575278125,NaN,NaN,NaN,NaN,NaN,NaN,NaN,NaN,NaN,NaN,1,0,0,0,0,NaN,NaN,83.78567481972927,NaN,NaN,NaN,1.8216852050466081,1.575278125,NaN,NaN,NaN,NaN,NaN,NaN,NaN,NaN,NaN,NaN,1
2023-09-13,1.6546762823545125,1.84,1.6546762823545125,1.7625,1.5737944593679754,1.8776260117415922,1.7625000000000002,0,0,NaN,539,0,0,0,0,NaN,NaN,81.87904723174736,NaN,NaN,NaN,1.8216852050466081,1.575278125,NaN,NaN,NaN,NaN,NaN,NaN,NaN,NaN,NaN,NaN,1,0,0,0,0,NaN,NaN,81.87904723174736,NaN,NaN,NaN,1.8216852050466081,1.575278125,NaN,NaN,NaN,NaN,NaN,NaN,NaN,NaN,NaN,NaN,1
2023-09-14,1.7085881411772563,1.78,1.69,1.745,1.6049227394828889,1.8756011871348504,1.745,0,0,NaN,540,0,0,0,0,NaN,NaN,80.0703096900769,NaN,NaN,NaN,1.8216852050466081,1.575278125,NaN,NaN,NaN,NaN,NaN,NaN,NaN,NaN,NaN,NaN,1,0,0,0,0,NaN,NaN,80.0703096900769,NaN,NaN,NaN,1.8216852050466081,1.575278125,NaN,NaN,NaN,NaN,NaN,NaN,NaN,NaN,NaN,NaN,1
2023-09-15,1.7267940705886282,1.775,1.72,1.7462499999999999,1.6306186050314546,1.8736263598503489,1.7462499999999996,0,0,NaN,541,0,0,0,0,NaN,NaN,77.82162869842118,NaN,NaN,NaN,1.8216852050466081,1.575278125,NaN,NaN,NaN,NaN,NaN,NaN,NaN,NaN,NaN,NaN,1,0,0,0,0,NaN,NaN,77.82162869842118,NaN,NaN,NaN,1.8216852050466081,1.575278125,NaN,NaN,NaN,NaN,NaN,NaN,NaN,NaN,NaN,NaN,1
2023-09-18,1.736522035294314,1.8,1.7,1.745,1.6514152222984628,1.8716625986312596,1.745,0,0,NaN,542,0,0,0,0,NaN,NaN,75.15728147916845,NaN,NaN,NaN,1.8216852050466081,1.575278125,NaN,NaN,NaN,NaN,NaN,NaN,NaN,NaN,NaN,NaN,1,0,0,0,0,NaN,NaN,75.15728147916845,NaN,NaN,NaN,1.8216852050466081,1.575278125,NaN,NaN,NaN,NaN,NaN,NaN,NaN,NaN,NaN,NaN,1
2023-09-19,1.740761017647157,1.755,1.69,1.7194749999999999,1.6637897273351059,1.8693391238429962,1.7194749999999999,0,0,NaN,543,0,0,0,0,NaN,NaN,72.7665601919187,NaN,NaN,NaN,1.8216852050466081,1.575278125,NaN,NaN,NaN,NaN,NaN,NaN,NaN,NaN,NaN,NaN,1,0,0,0,0,NaN,NaN,72.7665601919187,NaN,NaN,NaN,1.8216852050466081,1.575278125,NaN,NaN,NaN,NaN,NaN,NaN,NaN,NaN,NaN,NaN,1
2023-09-20,1.7301180088235784,1.77,1.69,1.7274999999999998,1.6753734132741775,1.867173641036233,1.7274999999999998,0,0,NaN,544,0,0,0,0,NaN,NaN,70.27604139811955,NaN,NaN,NaN,1.8216852050466081,1.575278125,NaN,NaN,NaN,NaN,NaN,NaN,NaN,NaN,NaN,NaN,1,0,0,0,0,NaN,NaN,70.27604139811955,NaN,NaN,NaN,1.8216852050466081,1.575278125,NaN,NaN,NaN,NaN,NaN,NaN,NaN,NaN,NaN,NaN,1
2023-09-21,1.7288090044117892,1.7288090044117892,1.56,1.6324999999999998,1.667578247224327,1.8635908373562904,1.6324999999999998,0,0,NaN,545,0,0,0,0,NaN,NaN,68.39801351255184,NaN,NaN,NaN,1.8216852050466081,1.575278125,NaN,NaN,NaN,NaN,NaN,NaN,NaN,NaN,NaN,NaN,1,0,0,0,0,NaN,NaN,68.39801351255184,NaN,NaN,NaN,1.8216852050466081,1.575278125,NaN,NaN,NaN,NaN,NaN,NaN,NaN,NaN,NaN,NaN,1
2023-09-22,1.6806545022058945,1.69,1.56,1.6075,1.6566549295471766,1.8596810535798585,1.6075,0,0,NaN,546,0,0,0,0,NaN,NaN,66.63072505054092,NaN,NaN,NaN,1.8216852050466081,1.575278125,NaN,NaN,NaN,NaN,NaN,NaN,NaN,NaN,NaN,NaN,1,0,0,0,0,NaN,NaN,66.63072505054092,NaN,NaN,NaN,1.8216852050466081,1.575278125,NaN,NaN,NaN,NaN,NaN,NaN,NaN,NaN,NaN,NaN,1
2023-09-25,1.6440772511029471,1.65,1.585,1.60875,1.647944942356781,1.8558500451282576,1.60875,0,0,NaN,547,0,0,0,0,NaN,NaN,64.76907561959112,NaN,NaN,NaN,1.8216852050466081,1.575278125,NaN,NaN,NaN,NaN,NaN,NaN,NaN,NaN,NaN,NaN,1,0,0,0,0,NaN,NaN,64.76907561959112,NaN,NaN,NaN,1.8216852050466081,1.575278125,NaN,NaN,NaN,NaN,NaN,NaN,NaN,NaN,NaN,NaN,1
2023-09-26,1.6264136255514736,1.6264136255514736,1.56,1.5875,1.6369549528373661,1.851753097874391,1.5875000000000001,0,0,NaN,548,0,0,0,0,NaN,NaN,63.01213616849017,NaN,NaN,NaN,1.8216852050466081,1.575278125,NaN,NaN,NaN,NaN,NaN,NaN,NaN,NaN,NaN,NaN,1,0,0,0,0,NaN,NaN,63.01213616849017,NaN,NaN,NaN,1.8216852050466081,1.575278125,NaN,NaN,NaN,NaN,NaN,NaN,NaN,NaN,NaN,NaN,1
2023-09-27,1.6069568127757368,1.655,1.57,1.6037500000000002,1.6309176886851178,1.847966791036614,1.6037500000000002,0,0,NaN,549,0,0,0,0,NaN,NaN,61.03576060921506,NaN,NaN,NaN,1.8216852050466081,1.575278125,NaN,NaN,NaN,NaN,NaN,NaN,NaN,NaN,NaN,NaN,1,0,0,0,0,NaN,NaN,61.03576060921506,NaN,NaN,NaN,1.8216852050466081,1.575278125,NaN,NaN,NaN,NaN,NaN,NaN,NaN,NaN,NaN,NaN,1
2023-09-28,1.6053534063878685,1.62,1.57,1.5900000000000003,1.6234781089241874,1.8440283667459787,1.5900000000000003,0,0,NaN,550,0,0,0,0,NaN,NaN,59.13315336728407,NaN,NaN,NaN,1.8216852050466081,1.575278125,NaN,NaN,NaN,NaN,NaN,NaN,NaN,NaN,NaN,NaN,1,0,0,0,0,NaN,NaN,59.13315336728407,NaN,NaN,NaN,1.8216852050466081,1.575278125,NaN,NaN,NaN,NaN,NaN,NaN,NaN,NaN,NaN,NaN,1
2023-09-29,1.5976767031939345,1.64,1.59,1.609225,1.6208866345743351,1.8404435825208492,1.609225,0,0,NaN,551,0,0,0,0,NaN,NaN,57.03497883456755,NaN,NaN,NaN,1.8216852050466081,1.575278125,NaN,NaN,NaN,NaN,NaN,NaN,NaN,NaN,NaN,NaN,1,0,0,0,0,NaN,NaN,57.03497883456755,NaN,NaN,NaN,1.8216852050466081,1.575278125,NaN,NaN,NaN,NaN,NaN,NaN,NaN,NaN,NaN,NaN,1
2023-10-02,1.6034508515969672,1.6034508515969672,1.52,1.5625000000000002,1.610270882833547,1.8362001690472485,1.5625000000000002,0,0,NaN,552,0,0,0,0,NaN,NaN,55.39798994307713,NaN,NaN,NaN,1.8216852050466081,1.575278125,NaN,NaN,NaN,NaN,NaN,NaN,NaN,NaN,NaN,NaN,1,0,0,0,0,NaN,NaN,55.39798994307713,NaN,NaN,NaN,1.8216852050466081,1.575278125,NaN,NaN,NaN,NaN,NaN,NaN,NaN,NaN,NaN,NaN,1
2023-10-03,1.5829754257984838,1.5829754257984838,1.4,1.4875,1.5879489041365384,1.830876502344237,1.4875,0,0,NaN,553,0,0,0,0,NaN,NaN,54.27953145020452,NaN,NaN,NaN,1.8216852050466081,1.575278125,NaN,NaN,NaN,NaN,NaN,NaN,NaN,NaN,NaN,NaN,1,0,0,0,0,NaN,NaN,54.27953145020452,NaN,NaN,NaN,1.8216852050466081,1.575278125,NaN,NaN,NaN,NaN,NaN,NaN,NaN,NaN,NaN,NaN,1
2023-10-04,1.5352377128992418,1.54,1.4576,1.4956500000000001,1.5711672852026224,1.825758540476386,1.49565,0,0,NaN,554,0,0,0,0,NaN,NaN,53.19111605909597,NaN,NaN,NaN,1.8216852050466081,1.575278125,NaN,NaN,NaN,NaN,NaN,NaN,NaN,NaN,NaN,NaN,1,0,0,0,0,NaN,NaN,53.19111605909597,NaN,NaN,NaN,1.8216852050466081,1.575278125,NaN,NaN,NaN,NaN,NaN,NaN,NaN,NaN,NaN,NaN,1
2023-10-05,1.5154438564496209,1.52,1.44,1.4775,1.5541368697112365,1.8204416161943038,1.4775,0,0,NaN,555,0,0,0,0,NaN,NaN,52.61531756689539,NaN,NaN,NaN,1.8216852050466081,1.575278125,NaN,NaN,NaN,NaN,NaN,NaN,NaN,NaN,NaN,NaN,1,0,0,0,0,NaN,NaN,52.61531756689539,NaN,NaN,NaN,1.8216852050466081,1.575278125,NaN,NaN,NaN,NaN,NaN,NaN,NaN,NaN,NaN,NaN,1
2023-10-06,1.4964719282248105,1.59,1.41,1.49,1.5424756206728298,1.8153967060233984,1.49,0,0,NaN,556,0,0,0,0,NaN,NaN,51.72518518902064,NaN,NaN,NaN,1.8216852050466081,1.575278125,NaN,NaN,NaN,NaN,NaN,NaN,NaN,NaN,NaN,NaN,1,0,0,0,0,NaN,NaN,51.72518518902064,NaN,NaN,NaN,1.8216852050466081,1.575278125,NaN,NaN,NaN,NaN,NaN,NaN,NaN,NaN,NaN,NaN,1
2023-10-09,1.4932359641124053,1.55,1.48,1.5125000000000002,1.5370255078232244,1.8107723288322015,1.5125000000000002,0,0,NaN,557,0,0,0,0,NaN,NaN,50.41221375519902,NaN,NaN,NaN,1.8216852050466081,1.575278125,NaN,NaN,NaN,NaN,NaN,NaN,NaN,NaN,NaN,NaN,1,0,0,0,0,NaN,NaN,50.41221375519902,NaN,NaN,NaN,1.8216852050466081,1.575278125,NaN,NaN,NaN,NaN,NaN,NaN,NaN,NaN,NaN,NaN,1
2023-10-10,1.5028679820562028,1.58,1.48,1.5125000000000002,1.5325663245826382,1.806218552819496,1.5125000000000002,0,0,NaN,558,0,0,0,0,NaN,NaN,49.526058092587256,NaN,NaN,NaN,1.8216852050466081,1.575278125,NaN,NaN,NaN,NaN,NaN,NaN,NaN,NaN,NaN,NaN,1,0,0,0,0,NaN,NaN,49.526058092587256,NaN,NaN,NaN,1.8216852050466081,1.575278125,NaN,NaN,NaN,NaN,NaN,NaN,NaN,NaN,NaN,NaN,1
2023-10-11,1.5076839910281015,1.6283,1.48,1.5221,1.530663356476704,1.8018808649901907,1.5221,0,0,NaN,559,0,0,0,0,NaN,NaN,48.34878456254983,NaN,NaN,NaN,1.8216852050466081,1.575278125,NaN,NaN,NaN,NaN,NaN,NaN,NaN,NaN,NaN,NaN,1,0,0,0,0,NaN,NaN,48.34878456254983,NaN,NaN,NaN,1.8216852050466081,1.575278125,NaN,NaN,NaN,NaN,NaN,NaN,NaN,NaN,NaN,NaN,1
2023-10-12,1.5148919955140507,1.53,1.42,1.48,1.5214518371173034,1.7969666533109512,1.48,0,0,NaN,560,0,0,0,0,NaN,NaN,47.27929596169558,NaN,NaN,NaN,1.8216852050466081,1.575278125,NaN,NaN,NaN,NaN,NaN,NaN,NaN,NaN,NaN,NaN,1,0,0,0,0,NaN,NaN,47.27929596169558,NaN,NaN,NaN,1.8216852050466081,1.575278125,NaN,NaN,NaN,NaN,NaN,NaN,NaN,NaN,NaN,NaN,1
2023-10-13,1.4974459977570254,1.4974459977570254,1.44,1.45,1.5084605940050664,1.7916694524970436,1.45,0,0,NaN,561,0,0,0,0,NaN,NaN,46.78639373116729,NaN,NaN,NaN,1.8216852050466081,1.575278125,NaN,NaN,NaN,NaN,NaN,NaN,NaN,NaN,NaN,NaN,1,0,0,0,0,NaN,NaN,46.78639373116729,NaN,NaN,NaN,1.8216852050466081,1.575278125,NaN,NaN,NaN,NaN,NaN,NaN,NaN,NaN,NaN,NaN,1
2023-10-16,1.4737229988785128,1.52,1.43,1.47,1.501467758731418,1.786758468489455,1.47,0,0,NaN,562,0,0,0,0,NaN,NaN,45.71057561251061,NaN,NaN,NaN,1.8216852050466081,1.575278125,NaN,NaN,NaN,NaN,NaN,NaN,NaN,NaN,NaN,NaN,1,0,0,0,0,NaN,NaN,45.71057561251061,NaN,NaN,NaN,1.8216852050466081,1.575278125,NaN,NaN,NaN,NaN,NaN,NaN,NaN,NaN,NaN,NaN,1
2023-10-17,1.4718614994392563,1.52,1.33,1.4475,1.4916554389620693,1.7815789498865626,1.4475,0,0,NaN,563,0,0,0,0,NaN,NaN,45.006229479531065,NaN,NaN,NaN,1.8216852050466081,1.575278125,NaN,NaN,NaN,NaN,NaN,NaN,NaN,NaN,NaN,NaN,1,0,0,0,0,NaN,NaN,45.006229479531065,NaN,NaN,NaN,1.8216852050466081,1.575278125,NaN,NaN,NaN,NaN,NaN,NaN,NaN,NaN,NaN,NaN,1
2023-10-18,1.4596807497196282,1.53,1.4596807497196282,1.5050000000000001,1.4940817227871477,1.7773563704989814,1.5050000000000001,0,0,NaN,564,0,0,0,0,NaN,NaN,43.4692138546433,NaN,NaN,NaN,1.8216852050466081,1.575278125,NaN,NaN,NaN,NaN,NaN,NaN,NaN,NaN,NaN,NaN,1,0,0,0,0,NaN,NaN,43.4692138546433,NaN,NaN,NaN,1.8216852050466081,1.575278125,NaN,NaN,NaN,NaN,NaN,NaN,NaN,NaN,NaN,NaN,1
2023-10-19,1.482340374859814,1.81,1.482340374859814,1.6712500000000001,1.526294136825848,1.7757364259112107,1.6712500000000001,0,0,NaN,565,0,0,0,0,NaN,NaN,40.06621583272405,NaN,NaN,NaN,1.8216852050466081,1.575278125,NaN,NaN,NaN,NaN,NaN,NaN,NaN,NaN,NaN,NaN,1,0,0,0,0,NaN,NaN,40.06621583272405,NaN,NaN,NaN,1.8216852050466081,1.575278125,NaN,NaN,NaN,NaN,NaN,NaN,NaN,NaN,NaN,NaN,1
2023-10-20,1.576795187429907,1.73,1.576795187429907,1.68,1.5542406574029666,1.7742748010881388,1.68,0,0,NaN,566,0,0,0,0,NaN,NaN,37.281838732089604,NaN,NaN,NaN,1.8216852050466081,1.575278125,NaN,NaN,NaN,NaN,NaN,NaN,NaN,NaN,NaN,NaN,1,0,0,0,0,NaN,NaN,37.281838732089604,NaN,NaN,NaN,1.8216852050466081,1.575278125,NaN,NaN,NaN,NaN,NaN,NaN,NaN,NaN,NaN,NaN,1
2023-10-23,1.6283975937149535,2.19,1.6283975937149535,1.905,1.6180150833297,1.7762706056516786,1.9050000000000002,0,0,NaN,567,0,0,0,0,NaN,NaN,29.983548135237253,NaN,NaN,NaN,1.8216852050466081,1.6555739374999998,NaN,NaN,NaN,NaN,NaN,NaN,NaN,NaN,NaN,NaN,1,0,0,0,0,NaN,NaN,29.983548135237253,NaN,NaN,NaN,1.8216852050466081,1.6555739374999998,NaN,NaN,NaN,NaN,NaN,NaN,NaN,NaN,NaN,NaN,1
2023-10-24,1.7666987968574768,2.13,1.7666987968574768,1.9825,1.6842850681788455,1.7794191460234088,1.9825,0,0,NaN,568,0,0,0,0,NaN,NaN,22.186719659349333,NaN,NaN,NaN,1.8216852050466081,1.720259783125,NaN,NaN,NaN,NaN,NaN,NaN,NaN,NaN,NaN,NaN,1,0,0,0,0,NaN,NaN,22.186719659349333,NaN,NaN,NaN,1.8216852050466081,1.720259783125,NaN,NaN,NaN,NaN,NaN,NaN,NaN,NaN,NaN,NaN,1
2023-10-25,1.8745993984287384,2.08,1.8745993984287384,1.95825,1.73409687396451,1.7821493880688528,1.95825,0,0,NaN,569,0,0,0,0,NaN,NaN,16.307565115026133,NaN,NaN,NaN,1.8216852050466081,1.720259783125,NaN,NaN,NaN,NaN,NaN,NaN,NaN,NaN,NaN,NaN,1,0,0,0,0,NaN,NaN,16.307565115026133,NaN,NaN,NaN,1.8216852050466081,1.720259783125,NaN,NaN,NaN,NaN,NaN,NaN,NaN,NaN,NaN,NaN,1
2023-10-26,1.9164246992143692,1.98,1.77,1.8850000000000002,1.7615338059709627,1.7837196264189468,1.8850000000000002,0,0,NaN,570,0,0,0,0,NaN,NaN,12.513601464525268,NaN,NaN,NaN,1.8216852050466081,1.720259783125,NaN,NaN,NaN,NaN,NaN,NaN,NaN,NaN,NaN,NaN,1,0,0,0,0,NaN,NaN,12.513601464525268,NaN,NaN,NaN,1.8216852050466081,1.720259783125,NaN,NaN,NaN,NaN,NaN,NaN,NaN,NaN,NaN,NaN,1
2023-10-27,1.9007123496071847,1.94,1.8,1.865,1.7803458412489694,1.7849605481530086,1.865,0,0,NaN,571,0,0,0,0,NaN,NaN,9.426477508155239,NaN,NaN,NaN,1.8216852050466081,1.720259783125,NaN,NaN,NaN,NaN,NaN,NaN,NaN,NaN,NaN,NaN,1,0,0,0,0,NaN,NaN,9.426477508155239,NaN,NaN,NaN,1.8216852050466081,1.720259783125,NaN,NaN,NaN,NaN,NaN,NaN,NaN,NaN,NaN,NaN,1
2023-10-30,1.8828561748035924,2.35,1.8828561748035924,2.1475,1.8471011428400659,1.7904955016163215,2.1475,0,0,572,571,0,0,0,0,NaN,NaN,4.665725956569161,NaN,NaN,NaN,1.8216852050466081,1.84412860915,NaN,NaN,NaN,NaN,NaN,NaN,NaN,NaN,NaN,NaN,1,0,0,0,0,NaN,NaN,4.665725956569161,NaN,NaN,NaN,1.8216852050466081,1.84412860915,NaN,NaN,NaN,NaN,NaN,NaN,NaN,NaN,NaN,NaN,1
2023-10-31,2.015178087401796,2.38,2.015178087401796,2.2575,1.9217191168691448,1.7976253412863015,2.2575,0,0,572,571,0,0,0,0,NaN,NaN,1.4080226746190512,NaN,NaN,NaN,1.8216852050466081,1.9528843177775,NaN,NaN,NaN,NaN,NaN,NaN,NaN,NaN,NaN,NaN,1,0,0,0,0,NaN,NaN,1.4080226746190512,NaN,NaN,NaN,1.8216852050466081,1.9528843177775,NaN,NaN,NaN,NaN,NaN,NaN,NaN,NaN,NaN,NaN,1
2023-11-01,2.136339043700898,2.2823,2.136339043700898,2.2130750000000003,1.9746929138020275,1.8039680841674266,2.2130750000000003,0,0,572,571,0,0,0,0,NaN,NaN,0.14925906726392,NaN,NaN,NaN,1.8216852050466081,1.9528843177775,NaN,NaN,NaN,NaN,NaN,NaN,NaN,NaN,NaN,NaN,1,0,0,0,0,NaN,NaN,0.14925906726392,NaN,NaN,NaN,1.8216852050466081,1.9528843177775,NaN,NaN,NaN,NaN,NaN,NaN,NaN,NaN,NaN,NaN,1
2023-11-02,2.174707021850449,2.25,2.11,2.1875,2.013385111292568,1.809823533264107,2.1875,0,0,572,571,0,0,0,0,NaN,NaN,0.1595063105460343,NaN,NaN,NaN,1.8216852050466081,1.9528843177775,NaN,NaN,NaN,NaN,NaN,NaN,NaN,NaN,NaN,NaN,1,0,0,0,0,NaN,NaN,0.1595063105460343,NaN,NaN,NaN,1.8216852050466081,1.9528843177775,NaN,NaN,NaN,NaN,NaN,NaN,NaN,NaN,NaN,NaN,1
2023-11-03,2.1811035109252246,2.44,2.18,2.295,2.064587818330283,1.8172308075654184,2.295,0,0,572,571,0,0,0,0,NaN,NaN,1.9132270537324123,NaN,NaN,NaN,1.8216852050466081,2.02984014057755,NaN,NaN,NaN,NaN,NaN,NaN,NaN,NaN,NaN,NaN,1,0,0,0,0,NaN,NaN,1.9132270537324123,NaN,NaN,NaN,1.8216852050466081,2.02984014057755,NaN,NaN,NaN,NaN,NaN,NaN,NaN,NaN,NaN,NaN,1
2023-11-06,2.238051755462612,2.45,2.238051755462612,2.3725,2.1205718513611407,1.825708199816328,2.3725,0,0,572,571,0,0,0,0,NaN,NaN,5.4247600813379115,NaN,NaN,NaN,1.8216852050466081,2.1324112110562643,NaN,NaN,NaN,NaN,NaN,NaN,NaN,NaN,NaN,NaN,1,0,0,0,0,NaN,NaN,5.4247600813379115,NaN,NaN,NaN,1.8216852050466081,2.1324112110562643,NaN,NaN,NaN,NaN,NaN,NaN,NaN,NaN,NaN,NaN,1
2023-11-07,2.3052758777313063,2.39,2.25,2.3499999999999996,2.1622860602045697,1.8337126547809643,2.3499999999999996,0,0,572,571,0,0,0,0,NaN,NaN,9.481937858785084,NaN,NaN,NaN,1.8216852050466081,2.1324112110562643,NaN,NaN,NaN,NaN,NaN,NaN,NaN,NaN,NaN,NaN,1,0,0,0,0,NaN,NaN,9.481937858785084,NaN,NaN,NaN,1.8216852050466081,2.1324112110562643,NaN,NaN,NaN,NaN,NaN,NaN,NaN,NaN,NaN,NaN,1
2023-11-08,2.327637938865653,2.51,2.3,2.4074999999999998,2.2068704128946477,1.842472766921713,2.4074999999999998,0,0,572,571,0,0,0,0,NaN,NaN,14.221245873198225,NaN,NaN,NaN,1.8216852050466081,2.211732520402761,NaN,NaN,NaN,NaN,NaN,NaN,NaN,NaN,NaN,NaN,1,0,0,0,0,NaN,NaN,14.221245873198225,NaN,NaN,NaN,1.8216852050466081,2.211732520402761,NaN,NaN,NaN,NaN,NaN,NaN,NaN,NaN,NaN,NaN,1
2023-11-09,2.3675689694328264,2.43,2.07,2.23,2.211075792368348,1.8483892132282516,2.23,0,0,572,571,0,0,0,0,NaN,NaN,18.845062998815237,NaN,NaN,NaN,1.8216852050466081,2.211732520402761,NaN,NaN,NaN,NaN,NaN,NaN,NaN,NaN,NaN,NaN,1,0,0,0,0,NaN,NaN,18.845062998815237,NaN,NaN,NaN,1.8216852050466081,2.211732520402761,NaN,NaN,NaN,NaN,NaN,NaN,NaN,NaN,NaN,NaN,1
2023-11-10,2.298784484716413,2.49,2.26,2.3775,2.2413347392104663,1.8564672405072096,2.3775,0,0,572,571,0,0,0,0,NaN,NaN,24.24758732092709,NaN,NaN,NaN,1.8216852050466081,2.211732520402761,NaN,NaN,NaN,NaN,NaN,NaN,NaN,NaN,NaN,NaN,1,0,0,0,0,NaN,NaN,24.24758732092709,NaN,NaN,NaN,1.8216852050466081,2.211732520402761,NaN,NaN,NaN,NaN,NaN,NaN,NaN,NaN,NaN,NaN,1
2023-11-13,2.338142242358207,2.75,2.338142242358207,2.562875,2.2997966048085634,1.8672520917971758,2.562875,0,0,572,571,0,0,0,0,NaN,NaN,29.763697001073318,NaN,NaN,NaN,1.8216852050466081,2.3632528648940156,NaN,NaN,NaN,NaN,NaN,NaN,NaN,NaN,NaN,NaN,1,0,0,0,0,NaN,NaN,29.763697001073318,NaN,NaN,NaN,1.8216852050466081,2.3632528648940156,NaN,NaN,NaN,NaN,NaN,NaN,NaN,NaN,NaN,NaN,1
2023-11-14,2.4505086211791034,3.0999,2.4505086211791034,2.857475,2.4011926766615517,1.8823699987926388,2.8574750000000004,0,0,572,571,0,1,0,0,NaN,NaN,35.27856238140794,NaN,NaN,NaN,1.8216852050466081,2.614629505425811,NaN,NaN,NaN,NaN,NaN,NaN,NaN,NaN,NaN,NaN,1,0,1,0,0,NaN,NaN,35.27856238140794,NaN,NaN,NaN,1.8216852050466081,2.614629505425811,NaN,NaN,NaN,NaN,NaN,NaN,NaN,NaN,NaN,NaN,1
2023-11-15,2.6539918105895515,3,2.6539918105895515,2.84,2.4809758263594515,1.8969903041545833,2.84,0,0,572,571,0,0,0,0,NaN,NaN,40.55404022425672,NaN,NaN,NaN,1.8216852050466081,2.614629505425811,NaN,NaN,NaN,NaN,NaN,NaN,NaN,NaN,NaN,NaN,1,0,0,0,0,NaN,NaN,40.55404022425672,NaN,NaN,NaN,1.8216852050466081,2.614629505425811,NaN,NaN,NaN,NaN,NaN,NaN,NaN,NaN,NaN,NaN,1
2023-11-16,2.7469959052947757,3.05,2.7469959052947757,2.895,2.556252948839551,1.9122270934041317,2.895,0,0,572,571,0,0,0,0,NaN,NaN,45.48899527746515,NaN,NaN,NaN,2.332382171724425,2.7197226436352935,NaN,NaN,NaN,NaN,NaN,NaN,NaN,NaN,NaN,NaN,1,0,0,0,0,NaN,NaN,45.48899527746515,NaN,NaN,NaN,2.332382171724425,2.7197226436352935,NaN,NaN,NaN,NaN,NaN,NaN,NaN,NaN,NaN,NaN,1
2023-11-17,2.820997952647388,3.03,2.820997952647388,2.9775,2.6328433217778144,1.9284908019017786,2.9775,0,0,572,571,0,0,0,0,NaN,NaN,49.99972579890158,NaN,NaN,NaN,2.5121227754800564,2.8389224919265876,NaN,NaN,NaN,NaN,NaN,NaN,NaN,NaN,NaN,NaN,1,0,0,0,0,NaN,NaN,49.99972579890158,NaN,NaN,NaN,2.5121227754800564,2.8389224919265876,NaN,NaN,NaN,NaN,NaN,NaN,NaN,NaN,NaN,NaN,1
2023-11-20,2.899248976323694,3.62,2.899248976323694,3.2125,2.738235445090939,1.9480939957658736,3.2125,0,0,572,571,0,0,0,0,NaN,NaN,53.84539477672856,NaN,NaN,NaN,2.7431430901454874,3.056292720075218,NaN,NaN,NaN,NaN,NaN,NaN,NaN,NaN,NaN,NaN,1,0,0,0,0,NaN,NaN,53.84539477672856,NaN,NaN,NaN,2.7431430901454874,3.056292720075218,NaN,NaN,NaN,NaN,NaN,NaN,NaN,NaN,NaN,NaN,1
2023-11-21,3.055874488161847,3.19,3,3.09,2.8021926368925865,1.9655276752198296,3.0900000000000003,0,0,572,571,0,0,0,0,NaN,NaN,56.68605729746676,NaN,NaN,NaN,2.7431430901454874,3.056292720075218,NaN,NaN,NaN,NaN,NaN,NaN,NaN,NaN,NaN,NaN,1,0,0,0,0,NaN,NaN,56.68605729746676,NaN,NaN,NaN,2.7431430901454874,3.056292720075218,NaN,NaN,NaN,NaN,NaN,NaN,NaN,NaN,NaN,NaN,1
2023-11-22,3.0729372440809235,3.29,3.04,3.1500000000000004,2.8654303392757527,1.9836112221630384,3.1500000000000004,0,0,572,571,0,0,0,0,NaN,NaN,59.382410507056825,NaN,NaN,NaN,2.7431430901454874,3.056292720075218,NaN,NaN,NaN,NaN,NaN,NaN,NaN,NaN,NaN,NaN,1,0,0,0,0,NaN,NaN,59.382410507056825,NaN,NaN,NaN,2.7431430901454874,3.056292720075218,NaN,NaN,NaN,NaN,NaN,NaN,NaN,NaN,NaN,NaN,1
2023-11-24,3.111468622040462,3.3299,3.106,3.211475,2.928347550316525,2.0023572340384117,3.2114750000000005,0,0,572,571,0,0,0,0,NaN,NaN,62.41751137210241,NaN,NaN,NaN,2.7431430901454874,3.056292720075218,NaN,NaN,NaN,NaN,NaN,NaN,NaN,NaN,NaN,NaN,1,0,0,0,0,NaN,NaN,62.41751137210241,NaN,NaN,NaN,2.7431430901454874,3.056292720075218,NaN,NaN,NaN,NaN,NaN,NaN,NaN,NaN,NaN,NaN,1
2023-11-27,3.161471811020231,3.39,2.8,3.215,2.980466177531702,2.0208708640530926,3.215,0,0,572,571,0,0,0,0,NaN,NaN,65.81934651504594,NaN,NaN,NaN,2.7431430901454874,3.1236747776436267,NaN,NaN,NaN,NaN,NaN,NaN,NaN,NaN,NaN,NaN,1,0,0,0,0,NaN,NaN,65.81934651504594,NaN,NaN,NaN,2.7431430901454874,3.1236747776436267,NaN,NaN,NaN,NaN,NaN,NaN,NaN,NaN,NaN,NaN,1
2023-11-28,3.1882359055101155,3.38,3.12,3.2524999999999995,3.029926872525938,2.039674362311824,3.2524999999999995,0,0,572,571,0,0,0,0,NaN,NaN,68.33706102574544,NaN,NaN,NaN,2.7431430901454874,3.191958627703994,NaN,NaN,NaN,NaN,NaN,NaN,NaN,NaN,NaN,NaN,1,0,0,0,0,NaN,NaN,68.33706102574544,NaN,NaN,NaN,2.7431430901454874,3.191958627703994,NaN,NaN,NaN,NaN,NaN,NaN,NaN,NaN,NaN,NaN,1
2023-11-29,3.2203679527550575,3.5,3.13,3.27,3.0735765320666766,2.0584579598337807,3.27,0,0,572,571,0,0,0,0,NaN,NaN,70.42889332104983,NaN,NaN,NaN,2.7431430901454874,3.233968486406077,NaN,NaN,NaN,NaN,NaN,NaN,NaN,NaN,NaN,NaN,1,0,0,0,0,NaN,NaN,70.42889332104983,NaN,NaN,NaN,2.7431430901454874,3.233968486406077,NaN,NaN,NaN,NaN,NaN,NaN,NaN,NaN,NaN,NaN,1
2023-11-30,3.245183976377529,3.4262,3.12,3.27655,3.1104807989636445,2.0770547848744862,3.27655,0,0,572,571,0,0,0,0,NaN,NaN,72.2862077588437,NaN,NaN,NaN,2.7431430901454874,3.257289808338978,NaN,NaN,NaN,NaN,NaN,NaN,NaN,NaN,NaN,NaN,1,0,0,0,0,NaN,NaN,72.2862077588437,NaN,NaN,NaN,2.7431430901454874,3.257289808338978,NaN,NaN,NaN,NaN,NaN,NaN,NaN,NaN,NaN,NaN,1
2023-12-01,3.2608669881887646,3.2608669881887646,3.03,3.1025,3.109029744606618,2.092710437013807,3.1025,0,0,572,571,0,0,0,0,NaN,NaN,74.16184459105692,NaN,NaN,NaN,2.7431430901454874,3.1425315,NaN,NaN,NaN,NaN,NaN,NaN,NaN,NaN,NaN,NaN,1,0,0,0,0,NaN,NaN,74.16184459105692,NaN,NaN,NaN,2.7431430901454874,3.1425315,NaN,NaN,NaN,NaN,NaN,NaN,NaN,NaN,NaN,NaN,1
2023-12-04,3.1816834940943823,3.37,3.06,3.1825,3.1223879728599604,2.109348445609016,3.1825000000000006,0,0,572,571,0,0,0,0,NaN,NaN,75.67808767556978,NaN,NaN,NaN,2.7431430901454874,3.1425315,NaN,NaN,NaN,NaN,NaN,NaN,NaN,NaN,NaN,NaN,1,0,0,0,0,NaN,NaN,75.67808767556978,NaN,NaN,NaN,2.7431430901454874,3.1425315,NaN,NaN,NaN,NaN,NaN,NaN,NaN,NaN,NaN,NaN,1
2023-12-05,3.182091747047191,3.205,3.03,3.12875,3.1235447050672405,2.124911828118802,3.1287499999999997,0,0,572,571,0,0,0,0,NaN,NaN,76.9112055225485,NaN,NaN,NaN,2.7431430901454874,3.1425315,NaN,NaN,NaN,NaN,NaN,NaN,NaN,NaN,NaN,NaN,1,0,0,0,0,NaN,NaN,76.9112055225485,NaN,NaN,NaN,2.7431430901454874,3.1425315,NaN,NaN,NaN,NaN,NaN,NaN,NaN,NaN,NaN,NaN,1
2023-12-06,3.1554208735235956,3.29,3.08,3.15,3.1283547586913785,2.1405620292162246,3.15,0,0,572,571,0,0,0,0,NaN,NaN,77.98893925687868,NaN,NaN,NaN,2.7431430901454874,3.1425315,NaN,NaN,NaN,NaN,NaN,NaN,NaN,NaN,NaN,NaN,1,0,0,0,0,NaN,NaN,77.98893925687868,NaN,NaN,NaN,2.7431430901454874,3.1425315,NaN,NaN,NaN,NaN,NaN,NaN,NaN,NaN,NaN,NaN,1
2023-12-07,3.1527104367617977,3.1527104367617977,3.05,3.0875,3.1209266207474915,2.1550190974724655,3.0875,0,0,572,571,0,0,0,0,NaN,NaN,78.83095382716584,NaN,NaN,NaN,2.7431430901454874,3.133605555,NaN,NaN,NaN,NaN,NaN,NaN,NaN,NaN,NaN,NaN,1,0,0,0,0,NaN,NaN,78.83095382716584,NaN,NaN,NaN,2.7431430901454874,3.133605555,NaN,NaN,NaN,NaN,NaN,NaN,NaN,NaN,NaN,NaN,1
2023-12-08,3.120105218380899,3.120105218380899,2.51,2.8474999999999997,3.071212689702493,2.16559132499197,2.8474999999999997,0,0,572,571,0,0,0,0,NaN,NaN,78.99620934058757,NaN,NaN,NaN,2.7431430901454874,3.0036392217,NaN,NaN,NaN,NaN,NaN,NaN,NaN,NaN,NaN,NaN,1,0,0,0,0,NaN,NaN,78.99620934058757,NaN,NaN,NaN,2.7431430901454874,3.0036392217,NaN,NaN,NaN,NaN,NaN,NaN,NaN,NaN,NaN,NaN,1
2023-12-11,2.983802609190449,2.983802609190449,2.577,2.7279999999999998,3.008810382483858,2.1741777169768253,2.7279999999999998,0,0,572,571,0,0,0,0,NaN,NaN,78.59832247738834,NaN,NaN,NaN,2.7431430901454874,2.924459191747,NaN,NaN,NaN,NaN,NaN,NaN,NaN,NaN,NaN,NaN,1,0,0,0,0,NaN,NaN,78.59832247738834,NaN,NaN,NaN,2.7431430901454874,2.924459191747,NaN,NaN,NaN,NaN,NaN,NaN,NaN,NaN,NaN,NaN,1
2023-12-12,2.8559013045952244,2.915,2.71,2.7862500000000003,2.968344858395884,2.1835223319848125,2.7862500000000003,0,0,572,571,0,0,0,0,NaN,NaN,78.29072947770437,NaN,NaN,NaN,2.7431430901454874,2.924459191747,NaN,NaN,NaN,NaN,NaN,NaN,NaN,NaN,NaN,NaN,1,0,0,0,0,NaN,NaN,78.29072947770437,NaN,NaN,NaN,2.7431430901454874,2.924459191747,NaN,NaN,NaN,NaN,NaN,NaN,NaN,NaN,NaN,NaN,1
2023-12-13,2.8210756522976124,2.9499,2.73,2.817475,2.9409139750511777,2.1932009986720673,2.817475,0,0,572,571,0,0,0,0,NaN,NaN,78.06100141785241,NaN,NaN,NaN,2.7431430901454874,2.924459191747,NaN,NaN,NaN,NaN,NaN,NaN,NaN,NaN,NaN,NaN,1,0,0,0,0,NaN,NaN,78.06100141785241,NaN,NaN,NaN,2.7431430901454874,2.924459191747,NaN,NaN,NaN,NaN,NaN,NaN,NaN,NaN,NaN,NaN,1
2023-12-14,2.819275326148806,3.05,2.79,2.9175,2.9366568886782365,2.204258998692341,2.9175,0,0,572,571,0,0,0,0,NaN,NaN,78.191185500648,NaN,NaN,NaN,2.7431430901454874,2.924459191747,NaN,NaN,NaN,NaN,NaN,NaN,NaN,NaN,NaN,NaN,1,0,0,0,0,NaN,NaN,78.191185500648,NaN,NaN,NaN,2.7431430901454874,2.924459191747,NaN,NaN,NaN,NaN,NaN,NaN,NaN,NaN,NaN,NaN,1
2023-12-15,2.8683876630744027,3.03,2.69,2.8575,2.922264727100375,2.2142321437504733,2.8575,0,0,572,571,0,0,0,0,NaN,NaN,78.46404167117281,NaN,NaN,NaN,2.7431430901454874,2.924459191747,NaN,NaN,NaN,NaN,NaN,NaN,NaN,NaN,NaN,NaN,1,0,0,0,0,NaN,NaN,78.46404167117281,NaN,NaN,NaN,2.7431430901454874,2.924459191747,NaN,NaN,NaN,NaN,NaN,NaN,NaN,NaN,NaN,NaN,1
2023-12-18,2.8629438315372013,3.0282,2.72,2.8445500000000004,2.908134776718489,2.223855317128329,2.8445500000000004,0,0,572,571,0,0,0,0,NaN,NaN,78.37766443144932,NaN,NaN,NaN,2.7431430901454874,2.924459191747,NaN,NaN,NaN,NaN,NaN,NaN,NaN,NaN,NaN,NaN,1,0,0,0,0,NaN,NaN,78.37766443144932,NaN,NaN,NaN,2.7431430901454874,2.924459191747,NaN,NaN,NaN,NaN,NaN,NaN,NaN,NaN,NaN,NaN,1
2023-12-19,2.8537469157686006,3.04,2.8155,2.921375,2.9105420900424,2.2345044725920187,2.921375,0,0,572,571,0,0,0,0,NaN,NaN,78.13114363144034,NaN,NaN,NaN,2.7431430901454874,2.924459191747,NaN,NaN,NaN,NaN,NaN,NaN,NaN,NaN,NaN,NaN,1,0,0,0,0,NaN,NaN,78.13114363144034,NaN,NaN,NaN,2.7431430901454874,2.924459191747,NaN,NaN,NaN,NaN,NaN,NaN,NaN,NaN,NaN,NaN,1
2023-12-20,2.8875609578843004,3.17,2.76,2.9525,2.918170800943782,2.2454662363692397,2.9525,0,0,572,571,0,0,0,0,NaN,NaN,77.74761481696476,NaN,NaN,NaN,2.7431430901454874,2.924459191747,NaN,NaN,NaN,NaN,NaN,NaN,NaN,NaN,NaN,NaN,1,0,0,0,0,NaN,NaN,77.74761481696476,NaN,NaN,NaN,2.7431430901454874,2.924459191747,NaN,NaN,NaN,NaN,NaN,NaN,NaN,NaN,NaN,NaN,1
2023-12-21,2.9200304789421505,3.1,2.86,2.975,2.928503382590367,2.2566041564246713,2.975,0,0,572,571,0,0,0,0,NaN,NaN,78.1825252093101,NaN,NaN,NaN,2.7431430901454874,2.924459191747,NaN,NaN,NaN,NaN,NaN,NaN,NaN,NaN,NaN,NaN,1,0,0,0,0,NaN,NaN,78.1825252093101,NaN,NaN,NaN,2.7431430901454874,2.924459191747,NaN,NaN,NaN,NaN,NaN,NaN,NaN,NaN,NaN,NaN,1
2023-12-22,2.947515239471075,3.13,2.947515239471075,3.0475,2.9501391312103005,2.2686789021281113,3.0475,0,0,572,571,0,0,0,0,NaN,NaN,79.1159671055103,NaN,NaN,NaN,2.7431430901454874,2.924459191747,NaN,NaN,NaN,NaN,NaN,NaN,NaN,NaN,NaN,NaN,1,0,0,0,0,NaN,NaN,79.1159671055103,NaN,NaN,NaN,2.7431430901454874,2.924459191747,NaN,NaN,NaN,NaN,NaN,NaN,NaN,NaN,NaN,NaN,1
2023-12-26,2.9975076197355373,3.07,2.88,2.9875,2.9569320164447914,2.279653270034552,2.9875,0,0,572,571,0,0,0,0,NaN,NaN,79.7150229974158,NaN,NaN,NaN,2.7431430901454874,2.924459191747,NaN,NaN,NaN,NaN,NaN,NaN,NaN,NaN,NaN,NaN,1,0,0,0,0,NaN,NaN,79.7150229974158,NaN,NaN,NaN,2.7431430901454874,2.924459191747,NaN,NaN,NaN,NaN,NaN,NaN,NaN,NaN,NaN,NaN,1
2023-12-27,2.9925038098677685,3.0699,2.9,2.982475,2.961576195273011,2.290383372782116,2.982475,0,0,572,571,0,0,0,0,NaN,NaN,80.11750161049022,NaN,NaN,NaN,2.7431430901454874,2.924459191747,NaN,NaN,NaN,NaN,NaN,NaN,NaN,NaN,NaN,NaN,1,0,0,0,0,NaN,NaN,80.11750161049022,NaN,NaN,NaN,2.7431430901454874,2.924459191747,NaN,NaN,NaN,NaN,NaN,NaN,NaN,NaN,NaN,NaN,1
2023-12-28,2.9874894049338843,3,2.83,2.9275,2.955380523405191,2.300110344190023,2.9275000000000007,0,0,572,571,0,0,0,0,NaN,NaN,80.23080192182773,NaN,NaN,NaN,2.7431430901454874,2.924459191747,NaN,NaN,NaN,NaN,NaN,NaN,NaN,NaN,NaN,NaN,1,0,0,0,0,NaN,NaN,80.23080192182773,NaN,NaN,NaN,2.7431430901454874,2.924459191747,NaN,NaN,NaN,NaN,NaN,NaN,NaN,NaN,NaN,NaN,1
2023-12-29,2.957494702466942,2.957494702466942,2.66,2.81,2.9289477009678837,2.307894919087885,2.81,0,0,572,571,0,0,0,0,NaN,NaN,79.78241567121015,NaN,NaN,NaN,2.7431430901454874,2.924459191747,NaN,NaN,NaN,NaN,NaN,NaN,NaN,NaN,NaN,NaN,1,0,0,0,0,NaN,NaN,79.78241567121015,NaN,NaN,NaN,2.7431430901454874,2.924459191747,NaN,NaN,NaN,NaN,NaN,NaN,NaN,NaN,NaN,NaN,1
2024-01-02,2.8837473512334713,2.8837473512334713,2.65,2.72,2.890957209882814,2.3141865997124973,2.72,0,0,572,571,0,0,0,0,NaN,NaN,78.74152037274823,NaN,NaN,NaN,2.7431430901454874,2.89640408873736,NaN,NaN,NaN,NaN,NaN,NaN,NaN,NaN,NaN,NaN,1,0,0,0,0,NaN,NaN,78.74152037274823,NaN,NaN,NaN,2.7431430901454874,2.89640408873736,NaN,NaN,NaN,NaN,NaN,NaN,NaN,NaN,NaN,NaN,1
2024-01-03,2.8018736756167355,2.815,2.57,2.67375,2.8514649899041205,2.3196761172741387,2.67375,0,0,572,571,0,0,0,0,NaN,NaN,77.3971690531532,NaN,NaN,NaN,2.7431430901454874,2.843349725426756,NaN,NaN,NaN,NaN,NaN,NaN,NaN,NaN,NaN,NaN,1,0,0,0,0,NaN,NaN,77.3971690531532,NaN,NaN,NaN,2.7431430901454874,2.843349725426756,NaN,NaN,NaN,NaN,NaN,NaN,NaN,NaN,NaN,NaN,1
2024-01-04,2.737811837808368,2.737811837808368,2.51,2.58,2.8021077190124624,2.3236505276974344,2.58,0,0,572,571,0,0,0,0,NaN,NaN,75.17522157815179,NaN,NaN,NaN,2.7431430901454874,2.75750927484994,NaN,NaN,NaN,NaN,NaN,NaN,NaN,NaN,NaN,NaN,1,0,0,0,0,NaN,NaN,75.17522157815179,NaN,NaN,NaN,2.7431430901454874,2.75750927484994,NaN,NaN,NaN,NaN,NaN,NaN,NaN,NaN,NaN,NaN,1
2024-01-05,2.6589059189041837,2.6589059189041837,2.49,2.54,2.7544517701011055,2.3269535730760995,2.54,0,0,572,571,0,0,0,0,NaN,NaN,72.56358362485516,NaN,NaN,NaN,2.7431430901454874,2.6960323271314524,NaN,NaN,NaN,NaN,NaN,NaN,NaN,NaN,NaN,NaN,1,0,0,0,0,NaN,NaN,72.56358362485516,NaN,NaN,NaN,2.7431430901454874,2.6960323271314524,NaN,NaN,NaN,NaN,NaN,NaN,NaN,NaN,NaN,NaN,1
2024-01-08,2.599452959452092,2.63,2.53,2.5725,2.7213696300827226,2.3307023734871515,2.5725,0,0,572,571,0,0,0,0,NaN,NaN,70.0391195823778,NaN,NaN,NaN,2.7431430901454874,2.6960323271314524,NaN,NaN,NaN,NaN,NaN,NaN,NaN,NaN,NaN,NaN,1,0,0,0,0,NaN,NaN,70.0391195823778,NaN,NaN,NaN,2.7431430901454874,2.6960323271314524,NaN,NaN,NaN,NaN,NaN,NaN,NaN,NaN,NaN,NaN,1
2024-01-09,2.585976479726046,2.6454,2.49,2.55635,2.691366060976773,2.3341473754186453,2.55635,0,0,572,571,0,0,0,0,NaN,NaN,67.27309707005674,NaN,NaN,NaN,2.7431430901454874,2.6960323271314524,NaN,NaN,NaN,NaN,NaN,NaN,NaN,NaN,NaN,NaN,1,0,0,0,0,NaN,NaN,67.27309707005674,NaN,NaN,NaN,2.7431430901454874,2.6960323271314524,NaN,NaN,NaN,NaN,NaN,NaN,NaN,NaN,NaN,NaN,1
2024-01-10,2.571163239863023,2.571163239863023,2.36,2.4725,2.651572231708269,2.3362596292290476,2.4725,0,0,572,571,0,0,0,0,NaN,NaN,63.96179408248322,NaN,NaN,NaN,2.7431430901454874,2.616734568619904,NaN,NaN,NaN,NaN,NaN,NaN,NaN,NaN,NaN,NaN,1,0,0,0,0,NaN,NaN,63.96179408248322,NaN,NaN,NaN,2.7431430901454874,2.616734568619904,NaN,NaN,NaN,NaN,NaN,NaN,NaN,NaN,NaN,NaN,1
2024-01-11,2.5218316199315116,2.5218316199315116,2.36,2.455,2.615831825943129,2.3380724593171536,2.455,0,0,572,571,0,0,0,0,NaN,NaN,60.43474122321359,NaN,NaN,NaN,2.7431430901454874,2.56667873509253,NaN,NaN,NaN,NaN,NaN,NaN,NaN,NaN,NaN,NaN,1,0,0,0,0,NaN,NaN,60.43474122321359,NaN,NaN,NaN,2.7431430901454874,2.56667873509253,NaN,NaN,NaN,NaN,NaN,NaN,NaN,NaN,NaN,NaN,1
2024-01-12,2.4884158099657556,2.51,2.4,2.445,2.584771493953469,2.3397049408542965,2.445,0,0,572,571,0,0,0,0,NaN,NaN,56.82189206066498,NaN,NaN,NaN,2.7431430901454874,2.526675114564771,NaN,NaN,NaN,NaN,NaN,NaN,NaN,NaN,NaN,NaN,1,0,0,0,0,NaN,NaN,56.82189206066498,NaN,NaN,NaN,2.7431430901454874,2.526675114564771,NaN,NaN,NaN,NaN,NaN,NaN,NaN,NaN,NaN,NaN,1
2024-01-16,2.4667079049828775,2.4667079049828775,2.4,2.4225,2.5552675859619294,2.340968987558811,2.4225,0,0,572,571,0,0,0,0,NaN,NaN,52.90695010305305,NaN,NaN,NaN,2.7431430901454874,2.4847598267583964,NaN,NaN,NaN,NaN,NaN,NaN,NaN,NaN,NaN,NaN,1,0,0,0,0,NaN,NaN,52.90695010305305,NaN,NaN,NaN,2.7431430901454874,2.4847598267583964,NaN,NaN,NaN,NaN,NaN,NaN,NaN,NaN,NaN,NaN,1
2024-01-17,2.4446039524914385,2.4446039524914385,2.19,2.3125,2.511128024877942,2.3405343465273787,2.3125,0,0,572,571,0,0,0,0,NaN,NaN,48.10977882853606,NaN,NaN,NaN,2.7431430901454874,2.387546289125374,NaN,NaN,NaN,NaN,NaN,NaN,NaN,NaN,NaN,NaN,1,0,0,0,0,NaN,NaN,48.10977882853606,NaN,NaN,NaN,2.7431430901454874,2.387546289125374,NaN,NaN,NaN,NaN,NaN,NaN,NaN,NaN,NaN,NaN,1
2024-01-18,2.3785519762457192,2.3785519762457192,2.15,2.2275,2.4595592930819525,2.33880863131322,2.2275,0,0,572,571,0,0,0,0,NaN,NaN,42.783485161379666,NaN,NaN,NaN,2.7431430901454874,2.299203236366478,NaN,NaN,NaN,NaN,NaN,NaN,NaN,NaN,NaN,NaN,1,0,0,0,0,NaN,NaN,42.783485161379666,NaN,NaN,NaN,2.7431430901454874,2.299203236366478,NaN,NaN,NaN,NaN,NaN,NaN,NaN,NaN,NaN,NaN,1
2024-01-19,2.30302598812286,2.4,2.21,2.3175,2.4337303307034155,2.338483308697751,2.3175,0,0,572,571,0,0,0,0,NaN,NaN,38.03118948930715,NaN,NaN,NaN,2.7431430901454874,2.299203236366478,NaN,NaN,NaN,NaN,NaN,NaN,NaN,NaN,NaN,NaN,1,0,0,0,0,NaN,NaN,38.03118948930715,NaN,NaN,NaN,2.7431430901454874,2.299203236366478,NaN,NaN,NaN,NaN,NaN,NaN,NaN,NaN,NaN,NaN,1
2024-01-22,2.31026299406143,2.49,2.31026299406143,2.4300000000000006,2.43305208875734,2.3398805100916786,2.4300000000000006,0,0,572,571,0,0,0,0,NaN,NaN,33.95254982367898,NaN,NaN,NaN,2.7431430901454874,2.3712750000000007,NaN,NaN,NaN,NaN,NaN,NaN,NaN,NaN,NaN,NaN,1,0,0,0,0,NaN,NaN,33.95254982367898,NaN,NaN,NaN,2.7431430901454874,2.3712750000000007,NaN,NaN,NaN,NaN,NaN,NaN,NaN,NaN,NaN,NaN,1
2024-01-23,2.370131497030715,2.55,2.370131497030715,2.502375,2.4456562544378238,2.342361341998676,2.502375,0,0,572,571,0,0,0,0,NaN,NaN,30.278687930818766,NaN,NaN,NaN,2.7431430901454874,2.4103098750000003,NaN,NaN,NaN,NaN,NaN,NaN,NaN,NaN,NaN,NaN,1,0,0,0,0,NaN,NaN,30.278687930818766,NaN,NaN,NaN,2.7431430901454874,2.4103098750000003,NaN,NaN,NaN,NaN,NaN,NaN,NaN,NaN,NaN,NaN,1
2024-01-24,2.4362532485153574,2.63,2.4362532485153574,2.5425,2.463264208176401,2.3454168940292304,2.5425,0,0,572,571,0,0,0,0,NaN,NaN,26.776789316195437,NaN,NaN,NaN,2.7431430901454874,2.4371000325,NaN,NaN,NaN,NaN,NaN,NaN,NaN,NaN,NaN,NaN,1,0,0,0,0,NaN,NaN,26.776789316195437,NaN,NaN,NaN,2.7431430901454874,2.4371000325,NaN,NaN,NaN,NaN,NaN,NaN,NaN,NaN,NaN,NaN,1
2024-01-25,2.4893766242576785,2.71,2.4893766242576785,2.591675,2.486611624871601,2.349176559769242,2.5916749999999995,0,0,572,571,0,0,0,0,NaN,NaN,23.49825586758061,NaN,NaN,NaN,2.7431430901454874,2.473386404575,NaN,NaN,NaN,NaN,NaN,NaN,NaN,NaN,NaN,NaN,1,0,0,0,0,NaN,NaN,23.49825586758061,NaN,NaN,NaN,2.7431430901454874,2.473386404575,NaN,NaN,NaN,NaN,NaN,NaN,NaN,NaN,NaN,NaN,1
2024-01-26,2.5405258121288394,2.6,2.5149,2.563725,2.50063223853131,2.352452108475055,2.563725,0,0,572,571,0,0,0,0,NaN,NaN,19.99375230820091,NaN,NaN,NaN,2.7431430901454874,2.473386404575,NaN,NaN,NaN,NaN,NaN,NaN,NaN,NaN,NaN,NaN,1,0,0,0,0,NaN,NaN,19.99375230820091,NaN,NaN,NaN,2.7431430901454874,2.473386404575,NaN,NaN,NaN,NaN,NaN,NaN,NaN,NaN,NaN,NaN,1
2024-01-29,2.5521254060644196,2.61,2.4,2.5025000000000004,2.500971831525617,2.354742915979253,2.5025000000000004,0,0,572,571,0,0,0,0,NaN,NaN,16.186613959531407,NaN,NaN,NaN,2.7431430901454874,2.473386404575,NaN,NaN,NaN,NaN,NaN,NaN,NaN,NaN,NaN,NaN,1,0,0,0,0,NaN,NaN,16.186613959531407,NaN,NaN,NaN,2.7431430901454874,2.473386404575,NaN,NaN,NaN,NaN,NaN,NaN,NaN,NaN,NaN,NaN,1
2024-01-30,2.52731270303221,2.69,2.43,2.52,2.5044314985209595,2.3572659248956,2.52,0,0,572,571,0,0,0,0,NaN,NaN,12.579441374183247,NaN,NaN,NaN,2.7431430901454874,2.473386404575,NaN,NaN,NaN,NaN,NaN,NaN,NaN,NaN,NaN,NaN,1,0,0,0,0,NaN,NaN,12.579441374183247,NaN,NaN,NaN,2.7431430901454874,2.473386404575,NaN,NaN,NaN,NaN,NaN,NaN,NaN,NaN,NaN,NaN,1
2024-01-31,2.523656351516105,2.5499,2.32,2.424975,2.4899848624262395,2.3582996512330716,2.424975,0,0,572,571,0,0,0,0,NaN,NaN,8.74458221865472,NaN,NaN,NaN,2.7431430901454874,2.473386404575,NaN,NaN,NaN,NaN,NaN,NaN,NaN,NaN,NaN,NaN,1,0,0,0,0,NaN,NaN,8.74458221865472,NaN,NaN,NaN,2.7431430901454874,2.473386404575,NaN,NaN,NaN,NaN,NaN,NaN,NaN,NaN,NaN,NaN,1
2024-02-01,2.4743156757580524,2.56,2.32,2.425,2.478169432894196,2.3593179771684447,2.425,0,0,572,571,0,0,0,0,NaN,NaN,5.3835619337340015,NaN,NaN,NaN,2.7431430901454874,2.473386404575,NaN,NaN,NaN,NaN,NaN,NaN,NaN,NaN,NaN,NaN,1,0,0,0,0,NaN,NaN,5.3835619337340015,NaN,NaN,NaN,2.7431430901454874,2.473386404575,NaN,NaN,NaN,NaN,NaN,NaN,NaN,NaN,NaN,NaN,1
2024-02-02,2.449657837879026,2.449657837879026,2.27,2.3499999999999996,2.454865899640706,2.3591757179750332,2.3499999999999996,0,0,572,571,0,0,0,0,NaN,NaN,2.675430217417394,NaN,NaN,NaN,2.7431430901454874,2.4563369999999995,NaN,NaN,NaN,NaN,NaN,NaN,NaN,NaN,NaN,NaN,1,0,0,0,0,NaN,NaN,2.675430217417394,NaN,NaN,NaN,2.7431430901454874,2.4563369999999995,NaN,NaN,NaN,NaN,NaN,NaN,NaN,NaN,NaN,NaN,1
2024-02-05,2.399828918939513,2.399828918939513,2.1,2.2024999999999997,2.408981190615123,2.356783722280758,2.2024999999999997,0,0,572,571,0,0,0,0,NaN,NaN,0.6297516587080567,NaN,NaN,NaN,2.7431430901454874,2.37718439,NaN,NaN,NaN,NaN,NaN,NaN,NaN,NaN,NaN,NaN,1,0,0,0,0,NaN,NaN,0.6297516587080567,NaN,NaN,NaN,2.7431430901454874,2.37718439,NaN,NaN,NaN,NaN,NaN,NaN,NaN,NaN,NaN,NaN,1
2024-02-06,2.3011644594697565,2.31,2.1,2.1825,2.367802792321464,2.3541229020932652,2.1825,0,0,572,571,0,0,0,0,NaN,NaN,0.0003178956016404709,NaN,NaN,NaN,2.7431430901454874,2.3561033266,NaN,NaN,NaN,NaN,NaN,NaN,NaN,NaN,NaN,NaN,1,0,0,0,0,NaN,NaN,0.0003178956016404709,NaN,NaN,NaN,2.7431430901454874,2.3561033266,NaN,NaN,NaN,NaN,NaN,NaN,NaN,NaN,NaN,NaN,1
2024-02-07,2.2418322297348783,2.32,2.16,2.2375000000000003,2.3441113755357437,2.3523423997712305,2.2375000000000003,0,0,572,571,0,0,0,0,NaN,NaN,0.48979885022419634,NaN,NaN,NaN,2.7431430901454874,2.3561033266,NaN,NaN,NaN,NaN,NaN,NaN,NaN,NaN,NaN,NaN,1,0,0,0,0,NaN,NaN,0.48979885022419634,NaN,NaN,NaN,2.7431430901454874,2.3561033266,NaN,NaN,NaN,NaN,NaN,NaN,NaN,NaN,NaN,NaN,1
2024-02-08,2.2396661148674393,2.3484,2.2,2.2596000000000003,2.3287456708928813,2.3509264852709064,2.2596000000000003,0,0,572,571,0,0,0,0,NaN,NaN,2.1013991109791004,NaN,NaN,NaN,2.7431430901454874,2.3561033266,NaN,NaN,NaN,NaN,NaN,NaN,NaN,NaN,NaN,NaN,1,0,0,0,0,NaN,NaN,2.1013991109791004,NaN,NaN,NaN,2.7431430901454874,2.3561033266,NaN,NaN,NaN,NaN,NaN,NaN,NaN,NaN,NaN,NaN,1
2024-02-09,2.2496330574337198,2.42,2.18,2.2825,2.320337367094176,2.349881806106465,2.2825,0,0,572,571,0,0,0,0,NaN,NaN,5.221305945818162,NaN,NaN,NaN,2.7431430901454874,2.3561033266,NaN,NaN,NaN,NaN,NaN,NaN,NaN,NaN,NaN,NaN,1,0,0,0,0,NaN,NaN,5.221305945818162,NaN,NaN,NaN,2.7431430901454874,2.3561033266,NaN,NaN,NaN,NaN,NaN,NaN,NaN,NaN,NaN,NaN,1
2024-02-12,2.26606652871686,2.26606652871686,1.96,2.1175,2.2834578458043255,2.3463339922727786,2.1175,0,0,572,571,0,0,0,0,NaN,NaN,10.766001369117815,NaN,NaN,NaN,2.7431430901454874,2.3050540272060003,NaN,NaN,NaN,NaN,NaN,NaN,NaN,NaN,NaN,NaN,1,0,0,0,0,NaN,NaN,10.766001369117815,NaN,NaN,NaN,2.7431430901454874,2.3050540272060003,NaN,NaN,NaN,NaN,NaN,NaN,NaN,NaN,NaN,NaN,1
2024-02-13,2.1917832643584303,2.1917832643584303,1.85,1.9774999999999998,2.2278291465671756,2.340702938955637,1.9774999999999998,0,0,572,571,0,0,0,0,NaN,NaN,16.66693943332415,NaN,NaN,NaN,2.7431430901454874,2.20414754394128,NaN,NaN,NaN,NaN,NaN,NaN,NaN,NaN,NaN,NaN,1,0,0,0,0,NaN,NaN,16.66693943332415,NaN,NaN,NaN,2.7431430901454874,2.20414754394128,NaN,NaN,NaN,NaN,NaN,NaN,NaN,NaN,NaN,NaN,1
2024-02-14,2.084641632179215,2.11,1.87,1.98125,2.182996574464053,2.3352151078265435,1.98125,0,0,572,571,0,0,0,0,NaN,NaN,22.634439648041937,NaN,NaN,NaN,2.7431430901454874,2.20414754394128,NaN,NaN,NaN,NaN,NaN,NaN,NaN,NaN,NaN,NaN,1,0,0,0,0,NaN,NaN,22.634439648041937,NaN,NaN,NaN,2.7431430901454874,2.20414754394128,NaN,NaN,NaN,NaN,NaN,NaN,NaN,NaN,NaN,NaN,1
2024-02-15,2.0329458160896077,2.14,1.95,2.055,2.159724470016043,2.3309370145772834,2.055,0,0,572,571,0,0,0,0,NaN,NaN,29.4572204163247,NaN,NaN,NaN,2.7431430901454874,2.20414754394128,NaN,NaN,NaN,NaN,NaN,NaN,NaN,NaN,NaN,NaN,1,0,0,0,0,NaN,NaN,29.4572204163247,NaN,NaN,NaN,2.7431430901454874,2.20414754394128,NaN,NaN,NaN,NaN,NaN,NaN,NaN,NaN,NaN,NaN,1
2024-02-16,2.043972908044804,2.13,2,2.075,2.1443200209222173,2.3270295792402256,2.075,0,0,572,571,0,0,0,0,NaN,NaN,37.24201353888593,NaN,NaN,NaN,2.7431430901454874,2.20414754394128,NaN,NaN,NaN,NaN,NaN,NaN,NaN,NaN,NaN,NaN,1,0,0,0,0,NaN,NaN,37.24201353888593,NaN,NaN,NaN,2.7431430901454874,2.20414754394128,NaN,NaN,NaN,NaN,NaN,NaN,NaN,NaN,NaN,NaN,1
2024-02-20,2.059486454022402,2.059486454022402,1.805,1.94125,2.1073981989363597,2.3211398146716724,1.94125,0,0,572,571,0,0,0,0,NaN,NaN,44.7486659237815,NaN,NaN,NaN,2.7431430901454874,2.149306662350088,NaN,NaN,NaN,NaN,NaN,NaN,NaN,NaN,NaN,NaN,1,0,0,0,0,NaN,NaN,44.7486659237815,NaN,NaN,NaN,2.7431430901454874,2.149306662350088,NaN,NaN,NaN,NaN,NaN,NaN,NaN,NaN,NaN,NaN,1
2024-02-21,2.000368227011201,2.000368227011201,1.72,1.8125,2.053780344584294,2.3133743213179065,1.8125,0,0,572,571,0,0,0,0,NaN,NaN,51.74887646643054,NaN,NaN,NaN,2.7431430901454874,2.035893963127072,NaN,NaN,NaN,NaN,NaN,NaN,NaN,NaN,NaN,NaN,1,0,0,0,0,NaN,NaN,51.74887646643054,NaN,NaN,NaN,2.7431430901454874,2.035893963127072,NaN,NaN,NaN,NaN,NaN,NaN,NaN,NaN,NaN,NaN,1
2024-02-22,1.9064341135056004,1.9064341135056004,1.8,1.81125,2.0096839182962407,2.3057083011451143,1.81125,0,0,572,571,0,0,0,0,NaN,NaN,59.082955549677166,NaN,NaN,NaN,2.6455198530024617,1.988224980870387,NaN,NaN,NaN,NaN,NaN,NaN,NaN,NaN,NaN,NaN,1,0,0,0,0,NaN,NaN,59.082955549677166,NaN,NaN,NaN,2.6455198530024617,1.988224980870387,NaN,NaN,NaN,NaN,NaN,NaN,NaN,NaN,NaN,NaN,1
2024-02-23,1.8588420567528003,1.8588420567528003,1.76,1.81,1.973377751333288,2.2981402354787765,1.81,0,0,572,571,0,0,0,0,NaN,NaN,65.72054420735324,NaN,NaN,NaN,2.260611551550359,1.944975985461494,NaN,NaN,NaN,NaN,NaN,NaN,NaN,NaN,NaN,NaN,1,0,0,0,0,NaN,NaN,65.72054420735324,NaN,NaN,NaN,2.260611551550359,1.944975985461494,NaN,NaN,NaN,NaN,NaN,NaN,NaN,NaN,NaN,NaN,1
2024-02-26,1.8344210283764002,1.88,1.81,1.83,1.9473090692726902,2.290993056311162,1.83,0,0,572,571,0,0,0,0,NaN,NaN,74.8028173012245,NaN,NaN,NaN,2.260611551550359,1.944975985461494,NaN,NaN,NaN,NaN,NaN,NaN,NaN,NaN,NaN,NaN,1,0,0,0,0,NaN,NaN,74.8028173012245,NaN,NaN,NaN,2.260611551550359,1.944975985461494,NaN,NaN,NaN,NaN,NaN,NaN,NaN,NaN,NaN,NaN,1
2024-02-27,1.8322105141882001,1.95,1.7301,1.840025,1.9278028748594738,2.2841080478178615,1.8400249999999998,0,0,572,571,0,0,0,0,NaN,NaN,81.86193433879203,NaN,NaN,NaN,2.260611551550359,1.944975985461494,NaN,NaN,NaN,NaN,NaN,NaN,NaN,NaN,NaN,NaN,1,0,0,0,0,NaN,NaN,81.86193433879203,NaN,NaN,NaN,2.260611551550359,1.944975985461494,NaN,NaN,NaN,NaN,NaN,NaN,NaN,NaN,NaN,NaN,1
2024-02-28,1.8361177570941,1.88,1.81,1.8400000000000003,1.911838715794115,2.2773277722786576,1.8400000000000003,0,0,572,571,0,0,0,0,NaN,NaN,86.55712282784368,NaN,NaN,NaN,2.260611551550359,1.944975985461494,NaN,NaN,NaN,NaN,NaN,NaN,NaN,NaN,NaN,NaN,1,0,0,0,0,NaN,NaN,86.55712282784368,NaN,NaN,NaN,2.260611551550359,1.944975985461494,NaN,NaN,NaN,NaN,NaN,NaN,NaN,NaN,NaN,NaN,1
2024-02-29,1.8380588785470502,1.87,1.7633,1.828325,1.8966544038315487,2.2704727681217314,1.828325,0,0,572,571,0,0,0,0,NaN,NaN,88.46173249437936,NaN,NaN,NaN,2.260611551550359,1.944975985461494,NaN,NaN,NaN,NaN,NaN,NaN,NaN,NaN,NaN,NaN,1,0,0,0,0,NaN,NaN,88.46173249437936,NaN,NaN,NaN,2.260611551550359,1.944975985461494,NaN,NaN,NaN,NaN,NaN,NaN,NaN,NaN,NaN,NaN,1
2024-03-01,1.833191939273525,1.8738,1.8,1.8494000000000002,1.8880626940439944,2.2640441762420105,1.8494000000000002,0,0,572,571,0,0,0,0,NaN,NaN,90.38027661702559,NaN,NaN,NaN,2.260611551550359,1.944975985461494,NaN,NaN,NaN,NaN,NaN,NaN,NaN,NaN,NaN,NaN,1,0,0,0,0,NaN,NaN,90.38027661702559,NaN,NaN,NaN,2.260611551550359,1.944975985461494,NaN,NaN,NaN,NaN,NaN,NaN,NaN,NaN,NaN,NaN,1
2024-03-04,1.8412959696367626,1.87,1.8,1.8375,1.8788694769450862,2.257532051413888,1.8374999999999997,0,0,572,571,0,0,0,0,NaN,NaN,91.84575917792304,NaN,NaN,NaN,2.260611551550359,1.944975985461494,NaN,NaN,NaN,NaN,NaN,NaN,NaN,NaN,NaN,NaN,1,0,0,0,0,NaN,NaN,91.84575917792304,NaN,NaN,NaN,2.260611551550359,1.944975985461494,NaN,NaN,NaN,NaN,NaN,NaN,NaN,NaN,NaN,NaN,1
2024-03-05,1.8393979848183812,1.86,1.75,1.805,1.8654386629550705,2.25062316513276,1.805,0,0,572,571,0,0,0,0,NaN,NaN,92.79207960313546,NaN,NaN,NaN,2.260611551550359,1.9053574693868907,NaN,NaN,NaN,NaN,NaN,NaN,NaN,NaN,NaN,NaN,1,0,0,0,0,NaN,NaN,92.79207960313546,NaN,NaN,NaN,2.260611551550359,1.9053574693868907,NaN,NaN,NaN,NaN,NaN,NaN,NaN,NaN,NaN,NaN,1
2024-03-06,1.8221989924091906,1.86,1.7511,1.802775,1.8540452696905123,2.2437857885658476,1.802775,0,0,572,571,0,0,0,0,NaN,NaN,92.87884268045332,NaN,NaN,NaN,2.260611551550359,1.8738039785708234,NaN,NaN,NaN,NaN,NaN,NaN,NaN,NaN,NaN,NaN,1,0,0,0,0,NaN,NaN,92.87884268045332,NaN,NaN,NaN,2.260611551550359,1.8738039785708234,NaN,NaN,NaN,NaN,NaN,NaN,NaN,NaN,NaN,NaN,1
2024-03-07,1.8124869962045953,2,1.8124869962045953,1.9100000000000001,1.8642188570195102,2.238689822328201,1.9100000000000004,0,0,572,571,0,0,0,0,NaN,NaN,92.99426516109443,NaN,NaN,NaN,2.260611551550359,1.8738039785708234,NaN,NaN,NaN,NaN,NaN,NaN,NaN,NaN,NaN,NaN,1,0,0,0,0,NaN,NaN,92.99426516109443,NaN,NaN,NaN,2.260611551550359,1.8738039785708234,NaN,NaN,NaN,NaN,NaN,NaN,NaN,NaN,NaN,NaN,1
2024-03-08,1.8612434981022976,2.1219,1.78,1.930475,1.8762654284705083,2.2339842525216635,1.930475,0,0,572,571,0,0,0,0,NaN,NaN,92.8030696434397,NaN,NaN,NaN,2.260611551550359,1.8738039785708234,NaN,NaN,NaN,NaN,NaN,NaN,NaN,NaN,NaN,NaN,1,0,0,0,0,NaN,NaN,92.8030696434397,NaN,NaN,NaN,2.260611551550359,1.8738039785708234,NaN,NaN,NaN,NaN,NaN,NaN,NaN,NaN,NaN,NaN,1
2024-03-11,1.8958592490511488,2.0785,1.8958592490511488,1.959625,1.891421714203143,2.22979556164347,1.959625,0,0,572,571,0,0,0,0,NaN,NaN,92.33006635826456,NaN,NaN,NaN,2.260611551550359,1.90708025,NaN,NaN,NaN,NaN,NaN,NaN,NaN,NaN,NaN,NaN,1,0,0,0,0,NaN,NaN,92.33006635826456,NaN,NaN,NaN,2.260611551550359,1.90708025,NaN,NaN,NaN,NaN,NaN,NaN,NaN,NaN,NaN,NaN,1
2024-03-12,1.9277421245255744,2.0699,1.9,1.9674749999999999,1.9052495843480262,2.2257906675725776,1.9674749999999999,0,0,572,571,0,0,0,0,NaN,NaN,91.74927381737255,NaN,NaN,NaN,2.260611551550359,1.9126993424999998,NaN,NaN,NaN,NaN,NaN,NaN,NaN,NaN,NaN,NaN,1,0,0,0,0,NaN,NaN,91.74927381737255,NaN,NaN,NaN,2.260611551550359,1.9126993424999998,NaN,NaN,NaN,NaN,NaN,NaN,NaN,NaN,NaN,NaN,1
2024-03-13,1.9476085622627872,2.0199,1.91,1.9674749999999999,1.9165632962847488,2.2218469169226145,1.9674749999999999,0,0,572,571,0,0,0,0,NaN,NaN,91.08844014085736,NaN,NaN,NaN,2.260611551550359,1.9126993424999998,NaN,NaN,NaN,NaN,NaN,NaN,NaN,NaN,NaN,NaN,1,0,0,0,0,NaN,NaN,91.08844014085736,NaN,NaN,NaN,2.260611551550359,1.9126993424999998,NaN,NaN,NaN,NaN,NaN,NaN,NaN,NaN,NaN,NaN,1
2024-03-14,1.9575417811313935,1.98,1.82,1.9175,1.9167336060511582,2.217200399107002,1.9175,0,0,572,571,0,0,0,0,NaN,NaN,90.58609091300642,NaN,NaN,NaN,2.260611551550359,1.9126993424999998,NaN,NaN,NaN,NaN,NaN,NaN,NaN,NaN,NaN,NaN,1,0,0,0,0,NaN,NaN,90.58609091300642,NaN,NaN,NaN,2.260611551550359,1.9126993424999998,NaN,NaN,NaN,NaN,NaN,NaN,NaN,NaN,NaN,NaN,1
2024-03-15,1.9375208905656969,1.97,1.85,1.895,1.912782041314584,2.2122813090443,1.895,0,0,572,571,0,0,0,0,NaN,NaN,90.15375671044531,NaN,NaN,NaN,2.260611551550359,1.9126993424999998,NaN,NaN,NaN,NaN,NaN,NaN,NaN,NaN,NaN,NaN,1,0,0,0,0,NaN,NaN,90.15375671044531,NaN,NaN,NaN,2.260611551550359,1.9126993424999998,NaN,NaN,NaN,NaN,NaN,NaN,NaN,NaN,NaN,NaN,1
2024-03-18,1.9162604452828484,1.97,1.85,1.9149999999999998,1.913185306530114,2.207742663104692,1.9149999999999998,0,0,572,571,0,0,0,0,NaN,NaN,89.5885824992946,NaN,NaN,NaN,2.260611551550359,1.9126993424999998,NaN,NaN,NaN,NaN,NaN,NaN,NaN,NaN,NaN,NaN,1,0,0,0,0,NaN,NaN,89.5885824992946,NaN,NaN,NaN,2.260611551550359,1.9126993424999998,NaN,NaN,NaN,NaN,NaN,NaN,NaN,NaN,NaN,NaN,1
2024-03-19,1.9156302226414241,1.9156302226414241,1.71,1.7925,1.8912425235246388,2.2014030804618723,1.7925,0,0,572,571,0,0,0,0,NaN,NaN,89.36392587278748,NaN,NaN,NaN,2.260611551550359,1.87473825,NaN,NaN,NaN,NaN,NaN,NaN,NaN,NaN,NaN,NaN,1,0,0,0,0,NaN,NaN,89.36392587278748,NaN,NaN,NaN,2.260611551550359,1.87473825,NaN,NaN,NaN,NaN,NaN,NaN,NaN,NaN,NaN,NaN,1
2024-03-20,1.854065111320712,1.854065111320712,1.64,1.72,1.8601075192474317,2.194053415111309,1.7199999999999998,0,0,572,571,0,0,0,0,NaN,NaN,89.25713650134178,NaN,NaN,NaN,2.260611551550359,1.8349336025,NaN,NaN,NaN,NaN,NaN,NaN,NaN,NaN,NaN,NaN,1,0,0,0,0,NaN,NaN,89.25713650134178,NaN,NaN,NaN,2.260611551550359,1.8349336025,NaN,NaN,NaN,NaN,NaN,NaN,NaN,NaN,NaN,NaN,1
2024-03-21,1.787032555660356,1.8,1.68,1.7574999999999998,1.8414516066569895,2.187388477476022,1.7574999999999998,0,0,572,571,0,0,0,0,NaN,NaN,89.06369996430399,NaN,NaN,NaN,2.260611551550359,1.8349336025,NaN,NaN,NaN,NaN,NaN,NaN,NaN,NaN,NaN,NaN,1,0,0,0,0,NaN,NaN,89.06369996430399,NaN,NaN,NaN,2.260611551550359,1.8349336025,NaN,NaN,NaN,NaN,NaN,NaN,NaN,NaN,NaN,NaN,1
2024-03-22,1.7722662778301779,1.81,1.71,1.775,1.8293694963557185,2.1810924701863117,1.775,0,0,572,571,0,0,0,0,NaN,NaN,88.76774833607095,NaN,NaN,NaN,2.260611551550359,1.8349336025,NaN,NaN,NaN,NaN,NaN,NaN,NaN,NaN,NaN,NaN,1,0,0,0,0,NaN,NaN,88.76774833607095,NaN,NaN,NaN,2.260611551550359,1.8349336025,NaN,NaN,NaN,NaN,NaN,NaN,NaN,NaN,NaN,NaN,1
2024-03-25,1.773633138915089,1.81,1.71,1.7525,1.8153932242910424,2.1745490736949176,1.7525,0,0,572,571,0,0,0,0,NaN,NaN,88.79140118533428,NaN,NaN,NaN,2.260611551550359,1.8349336025,NaN,NaN,NaN,NaN,NaN,NaN,NaN,NaN,NaN,NaN,1,0,0,0,0,NaN,NaN,88.79140118533428,NaN,NaN,NaN,2.260611551550359,1.8349336025,NaN,NaN,NaN,NaN,NaN,NaN,NaN,NaN,NaN,NaN,1
2024-03-26,1.7630665694575445,1.77,1.7,1.7275,1.7994126380563074,2.1677238969972854,1.7275,0,0,572,571,0,0,0,0,NaN,NaN,89.24366192246188,NaN,NaN,NaN,2.260611551550359,1.8349336025,NaN,NaN,NaN,NaN,NaN,NaN,NaN,NaN,NaN,NaN,1,0,0,0,0,NaN,NaN,89.24366192246188,NaN,NaN,NaN,2.260611551550359,1.8349336025,NaN,NaN,NaN,NaN,NaN,NaN,NaN,NaN,NaN,NaN,1
2024-03-27,1.7452832847287723,1.77,1.71,1.7475,1.7899739765915241,2.16130826498206,1.7475,0,0,572,571,0,0,0,0,NaN,NaN,89.30068827333945,NaN,NaN,NaN,2.260611551550359,1.8349336025,NaN,NaN,NaN,NaN,NaN,NaN,NaN,NaN,NaN,NaN,1,0,0,0,0,NaN,NaN,89.30068827333945,NaN,NaN,NaN,2.260611551550359,1.8349336025,NaN,NaN,NaN,NaN,NaN,NaN,NaN,NaN,NaN,NaN,1
2024-03-28,1.7463916423643862,1.8,1.71,1.7525,1.7831605263021562,2.155066917425082,1.7525,0,0,572,571,0,0,0,0,NaN,NaN,89.14608530006504,NaN,NaN,NaN,2.260611551550359,1.8349336025,NaN,NaN,NaN,NaN,NaN,NaN,NaN,NaN,NaN,NaN,1,0,0,0,0,NaN,NaN,89.14608530006504,NaN,NaN,NaN,2.260611551550359,1.8349336025,NaN,NaN,NaN,NaN,NaN,NaN,NaN,NaN,NaN,NaN,1
2024-04-01,1.749445821182193,1.749445821182193,1.64,1.6775,1.7639495215199459,2.1477758194491265,1.6775,0,1,572,571,0,0,0,0,NaN,NaN,88.95159312192848,NaN,NaN,NaN,2.260611551550359,1.80551258635,NaN,NaN,NaN,NaN,NaN,NaN,NaN,NaN,NaN,NaN,1,0,0,0,0,NaN,NaN,88.95159312192848,NaN,NaN,NaN,2.260611551550359,1.80551258635,NaN,NaN,NaN,NaN,NaN,NaN,NaN,NaN,NaN,NaN,1
2024-04-02,1.7134729105910966,1.7134729105910966,1.59,1.6575,1.744595063061774,2.140290692434636,1.6575000000000002,0,0,572,677,0,0,0,0,NaN,NaN,88.82539141102772,NaN,NaN,NaN,2.260611551550359,1.7830914535784999,NaN,NaN,NaN,NaN,NaN,NaN,NaN,NaN,NaN,NaN,1,0,0,0,0,NaN,NaN,88.82539141102772,NaN,NaN,NaN,2.260611551550359,1.7830914535784999,NaN,NaN,NaN,NaN,NaN,NaN,NaN,NaN,NaN,NaN,1
2024-04-03,1.6854864552955484,1.73,1.64,1.68,1.7328505061414514,2.1332633536188403,1.68,0,0,572,678,0,0,0,0,NaN,NaN,88.58375874596214,NaN,NaN,NaN,2.260611551550359,1.7830914535784999,NaN,NaN,NaN,NaN,NaN,NaN,NaN,NaN,NaN,NaN,1,0,0,0,0,NaN,NaN,88.58375874596214,NaN,NaN,NaN,2.260611551550359,1.7830914535784999,NaN,NaN,NaN,NaN,NaN,NaN,NaN,NaN,NaN,NaN,1
2024-04-04,1.6827432276477743,1.73,1.61,1.6700000000000002,1.7214231413884602,2.1261906306628275,1.6700000000000002,0,0,572,679,0,0,0,0,NaN,NaN,88.24948160702095,NaN,NaN,NaN,2.260611551550359,1.7830914535784999,NaN,NaN,NaN,NaN,NaN,NaN,NaN,NaN,NaN,NaN,1,0,0,0,0,NaN,NaN,88.24948160702095,NaN,NaN,NaN,2.260611551550359,1.7830914535784999,NaN,NaN,NaN,NaN,NaN,NaN,NaN,NaN,NaN,NaN,1
2024-04-05,1.6763716138238873,1.6763716138238873,1.54,1.605,1.7002552974996492,2.1182335217977464,1.605,0,0,572,680,0,0,0,0,NaN,NaN,88.08510042104683,NaN,NaN,NaN,2.260611551550359,1.73862047914908,NaN,NaN,NaN,NaN,NaN,NaN,NaN,NaN,NaN,NaN,1,0,0,0,0,NaN,NaN,88.08510042104683,NaN,NaN,NaN,2.260611551550359,1.73862047914908,NaN,NaN,NaN,NaN,NaN,NaN,NaN,NaN,NaN,NaN,1
2024-04-08,1.6406858069119437,1.709,1.6,1.64475,1.6901634252269857,2.1110047657397657,1.64475,0,0,572,681,0,0,0,0,NaN,NaN,87.8423106138332,NaN,NaN,NaN,2.260611551550359,1.73862047914908,NaN,NaN,NaN,NaN,NaN,NaN,NaN,NaN,NaN,NaN,1,0,0,0,0,NaN,NaN,87.8423106138332,NaN,NaN,NaN,2.260611551550359,1.73862047914908,NaN,NaN,NaN,NaN,NaN,NaN,NaN,NaN,NaN,NaN,1
2024-04-09,1.6427179034559718,1.67,1.61,1.6300000000000001,1.679224620640261,2.1036611815299984,1.6300000000000001,0,0,572,682,0,0,0,0,NaN,NaN,87.91594731751812,NaN,NaN,NaN,2.260611551550359,1.73862047914908,NaN,NaN,NaN,NaN,NaN,NaN,NaN,NaN,NaN,NaN,1,0,0,0,0,NaN,NaN,87.91594731751812,NaN,NaN,NaN,2.260611551550359,1.73862047914908,NaN,NaN,NaN,NaN,NaN,NaN,NaN,NaN,NaN,NaN,1
2024-04-10,1.636358951727986,1.636358951727986,1.55,1.58,1.6611837805238499,2.095666354331067,1.58,0,0,572,683,0,0,0,0,NaN,NaN,88.05765854994638,NaN,NaN,NaN,2.260611551550359,1.7042024072767181,NaN,NaN,NaN,NaN,NaN,NaN,NaN,NaN,NaN,NaN,1,0,0,0,0,NaN,NaN,88.05765854994638,NaN,NaN,NaN,2.260611551550359,1.7042024072767181,NaN,NaN,NaN,NaN,NaN,NaN,NaN,NaN,NaN,NaN,1
2024-04-11,1.608179475863993,1.69,1.55,1.62,1.6536958204286045,2.0884042725855547,1.62,0,0,572,684,0,0,0,0,NaN,NaN,88.20947503309867,NaN,NaN,NaN,2.260611551550359,1.7042024072767181,NaN,NaN,NaN,NaN,NaN,NaN,NaN,NaN,NaN,NaN,1,0,0,0,0,NaN,NaN,88.20947503309867,NaN,NaN,NaN,2.260611551550359,1.7042024072767181,NaN,NaN,NaN,NaN,NaN,NaN,NaN,NaN,NaN,NaN,1
2024-04-12,1.6140897379319965,1.6899,1.55,1.614975,1.6466556712597673,2.0811763447598213,1.614975,0,0,572,685,0,0,0,0,NaN,NaN,88.31903999482076,NaN,NaN,NaN,2.260611551550359,1.7042024072767181,NaN,NaN,NaN,NaN,NaN,NaN,NaN,NaN,NaN,NaN,1,0,0,0,0,NaN,NaN,88.31903999482076,NaN,NaN,NaN,2.260611551550359,1.7042024072767181,NaN,NaN,NaN,NaN,NaN,NaN,NaN,NaN,NaN,NaN,1
2024-04-15,1.6145323689659983,1.67,1.57,1.6075,1.639536458303446,2.073944644839824,1.6075,0,0,572,686,0,0,0,0,NaN,NaN,88.16460974769976,NaN,NaN,NaN,2.260611551550359,1.7042024072767181,NaN,NaN,NaN,NaN,NaN,NaN,NaN,NaN,NaN,NaN,1,0,0,0,0,NaN,NaN,88.16460974769976,NaN,NaN,NaN,2.260611551550359,1.7042024072767181,NaN,NaN,NaN,NaN,NaN,NaN,NaN,NaN,NaN,NaN,1
2024-04-16,1.611016184482999,1.611016184482999,1.55,1.5775000000000001,1.628257102248274,2.066365337285018,1.5775000000000001,0,0,572,687,0,0,0,0,NaN,NaN,87.96598113516039,NaN,NaN,NaN,2.260611551550359,1.680370973966909,NaN,NaN,NaN,NaN,NaN,NaN,NaN,NaN,NaN,NaN,1,0,0,0,0,NaN,NaN,87.96598113516039,NaN,NaN,NaN,2.260611551550359,1.680370973966909,NaN,NaN,NaN,NaN,NaN,NaN,NaN,NaN,NaN,NaN,1
2024-04-17,1.5942580922414997,1.65,1.58,1.6075,1.6244830836576787,2.0593597596165445,1.6075000000000002,0,0,572,688,0,0,0,0,NaN,NaN,87.60024270092298,NaN,NaN,NaN,2.260611551550359,1.680370973966909,NaN,NaN,NaN,NaN,NaN,NaN,NaN,NaN,NaN,NaN,1,0,0,0,0,NaN,NaN,87.60024270092298,NaN,NaN,NaN,2.260611551550359,1.680370973966909,NaN,NaN,NaN,NaN,NaN,NaN,NaN,NaN,NaN,NaN,1
2024-04-18,1.6008790461207498,1.64,1.5696,1.5974,1.6195588866290098,2.05230693885904,1.5974,0,0,572,689,0,0,0,0,NaN,NaN,87.24064028014644,NaN,NaN,NaN,2.260611551550359,1.680370973966909,NaN,NaN,NaN,NaN,NaN,NaN,NaN,NaN,NaN,NaN,1,0,0,0,0,NaN,NaN,87.24064028014644,NaN,NaN,NaN,2.260611551550359,1.680370973966909,NaN,NaN,NaN,NaN,NaN,NaN,NaN,NaN,NaN,NaN,1
2024-04-19,1.5991395230603749,1.64,1.5702,1.6075499999999998,1.6173754526964625,2.045516756586383,1.6075499999999998,0,0,572,690,0,0,0,0,NaN,NaN,86.81677189401645,NaN,NaN,NaN,2.260611551550359,1.680370973966909,NaN,NaN,NaN,NaN,NaN,NaN,NaN,NaN,NaN,NaN,1,0,0,0,0,NaN,NaN,86.81677189401645,NaN,NaN,NaN,2.260611551550359,1.680370973966909,NaN,NaN,NaN,NaN,NaN,NaN,NaN,NaN,NaN,NaN,1
2024-04-22,1.6033447615301872,1.64,1.58,1.6125,1.616489006751651,2.038905813737736,1.6125000000000003,0,0,572,691,0,0,0,0,NaN,NaN,86.27596750575387,NaN,NaN,NaN,2.260611551550359,1.680370973966909,NaN,NaN,NaN,NaN,NaN,NaN,NaN,NaN,NaN,NaN,1,0,0,0,0,NaN,NaN,86.27596750575387,NaN,NaN,NaN,2.260611551550359,1.680370973966909,NaN,NaN,NaN,NaN,NaN,NaN,NaN,NaN,NaN,NaN,1
2024-04-23,1.6079223807650935,1.73,1.6,1.6624999999999999,1.6248546418877146,2.033159160092885,1.6624999999999999,0,0,572,692,0,0,0,0,NaN,NaN,85.39099937839521,NaN,NaN,NaN,2.260611551550359,1.680370973966909,NaN,NaN,NaN,NaN,NaN,NaN,NaN,NaN,NaN,NaN,1,0,0,0,0,NaN,NaN,85.39099937839521,NaN,NaN,NaN,2.260611551550359,1.680370973966909,NaN,NaN,NaN,NaN,NaN,NaN,NaN,NaN,NaN,NaN,1
2024-04-24,1.6352111903825466,1.695,1.63,1.6637499999999998,1.6319265251808572,2.02751932558765,1.6637499999999998,0,0,572,693,0,0,0,0,NaN,NaN,84.50725924037637,NaN,NaN,NaN,2.260611551550359,1.680370973966909,NaN,NaN,NaN,NaN,NaN,NaN,NaN,NaN,NaN,NaN,1,0,0,0,0,NaN,NaN,84.50725924037637,NaN,NaN,NaN,2.260611551550359,1.680370973966909,NaN,NaN,NaN,NaN,NaN,NaN,NaN,NaN,NaN,NaN,1
2024-04-25,1.6494805951912732,1.7,1.5684,1.6196,1.6296853387843377,2.02129154962448,1.6195999999999997,0,0,572,694,0,0,0,0,NaN,NaN,83.85342234449924,NaN,NaN,NaN,2.260611551550359,1.680370973966909,NaN,NaN,NaN,NaN,NaN,NaN,NaN,NaN,NaN,NaN,1,0,0,0,0,NaN,NaN,83.85342234449924,NaN,NaN,NaN,2.260611551550359,1.680370973966909,NaN,NaN,NaN,NaN,NaN,NaN,NaN,NaN,NaN,NaN,1
2024-04-26,1.6345402975956365,1.66,1.57,1.625,1.6288334590053672,2.0152412969584574,1.625,0,0,572,695,0,0,0,0,NaN,NaN,83.09835386905968,NaN,NaN,NaN,2.260611551550359,1.680370973966909,NaN,NaN,NaN,NaN,NaN,NaN,NaN,NaN,NaN,NaN,1,0,0,0,0,NaN,NaN,83.09835386905968,NaN,NaN,NaN,2.260611551550359,1.680370973966909,NaN,NaN,NaN,NaN,NaN,NaN,NaN,NaN,NaN,NaN,1
2024-04-29,1.6297701487978182,1.6358,1.55,1.59145,1.6220364664589368,2.008771200821687,1.59145,0,0,572,696,0,0,0,0,NaN,NaN,82.50778391663553,NaN,NaN,NaN,2.260611551550359,1.680370973966909,NaN,NaN,NaN,NaN,NaN,NaN,NaN,NaN,NaN,NaN,1,0,0,0,0,NaN,NaN,82.50778391663553,NaN,NaN,NaN,2.260611551550359,1.680370973966909,NaN,NaN,NaN,NaN,NaN,NaN,NaN,NaN,NaN,NaN,1
2024-04-30,1.6106100743989091,1.6106100743989091,1.54,1.5575,1.610302563466403,2.001881564167921,1.5575,0,0,572,697,0,0,0,0,NaN,NaN,82.37521949646019,NaN,NaN,NaN,2.260611551550359,1.6466680694338582,NaN,NaN,NaN,NaN,NaN,NaN,NaN,NaN,NaN,NaN,1,0,0,0,0,NaN,NaN,82.37521949646019,NaN,NaN,NaN,2.260611551550359,1.6466680694338582,NaN,NaN,NaN,NaN,NaN,NaN,NaN,NaN,NaN,NaN,1
2024-05-01,1.5840550371994546,1.65,1.57,1.6,1.6084293701088752,1.9957459677684106,1.6,0,0,572,698,0,0,0,0,NaN,NaN,82.35147905388432,NaN,NaN,NaN,2.260611551550359,1.6466680694338582,NaN,NaN,NaN,NaN,NaN,NaN,NaN,NaN,NaN,NaN,1,0,0,0,0,NaN,NaN,82.35147905388432,NaN,NaN,NaN,2.260611551550359,1.6466680694338582,NaN,NaN,NaN,NaN,NaN,NaN,NaN,NaN,NaN,NaN,1
2024-05-02,1.5920275185997275,1.67,1.585,1.63375,1.6130331209981705,1.9902193117719464,1.6337499999999998,0,0,572,699,0,0,0,0,NaN,NaN,81.50142550497296,NaN,NaN,NaN,2.260611551550359,1.6466680694338582,NaN,NaN,NaN,NaN,NaN,NaN,NaN,NaN,NaN,NaN,1,0,0,0,0,NaN,NaN,81.50142550497296,NaN,NaN,NaN,2.260611551550359,1.6466680694338582,NaN,NaN,NaN,NaN,NaN,NaN,NaN,NaN,NaN,NaN,1
2024-05-03,1.6128887592998638,1.65,1.58,1.6175,1.613845280816685,1.9845289405998556,1.6175,0,0,572,700,0,0,0,0,NaN,NaN,80.41666102366794,NaN,NaN,NaN,2.086934142042748,1.6466680694338582,NaN,NaN,NaN,NaN,NaN,NaN,NaN,NaN,NaN,NaN,1,0,0,0,0,NaN,NaN,80.41666102366794,NaN,NaN,NaN,2.086934142042748,1.6466680694338582,NaN,NaN,NaN,NaN,NaN,NaN,NaN,NaN,NaN,NaN,1
2024-05-06,1.6151943796499317,1.7,1.6,1.65,1.6204188661227423,1.9794216285296289,1.65,0,0,572,701,0,0,0,0,NaN,NaN,79.05327167163453,NaN,NaN,NaN,2.044083943389663,1.6466680694338582,NaN,NaN,NaN,NaN,NaN,NaN,NaN,NaN,NaN,NaN,1,0,0,0,0,NaN,NaN,79.05327167163453,NaN,NaN,NaN,2.044083943389663,1.6466680694338582,NaN,NaN,NaN,NaN,NaN,NaN,NaN,NaN,NaN,NaN,1
2024-05-07,1.6325971898249658,1.71,1.63,1.67,1.6294336177367892,1.9746976342009324,1.67,0,0,572,702,0,0,0,0,NaN,NaN,77.62739249253586,NaN,NaN,NaN,2.044083943389663,1.6466680694338582,NaN,NaN,NaN,NaN,NaN,NaN,NaN,NaN,NaN,NaN,1,0,0,0,0,NaN,NaN,77.62739249253586,NaN,NaN,NaN,2.044083943389663,1.6466680694338582,NaN,NaN,NaN,NaN,NaN,NaN,NaN,NaN,NaN,NaN,1
2024-05-08,1.651298594912483,1.651298594912483,1.58,1.615,1.6268093236028276,1.969206067266567,1.615,0,0,572,703,0,0,0,0,NaN,NaN,77.10593511018907,NaN,NaN,NaN,2.044083943389663,1.6466680694338582,NaN,NaN,NaN,NaN,NaN,NaN,NaN,NaN,NaN,NaN,1,0,0,0,0,NaN,NaN,77.10593511018907,NaN,NaN,NaN,2.044083943389663,1.6466680694338582,NaN,NaN,NaN,NaN,NaN,NaN,NaN,NaN,NaN,NaN,1
2024-05-09,1.6331492974562414,1.6331492974562414,1.46,1.545,1.6119349011295863,1.9627296387586806,1.545,0,0,572,704,0,0,0,0,NaN,NaN,77.24665318506972,NaN,NaN,NaN,2.044083943389663,1.617517732769732,NaN,NaN,NaN,NaN,NaN,NaN,NaN,NaN,NaN,NaN,1,0,0,0,0,NaN,NaN,77.24665318506972,NaN,NaN,NaN,2.044083943389663,1.617517732769732,NaN,NaN,NaN,NaN,NaN,NaN,NaN,NaN,NaN,NaN,1
2024-05-10,1.5890746487281207,1.5890746487281207,1.48,1.5200000000000002,1.5952194645605706,1.9559704076325939,1.5200000000000002,0,0,572,705,0,0,0,0,NaN,NaN,77.43648071538435,NaN,NaN,NaN,1.9618740154241734,1.5820629449219046,NaN,NaN,NaN,NaN,NaN,NaN,NaN,NaN,NaN,NaN,1,0,0,0,0,NaN,NaN,77.43648071538435,NaN,NaN,NaN,1.9618740154241734,1.5820629449219046,NaN,NaN,NaN,NaN,NaN,NaN,NaN,NaN,NaN,NaN,1
2024-05-13,1.5545373243640603,1.5765,1.5,1.539125,1.5850204710041031,1.9496063556076688,1.539125,0,0,572,706,0,0,0,0,NaN,NaN,78.08574372573736,NaN,NaN,NaN,1.9280356753567336,1.5820629449219046,NaN,NaN,NaN,NaN,NaN,NaN,NaN,NaN,NaN,NaN,1,0,0,0,0,NaN,NaN,78.08574372573736,NaN,NaN,NaN,1.9280356753567336,1.5820629449219046,NaN,NaN,NaN,NaN,NaN,NaN,NaN,NaN,NaN,NaN,1
2024-05-14,1.54683116218203,1.6,1.5301,1.565025,1.5813849308215389,1.9437348845296891,1.565025,0,0,572,707,0,0,0,0,NaN,NaN,78.09404034703293,NaN,NaN,NaN,1.9280356753567336,1.5820629449219046,NaN,NaN,NaN,NaN,NaN,NaN,NaN,NaN,NaN,NaN,1,0,0,0,0,NaN,NaN,78.09404034703293,NaN,NaN,NaN,1.9280356753567336,1.5820629449219046,NaN,NaN,NaN,NaN,NaN,NaN,NaN,NaN,NaN,NaN,1
2024-05-15,1.555928081091015,1.6,1.55,1.5775000000000001,1.5806785797630774,1.9381435122467932,1.5775000000000001,0,0,572,708,0,0,0,0,NaN,NaN,78.45040708253568,NaN,NaN,NaN,1.9280356753567336,1.5820629449219046,NaN,NaN,NaN,NaN,NaN,NaN,NaN,NaN,NaN,NaN,1,0,0,0,0,NaN,NaN,78.45040708253568,NaN,NaN,NaN,1.9280356753567336,1.5820629449219046,NaN,NaN,NaN,NaN,NaN,NaN,NaN,NaN,NaN,NaN,1
2024-05-16,1.5667140405455076,1.68,1.5,1.5875000000000001,1.5819188379879725,1.9327901761819566,1.5875000000000004,0,0,572,709,0,0,0,0,NaN,NaN,78.37179817447581,NaN,NaN,NaN,1.9280356753567336,1.5820629449219046,NaN,NaN,NaN,NaN,NaN,NaN,NaN,NaN,NaN,NaN,1,0,0,0,0,NaN,NaN,78.37179817447581,NaN,NaN,NaN,1.9280356753567336,1.5820629449219046,NaN,NaN,NaN,NaN,NaN,NaN,NaN,NaN,NaN,NaN,1
2024-05-17,1.577107020272754,1.65,1.5,1.5775,1.5811154128992502,1.9273658986829953,1.5775,0,0,572,710,0,0,0,0,NaN,NaN,77.52001604169241,NaN,NaN,NaN,1.9280356753567336,1.5820629449219046,NaN,NaN,NaN,NaN,NaN,NaN,NaN,NaN,NaN,NaN,1,0,0,0,0,NaN,NaN,77.52001604169241,NaN,NaN,NaN,1.9280356753567336,1.5820629449219046,NaN,NaN,NaN,NaN,NaN,NaN,NaN,NaN,NaN,NaN,1
2024-05-20,1.5773035101363768,1.61,1.48,1.5474999999999999,1.575003519644841,1.9215664193137894,1.5474999999999999,0,0,572,711,0,0,0,0,NaN,NaN,76.92916310427765,NaN,NaN,NaN,1.9280356753567336,1.5820629449219046,NaN,NaN,NaN,NaN,NaN,NaN,NaN,NaN,NaN,NaN,1,0,0,0,0,NaN,NaN,76.92916310427765,NaN,NaN,NaN,1.9280356753567336,1.5820629449219046,NaN,NaN,NaN,NaN,NaN,NaN,NaN,NaN,NaN,NaN,1
2024-05-21,1.5624017550681883,1.61,1.55,1.58,1.5759119706185063,1.916351664820449,1.58,0,0,572,712,0,0,0,0,NaN,NaN,76.4714149762053,NaN,NaN,NaN,1.9280356753567336,1.5820629449219046,NaN,NaN,NaN,NaN,NaN,NaN,NaN,NaN,NaN,NaN,1,0,0,0,0,NaN,NaN,76.4714149762053,NaN,NaN,NaN,1.9280356753567336,1.5820629449219046,NaN,NaN,NaN,NaN,NaN,NaN,NaN,NaN,NaN,NaN,1
2024-05-22,1.5712008775340942,1.58,1.5105,1.542625,1.5698597941424142,1.9106459142125032,1.542625,0,0,572,713,0,0,0,0,NaN,NaN,77.09098387347166,NaN,NaN,NaN,1.9280356753567336,1.5820629449219046,NaN,NaN,NaN,NaN,NaN,NaN,NaN,NaN,NaN,NaN,1,0,0,0,0,NaN,NaN,77.09098387347166,NaN,NaN,NaN,1.9280356753567336,1.5820629449219046,NaN,NaN,NaN,NaN,NaN,NaN,NaN,NaN,NaN,NaN,1
2024-05-23,1.556912938767047,1.59,1.49,1.55,1.566248922480157,1.9051398697207091,1.55,0,0,572,714,0,0,0,0,NaN,NaN,78.92863366503587,NaN,NaN,NaN,1.9280356753567336,1.5820629449219046,NaN,NaN,NaN,NaN,NaN,NaN,NaN,NaN,NaN,NaN,1,0,0,0,0,NaN,NaN,78.92863366503587,NaN,NaN,NaN,1.9280356753567336,1.5820629449219046,NaN,NaN,NaN,NaN,NaN,NaN,NaN,NaN,NaN,NaN,1
2024-05-24,1.5534564693835236,1.6,1.33,1.4925000000000002,1.5528400274837648,1.8988400243814616,1.4925000000000002,0,0,572,715,0,0,0,0,NaN,NaN,79.28363034469955,NaN,NaN,NaN,1.9280356753567336,1.5455690614453332,NaN,NaN,NaN,NaN,NaN,NaN,NaN,NaN,NaN,NaN,1,0,0,0,0,NaN,NaN,79.28363034469955,NaN,NaN,NaN,1.9280356753567336,1.5455690614453332,NaN,NaN,NaN,NaN,NaN,NaN,NaN,NaN,NaN,NaN,1
2024-05-28,1.5229782346917617,1.5229782346917617,1.3455,1.425125,1.5296191133958075,1.8916077339328896,1.425125,0,0,572,716,0,0,0,0,NaN,NaN,79.31038742165435,NaN,NaN,NaN,1.9280356753567336,1.4832518961683732,NaN,NaN,NaN,NaN,NaN,NaN,NaN,NaN,NaN,NaN,1,0,0,0,0,NaN,NaN,79.31038742165435,NaN,NaN,NaN,1.9280356753567336,1.4832518961683732,NaN,NaN,NaN,NaN,NaN,NaN,NaN,NaN,NaN,NaN,1
2024-05-29,1.4740516173458809,1.4740516173458809,1.31,1.3599999999999999,1.4987792745965698,1.8834915853232272,1.3599999999999999,0,0,572,717,0,0,0,0,NaN,NaN,79.15807127175479,NaN,NaN,NaN,1.9280356753567336,1.4180412135477587,NaN,NaN,NaN,NaN,NaN,NaN,NaN,NaN,NaN,NaN,1,0,0,0,0,NaN,NaN,79.15807127175479,NaN,NaN,NaN,1.9280356753567336,1.4180412135477587,NaN,NaN,NaN,NaN,NaN,NaN,NaN,NaN,NaN,NaN,1
2024-05-30,1.4170258086729404,1.4170258086729404,1.27,1.3125,1.4649103155790117,1.8747741565396665,1.3125,0,0,572,718,0,0,0,1,NaN,NaN,78.9592522727658,NaN,NaN,NaN,1.9280356753567336,1.3623926402641329,NaN,NaN,NaN,NaN,NaN,NaN,NaN,NaN,NaN,NaN,1,0,0,0,1,NaN,NaN,78.9592522727658,NaN,NaN,NaN,1.9280356753567336,1.3623926402641329,NaN,NaN,NaN,NaN,NaN,NaN,NaN,NaN,NaN,NaN,1
2024-05-31,1.3647629043364702,1.3647629043364702,1.275,1.29875,1.4346993491101006,1.8659798946077633,1.29875,0,0,572,719,0,0,0,0,NaN,NaN,78.97327220110115,NaN,NaN,NaN,1.9280356753567336,1.3316752313531972,NaN,NaN,NaN,NaN,NaN,NaN,NaN,NaN,NaN,NaN,1,0,0,0,0,NaN,NaN,78.97327220110115,NaN,NaN,NaN,1.9280356753567336,1.3316752313531972,NaN,NaN,NaN,NaN,NaN,NaN,NaN,NaN,NaN,NaN,1
2024-06-03,1.3317564521682352,1.45,1.31,1.3725,1.4233903765446276,1.8584458504152783,1.3725,0,0,572,720,0,0,0,0,NaN,NaN,79.01093363075647,NaN,NaN,NaN,1.9280356753567336,1.35221875,NaN,NaN,NaN,NaN,NaN,NaN,NaN,NaN,NaN,NaN,1,0,0,0,0,NaN,NaN,79.01093363075647,NaN,NaN,NaN,1.9280356753567336,1.35221875,NaN,NaN,NaN,NaN,NaN,NaN,NaN,NaN,NaN,NaN,1
2024-06-04,1.3521282260841176,1.41,1.31,1.365,1.4127739444456044,1.8509123259814573,1.365,0,0,572,721,0,0,0,0,NaN,NaN,80.13428492887456,NaN,NaN,NaN,1.9280356753567336,1.35221875,NaN,NaN,NaN,NaN,NaN,NaN,NaN,NaN,NaN,NaN,1,0,0,0,0,NaN,NaN,80.13428492887456,NaN,NaN,NaN,1.9280356753567336,1.35221875,NaN,NaN,NaN,NaN,NaN,NaN,NaN,NaN,NaN,NaN,1
2024-06-05,1.3585641130420587,1.36,1.3,1.3375000000000001,1.3990877727282218,1.843073969859603,1.3375000000000001,0,0,572,722,0,0,0,0,NaN,NaN,81.1937794330159,NaN,NaN,NaN,1.9280356753567336,1.35221875,NaN,NaN,NaN,NaN,NaN,NaN,NaN,NaN,NaN,NaN,1,0,0,0,0,NaN,NaN,81.1937794330159,NaN,NaN,NaN,1.9280356753567336,1.35221875,NaN,NaN,NaN,NaN,NaN,NaN,NaN,NaN,NaN,NaN,1
2024-06-06,1.3480320565210295,1.36,1.31,1.33,1.3865263595049089,1.8352407794800671,1.33,0,0,572,723,0,0,0,0,NaN,NaN,82.22271770776443,NaN,NaN,NaN,1.9280356753567336,1.3506125,NaN,NaN,NaN,NaN,NaN,NaN,NaN,NaN,NaN,NaN,1,0,0,0,0,NaN,NaN,82.22271770776443,NaN,NaN,NaN,1.9280356753567336,1.3506125,NaN,NaN,NaN,NaN,NaN,NaN,NaN,NaN,NaN,NaN,1
2024-06-07,1.3390160282605148,1.38,1.19,1.27,1.3653397486858345,1.8266111492589974,1.27,0,0,572,724,0,0,0,0,NaN,NaN,82.78947960362953,NaN,NaN,NaN,1.9280356753567336,1.3190941250000001,NaN,NaN,NaN,NaN,NaN,NaN,NaN,NaN,NaN,NaN,1,0,0,0,0,NaN,NaN,82.78947960362953,NaN,NaN,NaN,1.9280356753567336,1.3190941250000001,NaN,NaN,NaN,NaN,NaN,NaN,NaN,NaN,NaN,NaN,1
2024-06-10,1.3045080141302574,1.3045080141302574,1.15,1.2,1.3352779761975009,1.8170445668275623,1.2,0,0,572,725,0,0,0,0,NaN,NaN,82.85718518946024,NaN,NaN,NaN,1.9280356753567336,1.2790484775,NaN,NaN,NaN,NaN,NaN,NaN,NaN,NaN,NaN,NaN,1,0,0,0,0,NaN,NaN,82.85718518946024,NaN,NaN,NaN,1.9280356753567336,1.2790484775,NaN,NaN,NaN,NaN,NaN,NaN,NaN,NaN,NaN,NaN,1
2024-06-11,1.2522540070651287,1.2522540070651287,1.19,1.2149999999999999,1.3134092532525008,1.8078530467233247,1.2149999999999999,0,0,572,726,0,0,0,0,NaN,NaN,83.19502856777619,NaN,NaN,NaN,1.8975461353336724,1.2790484775,NaN,NaN,NaN,NaN,NaN,NaN,NaN,NaN,NaN,NaN,1,0,0,0,0,NaN,NaN,83.19502856777619,NaN,NaN,NaN,1.8975461353336724,1.2790484775,NaN,NaN,NaN,NaN,NaN,NaN,NaN,NaN,NaN,NaN,1
2024-06-12,1.2336270035325643,1.24,1.2107,1.227675,1.2978212072065916,1.7989953666206786,1.227675,0,0,572,727,0,0,0,0,NaN,NaN,83.76705529629194,NaN,NaN,NaN,1.5981965214874634,1.2790484775,NaN,NaN,NaN,NaN,NaN,NaN,NaN,NaN,NaN,NaN,1,0,0,0,0,NaN,NaN,83.76705529629194,NaN,NaN,NaN,1.5981965214874634,1.2790484775,NaN,NaN,NaN,NaN,NaN,NaN,NaN,NaN,NaN,NaN,1
2024-06-13,1.2306510017662822,1.35,1.21,1.2650000000000001,1.2918537149872114,1.790842765603569,1.2650000000000001,0,0,572,728,0,0,0,0,NaN,NaN,84.21487629209577,NaN,NaN,NaN,1.5981965214874634,1.2790484775,NaN,NaN,NaN,NaN,NaN,NaN,NaN,NaN,NaN,NaN,1,0,0,0,0,NaN,NaN,84.21487629209577,NaN,NaN,NaN,1.5981965214874634,1.2790484775,NaN,NaN,NaN,NaN,NaN,NaN,NaN,NaN,NaN,NaN,1
2024-06-14,1.2478255008831411,1.29,1.2,1.2425000000000002,1.2828803122622638,1.7824711203271786,1.2425000000000002,0,0,572,729,0,0,0,0,NaN,NaN,84.70995163538197,NaN,NaN,NaN,1.5981965214874634,1.2790484775,NaN,NaN,NaN,NaN,NaN,NaN,NaN,NaN,NaN,NaN,1,0,0,0,0,NaN,NaN,84.70995163538197,NaN,NaN,NaN,1.5981965214874634,1.2790484775,NaN,NaN,NaN,NaN,NaN,NaN,NaN,NaN,NaN,NaN,1
2024-06-17,1.2451627504415708,1.2792,1.21,1.2473,1.276411164578216,1.7743005688718019,1.2473000000000003,0,0,572,730,0,0,0,0,NaN,NaN,85.45582008477962,NaN,NaN,NaN,1.5981965214874634,1.2790484775,NaN,NaN,NaN,NaN,NaN,NaN,NaN,NaN,NaN,NaN,1,0,0,0,0,NaN,NaN,85.45582008477962,NaN,NaN,NaN,1.5981965214874634,1.2790484775,NaN,NaN,NaN,NaN,NaN,NaN,NaN,NaN,NaN,NaN,1
2024-06-18,1.2462313752207854,1.29,1.21,1.2425,1.2702454982912676,1.7661814762172705,1.2425,0,0,572,731,0,0,0,0,NaN,NaN,86.1663630644218,NaN,NaN,NaN,1.5981965214874634,1.2790484775,NaN,NaN,NaN,NaN,NaN,NaN,NaN,NaN,NaN,NaN,1,0,0,0,0,NaN,NaN,86.1663630644218,NaN,NaN,NaN,1.5981965214874634,1.2790484775,NaN,NaN,NaN,NaN,NaN,NaN,NaN,NaN,NaN,NaN,1
2024-06-20,1.2443656876103928,1.27,1.2,1.235,1.2638372258746735,1.7580718353589915,1.235,0,0,572,732,0,0,0,0,NaN,NaN,86.20003843065344,NaN,NaN,NaN,1.5981965214874634,1.2790484775,NaN,NaN,NaN,NaN,NaN,NaN,NaN,NaN,NaN,NaN,1,0,0,0,0,NaN,NaN,86.20003843065344,NaN,NaN,NaN,1.5981965214874634,1.2790484775,NaN,NaN,NaN,NaN,NaN,NaN,NaN,NaN,NaN,NaN,1
2024-06-21,1.2396828438051966,1.24,1.17,1.2125,1.254503184806551,1.7497424943611444,1.2125,0,0,572,733,0,0,0,0,NaN,NaN,86.20104547229744,NaN,NaN,NaN,1.5981965214874634,1.2790484775,NaN,NaN,NaN,NaN,NaN,NaN,NaN,NaN,NaN,NaN,1,0,0,0,0,NaN,NaN,86.20104547229744,NaN,NaN,NaN,1.5981965214874634,1.2790484775,NaN,NaN,NaN,NaN,NaN,NaN,NaN,NaN,NaN,NaN,1
2024-06-24,1.2260914219025982,1.355,1.2,1.25875,1.2552753330235418,1.7422464257449437,1.25875,0,0,572,734,0,0,0,0,NaN,NaN,86.13848007981466,NaN,NaN,NaN,1.5981965214874634,1.2790484775,NaN,NaN,NaN,NaN,NaN,NaN,NaN,NaN,NaN,NaN,1,0,0,0,0,NaN,NaN,86.13848007981466,NaN,NaN,NaN,1.5981965214874634,1.2790484775,NaN,NaN,NaN,NaN,NaN,NaN,NaN,NaN,NaN,NaN,1
2024-06-25,1.2424207109512992,1.26,1.13,1.19625,1.2445434542919886,1.7339106024511277,1.19625,0,0,572,735,0,0,0,0,NaN,NaN,86.24315860446485,NaN,NaN,NaN,1.5981965214874634,1.2698903645250001,NaN,NaN,NaN,NaN,NaN,NaN,NaN,NaN,NaN,NaN,1,0,0,0,0,NaN,NaN,86.24315860446485,NaN,NaN,NaN,1.5981965214874634,1.2698903645250001,NaN,NaN,NaN,NaN,NaN,NaN,NaN,NaN,NaN,NaN,1
2024-06-26,1.2193353554756496,1.2193353554756496,1.12,1.14,1.225535553511627,1.7248432650091257,1.14,0,0,572,736,0,0,0,0,NaN,NaN,86.33230413797932,NaN,NaN,NaN,1.5981965214874634,1.229553520782,NaN,NaN,NaN,NaN,NaN,NaN,NaN,NaN,NaN,NaN,1,0,0,0,0,NaN,NaN,86.33230413797932,NaN,NaN,NaN,1.5981965214874634,1.229553520782,NaN,NaN,NaN,NaN,NaN,NaN,NaN,NaN,NaN,NaN,1
2024-06-27,1.1796676777378248,1.18,1.13,1.1524999999999999,1.2122563619640585,1.7161051998944825,1.1524999999999999,0,0,572,737,0,0,0,0,NaN,NaN,86.34672628072471,NaN,NaN,NaN,1.5981965214874634,1.229553520782,NaN,NaN,NaN,NaN,NaN,NaN,NaN,NaN,NaN,NaN,1,0,0,0,0,NaN,NaN,86.34672628072471,NaN,NaN,NaN,1.5981965214874634,1.229553520782,NaN,NaN,NaN,NaN,NaN,NaN,NaN,NaN,NaN,NaN,1
2024-06-28,1.1660838388689123,1.2596,1.13,1.1874,1.2077370234251388,1.7080333647815897,1.1874,0,0,572,738,0,0,0,0,NaN,NaN,86.34888596067874,NaN,NaN,NaN,1.5981965214874634,1.229553520782,NaN,NaN,NaN,NaN,NaN,NaN,NaN,NaN,NaN,NaN,1,0,0,0,0,NaN,NaN,86.34888596067874,NaN,NaN,NaN,1.5981965214874634,1.229553520782,NaN,NaN,NaN,NaN,NaN,NaN,NaN,NaN,NaN,NaN,1
2024-07-01,1.1767419194344562,1.18,1.13,1.1524999999999999,1.1976939282569317,1.6995519393650769,1.1524999999999999,0,0,572,739,0,0,0,0,NaN,NaN,86.44414662345477,NaN,NaN,NaN,1.5981965214874634,1.229553520782,NaN,NaN,NaN,NaN,NaN,NaN,NaN,NaN,NaN,NaN,1,0,0,0,0,NaN,NaN,86.44414662345477,NaN,NaN,NaN,1.5981965214874634,1.229553520782,NaN,NaN,NaN,NaN,NaN,NaN,NaN,NaN,NaN,NaN,1
2024-07-02,1.1646209597172281,1.165,1.12,1.13375,1.186067759482944,1.6909137418175184,1.13375,0,0,572,740,0,0,0,0,NaN,NaN,86.55459209727896,NaN,NaN,NaN,1.5981965214874634,1.2125267426647002,NaN,NaN,NaN,NaN,NaN,NaN,NaN,NaN,NaN,NaN,1,0,0,0,0,NaN,NaN,86.55459209727896,NaN,NaN,NaN,1.5981965214874634,1.2125267426647002,NaN,NaN,NaN,NaN,NaN,NaN,NaN,NaN,NaN,NaN,1
2024-07-03,1.149185479858614,1.16,1.12,1.1475,1.1790554395769541,1.6826173488126708,1.1475,0,0,572,741,0,0,0,0,NaN,NaN,87.08394804937026,NaN,NaN,NaN,1.5981965214874634,1.2125267426647002,NaN,NaN,NaN,NaN,NaN,NaN,NaN,NaN,NaN,NaN,1,0,0,0,0,NaN,NaN,87.08394804937026,NaN,NaN,NaN,1.5981965214874634,1.2125267426647002,NaN,NaN,NaN,NaN,NaN,NaN,NaN,NaN,NaN,NaN,1
2024-07-05,1.1483427399293071,1.155,1.12,1.13375,1.170818086926599,1.6742376946323247,1.13375,0,0,572,742,0,0,0,0,NaN,NaN,87.31206380879168,NaN,NaN,NaN,1.5981965214874634,1.2125267426647002,NaN,NaN,NaN,NaN,NaN,NaN,NaN,NaN,NaN,NaN,1,0,0,0,0,NaN,NaN,87.31206380879168,NaN,NaN,NaN,1.5981965214874634,1.2125267426647002,NaN,NaN,NaN,NaN,NaN,NaN,NaN,NaN,NaN,NaN,1
2024-07-08,1.1410463699646536,1.19,1.13,1.165,1.1697602529399447,1.6664630733402281,1.165,0,0,572,743,0,0,0,0,NaN,NaN,87.35000673602606,NaN,NaN,NaN,1.5981965214874634,1.2125267426647002,NaN,NaN,NaN,NaN,NaN,NaN,NaN,NaN,NaN,NaN,1,0,0,0,0,NaN,NaN,87.35000673602606,NaN,NaN,NaN,1.5981965214874634,1.2125267426647002,NaN,NaN,NaN,NaN,NaN,NaN,NaN,NaN,NaN,NaN,1
2024-07-09,1.153023184982327,1.21,1.12,1.1524999999999999,1.166622025132682,1.6586163088617514,1.1524999999999999,0,0,572,744,0,0,0,0,NaN,NaN,87.46167975841975,NaN,NaN,NaN,1.5981965214874634,1.2125267426647002,NaN,NaN,NaN,NaN,NaN,NaN,NaN,NaN,NaN,NaN,1,0,0,0,0,NaN,NaN,87.46167975841975,NaN,NaN,NaN,1.5981965214874634,1.2125267426647002,NaN,NaN,NaN,NaN,NaN,NaN,NaN,NaN,NaN,NaN,1
2024-07-10,1.1527615924911634,1.18,1.13,1.16,1.1654180205631035,1.6510038461310377,1.16,0,0,572,745,0,0,0,0,NaN,NaN,87.61105832336442,NaN,NaN,NaN,1.5981965214874634,1.2125267426647002,NaN,NaN,NaN,NaN,NaN,NaN,NaN,NaN,NaN,NaN,1,0,0,0,0,NaN,NaN,87.61105832336442,NaN,NaN,NaN,1.5981965214874634,1.2125267426647002,NaN,NaN,NaN,NaN,NaN,NaN,NaN,NaN,NaN,NaN,1
2024-07-11,1.1563807962455817,1.17,1.14,1.1549999999999998,1.1635238350061756,1.6434312683275103,1.1549999999999998,0,0,572,746,0,0,0,0,NaN,NaN,87.60789794639014,NaN,NaN,NaN,1.5981965214874634,1.2125267426647002,NaN,NaN,NaN,NaN,NaN,NaN,NaN,NaN,NaN,NaN,1,0,0,0,0,NaN,NaN,87.60789794639014,NaN,NaN,NaN,1.5981965214874634,1.2125267426647002,NaN,NaN,NaN,NaN,NaN,NaN,NaN,NaN,NaN,NaN,1
2024-07-12,1.1556903981227906,1.18,1.13,1.1575,1.16242859227778,1.6360124703377774,1.1575,0,0,572,747,0,0,0,0,NaN,NaN,87.5078599804569,NaN,NaN,NaN,1.5981965214874634,1.2125267426647002,NaN,NaN,NaN,NaN,NaN,NaN,NaN,NaN,NaN,NaN,1,0,0,0,0,NaN,NaN,87.5078599804569,NaN,NaN,NaN,1.5981965214874634,1.2125267426647002,NaN,NaN,NaN,NaN,NaN,NaN,NaN,NaN,NaN,NaN,1
2024-07-15,1.1565951990613952,1.19,1.13,1.1675,1.1633506664090927,1.628859608195216,1.1675,0,0,572,748,0,0,0,0,NaN,NaN,87.6762242271043,NaN,NaN,NaN,1.5981965214874634,1.2125267426647002,NaN,NaN,NaN,NaN,NaN,NaN,NaN,NaN,NaN,NaN,1,0,0,0,0,NaN,NaN,87.6762242271043,NaN,NaN,NaN,1.5981965214874634,1.2125267426647002,NaN,NaN,NaN,NaN,NaN,NaN,NaN,NaN,NaN,NaN,1
2024-07-16,1.1620475995306976,1.1620475995306976,1.14,1.1528,1.1614323634256214,1.621591522573915,1.1528,0,0,572,749,0,0,0,0,NaN,NaN,87.99247333557803,NaN,NaN,NaN,1.5981965214874634,1.2125267426647002,NaN,NaN,NaN,NaN,NaN,NaN,NaN,NaN,NaN,NaN,1,0,0,0,0,NaN,NaN,87.99247333557803,NaN,NaN,NaN,1.5981965214874634,1.2125267426647002,NaN,NaN,NaN,NaN,NaN,NaN,NaN,NaN,NaN,NaN,1
2024-07-17,1.1574237997653487,1.17,1.0968,1.1292,1.155571933711872,1.6140740947483592,1.1292,0,0,572,750,0,0,0,0,NaN,NaN,88.16828169975919,NaN,NaN,NaN,1.5981965214874634,1.1956624289850541,NaN,NaN,NaN,NaN,NaN,NaN,NaN,NaN,NaN,NaN,1,0,0,0,0,NaN,NaN,88.16828169975919,NaN,NaN,NaN,1.5981965214874634,1.1956624289850541,NaN,NaN,NaN,NaN,NaN,NaN,NaN,NaN,NaN,NaN,1
2024-07-18,1.1433118998826743,1.15,1.11,1.13,1.1509224912188043,1.6066836505537276,1.13,0,0,572,751,0,0,0,0,NaN,NaN,88.32083962779619,NaN,NaN,NaN,1.5981965214874634,1.1956624289850541,NaN,NaN,NaN,NaN,NaN,NaN,NaN,NaN,NaN,NaN,1,0,0,0,0,NaN,NaN,88.32083962779619,NaN,NaN,NaN,1.5981965214874634,1.1956624289850541,NaN,NaN,NaN,NaN,NaN,NaN,NaN,NaN,NaN,NaN,1
2024-07-19,1.1366559499413371,1.15,1.12,1.1325,1.1475729473608398,1.5994442055071059,1.1325,0,0,572,752,0,0,0,0,NaN,NaN,88.91813843126404,NaN,NaN,NaN,1.5981965214874634,1.1956624289850541,NaN,NaN,NaN,NaN,NaN,NaN,NaN,NaN,NaN,NaN,1,0,0,0,0,NaN,NaN,88.91813843126404,NaN,NaN,NaN,1.5981965214874634,1.1956624289850541,NaN,NaN,NaN,NaN,NaN,NaN,NaN,NaN,NaN,NaN,1
2024-07-22,1.1345779749706686,1.15,1.11,1.1349999999999998,1.1452869569315962,1.5923534542779898,1.1349999999999998,0,0,572,753,0,0,0,0,NaN,NaN,89.04544023357744,NaN,NaN,NaN,1.5981965214874634,1.1956624289850541,NaN,NaN,NaN,NaN,NaN,NaN,NaN,NaN,NaN,NaN,1,0,0,0,0,NaN,NaN,89.04544023357744,NaN,NaN,NaN,1.5981965214874634,1.1956624289850541,NaN,NaN,NaN,NaN,NaN,NaN,NaN,NaN,NaN,NaN,1
2024-07-23,1.1347889874853343,1.185,1.1304,1.1513499999999999,1.1463893283985787,1.5856205771134404,1.1513499999999999,0,0,572,754,0,0,0,0,NaN,NaN,89.07063756995463,NaN,NaN,NaN,1.5981965214874634,1.1956624289850541,NaN,NaN,NaN,NaN,NaN,NaN,NaN,NaN,NaN,NaN,1,0,0,0,0,NaN,NaN,89.07063756995463,NaN,NaN,NaN,1.5981965214874634,1.1956624289850541,NaN,NaN,NaN,NaN,NaN,NaN,NaN,NaN,NaN,NaN,1
2024-07-24,1.143069493742667,1.15,1.11,1.1325,1.1438639959624735,1.5787027057071283,1.1325,0,0,572,755,0,0,0,0,NaN,NaN,89.5934487635925,NaN,NaN,NaN,1.5981965214874634,1.1956624289850541,NaN,NaN,NaN,NaN,NaN,NaN,NaN,NaN,NaN,NaN,1,0,0,0,0,NaN,NaN,89.5934487635925,NaN,NaN,NaN,1.5981965214874634,1.1956624289850541,NaN,NaN,NaN,NaN,NaN,NaN,NaN,NaN,NaN,NaN,1
2024-07-25,1.1377847468713336,1.17,1.11,1.1425,1.143615996696569,1.5720431224138898,1.1425,0,0,572,756,0,0,0,0,NaN,NaN,89.56462518958526,NaN,NaN,NaN,1.5981965214874634,1.1956624289850541,NaN,NaN,NaN,NaN,NaN,NaN,NaN,NaN,NaN,NaN,1,0,0,0,0,NaN,NaN,89.56462518958526,NaN,NaN,NaN,1.5981965214874634,1.1956624289850541,NaN,NaN,NaN,NaN,NaN,NaN,NaN,NaN,NaN,NaN,1
2024-07-26,1.1401423734356668,1.17,1.13,1.15,1.14477672456992,1.5655997159648227,1.15,0,0,572,757,0,0,0,0,NaN,NaN,89.40540458079174,NaN,NaN,NaN,1.5981965214874634,1.1956624289850541,NaN,NaN,NaN,NaN,NaN,NaN,NaN,NaN,NaN,NaN,1,0,0,0,0,NaN,NaN,89.40540458079174,NaN,NaN,NaN,1.5981965214874634,1.1956624289850541,NaN,NaN,NaN,NaN,NaN,NaN,NaN,NaN,NaN,NaN,1
2024-07-29,1.1450711867178334,1.16,1.07,1.1175,1.1398173201026618,1.5587584989271919,1.1175,0,0,572,758,0,0,0,0,NaN,NaN,89.46163683068285,NaN,NaN,NaN,1.5981965214874634,1.1746268188981928,NaN,NaN,NaN,NaN,NaN,NaN,NaN,NaN,NaN,NaN,1,0,0,0,0,NaN,NaN,89.46163683068285,NaN,NaN,NaN,1.5981965214874634,1.1746268188981928,NaN,NaN,NaN,NaN,NaN,NaN,NaN,NaN,NaN,NaN,1
2024-07-30,1.1312855933589168,1.1312855933589168,1.08,1.109975,1.1343914437203597,1.551906842455021,1.109975,0,0,572,759,0,0,0,0,NaN,NaN,89.7220800057162,NaN,NaN,NaN,1.5981965214874634,1.1562508823626265,NaN,NaN,NaN,NaN,NaN,NaN,NaN,NaN,NaN,NaN,1,0,0,0,0,NaN,NaN,89.7220800057162,NaN,NaN,NaN,1.5981965214874634,1.1562508823626265,NaN,NaN,NaN,NaN,NaN,NaN,NaN,NaN,NaN,NaN,1
2024-07-31,1.1206302966794583,1.16,1.12,1.1375,1.1349566357712033,1.545580020432807,1.1375,0,0,572,760,0,0,0,0,NaN,NaN,89.40638026416882,NaN,NaN,NaN,1.5981965214874634,1.1562508823626265,NaN,NaN,NaN,NaN,NaN,NaN,NaN,NaN,NaN,NaN,1,0,0,0,0,NaN,NaN,89.40638026416882,NaN,NaN,NaN,1.5981965214874634,1.1562508823626265,NaN,NaN,NaN,NaN,NaN,NaN,NaN,NaN,NaN,NaN,1
2024-08-01,1.1290651483397292,1.15,1.09,1.1225,1.132691792903712,1.5391207834796343,1.1225,0,0,572,761,0,0,0,0,NaN,NaN,89.19241410576726,NaN,NaN,NaN,1.5981965214874634,1.1562508823626265,NaN,NaN,NaN,NaN,NaN,NaN,NaN,NaN,NaN,NaN,1,0,0,0,0,NaN,NaN,89.19241410576726,NaN,NaN,NaN,1.5981965214874634,1.1562508823626265,NaN,NaN,NaN,NaN,NaN,NaN,NaN,NaN,NaN,NaN,1
2024-08-02,1.1257825741698646,1.1257825741698646,1.01,1.057,1.1189296487394007,1.5317601608310902,1.057,0,0,572,762,0,0,0,0,NaN,NaN,89.2722116493218,NaN,NaN,NaN,1.5981965214874634,1.1101172691247174,NaN,NaN,NaN,NaN,NaN,NaN,NaN,NaN,NaN,NaN,1,0,0,0,0,NaN,NaN,89.2722116493218,NaN,NaN,NaN,1.5981965214874634,1.1101172691247174,NaN,NaN,NaN,NaN,NaN,NaN,NaN,NaN,NaN,NaN,1
2024-08-05,1.0913912870849323,1.0913912870849323,0.9687,1.004675,1.0981560762413278,1.5237130591390124,1.004675,0,0,572,763,0,0,0,0,NaN,NaN,89.44688934050554,NaN,NaN,NaN,1.5981965214874634,1.060170838387302,NaN,NaN,NaN,NaN,NaN,NaN,NaN,NaN,NaN,NaN,1,0,0,0,0,NaN,NaN,89.44688934050554,NaN,NaN,NaN,1.5981965214874634,1.060170838387302,NaN,NaN,NaN,NaN,NaN,NaN,NaN,NaN,NaN,NaN,1
2024-08-06,1.0480331435424661,1.0480331435424661,0.98,0.9995,1.0802186078338136,1.51570980632773,0.9995,0,0,572,764,0,0,0,0,NaN,NaN,89.41080304119392,NaN,NaN,NaN,1.5981965214874634,1.0384158367194924,NaN,NaN,NaN,NaN,NaN,NaN,NaN,NaN,NaN,NaN,1,0,0,0,0,NaN,NaN,89.41080304119392,NaN,NaN,NaN,1.5981965214874634,1.0384158367194924,NaN,NaN,NaN,NaN,NaN,NaN,NaN,NaN,NaN,NaN,1
2024-08-07,1.0237665717712332,1.03,0.99,1.0025,1.0660879518640294,1.5078745421089859,1.0025,0,0,572,765,0,0,0,0,NaN,NaN,89.32644024315023,NaN,NaN,NaN,1.5981965214874634,1.0384158367194924,NaN,NaN,NaN,NaN,NaN,NaN,NaN,NaN,NaN,NaN,1,0,0,0,0,NaN,NaN,89.32644024315023,NaN,NaN,NaN,1.5981965214874634,1.0384158367194924,NaN,NaN,NaN,NaN,NaN,NaN,NaN,NaN,NaN,NaN,1
2024-08-08,1.0131332858856166,1.05,1,1.0175,1.0572537787978422,1.5003879078783142,1.0175,0,0,572,766,0,0,0,0,NaN,NaN,89.21631969402257,NaN,NaN,NaN,1.5517420908909516,1.0384158367194924,NaN,NaN,NaN,NaN,NaN,NaN,NaN,NaN,NaN,NaN,1,0,0,0,0,NaN,NaN,89.21631969402257,NaN,NaN,NaN,1.5517420908909516,1.0384158367194924,NaN,NaN,NaN,NaN,NaN,NaN,NaN,NaN,NaN,NaN,1
2024-08-09,1.0153166429428082,1.08,1,1.0525,1.0563894553800528,1.4935499245519277,1.0525,0,0,572,767,0,0,0,0,NaN,NaN,88.80872262484532,NaN,NaN,NaN,1.3772705126264018,1.0384158367194924,NaN,NaN,NaN,NaN,NaN,NaN,NaN,NaN,NaN,NaN,1,0,0,0,0,NaN,NaN,88.80872262484532,NaN,NaN,NaN,1.3772705126264018,1.0384158367194924,NaN,NaN,NaN,NaN,NaN,NaN,NaN,NaN,NaN,NaN,1
2024-08-12,1.033908321471404,1.033908321471404,0.7304,0.837175,1.0165322816745888,1.4835289333373944,0.837175,0,1,572,768,0,0,0,0,NaN,NaN,88.69197018146777,NaN,NaN,NaN,1.1631400350632701,0.9140251355004751,NaN,NaN,NaN,NaN,NaN,NaN,NaN,NaN,NaN,NaN,1,0,0,0,0,NaN,NaN,88.69197018146777,NaN,NaN,NaN,1.1631400350632701,0.9140251355004751,NaN,NaN,NaN,NaN,NaN,NaN,NaN,NaN,NaN,NaN,1
2024-08-13,0.935541660735702,0.935541660735702,0.7414,0.75585,0.9691355031882999,1.472419331301709,0.75585,0,0,572,769,0,0,0,0,NaN,NaN,88.31683281934149,NaN,NaN,NaN,1.0818839494193906,0.8275327076552899,NaN,NaN,NaN,NaN,NaN,NaN,NaN,NaN,NaN,NaN,1,0,0,0,0,NaN,NaN,88.31683281934149,NaN,NaN,NaN,1.0818839494193906,0.8275327076552899,NaN,NaN,NaN,NaN,NaN,NaN,NaN,NaN,NaN,NaN,1
2024-08-14,0.845695830367851,0.845695830367851,0.72,0.73375,0.9263381389722454,1.4611419369306906,0.73375,0,0,572,770,0,0,0,0,NaN,NaN,87.80924145827778,NaN,NaN,NaN,1.0592536181880126,0.7817349704400682,NaN,NaN,NaN,NaN,NaN,NaN,NaN,NaN,NaN,NaN,1,0,0,0,0,NaN,NaN,87.80924145827778,NaN,NaN,NaN,1.0592536181880126,0.7817349704400682,NaN,NaN,NaN,NaN,NaN,NaN,NaN,NaN,NaN,NaN,1
2024-08-15,0.7897229151839256,0.918,0.72,0.818725,0.9067721137045645,1.45133404476381,0.818725,0,0,572,771,0,0,0,0,NaN,NaN,87.76949587835196,NaN,NaN,NaN,1.0592536181880126,0.7817349704400682,NaN,NaN,NaN,NaN,NaN,NaN,NaN,NaN,NaN,NaN,1,0,0,0,0,NaN,NaN,87.76949587835196,NaN,NaN,NaN,1.0592536181880126,0.7817349704400682,NaN,NaN,NaN,NaN,NaN,NaN,NaN,NaN,NaN,NaN,1