time,open,high,low,close,EMA10,EMA130,VWAP,Bull_window,Bear_window,Plot,Plot,Bullish,Bullish+,Bearish,Bearish+,Bullish Exit,Bearish Exit,Trend Strength,Take Profit,Stop Loss,Bar Color Value,Trend Tracer,Trend Catcher,Smart Trail,Smart Trail Extremity,RZ R3 Band,RZ R2 Band,RZ R1 Band,RZ S1 Band,RZ S2 Band,RZ S3 Band,Neo Lead,Neo Lag,Custom Alert Condition Highlighter,Bullish,Bullish+,Bearish,Bearish+,Bullish Exit,Bearish Exit,Trend Strength,Take Profit,Stop Loss,Bar Color Value,Trend Tracer,Trend Catcher,Smart Trail,Smart Trail Extremity,RZ R3 Band,RZ R2 Band,RZ R1 Band,RZ S1 Band,RZ S2 Band,RZ S3 Band,Neo Lead,Neo Lag,Custom Alert Condition Highlighter
2022-09-13,12.025852936044412,12.025852936044412,10.8,11.32,11.573533246513504,15.508279448437662,11.32,0,0,217,466,0,0,0,0,NaN,NaN,0.9647921339915133,NaN,NaN,NaN,14.981123511701975,11.571000000000002,NaN,NaN,NaN,NaN,NaN,NaN,NaN,NaN,NaN,NaN,1,0,0,0,0,NaN,NaN,0.9647921339915133,NaN,NaN,NaN,14.981123511701975,11.571000000000002,NaN,NaN,NaN,NaN,NaN,NaN,NaN,NaN,NaN,NaN,1
2022-09-14,11.672926468022206,11.672926468022206,10.4,10.72,11.418345383511049,15.43517594540808,10.72,0,0,217,467,0,0,0,0,NaN,NaN,0.8421120484432254,NaN,NaN,NaN,14.981123511701975,11.571000000000002,NaN,NaN,NaN,NaN,NaN,NaN,NaN,NaN,NaN,NaN,1,0,0,0,0,NaN,NaN,0.8421120484432254,NaN,NaN,NaN,14.981123511701975,11.571000000000002,NaN,NaN,NaN,NaN,NaN,NaN,NaN,NaN,NaN,NaN,1
2022-09-15,11.196463234011103,11.196463234011103,9.2,10.120000000000001,11.182282586509041,15.354028221050704,10.120000000000001,0,0,217,468,0,0,0,0,NaN,NaN,0.5683785644583768,NaN,NaN,NaN,14.981123511701975,11.571000000000002,NaN,NaN,NaN,NaN,NaN,NaN,NaN,NaN,NaN,NaN,1,0,0,0,0,NaN,NaN,0.5683785644583768,NaN,NaN,NaN,14.981123511701975,11.571000000000002,NaN,NaN,NaN,NaN,NaN,NaN,NaN,NaN,NaN,NaN,1
2022-09-16,10.658231617005551,10.658231617005551,9.12,9.739999999999998,10.920049388961942,15.268317866530847,9.739999999999998,0,0,217,469,0,0,0,0,NaN,NaN,0.35953837968023966,NaN,NaN,NaN,14.981123511701975,11.427799999999998,NaN,NaN,NaN,NaN,NaN,NaN,NaN,NaN,NaN,NaN,1,0,0,0,0,NaN,NaN,0.35953837968023966,NaN,NaN,NaN,14.981123511701975,11.427799999999998,NaN,NaN,NaN,NaN,NaN,NaN,NaN,NaN,NaN,NaN,1
2022-09-19,10.199115808502775,10.199115808502775,9.2,9.718,10.701494954605225,15.183580189179231,9.718,0,0,217,470,0,0,0,0,NaN,NaN,0.031995917723822,NaN,NaN,NaN,14.981123511701975,11.365835999999998,NaN,NaN,NaN,NaN,NaN,NaN,NaN,NaN,NaN,NaN,1,0,0,0,0,NaN,NaN,0.031995917723822,NaN,NaN,NaN,14.981123511701975,11.365835999999998,NaN,NaN,NaN,NaN,NaN,NaN,NaN,NaN,NaN,NaN,1
2022-09-20,9.958557904251387,9.958557904251387,9.212,9.543,10.490859508313367,15.09746446110016,9.543,0,0,217,471,0,0,0,0,NaN,NaN,0.006361287794176038,NaN,NaN,NaN,14.981123511701975,11.174215839999999,NaN,NaN,NaN,NaN,NaN,NaN,NaN,NaN,NaN,NaN,1,0,0,0,0,NaN,NaN,0.006361287794176038,NaN,NaN,NaN,14.981123511701975,11.174215839999999,NaN,NaN,NaN,NaN,NaN,NaN,NaN,NaN,NaN,NaN,1
2022-09-21,9.750778952125692,9.750778952125692,9.04,9.299999999999999,10.274339597710936,15.008953553297104,9.299999999999999,0,0,217,472,0,0,0,0,NaN,NaN,0.10818810680241156,NaN,NaN,NaN,14.981123511701975,10.894971414399999,NaN,NaN,NaN,NaN,NaN,NaN,NaN,NaN,NaN,NaN,1,0,0,0,0,NaN,NaN,0.10818810680241156,NaN,NaN,NaN,14.981123511701975,10.894971414399999,NaN,NaN,NaN,NaN,NaN,NaN,NaN,NaN,NaN,NaN,1
2022-09-22,9.525389476062845,9.525389476062845,8.88,9.08,10.057186943581675,14.918435178437607,9.079999999999998,0,0,217,473,0,0,0,0,NaN,NaN,0.11370603368233535,NaN,NaN,NaN,14.981123511701975,10.580374844672,NaN,NaN,NaN,NaN,NaN,NaN,NaN,NaN,NaN,NaN,1,0,0,0,0,NaN,NaN,0.11370603368233535,NaN,NaN,NaN,14.981123511701975,10.580374844672,NaN,NaN,NaN,NaN,NaN,NaN,NaN,NaN,NaN,NaN,1
2022-09-23,9.302694738031423,9.302694738031423,8.32,8.72,9.814062044748644,14.82380258029352,8.72,0,0,217,474,0,0,0,0,NaN,NaN,0.0046548515381300126,NaN,NaN,NaN,14.981123511701975,10.1483186179712,NaN,NaN,NaN,NaN,NaN,NaN,NaN,NaN,NaN,NaN,1,0,0,0,0,NaN,NaN,0.0046548515381300126,NaN,NaN,NaN,14.981123511701975,10.1483186179712,NaN,NaN,NaN,NaN,NaN,NaN,NaN,NaN,NaN,NaN,1
2022-09-26,9.011347369015713,9.52,8.64,9,9.666050763885254,14.73488956380049,9,0,0,217,475,0,0,0,0,NaN,NaN,0.12617242880587218,NaN,NaN,NaN,14.981123511701975,10.1483186179712,NaN,NaN,NaN,NaN,NaN,NaN,NaN,NaN,NaN,NaN,1,0,0,0,0,NaN,NaN,0.12617242880587218,NaN,NaN,NaN,14.981123511701975,10.1483186179712,NaN,NaN,NaN,NaN,NaN,NaN,NaN,NaN,NaN,NaN,1
2022-09-27,9.005673684507856,9.76,8.88,9.34,9.606768806815207,14.652524837635596,9.34,0,0,217,476,0,0,0,0,NaN,NaN,0.4057292167452832,NaN,NaN,NaN,14.981123511701975,10.1483186179712,NaN,NaN,NaN,NaN,NaN,NaN,NaN,NaN,NaN,NaN,1,0,0,0,0,NaN,NaN,0.4057292167452832,NaN,NaN,NaN,14.981123511701975,10.1483186179712,NaN,NaN,NaN,NaN,NaN,NaN,NaN,NaN,NaN,NaN,1
2022-09-28,9.172836842253929,9.84,8.96,9.36,9.561901751030623,14.571722931717495,9.36,0,0,217,477,0,0,0,0,NaN,NaN,0.5257869931669702,NaN,NaN,NaN,14.981123511701975,10.1483186179712,NaN,NaN,NaN,NaN,NaN,NaN,NaN,NaN,NaN,NaN,1,0,0,0,0,NaN,NaN,0.5257869931669702,NaN,NaN,NaN,14.981123511701975,10.1483186179712,NaN,NaN,NaN,NaN,NaN,NaN,NaN,NaN,NaN,NaN,1
2022-09-29,9.266418421126964,9.28,8.8,9.08,9.474283250843238,14.487879833523335,9.08,0,0,217,478,0,0,0,0,NaN,NaN,0.7865317993224371,NaN,NaN,NaN,14.981123511701975,10.1483186179712,NaN,NaN,NaN,NaN,NaN,NaN,NaN,NaN,NaN,NaN,1,0,0,0,0,NaN,NaN,0.7865317993224371,NaN,NaN,NaN,14.981123511701975,10.1483186179712,NaN,NaN,NaN,NaN,NaN,NaN,NaN,NaN,NaN,NaN,1
2022-09-30,9.173209210563481,9.28,8.64,8.9,9.369868114326286,14.402568691026795,8.9,0,0,217,479,0,0,0,0,NaN,NaN,1.2168664892634218,NaN,NaN,NaN,14.981123511701975,10.1483186179712,NaN,NaN,NaN,NaN,NaN,NaN,NaN,NaN,NaN,NaN,1,0,0,0,0,NaN,NaN,1.2168664892634218,NaN,NaN,NaN,14.981123511701975,10.1483186179712,NaN,NaN,NaN,NaN,NaN,NaN,NaN,NaN,NaN,NaN,1
2022-10-03,9.036604605281742,9.036604605281742,8.24,8.720000000000002,9.25171027535787,14.315811917117989,8.720000000000002,0,0,217,480,0,0,0,0,NaN,NaN,1.7066172989556927,NaN,NaN,NaN,14.981123511701975,10.1483186179712,NaN,NaN,NaN,NaN,NaN,NaN,NaN,NaN,NaN,NaN,1,0,0,0,0,NaN,NaN,1.7066172989556927,NaN,NaN,NaN,14.981123511701975,10.1483186179712,NaN,NaN,NaN,NaN,NaN,NaN,NaN,NaN,NaN,NaN,1
2022-10-04,8.878302302640872,9.32,8.8584,9.1046,9.22496295256553,14.236251429833745,9.1046,0,0,217,481,0,0,0,0,NaN,NaN,2.280196418797229,NaN,NaN,NaN,14.981123511701975,10.1483186179712,NaN,NaN,NaN,NaN,NaN,NaN,NaN,NaN,NaN,NaN,1,0,0,0,0,NaN,NaN,2.280196418797229,NaN,NaN,NaN,14.981123511701975,10.1483186179712,NaN,NaN,NaN,NaN,NaN,NaN,NaN,NaN,NaN,NaN,1
2022-10-05,8.991451151320437,9.3464,8.68,9.0666,9.196169688462707,14.157325453805749,9.0666,0,0,217,482,0,0,0,0,NaN,NaN,2.7310759640677795,NaN,NaN,NaN,14.981123511701975,10.1483186179712,NaN,NaN,NaN,NaN,NaN,NaN,NaN,NaN,NaN,NaN,1,0,0,0,0,NaN,NaN,2.7310759640677795,NaN,NaN,NaN,14.981123511701975,10.1483186179712,NaN,NaN,NaN,NaN,NaN,NaN,NaN,NaN,NaN,NaN,1
2022-10-06,9.029025575660217,9.04,8.72,8.9,9.14232065419676,14.077060943060623,8.9,0,0,217,483,0,0,0,0,NaN,NaN,3.3828012017572657,NaN,NaN,NaN,14.981123511701975,10.1483186179712,NaN,NaN,NaN,NaN,NaN,NaN,NaN,NaN,NaN,NaN,1,0,0,0,0,NaN,NaN,3.3828012017572657,NaN,NaN,NaN,14.981123511701975,10.1483186179712,NaN,NaN,NaN,NaN,NaN,NaN,NaN,NaN,NaN,NaN,1
2022-10-07,8.96451278783011,8.96451278783011,8.48,8.68,9.058262353433713,13.99466306606733,8.68,0,0,217,484,0,0,0,0,NaN,NaN,4.7169848608562255,NaN,NaN,NaN,14.981123511701975,9.867621266736384,NaN,NaN,NaN,NaN,NaN,NaN,NaN,NaN,NaN,NaN,1,0,0,0,0,NaN,NaN,4.7169848608562255,NaN,NaN,NaN,14.981123511701975,9.867621266736384,NaN,NaN,NaN,NaN,NaN,NaN,NaN,NaN,NaN,NaN,1
2022-10-10,8.822256393915055,8.822256393915055,8.16,8.4,8.938578289173039,13.909248362768592,8.4,0,0,217,485,0,0,0,0,NaN,NaN,6.8885892183882715,NaN,NaN,NaN,14.981123511701975,9.448820800721744,NaN,NaN,NaN,NaN,NaN,NaN,NaN,NaN,NaN,NaN,1,0,0,0,0,NaN,NaN,6.8885892183882715,NaN,NaN,NaN,14.981123511701975,9.448820800721744,NaN,NaN,NaN,NaN,NaN,NaN,NaN,NaN,NaN,NaN,1
2022-10-11,8.611128196957527,8.611128196957527,7.8936,8.273399999999999,8.817636782050668,13.82320487631411,8.273399999999999,0,0,217,486,0,0,0,0,NaN,NaN,10.231614262598693,NaN,NaN,NaN,14.981123511701975,9.118611808548525,NaN,NaN,NaN,NaN,NaN,NaN,NaN,NaN,NaN,NaN,1,0,0,0,0,NaN,NaN,10.231614262598693,NaN,NaN,NaN,14.981123511701975,9.118611808548525,NaN,NaN,NaN,NaN,NaN,NaN,NaN,NaN,NaN,NaN,1
2022-10-12,8.442264098478763,8.442264098478763,8,8.16,8.698066458041456,13.736743733164277,8.16,0,0,217,487,0,0,0,0,NaN,NaN,14.625375490127377,NaN,NaN,NaN,14.981123511701975,8.818395620240423,NaN,NaN,NaN,NaN,NaN,NaN,NaN,NaN,NaN,NaN,1,0,0,0,0,NaN,NaN,14.625375490127377,NaN,NaN,NaN,14.981123511701975,8.818395620240423,NaN,NaN,NaN,NaN,NaN,NaN,NaN,NaN,NaN,NaN,1
2022-10-13,8.301132049239381,8.8,7.6992,8.2848,8.622927102033918,13.653507950978563,8.2848,0,0,217,488,0,0,0,0,NaN,NaN,18.888287908301802,NaN,NaN,NaN,14.981123511701975,8.818395620240423,NaN,NaN,NaN,NaN,NaN,NaN,NaN,NaN,NaN,NaN,1,0,0,0,0,NaN,NaN,18.888287908301802,NaN,NaN,NaN,14.981123511701975,8.818395620240423,NaN,NaN,NaN,NaN,NaN,NaN,NaN,NaN,NaN,NaN,1
2022-10-14,8.292966024619691,9.04,8.292966024619691,8.76,8.64784944711866,13.578797905925455,8.76,0,0,217,489,0,0,0,0,NaN,NaN,22.30866718302501,NaN,NaN,NaN,14.981123511701975,8.818395620240423,NaN,NaN,NaN,NaN,NaN,NaN,NaN,NaN,NaN,NaN,1,0,0,0,0,NaN,NaN,22.30866718302501,NaN,NaN,NaN,14.981123511701975,8.818395620240423,NaN,NaN,NaN,NaN,NaN,NaN,NaN,NaN,NaN,NaN,1
2022-10-17,8.526483012309846,9.76,8.526483012309846,9.36,8.777331365824358,13.514388777590716,9.36,0,0,217,490,0,0,0,0,NaN,NaN,24.97544984702791,NaN,NaN,NaN,14.981123511701975,8.818395620240423,NaN,NaN,NaN,NaN,NaN,NaN,NaN,NaN,NaN,NaN,1,0,0,0,0,NaN,NaN,24.97544984702791,NaN,NaN,NaN,14.981123511701975,8.818395620240423,NaN,NaN,NaN,NaN,NaN,NaN,NaN,NaN,NaN,NaN,1
2022-10-18,8.943241506154923,9.92,8.8,9.34,8.879634753856292,13.450657651215284,9.34,0,0,217,491,0,0,0,0,NaN,NaN,27.507430170632517,NaN,NaN,NaN,14.981123511701975,8.818395620240423,NaN,NaN,NaN,NaN,NaN,NaN,NaN,NaN,NaN,NaN,1,0,0,0,0,NaN,NaN,27.507430170632517,NaN,NaN,NaN,14.981123511701975,8.818395620240423,NaN,NaN,NaN,NaN,NaN,NaN,NaN,NaN,NaN,NaN,1
2022-10-19,9.141620753077461,9.141620753077461,8.56,8.84,8.87242843497333,13.380265931349403,8.84,0,0,217,492,0,0,0,0,NaN,NaN,30.515406025898955,NaN,NaN,NaN,14.981123511701975,8.818395620240423,NaN,NaN,NaN,NaN,NaN,NaN,NaN,NaN,NaN,NaN,1,0,0,0,0,NaN,NaN,30.515406025898955,NaN,NaN,NaN,14.981123511701975,8.818395620240423,NaN,NaN,NaN,NaN,NaN,NaN,NaN,NaN,NaN,NaN,1
2022-10-20,8.99081037653873,9.76,8.72,9.18,8.928350537705452,13.31613973392422,9.18,0,0,217,493,0,0,0,0,NaN,NaN,34.25485458837389,NaN,NaN,NaN,14.981123511701975,8.818395620240423,NaN,NaN,NaN,NaN,NaN,NaN,NaN,NaN,NaN,NaN,1,0,0,0,0,NaN,NaN,34.25485458837389,NaN,NaN,NaN,14.981123511701975,8.818395620240423,NaN,NaN,NaN,NaN,NaN,NaN,NaN,NaN,NaN,NaN,1
2022-10-21,9.085405188269366,10.16,9.085405188269366,9.68,9.065014076304461,13.260626150200187,9.68,0,0,217,494,0,0,0,0,NaN,NaN,37.639976966534704,NaN,NaN,NaN,14.1173555347148,9.148,NaN,NaN,NaN,NaN,NaN,NaN,NaN,NaN,NaN,NaN,1,0,0,0,0,NaN,NaN,37.639976966534704,NaN,NaN,NaN,14.1173555347148,9.148,NaN,NaN,NaN,NaN,NaN,NaN,NaN,NaN,NaN,NaN,1
2022-10-24,9.382702594134683,9.76,9.12,9.559999999999999,9.155011516976376,13.204128041036824,9.559999999999999,0,0,217,495,0,0,0,0,NaN,NaN,41.244147232811315,NaN,NaN,NaN,13.417579359050002,9.148,NaN,NaN,NaN,NaN,NaN,NaN,NaN,NaN,NaN,NaN,1,0,0,0,0,NaN,NaN,41.244147232811315,NaN,NaN,NaN,13.417579359050002,9.148,NaN,NaN,NaN,NaN,NaN,NaN,NaN,NaN,NaN,NaN,1
2022-10-25,9.47135129706734,10.44,9.47135129706734,10.11,9.328645786617034,13.15688944499046,10.11,0,0,217,496,0,0,0,0,NaN,NaN,44.435996653567415,NaN,NaN,NaN,13.417579359050002,9.38541,NaN,NaN,NaN,NaN,NaN,NaN,NaN,NaN,NaN,NaN,1,0,0,0,0,NaN,NaN,44.435996653567415,NaN,NaN,NaN,13.417579359050002,9.38541,NaN,NaN,NaN,NaN,NaN,NaN,NaN,NaN,NaN,NaN,1
2022-10-26,9.79067564853367,10.48,9.79067564853367,10.06,9.461619279959391,13.109608690105109,10.06,0,0,217,497,0,0,0,0,NaN,NaN,47.99539262872019,NaN,NaN,NaN,13.417579359050002,9.38541,NaN,NaN,NaN,NaN,NaN,NaN,NaN,NaN,NaN,NaN,1,0,0,0,0,NaN,NaN,47.99539262872019,NaN,NaN,NaN,13.417579359050002,9.38541,NaN,NaN,NaN,NaN,NaN,NaN,NaN,NaN,NaN,NaN,1
2022-10-27,9.925337824266835,10.84,9.84,10.25,9.604961229057684,13.065950542164574,10.25,0,0,217,498,0,0,0,0,NaN,NaN,51.345023506486676,NaN,NaN,NaN,13.417579359050002,9.5030854,NaN,NaN,NaN,NaN,NaN,NaN,NaN,NaN,NaN,NaN,1,0,0,0,0,NaN,NaN,51.345023506486676,NaN,NaN,NaN,13.417579359050002,9.5030854,NaN,NaN,NaN,NaN,NaN,NaN,NaN,NaN,NaN,NaN,1
2022-10-28,10.087668912133417,11.5536,10.087668912133417,10.8884,9.838313732865378,13.032705495719313,10.8884,0,0,217,499,0,0,0,0,NaN,NaN,51.97195118107607,NaN,NaN,NaN,13.417579359050002,9.918235714000001,NaN,NaN,NaN,NaN,NaN,NaN,NaN,NaN,NaN,NaN,1,0,0,0,0,NaN,NaN,51.97195118107607,NaN,NaN,NaN,13.417579359050002,9.918235714000001,NaN,NaN,NaN,NaN,NaN,NaN,NaN,NaN,NaN,NaN,1
2022-10-31,10.488034456066709,11.64,10.488034456066709,11.41,10.124074872344401,13.007931366013674,11.41,0,0,217,500,0,0,0,0,NaN,NaN,49.372547489651055,NaN,NaN,NaN,13.417579359050002,10.326751428320001,NaN,NaN,NaN,NaN,NaN,NaN,NaN,NaN,NaN,NaN,1,0,0,0,0,NaN,NaN,49.372547489651055,NaN,NaN,NaN,13.417579359050002,10.326751428320001,NaN,NaN,NaN,NaN,NaN,NaN,NaN,NaN,NaN,NaN,1
2022-11-01,10.949017228033355,11.92,10.949017228033355,11.7,10.410606713736328,12.987962948211939,11.7,0,0,217,501,0,0,0,0,NaN,NaN,45.456644703418895,NaN,NaN,NaN,13.417579359050002,10.655988714072,NaN,NaN,NaN,NaN,NaN,NaN,NaN,NaN,NaN,NaN,1,0,0,0,0,NaN,NaN,45.456644703418895,NaN,NaN,NaN,13.417579359050002,10.655988714072,NaN,NaN,NaN,NaN,NaN,NaN,NaN,NaN,NaN,NaN,1
2022-11-02,11.324508614016677,11.92,10.56,11.22,10.557769129420633,12.96097114747588,11.22,0,0,217,502,0,0,0,0,NaN,NaN,44.06070633894152,NaN,NaN,NaN,13.417579359050002,10.655988714072,NaN,NaN,NaN,NaN,NaN,NaN,NaN,NaN,NaN,NaN,1,0,0,0,0,NaN,NaN,44.06070633894152,NaN,NaN,NaN,13.417579359050002,10.655988714072,NaN,NaN,NaN,NaN,NaN,NaN,NaN,NaN,NaN,NaN,1
2022-11-03,11.272254307008339,11.272254307008339,10.56,10.720000000000002,10.587265651344154,12.926757847514416,10.720000000000002,0,0,217,503,0,0,0,0,NaN,NaN,44.52988177330228,NaN,NaN,NaN,13.417579359050002,10.655988714072,NaN,NaN,NaN,NaN,NaN,NaN,NaN,NaN,NaN,NaN,1,0,0,0,0,NaN,NaN,44.52988177330228,NaN,NaN,NaN,13.417579359050002,10.655988714072,NaN,NaN,NaN,NaN,NaN,NaN,NaN,NaN,NaN,NaN,1
2022-11-04,10.99612715350417,11.12,10.4,10.9,10.644126442008853,12.895814979613434,10.9,0,0,217,504,0,0,0,0,NaN,NaN,44.94909124950713,NaN,NaN,NaN,13.417579359050002,10.655988714072,NaN,NaN,NaN,NaN,NaN,NaN,NaN,NaN,NaN,NaN,1,0,0,0,0,NaN,NaN,44.94909124950713,NaN,NaN,NaN,13.417579359050002,10.655988714072,NaN,NaN,NaN,NaN,NaN,NaN,NaN,NaN,NaN,NaN,1
2022-11-07,10.948063576752086,11.28,9.92,10.66,10.647012543461788,12.861680399772007,10.66,0,0,217,505,0,0,0,0,NaN,NaN,44.133999942841726,NaN,NaN,NaN,13.417579359050002,10.655988714072,NaN,NaN,NaN,NaN,NaN,NaN,NaN,NaN,NaN,NaN,1,0,0,0,0,NaN,NaN,44.133999942841726,NaN,NaN,NaN,13.417579359050002,10.655988714072,NaN,NaN,NaN,NaN,NaN,NaN,NaN,NaN,NaN,NaN,1
2022-11-08,10.804031788376044,10.804031788376044,10.04,10.25,10.574828444650553,12.821807416569381,10.25,0,0,217,506,0,0,0,0,NaN,NaN,42.54973895670091,NaN,NaN,NaN,13.417579359050002,10.655988714072,NaN,NaN,NaN,NaN,NaN,NaN,NaN,NaN,NaN,NaN,1,0,0,0,0,NaN,NaN,42.54973895670091,NaN,NaN,NaN,13.417579359050002,10.655988714072,NaN,NaN,NaN,NaN,NaN,NaN,NaN,NaN,NaN,NaN,1
2022-11-09,10.527015894188022,10.527015894188022,9.84,10.18,10.503041454714088,12.781474478911834,10.18,0,0,217,507,0,0,0,0,NaN,NaN,40.83831361261082,NaN,NaN,NaN,13.417579359050002,10.655988714072,NaN,NaN,NaN,NaN,NaN,NaN,NaN,NaN,NaN,NaN,1,0,0,0,0,NaN,NaN,40.83831361261082,NaN,NaN,NaN,13.417579359050002,10.655988714072,NaN,NaN,NaN,NaN,NaN,NaN,NaN,NaN,NaN,NaN,1
2022-11-10,10.35350794709401,11.84,10.35350794709401,11.152199999999999,10.621070281129708,12.756600059386463,11.152199999999999,0,0,217,508,0,0,0,0,NaN,NaN,36.324615539472035,NaN,NaN,NaN,13.417579359050002,10.655988714072,NaN,NaN,NaN,NaN,NaN,NaN,NaN,NaN,NaN,NaN,1,0,0,0,0,NaN,NaN,36.324615539472035,NaN,NaN,NaN,13.417579359050002,10.655988714072,NaN,NaN,NaN,NaN,NaN,NaN,NaN,NaN,NaN,NaN,1
2022-11-11,10.752853973547005,12.64,10.752853973547005,11.9208,10.857384775469761,12.743839753136287,11.9208,0,0,217,509,0,0,0,0,NaN,NaN,29.49901511724256,NaN,NaN,NaN,13.417579359050002,10.974182745539041,NaN,NaN,NaN,NaN,NaN,NaN,NaN,NaN,NaN,NaN,1,0,0,0,0,NaN,NaN,29.49901511724256,NaN,NaN,NaN,13.417579359050002,10.974182745539041,NaN,NaN,NaN,NaN,NaN,NaN,NaN,NaN,NaN,NaN,1
2022-11-14,11.336826986773502,11.84,10.8368,11.4092,10.957714816293441,12.723463573699092,11.409199999999998,0,0,217,510,0,0,0,0,NaN,NaN,24.791218403371023,NaN,NaN,NaN,13.417579359050002,10.974182745539041,NaN,NaN,NaN,NaN,NaN,NaN,NaN,NaN,NaN,NaN,1,0,0,0,0,NaN,NaN,24.791218403371023,NaN,NaN,NaN,13.417579359050002,10.974182745539041,NaN,NaN,NaN,NaN,NaN,NaN,NaN,NaN,NaN,NaN,1
2022-11-15,11.37301349338675,11.6,11.04,11.399999999999999,11.038130304240088,12.703258022955595,11.399999999999999,0,0,217,511,0,0,0,0,NaN,NaN,20.716413545024963,NaN,NaN,NaN,13.417579359050002,10.974182745539041,NaN,NaN,NaN,NaN,NaN,NaN,NaN,NaN,NaN,NaN,1,0,0,0,0,NaN,NaN,20.716413545024963,NaN,NaN,NaN,13.417579359050002,10.974182745539041,NaN,NaN,NaN,NaN,NaN,NaN,NaN,NaN,NaN,NaN,1
2022-11-16,11.386506746693374,11.68,11.04,11.44,11.11119752165098,12.683971640925739,11.44,0,0,217,512,0,0,0,0,NaN,NaN,16.80326778861194,NaN,NaN,NaN,13.417579359050002,10.974182745539041,NaN,NaN,NaN,NaN,NaN,NaN,NaN,NaN,NaN,NaN,1,0,0,0,0,NaN,NaN,16.80326778861194,NaN,NaN,NaN,13.417579359050002,10.974182745539041,NaN,NaN,NaN,NaN,NaN,NaN,NaN,NaN,NaN,NaN,1
2022-11-17,11.413253373346688,11.413253373346688,10,10.620000000000001,11.021888881350803,12.652460623507025,10.620000000000001,0,0,217,513,0,0,0,0,NaN,NaN,14.331419303521036,NaN,NaN,NaN,13.417579359050002,10.974182745539041,NaN,NaN,NaN,NaN,NaN,NaN,NaN,NaN,NaN,NaN,1,0,0,0,0,NaN,NaN,14.331419303521036,NaN,NaN,NaN,13.417579359050002,10.974182745539041,NaN,NaN,NaN,NaN,NaN,NaN,NaN,NaN,NaN,NaN,1
2022-11-18,11.016626686673344,11.12,10.44,10.77,10.976090902923383,12.62372076665959,10.77,0,0,217,514,0,0,0,0,NaN,NaN,12.254652627845461,NaN,NaN,NaN,13.417579359050002,10.974182745539041,NaN,NaN,NaN,NaN,NaN,NaN,NaN,NaN,NaN,NaN,1,0,0,0,0,NaN,NaN,12.254652627845461,NaN,NaN,NaN,13.417579359050002,10.974182745539041,NaN,NaN,NaN,NaN,NaN,NaN,NaN,NaN,NaN,NaN,1
2022-11-21,10.893313343336672,10.893313343336672,10.24,10.46,10.88225619330095,12.590686861825093,10.46,0,0,217,515,0,0,0,0,NaN,NaN,10.33017945167392,NaN,NaN,NaN,13.417579359050002,10.974182745539041,NaN,NaN,NaN,NaN,NaN,NaN,NaN,NaN,NaN,NaN,1,0,0,0,0,NaN,NaN,10.33017945167392,NaN,NaN,NaN,13.417579359050002,10.974182745539041,NaN,NaN,NaN,NaN,NaN,NaN,NaN,NaN,NaN,NaN,1
2022-11-22,10.676656671668336,10.676656671668336,10.16,10.38,10.790936885428051,12.556935917369747,10.38,0,0,217,516,0,0,0,0,NaN,NaN,8.450674896755505,NaN,NaN,NaN,13.417579359050002,10.974182745539041,NaN,NaN,NaN,NaN,NaN,NaN,NaN,NaN,NaN,NaN,1,0,0,0,0,NaN,NaN,8.450674896755505,NaN,NaN,NaN,13.417579359050002,10.974182745539041,NaN,NaN,NaN,NaN,NaN,NaN,NaN,NaN,NaN,NaN,1
2022-11-23,10.528328335834168,11.2,10.08,10.659999999999998,10.767130178986587,12.527975063669446,10.659999999999998,0,0,217,517,0,0,0,0,NaN,NaN,5.949713238334695,NaN,NaN,NaN,13.417579359050002,10.974182745539041,NaN,NaN,NaN,NaN,NaN,NaN,NaN,NaN,NaN,NaN,1,0,0,0,0,NaN,NaN,5.949713238334695,NaN,NaN,NaN,13.417579359050002,10.974182745539041,NaN,NaN,NaN,NaN,NaN,NaN,NaN,NaN,NaN,NaN,1
2022-11-25,10.594164167917082,11.2,10.594164167917082,10.94,10.79856105553448,12.503731169567622,10.94,0,0,217,518,0,0,0,0,NaN,NaN,3.3042145090552006,NaN,NaN,NaN,13.417579359050002,10.974182745539041,NaN,NaN,NaN,NaN,NaN,NaN,NaN,NaN,NaN,NaN,1,0,0,0,0,NaN,NaN,3.3042145090552006,NaN,NaN,NaN,13.417579359050002,10.974182745539041,NaN,NaN,NaN,NaN,NaN,NaN,NaN,NaN,NaN,NaN,1
2022-11-28,10.767082083958542,10.8,10.04,10.37,10.720640863619119,12.471155121177278,10.37,0,0,217,519,0,0,0,0,NaN,NaN,1.7990762829260611,NaN,NaN,NaN,13.417579359050002,10.974182745539041,NaN,NaN,NaN,NaN,NaN,NaN,NaN,NaN,NaN,NaN,1,0,0,0,0,NaN,NaN,1.7990762829260611,NaN,NaN,NaN,13.417579359050002,10.974182745539041,NaN,NaN,NaN,NaN,NaN,NaN,NaN,NaN,NaN,NaN,1
2022-11-29,10.56854104197927,10.56854104197927,9.6,10.100000000000001,10.607797070233826,12.434954279632587,10.100000000000001,0,0,217,520,0,0,0,0,NaN,NaN,0.9736871160415405,NaN,NaN,NaN,13.417579359050002,10.974182745539041,NaN,NaN,NaN,NaN,NaN,NaN,NaN,NaN,NaN,NaN,1,0,0,0,0,NaN,NaN,0.9736871160415405,NaN,NaN,NaN,13.417579359050002,10.974182745539041,NaN,NaN,NaN,NaN,NaN,NaN,NaN,NaN,NaN,NaN,1
2022-11-30,10.334270520989636,10.48,9.8344,10.1986,10.533397602918585,12.400811466203082,10.1986,0,0,217,521,0,0,0,0,NaN,NaN,0.3964397391159869,NaN,NaN,NaN,13.417579359050002,10.974182745539041,NaN,NaN,NaN,NaN,NaN,NaN,NaN,NaN,NaN,NaN,1,0,0,0,0,NaN,NaN,0.3964397391159869,NaN,NaN,NaN,13.417579359050002,10.974182745539041,NaN,NaN,NaN,NaN,NaN,NaN,NaN,NaN,NaN,NaN,1
2022-12-01,10.266435260494818,11.08,9.96,10.42,10.512779856933388,12.370570069772501,10.42,0,0,217,522,0,0,0,0,NaN,NaN,0.0995104088961343,NaN,NaN,NaN,13.417579359050002,10.974182745539041,NaN,NaN,NaN,NaN,NaN,NaN,NaN,NaN,NaN,NaN,1,0,0,0,0,NaN,NaN,0.0995104088961343,NaN,NaN,NaN,13.417579359050002,10.974182745539041,NaN,NaN,NaN,NaN,NaN,NaN,NaN,NaN,NaN,NaN,1
2022-12-02,10.343217630247409,11.1192,10.16,10.639800000000001,10.535874428400046,12.344146099241623,10.639800000000001,0,0,217,523,0,0,0,0,NaN,NaN,0.0029571427862346107,NaN,NaN,NaN,13.417579359050002,10.974182745539041,NaN,NaN,NaN,NaN,NaN,NaN,NaN,NaN,NaN,NaN,1,0,0,0,0,NaN,NaN,0.0029571427862346107,NaN,NaN,NaN,13.417579359050002,10.974182745539041,NaN,NaN,NaN,NaN,NaN,NaN,NaN,NaN,NaN,NaN,1
2022-12-05,10.491508815123705,11.28,10.48,10.8,10.583897259600038,12.32057134963488,10.8,0,0,217,524,0,0,0,0,NaN,NaN,0.04717041089157792,NaN,NaN,NaN,13.417579359050002,10.974182745539041,NaN,NaN,NaN,NaN,NaN,NaN,NaN,NaN,NaN,NaN,1,0,0,0,0,NaN,NaN,0.04717041089157792,NaN,NaN,NaN,13.417579359050002,10.974182745539041,NaN,NaN,NaN,NaN,NaN,NaN,NaN,NaN,NaN,NaN,1
2022-12-06,10.645754407561853,10.88,9.92,10.32,10.535915939672758,12.290028275594652,10.32,0,0,217,525,0,0,0,0,NaN,NaN,0.09886849816696397,NaN,NaN,NaN,13.417579359050002,10.974182745539041,NaN,NaN,NaN,NaN,NaN,NaN,NaN,NaN,NaN,NaN,1,0,0,0,0,NaN,NaN,0.09886849816696397,NaN,NaN,NaN,13.417579359050002,10.974182745539041,NaN,NaN,NaN,NaN,NaN,NaN,NaN,NaN,NaN,NaN,1
2022-12-07,10.482877203780927,10.482877203780927,9.44,9.629999999999999,10.371203950641348,12.249417156883284,9.629999999999999,0,0,217,526,0,0,0,0,NaN,NaN,0.27225017211145097,NaN,NaN,NaN,13.417579359050002,10.534866,NaN,NaN,NaN,NaN,NaN,NaN,NaN,NaN,NaN,NaN,1,0,0,0,0,NaN,NaN,0.27225017211145097,NaN,NaN,NaN,13.417579359050002,10.534866,NaN,NaN,NaN,NaN,NaN,NaN,NaN,NaN,NaN,NaN,1
2022-12-08,10.056438601890463,10.24,9.44,9.739999999999998,10.256439595979284,12.211105444564456,9.739999999999998,0,0,217,527,0,0,0,0,NaN,NaN,0.7212194385887325,NaN,NaN,NaN,13.417579359050002,10.534866,NaN,NaN,NaN,NaN,NaN,NaN,NaN,NaN,NaN,NaN,1,0,0,0,0,NaN,NaN,0.7212194385887325,NaN,NaN,NaN,13.417579359050002,10.534866,NaN,NaN,NaN,NaN,NaN,NaN,NaN,NaN,NaN,NaN,1
2022-12-09,9.89821930094523,10.04,9.6,9.79,10.171632396710324,12.174142002662709,9.79,0,0,217,528,0,0,0,0,NaN,NaN,1.0759375784566638,NaN,NaN,NaN,13.417579359050002,10.534866,NaN,NaN,NaN,NaN,NaN,NaN,NaN,NaN,NaN,NaN,1,0,0,0,0,NaN,NaN,1.0759375784566638,NaN,NaN,NaN,13.417579359050002,10.534866,NaN,NaN,NaN,NaN,NaN,NaN,NaN,NaN,NaN,NaN,1
2022-12-12,9.844109650472614,10,9.44,9.62,10.071335597308448,12.135147468270912,9.62,0,0,217,529,0,0,0,0,NaN,NaN,1.3560815751836632,NaN,NaN,NaN,13.417579359050002,10.50257002,NaN,NaN,NaN,NaN,NaN,NaN,NaN,NaN,NaN,NaN,1,0,0,0,0,NaN,NaN,1.3560815751836632,NaN,NaN,NaN,13.417579359050002,10.50257002,NaN,NaN,NaN,NaN,NaN,NaN,NaN,NaN,NaN,NaN,1
2022-12-13,9.732054825236307,10.4,9.732054825236307,10.08,10.072910943252365,12.103771171045402,10.08,0,0,217,530,0,0,0,0,NaN,NaN,1.8203175688369113,NaN,NaN,NaN,13.417579359050002,10.50257002,NaN,NaN,NaN,NaN,NaN,NaN,NaN,NaN,NaN,NaN,1,0,0,0,0,NaN,NaN,1.8203175688369113,NaN,NaN,NaN,13.417579359050002,10.50257002,NaN,NaN,NaN,NaN,NaN,NaN,NaN,NaN,NaN,NaN,1
2022-12-14,9.906027412618155,10.56,9.906027412618155,10.251000000000001,10.105290771751935,12.07548458828135,10.251000000000001,0,0,217,531,0,0,0,0,NaN,NaN,2.3172756617738135,NaN,NaN,NaN,13.417579359050002,10.50257002,NaN,NaN,NaN,NaN,NaN,NaN,NaN,NaN,NaN,NaN,1,0,0,0,0,NaN,NaN,2.3172756617738135,NaN,NaN,NaN,13.417579359050002,10.50257002,NaN,NaN,NaN,NaN,NaN,NaN,NaN,NaN,NaN,NaN,1
2022-12-15,10.078513706309078,10.078513706309078,9.48,9.77,10.044328813251584,12.040286350292321,9.77,0,0,217,532,0,0,0,0,NaN,NaN,2.5778064171033606,NaN,NaN,NaN,13.417579359050002,10.50257002,NaN,NaN,NaN,NaN,NaN,NaN,NaN,NaN,NaN,NaN,1,0,0,0,0,NaN,NaN,2.5778064171033606,NaN,NaN,NaN,13.417579359050002,10.50257002,NaN,NaN,NaN,NaN,NaN,NaN,NaN,NaN,NaN,NaN,1
2022-12-16,9.924256853154539,9.924256853154539,8.64,9.32,9.91263266538766,11.998755260974882,9.32,0,0,217,533,0,0,0,0,NaN,NaN,2.8916549831714855,NaN,NaN,NaN,13.417579359050002,10.2906158188,NaN,NaN,NaN,NaN,NaN,NaN,NaN,NaN,NaN,NaN,1,0,0,0,0,NaN,NaN,2.8916549831714855,NaN,NaN,NaN,13.417579359050002,10.2906158188,NaN,NaN,NaN,NaN,NaN,NaN,NaN,NaN,NaN,NaN,1
2022-12-19,9.62212842657727,9.62212842657727,8.4,8.9,9.728517635317177,11.95144602034931,8.9,0,0,217,534,0,0,0,0,NaN,NaN,3.5398347404207975,NaN,NaN,NaN,13.417579359050002,9.974360395108,NaN,NaN,NaN,NaN,NaN,NaN,NaN,NaN,NaN,NaN,1,0,0,0,0,NaN,NaN,3.5398347404207975,NaN,NaN,NaN,13.417579359050002,9.974360395108,NaN,NaN,NaN,NaN,NaN,NaN,NaN,NaN,NaN,NaN,1
2022-12-20,9.261064213288634,9.261064213288634,8.32,8.64,9.530605337986781,11.900889592557718,8.64,0,0,217,535,0,0,0,0,NaN,NaN,3.885802989447498,NaN,NaN,NaN,13.417579359050002,9.69983714769504,NaN,NaN,NaN,NaN,NaN,NaN,NaN,NaN,NaN,NaN,1,0,0,0,0,NaN,NaN,3.885802989447498,NaN,NaN,NaN,13.417579359050002,9.69983714769504,NaN,NaN,NaN,NaN,NaN,NaN,NaN,NaN,NaN,NaN,1
2022-12-21,8.950532106644317,9.28,8.4,8.78,9.394131640171002,11.85324242320569,8.78,0,0,217,536,0,0,0,0,NaN,NaN,5.0577043163592945,NaN,NaN,NaN,13.417579359050002,9.69983714769504,NaN,NaN,NaN,NaN,NaN,NaN,NaN,NaN,NaN,NaN,1,0,0,0,0,NaN,NaN,5.0577043163592945,NaN,NaN,NaN,13.417579359050002,9.69983714769504,NaN,NaN,NaN,NaN,NaN,NaN,NaN,NaN,NaN,NaN,1
2022-12-22,8.86526605332216,8.86526605332216,8,8.38,9.20974406923082,11.800215821324688,8.38,0,0,217,537,0,0,0,0,NaN,NaN,6.290218596866551,NaN,NaN,NaN,13.417579359050002,9.391361575540785,NaN,NaN,NaN,NaN,NaN,NaN,NaN,NaN,NaN,NaN,1,0,0,0,0,NaN,NaN,6.290218596866551,NaN,NaN,NaN,13.417579359050002,9.391361575540785,NaN,NaN,NaN,NaN,NaN,NaN,NaN,NaN,NaN,NaN,1
2022-12-23,8.622633026661081,8.622633026661081,8,8.18,9.022517874825217,11.744945350770113,8.18,0,0,217,538,0,0,0,0,NaN,NaN,5.946443440956782,NaN,NaN,NaN,13.417579359050002,9.091316491943443,NaN,NaN,NaN,NaN,NaN,NaN,NaN,NaN,NaN,NaN,1,0,0,0,0,NaN,NaN,5.946443440956782,NaN,NaN,NaN,13.417579359050002,9.091316491943443,NaN,NaN,NaN,NaN,NaN,NaN,NaN,NaN,NaN,NaN,1
2022-12-27,8.40131651333054,8.40131651333054,7.64,7.971800000000001,8.831478261220633,11.687340078239272,7.971800000000001,0,0,217,539,0,0,0,0,NaN,NaN,4.643116382346999,NaN,NaN,NaN,13.417579359050002,8.77397902863532,NaN,NaN,NaN,NaN,NaN,NaN,NaN,NaN,NaN,NaN,1,0,0,0,0,NaN,NaN,4.643116382346999,NaN,NaN,NaN,13.417579359050002,8.77397902863532,NaN,NaN,NaN,NaN,NaN,NaN,NaN,NaN,NaN,NaN,1
2022-12-28,8.18655825666527,8.18655825666527,7.2008,7.5856,8.6049549409987,11.624718092311955,7.585600000000001,0,0,217,540,0,0,0,0,NaN,NaN,2.6726105231921395,NaN,NaN,NaN,13.417579359050002,8.342012061762844,NaN,NaN,NaN,NaN,NaN,NaN,NaN,NaN,NaN,NaN,1,0,0,0,0,NaN,NaN,2.6726105231921395,NaN,NaN,NaN,13.417579359050002,8.342012061762844,NaN,NaN,NaN,NaN,NaN,NaN,NaN,NaN,NaN,NaN,1
2022-12-29,7.886079128332636,7.886079128332636,6.9056,7.3145999999999995,8.37034495172621,11.558914762658338,7.3145999999999995,0,0,217,541,0,0,0,0,NaN,NaN,1.0117225570659727,NaN,NaN,NaN,13.417579359050002,7.965695805086876,NaN,NaN,NaN,NaN,NaN,NaN,NaN,NaN,NaN,NaN,1,0,0,0,0,NaN,NaN,1.0117225570659727,NaN,NaN,NaN,13.417579359050002,7.965695805086876,NaN,NaN,NaN,NaN,NaN,NaN,NaN,NaN,NaN,NaN,1
2022-12-30,7.600339564166317,7.7592,7.0696,7.4472000000000005,8.202500415048718,11.496140491472714,7.447200000000001,0,0,217,542,0,0,0,0,NaN,NaN,0.21710281517466282,NaN,NaN,NaN,13.417579359050002,7.965695805086876,NaN,NaN,NaN,NaN,NaN,NaN,NaN,NaN,NaN,NaN,1,0,0,0,0,NaN,NaN,0.21710281517466282,NaN,NaN,NaN,13.417579359050002,7.965695805086876,NaN,NaN,NaN,NaN,NaN,NaN,NaN,NaN,NaN,NaN,1
2023-01-03,7.523769782083159,8.32,7.523769782083159,8.0196,8.169245794130768,11.443063537404427,8.0196,0,0,217,543,0,0,0,0,NaN,NaN,0.0033365988801175267,NaN,NaN,NaN,13.417579359050002,7.965695805086876,NaN,NaN,NaN,NaN,NaN,NaN,NaN,NaN,NaN,NaN,1,0,0,0,0,NaN,NaN,0.0033365988801175267,NaN,NaN,NaN,13.417579359050002,7.965695805086876,NaN,NaN,NaN,NaN,NaN,NaN,NaN,NaN,NaN,NaN,1
2023-01-04,7.77168489104158,8.4,7.77168489104158,8.18,8.17120110428881,11.393245773474588,8.18,0,0,217,544,0,0,0,0,NaN,NaN,0.12161323237417049,NaN,NaN,NaN,13.417579359050002,7.965695805086876,NaN,NaN,NaN,NaN,NaN,NaN,NaN,NaN,NaN,NaN,1,0,0,0,0,NaN,NaN,0.12161323237417049,NaN,NaN,NaN,13.417579359050002,7.965695805086876,NaN,NaN,NaN,NaN,NaN,NaN,NaN,NaN,NaN,NaN,1
2023-01-05,7.97584244552079,8.16,7.5328,7.846400000000001,8.112146358054481,11.339095456322305,7.846400000000001,0,0,217,545,0,0,0,0,NaN,NaN,0.7291370102990475,NaN,NaN,NaN,12.721811033192369,7.965695805086876,NaN,NaN,NaN,NaN,NaN,NaN,NaN,NaN,NaN,NaN,1,0,0,0,0,NaN,NaN,0.7291370102990475,NaN,NaN,NaN,12.721811033192369,7.965695805086876,NaN,NaN,NaN,NaN,NaN,NaN,NaN,NaN,NaN,NaN,1
2023-01-06,7.9111212227603955,8,7.28,7.7498,8.046265202044575,11.284297052408988,7.7498,0,0,217,546,0,0,0,0,NaN,NaN,2.0583556103955343,NaN,NaN,NaN,11.092167092220865,7.965695805086876,NaN,NaN,NaN,NaN,NaN,NaN,NaN,NaN,NaN,NaN,1,0,0,0,0,NaN,NaN,2.0583556103955343,NaN,NaN,NaN,11.092167092220865,7.965695805086876,NaN,NaN,NaN,NaN,NaN,NaN,NaN,NaN,NaN,NaN,1
2023-01-09,7.8304606113801976,8.56,7.8304606113801976,8.1996,8.074144256218288,11.237202440921827,8.1996,0,0,217,547,0,0,0,0,NaN,NaN,3.431506672287602,NaN,NaN,NaN,11.092167092220865,7.965695805086876,NaN,NaN,NaN,NaN,NaN,NaN,NaN,NaN,NaN,NaN,1,0,0,0,0,NaN,NaN,3.431506672287602,NaN,NaN,NaN,11.092167092220865,7.965695805086876,NaN,NaN,NaN,NaN,NaN,NaN,NaN,NaN,NaN,NaN,1
2023-01-10,8.015030305690098,8.96,8.015030305690098,8.540000000000001,8.158845300542236,11.196023777701646,8.540000000000001,0,0,217,548,0,0,0,0,NaN,NaN,4.508972747793946,NaN,NaN,NaN,11.092167092220865,7.965695805086876,NaN,NaN,NaN,NaN,NaN,NaN,NaN,NaN,NaN,NaN,1,0,0,0,0,NaN,NaN,4.508972747793946,NaN,NaN,NaN,11.092167092220865,7.965695805086876,NaN,NaN,NaN,NaN,NaN,NaN,NaN,NaN,NaN,NaN,1
2023-01-11,8.27751515284505,9.44,8.27751515284505,9.09,8.328146154989103,11.163870742927575,9.09,0,0,217,549,0,0,0,0,NaN,NaN,5.201287577027033,NaN,NaN,NaN,11.092167092220865,8.46861,NaN,NaN,NaN,NaN,NaN,NaN,NaN,NaN,NaN,NaN,1,0,0,0,0,NaN,NaN,5.201287577027033,NaN,NaN,NaN,11.092167092220865,8.46861,NaN,NaN,NaN,NaN,NaN,NaN,NaN,NaN,NaN,NaN,1
2023-01-12,8.683757576422526,10.24,8.683757576422526,9.459999999999999,8.533937763172903,11.137857449142421,9.459999999999999,0,0,217,550,0,0,0,0,NaN,NaN,5.880419129238121,NaN,NaN,NaN,11.092167092220865,8.6778017,NaN,NaN,NaN,NaN,NaN,NaN,NaN,NaN,NaN,NaN,1,0,0,0,0,NaN,NaN,5.880419129238121,NaN,NaN,NaN,11.092167092220865,8.6778017,NaN,NaN,NaN,NaN,NaN,NaN,NaN,NaN,NaN,NaN,1
2023-01-13,9.071878788211261,10.24,9.071878788211261,10.0202,8.80416726077783,11.12079397663643,10.0202,0,0,217,551,0,0,0,0,NaN,NaN,6.230071949959281,NaN,NaN,NaN,11.092167092220865,9.021639598,NaN,NaN,NaN,NaN,NaN,NaN,NaN,NaN,NaN,NaN,1,0,0,0,0,NaN,NaN,6.230071949959281,NaN,NaN,NaN,11.092167092220865,9.021639598,NaN,NaN,NaN,NaN,NaN,NaN,NaN,NaN,NaN,NaN,1
2023-01-17,9.54603939410563,10.88,9.54603939410563,10.42,9.097955031545496,11.110094831954957,10.42,0,0,217,552,0,0,0,0,NaN,NaN,6.390540514104067,NaN,NaN,NaN,11.092167092220865,9.32940103418,NaN,NaN,NaN,NaN,NaN,NaN,NaN,NaN,NaN,NaN,1,0,0,0,0,NaN,NaN,6.390540514104067,NaN,NaN,NaN,11.092167092220865,9.32940103418,NaN,NaN,NaN,NaN,NaN,NaN,NaN,NaN,NaN,NaN,1
2023-01-18,9.983019697052814,10.76,9.8,10.34,9.323781389446316,11.09833765894801,10.34,0,0,217,553,0,0,0,0,NaN,NaN,6.248317341401824,NaN,NaN,NaN,11.092167092220865,9.32940103418,NaN,NaN,NaN,NaN,NaN,NaN,NaN,NaN,NaN,NaN,1,0,0,0,0,NaN,NaN,6.248317341401824,NaN,NaN,NaN,11.092167092220865,9.32940103418,NaN,NaN,NaN,NaN,NaN,NaN,NaN,NaN,NaN,NaN,1
2023-01-19,10.161509848526407,10.161509848526407,9.12,9.599999999999998,9.374002955001531,11.075462274841934,9.599999999999998,0,0,217,554,0,0,0,0,NaN,NaN,7.001267812853827,NaN,NaN,NaN,11.092167092220865,9.32940103418,NaN,NaN,NaN,NaN,NaN,NaN,NaN,NaN,NaN,NaN,1,0,0,0,0,NaN,NaN,7.001267812853827,NaN,NaN,NaN,11.092167092220865,9.32940103418,NaN,NaN,NaN,NaN,NaN,NaN,NaN,NaN,NaN,NaN,1
2023-01-20,9.880754924263202,9.880754924263202,9.28,9.58,9.41145696318307,11.052630789729843,9.58,0,0,217,555,0,0,0,0,NaN,NaN,8.060369076695597,NaN,NaN,NaN,11.092167092220865,9.32940103418,NaN,NaN,NaN,NaN,NaN,NaN,NaN,NaN,NaN,NaN,1,0,0,0,0,NaN,NaN,8.060369076695597,NaN,NaN,NaN,11.092167092220865,9.32940103418,NaN,NaN,NaN,NaN,NaN,NaN,NaN,NaN,NaN,NaN,1
2023-01-23,9.730377462131601,10,9.52,9.72,9.467555697149786,11.032285281489692,9.72,0,0,217,556,0,0,0,0,NaN,NaN,9.377167830574356,NaN,NaN,NaN,11.092167092220865,9.32940103418,NaN,NaN,NaN,NaN,NaN,NaN,NaN,NaN,NaN,NaN,1,0,0,0,0,NaN,NaN,9.377167830574356,NaN,NaN,NaN,11.092167092220865,9.32940103418,NaN,NaN,NaN,NaN,NaN,NaN,NaN,NaN,NaN,NaN,1
2023-01-24,9.725188731065801,10,8.8,9.32,9.440727388577098,11.006143521466948,9.32,0,0,217,557,0,0,0,0,NaN,NaN,11.8877434083301,NaN,NaN,NaN,11.092167092220865,9.32940103418,NaN,NaN,NaN,NaN,NaN,NaN,NaN,NaN,NaN,NaN,1,0,0,0,0,NaN,NaN,11.8877434083301,NaN,NaN,NaN,11.092167092220865,9.32940103418,NaN,NaN,NaN,NaN,NaN,NaN,NaN,NaN,NaN,NaN,1
2023-01-25,9.5225943655329,9.5225943655329,8.56,9.04,9.367867863381262,10.97612606312394,9.04,0,0,217,558,0,0,0,0,NaN,NaN,15.477361936411585,NaN,NaN,NaN,11.092167092220865,9.32940103418,NaN,NaN,NaN,NaN,NaN,NaN,NaN,NaN,NaN,NaN,1,0,0,0,0,NaN,NaN,15.477361936411585,NaN,NaN,NaN,11.092167092220865,9.32940103418,NaN,NaN,NaN,NaN,NaN,NaN,NaN,NaN,NaN,NaN,1
2023-01-26,9.28129718276645,9.44,8.72,9.2,9.337346433675577,10.9490096346793,9.2,0,0,217,559,0,0,0,0,NaN,NaN,19.703287362937104,NaN,NaN,NaN,11.092167092220865,9.32940103418,NaN,NaN,NaN,NaN,NaN,NaN,NaN,NaN,NaN,NaN,1,0,0,0,0,NaN,NaN,19.703287362937104,NaN,NaN,NaN,11.092167092220865,9.32940103418,NaN,NaN,NaN,NaN,NaN,NaN,NaN,NaN,NaN,NaN,1
2023-01-27,9.240648591383223,9.36,8.8,9.1,9.294192536643655,10.920780479951372,9.1,0,0,217,560,0,0,0,0,NaN,NaN,24.439005849107023,NaN,NaN,NaN,11.092167092220865,9.32940103418,NaN,NaN,NaN,NaN,NaN,NaN,NaN,NaN,NaN,NaN,1,0,0,0,0,NaN,NaN,24.439005849107023,NaN,NaN,NaN,11.092167092220865,9.32940103418,NaN,NaN,NaN,NaN,NaN,NaN,NaN,NaN,NaN,NaN,1
2023-01-30,9.17032429569161,9.2,8.76,8.95,9.231612075435716,10.89069222834906,8.95,0,0,217,561,0,0,0,0,NaN,NaN,28.588643858575587,NaN,NaN,NaN,11.092167092220865,9.32940103418,NaN,NaN,NaN,NaN,NaN,NaN,NaN,NaN,NaN,NaN,1,0,0,0,0,NaN,NaN,28.588643858575587,NaN,NaN,NaN,11.092167092220865,9.32940103418,NaN,NaN,NaN,NaN,NaN,NaN,NaN,NaN,NaN,NaN,1
2023-01-31,9.060162147845805,9.6,8.8,9.18,9.222228061720132,10.86457478974831,9.18,0,0,217,562,0,0,0,0,NaN,NaN,30.828264968753516,NaN,NaN,NaN,11.092167092220865,9.32940103418,NaN,NaN,NaN,NaN,NaN,NaN,NaN,NaN,NaN,NaN,1,0,0,0,0,NaN,NaN,30.828264968753516,NaN,NaN,NaN,11.092167092220865,9.32940103418,NaN,NaN,NaN,NaN,NaN,NaN,NaN,NaN,NaN,NaN,1
2023-02-01,9.120081073922902,9.84,8.88,9.440000000000001,9.2618229595892,10.842825556317038,9.440000000000001,0,0,217,563,0,0,0,0,NaN,NaN,32.63348864896177,NaN,NaN,NaN,11.092167092220865,9.32940103418,NaN,NaN,NaN,NaN,NaN,NaN,NaN,NaN,NaN,NaN,1,0,0,0,0,NaN,NaN,32.63348864896177,NaN,NaN,NaN,11.092167092220865,9.32940103418,NaN,NaN,NaN,NaN,NaN,NaN,NaN,NaN,NaN,NaN,1
2023-02-02,9.280040536961451,10.24,9.280040536961451,9.9,9.377855148754799,10.828431273014488,9.9,0,0,217,564,0,0,0,0,NaN,NaN,34.940371814305706,NaN,NaN,NaN,11.092167092220865,9.32940103418,NaN,NaN,NaN,NaN,NaN,NaN,NaN,NaN,NaN,NaN,1,0,0,0,0,NaN,NaN,34.940371814305706,NaN,NaN,NaN,11.092167092220865,9.32940103418,NaN,NaN,NaN,NaN,NaN,NaN,NaN,NaN,NaN,NaN,1
2023-02-03,9.590020268480725,10.4,9.590020268480725,9.879999999999999,9.469154212617562,10.813951406250908,9.879999999999999,0,0,217,565,0,0,0,0,NaN,NaN,36.345336724700836,NaN,NaN,NaN,11.092167092220865,9.32940103418,NaN,NaN,NaN,NaN,NaN,NaN,NaN,NaN,NaN,NaN,1,0,0,0,0,NaN,NaN,36.345336724700836,NaN,NaN,NaN,11.092167092220865,9.32940103418,NaN,NaN,NaN,NaN,NaN,NaN,NaN,NaN,NaN,NaN,1
2023-02-06,9.735010134240362,9.9736,9.2,9.5334,9.480835264868915,10.794401003102038,9.5334,0,0,217,566,0,0,0,0,NaN,NaN,37.21924721493506,NaN,NaN,NaN,11.092167092220865,9.32940103418,NaN,NaN,NaN,NaN,NaN,NaN,NaN,NaN,NaN,NaN,1,0,0,0,0,NaN,NaN,37.21924721493506,NaN,NaN,NaN,11.092167092220865,9.32940103418,NaN,NaN,NaN,NaN,NaN,NaN,NaN,NaN,NaN,NaN,1
2023-02-07,9.634205067120181,9.634205067120181,8.64,8.96,9.386137943983657,10.766394880917275,8.96,0,0,217,567,0,0,0,0,NaN,NaN,39.72880620874479,NaN,NaN,NaN,11.092167092220865,9.32940103418,NaN,NaN,NaN,NaN,NaN,NaN,NaN,NaN,NaN,NaN,1,0,0,0,0,NaN,NaN,39.72880620874479,NaN,NaN,NaN,11.092167092220865,9.32940103418,NaN,NaN,NaN,NaN,NaN,NaN,NaN,NaN,NaN,NaN,1
2023-02-08,9.297102533560091,9.297102533560091,8.32,8.56,9.235931045077537,10.732709462888003,8.56,0,0,217,568,0,0,0,0,NaN,NaN,41.46077869893074,NaN,NaN,NaN,11.092167092220865,9.32940103418,NaN,NaN,NaN,NaN,NaN,NaN,NaN,NaN,NaN,NaN,1,0,0,0,0,NaN,NaN,41.46077869893074,NaN,NaN,NaN,11.092167092220865,9.32940103418,NaN,NaN,NaN,NaN,NaN,NaN,NaN,NaN,NaN,NaN,1
2023-02-09,8.928551266780046,8.928551266780046,8.16,8.38,9.080307218699803,10.696790234446965,8.38,0,0,217,569,0,0,0,0,NaN,NaN,43.53129971082846,NaN,NaN,NaN,11.092167092220865,9.32940103418,NaN,NaN,NaN,NaN,NaN,NaN,NaN,NaN,NaN,NaN,1,0,0,0,0,NaN,NaN,43.53129971082846,NaN,NaN,NaN,11.092167092220865,9.32940103418,NaN,NaN,NaN,NaN,NaN,NaN,NaN,NaN,NaN,NaN,1
2023-02-10,8.654275633390023,8.654275633390023,8.08,8.299999999999999,8.938433178936203,10.660198017127163,8.299999999999999,0,0,217,570,0,0,0,0,NaN,NaN,45.17411127302494,NaN,NaN,NaN,11.092167092220865,9.32940103418,NaN,NaN,NaN,NaN,NaN,NaN,NaN,NaN,NaN,NaN,1,0,0,0,0,NaN,NaN,45.17411127302494,NaN,NaN,NaN,11.092167092220865,9.32940103418,NaN,NaN,NaN,NaN,NaN,NaN,NaN,NaN,NaN,NaN,1
2023-02-13,8.477137816695011,8.56,8.08,8.32,8.825990782765984,10.624469803125221,8.32,0,0,217,571,0,0,0,0,NaN,NaN,45.39899738401794,NaN,NaN,NaN,11.092167092220865,9.32940103418,NaN,NaN,NaN,NaN,NaN,NaN,NaN,NaN,NaN,NaN,1,0,0,0,0,NaN,NaN,45.39899738401794,NaN,NaN,NaN,11.092167092220865,9.32940103418,NaN,NaN,NaN,NaN,NaN,NaN,NaN,NaN,NaN,NaN,1
2023-02-14,8.398568908347507,8.48,8.08,8.28,8.726719731353986,10.588676371016438,8.28,0,0,217,572,0,0,0,0,NaN,NaN,44.84320930690669,NaN,NaN,NaN,11.092167092220865,9.32940103418,NaN,NaN,NaN,NaN,NaN,NaN,NaN,NaN,NaN,NaN,1,0,0,0,0,NaN,NaN,44.84320930690669,NaN,NaN,NaN,11.092167092220865,9.32940103418,NaN,NaN,NaN,NaN,NaN,NaN,NaN,NaN,NaN,NaN,1
2023-02-15,8.339284454173754,8.88,8.32,8.58,8.700043416562352,10.55800955619176,8.58,0,0,217,573,0,0,0,0,NaN,NaN,43.387746095349755,NaN,NaN,NaN,11.092167092220865,9.32940103418,NaN,NaN,NaN,NaN,NaN,NaN,NaN,NaN,NaN,NaN,1,0,0,0,0,NaN,NaN,43.387746095349755,NaN,NaN,NaN,11.092167092220865,9.32940103418,NaN,NaN,NaN,NaN,NaN,NaN,NaN,NaN,NaN,NaN,1
2023-02-16,8.459642227086878,9.04,8.4,8.62,8.685490068096469,10.52842162403616,8.62,0,0,217,574,0,0,0,0,NaN,NaN,42.218085081834374,NaN,NaN,NaN,11.092167092220865,9.32940103418,NaN,NaN,NaN,NaN,NaN,NaN,NaN,NaN,NaN,NaN,1,0,0,0,0,NaN,NaN,42.218085081834374,NaN,NaN,NaN,11.092167092220865,9.32940103418,NaN,NaN,NaN,NaN,NaN,NaN,NaN,NaN,NaN,NaN,1
2023-02-17,8.53982111354344,9.04,8.32,8.719999999999999,8.691764601169838,10.50081213359286,8.719999999999999,0,0,217,575,0,0,0,0,NaN,NaN,41.462481894719296,NaN,NaN,NaN,11.092167092220865,9.32940103418,NaN,NaN,NaN,NaN,NaN,NaN,NaN,NaN,NaN,NaN,1,0,0,0,0,NaN,NaN,41.462481894719296,NaN,NaN,NaN,11.092167092220865,9.32940103418,NaN,NaN,NaN,NaN,NaN,NaN,NaN,NaN,NaN,NaN,1
2023-02-21,8.62991055677172,9.24,8.08,8.43,8.644171037320778,10.469196681171594,8.43,0,0,217,576,0,0,0,0,NaN,NaN,40.88046559079069,NaN,NaN,NaN,11.092167092220865,9.32940103418,NaN,NaN,NaN,NaN,NaN,NaN,NaN,NaN,NaN,NaN,1,0,0,0,0,NaN,NaN,40.88046559079069,NaN,NaN,NaN,11.092167092220865,9.32940103418,NaN,NaN,NaN,NaN,NaN,NaN,NaN,NaN,NaN,NaN,1
2023-02-22,8.52995527838586,8.52995527838586,8,8.16,8.55613993962609,10.43394177000867,8.16,0,0,217,577,0,0,0,0,NaN,NaN,41.0249054196487,NaN,NaN,NaN,11.092167092220865,9.1544,NaN,NaN,NaN,NaN,NaN,NaN,NaN,NaN,NaN,NaN,1,0,0,0,0,NaN,NaN,41.0249054196487,NaN,NaN,NaN,11.092167092220865,9.1544,NaN,NaN,NaN,NaN,NaN,NaN,NaN,NaN,NaN,NaN,1
2023-02-23,8.34497763919293,8.34497763919293,8.08,8.22,8.495023586966802,10.400141132298613,8.22,0,0,217,578,0,0,0,0,NaN,NaN,41.726938539078176,NaN,NaN,NaN,11.092167092220865,9.1544,NaN,NaN,NaN,NaN,NaN,NaN,NaN,NaN,NaN,NaN,1,0,0,0,0,NaN,NaN,41.726938539078176,NaN,NaN,NaN,11.092167092220865,9.1544,NaN,NaN,NaN,NaN,NaN,NaN,NaN,NaN,NaN,NaN,1
2023-02-24,8.282488819596466,8.282488819596466,8,8.149999999999999,8.43229202570011,10.365787832568863,8.149999999999999,0,0,217,579,0,0,0,0,NaN,8,42.58701166127109,NaN,NaN,NaN,11.092167092220865,9.119418,NaN,NaN,NaN,NaN,NaN,NaN,NaN,NaN,NaN,NaN,1,0,0,0,0,NaN,8,42.58701166127109,NaN,NaN,NaN,11.092167092220865,9.119418,NaN,NaN,NaN,NaN,NaN,NaN,NaN,NaN,NaN,NaN,1
2023-02-27,8.216244409798232,8.4,8.08,8.219999999999999,8.393693475572817,10.33302771298766,8.219999999999999,0,0,217,580,0,0,0,0,NaN,NaN,41.66057968161401,NaN,NaN,NaN,11.092167092220865,9.119418,NaN,NaN,NaN,NaN,NaN,NaN,NaN,NaN,NaN,NaN,1,0,0,0,0,NaN,NaN,41.66057968161401,NaN,NaN,NaN,11.092167092220865,9.119418,NaN,NaN,NaN,NaN,NaN,NaN,NaN,NaN,NaN,NaN,1
2023-02-28,8.218122204899116,8.48,8.08,8.22,8.362112843650488,10.300767747903878,8.22,0,0,217,581,0,0,0,0,NaN,NaN,40.10852322205009,NaN,NaN,NaN,11.092167092220865,9.119418,NaN,NaN,NaN,NaN,NaN,NaN,NaN,NaN,NaN,NaN,1,0,0,0,0,NaN,NaN,40.10852322205009,NaN,NaN,NaN,11.092167092220865,9.119418,NaN,NaN,NaN,NaN,NaN,NaN,NaN,NaN,NaN,NaN,1
2023-03-01,8.219061102449558,8.48,8.08,8.299999999999999,8.350819599350398,10.270221675416796,8.299999999999999,0,0,217,582,0,0,0,0,NaN,NaN,38.54894771779795,NaN,NaN,NaN,11.092167092220865,9.119418,NaN,NaN,NaN,NaN,NaN,NaN,NaN,NaN,NaN,NaN,1,0,0,0,0,NaN,NaN,38.54894771779795,NaN,NaN,NaN,11.092167092220865,9.119418,NaN,NaN,NaN,NaN,NaN,NaN,NaN,NaN,NaN,NaN,1
2023-03-02,8.259530551224778,8.56,8.16,8.42,8.363397854013963,10.241974016250127,8.42,0,0,217,583,0,0,0,0,NaN,NaN,36.63838900507772,NaN,NaN,NaN,11.092167092220865,9.119418,NaN,NaN,NaN,NaN,NaN,NaN,NaN,NaN,NaN,NaN,1,0,0,0,0,NaN,NaN,36.63838900507772,NaN,NaN,NaN,11.092167092220865,9.119418,NaN,NaN,NaN,NaN,NaN,NaN,NaN,NaN,NaN,NaN,1
2023-03-03,8.33976527561239,8.88,8.33976527561239,8.71,8.426416426011425,10.218585099971499,8.71,0,0,217,584,0,0,0,0,NaN,NaN,33.922515720854705,NaN,NaN,NaN,11.092167092220865,9.119418,NaN,NaN,NaN,NaN,NaN,NaN,NaN,NaN,NaN,NaN,1,0,0,0,0,NaN,NaN,33.922515720854705,NaN,NaN,NaN,11.092167092220865,9.119418,NaN,NaN,NaN,NaN,NaN,NaN,NaN,NaN,NaN,NaN,1
2023-03-06,8.524882637806195,9.04,8,8.52,8.443431621282075,10.19265250302537,8.52,0,0,217,585,0,0,0,0,NaN,NaN,32.36976648809752,NaN,NaN,NaN,11.092167092220865,9.119418,NaN,NaN,NaN,NaN,NaN,NaN,NaN,NaN,NaN,NaN,1,0,0,0,0,NaN,NaN,32.36976648809752,NaN,NaN,NaN,11.092167092220865,9.119418,NaN,NaN,NaN,NaN,NaN,NaN,NaN,NaN,NaN,NaN,1
2023-03-07,8.522441318903098,8.522441318903098,7.7104,7.9412,8.35211678104897,10.158279182368494,7.9412,0,0,217,586,0,0,0,0,NaN,NaN,31.666717000778206,NaN,NaN,NaN,11.092167092220865,8.95058892,NaN,NaN,NaN,NaN,NaN,NaN,NaN,NaN,NaN,NaN,1,0,0,0,0,NaN,NaN,31.666717000778206,NaN,NaN,NaN,11.092167092220865,8.95058892,NaN,NaN,NaN,NaN,NaN,NaN,NaN,NaN,NaN,NaN,1
2023-03-08,8.23182065945155,8.23182065945155,7.1432,7.6762,8.229222820858249,10.120384843706379,7.6762,0,0,217,587,0,0,0,0,NaN,NaN,31.696384844382596,NaN,NaN,NaN,11.092167092220865,8.7153189172,NaN,NaN,NaN,NaN,NaN,NaN,NaN,NaN,NaN,NaN,1,0,0,0,0,NaN,NaN,31.696384844382596,NaN,NaN,NaN,11.092167092220865,8.7153189172,NaN,NaN,NaN,NaN,NaN,NaN,NaN,NaN,NaN,NaN,1
2023-03-09,7.954010329725775,7.992,6.5704,7.2108,8.044055035247657,10.075963701054373,7.210799999999999,0,0,217,588,0,0,0,0,NaN,NaN,32.322526045122395,NaN,NaN,NaN,11.092167092220865,8.330000647136,NaN,NaN,NaN,NaN,NaN,NaN,NaN,NaN,NaN,NaN,1,0,0,0,0,NaN,NaN,32.322526045122395,NaN,NaN,NaN,11.092167092220865,8.330000647136,NaN,NaN,NaN,NaN,NaN,NaN,NaN,NaN,NaN,NaN,1
2023-03-10,7.582405164862887,7.582405164862887,6.64,6.8632,7.829354119748083,10.02691387355736,6.8632,0,0,217,589,0,0,0,0,NaN,NaN,32.766087432663404,NaN,NaN,NaN,11.092167092220865,7.962250550065599,NaN,NaN,NaN,NaN,NaN,NaN,NaN,NaN,NaN,NaN,1,0,0,0,0,NaN,NaN,32.766087432663404,NaN,NaN,NaN,11.092167092220865,7.962250550065599,NaN,NaN,NaN,NaN,NaN,NaN,NaN,NaN,NaN,NaN,1
2023-03-13,7.222802582431443,7.222802582431443,6.16,6.521600000000001,7.59158064343025,9.973397631212974,6.521600000000001,0,0,217,590,0,0,0,0,NaN,NaN,33.036004882418226,NaN,NaN,NaN,11.092167092220865,7.562877451053792,NaN,NaN,NaN,NaN,NaN,NaN,NaN,NaN,NaN,NaN,1,0,0,0,0,NaN,NaN,33.036004882418226,NaN,NaN,NaN,11.092167092220865,7.562877451053792,NaN,NaN,NaN,NaN,NaN,NaN,NaN,NaN,NaN,NaN,1
2023-03-14,6.872201291215722,7.0176,6.4,6.642,7.418929617352023,9.922536598675372,6.642,0,0,217,591,0,0,0,0,NaN,NaN,33.79415651708079,NaN,NaN,NaN,11.092167092220865,7.562877451053792,NaN,NaN,NaN,NaN,NaN,NaN,NaN,NaN,NaN,NaN,1,0,0,0,0,NaN,NaN,33.79415651708079,NaN,NaN,NaN,11.092167092220865,7.562877451053792,NaN,NaN,NaN,NaN,NaN,NaN,NaN,NaN,NaN,NaN,1
2023-03-15,6.757100645607862,6.757100645607862,6.264,6.4258,7.2383605960152915,9.869151307092542,6.4258,0,0,217,592,0,0,0,0,NaN,NaN,34.98482770600889,NaN,NaN,NaN,11.092167092220865,7.286250186332495,NaN,NaN,NaN,NaN,NaN,NaN,NaN,NaN,NaN,NaN,1,0,0,0,0,NaN,NaN,34.98482770600889,NaN,NaN,NaN,11.092167092220865,7.286250186332495,NaN,NaN,NaN,NaN,NaN,NaN,NaN,NaN,NaN,NaN,1
2023-03-16,6.591450322803931,6.5984,5.92,6.344,7.075749578557966,9.815332203167465,6.344,0,0,217,593,0,0,0,0,NaN,NaN,35.969447601002905,NaN,NaN,NaN,11.092167092220865,7.029026141612697,NaN,NaN,NaN,NaN,NaN,NaN,NaN,NaN,NaN,NaN,1,0,0,0,0,NaN,NaN,35.969447601002905,NaN,NaN,NaN,11.092167092220865,7.029026141612697,NaN,NaN,NaN,NaN,NaN,NaN,NaN,NaN,NaN,NaN,1
2023-03-17,6.467725161401965,6.72,6.352,6.5086,6.972631473365609,9.764847742050405,6.5086,0,0,217,594,0,0,0,0,NaN,NaN,36.45780432833949,NaN,NaN,NaN,11.092167092220865,7.029026141612697,NaN,NaN,NaN,NaN,NaN,NaN,NaN,NaN,NaN,NaN,1,0,0,0,0,NaN,NaN,36.45780432833949,NaN,NaN,NaN,11.092167092220865,7.029026141612697,NaN,NaN,NaN,NaN,NaN,NaN,NaN,NaN,NaN,NaN,1
2023-03-20,6.488162580700983,6.7368,5.6056,6.237,6.838880296390044,9.710987471179406,6.237,0,0,217,595,0,0,0,0,NaN,NaN,36.787721749950734,NaN,NaN,NaN,11.092167092220865,6.776124083377268,NaN,NaN,NaN,NaN,NaN,NaN,NaN,NaN,NaN,NaN,1,0,0,0,0,NaN,NaN,36.787721749950734,NaN,NaN,NaN,11.092167092220865,6.776124083377268,NaN,NaN,NaN,NaN,NaN,NaN,NaN,NaN,NaN,NaN,1
2023-03-21,6.362581290350492,6.362581290350492,5.9748,6.0755,6.700083878864581,9.655483845665216,6.0755,0,0,217,596,0,0,0,0,NaN,NaN,36.98080539066272,NaN,NaN,NaN,11.092167092220865,6.509411858364087,NaN,NaN,NaN,NaN,NaN,NaN,NaN,NaN,NaN,NaN,1,0,0,0,0,NaN,NaN,36.98080539066272,NaN,NaN,NaN,11.092167092220865,6.509411858364087,NaN,NaN,NaN,NaN,NaN,NaN,NaN,NaN,NaN,NaN,1
2023-03-22,6.219040645175246,6.288,5.68,5.9719999999999995,6.567704991798294,9.599247451074907,5.9719999999999995,0,0,217,597,0,0,0,0,NaN,NaN,37.592903336766035,NaN,NaN,NaN,11.092167092220865,6.297393445103938,NaN,NaN,NaN,NaN,NaN,NaN,NaN,NaN,NaN,NaN,1,0,0,0,0,NaN,NaN,37.592903336766035,NaN,NaN,NaN,11.092167092220865,6.297393445103938,NaN,NaN,NaN,NaN,NaN,NaN,NaN,NaN,NaN,NaN,1
2023-03-23,6.095520322587623,6.095520322587623,5.36,5.6476,6.400413175107695,9.53891695563865,5.6476,0,0,217,598,0,0,0,0,NaN,NaN,39.20542919879932,NaN,NaN,NaN,11.092167092220865,5.95965980486652,NaN,NaN,NaN,NaN,NaN,NaN,NaN,NaN,NaN,NaN,1,0,0,0,0,NaN,NaN,39.20542919879932,NaN,NaN,NaN,11.092167092220865,5.95965980486652,NaN,NaN,NaN,NaN,NaN,NaN,NaN,NaN,NaN,NaN,1
2023-03-24,5.871560161293811,5.871560161293811,5.3608,5.5202,6.240374415997205,9.477562498300655,5.5202,0,0,217,599,0,0,0,0,NaN,NaN,40.58811199878671,NaN,NaN,NaN,8.747875707641379,5.7494134809685775,NaN,NaN,NaN,NaN,NaN,NaN,NaN,NaN,NaN,NaN,1,0,0,0,0,NaN,NaN,40.58811199878671,NaN,NaN,NaN,8.747875707641379,5.7494134809685775,NaN,NaN,NaN,NaN,NaN,NaN,NaN,NaN,NaN,NaN,1
2023-03-27,5.695880080646905,6.2288,5.44,5.7872,6.157979067634077,9.421221086112858,5.7872,0,0,217,600,0,0,0,0,NaN,NaN,41.706118439809536,NaN,NaN,NaN,8.653039945006919,5.7494134809685775,NaN,NaN,NaN,NaN,NaN,NaN,NaN,NaN,NaN,NaN,1,0,0,0,0,NaN,NaN,41.706118439809536,NaN,NaN,NaN,8.653039945006919,5.7494134809685775,NaN,NaN,NaN,NaN,NaN,NaN,NaN,NaN,NaN,NaN,1
2023-03-28,5.741540040323453,5.741540040323453,5.128,5.3246,6.006455600791518,9.35867725273709,5.3246,0,0,217,601,0,0,0,0,NaN,NaN,43.150098451133864,NaN,NaN,NaN,8.18187874528188,5.514267818961775,NaN,NaN,NaN,NaN,NaN,NaN,NaN,NaN,NaN,NaN,1,0,0,0,0,NaN,NaN,43.150098451133864,NaN,NaN,NaN,8.18187874528188,5.514267818961775,NaN,NaN,NaN,NaN,NaN,NaN,NaN,NaN,NaN,NaN,1
2023-03-29,5.533070020161727,5.533070020161727,4.832,5.2208,5.863609127920332,9.29550355422202,5.2208,0,0,217,602,0,0,0,0,NaN,NaN,43.9348404129616,NaN,NaN,NaN,8.069926714231885,5.353662300428976,NaN,NaN,NaN,NaN,NaN,NaN,NaN,NaN,NaN,NaN,1,0,0,0,0,NaN,NaN,43.9348404129616,NaN,NaN,NaN,8.069926714231885,5.353662300428976,NaN,NaN,NaN,NaN,NaN,NaN,NaN,NaN,NaN,NaN,1
2023-03-30,5.376935010080864,5.5264,4.96,5.1456,5.733062013752999,9.232146248050691,5.1456,0,0,217,603,0,0,0,0,NaN,NaN,44.49371324236276,NaN,NaN,NaN,7.985437080660729,5.2342403962230675,NaN,NaN,NaN,NaN,NaN,NaN,NaN,NaN,NaN,NaN,1,0,0,0,0,NaN,NaN,44.49371324236276,NaN,NaN,NaN,7.985437080660729,5.2342403962230675,NaN,NaN,NaN,NaN,NaN,NaN,NaN,NaN,NaN,NaN,1
2023-03-31,5.261267505040432,5.36,5.1128,5.2342,5.642359829434272,9.171108900752207,5.2342,0,0,217,604,0,0,0,0,NaN,NaN,45.473113607916574,NaN,NaN,NaN,7.985437080660729,5.2342403962230675,NaN,NaN,NaN,NaN,NaN,NaN,NaN,NaN,NaN,NaN,1,0,0,0,0,NaN,NaN,45.473113607916574,NaN,NaN,NaN,7.985437080660729,5.2342403962230675,NaN,NaN,NaN,NaN,NaN,NaN,NaN,NaN,NaN,NaN,1
2023-04-03,5.247733752520216,5.628,5.04,5.347,5.588658042264405,9.11272555875599,5.347,0,0,217,605,0,0,0,0,NaN,NaN,46.92588538985641,NaN,NaN,NaN,7.985437080660729,5.297657000000001,NaN,NaN,NaN,NaN,NaN,NaN,NaN,NaN,NaN,NaN,1,0,0,0,0,NaN,NaN,46.92588538985641,NaN,NaN,NaN,7.985437080660729,5.297657000000001,NaN,NaN,NaN,NaN,NaN,NaN,NaN,NaN,NaN,NaN,1
2023-04-04,5.297366876260108,5.3432,4.56,5.0009999999999994,5.481811125489059,9.049951122744448,5.0009999999999994,0,0,217,606,0,0,0,0,NaN,NaN,49.10876303372676,NaN,NaN,NaN,7.985437080660729,5.168810000000001,NaN,NaN,NaN,NaN,NaN,NaN,NaN,NaN,NaN,NaN,1,0,0,0,0,NaN,NaN,49.10876303372676,NaN,NaN,NaN,7.985437080660729,5.168810000000001,NaN,NaN,NaN,NaN,NaN,NaN,NaN,NaN,NaN,NaN,1
2023-04-05,5.149183438130054,5.232,4.8,4.9932,5.3929727390365025,8.988015991099495,4.9932,0,0,217,607,0,0,0,0,NaN,NaN,51.663139897421885,NaN,NaN,NaN,7.985437080660729,5.1597587,NaN,NaN,NaN,NaN,NaN,NaN,NaN,NaN,NaN,NaN,1,0,0,0,0,NaN,NaN,51.663139897421885,NaN,NaN,NaN,7.985437080660729,5.1597587,NaN,NaN,NaN,NaN,NaN,NaN,NaN,NaN,NaN,NaN,1
2023-04-06,5.071191719065027,5.4408,5.04,5.2620000000000005,5.369159513757139,8.931130250777365,5.2620000000000005,0,0,217,608,0,0,0,0,NaN,NaN,53.716209851270435,NaN,NaN,NaN,7.985437080660729,5.1597587,NaN,NaN,NaN,NaN,NaN,NaN,NaN,NaN,NaN,NaN,1,0,0,0,0,NaN,NaN,53.716209851270435,NaN,NaN,NaN,7.985437080660729,5.1597587,NaN,NaN,NaN,NaN,NaN,NaN,NaN,NaN,NaN,NaN,1
2023-04-10,5.166595859532514,5.44,4.96,5.2158,5.341275965801295,8.874407651528855,5.2158,0,0,217,609,0,0,0,0,NaN,NaN,56.44477600924708,NaN,NaN,NaN,7.985437080660729,5.1597587,NaN,NaN,NaN,NaN,NaN,NaN,NaN,NaN,NaN,NaN,1,0,0,0,0,NaN,NaN,56.44477600924708,NaN,NaN,NaN,7.985437080660729,5.1597587,NaN,NaN,NaN,NaN,NaN,NaN,NaN,NaN,NaN,NaN,1
2023-04-11,5.191197929766257,5.2,4.96,5.0516000000000005,5.288607608382878,8.816044175932996,5.051600000000001,0,0,217,610,0,0,0,0,NaN,NaN,59.566978034263066,NaN,NaN,NaN,7.985437080660729,5.1597587,NaN,NaN,NaN,NaN,NaN,NaN,NaN,NaN,NaN,NaN,1,0,0,0,0,NaN,NaN,59.566978034263066,NaN,NaN,NaN,7.985437080660729,5.1597587,NaN,NaN,NaN,NaN,NaN,NaN,NaN,NaN,NaN,NaN,1
2023-04-12,5.121398964883129,5.1832,4.712,4.9162,5.220897134131445,8.756504570193561,4.9162,0,0,217,611,0,0,0,0,NaN,NaN,63.100190891540706,NaN,NaN,NaN,7.985437080660729,5.108955178,NaN,NaN,NaN,NaN,NaN,NaN,NaN,NaN,NaN,NaN,1,0,0,0,0,NaN,NaN,63.100190891540706,NaN,NaN,NaN,7.985437080660729,5.108955178,NaN,NaN,NaN,NaN,NaN,NaN,NaN,NaN,NaN,NaN,1
2023-04-13,5.0187994824415645,5.0187994824415645,4.6,4.7936,5.143206746107547,8.696002210343279,4.7936,0,0,217,612,0,0,0,0,NaN,NaN,67.50564794591362,NaN,NaN,NaN,7.985437080660729,5.024790211979999,NaN,NaN,NaN,NaN,NaN,NaN,NaN,NaN,NaN,NaN,1,0,0,0,0,NaN,NaN,67.50564794591362,NaN,NaN,NaN,7.985437080660729,5.024790211979999,NaN,NaN,NaN,NaN,NaN,NaN,NaN,NaN,NaN,NaN,1
2023-04-14,4.906199741220782,5.2,4.7504,4.9056,5.100005519542538,8.638133474307503,4.9056,0,0,217,613,0,0,0,0,NaN,NaN,72.49825442993847,NaN,NaN,NaN,7.985437080660729,5.024790211979999,NaN,NaN,NaN,NaN,NaN,NaN,NaN,NaN,NaN,NaN,1,0,0,0,0,NaN,NaN,72.49825442993847,NaN,NaN,NaN,7.985437080660729,5.024790211979999,NaN,NaN,NaN,NaN,NaN,NaN,NaN,NaN,NaN,NaN,1
2023-04-17,4.905899870610391,5.432,4.88,5.1634,5.111531788716622,8.58508410828754,5.1634,0,0,217,614,0,0,0,0,NaN,NaN,76.92090618757264,NaN,NaN,NaN,7.985437080660729,5.024790211979999,NaN,NaN,NaN,NaN,NaN,NaN,NaN,NaN,NaN,NaN,1,0,0,0,0,NaN,NaN,76.92090618757264,NaN,NaN,NaN,7.985437080660729,5.024790211979999,NaN,NaN,NaN,NaN,NaN,NaN,NaN,NaN,NaN,NaN,1
2023-04-18,5.034649935305195,6.3,5.034649935305195,5.708399999999999,5.220053281677236,8.54116526693964,5.708399999999999,0,0,217,615,0,0,0,0,NaN,NaN,79.3906340885938,NaN,NaN,NaN,7.985437080660729,5.3058879999999995,NaN,NaN,NaN,NaN,NaN,NaN,NaN,NaN,NaN,NaN,1,0,0,0,0,NaN,NaN,79.3906340885938,NaN,NaN,NaN,7.985437080660729,5.3058879999999995,NaN,NaN,NaN,NaN,NaN,NaN,NaN,NaN,NaN,NaN,1
2023-04-19,5.371524967652597,5.8,5.371524967652597,5.688599999999999,5.305243594099557,8.497614652177202,5.688599999999999,0,0,217,616,0,0,0,0,NaN,NaN,81.43288669639267,NaN,NaN,NaN,7.985437080660729,5.3058879999999995,NaN,NaN,NaN,NaN,NaN,NaN,NaN,NaN,NaN,NaN,1,0,0,0,0,NaN,NaN,81.43288669639267,NaN,NaN,NaN,7.985437080660729,5.3058879999999995,NaN,NaN,NaN,NaN,NaN,NaN,NaN,NaN,NaN,NaN,1
2023-04-20,5.530062483826298,5.7952,5.4872,5.645999999999999,5.3671993042632735,8.454078550617245,5.645999999999999,0,0,217,617,0,0,0,0,NaN,NaN,84.1591008040435,NaN,NaN,NaN,7.985437080660729,5.3058879999999995,NaN,NaN,NaN,NaN,NaN,NaN,NaN,NaN,NaN,NaN,1,0,0,0,0,NaN,NaN,84.1591008040435,NaN,NaN,NaN,7.985437080660729,5.3058879999999995,NaN,NaN,NaN,NaN,NaN,NaN,NaN,NaN,NaN,NaN,1
2023-04-21,5.588031241913148,5.9904,5.5304,5.6936,5.426544885306314,8.411933839920799,5.6936,0,0,217,618,0,0,0,0,NaN,NaN,86.97212063419634,NaN,NaN,NaN,7.985437080660729,5.3058879999999995,NaN,NaN,NaN,NaN,NaN,NaN,NaN,NaN,NaN,NaN,1,0,0,0,0,NaN,NaN,86.97212063419634,NaN,NaN,NaN,7.985437080660729,5.3058879999999995,NaN,NaN,NaN,NaN,NaN,NaN,NaN,NaN,NaN,NaN,1
2023-04-24,5.640815620956574,5.76,5.36,5.6204,5.461791269796075,8.369315002670099,5.6204,0,0,217,619,0,0,0,0,NaN,NaN,88.76534974913707,NaN,NaN,NaN,7.985437080660729,5.3058879999999995,NaN,NaN,NaN,NaN,NaN,NaN,NaN,NaN,NaN,NaN,1,0,0,0,0,NaN,NaN,88.76534974913707,NaN,NaN,NaN,7.985437080660729,5.3058879999999995,NaN,NaN,NaN,NaN,NaN,NaN,NaN,NaN,NaN,NaN,1
2023-04-25,5.630607810478287,5.76,5.36,5.5396,5.475938311651334,8.326113246904143,5.5396,0,0,217,620,0,0,0,0,NaN,NaN,89.89307280270211,NaN,NaN,NaN,7.985437080660729,5.3058879999999995,NaN,NaN,NaN,NaN,NaN,NaN,NaN,NaN,NaN,NaN,1,0,0,0,0,NaN,NaN,89.89307280270211,NaN,NaN,NaN,7.985437080660729,5.3058879999999995,NaN,NaN,NaN,NaN,NaN,NaN,NaN,NaN,NaN,NaN,1
2023-04-26,5.585103905239143,5.644,5.216,5.457,5.472494982260183,8.282309991226217,5.457,0,0,217,621,0,0,0,0,NaN,NaN,90.17961737099144,NaN,NaN,NaN,7.985437080660729,5.3058879999999995,NaN,NaN,NaN,NaN,NaN,NaN,NaN,NaN,NaN,NaN,1,0,0,0,0,NaN,NaN,90.17961737099144,NaN,NaN,NaN,7.985437080660729,5.3058879999999995,NaN,NaN,NaN,NaN,NaN,NaN,NaN,NaN,NaN,NaN,1
2023-04-27,5.521051952619572,5.6,5.224,5.4306,5.464877712758331,8.23877243410826,5.4306,0,0,217,622,0,0,0,0,NaN,NaN,89.99231061853634,NaN,NaN,NaN,7.985437080660729,5.3058879999999995,NaN,NaN,NaN,NaN,NaN,NaN,NaN,NaN,NaN,NaN,1,0,0,0,0,NaN,NaN,89.99231061853634,NaN,NaN,NaN,7.985437080660729,5.3058879999999995,NaN,NaN,NaN,NaN,NaN,NaN,NaN,NaN,NaN,NaN,1
2023-04-28,5.475825976309785,6.0144,5.2,5.5367999999999995,5.477954492256816,8.197520946564621,5.5367999999999995,0,0,217,623,0,0,0,0,NaN,NaN,89.23842971836687,NaN,NaN,NaN,7.985437080660729,5.3058879999999995,NaN,NaN,NaN,NaN,NaN,NaN,NaN,NaN,NaN,NaN,1,0,0,0,0,NaN,NaN,89.23842971836687,NaN,NaN,NaN,7.985437080660729,5.3058879999999995,NaN,NaN,NaN,NaN,NaN,NaN,NaN,NaN,NaN,NaN,1
2023-05-01,5.5063129881548925,5.6136,5.28,5.4108,5.465744584573759,8.154975588601802,5.4108,0,0,217,624,0,0,0,0,NaN,NaN,88.4943640301745,NaN,NaN,NaN,7.985437080660729,5.3058879999999995,NaN,NaN,NaN,NaN,NaN,NaN,NaN,NaN,NaN,NaN,1,0,0,0,0,NaN,NaN,88.4943640301745,NaN,NaN,NaN,7.985437080660729,5.3058879999999995,NaN,NaN,NaN,NaN,NaN,NaN,NaN,NaN,NaN,NaN,1
2023-05-02,5.458556494077446,5.4688,5.2,5.3244,5.440045569196712,8.111760694119331,5.3244,0,0,217,625,0,0,0,0,NaN,NaN,87.796226091298,NaN,NaN,NaN,7.985437080660729,5.3058879999999995,NaN,NaN,NaN,NaN,NaN,NaN,NaN,NaN,NaN,NaN,1,0,0,0,0,NaN,NaN,87.796226091298,NaN,NaN,NaN,7.985437080660729,5.3058879999999995,NaN,NaN,NaN,NaN,NaN,NaN,NaN,NaN,NaN,NaN,1
2023-05-03,5.391478247038723,5.6,5.1992,5.3996,5.432691829342764,8.070353660621326,5.3996,0,0,217,626,0,0,0,0,NaN,NaN,87.09080057424987,NaN,NaN,NaN,7.985437080660729,5.3058879999999995,NaN,NaN,NaN,NaN,NaN,NaN,NaN,NaN,NaN,NaN,1,0,0,0,0,NaN,NaN,87.09080057424987,NaN,NaN,NaN,7.985437080660729,5.3058879999999995,NaN,NaN,NaN,NaN,NaN,NaN,NaN,NaN,NaN,NaN,1
2023-05-04,5.395539123519361,5.395539123519361,4.8188,5.0061,5.355129678553171,8.023571161985885,5.0061,0,0,217,627,0,0,0,0,NaN,NaN,86.72622492808217,NaN,NaN,NaN,7.985437080660729,5.3058879999999995,NaN,NaN,NaN,NaN,NaN,NaN,NaN,NaN,NaN,NaN,1,0,0,0,0,NaN,NaN,86.72622492808217,NaN,NaN,NaN,7.985437080660729,5.3058879999999995,NaN,NaN,NaN,NaN,NaN,NaN,NaN,NaN,NaN,NaN,1
2023-05-05,5.200819561759681,5.256,4.96,5.074,5.304015191543503,7.978539541192207,5.074,0,0,217,628,0,0,0,0,NaN,NaN,86.16519297242255,NaN,NaN,NaN,7.985437080660729,5.3058879999999995,NaN,NaN,NaN,NaN,NaN,NaN,NaN,NaN,NaN,NaN,1,0,0,0,0,NaN,NaN,86.16519297242255,NaN,NaN,NaN,7.985437080660729,5.3058879999999995,NaN,NaN,NaN,NaN,NaN,NaN,NaN,NaN,NaN,NaN,1
2023-05-08,5.137409780879841,5.5312,4.9736,5.2214,5.288994247626503,7.936445807738891,5.2214,0,0,217,629,0,0,0,0,NaN,NaN,85.51223779402595,NaN,NaN,NaN,7.985437080660729,5.3058879999999995,NaN,NaN,NaN,NaN,NaN,NaN,NaN,NaN,NaN,NaN,1,0,0,0,0,NaN,NaN,85.51223779402595,NaN,NaN,NaN,7.985437080660729,5.3058879999999995,NaN,NaN,NaN,NaN,NaN,NaN,NaN,NaN,NaN,NaN,1
2023-05-09,5.179404890439921,5.988,5.04,5.4376,5.3160134753307755,7.898295490063488,5.4376,0,0,217,630,0,0,0,0,NaN,NaN,84.64662510996496,NaN,NaN,NaN,7.985437080660729,5.3058879999999995,NaN,NaN,NaN,NaN,NaN,NaN,NaN,NaN,NaN,NaN,1,0,0,0,0,NaN,NaN,84.64662510996496,NaN,NaN,NaN,7.985437080660729,5.3058879999999995,NaN,NaN,NaN,NaN,NaN,NaN,NaN,NaN,NaN,NaN,1
2023-05-10,5.30850244521996,5.7192,5.1216,5.4298,5.336701934361543,7.860608536016717,5.4298,0,0,217,631,0,0,0,0,NaN,NaN,83.57945037261368,NaN,NaN,NaN,7.985437080660729,5.3058879999999995,NaN,NaN,NaN,NaN,NaN,NaN,NaN,NaN,NaN,NaN,1,0,0,0,0,NaN,NaN,83.57945037261368,NaN,NaN,NaN,7.985437080660729,5.3058879999999995,NaN,NaN,NaN,NaN,NaN,NaN,NaN,NaN,NaN,NaN,1
2023-05-11,5.369151222609981,5.912,5.369151222609981,5.6874,5.400465219023081,7.827429779741653,5.6874,0,0,217,632,0,0,0,0,NaN,NaN,82.03525471189373,NaN,NaN,NaN,7.985437080660729,5.3058879999999995,NaN,NaN,NaN,NaN,NaN,NaN,NaN,NaN,NaN,NaN,1,0,0,0,0,NaN,NaN,82.03525471189373,NaN,NaN,NaN,7.985437080660729,5.3058879999999995,NaN,NaN,NaN,NaN,NaN,NaN,NaN,NaN,NaN,NaN,1
2023-05-12,5.5282756113049905,6,5.44,5.6975999999999996,5.454489724655248,7.794913294554758,5.697599999999999,0,0,217,633,0,0,0,0,NaN,NaN,80.45585145916483,NaN,NaN,NaN,7.985437080660729,5.3058879999999995,NaN,NaN,NaN,NaN,NaN,NaN,NaN,NaN,NaN,NaN,1,0,0,0,0,NaN,NaN,80.45585145916483,NaN,NaN,NaN,7.985437080660729,5.3058879999999995,NaN,NaN,NaN,NaN,NaN,NaN,NaN,NaN,NaN,NaN,1
2023-05-15,5.612937805652495,6.24,5.6,5.8702,5.530073411081567,7.765528358760029,5.8702,0,0,217,634,0,0,0,0,NaN,NaN,78.2967317593362,NaN,NaN,NaN,7.985437080660729,5.401290359999999,NaN,NaN,NaN,NaN,NaN,NaN,NaN,NaN,NaN,NaN,1,0,0,0,0,NaN,NaN,78.2967317593362,NaN,NaN,NaN,7.985437080660729,5.401290359999999,NaN,NaN,NaN,NaN,NaN,NaN,NaN,NaN,NaN,NaN,1
2023-05-16,5.741568902826247,6,5.376,5.6964,5.560314609066737,7.733938612824761,5.6964,0,0,217,635,0,0,0,0,NaN,NaN,76.30857208934668,NaN,NaN,NaN,7.985437080660729,5.401290359999999,NaN,NaN,NaN,NaN,NaN,NaN,NaN,NaN,NaN,NaN,1,0,0,0,0,NaN,NaN,76.30857208934668,NaN,NaN,NaN,7.985437080660729,5.401290359999999,NaN,NaN,NaN,NaN,NaN,NaN,NaN,NaN,NaN,NaN,1
2023-05-17,5.718984451413123,5.86216,5.426,5.6482399999999995,5.576301043781875,7.7020958859114055,5.6482399999999995,0,0,217,636,0,0,0,0,NaN,NaN,74.41637834138147,NaN,NaN,NaN,7.985437080660729,5.401290359999999,NaN,NaN,NaN,NaN,NaN,NaN,NaN,NaN,NaN,NaN,1,0,0,0,0,NaN,NaN,74.41637834138147,NaN,NaN,NaN,7.985437080660729,5.401290359999999,NaN,NaN,NaN,NaN,NaN,NaN,NaN,NaN,NaN,NaN,1
2023-05-18,5.683612225706561,6,5.44,5.714600000000001,5.601446308548807,7.671752437271537,5.714600000000001,0,0,217,637,0,0,0,0,NaN,NaN,72.36300223412904,NaN,NaN,NaN,7.985437080660729,5.401290359999999,NaN,NaN,NaN,NaN,NaN,NaN,NaN,NaN,NaN,NaN,1,0,0,0,0,NaN,NaN,72.36300223412904,NaN,NaN,NaN,7.985437080660729,5.401290359999999,NaN,NaN,NaN,NaN,NaN,NaN,NaN,NaN,NaN,NaN,1
2023-05-19,5.699106112853281,6.0832,5.699106112853281,5.9674,5.667983343358115,7.645731789374262,5.9674,0,0,217,638,0,0,0,0,NaN,NaN,69.5336067226625,NaN,NaN,NaN,7.985437080660729,5.480940938399999,NaN,NaN,NaN,NaN,NaN,NaN,NaN,NaN,NaN,NaN,1,0,0,0,0,NaN,NaN,69.5336067226625,NaN,NaN,NaN,7.985437080660729,5.480940938399999,NaN,NaN,NaN,NaN,NaN,NaN,NaN,NaN,NaN,NaN,1
2023-05-22,5.83325305642664,6.1064,5.64,5.866,5.703986371838457,7.618560311673892,5.866,0,0,217,639,0,0,0,0,NaN,NaN,66.8272336391692,NaN,NaN,NaN,7.985437080660729,5.480940938399999,NaN,NaN,NaN,NaN,NaN,NaN,NaN,NaN,NaN,NaN,1,0,0,0,0,NaN,NaN,66.8272336391692,NaN,NaN,NaN,7.985437080660729,5.480940938399999,NaN,NaN,NaN,NaN,NaN,NaN,NaN,NaN,NaN,NaN,1
2023-05-23,5.84962652821332,6.204,5.6888,5.9830000000000005,5.754716122413283,7.593589925236122,5.9830000000000005,0,0,217,640,0,0,0,0,NaN,NaN,63.87559150703023,NaN,NaN,NaN,7.985437080660729,5.533224253944,NaN,NaN,NaN,NaN,NaN,NaN,NaN,NaN,NaN,NaN,1,0,0,0,0,NaN,NaN,63.87559150703023,NaN,NaN,NaN,7.985437080660729,5.533224253944,NaN,NaN,NaN,NaN,NaN,NaN,NaN,NaN,NaN,NaN,1
2023-05-24,5.916313264106661,6.184,5.52,5.7952,5.76207682742905,7.5661335904996925,5.7952,0,0,217,641,0,0,0,0,NaN,NaN,61.40799181082475,NaN,NaN,NaN,7.985437080660729,5.533224253944,NaN,NaN,NaN,NaN,NaN,NaN,NaN,NaN,NaN,NaN,1,0,0,0,0,NaN,NaN,61.40799181082475,NaN,NaN,NaN,7.985437080660729,5.533224253944,NaN,NaN,NaN,NaN,NaN,NaN,NaN,NaN,NaN,NaN,1
2023-05-25,5.85575663205333,6.0072,5.612,5.8436,5.77689922244195,7.539835367743972,5.8436,0,0,217,642,0,0,0,0,NaN,NaN,58.77080305936941,NaN,NaN,NaN,7.985437080660729,5.533224253944,NaN,NaN,NaN,NaN,NaN,NaN,NaN,NaN,NaN,NaN,1,0,0,0,0,NaN,NaN,58.77080305936941,NaN,NaN,NaN,7.985437080660729,5.533224253944,NaN,NaN,NaN,NaN,NaN,NaN,NaN,NaN,NaN,NaN,1
2023-05-26,5.849678316026665,6.16,5.688,5.9639999999999995,5.810917545634323,7.515776812511239,5.9639999999999995,0,0,217,643,0,0,0,0,NaN,NaN,55.69519395881021,NaN,NaN,NaN,7.985437080660729,5.533224253944,NaN,NaN,NaN,NaN,NaN,NaN,NaN,NaN,NaN,NaN,1,0,0,0,0,NaN,NaN,55.69519395881021,NaN,NaN,NaN,7.985437080660729,5.533224253944,NaN,NaN,NaN,NaN,NaN,NaN,NaN,NaN,NaN,NaN,1
2023-05-30,5.906839158013332,6.088,5.7432,5.940200000000001,5.834423446428083,7.49172220468664,5.940200000000001,0,0,217,644,0,0,0,0,NaN,NaN,52.6086187455858,NaN,NaN,NaN,7.985437080660729,5.533224253944,NaN,NaN,NaN,NaN,NaN,NaN,NaN,NaN,NaN,NaN,1,0,0,0,0,NaN,NaN,52.6086187455858,NaN,NaN,NaN,7.985437080660729,5.533224253944,NaN,NaN,NaN,NaN,NaN,NaN,NaN,NaN,NaN,NaN,1
2023-05-31,5.923519579006666,6,5.696,5.8662,5.840201001622977,7.466905071790661,5.8662,0,0,217,645,0,0,0,0,NaN,NaN,49.419194555640615,NaN,NaN,NaN,7.985437080660729,5.533224253944,NaN,NaN,NaN,NaN,NaN,NaN,NaN,NaN,NaN,NaN,1,0,0,0,0,NaN,NaN,49.419194555640615,NaN,NaN,NaN,7.985437080660729,5.533224253944,NaN,NaN,NaN,NaN,NaN,NaN,NaN,NaN,NaN,NaN,1
2023-06-01,5.894859789503333,5.904,5.52,5.6684,5.808964455873345,7.439446979091567,5.6684,0,0,217,646,0,0,0,0,NaN,NaN,46.59795986692461,NaN,NaN,NaN,7.985437080660729,5.533224253944,NaN,NaN,NaN,NaN,NaN,NaN,NaN,NaN,NaN,NaN,1,0,0,0,0,NaN,NaN,46.59795986692461,NaN,NaN,NaN,7.985437080660729,5.533224253944,NaN,NaN,NaN,NaN,NaN,NaN,NaN,NaN,NaN,NaN,1
2023-06-02,5.781629894751667,6,5.5296,5.7012,5.789370918441827,7.412908857273376,5.7012,0,0,217,647,0,0,0,0,NaN,NaN,43.551596012172865,NaN,NaN,NaN,7.985437080660729,5.533224253944,NaN,NaN,NaN,NaN,NaN,NaN,NaN,NaN,NaN,NaN,1,0,0,0,0,NaN,NaN,43.551596012172865,NaN,NaN,NaN,7.985437080660729,5.533224253944,NaN,NaN,NaN,NaN,NaN,NaN,NaN,NaN,NaN,NaN,1
2023-06-05,5.741414947375834,5.9376,5.56,5.7194,5.776648933270586,7.387053760215767,5.719399999999999,0,0,217,648,0,0,0,0,NaN,NaN,40.44285738465543,NaN,NaN,NaN,7.985437080660729,5.533224253944,NaN,NaN,NaN,NaN,NaN,NaN,NaN,NaN,NaN,NaN,1,0,0,0,0,NaN,NaN,40.44285738465543,NaN,NaN,NaN,7.985437080660729,5.533224253944,NaN,NaN,NaN,NaN,NaN,NaN,NaN,NaN,NaN,NaN,1
2023-06-06,5.730407473687917,6.86,5.730407473687917,6.083,5.832349127221389,7.367144542502549,6.083000000000001,0,0,217,649,0,0,0,0,NaN,NaN,36.384544601265,NaN,NaN,NaN,7.985437080660729,5.643197343470719,NaN,NaN,NaN,NaN,NaN,NaN,NaN,NaN,NaN,NaN,1,0,0,0,0,NaN,NaN,36.384544601265,NaN,NaN,NaN,7.985437080660729,5.643197343470719,NaN,NaN,NaN,NaN,NaN,NaN,NaN,NaN,NaN,NaN,1
2023-06-07,5.9067037368439586,6.5168,5.6096,5.9888,5.860794740453864,7.34610111437274,5.9888,0,0,217,650,0,0,0,0,NaN,NaN,32.4849176651986,NaN,NaN,NaN,7.985437080660729,5.643197343470719,NaN,NaN,NaN,NaN,NaN,NaN,NaN,NaN,NaN,NaN,1,0,0,0,0,NaN,NaN,32.4849176651986,NaN,NaN,NaN,7.985437080660729,5.643197343470719,NaN,NaN,NaN,NaN,NaN,NaN,NaN,NaN,NaN,NaN,1
2023-06-08,5.94775186842198,5.984,5.5576,5.747199999999999,5.8401411512804335,7.321690410336514,5.747199999999999,0,0,217,651,0,0,0,0,NaN,NaN,29.20611353291347,NaN,NaN,NaN,7.985437080660729,5.643197343470719,NaN,NaN,NaN,NaN,NaN,NaN,NaN,NaN,NaN,NaN,1,0,0,0,0,NaN,NaN,29.20611353291347,NaN,NaN,NaN,7.985437080660729,5.643197343470719,NaN,NaN,NaN,NaN,NaN,NaN,NaN,NaN,NaN,NaN,1
2023-06-09,5.84747593421099,5.8728,5.5368,5.719200000000001,5.818151851047627,7.297224907888628,5.719200000000001,0,0,217,652,0,0,0,0,NaN,NaN,25.85596997763434,NaN,NaN,NaN,7.985437080660729,5.643197343470719,NaN,NaN,NaN,NaN,NaN,NaN,NaN,NaN,NaN,NaN,1,0,0,0,0,NaN,NaN,25.85596997763434,NaN,NaN,NaN,7.985437080660729,5.643197343470719,NaN,NaN,NaN,NaN,NaN,NaN,NaN,NaN,NaN,NaN,1
2023-06-12,5.783337967105496,5.783337967105496,5.208,5.4994,5.760196969038968,7.269777199371244,5.4994,0,0,217,653,0,0,0,0,NaN,NaN,22.944728299605334,NaN,NaN,NaN,7.985437080660729,5.643197343470719,NaN,NaN,NaN,NaN,NaN,NaN,NaN,NaN,NaN,NaN,1,0,0,0,0,NaN,NaN,22.944728299605334,NaN,NaN,NaN,7.985437080660729,5.643197343470719,NaN,NaN,NaN,NaN,NaN,NaN,NaN,NaN,NaN,NaN,1
2023-06-13,5.641368983552748,5.944,5.3716,5.6079,5.732506611031883,7.244405028388477,5.6079,0,0,217,654,0,0,0,0,NaN,NaN,19.619626007912668,NaN,NaN,NaN,7.985437080660729,5.643197343470719,NaN,NaN,NaN,NaN,NaN,NaN,NaN,NaN,NaN,NaN,1,0,0,0,0,NaN,NaN,19.619626007912668,NaN,NaN,NaN,7.985437080660729,5.643197343470719,NaN,NaN,NaN,NaN,NaN,NaN,NaN,NaN,NaN,NaN,1
2023-06-14,5.624634491776374,5.68,5.2296,5.4764,5.685941772662449,7.217412585206973,5.4764,0,0,217,655,0,0,0,0,NaN,NaN,16.441402752878258,NaN,NaN,NaN,7.985437080660729,5.643197343470719,NaN,NaN,NaN,NaN,NaN,NaN,NaN,NaN,NaN,NaN,1,0,0,0,0,NaN,NaN,16.441402752878258,NaN,NaN,NaN,7.985437080660729,5.643197343470719,NaN,NaN,NaN,NaN,NaN,NaN,NaN,NaN,NaN,NaN,1
2023-06-15,5.550517245888187,5.56,5.04,5.297,5.6152250867238225,7.188093309096943,5.297,0,0,217,656,0,0,0,0,NaN,NaN,13.460559682177575,NaN,NaN,NaN,7.985437080660729,5.643197343470719,NaN,NaN,NaN,NaN,NaN,NaN,NaN,NaN,NaN,NaN,1,0,0,0,0,NaN,NaN,13.460559682177575,NaN,NaN,NaN,7.985437080660729,5.643197343470719,NaN,NaN,NaN,NaN,NaN,NaN,NaN,NaN,NaN,NaN,1
2023-06-16,5.423758622944094,5.52,5.12,5.3962,5.575402343683128,7.160736159339738,5.3962,0,0,217,657,0,0,0,0,NaN,NaN,10.184551237060823,NaN,NaN,NaN,7.985437080660729,5.643197343470719,NaN,NaN,NaN,NaN,NaN,NaN,NaN,NaN,NaN,NaN,1,0,0,0,0,NaN,NaN,10.184551237060823,NaN,NaN,NaN,7.985437080660729,5.643197343470719,NaN,NaN,NaN,NaN,NaN,NaN,NaN,NaN,NaN,NaN,1
2023-06-20,5.409979311472047,5.6,5.2008,5.3876,5.541256463013468,7.1336653782811155,5.3876,0,0,217,658,0,0,0,0,NaN,NaN,7.149132753951597,NaN,NaN,NaN,7.985437080660729,5.643197343470719,NaN,NaN,NaN,NaN,NaN,NaN,NaN,NaN,NaN,NaN,1,0,0,0,0,NaN,NaN,7.149132753951597,NaN,NaN,NaN,7.985437080660729,5.643197343470719,NaN,NaN,NaN,NaN,NaN,NaN,NaN,NaN,NaN,NaN,1
2023-06-21,5.3987896557360235,5.5136,5.1256,5.349,5.506300742465565,7.106418578612701,5.349,0,0,217,659,0,0,0,0,NaN,NaN,4.444103058827894,NaN,NaN,NaN,7.985437080660729,5.643197343470719,NaN,NaN,NaN,NaN,NaN,NaN,NaN,NaN,NaN,NaN,1,0,0,0,0,NaN,NaN,4.444103058827894,NaN,NaN,NaN,7.985437080660729,5.643197343470719,NaN,NaN,NaN,NaN,NaN,NaN,NaN,NaN,NaN,NaN,1
2023-06-22,5.373894827868012,5.84,5.24,5.5123999999999995,5.507409698380917,7.082082417107164,5.5123999999999995,0,0,217,660,0,0,0,0,NaN,NaN,2.1527506874301974,NaN,NaN,NaN,7.985437080660729,5.643197343470719,NaN,NaN,NaN,NaN,NaN,NaN,NaN,NaN,NaN,NaN,1,0,0,0,0,NaN,NaN,2.1527506874301974,NaN,NaN,NaN,7.985437080660729,5.643197343470719,NaN,NaN,NaN,NaN,NaN,NaN,NaN,NaN,NaN,NaN,1
2023-06-23,5.443147413934006,5.84,2.8,4.5426,5.33198975322075,7.043311693181863,4.5426,0,0,217,661,0,0,0,0,NaN,NaN,1.894965960083805,NaN,NaN,NaN,7.985437080660729,5.1972700000000005,NaN,NaN,NaN,NaN,NaN,NaN,NaN,NaN,NaN,NaN,1,0,0,0,0,NaN,NaN,1.894965960083805,NaN,NaN,NaN,7.985437080660729,5.1972700000000005,NaN,NaN,NaN,NaN,NaN,NaN,NaN,NaN,NaN,NaN,1
2023-06-26,4.9928737069670035,4.9928737069670035,3.318112,3.711126,5.037287252635159,6.99243862916382,3.7111259999999997,0,0,217,662,0,0,0,0,NaN,NaN,2.993529020503581,NaN,NaN,NaN,7.985437080660729,4.74942079,NaN,NaN,NaN,NaN,NaN,NaN,NaN,NaN,NaN,NaN,1,0,0,0,0,NaN,NaN,2.993529020503581,NaN,NaN,NaN,7.985437080660729,4.74942079,NaN,NaN,NaN,NaN,NaN,NaN,NaN,NaN,NaN,NaN,1
2023-06-27,4.351999853483502,4.351999853483502,3.4008,3.5482,4.766544115792403,6.939854833298723,3.5481999999999996,0,0,217,663,0,0,0,0,NaN,NaN,4.050512009272151,NaN,NaN,NaN,7.985437080660729,4.6007723226,NaN,NaN,NaN,NaN,NaN,NaN,NaN,NaN,NaN,NaN,1,0,0,0,0,NaN,NaN,4.050512009272151,NaN,NaN,NaN,7.985437080660729,4.6007723226,NaN,NaN,NaN,NaN,NaN,NaN,NaN,NaN,NaN,NaN,1
2023-06-28,3.9500999267417507,3.9500999267417507,3.5656,3.6904,4.570881549284693,6.890244835843781,3.6904000000000003,0,0,217,664,0,0,0,0,NaN,NaN,5.203944737076944,NaN,NaN,NaN,7.985437080660729,4.6007723226,NaN,NaN,NaN,NaN,NaN,NaN,NaN,NaN,NaN,NaN,1,0,0,0,0,NaN,NaN,5.203944737076944,NaN,NaN,NaN,7.985437080660729,4.6007723226,NaN,NaN,NaN,NaN,NaN,NaN,NaN,NaN,NaN,NaN,1
2023-06-29,3.820249963370875,4.3984,3.76,4.0992,4.4851212675965675,6.847633464304181,4.0992,0,0,217,665,0,0,0,0,NaN,NaN,5.896567332977228,NaN,NaN,NaN,7.985437080660729,4.6007723226,NaN,NaN,NaN,NaN,NaN,NaN,NaN,NaN,NaN,NaN,1,0,0,0,0,NaN,NaN,5.896567332977228,NaN,NaN,NaN,7.985437080660729,4.6007723226,NaN,NaN,NaN,NaN,NaN,NaN,NaN,NaN,NaN,NaN,1
2023-06-30,3.9597249816854374,4.792,3.9597249816854374,4.446,4.478008309851737,6.810967304543812,4.446,0,0,217,666,0,0,0,0,NaN,NaN,5.713367463411069,NaN,NaN,NaN,7.985437080660729,4.6007723226,NaN,NaN,NaN,NaN,NaN,NaN,NaN,NaN,NaN,NaN,1,0,0,0,0,NaN,NaN,5.713367463411069,NaN,NaN,NaN,7.985437080660729,4.6007723226,NaN,NaN,NaN,NaN,NaN,NaN,NaN,NaN,NaN,NaN,1
2023-07-03,4.202862490842719,4.52,4.202862490842719,4.3856,4.461206798969603,6.773938796077495,4.3856,0,0,217,667,0,0,0,0,NaN,NaN,5.97992045905924,NaN,NaN,NaN,7.985437080660729,4.6007723226,NaN,NaN,NaN,NaN,NaN,NaN,NaN,NaN,NaN,NaN,1,0,0,0,0,NaN,NaN,5.97992045905924,NaN,NaN,NaN,7.985437080660729,4.6007723226,NaN,NaN,NaN,NaN,NaN,NaN,NaN,NaN,NaN,NaN,1
2023-07-05,4.29423124542136,4.64,4.24,4.4368,4.456769199156948,6.738257287740434,4.4368,0,0,217,668,0,0,0,0,NaN,NaN,6.367000964189348,NaN,NaN,NaN,7.023869618042552,4.6007723226,NaN,NaN,NaN,NaN,NaN,NaN,NaN,NaN,NaN,NaN,1,0,0,0,0,NaN,NaN,6.367000964189348,NaN,NaN,NaN,7.023869618042552,4.6007723226,NaN,NaN,NaN,NaN,NaN,NaN,NaN,NaN,NaN,NaN,1
2023-07-06,4.36551562271068,4.36551562271068,3.784,4.1474,4.400520253855685,6.69870221464516,4.1474,0,0,217,669,0,0,0,0,NaN,NaN,7.342588316604423,NaN,NaN,NaN,6.474411953112122,4.6007723226,NaN,NaN,NaN,NaN,NaN,NaN,NaN,NaN,NaN,NaN,1,0,0,0,0,NaN,NaN,7.342588316604423,NaN,NaN,NaN,6.474411953112122,4.6007723226,NaN,NaN,NaN,NaN,NaN,NaN,NaN,NaN,NaN,NaN,1
2023-07-07,4.2564578113553395,4.4992,4.1608,4.347,4.390789298609197,6.66279836403989,4.347,0,0,217,670,0,0,0,0,NaN,NaN,8.617837341717232,NaN,NaN,NaN,6.474411953112122,4.6007723226,NaN,NaN,NaN,NaN,NaN,NaN,NaN,NaN,NaN,NaN,1,0,0,0,0,NaN,NaN,8.617837341717232,NaN,NaN,NaN,6.474411953112122,4.6007723226,NaN,NaN,NaN,NaN,NaN,NaN,NaN,NaN,NaN,NaN,1
2023-07-10,4.30172890567767,4.7832,4.2464,4.5486,4.419482153407524,6.630520526420961,4.5486,0,0,217,671,0,0,0,0,NaN,NaN,9.803239138265367,NaN,NaN,NaN,6.474411953112122,4.6007723226,NaN,NaN,NaN,NaN,NaN,NaN,NaN,NaN,NaN,NaN,1,0,0,0,0,NaN,NaN,9.803239138265367,NaN,NaN,NaN,6.474411953112122,4.6007723226,NaN,NaN,NaN,NaN,NaN,NaN,NaN,NaN,NaN,NaN,1
2023-07-11,4.425164452838835,5.0096,4.425164452838835,4.8404,4.496012670969793,6.603190442048121,4.8404,0,0,217,672,0,0,0,0,NaN,NaN,9.711201329148613,NaN,NaN,NaN,6.474411953112122,4.6007723226,NaN,NaN,NaN,NaN,NaN,NaN,NaN,NaN,NaN,NaN,1,0,0,0,0,NaN,NaN,9.711201329148613,NaN,NaN,NaN,6.474411953112122,4.6007723226,NaN,NaN,NaN,NaN,NaN,NaN,NaN,NaN,NaN,NaN,1
2023-07-12,4.632782226419417,5.6,4.632782226419417,5.1914,4.622446730793467,6.581636389497769,5.1914,0,0,217,673,0,0,0,0,NaN,NaN,9.853595375419877,NaN,NaN,NaN,6.474411953112122,4.6007723226,NaN,NaN,NaN,NaN,NaN,NaN,NaN,NaN,NaN,NaN,1,0,0,0,0,NaN,NaN,9.853595375419877,NaN,NaN,NaN,6.474411953112122,4.6007723226,NaN,NaN,NaN,NaN,NaN,NaN,NaN,NaN,NaN,NaN,1
2023-07-13,4.9120911132097085,5.984,4.9120911132097085,5.7208,4.8221473251946545,6.568493849200093,5.7208,0,0,217,674,0,0,0,0,NaN,NaN,8.846120360530806,NaN,NaN,NaN,6.474411953112122,4.732267,NaN,NaN,NaN,NaN,NaN,NaN,NaN,NaN,NaN,NaN,1,0,0,0,0,NaN,NaN,8.846120360530806,NaN,NaN,NaN,6.474411953112122,4.732267,NaN,NaN,NaN,NaN,NaN,NaN,NaN,NaN,NaN,NaN,1
2023-07-14,5.3164455566048545,5.936,5.128,5.5374,4.952193266068353,6.55275195837261,5.5374,0,0,217,675,0,0,0,0,NaN,NaN,8.600060455232244,NaN,NaN,NaN,6.474411953112122,4.732267,NaN,NaN,NaN,NaN,NaN,NaN,NaN,NaN,NaN,NaN,1,0,0,0,0,NaN,NaN,8.600060455232244,NaN,NaN,NaN,6.474411953112122,4.732267,NaN,NaN,NaN,NaN,NaN,NaN,NaN,NaN,NaN,NaN,1
2023-07-17,5.426922778302427,5.6912,5.24,5.4588,5.044303581328653,6.536050401756235,5.4588,0,0,217,676,0,0,0,0,NaN,NaN,8.359774838479513,NaN,NaN,NaN,6.474411953112122,4.732267,NaN,NaN,NaN,NaN,NaN,NaN,NaN,NaN,NaN,NaN,1,0,0,0,0,NaN,NaN,8.359774838479513,NaN,NaN,NaN,6.474411953112122,4.732267,NaN,NaN,NaN,NaN,NaN,NaN,NaN,NaN,NaN,NaN,1
2023-07-18,5.442861389151213,5.84,5.442861389151213,5.721,5.1673392938143525,6.52360688417217,5.721,0,0,217,677,0,0,0,0,NaN,NaN,7.227848553272785,NaN,NaN,NaN,6.474411953112122,4.76202599,NaN,NaN,NaN,NaN,NaN,NaN,NaN,NaN,NaN,NaN,1,0,0,0,0,NaN,NaN,7.227848553272785,NaN,NaN,NaN,6.474411953112122,4.76202599,NaN,NaN,NaN,NaN,NaN,NaN,NaN,NaN,NaN,NaN,1
2023-07-19,5.581930694575607,5.8392,5.484,5.67,5.25873214948447,6.510574718001602,5.67,0,0,217,678,0,0,0,0,NaN,NaN,7.104559890963561,NaN,NaN,NaN,6.474411953112122,4.76202599,NaN,NaN,NaN,NaN,NaN,NaN,NaN,NaN,NaN,NaN,1,0,0,0,0,NaN,NaN,7.104559890963561,NaN,NaN,NaN,6.474411953112122,4.76202599,NaN,NaN,NaN,NaN,NaN,NaN,NaN,NaN,NaN,NaN,1
2023-07-20,5.625965347287803,5.7352,5.28,5.543799999999999,5.310562667760021,6.495814798642799,5.543799999999999,0,0,217,679,0,0,0,0,NaN,NaN,7.345209567759568,NaN,NaN,NaN,6.474411953112122,4.76202599,NaN,NaN,NaN,NaN,NaN,NaN,NaN,NaN,NaN,NaN,1,0,0,0,0,NaN,NaN,7.345209567759568,NaN,NaN,NaN,6.474411953112122,4.76202599,NaN,NaN,NaN,NaN,NaN,NaN,NaN,NaN,NaN,NaN,1
2023-07-21,5.584882673643901,5.68,5.192,5.436,5.333369455440017,6.4796344200375655,5.436,0,0,217,680,0,0,0,0,NaN,NaN,7.22833837879525,NaN,NaN,NaN,6.474411953112122,4.76202599,NaN,NaN,NaN,NaN,NaN,NaN,NaN,NaN,NaN,NaN,1,0,0,0,0,NaN,NaN,7.22833837879525,NaN,NaN,NaN,6.474411953112122,4.76202599,NaN,NaN,NaN,NaN,NaN,NaN,NaN,NaN,NaN,NaN,1
2023-07-24,5.51044133682195,5.51044133682195,4.5352,5.0318000000000005,5.278538645360014,6.457530077746916,5.0318000000000005,0,0,217,681,0,0,0,0,NaN,NaN,8.12561080212901,NaN,NaN,NaN,6.474411953112122,4.76202599,NaN,NaN,NaN,NaN,NaN,NaN,NaN,NaN,NaN,NaN,1,0,0,0,0,NaN,NaN,8.12561080212901,NaN,NaN,NaN,6.474411953112122,4.76202599,NaN,NaN,NaN,NaN,NaN,NaN,NaN,NaN,NaN,NaN,1
2023-07-25,5.271120668410975,5.52,5.1952,5.4108,5.302586164385466,6.441549465872917,5.4108,0,0,217,682,0,0,0,0,NaN,NaN,8.59914398270849,NaN,NaN,NaN,6.474411953112122,4.76202599,NaN,NaN,NaN,NaN,NaN,NaN,NaN,NaN,NaN,NaN,1,0,0,0,0,NaN,NaN,8.59914398270849,NaN,NaN,NaN,6.474411953112122,4.76202599,NaN,NaN,NaN,NaN,NaN,NaN,NaN,NaN,NaN,NaN,1
2023-07-26,5.340960334205487,5.44,4.9224,5.2126,5.286225043588108,6.422786878607682,5.2126,0,0,217,683,0,0,0,0,NaN,NaN,10.006899942524019,NaN,NaN,NaN,6.474411953112122,4.76202599,NaN,NaN,NaN,NaN,NaN,NaN,NaN,NaN,NaN,NaN,1,0,0,0,0,NaN,NaN,10.006899942524019,NaN,NaN,NaN,6.474411953112122,4.76202599,NaN,NaN,NaN,NaN,NaN,NaN,NaN,NaN,NaN,NaN,1
2023-07-27,5.276780167102744,5.372,4.8888,5.1613999999999995,5.263529581117543,6.403529063667107,5.1613999999999995,0,0,217,684,0,0,0,0,NaN,NaN,12.11242898007264,NaN,NaN,NaN,6.474411953112122,4.76202599,NaN,NaN,NaN,NaN,NaN,NaN,NaN,NaN,NaN,NaN,1,0,0,0,0,NaN,NaN,12.11242898007264,NaN,NaN,NaN,6.474411953112122,4.76202599,NaN,NaN,NaN,NaN,NaN,NaN,NaN,NaN,NaN,NaN,1
2023-07-28,5.219090083551372,5.4392,4.9608,5.2136,5.254451475459808,6.385362207733258,5.2136,0,0,217,685,0,0,0,0,NaN,NaN,13.89998558177465,NaN,NaN,NaN,6.474411953112122,4.76202599,NaN,NaN,NaN,NaN,NaN,NaN,NaN,NaN,NaN,NaN,1,0,0,0,0,NaN,NaN,13.89998558177465,NaN,NaN,NaN,6.474411953112122,4.76202599,NaN,NaN,NaN,NaN,NaN,NaN,NaN,NaN,NaN,NaN,1
2023-07-31,5.216345041775686,5.92,5.216345041775686,5.6318,5.32306029810348,6.373857441202979,5.6318,0,0,217,686,0,0,0,0,NaN,NaN,13.536079084969794,NaN,NaN,NaN,6.474411953112122,4.76202599,NaN,NaN,NaN,NaN,NaN,NaN,NaN,NaN,NaN,NaN,1,0,0,0,0,NaN,NaN,13.536079084969794,NaN,NaN,NaN,6.474411953112122,4.76202599,NaN,NaN,NaN,NaN,NaN,NaN,NaN,NaN,NaN,NaN,1
2023-08-01,5.424072520887843,5.752,5.3528,5.5714,5.368212971175574,6.361606182558659,5.5714,0,0,217,687,0,0,0,0,NaN,NaN,11.81813335041337,NaN,NaN,NaN,6.474411953112122,4.76202599,NaN,NaN,NaN,NaN,NaN,NaN,NaN,NaN,NaN,NaN,1,0,0,0,0,NaN,NaN,11.81813335041337,NaN,NaN,NaN,6.474411953112122,4.76202599,NaN,NaN,NaN,NaN,NaN,NaN,NaN,NaN,NaN,NaN,1
2023-08-02,5.497736260443921,5.497736260443921,5.04,5.252000000000001,5.347083340052743,6.344665630153183,5.252000000000002,0,0,217,688,0,0,0,0,NaN,NaN,11.140571923580064,NaN,NaN,NaN,6.474411953112122,4.76202599,NaN,NaN,NaN,NaN,NaN,NaN,NaN,NaN,NaN,NaN,1,0,0,0,0,NaN,NaN,11.140571923580064,NaN,NaN,NaN,6.474411953112122,4.76202599,NaN,NaN,NaN,NaN,NaN,NaN,NaN,NaN,NaN,NaN,1
2023-08-03,5.3748681302219605,5.5008,5.136,5.3754,5.352231823679517,6.329867681601226,5.3754,0,0,217,689,0,0,0,0,NaN,NaN,10.224876833919588,NaN,NaN,NaN,6.474411953112122,4.76202599,NaN,NaN,NaN,NaN,NaN,NaN,NaN,NaN,NaN,NaN,1,0,0,0,0,NaN,NaN,10.224876833919588,NaN,NaN,NaN,6.474411953112122,4.76202599,NaN,NaN,NaN,NaN,NaN,NaN,NaN,NaN,NaN,NaN,1
2023-08-04,5.375134065110981,5.84,5.2408,5.445,5.369098764828696,6.316358251347772,5.445,0,0,217,690,0,0,0,0,NaN,NaN,9.03401064542214,NaN,NaN,NaN,6.474411953112122,4.76202599,NaN,NaN,NaN,NaN,NaN,NaN,NaN,NaN,NaN,NaN,1,0,0,0,0,NaN,NaN,9.03401064542214,NaN,NaN,NaN,6.474411953112122,4.76202599,NaN,NaN,NaN,NaN,NaN,NaN,NaN,NaN,NaN,NaN,1
2023-08-07,5.4100670325554905,5.912,5.2844,5.6413,5.418589898496205,6.3060520185027675,5.6413,0,0,217,691,0,0,0,0,NaN,NaN,7.569199947335731,NaN,NaN,NaN,6.474411953112122,4.76202599,NaN,NaN,NaN,NaN,NaN,NaN,NaN,NaN,NaN,NaN,1,0,0,0,0,NaN,NaN,7.569199947335731,NaN,NaN,NaN,6.474411953112122,4.76202599,NaN,NaN,NaN,NaN,NaN,NaN,NaN,NaN,NaN,NaN,1
2023-08-08,5.525683516277745,5.6456,5.1608,5.473000000000001,5.428482644224168,6.293333667075244,5.473000000000001,0,0,217,692,0,0,0,0,NaN,NaN,6.7829431708346375,NaN,NaN,NaN,6.474411953112122,4.76202599,NaN,NaN,NaN,NaN,NaN,NaN,NaN,NaN,NaN,NaN,1,0,0,0,0,NaN,NaN,6.7829431708346375,NaN,NaN,NaN,6.474411953112122,4.76202599,NaN,NaN,NaN,NaN,NaN,NaN,NaN,NaN,NaN,NaN,1
2023-08-09,5.499341758138873,5.672,5.1368,5.4556,5.433413072547046,6.280543840096996,5.4556,0,0,217,693,0,0,0,0,NaN,NaN,6.24160578798404,NaN,NaN,NaN,6.474411953112122,4.76202599,NaN,NaN,NaN,NaN,NaN,NaN,NaN,NaN,NaN,NaN,1,0,0,0,0,NaN,NaN,6.24160578798404,NaN,NaN,NaN,6.474411953112122,4.76202599,NaN,NaN,NaN,NaN,NaN,NaN,NaN,NaN,NaN,NaN,1
2023-08-10,5.477470879069436,5.612792,4.8,5.180998,5.387519422993038,6.263756880706202,5.180998,0,0,217,694,0,0,0,0,NaN,NaN,6.340181894271235,NaN,NaN,NaN,6.474411953112122,4.76202599,NaN,NaN,NaN,NaN,NaN,NaN,NaN,NaN,NaN,NaN,1,0,0,0,0,NaN,NaN,6.340181894271235,NaN,NaN,NaN,6.474411953112122,4.76202599,NaN,NaN,NaN,NaN,NaN,NaN,NaN,NaN,NaN,NaN,1
2023-08-11,5.3292344395347175,5.528,4.764,5.0528,5.3266613460852135,6.245268989397711,5.0528,0,0,217,695,0,0,0,0,NaN,NaN,6.460227706443145,NaN,NaN,NaN,6.474411953112122,4.76202599,NaN,NaN,NaN,NaN,NaN,NaN,NaN,NaN,NaN,NaN,1,0,0,0,0,NaN,NaN,6.460227706443145,NaN,NaN,NaN,6.474411953112122,4.76202599,NaN,NaN,NaN,NaN,NaN,NaN,NaN,NaN,NaN,NaN,1
2023-08-14,5.1910172197673585,5.68,5.12,5.340000000000001,5.329086555887902,6.231448088796219,5.340000000000001,0,0,217,696,0,0,0,0,NaN,NaN,6.22857091382132,NaN,NaN,NaN,6.474411953112122,4.76202599,NaN,NaN,NaN,NaN,NaN,NaN,NaN,NaN,NaN,NaN,1,0,0,0,0,NaN,NaN,6.22857091382132,NaN,NaN,NaN,6.474411953112122,4.76202599,NaN,NaN,NaN,NaN,NaN,NaN,NaN,NaN,NaN,NaN,1
2023-08-15,5.26550860988368,5.448,5.2496,5.3176000000000005,5.326998091181011,6.217496209577956,5.3176000000000005,0,0,217,697,0,0,0,0,NaN,NaN,6.225199031323318,NaN,NaN,NaN,6.474411953112122,4.76202599,NaN,NaN,NaN,NaN,NaN,NaN,NaN,NaN,NaN,NaN,1,0,0,0,0,NaN,NaN,6.225199031323318,NaN,NaN,NaN,6.474411953112122,4.76202599,NaN,NaN,NaN,NaN,NaN,NaN,NaN,NaN,NaN,NaN,1
2023-08-16,5.29155430494184,5.472,5.2664,5.341200000000001,5.329580256420827,6.204117641492796,5.341200000000001,0,0,217,698,0,0,0,0,NaN,NaN,6.013969722873252,NaN,NaN,NaN,6.474411953112122,4.76202599,NaN,NaN,NaN,NaN,NaN,NaN,NaN,NaN,NaN,NaN,1,0,0,0,0,NaN,NaN,6.013969722873252,NaN,NaN,NaN,6.474411953112122,4.76202599,NaN,NaN,NaN,NaN,NaN,NaN,NaN,NaN,NaN,NaN,1
2023-08-17,5.3163771524709205,5.512,5.2,5.298,5.32383839161704,6.190283784370768,5.298,0,0,217,699,0,0,0,0,NaN,NaN,6.768889204826331,NaN,NaN,NaN,6.474411953112122,4.76202599,NaN,NaN,NaN,NaN,NaN,NaN,NaN,NaN,NaN,NaN,1,0,0,0,0,NaN,NaN,6.768889204826331,NaN,NaN,NaN,6.474411953112122,4.76202599,NaN,NaN,NaN,NaN,NaN,NaN,NaN,NaN,NaN,NaN,1
2023-08-18,5.30718857623546,5.36,4.9608,5.1674,5.29539504768667,6.174667238044497,5.1674,0,0,217,700,0,0,0,0,NaN,NaN,7.712110403506624,NaN,NaN,NaN,6.474411953112122,4.76202599,NaN,NaN,NaN,NaN,NaN,NaN,NaN,NaN,NaN,NaN,1,0,0,0,0,NaN,NaN,7.712110403506624,NaN,NaN,NaN,6.474411953112122,4.76202599,NaN,NaN,NaN,NaN,NaN,NaN,NaN,NaN,NaN,NaN,1
2023-08-21,5.23729428811773,5.23729428811773,5.0152,5.143800000000001,5.267832311743639,6.158928806929314,5.143800000000001,0,0,217,701,0,0,0,0,NaN,NaN,8.388332808203284,NaN,NaN,NaN,6.474411953112122,4.76202599,NaN,NaN,NaN,NaN,NaN,NaN,NaN,NaN,NaN,NaN,1,0,0,0,0,NaN,NaN,8.388332808203284,NaN,NaN,NaN,6.474411953112122,4.76202599,NaN,NaN,NaN,NaN,NaN,NaN,NaN,NaN,NaN,NaN,1
2023-08-22,5.190547144058865,5.2672,4.64,4.9068000000000005,5.202190073244796,6.139812336594515,4.9068000000000005,0,0,217,702,0,0,0,0,NaN,NaN,9.070861438805665,NaN,NaN,NaN,6.474411953112122,4.76202599,NaN,NaN,NaN,NaN,NaN,NaN,NaN,NaN,NaN,NaN,1,0,0,0,0,NaN,NaN,9.070861438805665,NaN,NaN,NaN,6.474411953112122,4.76202599,NaN,NaN,NaN,NaN,NaN,NaN,NaN,NaN,NaN,NaN,1
2023-08-23,5.048673572029433,5.048673572029433,4.8,4.9412,5.154737332654833,6.121512911608339,4.9412,0,0,217,703,0,0,0,0,NaN,NaN,9.68140392929898,NaN,NaN,NaN,6.474411953112122,4.76202599,NaN,NaN,NaN,NaN,NaN,NaN,NaN,NaN,NaN,NaN,1,0,0,0,0,NaN,NaN,9.68140392929898,NaN,NaN,NaN,6.474411953112122,4.76202599,NaN,NaN,NaN,NaN,NaN,NaN,NaN,NaN,NaN,NaN,1
2023-08-24,4.9949367860147165,4.9949367860147165,4.6408,4.7822,5.0870032721721365,6.101065386240273,4.7822,0,0,217,704,0,0,0,0,NaN,NaN,9.99168418783549,NaN,NaN,NaN,6.474411953112122,4.76202599,NaN,NaN,NaN,NaN,NaN,NaN,NaN,NaN,NaN,NaN,1,0,0,0,0,NaN,NaN,9.99168418783549,NaN,NaN,NaN,6.474411953112122,4.76202599,NaN,NaN,NaN,NaN,NaN,NaN,NaN,NaN,NaN,NaN,1
2023-08-25,4.888568393007358,4.896,4.6208,4.7766,5.030566313595385,6.080844540648818,4.7766,0,0,217,705,0,0,0,0,NaN,NaN,10.235581228968908,NaN,NaN,NaN,6.474411953112122,4.76202599,NaN,NaN,NaN,NaN,NaN,NaN,NaN,NaN,NaN,NaN,1,0,0,0,0,NaN,NaN,10.235581228968908,NaN,NaN,NaN,6.474411953112122,4.76202599,NaN,NaN,NaN,NaN,NaN,NaN,NaN,NaN,NaN,NaN,1
2023-08-28,4.832584196503679,4.872,4.5792,4.755800000000001,4.980608802032587,6.060614853005324,4.755800000000001,0,0,217,706,0,0,0,0,NaN,NaN,10.0740767474073,NaN,NaN,NaN,6.474411953112122,4.76202599,NaN,NaN,NaN,NaN,NaN,NaN,NaN,NaN,NaN,NaN,1,0,0,0,0,NaN,NaN,10.0740767474073,NaN,NaN,NaN,6.474411953112122,4.76202599,NaN,NaN,NaN,NaN,NaN,NaN,NaN,NaN,NaN,NaN,1
2023-08-29,4.794192098251839,4.912,4.56,4.7219999999999995,4.9335890198448435,6.04017798502051,4.7219999999999995,0,0,217,707,0,0,0,0,NaN,NaN,10.312852442940429,NaN,NaN,NaN,6.474411953112122,4.76202599,NaN,NaN,NaN,NaN,NaN,NaN,NaN,NaN,NaN,NaN,1,0,0,0,0,NaN,NaN,10.312852442940429,NaN,NaN,NaN,6.474411953112122,4.76202599,NaN,NaN,NaN,NaN,NaN,NaN,NaN,NaN,NaN,NaN,1
2023-08-30,4.758096049125919,4.7744,4.48,4.5636,4.866318288963963,6.017634809676686,4.5636,0,0,217,708,0,0,0,0,NaN,NaN,10.949841476909583,NaN,NaN,NaN,6.474411953112122,4.76202599,NaN,NaN,NaN,NaN,NaN,NaN,NaN,NaN,NaN,NaN,1,0,0,0,0,NaN,NaN,10.949841476909583,NaN,NaN,NaN,6.474411953112122,4.76202599,NaN,NaN,NaN,NaN,NaN,NaN,NaN,NaN,NaN,NaN,1
2023-08-31,4.660848024562959,5.3,4.34,4.8375,4.861078600061424,5.999617484338111,4.8375,0,0,217,709,0,0,0,0,NaN,NaN,10.751270600277211,NaN,NaN,NaN,6.474411953112122,4.76202599,NaN,NaN,NaN,NaN,NaN,NaN,NaN,NaN,NaN,NaN,1,0,0,0,0,NaN,NaN,10.751270600277211,NaN,NaN,NaN,6.474411953112122,4.76202599,NaN,NaN,NaN,NaN,NaN,NaN,NaN,NaN,NaN,NaN,1
2023-09-01,4.74917401228148,6.1399,4.74917401228148,5.569975,4.98996885459571,5.993058057096308,5.569975,0,0,217,710,0,0,0,0,NaN,NaN,8.120046277156678,NaN,NaN,NaN,6.474411953112122,4.76202599,NaN,NaN,NaN,NaN,NaN,NaN,NaN,NaN,NaN,NaN,1,0,0,0,0,NaN,NaN,8.120046277156678,NaN,NaN,NaN,6.474411953112122,4.76202599,NaN,NaN,NaN,NaN,NaN,NaN,NaN,NaN,NaN,NaN,1
2023-09-05,5.15957450614074,5.62,5.12,5.4,5.0645199719419445,5.984003735613921,5.4,0,0,217,711,0,0,0,0,NaN,NaN,6.353266217221643,NaN,NaN,NaN,6.474411953112122,4.76202599,NaN,NaN,NaN,NaN,NaN,NaN,NaN,NaN,NaN,NaN,1,0,0,0,0,NaN,NaN,6.353266217221643,NaN,NaN,NaN,6.474411953112122,4.76202599,NaN,NaN,NaN,NaN,NaN,NaN,NaN,NaN,NaN,NaN,1
2023-09-06,5.279787253070371,5.6,5.279787253070371,5.4670749999999995,5.137711795225227,5.976111693848823,5.4670749999999995,0,0,217,712,0,0,0,0,NaN,NaN,4.4431731693808825,NaN,NaN,NaN,6.474411953112122,4.76202599,NaN,NaN,NaN,NaN,NaN,NaN,NaN,NaN,NaN,NaN,1,0,0,0,0,NaN,NaN,4.4431731693808825,NaN,NaN,NaN,6.474411953112122,4.76202599,NaN,NaN,NaN,NaN,NaN,NaN,NaN,NaN,NaN,NaN,1
2023-09-07,5.373431126535185,5.51,5.32,5.4375,5.192218741547913,5.967888614553422,5.4375,0,0,217,713,0,0,0,0,NaN,NaN,3.117780407302022,NaN,NaN,NaN,6.474411953112122,4.76202599,NaN,NaN,NaN,NaN,NaN,NaN,NaN,NaN,NaN,NaN,1,0,0,0,0,NaN,NaN,3.117780407302022,NaN,NaN,NaN,6.474411953112122,4.76202599,NaN,NaN,NaN,NaN,NaN,NaN,NaN,NaN,NaN,NaN,1
2023-09-08,5.405465563267592,5.5279,5.35,5.429475,5.235356243084657,5.9596685593694,5.429475,0,0,217,714,0,0,0,0,NaN,NaN,1.956938841672085,NaN,NaN,NaN,6.474411953112122,4.76202599,NaN,NaN,NaN,NaN,NaN,NaN,NaN,NaN,NaN,NaN,1,0,0,0,0,NaN,NaN,1.956938841672085,NaN,NaN,NaN,6.474411953112122,4.76202599,NaN,NaN,NaN,NaN,NaN,NaN,NaN,NaN,NaN,NaN,1
2023-09-11,5.417470281633796,5.89,5.33,5.54,5.290746017069265,5.953261405791242,5.54,0,0,217,715,0,0,0,0,NaN,NaN,0.8489644611787136,NaN,NaN,NaN,6.474411953112122,4.76202599,NaN,NaN,NaN,NaN,NaN,NaN,NaN,NaN,NaN,NaN,1,0,0,0,0,NaN,NaN,0.8489644611787136,NaN,NaN,NaN,6.474411953112122,4.76202599,NaN,NaN,NaN,NaN,NaN,NaN,NaN,NaN,NaN,NaN,1
2023-09-12,5.478735140816898,5.96,5.478735140816898,5.69125,5.363564923056671,5.949261231657024,5.69125,0,0,217,716,0,0,0,0,NaN,NaN,0.13736429414506826,NaN,NaN,NaN,6.474411953112122,4.76202599,NaN,NaN,NaN,NaN,NaN,NaN,NaN,NaN,NaN,NaN,1,0,0,0,0,NaN,NaN,0.13736429414506826,NaN,NaN,NaN,6.474411953112122,4.76202599,NaN,NaN,NaN,NaN,NaN,NaN,NaN,NaN,NaN,NaN,1
2023-09-13,5.584992570408449,5.97,5.584992570408449,5.781025,5.439466755228185,5.946692739570658,5.781025,0,0,217,717,1,0,0,0,NaN,NaN,0.038637231424290625,NaN,NaN,NaN,6.474411953112122,4.8513776806,NaN,NaN,NaN,NaN,NaN,NaN,NaN,NaN,NaN,NaN,1,1,0,0,0,NaN,NaN,0.038637231424290625,NaN,NaN,NaN,6.474411953112122,4.8513776806,NaN,NaN,NaN,NaN,NaN,NaN,NaN,NaN,NaN,NaN,1
2023-09-14,5.683008785204224,5.83,5.65,5.732500000000001,5.492745527004879,5.943422621409273,5.732500000000001,0,0,217,718,0,0,0,0,NaN,NaN,0.42735244476693823,NaN,NaN,NaN,6.474411953112122,4.8513776806,NaN,NaN,NaN,NaN,NaN,NaN,NaN,NaN,NaN,NaN,1,0,0,0,0,NaN,NaN,0.42735244476693823,NaN,NaN,NaN,6.474411953112122,4.8513776806,NaN,NaN,NaN,NaN,NaN,NaN,NaN,NaN,NaN,NaN,1
2023-09-15,5.707754392602112,5.707754392602112,5.4347,5.566175,5.506096340276719,5.937663115738903,5.566175,0,0,217,719,0,0,0,0,NaN,NaN,1.1132071939965096,NaN,NaN,NaN,6.474411953112122,4.8513776806,NaN,NaN,NaN,NaN,NaN,NaN,NaN,NaN,NaN,NaN,1,0,0,0,0,NaN,NaN,1.1132071939965096,NaN,NaN,NaN,6.474411953112122,4.8513776806,NaN,NaN,NaN,NaN,NaN,NaN,NaN,NaN,NaN,NaN,1
2023-09-18,5.636964696301057,5.636964696301057,5.32,5.4399750000000004,5.494074278408225,5.9300648238955604,5.4399750000000004,0,0,217,720,0,0,0,0,NaN,NaN,2.006015537026692,NaN,NaN,NaN,6.474411953112122,4.8513776806,NaN,NaN,NaN,NaN,NaN,NaN,NaN,NaN,NaN,NaN,1,0,0,0,0,NaN,NaN,2.006015537026692,NaN,NaN,NaN,6.474411953112122,4.8513776806,NaN,NaN,NaN,NaN,NaN,NaN,NaN,NaN,NaN,NaN,1
2023-09-19,5.538469848150529,5.538469848150529,5.16,5.27,5.4533335005158206,5.9199874983399035,5.27,0,0,217,721,0,0,0,0,NaN,NaN,3.6245723669739096,NaN,NaN,NaN,6.474411953112122,4.8513776806,NaN,NaN,NaN,NaN,NaN,NaN,NaN,NaN,NaN,NaN,1,0,0,0,0,NaN,NaN,3.6245723669739096,NaN,NaN,NaN,6.474411953112122,4.8513776806,NaN,NaN,NaN,NaN,NaN,NaN,NaN,NaN,NaN,NaN,1
2023-09-20,5.404234924075264,5.42,5.11,5.2675,5.419545591331126,5.910025857143874,5.2675,0,0,217,722,0,0,0,0,NaN,NaN,5.608159562863693,NaN,NaN,NaN,6.474411953112122,4.8513776806,NaN,NaN,NaN,NaN,NaN,NaN,NaN,NaN,NaN,NaN,1,0,0,0,0,NaN,NaN,5.608159562863693,NaN,NaN,NaN,6.474411953112122,4.8513776806,NaN,NaN,NaN,NaN,NaN,NaN,NaN,NaN,NaN,NaN,1
2023-09-21,5.335867462037632,5.335867462037632,4.905,5.07625,5.357128211089103,5.897296454744731,5.07625,0,0,217,723,0,0,0,0,NaN,NaN,6.917536783850416,NaN,NaN,NaN,6.474411953112122,4.8513776806,NaN,NaN,NaN,NaN,NaN,NaN,NaN,NaN,NaN,NaN,1,0,0,0,0,NaN,NaN,6.917536783850416,NaN,NaN,NaN,6.474411953112122,4.8513776806,NaN,NaN,NaN,NaN,NaN,NaN,NaN,NaN,NaN,NaN,1
2023-09-22,5.206058731018816,5.206058731018816,4.96,5.07,5.304923081800175,5.884665974519621,5.07,0,0,217,724,0,0,0,0,NaN,NaN,8.339868736879756,NaN,NaN,NaN,6.474411953112122,4.8513776806,NaN,NaN,NaN,NaN,NaN,NaN,NaN,NaN,NaN,NaN,1,0,0,0,0,NaN,NaN,8.339868736879756,NaN,NaN,NaN,6.474411953112122,4.8513776806,NaN,NaN,NaN,NaN,NaN,NaN,NaN,NaN,NaN,NaN,1
2023-09-25,5.138029365509408,5.138029365509408,4.81,4.9425,5.239027976018325,5.870281761168176,4.9425,0,0,217,725,0,0,0,0,NaN,NaN,8.839327379878771,NaN,NaN,NaN,6.474411953112122,4.8513776806,NaN,NaN,NaN,NaN,NaN,NaN,NaN,NaN,NaN,NaN,1,0,0,0,0,NaN,NaN,8.839327379878771,NaN,NaN,NaN,6.474411953112122,4.8513776806,NaN,NaN,NaN,NaN,NaN,NaN,NaN,NaN,NaN,NaN,1
2023-09-26,5.040264682754704,5.040264682754704,4.93,4.9590749999999995,5.188127434924084,5.856370207562555,4.9590749999999995,0,0,217,726,0,0,0,0,NaN,NaN,9.832716360915624,NaN,NaN,NaN,6.474411953112122,4.8513776806,NaN,NaN,NaN,NaN,NaN,NaN,NaN,NaN,NaN,NaN,1,0,0,0,0,NaN,NaN,9.832716360915624,NaN,NaN,NaN,6.474411953112122,4.8513776806,NaN,NaN,NaN,NaN,NaN,NaN,NaN,NaN,NaN,NaN,1
2023-09-27,4.999669841377352,5.17,4.97,5.057499999999999,5.164376992210614,5.844173715844042,5.057499999999999,0,0,217,727,0,0,0,0,NaN,NaN,10.786657227122157,NaN,NaN,NaN,6.474411953112122,4.8513776806,NaN,NaN,NaN,NaN,NaN,NaN,NaN,NaN,NaN,NaN,1,0,0,0,0,NaN,NaN,10.786657227122157,NaN,NaN,NaN,6.474411953112122,4.8513776806,NaN,NaN,NaN,NaN,NaN,NaN,NaN,NaN,NaN,NaN,1
2023-09-28,5.028584920688676,5.1,4.8252,4.9763,5.130181175445048,5.830923735449477,4.976300000000001,0,0,217,728,0,0,0,0,NaN,NaN,10.911119317532272,NaN,NaN,NaN,6.474411953112122,4.8513776806,NaN,NaN,NaN,NaN,NaN,NaN,NaN,NaN,NaN,NaN,1,0,0,0,0,NaN,NaN,10.911119317532272,NaN,NaN,NaN,6.474411953112122,4.8513776806,NaN,NaN,NaN,NaN,NaN,NaN,NaN,NaN,NaN,NaN,1
2023-09-29,5.002442460344338,5.002442460344338,4.86,4.9325,5.094239143545948,5.817207342541852,4.9325,0,0,217,729,0,0,0,0,NaN,NaN,11.271830770548616,NaN,NaN,NaN,6.474411953112122,4.8513776806,NaN,NaN,NaN,NaN,NaN,NaN,NaN,NaN,NaN,NaN,1,0,0,0,0,NaN,NaN,11.271830770548616,NaN,NaN,NaN,6.474411953112122,4.8513776806,NaN,NaN,NaN,NaN,NaN,NaN,NaN,NaN,NaN,NaN,1
2023-10-02,4.967471230172169,4.967471230172169,4.68,4.795,5.039832026537594,5.801601123571747,4.795,0,0,217,730,0,0,0,0,NaN,NaN,11.170832461977549,NaN,NaN,NaN,6.474411953112122,4.8513776806,NaN,NaN,NaN,NaN,NaN,NaN,NaN,NaN,NaN,NaN,1,0,0,0,0,NaN,NaN,11.170832461977549,NaN,NaN,NaN,6.474411953112122,4.8513776806,NaN,NaN,NaN,NaN,NaN,NaN,NaN,NaN,NaN,NaN,1
2023-10-03,4.8812356150860845,4.8812356150860845,4.12,4.425000000000001,4.928044385348941,5.780584312524851,4.425000000000001,0,0,217,731,0,0,0,0,NaN,NaN,9.667330812579603,NaN,NaN,NaN,6.474411953112122,4.8513776806,NaN,NaN,NaN,NaN,NaN,NaN,NaN,NaN,NaN,NaN,1,0,0,0,0,NaN,NaN,9.667330812579603,NaN,NaN,NaN,6.474411953112122,4.8513776806,NaN,NaN,NaN,NaN,NaN,NaN,NaN,NaN,NaN,NaN,1
2023-10-04,4.653117807543042,4.653117807543042,4.17,4.335000000000001,4.820218133467316,5.758514323020655,4.335000000000001,0,0,217,732,0,0,0,0,NaN,NaN,8.590196975423599,NaN,NaN,NaN,6.474411953112122,4.8513776806,NaN,NaN,NaN,NaN,NaN,NaN,NaN,NaN,NaN,NaN,1,0,0,0,0,NaN,NaN,8.590196975423599,NaN,NaN,NaN,6.474411953112122,4.8513776806,NaN,NaN,NaN,NaN,NaN,NaN,NaN,NaN,NaN,NaN,1
2023-10-05,4.4940589037715215,4.8322,4.23,4.53805,4.768914836473258,5.739881279921103,4.53805,0,0,217,733,0,0,0,0,NaN,NaN,5.900922661004566,NaN,NaN,NaN,6.474411953112122,4.8513776806,NaN,NaN,NaN,NaN,NaN,NaN,NaN,NaN,NaN,NaN,1,0,0,0,0,NaN,NaN,5.900922661004566,NaN,NaN,NaN,6.474411953112122,4.8513776806,NaN,NaN,NaN,NaN,NaN,NaN,NaN,NaN,NaN,NaN,1
2023-10-06,4.516054451885761,4.516054451885761,4.12,4.2041,4.6662212298417565,5.716434237479559,4.2041,0,0,217,734,0,0,0,0,NaN,NaN,2.0092373151008007,NaN,NaN,NaN,6.474411953112122,4.8513776806,NaN,NaN,NaN,NaN,NaN,NaN,NaN,NaN,NaN,NaN,1,0,0,0,0,NaN,NaN,2.0092373151008007,NaN,NaN,NaN,6.474411953112122,4.8513776806,NaN,NaN,NaN,NaN,NaN,NaN,NaN,NaN,NaN,NaN,1
2023-10-09,4.360077225942881,4.360077225942881,4.06,4.1019499999999995,4.563626460779619,5.691785623166894,4.1019499999999995,0,0,217,735,0,0,0,0,NaN,NaN,0.041360748599856334,NaN,NaN,NaN,6.474411953112122,4.8513776806,NaN,NaN,NaN,NaN,NaN,NaN,NaN,NaN,NaN,NaN,1,0,0,0,0,NaN,NaN,0.041360748599856334,NaN,NaN,NaN,6.474411953112122,4.8513776806,NaN,NaN,NaN,NaN,NaN,NaN,NaN,NaN,NaN,NaN,1
2023-10-10,4.23101361297144,4.2958,4.08,4.15145,4.488685286092416,5.6682690487673995,4.15145,0,0,217,736,0,0,0,0,NaN,NaN,1.0291912884378367,NaN,NaN,NaN,6.474411953112122,4.8513776806,NaN,NaN,NaN,NaN,NaN,NaN,NaN,NaN,NaN,NaN,1,0,0,0,0,NaN,NaN,1.0291912884378367,NaN,NaN,NaN,6.474411953112122,4.8513776806,NaN,NaN,NaN,NaN,NaN,NaN,NaN,NaN,NaN,NaN,1
2023-10-11,4.191231806485719,4.24,4.09,4.15,4.427106143166522,5.645089368633546,4.15,0,0,217,737,0,0,0,0,NaN,NaN,4.14663487131287,NaN,NaN,NaN,6.474411953112122,4.8513776806,NaN,NaN,NaN,NaN,NaN,NaN,NaN,NaN,NaN,NaN,1,0,0,0,0,NaN,NaN,4.14663487131287,NaN,NaN,NaN,6.474411953112122,4.8513776806,NaN,NaN,NaN,NaN,NaN,NaN,NaN,NaN,NaN,NaN,1
2023-10-12,4.17061590324286,4.17061590324286,3.85,4.015,4.352177753499882,5.620202508043722,4.015,0,0,217,738,0,0,0,0,NaN,NaN,8.242600280491585,NaN,NaN,NaN,6.474411953112122,4.8513776806,NaN,NaN,NaN,NaN,NaN,NaN,NaN,NaN,NaN,NaN,1,0,0,0,0,NaN,NaN,8.242600280491585,NaN,NaN,NaN,6.474411953112122,4.8513776806,NaN,NaN,NaN,NaN,NaN,NaN,NaN,NaN,NaN,NaN,1
2023-10-13,4.092807951621429,4.092807951621429,3.67,3.815,4.254509071045359,5.592642164409466,3.815,0,0,217,739,0,0,0,1,NaN,NaN,14.06053963622973,NaN,NaN,NaN,6.474411953112122,4.709541375,NaN,NaN,NaN,NaN,NaN,NaN,NaN,NaN,NaN,NaN,1,0,0,0,1,NaN,NaN,14.06053963622973,NaN,NaN,NaN,6.474411953112122,4.709541375,NaN,NaN,NaN,NaN,NaN,NaN,NaN,NaN,NaN,NaN,1
2023-10-16,3.9539039758107144,3.9539039758107144,3.69,3.7775,4.167780149037111,5.564930070296344,3.7775,0,0,217,740,0,0,0,0,NaN,NaN,20.629268594707455,NaN,NaN,NaN,6.474411953112122,4.66339263375,NaN,NaN,NaN,NaN,NaN,NaN,NaN,NaN,NaN,NaN,1,0,0,0,0,NaN,NaN,20.629268594707455,NaN,NaN,NaN,6.474411953112122,4.66339263375,NaN,NaN,NaN,NaN,NaN,NaN,NaN,NaN,NaN,NaN,1
2023-10-17,3.865701987905357,3.865701987905357,3.57,3.69405,4.081647394666727,5.536367015788003,3.69405,0,0,217,741,0,0,0,0,NaN,NaN,30.0797720847579,NaN,NaN,NaN,6.474411953112122,4.566010575725,NaN,NaN,NaN,NaN,NaN,NaN,NaN,NaN,NaN,NaN,1,0,0,0,0,NaN,NaN,30.0797720847579,NaN,NaN,NaN,6.474411953112122,4.566010575725,NaN,NaN,NaN,NaN,NaN,NaN,NaN,NaN,NaN,NaN,1
2023-10-18,3.7798759939526785,3.7798759939526785,3.67,3.7025,4.0127115047273225,5.508369046081316,3.7025,0,0,217,742,0,0,0,0,NaN,NaN,38.87678031353603,NaN,NaN,NaN,6.474411953112122,4.566010575725,NaN,NaN,NaN,NaN,NaN,NaN,NaN,NaN,NaN,NaN,1,0,0,0,0,NaN,NaN,38.87678031353603,NaN,NaN,NaN,6.474411953112122,4.566010575725,NaN,NaN,NaN,NaN,NaN,NaN,NaN,NaN,NaN,NaN,1
2023-10-19,3.7411879969763393,3.8,3.61,3.705,3.956763958413264,5.480836694232746,3.705,0,0,217,743,0,0,0,0,NaN,NaN,46.4096689478138,NaN,NaN,NaN,6.474411953112122,4.566010575725,NaN,NaN,NaN,NaN,NaN,NaN,NaN,NaN,NaN,NaN,1,0,0,0,0,NaN,NaN,46.4096689478138,NaN,NaN,NaN,6.474411953112122,4.566010575725,NaN,NaN,NaN,NaN,NaN,NaN,NaN,NaN,NaN,NaN,1
2023-10-20,3.72309399848817,3.75,3.53,3.655,3.901897784156307,5.4529613248551465,3.655,0,0,217,744,0,0,0,0,NaN,NaN,51.81813352565187,NaN,NaN,NaN,6.474411953112122,4.46625187390975,NaN,NaN,NaN,NaN,NaN,NaN,NaN,NaN,NaN,NaN,1,0,0,0,0,NaN,NaN,51.81813352565187,NaN,NaN,NaN,6.474411953112122,4.46625187390975,NaN,NaN,NaN,NaN,NaN,NaN,NaN,NaN,NaN,NaN,1
2023-10-23,3.689046999244085,3.689046999244085,3.37,3.505,3.8297345506733422,5.423221457300106,3.505,0,0,217,745,0,0,0,0,NaN,NaN,54.97849008054977,NaN,NaN,NaN,6.474411953112122,4.284901649040579,NaN,NaN,NaN,NaN,NaN,NaN,NaN,NaN,NaN,NaN,1,0,0,0,0,NaN,NaN,54.97849008054977,NaN,NaN,NaN,6.474411953112122,4.284901649040579,NaN,NaN,NaN,NaN,NaN,NaN,NaN,NaN,NaN,NaN,1
2023-10-24,3.5970234996220425,3.74,3.47,3.6075000000000004,3.7893282687327345,5.3955005190207155,3.6075,0,0,217,746,0,0,0,0,NaN,NaN,55.95823228378869,NaN,NaN,NaN,6.474411953112122,4.284901649040579,NaN,NaN,NaN,NaN,NaN,NaN,NaN,NaN,NaN,NaN,1,0,0,0,0,NaN,NaN,55.95823228378869,NaN,NaN,NaN,6.474411953112122,4.284901649040579,NaN,NaN,NaN,NaN,NaN,NaN,NaN,NaN,NaN,NaN,1
2023-10-25,3.6022617498110217,3.75,3.52,3.6125,3.757177674417692,5.3682791370509335,3.6125,0,0,217,747,0,0,0,0,NaN,NaN,57.44466049382761,NaN,NaN,NaN,6.474411953112122,4.284901649040579,NaN,NaN,NaN,NaN,NaN,NaN,NaN,NaN,NaN,NaN,1,0,0,0,0,NaN,NaN,57.44466049382761,NaN,NaN,NaN,6.474411953112122,4.284901649040579,NaN,NaN,NaN,NaN,NaN,NaN,NaN,NaN,NaN,NaN,1
2023-10-26,3.6073808749055107,3.65,3.272,3.4655,3.7041453699781117,5.33922907388985,3.4655,0,0,217,748,0,0,0,0,NaN,NaN,59.16142387987342,NaN,NaN,NaN,6.474411953112122,4.145203901684493,NaN,NaN,NaN,NaN,NaN,NaN,NaN,NaN,NaN,NaN,1,0,0,0,0,NaN,NaN,59.16142387987342,NaN,NaN,NaN,6.474411953112122,4.145203901684493,NaN,NaN,NaN,NaN,NaN,NaN,NaN,NaN,NaN,NaN,1
2023-10-27,3.5364404374527556,3.5364404374527556,3.345,3.42375,3.653164393618455,5.309985118563287,3.42375,0,0,217,749,0,0,0,0,NaN,NaN,60.0120738717945,NaN,NaN,NaN,6.474411953112122,3.998224699381284,NaN,NaN,NaN,NaN,NaN,NaN,NaN,NaN,NaN,NaN,1,0,0,0,0,NaN,NaN,60.0120738717945,NaN,NaN,NaN,6.474411953112122,3.998224699381284,NaN,NaN,NaN,NaN,NaN,NaN,NaN,NaN,NaN,NaN,1
2023-10-30,3.480095218726378,3.56,3.29,3.4475,3.6157708675060087,5.281550231256977,3.4475,0,0,217,750,0,0,0,0,NaN,NaN,60.930440666733354,NaN,NaN,NaN,6.474411953112122,3.998224699381284,NaN,NaN,NaN,NaN,NaN,NaN,NaN,NaN,NaN,NaN,1,0,0,0,0,NaN,NaN,60.930440666733354,NaN,NaN,NaN,6.474411953112122,3.998224699381284,NaN,NaN,NaN,NaN,NaN,NaN,NaN,NaN,NaN,NaN,1
2023-10-31,3.463797609363189,3.66,3.415,3.54125,3.6022216188685525,5.254980762077482,3.54125,0,0,217,751,0,0,0,0,NaN,NaN,62.06247574862992,NaN,NaN,NaN,6.474411953112122,3.998224699381284,NaN,NaN,NaN,NaN,NaN,NaN,NaN,NaN,NaN,NaN,1,0,0,0,0,NaN,NaN,62.06247574862992,NaN,NaN,NaN,6.474411953112122,3.998224699381284,NaN,NaN,NaN,NaN,NaN,NaN,NaN,NaN,NaN,NaN,1
2023-11-01,3.5025238046815943,3.615,3.5025238046815943,3.57625,3.5974995063469977,5.229351284793856,3.57625,0,0,217,752,0,0,0,0,NaN,NaN,63.3933420623262,NaN,NaN,NaN,6.474411953112122,3.998224699381284,NaN,NaN,NaN,NaN,NaN,NaN,NaN,NaN,NaN,NaN,1,0,0,0,0,NaN,NaN,63.3933420623262,NaN,NaN,NaN,6.474411953112122,3.998224699381284,NaN,NaN,NaN,NaN,NaN,NaN,NaN,NaN,NaN,NaN,1
2023-11-02,3.539386902340797,3.899,3.539386902340797,3.74725,3.6247268688293617,5.206723784262652,3.74725,0,0,217,753,0,0,0,0,NaN,NaN,65.9493833691232,NaN,NaN,NaN,6.457373865749514,3.998224699381284,NaN,NaN,NaN,NaN,NaN,NaN,NaN,NaN,NaN,NaN,1,0,0,0,0,NaN,NaN,65.9493833691232,NaN,NaN,NaN,6.457373865749514,3.998224699381284,NaN,NaN,NaN,NaN,NaN,NaN,NaN,NaN,NaN,NaN,1
2023-11-03,3.6433184511703987,4.2427,3.6433184511703987,4.030675,3.6985356199512958,5.188768840991467,4.030675,0,0,217,754,0,0,0,0,NaN,NaN,66.28029658958276,NaN,NaN,NaN,5.798361697196718,3.998224699381284,NaN,NaN,NaN,NaN,NaN,NaN,NaN,NaN,NaN,NaN,1,0,0,0,0,NaN,NaN,66.28029658958276,NaN,NaN,NaN,5.798361697196718,3.998224699381284,NaN,NaN,NaN,NaN,NaN,NaN,NaN,NaN,NaN,NaN,1
2023-11-06,3.836996725585199,4.1972,3.836996725585199,4.0992999999999995,3.771401870869242,5.172135728915261,4.0992999999999995,0,0,217,755,0,0,0,0,NaN,NaN,66.99240515209218,NaN,NaN,NaN,5.798361697196718,3.998224699381284,NaN,NaN,NaN,NaN,NaN,NaN,NaN,NaN,NaN,NaN,1,0,0,0,0,NaN,NaN,66.99240515209218,NaN,NaN,NaN,5.798361697196718,3.998224699381284,NaN,NaN,NaN,NaN,NaN,NaN,NaN,NaN,NaN,NaN,1
2023-11-07,3.9681483627925993,4.17,3.94,4.0725,3.8261469852566528,5.155347397176097,4.0725,0,0,217,756,0,0,0,0,NaN,NaN,67.88067379717208,NaN,NaN,NaN,5.798361697196718,3.998224699381284,NaN,NaN,NaN,NaN,NaN,NaN,NaN,NaN,NaN,NaN,1,0,0,0,0,NaN,NaN,67.88067379717208,NaN,NaN,NaN,5.798361697196718,3.998224699381284,NaN,NaN,NaN,NaN,NaN,NaN,NaN,NaN,NaN,NaN,1
2023-11-08,4.020324181396299,4.68,4.020324181396299,4.385,3.9277566243008977,5.143586368211577,4.385,0,0,217,757,0,0,0,0,NaN,NaN,67.33122428508653,NaN,NaN,NaN,5.798361697196718,3.998224699381284,NaN,NaN,NaN,NaN,NaN,NaN,NaN,NaN,NaN,NaN,1,0,0,0,0,NaN,NaN,67.33122428508653,NaN,NaN,NaN,5.798361697196718,3.998224699381284,NaN,NaN,NaN,NaN,NaN,NaN,NaN,NaN,NaN,NaN,1
2023-11-09,4.2026620906981496,4.82,4.2026620906981496,4.602500000000001,4.050437238064371,5.135325507628194,4.602500000000001,0,0,217,758,0,0,0,0,NaN,NaN,64.44851359959128,NaN,NaN,NaN,5.798361697196718,4.1368937500000005,NaN,NaN,NaN,NaN,NaN,NaN,NaN,NaN,NaN,NaN,1,0,0,0,0,NaN,NaN,64.44851359959128,NaN,NaN,NaN,5.798361697196718,4.1368937500000005,NaN,NaN,NaN,NaN,NaN,NaN,NaN,NaN,NaN,NaN,1
2023-11-10,4.402581045349075,4.65,4.402581045349075,4.6,4.150357740234486,5.127152599114786,4.6,0,0,217,759,0,0,0,0,NaN,NaN,61.632196093445,NaN,NaN,NaN,5.798361697196718,4.1368937500000005,NaN,NaN,NaN,NaN,NaN,NaN,NaN,NaN,NaN,NaN,1,0,0,0,0,NaN,NaN,61.632196093445,NaN,NaN,NaN,5.798361697196718,4.1368937500000005,NaN,NaN,NaN,NaN,NaN,NaN,NaN,NaN,NaN,NaN,1
2023-11-13,4.501290522674537,4.81,4.501290522674537,4.64825,4.240883605646397,5.119841109051965,4.64825,0,0,217,760,0,0,0,0,NaN,NaN,59.43031419601403,NaN,NaN,NaN,5.798361697196718,4.1744231875,NaN,NaN,NaN,NaN,NaN,NaN,NaN,NaN,NaN,NaN,1,0,0,0,0,NaN,NaN,59.43031419601403,NaN,NaN,NaN,5.798361697196718,4.1744231875,NaN,NaN,NaN,NaN,NaN,NaN,NaN,NaN,NaN,NaN,1
2023-11-14,4.574770261337269,5.13,4.574770261337269,4.895,4.359813859165234,5.116408420364149,4.895,0,0,217,761,0,0,0,0,NaN,NaN,55.46596925128123,NaN,NaN,NaN,5.798361697196718,4.33363029625,NaN,NaN,NaN,NaN,NaN,NaN,NaN,NaN,NaN,NaN,1,0,0,0,0,NaN,NaN,55.46596925128123,NaN,NaN,NaN,5.798361697196718,4.33363029625,NaN,NaN,NaN,NaN,NaN,NaN,NaN,NaN,NaN,NaN,1
2023-11-15,4.734885130668634,5.24,4.734885130668634,5.0200000000000005,4.479847702953373,5.11493653608378,5.0200000000000005,0,0,217,762,0,0,0,0,NaN,NaN,50.63131678311953,NaN,NaN,NaN,5.798361697196718,4.4522785695875005,NaN,NaN,NaN,NaN,NaN,NaN,NaN,NaN,NaN,NaN,1,0,0,0,0,NaN,NaN,50.63131678311953,NaN,NaN,NaN,5.798361697196718,4.4522785695875005,NaN,NaN,NaN,NaN,NaN,NaN,NaN,NaN,NaN,NaN,1
2023-11-16,4.877442565334317,5,4.76,4.9,4.556239029689124,5.11165506225044,4.9,0,0,217,763,0,0,0,0,NaN,NaN,46.08425047036187,NaN,NaN,NaN,5.798361697196718,4.4522785695875005,NaN,NaN,NaN,NaN,NaN,NaN,NaN,NaN,NaN,NaN,1,0,0,0,0,NaN,NaN,46.08425047036187,NaN,NaN,NaN,5.798361697196718,4.4522785695875005,NaN,NaN,NaN,NaN,NaN,NaN,NaN,NaN,NaN,NaN,1
2023-11-17,4.888721282667159,5.05,4.836,4.9915,4.635377387927465,5.109820633819136,4.9915,0,0,217,764,0,0,0,0,NaN,NaN,41.50386343550722,NaN,NaN,NaN,5.798361697196718,4.4522785695875005,NaN,NaN,NaN,NaN,NaN,NaN,NaN,NaN,NaN,NaN,1,0,0,0,0,NaN,NaN,41.50386343550722,NaN,NaN,NaN,5.798361697196718,4.4522785695875005,NaN,NaN,NaN,NaN,NaN,NaN,NaN,NaN,NaN,NaN,1
2023-11-20,4.94011064133358,5.11,4.9,5.035,4.708036044667926,5.108678334066172,5.035,0,0,217,765,0,0,0,0,NaN,NaN,36.872952047218334,NaN,NaN,NaN,5.798361697196718,4.528805141237,NaN,NaN,NaN,NaN,NaN,NaN,NaN,NaN,NaN,NaN,1,0,0,0,0,NaN,NaN,36.872952047218334,NaN,NaN,NaN,5.798361697196718,4.528805141237,NaN,NaN,NaN,NaN,NaN,NaN,NaN,NaN,NaN,NaN,1
2023-11-21,4.9875553206667895,5.02,4.564,4.781,4.7213022183646665,5.103675611408674,4.781,0,0,217,766,0,0,0,0,NaN,NaN,34.35240686652085,NaN,NaN,NaN,5.798361697196718,4.528805141237,NaN,NaN,NaN,NaN,NaN,NaN,NaN,NaN,NaN,NaN,1,0,0,0,0,NaN,NaN,34.35240686652085,NaN,NaN,NaN,5.798361697196718,4.528805141237,NaN,NaN,NaN,NaN,NaN,NaN,NaN,NaN,NaN,NaN,1
2023-11-22,4.884277660333394,5,4.66,4.825,4.7401563604801815,5.099421021921518,4.825,0,0,217,767,0,0,0,0,NaN,NaN,32.07937453133673,NaN,NaN,NaN,5.798361697196718,4.528805141237,NaN,NaN,NaN,NaN,NaN,NaN,NaN,NaN,NaN,NaN,1,0,0,0,0,NaN,NaN,32.07937453133673,NaN,NaN,NaN,5.798361697196718,4.528805141237,NaN,NaN,NaN,NaN,NaN,NaN,NaN,NaN,NaN,NaN,1
2023-11-24,4.854638830166698,5.14,4.854638830166698,5.023750000000001,4.791718840392876,5.09826573914409,5.023750000000001,0,0,217,768,0,0,0,0,NaN,NaN,28.157878263046076,NaN,NaN,NaN,5.798361697196718,4.528805141237,NaN,NaN,NaN,NaN,NaN,NaN,NaN,NaN,NaN,NaN,1,0,0,0,0,NaN,NaN,28.157878263046076,NaN,NaN,NaN,5.798361697196718,4.528805141237,NaN,NaN,NaN,NaN,NaN,NaN,NaN,NaN,NaN,NaN,1
2023-11-27,4.9391944150833496,5.03,4.9,4.98,4.825951778503262,5.096460155340364,4.98,0,0,217,769,0,0,0,0,NaN,NaN,24.662755771486264,NaN,NaN,NaN,5.798361697196718,4.528805141237,NaN,NaN,NaN,NaN,NaN,NaN,NaN,NaN,NaN,NaN,1,0,0,0,0,NaN,NaN,24.662755771486264,NaN,NaN,NaN,5.798361697196718,4.528805141237,NaN,NaN,NaN,NaN,NaN,NaN,NaN,NaN,NaN,NaN,1
2023-11-28,4.959597207541675,5.1188,4.83,4.9547,4.849360546048123,5.0942958781595955,4.9547,0,0,217,770,0,0,0,0,NaN,NaN,21.374312271669112,NaN,NaN,NaN,5.798361697196718,4.528805141237,NaN,NaN,NaN,NaN,NaN,NaN,NaN,NaN,NaN,NaN,1,0,0,0,0,NaN,NaN,21.374312271669112,NaN,NaN,NaN,5.798361697196718,4.528805141237,NaN,NaN,NaN,NaN,NaN,NaN,NaN,NaN,NaN,NaN,1
2023-11-29,4.957148603770838,5.19,4.957148603770838,5.0649750000000004,4.888563174039374,5.093848231164793,5.0649750000000004,0,0,217,771,0,0,0,0,NaN,NaN,17.96914106807232,NaN,NaN,NaN,5.798361697196718,4.62196999505145,NaN,NaN,NaN,NaN,NaN,NaN,NaN,NaN,NaN,NaN,1,0,0,0,0,NaN,NaN,17.96914106807232,NaN,NaN,NaN,5.798361697196718,4.62196999505145,NaN,NaN,NaN,NaN,NaN,NaN,NaN,NaN,NaN,NaN,1
2023-11-30,5.011061801885419,5.1983,4.95,5.082075,4.923747142395851,5.093668487177544,5.082075,0,0,217,772,0,0,0,0,NaN,NaN,15.060767852957582,NaN,NaN,NaN,5.798361697196718,4.711799895942189,NaN,NaN,NaN,NaN,NaN,NaN,NaN,NaN,NaN,NaN,1,0,0,0,0,NaN,NaN,15.060767852957582,NaN,NaN,NaN,5.798361697196718,4.711799895942189,NaN,NaN,NaN,NaN,NaN,NaN,NaN,NaN,NaN,NaN,1
2023-12-01,5.046568400942709,5.47,4.95,5.222499999999999,4.978065843778424,5.095635380503078,5.222499999999999,0,0,217,773,0,0,0,0,NaN,NaN,12.036611778649318,NaN,NaN,NaN,5.798361697196718,4.874514792794329,NaN,NaN,NaN,NaN,NaN,NaN,NaN,NaN,NaN,NaN,1,0,0,0,0,NaN,NaN,12.036611778649318,NaN,NaN,NaN,5.798361697196718,4.874514792794329,NaN,NaN,NaN,NaN,NaN,NaN,NaN,NaN,NaN,NaN,1
2023-12-04,5.134534200471354,5.85,5.134534200471354,5.567499999999999,5.085235690364165,5.102839420495397,5.567499999999999,0,0,217,774,0,0,0,0,NaN,NaN,8.939420575437062,NaN,NaN,NaN,5.798361697196718,5.171931242523689,NaN,NaN,NaN,NaN,NaN,NaN,NaN,NaN,NaN,NaN,1,0,0,0,0,NaN,NaN,8.939420575437062,NaN,NaN,NaN,5.798361697196718,5.171931242523689,NaN,NaN,NaN,NaN,NaN,NaN,NaN,NaN,NaN,NaN,1
2023-12-05,5.351017100235676,6.2965,4.71,5.559125,5.171397383025226,5.109805612548903,5.559125,0,0,217,775,0,0,0,0,NaN,NaN,6.357838467895803,NaN,NaN,NaN,5.798361697196718,5.171931242523689,NaN,NaN,NaN,NaN,NaN,NaN,NaN,NaN,NaN,NaN,1,0,0,0,0,NaN,NaN,6.357838467895803,NaN,NaN,NaN,5.798361697196718,5.171931242523689,NaN,NaN,NaN,NaN,NaN,NaN,NaN,NaN,NaN,NaN,1
2023-12-06,5.455071050117838,5.87,5.43,5.6575,5.259779677020639,5.118167358922202,5.6575,0,0,217,776,0,0,0,0,NaN,NaN,4.3476150801028135,NaN,NaN,NaN,5.798361697196718,5.3358848070422935,NaN,NaN,NaN,NaN,NaN,NaN,NaN,NaN,NaN,NaN,1,0,0,0,0,NaN,NaN,4.3476150801028135,NaN,NaN,NaN,5.798361697196718,5.3358848070422935,NaN,NaN,NaN,NaN,NaN,NaN,NaN,NaN,NaN,NaN,1
2023-12-07,5.556285525058919,6.24,5.556285525058919,6,5.394365190289613,5.131630452679115,6,0,0,217,777,1,0,0,0,NaN,NaN,2.3673341927328293,NaN,NaN,NaN,5.798361697196718,5.654994364929605,NaN,NaN,NaN,NaN,NaN,NaN,NaN,NaN,NaN,NaN,1,1,0,0,0,NaN,NaN,2.3673341927328293,NaN,NaN,NaN,5.798361697196718,5.654994364929605,NaN,NaN,NaN,NaN,NaN,NaN,NaN,NaN,NaN,NaN,1
2023-12-08,5.778142762529459,7.21,5.778142762529459,6.65875,5.624253337509684,5.154945254928289,6.65875,0,0,217,778,0,0,0,0,NaN,NaN,0.6385486080085935,NaN,NaN,NaN,5.798361697196718,6.206914974502836,NaN,NaN,NaN,NaN,NaN,NaN,NaN,NaN,NaN,NaN,1,0,0,0,0,NaN,NaN,0.6385486080085935,NaN,NaN,NaN,5.798361697196718,6.206914974502836,NaN,NaN,NaN,NaN,NaN,NaN,NaN,NaN,NaN,NaN,1
2023-12-11,6.21844638126473,7.25,6.21844638126473,6.9575000000000005,5.866661821598832,5.182465174700376,6.9575000000000005,0,0,217,779,0,0,0,0,NaN,NaN,0.004306699066685551,NaN,NaN,NaN,5.798361697196718,6.572725583681816,NaN,NaN,NaN,NaN,NaN,NaN,NaN,NaN,NaN,NaN,1,0,0,0,0,NaN,NaN,0.004306699066685551,NaN,NaN,NaN,5.798361697196718,6.572725583681816,NaN,NaN,NaN,NaN,NaN,NaN,NaN,NaN,NaN,NaN,1
2023-12-12,6.587973190632365,7.32,6.587973190632365,6.977525,6.068636944944499,5.2098706682164,6.977525,0,0,217,780,0,0,0,0,NaN,NaN,0.28186014478096927,NaN,NaN,NaN,5.798361697196718,6.736704981045907,NaN,NaN,NaN,NaN,NaN,NaN,NaN,NaN,NaN,NaN,1,0,0,0,0,NaN,NaN,0.28186014478096927,NaN,NaN,NaN,5.798361697196718,6.736704981045907,NaN,NaN,NaN,NaN,NaN,NaN,NaN,NaN,NaN,NaN,1
2023-12-13,6.782749095316182,7.68,6.782749095316182,7.3475,6.301157500409135,5.2425062305337065,7.3475,0,0,217,781,0,0,0,0,NaN,NaN,1.4712316079887422,NaN,NaN,NaN,5.798361697196718,7.100531639006626,NaN,NaN,NaN,NaN,NaN,NaN,NaN,NaN,NaN,NaN,1,0,0,0,0,NaN,NaN,1.4712316079887422,NaN,NaN,NaN,5.798361697196718,7.100531639006626,NaN,NaN,NaN,NaN,NaN,NaN,NaN,NaN,NaN,NaN,1
2023-12-14,7.065124547658091,7.9,7.065124547658091,7.505,6.520037954880202,5.277048120143879,7.505,0,0,217,782,0,0,0,0,NaN,NaN,4.1416780462271,NaN,NaN,NaN,5.798361697196718,7.325854901453644,NaN,NaN,NaN,NaN,NaN,NaN,NaN,NaN,NaN,NaN,1,0,0,0,0,NaN,NaN,4.1416780462271,NaN,NaN,NaN,5.798361697196718,7.325854901453644,NaN,NaN,NaN,NaN,NaN,NaN,NaN,NaN,NaN,NaN,1
2023-12-15,7.285062273829046,7.5,6.7,7.217499999999999,6.646849235811074,5.306673339683667,7.217499999999999,0,0,217,783,0,0,0,0,NaN,NaN,7.185783463009951,NaN,NaN,NaN,5.798361697196718,7.325854901453644,NaN,NaN,NaN,NaN,NaN,NaN,NaN,NaN,NaN,NaN,1,0,0,0,0,NaN,NaN,7.185783463009951,NaN,NaN,NaN,5.798361697196718,7.325854901453644,NaN,NaN,NaN,NaN,NaN,NaN,NaN,NaN,NaN,NaN,1
2023-12-18,7.251281136914523,7.5085,7.05,7.234624999999999,6.753717556572697,5.336107716177046,7.234625,0,0,217,784,0,0,0,0,NaN,NaN,10.833876293995365,NaN,NaN,NaN,5.798361697196718,7.325854901453644,NaN,NaN,NaN,NaN,NaN,NaN,NaN,NaN,NaN,NaN,1,0,0,0,0,NaN,NaN,10.833876293995365,NaN,NaN,NaN,5.798361697196718,7.325854901453644,NaN,NaN,NaN,NaN,NaN,NaN,NaN,NaN,NaN,NaN,1
2023-12-19,7.242953068457261,7.48,7.175,7.32125,6.856905273559479,5.366415231960603,7.32125,0,0,217,785,0,0,0,0,NaN,NaN,14.875327718914283,NaN,NaN,NaN,5.798361697196718,7.325854901453644,NaN,NaN,NaN,NaN,NaN,NaN,NaN,NaN,NaN,NaN,1,0,0,0,0,NaN,NaN,14.875327718914283,NaN,NaN,NaN,5.798361697196718,7.325854901453644,NaN,NaN,NaN,NaN,NaN,NaN,NaN,NaN,NaN,NaN,1
2023-12-20,7.28210153422863,7.38,6.91,7.1825,6.916104314730483,5.3941417169688375,7.1825,0,0,217,786,0,0,0,0,NaN,NaN,19.03864464206535,NaN,NaN,NaN,5.798361697196718,7.325854901453644,NaN,NaN,NaN,NaN,NaN,NaN,NaN,NaN,NaN,NaN,1,0,0,0,0,NaN,NaN,19.03864464206535,NaN,NaN,NaN,5.798361697196718,7.325854901453644,NaN,NaN,NaN,NaN,NaN,NaN,NaN,NaN,NaN,NaN,1
2023-12-21,7.232300767114316,7.2699,7.03,7.149975,6.958626257506759,5.4209483319769465,7.149975,0,0,217,787,0,0,0,0,NaN,NaN,23.629922896204437,NaN,NaN,NaN,5.798361697196718,7.325854901453644,NaN,NaN,NaN,NaN,NaN,NaN,NaN,NaN,NaN,NaN,1,0,0,0,0,NaN,NaN,23.629922896204437,NaN,NaN,NaN,5.798361697196718,7.325854901453644,NaN,NaN,NaN,NaN,NaN,NaN,NaN,NaN,NaN,NaN,1
2023-12-22,7.1911378835571576,7.28,7.07,7.199999999999999,7.00251239250553,5.448109426145237,7.199999999999999,0,0,217,788,0,0,0,0,NaN,NaN,28.856396735790398,NaN,NaN,NaN,5.798361697196718,7.325854901453644,NaN,NaN,NaN,NaN,NaN,NaN,NaN,NaN,NaN,NaN,1,0,0,0,0,NaN,NaN,28.856396735790398,NaN,NaN,NaN,5.798361697196718,7.325854901453644,NaN,NaN,NaN,NaN,NaN,NaN,NaN,NaN,NaN,NaN,1
2023-12-26,7.195568941778578,8.1,7.12,7.58,7.107510139322706,5.480657373837676,7.58,0,0,217,789,0,0,0,0,NaN,NaN,34.81229583384323,NaN,NaN,NaN,5.798361697196718,7.467344548755895,NaN,NaN,NaN,NaN,NaN,NaN,NaN,NaN,NaN,NaN,1,0,0,0,0,NaN,NaN,34.81229583384323,NaN,NaN,NaN,5.798361697196718,7.467344548755895,NaN,NaN,NaN,NaN,NaN,NaN,NaN,NaN,NaN,NaN,1
2023-12-27,7.387784470889289,8.08,7.387784470889289,7.8575,7.243871932173123,5.516945047519544,7.8575,0,0,790,789,0,0,0,0,NaN,NaN,40.862123646898574,NaN,NaN,NaN,5.798361697196718,7.734311328890389,NaN,NaN,NaN,NaN,NaN,NaN,NaN,NaN,NaN,NaN,1,0,0,0,0,NaN,NaN,40.862123646898574,NaN,NaN,NaN,5.798361697196718,7.734311328890389,NaN,NaN,NaN,NaN,NaN,NaN,NaN,NaN,NaN,NaN,1
2023-12-28,7.622642235444644,8.52,7.622642235444644,8.114999999999998,7.402258853596192,5.556610008626116,8.114999999999998,0,0,790,789,0,0,0,0,NaN,NaN,46.46471055626928,NaN,NaN,NaN,5.798361697196718,7.9991082112895775,NaN,NaN,NaN,NaN,NaN,NaN,NaN,NaN,NaN,NaN,1,0,0,0,0,NaN,NaN,46.46471055626928,NaN,NaN,NaN,5.798361697196718,7.9991082112895775,NaN,NaN,NaN,NaN,NaN,NaN,NaN,NaN,NaN,NaN,1
2023-12-29,7.868821117722321,8.16,7.76,7.949999999999999,7.501848152942339,5.593150313837931,7.949999999999999,0,0,790,789,0,0,0,0,NaN,NaN,51.59189476751217,NaN,NaN,NaN,5.798361697196718,7.9991082112895775,NaN,NaN,NaN,NaN,NaN,NaN,NaN,NaN,NaN,NaN,1,0,0,0,0,NaN,NaN,51.59189476751217,NaN,NaN,NaN,5.798361697196718,7.9991082112895775,NaN,NaN,NaN,NaN,NaN,NaN,NaN,NaN,NaN,NaN,1
2024-01-02,7.90941055886116,7.90941055886116,7.5,7.722825,7.5420257614982775,5.6256644311839175,7.722825,0,0,790,789,0,0,0,0,NaN,NaN,56.072731993797255,NaN,NaN,NaN,5.798361697196718,7.807142625,NaN,NaN,NaN,NaN,NaN,NaN,NaN,NaN,NaN,NaN,1,0,0,0,0,NaN,NaN,56.072731993797255,NaN,NaN,NaN,5.798361697196718,7.807142625,NaN,NaN,NaN,NaN,NaN,NaN,NaN,NaN,NaN,NaN,1
2024-01-03,7.816117779430581,7.816117779430581,7.35,7.53895,7.5414665321349545,5.6548748978834,7.53895,0,0,790,789,0,0,0,0,NaN,NaN,60.366720301919344,NaN,NaN,NaN,5.798361697196718,7.70991747125,NaN,NaN,NaN,NaN,NaN,NaN,NaN,NaN,NaN,NaN,1,0,0,0,0,NaN,NaN,60.366720301919344,NaN,NaN,NaN,5.798361697196718,7.70991747125,NaN,NaN,NaN,NaN,NaN,NaN,NaN,NaN,NaN,NaN,1
2024-01-04,7.67753388971529,7.71,7.16,7.465,7.527563526292235,5.682510395625638,7.465,0,0,790,789,0,0,0,0,NaN,NaN,64.00333801988111,NaN,NaN,NaN,5.798361697196718,7.660465922975,NaN,NaN,NaN,NaN,NaN,NaN,NaN,NaN,NaN,NaN,1,0,0,0,0,NaN,NaN,64.00333801988111,NaN,NaN,NaN,5.798361697196718,7.660465922975,NaN,NaN,NaN,NaN,NaN,NaN,NaN,NaN,NaN,NaN,1
2024-01-05,7.571266944857645,7.63,7.09,7.375,7.4998247033300105,5.708349931570284,7.375,0,0,790,789,0,0,0,0,NaN,NaN,67.4612860424304,NaN,NaN,NaN,5.798361697196718,7.59382398990725,NaN,NaN,NaN,NaN,NaN,NaN,NaN,NaN,NaN,NaN,1,0,0,0,0,NaN,NaN,67.4612860424304,NaN,NaN,NaN,5.798361697196718,7.59382398990725,NaN,NaN,NaN,NaN,NaN,NaN,NaN,NaN,NaN,NaN,1
2024-01-08,7.473133472428822,7.473133472428822,7.0701,7.250025,7.454406575451827,5.731886955515776,7.250025000000001,0,0,790,789,0,0,0,0,NaN,NaN,70.3870954887165,NaN,NaN,NaN,5.798361697196718,7.49757911111838,NaN,NaN,NaN,NaN,NaN,NaN,NaN,NaN,NaN,NaN,1,0,0,0,0,NaN,NaN,70.3870954887165,NaN,NaN,NaN,5.798361697196718,7.49757911111838,NaN,NaN,NaN,NaN,NaN,NaN,NaN,NaN,NaN,NaN,1
2024-01-09,7.361579236214411,7.361579236214411,6.95,7.047499999999999,7.380423561733313,5.751972650851413,7.047499999999999,0,0,790,789,0,0,0,0,NaN,NaN,73.04931071579726,NaN,NaN,NaN,5.798361697196718,7.343994119450622,NaN,NaN,NaN,NaN,NaN,NaN,NaN,NaN,NaN,NaN,1,0,0,0,0,NaN,NaN,73.04931071579726,NaN,NaN,NaN,5.798361697196718,7.343994119450622,NaN,NaN,NaN,NaN,NaN,NaN,NaN,NaN,NaN,NaN,1
2024-01-10,7.204539618107205,7.204539618107205,6.92,7.04,7.318528368690893,5.771637190533071,7.04,0,0,790,789,0,0,0,0,NaN,NaN,75.86139451710055,NaN,NaN,NaN,5.798361697196718,7.286200177949511,NaN,NaN,NaN,NaN,NaN,NaN,NaN,NaN,NaN,NaN,1,0,0,0,0,NaN,NaN,75.86139451710055,NaN,NaN,NaN,5.798361697196718,7.286200177949511,NaN,NaN,NaN,NaN,NaN,NaN,NaN,NaN,NaN,NaN,1
2024-01-11,7.122269809053602,7.122269809053602,6.77,6.918499999999999,7.245795938019821,5.789146546402796,6.918499999999999,0,0,790,789,0,0,0,0,NaN,NaN,78.22460295656153,NaN,NaN,NaN,5.798361697196718,7.160990640580113,NaN,NaN,NaN,NaN,NaN,NaN,NaN,NaN,NaN,NaN,1,0,0,0,0,NaN,NaN,78.22460295656153,NaN,NaN,NaN,5.798361697196718,7.160990640580113,NaN,NaN,NaN,NaN,NaN,NaN,NaN,NaN,NaN,NaN,1
2024-01-12,7.0203849045268,7.0203849045268,6.71,6.8625,7.176105767470763,5.805533622030234,6.8625,0,0,790,789,0,0,0,0,NaN,NaN,80.30913944549602,NaN,NaN,NaN,5.798361697196718,7.068072886840886,NaN,NaN,NaN,NaN,NaN,NaN,NaN,NaN,NaN,NaN,1,0,0,0,0,NaN,NaN,80.30913944549602,NaN,NaN,NaN,5.798361697196718,7.068072886840886,NaN,NaN,NaN,NaN,NaN,NaN,NaN,NaN,NaN,NaN,1
2024-01-16,6.9414424522634,6.9414424522634,6.57,6.720000000000001,7.093177446112443,5.819494940777864,6.720000000000001,0,0,790,789,0,0,0,0,NaN,NaN,81.75973620245556,NaN,NaN,NaN,5.798361697196718,6.922080707393848,NaN,NaN,NaN,NaN,NaN,NaN,NaN,NaN,NaN,NaN,1,0,0,0,0,NaN,NaN,81.75973620245556,NaN,NaN,NaN,5.798361697196718,6.922080707393848,NaN,NaN,NaN,NaN,NaN,NaN,NaN,NaN,NaN,NaN,1
2024-01-17,6.8307212261317005,6.8307212261317005,6.38,6.527374999999999,6.990304274091999,5.830302269926293,6.527374999999999,0,0,790,789,0,0,0,0,NaN,NaN,82.00726367505736,NaN,NaN,NaN,5.798361697196718,6.736250245175692,NaN,NaN,NaN,NaN,NaN,NaN,NaN,NaN,NaN,NaN,1,0,0,0,0,NaN,NaN,82.00726367505736,NaN,NaN,NaN,5.798361697196718,6.736250245175692,NaN,NaN,NaN,NaN,NaN,NaN,NaN,NaN,NaN,NaN,1
2024-01-18,6.67904811306585,6.89,6.62,6.7325,6.943430769711635,5.844076281072457,6.7325,0,0,790,789,0,0,0,0,NaN,NaN,82.3237733174064,NaN,NaN,NaN,5.798361697196718,6.736250245175692,NaN,NaN,NaN,NaN,NaN,NaN,NaN,NaN,NaN,NaN,1,0,0,0,0,NaN,NaN,82.3237733174064,NaN,NaN,NaN,5.798361697196718,6.736250245175692,NaN,NaN,NaN,NaN,NaN,NaN,NaN,NaN,NaN,NaN,1
2024-01-19,6.705774056532925,7.0825,6.57,6.828125,6.922466084309519,5.859099925636237,6.828125,0,0,790,789,0,0,0,0,NaN,NaN,83.05821354523967,NaN,NaN,NaN,5.798361697196718,6.736250245175692,NaN,NaN,NaN,NaN,NaN,NaN,NaN,NaN,NaN,NaN,1,0,0,0,0,NaN,NaN,83.05821354523967,NaN,NaN,NaN,5.798361697196718,6.736250245175692,NaN,NaN,NaN,NaN,NaN,NaN,NaN,NaN,NaN,NaN,1
2024-01-22,6.766949528266462,7.24,6.766949528266462,7.029999999999999,6.942017705344152,5.876976262649424,7.029999999999999,0,0,790,789,0,0,0,0,NaN,NaN,83.37913800086821,NaN,NaN,NaN,5.798361697196718,6.861620625,NaN,NaN,NaN,NaN,NaN,NaN,NaN,NaN,NaN,NaN,1,0,0,0,0,NaN,NaN,83.37913800086821,NaN,NaN,NaN,5.798361697196718,6.861620625,NaN,NaN,NaN,NaN,NaN,NaN,NaN,NaN,NaN,NaN,1
2024-01-23,6.898474764133231,7.42,6.87,7.157500000000001,6.981196304372488,5.8965262433723336,7.157500000000001,0,0,790,789,0,0,0,0,NaN,NaN,83.59823430920217,NaN,NaN,NaN,5.798361697196718,6.93233450625,NaN,NaN,NaN,NaN,NaN,NaN,NaN,NaN,NaN,NaN,1,0,0,0,0,NaN,NaN,83.59823430920217,NaN,NaN,NaN,5.798361697196718,6.93233450625,NaN,NaN,NaN,NaN,NaN,NaN,NaN,NaN,NaN,NaN,1
2024-01-24,7.027987382066616,7.61,6.93,7.245,7.029160612668399,5.917113628969703,7.245,0,0,790,789,0,0,0,0,NaN,NaN,83.88331679784085,NaN,NaN,NaN,5.798361697196718,6.9922194358750005,NaN,NaN,NaN,NaN,NaN,NaN,NaN,NaN,NaN,NaN,1,0,0,0,0,NaN,NaN,83.88331679784085,NaN,NaN,NaN,5.798361697196718,6.9922194358750005,NaN,NaN,NaN,NaN,NaN,NaN,NaN,NaN,NaN,NaN,1
2024-01-25,7.1364936910333086,7.1364936910333086,6.81,6.9675,7.0179495921832356,5.933150062115203,6.9675,0,0,790,789,0,0,0,0,NaN,NaN,83.66428892885772,NaN,NaN,NaN,5.798361697196718,6.9922194358750005,NaN,NaN,NaN,NaN,NaN,NaN,NaN,NaN,NaN,NaN,1,0,0,0,0,NaN,NaN,83.66428892885772,NaN,NaN,NaN,5.798361697196718,6.9922194358750005,NaN,NaN,NaN,NaN,NaN,NaN,NaN,NaN,NaN,NaN,1
2024-01-26,7.051996845516655,7.14,6.95,7.062499999999999,7.026049666331738,5.9503920458997035,7.062499999999998,0,0,790,789,0,0,0,0,NaN,NaN,83.29705075999713,NaN,NaN,NaN,5.798361697196718,6.9922194358750005,NaN,NaN,NaN,NaN,NaN,NaN,NaN,NaN,NaN,NaN,1,0,0,0,0,NaN,NaN,83.29705075999713,NaN,NaN,NaN,5.798361697196718,6.9922194358750005,NaN,NaN,NaN,NaN,NaN,NaN,NaN,NaN,NaN,NaN,1
2024-01-29,7.057248422758327,7.55,7,7.285,7.073131545180512,5.970767739855433,7.285,0,0,790,789,0,0,0,0,NaN,NaN,82.90951097837936,NaN,NaN,NaN,5.798361697196718,7.036769686646251,NaN,NaN,NaN,NaN,NaN,NaN,NaN,NaN,NaN,NaN,1,0,0,0,0,NaN,NaN,82.90951097837936,NaN,NaN,NaN,5.798361697196718,7.036769686646251,NaN,NaN,NaN,NaN,NaN,NaN,NaN,NaN,NaN,NaN,1
2024-01-30,7.171124211379164,7.49,7.1239,7.318474999999999,7.117739446056783,5.991343423216419,7.318474999999999,0,0,790,789,0,0,0,0,NaN,NaN,82.42183288171108,NaN,NaN,NaN,5.798361697196718,7.0853033242487005,NaN,NaN,NaN,NaN,NaN,NaN,NaN,NaN,NaN,NaN,1,0,0,0,0,NaN,NaN,82.42183288171108,NaN,NaN,NaN,5.798361697196718,7.0853033242487005,NaN,NaN,NaN,NaN,NaN,NaN,NaN,NaN,NaN,NaN,1
2024-01-31,7.244799605689582,7.46,7.06,7.1899999999999995,7.130877728591913,6.0096435236253285,7.1899999999999995,0,0,790,789,0,0,0,0,NaN,NaN,81.57419052112652,NaN,NaN,NaN,5.798361697196718,7.0853033242487005,NaN,NaN,NaN,NaN,NaN,NaN,NaN,NaN,NaN,NaN,1,0,0,0,0,NaN,NaN,81.57419052112652,NaN,NaN,NaN,5.798361697196718,7.0853033242487005,NaN,NaN,NaN,NaN,NaN,NaN,NaN,NaN,NaN,NaN,1
2024-02-01,7.21739980284479,7.36,7,7.195,7.142536323393383,6.027740569066164,7.195000000000001,0,0,790,789,0,0,0,0,NaN,NaN,80.63216368204806,NaN,NaN,NaN,5.798361697196718,7.0853033242487005,NaN,NaN,NaN,NaN,NaN,NaN,NaN,NaN,NaN,NaN,1,0,0,0,0,NaN,NaN,80.63216368204806,NaN,NaN,NaN,5.798361697196718,7.0853033242487005,NaN,NaN,NaN,NaN,NaN,NaN,NaN,NaN,NaN,NaN,1
2024-02-02,7.206199901422395,7.206199901422395,6.885,7.06125,7.127756991867313,6.043519339004085,7.06125,0,0,790,789,0,0,0,0,NaN,NaN,79.36169619721066,NaN,NaN,NaN,5.798361697196718,7.0853033242487005,NaN,NaN,NaN,NaN,NaN,NaN,NaN,NaN,NaN,NaN,1,0,0,0,0,NaN,NaN,79.36169619721066,NaN,NaN,NaN,5.798361697196718,7.0853033242487005,NaN,NaN,NaN,NaN,NaN,NaN,NaN,NaN,NaN,NaN,1
2024-02-05,7.133724950711198,7.28,6.85,7.0875,7.120437538800529,6.059457975049824,7.0875,0,0,790,789,0,0,0,0,NaN,NaN,77.99908719722158,NaN,NaN,NaN,5.798361697196718,7.0853033242487005,NaN,NaN,NaN,NaN,NaN,NaN,NaN,NaN,NaN,NaN,1,0,0,0,0,NaN,NaN,77.99908719722158,NaN,NaN,NaN,5.798361697196718,7.0853033242487005,NaN,NaN,NaN,NaN,NaN,NaN,NaN,NaN,NaN,NaN,1
2024-02-06,7.110612475355599,7.59,7.110612475355599,7.358750000000001,7.163767077200434,6.079294494514713,7.358750000000001,0,0,790,789,0,0,0,0,NaN,NaN,76.92230432449266,NaN,NaN,NaN,5.798361697196718,7.1434372006113955,NaN,NaN,NaN,NaN,NaN,NaN,NaN,NaN,NaN,NaN,1,0,0,0,0,NaN,NaN,76.92230432449266,NaN,NaN,NaN,5.798361697196718,7.1434372006113955,NaN,NaN,NaN,NaN,NaN,NaN,NaN,NaN,NaN,NaN,1
2024-02-07,7.234681237677799,7.5,7.15,7.35,7.197627608618537,6.098694578567923,7.35,0,0,790,789,0,0,0,0,NaN,NaN,75.7753526821758,NaN,NaN,NaN,5.798361697196718,7.1434372006113955,NaN,NaN,NaN,NaN,NaN,NaN,NaN,NaN,NaN,NaN,1,0,0,0,0,NaN,NaN,75.7753526821758,NaN,NaN,NaN,5.798361697196718,7.1434372006113955,NaN,NaN,NaN,NaN,NaN,NaN,NaN,NaN,NaN,NaN,1
2024-02-08,7.2923406188388995,8.323,7.2923406188388995,7.83325,7.313195316142439,6.125176340727192,7.83325,0,0,790,789,0,0,0,0,NaN,NaN,75.21250450566988,NaN,NaN,NaN,5.798361697196718,7.462148504501344,NaN,NaN,NaN,NaN,NaN,NaN,NaN,NaN,NaN,NaN,1,0,0,0,0,NaN,NaN,75.21250450566988,NaN,NaN,NaN,5.798361697196718,7.462148504501344,NaN,NaN,NaN,NaN,NaN,NaN,NaN,NaN,NaN,NaN,1
2024-02-09,7.5627953094194496,10.44,7.5627953094194496,9.469999999999999,7.705341622298358,6.176242350792426,9.469999999999999,0,0,790,789,0,0,0,0,NaN,NaN,75.07072676720627,NaN,NaN,NaN,5.798361697196718,8.53031356855606,NaN,NaN,NaN,NaN,NaN,NaN,NaN,NaN,NaN,NaN,1,0,0,0,0,NaN,NaN,75.07072676720627,NaN,NaN,NaN,5.798361697196718,8.53031356855606,NaN,NaN,NaN,NaN,NaN,NaN,NaN,NaN,NaN,NaN,1
2024-02-12,8.516397654709724,11.68,8.516397654709724,11.0002,8.304406781880475,6.249890559177274,11.0002,0,0,790,789,0,0,0,0,NaN,NaN,73.34928050231369,NaN,NaN,NaN,7.278676979911294,9.704562312102606,NaN,NaN,NaN,NaN,NaN,NaN,NaN,NaN,NaN,NaN,1,0,0,0,0,NaN,NaN,73.34928050231369,NaN,NaN,NaN,7.278676979911294,9.704562312102606,NaN,NaN,NaN,NaN,NaN,NaN,NaN,NaN,NaN,NaN,1
2024-02-13,9.758298827354862,11.1412,9.758298827354862,10.76825,8.752378276084025,6.318873146060064,10.76825,0,0,790,789,0,0,0,0,NaN,NaN,72.49768588171193,NaN,NaN,NaN,9.205882555566344,9.704562312102606,NaN,NaN,NaN,NaN,NaN,NaN,NaN,NaN,NaN,NaN,1,0,0,0,0,NaN,NaN,72.49768588171193,NaN,NaN,NaN,9.205882555566344,9.704562312102606,NaN,NaN,NaN,NaN,NaN,NaN,NaN,NaN,NaN,NaN,1
2024-02-14,10.263274413677431,11.32,10.263274413677431,11.1125,9.18149131679602,6.392058288868307,11.1125,0,0,790,789,0,0,0,0,NaN,NaN,71.59015134953974,NaN,NaN,NaN,9.548698043908189,10.125694987834905,NaN,NaN,NaN,NaN,NaN,NaN,NaN,NaN,NaN,NaN,1,0,0,0,0,NaN,NaN,71.59015134953974,NaN,NaN,NaN,9.548698043908189,10.125694987834905,NaN,NaN,NaN,NaN,NaN,NaN,NaN,NaN,NaN,NaN,1
2024-02-15,10.687887206838717,11.95,10.687887206838717,11.58,9.61758380465129,6.471263505832149,11.58,0,0,790,789,0,0,0,0,NaN,NaN,70.52279947047224,NaN,NaN,NaN,10.012973566748483,10.725611491484432,NaN,NaN,NaN,NaN,NaN,NaN,NaN,NaN,NaN,NaN,1,0,0,0,0,NaN,NaN,70.52279947047224,NaN,NaN,NaN,10.012973566748483,10.725611491484432,NaN,NaN,NaN,NaN,NaN,NaN,NaN,NaN,NaN,NaN,1
2024-02-16,11.133943603419358,12.1,11.133943603419358,11.785,10.011659476532873,6.552389253834711,11.785,0,0,790,789,0,0,0,0,NaN,NaN,69.6978124007088,NaN,NaN,NaN,10.217355705444664,11.14388469929457,NaN,NaN,NaN,NaN,NaN,NaN,NaN,NaN,NaN,NaN,1,0,0,0,0,NaN,NaN,69.6978124007088,NaN,NaN,NaN,10.217355705444664,11.14388469929457,NaN,NaN,NaN,NaN,NaN,NaN,NaN,NaN,NaN,NaN,1
2024-02-20,11.459471801709679,12.32,11.459471801709679,11.975,10.368630480799624,6.635177204157846,11.975,0,0,790,789,0,0,0,0,NaN,NaN,69.1792725933467,NaN,NaN,NaN,10.407664305182395,11.503886207548526,NaN,NaN,NaN,NaN,NaN,NaN,NaN,NaN,NaN,NaN,1,0,0,0,0,NaN,NaN,69.1792725933467,NaN,NaN,NaN,10.407664305182395,11.503886207548526,NaN,NaN,NaN,NaN,NaN,NaN,NaN,NaN,NaN,NaN,1
2024-02-21,11.717235900854838,12.0901,10.7501,11.58005,10.588888575199691,6.710671445315741,11.58005,0,0,790,789,0,0,0,0,NaN,NaN,69.20558148374568,NaN,NaN,NaN,10.407664305182395,11.503886207548526,NaN,NaN,NaN,NaN,NaN,NaN,NaN,NaN,NaN,NaN,1,0,0,0,0,NaN,NaN,69.20558148374568,NaN,NaN,NaN,10.407664305182395,11.503886207548526,NaN,NaN,NaN,NaN,NaN,NaN,NaN,NaN,NaN,NaN,1
2024-02-22,11.64864295042742,11.64864295042742,10.67,11.142650000000001,10.689572470617929,6.778335240043745,11.142650000000001,0,0,790,789,0,0,0,0,NaN,NaN,69.40948813763123,NaN,NaN,NaN,10.407664305182395,11.503886207548526,NaN,NaN,NaN,NaN,NaN,NaN,NaN,NaN,NaN,NaN,1,0,0,0,0,NaN,NaN,69.40948813763123,NaN,NaN,NaN,10.407664305182395,11.503886207548526,NaN,NaN,NaN,NaN,NaN,NaN,NaN,NaN,NaN,NaN,1
2024-02-23,11.39564647521371,11.39564647521371,10.7,10.834999999999999,10.716013839596487,6.8402690531728485,10.834999999999999,0,0,790,789,0,0,0,0,NaN,NaN,69.76850486849209,NaN,NaN,NaN,10.407664305182395,11.1827,NaN,NaN,NaN,NaN,NaN,NaN,NaN,NaN,NaN,NaN,1,0,0,0,0,NaN,NaN,69.76850486849209,NaN,NaN,NaN,10.407664305182395,11.1827,NaN,NaN,NaN,NaN,NaN,NaN,NaN,NaN,NaN,NaN,1
2024-02-26,11.115323237606855,11.3919,10.77,11.065475,10.779552232397126,6.904776014193111,11.065475,0,0,790,789,0,0,0,0,NaN,NaN,70.24089054692203,NaN,NaN,NaN,10.407664305182395,11.1827,NaN,NaN,NaN,NaN,NaN,NaN,NaN,NaN,NaN,NaN,1,0,0,0,0,NaN,NaN,70.24089054692203,NaN,NaN,NaN,10.407664305182395,11.1827,NaN,NaN,NaN,NaN,NaN,NaN,NaN,NaN,NaN,NaN,1
2024-02-27,11.090399118803427,12.16,11.090399118803427,11.7075,10.948270008324922,6.978100044510773,11.7075,0,0,790,789,0,0,0,0,12.16,NaN,70.63588778686794,NaN,NaN,NaN,10.407664305182395,11.2843375,NaN,NaN,NaN,NaN,NaN,NaN,NaN,NaN,NaN,NaN,1,0,0,0,0,12.16,NaN,70.63588778686794,NaN,NaN,NaN,10.407664305182395,11.2843375,NaN,NaN,NaN,NaN,NaN,NaN,NaN,NaN,NaN,NaN,1
2024-02-28,11.398949559401714,11.83,11.27,11.56,11.059493643174937,7.048052715586945,11.559999999999999,0,0,790,789,0,0,0,0,NaN,NaN,71.06814460448476,NaN,NaN,NaN,10.407664305182395,11.2843375,NaN,NaN,NaN,NaN,NaN,NaN,NaN,NaN,NaN,NaN,1,0,0,0,0,NaN,NaN,71.06814460448476,NaN,NaN,NaN,10.407664305182395,11.2843375,NaN,NaN,NaN,NaN,NaN,NaN,NaN,NaN,NaN,NaN,1
2024-02-29,11.479474779700858,12.59,11.31,11.945,11.220494798961312,7.122815269547449,11.945,0,0,790,789,0,0,0,0,NaN,NaN,71.61522469828945,NaN,NaN,NaN,10.407664305182395,11.419344874999998,NaN,NaN,NaN,NaN,NaN,NaN,NaN,NaN,NaN,NaN,1,0,0,0,0,NaN,NaN,71.61522469828945,NaN,NaN,NaN,10.407664305182395,11.419344874999998,NaN,NaN,NaN,NaN,NaN,NaN,NaN,NaN,NaN,NaN,1
2024-03-01,11.71223738985043,12.75,11.71223738985043,12.342500000000001,11.42449574460471,7.202505112760465,12.342500000000001,0,0,790,789,0,0,0,0,NaN,NaN,72.18015463292224,NaN,NaN,NaN,10.407664305182395,11.6615591825,NaN,NaN,NaN,NaN,NaN,NaN,NaN,NaN,NaN,NaN,1,0,0,0,0,NaN,NaN,72.18015463292224,NaN,NaN,NaN,10.407664305182395,11.6615591825,NaN,NaN,NaN,NaN,NaN,NaN,NaN,NaN,NaN,NaN,1
2024-03-04,12.027368694925215,12.6485,11.58,12.214625,11.568155609222035,7.279026027069466,12.214625,0,0,790,789,0,0,0,0,NaN,NaN,72.67555359865885,NaN,NaN,NaN,10.407664305182395,11.6615591825,NaN,NaN,NaN,NaN,NaN,NaN,NaN,NaN,NaN,NaN,1,0,0,0,0,NaN,NaN,72.67555359865885,NaN,NaN,NaN,10.407664305182395,11.6615591825,NaN,NaN,NaN,NaN,NaN,NaN,NaN,NaN,NaN,NaN,1
2024-03-05,12.120996847462607,12.3,11.74,11.9375,11.635309134818028,7.350147767114207,11.9375,0,0,790,789,0,0,0,0,NaN,NaN,73.19014931256912,NaN,NaN,NaN,10.407664305182395,11.6615591825,NaN,NaN,NaN,NaN,NaN,NaN,NaN,NaN,NaN,NaN,1,0,0,0,0,NaN,NaN,73.19014931256912,NaN,NaN,NaN,10.407664305182395,11.6615591825,NaN,NaN,NaN,NaN,NaN,NaN,NaN,NaN,NaN,NaN,1
2024-03-06,12.029248423731303,12.68,12.0155,12.351375,11.765502928487479,7.4265023813567375,12.351375,0,0,790,789,0,0,0,0,NaN,NaN,73.70056204293932,NaN,NaN,NaN,10.407664305182395,11.727680731074999,NaN,NaN,NaN,NaN,NaN,NaN,NaN,NaN,NaN,NaN,1,0,0,0,0,NaN,NaN,73.70056204293932,NaN,NaN,NaN,10.407664305182395,11.727680731074999,NaN,NaN,NaN,NaN,NaN,NaN,NaN,NaN,NaN,NaN,1
2024-03-07,12.190311711865652,13.68,10.41,12.5525,11.90859330512612,7.504761886984879,12.5525,0,0,790,789,0,0,0,0,NaN,NaN,74.02151168873355,NaN,NaN,NaN,10.407664305182395,11.915154043346,NaN,NaN,NaN,NaN,NaN,NaN,NaN,NaN,NaN,NaN,1,0,0,0,0,NaN,NaN,74.02151168873355,NaN,NaN,NaN,10.407664305182395,11.915154043346,NaN,NaN,NaN,NaN,NaN,NaN,NaN,NaN,NaN,NaN,1
2024-03-08,12.371405855932826,14.2,12.371405855932826,13.2975,12.161121795103188,7.593200636801903,13.297500000000001,0,0,790,789,0,0,0,0,NaN,NaN,74.25330309587666,NaN,NaN,NaN,10.407664305182395,12.439130936844098,NaN,NaN,NaN,NaN,NaN,NaN,NaN,NaN,NaN,NaN,1,0,0,0,0,NaN,NaN,74.25330309587666,NaN,NaN,NaN,10.407664305182395,12.439130936844098,NaN,NaN,NaN,NaN,NaN,NaN,NaN,NaN,NaN,NaN,1
2024-03-11,12.834452927966414,12.9,11.9,12.350000000000001,12.195463286902609,7.665823527843095,12.350000000000001,0,0,790,789,0,0,0,0,NaN,NaN,74.59220727197012,NaN,NaN,NaN,10.407664305182395,12.439130936844098,NaN,NaN,NaN,NaN,NaN,NaN,NaN,NaN,NaN,NaN,1,0,0,0,0,NaN,NaN,74.59220727197012,NaN,NaN,NaN,10.407664305182395,12.439130936844098,NaN,NaN,NaN,NaN,NaN,NaN,NaN,NaN,NaN,NaN,1
2024-03-12,12.592226463983208,12.592226463983208,11.22,11.732499999999998,12.111288143829407,7.727910191540147,11.7325,0,0,790,789,0,0,0,0,NaN,NaN,74.62169796781957,NaN,NaN,NaN,10.407664305182395,12.439130936844098,NaN,NaN,NaN,NaN,NaN,NaN,NaN,NaN,NaN,NaN,1,0,0,0,0,NaN,NaN,74.62169796781957,NaN,NaN,NaN,10.407664305182395,12.439130936844098,NaN,NaN,NaN,NaN,NaN,NaN,NaN,NaN,NaN,NaN,1
2024-03-13,12.162363231991602,12.91,11.67,12.137500000000001,12.116053935860425,7.795232173348694,12.1375,0,0,790,789,0,0,0,0,NaN,NaN,74.72098657016302,NaN,NaN,NaN,10.407664305182395,12.439130936844098,NaN,NaN,NaN,NaN,NaN,NaN,NaN,NaN,NaN,NaN,1,0,0,0,0,NaN,NaN,74.72098657016302,NaN,NaN,NaN,10.407664305182395,12.439130936844098,NaN,NaN,NaN,NaN,NaN,NaN,NaN,NaN,NaN,NaN,1
2024-03-14,12.1499316159958,12.45,11.72,12.0475,12.103589583885801,7.860152292839554,12.0475,0,0,790,789,0,0,0,0,NaN,NaN,74.75214184928896,NaN,NaN,NaN,10.407664305182395,12.439130936844098,NaN,NaN,NaN,NaN,NaN,NaN,NaN,NaN,NaN,NaN,1,0,0,0,0,NaN,NaN,74.75214184928896,NaN,NaN,NaN,10.407664305182395,12.439130936844098,NaN,NaN,NaN,NaN,NaN,NaN,NaN,NaN,NaN,NaN,1
2024-03-15,12.0987158079979,12.145,11.67,11.85875,12.059073295906565,7.921199586078645,11.85875,0,0,790,789,0,0,0,0,NaN,NaN,74.61135568096378,NaN,NaN,NaN,10.407664305182395,12.439130936844098,NaN,NaN,NaN,NaN,NaN,NaN,NaN,NaN,NaN,NaN,1,0,0,0,0,NaN,NaN,74.61135568096378,NaN,NaN,NaN,10.407664305182395,12.439130936844098,NaN,NaN,NaN,NaN,NaN,NaN,NaN,NaN,NaN,NaN,1
2024-03-18,11.97873290399895,12.575,11.61,12.13125,12.072196333014462,7.985475164917139,12.13125,0,0,790,789,0,0,0,0,NaN,NaN,74.57976318148305,NaN,NaN,NaN,10.407664305182395,12.439130936844098,NaN,NaN,NaN,NaN,NaN,NaN,NaN,NaN,NaN,NaN,1,0,0,0,0,NaN,NaN,74.57976318148305,NaN,NaN,NaN,10.407664305182395,12.439130936844098,NaN,NaN,NaN,NaN,NaN,NaN,NaN,NaN,NaN,NaN,1
2024-03-19,12.054991451999474,19.4,12.054991451999474,15.963750000000001,12.779751545193651,8.107280887590159,15.963750000000001,0,0,790,789,0,0,0,0,NaN,NaN,73.93457090652838,NaN,NaN,NaN,10.407664305182395,14.166724868212162,NaN,NaN,NaN,NaN,NaN,NaN,NaN,NaN,NaN,NaN,1,0,0,0,0,NaN,NaN,73.93457090652838,NaN,NaN,NaN,10.407664305182395,14.166724868212162,NaN,NaN,NaN,NaN,NaN,NaN,NaN,NaN,NaN,NaN,1
2024-03-20,14.009370725999737,18.44,14.009370725999737,16.73,13.497978536976623,8.238925454191836,16.73,0,0,790,789,0,0,0,0,NaN,NaN,73.1360530952298,NaN,NaN,NaN,14.014356293239844,15.007681395887609,NaN,NaN,NaN,NaN,NaN,NaN,NaN,NaN,NaN,NaN,1,0,0,0,0,NaN,NaN,73.1360530952298,NaN,NaN,NaN,14.014356293239844,15.007681395887609,NaN,NaN,NaN,NaN,NaN,NaN,NaN,NaN,NaN,NaN,1
2024-03-21,15.369685362999869,15.38,11.1,13.265,13.455618802980874,8.315659416723259,13.265,0,0,790,789,0,0,0,0,NaN,NaN,73.43528156121926,NaN,NaN,NaN,14.014356293239844,14.581700000000001,NaN,NaN,NaN,NaN,NaN,NaN,NaN,NaN,NaN,NaN,1,0,0,0,0,NaN,NaN,73.43528156121926,NaN,NaN,NaN,14.014356293239844,14.581700000000001,NaN,NaN,NaN,NaN,NaN,NaN,NaN,NaN,NaN,NaN,1
2024-03-22,14.317342681499934,14.317342681499934,11.62,11.9525,13.182324475166169,8.371183700437408,11.9525,0,0,790,789,0,0,0,0,NaN,NaN,73.12031051846834,NaN,NaN,NaN,14.014356293239844,13.8662615,NaN,NaN,NaN,NaN,NaN,NaN,NaN,NaN,NaN,NaN,1,0,0,0,0,NaN,NaN,73.12031051846834,NaN,NaN,NaN,14.014356293239844,13.8662615,NaN,NaN,NaN,NaN,NaN,NaN,NaN,NaN,NaN,NaN,1
2024-03-25,13.134921340749967,13.134921340749967,11.3808,12.0352,12.97375638877232,8.427122880583402,12.0352,0,0,790,789,0,0,0,0,NaN,NaN,73.21660469041379,NaN,NaN,NaN,14.014356293239844,13.8662615,NaN,NaN,NaN,NaN,NaN,NaN,NaN,NaN,NaN,NaN,1,0,0,0,0,NaN,NaN,73.21660469041379,NaN,NaN,NaN,14.014356293239844,13.8662615,NaN,NaN,NaN,NaN,NaN,NaN,NaN,NaN,NaN,NaN,1
2024-03-26,12.585060670374983,12.585060670374983,11.531,12.05095,12.805973408995536,8.482448485459992,12.05095,0,0,790,789,0,0,0,0,NaN,NaN,73.45663921325941,NaN,NaN,NaN,14.014356293239844,13.8662615,NaN,NaN,NaN,NaN,NaN,NaN,NaN,NaN,NaN,NaN,1,0,0,0,0,NaN,NaN,73.45663921325941,NaN,NaN,NaN,14.014356293239844,13.8662615,NaN,NaN,NaN,NaN,NaN,NaN,NaN,NaN,NaN,NaN,1
2024-03-27,12.318005335187491,12.49,11.64,12.010000000000002,12.661250970996347,8.53630423377358,12.010000000000002,0,0,790,789,0,0,0,0,NaN,NaN,73.56577371826779,NaN,NaN,NaN,14.014356293239844,13.8662615,NaN,NaN,NaN,NaN,NaN,NaN,NaN,NaN,NaN,NaN,1,0,0,0,0,NaN,NaN,73.56577371826779,NaN,NaN,NaN,14.014356293239844,13.8662615,NaN,NaN,NaN,NaN,NaN,NaN,NaN,NaN,NaN,NaN,1
2024-03-28,12.164002667593746,12.39,11.97,12.1,12.559205339906102,8.590711802723602,12.099999999999998,0,0,790,789,0,0,0,0,NaN,NaN,73.96278738727305,NaN,NaN,NaN,14.014356293239844,13.8662615,NaN,NaN,NaN,NaN,NaN,NaN,NaN,NaN,NaN,NaN,1,0,0,0,0,NaN,NaN,73.96278738727305,NaN,NaN,NaN,14.014356293239844,13.8662615,NaN,NaN,NaN,NaN,NaN,NaN,NaN,NaN,NaN,NaN,1
2024-04-01,12.132001333796872,12.29,11.17,11.8175,12.424349823559538,8.639975744666753,11.8175,0,0,790,789,0,0,0,0,NaN,NaN,74.1553301752011,NaN,NaN,NaN,14.014356293239844,13.67988581,NaN,NaN,NaN,NaN,NaN,NaN,NaN,NaN,NaN,NaN,1,0,0,0,0,NaN,NaN,74.1553301752011,NaN,NaN,NaN,14.014356293239844,13.67988581,NaN,NaN,NaN,NaN,NaN,NaN,NaN,NaN,NaN,NaN,1
2024-04-02,11.974750666898437,11.974750666898437,11,11.5775,12.270377128366896,8.68482344322146,11.5775,0,0,790,789,0,0,0,0,NaN,NaN,73.74281047061265,NaN,NaN,NaN,14.014356293239844,13.3814710871,NaN,NaN,NaN,NaN,NaN,NaN,NaN,NaN,NaN,NaN,1,0,0,0,0,NaN,NaN,73.74281047061265,NaN,NaN,NaN,14.014356293239844,13.3814710871,NaN,NaN,NaN,NaN,NaN,NaN,NaN,NaN,NaN,NaN,1
2024-04-03,11.776125333449219,11.9899,11.53,11.754975,12.176667650482006,8.73169598607304,11.754975,0,0,790,789,0,0,0,0,NaN,NaN,73.40594255153573,NaN,NaN,NaN,14.014356293239844,13.3814710871,NaN,NaN,NaN,NaN,NaN,NaN,NaN,NaN,NaN,NaN,1,0,0,0,0,NaN,NaN,73.40594255153573,NaN,NaN,NaN,14.014356293239844,13.3814710871,NaN,NaN,NaN,NaN,NaN,NaN,NaN,NaN,NaN,NaN,1
2024-04-04,11.765550166724609,12.56,11.765550166724609,11.995000000000001,12.143637168576188,8.781517421400169,11.995000000000001,0,0,790,789,0,0,0,0,NaN,NaN,73.2535327630563,NaN,NaN,NaN,14.014356293239844,13.3814710871,NaN,NaN,NaN,NaN,NaN,NaN,NaN,NaN,NaN,NaN,1,0,0,0,0,NaN,NaN,73.2535327630563,NaN,NaN,NaN,14.014356293239844,13.3814710871,NaN,NaN,NaN,NaN,NaN,NaN,NaN,NaN,NaN,NaN,1
2024-04-05,11.880275083362305,12.1495,11.47,11.832374999999999,12.08704404701688,8.828095399699404,11.832375,0,0,790,789,0,0,0,0,NaN,NaN,72.71859785839305,NaN,NaN,NaN,14.014356293239844,13.3814710871,NaN,NaN,NaN,NaN,NaN,NaN,NaN,NaN,NaN,NaN,1,0,0,0,0,NaN,NaN,72.71859785839305,NaN,NaN,NaN,14.014356293239844,13.3814710871,NaN,NaN,NaN,NaN,NaN,NaN,NaN,NaN,NaN,NaN,1
2024-04-08,11.856325041681153,12.69,11.82,12.2925,12.124399674831993,8.880987072986436,12.2925,0,0,790,789,0,0,0,0,NaN,NaN,72.46583924175891,NaN,NaN,NaN,14.014356293239844,13.3814710871,NaN,NaN,NaN,NaN,NaN,NaN,NaN,NaN,NaN,NaN,1,0,0,0,0,NaN,NaN,72.46583924175891,NaN,NaN,NaN,14.014356293239844,13.3814710871,NaN,NaN,NaN,NaN,NaN,NaN,NaN,NaN,NaN,NaN,1
2024-04-09,12.074412520840577,12.65,11.91,12.325,12.160872461226177,8.933567423017177,12.325,0,0,790,789,0,0,0,0,NaN,NaN,72.16339294761111,NaN,NaN,NaN,14.014356293239844,13.3814710871,NaN,NaN,NaN,NaN,NaN,NaN,NaN,NaN,NaN,NaN,1,0,0,0,0,NaN,NaN,72.16339294761111,NaN,NaN,NaN,14.014356293239844,13.3814710871,NaN,NaN,NaN,NaN,NaN,NaN,NaN,NaN,NaN,NaN,1
2024-04-10,12.199706260420289,12.199706260420289,11.35,11.605,12.059804741003235,8.974352653200121,11.605,0,0,790,789,0,0,0,0,NaN,NaN,71.33918729552455,NaN,NaN,NaN,14.014356293239844,13.3814710871,NaN,NaN,NaN,NaN,NaN,NaN,NaN,NaN,NaN,NaN,1,0,0,0,0,NaN,NaN,71.33918729552455,NaN,NaN,NaN,14.014356293239844,13.3814710871,NaN,NaN,NaN,NaN,NaN,NaN,NaN,NaN,NaN,NaN,1
2024-04-11,11.902353130210145,11.902353130210145,11.01,11.4575,11.950294788093556,9.01226329971615,11.4575,0,0,790,789,0,0,0,0,NaN,NaN,70.48634852321892,NaN,NaN,NaN,14.014356293239844,13.097794556648001,NaN,NaN,NaN,NaN,NaN,NaN,NaN,NaN,NaN,NaN,1,0,0,0,0,NaN,NaN,70.48634852321892,NaN,NaN,NaN,14.014356293239844,13.097794556648001,NaN,NaN,NaN,NaN,NaN,NaN,NaN,NaN,NaN,NaN,1
2024-04-12,11.679926565105072,11.679926565105072,10.83,11.23,11.819332099349273,9.046121875293002,11.23,0,0,790,789,0,0,0,0,NaN,NaN,69.50403134576766,NaN,NaN,NaN,14.014356293239844,12.720937873150799,NaN,NaN,NaN,NaN,NaN,NaN,NaN,NaN,NaN,NaN,1,0,0,0,0,NaN,NaN,69.50403134576766,NaN,NaN,NaN,14.014356293239844,12.720937873150799,NaN,NaN,NaN,NaN,NaN,NaN,NaN,NaN,NaN,NaN,1
2024-04-15,11.454963282552537,11.454963282552537,10.11,10.627500000000001,11.602635354013042,9.070265052769445,10.627500000000001,0,0,790,789,0,0,0,0,NaN,NaN,67.46772167219406,NaN,NaN,NaN,14.014356293239844,12.097094055983657,NaN,NaN,NaN,NaN,NaN,NaN,NaN,NaN,NaN,NaN,1,0,0,0,0,NaN,NaN,67.46772167219406,NaN,NaN,NaN,14.014356293239844,12.097094055983657,NaN,NaN,NaN,NaN,NaN,NaN,NaN,NaN,NaN,NaN,1
2024-04-16,11.04123164127627,11.04123164127627,10.12,10.427499999999998,11.388974380556125,9.090986197001973,10.427499999999998,0,0,790,789,0,0,0,0,NaN,NaN,64.86790983819033,NaN,NaN,NaN,14.014356293239844,11.667479304227086,NaN,NaN,NaN,NaN,NaN,NaN,NaN,NaN,NaN,NaN,1,0,0,0,0,NaN,NaN,64.86790983819033,NaN,NaN,NaN,14.014356293239844,11.667479304227086,NaN,NaN,NaN,NaN,NaN,NaN,NaN,NaN,NaN,NaN,1
2024-04-17,10.734365820638134,10.83,10.12,10.4475,11.217797220455012,9.111696331398889,10.4475,0,0,790,789,0,0,0,0,NaN,NaN,62.083307815739744,NaN,NaN,NaN,13.319794291173338,11.667479304227086,NaN,NaN,NaN,NaN,NaN,NaN,NaN,NaN,NaN,NaN,1,0,0,0,0,NaN,NaN,62.083307815739744,NaN,NaN,NaN,13.319794291173338,11.667479304227086,NaN,NaN,NaN,NaN,NaN,NaN,NaN,NaN,NaN,NaN,1
2024-04-18,10.590932910319067,10.62,9.75,10.147499999999999,11.023197725826828,9.127510127866081,10.147499999999999,0,0,790,789,0,0,0,0,NaN,NaN,58.73225873938994,NaN,NaN,NaN,11.878944266825876,11.196284271212587,NaN,NaN,NaN,NaN,NaN,NaN,NaN,NaN,NaN,NaN,1,0,0,0,0,NaN,NaN,58.73225873938994,NaN,NaN,NaN,11.878944266825876,11.196284271212587,NaN,NaN,NaN,NaN,NaN,NaN,NaN,NaN,NaN,NaN,1
2024-04-19,10.369216455159533,10.369216455159533,9.57,9.86,10.81170723022195,9.138693179349042,9.86,0,0,790,789,0,0,0,0,NaN,NaN,54.83437194100238,NaN,NaN,NaN,11.589780189474391,10.730550017985188,NaN,NaN,NaN,NaN,NaN,NaN,NaN,NaN,NaN,NaN,1,0,0,0,0,NaN,NaN,54.83437194100238,NaN,NaN,NaN,11.589780189474391,10.730550017985188,NaN,NaN,NaN,NaN,NaN,NaN,NaN,NaN,NaN,NaN,1
2024-04-22,10.114608227579765,10.18,9.71,9.9425,10.653669551999778,9.150965039206309,9.9425,0,0,790,789,0,0,0,0,NaN,NaN,50.96706006384725,NaN,NaN,NaN,11.589780189474391,10.730550017985188,NaN,NaN,NaN,NaN,NaN,NaN,NaN,NaN,NaN,NaN,1,0,0,0,0,NaN,NaN,50.96706006384725,NaN,NaN,NaN,11.589780189474391,10.730550017985188,NaN,NaN,NaN,NaN,NaN,NaN,NaN,NaN,NaN,NaN,1
2024-04-23,10.028554113789884,10.47,9.85,10.115,10.555729633454364,9.165683130210793,10.115,0,0,790,789,0,0,0,0,NaN,NaN,47.20853911882004,NaN,NaN,NaN,11.589780189474391,10.730550017985188,NaN,NaN,NaN,NaN,NaN,NaN,NaN,NaN,NaN,NaN,1,0,0,0,0,NaN,NaN,47.20853911882004,NaN,NaN,NaN,11.589780189474391,10.730550017985188,NaN,NaN,NaN,NaN,NaN,NaN,NaN,NaN,NaN,NaN,1
2024-04-24,10.071777056894941,10.5,9.97,10.259999999999998,10.501960609189934,9.182390257993834,10.259999999999998,0,0,790,789,0,0,0,0,NaN,NaN,43.624185271216746,NaN,NaN,NaN,11.589780189474391,10.730550017985188,NaN,NaN,NaN,NaN,NaN,NaN,NaN,NaN,NaN,NaN,1,0,0,0,0,NaN,NaN,43.624185271216746,NaN,NaN,NaN,11.589780189474391,10.730550017985188,NaN,NaN,NaN,NaN,NaN,NaN,NaN,NaN,NaN,NaN,1
2024-04-25,10.16588852844747,10.16588852844747,9.47,9.7925,10.372967771155402,9.191704910543546,9.7925,0,0,790,789,0,0,0,0,NaN,NaN,39.28630525830962,NaN,NaN,NaN,11.589780189474391,10.425510012589633,NaN,NaN,NaN,NaN,NaN,NaN,NaN,NaN,NaN,NaN,1,0,0,0,0,NaN,NaN,39.28630525830962,NaN,NaN,NaN,11.589780189474391,10.425510012589633,NaN,NaN,NaN,NaN,NaN,NaN,NaN,NaN,NaN,NaN,1
2024-04-26,9.979194264223736,10.04,9.65,9.8425,10.276519085490783,9.20164071343601,9.8425,0,0,790,789,0,0,0,0,NaN,NaN,35.02278843281597,NaN,NaN,NaN,11.589780189474391,10.425510012589633,NaN,NaN,NaN,NaN,NaN,NaN,NaN,NaN,NaN,NaN,1,0,0,0,0,NaN,NaN,35.02278843281597,NaN,NaN,NaN,11.589780189474391,10.425510012589633,NaN,NaN,NaN,NaN,NaN,NaN,NaN,NaN,NaN,NaN,1
2024-04-29,9.910847132111869,10.41,9.84,10.155,10.25442470631064,9.216195817047675,10.155,0,0,790,789,0,0,0,0,NaN,NaN,31.131131510789057,NaN,NaN,NaN,11.589780189474391,10.425510012589633,NaN,NaN,NaN,NaN,NaN,NaN,NaN,NaN,NaN,NaN,1,0,0,0,0,NaN,NaN,31.131131510789057,NaN,NaN,NaN,11.589780189474391,10.425510012589633,NaN,NaN,NaN,NaN,NaN,NaN,NaN,NaN,NaN,NaN,1
2024-04-30,10.032923566055935,10.55,10.032923566055935,10.321,10.266529305163251,9.233063056482061,10.321,0,0,790,789,0,0,0,0,NaN,NaN,27.359233327654874,NaN,NaN,NaN,11.589780189474391,10.425510012589633,NaN,NaN,NaN,NaN,NaN,NaN,NaN,NaN,NaN,NaN,1,0,0,0,0,NaN,NaN,27.359233327654874,NaN,NaN,NaN,11.589780189474391,10.425510012589633,NaN,NaN,NaN,NaN,NaN,NaN,NaN,NaN,NaN,NaN,1
2024-05-01,10.176961783027966,10.55,9.965,10.26375,10.26602397695175,9.248798735009053,10.26375,0,0,790,789,0,0,0,0,NaN,NaN,23.646280054554257,NaN,NaN,NaN,11.589780189474391,10.425510012589633,NaN,NaN,NaN,NaN,NaN,NaN,NaN,NaN,NaN,NaN,1,0,0,0,0,NaN,NaN,23.646280054554257,NaN,NaN,NaN,11.589780189474391,10.425510012589633,NaN,NaN,NaN,NaN,NaN,NaN,NaN,NaN,NaN,NaN,1
2024-05-02,10.220355891513982,10.53,10.05,10.315,10.274928708415068,9.265076616917312,10.315,1,0,790,789,0,0,0,0,NaN,NaN,20.096911454965266,NaN,NaN,NaN,11.589780189474391,10.425510012589633,NaN,NaN,NaN,NaN,NaN,NaN,NaN,NaN,NaN,NaN,1,0,0,0,0,NaN,NaN,20.096911454965266,NaN,NaN,NaN,11.589780189474391,10.425510012589633,NaN,NaN,NaN,NaN,NaN,NaN,NaN,NaN,NaN,NaN,1
2024-05-03,10.26767794575699,10.95,10.26767794575699,10.6825,10.349032579612329,9.28671666856743,10.6825,0,0,790,789,0,0,0,0,NaN,NaN,17.10675457935661,NaN,NaN,NaN,11.589780189474391,10.425510012589633,NaN,NaN,NaN,NaN,NaN,NaN,NaN,NaN,NaN,NaN,1,0,0,0,0,NaN,NaN,17.10675457935661,NaN,NaN,NaN,11.589780189474391,10.425510012589633,NaN,NaN,NaN,NaN,NaN,NaN,NaN,NaN,NaN,NaN,1
2024-05-06,10.475088972878495,11.26,10.475088972878495,11.052525,10.476940292410088,9.313675574390826,11.052525,0,0,790,789,0,0,0,0,NaN,NaN,14.58081260464562,NaN,NaN,NaN,11.589780189474391,10.425510012589633,NaN,NaN,NaN,NaN,NaN,NaN,NaN,NaN,NaN,NaN,1,0,0,0,0,NaN,NaN,14.58081260464562,NaN,NaN,NaN,11.589780189474391,10.425510012589633,NaN,NaN,NaN,NaN,NaN,NaN,NaN,NaN,NaN,NaN,1
2024-05-07,10.763806986439247,11.68,10.763806986439247,11.15,10.599314784699162,9.341711061804707,11.15,0,0,790,789,0,0,0,0,NaN,NaN,12.219166393861823,NaN,NaN,NaN,11.589780189474391,10.695237500000001,NaN,NaN,NaN,NaN,NaN,NaN,NaN,NaN,NaN,NaN,1,0,0,0,0,NaN,NaN,12.219166393861823,NaN,NaN,NaN,11.589780189474391,10.695237500000001,NaN,NaN,NaN,NaN,NaN,NaN,NaN,NaN,NaN,NaN,1
2024-05-08,10.956903493219624,10.956903493219624,10.5975,10.751875,10.627053005662951,9.36324028223517,10.751875,0,0,790,789,0,0,0,0,NaN,NaN,9.449888082354056,NaN,NaN,NaN,11.589780189474391,10.695237500000001,NaN,NaN,NaN,NaN,NaN,NaN,NaN,NaN,NaN,NaN,1,0,0,0,0,NaN,NaN,9.449888082354056,NaN,NaN,NaN,11.589780189474391,10.695237500000001,NaN,NaN,NaN,NaN,NaN,NaN,NaN,NaN,NaN,NaN,1
2024-05-09,10.854389246609813,11.75,10.81,11.170000000000002,10.725770640996961,9.390824400063641,11.170000000000002,0,0,790,789,0,0,0,0,NaN,NaN,7.184772373730093,NaN,NaN,NaN,11.589780189474391,10.719180375,NaN,NaN,NaN,NaN,NaN,NaN,NaN,NaN,NaN,NaN,1,0,0,0,0,NaN,NaN,7.184772373730093,NaN,NaN,NaN,11.589780189474391,10.719180375,NaN,NaN,NaN,NaN,NaN,NaN,NaN,NaN,NaN,NaN,1
2024-05-10,11.012194623304907,12.3,11.012194623304907,11.8625,10.932448706270241,9.42855990540618,11.8625,0,0,790,789,0,0,0,0,NaN,NaN,5.581208799172296,NaN,NaN,NaN,11.589780189474391,11.1132545525,NaN,NaN,NaN,NaN,NaN,NaN,NaN,NaN,NaN,NaN,1,0,0,0,0,NaN,NaN,5.581208799172296,NaN,NaN,NaN,11.589780189474391,11.1132545525,NaN,NaN,NaN,NaN,NaN,NaN,NaN,NaN,NaN,NaN,1
2024-05-13,11.437347311652454,12.18,11.437347311652454,11.79125,11.088594396039289,9.464631509903796,11.79125,0,0,790,789,0,0,0,0,NaN,NaN,4.024437190906523,NaN,NaN,NaN,11.589780189474391,11.1132545525,NaN,NaN,NaN,NaN,NaN,NaN,NaN,NaN,NaN,NaN,1,0,0,0,0,NaN,NaN,4.024437190906523,NaN,NaN,NaN,11.589780189474391,11.1132545525,NaN,NaN,NaN,NaN,NaN,NaN,NaN,NaN,NaN,NaN,1
2024-05-14,11.614298655826227,12.24,11.614298655826227,12.00375,11.254986324032146,9.503396677691525,12.00375,0,0,790,789,0,0,0,0,NaN,NaN,2.645514229010676,NaN,NaN,NaN,11.589780189474391,11.257667892775,NaN,NaN,NaN,NaN,NaN,NaN,NaN,NaN,NaN,NaN,1,0,0,0,0,NaN,NaN,2.645514229010676,NaN,NaN,NaN,11.589780189474391,11.257667892775,NaN,NaN,NaN,NaN,NaN,NaN,NaN,NaN,NaN,NaN,1
2024-05-15,11.809024327913114,12.28,11.33,11.807500000000001,11.355443356026301,9.538573827650433,11.807500000000001,0,0,790,789,0,0,0,0,NaN,NaN,1.3751518166241912,NaN,NaN,NaN,11.589780189474391,11.257667892775,NaN,NaN,NaN,NaN,NaN,NaN,NaN,NaN,NaN,NaN,1,0,0,0,0,NaN,NaN,1.3751518166241912,NaN,NaN,NaN,11.589780189474391,11.257667892775,NaN,NaN,NaN,NaN,NaN,NaN,NaN,NaN,NaN,NaN,1
2024-05-16,11.808262163956558,11.808262163956558,8.27,9.2425,10.971271836748791,9.534053616541266,9.2425,0,0,790,789,0,0,1,0,NaN,NaN,0.053082350707611865,NaN,NaN,NaN,11.589780189474391,10.45745,NaN,NaN,NaN,NaN,NaN,NaN,NaN,NaN,NaN,NaN,1,0,0,1,0,NaN,NaN,0.053082350707611865,NaN,NaN,NaN,11.589780189474391,10.45745,NaN,NaN,NaN,NaN,NaN,NaN,NaN,NaN,NaN,NaN,1
2024-05-17,10.525381081978278,10.525381081978278,9.51,9.7875,10.756040593703556,9.53792302697575,9.7875,0,0,790,789,0,0,0,0,NaN,NaN,0.5089426940880578,NaN,NaN,NaN,11.589780189474391,10.45745,NaN,NaN,NaN,NaN,NaN,NaN,NaN,NaN,NaN,NaN,1,0,0,0,0,NaN,NaN,0.5089426940880578,NaN,NaN,NaN,11.589780189474391,10.45745,NaN,NaN,NaN,NaN,NaN,NaN,NaN,NaN,NaN,NaN,1
2024-05-20,10.156440540989138,10.156440540989138,9.28,9.629999999999999,10.551305940302909,9.539328782289099,9.629999999999999,0,0,790,789,0,0,0,0,NaN,NaN,3.020657821362226,NaN,NaN,NaN,11.589780189474391,10.45745,NaN,NaN,NaN,NaN,NaN,NaN,NaN,NaN,NaN,NaN,1,0,0,0,0,NaN,NaN,3.020657821362226,NaN,NaN,NaN,11.589780189474391,10.45745,NaN,NaN,NaN,NaN,NaN,NaN,NaN,NaN,NaN,NaN,1
2024-05-21,9.893220270494568,9.893220270494568,8.51,8.9925,10.267886678429653,9.530980251261784,8.9925,0,0,790,789,0,0,0,0,NaN,NaN,8.810036961324386,NaN,NaN,NaN,11.589780189474391,10.292251499999999,NaN,NaN,NaN,NaN,NaN,NaN,NaN,NaN,NaN,NaN,1,0,0,0,0,NaN,NaN,8.810036961324386,NaN,NaN,NaN,11.589780189474391,10.292251499999999,NaN,NaN,NaN,NaN,NaN,NaN,NaN,NaN,NaN,NaN,1
2024-05-22,9.442860135247283,9.442860135247283,8.45,8.75,9.991907282351534,9.5190568886471,8.75,0,0,790,789,0,0,0,0,NaN,NaN,17.51644878376394,NaN,NaN,NaN,11.589780189474391,10.085741409999999,NaN,NaN,NaN,NaN,NaN,NaN,NaN,NaN,NaN,NaN,1,0,0,0,0,NaN,NaN,17.51644878376394,NaN,NaN,NaN,11.589780189474391,10.085741409999999,NaN,NaN,NaN,NaN,NaN,NaN,NaN,NaN,NaN,NaN,1
2024-05-23,9.096430067623642,9.096430067623642,8.1,8.3225,9.688378685560346,9.500788844545617,8.3225,0,0,790,789,0,0,0,0,NaN,NaN,24.913382620675694,NaN,NaN,NaN,11.589780189474391,9.7325371831,NaN,NaN,NaN,NaN,NaN,NaN,NaN,NaN,NaN,NaN,1,0,0,0,0,NaN,NaN,24.913382620675694,NaN,NaN,NaN,11.589780189474391,9.7325371831,NaN,NaN,NaN,NaN,NaN,NaN,NaN,NaN,NaN,NaN,1
2024-05-24,8.70946503381182,9.09,8.227,8.63925,9.497628015458465,9.487635579743394,8.63925,0,0,790,789,0,0,0,0,NaN,NaN,29.114145299805493,NaN,NaN,NaN,11.589780189474391,9.7325371831,NaN,NaN,NaN,NaN,NaN,NaN,NaN,NaN,NaN,NaN,1,0,0,0,0,NaN,NaN,29.114145299805493,NaN,NaN,NaN,11.589780189474391,9.7325371831,NaN,NaN,NaN,NaN,NaN,NaN,NaN,NaN,NaN,NaN,1
2024-05-28,8.67435751690591,9.45,8.67435751690591,9.15125,9.434650194466016,9.482499922037388,9.15125,0,0,790,789,0,0,0,0,NaN,NaN,33.446245191236066,NaN,NaN,NaN,11.589780189474391,9.7325371831,NaN,NaN,NaN,NaN,NaN,NaN,NaN,NaN,NaN,NaN,1,0,0,0,0,NaN,NaN,33.446245191236066,NaN,NaN,NaN,11.589780189474391,9.7325371831,NaN,NaN,NaN,NaN,NaN,NaN,NaN,NaN,NaN,NaN,1
2024-05-29,8.912803758452956,9.6999,8.912803758452956,9.325000000000001,9.414713795472196,9.480095343074984,9.325000000000001,0,0,790,789,0,0,0,0,NaN,NaN,36.904609748833714,NaN,NaN,NaN,11.589780189474391,9.7325371831,NaN,NaN,NaN,NaN,NaN,NaN,NaN,NaN,NaN,NaN,1,0,0,0,0,NaN,NaN,36.904609748833714,NaN,NaN,NaN,11.589780189474391,9.7325371831,NaN,NaN,NaN,NaN,NaN,NaN,NaN,NaN,NaN,NaN,1
2024-05-30,9.118901879226478,9.88,9.118901879226478,9.525,9.43476583265907,9.480780910356282,9.525,0,0,790,789,0,0,0,0,NaN,NaN,39.15333915757655,NaN,NaN,NaN,11.589780189474391,9.7325371831,NaN,NaN,NaN,NaN,NaN,NaN,NaN,NaN,NaN,NaN,1,0,0,0,0,NaN,NaN,39.15333915757655,NaN,NaN,NaN,11.589780189474391,9.7325371831,NaN,NaN,NaN,NaN,NaN,NaN,NaN,NaN,NaN,NaN,1
2024-05-31,9.321950939613238,9.65,8.81,9.265,9.403899317630147,9.477486545312674,9.265,0,0,790,789,0,0,0,0,NaN,NaN,41.2293860829505,NaN,NaN,NaN,11.589780189474391,9.7325371831,NaN,NaN,NaN,NaN,NaN,NaN,NaN,NaN,NaN,NaN,1,0,0,0,0,NaN,NaN,41.2293860829505,NaN,NaN,NaN,11.589780189474391,9.7325371831,NaN,NaN,NaN,NaN,NaN,NaN,NaN,NaN,NaN,NaN,1
2024-06-03,9.29347546980662,9.4416,8.85,9.2179,9.37008125987921,9.473523391949122,9.2179,0,0,790,789,0,0,0,0,NaN,NaN,42.92170399579176,NaN,NaN,NaN,11.589780189474391,9.7325371831,NaN,NaN,NaN,NaN,NaN,NaN,NaN,NaN,NaN,NaN,1,0,0,0,0,NaN,NaN,42.92170399579176,NaN,NaN,NaN,11.589780189474391,9.7325371831,NaN,NaN,NaN,NaN,NaN,NaN,NaN,NaN,NaN,NaN,1
2024-06-04,9.25568773490331,9.41,9.05,9.2375,9.34597557626481,9.469919981385013,9.2375,0,0,790,789,0,0,0,0,NaN,NaN,45.22936326646331,NaN,NaN,NaN,11.589780189474391,9.7325371831,NaN,NaN,NaN,NaN,NaN,NaN,NaN,NaN,NaN,NaN,1,0,0,0,0,NaN,NaN,45.22936326646331,NaN,NaN,NaN,11.589780189474391,9.7325371831,NaN,NaN,NaN,NaN,NaN,NaN,NaN,NaN,NaN,NaN,1
2024-06-05,9.246593867451654,10.24,9.246593867451654,9.957500000000001,9.457161835125753,9.47736395113486,9.957500000000001,0,0,790,789,0,0,0,0,NaN,NaN,47.46139374405304,NaN,NaN,NaN,11.589780189474391,9.7325371831,NaN,NaN,NaN,NaN,NaN,NaN,NaN,NaN,NaN,NaN,1,0,0,0,0,NaN,NaN,47.46139374405304,NaN,NaN,NaN,11.589780189474391,9.7325371831,NaN,NaN,NaN,NaN,NaN,NaN,NaN,NaN,NaN,NaN,1
2024-06-06,9.602046933725827,10.2,9.58,9.8775,9.533586956011979,9.483472898445779,9.8775,0,0,790,789,0,0,0,0,NaN,NaN,50.52871134956074,NaN,NaN,NaN,11.589780189474391,9.7325371831,NaN,NaN,NaN,NaN,NaN,NaN,NaN,NaN,NaN,NaN,1,0,0,0,0,NaN,NaN,50.52871134956074,NaN,NaN,NaN,11.589780189474391,9.7325371831,NaN,NaN,NaN,NaN,NaN,NaN,NaN,NaN,NaN,NaN,1
2024-06-07,9.739773466862914,9.739773466862914,9.04,9.354975,9.501112054918892,9.481511098469507,9.354975,0,0,790,789,0,0,0,0,NaN,NaN,53.73014387677393,NaN,NaN,NaN,11.589780189474391,9.7325371831,NaN,NaN,NaN,NaN,NaN,NaN,NaN,NaN,NaN,NaN,1,0,0,0,0,NaN,NaN,53.73014387677393,NaN,NaN,NaN,11.589780189474391,9.7325371831,NaN,NaN,NaN,NaN,NaN,NaN,NaN,NaN,NaN,NaN,1
2024-06-10,9.547374233431457,9.85,9.1,9.45,9.491818954024547,9.48103001299669,9.45,0,0,790,789,0,0,0,0,NaN,NaN,55.357480006573454,NaN,NaN,NaN,11.589780189474391,9.7325371831,NaN,NaN,NaN,NaN,NaN,NaN,NaN,NaN,NaN,NaN,1,0,0,0,0,NaN,NaN,55.357480006573454,NaN,NaN,NaN,11.589780189474391,9.7325371831,NaN,NaN,NaN,NaN,NaN,NaN,NaN,NaN,NaN,NaN,1
2024-06-11,9.498687116715729,9.65,9.195,9.45125,9.484442780565539,9.480575356309718,9.45125,0,0,790,789,0,0,0,0,NaN,NaN,57.186258471727626,NaN,NaN,NaN,11.589780189474391,9.7325371831,NaN,NaN,NaN,NaN,NaN,NaN,NaN,NaN,NaN,NaN,1,0,0,0,0,NaN,NaN,57.186258471727626,NaN,NaN,NaN,11.589780189474391,9.7325371831,NaN,NaN,NaN,NaN,NaN,NaN,NaN,NaN,NaN,NaN,1
2024-06-12,9.474968558357865,9.83,9.44,9.6025,9.505907729553623,9.482436801251554,9.6025,1,0,790,789,0,0,0,0,NaN,NaN,57.980977170500005,NaN,NaN,NaN,11.589780189474391,9.7325371831,NaN,NaN,NaN,NaN,NaN,NaN,NaN,NaN,NaN,NaN,1,0,0,0,0,NaN,NaN,57.980977170500005,NaN,NaN,NaN,11.589780189474391,9.7325371831,NaN,NaN,NaN,NaN,NaN,NaN,NaN,NaN,NaN,NaN,1
2024-06-13,9.538734279178932,10.93,9.2765,10.029124999999999,9.601038142362055,9.49078318596527,10.029124999999999,0,0,790,789,0,0,0,0,NaN,NaN,57.35728059637527,NaN,NaN,NaN,11.589780189474391,9.7325371831,NaN,NaN,NaN,NaN,NaN,NaN,NaN,NaN,NaN,NaN,1,0,0,0,0,NaN,NaN,57.35728059637527,NaN,NaN,NaN,11.589780189474391,9.7325371831,NaN,NaN,NaN,NaN,NaN,NaN,NaN,NaN,NaN,NaN,1
2024-06-14,9.783929639589466,10.7225,9.783929639589466,10.390625,9.744599389205318,9.504521228927633,10.390625,0,0,790,789,0,0,0,0,NaN,NaN,56.155661779150364,NaN,NaN,NaN,11.589780189474391,9.7325371831,NaN,NaN,NaN,NaN,NaN,NaN,NaN,NaN,NaN,NaN,1,0,0,0,0,NaN,NaN,56.155661779150364,NaN,NaN,NaN,11.589780189474391,9.7325371831,NaN,NaN,NaN,NaN,NaN,NaN,NaN,NaN,NaN,NaN,1
2024-06-17,10.087277319794733,10.95,10.087277319794733,10.5625,9.893308591167987,9.520673576577593,10.5625,0,0,790,789,0,0,0,0,NaN,NaN,54.97263022033956,NaN,NaN,NaN,11.589780189474391,9.7325371831,NaN,NaN,NaN,NaN,NaN,NaN,NaN,NaN,NaN,NaN,1,0,0,0,0,NaN,NaN,54.97263022033956,NaN,NaN,NaN,11.589780189474391,9.7325371831,NaN,NaN,NaN,NaN,NaN,NaN,NaN,NaN,NaN,NaN,1
2024-06-18,10.324888659897367,10.69,10.12,10.412499999999998,9.987707029137443,9.534289247164194,10.412499999999998,0,0,790,789,0,0,0,0,NaN,NaN,53.38365856263676,NaN,NaN,NaN,11.589780189474391,9.7325371831,NaN,NaN,NaN,NaN,NaN,NaN,NaN,NaN,NaN,NaN,1,0,0,0,0,NaN,NaN,53.38365856263676,NaN,NaN,NaN,11.589780189474391,9.7325371831,NaN,NaN,NaN,NaN,NaN,NaN,NaN,NaN,NaN,NaN,1
2024-06-20,10.368694329948681,10.5,9.81,10.1525,10.01766938747609,9.543727579268557,10.1525,0,0,790,789,0,0,0,0,NaN,NaN,51.94062730937961,NaN,NaN,NaN,11.589780189474391,9.7325371831,NaN,NaN,NaN,NaN,NaN,NaN,NaN,NaN,NaN,NaN,1,0,0,0,0,NaN,NaN,51.94062730937961,NaN,NaN,NaN,11.589780189474391,9.7325371831,NaN,NaN,NaN,NaN,NaN,NaN,NaN,NaN,NaN,NaN,1
2024-06-21,10.26059716497434,10.26059716497434,9.5606,9.98265,10.0113022261168,9.55042868492858,9.98265,0,0,790,789,0,0,0,0,NaN,NaN,49.9587807216871,NaN,NaN,NaN,11.589780189474391,9.7325371831,NaN,NaN,NaN,NaN,NaN,NaN,NaN,NaN,NaN,NaN,1,0,0,0,0,NaN,NaN,49.9587807216871,NaN,NaN,NaN,11.589780189474391,9.7325371831,NaN,NaN,NaN,NaN,NaN,NaN,NaN,NaN,NaN,NaN,1
2024-06-24,10.121623582487171,10.18,9.77,9.91,9.99288363955011,9.555918323326617,9.91,0,0,790,789,0,0,0,0,NaN,NaN,48.97114406727198,NaN,NaN,NaN,11.589780189474391,9.7325371831,NaN,NaN,NaN,NaN,NaN,NaN,NaN,NaN,NaN,NaN,1,0,0,0,0,NaN,NaN,48.97114406727198,NaN,NaN,NaN,11.589780189474391,9.7325371831,NaN,NaN,NaN,NaN,NaN,NaN,NaN,NaN,NaN,NaN,1
2024-06-25,10.015811791243586,10.43,9.732,9.9705,9.988813886904635,9.562247814573539,9.9705,0,0,790,789,0,0,0,0,NaN,NaN,48.715348923982376,NaN,NaN,NaN,11.589780189474391,9.7325371831,NaN,NaN,NaN,NaN,NaN,NaN,NaN,NaN,NaN,NaN,1,0,0,0,0,NaN,NaN,48.715348923982376,NaN,NaN,NaN,11.589780189474391,9.7325371831,NaN,NaN,NaN,NaN,NaN,NaN,NaN,NaN,NaN,NaN,1
2024-06-26,9.993155895621793,10.64,9.83,10.2275,10.032211362012884,9.572404336488447,10.2275,0,0,790,789,0,0,0,0,NaN,NaN,47.261586251945005,NaN,NaN,NaN,11.589780189474391,9.7325371831,NaN,NaN,NaN,NaN,NaN,NaN,NaN,NaN,NaN,NaN,1,0,0,0,0,NaN,NaN,47.261586251945005,NaN,NaN,NaN,11.589780189474391,9.7325371831,NaN,NaN,NaN,NaN,NaN,NaN,NaN,NaN,NaN,NaN,1
2024-06-27,10.110327947810896,11.27,10.110327947810896,10.7625,10.164991114374178,9.590573735931372,10.7625,0,0,790,789,0,0,0,0,NaN,NaN,44.74507322343171,NaN,NaN,NaN,11.589780189474391,9.7325371831,NaN,NaN,NaN,NaN,NaN,NaN,NaN,NaN,NaN,NaN,1,0,0,0,0,NaN,NaN,44.74507322343171,NaN,NaN,NaN,11.589780189474391,9.7325371831,NaN,NaN,NaN,NaN,NaN,NaN,NaN,NaN,NaN,NaN,1
2024-06-28,10.436413973905449,11.02,10.38,10.765,10.27408363903342,9.608503907901886,10.765,0,0,790,789,0,0,0,0,NaN,NaN,42.48509969069353,NaN,NaN,NaN,11.589780189474391,9.7325371831,NaN,NaN,NaN,NaN,NaN,NaN,NaN,NaN,NaN,NaN,1,0,0,0,0,NaN,NaN,42.48509969069353,NaN,NaN,NaN,11.589780189474391,9.7325371831,NaN,NaN,NaN,NaN,NaN,NaN,NaN,NaN,NaN,NaN,1
2024-07-01,10.600706986952725,10.88,10.0467,10.521675,10.319100250118252,9.622445451292696,10.521675,0,0,790,789,0,0,0,0,NaN,NaN,40.32242248734805,NaN,NaN,NaN,11.589780189474391,9.7325371831,NaN,NaN,NaN,NaN,NaN,NaN,NaN,NaN,NaN,NaN,1,0,0,0,0,NaN,NaN,40.32242248734805,NaN,NaN,NaN,11.589780189474391,9.7325371831,NaN,NaN,NaN,NaN,NaN,NaN,NaN,NaN,NaN,NaN,1
2024-07-02,10.561190993476362,10.7,10.07,10.2925,10.314263841005843,9.632675291730976,10.2925,0,0,790,789,0,0,0,0,NaN,NaN,37.62765611805122,NaN,NaN,NaN,11.589780189474391,9.7325371831,NaN,NaN,NaN,NaN,NaN,NaN,NaN,NaN,NaN,NaN,1,0,0,0,0,NaN,NaN,37.62765611805122,NaN,NaN,NaN,11.589780189474391,9.7325371831,NaN,NaN,NaN,NaN,NaN,NaN,NaN,NaN,NaN,NaN,1
2024-07-03,10.426845496738181,10.71,10.17,10.3975,10.32939768809569,9.64435200483432,10.3975,0,0,790,789,0,0,0,0,NaN,NaN,36.97784016392352,NaN,NaN,NaN,11.589780189474391,9.7325371831,NaN,NaN,NaN,NaN,NaN,NaN,NaN,NaN,NaN,NaN,1,0,0,0,0,NaN,NaN,36.97784016392352,NaN,NaN,NaN,11.589780189474391,9.7325371831,NaN,NaN,NaN,NaN,NaN,NaN,NaN,NaN,NaN,NaN,1
2024-07-05,10.412172748369091,10.59,9.79,10.325,10.328598108441929,9.654743577279596,10.325,0,0,790,789,0,0,0,0,NaN,NaN,33.29935869149308,NaN,NaN,NaN,11.589780189474391,9.7325371831,NaN,NaN,NaN,NaN,NaN,NaN,NaN,NaN,NaN,NaN,1,0,0,0,0,NaN,NaN,33.29935869149308,NaN,NaN,NaN,11.589780189474391,9.7325371831,NaN,NaN,NaN,NaN,NaN,NaN,NaN,NaN,NaN,NaN,1
2024-07-08,10.368586374184545,11.38,10.368586374184545,10.775,10.409762088725214,9.671846728771511,10.775,0,0,790,789,0,0,0,0,NaN,NaN,29.377681736105103,NaN,NaN,NaN,11.589780189474391,9.7325371831,NaN,NaN,NaN,NaN,NaN,NaN,NaN,NaN,NaN,NaN,1,0,0,0,0,NaN,NaN,29.377681736105103,NaN,NaN,NaN,11.589780189474391,9.7325371831,NaN,NaN,NaN,NaN,NaN,NaN,NaN,NaN,NaN,NaN,1
2024-07-09,10.571793187092272,10.9,10.355,10.69375,10.46139625441154,9.687448305431488,10.69375,0,0,790,789,0,0,0,0,NaN,NaN,25.643757327920326,NaN,NaN,NaN,11.589780189474391,9.7325371831,NaN,NaN,NaN,NaN,NaN,NaN,NaN,NaN,NaN,NaN,1,0,0,0,0,NaN,NaN,25.643757327920326,NaN,NaN,NaN,11.589780189474391,9.7325371831,NaN,NaN,NaN,NaN,NaN,NaN,NaN,NaN,NaN,NaN,1
2024-07-10,10.632771593546135,11,10.46,10.8025,10.523415117245806,9.7044719954249,10.8025,1,0,790,789,0,0,0,0,NaN,NaN,21.686638476592524,NaN,NaN,NaN,11.589780189474391,9.7325371831,NaN,NaN,NaN,NaN,NaN,NaN,NaN,NaN,NaN,NaN,1,0,0,0,0,NaN,NaN,21.686638476592524,NaN,NaN,NaN,11.589780189474391,9.7325371831,NaN,NaN,NaN,NaN,NaN,NaN,NaN,NaN,NaN,NaN,1
2024-07-11,10.717635796773067,11.57,10.717635796773067,11.285,10.661885095928387,9.728602193968031,11.285,0,0,790,789,0,0,0,0,NaN,NaN,16.745004689592907,NaN,NaN,NaN,11.589780189474391,9.9815,NaN,NaN,NaN,NaN,NaN,NaN,NaN,NaN,NaN,NaN,1,0,0,0,0,NaN,NaN,16.745004689592907,NaN,NaN,NaN,11.589780189474391,9.9815,NaN,NaN,NaN,NaN,NaN,NaN,NaN,NaN,NaN,NaN,1
2024-07-12,11.001317898386533,12.36,11.001317898386533,11.8975,10.886542351214135,9.761715137571572,11.8975,0,0,790,789,0,0,0,0,NaN,NaN,10.86132065192489,NaN,NaN,NaN,11.589780189474391,10.336042500000001,NaN,NaN,NaN,NaN,NaN,NaN,NaN,NaN,NaN,NaN,1,0,0,0,0,NaN,NaN,10.86132065192489,NaN,NaN,NaN,11.589780189474391,10.336042500000001,NaN,NaN,NaN,NaN,NaN,NaN,NaN,NaN,NaN,NaN,1
2024-07-15,11.449408949193266,12.96,11.449408949193266,12.520000000000001,11.183534650993384,9.803826356845288,12.520000000000001,0,0,790,789,0,0,0,0,NaN,NaN,5.508220009412089,NaN,NaN,NaN,11.589780189474391,10.759654950000002,NaN,NaN,NaN,NaN,NaN,NaN,NaN,NaN,NaN,NaN,1,0,0,0,0,NaN,NaN,5.508220009412089,NaN,NaN,NaN,11.589780189474391,10.759654950000002,NaN,NaN,NaN,NaN,NaN,NaN,NaN,NaN,NaN,NaN,1
2024-07-16,11.984704474596633,14.74,11.984704474596633,13.692499999999999,11.639710168994586,9.863195420099558,13.692499999999999,0,0,790,789,0,0,0,0,NaN,NaN,1.3354643571522868,NaN,NaN,NaN,11.589780189474391,11.557098504499999,NaN,NaN,NaN,NaN,NaN,NaN,NaN,NaN,NaN,NaN,1,0,0,0,0,NaN,NaN,1.3354643571522868,NaN,NaN,NaN,11.589780189474391,11.557098504499999,NaN,NaN,NaN,NaN,NaN,NaN,NaN,NaN,NaN,NaN,1
2024-07-17,12.838602237298316,14.45,12.838602237298316,14.08,12.083399229177388,9.9275741159759,14.08,0,0,790,789,0,0,0,0,NaN,NaN,0.00000998411768526377,NaN,NaN,NaN,11.589780189474391,12.03034668396,NaN,NaN,NaN,NaN,NaN,NaN,NaN,NaN,NaN,NaN,1,0,0,0,0,NaN,NaN,0.00000998411768526377,NaN,NaN,NaN,11.589780189474391,12.03034668396,NaN,NaN,NaN,NaN,NaN,NaN,NaN,NaN,NaN,NaN,1
2024-07-18,13.459301118649158,14.77,13.459301118649158,14.1375,12.456872096599682,9.991847793594589,14.1375,0,0,790,789,0,0,0,0,NaN,NaN,1.14085747542578,NaN,NaN,NaN,11.589780189474391,12.370857181365999,NaN,NaN,NaN,NaN,NaN,NaN,NaN,NaN,NaN,NaN,1,0,0,0,0,NaN,NaN,1.14085747542578,NaN,NaN,NaN,11.589780189474391,12.370857181365999,NaN,NaN,NaN,NaN,NaN,NaN,NaN,NaN,NaN,NaN,1
2024-07-19,13.798400559324579,14.07,13.57,13.8475,12.709713533581558,10.05071271277635,13.8475,0,0,790,789,0,0,0,0,NaN,NaN,3.749826801329486,NaN,NaN,NaN,11.589780189474391,12.370857181365999,NaN,NaN,NaN,NaN,NaN,NaN,NaN,NaN,NaN,NaN,1,0,0,0,0,NaN,NaN,3.749826801329486,NaN,NaN,NaN,11.589780189474391,12.370857181365999,NaN,NaN,NaN,NaN,NaN,NaN,NaN,NaN,NaN,NaN,1
2024-07-22,13.82295027966229,14.67,13.75,14.317499999999999,13.002038345657638,10.115854503420987,14.317499999999999,0,0,790,789,0,0,0,0,NaN,NaN,8.286808158428503,NaN,NaN,NaN,11.589780189474391,12.79505288872012,NaN,NaN,NaN,NaN,NaN,NaN,NaN,NaN,NaN,NaN,1,0,0,0,0,NaN,NaN,8.286808158428503,NaN,NaN,NaN,11.589780189474391,12.79505288872012,NaN,NaN,NaN,NaN,NaN,NaN,NaN,NaN,NaN,NaN,1
2024-07-23,14.070225139831145,14.68,14.070225139831145,14.4525,13.265758646447159,10.182062831613033,14.4525,0,0,790,789,0,0,0,0,NaN,NaN,14.060666336712208,NaN,NaN,NaN,11.589780189474391,13.196441782088895,NaN,NaN,NaN,NaN,NaN,NaN,NaN,NaN,NaN,NaN,1,0,0,0,0,NaN,NaN,14.060666336712208,NaN,NaN,NaN,11.589780189474391,13.196441782088895,NaN,NaN,NaN,NaN,NaN,NaN,NaN,NaN,NaN,NaN,1
2024-07-24,14.261362569915573,14.3799,13.3701,13.8275,13.367893438002222,10.237718360901383,13.827499999999999,0,0,790,789,0,0,0,0,NaN,NaN,18.924070868522037,NaN,NaN,NaN,11.589780189474391,13.196441782088895,NaN,NaN,NaN,NaN,NaN,NaN,NaN,NaN,NaN,NaN,1,0,0,0,0,NaN,NaN,18.924070868522037,NaN,NaN,NaN,11.589780189474391,13.196441782088895,NaN,NaN,NaN,NaN,NaN,NaN,NaN,NaN,NaN,NaN,1
2024-07-25,14.044431284957787,14.2,13.14,13.6625,13.421458267456362,10.290005103483042,13.6625,0,0,790,789,0,0,0,0,NaN,NaN,23.699850532958937,NaN,NaN,NaN,11.589780189474391,13.196441782088895,NaN,NaN,NaN,NaN,NaN,NaN,NaN,NaN,NaN,NaN,1,0,0,0,0,NaN,NaN,23.699850532958937,NaN,NaN,NaN,11.589780189474391,13.196441782088895,NaN,NaN,NaN,NaN,NaN,NaN,NaN,NaN,NaN,NaN,1
2024-07-26,13.853465642478893,14.33,13.853465642478893,14.16,13.555738582464297,10.349088995032918,14.159999999999998,0,0,790,789,0,0,0,0,NaN,NaN,28.47812946284846,NaN,NaN,NaN,11.589780189474391,13.196441782088895,NaN,NaN,NaN,NaN,NaN,NaN,NaN,NaN,NaN,NaN,1,0,0,0,0,NaN,NaN,28.47812946284846,NaN,NaN,NaN,11.589780189474391,13.196441782088895,NaN,NaN,NaN,NaN,NaN,NaN,NaN,NaN,NaN,NaN,1
2024-07-29,14.006732821239446,14.45,13.66,14.0775,13.650604294743516,10.406011300452263,14.077499999999999,0,0,790,789,0,0,0,0,NaN,NaN,32.114090076947605,NaN,NaN,NaN,11.589780189474391,13.196441782088895,NaN,NaN,NaN,NaN,NaN,NaN,NaN,NaN,NaN,NaN,1,0,0,0,0,NaN,NaN,32.114090076947605,NaN,NaN,NaN,11.589780189474391,13.196441782088895,NaN,NaN,NaN,NaN,NaN,NaN,NaN,NaN,NaN,NaN,1
2024-07-30,14.042116410619723,14.07,13.31,13.75,13.668676241153786,10.45706456304078,13.75,0,0,790,789,0,0,0,0,NaN,NaN,35.14923369493525,NaN,NaN,NaN,11.589780189474391,13.196441782088895,NaN,NaN,NaN,NaN,NaN,NaN,NaN,NaN,NaN,NaN,1,0,0,0,0,NaN,NaN,35.14923369493525,NaN,NaN,NaN,11.589780189474391,13.196441782088895,NaN,NaN,NaN,NaN,NaN,NaN,NaN,NaN,NaN,NaN,1
2024-07-31,13.896058205309862,14.54,13.5701,14.002524999999999,13.72937601548946,10.511193730017256,14.002524999999999,0,0,790,789,0,0,0,0,NaN,NaN,38.28300577673625,NaN,NaN,NaN,11.589780189474391,13.196441782088895,NaN,NaN,NaN,NaN,NaN,NaN,NaN,NaN,NaN,NaN,1,0,0,0,0,NaN,NaN,38.28300577673625,NaN,NaN,NaN,11.589780189474391,13.196441782088895,NaN,NaN,NaN,NaN,NaN,NaN,NaN,NaN,NaN,NaN,1
2024-08-01,13.949291602654931,14.12,12.2801,13.217524999999998,13.636312194491376,10.552511764673481,13.217524999999998,0,0,790,789,0,0,0,0,NaN,NaN,40.27669733532554,NaN,NaN,NaN,11.589780189474391,13.196441782088895,NaN,NaN,NaN,NaN,NaN,NaN,NaN,NaN,NaN,NaN,1,0,0,0,0,NaN,NaN,40.27669733532554,NaN,NaN,NaN,11.589780189474391,13.196441782088895,NaN,NaN,NaN,NaN,NaN,NaN,NaN,NaN,NaN,NaN,1
2024-08-02,13.583408301327465,13.583408301327465,11.35,11.89,13.318800886402036,10.57293143238839,11.89,0,0,790,789,0,0,0,0,NaN,NaN,40.2033788960256,NaN,NaN,NaN,11.589780189474391,12.86375,NaN,NaN,NaN,NaN,NaN,NaN,NaN,NaN,NaN,NaN,1,0,0,0,0,NaN,NaN,40.2033788960256,NaN,NaN,NaN,11.589780189474391,12.86375,NaN,NaN,NaN,NaN,NaN,NaN,NaN,NaN,NaN,NaN,1
2024-08-05,12.736704150663734,12.736704150663734,10.615,10.90125,12.879246179783484,10.577943929603835,10.90125,0,0,790,789,0,0,0,0,NaN,NaN,38.55830291069292,NaN,NaN,NaN,11.589780189474391,12.32533125,NaN,NaN,NaN,NaN,NaN,NaN,NaN,NaN,NaN,NaN,1,0,0,0,0,NaN,NaN,38.55830291069292,NaN,NaN,NaN,11.589780189474391,12.32533125,NaN,NaN,NaN,NaN,NaN,NaN,NaN,NaN,NaN,NaN,1
2024-08-06,11.818977075331865,11.818977075331865,10.79,11.075,12.551201419822851,10.585532571899959,11.075,0,0,790,789,0,0,0,0,NaN,NaN,37.45517292527934,NaN,NaN,NaN,11.589780189474391,12.32533125,NaN,NaN,NaN,NaN,NaN,NaN,NaN,NaN,NaN,NaN,1,0,0,0,0,NaN,NaN,37.45517292527934,NaN,NaN,NaN,11.589780189474391,12.32533125,NaN,NaN,NaN,NaN,NaN,NaN,NaN,NaN,NaN,NaN,1
2024-08-07,11.446988537665932,11.59,9.69,10.614999999999998,12.199164798036877,10.585982456298433,10.614999999999998,0,0,790,789,0,0,0,0,NaN,NaN,35.71967500923549,NaN,NaN,NaN,11.589780189474391,12.088173874999999,NaN,NaN,NaN,NaN,NaN,NaN,NaN,NaN,NaN,NaN,1,0,0,0,0,NaN,NaN,35.71967500923549,NaN,NaN,NaN,11.589780189474391,12.088173874999999,NaN,NaN,NaN,NaN,NaN,NaN,NaN,NaN,NaN,NaN,1
2024-08-08,11.030994268832966,11.030994268832966,9.72,10.345,11.862043925666535,10.582303334828229,10.345,0,0,790,789,0,0,0,0,NaN,NaN,32.84909065318891,NaN,NaN,NaN,11.589780189474391,11.80843822625,NaN,NaN,NaN,NaN,NaN,NaN,NaN,NaN,NaN,NaN,1,0,0,0,0,NaN,NaN,32.84909065318891,NaN,NaN,NaN,11.589780189474391,11.80843822625,NaN,NaN,NaN,NaN,NaN,NaN,NaN,NaN,NaN,NaN,1
2024-08-09,10.687997134416484,11.13,10.45,10.735,11.65712684827262,10.584634581624744,10.735,0,0,790,789,0,0,0,0,NaN,NaN,30.8080307210139,NaN,NaN,NaN,11.589780189474391,11.80843822625,NaN,NaN,NaN,NaN,NaN,NaN,NaN,NaN,NaN,NaN,1,0,0,0,0,NaN,NaN,30.8080307210139,NaN,NaN,NaN,11.589780189474391,11.80843822625,NaN,NaN,NaN,NaN,NaN,NaN,NaN,NaN,NaN,NaN,1
2024-08-12,10.711498567208242,10.711498567208242,10.14,10.365,11.422194694041234,10.581281381905283,10.365,0,0,790,789,0,0,0,0,NaN,NaN,28.56805442032838,NaN,NaN,NaN,11.589780189474391,11.80843822625,NaN,NaN,NaN,NaN,NaN,NaN,NaN,NaN,NaN,NaN,1,0,0,0,0,NaN,NaN,28.56805442032838,NaN,NaN,NaN,11.589780189474391,11.80843822625,NaN,NaN,NaN,NaN,NaN,NaN,NaN,NaN,NaN,NaN,1
2024-08-13,10.53824928360412,11.27,10.2938,10.798449999999999,11.30878656785192,10.584596933326576,10.798449999999999,0,0,790,789,0,0,0,0,NaN,NaN,27.331031896713455,NaN,NaN,NaN,11.589780189474391,11.80843822625,NaN,NaN,NaN,NaN,NaN,NaN,NaN,NaN,NaN,NaN,1,0,0,0,0,NaN,NaN,27.331031896713455,NaN,NaN,NaN,11.589780189474391,11.80843822625,NaN,NaN,NaN,NaN,NaN,NaN,NaN,NaN,NaN,NaN,1