time,open,high,low,close,EMA10,EMA130,VWAP,Bull_window,Bear_window,Plot,Plot,Bullish,Bullish+,Bearish,Bearish+,Bullish Exit,Bearish Exit,Trend Strength,Take Profit,Stop Loss,Bar Color Value,Trend Tracer,Trend Catcher,Smart Trail,Smart Trail Extremity,RZ R3 Band,RZ R2 Band,RZ R1 Band,RZ S1 Band,RZ S2 Band,RZ S3 Band,Neo Lead,Neo Lag,Custom Alert Condition Highlighter,Bullish,Bullish+,Bearish,Bearish+,Bullish Exit,Bearish Exit,Trend Strength,Take Profit,Stop Loss,Bar Color Value,Trend Tracer,Trend Catcher,Smart Trail,Smart Trail Extremity,RZ R3 Band,RZ R2 Band,RZ R1 Band,RZ S1 Band,RZ S2 Band,RZ S3 Band,Neo Lead,Neo Lag,Custom Alert Condition Highlighter
2020-08-04,13.481781652181475,13.61,13.42,13.5325,13.597564315504076,13.030672944534773,13.5325,0,0,6240,6239,0,0,0,0,NaN,NaN,62.11521978978198,NaN,NaN,NaN,13.297958270005669,13.895657840699998,NaN,NaN,NaN,NaN,NaN,NaN,NaN,NaN,NaN,NaN,1,0,0,0,0,NaN,NaN,62.11521978978198,NaN,NaN,NaN,13.297958270005669,13.895657840699998,NaN,NaN,NaN,NaN,NaN,NaN,NaN,NaN,NaN,NaN,1
2020-08-05,13.507140826090737,13.78,13.507140826090737,13.639999999999999,13.605279894503335,13.039975647671646,13.639999999999997,0,0,6240,6239,0,0,0,0,NaN,NaN,59.45073182692989,NaN,NaN,NaN,13.297958270005669,13.895657840699998,NaN,NaN,NaN,NaN,NaN,NaN,NaN,NaN,NaN,NaN,1,0,0,0,0,NaN,NaN,59.45073182692989,NaN,NaN,NaN,13.297958270005669,13.895657840699998,NaN,NaN,NaN,NaN,NaN,NaN,NaN,NaN,NaN,NaN,1
2020-08-06,13.573570413045367,13.83,13.53,13.677475,13.61840627732091,13.04970846221101,13.677474999999998,0,0,6240,6239,0,0,0,0,NaN,NaN,57.25711029922438,NaN,NaN,NaN,13.297958270005669,13.895657840699998,NaN,NaN,NaN,NaN,NaN,NaN,NaN,NaN,NaN,NaN,1,0,0,0,0,NaN,NaN,57.25711029922438,NaN,NaN,NaN,13.297958270005669,13.895657840699998,NaN,NaN,NaN,NaN,NaN,NaN,NaN,NaN,NaN,NaN,1
2020-08-07,13.625522706522684,13.695,13.41,13.536249999999999,13.603468772353471,13.057136577291757,13.536249999999999,0,0,6240,6239,0,0,0,0,NaN,NaN,54.72394404619053,NaN,NaN,NaN,13.297958270005669,13.895657840699998,NaN,NaN,NaN,NaN,NaN,NaN,NaN,NaN,NaN,NaN,1,0,0,0,0,NaN,NaN,54.72394404619053,NaN,NaN,NaN,13.297958270005669,13.895657840699998,NaN,NaN,NaN,NaN,NaN,NaN,NaN,NaN,NaN,NaN,1
2020-08-10,13.580886353261342,13.6593,13.45,13.539824999999999,13.591897177380112,13.064505866188066,13.539824999999999,0,0,6240,6239,0,0,0,0,NaN,NaN,52.632999577157605,NaN,NaN,NaN,13.297958270005669,13.895657840699998,NaN,NaN,NaN,NaN,NaN,NaN,NaN,NaN,NaN,NaN,1,0,0,0,0,NaN,NaN,52.632999577157605,NaN,NaN,NaN,13.297958270005669,13.895657840699998,NaN,NaN,NaN,NaN,NaN,NaN,NaN,NaN,NaN,NaN,1
2020-08-11,13.560355676630671,13.76,13.560355676630671,13.649999999999999,13.602461326947363,13.073444707925653,13.649999999999999,0,0,6240,6239,0,0,0,0,NaN,NaN,51.20364987538571,NaN,NaN,NaN,13.297958270005669,13.895657840699998,NaN,NaN,NaN,NaN,NaN,NaN,NaN,NaN,NaN,NaN,1,0,0,0,0,NaN,NaN,51.20364987538571,NaN,NaN,NaN,13.297958270005669,13.895657840699998,NaN,NaN,NaN,NaN,NaN,NaN,NaN,NaN,NaN,NaN,1
2020-08-12,13.605177838315335,14.94,13.605177838315335,14.3525,13.738831994775115,13.09297226963671,14.3525,0,0,6240,6239,0,0,0,0,NaN,NaN,51.447134431677334,NaN,NaN,NaN,13.297958270005669,13.895657840699998,NaN,NaN,NaN,NaN,NaN,NaN,NaN,NaN,NaN,NaN,1,0,0,0,0,NaN,NaN,51.447134431677334,NaN,NaN,NaN,13.297958270005669,13.895657840699998,NaN,NaN,NaN,NaN,NaN,NaN,NaN,NaN,NaN,NaN,1
2020-08-13,13.978838919157667,15.27,13.978838919157667,14.775,13.927226177543275,13.118652082314012,14.775000000000002,0,0,6240,6239,0,0,0,0,NaN,NaN,51.45582775011264,NaN,NaN,NaN,13.297958270005669,14.1403,NaN,NaN,NaN,NaN,NaN,NaN,NaN,NaN,NaN,NaN,1,0,0,0,0,NaN,NaN,51.45582775011264,NaN,NaN,NaN,13.297958270005669,14.1403,NaN,NaN,NaN,NaN,NaN,NaN,NaN,NaN,NaN,NaN,1
2020-08-14,14.376919459578833,16.31,14.376919459578833,15.6325,14.237275963444498,13.157031439835936,15.6325,0,0,6240,6239,0,0,0,0,NaN,NaN,51.70095845450668,NaN,NaN,NaN,13.297958270005669,14.6009535,NaN,NaN,NaN,NaN,NaN,NaN,NaN,NaN,NaN,NaN,1,0,0,0,0,NaN,NaN,51.70095845450668,NaN,NaN,NaN,13.297958270005669,14.6009535,NaN,NaN,NaN,NaN,NaN,NaN,NaN,NaN,NaN,NaN,1
2020-08-17,15.004709729789417,17,15.004709729789417,16.3725,14.625498515545498,13.206122562891876,16.3725,0,0,6240,6239,0,0,0,0,NaN,NaN,51.44104792376159,NaN,NaN,NaN,13.526209608339496,15.05504629,NaN,NaN,NaN,NaN,NaN,NaN,NaN,NaN,NaN,NaN,1,0,0,0,0,NaN,NaN,51.44104792376159,NaN,NaN,NaN,13.526209608339496,15.05504629,NaN,NaN,NaN,NaN,NaN,NaN,NaN,NaN,NaN,NaN,1
2020-08-18,15.688604864894707,16.47,15.688604864894707,16.1525,14.903135149082681,13.251105424527115,16.1525,0,0,6240,6239,0,0,0,0,NaN,NaN,51.41530523834534,NaN,NaN,NaN,15.065808247048736,15.05504629,NaN,NaN,NaN,NaN,NaN,NaN,NaN,NaN,NaN,NaN,1,0,0,0,0,NaN,NaN,51.41530523834534,NaN,NaN,NaN,15.065808247048736,15.05504629,NaN,NaN,NaN,NaN,NaN,NaN,NaN,NaN,NaN,NaN,1
2020-08-19,15.920552432447353,16.38,15.69,16.112499999999997,15.123019667431285,13.294790837893112,16.112499999999997,0,0,6240,6239,0,0,0,0,NaN,NaN,51.69585656107007,NaN,NaN,NaN,15.065808247048736,15.05504629,NaN,NaN,NaN,NaN,NaN,NaN,NaN,NaN,NaN,NaN,1,0,0,0,0,NaN,NaN,51.69585656107007,NaN,NaN,NaN,15.065808247048736,15.05504629,NaN,NaN,NaN,NaN,NaN,NaN,NaN,NaN,NaN,NaN,1
2020-08-20,16.016526216223674,16.03,15.57,15.84,15.253379727898324,13.333648993039782,15.84,0,0,6240,6239,0,0,0,0,NaN,NaN,53.01068889045651,NaN,NaN,NaN,15.065808247048736,15.05504629,NaN,NaN,NaN,NaN,NaN,NaN,NaN,NaN,NaN,NaN,1,0,0,0,0,NaN,NaN,53.01068889045651,NaN,NaN,NaN,15.065808247048736,15.05504629,NaN,NaN,NaN,NaN,NaN,NaN,NaN,NaN,NaN,NaN,1
2020-08-21,15.928263108111837,16.24,15.66,15.9025,15.371401595553174,13.372868092382687,15.9025,0,0,6240,6239,0,0,0,0,NaN,NaN,54.22457515507113,NaN,NaN,NaN,15.065808247048736,15.05504629,NaN,NaN,NaN,NaN,NaN,NaN,NaN,NaN,NaN,NaN,1,0,0,0,0,NaN,NaN,54.22457515507113,NaN,NaN,NaN,15.065808247048736,15.05504629,NaN,NaN,NaN,NaN,NaN,NaN,NaN,NaN,NaN,NaN,1
2020-08-24,15.91538155405592,16.46,15.91538155405592,16.2725,15.53523766908896,13.417137281811959,16.2725,0,0,6240,6239,0,0,0,0,NaN,NaN,54.78245191353054,NaN,NaN,NaN,15.065808247048736,15.05504629,NaN,NaN,NaN,NaN,NaN,NaN,NaN,NaN,NaN,NaN,1,0,0,0,0,NaN,NaN,54.78245191353054,NaN,NaN,NaN,15.065808247048736,15.05504629,NaN,NaN,NaN,NaN,NaN,NaN,NaN,NaN,NaN,NaN,1
2020-08-25,16.09394077702796,16.48,15.98,16.267500000000002,15.66837627470915,13.4606542698759,16.267500000000002,0,0,6240,6239,0,0,0,0,NaN,NaN,54.86385454199715,NaN,NaN,NaN,15.065808247048736,15.05504629,NaN,NaN,NaN,NaN,NaN,NaN,NaN,NaN,NaN,NaN,1,0,0,0,0,NaN,NaN,54.86385454199715,NaN,NaN,NaN,15.065808247048736,15.05504629,NaN,NaN,NaN,NaN,NaN,NaN,NaN,NaN,NaN,NaN,1
2020-08-26,16.180720388513983,16.3299,15.91,16.129974999999998,15.752303315671123,13.501407258122068,16.129974999999998,0,0,6240,6239,0,0,0,0,NaN,NaN,54.83277992586512,NaN,NaN,NaN,15.065808247048736,15.05504629,NaN,NaN,NaN,NaN,NaN,NaN,NaN,NaN,NaN,NaN,1,0,0,0,0,NaN,NaN,54.83277992586512,NaN,NaN,NaN,15.065808247048736,15.05504629,NaN,NaN,NaN,NaN,NaN,NaN,NaN,NaN,NaN,NaN,1
2020-08-27,16.15534769425699,16.185,15.832,16.05425,15.807202712821827,13.54038195647135,16.05425,0,0,6240,6239,0,0,0,0,NaN,NaN,54.779757339122895,NaN,NaN,NaN,15.065808247048736,15.05504629,NaN,NaN,NaN,NaN,NaN,NaN,NaN,NaN,NaN,NaN,1,0,0,0,0,NaN,NaN,54.779757339122895,NaN,NaN,NaN,15.065808247048736,15.05504629,NaN,NaN,NaN,NaN,NaN,NaN,NaN,NaN,NaN,NaN,1
2020-08-28,16.104798847128492,16.16,15.67,15.925474999999999,15.82870676503604,13.576795590723696,15.925474999999999,0,0,6240,6239,0,0,0,0,NaN,NaN,54.92007957015556,NaN,NaN,NaN,15.065808247048736,15.05504629,NaN,NaN,NaN,NaN,NaN,NaN,NaN,NaN,NaN,NaN,1,0,0,0,0,NaN,NaN,54.92007957015556,NaN,NaN,NaN,15.065808247048736,15.05504629,NaN,NaN,NaN,NaN,NaN,NaN,NaN,NaN,NaN,NaN,1
2020-08-31,16.015136923564246,16.3,15.67,15.9875,15.857578262302216,13.613600238193564,15.987499999999999,0,0,6240,6239,0,0,0,0,NaN,NaN,54.92924303488722,NaN,NaN,NaN,15.065808247048736,15.05504629,NaN,NaN,NaN,NaN,NaN,NaN,NaN,NaN,NaN,NaN,1,0,0,0,0,NaN,NaN,54.92924303488722,NaN,NaN,NaN,15.065808247048736,15.05504629,NaN,NaN,NaN,NaN,NaN,NaN,NaN,NaN,NaN,NaN,1
2020-09-01,16.001318461782123,16.2956,15.82,16.081400000000002,15.898273123701813,13.651276570434884,16.081400000000002,0,0,6240,6239,0,0,0,0,NaN,NaN,55.01980969312863,NaN,NaN,NaN,15.065808247048736,15.05504629,NaN,NaN,NaN,NaN,NaN,NaN,NaN,NaN,NaN,NaN,1,0,0,0,0,NaN,NaN,55.01980969312863,NaN,NaN,NaN,15.065808247048736,15.05504629,NaN,NaN,NaN,NaN,NaN,NaN,NaN,NaN,NaN,NaN,1
2020-09-02,16.04135923089106,16.14,15.74,15.950000000000001,15.907678010301483,13.686371584626718,15.950000000000001,0,0,6240,6239,0,0,0,0,NaN,NaN,55.22804637909308,NaN,NaN,NaN,15.065808247048736,15.05504629,NaN,NaN,NaN,NaN,NaN,NaN,NaN,NaN,NaN,NaN,1,0,0,0,0,NaN,NaN,55.22804637909308,NaN,NaN,NaN,15.065808247048736,15.05504629,NaN,NaN,NaN,NaN,NaN,NaN,NaN,NaN,NaN,NaN,1
2020-09-03,15.995679615445532,16.12,15.69,15.962499999999999,15.917645644792122,13.721121636769821,15.962499999999999,0,0,6240,6239,0,0,0,0,NaN,NaN,55.547423203910604,NaN,NaN,NaN,15.065808247048736,15.05504629,NaN,NaN,NaN,NaN,NaN,NaN,NaN,NaN,NaN,NaN,1,0,0,0,0,NaN,NaN,55.547423203910604,NaN,NaN,NaN,15.065808247048736,15.05504629,NaN,NaN,NaN,NaN,NaN,NaN,NaN,NaN,NaN,NaN,1
2020-09-04,15.979089807722765,16.66,15.979089807722765,16.3825,16.00216461846628,13.76175336750616,16.3825,0,0,6240,6239,0,0,0,0,NaN,NaN,56.44378059187321,NaN,NaN,NaN,15.065808247048736,15.179067123900001,NaN,NaN,NaN,NaN,NaN,NaN,NaN,NaN,NaN,NaN,1,0,0,0,0,NaN,NaN,56.44378059187321,NaN,NaN,NaN,15.065808247048736,15.179067123900001,NaN,NaN,NaN,NaN,NaN,NaN,NaN,NaN,NaN,NaN,1
2020-09-08,16.180794903861383,17.16,16.180794903861383,16.7575,16.139498324199685,13.807489957315227,16.7575,0,0,6240,6239,0,0,0,0,NaN,NaN,57.13936889450786,NaN,NaN,NaN,15.065808247048736,15.533479069032001,NaN,NaN,NaN,NaN,NaN,NaN,NaN,NaN,NaN,NaN,1,0,0,0,0,NaN,NaN,57.13936889450786,NaN,NaN,NaN,15.065808247048736,15.533479069032001,NaN,NaN,NaN,NaN,NaN,NaN,NaN,NaN,NaN,NaN,1
2020-09-09,16.46914745193069,17.8,16.46914745193069,17.15,16.323225901617924,13.858520644989802,17.15,0,0,6240,6239,0,0,0,0,NaN,NaN,57.557000840354135,NaN,NaN,NaN,15.065808247048736,15.942769708677199,NaN,NaN,NaN,NaN,NaN,NaN,NaN,NaN,NaN,NaN,1,0,0,0,0,NaN,NaN,57.557000840354135,NaN,NaN,NaN,15.065808247048736,15.942769708677199,NaN,NaN,NaN,NaN,NaN,NaN,NaN,NaN,NaN,NaN,1
2020-09-10,16.809573725965343,17.57,16.809573725965343,17.367525,16.51309846496012,13.912093230562478,17.367525,0,0,6240,6239,0,0,0,0,NaN,NaN,57.66957338160592,NaN,NaN,NaN,15.065808247048736,16.288410911115307,NaN,NaN,NaN,NaN,NaN,NaN,NaN,NaN,NaN,NaN,1,0,0,0,0,NaN,NaN,57.66957338160592,NaN,NaN,NaN,15.065808247048736,16.288410911115307,NaN,NaN,NaN,NaN,NaN,NaN,NaN,NaN,NaN,NaN,1
2020-09-11,17.088549362982672,17.65,17.088549362982672,17.4075,16.67571692587646,13.965458219408852,17.4075,0,0,6240,6239,0,0,0,0,NaN,NaN,57.92963449016639,NaN,NaN,NaN,15.366914231297345,16.53920974478109,NaN,NaN,NaN,NaN,NaN,NaN,NaN,NaN,NaN,NaN,1,0,0,0,0,NaN,NaN,57.92963449016639,NaN,NaN,NaN,15.366914231297345,16.53920974478109,NaN,NaN,NaN,NaN,NaN,NaN,NaN,NaN,NaN,NaN,1
2020-09-14,17.248024681491337,17.98,17.248024681491337,17.654999999999998,16.85376839389892,14.021787101555281,17.654999999999998,0,0,6240,6239,0,0,0,0,NaN,NaN,58.2633865412824,NaN,NaN,NaN,16.568323727101152,16.90104940603363,NaN,NaN,NaN,NaN,NaN,NaN,NaN,NaN,NaN,NaN,1,0,0,0,0,NaN,NaN,58.2633865412824,NaN,NaN,NaN,16.568323727101152,16.90104940603363,NaN,NaN,NaN,NaN,NaN,NaN,NaN,NaN,NaN,NaN,1
2020-09-15,17.451512340745666,18.02,17.45,17.705,17.00853777682639,14.078019359546804,17.705,0,0,6240,6239,0,0,0,0,NaN,NaN,58.707362018402456,NaN,NaN,NaN,16.61876960846564,17.13636606640455,NaN,NaN,NaN,NaN,NaN,NaN,NaN,NaN,NaN,NaN,1,0,0,0,0,NaN,NaN,58.707362018402456,NaN,NaN,NaN,16.61876960846564,17.13636606640455,NaN,NaN,NaN,NaN,NaN,NaN,NaN,NaN,NaN,NaN,1
2020-09-16,17.578256170372832,17.79,16.77,17.285,17.058803635585228,14.126980896042273,17.285,0,0,6240,6239,0,0,0,0,NaN,NaN,59.33293061705069,NaN,NaN,NaN,16.61876960846564,17.13636606640455,NaN,NaN,NaN,NaN,NaN,NaN,NaN,NaN,NaN,NaN,1,0,0,0,0,NaN,NaN,59.33293061705069,NaN,NaN,NaN,16.61876960846564,17.13636606640455,NaN,NaN,NaN,NaN,NaN,NaN,NaN,NaN,NaN,NaN,1
2020-09-17,17.431628085186418,18.73,16.63,17.6175,17.16038479275155,14.180271264041627,17.6175,0,0,6240,6239,0,0,0,0,NaN,NaN,60.856115358601684,NaN,NaN,NaN,16.61876960846564,17.13636606640455,NaN,NaN,NaN,NaN,NaN,NaN,NaN,NaN,NaN,NaN,1,0,0,0,0,NaN,NaN,60.856115358601684,NaN,NaN,NaN,16.61876960846564,17.13636606640455,NaN,NaN,NaN,NaN,NaN,NaN,NaN,NaN,NaN,NaN,1
2020-09-18,17.52456404259321,18.41,17.52456404259321,18.160000000000004,17.34213301225127,14.241030481384502,18.160000000000004,1,0,6240,6239,0,0,0,0,NaN,NaN,63.467909231989225,NaN,NaN,NaN,16.61876960846564,17.602706246483187,NaN,NaN,NaN,NaN,NaN,NaN,NaN,NaN,NaN,NaN,1,0,0,0,0,NaN,NaN,63.467909231989225,NaN,NaN,NaN,16.61876960846564,17.602706246483187,NaN,NaN,NaN,NaN,NaN,NaN,NaN,NaN,NaN,NaN,1
2020-09-21,17.842282021296604,18.27,17.46,17.92,17.447199737296494,14.297197954951152,17.92,0,0,6240,6239,0,0,0,0,NaN,NaN,65.81237489544516,NaN,NaN,NaN,16.61876960846564,17.602706246483187,NaN,NaN,NaN,NaN,NaN,NaN,NaN,NaN,NaN,NaN,1,0,0,0,0,NaN,NaN,65.81237489544516,NaN,NaN,NaN,16.61876960846564,17.602706246483187,NaN,NaN,NaN,NaN,NaN,NaN,NaN,NaN,NaN,NaN,1
2020-09-22,17.881141010648303,18.22,17.73,18.03,17.553163421424404,14.35418729915037,18.03,0,0,6240,6239,0,0,0,0,NaN,NaN,67.583283429948,NaN,NaN,NaN,16.61876960846564,17.602706246483187,NaN,NaN,NaN,NaN,NaN,NaN,NaN,NaN,NaN,NaN,1,0,0,0,0,NaN,NaN,67.583283429948,NaN,NaN,NaN,16.61876960846564,17.602706246483187,NaN,NaN,NaN,NaN,NaN,NaN,NaN,NaN,NaN,NaN,1
2020-09-23,17.955570505324154,18.093,17.04,17.565749999999998,17.55545189025633,14.403218790766395,17.565749999999998,0,0,6240,6239,0,0,0,0,NaN,NaN,68.57855294308439,NaN,NaN,NaN,16.61876960846564,17.602706246483187,NaN,NaN,NaN,NaN,NaN,NaN,NaN,NaN,NaN,NaN,1,0,0,0,0,NaN,NaN,68.57855294308439,NaN,NaN,NaN,16.61876960846564,17.602706246483187,NaN,NaN,NaN,NaN,NaN,NaN,NaN,NaN,NaN,NaN,1
2020-09-24,17.760660252662078,18.18,16.51,17.4225,17.53127881930063,14.449314687090572,17.4225,0,0,6240,6239,0,0,0,0,NaN,NaN,69.53822477455329,NaN,NaN,NaN,16.61876960846564,17.602706246483187,NaN,NaN,NaN,NaN,NaN,NaN,NaN,NaN,NaN,NaN,1,0,0,0,0,NaN,NaN,69.53822477455329,NaN,NaN,NaN,16.61876960846564,17.602706246483187,NaN,NaN,NaN,NaN,NaN,NaN,NaN,NaN,NaN,NaN,1
2020-09-25,17.59158012633104,19.1,17.51,18.237500000000004,17.65968267033688,14.507149577363998,18.2375,0,0,6240,6239,0,0,0,0,NaN,NaN,70.74390190828443,NaN,NaN,NaN,16.61876960846564,17.838150685143738,NaN,NaN,NaN,NaN,NaN,NaN,NaN,NaN,NaN,NaN,1,0,0,0,0,NaN,NaN,70.74390190828443,NaN,NaN,NaN,16.61876960846564,17.838150685143738,NaN,NaN,NaN,NaN,NaN,NaN,NaN,NaN,NaN,NaN,1
2020-09-28,17.91454006316552,19,17.91454006316552,18.6325,17.836558548457447,14.570132026564549,18.6325,0,0,6240,6239,0,0,0,0,NaN,NaN,72.67927192538698,NaN,NaN,NaN,16.61876960846564,18.250516438491992,NaN,NaN,NaN,NaN,NaN,NaN,NaN,NaN,NaN,NaN,1,0,0,0,0,NaN,NaN,72.67927192538698,NaN,NaN,NaN,16.61876960846564,18.250516438491992,NaN,NaN,NaN,NaN,NaN,NaN,NaN,NaN,NaN,NaN,1
2020-09-29,18.273520031582763,18.6,17.56,18.087500000000002,17.88218426691973,14.623832300968143,18.087500000000002,0,0,6240,6239,0,0,0,0,NaN,NaN,74.10226563405033,NaN,NaN,NaN,16.61876960846564,18.250516438491992,NaN,NaN,NaN,NaN,NaN,NaN,NaN,NaN,NaN,NaN,1,0,0,0,0,NaN,NaN,74.10226563405033,NaN,NaN,NaN,16.61876960846564,18.250516438491992,NaN,NaN,NaN,NaN,NaN,NaN,NaN,NaN,NaN,NaN,1
2020-09-30,18.180510015791384,18.395,17.66,17.92875,17.890650763843414,14.674289059731988,17.92875,0,0,6240,6239,0,0,0,0,NaN,NaN,75.1491114579516,NaN,NaN,NaN,16.61876960846564,18.250516438491992,NaN,NaN,NaN,NaN,NaN,NaN,NaN,NaN,NaN,NaN,1,0,0,0,0,NaN,NaN,75.1491114579516,NaN,NaN,NaN,16.61876960846564,18.250516438491992,NaN,NaN,NaN,NaN,NaN,NaN,NaN,NaN,NaN,NaN,1
2020-10-01,18.054630007895693,18.5,17.7,18.0425,17.918259715871883,14.725712127522339,18.0425,0,0,6240,6239,0,0,0,0,NaN,NaN,76.28383029540207,NaN,NaN,NaN,16.61876960846564,18.250516438491992,NaN,NaN,NaN,NaN,NaN,NaN,NaN,NaN,NaN,NaN,1,0,0,0,0,NaN,NaN,76.28383029540207,NaN,NaN,NaN,16.61876960846564,18.250516438491992,NaN,NaN,NaN,NaN,NaN,NaN,NaN,NaN,NaN,NaN,1
2020-10-02,18.048565003947846,18.36,17.49,17.854999999999997,17.90675794934972,14.77348751488841,17.854999999999997,0,0,6240,6239,0,0,0,0,NaN,NaN,77.08120624596468,NaN,NaN,NaN,16.61876960846564,18.0921375,NaN,NaN,NaN,NaN,NaN,NaN,NaN,NaN,NaN,NaN,1,0,0,0,0,NaN,NaN,77.08120624596468,NaN,NaN,NaN,16.61876960846564,18.0921375,NaN,NaN,NaN,NaN,NaN,NaN,NaN,NaN,NaN,NaN,1
2020-10-05,17.951782501973923,18.76,17.871,18.23025,17.96557468583159,14.826262514661106,18.23025,0,0,6240,6239,0,0,0,0,NaN,NaN,78.20533747011726,NaN,NaN,NaN,16.61876960846564,18.0921375,NaN,NaN,NaN,NaN,NaN,NaN,NaN,NaN,NaN,NaN,1,0,0,0,0,NaN,NaN,78.20533747011726,NaN,NaN,NaN,16.61876960846564,18.0921375,NaN,NaN,NaN,NaN,NaN,NaN,NaN,NaN,NaN,NaN,1
2020-10-06,18.09101625098696,18.1859,17.8,17.9915,17.970288379316756,14.874586751078494,17.9915,0,0,6240,6239,0,0,0,0,NaN,NaN,78.69795975597685,NaN,NaN,NaN,16.61876960846564,18.0921375,NaN,NaN,NaN,NaN,NaN,NaN,NaN,NaN,NaN,NaN,1,0,0,0,0,NaN,NaN,78.69795975597685,NaN,NaN,NaN,16.61876960846564,18.0921375,NaN,NaN,NaN,NaN,NaN,NaN,NaN,NaN,NaN,NaN,1
2020-10-07,18.041258125493478,18.2,17.42,17.7975,17.938872310350074,14.919211380833021,17.7975,0,0,6240,6239,0,0,0,0,NaN,NaN,78.88771957605168,NaN,NaN,NaN,16.61876960846564,18.055410875,NaN,NaN,NaN,NaN,NaN,NaN,NaN,NaN,NaN,NaN,1,0,0,0,0,NaN,NaN,78.88771957605168,NaN,NaN,NaN,16.61876960846564,18.055410875,NaN,NaN,NaN,NaN,NaN,NaN,NaN,NaN,NaN,NaN,1
2020-10-08,17.91937906274674,17.91937906274674,17.45,17.70375,17.896122799377334,14.961723420820302,17.70375,0,0,6240,6239,0,0,0,0,NaN,NaN,79.23289362958434,NaN,NaN,NaN,16.61876960846564,17.9902487225,NaN,NaN,NaN,NaN,NaN,NaN,NaN,NaN,NaN,NaN,1,0,0,0,0,NaN,NaN,79.23289362958434,NaN,NaN,NaN,16.61876960846564,17.9902487225,NaN,NaN,NaN,NaN,NaN,NaN,NaN,NaN,NaN,NaN,1
2020-10-09,17.81156453137337,17.81156453137337,17.4959,17.66155,17.853473199490544,15.002942147219992,17.66155,0,0,6240,6239,0,0,0,0,NaN,NaN,79.7274581526286,NaN,NaN,NaN,16.61876960846564,17.941464837475003,NaN,NaN,NaN,NaN,NaN,NaN,NaN,NaN,NaN,NaN,1,0,0,0,0,NaN,NaN,79.7274581526286,NaN,NaN,NaN,16.61876960846564,17.941464837475003,NaN,NaN,NaN,NaN,NaN,NaN,NaN,NaN,NaN,NaN,1
2020-10-12,17.736557265686685,19.48,17.736557265686685,19.03,18.067387163219536,15.064423946499076,19.03,0,0,6240,6239,0,0,0,0,NaN,NaN,81.11026047664096,NaN,NaN,NaN,16.61876960846564,18.427882,NaN,NaN,NaN,NaN,NaN,NaN,NaN,NaN,NaN,NaN,1,0,0,0,0,NaN,NaN,81.11026047664096,NaN,NaN,NaN,16.61876960846564,18.427882,NaN,NaN,NaN,NaN,NaN,NaN,NaN,NaN,NaN,NaN,1
2020-10-13,18.383278632843343,19.78,18.383278632843343,19.43,18.315134951725074,15.13107396258306,19.43,0,0,6240,6239,0,0,0,0,NaN,NaN,82.335188075066,NaN,NaN,NaN,16.61876960846564,18.65194554,NaN,NaN,NaN,NaN,NaN,NaN,NaN,NaN,NaN,NaN,1,0,0,0,0,NaN,NaN,82.335188075066,NaN,NaN,NaN,16.61876960846564,18.65194554,NaN,NaN,NaN,NaN,NaN,NaN,NaN,NaN,NaN,NaN,1
2020-10-14,18.90663931642167,19.7551,18.90663931642167,19.488775,18.528524051411424,15.197603749413853,19.488775,0,0,6240,6239,0,0,0,0,NaN,NaN,83.50348116983001,NaN,NaN,NaN,17.55061953595774,18.729779557599997,NaN,NaN,NaN,NaN,NaN,NaN,NaN,NaN,NaN,NaN,1,0,0,0,0,NaN,NaN,83.50348116983001,NaN,NaN,NaN,17.55061953595774,18.729779557599997,NaN,NaN,NaN,NaN,NaN,NaN,NaN,NaN,NaN,NaN,1
2020-10-15,19.197707158210836,20.49,19.197707158210836,19.87875,18.77401967842753,15.269071631102191,19.87875,0,0,6240,6239,0,0,0,0,NaN,NaN,84.50563685942156,NaN,NaN,NaN,18.719280976191705,19.010625522416,NaN,NaN,NaN,NaN,NaN,NaN,NaN,NaN,NaN,NaN,1,0,0,0,0,NaN,NaN,84.50563685942156,NaN,NaN,NaN,18.719280976191705,19.010625522416,NaN,NaN,NaN,NaN,NaN,NaN,NaN,NaN,NaN,NaN,1
2020-10-16,19.538228579105418,20.4,19.21,19.82,18.96419791871343,15.338551453528112,19.82,0,0,6240,6239,0,0,0,0,NaN,NaN,85.32799872810632,NaN,NaN,NaN,18.719280976191705,19.010625522416,NaN,NaN,NaN,NaN,NaN,NaN,NaN,NaN,NaN,NaN,1,0,0,0,0,NaN,NaN,85.32799872810632,NaN,NaN,NaN,18.719280976191705,19.010625522416,NaN,NaN,NaN,NaN,NaN,NaN,NaN,NaN,NaN,NaN,1
2020-10-19,19.679114289552707,19.74,19.01,19.28,19.021616478947355,15.398726240497147,19.28,0,0,6240,6239,0,0,0,0,NaN,NaN,86.06265432401607,NaN,NaN,NaN,18.719280976191705,19.010625522416,NaN,NaN,NaN,NaN,NaN,NaN,NaN,NaN,NaN,NaN,1,0,0,0,0,NaN,NaN,86.06265432401607,NaN,NaN,NaN,18.719280976191705,19.010625522416,NaN,NaN,NaN,NaN,NaN,NaN,NaN,NaN,NaN,NaN,1
2020-10-20,19.479557144776354,19.479557144776354,18.85,18.9625,19.010868028229652,15.453135000184213,18.9625,0,0,6240,6239,0,0,0,0,NaN,NaN,86.72355097672293,NaN,NaN,NaN,18.719280976191705,19.010625522416,NaN,NaN,NaN,NaN,NaN,NaN,NaN,NaN,NaN,NaN,1,0,0,0,0,NaN,NaN,86.72355097672293,NaN,NaN,NaN,18.719280976191705,19.010625522416,NaN,NaN,NaN,NaN,NaN,NaN,NaN,NaN,NaN,NaN,1
2020-10-21,19.221028572388178,19.221028572388178,18.52,18.6725,18.949346568551533,15.502285610868423,18.6725,0,0,6240,6239,0,0,0,0,NaN,NaN,87.30850317529912,NaN,NaN,NaN,18.719280976191705,19.010625522416,NaN,NaN,NaN,NaN,NaN,NaN,NaN,NaN,NaN,NaN,1,0,0,0,0,NaN,NaN,87.30850317529912,NaN,NaN,NaN,18.719280976191705,19.010625522416,NaN,NaN,NaN,NaN,NaN,NaN,NaN,NaN,NaN,NaN,1
2020-10-22,18.94676428619409,18.94676428619409,18.35,18.5,18.867647192451255,15.548052242763562,18.5,0,0,6240,6239,0,0,0,0,NaN,NaN,88.30292664735737,NaN,NaN,NaN,18.719280976191705,19.010625522416,NaN,NaN,NaN,NaN,NaN,NaN,NaN,NaN,NaN,NaN,1,0,0,0,0,NaN,NaN,88.30292664735737,NaN,NaN,NaN,18.719280976191705,19.010625522416,NaN,NaN,NaN,NaN,NaN,NaN,NaN,NaN,NaN,NaN,1
2020-10-23,18.723382143097044,18.83,18,18.3325,18.770347702914663,15.590562895545798,18.3325,0,0,6240,6239,0,0,0,0,NaN,NaN,89.22165512296385,NaN,NaN,NaN,18.719280976191705,19.010625522416,NaN,NaN,NaN,NaN,NaN,NaN,NaN,NaN,NaN,NaN,1,0,0,0,0,NaN,NaN,89.22165512296385,NaN,NaN,NaN,18.719280976191705,19.010625522416,NaN,NaN,NaN,NaN,NaN,NaN,NaN,NaN,NaN,NaN,1
2020-10-26,18.527941071548522,18.527941071548522,17.21,17.615,18.560284484202906,15.621470332255022,17.615,0,0,6240,6239,0,0,0,0,NaN,NaN,88.4476509368237,NaN,NaN,NaN,18.719280976191705,18.61105,NaN,NaN,NaN,NaN,NaN,NaN,NaN,NaN,NaN,NaN,1,0,0,0,0,NaN,NaN,88.4476509368237,NaN,NaN,NaN,18.719280976191705,18.61105,NaN,NaN,NaN,NaN,NaN,NaN,NaN,NaN,NaN,NaN,1
2020-10-27,18.07147053577426,18.07147053577426,17.22,17.36,18.34205094162056,15.648012769930517,17.36,0,0,6240,6239,0,0,0,0,NaN,NaN,86.9447215888685,NaN,NaN,NaN,18.719280976191705,18.4498435,NaN,NaN,NaN,NaN,NaN,NaN,NaN,NaN,NaN,NaN,1,0,0,0,0,NaN,NaN,86.9447215888685,NaN,NaN,NaN,18.719280976191705,18.4498435,NaN,NaN,NaN,NaN,NaN,NaN,NaN,NaN,NaN,NaN,1
2020-10-28,17.71573526788713,17.71573526788713,16.5,16.935,18.08622349768955,15.667661429931577,16.935,0,0,6240,6239,0,0,0,0,NaN,NaN,84.54977999126882,NaN,NaN,NaN,18.719280976191705,18.159202890000003,NaN,NaN,NaN,NaN,NaN,NaN,NaN,NaN,NaN,NaN,1,0,0,0,0,NaN,NaN,84.54977999126882,NaN,NaN,NaN,18.719280976191705,18.159202890000003,NaN,NaN,NaN,NaN,NaN,NaN,NaN,NaN,NaN,NaN,1
2020-10-29,17.325367633943564,17.325367633943564,16.66,16.86,17.863273770836905,15.685865072222699,16.86,0,0,6240,6239,0,0,0,0,NaN,NaN,81.54615221028214,NaN,NaN,NaN,18.719280976191705,18.008149629900004,NaN,NaN,NaN,NaN,NaN,NaN,NaN,NaN,NaN,NaN,1,0,0,0,0,NaN,NaN,81.54615221028214,NaN,NaN,NaN,18.719280976191705,18.008149629900004,NaN,NaN,NaN,NaN,NaN,NaN,NaN,NaN,NaN,NaN,1
2020-10-30,17.092683816971782,17.5499,16.9,17.194975,17.74176490341201,15.708904918448306,17.194975,0,0,6240,6239,0,0,0,0,NaN,NaN,78.89485848327162,NaN,NaN,NaN,18.719280976191705,18.008149629900004,NaN,NaN,NaN,NaN,NaN,NaN,NaN,NaN,NaN,NaN,1,0,0,0,0,NaN,NaN,78.89485848327162,NaN,NaN,NaN,18.719280976191705,18.008149629900004,NaN,NaN,NaN,NaN,NaN,NaN,NaN,NaN,NaN,NaN,1
2020-11-02,17.143829408485892,17.85,17.143829408485892,17.665,17.72780764824619,15.738768965494897,17.665,0,0,6240,6239,0,0,0,0,NaN,NaN,76.9733166483575,NaN,NaN,NaN,18.719280976191705,18.008149629900004,NaN,NaN,NaN,NaN,NaN,NaN,NaN,NaN,NaN,NaN,1,0,0,0,0,NaN,NaN,76.9733166483575,NaN,NaN,NaN,18.719280976191705,18.008149629900004,NaN,NaN,NaN,NaN,NaN,NaN,NaN,NaN,NaN,NaN,1
2020-11-03,17.404414704242946,18.4,17.404414704242946,18.09,17.79366080311052,15.774665622510241,18.09,0,0,6240,6239,0,0,0,0,NaN,NaN,75.61460721535809,NaN,NaN,NaN,18.719280976191705,18.008149629900004,NaN,NaN,NaN,NaN,NaN,NaN,NaN,NaN,NaN,NaN,1,0,0,0,0,NaN,NaN,75.61460721535809,NaN,NaN,NaN,18.719280976191705,18.008149629900004,NaN,NaN,NaN,NaN,NaN,NaN,NaN,NaN,NaN,NaN,1
2020-11-04,17.74720735212147,18.23,17.27,17.78,17.79117702072679,15.805281414532987,17.78,0,0,6240,6239,0,0,0,0,NaN,NaN,73.57803574190987,NaN,NaN,NaN,18.719280976191705,18.008149629900004,NaN,NaN,NaN,NaN,NaN,NaN,NaN,NaN,NaN,NaN,1,0,0,0,0,NaN,NaN,73.57803574190987,NaN,NaN,NaN,18.719280976191705,18.008149629900004,NaN,NaN,NaN,NaN,NaN,NaN,NaN,NaN,NaN,NaN,1
2020-11-05,17.763603676060736,18.0371,17.325,17.685525,17.771967562412826,15.833987423471415,17.685525,0,0,6240,6239,0,0,0,0,NaN,NaN,71.26595021678462,NaN,NaN,NaN,18.719280976191705,18.008149629900004,NaN,NaN,NaN,NaN,NaN,NaN,NaN,NaN,NaN,NaN,1,0,0,0,0,NaN,NaN,71.26595021678462,NaN,NaN,NaN,18.719280976191705,18.008149629900004,NaN,NaN,NaN,NaN,NaN,NaN,NaN,NaN,NaN,NaN,1
2020-11-06,17.72456433803037,17.88,17.32,17.6375,17.747518914701402,15.861521966624522,17.6375,0,0,6240,6239,0,0,0,0,NaN,NaN,68.78195762156406,NaN,NaN,NaN,18.719280976191705,18.008149629900004,NaN,NaN,NaN,NaN,NaN,NaN,NaN,NaN,NaN,NaN,1,0,0,0,0,NaN,NaN,68.78195762156406,NaN,NaN,NaN,18.719280976191705,18.008149629900004,NaN,NaN,NaN,NaN,NaN,NaN,NaN,NaN,NaN,NaN,1
2020-11-09,17.681032169015182,18.05,16.6,17.315,17.66887911202842,15.883712470950865,17.315,0,0,6240,6239,0,0,0,0,NaN,NaN,65.55607929485991,NaN,NaN,NaN,18.719280976191705,18.008149629900004,NaN,NaN,NaN,NaN,NaN,NaN,NaN,NaN,NaN,NaN,1,0,0,0,0,NaN,NaN,65.55607929485991,NaN,NaN,NaN,18.719280976191705,18.008149629900004,NaN,NaN,NaN,NaN,NaN,NaN,NaN,NaN,NaN,NaN,1
2020-11-10,17.49801608450759,18.3,16.86,17.542499999999997,17.645901091659617,15.909037471394363,17.542499999999997,0,0,6240,6239,0,0,0,0,NaN,NaN,62.67134506995252,NaN,NaN,NaN,18.719280976191705,18.008149629900004,NaN,NaN,NaN,NaN,NaN,NaN,NaN,NaN,NaN,NaN,1,0,0,0,0,NaN,NaN,62.67134506995252,NaN,NaN,NaN,18.719280976191705,18.008149629900004,NaN,NaN,NaN,NaN,NaN,NaN,NaN,NaN,NaN,NaN,1
2020-11-11,17.520258042253793,18.17,17.5,17.892500000000002,17.690737256812415,15.939319342060099,17.892500000000002,0,0,6240,6239,0,0,0,0,NaN,NaN,60.34089528419674,NaN,NaN,NaN,18.719280976191705,18.008149629900004,NaN,NaN,NaN,NaN,NaN,NaN,NaN,NaN,NaN,NaN,1,0,0,0,0,NaN,NaN,60.34089528419674,NaN,NaN,NaN,18.719280976191705,18.008149629900004,NaN,NaN,NaN,NaN,NaN,NaN,NaN,NaN,NaN,NaN,1
2020-11-12,17.7063790211269,17.95,17.17,17.605,17.675148664664704,15.964749581112617,17.605,0,0,6240,6239,0,0,0,0,NaN,NaN,57.36637431797259,NaN,NaN,NaN,18.719280976191705,18.008149629900004,NaN,NaN,NaN,NaN,NaN,NaN,NaN,NaN,NaN,NaN,1,0,0,0,0,NaN,NaN,57.36637431797259,NaN,NaN,NaN,18.719280976191705,18.008149629900004,NaN,NaN,NaN,NaN,NaN,NaN,NaN,NaN,NaN,NaN,1
2020-11-13,17.655689510563448,17.85,17.235,17.53875,17.65034890745294,15.988780121858989,17.53875,0,0,6240,6239,0,0,0,0,NaN,NaN,54.15494424295121,NaN,NaN,NaN,18.719280976191705,18.008149629900004,NaN,NaN,NaN,NaN,NaN,NaN,NaN,NaN,NaN,NaN,1,0,0,0,0,NaN,NaN,54.15494424295121,NaN,NaN,NaN,18.719280976191705,18.008149629900004,NaN,NaN,NaN,NaN,NaN,NaN,NaN,NaN,NaN,NaN,1
2020-11-16,17.597219755281724,18.58,17.2,17.869999999999997,17.690285469734224,16.01750103602908,17.869999999999997,0,0,6240,6239,0,0,0,0,NaN,NaN,51.51438364819949,NaN,NaN,NaN,18.719280976191705,18.008149629900004,NaN,NaN,NaN,NaN,NaN,NaN,NaN,NaN,NaN,NaN,1,0,0,0,0,NaN,NaN,51.51438364819949,NaN,NaN,NaN,18.719280976191705,18.008149629900004,NaN,NaN,NaN,NaN,NaN,NaN,NaN,NaN,NaN,NaN,1
2020-11-17,17.73360987764086,17.9899,16.75,17.312475,17.621592657055274,16.037271630898868,17.312475,0,0,6240,6239,0,0,0,0,NaN,NaN,47.5585678899511,NaN,NaN,NaN,18.719280976191705,18.008149629900004,NaN,NaN,NaN,NaN,NaN,NaN,NaN,NaN,NaN,NaN,1,0,0,0,0,NaN,NaN,47.5585678899511,NaN,NaN,NaN,18.719280976191705,18.008149629900004,NaN,NaN,NaN,NaN,NaN,NaN,NaN,NaN,NaN,NaN,1
2020-11-18,17.52304243882043,17.79,16.93,17.302500000000002,17.563575810317953,16.056588094549266,17.302500000000002,0,0,6240,6239,0,0,0,0,NaN,NaN,43.50220076200953,NaN,NaN,NaN,18.719280976191705,18.008149629900004,NaN,NaN,NaN,NaN,NaN,NaN,NaN,NaN,NaN,NaN,1,0,0,0,0,NaN,NaN,43.50220076200953,NaN,NaN,NaN,18.719280976191705,18.008149629900004,NaN,NaN,NaN,NaN,NaN,NaN,NaN,NaN,NaN,NaN,1
2020-11-19,17.412771219410217,17.412771219410217,17.01,17.2675,17.509743844805598,16.075075299212635,17.2675,0,0,6240,6239,0,0,0,0,NaN,NaN,39.259270294790255,NaN,NaN,NaN,18.719280976191705,18.008149629900004,NaN,NaN,NaN,NaN,NaN,NaN,NaN,NaN,NaN,NaN,1,0,0,0,0,NaN,NaN,39.259270294790255,NaN,NaN,NaN,18.719280976191705,18.008149629900004,NaN,NaN,NaN,NaN,NaN,NaN,NaN,NaN,NaN,NaN,1
2020-11-20,17.340135609705108,17.67,16.99,17.354999999999997,17.481608600295488,16.09461613433916,17.354999999999997,0,0,6240,6239,0,0,0,0,NaN,NaN,35.10872253755534,NaN,NaN,NaN,18.719280976191705,18.008149629900004,NaN,NaN,NaN,NaN,NaN,NaN,NaN,NaN,NaN,NaN,1,0,0,0,0,NaN,NaN,35.10872253755534,NaN,NaN,NaN,18.719280976191705,18.008149629900004,NaN,NaN,NaN,NaN,NaN,NaN,NaN,NaN,NaN,NaN,1
2020-11-23,17.347567804852552,17.87,17.01,17.427500000000002,17.471770672969036,16.11496550633398,17.427500000000002,0,0,6240,6239,0,0,0,0,NaN,NaN,30.937279424741355,NaN,NaN,NaN,18.719280976191705,18.008149629900004,NaN,NaN,NaN,NaN,NaN,NaN,NaN,NaN,NaN,NaN,1,0,0,0,0,NaN,NaN,30.937279424741355,NaN,NaN,NaN,18.719280976191705,18.008149629900004,NaN,NaN,NaN,NaN,NaN,NaN,NaN,NaN,NaN,NaN,1
2020-11-24,17.387533902426277,17.71,16.87,17.247500000000002,17.430994186974665,16.132256109290715,17.247500000000002,0,0,6240,6239,0,0,0,0,NaN,NaN,26.317326311026285,NaN,NaN,NaN,18.719280976191705,18.008149629900004,NaN,NaN,NaN,NaN,NaN,NaN,NaN,NaN,NaN,NaN,1,0,0,0,0,NaN,NaN,26.317326311026285,NaN,NaN,NaN,18.719280976191705,18.008149629900004,NaN,NaN,NaN,NaN,NaN,NaN,NaN,NaN,NaN,NaN,1
2020-11-25,17.31751695121314,17.49,16.82,17.1375,17.377631607524727,16.147603344263377,17.1375,0,0,6240,6239,0,0,0,0,NaN,NaN,22.103829432214468,NaN,NaN,NaN,18.719280976191705,18.008149629900004,NaN,NaN,NaN,NaN,NaN,NaN,NaN,NaN,NaN,NaN,1,0,0,0,0,NaN,NaN,22.103829432214468,NaN,NaN,NaN,18.719280976191705,18.008149629900004,NaN,NaN,NaN,NaN,NaN,NaN,NaN,NaN,NaN,NaN,1
2020-11-27,17.22750847560657,17.265,16.77,17.05125,17.318289497065685,16.16139947641203,17.05125,0,0,6240,6239,0,0,0,0,NaN,NaN,18.809727510673806,NaN,NaN,NaN,18.719280976191705,18.008149629900004,NaN,NaN,NaN,NaN,NaN,NaN,NaN,NaN,NaN,NaN,1,0,0,0,0,NaN,NaN,18.809727510673806,NaN,NaN,NaN,18.719280976191705,18.008149629900004,NaN,NaN,NaN,NaN,NaN,NaN,NaN,NaN,NaN,NaN,1
2020-11-30,17.139379237803283,17.139379237803283,16.2,16.765,17.217691406690104,16.17061475158131,16.765,0,0,6240,6239,0,0,0,0,NaN,NaN,14.747761225809732,NaN,NaN,NaN,18.719280976191705,17.817171674312,NaN,NaN,NaN,NaN,NaN,NaN,NaN,NaN,NaN,NaN,1,0,0,0,0,NaN,NaN,14.747761225809732,NaN,NaN,NaN,18.719280976191705,17.817171674312,NaN,NaN,NaN,NaN,NaN,NaN,NaN,NaN,NaN,NaN,1
2020-12-01,16.95218961890164,17.89,16.92,17.4025,17.251292969110086,16.189422159954116,17.4025,0,0,6240,6239,0,0,0,0,NaN,NaN,12.248900211747499,NaN,NaN,NaN,18.719280976191705,17.817171674312,NaN,NaN,NaN,NaN,NaN,NaN,NaN,NaN,NaN,NaN,1,0,0,0,0,NaN,NaN,12.248900211747499,NaN,NaN,NaN,18.719280976191705,17.817171674312,NaN,NaN,NaN,NaN,NaN,NaN,NaN,NaN,NaN,NaN,1
2020-12-02,17.177344809450823,17.5389,16.96,17.249724999999998,17.251007883817344,16.205609989573137,17.249724999999998,0,0,6240,6239,0,0,0,0,NaN,NaN,9.296714408084625,NaN,NaN,NaN,18.719280976191705,17.817171674312,NaN,NaN,NaN,NaN,NaN,NaN,NaN,NaN,NaN,NaN,1,0,0,0,0,NaN,NaN,9.296714408084625,NaN,NaN,NaN,18.719280976191705,17.817171674312,NaN,NaN,NaN,NaN,NaN,NaN,NaN,NaN,NaN,NaN,1
2020-12-03,17.21353490472541,17.21353490472541,16.6882,16.923299999999998,17.19142463221419,16.21656708896897,16.923299999999998,0,0,6240,6239,0,0,0,0,NaN,NaN,6.185155262285558,NaN,NaN,NaN,18.719280976191705,17.817171674312,NaN,NaN,NaN,NaN,NaN,NaN,NaN,NaN,NaN,NaN,1,0,0,0,0,NaN,NaN,6.185155262285558,NaN,NaN,NaN,18.719280976191705,17.817171674312,NaN,NaN,NaN,NaN,NaN,NaN,NaN,NaN,NaN,NaN,1
2020-12-04,17.068417452362702,17.25,16.7,16.975,17.152074699084338,16.228146217381656,16.975,0,0,6240,6239,0,0,0,0,NaN,NaN,3.973983766241805,NaN,NaN,NaN,18.719280976191705,17.817171674312,NaN,NaN,NaN,NaN,NaN,NaN,NaN,NaN,NaN,NaN,1,0,0,0,0,NaN,NaN,3.973983766241805,NaN,NaN,NaN,18.719280976191705,17.817171674312,NaN,NaN,NaN,NaN,NaN,NaN,NaN,NaN,NaN,NaN,1
2020-12-07,17.021708726181352,17.11,16.7,16.905,17.10715202652355,16.238479862917814,16.905,0,0,6240,6239,0,0,0,0,NaN,NaN,2.136123911782796,NaN,NaN,NaN,18.719280976191705,17.817171674312,NaN,NaN,NaN,NaN,NaN,NaN,NaN,NaN,NaN,NaN,1,0,0,0,0,NaN,NaN,2.136123911782796,NaN,NaN,NaN,18.719280976191705,17.817171674312,NaN,NaN,NaN,NaN,NaN,NaN,NaN,NaN,NaN,NaN,1
2020-12-08,16.963354363090676,17.14,16.51,16.765,17.044942567155633,16.246518338293114,16.765,0,0,6240,6239,0,0,0,0,NaN,NaN,0.6993027872814488,NaN,NaN,NaN,18.719280976191705,17.817171674312,NaN,NaN,NaN,NaN,NaN,NaN,NaN,NaN,NaN,NaN,1,0,0,0,0,NaN,NaN,0.6993027872814488,NaN,NaN,NaN,18.719280976191705,17.817171674312,NaN,NaN,NaN,NaN,NaN,NaN,NaN,NaN,NaN,NaN,1
2020-12-09,16.864177181545337,17.58,16.8,17.18,17.06949846403643,16.260769966716122,17.18,0,0,6240,6239,0,0,0,0,NaN,NaN,0.08126230829514215,NaN,NaN,NaN,18.719280976191705,17.817171674312,NaN,NaN,NaN,NaN,NaN,NaN,NaN,NaN,NaN,NaN,1,0,0,0,0,NaN,NaN,0.08126230829514215,NaN,NaN,NaN,18.719280976191705,17.817171674312,NaN,NaN,NaN,NaN,NaN,NaN,NaN,NaN,NaN,NaN,1
2020-12-10,17.02208859077267,17.61,17.02208859077267,17.455,17.13958965239344,16.279002486308244,17.455,1,0,6240,6239,0,0,0,0,NaN,NaN,0.06786230420054647,NaN,NaN,NaN,18.719280976191705,17.817171674312,NaN,NaN,NaN,NaN,NaN,NaN,NaN,NaN,NaN,NaN,1,0,0,0,0,NaN,NaN,0.06786230420054647,NaN,NaN,NaN,18.719280976191705,17.817171674312,NaN,NaN,NaN,NaN,NaN,NaN,NaN,NaN,NaN,NaN,1
2020-12-11,17.238544295386333,17.5,17.065,17.29625,17.16807335195827,16.294532982700485,17.29625,0,0,6240,6239,0,0,0,0,NaN,NaN,0.7725621921006628,NaN,NaN,NaN,18.719280976191705,17.817171674312,NaN,NaN,NaN,NaN,NaN,NaN,NaN,NaN,NaN,NaN,1,0,0,0,0,NaN,NaN,0.7725621921006628,NaN,NaN,NaN,18.719280976191705,17.817171674312,NaN,NaN,NaN,NaN,NaN,NaN,NaN,NaN,NaN,NaN,1
2020-12-14,17.267397147693167,18,16.92,17.345,17.200241833420403,16.310570647086738,17.345,0,0,6240,6239,0,0,0,0,NaN,NaN,2.2437054516010497,NaN,NaN,NaN,18.719280976191705,17.817171674312,NaN,NaN,NaN,NaN,NaN,NaN,NaN,NaN,NaN,NaN,1,0,0,0,0,NaN,NaN,2.2437054516010497,NaN,NaN,NaN,18.719280976191705,17.817171674312,NaN,NaN,NaN,NaN,NaN,NaN,NaN,NaN,NaN,NaN,1
2020-12-15,17.306198573846583,17.306198573846583,16.89,17.085,17.17928877279851,16.32239399598618,17.085,0,0,6240,6239,0,0,0,0,NaN,NaN,5.27309802807768,NaN,NaN,NaN,18.719280976191705,17.817171674312,NaN,NaN,NaN,NaN,NaN,NaN,NaN,NaN,NaN,NaN,1,0,0,0,0,NaN,NaN,5.27309802807768,NaN,NaN,NaN,18.719280976191705,17.817171674312,NaN,NaN,NaN,NaN,NaN,NaN,NaN,NaN,NaN,NaN,1
2020-12-16,17.19559928692329,17.23,16.9505,17.147624999999998,17.17353172319878,16.334992942612345,17.147624999999998,0,0,6240,6239,0,0,0,0,NaN,NaN,9.859506341526503,NaN,NaN,NaN,18.719280976191705,17.817171674312,NaN,NaN,NaN,NaN,NaN,NaN,NaN,NaN,NaN,NaN,1,0,0,0,0,NaN,NaN,9.859506341526503,NaN,NaN,NaN,18.719280976191705,17.817171674312,NaN,NaN,NaN,NaN,NaN,NaN,NaN,NaN,NaN,NaN,1
2020-12-17,17.171612143461644,17.27,16.98,17.155,17.17016231898082,16.347512134328188,17.155,0,0,6240,6239,0,0,0,0,NaN,NaN,14.781611896871997,NaN,NaN,NaN,18.719280976191705,17.817171674312,NaN,NaN,NaN,NaN,NaN,NaN,NaN,NaN,NaN,NaN,1,0,0,0,0,NaN,NaN,14.781611896871997,NaN,NaN,NaN,18.719280976191705,17.817171674312,NaN,NaN,NaN,NaN,NaN,NaN,NaN,NaN,NaN,NaN,1
2020-12-18,17.163306071730823,17.26,16.74,17,17.139223715529763,16.357473781132338,17,0,0,6240,6239,0,0,0,0,NaN,NaN,19.73191265530452,NaN,NaN,NaN,18.719280976191705,17.817171674312,NaN,NaN,NaN,NaN,NaN,NaN,NaN,NaN,NaN,NaN,1,0,0,0,0,NaN,NaN,19.73191265530452,NaN,NaN,NaN,18.719280976191705,17.817171674312,NaN,NaN,NaN,NaN,NaN,NaN,NaN,NaN,NaN,NaN,1
2020-12-21,17.08165303586541,17.08165303586541,16.33,16.547325,17.031605767251623,16.360372273023447,16.547325,0,0,6240,6239,0,0,0,0,NaN,NaN,24.643197960208994,NaN,NaN,NaN,18.719280976191705,17.5341827981652,NaN,NaN,NaN,NaN,NaN,NaN,NaN,NaN,NaN,NaN,1,0,0,0,0,NaN,NaN,24.643197960208994,NaN,NaN,NaN,18.719280976191705,17.5341827981652,NaN,NaN,NaN,NaN,NaN,NaN,NaN,NaN,NaN,NaN,1
2020-12-22,16.814489017932708,16.814489017932708,16.111,16.35775,16.90908653684224,16.3603322383208,16.35775,0,0,6240,6239,0,0,0,0,NaN,NaN,29.26008627060426,NaN,NaN,NaN,18.719280976191705,17.244699144495463,NaN,NaN,NaN,NaN,NaN,NaN,NaN,NaN,NaN,NaN,1,0,0,0,0,NaN,NaN,29.26008627060426,NaN,NaN,NaN,18.719280976191705,17.244699144495463,NaN,NaN,NaN,NaN,NaN,NaN,NaN,NaN,NaN,NaN,1
2020-12-23,16.586119508966355,16.74,16.38,16.4925,16.83334353014365,16.362350066743385,16.4925,0,0,6240,6239,0,0,0,0,NaN,NaN,33.613643097119756,NaN,NaN,NaN,18.719280976191705,17.244699144495463,NaN,NaN,NaN,NaN,NaN,NaN,NaN,NaN,NaN,NaN,1,0,0,0,0,NaN,NaN,33.613643097119756,NaN,NaN,NaN,18.719280976191705,17.244699144495463,NaN,NaN,NaN,NaN,NaN,NaN,NaN,NaN,NaN,NaN,1
2020-12-24,16.539309754483178,16.69,16.43,16.512500000000003,16.775008342844806,16.364642432136616,16.512500000000003,0,0,6240,6239,0,0,0,0,NaN,NaN,36.97573324082546,NaN,NaN,NaN,18.49960084323922,17.244699144495463,NaN,NaN,NaN,NaN,NaN,NaN,NaN,NaN,NaN,NaN,1,0,0,0,0,NaN,NaN,36.97573324082546,NaN,NaN,NaN,18.49960084323922,17.244699144495463,NaN,NaN,NaN,NaN,NaN,NaN,NaN,NaN,NaN,NaN,1
2020-12-28,16.52590487724159,16.65,16.13,16.3375,16.695461371418478,16.364228043859722,16.3375,0,0,6240,6239,0,0,0,0,NaN,NaN,40.389638196006345,NaN,NaN,NaN,17.52835862778855,17.046188574151415,NaN,NaN,NaN,NaN,NaN,NaN,NaN,NaN,NaN,NaN,1,0,0,0,0,NaN,NaN,40.389638196006345,NaN,NaN,NaN,17.52835862778855,17.046188574151415,NaN,NaN,NaN,NaN,NaN,NaN,NaN,NaN,NaN,NaN,1
2020-12-29,16.431702438620796,16.431702438620796,15.61,16.0275,16.574013849342393,16.359087157693924,16.0275,0,0,6240,6239,0,0,1,0,NaN,NaN,45.938455184335155,NaN,NaN,NaN,17.219594230987543,16.683903316355078,NaN,NaN,NaN,NaN,NaN,NaN,NaN,NaN,NaN,NaN,1,0,0,1,0,NaN,NaN,45.938455184335155,NaN,NaN,NaN,17.219594230987543,16.683903316355078,NaN,NaN,NaN,NaN,NaN,NaN,NaN,NaN,NaN,NaN,1
2020-12-30,16.229601219310396,16.4168,15.7,16.0142,16.47222951309832,16.353821704904703,16.0142,0,0,6240,6239,0,0,0,0,NaN,NaN,49.97235786495312,NaN,NaN,NaN,17.20660575983261,16.498228920939205,NaN,NaN,NaN,NaN,NaN,NaN,NaN,NaN,NaN,NaN,1,0,0,0,0,NaN,NaN,49.97235786495312,NaN,NaN,NaN,17.20660575983261,16.498228920939205,NaN,NaN,NaN,NaN,NaN,NaN,NaN,NaN,NaN,NaN,1
2020-12-31,16.1219006096552,16.5,16.1219006096552,16.314999999999998,16.443642328898626,16.3532290071199,16.314999999999998,0,0,6240,6239,0,0,0,0,NaN,NaN,51.61011930702162,NaN,NaN,NaN,17.20660575983261,16.498228920939205,NaN,NaN,NaN,NaN,NaN,NaN,NaN,NaN,NaN,NaN,1,0,0,0,0,NaN,NaN,51.61011930702162,NaN,NaN,NaN,17.20660575983261,16.498228920939205,NaN,NaN,NaN,NaN,NaN,NaN,NaN,NaN,NaN,NaN,1
2021-01-04,16.2184503048276,16.59,16.14,16.425,16.44025281455342,16.354324747469214,16.425,0,0,6240,6239,0,0,0,0,NaN,NaN,53.735674076730845,NaN,NaN,NaN,17.20660575983261,16.498228920939205,NaN,NaN,NaN,NaN,NaN,NaN,NaN,NaN,NaN,NaN,1,0,0,0,0,NaN,NaN,53.735674076730845,NaN,NaN,NaN,17.20660575983261,16.498228920939205,NaN,NaN,NaN,NaN,NaN,NaN,NaN,NaN,NaN,NaN,1
2021-01-05,16.321725152413798,16.54,16.25,16.4125,16.43520684827098,16.355212919263575,16.4125,0,0,6240,6239,0,0,0,0,NaN,NaN,55.410274839207176,NaN,NaN,NaN,17.20660575983261,16.498228920939205,NaN,NaN,NaN,NaN,NaN,NaN,NaN,NaN,NaN,NaN,1,0,0,0,0,NaN,NaN,55.410274839207176,NaN,NaN,NaN,17.20660575983261,16.498228920939205,NaN,NaN,NaN,NaN,NaN,NaN,NaN,NaN,NaN,NaN,1
2021-01-06,16.3671125762069,17.31,16.3671125762069,16.865000000000002,16.513351057676257,16.36299592812978,16.865000000000002,0,0,6240,6239,0,0,0,0,NaN,NaN,57.68772757310485,NaN,NaN,NaN,17.20660575983261,16.498228920939205,NaN,NaN,NaN,NaN,NaN,NaN,NaN,NaN,NaN,NaN,1,0,0,0,0,NaN,NaN,57.68772757310485,NaN,NaN,NaN,17.20660575983261,16.498228920939205,NaN,NaN,NaN,NaN,NaN,NaN,NaN,NaN,NaN,NaN,1
2021-01-07,16.61605628810345,17.26,16.61605628810345,17.01,16.603650865371485,16.372873852891157,17.01,0,0,6240,6239,0,0,0,0,NaN,NaN,60.14020451171563,NaN,NaN,NaN,17.20660575983261,16.66147,NaN,NaN,NaN,NaN,NaN,NaN,NaN,NaN,NaN,NaN,1,0,0,0,0,NaN,NaN,60.14020451171563,NaN,NaN,NaN,17.20660575983261,16.66147,NaN,NaN,NaN,NaN,NaN,NaN,NaN,NaN,NaN,NaN,1
2021-01-08,16.813028144051728,17.39,16.71,17.0775,16.689805253485762,16.383631503992056,17.0775,0,0,6240,6239,0,0,0,0,NaN,NaN,59.321896036182245,NaN,NaN,NaN,17.20660575983261,16.706688399999997,NaN,NaN,NaN,NaN,NaN,NaN,NaN,NaN,NaN,NaN,1,0,0,0,0,NaN,NaN,59.321896036182245,NaN,NaN,NaN,17.20660575983261,16.706688399999997,NaN,NaN,NaN,NaN,NaN,NaN,NaN,NaN,NaN,NaN,1
2021-01-11,16.945264072025864,17.94,16.945264072025864,17.52115,16.84095884376108,16.400998198587597,17.52115,0,0,6240,6239,0,0,0,0,NaN,NaN,55.82107562155407,NaN,NaN,NaN,17.20660575983261,16.964071595999997,NaN,NaN,NaN,NaN,NaN,NaN,NaN,NaN,NaN,NaN,1,0,0,0,0,NaN,NaN,55.82107562155407,NaN,NaN,NaN,17.20660575983261,16.964071595999997,NaN,NaN,NaN,NaN,NaN,NaN,NaN,NaN,NaN,NaN,1
2021-01-12,17.23320703601293,18.95,17.23320703601293,18.321250000000003,17.110102690349976,16.430315019983208,18.321250000000003,0,0,6240,6239,0,0,0,0,NaN,NaN,49.65352932487379,NaN,NaN,NaN,17.20660575983261,17.45026315236,NaN,NaN,NaN,NaN,NaN,NaN,NaN,NaN,NaN,NaN,1,0,0,0,0,NaN,NaN,49.65352932487379,NaN,NaN,NaN,17.20660575983261,17.45026315236,NaN,NaN,NaN,NaN,NaN,NaN,NaN,NaN,NaN,NaN,1
2021-01-13,17.777228518006467,19.26,17.777228518006467,18.994999999999997,17.452811292104524,16.469470515861328,18.994999999999997,0,0,6240,6239,0,0,0,0,NaN,NaN,40.69415550549426,NaN,NaN,NaN,17.20660575983261,17.932081574076797,NaN,NaN,NaN,NaN,NaN,NaN,NaN,NaN,NaN,NaN,1,0,0,0,0,NaN,NaN,40.69415550549426,NaN,NaN,NaN,17.20660575983261,17.932081574076797,NaN,NaN,NaN,NaN,NaN,NaN,NaN,NaN,NaN,NaN,1
2021-01-14,18.386114259003232,19.2,18.386114259003232,18.9,17.715936511721882,16.50657783622986,18.9,0,0,6240,6239,0,0,0,0,NaN,NaN,33.20408954176723,NaN,NaN,NaN,17.20660575983261,17.932081574076797,NaN,NaN,NaN,NaN,NaN,NaN,NaN,NaN,NaN,NaN,1,0,0,0,0,NaN,NaN,33.20408954176723,NaN,NaN,NaN,17.20660575983261,17.932081574076797,NaN,NaN,NaN,NaN,NaN,NaN,NaN,NaN,NaN,NaN,1
2021-01-15,18.643057129501614,18.643057129501614,18,18.302500000000002,17.82258441868154,16.533996495218716,18.302500000000002,0,0,6240,6239,0,0,0,0,NaN,NaN,29.564767756742206,NaN,NaN,NaN,17.20660575983261,17.932081574076797,NaN,NaN,NaN,NaN,NaN,NaN,NaN,NaN,NaN,NaN,1,0,0,0,0,NaN,NaN,29.564767756742206,NaN,NaN,NaN,17.20660575983261,17.932081574076797,NaN,NaN,NaN,NaN,NaN,NaN,NaN,NaN,NaN,NaN,1
2021-01-19,18.472778564750808,18.472778564750808,17.65,17.928,17.841750888012168,16.555278991474918,17.928,0,0,6240,6239,0,0,0,0,NaN,NaN,26.558982589081616,NaN,NaN,NaN,17.20660575983261,17.932081574076797,NaN,NaN,NaN,NaN,NaN,NaN,NaN,NaN,NaN,NaN,1,0,0,0,0,NaN,NaN,26.558982589081616,NaN,NaN,NaN,17.20660575983261,17.932081574076797,NaN,NaN,NaN,NaN,NaN,NaN,NaN,NaN,NaN,NaN,1
2021-01-20,18.200389282375404,18.200389282375404,17.68,17.85,17.84325072655541,16.5750457244295,17.85,0,0,6240,6239,0,0,0,0,NaN,NaN,24.441369942535218,NaN,NaN,NaN,17.20660575983261,17.932081574076797,NaN,NaN,NaN,NaN,NaN,NaN,NaN,NaN,NaN,NaN,1,0,0,0,0,NaN,NaN,24.441369942535218,NaN,NaN,NaN,17.20660575983261,17.932081574076797,NaN,NaN,NaN,NaN,NaN,NaN,NaN,NaN,NaN,NaN,1
2021-01-21,18.025194641187703,18.025194641187703,17.6,17.8075,17.836750594454426,16.593861820239738,17.8075,0,0,6240,6239,0,0,0,0,NaN,NaN,22.97537758790815,NaN,NaN,NaN,17.20660575983261,17.932081574076797,NaN,NaN,NaN,NaN,NaN,NaN,NaN,NaN,NaN,NaN,1,0,0,0,0,NaN,NaN,22.97537758790815,NaN,NaN,NaN,17.20660575983261,17.932081574076797,NaN,NaN,NaN,NaN,NaN,NaN,NaN,NaN,NaN,NaN,1
2021-01-22,17.91634732059385,17.91634732059385,17.17,17.53125,17.78120503182635,16.60817309015974,17.53125,0,0,6240,6239,0,0,0,0,NaN,NaN,22.519372857750884,NaN,NaN,NaN,17.20660575983261,17.932081574076797,NaN,NaN,NaN,NaN,NaN,NaN,NaN,NaN,NaN,NaN,1,0,0,0,0,NaN,NaN,22.519372857750884,NaN,NaN,NaN,17.20660575983261,17.932081574076797,NaN,NaN,NaN,NaN,NaN,NaN,NaN,NaN,NaN,NaN,1
2021-01-25,17.723798660296925,17.723798660296925,16.38,16.922525,17.625081389676104,16.61297235595883,16.922525,0,0,6240,6239,0,0,0,0,NaN,NaN,23.590427843875993,NaN,NaN,NaN,17.20660575983261,17.932081574076797,NaN,NaN,NaN,NaN,NaN,NaN,NaN,NaN,NaN,NaN,1,0,0,0,0,NaN,NaN,23.590427843875993,NaN,NaN,NaN,17.20660575983261,17.932081574076797,NaN,NaN,NaN,NaN,NaN,NaN,NaN,NaN,NaN,NaN,1
2021-01-26,17.323161830148464,17.323161830148464,16.39,16.5225,17.42461204609863,16.61159109861595,16.5225,0,0,6240,6239,0,0,0,0,NaN,NaN,22.7070493098805,NaN,NaN,NaN,17.20660575983261,17.5733125,NaN,NaN,NaN,NaN,NaN,NaN,NaN,NaN,NaN,NaN,1,0,0,0,0,NaN,NaN,22.7070493098805,NaN,NaN,NaN,17.20660575983261,17.5733125,NaN,NaN,NaN,NaN,NaN,NaN,NaN,NaN,NaN,NaN,1
2021-01-27,16.922830915074233,16.922830915074233,15.8,16.096925,17.183214401353425,16.603733600927157,16.096925,0,0,6240,6239,0,0,0,0,NaN,NaN,21.947881754436615,NaN,NaN,NaN,17.20660575983261,17.322616999999997,NaN,NaN,NaN,NaN,NaN,NaN,NaN,NaN,NaN,NaN,1,0,0,0,0,NaN,NaN,21.947881754436615,NaN,NaN,NaN,17.20660575983261,17.322616999999997,NaN,NaN,NaN,NaN,NaN,NaN,NaN,NaN,NaN,NaN,1
2021-01-28,16.509877957537114,16.509877957537114,15.85,16.0225,16.972175419289165,16.594859805493154,16.0225,0,0,6240,6239,0,0,0,0,NaN,NaN,21.12984405559184,NaN,NaN,NaN,17.20660575983261,17.20963023,NaN,NaN,NaN,NaN,NaN,NaN,NaN,NaN,NaN,NaN,1,0,0,0,0,NaN,NaN,21.12984405559184,NaN,NaN,NaN,17.20660575983261,17.20963023,NaN,NaN,NaN,NaN,NaN,NaN,NaN,NaN,NaN,NaN,1
2021-01-29,16.266188978768557,16.36,15.88,16.07,16.808143524872953,16.58684667869173,16.07,0,0,6240,6239,0,0,0,0,NaN,NaN,19.858233565139216,NaN,NaN,NaN,17.20660575983261,17.20963023,NaN,NaN,NaN,NaN,NaN,NaN,NaN,NaN,NaN,NaN,1,0,0,0,0,NaN,NaN,19.858233565139216,NaN,NaN,NaN,17.20660575983261,17.20963023,NaN,NaN,NaN,NaN,NaN,NaN,NaN,NaN,NaN,NaN,1
2021-02-01,16.16809448938428,16.22,15.9,16.0275,16.666208338532417,16.578307034742238,16.0275,0,0,6240,6239,0,0,0,0,NaN,NaN,18.589389417658452,NaN,NaN,NaN,17.20660575983261,17.20963023,NaN,NaN,NaN,NaN,NaN,NaN,NaN,NaN,NaN,NaN,1,0,0,0,0,NaN,NaN,18.589389417658452,NaN,NaN,NaN,17.20660575983261,17.20963023,NaN,NaN,NaN,NaN,NaN,NaN,NaN,NaN,NaN,NaN,1
2021-02-02,16.09779724469214,16.94,16.01,16.435000000000002,16.624170458799252,16.576119141082053,16.435000000000002,0,0,6240,6239,0,0,0,0,NaN,NaN,16.850472536191415,NaN,NaN,NaN,17.20660575983261,17.20963023,NaN,NaN,NaN,NaN,NaN,NaN,NaN,NaN,NaN,NaN,1,0,0,0,0,NaN,NaN,16.850472536191415,NaN,NaN,NaN,17.20660575983261,17.20963023,NaN,NaN,NaN,NaN,NaN,NaN,NaN,NaN,NaN,NaN,1
2021-02-03,16.26639862234607,16.92,16.26639862234607,16.63,16.625230375381207,16.576941749615152,16.63,0,0,6240,6239,0,0,0,0,NaN,NaN,14.926742804809725,NaN,NaN,NaN,17.20660575983261,17.20963023,NaN,NaN,NaN,NaN,NaN,NaN,NaN,NaN,NaN,NaN,1,0,0,0,0,NaN,NaN,14.926742804809725,NaN,NaN,NaN,17.20660575983261,17.20963023,NaN,NaN,NaN,NaN,NaN,NaN,NaN,NaN,NaN,NaN,1
2021-02-04,16.448199311173035,16.85,16.43,16.61,16.622461216220987,16.577446455727898,16.61,0,0,6240,6239,0,0,0,0,NaN,NaN,13.336171753688095,NaN,NaN,NaN,17.20660575983261,17.20963023,NaN,NaN,NaN,NaN,NaN,NaN,NaN,NaN,NaN,NaN,1,0,0,0,0,NaN,NaN,13.336171753688095,NaN,NaN,NaN,17.20660575983261,17.20963023,NaN,NaN,NaN,NaN,NaN,NaN,NaN,NaN,NaN,NaN,1
2021-02-05,16.529099655586517,17.32,16.49,16.889999999999997,16.671104631453534,16.582218265564112,16.889999999999997,0,0,6240,6239,0,0,0,0,NaN,NaN,11.31732804248317,NaN,NaN,NaN,17.20660575983261,17.20963023,NaN,NaN,NaN,NaN,NaN,NaN,NaN,NaN,NaN,NaN,1,0,0,0,0,NaN,NaN,11.31732804248317,NaN,NaN,NaN,17.20660575983261,17.20963023,NaN,NaN,NaN,NaN,NaN,NaN,NaN,NaN,NaN,NaN,1
2021-02-08,16.709549827793257,17.83,16.709549827793257,17.4425,16.81135833482562,16.595352337845576,17.4425,0,0,6240,6239,0,0,0,0,NaN,NaN,8.320089557938184,NaN,NaN,NaN,17.20660575983261,17.20963023,NaN,NaN,NaN,NaN,NaN,NaN,NaN,NaN,NaN,NaN,1,0,0,0,0,NaN,NaN,8.320089557938184,NaN,NaN,NaN,17.20660575983261,17.20963023,NaN,NaN,NaN,NaN,NaN,NaN,NaN,NaN,NaN,NaN,1
2021-02-09,17.076024913896628,17.45,17.076024913896628,17.335,16.906565910311873,16.60664466856549,17.335,0,0,6240,6239,0,0,0,0,NaN,NaN,6.989697260438212,NaN,NaN,NaN,17.20660575983261,17.20963023,NaN,NaN,NaN,NaN,NaN,NaN,NaN,NaN,NaN,NaN,1,0,0,0,0,NaN,NaN,6.989697260438212,NaN,NaN,NaN,17.20660575983261,17.20963023,NaN,NaN,NaN,NaN,NaN,NaN,NaN,NaN,NaN,NaN,1
2021-02-10,17.205512456948313,17.7998,17.2,17.45745,17.006726653891533,16.619634062938538,17.45745,0,0,6240,6239,0,0,0,0,NaN,NaN,5.958527378567667,NaN,NaN,NaN,17.20660575983261,17.20963023,NaN,NaN,NaN,NaN,NaN,NaN,NaN,NaN,NaN,NaN,1,0,0,0,0,NaN,NaN,5.958527378567667,NaN,NaN,NaN,17.20660575983261,17.20963023,NaN,NaN,NaN,NaN,NaN,NaN,NaN,NaN,NaN,NaN,1
2021-02-11,17.331481228474157,17.66,17,17.2925,17.058685444093072,16.629906825336423,17.2925,0,0,6240,6239,0,0,0,0,NaN,NaN,6.085143740262471,NaN,NaN,NaN,17.20660575983261,17.20963023,NaN,NaN,NaN,NaN,NaN,NaN,NaN,NaN,NaN,NaN,1,0,0,0,0,NaN,NaN,6.085143740262471,NaN,NaN,NaN,17.20660575983261,17.20963023,NaN,NaN,NaN,NaN,NaN,NaN,NaN,NaN,NaN,NaN,1
2021-02-12,17.31199061423708,17.42,16.74,17.1025,17.066651726985242,16.637121988308387,17.1025,0,0,6240,6239,0,0,0,0,NaN,NaN,6.752673892740329,NaN,NaN,NaN,17.20660575983261,17.20963023,NaN,NaN,NaN,NaN,NaN,NaN,NaN,NaN,NaN,NaN,1,0,0,0,0,NaN,NaN,6.752673892740329,NaN,NaN,NaN,17.20660575983261,17.20963023,NaN,NaN,NaN,NaN,NaN,NaN,NaN,NaN,NaN,NaN,1
2021-02-16,17.20724530711854,17.67,17.20724530711854,17.442500000000003,17.13498777662429,16.64941783581513,17.442500000000003,1,0,6240,6239,0,0,0,0,NaN,NaN,6.103635408324537,NaN,NaN,NaN,17.20660575983261,17.20963023,NaN,NaN,NaN,NaN,NaN,NaN,NaN,NaN,NaN,NaN,1,0,0,0,0,NaN,NaN,6.103635408324537,NaN,NaN,NaN,17.20660575983261,17.20963023,NaN,NaN,NaN,NaN,NaN,NaN,NaN,NaN,NaN,NaN,1
2021-02-17,17.32487265355927,17.6861,17.3,17.434025000000002,17.189358180874418,16.661396571146195,17.434025000000002,0,0,6240,6239,0,0,0,0,NaN,NaN,4.746404815996754,NaN,NaN,NaN,17.20660575983261,17.20963023,NaN,NaN,NaN,NaN,NaN,NaN,NaN,NaN,NaN,NaN,1,0,0,0,0,NaN,NaN,4.746404815996754,NaN,NaN,NaN,17.20660575983261,17.20963023,NaN,NaN,NaN,NaN,NaN,NaN,NaN,NaN,NaN,NaN,1
2021-02-18,17.379448826779637,17.49,17.1,17.3125,17.211747602533613,16.671337081510377,17.3125,0,0,6240,6239,0,0,0,0,NaN,NaN,3.187241487752152,NaN,NaN,NaN,17.20660575983261,17.20963023,NaN,NaN,NaN,NaN,NaN,NaN,NaN,NaN,NaN,NaN,1,0,0,0,0,NaN,NaN,3.187241487752152,NaN,NaN,NaN,17.20660575983261,17.20963023,NaN,NaN,NaN,NaN,NaN,NaN,NaN,NaN,NaN,NaN,1
2021-02-19,17.34597441338982,17.34597441338982,16.75,17.0325,17.179157129345683,16.67685101919724,17.0325,0,0,6240,6239,0,0,0,0,NaN,NaN,2.5255436478763618,NaN,NaN,NaN,17.20660575983261,17.20963023,NaN,NaN,NaN,NaN,NaN,NaN,NaN,NaN,NaN,NaN,1,0,0,0,0,NaN,NaN,2.5255436478763618,NaN,NaN,NaN,17.20660575983261,17.20963023,NaN,NaN,NaN,NaN,NaN,NaN,NaN,NaN,NaN,NaN,1
2021-02-22,17.18923720669491,17.18923720669491,16.51,16.89,17.126583105828285,16.68010520211026,16.89,0,0,6240,6239,0,0,0,0,NaN,NaN,2.16261594107387,NaN,NaN,NaN,17.20660575983261,17.20963023,NaN,NaN,NaN,NaN,NaN,NaN,NaN,NaN,NaN,NaN,1,0,0,0,0,NaN,NaN,2.16261594107387,NaN,NaN,NaN,17.20660575983261,17.20963023,NaN,NaN,NaN,NaN,NaN,NaN,NaN,NaN,NaN,NaN,1
2021-02-23,17.039618603347456,17.56,16.61,16.9775,17.099477086586777,16.684645580703997,16.9775,0,0,6240,6239,0,0,0,0,NaN,NaN,1.7620428933683576,NaN,NaN,NaN,17.20660575983261,17.20963023,NaN,NaN,NaN,NaN,NaN,NaN,NaN,NaN,NaN,NaN,1,0,0,0,0,NaN,NaN,1.7620428933683576,NaN,NaN,NaN,17.20660575983261,17.20963023,NaN,NaN,NaN,NaN,NaN,NaN,NaN,NaN,NaN,NaN,1
2021-02-24,17.008559301673728,17.008559301673728,16.35,16.642500000000002,17.016390343571,16.684002136723784,16.642500000000002,0,0,6240,6239,0,0,0,0,NaN,NaN,2.0248802643735493,NaN,NaN,NaN,17.20660575983261,17.20963023,NaN,NaN,NaN,NaN,NaN,NaN,NaN,NaN,NaN,NaN,1,0,0,0,0,NaN,NaN,2.0248802643735493,NaN,NaN,NaN,17.20660575983261,17.20963023,NaN,NaN,NaN,NaN,NaN,NaN,NaN,NaN,NaN,NaN,1
2021-02-25,16.825529650836863,16.87,16.01,16.44,16.911592099285365,16.68027691326235,16.44,0,0,6240,6239,0,0,0,0,NaN,NaN,2.241476938064151,NaN,NaN,NaN,17.20660575983261,17.20963023,NaN,NaN,NaN,NaN,NaN,NaN,NaN,NaN,NaN,NaN,1,0,0,0,0,NaN,NaN,2.241476938064151,NaN,NaN,NaN,17.20660575983261,17.20963023,NaN,NaN,NaN,NaN,NaN,NaN,NaN,NaN,NaN,NaN,1
2021-02-26,16.632764825418434,16.632764825418434,15.73,16.1725,16.777211717597115,16.6725245939759,16.1725,0,0,6240,6239,0,0,0,0,NaN,NaN,2.328420182638743,NaN,NaN,NaN,17.20660575983261,17.20963023,NaN,NaN,NaN,NaN,NaN,NaN,NaN,NaN,NaN,NaN,1,0,0,0,0,NaN,NaN,2.328420182638743,NaN,NaN,NaN,17.20660575983261,17.20963023,NaN,NaN,NaN,NaN,NaN,NaN,NaN,NaN,NaN,NaN,1
2021-03-01,16.402632412709217,16.5956,14.71,15.7614,16.592518678034004,16.65861429483123,15.7614,0,0,6240,6239,0,0,0,0,NaN,NaN,3.124229885509444,NaN,NaN,NaN,17.20660575983261,16.960489009299998,NaN,NaN,NaN,NaN,NaN,NaN,NaN,NaN,NaN,NaN,1,0,0,0,0,NaN,NaN,3.124229885509444,NaN,NaN,NaN,17.20660575983261,16.960489009299998,NaN,NaN,NaN,NaN,NaN,NaN,NaN,NaN,NaN,NaN,1
2021-03-02,16.08201620635461,16.5499,15.77,16.249975,16.53023800930055,16.652375526971213,16.249975,0,0,6240,6239,0,0,0,0,NaN,NaN,3.451516482073116,NaN,NaN,NaN,17.20660575983261,16.960489009299998,NaN,NaN,NaN,NaN,NaN,NaN,NaN,NaN,NaN,NaN,1,0,0,0,0,NaN,NaN,3.451516482073116,NaN,NaN,NaN,17.20660575983261,16.960489009299998,NaN,NaN,NaN,NaN,NaN,NaN,NaN,NaN,NaN,NaN,1
2021-03-03,16.165995603177304,16.57,16.165995603177304,16.42,16.51019473488227,16.648827809002185,16.42,0,0,6240,6239,0,0,0,0,NaN,NaN,3.1240354532853942,NaN,NaN,NaN,17.20660575983261,16.960489009299998,NaN,NaN,NaN,NaN,NaN,NaN,NaN,NaN,NaN,NaN,1,0,0,0,0,NaN,NaN,3.1240354532853942,NaN,NaN,NaN,17.20660575983261,16.960489009299998,NaN,NaN,NaN,NaN,NaN,NaN,NaN,NaN,NaN,NaN,1
2021-03-04,16.292997801588655,16.4,16.01,16.2425,16.461522964903676,16.642624331002153,16.2425,0,0,6240,6239,0,0,0,0,NaN,NaN,3.6658701147693837,NaN,NaN,NaN,17.20660575983261,16.960489009299998,NaN,NaN,NaN,NaN,NaN,NaN,NaN,NaN,NaN,NaN,1,0,0,0,0,NaN,NaN,3.6658701147693837,NaN,NaN,NaN,17.20660575983261,16.960489009299998,NaN,NaN,NaN,NaN,NaN,NaN,NaN,NaN,NaN,NaN,1
2021-03-05,16.267748900794327,16.74,15.83,16.3925,16.448973334921188,16.638805638925785,16.3925,0,0,6240,6239,0,0,0,0,NaN,NaN,4.018380036308171,NaN,NaN,NaN,17.20660575983261,16.960489009299998,NaN,NaN,NaN,NaN,NaN,NaN,NaN,NaN,NaN,NaN,1,0,0,0,0,NaN,NaN,4.018380036308171,NaN,NaN,NaN,17.20660575983261,16.960489009299998,NaN,NaN,NaN,NaN,NaN,NaN,NaN,NaN,NaN,NaN,1
2021-03-08,16.330124450397165,16.73,16.24,16.57,16.470978183117335,16.637755171155927,16.57,0,0,6240,6239,0,0,0,0,NaN,NaN,4.154312679885532,NaN,NaN,NaN,17.20660575983261,16.960489009299998,NaN,NaN,NaN,NaN,NaN,NaN,NaN,NaN,NaN,NaN,1,0,0,0,0,NaN,NaN,4.154312679885532,NaN,NaN,NaN,17.20660575983261,16.960489009299998,NaN,NaN,NaN,NaN,NaN,NaN,NaN,NaN,NaN,NaN,1
2021-03-09,16.450062225198582,16.625,16.15,16.40625,16.459209422550547,16.634220741061945,16.40625,0,0,6240,6239,0,0,0,0,NaN,NaN,4.364277281036072,NaN,NaN,NaN,17.20660575983261,16.960489009299998,NaN,NaN,NaN,NaN,NaN,NaN,NaN,NaN,NaN,NaN,1,0,0,0,0,NaN,NaN,4.364277281036072,NaN,NaN,NaN,17.20660575983261,16.960489009299998,NaN,NaN,NaN,NaN,NaN,NaN,NaN,NaN,NaN,NaN,1
2021-03-10,16.42815611259929,16.42815611259929,16,16.18625,16.409580436632265,16.6273814931068,16.18625,0,1,6240,6239,0,0,0,0,NaN,NaN,4.737004601605176,NaN,NaN,NaN,17.20660575983261,16.960489009299998,NaN,NaN,NaN,NaN,NaN,NaN,NaN,NaN,NaN,NaN,1,0,0,0,0,NaN,NaN,4.737004601605176,NaN,NaN,NaN,17.20660575983261,16.960489009299998,NaN,NaN,NaN,NaN,NaN,NaN,NaN,NaN,NaN,NaN,1
2021-03-11,16.307203056299645,16.44,16.19,16.360000000000003,16.400565811790035,16.623299332906697,16.360000000000003,0,0,6240,6441,0,0,0,0,NaN,NaN,5.101294014828838,NaN,NaN,NaN,17.20660575983261,16.960489009299998,NaN,NaN,NaN,NaN,NaN,NaN,NaN,NaN,NaN,NaN,1,0,0,0,0,NaN,NaN,5.101294014828838,NaN,NaN,NaN,17.20660575983261,16.960489009299998,NaN,NaN,NaN,NaN,NaN,NaN,NaN,NaN,NaN,NaN,1
2021-03-12,16.333601528149824,16.68,16.195,16.45375,16.410235664191845,16.620710793473005,16.45375,0,0,6240,6442,0,0,0,0,NaN,NaN,5.476404959032209,NaN,NaN,NaN,17.20660575983261,16.960489009299998,NaN,NaN,NaN,NaN,NaN,NaN,NaN,NaN,NaN,NaN,1,0,0,0,0,NaN,NaN,5.476404959032209,NaN,NaN,NaN,17.20660575983261,16.960489009299998,NaN,NaN,NaN,NaN,NaN,NaN,NaN,NaN,NaN,NaN,1
2021-03-15,16.393675764074914,16.68,16.21,16.490000000000002,16.42473827070242,16.61871520883983,16.490000000000002,0,0,6240,6443,0,0,0,0,NaN,NaN,5.923248252991907,NaN,NaN,NaN,17.20660575983261,16.960489009299998,NaN,NaN,NaN,NaN,NaN,NaN,NaN,NaN,NaN,NaN,1,0,0,0,0,NaN,NaN,5.923248252991907,NaN,NaN,NaN,17.20660575983261,16.960489009299998,NaN,NaN,NaN,NaN,NaN,NaN,NaN,NaN,NaN,NaN,1
2021-03-16,16.441837882037458,16.67,16.2,16.4075,16.421604039665617,16.615490549162885,16.4075,0,0,6240,6444,0,0,0,0,NaN,NaN,7.045829969945938,NaN,NaN,NaN,17.20660575983261,16.960489009299998,NaN,NaN,NaN,NaN,NaN,NaN,NaN,NaN,NaN,NaN,1,0,0,0,0,NaN,NaN,7.045829969945938,NaN,NaN,NaN,17.20660575983261,16.960489009299998,NaN,NaN,NaN,NaN,NaN,NaN,NaN,NaN,NaN,NaN,1
2021-03-17,16.42466894101873,16.42466894101873,15.695,16.03155,16.350685123362776,16.6065754262749,16.03155,0,0,6240,6445,0,0,0,0,NaN,NaN,7.609532200452576,NaN,NaN,NaN,17.20660575983261,16.960489009299998,NaN,NaN,NaN,NaN,NaN,NaN,NaN,NaN,NaN,NaN,1,0,0,0,0,NaN,NaN,7.609532200452576,NaN,NaN,NaN,17.20660575983261,16.960489009299998,NaN,NaN,NaN,NaN,NaN,NaN,NaN,NaN,NaN,NaN,1
2021-03-18,16.228109470509366,16.228109470509366,15.3501,15.757525,16.242837828205907,16.59361282434704,15.757524999999998,0,0,6240,6446,0,0,0,0,NaN,NaN,8.835038746716958,NaN,NaN,NaN,17.20660575983261,16.814428328184,NaN,NaN,NaN,NaN,NaN,NaN,NaN,NaN,NaN,NaN,1,0,0,0,0,NaN,NaN,8.835038746716958,NaN,NaN,NaN,17.20660575983261,16.814428328184,NaN,NaN,NaN,NaN,NaN,NaN,NaN,NaN,NaN,NaN,1
2021-03-19,15.992817235254684,15.992817235254684,15.15,15.409975000000001,16.09140822307756,16.57554201786846,15.409975000000003,0,0,6240,6447,0,0,0,0,NaN,NaN,11.251522490732272,NaN,NaN,NaN,17.20660575983261,16.4560515789564,NaN,NaN,NaN,NaN,NaN,NaN,NaN,NaN,NaN,NaN,1,0,0,0,0,NaN,NaN,11.251522490732272,NaN,NaN,NaN,17.20660575983261,16.4560515789564,NaN,NaN,NaN,NaN,NaN,NaN,NaN,NaN,NaN,NaN,1
2021-03-22,15.701396117627343,15.701396117627343,15.07,15.379999999999999,15.962061273427095,16.557289467977338,15.379999999999999,0,0,6240,6448,0,0,0,0,NaN,NaN,13.652067037652529,NaN,NaN,NaN,17.20660575983261,16.25007254474425,NaN,NaN,NaN,NaN,NaN,NaN,NaN,NaN,NaN,NaN,1,0,0,0,0,NaN,NaN,13.652067037652529,NaN,NaN,NaN,17.20660575983261,16.25007254474425,NaN,NaN,NaN,NaN,NaN,NaN,NaN,NaN,NaN,NaN,1
2021-03-23,15.540698058813671,15.540698058813671,15.18,15.276074999999999,15.83733649644035,16.537728941748675,15.276074999999997,0,0,6240,6449,0,0,0,0,NaN,NaN,16.391939102813005,NaN,NaN,NaN,17.20660575983261,16.004482685347956,NaN,NaN,NaN,NaN,NaN,NaN,NaN,NaN,NaN,NaN,1,0,0,0,0,NaN,NaN,16.391939102813005,NaN,NaN,NaN,17.20660575983261,16.004482685347956,NaN,NaN,NaN,NaN,NaN,NaN,NaN,NaN,NaN,NaN,1
2021-03-24,15.408386529406835,15.7799,15.176,15.421475000000001,15.761725315269379,16.52068689683648,15.421475000000001,0,0,6240,6450,0,0,0,0,NaN,NaN,19.322576886842665,NaN,NaN,NaN,17.20660575983261,16.004482685347956,NaN,NaN,NaN,NaN,NaN,NaN,NaN,NaN,NaN,NaN,1,0,0,0,0,NaN,NaN,19.322576886842665,NaN,NaN,NaN,17.20660575983261,16.004482685347956,NaN,NaN,NaN,NaN,NaN,NaN,NaN,NaN,NaN,NaN,1
2021-03-25,15.414930764703417,15.414930764703417,15.19,15.269924999999999,15.672307076129492,16.50159129535806,15.269924999999999,0,0,6240,6451,0,0,0,0,NaN,NaN,21.371770199432962,NaN,NaN,NaN,17.20660575983261,15.825851840864445,NaN,NaN,NaN,NaN,NaN,NaN,NaN,NaN,NaN,NaN,1,0,0,0,0,NaN,NaN,21.371770199432962,NaN,NaN,NaN,17.20660575983261,15.825851840864445,NaN,NaN,NaN,NaN,NaN,NaN,NaN,NaN,NaN,NaN,1
2021-03-26,15.342427882351707,15.8347,15.11,15.426174999999999,15.627555789560493,16.48517272596328,15.426174999999999,0,0,6240,6452,0,0,0,0,NaN,NaN,22.465079680626346,NaN,NaN,NaN,17.20660575983261,15.825851840864445,NaN,NaN,NaN,NaN,NaN,NaN,NaN,NaN,NaN,NaN,1,0,0,0,0,NaN,NaN,22.465079680626346,NaN,NaN,NaN,17.20660575983261,15.825851840864445,NaN,NaN,NaN,NaN,NaN,NaN,NaN,NaN,NaN,NaN,1
2021-03-29,15.384301441175854,15.69,15.145,15.41625,15.589136555094948,16.468853295032545,15.41625,0,0,6240,6453,0,0,0,0,NaN,NaN,23.834339052222678,NaN,NaN,NaN,17.20660575983261,15.825851840864445,NaN,NaN,NaN,NaN,NaN,NaN,NaN,NaN,NaN,NaN,1,0,0,0,0,NaN,NaN,23.834339052222678,NaN,NaN,NaN,17.20660575983261,15.825851840864445,NaN,NaN,NaN,NaN,NaN,NaN,NaN,NaN,NaN,NaN,1
2021-03-30,15.400275720587928,15.7851,15.3,15.568775000000002,15.585434454168594,16.45511164167327,15.568775000000002,0,0,6240,6454,0,0,0,0,NaN,NaN,24.738596137605047,NaN,NaN,NaN,17.20660575983261,15.825851840864445,NaN,NaN,NaN,NaN,NaN,NaN,NaN,NaN,NaN,NaN,1,0,0,0,0,NaN,NaN,24.738596137605047,NaN,NaN,NaN,17.20660575983261,15.825851840864445,NaN,NaN,NaN,NaN,NaN,NaN,NaN,NaN,NaN,NaN,1
2021-03-31,15.484525360293965,15.702,15.25,15.505500000000001,15.570900917047032,16.440613754014137,15.505500000000001,0,0,6240,6455,0,0,0,0,NaN,NaN,26.293252098894026,NaN,NaN,NaN,17.20660575983261,15.825851840864445,NaN,NaN,NaN,NaN,NaN,NaN,NaN,NaN,NaN,NaN,1,0,0,0,0,NaN,NaN,26.293252098894026,NaN,NaN,NaN,17.20660575983261,15.825851840864445,NaN,NaN,NaN,NaN,NaN,NaN,NaN,NaN,NaN,NaN,1
2021-04-01,15.495012680146983,15.63,15.34,15.485,15.555282568493027,16.42602423105209,15.485,0,0,6240,6456,0,0,0,0,NaN,NaN,27.64370810786943,NaN,NaN,NaN,17.20660575983261,15.825851840864445,NaN,NaN,NaN,NaN,NaN,NaN,NaN,NaN,NaN,NaN,1,0,0,0,0,NaN,NaN,27.64370810786943,NaN,NaN,NaN,17.20660575983261,15.825851840864445,NaN,NaN,NaN,NaN,NaN,NaN,NaN,NaN,NaN,NaN,1
2021-04-05,15.490006340073492,16.09,15.490006340073492,15.8825,15.61477664694884,16.4177261511887,15.8825,0,0,6240,6457,0,0,0,0,NaN,NaN,28.09063067292728,NaN,NaN,NaN,17.20660575983261,15.825851840864445,NaN,NaN,NaN,NaN,NaN,NaN,NaN,NaN,NaN,NaN,1,0,0,0,0,NaN,NaN,28.09063067292728,NaN,NaN,NaN,17.20660575983261,15.825851840864445,NaN,NaN,NaN,NaN,NaN,NaN,NaN,NaN,NaN,NaN,1
2021-04-06,15.686253170036746,16.13,15.686253170036746,16.03,15.690271802049052,16.411806667964445,16.03,0,0,6240,6458,0,0,0,0,NaN,NaN,28.512276943680053,NaN,NaN,NaN,17.20660575983261,15.825851840864445,NaN,NaN,NaN,NaN,NaN,NaN,NaN,NaN,NaN,NaN,1,0,0,0,0,NaN,NaN,28.512276943680053,NaN,NaN,NaN,17.20660575983261,15.825851840864445,NaN,NaN,NaN,NaN,NaN,NaN,NaN,NaN,NaN,NaN,1
2021-04-07,15.858126585018374,16.23,15.8,16.0525,15.75613147440377,16.406321069980255,16.0525,0,0,6240,6459,0,0,0,0,NaN,NaN,30.15970197230952,NaN,NaN,NaN,17.20660575983261,15.825851840864445,NaN,NaN,NaN,NaN,NaN,NaN,NaN,NaN,NaN,NaN,1,0,0,0,0,NaN,NaN,30.15970197230952,NaN,NaN,NaN,17.20660575983261,15.825851840864445,NaN,NaN,NaN,NaN,NaN,NaN,NaN,NaN,NaN,NaN,1
2021-04-08,15.955313292509185,16.11,15.86,16.02,15.804107569966721,16.400423038377504,16.02,0,0,6240,6460,0,0,0,0,NaN,NaN,32.55053158503686,NaN,NaN,NaN,17.20660575983261,15.825851840864445,NaN,NaN,NaN,NaN,NaN,NaN,NaN,NaN,NaN,NaN,1,0,0,0,0,NaN,NaN,32.55053158503686,NaN,NaN,NaN,17.20660575983261,15.825851840864445,NaN,NaN,NaN,NaN,NaN,NaN,NaN,NaN,NaN,NaN,1
2021-04-09,15.987656646254592,15.987656646254592,15.63,15.865,15.815178920881863,16.392248640845022,15.865,0,0,6240,6461,0,0,0,0,NaN,NaN,34.87994850410361,NaN,NaN,NaN,17.20660575983261,15.825851840864445,NaN,NaN,NaN,NaN,NaN,NaN,NaN,NaN,NaN,NaN,1,0,0,0,0,NaN,NaN,34.87994850410361,NaN,NaN,NaN,17.20660575983261,15.825851840864445,NaN,NaN,NaN,NaN,NaN,NaN,NaN,NaN,NaN,NaN,1
2021-04-12,15.926328323127297,15.926328323127297,15.7,15.805,15.813328207994251,16.383283012740517,15.805,0,0,6240,6462,0,0,0,0,NaN,NaN,37.28455297186034,NaN,NaN,NaN,17.20660575983261,15.825851840864445,NaN,NaN,NaN,NaN,NaN,NaN,NaN,NaN,NaN,NaN,1,0,0,0,0,NaN,NaN,37.28455297186034,NaN,NaN,NaN,17.20660575983261,15.825851840864445,NaN,NaN,NaN,NaN,NaN,NaN,NaN,NaN,NaN,NaN,1
2021-04-13,15.865664161563648,16.0734,15.77,15.935850000000002,15.835604897449842,16.376451974378067,15.935850000000002,0,0,6240,6463,0,0,0,0,NaN,NaN,40.033090190231384,NaN,NaN,NaN,17.20660575983261,15.825851840864445,NaN,NaN,NaN,NaN,NaN,NaN,NaN,NaN,NaN,NaN,1,0,0,0,0,NaN,NaN,40.033090190231384,NaN,NaN,NaN,17.20660575983261,15.825851840864445,NaN,NaN,NaN,NaN,NaN,NaN,NaN,NaN,NaN,NaN,1
2021-04-14,15.900757080781826,16.1358,15.775,15.9452,15.85553127973169,16.369867974769242,15.945200000000002,0,0,6240,6464,0,0,0,0,NaN,NaN,44.1785846536279,NaN,NaN,NaN,17.20660575983261,15.825851840864445,NaN,NaN,NaN,NaN,NaN,NaN,NaN,NaN,NaN,NaN,1,0,0,0,0,NaN,NaN,44.1785846536279,NaN,NaN,NaN,17.20660575983261,15.825851840864445,NaN,NaN,NaN,NaN,NaN,NaN,NaN,NaN,NaN,NaN,1
2021-04-15,15.922978540390913,15.9898,15.6,15.807450000000001,15.846789228871382,16.3612814408033,15.807450000000003,0,0,6240,6465,0,0,0,0,NaN,NaN,48.942613484767975,NaN,NaN,NaN,17.20660575983261,15.825851840864445,NaN,NaN,NaN,NaN,NaN,NaN,NaN,NaN,NaN,NaN,1,0,0,0,0,NaN,NaN,48.942613484767975,NaN,NaN,NaN,17.20660575983261,15.825851840864445,NaN,NaN,NaN,NaN,NaN,NaN,NaN,NaN,NaN,NaN,1
2021-04-16,15.865214270195457,16.0099,15.47,15.724975,15.824641187258404,16.351566838653632,15.724975,0,0,6240,6466,0,0,0,0,NaN,NaN,52.604745351211854,NaN,NaN,NaN,17.20660575983261,15.825851840864445,NaN,NaN,NaN,NaN,NaN,NaN,NaN,NaN,NaN,NaN,1,0,0,0,0,NaN,NaN,52.604745351211854,NaN,NaN,NaN,17.20660575983261,15.825851840864445,NaN,NaN,NaN,NaN,NaN,NaN,NaN,NaN,NaN,NaN,1
2021-04-19,15.79509463509773,15.9094,15.59,15.734850000000002,15.808315516847786,16.342151314399377,15.734850000000002,0,0,6240,6467,0,0,0,0,NaN,NaN,55.7641271304162,NaN,NaN,NaN,17.20660575983261,15.825851840864445,NaN,NaN,NaN,NaN,NaN,NaN,NaN,NaN,NaN,NaN,1,0,0,0,0,NaN,NaN,55.7641271304162,NaN,NaN,NaN,17.20660575983261,15.825851840864445,NaN,NaN,NaN,NaN,NaN,NaN,NaN,NaN,NaN,NaN,1
2021-04-20,15.764972317548866,15.764972317548866,15.3509,15.562725,15.763662695602735,16.3302516760116,15.562725,0,0,6240,6468,0,0,0,0,NaN,NaN,59.36606781624847,NaN,NaN,NaN,17.20660575983261,15.825851840864445,NaN,NaN,NaN,NaN,NaN,NaN,NaN,NaN,NaN,NaN,1,0,0,0,0,NaN,NaN,59.36606781624847,NaN,NaN,NaN,17.20660575983261,15.825851840864445,NaN,NaN,NaN,NaN,NaN,NaN,NaN,NaN,NaN,NaN,1
2021-04-21,15.663848658774434,15.84,15.45,15.62,15.737542205493146,16.319408138973255,15.62,0,0,6240,6469,0,0,0,0,NaN,NaN,60.950219128164306,NaN,NaN,NaN,17.20660575983261,15.825851840864445,NaN,NaN,NaN,NaN,NaN,NaN,NaN,NaN,NaN,NaN,1,0,0,0,0,NaN,NaN,60.950219128164306,NaN,NaN,NaN,17.20660575983261,15.825851840864445,NaN,NaN,NaN,NaN,NaN,NaN,NaN,NaN,NaN,NaN,1
2021-04-22,15.641924329387216,15.8,15.4926,15.685649999999999,15.728107259039847,16.30973244219504,15.685649999999999,0,0,6240,6470,0,0,0,0,NaN,NaN,61.78905378910369,NaN,NaN,NaN,17.20660575983261,15.825851840864445,NaN,NaN,NaN,NaN,NaN,NaN,NaN,NaN,NaN,NaN,1,0,0,0,0,NaN,NaN,61.78905378910369,NaN,NaN,NaN,17.20660575983261,15.825851840864445,NaN,NaN,NaN,NaN,NaN,NaN,NaN,NaN,NaN,NaN,1
2021-04-23,15.663787164693607,16.14,15.5001,15.795025,15.740274121032602,16.301874313306563,15.795025,0,0,6240,6471,0,0,0,0,NaN,NaN,62.02576540397915,NaN,NaN,NaN,17.20660575983261,15.825851840864445,NaN,NaN,NaN,NaN,NaN,NaN,NaN,NaN,NaN,NaN,1,0,0,0,0,NaN,NaN,62.02576540397915,NaN,NaN,NaN,17.20660575983261,15.825851840864445,NaN,NaN,NaN,NaN,NaN,NaN,NaN,NaN,NaN,NaN,1
2021-04-26,15.729406082346804,15.9,15.44,15.7225,15.737042462663037,16.293028903943103,15.722500000000002,0,0,6240,6472,0,0,0,0,NaN,NaN,61.25892854986458,NaN,NaN,NaN,17.20660575983261,15.825851840864445,NaN,NaN,NaN,NaN,NaN,NaN,NaN,NaN,NaN,NaN,1,0,0,0,0,NaN,NaN,61.25892854986458,NaN,NaN,NaN,17.20660575983261,15.825851840864445,NaN,NaN,NaN,NaN,NaN,NaN,NaN,NaN,NaN,NaN,1
2021-04-27,15.725953041173401,15.8585,15.45,15.642125,15.719784742178849,16.283091439760767,15.642125,0,0,6240,6473,0,0,0,0,NaN,NaN,59.81831736518204,NaN,NaN,NaN,17.20660575983261,15.825851840864445,NaN,NaN,NaN,NaN,NaN,NaN,NaN,NaN,NaN,NaN,1,0,0,0,0,NaN,NaN,59.81831736518204,NaN,NaN,NaN,17.20660575983261,15.825851840864445,NaN,NaN,NaN,NaN,NaN,NaN,NaN,NaN,NaN,NaN,1
2021-04-28,15.6840390205867,15.69,15.45,15.567499999999999,15.69209660723724,16.272166379611747,15.567499999999999,0,0,6240,6474,0,0,0,0,NaN,NaN,59.30463415722277,NaN,NaN,NaN,17.20660575983261,15.825851840864445,NaN,NaN,NaN,NaN,NaN,NaN,NaN,NaN,NaN,NaN,1,0,0,0,0,NaN,NaN,59.30463415722277,NaN,NaN,NaN,17.20660575983261,15.825851840864445,NaN,NaN,NaN,NaN,NaN,NaN,NaN,NaN,NaN,NaN,1
2021-04-29,15.625769510293349,16.2,15.61,15.89,15.728079042285014,16.2663317783963,15.89,0,0,6240,6475,0,0,0,0,NaN,NaN,58.03734535732973,NaN,NaN,NaN,17.20660575983261,15.825851840864445,NaN,NaN,NaN,NaN,NaN,NaN,NaN,NaN,NaN,NaN,1,0,0,0,0,NaN,NaN,58.03734535732973,NaN,NaN,NaN,17.20660575983261,15.825851840864445,NaN,NaN,NaN,NaN,NaN,NaN,NaN,NaN,NaN,NaN,1
2021-04-30,15.757884755146675,16.12,15.65,15.935,15.76570103459683,16.26127327796277,15.935,0,0,6240,6476,0,0,0,0,NaN,NaN,55.737733285556104,NaN,NaN,NaN,17.20660575983261,15.825851840864445,NaN,NaN,NaN,NaN,NaN,NaN,NaN,NaN,NaN,NaN,1,0,0,0,0,NaN,NaN,55.737733285556104,NaN,NaN,NaN,17.20660575983261,15.825851840864445,NaN,NaN,NaN,NaN,NaN,NaN,NaN,NaN,NaN,NaN,1
2021-05-03,15.846442377573338,16.1,15.76,15.9875,15.806028119215588,16.257093533261045,15.9875,0,0,6240,6477,0,0,0,0,NaN,NaN,52.92355214562797,NaN,NaN,NaN,17.20660575983261,15.825851840864445,NaN,NaN,NaN,NaN,NaN,NaN,NaN,NaN,NaN,NaN,1,0,0,0,0,NaN,NaN,52.92355214562797,NaN,NaN,NaN,17.20660575983261,15.825851840864445,NaN,NaN,NaN,NaN,NaN,NaN,NaN,NaN,NaN,NaN,1
2021-05-04,15.916971188786668,16.13,15.6765,15.921624999999999,15.827045733903663,16.251971876264694,15.921624999999999,0,0,6240,6478,0,0,0,0,NaN,NaN,50.28996492404419,NaN,NaN,NaN,17.20660575983261,15.825851840864445,NaN,NaN,NaN,NaN,NaN,NaN,NaN,NaN,NaN,NaN,1,0,0,0,0,NaN,NaN,50.28996492404419,NaN,NaN,NaN,17.20660575983261,15.825851840864445,NaN,NaN,NaN,NaN,NaN,NaN,NaN,NaN,NaN,NaN,1
2021-05-05,15.919298094393334,16.13,15.6401,15.935025,15.84667832773936,16.247132992657598,15.935025,0,0,6240,6479,0,0,0,0,NaN,NaN,47.505474114989795,NaN,NaN,NaN,17.20660575983261,15.825851840864445,NaN,NaN,NaN,NaN,NaN,NaN,NaN,NaN,NaN,NaN,1,0,0,0,0,NaN,NaN,47.505474114989795,NaN,NaN,NaN,17.20660575983261,15.825851840864445,NaN,NaN,NaN,NaN,NaN,NaN,NaN,NaN,NaN,NaN,1
2021-05-06,15.927161547196667,16.0799,15.75,15.947474999999999,15.865004995423112,16.242558061471986,15.947474999999997,0,0,6240,6480,0,0,0,0,NaN,NaN,44.633106213612,NaN,NaN,NaN,17.20660575983261,15.825851840864445,NaN,NaN,NaN,NaN,NaN,NaN,NaN,NaN,NaN,NaN,1,0,0,0,0,NaN,NaN,44.633106213612,NaN,NaN,NaN,17.20660575983261,15.825851840864445,NaN,NaN,NaN,NaN,NaN,NaN,NaN,NaN,NaN,NaN,1
2021-05-07,15.937318273598333,16.01,15.65,15.8675,15.86545863261891,16.236831984197604,15.8675,0,0,6240,6481,0,0,0,0,NaN,NaN,43.0649439887261,NaN,NaN,NaN,17.20660575983261,15.825851840864445,NaN,NaN,NaN,NaN,NaN,NaN,NaN,NaN,NaN,NaN,1,0,0,0,0,NaN,NaN,43.0649439887261,NaN,NaN,NaN,17.20660575983261,15.825851840864445,NaN,NaN,NaN,NaN,NaN,NaN,NaN,NaN,NaN,NaN,1
2021-05-10,15.902409136799166,15.902409136799166,15.545,15.66375,15.828784335779108,16.22808264092741,15.663750000000002,0,0,6240,6482,0,0,0,0,NaN,NaN,43.597157154710516,NaN,NaN,NaN,17.20660575983261,15.825851840864445,NaN,NaN,NaN,NaN,NaN,NaN,NaN,NaN,NaN,NaN,1,0,0,0,0,NaN,NaN,43.597157154710516,NaN,NaN,NaN,17.20660575983261,15.825851840864445,NaN,NaN,NaN,NaN,NaN,NaN,NaN,NaN,NaN,NaN,1
2021-05-11,15.783079568399582,15.85,15.54,15.69,15.803550820182906,16.21986763877585,15.69,0,0,6240,6483,0,0,0,0,NaN,NaN,46.055149269126865,NaN,NaN,NaN,17.20660575983261,15.825851840864445,NaN,NaN,NaN,NaN,NaN,NaN,NaN,NaN,NaN,NaN,1,0,0,0,0,NaN,NaN,46.055149269126865,NaN,NaN,NaN,17.20660575983261,15.825851840864445,NaN,NaN,NaN,NaN,NaN,NaN,NaN,NaN,NaN,NaN,1
2021-05-12,15.736539784199792,16.24,15.63,15.955475,15.831173398331469,16.215831109939575,15.955475000000002,0,0,6240,6484,0,0,0,0,NaN,NaN,47.80679271285695,NaN,NaN,NaN,17.20660575983261,15.825851840864445,NaN,NaN,NaN,NaN,NaN,NaN,NaN,NaN,NaN,NaN,1,0,0,0,0,NaN,NaN,47.80679271285695,NaN,NaN,NaN,17.20660575983261,15.825851840864445,NaN,NaN,NaN,NaN,NaN,NaN,NaN,NaN,NaN,NaN,1
2021-05-13,15.846007392099896,15.98,15.53,15.81,15.82732368954393,16.20963521513134,15.81,0,0,6240,6485,0,0,0,0,NaN,NaN,49.955820895775446,NaN,NaN,NaN,17.20660575983261,15.825851840864445,NaN,NaN,NaN,NaN,NaN,NaN,NaN,NaN,NaN,NaN,1,0,0,0,0,NaN,NaN,49.955820895775446,NaN,NaN,NaN,17.20660575983261,15.825851840864445,NaN,NaN,NaN,NaN,NaN,NaN,NaN,NaN,NaN,NaN,1
2021-05-14,15.828003696049947,16.01,15.65,15.8975,15.84008301871776,16.204869791999563,15.8975,0,0,6240,6486,0,0,0,0,NaN,NaN,51.97201148036744,NaN,NaN,NaN,17.20660575983261,15.825851840864445,NaN,NaN,NaN,NaN,NaN,NaN,NaN,NaN,NaN,NaN,1,0,0,0,0,NaN,NaN,51.97201148036744,NaN,NaN,NaN,17.20660575983261,15.825851840864445,NaN,NaN,NaN,NaN,NaN,NaN,NaN,NaN,NaN,NaN,1
2021-05-17,15.862751848024974,16.2,15.862751848024974,16.042499999999997,15.87688610622362,16.202390863877433,16.042499999999997,0,0,6240,6487,0,0,0,0,NaN,NaN,50.984570370586546,NaN,NaN,NaN,17.20660575983261,15.825851840864445,NaN,NaN,NaN,NaN,NaN,NaN,NaN,NaN,NaN,NaN,1,0,0,0,0,NaN,NaN,50.984570370586546,NaN,NaN,NaN,17.20660575983261,15.825851840864445,NaN,NaN,NaN,NaN,NaN,NaN,NaN,NaN,NaN,NaN,1
2021-05-18,15.952625924012485,16.24,15.8,16.0175,15.902452268728418,16.19956810259686,16.0175,0,0,6240,6488,0,0,0,0,NaN,NaN,49.254780014038666,NaN,NaN,NaN,17.20660575983261,15.825851840864445,NaN,NaN,NaN,NaN,NaN,NaN,NaN,NaN,NaN,NaN,1,0,0,0,0,NaN,NaN,49.254780014038666,NaN,NaN,NaN,17.20660575983261,15.825851840864445,NaN,NaN,NaN,NaN,NaN,NaN,NaN,NaN,NaN,NaN,1
2021-05-19,15.985062962006243,16.18,15.64,15.8825,15.89882458350507,16.194727368206067,15.8825,0,0,6240,6489,0,0,0,0,NaN,NaN,48.208801488888106,NaN,NaN,NaN,17.20660575983261,15.825851840864445,NaN,NaN,NaN,NaN,NaN,NaN,NaN,NaN,NaN,NaN,1,0,0,0,0,NaN,NaN,48.208801488888106,NaN,NaN,NaN,17.20660575983261,15.825851840864445,NaN,NaN,NaN,NaN,NaN,NaN,NaN,NaN,NaN,NaN,1
2021-05-20,15.933781481003122,15.933781481003122,15.56,15.7475,15.871311022867785,16.18789946945483,15.7475,0,0,6240,6490,0,0,0,0,NaN,NaN,46.77002314292318,NaN,NaN,NaN,17.20660575983261,15.825851840864445,NaN,NaN,NaN,NaN,NaN,NaN,NaN,NaN,NaN,NaN,1,0,0,0,0,NaN,NaN,46.77002314292318,NaN,NaN,NaN,17.20660575983261,15.825851840864445,NaN,NaN,NaN,NaN,NaN,NaN,NaN,NaN,NaN,NaN,1
2021-05-21,15.840640740501561,16,15.5,15.8125,15.860618109619097,16.182168179844833,15.8125,0,0,6240,6491,0,0,0,0,NaN,NaN,44.06759081474028,NaN,NaN,NaN,17.20660575983261,15.825851840864445,NaN,NaN,NaN,NaN,NaN,NaN,NaN,NaN,NaN,NaN,1,0,0,0,0,NaN,NaN,44.06759081474028,NaN,NaN,NaN,17.20660575983261,15.825851840864445,NaN,NaN,NaN,NaN,NaN,NaN,NaN,NaN,NaN,NaN,1
2021-05-24,15.826570370250781,16,15.6,15.8475,15.858232998779261,16.177058741984606,15.847499999999998,0,0,6240,6492,0,0,0,0,NaN,NaN,41.15103453840952,NaN,NaN,NaN,17.20660575983261,15.825851840864445,NaN,NaN,NaN,NaN,NaN,NaN,NaN,NaN,NaN,NaN,1,0,0,0,0,NaN,NaN,41.15103453840952,NaN,NaN,NaN,17.20660575983261,15.825851840864445,NaN,NaN,NaN,NaN,NaN,NaN,NaN,NaN,NaN,NaN,1
2021-05-25,15.83703518512539,15.83703518512539,15.5,15.61,15.813099726273942,16.168401356610794,15.61,0,0,6240,6493,0,0,0,0,NaN,NaN,39.129246256796094,NaN,NaN,NaN,17.20660575983261,15.825851840864445,NaN,NaN,NaN,NaN,NaN,NaN,NaN,NaN,NaN,NaN,1,0,0,0,0,NaN,NaN,39.129246256796094,NaN,NaN,NaN,17.20660575983261,15.825851840864445,NaN,NaN,NaN,NaN,NaN,NaN,NaN,NaN,NaN,NaN,1
2021-05-26,15.723517592562695,15.8282,15.4,15.58205,15.771090685133226,16.15944942750223,15.58205,0,0,6240,6494,0,0,0,0,NaN,NaN,37.19379151401856,NaN,NaN,NaN,17.20660575983261,15.825851840864445,NaN,NaN,NaN,NaN,NaN,NaN,NaN,NaN,NaN,NaN,1,0,0,0,0,NaN,NaN,37.19379151401856,NaN,NaN,NaN,17.20660575983261,15.825851840864445,NaN,NaN,NaN,NaN,NaN,NaN,NaN,NaN,NaN,NaN,1
2021-05-27,15.652783796281348,15.8,15.45,15.65,15.749074196927184,16.151671573647235,15.65,0,0,6240,6495,0,0,0,0,NaN,NaN,35.040838013397064,NaN,NaN,NaN,17.20660575983261,15.825851840864445,NaN,NaN,NaN,NaN,NaN,NaN,NaN,NaN,NaN,NaN,1,0,0,0,0,NaN,NaN,35.040838013397064,NaN,NaN,NaN,17.20660575983261,15.825851840864445,NaN,NaN,NaN,NaN,NaN,NaN,NaN,NaN,NaN,NaN,1
2021-05-28,15.651391898140673,15.98,15.6,15.825,15.762878888394969,16.14668422137781,15.825,0,0,6240,6496,0,0,0,0,NaN,NaN,31.75503022345475,NaN,NaN,NaN,17.20660575983261,15.825851840864445,NaN,NaN,NaN,NaN,NaN,NaN,NaN,NaN,NaN,NaN,1,0,0,0,0,NaN,NaN,31.75503022345475,NaN,NaN,NaN,17.20660575983261,15.825851840864445,NaN,NaN,NaN,NaN,NaN,NaN,NaN,NaN,NaN,NaN,1
2021-06-01,15.738195949070336,16.16,15.54,15.907499999999999,15.78917363595952,16.14303255387586,15.907499999999999,0,0,6240,6497,0,0,0,0,NaN,NaN,27.911520889680517,NaN,NaN,NaN,17.20660575983261,15.825851840864445,NaN,NaN,NaN,NaN,NaN,NaN,NaN,NaN,NaN,NaN,1,0,0,0,0,NaN,NaN,27.911520889680517,NaN,NaN,NaN,17.20660575983261,15.825851840864445,NaN,NaN,NaN,NaN,NaN,NaN,NaN,NaN,NaN,NaN,1
2021-06-02,15.822847974535168,15.98,15.71,15.875,15.804778429421425,16.138940453816684,15.875,0,0,6240,6498,0,0,0,0,NaN,NaN,24.118559256691956,NaN,NaN,NaN,17.20660575983261,15.825851840864445,NaN,NaN,NaN,NaN,NaN,NaN,NaN,NaN,NaN,NaN,1,0,0,0,0,NaN,NaN,24.118559256691956,NaN,NaN,NaN,17.20660575983261,15.825851840864445,NaN,NaN,NaN,NaN,NaN,NaN,NaN,NaN,NaN,NaN,1
2021-06-03,15.848923987267584,15.848923987267584,15.54,15.68,15.782091442253893,16.13193372933093,15.680000000000001,0,1,6240,6499,0,0,0,0,NaN,NaN,21.41534686808076,NaN,NaN,NaN,17.20660575983261,15.825851840864445,NaN,NaN,NaN,NaN,NaN,NaN,NaN,NaN,NaN,NaN,1,0,0,0,0,NaN,NaN,21.41534686808076,NaN,NaN,NaN,17.20660575983261,15.825851840864445,NaN,NaN,NaN,NaN,NaN,NaN,NaN,NaN,NaN,NaN,1
2021-06-04,15.764461993633791,15.8,15.65,15.7125,15.769438452753185,16.1255301609442,15.7125,0,0,6240,6500,0,0,0,0,NaN,NaN,18.62382435299452,NaN,NaN,NaN,17.20660575983261,15.825851840864445,NaN,NaN,NaN,NaN,NaN,NaN,NaN,NaN,NaN,NaN,1,0,0,0,0,NaN,NaN,18.62382435299452,NaN,NaN,NaN,17.20660575983261,15.825851840864445,NaN,NaN,NaN,NaN,NaN,NaN,NaN,NaN,NaN,NaN,1
2021-06-07,15.738480996816897,15.9415,15.738480996816897,15.815375,15.777790552252606,16.120794967647342,15.815375000000001,0,0,6240,6501,0,0,0,0,NaN,NaN,15.042493181023946,NaN,NaN,NaN,17.20660575983261,15.825851840864445,NaN,NaN,NaN,NaN,NaN,NaN,NaN,NaN,NaN,NaN,1,0,0,0,0,NaN,NaN,15.042493181023946,NaN,NaN,NaN,17.20660575983261,15.825851840864445,NaN,NaN,NaN,NaN,NaN,NaN,NaN,NaN,NaN,NaN,1
2021-06-08,15.776927998408448,15.87,15.6,15.7775,15.777737724570313,16.115553823103106,15.7775,0,0,6240,6502,0,0,0,0,NaN,NaN,12.293896747300895,NaN,NaN,NaN,17.20660575983261,15.825851840864445,NaN,NaN,NaN,NaN,NaN,NaN,NaN,NaN,NaN,NaN,1,0,0,0,0,NaN,NaN,12.293896747300895,NaN,NaN,NaN,17.20660575983261,15.825851840864445,NaN,NaN,NaN,NaN,NaN,NaN,NaN,NaN,NaN,NaN,1
2021-06-09,15.777213999204225,15.79,15.55,15.642499999999998,15.753149047375711,16.10833162733054,15.642499999999998,0,1,6240,6503,0,0,0,0,NaN,NaN,10.813603986109301,NaN,NaN,NaN,17.20660575983261,15.825851840864445,NaN,NaN,NaN,NaN,NaN,NaN,NaN,NaN,NaN,NaN,1,0,0,0,0,NaN,NaN,10.813603986109301,NaN,NaN,NaN,17.20660575983261,15.825851840864445,NaN,NaN,NaN,NaN,NaN,NaN,NaN,NaN,NaN,NaN,1
2021-06-10,15.709856999602112,17.18,15.709856999602112,16.567500000000003,15.901212856943763,16.11534183149343,16.567500000000003,0,0,6240,6504,0,0,0,0,NaN,NaN,5.632378766461427,NaN,NaN,NaN,17.20660575983261,16.093885125,NaN,NaN,NaN,NaN,NaN,NaN,NaN,NaN,NaN,NaN,1,0,0,0,0,NaN,NaN,5.632378766461427,NaN,NaN,NaN,17.20660575983261,16.093885125,NaN,NaN,NaN,NaN,NaN,NaN,NaN,NaN,NaN,NaN,1
2021-06-11,16.138678499801056,17.37,16.138678499801056,17.0775,16.115083246590352,16.130031269180556,17.0775,0,0,6240,6505,0,0,0,0,NaN,NaN,1.8487917469125414,NaN,NaN,NaN,17.20660575983261,16.370743571250003,NaN,NaN,NaN,NaN,NaN,NaN,NaN,NaN,NaN,NaN,1,0,0,0,0,NaN,NaN,1.8487917469125414,NaN,NaN,NaN,17.20660575983261,16.370743571250003,NaN,NaN,NaN,NaN,NaN,NaN,NaN,NaN,NaN,NaN,1
2021-06-14,16.60808924990053,17.33,16.60808924990053,17.1306,16.299722656301196,16.14530712766635,17.1306,0,0,6240,6506,0,0,0,0,NaN,NaN,0.034993222621199804,NaN,NaN,NaN,17.20660575983261,16.441291956975,NaN,NaN,NaN,NaN,NaN,NaN,NaN,NaN,NaN,NaN,1,0,0,0,0,NaN,NaN,0.034993222621199804,NaN,NaN,NaN,17.20660575983261,16.441291956975,NaN,NaN,NaN,NaN,NaN,NaN,NaN,NaN,NaN,NaN,1
2021-06-15,16.869344624950266,18.13,16.869344624950266,17.6825,16.551136718791888,16.16877572113709,17.6825,0,0,6240,6507,0,0,0,0,NaN,NaN,1.37060731345313,NaN,NaN,NaN,17.20660575983261,16.80411518084725,NaN,NaN,NaN,NaN,NaN,NaN,NaN,NaN,NaN,NaN,1,0,0,0,0,NaN,NaN,1.37060731345313,NaN,NaN,NaN,17.20660575983261,16.80411518084725,NaN,NaN,NaN,NaN,NaN,NaN,NaN,NaN,NaN,NaN,1
2021-06-16,17.27592231247513,18.22,17.27592231247513,17.827499999999997,16.783202769920635,16.194099755928892,17.827499999999997,0,0,6240,6508,0,0,0,0,NaN,NaN,4.725473562404366,NaN,NaN,NaN,17.20660575983261,16.99072135914558,NaN,NaN,NaN,NaN,NaN,NaN,NaN,NaN,NaN,NaN,1,0,0,0,0,NaN,NaN,4.725473562404366,NaN,NaN,NaN,17.20660575983261,16.99072135914558,NaN,NaN,NaN,NaN,NaN,NaN,NaN,NaN,NaN,NaN,1
2021-06-17,17.551711156237566,17.9191,17.31,17.64705,16.940265902662336,16.21628220240326,17.64705,0,0,6240,6509,0,0,0,0,NaN,NaN,9.191168015336645,NaN,NaN,NaN,17.20660575983261,16.99072135914558,NaN,NaN,NaN,NaN,NaN,NaN,NaN,NaN,NaN,NaN,1,0,0,0,0,NaN,NaN,9.191168015336645,NaN,NaN,NaN,17.20660575983261,16.99072135914558,NaN,NaN,NaN,NaN,NaN,NaN,NaN,NaN,NaN,NaN,1
2021-06-18,17.599380578118783,17.599380578118783,17.28,17.427500000000002,17.028853920360092,16.23477407717573,17.427500000000002,0,0,6240,6510,0,0,0,0,NaN,NaN,14.744523540872102,NaN,NaN,NaN,17.20660575983261,16.99072135914558,NaN,NaN,NaN,NaN,NaN,NaN,NaN,NaN,NaN,NaN,1,0,0,0,0,NaN,NaN,14.744523540872102,NaN,NaN,NaN,17.20660575983261,16.99072135914558,NaN,NaN,NaN,NaN,NaN,NaN,NaN,NaN,NaN,NaN,1
2021-06-21,17.513440289059393,18,17.513440289059393,17.675,17.146335025749167,16.25676225920358,17.675,0,0,6240,6511,0,0,0,0,NaN,NaN,20.40734812880909,NaN,NaN,NaN,17.20660575983261,16.99072135914558,NaN,NaN,NaN,NaN,NaN,NaN,NaN,NaN,NaN,NaN,1,0,0,0,0,NaN,NaN,20.40734812880909,NaN,NaN,NaN,17.20660575983261,16.99072135914558,NaN,NaN,NaN,NaN,NaN,NaN,NaN,NaN,NaN,NaN,1
2021-06-22,17.594220144529697,18.2,17.594220144529697,17.96,17.29427411197659,16.28276588883406,17.96,0,0,6240,6512,0,1,0,0,NaN,NaN,25.357832448195428,NaN,NaN,NaN,17.20660575983261,17.192425655273745,NaN,NaN,NaN,NaN,NaN,NaN,NaN,NaN,NaN,NaN,1,0,1,0,0,NaN,NaN,25.357832448195428,NaN,NaN,NaN,17.20660575983261,17.192425655273745,NaN,NaN,NaN,NaN,NaN,NaN,NaN,NaN,NaN,NaN,1
2021-06-23,17.777110072264847,18.6,17.777110072264847,18.3925,17.493951546162666,16.314975569920563,18.3925,1,0,6513,6512,0,0,0,0,NaN,NaN,30.938455152495546,NaN,NaN,NaN,17.20660575983261,17.58576403732447,NaN,NaN,NaN,NaN,NaN,NaN,NaN,NaN,NaN,NaN,1,0,0,0,0,NaN,NaN,30.938455152495546,NaN,NaN,NaN,17.20660575983261,17.58576403732447,NaN,NaN,NaN,NaN,NaN,NaN,NaN,NaN,NaN,NaN,1
2021-06-24,18.084805036132423,19.2999,18.084805036132423,19.024975,17.772319446860365,16.356349607021013,19.024975,0,0,6513,6512,0,0,0,0,NaN,NaN,36.2062638878569,NaN,NaN,NaN,17.20660575983261,18.137825964486332,NaN,NaN,NaN,NaN,NaN,NaN,NaN,NaN,NaN,NaN,1,0,0,0,0,NaN,NaN,36.2062638878569,NaN,NaN,NaN,17.20660575983261,18.137825964486332,NaN,NaN,NaN,NaN,NaN,NaN,NaN,NaN,NaN,NaN,1
2021-06-25,18.55489001806621,19.59,18.55489001806621,19.31,18.05189772924939,16.401443506150464,19.31,0,0,6513,6512,0,0,0,0,NaN,NaN,41.20723305841714,NaN,NaN,NaN,17.20660575983261,18.527457233009613,NaN,NaN,NaN,NaN,NaN,NaN,NaN,NaN,NaN,NaN,1,0,0,0,0,NaN,NaN,41.20723305841714,NaN,NaN,NaN,17.20660575983261,18.527457233009613,NaN,NaN,NaN,NaN,NaN,NaN,NaN,NaN,NaN,NaN,1
2021-06-28,18.932445009033103,18.932445009033103,15.59,16.665,17.799734505749502,16.405467269415343,16.665,0,0,6513,6512,0,0,0,0,NaN,NaN,44.226698053370306,NaN,NaN,NaN,17.20660575983261,17.630425,NaN,NaN,NaN,NaN,NaN,NaN,NaN,NaN,NaN,NaN,1,0,0,0,0,NaN,NaN,44.226698053370306,NaN,NaN,NaN,17.20660575983261,17.630425,NaN,NaN,NaN,NaN,NaN,NaN,NaN,NaN,NaN,NaN,1
2021-06-29,17.79872250451655,17.79872250451655,15.69,15.897249999999998,17.453828231976864,16.397708227134192,15.897249999999998,0,0,6513,6512,0,0,0,0,NaN,NaN,43.13706897113842,NaN,NaN,NaN,17.20660575983261,17.206070999999998,NaN,NaN,NaN,NaN,NaN,NaN,NaN,NaN,NaN,NaN,1,0,0,0,0,NaN,NaN,43.13706897113842,NaN,NaN,NaN,17.20660575983261,17.206070999999998,NaN,NaN,NaN,NaN,NaN,NaN,NaN,NaN,NaN,NaN,1
2021-06-30,16.847986252258274,16.847986252258274,15.75,15.937475000000001,17.178127644344706,16.390681765651227,15.937475000000001,0,0,6513,6512,0,0,0,0,NaN,NaN,41.308645115759276,NaN,NaN,NaN,17.20660575983261,17.206070999999998,NaN,NaN,NaN,NaN,NaN,NaN,NaN,NaN,NaN,NaN,1,0,0,0,0,NaN,NaN,41.308645115759276,NaN,NaN,NaN,17.20660575983261,17.206070999999998,NaN,NaN,NaN,NaN,NaN,NaN,NaN,NaN,NaN,NaN,1
2021-07-01,16.392730626129136,16.392730626129136,16.03,16.122500000000002,16.98619534537294,16.38658738754968,16.122500000000002,0,0,6513,6512,0,0,0,0,NaN,NaN,39.197881834010865,NaN,NaN,NaN,17.20660575983261,17.206070999999998,NaN,NaN,NaN,NaN,NaN,NaN,NaN,NaN,NaN,NaN,1,0,0,0,0,NaN,NaN,39.197881834010865,NaN,NaN,NaN,17.20660575983261,17.206070999999998,NaN,NaN,NaN,NaN,NaN,NaN,NaN,NaN,NaN,NaN,1
2021-07-02,16.25761531306457,16.53,16.2,16.297500000000003,16.860978009850587,16.385227274762663,16.297500000000003,0,0,6513,6512,0,0,0,0,NaN,NaN,37.57497194432499,NaN,NaN,NaN,17.20660575983261,17.206070999999998,NaN,NaN,NaN,NaN,NaN,NaN,NaN,NaN,NaN,NaN,1,0,0,0,0,NaN,NaN,37.57497194432499,NaN,NaN,NaN,17.20660575983261,17.206070999999998,NaN,NaN,NaN,NaN,NaN,NaN,NaN,NaN,NaN,NaN,1
2021-07-06,16.277557656532288,16.41,16.16,16.295,16.758072917150482,16.38384975911743,16.295,0,0,6513,6512,0,0,0,0,NaN,NaN,35.650277874619036,NaN,NaN,NaN,17.20660575983261,17.206070999999998,NaN,NaN,NaN,NaN,NaN,NaN,NaN,NaN,NaN,NaN,1,0,0,0,0,NaN,NaN,35.650277874619036,NaN,NaN,NaN,17.20660575983261,17.206070999999998,NaN,NaN,NaN,NaN,NaN,NaN,NaN,NaN,NaN,NaN,1
2021-07-07,16.286278828266145,16.35,16.12,16.2575,16.667059659486757,16.381920755161442,16.2575,0,0,6513,6512,0,0,0,0,NaN,NaN,33.89562309222869,NaN,NaN,NaN,17.20660575983261,17.206070999999998,NaN,NaN,NaN,NaN,NaN,NaN,NaN,NaN,NaN,NaN,1,0,0,0,0,NaN,NaN,33.89562309222869,NaN,NaN,NaN,17.20660575983261,17.206070999999998,NaN,NaN,NaN,NaN,NaN,NaN,NaN,NaN,NaN,NaN,1
2021-07-08,16.27188941413307,16.3,15.76,16.1175,16.567139721398256,16.377883797067373,16.1175,0,0,6513,6512,0,0,0,0,NaN,NaN,31.3109484116554,NaN,NaN,NaN,17.20660575983261,17.206070999999998,NaN,NaN,NaN,NaN,NaN,NaN,NaN,NaN,NaN,NaN,1,0,0,0,0,NaN,NaN,31.3109484116554,NaN,NaN,NaN,17.20660575983261,17.206070999999998,NaN,NaN,NaN,NaN,NaN,NaN,NaN,NaN,NaN,NaN,1
2021-07-09,16.194694707066535,16.194694707066535,15.79,15.9775,16.459932499325845,16.371771067341154,15.977500000000001,0,0,6513,6512,0,0,0,0,NaN,NaN,28.618427810150294,NaN,NaN,NaN,17.20660575983261,17.206070999999998,NaN,NaN,NaN,NaN,NaN,NaN,NaN,NaN,NaN,NaN,1,0,0,0,0,NaN,NaN,28.618427810150294,NaN,NaN,NaN,17.20660575983261,17.206070999999998,NaN,NaN,NaN,NaN,NaN,NaN,NaN,NaN,NaN,NaN,1
2021-07-12,16.08609735353327,16.08609735353327,15.76,15.834999999999999,16.34630840853933,16.363576089213808,15.834999999999999,0,0,6513,6512,0,0,0,0,NaN,NaN,25.494072385947398,NaN,NaN,NaN,17.20660575983261,17.094549239999996,NaN,NaN,NaN,NaN,NaN,NaN,NaN,NaN,NaN,NaN,1,0,0,0,0,NaN,NaN,25.494072385947398,NaN,NaN,NaN,17.20660575983261,17.094549239999996,NaN,NaN,NaN,NaN,NaN,NaN,NaN,NaN,NaN,NaN,1
2021-07-13,15.960548676766635,16.1,15.6675,15.859375,16.25777506153218,16.355878362660924,15.859375,0,0,6513,6512,0,0,0,0,NaN,NaN,22.90476953065039,NaN,NaN,NaN,17.20660575983261,17.094549239999996,NaN,NaN,NaN,NaN,NaN,NaN,NaN,NaN,NaN,NaN,1,0,0,0,0,NaN,NaN,22.90476953065039,NaN,NaN,NaN,17.20660575983261,17.094549239999996,NaN,NaN,NaN,NaN,NaN,NaN,NaN,NaN,NaN,NaN,1
2021-07-14,15.909961838383317,15.909961838383317,15.65,15.77,16.169088686708147,16.34693365483404,15.77,0,0,6513,6512,0,0,0,0,NaN,NaN,20.019730095943597,NaN,NaN,NaN,17.20660575983261,16.9457648084,NaN,NaN,NaN,NaN,NaN,NaN,NaN,NaN,NaN,NaN,1,0,0,0,0,NaN,NaN,20.019730095943597,NaN,NaN,NaN,17.20660575983261,16.9457648084,NaN,NaN,NaN,NaN,NaN,NaN,NaN,NaN,NaN,NaN,1
2021-07-15,15.839980919191659,15.839980919191659,15.05,15.445750000000002,16.03757256185212,16.333175125752604,15.445750000000002,0,0,6513,6512,0,0,0,0,NaN,NaN,16.339832843597094,NaN,NaN,NaN,17.20660575983261,16.623093031392,NaN,NaN,NaN,NaN,NaN,NaN,NaN,NaN,NaN,NaN,1,0,0,0,0,NaN,NaN,16.339832843597094,NaN,NaN,NaN,17.20660575983261,16.623093031392,NaN,NaN,NaN,NaN,NaN,NaN,NaN,NaN,NaN,NaN,1
2021-07-16,15.64286545959583,15.64286545959583,14.9,15.07715,15.862950277879007,16.313999169634243,15.077149999999998,0,0,6513,6529,0,0,0,1,NaN,NaN,12.832682528532361,NaN,NaN,NaN,17.20660575983261,16.2345465766832,NaN,NaN,NaN,NaN,NaN,NaN,NaN,NaN,NaN,NaN,1,0,0,0,1,NaN,NaN,12.832682528532361,NaN,NaN,NaN,17.20660575983261,16.2345465766832,NaN,NaN,NaN,NaN,NaN,NaN,NaN,NaN,NaN,NaN,1
2021-07-19,15.360007729797914,15.360007729797914,14.2,14.6475,15.641959318264641,16.28855643421998,14.6475,0,0,6513,6530,0,0,0,0,NaN,NaN,9.151502886073683,NaN,NaN,NaN,17.20660575983261,15.772721692880225,NaN,NaN,NaN,NaN,NaN,NaN,NaN,NaN,NaN,NaN,1,0,0,0,0,NaN,NaN,9.151502886073683,NaN,NaN,NaN,17.20660575983261,15.772721692880225,NaN,NaN,NaN,NaN,NaN,NaN,NaN,NaN,NaN,NaN,1
2021-07-20,15.003753864898957,15.055,14.57,14.76875,15.48319398767107,16.2653532825525,14.76875,0,0,6513,6531,0,0,0,0,NaN,NaN,6.525277417927655,NaN,NaN,NaN,16.726439135031935,15.772721692880225,NaN,NaN,NaN,NaN,NaN,NaN,NaN,NaN,NaN,NaN,1,0,0,0,0,NaN,NaN,6.525277417927655,NaN,NaN,NaN,16.726439135031935,15.772721692880225,NaN,NaN,NaN,NaN,NaN,NaN,NaN,NaN,NaN,NaN,1
2021-07-21,14.886251932449479,15.37,14.886251932449479,15.0925,15.41215871718542,16.247447125566964,15.0925,0,0,6513,6532,0,0,0,0,NaN,NaN,4.87140511167511,NaN,NaN,NaN,16.232214672945286,15.772721692880225,NaN,NaN,NaN,NaN,NaN,NaN,NaN,NaN,NaN,NaN,1,0,0,0,0,NaN,NaN,4.87140511167511,NaN,NaN,NaN,16.232214672945286,15.772721692880225,NaN,NaN,NaN,NaN,NaN,NaN,NaN,NaN,NaN,NaN,1
2021-07-22,14.989375966224738,15.2,14.69,14.979999999999999,15.333584404969889,16.22809678777205,14.979999999999999,0,0,6513,6533,0,0,0,0,NaN,NaN,3.230149978716078,NaN,NaN,NaN,16.118478599580556,15.772721692880225,NaN,NaN,NaN,NaN,NaN,NaN,NaN,NaN,NaN,NaN,1,0,0,0,0,NaN,NaN,3.230149978716078,NaN,NaN,NaN,16.118478599580556,15.772721692880225,NaN,NaN,NaN,NaN,NaN,NaN,NaN,NaN,NaN,NaN,1
2021-07-23,14.98468798311237,14.98468798311237,14.7,14.7925,15.235205422248091,16.206179279561788,14.7925,0,0,6513,6534,0,0,0,0,NaN,NaN,1.7734537614482029,NaN,NaN,NaN,15.927777226434884,15.772721692880225,NaN,NaN,NaN,NaN,NaN,NaN,NaN,NaN,NaN,NaN,1,0,0,0,0,NaN,NaN,1.7734537614482029,NaN,NaN,NaN,15.927777226434884,15.772721692880225,NaN,NaN,NaN,NaN,NaN,NaN,NaN,NaN,NaN,NaN,1
2021-07-26,14.888593991556185,14.888593991556185,14.5423,14.690574999999999,15.136181709112075,16.183040282927255,14.690574999999999,0,0,6513,6535,0,0,0,0,NaN,NaN,0.7984661116957562,NaN,NaN,NaN,15.823205912728833,15.772721692880225,NaN,NaN,NaN,NaN,NaN,NaN,NaN,NaN,NaN,NaN,1,0,0,0,0,NaN,NaN,0.7984661116957562,NaN,NaN,NaN,15.823205912728833,15.772721692880225,NaN,NaN,NaN,NaN,NaN,NaN,NaN,NaN,NaN,NaN,1
2021-07-27,14.789584495778092,14.92,14.31,14.57,15.033239580182606,16.158413713722258,14.57,0,0,6513,6536,0,0,0,0,NaN,NaN,0.20176421280380885,NaN,NaN,NaN,15.702305258165184,15.489537637375378,NaN,NaN,NaN,NaN,NaN,NaN,NaN,NaN,NaN,NaN,1,0,0,0,0,NaN,NaN,0.20176421280380885,NaN,NaN,NaN,15.702305258165184,15.489537637375378,NaN,NaN,NaN,NaN,NaN,NaN,NaN,NaN,NaN,NaN,1
2021-07-28,14.679792247889047,14.87,14.33,14.605,14.955377838331223,16.1346974738181,14.605,0,0,6513,6537,0,0,0,0,NaN,NaN,0.000014940742577384212,NaN,NaN,NaN,15.702305258165184,15.489537637375378,NaN,NaN,NaN,NaN,NaN,NaN,NaN,NaN,NaN,NaN,1,0,0,0,0,NaN,NaN,0.000014940742577384212,NaN,NaN,NaN,15.702305258165184,15.489537637375378,NaN,NaN,NaN,NaN,NaN,NaN,NaN,NaN,NaN,NaN,1
2021-07-29,14.642396123944524,14.91,14.635,14.76375,14.920536413180091,16.11376697803462,14.76375,0,0,6513,6538,0,0,0,0,NaN,NaN,0.161437126328719,NaN,NaN,NaN,15.702305258165184,15.489537637375378,NaN,NaN,NaN,NaN,NaN,NaN,NaN,NaN,NaN,NaN,1,0,0,0,0,NaN,NaN,0.161437126328719,NaN,NaN,NaN,15.702305258165184,15.489537637375378,NaN,NaN,NaN,NaN,NaN,NaN,NaN,NaN,NaN,NaN,1
2021-07-30,14.703073061972262,14.73,14.39,14.62,14.86589342896553,16.09096137531653,14.62,0,0,6513,6539,0,0,0,0,NaN,NaN,0.6759060982576928,NaN,NaN,NaN,15.702305258165184,15.489537637375378,NaN,NaN,NaN,NaN,NaN,NaN,NaN,NaN,NaN,NaN,1,0,0,0,0,NaN,NaN,0.6759060982576928,NaN,NaN,NaN,15.702305258165184,15.489537637375378,NaN,NaN,NaN,NaN,NaN,NaN,NaN,NaN,NaN,NaN,1
2021-08-02,14.66153653098613,14.8287,14.51,14.624675,14.822035532789979,16.06857532378498,14.624675,0,0,6513,6540,0,0,0,0,NaN,NaN,1.6046608560550462,NaN,NaN,NaN,15.702305258165184,15.489537637375378,NaN,NaN,NaN,NaN,NaN,NaN,NaN,NaN,NaN,NaN,1,0,0,0,0,NaN,NaN,1.6046608560550462,NaN,NaN,NaN,15.702305258165184,15.489537637375378,NaN,NaN,NaN,NaN,NaN,NaN,NaN,NaN,NaN,NaN,1
2021-08-03,14.643105765493065,14.93,14.5,14.709999999999999,14.801665435919073,16.04783371578826,14.709999999999999,0,0,6513,6541,0,0,0,0,NaN,NaN,2.761211135271886,NaN,NaN,NaN,15.702305258165184,15.489537637375378,NaN,NaN,NaN,NaN,NaN,NaN,NaN,NaN,NaN,NaN,1,0,0,0,0,NaN,NaN,2.761211135271886,NaN,NaN,NaN,15.702305258165184,15.489537637375378,NaN,NaN,NaN,NaN,NaN,NaN,NaN,NaN,NaN,NaN,1
2021-08-04,14.676552882746531,14.93,14.65,14.81,14.803180811206515,16.02893549111974,14.810000000000002,0,0,6513,6542,0,0,0,0,NaN,NaN,4.021112111398305,NaN,NaN,NaN,15.702305258165184,15.489537637375378,NaN,NaN,NaN,NaN,NaN,NaN,NaN,NaN,NaN,NaN,1,0,0,0,0,NaN,NaN,4.021112111398305,NaN,NaN,NaN,15.702305258165184,15.489537637375378,NaN,NaN,NaN,NaN,NaN,NaN,NaN,NaN,NaN,NaN,1
2021-08-05,14.743276441373265,15.03,14.65,14.82,14.806238845532603,16.010478460720964,14.820000000000002,0,0,6513,6543,0,0,0,0,NaN,NaN,5.325880360998748,NaN,NaN,NaN,15.702305258165184,15.489537637375378,NaN,NaN,NaN,NaN,NaN,NaN,NaN,NaN,NaN,NaN,1,0,0,0,0,NaN,NaN,5.325880360998748,NaN,NaN,NaN,15.702305258165184,15.489537637375378,NaN,NaN,NaN,NaN,NaN,NaN,NaN,NaN,NaN,NaN,1
2021-08-06,14.781638220686633,15.18,14.781638220686633,14.9525,14.832831782708492,15.994326117809194,14.9525,0,0,6513,6544,0,0,0,0,NaN,NaN,6.713161414526704,NaN,NaN,NaN,15.702305258165184,15.489537637375378,NaN,NaN,NaN,NaN,NaN,NaN,NaN,NaN,NaN,NaN,1,0,0,0,0,NaN,NaN,6.713161414526704,NaN,NaN,NaN,15.702305258165184,15.489537637375378,NaN,NaN,NaN,NaN,NaN,NaN,NaN,NaN,NaN,NaN,1
2021-08-09,14.867069110343316,15.42,14.867069110343316,15.185000000000002,14.896862367670584,15.981969993873177,15.185000000000002,0,0,6513,6545,0,0,0,0,NaN,NaN,8.062200399731479,NaN,NaN,NaN,15.702305258165184,15.489537637375378,NaN,NaN,NaN,NaN,NaN,NaN,NaN,NaN,NaN,NaN,1,0,0,0,0,NaN,NaN,8.062200399731479,NaN,NaN,NaN,15.702305258165184,15.489537637375378,NaN,NaN,NaN,NaN,NaN,NaN,NaN,NaN,NaN,NaN,1
2021-08-10,15.026034555171659,15.46,15.026034555171659,15.345,14.978341937185023,15.97224526114229,15.345,0,0,6513,6546,0,0,0,0,NaN,NaN,9.421110002798008,NaN,NaN,NaN,15.702305258165184,15.489537637375378,NaN,NaN,NaN,NaN,NaN,NaN,NaN,NaN,NaN,NaN,1,0,0,0,0,NaN,NaN,9.421110002798008,NaN,NaN,NaN,15.702305258165184,15.489537637375378,NaN,NaN,NaN,NaN,NaN,NaN,NaN,NaN,NaN,NaN,1
2021-08-11,15.18551727758583,15.38,15.0888,15.2022,15.019043403151382,15.960488844941644,15.2022,0,0,6513,6547,0,0,0,0,NaN,NaN,10.535545325834725,NaN,NaN,NaN,15.702305258165184,15.489537637375378,NaN,NaN,NaN,NaN,NaN,NaN,NaN,NaN,NaN,NaN,1,0,0,0,0,NaN,NaN,10.535545325834725,NaN,NaN,NaN,15.702305258165184,15.489537637375378,NaN,NaN,NaN,NaN,NaN,NaN,NaN,NaN,NaN,NaN,1
2021-08-12,15.193858638792914,15.27,14.36,15.004999999999999,15.016490057123859,15.945901228988337,15.004999999999999,0,0,6513,6548,0,0,0,0,NaN,NaN,11.864653158507275,NaN,NaN,NaN,15.702305258165184,15.489537637375378,NaN,NaN,NaN,NaN,NaN,NaN,NaN,NaN,NaN,NaN,1,0,0,0,0,NaN,NaN,11.864653158507275,NaN,NaN,NaN,15.702305258165184,15.489537637375378,NaN,NaN,NaN,NaN,NaN,NaN,NaN,NaN,NaN,NaN,1
2021-08-13,15.099429319396457,15.19,14.64,15.0025,15.013946410374066,15.931498156790042,15.0025,0,0,6513,6549,0,0,0,0,NaN,NaN,13.13097465682003,NaN,NaN,NaN,15.702305258165184,15.489537637375378,NaN,NaN,NaN,NaN,NaN,NaN,NaN,NaN,NaN,NaN,1,0,0,0,0,NaN,NaN,13.13097465682003,NaN,NaN,NaN,15.702305258165184,15.489537637375378,NaN,NaN,NaN,NaN,NaN,NaN,NaN,NaN,NaN,NaN,1
2021-08-16,15.050964659698227,15.050964659698227,14.3,14.677500000000002,14.9527743357606,15.912353146762714,14.6775,0,0,6513,6550,0,0,0,0,NaN,NaN,14.962135600205931,NaN,NaN,NaN,15.702305258165184,15.489537637375378,NaN,NaN,NaN,NaN,NaN,NaN,NaN,NaN,NaN,NaN,1,0,0,0,0,NaN,NaN,14.962135600205931,NaN,NaN,NaN,15.702305258165184,15.489537637375378,NaN,NaN,NaN,NaN,NaN,NaN,NaN,NaN,NaN,NaN,1
2021-08-17,14.864232329849115,14.864232329849115,14.11,14.265,14.8277244565314,15.887202717041145,14.265,0,0,6513,6551,0,0,0,0,NaN,NaN,17.3170761787376,NaN,NaN,NaN,15.702305258165184,15.079748604405287,NaN,NaN,NaN,NaN,NaN,NaN,NaN,NaN,NaN,NaN,1,0,0,0,0,NaN,NaN,17.3170761787376,NaN,NaN,NaN,15.702305258165184,15.079748604405287,NaN,NaN,NaN,NaN,NaN,NaN,NaN,NaN,NaN,NaN,1
2021-08-18,14.564616164924558,14.564616164924558,14,14.175,14.7090472826166,15.861062217544333,14.175,0,0,6513,6552,0,0,0,0,NaN,NaN,19.778343346439932,NaN,NaN,NaN,15.702305258165184,14.80261648121586,NaN,NaN,NaN,NaN,NaN,NaN,NaN,NaN,NaN,NaN,1,0,0,0,0,NaN,NaN,19.778343346439932,NaN,NaN,NaN,15.702305258165184,14.80261648121586,NaN,NaN,NaN,NaN,NaN,NaN,NaN,NaN,NaN,NaN,1
2021-08-19,14.36980808246228,14.36980808246228,13.94,14.0925,14.59694777668631,15.83406126765816,14.0925,0,0,6513,6553,0,0,0,0,NaN,NaN,22.507158539961427,NaN,NaN,NaN,15.702305258165184,14.560706536851102,NaN,NaN,NaN,NaN,NaN,NaN,NaN,NaN,NaN,NaN,1,0,0,0,0,NaN,NaN,22.507158539961427,NaN,NaN,NaN,15.702305258165184,14.560706536851102,NaN,NaN,NaN,NaN,NaN,NaN,NaN,NaN,NaN,NaN,1
2021-08-20,14.23115404123114,14.23115404123114,13.91,14.03,14.493866362743345,15.806518347541243,14.03,0,0,6513,6554,0,0,0,0,NaN,NaN,25.76867350824143,NaN,NaN,NaN,15.702305258165184,14.364635879690237,NaN,NaN,NaN,NaN,NaN,NaN,NaN,NaN,NaN,NaN,1,0,0,0,0,NaN,NaN,25.76867350824143,NaN,NaN,NaN,15.702305258165184,14.364635879690237,NaN,NaN,NaN,NaN,NaN,NaN,NaN,NaN,NaN,NaN,1
2021-08-23,14.130577020615569,14.19,13.96,14.08,14.418617933153646,15.780159288800155,14.08,0,0,6513,6555,0,0,0,0,NaN,NaN,28.940762830185417,NaN,NaN,NaN,15.702305258165184,14.364635879690237,NaN,NaN,NaN,NaN,NaN,NaN,NaN,NaN,NaN,NaN,1,0,0,0,0,NaN,NaN,28.940762830185417,NaN,NaN,NaN,15.702305258165184,14.364635879690237,NaN,NaN,NaN,NaN,NaN,NaN,NaN,NaN,NaN,NaN,1
2021-08-24,14.105288510307783,14.36,14.1,14.2025,14.379323763489348,15.756072887444427,14.202499999999999,0,0,6513,6556,0,0,0,0,NaN,NaN,31.345258757530946,NaN,NaN,NaN,15.702305258165184,14.364635879690237,NaN,NaN,NaN,NaN,NaN,NaN,NaN,NaN,NaN,NaN,1,0,0,0,0,NaN,NaN,31.345258757530946,NaN,NaN,NaN,15.702305258165184,14.364635879690237,NaN,NaN,NaN,NaN,NaN,NaN,NaN,NaN,NaN,NaN,1
2021-08-25,14.153894255153892,14.39,14.05,14.2575,14.357173988309466,15.733193912063596,14.2575,0,0,6513,6557,0,0,0,0,NaN,NaN,33.97187178823527,NaN,NaN,NaN,15.702305258165184,14.364635879690237,NaN,NaN,NaN,NaN,NaN,NaN,NaN,NaN,NaN,NaN,1,0,0,0,0,NaN,NaN,33.97187178823527,NaN,NaN,NaN,15.702305258165184,14.364635879690237,NaN,NaN,NaN,NaN,NaN,NaN,NaN,NaN,NaN,NaN,1
2021-08-26,14.205697127576947,14.33,14.03,14.192499999999999,14.32723326316229,15.70967186760461,14.192499999999999,0,0,6513,6558,0,0,0,0,NaN,NaN,36.44519184768976,NaN,NaN,NaN,15.702305258165184,14.364635879690237,NaN,NaN,NaN,NaN,NaN,NaN,NaN,NaN,NaN,NaN,1,0,0,0,0,NaN,NaN,36.44519184768976,NaN,NaN,NaN,15.702305258165184,14.364635879690237,NaN,NaN,NaN,NaN,NaN,NaN,NaN,NaN,NaN,NaN,1
2021-08-27,14.199098563788473,14.3899,14.09,14.227475000000002,14.309095397132783,15.687042907793852,14.227475000000002,0,0,6513,6559,0,0,0,0,NaN,NaN,38.47948877703093,NaN,NaN,NaN,15.702305258165184,14.364635879690237,NaN,NaN,NaN,NaN,NaN,NaN,NaN,NaN,NaN,NaN,1,0,0,0,0,NaN,NaN,38.47948877703093,NaN,NaN,NaN,15.702305258165184,14.364635879690237,NaN,NaN,NaN,NaN,NaN,NaN,NaN,NaN,NaN,NaN,1
2021-08-30,14.213286781894237,14.3,13.95,14.125,14.275623506745005,15.663194924468755,14.125,0,0,6513,6560,0,0,0,0,NaN,NaN,40.638731040506556,NaN,NaN,NaN,15.702305258165184,14.364635879690237,NaN,NaN,NaN,NaN,NaN,NaN,NaN,NaN,NaN,NaN,1,0,0,0,0,NaN,NaN,40.638731040506556,NaN,NaN,NaN,15.702305258165184,14.364635879690237,NaN,NaN,NaN,NaN,NaN,NaN,NaN,NaN,NaN,NaN,1
2021-08-31,14.169143390947118,14.45,13.9,14.125,14.24823741460955,15.639711032492132,14.125,0,0,6513,6561,0,0,0,0,NaN,NaN,43.043144930916206,NaN,NaN,NaN,15.702305258165184,14.364635879690237,NaN,NaN,NaN,NaN,NaN,NaN,NaN,NaN,NaN,NaN,1,0,0,0,0,NaN,NaN,43.043144930916206,NaN,NaN,NaN,15.702305258165184,14.364635879690237,NaN,NaN,NaN,NaN,NaN,NaN,NaN,NaN,NaN,NaN,1
2021-09-01,14.14707169547356,14.46,14.08,14.3125,14.259921521044177,15.61944826863729,14.3125,0,0,6513,6562,0,0,0,0,NaN,NaN,45.44984718445549,NaN,NaN,NaN,15.702305258165184,14.364635879690237,NaN,NaN,NaN,NaN,NaN,NaN,NaN,NaN,NaN,NaN,1,0,0,0,0,NaN,NaN,45.44984718445549,NaN,NaN,NaN,15.702305258165184,14.364635879690237,NaN,NaN,NaN,NaN,NaN,NaN,NaN,NaN,NaN,NaN,1
2021-09-02,14.22978584773678,14.52,14.22978584773678,14.387500000000001,14.283117608127053,15.600639898123744,14.3875,0,0,6513,6563,0,0,0,0,NaN,NaN,47.519802910414505,NaN,NaN,NaN,15.702305258165184,14.364635879690237,NaN,NaN,NaN,NaN,NaN,NaN,NaN,NaN,NaN,NaN,1,0,0,0,0,NaN,NaN,47.519802910414505,NaN,NaN,NaN,15.702305258165184,14.364635879690237,NaN,NaN,NaN,NaN,NaN,NaN,NaN,NaN,NaN,NaN,1
2021-09-03,14.30864292386839,14.4974,14.02,14.276850000000001,14.281978043013044,15.58042936532796,14.276850000000001,0,0,6513,6564,0,0,0,0,NaN,NaN,49.615500786045146,NaN,NaN,NaN,15.702305258165184,14.364635879690237,NaN,NaN,NaN,NaN,NaN,NaN,NaN,NaN,NaN,NaN,1,0,0,0,0,NaN,NaN,49.615500786045146,NaN,NaN,NaN,15.702305258165184,14.364635879690237,NaN,NaN,NaN,NaN,NaN,NaN,NaN,NaN,NaN,NaN,1
2021-09-07,14.292746461934197,14.292746461934197,14,14.1225,14.25298203519249,15.558170901735167,14.1225,0,0,6513,6565,0,0,0,0,NaN,NaN,52.50167238643012,NaN,NaN,NaN,15.702305258165184,14.364635879690237,NaN,NaN,NaN,NaN,NaN,NaN,NaN,NaN,NaN,NaN,1,0,0,0,0,NaN,NaN,52.50167238643012,NaN,NaN,NaN,15.702305258165184,14.364635879690237,NaN,NaN,NaN,NaN,NaN,NaN,NaN,NaN,NaN,NaN,1
2021-09-08,14.207623230967098,14.207623230967098,14,14.0675,14.219258028793856,15.53541256735753,14.0675,0,0,6513,6566,0,0,0,0,NaN,NaN,55.49253712470961,NaN,NaN,NaN,15.702305258165184,14.364635879690237,NaN,NaN,NaN,NaN,NaN,NaN,NaN,NaN,NaN,NaN,1,0,0,0,0,NaN,NaN,55.49253712470961,NaN,NaN,NaN,15.702305258165184,14.364635879690237,NaN,NaN,NaN,NaN,NaN,NaN,NaN,NaN,NaN,NaN,1
2021-09-09,14.137561615483548,14.25,13.9,14.055,14.189392932649518,15.51281084877192,14.055000000000001,0,0,6513,6567,0,0,0,0,NaN,NaN,58.254196698559646,NaN,NaN,NaN,15.702305258165184,14.364635879690237,NaN,NaN,NaN,NaN,NaN,NaN,NaN,NaN,NaN,NaN,1,0,0,0,0,NaN,NaN,58.254196698559646,NaN,NaN,NaN,15.702305258165184,14.364635879690237,NaN,NaN,NaN,NaN,NaN,NaN,NaN,NaN,NaN,NaN,1
2021-09-10,14.096280807741774,14.17,13.87,14.035,14.161321490349605,15.490248851080747,14.035,0,0,6513,6568,0,0,0,0,NaN,NaN,60.50309456974493,NaN,NaN,NaN,15.702305258165184,14.364635879690237,NaN,NaN,NaN,NaN,NaN,NaN,NaN,NaN,NaN,NaN,1,0,0,0,0,NaN,NaN,60.50309456974493,NaN,NaN,NaN,15.702305258165184,14.364635879690237,NaN,NaN,NaN,NaN,NaN,NaN,NaN,NaN,NaN,NaN,1
2021-09-13,14.065640403870887,14.26,13.93,14.059999999999999,14.142899401195132,15.468412990758903,14.059999999999999,0,0,6513,6569,0,0,0,0,NaN,NaN,62.417293856513744,NaN,NaN,NaN,15.702305258165184,14.364635879690237,NaN,NaN,NaN,NaN,NaN,NaN,NaN,NaN,NaN,NaN,1,0,0,0,0,NaN,NaN,62.417293856513744,NaN,NaN,NaN,15.702305258165184,14.364635879690237,NaN,NaN,NaN,NaN,NaN,NaN,NaN,NaN,NaN,NaN,1
2021-09-14,14.062820201935443,14.062820201935443,13.8,13.882500000000002,14.09555405552329,15.444200578686248,13.882500000000002,0,0,6513,6570,0,0,0,0,NaN,NaN,64.56526304706259,NaN,NaN,NaN,15.702305258165184,14.143866963001754,NaN,NaN,NaN,NaN,NaN,NaN,NaN,NaN,NaN,NaN,1,0,0,0,0,NaN,NaN,64.56526304706259,NaN,NaN,NaN,15.702305258165184,14.143866963001754,NaN,NaN,NaN,NaN,NaN,NaN,NaN,NaN,NaN,NaN,1
2021-09-15,13.972660100967722,13.972660100967722,13.36,13.64,14.012726045428147,15.416655531683404,13.64,0,0,6513,6571,0,0,0,0,NaN,NaN,67.41513111042705,NaN,NaN,NaN,15.702305258165184,13.87339634743107,NaN,NaN,NaN,NaN,NaN,NaN,NaN,NaN,NaN,NaN,1,0,0,0,0,NaN,NaN,67.41513111042705,NaN,NaN,NaN,15.702305258165184,13.87339634743107,NaN,NaN,NaN,NaN,NaN,NaN,NaN,NaN,NaN,NaN,1
2021-09-16,13.806330050483862,13.806330050483862,13.27,13.467500000000001,13.913594037168485,15.386897431963046,13.467500000000001,0,0,6513,6572,0,0,0,0,NaN,NaN,70.25160325574687,NaN,NaN,NaN,15.702305258165184,13.65289488151002,NaN,NaN,NaN,NaN,NaN,NaN,NaN,NaN,NaN,NaN,1,0,0,0,0,NaN,NaN,70.25160325574687,NaN,NaN,NaN,15.702305258165184,13.65289488151002,NaN,NaN,NaN,NaN,NaN,NaN,NaN,NaN,NaN,NaN,1
2021-09-17,13.636915025241931,13.636915025241931,12.95,13.325,13.806576939501488,15.35541808185674,13.325000000000001,0,0,6513,6573,0,0,0,0,NaN,NaN,72.83669724682407,NaN,NaN,NaN,14.399563688772337,13.46615468483051,NaN,NaN,NaN,NaN,NaN,NaN,NaN,NaN,NaN,NaN,1,0,0,0,0,NaN,NaN,72.83669724682407,NaN,NaN,NaN,14.399563688772337,13.46615468483051,NaN,NaN,NaN,NaN,NaN,NaN,NaN,NaN,NaN,NaN,1
2021-09-20,13.480957512620964,13.480957512620964,12.535,12.81375,13.626062950501218,15.316613989003965,12.81375,0,0,6513,6574,0,0,0,0,NaN,NaN,75.68066977602406,NaN,NaN,NaN,13.882527706816438,13.020075436111867,NaN,NaN,NaN,NaN,NaN,NaN,NaN,NaN,NaN,NaN,1,0,0,0,0,NaN,NaN,75.68066977602406,NaN,NaN,NaN,13.882527706816438,13.020075436111867,NaN,NaN,NaN,NaN,NaN,NaN,NaN,NaN,NaN,NaN,1
2021-09-21,13.147353756310483,13.147353756310483,12.39,12.595,13.438596959500996,15.275062630393217,12.595,0,0,6513,6575,0,0,0,0,NaN,NaN,78.79991508962502,NaN,NaN,NaN,13.66506066365007,12.749693213694815,NaN,NaN,NaN,NaN,NaN,NaN,NaN,NaN,NaN,NaN,1,0,0,0,0,NaN,NaN,78.79991508962502,NaN,NaN,NaN,13.66506066365007,12.749693213694815,NaN,NaN,NaN,NaN,NaN,NaN,NaN,NaN,NaN,NaN,1
2021-09-22,12.871176878155243,12.98,12.66,12.81,13.324306603228088,15.237428086417747,12.81,0,0,6513,6576,0,0,0,0,NaN,NaN,79.84252698460135,NaN,NaN,NaN,13.66506066365007,12.749693213694815,NaN,NaN,NaN,NaN,NaN,NaN,NaN,NaN,NaN,NaN,1,0,0,0,0,NaN,NaN,79.84252698460135,NaN,NaN,NaN,13.66506066365007,12.749693213694815,NaN,NaN,NaN,NaN,NaN,NaN,NaN,NaN,NaN,NaN,1
2021-09-23,12.84058843907762,14,12.84058843907762,13.4775,13.352159948095709,15.2105589553274,13.4775,0,0,6513,6577,0,0,0,0,NaN,NaN,79.61881165049682,NaN,NaN,NaN,13.66506066365007,13.274524999999999,NaN,NaN,NaN,NaN,NaN,NaN,NaN,NaN,NaN,NaN,1,0,0,0,0,NaN,NaN,79.61881165049682,NaN,NaN,NaN,13.66506066365007,13.274524999999999,NaN,NaN,NaN,NaN,NaN,NaN,NaN,NaN,NaN,NaN,1
2021-09-24,13.15904421953881,13.94,13.15904421953881,13.692499999999999,13.414039957532852,15.187382482726981,13.692499999999999,0,0,6513,6578,0,0,0,0,NaN,NaN,78.95749696283336,NaN,NaN,NaN,13.66506066365007,13.391339249999998,NaN,NaN,NaN,NaN,NaN,NaN,NaN,NaN,NaN,NaN,1,0,0,0,0,NaN,NaN,78.95749696283336,NaN,NaN,NaN,13.66506066365007,13.391339249999998,NaN,NaN,NaN,NaN,NaN,NaN,NaN,NaN,NaN,NaN,1
2021-09-27,13.425772109769404,14,13.29,13.7075,13.467396328890516,15.164788857036493,13.7075,0,0,6513,6579,0,0,0,0,NaN,NaN,77.8957663218513,NaN,NaN,NaN,13.66506066365007,13.417358894999998,NaN,NaN,NaN,NaN,NaN,NaN,NaN,NaN,NaN,NaN,1,0,0,0,0,NaN,NaN,77.8957663218513,NaN,NaN,NaN,13.66506066365007,13.417358894999998,NaN,NaN,NaN,NaN,NaN,NaN,NaN,NaN,NaN,NaN,1
2021-09-28,13.566636054884702,13.99,13.566636054884702,13.754999999999999,13.519687905455877,15.143265363035935,13.754999999999999,0,0,6513,6580,0,0,0,0,NaN,NaN,76.68484844089751,NaN,NaN,NaN,13.66506066365007,13.469359094449999,NaN,NaN,NaN,NaN,NaN,NaN,NaN,NaN,NaN,NaN,1,0,0,0,0,NaN,NaN,76.68484844089751,NaN,NaN,NaN,13.66506066365007,13.469359094449999,NaN,NaN,NaN,NaN,NaN,NaN,NaN,NaN,NaN,NaN,1
2021-09-29,13.66081802744235,13.7,13.2701,13.505025,13.517021922645718,15.118254059783478,13.505025,0,0,6513,6581,0,0,0,0,NaN,NaN,75.79651919486967,NaN,NaN,NaN,13.66506066365007,13.469359094449999,NaN,NaN,NaN,NaN,NaN,NaN,NaN,NaN,NaN,NaN,1,0,0,0,0,NaN,NaN,75.79651919486967,NaN,NaN,NaN,13.66506066365007,13.469359094449999,NaN,NaN,NaN,NaN,NaN,NaN,NaN,NaN,NaN,NaN,1
2021-09-30,13.582921513721175,13.645,13.27,13.50875,13.515517936710133,15.093681478718082,13.50875,0,0,6513,6582,0,0,0,0,NaN,NaN,74.85839526061481,NaN,NaN,NaN,13.66506066365007,13.469359094449999,NaN,NaN,NaN,NaN,NaN,NaN,NaN,NaN,NaN,NaN,1,0,0,0,0,NaN,NaN,74.85839526061481,NaN,NaN,NaN,13.66506066365007,13.469359094449999,NaN,NaN,NaN,NaN,NaN,NaN,NaN,NaN,NaN,NaN,1
2021-10-01,13.545835756860587,14,13.31,13.700025,13.549064675490108,15.072404280569714,13.700025,0,0,6513,6583,0,0,0,0,NaN,NaN,73.55904990882726,NaN,NaN,NaN,13.66506066365007,13.469359094449999,NaN,NaN,NaN,NaN,NaN,NaN,NaN,NaN,NaN,NaN,1,0,0,0,0,NaN,NaN,73.55904990882726,NaN,NaN,NaN,13.66506066365007,13.469359094449999,NaN,NaN,NaN,NaN,NaN,NaN,NaN,NaN,NaN,NaN,1
2021-10-04,13.622930378430294,13.97,13.57,13.790000000000001,13.59287109812827,15.052825589263305,13.790000000000001,0,0,6513,6584,0,0,0,0,NaN,NaN,72.23823017168935,NaN,NaN,NaN,13.66506066365007,13.523236003115999,NaN,NaN,NaN,NaN,NaN,NaN,NaN,NaN,NaN,NaN,1,0,0,0,0,NaN,NaN,72.23823017168935,NaN,NaN,NaN,13.66506066365007,13.523236003115999,NaN,NaN,NaN,NaN,NaN,NaN,NaN,NaN,NaN,NaN,1
2021-10-05,13.706465189215148,13.95,13.32,13.694999999999999,13.611439989377676,15.032095427595163,13.695,0,0,6513,6585,0,0,0,0,NaN,NaN,71.83934302196803,NaN,NaN,NaN,13.66506066365007,13.523236003115999,NaN,NaN,NaN,NaN,NaN,NaN,NaN,NaN,NaN,NaN,1,0,0,0,0,NaN,NaN,71.83934302196803,NaN,NaN,NaN,13.66506066365007,13.523236003115999,NaN,NaN,NaN,NaN,NaN,NaN,NaN,NaN,NaN,NaN,1
2021-10-06,13.700732594607572,13.99,13.53,13.8125,13.647996354945372,15.013475650074627,13.8125,0,0,6513,6586,0,0,0,0,NaN,NaN,73.84813140909881,NaN,NaN,NaN,13.66506066365007,13.576188102648597,NaN,NaN,NaN,NaN,NaN,NaN,NaN,NaN,NaN,NaN,1,0,0,0,0,NaN,NaN,73.84813140909881,NaN,NaN,NaN,13.66506066365007,13.576188102648597,NaN,NaN,NaN,NaN,NaN,NaN,NaN,NaN,NaN,NaN,1
2021-10-07,13.756616297303786,13.9719,13.756616297303786,13.890475,13.692083381318941,14.996330601981885,13.890474999999999,0,0,6513,6587,0,0,0,0,NaN,NaN,80.95960641628398,NaN,NaN,NaN,13.66506066365007,13.664729494171851,NaN,NaN,NaN,NaN,NaN,NaN,NaN,NaN,NaN,NaN,1,0,0,0,0,NaN,NaN,80.95960641628398,NaN,NaN,NaN,13.66506066365007,13.664729494171851,NaN,NaN,NaN,NaN,NaN,NaN,NaN,NaN,NaN,NaN,1
2021-10-08,13.823545648651894,14.0786,13.823545648651894,13.94255,13.73762276653368,14.980242348516512,13.94255,0,0,6513,6588,0,0,0,0,NaN,NaN,79.42661255828351,NaN,NaN,NaN,13.66506066365007,13.743641425395763,NaN,NaN,NaN,NaN,NaN,NaN,NaN,NaN,NaN,NaN,1,0,0,0,0,NaN,NaN,79.42661255828351,NaN,NaN,NaN,13.66506066365007,13.743641425395763,NaN,NaN,NaN,NaN,NaN,NaN,NaN,NaN,NaN,NaN,1
2021-10-11,13.883047824325947,14.12,13.79,13.9125,13.769418627163919,14.963940938615497,13.9125,0,0,6513,6589,0,0,0,0,NaN,NaN,77.77422836870473,NaN,NaN,NaN,13.66506066365007,13.743641425395763,NaN,NaN,NaN,NaN,NaN,NaN,NaN,NaN,NaN,NaN,1,0,0,0,0,NaN,NaN,77.77422836870473,NaN,NaN,NaN,13.66506066365007,13.743641425395763,NaN,NaN,NaN,NaN,NaN,NaN,NaN,NaN,NaN,NaN,1
2021-10-12,13.897773912162974,13.897773912162974,13.65,13.7575,13.767251604043206,14.94552199298778,13.7575,0,0,6513,6590,0,0,0,0,NaN,NaN,76.46227357380002,NaN,NaN,NaN,13.66506066365007,13.743641425395763,NaN,NaN,NaN,NaN,NaN,NaN,NaN,NaN,NaN,NaN,1,0,0,0,0,NaN,NaN,76.46227357380002,NaN,NaN,NaN,13.66506066365007,13.743641425395763,NaN,NaN,NaN,NaN,NaN,NaN,NaN,NaN,NaN,NaN,1
2021-10-13,13.827636956081488,13.827636956081488,13.45,13.614225,13.73942858512626,14.92519684805667,13.614224999999998,0,0,6513,6591,0,0,0,0,NaN,NaN,75.41300005496973,NaN,NaN,NaN,13.66506066365007,13.743641425395763,NaN,NaN,NaN,NaN,NaN,NaN,NaN,NaN,NaN,NaN,1,0,0,0,0,NaN,NaN,75.41300005496973,NaN,NaN,NaN,13.66506066365007,13.743641425395763,NaN,NaN,NaN,NaN,NaN,NaN,NaN,NaN,NaN,NaN,1
2021-10-14,13.720930978040744,13.93,13.6,13.780000000000001,13.746805206012395,14.907712926712293,13.780000000000001,0,0,6513,6592,0,0,0,0,NaN,NaN,73.95103307112177,NaN,NaN,NaN,13.66506066365007,13.743641425395763,NaN,NaN,NaN,NaN,NaN,NaN,NaN,NaN,NaN,NaN,1,0,0,0,0,NaN,NaN,73.95103307112177,NaN,NaN,NaN,13.66506066365007,13.743641425395763,NaN,NaN,NaN,NaN,NaN,NaN,NaN,NaN,NaN,NaN,1
2021-10-15,13.750465489020373,13.9171,13.54,13.724274999999999,13.742708804919232,14.889645172105999,13.724274999999999,0,0,6513,6593,0,0,0,0,NaN,NaN,72.69254347852159,NaN,NaN,NaN,13.66506066365007,13.743641425395763,NaN,NaN,NaN,NaN,NaN,NaN,NaN,NaN,NaN,NaN,1,0,0,0,0,NaN,NaN,72.69254347852159,NaN,NaN,NaN,13.66506066365007,13.743641425395763,NaN,NaN,NaN,NaN,NaN,NaN,NaN,NaN,NaN,NaN,1
2021-10-18,13.737370244510185,13.81,13.53,13.6775,13.730852658570281,14.871139138944075,13.6775,0,0,6513,6594,0,0,0,0,NaN,NaN,71.60699002126282,NaN,NaN,NaN,13.66506066365007,13.743641425395763,NaN,NaN,NaN,NaN,NaN,NaN,NaN,NaN,NaN,NaN,1,0,0,0,0,NaN,NaN,71.60699002126282,NaN,NaN,NaN,13.66506066365007,13.743641425395763,NaN,NaN,NaN,NaN,NaN,NaN,NaN,NaN,NaN,NaN,1
2021-10-19,13.707435122255092,13.7202,13.05,13.35755,13.66297944792114,14.848030907815158,13.35755,0,0,6513,6595,0,0,0,0,NaN,NaN,71.2650909406369,NaN,NaN,NaN,13.66506066365007,13.57985,NaN,NaN,NaN,NaN,NaN,NaN,NaN,NaN,NaN,NaN,1,0,0,0,0,NaN,NaN,71.2650909406369,NaN,NaN,NaN,13.66506066365007,13.57985,NaN,NaN,NaN,NaN,NaN,NaN,NaN,NaN,NaN,NaN,1
2021-10-20,13.532492561127546,13.532492561127546,13.21,13.33,13.602437730117297,14.824854863421033,13.33,0,1,6513,6596,0,0,0,0,NaN,NaN,70.89493947236834,NaN,NaN,NaN,13.66506066365007,13.558992750000002,NaN,NaN,NaN,NaN,NaN,NaN,NaN,NaN,NaN,NaN,1,0,0,0,0,NaN,NaN,70.89493947236834,NaN,NaN,NaN,13.66506066365007,13.558992750000002,NaN,NaN,NaN,NaN,NaN,NaN,NaN,NaN,NaN,NaN,1
2021-10-21,13.431246280563773,13.431246280563773,13.06,13.235,13.53563087009597,14.80058227008636,13.235,0,0,6513,6597,0,0,0,0,NaN,NaN,70.6174998116276,NaN,NaN,NaN,13.66506066365007,13.494903185,NaN,NaN,NaN,NaN,NaN,NaN,NaN,NaN,NaN,NaN,1,0,0,0,0,NaN,NaN,70.6174998116276,NaN,NaN,NaN,13.66506066365007,13.494903185,NaN,NaN,NaN,NaN,NaN,NaN,NaN,NaN,NaN,NaN,1
2021-10-22,13.333123140281886,13.34,13.15,13.2325,13.480516166442158,14.776642082756798,13.2325,0,0,6513,6598,0,0,0,0,NaN,NaN,70.4398758511407,NaN,NaN,NaN,13.66506066365007,13.47014939835,NaN,NaN,NaN,NaN,NaN,NaN,NaN,NaN,NaN,NaN,1,0,0,0,0,NaN,NaN,70.4398758511407,NaN,NaN,NaN,13.66506066365007,13.47014939835,NaN,NaN,NaN,NaN,NaN,NaN,NaN,NaN,NaN,NaN,1
2021-10-25,13.282811570140943,13.36,13.1,13.185,13.426785954361765,14.75234220363074,13.185,0,0,6513,6599,0,0,0,0,NaN,NaN,70.32226711630852,NaN,NaN,NaN,13.66506066365007,13.415031470548001,NaN,NaN,NaN,NaN,NaN,NaN,NaN,NaN,NaN,NaN,1,0,0,0,0,NaN,NaN,70.32226711630852,NaN,NaN,NaN,13.66506066365007,13.415031470548001,NaN,NaN,NaN,NaN,NaN,NaN,NaN,NaN,NaN,NaN,1
2021-10-26,13.233905785070473,13.3324,13.1,13.1606,13.378388508114172,14.72804079594172,13.1606,0,0,6513,6600,0,0,0,0,NaN,NaN,70.02259195107926,NaN,NaN,NaN,13.66506066365007,13.366496749965801,NaN,NaN,NaN,NaN,NaN,NaN,NaN,NaN,NaN,NaN,1,0,0,0,0,NaN,NaN,70.02259195107926,NaN,NaN,NaN,13.66506066365007,13.366496749965801,NaN,NaN,NaN,NaN,NaN,NaN,NaN,NaN,NaN,NaN,1
2021-10-27,13.197252892535236,13.33,13.11,13.18,13.342317870275231,14.704406585316656,13.18,0,0,6513,6601,0,0,0,0,NaN,NaN,69.86996604243929,NaN,NaN,NaN,13.66506066365007,13.366496749965801,NaN,NaN,NaN,NaN,NaN,NaN,NaN,NaN,NaN,NaN,1,0,0,0,0,NaN,NaN,69.86996604243929,NaN,NaN,NaN,13.66506066365007,13.366496749965801,NaN,NaN,NaN,NaN,NaN,NaN,NaN,NaN,NaN,NaN,1
2021-10-28,13.188626446267618,13.77,13.17,13.405,13.35371462113428,14.68456831683854,13.405,0,0,6513,6602,0,0,0,0,NaN,NaN,70.11187066734182,NaN,NaN,NaN,13.66506066365007,13.366496749965801,NaN,NaN,NaN,NaN,NaN,NaN,NaN,NaN,NaN,NaN,1,0,0,0,0,NaN,NaN,70.11187066734182,NaN,NaN,NaN,13.66506066365007,13.366496749965801,NaN,NaN,NaN,NaN,NaN,NaN,NaN,NaN,NaN,NaN,1
2021-10-29,13.296813223133809,13.49,13.08,13.31,13.345766508200775,14.663582541008944,13.31,0,0,6513,6603,0,0,0,0,NaN,NaN,70.13564350819259,NaN,NaN,NaN,13.66506066365007,13.366496749965801,NaN,NaN,NaN,NaN,NaN,NaN,NaN,NaN,NaN,NaN,1,0,0,0,0,NaN,NaN,70.13564350819259,NaN,NaN,NaN,13.66506066365007,13.366496749965801,NaN,NaN,NaN,NaN,NaN,NaN,NaN,NaN,NaN,NaN,1
2021-11-01,13.303406611566905,13.3699,13.12,13.197475,13.318804415800635,14.641199219772167,13.197474999999999,0,0,6513,6604,0,0,0,0,NaN,NaN,69.70864657793341,NaN,NaN,NaN,13.66506066365007,13.366496749965801,NaN,NaN,NaN,NaN,NaN,NaN,NaN,NaN,NaN,NaN,1,0,0,0,0,NaN,NaN,69.70864657793341,NaN,NaN,NaN,13.66506066365007,13.366496749965801,NaN,NaN,NaN,NaN,NaN,NaN,NaN,NaN,NaN,NaN,1
2021-11-02,13.250440805783452,13.295,12.8,13.04375,13.268794522018702,14.616810682065722,13.04375,0,0,6513,6605,0,0,0,0,NaN,NaN,69.65056315153613,NaN,NaN,NaN,13.66506066365007,13.260493834971957,NaN,NaN,NaN,NaN,NaN,NaN,NaN,NaN,NaN,NaN,1,0,0,0,0,NaN,NaN,69.65056315153613,NaN,NaN,NaN,13.66506066365007,13.260493834971957,NaN,NaN,NaN,NaN,NaN,NaN,NaN,NaN,NaN,NaN,1
2021-11-03,13.147095402891726,13.147095402891726,12.8,12.985000000000001,13.217195518015302,14.591897541881513,12.985000000000001,0,0,6513,6606,0,0,0,0,NaN,NaN,69.95482321138168,NaN,NaN,NaN,13.66506066365007,13.179433879627847,NaN,NaN,NaN,NaN,NaN,NaN,NaN,NaN,NaN,NaN,1,0,0,0,0,NaN,NaN,69.95482321138168,NaN,NaN,NaN,13.66506066365007,13.179433879627847,NaN,NaN,NaN,NaN,NaN,NaN,NaN,NaN,NaN,NaN,1
2021-11-04,13.066047701445864,13.066047701445864,12.65,12.827499999999999,13.146341787467065,14.564960174829887,12.827499999999999,0,0,6513,6607,0,0,0,0,NaN,NaN,70.61486252504115,NaN,NaN,NaN,13.66506066365007,13.035119748517161,NaN,NaN,NaN,NaN,NaN,NaN,NaN,NaN,NaN,NaN,1,0,0,0,0,NaN,NaN,70.61486252504115,NaN,NaN,NaN,13.66506066365007,13.035119748517161,NaN,NaN,NaN,NaN,NaN,NaN,NaN,NaN,NaN,NaN,1
2021-11-05,12.94677385072293,13,12.61,12.805,13.084279644291236,14.538090553840117,12.805,0,0,6513,6608,0,0,0,0,NaN,NaN,71.56198584370736,NaN,NaN,NaN,13.66506066365007,12.964774916417529,NaN,NaN,NaN,NaN,NaN,NaN,NaN,NaN,NaN,NaN,1,0,0,0,0,NaN,NaN,71.56198584370736,NaN,NaN,NaN,13.66506066365007,12.964774916417529,NaN,NaN,NaN,NaN,NaN,NaN,NaN,NaN,NaN,NaN,1
2021-11-08,12.875886925361465,12.97,12.7,12.874999999999998,13.046228799874648,14.512699858361643,12.874999999999998,0,0,6513,6609,0,0,0,0,NaN,NaN,72.22227884000925,NaN,NaN,NaN,13.66506066365007,12.964774916417529,NaN,NaN,NaN,NaN,NaN,NaN,NaN,NaN,NaN,NaN,1,0,0,0,0,NaN,NaN,72.22227884000925,NaN,NaN,NaN,13.66506066365007,12.964774916417529,NaN,NaN,NaN,NaN,NaN,NaN,NaN,NaN,NaN,NaN,1
2021-11-09,12.875443462680732,13,12.7406,12.92515,13.024214472624712,14.488462455943907,12.92515,0,0,6513,6610,0,0,0,0,NaN,NaN,72.31186144131244,NaN,NaN,NaN,13.66506066365007,12.964774916417529,NaN,NaN,NaN,NaN,NaN,NaN,NaN,NaN,NaN,NaN,1,0,0,0,0,NaN,NaN,72.31186144131244,NaN,NaN,NaN,13.66506066365007,12.964774916417529,NaN,NaN,NaN,NaN,NaN,NaN,NaN,NaN,NaN,NaN,1
2021-11-10,12.900296731340365,13,12.63,12.807500000000001,12.9848118412384,14.462798906998199,12.807500000000001,0,0,6513,6611,0,0,0,0,NaN,NaN,72.82043941083386,NaN,NaN,NaN,13.66506066365007,12.964774916417529,NaN,NaN,NaN,NaN,NaN,NaN,NaN,NaN,NaN,NaN,1,0,0,0,0,NaN,NaN,72.82043941083386,NaN,NaN,NaN,13.66506066365007,12.964774916417529,NaN,NaN,NaN,NaN,NaN,NaN,NaN,NaN,NaN,NaN,1
2021-11-11,12.853898365670183,12.98,12.3,12.697500000000002,12.932573324649601,14.435847778647082,12.697500000000003,0,0,6513,6612,0,0,0,0,NaN,NaN,73.35327081286927,NaN,NaN,NaN,13.66506066365007,12.846967441492271,NaN,NaN,NaN,NaN,NaN,NaN,NaN,NaN,NaN,NaN,1,0,0,0,0,NaN,NaN,73.35327081286927,NaN,NaN,NaN,13.66506066365007,12.846967441492271,NaN,NaN,NaN,NaN,NaN,NaN,NaN,NaN,NaN,NaN,1
2021-11-12,12.775699182835092,12.94,12.67,12.7625,12.901650901986038,14.410300484316592,12.762499999999998,0,0,6513,6613,0,0,0,0,NaN,NaN,73.5326118222907,NaN,NaN,NaN,13.66506066365007,12.846967441492271,NaN,NaN,NaN,NaN,NaN,NaN,NaN,NaN,NaN,NaN,1,0,0,0,0,NaN,NaN,73.5326118222907,NaN,NaN,NaN,13.66506066365007,12.846967441492271,NaN,NaN,NaN,NaN,NaN,NaN,NaN,NaN,NaN,NaN,1
2021-11-15,12.769099591417547,12.89,12.285,12.58125,12.843396192534032,14.382376049441529,12.58125,0,0,6513,6614,0,0,0,0,NaN,NaN,73.66610446320608,NaN,NaN,NaN,13.66506066365007,12.720336935799821,NaN,NaN,NaN,NaN,NaN,NaN,NaN,NaN,NaN,NaN,1,0,0,0,0,NaN,NaN,73.66610446320608,NaN,NaN,NaN,13.66506066365007,12.720336935799821,NaN,NaN,NaN,NaN,NaN,NaN,NaN,NaN,NaN,NaN,1
2021-11-16,12.675174795708774,12.675174795708774,12.21,12.3475,12.753233248436935,14.35130923952639,12.347500000000002,0,0,6513,6615,0,0,0,0,NaN,NaN,73.80762259871373,NaN,NaN,NaN,13.66506066365007,12.511315638911885,NaN,NaN,NaN,NaN,NaN,NaN,NaN,NaN,NaN,NaN,1,0,0,0,0,NaN,NaN,73.80762259871373,NaN,NaN,NaN,13.66506066365007,12.511315638911885,NaN,NaN,NaN,NaN,NaN,NaN,NaN,NaN,NaN,NaN,1
2021-11-17,12.511337397854387,12.511337397854387,11.85,12.195,12.651736294175674,14.318388487777895,12.195,0,0,6513,6616,0,0,0,0,NaN,NaN,73.78323741009542,NaN,NaN,NaN,13.66506066365007,12.34144003973625,NaN,NaN,NaN,NaN,NaN,NaN,NaN,NaN,NaN,NaN,1,0,0,0,0,NaN,NaN,73.78323741009542,NaN,NaN,NaN,13.66506066365007,12.34144003973625,NaN,NaN,NaN,NaN,NaN,NaN,NaN,NaN,NaN,NaN,1
2021-11-18,12.353168698927194,12.353168698927194,11.85,11.985,12.53051151341646,14.282764236056096,11.984999999999998,0,0,6513,6617,0,0,0,0,NaN,NaN,73.64792710662144,NaN,NaN,NaN,13.66506066365007,12.130835223047026,NaN,NaN,NaN,NaN,NaN,NaN,NaN,NaN,NaN,NaN,1,0,0,0,0,NaN,NaN,73.64792710662144,NaN,NaN,NaN,13.66506066365007,12.130835223047026,NaN,NaN,NaN,NaN,NaN,NaN,NaN,NaN,NaN,NaN,1
2021-11-19,12.169084349463596,12.22,11.94,12.077499999999999,12.448145783704376,14.249096079780431,12.077499999999999,0,0,6513,6618,0,0,0,0,NaN,NaN,73.90299750429716,NaN,NaN,NaN,13.66506066365007,12.130835223047026,NaN,NaN,NaN,NaN,NaN,NaN,NaN,NaN,NaN,NaN,1,0,0,0,0,NaN,NaN,73.90299750429716,NaN,NaN,NaN,13.66506066365007,12.130835223047026,NaN,NaN,NaN,NaN,NaN,NaN,NaN,NaN,NaN,NaN,1
2021-11-22,12.123292174731798,12.2,11.93,12.0575,12.377119277576307,14.215636597646379,12.0575,0,0,6513,6619,0,0,0,0,NaN,NaN,74.0423249200086,NaN,NaN,NaN,13.66506066365007,12.130835223047026,NaN,NaN,NaN,NaN,NaN,NaN,NaN,NaN,NaN,NaN,1,0,0,0,0,NaN,NaN,74.0423249200086,NaN,NaN,NaN,13.66506066365007,12.130835223047026,NaN,NaN,NaN,NaN,NaN,NaN,NaN,NaN,NaN,NaN,1
2021-11-23,12.0903960873659,12.1,11.82,11.9975,12.308097590744252,14.181771916766282,11.9975,0,0,6513,6620,0,0,0,0,NaN,NaN,74.0178567416196,NaN,NaN,NaN,13.66506066365007,12.130835223047026,NaN,NaN,NaN,NaN,NaN,NaN,NaN,NaN,NaN,NaN,1,0,0,0,0,NaN,NaN,74.0178567416196,NaN,NaN,NaN,13.66506066365007,12.130835223047026,NaN,NaN,NaN,NaN,NaN,NaN,NaN,NaN,NaN,NaN,1
2021-11-24,12.04394804368295,12.06,11.8721,11.975525000000001,12.24762984697257,14.148088757731681,11.975525000000001,0,0,6513,6621,0,0,0,0,NaN,NaN,74.03722106616809,NaN,NaN,NaN,13.66506066365007,12.058339997675866,NaN,NaN,NaN,NaN,NaN,NaN,NaN,NaN,NaN,NaN,1,0,0,0,0,NaN,NaN,74.03722106616809,NaN,NaN,NaN,13.66506066365007,12.058339997675866,NaN,NaN,NaN,NaN,NaN,NaN,NaN,NaN,NaN,NaN,1
2021-11-26,12.009736521841475,12.009736521841475,11.63,11.74625,12.15646987479574,14.11141946372051,11.74625,0,1,6513,6622,0,0,0,0,NaN,NaN,73.8268561908406,NaN,NaN,NaN,13.66506066365007,11.84892529879145,NaN,NaN,NaN,NaN,NaN,NaN,NaN,NaN,NaN,NaN,1,0,0,0,0,NaN,NaN,73.8268561908406,NaN,NaN,NaN,13.66506066365007,11.84892529879145,NaN,NaN,NaN,NaN,NaN,NaN,NaN,NaN,NaN,NaN,1
2021-11-29,11.877993260920737,11.95,11.55,11.759999999999998,12.084384443014695,14.075519929923251,11.759999999999998,0,0,6513,6623,0,0,0,0,NaN,NaN,74.29039397663571,NaN,NaN,NaN,13.596095039254255,11.84892529879145,NaN,NaN,NaN,NaN,NaN,NaN,NaN,NaN,NaN,NaN,1,0,0,0,0,NaN,NaN,74.29039397663571,NaN,NaN,NaN,13.596095039254255,11.84892529879145,NaN,NaN,NaN,NaN,NaN,NaN,NaN,NaN,NaN,NaN,1
2021-11-30,11.818996630460369,11.85,11.6001,11.775025,12.028137271557478,14.040397869924423,11.775025,0,0,6513,6624,0,0,0,0,NaN,NaN,75.00695495530753,NaN,NaN,NaN,12.768017879435881,11.84892529879145,NaN,NaN,NaN,NaN,NaN,NaN,NaN,NaN,NaN,NaN,1,0,0,0,0,NaN,NaN,75.00695495530753,NaN,NaN,NaN,12.768017879435881,11.84892529879145,NaN,NaN,NaN,NaN,NaN,NaN,NaN,NaN,NaN,NaN,1
2021-12-01,11.797010815230184,12,11.64,11.795,11.985748676728846,14.006116986414126,11.795,0,0,6513,6625,0,0,0,0,NaN,NaN,75.93448406080871,NaN,NaN,NaN,12.768017879435881,11.84892529879145,NaN,NaN,NaN,NaN,NaN,NaN,NaN,NaN,NaN,NaN,1,0,0,0,0,NaN,NaN,75.93448406080871,NaN,NaN,NaN,12.768017879435881,11.84892529879145,NaN,NaN,NaN,NaN,NaN,NaN,NaN,NaN,NaN,NaN,1
2021-12-02,11.796005407615091,12.1,11.64,11.912500000000001,11.97243073550542,13.974153368300934,11.912500000000001,0,0,6513,6626,0,0,0,0,NaN,NaN,76.97962527214884,NaN,NaN,NaN,12.768017879435881,11.84892529879145,NaN,NaN,NaN,NaN,NaN,NaN,NaN,NaN,NaN,NaN,1,0,0,0,0,NaN,NaN,76.97962527214884,NaN,NaN,NaN,12.768017879435881,11.84892529879145,NaN,NaN,NaN,NaN,NaN,NaN,NaN,NaN,NaN,NaN,1
2021-12-03,11.854252703807546,12,11.58,11.8275,11.946079692686252,13.941380034433744,11.8275,0,0,6513,6627,0,0,0,0,NaN,NaN,77.84074572612245,NaN,NaN,NaN,12.768017879435881,11.84892529879145,NaN,NaN,NaN,NaN,NaN,NaN,NaN,NaN,NaN,NaN,1,0,0,0,0,NaN,NaN,77.84074572612245,NaN,NaN,NaN,12.768017879435881,11.84892529879145,NaN,NaN,NaN,NaN,NaN,NaN,NaN,NaN,NaN,NaN,1
2021-12-06,11.840876351903773,12,11.7,11.834999999999999,11.925883384925115,13.909221560625594,11.834999999999999,0,0,6513,6628,0,0,0,0,NaN,NaN,78.35714359293893,NaN,NaN,NaN,12.768017879435881,11.84892529879145,NaN,NaN,NaN,NaN,NaN,NaN,NaN,NaN,NaN,NaN,1,0,0,0,0,NaN,NaN,78.35714359293893,NaN,NaN,NaN,12.768017879435881,11.84892529879145,NaN,NaN,NaN,NaN,NaN,NaN,NaN,NaN,NaN,NaN,1
2021-12-07,11.837938175951887,12.01,11.81,11.9325,11.92708640584782,13.879042605501539,11.9325,0,0,6513,6629,0,0,0,0,NaN,NaN,78.6379832069397,NaN,NaN,NaN,12.768017879435881,11.84892529879145,NaN,NaN,NaN,NaN,NaN,NaN,NaN,NaN,NaN,NaN,1,0,0,0,0,NaN,NaN,78.6379832069397,NaN,NaN,NaN,12.768017879435881,11.84892529879145,NaN,NaN,NaN,NaN,NaN,NaN,NaN,NaN,NaN,NaN,1
2021-12-08,11.885219087975944,12.01,11.82,11.925,11.926707059330035,13.849209893967164,11.925,0,0,6513,6630,0,0,0,0,NaN,NaN,78.95632845904315,NaN,NaN,NaN,12.768017879435881,11.84892529879145,NaN,NaN,NaN,NaN,NaN,NaN,NaN,NaN,NaN,NaN,1,0,0,0,0,NaN,NaN,78.95632845904315,NaN,NaN,NaN,12.768017879435881,11.84892529879145,NaN,NaN,NaN,NaN,NaN,NaN,NaN,NaN,NaN,NaN,1
2021-12-09,11.905109543987972,11.905109543987972,11.75,11.82,11.907305775815482,13.818229590242474,11.819999999999999,0,0,6513,6631,0,0,0,0,NaN,NaN,79.22601109346779,NaN,NaN,NaN,12.768017879435881,11.84892529879145,NaN,NaN,NaN,NaN,NaN,NaN,NaN,NaN,NaN,NaN,1,0,0,0,0,NaN,NaN,79.22601109346779,NaN,NaN,NaN,12.768017879435881,11.84892529879145,NaN,NaN,NaN,NaN,NaN,NaN,NaN,NaN,NaN,NaN,1
2021-12-10,11.862554771993986,11.862554771993986,11.55,11.754999999999999,11.879613816576303,13.786729901841825,11.754999999999999,0,0,6513,6632,0,0,0,0,NaN,NaN,79.64033924379363,NaN,NaN,NaN,12.768017879435881,11.84892529879145,NaN,NaN,NaN,NaN,NaN,NaN,NaN,NaN,NaN,NaN,1,0,0,0,0,NaN,NaN,79.64033924379363,NaN,NaN,NaN,12.768017879435881,11.84892529879145,NaN,NaN,NaN,NaN,NaN,NaN,NaN,NaN,NaN,NaN,1
2021-12-13,11.808777385996994,11.808777385996994,11.27,11.4725,11.805593122653338,13.751398147615232,11.4725,0,0,6513,6633,0,0,0,0,NaN,NaN,80.06524394538849,NaN,NaN,NaN,12.768017879435881,11.58987964640781,NaN,NaN,NaN,NaN,NaN,NaN,NaN,NaN,NaN,NaN,1,0,0,0,0,NaN,NaN,80.06524394538849,NaN,NaN,NaN,12.768017879435881,11.58987964640781,NaN,NaN,NaN,NaN,NaN,NaN,NaN,NaN,NaN,NaN,1
2021-12-14,11.640638692998497,11.640638692998497,11.25,11.332500000000001,11.719576191261822,13.714468404903549,11.332500000000001,0,0,6513,6634,0,0,0,0,NaN,NaN,80.17931554261718,NaN,NaN,NaN,12.768017879435881,11.418694637347595,NaN,NaN,NaN,NaN,NaN,NaN,NaN,NaN,NaN,NaN,1,0,0,0,0,NaN,NaN,80.17931554261718,NaN,NaN,NaN,12.768017879435881,11.418694637347595,NaN,NaN,NaN,NaN,NaN,NaN,NaN,NaN,NaN,NaN,1
2021-12-15,11.486569346499248,11.486569346499248,11.19,11.3075,11.644653247396036,13.67772079566838,11.3075,0,1,6513,6635,0,0,0,0,NaN,11.19,80.22392354087943,NaN,NaN,NaN,12.768017879435881,11.349938694059464,NaN,NaN,NaN,NaN,NaN,NaN,NaN,NaN,NaN,NaN,1,0,0,0,0,NaN,11.19,80.22392354087943,NaN,NaN,NaN,12.768017879435881,11.349938694059464,NaN,NaN,NaN,NaN,NaN,NaN,NaN,NaN,NaN,NaN,1
2021-12-16,11.397034673249625,11.397034673249625,10.87,11.15625,11.555852656960393,13.63922505832993,11.15625,0,0,6513,6636,0,0,0,0,NaN,NaN,80.29129844580822,NaN,NaN,NaN,12.768017879435881,11.203475477623787,NaN,NaN,NaN,NaN,NaN,NaN,NaN,NaN,NaN,NaN,1,0,0,0,0,NaN,NaN,80.29129844580822,NaN,NaN,NaN,12.768017879435881,11.203475477623787,NaN,NaN,NaN,NaN,NaN,NaN,NaN,NaN,NaN,NaN,1
2021-12-17,11.276642336624812,11.3,10.83,11.1075,11.474333992058504,13.600572767363062,11.1075,0,0,6513,6637,0,0,0,0,NaN,NaN,80.51374024204016,NaN,NaN,NaN,12.768017879435881,11.1339921767208,NaN,NaN,NaN,NaN,NaN,NaN,NaN,NaN,NaN,NaN,1,0,0,0,0,NaN,NaN,80.51374024204016,NaN,NaN,NaN,12.768017879435881,11.1339921767208,NaN,NaN,NaN,NaN,NaN,NaN,NaN,NaN,NaN,NaN,1
2021-12-20,11.192071168312406,11.192071168312406,10.76,10.9675,11.382182357138776,13.560373183128512,10.9675,0,0,6513,6638,0,0,0,0,NaN,NaN,80.73967898516781,NaN,NaN,NaN,12.768017879435881,11.000307340085072,NaN,NaN,NaN,NaN,NaN,NaN,NaN,NaN,NaN,NaN,1,0,0,0,0,NaN,NaN,80.73967898516781,NaN,NaN,NaN,12.768017879435881,11.000307340085072,NaN,NaN,NaN,NaN,NaN,NaN,NaN,NaN,NaN,NaN,1
2021-12-21,11.079785584156202,11.16,10.84,10.975000000000001,11.308149201295363,13.520901836821206,10.975000000000001,0,0,6513,6639,0,0,0,0,NaN,NaN,81.00144256534115,NaN,NaN,NaN,12.768017879435881,11.000307340085072,NaN,NaN,NaN,NaN,NaN,NaN,NaN,NaN,NaN,NaN,1,0,0,0,0,NaN,NaN,81.00144256534115,NaN,NaN,NaN,12.768017879435881,11.000307340085072,NaN,NaN,NaN,NaN,NaN,NaN,NaN,NaN,NaN,NaN,1
2021-12-22,11.027392792078102,11.1,10.71,10.905,11.234849346514387,13.480964404197982,10.905,0,0,6513,6640,0,0,0,0,NaN,NaN,81.25870243225712,NaN,NaN,NaN,12.499789833987233,10.924857775426371,NaN,NaN,NaN,NaN,NaN,NaN,NaN,NaN,NaN,NaN,1,0,0,0,0,NaN,NaN,81.25870243225712,NaN,NaN,NaN,12.499789833987233,10.924857775426371,NaN,NaN,NaN,NaN,NaN,NaN,NaN,NaN,NaN,NaN,1
2021-12-23,10.96619639603905,11.17,10.57,10.8375,11.162604010784499,13.440606169019388,10.8375,0,0,6513,6641,0,0,0,0,NaN,NaN,81.45730971008182,NaN,NaN,NaN,11.803216831306505,10.852510177119385,NaN,NaN,NaN,NaN,NaN,NaN,NaN,NaN,NaN,NaN,1,0,0,0,0,NaN,NaN,81.45730971008182,NaN,NaN,NaN,11.803216831306505,10.852510177119385,NaN,NaN,NaN,NaN,NaN,NaN,NaN,NaN,NaN,NaN,1
2021-12-27,10.901848198019525,11.98,10.901848198019525,11.567499999999999,11.236221463369136,13.412009128271,11.567499999999999,0,0,6513,6642,0,0,0,0,NaN,NaN,81.3589058145956,NaN,NaN,NaN,11.803216831306505,11.476249999999999,NaN,NaN,NaN,NaN,NaN,NaN,NaN,NaN,NaN,NaN,1,0,0,0,0,NaN,NaN,81.3589058145956,NaN,NaN,NaN,11.803216831306505,11.476249999999999,NaN,NaN,NaN,NaN,NaN,NaN,NaN,NaN,NaN,NaN,1
2021-12-28,11.234674099009762,12.2,11.234674099009762,12.099999999999998,11.393272106392928,13.39197845455694,12.099999999999998,0,0,6513,6643,0,0,0,0,NaN,NaN,80.27990916800655,NaN,NaN,NaN,11.803216831306505,11.753224999999997,NaN,NaN,NaN,NaN,NaN,NaN,NaN,NaN,NaN,NaN,1,0,0,0,0,NaN,NaN,80.27990916800655,NaN,NaN,NaN,11.803216831306505,11.753224999999997,NaN,NaN,NaN,NaN,NaN,NaN,NaN,NaN,NaN,NaN,1
2021-12-29,11.66733704950488,13.2,11.66733704950488,12.6725,11.625858996139668,13.380994050670575,12.6725,0,0,6513,6644,0,0,0,0,NaN,NaN,77.21604647417513,NaN,NaN,NaN,11.803216831306505,12.077456499999998,NaN,NaN,NaN,NaN,NaN,NaN,NaN,NaN,NaN,NaN,1,0,0,0,0,NaN,NaN,77.21604647417513,NaN,NaN,NaN,11.803216831306505,12.077456499999998,NaN,NaN,NaN,NaN,NaN,NaN,NaN,NaN,NaN,NaN,1
2021-12-30,12.16991852475244,14.67,12.16991852475244,13.6725,11.997975542296091,13.385444523179421,13.672500000000001,0,0,6513,6645,0,0,0,0,NaN,NaN,68.74611538802621,NaN,NaN,NaN,11.803216831306505,12.676010414999999,NaN,NaN,NaN,NaN,NaN,NaN,NaN,NaN,NaN,NaN,1,0,0,0,0,NaN,NaN,68.74611538802621,NaN,NaN,NaN,11.803216831306505,12.676010414999999,NaN,NaN,NaN,NaN,NaN,NaN,NaN,NaN,NaN,NaN,1
2021-12-31,12.92120926237622,15.3499,12.92120926237622,14.407475,12.43606635278771,13.401048041909506,14.407475,0,0,6513,6646,1,0,0,0,NaN,NaN,57.68588662493994,NaN,NaN,NaN,11.803216831306505,13.207175165199999,NaN,NaN,NaN,NaN,NaN,NaN,NaN,NaN,NaN,NaN,1,1,0,0,0,NaN,NaN,57.68588662493994,NaN,NaN,NaN,11.803216831306505,13.207175165199999,NaN,NaN,NaN,NaN,NaN,NaN,NaN,NaN,NaN,NaN,1
2022-01-03,13.66434213118811,14.995,13.5,14.26875,12.769281561371763,13.414295400048292,14.26875,0,0,6513,6647,0,0,0,0,NaN,NaN,49.93983239958165,NaN,NaN,NaN,12.3886570488724,13.207175165199999,NaN,NaN,NaN,NaN,NaN,NaN,NaN,NaN,NaN,NaN,1,0,0,0,0,NaN,NaN,49.93983239958165,NaN,NaN,NaN,12.3886570488724,13.207175165199999,NaN,NaN,NaN,NaN,NaN,NaN,NaN,NaN,NaN,NaN,1
2022-01-04,13.966546065594056,14.54,13.57,14.0275,12.99804855021326,13.42365730233763,14.0275,0,0,6513,6648,0,0,0,0,NaN,NaN,43.76447973227016,NaN,NaN,NaN,12.999906016588158,13.207175165199999,NaN,NaN,NaN,NaN,NaN,NaN,NaN,NaN,NaN,NaN,1,0,0,0,0,NaN,NaN,43.76447973227016,NaN,NaN,NaN,12.999906016588158,13.207175165199999,NaN,NaN,NaN,NaN,NaN,NaN,NaN,NaN,NaN,NaN,1
2022-01-05,13.997023032797028,14.585,13.997023032797028,14.383750000000001,13.249994268356303,13.438315206118736,14.383750000000001,0,0,6513,6649,0,0,0,0,NaN,NaN,34.940962976423265,NaN,NaN,NaN,13.356149188042194,13.207175165199999,NaN,NaN,NaN,NaN,NaN,NaN,NaN,NaN,NaN,NaN,1,0,0,0,0,NaN,NaN,34.940962976423265,NaN,NaN,NaN,13.356149188042194,13.207175165199999,NaN,NaN,NaN,NaN,NaN,NaN,NaN,NaN,NaN,NaN,1
2022-01-06,14.190386516398515,14.32,14.03,14.1975,13.422268037746067,13.449905813658908,14.1975,0,0,6513,6650,0,0,0,0,NaN,NaN,27.713309622295213,NaN,NaN,NaN,13.356149188042194,13.207175165199999,NaN,NaN,NaN,NaN,NaN,NaN,NaN,NaN,NaN,NaN,1,0,0,0,0,NaN,NaN,27.713309622295213,NaN,NaN,NaN,13.356149188042194,13.207175165199999,NaN,NaN,NaN,NaN,NaN,NaN,NaN,NaN,NaN,NaN,1
2022-01-07,14.193943258199258,14.6083,14.11,14.372075,13.594960212701327,13.463984732534344,14.372075,0,0,6513,6651,0,0,0,0,NaN,NaN,20.895022749222996,NaN,NaN,NaN,13.356149188042194,13.207175165199999,NaN,NaN,NaN,NaN,NaN,NaN,NaN,NaN,NaN,NaN,1,0,0,0,0,NaN,NaN,20.895022749222996,NaN,NaN,NaN,13.356149188042194,13.207175165199999,NaN,NaN,NaN,NaN,NaN,NaN,NaN,NaN,NaN,NaN,1
2022-01-10,14.283009129099629,14.51,13.95,14.29,13.721331083119267,13.476595652648324,14.29,0,0,6513,6652,0,0,0,0,NaN,NaN,15.343938975955574,NaN,NaN,NaN,13.356149188042194,13.207175165199999,NaN,NaN,NaN,NaN,NaN,NaN,NaN,NaN,NaN,NaN,1,0,0,0,0,NaN,NaN,15.343938975955574,NaN,NaN,NaN,13.356149188042194,13.207175165199999,NaN,NaN,NaN,NaN,NaN,NaN,NaN,NaN,NaN,NaN,1
2022-01-11,14.286504564549814,14.47,14.16,14.350000000000001,13.835634522552128,13.489930070165144,14.350000000000001,0,0,6513,6653,0,0,0,0,NaN,NaN,10.966240863807982,NaN,NaN,NaN,13.356149188042194,13.207175165199999,NaN,NaN,NaN,NaN,NaN,NaN,NaN,NaN,NaN,NaN,1,0,0,0,0,NaN,NaN,10.966240863807982,NaN,NaN,NaN,13.356149188042194,13.207175165199999,NaN,NaN,NaN,NaN,NaN,NaN,NaN,NaN,NaN,NaN,1
2022-01-12,14.318252282274909,14.318252282274909,13.95,14.1575,13.894155518451742,13.500121977490867,14.1575,0,0,6513,6654,0,0,0,0,NaN,NaN,7.739308619825517,NaN,NaN,NaN,13.356149188042194,13.207175165199999,NaN,NaN,NaN,NaN,NaN,NaN,NaN,NaN,NaN,NaN,1,0,0,0,0,NaN,NaN,7.739308619825517,NaN,NaN,NaN,13.356149188042194,13.207175165199999,NaN,NaN,NaN,NaN,NaN,NaN,NaN,NaN,NaN,NaN,1
2022-01-13,14.237876141137455,14.33,14.05,14.157500000000002,13.942036333278699,13.51015828317803,14.157500000000004,0,0,6513,6655,0,0,0,0,NaN,NaN,4.955511857772441,NaN,NaN,NaN,13.356149188042194,13.207175165199999,NaN,NaN,NaN,NaN,NaN,NaN,NaN,NaN,NaN,NaN,1,0,0,0,0,NaN,NaN,4.955511857772441,NaN,NaN,NaN,13.356149188042194,13.207175165199999,NaN,NaN,NaN,NaN,NaN,NaN,NaN,NaN,NaN,NaN,1
2022-01-14,14.197688070568729,14.28,14.05,14.18,13.985302454500754,13.520384874274548,14.18,0,0,6513,6656,0,0,0,0,NaN,NaN,2.7419915245732103,NaN,NaN,NaN,13.356149188042194,13.207175165199999,NaN,NaN,NaN,NaN,NaN,NaN,NaN,NaN,NaN,NaN,1,0,0,0,0,NaN,NaN,2.7419915245732103,NaN,NaN,NaN,13.356149188042194,13.207175165199999,NaN,NaN,NaN,NaN,NaN,NaN,NaN,NaN,NaN,NaN,1
2022-01-18,14.188844035284365,14.29,13.96,14.1375,14.012974735500617,13.529806479247455,14.1375,0,0,6513,6657,0,0,0,0,NaN,NaN,1.2686611244893395,NaN,NaN,NaN,13.356149188042194,13.207175165199999,NaN,NaN,NaN,NaN,NaN,NaN,NaN,NaN,NaN,NaN,1,0,0,0,0,NaN,NaN,1.2686611244893395,NaN,NaN,NaN,13.356149188042194,13.207175165199999,NaN,NaN,NaN,NaN,NaN,NaN,NaN,NaN,NaN,NaN,1
2022-01-19,14.163172017642182,14.3883,14.12,14.229574999999999,14.052356601773232,13.540489968113906,14.229574999999999,0,0,6513,6658,0,0,0,0,NaN,NaN,0.31176378583030273,NaN,NaN,NaN,13.356149188042194,13.207175165199999,NaN,NaN,NaN,NaN,NaN,NaN,NaN,NaN,NaN,NaN,1,0,0,0,0,NaN,NaN,0.31176378583030273,NaN,NaN,NaN,13.356149188042194,13.207175165199999,NaN,NaN,NaN,NaN,NaN,NaN,NaN,NaN,NaN,NaN,1
2022-01-20,14.19637350882109,14.39,13.73,14.060000000000002,14.053746310541735,13.548421418982397,14.06,0,0,6513,6659,0,0,0,0,NaN,NaN,0.0004112611755047853,NaN,NaN,NaN,13.356149188042194,13.207175165199999,NaN,NaN,NaN,NaN,NaN,NaN,NaN,NaN,NaN,NaN,1,0,0,0,0,NaN,NaN,0.0004112611755047853,NaN,NaN,NaN,13.356149188042194,13.207175165199999,NaN,NaN,NaN,NaN,NaN,NaN,NaN,NaN,NaN,NaN,1
2022-01-21,14.128186754410546,14.2,13.5,13.8325,14.013519708625056,13.552758496555185,13.832500000000001,0,0,6513,6660,0,0,0,0,NaN,NaN,0.22757682770328116,NaN,NaN,NaN,13.356149188042194,13.207175165199999,NaN,NaN,NaN,NaN,NaN,NaN,NaN,NaN,NaN,NaN,1,0,0,0,0,NaN,NaN,0.22757682770328116,NaN,NaN,NaN,13.356149188042194,13.207175165199999,NaN,NaN,NaN,NaN,NaN,NaN,NaN,NaN,NaN,NaN,1
2022-01-24,13.980343377205273,14.12,13.11,13.645,13.946516125238682,13.55416676378335,13.645,0,0,6513,6661,0,0,0,0,NaN,NaN,0.8632659916596366,NaN,NaN,NaN,13.356149188042194,13.207175165199999,NaN,NaN,NaN,NaN,NaN,NaN,NaN,NaN,NaN,NaN,1,0,0,0,0,NaN,NaN,0.8632659916596366,NaN,NaN,NaN,13.356149188042194,13.207175165199999,NaN,NaN,NaN,NaN,NaN,NaN,NaN,NaN,NaN,NaN,1
2022-01-25,13.812671688602636,14.03,13.53,13.745,13.90987682974074,13.557080248305741,13.745,0,0,6513,6662,0,0,0,0,NaN,NaN,1.8718291731774979,NaN,NaN,NaN,13.356149188042194,13.207175165199999,NaN,NaN,NaN,NaN,NaN,NaN,NaN,NaN,NaN,NaN,1,0,0,0,0,NaN,NaN,1.8718291731774979,NaN,NaN,NaN,13.356149188042194,13.207175165199999,NaN,NaN,NaN,NaN,NaN,NaN,NaN,NaN,NaN,NaN,1
2022-01-26,13.778835844301318,14.1153,13.59,13.893825,13.906958315242424,13.562221389552981,13.893825,0,0,6513,6663,0,0,0,0,NaN,NaN,3.2450432306303263,NaN,NaN,NaN,13.356149188042194,13.207175165199999,NaN,NaN,NaN,NaN,NaN,NaN,NaN,NaN,NaN,NaN,1,0,0,0,0,NaN,NaN,3.2450432306303263,NaN,NaN,NaN,13.356149188042194,13.207175165199999,NaN,NaN,NaN,NaN,NaN,NaN,NaN,NaN,NaN,NaN,1
2022-01-27,13.83633042215066,13.83633042215066,13.5,13.6525,13.860693167016528,13.563599688949118,13.6525,0,0,6513,6664,0,0,0,0,NaN,NaN,4.94977666374129,NaN,NaN,NaN,13.356149188042194,13.207175165199999,NaN,NaN,NaN,NaN,NaN,NaN,NaN,NaN,NaN,NaN,1,0,0,0,0,NaN,NaN,4.94977666374129,NaN,NaN,NaN,13.356149188042194,13.207175165199999,NaN,NaN,NaN,NaN,NaN,NaN,NaN,NaN,NaN,NaN,1
2022-01-28,13.74441521107533,13.74441521107533,13.27,13.465,13.788748954831705,13.562094350186536,13.465,0,0,6513,6665,0,0,0,0,NaN,NaN,6.75010411527863,NaN,NaN,NaN,13.356149188042194,13.207175165199999,NaN,NaN,NaN,NaN,NaN,NaN,NaN,NaN,NaN,NaN,1,0,0,0,0,NaN,NaN,6.75010411527863,NaN,NaN,NaN,13.356149188042194,13.207175165199999,NaN,NaN,NaN,NaN,NaN,NaN,NaN,NaN,NaN,NaN,1
2022-01-31,13.604707605537666,13.95,13.3,13.579999999999998,13.750794599407758,13.562367718885978,13.58,0,0,6513,6666,0,0,0,0,NaN,NaN,8.912481510780413,NaN,NaN,NaN,13.356149188042194,13.207175165199999,NaN,NaN,NaN,NaN,NaN,NaN,NaN,NaN,NaN,NaN,1,0,0,0,0,NaN,NaN,8.912481510780413,NaN,NaN,NaN,13.356149188042194,13.207175165199999,NaN,NaN,NaN,NaN,NaN,NaN,NaN,NaN,NaN,NaN,1
2022-02-01,13.592353802768832,14.1,13.592353802768832,13.967500000000001,13.79019558133362,13.568552944551842,13.967500000000003,0,0,6513,6667,0,0,0,0,NaN,NaN,11.29940207807838,NaN,NaN,NaN,13.356149188042194,13.207175165199999,NaN,NaN,NaN,NaN,NaN,NaN,NaN,NaN,NaN,NaN,1,0,0,0,0,NaN,NaN,11.29940207807838,NaN,NaN,NaN,13.356149188042194,13.207175165199999,NaN,NaN,NaN,NaN,NaN,NaN,NaN,NaN,NaN,NaN,1
2022-02-02,13.779926901384417,14.16,13.49,13.84,13.799250930182053,13.572697174406011,13.84,0,0,6513,6668,0,0,0,0,NaN,NaN,13.691041472150584,NaN,NaN,NaN,13.356149188042194,13.207175165199999,NaN,NaN,NaN,NaN,NaN,NaN,NaN,NaN,NaN,NaN,1,0,0,0,0,NaN,NaN,13.691041472150584,NaN,NaN,NaN,13.356149188042194,13.207175165199999,NaN,NaN,NaN,NaN,NaN,NaN,NaN,NaN,NaN,NaN,1
2022-02-03,13.809963450692209,14.0999,13.3488,13.617175,13.766146215603499,13.57337622517844,13.617175,0,0,6513,6669,0,0,0,0,NaN,NaN,15.754138287704855,NaN,NaN,NaN,13.356149188042194,13.207175165199999,NaN,NaN,NaN,NaN,NaN,NaN,NaN,NaN,NaN,NaN,1,0,0,0,0,NaN,NaN,15.754138287704855,NaN,NaN,NaN,13.356149188042194,13.207175165199999,NaN,NaN,NaN,NaN,NaN,NaN,NaN,NaN,NaN,NaN,1
2022-02-04,13.713569225346104,13.8,13.46,13.615,13.738665085493771,13.57401170265663,13.615,0,0,6513,6670,0,0,0,0,NaN,NaN,17.9211338204006,NaN,NaN,NaN,13.356149188042194,13.207175165199999,NaN,NaN,NaN,NaN,NaN,NaN,NaN,NaN,NaN,NaN,1,0,0,0,0,NaN,NaN,17.9211338204006,NaN,NaN,NaN,13.356149188042194,13.207175165199999,NaN,NaN,NaN,NaN,NaN,NaN,NaN,NaN,NaN,NaN,1
2022-02-07,13.664284612673052,13.81,13.46,13.665000000000001,13.725271433585814,13.575400836967216,13.665000000000001,0,0,6513,6671,0,0,0,0,NaN,NaN,20.16746659530543,NaN,NaN,NaN,13.356149188042194,13.207175165199999,NaN,NaN,NaN,NaN,NaN,NaN,NaN,NaN,NaN,NaN,1,0,0,0,0,NaN,NaN,20.16746659530543,NaN,NaN,NaN,13.356149188042194,13.207175165199999,NaN,NaN,NaN,NaN,NaN,NaN,NaN,NaN,NaN,NaN,1
2022-02-08,13.664642306336527,13.9868,13.45,13.6217,13.70644026384294,13.576107694418099,13.6217,0,0,6513,6672,0,0,0,0,NaN,NaN,22.374963183085303,NaN,NaN,NaN,13.356149188042194,13.207175165199999,NaN,NaN,NaN,NaN,NaN,NaN,NaN,NaN,NaN,NaN,1,0,0,0,0,NaN,NaN,22.374963183085303,NaN,NaN,NaN,13.356149188042194,13.207175165199999,NaN,NaN,NaN,NaN,NaN,NaN,NaN,NaN,NaN,NaN,1
2022-02-09,13.643171153168264,13.78,13.3,13.575,13.682542034053315,13.576090783052937,13.575,0,0,6513,6673,0,0,0,0,NaN,NaN,24.622531850528773,NaN,NaN,NaN,13.356149188042194,13.207175165199999,NaN,NaN,NaN,NaN,NaN,NaN,NaN,NaN,NaN,NaN,1,0,0,0,0,NaN,NaN,24.622531850528773,NaN,NaN,NaN,13.356149188042194,13.207175165199999,NaN,NaN,NaN,NaN,NaN,NaN,NaN,NaN,NaN,NaN,1
2022-02-10,13.609085576584132,13.9999,13.609085576584132,13.803799999999999,13.704588936952712,13.579567259647549,13.803799999999999,0,0,6513,6674,0,0,0,0,NaN,NaN,27.937708889999218,NaN,NaN,NaN,13.356149188042194,13.207175165199999,NaN,NaN,NaN,NaN,NaN,NaN,NaN,NaN,NaN,NaN,1,0,0,0,0,NaN,NaN,27.937708889999218,NaN,NaN,NaN,13.356149188042194,13.207175165199999,NaN,NaN,NaN,NaN,NaN,NaN,NaN,NaN,NaN,NaN,1
2022-02-11,13.706442788292065,13.77,13.28,13.559999999999999,13.678300039324945,13.579268522859037,13.559999999999999,0,0,6513,6675,0,0,0,0,NaN,NaN,30.69352152415476,NaN,NaN,NaN,13.356149188042194,13.207175165199999,NaN,NaN,NaN,NaN,NaN,NaN,NaN,NaN,NaN,NaN,1,0,0,0,0,NaN,NaN,30.69352152415476,NaN,NaN,NaN,13.356149188042194,13.207175165199999,NaN,NaN,NaN,NaN,NaN,NaN,NaN,NaN,NaN,NaN,1
2022-02-14,13.633221394146032,13.66,13.2757,13.428925,13.632959123084046,13.576973201899357,13.428925000000001,0,0,6513,6676,0,0,0,0,NaN,NaN,32.961044946886275,NaN,NaN,NaN,13.356149188042194,13.207175165199999,NaN,NaN,NaN,NaN,NaN,NaN,NaN,NaN,NaN,NaN,1,0,0,0,0,NaN,NaN,32.961044946886275,NaN,NaN,NaN,13.356149188042194,13.207175165199999,NaN,NaN,NaN,NaN,NaN,NaN,NaN,NaN,NaN,NaN,1
2022-02-15,13.531073197073017,14.02,13.48,13.74,13.652421100705128,13.579462160648985,13.74,0,0,6513,6677,0,0,0,0,NaN,NaN,35.46040697285006,NaN,NaN,NaN,13.356149188042194,13.207175165199999,NaN,NaN,NaN,NaN,NaN,NaN,NaN,NaN,NaN,NaN,1,0,0,0,0,NaN,NaN,35.46040697285006,NaN,NaN,NaN,13.356149188042194,13.207175165199999,NaN,NaN,NaN,NaN,NaN,NaN,NaN,NaN,NaN,NaN,1
2022-02-16,13.635536598536508,14.23,13.635536598536508,14.024999999999999,13.720162718758742,13.586264265066557,14.025,0,0,6513,6678,0,0,0,0,NaN,NaN,38.32033555225464,NaN,NaN,NaN,13.356149188042194,13.207175165199999,NaN,NaN,NaN,NaN,NaN,NaN,NaN,NaN,NaN,NaN,1,0,0,0,0,NaN,NaN,38.32033555225464,NaN,NaN,NaN,13.356149188042194,13.207175165199999,NaN,NaN,NaN,NaN,NaN,NaN,NaN,NaN,NaN,NaN,1
2022-02-17,13.830268299268253,14.23,13.82,14.0025,13.771496769893515,13.592619009111342,14.0025,0,0,6513,6679,0,0,0,0,NaN,NaN,40.698176875276374,NaN,NaN,NaN,13.356149188042194,13.207175165199999,NaN,NaN,NaN,NaN,NaN,NaN,NaN,NaN,NaN,NaN,1,0,0,0,0,NaN,NaN,40.698176875276374,NaN,NaN,NaN,13.356149188042194,13.207175165199999,NaN,NaN,NaN,NaN,NaN,NaN,NaN,NaN,NaN,NaN,1
2022-02-18,13.916384149634126,14.24,13.39,13.77,13.771224629912876,13.595327115842467,13.77,0,0,6513,6680,0,0,0,0,NaN,NaN,42.55175864083663,NaN,NaN,NaN,13.356149188042194,13.207175165199999,NaN,NaN,NaN,NaN,NaN,NaN,NaN,NaN,NaN,NaN,1,0,0,0,0,NaN,NaN,42.55175864083663,NaN,NaN,NaN,13.356149188042194,13.207175165199999,NaN,NaN,NaN,NaN,NaN,NaN,NaN,NaN,NaN,NaN,1
2022-02-22,13.843192074817063,13.843192074817063,13.12,13.34,13.692820151746899,13.591428991936475,13.34,0,0,6513,6681,0,0,0,0,NaN,NaN,43.625880271655824,NaN,NaN,NaN,13.356149188042194,13.207175165199999,NaN,NaN,NaN,NaN,NaN,NaN,NaN,NaN,NaN,NaN,1,0,0,0,0,NaN,NaN,43.625880271655824,NaN,NaN,NaN,13.356149188042194,13.207175165199999,NaN,NaN,NaN,NaN,NaN,NaN,NaN,NaN,NaN,NaN,1
2022-02-23,13.591596037408532,13.591596037408532,12.51,13.025224999999999,13.571439215065645,13.582784656181719,13.025224999999999,0,0,6513,6682,0,0,0,0,NaN,NaN,44.01558453844333,NaN,NaN,NaN,13.356149188042194,13.207175165199999,NaN,NaN,NaN,NaN,NaN,NaN,NaN,NaN,NaN,NaN,1,0,0,0,0,NaN,NaN,44.01558453844333,NaN,NaN,NaN,13.356149188042194,13.207175165199999,NaN,NaN,NaN,NaN,NaN,NaN,NaN,NaN,NaN,NaN,1
2022-02-24,13.308410518704266,13.308410518704266,11.4215,11.965375000000002,13.279427539599164,13.558091378988104,11.965375000000002,0,0,6513,6683,0,0,0,0,NaN,NaN,40.72267074681237,NaN,NaN,NaN,13.356149188042194,13.0032675,NaN,NaN,NaN,NaN,NaN,NaN,NaN,NaN,NaN,NaN,1,0,0,0,0,NaN,NaN,40.72267074681237,NaN,NaN,NaN,13.356149188042194,13.0032675,NaN,NaN,NaN,NaN,NaN,NaN,NaN,NaN,NaN,NaN,1
2022-02-25,12.636892759352133,12.64,11.54,12.142500000000002,13.072713441490226,13.536479296866148,12.142500000000002,0,0,6513,6684,0,0,0,0,NaN,NaN,37.9596041489111,NaN,NaN,NaN,13.356149188042194,13.0032675,NaN,NaN,NaN,NaN,NaN,NaN,NaN,NaN,NaN,NaN,1,0,0,0,0,NaN,NaN,37.9596041489111,NaN,NaN,NaN,13.356149188042194,13.0032675,NaN,NaN,NaN,NaN,NaN,NaN,NaN,NaN,NaN,NaN,1
2022-02-28,12.389696379676067,12.72,12.01,12.3675,12.94449281576473,13.518632284700253,12.367500000000001,0,0,6513,6685,0,0,0,0,NaN,NaN,36.19072381466445,NaN,NaN,NaN,13.356149188042194,13.0032675,NaN,NaN,NaN,NaN,NaN,NaN,NaN,NaN,NaN,NaN,1,0,0,0,0,NaN,NaN,36.19072381466445,NaN,NaN,NaN,13.356149188042194,13.0032675,NaN,NaN,NaN,NaN,NaN,NaN,NaN,NaN,NaN,NaN,1
2022-03-01,12.378598189838034,12.378598189838034,11.45,11.906274999999999,12.755725940171143,13.494016142949103,11.906274999999999,0,0,6513,6686,0,0,0,0,NaN,NaN,32.69598872834131,NaN,NaN,NaN,13.356149188042194,12.941694224999999,NaN,NaN,NaN,NaN,NaN,NaN,NaN,NaN,NaN,NaN,1,0,0,0,0,NaN,NaN,32.69598872834131,NaN,NaN,NaN,13.356149188042194,12.941694224999999,NaN,NaN,NaN,NaN,NaN,NaN,NaN,NaN,NaN,NaN,1
2022-03-02,12.142436594919015,12.4,11.805,12.091249999999999,12.634912132867298,13.472599865957514,12.091249999999999,0,0,6513,6687,0,0,0,0,NaN,NaN,29.493347508114713,NaN,NaN,NaN,13.356149188042194,12.941694224999999,NaN,NaN,NaN,NaN,NaN,NaN,NaN,NaN,NaN,NaN,1,0,0,0,0,NaN,NaN,29.493347508114713,NaN,NaN,NaN,13.356149188042194,12.941694224999999,NaN,NaN,NaN,NaN,NaN,NaN,NaN,NaN,NaN,NaN,1
2022-03-03,12.116843297459507,12.4,11.9778,12.23195,12.561646290527788,13.453658646629918,12.23195,0,0,6513,6688,0,0,0,0,NaN,NaN,26.55720040945418,NaN,NaN,NaN,13.356149188042194,12.941694224999999,NaN,NaN,NaN,NaN,NaN,NaN,NaN,NaN,NaN,NaN,1,0,0,0,0,NaN,NaN,26.55720040945418,NaN,NaN,NaN,13.356149188042194,12.941694224999999,NaN,NaN,NaN,NaN,NaN,NaN,NaN,NaN,NaN,NaN,1
2022-03-04,12.174396648729754,12.37,11.6,11.8925,12.439983328613645,13.429824163475264,11.8925,0,0,6513,6689,0,0,0,0,NaN,NaN,22.594782637429876,NaN,NaN,NaN,13.356149188042194,12.872268321499998,NaN,NaN,NaN,NaN,NaN,NaN,NaN,NaN,NaN,NaN,1,0,0,0,0,NaN,NaN,22.594782637429876,NaN,NaN,NaN,13.356149188042194,12.872268321499998,NaN,NaN,NaN,NaN,NaN,NaN,NaN,NaN,NaN,NaN,1
2022-03-07,12.033448324364876,12.033448324364876,10.9,11.30435,12.233504541592982,13.397374176246634,11.30435,0,0,6513,6690,0,0,0,0,NaN,NaN,17.760358828192132,NaN,NaN,NaN,13.356149188042194,12.463547422565,NaN,NaN,NaN,NaN,NaN,NaN,NaN,NaN,NaN,NaN,1,0,0,0,0,NaN,NaN,17.760358828192132,NaN,NaN,NaN,13.356149188042194,12.463547422565,NaN,NaN,NaN,NaN,NaN,NaN,NaN,NaN,NaN,NaN,1
2022-03-08,11.668899162182438,11.78,10.95,11.337499999999999,12.070594624939712,13.365925715540579,11.337499999999999,0,0,6513,6691,0,0,0,0,NaN,NaN,13.659028632640155,NaN,NaN,NaN,13.356149188042194,12.463547422565,NaN,NaN,NaN,NaN,NaN,NaN,NaN,NaN,NaN,NaN,1,0,0,0,0,NaN,NaN,13.659028632640155,NaN,NaN,NaN,13.356149188042194,12.463547422565,NaN,NaN,NaN,NaN,NaN,NaN,NaN,NaN,NaN,NaN,1
2022-03-09,11.503199581091218,11.9351,11.25,11.631275,11.990718329496127,13.339442498509424,11.631275,0,0,6513,6692,0,0,0,0,NaN,NaN,10.58321768926972,NaN,NaN,NaN,13.356149188042194,12.463547422565,NaN,NaN,NaN,NaN,NaN,NaN,NaN,NaN,NaN,NaN,1,0,0,0,0,NaN,NaN,10.58321768926972,NaN,NaN,NaN,13.356149188042194,12.463547422565,NaN,NaN,NaN,NaN,NaN,NaN,NaN,NaN,NaN,NaN,1
2022-03-10,11.56723729054561,11.6,11.33,11.47375,11.89672408776956,13.310958643570348,11.47375,0,0,6513,6693,0,0,0,0,NaN,NaN,7.6963133264502765,NaN,NaN,NaN,13.356149188042194,12.463547422565,NaN,NaN,NaN,NaN,NaN,NaN,NaN,NaN,NaN,NaN,1,0,0,0,0,NaN,NaN,7.6963133264502765,NaN,NaN,NaN,13.356149188042194,12.463547422565,NaN,NaN,NaN,NaN,NaN,NaN,NaN,NaN,NaN,NaN,1
2022-03-11,11.520493645272804,11.7816,11.3,11.552900000000001,11.834210617266004,13.284118053592175,11.552900000000001,0,0,6513,6694,0,0,0,0,NaN,NaN,5.196475628512583,NaN,NaN,NaN,12.865350270263065,12.463547422565,NaN,NaN,NaN,NaN,NaN,NaN,NaN,NaN,NaN,NaN,1,0,0,0,0,NaN,NaN,5.196475628512583,NaN,NaN,NaN,12.865350270263065,12.463547422565,NaN,NaN,NaN,NaN,NaN,NaN,NaN,NaN,NaN,NaN,1
2022-03-14,11.536696822636403,11.7799,11.02,11.354974999999998,11.747076868672185,13.254665487888477,11.354974999999998,0,0,6513,6695,0,0,0,0,NaN,NaN,3.0485928061297733,NaN,NaN,NaN,12.39314893445384,12.463547422565,NaN,NaN,NaN,NaN,NaN,NaN,NaN,NaN,NaN,NaN,1,0,0,0,0,NaN,NaN,3.0485928061297733,NaN,NaN,NaN,12.39314893445384,12.463547422565,NaN,NaN,NaN,NaN,NaN,NaN,NaN,NaN,NaN,NaN,1
2022-03-15,11.4458359113182,11.4458359113182,10.57,11.03125,11.616926528913606,13.220720213264226,11.03125,0,0,6513,6696,0,0,0,0,NaN,NaN,1.3273932784786011,NaN,NaN,NaN,12.071896629005611,12.1715077318572,NaN,NaN,NaN,NaN,NaN,NaN,NaN,NaN,NaN,NaN,1,0,0,0,0,NaN,NaN,1.3273932784786011,NaN,NaN,NaN,12.071896629005611,12.1715077318572,NaN,NaN,NaN,NaN,NaN,NaN,NaN,NaN,NaN,NaN,1
2022-03-16,11.2385429556591,11.78,11.2385429556591,11.42,11.581121705474768,13.193228301611336,11.42,0,0,6513,6697,0,0,0,0,NaN,NaN,0.4351463841074814,NaN,NaN,NaN,12.071896629005611,12.1715077318572,NaN,NaN,NaN,NaN,NaN,NaN,NaN,NaN,NaN,NaN,1,0,0,0,0,NaN,NaN,0.4351463841074814,NaN,NaN,NaN,12.071896629005611,12.1715077318572,NaN,NaN,NaN,NaN,NaN,NaN,NaN,NaN,NaN,NaN,1
2022-03-17,11.32927147782955,11.5698,11.25,11.414950000000001,11.550908668115719,13.166079014563834,11.414950000000001,0,0,6513,6698,0,0,0,0,NaN,NaN,0.03856143058938794,NaN,NaN,NaN,12.071896629005611,12.1715077318572,NaN,NaN,NaN,NaN,NaN,NaN,NaN,NaN,NaN,NaN,1,0,0,0,0,NaN,NaN,0.03856143058938794,NaN,NaN,NaN,12.071896629005611,12.1715077318572,NaN,NaN,NaN,NaN,NaN,NaN,NaN,NaN,NaN,NaN,1
2022-03-18,11.372110738914776,11.955,11.33,11.543750000000001,11.549607092094679,13.141310632662096,11.543750000000001,0,0,6513,6699,0,0,0,0,NaN,NaN,0.0632628110678462,NaN,NaN,NaN,12.071896629005611,12.1715077318572,NaN,NaN,NaN,NaN,NaN,NaN,NaN,NaN,NaN,NaN,1,0,0,0,0,NaN,NaN,0.0632628110678462,NaN,NaN,NaN,12.071896629005611,12.1715077318572,NaN,NaN,NaN,NaN,NaN,NaN,NaN,NaN,NaN,NaN,1
2022-03-21,11.457930369457388,11.9218,11.38,11.675450000000001,11.572487620804738,13.118931081018399,11.675450000000001,0,0,6513,6700,0,0,0,0,NaN,NaN,0.44707068465938626,NaN,NaN,NaN,12.071896629005611,12.1715077318572,NaN,NaN,NaN,NaN,NaN,NaN,NaN,NaN,NaN,NaN,1,0,0,0,0,NaN,NaN,0.44707068465938626,NaN,NaN,NaN,12.071896629005611,12.1715077318572,NaN,NaN,NaN,NaN,NaN,NaN,NaN,NaN,NaN,NaN,1
2022-03-22,11.566690184728696,12.14,11.566690184728696,11.875,11.627489871567512,13.099939766804377,11.875,0,0,6513,6701,0,0,0,0,NaN,NaN,1.0519560512089778,NaN,NaN,NaN,12.071896629005611,12.1715077318572,NaN,NaN,NaN,NaN,NaN,NaN,NaN,NaN,NaN,NaN,1,0,0,0,0,NaN,NaN,1.0519560512089778,NaN,NaN,NaN,12.071896629005611,12.1715077318572,NaN,NaN,NaN,NaN,NaN,NaN,NaN,NaN,NaN,NaN,1
2022-03-23,11.720845092364348,12.025,11.56,11.78125,11.655446258555237,13.07980709860889,11.78125,0,0,6513,6702,0,0,0,0,NaN,NaN,1.9623806725229496,NaN,NaN,NaN,12.071896629005611,12.1715077318572,NaN,NaN,NaN,NaN,NaN,NaN,NaN,NaN,NaN,NaN,1,0,0,0,0,NaN,NaN,1.9623806725229496,NaN,NaN,NaN,12.071896629005611,12.1715077318572,NaN,NaN,NaN,NaN,NaN,NaN,NaN,NaN,NaN,NaN,1
2022-03-24,11.751047546182175,12.07,11.57,11.8125,11.684001484272466,13.060458898630129,11.8125,0,0,6513,6703,0,0,0,0,NaN,NaN,3.2096687768239622,NaN,NaN,NaN,12.071896629005611,12.1715077318572,NaN,NaN,NaN,NaN,NaN,NaN,NaN,NaN,NaN,NaN,1,0,0,0,0,NaN,NaN,3.2096687768239622,NaN,NaN,NaN,12.071896629005611,12.1715077318572,NaN,NaN,NaN,NaN,NaN,NaN,NaN,NaN,NaN,NaN,1
2022-03-25,11.781773773091087,12.015,11.781773773091087,11.92375,11.727592123495654,13.043104564299899,11.92375,0,0,6513,6704,0,0,0,0,NaN,NaN,4.739058529289012,NaN,NaN,NaN,12.071896629005611,12.1715077318572,NaN,NaN,NaN,NaN,NaN,NaN,NaN,NaN,NaN,NaN,1,0,0,0,0,NaN,NaN,4.739058529289012,NaN,NaN,NaN,12.071896629005611,12.1715077318572,NaN,NaN,NaN,NaN,NaN,NaN,NaN,NaN,NaN,NaN,1
2022-03-28,11.852761886545544,12.09,11.83,11.9825,11.773939010132809,13.026912128203717,11.9825,0,0,6513,6705,0,0,0,0,NaN,NaN,6.864105414000074,NaN,NaN,NaN,12.071896629005611,12.1715077318572,NaN,NaN,NaN,NaN,NaN,NaN,NaN,NaN,NaN,NaN,1,0,0,0,0,NaN,NaN,6.864105414000074,NaN,NaN,NaN,12.071896629005611,12.1715077318572,NaN,NaN,NaN,NaN,NaN,NaN,NaN,NaN,NaN,NaN,1
2022-03-29,11.917630943272773,12.02,11.76,11.8625,11.79004100829048,13.009134843803661,11.862500000000002,0,0,6513,6706,0,0,0,0,NaN,NaN,9.772331562556802,NaN,NaN,NaN,12.071896629005611,12.1715077318572,NaN,NaN,NaN,NaN,NaN,NaN,NaN,NaN,NaN,NaN,1,0,0,0,0,NaN,NaN,9.772331562556802,NaN,NaN,NaN,12.071896629005611,12.1715077318572,NaN,NaN,NaN,NaN,NaN,NaN,NaN,NaN,NaN,NaN,1
2022-03-30,11.890065471636387,12.09,11.6301,11.847525,11.800492643146756,12.991400342371545,11.847525,0,0,6513,6707,0,0,0,0,NaN,NaN,13.328892928493516,NaN,NaN,NaN,12.071896629005611,12.1715077318572,NaN,NaN,NaN,NaN,NaN,NaN,NaN,NaN,NaN,NaN,1,0,0,0,0,NaN,NaN,13.328892928493516,NaN,NaN,NaN,12.071896629005611,12.1715077318572,NaN,NaN,NaN,NaN,NaN,NaN,NaN,NaN,NaN,NaN,1
2022-03-31,11.868795235818194,11.9211,11.54,11.690275,11.780453071665526,12.971535833327705,11.690275,0,0,6513,6708,0,0,0,0,NaN,NaN,18.083880364141162,NaN,NaN,NaN,12.071896629005611,12.1715077318572,NaN,NaN,NaN,NaN,NaN,NaN,NaN,NaN,NaN,NaN,1,0,0,0,0,NaN,NaN,18.083880364141162,NaN,NaN,NaN,12.071896629005611,12.1715077318572,NaN,NaN,NaN,NaN,NaN,NaN,NaN,NaN,NaN,NaN,1
2022-04-01,11.779535117909097,11.99,11.5,11.6525,11.75718887681725,12.951397881673847,11.6525,0,0,6513,6709,0,0,0,0,NaN,NaN,23.87958060965949,NaN,NaN,NaN,12.071896629005611,12.1715077318572,NaN,NaN,NaN,NaN,NaN,NaN,NaN,NaN,NaN,NaN,1,0,0,0,0,NaN,NaN,23.87958060965949,NaN,NaN,NaN,12.071896629005611,12.1715077318572,NaN,NaN,NaN,NaN,NaN,NaN,NaN,NaN,NaN,NaN,1
2022-04-04,11.716017558954547,11.96,11.55,11.7025,11.747245444668659,12.932330738442186,11.7025,0,0,6513,6710,0,0,0,0,NaN,NaN,31.050827421142124,NaN,NaN,NaN,12.071896629005611,12.1715077318572,NaN,NaN,NaN,NaN,NaN,NaN,NaN,NaN,NaN,NaN,1,0,0,0,0,NaN,NaN,31.050827421142124,NaN,NaN,NaN,12.071896629005611,12.1715077318572,NaN,NaN,NaN,NaN,NaN,NaN,NaN,NaN,NaN,NaN,1
2022-04-05,11.709258779477274,11.75,11.549,11.66975,11.733155363819812,12.913054696633909,11.66975,0,0,6513,6711,0,0,0,0,NaN,NaN,39.45542264791103,NaN,NaN,NaN,12.071896629005611,12.1715077318572,NaN,NaN,NaN,NaN,NaN,NaN,NaN,NaN,NaN,NaN,1,0,0,0,0,NaN,NaN,39.45542264791103,NaN,NaN,NaN,12.071896629005611,12.1715077318572,NaN,NaN,NaN,NaN,NaN,NaN,NaN,NaN,NaN,NaN,1
2022-04-06,11.689504389738637,11.795,11.5,11.66625,11.72099075221621,12.894019510425757,11.66625,0,0,6513,6712,0,0,0,0,NaN,NaN,49.536313771614374,NaN,NaN,NaN,12.071896629005611,12.1715077318572,NaN,NaN,NaN,NaN,NaN,NaN,NaN,NaN,NaN,NaN,1,0,0,0,0,NaN,NaN,49.536313771614374,NaN,NaN,NaN,12.071896629005611,12.1715077318572,NaN,NaN,NaN,NaN,NaN,NaN,NaN,NaN,NaN,NaN,1
2022-04-07,11.677877194869318,11.75,11.46,11.584425,11.696160615449626,12.87402570110628,11.584425,0,0,6513,6713,0,0,0,0,NaN,NaN,61.73500216721132,NaN,NaN,NaN,12.071896629005611,12.1715077318572,NaN,NaN,NaN,NaN,NaN,NaN,NaN,NaN,NaN,NaN,1,0,0,0,0,NaN,NaN,61.73500216721132,NaN,NaN,NaN,12.071896629005611,12.1715077318572,NaN,NaN,NaN,NaN,NaN,NaN,NaN,NaN,NaN,NaN,1
2022-04-08,11.631151097434659,11.9055,11.07,11.416375,11.645290503549694,12.851771491929085,11.416375,0,0,6513,6714,0,0,0,0,NaN,NaN,71.19695537173891,NaN,NaN,NaN,12.071896629005611,12.1715077318572,NaN,NaN,NaN,NaN,NaN,NaN,NaN,NaN,NaN,NaN,1,0,0,0,0,NaN,NaN,71.19695537173891,NaN,NaN,NaN,12.071896629005611,12.1715077318572,NaN,NaN,NaN,NaN,NaN,NaN,NaN,NaN,NaN,NaN,1
2022-04-11,11.52376304871733,11.52376304871733,10.88,11.085,11.543419502904294,12.824797881365283,11.085,0,0,6513,6715,0,0,0,0,NaN,NaN,78.53027139276048,NaN,NaN,NaN,12.071896629005611,12.1715077318572,NaN,NaN,NaN,NaN,NaN,NaN,NaN,NaN,NaN,NaN,1,0,0,0,0,NaN,NaN,78.53027139276048,NaN,NaN,NaN,12.071896629005611,12.1715077318572,NaN,NaN,NaN,NaN,NaN,NaN,NaN,NaN,NaN,NaN,1
2022-04-12,11.304381524358664,11.304381524358664,10.9349,11.093725,11.461656866012603,12.798369287756653,11.093725,0,0,6513,6716,0,0,0,0,NaN,NaN,83.23120530922932,NaN,NaN,NaN,12.071896629005611,12.1715077318572,NaN,NaN,NaN,NaN,NaN,NaN,NaN,NaN,NaN,NaN,1,0,0,0,0,NaN,NaN,83.23120530922932,NaN,NaN,NaN,12.071896629005611,12.1715077318572,NaN,NaN,NaN,NaN,NaN,NaN,NaN,NaN,NaN,NaN,1
2022-04-13,11.199053262179332,11.245,10.75,10.97125,11.372491981283039,12.770474336798536,10.97125,0,0,6513,6717,0,0,0,0,NaN,NaN,84.67595716426695,NaN,NaN,NaN,12.071896629005611,11.965969072078618,NaN,NaN,NaN,NaN,NaN,NaN,NaN,NaN,NaN,NaN,1,0,0,0,0,NaN,NaN,84.67595716426695,NaN,NaN,NaN,12.071896629005611,11.965969072078618,NaN,NaN,NaN,NaN,NaN,NaN,NaN,NaN,NaN,NaN,1
2022-04-14,11.085151631089666,11.085151631089666,10.79,10.92,11.29022071195885,12.742222820206191,10.92,0,0,6513,6718,0,0,0,0,NaN,NaN,84.84913347332045,NaN,NaN,NaN,12.071896629005611,11.756682139104468,NaN,NaN,NaN,NaN,NaN,NaN,NaN,NaN,NaN,NaN,1,0,0,0,0,NaN,NaN,84.84913347332045,NaN,NaN,NaN,12.071896629005611,11.756682139104468,NaN,NaN,NaN,NaN,NaN,NaN,NaN,NaN,NaN,NaN,1
2022-04-18,11.002575815544834,11.01,10.65,10.83,11.206544218875424,12.713028578676326,10.83,0,0,6513,6719,0,0,0,1,NaN,NaN,85.14289953639405,NaN,NaN,NaN,12.071896629005611,11.52652888989253,NaN,NaN,NaN,NaN,NaN,NaN,NaN,NaN,NaN,NaN,1,0,0,0,1,NaN,NaN,85.14289953639405,NaN,NaN,NaN,12.071896629005611,11.52652888989253,NaN,NaN,NaN,NaN,NaN,NaN,NaN,NaN,NaN,NaN,1
2022-04-19,10.916287907772418,11.2,10.88,11.0325,11.174899815443528,12.687371653811038,11.0325,0,0,6513,6720,0,0,0,0,NaN,NaN,85.51344500304985,NaN,NaN,NaN,12.071896629005611,11.52652888989253,NaN,NaN,NaN,NaN,NaN,NaN,NaN,NaN,NaN,NaN,1,0,0,0,0,NaN,NaN,85.51344500304985,NaN,NaN,NaN,12.071896629005611,11.52652888989253,NaN,NaN,NaN,NaN,NaN,NaN,NaN,NaN,NaN,NaN,1
2022-04-20,10.97439395388621,11.2,10.84,10.9525,11.134463485362886,12.660885063676519,10.9525,0,0,6513,6721,0,0,0,0,NaN,NaN,85.46308317565024,NaN,NaN,NaN,12.071896629005611,11.52652888989253,NaN,NaN,NaN,NaN,NaN,NaN,NaN,NaN,NaN,NaN,1,0,0,0,0,NaN,NaN,85.46308317565024,NaN,NaN,NaN,12.071896629005611,11.52652888989253,NaN,NaN,NaN,NaN,NaN,NaN,NaN,NaN,NaN,NaN,1
2022-04-21,10.963446976943105,10.98,10.66,10.85,11.082742851660543,12.633237963467717,10.85,0,0,6513,6722,0,0,0,0,NaN,NaN,85.58601125661838,NaN,NaN,NaN,12.071896629005611,11.52652888989253,NaN,NaN,NaN,NaN,NaN,NaN,NaN,NaN,NaN,NaN,1,0,0,0,0,NaN,NaN,85.58601125661838,NaN,NaN,NaN,12.071896629005611,11.52652888989253,NaN,NaN,NaN,NaN,NaN,NaN,NaN,NaN,NaN,NaN,1
2022-04-22,10.906723488471552,11.2,10.77,10.91,11.051335060449535,12.606928986926226,10.910000000000002,0,0,6513,6723,0,0,0,0,NaN,NaN,85.4277346416188,NaN,NaN,NaN,12.071896629005611,11.52652888989253,NaN,NaN,NaN,NaN,NaN,NaN,NaN,NaN,NaN,NaN,1,0,0,0,0,NaN,NaN,85.4277346416188,NaN,NaN,NaN,12.071896629005611,11.52652888989253,NaN,NaN,NaN,NaN,NaN,NaN,NaN,NaN,NaN,NaN,1
2022-04-25,10.908361744235776,10.908361744235776,10.66,10.759975,10.998360504004165,12.578731216133459,10.759975,0,1,6513,6724,0,0,0,0,NaN,NaN,85.38299575291794,NaN,NaN,NaN,12.071896629005611,11.315946456318324,NaN,NaN,NaN,NaN,NaN,NaN,NaN,NaN,NaN,NaN,1,0,0,0,0,NaN,NaN,85.38299575291794,NaN,NaN,NaN,12.071896629005611,11.315946456318324,NaN,NaN,NaN,NaN,NaN,NaN,NaN,NaN,NaN,NaN,1
2022-04-26,10.834168372117889,10.834168372117889,10.45,10.5725,10.920931321457953,12.548101731917681,10.5725,0,0,6513,6725,0,0,0,0,NaN,NaN,85.36497790199854,NaN,NaN,NaN,12.071896629005611,11.046787538112376,NaN,NaN,NaN,NaN,NaN,NaN,NaN,NaN,NaN,NaN,1,0,0,0,0,NaN,NaN,85.36497790199854,NaN,NaN,NaN,12.071896629005611,11.046787538112376,NaN,NaN,NaN,NaN,NaN,NaN,NaN,NaN,NaN,NaN,1
2022-04-27,10.703334186058944,10.79,10.4,10.587499999999999,10.860307444829234,12.518168881048709,10.587499999999999,0,0,6513,6726,0,0,0,0,NaN,NaN,85.39501157624741,NaN,NaN,NaN,12.071896629005611,11.046787538112376,NaN,NaN,NaN,NaN,NaN,NaN,NaN,NaN,NaN,NaN,1,0,0,0,0,NaN,NaN,85.39501157624741,NaN,NaN,NaN,12.071896629005611,11.046787538112376,NaN,NaN,NaN,NaN,NaN,NaN,NaN,NaN,NaN,NaN,1
2022-04-28,10.645417093029472,10.96,10.55,10.772499999999999,10.844342454860282,12.491517447750255,10.772499999999999,0,0,6513,6727,0,0,0,0,NaN,NaN,85.18581341952331,NaN,NaN,NaN,12.071896629005611,11.046787538112376,NaN,NaN,NaN,NaN,NaN,NaN,NaN,NaN,NaN,NaN,1,0,0,0,0,NaN,NaN,85.18581341952331,NaN,NaN,NaN,12.071896629005611,11.046787538112376,NaN,NaN,NaN,NaN,NaN,NaN,NaN,NaN,NaN,NaN,1
2022-04-29,10.708958546514737,10.87,10.56,10.7025,10.818552917612958,12.464204204273152,10.7025,0,0,6513,6728,0,0,0,0,NaN,NaN,84.95991695711771,NaN,NaN,NaN,12.071896629005611,11.046787538112376,NaN,NaN,NaN,NaN,NaN,NaN,NaN,NaN,NaN,NaN,1,0,0,0,0,NaN,NaN,84.95991695711771,NaN,NaN,NaN,12.071896629005611,11.046787538112376,NaN,NaN,NaN,NaN,NaN,NaN,NaN,NaN,NaN,NaN,1
2022-05-02,10.705729273257369,10.71,10.2012,10.4678,10.754779659865148,12.433724750772798,10.4678,0,0,6513,6729,0,0,0,0,NaN,NaN,84.89287765008615,NaN,NaN,NaN,12.071896629005611,10.836446276678664,NaN,NaN,NaN,NaN,NaN,NaN,NaN,NaN,NaN,NaN,1,0,0,0,0,NaN,NaN,84.89287765008615,NaN,NaN,NaN,12.071896629005611,10.836446276678664,NaN,NaN,NaN,NaN,NaN,NaN,NaN,NaN,NaN,NaN,1
2022-05-03,10.586764636628684,10.79,10.33,10.5225,10.712546994435122,12.404545746944207,10.5225,0,0,6513,6730,0,0,0,0,NaN,NaN,84.68852439307797,NaN,NaN,NaN,12.071896629005611,10.836446276678664,NaN,NaN,NaN,NaN,NaN,NaN,NaN,NaN,NaN,NaN,1,0,0,0,0,NaN,NaN,84.68852439307797,NaN,NaN,NaN,12.071896629005611,10.836446276678664,NaN,NaN,NaN,NaN,NaN,NaN,NaN,NaN,NaN,NaN,1
2022-05-04,10.554632318314344,10.58,10.36,10.5025,10.674356631810555,12.375506880578646,10.5025,0,0,6513,6731,0,0,0,0,NaN,NaN,84.50235938301677,NaN,NaN,NaN,12.071896629005611,10.836446276678664,NaN,NaN,NaN,NaN,NaN,NaN,NaN,NaN,NaN,NaN,1,0,0,0,0,NaN,NaN,84.50235938301677,NaN,NaN,NaN,12.071896629005611,10.836446276678664,NaN,NaN,NaN,NaN,NaN,NaN,NaN,NaN,NaN,NaN,1
2022-05-05,10.528566159157172,10.54,10.27,10.3625,10.617655426026818,12.344773951104163,10.3625,0,1,6513,6732,0,0,0,0,NaN,NaN,84.50221115132526,NaN,NaN,NaN,12.071896629005611,10.644768505374705,NaN,NaN,NaN,NaN,NaN,NaN,NaN,NaN,NaN,NaN,1,0,0,0,0,NaN,NaN,84.50221115132526,NaN,NaN,NaN,12.071896629005611,10.644768505374705,NaN,NaN,NaN,NaN,NaN,NaN,NaN,NaN,NaN,NaN,1
2022-05-06,10.445533079578587,10.445533079578587,10.1,10.195,10.540808984931033,12.311952974751428,10.195,0,0,6513,6733,0,0,0,0,NaN,NaN,84.70506271680426,NaN,NaN,NaN,12.071896629005611,10.429251843439811,NaN,NaN,NaN,NaN,NaN,NaN,NaN,NaN,NaN,NaN,1,0,0,0,0,NaN,NaN,84.70506271680426,NaN,NaN,NaN,12.071896629005611,10.429251843439811,NaN,NaN,NaN,NaN,NaN,NaN,NaN,NaN,NaN,NaN,1
2022-05-09,10.320266539789294,10.320266539789294,9.51,9.869124999999999,10.418684624034482,12.274657891167436,9.869124999999999,0,0,6513,6734,0,0,0,0,NaN,NaN,84.86640257357439,NaN,NaN,NaN,11.886316147229369,10.111410499498284,NaN,NaN,NaN,NaN,NaN,NaN,NaN,NaN,NaN,NaN,1,0,0,0,0,NaN,NaN,84.86640257357439,NaN,NaN,NaN,11.886316147229369,10.111410499498284,NaN,NaN,NaN,NaN,NaN,NaN,NaN,NaN,NaN,NaN,1
2022-05-10,10.094695769894646,10.094695769894646,9.38,9.617500000000001,10.273014692391849,12.234090595119078,9.617500000000001,0,0,6513,6735,0,0,0,0,NaN,NaN,84.90225626673352,NaN,NaN,NaN,10.605505162316748,9.830996839709005,NaN,NaN,NaN,NaN,NaN,NaN,NaN,NaN,NaN,NaN,1,0,0,0,0,NaN,NaN,84.90225626673352,NaN,NaN,NaN,10.605505162316748,9.830996839709005,NaN,NaN,NaN,NaN,NaN,NaN,NaN,NaN,NaN,NaN,1
2022-05-11,9.856097884947324,9.856097884947324,8.88,9.257525,10.088380202866057,12.188646845575274,9.257525,0,0,6513,6736,0,0,0,0,NaN,NaN,84.93881929986205,NaN,NaN,NaN,10.249130992998452,9.473941386839954,NaN,NaN,NaN,NaN,NaN,NaN,NaN,NaN,NaN,NaN,1,0,0,0,0,NaN,NaN,84.93881929986205,NaN,NaN,NaN,10.249130992998452,9.473941386839954,NaN,NaN,NaN,NaN,NaN,NaN,NaN,NaN,NaN,NaN,1
2022-05-12,9.556811442473663,9.556811442473663,8.7,8.975,9.885947438708593,12.139583534955804,8.975,0,0,6513,6737,0,0,0,0,NaN,NaN,84.99127527769257,NaN,NaN,NaN,9.9691450631551,9.160993021156775,NaN,NaN,NaN,NaN,NaN,NaN,NaN,NaN,NaN,NaN,1,0,0,0,0,NaN,NaN,84.99127527769257,NaN,NaN,NaN,9.9691450631551,9.160993021156775,NaN,NaN,NaN,NaN,NaN,NaN,NaN,NaN,NaN,NaN,1
2022-05-13,9.26590572123683,9.86,9,9.4,9.797593358943395,12.097757832132052,9.4,0,0,6513,6738,0,0,0,0,NaN,NaN,85.1776673600399,NaN,NaN,NaN,9.9691450631551,9.295874999999999,NaN,NaN,NaN,NaN,NaN,NaN,NaN,NaN,NaN,NaN,1,0,0,0,0,NaN,NaN,85.1776673600399,NaN,NaN,NaN,9.9691450631551,9.295874999999999,NaN,NaN,NaN,NaN,NaN,NaN,NaN,NaN,NaN,NaN,1
2022-05-16,9.332952860618416,10.16,9.332952860618416,9.959999999999999,9.827121839135504,12.065120307977365,9.959999999999999,0,0,6513,6739,0,0,0,0,NaN,NaN,84.92641293916039,NaN,NaN,NaN,9.9691450631551,9.587398749999998,NaN,NaN,NaN,NaN,NaN,NaN,NaN,NaN,NaN,NaN,1,0,0,0,0,NaN,NaN,84.92641293916039,NaN,NaN,NaN,9.9691450631551,9.587398749999998,NaN,NaN,NaN,NaN,NaN,NaN,NaN,NaN,NaN,NaN,1
2022-05-17,9.646476430309207,10.65,9.646476430309207,10.4,9.931281504747231,12.039698623886107,10.4,0,0,6513,6740,0,0,0,0,NaN,NaN,84.0755157472516,NaN,NaN,NaN,9.9691450631551,9.842954825,NaN,NaN,NaN,NaN,NaN,NaN,NaN,NaN,NaN,NaN,1,0,0,0,0,NaN,NaN,84.0755157472516,NaN,NaN,NaN,9.9691450631551,9.842954825,NaN,NaN,NaN,NaN,NaN,NaN,NaN,NaN,NaN,NaN,1
2022-05-18,10.023238215154603,10.61,10.023238215154603,10.4352,10.022903049338643,12.015202461689372,10.4352,0,0,6513,6741,0,0,0,0,NaN,NaN,83.1496722858709,NaN,NaN,NaN,9.9691450631551,9.91227289075,NaN,NaN,NaN,NaN,NaN,NaN,NaN,NaN,NaN,NaN,1,0,0,0,0,NaN,NaN,83.1496722858709,NaN,NaN,NaN,9.9691450631551,9.91227289075,NaN,NaN,NaN,NaN,NaN,NaN,NaN,NaN,NaN,NaN,1
2022-05-19,10.2292191075773,10.44,10.16,10.2475,10.063738858549799,11.988214637846786,10.2475,0,0,6513,6742,0,0,0,0,NaN,NaN,82.45431811244569,NaN,NaN,NaN,9.9691450631551,9.91227289075,NaN,NaN,NaN,NaN,NaN,NaN,NaN,NaN,NaN,NaN,1,0,0,0,0,NaN,NaN,82.45431811244569,NaN,NaN,NaN,9.9691450631551,9.91227289075,NaN,NaN,NaN,NaN,NaN,NaN,NaN,NaN,NaN,NaN,1
2022-05-20,10.238359553788651,10.3,9.91,10.15,10.079422702449836,11.960150292230805,10.15,0,0,6513,6743,0,0,0,0,NaN,NaN,81.82507365273733,NaN,NaN,NaN,9.9691450631551,9.91227289075,NaN,NaN,NaN,NaN,NaN,NaN,NaN,NaN,NaN,NaN,1,0,0,0,0,NaN,NaN,81.82507365273733,NaN,NaN,NaN,9.9691450631551,9.91227289075,NaN,NaN,NaN,NaN,NaN,NaN,NaN,NaN,NaN,NaN,1
2022-05-23,10.194179776894327,10.39,9.85,10.085,10.080436756549867,11.931522043494457,10.085,0,0,6513,6744,0,0,0,0,NaN,NaN,81.23656364675881,NaN,NaN,NaN,9.9691450631551,9.91227289075,NaN,NaN,NaN,NaN,NaN,NaN,NaN,NaN,NaN,NaN,1,0,0,0,0,NaN,NaN,81.23656364675881,NaN,NaN,NaN,9.9691450631551,9.91227289075,NaN,NaN,NaN,NaN,NaN,NaN,NaN,NaN,NaN,NaN,1
2022-05-24,10.139589888447164,10.34,9.81,10.0525,10.075357346268072,11.902834684051793,10.0525,0,0,6513,6745,0,0,0,0,NaN,NaN,80.64460837029995,NaN,NaN,NaN,9.9691450631551,9.91227289075,NaN,NaN,NaN,NaN,NaN,NaN,NaN,NaN,NaN,NaN,1,0,0,0,0,NaN,NaN,80.64460837029995,NaN,NaN,NaN,9.9691450631551,9.91227289075,NaN,NaN,NaN,NaN,NaN,NaN,NaN,NaN,NaN,NaN,1
2022-05-25,10.096044944223582,10.67,9.92,10.212499999999999,10.100292374219332,11.877028047654056,10.212499999999999,0,0,6513,6746,0,0,0,0,NaN,NaN,79.82141667565239,NaN,NaN,NaN,9.9691450631551,9.91227289075,NaN,NaN,NaN,NaN,NaN,NaN,NaN,NaN,NaN,NaN,1,0,0,0,0,NaN,NaN,79.82141667565239,NaN,NaN,NaN,9.9691450631551,9.91227289075,NaN,NaN,NaN,NaN,NaN,NaN,NaN,NaN,NaN,NaN,1
2022-05-26,10.15427247211179,10.5,10.15427247211179,10.344999999999999,10.144784669815817,11.853638306468499,10.344999999999999,0,0,6513,6747,0,0,0,0,NaN,NaN,78.62546522736665,NaN,NaN,NaN,9.9691450631551,9.91227289075,NaN,NaN,NaN,NaN,NaN,NaN,NaN,NaN,NaN,NaN,1,0,0,0,0,NaN,NaN,78.62546522736665,NaN,NaN,NaN,9.9691450631551,9.91227289075,NaN,NaN,NaN,NaN,NaN,NaN,NaN,NaN,NaN,NaN,1
2022-05-27,10.249636236055895,10.69,10.15,10.3975,10.190732911667487,11.831407187285773,10.3975,0,0,6513,6748,0,0,0,0,NaN,NaN,77.23832129184656,NaN,NaN,NaN,9.9691450631551,9.91227289075,NaN,NaN,NaN,NaN,NaN,NaN,NaN,NaN,NaN,NaN,1,0,0,0,0,NaN,NaN,77.23832129184656,NaN,NaN,NaN,9.9691450631551,9.91227289075,NaN,NaN,NaN,NaN,NaN,NaN,NaN,NaN,NaN,NaN,1
2022-05-31,10.323568118027948,10.95,10.323568118027948,10.625,10.26969056409158,11.812988756945533,10.625,0,0,6513,6749,0,0,0,0,NaN,NaN,75.411465556667,NaN,NaN,NaN,9.9691450631551,10.08131214386,NaN,NaN,NaN,NaN,NaN,NaN,NaN,NaN,NaN,NaN,1,0,0,0,0,NaN,NaN,75.411465556667,NaN,NaN,NaN,9.9691450631551,10.08131214386,NaN,NaN,NaN,NaN,NaN,NaN,NaN,NaN,NaN,NaN,1
2022-06-01,10.474284059013975,11,10.474284059013975,10.8675,10.378383188802202,11.798553814091402,10.8675,0,0,6513,6750,0,0,0,0,NaN,NaN,73.31652659222824,NaN,NaN,NaN,9.9691450631551,10.302302822281,NaN,NaN,NaN,NaN,NaN,NaN,NaN,NaN,NaN,NaN,1,0,0,0,0,NaN,NaN,73.31652659222824,NaN,NaN,NaN,9.9691450631551,10.302302822281,NaN,NaN,NaN,NaN,NaN,NaN,NaN,NaN,NaN,NaN,1
2022-06-02,10.670892029506987,11.08,10.670892029506987,10.91,10.475040790838165,11.784988107006038,10.91,0,0,6513,6751,0,0,0,0,NaN,NaN,71.2848639561664,NaN,NaN,NaN,9.9691450631551,10.42911331427042,NaN,NaN,NaN,NaN,NaN,NaN,NaN,NaN,NaN,NaN,1,0,0,0,0,NaN,NaN,71.2848639561664,NaN,NaN,NaN,9.9691450631551,10.42911331427042,NaN,NaN,NaN,NaN,NaN,NaN,NaN,NaN,NaN,NaN,1
2022-06-03,10.790446014753494,11.04,10.6617,10.890424999999999,10.550565192503953,11.77133065499068,10.890424999999999,0,0,6513,6752,0,0,0,0,NaN,NaN,69.09931701100818,NaN,NaN,NaN,9.9691450631551,10.42911331427042,NaN,NaN,NaN,NaN,NaN,NaN,NaN,NaN,NaN,NaN,1,0,0,0,0,NaN,NaN,69.09931701100818,NaN,NaN,NaN,9.9691450631551,10.42911331427042,NaN,NaN,NaN,NaN,NaN,NaN,NaN,NaN,NaN,NaN,1
2022-06-06,10.840435507376746,11.05,10.62,10.8675,10.60818970295778,11.757531713693112,10.8675,0,0,6513,6753,0,0,0,0,NaN,NaN,66.31421993749193,NaN,NaN,NaN,9.9691450631551,10.42911331427042,NaN,NaN,NaN,NaN,NaN,NaN,NaN,NaN,NaN,NaN,1,0,0,0,0,NaN,NaN,66.31421993749193,NaN,NaN,NaN,9.9691450631551,10.42911331427042,NaN,NaN,NaN,NaN,NaN,NaN,NaN,NaN,NaN,NaN,1
2022-06-07,10.853967753688373,11.05,10.55,10.84,10.650337029692729,11.743523595926805,10.84,0,0,6513,6754,0,0,0,0,NaN,NaN,63.235037323146194,NaN,NaN,NaN,9.9691450631551,10.42911331427042,NaN,NaN,NaN,NaN,NaN,NaN,NaN,NaN,NaN,NaN,1,0,0,0,0,NaN,NaN,63.235037323146194,NaN,NaN,NaN,9.9691450631551,10.42911331427042,NaN,NaN,NaN,NaN,NaN,NaN,NaN,NaN,NaN,NaN,1
2022-06-08,10.846983876844186,11.02,10.6,10.8525,10.68709393338496,11.729920182248533,10.8525,0,0,6513,6755,0,0,0,0,NaN,NaN,60.562236908176516,NaN,NaN,NaN,9.9691450631551,10.42911331427042,NaN,NaN,NaN,NaN,NaN,NaN,NaN,NaN,NaN,NaN,1,0,0,0,0,NaN,NaN,60.562236908176516,NaN,NaN,NaN,9.9691450631551,10.42911331427042,NaN,NaN,NaN,NaN,NaN,NaN,NaN,NaN,NaN,NaN,1
2022-06-09,10.849741938422092,10.925,10.5,10.66125,10.682395036405875,11.713604606947028,10.661249999999999,0,0,6513,6756,0,0,0,0,NaN,NaN,58.28357320967034,NaN,NaN,NaN,9.9691450631551,10.42911331427042,NaN,NaN,NaN,NaN,NaN,NaN,NaN,NaN,NaN,NaN,1,0,0,0,0,NaN,NaN,58.28357320967034,NaN,NaN,NaN,9.9691450631551,10.42911331427042,NaN,NaN,NaN,NaN,NaN,NaN,NaN,NaN,NaN,NaN,1
2022-06-10,10.755495969211047,10.755495969211047,9.87,10.2275,10.599686847968444,11.690915986993637,10.2275,0,0,6513,6757,0,0,0,0,NaN,NaN,57.10850428612771,NaN,NaN,NaN,9.9691450631551,10.42911331427042,NaN,NaN,NaN,NaN,NaN,NaN,NaN,NaN,NaN,NaN,1,0,0,0,0,NaN,NaN,57.10850428612771,NaN,NaN,NaN,9.9691450631551,10.42911331427042,NaN,NaN,NaN,NaN,NaN,NaN,NaN,NaN,NaN,NaN,1
2022-06-13,10.491497984605523,10.491497984605523,9.78,9.940075,10.479757421065091,11.664185590245642,9.940075,0,0,6513,6758,0,0,0,0,NaN,NaN,57.17160620640891,NaN,NaN,NaN,9.9691450631551,10.323195375000001,NaN,NaN,NaN,NaN,NaN,NaN,NaN,NaN,NaN,NaN,1,0,0,0,0,NaN,NaN,57.17160620640891,NaN,NaN,NaN,9.9691450631551,10.323195375000001,NaN,NaN,NaN,NaN,NaN,NaN,NaN,NaN,NaN,NaN,1
2022-06-14,10.215786492302762,10.215786492302762,9.5,9.7375,10.344801526325984,11.63477054306632,9.7375,0,0,6513,6759,0,0,0,0,NaN,NaN,57.15506015591443,NaN,NaN,NaN,9.9691450631551,10.207375638750001,NaN,NaN,NaN,NaN,NaN,NaN,NaN,NaN,NaN,NaN,1,0,0,0,0,NaN,NaN,57.15506015591443,NaN,NaN,NaN,9.9691450631551,10.207375638750001,NaN,NaN,NaN,NaN,NaN,NaN,NaN,NaN,NaN,NaN,1
2022-06-15,9.976643246151381,10.2,9.45,9.844999999999999,10.253928521539441,11.607445801950805,9.844999999999999,0,0,6513,6760,0,0,0,0,NaN,NaN,56.70426443446407,NaN,NaN,NaN,9.9691450631551,10.207375638750001,NaN,NaN,NaN,NaN,NaN,NaN,NaN,NaN,NaN,NaN,1,0,0,0,0,NaN,NaN,56.70426443446407,NaN,NaN,NaN,9.9691450631551,10.207375638750001,NaN,NaN,NaN,NaN,NaN,NaN,NaN,NaN,NaN,NaN,1
2022-06-16,9.910821623075691,9.910821623075691,9.68,9.7975,10.170941517623179,11.579813041615678,9.7975,0,0,6513,6761,0,0,0,0,NaN,NaN,56.70279364557354,NaN,NaN,NaN,9.9691450631551,10.207375638750001,NaN,NaN,NaN,NaN,NaN,NaN,NaN,NaN,NaN,NaN,1,0,0,0,0,NaN,NaN,56.70279364557354,NaN,NaN,NaN,9.9691450631551,10.207375638750001,NaN,NaN,NaN,NaN,NaN,NaN,NaN,NaN,NaN,NaN,1
2022-06-17,9.854160811537845,9.9032,9.4,9.675799999999999,10.080915787146237,11.550744140216965,9.675799999999997,0,0,6513,6762,0,0,0,0,NaN,NaN,58.38488032814113,NaN,NaN,NaN,9.9691450631551,10.146482100425,NaN,NaN,NaN,NaN,NaN,NaN,NaN,NaN,NaN,NaN,1,0,0,0,0,NaN,NaN,58.38488032814113,NaN,NaN,NaN,9.9691450631551,10.146482100425,NaN,NaN,NaN,NaN,NaN,NaN,NaN,NaN,NaN,NaN,1
2022-06-21,9.764980405768922,10.33,9.764980405768922,10.110025,10.086208371301467,11.528748428152584,10.110025,0,0,6513,6763,0,0,0,0,NaN,NaN,58.86357009067205,NaN,NaN,NaN,9.9691450631551,10.146482100425,NaN,NaN,NaN,NaN,NaN,NaN,NaN,NaN,NaN,NaN,1,0,0,0,0,NaN,NaN,58.86357009067205,NaN,NaN,NaN,9.9691450631551,10.146482100425,NaN,NaN,NaN,NaN,NaN,NaN,NaN,NaN,NaN,NaN,1
2022-06-22,9.937502702884462,10.01,9.59,9.817499999999999,10.03735230379211,11.502622497951782,9.817499999999999,0,0,6513,6764,0,0,0,0,NaN,NaN,59.10595193653568,NaN,NaN,NaN,9.9691450631551,10.146482100425,NaN,NaN,NaN,NaN,NaN,NaN,NaN,NaN,NaN,NaN,1,0,0,0,0,NaN,NaN,59.10595193653568,NaN,NaN,NaN,9.9691450631551,10.146482100425,NaN,NaN,NaN,NaN,NaN,NaN,NaN,NaN,NaN,NaN,1
2022-06-23,9.87750135144223,9.87750135144223,9.37,9.6617,9.969051884920818,11.474516810960152,9.6617,0,0,6513,6765,0,0,0,0,NaN,NaN,59.94636274959802,NaN,NaN,NaN,9.9691450631551,10.09643621138675,NaN,NaN,NaN,NaN,NaN,NaN,NaN,NaN,NaN,NaN,1,0,0,0,0,NaN,NaN,59.94636274959802,NaN,NaN,NaN,9.9691450631551,10.09643621138675,NaN,NaN,NaN,NaN,NaN,NaN,NaN,NaN,NaN,NaN,1
2022-06-24,9.769600675721115,10.0181,9.58,9.759525,9.930956087662487,11.44833372987679,9.759525,0,0,6513,6766,0,0,0,0,NaN,NaN,60.2749658505206,NaN,NaN,NaN,9.9691450631551,10.09643621138675,NaN,NaN,NaN,NaN,NaN,NaN,NaN,NaN,NaN,NaN,1,0,0,0,0,NaN,NaN,60.2749658505206,NaN,NaN,NaN,9.9691450631551,10.09643621138675,NaN,NaN,NaN,NaN,NaN,NaN,NaN,NaN,NaN,NaN,1
2022-06-27,9.764562837860558,9.901,9.69,9.80775,9.908554980814761,11.423286650031343,9.80775,0,0,6513,6767,0,0,0,0,NaN,NaN,60.935641257676224,NaN,NaN,NaN,9.9691450631551,10.09643621138675,NaN,NaN,NaN,NaN,NaN,NaN,NaN,NaN,NaN,NaN,1,0,0,0,0,NaN,NaN,60.935641257676224,NaN,NaN,NaN,9.9691450631551,10.09643621138675,NaN,NaN,NaN,NaN,NaN,NaN,NaN,NaN,NaN,NaN,1
2022-06-28,9.786156418930279,9.9516,9.55,9.7529,9.880254075212077,11.397784563771323,9.7529,0,0,6513,6768,0,0,0,0,NaN,NaN,62.75434049498365,NaN,NaN,NaN,9.9691450631551,10.09643621138675,NaN,NaN,NaN,NaN,NaN,NaN,NaN,NaN,NaN,NaN,1,0,0,0,0,NaN,NaN,62.75434049498365,NaN,NaN,NaN,9.9691450631551,10.09643621138675,NaN,NaN,NaN,NaN,NaN,NaN,NaN,NaN,NaN,NaN,1
2022-06-29,9.76952820946514,9.76952820946514,9.23,9.415025,9.795666970628064,11.367513425393135,9.415025,0,0,6513,6769,0,0,0,0,NaN,NaN,63.71719180456221,NaN,NaN,NaN,9.9691450631551,9.90612986602034,NaN,NaN,NaN,NaN,NaN,NaN,NaN,NaN,NaN,NaN,1,0,0,0,0,NaN,NaN,63.71719180456221,NaN,NaN,NaN,9.9691450631551,9.90612986602034,NaN,NaN,NaN,NaN,NaN,NaN,NaN,NaN,NaN,NaN,1
2022-06-30,9.59227660473257,9.59227660473257,8.61,8.997499999999999,9.650545703241143,11.33133001431843,8.997499999999999,0,0,6513,6770,0,0,0,0,NaN,NaN,64.86305086839455,NaN,NaN,NaN,9.9691450631551,9.592387261117288,NaN,NaN,NaN,NaN,NaN,NaN,NaN,NaN,NaN,NaN,1,0,0,0,0,NaN,NaN,64.86305086839455,NaN,NaN,NaN,9.9691450631551,9.592387261117288,NaN,NaN,NaN,NaN,NaN,NaN,NaN,NaN,NaN,NaN,1
2022-07-01,9.294888302366285,9.294888302366285,8.625,8.925,9.518628302651845,11.294592151504409,8.925,0,0,6513,6771,0,0,0,0,NaN,NaN,65.64780862635978,NaN,NaN,NaN,9.9691450631551,9.442532554116177,NaN,NaN,NaN,NaN,NaN,NaN,NaN,NaN,NaN,NaN,1,0,0,0,0,NaN,NaN,65.64780862635978,NaN,NaN,NaN,9.9691450631551,9.442532554116177,NaN,NaN,NaN,NaN,NaN,NaN,NaN,NaN,NaN,NaN,1
2022-07-05,9.109944151183143,9.109944151183143,8.35,8.702499999999999,9.370241338533328,11.255018225527243,8.702499999999999,0,0,6513,6772,0,0,0,0,NaN,NaN,66.10831168847984,NaN,NaN,NaN,9.9691450631551,9.19923821775178,NaN,NaN,NaN,NaN,NaN,NaN,NaN,NaN,NaN,NaN,1,0,0,0,0,NaN,NaN,66.10831168847984,NaN,NaN,NaN,9.9691450631551,9.19923821775178,NaN,NaN,NaN,NaN,NaN,NaN,NaN,NaN,NaN,NaN,1
2022-07-06,8.906222075591572,9.1,8.62,8.86375,9.27815200425454,11.218510313687132,8.86375,0,0,6513,6773,0,0,0,0,NaN,NaN,66.29043005784399,NaN,NaN,NaN,9.9691450631551,9.19923821775178,NaN,NaN,NaN,NaN,NaN,NaN,NaN,NaN,NaN,NaN,1,0,0,0,0,NaN,NaN,66.29043005784399,NaN,NaN,NaN,9.9691450631551,9.19923821775178,NaN,NaN,NaN,NaN,NaN,NaN,NaN,NaN,NaN,NaN,1
2022-07-07,8.884986037795786,9.16,8.75,8.94,9.216669821662805,11.183723896684274,8.94,0,0,6513,6774,0,0,0,0,NaN,NaN,66.4918858763513,NaN,NaN,NaN,9.9691450631551,9.19923821775178,NaN,NaN,NaN,NaN,NaN,NaN,NaN,NaN,NaN,NaN,1,0,0,0,0,NaN,NaN,66.4918858763513,NaN,NaN,NaN,9.9691450631551,9.19923821775178,NaN,NaN,NaN,NaN,NaN,NaN,NaN,NaN,NaN,NaN,1
2022-07-08,8.912493018897893,9.1399,8.75,8.967475,9.171361672269567,11.149888035666194,8.967475,0,0,6513,6775,0,0,0,0,NaN,NaN,66.57285116943793,NaN,NaN,NaN,9.9691450631551,9.19923821775178,NaN,NaN,NaN,NaN,NaN,NaN,NaN,NaN,NaN,NaN,1,0,0,0,0,NaN,NaN,66.57285116943793,NaN,NaN,NaN,9.9691450631551,9.19923821775178,NaN,NaN,NaN,NaN,NaN,NaN,NaN,NaN,NaN,NaN,1
2022-07-11,8.939984009448946,8.97,8.75,8.855,9.113841368220555,11.114851577106405,8.855,0,0,6513,6776,0,0,0,0,NaN,NaN,66.57903559676905,NaN,NaN,NaN,9.9691450631551,9.19923821775178,NaN,NaN,NaN,NaN,NaN,NaN,NaN,NaN,NaN,NaN,1,0,0,0,0,NaN,NaN,66.57903559676905,NaN,NaN,NaN,9.9691450631551,9.19923821775178,NaN,NaN,NaN,NaN,NaN,NaN,NaN,NaN,NaN,NaN,1
2022-07-12,8.897492004724473,8.897492004724473,8.65,8.7245,9.043052028544091,11.078357659898673,8.7245,0,0,6513,6777,0,0,0,0,NaN,NaN,66.5772407591849,NaN,NaN,NaN,9.9691450631551,9.19923821775178,NaN,NaN,NaN,NaN,NaN,NaN,NaN,NaN,NaN,NaN,1,0,0,0,0,NaN,NaN,66.5772407591849,NaN,NaN,NaN,9.9691450631551,9.19923821775178,NaN,NaN,NaN,NaN,NaN,NaN,NaN,NaN,NaN,NaN,1
2022-07-13,8.810996002362238,8.810996002362238,8.54,8.6475,8.971133477899711,11.041245329213197,8.6475,0,0,6513,6778,0,0,0,0,NaN,NaN,66.61682659385593,NaN,NaN,NaN,9.9691450631551,9.045921045491353,NaN,NaN,NaN,NaN,NaN,NaN,NaN,NaN,NaN,NaN,1,0,0,0,0,NaN,NaN,66.61682659385593,NaN,NaN,NaN,9.9691450631551,9.045921045491353,NaN,NaN,NaN,NaN,NaN,NaN,NaN,NaN,NaN,NaN,1
2022-07-14,8.72924800118112,8.72924800118112,8.35,8.4025,8.867745572827037,11.000959140980935,8.4025,0,0,6513,6779,0,0,0,0,NaN,NaN,66.64501871363909,NaN,NaN,NaN,9.9691450631551,8.782772363208688,NaN,NaN,NaN,NaN,NaN,NaN,NaN,NaN,NaN,NaN,1,0,0,0,0,NaN,NaN,66.64501871363909,NaN,NaN,NaN,9.9691450631551,8.782772363208688,NaN,NaN,NaN,NaN,NaN,NaN,NaN,NaN,NaN,NaN,1
2022-07-15,8.56587400059056,9,8.46,8.685,8.834519105040302,10.9656009861568,8.685,0,0,6513,6780,0,0,0,0,NaN,NaN,66.68365885330178,NaN,NaN,NaN,9.9691450631551,8.782772363208688,NaN,NaN,NaN,NaN,NaN,NaN,NaN,NaN,NaN,NaN,1,0,0,0,0,NaN,NaN,66.68365885330178,NaN,NaN,NaN,9.9691450631551,8.782772363208688,NaN,NaN,NaN,NaN,NaN,NaN,NaN,NaN,NaN,NaN,1
2022-07-18,8.62543700029528,9.07,8.62543700029528,8.775025,8.823701995032975,10.9321570779712,8.775025,0,0,6513,6781,0,0,0,0,NaN,NaN,66.61333720471113,NaN,NaN,NaN,9.9691450631551,8.782772363208688,NaN,NaN,NaN,NaN,NaN,NaN,NaN,NaN,NaN,NaN,1,0,0,0,0,NaN,NaN,66.61333720471113,NaN,NaN,NaN,9.9691450631551,8.782772363208688,NaN,NaN,NaN,NaN,NaN,NaN,NaN,NaN,NaN,NaN,1
2022-07-19,8.700231000147639,8.95,8.61,8.805,8.820301632299707,10.899681397391486,8.805,0,0,6513,6782,0,0,0,0,NaN,NaN,66.41075102775837,NaN,NaN,NaN,9.9691450631551,8.782772363208688,NaN,NaN,NaN,NaN,NaN,NaN,NaN,NaN,NaN,NaN,1,0,0,0,0,NaN,NaN,66.41075102775837,NaN,NaN,NaN,9.9691450631551,8.782772363208688,NaN,NaN,NaN,NaN,NaN,NaN,NaN,NaN,NaN,NaN,1
2022-07-20,8.75261550007382,8.82,8.5696,8.7149,8.801137699154305,10.866325956209936,8.7149,0,0,6513,6783,0,0,0,0,NaN,NaN,66.26179849407558,NaN,NaN,NaN,9.9691450631551,8.782772363208688,NaN,NaN,NaN,NaN,NaN,NaN,NaN,NaN,NaN,NaN,1,0,0,0,0,NaN,NaN,66.26179849407558,NaN,NaN,NaN,9.9691450631551,8.782772363208688,NaN,NaN,NaN,NaN,NaN,NaN,NaN,NaN,NaN,NaN,1
2022-07-21,8.73375775003691,8.94,8.7,8.7975,8.800476299308068,10.834740827107494,8.7975,0,0,6513,6784,0,0,0,0,NaN,NaN,65.9581709607945,NaN,NaN,NaN,9.9691450631551,8.782772363208688,NaN,NaN,NaN,NaN,NaN,NaN,NaN,NaN,NaN,NaN,1,0,0,0,0,NaN,NaN,65.9581709607945,NaN,NaN,NaN,9.9691450631551,8.782772363208688,NaN,NaN,NaN,NaN,NaN,NaN,NaN,NaN,NaN,NaN,1
2022-07-22,8.765628875018454,8.765628875018454,8.45,8.615,8.76675333579751,10.800851654174554,8.615,0,0,6513,6785,0,0,0,0,NaN,NaN,65.83783353680339,NaN,NaN,NaN,9.9691450631551,8.782772363208688,NaN,NaN,NaN,NaN,NaN,NaN,NaN,NaN,NaN,NaN,1,0,0,0,0,NaN,NaN,65.83783353680339,NaN,NaN,NaN,9.9691450631551,8.782772363208688,NaN,NaN,NaN,NaN,NaN,NaN,NaN,NaN,NaN,NaN,1
2022-07-25,8.690314437509226,8.73,8.46,8.602500000000001,8.736889092925235,10.767289033500134,8.602500000000001,0,0,6513,6786,0,0,0,0,NaN,NaN,65.77091346104447,NaN,NaN,NaN,9.9691450631551,8.782772363208688,NaN,NaN,NaN,NaN,NaN,NaN,NaN,NaN,NaN,NaN,1,0,0,0,0,NaN,NaN,65.77091346104447,NaN,NaN,NaN,9.9691450631551,8.782772363208688,NaN,NaN,NaN,NaN,NaN,NaN,NaN,NaN,NaN,NaN,1
2022-07-26,8.646407218754614,8.646407218754614,8.38,8.48875,8.691772894211557,10.73250217802685,8.48875,0,0,6513,6787,0,0,0,0,NaN,NaN,66.12578372342153,NaN,NaN,NaN,9.9691450631551,8.782772363208688,NaN,NaN,NaN,NaN,NaN,NaN,NaN,NaN,NaN,NaN,1,0,0,0,0,NaN,NaN,66.12578372342153,NaN,NaN,NaN,9.9691450631551,8.782772363208688,NaN,NaN,NaN,NaN,NaN,NaN,NaN,NaN,NaN,NaN,1
2022-07-27,8.567578609377307,8.6,8.38,8.48,8.653268731627637,10.698112831797433,8.48,0,0,6513,6788,0,0,0,0,NaN,NaN,66.39081832519655,NaN,NaN,NaN,9.9691450631551,8.782772363208688,NaN,NaN,NaN,NaN,NaN,NaN,NaN,NaN,NaN,NaN,1,0,0,0,0,NaN,NaN,66.39081832519655,NaN,NaN,NaN,9.9691450631551,8.782772363208688,NaN,NaN,NaN,NaN,NaN,NaN,NaN,NaN,NaN,NaN,1
2022-07-28,8.523789304688654,8.66,8.41,8.5875,8.641310780422613,10.66588973512877,8.5875,0,0,6513,6789,0,0,0,0,NaN,NaN,66.64544027497973,NaN,NaN,NaN,9.9691450631551,8.782772363208688,NaN,NaN,NaN,NaN,NaN,NaN,NaN,NaN,NaN,NaN,1,0,0,0,0,NaN,NaN,66.64544027497973,NaN,NaN,NaN,9.9691450631551,8.782772363208688,NaN,NaN,NaN,NaN,NaN,NaN,NaN,NaN,NaN,NaN,1
2022-07-29,8.555644652344327,8.87,8.555644652344327,8.75,8.66107245670941,10.636639510164972,8.75,0,0,6513,6790,0,0,0,0,NaN,NaN,66.63432329327804,NaN,NaN,NaN,9.9691450631551,8.782772363208688,NaN,NaN,NaN,NaN,NaN,NaN,NaN,NaN,NaN,NaN,1,0,0,0,0,NaN,NaN,66.63432329327804,NaN,NaN,NaN,9.9691450631551,8.782772363208688,NaN,NaN,NaN,NaN,NaN,NaN,NaN,NaN,NaN,NaN,1
2022-08-01,8.652822326172164,8.652822326172164,8.25,8.3921,8.612168373671336,10.602371731383828,8.3921,0,0,6513,6791,0,0,0,0,NaN,NaN,67.18027304232996,NaN,NaN,NaN,9.9691450631551,8.661930654246081,NaN,NaN,NaN,NaN,NaN,NaN,NaN,NaN,NaN,NaN,1,0,0,0,0,NaN,NaN,67.18027304232996,NaN,NaN,NaN,9.9691450631551,8.661930654246081,NaN,NaN,NaN,NaN,NaN,NaN,NaN,NaN,NaN,NaN,1
2022-08-02,8.522461163086081,8.522461163086081,8.2,8.284099999999999,8.552519578458366,10.566978269835984,8.284099999999999,0,0,6513,6792,0,0,0,0,NaN,NaN,67.39898183897837,NaN,NaN,NaN,9.9691450631551,8.501066538344874,NaN,NaN,NaN,NaN,NaN,NaN,NaN,NaN,NaN,NaN,1,0,0,0,0,NaN,NaN,67.39898183897837,NaN,NaN,NaN,9.9691450631551,8.501066538344874,NaN,NaN,NaN,NaN,NaN,NaN,NaN,NaN,NaN,NaN,1
2022-08-03,8.40328058154304,8.5137,8.3,8.390925000000001,8.52313874601139,10.533756082510243,8.390925000000001,0,0,6513,6793,0,0,0,0,NaN,NaN,67.5421204603654,NaN,NaN,NaN,9.9691450631551,8.501066538344874,NaN,NaN,NaN,NaN,NaN,NaN,NaN,NaN,NaN,NaN,1,0,0,0,0,NaN,NaN,67.5421204603654,NaN,NaN,NaN,9.9691450631551,8.501066538344874,NaN,NaN,NaN,NaN,NaN,NaN,NaN,NaN,NaN,NaN,1
2022-08-04,8.39710279077152,8.55,8.39710279077152,8.480125,8.51531806491841,10.502402936212377,8.480125,0,0,6513,6794,0,0,0,0,NaN,NaN,67.62820918359174,NaN,NaN,NaN,9.9691450631551,8.501066538344874,NaN,NaN,NaN,NaN,NaN,NaN,NaN,NaN,NaN,NaN,1,0,0,0,0,NaN,NaN,67.62820918359174,NaN,NaN,NaN,9.9691450631551,8.501066538344874,NaN,NaN,NaN,NaN,NaN,NaN,NaN,NaN,NaN,NaN,1
2022-08-05,8.43861389538576,8.78,8.2501,8.532525,8.518446598569609,10.472328463903791,8.532525,0,0,6513,6795,0,0,0,0,NaN,NaN,67.43875383534792,NaN,NaN,NaN,9.9691450631551,8.501066538344874,NaN,NaN,NaN,NaN,NaN,NaN,NaN,NaN,NaN,NaN,1,0,0,0,0,NaN,NaN,67.43875383534792,NaN,NaN,NaN,9.9691450631551,8.501066538344874,NaN,NaN,NaN,NaN,NaN,NaN,NaN,NaN,NaN,NaN,1
2022-08-08,8.48556944769288,8.67,8.48556944769288,8.6125,8.535547217011498,10.443934136210604,8.6125,0,0,6513,6796,0,0,0,0,NaN,NaN,67.22494718019115,NaN,NaN,NaN,9.9691450631551,8.501066538344874,NaN,NaN,NaN,NaN,NaN,NaN,NaN,NaN,NaN,NaN,1,0,0,0,0,NaN,NaN,67.22494718019115,NaN,NaN,NaN,9.9691450631551,8.501066538344874,NaN,NaN,NaN,NaN,NaN,NaN,NaN,NaN,NaN,NaN,1
2022-08-09,8.54903472384644,8.59,8.3101,8.487525,8.52681590482759,10.414065294436396,8.487525,0,0,6513,6797,0,0,0,0,NaN,NaN,67.49153753903917,NaN,NaN,NaN,9.9691450631551,8.501066538344874,NaN,NaN,NaN,NaN,NaN,NaN,NaN,NaN,NaN,NaN,1,0,0,0,0,NaN,NaN,67.49153753903917,NaN,NaN,NaN,9.9691450631551,8.501066538344874,NaN,NaN,NaN,NaN,NaN,NaN,NaN,NaN,NaN,NaN,1
2022-08-10,8.518279861923219,8.7799,8.28,8.564975,8.533753922131664,10.385834908261794,8.564975,0,0,6513,6798,0,0,0,0,NaN,NaN,67.46832248576158,NaN,NaN,NaN,9.9691450631551,8.501066538344874,NaN,NaN,NaN,NaN,NaN,NaN,NaN,NaN,NaN,NaN,1,0,0,0,0,NaN,NaN,67.46832248576158,NaN,NaN,NaN,9.9691450631551,8.501066538344874,NaN,NaN,NaN,NaN,NaN,NaN,NaN,NaN,NaN,NaN,1
2022-08-11,8.54162743096161,8.88,8.54162743096161,8.78255,8.57898957265318,10.36135727607459,8.78255,0,0,6513,6799,0,0,0,0,NaN,NaN,66.50093637786641,NaN,NaN,NaN,9.9691450631551,8.623045999999999,NaN,NaN,NaN,NaN,NaN,NaN,NaN,NaN,NaN,NaN,1,0,0,0,0,NaN,NaN,66.50093637786641,NaN,NaN,NaN,9.9691450631551,8.623045999999999,NaN,NaN,NaN,NaN,NaN,NaN,NaN,NaN,NaN,NaN,1
2022-08-12,8.662088715480806,9,8.64,8.845,8.627355104898056,10.338206783310094,8.845,0,0,6513,6800,0,0,0,0,NaN,NaN,65.34755017404035,NaN,NaN,NaN,9.9691450631551,8.65999287,NaN,NaN,NaN,NaN,NaN,NaN,NaN,NaN,NaN,NaN,1,0,0,0,0,NaN,NaN,65.34755017404035,NaN,NaN,NaN,9.9691450631551,8.65999287,NaN,NaN,NaN,NaN,NaN,NaN,NaN,NaN,NaN,NaN,1
2022-08-15,8.753544357740402,9.14,8.753544357740402,8.955,8.6869269040075,10.3170891224962,8.955,0,0,6513,6801,0,0,0,0,NaN,NaN,64.1652170616853,NaN,NaN,NaN,9.9691450631551,8.729393297799998,NaN,NaN,NaN,NaN,NaN,NaN,NaN,NaN,NaN,NaN,1,0,0,0,0,NaN,NaN,64.1652170616853,NaN,NaN,NaN,9.9691450631551,8.729393297799998,NaN,NaN,NaN,NaN,NaN,NaN,NaN,NaN,NaN,NaN,1
2022-08-16,8.8542721788702,9.17,8.8542721788702,9.047500000000001,8.752485648733408,10.29770608245809,9.047500000000001,0,0,6513,6802,0,0,0,0,NaN,NaN,62.44290129021102,NaN,NaN,NaN,9.9691450631551,8.800110400998,NaN,NaN,NaN,NaN,NaN,NaN,NaN,NaN,NaN,NaN,1,0,0,0,0,NaN,NaN,62.44290129021102,NaN,NaN,NaN,9.9691450631551,8.800110400998,NaN,NaN,NaN,NaN,NaN,NaN,NaN,NaN,NaN,NaN,1
2022-08-17,8.950886089435102,9.11,8.65,8.8825,8.77612462169097,10.276099882725905,8.8825,0,0,6513,6803,0,0,0,0,NaN,NaN,61.20546956538709,NaN,NaN,NaN,9.9691450631551,8.800110400998,NaN,NaN,NaN,NaN,NaN,NaN,NaN,NaN,NaN,NaN,1,0,0,0,0,NaN,NaN,61.20546956538709,NaN,NaN,NaN,9.9691450631551,8.800110400998,NaN,NaN,NaN,NaN,NaN,NaN,NaN,NaN,NaN,NaN,1
2022-08-18,8.916693044717551,8.92,8.7,8.815,8.783192872292611,10.253793014287341,8.815,0,0,6513,6804,0,0,0,0,NaN,NaN,60.354983813873744,NaN,NaN,NaN,9.9691450631551,8.800110400998,NaN,NaN,NaN,NaN,NaN,NaN,NaN,NaN,NaN,NaN,1,0,0,0,0,NaN,NaN,60.354983813873744,NaN,NaN,NaN,9.9691450631551,8.800110400998,NaN,NaN,NaN,NaN,NaN,NaN,NaN,NaN,NaN,NaN,1
2022-08-19,8.865846522358776,8.92,8.55,8.77,8.780794168239408,10.231139685824939,8.77,0,0,6513,6805,0,0,0,0,NaN,NaN,59.93400099509226,NaN,NaN,NaN,9.9691450631551,8.800110400998,NaN,NaN,NaN,NaN,NaN,NaN,NaN,NaN,NaN,NaN,1,0,0,0,0,NaN,NaN,59.93400099509226,NaN,NaN,NaN,9.9691450631551,8.800110400998,NaN,NaN,NaN,NaN,NaN,NaN,NaN,NaN,NaN,NaN,1
2022-08-22,8.817923261179388,8.817923261179388,8.45,8.497499999999999,8.729286137650424,10.204671904361962,8.497499999999999,0,0,6513,6806,0,0,0,0,NaN,NaN,61.11518260197475,NaN,NaN,NaN,9.9691450631551,8.7395,NaN,NaN,NaN,NaN,NaN,NaN,NaN,NaN,NaN,NaN,1,0,0,0,0,NaN,NaN,61.11518260197475,NaN,NaN,NaN,9.9691450631551,8.7395,NaN,NaN,NaN,NaN,NaN,NaN,NaN,NaN,NaN,NaN,1
2022-08-23,8.657711630589693,8.657711630589693,8.17,8.440000000000001,8.67668865807762,10.177730348570178,8.440000000000001,0,0,6513,6807,0,0,0,0,NaN,NaN,63.26790273395092,NaN,NaN,NaN,9.9691450631551,8.7026275,NaN,NaN,NaN,NaN,NaN,NaN,NaN,NaN,NaN,NaN,1,0,0,0,0,NaN,NaN,63.26790273395092,NaN,NaN,NaN,9.9691450631551,8.7026275,NaN,NaN,NaN,NaN,NaN,NaN,NaN,NaN,NaN,NaN,1
2022-08-24,8.548855815294846,8.7,8.548855815294846,8.6,8.66274526569987,10.153642862332465,8.6,0,0,6513,6808,0,0,0,0,NaN,NaN,66.60520972152611,NaN,NaN,NaN,9.9691450631551,8.7026275,NaN,NaN,NaN,NaN,NaN,NaN,NaN,NaN,NaN,NaN,1,0,0,0,0,NaN,NaN,66.60520972152611,NaN,NaN,NaN,9.9691450631551,8.7026275,NaN,NaN,NaN,NaN,NaN,NaN,NaN,NaN,NaN,NaN,1
2022-08-25,8.574427907647422,8.78,8.574427907647422,8.72,8.673155217390804,10.131755185044947,8.72,0,0,6513,6809,0,0,0,0,NaN,NaN,71.19062107633451,NaN,NaN,NaN,9.9691450631551,8.7026275,NaN,NaN,NaN,NaN,NaN,NaN,NaN,NaN,NaN,NaN,1,0,0,0,0,NaN,NaN,71.19062107633451,NaN,NaN,NaN,9.9691450631551,8.7026275,NaN,NaN,NaN,NaN,NaN,NaN,NaN,NaN,NaN,NaN,1
2022-08-26,8.647213953823712,8.98,8.647213953823712,8.865,8.708036086956112,10.112415411227467,8.865,0,0,6513,6810,0,0,0,0,NaN,NaN,72.98833067175275,NaN,NaN,NaN,9.9691450631551,8.7026275,NaN,NaN,NaN,NaN,NaN,NaN,NaN,NaN,NaN,NaN,1,0,0,0,0,NaN,NaN,72.98833067175275,NaN,NaN,NaN,9.9691450631551,8.7026275,NaN,NaN,NaN,NaN,NaN,NaN,NaN,NaN,NaN,NaN,1
2022-08-29,8.756106976911855,8.78,8.47,8.649999999999999,8.69748407114591,10.0900884583843,8.649999999999999,0,0,6513,6811,0,0,0,0,NaN,NaN,73.15953255517343,NaN,NaN,NaN,9.9691450631551,8.7026275,NaN,NaN,NaN,NaN,NaN,NaN,NaN,NaN,NaN,NaN,1,0,0,0,0,NaN,NaN,73.15953255517343,NaN,NaN,NaN,9.9691450631551,8.7026275,NaN,NaN,NaN,NaN,NaN,NaN,NaN,NaN,NaN,NaN,1
2022-08-30,8.703053488455927,8.7378,8.39,8.539449999999999,8.668750603664835,10.066414588790646,8.539449999999999,0,0,6513,6812,0,0,0,0,NaN,NaN,72.46045344443003,NaN,NaN,NaN,9.9691450631551,8.7026275,NaN,NaN,NaN,NaN,NaN,NaN,NaN,NaN,NaN,NaN,1,0,0,0,0,NaN,NaN,72.46045344443003,NaN,NaN,NaN,9.9691450631551,8.7026275,NaN,NaN,NaN,NaN,NaN,NaN,NaN,NaN,NaN,NaN,1
2022-08-31,8.621251744227962,8.621251744227962,8.24,8.390125,8.618091402998502,10.040822381328194,8.390125,0,0,6513,6813,0,0,0,0,NaN,NaN,71.96657779712235,NaN,NaN,NaN,9.9691450631551,8.660436099999998,NaN,NaN,NaN,NaN,NaN,NaN,NaN,NaN,NaN,NaN,1,0,0,0,0,NaN,NaN,71.96657779712235,NaN,NaN,NaN,9.9691450631551,8.660436099999998,NaN,NaN,NaN,NaN,NaN,NaN,NaN,NaN,NaN,NaN,1
2022-09-01,8.50568837211398,8.52,8.11,8.3425,8.567983875180593,10.014893795353718,8.3425,0,0,6513,6814,0,0,0,0,NaN,NaN,71.80250443124919,NaN,NaN,NaN,9.9691450631551,8.610152476,NaN,NaN,NaN,NaN,NaN,NaN,NaN,NaN,NaN,NaN,1,0,0,0,0,NaN,NaN,71.80250443124919,NaN,NaN,NaN,9.9691450631551,8.610152476,NaN,NaN,NaN,NaN,NaN,NaN,NaN,NaN,NaN,NaN,1
2022-09-02,8.42409418605699,8.42409418605699,8.15,8.272225,8.514209534238667,9.988288164890303,8.272225,0,0,6513,6815,0,0,0,0,NaN,NaN,71.88582893749323,NaN,NaN,NaN,9.9691450631551,8.53868017888,NaN,NaN,NaN,NaN,NaN,NaN,NaN,NaN,NaN,NaN,1,0,0,0,0,NaN,NaN,71.88582893749323,NaN,NaN,NaN,9.9691450631551,8.53868017888,NaN,NaN,NaN,NaN,NaN,NaN,NaN,NaN,NaN,NaN,1
2022-09-06,8.348159593028495,8.49,8.09,8.3125,8.477535073468,9.962703612754574,8.3125,0,0,6513,6816,0,0,0,0,NaN,NaN,71.91466860628024,NaN,NaN,NaN,9.9691450631551,8.53868017888,NaN,NaN,NaN,NaN,NaN,NaN,NaN,NaN,NaN,NaN,1,0,0,0,0,NaN,NaN,71.91466860628024,NaN,NaN,NaN,9.9691450631551,8.53868017888,NaN,NaN,NaN,NaN,NaN,NaN,NaN,NaN,NaN,NaN,1
2022-09-07,8.330329796514247,8.330329796514247,7.9,8.04,8.397983241928364,9.933349359124733,8.04,0,0,6513,6817,0,0,0,0,NaN,NaN,72.43588661541833,NaN,NaN,NaN,9.343626477788916,8.365182527047999,NaN,NaN,NaN,NaN,NaN,NaN,NaN,NaN,NaN,NaN,1,0,0,0,0,NaN,NaN,72.43588661541833,NaN,NaN,NaN,9.343626477788916,8.365182527047999,NaN,NaN,NaN,NaN,NaN,NaN,NaN,NaN,NaN,NaN,1
2022-09-08,8.185164898257124,8.185164898257124,7.94,8.047500000000001,8.334259016123207,9.904557765855653,8.047500000000001,0,0,6513,6818,0,0,0,0,NaN,NaN,72.50403025725336,NaN,NaN,NaN,8.959383329809569,8.365182527047999,NaN,NaN,NaN,NaN,NaN,NaN,NaN,NaN,NaN,NaN,1,0,0,0,0,NaN,NaN,72.50403025725336,NaN,NaN,NaN,8.959383329809569,8.365182527047999,NaN,NaN,NaN,NaN,NaN,NaN,NaN,NaN,NaN,NaN,1
2022-09-09,8.116332449128564,8.25,8.116332449128564,8.1975,8.309393740464442,9.878495815231902,8.1975,0,0,6513,6819,0,0,0,0,NaN,NaN,71.97024250692813,NaN,NaN,NaN,8.959383329809569,8.365182527047999,NaN,NaN,NaN,NaN,NaN,NaN,NaN,NaN,NaN,NaN,1,0,0,0,0,NaN,NaN,71.97024250692813,NaN,NaN,NaN,8.959383329809569,8.365182527047999,NaN,NaN,NaN,NaN,NaN,NaN,NaN,NaN,NaN,NaN,1
2022-09-12,8.15691622456428,8.25,8.1,8.190000000000001,8.287685787652725,9.852717253167294,8.190000000000001,0,0,6513,6820,0,0,0,0,NaN,NaN,71.29134440946554,NaN,NaN,NaN,8.959383329809569,8.365182527047999,NaN,NaN,NaN,NaN,NaN,NaN,NaN,NaN,NaN,NaN,1,0,0,0,0,NaN,NaN,71.29134440946554,NaN,NaN,NaN,8.959383329809569,8.365182527047999,NaN,NaN,NaN,NaN,NaN,NaN,NaN,NaN,NaN,NaN,1
2022-09-13,8.173458112282141,8.24,8.01,8.11,8.255379280806775,9.82611088288993,8.11,0,0,6513,6821,0,0,0,0,NaN,NaN,70.56960456592111,NaN,NaN,NaN,8.959383329809569,8.365182527047999,NaN,NaN,NaN,NaN,NaN,NaN,NaN,NaN,NaN,NaN,1,0,0,0,0,NaN,NaN,70.56960456592111,NaN,NaN,NaN,8.959383329809569,8.365182527047999,NaN,NaN,NaN,NaN,NaN,NaN,NaN,NaN,NaN,NaN,1
2022-09-14,8.14172905614107,8.16,7.92,8.06,8.219855775205543,9.799147357960313,8.06,0,0,6513,6822,0,0,0,0,NaN,NaN,70.01192525844591,NaN,NaN,NaN,8.959383329809569,8.365182527047999,NaN,NaN,NaN,NaN,NaN,NaN,NaN,NaN,NaN,NaN,1,0,0,0,0,NaN,NaN,70.01192525844591,NaN,NaN,NaN,8.959383329809569,8.365182527047999,NaN,NaN,NaN,NaN,NaN,NaN,NaN,NaN,NaN,NaN,1
2022-09-15,8.100864528070534,8.21,8.05,8.1375,8.204881997895445,9.77377869600672,8.1375,0,0,6513,6823,0,0,0,0,NaN,NaN,69.39532231212993,NaN,NaN,NaN,8.959383329809569,8.365182527047999,NaN,NaN,NaN,NaN,NaN,NaN,NaN,NaN,NaN,NaN,1,0,0,0,0,NaN,NaN,69.39532231212993,NaN,NaN,NaN,8.959383329809569,8.365182527047999,NaN,NaN,NaN,NaN,NaN,NaN,NaN,NaN,NaN,NaN,1
2022-09-16,8.119182264035267,8.119182264035267,7.91,8.01,8.169448907369,9.746850776983717,8.01,0,0,6513,6824,0,0,0,0,NaN,NaN,69.18396578161877,NaN,NaN,NaN,8.959383329809569,8.28894967217936,NaN,NaN,NaN,NaN,NaN,NaN,NaN,NaN,NaN,NaN,1,0,0,0,0,NaN,NaN,69.18396578161877,NaN,NaN,NaN,8.959383329809569,8.28894967217936,NaN,NaN,NaN,NaN,NaN,NaN,NaN,NaN,NaN,NaN,1
2022-09-19,8.064591132017632,8.08,7.81,7.941249999999999,8.127958196938273,9.71928435290763,7.941249999999999,0,1,6513,6825,0,0,0,0,NaN,NaN,69.29316013320316,NaN,NaN,NaN,8.959383329809569,8.188776491021695,NaN,NaN,NaN,NaN,NaN,NaN,NaN,NaN,NaN,NaN,1,0,0,0,0,NaN,NaN,69.29316013320316,NaN,NaN,NaN,8.959383329809569,8.188776491021695,NaN,NaN,NaN,NaN,NaN,NaN,NaN,NaN,NaN,NaN,1
2022-09-20,8.002920566008816,8.002920566008816,7.55,7.765,8.06196579749495,9.689447950573163,7.764999999999999,0,0,6513,6826,0,0,0,0,NaN,NaN,69.94276954962638,NaN,NaN,NaN,8.959383329809569,8.020095133176488,NaN,NaN,NaN,NaN,NaN,NaN,NaN,NaN,NaN,NaN,1,0,0,0,0,NaN,NaN,69.94276954962638,NaN,NaN,NaN,8.959383329809569,8.020095133176488,NaN,NaN,NaN,NaN,NaN,NaN,NaN,NaN,NaN,NaN,1
2022-09-21,7.8839602830044075,7.8839602830044075,7.39,7.5175,7.962972016132232,9.65628843987739,7.5175,0,0,6513,6827,0,0,0,0,NaN,NaN,71.25551403495906,NaN,NaN,NaN,8.959383329809569,7.794056947218836,NaN,NaN,NaN,NaN,NaN,NaN,NaN,NaN,NaN,NaN,1,0,0,0,0,NaN,NaN,71.25551403495906,NaN,NaN,NaN,8.959383329809569,7.794056947218836,NaN,NaN,NaN,NaN,NaN,NaN,NaN,NaN,NaN,NaN,1
2022-09-22,7.700730141502204,7.700730141502204,7.26,7.33625,7.849022558653645,9.620868005680789,7.33625,0,0,6513,6828,0,0,0,0,NaN,NaN,72.27171928850672,NaN,NaN,NaN,8.959383329809569,7.593277363053185,NaN,NaN,NaN,NaN,NaN,NaN,NaN,NaN,NaN,NaN,1,0,0,0,0,NaN,NaN,72.27171928850672,NaN,NaN,NaN,8.959383329809569,7.593277363053185,NaN,NaN,NaN,NaN,NaN,NaN,NaN,NaN,NaN,NaN,1
2022-09-23,7.518490070751102,7.518490070751102,6.9,7.1175,7.716018457080255,9.582648646815434,7.117500000000001,0,0,6513,6829,0,0,0,0,NaN,6.9,72.08763037385114,NaN,NaN,NaN,8.959383329809569,7.362989583245634,NaN,NaN,NaN,NaN,NaN,NaN,NaN,NaN,NaN,NaN,1,0,0,0,0,NaN,6.9,72.08763037385114,NaN,NaN,NaN,8.959383329809569,7.362989583245634,NaN,NaN,NaN,NaN,NaN,NaN,NaN,NaN,NaN,NaN,1
2022-09-26,7.317995035375551,7.317995035375551,7,7.1525,7.613560555792936,9.545547140757183,7.1525,0,0,6513,6830,0,0,0,0,NaN,NaN,71.86964565555152,NaN,NaN,NaN,8.917131468124207,7.362989583245634,NaN,NaN,NaN,NaN,NaN,NaN,NaN,NaN,NaN,NaN,1,0,0,0,0,NaN,NaN,71.86964565555152,NaN,NaN,NaN,8.917131468124207,7.362989583245634,NaN,NaN,NaN,NaN,NaN,NaN,NaN,NaN,NaN,NaN,1
2022-09-27,7.2352475176877755,7.25,7.15,7.2075000000000005,7.539731363830584,9.509851764562416,7.2075000000000005,0,0,6513,6831,0,0,0,0,NaN,NaN,71.87064651742462,NaN,NaN,NaN,8.095149861747595,7.362989583245634,NaN,NaN,NaN,NaN,NaN,NaN,NaN,NaN,NaN,NaN,1,0,0,0,0,NaN,NaN,71.87064651742462,NaN,NaN,NaN,8.095149861747595,7.362989583245634,NaN,NaN,NaN,NaN,NaN,NaN,NaN,NaN,NaN,NaN,1
2022-09-28,7.221373758843888,7.24,7.12,7.1925,7.47659838858866,9.474472348309556,7.1925,0,0,6513,6832,0,0,0,0,NaN,NaN,71.82884924791534,NaN,NaN,NaN,8.076761612438858,7.362989583245634,NaN,NaN,NaN,NaN,NaN,NaN,NaN,NaN,NaN,NaN,1,0,0,0,0,NaN,NaN,71.82884924791534,NaN,NaN,NaN,8.076761612438858,7.362989583245634,NaN,NaN,NaN,NaN,NaN,NaN,NaN,NaN,NaN,NaN,1
2022-09-29,7.206936879421944,7.206936879421944,7.06,7.137499999999999,7.414944136117994,9.438793381159792,7.137499999999999,0,0,6513,6833,0,0,0,0,NaN,NaN,71.79030783851815,NaN,NaN,NaN,8.018626002071601,7.362989583245634,NaN,NaN,NaN,NaN,NaN,NaN,NaN,NaN,NaN,NaN,1,0,0,0,0,NaN,NaN,71.79030783851815,NaN,NaN,NaN,8.018626002071601,7.362989583245634,NaN,NaN,NaN,NaN,NaN,NaN,NaN,NaN,NaN,NaN,1
2022-09-30,7.172218439710972,7.5,7.12,7.2575,7.386317929551087,9.405491192134452,7.257500000000001,0,0,6513,6834,0,0,0,0,NaN,NaN,71.85655185188855,NaN,NaN,NaN,8.018626002071601,7.362989583245634,NaN,NaN,NaN,NaN,NaN,NaN,NaN,NaN,NaN,NaN,1,0,0,0,0,NaN,NaN,71.85655185188855,NaN,NaN,NaN,8.018626002071601,7.362989583245634,NaN,NaN,NaN,NaN,NaN,NaN,NaN,NaN,NaN,NaN,1
2022-10-03,7.2148592198554855,7.57,7.2148592198554855,7.3875,7.386532851450889,9.374682166300339,7.3875,0,0,6513,6835,0,0,0,0,NaN,NaN,72.02889716443227,NaN,NaN,NaN,8.018626002071601,7.362989583245634,NaN,NaN,NaN,NaN,NaN,NaN,NaN,NaN,NaN,NaN,1,0,0,0,0,NaN,NaN,72.02889716443227,NaN,NaN,NaN,8.018626002071601,7.362989583245634,NaN,NaN,NaN,NaN,NaN,NaN,NaN,NaN,NaN,NaN,1
2022-10-04,7.301179609927743,7.69,7.301179609927743,7.590000000000001,7.4235268784598185,9.347435110326288,7.59,0,0,6513,6836,0,0,0,0,NaN,NaN,71.65748401072061,NaN,NaN,NaN,8.018626002071601,7.362989583245634,NaN,NaN,NaN,NaN,NaN,NaN,NaN,NaN,NaN,NaN,1,0,0,0,0,NaN,NaN,71.65748401072061,NaN,NaN,NaN,8.018626002071601,7.362989583245634,NaN,NaN,NaN,NaN,NaN,NaN,NaN,NaN,NaN,NaN,1
2022-10-05,7.445589804963872,7.7,7.445589804963872,7.63,7.461067446012579,9.321214726962527,7.63,0,0,6513,6837,0,0,0,0,NaN,NaN,71.14367767432313,NaN,NaN,NaN,8.018626002071601,7.465999999999999,NaN,NaN,NaN,NaN,NaN,NaN,NaN,NaN,NaN,NaN,1,0,0,0,0,NaN,NaN,71.14367767432313,NaN,NaN,NaN,8.018626002071601,7.465999999999999,NaN,NaN,NaN,NaN,NaN,NaN,NaN,NaN,NaN,NaN,1
2022-10-06,7.537794902481936,7.615,7.5,7.54375,7.476100637646655,9.29407786090203,7.54375,0,0,6513,6838,0,0,0,0,NaN,NaN,70.82157581458094,NaN,NaN,NaN,8.018626002071601,7.465999999999999,NaN,NaN,NaN,NaN,NaN,NaN,NaN,NaN,NaN,NaN,1,0,0,0,0,NaN,NaN,70.82157581458094,NaN,NaN,NaN,8.018626002071601,7.465999999999999,NaN,NaN,NaN,NaN,NaN,NaN,NaN,NaN,NaN,NaN,1
2022-10-07,7.540772451240969,7.63,7.38,7.5525,7.489991430801809,9.267488885926427,7.552499999999999,0,0,6513,6839,0,0,0,0,NaN,NaN,70.56567249629632,NaN,NaN,NaN,8.018626002071601,7.465999999999999,NaN,NaN,NaN,NaN,NaN,NaN,NaN,NaN,NaN,NaN,1,0,0,0,0,NaN,NaN,70.56567249629632,NaN,NaN,NaN,8.018626002071601,7.465999999999999,NaN,NaN,NaN,NaN,NaN,NaN,NaN,NaN,NaN,NaN,1
2022-10-10,7.546636225620484,7.55,7.5,7.515000000000001,7.494538443383298,9.2407333304161,7.515000000000001,0,0,6513,6840,0,0,0,0,NaN,NaN,70.38794418737882,NaN,NaN,NaN,8.018626002071601,7.465999999999999,NaN,NaN,NaN,NaN,NaN,NaN,NaN,NaN,NaN,NaN,1,0,0,0,0,NaN,NaN,70.38794418737882,NaN,NaN,NaN,8.018626002071601,7.465999999999999,NaN,NaN,NaN,NaN,NaN,NaN,NaN,NaN,NaN,NaN,1
2022-10-11,7.530818112810243,7.55,7.34,7.4799999999999995,7.49189509004088,9.213851905524251,7.4799999999999995,0,0,6513,6841,0,0,0,0,NaN,NaN,70.09074142275546,NaN,NaN,NaN,8.018626002071601,7.465999999999999,NaN,NaN,NaN,NaN,NaN,NaN,NaN,NaN,NaN,NaN,1,0,0,0,0,NaN,NaN,70.09074142275546,NaN,NaN,NaN,8.018626002071601,7.465999999999999,NaN,NaN,NaN,NaN,NaN,NaN,NaN,NaN,NaN,NaN,1
2022-10-12,7.505409056405121,7.52,7.26,7.43,7.480641437306175,9.18661752528724,7.430000000000001,0,0,6513,6842,0,0,0,0,NaN,NaN,70.45716772644099,NaN,NaN,NaN,8.018626002071601,7.465999999999999,NaN,NaN,NaN,NaN,NaN,NaN,NaN,NaN,NaN,NaN,1,0,0,0,0,NaN,NaN,70.45716772644099,NaN,NaN,NaN,8.018626002071601,7.465999999999999,NaN,NaN,NaN,NaN,NaN,NaN,NaN,NaN,NaN,NaN,1
2022-10-13,7.46770452820256,7.46770452820256,7.1,7.285,7.44507026688687,9.1575851966569,7.285000000000001,0,0,6513,6843,0,0,0,0,NaN,NaN,71.1497478221801,NaN,NaN,NaN,8.018626002071601,7.452325,NaN,NaN,NaN,NaN,NaN,NaN,NaN,NaN,NaN,NaN,1,0,0,0,0,NaN,NaN,71.1497478221801,NaN,NaN,NaN,8.018626002071601,7.452325,NaN,NaN,NaN,NaN,NaN,NaN,NaN,NaN,NaN,NaN,1
2022-10-14,7.37635226410128,7.6099,7.05,7.313725,7.4211893092710755,9.129434659303358,7.313725,0,0,6513,6844,0,0,0,0,NaN,NaN,72.54502950038028,NaN,NaN,NaN,8.018626002071601,7.452325,NaN,NaN,NaN,NaN,NaN,NaN,NaN,NaN,NaN,NaN,1,0,0,0,0,NaN,NaN,72.54502950038028,NaN,NaN,NaN,8.018626002071601,7.452325,NaN,NaN,NaN,NaN,NaN,NaN,NaN,NaN,NaN,NaN,1
2022-10-17,7.34503863205064,7.3842,7.05,7.15355,7.372527616676335,9.099268481298727,7.153550000000001,0,0,6513,6845,0,0,0,0,NaN,NaN,73.38490233475046,NaN,NaN,NaN,8.018626002071601,7.3796085,NaN,NaN,NaN,NaN,NaN,NaN,NaN,NaN,NaN,NaN,1,0,0,0,0,NaN,NaN,73.38490233475046,NaN,NaN,NaN,8.018626002071601,7.3796085,NaN,NaN,NaN,NaN,NaN,NaN,NaN,NaN,NaN,NaN,1
2022-10-18,7.2492943160253205,7.45,7.1,7.3175,7.362522595462456,9.07206590906516,7.3175,0,0,6513,6846,0,0,0,0,NaN,NaN,73.7218543428069,NaN,NaN,NaN,8.018626002071601,7.3796085,NaN,NaN,NaN,NaN,NaN,NaN,NaN,NaN,NaN,NaN,1,0,0,0,0,NaN,NaN,73.7218543428069,NaN,NaN,NaN,8.018626002071601,7.3796085,NaN,NaN,NaN,NaN,NaN,NaN,NaN,NaN,NaN,NaN,1
2022-10-19,7.28339715801266,7.32,7.16,7.255,7.3429730326511,9.044324444804623,7.255,0,0,6513,6847,0,0,0,0,NaN,NaN,73.99671234422681,NaN,NaN,NaN,8.018626002071601,7.3796085,NaN,NaN,NaN,NaN,NaN,NaN,NaN,NaN,NaN,NaN,1,0,0,0,0,NaN,NaN,73.99671234422681,NaN,NaN,NaN,8.018626002071601,7.3796085,NaN,NaN,NaN,NaN,NaN,NaN,NaN,NaN,NaN,NaN,1
2022-10-20,7.26919857900633,7.26919857900633,7.1,7.17,7.3115233903509,9.015708804425927,7.170000000000001,0,0,6513,6848,0,0,0,0,NaN,NaN,74.59009518613834,NaN,NaN,NaN,8.018626002071601,7.3796085,NaN,NaN,NaN,NaN,NaN,NaN,NaN,NaN,NaN,NaN,1,0,0,0,0,NaN,NaN,74.59009518613834,NaN,NaN,NaN,8.018626002071601,7.3796085,NaN,NaN,NaN,NaN,NaN,NaN,NaN,NaN,NaN,NaN,1
2022-10-21,7.219599289503165,7.29,7,7.140000000000001,7.28033731937801,8.987072028785837,7.140000000000001,0,0,6513,6849,0,0,0,0,NaN,NaN,75.54472163173222,NaN,NaN,NaN,8.018626002071601,7.358863489999999,NaN,NaN,NaN,NaN,NaN,NaN,NaN,NaN,NaN,NaN,1,0,0,0,0,NaN,NaN,75.54472163173222,NaN,NaN,NaN,8.018626002071601,7.358863489999999,NaN,NaN,NaN,NaN,NaN,NaN,NaN,NaN,NaN,NaN,1
2022-10-24,7.179799644751583,7.179799644751583,6.96,7.052499999999999,7.238912352218372,8.95753657796468,7.052499999999999,0,0,6513,6850,0,0,0,0,NaN,NaN,76.7736871671865,NaN,NaN,NaN,8.018626002071601,7.291478275899999,NaN,NaN,NaN,NaN,NaN,NaN,NaN,NaN,NaN,NaN,1,0,0,0,0,NaN,NaN,76.7736871671865,NaN,NaN,NaN,8.018626002071601,7.291478275899999,NaN,NaN,NaN,NaN,NaN,NaN,NaN,NaN,NaN,NaN,1
2022-10-25,7.116149822375791,7.15,6.95,7.0375,7.202291924542304,8.928223042423234,7.037499999999999,0,1,6513,6851,0,0,0,0,NaN,NaN,79.01444680641929,NaN,NaN,NaN,8.018626002071601,7.254400882792,NaN,NaN,NaN,NaN,NaN,NaN,NaN,NaN,NaN,NaN,1,0,0,0,0,NaN,NaN,79.01444680641929,NaN,NaN,NaN,8.018626002071601,7.254400882792,NaN,NaN,NaN,NaN,NaN,NaN,NaN,NaN,NaN,NaN,1
2022-10-26,7.076824911187895,7.2,7.03,7.1225,7.187784301898248,8.900654751699214,7.1225,0,0,6513,6852,0,0,0,0,NaN,NaN,79.84198903143377,NaN,NaN,NaN,8.018626002071601,7.254400882792,NaN,NaN,NaN,NaN,NaN,NaN,NaN,NaN,NaN,NaN,1,0,0,0,0,NaN,NaN,79.84198903143377,NaN,NaN,NaN,8.018626002071601,7.254400882792,NaN,NaN,NaN,NaN,NaN,NaN,NaN,NaN,NaN,NaN,1
2022-10-27,7.099662455593947,7.15,7.02,7.115,7.174550792462203,8.87339284709312,7.115000000000001,0,0,6513,6853,0,0,0,0,NaN,NaN,80.30200745538792,NaN,NaN,NaN,8.018626002071601,7.254400882792,NaN,NaN,NaN,NaN,NaN,NaN,NaN,NaN,NaN,NaN,1,0,0,0,0,NaN,NaN,80.30200745538792,NaN,NaN,NaN,8.018626002071601,7.254400882792,NaN,NaN,NaN,NaN,NaN,NaN,NaN,NaN,NaN,NaN,1
2022-10-28,7.107331227796974,7.24,7.05,7.180000000000001,7.175541557469075,8.847539521183302,7.1800000000000015,0,0,6513,6854,0,0,0,0,NaN,NaN,80.46340814669742,NaN,NaN,NaN,8.018626002071601,7.254400882792,NaN,NaN,NaN,NaN,NaN,NaN,NaN,NaN,NaN,NaN,1,0,0,0,0,NaN,NaN,80.46340814669742,NaN,NaN,NaN,8.018626002071601,7.254400882792,NaN,NaN,NaN,NaN,NaN,NaN,NaN,NaN,NaN,NaN,1
2022-10-31,7.143665613898487,7.1864,7,7.106599999999999,7.163006728838334,8.82096029185226,7.106599999999999,0,0,6513,6855,0,0,0,0,NaN,NaN,80.90476735699804,NaN,NaN,NaN,8.018626002071601,7.254400882792,NaN,NaN,NaN,NaN,NaN,NaN,NaN,NaN,NaN,NaN,1,0,0,0,0,NaN,NaN,80.90476735699804,NaN,NaN,NaN,8.018626002071601,7.254400882792,NaN,NaN,NaN,NaN,NaN,NaN,NaN,NaN,NaN,NaN,1
2022-11-01,7.125132806949243,7.15,7.01,7.0649999999999995,7.1451873235950005,8.79415173777818,7.0649999999999995,0,0,6513,6856,0,0,0,0,NaN,NaN,81.1076636326799,NaN,NaN,NaN,8.018626002071601,7.254400882792,NaN,NaN,NaN,NaN,NaN,NaN,NaN,NaN,NaN,NaN,1,0,0,0,0,NaN,NaN,81.1076636326799,NaN,NaN,NaN,8.018626002071601,7.254400882792,NaN,NaN,NaN,NaN,NaN,NaN,NaN,NaN,NaN,NaN,1
2022-11-02,7.095066403474622,7.125,7.01,7.054075,7.128621446577728,8.767585680712864,7.054075,0,0,6513,6857,0,0,0,0,NaN,NaN,81.72467276791059,NaN,NaN,NaN,8.018626002071601,7.254400882792,NaN,NaN,NaN,NaN,NaN,NaN,NaN,NaN,NaN,NaN,1,0,0,0,0,NaN,NaN,81.72467276791059,NaN,NaN,NaN,8.018626002071601,7.254400882792,NaN,NaN,NaN,NaN,NaN,NaN,NaN,NaN,NaN,NaN,1
2022-11-03,7.074570701737311,7.09,6.96,7.015000000000001,7.107963001745413,8.740828647419539,7.015000000000001,0,0,6513,6858,0,0,0,0,NaN,NaN,82.3436278070411,NaN,NaN,NaN,8.018626002071601,7.2089282503732,NaN,NaN,NaN,NaN,NaN,NaN,NaN,NaN,NaN,NaN,1,0,0,0,0,NaN,NaN,82.3436278070411,NaN,NaN,NaN,8.018626002071601,7.2089282503732,NaN,NaN,NaN,NaN,NaN,NaN,NaN,NaN,NaN,NaN,1
2022-11-04,7.044785350868656,7.27,7.044785350868656,7.1625,7.117878819609883,8.716732026848248,7.1625,0,0,6513,6859,0,0,0,0,NaN,NaN,82.91627615635011,NaN,NaN,NaN,8.018626002071601,7.2089282503732,NaN,NaN,NaN,NaN,NaN,NaN,NaN,NaN,NaN,NaN,1,0,0,0,0,NaN,NaN,82.91627615635011,NaN,NaN,NaN,8.018626002071601,7.2089282503732,NaN,NaN,NaN,NaN,NaN,NaN,NaN,NaN,NaN,NaN,1
2022-11-07,7.103642675434328,7.26,7.04,7.1975,7.132355397862631,8.693537644758962,7.1975,0,0,6513,6860,0,0,0,0,NaN,NaN,83.30824578138191,NaN,NaN,NaN,8.018626002071601,7.2089282503732,NaN,NaN,NaN,NaN,NaN,NaN,NaN,NaN,NaN,NaN,1,0,0,0,0,NaN,NaN,83.30824578138191,NaN,NaN,NaN,8.018626002071601,7.2089282503732,NaN,NaN,NaN,NaN,NaN,NaN,NaN,NaN,NaN,NaN,1
2022-11-08,7.150571337717164,7.2,7.02,7.1450000000000005,7.134654416433062,8.669895848655772,7.1450000000000005,0,0,6513,6861,0,0,0,0,NaN,NaN,83.38673251502675,NaN,NaN,NaN,8.018626002071601,7.2089282503732,NaN,NaN,NaN,NaN,NaN,NaN,NaN,NaN,NaN,NaN,1,0,0,0,0,NaN,NaN,83.38673251502675,NaN,NaN,NaN,8.018626002071601,7.2089282503732,NaN,NaN,NaN,NaN,NaN,NaN,NaN,NaN,NaN,NaN,1
2022-11-09,7.147785668858582,7.147785668858582,6.95,7.0112499999999995,7.112217249808869,8.644573011271714,7.0112499999999995,0,0,6513,6862,0,0,0,0,NaN,NaN,83.29713520800162,NaN,NaN,NaN,8.018626002071601,7.171808665306024,NaN,NaN,NaN,NaN,NaN,NaN,NaN,NaN,NaN,NaN,1,0,0,0,0,NaN,NaN,83.29713520800162,NaN,NaN,NaN,8.018626002071601,7.171808665306024,NaN,NaN,NaN,NaN,NaN,NaN,NaN,NaN,NaN,NaN,1
2022-11-10,7.079517834429291,7.25,7,7.1025,7.1104504771163475,8.621029911862985,7.1025,0,0,6513,6863,0,0,0,0,NaN,NaN,83.87637749222314,NaN,NaN,NaN,8.018626002071601,7.171808665306024,NaN,NaN,NaN,NaN,NaN,NaN,NaN,NaN,NaN,NaN,1,0,0,0,0,NaN,NaN,83.87637749222314,NaN,NaN,NaN,8.018626002071601,7.171808665306024,NaN,NaN,NaN,NaN,NaN,NaN,NaN,NaN,NaN,NaN,1
2022-11-11,7.091008917214646,7.395,7.01,7.191249999999999,7.1251412994588295,8.599201210918512,7.191249999999999,0,0,6513,6864,0,0,0,0,NaN,NaN,84.5005193739625,NaN,NaN,NaN,8.018626002071601,7.171808665306024,NaN,NaN,NaN,NaN,NaN,NaN,NaN,NaN,NaN,NaN,1,0,0,0,0,NaN,NaN,84.5005193739625,NaN,NaN,NaN,8.018626002071601,7.171808665306024,NaN,NaN,NaN,NaN,NaN,NaN,NaN,NaN,NaN,NaN,1
2022-11-14,7.141129458607322,7.62,7.141129458607322,7.3375,7.163751972284497,8.57993859701136,7.3375,0,0,6513,6865,0,0,0,0,NaN,NaN,84.04702545636852,NaN,NaN,NaN,8.018626002071601,7.20863125,NaN,NaN,NaN,NaN,NaN,NaN,NaN,NaN,NaN,NaN,1,0,0,0,0,NaN,NaN,84.04702545636852,NaN,NaN,NaN,8.018626002071601,7.20863125,NaN,NaN,NaN,NaN,NaN,NaN,NaN,NaN,NaN,NaN,1
2022-11-15,7.239314729303661,7.6549,7.239314729303661,7.421225,7.210565250050952,8.562248313087522,7.421225,0,0,6513,6866,0,0,0,0,NaN,NaN,82.81536940026574,NaN,NaN,NaN,8.018626002071601,7.2556156875,NaN,NaN,NaN,NaN,NaN,NaN,NaN,NaN,NaN,NaN,1,0,0,0,0,NaN,NaN,82.81536940026574,NaN,NaN,NaN,8.018626002071601,7.2556156875,NaN,NaN,NaN,NaN,NaN,NaN,NaN,NaN,NaN,NaN,1
2022-11-16,7.3302698646518305,7.545,7.3302698646518305,7.44125,7.25250793185987,8.545133835025117,7.44125,0,0,6513,6867,0,0,0,0,NaN,NaN,81.2272376688247,NaN,NaN,NaN,8.018626002071601,7.27616549625,NaN,NaN,NaN,NaN,NaN,NaN,NaN,NaN,NaN,NaN,1,0,0,0,0,NaN,NaN,81.2272376688247,NaN,NaN,NaN,8.018626002071601,7.27616549625,NaN,NaN,NaN,NaN,NaN,NaN,NaN,NaN,NaN,NaN,1
2022-11-17,7.385759932325915,7.48,7.35,7.4,7.279324671521712,8.527650875711757,7.4,0,0,6513,6868,0,0,0,0,NaN,NaN,79.53562154282426,NaN,NaN,NaN,8.018626002071601,7.27616549625,NaN,NaN,NaN,NaN,NaN,NaN,NaN,NaN,NaN,NaN,1,0,0,0,0,NaN,NaN,79.53562154282426,NaN,NaN,NaN,8.018626002071601,7.27616549625,NaN,NaN,NaN,NaN,NaN,NaN,NaN,NaN,NaN,NaN,1
2022-11-18,7.392879966162958,7.57,7.38,7.427499999999999,7.306265640335946,8.510854679136004,7.427499999999999,0,0,6513,6869,0,0,0,0,NaN,NaN,77.89415625915514,NaN,NaN,NaN,8.018626002071601,7.27616549625,NaN,NaN,NaN,NaN,NaN,NaN,NaN,NaN,NaN,NaN,1,0,0,0,0,NaN,NaN,77.89415625915514,NaN,NaN,NaN,8.018626002071601,7.27616549625,NaN,NaN,NaN,NaN,NaN,NaN,NaN,NaN,NaN,NaN,1
2022-11-21,7.410189983081478,7.44,7.13,7.285,7.302399160274865,8.492139340523241,7.285,0,0,6513,6870,0,0,0,0,NaN,NaN,76.61292124105447,NaN,NaN,NaN,8.018626002071601,7.27616549625,NaN,NaN,NaN,NaN,NaN,NaN,NaN,NaN,NaN,NaN,1,0,0,0,0,NaN,NaN,76.61292124105447,NaN,NaN,NaN,8.018626002071601,7.27616549625,NaN,NaN,NaN,NaN,NaN,NaN,NaN,NaN,NaN,NaN,1
2022-11-22,7.347594991540739,7.37,7.09,7.21,7.285599312952162,8.47256469410304,7.209999999999999,0,0,6513,6871,0,0,0,0,NaN,NaN,75.19925578077594,NaN,NaN,NaN,8.018626002071601,7.27616549625,NaN,NaN,NaN,NaN,NaN,NaN,NaN,NaN,NaN,NaN,1,0,0,0,0,NaN,NaN,75.19925578077594,NaN,NaN,NaN,8.018626002071601,7.27616549625,NaN,NaN,NaN,NaN,NaN,NaN,NaN,NaN,NaN,NaN,1
2022-11-23,7.27879749577037,7.379,7.08,7.1972499999999995,7.269535801506315,8.453094240757956,7.197249999999999,0,0,6513,6872,0,0,0,0,NaN,NaN,73.70485431278891,NaN,NaN,NaN,8.018626002071601,7.27616549625,NaN,NaN,NaN,NaN,NaN,NaN,NaN,NaN,NaN,NaN,1,0,0,0,0,NaN,NaN,73.70485431278891,NaN,NaN,NaN,8.018626002071601,7.27616549625,NaN,NaN,NaN,NaN,NaN,NaN,NaN,NaN,NaN,NaN,1
2022-11-25,7.238023747885185,7.36,7.09,7.1575,7.249165655777894,8.43331417601356,7.1575,0,0,6513,6873,0,0,0,0,NaN,NaN,72.31197824175388,NaN,NaN,NaN,8.018626002071601,7.27616549625,NaN,NaN,NaN,NaN,NaN,NaN,NaN,NaN,NaN,NaN,1,0,0,0,0,NaN,NaN,72.31197824175388,NaN,NaN,NaN,8.018626002071601,7.27616549625,NaN,NaN,NaN,NaN,NaN,NaN,NaN,NaN,NaN,NaN,1
2022-11-28,7.197761873942593,7.27,7.06,7.1675,7.234317354727367,8.413988768746178,7.1675,0,0,6513,6874,0,0,0,0,NaN,NaN,70.95585081283508,NaN,NaN,NaN,8.018626002071601,7.27616549625,NaN,NaN,NaN,NaN,NaN,NaN,NaN,NaN,NaN,NaN,1,0,0,0,0,NaN,NaN,70.95585081283508,NaN,NaN,NaN,8.018626002071601,7.27616549625,NaN,NaN,NaN,NaN,NaN,NaN,NaN,NaN,NaN,NaN,1
2022-11-29,7.182630936971297,7.29,7.1,7.175000000000001,7.223532381140574,8.39507290968135,7.175000000000001,0,0,6513,6875,0,0,0,0,NaN,NaN,69.3911702648161,NaN,NaN,NaN,8.018626002071601,7.27616549625,NaN,NaN,NaN,NaN,NaN,NaN,NaN,NaN,NaN,NaN,1,0,0,0,0,NaN,NaN,69.3911702648161,NaN,NaN,NaN,8.018626002071601,7.27616549625,NaN,NaN,NaN,NaN,NaN,NaN,NaN,NaN,NaN,NaN,1
2022-11-30,7.178815468485649,7.68,7.178815468485649,7.385,7.252890130024106,8.3796519492282,7.385,0,0,6513,6876,0,0,0,0,NaN,NaN,66.6221521801959,NaN,NaN,NaN,8.018626002071601,7.27616549625,NaN,NaN,NaN,NaN,NaN,NaN,NaN,NaN,NaN,NaN,1,0,0,0,0,NaN,NaN,66.6221521801959,NaN,NaN,NaN,8.018626002071601,7.27616549625,NaN,NaN,NaN,NaN,NaN,NaN,NaN,NaN,NaN,NaN,1
2022-12-01,7.281907734242824,7.61,7.281907734242824,7.5375000000000005,7.304637379110632,8.366794667560592,7.5375,0,0,6513,6877,0,0,0,0,NaN,NaN,62.72203810419493,NaN,NaN,NaN,8.018626002071601,7.343479351587501,NaN,NaN,NaN,NaN,NaN,NaN,NaN,NaN,NaN,NaN,1,0,0,0,0,NaN,NaN,62.72203810419493,NaN,NaN,NaN,8.018626002071601,7.343479351587501,NaN,NaN,NaN,NaN,NaN,NaN,NaN,NaN,NaN,NaN,1
2022-12-02,7.409703867121412,7.8,7.409703867121412,7.5725,7.35333967381779,8.35466803141463,7.572499999999999,0,0,6513,6878,0,0,0,0,NaN,NaN,58.5412761505712,NaN,NaN,NaN,8.018626002071601,7.386361829397,NaN,NaN,NaN,NaN,NaN,NaN,NaN,NaN,NaN,NaN,1,0,0,0,0,NaN,NaN,58.5412761505712,NaN,NaN,NaN,8.018626002071601,7.386361829397,NaN,NaN,NaN,NaN,NaN,NaN,NaN,NaN,NaN,NaN,1
2022-12-05,7.4911019335607065,8,7.49,7.7275,7.421368824032737,8.34509294696555,7.7275,0,0,6513,6879,0,0,0,0,NaN,NaN,53.13149662679682,NaN,NaN,NaN,8.018626002071601,7.503407554987451,NaN,NaN,NaN,NaN,NaN,NaN,NaN,NaN,NaN,NaN,1,0,0,0,0,NaN,NaN,53.13149662679682,NaN,NaN,NaN,8.018626002071601,7.503407554987451,NaN,NaN,NaN,NaN,NaN,NaN,NaN,NaN,NaN,NaN,1
2022-12-06,7.609300966780353,8.08,7.609300966780353,8.025,7.531119946935876,8.340206031744703,8.025,0,0,6513,6880,0,0,0,0,NaN,NaN,44.88763245037466,NaN,NaN,NaN,8.018626002071601,7.719269195089709,NaN,NaN,NaN,NaN,NaN,NaN,NaN,NaN,NaN,NaN,1,0,0,0,0,NaN,NaN,44.88763245037466,NaN,NaN,NaN,8.018626002071601,7.719269195089709,NaN,NaN,NaN,NaN,NaN,NaN,NaN,NaN,NaN,NaN,1
2022-12-07,7.817150483390177,7.905,7.4,7.6775,7.557734502038444,8.330088382405089,7.6775,0,0,6513,6881,0,0,0,0,NaN,NaN,39.63190506779845,NaN,NaN,NaN,8.018626002071601,7.719269195089709,NaN,NaN,NaN,NaN,NaN,NaN,NaN,NaN,NaN,NaN,1,0,0,0,0,NaN,NaN,39.63190506779845,NaN,NaN,NaN,8.018626002071601,7.719269195089709,NaN,NaN,NaN,NaN,NaN,NaN,NaN,NaN,NaN,NaN,1
2022-12-08,7.747325241695089,7.747325241695089,7.3,7.461975000000001,7.540323683485999,8.316834742979056,7.461975000000001,0,0,6513,6882,0,0,0,0,NaN,NaN,35.804609275751545,NaN,NaN,NaN,8.018626002071601,7.719269195089709,NaN,NaN,NaN,NaN,NaN,NaN,NaN,NaN,NaN,NaN,1,0,0,0,0,NaN,NaN,35.804609275751545,NaN,NaN,NaN,8.018626002071601,7.719269195089709,NaN,NaN,NaN,NaN,NaN,NaN,NaN,NaN,NaN,NaN,1
2022-12-09,7.604650120847545,7.8,7.365,7.53,7.538446650124908,8.304821998811438,7.530000000000001,0,0,6513,6883,0,0,0,0,NaN,NaN,31.379839572347585,NaN,NaN,NaN,8.018626002071601,7.719269195089709,NaN,NaN,NaN,NaN,NaN,NaN,NaN,NaN,NaN,NaN,1,0,0,0,0,NaN,NaN,31.379839572347585,NaN,NaN,NaN,8.018626002071601,7.719269195089709,NaN,NaN,NaN,NaN,NaN,NaN,NaN,NaN,NaN,NaN,1
2022-12-12,7.567325060423773,7.5899,7.4214,7.507825,7.532879077374925,8.292654105699812,7.507825,0,0,6513,6884,0,0,0,0,NaN,NaN,27.09076519161223,NaN,NaN,NaN,8.018626002071601,7.719269195089709,NaN,NaN,NaN,NaN,NaN,NaN,NaN,NaN,NaN,NaN,1,0,0,0,0,NaN,NaN,27.09076519161223,NaN,NaN,NaN,8.018626002071601,7.719269195089709,NaN,NaN,NaN,NaN,NaN,NaN,NaN,NaN,NaN,NaN,1
2022-12-13,7.537575030211887,7.77,7.537575030211887,7.6425,7.552810154215847,8.2827280888189,7.642499999999999,0,0,6513,6885,0,0,0,0,NaN,NaN,22.056076706877782,NaN,NaN,NaN,8.018626002071601,7.719269195089709,NaN,NaN,NaN,NaN,NaN,NaN,NaN,NaN,NaN,NaN,1,0,0,0,0,NaN,NaN,22.056076706877782,NaN,NaN,NaN,8.018626002071601,7.719269195089709,NaN,NaN,NaN,NaN,NaN,NaN,NaN,NaN,NaN,NaN,1
2022-12-14,7.590037515105943,7.89,7.5557,7.676424999999999,7.575285580722056,8.27347155311174,7.676424999999999,0,0,6513,6886,0,0,0,0,NaN,NaN,17.033800044726117,NaN,NaN,NaN,8.018626002071601,7.719269195089709,NaN,NaN,NaN,NaN,NaN,NaN,NaN,NaN,NaN,NaN,1,0,0,0,0,NaN,NaN,17.033800044726117,NaN,NaN,NaN,8.018626002071601,7.719269195089709,NaN,NaN,NaN,NaN,NaN,NaN,NaN,NaN,NaN,NaN,1
2022-12-15,7.633231257552971,7.72,7.57,7.6674999999999995,7.5920518387725915,8.26422007901843,7.667499999999999,0,0,6513,6887,0,0,0,0,NaN,NaN,12.512297233878956,NaN,NaN,NaN,8.018626002071601,7.719269195089709,NaN,NaN,NaN,NaN,NaN,NaN,NaN,NaN,NaN,NaN,1,0,0,0,0,NaN,NaN,12.512297233878956,NaN,NaN,NaN,8.018626002071601,7.719269195089709,NaN,NaN,NaN,NaN,NaN,NaN,NaN,NaN,NaN,NaN,1
2022-12-16,7.650365628776486,7.650365628776486,7.43,7.5625,7.586678777177575,8.253506795369294,7.5625,0,0,6513,6888,0,0,0,0,NaN,NaN,8.776425331679869,NaN,NaN,NaN,8.018626002071601,7.719269195089709,NaN,NaN,NaN,NaN,NaN,NaN,NaN,NaN,NaN,NaN,1,0,0,0,0,NaN,NaN,8.776425331679869,NaN,NaN,NaN,8.018626002071601,7.719269195089709,NaN,NaN,NaN,NaN,NaN,NaN,NaN,NaN,NaN,NaN,1
2022-12-19,7.606432814388243,7.67,7.42,7.545,7.579100817690743,8.242689897730068,7.545,0,1,6513,6889,0,0,0,0,NaN,NaN,6.141263520639539,NaN,NaN,NaN,8.018626002071601,7.719269195089709,NaN,NaN,NaN,NaN,NaN,NaN,NaN,NaN,NaN,NaN,1,0,0,0,0,NaN,NaN,6.141263520639539,NaN,NaN,NaN,8.018626002071601,7.719269195089709,NaN,NaN,NaN,NaN,NaN,NaN,NaN,NaN,NaN,NaN,1
2022-12-20,7.575716407194122,7.575716407194122,7.1,7.279999999999999,7.52471885083788,8.227992342039533,7.279999999999999,0,0,6513,6890,0,0,0,0,NaN,NaN,4.667422249820177,NaN,NaN,NaN,8.018626002071601,7.574275,NaN,NaN,NaN,NaN,NaN,NaN,NaN,NaN,NaN,NaN,1,0,0,0,0,NaN,NaN,4.667422249820177,NaN,NaN,NaN,8.018626002071601,7.574275,NaN,NaN,NaN,NaN,NaN,NaN,NaN,NaN,NaN,NaN,1
2022-12-21,7.427858203597061,7.427858203597061,7.15,7.227499999999999,7.470679059776447,8.212717649794655,7.227499999999999,0,0,6513,6891,0,0,0,0,NaN,NaN,3.091610134125008,NaN,NaN,NaN,8.018626002071601,7.538409249999999,NaN,NaN,NaN,NaN,NaN,NaN,NaN,NaN,NaN,NaN,1,0,0,0,0,NaN,NaN,3.091610134125008,NaN,NaN,NaN,8.018626002071601,7.538409249999999,NaN,NaN,NaN,NaN,NaN,NaN,NaN,NaN,NaN,NaN,1
2022-12-22,7.32767910179853,7.32767910179853,7.08,7.16625,7.415328321635275,8.196741044454278,7.16625,0,0,6513,6892,0,0,0,0,NaN,NaN,1.8335481689756887,NaN,NaN,NaN,8.018626002071601,7.487292194999999,NaN,NaN,NaN,NaN,NaN,NaN,NaN,NaN,NaN,NaN,1,0,0,0,0,NaN,NaN,1.8335481689756887,NaN,NaN,NaN,8.018626002071601,7.487292194999999,NaN,NaN,NaN,NaN,NaN,NaN,NaN,NaN,NaN,NaN,1
2022-12-23,7.246964550899265,7.246964550899265,7.011,7.100249999999999,7.358041354065225,8.1800007231649,7.100249999999999,0,0,6513,6893,0,0,0,0,NaN,NaN,1.0074224467225597,NaN,NaN,NaN,8.018626002071601,7.422428397449999,NaN,NaN,NaN,NaN,NaN,NaN,NaN,NaN,NaN,NaN,1,0,0,0,0,NaN,NaN,1.0074224467225597,NaN,NaN,NaN,8.018626002071601,7.422428397449999,NaN,NaN,NaN,NaN,NaN,NaN,NaN,NaN,NaN,NaN,1
2022-12-27,7.173607275449632,7.25,7.02,7.119999999999999,7.314761107871548,8.163817506017345,7.119999999999999,0,0,6513,6894,0,0,0,0,NaN,NaN,0.38853492446799737,NaN,NaN,NaN,8.018626002071601,7.422428397449999,NaN,NaN,NaN,NaN,NaN,NaN,NaN,NaN,NaN,NaN,1,0,0,0,0,NaN,NaN,0.38853492446799737,NaN,NaN,NaN,8.018626002071601,7.422428397449999,NaN,NaN,NaN,NaN,NaN,NaN,NaN,NaN,NaN,NaN,1
2022-12-28,7.146803637724815,7.146803637724815,6.93,7.027175,7.262472724622175,8.146464185314791,7.027175,0,0,6513,6895,0,0,0,0,NaN,NaN,0.039037357155702695,NaN,NaN,NaN,8.018626002071601,7.342844989755999,NaN,NaN,NaN,NaN,NaN,NaN,NaN,NaN,NaN,NaN,1,0,0,0,0,NaN,NaN,0.039037357155702695,NaN,NaN,NaN,8.018626002071601,7.342844989755999,NaN,NaN,NaN,NaN,NaN,NaN,NaN,NaN,NaN,NaN,1
2022-12-29,7.086989318862408,7.086989318862408,6.8,6.9475,7.205204956509053,8.128159388592428,6.947499999999999,0,0,6513,6896,0,0,0,0,NaN,NaN,0.008595310157986407,NaN,NaN,NaN,8.018626002071601,7.2496813662926,NaN,NaN,NaN,NaN,NaN,NaN,NaN,NaN,NaN,NaN,1,0,0,0,0,NaN,NaN,0.008595310157986407,NaN,NaN,NaN,8.018626002071601,7.2496813662926,NaN,NaN,NaN,NaN,NaN,NaN,NaN,NaN,NaN,NaN,1
2022-12-30,7.017244659431204,7.1,6.73,6.992325,7.166499509871043,8.110818405560483,6.992324999999999,0,0,6513,6897,0,0,0,0,NaN,NaN,0.16773564947517927,NaN,NaN,NaN,8.018626002071601,7.2496813662926,NaN,NaN,NaN,NaN,NaN,NaN,NaN,NaN,NaN,NaN,1,0,0,0,0,NaN,NaN,0.16773564947517927,NaN,NaN,NaN,8.018626002071601,7.2496813662926,NaN,NaN,NaN,NaN,NaN,NaN,NaN,NaN,NaN,NaN,1
2023-01-03,7.004784829715602,8,7.004784829715602,7.4375,7.215772326258127,8.100538735246582,7.4375,0,0,6513,6898,0,0,0,0,NaN,NaN,1.1194724050372804,NaN,NaN,NaN,8.018626002071601,7.2496813662926,NaN,NaN,NaN,NaN,NaN,NaN,NaN,NaN,NaN,NaN,1,0,0,0,0,NaN,NaN,1.1194724050372804,NaN,NaN,NaN,8.018626002071601,7.2496813662926,NaN,NaN,NaN,NaN,NaN,NaN,NaN,NaN,NaN,NaN,1
2023-01-04,7.221142414857801,7.74,7.221142414857801,7.667225,7.297854630574831,8.09392325837259,7.667225,0,0,6513,6899,0,0,0,0,NaN,NaN,2.75011063449528,NaN,NaN,NaN,8.018626002071601,7.37213775,NaN,NaN,NaN,NaN,NaN,NaN,NaN,NaN,NaN,NaN,1,0,0,0,0,NaN,NaN,2.75011063449528,NaN,NaN,NaN,8.018626002071601,7.37213775,NaN,NaN,NaN,NaN,NaN,NaN,NaN,NaN,NaN,NaN,1
2023-01-05,7.4441837074289,7.94,7.4441837074289,7.765,7.382790152288497,8.08890152923713,7.764999999999999,0,0,6513,6900,0,0,0,0,NaN,NaN,4.460850738243817,NaN,NaN,NaN,8.018626002071601,7.431344492499999,NaN,NaN,NaN,NaN,NaN,NaN,NaN,NaN,NaN,NaN,1,0,0,0,0,NaN,NaN,4.460850738243817,NaN,NaN,NaN,8.018626002071601,7.431344492499999,NaN,NaN,NaN,NaN,NaN,NaN,NaN,NaN,NaN,NaN,1
2023-01-06,7.6045918537144495,8.31,7.6045918537144495,8.082500000000001,7.51001012459968,8.088803795966335,8.082500000000001,0,0,6513,6901,0,0,0,0,NaN,NaN,6.3573135745268825,NaN,NaN,NaN,8.018626002071601,7.61963882295,NaN,NaN,NaN,NaN,NaN,NaN,NaN,NaN,NaN,NaN,1,0,0,0,0,NaN,NaN,6.3573135745268825,NaN,NaN,NaN,8.018626002071601,7.61963882295,NaN,NaN,NaN,NaN,NaN,NaN,NaN,NaN,NaN,NaN,1
2023-01-09,7.843545926857225,8.3724,7.843545926857225,8.1556,7.627390101945193,8.089823585340895,8.1556,0,0,6513,6902,0,0,0,0,NaN,NaN,8.619520943664105,NaN,NaN,NaN,8.018626002071601,7.7011358288844995,NaN,NaN,NaN,NaN,NaN,NaN,NaN,NaN,NaN,NaN,1,0,0,0,0,NaN,NaN,8.619520943664105,NaN,NaN,NaN,8.018626002071601,7.7011358288844995,NaN,NaN,NaN,NaN,NaN,NaN,NaN,NaN,NaN,NaN,1
2023-01-10,7.999572963428612,8.47,7.999572963428612,8.3575,7.760137356136976,8.093910248160118,8.3575,0,0,6513,6903,1,0,0,0,NaN,NaN,11.569015143356932,NaN,NaN,NaN,8.018626002071601,7.86873552941836,NaN,NaN,NaN,NaN,NaN,NaN,NaN,NaN,NaN,NaN,1,1,0,0,0,NaN,NaN,11.569015143356932,NaN,NaN,NaN,8.018626002071601,7.86873552941836,NaN,NaN,NaN,NaN,NaN,NaN,NaN,NaN,NaN,NaN,1
2023-01-11,8.178536481714307,8.86,8.178536481714307,8.642624999999999,7.920589655021162,8.102287572615689,8.642624999999999,0,0,6513,6904,0,0,0,0,NaN,NaN,14.711511992542913,NaN,NaN,NaN,8.018626002071601,8.105997075005606,NaN,NaN,NaN,NaN,NaN,NaN,NaN,NaN,NaN,NaN,1,0,0,0,0,NaN,NaN,14.711511992542913,NaN,NaN,NaN,8.018626002071601,8.105997075005606,NaN,NaN,NaN,NaN,NaN,NaN,NaN,NaN,NaN,NaN,1
2023-01-12,8.410580740857153,9.18,8.410580740857153,9.0125,8.119118808653678,8.116183945552853,9.0125,0,0,6513,6905,0,0,0,0,NaN,NaN,17.550651656245286,NaN,NaN,NaN,8.018626002071601,8.420816351504596,NaN,NaN,NaN,NaN,NaN,NaN,NaN,NaN,NaN,NaN,1,0,0,0,0,NaN,NaN,17.550651656245286,NaN,NaN,NaN,8.018626002071601,8.420816351504596,NaN,NaN,NaN,NaN,NaN,NaN,NaN,NaN,NaN,NaN,1
2023-01-13,8.711540370428576,9.0001,8.711540370428576,8.955025,8.271101752534827,8.128990679208535,8.955025,0,0,6513,6906,0,0,0,0,NaN,NaN,20.89894517744429,NaN,NaN,NaN,8.018626002071601,8.420816351504596,NaN,NaN,NaN,NaN,NaN,NaN,NaN,NaN,NaN,NaN,1,0,0,0,0,NaN,NaN,20.89894517744429,NaN,NaN,NaN,8.018626002071601,8.420816351504596,NaN,NaN,NaN,NaN,NaN,NaN,NaN,NaN,NaN,NaN,1
2023-01-17,8.833282685214288,9.085,8.833282685214288,8.97875,8.399765070255768,8.141964103953443,8.97875,0,0,6513,6907,0,0,0,0,NaN,NaN,24.782643673625536,NaN,NaN,NaN,8.018626002071601,8.420816351504596,NaN,NaN,NaN,NaN,NaN,NaN,NaN,NaN,NaN,NaN,1,0,0,0,0,NaN,NaN,24.782643673625536,NaN,NaN,NaN,8.018626002071601,8.420816351504596,NaN,NaN,NaN,NaN,NaN,NaN,NaN,NaN,NaN,NaN,1
2023-01-18,8.906016342607144,8.995,8.9,8.958749999999998,8.501398693845628,8.154434117633542,8.958749999999998,0,0,6513,6908,0,0,0,0,NaN,NaN,29.656319603871555,NaN,NaN,NaN,8.018626002071601,8.420816351504596,NaN,NaN,NaN,NaN,NaN,NaN,NaN,NaN,NaN,NaN,1,0,0,0,0,NaN,NaN,29.656319603871555,NaN,NaN,NaN,8.018626002071601,8.420816351504596,NaN,NaN,NaN,NaN,NaN,NaN,NaN,NaN,NaN,NaN,1
2023-01-19,8.93238317130357,8.93238317130357,8.72,8.8047,8.556544385873696,8.16436184102845,8.8047,0,0,6513,6909,0,0,0,0,NaN,NaN,34.61927815520615,NaN,NaN,NaN,8.018626002071601,8.420816351504596,NaN,NaN,NaN,NaN,NaN,NaN,NaN,NaN,NaN,NaN,1,0,0,0,0,NaN,NaN,34.61927815520615,NaN,NaN,NaN,8.018626002071601,8.420816351504596,NaN,NaN,NaN,NaN,NaN,NaN,NaN,NaN,NaN,NaN,1
2023-01-20,8.868541585651785,9,8.8221,8.933025,8.624995406623933,8.176097156432595,8.933025,0,0,6513,6910,0,0,0,0,NaN,NaN,39.042168897391434,NaN,NaN,NaN,8.018626002071601,8.420816351504596,NaN,NaN,NaN,NaN,NaN,NaN,NaN,NaN,NaN,NaN,1,0,0,0,0,NaN,NaN,39.042168897391434,NaN,NaN,NaN,8.018626002071601,8.420816351504596,NaN,NaN,NaN,NaN,NaN,NaN,NaN,NaN,NaN,NaN,1
2023-01-23,8.900783292825892,8.96,8.9,8.925025,8.679546241783218,8.187531169311487,8.925025,0,0,6513,6911,0,0,0,0,NaN,NaN,43.402716248029904,NaN,NaN,NaN,8.018626002071601,8.420816351504596,NaN,NaN,NaN,NaN,NaN,NaN,NaN,NaN,NaN,NaN,1,0,0,0,0,NaN,NaN,43.402716248029904,NaN,NaN,NaN,8.018626002071601,8.420816351504596,NaN,NaN,NaN,NaN,NaN,NaN,NaN,NaN,NaN,NaN,1
2023-01-24,8.912904146412945,9.03,8.88,8.9425,8.727356016004451,8.19905741100139,8.9425,0,0,6513,6912,0,0,0,0,NaN,NaN,47.44221920090174,NaN,NaN,NaN,8.018626002071601,8.420816351504596,NaN,NaN,NaN,NaN,NaN,NaN,NaN,NaN,NaN,NaN,1,0,0,0,0,NaN,NaN,47.44221920090174,NaN,NaN,NaN,8.018626002071601,8.420816351504596,NaN,NaN,NaN,NaN,NaN,NaN,NaN,NaN,NaN,NaN,1
2023-01-25,8.927702073206472,9.026,8.9,8.9565,8.769018558549096,8.210621419993734,8.9565,0,0,6513,6913,0,0,0,0,NaN,NaN,51.17853489437852,NaN,NaN,NaN,8.018626002071601,8.420816351504596,NaN,NaN,NaN,NaN,NaN,NaN,NaN,NaN,NaN,NaN,1,0,0,0,0,NaN,NaN,51.17853489437852,NaN,NaN,NaN,8.018626002071601,8.420816351504596,NaN,NaN,NaN,NaN,NaN,NaN,NaN,NaN,NaN,NaN,1
2023-01-26,8.942101036603237,9.14,8.942101036603237,9.0773,8.825069729721987,8.223853154039631,9.0773,0,0,6513,6914,0,0,0,0,NaN,NaN,54.55265520622945,NaN,NaN,NaN,8.018626002071601,8.58427391768863,NaN,NaN,NaN,NaN,NaN,NaN,NaN,NaN,NaN,NaN,1,0,0,0,0,NaN,NaN,54.55265520622945,NaN,NaN,NaN,8.018626002071601,8.58427391768863,NaN,NaN,NaN,NaN,NaN,NaN,NaN,NaN,NaN,NaN,1
2023-01-27,9.009700518301617,9.16,9.009700518301617,9.137500000000001,8.881875233408898,8.237801960848186,9.137500000000001,0,0,6513,6915,0,0,0,0,NaN,NaN,57.13668870812507,NaN,NaN,NaN,8.018626002071601,8.73992417744336,NaN,NaN,NaN,NaN,NaN,NaN,NaN,NaN,NaN,NaN,1,0,0,0,0,NaN,NaN,57.13668870812507,NaN,NaN,NaN,8.018626002071601,8.73992417744336,NaN,NaN,NaN,NaN,NaN,NaN,NaN,NaN,NaN,NaN,1
2023-01-30,9.073600259150808,9.1085,9.073600259150808,9.10425,8.922307009152735,8.251030175186381,9.10425,0,0,6513,6916,0,0,0,0,NaN,NaN,59.752791507094535,NaN,NaN,NaN,8.018626002071601,8.73992417744336,NaN,NaN,NaN,NaN,NaN,NaN,NaN,NaN,NaN,NaN,1,0,0,0,0,NaN,NaN,59.752791507094535,NaN,NaN,NaN,8.018626002071601,8.73992417744336,NaN,NaN,NaN,NaN,NaN,NaN,NaN,NaN,NaN,NaN,1
2023-01-31,9.088925129575404,9.18,9.088925129575404,9.13,8.960069371124966,8.264449561824756,9.13,0,0,6513,6917,0,0,0,0,NaN,NaN,61.63703174322974,NaN,NaN,NaN,8.018626002071601,8.73992417744336,NaN,NaN,NaN,NaN,NaN,NaN,NaN,NaN,NaN,NaN,1,0,0,0,0,NaN,NaN,61.63703174322974,NaN,NaN,NaN,8.018626002071601,8.73992417744336,NaN,NaN,NaN,NaN,NaN,NaN,NaN,NaN,NaN,NaN,1
2023-02-01,9.109462564787702,9.3999,9.1,9.257475,9.014143121829518,8.279610255537355,9.257475,0,0,6513,6918,0,0,0,0,NaN,NaN,64.07930750203013,NaN,NaN,NaN,8.018626002071601,8.923453774533652,NaN,NaN,NaN,NaN,NaN,NaN,NaN,NaN,NaN,NaN,1,0,0,0,0,NaN,NaN,64.07930750203013,NaN,NaN,NaN,8.018626002071601,8.923453774533652,NaN,NaN,NaN,NaN,NaN,NaN,NaN,NaN,NaN,NaN,1
2023-02-02,9.18346878239385,9.465,9.18346878239385,9.41625,9.08725346331506,8.296963534078769,9.41625,1,0,6919,6918,0,0,0,0,NaN,NaN,66.16170988300016,NaN,NaN,NaN,8.018626002071601,9.126863892173557,NaN,NaN,NaN,NaN,NaN,NaN,NaN,NaN,NaN,NaN,1,0,0,0,0,NaN,NaN,66.16170988300016,NaN,NaN,NaN,8.018626002071601,9.126863892173557,NaN,NaN,NaN,NaN,NaN,NaN,NaN,NaN,NaN,NaN,1
2023-02-03,9.299859391196925,9.47,9.299859391196925,9.39,9.142298288166867,8.313651113711154,9.39,0,0,6919,6918,0,0,0,0,NaN,NaN,67.89058959793708,NaN,NaN,NaN,8.018626002071601,9.126863892173557,NaN,NaN,NaN,NaN,NaN,NaN,NaN,NaN,NaN,NaN,1,0,0,0,0,NaN,NaN,67.89058959793708,NaN,NaN,NaN,8.018626002071601,9.126863892173557,NaN,NaN,NaN,NaN,NaN,NaN,NaN,NaN,NaN,NaN,1
2023-02-06,9.344929695598463,9.47,9.28,9.375,9.184607690318346,8.329854913501824,9.375,0,0,6919,6918,0,0,0,0,NaN,NaN,69.45317064171915,NaN,NaN,NaN,8.018626002071601,9.126863892173557,NaN,NaN,NaN,NaN,NaN,NaN,NaN,NaN,NaN,NaN,1,0,0,0,0,NaN,NaN,69.45317064171915,NaN,NaN,NaN,8.018626002071601,9.126863892173557,NaN,NaN,NaN,NaN,NaN,NaN,NaN,NaN,NaN,NaN,1
2023-02-07,9.359964847799231,9.4,9.09,9.2725,9.200588110260465,8.344246441539964,9.2725,0,0,6919,6918,0,0,0,0,NaN,NaN,70.64310859224808,NaN,NaN,NaN,8.091075739115984,9.126863892173557,NaN,NaN,NaN,NaN,NaN,NaN,NaN,NaN,NaN,NaN,1,0,0,0,0,NaN,NaN,70.64310859224808,NaN,NaN,NaN,8.091075739115984,9.126863892173557,NaN,NaN,NaN,NaN,NaN,NaN,NaN,NaN,NaN,NaN,1
2023-02-08,9.316232423899617,9.47,9.2001,9.307525000000002,9.220031181122199,8.358952984417217,9.307525000000002,0,0,6919,6918,0,0,0,0,NaN,NaN,71.72236703342115,NaN,NaN,NaN,8.557781039927479,9.126863892173557,NaN,NaN,NaN,NaN,NaN,NaN,NaN,NaN,NaN,NaN,1,0,0,0,0,NaN,NaN,71.72236703342115,NaN,NaN,NaN,8.557781039927479,9.126863892173557,NaN,NaN,NaN,NaN,NaN,NaN,NaN,NaN,NaN,NaN,1
2023-02-09,9.31187871194981,9.42,9.1,9.302499999999998,9.235025511827253,8.373358282365045,9.302499999999998,0,0,6919,6918,0,0,0,0,NaN,NaN,72.93384029069536,NaN,NaN,NaN,8.557781039927479,9.126863892173557,NaN,NaN,NaN,NaN,NaN,NaN,NaN,NaN,NaN,NaN,1,0,0,0,0,NaN,NaN,72.93384029069536,NaN,NaN,NaN,8.557781039927479,9.126863892173557,NaN,NaN,NaN,NaN,NaN,NaN,NaN,NaN,NaN,NaN,1
2023-02-10,9.307189355974904,9.307189355974904,9.1,9.152199999999999,9.21996632785866,8.38524899561138,9.152199999999999,0,0,6919,6918,0,0,0,0,NaN,NaN,73.87409170377468,NaN,NaN,NaN,8.557781039927479,9.126863892173557,NaN,NaN,NaN,NaN,NaN,NaN,NaN,NaN,NaN,NaN,1,0,0,0,0,NaN,NaN,73.87409170377468,NaN,NaN,NaN,8.557781039927479,9.126863892173557,NaN,NaN,NaN,NaN,NaN,NaN,NaN,NaN,NaN,NaN,1
2023-02-13,9.229694677987451,9.229694677987451,9.11,9.155,9.208154268247995,8.397000919342505,9.155,0,0,6919,6918,0,0,0,0,NaN,NaN,74.88432473927827,NaN,NaN,NaN,8.557781039927479,9.126863892173557,NaN,NaN,NaN,NaN,NaN,NaN,NaN,NaN,NaN,NaN,1,0,0,0,0,NaN,NaN,74.88432473927827,NaN,NaN,NaN,8.557781039927479,9.126863892173557,NaN,NaN,NaN,NaN,NaN,NaN,NaN,NaN,NaN,NaN,1
2023-02-14,9.192347338993725,9.192347338993725,9.01,9.085,9.185762583111996,8.407504722100635,9.085,0,0,6919,6918,0,0,0,0,NaN,NaN,75.48720773356203,NaN,NaN,NaN,8.557781039927479,9.126863892173557,NaN,NaN,NaN,NaN,NaN,NaN,NaN,NaN,NaN,NaN,1,0,0,0,0,NaN,NaN,75.48720773356203,NaN,NaN,NaN,8.557781039927479,9.126863892173557,NaN,NaN,NaN,NaN,NaN,NaN,NaN,NaN,NaN,NaN,1
2023-02-15,9.138673669496864,9.15,9.08,9.115,9.172896658909815,8.418306176725052,9.115,0,0,6919,6918,0,0,0,0,NaN,NaN,75.92857852368567,NaN,NaN,NaN,8.557781039927479,9.126863892173557,NaN,NaN,NaN,NaN,NaN,NaN,NaN,NaN,NaN,NaN,1,0,0,0,0,NaN,NaN,75.92857852368567,NaN,NaN,NaN,8.557781039927479,9.126863892173557,NaN,NaN,NaN,NaN,NaN,NaN,NaN,NaN,NaN,NaN,1
2023-02-16,9.126836834748431,9.145,9.08,9.10875,9.161233630017122,8.428847303797951,9.10875,0,0,6919,6918,0,0,0,0,NaN,NaN,76.22491582719724,NaN,NaN,NaN,8.557781039927479,9.126863892173557,NaN,NaN,NaN,NaN,NaN,NaN,NaN,NaN,NaN,NaN,1,0,0,0,0,NaN,NaN,76.22491582719724,NaN,NaN,NaN,8.557781039927479,9.126863892173557,NaN,NaN,NaN,NaN,NaN,NaN,NaN,NaN,NaN,NaN,1
2023-02-17,9.117793417374216,9.16,9.1,9.135000000000002,9.156463879104919,8.439628260991876,9.135000000000002,0,0,6919,6918,0,0,0,0,NaN,NaN,76.37633161995335,NaN,NaN,NaN,8.557781039927479,9.126863892173557,NaN,NaN,NaN,NaN,NaN,NaN,NaN,NaN,NaN,NaN,1,0,0,0,0,NaN,NaN,76.37633161995335,NaN,NaN,NaN,8.557781039927479,9.126863892173557,NaN,NaN,NaN,NaN,NaN,NaN,NaN,NaN,NaN,NaN,1
2023-02-21,9.126396708687109,9.18,8.995,9.08875,9.144152264722207,8.449538516549252,9.08875,0,0,6919,6918,0,0,0,0,NaN,NaN,76.64648374691365,NaN,NaN,NaN,8.557781039927479,9.126863892173557,NaN,NaN,NaN,NaN,NaN,NaN,NaN,NaN,NaN,NaN,1,0,0,0,0,NaN,NaN,76.64648374691365,NaN,NaN,NaN,8.557781039927479,9.126863892173557,NaN,NaN,NaN,NaN,NaN,NaN,NaN,NaN,NaN,NaN,1
2023-02-22,9.107573354343554,9.107573354343554,8.81,8.932925,9.105747307499987,8.456918462861477,8.932925,0,0,6919,6918,0,0,0,0,NaN,NaN,76.5395275169863,NaN,NaN,NaN,8.557781039927479,9.126863892173557,NaN,NaN,NaN,NaN,NaN,NaN,NaN,NaN,NaN,NaN,1,0,0,0,0,NaN,NaN,76.5395275169863,NaN,NaN,NaN,8.557781039927479,9.126863892173557,NaN,NaN,NaN,NaN,NaN,NaN,NaN,NaN,NaN,NaN,1
2023-02-23,9.020249177171777,9.05,8.71,8.927500000000002,9.073338706136354,8.464102913810157,8.927500000000002,0,0,6919,6918,0,0,0,0,NaN,NaN,76.1865219582965,NaN,NaN,NaN,8.557781039927479,9.126863892173557,NaN,NaN,NaN,NaN,NaN,NaN,NaN,NaN,NaN,NaN,1,0,0,0,0,NaN,NaN,76.1865219582965,NaN,NaN,NaN,8.557781039927479,9.126863892173557,NaN,NaN,NaN,NaN,NaN,NaN,NaN,NaN,NaN,NaN,1
2023-02-24,8.97387458858589,8.97387458858589,8.7673,8.845825000000001,9.031972577747927,8.469930731919925,8.845825000000001,0,0,6919,6918,0,0,0,0,NaN,NaN,75.245284201951,NaN,NaN,NaN,8.557781039927479,9.126863892173557,NaN,NaN,NaN,NaN,NaN,NaN,NaN,NaN,NaN,NaN,1,0,0,0,0,NaN,NaN,75.245284201951,NaN,NaN,NaN,8.557781039927479,9.126863892173557,NaN,NaN,NaN,NaN,NaN,NaN,NaN,NaN,NaN,NaN,1
2023-02-27,8.909849794292946,8.909849794292946,8.7801,8.837525,8.996618472702849,8.475542858150156,8.837525,0,0,6919,6918,0,0,0,0,NaN,NaN,74.32425549397146,NaN,NaN,NaN,8.557781039927479,9.126863892173557,NaN,NaN,NaN,NaN,NaN,NaN,NaN,NaN,NaN,NaN,1,0,0,0,0,NaN,NaN,74.32425549397146,NaN,NaN,NaN,8.557781039927479,9.126863892173557,NaN,NaN,NaN,NaN,NaN,NaN,NaN,NaN,NaN,NaN,1
2023-02-28,8.873687397146472,8.873687397146472,8.11,8.4,8.888142386756877,8.474389532071529,8.4,0,0,6919,6918,0,0,0,0,NaN,NaN,71.883245492404,NaN,NaN,NaN,8.557781039927479,8.74044375,NaN,NaN,NaN,NaN,NaN,NaN,NaN,NaN,NaN,NaN,1,0,0,0,0,NaN,NaN,71.883245492404,NaN,NaN,NaN,8.557781039927479,8.74044375,NaN,NaN,NaN,NaN,NaN,NaN,NaN,NaN,NaN,NaN,1
2023-03-01,8.636843698573237,8.636843698573237,8.1,8.120000000000001,8.748480134619264,8.46897900486433,8.120000000000001,0,0,6919,6918,0,0,0,0,NaN,NaN,68.39170154181386,NaN,NaN,NaN,8.557781039927479,8.5860304375,NaN,NaN,NaN,NaN,NaN,NaN,NaN,NaN,NaN,NaN,1,0,0,0,0,NaN,NaN,68.39170154181386,NaN,NaN,NaN,8.557781039927479,8.5860304375,NaN,NaN,NaN,NaN,NaN,NaN,NaN,NaN,NaN,NaN,1
2023-03-02,8.37842184928662,8.37842184928662,8.0159,8.109200000000001,8.632247382870307,8.463486195629761,8.109200000000001,0,0,6919,6918,0,0,0,0,NaN,NaN,65.02636822134939,NaN,NaN,NaN,8.557781039927479,8.55234461125,NaN,NaN,NaN,NaN,NaN,NaN,NaN,NaN,NaN,NaN,1,0,0,0,0,NaN,NaN,65.02636822134939,NaN,NaN,NaN,8.557781039927479,8.55234461125,NaN,NaN,NaN,NaN,NaN,NaN,NaN,NaN,NaN,NaN,1
2023-03-03,8.24381092464331,8.48,8.21,8.3275,8.576838767802979,8.461410070505643,8.3275,0,0,6919,6918,0,0,0,0,NaN,NaN,62.68951105857242,NaN,NaN,NaN,8.557781039927479,8.55234461125,NaN,NaN,NaN,NaN,NaN,NaN,NaN,NaN,NaN,NaN,1,0,0,0,0,NaN,NaN,62.68951105857242,NaN,NaN,NaN,8.557781039927479,8.55234461125,NaN,NaN,NaN,NaN,NaN,NaN,NaN,NaN,NaN,NaN,1
2023-03-06,8.285655462321655,8.34,8.022,8.183,8.505231719111528,8.457159535078075,8.183,0,0,6919,6918,0,0,0,0,NaN,NaN,59.53647248223186,NaN,NaN,NaN,8.557781039927479,8.55234461125,NaN,NaN,NaN,NaN,NaN,NaN,NaN,NaN,NaN,NaN,1,0,0,0,0,NaN,NaN,59.53647248223186,NaN,NaN,NaN,8.557781039927479,8.55234461125,NaN,NaN,NaN,NaN,NaN,NaN,NaN,NaN,NaN,NaN,1
2023-03-07,8.234327731160828,8.234327731160828,7.6801,7.865024999999999,8.388830497454887,8.448119313168487,7.865024999999999,0,0,6919,6918,0,0,0,0,NaN,NaN,54.86731376418843,NaN,NaN,NaN,8.557781039927479,8.3793862212375,NaN,NaN,NaN,NaN,NaN,NaN,NaN,NaN,NaN,NaN,1,0,0,0,0,NaN,NaN,54.86731376418843,NaN,NaN,NaN,8.557781039927479,8.3793862212375,NaN,NaN,NaN,NaN,NaN,NaN,NaN,NaN,NaN,NaN,1
2023-03-08,8.049676365580414,8.049676365580414,7.51,7.64975,8.254452225190361,8.435930468692632,7.64975,0,0,6919,6942,0,0,0,0,NaN,NaN,48.844453952291374,NaN,NaN,NaN,8.557781039927479,8.197108874689,NaN,NaN,NaN,NaN,NaN,NaN,NaN,NaN,NaN,NaN,1,0,0,0,0,NaN,NaN,48.844453952291374,NaN,NaN,NaN,8.557781039927479,8.197108874689,NaN,NaN,NaN,NaN,NaN,NaN,NaN,NaN,NaN,NaN,1
2023-03-09,7.849713182790207,7.849713182790207,7.17,7.52375,8.12159727515575,8.422004049323279,7.52375,0,0,6919,6943,0,0,0,0,NaN,NaN,42.2702115833071,NaN,NaN,NaN,8.557781039927479,8.042555043485649,NaN,NaN,NaN,NaN,NaN,NaN,NaN,NaN,NaN,NaN,1,0,0,0,0,NaN,NaN,42.2702115833071,NaN,NaN,NaN,8.557781039927479,8.042555043485649,NaN,NaN,NaN,NaN,NaN,NaN,NaN,NaN,NaN,NaN,1
2023-03-10,7.6867315913951035,7.6867315913951035,7.22,7.4375,7.997215952400159,8.406973453150405,7.4375,0,0,6919,6944,0,0,0,0,NaN,NaN,35.63585902891944,NaN,NaN,NaN,8.557781039927479,7.898282635658233,NaN,NaN,NaN,NaN,NaN,NaN,NaN,NaN,NaN,NaN,1,0,0,0,0,NaN,NaN,35.63585902891944,NaN,NaN,NaN,8.557781039927479,7.898282635658233,NaN,NaN,NaN,NaN,NaN,NaN,NaN,NaN,NaN,NaN,1
2023-03-13,7.562115795697552,7.562115795697552,7.05,7.1625,7.845449415600131,8.387973858445818,7.1625,0,0,6919,6945,0,0,0,0,NaN,NaN,28.20046494985545,NaN,NaN,NaN,8.557781039927479,7.635143282170004,NaN,NaN,NaN,NaN,NaN,NaN,NaN,NaN,NaN,NaN,1,0,0,0,0,NaN,NaN,28.20046494985545,NaN,NaN,NaN,8.557781039927479,7.635143282170004,NaN,NaN,NaN,NaN,NaN,NaN,NaN,NaN,NaN,NaN,1
2023-03-14,7.362307897848776,7.59,7.22,7.325,7.7508222491273795,8.371745249919927,7.325,0,0,6919,6946,0,0,0,0,NaN,NaN,22.262527744206846,NaN,NaN,NaN,8.557781039927479,7.635143282170004,NaN,NaN,NaN,NaN,NaN,NaN,NaN,NaN,NaN,NaN,1,0,0,0,0,NaN,NaN,22.262527744206846,NaN,NaN,NaN,8.557781039927479,7.635143282170004,NaN,NaN,NaN,NaN,NaN,NaN,NaN,NaN,NaN,NaN,1
2023-03-15,7.343653948924388,7.343653948924388,7.0302,7.12005,7.6361363856496745,8.352635398776112,7.12005,0,0,6919,6947,0,0,0,0,NaN,NaN,16.338196059229677,NaN,NaN,NaN,8.557781039927479,7.495389894449204,NaN,NaN,NaN,NaN,NaN,NaN,NaN,NaN,NaN,NaN,1,0,0,0,0,NaN,NaN,16.338196059229677,NaN,NaN,NaN,8.557781039927479,7.495389894449204,NaN,NaN,NaN,NaN,NaN,NaN,NaN,NaN,NaN,NaN,1
2023-03-16,7.231851974462193,7.26,7.04,7.15,7.547747951895189,8.334274552993271,7.15,0,0,6919,6948,0,0,0,0,NaN,NaN,11.754655491119873,NaN,NaN,NaN,8.480829583495689,7.495389894449204,NaN,NaN,NaN,NaN,NaN,NaN,NaN,NaN,NaN,NaN,1,0,0,0,0,NaN,NaN,11.754655491119873,NaN,NaN,NaN,8.480829583495689,7.495389894449204,NaN,NaN,NaN,NaN,NaN,NaN,NaN,NaN,NaN,NaN,1
2023-03-17,7.190925987231097,7.2199,6.92,7.082475,7.463152869732427,8.315163109436122,7.082475,0,0,6919,6949,0,0,0,0,NaN,NaN,8.052007987864817,NaN,NaN,NaN,7.81167640737622,7.370187997947919,NaN,NaN,NaN,NaN,NaN,NaN,NaN,NaN,NaN,NaN,1,0,0,0,0,NaN,NaN,8.052007987864817,NaN,NaN,NaN,7.81167640737622,7.370187997947919,NaN,NaN,NaN,NaN,NaN,NaN,NaN,NaN,NaN,NaN,1
2023-03-20,7.136700493615548,7.2756,7,7.0814,7.393743257053805,8.296327031429463,7.0814,0,0,6919,6950,0,0,0,0,NaN,NaN,5.154969652591868,NaN,NaN,NaN,7.809366900339341,7.283175348563543,NaN,NaN,NaN,NaN,NaN,NaN,NaN,NaN,NaN,NaN,1,0,0,0,0,NaN,NaN,5.154969652591868,NaN,NaN,NaN,7.809366900339341,7.283175348563543,NaN,NaN,NaN,NaN,NaN,NaN,NaN,NaN,NaN,NaN,1
2023-03-21,7.109050246807774,7.34,7.02,7.209999999999999,7.360335392134931,8.279741885911456,7.209999999999999,0,0,6919,6951,0,0,0,0,NaN,NaN,3.251256348406449,NaN,NaN,NaN,7.809366900339341,7.283175348563543,NaN,NaN,NaN,NaN,NaN,NaN,NaN,NaN,NaN,NaN,1,0,0,0,0,NaN,NaN,3.251256348406449,NaN,NaN,NaN,7.809366900339341,7.283175348563543,NaN,NaN,NaN,NaN,NaN,NaN,NaN,NaN,NaN,NaN,1
2023-03-22,7.159525123403887,7.3655,7.159525123403887,7.2688749999999995,7.343706229928579,8.2643088036838,7.2688749999999995,0,0,6919,6952,0,0,0,0,NaN,NaN,2.105299087376958,NaN,NaN,NaN,7.809366900339341,7.283175348563543,NaN,NaN,NaN,NaN,NaN,NaN,NaN,NaN,NaN,NaN,1,0,0,0,0,NaN,NaN,2.105299087376958,NaN,NaN,NaN,7.809366900339341,7.283175348563543,NaN,NaN,NaN,NaN,NaN,NaN,NaN,NaN,NaN,NaN,1
2023-03-23,7.214200061701943,7.47,7.214200061701943,7.325,7.3403050972142925,8.249968211261146,7.325,0,0,6919,6953,0,0,0,0,NaN,NaN,1.0597920984492266,NaN,NaN,NaN,7.809366900339341,7.283175348563543,NaN,NaN,NaN,NaN,NaN,NaN,NaN,NaN,NaN,NaN,1,0,0,0,0,NaN,NaN,1.0597920984492266,NaN,NaN,NaN,7.809366900339341,7.283175348563543,NaN,NaN,NaN,NaN,NaN,NaN,NaN,NaN,NaN,NaN,1
2023-03-24,7.269600030850972,7.36,7.269600030850972,7.325,7.337522352266239,8.235846559180823,7.325,0,0,6919,6954,0,0,0,0,NaN,NaN,0.30666873934627326,NaN,NaN,NaN,7.809366900339341,7.283175348563543,NaN,NaN,NaN,NaN,NaN,NaN,NaN,NaN,NaN,NaN,1,0,0,0,0,NaN,NaN,0.30666873934627326,NaN,NaN,NaN,7.809366900339341,7.283175348563543,NaN,NaN,NaN,NaN,NaN,NaN,NaN,NaN,NaN,NaN,1
2023-03-27,7.297300015425487,7.74,7.297300015425487,7.5225,7.371154651854195,8.224955772017758,7.5225,0,0,6919,6955,0,0,0,0,NaN,NaN,0.02480523475545445,NaN,NaN,NaN,7.809366900339341,7.374731499999999,NaN,NaN,NaN,NaN,NaN,NaN,NaN,NaN,NaN,NaN,1,0,0,0,0,NaN,NaN,0.02480523475545445,NaN,NaN,NaN,7.809366900339341,7.374731499999999,NaN,NaN,NaN,NaN,NaN,NaN,NaN,NaN,NaN,NaN,1
2023-03-28,7.409900007712743,7.73,7.33,7.505,7.395490169698887,8.213964080841913,7.504999999999999,0,0,6919,6956,0,0,0,0,NaN,NaN,0.06255470368102332,NaN,NaN,NaN,7.809366900339341,7.374731499999999,NaN,NaN,NaN,NaN,NaN,NaN,NaN,NaN,NaN,NaN,1,0,0,0,0,NaN,NaN,0.06255470368102332,NaN,NaN,NaN,7.809366900339341,7.374731499999999,NaN,NaN,NaN,NaN,NaN,NaN,NaN,NaN,NaN,NaN,1
2023-03-29,7.457450003856371,7.542,7.33,7.400499999999999,7.396401047935453,8.201544781897763,7.4005,0,0,6919,6957,0,0,0,0,NaN,NaN,0.41716909057453166,NaN,NaN,NaN,7.809366900339341,7.374731499999999,NaN,NaN,NaN,NaN,NaN,NaN,NaN,NaN,NaN,NaN,1,0,0,0,0,NaN,NaN,0.41716909057453166,NaN,NaN,NaN,7.809366900339341,7.374731499999999,NaN,NaN,NaN,NaN,NaN,NaN,NaN,NaN,NaN,NaN,1
2023-03-30,7.428975001928185,7.48,7.35,7.4125,7.399328130129007,8.18949829667795,7.412499999999999,0,0,6919,6958,0,0,0,0,NaN,NaN,1.0480378477149432,NaN,NaN,NaN,7.809366900339341,7.374731499999999,NaN,NaN,NaN,NaN,NaN,NaN,NaN,NaN,NaN,NaN,1,0,0,0,0,NaN,NaN,1.0480378477149432,NaN,NaN,NaN,7.809366900339341,7.374731499999999,NaN,NaN,NaN,NaN,NaN,NaN,NaN,NaN,NaN,NaN,1
2023-03-31,7.420737500964092,7.9,7.420737500964092,7.6725,7.448995742832824,8.181605192911874,7.6725,0,0,6919,6959,0,0,0,0,NaN,NaN,1.7715330993099836,NaN,NaN,NaN,7.809366900339341,7.456414555,NaN,NaN,NaN,NaN,NaN,NaN,NaN,NaN,NaN,NaN,1,0,0,0,0,NaN,NaN,1.7715330993099836,NaN,NaN,NaN,7.809366900339341,7.456414555,NaN,NaN,NaN,NaN,NaN,NaN,NaN,NaN,NaN,NaN,1
2023-04-03,7.546618750482047,8.0999,7.546618750482047,7.902475,7.53144651686322,8.177343663249097,7.902475000000001,0,0,6919,6960,0,0,0,0,NaN,NaN,2.588614779284176,NaN,NaN,NaN,7.809366900339341,7.591266431699999,NaN,NaN,NaN,NaN,NaN,NaN,NaN,NaN,NaN,NaN,1,0,0,0,0,NaN,NaN,2.588614779284176,NaN,NaN,NaN,7.809366900339341,7.591266431699999,NaN,NaN,NaN,NaN,NaN,NaN,NaN,NaN,NaN,NaN,1
2023-04-04,7.724546875241023,7.83,7.65,7.74,7.5693653319789975,8.170666660756744,7.74,0,0,6919,6961,0,0,0,0,NaN,NaN,3.766229908568073,NaN,NaN,NaN,7.809366900339341,7.591266431699999,NaN,NaN,NaN,NaN,NaN,NaN,NaN,NaN,NaN,NaN,1,0,0,0,0,NaN,NaN,3.766229908568073,NaN,NaN,NaN,7.809366900339341,7.591266431699999,NaN,NaN,NaN,NaN,NaN,NaN,NaN,NaN,NaN,NaN,1
2023-04-05,7.732273437620512,7.732273437620512,7.5,7.62,7.5785716352555434,8.162259536165038,7.619999999999999,0,0,6919,6962,0,0,0,0,NaN,NaN,5.732498840807585,NaN,NaN,NaN,7.809366900339341,7.591266431699999,NaN,NaN,NaN,NaN,NaN,NaN,NaN,NaN,NaN,NaN,1,0,0,0,0,NaN,NaN,5.732498840807585,NaN,NaN,NaN,7.809366900339341,7.591266431699999,NaN,NaN,NaN,NaN,NaN,NaN,NaN,NaN,NaN,NaN,1
2023-04-06,7.676136718810255,7.676136718810255,7.5,7.5419,7.571904065209081,8.15278839820832,7.541900000000001,0,0,6919,6963,0,0,0,0,NaN,NaN,8.37206695163928,NaN,NaN,NaN,7.809366900339341,7.591266431699999,NaN,NaN,NaN,NaN,NaN,NaN,NaN,NaN,NaN,NaN,1,0,0,0,0,NaN,NaN,8.37206695163928,NaN,NaN,NaN,7.809366900339341,7.591266431699999,NaN,NaN,NaN,NaN,NaN,NaN,NaN,NaN,NaN,NaN,1
2023-04-10,7.609018359405128,7.67,7.5,7.592499999999999,7.575648780625611,8.144234376861629,7.592499999999999,0,0,6919,6964,0,0,0,0,NaN,NaN,11.635388108731993,NaN,NaN,NaN,7.809366900339341,7.591266431699999,NaN,NaN,NaN,NaN,NaN,NaN,NaN,NaN,NaN,NaN,1,0,0,0,0,NaN,NaN,11.635388108731993,NaN,NaN,NaN,7.809366900339341,7.591266431699999,NaN,NaN,NaN,NaN,NaN,NaN,NaN,NaN,NaN,NaN,1
2023-04-11,7.600759179702564,7.65,7.53,7.59,7.578258093239136,8.135772783321757,7.59,0,0,6919,6965,0,0,0,0,NaN,NaN,15.734877903546518,NaN,NaN,NaN,7.809366900339341,7.591266431699999,NaN,NaN,NaN,NaN,NaN,NaN,NaN,NaN,NaN,NaN,1,0,0,0,0,NaN,NaN,15.734877903546518,NaN,NaN,NaN,7.809366900339341,7.591266431699999,NaN,NaN,NaN,NaN,NaN,NaN,NaN,NaN,NaN,NaN,1
2023-04-12,7.595379589851282,7.65,7.45,7.5424999999999995,7.571756621741112,8.126715183576387,7.5424999999999995,0,0,6919,6966,0,0,0,0,NaN,NaN,20.611916636918608,NaN,NaN,NaN,7.809366900339341,7.591266431699999,NaN,NaN,NaN,NaN,NaN,NaN,NaN,NaN,NaN,NaN,1,0,0,0,0,NaN,NaN,20.611916636918608,NaN,NaN,NaN,7.809366900339341,7.591266431699999,NaN,NaN,NaN,NaN,NaN,NaN,NaN,NaN,NaN,NaN,1
2023-04-13,7.56893979492564,7.6469,7.51,7.5764249999999995,7.572605417788182,8.118313806727892,7.5764249999999995,0,0,6919,6967,0,0,0,0,NaN,NaN,26.62531984871895,NaN,NaN,NaN,7.809366900339341,7.591266431699999,NaN,NaN,NaN,NaN,NaN,NaN,NaN,NaN,NaN,NaN,1,0,0,0,0,NaN,NaN,26.62531984871895,NaN,NaN,NaN,7.809366900339341,7.591266431699999,NaN,NaN,NaN,NaN,NaN,NaN,NaN,NaN,NaN,NaN,1
2023-04-14,7.57268239746282,7.6473,7.5,7.5493250000000005,7.568372614553967,8.109626954716779,7.5493250000000005,0,0,6919,6968,0,0,0,0,NaN,NaN,34.14615708222822,NaN,NaN,NaN,7.809366900339341,7.591266431699999,NaN,NaN,NaN,NaN,NaN,NaN,NaN,NaN,NaN,NaN,1,0,0,0,0,NaN,NaN,34.14615708222822,NaN,NaN,NaN,7.809366900339341,7.591266431699999,NaN,NaN,NaN,NaN,NaN,NaN,NaN,NaN,NaN,NaN,1
2023-04-17,7.56100369873141,7.6243,7.52,7.566075,7.567954866453245,8.101328451591332,7.566075,0,0,6919,6969,0,0,0,0,NaN,NaN,42.596916932165726,NaN,NaN,NaN,7.809366900339341,7.591266431699999,NaN,NaN,NaN,NaN,NaN,NaN,NaN,NaN,NaN,NaN,1,0,0,0,0,NaN,NaN,42.596916932165726,NaN,NaN,NaN,7.809366900339341,7.591266431699999,NaN,NaN,NaN,NaN,NaN,NaN,NaN,NaN,NaN,NaN,1
2023-04-18,7.563539349365705,7.95,7.52,7.68,7.588326708916291,8.09489595614719,7.68,0,0,6919,6970,0,0,0,0,NaN,NaN,48.89903883867911,NaN,NaN,NaN,7.809366900339341,7.591266431699999,NaN,NaN,NaN,NaN,NaN,NaN,NaN,NaN,NaN,NaN,1,0,0,0,0,NaN,NaN,48.89903883867911,NaN,NaN,NaN,7.809366900339341,7.591266431699999,NaN,NaN,NaN,NaN,NaN,NaN,NaN,NaN,NaN,NaN,1
2023-04-19,7.621769674682852,7.92,7.52,7.675000000000001,7.60408548911333,8.088485330862499,7.675000000000001,0,0,6919,6971,0,0,0,0,NaN,NaN,54.244511926877024,NaN,NaN,NaN,7.809366900339341,7.591266431699999,NaN,NaN,NaN,NaN,NaN,NaN,NaN,NaN,NaN,NaN,1,0,0,0,0,NaN,NaN,54.244511926877024,NaN,NaN,NaN,7.809366900339341,7.591266431699999,NaN,NaN,NaN,NaN,NaN,NaN,NaN,NaN,NaN,NaN,1
2023-04-20,7.6483848373414265,7.71,7.31,7.4725,7.580160854729088,8.079080974666125,7.4725,0,0,6919,6972,0,0,0,0,NaN,NaN,59.81551397804029,NaN,NaN,NaN,7.809366900339341,7.591266431699999,NaN,NaN,NaN,NaN,NaN,NaN,NaN,NaN,NaN,NaN,1,0,0,0,0,NaN,NaN,59.81551397804029,NaN,NaN,NaN,7.809366900339341,7.591266431699999,NaN,NaN,NaN,NaN,NaN,NaN,NaN,NaN,NaN,NaN,1
2023-04-21,7.560442418670713,7.560442418670713,7.36,7.42625,7.552177062960163,8.069114089556718,7.426249999999999,0,0,6919,6973,0,0,0,0,NaN,NaN,63.78416100993426,NaN,NaN,NaN,7.809366900339341,7.591266431699999,NaN,NaN,NaN,NaN,NaN,NaN,NaN,NaN,NaN,NaN,1,0,0,0,0,NaN,NaN,63.78416100993426,NaN,NaN,NaN,7.809366900339341,7.591266431699999,NaN,NaN,NaN,NaN,NaN,NaN,NaN,NaN,NaN,NaN,1
2023-04-24,7.493346209335357,7.78,7.41,7.5925,7.559508506058315,8.061837538571119,7.5925,0,0,6919,6974,0,0,0,0,NaN,NaN,66.9011070680103,NaN,NaN,NaN,7.809366900339341,7.591266431699999,NaN,NaN,NaN,NaN,NaN,NaN,NaN,NaN,NaN,NaN,1,0,0,0,0,NaN,NaN,66.9011070680103,NaN,NaN,NaN,7.809366900339341,7.591266431699999,NaN,NaN,NaN,NaN,NaN,NaN,NaN,NaN,NaN,NaN,1
2023-04-25,7.542923104667679,7.5844,7.41,7.4661,7.54252514132044,8.052742308974613,7.4661,0,0,6919,6975,0,0,0,0,NaN,NaN,69.32801539833201,NaN,NaN,NaN,7.809366900339341,7.591266431699999,NaN,NaN,NaN,NaN,NaN,NaN,NaN,NaN,NaN,NaN,1,0,0,0,0,NaN,NaN,69.32801539833201,NaN,NaN,NaN,7.809366900339341,7.591266431699999,NaN,NaN,NaN,NaN,NaN,NaN,NaN,NaN,NaN,NaN,1
2023-04-26,7.50451155233384,7.59,7.4101,7.495025,7.533888751989451,8.044227540898666,7.495025,0,0,6919,6976,0,0,0,0,NaN,NaN,70.37676275303664,NaN,NaN,NaN,7.809366900339341,7.591266431699999,NaN,NaN,NaN,NaN,NaN,NaN,NaN,NaN,NaN,NaN,1,0,0,0,0,NaN,NaN,70.37676275303664,NaN,NaN,NaN,7.809366900339341,7.591266431699999,NaN,NaN,NaN,NaN,NaN,NaN,NaN,NaN,NaN,NaN,1
2023-04-27,7.49976827616692,7.685,7.46,7.54375,7.535681706173188,8.036586662411663,7.54375,0,0,6919,6977,0,0,0,0,NaN,NaN,69.9925009529022,NaN,NaN,NaN,7.809366900339341,7.591266431699999,NaN,NaN,NaN,NaN,NaN,NaN,NaN,NaN,NaN,NaN,1,0,0,0,0,NaN,NaN,69.9925009529022,NaN,NaN,NaN,7.809366900339341,7.591266431699999,NaN,NaN,NaN,NaN,NaN,NaN,NaN,NaN,NaN,NaN,1
2023-04-28,7.5217591380834605,7.7797,7.51,7.679924999999999,7.561907759596244,8.031141446191638,7.679924999999999,0,0,6919,6978,0,0,0,0,NaN,NaN,69.2051292812295,NaN,NaN,NaN,7.809366900339341,7.591266431699999,NaN,NaN,NaN,NaN,NaN,NaN,NaN,NaN,NaN,NaN,1,0,0,0,0,NaN,NaN,69.2051292812295,NaN,NaN,NaN,7.809366900339341,7.591266431699999,NaN,NaN,NaN,NaN,NaN,NaN,NaN,NaN,NaN,NaN,1
2023-05-01,7.60084206904173,7.87,7.51,7.717499999999999,7.5901972578514725,8.026353027165811,7.717499999999999,0,0,6919,6979,0,0,0,0,NaN,NaN,68.11188226380747,NaN,NaN,NaN,7.809366900339341,7.591266431699999,NaN,NaN,NaN,NaN,NaN,NaN,NaN,NaN,NaN,NaN,1,0,0,0,0,NaN,NaN,68.11188226380747,NaN,NaN,NaN,7.809366900339341,7.591266431699999,NaN,NaN,NaN,NaN,NaN,NaN,NaN,NaN,NaN,NaN,1
2023-05-02,7.659171034520865,7.79,7.48,7.647500000000001,7.600615938242114,8.020569011483891,7.647500000000001,0,0,6919,6980,0,0,0,0,NaN,NaN,67.21147844285406,NaN,NaN,NaN,7.809366900339341,7.591266431699999,NaN,NaN,NaN,NaN,NaN,NaN,NaN,NaN,NaN,NaN,1,0,0,0,0,NaN,NaN,67.21147844285406,NaN,NaN,NaN,7.809366900339341,7.591266431699999,NaN,NaN,NaN,NaN,NaN,NaN,NaN,NaN,NaN,NaN,1
2023-05-03,7.653335517260433,7.653335517260433,7.49,7.530175,7.5878084949253655,8.013082080010856,7.530175,0,0,6919,6981,0,0,0,0,NaN,NaN,67.02393167256221,NaN,NaN,NaN,7.809366900339341,7.591266431699999,NaN,NaN,NaN,NaN,NaN,NaN,NaN,NaN,NaN,NaN,1,0,0,0,0,NaN,NaN,67.02393167256221,NaN,NaN,NaN,7.809366900339341,7.591266431699999,NaN,NaN,NaN,NaN,NaN,NaN,NaN,NaN,NaN,NaN,1
2023-05-04,7.591755258630217,7.6899,7.49,7.539975,7.579111495848026,8.005859071155728,7.539975,0,0,6919,6982,0,0,0,0,NaN,NaN,66.3366969041278,NaN,NaN,NaN,7.809366900339341,7.591266431699999,NaN,NaN,NaN,NaN,NaN,NaN,NaN,NaN,NaN,NaN,1,0,0,0,0,NaN,NaN,66.3366969041278,NaN,NaN,NaN,7.809366900339341,7.591266431699999,NaN,NaN,NaN,NaN,NaN,NaN,NaN,NaN,NaN,NaN,1
2023-05-05,7.5658651293151085,7.74,7.49,7.5825,7.579727587512021,7.999395573886175,7.5825,0,0,6919,6983,0,0,0,0,NaN,NaN,65.41501061228627,NaN,NaN,NaN,7.809366900339341,7.591266431699999,NaN,NaN,NaN,NaN,NaN,NaN,NaN,NaN,NaN,NaN,1,0,0,0,0,NaN,NaN,65.41501061228627,NaN,NaN,NaN,7.809366900339341,7.591266431699999,NaN,NaN,NaN,NaN,NaN,NaN,NaN,NaN,NaN,NaN,1
2023-05-08,7.574182564657554,7.64,7.47,7.57,7.577958935237109,7.992839916269592,7.57,0,0,6919,6984,0,0,0,0,NaN,NaN,64.38230237477572,NaN,NaN,NaN,7.809366900339341,7.591266431699999,NaN,NaN,NaN,NaN,NaN,NaN,NaN,NaN,NaN,NaN,1,0,0,0,0,NaN,NaN,64.38230237477572,NaN,NaN,NaN,7.809366900339341,7.591266431699999,NaN,NaN,NaN,NaN,NaN,NaN,NaN,NaN,NaN,NaN,1
2023-05-09,7.572091282328778,7.67,7.45,7.569999999999999,7.576511856103089,7.986384345028835,7.569999999999999,0,0,6919,6985,0,0,0,0,NaN,NaN,63.20498491873835,NaN,NaN,NaN,7.809366900339341,7.591266431699999,NaN,NaN,NaN,NaN,NaN,NaN,NaN,NaN,NaN,NaN,1,0,0,0,0,NaN,NaN,63.20498491873835,NaN,NaN,NaN,7.809366900339341,7.591266431699999,NaN,NaN,NaN,NaN,NaN,NaN,NaN,NaN,NaN,NaN,1
2023-05-10,7.571045641164389,7.9602,7.571045641164389,7.767549999999999,7.611246064084345,7.983043362661983,7.76755,0,0,6919,6986,0,0,0,0,NaN,NaN,60.905678956786225,NaN,NaN,NaN,7.809366900339341,7.591266431699999,NaN,NaN,NaN,NaN,NaN,NaN,NaN,NaN,NaN,NaN,1,0,0,0,0,NaN,NaN,60.905678956786225,NaN,NaN,NaN,7.809366900339341,7.591266431699999,NaN,NaN,NaN,NaN,NaN,NaN,NaN,NaN,NaN,NaN,1
2023-05-11,7.6692978205821944,8.49,7.6692978205821944,8.10625,7.701246779705373,7.984924380025921,8.10625,0,0,6919,6987,0,0,0,0,NaN,NaN,56.83816430897689,NaN,NaN,NaN,7.809366900339341,7.730332577846999,NaN,NaN,NaN,NaN,NaN,NaN,NaN,NaN,NaN,NaN,1,0,0,0,0,NaN,NaN,56.83816430897689,NaN,NaN,NaN,7.809366900339341,7.730332577846999,NaN,NaN,NaN,NaN,NaN,NaN,NaN,NaN,NaN,NaN,1
2023-05-12,7.887773910291097,8.22,7.83,8.0675,7.767838274304396,7.986185076514075,8.0675,0,0,6919,6988,0,0,0,0,NaN,NaN,52.9713960658943,NaN,NaN,NaN,7.809366900339341,7.730332577846999,NaN,NaN,NaN,NaN,NaN,NaN,NaN,NaN,NaN,NaN,1,0,0,0,0,NaN,NaN,52.9713960658943,NaN,NaN,NaN,7.809366900339341,7.730332577846999,NaN,NaN,NaN,NaN,NaN,NaN,NaN,NaN,NaN,NaN,1
2023-05-15,7.977636955145549,8.11,7.7225,7.903124999999999,7.792435860794506,7.984916983742868,7.903124999999999,0,0,6919,6989,0,0,0,0,NaN,NaN,49.765960002491646,NaN,NaN,NaN,7.809366900339341,7.730332577846999,NaN,NaN,NaN,NaN,NaN,NaN,NaN,NaN,NaN,NaN,1,0,0,0,0,NaN,NaN,49.765960002491646,NaN,NaN,NaN,7.809366900339341,7.730332577846999,NaN,NaN,NaN,NaN,NaN,NaN,NaN,NaN,NaN,NaN,1
2023-05-16,7.940380977572774,8.13,7.9,7.9825,7.826992977013687,7.98488008322771,7.982499999999999,0,0,6919,6990,0,0,0,0,NaN,NaN,45.92607150100473,NaN,NaN,NaN,7.809366900339341,7.730332577846999,NaN,NaN,NaN,NaN,NaN,NaN,NaN,NaN,NaN,NaN,1,0,0,0,0,NaN,NaN,45.92607150100473,NaN,NaN,NaN,7.809366900339341,7.730332577846999,NaN,NaN,NaN,NaN,NaN,NaN,NaN,NaN,NaN,NaN,1
2023-05-17,7.961440488786387,8.21,7.961440488786387,8.0525,7.867994253920289,7.985912448369271,8.0525,0,0,6919,6991,0,0,0,0,NaN,NaN,41.502732676919344,NaN,NaN,NaN,7.809366900339341,7.730332577846999,NaN,NaN,NaN,NaN,NaN,NaN,NaN,NaN,NaN,NaN,1,0,0,0,0,NaN,NaN,41.502732676919344,NaN,NaN,NaN,7.809366900339341,7.730332577846999,NaN,NaN,NaN,NaN,NaN,NaN,NaN,NaN,NaN,NaN,1
2023-05-18,8.006970244393194,8.175,7.82,7.97125,7.886768025934781,7.985688594195695,7.97125,0,0,6919,6992,0,0,0,0,NaN,NaN,37.409035409663694,NaN,NaN,NaN,7.809366900339341,7.730332577846999,NaN,NaN,NaN,NaN,NaN,NaN,NaN,NaN,NaN,NaN,1,0,0,0,0,NaN,NaN,37.409035409663694,NaN,NaN,NaN,7.809366900339341,7.730332577846999,NaN,NaN,NaN,NaN,NaN,NaN,NaN,NaN,NaN,NaN,1
2023-05-19,7.989110122196598,8.13,7.9,8.0075,7.908719293946639,7.986021592757592,8.0075,0,0,6919,6993,0,0,0,0,NaN,NaN,33.09867075771795,NaN,NaN,NaN,7.809366900339341,7.730332577846999,NaN,NaN,NaN,NaN,NaN,NaN,NaN,NaN,NaN,NaN,1,0,0,0,0,NaN,NaN,33.09867075771795,NaN,NaN,NaN,7.809366900339341,7.730332577846999,NaN,NaN,NaN,NaN,NaN,NaN,NaN,NaN,NaN,NaN,1
2023-05-22,7.998305061098299,8.16,7.9775,8.061875,7.936565785956341,7.987179660043736,8.061875,0,0,6919,6994,0,0,0,0,NaN,NaN,28.631787600296576,NaN,NaN,NaN,7.809366900339341,7.730332577846999,NaN,NaN,NaN,NaN,NaN,NaN,NaN,NaN,NaN,NaN,1,0,0,0,0,NaN,NaN,28.631787600296576,NaN,NaN,NaN,7.809366900339341,7.730332577846999,NaN,NaN,NaN,NaN,NaN,NaN,NaN,NaN,NaN,NaN,1
2023-05-23,8.03009003054915,8.16,8,8.0675,7.960372006691552,7.988405924775893,8.0675,0,0,6919,6995,0,0,0,0,NaN,NaN,24.110037561563622,NaN,NaN,NaN,7.809366900339341,7.730332577846999,NaN,NaN,NaN,NaN,NaN,NaN,NaN,NaN,NaN,NaN,1,0,0,0,0,NaN,NaN,24.110037561563622,NaN,NaN,NaN,7.809366900339341,7.730332577846999,NaN,NaN,NaN,NaN,NaN,NaN,NaN,NaN,NaN,NaN,1
2023-05-24,8.048795015274575,8.16,8,8.094999999999999,7.984849823656724,7.99003331523733,8.094999999999999,0,0,6919,6996,0,0,0,0,NaN,NaN,19.53483553810755,NaN,NaN,NaN,7.809366900339341,7.730332577846999,NaN,NaN,NaN,NaN,NaN,NaN,NaN,NaN,NaN,NaN,1,0,0,0,0,NaN,NaN,19.53483553810755,NaN,NaN,NaN,7.809366900339341,7.730332577846999,NaN,NaN,NaN,NaN,NaN,NaN,NaN,NaN,NaN,NaN,1
2023-05-25,8.071897507637287,8.11,8,8.0775,8.001695310264592,7.9913686844703475,8.0775,0,0,6919,6997,0,0,0,0,NaN,NaN,15.377179428115248,NaN,NaN,NaN,7.809366900339341,7.730332577846999,NaN,NaN,NaN,NaN,NaN,NaN,NaN,NaN,NaN,NaN,1,0,0,0,0,NaN,NaN,15.377179428115248,NaN,NaN,NaN,7.809366900339341,7.730332577846999,NaN,NaN,NaN,NaN,NaN,NaN,NaN,NaN,NaN,NaN,1
2023-05-26,8.074698753818645,8.17,8.0356,8.1164,8.022550708398303,7.993277559516602,8.1164,0,0,6919,6998,0,0,0,0,NaN,NaN,11.289845387669265,NaN,NaN,NaN,7.809366900339341,7.78112666850536,NaN,NaN,NaN,NaN,NaN,NaN,NaN,NaN,NaN,NaN,1,0,0,0,0,NaN,NaN,11.289845387669265,NaN,NaN,NaN,7.809366900339341,7.78112666850536,NaN,NaN,NaN,NaN,NaN,NaN,NaN,NaN,NaN,NaN,1
2023-05-30,8.095549376909322,8.17,8.06,8.11,8.038450579598612,7.995059581508714,8.11,0,0,6919,6999,0,0,0,0,NaN,NaN,7.668940267414537,NaN,NaN,NaN,7.809366900339341,7.78112666850536,NaN,NaN,NaN,NaN,NaN,NaN,NaN,NaN,NaN,NaN,1,0,0,0,0,NaN,NaN,7.668940267414537,NaN,NaN,NaN,7.809366900339341,7.78112666850536,NaN,NaN,NaN,NaN,NaN,NaN,NaN,NaN,NaN,NaN,1
2023-05-31,8.10277468845466,8.26,7.99,8.085,8.046914110580683,7.9964327176688865,8.085,0,0,6919,7000,0,0,0,0,NaN,NaN,4.518824015007528,NaN,NaN,NaN,7.809366900339341,7.78112666850536,NaN,NaN,NaN,NaN,NaN,NaN,NaN,NaN,NaN,NaN,1,0,0,0,0,NaN,NaN,4.518824015007528,NaN,NaN,NaN,7.809366900339341,7.78112666850536,NaN,NaN,NaN,NaN,NaN,NaN,NaN,NaN,NaN,NaN,1
2023-06-01,8.09388734422733,8.785,8.04,8.38125,8.107702454111468,8.002307790681575,8.38125,0,0,7001,7000,0,0,0,0,NaN,NaN,1.571265105336558,NaN,NaN,NaN,7.809366900339341,7.983706418229556,NaN,NaN,NaN,NaN,NaN,NaN,NaN,NaN,NaN,NaN,1,0,0,0,0,NaN,NaN,1.571265105336558,NaN,NaN,NaN,7.809366900339341,7.983706418229556,NaN,NaN,NaN,NaN,NaN,NaN,NaN,NaN,NaN,NaN,1
2023-06-02,8.237568672113664,9.175,8.237568672113664,8.901250000000001,8.251983826091202,8.016032099220787,8.901250000000001,0,0,7001,7000,0,0,0,0,NaN,NaN,0.00006699161854608644,NaN,NaN,NaN,7.809366900339341,8.362064262948236,NaN,NaN,NaN,NaN,NaN,NaN,NaN,NaN,NaN,NaN,1,0,0,0,0,NaN,NaN,0.00006699161854608644,NaN,NaN,NaN,7.809366900339341,8.362064262948236,NaN,NaN,NaN,NaN,NaN,NaN,NaN,NaN,NaN,NaN,1
2023-06-05,8.569409336056832,9.32,8.569409336056832,9.15,8.41525949407462,8.033344586255584,9.15,0,0,7001,7000,0,0,0,0,NaN,NaN,1.8467609331540193,NaN,NaN,NaN,7.809366900339341,8.625787017729106,NaN,NaN,NaN,NaN,NaN,NaN,NaN,NaN,NaN,NaN,1,0,0,0,0,NaN,NaN,1.8467609331540193,NaN,NaN,NaN,7.809366900339341,8.625787017729106,NaN,NaN,NaN,NaN,NaN,NaN,NaN,NaN,NaN,NaN,1
2023-06-06,8.859704668028417,9.38,8.859704668028417,9.25525,8.567985040606507,8.051999630740232,9.25525,0,0,7001,7000,0,0,0,0,NaN,NaN,6.907167632198578,NaN,NaN,NaN,7.809366900339341,8.81685313347412,NaN,NaN,NaN,NaN,NaN,NaN,NaN,NaN,NaN,NaN,1,0,0,0,0,NaN,NaN,6.907167632198578,NaN,NaN,NaN,7.809366900339341,8.81685313347412,NaN,NaN,NaN,NaN,NaN,NaN,NaN,NaN,NaN,NaN,1
2023-06-07,9.057477334014209,9.69,9.057477334014209,9.375,8.714715033223506,8.072198109660228,9.375,0,0,7001,7000,0,0,0,0,NaN,NaN,14.792933975512012,NaN,NaN,NaN,8.080868074406288,9.011261537436107,NaN,NaN,NaN,NaN,NaN,NaN,NaN,NaN,NaN,NaN,1,0,0,0,0,NaN,NaN,14.792933975512012,NaN,NaN,NaN,8.080868074406288,9.011261537436107,NaN,NaN,NaN,NaN,NaN,NaN,NaN,NaN,NaN,NaN,1
2023-06-08,9.216238667007104,9.67,9.216238667007104,9.541250000000002,8.864994118091959,8.094626382795186,9.541250000000002,0,0,7001,7000,0,0,0,0,NaN,NaN,24.285756880470785,NaN,NaN,NaN,8.857855806319154,9.228445576205276,NaN,NaN,NaN,NaN,NaN,NaN,NaN,NaN,NaN,NaN,1,0,0,0,0,NaN,NaN,24.285756880470785,NaN,NaN,NaN,8.857855806319154,9.228445576205276,NaN,NaN,NaN,NaN,NaN,NaN,NaN,NaN,NaN,NaN,1
2023-06-09,9.378744333503553,9.669,9.378744333503553,9.604750000000001,8.999495187529785,8.11768170519526,9.604750000000001,0,0,7001,7000,0,0,0,0,NaN,NaN,34.86492606573646,NaN,NaN,NaN,8.922233040205716,9.373898536057535,NaN,NaN,NaN,NaN,NaN,NaN,NaN,NaN,NaN,NaN,1,0,0,0,0,NaN,NaN,34.86492606573646,NaN,NaN,NaN,8.922233040205716,9.373898536057535,NaN,NaN,NaN,NaN,NaN,NaN,NaN,NaN,NaN,NaN,1
2023-06-12,9.491747166751777,9.94,9.491747166751777,9.74525,9.135086971615278,8.14253007610831,9.74525,0,0,7001,7000,0,0,0,0,NaN,NaN,42.361188700536545,NaN,NaN,NaN,9.062223412713763,9.552545063076824,NaN,NaN,NaN,NaN,NaN,NaN,NaN,NaN,NaN,NaN,1,0,0,0,0,NaN,NaN,42.361188700536545,NaN,NaN,NaN,9.062223412713763,9.552545063076824,NaN,NaN,NaN,NaN,NaN,NaN,NaN,NaN,NaN,NaN,1
2023-06-13,9.618498583375889,10.01,9.618498583375889,9.915000000000001,9.2768893404125,8.169590685633374,9.915000000000001,0,0,7001,7000,0,0,0,0,NaN,NaN,47.67102226251843,NaN,NaN,NaN,9.231962908254737,9.745676238476863,NaN,NaN,NaN,NaN,NaN,NaN,NaN,NaN,NaN,NaN,1,0,0,0,0,NaN,NaN,47.67102226251843,NaN,NaN,NaN,9.231962908254737,9.745676238476863,NaN,NaN,NaN,NaN,NaN,NaN,NaN,NaN,NaN,NaN,1
2023-06-14,9.766749291687944,10.08,9.766749291687944,9.975,9.40381855124659,8.19715418661607,9.975,0,0,7001,7000,0,0,0,0,NaN,NaN,52.7409481724467,NaN,NaN,NaN,9.292637150015727,9.859392218316579,NaN,NaN,NaN,NaN,NaN,NaN,NaN,NaN,NaN,NaN,1,0,0,0,0,NaN,NaN,52.7409481724467,NaN,NaN,NaN,9.292637150015727,9.859392218316579,NaN,NaN,NaN,NaN,NaN,NaN,NaN,NaN,NaN,NaN,1
2023-06-15,9.870874645843973,10.1399,9.870874645843973,9.994975,9.51130154192903,8.22460183262193,9.994975,0,0,7001,7000,0,0,0,0,NaN,NaN,59.02118018633147,NaN,NaN,NaN,9.313669992416788,9.925897595074119,NaN,NaN,NaN,NaN,NaN,NaN,NaN,NaN,NaN,NaN,1,0,0,0,0,NaN,NaN,59.02118018633147,NaN,NaN,NaN,9.313669992416788,9.925897595074119,NaN,NaN,NaN,NaN,NaN,NaN,NaN,NaN,NaN,NaN,1
2023-06-16,9.932924822921986,10.19,9.93,10.045,9.608337625214661,8.252394171055183,10.045,0,0,7001,7000,0,0,0,0,NaN,NaN,64.23556392957124,NaN,NaN,NaN,9.364826517454697,9.996073249438542,NaN,NaN,NaN,NaN,NaN,NaN,NaN,NaN,NaN,NaN,1,0,0,0,0,NaN,NaN,64.23556392957124,NaN,NaN,NaN,9.364826517454697,9.996073249438542,NaN,NaN,NaN,NaN,NaN,NaN,NaN,NaN,NaN,NaN,1
2023-06-20,9.988962411460992,10.075,9.988962411460992,10.03125,9.68523078426654,8.279552275313883,10.03125,0,0,7001,7000,0,0,0,0,NaN,NaN,67.72244746874843,NaN,NaN,NaN,9.364826517454697,9.996073249438542,NaN,NaN,NaN,NaN,NaN,NaN,NaN,NaN,NaN,NaN,1,0,0,0,0,NaN,NaN,67.72244746874843,NaN,NaN,NaN,9.364826517454697,9.996073249438542,NaN,NaN,NaN,NaN,NaN,NaN,NaN,NaN,NaN,NaN,1
2023-06-21,10.010106205730496,10.0201,9.96,9.995025,9.741557005308987,8.305742698591533,9.995025,0,0,7001,7000,0,0,0,0,NaN,NaN,70.28210617108157,NaN,NaN,NaN,9.364826517454697,9.996073249438542,NaN,NaN,NaN,NaN,NaN,NaN,NaN,NaN,NaN,NaN,1,0,0,0,0,NaN,NaN,70.28210617108157,NaN,NaN,NaN,9.364826517454697,9.996073249438542,NaN,NaN,NaN,NaN,NaN,NaN,NaN,NaN,NaN,NaN,1
2023-06-22,10.002565602865248,10.05,9.92,9.9925,9.787183004343717,8.331494718460364,9.9925,0,0,7001,7000,0,0,0,0,NaN,NaN,72.34704310946705,NaN,NaN,NaN,9.364826517454697,9.996073249438542,NaN,NaN,NaN,NaN,NaN,NaN,NaN,NaN,NaN,NaN,1,0,0,0,0,NaN,NaN,72.34704310946705,NaN,NaN,NaN,9.364826517454697,9.996073249438542,NaN,NaN,NaN,NaN,NaN,NaN,NaN,NaN,NaN,NaN,1
2023-06-23,9.997532801432623,10.02,9.85,9.9675,9.81996791264486,8.356471898331199,9.9675,0,0,7001,7000,0,0,0,0,NaN,NaN,74.10050077031066,NaN,NaN,NaN,9.364826517454697,9.996073249438542,NaN,NaN,NaN,NaN,NaN,NaN,NaN,NaN,NaN,NaN,1,0,0,0,0,NaN,NaN,74.10050077031066,NaN,NaN,NaN,9.364826517454697,9.996073249438542,NaN,NaN,NaN,NaN,NaN,NaN,NaN,NaN,NaN,NaN,1
2023-06-26,9.98251640071631,10.0399,9.98251640071631,10.009975,9.85451465580034,8.38171622049408,10.009975,0,0,7001,7000,0,0,0,0,NaN,NaN,75.0727650813979,NaN,NaN,NaN,9.364826517454697,9.996073249438542,NaN,NaN,NaN,NaN,NaN,NaN,NaN,NaN,NaN,NaN,1,0,0,0,0,NaN,NaN,75.0727650813979,NaN,NaN,NaN,9.364826517454697,9.996073249438542,NaN,NaN,NaN,NaN,NaN,NaN,NaN,NaN,NaN,NaN,1
2023-06-27,9.996245700358156,10.19,9.996245700358156,10.0875,9.896875627473007,8.407758720944553,10.0875,0,0,7001,7000,0,0,0,0,NaN,NaN,76.3746015268334,NaN,NaN,NaN,9.364826517454697,10.053113392224887,NaN,NaN,NaN,NaN,NaN,NaN,NaN,NaN,NaN,NaN,1,0,0,0,0,NaN,NaN,76.3746015268334,NaN,NaN,NaN,9.364826517454697,10.053113392224887,NaN,NaN,NaN,NaN,NaN,NaN,NaN,NaN,NaN,NaN,1
2023-06-28,10.041872850179079,10.55,10.041872850179079,10.3103,9.972043695205187,8.436805152685858,10.3103,0,0,7001,7000,0,0,0,0,NaN,NaN,77.1026292736129,NaN,NaN,NaN,9.364826517454697,10.243238160423449,NaN,NaN,NaN,NaN,NaN,NaN,NaN,NaN,NaN,NaN,1,0,0,0,0,NaN,NaN,77.1026292736129,NaN,NaN,NaN,9.364826517454697,10.243238160423449,NaN,NaN,NaN,NaN,NaN,NaN,NaN,NaN,NaN,NaN,1
2023-06-29,10.17608642508954,10.625,10.17608642508954,10.49625,10.067353932440607,8.468247058751723,10.49625,1,0,7001,7000,0,0,0,0,NaN,NaN,77.78662189531394,NaN,NaN,NaN,9.364826517454697,10.427434158982082,NaN,NaN,NaN,NaN,NaN,NaN,NaN,NaN,NaN,NaN,1,0,0,0,0,NaN,NaN,77.78662189531394,NaN,NaN,NaN,9.364826517454697,10.427434158982082,NaN,NaN,NaN,NaN,NaN,NaN,NaN,NaN,NaN,NaN,1
2023-06-30,10.33616821254477,10.56,10.32,10.485,10.14328958108777,8.499037179992156,10.485,0,0,7001,7000,0,0,0,0,NaN,NaN,78.38245466404067,NaN,NaN,NaN,9.364826517454697,10.427434158982082,NaN,NaN,NaN,NaN,NaN,NaN,NaN,NaN,NaN,NaN,1,0,0,0,0,NaN,NaN,78.38245466404067,NaN,NaN,NaN,9.364826517454697,10.427434158982082,NaN,NaN,NaN,NaN,NaN,NaN,NaN,NaN,NaN,NaN,1
2023-07-03,10.410584106272385,10.8,10.410584106272385,10.6075,10.227691475435448,8.531227452053344,10.6075,0,0,7001,7000,0,0,0,0,NaN,NaN,78.92315122668167,NaN,NaN,NaN,9.364826517454697,10.557723663592832,NaN,NaN,NaN,NaN,NaN,NaN,NaN,NaN,NaN,NaN,1,0,0,0,0,NaN,NaN,78.92315122668167,NaN,NaN,NaN,9.364826517454697,10.557723663592832,NaN,NaN,NaN,NaN,NaN,NaN,NaN,NaN,NaN,NaN,1
2023-07-05,10.509042053136191,10.63,10.48,10.5425,10.284929388992639,8.561933903167033,10.5425,0,0,7001,7000,0,0,0,0,NaN,NaN,79.70408016877586,NaN,NaN,NaN,9.364826517454697,10.557723663592832,NaN,NaN,NaN,NaN,NaN,NaN,NaN,NaN,NaN,NaN,1,0,0,0,0,NaN,NaN,79.70408016877586,NaN,NaN,NaN,9.364826517454697,10.557723663592832,NaN,NaN,NaN,NaN,NaN,NaN,NaN,NaN,NaN,NaN,1
2023-07-06,10.525771026568096,10.66,10.455,10.543750000000001,10.331987681903069,8.592190637469827,10.543750000000001,0,0,7001,7000,0,0,0,0,NaN,NaN,80.55446194454879,NaN,NaN,NaN,9.364826517454697,10.557723663592832,NaN,NaN,NaN,NaN,NaN,NaN,NaN,NaN,NaN,NaN,1,0,0,0,0,NaN,NaN,80.55446194454879,NaN,NaN,NaN,9.364826517454697,10.557723663592832,NaN,NaN,NaN,NaN,NaN,NaN,NaN,NaN,NaN,NaN,1
2023-07-07,10.534760513284048,10.65,10.465,10.55125,10.371853557920693,8.622099940714563,10.55125,0,0,7001,7000,0,0,0,0,NaN,NaN,81.45557544864778,NaN,NaN,NaN,9.59752669401451,10.557723663592832,NaN,NaN,NaN,NaN,NaN,NaN,NaN,NaN,NaN,NaN,1,0,0,0,0,NaN,NaN,81.45557544864778,NaN,NaN,NaN,9.59752669401451,10.557723663592832,NaN,NaN,NaN,NaN,NaN,NaN,NaN,NaN,NaN,NaN,1
2023-07-10,10.543005256642024,10.61,10.37,10.495,10.39424382011693,8.650693834749454,10.495,0,0,7001,7000,0,0,0,0,10.61,NaN,82.28326321433832,NaN,NaN,NaN,9.834632263846194,10.5158125,NaN,NaN,NaN,NaN,NaN,NaN,NaN,NaN,NaN,NaN,1,0,0,0,0,10.61,NaN,82.28326321433832,NaN,NaN,NaN,9.834632263846194,10.5158125,NaN,NaN,NaN,NaN,NaN,NaN,NaN,NaN,NaN,NaN,1
2023-07-11,10.519002628321012,10.55,10.5,10.515,10.41619948918658,8.679156524295264,10.515,0,0,7001,7000,0,0,0,0,NaN,NaN,83.4126250483811,NaN,NaN,NaN,9.85745285252696,10.5158125,NaN,NaN,NaN,NaN,NaN,NaN,NaN,NaN,NaN,NaN,1,0,0,0,0,NaN,NaN,83.4126250483811,NaN,NaN,NaN,9.85745285252696,10.5158125,NaN,NaN,NaN,NaN,NaN,NaN,NaN,NaN,NaN,NaN,1
2023-07-12,10.517001314160506,10.69,10.46,10.57,10.444163218425384,8.708024363619,10.57,0,0,7001,7000,0,0,0,0,NaN,NaN,84.44027147605081,NaN,NaN,NaN,9.91372808826433,10.533625,NaN,NaN,NaN,NaN,NaN,NaN,NaN,NaN,NaN,NaN,1,0,0,0,0,NaN,NaN,84.44027147605081,NaN,NaN,NaN,9.91372808826433,10.533625,NaN,NaN,NaN,NaN,NaN,NaN,NaN,NaN,NaN,NaN,1
2023-07-13,10.543500657080253,10.95,10.543500657080253,10.7591,10.50142445143895,8.739338495472145,10.7591,0,0,7001,7000,0,0,0,0,NaN,NaN,85.24549892771023,NaN,NaN,NaN,10.102552578572453,10.63210275,NaN,NaN,NaN,NaN,NaN,NaN,NaN,NaN,NaN,NaN,1,0,0,0,0,NaN,NaN,85.24549892771023,NaN,NaN,NaN,10.102552578572453,10.63210275,NaN,NaN,NaN,NaN,NaN,NaN,NaN,NaN,NaN,NaN,1
2023-07-14,10.651300328540128,10.85,10.5325,10.733125000000001,10.543551823904595,8.769777984090892,10.733125000000001,0,0,7001,7000,0,0,0,0,NaN,NaN,85.99725241406188,NaN,NaN,NaN,10.102552578572453,10.63210275,NaN,NaN,NaN,NaN,NaN,NaN,NaN,NaN,NaN,NaN,1,0,0,0,0,NaN,NaN,85.99725241406188,NaN,NaN,NaN,10.102552578572453,10.63210275,NaN,NaN,NaN,NaN,NaN,NaN,NaN,NaN,NaN,NaN,1
2023-07-17,10.692212664270064,10.91,10.5,10.685,10.56926967410376,8.79901801486813,10.685,0,0,7001,7000,0,0,0,0,NaN,NaN,87.11734943137789,NaN,NaN,NaN,10.102552578572453,10.63210275,NaN,NaN,NaN,NaN,NaN,NaN,NaN,NaN,NaN,NaN,1,0,0,0,0,NaN,NaN,87.11734943137789,NaN,NaN,NaN,10.102552578572453,10.63210275,NaN,NaN,NaN,NaN,NaN,NaN,NaN,NaN,NaN,NaN,1
2023-07-18,10.688606332135032,11.1,10.688606332135032,10.8975,10.628947915175804,8.831055907770907,10.8975,0,0,7001,7000,0,0,0,0,NaN,NaN,88.70472487169936,NaN,NaN,NaN,10.102552578572453,10.713074585000001,NaN,NaN,NaN,NaN,NaN,NaN,NaN,NaN,NaN,NaN,1,0,0,0,0,NaN,NaN,88.70472487169936,NaN,NaN,NaN,10.102552578572453,10.713074585000001,NaN,NaN,NaN,NaN,NaN,NaN,NaN,NaN,NaN,NaN,1
2023-07-19,10.793053166067516,11.08,10.793053166067516,11.009,10.698048294234749,8.8643069626141,11.009000000000002,0,0,7001,7000,0,0,0,0,NaN,NaN,89.88108349715849,NaN,NaN,NaN,10.102552578572453,10.79044037235,NaN,NaN,NaN,NaN,NaN,NaN,NaN,NaN,NaN,NaN,1,0,0,0,0,NaN,NaN,89.88108349715849,NaN,NaN,NaN,10.102552578572453,10.79044037235,NaN,NaN,NaN,NaN,NaN,NaN,NaN,NaN,NaN,NaN,1
2023-07-20,10.901026583033758,10.9999,10.9,10.942475,10.742489513464795,8.896034718910068,10.942475,0,0,7001,7000,0,0,0,0,NaN,NaN,90.74724975420297,NaN,NaN,NaN,10.102552578572453,10.79044037235,NaN,NaN,NaN,NaN,NaN,NaN,NaN,NaN,NaN,NaN,1,0,0,0,0,NaN,NaN,90.74724975420297,NaN,NaN,NaN,10.102552578572453,10.79044037235,NaN,NaN,NaN,NaN,NaN,NaN,NaN,NaN,NaN,NaN,1
2023-07-21,10.921750791516878,10.99,10.9,10.95,10.780218692834833,8.927392967476326,10.95,0,0,7001,7000,0,0,0,0,NaN,NaN,91.41050988438728,NaN,NaN,NaN,10.102552578572453,10.79044037235,NaN,NaN,NaN,NaN,NaN,NaN,NaN,NaN,NaN,NaN,1,0,0,0,0,NaN,NaN,91.41050988438728,NaN,NaN,NaN,10.102552578572453,10.79044037235,NaN,NaN,NaN,NaN,NaN,NaN,NaN,NaN,NaN,NaN,1
2023-07-24,10.935875395758439,10.99,10.84,10.925,10.806542566864863,8.957890784766764,10.925,0,0,7001,7000,0,0,0,0,NaN,NaN,92.05307058279668,NaN,NaN,NaN,10.102552578572453,10.79044037235,NaN,NaN,NaN,NaN,NaN,NaN,NaN,NaN,NaN,NaN,1,0,0,0,0,NaN,NaN,92.05307058279668,NaN,NaN,NaN,10.102552578572453,10.79044037235,NaN,NaN,NaN,NaN,NaN,NaN,NaN,NaN,NaN,NaN,1
2023-07-25,10.93043769787922,11.05,10.825,10.941249999999998,10.831034827434888,8.988171078129104,10.941249999999998,0,0,7001,7000,0,0,0,0,NaN,NaN,92.61185347824308,NaN,NaN,NaN,10.102552578572453,10.79044037235,NaN,NaN,NaN,NaN,NaN,NaN,NaN,NaN,NaN,NaN,1,0,0,0,0,NaN,NaN,92.61185347824308,NaN,NaN,NaN,10.102552578572453,10.79044037235,NaN,NaN,NaN,NaN,NaN,NaN,NaN,NaN,NaN,NaN,1
2023-07-26,10.935843848939609,11,10.8262,10.931550000000001,10.849310313355817,9.01784098533324,10.931550000000001,0,0,7001,7000,0,0,0,0,NaN,NaN,93.00972928460652,NaN,NaN,NaN,10.102552578572453,10.79044037235,NaN,NaN,NaN,NaN,NaN,NaN,NaN,NaN,NaN,NaN,1,0,0,0,0,NaN,NaN,93.00972928460652,NaN,NaN,NaN,10.102552578572453,10.79044037235,NaN,NaN,NaN,NaN,NaN,NaN,NaN,NaN,NaN,NaN,1
2023-07-27,10.933696924469805,10.96,10.58,10.754999999999999,10.83216298365476,9.044362497007542,10.754999999999999,0,0,7001,7000,0,0,0,0,NaN,NaN,93.20511905260955,NaN,NaN,NaN,10.102552578572453,10.79044037235,NaN,NaN,NaN,NaN,NaN,NaN,NaN,NaN,NaN,NaN,1,0,0,0,0,NaN,NaN,93.20511905260955,NaN,NaN,NaN,10.102552578572453,10.79044037235,NaN,NaN,NaN,NaN,NaN,NaN,NaN,NaN,NaN,NaN,1
2023-07-28,10.844348462234901,10.844348462234901,10.31,10.4,10.75358789571753,9.06505925277842,10.4,0,0,7001,7000,0,0,0,0,NaN,NaN,92.79289215135012,NaN,NaN,NaN,10.102552578572453,10.66796,NaN,NaN,NaN,NaN,NaN,NaN,NaN,NaN,NaN,NaN,1,0,0,0,0,NaN,NaN,92.79289215135012,NaN,NaN,NaN,10.102552578572453,10.66796,NaN,NaN,NaN,NaN,NaN,NaN,NaN,NaN,NaN,NaN,1
2023-07-31,10.622174231117452,10.665,10.28,10.49375,10.706344641950706,9.086871325255085,10.49375,0,0,7001,7000,0,0,0,0,NaN,NaN,92.43858283032543,NaN,NaN,NaN,10.102552578572453,10.66796,NaN,NaN,NaN,NaN,NaN,NaN,NaN,NaN,NaN,NaN,1,0,0,0,0,NaN,NaN,92.43858283032543,NaN,NaN,NaN,10.102552578572453,10.66796,NaN,NaN,NaN,NaN,NaN,NaN,NaN,NaN,NaN,NaN,1
2023-08-01,10.557962115558727,10.98,10.43,10.7375,10.712009252505123,9.11207176303745,10.7375,0,0,7001,7000,0,0,0,0,NaN,NaN,92.45005868541884,NaN,NaN,NaN,10.102552578572453,10.66796,NaN,NaN,NaN,NaN,NaN,NaN,NaN,NaN,NaN,NaN,1,0,0,0,0,NaN,NaN,92.45005868541884,NaN,NaN,NaN,10.102552578572453,10.66796,NaN,NaN,NaN,NaN,NaN,NaN,NaN,NaN,NaN,NaN,1
2023-08-02,10.647731057779364,10.93,10.647731057779364,10.84,10.735280297504191,9.13845234680787,10.84,0,0,7001,7000,0,0,0,0,NaN,NaN,92.47357435108671,NaN,NaN,NaN,10.102552578572453,10.66796,NaN,NaN,NaN,NaN,NaN,NaN,NaN,NaN,NaN,NaN,1,0,0,0,0,NaN,NaN,92.47357435108671,NaN,NaN,NaN,10.102552578572453,10.66796,NaN,NaN,NaN,NaN,NaN,NaN,NaN,NaN,NaN,NaN,1
2023-08-03,10.743865528889682,10.945,10.743865528889682,10.86625,10.759092970685249,9.16483093693294,10.86625,0,0,7001,7000,0,0,0,0,NaN,NaN,92.2315005632642,NaN,NaN,NaN,10.102552578572453,10.66796,NaN,NaN,NaN,NaN,NaN,NaN,NaN,NaN,NaN,NaN,1,0,0,0,0,NaN,NaN,92.2315005632642,NaN,NaN,NaN,10.102552578572453,10.66796,NaN,NaN,NaN,NaN,NaN,NaN,NaN,NaN,NaN,NaN,1
2023-08-04,10.805057764444841,11.22,10.805057764444841,11.0625,10.814257885106112,9.193802983697323,11.0625,0,0,7001,7000,0,0,0,0,NaN,NaN,92.07743046350944,NaN,NaN,NaN,10.102552578572453,10.741187499999999,NaN,NaN,NaN,NaN,NaN,NaN,NaN,NaN,NaN,NaN,1,0,0,0,0,NaN,NaN,92.07743046350944,NaN,NaN,NaN,10.102552578572453,10.741187499999999,NaN,NaN,NaN,NaN,NaN,NaN,NaN,NaN,NaN,NaN,1
2023-08-07,10.93377888222242,11.364,10.93377888222242,11.1585,10.876847360541365,9.22379835799202,11.1585,0,0,7001,7000,0,0,0,0,NaN,NaN,92.05011233650005,NaN,NaN,NaN,10.102552578572453,10.800266874999998,NaN,NaN,NaN,NaN,NaN,NaN,NaN,NaN,NaN,NaN,1,0,0,0,0,NaN,NaN,92.05011233650005,NaN,NaN,NaN,10.102552578572453,10.800266874999998,NaN,NaN,NaN,NaN,NaN,NaN,NaN,NaN,NaN,NaN,1
2023-08-08,11.04613944111121,11.58,11.04613944111121,11.307500000000001,10.955147840442935,9.255610596801302,11.307500000000001,0,0,7001,7000,0,0,0,0,NaN,NaN,91.97909316537879,NaN,NaN,NaN,10.102552578572453,10.9007308625,NaN,NaN,NaN,NaN,NaN,NaN,NaN,NaN,NaN,NaN,1,0,0,0,0,NaN,NaN,91.97909316537879,NaN,NaN,NaN,10.102552578572453,10.9007308625,NaN,NaN,NaN,NaN,NaN,NaN,NaN,NaN,NaN,NaN,1
2023-08-09,11.176819720555606,11.74,11.176819720555606,11.535924999999999,11.060743687635128,9.29042455715548,11.535924999999999,1,0,7001,7000,0,0,0,0,NaN,NaN,91.99584576958793,NaN,NaN,NaN,10.102552578572453,11.061831709874998,NaN,NaN,NaN,NaN,NaN,NaN,NaN,NaN,NaN,NaN,1,0,0,0,0,NaN,NaN,91.99584576958793,NaN,NaN,NaN,10.102552578572453,11.061831709874998,NaN,NaN,NaN,NaN,NaN,NaN,NaN,NaN,NaN,NaN,1
2023-08-10,11.356372360277803,12.3,11.356372360277803,11.934999999999999,11.219699380792377,9.33079975475616,11.934999999999999,0,0,7001,7000,0,0,0,0,NaN,NaN,92.07558419059997,NaN,NaN,NaN,10.869067870135513,11.342204904689998,NaN,NaN,NaN,NaN,NaN,NaN,NaN,NaN,NaN,NaN,1,0,0,0,0,NaN,NaN,92.07558419059997,NaN,NaN,NaN,10.869067870135513,11.342204904689998,NaN,NaN,NaN,NaN,NaN,NaN,NaN,NaN,NaN,NaN,1
2023-08-11,11.6456861801389,12.5,11.6456861801389,12.2725,11.411117675193763,9.37571120888202,12.2725,0,0,7001,7000,0,0,0,0,NaN,NaN,92.14493323254318,NaN,NaN,NaN,11.612109677829684,11.6251866689865,NaN,NaN,NaN,NaN,NaN,NaN,NaN,NaN,NaN,NaN,1,0,0,0,0,NaN,NaN,92.14493323254318,NaN,NaN,NaN,11.612109677829684,11.6251866689865,NaN,NaN,NaN,NaN,NaN,NaN,NaN,NaN,NaN,NaN,1
2023-08-14,11.959093090069452,12.15,11,11.56,11.438187188794897,9.409059129357104,11.56,0,0,7001,7000,0,0,0,0,NaN,NaN,92.09307268481376,NaN,NaN,NaN,11.612109677829684,11.6251866689865,NaN,NaN,NaN,NaN,NaN,NaN,NaN,NaN,NaN,NaN,1,0,0,0,0,NaN,NaN,92.09307268481376,NaN,NaN,NaN,11.612109677829684,11.6251866689865,NaN,NaN,NaN,NaN,NaN,NaN,NaN,NaN,NaN,NaN,1
2023-08-15,11.759546545034727,11.759546545034727,10.93,11.0321,11.364353154468553,9.433838379290583,11.0321,0,0,7001,7000,0,0,0,0,NaN,NaN,91.31472567423063,NaN,NaN,NaN,11.612109677829684,11.6251866689865,NaN,NaN,NaN,NaN,NaN,NaN,NaN,NaN,NaN,NaN,1,0,0,0,0,NaN,NaN,91.31472567423063,NaN,NaN,NaN,11.612109677829684,11.6251866689865,NaN,NaN,NaN,NaN,NaN,NaN,NaN,NaN,NaN,NaN,1
2023-08-16,11.395823272517363,11.395823272517363,10.84,11.03875,11.305152580928816,9.45834084678233,11.03875,0,0,7001,7000,0,0,0,0,NaN,NaN,90.43325471389421,NaN,NaN,NaN,11.612109677829684,11.6251866689865,NaN,NaN,NaN,NaN,NaN,NaN,NaN,NaN,NaN,NaN,1,0,0,0,0,NaN,NaN,90.43325471389421,NaN,NaN,NaN,11.612109677829684,11.6251866689865,NaN,NaN,NaN,NaN,NaN,NaN,NaN,NaN,NaN,NaN,1
2023-08-17,11.217286636258681,11.217286636258681,11,11.075,11.263306657123577,9.483022665915424,11.075,0,0,7001,7000,0,0,0,0,NaN,NaN,89.545087972714,NaN,NaN,NaN,11.612109677829684,11.6251866689865,NaN,NaN,NaN,NaN,NaN,NaN,NaN,NaN,NaN,NaN,1,0,0,0,0,NaN,NaN,89.545087972714,NaN,NaN,NaN,11.612109677829684,11.6251866689865,NaN,NaN,NaN,NaN,NaN,NaN,NaN,NaN,NaN,NaN,1
2023-08-18,11.14614331812934,11.14614331812934,11,11.021175,11.219282719464745,9.506505907657173,11.021175,0,0,7001,7000,0,0,0,0,NaN,NaN,88.5014690144146,NaN,NaN,NaN,11.612109677829684,11.6251866689865,NaN,NaN,NaN,NaN,NaN,NaN,NaN,NaN,NaN,NaN,1,0,0,0,0,NaN,NaN,88.5014690144146,NaN,NaN,NaN,11.612109677829684,11.6251866689865,NaN,NaN,NaN,NaN,NaN,NaN,NaN,NaN,NaN,NaN,1
2023-08-21,11.08365915906467,11.08365915906467,11,11.02375,11.183731315925701,9.52966993960134,11.02375,0,0,7001,7000,0,0,0,0,NaN,NaN,87.40536074359717,NaN,NaN,NaN,11.612109677829684,11.6251866689865,NaN,NaN,NaN,NaN,NaN,NaN,NaN,NaN,NaN,NaN,1,0,0,0,0,NaN,NaN,87.40536074359717,NaN,NaN,NaN,11.612109677829684,11.6251866689865,NaN,NaN,NaN,NaN,NaN,NaN,NaN,NaN,NaN,NaN,1
2023-08-22,11.053704579532335,11.053704579532335,10.99,11.015,11.153052894848301,9.552346734416586,11.015,0,0,7001,7000,0,0,0,0,NaN,NaN,86.24644332046695,NaN,NaN,NaN,11.612109677829684,11.6251866689865,NaN,NaN,NaN,NaN,NaN,NaN,NaN,NaN,NaN,NaN,1,0,0,0,0,NaN,NaN,86.24644332046695,NaN,NaN,NaN,11.612109677829684,11.6251866689865,NaN,NaN,NaN,NaN,NaN,NaN,NaN,NaN,NaN,NaN,1
2023-08-23,11.034352289766169,11.08,11.0073,11.044324999999999,11.133284186694064,9.57512502854763,11.044324999999999,0,0,7001,7000,0,0,0,0,NaN,NaN,85.06250971592375,NaN,NaN,NaN,11.612109677829684,11.6251866689865,NaN,NaN,NaN,NaN,NaN,NaN,NaN,NaN,NaN,NaN,1,0,0,0,0,NaN,NaN,85.06250971592375,NaN,NaN,NaN,11.612109677829684,11.6251866689865,NaN,NaN,NaN,NaN,NaN,NaN,NaN,NaN,NaN,NaN,1
2023-08-24,11.039338644883085,11.04,10.91,10.9875,11.106777970931507,9.596688005211025,10.9875,0,0,7001,7000,0,0,0,0,NaN,NaN,83.73530211676294,NaN,NaN,NaN,11.612109677829684,11.6251866689865,NaN,NaN,NaN,NaN,NaN,NaN,NaN,NaN,NaN,NaN,1,0,0,0,0,NaN,NaN,83.73530211676294,NaN,NaN,NaN,11.612109677829684,11.6251866689865,NaN,NaN,NaN,NaN,NaN,NaN,NaN,NaN,NaN,NaN,1
2023-08-25,11.013419322441543,11.05,10.985,11.00875,11.088954703489415,9.61824620360475,11.00875,0,0,7001,7000,0,0,0,0,NaN,NaN,82.35188015271004,NaN,NaN,NaN,11.612109677829684,11.6251866689865,NaN,NaN,NaN,NaN,NaN,NaN,NaN,NaN,NaN,NaN,1,0,0,0,0,NaN,NaN,82.35188015271004,NaN,NaN,NaN,11.612109677829684,11.6251866689865,NaN,NaN,NaN,NaN,NaN,NaN,NaN,NaN,NaN,NaN,1
2023-08-28,11.011084661220771,11.17,10.995,11.053749999999999,11.082553848309521,9.640162292099333,11.053749999999997,0,0,7001,7000,0,0,0,0,NaN,NaN,80.99220458409299,NaN,NaN,NaN,11.612109677829684,11.6251866689865,NaN,NaN,NaN,NaN,NaN,NaN,NaN,NaN,NaN,NaN,1,0,0,0,0,NaN,NaN,80.99220458409299,NaN,NaN,NaN,11.612109677829684,11.6251866689865,NaN,NaN,NaN,NaN,NaN,NaN,NaN,NaN,NaN,NaN,1
2023-08-29,11.032417330610386,11.28,11,11.1175,11.088907694071427,9.662717066265756,11.1175,0,0,7001,7000,0,0,0,0,NaN,NaN,79.70768316776254,NaN,NaN,NaN,11.612109677829684,11.6251866689865,NaN,NaN,NaN,NaN,NaN,NaN,NaN,NaN,NaN,NaN,1,0,0,0,0,NaN,NaN,79.70768316776254,NaN,NaN,NaN,11.612109677829684,11.6251866689865,NaN,NaN,NaN,NaN,NaN,NaN,NaN,NaN,NaN,NaN,1
2023-08-30,11.074958665305193,11.45,11.074958665305193,11.3275,11.132288113331168,9.68813359960521,11.3275,0,0,7001,7000,0,0,0,0,NaN,NaN,78.79611425973026,NaN,NaN,NaN,11.612109677829684,11.6251866689865,NaN,NaN,NaN,NaN,NaN,NaN,NaN,NaN,NaN,NaN,1,0,0,0,0,NaN,NaN,78.79611425973026,NaN,NaN,NaN,11.612109677829684,11.6251866689865,NaN,NaN,NaN,NaN,NaN,NaN,NaN,NaN,NaN,NaN,1
2023-08-31,11.201229332652597,11.45,11.201229332652597,11.39,11.179144819998228,9.714116292741009,11.39,0,0,7001,7000,0,0,0,0,NaN,NaN,78.01477269651348,NaN,NaN,NaN,11.612109677829684,11.6251866689865,NaN,NaN,NaN,NaN,NaN,NaN,NaN,NaN,NaN,NaN,1,0,0,0,0,NaN,NaN,78.01477269651348,NaN,NaN,NaN,11.612109677829684,11.6251866689865,NaN,NaN,NaN,NaN,NaN,NaN,NaN,NaN,NaN,NaN,1
2023-09-01,11.295614666326298,11.4546,11,11.216149999999999,11.185873034544004,9.737048105065574,11.216149999999999,0,0,7001,7000,0,0,0,0,NaN,NaN,76.86040297552235,NaN,NaN,NaN,11.612109677829684,11.6251866689865,NaN,NaN,NaN,NaN,NaN,NaN,NaN,NaN,NaN,NaN,1,0,0,0,0,NaN,NaN,76.86040297552235,NaN,NaN,NaN,11.612109677829684,11.6251866689865,NaN,NaN,NaN,NaN,NaN,NaN,NaN,NaN,NaN,NaN,1
2023-09-05,11.255882333163148,11.665,11,11.251249999999999,11.197759755536003,9.760165691247778,11.251249999999999,0,0,7001,7000,0,0,0,0,NaN,NaN,75.7693222395203,NaN,NaN,NaN,11.612109677829684,11.6251866689865,NaN,NaN,NaN,NaN,NaN,NaN,NaN,NaN,NaN,NaN,1,0,0,0,0,NaN,NaN,75.7693222395203,NaN,NaN,NaN,11.612109677829684,11.6251866689865,NaN,NaN,NaN,NaN,NaN,NaN,NaN,NaN,NaN,NaN,1
2023-09-06,11.253566166581574,11.29,11.045,11.18625,11.195667072711275,9.781937970770713,11.18625,0,0,7001,7000,0,0,0,0,NaN,NaN,74.56140225710024,NaN,NaN,NaN,11.612109677829684,11.6251866689865,NaN,NaN,NaN,NaN,NaN,NaN,NaN,NaN,NaN,NaN,1,0,0,0,0,NaN,NaN,74.56140225710024,NaN,NaN,NaN,11.612109677829684,11.6251866689865,NaN,NaN,NaN,NaN,NaN,NaN,NaN,NaN,NaN,NaN,1
2023-09-07,11.219908083290786,11.219908083290786,11.02,11.1025,11.178727604945589,9.802099223125358,11.1025,0,0,7001,7000,0,0,0,0,NaN,NaN,73.17286376595253,NaN,NaN,NaN,11.612109677829684,11.6251866689865,NaN,NaN,NaN,NaN,NaN,NaN,NaN,NaN,NaN,NaN,1,0,0,0,0,NaN,NaN,73.17286376595253,NaN,NaN,NaN,11.612109677829684,11.6251866689865,NaN,NaN,NaN,NaN,NaN,NaN,NaN,NaN,NaN,NaN,1
2023-09-08,11.161204041645393,11.2,11.04,11.0825,11.161231676773664,9.821647326589094,11.0825,0,0,7001,7000,0,0,0,0,NaN,NaN,71.89591363467717,NaN,NaN,NaN,11.612109677829684,11.6251866689865,NaN,NaN,NaN,NaN,NaN,NaN,NaN,NaN,NaN,NaN,1,0,0,0,0,NaN,NaN,71.89591363467717,NaN,NaN,NaN,11.612109677829684,11.6251866689865,NaN,NaN,NaN,NaN,NaN,NaN,NaN,NaN,NaN,NaN,1
2023-09-11,11.121852020822697,11.19,11,11.103674999999999,11.150766826451179,9.841220268167886,11.103674999999999,0,0,7001,7000,0,0,0,0,NaN,NaN,70.85943314900159,NaN,NaN,NaN,11.612109677829684,11.6251866689865,NaN,NaN,NaN,NaN,NaN,NaN,NaN,NaN,NaN,NaN,1,0,0,0,0,NaN,NaN,70.85943314900159,NaN,NaN,NaN,11.612109677829684,11.6251866689865,NaN,NaN,NaN,NaN,NaN,NaN,NaN,NaN,NaN,NaN,1
2023-09-12,11.112763510411348,11.3156,10.99,11.0964,11.1408819489146,9.860383317508834,11.0964,0,0,7001,7000,0,0,0,0,NaN,NaN,70.22689590296733,NaN,NaN,NaN,11.612109677829684,11.6251866689865,NaN,NaN,NaN,NaN,NaN,NaN,NaN,NaN,NaN,NaN,1,0,0,0,0,NaN,NaN,70.22689590296733,NaN,NaN,NaN,11.612109677829684,11.6251866689865,NaN,NaN,NaN,NaN,NaN,NaN,NaN,NaN,NaN,NaN,1
2023-09-13,11.104581755205674,11.16,10.78,10.9725,11.110267049111945,9.877362198157554,10.9725,0,0,7001,7000,0,0,0,0,NaN,NaN,69.92725166699651,NaN,NaN,NaN,11.612109677829684,11.505500000000001,NaN,NaN,NaN,NaN,NaN,NaN,NaN,NaN,NaN,NaN,1,0,0,0,0,NaN,NaN,69.92725166699651,NaN,NaN,NaN,11.612109677829684,11.505500000000001,NaN,NaN,NaN,NaN,NaN,NaN,NaN,NaN,NaN,NaN,1
2023-09-14,11.038540877602838,11.038540877602838,10.77,10.879999999999999,11.068400312909773,9.892669645513926,10.879999999999999,0,0,7001,7000,0,0,0,0,NaN,NaN,68.84822135042015,NaN,NaN,NaN,11.612109677829684,11.441872499999999,NaN,NaN,NaN,NaN,NaN,NaN,NaN,NaN,NaN,NaN,1,0,0,0,0,NaN,NaN,68.84822135042015,NaN,NaN,NaN,11.612109677829684,11.441872499999999,NaN,NaN,NaN,NaN,NaN,NaN,NaN,NaN,NaN,NaN,1
2023-09-15,10.959270438801418,11,10.75,10.8425,11.02732752874436,9.907170872299973,10.8425,0,0,7001,7000,0,0,0,0,NaN,NaN,66.23770188453719,NaN,NaN,NaN,11.612109677829684,11.388285149999998,NaN,NaN,NaN,NaN,NaN,NaN,NaN,NaN,NaN,NaN,1,0,0,0,0,NaN,NaN,66.23770188453719,NaN,NaN,NaN,11.612109677829684,11.388285149999998,NaN,NaN,NaN,NaN,NaN,NaN,NaN,NaN,NaN,NaN,1
2023-09-18,10.90088521940071,10.90088521940071,10.5,10.7025,10.968267978063567,9.919313301730508,10.7025,0,0,7001,7000,0,0,0,0,NaN,NaN,62.2667949416558,NaN,NaN,NaN,11.612109677829684,11.2628644865,NaN,NaN,NaN,NaN,NaN,NaN,NaN,NaN,NaN,NaN,1,0,0,0,0,NaN,NaN,62.2667949416558,NaN,NaN,NaN,11.612109677829684,11.2628644865,NaN,NaN,NaN,NaN,NaN,NaN,NaN,NaN,NaN,NaN,1
2023-09-19,10.801692609700355,10.801692609700355,10.5,10.620000000000001,10.904946527506555,9.930010808574316,10.620000000000001,0,0,7001,7000,0,0,0,0,NaN,NaN,57.47638285319751,NaN,NaN,NaN,11.612109677829684,11.14942074812,NaN,NaN,NaN,NaN,NaN,NaN,NaN,NaN,NaN,NaN,1,0,0,0,0,NaN,NaN,57.47638285319751,NaN,NaN,NaN,11.612109677829684,11.14942074812,NaN,NaN,NaN,NaN,NaN,NaN,NaN,NaN,NaN,NaN,1
2023-09-20,10.710846304850179,10.78,10.55,10.6475,10.858138067959908,9.940964842031196,10.6475,0,0,7001,7000,0,0,0,0,NaN,NaN,52.65089159018706,NaN,NaN,NaN,11.612109677829684,11.14942074812,NaN,NaN,NaN,NaN,NaN,NaN,NaN,NaN,NaN,NaN,1,0,0,0,0,NaN,NaN,52.65089159018706,NaN,NaN,NaN,11.612109677829684,11.14942074812,NaN,NaN,NaN,NaN,NaN,NaN,NaN,NaN,NaN,NaN,1
2023-09-21,10.67917315242509,10.67917315242509,10.04,10.285,10.753931146512652,9.946217287191025,10.285,0,0,7001,7000,0,0,0,0,NaN,NaN,44.706269143699586,NaN,NaN,NaN,11.612109677829684,10.877382635901998,NaN,NaN,NaN,NaN,NaN,NaN,NaN,NaN,NaN,NaN,1,0,0,0,0,NaN,NaN,44.706269143699586,NaN,NaN,NaN,11.612109677829684,10.877382635901998,NaN,NaN,NaN,NaN,NaN,NaN,NaN,NaN,NaN,NaN,1
2023-09-22,10.482086576212545,10.52,10.1,10.305,10.67230730169217,9.951694885859865,10.305,0,0,7001,7000,0,0,0,0,NaN,NaN,37.12655266133092,NaN,NaN,NaN,11.612109677829684,10.877382635901998,NaN,NaN,NaN,NaN,NaN,NaN,NaN,NaN,NaN,NaN,1,0,0,0,0,NaN,NaN,37.12655266133092,NaN,NaN,NaN,11.612109677829684,10.877382635901998,NaN,NaN,NaN,NaN,NaN,NaN,NaN,NaN,NaN,NaN,1
2023-09-25,10.393543288106272,10.5,10.25,10.3975,10.622342337748139,9.95850107080857,10.3975,0,0,7001,7000,0,0,0,0,NaN,NaN,30.66258954049561,NaN,NaN,NaN,11.482180709417134,10.877382635901998,NaN,NaN,NaN,NaN,NaN,NaN,NaN,NaN,NaN,NaN,1,0,0,0,0,NaN,NaN,30.66258954049561,NaN,NaN,NaN,11.482180709417134,10.877382635901998,NaN,NaN,NaN,NaN,NaN,NaN,NaN,NaN,NaN,NaN,1
2023-09-26,10.395521644053137,10.4044,10.06,10.1986,10.545298276339386,9.96216670331531,10.1986,0,0,7001,7000,0,0,0,0,NaN,NaN,23.490133637785945,NaN,NaN,NaN,10.846839396176263,10.71977776143964,NaN,NaN,NaN,NaN,NaN,NaN,NaN,NaN,NaN,NaN,1,0,0,0,0,NaN,NaN,23.490133637785945,NaN,NaN,NaN,10.846839396176263,10.71977776143964,NaN,NaN,NaN,NaN,NaN,NaN,NaN,NaN,NaN,NaN,1
2023-09-27,10.29706082202657,10.45,10.1,10.287500000000001,10.498425862459499,9.967133623875382,10.287500000000001,0,0,7001,7000,0,0,0,0,NaN,NaN,17.741792304265562,NaN,NaN,NaN,10.846839396176263,10.71977776143964,NaN,NaN,NaN,NaN,NaN,NaN,NaN,NaN,NaN,NaN,1,0,0,0,0,NaN,NaN,17.741792304265562,NaN,NaN,NaN,10.846839396176263,10.71977776143964,NaN,NaN,NaN,NaN,NaN,NaN,NaN,NaN,NaN,NaN,1
2023-09-28,10.292280411013286,10.33,10.06,10.232500000000002,10.45007570564868,9.97118501893072,10.232500000000002,0,0,7001,7000,0,0,0,0,NaN,NaN,12.43681571595271,NaN,NaN,NaN,10.846839396176263,10.71977776143964,NaN,NaN,NaN,NaN,NaN,NaN,NaN,NaN,NaN,NaN,1,0,0,0,0,NaN,NaN,12.43681571595271,NaN,NaN,NaN,10.846839396176263,10.71977776143964,NaN,NaN,NaN,NaN,NaN,NaN,NaN,NaN,NaN,NaN,1
2023-09-29,10.262390205506644,10.262390205506644,9.7462,10.061150000000001,10.379361940985284,9.972558530092083,10.061150000000001,0,0,7001,7000,0,0,0,0,NaN,NaN,7.450395946702337,NaN,NaN,NaN,10.846839396176263,10.527173181537318,NaN,NaN,NaN,NaN,NaN,NaN,NaN,NaN,NaN,NaN,1,0,0,0,0,NaN,NaN,7.450395946702337,NaN,NaN,NaN,10.846839396176263,10.527173181537318,NaN,NaN,NaN,NaN,NaN,NaN,NaN,NaN,NaN,NaN,1
2023-10-02,10.161770102753323,10.5401,10.1,10.300025,10.364937042624323,9.97755801818228,10.300025,0,0,7001,7000,0,0,0,0,NaN,NaN,4.2965416261450216,NaN,NaN,NaN,10.846839396176263,10.527173181537318,NaN,NaN,NaN,NaN,NaN,NaN,NaN,NaN,NaN,NaN,1,0,0,0,0,NaN,NaN,4.2965416261450216,NaN,NaN,NaN,10.846839396176263,10.527173181537318,NaN,NaN,NaN,NaN,NaN,NaN,NaN,NaN,NaN,NaN,1
2023-10-03,10.23089755137666,10.45,9.96,10.105,10.317675762147173,9.979503697294001,10.105,0,0,7001,7000,0,0,0,0,NaN,NaN,1.5934528937946526,NaN,NaN,NaN,10.846839396176263,10.527173181537318,NaN,NaN,NaN,NaN,NaN,NaN,NaN,NaN,NaN,NaN,1,0,0,0,0,NaN,NaN,1.5934528937946526,NaN,NaN,NaN,10.846839396176263,10.527173181537318,NaN,NaN,NaN,NaN,NaN,NaN,NaN,NaN,NaN,NaN,1
2023-10-04,10.16794877568833,10.3,9.7523,10.033075,10.265930169029506,9.980321579778062,10.033075,0,0,7001,7000,0,0,0,0,NaN,NaN,0.15895223170934633,NaN,NaN,NaN,10.846839396176263,10.39792111796836,NaN,NaN,NaN,NaN,NaN,NaN,NaN,NaN,NaN,NaN,1,0,0,0,0,NaN,NaN,0.15895223170934633,NaN,NaN,NaN,10.846839396176263,10.39792111796836,NaN,NaN,NaN,NaN,NaN,NaN,NaN,NaN,NaN,NaN,1
2023-10-05,10.100511887844165,10.49,10.05,10.2175,10.257124683751414,9.983942624361603,10.2175,0,0,7001,7000,0,0,0,0,NaN,NaN,0.15038595476800792,NaN,NaN,NaN,10.846839396176263,10.39792111796836,NaN,NaN,NaN,NaN,NaN,NaN,NaN,NaN,NaN,NaN,1,0,0,0,0,NaN,NaN,0.15038595476800792,NaN,NaN,NaN,10.846839396176263,10.39792111796836,NaN,NaN,NaN,NaN,NaN,NaN,NaN,NaN,NaN,NaN,1
2023-10-06,10.159005943922082,10.3907,10.159005943922082,10.302675,10.265406559432975,9.988808767501121,10.302675,0,0,7001,7000,0,0,0,0,NaN,NaN,1.2745016370882258,NaN,NaN,NaN,10.846839396176263,10.39792111796836,NaN,NaN,NaN,NaN,NaN,NaN,NaN,NaN,NaN,NaN,1,0,0,0,0,NaN,NaN,1.2745016370882258,NaN,NaN,NaN,10.846839396176263,10.39792111796836,NaN,NaN,NaN,NaN,NaN,NaN,NaN,NaN,NaN,NaN,1
2023-10-09,10.230840471961042,10.6699,10.22,10.399975,10.28987354862698,9.995086114562172,10.399975,1,0,7001,7000,0,0,0,0,NaN,NaN,3.2232058526086274,NaN,NaN,NaN,10.846839396176263,10.39792111796836,NaN,NaN,NaN,NaN,NaN,NaN,NaN,NaN,NaN,NaN,1,0,0,0,0,NaN,NaN,3.2232058526086274,NaN,NaN,NaN,10.846839396176263,10.39792111796836,NaN,NaN,NaN,NaN,NaN,NaN,NaN,NaN,NaN,NaN,1
2023-10-10,10.315407735980521,10.496,10.02,10.2715,10.286532903422074,9.999306173881834,10.2715,0,0,7001,7000,0,0,0,0,NaN,NaN,5.71535997400225,NaN,NaN,NaN,10.846839396176263,10.39792111796836,NaN,NaN,NaN,NaN,NaN,NaN,NaN,NaN,NaN,NaN,1,0,0,0,0,NaN,NaN,5.71535997400225,NaN,NaN,NaN,10.846839396176263,10.39792111796836,NaN,NaN,NaN,NaN,NaN,NaN,NaN,NaN,NaN,NaN,1
2023-10-11,10.29345386799026,10.29345386799026,9.83,9.9175,10.219436011890789,9.998057224662263,9.9175,0,0,7001,7000,0,0,0,0,NaN,NaN,8.994438193565612,NaN,NaN,NaN,10.846839396176263,10.226022541116905,NaN,NaN,NaN,NaN,NaN,NaN,NaN,NaN,NaN,NaN,1,0,0,0,0,NaN,NaN,8.994438193565612,NaN,NaN,NaN,10.846839396176263,10.226022541116905,NaN,NaN,NaN,NaN,NaN,NaN,NaN,NaN,NaN,NaN,1
2023-10-12,10.105476933995131,10.115,9.15,9.6325,10.11272037336519,9.992476198331541,9.6325,0,0,7001,7000,0,0,1,0,NaN,NaN,13.36781962432535,NaN,NaN,NaN,10.846839396176263,9.948215778781833,NaN,NaN,NaN,NaN,NaN,NaN,NaN,NaN,NaN,NaN,1,0,0,1,0,NaN,NaN,13.36781962432535,NaN,NaN,NaN,10.846839396176263,9.948215778781833,NaN,NaN,NaN,NaN,NaN,NaN,NaN,NaN,NaN,NaN,1
2023-10-13,9.868988466997566,9.868988466997566,8.895,9.07125,9.923362123662429,9.97841167621961,9.07125,0,0,7001,7000,0,0,0,0,NaN,NaN,18.15087463562179,NaN,NaN,NaN,10.846839396176263,9.470798321783828,NaN,NaN,NaN,NaN,NaN,NaN,NaN,NaN,NaN,NaN,1,0,0,0,0,NaN,NaN,18.15087463562179,NaN,NaN,NaN,10.846839396176263,9.470798321783828,NaN,NaN,NaN,NaN,NaN,NaN,NaN,NaN,NaN,NaN,1
2023-10-16,9.470119233498782,9.470119233498782,8.34,8.74,9.708205373905624,9.959504627727707,8.74,0,0,7001,7000,0,0,0,0,NaN,NaN,23.285993563865674,NaN,NaN,NaN,9.68453039693068,9.10171092594165,NaN,NaN,NaN,NaN,NaN,NaN,NaN,NaN,NaN,NaN,1,0,0,0,0,NaN,NaN,23.285993563865674,NaN,NaN,NaN,9.68453039693068,9.10171092594165,NaN,NaN,NaN,NaN,NaN,NaN,NaN,NaN,NaN,NaN,1
2023-10-17,9.10505961674939,9.10505961674939,8.41,8.54,9.495804396831874,9.937832801350185,8.54,0,0,7001,7000,0,0,0,0,NaN,NaN,28.250860882976365,NaN,NaN,NaN,9.213563995005892,8.821643664824407,NaN,NaN,NaN,NaN,NaN,NaN,NaN,NaN,NaN,NaN,1,0,0,0,0,NaN,NaN,28.250860882976365,NaN,NaN,NaN,9.213563995005892,8.821643664824407,NaN,NaN,NaN,NaN,NaN,NaN,NaN,NaN,NaN,NaN,1
2023-10-18,8.822529808374695,8.822529808374695,8.15,8.3575,9.28883996104426,9.91370558300896,8.3575,0,0,7001,7000,0,0,0,0,NaN,NaN,32.961858886891385,NaN,NaN,NaN,9.033580810854145,8.573778325598155,NaN,NaN,NaN,NaN,NaN,NaN,NaN,NaN,NaN,NaN,1,0,0,0,0,NaN,NaN,32.961858886891385,NaN,NaN,NaN,9.033580810854145,8.573778325598155,NaN,NaN,NaN,NaN,NaN,NaN,NaN,NaN,NaN,NaN,1
2023-10-19,8.590014904187347,8.590014904187347,8.11,8.21,9.092687240854396,9.88769481074928,8.21,0,0,7001,7000,0,0,0,0,NaN,NaN,37.713186976971095,NaN,NaN,NaN,8.886900537211515,8.369515579078985,NaN,NaN,NaN,NaN,NaN,NaN,NaN,NaN,NaN,NaN,1,0,0,0,0,NaN,NaN,37.713186976971095,NaN,NaN,NaN,8.886900537211515,8.369515579078985,NaN,NaN,NaN,NaN,NaN,NaN,NaN,NaN,NaN,NaN,1
2023-10-20,8.400007452093675,8.400007452093675,7.92,8.03,8.89947137888087,9.859333057913414,8.03,0,0,7001,7000,0,0,0,0,NaN,NaN,42.13364537222612,NaN,NaN,NaN,8.707716099731275,8.159748101121071,NaN,NaN,NaN,NaN,NaN,NaN,NaN,NaN,NaN,NaN,1,0,0,0,0,NaN,NaN,42.13364537222612,NaN,NaN,NaN,8.707716099731275,8.159748101121071,NaN,NaN,NaN,NaN,NaN,NaN,NaN,NaN,NaN,NaN,1
2023-10-23,8.215003726046838,8.31,7.83,8.0775,8.750022037266167,9.83212949977733,8.0775,0,0,7001,7000,0,0,0,0,NaN,NaN,46.30172515058936,NaN,NaN,NaN,8.707716099731275,8.159748101121071,NaN,NaN,NaN,NaN,NaN,NaN,NaN,NaN,NaN,NaN,1,0,0,0,0,NaN,NaN,46.30172515058936,NaN,NaN,NaN,8.707716099731275,8.159748101121071,NaN,NaN,NaN,NaN,NaN,NaN,NaN,NaN,NaN,NaN,1
2023-10-24,8.14625186302342,8.23,7.9,8.1175,8.6350180304905,9.80595195016241,8.1175,0,0,7001,7000,0,0,0,0,NaN,NaN,49.710556163960526,NaN,NaN,NaN,8.707716099731275,8.159748101121071,NaN,NaN,NaN,NaN,NaN,NaN,NaN,NaN,NaN,NaN,1,0,0,0,0,NaN,NaN,49.710556163960526,NaN,NaN,NaN,8.707716099731275,8.159748101121071,NaN,NaN,NaN,NaN,NaN,NaN,NaN,NaN,NaN,NaN,1
2023-10-25,8.13187593151171,8.76,8.11,8.3525,8.583651115855863,9.78376184405306,8.3525,0,0,7001,7000,0,0,0,0,NaN,NaN,53.16811762192389,NaN,NaN,NaN,8.707716099731275,8.273487499999998,NaN,NaN,NaN,NaN,NaN,NaN,NaN,NaN,NaN,NaN,1,0,0,0,0,NaN,NaN,53.16811762192389,NaN,NaN,NaN,8.707716099731275,8.273487499999998,NaN,NaN,NaN,NaN,NaN,NaN,NaN,NaN,NaN,NaN,1
2023-10-26,8.242187965755853,8.495,8.09,8.25875,8.524578185700252,9.76047922047973,8.25875,0,0,7001,7000,0,0,0,0,NaN,NaN,56.68010933935489,NaN,NaN,NaN,8.707716099731275,8.273487499999998,NaN,NaN,NaN,NaN,NaN,NaN,NaN,NaN,NaN,NaN,1,0,0,0,0,NaN,NaN,56.68010933935489,NaN,NaN,NaN,8.707716099731275,8.273487499999998,NaN,NaN,NaN,NaN,NaN,NaN,NaN,NaN,NaN,NaN,1
2023-10-27,8.250468982877926,8.3509,8.1,8.207725,8.466968515572933,9.736773049174696,8.207725,0,0,7001,7000,0,0,0,0,NaN,NaN,59.39920953412171,NaN,NaN,NaN,8.707716099731275,8.273487499999998,NaN,NaN,NaN,NaN,NaN,NaN,NaN,NaN,NaN,NaN,1,0,0,0,0,NaN,NaN,59.39920953412171,NaN,NaN,NaN,8.707716099731275,8.273487499999998,NaN,NaN,NaN,NaN,NaN,NaN,NaN,NaN,NaN,NaN,1
2023-10-30,8.229096991438963,8.34,8.15,8.22125,8.4222924218324,9.713635292698747,8.22125,0,0,7001,7000,0,0,0,0,NaN,NaN,61.703475414746286,NaN,NaN,NaN,8.707716099731275,8.273487499999998,NaN,NaN,NaN,NaN,NaN,NaN,NaN,NaN,NaN,NaN,1,0,0,0,0,NaN,NaN,61.703475414746286,NaN,NaN,NaN,8.707716099731275,8.273487499999998,NaN,NaN,NaN,NaN,NaN,NaN,NaN,NaN,NaN,NaN,1
2023-10-31,8.225173495719481,8.35,8.18,8.285,8.397330163317418,9.691824066856018,8.285,0,0,7001,7000,0,0,0,0,NaN,NaN,64.07954297671458,NaN,NaN,NaN,8.707716099731275,8.273487499999998,NaN,NaN,NaN,NaN,NaN,NaN,NaN,NaN,NaN,NaN,1,0,0,0,0,NaN,NaN,64.07954297671458,NaN,NaN,NaN,8.707716099731275,8.273487499999998,NaN,NaN,NaN,NaN,NaN,NaN,NaN,NaN,NaN,NaN,1
2023-11-01,8.25508674785974,8.5,8.25508674785974,8.403749999999999,8.398497406350614,9.672158813926918,8.403749999999999,0,0,7001,7000,0,0,0,0,NaN,NaN,66.27690957914596,NaN,NaN,NaN,8.707716099731275,8.302251624999998,NaN,NaN,NaN,NaN,NaN,NaN,NaN,NaN,NaN,NaN,1,0,0,0,0,NaN,NaN,66.27690957914596,NaN,NaN,NaN,8.707716099731275,8.302251624999998,NaN,NaN,NaN,NaN,NaN,NaN,NaN,NaN,NaN,NaN,1
2023-11-02,8.329418373929869,8.8499,8.329418373929869,8.549975,8.42603878701414,9.655026236615058,8.549975,0,0,7001,7000,0,0,0,0,NaN,NaN,68.32651822839217,NaN,NaN,NaN,8.707716099731275,8.385840777499999,NaN,NaN,NaN,NaN,NaN,NaN,NaN,NaN,NaN,NaN,1,0,0,0,0,NaN,NaN,68.32651822839217,NaN,NaN,NaN,8.707716099731275,8.385840777499999,NaN,NaN,NaN,NaN,NaN,NaN,NaN,NaN,NaN,NaN,1
2023-11-03,8.439696686964934,8.99,8.439696686964934,8.7925,8.492668098466114,9.641857897124751,8.7925,0,0,7001,7000,0,0,0,0,NaN,NaN,69.96344676131953,NaN,NaN,NaN,8.707716099731275,8.532788982524998,NaN,NaN,NaN,NaN,NaN,NaN,NaN,NaN,NaN,NaN,1,0,0,0,0,NaN,NaN,69.96344676131953,NaN,NaN,NaN,8.707716099731275,8.532788982524998,NaN,NaN,NaN,NaN,NaN,NaN,NaN,NaN,NaN,NaN,1
2023-11-06,8.616098343482467,9.211,8.61,9.003,8.58545571692682,9.632104341443457,9.003,0,0,7001,7000,0,0,0,0,NaN,NaN,71.20630262547178,NaN,NaN,NaN,8.707716099731275,8.681834304621999,NaN,NaN,NaN,NaN,NaN,NaN,NaN,NaN,NaN,NaN,1,0,0,0,0,NaN,NaN,71.20630262547178,NaN,NaN,NaN,8.707716099731275,8.681834304621999,NaN,NaN,NaN,NaN,NaN,NaN,NaN,NaN,NaN,NaN,1
2023-11-07,8.809549171741233,9.16,8.809549171741233,9.0225,8.664918313849217,9.62279740493287,9.0225,0,0,7001,7000,0,0,0,0,NaN,NaN,72.7828230526978,NaN,NaN,NaN,8.707716099731275,8.7412216589287,NaN,NaN,NaN,NaN,NaN,NaN,NaN,NaN,NaN,NaN,1,0,0,0,0,NaN,NaN,72.7828230526978,NaN,NaN,NaN,8.707716099731275,8.7412216589287,NaN,NaN,NaN,NaN,NaN,NaN,NaN,NaN,NaN,NaN,1
2023-11-08,8.916024585870616,9.28,8.72,9.0525,8.735387711331178,9.614090574323207,9.0525,0,0,7001,7000,0,0,0,0,NaN,NaN,75.30851676520804,NaN,NaN,NaN,8.707716099731275,8.809551760321533,NaN,NaN,NaN,NaN,NaN,NaN,NaN,NaN,NaN,NaN,1,0,0,0,0,NaN,NaN,75.30851676520804,NaN,NaN,NaN,8.707716099731275,8.809551760321533,NaN,NaN,NaN,NaN,NaN,NaN,NaN,NaN,NaN,NaN,1
2023-11-09,8.984262292935309,9.28,8.984262292935309,9.1125,8.803953581998236,9.606432702959493,9.1125,0,0,7001,7000,0,0,0,0,NaN,NaN,77.32789078196399,NaN,NaN,NaN,8.707716099731275,8.89687089065401,NaN,NaN,NaN,NaN,NaN,NaN,NaN,NaN,NaN,NaN,1,0,0,0,0,NaN,NaN,77.32789078196399,NaN,NaN,NaN,8.707716099731275,8.89687089065401,NaN,NaN,NaN,NaN,NaN,NaN,NaN,NaN,NaN,NaN,1
2023-11-10,9.048381146467655,9.5899,9.048381146467655,9.322474999999999,8.898230203453101,9.602097470853241,9.322474999999999,0,0,7001,7000,0,0,0,0,NaN,NaN,78.07727133404762,NaN,NaN,NaN,8.707716099731275,9.078806376897049,NaN,NaN,NaN,NaN,NaN,NaN,NaN,NaN,NaN,NaN,1,0,0,0,0,NaN,NaN,78.07727133404762,NaN,NaN,NaN,8.707716099731275,9.078806376897049,NaN,NaN,NaN,NaN,NaN,NaN,NaN,NaN,NaN,NaN,1
2023-11-13,9.185428073233826,9.7146,9.185428073233826,9.50865,9.009215621007083,9.600670791908916,9.50865,0,0,7001,7000,0,0,0,0,NaN,NaN,77.99261974758409,NaN,NaN,NaN,8.707716099731275,9.262818030134845,NaN,NaN,NaN,NaN,NaN,NaN,NaN,NaN,NaN,NaN,1,0,0,0,0,NaN,NaN,77.99261974758409,NaN,NaN,NaN,8.707716099731275,9.262818030134845,NaN,NaN,NaN,NaN,NaN,NaN,NaN,NaN,NaN,NaN,1
2023-11-14,9.347039036616913,9.88,9.347039036616913,9.725,9.139358235369432,9.602568947757636,9.725,0,0,7001,7000,0,0,0,0,NaN,NaN,77.1356901668011,NaN,NaN,NaN,8.707716099731275,9.477195121094391,NaN,NaN,NaN,NaN,NaN,NaN,NaN,NaN,NaN,NaN,1,0,0,0,0,NaN,NaN,77.1356901668011,NaN,NaN,NaN,8.707716099731275,9.477195121094391,NaN,NaN,NaN,NaN,NaN,NaN,NaN,NaN,NaN,NaN,1
2023-11-15,9.536019518308457,9.639,9.11,9.43725,9.193520374393172,9.600044994356756,9.43725,0,0,7001,7000,0,0,0,0,NaN,NaN,76.52923174378572,NaN,NaN,NaN,8.707716099731275,9.477195121094391,NaN,NaN,NaN,NaN,NaN,NaN,NaN,NaN,NaN,NaN,1,0,0,0,0,NaN,NaN,76.52923174378572,NaN,NaN,NaN,8.707716099731275,9.477195121094391,NaN,NaN,NaN,NaN,NaN,NaN,NaN,NaN,NaN,NaN,1
2023-11-16,9.486634759154228,9.52,9.38,9.475,9.244698488139868,9.598135910473447,9.475,0,0,7001,7000,0,0,0,0,NaN,NaN,75.51924223378292,NaN,NaN,NaN,8.707716099731275,9.477195121094391,NaN,NaN,NaN,NaN,NaN,NaN,NaN,NaN,NaN,NaN,1,0,0,0,0,NaN,NaN,75.51924223378292,NaN,NaN,NaN,8.707716099731275,9.477195121094391,NaN,NaN,NaN,NaN,NaN,NaN,NaN,NaN,NaN,NaN,1
2023-11-17,9.480817379577115,9.5,9.19,9.3825,9.269753308478073,9.594843759168509,9.382499999999999,0,0,7001,7000,0,0,0,0,NaN,NaN,74.37039092639299,NaN,NaN,NaN,8.707716099731275,9.477195121094391,NaN,NaN,NaN,NaN,NaN,NaN,NaN,NaN,NaN,NaN,1,0,0,0,0,NaN,NaN,74.37039092639299,NaN,NaN,NaN,8.707716099731275,9.477195121094391,NaN,NaN,NaN,NaN,NaN,NaN,NaN,NaN,NaN,NaN,1
2023-11-20,9.431658689788557,9.4977,9.235,9.333175,9.281284525118423,9.59084881628044,9.333175,0,0,7001,7000,0,0,0,0,NaN,NaN,72.89763007968104,NaN,NaN,NaN,8.707716099731275,9.477195121094391,NaN,NaN,NaN,NaN,NaN,NaN,NaN,NaN,NaN,NaN,1,0,0,0,0,NaN,NaN,72.89763007968104,NaN,NaN,NaN,8.707716099731275,9.477195121094391,NaN,NaN,NaN,NaN,NaN,NaN,NaN,NaN,NaN,NaN,1
2023-11-21,9.38241684489428,9.465,8.915,9.12125,9.252187338733256,9.58367936870364,9.12125,0,0,7001,7000,0,0,0,0,NaN,NaN,71.45754051748821,NaN,NaN,NaN,8.707716099731275,9.32350625,NaN,NaN,NaN,NaN,NaN,NaN,NaN,NaN,NaN,NaN,1,0,0,0,0,NaN,NaN,71.45754051748821,NaN,NaN,NaN,8.707716099731275,9.32350625,NaN,NaN,NaN,NaN,NaN,NaN,NaN,NaN,NaN,NaN,1
2023-11-22,9.25183342244714,9.485,9.1,9.305,9.261789640781755,9.579424721853202,9.305,0,0,7001,7000,0,0,0,0,NaN,NaN,69.40773339009368,NaN,NaN,NaN,8.707716099731275,9.32350625,NaN,NaN,NaN,NaN,NaN,NaN,NaN,NaN,NaN,NaN,1,0,0,0,0,NaN,NaN,69.40773339009368,NaN,NaN,NaN,8.707716099731275,9.32350625,NaN,NaN,NaN,NaN,NaN,NaN,NaN,NaN,NaN,NaN,1
2023-11-24,9.27841671122357,9.6,9.27841671122357,9.445,9.295100615185072,9.577372436023383,9.445,0,0,7001,7000,0,0,0,0,NaN,NaN,67.17521812234595,NaN,NaN,NaN,8.707716099731275,9.32350625,NaN,NaN,NaN,NaN,NaN,NaN,NaN,NaN,NaN,NaN,1,0,0,0,0,NaN,NaN,67.17521812234595,NaN,NaN,NaN,8.707716099731275,9.32350625,NaN,NaN,NaN,NaN,NaN,NaN,NaN,NaN,NaN,NaN,1
2023-11-27,9.361708355611785,9.89,9.03,9.3375,9.302809594242332,9.573710261427607,9.3375,0,0,7001,7000,0,0,0,0,NaN,NaN,65.89227054267386,NaN,NaN,NaN,8.707716099731275,9.32350625,NaN,NaN,NaN,NaN,NaN,NaN,NaN,NaN,NaN,NaN,1,0,0,0,0,NaN,NaN,65.89227054267386,NaN,NaN,NaN,8.707716099731275,9.32350625,NaN,NaN,NaN,NaN,NaN,NaN,NaN,NaN,NaN,NaN,1
2023-11-28,9.349604177805894,9.4,9.1,9.205,9.285026031652817,9.568081097131001,9.205,0,0,7001,7000,0,0,0,0,NaN,NaN,64.84443834810719,NaN,NaN,NaN,8.707716099731275,9.32350625,NaN,NaN,NaN,NaN,NaN,NaN,NaN,NaN,NaN,NaN,1,0,0,0,0,NaN,NaN,64.84443834810719,NaN,NaN,NaN,8.707716099731275,9.32350625,NaN,NaN,NaN,NaN,NaN,NaN,NaN,NaN,NaN,NaN,1
2023-11-29,9.277302088902946,9.48,8.8,9.1275,9.256384934988668,9.56135466816717,9.1275,0,0,7001,7000,0,0,0,0,NaN,NaN,63.81875492947708,NaN,NaN,NaN,8.707716099731275,9.32350625,NaN,NaN,NaN,NaN,NaN,NaN,NaN,NaN,NaN,NaN,1,0,0,0,0,NaN,NaN,63.81875492947708,NaN,NaN,NaN,8.707716099731275,9.32350625,NaN,NaN,NaN,NaN,NaN,NaN,NaN,NaN,NaN,NaN,1
2023-11-30,9.202401044451474,9.28,9,9.122499999999999,9.232042219536183,9.554654596897441,9.122499999999999,0,0,7001,7000,0,0,0,0,NaN,NaN,62.785352496995294,NaN,NaN,NaN,8.707716099731275,9.32350625,NaN,NaN,NaN,NaN,NaN,NaN,NaN,NaN,NaN,NaN,1,0,0,0,0,NaN,NaN,62.785352496995294,NaN,NaN,NaN,8.707716099731275,9.32350625,NaN,NaN,NaN,NaN,NaN,NaN,NaN,NaN,NaN,NaN,1
2023-12-01,9.162450522225736,9.75,9,9.305,9.245307270529604,9.550843076334122,9.305,0,0,7001,7000,0,0,0,0,NaN,NaN,61.14237381218963,NaN,NaN,NaN,8.707716099731275,9.32350625,NaN,NaN,NaN,NaN,NaN,NaN,NaN,NaN,NaN,NaN,1,0,0,0,0,NaN,NaN,61.14237381218963,NaN,NaN,NaN,8.707716099731275,9.32350625,NaN,NaN,NaN,NaN,NaN,NaN,NaN,NaN,NaN,NaN,1
2023-12-04,9.233725261112868,9.5,9.233725261112868,9.4,9.273433221342403,9.548540128603829,9.4,0,0,7001,7000,0,0,0,0,NaN,NaN,59.12857923473839,NaN,NaN,NaN,8.707716099731275,9.32350625,NaN,NaN,NaN,NaN,NaN,NaN,NaN,NaN,NaN,NaN,1,0,0,0,0,NaN,NaN,59.12857923473839,NaN,NaN,NaN,8.707716099731275,9.32350625,NaN,NaN,NaN,NaN,NaN,NaN,NaN,NaN,NaN,NaN,1
2023-12-05,9.316862630556434,9.35,9.2,9.25,9.269172635643784,9.543982264044992,9.25,0,0,7001,7000,0,0,0,0,NaN,NaN,57.405775039534646,NaN,NaN,NaN,8.707716099731275,9.32350625,NaN,NaN,NaN,NaN,NaN,NaN,NaN,NaN,NaN,NaN,1,0,0,0,0,NaN,NaN,57.405775039534646,NaN,NaN,NaN,8.707716099731275,9.32350625,NaN,NaN,NaN,NaN,NaN,NaN,NaN,NaN,NaN,NaN,1
2023-12-06,9.283431315278218,9.283431315278218,8.58,8.940000000000001,9.209323065526732,9.53476116077713,8.940000000000001,0,0,7001,7000,0,0,0,0,NaN,NaN,56.47335902719208,NaN,NaN,NaN,8.707716099731275,9.224094812499999,NaN,NaN,NaN,NaN,NaN,NaN,NaN,NaN,NaN,NaN,1,0,0,0,0,NaN,NaN,56.47335902719208,NaN,NaN,NaN,8.707716099731275,9.224094812499999,NaN,NaN,NaN,NaN,NaN,NaN,NaN,NaN,NaN,NaN,1
2023-12-07,9.11171565763911,9.11171565763911,8.57,8.645,9.106718871794598,9.521177020917937,8.645,0,0,7001,7132,0,0,0,0,NaN,NaN,56.032130385540356,NaN,NaN,NaN,8.707716099731275,9.050699123749999,NaN,NaN,NaN,NaN,NaN,NaN,NaN,NaN,NaN,NaN,1,0,0,0,0,NaN,NaN,56.032130385540356,NaN,NaN,NaN,8.707716099731275,9.050699123749999,NaN,NaN,NaN,NaN,NaN,NaN,NaN,NaN,NaN,NaN,1
2023-12-08,8.878357828819555,8.88,8.46,8.595,9.013679076922854,9.507036913728351,8.595,0,0,7001,7133,0,0,0,0,NaN,NaN,55.505507085149674,NaN,NaN,NaN,8.707716099731275,8.9869362026125,NaN,NaN,NaN,NaN,NaN,NaN,NaN,NaN,NaN,NaN,1,0,0,0,0,NaN,NaN,55.505507085149674,NaN,NaN,NaN,8.707716099731275,8.9869362026125,NaN,NaN,NaN,NaN,NaN,NaN,NaN,NaN,NaN,NaN,1
2023-12-11,8.736678914409778,8.736678914409778,8.22,8.4025,8.902555608391426,9.490173754740132,8.4025,0,0,7001,7134,0,0,0,0,NaN,NaN,55.12731015907223,NaN,NaN,NaN,8.707716099731275,8.832103858299,NaN,NaN,NaN,NaN,NaN,NaN,NaN,NaN,NaN,NaN,1,0,0,0,0,NaN,NaN,55.12731015907223,NaN,NaN,NaN,8.707716099731275,8.832103858299,NaN,NaN,NaN,NaN,NaN,NaN,NaN,NaN,NaN,NaN,1
2023-12-12,8.569589457204888,8.569589457204888,8.15,8.2375,8.781636406865712,9.471048964591429,8.2375,0,0,7001,7135,0,0,0,0,NaN,NaN,54.679335259792616,NaN,NaN,NaN,8.707716099731275,8.67278827955415,NaN,NaN,NaN,NaN,NaN,NaN,NaN,NaN,NaN,NaN,1,0,0,0,0,NaN,NaN,54.679335259792616,NaN,NaN,NaN,8.707716099731275,8.67278827955415,NaN,NaN,NaN,NaN,NaN,NaN,NaN,NaN,NaN,NaN,1
2023-12-13,8.403544728602444,8.403544728602444,8.09,8.165,8.669520696526492,9.451109285742705,8.165,0,0,7001,7136,0,0,0,0,NaN,NaN,54.193982432348875,NaN,NaN,NaN,8.707716099731275,8.551661389234402,NaN,NaN,NaN,NaN,NaN,NaN,NaN,NaN,NaN,NaN,1,0,0,0,0,NaN,NaN,54.193982432348875,NaN,NaN,NaN,8.707716099731275,8.551661389234402,NaN,NaN,NaN,NaN,NaN,NaN,NaN,NaN,NaN,NaN,1
2023-12-14,8.284272364301222,8.34,8.12,8.1875,8.581880569885312,9.431817540922205,8.1875,0,0,7001,7137,0,0,0,0,NaN,NaN,53.71653205473359,NaN,NaN,NaN,8.707716099731275,8.551661389234402,NaN,NaN,NaN,NaN,NaN,NaN,NaN,NaN,NaN,NaN,1,0,0,0,0,NaN,NaN,53.71653205473359,NaN,NaN,NaN,8.707716099731275,8.551661389234402,NaN,NaN,NaN,NaN,NaN,NaN,NaN,NaN,NaN,NaN,1
2023-12-15,8.235886182150612,8.235886182150612,7.96,8.092500000000001,8.492902284451619,9.411369944877592,8.092500000000001,0,0,7001,7138,0,0,0,0,NaN,NaN,53.25610152514365,NaN,NaN,NaN,8.707716099731275,8.42659999749518,NaN,NaN,NaN,NaN,NaN,NaN,NaN,NaN,NaN,NaN,1,0,0,0,0,NaN,NaN,53.25610152514365,NaN,NaN,NaN,8.707716099731275,8.42659999749518,NaN,NaN,NaN,NaN,NaN,NaN,NaN,NaN,NaN,NaN,1
2023-12-18,8.164193091075306,8.164193091075306,7.9,7.975999999999999,8.39892005091496,9.389455899917628,7.975999999999999,0,0,7001,7139,0,0,0,0,NaN,NaN,52.91460223516267,NaN,NaN,NaN,8.707716099731275,8.274185998096335,NaN,NaN,NaN,NaN,NaN,NaN,NaN,NaN,NaN,NaN,1,0,0,0,0,NaN,NaN,52.91460223516267,NaN,NaN,NaN,8.707716099731275,8.274185998096335,NaN,NaN,NaN,NaN,NaN,NaN,NaN,NaN,NaN,NaN,1
2023-12-19,8.070096545537652,8.15,7.85,8.0025,8.32684367802133,9.368281000682245,8.0025,0,0,7001,7140,0,0,0,0,NaN,NaN,52.5109037806897,NaN,NaN,NaN,8.707716099731275,8.274185998096335,NaN,NaN,NaN,NaN,NaN,NaN,NaN,NaN,NaN,NaN,1,0,0,0,0,NaN,NaN,52.5109037806897,NaN,NaN,NaN,8.707716099731275,8.274185998096335,NaN,NaN,NaN,NaN,NaN,NaN,NaN,NaN,NaN,NaN,1
2023-12-20,8.036298272768825,8.76,8.036298272768825,8.3575,8.332417554744724,9.352849229679462,8.3575,0,0,7001,7141,0,0,0,0,NaN,NaN,51.39509299642814,NaN,NaN,NaN,8.707716099731275,8.274185998096335,NaN,NaN,NaN,NaN,NaN,NaN,NaN,NaN,NaN,NaN,1,0,0,0,0,NaN,NaN,51.39509299642814,NaN,NaN,NaN,8.707716099731275,8.274185998096335,NaN,NaN,NaN,NaN,NaN,NaN,NaN,NaN,NaN,NaN,1
2023-12-21,8.196899136384413,8.685,8.196899136384413,8.55625,8.373114362972956,9.340687409379012,8.55625,0,0,7001,7142,0,0,0,0,NaN,NaN,49.69774044206518,NaN,NaN,NaN,8.707716099731275,8.274185998096335,NaN,NaN,NaN,NaN,NaN,NaN,NaN,NaN,NaN,NaN,1,0,0,0,0,NaN,NaN,49.69774044206518,NaN,NaN,NaN,8.707716099731275,8.274185998096335,NaN,NaN,NaN,NaN,NaN,NaN,NaN,NaN,NaN,NaN,1
2023-12-22,8.376574568192208,8.6014,8.3,8.43785,8.384884478796055,9.326903632136585,8.43785,0,0,7001,7143,0,0,0,0,NaN,NaN,48.19037617930203,NaN,NaN,NaN,8.707716099731275,8.274185998096335,NaN,NaN,NaN,NaN,NaN,NaN,NaN,NaN,NaN,NaN,1,0,0,0,0,NaN,NaN,48.19037617930203,NaN,NaN,NaN,8.707716099731275,8.274185998096335,NaN,NaN,NaN,NaN,NaN,NaN,NaN,NaN,NaN,NaN,1
2023-12-26,8.407212284096104,8.486,8.25,8.381499999999999,8.384269119014954,9.312469988897858,8.381499999999999,0,0,7001,7144,0,0,0,0,NaN,NaN,46.79418220929894,NaN,NaN,NaN,8.707716099731275,8.274185998096335,NaN,NaN,NaN,NaN,NaN,NaN,NaN,NaN,NaN,NaN,1,0,0,0,0,NaN,NaN,46.79418220929894,NaN,NaN,NaN,8.707716099731275,8.274185998096335,NaN,NaN,NaN,NaN,NaN,NaN,NaN,NaN,NaN,NaN,1
2023-12-27,8.394356142048052,8.486,8.3,8.3565,8.379220188284963,9.297875027235294,8.3565,0,0,7001,7145,0,0,0,0,NaN,NaN,45.4214843170301,NaN,NaN,NaN,8.707716099731275,8.274185998096335,NaN,NaN,NaN,NaN,NaN,NaN,NaN,NaN,NaN,NaN,1,0,0,0,0,NaN,NaN,45.4214843170301,NaN,NaN,NaN,8.707716099731275,8.274185998096335,NaN,NaN,NaN,NaN,NaN,NaN,NaN,NaN,NaN,NaN,1
2023-12-28,8.375428071024025,8.43,8.23,8.34,8.372089244960424,9.28325098101796,8.34,0,0,7001,7146,0,0,0,0,NaN,NaN,44.01083947804231,NaN,NaN,NaN,8.707716099731275,8.274185998096335,NaN,NaN,NaN,NaN,NaN,NaN,NaN,NaN,NaN,NaN,1,0,0,0,0,NaN,NaN,44.01083947804231,NaN,NaN,NaN,8.707716099731275,8.274185998096335,NaN,NaN,NaN,NaN,NaN,NaN,NaN,NaN,NaN,NaN,1
2023-12-29,8.357714035512013,8.45,8.24,8.342500000000001,8.366709382240348,9.26888837062074,8.342500000000001,0,0,7001,7147,0,0,0,0,NaN,NaN,42.60857845294814,NaN,NaN,NaN,8.707716099731275,8.274185998096335,NaN,NaN,NaN,NaN,NaN,NaN,NaN,NaN,NaN,NaN,1,0,0,0,0,NaN,NaN,42.60857845294814,NaN,NaN,NaN,8.707716099731275,8.274185998096335,NaN,NaN,NaN,NaN,NaN,NaN,NaN,NaN,NaN,NaN,1
2024-01-02,8.350107017756006,8.4,8.2,8.31,8.356398585469377,9.254248853512026,8.31,0,0,7001,7148,0,0,0,0,NaN,NaN,41.25933984536482,NaN,NaN,NaN,8.707716099731275,8.274185998096335,NaN,NaN,NaN,NaN,NaN,NaN,NaN,NaN,NaN,NaN,1,0,0,0,0,NaN,NaN,41.25933984536482,NaN,NaN,NaN,8.707716099731275,8.274185998096335,NaN,NaN,NaN,NaN,NaN,NaN,NaN,NaN,NaN,NaN,1
2024-01-03,8.330053508878002,8.39,8.2,8.2625,8.339326115384035,9.239107649641614,8.2625,0,0,7001,7149,0,0,0,0,NaN,NaN,39.88813567305725,NaN,NaN,NaN,8.707716099731275,8.274185998096335,NaN,NaN,NaN,NaN,NaN,NaN,NaN,NaN,NaN,NaN,1,0,0,0,0,NaN,NaN,39.88813567305725,NaN,NaN,NaN,8.707716099731275,8.274185998096335,NaN,NaN,NaN,NaN,NaN,NaN,NaN,NaN,NaN,NaN,1
2024-01-04,8.296276754439,8.34,8.2302,8.305050000000001,8.33309409440512,9.224847227509681,8.305050000000001,0,0,7001,7150,0,0,0,0,NaN,NaN,38.75163668480005,NaN,NaN,NaN,8.707716099731275,8.274185998096335,NaN,NaN,NaN,NaN,NaN,NaN,NaN,NaN,NaN,NaN,1,0,0,0,0,NaN,NaN,38.75163668480005,NaN,NaN,NaN,8.707716099731275,8.274185998096335,NaN,NaN,NaN,NaN,NaN,NaN,NaN,NaN,NaN,NaN,1
2024-01-05,8.3006633772195,8.3006633772195,8.1354,8.21885,8.312322440876915,9.209488491211824,8.21885,0,0,7001,7151,0,0,0,0,NaN,NaN,37.68964401093079,NaN,NaN,NaN,8.707716099731275,8.274185998096335,NaN,NaN,NaN,NaN,NaN,NaN,NaN,NaN,NaN,NaN,1,0,0,0,0,NaN,NaN,37.68964401093079,NaN,NaN,NaN,8.707716099731275,8.274185998096335,NaN,NaN,NaN,NaN,NaN,NaN,NaN,NaN,NaN,NaN,1
2024-01-08,8.25975668860975,8.33,8.13,8.227500000000001,8.296900178899294,9.1944963005063,8.227500000000001,0,0,7001,7152,0,0,0,0,NaN,NaN,36.36307682345983,NaN,NaN,NaN,8.707716099731275,8.274185998096335,NaN,NaN,NaN,NaN,NaN,NaN,NaN,NaN,NaN,NaN,1,0,0,0,0,NaN,NaN,36.36307682345983,NaN,NaN,NaN,8.707716099731275,8.274185998096335,NaN,NaN,NaN,NaN,NaN,NaN,NaN,NaN,NaN,NaN,1
2024-01-09,8.243628344304875,8.4,8.18,8.27,8.29200923728124,9.180381853170326,8.27,0,0,7001,7153,0,0,0,0,NaN,NaN,35.09031544632425,NaN,NaN,NaN,8.707716099731275,8.274185998096335,NaN,NaN,NaN,NaN,NaN,NaN,NaN,NaN,NaN,NaN,1,0,0,0,0,NaN,NaN,35.09031544632425,NaN,NaN,NaN,8.707716099731275,8.274185998096335,NaN,NaN,NaN,NaN,NaN,NaN,NaN,NaN,NaN,NaN,1
2024-01-10,8.256814172152438,8.4103,8.256814172152438,8.368825,8.305975739593741,9.167991672205893,8.368825,0,0,7001,7154,0,0,0,0,NaN,NaN,33.29239910964571,NaN,NaN,NaN,8.707716099731275,8.274185998096335,NaN,NaN,NaN,NaN,NaN,NaN,NaN,NaN,NaN,NaN,1,0,0,0,0,NaN,NaN,33.29239910964571,NaN,NaN,NaN,8.707716099731275,8.274185998096335,NaN,NaN,NaN,NaN,NaN,NaN,NaN,NaN,NaN,NaN,1
2024-01-11,8.31281958607622,8.45,8.26,8.345,8.313071059667607,9.155426913851604,8.345,0,0,7001,7155,0,0,0,0,NaN,NaN,31.5280047816831,NaN,NaN,NaN,8.707716099731275,8.274185998096335,NaN,NaN,NaN,NaN,NaN,NaN,NaN,NaN,NaN,NaN,1,0,0,0,0,NaN,NaN,31.5280047816831,NaN,NaN,NaN,8.707716099731275,8.274185998096335,NaN,NaN,NaN,NaN,NaN,NaN,NaN,NaN,NaN,NaN,1
2024-01-12,8.328909793038111,8.55,8.31,8.4325,8.334785412455314,9.144389861731733,8.4325,0,0,7001,7156,0,0,0,0,NaN,NaN,29.65741885932732,NaN,NaN,NaN,8.707716099731275,8.274185998096335,NaN,NaN,NaN,NaN,NaN,NaN,NaN,NaN,NaN,NaN,1,0,0,0,0,NaN,NaN,29.65741885932732,NaN,NaN,NaN,8.707716099731275,8.274185998096335,NaN,NaN,NaN,NaN,NaN,NaN,NaN,NaN,NaN,NaN,1
2024-01-16,8.380704896519056,9.25,8.380704896519056,8.817499999999999,8.422551701099803,9.139399176819799,8.817499999999999,0,0,7001,7157,0,0,0,0,NaN,NaN,26.013208492367152,NaN,NaN,NaN,8.707716099731275,8.5103525,NaN,NaN,NaN,NaN,NaN,NaN,NaN,NaN,NaN,NaN,1,0,0,0,0,NaN,NaN,26.013208492367152,NaN,NaN,NaN,8.707716099731275,8.5103525,NaN,NaN,NaN,NaN,NaN,NaN,NaN,NaN,NaN,NaN,1
2024-01-17,8.599102448259528,9.349,8.599102448259528,9.071,8.54045139180893,9.138354914578276,9.071,0,0,7001,7158,0,0,0,0,NaN,NaN,21.667330650430294,NaN,NaN,NaN,8.707716099731275,8.650119425,NaN,NaN,NaN,NaN,NaN,NaN,NaN,NaN,NaN,NaN,1,0,0,0,0,NaN,NaN,21.667330650430294,NaN,NaN,NaN,8.707716099731275,8.650119425,NaN,NaN,NaN,NaN,NaN,NaN,NaN,NaN,NaN,NaN,1
2024-01-18,8.835051224129764,9.1705,8.835051224129764,9.017625,8.627210229661852,9.136511709775554,9.017625,0,0,7001,7159,0,0,0,0,NaN,NaN,17.772610478198526,NaN,NaN,NaN,8.707716099731275,8.650119425,NaN,NaN,NaN,NaN,NaN,NaN,NaN,NaN,NaN,NaN,1,0,0,0,0,NaN,NaN,17.772610478198526,NaN,NaN,NaN,8.707716099731275,8.650119425,NaN,NaN,NaN,NaN,NaN,NaN,NaN,NaN,NaN,NaN,1
2024-01-19,8.926338112064883,8.926338112064883,8.8,8.850000000000001,8.667717460632424,9.132137485198829,8.850000000000001,0,0,7001,7160,0,0,0,0,NaN,NaN,14.272384109145525,NaN,NaN,NaN,8.707716099731275,8.650119425,NaN,NaN,NaN,NaN,NaN,NaN,NaN,NaN,NaN,NaN,1,0,0,0,0,NaN,NaN,14.272384109145525,NaN,NaN,NaN,8.707716099731275,8.650119425,NaN,NaN,NaN,NaN,NaN,NaN,NaN,NaN,NaN,NaN,1
2024-01-22,8.888169056032442,8.9176,8.6,8.714400000000001,8.676205195062893,9.125759813669076,8.714400000000001,0,0,7001,7161,0,0,0,0,NaN,NaN,11.130031499721865,NaN,NaN,NaN,8.707716099731275,8.650119425,NaN,NaN,NaN,NaN,NaN,NaN,NaN,NaN,NaN,NaN,1,0,0,0,0,NaN,NaN,11.130031499721865,NaN,NaN,NaN,8.707716099731275,8.650119425,NaN,NaN,NaN,NaN,NaN,NaN,NaN,NaN,NaN,NaN,1
2024-01-23,8.801284528016222,8.801284528016222,8.54,8.6175,8.665531523233277,9.118000121857333,8.6175,0,0,7001,7162,0,0,0,0,NaN,NaN,8.18260718829628,NaN,NaN,NaN,8.707716099731275,8.650119425,NaN,NaN,NaN,NaN,NaN,NaN,NaN,NaN,NaN,NaN,1,0,0,0,0,NaN,NaN,8.18260718829628,NaN,NaN,NaN,8.707716099731275,8.650119425,NaN,NaN,NaN,NaN,NaN,NaN,NaN,NaN,NaN,NaN,1
2024-01-24,8.70939226400811,8.70939226400811,8.55,8.6,8.653616700827227,9.11009172305035,8.6,0,0,7001,7163,0,0,0,0,NaN,NaN,5.547263325957387,NaN,NaN,NaN,8.707716099731275,8.650119425,NaN,NaN,NaN,NaN,NaN,NaN,NaN,NaN,NaN,NaN,1,0,0,0,0,NaN,NaN,5.547263325957387,NaN,NaN,NaN,8.707716099731275,8.650119425,NaN,NaN,NaN,NaN,NaN,NaN,NaN,NaN,NaN,NaN,1
2024-01-25,8.654696132004055,8.66,8.5,8.59,8.64205002794955,9.102151391400728,8.59,0,0,7001,7164,0,0,0,0,NaN,NaN,3.6109599092536317,NaN,NaN,NaN,8.707716099731275,8.650119425,NaN,NaN,NaN,NaN,NaN,NaN,NaN,NaN,NaN,NaN,1,0,0,0,0,NaN,NaN,3.6109599092536317,NaN,NaN,NaN,8.707716099731275,8.650119425,NaN,NaN,NaN,NaN,NaN,NaN,NaN,NaN,NaN,NaN,1
2024-01-26,8.622348066002028,8.925,8.52,8.63625,8.640995477413268,9.095038393058733,8.63625,0,0,7001,7165,0,0,0,0,NaN,NaN,2.2123797498801197,NaN,NaN,NaN,8.707716099731275,8.650119425,NaN,NaN,NaN,NaN,NaN,NaN,NaN,NaN,NaN,NaN,1,0,0,0,0,NaN,NaN,2.2123797498801197,NaN,NaN,NaN,8.707716099731275,8.650119425,NaN,NaN,NaN,NaN,NaN,NaN,NaN,NaN,NaN,NaN,1
2024-01-29,8.629299033001015,8.629299033001015,8.5,8.555,8.6253599360654,9.086793532096005,8.555,0,0,7001,7166,0,0,0,0,NaN,NaN,1.8226831924845657,NaN,NaN,NaN,8.707716099731275,8.650119425,NaN,NaN,NaN,NaN,NaN,NaN,NaN,NaN,NaN,NaN,1,0,0,0,0,NaN,NaN,1.8226831924845657,NaN,NaN,NaN,8.707716099731275,8.650119425,NaN,NaN,NaN,NaN,NaN,NaN,NaN,NaN,NaN,NaN,1
2024-01-30,8.592149516500507,9.01,8.592149516500507,8.80025,8.657158129508055,9.082418821682325,8.80025,0,0,7001,7167,0,0,0,0,NaN,NaN,1.5550053553437309,NaN,NaN,NaN,8.707716099731275,8.650119425,NaN,NaN,NaN,NaN,NaN,NaN,NaN,NaN,NaN,NaN,1,0,0,0,0,NaN,NaN,1.5550053553437309,NaN,NaN,NaN,8.707716099731275,8.650119425,NaN,NaN,NaN,NaN,NaN,NaN,NaN,NaN,NaN,NaN,1
2024-01-31,8.696199758250254,8.8076,8.52,8.6994,8.6648384695975,9.076571206084122,8.6994,0,0,7001,7168,0,0,0,0,NaN,NaN,1.7008754722725352,NaN,NaN,NaN,8.707716099731275,8.650119425,NaN,NaN,NaN,NaN,NaN,NaN,NaN,NaN,NaN,NaN,1,0,0,0,0,NaN,NaN,1.7008754722725352,NaN,NaN,NaN,8.707716099731275,8.650119425,NaN,NaN,NaN,NaN,NaN,NaN,NaN,NaN,NaN,NaN,1
2024-02-01,8.697799879125128,8.728,8.5201,8.646575,8.661517838761592,9.070006378510318,8.646575,0,0,7001,7169,0,0,0,0,NaN,NaN,2.2262222018695246,NaN,NaN,NaN,8.707716099731275,8.650119425,NaN,NaN,NaN,NaN,NaN,NaN,NaN,NaN,NaN,NaN,1,0,0,0,0,NaN,NaN,2.2262222018695246,NaN,NaN,NaN,8.707716099731275,8.650119425,NaN,NaN,NaN,NaN,NaN,NaN,NaN,NaN,NaN,NaN,1
2024-02-02,8.672187439562563,8.672187439562563,8.5,8.525,8.636696413532212,9.061685670441458,8.525,0,1,7001,7170,0,0,0,0,NaN,NaN,3.361066475097589,NaN,NaN,NaN,8.707716099731275,8.650119425,NaN,NaN,NaN,NaN,NaN,NaN,NaN,NaN,NaN,NaN,1,0,0,0,0,NaN,NaN,3.361066475097589,NaN,NaN,NaN,8.707716099731275,8.650119425,NaN,NaN,NaN,NaN,NaN,NaN,NaN,NaN,NaN,NaN,1
2024-02-05,8.598593719781281,8.96,8.5,8.6225,8.634115247435446,9.054980545701893,8.6225,0,0,7001,7171,0,0,0,0,NaN,NaN,5.051227651175747,NaN,NaN,NaN,8.707716099731275,8.650119425,NaN,NaN,NaN,NaN,NaN,NaN,NaN,NaN,NaN,NaN,1,0,0,0,0,NaN,NaN,5.051227651175747,NaN,NaN,NaN,8.707716099731275,8.650119425,NaN,NaN,NaN,NaN,NaN,NaN,NaN,NaN,NaN,NaN,1
2024-02-06,8.61054685989064,8.77,8.5155,8.627749999999999,8.63295792971991,9.04845794195072,8.627749999999999,0,0,7001,7172,0,0,0,0,NaN,NaN,7.021008224661716,NaN,NaN,NaN,8.707716099731275,8.650119425,NaN,NaN,NaN,NaN,NaN,NaN,NaN,NaN,NaN,NaN,1,0,0,0,0,NaN,NaN,7.021008224661716,NaN,NaN,NaN,8.707716099731275,8.650119425,NaN,NaN,NaN,NaN,NaN,NaN,NaN,NaN,NaN,NaN,1
2024-02-07,8.61914842994532,8.7352,8.5012,8.5966,8.626347397043562,9.04155934741712,8.5966,0,0,7001,7173,0,0,0,0,NaN,NaN,9.37083231508006,NaN,NaN,NaN,8.707716099731275,8.650119425,NaN,NaN,NaN,NaN,NaN,NaN,NaN,NaN,NaN,NaN,1,0,0,0,0,NaN,NaN,9.37083231508006,NaN,NaN,NaN,8.707716099731275,8.650119425,NaN,NaN,NaN,NaN,NaN,NaN,NaN,NaN,NaN,NaN,1
2024-02-08,8.60787421497266,8.75,8.58,8.635,8.627920597581095,9.035352334479454,8.635,0,0,7001,7174,0,0,0,0,NaN,NaN,10.962787157519314,NaN,NaN,NaN,8.707716099731275,8.650119425,NaN,NaN,NaN,NaN,NaN,NaN,NaN,NaN,NaN,NaN,1,0,0,0,0,NaN,NaN,10.962787157519314,NaN,NaN,NaN,8.707716099731275,8.650119425,NaN,NaN,NaN,NaN,NaN,NaN,NaN,NaN,NaN,NaN,1
2024-02-09,8.62143710748633,8.72,8.53,8.6325,8.628753216202714,9.029201917159156,8.6325,0,0,7001,7175,0,0,0,0,NaN,NaN,13.19236384144753,NaN,NaN,NaN,8.707716099731275,8.650119425,NaN,NaN,NaN,NaN,NaN,NaN,NaN,NaN,NaN,NaN,1,0,0,0,0,NaN,NaN,13.19236384144753,NaN,NaN,NaN,8.707716099731275,8.650119425,NaN,NaN,NaN,NaN,NaN,NaN,NaN,NaN,NaN,NaN,1
2024-02-12,8.626968553743165,8.68,8.56,8.595,8.62261626780222,9.022572880255963,8.595,0,1,7001,7176,0,0,0,0,NaN,NaN,16.16620062804564,NaN,NaN,NaN,8.707716099731275,8.650119425,NaN,NaN,NaN,NaN,NaN,NaN,NaN,NaN,NaN,NaN,1,0,0,0,0,NaN,NaN,16.16620062804564,NaN,NaN,NaN,8.707716099731275,8.650119425,NaN,NaN,NaN,NaN,NaN,NaN,NaN,NaN,NaN,NaN,1
2024-02-13,8.610984276871584,8.9799,8.51,8.727475,8.641681491838181,9.018067569107016,8.727475,0,0,7001,7177,0,0,0,0,NaN,NaN,18.856988047734294,NaN,NaN,NaN,8.707716099731275,8.650119425,NaN,NaN,NaN,NaN,NaN,NaN,NaN,NaN,NaN,NaN,1,0,0,0,0,NaN,NaN,18.856988047734294,NaN,NaN,NaN,8.707716099731275,8.650119425,NaN,NaN,NaN,NaN,NaN,NaN,NaN,NaN,NaN,NaN,1
2024-02-14,8.669229638435791,8.76,8.553,8.629000000000001,8.63937576604942,9.012127606219886,8.629000000000001,0,1,7001,7178,0,0,0,0,NaN,NaN,21.955342409301647,NaN,NaN,NaN,8.707716099731275,8.650119425,NaN,NaN,NaN,NaN,NaN,NaN,NaN,NaN,NaN,NaN,1,0,0,0,0,NaN,NaN,21.955342409301647,NaN,NaN,NaN,8.707716099731275,8.650119425,NaN,NaN,NaN,NaN,NaN,NaN,NaN,NaN,NaN,NaN,1
2024-02-15,8.649114819217896,8.7269,8.55,8.594225000000002,8.631166535858616,9.005747413758513,8.594225000000002,0,0,7001,7179,0,0,0,0,NaN,NaN,24.70831340876747,NaN,NaN,NaN,8.707716099731275,8.650119425,NaN,NaN,NaN,NaN,NaN,NaN,NaN,NaN,NaN,NaN,1,0,0,0,0,NaN,NaN,24.70831340876747,NaN,NaN,NaN,8.707716099731275,8.650119425,NaN,NaN,NaN,NaN,NaN,NaN,NaN,NaN,NaN,NaN,1
2024-02-16,8.621669909608949,8.7799,8.56,8.637475,8.632313529338868,9.000124934159146,8.637475,0,0,7001,7180,0,0,0,0,NaN,NaN,26.39895812970404,NaN,NaN,NaN,8.707716099731275,8.650119425,NaN,NaN,NaN,NaN,NaN,NaN,NaN,NaN,NaN,NaN,1,0,0,0,0,NaN,NaN,26.39895812970404,NaN,NaN,NaN,8.707716099731275,8.650119425,NaN,NaN,NaN,NaN,NaN,NaN,NaN,NaN,NaN,NaN,1
2024-02-20,8.629572454804475,8.7899,8.5,8.609974999999999,8.628251978549983,8.994168446614731,8.609974999999999,0,1,7001,7181,0,0,0,0,NaN,NaN,26.767680272546237,NaN,NaN,NaN,8.707716099731275,8.650119425,NaN,NaN,NaN,NaN,NaN,NaN,NaN,NaN,NaN,NaN,1,0,0,0,0,NaN,NaN,26.767680272546237,NaN,NaN,NaN,8.707716099731275,8.650119425,NaN,NaN,NaN,NaN,NaN,NaN,NaN,NaN,NaN,NaN,1
2024-02-21,8.619773727402237,8.959,8.58,8.74725,8.649887982449986,8.99039869933817,8.74725,0,0,7001,7182,0,0,0,0,NaN,NaN,25.236592979126943,NaN,NaN,NaN,8.707716099731275,8.650119425,NaN,NaN,NaN,NaN,NaN,NaN,NaN,NaN,NaN,NaN,1,0,0,0,0,NaN,NaN,25.236592979126943,NaN,NaN,NaN,8.707716099731275,8.650119425,NaN,NaN,NaN,NaN,NaN,NaN,NaN,NaN,NaN,NaN,1
2024-02-22,8.683511863701117,8.9699,8.683511863701117,8.819975,8.680812894731806,8.987796810798656,8.819975,0,0,7001,7183,0,0,0,0,NaN,NaN,23.20008366022121,NaN,NaN,NaN,8.707716099731275,8.650119425,NaN,NaN,NaN,NaN,NaN,NaN,NaN,NaN,NaN,NaN,1,0,0,0,0,NaN,NaN,23.20008366022121,NaN,NaN,NaN,8.707716099731275,8.650119425,NaN,NaN,NaN,NaN,NaN,NaN,NaN,NaN,NaN,NaN,1
2024-02-23,8.751743431850558,8.81,8.6,8.683250000000001,8.681256004780568,8.983147241168142,8.683250000000001,0,0,7001,7184,0,0,0,0,NaN,NaN,21.816832881363798,NaN,NaN,NaN,8.707716099731275,8.650119425,NaN,NaN,NaN,NaN,NaN,NaN,NaN,NaN,NaN,NaN,1,0,0,0,0,NaN,NaN,21.816832881363798,NaN,NaN,NaN,8.707716099731275,8.650119425,NaN,NaN,NaN,NaN,NaN,NaN,NaN,NaN,NaN,NaN,1
2024-02-26,8.717496715925279,8.97,8.48,8.745000000000001,8.692845822093192,8.979511405425118,8.745000000000001,0,0,7001,7185,0,0,0,0,NaN,NaN,19.853962123320784,NaN,NaN,NaN,8.707716099731275,8.650119425,NaN,NaN,NaN,NaN,NaN,NaN,NaN,NaN,NaN,NaN,1,0,0,0,0,NaN,NaN,19.853962123320784,NaN,NaN,NaN,8.707716099731275,8.650119425,NaN,NaN,NaN,NaN,NaN,NaN,NaN,NaN,NaN,NaN,1
2024-02-27,8.73124835796264,8.79,8.28,8.6375,8.682782945348976,8.974289857250689,8.6375,0,0,7001,7186,0,0,0,0,NaN,NaN,17.6961278892988,NaN,NaN,NaN,8.707716099731275,8.650119425,NaN,NaN,NaN,NaN,NaN,NaN,NaN,NaN,NaN,NaN,1,0,0,0,0,NaN,NaN,17.6961278892988,NaN,NaN,NaN,8.707716099731275,8.650119425,NaN,NaN,NaN,NaN,NaN,NaN,NaN,NaN,NaN,NaN,1
2024-02-28,8.684374178981319,8.684374178981319,8.36,8.507499999999999,8.650913318921889,8.967163294544571,8.507499999999999,0,0,7001,7187,0,0,0,0,NaN,NaN,15.569409984053875,NaN,NaN,NaN,8.707716099731275,8.650119425,NaN,NaN,NaN,NaN,NaN,NaN,NaN,NaN,NaN,NaN,1,0,0,0,0,NaN,NaN,15.569409984053875,NaN,NaN,NaN,8.707716099731275,8.650119425,NaN,NaN,NaN,NaN,NaN,NaN,NaN,NaN,NaN,NaN,1
2024-02-29,8.595937089490658,8.72,8.52,8.5975,8.641201806390637,8.961519580124044,8.5975,0,0,7001,7188,0,0,0,0,NaN,NaN,12.530850441642894,NaN,NaN,NaN,8.707716099731275,8.650119425,NaN,NaN,NaN,NaN,NaN,NaN,NaN,NaN,NaN,NaN,1,0,0,0,0,NaN,NaN,12.530850441642894,NaN,NaN,NaN,8.707716099731275,8.650119425,NaN,NaN,NaN,NaN,NaN,NaN,NaN,NaN,NaN,NaN,1
2024-03-01,8.596718544745329,8.72,8.55,8.63,8.639165114319612,8.956458212488563,8.63,0,0,7001,7189,0,0,0,0,NaN,NaN,10.046799660345783,NaN,NaN,NaN,8.707716099731275,8.650119425,NaN,NaN,NaN,NaN,NaN,NaN,NaN,NaN,NaN,NaN,1,0,0,0,0,NaN,NaN,10.046799660345783,NaN,NaN,NaN,8.707716099731275,8.650119425,NaN,NaN,NaN,NaN,NaN,NaN,NaN,NaN,NaN,NaN,1
2024-03-04,8.613359272372666,8.855,8.613359272372666,8.71875,8.653635093534227,8.95282907947347,8.71875,0,0,7001,7190,0,0,0,0,NaN,NaN,7.235061663703009,NaN,NaN,NaN,8.707716099731275,8.650119425,NaN,NaN,NaN,NaN,NaN,NaN,NaN,NaN,NaN,NaN,1,0,0,0,0,NaN,NaN,7.235061663703009,NaN,NaN,NaN,8.707716099731275,8.650119425,NaN,NaN,NaN,NaN,NaN,NaN,NaN,NaN,NaN,NaN,1
2024-03-05,8.666054636186333,8.81,8.65,8.725,8.666610531073458,8.949350772916624,8.725,0,0,7001,7191,0,0,0,0,NaN,NaN,4.8710090941259665,NaN,NaN,NaN,8.707716099731275,8.650119425,NaN,NaN,NaN,NaN,NaN,NaN,NaN,NaN,NaN,NaN,1,0,0,0,0,NaN,NaN,4.8710090941259665,NaN,NaN,NaN,8.707716099731275,8.650119425,NaN,NaN,NaN,NaN,NaN,NaN,NaN,NaN,NaN,NaN,1
2024-03-06,8.695527318093166,8.89,8.695527318093166,8.8175,8.694044979969192,8.947337784017133,8.8175,0,0,7001,7192,0,0,0,0,NaN,NaN,2.700558114807893,NaN,NaN,NaN,8.707716099731275,8.650119425,NaN,NaN,NaN,NaN,NaN,NaN,NaN,NaN,NaN,NaN,1,0,0,0,0,NaN,NaN,2.700558114807893,NaN,NaN,NaN,8.707716099731275,8.650119425,NaN,NaN,NaN,NaN,NaN,NaN,NaN,NaN,NaN,NaN,1
2024-03-07,8.756513659046583,8.8,8.43,8.6025,8.677400438156612,8.942073085024505,8.6025,0,0,7001,7193,0,0,0,0,NaN,NaN,1.7868014257918154,NaN,NaN,NaN,8.707716099731275,8.650119425,NaN,NaN,NaN,NaN,NaN,NaN,NaN,NaN,NaN,NaN,1,0,0,0,0,NaN,NaN,1.7868014257918154,NaN,NaN,NaN,8.707716099731275,8.650119425,NaN,NaN,NaN,NaN,NaN,NaN,NaN,NaN,NaN,NaN,1
2024-03-08,8.679506829523291,8.8,8.679506829523291,8.73,8.68696399485541,8.93883532800123,8.73,0,0,7001,7194,0,0,0,0,NaN,NaN,0.6227544083776022,NaN,NaN,NaN,8.707716099731275,8.650119425,NaN,NaN,NaN,NaN,NaN,NaN,NaN,NaN,NaN,NaN,1,0,0,0,0,NaN,NaN,0.6227544083776022,NaN,NaN,NaN,8.707716099731275,8.650119425,NaN,NaN,NaN,NaN,NaN,NaN,NaN,NaN,NaN,NaN,1
2024-03-11,8.704753414761646,8.883,8.7,8.748249999999999,8.698106904881698,8.93592562833709,8.748249999999999,0,0,7001,7195,0,0,0,0,NaN,NaN,0.005136643937479599,NaN,NaN,NaN,8.707716099731275,8.650119425,NaN,NaN,NaN,NaN,NaN,NaN,NaN,NaN,NaN,NaN,1,0,0,0,0,NaN,NaN,0.005136643937479599,NaN,NaN,NaN,8.707716099731275,8.650119425,NaN,NaN,NaN,NaN,NaN,NaN,NaN,NaN,NaN,NaN,1
2024-03-12,8.726501707380823,8.88,8.7,8.785,8.713905649448662,8.933621420270875,8.785,0,0,7001,7196,0,0,0,0,NaN,NaN,0.44567430934909813,NaN,NaN,NaN,8.707716099731275,8.650119425,NaN,NaN,NaN,NaN,NaN,NaN,NaN,NaN,NaN,NaN,1,0,0,0,0,NaN,NaN,0.44567430934909813,NaN,NaN,NaN,8.707716099731275,8.650119425,NaN,NaN,NaN,NaN,NaN,NaN,NaN,NaN,NaN,NaN,1
2024-03-13,8.755750853690412,8.87,8.755750853690412,8.812499999999998,8.73183189500345,8.931772238282006,8.812499999999998,0,0,7001,7197,0,0,0,0,NaN,NaN,1.8765917774625323,NaN,NaN,NaN,8.707716099731275,8.650119425,NaN,NaN,NaN,NaN,NaN,NaN,NaN,NaN,NaN,NaN,1,0,0,0,0,NaN,NaN,1.8765917774625323,NaN,NaN,NaN,8.707716099731275,8.650119425,NaN,NaN,NaN,NaN,NaN,NaN,NaN,NaN,NaN,NaN,1
2024-03-14,8.784125426845204,8.784125426845204,8.5,8.684999999999999,8.723317005002823,8.928004723193732,8.684999999999999,0,0,7001,7198,0,0,0,0,NaN,NaN,3.749731095849662,NaN,NaN,NaN,8.707716099731275,8.650119425,NaN,NaN,NaN,NaN,NaN,NaN,NaN,NaN,NaN,NaN,1,0,0,0,0,NaN,NaN,3.749731095849662,NaN,NaN,NaN,8.707716099731275,8.650119425,NaN,NaN,NaN,NaN,NaN,NaN,NaN,NaN,NaN,NaN,1
2024-03-15,8.734562713422601,8.83,8.7,8.745000000000001,8.727259367729582,8.925210757954133,8.745000000000001,0,0,7001,7199,0,0,0,0,NaN,NaN,6.697799472318526,NaN,NaN,NaN,8.707716099731275,8.650119425,NaN,NaN,NaN,NaN,NaN,NaN,NaN,NaN,NaN,NaN,1,0,0,0,0,NaN,NaN,6.697799472318526,NaN,NaN,NaN,8.707716099731275,8.650119425,NaN,NaN,NaN,NaN,NaN,NaN,NaN,NaN,NaN,NaN,1
2024-03-18,8.739781356711301,8.83,8.7,8.7675,8.734575846324203,8.922802960122771,8.7675,0,0,7001,7200,0,0,0,0,NaN,NaN,12.619835401476138,NaN,NaN,NaN,8.707716099731275,8.650119425,NaN,NaN,NaN,NaN,NaN,NaN,NaN,NaN,NaN,NaN,1,0,0,0,0,NaN,NaN,12.619835401476138,NaN,NaN,NaN,8.707716099731275,8.650119425,NaN,NaN,NaN,NaN,NaN,NaN,NaN,NaN,NaN,NaN,1
2024-03-19,8.753640678355652,8.9395,8.675,8.797375,8.745993874265258,8.920888029433874,8.797375,0,0,7001,7201,0,0,0,0,NaN,NaN,23.50229191564617,NaN,NaN,NaN,8.707716099731275,8.650119425,NaN,NaN,NaN,NaN,NaN,NaN,NaN,NaN,NaN,NaN,1,0,0,0,0,NaN,NaN,23.50229191564617,NaN,NaN,NaN,8.707716099731275,8.650119425,NaN,NaN,NaN,NaN,NaN,NaN,NaN,NaN,NaN,NaN,1
2024-03-20,8.775507839177827,8.9999,8.775507839177827,8.862475,8.767172260762484,8.919996227457784,8.862475,0,0,7001,7202,0,0,0,0,NaN,NaN,37.15557297001872,NaN,NaN,NaN,8.707716099731275,8.650119425,NaN,NaN,NaN,NaN,NaN,NaN,NaN,NaN,NaN,NaN,1,0,0,0,0,NaN,NaN,37.15557297001872,NaN,NaN,NaN,8.707716099731275,8.650119425,NaN,NaN,NaN,NaN,NaN,NaN,NaN,NaN,NaN,NaN,1
2024-03-21,8.818991419588913,9.01,8.75,8.9175,8.794504576987487,8.919958117114916,8.9175,0,0,7001,7203,0,0,0,0,NaN,NaN,47.10581832482116,NaN,NaN,NaN,8.707716099731275,8.650119425,NaN,NaN,NaN,NaN,NaN,NaN,NaN,NaN,NaN,NaN,1,0,0,0,0,NaN,NaN,47.10581832482116,NaN,NaN,NaN,8.707716099731275,8.650119425,NaN,NaN,NaN,NaN,NaN,NaN,NaN,NaN,NaN,NaN,1
2024-03-22,8.868245709794458,8.9839,8.7,8.84195,8.803131017535216,8.91876715349484,8.84195,0,0,7001,7204,0,0,0,0,NaN,NaN,51.305728895141165,NaN,NaN,NaN,8.707716099731275,8.650119425,NaN,NaN,NaN,NaN,NaN,NaN,NaN,NaN,NaN,NaN,1,0,0,0,0,NaN,NaN,51.305728895141165,NaN,NaN,NaN,8.707716099731275,8.650119425,NaN,NaN,NaN,NaN,NaN,NaN,NaN,NaN,NaN,NaN,1
2024-03-25,8.85509785489723,8.85509785489723,8.66,8.7625,8.79574355980154,8.916381395426217,8.7625,0,0,7001,7205,0,0,0,0,NaN,NaN,54.01760316465264,NaN,NaN,NaN,8.707716099731275,8.650119425,NaN,NaN,NaN,NaN,NaN,NaN,NaN,NaN,NaN,NaN,1,0,0,0,0,NaN,NaN,54.01760316465264,NaN,NaN,NaN,8.707716099731275,8.650119425,NaN,NaN,NaN,NaN,NaN,NaN,NaN,NaN,NaN,NaN,1
2024-03-26,8.808798927448613,8.808798927448613,8.65,8.6875,8.776062912564896,8.912887022976962,8.6875,0,1,7001,7206,0,0,0,0,NaN,NaN,53.32672235110139,NaN,NaN,NaN,8.707716099731275,8.650119425,NaN,NaN,NaN,NaN,NaN,NaN,NaN,NaN,NaN,NaN,1,0,0,0,0,NaN,NaN,53.32672235110139,NaN,NaN,NaN,8.707716099731275,8.650119425,NaN,NaN,NaN,NaN,NaN,NaN,NaN,NaN,NaN,NaN,1
2024-03-27,8.748149463724307,8.748149463724307,8.5,8.60085,8.744206019371278,8.908123098962047,8.60085,0,0,7001,7207,0,0,0,0,NaN,NaN,50.07194770017821,NaN,NaN,NaN,8.707716099731275,8.650119425,NaN,NaN,NaN,NaN,NaN,NaN,NaN,NaN,NaN,NaN,1,0,0,0,0,NaN,NaN,50.07194770017821,NaN,NaN,NaN,8.707716099731275,8.650119425,NaN,NaN,NaN,NaN,NaN,NaN,NaN,NaN,NaN,NaN,1
2024-03-28,8.674499731862152,8.76,8.45,8.625,8.722532197667409,8.903800608901557,8.625,0,0,7001,7208,0,0,0,0,NaN,NaN,46.72638838829859,NaN,NaN,NaN,8.707716099731275,8.650119425,NaN,NaN,NaN,NaN,NaN,NaN,NaN,NaN,NaN,NaN,1,0,0,0,0,NaN,NaN,46.72638838829859,NaN,NaN,NaN,8.707716099731275,8.650119425,NaN,NaN,NaN,NaN,NaN,NaN,NaN,NaN,NaN,NaN,1
2024-04-01,8.649749865931076,8.649749865931076,8.42,8.4775,8.677980889000606,8.897292202658786,8.4775,0,0,7001,7209,0,0,0,0,NaN,NaN,41.13241880546133,NaN,NaN,NaN,8.707716099731275,8.650119425,NaN,NaN,NaN,NaN,NaN,NaN,NaN,NaN,NaN,NaN,1,0,0,0,0,NaN,NaN,41.13241880546133,NaN,NaN,NaN,8.707716099731275,8.650119425,NaN,NaN,NaN,NaN,NaN,NaN,NaN,NaN,NaN,NaN,1
2024-04-02,8.563624932965539,8.563624932965539,8.31,8.4025,8.62789345463686,8.88973812322888,8.4025,0,0,7001,7210,0,0,0,0,NaN,NaN,34.02600456473601,NaN,NaN,NaN,8.707716099731275,8.650119425,NaN,NaN,NaN,NaN,NaN,NaN,NaN,NaN,NaN,NaN,1,0,0,0,0,NaN,NaN,34.02600456473601,NaN,NaN,NaN,8.707716099731275,8.650119425,NaN,NaN,NaN,NaN,NaN,NaN,NaN,NaN,NaN,NaN,1
2024-04-03,8.48306246648277,8.616,8.32,8.4015,8.58673100833925,8.882284106080348,8.4015,0,0,7001,7211,0,0,0,0,NaN,NaN,26.90106546986214,NaN,NaN,NaN,8.707716099731275,8.650119425,NaN,NaN,NaN,NaN,NaN,NaN,NaN,NaN,NaN,NaN,1,0,0,0,0,NaN,NaN,26.90106546986214,NaN,NaN,NaN,8.707716099731275,8.650119425,NaN,NaN,NaN,NaN,NaN,NaN,NaN,NaN,NaN,NaN,1
2024-04-04,8.442281233241385,8.5,8.33,8.445,8.56096173409575,8.875608012857748,8.445,0,0,7001,7212,0,0,0,0,NaN,NaN,20.615393504422954,NaN,NaN,NaN,8.707716099731275,8.650119425,NaN,NaN,NaN,NaN,NaN,NaN,NaN,NaN,NaN,NaN,1,0,0,0,0,NaN,NaN,20.615393504422954,NaN,NaN,NaN,8.707716099731275,8.650119425,NaN,NaN,NaN,NaN,NaN,NaN,NaN,NaN,NaN,NaN,1
2024-04-05,8.443640616620693,8.45,8.35,8.415,8.534423236987433,8.86857582945534,8.415,0,0,7001,7213,0,0,0,0,NaN,NaN,15.89137028841968,NaN,NaN,NaN,8.707716099731275,8.650119425,NaN,NaN,NaN,NaN,NaN,NaN,NaN,NaN,NaN,NaN,1,0,0,0,0,NaN,NaN,15.89137028841968,NaN,NaN,NaN,8.707716099731275,8.650119425,NaN,NaN,NaN,NaN,NaN,NaN,NaN,NaN,NaN,NaN,1
2024-04-08,8.429320308310345,8.429320308310345,8.31,8.360000000000001,8.502709921171537,8.860811312975105,8.360000000000001,0,0,7001,7214,0,0,0,0,NaN,NaN,12.639994354330472,NaN,NaN,NaN,8.707716099731275,8.650119425,NaN,NaN,NaN,NaN,NaN,NaN,NaN,NaN,NaN,NaN,1,0,0,0,0,NaN,NaN,12.639994354330472,NaN,NaN,NaN,8.707716099731275,8.650119425,NaN,NaN,NaN,NaN,NaN,NaN,NaN,NaN,NaN,NaN,1
2024-04-09,8.394660154155172,8.394660154155172,8.27,8.315,8.468580844594893,8.852478315830448,8.315,0,0,7001,7215,0,0,0,0,NaN,NaN,8.617148346886594,NaN,NaN,NaN,8.707716099731275,8.650119425,NaN,NaN,NaN,NaN,NaN,NaN,NaN,NaN,NaN,NaN,1,0,0,0,0,NaN,NaN,8.617148346886594,NaN,NaN,NaN,8.707716099731275,8.650119425,NaN,NaN,NaN,NaN,NaN,NaN,NaN,NaN,NaN,NaN,1
2024-04-10,8.354830077077587,8.354830077077587,8.25,8.2775,8.433838872850368,8.843700020932273,8.2775,0,0,7001,7216,0,0,0,0,NaN,NaN,4.909758789554783,NaN,NaN,NaN,8.707716099731275,8.650119425,NaN,NaN,NaN,NaN,NaN,NaN,NaN,NaN,NaN,NaN,1,0,0,0,0,NaN,NaN,4.909758789554783,NaN,NaN,NaN,8.707716099731275,8.650119425,NaN,NaN,NaN,NaN,NaN,NaN,NaN,NaN,NaN,NaN,1
2024-04-11,8.316165038538793,8.331,8.25,8.27775,8.405459077786665,8.83505956259743,8.27775,0,0,7001,7217,0,0,0,0,NaN,NaN,2.2126517934014123,NaN,NaN,NaN,8.707716099731275,8.650119425,NaN,NaN,NaN,NaN,NaN,NaN,NaN,NaN,NaN,NaN,1,0,0,0,0,NaN,NaN,2.2126517934014123,NaN,NaN,NaN,8.707716099731275,8.650119425,NaN,NaN,NaN,NaN,NaN,NaN,NaN,NaN,NaN,NaN,1
2024-04-12,8.296957519269396,8.427,8.25,8.316749999999999,8.389330154552725,8.82714643950434,8.316749999999999,0,0,7001,7218,0,0,0,0,NaN,NaN,0.6486300771058658,NaN,NaN,NaN,8.707716099731275,8.650119425,NaN,NaN,NaN,NaN,NaN,NaN,NaN,NaN,NaN,NaN,1,0,0,0,0,NaN,NaN,0.6486300771058658,NaN,NaN,NaN,8.707716099731275,8.650119425,NaN,NaN,NaN,NaN,NaN,NaN,NaN,NaN,NaN,NaN,1
2024-04-15,8.306853759634699,8.35,8.25,8.3,8.373088308270411,8.819098402259998,8.3,0,0,7001,7219,0,0,0,0,NaN,8.25,0.01205342248942112,NaN,NaN,NaN,8.707716099731275,8.650119425,NaN,NaN,NaN,NaN,NaN,NaN,NaN,NaN,NaN,NaN,1,0,0,0,0,NaN,8.25,0.01205342248942112,NaN,NaN,NaN,8.707716099731275,8.650119425,NaN,NaN,NaN,NaN,NaN,NaN,NaN,NaN,NaN,NaN,1
2024-04-16,8.30342687981735,8.3692,8.28,8.3198,8.363399524948518,8.811475525889616,8.3198,0,0,7001,7220,0,0,0,0,NaN,NaN,0.3575599649321126,NaN,NaN,NaN,8.707716099731275,8.650119425,NaN,NaN,NaN,NaN,NaN,NaN,NaN,NaN,NaN,NaN,1,0,0,0,0,NaN,NaN,0.3575599649321126,NaN,NaN,NaN,8.707716099731275,8.650119425,NaN,NaN,NaN,NaN,NaN,NaN,NaN,NaN,NaN,NaN,1
2024-04-17,8.311613439908676,8.43,8.25,8.355,8.361872338594242,8.804506433891301,8.355,0,0,7001,7221,0,0,0,0,NaN,NaN,1.7848953944411365,NaN,NaN,NaN,8.707716099731275,8.650119425,NaN,NaN,NaN,NaN,NaN,NaN,NaN,NaN,NaN,NaN,1,0,0,0,0,NaN,NaN,1.7848953944411365,NaN,NaN,NaN,8.707716099731275,8.650119425,NaN,NaN,NaN,NaN,NaN,NaN,NaN,NaN,NaN,NaN,1
2024-04-18,8.333306719954338,8.333306719954338,8.2,8.27755,8.34654100430438,8.796461297496014,8.27755,0,0,7001,7222,0,0,0,0,NaN,NaN,4.434532068318402,NaN,NaN,NaN,8.707716099731275,8.650119425,NaN,NaN,NaN,NaN,NaN,NaN,NaN,NaN,NaN,NaN,1,0,0,0,0,NaN,NaN,4.434532068318402,NaN,NaN,NaN,8.707716099731275,8.650119425,NaN,NaN,NaN,NaN,NaN,NaN,NaN,NaN,NaN,NaN,1
2024-04-19,8.305428359977169,8.33,8.25,8.2945,8.337079003521765,8.788797766236533,8.2945,0,0,7001,7223,0,0,0,0,NaN,NaN,8.97399073652538,NaN,NaN,NaN,8.707716099731275,8.650119425,NaN,NaN,NaN,NaN,NaN,NaN,NaN,NaN,NaN,NaN,1,0,0,0,0,NaN,NaN,8.97399073652538,NaN,NaN,NaN,8.707716099731275,8.650119425,NaN,NaN,NaN,NaN,NaN,NaN,NaN,NaN,NaN,NaN,1
2024-04-22,8.299964179988585,8.38,8.2513,8.327825,8.3353964574269,8.78176001408025,8.327825,0,0,7001,7224,0,0,0,0,NaN,NaN,14.925379530380397,NaN,NaN,NaN,8.707716099731275,8.650119425,NaN,NaN,NaN,NaN,NaN,NaN,NaN,NaN,NaN,NaN,1,0,0,0,0,NaN,NaN,14.925379530380397,NaN,NaN,NaN,8.707716099731275,8.650119425,NaN,NaN,NaN,NaN,NaN,NaN,NaN,NaN,NaN,NaN,1
2024-04-23,8.313894589994293,8.48,8.3,8.3925,8.345778919712918,8.775817113101926,8.3925,0,0,7001,7225,0,0,0,0,NaN,NaN,21.362485250323733,NaN,NaN,NaN,8.707716099731275,8.650119425,NaN,NaN,NaN,NaN,NaN,NaN,NaN,NaN,NaN,NaN,1,0,0,0,0,NaN,NaN,21.362485250323733,NaN,NaN,NaN,8.707716099731275,8.650119425,NaN,NaN,NaN,NaN,NaN,NaN,NaN,NaN,NaN,NaN,1
2024-04-24,8.353197294997146,8.55,8.34,8.4525,8.365182752492387,8.770880973970598,8.4525,0,0,7001,7226,0,0,0,0,NaN,NaN,26.656686499859855,NaN,NaN,NaN,8.707716099731275,8.650119425,NaN,NaN,NaN,NaN,NaN,NaN,NaN,NaN,NaN,NaN,1,0,0,0,0,NaN,NaN,26.656686499859855,NaN,NaN,NaN,8.707716099731275,8.650119425,NaN,NaN,NaN,NaN,NaN,NaN,NaN,NaN,NaN,NaN,1
2024-04-25,8.402848647498573,8.44,8.29,8.4025,8.37196770658468,8.765256836963413,8.4025,0,0,7001,7227,0,0,0,0,NaN,NaN,33.67530835584849,NaN,NaN,NaN,8.707716099731275,8.650119425,NaN,NaN,NaN,NaN,NaN,NaN,NaN,NaN,NaN,NaN,1,0,0,0,0,NaN,NaN,33.67530835584849,NaN,NaN,NaN,8.707716099731275,8.650119425,NaN,NaN,NaN,NaN,NaN,NaN,NaN,NaN,NaN,NaN,1
2024-04-26,8.402674323749286,8.4699,8.33,8.387475,8.374787214478374,8.759489175330383,8.387475,0,0,7001,7228,0,0,0,0,NaN,NaN,39.66553509893239,NaN,NaN,NaN,8.707716099731275,8.650119425,NaN,NaN,NaN,NaN,NaN,NaN,NaN,NaN,NaN,NaN,1,0,0,0,0,NaN,NaN,39.66553509893239,NaN,NaN,NaN,8.707716099731275,8.650119425,NaN,NaN,NaN,NaN,NaN,NaN,NaN,NaN,NaN,NaN,1
2024-04-29,8.395074661874643,8.395074661874643,8.23,8.27445,8.356544084573216,8.752083997081064,8.27445,0,0,7001,7229,0,0,0,0,NaN,NaN,40.571170444017696,NaN,NaN,NaN,8.707716099731275,8.650119425,NaN,NaN,NaN,NaN,NaN,NaN,NaN,NaN,NaN,NaN,1,0,0,0,0,NaN,NaN,40.571170444017696,NaN,NaN,NaN,8.707716099731275,8.650119425,NaN,NaN,NaN,NaN,NaN,NaN,NaN,NaN,NaN,NaN,1
2024-04-30,8.334762330937322,8.42,7.95,8.275,8.341717887378085,8.744800271934787,8.275,0,0,7001,7230,0,0,0,0,NaN,NaN,40.025056758808795,NaN,NaN,NaN,8.707716099731275,8.650119425,NaN,NaN,NaN,NaN,NaN,NaN,NaN,NaN,NaN,NaN,1,0,0,0,0,NaN,NaN,40.025056758808795,NaN,NaN,NaN,8.707716099731275,8.650119425,NaN,NaN,NaN,NaN,NaN,NaN,NaN,NaN,NaN,NaN,1
2024-05-01,8.304881165468661,8.34,8.15,8.21125,8.317996453309343,8.736654466256393,8.21125,0,0,7001,7231,0,0,0,0,NaN,NaN,39.832423270787956,NaN,NaN,NaN,8.707716099731275,8.6153325,NaN,NaN,NaN,NaN,NaN,NaN,NaN,NaN,NaN,NaN,1,0,0,0,0,NaN,NaN,39.832423270787956,NaN,NaN,NaN,8.707716099731275,8.6153325,NaN,NaN,NaN,NaN,NaN,NaN,NaN,NaN,NaN,NaN,1
2024-05-02,8.25806558273433,8.36,8.2,8.27,8.309269825434917,8.729529970588356,8.27,0,0,7001,7232,0,0,0,0,NaN,NaN,40.044466101787975,NaN,NaN,NaN,8.707716099731275,8.6153325,NaN,NaN,NaN,NaN,NaN,NaN,NaN,NaN,NaN,NaN,1,0,0,0,0,NaN,NaN,40.044466101787975,NaN,NaN,NaN,8.707716099731275,8.6153325,NaN,NaN,NaN,NaN,NaN,NaN,NaN,NaN,NaN,NaN,1
2024-05-03,8.264032791367164,8.37,8.24,8.290000000000001,8.305766220810387,8.722819589358,8.290000000000001,0,0,7001,7233,0,0,0,0,NaN,NaN,41.311504620049725,NaN,NaN,NaN,8.707716099731275,8.6153325,NaN,NaN,NaN,NaN,NaN,NaN,NaN,NaN,NaN,NaN,1,0,0,0,0,NaN,NaN,41.311504620049725,NaN,NaN,NaN,8.707716099731275,8.6153325,NaN,NaN,NaN,NaN,NaN,NaN,NaN,NaN,NaN,NaN,1
2024-05-06,8.277016395683582,8.28,8.18,8.219999999999999,8.290172362481226,8.71514295440597,8.219999999999999,0,0,7001,7234,0,0,0,0,NaN,NaN,44.20855322521046,NaN,NaN,NaN,8.707716099731275,8.6153325,NaN,NaN,NaN,NaN,NaN,NaN,NaN,NaN,NaN,NaN,1,0,0,0,0,NaN,NaN,44.20855322521046,NaN,NaN,NaN,8.707716099731275,8.6153325,NaN,NaN,NaN,NaN,NaN,NaN,NaN,NaN,NaN,NaN,1
2024-05-07,8.24850819784179,8.33,8.2,8.254999999999999,8.283777387484639,8.708117871132595,8.254999999999999,0,0,7001,7235,0,0,0,0,NaN,NaN,47.0739994428137,NaN,NaN,NaN,8.707716099731275,8.6153325,NaN,NaN,NaN,NaN,NaN,NaN,NaN,NaN,NaN,NaN,1,0,0,0,0,NaN,NaN,47.0739994428137,NaN,NaN,NaN,8.707716099731275,8.6153325,NaN,NaN,NaN,NaN,NaN,NaN,NaN,NaN,NaN,NaN,1
2024-05-08,8.251754098920895,8.3,8.23,8.26,8.279454226123795,8.70127637691683,8.26,0,0,7001,7236,0,0,0,0,NaN,NaN,49.97805402530293,NaN,NaN,NaN,8.707716099731275,8.6153325,NaN,NaN,NaN,NaN,NaN,NaN,NaN,NaN,NaN,NaN,1,0,0,0,0,NaN,NaN,49.97805402530293,NaN,NaN,NaN,8.707716099731275,8.6153325,NaN,NaN,NaN,NaN,NaN,NaN,NaN,NaN,NaN,NaN,1
2024-05-09,8.255877049460448,8.38,8.23,8.307500000000001,8.284553457737651,8.69526452383413,8.307500000000001,0,0,7001,7237,0,0,0,0,NaN,NaN,51.72409595782715,NaN,NaN,NaN,8.707716099731275,8.6153325,NaN,NaN,NaN,NaN,NaN,NaN,NaN,NaN,NaN,NaN,1,0,0,0,0,NaN,NaN,51.72409595782715,NaN,NaN,NaN,8.707716099731275,8.6153325,NaN,NaN,NaN,NaN,NaN,NaN,NaN,NaN,NaN,NaN,1
2024-05-10,8.281688524730225,8.3603,8.2215,8.28545,8.284716465421715,8.689007813546585,8.28545,0,0,7001,7238,0,0,0,0,NaN,NaN,54.852038033133965,NaN,NaN,NaN,8.707716099731275,8.6153325,NaN,NaN,NaN,NaN,NaN,NaN,NaN,NaN,NaN,NaN,1,0,0,0,0,NaN,NaN,54.852038033133965,NaN,NaN,NaN,8.707716099731275,8.6153325,NaN,NaN,NaN,NaN,NaN,NaN,NaN,NaN,NaN,NaN,1
2024-05-13,8.283569262365113,8.35,8.21,8.2625,8.280677108072313,8.682496243874118,8.2625,0,0,7001,7239,0,0,0,0,NaN,NaN,54.956667798671596,NaN,NaN,NaN,8.707716099731275,8.6153325,NaN,NaN,NaN,NaN,NaN,NaN,NaN,NaN,NaN,NaN,1,0,0,0,0,NaN,NaN,54.956667798671596,NaN,NaN,NaN,8.707716099731275,8.6153325,NaN,NaN,NaN,NaN,NaN,NaN,NaN,NaN,NaN,NaN,1
2024-05-14,8.273034631182556,8.33,8.23,8.255,8.276008542968256,8.6759695836623,8.255,0,0,7001,7240,0,0,0,0,NaN,NaN,55.97229652281636,NaN,NaN,NaN,8.707716099731275,8.6153325,NaN,NaN,NaN,NaN,NaN,NaN,NaN,NaN,NaN,NaN,1,0,0,0,0,NaN,NaN,55.97229652281636,NaN,NaN,NaN,8.707716099731275,8.6153325,NaN,NaN,NaN,NaN,NaN,NaN,NaN,NaN,NaN,NaN,1
2024-05-15,8.264017315591278,8.34,8.25,8.2975,8.279916080610391,8.670191422079668,8.2975,0,0,7001,7241,0,0,0,0,NaN,NaN,57.17988991162907,NaN,NaN,NaN,8.707716099731275,8.6153325,NaN,NaN,NaN,NaN,NaN,NaN,NaN,NaN,NaN,NaN,1,0,0,0,0,NaN,NaN,57.17988991162907,NaN,NaN,NaN,8.707716099731275,8.6153325,NaN,NaN,NaN,NaN,NaN,NaN,NaN,NaN,NaN,NaN,1
2024-05-16,8.280758657795639,8.34,8.23,8.27375,8.278794975044866,8.66413888128456,8.27375,0,0,7001,7242,0,0,0,0,NaN,NaN,60.40503284703814,NaN,NaN,NaN,8.707716099731275,8.6153325,NaN,NaN,NaN,NaN,NaN,NaN,NaN,NaN,NaN,NaN,1,0,0,0,0,NaN,NaN,60.40503284703814,NaN,NaN,NaN,8.707716099731275,8.6153325,NaN,NaN,NaN,NaN,NaN,NaN,NaN,NaN,NaN,NaN,1
2024-05-17,8.277254328897818,8.34,8.23,8.285,8.279923161400344,8.658350501417619,8.285,0,0,7001,7243,0,0,0,0,NaN,NaN,61.87920836479699,NaN,NaN,NaN,8.707716099731275,8.6153325,NaN,NaN,NaN,NaN,NaN,NaN,NaN,NaN,NaN,NaN,1,0,0,0,0,NaN,NaN,61.87920836479699,NaN,NaN,NaN,8.707716099731275,8.6153325,NaN,NaN,NaN,NaN,NaN,NaN,NaN,NaN,NaN,NaN,1
2024-05-20,8.28112716444891,8.34,8.2501,8.307500000000001,8.284937132054827,8.65299400521277,8.307500000000001,0,0,7001,7244,0,0,0,0,NaN,NaN,62.96204863279109,NaN,NaN,NaN,8.707716099731275,8.6153325,NaN,NaN,NaN,NaN,NaN,NaN,NaN,NaN,NaN,NaN,1,0,0,0,0,NaN,NaN,62.96204863279109,NaN,NaN,NaN,8.707716099731275,8.6153325,NaN,NaN,NaN,NaN,NaN,NaN,NaN,NaN,NaN,NaN,1
2024-05-21,8.294313582224454,8.3383,8.21,8.273800000000001,8.28291219895395,8.64720478375914,8.273800000000001,0,0,7001,7245,0,0,0,0,NaN,NaN,64.70642342473792,NaN,NaN,NaN,8.707716099731275,8.6153325,NaN,NaN,NaN,NaN,NaN,NaN,NaN,NaN,NaN,NaN,1,0,0,0,0,NaN,NaN,64.70642342473792,NaN,NaN,NaN,8.707716099731275,8.6153325,NaN,NaN,NaN,NaN,NaN,NaN,NaN,NaN,NaN,NaN,1
2024-05-22,8.284056791112228,8.46,8.1701,8.307524999999998,8.287387253689595,8.642018832862053,8.307524999999998,0,0,7001,7246,0,0,0,0,NaN,NaN,65.48242562973905,NaN,NaN,NaN,8.707716099731275,8.6153325,NaN,NaN,NaN,NaN,NaN,NaN,NaN,NaN,NaN,NaN,1,0,0,0,0,NaN,NaN,65.48242562973905,NaN,NaN,NaN,8.707716099731275,8.6153325,NaN,NaN,NaN,NaN,NaN,NaN,NaN,NaN,NaN,NaN,1
2024-05-23,8.295790895556113,8.365,8.27,8.311250000000001,8.291725934836942,8.63696892701683,8.311250000000001,0,0,7001,7247,0,0,0,0,NaN,NaN,66.14553321218759,NaN,NaN,NaN,8.707716099731275,8.6153325,NaN,NaN,NaN,NaN,NaN,NaN,NaN,NaN,NaN,NaN,1,0,0,0,0,NaN,NaN,66.14553321218759,NaN,NaN,NaN,8.707716099731275,8.6153325,NaN,NaN,NaN,NaN,NaN,NaN,NaN,NaN,NaN,NaN,1
2024-05-24,8.303520447778057,8.303520447778057,8.25,8.265,8.286866673957498,8.631290012100543,8.265,0,0,7001,7248,0,0,0,0,NaN,NaN,67.6790332684498,NaN,NaN,NaN,8.707716099731275,8.6153325,NaN,NaN,NaN,NaN,NaN,NaN,NaN,NaN,NaN,NaN,1,0,0,0,0,NaN,NaN,67.6790332684498,NaN,NaN,NaN,8.707716099731275,8.6153325,NaN,NaN,NaN,NaN,NaN,NaN,NaN,NaN,NaN,NaN,1
2024-05-28,8.284260223889028,8.35,8.25,8.306249999999999,8.290390915056134,8.62632756916771,8.306249999999999,0,0,7001,7249,0,0,0,0,NaN,NaN,67.14718442757524,NaN,NaN,NaN,8.707716099731275,8.6153325,NaN,NaN,NaN,NaN,NaN,NaN,NaN,NaN,NaN,NaN,1,0,0,0,0,NaN,NaN,67.14718442757524,NaN,NaN,NaN,8.707716099731275,8.6153325,NaN,NaN,NaN,NaN,NaN,NaN,NaN,NaN,NaN,NaN,1
2024-05-29,8.295255111944513,8.38,8.25,8.3225,8.296228930500474,8.621688980325455,8.3225,0,0,7001,7250,0,0,0,0,NaN,NaN,67.3707515267152,NaN,NaN,NaN,8.707716099731275,8.6153325,NaN,NaN,NaN,NaN,NaN,NaN,NaN,NaN,NaN,NaN,1,0,0,0,0,NaN,NaN,67.3707515267152,NaN,NaN,NaN,8.707716099731275,8.6153325,NaN,NaN,NaN,NaN,NaN,NaN,NaN,NaN,NaN,NaN,1
2024-05-30,8.308877555972256,8.51,8.308877555972256,8.4325,8.321005488591297,8.618800598946441,8.4325,0,0,7001,7251,0,0,0,0,NaN,NaN,66.39903197464156,NaN,NaN,NaN,8.707716099731275,8.6153325,NaN,NaN,NaN,NaN,NaN,NaN,NaN,NaN,NaN,NaN,1,0,0,0,0,NaN,NaN,66.39903197464156,NaN,NaN,NaN,8.707716099731275,8.6153325,NaN,NaN,NaN,NaN,NaN,NaN,NaN,NaN,NaN,NaN,1
2024-05-31,8.370688777986128,8.49,8.35,8.420000000000002,8.339004490665607,8.615765475298405,8.420000000000002,0,0,7001,7252,0,0,0,0,NaN,NaN,64.99870818403394,NaN,NaN,NaN,8.707716099731275,8.6153325,NaN,NaN,NaN,NaN,NaN,NaN,NaN,NaN,NaN,NaN,1,0,0,0,0,NaN,NaN,64.99870818403394,NaN,NaN,NaN,8.707716099731275,8.6153325,NaN,NaN,NaN,NaN,NaN,NaN,NaN,NaN,NaN,NaN,1
2024-06-03,8.395344388993065,8.8,8.32,8.4475,8.358730946908224,8.61319653674423,8.4475,0,0,7001,7253,0,0,0,0,NaN,NaN,63.41542186361557,NaN,NaN,NaN,8.707716099731275,8.6153325,NaN,NaN,NaN,NaN,NaN,NaN,NaN,NaN,NaN,NaN,1,0,0,0,0,NaN,NaN,63.41542186361557,NaN,NaN,NaN,8.707716099731275,8.6153325,NaN,NaN,NaN,NaN,NaN,NaN,NaN,NaN,NaN,NaN,1
2024-06-04,8.421422194496532,8.425,8.13,8.30125,8.348279865652183,8.608433994198517,8.30125,0,0,7001,7254,0,0,0,0,NaN,NaN,62.44129485252269,NaN,NaN,NaN,8.707716099731275,8.6153325,NaN,NaN,NaN,NaN,NaN,NaN,NaN,NaN,NaN,NaN,1,0,0,0,0,NaN,NaN,62.44129485252269,NaN,NaN,NaN,8.707716099731275,8.6153325,NaN,NaN,NaN,NaN,NaN,NaN,NaN,NaN,NaN,NaN,1
2024-06-05,8.361336097248266,8.6499,8.3535,8.47585,8.371474435533603,8.606409811080983,8.47585,0,0,7001,7255,0,0,0,0,NaN,NaN,58.32229819810274,NaN,NaN,NaN,8.707716099731275,8.6153325,NaN,NaN,NaN,NaN,NaN,NaN,NaN,NaN,NaN,NaN,1,0,0,0,0,NaN,NaN,58.32229819810274,NaN,NaN,NaN,8.707716099731275,8.6153325,NaN,NaN,NaN,NaN,NaN,NaN,NaN,NaN,NaN,NaN,1
2024-06-06,8.418593048624132,8.67,8.3692,8.466050000000001,8.388669992709312,8.604266913201885,8.466050000000001,0,0,7001,7256,0,0,0,0,NaN,NaN,55.24990833821892,NaN,NaN,NaN,8.707716099731275,8.6153325,NaN,NaN,NaN,NaN,NaN,NaN,NaN,NaN,NaN,NaN,1,0,0,0,0,NaN,NaN,55.24990833821892,NaN,NaN,NaN,8.707716099731275,8.6153325,NaN,NaN,NaN,NaN,NaN,NaN,NaN,NaN,NaN,NaN,1
2024-06-07,8.442321524312067,9.49,8.442321524312067,8.942499999999999,8.489366357671255,8.609430777122467,8.942499999999999,0,0,7001,7257,0,0,0,0,NaN,NaN,40.480610946147635,NaN,NaN,NaN,8.707716099731275,8.6153325,NaN,NaN,NaN,NaN,NaN,NaN,NaN,NaN,NaN,NaN,1,0,0,0,0,NaN,NaN,40.480610946147635,NaN,NaN,NaN,8.707716099731275,8.6153325,NaN,NaN,NaN,NaN,NaN,NaN,NaN,NaN,NaN,NaN,1
2024-06-10,8.692410762156033,9,8.5999,8.834975,8.552204292640118,8.612874200372506,8.834975,0,0,7001,7258,0,0,0,0,NaN,NaN,31.755620661857936,NaN,NaN,NaN,8.707716099731275,8.6153325,NaN,NaN,NaN,NaN,NaN,NaN,NaN,NaN,NaN,NaN,1,0,0,0,0,NaN,NaN,31.755620661857936,NaN,NaN,NaN,8.707716099731275,8.6153325,NaN,NaN,NaN,NaN,NaN,NaN,NaN,NaN,NaN,NaN,1
2024-06-11,8.763692881078017,8.86,8.55,8.690000000000001,8.577258057614642,8.61405169349659,8.690000000000001,0,0,7001,7259,0,0,0,0,NaN,NaN,28.05411523807911,NaN,NaN,NaN,8.707716099731275,8.6153325,NaN,NaN,NaN,NaN,NaN,NaN,NaN,NaN,NaN,NaN,1,0,0,0,0,NaN,NaN,28.05411523807911,NaN,NaN,NaN,8.707716099731275,8.6153325,NaN,NaN,NaN,NaN,NaN,NaN,NaN,NaN,NaN,NaN,1
2024-06-12,8.72684644053901,9.07,8.65,8.817499999999999,8.620938410775617,8.61715777451191,8.817499999999999,1,0,7260,7259,0,0,0,0,NaN,NaN,21.943813826272283,NaN,NaN,NaN,8.707716099731275,8.6153325,NaN,NaN,NaN,NaN,NaN,NaN,NaN,NaN,NaN,NaN,1,0,0,0,0,NaN,NaN,21.943813826272283,NaN,NaN,NaN,8.707716099731275,8.6153325,NaN,NaN,NaN,NaN,NaN,NaN,NaN,NaN,NaN,NaN,1
2024-06-13,8.772173220269504,8.772173220269504,8.63,8.675,8.630767790634597,8.61804086192394,8.675,0,0,7260,7259,0,0,0,0,NaN,NaN,18.25119309806481,NaN,NaN,NaN,8.707716099731275,8.6153325,NaN,NaN,NaN,NaN,NaN,NaN,NaN,NaN,NaN,NaN,1,0,0,0,0,NaN,NaN,18.25119309806481,NaN,NaN,NaN,8.707716099731275,8.6153325,NaN,NaN,NaN,NaN,NaN,NaN,NaN,NaN,NaN,NaN,1
2024-06-14,8.723586610134753,8.77,8.55,8.665000000000001,8.636991828701033,8.618757795329682,8.665000000000001,0,0,7260,7259,0,0,0,0,NaN,NaN,14.414490891088914,NaN,NaN,NaN,8.707716099731275,8.6153325,NaN,NaN,NaN,NaN,NaN,NaN,NaN,NaN,NaN,NaN,1,0,0,0,0,NaN,NaN,14.414490891088914,NaN,NaN,NaN,8.707716099731275,8.6153325,NaN,NaN,NaN,NaN,NaN,NaN,NaN,NaN,NaN,NaN,1
2024-06-17,8.694293305067376,8.9665,8.5101,8.746649999999999,8.656929678028117,8.62071034807274,8.746649999999999,0,0,7260,7259,0,0,0,0,NaN,NaN,10.251367549550178,NaN,NaN,NaN,8.707716099731275,8.6153325,NaN,NaN,NaN,NaN,NaN,NaN,NaN,NaN,NaN,NaN,1,0,0,0,0,NaN,NaN,10.251367549550178,NaN,NaN,NaN,8.707716099731275,8.6153325,NaN,NaN,NaN,NaN,NaN,NaN,NaN,NaN,NaN,NaN,1
2024-06-18,8.720471652533687,9.05,8.67,8.86,8.693851554750278,8.6243636252014,8.86,1,0,7260,7259,0,0,0,0,NaN,NaN,5.633752977866083,NaN,NaN,NaN,8.707716099731275,8.6153325,NaN,NaN,NaN,NaN,NaN,NaN,NaN,NaN,NaN,NaN,1,0,0,0,0,NaN,NaN,5.633752977866083,NaN,NaN,NaN,8.707716099731275,8.6153325,NaN,NaN,NaN,NaN,NaN,NaN,NaN,NaN,NaN,NaN,1
2024-06-20,8.790235826266844,9.24,8.790235826266844,9.0975,8.767242181159318,8.631587081305197,9.0975,0,0,7260,7259,1,0,0,0,NaN,NaN,2.1468851493669616,NaN,NaN,NaN,8.707716099731275,8.66766875,NaN,NaN,NaN,NaN,NaN,NaN,NaN,NaN,NaN,NaN,1,1,0,0,0,NaN,NaN,2.1468851493669616,NaN,NaN,NaN,8.707716099731275,8.66766875,NaN,NaN,NaN,NaN,NaN,NaN,NaN,NaN,NaN,NaN,1
2024-06-21,8.943867913133422,9.03,8.9313,8.985325,8.806893602766715,8.636987660216567,8.985325,0,0,7260,7259,0,0,0,0,NaN,NaN,0.42951836356213524,NaN,NaN,NaN,8.707716099731275,8.66766875,NaN,NaN,NaN,NaN,NaN,NaN,NaN,NaN,NaN,NaN,1,0,0,0,0,NaN,NaN,0.42951836356213524,NaN,NaN,NaN,8.707716099731275,8.66766875,NaN,NaN,NaN,NaN,NaN,NaN,NaN,NaN,NaN,NaN,1
2024-06-24,8.96459645656671,9.15,8.81,9.005,8.842912947718222,8.642606169220894,9.005,0,0,7260,7259,0,0,0,0,NaN,NaN,0.021406961942904795,NaN,NaN,NaN,8.707716099731275,8.66766875,NaN,NaN,NaN,NaN,NaN,NaN,NaN,NaN,NaN,NaN,1,0,0,0,0,NaN,NaN,0.021406961942904795,NaN,NaN,NaN,8.707716099731275,8.66766875,NaN,NaN,NaN,NaN,NaN,NaN,NaN,NaN,NaN,NaN,1
2024-06-25,8.984798228283356,9.15,8.917,9.0405,8.878837866314909,8.64868088419462,9.0405,0,0,7260,7259,0,0,0,0,NaN,NaN,0.9450375983371763,NaN,NaN,NaN,8.707716099731275,8.66766875,NaN,NaN,NaN,NaN,NaN,NaN,NaN,NaN,NaN,NaN,1,0,0,0,0,NaN,NaN,0.9450375983371763,NaN,NaN,NaN,8.707716099731275,8.66766875,NaN,NaN,NaN,NaN,NaN,NaN,NaN,NaN,NaN,NaN,1
2024-06-26,9.012649114141677,9.2,8.42,8.989999999999998,8.899049163348561,8.653891863061878,8.989999999999998,0,0,7260,7259,0,0,0,0,NaN,NaN,3.042839686728117,NaN,NaN,NaN,8.707716099731275,8.66766875,NaN,NaN,NaN,NaN,NaN,NaN,NaN,NaN,NaN,NaN,1,0,0,0,0,NaN,NaN,3.042839686728117,NaN,NaN,NaN,8.707716099731275,8.66766875,NaN,NaN,NaN,NaN,NaN,NaN,NaN,NaN,NaN,NaN,1
2024-06-27,9.001324557070838,9.25,8.95,9.0775,8.93149477001246,8.66035916286246,9.0775,0,0,7260,7259,0,0,0,0,NaN,NaN,5.792299785700777,NaN,NaN,NaN,8.707716099731275,8.66766875,NaN,NaN,NaN,NaN,NaN,NaN,NaN,NaN,NaN,NaN,1,0,0,0,0,NaN,NaN,5.792299785700777,NaN,NaN,NaN,8.707716099731275,8.66766875,NaN,NaN,NaN,NaN,NaN,NaN,NaN,NaN,NaN,NaN,1
2024-06-28,9.03941227853542,9.21,9.03941227853542,9.152750000000001,8.971722993646559,8.667876580223338,9.152750000000001,1,0,7260,7259,0,0,0,0,NaN,NaN,9.759501038337874,NaN,NaN,NaN,8.707716099731275,8.7090174375,NaN,NaN,NaN,NaN,NaN,NaN,NaN,NaN,NaN,NaN,1,0,0,0,0,NaN,NaN,9.759501038337874,NaN,NaN,NaN,8.707716099731275,8.7090174375,NaN,NaN,NaN,NaN,NaN,NaN,NaN,NaN,NaN,NaN,1
2024-07-01,9.09608113926771,9.15,8.925,9.076250000000002,8.990727903892639,8.674111288922218,9.076250000000002,0,0,7260,7259,0,0,0,0,NaN,NaN,14.27154178185991,NaN,NaN,NaN,8.707716099731275,8.7090174375,NaN,NaN,NaN,NaN,NaN,NaN,NaN,NaN,NaN,NaN,1,0,0,0,0,NaN,NaN,14.27154178185991,NaN,NaN,NaN,8.707716099731275,8.7090174375,NaN,NaN,NaN,NaN,NaN,NaN,NaN,NaN,NaN,NaN,1
2024-07-02,9.086165569633856,9.3,9.04,9.1975,9.028322830457613,8.682101956266916,9.1975,1,0,7260,7259,0,0,0,0,NaN,NaN,20.003376690707444,NaN,NaN,NaN,8.707716099731275,8.759358891249999,NaN,NaN,NaN,NaN,NaN,NaN,NaN,NaN,NaN,NaN,1,0,0,0,0,NaN,NaN,20.003376690707444,NaN,NaN,NaN,8.707716099731275,8.759358891249999,NaN,NaN,NaN,NaN,NaN,NaN,NaN,NaN,NaN,NaN,1
2024-07-03,9.141832784816927,9.19,8.98,9.0575,9.03362777037441,8.687833224110168,9.0575,0,0,7260,7259,0,0,0,0,NaN,NaN,26.51440465949479,NaN,NaN,NaN,8.707716099731275,8.759358891249999,NaN,NaN,NaN,NaN,NaN,NaN,NaN,NaN,NaN,NaN,1,0,0,0,0,NaN,NaN,26.51440465949479,NaN,NaN,NaN,8.707716099731275,8.759358891249999,NaN,NaN,NaN,NaN,NaN,NaN,NaN,NaN,NaN,NaN,1
2024-07-05,9.099666392408462,9.1747,9,9.081175,9.042272721215427,8.693838442062685,9.081175,0,0,7260,7259,0,0,0,0,NaN,NaN,34.52543661752991,NaN,NaN,NaN,8.707716099731275,8.759358891249999,NaN,NaN,NaN,NaN,NaN,NaN,NaN,NaN,NaN,NaN,1,0,0,0,0,NaN,NaN,34.52543661752991,NaN,NaN,NaN,8.707716099731275,8.759358891249999,NaN,NaN,NaN,NaN,NaN,NaN,NaN,NaN,NaN,NaN,1
2024-07-08,9.09042069620423,9.23,8.96,9.08,9.049132226448986,8.69973403836707,9.08,0,0,7260,7259,0,0,0,0,NaN,NaN,42.13730780286293,NaN,NaN,NaN,8.707716099731275,8.759358891249999,NaN,NaN,NaN,NaN,NaN,NaN,NaN,NaN,NaN,NaN,1,0,0,0,0,NaN,NaN,42.13730780286293,NaN,NaN,NaN,8.707716099731275,8.759358891249999,NaN,NaN,NaN,NaN,NaN,NaN,NaN,NaN,NaN,NaN,1
2024-07-09,9.085210348102116,9.4299,9.085210348102116,9.277474999999999,9.090649094367352,8.708554511063756,9.277474999999999,1,0,7260,7259,0,0,0,0,NaN,NaN,49.225707164405854,NaN,NaN,NaN,8.707716099731275,8.8423779660375,NaN,NaN,NaN,NaN,NaN,NaN,NaN,NaN,NaN,NaN,1,0,0,0,0,NaN,NaN,49.225707164405854,NaN,NaN,NaN,8.707716099731275,8.8423779660375,NaN,NaN,NaN,NaN,NaN,NaN,NaN,NaN,NaN,NaN,1
2024-07-10,9.181342674051058,9.425,9.181342674051058,9.30375,9.129394713573289,8.717641465093317,9.30375,0,0,7260,7259,0,0,0,0,NaN,NaN,55.26133485675232,NaN,NaN,NaN,8.707716099731275,8.909303610113,NaN,NaN,NaN,NaN,NaN,NaN,NaN,NaN,NaN,NaN,1,0,0,0,0,NaN,NaN,55.26133485675232,NaN,NaN,NaN,8.707716099731275,8.909303610113,NaN,NaN,NaN,NaN,NaN,NaN,NaN,NaN,NaN,NaN,1
2024-07-11,9.24254633702553,9.24254633702553,9.21,9.215,9.144959311105419,8.725234725168228,9.215,0,0,7260,7259,0,0,0,0,NaN,NaN,60.07267791776398,NaN,NaN,NaN,8.707716099731275,8.909303610113,NaN,NaN,NaN,NaN,NaN,NaN,NaN,NaN,NaN,NaN,1,0,0,0,0,NaN,NaN,60.07267791776398,NaN,NaN,NaN,8.707716099731275,8.909303610113,NaN,NaN,NaN,NaN,NaN,NaN,NaN,NaN,NaN,NaN,1
2024-07-12,9.228773168512765,9.24,9.0901,9.175025,9.150425799995343,8.732101752264896,9.175025,0,0,7260,7259,0,0,0,0,NaN,NaN,65.03975148604174,NaN,NaN,NaN,8.707716099731275,8.909303610113,NaN,NaN,NaN,NaN,NaN,NaN,NaN,NaN,NaN,NaN,1,0,0,0,0,NaN,NaN,65.03975148604174,NaN,NaN,NaN,8.707716099731275,8.909303610113,NaN,NaN,NaN,NaN,NaN,NaN,NaN,NaN,NaN,NaN,1
2024-07-15,9.201899084256382,9.36,9.201899084256382,9.295,9.176712018178009,8.740695618642532,9.295,0,0,7260,7259,0,0,0,0,NaN,NaN,68.3199151339885,NaN,NaN,NaN,8.707716099731275,8.909303610113,NaN,NaN,NaN,NaN,NaN,NaN,NaN,NaN,NaN,NaN,1,0,0,0,0,NaN,NaN,68.3199151339885,NaN,NaN,NaN,8.707716099731275,8.909303610113,NaN,NaN,NaN,NaN,NaN,NaN,NaN,NaN,NaN,NaN,1
2024-07-16,9.248449542128192,9.36,9.248449542128192,9.282499999999999,9.195946196691098,8.748967441258676,9.282499999999999,0,0,7260,7259,0,0,0,0,NaN,NaN,70.78677239376597,NaN,NaN,NaN,8.707716099731275,8.909303610113,NaN,NaN,NaN,NaN,NaN,NaN,NaN,NaN,NaN,NaN,1,0,0,0,0,NaN,NaN,70.78677239376597,NaN,NaN,NaN,8.707716099731275,8.909303610113,NaN,NaN,NaN,NaN,NaN,NaN,NaN,NaN,NaN,NaN,1
2024-07-17,9.265474771064095,9.45,9.16,9.3025,9.215319615474534,8.757418320018086,9.302500000000002,0,0,7260,7259,0,0,0,0,NaN,NaN,73.15251865545248,NaN,NaN,NaN,8.707716099731275,8.909303610113,NaN,NaN,NaN,NaN,NaN,NaN,NaN,NaN,NaN,NaN,1,0,0,0,0,NaN,NaN,73.15251865545248,NaN,NaN,NaN,8.707716099731275,8.909303610113,NaN,NaN,NaN,NaN,NaN,NaN,NaN,NaN,NaN,NaN,1
2024-07-18,9.283987385532047,9.5,9.283987385532047,9.45275,9.258488776297346,8.768034070857505,9.45275,1,0,7260,7259,0,0,0,0,NaN,NaN,75.72542947198633,NaN,NaN,NaN,8.707716099731275,9.054145568596049,NaN,NaN,NaN,NaN,NaN,NaN,NaN,NaN,NaN,NaN,1,0,0,0,0,NaN,NaN,75.72542947198633,NaN,NaN,NaN,8.707716099731275,9.054145568596049,NaN,NaN,NaN,NaN,NaN,NaN,NaN,NaN,NaN,NaN,1
2024-07-19,9.368368692766023,9.53,9.368368692766023,9.496575,9.30177718060692,8.77915683313449,9.496575,0,0,7260,7259,0,0,0,0,NaN,NaN,77.92927445621847,NaN,NaN,NaN,8.707716099731275,9.15175111624876,NaN,NaN,NaN,NaN,NaN,NaN,NaN,NaN,NaN,NaN,1,0,0,0,0,NaN,NaN,77.92927445621847,NaN,NaN,NaN,8.707716099731275,9.15175111624876,NaN,NaN,NaN,NaN,NaN,NaN,NaN,NaN,NaN,NaN,1
2024-07-22,9.432471846383011,9.7,9.432471846383011,9.5825,9.352817693223843,8.791421614308009,9.5825,0,0,7260,7259,0,0,0,0,NaN,NaN,79.54108093450125,NaN,NaN,NaN,8.707716099731275,9.27614875683652,NaN,NaN,NaN,NaN,NaN,NaN,NaN,NaN,NaN,NaN,1,0,0,0,0,NaN,NaN,79.54108093450125,NaN,NaN,NaN,8.707716099731275,9.27614875683652,NaN,NaN,NaN,NaN,NaN,NaN,NaN,NaN,NaN,NaN,1
2024-07-23,9.507485923191506,10,9.09,9.51125,9.381623567183144,8.802411360654451,9.51125,0,0,7260,7259,0,0,0,0,NaN,NaN,80.95831849730106,NaN,NaN,NaN,8.707716099731275,9.27614875683652,NaN,NaN,NaN,NaN,NaN,NaN,NaN,NaN,NaN,NaN,1,0,0,0,0,NaN,NaN,80.95831849730106,NaN,NaN,NaN,8.707716099731275,9.27614875683652,NaN,NaN,NaN,NaN,NaN,NaN,NaN,NaN,NaN,NaN,1
2024-07-24,9.509367961595753,10.025,9.509367961595753,9.95125,9.485192009513481,8.819950881865834,9.95125,1,0,7260,7259,0,0,0,0,NaN,NaN,80.90317460219532,NaN,NaN,NaN,8.707716099731275,9.578298055195756,NaN,NaN,NaN,NaN,NaN,NaN,NaN,NaN,NaN,NaN,1,0,0,0,0,NaN,NaN,80.90317460219532,NaN,NaN,NaN,8.707716099731275,9.578298055195756,NaN,NaN,NaN,NaN,NaN,NaN,NaN,NaN,NaN,NaN,1
2024-07-25,9.730308980797876,10.0899,9.63,9.844975000000002,9.550607098692849,8.835600105043454,9.844975000000002,0,0,7260,7259,0,0,0,0,NaN,NaN,81.61958322520671,NaN,NaN,NaN,8.707716099731275,9.578298055195756,NaN,NaN,NaN,NaN,NaN,NaN,NaN,NaN,NaN,NaN,1,0,0,0,0,NaN,NaN,81.61958322520671,NaN,NaN,NaN,8.707716099731275,9.578298055195756,NaN,NaN,NaN,NaN,NaN,NaN,NaN,NaN,NaN,NaN,1
2024-07-26,9.787641990398939,9.845,9.5501,9.722525000000001,9.581864898930514,8.849140943134394,9.722525000000001,0,0,7260,7259,0,0,0,0,NaN,NaN,82.8669127051078,NaN,NaN,NaN,9.042818298502684,9.578298055195756,NaN,NaN,NaN,NaN,NaN,NaN,NaN,NaN,NaN,NaN,1,0,0,0,0,NaN,NaN,82.8669127051078,NaN,NaN,NaN,9.042818298502684,9.578298055195756,NaN,NaN,NaN,NaN,NaN,NaN,NaN,NaN,NaN,NaN,1
2024-07-29,9.75508349519947,9.75508349519947,9.55,9.610000000000001,9.586980371852238,8.860757111941503,9.610000000000001,0,0,7260,7259,0,0,0,0,NaN,NaN,84.03781406472008,NaN,NaN,NaN,9.05387880762819,9.578298055195756,NaN,NaN,NaN,NaN,NaN,NaN,NaN,NaN,NaN,NaN,1,0,0,0,0,NaN,NaN,84.03781406472008,NaN,NaN,NaN,9.05387880762819,9.578298055195756,NaN,NaN,NaN,NaN,NaN,NaN,NaN,NaN,NaN,NaN,1
2024-07-30,9.682541747599736,9.85,9.36,9.5625,9.582529395151832,8.87147074382026,9.5625,0,0,7260,7259,0,0,0,0,NaN,NaN,85.19255616513458,NaN,NaN,NaN,9.05387880762819,9.578298055195756,NaN,NaN,NaN,NaN,NaN,NaN,NaN,NaN,NaN,NaN,1,0,0,0,0,NaN,NaN,85.19255616513458,NaN,NaN,NaN,9.05387880762819,9.578298055195756,NaN,NaN,NaN,NaN,NaN,NaN,NaN,NaN,NaN,NaN,1
2024-07-31,9.622520873799868,9.73,9.2301,9.402525,9.549801323306045,8.879578442387889,9.402525,0,0,7260,7259,0,0,0,0,NaN,NaN,86.11871170534694,NaN,NaN,NaN,9.05387880762819,9.578298055195756,NaN,NaN,NaN,NaN,NaN,NaN,NaN,NaN,NaN,NaN,1,0,0,0,0,NaN,NaN,86.11871170534694,NaN,NaN,NaN,9.05387880762819,9.578298055195756,NaN,NaN,NaN,NaN,NaN,NaN,NaN,NaN,NaN,NaN,1
2024-08-01,9.512522936899934,9.6164,9.31,9.4616,9.533764719068582,8.888464267694944,9.4616,0,0,7260,7259,0,0,0,0,NaN,NaN,86.72739177444949,NaN,NaN,NaN,9.05387880762819,9.578298055195756,NaN,NaN,NaN,NaN,NaN,NaN,NaN,NaN,NaN,NaN,1,0,0,0,0,NaN,NaN,86.72739177444949,NaN,NaN,NaN,9.05387880762819,9.578298055195756,NaN,NaN,NaN,NaN,NaN,NaN,NaN,NaN,NaN,NaN,1
2024-08-02,9.487061468449967,9.52,9.16,9.36375,9.502852951965204,8.895720538417159,9.36375,0,0,7260,7259,0,0,0,0,NaN,NaN,87.01510984463346,NaN,NaN,NaN,9.05387880762819,9.578298055195756,NaN,NaN,NaN,NaN,NaN,NaN,NaN,NaN,NaN,NaN,1,0,0,0,0,NaN,NaN,87.01510984463346,NaN,NaN,NaN,9.05387880762819,9.578298055195756,NaN,NaN,NaN,NaN,NaN,NaN,NaN,NaN,NaN,NaN,1
2024-08-05,9.425405734224984,9.425405734224984,9.01,9.16,9.440516051607894,8.899755339357355,9.16,0,0,7260,7259,0,0,0,0,NaN,NaN,86.41444950995461,NaN,NaN,NaN,9.05387880762819,9.44880625,NaN,NaN,NaN,NaN,NaN,NaN,NaN,NaN,NaN,NaN,1,0,0,0,0,NaN,NaN,86.41444950995461,NaN,NaN,NaN,9.05387880762819,9.44880625,NaN,NaN,NaN,NaN,NaN,NaN,NaN,NaN,NaN,NaN,1
2024-08-06,9.292702867112492,9.5407,8.89,9.205175,9.397726769497368,8.904418234939685,9.205175,0,0,7260,7259,0,0,0,0,NaN,NaN,86.24181227491839,NaN,NaN,NaN,9.05387880762819,9.44880625,NaN,NaN,NaN,NaN,NaN,NaN,NaN,NaN,NaN,NaN,1,0,0,0,0,NaN,NaN,86.24181227491839,NaN,NaN,NaN,9.05387880762819,9.44880625,NaN,NaN,NaN,NaN,NaN,NaN,NaN,NaN,NaN,NaN,1
2024-08-07,9.248938933556246,9.6195,9.248938933556246,9.429875,9.403571902316028,8.912440475627628,9.429875,0,0,7260,7259,0,0,0,0,NaN,NaN,87.20113354709241,NaN,NaN,NaN,9.05387880762819,9.44880625,NaN,NaN,NaN,NaN,NaN,NaN,NaN,NaN,NaN,NaN,1,0,0,0,0,NaN,NaN,87.20113354709241,NaN,NaN,NaN,9.05387880762819,9.44880625,NaN,NaN,NaN,NaN,NaN,NaN,NaN,NaN,NaN,NaN,1
2024-08-08,9.339406966778123,9.6,9.18,9.35,9.393831556440386,8.919120773709649,9.35,0,0,7260,7259,0,0,0,0,NaN,NaN,87.50469133880992,NaN,NaN,NaN,9.05387880762819,9.44880625,NaN,NaN,NaN,NaN,NaN,NaN,NaN,NaN,NaN,NaN,1,0,0,0,0,NaN,NaN,87.50469133880992,NaN,NaN,NaN,9.05387880762819,9.44880625,NaN,NaN,NaN,NaN,NaN,NaN,NaN,NaN,NaN,NaN,1
2024-08-09,9.344703483389061,9.55,9.19,9.325,9.38131672799668,8.925317403118662,9.325,0,0,7260,7259,0,0,0,0,NaN,NaN,87.5173291856169,NaN,NaN,NaN,9.05387880762819,9.44880625,NaN,NaN,NaN,NaN,NaN,NaN,NaN,NaN,NaN,NaN,1,0,0,0,0,NaN,NaN,87.5173291856169,NaN,NaN,NaN,9.05387880762819,9.44880625,NaN,NaN,NaN,NaN,NaN,NaN,NaN,NaN,NaN,NaN,1
2024-08-12,9.33485174169453,10.86,9.33485174169453,10.204999999999998,9.531077322906373,8.944854542002346,10.204999999999998,0,0,7260,7259,0,0,0,0,NaN,NaN,87.38074707773286,NaN,NaN,NaN,9.05387880762819,9.698174999999999,NaN,NaN,NaN,NaN,NaN,NaN,NaN,NaN,NaN,NaN,1,0,0,0,0,NaN,NaN,87.38074707773286,NaN,NaN,NaN,9.05387880762819,9.698174999999999,NaN,NaN,NaN,NaN,NaN,NaN,NaN,NaN,NaN,NaN,1